대상,격자 칸,진입 달력일,청산 상대 거래일,신호,제외,표본,평균(%),중앙값(%),오른 비율(%),내린 비율(%),최고(%),최악(%),표준편차(%),오른 평균(%),내린 평균(%),오른 건수,내린 건수,기준선 신호,기준선 제외,기준선 표본,기준선 평균(%),기준선 중앙값(%),기준선 오른 비율(%),기준선 내린 비율(%),기준선 최고(%),기준선 최악(%),기준선 표준편차(%),기준선 오른 평균(%),기준선 내린 평균(%),기준선 오른 건수,기준선 내린 건수,평균 차이(%p),중앙값 차이(%p),오른 비율 차이(%p),내린 비율 차이(%p),평균 우연확률,중앙값 우연확률,오른 비율 우연확률,내린 비율 우연확률,비고,평균-비율 어긋남,판정가능
KODEX 200,15일 → 말일-3,15,-3,287,0,287,0.2,0.57,54.7,44.25,9.96,-23.34,3.57,2.43,2.55,157,127,4746,0,4746,0.39,0.45,57.5,42.01,28.2,-28.88,4.12,2.72,2.8,2729,1994,-0.18,0.12,-2.8,2.24,0.4545,0.4805,0.3506,0.4755,,False,예
KODEX 200,15일 → 말일-2,15,-2,287,0,287,0.26,0.77,58.89,41.11,11.99,-26.26,3.87,2.48,2.93,169,118,5033,0,5033,0.41,0.45,58.0,41.74,28.79,-33.39,4.22,2.75,2.85,2919,2101,-0.15,0.32,0.89,-0.63,0.5445,0.042,0.7532,0.8561,,False,예
KODEX 200,15일 → 말일-1,15,-1,287,0,287,0.3,0.42,56.79,43.21,16.08,-24.93,3.9,2.67,2.81,163,124,5320,0,5320,0.43,0.42,56.5,43.08,30.71,-34.86,4.23,2.89,2.78,3006,2292,-0.13,0.0,0.29,0.12,0.5415,0.9291,1.0,0.953,,False,예
KODEX 200,15일 → 말일,15,0,287,0,287,0.46,0.49,58.89,40.77,15.03,-13.9,3.85,2.78,2.88,169,117,5607,0,5607,0.6,0.47,57.52,41.97,29.46,-19.26,4.13,3.01,2.71,3225,2353,-0.13,0.02,1.37,-1.2,0.5604,0.9241,0.6813,0.7273,,False,예
KODEX 200,15일 → 말일+1,15,1,287,0,287,0.57,0.82,59.93,39.72,20.64,-15.1,4.18,3.02,3.12,172,114,5894,0,5894,0.68,0.61,58.59,41.11,34.67,-26.33,4.32,3.16,2.85,3453,2423,-0.11,0.21,1.35,-1.39,0.6933,0.3287,0.6464,0.6384,,False,예
KODEX 200,15일 → 말일+2,15,2,287,0,287,0.65,0.63,56.79,43.21,22.24,-14.05,4.51,3.45,3.03,163,124,5894,0,5894,0.76,0.59,57.99,41.69,44.87,-25.42,4.7,3.45,2.96,3418,2457,-0.12,0.03,-1.2,1.52,0.6913,0.8911,0.6543,0.6154,,False,예
KODEX 200,15일 → 말일+3,15,3,287,0,287,0.71,0.64,55.05,44.25,24.77,-16.18,4.62,3.68,2.97,158,127,5894,0,5894,0.83,0.58,56.14,43.47,47.87,-22.47,4.89,3.78,2.98,3309,2562,-0.11,0.06,-1.09,0.78,0.6893,0.8042,0.7303,0.8192,,False,예
KODEX 200,16일 → 말일-3,16,-3,287,0,287,0.2,0.35,57.84,41.81,10.0,-14.89,3.22,2.16,2.51,166,120,4746,0,4746,0.39,0.45,57.5,42.01,28.2,-28.88,4.12,2.72,2.8,2729,1994,-0.19,-0.1,0.34,-0.2,0.4436,0.5475,0.9161,0.9471,,False,예
KODEX 200,16일 → 말일-2,16,-2,287,0,287,0.25,0.54,59.23,40.77,11.43,-18.13,3.51,2.34,2.79,170,117,5033,0,5033,0.41,0.45,58.0,41.74,28.79,-33.39,4.22,2.75,2.85,2919,2101,-0.16,0.09,1.24,-0.98,0.5305,0.5504,0.6613,0.7602,,False,예
KODEX 200,16일 → 말일-1,16,-1,287,0,287,0.3,0.37,57.14,42.51,16.08,-19.6,3.6,2.54,2.72,164,122,5320,0,5320,0.43,0.42,56.5,43.08,30.71,-34.86,4.23,2.89,2.78,3006,2292,-0.14,-0.05,0.64,-0.57,0.5365,0.6523,0.9121,0.9041,,False,예
KODEX 200,16일 → 말일,16,0,287,0,287,0.46,0.4,57.14,42.51,15.03,-11.29,3.63,2.76,2.62,164,122,5607,0,5607,0.6,0.47,57.52,41.97,29.46,-19.26,4.13,3.01,2.71,3225,2353,-0.13,-0.08,-0.37,0.54,0.5714,0.6214,0.9121,0.8681,,False,예
KODEX 200,16일 → 말일+1,16,1,287,0,287,0.57,0.74,58.89,41.11,20.64,-12.31,3.92,3.0,2.91,169,118,5894,0,5894,0.68,0.61,58.59,41.11,34.67,-26.33,4.32,3.16,2.85,3453,2423,-0.11,0.13,0.3,0.01,0.6893,0.5504,0.8891,1.0,,False,예
KODEX 200,16일 → 말일+2,16,2,287,0,287,0.65,0.63,57.49,42.51,20.8,-11.9,4.31,3.31,2.95,165,122,5894,0,5894,0.76,0.59,57.99,41.69,44.87,-25.42,4.7,3.45,2.96,3418,2457,-0.12,0.04,-0.5,0.82,0.6913,0.8571,0.8472,0.8082,,False,예
KODEX 200,16일 → 말일+3,16,3,287,0,287,0.71,0.57,56.1,43.55,22.08,-16.23,4.43,3.55,2.94,161,125,5894,0,5894,0.83,0.58,56.14,43.47,47.87,-22.47,4.89,3.78,2.98,3309,2562,-0.11,-0.0,-0.04,0.09,0.6913,0.988,1.0,1.0,,False,예
KODEX 200,17일 → 말일-3,17,-3,287,0,287,0.19,0.26,57.49,42.16,10.81,-13.77,3.09,2.07,2.37,165,121,4746,0,4746,0.39,0.45,57.5,42.01,28.2,-28.88,4.12,2.72,2.8,2729,1994,-0.2,-0.19,-0.01,0.15,0.4126,0.2697,1.0,1.0,,False,예
KODEX 200,17일 → 말일-2,17,-2,287,0,287,0.24,0.46,58.54,41.46,11.43,-17.79,3.42,2.28,2.63,168,119,5033,0,5033,0.41,0.45,58.0,41.74,28.79,-33.39,4.22,2.75,2.85,2919,2101,-0.17,0.01,0.54,-0.28,0.4945,0.969,0.8571,0.9471,,False,예
KODEX 200,17일 → 말일-1,17,-1,287,0,287,0.29,0.33,55.4,43.55,16.08,-19.6,3.57,2.54,2.57,159,125,5320,0,5320,0.43,0.42,56.5,43.08,30.71,-34.86,4.23,2.89,2.78,3006,2292,-0.15,-0.09,-1.1,0.47,0.5195,0.5205,0.6813,0.8551,,False,예
KODEX 200,17일 → 말일,17,0,287,0,287,0.46,0.45,56.45,43.55,15.03,-11.22,3.65,2.74,2.51,162,125,5607,0,5607,0.6,0.47,57.52,41.97,29.46,-19.26,4.13,3.01,2.71,3225,2353,-0.14,-0.02,-1.07,1.59,0.5445,0.8741,0.7373,0.6084,,False,예
KODEX 200,17일 → 말일+1,17,1,287,0,287,0.56,0.7,58.19,41.46,20.64,-10.37,3.9,2.98,2.83,167,119,5894,0,5894,0.68,0.61,58.59,41.11,34.67,-26.33,4.32,3.16,2.85,3453,2423,-0.12,0.09,-0.4,0.35,0.6613,0.6683,0.9421,0.967,,False,예
KODEX 200,17일 → 말일+2,17,2,287,0,287,0.64,0.57,57.84,42.16,20.8,-13.04,4.3,3.27,2.97,166,121,5894,0,5894,0.76,0.59,57.99,41.69,44.87,-25.42,4.7,3.45,2.96,3418,2457,-0.12,-0.03,-0.15,0.47,0.6753,0.8432,0.9491,0.8961,,False,예
KODEX 200,17일 → 말일+3,17,3,287,0,287,0.71,0.51,57.49,42.51,22.93,-15.53,4.42,3.48,3.04,165,122,5894,0,5894,0.83,0.58,56.14,43.47,47.87,-22.47,4.89,3.78,2.98,3309,2562,-0.12,-0.06,1.35,-0.96,0.6743,0.7692,0.6823,0.7782,,False,예
KODEX 200,18일 → 말일-3,18,-3,287,0,287,0.17,0.29,58.19,41.81,10.81,-13.77,3.03,1.98,2.36,167,120,4746,0,4746,0.39,0.45,57.5,42.01,28.2,-28.88,4.12,2.72,2.8,2729,1994,-0.22,-0.16,0.69,-0.2,0.3586,0.3487,0.8222,0.9471,,False,예
KODEX 200,18일 → 말일-2,18,-2,287,0,287,0.23,0.46,56.79,42.86,11.03,-17.79,3.42,2.31,2.53,163,123,5033,0,5033,0.41,0.45,58.0,41.74,28.79,-33.39,4.22,2.75,2.85,2919,2101,-0.18,0.02,-1.2,1.11,0.4525,0.9381,0.7063,0.7043,,False,예
KODEX 200,18일 → 말일-1,18,-1,287,0,287,0.27,0.38,57.14,42.51,16.08,-19.6,3.6,2.47,2.67,164,122,5320,0,5320,0.43,0.42,56.5,43.08,30.71,-34.86,4.23,2.89,2.78,3006,2292,-0.16,-0.04,0.64,-0.57,0.4785,0.6793,0.9121,0.9041,,False,예
KODEX 200,18일 → 말일,18,0,287,0,287,0.44,0.41,56.45,42.51,14.98,-15.6,3.68,2.72,2.57,162,122,5607,0,5607,0.6,0.47,57.52,41.97,29.46,-19.26,4.13,3.01,2.71,3225,2353,-0.15,-0.07,-1.07,0.54,0.5045,0.6823,0.7373,0.8681,,False,예
KODEX 200,18일 → 말일+1,18,1,287,0,287,0.54,0.64,57.49,42.51,19.99,-9.68,3.88,3.0,2.77,165,122,5894,0,5894,0.68,0.61,58.59,41.11,34.67,-26.33,4.32,3.16,2.85,3453,2423,-0.14,0.03,-1.09,1.4,0.6144,0.8691,0.7592,0.6843,,False,예
KODEX 200,18일 → 말일+2,18,2,287,0,287,0.62,0.54,58.19,41.81,20.44,-15.93,4.27,3.18,2.94,167,120,5894,0,5894,0.76,0.59,57.99,41.69,44.87,-25.42,4.7,3.45,2.96,3418,2457,-0.14,-0.05,0.2,0.13,0.6304,0.7542,1.0,1.0,,False,예
KODEX 200,18일 → 말일+3,18,3,287,0,287,0.69,0.57,57.14,42.86,22.93,-14.9,4.35,3.39,2.92,164,123,5894,0,5894,0.83,0.58,56.14,43.47,47.87,-22.47,4.89,3.78,2.98,3309,2562,-0.14,-0.0,1.0,-0.61,0.6274,0.987,0.7822,0.8661,,False,예
KODEX 200,19일 → 말일-3,19,-3,287,0,287,0.18,0.21,56.45,43.55,14.85,-13.77,2.96,1.95,2.11,162,125,4746,0,4746,0.39,0.45,57.5,42.01,28.2,-28.88,4.12,2.72,2.8,2729,1994,-0.2,-0.24,-1.06,1.54,0.3976,0.1748,0.7822,0.6444,,False,예
KODEX 200,19일 → 말일-2,19,-2,287,0,287,0.24,0.33,56.45,43.21,17.61,-17.79,3.4,2.23,2.36,162,124,5033,0,5033,0.41,0.45,58.0,41.74,28.79,-33.39,4.22,2.75,2.85,2919,2101,-0.17,-0.11,-1.55,1.46,0.4825,0.4575,0.6144,0.6214,,False,예
KODEX 200,19일 → 말일-1,19,-1,287,0,287,0.28,0.35,55.05,44.6,16.92,-19.6,3.51,2.47,2.41,158,128,5320,0,5320,0.43,0.42,56.5,43.08,30.71,-34.86,4.23,2.89,2.78,3006,2292,-0.15,-0.07,-1.45,1.52,0.5005,0.5814,0.5964,0.6004,,False,예
KODEX 200,19일 → 말일,19,0,287,0,287,0.46,0.41,55.4,44.25,19.0,-13.05,3.7,2.78,2.45,159,127,5607,0,5607,0.6,0.47,57.52,41.97,29.46,-19.26,4.13,3.01,2.71,3225,2353,-0.14,-0.07,-2.12,2.29,0.5425,0.6823,0.4885,0.4486,,False,예
KODEX 200,19일 → 말일+1,19,1,287,0,287,0.56,0.68,56.1,43.21,23.69,-9.21,3.92,3.08,2.71,161,124,5894,0,5894,0.68,0.61,58.59,41.11,34.67,-26.33,4.32,3.16,2.85,3453,2423,-0.12,0.07,-2.49,2.1,0.6503,0.7473,0.4515,0.5255,,False,예
KODEX 200,19일 → 말일+2,19,2,287,0,287,0.64,0.58,56.45,43.21,23.85,-15.91,4.31,3.28,2.81,162,124,5894,0,5894,0.76,0.59,57.99,41.69,44.87,-25.42,4.7,3.45,2.96,3418,2457,-0.13,-0.02,-1.55,1.52,0.6703,0.8881,0.5774,0.6154,,False,예
KODEX 200,19일 → 말일+3,19,3,287,0,287,0.7,0.62,56.1,43.9,22.93,-13.89,4.35,3.47,2.84,161,126,5894,0,5894,0.83,0.58,56.14,43.47,47.87,-22.47,4.89,3.78,2.98,3309,2562,-0.12,0.05,-0.04,0.43,0.6623,0.8661,1.0,0.9131,,False,예
KODEX 200,20일 → 말일-3,20,-3,285,0,285,0.12,0.16,54.04,45.61,11.84,-15.19,2.63,1.8,1.87,154,130,4746,0,4746,0.39,0.45,57.5,42.01,28.2,-28.88,4.12,2.72,2.8,2729,1994,-0.27,-0.28,-3.47,3.6,0.2567,0.1109,0.2517,0.2338,,False,예
KODEX 200,20일 → 말일-2,20,-2,287,0,287,0.17,0.35,57.84,41.81,15.23,-18.42,3.13,2.02,2.38,166,120,5033,0,5033,0.41,0.45,58.0,41.74,28.79,-33.39,4.22,2.75,2.85,2919,2101,-0.23,-0.1,-0.16,0.07,0.3407,0.5105,1.0,1.0,,False,예
KODEX 200,20일 → 말일-1,20,-1,287,0,287,0.22,0.36,56.1,43.9,14.69,-15.81,3.31,2.3,2.43,161,126,5320,0,5320,0.43,0.42,56.5,43.08,30.71,-34.86,4.23,2.89,2.78,3006,2292,-0.21,-0.07,-0.41,0.82,0.3556,0.5934,0.8681,0.7692,,False,예
KODEX 200,20일 → 말일,20,0,287,0,287,0.4,0.4,56.1,42.86,18.95,-12.96,3.59,2.64,2.53,161,123,5607,0,5607,0.6,0.47,57.52,41.97,29.46,-19.26,4.13,3.01,2.71,3225,2353,-0.2,-0.07,-1.42,0.89,0.3836,0.6384,0.6484,0.7802,,False,예
KODEX 200,20일 → 말일+1,20,1,287,0,287,0.5,0.57,57.14,42.86,24.75,-9.61,3.76,2.87,2.67,164,123,5894,0,5894,0.68,0.61,58.59,41.11,34.67,-26.33,4.32,3.16,2.85,3453,2423,-0.18,-0.04,-1.44,1.75,0.5065,0.8312,0.6823,0.6024,,False,예
KODEX 200,20일 → 말일+2,20,2,287,0,287,0.58,0.57,57.14,42.51,24.91,-15.91,4.18,3.16,2.88,164,122,5894,0,5894,0.76,0.59,57.99,41.69,44.87,-25.42,4.7,3.45,2.96,3418,2457,-0.19,-0.03,-0.85,0.82,0.5005,0.8472,0.7632,0.8082,,False,예
KODEX 200,20일 → 말일+3,20,3,287,0,287,0.64,0.54,54.36,44.95,22.4,-13.89,4.26,3.47,2.77,156,129,5894,0,5894,0.83,0.58,56.14,43.47,47.87,-22.47,4.89,3.78,2.98,3309,2562,-0.18,-0.04,-1.79,1.48,0.5145,0.8661,0.5604,0.6294,,False,예
KODEX 200,21일 → 말일-3,21,-3,285,0,285,0.01,0.23,55.44,43.86,6.65,-14.76,2.33,1.46,1.82,158,125,4746,0,4746,0.39,0.45,57.5,42.01,28.2,-28.88,4.12,2.72,2.8,2729,1994,-0.37,-0.22,-2.06,1.85,0.1139,0.2328,0.5095,0.5624,,False,예
KODEX 200,21일 → 말일-2,21,-2,285,0,285,0.07,0.28,57.19,42.81,9.22,-18.0,2.87,1.76,2.19,163,122,5033,0,5033,0.41,0.45,58.0,41.74,28.79,-33.39,4.22,2.75,2.85,2919,2101,-0.34,-0.16,-0.8,1.06,0.1688,0.2917,0.7992,0.7532,,False,예
KODEX 200,21일 → 말일-1,21,-1,287,0,287,0.11,0.38,57.84,42.16,10.11,-18.96,3.06,2.02,2.5,166,121,5320,0,5320,0.43,0.42,56.5,43.08,30.71,-34.86,4.23,2.89,2.78,3006,2292,-0.32,-0.04,1.34,-0.92,0.1628,0.6963,0.7303,0.8162,,False,예
KODEX 200,21일 → 말일,21,0,287,0,287,0.29,0.48,56.45,42.86,10.51,-12.96,3.24,2.38,2.46,162,123,5607,0,5607,0.6,0.47,57.52,41.97,29.46,-19.26,4.13,3.01,2.71,3225,2353,-0.31,0.0,-1.07,0.89,0.1808,0.986,0.7373,0.7802,,False,예
KODEX 200,21일 → 말일+1,21,1,287,0,287,0.39,0.6,58.19,41.81,14.9,-9.61,3.42,2.58,2.67,167,120,5894,0,5894,0.68,0.61,58.59,41.11,34.67,-26.33,4.32,3.16,2.85,3453,2423,-0.29,-0.01,-0.4,0.7,0.2567,0.9491,0.9421,0.8651,,False,예
KODEX 200,21일 → 말일+2,21,2,287,0,287,0.47,0.67,58.19,41.46,16.87,-15.91,3.89,2.9,2.95,167,119,5894,0,5894,0.76,0.59,57.99,41.69,44.87,-25.42,4.7,3.45,2.96,3418,2457,-0.3,0.08,0.2,-0.22,0.2757,0.7103,1.0,0.952,,False,예
KODEX 200,21일 → 말일+3,21,3,287,0,287,0.53,0.54,55.4,44.25,19.29,-13.89,3.99,3.2,2.8,159,127,5894,0,5894,0.83,0.58,56.14,43.47,47.87,-22.47,4.89,3.78,2.98,3309,2562,-0.29,-0.04,-0.74,0.78,0.2957,0.8661,0.8282,0.8192,,False,예
KODEX 200,22일 → 말일-3,22,-3,279,0,279,0.11,0.05,52.33,46.95,6.73,-11.67,2.1,1.52,1.46,146,131,4746,0,4746,0.39,0.45,57.5,42.01,28.2,-28.88,4.12,2.72,2.8,2729,1994,-0.28,-0.4,-5.17,4.94,0.2498,0.026,0.0939,0.0969,,False,예
KODEX 200,22일 → 말일-2,22,-2,285,0,285,0.16,0.25,55.44,44.56,9.22,-17.27,2.66,1.78,1.85,158,127,5033,0,5033,0.41,0.45,58.0,41.74,28.79,-33.39,4.22,2.75,2.85,2919,2101,-0.25,-0.2,-2.56,2.82,0.3077,0.2288,0.3826,0.3387,,False,예
KODEX 200,22일 → 말일-1,22,-1,287,0,287,0.21,0.28,55.05,44.95,10.11,-19.09,2.91,2.06,2.06,158,129,5320,0,5320,0.43,0.42,56.5,43.08,30.71,-34.86,4.23,2.89,2.78,3006,2292,-0.22,-0.14,-1.45,1.87,0.3227,0.3516,0.5964,0.5095,,False,예
KODEX 200,22일 → 말일,22,0,287,0,287,0.38,0.47,57.14,42.51,10.51,-12.96,3.13,2.34,2.25,164,122,5607,0,5607,0.6,0.47,57.52,41.97,29.46,-19.26,4.13,3.01,2.71,3225,2353,-0.21,-0.01,-0.37,0.54,0.3397,0.9441,0.9121,0.8681,,False,예
KODEX 200,22일 → 말일+1,22,1,287,0,287,0.48,0.47,58.89,40.42,14.63,-9.61,3.28,2.5,2.45,169,116,5894,0,5894,0.68,0.61,58.59,41.11,34.67,-26.33,4.32,3.16,2.85,3453,2423,-0.2,-0.14,0.3,-0.69,0.4535,0.5025,0.8891,0.8072,,False,예
KODEX 200,22일 → 말일+2,22,2,287,0,287,0.56,0.55,58.89,40.42,16.41,-16.73,3.79,2.85,2.76,169,116,5894,0,5894,0.76,0.59,57.99,41.69,44.87,-25.42,4.7,3.45,2.96,3418,2457,-0.2,-0.05,0.89,-1.27,0.4645,0.7702,0.8102,0.6593,,False,예
KODEX 200,22일 → 말일+3,22,3,287,0,287,0.63,0.54,54.7,44.6,18.83,-13.02,3.92,3.27,2.6,157,128,5894,0,5894,0.83,0.58,56.14,43.47,47.87,-22.47,4.89,3.78,2.98,3309,2562,-0.2,-0.04,-1.44,1.13,0.4765,0.8661,0.6334,0.7363,,False,예
KODEX 200,23일 → 말일-3,23,-3,267,0,267,0.17,0.15,55.43,43.82,13.31,-15.5,2.15,1.4,1.37,148,117,4746,0,4746,0.39,0.45,57.5,42.01,28.2,-28.88,4.12,2.72,2.8,2729,1994,-0.21,-0.3,-2.07,1.81,0.4026,0.1079,0.5365,0.5704,,False,예
KODEX 200,23일 → 말일-2,23,-2,283,0,283,0.22,0.25,57.95,42.05,16.04,-20.86,2.59,1.63,1.73,164,119,5033,0,5033,0.41,0.45,58.0,41.74,28.79,-33.39,4.22,2.75,2.85,2919,2101,-0.19,-0.2,-0.05,0.3,0.4436,0.2218,1.0,0.9481,,False,예
KODEX 200,23일 → 말일-1,23,-1,287,0,287,0.27,0.25,54.36,45.64,15.35,-22.6,2.98,2.11,1.92,156,131,5320,0,5320,0.43,0.42,56.5,43.08,30.71,-34.86,4.23,2.89,2.78,3006,2292,-0.16,-0.17,-2.15,2.56,0.4725,0.2627,0.4256,0.3536,,False,예
KODEX 200,23일 → 말일,23,0,287,0,287,0.44,0.36,56.79,41.81,17.4,-9.76,3.12,2.38,2.17,163,120,5607,0,5607,0.6,0.47,57.52,41.97,29.46,-19.26,4.13,3.01,2.71,3225,2353,-0.15,-0.12,-0.72,-0.15,0.4965,0.4925,0.8182,1.0,,False,예
KODEX 200,23일 → 말일+1,23,1,287,0,287,0.54,0.51,58.19,41.81,14.63,-12.47,3.27,2.56,2.26,167,120,5894,0,5894,0.68,0.61,58.59,41.11,34.67,-26.33,4.32,3.16,2.85,3453,2423,-0.14,-0.1,-0.4,0.7,0.6064,0.6094,0.9421,0.8651,,False,예
KODEX 200,23일 → 말일+2,23,2,287,0,287,0.62,0.43,57.84,41.11,15.33,-12.7,3.69,2.88,2.56,166,118,5894,0,5894,0.76,0.59,57.99,41.69,44.87,-25.42,4.7,3.45,2.96,3418,2457,-0.15,-0.17,-0.15,-0.57,0.6134,0.4236,0.9491,0.8442,,False,예
KODEX 200,23일 → 말일+3,23,3,287,0,287,0.69,0.5,55.4,44.25,17.55,-13.27,3.91,3.22,2.47,159,127,5894,0,5894,0.83,0.58,56.14,43.47,47.87,-22.47,4.89,3.78,2.98,3309,2562,-0.14,-0.07,-0.74,0.78,0.6284,0.7403,0.8282,0.8192,,False,예
KODEX 200,24일 → 말일-3,24,-3,243,0,243,0.22,0.21,56.38,42.8,10.2,-10.05,1.76,1.28,1.17,137,104,4746,0,4746,0.39,0.45,57.5,42.01,28.2,-28.88,4.12,2.72,2.8,2729,1994,-0.17,-0.24,-1.12,0.78,0.5135,0.2138,0.7493,0.8492,,False,예
KODEX 200,24일 → 말일-2,24,-2,274,0,274,0.27,0.25,58.76,41.24,7.17,-15.76,2.15,1.47,1.44,161,113,5033,0,5033,0.41,0.45,58.0,41.74,28.79,-33.39,4.22,2.75,2.85,2919,2101,-0.13,-0.2,0.76,-0.5,0.6074,0.2298,0.7962,0.9021,,False,예
KODEX 200,24일 → 말일-1,24,-1,285,0,285,0.32,0.22,53.68,45.61,21.88,-17.61,2.88,2.04,1.69,153,130,5320,0,5320,0.43,0.42,56.5,43.08,30.71,-34.86,4.23,2.89,2.78,3006,2292,-0.11,-0.2,-2.82,2.53,0.6014,0.2128,0.2807,0.3497,,False,예
KODEX 200,24일 → 말일,24,0,287,0,287,0.49,0.37,57.84,41.11,23.77,-9.76,3.12,2.28,2.0,166,118,5607,0,5607,0.6,0.47,57.52,41.97,29.46,-19.26,4.13,3.01,2.71,3225,2353,-0.1,-0.11,0.32,-0.85,0.6543,0.5185,0.962,0.8242,,False,예
KODEX 200,24일 → 말일+1,24,1,287,0,287,0.59,0.44,59.93,40.07,22.7,-9.35,3.26,2.45,2.18,172,115,5894,0,5894,0.68,0.61,58.59,41.11,34.67,-26.33,4.32,3.16,2.85,3453,2423,-0.09,-0.16,1.35,-1.04,0.7642,0.4326,0.6464,0.7253,,False,예
KODEX 200,24일 → 말일+2,24,2,287,0,287,0.67,0.54,57.14,42.51,25.25,-14.8,3.78,2.94,2.36,164,122,5894,0,5894,0.76,0.59,57.99,41.69,44.87,-25.42,4.7,3.45,2.96,3418,2457,-0.09,-0.06,-0.85,0.82,0.7822,0.7323,0.7632,0.8082,,False,예
KODEX 200,24일 → 말일+3,24,3,287,0,287,0.75,0.55,56.79,43.21,27.96,-12.76,4.03,3.14,2.4,163,124,5894,0,5894,0.83,0.58,56.14,43.47,47.87,-22.47,4.89,3.78,2.98,3309,2562,-0.08,-0.02,0.65,-0.26,0.7862,0.9361,0.8701,0.957,,False,예
KODEX 200,25일 → 말일-3,25,-3,181,0,181,0.22,0.23,60.22,39.23,10.2,-10.05,1.68,1.07,1.08,109,71,4746,0,4746,0.39,0.45,57.5,42.01,28.2,-28.88,4.12,2.72,2.8,2729,1994,-0.17,-0.22,2.72,-2.79,0.5654,0.3147,0.5035,0.4446,,False,예
KODEX 200,25일 → 말일-2,25,-2,266,0,266,0.21,0.19,58.65,40.6,6.36,-15.76,2.0,1.29,1.33,156,108,5033,0,5033,0.41,0.45,58.0,41.74,28.79,-33.39,4.22,2.75,2.85,2919,2101,-0.19,-0.26,0.65,-1.14,0.4715,0.1329,0.8462,0.7003,,False,예
KODEX 200,25일 → 말일-1,25,-1,279,0,279,0.25,0.14,52.33,47.31,21.88,-17.61,2.79,1.91,1.58,146,132,5320,0,5320,0.43,0.42,56.5,43.08,30.71,-34.86,4.23,2.89,2.78,3006,2292,-0.18,-0.28,-4.17,4.23,0.4126,0.1119,0.1199,0.1239,,False,예
KODEX 200,25일 → 말일,25,0,287,0,287,0.42,0.28,56.79,41.81,23.77,-10.74,3.01,2.15,1.92,163,120,5607,0,5607,0.6,0.47,57.52,41.97,29.46,-19.26,4.13,3.01,2.71,3225,2353,-0.18,-0.2,-0.72,-0.15,0.4366,0.2707,0.8182,1.0,,False,예
KODEX 200,25일 → 말일+1,25,1,287,0,287,0.52,0.45,58.19,41.11,22.7,-9.35,3.23,2.39,2.12,167,118,5894,0,5894,0.68,0.61,58.59,41.11,34.67,-26.33,4.32,3.16,2.85,3453,2423,-0.16,-0.15,-0.4,0.01,0.5574,0.4575,0.9421,1.0,,False,예
KODEX 200,25일 → 말일+2,25,2,287,0,287,0.6,0.52,57.14,42.16,25.25,-16.49,3.78,2.79,2.36,164,121,5894,0,5894,0.76,0.59,57.99,41.69,44.87,-25.42,4.7,3.45,2.96,3418,2457,-0.16,-0.07,-0.85,0.47,0.5674,0.6304,0.7632,0.8961,,False,예
KODEX 200,25일 → 말일+3,25,3,287,0,287,0.67,0.4,55.75,42.86,27.96,-11.94,3.99,3.05,2.41,160,123,5894,0,5894,0.83,0.58,56.14,43.47,47.87,-22.47,4.89,3.78,2.98,3309,2562,-0.16,-0.17,-0.39,-0.61,0.5714,0.4995,0.9101,0.8661,,False,예
KODEX 인버스,15일 → 말일-3,15,-3,203,0,203,-0.27,-0.27,43.35,54.68,19.38,-9.03,3.13,2.18,2.22,88,111,3359,0,3359,-0.38,-0.41,41.38,56.71,33.55,-22.93,3.79,2.52,2.51,1390,1905,0.11,0.14,1.97,-2.03,0.6713,0.5075,0.6104,0.5714,,False,예
KODEX 인버스,15일 → 말일-2,15,-2,203,0,203,-0.3,-0.61,39.9,60.1,26.71,-11.45,3.56,2.58,2.21,81,122,3563,0,3563,-0.39,-0.39,41.62,57.14,41.75,-23.16,3.99,2.58,2.56,1483,2036,0.09,-0.22,-1.72,2.96,0.7003,0.2587,0.6713,0.4376,,False,예
KODEX 인버스,15일 → 말일-1,15,-1,203,0,203,-0.39,-0.47,40.89,57.64,29.51,-14.06,3.83,2.55,2.48,83,117,3767,0,3767,-0.45,-0.44,41.33,57.05,44.88,-24.73,4.14,2.61,2.68,1557,2149,0.07,-0.03,-0.45,0.59,0.8252,0.9141,0.8991,0.9261,,False,예
KODEX 인버스,15일 → 말일,15,0,203,0,203,-0.4,-0.51,41.38,57.64,12.77,-14.45,3.48,2.54,2.52,84,117,3971,0,3971,-0.45,-0.32,44.02,54.77,17.87,-24.02,3.78,2.43,2.77,1748,2175,0.05,-0.18,-2.64,2.86,0.9051,0.3506,0.4436,0.3966,,False,예
KODEX 인버스,15일 → 말일+1,15,1,203,0,203,-0.52,-0.68,38.92,59.11,11.55,-18.68,3.72,2.77,2.7,79,120,4175,0,4175,-0.54,-0.44,42.4,56.26,23.62,-27.78,3.88,2.51,2.85,1770,2349,0.03,-0.23,-3.48,2.85,0.9471,0.2937,0.3297,0.4575,,False,예
KODEX 인버스,15일 → 말일+2,15,2,203,0,203,-0.56,-0.37,44.33,54.68,11.15,-19.16,4.06,2.61,3.14,90,111,4175,0,4175,-0.6,-0.43,43.04,55.93,22.45,-32.48,4.24,2.64,3.1,1797,2335,0.03,0.07,1.29,-1.25,0.9181,0.7473,0.7363,0.7353,,False,예
KODEX 인버스,15일 → 말일+3,15,3,202,0,202,-0.65,-0.35,43.07,56.93,18.16,-20.88,4.23,2.63,3.13,87,115,4155,0,4155,-0.64,-0.37,44.09,54.58,22.26,-33.91,4.46,2.71,3.36,1832,2268,-0.01,0.02,-1.02,2.35,0.992,0.8861,0.8212,0.5335,,False,예
KODEX 인버스,16일 → 말일-3,16,-3,204,0,204,-0.21,-0.31,41.67,55.39,11.73,-8.81,2.75,2.13,1.98,85,113,3359,0,3359,-0.38,-0.41,41.38,56.71,33.55,-22.93,3.79,2.52,2.51,1390,1905,0.17,0.1,0.29,-1.32,0.5185,0.6044,0.9411,0.7353,,False,예
KODEX 인버스,16일 → 말일-2,16,-2,204,0,204,-0.24,-0.48,39.22,60.29,18.59,-11.45,3.16,2.51,2.02,80,123,3563,0,3563,-0.39,-0.39,41.62,57.14,41.75,-23.16,3.99,2.58,2.56,1483,2036,0.15,-0.09,-2.41,3.15,0.5495,0.6114,0.5295,0.3966,,False,예
KODEX 인버스,16일 → 말일-1,16,-1,204,0,204,-0.33,-0.43,41.67,58.33,21.21,-14.06,3.45,2.44,2.31,85,119,3767,0,3767,-0.45,-0.44,41.33,57.05,44.88,-24.73,4.14,2.61,2.68,1557,2149,0.12,0.01,0.33,1.29,0.6623,0.955,1.0,0.7632,,False,예
KODEX 인버스,16일 → 말일,16,0,204,0,204,-0.33,-0.27,43.63,54.9,12.77,-14.45,3.39,2.44,2.55,89,112,3971,0,3971,-0.45,-0.32,44.02,54.77,17.87,-24.02,3.78,2.43,2.77,1748,2175,0.12,0.06,-0.39,0.13,0.7093,0.7722,0.8861,0.9461,,False,예
KODEX 인버스,16일 → 말일+1,16,1,204,0,204,-0.44,-0.62,42.16,56.86,11.55,-18.68,3.55,2.57,2.68,86,116,4175,0,4175,-0.54,-0.44,42.4,56.26,23.62,-27.78,3.88,2.51,2.85,1770,2349,0.1,-0.17,-0.24,0.6,0.7183,0.4915,0.952,0.9021,,False,예
KODEX 인버스,16일 → 말일+2,16,2,204,0,204,-0.47,-0.35,43.14,55.39,11.15,-18.59,3.97,2.76,3.0,88,113,4175,0,4175,-0.6,-0.43,43.04,55.93,22.45,-32.48,4.24,2.64,3.1,1797,2335,0.12,0.08,0.1,-0.54,0.6873,0.6973,1.0,0.8881,,False,예
KODEX 인버스,16일 → 말일+3,16,3,203,0,203,-0.55,-0.49,44.83,55.17,18.16,-19.16,4.19,2.72,3.21,91,112,4155,0,4155,-0.64,-0.37,44.09,54.58,22.26,-33.91,4.46,2.71,3.36,1832,2268,0.08,-0.12,0.74,0.59,0.7582,0.6533,0.8202,0.9381,,False,예
KODEX 인버스,17일 → 말일-3,17,-3,204,0,204,-0.16,-0.19,43.14,53.43,11.73,-8.81,2.67,2.03,1.93,88,109,3359,0,3359,-0.38,-0.41,41.38,56.71,33.55,-22.93,3.79,2.52,2.51,1390,1905,0.23,0.22,1.76,-3.28,0.3856,0.2438,0.6134,0.3546,,False,예
KODEX 인버스,17일 → 말일-2,17,-2,204,0,204,-0.18,-0.31,39.22,58.82,18.59,-11.45,3.09,2.45,1.94,80,120,3563,0,3563,-0.39,-0.39,41.62,57.14,41.75,-23.16,3.99,2.58,2.56,1483,2036,0.21,0.07,-2.41,1.68,0.4226,0.5644,0.5295,0.6703,,False,예
KODEX 인버스,17일 → 말일-1,17,-1,204,0,204,-0.27,-0.33,42.65,56.37,21.21,-14.06,3.36,2.32,2.24,87,115,3767,0,3767,-0.45,-0.44,41.33,57.05,44.88,-24.73,4.14,2.61,2.68,1557,2149,0.18,0.11,1.31,-0.68,0.5295,0.6044,0.8022,0.9071,,False,예
KODEX 인버스,17일 → 말일,17,0,204,0,204,-0.27,-0.27,44.61,52.45,12.77,-14.45,3.35,2.37,2.54,91,107,3971,0,3971,-0.45,-0.32,44.02,54.77,17.87,-24.02,3.78,2.43,2.77,1748,2175,0.18,0.06,0.59,-2.32,0.5435,0.7792,0.9321,0.5694,,False,예
KODEX 인버스,17일 → 말일+1,17,1,204,0,204,-0.38,-0.48,44.61,53.92,11.55,-18.68,3.49,2.43,2.72,91,110,4175,0,4175,-0.54,-0.44,42.4,56.26,23.62,-27.78,3.88,2.51,2.85,1770,2349,0.16,-0.03,2.21,-2.34,0.5874,0.8731,0.5924,0.5624,,False,예
KODEX 인버스,17일 → 말일+2,17,2,204,0,204,-0.42,-0.29,45.1,53.92,12.22,-18.59,3.95,2.66,2.99,92,110,4175,0,4175,-0.6,-0.43,43.04,55.93,22.45,-32.48,4.24,2.64,3.1,1797,2335,0.18,0.15,2.06,-2.01,0.5614,0.4785,0.5794,0.5774,,False,예
KODEX 인버스,17일 → 말일+3,17,3,203,0,203,-0.5,-0.41,45.32,53.69,17.11,-19.67,4.16,2.74,3.23,92,109,4155,0,4155,-0.64,-0.37,44.09,54.58,22.26,-33.91,4.46,2.71,3.36,1832,2268,0.14,-0.04,1.23,-0.89,0.6254,0.9131,0.7083,0.7473,,False,예
KODEX 인버스,18일 → 말일-3,18,-3,204,0,204,-0.14,-0.23,41.67,56.37,11.73,-9.21,2.66,2.04,1.77,85,115,3359,0,3359,-0.38,-0.41,41.38,56.71,33.55,-22.93,3.79,2.52,2.51,1390,1905,0.24,0.18,0.29,-0.34,0.3626,0.3686,0.9411,0.9411,,False,예
KODEX 인버스,18일 → 말일-2,18,-2,204,0,204,-0.17,-0.41,40.69,56.37,18.59,-11.25,3.18,2.43,2.05,83,115,3563,0,3563,-0.39,-0.39,41.62,57.14,41.75,-23.16,3.99,2.58,2.56,1483,2036,0.22,-0.02,-0.94,-0.77,0.3816,0.979,0.8511,0.8242,,False,예
KODEX 인버스,18일 → 말일-1,18,-1,204,0,204,-0.26,-0.44,38.73,58.82,21.21,-14.06,3.48,2.64,2.18,79,120,3767,0,3767,-0.45,-0.44,41.33,57.05,44.88,-24.73,4.14,2.61,2.68,1557,2149,0.19,-0.0,-2.61,1.78,0.4985,1.0,0.4446,0.6583,,False,예
KODEX 인버스,18일 → 말일,18,0,204,0,204,-0.26,-0.3,43.63,53.43,17.87,-13.92,3.48,2.42,2.46,89,109,3971,0,3971,-0.45,-0.32,44.02,54.77,17.87,-24.02,3.78,2.43,2.77,1748,2175,0.19,0.02,-0.39,-1.34,0.5085,0.9351,0.8861,0.7712,,False,예
KODEX 인버스,18일 → 말일+1,18,1,204,0,204,-0.37,-0.46,43.63,55.88,9.59,-18.17,3.52,2.51,2.63,89,114,4175,0,4175,-0.54,-0.44,42.4,56.26,23.62,-27.78,3.88,2.51,2.85,1770,2349,0.17,-0.01,1.23,-0.38,0.5604,0.9381,0.8042,0.957,,False,예
KODEX 인버스,18일 → 말일+2,18,2,204,0,204,-0.4,-0.27,45.1,53.92,16.26,-18.09,4.06,2.66,2.97,92,110,4175,0,4175,-0.6,-0.43,43.04,55.93,22.45,-32.48,4.24,2.64,3.1,1797,2335,0.19,0.17,2.06,-2.01,0.5275,0.4336,0.5794,0.5774,,False,예
KODEX 인버스,18일 → 말일+3,18,3,203,0,203,-0.48,-0.14,45.81,52.71,16.37,-19.67,4.18,2.71,3.26,93,107,4155,0,4155,-0.64,-0.37,44.09,54.58,22.26,-33.91,4.46,2.71,3.36,1832,2268,0.16,0.22,1.72,-1.88,0.5834,0.3616,0.6004,0.5315,,False,예
KODEX 인버스,19일 → 말일-3,19,-3,204,0,204,-0.21,-0.17,43.14,54.41,11.73,-15.2,2.68,1.84,1.84,88,111,3359,0,3359,-0.38,-0.41,41.38,56.71,33.55,-22.93,3.79,2.52,2.51,1390,1905,0.17,0.24,1.76,-2.3,0.5045,0.2208,0.6134,0.5215,,False,예
KODEX 인버스,19일 → 말일-2,19,-2,204,0,204,-0.23,-0.25,41.18,55.88,18.59,-17.1,3.24,2.29,2.1,84,114,3563,0,3563,-0.39,-0.39,41.62,57.14,41.75,-23.16,3.99,2.58,2.56,1483,2036,0.16,0.13,-0.45,-1.26,0.5185,0.3936,0.9461,0.7273,,False,예
KODEX 인버스,19일 → 말일-1,19,-1,204,0,204,-0.32,-0.37,41.67,55.88,21.21,-16.83,3.5,2.37,2.34,85,114,3767,0,3767,-0.45,-0.44,41.33,57.05,44.88,-24.73,4.14,2.61,2.68,1557,2149,0.13,0.07,0.33,-1.17,0.6424,0.7562,1.0,0.8122,,False,예
KODEX 인버스,19일 → 말일,19,0,204,0,204,-0.32,-0.29,45.1,53.43,14.34,-18.3,3.57,2.35,2.59,92,109,3971,0,3971,-0.45,-0.32,44.02,54.77,17.87,-24.02,3.78,2.43,2.77,1748,2175,0.13,0.03,1.08,-1.34,0.6593,0.8811,0.8242,0.7712,,False,예
KODEX 인버스,19일 → 말일+1,19,1,204,0,204,-0.43,-0.25,45.1,53.92,9.77,-20.57,3.63,2.39,2.8,92,110,4175,0,4175,-0.54,-0.44,42.4,56.26,23.62,-27.78,3.88,2.51,2.85,1770,2349,0.11,0.2,2.7,-2.34,0.6993,0.4905,0.4965,0.5624,,False,예
KODEX 인버스,19일 → 말일+2,19,2,204,0,204,-0.46,-0.24,46.08,53.43,16.53,-20.48,4.16,2.56,3.07,94,109,4175,0,4175,-0.6,-0.43,43.04,55.93,22.45,-32.48,4.24,2.64,3.1,1797,2335,0.14,0.2,3.04,-2.5,0.6553,0.3477,0.4216,0.4965,,False,예
KODEX 인버스,19일 → 말일+3,19,3,203,0,203,-0.51,-0.09,47.29,51.23,14.93,-19.67,4.22,2.6,3.4,96,104,4155,0,4155,-0.64,-0.37,44.09,54.58,22.26,-33.91,4.46,2.71,3.36,1832,2268,0.13,0.27,3.2,-3.35,0.6603,0.2587,0.3157,0.2927,,False,예
KODEX 인버스,20일 → 말일-3,20,-3,203,0,203,-0.17,-0.13,45.32,52.71,6.91,-11.61,2.33,1.65,1.73,92,107,3359,0,3359,-0.38,-0.41,41.38,56.71,33.55,-22.93,3.79,2.52,2.51,1390,1905,0.22,0.28,3.94,-4.0,0.4106,0.1439,0.2687,0.2527,,False,예
KODEX 인버스,20일 → 말일-2,20,-2,204,0,204,-0.19,-0.29,42.16,55.88,13.47,-14.18,2.87,2.14,1.95,86,114,3563,0,3563,-0.39,-0.39,41.62,57.14,41.75,-23.16,3.99,2.58,2.56,1483,2036,0.2,0.1,0.53,-1.26,0.4316,0.4835,0.9001,0.7273,,False,예
KODEX 인버스,20일 → 말일-1,20,-1,204,0,204,-0.28,-0.41,41.18,56.86,15.98,-13.66,3.18,2.33,2.18,84,116,3767,0,3767,-0.45,-0.44,41.33,57.05,44.88,-24.73,4.14,2.61,2.68,1557,2149,0.17,0.03,-0.16,-0.19,0.5475,0.8921,0.9421,1.0,,False,예
KODEX 인버스,20일 → 말일,20,0,204,0,204,-0.27,-0.32,45.59,53.43,14.13,-17.08,3.4,2.29,2.46,93,109,3971,0,3971,-0.45,-0.32,44.02,54.77,17.87,-24.02,3.78,2.43,2.77,1748,2175,0.18,0.01,1.57,-1.34,0.5405,0.999,0.7173,0.7712,,False,예
KODEX 인버스,20일 → 말일+1,20,1,204,0,204,-0.39,-0.41,44.61,54.41,9.33,-21.18,3.45,2.33,2.62,91,111,4175,0,4175,-0.54,-0.44,42.4,56.26,23.62,-27.78,3.88,2.51,2.85,1770,2349,0.16,0.04,2.21,-1.85,0.5904,0.9381,0.5924,0.6454,,False,예
KODEX 인버스,20일 → 말일+2,20,2,204,0,204,-0.41,-0.36,44.12,54.41,16.53,-21.09,4.1,2.72,2.96,90,111,4175,0,4175,-0.6,-0.43,43.04,55.93,22.45,-32.48,4.24,2.64,3.1,1797,2335,0.18,0.07,1.08,-1.52,0.5514,0.7233,0.7902,0.6813,,False,예
KODEX 인버스,20일 → 말일+3,20,3,203,0,203,-0.49,-0.14,48.28,50.74,14.93,-19.64,4.15,2.51,3.36,98,103,4155,0,4155,-0.64,-0.37,44.09,54.58,22.26,-33.91,4.46,2.71,3.36,1832,2268,0.14,0.22,4.18,-3.85,0.6224,0.3616,0.1978,0.2418,,False,예
KODEX 인버스,21일 → 말일-3,21,-3,203,0,203,-0.1,-0.25,40.39,56.16,11.33,-8.03,2.05,1.69,1.39,82,114,3359,0,3359,-0.38,-0.41,41.38,56.71,33.55,-22.93,3.79,2.52,2.51,1390,1905,0.29,0.16,-0.99,-0.56,0.2557,0.4426,0.7752,0.8831,,False,예
KODEX 인버스,21일 → 말일-2,21,-2,203,0,203,-0.12,-0.27,41.38,58.13,18.17,-10.1,2.69,2.06,1.67,84,118,3563,0,3563,-0.39,-0.39,41.62,57.14,41.75,-23.16,3.99,2.58,2.56,1483,2036,0.27,0.12,-0.24,0.99,0.2787,0.4426,1.0,0.8192,,False,예
KODEX 인버스,21일 → 말일-1,21,-1,204,0,204,-0.21,-0.45,39.22,58.82,20.77,-9.81,3.06,2.41,1.96,80,120,3767,0,3767,-0.45,-0.44,41.33,57.05,44.88,-24.73,4.14,2.61,2.68,1557,2149,0.25,-0.01,-2.12,1.78,0.3916,0.967,0.5395,0.6583,,False,예
KODEX 인버스,21일 → 말일,21,0,204,0,204,-0.21,-0.34,46.08,53.43,14.13,-11.4,3.08,2.16,2.25,94,109,3971,0,3971,-0.45,-0.32,44.02,54.77,17.87,-24.02,3.78,2.43,2.77,1748,2175,0.25,-0.02,2.06,-1.34,0.3906,0.9061,0.6144,0.7712,,False,예
KODEX 인버스,21일 → 말일+1,21,1,204,0,204,-0.32,-0.45,42.65,55.39,7.92,-13.58,3.14,2.37,2.4,87,113,4175,0,4175,-0.54,-0.44,42.4,56.26,23.62,-27.78,3.88,2.51,2.85,1770,2349,0.22,-0.01,0.25,-0.87,0.4406,0.9471,1.0,0.8452,,False,예
KODEX 인버스,21일 → 말일+2,21,2,204,0,204,-0.35,-0.34,46.08,53.92,16.53,-15.28,3.8,2.53,2.81,94,110,4175,0,4175,-0.6,-0.43,43.04,55.93,22.45,-32.48,4.24,2.64,3.1,1797,2335,0.25,0.1,3.04,-2.01,0.4206,0.6523,0.4216,0.5774,,False,예
KODEX 인버스,21일 → 말일+3,21,3,203,0,203,-0.44,-0.33,47.29,52.22,14.93,-17.07,3.83,2.44,3.05,96,106,4155,0,4155,-0.64,-0.37,44.09,54.58,22.26,-33.91,4.46,2.71,3.36,1832,2268,0.2,0.04,3.2,-2.37,0.4825,0.8172,0.3157,0.4396,,False,예
KODEX 인버스,22일 → 말일-3,22,-3,199,0,199,-0.06,0.0,47.24,48.24,11.43,-8.03,1.93,1.35,1.45,94,96,3359,0,3359,-0.38,-0.41,41.38,56.71,33.55,-22.93,3.79,2.52,2.51,1390,1905,0.32,0.41,5.85,-8.47,0.2158,0.045,0.1039,0.015,,False,예
KODEX 인버스,22일 → 말일-2,22,-2,203,0,203,-0.08,-0.08,45.81,51.23,18.27,-10.1,2.57,1.72,1.7,93,104,3563,0,3563,-0.39,-0.39,41.62,57.14,41.75,-23.16,3.99,2.58,2.56,1483,2036,0.3,0.31,4.19,-5.91,0.2258,0.0679,0.2138,0.0709,,False,예
KODEX 인버스,22일 → 말일-1,22,-1,204,0,204,-0.17,-0.36,43.14,56.37,20.88,-9.81,2.98,2.07,1.89,88,115,3767,0,3767,-0.45,-0.44,41.33,57.05,44.88,-24.73,4.14,2.61,2.68,1557,2149,0.28,0.08,1.8,-0.68,0.3407,0.7083,0.6883,0.9071,,False,예
KODEX 인버스,22일 → 말일,22,0,204,0,204,-0.17,-0.31,44.61,54.9,14.13,-11.4,3.01,2.16,2.07,91,112,3971,0,3971,-0.45,-0.32,44.02,54.77,17.87,-24.02,3.78,2.43,2.77,1748,2175,0.28,0.01,0.59,0.13,0.3227,0.961,0.9321,0.9461,,False,예
KODEX 인버스,22일 → 말일+1,22,1,204,0,204,-0.29,-0.2,43.63,53.92,8.8,-13.5,3.02,2.16,2.29,89,110,4175,0,4175,-0.54,-0.44,42.4,56.26,23.62,-27.78,3.88,2.51,2.85,1770,2349,0.25,0.25,1.23,-2.34,0.3716,0.3457,0.8042,0.5624,,False,예
KODEX 인버스,22일 → 말일+2,22,2,204,0,204,-0.31,-0.31,45.59,53.92,17.49,-15.1,3.7,2.47,2.67,93,110,4175,0,4175,-0.6,-0.43,43.04,55.93,22.45,-32.48,4.24,2.64,3.1,1797,2335,0.28,0.12,2.55,-2.01,0.3726,0.5465,0.4965,0.5774,,False,예
KODEX 인버스,22일 → 말일+3,22,3,203,0,203,-0.4,-0.28,47.29,51.23,13.79,-16.89,3.74,2.39,2.99,96,104,4155,0,4155,-0.64,-0.37,44.09,54.58,22.26,-33.91,4.46,2.71,3.36,1832,2268,0.23,0.09,3.2,-3.35,0.4146,0.6633,0.3157,0.2927,,False,예
KODEX 인버스,23일 → 말일-3,23,-3,191,0,191,-0.14,-0.11,44.5,52.88,16.57,-12.97,2.18,1.27,1.33,85,101,3359,0,3359,-0.38,-0.41,41.38,56.71,33.55,-22.93,3.79,2.52,2.51,1390,1905,0.24,0.3,3.12,-3.83,0.3686,0.1249,0.4126,0.3167,,False,예
KODEX 인버스,23일 → 말일-2,23,-2,202,0,202,-0.16,-0.13,43.56,53.47,23.73,-14.92,2.68,1.56,1.57,88,108,3563,0,3563,-0.39,-0.39,41.62,57.14,41.75,-23.16,3.99,2.58,2.56,1483,2036,0.23,0.26,1.94,-3.68,0.3746,0.1189,0.5764,0.2797,,False,예
KODEX 인버스,23일 → 말일-1,23,-1,204,0,204,-0.25,-0.32,42.16,56.37,26.46,-14.65,3.07,1.9,1.86,86,115,3767,0,3767,-0.45,-0.44,41.33,57.05,44.88,-24.73,4.14,2.61,2.68,1557,2149,0.2,0.12,0.82,-0.68,0.4745,0.5654,0.8971,0.9071,,False,예
KODEX 인버스,23일 → 말일,23,0,204,0,204,-0.26,-0.26,43.14,54.9,8.71,-16.15,2.83,2.02,2.05,88,112,3971,0,3971,-0.45,-0.32,44.02,54.77,17.87,-24.02,3.78,2.43,2.77,1748,2175,0.19,0.07,-0.88,0.13,0.5005,0.7203,0.7572,0.9461,,False,예
KODEX 인버스,23일 → 말일+1,23,1,204,0,204,-0.37,-0.21,45.1,53.43,7.91,-13.5,2.94,1.92,2.32,92,109,4175,0,4175,-0.54,-0.44,42.4,56.26,23.62,-27.78,3.88,2.51,2.85,1770,2349,0.17,0.23,2.7,-2.83,0.5475,0.3766,0.4965,0.4595,,False,예
KODEX 인버스,23일 → 말일+2,23,2,204,0,204,-0.4,-0.26,44.61,53.92,11.77,-14.81,3.42,2.2,2.57,91,110,4175,0,4175,-0.6,-0.43,43.04,55.93,22.45,-32.48,4.24,2.64,3.1,1797,2335,0.19,0.18,1.57,-2.01,0.5315,0.4066,0.6763,0.5774,,False,예
KODEX 인버스,23일 → 말일+3,23,3,203,0,203,-0.49,-0.23,44.33,52.22,14.07,-15.93,3.59,2.23,2.83,90,106,4155,0,4155,-0.64,-0.37,44.09,54.58,22.26,-33.91,4.46,2.71,3.36,1832,2268,0.15,0.14,0.24,-2.37,0.6134,0.5305,0.9341,0.4396,,False,예
KODEX 인버스,24일 → 말일-3,24,-3,173,0,173,-0.1,-0.15,43.93,53.18,10.04,-6.25,1.56,1.1,1.1,76,92,3359,0,3359,-0.38,-0.41,41.38,56.71,33.55,-22.93,3.79,2.52,2.51,1390,1905,0.28,0.26,2.55,-3.53,0.3497,0.2388,0.5415,0.4116,,False,예
KODEX 인버스,24일 → 말일-2,24,-2,195,0,195,-0.17,-0.12,41.03,54.87,16.8,-5.93,2.02,1.33,1.3,80,107,3563,0,3563,-0.39,-0.39,41.62,57.14,41.75,-23.16,3.99,2.58,2.56,1483,2036,0.22,0.26,-0.6,-2.27,0.3896,0.1129,0.9491,0.5225,,False,예
KODEX 인버스,24일 → 말일-1,24,-1,203,0,203,-0.25,-0.26,41.87,55.67,19.38,-6.37,2.47,1.63,1.67,85,113,3767,0,3767,-0.45,-0.44,41.33,57.05,44.88,-24.73,4.14,2.61,2.68,1557,2149,0.2,0.18,0.54,-1.38,0.4785,0.4006,0.955,0.7652,,False,예
KODEX 인버스,24일 → 말일,24,0,204,0,204,-0.25,-0.26,42.65,55.39,10.48,-9.0,2.52,1.86,1.88,87,113,3971,0,3971,-0.45,-0.32,44.02,54.77,17.87,-24.02,3.78,2.43,2.77,1748,2175,0.2,0.07,-1.37,0.62,0.4835,0.7403,0.6713,0.8192,,False,예
KODEX 인버스,24일 → 말일+1,24,1,204,0,204,-0.36,-0.28,41.67,56.37,5.99,-13.5,2.58,1.86,2.01,85,115,4175,0,4175,-0.54,-0.44,42.4,56.26,23.62,-27.78,3.88,2.51,2.85,1770,2349,0.18,0.16,-0.73,0.11,0.5385,0.5724,0.8521,1.0,,False,예
KODEX 인버스,24일 → 말일+2,24,2,204,0,204,-0.39,-0.33,44.12,53.92,14.64,-14.48,3.24,2.12,2.46,90,110,4175,0,4175,-0.6,-0.43,43.04,55.93,22.45,-32.48,4.24,2.64,3.1,1797,2335,0.2,0.1,1.08,-2.01,0.5025,0.6264,0.7902,0.5774,,False,예
KODEX 인버스,24일 → 말일+3,24,3,203,0,203,-0.46,-0.17,44.83,52.22,13.37,-16.29,3.35,2.12,2.7,91,106,4155,0,4155,-0.64,-0.37,44.09,54.58,22.26,-33.91,4.46,2.71,3.36,1832,2268,0.17,0.2,0.74,-2.37,0.5495,0.3906,0.8202,0.4396,,False,예
KODEX 인버스,25일 → 말일-3,25,-3,129,0,129,-0.1,-0.2,37.98,58.91,10.04,-3.77,1.49,1.13,0.89,49,76,3359,0,3359,-0.38,-0.41,41.38,56.71,33.55,-22.93,3.79,2.52,2.51,1390,1905,0.29,0.21,-3.4,2.2,0.3846,0.4016,0.4645,0.5844,,False,예
KODEX 인버스,25일 → 말일-2,25,-2,189,0,189,-0.12,-0.14,41.8,54.5,16.8,-5.81,2.0,1.3,1.23,79,103,3563,0,3563,-0.39,-0.39,41.62,57.14,41.75,-23.16,3.99,2.58,2.56,1483,2036,0.26,0.24,0.18,-2.65,0.3027,0.1628,0.9361,0.4545,,False,예
KODEX 인버스,25일 → 말일-1,25,-1,198,0,198,-0.19,-0.19,44.95,53.03,19.38,-5.47,2.44,1.49,1.62,89,105,3767,0,3767,-0.45,-0.44,41.33,57.05,44.88,-24.73,4.14,2.61,2.68,1557,2149,0.26,0.25,3.62,-4.02,0.3696,0.2058,0.3536,0.2657,,False,예
KODEX 인버스,25일 → 말일,25,0,204,0,204,-0.18,-0.26,42.16,54.9,11.83,-9.0,2.52,1.89,1.79,86,112,3971,0,3971,-0.45,-0.32,44.02,54.77,17.87,-24.02,3.78,2.43,2.77,1748,2175,0.27,0.07,-1.86,0.13,0.3417,0.7313,0.5784,0.9461,,False,예
KODEX 인버스,25일 → 말일+1,25,1,204,0,204,-0.3,-0.42,41.67,56.37,8.42,-13.5,2.66,1.98,1.99,85,115,4175,0,4175,-0.54,-0.44,42.4,56.26,23.62,-27.78,3.88,2.51,2.85,1770,2349,0.25,0.02,-0.73,0.11,0.3836,0.969,0.8521,1.0,,False,예
KODEX 인버스,25일 → 말일+2,25,2,204,0,204,-0.32,-0.32,44.12,54.9,17.08,-14.48,3.42,2.2,2.35,90,112,4175,0,4175,-0.6,-0.43,43.04,55.93,22.45,-32.48,4.24,2.64,3.1,1797,2335,0.27,0.11,1.08,-1.03,0.3856,0.6094,0.7902,0.7772,,False,예
KODEX 인버스,25일 → 말일+3,25,3,203,0,203,-0.4,-0.27,43.35,53.2,11.33,-16.29,3.37,2.27,2.6,88,108,4155,0,4155,-0.64,-0.37,44.09,54.58,22.26,-33.91,4.46,2.71,3.36,1832,2268,0.24,0.09,-0.74,-1.38,0.4096,0.6374,0.8751,0.6414,,False,예
코스피200 지수,15일 → 말일-3,15,-3,440,0,440,-0.14,0.05,50.68,49.09,12.85,-24.02,4.39,2.92,3.3,223,216,7697,0,7697,-0.11,0.02,50.16,49.72,34.14,-29.18,5.02,3.27,3.53,3861,3827,-0.02,0.04,0.52,-0.63,0.9411,0.7872,0.8092,0.7812,,True,예
코스피200 지수,15일 → 말일-2,15,-2,440,0,440,-0.11,0.25,52.27,47.5,16.46,-26.16,4.67,3.05,3.57,230,209,8137,0,8137,-0.08,0.04,50.4,49.5,37.23,-33.56,5.07,3.31,3.54,4101,4028,-0.02,0.21,1.87,-2.0,0.9341,0.1429,0.3976,0.3746,,True,예
코스피200 지수,15일 → 말일-1,15,-1,440,0,440,-0.02,0.17,52.5,47.5,17.63,-25.04,4.87,3.24,3.63,231,209,8577,0,8577,0.02,0.08,51.04,48.86,47.92,-34.66,5.27,3.47,3.58,4378,4191,-0.04,0.09,1.46,-1.36,0.8282,0.5934,0.5465,0.5764,,True,예
코스피200 지수,15일 → 말일,15,0,440,0,440,0.14,0.22,52.5,47.5,19.44,-20.64,4.96,3.5,3.57,231,209,9017,0,9017,0.19,0.13,51.59,48.32,50.15,-26.84,5.32,3.66,3.52,4652,4357,-0.05,0.09,0.91,-0.82,0.8651,0.5744,0.7163,0.7522,,False,예
코스피200 지수,15일 → 말일+1,15,1,440,0,440,0.49,0.5,56.14,43.86,23.38,-21.26,5.25,3.8,3.73,247,193,9457,0,9457,0.53,0.42,54.96,45.0,43.04,-28.31,5.4,3.88,3.57,5198,4256,-0.03,0.08,1.17,-1.14,0.8911,0.7363,0.6114,0.6094,,False,예
코스피200 지수,15일 → 말일+2,15,2,440,0,440,0.54,0.5,54.77,45.23,23.24,-24.31,5.58,4.16,3.83,241,199,9457,0,9457,0.58,0.43,54.86,45.08,45.83,-31.09,5.79,4.18,3.8,5188,4263,-0.03,0.07,-0.09,0.15,0.8961,0.7493,1.0,1.0,,False,예
코스피200 지수,15일 → 말일+3,15,3,440,0,440,0.65,0.47,53.86,46.14,25.45,-22.57,5.86,4.51,3.85,237,203,9457,0,9457,0.68,0.42,54.01,45.94,48.44,-29.51,6.12,4.58,3.91,5108,4345,-0.03,0.04,-0.15,0.19,0.9191,0.8501,1.0,0.962,,False,예
코스피200 지수,16일 → 말일-3,16,-3,440,0,440,-0.13,0.08,50.91,49.09,14.48,-15.99,4.16,2.8,3.18,224,216,7697,0,7697,-0.11,0.02,50.16,49.72,34.14,-29.18,5.02,3.27,3.53,3861,3827,-0.02,0.06,0.75,-0.63,0.96,0.6933,0.7522,0.7812,,True,예
코스피200 지수,16일 → 말일-2,16,-2,440,0,440,-0.1,0.2,53.18,46.59,17.12,-18.37,4.44,2.9,3.53,234,205,8137,0,8137,-0.08,0.04,50.4,49.5,37.23,-33.56,5.07,3.31,3.54,4101,4028,-0.02,0.16,2.78,-2.91,0.9421,0.2947,0.2138,0.1938,,True,예
코스피200 지수,16일 → 말일-1,16,-1,440,0,440,-0.02,0.14,51.36,48.41,18.3,-19.24,4.64,3.2,3.43,226,213,8577,0,8577,0.02,0.08,51.04,48.86,47.92,-34.66,5.27,3.47,3.58,4378,4191,-0.04,0.06,0.32,-0.45,0.8412,0.6843,0.8951,0.8631,,True,예
코스피200 지수,16일 → 말일,16,0,440,0,440,0.15,0.03,50.45,49.55,20.32,-18.38,4.76,3.52,3.29,222,218,9017,0,9017,0.19,0.13,51.59,48.32,50.15,-26.84,5.32,3.66,3.52,4652,4357,-0.04,-0.1,-1.14,1.23,0.8811,0.6444,0.6883,0.6543,,False,예
코스피200 지수,16일 → 말일+1,16,1,440,0,440,0.5,0.54,56.14,43.86,24.29,-21.26,5.04,3.71,3.61,247,193,9457,0,9457,0.53,0.42,54.96,45.0,43.04,-28.31,5.4,3.88,3.57,5198,4256,-0.03,0.12,1.17,-1.14,0.9011,0.5864,0.6114,0.6094,,False,예
코스피200 지수,16일 → 말일+2,16,2,440,0,440,0.55,0.41,55.23,44.55,23.41,-24.31,5.38,4.01,3.75,243,196,9457,0,9457,0.58,0.43,54.86,45.08,45.83,-31.09,5.79,4.18,3.8,5188,4263,-0.03,-0.02,0.37,-0.53,0.9091,0.8991,0.8841,0.8092,,False,예
코스피200 지수,16일 → 말일+3,16,3,440,0,440,0.65,0.5,54.32,45.68,23.45,-22.57,5.65,4.36,3.76,239,201,9457,0,9457,0.68,0.42,54.01,45.94,48.44,-29.51,6.12,4.58,3.91,5108,4345,-0.02,0.08,0.31,-0.26,0.9271,0.7433,0.8901,0.9211,,False,예
코스피200 지수,17일 → 말일-3,17,-3,440,0,440,-0.15,0.01,50.23,49.77,12.1,-14.75,4.03,2.66,2.98,221,219,7697,0,7697,-0.11,0.02,50.16,49.72,34.14,-29.18,5.02,3.27,3.53,3861,3827,-0.03,-0.0,0.06,0.05,0.9181,0.987,0.967,1.0,,True,예
코스피200 지수,17일 → 말일-2,17,-2,440,0,440,-0.11,0.06,51.59,47.95,15.33,-17.88,4.26,2.8,3.26,227,211,8137,0,8137,-0.08,0.04,50.4,49.5,37.23,-33.56,5.07,3.31,3.54,4101,4028,-0.03,0.02,1.19,-1.55,0.9071,0.8472,0.6014,0.5035,,True,예
코스피200 지수,17일 → 말일-1,17,-1,440,0,440,-0.03,0.05,51.14,48.86,18.14,-19.24,4.49,3.03,3.24,225,215,8577,0,8577,0.02,0.08,51.04,48.86,47.92,-34.66,5.27,3.47,3.58,4378,4191,-0.05,-0.03,0.09,0.0,0.8022,0.9091,0.957,1.0,,True,예
코스피200 지수,17일 → 말일,17,0,440,0,440,0.14,0.12,51.36,48.64,21.14,-17.79,4.69,3.36,3.27,226,214,9017,0,9017,0.19,0.13,51.59,48.32,50.15,-26.84,5.32,3.66,3.52,4652,4357,-0.05,-0.01,-0.23,0.32,0.8541,0.99,0.96,0.9251,,False,예
코스피200 지수,17일 → 말일+1,17,1,440,0,440,0.49,0.59,55.0,45.0,25.13,-17.83,5.0,3.74,3.48,242,198,9457,0,9457,0.53,0.42,54.96,45.0,43.04,-28.31,5.4,3.88,3.57,5198,4256,-0.03,0.16,0.04,-0.0,0.8841,0.4655,1.0,1.0,,False,예
코스피200 지수,17일 → 말일+2,17,2,440,0,440,0.54,0.4,54.55,45.45,24.25,-21.01,5.33,4.02,3.64,240,200,9457,0,9457,0.58,0.43,54.86,45.08,45.83,-31.09,5.79,4.18,3.8,5188,4263,-0.04,-0.04,-0.31,0.38,0.8841,0.8581,0.9221,0.9201,,False,예
코스피200 지수,17일 → 말일+3,17,3,440,0,440,0.65,0.57,54.55,45.45,24.29,-19.2,5.61,4.31,3.75,240,200,9457,0,9457,0.68,0.42,54.01,45.94,48.44,-29.51,6.12,4.58,3.91,5108,4345,-0.03,0.14,0.53,-0.49,0.9101,0.5215,0.8042,0.8452,,False,예
코스피200 지수,18일 → 말일-3,18,-3,440,0,440,-0.15,0.04,50.23,49.55,11.42,-14.77,3.85,2.57,2.9,221,218,7697,0,7697,-0.11,0.02,50.16,49.72,34.14,-29.18,5.02,3.27,3.53,3861,3827,-0.04,0.02,0.06,-0.18,0.9031,0.8591,0.967,0.9271,,True,예
코스피200 지수,18일 → 말일-2,18,-2,440,0,440,-0.12,0.09,50.68,49.09,15.33,-17.88,4.1,2.79,3.12,223,216,8137,0,8137,-0.08,0.04,50.4,49.5,37.23,-33.56,5.07,3.31,3.54,4101,4028,-0.04,0.05,0.28,-0.41,0.8891,0.6633,0.9091,0.8621,,True,예
코스피200 지수,18일 → 말일-1,18,-1,440,0,440,-0.03,0.07,51.14,48.86,16.49,-19.24,4.36,2.99,3.2,225,215,8577,0,8577,0.02,0.08,51.04,48.86,47.92,-34.66,5.27,3.47,3.58,4378,4191,-0.06,-0.01,0.09,0.0,0.7962,0.998,0.957,1.0,,True,예
코스피200 지수,18일 → 말일,18,0,440,0,440,0.13,0.1,51.14,48.86,20.07,-17.82,4.57,3.31,3.19,225,215,9017,0,9017,0.19,0.13,51.59,48.32,50.15,-26.84,5.32,3.66,3.52,4652,4357,-0.05,-0.03,-0.46,0.54,0.8501,0.9341,0.8951,0.8561,,False,예
코스피200 지수,18일 → 말일+1,18,1,440,0,440,0.48,0.5,55.91,44.09,20.93,-17.52,4.8,3.6,3.46,246,194,9457,0,9457,0.53,0.42,54.96,45.0,43.04,-28.31,5.4,3.88,3.57,5198,4256,-0.04,0.08,0.94,-0.91,0.8641,0.7383,0.6913,0.6953,,False,예
코스피200 지수,18일 → 말일+2,18,2,440,0,440,0.54,0.6,55.68,44.32,21.28,-20.72,5.18,3.85,3.63,245,195,9457,0,9457,0.58,0.43,54.86,45.08,45.83,-31.09,5.79,4.18,3.8,5188,4263,-0.04,0.17,0.82,-0.76,0.8701,0.4016,0.7502,0.7522,,False,예
코스피200 지수,18일 → 말일+3,18,3,440,0,440,0.64,0.53,54.77,45.23,23.45,-18.89,5.46,4.19,3.66,241,199,9457,0,9457,0.68,0.42,54.01,45.94,48.44,-29.51,6.12,4.58,3.91,5108,4345,-0.04,0.11,0.76,-0.72,0.8921,0.6314,0.7343,0.7632,,False,예
코스피200 지수,19일 → 말일-3,19,-3,440,0,440,-0.23,-0.08,48.41,51.59,15.08,-15.1,3.53,2.31,2.6,213,227,7697,0,7697,-0.11,0.02,50.16,49.72,34.14,-29.18,5.02,3.27,3.53,3861,3827,-0.11,-0.1,-1.75,1.87,0.6464,0.5844,0.5035,0.4765,,False,예
코스피200 지수,19일 → 말일-2,19,-2,440,0,440,-0.2,0.0,49.77,49.77,17.32,-17.88,3.83,2.5,2.89,219,219,8137,0,8137,-0.08,0.04,50.4,49.5,37.23,-33.56,5.07,3.31,3.54,4101,4028,-0.11,-0.04,-0.63,0.27,0.6474,0.8831,0.7832,0.9211,,False,예
코스피200 지수,19일 → 말일-1,19,-1,440,0,440,-0.11,-0.04,48.86,51.14,16.64,-19.24,4.07,2.83,2.92,215,225,8577,0,8577,0.02,0.08,51.04,48.86,47.92,-34.66,5.27,3.47,3.58,4378,4191,-0.13,-0.12,-2.18,2.27,0.5594,0.5295,0.3976,0.3606,,False,예
코스피200 지수,19일 → 말일,19,0,440,0,440,0.06,0.13,50.68,49.32,18.84,-17.82,4.33,3.11,3.07,223,217,9017,0,9017,0.19,0.13,51.59,48.32,50.15,-26.84,5.32,3.66,3.52,4652,4357,-0.13,-0.01,-0.91,1.0,0.6374,0.972,0.7522,0.7193,,False,예
코스피200 지수,19일 → 말일+1,19,1,440,0,440,0.41,0.32,53.41,46.59,23.62,-19.22,4.58,3.54,3.18,235,205,9457,0,9457,0.53,0.42,54.96,45.0,43.04,-28.31,5.4,3.88,3.57,5198,4256,-0.12,-0.1,-1.56,1.59,0.6294,0.5934,0.5075,0.5025,,False,예
코스피200 지수,19일 → 말일+2,19,2,440,0,440,0.46,0.33,53.86,46.14,24.27,-22.35,4.99,3.77,3.4,237,203,9457,0,9457,0.58,0.43,54.86,45.08,45.83,-31.09,5.79,4.18,3.8,5188,4263,-0.12,-0.1,-1.0,1.06,0.6703,0.6464,0.7133,0.7203,,False,예
코스피200 지수,19일 → 말일+3,19,3,440,0,440,0.56,0.38,53.86,46.14,23.45,-20.56,5.24,4.08,3.54,237,203,9457,0,9457,0.68,0.42,54.01,45.94,48.44,-29.51,6.12,4.58,3.91,5108,4345,-0.11,-0.04,-0.15,0.19,0.6853,0.8701,1.0,0.962,,False,예
코스피200 지수,20일 → 말일-3,20,-3,437,0,437,-0.33,-0.13,46.22,53.32,12.0,-16.29,3.36,2.22,2.54,202,233,7697,0,7697,-0.11,0.02,50.16,49.72,34.14,-29.18,5.02,3.27,3.53,3861,3827,-0.21,-0.15,-3.94,3.6,0.3776,0.3626,0.1089,0.1389,,False,예
코스피200 지수,20일 → 말일-2,20,-2,440,0,440,-0.29,0.02,50.23,49.55,15.4,-18.3,3.65,2.32,2.94,221,218,8137,0,8137,-0.08,0.04,50.4,49.5,37.23,-33.56,5.07,3.31,3.54,4101,4028,-0.21,-0.02,-0.17,0.04,0.3457,0.994,0.958,1.0,,True,예
코스피200 지수,20일 → 말일-1,20,-1,440,0,440,-0.21,-0.01,49.55,50.0,14.84,-15.5,3.88,2.62,3.01,218,220,8577,0,8577,0.02,0.08,51.04,48.86,47.92,-34.66,5.27,3.47,3.58,4378,4191,-0.23,-0.09,-1.5,1.14,0.3117,0.6344,0.5764,0.6793,,False,예
코스피200 지수,20일 → 말일,20,0,440,0,440,-0.04,0.02,50.45,49.55,19.37,-15.31,4.14,2.92,3.06,222,218,9017,0,9017,0.19,0.13,51.59,48.32,50.15,-26.84,5.32,3.66,3.52,4652,4357,-0.23,-0.11,-1.14,1.23,0.3896,0.5724,0.6883,0.6543,,True,예
코스피200 지수,20일 → 말일+1,20,1,440,0,440,0.31,0.3,54.09,45.91,24.38,-17.3,4.38,3.29,3.2,238,202,9457,0,9457,0.53,0.42,54.96,45.0,43.04,-28.31,5.4,3.88,3.57,5198,4256,-0.22,-0.12,-0.87,0.91,0.3946,0.5445,0.7413,0.7443,,False,예
코스피200 지수,20일 → 말일+2,20,2,440,0,440,0.36,0.28,54.09,45.91,25.03,-20.5,4.84,3.58,3.44,238,202,9457,0,9457,0.58,0.43,54.86,45.08,45.83,-31.09,5.79,4.18,3.8,5188,4263,-0.22,-0.15,-0.77,0.83,0.4226,0.4655,0.7822,0.7802,,False,예
코스피200 지수,20일 → 말일+3,20,3,440,0,440,0.46,0.26,52.27,47.73,22.88,-18.67,5.12,4.0,3.4,230,210,9457,0,9457,0.68,0.42,54.01,45.94,48.44,-29.51,6.12,4.58,3.91,5108,4345,-0.21,-0.16,-1.74,1.78,0.4695,0.4995,0.4845,0.4625,,False,예
코스피200 지수,21일 → 말일-3,21,-3,435,0,435,-0.32,-0.03,48.51,51.26,12.98,-15.01,3.11,1.87,2.39,211,223,7697,0,7697,-0.11,0.02,50.16,49.72,34.14,-29.18,5.02,3.27,3.53,3861,3827,-0.21,-0.05,-1.66,1.54,0.3966,0.7972,0.5335,0.5644,,False,예
코스피200 지수,21일 → 말일-2,21,-2,437,0,437,-0.29,0.02,50.34,49.66,12.22,-17.41,3.41,2.08,2.69,220,217,8137,0,8137,-0.08,0.04,50.4,49.5,37.23,-33.56,5.07,3.31,3.54,4101,4028,-0.21,-0.02,-0.06,0.15,0.3626,0.975,1.0,0.962,,True,예
코스피200 지수,21일 → 말일-1,21,-1,440,0,440,-0.2,0.11,52.05,47.95,16.73,-18.72,3.71,2.33,2.95,229,211,8577,0,8577,0.02,0.08,51.04,48.86,47.92,-34.66,5.27,3.47,3.58,4378,4191,-0.22,0.03,1.0,-0.91,0.3307,0.8412,0.6733,0.7103,,True,예
코스피200 지수,21일 → 말일,21,0,440,0,440,-0.03,0.08,50.91,48.86,21.86,-18.45,3.96,2.72,2.9,224,215,9017,0,9017,0.19,0.13,51.59,48.32,50.15,-26.84,5.32,3.66,3.52,4652,4357,-0.22,-0.05,-0.68,0.54,0.4056,0.8681,0.8252,0.8561,,True,예
코스피200 지수,21일 → 말일+1,21,1,440,0,440,0.31,0.42,55.0,45.0,21.05,-21.33,4.17,3.1,3.09,242,198,9457,0,9457,0.53,0.42,54.96,45.0,43.04,-28.31,5.4,3.88,3.57,5198,4256,-0.21,-0.0,0.04,-0.0,0.4066,0.952,1.0,1.0,,False,예
코스피200 지수,21일 → 말일+2,21,2,440,0,440,0.37,0.41,54.09,45.91,22.21,-24.38,4.66,3.5,3.32,238,202,9457,0,9457,0.58,0.43,54.86,45.08,45.83,-31.09,5.79,4.18,3.8,5188,4263,-0.21,-0.02,-0.77,0.83,0.4545,0.9211,0.7822,0.7802,,False,예
코스피200 지수,21일 → 말일+3,21,3,440,0,440,0.47,0.38,53.18,46.82,22.31,-22.64,4.97,3.87,3.39,234,206,9457,0,9457,0.68,0.42,54.01,45.94,48.44,-29.51,6.12,4.58,3.91,5108,4345,-0.2,-0.05,-0.83,0.87,0.4885,0.8621,0.7642,0.7283,,False,예
코스피200 지수,22일 → 말일-3,22,-3,427,0,427,-0.22,-0.11,46.14,53.4,10.07,-18.3,2.88,1.88,2.03,197,228,7697,0,7697,-0.11,0.02,50.16,49.72,34.14,-29.18,5.02,3.27,3.53,3861,3827,-0.1,-0.12,-4.03,3.68,0.6833,0.4845,0.1019,0.1359,,False,예
코스피200 지수,22일 → 말일-2,22,-2,436,0,436,-0.18,-0.02,49.31,50.69,10.55,-17.87,3.24,2.09,2.39,215,221,8137,0,8137,-0.08,0.04,50.4,49.5,37.23,-33.56,5.07,3.31,3.54,4101,4028,-0.1,-0.06,-1.09,1.19,0.6983,0.7423,0.6294,0.6014,,False,예
코스피200 지수,22일 → 말일-1,22,-1,439,0,439,-0.08,0.07,50.8,49.2,17.39,-19.23,3.64,2.38,2.62,223,216,8577,0,8577,0.02,0.08,51.04,48.86,47.92,-34.66,5.27,3.47,3.58,4378,4191,-0.11,-0.01,-0.25,0.34,0.6444,0.988,0.967,0.9271,,True,예
코스피200 지수,22일 → 말일,22,0,440,0,440,0.09,0.16,51.82,48.18,19.15,-21.21,3.95,2.72,2.75,228,212,9017,0,9017,0.19,0.13,51.59,48.32,50.15,-26.84,5.32,3.66,3.52,4652,4357,-0.1,0.02,0.23,-0.14,0.7273,0.8681,0.9271,0.957,,False,예
코스피200 지수,22일 → 말일+1,22,1,440,0,440,0.43,0.38,54.55,45.45,17.72,-18.62,4.1,3.17,2.84,240,200,9457,0,9457,0.53,0.42,54.96,45.0,43.04,-28.31,5.4,3.88,3.57,5198,4256,-0.09,-0.04,-0.42,0.45,0.7113,0.8152,0.9061,0.9021,,False,예
코스피200 지수,22일 → 말일+2,22,2,440,0,440,0.49,0.38,56.36,43.64,18.85,-21.78,4.61,3.44,3.32,248,192,9457,0,9457,0.58,0.43,54.86,45.08,45.83,-31.09,5.79,4.18,3.8,5188,4263,-0.09,-0.05,1.5,-1.44,0.7542,0.8132,0.5215,0.5185,,False,예
코스피200 지수,22일 → 말일+3,22,3,440,0,440,0.59,0.47,54.32,45.68,19.22,-19.98,4.93,3.91,3.35,239,201,9457,0,9457,0.68,0.42,54.01,45.94,48.44,-29.51,6.12,4.58,3.91,5108,4345,-0.08,0.05,0.31,-0.26,0.7712,0.8412,0.8901,0.9211,,False,예
코스피200 지수,23일 → 말일-3,23,-3,407,0,407,-0.1,-0.07,47.67,52.33,13.61,-18.71,2.74,1.76,1.79,194,213,7697,0,7697,-0.11,0.02,50.16,49.72,34.14,-29.18,5.02,3.27,3.53,3861,3827,0.01,-0.09,-2.5,2.61,0.9221,0.6364,0.3327,0.3087,,False,예
코스피200 지수,23일 → 말일-2,23,-2,431,0,431,-0.06,0.0,49.88,49.88,15.81,-21.23,3.05,2.01,2.12,215,215,8137,0,8137,-0.08,0.04,50.4,49.5,37.23,-33.56,5.07,3.31,3.54,4101,4028,0.03,-0.04,-0.52,0.38,0.8801,0.8931,0.8182,0.8651,,False,예
코스피200 지수,23일 → 말일-1,23,-1,439,0,439,0.04,0.07,51.48,48.52,15.95,-22.54,3.59,2.33,2.38,226,213,8577,0,8577,0.02,0.08,51.04,48.86,47.92,-34.66,5.27,3.47,3.58,4378,4191,0.02,-0.01,0.44,-0.34,0.9371,0.975,0.8651,0.8931,,False,예
코스피200 지수,23일 → 말일,23,0,440,0,440,0.21,0.23,52.05,47.73,18.51,-21.61,3.84,2.72,2.53,229,210,9017,0,9017,0.19,0.13,51.59,48.32,50.15,-26.84,5.32,3.66,3.52,4652,4357,0.02,0.09,0.45,-0.59,0.9321,0.5594,0.8631,0.8232,,False,예
코스피200 지수,23일 → 말일+1,23,1,440,0,440,0.56,0.39,55.23,44.77,17.72,-18.62,4.0,3.17,2.66,243,197,9457,0,9457,0.53,0.42,54.96,45.0,43.04,-28.31,5.4,3.88,3.57,5198,4256,0.03,-0.04,0.26,-0.23,0.9131,0.8382,0.9391,0.9391,,False,예
코스피200 지수,23일 → 말일+2,23,2,440,0,440,0.61,0.49,56.36,43.64,18.85,-21.78,4.49,3.47,3.08,248,192,9457,0,9457,0.58,0.43,54.86,45.08,45.83,-31.09,5.79,4.18,3.8,5188,4263,0.03,0.05,1.5,-1.44,0.9101,0.8112,0.5215,0.5185,,False,예
코스피200 지수,23일 → 말일+3,23,3,440,0,440,0.72,0.5,55.68,44.32,18.95,-19.98,4.86,3.85,3.22,245,195,9457,0,9457,0.68,0.42,54.01,45.94,48.44,-29.51,6.12,4.58,3.91,5108,4345,0.04,0.08,1.67,-1.63,0.8891,0.7512,0.4585,0.4845,,False,예
코스피200 지수,24일 → 말일-3,24,-3,374,0,374,-0.07,0.03,50.8,49.2,8.28,-13.47,2.31,1.46,1.66,190,184,7697,0,7697,-0.11,0.02,50.16,49.72,34.14,-29.18,5.02,3.27,3.53,3861,3827,0.04,0.01,0.64,-0.52,0.8372,0.9101,0.7632,0.8142,,True,예
코스피200 지수,24일 → 말일-2,24,-2,415,0,415,-0.01,0.08,50.6,49.4,9.25,-15.95,2.6,1.76,1.83,210,205,8137,0,8137,-0.08,0.04,50.4,49.5,37.23,-33.56,5.07,3.31,3.54,4101,4028,0.07,0.04,0.2,-0.1,0.7413,0.7083,0.958,0.956,,True,예
코스피200 지수,24일 → 말일-1,24,-1,434,0,434,0.08,0.03,50.69,49.31,17.16,-17.34,3.24,2.23,2.12,220,214,8577,0,8577,0.02,0.08,51.04,48.86,47.92,-34.66,5.27,3.47,3.58,4378,4191,0.06,-0.05,-0.35,0.45,0.8182,0.8032,0.9281,0.8891,,False,예
코스피200 지수,24일 → 말일,24,0,440,0,440,0.25,0.23,53.18,46.36,19.66,-16.56,3.58,2.56,2.39,234,204,9017,0,9017,0.19,0.13,51.59,48.32,50.15,-26.84,5.32,3.66,3.52,4652,4357,0.06,0.09,1.59,-1.96,0.8112,0.5584,0.5205,0.4266,,False,예
코스피200 지수,24일 → 말일+1,24,1,440,0,440,0.6,0.43,55.68,44.32,20.72,-12.0,3.81,3.07,2.5,245,195,9457,0,9457,0.53,0.42,54.96,45.0,43.04,-28.31,5.4,3.88,3.57,5198,4256,0.08,0.01,0.72,-0.69,0.7992,0.996,0.7852,0.7822,,False,예
코스피200 지수,24일 → 말일+2,24,2,440,0,440,0.66,0.44,55.45,44.55,23.01,-15.41,4.37,3.48,2.86,244,196,9457,0,9457,0.58,0.43,54.86,45.08,45.83,-31.09,5.79,4.18,3.8,5188,4263,0.08,0.0,0.6,-0.53,0.7782,0.989,0.8112,0.8092,,False,예
코스피200 지수,24일 → 말일+3,24,3,440,0,440,0.76,0.48,55.0,44.77,25.68,-16.04,4.78,3.84,3.01,242,197,9457,0,9457,0.68,0.42,54.01,45.94,48.44,-29.51,6.12,4.58,3.91,5108,4345,0.09,0.05,0.99,-1.17,0.7702,0.8202,0.6583,0.6114,,False,예
코스피200 지수,25일 → 말일-3,25,-3,298,0,298,0.02,0.12,54.03,45.64,9.39,-10.41,2.03,1.25,1.43,161,136,7697,0,7697,-0.11,0.02,50.16,49.72,34.14,-29.18,5.02,3.27,3.53,3861,3827,0.13,0.1,3.86,-4.08,0.5964,0.5784,0.1838,0.1718,,False,예
코스피200 지수,25일 → 말일-2,25,-2,402,0,402,0.07,0.08,51.99,48.01,10.37,-15.95,2.31,1.57,1.56,209,193,8137,0,8137,-0.08,0.04,50.4,49.5,37.23,-33.56,5.07,3.31,3.54,4101,4028,0.15,0.04,1.59,-1.49,0.5185,0.7263,0.5035,0.5395,,False,예
코스피200 지수,25일 → 말일-1,25,-1,426,0,426,0.14,0.01,50.23,49.77,17.16,-17.34,3.05,2.19,1.92,214,212,8577,0,8577,0.02,0.08,51.04,48.86,47.92,-34.66,5.27,3.47,3.58,4378,4191,0.12,-0.07,-0.81,0.9,0.6444,0.7273,0.7832,0.7512,,False,예
코스피200 지수,25일 → 말일,25,0,440,0,440,0.31,0.17,52.73,46.82,19.66,-12.88,3.33,2.47,2.13,232,206,9017,0,9017,0.19,0.13,51.59,48.32,50.15,-26.84,5.32,3.66,3.52,4652,4357,0.12,0.04,1.14,-1.5,0.6593,0.8052,0.6444,0.5504,,False,예
코스피200 지수,25일 → 말일+1,25,1,440,0,440,0.66,0.55,57.5,42.27,20.72,-10.94,3.67,2.91,2.4,253,186,9457,0,9457,0.53,0.42,54.96,45.0,43.04,-28.31,5.4,3.88,3.57,5198,4256,0.13,0.13,2.54,-2.73,0.6204,0.5604,0.2617,0.2138,,False,예
코스피200 지수,25일 → 말일+2,25,2,440,0,440,0.72,0.52,57.5,42.5,23.01,-16.27,4.25,3.27,2.75,253,187,9457,0,9457,0.58,0.43,54.86,45.08,45.83,-31.09,5.79,4.18,3.8,5188,4263,0.14,0.09,2.64,-2.58,0.6384,0.6833,0.2308,0.2338,,False,예
코스피200 지수,25일 → 말일+3,25,3,440,0,440,0.82,0.57,58.41,41.59,25.68,-16.04,4.65,3.58,3.05,257,183,9457,0,9457,0.68,0.42,54.01,45.94,48.44,-29.51,6.12,4.58,3.91,5108,4345,0.15,0.14,4.4,-4.35,0.6384,0.5345,0.0529,0.0609,,False,예
코스피 종합지수,15일 → 말일-3,15,-3,560,0,560,-0.09,-0.08,49.29,50.71,13.41,-25.45,4.15,2.89,2.98,276,284,10145,0,10145,0.02,0.05,50.61,49.32,32.18,-30.6,4.66,3.14,3.18,5134,5004,-0.11,-0.14,-1.32,1.39,0.5475,0.3217,0.4995,0.4735,,False,예
코스피 종합지수,15일 → 말일-2,15,-2,560,0,560,-0.06,0.09,51.25,48.75,16.08,-27.7,4.4,3.0,3.27,287,273,10705,0,10705,0.05,0.07,51.11,48.85,34.54,-32.69,4.73,3.18,3.23,5471,5229,-0.11,0.01,0.14,-0.1,0.5704,0.962,1.0,1.0,,True,예
코스피 종합지수,15일 → 말일-1,15,-1,560,0,560,0.09,0.28,53.39,46.61,16.91,-23.21,4.62,3.17,3.44,299,261,11265,0,11265,0.22,0.18,52.54,47.43,44.84,-32.64,4.93,3.37,3.28,5919,5343,-0.12,0.1,0.85,-0.82,0.5814,0.4406,0.6444,0.6733,,False,예
코스피 종합지수,15일 → 말일,15,0,560,0,560,0.29,0.26,53.21,46.79,17.96,-22.15,4.73,3.47,3.32,298,262,11825,0,11825,0.41,0.3,54.08,45.88,47.18,-27.14,5.0,3.53,3.27,6395,5425,-0.12,-0.05,-0.87,0.91,0.5594,0.7792,0.7153,0.6773,,False,예
코스피 종합지수,15일 → 말일+1,15,1,560,0,560,0.54,0.56,55.36,44.64,19.19,-24.3,4.98,3.77,3.46,310,250,12385,0,12385,0.64,0.46,55.61,44.3,41.04,-29.25,5.08,3.75,3.28,6887,5487,-0.1,0.1,-0.25,0.34,0.5984,0.5554,0.9321,0.8961,,False,예
코스피 종합지수,15일 → 말일+2,15,2,560,0,560,0.61,0.48,54.82,45.0,21.23,-27.44,5.22,4.03,3.57,307,252,12385,0,12385,0.71,0.47,55.57,44.4,42.73,-32.19,5.36,4.01,3.42,6882,5499,-0.1,0.02,-0.75,0.6,0.6214,0.991,0.7692,0.8012,,False,예
코스피 종합지수,15일 → 말일+3,15,3,560,0,560,0.71,0.35,53.21,46.79,22.96,-26.97,5.45,4.41,3.49,298,262,12385,0,12385,0.81,0.47,54.86,45.1,43.1,-31.75,5.64,4.36,3.51,6795,5586,-0.09,-0.13,-1.65,1.68,0.6454,0.5395,0.4316,0.4246,,False,예
코스피 종합지수,16일 → 말일-3,16,-3,560,0,560,-0.06,0.08,50.54,49.29,14.85,-17.68,3.94,2.73,2.92,283,276,10145,0,10145,0.02,0.05,50.61,49.32,32.18,-30.6,4.66,3.14,3.18,5134,5004,-0.08,0.02,-0.07,-0.04,0.6394,0.9131,0.959,1.0,,True,예
코스피 종합지수,16일 → 말일-2,16,-2,560,0,560,-0.04,0.15,52.14,47.86,16.74,-20.17,4.2,2.86,3.19,292,268,10705,0,10705,0.05,0.07,51.11,48.85,34.54,-32.69,4.73,3.18,3.23,5471,5229,-0.08,0.08,1.04,-0.99,0.6563,0.6004,0.6573,0.6583,,True,예
코스피 종합지수,16일 → 말일-1,16,-1,560,0,560,0.12,0.14,52.32,47.5,17.57,-20.69,4.43,3.15,3.22,293,266,11265,0,11265,0.22,0.18,52.54,47.43,44.84,-32.64,4.93,3.37,3.28,5919,5343,-0.1,-0.04,-0.22,0.07,0.6633,0.8132,1.0,1.0,,False,예
코스피 종합지수,16일 → 말일,16,0,560,0,560,0.32,0.16,52.14,47.86,18.63,-21.47,4.56,3.48,3.12,292,268,11825,0,11825,0.41,0.3,54.08,45.88,47.18,-27.14,5.0,3.53,3.27,6395,5425,-0.09,-0.14,-1.94,1.98,0.6454,0.4056,0.3816,0.3656,,False,예
코스피 종합지수,16일 → 말일+1,16,1,560,0,560,0.57,0.54,56.07,43.93,20.41,-24.3,4.8,3.67,3.4,314,246,12385,0,12385,0.64,0.46,55.61,44.3,41.04,-29.25,5.08,3.75,3.28,6887,5487,-0.07,0.09,0.46,-0.38,0.6883,0.6194,0.8312,0.8631,,False,예
코스피 종합지수,16일 → 말일+2,16,2,560,0,560,0.63,0.48,54.64,45.36,19.69,-27.44,5.05,3.98,3.4,306,254,12385,0,12385,0.71,0.47,55.57,44.4,42.73,-32.19,5.36,4.01,3.42,6882,5499,-0.08,0.01,-0.92,0.96,0.6893,0.996,0.7053,0.6763,,False,예
코스피 종합지수,16일 → 말일+3,16,3,560,0,560,0.74,0.52,54.82,45.18,20.3,-26.97,5.28,4.21,3.48,307,253,12385,0,12385,0.81,0.47,54.86,45.1,43.1,-31.75,5.64,4.36,3.51,6795,5586,-0.07,0.05,-0.04,0.08,0.7353,0.7982,0.969,0.975,,False,예
코스피 종합지수,17일 → 말일-3,17,-3,560,0,560,-0.07,-0.02,49.82,50.18,12.65,-15.41,3.79,2.6,2.71,279,281,10145,0,10145,0.02,0.05,50.61,49.32,32.18,-30.6,4.66,3.14,3.18,5134,5004,-0.09,-0.07,-0.78,0.85,0.6234,0.6134,0.7113,0.6623,,False,예
코스피 종합지수,17일 → 말일-2,17,-2,560,0,560,-0.04,0.13,52.5,47.5,15.07,-17.93,4.02,2.69,3.06,294,266,10705,0,10705,0.05,0.07,51.11,48.85,34.54,-32.69,4.73,3.18,3.23,5471,5229,-0.09,0.05,1.39,-1.35,0.6374,0.7253,0.5375,0.5465,,True,예
코스피 종합지수,17일 → 말일-1,17,-1,560,0,560,0.11,0.12,51.07,48.75,16.68,-17.99,4.27,3.06,2.98,286,273,11265,0,11265,0.22,0.18,52.54,47.43,44.84,-32.64,4.93,3.37,3.28,5919,5343,-0.1,-0.06,-1.47,1.32,0.6464,0.7293,0.5654,0.5904,,False,예
코스피 종합지수,17일 → 말일,17,0,560,0,560,0.32,0.31,53.75,46.25,21.78,-19.59,4.47,3.28,3.12,301,259,11825,0,11825,0.41,0.3,54.08,45.88,47.18,-27.14,5.0,3.53,3.27,6395,5425,-0.1,0.0,-0.33,0.37,0.6364,0.968,0.9021,0.8751,,False,예
코스피 종합지수,17일 → 말일+1,17,1,560,0,560,0.56,0.57,55.36,44.64,21.75,-20.89,4.73,3.65,3.27,310,250,12385,0,12385,0.64,0.46,55.61,44.3,41.04,-29.25,5.08,3.75,3.28,6887,5487,-0.07,0.11,-0.25,0.34,0.6763,0.5335,0.9321,0.8961,,False,예
코스피 종합지수,17일 → 말일+2,17,2,560,0,560,0.63,0.36,54.29,45.54,21.77,-24.17,4.98,3.94,3.32,304,255,12385,0,12385,0.71,0.47,55.57,44.4,42.73,-32.19,5.36,4.01,3.42,6882,5499,-0.08,-0.11,-1.28,1.14,0.6813,0.5175,0.5774,0.6164,,False,예
코스피 종합지수,17일 → 말일+3,17,3,560,0,560,0.74,0.61,55.89,44.11,22.03,-23.68,5.21,4.09,3.51,313,247,12385,0,12385,0.81,0.47,54.86,45.1,43.1,-31.75,5.64,4.36,3.51,6795,5586,-0.07,0.13,1.03,-1.0,0.7283,0.5285,0.6913,0.6883,,False,예
코스피 종합지수,18일 → 말일-3,18,-3,560,0,560,-0.06,-0.04,49.11,50.89,11.97,-15.37,3.64,2.54,2.58,275,285,10145,0,10145,0.02,0.05,50.61,49.32,32.18,-30.6,4.66,3.14,3.18,5134,5004,-0.09,-0.09,-1.5,1.57,0.6304,0.5265,0.4496,0.4216,,False,예
코스피 종합지수,18일 → 말일-2,18,-2,560,0,560,-0.04,0.18,52.32,47.32,15.07,-17.93,3.9,2.62,2.98,293,265,10705,0,10705,0.05,0.07,51.11,48.85,34.54,-32.69,4.73,3.18,3.23,5471,5229,-0.09,0.11,1.21,-1.52,0.6484,0.4336,0.5894,0.4745,,True,예
코스피 종합지수,18일 → 말일-1,18,-1,560,0,560,0.11,0.18,53.21,46.79,15.97,-17.99,4.18,2.89,3.05,298,262,11265,0,11265,0.22,0.18,52.54,47.43,44.84,-32.64,4.93,3.37,3.28,5919,5343,-0.1,0.0,0.67,-0.64,0.6553,0.9321,0.7073,0.7363,,False,예
코스피 종합지수,18일 → 말일,18,0,560,0,560,0.32,0.33,54.82,45.18,21.05,-19.48,4.39,3.15,3.11,307,253,11825,0,11825,0.41,0.3,54.08,45.88,47.18,-27.14,5.0,3.53,3.27,6395,5425,-0.09,0.03,0.74,-0.7,0.6464,0.8721,0.7542,0.7762,,False,예
코스피 종합지수,18일 → 말일+1,18,1,560,0,560,0.56,0.53,55.18,44.64,20.14,-20.52,4.6,3.59,3.17,309,250,12385,0,12385,0.64,0.46,55.61,44.3,41.04,-29.25,5.08,3.75,3.28,6887,5487,-0.07,0.08,-0.43,0.34,0.6793,0.6633,0.8591,0.8961,,False,예
코스피 종합지수,18일 → 말일+2,18,2,560,0,560,0.63,0.48,55.54,44.46,21.03,-23.81,4.87,3.77,3.29,311,249,12385,0,12385,0.71,0.47,55.57,44.4,42.73,-32.19,5.36,4.01,3.42,6882,5499,-0.08,0.01,-0.03,0.06,0.6843,0.991,1.0,0.965,,False,예
코스피 종합지수,18일 → 말일+3,18,3,560,0,560,0.74,0.61,55.36,44.46,21.29,-23.32,5.09,4.04,3.38,310,249,12385,0,12385,0.81,0.47,54.86,45.1,43.1,-31.75,5.64,4.36,3.51,6795,5586,-0.07,0.14,0.49,-0.64,0.7313,0.5215,0.8751,0.8142,,False,예
코스피 종합지수,19일 → 말일-3,19,-3,560,0,560,-0.14,-0.07,48.57,51.43,15.68,-15.37,3.36,2.26,2.4,272,288,10145,0,10145,0.02,0.05,50.61,49.32,32.18,-30.6,4.66,3.14,3.18,5134,5004,-0.16,-0.13,-2.03,2.1,0.4046,0.3576,0.2987,0.2837,,False,예
코스피 종합지수,19일 → 말일-2,19,-2,560,0,560,-0.11,0.12,52.68,47.32,17.84,-17.93,3.67,2.33,2.83,295,265,10705,0,10705,0.05,0.07,51.11,48.85,34.54,-32.69,4.73,3.18,3.23,5471,5229,-0.16,0.04,1.57,-1.52,0.4116,0.7922,0.4775,0.4745,,True,예
코스피 종합지수,19일 → 말일-1,19,-1,560,0,560,0.04,0.19,52.14,47.86,17.8,-18.04,3.93,2.7,2.85,292,268,11265,0,11265,0.22,0.18,52.54,47.43,44.84,-32.64,4.93,3.37,3.28,5919,5343,-0.17,0.01,-0.4,0.43,0.4306,0.8771,0.9321,0.8921,,False,예
코스피 종합지수,19일 → 말일,19,0,560,0,560,0.25,0.19,52.86,47.14,20.38,-19.48,4.18,3.04,2.88,296,264,11825,0,11825,0.41,0.3,54.08,45.88,47.18,-27.14,5.0,3.53,3.27,6395,5425,-0.17,-0.11,-1.22,1.27,0.4226,0.4945,0.5844,0.5574,,False,예
코스피 종합지수,19일 → 말일+1,19,1,560,0,560,0.49,0.3,52.68,47.32,20.86,-21.77,4.39,3.52,2.89,295,265,12385,0,12385,0.64,0.46,55.61,44.3,41.04,-29.25,5.08,3.75,3.28,6887,5487,-0.14,-0.15,-2.93,3.02,0.4615,0.4266,0.1928,0.1768,,False,예
코스피 종합지수,19일 → 말일+2,19,2,560,0,560,0.56,0.32,54.64,45.36,21.04,-25.01,4.68,3.62,3.13,306,254,12385,0,12385,0.71,0.47,55.57,44.4,42.73,-32.19,5.36,4.01,3.42,6882,5499,-0.15,-0.15,-0.92,0.96,0.4585,0.3866,0.7053,0.6763,,False,예
코스피 종합지수,19일 → 말일+3,19,3,560,0,560,0.66,0.62,56.25,43.75,20.96,-24.53,4.9,3.8,3.37,315,245,12385,0,12385,0.81,0.47,54.86,45.1,43.1,-31.75,5.64,4.36,3.51,6795,5586,-0.14,0.15,1.39,-1.35,0.5035,0.4755,0.5594,0.5614,,False,예
코스피 종합지수,20일 → 말일-3,20,-3,555,0,555,-0.21,-0.08,48.83,51.17,11.63,-17.26,3.17,2.06,2.38,271,284,10145,0,10145,0.02,0.05,50.61,49.32,32.18,-30.6,4.66,3.14,3.18,5134,5004,-0.23,-0.14,-1.78,1.85,0.2218,0.3127,0.3576,0.3297,,False,예
코스피 종합지수,20일 → 말일-2,20,-2,560,0,560,-0.18,0.1,52.5,47.5,14.15,-19.76,3.47,2.17,2.78,294,266,10705,0,10705,0.05,0.07,51.11,48.85,34.54,-32.69,4.73,3.18,3.23,5471,5229,-0.23,0.03,1.39,-1.35,0.2278,0.8541,0.5375,0.5465,,True,예
코스피 종합지수,20일 → 말일-1,20,-1,560,0,560,-0.03,0.07,52.5,47.5,15.29,-15.66,3.73,2.49,2.82,294,266,11265,0,11265,0.22,0.18,52.54,47.43,44.84,-32.64,4.93,3.37,3.28,5919,5343,-0.25,-0.11,-0.04,0.07,0.2438,0.5245,0.967,1.0,,True,예
코스피 종합지수,20일 → 말일,20,0,560,0,560,0.17,0.22,53.04,46.96,20.33,-16.77,3.99,2.86,2.86,297,263,11825,0,11825,0.41,0.3,54.08,45.88,47.18,-27.14,5.0,3.53,3.27,6395,5425,-0.24,-0.08,-1.04,1.09,0.2448,0.6334,0.6503,0.6114,,False,예
코스피 종합지수,20일 → 말일+1,20,1,560,0,560,0.42,0.37,53.75,46.25,21.91,-19.5,4.19,3.27,2.9,301,259,12385,0,12385,0.64,0.46,55.61,44.3,41.04,-29.25,5.08,3.75,3.28,6887,5487,-0.22,-0.09,-1.86,1.95,0.2657,0.6474,0.4216,0.4006,,False,예
코스피 종합지수,20일 → 말일+2,20,2,560,0,560,0.48,0.31,54.82,45.0,22.09,-22.84,4.52,3.45,3.13,307,252,12385,0,12385,0.71,0.47,55.57,44.4,42.73,-32.19,5.36,4.01,3.42,6882,5499,-0.22,-0.15,-0.75,0.6,0.2817,0.3766,0.7692,0.8012,,False,예
코스피 종합지수,20일 → 말일+3,20,3,560,0,560,0.59,0.36,55.0,45.0,20.58,-22.34,4.74,3.71,3.22,308,252,12385,0,12385,0.81,0.47,54.86,45.1,43.1,-31.75,5.64,4.36,3.51,6795,5586,-0.22,-0.11,0.14,-0.1,0.2997,0.5894,1.0,1.0,,False,예
코스피 종합지수,21일 → 말일-3,21,-3,548,0,548,-0.22,0.01,50.36,49.64,13.41,-16.47,2.95,1.78,2.25,276,272,10145,0,10145,0.02,0.05,50.61,49.32,32.18,-30.6,4.66,3.14,3.18,5134,5004,-0.24,-0.05,-0.24,0.31,0.1958,0.7532,0.8931,0.8551,,True,예
코스피 종합지수,21일 → 말일-2,21,-2,556,0,556,-0.2,0.03,50.18,49.82,12.96,-18.99,3.25,2.05,2.46,279,277,10705,0,10705,0.05,0.07,51.11,48.85,34.54,-32.69,4.73,3.18,3.23,5471,5229,-0.24,-0.05,-0.93,0.97,0.2208,0.7263,0.6184,0.6244,,True,예
코스피 종합지수,21일 → 말일-1,21,-1,560,0,560,-0.04,0.17,53.04,46.96,17.46,-18.61,3.56,2.31,2.7,297,263,11265,0,11265,0.22,0.18,52.54,47.43,44.84,-32.64,4.93,3.37,3.28,5919,5343,-0.26,-0.01,0.49,-0.47,0.2328,0.994,0.7662,0.7992,,True,예
코스피 종합지수,21일 → 말일,21,0,560,0,560,0.16,0.21,53.57,46.25,22.6,-19.41,3.82,2.66,2.73,300,259,11825,0,11825,0.41,0.3,54.08,45.88,47.18,-27.14,5.0,3.53,3.27,6395,5425,-0.25,-0.1,-0.51,0.37,0.2298,0.5475,0.8462,0.8751,,False,예
코스피 종합지수,21일 → 말일+1,21,1,560,0,560,0.41,0.45,54.46,45.54,21.68,-22.31,4.01,3.09,2.8,305,255,12385,0,12385,0.64,0.46,55.61,44.3,41.04,-29.25,5.08,3.75,3.28,6887,5487,-0.23,-0.0,-1.14,1.23,0.2408,0.999,0.6364,0.6054,,False,예
코스피 종합지수,21일 → 말일+2,21,2,560,0,560,0.48,0.4,55.36,44.64,22.58,-25.53,4.36,3.33,3.06,310,250,12385,0,12385,0.71,0.47,55.57,44.4,42.73,-32.19,5.36,4.01,3.42,6882,5499,-0.23,-0.07,-0.21,0.24,0.2647,0.6903,0.9351,0.9021,,False,예
코스피 종합지수,21일 → 말일+3,21,3,560,0,560,0.58,0.38,55.0,45.0,22.84,-25.05,4.62,3.62,3.13,308,252,12385,0,12385,0.81,0.47,54.86,45.1,43.1,-31.75,5.64,4.36,3.51,6795,5586,-0.22,-0.09,0.14,-0.1,0.2857,0.6484,1.0,1.0,,False,예
코스피 종합지수,22일 → 말일-3,22,-3,537,0,537,-0.15,-0.07,48.42,51.58,10.39,-17.63,2.7,1.77,1.95,260,277,10145,0,10145,0.02,0.05,50.61,49.32,32.18,-30.6,4.66,3.14,3.18,5134,5004,-0.17,-0.12,-2.19,2.26,0.3756,0.4136,0.2737,0.2667,,False,예
코스피 종합지수,22일 → 말일-2,22,-2,550,0,550,-0.12,0.04,50.55,49.45,9.96,-16.69,3.06,1.99,2.28,278,272,10705,0,10705,0.05,0.07,51.11,48.85,34.54,-32.69,4.73,3.18,3.23,5471,5229,-0.17,-0.03,-0.56,0.61,0.3776,0.7962,0.7802,0.7433,,True,예
코스피 종합지수,22일 → 말일-1,22,-1,558,0,558,0.04,0.12,52.33,47.67,15.36,-19.33,3.43,2.3,2.44,292,266,11265,0,11265,0.22,0.18,52.54,47.43,44.84,-32.64,4.93,3.37,3.28,5919,5343,-0.18,-0.06,-0.21,0.24,0.4246,0.7243,1.0,0.964,,False,예
코스피 종합지수,22일 → 말일,22,0,560,0,560,0.25,0.27,53.39,46.61,19.34,-21.71,3.74,2.68,2.54,299,261,11825,0,11825,0.41,0.3,54.08,45.88,47.18,-27.14,5.0,3.53,3.27,6395,5425,-0.17,-0.03,-0.69,0.73,0.4206,0.8571,0.7722,0.7383,,False,예
코스피 종합지수,22일 → 말일+1,22,1,560,0,560,0.49,0.39,54.11,45.89,18.45,-19.01,3.89,3.11,2.61,303,257,12385,0,12385,0.64,0.46,55.61,44.3,41.04,-29.25,5.08,3.75,3.28,6887,5487,-0.15,-0.07,-1.5,1.59,0.4505,0.7363,0.5175,0.4965,,False,예
코스피 종합지수,22일 → 말일+2,22,2,560,0,560,0.56,0.27,55.36,44.64,19.32,-22.36,4.28,3.36,2.91,310,250,12385,0,12385,0.71,0.47,55.57,44.4,42.73,-32.19,5.36,4.01,3.42,6882,5499,-0.15,-0.2,-0.21,0.24,0.4555,0.2827,0.9351,0.9021,,False,예
코스피 종합지수,22일 → 말일+3,22,3,560,0,560,0.66,0.49,54.46,45.54,19.58,-21.86,4.55,3.73,3.01,305,255,12385,0,12385,0.81,0.47,54.86,45.1,43.1,-31.75,5.64,4.36,3.51,6795,5586,-0.14,0.02,-0.4,0.43,0.5045,0.9121,0.8482,0.8452,,False,예
코스피 종합지수,23일 → 말일-3,23,-3,517,0,517,-0.06,-0.01,49.71,50.29,13.75,-18.01,2.51,1.6,1.7,257,260,10145,0,10145,0.02,0.05,50.61,49.32,32.18,-30.6,4.66,3.14,3.18,5134,5004,-0.08,-0.06,-0.9,0.97,0.6424,0.6523,0.6274,0.6324,,False,예
코스피 종합지수,23일 → 말일-2,23,-2,541,0,541,-0.03,0.1,52.31,47.69,15.87,-20.2,2.84,1.82,2.05,283,258,10705,0,10705,0.05,0.07,51.11,48.85,34.54,-32.69,4.73,3.18,3.23,5471,5229,-0.07,0.03,1.2,-1.16,0.7013,0.8741,0.5784,0.6124,,True,예
코스피 종합지수,23일 → 말일-1,23,-1,553,0,553,0.14,0.19,53.89,46.11,15.83,-21.18,3.33,2.18,2.26,298,255,11265,0,11265,0.22,0.18,52.54,47.43,44.84,-32.64,4.93,3.37,3.28,5919,5343,-0.08,0.01,1.34,-1.32,0.7043,0.8751,0.4875,0.4915,,False,예
코스피 종합지수,23일 → 말일,23,0,560,0,560,0.34,0.28,54.64,45.18,19.34,-22.06,3.59,2.57,2.36,306,253,11825,0,11825,0.41,0.3,54.08,45.88,47.18,-27.14,5.0,3.53,3.27,6395,5425,-0.07,-0.03,0.56,-0.7,0.7103,0.8791,0.8092,0.7762,,False,예
코스피 종합지수,23일 → 말일+1,23,1,560,0,560,0.58,0.48,55.71,44.29,18.45,-19.01,3.76,3.0,2.47,312,248,12385,0,12385,0.64,0.46,55.61,44.3,41.04,-29.25,5.08,3.75,3.28,6887,5487,-0.05,0.02,0.11,-0.02,0.7443,0.8951,0.965,1.0,,False,예
코스피 종합지수,23일 → 말일+2,23,2,560,0,560,0.65,0.43,56.43,43.57,19.32,-22.36,4.15,3.28,2.75,316,244,12385,0,12385,0.71,0.47,55.57,44.4,42.73,-32.19,5.36,4.01,3.42,6882,5499,-0.06,-0.03,0.86,-0.83,0.7642,0.8232,0.7403,0.7682,,False,예
코스피 종합지수,23일 → 말일+3,23,3,560,0,560,0.76,0.54,56.43,43.39,19.58,-21.86,4.48,3.6,2.93,316,243,12385,0,12385,0.81,0.47,54.86,45.1,43.1,-31.75,5.64,4.36,3.51,6795,5586,-0.05,0.07,1.56,-1.71,0.8082,0.7193,0.4975,0.4476,,False,예
코스피 종합지수,24일 → 말일-3,24,-3,480,0,480,-0.04,0.08,51.04,48.96,8.11,-13.25,2.11,1.37,1.51,245,235,10145,0,10145,0.02,0.05,50.61,49.32,32.18,-30.6,4.66,3.14,3.18,5134,5004,-0.06,0.03,0.44,-0.37,0.7453,0.8881,0.8921,0.9251,,True,예
코스피 종합지수,24일 → 말일-2,24,-2,525,0,525,0.01,0.07,52.19,47.81,9.01,-15.36,2.45,1.63,1.76,274,251,10705,0,10705,0.05,0.07,51.11,48.85,34.54,-32.69,4.73,3.18,3.23,5471,5229,-0.04,-0.0,1.08,-1.04,0.8631,0.984,0.6174,0.6553,,False,예
코스피 종합지수,24일 → 말일-1,24,-1,544,0,544,0.16,0.17,53.31,46.69,15.55,-16.4,3.02,2.07,2.02,290,254,11265,0,11265,0.22,0.18,52.54,47.43,44.84,-32.64,4.93,3.37,3.28,5919,5343,-0.06,-0.01,0.77,-0.74,0.8102,0.981,0.7033,0.7053,,False,예
코스피 종합지수,24일 → 말일,24,0,555,0,555,0.36,0.22,54.41,45.59,18.57,-17.54,3.35,2.47,2.16,302,253,11825,0,11825,0.41,0.3,54.08,45.88,47.18,-27.14,5.0,3.53,3.27,6395,5425,-0.05,-0.09,0.33,-0.29,0.7822,0.5974,0.9131,0.9091,,False,예
코스피 종합지수,24일 → 말일+1,24,1,560,0,560,0.6,0.48,56.96,43.04,20.27,-12.91,3.59,2.87,2.4,319,241,12385,0,12385,0.64,0.46,55.61,44.3,41.04,-29.25,5.08,3.75,3.28,6887,5487,-0.04,0.02,1.36,-1.27,0.8082,0.8821,0.5475,0.5724,,False,예
코스피 종합지수,24일 → 말일+2,24,2,560,0,560,0.67,0.39,55.18,44.82,22.86,-16.37,4.05,3.32,2.59,309,251,12385,0,12385,0.71,0.47,55.57,44.4,42.73,-32.19,5.36,4.01,3.42,6882,5499,-0.04,-0.07,-0.39,0.42,0.8492,0.6693,0.8771,0.8551,,False,예
코스피 종합지수,24일 → 말일+3,24,3,560,0,560,0.78,0.49,54.64,45.36,25.86,-15.93,4.41,3.67,2.7,306,254,12385,0,12385,0.81,0.47,54.86,45.1,43.1,-31.75,5.64,4.36,3.51,6795,5586,-0.02,0.02,-0.22,0.25,0.8851,0.9291,0.9081,0.9061,,False,예
코스피 종합지수,25일 → 말일-3,25,-3,399,0,399,0.02,0.06,52.13,47.62,9.37,-9.97,1.84,1.19,1.25,208,190,10145,0,10145,0.02,0.05,50.61,49.32,32.18,-30.6,4.66,3.14,3.18,5134,5004,0.0,0.01,1.52,-1.71,0.998,0.975,0.5554,0.4905,,False,예
코스피 종합지수,25일 → 말일-2,25,-2,509,0,509,0.06,0.06,52.26,47.74,10.28,-15.36,2.18,1.48,1.5,266,243,10705,0,10705,0.05,0.07,51.11,48.85,34.54,-32.69,4.73,3.18,3.23,5471,5229,0.01,-0.01,1.15,-1.11,0.9121,0.9351,0.6144,0.6384,,False,예
코스피 종합지수,25일 → 말일-1,25,-1,536,0,536,0.19,0.1,52.43,47.57,15.55,-16.4,2.81,2.01,1.81,281,255,11265,0,11265,0.22,0.18,52.54,47.43,44.84,-32.64,4.93,3.37,3.28,5919,5343,-0.02,-0.08,-0.12,0.14,0.962,0.6214,1.0,1.0,,False,예
코스피 종합지수,25일 → 말일,25,0,555,0,555,0.39,0.21,54.59,45.23,18.57,-14.16,3.09,2.32,1.94,303,251,11825,0,11825,0.41,0.3,54.08,45.88,47.18,-27.14,5.0,3.53,3.27,6395,5425,-0.02,-0.09,0.51,-0.65,0.9111,0.5784,0.8452,0.7802,,False,예
코스피 종합지수,25일 → 말일+1,25,1,560,0,560,0.63,0.46,58.04,41.96,20.27,-10.86,3.42,2.7,2.23,325,235,12385,0,12385,0.64,0.46,55.61,44.3,41.04,-29.25,5.08,3.75,3.28,6887,5487,-0.0,0.0,2.43,-2.34,0.964,0.969,0.2727,0.2917,,False,예
코스피 종합지수,25일 → 말일+2,25,2,560,0,560,0.71,0.48,56.96,43.04,22.86,-16.28,3.9,3.1,2.46,319,241,12385,0,12385,0.71,0.47,55.57,44.4,42.73,-32.19,5.36,4.01,3.42,6882,5499,-0.0,0.01,1.4,-1.36,0.972,0.999,0.5504,0.5824,,False,예
코스피 종합지수,25일 → 말일+3,25,3,560,0,560,0.81,0.5,56.61,43.39,25.86,-15.93,4.25,3.45,2.63,317,243,12385,0,12385,0.81,0.47,54.86,45.1,43.1,-31.75,5.64,4.36,3.51,6795,5586,0.01,0.03,1.74,-1.71,0.994,0.8781,0.4505,0.4476,,False,예
KODEX 코스닥150,15일 → 말일-3,15,-3,131,0,131,-0.24,0.21,51.15,48.85,19.35,-17.43,4.71,3.25,3.89,67,64,2153,0,2153,-0.07,0.04,50.26,49.19,22.44,-28.75,4.97,3.45,3.66,1082,1059,-0.17,0.16,0.89,-0.33,0.6703,0.6743,0.9351,1.0,,True,예
KODEX 코스닥150,15일 → 말일-2,15,-2,131,0,131,-0.35,0.16,51.91,46.56,28.28,-22.45,5.52,3.46,4.62,68,61,2284,0,2284,-0.2,-0.04,49.34,50.18,31.61,-33.08,5.52,3.65,3.98,1127,1146,-0.16,0.2,2.57,-3.61,0.7203,0.5415,0.5764,0.3946,,True,예
KODEX 코스닥150,15일 → 말일-1,15,-1,131,0,131,-0.12,0.38,52.67,47.33,32.04,-26.07,5.82,3.86,4.55,69,62,2415,0,2415,0.05,0.13,51.14,48.53,35.46,-36.21,5.7,3.83,3.94,1235,1172,-0.17,0.25,1.53,-1.2,0.7293,0.4496,0.7173,0.7832,,True,예
KODEX 코스닥150,15일 → 말일,15,0,131,0,131,-0.11,0.0,49.62,49.62,29.42,-15.65,5.89,4.45,4.66,65,65,2546,0,2546,0.08,0.14,51.02,48.59,32.77,-27.22,5.58,3.97,4.01,1299,1237,-0.18,-0.14,-1.4,1.03,0.7213,0.8322,0.7612,0.8292,,False,예
KODEX 코스닥150,15일 → 말일+1,15,1,131,0,131,0.16,0.45,54.2,45.04,21.81,-13.07,5.53,4.27,4.78,71,59,2677,0,2677,0.35,0.29,52.48,47.03,24.97,-24.99,5.27,4.08,3.8,1405,1259,-0.19,0.15,1.71,-1.99,0.6863,0.8142,0.7233,0.7223,,False,예
KODEX 코스닥150,15일 → 말일+2,15,2,131,0,131,0.14,0.43,51.15,48.85,27.18,-15.39,6.12,4.88,4.81,67,64,2677,0,2677,0.34,0.34,52.37,47.18,30.47,-19.82,5.77,4.42,4.17,1402,1263,-0.2,0.09,-1.23,1.68,0.6903,0.8751,0.8711,0.7293,,False,예
KODEX 코스닥150,15일 → 말일+3,15,3,130,0,130,0.3,0.53,53.85,46.15,26.52,-18.28,6.47,4.96,5.14,70,60,2657,0,2657,0.41,0.57,54.42,45.43,29.79,-21.05,6.1,4.56,4.55,1446,1207,-0.12,-0.04,-0.58,0.73,0.8222,0.9391,0.9281,0.8581,,False,예
KODEX 코스닥150,16일 → 말일-3,16,-3,131,0,131,-0.35,-0.11,49.62,50.38,18.38,-12.78,4.33,2.95,3.61,65,66,2153,0,2153,-0.07,0.04,50.26,49.19,22.44,-28.75,4.97,3.45,3.66,1082,1059,-0.29,-0.16,-0.64,1.19,0.4805,0.6274,0.8621,0.7922,,False,예
KODEX 코스닥150,16일 → 말일-2,16,-2,131,0,131,-0.48,0.27,52.67,44.27,27.24,-18.08,5.18,3.13,4.79,69,58,2284,0,2284,-0.2,-0.04,49.34,50.18,31.61,-33.08,5.52,3.65,3.98,1127,1146,-0.28,0.31,3.33,-5.9,0.5445,0.3377,0.4496,0.1678,,True,예
KODEX 코스닥150,16일 → 말일-1,16,-1,131,0,131,-0.24,0.15,51.15,48.85,30.96,-21.91,5.53,3.65,4.31,67,64,2415,0,2415,0.05,0.13,51.14,48.53,35.46,-36.21,5.7,3.83,3.94,1235,1172,-0.29,0.02,0.01,0.32,0.5634,0.8631,1.0,1.0,,True,예
KODEX 코스닥150,16일 → 말일,16,0,131,0,131,-0.22,0.0,49.62,48.85,28.37,-11.22,5.66,4.05,4.57,65,64,2546,0,2546,0.08,0.14,51.02,48.59,32.77,-27.22,5.58,3.97,4.01,1299,1237,-0.3,-0.14,-1.4,0.27,0.5594,0.8322,0.7612,1.0,,False,예
KODEX 코스닥150,16일 → 말일+1,16,1,131,0,131,0.05,0.0,49.62,49.62,20.82,-11.06,5.32,4.38,4.29,65,65,2677,0,2677,0.35,0.29,52.48,47.03,24.97,-24.99,5.27,4.08,3.8,1405,1259,-0.3,-0.29,-2.87,2.59,0.4885,0.5045,0.5215,0.5205,,False,예
KODEX 코스닥150,16일 → 말일+2,16,2,131,0,131,0.03,0.52,51.91,47.33,26.14,-12.84,5.86,4.47,4.85,68,62,2677,0,2677,0.34,0.34,52.37,47.18,30.47,-19.82,5.77,4.42,4.17,1402,1263,-0.32,0.18,-0.46,0.15,0.5425,0.7532,1.0,1.0,,False,예
KODEX 코스닥150,16일 → 말일+3,16,3,130,0,130,0.18,0.92,53.08,46.15,25.49,-17.62,6.23,4.71,5.03,69,60,2657,0,2657,0.41,0.57,54.42,45.43,29.79,-21.05,6.1,4.56,4.55,1446,1207,-0.23,0.35,-1.35,0.73,0.6533,0.5445,0.7872,0.8581,,False,예
KODEX 코스닥150,17일 → 말일-3,17,-3,131,0,131,-0.35,0.36,50.38,49.62,18.38,-12.87,4.18,2.68,3.42,66,65,2153,0,2153,-0.07,0.04,50.26,49.19,22.44,-28.75,4.97,3.45,3.66,1082,1059,-0.28,0.31,0.13,0.43,0.4905,0.4186,1.0,0.9421,,True,예
KODEX 코스닥150,17일 → 말일-2,17,-2,131,0,131,-0.47,0.36,53.44,44.27,27.24,-18.08,5.0,2.82,4.46,70,58,2284,0,2284,-0.2,-0.04,49.34,50.18,31.61,-33.08,5.52,3.65,3.98,1127,1146,-0.27,0.4,4.09,-5.9,0.5514,0.2288,0.3477,0.1678,,True,예
KODEX 코스닥150,17일 → 말일-1,17,-1,131,0,131,-0.24,0.24,51.15,48.85,30.96,-21.91,5.32,3.42,4.06,67,64,2415,0,2415,0.05,0.13,51.14,48.53,35.46,-36.21,5.7,3.83,3.94,1235,1172,-0.28,0.11,0.01,0.32,0.5674,0.6923,1.0,1.0,,True,예
KODEX 코스닥150,17일 → 말일,17,0,131,0,131,-0.22,-0.24,48.85,50.38,28.37,-11.87,5.42,3.91,4.23,64,66,2546,0,2546,0.08,0.14,51.02,48.59,32.77,-27.22,5.58,3.97,4.01,1299,1237,-0.3,-0.38,-2.17,1.8,0.5604,0.4366,0.6214,0.6873,,False,예
KODEX 코스닥150,17일 → 말일+1,17,1,131,0,131,0.05,0.0,49.62,48.85,20.82,-11.75,5.13,4.16,4.12,65,64,2677,0,2677,0.35,0.29,52.48,47.03,24.97,-24.99,5.27,4.08,3.8,1405,1259,-0.3,-0.29,-2.87,1.82,0.4995,0.5045,0.5215,0.6424,,False,예
KODEX 코스닥150,17일 → 말일+2,17,2,131,0,131,0.03,0.52,54.96,45.04,26.14,-15.02,5.7,4.03,4.84,72,59,2677,0,2677,0.34,0.34,52.37,47.18,30.47,-19.82,5.77,4.42,4.17,1402,1263,-0.31,0.18,2.59,-2.14,0.5524,0.7532,0.5524,0.6753,,False,예
KODEX 코스닥150,17일 → 말일+3,17,3,130,0,130,0.18,0.97,55.38,44.62,25.49,-16.75,6.04,4.35,4.99,72,58,2657,0,2657,0.41,0.57,54.42,45.43,29.79,-21.05,6.1,4.56,4.55,1446,1207,-0.23,0.4,0.96,-0.81,0.6553,0.4785,0.8631,0.9381,,False,예
KODEX 코스닥150,18일 → 말일-3,18,-3,131,0,131,-0.27,-0.04,48.85,50.38,18.38,-12.78,4.0,2.65,3.11,64,66,2153,0,2153,-0.07,0.04,50.26,49.19,22.44,-28.75,4.97,3.45,3.66,1082,1059,-0.2,-0.08,-1.4,1.19,0.6084,0.8202,0.7363,0.7922,,False,예
KODEX 코스닥150,18일 → 말일-2,18,-2,131,0,131,-0.39,0.04,50.38,48.85,27.24,-18.08,4.84,2.89,3.79,66,64,2284,0,2284,-0.2,-0.04,49.34,50.18,31.61,-33.08,5.52,3.65,3.98,1127,1146,-0.2,0.08,1.04,-1.32,0.6603,0.8392,0.8571,0.7892,,True,예
KODEX 코스닥150,18일 → 말일-1,18,-1,131,0,131,-0.16,0.04,50.38,48.85,30.96,-21.91,5.17,3.31,3.74,66,64,2415,0,2415,0.05,0.13,51.14,48.53,35.46,-36.21,5.7,3.83,3.94,1235,1172,-0.21,-0.1,-0.76,0.32,0.6743,0.9121,0.9271,1.0,,True,예
KODEX 코스닥150,18일 → 말일,18,0,131,0,131,-0.14,-0.2,49.62,50.38,28.37,-11.23,5.32,3.7,3.93,65,66,2546,0,2546,0.08,0.14,51.02,48.59,32.77,-27.22,5.58,3.97,4.01,1299,1237,-0.22,-0.33,-1.4,1.8,0.6683,0.4735,0.7612,0.6873,,False,예
KODEX 코스닥150,18일 → 말일+1,18,1,131,0,131,0.13,-0.04,48.09,51.15,20.82,-10.02,4.93,4.13,3.63,63,67,2677,0,2677,0.35,0.29,52.48,47.03,24.97,-24.99,5.27,4.08,3.8,1405,1259,-0.22,-0.33,-4.39,4.11,0.6274,0.4486,0.3247,0.3157,,True,예
KODEX 코스닥150,18일 → 말일+2,18,2,131,0,131,0.11,0.18,51.15,48.85,26.14,-12.29,5.59,4.18,4.15,67,64,2677,0,2677,0.34,0.34,52.37,47.18,30.47,-19.82,5.77,4.42,4.17,1402,1263,-0.23,-0.15,-1.23,1.68,0.6434,0.8072,0.8711,0.7293,,False,예
KODEX 코스닥150,18일 → 말일+3,18,3,130,0,130,0.23,0.62,53.08,46.92,25.49,-16.5,5.96,4.44,4.53,69,61,2657,0,2657,0.41,0.57,54.42,45.43,29.79,-21.05,6.1,4.56,4.55,1446,1207,-0.19,0.05,-1.35,1.5,0.7303,0.957,0.7872,0.7203,,False,예
KODEX 코스닥150,19일 → 말일-3,19,-3,131,0,131,-0.23,-0.31,41.98,58.02,17.2,-12.78,3.91,2.88,2.49,55,76,2153,0,2153,-0.07,0.04,50.26,49.19,22.44,-28.75,4.97,3.45,3.66,1082,1059,-0.17,-0.35,-8.27,8.83,0.6723,0.3676,0.042,0.032,,False,예
KODEX 코스닥150,19일 → 말일-2,19,-2,131,0,131,-0.36,-0.34,44.27,55.73,25.98,-18.08,4.79,3.15,3.15,58,73,2284,0,2284,-0.2,-0.04,49.34,50.18,31.61,-33.08,5.52,3.65,3.98,1127,1146,-0.16,-0.3,-5.07,5.55,0.7133,0.3277,0.2388,0.2018,,False,예
KODEX 코스닥150,19일 → 말일-1,19,-1,131,0,131,-0.12,-0.16,48.85,50.38,29.67,-21.91,5.13,3.26,3.41,64,66,2415,0,2415,0.05,0.13,51.14,48.53,35.46,-36.21,5.7,3.83,3.94,1235,1172,-0.17,-0.3,-2.28,1.85,0.7243,0.5634,0.6513,0.7253,,False,예
KODEX 코스닥150,19일 → 말일,19,0,131,0,131,-0.1,0.17,50.38,49.62,28.6,-12.04,5.38,3.58,3.84,66,65,2546,0,2546,0.08,0.14,51.02,48.59,32.77,-27.22,5.58,3.97,4.01,1299,1237,-0.18,0.04,-0.64,1.03,0.7293,0.8581,0.9171,0.8292,,True,예
KODEX 코스닥150,19일 → 말일+1,19,1,131,0,131,0.17,-0.08,47.33,51.91,23.89,-11.93,4.96,4.02,3.35,62,68,2677,0,2677,0.35,0.29,52.48,47.03,24.97,-24.99,5.27,4.08,3.8,1405,1259,-0.19,-0.37,-5.16,4.88,0.6943,0.3896,0.2328,0.2308,,True,예
KODEX 코스닥150,19일 → 말일+2,19,2,131,0,131,0.16,0.12,50.38,49.62,27.15,-16.15,5.77,4.23,3.98,66,65,2677,0,2677,0.34,0.34,52.37,47.18,30.47,-19.82,5.77,4.42,4.17,1402,1263,-0.19,-0.22,-1.99,2.44,0.7093,0.7303,0.7463,0.6124,,False,예
KODEX 코스닥150,19일 → 말일+3,19,3,130,0,130,0.27,0.18,50.77,49.23,27.98,-18.15,6.01,4.52,4.11,66,64,2657,0,2657,0.41,0.57,54.42,45.43,29.79,-21.05,6.1,4.56,4.55,1446,1207,-0.14,-0.39,-3.65,3.8,0.7822,0.4665,0.4226,0.3646,,False,예
KODEX 코스닥150,20일 → 말일-3,20,-3,130,0,130,-0.3,-0.47,43.85,55.38,16.55,-10.15,3.61,2.59,2.6,57,72,2153,0,2153,-0.07,0.04,50.26,49.19,22.44,-28.75,4.97,3.45,3.66,1082,1059,-0.23,-0.52,-6.41,6.2,0.5534,0.1598,0.1179,0.1349,,False,예
KODEX 코스닥150,20일 → 말일-2,20,-2,131,0,131,-0.43,-0.31,44.27,54.96,25.28,-12.08,4.41,2.9,3.12,58,72,2284,0,2284,-0.2,-0.04,49.34,50.18,31.61,-33.08,5.52,3.65,3.98,1127,1146,-0.23,-0.27,-5.07,4.79,0.6104,0.3886,0.2388,0.2687,,False,예
KODEX 코스닥150,20일 → 말일-1,20,-1,131,0,131,-0.2,-0.47,45.8,53.44,28.95,-15.9,4.68,3.2,3.12,60,70,2415,0,2415,0.05,0.13,51.14,48.53,35.46,-36.21,5.7,3.83,3.94,1235,1172,-0.25,-0.61,-5.34,4.91,0.6144,0.1838,0.2358,0.2677,,False,예
KODEX 코스닥150,20일 → 말일,20,0,131,0,131,-0.18,-0.45,46.56,53.44,26.39,-12.04,4.87,3.49,3.38,61,70,2546,0,2546,0.08,0.14,51.02,48.59,32.77,-27.22,5.58,3.97,4.01,1299,1237,-0.26,-0.59,-4.46,4.85,0.6164,0.1978,0.3197,0.2777,,False,예
KODEX 코스닥150,20일 → 말일+1,20,1,131,0,131,0.09,-0.26,46.56,52.67,18.96,-11.93,4.51,3.79,3.17,61,69,2677,0,2677,0.35,0.29,52.48,47.03,24.97,-24.99,5.27,4.08,3.8,1405,1259,-0.26,-0.56,-5.92,5.64,0.5664,0.1888,0.1588,0.1678,,True,예
KODEX 코스닥150,20일 → 말일+2,20,2,131,0,131,0.09,-0.36,47.33,51.91,24.2,-15.65,5.38,4.25,3.71,62,68,2677,0,2677,0.34,0.34,52.37,47.18,30.47,-19.82,5.77,4.42,4.17,1402,1263,-0.26,-0.7,-5.04,4.73,0.6144,0.1638,0.2907,0.2937,,True,예
KODEX 코스닥150,20일 → 말일+3,20,3,130,0,130,0.22,0.32,52.31,46.92,23.55,-18.15,5.66,4.19,4.2,68,61,2657,0,2657,0.41,0.57,54.42,45.43,29.79,-21.05,6.1,4.56,4.55,1446,1207,-0.19,-0.25,-2.11,1.5,0.7133,0.6274,0.6543,0.7203,,False,예
KODEX 코스닥150,21일 → 말일-3,21,-3,130,0,130,-0.12,-0.21,44.62,53.08,22.44,-9.63,3.49,2.43,2.26,58,69,2153,0,2153,-0.07,0.04,50.26,49.19,22.44,-28.75,4.97,3.45,3.66,1082,1059,-0.05,-0.25,-5.64,3.89,0.8761,0.4755,0.1668,0.3726,,False,예
KODEX 코스닥150,21일 → 말일-2,21,-2,130,0,130,-0.25,-0.2,46.15,53.08,31.61,-12.08,4.46,2.73,2.85,60,69,2284,0,2284,-0.2,-0.04,49.34,50.18,31.61,-33.08,5.52,3.65,3.98,1127,1146,-0.05,-0.16,-3.19,2.9,0.8961,0.6124,0.4545,0.5155,,False,예
KODEX 코스닥150,21일 → 말일-1,21,-1,131,0,131,-0.02,0.0,49.62,49.62,35.46,-16.17,4.76,2.89,2.92,65,65,2415,0,2415,0.05,0.13,51.14,48.53,35.46,-36.21,5.7,3.83,3.94,1235,1172,-0.06,-0.13,-1.52,1.09,0.8921,0.8611,0.7862,0.8591,,False,예
KODEX 코스닥150,21일 → 말일,21,0,131,0,131,0.0,-0.37,45.8,54.2,32.77,-12.04,4.95,3.49,2.94,60,71,2546,0,2546,0.08,0.14,51.02,48.59,32.77,-27.22,5.58,3.97,4.01,1299,1237,-0.07,-0.5,-5.22,5.61,0.8961,0.2767,0.2388,0.2018,,True,예
KODEX 코스닥150,21일 → 말일+1,21,1,131,0,131,0.28,-0.1,48.85,50.38,24.97,-11.93,4.52,3.61,2.95,64,66,2677,0,2677,0.35,0.29,52.48,47.03,24.97,-24.99,5.27,4.08,3.8,1405,1259,-0.08,-0.39,-3.63,3.35,0.8741,0.3546,0.4036,0.4116,,True,예
KODEX 코스닥150,21일 → 말일+2,21,2,131,0,131,0.27,-0.14,48.85,51.15,30.47,-15.65,5.42,4.12,3.41,64,67,2677,0,2677,0.34,0.34,52.37,47.18,30.47,-19.82,5.77,4.42,4.17,1402,1263,-0.08,-0.48,-3.52,3.97,0.8871,0.3786,0.4795,0.3756,,True,예
KODEX 코스닥150,21일 → 말일+3,21,3,130,0,130,0.36,0.31,54.62,45.38,29.79,-18.15,5.69,3.98,4.0,71,59,2657,0,2657,0.41,0.57,54.42,45.43,29.79,-21.05,6.1,4.56,4.55,1446,1207,-0.05,-0.26,0.19,-0.04,0.9071,0.6174,1.0,1.0,,False,예
KODEX 코스닥150,22일 → 말일-3,22,-3,126,0,126,-0.06,-0.02,50.0,50.0,19.05,-10.32,3.2,2.09,2.2,63,63,2153,0,2153,-0.07,0.04,50.26,49.19,22.44,-28.75,4.97,3.45,3.66,1082,1059,0.01,-0.06,-0.26,0.81,0.995,0.8501,0.9391,0.8681,,False,예
KODEX 코스닥150,22일 → 말일-2,22,-2,130,0,130,-0.19,-0.28,46.15,53.08,27.96,-12.76,4.14,2.58,2.59,60,69,2284,0,2284,-0.2,-0.04,49.34,50.18,31.61,-33.08,5.52,3.65,3.98,1127,1146,0.01,-0.24,-3.19,2.9,0.989,0.4605,0.4545,0.5155,,False,예
KODEX 코스닥150,22일 → 말일-1,22,-1,131,0,131,0.05,0.31,53.44,46.56,31.71,-15.33,4.46,2.62,2.9,70,61,2415,0,2415,0.05,0.13,51.14,48.53,35.46,-36.21,5.7,3.83,3.94,1235,1172,0.0,0.18,2.3,-1.97,0.992,0.5824,0.5874,0.6543,,False,예
KODEX 코스닥150,22일 → 말일,22,0,131,0,131,0.07,-0.1,48.09,51.91,29.09,-12.72,4.68,3.29,2.92,63,68,2546,0,2546,0.08,0.14,51.02,48.59,32.77,-27.22,5.58,3.97,4.01,1299,1237,-0.01,-0.23,-2.93,3.32,0.966,0.6294,0.5105,0.4615,,True,예
KODEX 코스닥150,22일 → 말일+1,22,1,131,0,131,0.34,0.23,52.67,45.8,21.51,-12.61,4.28,3.32,3.07,69,60,2677,0,2677,0.35,0.29,52.48,47.03,24.97,-24.99,5.27,4.08,3.8,1405,1259,-0.01,-0.07,0.19,-1.23,0.973,0.8362,1.0,0.8501,,False,예
KODEX 코스닥150,22일 → 말일+2,22,2,131,0,131,0.34,0.0,48.85,49.62,26.86,-15.65,5.24,4.21,3.47,64,65,2677,0,2677,0.34,0.34,52.37,47.18,30.47,-19.82,5.77,4.42,4.17,1402,1263,-0.01,-0.34,-3.52,2.44,0.995,0.5894,0.4795,0.6124,,False,예
KODEX 코스닥150,22일 → 말일+3,22,3,130,0,130,0.42,0.59,56.92,43.08,26.2,-18.03,5.48,3.87,4.13,74,56,2657,0,2657,0.41,0.57,54.42,45.43,29.79,-21.05,6.1,4.56,4.55,1446,1207,0.01,0.02,2.5,-2.35,0.977,0.995,0.5874,0.6573,,False,예
KODEX 코스닥150,23일 → 말일-3,23,-3,121,0,121,0.16,0.07,51.24,48.76,14.09,-11.6,3.09,2.15,1.93,62,59,2153,0,2153,-0.07,0.04,50.26,49.19,22.44,-28.75,4.97,3.45,3.66,1082,1059,0.23,0.02,0.98,-0.43,0.6144,0.966,0.9341,1.0,,False,예
KODEX 코스닥150,23일 → 말일-2,23,-2,129,0,129,0.01,0.05,50.39,48.84,22.63,-16.98,3.87,2.41,2.45,65,63,2284,0,2284,-0.2,-0.04,49.34,50.18,31.61,-33.08,5.52,3.65,3.98,1127,1146,0.21,0.09,1.04,-1.34,0.6464,0.8212,0.8422,0.7892,,False,예
KODEX 코스닥150,23일 → 말일-1,23,-1,131,0,131,0.25,0.3,51.91,48.09,26.22,-20.86,4.33,2.74,2.43,68,63,2415,0,2415,0.05,0.13,51.14,48.53,35.46,-36.21,5.7,3.83,3.94,1235,1172,0.21,0.17,0.77,-0.44,0.6863,0.6074,0.8482,0.9271,,False,예
KODEX 코스닥150,23일 → 말일,23,0,131,0,131,0.27,0.15,53.44,46.56,24.71,-9.7,4.45,2.92,2.78,70,61,2546,0,2546,0.08,0.14,51.02,48.59,32.77,-27.22,5.58,3.97,4.01,1299,1237,0.19,0.01,2.41,-2.02,0.6513,0.9231,0.5674,0.6164,,False,예
KODEX 코스닥150,23일 → 말일+1,23,1,131,0,131,0.54,0.5,55.73,41.98,20.15,-9.42,4.08,3.15,2.89,73,55,2677,0,2677,0.35,0.29,52.48,47.03,24.97,-24.99,5.27,4.08,3.8,1405,1259,0.19,0.2,3.24,-5.05,0.6933,0.7303,0.4625,0.2717,,False,예
KODEX 코스닥150,23일 → 말일+2,23,2,131,0,131,0.52,0.41,51.91,48.09,23.3,-14.55,4.83,3.79,3.0,68,63,2677,0,2677,0.34,0.34,52.37,47.18,30.47,-19.82,5.77,4.42,4.17,1402,1263,0.18,0.07,-0.46,0.91,0.7023,0.9101,1.0,0.8791,,False,예
KODEX 코스닥150,23일 → 말일+3,23,3,130,0,130,0.62,0.9,59.23,40.77,24.11,-17.42,5.13,3.62,3.74,77,53,2657,0,2657,0.41,0.57,54.42,45.43,29.79,-21.05,6.1,4.56,4.55,1446,1207,0.2,0.33,4.81,-4.66,0.6923,0.5624,0.2677,0.3157,,False,예
KODEX 코스닥150,24일 → 말일-3,24,-3,110,0,110,0.18,0.0,49.09,49.09,14.09,-6.86,2.33,1.8,1.44,54,54,2153,0,2153,-0.07,0.04,50.26,49.19,22.44,-28.75,4.97,3.45,3.66,1082,1059,0.25,-0.04,-1.16,-0.1,0.6064,0.9091,0.8611,1.0,,False,예
KODEX 코스닥150,24일 → 말일-2,24,-2,125,0,125,0.07,0.14,52.0,47.2,22.63,-11.07,3.22,2.02,2.08,65,59,2284,0,2284,-0.2,-0.04,49.34,50.18,31.61,-33.08,5.52,3.65,3.98,1127,1146,0.27,0.18,2.66,-2.98,0.5784,0.6294,0.5794,0.5644,,False,예
KODEX 코스닥150,24일 → 말일-1,24,-1,130,0,130,0.3,0.34,57.69,41.54,26.22,-15.23,3.71,2.23,2.38,75,54,2415,0,2415,0.05,0.13,51.14,48.53,35.46,-36.21,5.7,3.83,3.94,1235,1172,0.25,0.21,6.55,-6.99,0.6204,0.5245,0.1289,0.1039,,False,예
KODEX 코스닥150,24일 → 말일,24,0,131,0,131,0.31,0.28,56.49,43.51,23.72,-8.07,3.87,2.6,2.66,74,57,2546,0,2546,0.08,0.14,51.02,48.59,32.77,-27.22,5.58,3.97,4.01,1299,1237,0.24,0.14,5.47,-5.07,0.5824,0.6503,0.2128,0.2448,,False,예
KODEX 코스닥150,24일 → 말일+1,24,1,131,0,131,0.6,0.29,54.2,44.27,16.45,-9.42,3.72,3.15,2.5,71,58,2677,0,2677,0.35,0.29,52.48,47.03,24.97,-24.99,5.27,4.08,3.8,1405,1259,0.25,-0.01,1.71,-2.76,0.5944,0.9321,0.7233,0.5804,,False,예
KODEX 코스닥150,24일 → 말일+2,24,2,131,0,131,0.59,0.47,54.2,45.8,21.58,-15.31,4.61,3.71,3.12,71,60,2677,0,2677,0.34,0.34,52.37,47.18,30.47,-19.82,5.77,4.42,4.17,1402,1263,0.24,0.13,1.83,-1.38,0.6224,0.8222,0.6773,0.8092,,False,예
KODEX 코스닥150,24일 → 말일+3,24,3,130,0,130,0.69,0.59,55.38,44.62,20.94,-16.62,4.87,3.93,3.32,72,58,2657,0,2657,0.41,0.57,54.42,45.43,29.79,-21.05,6.1,4.56,4.55,1446,1207,0.28,0.02,0.96,-0.81,0.5864,0.987,0.8631,0.9381,,False,예
KODEX 코스닥150,25일 → 말일-3,25,-3,84,0,84,0.21,0.21,57.14,42.86,14.09,-5.32,2.33,1.47,1.46,48,36,2153,0,2153,-0.07,0.04,50.26,49.19,22.44,-28.75,4.97,3.45,3.66,1082,1059,0.28,0.17,6.89,-6.33,0.5884,0.7033,0.2058,0.2478,,False,예
KODEX 코스닥150,25일 → 말일-2,25,-2,120,0,120,0.08,0.14,52.5,45.83,22.63,-11.07,3.11,1.8,1.88,63,55,2284,0,2284,-0.2,-0.04,49.34,50.18,31.61,-33.08,5.52,3.65,3.98,1127,1146,0.28,0.18,3.16,-4.34,0.5784,0.6464,0.5025,0.3407,,False,예
KODEX 코스닥150,25일 → 말일-1,25,-1,128,0,128,0.25,0.35,57.03,42.97,26.22,-15.23,3.6,2.1,2.21,73,55,2415,0,2415,0.05,0.13,51.14,48.53,35.46,-36.21,5.7,3.83,3.94,1235,1172,0.2,0.22,5.89,-5.56,0.6983,0.5115,0.1738,0.2028,,False,예
KODEX 코스닥150,25일 → 말일,25,0,131,0,131,0.26,0.45,56.49,43.51,23.72,-9.68,3.8,2.49,2.63,74,57,2546,0,2546,0.08,0.14,51.02,48.59,32.77,-27.22,5.58,3.97,4.01,1299,1237,0.19,0.31,5.47,-5.07,0.6563,0.4296,0.2128,0.2448,,False,예
KODEX 코스닥150,25일 → 말일+1,25,1,131,0,131,0.54,0.6,54.96,44.27,16.45,-9.42,3.58,2.99,2.48,72,58,2677,0,2677,0.35,0.29,52.48,47.03,24.97,-24.99,5.27,4.08,3.8,1405,1259,0.19,0.31,2.48,-2.76,0.6933,0.5694,0.5874,0.5804,,False,예
KODEX 코스닥150,25일 → 말일+2,25,2,131,0,131,0.53,0.71,53.44,45.8,21.58,-15.38,4.49,3.6,3.04,70,60,2677,0,2677,0.34,0.34,52.37,47.18,30.47,-19.82,5.77,4.42,4.17,1402,1263,0.19,0.37,1.06,-1.38,0.6963,0.5105,0.8052,0.8092,,False,예
KODEX 코스닥150,25일 → 말일+3,25,3,130,0,130,0.65,0.56,55.38,44.62,20.94,-15.64,4.73,3.79,3.26,72,58,2657,0,2657,0.41,0.57,54.42,45.43,29.79,-21.05,6.1,4.56,4.55,1446,1207,0.23,-0.01,0.96,-0.81,0.6543,0.963,0.8631,0.9381,,False,예
KODEX 코스닥150선물인버스,15일 → 말일-3,15,-3,121,0,121,0.18,0.14,50.41,49.59,19.01,-18.32,4.97,3.9,3.61,61,60,1981,0,1981,-0.14,-0.35,45.99,52.8,34.75,-20.14,5.08,3.83,3.6,911,1046,0.32,0.49,4.43,-3.21,0.4785,0.2498,0.3417,0.5075,,False,예
KODEX 코스닥150선물인버스,15일 → 말일-2,15,-2,121,0,121,0.43,-0.34,46.28,52.07,25.94,-24.43,5.85,5.03,3.65,56,63,2102,0,2102,0.12,-0.19,47.0,51.67,42.6,-26.11,5.71,4.36,3.73,988,1086,0.31,-0.14,-0.72,0.4,0.4885,0.7363,0.8472,0.9281,,True,예
KODEX 코스닥150선물인버스,15일 → 말일-1,15,-1,121,0,121,0.13,-0.57,46.28,52.89,32.28,-26.35,6.11,4.92,4.05,56,64,2223,0,2223,-0.17,-0.42,45.7,53.26,49.78,-27.99,5.9,4.24,3.96,1016,1184,0.31,-0.15,0.58,-0.37,0.5355,0.6543,0.9281,1.0,,True,예
KODEX 코스닥150선물인버스,15일 → 말일,15,0,121,0,121,0.13,-0.06,49.59,50.41,14.06,-24.61,5.94,4.86,4.52,60,61,2344,0,2344,-0.19,-0.36,46.2,52.82,29.15,-26.28,5.62,4.24,4.08,1083,1238,0.32,0.3,3.38,-2.4,0.5025,0.5305,0.4496,0.6474,,True,예
KODEX 코스닥150선물인버스,15일 → 말일+1,15,1,121,0,121,-0.25,-0.79,45.45,54.55,12.66,-20.42,5.59,4.8,4.46,55,66,2465,0,2465,-0.54,-0.69,43.69,54.93,24.22,-22.18,5.34,4.0,4.17,1077,1354,0.3,-0.1,1.76,-0.38,0.5275,0.7473,0.7003,1.0,,False,예
KODEX 코스닥150선물인버스,15일 → 말일+2,15,2,121,0,121,-0.17,-0.75,48.76,51.24,15.22,-24.08,6.13,4.89,4.98,59,62,2465,0,2465,-0.49,-0.69,44.5,54.93,22.2,-25.77,5.82,4.41,4.46,1097,1354,0.32,-0.06,4.26,-3.69,0.5554,0.8831,0.3367,0.4386,,False,예
KODEX 코스닥150선물인버스,15일 → 말일+3,15,3,120,0,120,-0.31,-0.65,45.83,53.33,21.11,-23.56,6.67,5.32,5.15,55,64,2445,0,2445,-0.54,-0.93,42.82,56.4,25.43,-25.26,6.26,4.89,4.67,1047,1379,0.23,0.28,3.01,-3.07,0.6713,0.6753,0.5105,0.5145,,False,예
KODEX 코스닥150선물인버스,16일 → 말일-3,16,-3,121,0,121,0.26,0.14,51.24,48.76,12.34,-17.61,4.53,3.63,3.28,62,59,1981,0,1981,-0.14,-0.35,45.99,52.8,34.75,-20.14,5.08,3.83,3.6,911,1046,0.4,0.49,5.25,-4.04,0.3666,0.2498,0.2577,0.3996,,False,예
KODEX 코스닥150선물인버스,16일 → 말일-2,16,-2,121,0,121,0.51,-0.49,44.63,55.37,18.88,-23.77,5.4,5.11,3.2,54,67,2102,0,2102,0.12,-0.19,47.0,51.67,42.6,-26.11,5.71,4.36,3.73,988,1086,0.39,-0.3,-2.37,3.71,0.4056,0.4336,0.5564,0.3736,,True,예
KODEX 코스닥150선물인버스,16일 → 말일-1,16,-1,121,0,121,0.22,-0.54,47.11,52.07,24.86,-25.7,5.68,4.68,3.82,57,63,2223,0,2223,-0.17,-0.42,45.7,53.26,49.78,-27.99,5.9,4.24,3.96,1016,1184,0.39,-0.12,1.4,-1.2,0.4306,0.6993,0.7682,0.8511,,True,예
KODEX 코스닥150선물인버스,16일 → 말일,16,0,121,0,121,0.22,-0.06,48.76,50.41,11.8,-23.94,5.68,4.76,4.17,59,61,2344,0,2344,-0.19,-0.36,46.2,52.82,29.15,-26.28,5.62,4.24,4.08,1083,1238,0.41,0.3,2.56,-2.4,0.4056,0.5305,0.5714,0.6474,,True,예
KODEX 코스닥150선물인버스,16일 → 말일+1,16,1,121,0,121,-0.16,-0.09,49.59,50.41,11.67,-19.72,5.41,4.3,4.53,60,61,2465,0,2465,-0.54,-0.69,43.69,54.93,24.22,-22.18,5.34,4.0,4.17,1077,1354,0.39,0.59,5.9,-4.52,0.3996,0.2697,0.1868,0.3377,,False,예
KODEX 코스닥150선물인버스,16일 → 말일+2,16,2,121,0,121,-0.08,-0.73,46.28,52.07,11.71,-23.42,5.92,5.07,4.65,56,63,2465,0,2465,-0.49,-0.69,44.5,54.93,22.2,-25.77,5.82,4.41,4.46,1097,1354,0.41,-0.04,1.78,-2.86,0.4356,0.8951,0.7093,0.5724,,False,예
KODEX 코스닥150선물인버스,16일 → 말일+3,16,3,120,0,120,-0.22,-0.93,42.5,55.83,20.62,-22.89,6.47,5.68,4.71,51,67,2445,0,2445,-0.54,-0.93,42.82,56.4,25.43,-25.26,6.26,4.89,4.67,1047,1379,0.32,0.01,-0.32,-0.57,0.5475,0.987,1.0,0.9401,,False,예
KODEX 코스닥150선물인버스,17일 → 말일-3,17,-3,121,0,121,0.27,0.14,50.41,49.59,12.47,-17.61,4.36,3.47,2.98,61,60,1981,0,1981,-0.14,-0.35,45.99,52.8,34.75,-20.14,5.08,3.83,3.6,911,1046,0.41,0.49,4.43,-3.21,0.3457,0.2498,0.3417,0.5075,,False,예
KODEX 코스닥150선물인버스,17일 → 말일-2,17,-2,121,0,121,0.52,-0.56,45.45,54.55,18.88,-23.77,5.21,4.7,2.96,55,66,2102,0,2102,0.12,-0.19,47.0,51.67,42.6,-26.11,5.71,4.36,3.73,988,1086,0.4,-0.37,-1.55,2.88,0.3896,0.3247,0.7093,0.5095,,True,예
KODEX 코스닥150선물인버스,17일 → 말일-1,17,-1,121,0,121,0.22,-0.27,47.11,51.24,24.86,-25.7,5.44,4.41,3.62,57,62,2223,0,2223,-0.17,-0.42,45.7,53.26,49.78,-27.99,5.9,4.24,3.96,1016,1184,0.4,0.15,1.4,-2.02,0.4136,0.7802,0.7682,0.7233,,True,예
KODEX 코스닥150선물인버스,17일 → 말일,17,0,121,0,121,0.22,0.11,50.41,48.76,12.44,-23.94,5.44,4.36,4.04,61,59,2344,0,2344,-0.19,-0.36,46.2,52.82,29.15,-26.28,5.62,4.24,4.08,1083,1238,0.42,0.46,4.21,-4.06,0.3966,0.3237,0.3377,0.3826,,False,예
KODEX 코스닥150선물인버스,17일 → 말일+1,17,1,121,0,121,-0.15,-0.14,48.76,50.41,12.66,-19.72,5.22,4.12,4.27,59,61,2465,0,2465,-0.54,-0.69,43.69,54.93,24.22,-22.18,5.34,4.0,4.17,1077,1354,0.4,0.54,5.07,-4.52,0.3906,0.3117,0.2498,0.3377,,False,예
KODEX 코스닥150선물인버스,17일 → 말일+2,17,2,121,0,121,-0.07,-0.77,44.63,54.55,14.39,-23.42,5.73,5.01,4.23,54,66,2465,0,2465,-0.49,-0.69,44.5,54.93,22.2,-25.77,5.82,4.41,4.46,1097,1354,0.42,-0.08,0.13,-0.38,0.4256,0.8751,1.0,1.0,,False,예
KODEX 코스닥150선물인버스,17일 → 말일+3,17,3,120,0,120,-0.21,-1.34,41.67,57.5,19.24,-22.89,6.24,5.57,4.4,50,69,2445,0,2445,-0.54,-0.93,42.82,56.4,25.43,-25.26,6.26,4.89,4.67,1047,1379,0.33,-0.4,-1.16,1.1,0.5405,0.5574,0.8631,0.8482,,False,예
KODEX 코스닥150선물인버스,18일 → 말일-3,18,-3,121,0,121,0.17,0.13,51.24,47.93,12.34,-17.61,4.17,3.09,2.94,62,58,1981,0,1981,-0.14,-0.35,45.99,52.8,34.75,-20.14,5.08,3.83,3.6,911,1046,0.31,0.48,5.25,-4.87,0.4845,0.2667,0.2577,0.3087,,False,예
KODEX 코스닥150선물인버스,18일 → 말일-2,18,-2,121,0,121,0.42,-0.11,47.93,50.41,18.88,-23.77,5.04,4.11,3.08,58,61,2102,0,2102,0.12,-0.19,47.0,51.67,42.6,-26.11,5.71,4.36,3.73,988,1086,0.3,0.08,0.93,-1.25,0.5045,0.8811,0.9221,0.8571,,True,예
KODEX 코스닥150선물인버스,18일 → 말일-1,18,-1,121,0,121,0.12,-0.27,47.11,52.89,24.86,-25.7,5.3,4.06,3.38,57,64,2223,0,2223,-0.17,-0.42,45.7,53.26,49.78,-27.99,5.9,4.24,3.96,1016,1184,0.29,0.15,1.4,-0.37,0.5514,0.7802,0.7682,1.0,,True,예
KODEX 코스닥150선물인버스,18일 → 말일,18,0,121,0,121,0.13,0.23,51.24,47.93,12.48,-23.94,5.33,3.99,4.0,62,58,2344,0,2344,-0.19,-0.36,46.2,52.82,29.15,-26.28,5.62,4.24,4.08,1083,1238,0.32,0.59,5.04,-4.88,0.5085,0.2068,0.2587,0.3007,,False,예
KODEX 코스닥150선물인버스,18일 → 말일+1,18,1,121,0,121,-0.25,-0.15,47.11,50.41,10.83,-19.72,5.01,3.91,4.14,57,61,2465,0,2465,-0.54,-0.69,43.69,54.93,24.22,-22.18,5.34,4.0,4.17,1077,1354,0.3,0.54,3.42,-4.52,0.5275,0.3247,0.4446,0.3377,,False,예
KODEX 코스닥150선물인버스,18일 → 말일+2,18,2,121,0,121,-0.17,-0.55,47.93,51.24,11.45,-23.42,5.62,4.29,4.34,58,62,2465,0,2465,-0.49,-0.69,44.5,54.93,22.2,-25.77,5.82,4.41,4.46,1097,1354,0.32,0.14,3.43,-3.69,0.5514,0.8172,0.4316,0.4386,,False,예
KODEX 코스닥150선물인버스,18일 → 말일+3,18,3,120,0,120,-0.27,-0.95,45.0,53.33,18.74,-22.89,6.16,4.93,4.67,54,64,2445,0,2445,-0.54,-0.93,42.82,56.4,25.43,-25.26,6.26,4.89,4.67,1047,1379,0.27,-0.02,2.18,-3.07,0.6194,0.991,0.6404,0.5145,,False,예
KODEX 코스닥150선물인버스,19일 → 말일-3,19,-3,121,0,121,0.13,0.25,54.55,45.45,12.34,-16.74,4.03,2.62,2.86,66,55,1981,0,1981,-0.14,-0.35,45.99,52.8,34.75,-20.14,5.08,3.83,3.6,911,1046,0.27,0.6,8.56,-7.35,0.5534,0.1678,0.0659,0.1139,,False,예
KODEX 코스닥150선물인버스,19일 → 말일-2,19,-2,121,0,121,0.38,0.14,51.24,46.28,18.88,-22.95,4.94,3.59,3.16,62,56,2102,0,2102,0.12,-0.19,47.0,51.67,42.6,-26.11,5.71,4.36,3.73,988,1086,0.26,0.33,4.24,-5.38,0.5644,0.3836,0.3776,0.2527,,False,예
KODEX 코스닥150선물인버스,19일 → 말일-1,19,-1,121,0,121,0.08,-0.11,47.11,50.41,24.86,-24.91,5.22,3.75,3.34,57,61,2223,0,2223,-0.17,-0.42,45.7,53.26,49.78,-27.99,5.9,4.24,3.96,1016,1184,0.25,0.31,1.4,-2.85,0.6324,0.5485,0.7682,0.5824,,True,예
KODEX 코스닥150선물인버스,19일 → 말일,19,0,121,0,121,0.09,0.32,52.07,47.11,12.85,-24.85,5.26,3.74,3.95,63,57,2344,0,2344,-0.19,-0.36,46.2,52.82,29.15,-26.28,5.62,4.24,4.08,1083,1238,0.28,0.68,5.86,-5.71,0.5674,0.1499,0.1968,0.2188,,False,예
KODEX 코스닥150선물인버스,19일 → 말일+1,19,1,121,0,121,-0.29,0.0,49.59,47.93,12.85,-21.78,4.96,3.42,4.14,60,58,2465,0,2465,-0.54,-0.69,43.69,54.93,24.22,-22.18,5.34,4.0,4.17,1077,1354,0.26,0.69,5.9,-7.0,0.5874,0.2088,0.1868,0.1229,,False,예
KODEX 코스닥150선물인버스,19일 → 말일+2,19,2,121,0,121,-0.2,-0.39,47.93,52.07,17.61,-24.66,5.77,4.19,4.23,58,63,2465,0,2465,-0.49,-0.69,44.5,54.93,22.2,-25.77,5.82,4.41,4.46,1097,1354,0.29,0.3,3.43,-2.86,0.5874,0.6204,0.4316,0.5724,,False,예
KODEX 코스닥150선물인버스,19일 → 말일+3,19,3,120,0,120,-0.32,-0.52,45.0,53.33,21.36,-24.75,6.09,4.59,4.46,54,64,2445,0,2445,-0.54,-0.93,42.82,56.4,25.43,-25.26,6.26,4.89,4.67,1047,1379,0.23,0.41,2.18,-3.07,0.6743,0.5315,0.6404,0.5145,,False,예
KODEX 코스닥150선물인버스,20일 → 말일-3,20,-3,120,0,120,0.18,0.37,53.33,45.0,11.6,-16.43,3.72,2.68,2.77,64,54,1981,0,1981,-0.14,-0.35,45.99,52.8,34.75,-20.14,5.08,3.83,3.6,911,1046,0.32,0.72,7.35,-7.8,0.4815,0.0849,0.1149,0.0969,,False,예
KODEX 코스닥150선물인버스,20일 → 말일-2,20,-2,121,0,121,0.42,0.0,49.59,47.93,13.15,-22.68,4.54,3.6,2.85,60,58,2102,0,2102,0.12,-0.19,47.0,51.67,42.6,-26.11,5.71,4.36,3.73,988,1086,0.3,0.19,2.58,-3.73,0.5025,0.6663,0.6304,0.4366,,False,예
KODEX 코스닥150선물인버스,20일 → 말일-1,20,-1,121,0,121,0.12,0.0,49.59,48.76,16.99,-24.64,4.75,3.39,3.2,60,59,2223,0,2223,-0.17,-0.42,45.7,53.26,49.78,-27.99,5.9,4.24,3.96,1016,1184,0.29,0.42,3.88,-4.5,0.5574,0.4076,0.3976,0.3576,,False,예
KODEX 코스닥150선물인버스,20일 → 말일,20,0,121,0,121,0.13,0.33,52.89,46.28,12.85,-22.86,4.89,3.47,3.69,64,56,2344,0,2344,-0.19,-0.36,46.2,52.82,29.15,-26.28,5.62,4.24,4.08,1083,1238,0.32,0.68,6.69,-6.53,0.5075,0.1429,0.1349,0.1588,,False,예
KODEX 코스닥150선물인버스,20일 → 말일+1,20,1,121,0,121,-0.24,0.0,49.59,49.59,12.85,-18.57,4.62,3.31,3.81,60,60,2465,0,2465,-0.54,-0.69,43.69,54.93,24.22,-22.18,5.34,4.0,4.17,1077,1354,0.3,0.69,5.9,-5.34,0.5205,0.2088,0.1868,0.2547,,False,예
KODEX 코스닥150선물인버스,20일 → 말일+2,20,2,121,0,121,-0.15,0.0,49.59,49.59,17.06,-22.32,5.49,3.95,4.26,60,60,2465,0,2465,-0.49,-0.69,44.5,54.93,22.2,-25.77,5.82,4.41,4.46,1097,1354,0.33,0.69,5.08,-5.34,0.5305,0.2258,0.2438,0.2358,,False,예
KODEX 코스닥150선물인버스,20일 → 말일+3,20,3,120,0,120,-0.29,-0.61,44.17,55.0,21.36,-21.79,5.88,4.58,4.21,53,66,2445,0,2445,-0.54,-0.93,42.82,56.4,25.43,-25.26,6.26,4.89,4.67,1047,1379,0.25,0.33,1.34,-1.4,0.6494,0.6214,0.7832,0.7852,,False,예
KODEX 코스닥150선물인버스,21일 → 말일-3,21,-3,120,0,120,0.0,0.02,50.0,49.17,9.97,-20.14,3.46,2.33,2.36,60,59,1981,0,1981,-0.14,-0.35,45.99,52.8,34.75,-20.14,5.08,3.83,3.6,911,1046,0.14,0.37,4.01,-3.63,0.7572,0.4036,0.3916,0.4476,,False,예
KODEX 코스닥150선물인버스,21일 → 말일-2,21,-2,120,0,120,0.26,0.13,51.67,47.5,13.15,-26.11,4.38,3.04,2.77,62,57,2102,0,2102,0.12,-0.19,47.0,51.67,42.6,-26.11,5.71,4.36,3.73,988,1086,0.14,0.32,4.66,-4.17,0.7592,0.3956,0.3297,0.3796,,False,예
KODEX 코스닥150선물인버스,21일 → 말일-1,21,-1,121,0,121,-0.05,-0.21,46.28,52.07,17.19,-27.99,4.57,3.12,2.86,56,63,2223,0,2223,-0.17,-0.42,45.7,53.26,49.78,-27.99,5.9,4.24,3.96,1016,1184,0.13,0.21,0.58,-1.2,0.8042,0.6464,0.9281,0.8511,,False,예
KODEX 코스닥150선물인버스,21일 → 말일,21,0,121,0,121,-0.04,0.08,50.41,47.93,12.85,-26.28,4.75,3.18,3.43,61,58,2344,0,2344,-0.19,-0.36,46.2,52.82,29.15,-26.28,5.62,4.24,4.08,1083,1238,0.16,0.43,4.21,-4.88,0.7353,0.3546,0.3377,0.3007,,True,예
KODEX 코스닥150선물인버스,21일 → 말일+1,21,1,121,0,121,-0.41,-0.42,47.11,51.24,12.85,-22.18,4.48,3.07,3.62,57,62,2465,0,2465,-0.54,-0.69,43.69,54.93,24.22,-22.18,5.34,4.0,4.17,1077,1354,0.13,0.26,3.42,-3.69,0.7722,0.6503,0.4446,0.4346,,False,예
KODEX 코스닥150선물인버스,21일 → 말일+2,21,2,121,0,121,-0.32,-0.11,48.76,50.41,17.06,-25.77,5.37,3.6,4.11,59,61,2465,0,2465,-0.49,-0.69,44.5,54.93,22.2,-25.77,5.82,4.41,4.46,1097,1354,0.17,0.58,4.26,-4.52,0.7602,0.2627,0.3367,0.3307,,False,예
KODEX 코스닥150선물인버스,21일 → 말일+3,21,3,120,0,120,-0.41,-0.63,45.0,55.0,21.36,-25.26,5.76,4.11,4.12,54,66,2445,0,2445,-0.54,-0.93,42.82,56.4,25.43,-25.26,6.26,4.89,4.67,1047,1379,0.13,0.3,2.18,-1.4,0.8122,0.6513,0.6404,0.7852,,False,예
KODEX 코스닥150선물인버스,22일 → 말일-3,22,-3,116,0,116,-0.07,-0.05,49.14,50.0,10.87,-17.75,3.21,2.14,2.24,57,58,1981,0,1981,-0.14,-0.35,45.99,52.8,34.75,-20.14,5.08,3.83,3.6,911,1046,0.07,0.3,3.15,-2.8,0.8921,0.5405,0.5514,0.5674,,False,예
KODEX 코스닥150선물인버스,22일 → 말일-2,22,-2,120,0,120,0.18,0.03,50.0,49.17,14.07,-23.9,4.1,2.81,2.49,60,59,2102,0,2102,0.12,-0.19,47.0,51.67,42.6,-26.11,5.71,4.36,3.73,988,1086,0.06,0.22,3.0,-2.5,0.8731,0.5664,0.5604,0.6394,,False,예
KODEX 코스닥150선물인버스,22일 → 말일-1,22,-1,121,0,121,-0.12,-0.49,42.15,54.55,15.37,-25.83,4.33,3.15,2.65,51,66,2223,0,2223,-0.17,-0.42,45.7,53.26,49.78,-27.99,5.9,4.24,3.96,1016,1184,0.05,-0.07,-3.56,1.28,0.9131,0.8342,0.4466,0.7912,,False,예
KODEX 코스닥150선물인버스,22일 → 말일,22,0,121,0,121,-0.11,-0.21,45.45,52.07,13.78,-24.08,4.57,3.33,3.12,55,63,2344,0,2344,-0.19,-0.36,46.2,52.82,29.15,-26.28,5.62,4.24,4.08,1083,1238,0.09,0.15,-0.75,-0.75,0.8711,0.7572,0.9271,0.9261,,False,예
KODEX 코스닥150선물인버스,22일 → 말일+1,22,1,121,0,121,-0.48,-0.41,42.98,56.2,13.78,-19.86,4.34,3.21,3.31,52,68,2465,0,2465,-0.54,-0.69,43.69,54.93,24.22,-22.18,5.34,4.0,4.17,1077,1354,0.07,0.28,-0.72,1.27,0.8891,0.6234,0.9261,0.7862,,False,예
KODEX 코스닥150선물인버스,22일 → 말일+2,22,2,121,0,121,-0.38,-0.33,47.93,51.24,17.06,-23.55,5.31,3.64,4.15,58,62,2465,0,2465,-0.49,-0.69,44.5,54.93,22.2,-25.77,5.82,4.41,4.46,1097,1354,0.1,0.36,3.43,-3.69,0.8611,0.5335,0.4316,0.4386,,False,예
KODEX 코스닥150선물인버스,22일 → 말일+3,22,3,120,0,120,-0.48,-0.75,45.0,54.17,21.21,-23.02,5.62,4.01,4.22,54,65,2445,0,2445,-0.54,-0.93,42.82,56.4,25.43,-25.26,6.26,4.89,4.67,1047,1379,0.06,0.18,2.18,-2.23,0.9021,0.7932,0.6404,0.6414,,False,예
KODEX 코스닥150선물인버스,23일 → 말일-3,23,-3,111,0,111,-0.29,-0.14,46.85,52.25,11.92,-13.97,3.21,2.0,2.34,52,58,1981,0,1981,-0.14,-0.35,45.99,52.8,34.75,-20.14,5.08,3.83,3.6,911,1046,-0.15,0.21,0.86,-0.55,0.7682,0.6913,0.9201,1.0,,False,예
KODEX 코스닥150선물인버스,23일 → 말일-2,23,-2,119,0,119,-0.03,-0.05,48.74,50.42,18.44,-20.4,3.98,2.57,2.54,58,60,2102,0,2102,0.12,-0.19,47.0,51.67,42.6,-26.11,5.71,4.36,3.73,988,1086,-0.15,0.15,1.74,-1.24,0.7702,0.7572,0.7632,0.8492,,False,예
KODEX 코스닥150선물인버스,23일 → 말일-1,23,-1,121,0,121,-0.31,-0.34,42.15,56.2,24.39,-22.43,4.47,2.82,2.68,51,68,2223,0,2223,-0.17,-0.42,45.7,53.26,49.78,-27.99,5.9,4.24,3.96,1016,1184,-0.14,0.08,-3.56,2.94,0.7862,0.9021,0.4466,0.5195,,False,예
KODEX 코스닥150선물인버스,23일 → 말일,23,0,121,0,121,-0.32,-0.32,45.45,54.55,9.93,-21.79,4.33,2.87,2.98,55,66,2344,0,2344,-0.19,-0.36,46.2,52.82,29.15,-26.28,5.62,4.24,4.08,1083,1238,-0.12,0.03,-0.75,1.73,0.8052,0.981,0.9271,0.7043,,False,예
KODEX 코스닥150선물인버스,23일 → 말일+1,23,1,121,0,121,-0.69,-0.71,42.15,56.2,9.93,-18.6,4.11,2.8,3.32,51,68,2465,0,2465,-0.54,-0.69,43.69,54.93,24.22,-22.18,5.34,4.0,4.17,1077,1354,-0.14,-0.02,-1.54,1.27,0.7463,0.9151,0.7782,0.7862,,False,예
KODEX 코스닥150선물인버스,23일 → 말일+2,23,2,121,0,121,-0.6,-0.69,43.8,54.55,15.44,-21.59,4.83,3.26,3.73,53,66,2465,0,2465,-0.49,-0.69,44.5,54.93,22.2,-25.77,5.82,4.41,4.46,1097,1354,-0.12,-0.0,-0.7,-0.38,0.7922,0.976,0.9351,1.0,,False,예
KODEX 코스닥150선물인버스,23일 → 말일+3,23,3,120,0,120,-0.7,-1.12,40.0,58.33,20.11,-21.69,5.23,3.86,3.85,48,70,2445,0,2445,-0.54,-0.93,42.82,56.4,25.43,-25.26,6.26,4.89,4.67,1047,1379,-0.16,-0.18,-2.82,1.93,0.8092,0.8162,0.5704,0.7163,,False,예
KODEX 코스닥150선물인버스,24일 → 말일-3,24,-3,102,0,102,-0.22,-0.03,49.02,50.0,7.34,-13.97,2.43,1.5,1.91,50,51,1981,0,1981,-0.14,-0.35,45.99,52.8,34.75,-20.14,5.08,3.83,3.6,911,1046,-0.08,0.32,3.03,-2.8,0.8601,0.5095,0.6074,0.5924,,False,예
KODEX 코스닥150선물인버스,24일 → 말일-2,24,-2,115,0,115,-0.02,-0.11,46.09,51.3,11.19,-20.4,3.22,2.27,2.07,53,59,2102,0,2102,0.12,-0.19,47.0,51.67,42.6,-26.11,5.71,4.36,3.73,988,1086,-0.14,0.08,-0.92,-0.36,0.7932,0.8671,0.8392,1.0,,False,예
KODEX 코스닥150선물인버스,24일 → 말일-1,24,-1,120,0,120,-0.3,-0.43,40.0,57.5,16.78,-22.43,3.71,2.59,2.32,48,69,2223,0,2223,-0.17,-0.42,45.7,53.26,49.78,-27.99,5.9,4.24,3.96,1016,1184,-0.13,-0.01,-5.7,4.24,0.8072,0.9321,0.2208,0.3437,,False,예
KODEX 코스닥150선물인버스,24일 → 말일,24,0,121,0,121,-0.29,-0.59,44.63,54.55,8.69,-20.59,3.8,2.69,2.74,54,66,2344,0,2344,-0.19,-0.36,46.2,52.82,29.15,-26.28,5.62,4.24,4.08,1083,1238,-0.1,-0.23,-1.57,1.73,0.8501,0.5754,0.7732,0.7043,,False,예
KODEX 코스닥150선물인버스,24일 → 말일+1,24,1,121,0,121,-0.65,-0.55,40.5,55.37,8.94,-16.18,3.8,2.74,3.18,49,67,2465,0,2465,-0.54,-0.69,43.69,54.93,24.22,-22.18,5.34,4.0,4.17,1077,1354,-0.11,0.14,-3.2,0.44,0.8072,0.8541,0.5055,0.9341,,False,예
KODEX 코스닥150선물인버스,24일 → 말일+2,24,2,121,0,121,-0.57,-0.58,47.11,52.89,16.51,-20.04,4.69,3.1,3.83,57,64,2465,0,2465,-0.49,-0.69,44.5,54.93,22.2,-25.77,5.82,4.41,4.46,1097,1354,-0.08,0.11,2.6,-2.04,0.8521,0.8631,0.5604,0.7113,,False,예
KODEX 코스닥150선물인버스,24일 → 말일+3,24,3,120,0,120,-0.69,-0.73,44.17,53.33,18.96,-19.49,4.99,3.39,4.09,53,64,2445,0,2445,-0.54,-0.93,42.82,56.4,25.43,-25.26,6.26,4.89,4.67,1047,1379,-0.15,0.21,1.34,-3.07,0.8282,0.7692,0.7832,0.5145,,False,예
KODEX 코스닥150선물인버스,25일 → 말일-3,25,-3,77,0,77,-0.23,-0.35,40.26,53.25,5.07,-13.97,2.43,1.65,1.68,31,41,1981,0,1981,-0.14,-0.35,45.99,52.8,34.75,-20.14,5.08,3.83,3.6,911,1046,-0.09,0.0,-5.73,0.45,0.8591,0.993,0.2837,1.0,,False,예
KODEX 코스닥150선물인버스,25일 → 말일-2,25,-2,111,0,111,0.0,-0.14,45.05,53.15,11.19,-20.4,3.08,2.05,1.73,50,59,2102,0,2102,0.12,-0.19,47.0,51.67,42.6,-26.11,5.71,4.36,3.73,988,1086,-0.12,0.05,-1.96,1.49,0.8422,0.9341,0.6893,0.7772,,True,예
KODEX 코스닥150선물인버스,25일 → 말일-1,25,-1,118,0,118,-0.21,-0.45,43.22,55.93,16.78,-22.43,3.55,2.31,2.16,51,66,2223,0,2223,-0.17,-0.42,45.7,53.26,49.78,-27.99,5.9,4.24,3.96,1016,1184,-0.04,-0.03,-2.48,2.67,0.9481,0.9011,0.6304,0.5824,,False,예
KODEX 코스닥150선물인버스,25일 → 말일,25,0,121,0,121,-0.2,-0.5,45.45,52.89,10.47,-20.59,3.7,2.62,2.63,55,64,2344,0,2344,-0.19,-0.36,46.2,52.82,29.15,-26.28,5.62,4.24,4.08,1083,1238,-0.01,-0.15,-0.75,0.08,0.994,0.7323,0.9271,1.0,,False,예
KODEX 코스닥150선물인버스,25일 → 말일+1,25,1,121,0,121,-0.56,-0.61,42.15,54.55,8.91,-16.18,3.61,2.62,3.05,51,66,2465,0,2465,-0.54,-0.69,43.69,54.93,24.22,-22.18,5.34,4.0,4.17,1077,1354,-0.02,0.08,-1.54,-0.38,0.956,0.964,0.7782,1.0,,False,예
KODEX 코스닥150선물인버스,25일 → 말일+2,25,2,121,0,121,-0.47,-0.69,42.98,55.37,16.51,-20.04,4.56,3.4,3.5,52,67,2465,0,2465,-0.49,-0.69,44.5,54.93,22.2,-25.77,5.82,4.41,4.46,1097,1354,0.01,-0.0,-1.53,0.44,0.998,0.976,0.7892,0.9401,,False,예
KODEX 코스닥150선물인버스,25일 → 말일+3,25,3,120,0,120,-0.61,-0.62,41.67,57.5,17.83,-19.49,4.83,3.58,3.66,50,69,2445,0,2445,-0.54,-0.93,42.82,56.4,25.43,-25.26,6.26,4.89,4.67,1047,1379,-0.07,0.31,-1.16,1.1,0.9301,0.6394,0.8631,0.8482,,False,예
코스닥150 지수,15일 → 말일-3,15,-3,200,0,200,-0.35,-0.25,48.0,52.0,19.03,-17.48,4.36,3.07,3.51,96,104,3301,0,3301,-0.16,-0.01,49.86,50.14,22.16,-28.91,4.62,3.15,3.45,1646,1655,-0.2,-0.24,-1.86,1.86,0.5904,0.4096,0.6044,0.6044,,False,예
코스닥150 지수,15일 → 말일-2,15,-2,200,0,200,-0.52,-0.34,47.0,53.0,27.93,-22.55,4.91,3.24,3.86,94,106,3501,0,3501,-0.33,-0.17,47.36,52.61,31.29,-33.28,4.99,3.31,3.61,1658,1842,-0.19,-0.17,-0.36,0.39,0.5754,0.5445,1.0,1.0,,False,예
코스닥150 지수,15일 → 말일-1,15,-1,200,0,200,-0.23,0.18,50.5,49.5,31.92,-25.65,5.09,3.41,3.95,101,99,3701,0,3701,-0.02,0.06,50.45,49.53,35.38,-35.95,5.05,3.41,3.52,1867,1833,-0.21,0.13,0.05,-0.03,0.5534,0.6454,1.0,1.0,,True,예
코스닥150 지수,15일 → 말일,15,0,200,0,200,-0.11,-0.05,49.5,50.5,29.17,-15.8,5.22,3.84,3.99,99,101,3901,0,3901,0.11,0.17,51.86,48.14,32.56,-27.46,4.99,3.52,3.56,2023,1878,-0.22,-0.22,-2.36,2.36,0.5195,0.4975,0.5315,0.5315,,False,예
코스닥150 지수,15일 → 말일+1,15,1,200,0,200,0.1,0.26,53.5,46.5,22.08,-13.29,5.01,3.73,4.09,107,93,4101,0,4101,0.32,0.31,53.84,46.14,25.56,-25.3,4.78,3.55,3.46,2208,1892,-0.22,-0.06,-0.34,0.36,0.5355,0.8581,0.954,0.955,,False,예
코스닥150 지수,15일 → 말일+2,15,2,200,0,200,0.13,0.6,52.0,48.0,26.88,-16.05,5.48,4.21,4.3,104,96,4101,0,4101,0.36,0.35,53.62,46.38,30.22,-20.03,5.2,3.9,3.74,2199,1902,-0.23,0.25,-1.62,1.62,0.5275,0.4456,0.6643,0.6643,,False,예
코스닥150 지수,15일 → 말일+3,15,3,200,0,200,0.15,0.18,51.5,48.5,26.42,-19.02,5.78,4.45,4.41,103,97,4101,0,4101,0.35,0.43,53.35,46.65,30.64,-20.24,5.47,4.16,4.01,2188,1913,-0.19,-0.25,-1.85,1.85,0.6184,0.5504,0.5914,0.5914,,False,예
코스닥150 지수,16일 → 말일-3,16,-3,200,0,200,-0.45,-0.13,49.5,50.5,17.76,-12.76,4.08,2.7,3.54,99,101,3301,0,3301,-0.16,-0.01,49.86,50.14,22.16,-28.91,4.62,3.15,3.45,1646,1655,-0.29,-0.12,-0.36,0.36,0.3786,0.7003,0.9351,0.9351,,False,예
코스닥150 지수,16일 → 말일-2,16,-2,200,0,200,-0.62,-0.12,47.5,52.5,26.57,-18.13,4.65,2.97,3.87,95,105,3501,0,3501,-0.33,-0.17,47.36,52.61,31.29,-33.28,4.99,3.31,3.61,1658,1842,-0.29,0.05,0.14,-0.11,0.4036,0.7912,0.9391,0.9381,,False,예
코스닥150 지수,16일 → 말일-1,16,-1,200,0,200,-0.33,-0.35,48.5,51.5,30.52,-21.41,4.87,3.34,3.78,97,103,3701,0,3701,-0.02,0.06,50.45,49.53,35.38,-35.95,5.05,3.41,3.52,1867,1833,-0.31,-0.41,-1.95,1.97,0.3866,0.2058,0.6294,0.6244,,False,예
코스닥150 지수,16일 → 말일,16,0,200,0,200,-0.21,0.01,50.0,50.0,27.8,-11.51,5.01,3.55,3.97,100,100,3901,0,3901,0.11,0.17,51.86,48.14,32.56,-27.46,4.99,3.52,3.56,2023,1878,-0.32,-0.15,-1.86,1.86,0.3437,0.6114,0.6294,0.6294,,False,예
코스닥150 지수,16일 → 말일+1,16,1,200,0,200,0.0,0.2,51.5,48.5,20.78,-10.65,4.84,3.71,3.93,103,97,4101,0,4101,0.32,0.31,53.84,46.14,25.56,-25.3,4.78,3.55,3.46,2208,1892,-0.32,-0.11,-2.34,2.36,0.3746,0.7133,0.5255,0.5255,,False,예
코스닥150 지수,16일 → 말일+2,16,2,200,0,200,0.03,0.27,52.0,48.0,25.53,-14.22,5.28,3.96,4.22,104,96,4101,0,4101,0.36,0.35,53.62,46.38,30.22,-20.03,5.2,3.9,3.74,2199,1902,-0.33,-0.08,-1.62,1.62,0.3746,0.8492,0.6643,0.6643,,False,예
코스닥150 지수,16일 → 말일+3,16,3,200,0,200,0.06,0.15,51.5,48.5,25.08,-17.36,5.6,4.25,4.39,103,97,4101,0,4101,0.35,0.43,53.35,46.65,30.64,-20.24,5.47,4.16,4.01,2188,1913,-0.29,-0.28,-1.85,1.85,0.4486,0.4955,0.5914,0.5914,,False,예
코스닥150 지수,17일 → 말일-3,17,-3,200,0,200,-0.44,0.15,51.0,49.0,17.76,-12.76,3.9,2.42,3.43,102,98,3301,0,3301,-0.16,-0.01,49.86,50.14,22.16,-28.91,4.62,3.15,3.45,1646,1655,-0.29,0.16,1.14,-1.14,0.3866,0.4985,0.7612,0.7612,,True,예
코스닥150 지수,17일 → 말일-2,17,-2,200,0,200,-0.62,-0.08,48.5,51.5,26.57,-18.13,4.47,2.69,3.73,97,103,3501,0,3501,-0.33,-0.17,47.36,52.61,31.29,-33.28,4.99,3.31,3.61,1658,1842,-0.29,0.09,1.14,-1.11,0.4136,0.6763,0.7373,0.7383,,False,예
코스닥150 지수,17일 → 말일-1,17,-1,200,0,200,-0.32,0.01,50.0,50.0,30.52,-21.41,4.69,3.05,3.7,100,100,3701,0,3701,-0.02,0.06,50.45,49.53,35.38,-35.95,5.05,3.41,3.52,1867,1833,-0.3,-0.05,-0.45,0.47,0.3896,0.9441,0.9451,0.9491,,False,예
코스닥150 지수,17일 → 말일,17,0,200,0,200,-0.21,-0.07,49.0,51.0,27.8,-11.51,4.81,3.44,3.71,98,102,3901,0,3901,0.11,0.17,51.86,48.14,32.56,-27.46,4.99,3.52,3.56,2023,1878,-0.31,-0.24,-2.86,2.86,0.3516,0.4655,0.4376,0.4376,,False,예
코스닥150 지수,17일 → 말일+1,17,1,200,0,200,0.01,0.06,50.5,49.5,20.78,-11.49,4.68,3.65,3.7,101,99,4101,0,4101,0.32,0.31,53.84,46.14,25.56,-25.3,4.78,3.55,3.46,2208,1892,-0.31,-0.25,-3.34,3.36,0.3826,0.3926,0.3457,0.3457,,False,예
코스닥150 지수,17일 → 말일+2,17,2,200,0,200,0.04,0.17,52.5,47.5,25.53,-15.78,5.14,3.8,4.13,105,95,4101,0,4101,0.36,0.35,53.62,46.38,30.22,-20.03,5.2,3.9,3.74,2199,1902,-0.32,-0.18,-1.12,1.12,0.3816,0.6034,0.7762,0.7762,,False,예
코스닥150 지수,17일 → 말일+3,17,3,200,0,200,0.06,0.35,53.0,47.0,25.08,-16.27,5.45,4.04,4.42,106,94,4101,0,4101,0.35,0.43,53.35,46.65,30.64,-20.24,5.47,4.16,4.01,2188,1913,-0.29,-0.08,-0.35,0.35,0.4515,0.8342,0.9441,0.9441,,False,예
코스닥150 지수,18일 → 말일-3,18,-3,200,0,200,-0.4,-0.03,49.5,50.5,17.76,-12.76,3.7,2.33,3.08,99,101,3301,0,3301,-0.16,-0.01,49.86,50.14,22.16,-28.91,4.62,3.15,3.45,1646,1655,-0.24,-0.03,-0.36,0.36,0.4825,0.99,0.9351,0.9351,,False,예
코스닥150 지수,18일 → 말일-2,18,-2,200,0,200,-0.57,-0.15,48.0,52.0,26.57,-18.13,4.31,2.58,3.49,96,104,3501,0,3501,-0.33,-0.17,47.36,52.61,31.29,-33.28,4.99,3.31,3.61,1658,1842,-0.24,0.02,0.64,-0.61,0.4895,0.8521,0.8472,0.8452,,False,예
코스닥150 지수,18일 → 말일-1,18,-1,200,0,200,-0.28,-0.09,49.5,50.5,30.52,-21.41,4.53,2.92,3.42,99,101,3701,0,3701,-0.02,0.06,50.45,49.53,35.38,-35.95,5.05,3.41,3.52,1867,1833,-0.26,-0.15,-0.95,0.97,0.4545,0.6993,0.8312,0.8332,,False,예
코스닥150 지수,18일 → 말일,18,0,200,0,200,-0.16,-0.13,49.5,50.5,27.8,-11.72,4.72,3.27,3.52,99,101,3901,0,3901,0.11,0.17,51.86,48.14,32.56,-27.46,4.99,3.52,3.56,2023,1878,-0.27,-0.3,-2.36,2.36,0.4316,0.3467,0.5315,0.5315,,False,예
코스닥150 지수,18일 → 말일+1,18,1,200,0,200,0.05,0.07,51.5,48.5,20.78,-10.47,4.48,3.4,3.51,103,97,4101,0,4101,0.32,0.31,53.84,46.14,25.56,-25.3,4.78,3.55,3.46,2208,1892,-0.27,-0.24,-2.34,2.36,0.4675,0.4116,0.5255,0.5255,,False,예
코스닥150 지수,18일 → 말일+2,18,2,200,0,200,0.08,0.22,52.0,48.0,25.53,-13.23,5.01,3.65,3.78,104,96,4101,0,4101,0.36,0.35,53.62,46.38,30.22,-20.03,5.2,3.9,3.74,2199,1902,-0.28,-0.13,-1.62,1.62,0.4306,0.7203,0.6643,0.6643,,False,예
코스닥150 지수,18일 → 말일+3,18,3,200,0,200,0.11,0.35,51.5,48.5,25.08,-15.74,5.32,4.0,4.03,103,97,4101,0,4101,0.35,0.43,53.35,46.65,30.64,-20.24,5.47,4.16,4.01,2188,1913,-0.24,-0.08,-1.85,1.85,0.5355,0.8312,0.5914,0.5914,,False,예
코스닥150 지수,19일 → 말일-3,19,-3,200,0,200,-0.3,-0.28,46.0,54.0,19.92,-12.76,3.64,2.4,2.6,92,108,3301,0,3301,-0.16,-0.01,49.86,50.14,22.16,-28.91,4.62,3.15,3.45,1646,1655,-0.15,-0.28,-3.86,3.86,0.6803,0.3526,0.2697,0.2697,,False,예
코스닥150 지수,19일 → 말일-2,19,-2,200,0,200,-0.48,-0.36,44.0,56.0,25.35,-18.13,4.29,2.76,3.02,88,112,3501,0,3501,-0.33,-0.17,47.36,52.61,31.29,-33.28,4.99,3.31,3.61,1658,1842,-0.15,-0.19,-3.36,3.39,0.6643,0.4905,0.3786,0.3786,,False,예
코스닥150 지수,19일 → 말일-1,19,-1,200,0,200,-0.18,-0.19,49.0,51.0,29.26,-21.41,4.55,2.88,3.12,98,102,3701,0,3701,-0.02,0.06,50.45,49.53,35.38,-35.95,5.05,3.41,3.52,1867,1833,-0.16,-0.25,-1.45,1.47,0.6474,0.4645,0.7303,0.7273,,False,예
코스닥150 지수,19일 → 말일,19,0,200,0,200,-0.06,0.07,51.0,49.0,31.42,-11.76,4.83,3.2,3.44,102,98,3901,0,3901,0.11,0.17,51.86,48.14,32.56,-27.46,4.99,3.52,3.56,2023,1878,-0.16,-0.09,-0.86,0.86,0.6264,0.7672,0.8372,0.8372,,True,예
코스닥150 지수,19일 → 말일+1,19,1,200,0,200,0.15,-0.07,49.5,50.5,25.56,-11.64,4.49,3.46,3.09,99,101,4101,0,4101,0.32,0.31,53.84,46.14,25.56,-25.3,4.78,3.55,3.46,2208,1892,-0.17,-0.39,-4.34,4.36,0.6334,0.1838,0.2338,0.2308,,True,예
코스닥150 지수,19일 → 말일+2,19,2,200,0,200,0.19,-0.04,50.0,50.0,30.02,-16.08,5.16,3.82,3.45,100,100,4101,0,4101,0.36,0.35,53.62,46.38,30.22,-20.03,5.2,3.9,3.74,2199,1902,-0.17,-0.39,-3.62,3.62,0.6354,0.2498,0.3057,0.3057,,False,예
코스닥150 지수,19일 → 말일+3,19,3,200,0,200,0.21,0.35,51.5,48.5,30.64,-17.44,5.35,3.93,3.75,103,97,4101,0,4101,0.35,0.43,53.35,46.65,30.64,-20.24,5.47,4.16,4.01,2188,1913,-0.14,-0.08,-1.85,1.85,0.7183,0.8312,0.5914,0.5914,,False,예
코스닥150 지수,20일 → 말일-3,20,-3,199,0,199,-0.33,-0.25,46.73,53.27,16.26,-10.13,3.34,2.25,2.58,93,106,3301,0,3301,-0.16,-0.01,49.86,50.14,22.16,-28.91,4.62,3.15,3.45,1646,1655,-0.17,-0.24,-3.13,3.13,0.6364,0.4146,0.3776,0.3776,,False,예
코스닥150 지수,20일 → 말일-2,20,-2,200,0,200,-0.5,-0.24,45.0,55.0,24.95,-12.52,3.95,2.51,2.97,90,110,3501,0,3501,-0.33,-0.17,47.36,52.61,31.29,-33.28,4.99,3.31,3.61,1658,1842,-0.17,-0.07,-2.36,2.39,0.6244,0.8242,0.5714,0.5654,,False,예
코스닥150 지수,20일 → 말일-1,20,-1,200,0,200,-0.21,-0.08,49.0,51.0,28.84,-15.87,4.17,2.69,2.99,98,102,3701,0,3701,-0.02,0.06,50.45,49.53,35.38,-35.95,5.05,3.41,3.52,1867,1833,-0.19,-0.14,-1.45,1.47,0.5924,0.7193,0.7303,0.7273,,False,예
코스닥150 지수,20일 → 말일,20,0,200,0,200,-0.09,0.05,50.5,49.5,26.16,-11.76,4.38,3.0,3.24,101,99,3901,0,3901,0.11,0.17,51.86,48.14,32.56,-27.46,4.99,3.52,3.56,2023,1878,-0.19,-0.11,-1.36,1.36,0.5684,0.7133,0.7363,0.7363,,True,예
코스닥150 지수,20일 → 말일+1,20,1,200,0,200,0.12,0.12,52.5,47.5,19.24,-11.64,4.12,3.08,3.15,105,95,4101,0,4101,0.32,0.31,53.84,46.14,25.56,-25.3,4.78,3.55,3.46,2208,1892,-0.19,-0.19,-1.34,1.36,0.5924,0.5185,0.7273,0.7253,,False,예
코스닥150 지수,20일 → 말일+2,20,2,200,0,200,0.16,0.18,51.5,48.5,23.93,-15.41,4.84,3.6,3.49,103,97,4101,0,4101,0.36,0.35,53.62,46.38,30.22,-20.03,5.2,3.9,3.74,2199,1902,-0.2,-0.17,-2.12,2.12,0.5974,0.6304,0.5544,0.5544,,False,예
코스닥150 지수,20일 → 말일+3,20,3,200,0,200,0.18,0.63,55.0,45.0,23.47,-17.44,5.08,3.6,4.0,110,90,4101,0,4101,0.35,0.43,53.35,46.65,30.64,-20.24,5.47,4.16,4.01,2188,1913,-0.17,0.2,1.65,-1.65,0.6833,0.6064,0.6384,0.6384,,False,예
코스닥150 지수,21일 → 말일-3,21,-3,199,0,199,-0.27,-0.19,45.23,54.77,22.16,-9.88,3.22,2.11,2.24,90,109,3301,0,3301,-0.16,-0.01,49.86,50.14,22.16,-28.91,4.62,3.15,3.45,1646,1655,-0.12,-0.19,-4.64,4.64,0.7433,0.5514,0.1888,0.1888,,False,예
코스닥150 지수,21일 → 말일-2,21,-2,199,0,199,-0.45,-0.11,46.73,53.27,31.29,-12.52,3.98,2.31,2.87,93,106,3501,0,3501,-0.33,-0.17,47.36,52.61,31.29,-33.28,4.99,3.31,3.61,1658,1842,-0.12,0.06,-0.62,0.65,0.7213,0.7512,0.956,0.954,,False,예
코스닥150 지수,21일 → 말일-1,21,-1,200,0,200,-0.15,-0.11,49.5,50.5,35.38,-15.98,4.24,2.54,2.8,99,101,3701,0,3701,-0.02,0.06,50.45,49.53,35.38,-35.95,5.05,3.41,3.52,1867,1833,-0.13,-0.17,-0.95,0.97,0.7043,0.6503,0.8312,0.8332,,False,예
코스닥150 지수,21일 → 말일,21,0,200,0,200,-0.03,0.01,50.0,50.0,32.56,-11.76,4.42,2.9,2.97,100,100,3901,0,3901,0.11,0.17,51.86,48.14,32.56,-27.46,4.99,3.52,3.56,2023,1878,-0.14,-0.16,-1.86,1.86,0.6673,0.6044,0.6294,0.6294,,False,예
코스닥150 지수,21일 → 말일+1,21,1,200,0,200,0.18,0.18,53.0,47.0,25.29,-11.64,4.11,2.96,2.96,106,94,4101,0,4101,0.32,0.31,53.84,46.14,25.56,-25.3,4.78,3.55,3.46,2208,1892,-0.14,-0.13,-0.84,0.86,0.6883,0.6703,0.8432,0.8432,,False,예
코스닥150 지수,21일 → 말일+2,21,2,200,0,200,0.21,0.27,52.0,48.0,30.22,-15.41,4.86,3.49,3.34,104,96,4101,0,4101,0.36,0.35,53.62,46.38,30.22,-20.03,5.2,3.9,3.74,2199,1902,-0.14,-0.07,-1.62,1.62,0.6933,0.8531,0.6643,0.6643,,False,예
코스닥150 지수,21일 → 말일+3,21,3,200,0,200,0.23,0.54,56.0,44.0,29.74,-17.44,5.07,3.45,3.87,112,88,4101,0,4101,0.35,0.43,53.35,46.65,30.64,-20.24,5.47,4.16,4.01,2188,1913,-0.11,0.11,2.65,-2.65,0.7652,0.7453,0.4476,0.4476,,False,예
코스닥150 지수,22일 → 말일-3,22,-3,195,0,195,-0.2,-0.19,48.21,51.79,18.67,-10.57,2.95,1.85,2.12,94,101,3301,0,3301,-0.16,-0.01,49.86,50.14,22.16,-28.91,4.62,3.15,3.45,1646,1655,-0.05,-0.18,-1.66,1.66,0.9201,0.6004,0.6563,0.6563,,False,예
코스닥150 지수,22일 → 말일-2,22,-2,199,0,199,-0.38,-0.23,45.73,54.27,27.55,-13.18,3.66,2.17,2.53,91,108,3501,0,3501,-0.33,-0.17,47.36,52.61,31.29,-33.28,4.99,3.31,3.61,1658,1842,-0.05,-0.06,-1.63,1.66,0.8961,0.8352,0.7323,0.7363,,False,예
코스닥150 지수,22일 → 말일-1,22,-1,200,0,200,-0.08,-0.05,49.5,50.5,31.52,-15.35,3.94,2.42,2.53,99,101,3701,0,3701,-0.02,0.06,50.45,49.53,35.38,-35.95,5.05,3.41,3.52,1867,1833,-0.06,-0.11,-0.95,0.97,0.8531,0.7882,0.8312,0.8332,,False,예
코스닥150 지수,22일 → 말일,22,0,200,0,200,0.04,-0.1,49.0,51.0,28.79,-12.43,4.14,2.85,2.66,98,102,3901,0,3901,0.11,0.17,51.86,48.14,32.56,-27.46,4.99,3.52,3.56,2023,1878,-0.07,-0.27,-2.86,2.86,0.8202,0.4166,0.4376,0.4376,,True,예
코스닥150 지수,22일 → 말일+1,22,1,200,0,200,0.25,0.22,53.0,47.0,21.72,-12.31,3.85,2.86,2.7,106,94,4101,0,4101,0.32,0.31,53.84,46.14,25.56,-25.3,4.78,3.55,3.46,2208,1892,-0.07,-0.09,-0.84,0.86,0.8821,0.7602,0.8432,0.8432,,False,예
코스닥150 지수,22일 → 말일+2,22,2,200,0,200,0.29,0.45,52.0,48.0,26.5,-15.41,4.64,3.5,3.19,104,96,4101,0,4101,0.36,0.35,53.62,46.38,30.22,-20.03,5.2,3.9,3.74,2199,1902,-0.07,0.1,-1.62,1.62,0.8551,0.7672,0.6643,0.6643,,False,예
코스닥150 지수,22일 → 말일+3,22,3,200,0,200,0.3,0.54,56.5,43.5,26.04,-17.37,4.82,3.39,3.71,113,87,4101,0,4101,0.35,0.43,53.35,46.65,30.64,-20.24,5.47,4.16,4.01,2188,1913,-0.04,0.11,3.15,-3.15,0.9131,0.7493,0.3666,0.3666,,False,예
코스닥150 지수,23일 → 말일-3,23,-3,187,0,187,0.03,-0.04,49.73,50.27,14.42,-11.67,2.81,1.88,1.81,93,94,3301,0,3301,-0.16,-0.01,49.86,50.14,22.16,-28.91,4.62,3.15,3.45,1646,1655,0.18,-0.03,-0.13,0.13,0.5385,0.986,1.0,1.0,,True,예
코스닥150 지수,23일 → 말일-2,23,-2,198,0,198,-0.16,-0.06,47.98,52.02,22.65,-17.1,3.41,2.07,2.21,95,103,3501,0,3501,-0.33,-0.17,47.36,52.61,31.29,-33.28,4.99,3.31,3.61,1658,1842,0.17,0.11,0.62,-0.59,0.6074,0.6264,0.8422,0.8392,,False,예
코스닥150 지수,23일 → 말일-1,23,-1,200,0,200,0.15,0.08,51.0,48.5,26.48,-20.42,3.79,2.38,2.2,102,97,3701,0,3701,-0.02,0.06,50.45,49.53,35.38,-35.95,5.05,3.41,3.52,1867,1833,0.17,0.03,0.55,-1.03,0.6324,0.8951,0.8931,0.7942,,False,예
코스닥150 지수,23일 → 말일,23,0,200,0,200,0.26,0.18,52.0,48.0,25.4,-9.87,3.95,2.69,2.36,104,96,3901,0,3901,0.11,0.17,51.86,48.14,32.56,-27.46,4.99,3.52,3.56,2023,1878,0.16,0.02,0.14,-0.14,0.6543,0.9131,1.0,1.0,,False,예
코스닥150 지수,23일 → 말일+1,23,1,200,0,200,0.48,0.26,55.5,44.5,19.81,-8.98,3.65,2.77,2.38,111,89,4101,0,4101,0.32,0.31,53.84,46.14,25.56,-25.3,4.78,3.55,3.46,2208,1892,0.16,-0.06,1.66,-1.64,0.6064,0.8452,0.6743,0.6713,,False,예
코스닥150 지수,23일 → 말일+2,23,2,200,0,200,0.5,0.5,55.0,45.0,24.06,-14.55,4.27,3.19,2.78,110,90,4101,0,4101,0.36,0.35,53.62,46.38,30.22,-20.03,5.2,3.9,3.74,2199,1902,0.15,0.15,1.38,-1.38,0.6653,0.6603,0.7193,0.7193,,False,예
코스닥150 지수,23일 → 말일+3,23,3,200,0,200,0.52,0.68,58.5,41.5,24.65,-16.66,4.53,3.24,3.3,117,83,4101,0,4101,0.35,0.43,53.35,46.65,30.64,-20.24,5.47,4.16,4.01,2188,1913,0.18,0.25,5.15,-5.15,0.6214,0.5405,0.1429,0.1429,,False,예
코스닥150 지수,24일 → 말일-3,24,-3,170,0,170,0.01,-0.17,48.24,51.76,14.12,-6.96,2.25,1.57,1.43,82,88,3301,0,3301,-0.16,-0.01,49.86,50.14,22.16,-28.91,4.62,3.15,3.45,1646,1655,0.17,-0.17,-1.63,1.63,0.6154,0.6414,0.7023,0.7023,,True,예
코스닥150 지수,24일 → 말일-2,24,-2,191,0,191,-0.14,-0.02,49.21,50.79,22.65,-11.39,2.93,1.72,1.94,94,97,3501,0,3501,-0.33,-0.17,47.36,52.61,31.29,-33.28,4.99,3.31,3.61,1658,1842,0.2,0.15,1.86,-1.83,0.5674,0.5355,0.6054,0.6024,,False,예
코스닥150 지수,24일 → 말일-1,24,-1,199,0,199,0.17,0.33,54.77,44.72,26.48,-14.95,3.35,2.06,2.14,109,89,3701,0,3701,-0.02,0.06,50.45,49.53,35.38,-35.95,5.05,3.41,3.52,1867,1833,0.19,0.28,4.33,-4.8,0.5914,0.3357,0.2068,0.1598,,False,예
코스닥150 지수,24일 → 말일,24,0,200,0,200,0.29,0.24,54.0,46.0,23.85,-9.34,3.54,2.49,2.29,108,92,3901,0,3901,0.11,0.17,51.86,48.14,32.56,-27.46,4.99,3.52,3.56,2023,1878,0.18,0.08,2.14,-2.14,0.6094,0.7433,0.5844,0.5844,,False,예
코스닥150 지수,24일 → 말일+1,24,1,200,0,200,0.51,0.22,54.5,45.5,17.05,-9.06,3.4,2.73,2.16,109,91,4101,0,4101,0.32,0.31,53.84,46.14,25.56,-25.3,4.78,3.55,3.46,2208,1892,0.19,-0.1,0.66,-0.64,0.5495,0.7562,0.8981,0.8991,,False,예
코스닥150 지수,24일 → 말일+2,24,2,200,0,200,0.54,0.44,53.5,46.5,21.65,-15.25,4.12,3.33,2.68,107,93,4101,0,4101,0.36,0.35,53.62,46.38,30.22,-20.03,5.2,3.9,3.74,2199,1902,0.18,0.09,-0.12,0.12,0.6054,0.7972,1.0,1.0,,False,예
코스닥150 지수,24일 → 말일+3,24,3,200,0,200,0.56,0.4,56.0,44.0,21.21,-15.79,4.35,3.4,3.07,112,88,4101,0,4101,0.35,0.43,53.35,46.65,30.64,-20.24,5.47,4.16,4.01,2188,1913,0.21,-0.03,2.65,-2.65,0.5714,0.954,0.4476,0.4476,,False,예
코스닥150 지수,25일 → 말일-3,25,-3,128,0,128,0.12,0.13,54.69,45.31,14.12,-5.59,2.08,1.34,1.35,70,58,3301,0,3301,-0.16,-0.01,49.86,50.14,22.16,-28.91,4.62,3.15,3.45,1646,1655,0.27,0.13,4.82,-4.82,0.4695,0.6743,0.2867,0.2867,,False,예
코스닥150 지수,25일 → 말일-2,25,-2,185,0,185,-0.05,0.06,51.35,48.65,22.65,-11.39,2.75,1.55,1.74,95,90,3501,0,3501,-0.33,-0.17,47.36,52.61,31.29,-33.28,4.99,3.31,3.61,1658,1842,0.28,0.23,3.99,-3.96,0.4396,0.3536,0.2657,0.2647,,True,예
코스닥150 지수,25일 → 말일-1,25,-1,194,0,194,0.22,0.37,55.67,43.81,26.48,-14.95,3.2,1.99,2.03,108,85,3701,0,3701,-0.02,0.06,50.45,49.53,35.38,-35.95,5.05,3.41,3.52,1867,1833,0.24,0.31,5.22,-5.71,0.5005,0.2687,0.1369,0.1059,,False,예
코스닥150 지수,25일 → 말일,25,0,200,0,200,0.33,0.34,54.5,45.5,23.85,-9.83,3.42,2.43,2.18,109,91,3901,0,3901,0.11,0.17,51.86,48.14,32.56,-27.46,4.99,3.52,3.56,2023,1878,0.23,0.18,2.64,-2.64,0.5205,0.5285,0.4875,0.4875,,False,예
코스닥150 지수,25일 → 말일+1,25,1,200,0,200,0.55,0.49,57.0,43.0,17.05,-9.06,3.31,2.64,2.22,114,86,4101,0,4101,0.32,0.31,53.84,46.14,25.56,-25.3,4.78,3.55,3.46,2208,1892,0.23,0.18,3.16,-3.14,0.4785,0.5455,0.3886,0.3886,,False,예
코스닥150 지수,25일 → 말일+2,25,2,200,0,200,0.58,0.71,58.5,41.5,21.65,-15.26,4.05,3.07,2.92,117,83,4101,0,4101,0.36,0.35,53.62,46.38,30.22,-20.03,5.2,3.9,3.74,2199,1902,0.23,0.36,4.88,-4.88,0.5135,0.2687,0.1698,0.1698,,False,예
코스닥150 지수,25일 → 말일+3,25,3,200,0,200,0.6,0.52,56.5,43.5,21.21,-14.88,4.27,3.41,3.05,113,87,4101,0,4101,0.35,0.43,53.35,46.65,30.64,-20.24,5.47,4.16,4.01,2188,1913,0.25,0.09,3.15,-3.15,0.4815,0.7802,0.3666,0.3666,,False,예
코스닥 종합지수,15일 → 말일-3,15,-3,362,0,362,-1.04,-0.77,43.65,56.35,13.82,-30.2,5.11,3.06,4.22,158,204,6103,0,6103,-0.49,-0.14,48.32,51.63,43.7,-38.22,5.71,3.43,4.16,2949,3151,-0.55,-0.63,-4.67,4.72,0.0629,0.002,0.0679,0.0639,,False,예
코스닥 종합지수,15일 → 말일-2,15,-2,362,0,362,-1.33,-1.02,41.44,58.56,19.17,-31.95,5.48,3.23,4.56,150,212,6465,0,6465,-0.76,-0.36,45.6,54.37,46.1,-39.77,5.86,3.45,4.29,2948,3515,-0.57,-0.66,-4.16,4.19,0.0649,0.002,0.1059,0.1049,,False,예
코스닥 종합지수,15일 → 말일-1,15,-1,362,0,362,-1.22,-0.68,44.75,55.25,22.42,-24.14,5.54,3.18,4.78,162,200,6827,0,6827,-0.59,-0.17,48.1,51.81,48.58,-32.86,5.85,3.46,4.36,3284,3537,-0.62,-0.5,-3.35,3.44,0.032,0.02,0.1918,0.1798,,False,예
코스닥 종합지수,15일 → 말일,15,0,362,0,362,-0.91,-0.49,45.58,54.14,20.85,-22.61,5.71,3.66,4.77,165,196,7189,0,7189,-0.26,0.04,50.63,49.3,51.45,-30.14,5.97,3.71,4.33,3640,3544,-0.66,-0.54,-5.05,4.85,0.031,0.02,0.0569,0.0689,,False,예
코스닥 종합지수,15일 → 말일+1,15,1,362,0,362,-0.52,-0.15,48.34,51.66,25.43,-24.6,5.95,4.01,4.77,175,187,7551,0,7551,0.14,0.34,53.46,46.48,57.36,-27.88,6.13,4.01,4.31,4037,3510,-0.66,-0.49,-5.12,5.17,0.027,0.03,0.047,0.04,,False,예
코스닥 종합지수,15일 → 말일+2,15,2,362,0,362,-0.47,-0.16,48.9,51.1,30.93,-28.65,6.29,4.28,5.01,177,185,7551,0,7551,0.2,0.32,53.12,46.84,64.26,-31.74,6.48,4.37,4.52,4011,3537,-0.67,-0.48,-4.22,4.26,0.034,0.0639,0.1039,0.1049,,False,예
코스닥 종합지수,15일 → 말일+3,15,3,362,0,362,-0.42,-0.27,48.07,51.93,35.91,-29.44,6.5,4.52,4.98,174,188,7551,0,7551,0.23,0.31,52.48,47.52,70.51,-32.5,6.77,4.69,4.7,3963,3588,-0.65,-0.58,-4.42,4.42,0.0519,0.0509,0.0779,0.0779,,False,예
코스닥 종합지수,16일 → 말일-3,16,-3,362,0,362,-1.01,-0.44,45.58,54.42,13.41,-23.62,4.81,2.77,4.18,165,197,6103,0,6103,-0.49,-0.14,48.32,51.63,43.7,-38.22,5.71,3.43,4.16,2949,3151,-0.52,-0.3,-2.74,2.79,0.0799,0.1029,0.2697,0.2408,,False,예
코스닥 종합지수,16일 → 말일-2,16,-2,362,0,362,-1.3,-0.91,42.27,57.73,18.74,-25.07,5.18,3.03,4.47,153,209,6465,0,6465,-0.76,-0.36,45.6,54.37,46.1,-39.77,5.86,3.45,4.29,2948,3515,-0.54,-0.55,-3.33,3.37,0.0789,0.011,0.2048,0.2018,,False,예
코스닥 종합지수,16일 → 말일-1,16,-1,362,0,362,-1.18,-0.65,43.09,56.91,21.98,-22.48,5.3,3.18,4.48,156,206,6827,0,6827,-0.59,-0.17,48.1,51.81,48.58,-32.86,5.85,3.46,4.36,3284,3537,-0.59,-0.47,-5.01,5.1,0.0509,0.03,0.0519,0.042,,False,예
코스닥 종합지수,16일 → 말일,16,0,362,0,362,-0.88,-0.5,46.96,53.04,20.41,-22.61,5.47,3.42,4.69,170,192,7189,0,7189,-0.26,0.04,50.63,49.3,51.45,-30.14,5.97,3.71,4.33,3640,3544,-0.63,-0.54,-3.67,3.74,0.043,0.019,0.1728,0.1538,,False,예
코스닥 종합지수,16일 → 말일+1,16,1,362,0,362,-0.49,-0.15,48.34,51.66,25.32,-23.0,5.73,3.91,4.61,175,187,7551,0,7551,0.14,0.34,53.46,46.48,57.36,-27.88,6.13,4.01,4.31,4037,3510,-0.63,-0.49,-5.12,5.17,0.036,0.03,0.047,0.04,,False,예
코스닥 종합지수,16일 → 말일+2,16,2,362,0,362,-0.43,0.0,50.0,50.0,30.81,-27.13,6.08,4.05,4.92,181,181,7551,0,7551,0.2,0.32,53.12,46.84,64.26,-31.74,6.48,4.37,4.52,4011,3537,-0.64,-0.31,-3.12,3.16,0.046,0.2188,0.2348,0.2348,,False,예
코스닥 종합지수,16일 → 말일+3,16,3,362,0,362,-0.38,-0.19,48.62,51.38,35.79,-27.94,6.29,4.38,4.89,176,186,7551,0,7551,0.23,0.31,52.48,47.52,70.51,-32.5,6.77,4.69,4.7,3963,3588,-0.61,-0.5,-3.86,3.86,0.0719,0.0939,0.1299,0.1299,,False,예
코스닥 종합지수,17일 → 말일-3,17,-3,362,0,362,-0.79,-0.3,46.69,53.31,13.41,-22.64,4.63,2.73,3.88,169,193,6103,0,6103,-0.49,-0.14,48.32,51.63,43.7,-38.22,5.71,3.43,4.16,2949,3151,-0.3,-0.17,-1.64,1.68,0.2967,0.3367,0.5045,0.4755,,False,예
코스닥 종합지수,17일 → 말일-2,17,-2,362,0,362,-1.08,-0.77,43.65,56.35,18.74,-24.59,4.99,2.93,4.19,158,204,6465,0,6465,-0.76,-0.36,45.6,54.37,46.1,-39.77,5.86,3.45,4.29,2948,3515,-0.33,-0.41,-1.95,1.98,0.3017,0.0549,0.4555,0.4545,,False,예
코스닥 종합지수,17일 → 말일-1,17,-1,362,0,362,-0.96,-0.51,44.75,54.97,21.98,-22.48,5.13,3.14,4.31,162,199,6827,0,6827,-0.59,-0.17,48.1,51.81,48.58,-32.86,5.85,3.46,4.36,3284,3537,-0.37,-0.34,-3.35,3.16,0.2068,0.1359,0.1918,0.2088,,False,예
코스닥 종합지수,17일 → 말일,17,0,362,0,362,-0.66,-0.37,46.69,53.31,20.41,-22.61,5.36,3.55,4.34,169,193,7189,0,7189,-0.26,0.04,50.63,49.3,51.45,-30.14,5.97,3.71,4.33,3640,3544,-0.4,-0.42,-3.95,4.02,0.2098,0.0529,0.1389,0.1269,,False,예
코스닥 종합지수,17일 → 말일+1,17,1,362,0,362,-0.27,-0.04,49.45,50.55,25.32,-18.08,5.65,3.98,4.42,179,183,7551,0,7551,0.14,0.34,53.46,46.48,57.36,-27.88,6.13,4.01,4.31,4037,3510,-0.41,-0.37,-4.02,4.07,0.1838,0.1069,0.1029,0.0979,,False,예
코스닥 종합지수,17일 → 말일+2,17,2,362,0,362,-0.21,0.05,50.28,49.72,30.81,-22.47,5.99,4.17,4.64,182,180,7551,0,7551,0.2,0.32,53.12,46.84,64.26,-31.74,6.48,4.37,4.52,4011,3537,-0.41,-0.27,-2.84,2.88,0.2018,0.2937,0.2687,0.2687,,True,예
코스닥 종합지수,17일 → 말일+3,17,3,362,0,362,-0.16,0.15,50.55,49.45,35.79,-23.34,6.19,4.37,4.79,183,179,7551,0,7551,0.23,0.31,52.48,47.52,70.51,-32.5,6.77,4.69,4.7,3963,3588,-0.39,-0.16,-1.93,1.93,0.2557,0.5924,0.4505,0.4505,,True,예
코스닥 종합지수,18일 → 말일-3,18,-3,362,0,362,-0.68,-0.3,46.69,53.31,13.41,-22.64,4.29,2.62,3.57,169,193,6103,0,6103,-0.49,-0.14,48.32,51.63,43.7,-38.22,5.71,3.43,4.16,2949,3151,-0.19,-0.16,-1.64,1.68,0.5125,0.3546,0.5045,0.4755,,False,예
코스닥 종합지수,18일 → 말일-2,18,-2,362,0,362,-0.96,-0.68,43.92,56.08,18.74,-24.59,4.73,2.79,3.9,159,203,6465,0,6465,-0.76,-0.36,45.6,54.37,46.1,-39.77,5.86,3.45,4.29,2948,3515,-0.21,-0.32,-1.68,1.71,0.5005,0.1199,0.5155,0.5175,,False,예
코스닥 종합지수,18일 → 말일-1,18,-1,362,0,362,-0.84,-0.57,46.41,53.59,21.98,-20.88,4.91,2.91,4.1,168,194,6827,0,6827,-0.59,-0.17,48.1,51.81,48.58,-32.86,5.85,3.46,4.36,3284,3537,-0.25,-0.39,-1.69,1.78,0.3946,0.0809,0.5175,0.4845,,False,예
코스닥 종합지수,18일 → 말일,18,0,362,0,362,-0.53,-0.15,47.79,52.21,20.41,-21.02,5.21,3.41,4.15,173,189,7189,0,7189,-0.26,0.04,50.63,49.3,51.45,-30.14,5.97,3.71,4.33,3640,3544,-0.28,-0.19,-2.84,2.91,0.4076,0.3616,0.3097,0.2907,,False,예
코스닥 종합지수,18일 → 말일+1,18,1,362,0,362,-0.15,0.34,51.1,48.9,25.32,-18.08,5.42,3.82,4.29,185,177,7551,0,7551,0.14,0.34,53.46,46.48,57.36,-27.88,6.13,4.01,4.31,4037,3510,-0.29,0.0,-2.36,2.41,0.3317,0.975,0.3546,0.3337,,True,예
코스닥 종합지수,18일 → 말일+2,18,2,362,0,362,-0.09,0.13,51.1,48.62,30.81,-22.47,5.75,4.02,4.41,185,176,7551,0,7551,0.2,0.32,53.12,46.84,64.26,-31.74,6.48,4.37,4.52,4011,3537,-0.29,-0.19,-2.01,1.78,0.3506,0.4486,0.4326,0.4935,,True,예
코스닥 종합지수,18일 → 말일+3,18,3,362,0,362,-0.04,0.17,51.38,48.62,35.79,-23.34,6.04,4.25,4.56,186,176,7551,0,7551,0.23,0.31,52.48,47.52,70.51,-32.5,6.77,4.69,4.7,3963,3588,-0.27,-0.14,-1.1,1.1,0.4276,0.6444,0.6693,0.6693,,True,예
코스닥 종합지수,19일 → 말일-3,19,-3,362,0,362,-0.58,-0.36,44.2,55.8,20.6,-22.64,3.97,2.51,3.02,160,202,6103,0,6103,-0.49,-0.14,48.32,51.63,43.7,-38.22,5.71,3.43,4.16,2949,3151,-0.09,-0.22,-4.12,4.17,0.7502,0.2168,0.1029,0.0939,,False,예
코스닥 종합지수,19일 → 말일-2,19,-2,362,0,362,-0.86,-0.6,41.44,58.56,22.06,-24.59,4.42,2.74,3.41,150,212,6465,0,6465,-0.76,-0.36,45.6,54.37,46.1,-39.77,5.86,3.45,4.29,2948,3515,-0.11,-0.24,-4.16,4.19,0.6943,0.2298,0.1059,0.1049,,False,예
코스닥 종합지수,19일 → 말일-1,19,-1,362,0,362,-0.74,-0.58,45.58,54.42,26.56,-18.57,4.65,2.79,3.7,165,197,6827,0,6827,-0.59,-0.17,48.1,51.81,48.58,-32.86,5.85,3.46,4.36,3284,3537,-0.15,-0.41,-2.52,2.61,0.6194,0.0659,0.3147,0.2917,,False,예
코스닥 종합지수,19일 → 말일,19,0,362,0,362,-0.43,-0.31,45.86,54.14,32.85,-17.07,5.04,3.43,3.69,166,196,7189,0,7189,-0.26,0.04,50.63,49.3,51.45,-30.14,5.97,3.71,4.33,3640,3544,-0.17,-0.35,-4.78,4.85,0.6174,0.1019,0.0789,0.0689,,False,예
코스닥 종합지수,19일 → 말일+1,19,1,362,0,362,-0.04,0.11,50.55,49.45,28.83,-18.08,5.25,3.75,3.92,183,179,7551,0,7551,0.14,0.34,53.46,46.48,57.36,-27.88,6.13,4.01,4.31,4037,3510,-0.18,-0.22,-2.91,2.96,0.5275,0.3057,0.2567,0.2258,,True,예
코스닥 종합지수,19일 → 말일+2,19,2,362,0,362,0.02,0.18,52.21,47.79,32.53,-22.47,5.64,3.9,4.22,189,173,7551,0,7551,0.2,0.32,53.12,46.84,64.26,-31.74,6.48,4.37,4.52,4011,3537,-0.18,-0.13,-0.91,0.95,0.5594,0.5954,0.7632,0.7622,,False,예
코스닥 종합지수,19일 → 말일+3,19,3,362,0,362,0.08,0.15,51.1,48.9,33.77,-23.34,5.96,4.18,4.22,185,177,7551,0,7551,0.23,0.31,52.48,47.52,70.51,-32.5,6.77,4.69,4.7,3963,3588,-0.16,-0.16,-1.38,1.38,0.6394,0.5974,0.5874,0.5874,,False,예
코스닥 종합지수,20일 → 말일-3,20,-3,359,0,359,-0.53,-0.27,46.24,53.76,11.07,-22.84,3.61,2.2,2.87,166,193,6103,0,6103,-0.49,-0.14,48.32,51.63,43.7,-38.22,5.71,3.43,4.16,2949,3151,-0.04,-0.13,-2.08,2.13,0.8681,0.4635,0.4156,0.3766,,False,예
코스닥 종합지수,20일 → 말일-2,20,-2,362,0,362,-0.82,-0.61,41.99,58.01,16.1,-24.78,4.01,2.44,3.17,152,210,6465,0,6465,-0.76,-0.36,45.6,54.37,46.1,-39.77,5.86,3.45,4.29,2948,3515,-0.06,-0.25,-3.61,3.64,0.8092,0.2078,0.1668,0.1668,,False,예
코스닥 종합지수,20일 → 말일-1,20,-1,362,0,362,-0.7,-0.43,43.65,56.08,19.26,-16.15,4.23,2.66,3.31,158,203,6827,0,6827,-0.59,-0.17,48.1,51.81,48.58,-32.86,5.85,3.46,4.36,3284,3537,-0.1,-0.26,-4.46,4.27,0.7283,0.2577,0.0919,0.0999,,False,예
코스닥 종합지수,20일 → 말일,20,0,362,0,362,-0.38,-0.06,48.9,51.1,21.66,-16.1,4.61,3.04,3.66,177,185,7189,0,7189,-0.26,0.04,50.63,49.3,51.45,-30.14,5.97,3.71,4.33,3640,3544,-0.13,-0.1,-1.74,1.81,0.7233,0.6314,0.5694,0.5375,,False,예
코스닥 종합지수,20일 → 말일+1,20,1,362,0,362,0.0,-0.09,49.45,50.55,17.98,-17.87,4.79,3.63,3.55,179,183,7551,0,7551,0.14,0.34,53.46,46.48,57.36,-27.88,6.13,4.01,4.31,4037,3510,-0.13,-0.43,-4.02,4.07,0.6164,0.0629,0.1029,0.0979,,True,예
코스닥 종합지수,20일 → 말일+2,20,2,362,0,362,0.06,0.08,51.1,48.9,21.37,-17.2,5.17,3.83,3.88,185,177,7551,0,7551,0.2,0.32,53.12,46.84,64.26,-31.74,6.48,4.37,4.52,4011,3537,-0.14,-0.23,-2.01,2.05,0.6484,0.3516,0.4326,0.4376,,False,예
코스닥 종합지수,20일 → 말일+3,20,3,362,0,362,0.12,0.28,53.04,46.96,22.87,-17.12,5.54,3.93,4.19,192,170,7551,0,7551,0.23,0.31,52.48,47.52,70.51,-32.5,6.77,4.69,4.7,3963,3588,-0.11,-0.03,0.56,-0.56,0.7283,0.9041,0.8741,0.8741,,False,예
코스닥 종합지수,21일 → 말일-3,21,-3,359,0,359,-0.52,-0.19,45.68,54.04,13.8,-22.38,3.45,2.06,2.7,164,194,6103,0,6103,-0.49,-0.14,48.32,51.63,43.7,-38.22,5.71,3.43,4.16,2949,3151,-0.03,-0.06,-2.64,2.41,0.8931,0.7702,0.2897,0.3127,,False,예
코스닥 종합지수,21일 → 말일-2,21,-2,359,0,359,-0.8,-0.44,43.73,55.99,19.16,-24.33,3.93,2.22,3.17,157,201,6465,0,6465,-0.76,-0.36,45.6,54.37,46.1,-39.77,5.86,3.45,4.29,2948,3515,-0.05,-0.09,-1.87,1.62,0.8402,0.6583,0.4765,0.5485,,False,예
코스닥 종합지수,21일 → 말일-1,21,-1,362,0,362,-0.68,-0.46,44.2,55.8,22.4,-15.65,4.12,2.49,3.19,160,202,6827,0,6827,-0.59,-0.17,48.1,51.81,48.58,-32.86,5.85,3.46,4.36,3284,3537,-0.08,-0.28,-3.9,3.99,0.7672,0.2078,0.1299,0.1229,,False,예
코스닥 종합지수,21일 → 말일,21,0,362,0,362,-0.36,-0.26,47.51,52.49,21.66,-14.6,4.5,2.99,3.4,172,190,7189,0,7189,-0.26,0.04,50.63,49.3,51.45,-30.14,5.97,3.71,4.33,3640,3544,-0.11,-0.31,-3.12,3.19,0.7532,0.1508,0.2707,0.2488,,False,예
코스닥 종합지수,21일 → 말일+1,21,1,362,0,362,0.02,0.06,50.55,49.17,18.11,-15.55,4.6,3.4,3.46,183,178,7551,0,7551,0.14,0.34,53.46,46.48,57.36,-27.88,6.13,4.01,4.31,4037,3510,-0.12,-0.28,-2.91,2.69,0.6583,0.1948,0.2567,0.2747,,False,예
코스닥 종합지수,21일 → 말일+2,21,2,362,0,362,0.08,0.09,51.1,48.9,21.37,-15.65,5.01,3.7,3.71,185,177,7551,0,7551,0.2,0.32,53.12,46.84,64.26,-31.74,6.48,4.37,4.52,4011,3537,-0.13,-0.23,-2.01,2.05,0.6813,0.3636,0.4326,0.4376,,False,예
코스닥 종합지수,21일 → 말일+3,21,3,362,0,362,0.14,0.36,53.31,46.69,22.5,-16.58,5.41,3.86,4.12,193,169,7551,0,7551,0.23,0.31,52.48,47.52,70.51,-32.5,6.77,4.69,4.7,3963,3588,-0.1,0.05,0.83,-0.83,0.7612,0.8981,0.7962,0.7962,,False,예
코스닥 종합지수,22일 → 말일-3,22,-3,352,0,352,-0.34,-0.17,47.16,52.56,11.57,-18.81,3.04,1.86,2.31,166,185,6103,0,6103,-0.49,-0.14,48.32,51.63,43.7,-38.22,5.71,3.43,4.16,2949,3151,0.15,-0.03,-1.16,0.93,0.6494,0.8342,0.6454,0.6853,,False,예
코스닥 종합지수,22일 → 말일-2,22,-2,359,0,359,-0.61,-0.39,45.13,54.87,16.82,-20.84,3.64,2.03,2.79,162,197,6465,0,6465,-0.76,-0.36,45.6,54.37,46.1,-39.77,5.86,3.45,4.29,2948,3515,0.14,-0.04,-0.47,0.5,0.6653,0.8432,0.8761,0.8761,,False,예
코스닥 종합지수,22일 → 말일-1,22,-1,361,0,361,-0.47,-0.23,45.98,54.02,20.0,-14.15,3.89,2.36,2.88,166,195,6827,0,6827,-0.59,-0.17,48.1,51.81,48.58,-32.86,5.85,3.46,4.36,3284,3537,0.12,-0.05,-2.12,2.21,0.7043,0.8112,0.4106,0.3806,,False,예
코스닥 종합지수,22일 → 말일,22,0,362,0,362,-0.15,-0.05,49.72,50.28,21.66,-14.3,4.4,2.88,3.15,180,182,7189,0,7189,-0.26,0.04,50.63,49.3,51.45,-30.14,5.97,3.71,4.33,3640,3544,0.1,-0.09,-0.91,0.98,0.7303,0.6793,0.8062,0.7682,,False,예
코스닥 종합지수,22일 → 말일+1,22,1,362,0,362,0.24,0.34,53.59,46.13,19.96,-14.78,4.61,3.3,3.32,194,167,7551,0,7551,0.14,0.34,53.46,46.48,57.36,-27.88,6.13,4.01,4.31,4037,3510,0.1,0.01,0.13,-0.35,0.7852,0.986,1.0,0.956,,False,예
코스닥 종합지수,22일 → 말일+2,22,2,362,0,362,0.3,0.31,53.59,46.41,22.19,-16.84,5.08,3.69,3.62,194,168,7551,0,7551,0.2,0.32,53.12,46.84,64.26,-31.74,6.48,4.37,4.52,4011,3537,0.1,-0.01,0.47,-0.43,0.8182,0.9351,0.8851,0.8771,,False,예
코스닥 종합지수,22일 → 말일+3,22,3,362,0,362,0.36,0.46,54.97,45.03,29.56,-17.77,5.6,3.94,4.01,199,163,7551,0,7551,0.23,0.31,52.48,47.52,70.51,-32.5,6.77,4.69,4.7,3963,3588,0.13,0.16,2.49,-2.49,0.7473,0.6374,0.3536,0.3536,,False,예
코스닥 종합지수,23일 → 말일-3,23,-3,334,0,334,-0.03,0.0,50.0,49.7,16.42,-11.82,2.81,1.89,1.96,167,166,6103,0,6103,-0.49,-0.14,48.32,51.63,43.7,-38.22,5.71,3.43,4.16,2949,3151,0.46,0.14,1.68,-1.93,0.1538,0.5425,0.5614,0.4825,,False,예
코스닥 종합지수,23일 → 말일-2,23,-2,356,0,356,-0.31,-0.12,47.19,52.81,17.82,-16.15,3.4,2.05,2.41,168,188,6465,0,6465,-0.76,-0.36,45.6,54.37,46.1,-39.77,5.86,3.45,4.29,2948,3515,0.45,0.23,1.59,-1.56,0.1738,0.2707,0.5504,0.5824,,False,예
코스닥 종합지수,23일 → 말일-1,23,-1,361,0,361,-0.16,0.13,52.08,47.92,22.16,-18.41,3.77,2.22,2.74,188,173,6827,0,6827,-0.59,-0.17,48.1,51.81,48.58,-32.86,5.85,3.46,4.36,3284,3537,0.44,0.31,3.97,-3.89,0.1538,0.2008,0.1319,0.1449,,True,예
코스닥 종합지수,23일 → 말일,23,0,362,0,362,0.16,0.25,54.14,45.86,28.24,-11.75,4.29,2.77,2.93,196,166,7189,0,7189,-0.26,0.04,50.63,49.3,51.45,-30.14,5.97,3.71,4.33,3640,3544,0.41,0.21,3.51,-3.44,0.1818,0.3407,0.1568,0.1728,,False,예
코스닥 종합지수,23일 → 말일+1,23,1,362,0,362,0.55,0.56,57.18,42.82,24.36,-14.78,4.57,3.27,3.08,207,155,7551,0,7551,0.14,0.34,53.46,46.48,57.36,-27.88,6.13,4.01,4.31,4037,3510,0.41,0.23,3.72,-3.67,0.2108,0.3487,0.1499,0.1688,,False,예
코스닥 종합지수,23일 → 말일+2,23,2,362,0,362,0.61,0.57,55.25,44.75,27.93,-16.59,5.01,3.72,3.23,200,162,7551,0,7551,0.2,0.32,53.12,46.84,64.26,-31.74,6.48,4.37,4.52,4011,3537,0.41,0.25,2.13,-2.09,0.2378,0.3856,0.4046,0.4086,,False,예
코스닥 종합지수,23일 → 말일+3,23,3,362,0,362,0.68,0.57,56.91,43.09,34.02,-17.52,5.57,3.96,3.66,206,156,7551,0,7551,0.23,0.31,52.48,47.52,70.51,-32.5,6.77,4.69,4.7,3963,3588,0.45,0.26,4.42,-4.42,0.2228,0.4356,0.0879,0.0879,,False,예
코스닥 종합지수,24일 → 말일-3,24,-3,307,0,307,0.05,0.01,50.49,49.51,8.92,-7.29,2.27,1.6,1.54,155,152,6103,0,6103,-0.49,-0.14,48.32,51.63,43.7,-38.22,5.71,3.43,4.16,2949,3151,0.54,0.15,2.17,-2.12,0.1099,0.5235,0.4585,0.4605,,False,예
코스닥 종합지수,24일 → 말일-2,24,-2,342,0,342,-0.22,-0.11,47.95,52.05,14.04,-11.43,2.89,1.77,2.06,164,178,6465,0,6465,-0.76,-0.36,45.6,54.37,46.1,-39.77,5.86,3.45,4.29,2948,3515,0.53,0.25,2.35,-2.32,0.1139,0.2597,0.4206,0.4186,,False,예
코스닥 종합지수,24일 → 말일-1,24,-1,358,0,358,-0.07,0.1,51.96,47.77,17.15,-13.82,3.35,2.06,2.4,186,171,6827,0,6827,-0.59,-0.17,48.1,51.81,48.58,-32.86,5.85,3.46,4.36,3284,3537,0.52,0.27,3.85,-4.04,0.0849,0.2587,0.1399,0.1279,,True,예
코스닥 종합지수,24일 → 말일,24,0,362,0,362,0.25,0.26,54.7,45.3,24.85,-11.0,3.93,2.58,2.57,198,164,7189,0,7189,-0.26,0.04,50.63,49.3,51.45,-30.14,5.97,3.71,4.33,3640,3544,0.5,0.22,4.06,-3.99,0.1089,0.3187,0.1019,0.1139,,False,예
코스닥 종합지수,24일 → 말일+1,24,1,362,0,362,0.64,0.5,56.91,43.09,27.18,-14.78,4.36,3.18,2.71,206,156,7551,0,7551,0.14,0.34,53.46,46.48,57.36,-27.88,6.13,4.01,4.31,4037,3510,0.51,0.17,3.44,-3.39,0.1189,0.4835,0.1888,0.2068,,False,예
코스닥 종합지수,24일 → 말일+2,24,2,362,0,362,0.71,0.49,57.73,42.27,29.04,-16.85,4.88,3.52,3.14,209,153,7551,0,7551,0.2,0.32,53.12,46.84,64.26,-31.74,6.48,4.37,4.52,4011,3537,0.5,0.18,4.62,-4.58,0.1429,0.5634,0.0679,0.0679,,False,예
코스닥 종합지수,24일 → 말일+3,24,3,362,0,362,0.77,0.53,56.35,43.65,37.35,-17.78,5.47,3.96,3.35,204,158,7551,0,7551,0.23,0.31,52.48,47.52,70.51,-32.5,6.77,4.69,4.7,3963,3588,0.54,0.22,3.87,-3.87,0.1299,0.5035,0.1479,0.1479,,False,예
코스닥 종합지수,25일 → 말일-3,25,-3,234,0,234,0.11,0.06,55.13,44.87,8.92,-5.66,1.89,1.3,1.34,129,105,6103,0,6103,-0.49,-0.14,48.32,51.63,43.7,-38.22,5.71,3.43,4.16,2949,3151,0.6,0.2,6.81,-6.76,0.1159,0.4515,0.034,0.042,,False,예
코스닥 종합지수,25일 → 말일-2,25,-2,333,0,333,-0.17,-0.02,49.25,50.75,14.04,-11.43,2.41,1.44,1.74,164,169,6465,0,6465,-0.76,-0.36,45.6,54.37,46.1,-39.77,5.86,3.45,4.29,2948,3515,0.58,0.34,3.65,-3.62,0.0889,0.1309,0.2118,0.2098,,False,예
코스닥 종합지수,25일 → 말일-1,25,-1,350,0,350,-0.04,0.1,52.57,47.14,17.15,-13.82,2.95,1.88,2.18,184,165,6827,0,6827,-0.59,-0.17,48.1,51.81,48.58,-32.86,5.85,3.46,4.36,3284,3537,0.56,0.27,4.47,-4.67,0.0719,0.2577,0.0909,0.0809,,True,예
코스닥 종합지수,25일 → 말일,25,0,362,0,362,0.28,0.34,55.52,44.48,15.65,-11.0,3.43,2.35,2.31,201,161,7189,0,7189,-0.26,0.04,50.63,49.3,51.45,-30.14,5.97,3.71,4.33,3640,3544,0.53,0.29,4.89,-4.82,0.0819,0.1808,0.0509,0.0569,,False,예
코스닥 종합지수,25일 → 말일+1,25,1,362,0,362,0.68,0.62,58.84,41.16,18.82,-14.78,4.0,2.97,2.6,213,149,7551,0,7551,0.14,0.34,53.46,46.48,57.36,-27.88,6.13,4.01,4.31,4037,3510,0.54,0.29,5.38,-5.32,0.0969,0.2228,0.043,0.047,,False,예
코스닥 종합지수,25일 → 말일+2,25,2,362,0,362,0.74,0.62,59.12,40.88,24.03,-16.85,4.57,3.35,3.03,214,148,7551,0,7551,0.2,0.32,53.12,46.84,64.26,-31.74,6.48,4.37,4.52,4011,3537,0.54,0.31,6.0,-5.96,0.1119,0.2897,0.018,0.018,,False,예
코스닥 종합지수,25일 → 말일+3,25,3,362,0,362,0.81,0.76,56.63,43.37,28.75,-17.78,5.14,3.88,3.2,205,157,7551,0,7551,0.23,0.31,52.48,47.52,70.51,-32.5,6.77,4.69,4.7,3963,3588,0.58,0.45,4.15,-4.15,0.1039,0.1588,0.1129,0.1129,,False,예
