Date,Open,High,Low,Close,Volume
2015-10-01,10830,10830,10760,10760,30032
2015-10-02,10800,10825,10800,10810,60029
2015-10-05,10930,10940,10880,10900,40976
2015-10-06,10920,10950,10840,10840,40252
2015-10-07,10760,10760,10600,10600,20248
2015-10-08,10660,10680,10430,10500,40068
2015-10-12,10500,10500,10470,10475,40071
2015-10-13,10520,10520,10420,10420,20026
2015-10-14,10415,10450,10370,10370,22141
2015-10-15,10425,10455,10355,10455,243515
2015-10-16,10560,10635,10555,10610,301757
2015-10-19,10640,10645,10590,10600,293816
2015-10-20,10635,10750,10590,10750,285721
2015-10-21,10765,10775,10635,10660,305202
2015-10-22,10600,10605,10465,10485,255949
2015-10-23,10560,10595,10525,10595,234848
2015-10-26,10645,10750,10625,10750,254135
2015-10-27,10785,10805,10655,10655,249757
2015-10-28,10700,10860,10640,10855,239769
2015-10-29,10885,10895,10785,10810,249038
2015-10-30,10820,10820,10640,10645,231953
2015-11-02,10685,10710,10610,10610,226952
2015-11-03,10700,10745,10600,10685,222643
2015-11-04,10705,10735,10650,10735,222544
2015-11-05,10780,10900,10780,10900,293936
2015-11-06,11000,11010,10920,10950,196942
2015-11-09,10995,10995,10605,10625,312418
2015-11-10,10515,10590,10260,10360,368001
2015-11-11,10325,10565,10320,10565,319402
2015-11-12,10605,10730,10605,10680,335240
2015-11-13,10585,10675,10520,10655,368605
2015-11-16,10440,10605,10440,10515,323207
2015-11-17,10685,10710,10635,10700,306449
2015-11-18,10780,10810,10725,10750,315926
2015-11-19,10820,10920,10780,10870,305928
2015-11-20,10895,10935,10865,10935,2243
2015-11-23,10960,11035,10930,10950,396349
2015-11-24,10980,11015,10935,10970,383702
2015-11-25,11000,11020,10935,10965,354343
2015-11-26,11040,11080,10970,11070,377678
2015-11-27,11060,11120,11010,11015,447458
2015-11-30,11075,11075,10905,10980,329716
2015-12-01,11010,11080,10960,11060,346495
2015-12-02,11155,11180,11045,11045,404124
2015-12-03,11050,11100,10965,11100,320682
2015-12-04,10955,11015,10950,10995,349083
2015-12-07,11080,11090,10880,10880,307686
2015-12-08,10835,10890,10600,10655,407333
2015-12-09,10620,10625,10580,10585,303776
2015-12-10,10555,10600,10370,10465,417682
2015-12-11,10485,10490,10260,10300,316150
2015-12-14,10110,10110,9920,9925,348085
2015-12-15,10020,10130,9980,10130,325183
2015-12-16,10225,10285,10200,10220,371288
2015-12-17,10300,10360,10185,10360,406445
2015-12-18,10305,10590,10240,10590,690657
2015-12-21,10530,10615,10525,10570,742594
2015-12-22,10565,10565,10435,10495,491735
2015-12-23,10535,10535,10425,10430,499728
2015-12-24,10415,10430,10300,10300,441201
2015-12-28,10295,10460,10255,10460,410980
2015-12-29,10395,10815,10395,10815,491384
2015-12-30,10870,11015,10825,11015,395520
2016-01-04,11040,11130,10810,10940,619538
2016-01-05,10775,11050,10725,11050,882234
2016-01-06,11065,11150,10910,11150,545702
2016-01-07,11080,11200,10915,11025,853205
2016-01-08,10800,11120,10750,11050,3667733
2016-01-11,11045,11200,10920,10960,364475
2016-01-12,10990,11070,10890,10905,368017
2016-01-13,11025,11150,10970,11140,2358320
2016-01-14,11000,11135,10920,11125,525499
2016-01-15,11285,11285,10970,11030,507937
2016-01-18,10955,11220,10940,11220,473409
2016-01-19,11245,11290,11130,11255,427540
2016-01-20,11280,11355,11000,11155,339438
2016-01-21,11150,11210,10985,11090,356769
2016-01-22,11180,11225,10980,11125,322920
2016-01-25,11235,11330,11200,11305,530587
2016-01-26,11260,11345,11260,11315,359725
2016-01-27,11375,11375,11110,11155,391438
2016-01-28,11145,11265,11085,11235,356251
2016-01-29,11275,11280,11135,11280,416093
2016-02-01,11375,11405,11300,11400,283150
2016-02-02,11415,11425,11360,11395,439150
2016-02-03,11330,11380,11270,11375,445326
2016-02-04,11380,11415,11280,11320,710169
2016-02-05,11320,11320,11220,11265,380278
2016-02-11,11065,11070,10660,10670,531719
2016-02-12,10540,10565,9700,9850,593824
2016-02-15,9990,10100,9860,10015,1014078
2016-02-16,10125,10325,10110,10250,545271
2016-02-17,10275,10340,9965,9965,710033
2016-02-18,10170,10260,10140,10250,502689
2016-02-19,10260,10365,10215,10360,454044
2016-02-22,10375,10505,10375,10485,409585
2016-02-23,10570,10570,10270,10340,677786
2016-02-24,10290,10375,10250,10305,624182
2016-02-25,10390,10390,10290,10350,663069
2016-02-26,10435,10435,10315,10380,364849
2016-02-29,10380,10440,10320,10440,630334
2016-03-02,10530,10650,10530,10635,736051
2016-03-03,10695,10850,10615,10850,418218
2016-03-04,10880,10890,10750,10880,439904
2016-03-07,10895,10940,10695,10755,437687
2016-03-08,10860,10890,10655,10770,398617
2016-03-09,10760,10890,10715,10890,447258
2016-03-10,10895,10930,10835,10900,534081
2016-03-11,10950,10990,10860,10875,498072
2016-03-14,10935,10985,10865,10905,399076
2016-03-15,10865,10955,10820,10820,450341
2016-03-16,10820,10865,10805,10825,427463
2016-03-17,10930,10980,10850,10870,407799
2016-03-18,10940,10950,10855,10950,691798
2016-03-21,11035,11040,10820,10880,699862
2016-03-22,10885,10925,10780,10865,617489
2016-03-23,10880,10950,10815,10840,412192
2016-03-24,10840,10865,10710,10720,522365
2016-03-25,10710,10800,10685,10700,507120
2016-03-28,10740,10740,10550,10550,407340
2016-03-29,10560,10720,10560,10700,337089
2016-03-30,10780,10780,10705,10705,399641
2016-03-31,10720,10795,10670,10750,417227
2016-04-01,10730,10860,10730,10860,405132
2016-04-04,10855,10970,10855,10970,410612
2016-04-05,10970,11000,10855,10905,421206
2016-04-06,10975,10980,10795,10845,505835
2016-04-07,10885,10930,10860,10930,494370
2016-04-08,10930,10960,10845,10845,418954
2016-04-11,10885,10940,10760,10770,463737
2016-04-12,10770,10815,10695,10720,394104
2016-04-14,10825,10855,10655,10710,538668
2016-04-15,10715,10770,10670,10700,540119
2016-04-18,10675,10765,10630,10690,545646
2016-04-19,10780,10790,10690,10785,651111
2016-04-20,10860,10860,10750,10800,433413
2016-04-21,10800,10810,10715,10755,426824
2016-04-22,10790,10790,10735,10750,401566
2016-04-25,10795,10805,10740,10785,425104
2016-04-26,10805,10835,10735,10755,401026
2016-04-27,10815,10815,10695,10705,329107
2016-04-28,10685,10705,10600,10605,365701
2016-04-29,10600,10620,10515,10620,385726
2016-05-02,10615,10620,10430,10430,372182
2016-05-03,10430,10570,10430,10570,419134
2016-05-04,10580,10580,10490,10490,386138
2016-05-09,10540,10565,10435,10495,271066
2016-05-10,10495,10585,10495,10585,262665
2016-05-11,10640,10675,10615,10670,325185
2016-05-12,10655,10690,10595,10690,285375
2016-05-13,10695,10700,10615,10675,264398
2016-05-16,10675,10680,10610,10625,349100
2016-05-17,10625,10650,10460,10490,645342
2016-05-18,10455,10480,10305,10305,416345
2016-05-19,10305,10340,10145,10240,615470
2016-05-20,10220,10360,10185,10360,437821
2016-05-23,10385,10460,10370,10405,548744
2016-05-24,10430,10465,10370,10395,445678
2016-05-25,10475,10500,10400,10450,311060
2016-05-26,10500,10525,10380,10385,309167
2016-05-27,10385,10425,10380,10410,414791
2016-05-30,10475,10545,10410,10535,753773
2016-05-31,10540,10625,10495,10625,338222
2016-06-01,10665,10680,10590,10605,402536
2016-06-02,10630,10680,10570,10625,395032
2016-06-03,10625,10625,10550,10575,392622
2016-06-07,10595,10690,10585,10650,375589
2016-06-08,10660,10720,10600,10720,254990
2016-06-09,10750,10815,10580,10695,267171
2016-06-10,10695,10725,10645,10705,264621
2016-06-13,10610,10610,10495,10510,267117
2016-06-14,10500,10570,10410,10480,255296
2016-06-15,10475,10560,10405,10540,339857
2016-06-16,10570,10580,10295,10330,362252
2016-06-17,10355,10420,10240,10295,341765
2016-06-20,10355,10420,10295,10410,348688
2016-06-21,10460,10460,10355,10415,384453
2016-06-22,10445,10465,10375,10390,391528
2016-06-23,10385,10385,10175,10270,522504
2016-06-24,10425,10425,9600,9845,479810
2016-06-27,9525,9925,9525,9860,422209
2016-06-28,9730,10000,9715,9970,450759
2016-06-29,10055,10160,10055,10115,410994
2016-06-30,10115,10320,10115,10320,332509
2016-07-01,10320,10475,10260,10405,1229649
2016-07-04,10400,10480,10400,10450,276474
2016-07-05,10500,10575,10430,10560,354953
2016-07-06,10490,10505,10340,10410,514366
2016-07-07,10455,10550,10455,10550,433480
2016-07-08,10590,10600,10440,10465,407671
2016-07-11,10495,10555,10475,10555,308088
2016-07-12,10555,10600,10500,10525,250955
2016-07-13,10575,10615,10535,10535,371214
2016-07-14,10560,10580,10470,10530,357544
2016-07-15,10575,10600,10460,10475,330282
2016-07-18,10485,10525,10415,10460,257280
2016-07-19,10485,10515,10465,10480,387226
2016-07-20,10540,10555,10505,10540,360903
2016-07-21,10580,10620,10580,10605,416510
2016-07-22,10615,10635,10575,10605,306369
2016-07-25,10650,10650,10545,10545,387005
2016-07-26,10550,10570,10470,10570,515706
2016-07-27,10595,10595,10435,10475,381165
2016-07-28,10475,10515,10385,10490,616505
2016-07-29,10490,10555,10470,10550,356898
2016-08-01,10550,10565,10435,10455,394310
2016-08-02,10400,10430,10340,10400,509484
2016-08-03,10380,10380,10255,10355,503832
2016-08-04,10390,10440,10345,10395,503654
2016-08-05,10435,10435,10215,10280,425741
2016-08-08,10280,10315,10235,10315,428394
2016-08-09,10355,10480,10340,10415,578198
2016-08-10,10455,10600,10455,10570,402451
2016-08-11,10595,10625,10470,10515,673101
2016-08-12,10520,10560,10480,10495,408030
2016-08-16,10530,10565,10465,10465,392775
2016-08-17,10455,10470,10255,10400,481706
2016-08-18,10440,10450,10375,10450,374984
2016-08-19,10450,10485,10405,10430,446173
2016-08-22,10450,10460,10270,10295,386567
2016-08-23,10265,10385,10250,10280,477812
2016-08-24,10310,10325,10250,10295,424284
2016-08-25,10310,10310,10215,10235,823583
2016-08-26,10220,10220,10125,10175,353505
2016-08-29,10160,10160,9910,9960,349021
2016-08-30,9975,10040,9950,9990,443643
2016-08-31,9985,10000,9830,9955,507841
2016-09-01,9955,10100,9905,10100,419789
2016-09-02,10125,10170,10060,10165,532808
2016-09-05,10170,10225,10170,10195,481008
2016-09-06,10185,10225,10110,10125,526679
2016-09-07,10185,10210,10035,10065,405573
2016-09-08,10120,10145,9980,10110,475839
2016-09-09,10090,10090,9965,10015,503401
2016-09-12,9845,9940,9805,9825,397975
2016-09-13,9900,9940,9845,9900,680665
2016-09-19,9915,9970,9875,9970,591365
2016-09-20,9925,10100,9920,10090,382703
2016-09-21,10100,10140,10050,10105,502406
2016-09-22,10180,10250,10155,10195,500321
2016-09-23,10215,10280,10180,10245,522252
2016-09-26,10240,10300,10205,10205,330517
2016-09-27,10190,10280,10150,10270,376176
2016-09-28,10245,10275,10165,10165,297369
2016-09-29,10195,10240,10185,10235,257134
2016-09-30,10190,10205,10050,10085,261550
2016-10-04,10060,10155,10040,10085,587820
2016-10-05,10095,10130,10060,10060,369611
2016-10-06,10105,10130,10050,10070,320386
2016-10-07,10065,10080,9860,9905,430314
2016-10-10,9900,9925,9840,9920,372121
2016-10-11,9910,9940,9790,9825,338388
2016-10-12,9800,9845,9765,9830,497284
2016-10-13,9820,9850,9720,9720,731046
2016-10-14,9735,9780,9695,9715,649418
2016-10-17,9760,9760,9630,9665,749794
2016-10-18,9680,9750,9670,9740,900580
2016-10-19,9760,9800,9740,9765,352728
2016-10-20,9785,9790,9685,9695,375723
2016-10-21,9695,9715,9610,9635,503155
2016-10-24,9640,9655,9540,9550,784395
2016-10-25,9545,9565,9380,9465,803693
2016-10-26,9420,9500,9350,9495,1472335
2016-10-27,9480,9710,9460,9710,1599597
2016-10-28,9700,9700,9510,9560,879248
2016-10-31,9525,9525,9355,9390,1153413
2016-11-01,9330,9505,9320,9425,2376479
2016-11-02,9365,9385,9200,9210,1644504
2016-11-03,9145,9315,9140,9255,3427213
2016-11-04,9225,9280,9160,9225,1449133
2016-11-07,9270,9405,9270,9405,1191179
2016-11-08,9430,9440,9380,9410,913931
2016-11-09,9435,9450,8850,9070,1058868
2016-11-10,9240,9460,9240,9460,6027491
2016-11-11,9375,9445,9350,9380,439087
2016-11-14,9375,9380,9315,9315,1102638
2016-11-15,9295,9330,9205,9220,712158
2016-11-16,9255,9375,9255,9365,957596
2016-11-17,9355,9385,9300,9360,643525
2016-11-18,9350,9350,9225,9225,759386
2016-11-21,9200,9200,9020,9050,1040398
2016-11-22,9060,9135,9045,9115,1445826
2016-11-23,9080,9110,8950,8995,1536346
2016-11-24,8995,9035,8840,8910,2338308
2016-11-25,8875,8965,8875,8965,2366440
2016-11-28,8985,8990,8880,8880,797622
2016-11-29,8815,8915,8815,8885,823108
2016-11-30,8895,8920,8865,8920,1224260
2016-12-01,8905,8910,8820,8870,1391358
2016-12-02,8860,8865,8700,8700,1509919
2016-12-05,8690,8690,8585,8590,1249469
2016-12-06,8605,8675,8600,8625,2320129
2016-12-07,8650,8720,8460,8620,1464800
2016-12-08,8670,8760,8605,8650,1699936
2016-12-09,8660,8840,8640,8835,812526
2016-12-12,8885,9005,8860,9000,1704744
2016-12-13,8990,9105,8950,9100,1274772
2016-12-14,9170,9170,9070,9115,1249351
2016-12-15,9055,9190,9040,9190,993333
2016-12-16,9205,9245,9125,9200,1758133
2016-12-19,9250,9250,9175,9210,1467198
2016-12-20,9230,9230,9075,9075,1041802
2016-12-21,9100,9120,9030,9060,1335795
2016-12-22,9055,9085,9005,9010,952845
2016-12-23,8995,9110,8980,9110,1273023
2016-12-26,9110,9130,9070,9075,577378
2016-12-27,9045,9130,9045,9130,813442
2016-12-28,9235,9360,9190,9315,2009656
2016-12-29,9335,9415,9280,9370,2135886
2017-01-02,9370,9410,9310,9380,1660731
2017-01-03,9375,9400,9335,9375,1168692
2017-01-04,9410,9480,9375,9450,1411456
2017-01-05,9490,9540,9460,9475,1302517
2017-01-06,9495,9525,9435,9515,1225856
2017-01-09,9530,9550,9465,9480,1221731
2017-01-10,9470,9470,9300,9345,1602756
2017-01-11,9370,9425,9340,9375,1042056
2017-01-12,9375,9375,9275,9275,1260232
2017-01-13,9300,9410,9285,9355,1193819
2017-01-16,9400,9400,9265,9275,1079500
2017-01-17,9285,9330,9190,9210,1007104
2017-01-18,9220,9270,9170,9235,1122700
2017-01-19,9275,9315,9225,9225,680462
2017-01-20,9225,9275,9185,9205,950385
2017-01-23,9205,9235,9115,9135,353681
2017-01-24,9125,9155,9075,9075,874589
2017-01-25,9100,9125,9010,9045,499254
2017-01-26,9055,9120,9005,9120,787052
2017-01-31,9110,9160,9085,9105,1226536
2017-02-01,9130,9225,9100,9225,724990
2017-02-02,9225,9265,9105,9110,1647151
2017-02-03,9130,9185,9055,9090,822968
2017-02-06,9115,9155,9070,9155,656885
2017-02-07,9135,9175,9090,9120,970852
2017-02-08,9120,9135,9055,9120,457760
2017-02-09,9125,9145,9080,9120,882579
2017-02-10,9150,9190,9120,9155,897741
2017-02-13,9180,9180,9130,9180,668180
2017-02-14,9200,9205,9120,9145,467971
2017-02-15,9160,9255,9135,9255,617283
2017-02-16,9275,9280,9220,9255,1506830
2017-02-17,9215,9300,9205,9275,632697
2017-02-20,9265,9305,9260,9290,504269
2017-02-21,9295,9340,9290,9320,717961
2017-02-22,9350,9365,9310,9330,1280422
2017-02-23,9310,9355,9255,9260,856664
2017-02-24,9300,9310,9255,9270,1075738
2017-02-27,9265,9290,9215,9240,1131072
2017-02-28,9240,9270,9190,9215,863831
2017-03-02,9250,9250,9150,9170,697422
2017-03-03,9135,9160,9030,9085,1579465
2017-03-06,9030,9115,9005,9105,2059021
2017-03-07,9055,9135,9055,9110,712652
2017-03-08,9140,9150,9100,9110,1114137
2017-03-09,9125,9175,9095,9110,1710260
2017-03-10,9125,9255,9035,9225,1979271
2017-03-13,9220,9230,9190,9225,1089278
2017-03-14,9245,9245,9155,9160,553125
2017-03-15,9165,9175,9020,9020,1478629
2017-03-16,9040,9110,9040,9110,787442
2017-03-17,9130,9130,9065,9080,250443
2017-03-20,9060,9080,8970,9030,813041
2017-03-21,9040,9080,9025,9045,1304746
2017-03-22,9035,9090,9020,9045,507692
2017-03-23,9080,9080,8995,9025,388933
2017-03-24,9035,9075,9015,9075,666987
2017-03-27,9095,9130,9070,9100,1033155
2017-03-28,9100,9170,9100,9170,886234
2017-03-29,9200,9205,9140,9205,846430
2017-03-30,9205,9210,9170,9180,298357
2017-03-31,9190,9285,9190,9270,671842
2017-04-03,9295,9445,9270,9440,1447502
2017-04-04,9465,9485,9395,9410,2321843
2017-04-05,9440,9485,9400,9445,2456072
2017-04-06,9445,9520,9380,9520,2192117
2017-04-07,9550,9550,9480,9525,588108
2017-04-10,9535,9545,9305,9310,700505
2017-04-11,9340,9425,9270,9370,1141957
2017-04-12,9365,9415,9335,9380,590362
2017-04-13,9365,9430,9365,9420,373338
2017-04-14,9400,9435,9340,9350,449528
2017-04-17,9380,9505,9355,9505,785483
2017-04-18,9555,9575,9500,9555,1479821
2017-04-19,9570,9600,9540,9585,1743384
2017-04-20,9590,9630,9575,9605,1356509
2017-04-21,9635,9650,9555,9600,915698
2017-04-24,9600,9600,9445,9455,1400170
2017-04-25,9515,9540,9485,9540,1439310
2017-04-26,9580,9600,9555,9575,843629
2017-04-27,9510,9515,9410,9420,1135104
2017-04-28,9450,9485,9360,9405,440549
2017-05-02,9400,9445,9380,9405,212405
2017-05-04,9410,9550,9410,9545,676246
2017-05-08,9580,9760,9580,9755,1130162
2017-05-10,9810,9815,9685,9715,879583
2017-05-11,9720,9805,9705,9800,477733
2017-05-12,9815,9850,9710,9750,226199
2017-05-15,9710,9800,9700,9750,756675
2017-05-16,9805,9805,9655,9680,969397
2017-05-17,9705,9715,9655,9670,767189
2017-05-18,9590,9650,9550,9620,1776414
2017-05-19,9645,9710,9635,9655,1167261
2017-05-22,9735,9735,9650,9695,88661
2017-05-23,9720,9740,9670,9740,257278
2017-05-24,9740,9790,9710,9770,718321
2017-05-25,9795,9825,9735,9745,434637
2017-05-26,9745,9795,9730,9770,873756
2017-05-29,9775,9795,9710,9725,562385
2017-05-30,9750,9805,9710,9780,1008150
2017-05-31,9835,9880,9800,9850,1650741
2017-06-01,9880,9905,9830,9900,948119
2017-06-02,9950,9995,9920,9980,1150449
2017-06-05,10000,10075,9990,10075,1072004
2017-06-07,10100,10190,10060,10190,810720
2017-06-08,10235,10305,10200,10305,834223
2017-06-09,10310,10340,10255,10340,1011725
2017-06-12,10275,10275,10065,10100,1954036
2017-06-13,10100,10220,10100,10220,1425973
2017-06-14,10300,10330,10210,10240,1056842
2017-06-15,10270,10275,10130,10230,370256
2017-06-16,10210,10250,10160,10245,430279
2017-06-19,10245,10365,10245,10355,193519
2017-06-20,10410,10440,10320,10330,1216959
2017-06-21,10290,10300,10210,10230,567007
2017-06-22,10275,10300,10170,10180,366772
2017-06-23,10205,10300,10205,10280,447450
2017-06-26,10320,10325,10245,10300,586524
2017-06-27,10360,10400,10315,10350,787647
2017-06-28,10300,10345,10230,10245,1777830
2017-06-29,10290,10335,10240,10270,247540
2017-06-30,10215,10330,10215,10295,301555
2017-07-03,10250,10310,10150,10210,793575
2017-07-04,10220,10235,10100,10150,428452
2017-07-05,10150,10195,10125,10190,515522
2017-07-06,10215,10260,10215,10235,507620
2017-07-07,10240,10280,10225,10270,671394
2017-07-10,10280,10280,10155,10180,129437
2017-07-11,10200,10200,10100,10130,84906
2017-07-12,10130,10145,9985,10005,652147
2017-07-13,10045,10080,9995,10045,1153745
2017-07-14,10045,10085,9985,10050,1670317
2017-07-17,10105,10180,10105,10165,274180
2017-07-18,10190,10230,10180,10220,103266
2017-07-19,10260,10360,10245,10350,579532
2017-07-20,10390,10500,10355,10430,945067
2017-07-21,10495,10495,10370,10390,752858
2017-07-24,10455,10475,10385,10415,416300
2017-07-25,10515,10515,10260,10270,566341
2017-07-26,10280,10330,10230,10330,474801
2017-07-27,10325,10380,10300,10340,295209
2017-07-28,10305,10305,10110,10160,145159
2017-07-31,10080,10180,9995,10115,1699233
2017-08-01,10115,10160,10050,10095,1060852
2017-08-02,10130,10170,10110,10140,750468
2017-08-03,10190,10190,9900,9925,196035
2017-08-04,9910,9975,9805,9855,1637188
2017-08-07,9910,10055,9880,10030,884726
2017-08-08,10000,10085,9970,10045,816828
2017-08-09,10020,10040,9950,9950,792315
2017-08-10,9945,10030,9870,9970,856654
2017-08-11,9765,9930,9730,9730,1465812
2017-08-14,9765,9850,9755,9805,2094704
2017-08-16,9910,9945,9870,9945,458654
2017-08-17,9980,10090,9945,10090,710667
2017-08-18,9940,10110,9940,10075,1229013
2017-08-21,10140,10140,10020,10020,557694
2017-08-22,10050,10120,10050,10110,775108
2017-08-23,10170,10180,10075,10095,1003683
2017-08-24,10120,10150,10090,10145,407391
2017-08-25,10160,10190,10145,10165,1114722
2017-08-28,10190,10280,10185,10250,1083870
2017-08-29,10245,10290,10165,10285,1811258
2017-08-30,10320,10350,10250,10250,2521639
2017-08-31,10305,10340,10280,10340,2254196
2017-09-01,10415,10440,10355,10420,1142701
2017-09-04,10130,10335,10130,10250,1447094
2017-09-05,10345,10350,10200,10260,710694
2017-09-06,10260,10340,10235,10340,730641
2017-09-07,10340,10455,10340,10420,2563582
2017-09-08,10420,10475,10370,10385,2830131
2017-09-11,10430,10495,10420,10455,1108698
2017-09-12,10510,10530,10460,10485,1470718
2017-09-13,10505,10535,10455,10475,998071
2017-09-14,10540,10630,10490,10535,1466214
2017-09-15,10570,10830,10530,10805,1904380
2017-09-18,10870,10990,10870,10925,1967797
2017-09-19,10950,10975,10845,10955,1670529
2017-09-20,11000,11070,10885,10885,1567160
2017-09-21,10945,10970,10740,10825,1888702
2017-09-22,10820,10830,10635,10680,1358620
2017-09-25,10655,10800,10615,10705,1208089
2017-09-26,10690,10780,10640,10720,877696
2017-09-27,10720,10840,10720,10805,1457686
2017-09-28,10875,10895,10745,10745,963719
2017-09-29,10770,10810,10720,10805,1152985
2017-10-10,10855,10920,10850,10915,616602
2017-10-11,10915,11000,10905,10935,1152604
2017-10-12,10990,11075,10970,11045,1708834
2017-10-13,11135,11375,11070,11130,2579508
2017-10-16,11225,11330,11050,11215,1635703
2017-10-17,11165,11575,11165,11540,1863019
2017-10-18,11630,11795,11520,11535,1922558
2017-10-19,11610,11655,11430,11465,1695796
2017-10-20,11450,11645,11410,11645,2075591
2017-10-23,11650,11720,11615,11700,1507562
2017-10-24,11620,11955,11620,11955,1583621
2017-10-25,11940,11990,11865,11950,3144002
2017-10-26,11900,11960,11715,11720,2426769
2017-10-27,11720,11950,11720,11945,3349578
2017-10-30,11945,12000,11900,11975,2554197
2017-10-31,11970,12035,11935,12035,1557030
2017-11-01,12085,12090,12015,12040,616610
2017-11-02,12040,12130,11940,12055,663751
2017-11-03,12075,12235,12075,12235,789948
2017-11-06,12230,12320,12175,12320,1172669
2017-11-07,12320,12325,12105,12170,1898111
2017-11-08,12205,12415,12190,12410,4541013
2017-11-09,12425,12470,12275,12365,2389414
2017-11-10,12350,12610,12350,12610,1463324
2017-11-13,12630,13125,12630,13115,3916310
2017-11-14,13210,13625,13150,13620,5564157
2017-11-15,13690,14125,13565,13985,12670720
2017-11-16,14135,14250,13675,14250,8257418
2017-11-17,14090,14170,13930,14005,2890530
2017-11-20,13965,14345,13965,14345,2937850
2017-11-21,14395,14575,14245,14385,3151950
2017-11-22,14465,14505,14025,14115,3738017
2017-11-23,13905,14460,13745,14460,8382983
2017-11-24,14395,14515,14135,14135,3077218
2017-11-27,14050,14285,13920,14125,2823314
2017-11-28,14170,14230,13585,13585,2869346
2017-11-29,13645,13830,13520,13785,3071095
2017-11-30,13745,13810,13525,13575,4410649
2017-12-01,13720,14020,13705,14000,2463346
2017-12-04,13980,14010,13755,13830,2205294
2017-12-05,13825,13840,13505,13505,3516882
2017-12-06,13560,13730,13250,13340,3063162
2017-12-07,13405,13430,12900,13075,3563977
2017-12-08,13100,13205,12915,12940,2738643
2017-12-11,12965,13400,12950,13400,1707169
2017-12-12,13440,13490,13120,13270,1617753
2017-12-13,13290,13565,13275,13410,3388252
2017-12-14,13540,13565,13185,13505,3461642
2017-12-15,13310,13455,13180,13315,1724600
2017-12-18,13325,13420,13200,13200,1593887
2017-12-19,13220,13220,12865,13200,3569362
2017-12-20,13060,13195,12980,12990,4988066
2017-12-21,12900,13070,12755,12755,4516072
2017-12-22,12805,13300,12725,13300,9295119
2017-12-26,13310,13725,13300,13380,6035745
2017-12-27,13800,14135,13635,14105,9128406
2017-12-28,14140,14265,14000,14265,6993956
2018-01-02,14285,14530,14245,14475,7935369
2018-01-03,14555,14785,14480,14710,8902666
2018-01-04,14790,14790,14210,14370,8920705
2018-01-05,14400,14870,14400,14870,8575370
2018-01-08,14890,15310,14890,15310,13273793
2018-01-09,15310,15465,15070,15170,11074803
2018-01-10,15205,15380,14860,15190,10067115
2018-01-11,15180,15735,15090,15735,10069640
2018-01-12,15775,17035,15775,16520,14002007
2018-01-15,16610,17045,16265,17045,10634539
2018-01-16,17000,17250,16765,17140,10150549
2018-01-17,17190,17315,16640,16650,10865742
2018-01-18,16680,16945,16615,16880,14728210
2018-01-19,16940,16980,16075,16240,10692366
2018-01-22,16080,16235,15770,16005,11080586
2018-01-23,16140,16665,16140,16665,6334566
2018-01-24,16775,16840,16430,16535,7055349
2018-01-25,16440,16520,16215,16505,6536531
2018-01-26,16465,16765,16345,16735,4892227
2018-01-29,16735,17220,16730,17160,5286919
2018-01-30,17160,17280,16975,17010,7620786
2018-01-31,16715,16970,16625,16820,7499253
2018-02-01,16820,16995,16420,16435,8217476
2018-02-02,16495,16555,16075,16380,9671631
2018-02-05,15960,16120,15540,15540,6332970
2018-02-06,14825,15690,14785,15645,14026512
2018-02-07,15775,15965,14910,14910,8295382
2018-02-08,14980,15870,14770,15750,9982945
2018-02-09,15050,15385,15050,15150,5645108
2018-02-12,15385,15410,15115,15115,7570457
2018-02-13,15295,15345,14720,14720,2771923
2018-02-14,14850,15240,14705,15240,4594516
2018-02-19,15395,15880,15325,15880,4340007
2018-02-20,15850,15850,15400,15485,5266965
2018-02-21,15535,15870,15475,15750,3535752
2018-02-22,15625,15685,15440,15620,2153800
2018-02-23,15750,15800,15650,15720,2283844
2018-02-26,15810,16000,15655,15780,3437535
2018-02-27,15920,15980,15745,15745,4313715
2018-02-28,15580,15650,15305,15415,4964190
2018-03-02,15165,15550,15165,15540,7225647
2018-03-05,15545,15575,15305,15305,4119275
2018-03-06,15460,15630,15425,15600,2857921
2018-03-07,15600,15700,15170,15170,3768814
2018-03-08,15300,15535,15290,15440,5390798
2018-03-09,15465,15765,15465,15635,4813087
2018-03-12,15780,16110,15775,16110,5459262
2018-03-13,16060,16130,15945,16060,4669309
2018-03-14,15965,16095,15915,16080,2561998
2018-03-15,16080,16255,16020,16090,3997076
2018-03-16,16110,16200,16090,16170,2725679
2018-03-19,16050,16170,15860,15860,2896005
2018-03-20,15740,16180,15710,16180,2988276
2018-03-21,16180,16310,16055,16055,4528730
2018-03-22,16120,16230,15655,15740,6855853
2018-03-23,15300,15440,14740,14750,12056581
2018-03-26,14800,15400,14690,15360,14887256
2018-03-27,15465,15495,15310,15330,5995397
2018-03-28,15100,15245,14965,15200,5738892
2018-03-29,15280,15600,15230,15600,5086279
2018-03-30,15600,15670,15540,15595,4874238
2018-04-02,15635,15675,15430,15430,4527892
2018-04-03,15270,15585,15250,15585,2550153
2018-04-04,15640,15675,15335,15415,3706504
2018-04-05,15625,15700,15470,15575,4592202
2018-04-06,15450,15575,15415,15530,3569676
2018-04-09,15560,15720,15545,15720,2838724
2018-04-10,15665,15725,15560,15700,4668220
2018-04-11,15760,15800,15715,15755,2928305
2018-04-12,15770,15800,15540,15540,3122096
2018-04-13,15585,15770,15480,15715,3628865
2018-04-16,15730,15790,15705,15725,2452787
2018-04-17,15755,15760,15645,15705,3185564
2018-04-18,15790,15805,15580,15585,2036291
2018-04-19,15530,15560,15260,15400,5314995
2018-04-20,15315,15470,15195,15360,5603777
2018-04-23,15315,15395,15065,15085,2851018
2018-04-24,15120,15195,14905,14905,7595444
2018-04-25,14790,15010,14690,14845,1801156
2018-04-26,14940,15105,14845,15105,1178624
2018-04-27,15190,15230,15045,15230,2499125
2018-04-30,15230,15235,14870,14920,2804540
2018-05-02,14900,15040,14690,14795,3004862
2018-05-03,14835,14900,14675,14675,2010697
2018-05-04,14625,14720,14285,14285,2045674
2018-05-08,14385,14555,13710,13800,2706587
2018-05-09,13800,14335,13445,14215,5829584
2018-05-10,14225,14315,14050,14250,2956394
2018-05-11,14175,14500,14175,14385,3436450
2018-05-14,14375,14400,14050,14050,2086631
2018-05-15,14190,14305,14085,14240,1876785
2018-05-16,14180,14370,14095,14170,1321733
2018-05-17,14255,14365,14140,14365,1553393
2018-05-18,14370,14580,14335,14550,2086801
2018-05-21,14530,14680,14495,14510,1765935
2018-05-23,14535,14580,14405,14485,2234329
2018-05-24,14520,14725,14520,14710,1842988
2018-05-25,14600,14855,14600,14840,3147543
2018-05-28,14840,14910,14735,14900,3912881
2018-05-29,14905,15020,14485,14545,2085934
2018-05-30,14685,14860,14435,14860,4545640
2018-05-31,14935,14935,14695,14880,2571980
2018-06-01,14830,15000,14830,14915,1396749
2018-06-04,14950,14950,14675,14730,2388844
2018-06-05,14775,14860,14595,14720,1240429
2018-06-07,14740,14935,14710,14935,1366400
2018-06-08,14870,14905,14670,14695,4772040
2018-06-11,14685,14800,14650,14680,1038073
2018-06-12,14685,14895,14640,14725,1133257
2018-06-14,14640,14785,14500,14500,1889857
2018-06-15,14560,14620,14520,14615,3993390
2018-06-18,14565,14625,13890,14115,5513979
2018-06-19,14070,14235,13725,13725,5322712
2018-06-20,13780,14230,13775,14230,5506392
2018-06-21,14180,14225,13900,13905,3049743
2018-06-22,13910,14090,13740,14090,2941426
2018-06-25,14070,14220,13980,14195,1640080
2018-06-26,14020,14200,13870,14120,2160913
2018-06-27,14110,14300,14005,14005,2206069
2018-06-28,13920,14025,13750,13750,2812599
2018-06-29,13860,14000,13645,13910,4104978
2018-07-02,13910,13955,13420,13490,3587951
2018-07-03,13610,13780,13325,13590,4689724
2018-07-04,13600,13745,13510,13635,2389496
2018-07-05,13640,13695,13365,13650,2948942
2018-07-06,13700,14045,13530,14010,2703023
2018-07-09,13995,14145,13900,14025,2237671
2018-07-10,14090,14135,13980,13985,1950579
2018-07-11,13890,13900,13620,13620,1779903
2018-07-12,13675,13935,13655,13880,2720601
2018-07-13,13865,14070,13865,14040,2792421
2018-07-16,14090,14125,13925,13995,2568815
2018-07-17,13995,14010,13785,13785,2484527
2018-07-18,13835,13985,13630,13630,3605117
2018-07-19,13710,13730,13415,13445,4178427
2018-07-20,13455,13505,13215,13305,6007407
2018-07-23,13305,13320,12625,12655,6133398
2018-07-24,12730,12845,12600,12625,7669161
2018-07-25,12665,12695,12185,12285,7025378
2018-07-26,12425,12690,12350,12690,5048758
2018-07-27,12675,12760,12585,12740,2070406
2018-07-30,12685,12710,12450,12535,5061163
2018-07-31,12515,12740,12435,12740,3692095
2018-08-01,12830,13120,12800,13110,3546657
2018-08-02,13060,13060,12780,12855,5997253
2018-08-03,12945,13035,12900,13025,2411738
2018-08-06,13025,13070,12765,12795,2940232
2018-08-07,12835,12950,12700,12920,2670776
2018-08-08,12990,13050,12790,12900,2640670
2018-08-09,12855,13065,12765,13065,3029965
2018-08-10,13035,13115,12870,13005,3472799
2018-08-13,12880,12885,12450,12475,4945273
2018-08-14,12545,12655,12465,12640,5458173
2018-08-16,12390,12650,12270,12590,2743251
2018-08-17,12700,12915,12640,12830,2439029
2018-08-20,12890,13000,12750,12750,3482939
2018-08-21,12800,13275,12790,13215,3420865
2018-08-22,13210,13310,13060,13060,5097676
2018-08-23,13125,13245,13000,13245,2974236
2018-08-24,13210,13450,13105,13415,3039100
2018-08-27,13455,13580,13405,13540,4545636
2018-08-28,13640,13670,13400,13400,3368288
2018-08-29,13420,13520,13375,13510,2800273
2018-08-30,13550,13635,13450,13530,2392165
2018-08-31,13495,13900,13445,13825,4301962
2018-09-03,13825,13885,13710,13815,3572852
2018-09-04,13840,14120,13820,14075,3744788
2018-09-05,14020,14105,13850,13850,4609178
2018-09-06,13825,13905,13695,13750,4479344
2018-09-07,13725,13885,13645,13810,3141966
2018-09-10,13810,13845,13730,13760,3044913
2018-09-11,13765,13910,13755,13875,2138566
2018-09-12,13930,14145,13915,14070,3462358
2018-09-13,14135,14190,14015,14160,3175614
2018-09-14,14225,14370,14140,14315,3672551
2018-09-17,14330,14375,14165,14260,2596849
2018-09-18,14165,14380,14145,14355,1666006
2018-09-19,14345,14370,14210,14285,2605099
2018-09-20,14320,14510,14100,14145,2549937
2018-09-21,14185,14260,14125,14240,2789569
2018-09-27,14240,14405,14210,14370,2967269
2018-09-28,14390,14500,14150,14150,3700968
2018-10-01,14205,14220,13985,14105,2899682
2018-10-02,14080,14120,13590,13590,2928450
2018-10-04,13650,13720,13375,13505,4312750
2018-10-05,13460,13605,13170,13240,4078112
2018-10-08,13230,13475,13070,13070,5776793
2018-10-10,13080,13190,12840,12920,4648245
2018-10-11,12525,12715,12315,12345,10946718
2018-10-12,12360,12855,12360,12855,20058361
2018-10-15,12815,12820,12425,12425,3560030
2018-10-16,12595,12755,12525,12705,3074544
2018-10-17,12910,12945,12625,12805,4127669
2018-10-18,12810,12810,12540,12545,3073264
2018-10-19,12485,12840,12380,12830,4030244
2018-10-22,12710,12945,12645,12930,2064831
2018-10-23,12825,12845,12410,12460,5487554
2018-10-24,12605,12685,12075,12135,6467873
2018-10-25,11830,12110,11715,12025,14835459
2018-10-26,12080,12135,11525,11595,14254371
2018-10-29,11685,11930,11245,11280,11727740
2018-10-30,11220,11550,11080,11535,16439531
2018-10-31,11560,11560,11260,11285,9078381
2018-11-01,11365,11615,11300,11300,5862782
2018-11-02,11480,11995,11455,11990,9723456
2018-11-05,11940,12065,11785,12020,13533140
2018-11-06,12075,12090,11780,11985,8855702
2018-11-07,11975,12115,11775,11780,4559119
2018-11-08,12000,12050,11870,11950,5206335
2018-11-09,11900,11950,11610,11710,6442893
2018-11-12,11555,11590,11300,11300,6028987
2018-11-13,11110,11410,10980,11340,6304700
2018-11-14,11300,11605,11180,11345,5123502
2018-11-15,11390,11680,11290,11680,4322772
2018-11-16,11715,11885,11655,11820,7712075
2018-11-19,11825,12155,11825,12140,7894146
2018-11-20,11930,12010,11820,11825,5371004
2018-11-21,11605,11980,11525,11980,4328898
2018-11-22,11950,12030,11825,11930,3150116
2018-11-23,11910,12005,11745,11760,4839584
2018-11-26,11785,12080,11775,12025,5376068
2018-11-27,12090,12180,11960,12090,6173529
2018-11-28,12130,12150,12035,12085,3084988
2018-11-29,12285,12320,11885,11885,4648567
2018-11-30,11935,12030,11875,11950,3156898
2018-12-03,12165,12345,12095,12345,2732596
2018-12-04,12275,12330,12140,12240,5557199
2018-12-05,12000,12150,12000,12100,4634525
2018-12-06,12010,12040,11655,11655,7620766
2018-12-07,11800,11915,11710,11855,6607336
2018-12-10,11645,11785,11565,11620,3092975
2018-12-11,11670,11680,11395,11430,8748265
2018-12-12,11485,11795,11470,11740,1704301
2018-12-13,11730,11795,11630,11770,1992477
2018-12-14,11690,11695,11375,11435,3052143
2018-12-17,11445,11470,11150,11380,4619603
2018-12-18,11220,11450,11190,11300,4385827
2018-12-19,11350,11705,11315,11610,5206167
2018-12-20,11510,11795,11465,11585,6236991
2018-12-21,11530,11735,11520,11715,5516928
2018-12-24,11655,11765,11615,11675,5358873
2018-12-26,11475,11820,11470,11820,3979052
2018-12-27,12180,12180,11725,11750,11934743
2018-12-28,11765,11830,11665,11800,4845337
2019-01-02,11910,11930,11530,11530,8980755
2019-01-03,11585,11645,11270,11275,7294135
2019-01-04,11250,11480,11150,11480,9560192
2019-01-07,11595,11700,11465,11560,3171615
2019-01-08,11565,11595,11410,11440,3384560
2019-01-09,11505,11675,11490,11600,5466611
2019-01-10,11575,11750,11550,11655,3504318
2019-01-11,11680,11730,11620,11665,3146294
2019-01-14,11635,11660,11495,11500,2083391
2019-01-15,11535,11690,11525,11625,3006123
2019-01-16,11645,11650,11510,11605,3296776
2019-01-17,11645,11670,11420,11420,3437730
2019-01-18,11480,11640,11480,11630,4296876
2019-01-21,11630,11660,11510,11540,3417298
2019-01-22,11555,11600,11500,11540,1728767
2019-01-23,11490,11565,11475,11510,2527371
2019-01-24,11515,11710,11490,11685,2723346
2019-01-25,11680,11885,11660,11805,6543540
2019-01-28,11820,11995,11820,11905,4574668
2019-01-29,11845,11915,11750,11875,3572849
2019-01-30,11870,12050,11865,11980,2500158
2019-01-31,12080,12170,12005,12060,3683228
2019-02-01,12065,12115,12015,12040,3867236
2019-02-07,12140,12375,12075,12325,4452543
2019-02-08,12240,12350,12220,12280,5367409
2019-02-11,12295,12450,12295,12435,6312414
2019-02-12,12445,12455,12295,12320,4285391
2019-02-13,12370,12565,12370,12490,5857047
2019-02-14,12495,12565,12435,12525,5209599
2019-02-15,12520,12555,12355,12445,3511278
2019-02-18,12515,12655,12510,12575,4557827
2019-02-19,12575,12680,12490,12640,3482226
2019-02-20,12645,12760,12635,12705,3937968
2019-02-21,12710,12735,12590,12625,6560506
2019-02-22,12585,12635,12485,12560,2682012
2019-02-25,12585,12725,12585,12710,5733016
2019-02-26,12715,12785,12630,12665,5761330
2019-02-27,12670,12770,12640,12770,3899769
2019-02-28,12770,12940,12490,12550,5711688
2019-03-04,12670,12925,12670,12870,3798502
2019-03-05,12840,12980,12805,12860,3548398
2019-03-06,12865,12890,12625,12705,5331403
2019-03-07,12675,12755,12425,12450,6932467
2019-03-08,12370,12525,12315,12460,6195972
2019-03-11,12465,12620,12320,12605,4741301
2019-03-12,12735,12990,12735,12925,4051430
2019-03-13,12900,13045,12835,12915,9492248
2019-03-14,12965,13085,12775,12775,7574711
2019-03-15,12780,12820,12540,12600,5386040
2019-03-18,12685,12775,12560,12645,4852721
2019-03-19,12670,12745,12450,12455,8082872
2019-03-20,12465,12490,12330,12475,6367274
2019-03-21,12475,12580,12300,12320,7095986
2019-03-22,12405,12415,12290,12355,3465288
2019-03-25,12205,12255,12035,12035,4555668
2019-03-26,12090,12240,12065,12190,4971286
2019-03-27,12200,12220,11995,12005,6700118
2019-03-28,11975,12035,11865,11875,5307301
2019-03-29,11925,12130,11840,12130,5248027
2019-04-01,12100,12255,12050,12165,5664353
2019-04-02,12240,12240,12155,12180,3907498
2019-04-03,12195,12410,12185,12395,4447908
2019-04-04,12390,12455,12280,12375,4471791
2019-04-05,12375,12445,12275,12300,3444398
2019-04-08,12315,12395,12215,12255,3273752
2019-04-09,12285,12355,12190,12320,3074826
2019-04-10,12280,12400,12260,12370,1946372
2019-04-11,12390,12510,12380,12470,2540765
2019-04-12,12425,12525,12385,12440,4227352
2019-04-15,12495,12500,12385,12420,3863099
2019-04-16,12420,12450,12325,12440,3146954
2019-04-17,12425,12485,12400,12430,2880440
2019-04-18,12415,12430,12120,12140,4273018
2019-04-19,12215,12340,12215,12335,3604804
2019-04-22,12345,12435,12280,12335,4455981
2019-04-23,12340,12380,12245,12330,2620286
2019-04-24,12415,12415,12180,12260,3766892
2019-04-25,12260,12260,12145,12160,1158563
2019-04-26,12150,12155,12000,12005,2057868
2019-04-29,11965,12065,11875,12065,4653913
2019-04-30,12030,12095,11935,12075,1950790
2019-05-02,12050,12160,12020,12095,3112401
2019-05-03,12075,12155,12030,12105,1891518
2019-05-07,11940,12050,11880,11935,2780744
2019-05-08,11820,11910,11755,11755,4927979
2019-05-09,11755,11800,11410,11445,6913596
2019-05-10,11510,11600,11275,11430,9182052
2019-05-13,11355,11435,11135,11135,7250591
2019-05-14,10965,11285,10965,11145,7412675
2019-05-15,11210,11470,11135,11450,4866872
2019-05-16,11450,11490,11210,11245,5835418
2019-05-17,11315,11425,11120,11130,4860885
2019-05-20,11180,11235,10910,10940,4927605
2019-05-21,10915,11065,10900,10965,5719390
2019-05-22,11015,11065,10930,10995,4666380
2019-05-23,11025,11025,10765,10775,5801905
2019-05-24,10740,10815,10615,10675,5789825
2019-05-27,10715,10780,10585,10680,5444286
2019-05-28,10730,10920,10675,10920,5022185
2019-05-29,10850,10870,10630,10640,7498253
2019-05-30,10645,10760,10585,10655,5764944
2019-05-31,10625,10890,10595,10785,4888660
2019-06-03,10730,10865,10715,10845,3676800
2019-06-04,10845,10925,10815,10860,2740222
2019-06-05,10965,10995,10865,10915,3100251
2019-06-07,10955,11020,10890,10980,3140471
2019-06-10,11035,11065,10965,11050,3590504
2019-06-11,11040,11190,11035,11175,1623206
2019-06-12,11120,11150,11030,11055,1419872
2019-06-13,11075,11165,10970,11060,4512259
2019-06-14,11075,11100,10930,10930,3608762
2019-06-17,10940,10970,10880,10885,2674026
2019-06-18,10895,10940,10735,10755,1894752
2019-06-19,10860,10905,10785,10840,4834888
2019-06-20,10855,11020,10855,11010,3161276
2019-06-21,11015,11025,10870,10875,3039146
2019-06-24,10905,10920,10795,10800,3144187
2019-06-25,10830,10845,10685,10740,4173309
2019-06-26,10710,10840,10685,10725,5281291
2019-06-27,10725,10795,10360,10380,7794330
2019-06-28,10370,10425,10155,10155,11534185
2019-07-01,10300,10460,10270,10450,8223799
2019-07-02,10415,10475,10285,10340,3118408
2019-07-03,10350,10400,10255,10320,3540209
2019-07-04,10295,10345,10125,10270,3695409
2019-07-05,10285,10380,10180,10370,5085077
2019-07-08,10305,10330,10030,10030,5603964
2019-07-09,10050,10115,9790,9790,11356121
2019-07-10,9860,10020,9805,9890,8230634
2019-07-11,9930,10055,9870,10035,4941039
2019-07-12,10030,10145,9960,10055,4249722
2019-07-15,10055,10060,9910,9990,2730012
2019-07-16,9975,10110,9950,10015,4023475
2019-07-17,9990,10010,9860,9910,4133776
2019-07-18,9910,9970,9815,9880,3988360
2019-07-19,9920,10080,9920,10080,3348116
2019-07-22,10070,10110,10015,10065,3313244
2019-07-23,10060,10140,9960,9990,3161608
2019-07-24,10000,10070,9895,9895,4430807
2019-07-25,9910,9945,9750,9780,5718216
2019-07-26,9740,9800,9630,9685,5135446
2019-07-29,9675,9675,9375,9375,9475012
2019-07-30,9375,9530,9375,9410,7644543
2019-07-31,9395,9510,9180,9465,7125460
2019-08-01,9435,9540,9325,9370,5035895
2019-08-02,9100,9210,8995,9005,8832889
2019-08-05,8955,8955,8060,8250,27278403
2019-08-06,7960,8530,7895,8100,21594849
2019-08-07,8265,8445,8060,8270,17271337
2019-08-08,8370,8555,8305,8555,6609478
2019-08-09,8595,8650,8465,8530,7195192
2019-08-12,8500,8575,8410,8550,7021617
2019-08-13,8455,8480,8405,8435,4462912
2019-08-14,8650,8655,8540,8635,6280919
2019-08-16,8540,8590,8470,8555,4884941
2019-08-19,8590,8640,8535,8605,3159176
2019-08-20,8600,8870,8580,8845,5593734
2019-08-21,8785,9020,8760,9005,10513817
2019-08-22,9050,9060,8895,8920,5532955
2019-08-23,8835,8955,8820,8850,3787429
2019-08-26,8600,8680,8400,8410,7310135
2019-08-27,8515,8620,8475,8490,7692403
2019-08-28,8520,8850,8500,8850,5511700
2019-08-29,8810,8930,8685,8790,6575954
2019-08-30,8930,9020,8915,8940,4184587
2019-09-02,8900,9175,8900,9155,5991542
2019-09-03,9100,9235,9100,9105,4157273
2019-09-04,9075,9260,9075,9235,4012092
2019-09-05,9275,9390,9275,9310,5261498
2019-09-06,9365,9380,9250,9275,3486044
2019-09-09,9300,9350,9185,9210,3551038
2019-09-10,9225,9260,9085,9120,4073289
2019-09-11,9160,9315,9145,9280,5597616
2019-09-16,9325,9490,9240,9465,7652404
2019-09-17,9445,9630,9405,9520,5831160
2019-09-18,9550,9605,9465,9490,5182997
2019-09-19,9505,9620,9405,9485,4120132
2019-09-20,9485,9550,9445,9510,3950207
2019-09-23,9490,9510,9400,9430,2327737
2019-09-24,9245,9330,9075,9100,5097312
2019-09-25,9075,9185,8905,8970,6933011
2019-09-26,9075,9195,8960,9090,6703306
2019-09-27,9085,9090,8960,9040,3725768
2019-09-30,9085,9100,8900,9010,4632019
2019-10-01,9040,9310,9040,9280,2509429
2019-10-02,9180,9280,9140,9140,4762320
2019-10-04,9105,9265,9035,9165,4103342
2019-10-07,9255,9560,9255,9500,6792933
2019-10-08,9525,9625,9400,9610,8284095
2019-10-10,9510,9595,9445,9575,7148454
2019-10-11,9640,9660,9500,9505,5191037
2019-10-14,9665,9775,9595,9695,5516296
2019-10-15,9670,9850,9665,9800,5734801
2019-10-16,9870,9910,9825,9885,8189629
2019-10-17,9875,9915,9710,9770,4181348
2019-10-18,9800,9810,9655,9685,3507073
2019-10-21,9705,9895,9680,9895,5038547
2019-10-22,9995,10295,9950,10140,10987198
2019-10-23,10135,10460,10135,10460,8840736
2019-10-24,10470,10495,10055,10350,9830653
2019-10-25,10305,10320,10075,10075,6499677
2019-10-28,10115,10190,10015,10050,5356025
2019-10-29,10140,10250,10050,10200,7966989
2019-10-30,10235,10280,10160,10180,4529269
2019-10-31,10270,10345,10170,10200,4407273
2019-11-01,10215,10320,10150,10280,5585994
2019-11-04,10375,10460,10335,10400,5434357
2019-11-05,10405,10515,10345,10515,3845677
2019-11-06,10510,10520,10345,10345,4842951
2019-11-07,10335,10370,10215,10285,7001215
2019-11-08,10350,10385,10205,10280,3705346
2019-11-11,10305,10305,10125,10130,2569833
2019-11-12,10180,10270,10135,10260,3090598
2019-11-13,10250,10250,10085,10105,3160982
2019-11-14,10125,10210,10080,10150,3054502
2019-11-15,10145,10325,10085,10315,3025426
2019-11-18,10325,10365,10225,10295,4328423
2019-11-19,10280,10280,10080,10080,3461075
2019-11-20,10055,10115,9830,9830,6521272
2019-11-21,9835,9860,9585,9640,8770895
2019-11-22,9645,9735,9530,9615,7330646
2019-11-25,9690,9875,9690,9860,4740592
2019-11-26,9950,10005,9880,9890,4786526
2019-11-27,9945,9965,9805,9865,3591287
2019-11-28,9825,9860,9670,9670,4384615
2019-11-29,9680,9750,9490,9520,5889105
2019-12-02,9590,9695,9550,9615,5018273
2019-12-03,9505,9560,9445,9490,3268597
2019-12-04,9405,9495,9380,9445,3004284
2019-12-05,9505,9540,9265,9360,6360646
2019-12-06,9365,9525,9365,9515,7472147
2019-12-09,9560,9565,9445,9500,3467698
2019-12-10,9470,9495,9410,9465,4302791
2019-12-11,9455,9525,9420,9450,1725128
2019-12-12,9500,9725,9470,9640,3080920
2019-12-13,9775,9845,9685,9720,8060568
2019-12-16,9730,9770,9675,9695,4781849
2019-12-17,9750,9855,9725,9845,3583949
2019-12-18,9850,9865,9770,9795,2842238
2019-12-19,9810,9920,9730,9830,4676005
2019-12-20,9870,9910,9820,9875,4100821
2019-12-23,9900,10005,9890,9965,2836994
2019-12-24,9970,9970,9790,9800,4329655
2019-12-26,9830,10080,9775,10070,6030030
2019-12-27,10075,10300,10070,10250,7172349
2019-12-30,10270,10430,10230,10415,8013577
2020-01-02,10445,10460,10265,10420,6211656
2020-01-03,10505,10530,10240,10260,5930163
2020-01-06,10100,10135,9975,9980,5995107
2020-01-07,10050,10195,10035,10165,4955631
2020-01-08,10065,10070,9810,9815,10941433
2020-01-09,10105,10295,9900,10275,12494784
2020-01-10,10300,10360,10210,10360,6688474
2020-01-13,10415,10450,9750,10440,4646612
2020-01-14,10480,10590,10365,10380,7293222
2020-01-15,10370,10430,10320,10355,4645539
2020-01-16,10340,10500,10310,10480,4321463
2020-01-17,10550,10570,10430,10465,5342280
2020-01-20,10480,10545,10345,10365,4297947
2020-01-21,10375,10410,10195,10230,3559181
2020-01-22,10220,10465,10220,10465,5987310
2020-01-23,10410,10425,10295,10340,2940807
2020-01-28,9970,10055,9915,9975,5902669
2020-01-29,10065,10140,9990,10090,6699394
2020-01-30,10065,10130,9835,9865,5571788
2020-01-31,9930,10055,9670,9695,10943857
2020-02-03,9590,9880,9560,9840,6915593
2020-02-04,9855,10035,9855,10030,3888507
2020-02-05,10095,10165,9955,10005,4708112
2020-02-06,10100,10255,10085,10225,5405506
2020-02-07,10205,10260,10130,10215,4939304
2020-02-10,10130,10315,10105,10275,4899193
2020-02-11,10285,10420,10285,10385,4407261
2020-02-12,10385,10485,10340,10440,4758459
2020-02-13,10485,10515,10340,10420,5056641
2020-02-14,10395,10505,10365,10405,4578674
2020-02-17,10400,10490,10385,10455,3054831
2020-02-18,10425,10440,10285,10300,5028245
2020-02-19,10355,10375,10150,10320,4907604
2020-02-20,10365,10395,10175,10265,3350466
2020-02-21,10135,10205,9985,10000,5463015
2020-02-24,9760,9865,9545,9590,14579318
2020-02-25,9595,9950,9550,9935,15628331
2020-02-26,9710,10020,9710,9960,5515501
2020-02-27,9945,10100,9680,9780,7929904
2020-02-28,9620,9725,9360,9420,15736952
2020-03-02,9525,9720,9370,9690,14575222
2020-03-03,9960,9960,9625,9635,6204647
2020-03-04,9590,9835,9580,9795,5198711
2020-03-05,9895,9970,9820,9935,6780516
2020-03-06,9850,9890,9730,9840,5937762
2020-03-09,9695,9710,9455,9460,6522794
2020-03-10,9455,9625,9340,9620,10380989
2020-03-11,9625,9640,9185,9215,10216710
2020-03-12,9165,9215,8675,8745,25909598
2020-03-13,8250,8695,7905,8370,34115107
2020-03-16,8500,8665,8090,8090,23217279
2020-03-17,7895,8465,7770,8415,14539316
2020-03-18,8450,8610,7860,7860,16112340
2020-03-19,8195,8260,7000,7220,18348464
2020-03-20,7485,7850,7280,7850,34328345
2020-03-23,7330,7715,7290,7445,10342222
2020-03-24,7675,8150,7605,8150,8617755
2020-03-25,8320,8450,8130,8370,7649514
2020-03-26,8380,8975,8290,8445,9600753
2020-03-27,8810,8835,8285,8550,15597323
2020-03-30,8335,8840,8335,8770,12459271
2020-03-31,8890,9365,8880,9285,18726816
2020-04-01,9250,9465,8930,8945,12655134
2020-04-02,9025,9240,8780,9180,12152781
2020-04-03,9160,9335,9090,9240,9988611
2020-04-06,9355,9650,9325,9610,13942831
2020-04-07,9700,9770,9475,9650,9232316
2020-04-08,9610,9755,9520,9605,9012651
2020-04-09,9770,9770,9615,9685,8385658
2020-04-10,9695,9710,9400,9610,10682321
2020-04-13,9560,9655,9410,9410,6472519
2020-04-14,9500,9715,9475,9660,9404195
2020-04-16,9550,9940,9550,9910,10210865
2020-04-17,10100,10100,9910,10050,8247255
2020-04-20,10075,10145,9970,10020,8385216
2020-04-21,10005,10100,9590,9920,9154111
2020-04-22,9805,10100,9745,10020,5729884
2020-04-23,10065,10155,10005,10075,4543438
2020-04-24,10035,10130,9870,9925,6741800
2020-04-27,9990,10165,9970,10115,3566418
2020-04-28,10020,10105,9870,9945,6546438
2020-04-29,9995,10015,9915,9940,3511098
2020-05-04,9815,10015,9765,9860,4275157
2020-05-06,9970,10180,9930,10140,4438239
2020-05-07,10100,10300,10100,10250,5825022
2020-05-08,10320,10600,10300,10565,9479063
2020-05-11,10630,10725,10435,10600,8948291
2020-05-12,10620,10645,10450,10550,9600504
2020-05-13,10425,10730,10425,10710,8156438
2020-05-14,10650,10740,10565,10670,9023217
2020-05-15,10755,10765,10575,10675,5775834
2020-05-18,10740,10750,10535,10570,2823036
2020-05-19,10685,10705,9970,10660,4368969
2020-05-20,10655,10870,10645,10830,6074551
2020-05-21,10915,10945,10860,10925,5273056
2020-05-22,10930,10945,10715,10780,3920739
2020-05-25,10850,10950,10750,10950,3714094
2020-05-26,10990,11110,10910,11080,7326172
2020-05-27,11000,11115,10945,11010,3717692
2020-05-28,11040,11055,10605,10730,6833738
2020-05-29,10730,10915,10660,10885,8545953
2020-06-01,10940,11395,10910,11345,8611664
2020-06-02,11350,11830,11330,11505,6972367
2020-06-03,11600,11720,11375,11470,5485301
2020-06-04,11570,11625,11395,11515,6821323
2020-06-05,11550,11700,11440,11670,6529615
2020-06-08,11765,11835,11625,11725,7584065
2020-06-09,11815,11815,11610,11730,2845480
2020-06-10,11765,11935,11710,11870,6099305
2020-06-11,11880,12085,11775,11875,5766847
2020-06-12,11545,11760,11440,11690,6978852
2020-06-15,11600,11710,10870,10870,7847495
2020-06-16,11205,11695,11205,11660,7634632
2020-06-17,11600,11765,11370,11610,7712771
2020-06-18,11520,11695,11510,11570,6838935
2020-06-19,11650,11680,11430,11605,4626720
2020-06-22,11595,11895,11575,11840,5925793
2020-06-23,11930,12045,11715,11875,6574417
2020-06-24,11980,12085,11825,11905,5145298
2020-06-25,11780,11915,11720,11765,5019982
2020-06-26,11910,11925,11690,11845,4790498
2020-06-29,11745,11810,11530,11555,5915181
2020-06-30,11700,11715,11500,11625,5518705
2020-07-01,11705,11705,11390,11405,2958685
2020-07-02,11485,11685,11465,11630,4587513
2020-07-03,11660,11805,11565,11780,4690421
2020-07-06,11795,11920,11740,11890,4396305
2020-07-07,11950,12045,11855,11905,5632636
2020-07-08,11935,12025,11885,11995,5129894
2020-07-09,12040,12155,12020,12075,4360237
2020-07-10,12080,12155,11960,12095,6222030
2020-07-13,12195,12215,12090,12205,3628931
2020-07-14,12125,12235,12085,12140,4744729
2020-07-15,12220,12230,12075,12180,3675436
2020-07-16,12180,12190,11930,12050,5408882
2020-07-17,12060,12230,12050,12200,5245642
2020-07-20,12240,12275,12120,12175,2138807
2020-07-21,12250,12430,12250,12330,3154438
2020-07-22,12345,12445,12235,12395,2980647
2020-07-23,12410,12610,12345,12570,2709111
2020-07-24,12480,12625,12370,12465,4409437
2020-07-27,12435,12640,12435,12570,3045072
2020-07-28,12625,12775,12620,12750,3302628
2020-07-29,12730,12760,12625,12715,2782559
2020-07-30,12770,12775,12625,12705,2871268
2020-07-31,12750,12775,12680,12720,2183284
2020-08-03,12730,12960,12670,12945,3626501
2020-08-04,13005,13075,12970,13040,3275939
2020-08-05,13085,13365,13070,13365,3845888
2020-08-06,13425,13535,13360,13505,4660395
2020-08-07,13605,13625,13415,13610,4198525
2020-08-10,13655,13740,13550,13660,3165796
2020-08-11,13650,13725,13575,13615,3378990
2020-08-12,13560,13590,13180,13330,5905878
2020-08-13,13450,13755,13450,13620,7889521
2020-08-14,13560,13595,13150,13190,5788901
2020-08-18,13235,13260,12660,12745,5584119
2020-08-19,12865,13065,12820,13060,7624097
2020-08-20,12990,13050,12470,12605,13834367
2020-08-21,12755,12815,12415,12660,12189075
2020-08-24,12705,13040,12535,13030,6140759
2020-08-25,13115,13325,13075,13280,5245169
2020-08-26,13335,13390,13090,13305,5864078
2020-08-27,13325,13375,13165,13260,4106645
2020-08-28,13335,13575,13255,13345,6748705
2020-08-31,13470,13555,13270,13435,4449127
2020-09-01,13470,13550,13405,13475,3611620
2020-09-02,13590,13840,13550,13795,7319103
2020-09-03,13850,13900,13775,13830,3602676
2020-09-04,13320,13645,13300,13600,4510724
2020-09-07,13590,13840,13550,13825,4665184
2020-09-08,13855,14020,13775,13860,6152583
2020-09-09,13695,13825,13635,13635,2829039
2020-09-10,13755,13800,13630,13780,2195233
2020-09-11,13715,13785,13530,13775,4705708
2020-09-14,13810,13885,13730,13880,2019956
2020-09-15,13940,14075,13870,14030,4262447
2020-09-16,14030,14185,13955,13995,4807327
2020-09-17,13980,14025,13740,13785,8752303
2020-09-18,13805,13965,13730,13935,5621077
2020-09-21,13925,14070,13460,13560,7230514
2020-09-22,13575,13670,13065,13125,12558285
2020-09-23,13250,13315,12850,13205,14619787
2020-09-24,12985,12990,12505,12520,13520454
2020-09-25,12665,12745,12400,12495,13613692
2020-09-28,12660,13055,12660,13055,5199724
2020-09-29,13130,13230,13020,13220,7910666
2020-10-05,13230,13370,13085,13305,7854068
2020-10-06,13330,13415,13190,13280,6563667
2020-10-07,13150,13400,13150,13400,5746662
2020-10-08,13460,13460,13295,13360,6161844
2020-10-12,13415,13445,13280,13410,4089181
2020-10-13,13480,13490,13175,13300,5285968
2020-10-14,13295,13330,13045,13100,9664896
2020-10-15,13050,13070,12650,12775,12461453
2020-10-16,12785,12840,12455,12670,13245826
2020-10-19,12740,12850,12440,12525,13392004
2020-10-20,12440,12645,12210,12645,12490700
2020-10-21,12635,12765,12455,12735,10218847
2020-10-22,12620,12635,12330,12355,11081329
2020-10-23,12385,12435,12155,12265,12910903
2020-10-26,12220,12295,11760,11835,15338150
2020-10-27,11760,12175,11665,11975,18585554
2020-10-28,11945,12345,11945,12335,8187064
2020-10-29,12145,12600,12110,12600,13357255
2020-10-30,12540,12570,12055,12095,15175892
2020-11-02,12100,12385,12040,12270,13085587
2020-11-03,12330,12635,12330,12540,15566399
2020-11-04,12635,12890,12455,12790,13089502
2020-11-05,12915,13080,12880,13040,12044869
2020-11-06,13075,13095,12715,12775,10745795
2020-11-09,12905,13040,12880,12965,9847637
2020-11-10,12855,12875,12610,12695,7700658
2020-11-11,12675,12850,12520,12775,7080434
2020-11-12,12830,12935,12630,12740,9076874
2020-11-13,12665,12775,12465,12775,9192424
2020-11-16,12845,12975,12780,12880,9070028
2020-11-17,12880,12895,12665,12745,8084591
2020-11-18,12745,12975,12675,12935,8960671
2020-11-19,12895,13130,12805,13130,6302767
2020-11-20,13125,13340,13100,13285,10852195
2020-11-23,13275,13435,13230,13330,5345568
2020-11-24,13340,13395,13140,13210,5510384
2020-11-25,13285,13470,13035,13160,12619306
2020-11-26,13185,13425,13050,13390,9152677
2020-11-27,13350,13655,13350,13620,10901751
2020-11-30,13685,13765,13565,13565,6562040
2020-12-01,13640,13735,13505,13700,5371129
2020-12-02,13730,13895,13615,13860,11232362
2020-12-03,13860,14095,13840,14075,9518373
2020-12-04,14105,14390,14090,14340,9277379
2020-12-07,14450,14880,14375,14845,11945486
2020-12-08,14815,15000,14185,14240,14562716
2020-12-09,14325,14495,14150,14380,10597680
2020-12-10,14170,14670,14170,14620,9261742
2020-12-11,14685,14770,14620,14680,9462430
2020-12-14,14770,14975,14630,14745,9185487
2020-12-15,14795,14830,14510,14755,13101266
2020-12-16,14835,14945,14690,14875,7333357
2020-12-17,14830,15100,14830,14940,7123689
2020-12-18,14980,15025,14905,14965,5565557
2020-12-21,15015,15285,14905,15245,10222733
2020-12-22,15205,15290,14760,14760,10139961
2020-12-23,14860,14970,14585,14685,15395882
2020-12-24,14720,14955,14590,14830,7708868
2020-12-28,14955,15115,14860,15115,11092007
2020-12-29,15195,15515,15005,15490,12127761
2020-12-30,15475,15575,15350,15460,8075166
2021-01-04,15445,15445,15155,15400,5770313
2021-01-05,15285,15485,15065,15410,10613893
2021-01-06,15410,15505,15250,15280,11336225
2021-01-07,15370,15505,15230,15360,5957703
2021-01-08,15455,15480,15270,15470,5579012
2021-01-11,15545,15845,15060,15465,10004108
2021-01-12,15405,15575,15115,15420,8761439
2021-01-13,15430,15545,15315,15420,5329039
2021-01-14,15355,15400,15210,15240,4078205
2021-01-15,15240,15315,14840,14935,7605839
2021-01-18,14795,15030,14470,14520,4613216
2021-01-19,14565,14915,14410,14760,5833884
2021-01-20,14840,15215,14825,15095,6260715
2021-01-21,15235,15245,14975,15095,5067382
2021-01-22,15095,15155,14935,15050,4756517
2021-01-25,15090,15565,15070,15530,7602491
2021-01-26,15515,15720,15275,15360,7313414
2021-01-27,15435,15455,15135,15180,8141954
2021-01-28,14935,15120,14790,14905,10631106
2021-01-29,14925,14985,14280,14415,10957336
2021-02-01,14415,15040,14410,15015,9154017
2021-02-02,15070,15215,14850,15015,4947814
2021-02-03,15095,15095,14800,15090,4153436
2021-02-04,15030,15035,14750,14915,4791612
2021-02-05,14950,15030,14810,14945,3250088
2021-02-08,14920,14975,14760,14820,2962944
2021-02-09,14855,14885,14700,14700,2461434
2021-02-10,14685,14820,14545,14770,4643806
2021-02-15,14840,15075,14785,14995,3517391
2021-02-16,15015,15100,14680,14750,5566691
2021-02-17,14700,14715,14560,14675,3797721
2021-02-18,14640,14710,14475,14475,3405525
2021-02-19,14445,14535,14145,14525,2810764
2021-02-22,14565,14595,14145,14215,5377762
2021-02-23,14115,14170,13860,13880,5995724
2021-02-24,13905,14140,13405,13465,6122057
2021-02-25,13680,14140,13660,14105,5650807
2021-02-26,13750,13850,13540,13665,4730068
2021-03-02,14005,14215,13740,14015,4758509
2021-03-03,13910,14155,13905,14100,4438748
2021-03-04,13910,14050,13790,14010,3089552
2021-03-05,13835,14060,13690,14025,3158681
2021-03-08,14150,14160,13610,13660,5577901
2021-03-09,13625,13700,13265,13570,6103242
2021-03-10,13800,13850,13480,13505,4010568
2021-03-11,13600,13885,13500,13845,2773947
2021-03-12,13920,14130,13905,14045,5131507
2021-03-15,14025,14090,13960,13980,2305478
2021-03-16,14060,14370,14050,14335,4090966
2021-03-17,14315,14365,14150,14340,3255426
2021-03-18,14420,14525,14335,14370,2249443
2021-03-19,14165,14435,14160,14355,1621435
2021-03-22,14290,14470,14235,14445,2188615
2021-03-23,14475,14600,14330,14360,2626491
2021-03-24,14275,14525,14240,14465,2607241
2021-03-25,14400,14510,14320,14480,2343575
2021-03-26,14515,14520,14345,14450,2796418
2021-03-29,14530,14530,14340,14390,2802809
2021-03-30,14390,14495,14385,14405,2018191
2021-03-31,14405,14480,14295,14300,2674379
2021-04-01,14340,14465,14250,14440,1905068
2021-04-02,14520,14535,14385,14445,2889426
2021-04-05,14450,14475,14315,14350,2488150
2021-04-06,14395,14420,14215,14275,2353988
2021-04-07,14300,14365,14230,14300,2414735
2021-04-08,14315,14515,14275,14495,2224790
2021-04-09,14515,14650,14500,14570,2521957
2021-04-12,14600,14700,14535,14695,4350510
2021-04-13,14665,14990,14665,14965,5434893
2021-04-14,14990,15060,14925,14985,3751382
2021-04-15,14970,14990,14865,14965,2569716
2021-04-16,14990,15135,14930,15090,4710415
2021-04-19,15015,15335,15015,15250,3679650
2021-04-20,15230,15275,15135,15190,3566076
2021-04-21,15105,15150,14920,14990,6670605
2021-04-22,15035,15105,14985,15020,4632378
2021-04-23,14930,15120,14895,15025,1534186
2021-04-26,15045,15070,14970,15055,2402889
2021-04-27,15045,15055,14835,14845,1586989
2021-04-28,14795,14840,14375,14400,6392778
2021-04-29,14315,14470,14050,14070,6572075
2021-04-30,14105,14165,13840,14010,4612964
2021-05-03,14020,14090,13565,13610,6884715
2021-05-04,13530,13760,13335,13720,8371803
2021-05-06,13675,13720,13530,13690,5469781
2021-05-07,13735,13940,13705,13865,3687766
2021-05-10,13960,14200,13890,14185,5100858
2021-05-11,14035,14085,13775,13830,5555329
2021-05-12,13850,13890,13540,13650,4199343
2021-05-13,13435,13670,13415,13435,4057273
2021-05-14,13550,13770,13500,13765,3360317
2021-05-17,13870,13900,13660,13750,2358173
2021-05-18,13755,13965,13735,13945,5212297
2021-05-20,13875,13975,13795,13935,2762394
2021-05-21,14030,14115,13840,13850,4093640
2021-05-24,13805,13830,13590,13590,6337195
2021-05-25,13665,13900,13665,13855,8881141
2021-05-26,13875,13915,13815,13840,4200127
2021-05-27,13865,13970,13700,13970,2954773
2021-05-28,13985,14045,13925,13950,3220192
2021-05-31,13990,14060,13955,14000,2155535
2021-06-01,14000,14040,13940,14005,2419672
2021-06-02,13995,14025,13820,13830,2557839
2021-06-03,13880,14065,13830,14005,2193879
2021-06-04,13940,13945,13820,13890,1109739
2021-06-07,13965,13995,13775,13840,2483756
2021-06-08,13885,13970,13850,13910,1191786
2021-06-09,13905,13925,13715,13715,1474510
2021-06-10,13720,14105,13705,13995,3701103
2021-06-11,14040,14120,13950,14010,2310924
2021-06-14,14045,14200,14030,14165,2135399
2021-06-15,14150,14190,14035,14090,2208167
2021-06-16,14055,14110,14005,14060,2274376
2021-06-17,13970,14160,13950,14135,1898221
2021-06-18,14125,14480,14125,14465,2758315
2021-06-21,14315,14450,14300,14395,2832672
2021-06-22,14445,14480,14325,14365,2267458
2021-06-23,14405,14595,14405,14495,3376760
2021-06-24,14515,14535,14395,14410,2211603
2021-06-25,14485,14505,14300,14300,1737410
2021-06-28,14375,14420,14320,14365,1369981
2021-06-29,14400,14540,14385,14465,2420098
2021-06-30,14455,14640,14445,14575,2544550
2021-07-01,14545,14700,14535,14680,2581848
2021-07-02,14685,14745,14615,14715,2906227
2021-07-05,14755,14995,14755,14945,4418432
2021-07-06,14900,14950,14765,14800,2623304
2021-07-07,14800,14920,14760,14840,2105129
2021-07-08,14835,14885,14565,14615,2108278
2021-07-09,14545,14610,14360,14570,4066334
2021-07-12,14635,14680,14525,14580,2306003
2021-07-13,14605,14790,14585,14700,3358051
2021-07-14,14640,14725,14570,14710,4257878
2021-07-15,14720,14970,14710,14885,2180875
2021-07-16,14800,14915,14735,14825,2548011
2021-07-19,14730,14890,14730,14850,3159419
2021-07-20,14730,14875,14670,14770,2339130
2021-07-21,14850,14870,14725,14775,3770767
2021-07-22,14850,14960,14820,14950,2895347
2021-07-23,14950,15115,14940,14975,2574864
2021-07-26,15040,15050,14795,14850,2379892
2021-07-27,14880,14950,14775,14780,1719051
2021-07-28,14725,14815,14515,14585,4837443
2021-07-29,14650,14725,14620,14700,2479442
2021-07-30,14660,14670,14430,14450,2865600
2021-08-02,14525,14680,14495,14630,3970251
2021-08-03,14610,14740,14510,14615,3562976
2021-08-04,14645,14820,14590,14820,2789775
2021-08-05,14820,14970,14820,14880,4119583
2021-08-06,14905,15000,14855,14955,1385259
2021-08-09,14850,15000,14800,15000,2694014
2021-08-10,14955,15010,14810,14835,2632189
2021-08-11,14790,14960,14735,14885,2404713
2021-08-12,14880,14940,14825,14830,1762633
2021-08-13,14805,14840,14520,14695,3996591
2021-08-17,14695,14725,14385,14405,3630283
2021-08-18,14350,14665,14285,14595,4223594
2021-08-19,14485,14625,14250,14250,5224120
2021-08-20,14345,14455,13940,14015,10010664
2021-08-23,14135,14440,14110,14415,4094890
2021-08-24,14535,14700,14485,14700,3455339
2021-08-25,14735,14765,14565,14765,4375739
2021-08-26,14785,14855,14675,14815,5722469
2021-08-27,14745,14890,14700,14795,3235421
2021-08-30,14900,15040,14855,14905,2693276
2021-08-31,14895,15040,14755,15040,4597048
2021-09-01,14960,15150,14960,15145,5170414
2021-09-02,15095,15160,15045,15105,1874702
2021-09-03,15115,15215,15085,15175,1388557
2021-09-06,15170,15270,15110,15185,2252617
2021-09-07,15165,15235,15120,15235,819776
2021-09-08,15170,15180,14900,14925,2127099
2021-09-09,14850,14995,14810,14840,1037093
2021-09-10,14815,15000,14815,14975,1302158
2021-09-13,14905,14930,14790,14820,1972054
2021-09-14,14840,15080,14830,15025,1632992
2021-09-15,15010,15200,15000,15190,2275725
2021-09-16,15235,15240,15055,15145,1341859
2021-09-17,15160,15250,15060,15220,1374075
2021-09-23,15190,15315,15070,15225,2074212
2021-09-24,15285,15290,15105,15195,1841196
2021-09-27,15165,15205,15035,15095,1885683
2021-09-28,15050,15060,14685,14685,3226954
2021-09-29,14485,14605,14395,14560,4237751
2021-09-30,14540,15255,14460,14665,3491337
2021-10-01,14525,14570,14275,14330,5772808
2021-10-05,14185,14295,14005,14020,5432908
2021-10-06,14090,14180,13100,13640,9334834
2021-10-07,13825,14035,13820,14000,7186677
2021-10-08,14070,14095,13865,13920,3375532
2021-10-12,13835,13875,13635,13705,4131125
2021-10-13,13695,13975,13695,13870,2286671
2021-10-14,14025,14390,13965,14375,4185100
2021-10-15,14475,14500,14250,14380,3280471
2021-10-18,14385,14505,14275,14410,2686835
2021-10-19,14480,14650,14445,14620,4364389
2021-10-20,14665,14710,14500,14525,2224087
2021-10-21,14530,14570,14310,14320,2506412
2021-10-22,14320,14555,14295,14380,2958826
2021-10-25,14360,14430,14290,14425,1857358
2021-10-26,14515,14740,14490,14700,2844536
2021-10-27,14700,14725,14605,14675,2224930
2021-10-28,14640,14695,14475,14475,1897001
2021-10-29,14560,14565,14325,14345,2413026
2021-11-01,14440,14615,14410,14520,3197576
2021-11-02,14520,14750,14510,14670,2978171
2021-11-03,14685,14810,14580,14630,2043564
2021-11-04,14800,14895,14565,14640,3053572
2021-11-05,14755,14810,14630,14800,2271015
2021-11-08,14745,14840,14495,14725,4423633
2021-11-09,14680,14900,14665,14855,2891981
2021-11-10,14755,14785,14435,14445,6408119
2021-11-11,14390,14615,14340,14610,4677358
2021-11-12,14655,14880,14610,14870,2251904
2021-11-15,14930,15240,14905,15235,3697302
2021-11-16,15170,15335,15140,15335,3697947
2021-11-17,15365,15385,15130,15140,2666679
2021-11-18,15160,15225,14995,15180,2352375
2021-11-19,15175,15340,15080,15340,3065244
2021-11-22,15325,15435,15120,15255,3588270
2021-11-23,15145,15145,14830,14845,5558931
2021-11-24,14845,14995,14735,14995,4758296
2021-11-25,14960,15030,14800,14830,3392888
2021-11-26,14825,14950,14640,14720,7213030
2021-11-29,14580,14835,14580,14695,3718875
2021-11-30,14755,14925,14340,14440,4529476
2021-12-01,14540,14610,14200,14520,5879144
2021-12-02,14400,14460,14215,14430,5893137
2021-12-03,14430,14805,14405,14760,3627803
2021-12-06,14655,14680,14470,14585,4144814
2021-12-07,14645,14735,14585,14700,2008994
2021-12-08,14820,14995,14820,14880,2071136
2021-12-09,14840,15200,14820,15130,2882344
2021-12-10,15090,15090,14810,14830,1434382
2021-12-13,14875,14925,14705,14730,1739535
2021-12-14,14655,14770,14625,14685,2151246
2021-12-15,14635,14795,14610,14780,1400716
2021-12-16,14950,15015,14790,14825,3024221
2021-12-17,14695,14750,14535,14605,3249578
2021-12-20,14570,14745,14550,14550,2521194
2021-12-21,14650,14715,14480,14665,2373699
2021-12-22,14795,14795,14640,14670,2290538
2021-12-23,14730,14820,14685,14730,3416182
2021-12-24,14765,14860,14725,14760,2933078
2021-12-27,14760,14950,14720,14925,2988496
2021-12-28,15195,15415,15020,15415,7465691
2021-12-29,15405,15430,15025,15095,8168263
2021-12-30,15120,15165,14910,15070,6366147
2022-01-03,15070,15160,14900,15035,3780773
2022-01-04,15035,15050,14730,14790,4464559
2022-01-05,14700,14765,14450,14460,3318920
2022-01-06,14305,14390,13975,14010,9444840
2022-01-07,14150,14265,14090,14150,12886454
2022-01-10,14030,14085,13855,13905,3889016
2022-01-11,13950,14020,13730,13795,5431512
2022-01-12,13945,14220,13930,14175,4563630
2022-01-13,14145,14190,13930,13960,3491417
2022-01-14,13750,13800,13675,13725,2813301
2022-01-17,13750,13755,13565,13630,3078051
2022-01-18,13645,13830,13385,13450,5795532
2022-01-19,13265,13425,13185,13270,5910132
2022-01-20,13265,13645,13250,13645,6974948
2022-01-21,13485,13575,13295,13410,3380238
2022-01-24,13355,13355,13050,13095,6567664
2022-01-25,13185,13210,12755,12790,9863440
2022-01-26,12855,12960,12545,12560,13838083
2022-01-27,12645,12645,12000,12020,13334522
2022-01-28,12095,12415,11860,12335,18270741
2022-02-03,12560,12725,12540,12590,8416028
2022-02-04,12580,12745,12535,12745,5003893
2022-02-07,12715,12730,12460,12550,3647169
2022-02-08,12580,12705,12355,12475,4187711
2022-02-09,12585,12750,12550,12750,2615770
2022-02-10,12785,12805,12395,12440,4420326
2022-02-11,12210,12345,12100,12105,4838095
2022-02-14,11990,12060,11855,11940,4978891
2022-02-15,11950,12080,11755,11765,5575662
2022-02-16,12000,12375,11990,12375,4833125
2022-02-17,12350,12520,12065,12230,6356649
2022-02-18,12060,12335,12010,12290,5311502
2022-02-21,12070,12330,11990,12315,3319681
2022-02-22,12085,12215,12040,12115,4311687
2022-02-23,12245,12325,12150,12285,4079055
2022-02-24,12150,12150,11890,11905,5545055
2022-02-25,12145,12365,12145,12360,6385257
2022-02-28,12235,12425,12230,12420,3724445
2022-03-02,12375,12685,12365,12615,4359415
2022-03-03,12700,12930,12670,12905,4505061
2022-03-04,12810,12810,11900,12600,5069638
2022-03-07,12385,12515,12255,12345,2870908
2022-03-08,12130,12405,12100,12210,3647560
2022-03-10,12545,12690,12520,12630,3036678
2022-03-11,12670,12780,12560,12600,4431229
2022-03-14,12615,12645,12260,12310,4171368
2022-03-15,12255,12360,12160,12280,5221435
2022-03-16,12475,12640,12430,12630,5902348
2022-03-17,12860,13070,12845,12980,4453297
2022-03-18,12975,13100,12880,13100,4550492
2022-03-21,13165,13165,12895,12895,3932929
2022-03-22,12850,12965,12800,12930,3098086
2022-03-23,13045,13140,12985,13055,3416746
2022-03-24,12930,13060,12830,12995,2955362
2022-03-25,13070,13095,12975,12990,3916801
2022-03-28,12915,12990,12780,12795,3052647
2022-03-29,12895,13040,12885,13040,2645242
2022-03-30,13120,13145,13035,13045,3177202
2022-03-31,12995,13170,12995,13130,3541277
2022-04-01,13050,13080,12970,13030,2236427
2022-04-04,13000,13130,12955,13125,3578940
2022-04-05,13170,13280,13160,13205,3399303
2022-04-06,13035,13085,12930,12960,3482402
2022-04-07,12845,12900,12790,12885,3495564
2022-04-08,12930,13000,12840,12980,3473631
2022-04-11,12890,12915,12645,12650,4066765
2022-04-12,12540,12605,12430,12575,4714964
2022-04-13,12620,12825,12535,12805,4647690
2022-04-14,12805,12895,12735,12775,4244150
2022-04-15,12670,12710,12540,12690,3821195
2022-04-18,12645,12645,12515,12585,2680645
2022-04-19,12675,12900,12670,12880,3558966
2022-04-20,12860,12870,12765,12765,2860306
2022-04-21,12835,12935,12750,12760,2806754
2022-04-22,12600,12650,12490,12600,3323791
2022-04-25,12435,12450,12250,12250,4122629
2022-04-26,12360,12530,12360,12475,7113904
2022-04-27,12195,12300,12135,12260,4501762
2022-04-28,12260,12270,12105,12175,6331196
2022-04-29,12185,12485,12165,12445,5110948
2022-05-02,12250,12380,12185,12330,4106272
2022-05-03,12375,12540,12350,12425,4426762
2022-05-04,12455,12520,12315,12340,3949520
2022-05-06,12190,12230,12050,12070,4464841
2022-05-09,11975,12010,11765,11775,6777186
2022-05-10,11575,11790,11435,11720,8283968
2022-05-11,11615,12020,11580,12020,6875406
2022-05-12,11805,11830,11425,11425,9234758
2022-05-13,11520,11920,11515,11880,8357892
2022-05-16,12005,12095,11840,11870,6123474
2022-05-17,11880,12085,11870,12060,5463750
2022-05-18,12130,12270,12120,12230,5121248
2022-05-19,11875,12160,11820,12030,6239054
2022-05-20,12125,12425,12125,12395,4860875
2022-05-23,12470,12495,12335,12485,7704606
2022-05-24,12400,12430,12115,12120,4659805
2022-05-25,12220,12445,12080,12275,6245909
2022-05-26,12280,12490,12155,12220,6008365
2022-05-27,12390,12455,12185,12235,6064002
2022-05-30,12400,12450,12360,12420,4797137
2022-05-31,12435,12525,12335,12500,5626637
2022-06-02,12430,12470,12365,12395,5478038
2022-06-03,12565,12565,12340,12350,5416853
2022-06-07,12310,12315,12005,12005,4324607
2022-06-08,12080,12180,12005,12035,5517861
2022-06-09,12010,12185,11900,12155,5518173
2022-06-10,12020,12085,11950,12035,2986952
2022-06-13,11700,11770,11475,11495,10654768
2022-06-14,11350,11535,11235,11500,17564912
2022-06-15,11455,11550,11135,11200,12154350
2022-06-16,11400,11535,11240,11280,12552917
2022-06-17,11095,11255,11030,11210,8843792
2022-06-20,11335,11350,10870,10920,10970667
2022-06-21,10985,11135,10835,11055,11004820
2022-06-22,11100,11135,10615,10615,9412168
2022-06-23,10640,10805,10250,10265,19491807
2022-06-24,10365,10875,10365,10865,16219316
2022-06-27,10990,11145,10855,11055,6888694
2022-06-28,11030,11095,10835,10965,8305552
2022-06-29,10775,10805,10595,10695,7433022
2022-06-30,10670,10705,10450,10470,6477360
2022-07-01,10565,10645,10195,10225,9682144
2022-07-04,10290,10385,10070,10215,12136475
2022-07-05,10360,10690,10310,10675,10131208
2022-07-06,10640,10830,10485,10500,8659712
2022-07-07,10610,10780,10570,10735,6937247
2022-07-08,10860,10960,10795,10855,7087861
2022-07-11,10870,11000,10790,10825,5894946
2022-07-12,10710,10745,10555,10590,5700546
2022-07-13,10615,10905,10590,10905,6165852
2022-07-14,10840,10975,10795,10865,6613272
2022-07-15,10955,10965,10735,10860,6584636
2022-07-18,11015,11075,10850,11010,7961398
2022-07-19,10930,11085,10905,11070,6494253
2022-07-20,11310,11330,11170,11230,7406421
2022-07-21,11250,11280,11160,11250,5044927
2022-07-22,11255,11355,11130,11130,4674486
2022-07-25,11060,11195,11025,11160,6776906
2022-07-26,11120,11195,11085,11165,4049946
2022-07-27,11170,11250,11150,11250,4261693
2022-07-28,11405,11450,11260,11310,6019978
2022-07-29,11425,11480,11335,11390,6471189
2022-08-01,11385,11460,11320,11410,6071769
2022-08-02,11390,11405,11280,11360,5608343
2022-08-03,11360,11565,11335,11565,4784341
2022-08-04,11620,11825,11620,11770,6309222
2022-08-05,11795,11970,11790,11920,6340910
2022-08-08,11845,11920,11815,11895,6256611
2022-08-09,11875,12000,11840,11970,5057361
2022-08-10,11890,11915,11685,11695,5787743
2022-08-11,11890,11985,11800,11875,5093631
2022-08-12,11840,11885,11735,11820,5649094
2022-08-16,11915,11925,11825,11875,5281369
2022-08-17,11900,11900,11750,11795,5984246
2022-08-18,11715,11790,11620,11755,6850899
2022-08-19,11770,11775,11520,11520,8177517
2022-08-22,11425,11470,11285,11285,8597497
2022-08-23,11195,11245,11045,11065,6246984
2022-08-24,11130,11230,11010,11225,7914990
2022-08-25,11225,11485,11180,11485,9315994
2022-08-26,11495,11555,11310,11320,6217104
2022-08-29,10980,11040,10910,10930,8747373
2022-08-30,11000,11270,10995,11255,6218787
2022-08-31,11110,11455,11110,11395,8017048
2022-09-01,11255,11265,11050,11075,7777862
2022-09-02,11170,11230,11040,11085,7948034
2022-09-05,11045,11120,10855,10880,7342041
2022-09-06,10920,11055,10875,10920,10612444
2022-09-07,10840,10845,10715,10795,6548231
2022-09-08,10925,11105,10905,11035,7153563
2022-09-13,11285,11380,11275,11330,5104684
2022-09-14,11000,11055,10905,10950,6617879
2022-09-15,11010,11010,10850,10875,7451480
2022-09-16,10750,10865,10715,10740,7232425
2022-09-19,10785,10800,10500,10515,10658094
2022-09-20,10655,10730,10565,10600,11465365
2022-09-21,10525,10605,10420,10495,7522253
2022-09-22,10305,10470,10215,10450,8428849
2022-09-23,10405,10420,10130,10140,12000112
2022-09-26,10005,10015,9715,9720,20665038
2022-09-27,9755,9880,9585,9880,29274808
2022-09-28,9820,9895,9490,9550,26997095
2022-09-29,9740,9865,9585,9620,15033569
2022-09-30,9500,9660,9425,9535,21115725
2022-10-04,9720,9915,9710,9895,8890533
2022-10-05,10050,10070,9630,9640,12463472
2022-10-06,9750,9985,9710,9945,11795435
2022-10-07,9830,9970,9765,9765,8710867
2022-10-11,9540,9545,9390,9400,10486457
2022-10-12,9400,9535,9350,9510,15408526
2022-10-13,9450,9460,9290,9300,9240940
2022-10-14,9530,9760,9525,9730,12473552
2022-10-17,9535,9730,9530,9715,8034079
2022-10-18,9900,9975,9735,9955,12039119
2022-10-19,9960,10105,9790,9795,10728698
2022-10-20,9735,9800,9515,9575,10134360
2022-10-21,9535,9670,9520,9545,11819774
2022-10-24,9810,9915,9800,9870,9154187
2022-10-25,9875,9970,9805,9880,7646294
2022-10-26,9875,9940,9815,9820,8825460
2022-10-27,9900,10040,9890,10040,7976822
2022-10-28,9930,10050,9900,9900,7321650
2022-10-31,10040,10055,9920,10035,8532173
2022-11-01,10025,10075,9970,10060,6883084
2022-11-02,10025,10025,9920,9990,6128076
2022-11-03,9760,9905,9725,9840,7675891
2022-11-04,9760,9835,9645,9830,7925420
2022-11-07,9835,9935,9815,9925,6429575
2022-11-08,9990,10185,9975,10165,6432808
2022-11-09,10190,10220,10090,10130,7309895
2022-11-10,10020,10100,9965,9985,7129706
2022-11-11,10525,10570,10370,10560,11091001
2022-11-14,10560,10560,10410,10425,8134813
2022-11-15,10445,10770,10435,10750,7628105
2022-11-16,10780,10805,10630,10705,7646622
2022-11-17,10635,10700,10555,10580,6799359
2022-11-18,10580,10685,10455,10455,8039452
2022-11-21,10465,10490,10210,10230,6657347
2022-11-22,10210,10260,10095,10110,10775492
2022-11-23,10185,10360,10185,10350,8912651
2022-11-24,10420,10570,10395,10525,8777762
2022-11-25,10470,10500,10385,10395,6652093
2022-11-28,10360,10365,10110,10140,8226657
2022-11-29,10085,10380,10065,10340,6801419
2022-11-30,10290,10355,10205,10325,6077586
2022-12-01,10605,10690,10520,10555,10828718
2022-12-02,10505,10520,10325,10325,7800010
2022-12-05,10370,10495,10345,10390,8570480
2022-12-06,10255,10320,10190,10190,6324676
2022-12-07,10115,10300,10090,10140,6917319
2022-12-08,10120,10230,10120,10150,4889423
2022-12-09,10230,10320,10170,10260,7116330
2022-12-12,10140,10210,10125,10130,4534765
2022-12-13,10200,10220,10105,10160,8151424
2022-12-14,10205,10415,10205,10390,8864463
2022-12-15,10305,10385,10190,10205,8507457
2022-12-16,10030,10145,9995,10075,6407223
2022-12-19,10045,10205,10045,10090,7201679
2022-12-20,10040,10085,9850,9890,8967204
2022-12-21,9995,10025,9895,9940,8145161
2022-12-22,10035,10185,10020,10185,10932155
2022-12-23,10025,10030,9780,9780,9985762
2022-12-26,9790,9975,9730,9965,13077987
2022-12-27,10010,10150,10010,10110,10295223
2022-12-28,10025,10040,9785,9820,8202033
2022-12-29,9775,9835,9550,9640,9128235
2023-01-02,9730,9815,9525,9565,10133090
2023-01-03,9600,9650,9435,9610,12429894
2023-01-04,9520,9685,9445,9670,11776197
2023-01-05,9670,9740,9535,9555,9094714
2023-01-06,9495,9805,9490,9755,9674766
2023-01-09,9865,9975,9850,9935,9113396
2023-01-10,9890,9955,9740,9740,6313091
2023-01-11,9840,10025,9840,9970,8128485
2023-01-12,10055,10065,9920,10015,7199768
2023-01-13,10015,10085,9915,9965,6829073
2023-01-16,9955,10100,9955,10040,6398262
2023-01-17,10020,10060,9840,9840,6232091
2023-01-18,9880,9930,9830,9890,8182051
2023-01-19,9815,9920,9750,9910,6342271
2023-01-20,9860,9975,9850,9945,6111211
2023-01-25,10105,10190,10085,10170,6112053
2023-01-26,10185,10320,10150,10300,6689881
2023-01-27,10315,10355,10265,10300,5895117
2023-01-30,10325,10420,10185,10190,5193890
2023-01-31,10135,10245,10110,10225,6479420
2023-02-01,10295,10510,10265,10450,6020776
2023-02-02,10635,10725,10575,10690,12035860
2023-02-03,10695,10780,10625,10735,7274020
2023-02-06,10620,10735,10605,10615,6321154
2023-02-07,10615,10900,10610,10840,5912195
2023-02-08,10920,10990,10915,10985,9215058
2023-02-09,10900,11120,10880,11115,6016164
2023-02-10,11100,11110,10930,10960,6292853
2023-02-13,10895,11025,10875,10960,7234246
2023-02-14,11070,11130,10990,11100,7472107
2023-02-15,11145,11225,10900,10905,9557941
2023-02-16,11070,11385,11060,11370,6577947
2023-02-17,11140,11275,11060,11110,7364604
2023-02-20,11165,11485,11105,11455,8050727
2023-02-21,11440,11525,11380,11525,6620170
2023-02-22,11310,11430,11160,11205,12162779
2023-02-23,11290,11350,11100,11270,10352212
2023-02-24,11275,11300,11105,11145,7771379
2023-02-27,11080,11245,11000,11215,9183975
2023-02-28,11240,11495,11240,11420,7905228
2023-03-02,11440,11585,11270,11270,7210162
2023-03-03,11360,11625,11340,11595,10208415
2023-03-06,11750,11890,11685,11870,10048712
2023-03-07,11755,11980,11755,11855,7201463
2023-03-08,11700,11920,11700,11870,11017000
2023-03-09,11960,11960,11660,11760,6888874
2023-03-10,11590,11595,11440,11490,11241917
2023-03-13,11515,11635,10915,11620,11181042
2023-03-14,11560,11615,11165,11165,12729494
2023-03-15,11410,11595,11400,11560,11836186
2023-03-16,11520,11630,11310,11550,12901804
2023-03-17,11745,11745,11565,11745,7210269
2023-03-20,11665,11815,11575,11770,6296469
2023-03-21,11835,11910,11760,11775,7064772
2023-03-22,11930,11975,11860,11960,4946529
2023-03-23,11870,12200,11855,11965,9681626
2023-03-24,12055,12100,11945,12090,8427043
2023-03-27,12155,12165,11950,12130,8680329
2023-03-28,12140,12150,12040,12150,5744596
2023-03-29,12150,12365,12130,12345,6808841
2023-03-30,12415,12575,12415,12510,7393501
2023-03-31,12505,12600,12415,12590,4859483
2023-04-03,12685,12705,12575,12665,6221782
2023-04-04,12625,12720,12590,12690,6807110
2023-04-05,12625,12980,12625,12970,7041296
2023-04-06,12900,13005,12785,12890,9954625
2023-04-07,12995,13280,12970,13275,6152540
2023-04-10,13280,13720,13280,13670,11183794
2023-04-11,13730,13965,13540,13890,9502332
2023-04-12,13795,13865,13595,13600,9208305
2023-04-13,13450,13675,13350,13605,6889348
2023-04-14,13755,13880,13720,13790,6011812
2023-04-17,13790,13830,13615,13810,4912606
2023-04-18,13825,13825,13645,13805,5860326
2023-04-19,13785,13800,13690,13690,5602744
2023-04-20,13615,13625,13250,13285,13182414
2023-04-21,13285,13320,13025,13025,7282014
2023-04-24,13000,13070,12740,12770,9468528
2023-04-25,12830,12850,12500,12600,5166756
2023-04-26,12600,12820,12510,12575,6421798
2023-04-27,12535,13030,12445,12980,11953532
2023-04-28,13175,13275,12880,12975,7095435
2023-05-02,13000,13200,12990,13135,5484000
2023-05-03,12965,12990,12750,12765,6195784
2023-05-04,12735,12965,12710,12860,7890400
2023-05-08,13020,13075,12765,12790,6058872
2023-05-09,12750,12770,12495,12620,8525474
2023-05-10,12620,12670,12460,12500,7282394
2023-05-11,12600,12700,12270,12300,9394144
2023-05-12,12260,12445,12235,12275,9968770
2023-05-15,12205,12220,12020,12195,11074714
2023-05-16,12300,12395,12220,12320,8597858
2023-05-17,12275,12685,12265,12640,6128655
2023-05-18,12755,12775,12545,12580,6189082
2023-05-19,12680,12690,12550,12650,8375563
2023-05-22,12640,12885,12570,12880,4487320
2023-05-23,12900,13110,12890,13025,4855148
2023-05-24,12975,13000,12865,12945,5363734
2023-05-25,13005,13015,12715,12775,5835714
2023-05-26,12820,12935,12685,12735,6038337
2023-05-30,12830,12920,12760,12920,6030459
2023-05-31,12900,13135,12885,13065,6668347
2023-06-01,13010,13210,13010,13175,4785935
2023-06-02,13225,13260,13175,13240,4992616
2023-06-05,13305,13305,13115,13210,3952135
2023-06-07,13210,13470,13210,13455,5399462
2023-06-08,13385,13430,13230,13285,6153127
2023-06-09,13420,13600,13385,13525,5066566
2023-06-12,13575,13580,13465,13560,4829939
2023-06-13,13650,13870,13645,13795,6429415
2023-06-14,13795,13920,13245,13265,9126163
2023-06-15,13395,13520,13140,13345,16332095
2023-06-16,13455,13575,13355,13570,7829126
2023-06-19,13570,13610,13390,13610,9333229
2023-06-20,13530,13650,13445,13485,8005942
2023-06-21,13500,13605,13255,13255,11535425
2023-06-22,13145,13415,13145,13335,7184160
2023-06-23,13390,13415,13235,13290,6356992
2023-06-26,13245,13440,13245,13380,4819998
2023-06-27,13295,13325,13045,13185,8106914
2023-06-28,13275,13305,13015,13020,6081566
2023-06-29,13100,13145,12930,12985,7920109
2023-06-30,13025,13245,12900,13190,7042800
2023-07-03,13270,13705,13265,13690,7079587
2023-07-04,13720,13785,13510,13640,6667379
2023-07-05,13605,13825,13590,13740,6053039
2023-07-06,13705,13715,13390,13410,5813595
2023-07-07,13370,13435,13245,13390,7328220
2023-07-10,13410,13445,13170,13240,7542455
2023-07-11,13345,13630,13310,13600,5776892
2023-07-12,13535,13615,13450,13580,7503102
2023-07-13,13655,13855,13640,13730,7442710
2023-07-14,13845,13925,13775,13880,6472147
2023-07-17,13875,13970,13820,13915,8173740
2023-07-18,13930,14420,13930,14360,9908260
2023-07-19,14450,14730,14315,14715,9528804
2023-07-20,14535,14900,14440,14855,8076954
2023-07-21,14535,15090,14515,14985,7315589
2023-07-24,14985,15190,14885,15150,9202585
2023-07-25,15150,15770,15020,15625,8226584
2023-07-26,15730,16615,14755,14995,14440819
2023-07-27,14960,15145,14290,14410,11971975
2023-07-28,14325,14975,14230,14930,11197422
2023-07-31,15010,15565,15010,15455,13029455
2023-08-01,15610,15795,15170,15415,11266124
2023-08-02,15205,15375,14670,14710,11249267
2023-08-03,14790,15115,14565,15115,12971388
2023-08-04,15150,15155,14890,14930,7507592
2023-08-07,14805,14840,14095,14350,10708892
2023-08-08,14400,14495,14180,14330,14296870
2023-08-09,14285,14800,14255,14665,8530739
2023-08-10,14540,14820,14425,14710,8302927
2023-08-11,14825,14825,14510,14580,5724811
2023-08-14,14500,14520,14130,14305,6850823
2023-08-16,14180,14290,13915,13930,8210948
2023-08-17,13900,14310,13805,14250,9646935
2023-08-18,14130,14220,13950,14060,6339240
2023-08-21,14155,14485,14150,14350,8832579
2023-08-22,14535,14615,14380,14525,6622627
2023-08-23,14460,14470,14110,14200,7082290
2023-08-24,14425,14590,14360,14550,7508315
2023-08-25,14295,14580,14275,14525,6727569
2023-08-28,14660,14705,14510,14645,4757732
2023-08-29,14675,14785,14520,14685,5057831
2023-08-30,14850,14880,14720,14760,7491724
2023-08-31,14785,14875,14620,14780,5544093
2023-09-01,14715,14765,14525,14555,3450350
2023-09-04,14495,14585,14330,14465,5974607
2023-09-05,14435,14460,14265,14380,4139811
2023-09-06,14405,14530,14225,14235,6908711
2023-09-07,14155,14320,13960,13995,7861274
2023-09-08,14040,14165,13920,14155,10090264
2023-09-11,14220,14235,13965,14075,5901298
2023-09-12,14195,14235,13895,13925,5431399
2023-09-13,13885,13945,13675,13680,11352419
2023-09-14,13750,13990,13740,13945,11374016
2023-09-15,13905,14000,13850,13935,4982313
2023-09-18,13835,13950,13755,13845,3913268
2023-09-19,13830,13925,13695,13750,5329908
2023-09-20,13755,13855,13640,13840,5912928
2023-09-21,13710,13810,13465,13505,7443322
2023-09-22,13390,13520,13265,13505,9160841
2023-09-25,13505,13535,13190,13190,10830718
2023-09-26,13220,13280,13005,13010,10663495
2023-09-27,12955,13235,12895,13210,9078082
2023-10-04,13025,13030,12640,12655,9252635
2023-10-05,12825,12975,12605,12605,15711256
2023-10-06,12650,12865,12650,12800,5079604
2023-10-10,12925,12955,12425,12425,12263051
2023-10-11,12605,12945,12605,12830,10407126
2023-10-12,12945,13200,12925,13190,9391214
2023-10-13,13090,13155,12855,12945,6242594
2023-10-16,12735,12865,12575,12820,12628650
2023-10-17,12935,13070,12860,12930,10647572
2023-10-18,12840,12935,12700,12730,7180979
2023-10-19,12480,12525,12345,12385,13563027
2023-10-20,12205,12335,12000,12130,22987290
2023-10-23,12095,12250,12040,12090,17232920
2023-10-24,12215,12470,11885,12455,24326802
2023-10-25,12495,12510,12060,12060,11663976
2023-10-26,11715,11850,11565,11600,16922438
2023-10-27,11730,11965,11560,11740,26394627
2023-10-30,11715,11970,11700,11875,11867602
2023-10-31,11890,11900,11430,11450,12721086
2023-11-01,11575,11715,11425,11455,15761516
2023-11-02,11740,12120,11710,12065,12669084
2023-11-03,12210,12215,11920,12135,11266023
2023-11-06,12655,13910,12640,13910,27701440
2023-11-07,13750,13840,12850,13230,21272880
2023-11-08,13250,13400,12865,12875,13512282
2023-11-09,12965,12985,12575,12755,14080977
2023-11-10,12500,12590,12405,12485,10137472
2023-11-13,12650,12700,12255,12290,10726610
2023-11-14,12400,12680,12345,12635,15638813
2023-11-15,13120,13130,12745,12840,13962345
2023-11-16,12815,12955,12685,12795,9679964
2023-11-17,12730,12750,12470,12540,8614657
2023-11-20,12500,12930,12490,12850,10758152
2023-11-21,12945,12945,12745,12870,8422059
2023-11-22,12720,12830,12675,12780,12056802
2023-11-23,12790,12880,12670,12855,7169778
2023-11-24,12855,12870,12710,12730,7232798
2023-11-27,12725,12805,12635,12675,6922996
2023-11-28,12740,12890,12700,12830,8497935
2023-11-29,12845,13010,12750,12980,10937302
2023-11-30,12920,13140,12880,13140,7505830
2023-12-01,13040,13170,12955,13110,12187870
2023-12-04,13265,13425,13080,13115,10785094
2023-12-05,13015,13170,12870,12910,10848669
2023-12-06,12960,13125,12935,13000,10410757
2023-12-07,12965,13000,12800,12880,8603457
2023-12-08,13010,13270,12970,13230,13287381
2023-12-11,13230,13375,13195,13320,9059718
2023-12-12,13335,13490,13275,13375,8320674
2023-12-13,13315,13360,13105,13130,8098073
2023-12-14,13440,13490,13265,13410,11675536
2023-12-15,13425,13585,13345,13425,8249745
2023-12-18,13575,13810,13535,13670,8629491
2023-12-19,13620,13900,13610,13865,9869794
2023-12-20,13935,13990,13845,13900,6102979
2023-12-21,13790,14035,13650,13810,10935658
2023-12-22,13885,13915,13610,13670,8995894
2023-12-26,13670,13730,13435,13535,6169770
2023-12-27,13630,13835,13600,13795,10896418
2023-12-28,13780,13940,13715,13940,6982738
2024-01-02,13860,14150,13825,14050,8061960
2024-01-03,13870,13910,13710,13805,20158027
2024-01-04,13685,13860,13555,13705,14531446
2024-01-05,13690,14015,13645,13935,10854304
2024-01-08,13970,14015,13805,13900,9390828
2024-01-09,14050,14190,13915,13995,6317910
2024-01-10,13945,13975,13735,13795,11155674
2024-01-11,13865,14065,13860,13960,7017818
2024-01-12,13890,13940,13610,13685,12418131
2024-01-15,13655,13705,13370,13465,12150241
2024-01-16,13405,13560,13240,13405,11700755
2024-01-17,13470,13485,13075,13075,10026892
2024-01-18,13080,13385,13020,13160,13522650
2024-01-19,13300,13425,12985,13075,12560007
2024-01-22,13170,13175,12850,12885,11156127
2024-01-23,12870,13085,12750,12900,11743073
2024-01-24,12920,12920,12655,12830,11455827
2024-01-25,12720,12760,12560,12630,12389625
2024-01-26,12510,13040,12480,12980,9961038
2024-01-29,13025,13100,12660,12725,11982058
2024-01-30,12830,12920,12640,12765,15059865
2024-01-31,12670,12785,12415,12435,9762842
2024-02-01,12400,12530,12225,12505,20921338
2024-02-02,12615,12875,12555,12850,17353687
2024-02-05,12735,12755,12635,12645,8622063
2024-02-06,12580,12630,12370,12610,11490202
2024-02-07,12720,12970,12680,12725,12327339
2024-02-08,12855,13080,12800,13025,10090842
2024-02-13,13100,13390,13055,13340,9139582
2024-02-14,13100,13490,13035,13400,13276360
2024-02-15,13530,13555,13350,13455,9294685
2024-02-16,13595,13635,13425,13515,9182700
2024-02-19,13435,13645,13410,13540,9279036
2024-02-20,13480,13705,13430,13645,12745256
2024-02-21,13575,13815,13550,13665,11386797
2024-02-22,13760,13830,13650,13765,8566380
2024-02-23,13875,14020,13740,13805,9804116
2024-02-26,13790,13965,13790,13880,8981090
2024-02-27,13925,13940,13600,13640,13348121
2024-02-28,13730,13980,13710,13870,8711026
2024-02-29,13865,14005,13815,13985,12038368
2024-03-04,14110,14275,14105,14235,8151561
2024-03-05,14110,14225,13995,14150,6168678
2024-03-06,14010,14265,13980,14220,9696607
2024-03-07,14255,14265,14000,14090,9904511
2024-03-08,14195,14400,14150,14395,7467644
2024-03-11,14305,14490,14305,14460,7939848
2024-03-12,14455,14815,14455,14800,6021759
2024-03-13,14855,14865,14555,14750,7539350
2024-03-14,14745,14830,14635,14765,5157149
2024-03-15,14615,14675,14445,14550,7067958
2024-03-18,14625,14890,14605,14820,7338993
2024-03-19,14770,14865,14635,14865,14243235
2024-03-20,14900,14965,14735,14820,8845453
2024-03-21,14995,15185,14960,15110,8420231
2024-03-22,15020,15200,15000,15135,8765543
2024-03-25,15180,15495,15145,15445,8101083
2024-03-26,15510,15745,15395,15520,9682141
2024-03-27,15480,15610,15250,15395,9285234
2024-03-28,15405,15485,15305,15335,6087515
2024-03-29,15385,15410,15135,15170,5703744
2024-04-01,15245,15450,15180,15210,5221252
2024-04-02,15155,15195,14700,14730,11027659
2024-04-03,14590,14590,14360,14470,13697031
2024-04-04,14590,14705,14360,14470,11121749
2024-04-05,14345,14425,14150,14245,9999561
2024-04-08,14230,14235,13995,14145,11398143
2024-04-09,14205,14395,14050,14120,9808278
2024-04-11,13970,14160,13930,14110,9459327
2024-04-12,14160,14275,14050,14085,6572111
2024-04-15,13980,14125,13880,14035,9265774
2024-04-16,13890,13960,13675,13730,10205087
2024-04-17,13835,13910,13610,13615,10990215
2024-04-18,13660,14050,13645,14025,9850925
2024-04-19,13840,13890,13540,13860,13589369
2024-04-22,13995,14205,13875,14015,10309402
2024-04-23,14015,14140,13970,14015,5924381
2024-04-24,14290,14385,14160,14385,8011731
2024-04-25,14220,14360,14140,14145,7321386
2024-04-26,14295,14410,14140,14205,10182139
2024-04-29,14300,14395,14215,14395,9308133
2024-04-30,14430,14485,14345,14395,6047191
2024-05-02,14305,14420,14265,14335,5845554
2024-05-03,14405,14485,14235,14245,9498875
2024-05-07,14465,14515,14275,14290,9114112
2024-05-08,14285,14350,14095,14310,7770835
2024-05-09,14275,14340,14205,14205,6780379
2024-05-10,14300,14320,14090,14100,7673557
2024-05-13,14125,14150,13810,13840,9631504
2024-05-14,13885,14085,13850,13965,12095278
2024-05-16,14170,14255,14005,14040,9004312
2024-05-17,13815,13915,13390,13390,11045796
2024-05-20,13435,13525,13310,13420,17254330
2024-05-21,13500,13500,13345,13435,14645531
2024-05-22,13525,13525,13435,13470,7616156
2024-05-23,13470,13565,13380,13430,7612228
2024-05-24,13285,13430,13235,13305,6034485
2024-05-27,13330,13540,13245,13515,8532092
2024-05-28,13465,13575,13445,13500,4423810
2024-05-29,13470,13470,13230,13255,8287830
2024-05-30,13200,13335,13160,13160,9005925
2024-05-31,13235,13325,13055,13285,8313674
2024-06-03,13290,13435,13240,13385,6141351
2024-06-04,13335,13630,13320,13535,6127768
2024-06-05,13585,13795,13560,13735,13648915
2024-06-07,13865,14100,13790,14100,8487782
2024-06-10,13965,14005,13865,13900,7143120
2024-06-11,13950,14190,13940,14085,5865737
2024-06-12,14155,14210,13995,14100,9527917
2024-06-13,14245,14290,14065,14065,5468265
2024-06-14,14065,14115,13820,13820,8732022
2024-06-17,13750,13940,13685,13805,5734670
2024-06-18,13910,13980,13720,13815,6127991
2024-06-19,13815,13945,13735,13835,7572738
2024-06-20,13850,13940,13690,13765,7979936
2024-06-21,13660,13790,13570,13740,5119560
2024-06-24,13730,13730,13545,13550,5899667
2024-06-25,13535,13675,13515,13615,6759659
2024-06-26,13655,13675,13480,13555,6774526
2024-06-27,13465,13625,13450,13560,5937636
2024-06-28,13570,13630,13505,13590,4508755
2024-07-01,13550,13815,13520,13805,5496378
2024-07-02,13755,13780,13445,13460,8083076
2024-07-03,13610,13805,13570,13795,8386803
2024-07-04,13855,13980,13850,13915,8552343
2024-07-05,13920,14210,13910,14175,7879130
2024-07-08,14150,14365,14145,14365,8737414
2024-07-09,14360,14445,14265,14360,7961492
2024-07-10,14295,14390,14215,14290,7094068
2024-07-11,14385,14425,14155,14170,6463664
2024-07-12,14080,14250,13970,14140,8383012
2024-07-15,14200,14200,14065,14165,4850389
2024-07-16,14165,14165,13895,13915,8101313
2024-07-17,13950,13975,13675,13690,12085645
2024-07-18,13550,13675,13440,13625,14558189
2024-07-19,13530,13765,13510,13730,10559241
2024-07-22,13700,13705,13315,13390,9447861
2024-07-23,13440,13590,13370,13440,12716764
2024-07-24,13295,13590,13280,13485,7923068
2024-07-25,13265,13350,13155,13200,12173048
2024-07-26,13250,13315,13155,13175,13224136
2024-07-29,13250,13405,13195,13380,7097243
2024-07-30,13245,13400,13245,13400,6332442
2024-07-31,13360,13410,13205,13375,7481258
2024-08-01,13450,13575,13410,13560,5362724
2024-08-02,13320,13330,12940,12940,12114592
2024-08-05,12895,12895,11210,11575,30147919
2024-08-06,12015,12490,11925,12310,27393249
2024-08-07,12240,12705,12225,12600,7852730
2024-08-08,12340,12615,12250,12475,7118810
2024-08-09,12760,12930,12690,12805,7574442
2024-08-12,12820,12985,12820,12880,8223161
2024-08-13,12860,12915,12625,12815,6590333
2024-08-14,13030,13030,12945,12970,5424975
2024-08-16,13195,13255,13140,13250,7085330
2024-08-19,13235,13250,13005,13015,6641548
2024-08-20,13140,13195,13070,13155,7314185
2024-08-21,13045,13145,12925,12965,7278521
2024-08-22,13015,13055,12780,12895,7539988
2024-08-23,12765,13015,12750,12975,5600088
2024-08-26,13055,13090,12780,12850,7481438
2024-08-27,12810,12835,12640,12760,6443261
2024-08-28,12780,12795,12650,12765,4959755
2024-08-29,12640,12715,12615,12675,5225587
2024-08-30,12710,12925,12660,12905,4875872
2024-09-02,12900,12975,12830,12975,6895222
2024-09-03,12950,13030,12745,12745,5806534
2024-09-04,12380,12440,12160,12220,8345519
2024-09-05,12310,12350,11985,12155,11578069
2024-09-06,12135,12145,11770,11770,11265523
2024-09-09,11590,11975,11560,11935,16555501
2024-09-10,11900,11985,11720,11725,7099786
2024-09-11,11765,11995,11730,11795,5601439
2024-09-12,12000,12310,12000,12185,6060035
2024-09-13,12185,12260,12060,12260,8417842
2024-09-19,12370,12465,12200,12400,11127338
2024-09-20,12545,12650,12520,12600,8184220
2024-09-23,12625,12845,12570,12790,6579616
2024-09-24,12820,13060,12810,13035,8192909
2024-09-25,13110,13115,12765,12800,8404037
2024-09-26,12920,13175,12870,13175,6441716
2024-09-27,13110,13170,13000,13035,8462836
2024-09-30,13100,13135,12835,12865,6087644
2024-10-02,12760,13065,12710,12930,8674359
2024-10-04,12960,13255,12915,13110,10012921
2024-10-07,13200,13340,13125,13285,9315329
2024-10-08,13210,13360,13190,13265,7219510
2024-10-10,13320,13415,13090,13215,4631944
2024-10-11,13190,13290,13045,13060,7445075
2024-10-14,13060,13085,12880,13000,4376464
2024-10-15,13090,13185,12935,13115,4862573
2024-10-16,13005,13005,12885,12910,6259153
2024-10-17,12945,13010,12820,12900,3745163
2024-10-18,12890,12910,12570,12660,8569730
2024-10-21,12685,12895,12570,12870,8339814
2024-10-22,12845,12850,12425,12435,9706716
2024-10-23,12500,12725,12245,12625,13601283
2024-10-24,12600,12610,12405,12445,6533056
2024-10-25,12505,12545,12260,12320,7977625
2024-10-28,12370,12650,12365,12650,7167081
2024-10-29,12590,12750,12420,12750,8992951
2024-10-30,12690,12750,12555,12570,6100733
2024-10-31,12480,12710,12320,12710,6455323
2024-11-01,12550,12585,12390,12390,7894926
2024-11-04,12420,13065,12335,13040,16385486
2024-11-05,12960,13070,12880,12910,8291266
2024-11-06,13020,13140,12600,12720,10900522
2024-11-07,12685,12700,12320,12480,10694475
2024-11-08,12660,12765,12545,12705,11677627
2024-11-11,12755,12775,12445,12505,8242620
2024-11-12,12505,12550,12205,12310,10044841
2024-11-13,12305,12405,11900,11900,14973607
2024-11-14,12020,12215,11750,11750,21618067
2024-11-15,11645,11970,11580,11900,18107815
2024-11-18,11815,12185,11730,11980,14725983
2024-11-19,11930,11960,11670,11740,10456590
2024-11-20,11815,11870,11635,11645,12818827
2024-11-21,11640,11765,11325,11665,12891532
2024-11-22,11625,11795,11395,11400,14700779
2024-11-25,11550,11960,11550,11905,14824580
2024-11-26,11900,11920,11620,11670,7945510
2024-11-27,11695,11750,11510,11630,11234661
2024-11-28,11710,11780,11605,11665,7907753
2024-11-29,11670,11675,11300,11345,7563243
2024-12-02,11440,11540,11320,11380,11152894
2024-12-03,11415,11750,11415,11645,9310691
2024-12-04,11475,11655,11370,11455,13581667
2024-12-05,11505,11540,11340,11385,10907772
2024-12-06,11400,11415,10980,11335,19474220
2024-12-09,11130,11130,10755,10770,26719976
2024-12-10,10950,11325,10950,11275,31030778
2024-12-11,11275,11470,11215,11345,16372372
2024-12-12,11480,11590,11295,11580,11709088
2024-12-13,11540,11700,11460,11600,8111069
2024-12-16,11730,11755,11555,11615,11866745
2024-12-17,11660,11665,11435,11490,6762173
2024-12-18,11510,11600,11390,11550,6401537
2024-12-19,11240,11360,11180,11245,10378894
2024-12-20,11235,11255,10925,10975,9686866
2024-12-23,11110,11285,11000,11155,14527835
2024-12-24,11205,11270,11135,11225,6202421
2024-12-26,11300,11300,11135,11180,8372497
2024-12-27,11165,11260,10970,11055,7916488
2024-12-30,11010,11335,10975,11275,8504761
2025-01-02,11285,11420,11200,11320,6617459
2025-01-03,11300,11780,11295,11755,10458849
2025-01-06,11735,11985,11725,11935,10182459
2025-01-07,11950,12055,11925,11965,13211149
2025-01-08,11930,12020,11830,12000,6942093
2025-01-09,11980,12070,11880,12025,6467950
2025-01-10,12015,12045,11870,11935,6286945
2025-01-13,11830,11930,11650,11715,6804691
2025-01-14,11780,11965,11730,11930,7073593
2025-01-15,12035,12055,11760,11805,8741847
2025-01-16,11980,12130,11965,12050,8084606
2025-01-17,12020,12080,11990,12065,7068354
2025-01-20,12105,12190,12025,12155,7012631
2025-01-21,12185,12320,12010,12145,7327149
2025-01-22,12205,12320,12180,12265,5831986
2025-01-23,12245,12250,12150,12195,6929284
2025-01-24,12200,12345,12135,12310,5126870
2025-01-31,12230,12315,12065,12315,5580472
2025-02-03,12080,12080,11740,11810,11905423
2025-02-04,11985,12315,11985,12125,9327112
2025-02-05,12225,12370,12225,12340,8240198
2025-02-06,12435,12515,12405,12515,7403368
2025-02-07,12495,12620,12435,12565,9405926
2025-02-10,12510,12660,12360,12645,12216745
2025-02-11,12685,12735,12585,12610,10089604
2025-02-12,12570,12590,12455,12565,6583894
2025-02-13,12645,12710,12520,12590,6442286
2025-02-14,12640,12860,12625,12800,6947409
2025-02-17,12855,13010,12815,12995,9681304
2025-02-18,13020,13060,12900,13055,8414011
2025-02-19,13030,13200,13000,13140,10658785
2025-02-20,13120,13235,12920,12965,9208376
2025-02-21,12955,13140,12925,13110,5828706
2025-02-24,12985,13160,12930,13160,6143802
2025-02-25,12980,13165,12955,13080,4374601
2025-02-26,13050,13185,12995,13090,5105217
2025-02-27,13140,13270,13105,13185,9082512
2025-02-28,12970,12990,12600,12635,11765639
2025-03-04,12550,12585,12400,12575,9844808
2025-03-05,12700,12800,12570,12665,10763644
2025-03-06,12750,12750,12330,12385,11918720
2025-03-07,12300,12460,12215,12250,10996705
2025-03-10,12190,12355,12012,12185,8509104
2025-03-11,11890,12110,11785,12110,8646348
2025-03-12,12085,12295,12065,12180,7200767
2025-03-13,12275,12335,12045,12050,6732795
2025-03-14,12085,12345,12060,12245,8191666
2025-03-17,12360,12545,12250,12545,8654660
2025-03-18,12630,12650,12495,12595,9375912
2025-03-19,12535,12665,12405,12425,7021321
2025-03-20,12540,12545,12110,12110,9810430
2025-03-21,11910,12030,11830,11910,11396642
2025-03-24,11980,12135,11920,12000,12433776
2025-03-25,12065,12085,11800,11830,8999524
2025-03-26,11915,11950,11670,11920,11128851
2025-03-27,11790,11945,11730,11740,8228489
2025-03-28,11775,11780,11470,11505,11746927
2025-03-31,11315,11425,11120,11180,18785617
2025-04-01,11265,11615,11225,11490,25339368
2025-04-02,11490,11540,11250,11325,9481252
2025-04-03,11000,11645,10980,11325,12513845
2025-04-04,11210,11680,11150,11410,23067546
2025-04-07,10925,11065,10735,10735,17654106
2025-04-08,11000,11095,10830,10900,24626527
2025-04-09,10825,10885,10495,10610,17032749
2025-04-10,11245,11345,11080,11295,18657059
2025-04-11,11120,11510,11100,11480,15811189
2025-04-14,11550,11755,11520,11725,13011816
2025-04-15,11685,11765,11570,11710,8200102
2025-04-16,11655,11665,11385,11385,8596431
2025-04-17,11455,11700,11455,11675,7159900
2025-04-18,11680,11780,11585,11780,6956176
2025-04-21,11745,11860,11645,11690,8671706
2025-04-22,11645,11755,11620,11700,6901073
2025-04-23,11870,11960,11805,11940,7755227
2025-04-24,11925,12000,11845,11910,7201694
2025-04-25,11970,12040,11910,11910,7821468
2025-04-28,11925,11985,11680,11740,12223552
2025-04-29,11765,11895,11735,11800,7191963
2025-04-30,11800,11855,11570,11645,11071665
2025-05-02,11620,11860,11565,11795,8789803
2025-05-07,11865,11865,11605,11700,8181868
2025-05-08,11750,11855,11720,11815,9453368
2025-05-09,11815,11830,11585,11655,7711224
2025-05-12,11680,11695,11520,11670,10185061
2025-05-13,11780,11925,11770,11785,8536494
2025-05-14,11775,11905,11620,11865,10990028
2025-05-15,11775,11885,11755,11770,9275170
2025-05-16,11800,11800,11572,11625,6954976
2025-05-19,11515,11565,11330,11450,10125503
2025-05-20,11560,11640,11390,11405,8608932
2025-05-21,11490,11655,11475,11545,8234234
2025-05-22,11505,11555,11405,11525,8140527
2025-05-23,11585,11585,11430,11490,7097866
2025-05-26,11575,11760,11555,11660,8477353
2025-05-27,11690,11750,11610,11750,5647050
2025-05-28,11795,11915,11765,11790,9717505
2025-05-29,11905,11950,11840,11910,7616909
2025-05-30,11860,11985,11830,11905,6067426
2025-06-02,11880,12070,11860,12020,7180038
2025-06-04,12125,12225,12080,12105,10245846
2025-06-05,12110,12360,12100,12170,10597546
2025-06-09,12265,12370,12200,12325,8951645
2025-06-10,12415,12550,12305,12520,11192344
2025-06-11,12610,12895,12595,12835,13760499
2025-06-12,12845,13010,12835,12855,9864323
2025-06-13,12925,12940,12320,12470,16075108
2025-06-16,12510,12640,12405,12565,11026181
2025-06-17,12575,12760,12370,12505,10700805
2025-06-18,12410,12665,12400,12535,8451657
2025-06-19,12630,12630,12440,12605,7474644
2025-06-20,12615,12830,12540,12795,10684302
2025-06-23,12610,12640,12470,12640,11885784
2025-06-24,12870,13010,12855,12920,9460887
2025-06-25,12995,12995,12790,12885,7737732
2025-06-26,12915,12935,12590,12730,12870764
2025-06-27,12750,12790,12555,12650,10644982
2025-06-30,12675,12715,12570,12650,7104270
2025-07-01,12655,12740,12595,12595,7409495
2025-07-02,12605,12720,12445,12680,9904048
2025-07-03,12725,12955,12680,12905,10562602
2025-07-04,12895,12910,12525,12525,11612111
2025-07-07,12500,12670,12425,12645,12306222
2025-07-08,12645,12725,12550,12715,8973417
2025-07-09,12675,12820,12675,12785,10593056
2025-07-10,12825,13000,12800,12985,14181451
2025-07-11,12990,13135,12977,13015,11622895
2025-07-14,13075,13115,12930,13025,7509340
2025-07-15,13005,13335,12970,13335,14424725
2025-07-16,13265,13400,13205,13365,11037946
2025-07-17,13405,13585,13305,13585,11040310
2025-07-18,13655,13760,13595,13705,12356931
2025-07-21,13665,13760,13620,13670,7381000
2025-07-22,13705,13840,13410,13495,12133277
2025-07-23,13565,13590,13335,13555,9146518
2025-07-24,13600,13720,13505,13535,9745459
2025-07-25,13490,13555,13430,13440,6523202
2025-07-28,13505,13555,13335,13465,9595638
2025-07-29,13445,13480,13280,13410,8979124
2025-07-30,13395,13540,13370,13385,6654716
2025-07-31,13455,13485,13260,13445,10540403
2025-08-01,13230,13230,12795,12795,11732042
2025-08-04,12835,13105,12785,13005,9212549
2025-08-05,13170,13390,13160,13310,9244561
2025-08-06,13210,13400,13165,13395,7587661
2025-08-07,13420,13425,13315,13375,5850144
2025-08-08,13400,13520,13385,13440,7418370
2025-08-11,13450,13560,13355,13530,8890145
2025-08-12,13570,13690,13435,13450,7790302
2025-08-13,13625,13665,13450,13665,7721065
2025-08-14,13695,13720,13605,13710,9488363
2025-08-18,13615,13710,13355,13355,8190490
2025-08-19,13415,13425,13155,13200,9021387
2025-08-20,13065,13120,12895,13090,9343880
2025-08-21,13095,13220,12980,13020,8117115
2025-08-22,13065,13180,12995,13105,11423963
2025-08-25,13285,13410,13255,13375,7787768
2025-08-26,13315,13480,13280,13460,9355825
2025-08-27,13435,13480,13357,13445,7795756
2025-08-28,13365,13415,13275,13335,7716954
2025-08-29,13390,13470,13220,13260,7213927
2025-09-01,13235,13330,13060,13135,6022690
2025-09-02,13205,13295,13085,13270,6159614
2025-09-03,13235,13295,13120,13285,7711656
2025-09-04,13315,13460,13295,13395,7310734
2025-09-05,13505,13565,13425,13540,8594126
2025-09-08,13650,13685,13545,13675,8305307
2025-09-09,13695,13755,13590,13725,8936498
2025-09-10,13770,13870,13765,13855,7673013
2025-09-11,13870,13930,13770,13835,8636924
2025-09-12,13935,14135,13925,14105,9748305
2025-09-15,14165,14220,14025,14175,11127327
2025-09-16,14210,14230,14130,14190,8734889
2025-09-17,14125,14160,14005,14040,8702620
2025-09-18,14180,14235,14110,14205,6384041
2025-09-19,14205,14310,14135,14300,12608510
2025-09-22,14455,14650,14370,14610,11883427
2025-09-23,14660,14675,14385,14520,11310937
2025-09-24,14500,14525,14070,14260,12850305
2025-09-25,14190,14285,14025,14110,10330478
2025-09-26,13975,13985,13720,13840,10306412
2025-09-29,13930,14065,13865,14030,6254589
2025-09-30,14010,14045,13920,13950,8865057
2025-10-01,13990,14100,13965,13985,4723206
2025-10-02,14190,14210,14075,14110,8202866
2025-10-10,14245,14280,14030,14180,9699096
2025-10-13,13905,14232,13825,14175,7789976
2025-10-14,14225,14400,13795,13940,11436324
2025-10-15,14065,14165,13945,14135,9109468
2025-10-16,14170,14260,14090,14220,8757956
2025-10-17,14145,14575,14125,14300,10599797
2025-10-20,14440,14730,14360,14650,10064553
2025-10-21,14770,14830,14520,14625,10578722
2025-10-22,14625,14775,14560,14770,8928627
2025-10-23,14655,14785,14545,14620,8808042
2025-10-24,14760,14915,14715,14845,7792401
2025-10-27,15010,15395,14950,15395,17048199
2025-10-28,15375,15440,15240,15420,9486502
2025-10-29,15475,15490,15210,15325,9621204
2025-10-30,15385,15470,15035,15225,9638017
2025-10-31,15245,15465,15215,15365,6969429
2025-11-03,15515,15730,15370,15730,9858888
2025-11-04,15810,16275,15755,16110,20238772
2025-11-05,16040,16040,15110,15635,19008316
2025-11-06,15855,15970,15415,15620,12817499
2025-11-07,15370,15530,14970,15185,13018309
2025-11-10,15270,15355,15045,15320,12109819
2025-11-11,15370,15575,15060,15215,11868982
2025-11-12,15360,15775,15300,15775,8687084
2025-11-13,15810,16085,15715,16085,11610086
2025-11-14,15725,15935,15640,15705,10513878
2025-11-17,15800,15870,15675,15800,7911866
2025-11-18,15755,15825,15290,15435,11131564
2025-11-19,15440,15485,14910,15225,10308454
2025-11-20,15470,15735,15440,15630,7805232
2025-11-21,15185,15250,15015,15085,10493228
2025-11-24,15230,15245,14745,14840,10692622
2025-11-25,15015,15090,14700,14775,8795020
2025-11-26,14935,15210,14855,15165,6351965
2025-11-27,15265,15300,15170,15200,8103646
2025-11-28,15540,15900,15500,15900,14110526
2025-12-01,16090,16375,16040,16135,21658747
2025-12-02,16115,16180,15945,16150,13460355
2025-12-03,16210,16265,16020,16130,10583727
2025-12-04,16095,16235,15865,16000,12168269
2025-12-05,15955,16020,15605,15740,14893285
2025-12-08,15850,15950,15780,15950,8595108
2025-12-09,15900,16050,15855,15965,7910453
2025-12-10,15965,16115,15850,16055,6092954
2025-12-11,16080,16125,15825,15920,8337468
2025-12-12,15815,15970,15720,15825,7379632
2025-12-15,15590,15825,15495,15810,5028784
2025-12-16,15745,15745,15380,15380,8755584
2025-12-17,15440,15490,15245,15325,8576249
2025-12-18,15125,15210,14995,15050,10617270
2025-12-19,15175,15490,14970,15265,10466827
2025-12-22,15415,15505,15365,15445,11117906
2025-12-23,15480,15520,15330,15350,8155219
2025-12-24,15390,15395,15205,15240,6711730
2025-12-26,15335,15445,15230,15380,11834426
2025-12-29,15415,15620,15360,15580,8066700
2025-12-30,15470,15545,15345,15430,5533479
2026-01-02,15475,15840,15475,15820,8301551
2026-01-05,15895,16050,15790,15995,12776012
2026-01-06,16055,16130,15945,16060,10490220
2026-01-07,16040,16080,15750,15910,9468456
2026-01-08,15910,16005,15845,15895,11939575
2026-01-09,15930,15940,15670,15915,8973680
2026-01-12,15915,16100,15700,15855,9081469
2026-01-13,15925,15955,15745,15870,7861385
2026-01-14,15890,15895,15605,15700,11149854
2026-01-15,15685,15840,15605,15840,8106404
2026-01-16,15810,15995,15630,15970,13481148
2026-01-19,15870,16140,15830,16130,9948996
2026-01-20,16195,16495,15950,16220,15445267
2026-01-21,15885,15975,15185,15440,25249368
2026-01-22,15650,15915,15550,15880,26876844
2026-01-23,16015,16570,15965,16570,27706461
2026-01-26,16940,18435,16620,18435,126609929
2026-01-27,18225,19115,18170,18905,104409453
2026-01-28,19155,20350,19105,20320,119888041
2026-01-29,20890,21250,19665,20915,158768767
2026-01-30,20840,21390,20500,20500,130310297
2026-02-02,20045,20515,19165,19295,112395260
2026-02-03,20150,20150,19675,20145,70128968
2026-02-04,19995,20450,19815,20040,68862032
2026-02-05,19700,19990,19080,19175,43864491
2026-02-06,18510,18875,18100,18530,53512857
2026-02-09,19175,19715,19015,19585,45313037
2026-02-10,19600,19865,19110,19110,35369394
2026-02-11,19260,19430,19060,19085,31129403
2026-02-12,19170,19415,18950,19345,25054066
2026-02-13,19095,19240,18865,18955,33590542
2026-02-19,19350,20465,19120,20345,64632195
2026-02-20,20400,20445,20010,20225,39899628
2026-02-23,20510,20620,19815,19965,49106762
2026-02-24,20140,20270,19875,20145,27957043
2026-02-25,20330,20340,20000,20160,35477947
2026-02-26,20350,21040,20085,21015,60737980
2026-02-27,20600,21330,20545,21100,52766873
2026-03-03,20740,21725,20000,20000,94352864
2026-03-04,19490,19775,17055,17060,126065387
2026-03-05,18540,20840,18455,19575,132506974
2026-03-06,19710,20690,19345,20530,63808231
2026-03-09,19400,19945,19075,19810,68786254
2026-03-10,20870,20890,19890,20080,58479592
2026-03-11,20400,20515,19475,19680,45619166
2026-03-12,19515,19925,19405,19775,27674765
2026-03-13,19300,20060,19270,19925,26320433
2026-03-16,19920,20065,19350,19640,26176989
2026-03-17,19975,20165,19640,19650,22044620
2026-03-18,20000,20265,19915,20205,26315549
2026-03-19,19700,20015,19675,19785,23756975
2026-03-20,20005,20255,19820,20090,23997305
2026-03-23,19480,19535,18885,19010,39308068
2026-03-24,19665,19690,19010,19410,29561918
2026-03-25,19790,20190,19720,20100,25719443
2026-03-26,20310,20460,19660,19750,34551658
2026-03-27,19350,19895,19050,19830,24277306
2026-03-30,19040,19355,18975,19220,22890014
2026-03-31,19015,19100,18005,18155,39006376
2026-04-01,18875,19440,18780,19220,38387187
2026-04-02,19490,19510,17685,18060,43432763
2026-04-03,18415,18500,17890,18080,25027645
2026-04-06,18115,18430,17810,17815,19905707
2026-04-07,17935,18385,17590,17745,17120815
2026-04-08,18700,18860,18445,18710,21104847
2026-04-09,18710,18770,18245,18415,22855036
2026-04-10,18665,18700,18460,18575,16465847
2026-04-13,18225,18610,18175,18540,17655272
2026-04-14,18930,18950,18655,18725,14424299
2026-04-15,19050,19495,18970,19415,22543806
2026-04-16,19655,19690,19450,19550,18607468
2026-04-17,19650,19650,19375,19550,15715877
2026-04-20,19590,19965,19400,19700,22115229
2026-04-21,19940,19950,19760,19900,18397769
2026-04-22,19955,19965,19440,19870,23795291
2026-04-23,20050,20050,19320,19715,25935928
2026-04-24,19745,20300,19625,20295,24635163
2026-04-27,20455,20790,20350,20670,34160332
2026-04-28,20590,20640,20250,20415,31211405
2026-04-29,20360,20590,20210,20490,19942843
2026-04-30,20485,20500,19800,19855,25146380
2026-05-04,20125,20390,20105,20175,15015109
2026-05-06,20365,20380,19920,20235,30057142
2026-05-07,20300,20585,20040,20050,26398107
2026-05-08,20080,20310,19912,20125,20196036
2026-05-11,20170,20210,19760,20060,32926711
2026-05-12,20130,20510,18920,19535,42413995
2026-05-13,19580,19720,19065,19540,31723573
2026-05-14,19755,19910,19320,19910,24338728
2026-05-15,20045,20050,18445,18975,35700684
2026-05-18,18775,18805,17865,18490,33700934
2026-05-19,18640,19000,17765,18140,23801739
2026-05-20,18020,18075,17335,17590,32976105
2026-05-21,18055,18870,18025,18595,21171171
2026-05-22,18985,20095,18900,19780,33925088
2026-05-26,20400,20800,19960,19995,31011970
2026-05-27,20085,20295,19390,19465,25116723
2026-05-28,19630,19685,18450,19120,26201010
2026-05-29,19350,19355,18425,18730,31730935
2026-06-01,18725,19040,18330,18410,45055772
2026-06-02,18350,18650,17760,17955,54103322
2026-06-04,18105,18890,18105,18570,47731365
2026-06-05,18045,18300,17490,17555,30580914
2026-06-08,16225,16725,15610,15790,48721859
2026-06-09,16140,17260,16140,16760,50766912
2026-06-10,16520,17355,16195,16560,33065355
2026-06-11,16345,17645,15930,17635,24599920
2026-06-12,18360,18697,17920,18015,35357752
2026-06-15,18520,18720,18070,18295,15953181
2026-06-16,18300,18305,17750,17760,22126105
2026-06-17,17930,18380,17695,18215,21521621
2026-06-18,18135,18250,17600,17650,19545700
2026-06-19,17670,17725,16725,16965,39444798
2026-06-22,16800,17490,16750,17380,38144245
2026-06-23,17235,17480,15890,15930,36670381
2026-06-24,16105,16630,15845,16310,41282887
2026-06-25,16495,16770,15870,15870,23980856
2026-06-26,15865,16090,15085,15260,33024532
2026-06-29,15545,16740,15490,16710,40647187
2026-06-30,16700,16980,16365,16565,32404429
2026-07-01,16600,17400,16240,16625,27274764
2026-07-02,16135,16165,15300,15480,31880046
2026-07-03,15520,15600,14460,15230,45746898
2026-07-06,15225,15365,14390,14730,33464699
2026-07-07,14695,15300,14140,14535,33225529
2026-07-08,14205,14360,13435,13565,44622523
2026-07-09,13630,14365,13485,13770,50972699
2026-07-10,13800,14685,13745,14420,29742727
2026-07-13,14510,15080,13705,13800,48654336
2026-07-14,13785,13895,12710,13410,54270287
2026-07-15,13870,14405,13845,14345,29735455
2026-07-16,14010,14075,13460,13580,30998916
2026-07-20,13240,13500,12570,12610,47425229
2026-07-21,12575,12785,12225,12650,35975233
2026-07-22,13040,13360,12525,12525,27290890
2026-07-23,12745,13410,12715,13400,28512130
2026-07-24,13085,13120,12470,12510,29374071
2026-07-27,12795,13220,12635,12950,26408413
2026-07-28,12375,12440,11565,11845,36980364
2026-07-29,11985,12110,10430,11125,72213743
2026-07-30,10865,11400,10590,10605,65828695
2026-07-31,11370,12340,11275,12100,50479494
2026-08-03,11725,12880,11675,12470,46237248
2026-08-04,12760,13370,12680,13330,66609737
2026-08-05,13700,13710,13235,13545,30832052
2026-08-06,13545,13950,13140,13580,35447884
2026-08-07,13700,13955,13050,13605,25159454
2026-08-10,13810,14810,13720,14780,54948586
2026-08-11,14655,15200,14410,14780,52590474
2026-08-12,14685,14790,14305,14705,29279260
2026-08-13,14710,14985,14545,14800,29588942
2026-08-14,14890,15220,14405,14830,34894164
2026-08-18,14855,15090,14135,14190,47088437
2026-08-19,13760,14550,13625,14230,33206929
2026-08-20,14700,14820,14420,14615,23549412
2026-08-21,14235,14240,13660,13810,35849575
2026-08-24,13810,14260,13805,14075,39650206
2026-08-25,13860,14300,13400,14300,27268863
2026-08-26,14240,14395,14000,14200,22728928
2026-08-27,14125,14525,14120,14500,26133274
2026-08-28,14385,14570,14280,14475,27689785
2026-08-31,14100,14370,13760,14370,36010511
2026-09-01,14230,14345,13870,13950,35170765
2026-09-02,13530,13985,13435,13620,34464677
