Date,Open,High,Low,Close,Volume
2006-06-21,4.406,4.4944,4.406,4.4639,2719200
2006-06-22,4.4278,4.4278,4.3942,4.4266,606000
2006-06-23,4.4085,4.4533,4.3923,4.411,967200
2006-06-26,4.4135,4.434,4.3867,4.434,2295600
2006-06-27,4.4371,4.4371,4.332,4.337,946800
2006-06-28,4.3451,4.3743,4.327,4.3687,584400
2006-06-29,4.4104,4.5441,4.4104,4.5429,1513200
2006-06-30,4.569,4.569,4.5255,4.541,465600
2006-07-03,4.5503,4.5783,4.5503,4.5783,331200
2006-07-05,4.5248,4.5335,4.4975,4.5155,584400
2006-07-06,4.5491,4.5964,4.5447,4.5771,1147200
2006-07-07,4.5255,4.5335,4.4502,4.4695,2456400
2006-07-10,4.495,4.5317,4.4614,4.4738,1243200
2006-07-11,4.4689,4.5062,4.416,4.4975,2047200
2006-07-12,4.5006,4.5012,4.3886,4.3892,1320000
2006-07-13,4.3513,4.3556,4.2486,4.253,2526000
2006-07-14,4.2424,4.2424,4.1547,4.1752,2329200
2006-07-17,4.2082,4.2182,4.1603,4.1815,2010000
2006-07-18,4.2325,4.2325,4.1336,4.2207,1717200
2006-07-19,4.286,4.4085,4.2661,4.3836,2227200
2006-07-20,4.4085,4.4135,4.3183,4.3264,878400
2006-07-21,4.2312,4.3233,4.2312,4.2729,1042800
2006-07-24,4.3351,4.4166,4.3121,4.4085,2084400
2006-07-25,4.4104,4.4788,4.3737,4.457,2660400
2006-07-26,4.4415,4.4944,4.4098,4.4552,1159200
2006-07-27,4.5093,4.5192,4.4409,4.4539,1473600
2006-07-28,4.5161,4.5659,4.4987,4.5435,1186800
2006-07-31,4.513,4.5391,4.5112,4.5192,562800
2006-08-01,4.4975,4.4975,4.4334,4.4701,553200
2006-08-02,4.5112,4.5516,4.4931,4.5217,903600
2006-08-03,4.4912,4.5827,4.4912,4.5597,1044000
2006-08-04,4.6132,4.6561,4.5217,4.5653,1795200
2006-08-07,4.5528,4.5553,4.5223,4.5454,139200
2006-08-08,4.5559,4.5889,4.4801,4.5031,1832400
2006-08-09,4.5584,4.5634,4.4216,4.4278,976800
2006-08-10,4.429,4.485,4.4042,4.4645,938400
2006-08-11,4.4558,4.4558,4.4079,4.4421,712800
2006-08-14,4.485,4.541,4.4384,4.4452,1122000
2006-08-15,4.5255,4.574,4.4968,4.5454,1665600
2006-08-16,4.5827,4.6399,4.5771,4.6337,8468400
2006-08-17,4.6281,4.6735,4.4937,4.648,1952400
2006-08-18,4.6592,4.6816,4.6331,4.6779,705600
2006-08-21,4.6443,4.6592,4.6362,4.6542,547200
2006-08-22,4.6468,4.6822,4.6113,4.6455,688800
2006-08-23,4.6505,4.6698,4.5846,4.6032,794400
2006-08-24,4.625,4.6331,4.5939,4.6157,712800
2006-08-25,4.597,4.6237,4.592,4.6094,460800
2006-08-28,4.607,4.6853,4.602,4.6567,639600
2006-08-29,4.653,4.676,4.6144,4.676,1003200
2006-08-30,4.6748,4.6965,4.6642,4.686,621600
2006-08-31,4.6872,4.699,4.6772,4.6866,292800
2006-09-01,4.7108,4.7562,4.694,4.7457,546000
2006-09-05,4.7282,4.7631,4.7264,4.7525,924000
2006-09-06,4.7158,4.7245,4.6878,4.6947,590400
2006-09-07,4.6679,4.6841,4.6281,4.6368,914400
2006-09-08,4.653,4.6934,4.6461,4.6835,364800
2006-09-11,4.6685,4.7071,4.6449,4.6816,248400
2006-09-12,4.7003,4.8209,4.699,4.7649,543600
2006-09-13,4.7575,4.8278,4.7575,4.8054,524400
2006-09-14,4.7961,4.8147,4.7724,4.7961,529200
2006-09-15,4.8583,4.8645,4.8328,4.8508,902400
2006-09-18,4.8147,4.8483,4.8017,4.8247,462000
2006-09-19,4.8209,4.8209,4.76,4.8147,404400
2006-09-20,4.852,4.8999,4.839,4.88,2360400
2006-09-21,4.8863,4.8863,4.7817,4.8054,639600
2006-09-22,4.7942,4.7979,4.7544,4.7743,680400
2006-09-25,4.8116,4.8651,4.7612,4.8377,511200
2006-09-26,4.8303,4.9366,4.8303,4.9086,610800
2006-09-27,4.9105,4.9485,4.8981,4.9267,1276800
2006-09-28,4.9491,4.9503,4.8987,4.9391,625200
2006-09-29,4.941,4.9628,4.9068,4.9068,834000
2006-10-02,4.9018,4.9429,4.8831,4.9037,700800
2006-10-03,4.88,4.9789,4.88,4.9528,702000
2006-10-04,4.9491,5.0592,4.9441,5.0573,1231200
2006-10-05,5.0629,5.094,5.0387,5.0766,572400
2006-10-06,5.0362,5.0629,5.0225,5.0629,489600
2006-10-09,5.0449,5.0754,5.0306,5.0586,1323600
2006-10-10,5.0666,5.071,5.0374,5.0654,290400
2006-10-11,5.0306,5.0747,5.0063,5.053,474000
2006-10-12,5.104,5.1432,5.0903,5.132,1209600
2006-10-13,5.1276,5.1494,5.1009,5.1494,444000
2006-10-16,5.132,5.173,5.132,5.1587,475200
2006-10-17,5.1289,5.1525,5.0791,5.1419,842400
2006-10-18,5.2135,5.2135,5.1338,5.1662,1030800
2006-10-19,5.1512,5.196,5.1506,5.1873,351600
2006-10-20,5.1637,5.1861,5.1351,5.1755,696000
2006-10-23,5.1724,5.2825,5.168,5.2669,838800
2006-10-24,5.2626,5.2912,5.2551,5.2875,757200
2006-10-25,5.28,5.2999,5.2439,5.2844,1186800
2006-10-26,5.3043,5.3136,5.2539,5.3018,566400
2006-10-27,5.2725,5.2981,5.2358,5.2539,646800
2006-10-30,5.239,5.2694,5.2066,5.2396,668400
2006-10-31,5.2539,5.2576,5.1861,5.2302,687600
2006-11-01,5.2645,5.2719,5.1743,5.1948,1255200
2006-11-02,5.168,5.1898,5.1488,5.1768,916800
2006-11-03,5.1942,5.2128,5.1382,5.1568,1119600
2006-11-06,5.178,5.2669,5.1724,5.2539,981600
2006-11-07,5.2813,5.331,5.275,5.3005,1113600
2006-11-08,5.2545,5.3323,5.2545,5.3254,1120800
2006-11-09,5.3254,5.331,5.2477,5.2676,1764000
2006-11-10,5.2738,5.275,5.2377,5.2632,742800
2006-11-13,5.2508,5.3204,5.2508,5.2844,1288800
2006-11-14,5.3086,5.3764,5.252,5.369,688800
2006-11-15,5.3777,5.4306,5.3777,5.4038,956400
2006-11-16,5.4287,5.4617,5.4069,5.4461,866400
2006-11-17,5.4237,5.4766,5.4237,5.4766,705600
2006-11-20,5.4604,5.4872,5.4442,5.4598,560400
2006-11-21,5.4604,5.4741,5.4411,5.4585,567600
2006-11-22,5.4679,5.4928,5.4461,5.4697,582000
2006-11-24,5.4119,5.4542,5.4082,5.4274,436800
2006-11-27,5.4119,5.4119,5.2763,5.2781,1386000
2006-11-28,5.2676,5.3049,5.2433,5.2931,1224000
2006-11-29,5.3372,5.3858,5.3229,5.3746,1005600
2006-11-30,5.3901,5.4187,5.3198,5.3883,1101600
2006-12-01,5.392,5.392,5.2576,5.3553,1216800
2006-12-04,5.3627,5.4467,5.3627,5.4181,552000
2006-12-05,5.4225,5.4679,5.4169,5.466,632400
2006-12-06,5.466,5.4697,5.4349,5.4492,418800
2006-12-07,5.4809,5.4884,5.405,5.4231,834000
2006-12-08,5.4181,5.4641,5.387,5.4374,590400
2006-12-11,5.4486,5.4772,5.443,5.4604,278400
2006-12-12,5.4536,5.4561,5.3914,5.4467,792000
2006-12-13,5.4934,5.4934,5.4374,5.4529,478800
2006-12-14,5.4505,5.5456,5.4505,5.5332,925200
2006-12-15,5.5718,5.5917,5.5568,5.5668,1365600
2006-12-18,5.5705,5.5935,5.545,5.5581,921600
2006-12-19,5.5089,5.5954,5.5089,5.5817,1004400
2006-12-20,5.6471,5.6471,5.5656,5.5811,1393200
2006-12-21,5.5798,5.5872,5.5185,5.5441,541200
2006-12-22,5.5205,5.5205,5.4754,5.4822,675600
2006-12-26,5.4741,5.5273,5.4721,5.5273,356400
2006-12-27,5.5798,5.6168,5.573,5.6168,540000
2006-12-28,5.6168,5.6309,5.5892,5.6127,477600
2006-12-29,5.6127,5.6269,5.565,5.5865,636000
2007-01-03,5.643,5.6787,5.5219,5.5744,1249200
2007-01-04,5.5609,5.604,5.5232,5.5851,788400
2007-01-05,5.5562,5.5562,5.4855,5.497,723600
2007-01-08,5.4808,5.5562,5.4586,5.538,609600
2007-01-09,5.5468,5.5663,5.4916,5.5353,610800
2007-01-10,5.4943,5.5582,5.4754,5.5562,477600
2007-01-11,5.565,5.6376,5.565,5.6134,723600
2007-01-12,5.6047,5.6632,5.5959,5.6504,710400
2007-01-16,5.6504,5.67,5.6336,5.6659,540000
2007-01-17,5.6545,5.6955,5.6477,5.674,442800
2007-01-18,5.6868,5.6942,5.641,5.6504,778800
2007-01-19,5.6336,5.67,5.6269,5.6491,741600
2007-01-22,5.6316,5.6316,5.5475,5.5757,1111200
2007-01-23,5.5643,5.6296,5.5643,5.6269,620400
2007-01-24,5.6437,5.6975,5.6329,5.6975,745200
2007-01-25,5.6807,5.6888,5.5757,5.5959,1093200
2007-01-26,5.6127,5.6127,5.5246,5.5663,700800
2007-01-29,5.5798,5.6141,5.5703,5.571,344400
2007-01-30,5.5777,5.61,5.565,5.61,739200
2007-01-31,5.6067,5.7144,5.6013,5.6908,966000
2007-02-01,5.7164,5.742,5.6942,5.7325,745200
2007-02-02,5.7312,5.742,5.7063,5.7117,838800
2007-02-05,5.7103,5.7379,5.6955,5.7198,445200
2007-02-06,5.7258,5.7366,5.6989,5.7245,896400
2007-02-07,5.7346,5.7642,5.7009,5.7299,672000
2007-02-08,5.7137,5.7211,5.6464,5.6996,1432800
2007-02-09,5.7211,5.7332,5.6215,5.6572,634800
2007-02-12,5.6551,5.6673,5.6074,5.6228,900000
2007-02-13,5.6774,5.7211,5.6726,5.7144,718800
2007-02-14,5.7346,5.8147,5.7124,5.7972,1266000
2007-02-15,5.8126,5.8349,5.7951,5.8227,624000
2007-02-16,5.8133,5.82,5.7817,5.82,1526400
2007-02-20,5.8012,5.8369,5.7561,5.8274,710400
2007-02-21,5.7904,5.814,5.7608,5.7951,919200
2007-02-22,5.8153,5.8153,5.7157,5.7554,1956000
2007-02-23,5.7299,5.7312,5.7043,5.7285,1281600
2007-02-26,5.7877,5.7877,5.6827,5.707,667200
2007-02-27,5.6639,5.6639,5.2284,5.2836,6498000
2007-02-28,5.3395,5.4492,5.287,5.3725,5778000
2007-03-01,5.25,5.3852,5.1961,5.3449,2676000
2007-03-02,5.3105,5.3482,5.2331,5.2331,3234000
2007-03-05,5.1672,5.3004,5.1672,5.1752,3801600
2007-03-06,5.2668,5.3294,5.2197,5.3186,2060400
2007-03-07,5.3226,5.3597,5.2971,5.3058,2408400
2007-03-08,5.3684,5.3994,5.33,5.3644,1960800
2007-03-09,5.4095,5.4182,5.3375,5.3879,1272000
2007-03-12,5.3617,5.433,5.3489,5.4048,1368000
2007-03-13,5.3469,5.3819,5.2035,5.2129,2436000
2007-03-14,5.2419,5.2668,5.0898,5.2668,3666000
2007-03-15,5.2392,5.2991,5.2277,5.2755,1243200
2007-03-16,5.2796,5.2937,5.2129,5.2331,1282800
2007-03-19,5.2924,5.3321,5.2762,5.3274,1148400
2007-03-20,5.33,5.3819,5.3173,5.3812,544800
2007-03-21,5.396,5.5454,5.3603,5.5131,2094000
2007-03-22,5.5131,5.538,5.4835,5.532,1658400
2007-03-23,5.5165,5.5724,5.5165,5.5448,680400
2007-03-26,5.5461,5.5461,5.4485,5.5259,1032000
2007-03-27,5.4935,5.4995,5.4549,5.4732,740400
2007-03-28,5.4421,5.4421,5.3467,5.4049,1155600
2007-03-29,5.4468,5.4468,5.3549,5.4292,981600
2007-03-30,5.4245,5.4799,5.3373,5.436,1100400
2007-04-02,5.4509,5.4549,5.4002,5.4461,546000
2007-04-03,5.5043,5.582,5.5043,5.5577,1033200
2007-04-04,5.5712,5.5827,5.5475,5.5726,512400
2007-04-05,5.5597,5.6125,5.5543,5.6016,424800
2007-04-09,5.6125,5.63,5.601,5.6057,710400
2007-04-10,5.6152,5.6294,5.5983,5.6185,506400
2007-04-11,5.6057,5.6057,5.5117,5.5388,1327200
2007-04-12,5.4914,5.5976,5.4914,5.5976,853200
2007-04-13,5.6165,5.6449,5.5638,5.6449,609600
2007-04-16,5.6889,5.747,5.6889,5.7396,458400
2007-04-17,5.7463,5.8004,5.7382,5.7808,768000
2007-04-18,5.772,5.839,5.7477,5.8119,852000
2007-04-19,5.7571,5.8376,5.7571,5.8106,1248000
2007-04-20,5.9417,5.9613,5.9012,5.96,882000
2007-04-23,5.9634,5.9701,5.914,5.9208,1081200
2007-04-24,5.9275,5.9769,5.8998,5.9424,886800
2007-04-25,5.9985,6.0884,5.9593,6.0668,1044000
2007-04-26,6.0871,6.1094,6.0526,6.0884,1440000
2007-04-27,6.0553,6.1209,6.0553,6.0966,789600
2007-04-30,6.0844,6.1337,6.0431,6.0458,1102800
2007-05-01,6.0709,6.1121,6.0208,6.1108,1726800
2007-05-02,6.1446,6.2203,6.1398,6.1838,1870800
2007-05-03,6.1845,6.2149,6.1703,6.2108,1392000
2007-05-04,6.2169,6.25,6.1993,6.248,1963200
2007-05-07,6.2622,6.2778,6.2412,6.269,880800
2007-05-08,6.2277,6.2811,6.2061,6.2811,3692400
2007-05-09,6.2717,6.3366,6.2602,6.3312,2107200
2007-05-10,6.2609,6.2974,6.1858,6.1959,3178800
2007-05-11,6.248,6.3048,6.2223,6.3021,2302800
2007-05-14,6.3122,6.3406,6.2642,6.3183,1582800
2007-05-15,6.3217,6.436,6.3217,6.3609,1952400
2007-05-16,6.3934,6.4569,6.3352,6.4569,2125200
2007-05-17,6.4245,6.4799,6.4157,6.4414,3092400
2007-05-18,6.4907,6.5185,6.4738,6.5185,2209200
2007-05-21,6.5164,6.5414,6.484,6.484,4202400
2007-05-22,6.511,6.5401,6.484,6.484,1479600
2007-05-23,6.5245,6.5597,6.4671,6.4813,2047200
2007-05-24,6.5043,6.5752,6.3873,6.3974,4976400
2007-05-25,6.4454,6.4677,6.4137,6.4677,1206000
2007-05-29,6.484,6.5124,6.4197,6.4826,1112400
2007-05-30,6.411,6.5827,6.411,6.5759,1846800
2007-05-31,6.5962,6.6192,6.5617,6.5698,1676400
2007-06-01,6.6226,6.6341,6.5746,6.605,1572000
2007-06-04,6.5847,6.63,6.5698,6.6104,1112400
2007-06-05,6.5617,6.58,6.4975,6.5387,1681200
2007-06-06,6.4995,6.4995,6.3866,6.4082,2221200
2007-06-07,6.388,6.4285,6.2047,6.2047,4588800
2007-06-08,6.2412,6.3717,6.2115,6.3589,4435200
2007-06-11,6.3819,6.4137,6.3305,6.3616,1441200
2007-06-12,6.3143,6.3826,6.2473,6.2541,2218800
2007-06-13,6.3048,6.4279,6.2784,6.4224,2269200
2007-06-14,6.459,6.5185,6.4461,6.4975,2337600
2007-06-15,6.5854,6.626,6.5651,6.5739,2512800
2007-06-18,6.5834,6.5928,6.5408,6.5469,1312800
2007-06-19,6.5354,6.5827,6.5083,6.5678,1917600
2007-06-20,6.5962,6.6023,6.4231,6.4231,2840400
2007-06-21,6.4252,6.4907,6.3204,6.4759,3271200
2007-06-22,6.4299,6.4488,6.3048,6.3217,3789600
2007-06-25,6.3359,6.4191,6.2426,6.2838,4100400
2007-06-26,6.3424,6.379,6.221,6.221,2714400
2007-06-27,6.2121,6.3634,6.2081,6.3431,2226000
2007-06-28,6.3424,6.4218,6.2752,6.3621,2724000
2007-06-29,6.3716,6.4448,6.2494,6.3505,3417600
2007-07-02,6.398,6.4536,6.3797,6.4536,1555200
2007-07-03,6.4713,6.5072,6.4557,6.4557,1035600
2007-07-05,6.4638,6.4957,6.4353,6.4787,1311600
2007-07-06,6.472,6.55,6.4652,6.5337,1297200
2007-07-09,6.5534,6.5825,6.5323,6.5703,1458000
2007-07-10,6.5154,6.5378,6.4143,6.4143,1782000
2007-07-11,6.4292,6.5059,6.4034,6.4828,1222800
2007-07-12,6.5635,6.7664,6.5635,6.765,2845200
2007-07-13,6.7671,6.8261,6.7481,6.7786,1857600
2007-07-16,6.8132,6.8797,6.8084,6.8471,2131200
2007-07-17,6.862,6.9136,6.8519,6.8519,2088000
2007-07-18,6.7976,6.8586,6.7284,6.8261,3757200
2007-07-19,6.898,6.9401,6.8519,6.8688,2206800
2007-07-20,6.8546,6.8573,6.6972,6.7637,3769200
2007-07-23,6.8132,6.8654,6.7637,6.8369,2736000
2007-07-24,6.7528,6.7833,6.5927,6.6388,5403600
2007-07-25,6.708,6.7108,6.5649,6.6748,4596000
2007-07-26,6.5635,6.6151,6.2481,6.4245,11157600
2007-07-27,6.375,6.417,6.187,6.2277,9242400
2007-07-30,6.2203,6.2969,6.1362,6.2664,6426000
2007-07-31,6.3485,6.3878,6.1056,6.1938,6663600
2007-08-01,6.1518,6.2854,6.0493,6.2617,11626800
2007-08-02,6.2718,6.3919,6.2549,6.379,4837200
2007-08-03,6.3309,6.3614,6.0887,6.128,9404400
2007-08-06,6.1457,6.3498,6.0683,6.3166,7009200
2007-08-07,6.2644,6.4815,6.2413,6.3648,7780800
2007-08-08,6.4469,6.5656,6.3716,6.5398,8079600
2007-08-09,6.3193,6.4584,6.1748,6.1864,10467600
2007-08-10,6.1056,6.2074,5.9767,6.2074,15618000
2007-08-13,6.3091,6.377,6.1226,6.1226,8217600
2007-08-14,6.1538,6.1748,5.9374,5.9537,9828000
2007-08-15,5.9218,6.0296,5.7739,5.797,9518400
2007-08-16,5.8397,5.8397,5.4896,5.8322,16789200
2007-08-17,5.8322,6.0968,5.8322,5.936,9991200
2007-08-20,6.0147,6.0744,5.896,6.0039,4825200
2007-08-21,5.9869,6.0717,5.9584,5.993,5863200
2007-08-22,6.0758,6.1382,6.0412,6.1382,6890400
2007-08-23,6.1816,6.2108,6.0642,6.1117,4974000
2007-08-24,6.109,6.2623,6.109,6.2596,3991200
2007-08-27,6.2277,6.265,6.1823,6.2006,3049200
2007-08-28,6.1524,6.1633,5.9428,5.9666,6093600
2007-08-29,5.9937,6.1884,5.9869,6.1429,4422000
2007-08-30,6.069,6.187,6.069,6.1165,5517600
2007-08-31,6.2338,6.2976,6.1687,6.2067,5490000
2007-09-04,6.1992,6.3519,6.187,6.3105,3277200
2007-09-05,6.2399,6.2522,6.128,6.1877,5845200
2007-09-06,6.2284,6.2617,6.1504,6.2318,2802000
2007-09-07,6.1158,6.1158,5.9761,6.0269,5629200
2007-09-10,6.0581,6.0819,5.9157,6.0106,3590400
2007-09-11,6.0636,6.1877,6.0622,6.1721,5086800
2007-09-12,6.1599,6.2243,6.1375,6.1735,2688000
2007-09-13,6.2454,6.3234,6.2243,6.3064,3747600
2007-09-14,6.1992,6.3159,6.1925,6.3017,3718800
2007-09-17,6.2678,6.3064,6.2243,6.2617,2131200
2007-09-18,6.3105,6.5744,6.2949,6.5602,8376000
2007-09-19,6.6409,6.6924,6.6083,6.6151,4819200
2007-09-20,6.63,6.6517,6.5771,6.5941,3628800
2007-09-21,6.6789,6.7013,6.6395,6.6551,2734800
2007-09-24,6.6653,6.6972,6.5825,6.5907,2452800
2007-09-25,6.5358,6.6345,6.5256,6.6345,2977200
2007-09-26,6.6645,6.7332,6.6427,6.689,2482800
2007-09-27,6.7224,6.7421,6.6897,6.7264,1748400
2007-09-28,6.723,6.7428,6.6727,6.7149,1933200
2007-10-01,6.7571,6.9239,6.7489,6.8912,4064400
2007-10-02,6.9096,6.9171,6.8286,6.8585,2865600
2007-10-03,6.8252,6.8476,6.7652,6.7904,2132400
2007-10-04,6.8177,6.8177,6.7673,6.7789,1198800
2007-10-05,6.866,6.9443,6.8354,6.8769,4335600
2007-10-08,6.8612,6.8755,6.8286,6.8565,1452000
2007-10-09,6.8891,6.9763,6.8469,6.9763,1942800
2007-10-10,6.9497,6.9654,6.8211,6.8463,4070400
2007-10-11,6.9531,6.9988,6.7591,6.8354,6333600
2007-10-12,6.8381,6.9198,6.8183,6.9198,3578400
2007-10-15,6.9116,6.9116,6.7162,6.7986,4826400
2007-10-16,6.7605,6.7639,6.6863,6.7251,3916800
2007-10-17,6.8075,6.8075,6.5862,6.7087,5865600
2007-10-18,6.6665,6.7196,6.6318,6.6985,1909200
2007-10-19,6.5991,6.6087,6.3316,6.3316,8113200
2007-10-22,6.2546,6.4024,6.2335,6.3826,5937600
2007-10-23,6.4412,6.4847,6.3588,6.4847,7159200
2007-10-24,6.4391,6.4922,6.2873,6.4807,7316400
2007-10-25,6.4916,6.5379,6.3622,6.5086,4845600
2007-10-26,6.5671,6.6039,6.499,6.6039,4269600
2007-10-29,6.6311,6.6897,6.6257,6.6638,2455200
2007-10-30,6.6298,6.6447,6.5767,6.5896,2949600
2007-10-31,6.6427,6.7496,6.5556,6.7196,7986000
2007-11-01,6.6012,6.6053,6.3499,6.3758,10161600
2007-11-02,6.4282,6.4282,6.2567,6.3996,9121200
2007-11-05,6.2832,6.4139,6.2553,6.3404,4831200
2007-11-06,6.3949,6.4562,6.3166,6.4562,4129200
2007-11-07,6.3329,6.3745,6.1137,6.1484,9165600
2007-11-08,6.1083,6.1682,5.9176,6.1348,11104800
2007-11-09,6.0592,6.0592,5.8564,5.8775,11724000
2007-11-12,5.8707,5.985,5.8264,5.8291,8125200
2007-11-13,6.0592,6.1375,5.919,6.1362,8018400
2007-11-14,6.1913,6.1913,6.032,6.066,7227600
2007-11-15,5.9946,6.0899,5.9006,5.9415,8732400
2007-11-16,6.032,6.0415,5.8958,5.9986,7765200
2007-11-19,6.0184,6.0184,5.7951,5.821,10459200
2007-11-20,5.9231,5.9455,5.7093,5.8802,10525200
2007-11-21,5.7454,5.8216,5.6576,5.6582,11103600
2007-11-23,5.661,5.8182,5.661,5.8033,2516400
2007-11-26,5.855,5.8781,5.6058,5.6269,10311600
2007-11-27,5.7141,5.8332,5.6446,5.806,10046400
2007-11-28,5.8992,6.1341,5.8924,6.034,11504400
2007-11-29,6.0647,6.1525,6.0361,6.1294,9156000
2007-11-30,6.2853,6.3159,6.0933,6.1675,9733200
2007-12-03,6.1675,6.209,6.1062,6.19,5290800
2007-12-04,6.0974,6.1232,6.0123,6.0633,4540800
2007-12-05,6.2608,6.2608,6.1539,6.2526,7250400
2007-12-06,6.2635,6.4139,6.2294,6.4051,7915200
2007-12-07,6.5222,6.5222,6.3894,6.4105,6100800
2007-12-10,6.4827,6.527,6.4316,6.5065,4964400
2007-12-11,6.5045,6.5556,6.2104,6.226,12954000
2007-12-12,6.3663,6.4698,6.1205,6.2655,9214800
2007-12-13,6.2145,6.3118,6.1505,6.2996,12303600
2007-12-14,6.2002,6.2887,6.1273,6.1443,13036800
2007-12-17,6.1505,6.1505,5.9687,5.9939,8840400
2007-12-18,6.0688,6.0729,5.9081,6.0477,11118000
2007-12-19,6.0415,6.0912,5.9537,6.0041,7683600
2007-12-20,6.0692,6.0692,5.9581,6.0478,7218000
2007-12-21,6.1462,6.2552,6.1341,6.1925,6057600
2007-12-24,6.2459,6.4176,6.2459,6.3222,2002800
2007-12-26,6.3414,6.3414,6.2096,6.3229,3632400
2007-12-27,6.2694,6.2894,6.1419,6.1576,2764800
2007-12-28,6.231,6.231,6.0835,6.1398,4102800
2007-12-31,6.1369,6.1369,6.0478,6.0685,4575600
2008-01-02,6.1098,6.1098,5.807,5.9182,10927200
2008-01-03,5.8947,5.9346,5.8348,5.8619,4702800
2008-01-04,5.7764,5.7942,5.6289,5.6467,10648800
2008-01-07,5.6994,5.7187,5.5754,5.6581,6723600
2008-01-08,5.6666,5.7272,5.4372,5.4579,12664800
2008-01-09,5.5284,5.579,5.3731,5.5363,11851200
2008-01-10,5.5491,5.745,5.4821,5.6417,16156800
2008-01-11,5.6994,5.6994,5.4094,5.4757,15262800
2008-01-14,5.5598,5.6182,5.5106,5.5833,7492800
2008-01-15,5.4493,5.5348,5.3553,5.3788,10874400
2008-01-16,5.336,5.455,5.2669,5.3303,13216800
2008-01-17,5.3474,5.3802,5.0439,5.0802,16894800
2008-01-18,5.1971,5.2185,4.9605,5.0339,18536400
2008-01-22,4.6819,5.0019,4.6135,4.9292,20671200
2008-01-23,4.677,5.165,4.6356,5.1408,34605600
2008-01-24,5.2099,5.2683,5.1244,5.2363,18542400
2008-01-25,5.3496,5.3496,5.0596,5.1073,15837600
2008-01-28,5.0653,5.2406,5.0154,5.2406,15301200
2008-01-29,5.3083,5.3417,5.2128,5.3218,11736000
2008-01-30,5.3239,5.507,5.2377,5.2384,22934400
2008-01-31,5.1315,5.5063,5.1294,5.4443,20551200
2008-02-01,5.4942,5.5712,5.4265,5.5562,13910400
2008-02-04,5.5519,5.5519,5.4294,5.4294,10928400
2008-02-05,5.3139,5.3318,5.1372,5.1814,24435600
2008-02-06,5.2028,5.2448,5.0681,5.0981,12194400
2008-02-07,5.0396,5.1985,5.0218,5.1437,22900800
2008-02-08,5.1002,5.1558,5.0104,5.0674,15753600
2008-02-11,5.0453,5.1315,4.9805,5.1209,9921600
2008-02-12,5.1864,5.3097,5.1629,5.2334,16623600
2008-02-13,5.3061,5.4023,5.2669,5.3489,8980800
2008-02-14,5.4023,5.4023,5.2242,5.2299,10720800
2008-02-15,5.1964,5.2284,5.1522,5.2085,6891600
2008-02-19,5.3325,5.3417,5.1729,5.2356,10876800
2008-02-20,5.1351,5.3075,5.1116,5.2634,10866000
2008-02-21,5.3104,5.341,5.1308,5.1828,13916400
2008-02-22,5.185,5.257,5.0532,5.2534,12802800
2008-02-25,5.2413,5.4151,5.2099,5.4023,12706800
2008-02-26,5.3531,5.5391,5.351,5.5006,17430000
2008-02-27,5.4301,5.5598,5.4301,5.4871,13024800
2008-02-28,5.4379,5.4636,5.3702,5.4052,12940800
2008-02-29,5.304,5.3111,5.1038,5.1372,28038000
2008-03-03,5.1294,5.1536,5.0517,5.1216,14952000
2008-03-04,5.066,5.118,4.9434,5.071,33618000
2008-03-05,5.1038,5.2092,5.0411,5.1301,24351600
2008-03-06,5.1251,5.1251,4.9328,4.9328,19718400
2008-03-07,4.8572,4.9919,4.7703,4.8273,30398400
2008-03-10,4.8344,4.8537,4.7026,4.7304,18806400
2008-03-11,4.9078,5.051,4.8195,5.0411,23973600
2008-03-12,5.0646,5.1657,4.994,5.0047,17424000
2008-03-13,4.8843,5.0938,4.8166,5.0147,34858800
2008-03-14,5.0959,5.0959,4.7796,4.9057,31442400
2008-03-17,4.6969,4.9748,4.6969,4.8964,31592400
2008-03-18,5.0468,5.2363,4.9905,5.2363,28282800
2008-03-19,5.2555,5.2862,4.9698,4.9883,29880000
2008-03-20,5.0061,5.2106,4.9862,5.1707,20134800
2008-03-24,5.2463,5.4144,5.2434,5.346,22597200
2008-03-25,5.3773,5.3773,5.2636,5.3215,22383600
2008-03-26,5.3022,5.3029,5.21,5.2221,19752000
2008-03-27,5.2901,5.2922,5.137,5.1627,23648400
2008-03-28,5.1828,5.2178,5.0569,5.0891,15451200
2008-03-31,5.0562,5.1635,5.0397,5.0969,11700000
2008-04-01,5.2293,5.431,5.22,5.4238,22327200
2008-04-02,5.4439,5.4689,5.3494,5.401,21043200
2008-04-03,5.348,5.451,5.3308,5.4203,15733200
2008-04-04,5.4238,5.4625,5.3237,5.3952,18082800
2008-04-07,5.4646,5.499,5.3723,5.3902,15949200
2008-04-08,5.3473,5.401,5.3287,5.3959,11822400
2008-04-09,5.3959,5.4103,5.2772,5.3638,13330800
2008-04-10,5.3459,5.4339,5.308,5.3866,16680000
2008-04-11,5.2657,5.2808,5.137,5.1692,16704000
2008-04-14,5.1584,5.1928,5.1177,5.1506,10389600
2008-04-15,5.2042,5.2057,5.1098,5.1871,12313200
2008-04-16,5.2686,5.4374,5.2672,5.4346,14721600
2008-04-17,5.3716,5.4367,5.3573,5.4367,15944400
2008-04-18,5.5655,5.637,5.5469,5.5655,19312800
2008-04-21,5.544,5.5962,5.5147,5.5598,9472800
2008-04-22,5.5483,5.5483,5.4303,5.5011,14097600
2008-04-23,5.524,5.5841,5.4689,5.5154,11287200
2008-04-24,5.5397,5.6771,5.4725,5.5834,17499600
2008-04-25,5.6399,5.6506,5.5025,5.622,13351200
2008-04-28,5.6399,5.6714,5.6027,5.6177,7426800
2008-04-29,5.5941,5.632,5.5569,5.5784,9645600
2008-04-30,5.6091,5.7307,5.5612,5.5641,17791200
2008-05-01,5.5633,5.7465,5.5526,5.7336,15430800
2008-05-02,5.8438,5.8502,5.7093,5.7787,18268800
2008-05-05,5.7722,5.7722,5.6728,5.7086,13963200
2008-05-06,5.652,5.7615,5.6055,5.7586,13900800
2008-05-07,5.7551,5.7608,5.5519,5.5912,15897600
2008-05-08,5.6077,5.6463,5.5505,5.5848,12046800
2008-05-09,5.519,5.5526,5.4832,5.5133,9561600
2008-05-12,5.5397,5.6427,5.5104,5.6241,12657600
2008-05-13,5.6334,5.6334,5.5419,5.5798,10300800
2008-05-14,5.6177,5.7264,5.6156,5.6363,13707600
2008-05-15,5.637,5.7357,5.6134,5.7164,9984000
2008-05-16,5.7515,5.7515,5.6413,5.7186,10254000
2008-05-19,5.7186,5.8574,5.7043,5.7729,12615600
2008-05-20,5.6993,5.7086,5.5433,5.6098,18561600
2008-05-21,5.6077,5.6191,5.3695,5.4074,24201600
2008-05-22,5.4052,5.451,5.3852,5.3967,16479600
2008-05-23,5.3587,5.3745,5.2722,5.2858,23748000
2008-05-27,5.2965,5.3638,5.255,5.3573,15662400
2008-05-28,5.3702,5.3909,5.2979,5.3888,12388800
2008-05-29,5.3673,5.4939,5.3473,5.4031,15573600
2008-05-30,5.451,5.4618,5.3831,5.4145,11732400
2008-06-02,5.3859,5.3859,5.2371,5.3051,20682000
2008-06-03,5.3344,5.3466,5.1685,5.2235,22102800
2008-06-04,5.1992,5.3029,5.1749,5.215,20653200
2008-06-05,5.2486,5.401,5.2278,5.3967,19566000
2008-06-06,5.3122,5.3151,5.0433,5.069,38690400
2008-06-09,5.0769,5.1599,5.0497,5.1255,22005600
2008-06-10,5.064,5.1906,5.0583,5.1112,23742000
2008-06-11,5.0969,5.1019,4.9574,4.9667,30997200
2008-06-12,5.0018,5.1048,4.9503,5.0118,22262400
2008-06-13,5.0497,5.1434,5.0204,5.1434,17874000
2008-06-16,5.0798,5.1477,5.059,5.1034,15078000
2008-06-17,5.1491,5.1513,5.0068,5.0111,17714400
2008-06-18,4.9782,4.9975,4.8787,4.9088,26280000
2008-06-19,4.9059,4.976,4.8666,4.9224,27392400
2008-06-20,4.8644,4.8752,4.7371,4.7614,39577200
2008-06-23,4.7772,4.7893,4.7314,4.7514,20900400
2008-06-24,4.7351,4.8019,4.6611,4.7329,27794400
2008-06-25,4.7423,4.8141,4.7085,4.7222,38269200
2008-06-26,4.6432,4.6482,4.4471,4.4586,51625200
2008-06-27,4.45,4.4643,4.3164,4.3774,38906400
2008-06-30,4.3667,4.4263,4.3106,4.3631,30830400
2008-07-01,4.279,4.4033,4.2288,4.3882,55375200
2008-07-02,4.3954,4.4378,4.2525,4.2661,41926800
2008-07-03,4.3092,4.3451,4.2072,4.3178,24426000
2008-07-07,4.3336,4.404,4.172,4.2561,38200800
2008-07-08,4.2661,4.3882,4.2266,4.3868,43060800
2008-07-09,4.4004,4.4134,4.1965,4.2087,40074000
2008-07-10,4.2108,4.2941,4.1483,4.2683,39595200
2008-07-11,4.1778,4.274,4.0729,4.1799,56713200
2008-07-14,4.2582,4.269,4.0938,4.1218,31671600
2008-07-15,4.07,4.185,3.963,4.0514,56838000
2008-07-16,4.0758,4.2711,4.0298,4.2431,41000400
2008-07-17,4.3286,4.4248,4.2474,4.4069,60366000
2008-07-18,4.4428,4.4852,4.3738,4.4852,45577200
2008-07-21,4.5053,4.5132,4.4004,4.4485,36428400
2008-07-22,4.3925,4.5584,4.3796,4.534,42048000
2008-07-23,4.5512,4.6209,4.5132,4.5714,52666800
2008-07-24,4.5678,4.5699,4.3437,4.3631,48790800
2008-07-25,4.3839,4.4205,4.3264,4.33,34264800
2008-07-28,4.3387,4.3552,4.1742,4.1929,34942800
2008-07-29,4.2087,4.3738,4.1993,4.3559,30832800
2008-07-30,4.4356,4.5333,4.3882,4.5333,40705200
2008-07-31,4.4399,4.506,4.3523,4.3652,35666400
2008-08-01,4.3932,4.4011,4.2769,4.3286,26785200
2008-08-04,4.3207,4.3645,4.241,4.2999,26590800
2008-08-05,4.3631,4.5354,4.3595,4.5347,32901600
2008-08-06,4.4981,4.6008,4.473,4.5742,26805600
2008-08-07,4.4888,4.524,4.3925,4.4248,24616800
2008-08-08,4.3932,4.6532,4.376,4.6137,43455600
2008-08-11,4.6044,4.738,4.5886,4.6647,31753200
2008-08-12,4.6417,4.6417,4.5297,4.5828,23637600
2008-08-13,4.5311,4.5398,4.4198,4.4758,38335200
2008-08-14,4.432,4.6259,4.4227,4.5584,36627600
2008-08-15,4.58,4.6331,4.5369,4.5943,30302400
2008-08-18,4.6065,4.608,4.4062,4.46,36553200
2008-08-19,4.3875,4.399,4.3178,4.3566,30126000
2008-08-20,4.3746,4.4234,4.2977,4.3911,30012000
2008-08-21,4.32,4.4406,4.3128,4.3961,27390000
2008-08-22,4.4536,4.5613,4.4457,4.5441,34056000
2008-08-25,4.5053,4.5082,4.3509,4.3652,32467200
2008-08-26,4.3796,4.4083,4.3365,4.3868,27321600
2008-08-27,4.3975,4.4967,4.3659,4.4435,31494000
2008-08-28,4.5082,4.6188,4.5017,4.6087,34174800
2008-08-29,4.5685,4.6087,4.4801,4.4859,24225600
2008-09-02,4.6044,4.6841,4.4313,4.4672,39975600
2008-09-03,4.4643,4.506,4.3976,4.4888,38559600
2008-09-04,4.4141,4.4277,4.2144,4.2266,71720400
2008-09-05,4.1807,4.2597,4.106,4.241,46116000
2008-09-08,4.4773,4.5103,4.3106,4.4485,66604800
2008-09-09,4.4514,4.5132,4.2374,4.2482,43918800
2008-09-10,4.2905,4.3573,4.2302,4.2819,36886800
2008-09-11,4.1893,4.4141,4.1447,4.4033,54606000
2008-09-12,4.3286,4.4227,4.2798,4.4227,46299600
2008-09-15,4.1347,4.2668,4.0219,4.0392,109399200
2008-09-16,3.8962,4.1297,3.8697,4.1146,103677600
2008-09-17,3.9932,4.0183,3.7634,3.7914,125919600
2008-09-18,3.8524,4.0981,3.6714,3.9932,104314800
2008-09-19,4.3875,4.4529,3.9925,4.325,65622000
2008-09-22,4.3214,4.3329,4.0305,4.0521,49854000
2008-09-23,4.0715,4.1462,3.9171,3.9171,64375200
2008-09-24,3.9838,3.9903,3.859,3.9376,51369600
2008-09-25,3.9744,4.1325,3.9535,4.043,55046400
2008-09-26,3.9261,4.1599,3.9261,4.1166,61578000
2008-09-29,4.0336,4.0401,3.5963,3.7168,111025200
2008-09-30,3.7053,3.9044,3.6706,3.8301,56227200
2008-10-01,3.8222,3.9203,3.7406,3.9167,59504400
2008-10-02,3.8316,3.8409,3.6049,3.6699,61232400
2008-10-03,3.7016,3.8546,3.5118,3.5118,137557200
2008-10-06,3.3711,3.3964,2.9792,3.2924,175186800
2008-10-07,3.3372,3.3855,2.9453,2.985,133840800
2008-10-08,2.8623,3.0637,2.7822,2.7851,174555600
2008-10-09,2.8941,2.946,2.3816,2.3816,133694400
2008-10-10,2.2055,2.6415,2.0244,2.4538,250942800
2008-10-13,2.5534,2.8717,2.4935,2.8717,120501600
2008-10-14,3.0846,3.1466,2.6602,2.8067,155642400
2008-10-15,2.7216,2.7288,2.3412,2.3585,147667200
2008-10-16,2.3917,2.5917,2.1557,2.5758,221882400
2008-10-17,2.4589,2.7576,2.4372,2.5101,187846800
2008-10-20,2.5686,2.7418,2.5245,2.7418,107056800
2008-10-21,2.671,2.7562,2.5866,2.6176,128805600
2008-10-22,2.4783,2.5014,2.2048,2.3398,198040800
2008-10-23,2.3434,2.4596,2.1601,2.4488,260492400
2008-10-24,2.0569,2.347,2.0251,2.2012,275240400
2008-10-27,2.1651,2.3499,2.0987,2.0987,223272000
2008-10-28,2.2315,2.5794,2.1168,2.5729,249678000
2008-10-29,2.5714,2.7454,2.4755,2.5036,280984800
2008-10-30,2.6602,2.692,2.5281,2.6342,176346000
2008-10-31,2.6306,2.7988,2.6046,2.7281,177814800
2008-11-03,2.7136,2.7764,2.6862,2.7425,98582400
2008-11-04,2.8378,2.9143,2.7894,2.876,155048400
2008-11-05,2.8255,2.8609,2.5902,2.6198,161788800
2008-11-06,2.5714,2.622,2.3297,2.3773,219478800
2008-11-07,2.4055,2.5051,2.3795,2.5007,203044800
2008-11-10,2.6054,2.622,2.3925,2.474,156861600
2008-11-11,2.3831,2.4538,2.2842,2.3499,208860000
2008-11-12,2.2705,2.2994,2.129,2.1572,246055200
2008-11-13,2.168,2.4343,1.9732,2.4264,448104000
2008-11-14,2.334,2.4711,2.2142,2.2351,360286800
2008-11-17,2.1702,2.2734,2.1052,2.1262,251896800
2008-11-18,2.1225,2.2236,2.0309,2.2012,367666800
2008-11-19,2.176,2.2373,1.9695,1.9804,372471600
2008-11-20,1.9277,2.0699,1.7343,1.7704,482529600
2008-11-21,1.8331,1.9934,1.7083,1.9869,779758800
2008-11-24,2.0569,2.2532,2.0121,2.1117,368144400
2008-11-25,2.233,2.264,2.0944,2.2084,324962400
2008-11-26,2.1197,2.3239,2.1074,2.321,308674800
2008-11-28,2.3001,2.3816,2.2972,2.3759,90535200
2008-12-01,2.2719,2.2734,2.01,2.0193,320520000
2008-12-02,2.0691,2.155,2.0128,2.1211,337668000
2008-12-03,2.0619,2.2532,2.0569,2.2257,462493200
2008-12-04,2.1723,2.2633,2.0691,2.1233,379222800
2008-12-05,2.0821,2.2813,1.997,2.2748,437258400
2008-12-08,2.3557,2.4617,2.3492,2.3946,355560000
2008-12-09,2.352,2.4134,2.2618,2.2907,313375200
2008-12-10,2.3391,2.3816,2.2597,2.3253,278474400
2008-12-11,2.2654,2.3484,2.1926,2.2221,218146800
2008-12-12,2.1002,2.2813,2.0843,2.2452,250969200
2008-12-15,2.2777,2.2878,2.1687,2.2229,205890000
2008-12-16,2.4083,2.4177,2.246,2.4083,259269600
2008-12-17,2.352,2.4249,2.3261,2.3456,199032000
2008-12-18,2.3715,2.3816,2.1889,2.2359,216764400
2008-12-19,2.2741,2.3268,2.2034,2.2048,189777600
2008-12-22,2.2236,2.2294,2.111,2.1788,133443600
2008-12-23,2.2127,2.2287,2.1257,2.138,106729200
2008-12-24,2.1554,2.175,2.1366,2.1554,34142400
2008-12-26,2.1793,2.1939,2.159,2.1786,35025600
2008-12-29,2.1873,2.1946,2.1083,2.1714,86196000
2008-12-30,2.1975,2.2613,2.1714,2.2613,119912400
2008-12-31,2.2751,2.3476,2.2613,2.3157,126643200
2009-01-02,2.3316,2.4658,2.3113,2.4426,170998800
2009-01-05,2.4339,2.4578,2.3788,2.415,190810800
2009-01-06,2.4491,2.4847,2.4056,2.4397,244939200
2009-01-07,2.3766,2.3933,2.2896,2.3229,158550000
2009-01-08,2.2794,2.3063,2.254,2.3005,173416800
2009-01-09,2.3121,2.3164,2.2171,2.2294,168361200
2009-01-12,2.2134,2.225,2.1337,2.159,135368400
2009-01-13,2.1532,2.1859,2.1112,2.1395,160844400
2009-01-14,2.0778,2.0872,1.993,2.0212,229771200
2009-01-15,2.0212,2.0669,1.9226,2.0307,253316400
2009-01-16,2.088,2.0938,1.9785,2.0539,197504400
2009-01-20,2.0336,2.0437,1.8921,1.898,187172400
2009-01-21,1.9581,2.035,1.8922,2.027,175324800
2009-01-22,1.9625,2.0198,1.8972,1.9756,210522000
2009-01-23,1.8892,1.9944,1.874,1.948,225265200
2009-01-26,1.9625,2.0307,1.9291,1.9698,205251600
2009-01-27,1.993,2.0278,1.9581,1.9944,162894000
2009-01-28,2.0662,2.1155,2.0459,2.0974,201951600
2009-01-29,2.0415,2.0619,1.9821,1.9901,149502000
2009-01-30,2.0075,2.0118,1.898,1.9139,166476000
2009-02-02,1.8762,1.911,1.8515,1.8834,159428400
2009-02-03,1.9067,1.9676,1.8704,1.9473,134982000
2009-02-04,1.9502,1.9959,1.8834,1.8965,153372000
2009-02-05,1.882,1.9683,1.8443,1.9422,191959200
2009-02-06,1.9574,2.0706,1.948,2.0495,181945200
2009-02-09,2.051,2.0727,2.0147,2.0466,119875200
2009-02-10,2.0234,2.0459,1.8436,1.874,285078000
2009-02-11,1.8914,1.9074,1.8465,1.8863,145797600
2009-02-12,1.8363,1.8885,1.7739,1.8856,234153600
2009-02-13,1.8834,1.9038,1.8385,1.8385,157734000
2009-02-17,1.7464,1.7674,1.7079,1.7079,195326400
2009-02-18,1.7311,1.7391,1.676,1.7072,166564800
2009-02-19,1.7377,1.7399,1.6637,1.6717,178144800
2009-02-20,1.6122,1.6746,1.5498,1.6311,239649600
2009-02-23,1.6535,1.6608,1.5143,1.5208,205725600
2009-02-24,1.5353,1.6296,1.5172,1.6158,159638400
2009-02-25,1.5955,1.6405,1.5324,1.5774,210337200
2009-02-26,1.6166,1.6405,1.5411,1.5469,169935600
2009-02-27,1.4875,1.5513,1.4809,1.4991,208604400
2009-03-02,1.4505,1.4577,1.3649,1.37,207758400
2009-03-03,1.3975,1.4048,1.3431,1.3489,173370000
2009-03-04,1.3946,1.4541,1.3649,1.412,183540000
2009-03-05,1.3562,1.3801,1.2771,1.296,175179600
2009-03-06,1.3199,1.3598,1.2481,1.3141,223477200
2009-03-09,1.275,1.3417,1.267,1.2764,201778800
2009-03-10,1.3236,1.4193,1.317,1.4142,212178000
2009-03-11,1.4367,1.4657,1.4033,1.4287,176373600
2009-03-12,1.4265,1.5332,1.4055,1.5223,177678000
2009-03-13,1.5426,1.5593,1.5005,1.5477,199966800
2009-03-16,1.5767,1.6231,1.5411,1.544,212389200
2009-03-17,1.5477,1.6245,1.5274,1.6238,136188000
2009-03-18,1.5963,1.7029,1.5636,1.6608,262342800
2009-03-19,1.7021,1.7043,1.6108,1.6238,163629600
2009-03-20,1.6434,1.6521,1.5614,1.5687,145521600
2009-03-23,1.6463,1.7855,1.6332,1.7855,180021600
2009-03-24,1.7486,1.7982,1.7289,1.7399,136995600
2009-03-25,1.7639,1.8267,1.6844,1.7749,199425600
2009-03-26,1.8055,1.8573,1.7771,1.8493,215366400
2009-03-27,1.8026,1.8179,1.7669,1.7851,143610000
2009-03-30,1.7078,1.7085,1.6312,1.6691,128114400
2009-03-31,1.7078,1.7581,1.6844,1.7012,124420800
2009-04-01,1.6501,1.7866,1.6494,1.7691,137622000
2009-04-02,1.8566,1.9193,1.8384,1.8734,208328400
2009-04-03,1.8705,1.8945,1.8369,1.8916,148974000
2009-04-06,1.8595,1.8814,1.8201,1.8734,106994400
2009-04-07,1.8223,1.8252,1.7771,1.7866,118040400
2009-04-08,1.799,1.8347,1.772,1.8121,114795600
2009-04-09,1.8858,1.923,1.8734,1.9201,111440400
2009-04-13,1.8836,1.9383,1.8675,1.9077,98152800
2009-04-14,1.8807,1.8989,1.8384,1.8478,109180800
2009-04-15,1.834,1.9026,1.8223,1.8974,98271600
2009-04-16,1.9222,1.9646,1.8675,1.9405,118908000
2009-04-17,1.9543,1.9748,1.9259,1.9471,86556000
2009-04-20,1.888,1.8938,1.8077,1.8136,82255200
2009-04-21,1.78,1.8719,1.78,1.8632,85012800
2009-04-22,1.8369,1.904,1.8201,1.8281,110318400
2009-04-23,1.8354,1.8734,1.7917,1.8639,103494000
2009-04-24,1.8872,1.9427,1.8799,1.9186,97584000
2009-04-27,1.8705,1.939,1.8661,1.8931,80810400
2009-04-28,1.8537,1.9252,1.8515,1.8872,72963600
2009-04-29,1.9201,2.0025,1.9142,1.9646,95695200
2009-04-30,2.0127,2.028,1.9456,1.958,97428000
2009-05-01,1.9667,2.101,1.9281,1.9755,71941200
2009-05-04,2.012,2.0857,2.004,2.0849,105166800
2009-05-05,2.0754,2.101,2.0536,2.0798,84326400
2009-05-06,2.1229,2.1345,2.082,2.1309,102301200
2009-05-07,2.1659,2.1666,2.0543,2.0813,124899600
2009-05-08,2.128,2.1681,2.1024,2.1572,101704800
2009-05-11,2.1075,2.1199,2.0806,2.09,75542400
2009-05-12,2.109,2.1331,2.0587,2.1075,88786800
2009-05-13,2.0543,2.0623,2.0113,2.0266,90303600
2009-05-14,2.028,2.0667,2.0171,2.0382,63958800
2009-05-15,2.0404,2.0784,1.9967,2.02,85473600
2009-05-18,2.0557,2.1331,2.0557,2.1294,64770000
2009-05-19,2.1294,2.1484,2.1112,2.1126,56665200
2009-05-20,2.1462,2.1768,2.0842,2.0878,88443600
2009-05-21,2.0441,2.0463,1.9952,2.0346,80156400
2009-05-22,2.0492,2.0652,2.0142,2.0207,58855200
2009-05-26,1.9967,2.1287,1.9945,2.1163,76489200
2009-05-27,2.1229,2.1294,2.0266,2.0375,83856000
2009-05-28,2.063,2.0973,2.0054,2.0776,92505600
2009-05-29,2.0951,2.1535,2.0638,2.1535,75358800
2009-06-01,2.19,2.2593,2.1783,2.2432,79080000
2009-06-02,2.2294,2.2739,2.2199,2.2505,66716400
2009-06-03,2.225,2.2294,2.1768,2.2221,63126000
2009-06-04,2.225,2.2578,2.198,2.252,60619200
2009-06-05,2.2892,2.3031,2.2308,2.2717,100402800
2009-06-08,2.2352,2.2979,2.198,2.26,64116000
2009-06-09,2.2775,2.2877,2.2469,2.2644,65640000
2009-06-10,2.306,2.306,2.2024,2.2556,82168800
2009-06-11,2.2673,2.3271,2.2644,2.2702,78987600
2009-06-12,2.2527,2.2899,2.2418,2.2885,45805200
2009-06-15,2.2352,2.2381,2.1717,2.1965,71958000
2009-06-16,2.206,2.2097,2.1309,2.1323,70263600
2009-06-17,2.1294,2.1623,2.1119,2.1265,79258800
2009-06-18,2.136,2.1783,2.1192,2.1542,67506000
2009-06-19,2.1834,2.1892,2.1302,2.1484,63850800
2009-06-22,2.1156,2.1214,2.0433,2.0433,73168800
2009-06-23,2.0528,2.066,2.0244,2.0397,66019200
2009-06-24,2.0669,2.0941,2.0111,2.031,94624800
2009-06-25,2.0178,2.1234,2.0097,2.1117,88653600
2009-06-26,2.1036,2.1132,2.0809,2.0919,40284000
2009-06-29,2.1058,2.1462,2.0948,2.1411,44401200
2009-06-30,2.144,2.1594,2.0772,2.1066,78792000
2009-07-01,2.1271,2.1704,2.1257,2.1323,61774800
2009-07-02,2.0787,2.0787,2.0258,2.0302,67358400
2009-07-06,1.9891,2.0427,1.9833,2.039,52527600
2009-07-07,2.0376,2.0376,1.9539,1.9539,75342000
2009-07-08,1.9722,1.9906,1.9289,1.9708,101763600
2009-07-09,1.9906,1.9979,1.9561,1.9656,74828400
2009-07-10,1.9502,1.9744,1.9304,1.9517,66936000
2009-07-13,1.9642,2.0442,1.948,2.0442,67904400
2009-07-14,2.0493,2.0596,2.0207,2.0559,74139600
2009-07-15,2.1029,2.191,2.1014,2.1844,74601600
2009-07-16,2.177,2.2482,2.1734,2.2343,74508000
2009-07-17,2.2387,2.257,2.2145,2.2512,57848400
2009-07-20,2.2761,2.3084,2.2563,2.2981,58971600
2009-07-21,2.3385,2.3466,2.2849,2.3422,64605600
2009-07-22,2.318,2.3605,2.3128,2.326,55010400
2009-07-23,2.3268,2.4369,2.3246,2.4163,70245600
2009-07-24,2.4024,2.4383,2.3877,2.4339,43996800
2009-07-27,2.4288,2.4515,2.4038,2.4457,51987600
2009-07-28,2.4126,2.4515,2.3877,2.4361,79040400
2009-07-29,2.4185,2.4347,2.3921,2.4222,53713200
2009-07-30,2.4662,2.5161,2.4515,2.4589,62565600
2009-07-31,2.4618,2.5015,2.4567,2.4699,65155200
2009-08-03,2.5183,2.544,2.489,2.5404,64005600
2009-08-04,2.522,2.558,2.5176,2.5536,55276800
2009-08-05,2.5492,2.5558,2.4963,2.5345,56071200
2009-08-06,2.5594,2.5638,2.5,2.5235,48825600
2009-08-07,2.5719,2.6255,2.5506,2.5873,57092400
2009-08-10,2.5712,2.5881,2.544,2.5727,46875600
2009-08-11,2.5558,2.5558,2.5051,2.5191,50444400
2009-08-12,2.5176,2.6204,2.5154,2.5844,63811200
2009-08-13,2.6057,2.6116,2.5528,2.6079,62460000
2009-08-14,2.6013,2.605,2.5147,2.5616,43632000
2009-08-17,2.4816,2.4853,2.4537,2.4626,46215600
2009-08-18,2.4802,2.5183,2.4736,2.5059,43365600
2009-08-19,2.4684,2.5653,2.4626,2.5455,41326800
2009-08-20,2.547,2.5932,2.536,2.5822,38822400
2009-08-21,2.6101,2.6806,2.6086,2.6703,57265200
2009-08-24,2.6945,2.7209,2.6629,2.6761,45226800
2009-08-25,2.6945,2.751,2.6857,2.6923,78601200
2009-08-26,2.6798,2.7173,2.6615,2.6974,47396400
2009-08-27,2.6952,2.7319,2.6461,2.7143,49010400
2009-08-28,2.7473,2.7517,2.6703,2.6982,69016800
2009-08-31,2.6519,2.6725,2.635,2.6717,35858400
2009-09-01,2.6461,2.7055,2.5558,2.566,81376800
2009-09-02,2.5528,2.5785,2.5396,2.547,42735600
2009-09-03,2.5697,2.5888,2.536,2.58,28969200
2009-09-04,2.5873,2.6409,2.5727,2.6365,40099200
2009-09-08,2.6791,2.6791,2.6461,2.6703,32175600
2009-09-09,2.6717,2.7165,2.6593,2.6945,43572000
2009-09-10,2.7018,2.7488,2.6769,2.7415,45124800
2009-09-11,2.7437,2.7723,2.7143,2.7371,50362800
2009-09-14,2.6894,2.7481,2.6879,2.7437,56768400
2009-09-15,2.751,2.7958,2.7202,2.7723,91484400
2009-09-16,2.798,2.8464,2.7767,2.8406,71276400
2009-09-17,2.8369,2.878,2.8156,2.8391,77936400
2009-09-18,2.8648,2.8721,2.842,2.8516,60044400
2009-09-21,2.8207,2.8479,2.8017,2.8288,47769600
2009-09-22,2.8626,2.8699,2.8281,2.8574,47425200
2009-09-23,2.8685,2.914,2.8112,2.8156,72744000
2009-09-24,2.8313,2.8468,2.7657,2.7886,63210000
2009-09-25,2.7805,2.807,2.7517,2.7701,55104000
2009-09-28,2.7878,2.8578,2.7849,2.8357,31933200
2009-09-29,2.8424,2.8652,2.7937,2.8099,54332400
2009-09-30,2.8254,2.832,2.734,2.7915,63957600
2009-10-01,2.7812,2.7841,2.6714,2.6714,56034000
2009-10-02,2.6286,2.6861,2.6264,2.664,48670800
2009-10-05,2.6788,2.7429,2.6618,2.7267,32748000
2009-10-06,2.7613,2.8276,2.7591,2.8018,39465600
2009-10-07,2.7945,2.8114,2.7753,2.8011,30130800
2009-10-08,2.8394,2.8682,2.8151,2.8372,36943200
2009-10-09,2.835,2.8836,2.8239,2.8822,18541200
2009-10-12,2.9021,2.9227,2.874,2.8962,25982400
2009-10-13,2.8785,2.9013,2.8541,2.8888,26164800
2009-10-14,2.9448,2.9794,2.9249,2.9721,35076000
2009-10-15,2.9477,2.9979,2.9477,2.9956,26005200
2009-10-16,2.9463,2.9765,2.9256,2.9632,39974400
2009-10-19,2.9676,3.0318,2.9588,3.0133,36615600
2009-10-20,3.0236,3.0236,2.9566,2.9838,33550800
2009-10-21,2.9728,3.034,2.9293,2.9293,43429200
2009-10-22,2.9389,3.0259,2.9138,3.0067,46489200
2009-10-23,3.0207,3.0229,2.9242,2.9514,65227200
2009-10-26,2.9551,3.006,2.874,2.8888,51646800
2009-10-27,2.8969,2.9323,2.8667,2.8932,46143600
2009-10-28,2.8807,2.905,2.8203,2.8239,48357600
2009-10-29,2.8652,2.9433,2.846,2.9308,49863600
2009-10-30,2.9183,2.9374,2.7746,2.7871,93700800
2009-11-02,2.804,2.8755,2.7723,2.8328,77409600
2009-11-03,2.7974,2.8335,2.7849,2.8239,57380400
2009-11-04,2.8652,2.9183,2.835,2.8475,56904000
2009-11-05,2.8888,2.9669,2.8873,2.9617,40551600
2009-11-06,2.9308,2.989,2.9212,2.978,36200400
2009-11-09,3.02,3.0988,3.0089,3.0966,41325600
2009-11-10,3.0892,3.1217,3.0819,3.1158,38162400
2009-11-11,3.1423,3.171,3.1113,3.1423,46494000
2009-11-12,3.1305,3.1592,3.0656,3.0841,44529600
2009-11-13,3.0966,3.1475,3.0789,3.1283,46618800
2009-11-16,3.157,3.2292,3.1541,3.2108,49158000
2009-11-17,3.1983,3.2329,3.1843,3.2315,30948000
2009-11-18,3.227,3.2307,3.1872,3.2263,29214000
2009-11-19,3.1946,3.1953,3.1224,3.1725,38278800
2009-11-20,3.1445,3.1799,3.1342,3.1681,35862000
2009-11-23,3.2241,3.272,3.2219,3.2396,38768400
2009-11-24,3.2396,3.2469,3.1872,3.2351,31072800
2009-11-25,3.2469,3.2639,3.2263,3.2521,22917600
2009-11-27,3.1165,3.2027,3.1025,3.1614,39333600
2009-11-30,3.1578,3.1953,3.1327,3.1836,41192400
2009-12-01,3.2322,3.2801,3.2285,3.2565,32488800
2009-12-02,3.2543,3.2875,3.2292,3.2462,29486400
2009-12-03,3.2646,3.2838,3.185,3.1924,36721200
2009-12-04,3.2713,3.2889,3.1615,3.2064,55880400
2009-12-07,3.2042,3.2425,3.1909,3.2123,28032000
2009-12-08,3.1755,3.1755,3.1246,3.1452,37465200
2009-12-09,3.146,3.1821,3.1165,3.1769,35618400
2009-12-10,3.2094,3.2469,3.2079,3.2211,26336400
2009-12-11,3.2425,3.2727,3.2307,3.269,27075600
2009-12-14,3.2934,3.2941,3.2668,3.283,19399200
2009-12-15,3.2646,3.2808,3.2381,3.2543,15730800
2009-12-16,3.2779,3.2889,3.2374,3.2499,23469600
2009-12-17,3.2145,3.2182,3.1651,3.1688,26114400
2009-12-18,3.2012,3.2035,3.1364,3.1813,26035200
2009-12-21,3.2057,3.2558,3.2042,3.2263,32317200
2009-12-22,3.2425,3.269,3.2359,3.2595,17672400
2009-12-23,3.2715,3.2767,3.242,3.2582,15360000
2009-12-24,3.2671,3.2959,3.2634,3.2959,9404400
2009-12-28,3.3092,3.3143,3.2863,3.3114,12248400
2009-12-29,3.3217,3.3328,3.3077,3.3114,12187200
2009-12-30,3.2892,3.3136,3.2848,3.3055,16688400
2009-12-31,3.3121,3.3173,3.2324,3.2346,19886400
2010-01-04,3.284,3.3453,3.2774,3.3328,23232000
2010-01-05,3.3313,3.3335,3.2855,3.3217,23797200
2010-01-06,3.3217,3.3431,3.3136,3.3283,23673600
2010-01-07,3.3121,3.3549,3.287,3.3512,25104000
2010-01-08,3.3357,3.3616,3.3187,3.3616,20467200
2010-01-11,3.3822,3.3963,3.3424,3.3867,27334800
2010-01-12,3.3439,3.38,3.3276,3.3645,30919200
2010-01-13,3.3741,3.4169,3.3564,3.4022,26217600
2010-01-14,3.3955,3.4258,3.3904,3.4199,17534400
2010-01-15,3.4155,3.4162,3.3239,3.3542,44535600
2010-01-19,3.3461,3.431,3.3453,3.4258,26461200
2010-01-20,3.3837,3.3852,3.2966,3.3527,53060400
2010-01-21,3.3498,3.3586,3.2065,3.2102,76569600
2010-01-22,3.1881,3.2169,3.0736,3.0781,69436800
2010-01-25,3.1253,3.132,3.081,3.095,42086400
2010-01-26,3.0803,3.1497,3.0692,3.0928,49753200
2010-01-27,3.0788,3.132,3.0404,3.1209,55347600
2010-01-28,3.1371,3.1371,3.0094,3.0507,62948400
2010-01-29,3.0714,3.1209,3.0035,3.0131,66490800
2010-02-01,3.0507,3.0906,3.0426,3.0877,35966400
2010-02-02,3.0965,3.1644,3.0795,3.1526,33142800
2010-02-03,3.1379,3.1637,3.1179,3.1379,29546400
2010-02-04,3.0928,3.1017,2.9769,2.9806,64230000
2010-02-05,2.9806,2.9961,2.8787,2.9858,86696400
2010-02-08,2.9754,2.9983,2.923,2.9282,51601200
2010-02-09,2.988,3.0626,2.9658,3.0094,74974800
2010-02-10,3.0042,3.033,2.9592,3.0057,50950800
2010-02-11,2.9991,3.0788,2.9666,3.0677,37574400
2010-02-12,3.0094,3.0559,2.9732,3.053,57710400
2010-02-16,3.0936,3.1526,3.0692,3.1445,30374400
2010-02-17,3.1681,3.1814,3.1519,3.177,27693600
2010-02-18,3.1622,3.2346,3.1622,3.2242,26425200
2010-02-19,3.211,3.2575,3.1947,3.2331,36532800
2010-02-22,3.2553,3.2553,3.2132,3.2228,24837600
2010-02-23,3.2073,3.2405,3.1512,3.1585,39038400
2010-02-24,3.1822,3.2279,3.1689,3.2146,28880400
2010-02-25,3.1238,3.1895,3.1017,3.1859,38715600
2010-02-26,3.1903,3.2065,3.1556,3.1866,25702800
2010-03-01,3.211,3.2427,3.2058,3.2302,19364400
2010-03-02,3.2575,3.2685,3.2272,3.2309,25573200
2010-03-03,3.2553,3.2774,3.2198,3.2383,21985200
2010-03-04,3.2457,3.2663,3.2279,3.2619,18414000
2010-03-05,3.29,3.3409,3.284,3.3394,21525600
2010-03-08,3.3372,3.3527,3.3239,3.3306,13952400
2010-03-09,3.3195,3.369,3.3187,3.3394,20100000
2010-03-10,3.3431,3.363,3.3158,3.3402,21584400
2010-03-11,3.3283,3.3719,3.3069,3.3704,19700400
2010-03-12,3.3926,3.3963,3.363,3.38,23298000
2010-03-15,3.3741,3.3941,3.3468,3.3896,21092400
2010-03-16,3.4044,3.4258,3.38,3.4206,25563600
2010-03-17,3.4369,3.4731,3.4325,3.4509,21966000
2010-03-18,3.4531,3.4827,3.448,3.4782,27211200
2010-03-19,3.4546,3.5048,3.4265,3.4546,24900000
2010-03-22,3.428,3.4996,3.4243,3.4834,24490800
2010-03-23,3.4967,3.5535,3.4856,3.5506,19309200
2010-03-24,3.5316,3.5464,3.5094,3.5212,26116800
2010-03-25,3.5567,3.5937,3.5153,3.5227,29755200
2010-03-26,3.533,3.5641,3.5034,3.5227,24190800
2010-03-29,3.5456,3.5693,3.5382,3.5552,13438800
2010-03-30,3.5612,3.5848,3.5375,3.5671,18339600
2010-03-31,3.5456,3.5612,3.5153,3.533,17931600
2010-04-01,3.5745,3.5967,3.536,3.5767,19520400
2010-04-05,3.5989,3.6159,3.5752,3.6078,13204800
2010-04-06,3.5893,3.6152,3.5767,3.6056,13479600
2010-04-07,3.5952,3.6041,3.5264,3.5612,29301600
2010-04-08,3.5419,3.5945,3.5256,3.5819,19389600
2010-04-09,3.5922,3.6285,3.5848,3.6241,17908800
2010-04-12,3.6337,3.6463,3.6218,3.633,16791600
2010-04-13,3.6248,3.6522,3.5922,3.6389,14458800
2010-04-14,3.6633,3.7099,3.6515,3.707,15914400
2010-04-15,3.6951,3.7299,3.6914,3.7255,14877600
2010-04-16,3.7114,3.7284,3.6078,3.6389,54577200
2010-04-19,3.6174,3.687,3.6108,3.684,26872800
2010-04-20,3.7099,3.7218,3.6796,3.7018,20064000
2010-04-21,3.7025,3.7269,3.6729,3.7025,25134000
2010-04-22,3.6663,3.7262,3.6381,3.7166,31561200
2010-04-23,3.7136,3.7625,3.6966,3.7573,22948800
2010-04-26,3.7654,3.7987,3.761,3.7632,18560400
2010-04-27,3.744,3.7721,3.6078,3.6152,49508400
2010-04-28,3.65,3.6796,3.6041,3.6581,38048400
2010-04-29,3.6877,3.7573,3.6862,3.7373,25813200
2010-04-30,3.7454,3.7573,3.6263,3.6263,29728800
2010-05-03,3.6603,3.7425,3.6603,3.7247,21128400
2010-05-04,3.6559,3.6574,3.536,3.576,41378400
2010-05-05,3.5227,3.59,3.5064,3.5404,47320800
2010-05-06,3.5123,3.5508,2.7382,3.3132,74588400
2010-05-07,3.297,3.3525,3.1408,3.2207,103964400
2010-05-10,3.4553,3.5101,3.4183,3.4805,55561200
2010-05-11,3.4235,3.539,3.4139,3.4576,37316400
2010-05-12,3.4864,3.5656,3.4768,3.5604,23169600
2010-05-13,3.5441,3.5745,3.4775,3.482,24709200
2010-05-14,3.4442,3.4583,3.3258,3.3836,39734400
2010-05-17,3.3932,3.408,3.2651,3.3858,26038800
2010-05-18,3.4339,3.4457,3.2947,3.314,37569600
2010-05-19,3.2844,3.3221,3.1985,3.2688,39037200
2010-05-20,3.1608,3.1749,3.0342,3.035,59344800
2010-05-21,2.9565,3.1157,2.9395,3.1097,47086800
2010-05-24,3.0809,3.1179,3.0276,3.0342,37010400
2010-05-25,2.9092,3.0291,2.8603,3.0217,51859200
2010-05-26,3.049,3.1031,2.9662,2.9765,48243600
2010-05-27,3.0779,3.1564,3.0587,3.1556,27735600
2010-05-28,3.1453,3.1482,3.0542,3.0809,27496800
2010-06-01,3.0313,3.129,3.0054,3.0113,29155200
2010-06-02,3.0416,3.149,3.0157,3.1467,21862800
2010-06-03,3.1719,3.1867,3.1008,3.1504,28494000
2010-06-04,3.0468,3.0587,2.9255,2.9521,55209600
2010-06-07,2.9654,2.9802,2.8796,2.8825,26420400
2010-06-08,2.8855,2.9639,2.8485,2.9506,40228800
2010-06-09,2.9824,3.0291,2.9136,2.9336,30476400
2010-06-10,3.0187,3.0994,3.0172,3.0927,36040800
2010-06-11,3.0431,3.1216,3.0416,3.1208,25407600
2010-06-14,3.1638,3.1919,3.1053,3.1105,22226400
2010-06-15,3.1512,3.2407,3.1386,3.2333,18268800
2010-06-16,3.2052,3.2533,3.1934,3.2415,20948400
2010-06-17,3.26,3.2614,3.1845,3.257,33580800
2010-06-18,3.2666,3.2873,3.2503,3.2666,22676400
2010-06-21,3.3451,3.3576,3.2326,3.2637,32227200
2010-06-22,3.2673,3.2932,3.1628,3.1687,33986400
2010-06-23,3.1768,3.2139,3.1264,3.1724,35587200
2010-06-24,3.142,3.1502,3.0671,3.0834,44770800
2010-06-25,3.0953,3.1116,3.0382,3.0938,35860800
2010-06-28,3.0908,3.1123,3.0516,3.0731,22146000
2010-06-29,3.0019,3.0019,2.8758,2.9114,50689200
2010-06-30,2.8988,2.9344,2.8432,2.8514,30416400
2010-07-01,2.8521,2.8669,2.7639,2.8291,59305200
2010-07-02,2.838,2.8521,2.7602,2.798,29654400
2010-07-06,2.8669,2.9018,2.7861,2.8343,29964000
2010-07-07,2.841,3.0026,2.838,2.9974,38004000
2010-07-08,3.0375,3.0723,3.0063,3.0723,26061600
2010-07-09,3.0679,3.1094,3.0597,3.1094,20437200
2010-07-12,3.0931,3.1205,3.0745,3.1175,16794000
2010-07-13,3.1768,3.2339,3.1731,3.2058,22308000
2010-07-14,3.1946,3.2302,3.1694,3.2087,18584400
2010-07-15,3.2058,3.2169,3.1294,3.2058,23199600
2010-07-16,3.1679,3.1746,3.0338,3.0464,28249200
2010-07-19,3.0701,3.0975,3.03,3.0819,15390000
2010-07-20,2.9885,3.1287,2.9856,3.1235,22882800
2010-07-21,3.1464,3.1472,3.0263,3.0582,25300800
2010-07-22,3.1168,3.2065,3.1161,3.1776,22807200
2010-07-23,3.1702,3.2554,3.1583,3.2421,26062800
2010-07-26,3.2525,3.3073,3.2384,3.3029,18375600
2010-07-27,3.337,3.34,3.2866,3.3155,22852800
2010-07-28,3.3014,3.3207,3.2666,3.2895,23811600
2010-07-29,3.3281,3.3437,3.2191,3.2658,33375600
2010-07-30,3.2132,3.294,3.1954,3.268,35050800
2010-08-02,3.3555,3.4104,3.3414,3.397,18259200
2010-08-03,3.3785,3.4,3.3518,3.3718,15943200
2010-08-04,3.3896,3.42,3.3718,3.4074,20788800
2010-08-05,3.3733,3.4045,3.3622,3.4022,12184800
2010-08-06,3.3429,3.3926,3.3029,3.3904,23911200
2010-08-09,3.4119,3.4341,3.3874,3.4178,12398400
2010-08-10,3.3703,3.4215,3.3259,3.3867,24933600
2010-08-11,3.2955,3.2969,3.2139,3.2265,27228000
2010-08-12,3.1479,3.211,3.1435,3.1835,27643200
2010-08-13,3.1717,3.2072,3.1635,3.1746,19508400
2010-08-16,3.1464,3.1932,3.119,3.1717,17732400
2010-08-17,3.2184,3.2866,3.1998,3.2399,19923600
2010-08-18,3.2362,3.2866,3.1976,3.2517,21590400
2010-08-19,3.2221,3.2369,3.1279,3.1613,28140000
2010-08-20,3.1442,3.1464,3.0857,3.1279,24972000
2010-08-23,3.1509,3.182,3.0997,3.102,29251200
2010-08-24,3.0382,3.0656,2.9893,3.0197,42424800
2010-08-25,2.9915,3.0538,2.9574,3.0315,27285600
2010-08-26,3.0508,3.0582,2.9752,2.9908,28335600
2010-08-27,3.0271,3.0938,2.9589,3.0901,29456400
2010-08-30,3.0686,3.0871,3.0041,3.0063,17101200
2010-08-31,2.9856,3.0434,2.9648,3.0056,31502400
2010-09-01,3.0753,3.1665,3.0731,3.1598,21295200
2010-09-02,3.1702,3.1917,3.1509,3.1909,15142800
2010-09-03,3.2488,3.274,3.2161,3.2688,21411600
2010-09-07,3.2451,3.2517,3.1983,3.2058,16972800
2010-09-08,3.2176,3.2584,3.2154,3.2332,12016800
2010-09-09,3.2932,3.2969,3.2324,3.2502,13447200
2010-09-10,3.2621,3.2851,3.2443,3.2814,8624400
2010-09-13,3.3377,3.3503,3.2999,3.337,13922400
2010-09-14,3.3259,3.3629,3.3073,3.3236,15667200
2010-09-15,3.3066,3.3622,3.294,3.3548,14212800
2010-09-16,3.3407,3.3733,3.3199,3.3703,14779200
2010-09-17,3.3918,3.4022,3.3496,3.3711,19594800
2010-09-20,3.3956,3.4808,3.3837,3.466,20362800
2010-09-21,3.4696,3.5193,3.4443,3.474,43917600
2010-09-22,3.4696,3.5015,3.4383,3.4592,24164400
2010-09-23,3.4101,3.4733,3.3953,3.4116,24016800
2010-09-24,3.4814,3.5386,3.477,3.5334,19210800
2010-09-27,3.5342,3.5438,3.503,3.5082,14025600
2010-09-28,3.5178,3.5535,3.451,3.5342,32245200
2010-09-29,3.5164,3.5431,3.4963,3.5178,30920400
2010-09-30,3.5542,3.5936,3.4614,3.4896,52204800
2010-10-01,3.5305,3.5416,3.4844,3.5156,29718000
2010-10-04,3.503,3.5312,3.4391,3.4651,25232400
2010-10-05,3.5216,3.6025,3.5112,3.5847,23094000
2010-10-06,3.5884,3.6129,3.5765,3.6085,20334000
2010-10-07,3.6323,3.6323,3.5594,3.5973,18217200
2010-10-08,3.6055,3.6508,3.584,3.633,18711600
2010-10-11,3.6434,3.6508,3.6159,3.6375,7238400
2010-10-12,3.6174,3.6657,3.5721,3.6434,20037600
2010-10-13,3.6798,3.7326,3.6679,3.6947,16004400
2010-10-14,3.6932,3.7043,3.6449,3.6962,14797200
2010-10-15,3.7236,3.7266,3.6367,3.6716,26208000
2010-10-18,3.6761,3.734,3.6657,3.7073,9140400
2010-10-19,3.6479,3.6739,3.5736,3.6144,21444000
2010-10-20,3.6308,3.7318,3.6271,3.6984,13045200
2010-10-21,3.734,3.7734,3.6753,3.7296,15280800
2010-10-22,3.7311,3.7378,3.7043,3.7177,8839200
2010-10-25,3.7526,3.7957,3.7378,3.743,15867600
2010-10-26,3.7051,3.7534,3.6887,3.743,13725600
2010-10-27,3.6984,3.7236,3.6441,3.7125,16309200
2010-10-28,3.7452,3.7504,3.6664,3.7014,14462400
2010-10-29,3.6939,3.7184,3.6805,3.711,8876400
2010-11-01,3.7378,3.7935,3.6709,3.7132,21559200
2010-11-02,3.76,3.7779,3.7496,3.7534,9319200
2010-11-03,3.766,3.7846,3.6984,3.7794,23527200
2010-11-04,3.8499,3.9294,3.8425,3.9242,23548800
2010-11-05,3.9235,3.9369,3.8975,3.9294,15255600
2010-11-08,3.9049,3.9175,3.8782,3.9049,16179600
2010-11-09,3.9205,3.922,3.8403,3.87,12159600
2010-11-10,3.867,3.8849,3.8083,3.873,13592400
2010-11-11,3.8173,3.8425,3.7927,3.8277,18313200
2010-11-12,3.789,3.8232,3.7318,3.766,22705200
2010-11-15,3.7838,3.8247,3.7675,3.7727,14332800
2010-11-16,3.7288,3.7378,3.6263,3.6545,31683600
2010-11-17,3.6635,3.6731,3.6389,3.6501,16923600
2010-11-18,3.7095,3.7771,3.7095,3.7615,16234800
2010-11-19,3.7534,3.7816,3.7229,3.7764,8637600
2010-11-22,3.7474,3.7682,3.6798,3.7638,16695600
2010-11-23,3.6947,3.6976,3.6367,3.6679,19129200
2010-11-24,3.7118,3.7734,3.7103,3.7675,11022000
2010-11-26,3.7043,3.7326,3.685,3.685,7376400
2010-11-29,3.6575,3.6984,3.6011,3.6835,17186400
2010-11-30,3.6211,3.6924,3.6115,3.6538,19622400
2010-12-01,3.7482,3.8321,3.7482,3.818,15715200
2010-12-02,3.8247,3.8997,3.8225,3.8893,12392400
2010-12-03,3.8589,3.9094,3.8589,3.9019,11338800
2010-12-06,3.8938,3.9116,3.8819,3.893,6994800
2010-12-07,3.951,3.9562,3.8856,3.8886,16767600
2010-12-08,3.8886,3.9123,3.87,3.8997,9634800
2010-12-09,3.9317,3.9346,3.8745,3.9019,10977600
2010-12-10,3.9146,3.9309,3.8915,3.925,9631200
2010-12-13,3.9554,3.9785,3.9361,3.9436,10179600
2010-12-14,3.951,4.0022,3.948,3.9777,11378400
2010-12-15,3.9681,4.006,3.9532,3.9673,10041600
2010-12-16,3.9748,4.0052,3.9376,3.9941,19708800
2010-12-17,3.9911,3.9926,3.9577,3.9904,11005200
2010-12-20,4.0015,4.006,3.9525,3.9755,8937600
2010-12-21,3.9978,4.026,3.9933,4.0164,5775600
2010-12-22,4.0171,4.0386,4.0112,4.0342,5026800
2010-12-23,4.0308,4.0479,4.0204,4.0442,3886800
2010-12-27,4.0174,4.0367,4.0033,4.0315,3502800
2010-12-28,4.0471,4.0553,4.0174,4.0464,12428400
2010-12-29,4.0583,4.0784,4.0531,4.0538,4660800
2010-12-30,4.0464,4.0583,4.0285,4.0397,4954800
2010-12-31,4.0308,4.0598,4.0122,4.0546,4182000
2011-01-03,4.1066,4.1393,4.1044,4.1059,10594800
2011-01-04,4.1609,4.1609,4.0858,4.1215,10064400
2011-01-05,4.1074,4.1624,4.0992,4.1483,8889600
2011-01-06,4.1579,4.1624,4.1141,4.1334,7518000
2011-01-07,4.1416,4.155,4.0642,4.1178,15540000
2011-01-10,4.0888,4.1014,4.0471,4.0918,7250400
2011-01-11,4.1222,4.1386,4.0903,4.1148,8544000
2011-01-12,4.1572,4.1936,4.1498,4.178,7686000
2011-01-13,4.1736,4.1736,4.1356,4.1602,9020400
2011-01-14,4.1408,4.2018,4.1349,4.1959,7683600
2011-01-18,4.2026,4.2487,4.2011,4.2345,12283200
2011-01-19,4.2442,4.2531,4.2093,4.2286,15519600
2011-01-20,4.204,4.2427,4.1706,4.2271,16250400
2011-01-21,4.2777,4.2851,4.2457,4.2635,11528400
2011-01-24,4.2546,4.3409,4.2509,4.3379,12589200
2011-01-25,4.3238,4.3424,4.2792,4.3349,19142400
2011-01-26,4.3409,4.3677,4.3245,4.3431,17610000
2011-01-27,4.3453,4.3662,4.3327,4.3431,13210800
2011-01-28,4.3483,4.3617,4.2093,4.2271,30486000
2011-01-31,4.2427,4.2725,4.2189,4.271,14325600
2011-02-01,4.3126,4.3863,4.3037,4.3729,17178000
2011-02-02,4.3617,4.3929,4.361,4.3796,11822400
2011-02-03,4.3729,4.4108,4.3372,4.3967,15272400
2011-02-04,4.3959,4.4197,4.3706,4.4182,13524000
2011-02-07,4.4338,4.4904,4.4324,4.4695,18373200
2011-02-08,4.4747,4.5313,4.4673,4.5253,11322000
2011-02-09,4.5238,4.5461,4.4971,4.535,12555600
2011-02-10,4.4971,4.5342,4.4733,4.5231,13680000
2011-02-11,4.5,4.5714,4.4948,4.564,11522400
2011-02-14,4.5528,4.5677,4.5372,4.5595,8180400
2011-02-15,4.5402,4.5417,4.5067,4.5268,9326400
2011-02-16,4.5513,4.5915,4.5402,4.5804,13430400
2011-02-17,4.564,4.6138,4.5566,4.6019,9238800
2011-02-18,4.6079,4.6577,4.5989,4.6562,8023200
2011-02-22,4.6012,4.6302,4.4956,4.5253,22230000
2011-02-23,4.5112,4.5171,4.4115,4.4472,22071600
2011-02-24,4.4435,4.4614,4.355,4.416,18292800
2011-02-25,4.4547,4.4837,4.4405,4.471,9625200
2011-02-28,4.4978,4.5476,4.4926,4.5476,8598000
2011-03-01,4.5692,4.5692,4.4123,4.4138,17941200
2011-03-02,4.4041,4.4547,4.3855,4.4182,17940000
2011-03-03,4.4874,4.5789,4.4874,4.5588,9866400
2011-03-04,4.5625,4.5692,4.4264,4.4904,17241600
2011-03-07,4.5097,4.5476,4.3981,4.4368,14806800
2011-03-08,4.4443,4.5573,4.4242,4.5283,11589600
2011-03-09,4.5179,4.5632,4.4889,4.5298,12654000
2011-03-10,4.4495,4.4495,4.3528,4.3625,22519200
2011-03-11,4.3238,4.4398,4.323,4.4071,14380800
2011-03-14,4.3595,4.387,4.3007,4.3669,14500800
2011-03-15,4.1639,4.3126,4.1535,4.2665,33126000
2011-03-16,4.2316,4.2457,4.0531,4.094,36529200
2011-03-17,4.1899,4.2264,4.1527,4.2048,18464400
2011-03-18,4.3067,4.3178,4.2457,4.268,15178800
2011-03-21,4.358,4.4272,4.3572,4.3922,8773200
2011-03-22,4.3982,4.4078,4.3736,4.3855,6475200
2011-03-23,4.3667,4.4553,4.3489,4.4308,8648400
2011-03-24,4.4821,4.5097,4.4419,4.4963,11185200
2011-03-25,4.5134,4.5603,4.5052,4.5305,10138800
2011-03-28,4.5432,4.5693,4.5134,4.5142,6015600
2011-03-29,4.5164,4.5804,4.4941,4.573,5145600
2011-03-30,4.6102,4.6526,4.6065,4.6251,6859200
2011-03-31,4.6251,4.6519,4.6057,4.611,8127600
2011-04-01,4.6571,4.6802,4.6206,4.6445,9230400
2011-04-04,4.6594,4.6728,4.6422,4.6631,8490000
2011-04-05,4.6474,4.6951,4.6266,4.6601,8808000
2011-04-06,4.7018,4.7107,4.669,4.6936,7076400
2011-04-07,4.6854,4.7033,4.6169,4.6765,10754400
2011-04-08,4.7077,4.7092,4.6102,4.6586,7695600
2011-04-11,4.6675,4.704,4.6348,4.6564,7933200
2011-04-12,4.599,4.6154,4.5454,4.567,9571200
2011-04-13,4.6191,4.6199,4.5372,4.57,9259200
2011-04-14,4.5291,4.5983,4.4918,4.5849,9034800
2011-04-15,4.6057,4.6452,4.5745,4.6281,12558000
2011-04-18,4.5238,4.5305,4.4397,4.5194,17468400
2011-04-19,4.538,4.5745,4.5186,4.5655,9806400
2011-04-20,4.6824,4.7271,4.6705,4.713,14964000
2011-04-21,4.739,4.748,4.704,4.7472,9196800
2011-04-25,4.7398,4.7405,4.7033,4.7278,8850000
2011-04-26,4.745,4.8291,4.7375,4.8179,18000000
2011-04-27,4.8298,4.9065,4.815,4.8946,20510400
2011-04-28,4.8812,4.9579,4.8805,4.949,13471200
2011-04-29,4.9616,5.0041,4.9587,5.0041,10176000
2011-05-02,5.0383,5.0428,4.9631,4.9795,15213600
2011-05-03,4.975,5.0071,4.9356,4.978,12354000
2011-05-04,4.9683,4.9728,4.876,4.9088,18855600
2011-05-05,4.8812,4.9021,4.7591,4.8105,19746000
2011-05-06,4.8902,4.946,4.8224,4.8596,13584000
2011-05-09,4.8529,4.9177,4.8395,4.8879,8427600
2011-05-10,4.9103,4.9639,4.8991,4.946,13057200
2011-05-11,4.9319,4.9326,4.8157,4.8589,16102800
2011-05-12,4.8299,4.9252,4.7852,4.908,18235200
2011-05-13,4.9103,4.9207,4.7882,4.8328,16128000
2011-05-16,4.8001,4.8641,4.7792,4.7934,9225600
2011-05-17,4.7517,4.7733,4.6683,4.7435,17318400
2011-05-18,4.7502,4.8209,4.7241,4.8127,7360800
2011-05-19,4.8447,4.8686,4.7919,4.847,10596000
2011-05-20,4.8291,4.838,4.7547,4.7748,14433600
2011-05-23,4.6534,4.701,4.6385,4.6765,11527200
2011-05-24,4.6936,4.707,4.6512,4.6586,11254800
2011-05-25,4.6221,4.7189,4.6214,4.6839,10488000
2011-05-26,4.6668,4.7226,4.6288,4.6973,10530000
2011-05-27,4.7226,4.7576,4.7085,4.7256,9537600
2011-05-31,4.8083,4.8254,4.7547,4.8239,11392800
2011-06-01,4.7956,4.7963,4.602,4.6102,21816000
2011-06-02,4.6117,4.6206,4.5343,4.5782,14790000
2011-06-03,4.4725,4.5551,4.4687,4.5067,13107600
2011-06-06,4.4896,4.5045,4.4434,4.4606,10755600
2011-06-07,4.5008,4.5238,4.4405,4.4419,10106400
2011-06-08,4.433,4.4665,4.4114,4.43,11179200
2011-06-09,4.4509,4.5291,4.4367,4.4859,6847200
2011-06-10,4.4531,4.4598,4.3466,4.3586,15634800
2011-06-13,4.3839,4.4055,4.3377,4.3638,11100000
2011-06-14,4.4211,4.4866,4.4189,4.4509,11077200
2011-06-15,4.3764,4.4069,4.2968,4.3198,24750000
2011-06-16,4.3176,4.3906,4.3057,4.3705,16154400
2011-06-17,4.433,4.4501,4.3742,4.4025,14896800
2011-06-20,4.372,4.471,4.3682,4.4553,10875600
2011-06-21,4.4889,4.5566,4.4717,4.5343,13837200
2011-06-22,4.4987,4.5509,4.4741,4.4771,12088800
2011-06-23,4.3877,4.4406,4.3035,4.4384,27640800
2011-06-24,4.4347,4.4376,4.3408,4.3549,20209200
2011-06-27,4.3594,4.4674,4.3475,4.4257,11644800
2011-06-28,4.4607,4.5352,4.451,4.5352,9504000
2011-06-29,4.5621,4.6075,4.5248,4.5934,14482800
2011-06-30,4.6284,4.7148,4.6202,4.6992,10863600
2011-07-01,4.7126,4.8415,4.6962,4.8295,15043200
2011-07-05,4.828,4.8467,4.7982,4.8228,13706400
2011-07-06,4.8146,4.8824,4.8042,4.8698,11236800
2011-07-07,4.9286,4.9689,4.91,4.9428,11431200
2011-07-08,4.8653,4.8944,4.8228,4.8944,11961600
2011-07-11,4.7997,4.8199,4.7483,4.7759,11290800
2011-07-12,4.7744,4.8258,4.7312,4.7319,15883200
2011-07-13,4.7789,4.8549,4.7439,4.7684,15324000
2011-07-14,4.7759,4.8348,4.7051,4.7208,21094800
2011-07-15,4.7714,4.7737,4.6977,4.758,15037200
2011-07-18,4.7073,4.717,4.6172,4.6835,15272400
2011-07-19,4.7416,4.8526,4.7401,4.8377,13348800
2011-07-20,4.8511,4.8541,4.8102,4.8303,9738000
2011-07-21,4.872,4.9674,4.8467,4.9465,19848000
2011-07-22,4.9353,4.945,4.8832,4.9122,10898400
2011-07-25,4.8139,4.8914,4.7975,4.8444,12156000
2011-07-26,4.8154,4.8273,4.7632,4.7751,16455600
2011-07-27,4.7401,4.7409,4.6112,4.6239,21380400
2011-07-28,4.6202,4.6835,4.5635,4.577,19869600
2011-07-29,4.4883,4.5762,4.457,4.5047,22977600
2011-08-01,4.6127,4.6284,4.3937,4.4883,37730400
2011-08-02,4.4339,4.4831,4.2923,4.2923,25482000
2011-08-03,4.3058,4.3251,4.1783,4.3199,30906000
2011-08-04,4.2104,4.2298,3.9392,3.9466,52284000
2011-08-05,4.048,4.0748,3.7797,3.9861,58326000
2011-08-08,3.7745,3.9004,3.5547,3.557,54531600
2011-08-09,3.6598,3.8371,3.4176,3.8371,47260800
2011-08-10,3.6955,3.7201,3.4616,3.4787,57400800
2011-08-11,3.5488,3.8483,3.5242,3.7447,41617200
2011-08-12,3.8289,3.8975,3.7678,3.8475,32479200
2011-08-15,3.9191,3.9921,3.8952,3.9891,26916000
2011-08-16,3.9302,3.9958,3.8595,3.9369,24794400
2011-08-17,3.9802,4.0338,3.8885,3.9511,18244800
2011-08-18,3.7633,3.7723,3.5845,3.6732,59330400
2011-08-19,3.5681,3.7246,3.5346,3.5413,37590000
2011-08-22,3.6933,3.6985,3.5495,3.5666,25899600
2011-08-23,3.6032,3.776,3.5771,3.7678,35028000
2011-08-24,3.7596,3.8848,3.7388,3.8758,27181200
2011-08-25,3.9042,3.934,3.7306,3.7596,32269200
2011-08-26,3.7216,3.8818,3.6143,3.8572,36019200
2011-08-29,3.9422,4.0286,3.9414,4.0241,18685200
2011-08-30,4.0047,4.0956,3.9489,4.042,25113600
2011-08-31,4.0956,4.153,4.0234,4.0807,32442000
2011-09-01,4.0904,4.1553,3.9943,4.0018,22810800
2011-09-02,3.8557,3.893,3.8028,3.8229,19410000
2011-09-06,3.6277,3.7686,3.6136,3.7522,37845600
2011-09-07,3.858,3.9392,3.8311,3.934,20408400
2011-09-08,3.8967,3.9854,3.8513,3.858,25042800
2011-09-09,3.776,3.7805,3.6128,3.6516,39196800
2011-09-12,3.5547,3.6993,3.5406,3.697,30500400
2011-09-13,3.709,3.7551,3.6508,3.7253,28348800
2011-09-14,3.7648,3.9198,3.6553,3.8244,25238400
2011-09-15,3.896,3.9548,3.8528,3.9533,23066400
2011-09-16,3.9884,4.0211,3.9332,4.0033,21372000
2011-09-19,3.884,3.9615,3.8267,3.9273,20960400
2011-09-20,3.9615,4.0331,3.9116,3.9384,23996400
2011-09-21,3.9428,3.9622,3.7308,3.7308,32042400
2011-09-22,3.5338,3.5636,3.3852,3.4718,43065600
2011-09-23,3.436,3.5263,3.4128,3.4965,22772400
2011-09-26,3.5584,3.6853,3.5009,3.6786,31568400
2011-09-27,3.8242,3.8936,3.7368,3.7749,27691200
2011-09-28,3.8018,3.8607,3.6443,3.6562,14296800
2011-09-29,3.7846,3.8264,3.6234,3.754,27876000
2011-09-30,3.6487,3.7383,3.5845,3.5957,25038000
2011-10-03,3.5435,3.6301,3.4151,3.4211,30128400
2011-10-04,3.3382,3.5271,3.2583,3.5039,38400000
2011-10-05,3.5136,3.6144,3.4763,3.6069,24076800
2011-10-06,3.6092,3.7323,3.5539,3.7294,24846000
2011-10-07,3.7779,3.7995,3.6778,3.7189,30897600
2011-10-10,3.8294,3.9384,3.8271,3.9384,13610400
2011-10-11,3.8921,3.9443,3.8876,3.9219,13065600
2011-10-12,3.972,4.0668,3.9503,3.9921,10141200
2011-10-13,3.9563,3.9884,3.8951,3.9637,14485200
2011-10-14,4.0459,4.0832,4.0011,4.0817,9924000
2011-10-17,4.0488,4.0496,3.8936,3.9092,17428800
2011-10-18,3.8854,4.0824,3.8368,4.0249,23178000
2011-10-19,4.0212,4.072,3.9563,3.9839,18152400
2011-10-20,3.9891,4.0369,3.9055,4.0063,22590000
2011-10-21,4.0966,4.1981,4.0966,4.1914,17128800
2011-10-24,4.2168,4.2892,4.2078,4.2676,13656000
2011-10-25,4.222,4.231,4.1041,4.122,10732800
2011-10-26,4.2362,4.2504,4.1123,4.2355,16413600
2011-10-27,4.4243,4.5318,4.378,4.481,24046800
2011-10-28,4.4601,4.5079,4.4437,4.4982,12186000
2011-10-31,4.3959,4.4094,4.2907,4.2922,12308400
2011-11-01,4.1205,4.172,4.0563,4.0802,23806800
2011-11-02,4.1825,4.2295,4.1354,4.2026,10488000
2011-11-03,4.2847,4.3653,4.2056,4.3489,19909200
2011-11-04,4.2944,4.3116,4.2093,4.3071,7758000
2011-11-07,4.3041,4.3698,4.2325,4.3646,11242800
2011-11-08,4.4094,4.4616,4.3295,4.4475,10752000
2011-11-09,4.284,4.3094,4.131,4.1653,28072800
2011-11-10,4.2534,4.2952,4.178,4.2496,20848800
2011-11-11,4.3467,4.4504,4.3459,4.4333,12949200
2011-11-14,4.4236,4.44,4.34,4.3788,9414000
2011-11-15,4.3534,4.4407,4.3213,4.387,10479600
2011-11-16,4.3198,4.4071,4.2474,4.2578,15903600
2011-11-17,4.2608,4.2899,4.0951,4.169,18777600
2011-11-18,4.1944,4.2235,4.1526,4.181,8875200
2011-11-21,4.0668,4.0809,3.9369,4.0018,19922400
2011-11-22,3.9839,4.0235,3.9272,3.9705,13701600
2011-11-23,3.9018,3.9107,3.807,3.8085,14806800
2011-11-25,3.7995,3.8809,3.7965,3.7965,5424000
2011-11-28,3.969,4.013,3.9354,3.9869,13681200
2011-11-29,4.0048,4.0653,3.9899,4.019,10351200
2011-11-30,4.2258,4.3564,4.2228,4.3422,12477600
2011-12-01,4.3295,4.3676,4.3049,4.3392,10185600
2011-12-02,4.4191,4.4303,4.3303,4.3347,13591200
2011-12-05,4.4601,4.4601,4.3444,4.3959,16490400
2011-12-06,4.3989,4.4803,4.3788,4.4266,9625200
2011-12-07,4.4064,4.5154,4.3698,4.4728,8440800
2011-12-08,4.4385,4.4594,4.2997,4.3213,15272400
2011-12-09,4.3571,4.4781,4.3556,4.4534,15913200
2011-12-12,4.393,4.393,4.2788,4.3415,16605600
2011-12-13,4.3907,4.4318,4.2549,4.2922,16815600
2011-12-14,4.2556,4.2862,4.175,4.2026,14481600
2011-12-15,4.2989,4.3034,4.2213,4.2332,13300800
2011-12-16,4.2877,4.3049,4.1974,4.2213,12681600
2011-12-19,4.2519,4.2743,4.1362,4.1593,13006800
2011-12-20,4.2825,4.4079,4.2788,4.393,13868400
2011-12-21,4.4057,4.4079,4.322,4.3959,6932400
2011-12-22,4.4266,4.4564,4.4116,4.4519,9146400
2011-12-23,4.4699,4.5387,4.4535,4.5349,6643200
2011-12-27,4.5282,4.5633,4.5177,4.5394,5858400
2011-12-28,4.5424,4.5424,4.4236,4.4341,7551600
2011-12-29,4.455,4.5364,4.4483,4.5245,10342800
2011-12-30,4.511,4.5334,4.4744,4.4744,5802000
2012-01-03,4.6298,4.6717,4.6052,4.6052,10306800
2012-01-04,4.5872,4.638,4.5686,4.6313,10394400
2012-01-05,4.5917,4.6418,4.529,4.6313,15968400
2012-01-06,4.6388,4.6388,4.5715,4.5955,12086400
2012-01-09,4.6126,4.6253,4.5693,4.6082,8846400
2012-01-10,4.6993,4.7068,4.6522,4.6604,8706000
2012-01-11,4.635,4.6649,4.6171,4.656,9190800
2012-01-12,4.6687,4.6814,4.6067,4.6709,8606400
2012-01-13,4.6059,4.6388,4.5506,4.6388,16041600
2012-01-17,4.7105,4.7479,4.6649,4.6761,9144000
2012-01-18,4.6731,4.7598,4.6619,4.7523,8431200
2012-01-19,4.7763,4.7949,4.7464,4.7942,8523600
2012-01-20,4.7957,4.8652,4.7875,4.8652,8032800
2012-01-23,4.8614,4.8965,4.8211,4.8539,9357600
2012-01-24,4.8039,4.8338,4.7815,4.8278,5838000
2012-01-25,4.7964,4.9085,4.7553,4.8861,16563600
2012-01-26,4.9369,4.957,4.8435,4.8741,10915200
2012-01-27,4.8278,4.851,4.7949,4.8248,13554000
2012-01-30,4.7464,4.8151,4.7165,4.8129,15595200
2012-01-31,4.8577,4.8622,4.7449,4.7979,14950800
2012-02-01,4.8726,4.9115,4.8502,4.8592,14773200
2012-02-02,4.8704,4.8801,4.8263,4.8547,7668000
2012-02-03,4.9488,4.9772,4.9309,4.9712,10651200
2012-02-06,4.9324,4.957,4.9182,4.9541,5458800
2012-02-07,4.9414,5.0026,4.9092,4.9832,11924400
2012-02-08,4.9899,5.0041,4.9443,5.0011,8179200
2012-02-09,5.0176,5.0295,4.9668,5.0019,10658400
2012-02-10,4.9249,4.9376,4.8883,4.9376,10936800
2012-02-13,4.9944,5.0011,4.9488,4.9877,6254400
2012-02-14,4.9697,4.9944,4.9242,4.9907,9406800
2012-02-15,5.0206,5.0213,4.907,4.9324,16533600
2012-02-16,4.9391,5.0325,4.9369,5.025,11887200
2012-02-17,5.0684,5.0743,5.0325,5.0609,11356800
2012-02-21,5.0893,5.1027,5.04,5.0714,9993600
2012-02-22,5.0624,5.0811,5.031,5.0512,10666800
2012-02-23,5.04,5.0968,5.0071,5.0885,11706000
2012-02-24,5.1027,5.1132,5.0624,5.0908,7012800
2012-02-27,5.0385,5.1237,5.0086,5.0908,11191200
2012-02-28,5.0908,5.1237,5.0691,5.1117,9638400
2012-02-29,5.1214,5.1491,5.0497,5.0684,11128800
2012-03-01,5.0878,5.1311,5.0601,5.087,14014800
2012-03-02,5.0841,5.1027,5.0482,5.0841,8631600
2012-03-05,5.0721,5.087,5.0131,5.0736,9481200
2012-03-06,4.96,4.9712,4.8988,4.9152,11546400
2012-03-07,4.9331,4.9952,4.9197,4.9802,8060400
2012-03-08,5.0265,5.0594,5.0041,5.0355,6284400
2012-03-09,5.0587,5.0841,5.0347,5.0519,9699600
2012-03-12,5.0542,5.09,5.0467,5.0743,8955600
2012-03-13,5.1229,5.2551,5.105,5.2529,12858000
2012-03-14,5.2566,5.2865,5.2432,5.2664,12321600
2012-03-15,5.2768,5.3127,5.2469,5.3059,13209600
2012-03-16,5.3366,5.344,5.2962,5.2977,7596000
2012-03-19,5.2858,5.3254,5.2761,5.2985,7932000
2012-03-20,5.2432,5.2693,5.2073,5.2447,8442000
2012-03-21,5.2562,5.2607,5.1979,5.2113,7514400
2012-03-22,5.153,5.1762,5.123,5.1462,16422000
2012-03-23,5.1522,5.1881,5.1111,5.1791,7946400
2012-03-26,5.2435,5.3018,5.2397,5.3003,9372000
2012-03-27,5.3063,5.319,5.2629,5.2667,6961200
2012-03-28,5.2704,5.2786,5.1634,5.2076,11590800
2012-03-29,5.1537,5.2293,5.1358,5.2203,10420800
2012-03-30,5.2644,5.2869,5.2255,5.2772,6994800
2012-04-02,5.2547,5.3437,5.23,5.3138,9990000
2012-04-03,5.2988,5.3213,5.2143,5.2652,9156000
2012-04-04,5.1777,5.1896,5.1245,5.1687,11133600
2012-04-05,5.1365,5.1851,5.1238,5.1612,8080800
2012-04-09,5.043,5.0961,5.0378,5.0617,8038800
2012-04-10,5.0385,5.0542,4.8874,4.8874,15384000
2012-04-11,4.9824,4.9921,4.9495,4.9607,8442000
2012-04-12,4.9787,5.1043,4.9727,5.1043,9154800
2012-04-13,5.0722,5.0729,4.9906,4.9989,7274400
2012-04-16,5.0647,5.0991,5.0213,5.0512,10143600
2012-04-17,5.1088,5.2121,5.1088,5.1986,5689200
2012-04-18,5.1455,5.1859,5.1275,5.1335,7556400
2012-04-19,5.1425,5.1747,5.0288,5.0819,15847200
2012-04-20,5.1328,5.1739,5.1253,5.1313,5396400
2012-04-23,5.0303,5.0595,4.9876,5.055,8833200
2012-04-24,5.0744,5.15,5.0737,5.1126,7971600
2012-04-25,5.1679,5.1964,5.1402,5.1821,9906000
2012-04-26,5.1739,5.2921,5.1702,5.2764,5048400
2012-04-27,5.3003,5.3228,5.2622,5.2891,6458400
2012-04-30,5.2772,5.2914,5.2487,5.2764,5641200
2012-05-01,5.2831,5.3804,5.2405,5.3318,5032800
2012-05-02,5.2951,5.3288,5.2614,5.3205,4534800
2012-05-03,5.3228,5.3377,5.2502,5.2734,7540800
2012-05-04,5.224,5.233,5.126,5.1358,8380800
2012-05-07,5.0901,5.1477,5.0864,5.1148,5856000
2012-05-08,5.0609,5.0759,4.9637,5.0572,8104800
2012-05-09,4.9689,5.058,4.9211,4.9959,10316400
2012-05-10,5.037,5.0647,4.9884,5.0041,7656000
2012-05-11,4.9525,5.0609,4.9472,4.9817,4369200
2012-05-14,4.9068,4.945,4.8612,4.8881,8454000
2012-05-15,4.8784,4.9368,4.8216,4.8388,9374400
2012-05-16,4.8747,4.9203,4.8245,4.8283,7224000
2012-05-17,4.8313,4.8335,4.7034,4.7034,9922800
2012-05-18,4.7355,4.74,4.6241,4.6413,8876400
2012-05-21,4.6704,4.7527,4.6502,4.7527,5359200
2012-05-22,4.7602,4.8043,4.7048,4.7565,6778800
2012-05-23,4.6876,4.7535,4.6031,4.743,8592000
2012-05-24,4.764,4.7797,4.6899,4.7759,6160800
2012-05-25,4.7587,4.7767,4.6891,4.7078,6157200
2012-05-29,4.7849,4.8365,4.7587,4.8126,9338400
2012-05-30,4.7288,4.7348,4.6689,4.6899,9182400
2012-05-31,4.6891,4.743,4.6136,4.6742,15483600
2012-06-01,4.5515,4.5694,4.4565,4.4602,12195600
2012-06-04,4.4692,4.4827,4.4026,4.449,9948000
2012-06-05,4.4378,4.4849,4.4273,4.4692,8259600
2012-06-06,4.5328,4.6817,4.532,4.6809,6885600
2012-06-07,4.7722,4.7916,4.7026,4.7191,8829600
2012-06-08,4.6914,4.7916,4.6719,4.7916,4460400
2012-06-11,4.8605,4.8724,4.6704,4.6787,7711200
2012-06-12,4.7138,4.8058,4.6832,4.8006,7881600
2012-06-13,4.7856,4.8283,4.7161,4.7467,5179200
2012-06-14,4.7677,4.9038,4.7527,4.8664,7911600
2012-06-15,4.9083,4.9622,4.8994,4.951,8036400
2012-06-18,4.9098,4.9667,4.8971,4.9353,4958400
2012-06-19,4.9824,5.0565,4.9659,5.0078,5850000
2012-06-20,5.0127,5.0396,4.9371,4.9955,10008000
2012-06-21,5.0142,5.0277,4.7942,4.8002,9188400
2012-06-22,4.8548,4.881,4.8286,4.8638,6700800
2012-06-25,4.771,4.7733,4.7134,4.7493,5654400
2012-06-26,4.771,4.8032,4.7104,4.7755,5714400
2012-06-27,4.7987,4.8586,4.7912,4.8444,4131600
2012-06-28,4.7628,4.8316,4.7097,4.8249,8746800
2012-06-29,4.9768,5.0389,4.9528,5.0366,7602000
2012-07-02,5.0464,5.0553,4.9715,5.0247,5098800
2012-07-03,5.0232,5.0905,5.0157,5.0875,3967200
2012-07-05,5.0456,5.104,5.0187,5.0546,3681600
2012-07-06,4.9753,4.9783,4.9057,4.9581,6146400
2012-07-09,4.9476,4.9551,4.893,4.9311,3819600
2012-07-10,4.9895,5.0022,4.8316,4.8653,8042400
2012-07-11,4.8743,4.8743,4.7755,4.8294,7203600
2012-07-12,4.7763,4.8488,4.7434,4.8047,5198400
2012-07-13,4.8309,4.9663,4.8264,4.9596,3996000
2012-07-16,4.9296,4.9528,4.8915,4.9214,3105600
2012-07-17,4.9573,5.0,4.8586,4.976,6244800
2012-07-18,4.9528,5.0785,4.9461,5.0673,4117200
2012-07-19,5.089,5.1227,5.0523,5.095,4428000
2012-07-20,5.0284,5.0538,4.991,5.0045,5580000
2012-07-23,4.8436,4.9401,4.8129,4.9214,5629200
2012-07-24,4.9132,4.9237,4.7673,4.8376,10123200
2012-07-25,4.8982,4.9274,4.8481,4.89,5760000
2012-07-26,5.0172,5.0808,5.0007,5.0449,6924000
2012-07-27,5.0815,5.2282,5.08,5.1945,12715200
2012-07-30,5.1825,5.2356,5.1668,5.1915,6523200
2012-07-31,5.1795,5.199,5.1391,5.1391,8758800
2012-08-01,5.1923,5.196,5.0935,5.1077,7408800
2012-08-02,5.0464,5.1017,4.9611,5.0426,7380000
2012-08-03,5.1593,5.2401,5.1563,5.2147,6222000
2012-08-06,5.2297,5.2828,5.2259,5.2259,3968400
2012-08-07,5.2603,5.3052,5.2603,5.2648,5254800
2012-08-08,5.2282,5.3007,5.2252,5.279,2682000
2012-08-09,5.2738,5.3022,5.2446,5.2783,2283600
2012-08-10,5.2461,5.3105,5.2177,5.3105,4866000
2012-08-13,5.2933,5.3052,5.2349,5.2835,2283600
2012-08-14,5.3172,5.3247,5.2596,5.2835,3997200
2012-08-15,5.2738,5.3127,5.2693,5.288,1821600
2012-08-16,5.2977,5.3726,5.2768,5.3636,4117200
2012-08-17,5.3606,5.3823,5.3561,5.3748,1809600
2012-08-20,5.3576,5.3771,5.3404,5.3703,1772400
2012-08-21,5.3883,5.4227,5.3045,5.3202,3500400
2012-08-22,5.3045,5.3224,5.2551,5.2992,3428400
2012-08-23,5.282,5.282,5.1945,5.2095,4419600
2012-08-24,5.1982,5.3037,5.1825,5.2895,6741600
2012-08-27,5.291,5.3045,5.2536,5.2641,4158000
2012-08-28,5.2356,5.282,5.2267,5.2461,3243600
2012-08-29,5.2476,5.279,5.2289,5.2521,2850000
2012-08-30,5.208,5.208,5.1504,5.1713,4086000
2012-08-31,5.2267,5.2873,5.1803,5.2409,9160800
2012-09-04,5.2349,5.2394,5.1466,5.1915,5314800
2012-09-05,5.205,5.2409,5.1818,5.2042,2796000
2012-09-06,5.2693,5.4017,5.2686,5.3995,5664000
2012-09-07,5.4055,5.4227,5.3808,5.4107,6240000
2012-09-10,5.3973,5.4272,5.3673,5.3703,2426400
2012-09-11,5.3823,5.4511,5.3823,5.4204,4051200
2012-09-12,5.4534,5.4653,5.4219,5.4377,2098800
2012-09-13,5.4324,5.6329,5.4317,5.6067,5371200
2012-09-14,5.6307,5.6995,5.6112,5.6486,7726800
2012-09-17,5.6254,5.6509,5.5985,5.6217,2106000
2012-09-18,5.5918,5.6419,5.5888,5.6269,3441600
2012-09-19,5.6471,5.6786,5.6224,5.6389,2710800
2012-09-20,5.594,5.6576,5.5768,5.6576,2599200
2012-09-21,5.6995,5.7018,5.6322,5.6374,3024000
2012-09-24,5.5903,5.6576,5.5888,5.6217,1969200
2012-09-25,5.6421,5.6683,5.5387,5.5485,5299200
2012-09-26,5.5447,5.5559,5.4945,5.505,3998400
2012-09-27,5.5507,5.5896,5.5035,5.5642,3386400
2012-09-28,5.5065,5.5545,5.4631,5.52,6348000
2012-10-01,5.5597,5.6533,5.5567,5.5739,5695200
2012-10-02,5.6039,5.6248,5.5095,5.5537,6228000
2012-10-03,5.5747,5.6039,5.5215,5.5709,2830800
2012-10-04,5.6099,5.6533,5.5926,5.6398,4098000
2012-10-05,5.687,5.714,5.6353,5.6758,3902400
2012-10-08,5.6293,5.666,5.6219,5.6473,4537200
2012-10-09,5.6278,5.6541,5.5559,5.5559,4386000
2012-10-10,5.5432,5.5447,5.4361,5.4496,5653200
2012-10-11,5.5028,5.5163,5.4361,5.4361,3226800
2012-10-12,5.4489,5.4938,5.4092,5.4391,5083200
2012-10-15,5.4556,5.5245,5.4324,5.5118,5152800
2012-10-16,5.5604,5.6211,5.5567,5.6166,4471200
2012-10-17,5.5897,5.6293,5.5792,5.6241,2485200
2012-10-18,5.6159,5.6556,5.5904,5.6226,3558000
2012-10-19,5.5889,5.5889,5.4241,5.4466,7063200
2012-10-22,5.4331,5.4698,5.3627,5.4489,7552800
2012-10-23,5.3245,5.3253,5.2392,5.2556,7713600
2012-10-24,5.2766,5.2953,5.2249,5.2399,5596800
2012-10-25,5.2923,5.3028,5.2047,5.2594,4213200
2012-10-26,5.2482,5.2938,5.2017,5.2549,4444800
2012-10-31,5.3036,5.3193,5.2145,5.2399,5037600
2012-11-01,5.2751,5.3882,5.2729,5.3545,4782000
2012-11-02,5.4002,5.4024,5.2347,5.2452,4213200
2012-11-05,5.2257,5.2826,5.2032,5.2616,2389200
2012-11-06,5.2968,5.4032,5.2893,5.359,4676400
2012-11-07,5.2721,5.2721,5.0812,5.1261,10743600
2012-11-08,5.1238,5.162,5.0302,5.0302,4603200
2012-11-09,4.9786,5.0909,4.9733,5.031,8761200
2012-11-12,5.046,5.0714,5.007,5.0302,2173200
2012-11-13,4.9861,5.1006,4.9778,4.9801,5767200
2012-11-14,5.0153,5.025,4.8303,4.858,4994400
2012-11-15,4.8385,4.876,4.7966,4.8325,4975200
2012-11-16,4.837,4.8767,4.7749,4.8625,4698000
2012-11-19,4.9464,5.025,4.9351,5.025,8463600
2012-11-20,4.9965,5.0392,4.9531,5.0272,6086400
2012-11-21,5.0272,5.0669,5.0153,5.0624,2811600
2012-11-23,5.1036,5.201,5.1036,5.2002,4339200
2012-11-26,5.1381,5.168,5.1134,5.1673,5275200
2012-11-27,5.1441,5.1793,5.0901,5.1021,3554400
2012-11-28,5.0647,5.1868,5.007,5.1823,5942400
2012-11-29,5.2257,5.2504,5.168,5.2205,5331600
2012-11-30,5.2294,5.2422,5.1905,5.2152,3940800
2012-12-03,5.2624,5.2714,5.1665,5.1733,4506000
2012-12-04,5.1748,5.2152,5.1523,5.156,2882400
2012-12-05,5.1808,5.2706,5.1396,5.2242,6319200
2012-12-06,5.2332,5.2669,5.2137,5.2669,1768800
2012-12-07,5.3096,5.3358,5.2736,5.3335,3478800
2012-12-10,5.3335,5.3665,5.332,5.3485,2936400
2012-12-11,5.386,5.4571,5.3822,5.4062,4987200
2012-12-12,5.4474,5.4758,5.3934,5.4062,4351200
2012-12-13,5.4084,5.4241,5.329,5.3493,3645600
2012-12-14,5.3425,5.3627,5.3073,5.3216,3212400
2012-12-17,5.3395,5.4092,5.338,5.4032,6848400
2012-12-18,5.4219,5.5058,5.3979,5.4908,5820000
2012-12-19,5.5028,5.5028,5.4144,5.4174,3933600
2012-12-20,5.4129,5.4691,5.3882,5.4653,3159600
2012-12-21,5.3171,5.3979,5.3021,5.3725,6529200
2012-12-24,5.3395,5.347,5.3141,5.3245,1466400
2012-12-26,5.3408,5.3521,5.2718,5.3033,2325600
2012-12-27,5.3048,5.3206,5.1781,5.2838,7003200
2012-12-28,5.2163,5.2688,5.1526,5.1586,3438000
2012-12-31,5.1219,5.2996,5.1174,5.2658,8960400
2013-01-02,5.4773,5.541,5.4645,5.541,6774000
2013-01-03,5.5253,5.5575,5.499,5.5208,4086000
2013-01-04,5.5305,5.5703,5.5125,5.5613,3577200
2013-01-07,5.5268,5.5313,5.484,5.5185,3088800
2013-01-08,5.4983,5.5095,5.451,5.4758,4078800
2013-01-09,5.502,5.5508,5.502,5.5298,2950800
2013-01-10,5.5718,5.5995,5.5223,5.5942,4274400
2013-01-11,5.5935,5.616,5.5703,5.6137,2085600
2013-01-14,5.61,5.6347,5.586,5.6272,2832000
2013-01-15,5.5755,5.6565,5.5718,5.6415,3213600
2013-01-16,5.6047,5.637,5.5972,5.6235,2870400
2013-01-17,5.6632,5.733,5.6535,5.703,5042400
2013-01-18,5.715,5.7435,5.6812,5.7375,3763200
2013-01-22,5.742,5.7914,5.7247,5.7892,3338400
2013-01-23,5.8282,5.8672,5.8282,5.8514,3733200
2013-01-24,5.8672,5.9384,5.8642,5.8979,6238800
2013-01-25,5.9309,5.9534,5.9024,5.9489,2947200
2013-01-28,5.9691,5.9729,5.9257,5.9504,1766400
2013-01-29,5.9362,6.0156,5.9032,6.0021,3352800
2013-01-30,6.0029,6.0141,5.9549,5.9616,5736000
2013-01-31,5.9512,5.9916,5.9257,5.9324,3241200
2013-02-01,6.0104,6.0591,5.9886,6.0456,5944800
2013-02-04,5.9669,5.9796,5.9257,5.9392,3772800
2013-02-05,6.0036,6.0524,5.9991,6.0134,5719200
2013-02-06,5.9751,6.0396,5.9721,6.0336,2571600
2013-02-07,6.0306,6.0344,5.9204,6.0014,7032000
2013-02-08,6.0134,6.0681,6.0134,6.0419,2526000
2013-02-11,6.0344,6.0374,5.9984,6.0246,2355600
2013-02-12,6.0314,6.0839,6.0239,6.0681,3002400
2013-02-13,6.0854,6.0959,6.0224,6.0531,4908000
2013-02-14,6.0066,6.0606,6.0029,6.0494,3735600
2013-02-15,6.0531,6.0696,5.9856,6.0509,3313200
2013-02-19,6.0554,6.1064,6.0486,6.0974,2490000
2013-02-20,6.0959,6.1169,6.0006,6.0021,3715200
2013-02-21,5.9774,5.9946,5.9249,5.9662,4276800
2013-02-22,6.0321,6.0749,5.9969,6.0741,1926000
2013-02-25,6.1206,6.1409,5.8859,5.8859,5013600
2013-02-26,5.9497,5.9991,5.9167,5.9849,3217200
2013-02-27,5.9789,6.1641,5.9766,6.1401,3747600
2013-02-28,6.1266,6.2023,6.1094,6.1101,3919200
2013-03-01,6.0816,6.1656,6.0179,6.1483,2844000
2013-03-04,6.1229,6.1843,6.0966,6.1828,3661200
2013-03-05,6.2421,6.3223,6.2406,6.2953,6555600
2013-03-06,6.344,6.3538,6.3073,6.335,2670000
2013-03-07,6.3508,6.386,6.3433,6.365,2539200
2013-03-08,6.437,6.4408,6.3703,6.4213,3480000
2013-03-11,6.4145,6.4723,6.407,6.4685,2498400
2013-03-12,6.4655,6.5023,6.4445,6.4775,2630400
2013-03-13,6.4813,6.5015,6.4483,6.4813,2377200
2013-03-14,6.5135,6.5592,6.5098,6.5592,1519200
2013-03-15,6.5397,6.545,6.5,6.5352,2768400
2013-03-18,6.4483,6.5435,6.4348,6.4813,3435600
2013-03-19,6.5083,6.5375,6.419,6.4865,5178000
2013-03-20,6.5445,6.5685,6.5197,6.5348,3172800
2013-03-21,6.4702,6.5167,6.423,6.4575,4347600
2013-03-22,6.4927,6.5423,6.4882,6.5423,2811600
2013-03-25,6.5618,6.5798,6.4297,6.48,5572800
2013-03-26,6.5213,6.5775,6.5213,6.5715,2008800
2013-03-27,6.492,6.5588,6.4672,6.5483,2752800
2013-03-28,6.5513,6.5985,6.537,6.591,3180000
2013-04-01,6.5775,6.6158,6.5483,6.582,2156400
2013-04-02,6.6255,6.6871,6.621,6.6638,2235600
2013-04-03,6.6676,6.6833,6.5468,6.5648,2802000
2013-04-04,6.5805,6.6376,6.558,6.6188,4228800
2013-04-05,6.4807,6.5948,6.4642,6.5775,4531200
2013-04-08,6.5768,6.6308,6.5265,6.6308,3722400
2013-04-09,6.6466,6.7253,6.6188,6.6833,4405200
2013-04-10,6.7306,6.8244,6.7261,6.7989,4135200
2013-04-11,6.8019,6.8829,6.7899,6.8574,6646800
2013-04-12,6.8221,6.8649,6.7914,6.8649,3448800
2013-04-15,6.8094,6.8139,6.6098,6.6098,9060000
2013-04-16,6.7276,6.7606,6.6698,6.7561,4908000
2013-04-17,6.6818,6.6856,6.5768,6.6278,4582800
2013-04-18,6.6406,6.6428,6.5228,6.561,5485200
2013-04-19,6.5273,6.5745,6.4972,6.5648,3344400
2013-04-22,6.5903,6.6053,6.4867,6.5865,3846000
2013-04-23,6.6601,6.7246,6.57,6.7223,6013200
2013-04-24,6.7358,6.7554,6.6788,6.6893,2956800
2013-04-25,6.7058,6.7719,6.6781,6.7111,3304800
2013-04-26,6.6893,6.7479,6.6893,6.7223,2326800
2013-04-29,6.7546,6.8371,6.7291,6.8116,2968800
2013-04-30,6.8124,6.8364,6.7366,6.8266,3138000
2013-05-01,6.7884,6.8079,6.6961,6.7066,3800400
2013-05-02,6.7449,6.8259,6.7238,6.8199,3322800
2013-05-03,6.9407,6.991,6.9339,6.9489,3718800
2013-05-06,6.9512,6.97,6.9287,6.9512,1245600
2013-05-07,6.9887,7.033,6.9542,7.0277,2821200
2013-05-08,7.024,7.0953,7.0187,7.0915,2265600
2013-05-09,7.093,7.135,7.0427,7.0795,2572800
2013-05-10,7.0975,7.1095,7.0322,7.1043,2353200
2013-05-13,7.0765,7.1005,7.0525,7.087,2275200
2013-05-14,7.0885,7.2086,7.0878,7.2018,2061600
2013-05-15,7.1808,7.2971,7.1808,7.2708,2290800
2013-05-16,7.2483,7.2979,7.2198,7.2303,3063600
2013-05-17,7.2723,7.3519,7.2566,7.3451,2253600
2013-05-20,7.3301,7.3811,7.3121,7.3316,1831200
2013-05-21,7.3541,7.4224,7.3204,7.3744,2508000
2013-05-22,7.3977,7.5282,7.2633,7.3084,6430800
2013-05-23,7.1988,7.3459,7.1891,7.3114,4098000
2013-05-24,7.2423,7.3091,7.2071,7.3084,2558400
2013-05-28,7.4397,7.514,7.3721,7.4104,4051200
2013-05-29,7.3286,7.3481,7.2318,7.3114,3481200
2013-05-30,7.3084,7.4007,7.2866,7.3331,2974800
2013-05-31,7.2813,7.3916,7.1268,7.141,4702800
2013-06-03,7.1793,7.2588,7.1425,7.2491,3999600
2013-06-04,7.2498,7.3054,7.1155,7.1958,4046400
2013-06-05,7.1433,7.1703,6.9692,6.9745,7329600
2013-06-06,6.9715,7.0585,6.8762,7.0585,3898800
2013-06-07,7.141,7.2611,7.1028,7.2483,3850800
2013-06-10,7.3009,7.3039,7.2198,7.2401,2532000
2013-06-11,7.1275,7.2596,7.0998,7.138,2904000
2013-06-12,7.2408,7.2483,7.0015,7.021,3529200
2013-06-13,7.0067,7.2108,6.9895,7.1921,2504400
2013-06-14,7.1853,7.2183,7.0675,7.0923,2042400
2013-06-17,7.1763,7.2716,7.1268,7.1883,4018800
2013-06-18,7.2153,7.3444,7.2123,7.3264,2599200
2013-06-19,7.3151,7.3294,7.126,7.1268,5516400
2013-06-20,7.0142,7.0142,6.7719,6.7914,8835600
2013-06-21,6.8642,6.8882,6.7306,6.8356,5803200
2013-06-24,6.7043,6.8034,6.6015,6.7043,7203600
2013-06-25,6.8131,6.8394,6.7366,6.7996,3270000
2013-06-26,6.8871,6.9562,6.8578,6.9359,3030000
2013-06-27,7.014,7.0847,7.008,7.0366,2643600
2013-06-28,6.9825,7.0418,6.8976,6.8976,3868800
2013-07-01,6.9998,7.0884,6.9705,6.9847,4101600
2013-07-02,6.963,7.0621,6.8931,6.9442,3372000
2013-07-03,6.8923,7.0396,6.8796,6.9983,1776000
2013-07-05,7.1004,7.1455,6.9878,7.1358,3928800
2013-07-08,7.2116,7.2672,7.2004,7.2327,2493600
2013-07-09,7.295,7.3243,7.2545,7.301,2526000
2013-07-10,7.304,7.3529,7.2657,7.2943,6858000
2013-07-11,7.4505,7.4783,7.3957,7.4618,2384400
2013-07-12,7.4618,7.4934,7.4107,7.4423,2298000
2013-07-15,7.4783,7.5046,7.452,7.4798,1503600
2013-07-16,7.4791,7.4904,7.4137,7.4445,1371600
2013-07-17,7.4783,7.5009,7.4378,7.4611,2467200
2013-07-18,7.5159,7.5858,7.5024,7.546,2157600
2013-07-19,7.5309,7.5512,7.4956,7.5512,1315200
2013-07-22,7.5497,7.576,7.5174,7.546,1249200
2013-07-23,7.5805,7.6001,7.543,7.5708,1279200
2013-07-24,7.6023,7.6023,7.4971,7.5415,2738400
2013-07-25,7.4783,7.5565,7.4581,7.549,3379200
2013-07-26,7.4889,7.5587,7.4062,7.5587,3286800
2013-07-29,7.5137,7.54,7.4821,7.5227,2085600
2013-07-30,7.5708,7.588,7.4783,7.5302,3032400
2013-07-31,7.5445,7.6324,7.4911,7.5129,4812000
2013-08-01,7.6158,7.6436,7.5978,7.6151,3346800
2013-08-02,7.5798,7.6519,7.5557,7.6466,2434800
2013-08-05,7.6203,7.6301,7.582,7.6098,1206000
2013-08-06,7.5655,7.567,7.4738,7.5159,2631600
2013-08-07,7.4633,7.5069,7.4348,7.4904,2460000
2013-08-08,7.5647,7.573,7.434,7.5061,3090000
2013-08-09,7.4986,7.5212,7.3709,7.4415,1980000
2013-08-12,7.3814,7.4536,7.3694,7.4423,1148400
2013-08-13,7.4671,7.5212,7.3702,7.4716,2806800
2013-08-14,7.4551,7.4603,7.3446,7.3672,6094800
2013-08-15,7.2424,7.2424,7.1388,7.1583,4815600
2013-08-16,7.1358,7.1816,7.1019,7.1282,2400000
2013-08-19,7.1095,7.1478,7.0554,7.0621,1846800
2013-08-20,7.0749,7.1177,7.0298,7.0591,1465200
2013-08-21,7.0328,7.0734,6.9404,6.9569,3811200
2013-08-22,6.9765,7.0418,6.9667,7.0148,2439600
2013-08-23,7.0426,7.0802,6.993,7.0651,2611200
2013-08-26,7.0674,7.1042,7.005,7.0073,1825200
2013-08-27,6.9074,6.96,6.8352,6.8443,4168800
2013-08-28,6.8375,6.9307,6.8352,6.8983,1676400
2013-08-29,6.8938,6.9802,6.8743,6.9119,1840800
2013-08-30,6.9329,6.9329,6.8367,6.8766,2259600
2013-09-03,6.9712,7.0005,6.8555,6.8938,3014400
2013-09-04,6.8938,7.0193,6.8743,6.9975,2352000
2013-09-05,6.999,7.0464,6.987,6.9998,1789200
2013-09-06,7.0418,7.0726,6.8683,6.99,4035600
2013-09-09,7.0283,7.1485,7.0283,7.1222,2577600
2013-09-10,7.2124,7.2462,7.1793,7.2462,3958800
2013-09-11,7.2432,7.3717,7.2432,7.3702,2542800
2013-09-12,7.3897,7.3972,7.3401,7.3574,2742000
2013-09-13,7.3882,7.4363,7.3784,7.4258,2764800
2013-09-16,7.585,7.5986,7.5204,7.5377,3710400
2013-09-17,7.5535,7.6001,7.5527,7.5745,2474400
2013-09-18,7.5632,7.7526,7.5152,7.7142,4960800
2013-09-19,7.7338,7.7368,7.6699,7.6774,2875200
2013-09-20,7.6895,7.694,7.5129,7.5219,3123600
2013-09-23,7.4866,7.5061,7.4145,7.4483,3204000
2013-09-24,7.4505,7.4798,7.3777,7.3919,2652000
2013-09-25,7.3986,7.419,7.3038,7.3347,4110000
2013-09-26,7.349,7.4302,7.3309,7.3806,2394000
2013-09-27,7.3144,7.3264,7.264,7.3046,3112800
2013-09-30,7.1707,7.2384,7.1263,7.185,4674000
2013-10-01,7.1857,7.2587,7.1654,7.2399,2918400
2013-10-02,7.1789,7.1955,7.1067,7.1797,4102800
2013-10-03,7.1556,7.1601,7.0119,7.0563,4378800
2013-10-04,7.0585,7.1436,7.0375,7.1293,3214800
2013-10-07,7.0066,7.0743,6.9863,7.0021,3050400
2013-10-08,6.9968,7.0066,6.8554,6.8554,4614000
2013-10-09,6.8727,6.9299,6.8027,6.8832,5937600
2013-10-10,7.0089,7.1804,7.0036,7.1789,5576400
2013-10-11,7.1699,7.2948,7.1586,7.2948,3756000
2013-10-14,7.194,7.358,7.1895,7.3535,4872000
2013-10-15,7.3257,7.3512,7.212,7.2196,6093600
2013-10-16,7.3114,7.4205,7.2948,7.4137,5386800
2013-10-17,7.2858,7.425,7.276,7.4137,4128000
2013-10-18,7.4506,7.4618,7.3761,7.4445,4482000
2013-10-21,7.4498,7.4581,7.4099,7.4378,2479200
2013-10-22,7.4859,7.5597,7.4641,7.507,4833600
2013-10-23,7.4581,7.4807,7.4137,7.4611,3115200
2013-10-24,7.4965,7.5702,7.4882,7.5454,2839200
2013-10-25,7.5717,7.6131,7.5544,7.6131,2280000
2013-10-28,7.5958,7.6372,7.5732,7.6138,2006400
2013-10-29,7.6462,7.7184,7.6372,7.7154,2696400
2013-10-30,7.7425,7.7553,7.6086,7.6658,3254400
2013-10-31,7.6379,7.6883,7.583,7.6026,2613600
2013-11-01,7.6311,7.6831,7.5815,7.6567,3358800
2013-11-04,7.6936,7.7011,7.6251,7.6785,1255200
2013-11-05,7.5995,7.6876,7.5597,7.6582,2112000
2013-11-06,7.7214,7.7952,7.7064,7.7892,3352800
2013-11-07,7.8433,7.8463,7.6372,7.6545,4452000
2013-11-08,7.6304,7.8095,7.6281,7.8027,2103600
2013-11-11,7.8012,7.8358,7.7831,7.826,1084800
2013-11-12,7.808,7.8366,7.7545,7.7982,2158800
2013-11-13,7.7124,7.8749,7.7124,7.8433,1495200
2013-11-14,7.8734,7.9449,7.8606,7.9359,1988400
2013-11-15,7.9517,8.0224,7.9419,8.0224,2468400
2013-11-18,8.0623,8.0849,8.0021,8.0111,2361600
2013-11-19,8.048,8.0849,8.0028,8.0217,2028000
2013-11-20,8.0517,8.0766,7.9268,7.9765,3535200
2013-11-21,8.0171,8.0781,8.0104,8.0758,1935600
2013-11-22,8.0796,8.1345,8.045,8.1308,2205600
2013-11-25,8.1691,8.1782,8.124,8.1503,4302000
2013-11-26,8.142,8.1894,8.1398,8.1443,1688400
2013-11-27,8.1661,8.1842,8.133,8.1744,1620000
2013-11-29,8.2037,8.2519,8.1503,8.1624,2001600
2013-12-02,8.1654,8.1744,8.06,8.0811,2839200
2013-12-03,8.0104,8.048,7.9336,7.984,2979600
2013-12-04,7.9336,8.0359,7.8719,7.9645,3718800
2013-12-05,7.9291,7.9758,7.8885,7.9005,2898000
2013-12-06,8.0472,8.1044,7.9991,8.1029,3097200
2013-12-09,8.1187,8.1405,8.0976,8.1127,2047200
2013-12-10,8.0623,8.1029,8.0495,8.0548,1410000
2013-12-11,8.0728,8.0751,7.9065,7.9156,3121200
2013-12-12,7.9035,7.9261,7.7914,7.8283,4296000
2013-12-13,7.8388,7.8794,7.805,7.8463,2917200
2013-12-16,7.9178,8.0186,7.911,7.9735,4436400
2013-12-17,8.0066,8.0104,7.9216,7.9547,2577600
2013-12-18,7.9976,8.2594,7.8915,8.2587,6891600
2013-12-19,8.2286,8.2828,8.2105,8.267,3558000
2013-12-20,8.2873,8.3768,8.2827,8.3286,2836800
2013-12-23,8.3836,8.4107,8.358,8.3858,2547600
2013-12-24,8.3983,8.4525,8.3983,8.4457,1341600
2013-12-26,8.4969,8.5768,8.4879,8.5745,2610000
2013-12-27,8.6084,8.622,8.5504,8.5685,3880800
2013-12-30,8.5798,8.5964,8.5685,8.5926,1627200
2013-12-31,8.6258,8.6815,8.6107,8.6709,2862000
2014-01-02,8.6099,8.6288,8.5082,8.5316,6636000
2014-01-03,8.5662,8.6114,8.5308,8.5587,3902400
2014-01-06,8.6295,8.631,8.4917,8.5105,5556000
2014-01-07,8.5934,8.6566,8.579,8.6235,3110400
2014-01-08,8.5941,8.6069,8.512,8.561,4275600
2014-01-09,8.6197,8.6227,8.4713,8.5436,4148400
2014-01-10,8.579,8.5911,8.4721,8.5376,3072000
2014-01-13,8.5052,8.5489,8.3275,8.341,5912400
2014-01-14,8.39,8.4638,8.3508,8.463,3654000
2014-01-15,8.4849,8.6001,8.4774,8.579,4614000
2014-01-16,8.5384,8.5497,8.4676,8.512,2924400
2014-01-17,8.5105,8.5918,8.4924,8.5399,3684000
2014-01-21,8.6386,8.6401,8.405,8.5067,6056400
2014-01-22,8.5052,8.5075,8.4261,8.4721,2756400
2014-01-23,8.3629,8.3629,8.2265,8.2936,5758800
2014-01-24,8.1904,8.2077,7.9651,7.9651,9268800
2014-01-27,7.984,8.0216,7.8642,7.9184,8458800
2014-01-28,7.9583,8.0254,7.9395,8.0066,4482000
2014-01-29,7.8808,7.932,7.7858,7.822,7693200
2014-01-30,7.9395,7.9855,7.8469,7.9275,4666800
2014-01-31,7.7361,7.8778,7.6947,7.7715,7058400
2014-02-03,7.767,7.7821,7.4348,7.4642,9963600
2014-02-04,7.5026,7.5584,7.4356,7.5109,6445200
2014-02-05,7.477,7.5561,7.4213,7.526,8450400
2014-02-06,7.5772,7.715,7.5757,7.715,4486800
2014-02-07,7.7512,7.8793,7.7075,7.8725,6219600
2014-02-10,7.8725,7.8815,7.8137,7.88,1994400
2014-02-11,7.9079,8.1067,7.8936,8.0721,4141200
2014-02-12,8.1037,8.1437,8.0337,8.0683,3655200
2014-02-13,7.9636,8.1452,7.9576,8.1226,4850400
2014-02-14,8.1,8.2838,8.0879,8.2581,3999600
2014-02-18,8.2717,8.2755,8.2099,8.231,3043200
2014-02-19,8.2024,8.3357,8.1346,8.1467,5240400
2014-02-20,8.1504,8.2687,8.1075,8.2318,3612000
2014-02-21,8.2536,8.3041,8.2047,8.2152,3178800
2014-02-24,8.2469,8.4126,8.2378,8.3184,4504800
2014-02-25,8.3184,8.3674,8.2536,8.2913,4858800
2014-02-26,8.3162,8.3681,8.2672,8.3146,2058000
2014-02-27,8.3033,8.3998,8.2785,8.3975,2145600
2014-02-28,8.399,8.5248,8.344,8.4457,6403200
2014-03-03,8.2951,8.3478,8.1866,8.2875,6594000
2014-03-04,8.4593,8.5429,8.448,8.515,5514000
2014-03-05,8.5195,8.5203,8.4638,8.4781,3094800
2014-03-06,8.5271,8.576,8.521,8.5512,2748000
2014-03-07,8.6242,8.6355,8.5278,8.579,4392000
2014-03-10,8.5504,8.5587,8.4578,8.5459,2791200
2014-03-11,8.5723,8.5956,8.4563,8.4804,3650400
2014-03-12,8.405,8.4954,8.3877,8.4691,2935200
2014-03-13,8.5188,8.5436,8.2099,8.2348,5451600
2014-03-14,8.2032,8.2905,8.17,8.1904,4772400
2014-03-17,8.2732,8.4005,8.2672,8.3719,4209600
2014-03-18,8.4035,8.4954,8.39,8.4593,3258000
2014-03-19,8.4593,8.4932,8.2468,8.3583,4321200
2014-03-20,8.3131,8.4804,8.2792,8.4638,3362400
2014-03-21,8.5135,8.5843,8.4156,8.4209,4800000
2014-03-24,8.4819,8.5045,8.3357,8.4005,4058400
2014-03-25,8.506,8.5346,8.4186,8.5022,3786000
2014-03-26,8.5746,8.5965,8.389,8.389,3313200
2014-03-27,8.3822,8.4275,8.3113,8.3822,3296400
2014-03-28,8.4162,8.5437,8.3928,8.4411,3736800
2014-03-31,8.5347,8.6101,8.5271,8.5927,3516000
2014-04-01,8.6342,8.6976,8.6259,8.6576,3459600
2014-04-02,8.6855,8.7255,8.6433,8.7104,3754800
2014-04-03,8.7429,8.7444,8.6629,8.7014,2664000
2014-04-04,8.7746,8.7746,8.5173,8.5513,7616400
2014-04-07,8.5113,8.5505,8.3634,8.3649,6130800
2014-04-08,8.3626,8.4237,8.3053,8.3853,3906000
2014-04-09,8.4577,8.5724,8.3966,8.5724,4842000
2014-04-10,8.5762,8.586,8.2729,8.2857,6823200
2014-04-11,8.2019,8.2751,8.128,8.1476,9676800
2014-04-14,8.2525,8.3045,8.1687,8.2864,5029200
2014-04-15,8.3143,8.3905,8.1785,8.3838,7485600
2014-04-16,8.4947,8.552,8.4471,8.552,3568800
2014-04-17,8.5301,8.5829,8.4947,8.5384,3718800
2014-04-21,8.552,8.5897,8.5362,8.5709,1717200
2014-04-22,8.598,8.6976,8.5875,8.6471,2257200
2014-04-23,8.6652,8.6652,8.6101,8.6342,1257600
2014-04-24,8.6697,8.678,8.5822,8.6342,2457600
2014-04-25,8.5671,8.5762,8.4585,8.4977,2984400
2014-04-28,8.5716,8.6312,8.4351,8.5754,5384400
2014-04-29,8.6267,8.6916,8.6131,8.6637,2497200
2014-04-30,8.6501,8.7263,8.6486,8.7112,2901600
2014-05-01,8.6976,8.7338,8.6531,8.6855,2036400
2014-05-02,8.6773,8.7519,8.6192,8.6433,2842800
2014-05-05,8.5543,8.6795,8.4992,8.6576,2296800
2014-05-06,8.6312,8.6312,8.5248,8.5309,1699200
2014-05-07,8.6086,8.6689,8.4954,8.6637,4334400
2014-05-08,8.6622,8.7731,8.6486,8.6984,3200400
2014-05-09,8.6886,8.7421,8.6478,8.7421,2461200
2014-05-12,8.7912,8.8644,8.7912,8.85,2804400
2014-05-13,8.8832,8.8998,8.8689,8.8802,2258400
2014-05-14,8.8817,8.887,8.7587,8.7799,1636800
2014-05-15,8.7384,8.7489,8.5558,8.6139,4874400
2014-05-16,8.6116,8.6622,8.5746,8.6622,2217600
2014-05-19,8.6093,8.6908,8.6018,8.6705,2310000
2014-05-20,8.6614,8.6614,8.4954,8.5256,2274000
2014-05-21,8.5927,8.7142,8.5844,8.7014,3039600
2014-05-22,8.7052,8.7391,8.669,8.715,960000
2014-05-23,8.7172,8.7897,8.7172,8.7889,2329200
2014-05-27,8.8523,8.8666,8.8198,8.8508,3316800
2014-05-28,8.8606,8.8621,8.7972,8.8138,1646400
2014-05-29,8.8568,8.8862,8.8055,8.884,998400
2014-05-30,8.8666,8.9104,8.8349,8.9021,2100000
2014-06-02,8.9345,8.9489,8.8712,8.93,2724000
2014-06-03,8.8991,8.9277,8.8817,8.9157,1131600
2014-06-04,8.896,8.936,8.8629,8.927,1857600
2014-06-05,8.9617,9.0462,8.8991,9.0311,2898000
2014-06-06,9.0786,9.1337,9.0673,9.1337,2563200
2014-06-09,9.1375,9.1805,9.1239,9.1465,1440000
2014-06-10,9.1352,9.1601,9.1065,9.1601,1406400
2014-06-11,9.096,9.096,9.0236,9.0492,2390400
2014-06-12,9.0402,9.0447,8.9028,8.9391,2462400
2014-06-13,8.9624,8.9926,8.9187,8.973,1820400
2014-06-16,8.9458,9.0077,8.9232,8.9775,1086000
2014-06-17,8.9496,9.0319,8.9285,9.016,1591200
2014-06-18,9.007,9.1231,8.9526,9.1133,2414400
2014-06-19,9.1224,9.1382,9.0681,9.1322,931200
2014-06-20,9.1714,9.1941,9.1518,9.1669,1650000
2014-06-23,9.1639,9.1639,9.1058,9.1435,1788000
2014-06-24,9.1375,9.1858,9.0054,9.0266,3812400
2014-06-25,8.9959,9.0943,8.9876,9.0738,1477200
2014-06-26,9.0799,9.0799,8.9407,9.0512,2902800
2014-06-27,9.0141,9.0678,8.9702,9.061,2666400
2014-06-30,9.0315,9.0761,9.0065,9.0292,3116400
2014-07-01,9.067,9.216,9.067,9.1699,2931600
2014-07-02,9.1842,9.2001,9.1684,9.1918,1328400
2014-07-03,9.2395,9.2969,9.2289,9.2909,1236000
2014-07-07,9.2372,9.2546,9.2047,9.2379,2432400
2014-07-08,9.2084,9.21,9.0852,9.1313,2660400
2014-07-09,9.1676,9.2205,9.1328,9.2069,1754400
2014-07-10,9.0201,9.1812,9.0096,9.1389,3277200
2014-07-11,9.1192,9.1676,9.0723,9.1638,2637600
2014-07-14,9.2735,9.3151,9.2599,9.2803,1854000
2014-07-15,9.3045,9.3453,9.2296,9.2939,2260800
2014-07-16,9.3529,9.3756,9.3234,9.368,1887600
2014-07-17,9.3385,9.3922,9.1911,9.2069,3525600
2014-07-18,9.2697,9.3499,9.2417,9.3279,2596800
2014-07-21,9.278,9.3083,9.1979,9.2841,2306400
2014-07-22,9.3332,9.371,9.3173,9.3483,1320000
2014-07-23,9.3582,9.3582,9.2901,9.3241,1638000
2014-07-24,9.343,9.3589,9.2909,9.3166,1023600
2014-07-25,9.2379,9.244,9.1313,9.1767,3582000
2014-07-28,9.1797,9.2258,9.0882,9.2054,1909200
2014-07-29,9.2568,9.2856,9.1343,9.1374,2188800
2014-07-30,9.191,9.2092,9.0239,9.0943,5739600
2014-07-31,8.9649,8.9831,8.7593,8.7683,5484000
2014-08-01,8.6965,8.7766,8.6209,8.6851,5929200
2014-08-04,8.6995,8.7865,8.6284,8.7502,3036000
2014-08-05,8.7063,8.7343,8.5452,8.6133,3967200
2014-08-06,8.552,8.6912,8.552,8.6375,1863600
2014-08-07,8.6988,8.7063,8.5263,8.5679,2412000
2014-08-08,8.5861,8.7577,8.5589,8.7456,2340000
2014-08-11,8.8129,8.8387,8.7706,8.7721,2776800
2014-08-12,8.7456,8.7955,8.7192,8.7706,1653600
2014-08-13,8.8235,8.8923,8.7986,8.8719,1566000
2014-08-14,8.8863,8.9385,8.8704,8.9347,1124400
2014-08-15,9.0028,9.0111,8.794,8.8923,4707600
2014-08-18,8.9861,9.0784,8.9854,9.0685,2740800
2014-08-19,9.1321,9.1759,9.1094,9.1631,1662000
2014-08-20,9.1427,9.2523,9.1427,9.2364,1734000
2014-08-21,9.2584,9.3393,9.247,9.3015,1873200
2014-08-22,9.2856,9.3302,9.244,9.272,1732800
2014-08-25,9.343,9.3945,9.3294,9.3468,2666400
2014-08-26,9.3756,9.4277,9.3665,9.3839,1029600
2014-08-27,9.3998,9.4119,9.3627,9.3937,848400
2014-08-28,9.3196,9.3756,9.2931,9.3604,2236800
2014-08-29,9.3816,9.3877,9.3113,9.3771,1310400
2014-09-02,9.3793,9.3937,9.2863,9.3453,1670400
2014-09-03,9.4323,9.4391,9.3378,9.3574,1724400
2014-09-04,9.3756,9.4482,9.3022,9.3514,2744400
2014-09-05,9.3408,9.4194,9.2788,9.4194,2047200
2014-09-08,9.3899,9.4209,9.362,9.393,1400400
2014-09-09,9.3582,9.3673,9.2644,9.2916,2320800
2014-09-10,9.2954,9.362,9.2447,9.3514,910800
2014-09-11,9.2629,9.3453,9.2621,9.337,976800
2014-09-12,9.3143,9.3241,9.213,9.2705,2224800
2014-09-15,9.281,9.337,9.2266,9.3173,1977600
2014-09-16,9.2674,9.4618,9.2674,9.4262,2694000
2014-09-17,9.4504,9.52,9.3771,9.4527,3231600
2014-09-18,9.4988,9.5828,9.486,9.5714,1377600
2014-09-19,9.6569,9.6629,9.5624,9.5888,1718400
2014-09-22,9.5767,9.5797,9.4535,9.4731,2132400
2014-09-23,9.4156,9.4671,9.343,9.3438,2455200
2014-09-24,9.3521,9.5272,9.3164,9.5112,2997600
2014-09-25,9.4786,9.4817,9.2149,9.2225,4098000
2014-09-26,9.2892,9.4354,9.2604,9.3915,3170400
2014-09-29,9.2202,9.3748,9.1959,9.3483,4021200
2014-09-30,9.3559,9.4317,9.293,9.3286,2970000
2014-10-01,9.3081,9.3081,9.0315,9.0633,7250400
2014-10-02,9.0216,9.1141,8.9216,9.0557,4916400
2014-10-03,9.1831,9.3005,9.1323,9.2801,3122400
2014-10-06,9.3574,9.3816,9.1959,9.2649,2836800
2014-10-07,9.1732,9.1831,8.9625,8.9625,6384000
2014-10-08,8.9663,9.2786,8.9117,9.2558,5761200
2014-10-09,9.2028,9.2407,8.8859,8.9041,9247200
2014-10-10,8.8943,9.0072,8.7798,8.7859,7228800
2014-10-13,8.7738,8.839,8.5282,8.5441,7070400
2014-10-14,8.6101,8.6904,8.4918,8.5403,7310400
2014-10-15,8.341,8.4198,8.0507,8.3668,24412800
2014-10-16,8.1242,8.4289,8.0992,8.3228,10058400
2014-10-17,8.5199,8.6517,8.4759,8.6002,6056400
2014-10-20,8.4858,8.6245,8.4774,8.6192,3615600
2014-10-21,8.7033,8.8549,8.6745,8.8541,3699600
2014-10-22,8.8791,8.8935,8.6881,8.6965,3585600
2014-10-23,8.8738,9.011,8.8723,8.9125,3502800
2014-10-24,8.9284,9.058,8.8859,9.0519,4309200
2014-10-27,9.0027,9.086,8.9701,9.0625,3331200
2014-10-28,9.133,9.2626,9.102,9.2626,2160000
2014-10-29,9.3005,9.3324,9.1482,9.2308,3765600
2014-10-30,9.252,9.5059,9.2497,9.4688,3314400
2014-10-31,9.6605,9.6916,9.6029,9.6757,4327200
2014-11-03,9.6787,9.7037,9.6295,9.6605,4698000
2014-11-04,9.628,9.6916,9.5628,9.6727,2373600
2014-11-05,9.7992,9.8038,9.7068,9.7939,2784000
2014-11-06,9.8159,9.891,9.7583,9.8781,3446400
2014-11-07,9.872,9.9114,9.8182,9.9107,1928400
2014-11-10,9.9107,9.9614,9.8826,9.9508,1710000
2014-11-11,9.9561,9.9811,9.9213,9.9539,780000
2014-11-12,9.8758,9.9766,9.8712,9.9569,1771200
2014-11-13,9.9834,10.0668,9.9357,10.0054,2882400
2014-11-14,9.9971,10.0244,9.9713,9.9986,2576400
2014-11-17,9.9645,10.0425,9.9599,10.0092,3430800
2014-11-18,10.0168,10.1108,10.0122,10.063,4195200
2014-11-19,10.0516,10.0888,9.9895,10.06,5038800
2014-11-20,9.9667,10.0986,9.9599,10.0933,2042400
2014-11-21,10.2927,10.3002,10.1524,10.207,3644400
2014-11-24,10.2388,10.2593,10.1865,10.2153,2001600
2014-11-25,10.2495,10.2532,10.1881,10.2343,1437600
2014-11-26,10.2358,10.2404,10.1941,10.2366,1081200
2014-11-28,10.2472,10.3093,10.2161,10.2472,1498800
2014-12-01,10.1744,10.229,10.1198,10.1828,3222000
2014-12-02,10.1979,10.3154,10.1956,10.2957,2120400
2014-12-03,10.3025,10.3556,10.2798,10.3359,3338400
2014-12-04,10.3124,10.3722,10.2275,10.3177,3751200
2014-12-05,10.3677,10.4321,10.3396,10.3965,1977600
2014-12-08,10.3396,10.3988,10.2191,10.2805,2455200
2014-12-09,10.0835,10.2229,10.0183,10.2169,4122000
2014-12-10,10.1631,10.1631,9.8781,9.9129,5392800
2014-12-11,9.9743,10.1752,9.9584,9.9933,3397200
2014-12-12,9.8447,9.9493,9.6416,9.6484,4951200
2014-12-15,9.728,9.7704,9.4514,9.5127,5048400
2014-12-16,9.4498,9.797,9.3983,9.3998,6374400
2014-12-17,9.4362,9.75,9.4362,9.7083,5194800
2014-12-18,9.9834,10.1835,9.9076,10.1759,3892800
2014-12-19,10.2335,10.2942,10.1517,10.2025,2774400
2014-12-22,10.2788,10.408,10.2788,10.3935,3997200
2014-12-23,10.4649,10.5242,10.4467,10.4779,1855200
2014-12-24,10.5082,10.5386,10.4695,10.4733,681600
2014-12-26,10.5219,10.5553,10.5052,10.5052,1052400
2014-12-29,10.471,10.5212,10.4657,10.4817,904800
2014-12-30,10.4308,10.4604,10.3897,10.4194,1882800
2014-12-31,10.4505,10.4839,10.2279,10.2279,3060000
2015-01-02,10.3069,10.3806,10.1254,10.2499,2127600
2015-01-05,10.1253,10.1451,9.8374,9.8746,2491200
2015-01-06,9.9104,9.9521,9.5981,9.7121,4338000
2015-01-07,9.8845,9.9749,9.8146,9.9552,2384400
2015-01-08,10.1527,10.3388,10.1428,10.3221,3120000
2015-01-09,10.3396,10.3449,10.0813,10.133,3564000
2015-01-12,10.1664,10.1793,9.9392,10.0273,2556000
2015-01-13,10.2028,10.3411,9.8526,9.9894,4029600
2015-01-14,9.7151,9.8519,9.592,9.7804,6069600
2015-01-15,9.8481,9.8883,9.6399,9.6741,3474000
2015-01-16,9.6224,9.8944,9.5784,9.8617,3705600
2015-01-20,9.9316,9.9651,9.6885,9.883,3403200
2015-01-21,9.8116,9.9803,9.7554,9.9331,3225600
2015-01-22,10.0076,10.2484,9.8435,10.2234,3708000
2015-01-23,10.2104,10.2127,10.0517,10.0585,1708800
2015-01-26,10.0289,10.0858,9.94,10.0615,1680000
2015-01-27,9.7417,9.8633,9.6194,9.728,6219600
2015-01-28,9.8336,9.8397,9.5108,9.5176,3524400
2015-01-29,9.5654,9.7804,9.45,9.7546,2721600
2015-01-30,9.6817,9.7653,9.4667,9.4811,3457200
2015-02-02,9.5472,9.7045,9.3368,9.6855,4626000
2015-02-03,9.7804,10.0342,9.7804,10.0213,3229200
2015-02-04,9.9666,10.1656,9.9666,10.0494,3261600
2015-02-05,10.1367,10.291,10.1216,10.2773,3254400
2015-02-06,10.3168,10.3723,10.1588,10.2264,2917200
2015-02-09,10.1208,10.2066,10.0661,10.1147,2337600
2015-02-10,10.2355,10.2986,10.12,10.2743,2479200
2015-02-11,10.2203,10.3328,10.1755,10.2917,3513600
2015-02-12,10.3609,10.433,10.3297,10.4254,2566800
2015-02-13,10.4482,10.5037,10.4156,10.4824,1986000
2015-02-17,10.4467,10.5234,10.4095,10.5113,1644000
2015-02-18,10.4611,10.5189,10.4399,10.4991,2752800
2015-02-19,10.4247,10.4908,10.3761,10.452,2235600
2015-02-20,10.3897,10.6359,10.3267,10.6283,3656400
2015-02-23,10.5759,10.6032,10.5363,10.6032,1966800
2015-02-24,10.6207,10.7339,10.607,10.7202,3088800
2015-02-25,10.7118,10.746,10.6784,10.727,1129200
2015-02-26,10.7187,10.7574,10.6602,10.7263,1374000
2015-02-27,10.7248,10.7248,10.6328,10.6336,627600
2015-03-02,10.6533,10.8076,10.6533,10.8076,1380000
2015-03-03,10.7597,10.7726,10.6321,10.7096,1168800
2015-03-04,10.6488,10.6526,10.509,10.5895,1302000
2015-03-05,10.642,10.6556,10.5759,10.6252,685200
2015-03-06,10.5006,10.5645,10.2781,10.3039,3330000
2015-03-09,10.316,10.5075,10.316,10.4627,1935600
2015-03-10,10.2955,10.31,10.0995,10.0995,2798400
2015-03-11,10.1178,10.1687,10.0494,10.06,1855200
2015-03-12,10.1664,10.3669,10.1595,10.3586,2024400
2015-03-13,10.3077,10.3077,10.0501,10.1998,3328800
2015-03-16,10.2773,10.4657,10.2773,10.4482,1904400
2015-03-17,10.3328,10.3586,10.2302,10.3024,2102400
2015-03-18,10.2294,10.5903,10.1284,10.5546,4830000
2015-03-19,10.5037,10.5204,10.3996,10.433,1917600
2015-03-20,10.5743,10.7027,10.528,10.6275,3333600
2015-03-23,10.6336,10.7118,10.6078,10.6078,2372400
2015-03-24,10.5812,10.6412,10.4809,10.4908,1213200
2015-03-25,10.5209,10.5209,10.1438,10.1499,3788400
2015-03-26,10.0592,10.1918,9.9808,10.105,3295200
2015-03-27,10.0798,10.1537,10.0417,10.1316,1510800
2015-03-30,10.3008,10.4707,10.3008,10.4348,4135200
2015-03-31,10.3229,10.3922,10.2032,10.2093,2584800
2015-04-01,10.2147,10.2147,9.9907,10.1202,3800400
2015-04-02,10.1232,10.2528,10.0874,10.1926,2025600
2015-04-06,10.0722,10.3975,10.0493,10.3236,2829600
2015-04-07,10.3579,10.4417,10.3129,10.3183,1990800
2015-04-08,10.3686,10.4371,10.2657,10.3472,2278800
2015-04-09,10.3457,10.4478,10.2627,10.4211,2184000
2015-04-10,10.4676,10.5461,10.4051,10.5377,1782000
2015-04-13,10.5278,10.5903,10.4341,10.4417,1861200
2015-04-14,10.4417,10.5507,10.3556,10.5118,3850800
2015-04-15,10.5827,10.6512,10.5628,10.591,1712400
2015-04-16,10.5682,10.6665,10.5438,10.5933,1545600
2015-04-17,10.4326,10.4326,10.1758,10.2642,5000400
2015-04-20,10.4265,10.5697,10.4181,10.5065,2553600
2015-04-21,10.5773,10.5971,10.3846,10.4112,2600400
2015-04-22,10.4684,10.5217,10.335,10.5034,1958400
2015-04-23,10.4295,10.6215,10.4272,10.543,2634000
2015-04-24,10.5507,10.5895,10.476,10.5575,1634400
2015-04-27,10.6672,10.6756,10.4928,10.511,2816400
2015-04-28,10.5209,10.6055,10.3693,10.5941,3094800
2015-04-29,10.4798,10.5735,10.4112,10.5019,3529200
2015-04-30,10.4707,10.4889,10.1994,10.2756,5244000
2015-05-01,10.4059,10.4912,10.3769,10.476,2174400
2015-05-04,10.5446,10.6131,10.5293,10.5408,1970400
2015-05-05,10.5141,10.5583,10.3495,10.3777,2628000
2015-05-06,10.4821,10.5171,10.1712,10.2992,4318800
2015-05-07,10.2688,10.4562,10.2512,10.399,2158800
2015-05-08,10.6208,10.7213,10.6131,10.7068,3231600
2015-05-11,10.6962,10.716,10.5903,10.6108,1383600
2015-05-12,10.4981,10.6246,10.3998,10.5667,2950800
2015-05-13,10.5903,10.6512,10.5408,10.5674,1777200
2015-05-14,10.7137,10.7929,10.6924,10.7792,3349200
2015-05-15,10.7922,10.8242,10.7564,10.8204,1683600
2015-05-18,10.8112,10.8844,10.7884,10.8493,1678800
2015-05-19,10.8737,10.9179,10.8188,10.8729,1353600
2015-05-20,10.8996,10.924,10.831,10.8447,912000
2015-05-21,10.8417,10.8874,10.8127,10.8661,684000
2015-05-22,10.831,10.8493,10.767,10.799,658200
2015-05-26,10.7625,10.7625,10.5049,10.5674,2316000
2015-05-27,10.6177,10.735,10.5857,10.7122,1678200
2015-05-28,10.6512,10.6802,10.6025,10.6787,1384200
2015-05-29,10.6665,10.6665,10.4897,10.5369,1717200
2015-06-01,10.636,10.6558,10.5019,10.5659,3390600
2015-06-02,10.543,10.6329,10.4409,10.54,1188600
2015-06-03,10.6299,10.7228,10.5385,10.6268,2642400
2015-06-04,10.5446,10.6284,10.3815,10.4227,3303600
2015-06-05,10.4196,10.4562,10.319,10.3373,2998800
2015-06-08,10.3495,10.3571,10.2505,10.2718,1792200
2015-06-09,10.2535,10.3175,10.1956,10.2581,1834200
2015-06-10,10.3419,10.575,10.3312,10.5126,2431800
2015-06-11,10.5903,10.6573,10.5629,10.5857,1353000
2015-06-12,10.4989,10.5156,10.3663,10.4105,1980000
2015-06-15,10.2764,10.3221,10.1773,10.2931,3404400
2015-06-16,10.2962,10.4394,10.2748,10.4196,2177400
2015-06-17,10.4699,10.5263,10.3434,10.4592,2171400
2015-06-18,10.5293,10.7366,10.5293,10.668,3591600
2015-06-19,10.6436,10.6543,10.543,10.543,1245000
2015-06-22,10.6863,10.7396,10.6482,10.6771,2480400
2015-06-23,10.6969,10.7488,10.6543,10.7,5856600
2015-06-24,10.6445,10.6781,10.4902,10.4902,2490600
2015-06-25,10.5788,10.5788,10.4016,10.4108,3307200
2015-06-26,10.4566,10.5406,10.4092,10.4734,2016000
2015-06-29,10.2656,10.3512,10.0502,10.0517,5986200
2015-06-30,10.2152,10.2152,10.0349,10.0685,3349200
2015-07-01,10.2778,10.3008,10.1571,10.2473,3894000
2015-07-02,10.3145,10.3283,10.1678,10.2076,855000
2015-07-06,10.0471,10.2213,10.0166,10.1617,1900200
2015-07-07,10.1846,10.2855,9.9127,10.2687,3555000
2015-07-08,10.0869,10.1388,9.9478,9.9845,2435400
2015-07-09,10.2152,10.2565,10.0013,10.0074,2283600
2015-07-10,10.2228,10.2992,10.1663,10.258,2800200
2015-07-13,10.4337,10.5162,10.4153,10.5055,2386800
2015-07-14,10.4749,10.614,10.4734,10.5941,1462200
2015-07-15,10.5758,10.6369,10.5406,10.5911,1052400
2015-07-16,10.6965,10.698,10.6155,10.6736,1719600
2015-07-17,10.6338,10.643,10.5727,10.6338,1119000
2015-07-20,10.669,10.6949,10.6094,10.6491,1296000
2015-07-21,10.5208,10.533,10.3817,10.4398,1887600
2015-07-22,10.3924,10.4383,10.316,10.3741,1395000
2015-07-23,10.3741,10.3741,10.1969,10.2366,2084400
2015-07-24,10.2458,10.2458,10.0181,10.0517,2611800
2015-07-27,9.9066,9.9555,9.8439,9.9035,2967000
2015-07-28,9.9646,10.1235,9.9035,10.0945,3847200
2015-07-29,10.1388,10.2702,10.122,10.2458,2229000
2015-07-30,10.2137,10.2534,10.1128,10.2396,1732800
2015-07-31,10.2931,10.2931,10.1526,10.1785,1726800
2015-08-03,10.1984,10.1984,9.9463,10.0624,2009400
2015-08-04,10.0792,10.1098,9.9585,10.012,1012200
2015-08-05,10.0808,10.148,9.986,10.0166,2087400
2015-08-06,10.0334,10.0426,9.8241,9.8913,2529600
2015-08-07,9.8394,9.8699,9.7278,9.8455,3361800
2015-08-10,9.96,10.122,9.9539,10.1052,3160800
2015-08-11,9.9234,9.9616,9.8088,9.8714,1876800
2015-08-12,9.7171,9.902,9.5643,9.876,4176600
2015-08-13,9.8607,9.9662,9.8088,9.8852,2165400
2015-08-14,9.8791,9.9769,9.873,9.9646,960600
2015-08-17,9.876,10.0532,9.8118,10.0471,1665000
2015-08-18,10.0028,10.0746,9.9814,10.0074,1030800
2015-08-19,9.8974,10.0227,9.7553,9.8287,3523800
2015-08-20,9.6453,9.6881,9.4284,9.4314,5532000
2015-08-21,9.2022,9.3138,8.8447,8.8524,9941400
2015-08-24,7.8272,8.7362,7.4101,8.2015,17446200
2015-08-25,8.7042,8.7255,7.9754,7.9998,5759400
2015-08-26,8.4016,8.6461,8.1175,8.6232,6582600
2015-08-27,8.86,9.0296,8.666,9.0296,10741800
2015-08-28,8.9394,9.0418,8.8982,9.0051,3882600
2015-08-31,8.8951,8.9899,8.8019,8.8799,3471000
2015-09-01,8.4689,8.6155,8.3008,8.3909,5284200
2015-09-02,8.6385,8.6935,8.4658,8.6919,5514000
2015-09-03,8.7912,8.9058,8.6568,8.7179,4564800
2015-09-04,8.4689,8.53,8.3497,8.4291,4908600
2015-09-08,8.724,8.8524,8.6705,8.8417,3149400
2015-09-09,9.0143,9.0311,8.5514,8.5911,3979200
2015-09-10,8.5728,8.7882,8.5453,8.6736,3542400
2015-09-11,8.6186,8.7836,8.5819,8.7775,2073600
2015-09-14,8.7836,8.7882,8.6736,8.7149,2182200
2015-09-15,8.779,9.0051,8.7378,8.9624,2959800
2015-09-16,8.9929,9.1274,8.9501,9.1121,2908800
2015-09-17,9.109,9.3214,9.0006,9.0372,7184400
2015-09-18,8.7439,8.8982,8.6812,8.7255,4777200
2015-09-21,8.8356,8.9303,8.7301,8.8569,3269400
2015-09-22,8.6278,8.695,8.5483,8.6629,4211400
2015-09-23,8.6956,8.6956,8.5376,8.6127,2578200
2015-09-24,8.4624,8.5744,8.3305,8.5376,6091200
2015-09-25,8.7477,8.8045,8.5606,8.648,3691200
2015-09-28,8.5529,8.556,8.2936,8.3228,5690400
2015-09-29,8.3427,8.4332,8.2522,8.355,4883400
2015-09-30,8.5437,8.6189,8.4455,8.5928,4504800
2015-10-01,8.6588,8.6772,8.3857,8.5943,3706800
2015-10-02,8.3872,8.8122,8.3259,8.8122,5138400
2015-10-05,8.9288,9.1574,8.918,9.1221,3025200
2015-10-06,9.1297,9.2279,9.1006,9.1482,3281400
2015-10-07,9.2586,9.3415,9.1236,9.2847,5731800
2015-10-08,9.2417,9.4703,9.2341,9.4396,5972400
2015-10-09,9.4657,9.5056,9.412,9.4765,3268200
2015-10-12,9.4887,9.5363,9.4535,9.5256,1078200
2015-10-13,9.4166,9.5731,9.4166,9.4673,2208600
2015-10-14,9.4473,9.5025,9.2571,9.2954,3435000
2015-10-15,9.3476,9.5424,9.3092,9.5424,3018000
2015-10-16,9.5716,9.6207,9.4964,9.6115,2747400
2015-10-19,9.5409,9.6406,9.521,9.6391,2366400
2015-10-20,9.57,9.6698,9.5424,9.6253,1111200
2015-10-21,9.6774,9.7311,9.5501,9.5716,1992600
2015-10-22,9.6851,9.949,9.6805,9.9352,2886600
2015-10-23,10.084,10.1469,10.0042,10.1131,4339200
2015-10-26,10.1193,10.1223,10.0579,10.0794,2473200
2015-10-27,10.0104,10.0901,9.9889,10.0303,1833000
2015-10-28,10.0763,10.2589,10.0027,10.2589,4133400
2015-10-29,10.2037,10.265,10.1515,10.2267,2241600
2015-10-30,10.2635,10.2804,10.1223,10.1254,1999200
2015-11-02,10.1592,10.331,10.1576,10.3126,1478400
2015-11-03,10.285,10.4844,10.2758,10.4215,2146200
2015-11-04,10.4752,10.4829,10.3218,10.3755,2004000
2015-11-05,10.3862,10.4414,10.2696,10.3693,1992000
2015-11-06,10.3509,10.4322,10.2666,10.4276,3701400
2015-11-09,10.3663,10.3663,10.1515,10.2313,2474400
2015-11-10,10.1822,10.2788,10.15,10.262,1815600
2015-11-11,10.3172,10.3218,10.1945,10.2006,1106400
2015-11-12,10.0671,10.1039,9.903,9.903,2392200
2015-11-13,9.8401,9.8999,9.6713,9.682,2703000
2015-11-16,9.6237,9.949,9.6237,9.9459,1973400
2015-11-17,10.0042,10.0855,9.9198,9.9582,2413800
2015-11-18,10.018,10.2681,10.018,10.2481,2410800
2015-11-19,10.1914,10.2896,10.1914,10.2497,1429200
2015-11-20,10.3617,10.4599,10.3156,10.354,3697200
2015-11-23,10.3433,10.4062,10.2712,10.3264,1423200
2015-11-24,10.1944,10.3954,10.1898,10.3433,1579800
2015-11-25,10.3525,10.3862,10.3279,10.3463,802800
2015-11-27,10.3172,10.3663,10.2788,10.3387,435000
2015-11-30,10.3831,10.3831,10.2497,10.265,1472400
2015-12-01,10.3387,10.4507,10.311,10.4368,2237400
2015-12-02,10.4154,10.4645,10.242,10.2696,1838400
2015-12-03,10.3249,10.3249,9.9106,9.9827,2943600
2015-12-04,10.0119,10.4169,10.0104,10.3893,3601200
2015-12-07,10.3325,10.3433,10.153,10.2589,1402200
2015-12-08,10.0825,10.1991,9.9812,10.0855,2080800
2015-12-09,10.0318,10.3064,9.8861,9.9935,3558000
2015-12-10,9.995,10.2328,9.9735,10.0871,2242200
2015-12-11,9.8263,9.9168,9.6974,9.7327,4510200
2015-12-14,9.7726,9.8631,9.5946,9.86,4116000
2015-12-15,10.0042,10.1484,9.9858,10.038,2479200
2015-12-16,10.1914,10.3249,9.9812,10.2865,3499200
2015-12-17,10.3295,10.3433,9.9904,9.995,2101800
2015-12-18,9.9106,9.9106,9.5654,9.5746,4615800
2015-12-21,9.6897,9.7342,9.5562,9.7158,2111400
2015-12-22,9.8133,9.9318,9.6949,9.8979,1862400
2015-12-23,10.0625,10.1087,9.9918,10.0995,2867400
2015-12-24,10.0702,10.1072,10.0379,10.0456,991200
2015-12-28,9.9533,10.0272,9.9102,10.0149,838200
2015-12-29,10.1487,10.2687,10.1487,10.2379,2220600
2015-12-30,10.1825,10.2087,10.0841,10.101,1341000
2015-12-31,10.0241,10.0825,9.8918,9.8918,2789400
2016-01-04,9.5395,9.5903,9.3687,9.5903,4094400
2016-01-05,9.6133,9.6333,9.461,9.5933,3270600
2016-01-06,9.3118,9.4364,9.218,9.3195,3826800
2016-01-07,8.978,9.2041,8.8334,8.8888,5437800
2016-01-08,9.0011,9.0318,8.6734,8.7057,4576200
2016-01-11,8.7888,8.8303,8.5811,8.758,4640400
2016-01-12,8.9041,8.9641,8.678,8.878,5544600
2016-01-13,8.9364,8.9703,8.4611,8.4934,5956200
2016-01-14,8.5565,8.8395,8.4119,8.7211,5788200
2016-01-15,8.2873,8.4119,8.1657,8.3211,6105000
2016-01-19,8.5042,8.5072,8.2319,8.3442,5088000
2016-01-20,8.055,8.2303,7.7611,8.1026,8549400
2016-01-21,8.1226,8.3688,8.0242,8.2011,5152800
2016-01-22,8.4396,8.4657,8.3042,8.4211,3482400
2016-01-25,8.3796,8.418,8.2026,8.2119,2676600
2016-01-26,8.2857,8.5165,8.2857,8.5026,3585600
2016-01-27,8.398,8.5703,8.1934,8.2626,4101000
2016-01-28,8.4026,8.4288,8.1826,8.3934,3117600
2016-01-29,8.5057,8.7903,8.4734,8.7903,2850600
2016-02-01,8.6826,8.8534,8.6272,8.7795,2392800
2016-02-02,8.6103,8.6103,8.4303,8.4749,2917200
2016-02-03,8.5795,8.7149,8.2749,8.6642,6147000
2016-02-04,8.6257,8.8288,8.5995,8.7488,3361200
2016-02-05,8.738,8.738,8.4519,8.5288,3996000
2016-02-08,8.3226,8.4026,8.1165,8.3534,4502400
2016-02-09,8.1796,8.4642,8.1626,8.3442,3291600
2016-02-10,8.4334,8.5534,8.238,8.2596,3861600
2016-02-11,7.9919,8.1134,7.8288,7.9827,6991800
2016-02-12,8.1334,8.3073,8.0734,8.3073,3045000
2016-02-16,8.4965,8.5503,8.3796,8.5442,2411400
2016-02-17,8.6734,8.8611,8.6642,8.8241,2635200
2016-02-18,8.8641,8.8811,8.758,8.7795,2494200
2016-02-19,8.6934,8.7657,8.6488,8.7611,1527000
2016-02-22,8.9411,9.0549,8.9149,9.0026,2235600
2016-02-23,8.9718,8.9826,8.7749,8.8057,2326800
2016-02-24,8.638,8.8872,8.5196,8.8672,4276200
2016-02-25,8.8934,9.0918,8.8334,9.0872,2973000
2016-02-26,9.2118,9.2149,9.018,9.0272,2704800
2016-02-29,9.0334,9.1349,8.9011,8.9041,2986800
2016-03-01,9.0088,9.281,8.9749,9.2718,2640600
2016-03-02,9.2103,9.3164,9.1687,9.3134,3508800
2016-03-03,9.2949,9.3687,9.2303,9.3687,3448200
2016-03-04,9.3934,9.4995,9.318,9.4333,4118400
2016-03-07,9.361,9.538,9.358,9.501,2589000
2016-03-08,9.3995,9.5195,9.3487,9.3918,2552400
2016-03-09,9.4933,9.498,9.3841,9.4457,2427000
2016-03-10,9.5164,9.5872,9.2472,9.441,5136600
2016-03-11,9.6087,9.6933,9.5918,9.6764,2917800
2016-03-14,9.6195,9.7549,9.6195,9.6964,1509600
2016-03-15,9.6087,9.7272,9.5841,9.7272,1389600
2016-03-16,9.6779,9.8702,9.6733,9.8087,3316200
2016-03-17,9.8256,10.0395,9.7795,9.9856,2138400
2016-03-18,10.0456,10.1441,10.0425,10.1133,3631200
2016-03-21,10.1133,10.1718,10.0641,10.1487,2473200
2016-03-22,10.0718,10.1764,10.0518,10.1056,2400600
2016-03-23,10.0149,10.0579,9.9502,9.9733,2074200
2016-03-24,9.8749,9.9826,9.8456,9.9795,2006400
2016-03-28,10.0272,10.0595,9.9579,10.0056,1187400
2016-03-29,9.9379,10.1256,9.8887,10.1164,2367600
2016-03-30,10.2302,10.2918,10.1672,10.2072,1935600
2016-03-31,10.1979,10.2533,10.1533,10.181,1495800
2016-04-01,10.0702,10.3164,10.041,10.3025,2034600
2016-04-04,10.2872,10.3179,10.2056,10.2348,1500600
2016-04-05,10.1102,10.2087,10.0549,10.0825,2465400
2016-04-06,10.0933,10.2256,10.0164,10.2148,3611400
2016-04-07,10.0749,10.1256,9.9502,10.0195,2606400
2016-04-08,10.1364,10.1887,9.9964,10.0595,1429800
2016-04-11,10.1195,10.2302,10.0302,10.0379,1273800
2016-04-12,10.0518,10.2425,10.0241,10.2225,1527600
2016-04-13,10.3195,10.4425,10.3195,10.4364,1350000
2016-04-14,10.4564,10.4994,10.4133,10.4548,1291800
2016-04-15,10.4548,10.4687,10.3933,10.421,544800
2016-04-18,10.3502,10.5517,10.3502,10.5502,1223400
2016-04-19,10.5933,10.6625,10.5256,10.6087,1750800
2016-04-20,10.5887,10.7379,10.5825,10.6671,998400
2016-04-21,10.6456,10.6671,10.5071,10.5364,934200
2016-04-22,10.5194,10.5779,10.4425,10.5594,1003800
2016-04-25,10.4718,10.521,10.3748,10.5148,1098000
2016-04-26,10.5533,10.5933,10.4718,10.5364,939600
2016-04-27,10.4625,10.641,10.4564,10.5979,1077600
2016-04-28,10.4379,10.5825,10.301,10.3533,1378800
2016-04-29,10.2687,10.3225,10.1395,10.2872,1419600
2016-05-02,10.3425,10.4333,10.2748,10.4164,857400
2016-05-03,10.2625,10.3072,10.1625,10.2472,1005000
2016-05-04,10.1441,10.241,10.0872,10.1441,1204200
2016-05-05,10.1979,10.2364,10.1025,10.1456,756600
2016-05-06,10.0749,10.2579,10.0687,10.2425,1052400
2016-05-09,10.2256,10.2964,10.1672,10.2133,941400
2016-05-10,10.2856,10.4748,10.2856,10.4733,1188000
2016-05-11,10.4133,10.4364,10.2395,10.2441,858600
2016-05-12,10.3179,10.3395,10.1425,10.2472,1242000
2016-05-13,10.1964,10.2672,10.0133,10.0395,987000
2016-05-16,10.0395,10.2856,10.0395,10.2318,998400
2016-05-17,10.201,10.2287,9.9626,10.0364,1164000
2016-05-18,9.9687,10.1687,9.9164,10.0502,2071800
2016-05-19,9.9625,9.9949,9.8195,9.9349,1749000
2016-05-20,10.0087,10.0995,9.9826,10.0149,862200
2016-05-23,10.0056,10.0764,9.9933,10.0164,1209000
2016-05-24,10.1302,10.2918,10.121,10.2487,1413600
2016-05-25,10.3318,10.4625,10.3256,10.4179,903000
2016-05-26,10.4318,10.461,10.3671,10.3902,409800
2016-05-27,10.4102,10.4518,10.3933,10.4425,511800
2016-05-31,10.4933,10.4933,10.2825,10.3425,790800
2016-06-01,10.2518,10.3748,10.2148,10.3502,1014000
2016-06-02,10.3025,10.4133,10.2625,10.4133,645600
2016-06-03,10.3487,10.4118,10.2548,10.3856,1150800
2016-06-06,10.4502,10.5487,10.4302,10.5148,978600
2016-06-07,10.541,10.6102,10.5379,10.541,901800
2016-06-08,10.5779,10.6287,10.5594,10.6164,849000
2016-06-09,10.5317,10.6164,10.5133,10.5964,1039200
2016-06-10,10.4456,10.5194,10.3887,10.4564,1438200
2016-06-13,10.3841,10.4902,10.3041,10.3056,1075800
2016-06-14,10.2656,10.3056,10.1472,10.2348,1291800
2016-06-15,10.2825,10.3456,10.1872,10.1964,3291000
2016-06-16,10.121,10.3333,10.0025,10.3118,1743000
2016-06-17,10.3195,10.3195,10.1548,10.2395,1116000
2016-06-20,10.4394,10.5548,10.3856,10.3902,1107000
2016-06-21,10.4379,10.4764,10.3841,10.4133,683400
2016-06-22,10.4528,10.5223,10.3463,10.3587,1233000
2016-06-23,10.53,10.6241,10.4899,10.6241,1117800
2016-06-24,9.982,10.2491,9.857,9.9079,4858200
2016-06-27,9.7629,9.7644,9.5236,9.6085,2358000
2016-06-28,9.8045,9.9126,9.7304,9.9126,1923000
2016-06-29,10.0669,10.2491,10.0453,10.2352,1571400
2016-06-30,10.2954,10.5084,10.2568,10.5068,2062200
2016-07-01,10.5022,10.5948,10.5022,10.5454,1453200
2016-07-05,10.459,10.4636,10.3417,10.4034,1454400
2016-07-06,10.3262,10.5099,10.2614,10.5022,1817400
2016-07-07,10.5037,10.5825,10.388,10.4713,1063800
2016-07-08,10.6149,10.7986,10.6149,10.7692,1722000
2016-07-11,10.8371,10.9344,10.8279,10.8603,1211400
2016-07-12,10.9853,11.0424,10.9437,11.0085,1035000
2016-07-13,11.0378,11.0594,10.9745,11.0409,772200
2016-07-14,11.2107,11.2416,11.1613,11.203,1599600
2016-07-15,11.2678,11.2879,11.1613,11.2122,984000
2016-07-18,11.2215,11.2709,11.1937,11.24,950400
2016-07-19,11.2261,11.274,11.2091,11.2724,1290600
2016-07-20,11.3264,11.3542,11.2755,11.3203,822600
2016-07-21,11.2894,11.3048,11.1659,11.2261,1154400
2016-07-22,11.2354,11.2894,11.1968,11.2879,1042200
2016-07-25,11.2678,11.2678,11.1474,11.1952,655800
2016-07-26,11.1752,11.2215,11.0671,11.1721,1141800
2016-07-27,11.2446,11.2554,11.1165,11.1675,1371000
2016-07-28,11.1505,11.1798,11.044,11.1505,754200
2016-07-29,11.0779,11.1613,11.0486,11.1165,662400
2016-08-01,11.132,11.1551,11.027,11.0795,931800
2016-08-02,11.0563,11.0764,10.8927,10.9745,1114200
2016-08-03,10.9575,11.0286,10.9452,11.0177,504600
2016-08-04,11.0409,11.081,10.9961,11.0285,537000
2016-08-05,11.1428,11.2508,11.1428,11.2508,1050600
2016-08-08,11.2632,11.3033,11.223,11.2477,989400
2016-08-09,11.2585,11.3203,11.2277,11.2524,735000
2016-08-10,11.2539,11.3095,11.1983,11.2292,1015800
2016-08-11,11.3018,11.4036,11.2879,11.3728,1123800
2016-08-12,11.3403,11.365,11.2771,11.3249,874800
2016-08-15,11.3897,11.4407,11.3712,11.3959,645000
2016-08-16,11.3573,11.3758,11.3018,11.3018,587400
2016-08-17,11.3002,11.3619,11.223,11.3465,1009200
2016-08-18,11.3434,11.382,11.3048,11.3743,613800
2016-08-19,11.2909,11.3681,11.2601,11.328,925200
2016-08-22,11.274,11.3511,11.2246,11.3018,1227000
2016-08-23,11.3743,11.4268,11.3218,11.3249,1211400
2016-08-24,11.3126,11.3126,11.203,11.2431,753000
2016-08-25,11.2107,11.2601,11.1798,11.2061,561600
2016-08-26,11.2261,11.3481,11.061,11.1351,1637400
2016-08-29,11.1397,11.2894,11.1397,11.2663,979800
2016-08-30,11.2801,11.2971,11.169,11.2169,717600
2016-08-31,11.1844,11.2061,11.0749,11.1551,750000
2016-09-01,11.1582,11.1937,11.0332,11.1706,942600
2016-09-02,11.2678,11.3311,11.203,11.2678,876600
2016-09-06,11.311,11.3419,11.223,11.3141,688200
2016-09-07,11.3018,11.3295,11.2601,11.311,638400
2016-09-08,11.2493,11.2894,11.223,11.2585,835200
2016-09-09,11.1212,11.1212,10.7847,10.7878,2133000
2016-09-12,10.6859,11.1042,10.6704,11.061,2173200
2016-09-13,10.9004,10.9467,10.7137,10.7615,1492800
2016-09-14,10.7708,10.8696,10.6704,10.7152,1344000
2016-09-15,10.7291,10.9745,10.6936,10.9344,1441800
2016-09-16,10.8804,10.8804,10.7631,10.8233,633000
2016-09-19,10.9236,10.9792,10.7893,10.8171,358800
2016-09-20,10.9159,10.939,10.831,10.831,263400
2016-09-21,10.9282,11.0397,10.8214,11.0289,987600
2016-09-22,11.1636,11.2116,11.1048,11.1435,1785000
2016-09-23,11.1032,11.1202,10.9778,10.9886,832200
2016-09-26,10.888,10.888,10.7718,10.7904,1288200
2016-09-27,10.7873,10.953,10.7362,10.9515,2944200
2016-09-28,10.9731,11.0831,10.8833,11.0629,1697400
2016-09-29,11.0273,11.1063,10.7718,10.84,1455000
2016-09-30,10.9344,11.1048,10.9344,11.0258,873000
2016-10-03,10.9979,10.9995,10.9096,10.9654,629400
2016-10-04,10.9995,11.0366,10.8121,10.8616,1107000
2016-10-05,10.9391,11.0459,10.9391,11.001,705000
2016-10-06,10.9623,11.0057,10.8663,10.9995,631800
2016-10-07,11.0289,11.0459,10.8523,10.9515,740400
2016-10-10,11.0691,11.145,11.0552,11.0645,582600
2016-10-11,11.0335,11.0366,10.7393,10.826,1104600
2016-10-12,10.8245,10.8988,10.7641,10.8415,799200
2016-10-13,10.6882,10.8307,10.6232,10.7889,1725600
2016-10-14,10.9251,10.9731,10.8338,10.8338,1197600
2016-10-17,10.8229,10.8632,10.7439,10.7703,598200
2016-10-18,10.9127,10.9313,10.8183,10.857,771000
2016-10-19,10.8864,10.9654,10.8725,10.9127,514800
2016-10-20,10.874,10.9654,10.8291,10.8663,532200
2016-10-21,10.7734,10.8709,10.73,10.8554,1027800
2016-10-24,10.9747,10.9979,10.9065,10.9313,1147800
2016-10-25,10.9282,10.9592,10.8492,10.8771,703800
2016-10-26,10.7656,10.9499,10.7439,10.9096,757200
2016-10-27,10.9654,10.9793,10.8492,10.8787,355200
2016-10-28,10.9112,10.9762,10.778,10.8616,1131000
2016-10-31,10.8849,10.8926,10.8245,10.8369,344400
2016-11-01,10.8616,10.8756,10.5968,10.713,813600
2016-11-02,10.6541,10.7192,10.5906,10.6216,745200
2016-11-03,10.651,10.6805,10.5597,10.5922,809400
2016-11-04,10.5705,10.6541,10.5349,10.538,719400
2016-11-07,10.8307,10.9793,10.8198,10.9762,1134600
2016-11-08,10.9623,11.1714,10.9298,11.0831,1420800
2016-11-09,10.8911,11.4733,10.8787,11.3866,2702400
2016-11-10,11.5229,11.7536,11.4532,11.6684,3194400
2016-11-11,11.6591,11.7304,11.5817,11.718,1394400
2016-11-14,11.7923,11.8264,11.6808,11.7505,1267200
2016-11-15,11.7521,11.8202,11.6731,11.8187,1006200
2016-11-16,11.7675,11.7939,11.7211,11.7706,814800
2016-11-17,11.7753,11.8156,11.7443,11.814,911400
2016-11-18,11.8388,11.8388,11.7598,11.7722,475800
2016-11-21,11.8125,11.893,11.8001,11.8852,577800
2016-11-22,11.9549,11.9952,11.8945,11.9704,990600
2016-11-23,11.9658,12.0447,11.9549,12.0401,543000
2016-11-25,12.102,12.1268,12.0881,12.1268,735600
2016-11-28,12.0896,12.1175,12.0293,12.1175,1007400
2016-11-29,12.0804,12.1408,12.0494,12.1129,450000
2016-11-30,12.1919,12.2461,12.1315,12.1315,1096800
2016-12-01,12.1748,12.2337,12.1609,12.2042,976200
2016-12-02,12.1965,12.2089,12.1438,12.1826,475200
2016-12-05,12.2832,12.3096,12.1996,12.2445,655200
2016-12-06,12.2631,12.2832,12.195,12.2801,443400
2016-12-07,12.2848,12.6828,12.2631,12.6549,1389600
2016-12-08,12.706,12.8206,12.6471,12.7555,1705800
2016-12-09,12.7865,12.9414,12.7741,12.9414,1290000
2016-12-12,12.9677,13.0281,12.9414,12.9956,1693800
2016-12-13,13.1071,13.2031,13.0652,13.186,1789800
2016-12-14,13.1071,13.2186,12.9274,12.9863,2490600
2016-12-15,13.0374,13.1984,13.025,13.0668,1615800
2016-12-16,13.1303,13.1582,13.0312,13.0544,1482600
2016-12-19,13.0761,13.1504,13.0622,13.1102,1663200
2016-12-20,13.1876,13.2449,13.169,13.2139,1652400
2016-12-21,13.2318,13.2426,13.1805,13.1852,939600
2016-12-22,13.1774,13.1821,13.106,13.1526,2127000
2016-12-23,13.1588,13.1666,13.1278,13.1666,867000
2016-12-27,13.1666,13.2271,13.1666,13.1883,787200
2016-12-28,13.2318,13.2318,13.0269,13.0408,1269600
2016-12-29,13.0284,13.0905,12.9726,13.0176,1044600
2016-12-30,13.044,13.0455,12.8794,12.9663,1497000
2017-01-03,13.1464,13.1666,12.9555,13.0781,1330200
2017-01-04,13.1324,13.1992,13.0983,13.1743,2052600
2017-01-05,13.1386,13.1836,13.0067,13.12,1547400
2017-01-06,13.1309,13.2566,13.044,13.2224,1760400
2017-01-09,13.1666,13.1743,13.1154,13.1185,1144200
2017-01-10,13.1122,13.1992,13.0486,13.0672,1362600
2017-01-11,13.0859,13.2178,13.0315,13.1898,2559600
2017-01-12,13.1309,13.1309,12.9586,13.106,2106600
2017-01-13,13.1278,13.1852,13.0579,13.0936,1344000
2017-01-17,13.0409,13.089,12.957,13.0238,1240800
2017-01-18,13.0331,13.0362,12.9213,13.0051,1323000
2017-01-19,13.0129,13.0269,12.8391,12.9058,1437600
2017-01-20,12.9726,13.0579,12.9462,13.03,1823400
2017-01-23,13.016,13.044,12.9074,12.9989,2122800
2017-01-24,13.0005,13.1914,12.9865,13.1464,1700400
2017-01-25,13.2907,13.387,13.2612,13.387,2236800
2017-01-26,13.3823,13.4227,13.3482,13.4165,1699200
2017-01-27,13.3901,13.4071,13.3513,13.373,646200
2017-01-30,13.2876,13.2876,13.0797,13.21,1899000
2017-01-31,13.1107,13.1433,12.9695,13.0765,2233200
2017-02-01,13.1883,13.2069,13.0517,13.1076,1447200
2017-02-02,13.0564,13.1433,13.03,13.0936,838200
2017-02-03,13.2178,13.3575,13.2116,13.3094,1692600
2017-02-06,13.2721,13.373,13.2581,13.314,712200
2017-02-07,13.4025,13.4568,13.3435,13.3606,712200
2017-02-08,13.3373,13.373,13.3063,13.342,522000
2017-02-09,13.3901,13.5577,13.3854,13.5142,990600
2017-02-10,13.5887,13.6788,13.5624,13.6477,849000
2017-02-13,13.744,13.8759,13.73,13.834,1179600
2017-02-14,13.8169,13.9783,13.8076,13.9783,1627200
2017-02-15,14.014,14.1522,13.9923,14.1366,1446600
2017-02-16,14.163,14.1832,14.0652,14.1444,1171200
2017-02-17,14.0249,14.1491,14.0202,14.1444,946200
2017-02-21,14.2437,14.3353,14.2096,14.3089,1639200
2017-02-22,14.281,14.3695,14.2499,14.3617,1668600
2017-02-23,14.4393,14.4548,14.326,14.4052,1656000
2017-02-24,14.2965,14.4207,14.2965,14.4207,1234800
2017-02-27,14.3757,14.4797,14.3757,14.4579,1492200
2017-02-28,14.4207,14.4688,14.3958,14.4315,1041600
2017-03-01,14.6768,14.9267,14.6768,14.8475,3816600
2017-03-02,14.8754,14.8754,14.6845,14.6985,1611600
2017-03-03,14.7094,14.7451,14.6225,14.683,1001400
2017-03-06,14.5712,14.6659,14.5666,14.6271,963000
2017-03-07,14.5868,14.655,14.5573,14.579,1025400
2017-03-08,14.6333,14.6364,14.4797,14.5045,1338000
2017-03-09,14.5091,14.5712,14.4036,14.5122,1306200
2017-03-10,14.655,14.6566,14.4703,14.5743,1231800
2017-03-13,14.5728,14.5992,14.4998,14.5588,815400
2017-03-14,14.475,14.5355,14.416,14.4874,999600
2017-03-15,14.5309,14.6737,14.5138,14.6333,1196400
2017-03-16,14.697,14.7063,14.5604,14.6162,1048800
2017-03-17,14.683,14.683,14.5852,14.5883,936000
2017-03-20,14.5836,14.6426,14.5433,14.579,952200
2017-03-21,14.6442,14.6628,14.2205,14.2329,2842800
2017-03-22,14.187,14.2586,14.12,14.2337,2284800
2017-03-23,14.187,14.3613,14.1698,14.2243,2418600
2017-03-24,14.2897,14.3052,14.0515,14.1465,2490000
2017-03-27,13.9208,14.106,13.8835,14.0827,2104200
2017-03-28,14.05,14.3255,14.0375,14.2866,1401600
2017-03-29,14.2445,14.2492,14.1761,14.2228,1398600
2017-03-30,14.2212,14.3488,14.201,14.3115,1095000
2017-03-31,14.271,14.3037,14.2196,14.2259,558000
2017-04-03,14.2461,14.2586,14.022,14.2056,1090800
2017-04-04,14.1698,14.2757,14.1512,14.2648,790200
2017-04-05,14.3659,14.5356,14.1978,14.2025,1816200
2017-04-06,14.2181,14.3348,14.1605,14.2352,634200
2017-04-07,14.2072,14.3099,14.1636,14.2259,453600
2017-04-10,14.243,14.3473,14.1605,14.2165,506400
2017-04-11,14.1854,14.2243,14.0329,14.2119,918600
2017-04-12,14.1963,14.1963,14.078,14.1278,647400
2017-04-13,14.078,14.1574,13.941,13.9426,961200
2017-04-17,14.0282,14.1947,14.008,14.1854,572400
2017-04-18,14.0578,14.134,13.9457,14.0266,1197600
2017-04-19,14.0453,14.0609,13.8368,13.8648,1266600
2017-04-20,13.9379,14.1792,13.9084,14.12,1205400
2017-04-21,14.1169,14.1403,14.0126,14.0718,799800
2017-04-24,14.3644,14.4017,14.3193,14.3597,977400
2017-04-25,14.5994,14.7255,14.5683,14.685,1308600
2017-04-26,14.7006,14.7862,14.6508,14.6508,1003800
2017-04-27,14.6803,14.6928,14.5947,14.6617,546000
2017-04-28,14.6617,14.6617,14.5838,14.601,565800
2017-05-01,14.6601,14.6601,14.5558,14.5776,672600
2017-05-02,14.6134,14.6305,14.5589,14.615,482400
2017-05-03,14.5574,14.6539,14.5154,14.6181,2079600
2017-05-04,14.6695,14.6695,14.4749,14.6103,829200
2017-05-05,14.5885,14.6912,14.5558,14.6866,531600
2017-05-08,14.7006,14.7208,14.6601,14.7146,721800
2017-05-09,14.7379,14.766,14.6165,14.6679,580200
2017-05-10,14.6103,14.6897,14.5667,14.6523,1915800
2017-05-11,14.5932,14.6305,14.4578,14.6181,707400
2017-05-12,14.5698,14.6119,14.5574,14.5839,413400
2017-05-15,14.6446,14.7317,14.6446,14.699,1630200
2017-05-16,14.7628,14.78,14.6352,14.6352,1230600
2017-05-17,14.4469,14.5154,14.2056,14.2119,1317600
2017-05-18,14.1449,14.4235,14.1387,14.2835,1251000
2017-05-19,14.3442,14.5527,14.3239,14.4796,1031400
2017-05-22,14.5761,14.6305,14.5683,14.6087,913800
2017-05-23,14.6819,14.6897,14.6119,14.6617,471600
2017-05-24,14.7037,14.7831,14.6632,14.7722,1200000
2017-05-25,14.8625,14.9138,14.8344,14.8671,550800
2017-05-26,14.8516,14.8842,14.8251,14.8578,511200
2017-05-30,14.8329,14.8547,14.7877,14.8033,302400
2017-05-31,14.8391,14.8391,14.6912,14.7846,532200
2017-06-01,14.8189,14.9714,14.7753,14.9683,543000
2017-06-02,14.9979,15.0912,14.9605,15.057,903600
2017-06-05,15.0352,15.0866,15.0134,15.0305,610200
2017-06-06,14.9481,15.0243,14.9294,14.9776,239400
2017-06-07,15.0165,15.0461,14.9387,15.0274,405000
2017-06-08,15.0165,15.152,14.9745,15.0399,639000
2017-06-09,15.0897,15.2018,14.9963,15.1473,1238400
2017-06-12,15.1099,15.1644,15.0383,15.113,1669200
2017-06-13,15.1551,15.2531,15.1551,15.2531,417000
2017-06-14,15.3092,15.3341,15.1955,15.3216,605400
2017-06-15,15.1815,15.306,15.1597,15.2889,1765200
2017-06-16,15.292,15.3247,15.2235,15.3169,782400
2017-06-19,15.4243,15.5333,15.4025,15.5255,520200
2017-06-20,15.5286,15.5379,15.4399,15.4414,495600
2017-06-21,15.4818,15.4818,15.3368,15.3727,571800
2017-06-22,15.3852,15.4257,15.3384,15.3758,364200
2017-06-23,15.3274,15.3711,15.2526,15.3368,292800
2017-06-26,15.46,15.4896,15.3212,15.3758,621000
2017-06-27,15.3586,15.3929,15.2152,15.2167,651000
2017-06-28,15.3103,15.4538,15.3103,15.407,457800
2017-06-29,15.4678,15.4678,15.0467,15.1808,1205400
2017-06-30,15.2635,15.3711,15.2308,15.2479,1821000
2017-07-03,15.3664,15.5661,15.3602,15.4366,1671600
2017-07-05,15.4725,15.474,15.3493,15.4538,373200
2017-07-06,15.3836,15.3976,15.2105,15.2105,1072800
2017-07-07,15.276,15.3851,15.276,15.3649,513600
2017-07-10,15.3368,15.4163,15.3009,15.3695,359400
2017-07-11,15.3618,15.3961,15.1746,15.3742,513000
2017-07-12,15.4943,15.605,15.4896,15.5567,1122600
2017-07-13,15.5536,15.5988,15.5052,15.5988,1473600
2017-07-14,15.5551,15.7485,15.5239,15.6783,742200
2017-07-17,15.7251,15.7251,15.6206,15.6206,922200
2017-07-18,15.5848,15.6144,15.4538,15.5863,1118400
2017-07-19,15.6175,15.6893,15.5972,15.6893,500400
2017-07-20,15.7142,15.7251,15.605,15.6565,690600
2017-07-21,15.5801,15.605,15.5084,15.5957,577800
2017-07-24,15.5957,15.5957,15.485,15.5505,648000
2017-07-25,15.7127,15.7392,15.6113,15.6612,901200
2017-07-26,15.7766,15.8359,15.7485,15.7906,637200
2017-07-27,15.8499,15.9232,15.7626,15.9232,891600
2017-07-28,15.8702,15.9793,15.8577,15.9715,1084200
2017-07-31,16.0776,16.1041,16.0261,16.0651,771000
2017-08-01,16.2117,16.2117,16.1259,16.1618,684000
2017-08-02,16.2195,16.257,16.1681,16.2382,537600
2017-08-03,16.2429,16.2757,16.2039,16.2445,427800
2017-08-04,16.3271,16.3427,16.2523,16.3365,433800
2017-08-07,16.3661,16.3895,16.3349,16.3895,462000
2017-08-08,16.3552,16.4846,16.3084,16.3458,662400
2017-08-09,16.2803,16.3224,16.2351,16.2959,878400
2017-08-10,16.207,16.218,16.0261,16.0339,1063200
2017-08-11,16.0807,16.1088,16.023,16.0511,685800
2017-08-14,16.246,16.2725,16.2148,16.2258,423000
2017-08-15,16.3193,16.3271,16.2133,16.2601,272400
2017-08-16,16.3271,16.3911,16.2757,16.31,1238400
2017-08-17,16.2148,16.2367,15.8998,15.9014,1444200
2017-08-18,15.8842,15.9559,15.7345,15.7891,1326600
2017-08-21,15.786,15.8405,15.6861,15.8249,391800
2017-08-22,15.9216,16.1259,15.9076,16.1181,690000
2017-08-23,16.0043,16.0651,15.9825,15.9903,394200
2017-08-24,16.0417,16.0714,15.9248,15.9544,467400
2017-08-25,16.0417,16.1353,15.9996,16.0152,662400
2017-08-28,16.076,16.076,15.9357,15.9887,295800
2017-08-29,15.8249,16.1041,15.7953,16.0979,440400
2017-08-30,16.0885,16.1618,16.0495,16.1431,860400
2017-08-31,16.232,16.2694,16.1587,16.2289,507600
2017-09-01,16.3115,16.3474,16.2632,16.2632,465600
2017-09-05,16.1493,16.1743,15.8608,15.9216,975600
2017-09-06,16.048,16.0636,15.9871,16.0199,831600
2017-09-07,16.0526,16.0776,15.9294,15.9871,549600
2017-09-08,15.9201,16.0682,15.9014,16.0043,379800
2017-09-11,16.1883,16.3911,16.1883,16.3661,839400
2017-09-12,16.4613,16.4924,16.4223,16.4691,535200
2017-09-13,16.4613,16.5158,16.4394,16.5112,195000
2017-09-14,16.4815,16.6156,16.4815,16.6094,424800
2017-09-15,16.6297,16.703,16.6188,16.6952,1024200
2017-09-18,16.7747,16.8231,16.7217,16.795,840000
2017-09-19,16.834,16.8683,16.8028,16.8589,411600
2017-09-20,16.8589,16.912,16.7763,16.912,453600
2017-09-21,16.9073,16.9088,16.8262,16.834,444600
2017-09-22,16.7919,16.8309,16.7388,16.7997,255000
2017-09-25,16.7638,16.8137,16.6125,16.7279,307200
2017-09-26,16.7778,16.8293,16.703,16.7139,191400
2017-09-27,16.8346,16.8377,16.6611,16.8142,625200
2017-09-28,16.7564,16.8658,16.722,16.8471,394800
2017-09-29,16.8205,16.8877,16.7845,16.8705,836400
2017-10-02,16.933,17.119,16.9158,17.119,382200
2017-10-03,17.1752,17.2503,17.1455,17.2503,614400
2017-10-04,17.2706,17.3065,17.2362,17.2737,651600
2017-10-05,17.3128,17.4565,17.2721,17.4565,626400
2017-10-06,17.3612,17.4472,17.3612,17.4394,393000
2017-10-09,17.4862,17.4941,17.4003,17.43,436800
2017-10-10,17.5003,17.5628,17.4487,17.5347,361800
2017-10-11,17.5378,17.6081,17.5316,17.6081,1283400
2017-10-12,17.6034,17.6175,17.5269,17.5534,256800
2017-10-13,17.5941,17.6441,17.5738,17.6144,274200
2017-10-16,17.6785,17.7285,17.63,17.7082,1150200
2017-10-17,17.7504,17.7926,17.7269,17.7832,526200
2017-10-18,17.9691,18.0535,17.9426,18.041,590400
2017-10-19,17.9285,18.0488,17.8738,18.0457,1117200
2017-10-20,18.202,18.3114,18.116,18.3114,1055400
2017-10-23,18.3817,18.3817,18.2239,18.2254,719400
2017-10-24,18.4536,18.5521,18.4286,18.4911,1365600
2017-10-25,18.5021,18.5021,18.1817,18.3098,1327800
2017-10-26,18.4396,18.5005,18.3974,18.4255,1031400
2017-10-27,18.4536,18.4849,18.338,18.4677,1483800
2017-10-30,18.3708,18.4536,18.2989,18.3364,660000
2017-10-31,18.3849,18.4177,18.313,18.3802,576600
2017-11-01,18.5771,18.5849,18.3927,18.4661,1145400
2017-11-02,18.5005,18.6083,18.3192,18.6083,819000
2017-11-03,18.6318,18.6427,18.5302,18.6099,565200
2017-11-06,18.6318,18.6771,18.5974,18.6287,1073400
2017-11-07,18.6583,18.713,18.5302,18.6458,604200
2017-11-08,18.638,18.6724,18.5724,18.6537,559200
2017-11-09,18.4849,18.6177,18.2817,18.5177,1215000
2017-11-10,18.4833,18.5146,18.4286,18.4771,456600
2017-11-13,18.352,18.5333,18.352,18.513,480000
2017-11-14,18.4067,18.4599,18.2505,18.4505,582600
2017-11-15,18.2692,18.3395,18.2004,18.2395,858600
2017-11-16,18.4505,18.6021,18.4442,18.5552,1102200
2017-11-17,18.4583,18.4817,18.388,18.388,745800
2017-11-20,18.4552,18.5443,18.3942,18.5083,1537200
2017-11-21,18.6849,18.7959,18.6615,18.7662,1591800
2017-11-22,18.8146,18.8146,18.6349,18.6583,598800
2017-11-24,18.7146,18.774,18.7037,18.7037,328800
2017-11-27,18.6896,18.8474,18.6896,18.7599,473400
2017-11-28,18.8521,19.1756,18.849,19.1491,696000
2017-11-29,19.2944,19.3725,19.2381,19.3335,1900200
2017-11-30,19.5054,19.982,19.4991,19.8508,2514000
2017-12-01,19.9367,19.9789,19.3413,19.8414,2739600
2017-12-04,20.2555,20.3321,19.9242,19.9383,2604000
2017-12-05,20.0414,20.0414,19.707,19.7257,1615200
2017-12-06,19.6976,19.8242,19.671,19.6804,844800
2017-12-07,19.607,19.8805,19.607,19.7914,567600
2017-12-08,19.9477,20.0039,19.857,20.0039,981000
2017-12-11,20.0383,20.1024,19.9805,20.0961,730200
2017-12-12,20.2165,20.3681,20.193,20.304,862200
2017-12-13,20.3462,20.5525,20.3337,20.4509,907800
2017-12-14,20.5446,20.5572,20.3024,20.3055,1036800
2017-12-15,20.5165,20.5931,20.4478,20.5212,1372200
2017-12-18,20.8306,20.901,20.7353,20.7838,1903800
2017-12-19,20.8838,20.8838,20.6306,20.6931,763200
2017-12-20,20.8635,20.8744,20.6056,20.6525,1665000
2017-12-21,20.7619,20.8447,20.7072,20.7384,679200
2017-12-22,20.7463,20.7463,20.629,20.6947,655200
2017-12-26,20.6236,20.7254,20.6017,20.6737,699600
2017-12-27,20.6643,20.7426,20.644,20.7097,581400
2017-12-28,20.7974,20.8146,20.7504,20.7958,2292000
2017-12-29,20.8757,20.8803,20.6502,20.6894,1158000
2018-01-02,20.8412,20.8506,20.6565,20.7802,2520600
2018-01-03,20.8475,20.9805,20.8052,20.9383,1591200
2018-01-04,21.0917,21.267,21.0525,21.231,2171400
2018-01-05,21.3516,21.5911,21.278,21.5754,1103400
2018-01-08,21.6052,21.6114,21.4862,21.5566,1428000
2018-01-09,21.6459,21.8369,21.6365,21.7554,1350000
2018-01-10,21.6506,21.7695,21.5206,21.7226,1889400
2018-01-11,21.7915,22.067,21.7554,22.0576,2497200
2018-01-12,22.2815,22.4615,22.2079,22.4615,1742400
2018-01-16,22.8388,22.9436,22.283,22.4239,3677400
2018-01-17,22.7151,23.0172,22.5585,22.9859,3355800
2018-01-18,23.0219,23.0266,22.6947,22.845,2653200
2018-01-19,22.845,22.9264,22.7026,22.9264,1693800
2018-01-22,22.7949,23.1785,22.7777,23.1753,1887600
2018-01-23,23.1753,23.227,23.0501,23.1753,1585800
2018-01-24,23.3256,23.4869,22.9812,23.2755,2413200
2018-01-25,23.4368,23.5886,23.2489,23.4837,3153600
2018-01-26,23.5918,23.8595,23.5338,23.8563,1755000
2018-01-29,23.764,23.8563,23.5464,23.5604,2185800
2018-01-30,23.0704,23.2333,22.8137,22.9123,4949400
2018-01-31,23.3491,23.3569,22.8544,23.0517,2755200
2018-02-01,22.7808,23.3068,22.748,23.1033,1554600
2018-02-02,22.7057,22.7621,21.8619,21.8854,6626400
2018-02-05,21.3844,21.912,19.2084,19.8565,12629400
2018-02-06,19.0816,20.8803,18.9454,20.8318,6190800
2018-02-07,20.7034,21.4517,20.6173,20.7692,6248400
2018-02-08,20.8271,20.8271,19.0691,19.0879,9885000
2018-02-09,19.5152,19.9395,18.3114,19.6405,10848000
2018-02-12,19.9614,20.5641,19.7892,20.3136,5497800
2018-02-13,20.0851,20.4686,19.9896,20.3637,3535800
2018-02-14,20.1352,20.8334,20.1054,20.7833,3648600
2018-02-15,21.1966,21.339,20.6878,21.339,2964600
2018-02-16,21.2341,21.7194,21.231,21.3515,2919000
2018-02-20,21.0917,21.2905,20.7817,20.9242,2612400
2018-02-21,20.9602,21.4376,20.6299,20.6377,3276000
2018-02-22,20.7833,21.2357,20.7692,20.9148,2502600
2018-02-23,21.1747,21.5332,21.0165,21.5332,1660200
2018-02-26,21.7789,22.2204,21.7022,22.1672,2998800
2018-02-27,22.2141,22.3362,21.6647,21.7116,2244000
2018-02-28,21.8697,21.9715,21.0369,21.0369,3084000
2018-03-01,21.0259,21.2811,20.0397,20.3277,3640200
2018-03-02,19.8816,20.2933,19.6859,20.2103,3448200
2018-03-05,19.9771,20.8991,19.9598,20.7817,2835600
2018-03-06,20.9993,21.0009,20.4843,20.777,2512200
2018-03-07,20.2729,20.7175,20.2103,20.6581,1833600
2018-03-08,20.8271,20.9085,20.4984,20.8193,1984200
2018-03-09,21.1058,21.5566,21.0165,21.5566,2653800
2018-03-12,21.6459,21.7461,21.2373,21.2968,2492400
2018-03-13,21.4752,21.6146,20.8897,20.9884,2219400
2018-03-14,21.1856,21.2122,20.4295,20.5798,2337600
2018-03-15,20.7567,21.0651,20.5735,20.7755,2007000
2018-03-16,20.8083,21.0291,20.7441,20.86,905400
2018-03-19,20.6831,20.7144,20.06,20.334,1642200
2018-03-20,20.3857,20.6205,20.3857,20.5125,1167600
2018-03-21,20.5147,20.9364,20.3971,20.4347,1298400
2018-03-22,19.9643,20.1681,19.2054,19.2744,2961600
2018-03-23,19.3418,19.4704,18.5093,18.561,3338400
2018-03-26,19.1443,19.6476,18.8683,19.599,1936200
2018-03-27,19.8028,19.991,18.7946,19.0424,2688600
2018-03-28,19.1223,19.3952,18.8338,19.0016,2403600
2018-03-29,19.2368,19.7558,19.1427,19.5425,2039400
2018-04-02,19.3513,19.4422,18.2004,18.6614,4061400
2018-04-03,18.8229,19.3089,18.71,19.2995,2215200
2018-04-04,18.4623,19.7354,18.4481,19.6492,2912400
2018-04-05,19.8561,20.245,19.8169,20.0443,2365800
2018-04-06,19.6241,19.9392,18.7993,19.1898,3010200
2018-04-09,19.4422,19.8295,19.16,19.2054,2524200
2018-04-10,19.7997,20.0458,19.599,19.8938,2637000
2018-04-11,19.5645,19.8138,19.4704,19.5316,1462200
2018-04-12,19.8342,20.1697,19.7903,20.0019,1853400
2018-04-13,20.3093,20.3093,19.61,19.7981,2518200
2018-04-16,20.0866,20.3046,19.991,20.1493,1445400
2018-04-17,20.5397,20.6072,20.4049,20.4943,1844400
2018-04-18,20.5068,20.5601,20.3735,20.4269,745800
2018-04-19,20.314,20.4425,20.1101,20.292,1497000
2018-04-20,20.2904,20.3046,19.8185,19.9502,1748400
2018-04-23,20.0521,20.0647,19.7417,19.922,1388400
2018-04-24,20.1274,20.1289,18.9279,19.2493,2953200
2018-04-25,19.3042,19.4359,18.9201,19.3262,2873400
2018-04-26,19.4751,19.8389,19.3983,19.7056,1538400
2018-04-27,19.6978,19.7636,19.5143,19.6868,850200
2018-04-30,19.8608,19.991,19.4626,19.4642,1055400
2018-05-01,19.345,19.3513,18.8793,19.3293,2653200
2018-05-02,19.2807,19.4751,19.0048,19.0518,1356600
2018-05-03,18.8511,19.1678,18.4262,19.0533,3726600
2018-05-04,18.884,19.7072,18.8495,19.599,1807200
2018-05-07,19.7589,19.9471,19.599,19.7385,1707600
2018-05-08,19.7009,19.8326,19.4908,19.7401,1511400
2018-05-09,19.8812,20.1289,19.7072,20.06,1317000
2018-05-10,20.1807,20.499,20.1446,20.4174,1729800
2018-05-11,20.4535,20.637,20.383,20.5633,1476600
2018-05-14,20.7279,20.8376,20.6197,20.6699,1192200
2018-05-15,20.5037,20.5052,20.2293,20.3485,2157600
2018-05-16,20.3406,20.5178,20.3077,20.466,718200
2018-05-17,20.4065,20.6134,20.2795,20.4065,1858800
2018-05-18,20.4284,20.5052,20.3343,20.4018,996000
2018-05-21,20.7796,21.0133,20.7718,20.8863,1462200
2018-05-22,20.9819,20.9819,20.5617,20.6072,1219800
2018-05-23,20.339,20.6871,20.3171,20.6809,1203000
2018-05-24,20.626,20.6354,20.2026,20.5601,884800
2018-05-25,20.5131,20.5789,20.3532,20.4519,617600
2018-05-29,20.1039,20.2591,19.6194,19.8216,1323400
2018-05-30,20.118,20.4049,19.9957,20.3437,1228600
2018-05-31,20.1979,20.1979,19.8028,19.911,1323200
2018-06-01,20.2403,20.3437,20.1556,20.2779,736800
2018-06-04,20.4849,20.6401,20.4755,20.5789,592000
2018-06-05,20.5507,20.6072,20.3955,20.5366,716400
2018-06-06,20.753,21.1199,20.6495,21.1199,1160000
2018-06-07,21.2281,21.4162,21.1528,21.261,1051200
2018-06-08,21.181,21.4209,21.1481,21.388,656200
2018-06-11,21.4491,21.5432,21.3598,21.4209,705800
2018-06-12,21.4538,21.4774,21.2845,21.4209,1299000
2018-06-13,21.4491,21.4727,21.1904,21.1998,638600
2018-06-14,21.3974,21.4256,21.1011,21.1716,854800
2018-06-15,20.927,21.1011,20.6965,21.0164,1811400
2018-06-18,20.6683,20.88,20.5836,20.8423,1039400
2018-06-19,20.3108,20.4331,20.1556,20.372,1953600
2018-06-20,20.5642,20.5736,20.2485,20.3192,809000
2018-06-21,20.2109,20.2109,19.8811,19.9941,1302800
2018-06-22,20.2109,20.3004,20.1355,20.1779,863600
2018-06-25,19.9188,19.9423,19.3487,19.6408,2665400
2018-06-26,19.6973,19.8292,19.6078,19.6785,1081200
2018-06-27,19.768,20.1308,19.41,19.4194,1175600
2018-06-28,19.2639,19.702,19.2027,19.5701,1238200
2018-06-29,19.7821,20.0271,19.6502,19.6502,2012400
2018-07-02,19.3817,19.7068,19.3252,19.6879,2431800
2018-07-03,19.8622,19.9141,19.4382,19.4948,512200
2018-07-05,19.7068,19.801,19.4853,19.7727,1334200
2018-07-06,19.7303,20.0507,19.6691,19.9517,1579200
2018-07-09,20.1261,20.5077,20.1261,20.4747,1606200
2018-07-10,20.5783,20.7573,20.5783,20.6961,861000
2018-07-11,20.3993,20.5265,20.2815,20.3428,1483200
2018-07-12,20.6961,20.7338,20.5265,20.7244,1815800
2018-07-13,20.7244,20.9081,20.6537,20.8657,1347800
2018-07-16,20.8751,20.9458,20.7997,20.9175,854600
2018-07-17,20.8845,21.0824,20.8045,21.0212,1189000
2018-07-18,21.0542,21.1814,20.9976,21.1578,914800
2018-07-19,21.0306,21.0824,20.9175,20.9599,967200
2018-07-20,20.8327,21.0353,20.8092,20.9364,779600
2018-07-23,20.8798,20.9599,20.8045,20.9034,534400
2018-07-24,21.0777,21.3038,21.0589,21.2285,1139400
2018-07-25,21.0918,21.5488,21.0117,21.5253,1082400
2018-07-26,21.5724,21.8032,21.5724,21.7231,778400
2018-07-27,21.7373,21.7938,21.431,21.5865,1697000
2018-07-30,21.6525,21.6572,21.2944,21.3321,1335400
2018-07-31,21.4829,21.6289,21.4452,21.497,1204600
2018-08-01,21.5064,21.6242,21.2709,21.351,762200
2018-08-02,21.0871,21.4075,21.0117,21.3604,602000
2018-08-03,21.3368,21.5865,21.3368,21.5724,601400
2018-08-06,21.5253,21.709,21.4405,21.6525,857600
2018-08-07,21.8362,21.9634,21.8362,21.8645,688400
2018-08-08,21.8503,21.8598,21.7326,21.7844,369200
2018-08-09,21.8268,21.8692,21.6666,21.6949,511400
2018-08-10,21.4499,21.4734,21.219,21.3839,1088200
2018-08-13,21.4169,21.4782,21.1013,21.1766,1074000
2018-08-14,21.285,21.4075,21.1955,21.3651,804000
2018-08-15,21.1295,21.1766,20.7903,21.1342,1541800
2018-08-16,21.53,21.8739,21.5206,21.7844,1468400
2018-08-17,21.775,22.0859,21.7373,21.9728,832200
2018-08-20,22.0718,22.199,22.0623,22.133,672000
2018-08-21,22.2131,22.3591,22.199,22.2461,608000
2018-08-22,22.1848,22.2649,22.0718,22.0953,569800
2018-08-23,22.0341,22.1518,21.888,21.9775,643800
2018-08-24,22.1,22.2555,22.0576,22.1848,568200
2018-08-27,22.4769,22.6795,22.4439,22.6465,747800
2018-08-28,22.8208,22.8208,22.623,22.6889,447000
2018-08-29,22.7407,22.8585,22.6371,22.7879,557800
2018-08-30,22.6701,22.7407,22.4581,22.5476,845600
2018-08-31,22.4439,22.623,22.3686,22.4958,560600
2018-09-04,22.3544,22.5193,22.2319,22.4863,596200
2018-09-05,22.378,22.59,22.3497,22.5334,619000
2018-09-06,22.5711,22.7078,22.3686,22.5758,821800
2018-09-07,22.4015,22.5806,22.2743,22.4534,576000
2018-09-10,22.6041,22.6418,22.3309,22.3356,359400
2018-09-11,22.1707,22.6041,22.1566,22.5146,407000
2018-09-12,22.5287,22.8255,22.4534,22.5711,642400
2018-09-13,22.7596,22.9009,22.6936,22.8067,748000
2018-09-14,22.8774,22.9386,22.6936,22.8444,557600
2018-09-17,22.802,22.8868,22.6277,22.6936,426200
2018-09-18,22.7596,23.1129,22.7219,23.0187,490800
2018-09-19,23.0328,23.372,23.0328,23.2731,428600
2018-09-20,23.5464,23.7725,23.5464,23.7112,890400
2018-09-21,23.928,23.928,23.7489,23.8384,847000
2018-09-24,23.7489,23.7583,23.5039,23.5228,902400
2018-09-25,23.6217,23.6547,23.3767,23.4239,551000
2018-09-26,23.4319,23.6019,23.1533,23.243,816200
2018-09-27,23.3422,23.5074,23.1958,23.2949,1034600
2018-09-28,23.1816,23.4272,23.1816,23.3422,341800
2018-10-01,23.6491,23.8238,23.5783,23.7152,1174600
2018-10-02,23.6208,23.9702,23.6208,23.8947,588800
2018-10-03,24.1166,24.1875,23.9088,23.9608,1077800
2018-10-04,23.8758,23.8758,23.3374,23.5924,1280200
2018-10-05,23.6444,23.7011,23.0447,23.2855,1032800
2018-10-08,23.0777,23.4461,22.8983,23.3752,811800
2018-10-09,23.2949,23.4602,23.0872,23.2666,592000
2018-10-10,23.2808,23.2808,21.7933,21.8688,3243400
2018-10-11,21.628,21.9255,20.5938,20.863,4158200
2018-10-12,21.5383,21.5383,20.778,21.321,2113400
2018-10-15,21.2502,21.5713,21.1699,21.1699,1493800
2018-10-16,21.5619,22.1333,21.4485,22.0766,1234600
2018-10-17,21.9302,22.1144,21.5572,21.9491,1020000
2018-10-18,21.7791,21.9113,21.1416,21.3871,2343400
2018-10-19,21.4958,21.7696,21.3446,21.4721,1767200
2018-10-22,21.6233,21.6846,21.1463,21.2738,1186200
2018-10-23,20.5844,21.2596,20.3671,21.0471,2141600
2018-10-24,21.1463,21.2502,19.9657,20.0507,2287400
2018-10-25,20.3105,20.8913,20.1405,20.7213,2244200
2018-10-26,20.3152,20.5796,19.8099,20.183,3075400
2018-10-29,20.4946,20.7733,19.2763,19.8005,3453800
2018-10-30,19.7863,20.5513,19.7674,20.5088,2854800
2018-10-31,20.896,21.2549,20.7921,20.896,2097600
2018-11-01,21.0944,21.3494,20.8724,21.3399,1590600
2018-11-02,21.6422,21.6469,20.8063,21.1038,2710800
2018-11-05,21.1652,21.5241,21.1322,21.4391,888800
2018-11-06,21.4627,21.7697,21.4533,21.7413,756800
2018-11-07,22.1238,22.7047,21.9633,22.6763,1686600
2018-11-08,22.6433,22.8747,22.5394,22.7283,2443800
2018-11-09,22.5488,22.6102,22.1994,22.3741,1881600
2018-11-12,22.3127,22.3599,21.2738,21.3494,2137000
2018-11-13,21.2974,21.5524,21.0235,21.1794,1600400
2018-11-14,21.5194,21.5194,20.5938,20.8346,1622000
2018-11-15,20.7166,21.3021,20.3719,21.2077,1971800
2018-11-16,21.0141,21.5524,20.9763,21.4249,1479200
2018-11-19,21.321,21.3635,20.5324,20.7166,1583000
2018-11-20,20.1169,20.2066,19.6446,19.7957,4004400
2018-11-21,20.0319,20.1405,19.8146,19.8241,1747400
2018-11-23,19.588,19.7202,19.503,19.5124,705400
2018-11-26,19.876,20.1499,19.8241,20.1027,2082800
2018-11-27,19.8902,20.2727,19.7344,20.268,833400
2018-11-28,20.556,21.3021,20.4521,21.3021,1828200
2018-11-29,21.2691,21.4958,21.033,21.2549,1540600
2018-11-30,21.1699,21.6374,21.1369,21.5808,1649200
2018-12-03,22.393,22.393,21.8405,22.1191,2037000
2018-12-04,21.9349,22.0058,20.6977,20.7591,1984000
2018-12-06,20.0413,20.6033,19.4321,20.5985,3480400
2018-12-07,20.5513,20.8441,19.5218,19.6966,2698800
2018-12-10,19.621,19.8666,18.8749,19.7438,2898000
2018-12-11,20.3577,20.3577,19.4085,19.6635,1983800
2018-12-12,20.1688,20.386,19.8902,19.9044,1948400
2018-12-13,20.0224,20.2349,19.8099,20.0035,1705400
2018-12-14,19.6446,19.7485,19.1016,19.2055,2302200
2018-12-17,18.9882,19.1818,18.176,18.4027,3310000
2018-12-18,18.7238,18.9174,18.2799,18.5207,2076800
2018-12-19,18.5821,19.1393,17.7179,17.9588,4144800
2018-12-20,17.7699,17.8974,16.9152,17.2457,3853000
2018-12-21,17.2835,17.8454,16.5515,16.6035,5372800
2018-12-24,16.3296,16.4665,15.6685,15.6779,3728400
2018-12-26,15.8592,17.2132,15.5326,17.2037,7244000
2018-12-27,16.7161,17.6156,16.2806,17.6156,3888400
2018-12-28,17.805,17.9659,17.3505,17.4641,5776400
2018-12-31,17.7529,17.9044,17.5541,17.9044,2167600
2019-01-02,17.2842,18.0038,17.2605,17.8996,2924400
2019-01-03,17.573,17.5872,16.8345,16.9007,3615000
2019-01-04,17.3789,18.1363,17.3221,17.9896,4844400
2019-01-07,18.0985,18.3967,17.8002,18.1505,2318600
2019-01-08,18.5671,18.6713,18.2263,18.5482,1671200
2019-01-09,18.7234,18.8607,18.5387,18.6855,2182400
2019-01-10,18.5387,18.8985,18.4109,18.8749,1648400
2019-01-11,18.695,18.8749,18.5577,18.8701,1420000
2019-01-14,18.5387,18.8181,18.5103,18.7281,821800
2019-01-15,18.7281,19.0264,18.7044,18.979,1239200
2019-01-16,19.0926,19.3246,19.0548,19.1826,1635200
2019-01-17,19.0216,19.6086,19.0216,19.4335,1603400
2019-01-18,19.7554,20.0537,19.5945,19.9826,1802000
2019-01-22,19.7081,19.7791,19.2347,19.5045,1997400
2019-01-23,19.8501,19.959,19.3388,19.7791,1833600
2019-01-24,19.7081,19.8406,19.514,19.7175,1308800
2019-01-25,20.0442,20.2194,19.9164,20.0205,2384600
2019-01-28,19.5802,19.6749,19.3483,19.6702,3044200
2019-01-29,19.7175,19.9069,19.6323,19.7554,2523400
2019-01-30,20.172,20.6028,20.0915,20.4513,2606200
2019-01-31,20.2667,20.5034,20.1767,20.4419,2574400
2019-02-01,20.5176,20.7306,20.3898,20.5129,2198400
2019-02-04,20.4987,20.8158,20.3756,20.8158,959800
2019-02-05,20.9579,21.1094,20.8916,21.062,1438400
2019-02-06,21.0005,21.133,20.92,21.0526,764600
2019-02-07,20.8016,20.9626,20.4419,20.7212,2002800
2019-02-08,20.4797,20.6312,20.2667,20.6265,2181400
2019-02-11,20.7496,20.7922,20.4797,20.5507,1389400
2019-02-12,20.8395,21.204,20.8395,21.1378,824600
2019-02-13,21.3035,21.4834,21.2514,21.3413,1143200
2019-02-14,21.133,21.4123,20.991,21.204,1836800
2019-02-15,21.5165,21.9378,21.5165,21.9378,2056000
2019-02-19,21.8147,22.0751,21.8147,21.952,991200
2019-02-20,21.952,22.1225,21.8858,22.0657,884400
2019-02-21,21.971,22.0278,21.7343,21.881,2196600
2019-02-22,22.023,22.2219,21.9899,22.184,1752400
2019-02-25,22.4775,22.5485,22.2834,22.3166,2176000
2019-02-26,22.1461,22.4018,22.0751,22.2313,1763400
2019-02-27,22.1177,22.2124,21.9378,22.1225,1373000
2019-02-28,22.1035,22.1982,21.9757,22.0136,3113200
2019-03-01,22.3166,22.3923,22.0088,22.1982,1197000
2019-03-04,22.3876,22.4112,21.4834,21.8479,2327800
2019-03-05,21.8242,21.9284,21.6869,21.8242,1746000
2019-03-06,21.8242,21.8621,21.5212,21.5875,1571600
2019-03-07,21.4786,21.5212,21.0478,21.2324,2886800
2019-03-08,20.9058,21.2419,20.8869,21.2088,2571600
2019-03-11,20.8963,21.5686,20.8443,21.5591,1470400
2019-03-12,21.4881,21.5875,21.3366,21.4076,1437600
2019-03-13,21.5733,21.7721,21.436,21.6443,1294400
2019-03-14,21.649,21.7437,21.5212,21.6632,1040400
2019-03-15,21.7627,22.0372,21.5686,21.9,1366400
2019-03-18,21.81,22.0278,21.7958,21.9994,937400
2019-03-19,22.1793,22.3355,21.8384,21.9757,2009000
2019-03-20,21.9083,22.0317,21.5906,21.7186,1343800
2019-03-21,21.5668,22.155,21.5526,22.0791,1489600
2019-03-22,21.7993,21.9273,21.2917,21.3155,3797000
2019-03-25,21.2443,21.4578,21.0688,21.3107,3477800
2019-03-26,21.6333,21.7755,21.3582,21.5336,2627600
2019-03-27,21.5763,21.7091,21.1494,21.4815,2487200
2019-03-28,21.6238,21.6759,21.3961,21.6332,1129600
2019-03-29,21.8894,22.0222,21.7234,21.989,1490800
2019-04-01,22.3305,22.5771,22.2309,22.5297,1364800
2019-04-02,22.4491,22.4728,22.3115,22.3969,1048400
2019-04-03,22.5771,22.5819,22.3305,22.4633,1830400
2019-04-04,22.487,22.7858,22.4775,22.7716,1729400
2019-04-05,22.9091,22.9423,22.7384,22.8238,1557000
2019-04-08,22.5819,22.6862,22.5155,22.6862,969400
2019-04-09,22.4728,22.4728,22.2736,22.3637,1112000
2019-04-10,22.4206,22.4538,22.2736,22.3637,634200
2019-04-11,22.4348,22.4823,22.1977,22.34,816800
2019-04-12,22.7289,22.8333,22.6246,22.7953,841200
2019-04-15,22.7906,22.8048,22.6246,22.7384,607600
2019-04-16,22.9945,22.9993,22.7621,22.8665,594800
2019-04-17,22.9566,22.9613,22.7479,22.838,717800
2019-04-18,22.9566,23.1178,22.857,23.0372,1212800
2019-04-22,22.8617,23.0277,22.857,22.9518,686200
2019-04-23,23.0514,23.2744,22.9661,23.189,736800
2019-04-24,23.2127,23.2459,23.0751,23.1131,640800
2019-04-25,22.8143,22.9898,22.5961,22.8807,1123200
2019-04-26,22.8522,22.9993,22.7479,22.9993,554000
2019-04-29,23.0087,23.0941,22.9566,23.0087,560000
2019-04-30,23.0941,23.1131,22.7858,23.0514,510600
2019-05-01,23.2032,23.2412,22.7858,22.7953,1423000
2019-05-02,22.7289,22.8285,22.3542,22.5676,1877800
2019-05-03,22.8048,22.9613,22.6957,22.9044,1111600
2019-05-06,22.0981,22.8617,22.0696,22.8048,1653200
2019-05-07,22.3969,22.4775,21.6759,21.989,1933400
2019-05-08,21.9463,22.2356,21.8419,21.9747,1067000
2019-05-09,21.6475,21.8799,21.2585,21.7755,2464400
2019-05-10,21.6048,22.1218,21.2016,22.008,2146600
2019-05-13,21.1447,21.2965,20.7795,20.936,3056000
2019-05-14,21.0831,21.5431,21.0546,21.2823,979800
2019-05-15,21.0356,21.6048,20.9692,21.491,1138000
2019-05-16,21.6665,22.0127,21.6427,21.8467,879800
2019-05-17,21.491,22.008,21.472,21.6759,1416600
2019-05-20,21.4672,21.6665,21.3439,21.5526,932000
2019-05-21,21.804,21.9131,21.7186,21.8609,667600
2019-05-22,21.7518,21.8799,21.6759,21.6949,557400
2019-05-23,21.3012,21.3155,20.9597,21.2253,1363800
2019-05-24,21.453,21.5242,21.2491,21.4103,852800
2019-05-28,21.4483,21.6095,20.9977,20.9977,931800
2019-05-29,20.7558,20.7795,20.3242,20.6277,1148000
2019-05-30,20.6941,20.7842,20.5376,20.7036,755800
2019-05-31,20.3004,20.4095,20.1249,20.1392,1276000
2019-06-03,20.1155,20.3242,19.9115,20.1249,994800
2019-06-04,20.5091,20.9882,20.4854,20.9787,745800
2019-06-05,21.2443,21.3344,21.0593,21.3297,876000
2019-06-06,21.3913,21.7518,21.287,21.6285,853000
2019-06-07,21.7803,22.2166,21.7661,22.0649,1614000
2019-06-10,22.3495,22.4538,22.1929,22.1977,1110800
2019-06-11,22.4775,22.5155,22.0933,22.174,660800
2019-06-12,22.1502,22.2309,22.0222,22.0933,374600
2019-06-13,22.2498,22.3352,22.0838,22.2831,773600
2019-06-14,22.2167,22.3779,22.0933,22.2546,404400
2019-06-17,22.2878,22.3779,22.1834,22.2925,237000
2019-06-18,22.5534,22.9945,22.506,22.9044,831600
2019-06-19,22.9281,23.0609,22.838,22.9471,996800
2019-06-20,23.374,23.4593,23.0087,23.3882,1138000
2019-06-21,23.3503,23.6443,23.2886,23.3313,768600
2019-06-24,23.3597,23.4593,23.3218,23.3408,737400
2019-06-25,23.3783,23.3783,22.9743,23.0028,1145600
2019-06-26,23.1454,23.2024,22.979,22.979,1014200
2019-06-27,23.0075,23.0979,22.8554,22.9457,553800
2019-06-28,23.1074,23.1549,22.9457,23.0646,555200
2019-07-01,23.5637,23.5827,23.1121,23.2832,1498200
2019-07-02,23.2452,23.4021,23.1359,23.4021,740000
2019-07-03,23.5067,23.7206,23.4924,23.7206,611800
2019-07-05,23.5447,23.7016,23.3355,23.6588,1456400
2019-07-08,23.4116,23.5067,23.3498,23.4449,1659600
2019-07-09,23.2262,23.4544,23.2072,23.4211,838200
2019-07-10,23.578,23.7586,23.4639,23.5352,1498400
2019-07-11,23.7206,23.9345,23.6445,23.9345,756000
2019-07-12,24.0771,24.3671,24.0581,24.3433,547000
2019-07-15,24.4099,24.4099,24.2958,24.4099,276000
2019-07-16,24.4098,24.4764,24.2815,24.3576,846000
2019-07-17,24.3623,24.3671,24.1484,24.1484,866400
2019-07-18,24.0533,24.2387,23.8965,24.1484,906200
2019-07-19,24.3481,24.3813,24.0391,24.0533,1715600
2019-07-22,24.1104,24.1722,23.9345,24.0771,597400
2019-07-23,24.2672,24.4241,24.1436,24.3766,837600
2019-07-24,24.1912,24.2863,24.1199,24.2482,435800
2019-07-25,24.253,24.253,23.8727,24.0153,664200
2019-07-26,24.0723,24.1341,23.9773,24.0866,337000
2019-07-29,24.0914,24.2387,24.0819,24.1389,191400
2019-07-30,23.944,24.1484,23.8774,24.0914,317400
2019-07-31,24.1769,24.234,23.2595,23.4924,1182000
2019-08-01,23.5542,24.0438,22.9505,23.0028,2208000
2019-08-02,22.9125,22.9933,22.4323,22.8364,2278200
2019-08-05,22.1899,22.1899,21.1726,21.5292,3052800
2019-08-06,21.7763,22.0473,21.5054,22.0425,1555800
2019-08-07,21.4959,22.1043,21.0395,22.0045,1399800
2019-08-08,22.2327,22.6748,22.0853,22.6748,1175200
2019-08-09,22.5512,22.7318,22.1899,22.5084,1272400
2019-08-12,22.1994,22.3373,21.7241,21.8572,917600
2019-08-13,21.8239,22.7413,21.7383,22.4941,1962000
2019-08-14,21.8144,21.9094,21.1156,21.1441,2581800
2019-08-15,21.32,21.4103,20.9159,21.3295,1707400
2019-08-16,21.5862,21.9142,21.5196,21.8476,1141400
2019-08-19,22.3991,22.4228,22.1757,22.2517,629800
2019-08-20,22.2089,22.2945,21.9522,21.9808,505200
2019-08-21,22.342,22.4751,22.2897,22.361,503600
2019-08-22,22.4941,22.6653,22.2232,22.4419,679600
2019-08-23,22.247,22.5607,21.1726,21.3818,1528200
2019-08-26,21.8239,21.9047,21.5434,21.8429,762200
2019-08-27,22.0853,22.0901,21.5434,21.6147,672200
2019-08-28,21.4864,22.0663,21.3913,22.0473,632000
2019-08-29,22.4894,22.7033,22.323,22.6082,944400
2019-08-30,22.8649,22.8982,22.5274,22.6938,675200
2019-09-03,22.3325,22.342,21.9855,22.2279,667400
2019-09-04,22.5845,22.6415,22.4419,22.6225,536800
2019-09-05,23.0741,23.4544,23.0741,23.2642,731000
2019-09-06,23.3403,23.4924,23.2357,23.3973,399200
2019-09-09,23.4829,23.5732,23.3355,23.4639,701400
2019-09-10,23.4021,23.5685,23.2547,23.5685,797800
2019-09-11,23.635,23.9868,23.5494,23.963,791600
2019-09-12,24.1199,24.2768,23.9297,24.0676,932400
2019-09-13,24.1912,24.2435,24.1009,24.1294,549000
2019-09-16,23.925,24.0343,23.8109,23.8679,517000
2019-09-17,23.7919,23.9392,23.7206,23.9392,369600
2019-09-18,23.887,24.0248,23.578,24.0153,444800
2019-09-19,24.0866,24.2102,23.8537,23.9012,505400
2019-09-20,23.9963,24.0771,23.6065,23.6255,733800
2019-09-23,23.4591,23.7443,23.4306,23.6635,381000
2019-09-24,23.8299,23.8632,23.2214,23.4068,1346600
2019-09-25,23.4829,23.7681,23.326,23.673,657600
2019-09-26,23.7634,23.7634,23.3878,23.5399,573000
2019-09-27,23.6778,23.7396,23.2214,23.4211,918600
2019-09-30,23.4877,23.7111,23.4829,23.5732,598600
2019-10-01,23.7111,23.7919,22.9647,22.9695,1072400
2019-10-02,22.6985,22.7033,21.9332,22.1139,1551400
2019-10-03,22.0568,22.3373,21.5624,22.323,1944400
2019-10-04,22.4846,22.9885,22.4656,22.9505,995000
2019-10-07,22.8174,23.1026,22.7033,22.7984,797400
2019-10-08,22.4704,22.7033,22.2137,22.247,1633800
2019-10-09,22.5654,22.7033,22.4038,22.5702,633800
2019-10-10,22.5132,23.0028,22.5084,22.8316,925400
2019-10-11,23.3165,23.7111,23.2785,23.3593,1411800
2019-10-14,23.2737,23.4686,23.2405,23.3023,429200
2019-10-15,23.5114,23.8917,23.4972,23.7301,508200
2019-10-16,23.6588,23.7776,23.5827,23.6873,314400
2019-10-17,23.8061,23.8774,23.635,23.7491,443200
2019-10-18,23.6255,23.7158,23.2928,23.2975,976000
2019-10-21,23.3783,23.4116,23.2547,23.3973,467000
2019-10-22,23.4496,23.5922,23.3118,23.3403,806800
2019-10-23,23.3831,23.5019,23.2405,23.3878,481000
2019-10-24,23.5352,23.5447,23.1787,23.3498,779200
2019-10-25,23.307,23.7016,23.2928,23.597,682200
2019-10-28,23.8109,23.963,23.7253,23.8204,511400
2019-10-29,23.7729,23.963,23.7396,23.8299,904200
2019-10-30,23.8489,24.0248,23.673,24.02,1052800
2019-10-31,23.9583,23.9678,23.5209,23.7491,976800
2019-11-01,24.0058,24.253,23.9345,24.253,604000
2019-11-04,24.5002,24.562,24.3718,24.4621,570800
2019-11-05,24.5905,24.6428,24.4526,24.5097,669800
2019-11-06,24.5477,24.5857,24.3718,24.5097,553200
2019-11-07,24.8329,25.0849,24.7949,24.9185,638000
2019-11-08,24.9423,24.947,24.7331,24.9042,458600
2019-11-11,24.6856,24.9708,24.619,24.9185,367800
2019-11-12,24.9708,25.0706,24.8329,24.9423,488800
2019-11-13,24.7664,25.1276,24.7426,25.0991,438200
2019-11-14,25.0801,25.1276,24.909,25.1086,427200
2019-11-15,25.2845,25.5079,25.2512,25.5032,380400
2019-11-18,25.527,25.5792,25.4509,25.5792,322600
2019-11-19,25.6696,25.6696,25.3035,25.3748,576800
2019-11-20,25.2607,25.313,24.9137,25.1942,1042200
2019-11-21,25.2037,25.2085,24.9945,25.0849,353800
2019-11-22,25.2132,25.3225,25.1039,25.2893,459800
2019-11-25,25.4509,25.6458,25.4461,25.6458,447200
2019-11-26,25.6886,25.7789,25.6125,25.7361,264200
2019-11-27,25.8122,25.8454,25.6791,25.8454,185000
2019-11-29,25.7314,25.7741,25.6458,25.7219,227200
2019-12-02,25.7456,25.7551,25.1609,25.1704,757800
2019-12-03,24.6665,24.6856,24.329,24.6475,873000
2019-12-04,24.9327,25.0563,24.8662,24.928,362800
2019-12-05,25.0944,25.0944,24.7759,24.9803,854800
2019-12-06,25.3368,25.6363,25.3368,25.5983,513000
2019-12-09,25.5317,25.5935,25.4081,25.4081,449200
2019-12-10,25.3273,25.4794,25.2085,25.3511,452600
2019-12-11,25.3035,25.4271,25.2132,25.3986,351400
2019-12-12,25.3558,25.9786,25.313,25.8169,944600
2019-12-13,25.8027,26.1164,25.6315,25.8407,979400
2019-12-16,26.0166,26.1925,25.9881,26.0118,407800
2019-12-17,26.0118,26.1782,25.9833,26.0546,336400
2019-12-18,26.1449,26.1592,26.0261,26.0356,277600
2019-12-19,26.0974,26.2638,26.0926,26.24,345600
2019-12-20,26.5062,26.5252,26.3826,26.4206,693200
2019-12-23,26.587,26.625,26.549,26.587,317400
2019-12-24,26.6285,26.6285,26.4903,26.495,287200
2019-12-26,26.5618,26.7,26.5332,26.6904,261600
2019-12-27,26.8525,26.8858,26.6714,26.7476,358800
2019-12-30,26.7524,26.7524,26.3282,26.4092,841200
2019-12-31,26.2663,26.5284,26.2186,26.495,697000
2020-01-02,26.7381,27.1528,26.7095,27.1432,583400
2020-01-03,26.5236,26.8716,26.5046,26.6952,703600
2020-01-06,26.3234,26.8477,26.3139,26.8287,456200
2020-01-07,26.719,26.8001,26.5808,26.5999,398600
2020-01-08,26.5189,27.1337,26.4903,26.9144,514000
2020-01-09,27.1956,27.3577,27.1146,27.3148,444800
2020-01-10,27.3768,27.4054,27.0002,27.0717,460000
2020-01-13,27.1623,27.2147,27.0479,27.2052,376400
2020-01-14,27.1718,27.4816,27.1528,27.2624,551600
2020-01-15,27.2052,27.6198,27.1956,27.434,500000
2020-01-16,27.6866,27.9344,27.658,27.9296,351200
2020-01-17,28.0964,28.0964,27.9344,28.0202,356800
2020-01-21,27.8677,28.0154,27.6532,27.7581,376600
2020-01-22,27.8677,27.9725,27.7009,27.7247,266400
2020-01-23,27.5388,27.7342,27.3196,27.6961,450200
2020-01-24,27.8772,27.9106,27.0717,27.3434,916600
2020-01-27,26.4188,26.7381,26.3425,26.4903,800200
2020-01-28,26.6714,27.0098,26.5903,26.8525,500600
2020-01-29,27.1909,27.229,26.8477,26.8668,449800
2020-01-30,26.5475,27.1242,26.4092,27.0813,625800
2020-01-31,26.781,26.8287,25.7849,25.985,1338000
2020-02-03,26.1614,26.6189,26.1519,26.1948,669400
2020-02-04,26.9001,27.1432,26.8525,26.9764,654000
2020-02-05,27.4769,27.8963,27.3196,27.8581,531800
2020-02-06,28.0965,28.106,27.7819,28.025,517600
2020-02-07,27.8391,27.8486,27.4483,27.5245,652600
2020-02-10,27.3577,27.8724,27.3482,27.8724,461200
2020-02-11,28.1346,28.1489,27.7438,27.8629,505000
2020-02-12,28.1727,28.4205,28.1727,28.3777,585000
2020-02-13,28.1346,28.4063,28.044,28.2204,501800
2020-02-14,28.2394,28.2728,27.9439,28.1584,756400
2020-02-18,27.8915,28.025,27.6198,27.8534,611200
2020-02-19,28.0059,28.1822,27.9344,28.0583,505000
2020-02-20,27.9678,28.0917,27.3148,27.82,605600
2020-02-21,27.5817,27.6246,27.2099,27.3672,543400
2020-02-24,25.6038,26.047,25.3464,25.4512,1592400
2020-02-25,25.6991,25.7753,23.6878,23.8498,2563600
2020-02-26,24.0691,24.6458,23.5114,23.6353,2132800
2020-02-27,22.806,23.2922,21.5192,21.5192,3865600
2020-02-28,20.299,21.1188,19.7652,20.9949,4181800
2020-03-02,21.3523,23.0968,20.9425,23.0872,3096600
2020-03-03,23.2445,23.7545,21.3714,21.7432,3243000
2020-03-04,22.7441,23.7068,22.3532,23.6735,1778000
2020-03-05,22.501,22.9013,21.686,21.9862,2781600
2020-03-06,20.6851,21.7861,20.4992,21.5859,2588200
2020-03-09,18.3258,19.7271,17.9493,18.2258,2794200
2020-03-10,19.5555,20.0035,17.9732,19.9988,3756400
2020-03-11,18.893,19.1123,17.3297,17.6634,3520400
2020-03-12,15.2517,16.6339,14.0983,14.1078,3684000
2020-03-13,15.9046,16.8197,14.2889,16.734,2987800
2020-03-16,12.9925,14.756,12.8543,12.8543,3521400
2020-03-17,13.1164,13.941,12.087,13.8314,3348200
2020-03-18,11.9154,12.7876,10.7524,12.1108,5840400
2020-03-19,11.9154,12.6684,11.1385,12.2061,3844600
2020-03-20,12.5683,12.778,11.0479,11.1337,3577600
2020-03-23,10.9764,11.0718,10.0327,10.4617,3880400
2020-03-24,11.6675,12.8543,11.6294,12.8114,4698800
2020-03-25,13.3209,14.4653,12.6314,13.4119,7332400
2020-03-26,13.771,15.1979,13.7183,15.1069,6157800
2020-03-27,14.1014,14.8579,13.7039,13.9433,4595400
2020-03-30,14.0726,14.8771,13.7662,14.7909,3442400
2020-03-31,14.6664,15.0159,14.1875,14.2594,2966000
2020-04-01,13.1533,13.6944,12.7894,12.9761,2817000
2020-04-02,12.8421,13.6704,12.7176,13.5555,2358600
2020-04-03,13.4023,13.6225,12.8947,13.1246,1923600
2020-04-06,14.178,15.2841,14.0774,15.0734,2861400
2020-04-07,16.3087,16.4093,15.1165,15.126,4914600
2020-04-08,15.4612,16.2752,15.1643,16.1603,2950400
2020-04-09,16.6726,16.9599,16.2609,16.5481,3702400
2020-04-13,16.4572,16.4715,15.6863,16.1172,2042600
2020-04-14,16.7493,16.9935,16.5051,16.869,1952000
2020-04-15,16.1603,16.4428,15.8634,16.2369,1755000
2020-04-16,16.3231,16.3662,15.8395,16.2752,2192400
2020-04-17,17.1467,17.2951,16.6918,17.2424,3022400
2020-04-20,16.6774,17.0653,16.3949,16.4237,2163000
2020-04-21,15.7006,15.9736,15.4421,15.5618,3294200
2020-04-22,16.1124,16.3758,15.9783,16.1603,1557600
2020-04-23,16.2704,16.7253,16.1699,16.1986,2502800
2020-04-24,16.3758,16.6487,16.0837,16.5625,1988200
2020-04-27,16.7588,17.185,16.6679,17.0557,1701400
2020-04-28,17.5968,17.6064,16.9312,17.0413,3047000
2020-04-29,17.659,17.9559,17.5202,17.7883,2693200
2020-04-30,17.4531,17.6016,17.1323,17.3478,2264200
2020-05-01,16.7876,16.9073,16.3614,16.4811,2357200
2020-05-04,16.1603,16.5338,15.9688,16.5003,1588000
2020-05-05,16.8546,17.0892,16.6679,16.6966,1417200
2020-05-06,16.8929,16.9216,16.3854,16.4093,1411400
2020-05-07,16.7397,17.003,16.6439,16.6966,1675400
2020-05-08,17.161,17.3717,17.027,17.3286,1279600
2020-05-11,17.0605,17.3957,16.9791,17.1946,1032600
2020-05-12,17.3765,17.4196,16.5529,16.5577,1885400
2020-05-13,16.4045,16.4763,15.5809,15.8347,3309800
2020-05-14,15.4708,16.3518,15.2027,16.3423,3382800
2020-05-15,16.055,16.4859,15.9688,16.4332,2506400
2020-05-18,17.3574,17.8601,17.343,17.6877,2889200
2020-05-19,17.6399,17.7117,17.1419,17.1515,2156800
2020-05-20,17.6159,17.7739,17.5202,17.6686,1561600
2020-05-21,17.6207,17.8889,17.3909,17.5585,2058600
2020-05-22,17.5345,17.5585,17.2903,17.5249,1317400
2020-05-26,18.382,18.5496,18.2528,18.2959,1462400
2020-05-27,18.813,19.1003,18.3198,19.0859,1897000
2020-05-28,19.4067,19.4307,18.8226,18.904,2315000
2020-05-29,18.7364,19.038,18.3533,18.8752,2615000
2020-06-01,18.8082,19.0716,18.6454,19.0332,1164000
2020-06-02,19.2248,19.4163,19.0955,19.4115,1154200
2020-06-03,19.7898,20.3452,19.694,20.2207,1823800
2020-06-04,20.101,20.4075,19.943,20.2303,1760400
2020-06-05,21.3316,21.8775,21.2406,21.504,3680200
2020-06-08,21.7673,22.2653,21.7578,22.2653,2400600
2020-06-09,21.7769,22.0546,21.5902,21.7817,2088200
2020-06-10,21.7578,21.9158,21.2454,21.346,3428800
2020-06-11,19.9861,20.2159,18.3102,18.406,7172800
2020-06-12,19.445,19.6222,18.3246,19.1003,5402200
2020-06-15,18.1139,19.5121,17.9607,19.3301,3929200
2020-06-16,20.6469,20.6565,19.3876,20.1298,4311000
2020-06-17,20.2878,20.2878,19.7754,19.8616,2297400
2020-06-18,19.5743,19.9095,19.4355,19.7802,1904400
2020-06-19,20.3261,20.3644,19.3205,19.4977,2700600
2020-06-22,19.3636,19.7658,19.1817,19.718,1366800
2020-06-23,20.1106,20.1537,19.8377,19.9239,1230800
2020-06-24,19.5651,19.6034,18.6072,18.8611,3137600
2020-06-25,18.6743,19.3113,18.4875,19.2538,2687000
2020-06-26,19.0191,19.0622,18.1139,18.1905,6201200
2020-06-29,18.4731,19.0191,18.3007,19.0191,2561000
2020-06-30,18.8898,19.4837,18.8563,19.3065,3638200
2020-07-01,19.4598,19.6657,19.2011,19.2203,2002400
2020-07-02,19.7998,19.9531,19.3065,19.3831,1882200
2020-07-06,19.9579,20.068,19.7567,20.068,1825800
2020-07-07,19.7806,19.8956,19.431,19.4645,1961800
2020-07-08,19.5651,19.7902,19.3592,19.728,1383400
2020-07-09,19.7375,19.7807,18.909,19.1963,2005400
2020-07-10,19.182,19.7711,19.0814,19.7184,1666800
2020-07-13,20.0584,20.5805,19.6897,19.7567,2836600
2020-07-14,19.6944,20.6667,19.6226,20.5997,3524200
2020-07-15,21.2127,21.2127,20.6715,20.9493,2338800
2020-07-16,20.6954,20.9589,20.5087,20.7433,3626600
2020-07-17,20.8487,20.8487,20.5709,20.6428,1229400
2020-07-20,20.5949,20.7912,20.3841,20.6619,1544200
2020-07-21,20.9589,21.1936,20.7912,20.8966,1754400
2020-07-22,20.8104,21.2127,20.8104,21.1696,1211600
2020-07-23,21.093,21.1265,20.4751,20.6188,2734600
2020-07-24,20.3985,20.5757,20.2309,20.3267,1839200
2020-07-27,20.3267,20.5709,20.274,20.5087,1118600
2020-07-28,20.3554,20.4656,20.1686,20.1973,1543600
2020-07-29,20.2548,20.5374,20.1878,20.432,1512000
2020-07-30,19.9962,20.1878,19.5939,20.0872,2633600
2020-07-31,20.1782,20.274,19.6322,20.2644,2090400
2020-08-03,20.4608,20.6954,20.4272,20.6332,1284600
2020-08-04,20.5518,20.887,20.5278,20.8774,785000
2020-08-05,21.1409,21.4905,21.1265,21.4474,1334800
2020-08-06,21.3851,21.7731,21.3803,21.7587,2058200
2020-08-07,21.6629,21.888,21.5288,21.8497,1360600
2020-08-10,22.003,22.4436,22.003,22.4245,1577200
2020-08-11,22.8699,23.0136,22.1562,22.2472,2509600
2020-08-12,22.6927,22.8364,22.5155,22.731,1351000
2020-08-13,22.5873,22.7501,22.434,22.6112,1093000
2020-08-14,22.4436,22.7454,22.3813,22.6591,963800
2020-08-17,22.7454,22.7549,22.4819,22.549,611800
2020-08-18,22.5634,22.6208,22.2568,22.4293,879200
2020-08-19,22.5011,22.6735,22.2281,22.3047,962800
2020-08-20,22.0748,22.434,22.0461,22.3814,692800
2020-08-21,22.343,22.7454,22.3095,22.7118,749200
2020-08-24,23.095,23.3393,22.8938,23.3201,1529000
2020-08-25,23.4925,23.4925,22.9753,23.2339,1427400
2020-08-26,23.2147,23.3967,23.0663,23.3488,915000
2020-08-27,23.5213,23.8613,23.4159,23.6266,1869800
2020-08-28,23.8326,24.0289,23.6266,23.9092,897800
2020-08-31,23.8422,23.8422,23.4398,23.5069,1089800
2020-09-01,23.4063,23.9379,23.3249,23.9188,1497800
2020-09-02,24.1535,24.7953,24.0577,24.6659,1957800
2020-09-03,24.6181,24.848,22.9417,23.2962,3954600
2020-09-04,23.5883,23.7128,22.2664,23.0519,4071200
2020-09-08,22.5586,22.5634,21.9455,22.0078,3794400
2020-09-09,22.4197,23.1477,22.3335,22.7262,1675200
2020-09-10,22.9417,23.0998,21.9263,22.0605,1738400
2020-09-11,22.2568,22.5394,21.9359,22.2904,1335200
2020-09-14,22.5634,22.9609,22.525,22.8268,843000
2020-09-15,23.1525,23.2147,22.7262,22.8411,667200
2020-09-16,22.9944,23.4303,22.8795,22.913,2320400
2020-09-17,22.3622,22.9274,22.2616,22.6687,1555600
2020-09-18,22.6879,22.7501,22.0221,22.2904,1599000
2020-09-21,21.4857,21.5863,20.7625,21.4426,2824000
2020-09-22,21.5001,21.7396,21.1983,21.6773,1685600
2020-09-23,21.9024,21.9647,20.7721,20.8391,1269200
2020-09-24,20.7338,21.3564,20.4895,20.9253,4490600
2020-09-25,20.7098,21.5719,20.6236,21.4809,1618400
2020-09-28,22.0269,22.3335,21.9551,22.1275,877000
2020-09-29,22.0988,22.1467,21.7252,21.9072,821400
2020-09-30,21.9886,22.822,21.9886,22.4101,1601400
2020-10-01,22.6783,22.8507,22.2473,22.4963,1212400
2020-10-02,21.8497,22.5586,21.7731,22.2664,1622200
2020-10-05,22.5969,23.0519,22.5969,23.0279,1659800
2020-10-06,23.2147,23.3584,22.343,22.3957,1787000
2020-10-07,22.8076,23.368,22.8076,23.2339,907000
2020-10-08,23.5069,23.526,23.2147,23.4829,1196800
2020-10-09,23.6841,23.8853,23.4925,23.7368,1366400
2020-10-12,23.9188,24.3498,23.8661,24.1583,1087200
2020-10-13,24.0242,24.0912,23.7464,23.8661,943000
2020-10-14,23.9619,24.0625,23.5165,23.6027,947600
2020-10-15,23.0758,23.641,23.0327,23.5739,1053800
2020-10-16,23.7847,24.1535,23.7464,23.7464,858200
2020-10-19,23.8805,23.9332,22.9753,23.1189,1202200
2020-10-20,23.2818,23.6841,23.1429,23.2435,917800
2020-10-21,23.186,23.4925,23.071,23.0998,805200
2020-10-22,23.1237,23.4494,22.8364,23.3824,604200
2020-10-23,23.5069,23.5069,23.0136,23.3345,437600
2020-10-26,22.7885,22.8268,21.7252,22.2568,1141200
2020-10-27,22.2568,22.2808,21.8832,21.9024,687200
2020-10-28,20.9828,21.2415,20.3602,20.432,1587800
2020-10-29,20.3602,20.9541,20.0153,20.5613,2137200
2020-10-30,20.3362,20.5422,19.7902,20.3458,2828000
2020-11-02,20.9397,21.1792,20.6523,20.978,1247800
2020-11-03,21.5432,22.1131,21.4522,21.8497,1200800
2020-11-04,22.1227,23.1668,21.9934,22.4388,1767000
2020-11-05,23.0663,23.4925,23.0471,23.3201,1075200
2020-11-06,23.344,23.3967,22.9896,23.2195,1192000
2020-11-09,25.7244,25.8537,24.5366,24.6133,3422800
2020-11-10,24.824,25.1305,24.5414,25.0347,1753000
2020-11-11,25.3125,25.3508,24.7857,25.0108,615000
2020-11-12,24.6803,24.8527,24.1583,24.46,1234600
2020-11-13,24.7953,25.2886,24.7043,25.1497,1030400
2020-11-16,25.8585,25.9783,25.5664,25.9783,1130000
2020-11-17,25.5137,25.8346,25.2215,25.7053,903800
2020-11-18,25.849,25.9304,25.0683,25.0683,871000
2020-11-19,24.9629,25.2503,24.7617,25.1736,653600
2020-11-20,25.1066,25.1401,24.7426,24.8001,766600
2020-11-23,25.097,25.4754,24.9581,25.3508,1351400
2020-11-24,25.8825,26.2513,25.7819,26.1459,1226800
2020-11-25,26.0549,26.0549,25.7196,25.825,780400
2020-11-27,25.94,26.0836,25.7532,25.8968,586000
2020-11-30,25.6191,25.6622,25.1401,25.461,869000
2020-12-01,26.0166,26.2177,25.7388,25.7867,1116800
2020-12-02,25.5568,25.9304,25.4227,25.8968,937200
2020-12-03,25.94,26.28,25.8825,26.0357,720200
2020-12-04,26.1698,26.486,26.1459,26.4764,726800
2020-12-07,26.3423,26.3662,26.0501,26.2273,576000
2020-12-08,26.031,26.5339,26.031,26.4045,560800
2020-12-09,26.5817,26.6536,26.0357,26.1794,942400
2020-12-10,26.0118,26.2177,25.8968,26.1172,927200
2020-12-11,25.916,26.2321,25.7963,26.1746,1115400
2020-12-14,26.5578,26.6775,25.8585,25.8729,897800
2020-12-15,26.1938,26.5243,25.9447,26.4524,563600
2020-12-16,26.4716,26.5051,26.2513,26.3806,493200
2020-12-17,26.5578,26.6536,26.5147,26.6153,465200
2020-12-18,26.6584,26.6632,26.1555,26.4476,792200
2020-12-21,25.9016,26.6201,25.6622,26.462,3988400
2020-12-22,26.3997,26.3997,26.0693,26.098,435800
2020-12-23,26.3089,26.5677,26.2897,26.3089,604000
2020-12-24,26.3664,26.4527,26.2514,26.4527,167000
2020-12-28,26.7259,26.9799,26.6684,26.769,654000
2020-12-29,27.0374,27.0806,26.5342,26.6732,448600
2020-12-30,26.7882,26.9751,26.7451,26.7786,480000
2020-12-31,26.7594,27.1429,26.6636,27.0614,413600
2021-01-04,27.2388,27.2531,25.8392,26.4575,1412600
2021-01-05,26.3808,26.9368,26.3089,26.7499,985600
2021-01-06,26.7115,27.8475,26.5917,27.5263,1024400
2021-01-07,27.7852,28.1734,27.6605,27.8906,616800
2021-01-08,28.0296,28.0631,27.4544,27.9865,978600
2021-01-11,27.5407,27.9865,27.5311,27.8427,864000
2021-01-12,27.8618,28.0248,27.6174,27.9481,785400
2021-01-13,27.9337,28.0919,27.8139,27.9289,423000
2021-01-14,28.1015,28.2069,27.7899,27.8235,794200
2021-01-15,27.4928,27.7037,27.1237,27.4928,910000
2021-01-19,27.881,27.9433,27.579,27.7085,539400
2021-01-20,27.9146,28.2357,27.8235,28.1446,533000
2021-01-21,28.1878,28.3028,28.0392,28.1398,422600
2021-01-22,27.7852,27.9913,27.6605,27.8139,473000
2021-01-25,27.6366,27.7612,27.0326,27.742,1172000
2021-01-26,27.905,28.0104,27.6749,27.6941,621200
2021-01-27,27.1956,27.2052,26.3856,26.6109,1647400
2021-01-28,26.9176,27.6797,26.8889,27.095,1782600
2021-01-29,26.7115,26.8649,25.7769,25.9734,1209600
2021-02-01,26.3952,26.5965,26.0453,26.3616,601000
2021-02-02,26.7978,27.4688,26.7978,27.2196,534200
2021-02-03,27.0854,27.4017,26.932,27.2723,717800
2021-02-04,27.3729,27.8714,27.3729,27.8618,455400
2021-02-05,28.1734,28.2117,27.9194,28.02,397000
2021-02-08,28.2453,28.4466,28.1974,28.4418,583000
2021-02-09,28.3411,28.5712,28.2165,28.4562,282400
2021-02-10,28.6814,28.7006,28.1734,28.5616,555000
2021-02-11,28.6671,28.7869,28.2788,28.5808,396400
2021-02-12,28.5137,28.6814,28.4466,28.6623,412600
2021-02-16,28.8971,28.9307,28.6383,28.7725,542000
2021-02-17,28.5952,28.9978,28.461,28.9451,629200
2021-02-18,28.5952,28.8348,28.3603,28.739,921200
2021-02-19,28.8732,29.0074,28.6862,28.7342,789400
2021-02-22,28.3747,29.0265,28.3699,28.8013,632600
2021-02-23,28.715,29.0313,28.1446,28.8348,1828800
2021-02-24,28.7102,29.6736,28.6096,29.5825,1351600
2021-02-25,29.6353,29.6448,28.3747,28.5712,2861200
2021-02-26,28.6335,28.6383,27.6941,27.7181,1520000
2021-03-01,28.4658,29.0697,28.461,28.8157,926400
2021-03-02,28.854,28.9738,28.5472,28.5856,957400
2021-03-03,28.5664,28.8732,28.3316,28.3411,1848000
2021-03-04,28.3843,28.691,27.0326,27.7276,2717000
2021-03-05,28.2597,28.8875,27.4401,28.739,3216000
2021-03-08,29.0313,29.9276,28.854,29.3045,2524200
2021-03-09,29.5202,29.9372,29.3477,29.3621,1191600
2021-03-10,29.7263,30.4117,29.712,30.244,1738200
2021-03-11,30.5028,30.9102,30.3302,30.5987,1046800
2021-03-12,30.6753,31.193,30.6514,31.169,1165800
2021-03-15,31.332,31.5237,30.8767,31.4758,1004600
2021-03-16,31.4422,31.4662,31.1499,31.2505,916600
2021-03-17,31.308,31.6675,31.1642,31.61,1121000
2021-03-18,31.5141,32.0174,31.2649,31.3368,1276400
2021-03-19,31.2505,31.2505,30.6514,30.8431,1519000
2021-03-22,30.752,31.2026,30.6562,31.0732,949400
2021-03-23,30.8895,31.1053,30.3525,30.4628,1600000
2021-03-24,30.6881,31.1532,30.4819,30.4819,850400
2021-03-25,30.2086,30.9423,29.8154,30.8607,1871800
2021-03-26,31.1341,31.7526,30.9566,31.6999,1651800
2021-03-29,31.4361,32.0499,31.3786,31.8965,1673000
2021-03-30,31.7862,31.8821,31.532,31.7095,1295000
2021-03-31,31.6711,31.8821,31.5704,31.5944,838600
2021-04-01,31.7382,31.8773,31.5273,31.8533,1231800
2021-04-05,32.3328,32.75,32.3232,32.5726,1055200
2021-04-06,32.4815,32.6109,32.2993,32.3808,645800
2021-04-07,32.352,32.5534,32.2321,32.4,515200
2021-04-08,32.3856,32.5438,32.2225,32.5438,585000
2021-04-09,32.6589,33.124,32.6061,33.0761,600400
2021-04-12,32.9706,33.076,32.8459,33.0041,490000
2021-04-13,32.8411,32.9897,32.6109,32.8555,643000
2021-04-14,32.8651,33.3062,32.8603,32.9897,805000
2021-04-15,33.2679,33.6179,33.2679,33.5747,388800
2021-04-16,33.8576,33.9823,33.709,33.872,611000
2021-04-19,33.7138,33.7617,33.4357,33.6515,759200
2021-04-20,33.3925,33.4644,32.8651,33.124,838400
2021-04-21,33.0329,33.7857,33.0329,33.7425,708800
2021-04-22,33.7138,33.7282,32.9226,33.1288,1062200
2021-04-23,33.0569,33.8049,32.9466,33.5795,878400
2021-04-26,33.7282,33.7809,33.3685,33.4692,469200
2021-04-27,33.4165,33.5651,33.2247,33.4453,448200
2021-04-28,33.3302,33.3781,33.1096,33.1671,460600
2021-04-29,33.4644,33.6467,32.9706,33.5987,1109400
2021-04-30,33.2726,33.4021,33.0617,33.2487,714600
2021-05-03,33.6179,33.9008,33.5891,33.709,726600
2021-05-04,33.4644,33.7521,33.0089,33.7521,1320400
2021-05-05,33.9296,34.1261,33.5555,33.9248,665200
2021-05-06,34.0446,34.5913,33.8576,34.5577,1103600
2021-05-07,34.4858,35.1091,34.433,35.0276,523200
2021-05-10,35.2961,35.675,34.9845,34.9989,1042000
2021-05-11,34.4426,34.4906,33.661,34.0207,1853200
2021-05-12,33.7665,33.8912,32.5966,32.6637,2452800
2021-05-13,32.7164,33.8241,32.7116,33.522,1082800
2021-05-14,33.8864,34.3995,33.8241,34.2748,1253200
2021-05-17,34.0686,34.2412,33.8289,34.1597,729400
2021-05-18,34.1837,34.3084,33.5987,33.6323,553000
2021-05-19,32.9466,33.3206,32.4719,33.3158,1988400
2021-05-20,33.3685,33.9919,33.287,33.709,1021400
2021-05-21,33.9871,34.3563,33.8097,33.9392,779600
2021-05-24,34.2173,34.4666,34.1645,34.3323,701800
2021-05-25,34.4858,34.5433,34.0686,34.1645,592000
2021-05-26,34.2652,34.3467,34.0782,34.1741,433200
2021-05-27,34.5961,34.7639,34.3227,34.4426,487600
2021-05-28,34.8214,34.8214,34.6105,34.6632,661600
2021-06-01,35.2434,35.253,34.6536,34.7303,592200
2021-06-02,34.8886,34.9845,34.6872,34.8023,711200
2021-06-03,34.4618,34.9173,34.2508,34.7303,531600
2021-06-04,34.9461,35.1235,34.8454,35.1043,417000
2021-06-07,35.2242,35.2338,34.7303,34.8406,277000
2021-06-08,34.8454,34.9029,34.4762,34.7735,350600
2021-06-09,34.8358,34.879,34.481,34.4858,452400
2021-06-10,34.8166,35.0564,34.481,34.5146,431800
2021-06-11,34.7351,34.807,34.2412,34.5241,410600
2021-06-14,34.4858,34.4858,34.0159,34.3755,436000
2021-06-15,34.4043,34.4043,33.9871,34.1933,417000
2021-06-16,34.1885,34.2029,33.4165,33.6466,697800
2021-06-17,33.6179,33.7617,32.8459,33.2295,1368400
2021-06-18,32.5006,32.6541,32.1698,32.2129,1187600
2021-06-21,32.6541,33.3973,32.5006,33.3446,838400
2021-06-22,33.3494,33.661,33.0904,33.4884,526600
2021-06-23,33.5028,33.6179,33.311,33.3398,417800
2021-06-24,33.7042,34.0303,33.661,33.9823,540800
2021-06-25,34.294,34.5481,34.1933,34.4618,467000
2021-06-28,34.4426,34.4474,33.9343,34.1309,778000
2021-06-29,34.3611,34.505,34.0878,34.1549,476600
2021-06-30,34.0351,34.6584,34.0351,34.5577,751600
2021-07-01,34.7255,34.8358,34.5433,34.8166,445400
2021-07-02,34.9701,35.2146,34.7927,35.1475,417000
2021-07-06,35.0995,35.1763,34.27,34.7064,771800
2021-07-07,34.6872,34.9701,34.4426,34.9269,735800
2021-07-08,34.0542,34.5481,33.8528,34.4138,1026600
2021-07-09,34.8694,35.3441,34.7207,35.2818,560800
2021-07-12,35.1283,35.5934,35.0084,35.5647,587600
2021-07-13,35.4448,35.5886,35.3153,35.3441,821600
2021-07-14,35.5743,35.6749,35.2098,35.4256,788600
2021-07-15,35.0947,35.5311,35.0612,35.5311,738400
2021-07-16,35.7229,35.7229,34.8406,34.8982,871800
2021-07-19,33.92,34.0734,33.0329,33.5076,1910400
2021-07-20,33.6131,34.7591,33.5076,34.5577,891800
2021-07-21,34.9317,35.1619,34.8118,35.1331,549800
2021-07-22,35.0995,35.2913,34.8886,35.1715,434200
2021-07-23,35.5359,35.7229,35.3824,35.6654,674800
2021-07-26,35.5359,35.8332,35.4256,35.8236,621200
2021-07-27,35.5407,35.6702,35.277,35.6462,611200
2021-07-28,35.7325,35.7804,35.2913,35.416,706400
2021-07-29,35.7181,35.8667,35.6222,35.7037,568400
2021-07-30,35.5119,35.7325,35.2674,35.392,471600
2021-08-02,35.6078,35.8907,35.1331,35.2002,542800
2021-08-03,35.3345,35.7565,34.9461,35.7373,624000
2021-08-04,35.4496,35.5359,35.0947,35.1139,609400
2021-08-05,35.2626,35.6318,35.2578,35.6222,485400
2021-08-06,35.8428,36.0058,35.8188,35.9291,339600
2021-08-09,35.8236,35.9195,35.627,35.7229,415400
2021-08-10,35.79,36.1017,35.7133,36.049,418200
2021-08-11,36.3031,36.5476,36.2647,36.4949,464400
2021-08-12,36.5668,36.5764,36.2647,36.5668,438400
2021-08-13,36.6867,36.7826,36.5189,36.5908,293600
2021-08-16,36.3894,36.8449,36.0442,36.8305,517000
2021-08-17,36.2983,36.4421,35.7996,36.2599,720800
2021-08-18,36.0298,36.3127,35.464,35.5119,692600
2021-08-19,34.9317,35.5743,34.9317,35.3681,809600
2021-08-20,35.4112,35.9579,35.3153,35.8428,431200
2021-08-23,36.2168,36.4709,36.2072,36.3079,517600
2021-08-24,36.4421,36.5141,36.3367,36.3558,219200
2021-08-25,36.3702,36.6244,36.1928,36.4517,323000
2021-08-26,36.5141,36.61,36.025,36.025,443000
2021-08-27,36.1497,36.5764,36.1401,36.5237,435800
2021-08-30,36.586,36.6531,36.3798,36.4326,332400
2021-08-31,36.3606,36.5668,36.236,36.3894,242600
2021-09-01,36.4661,36.4709,36.2599,36.3031,348400
2021-09-02,36.5524,36.6387,36.3894,36.562,327000
2021-09-03,36.3366,36.5285,36.2168,36.4134,246600
2021-09-07,36.3223,36.3223,35.7852,35.8763,693200
2021-09-08,35.7469,36.0154,35.5119,35.7085,276400
2021-09-09,35.6749,36.0777,35.3537,35.4304,411600
2021-09-10,35.8236,35.8955,34.8742,34.9077,1097200
2021-09-13,35.3489,35.5455,35.0516,35.4112,953000
2021-09-14,35.6366,35.6558,34.692,34.8358,608400
2021-09-15,34.8358,35.4352,34.7063,35.3153,652800
2021-09-16,35.3249,35.5647,34.7399,35.1858,778200
2021-09-17,35.042,35.2098,34.6968,34.831,570200
2021-09-20,33.7282,34.1022,32.8699,33.5747,1421800
2021-09-21,33.9535,34.2748,33.4836,33.5076,899000
2021-09-22,33.9104,34.5195,33.7618,34.155,797400
2021-09-23,34.6058,35.3923,34.5722,35.1621,549000
2021-09-24,34.9463,35.3396,34.9319,35.2436,289000
2021-09-27,35.306,35.7568,35.306,35.3827,411000
2021-09-28,35.1046,35.2053,34.1262,34.2174,939200
2021-09-29,34.4188,34.7689,34.2126,34.39,500200
2021-09-30,34.649,34.7161,33.263,33.2966,1103600
2021-10-01,33.6706,34.5674,33.1815,34.2653,1121000
2021-10-04,34.155,34.366,33.2342,33.6131,1272000
2021-10-05,33.8385,34.577,33.709,34.2509,594800
2021-10-06,33.6706,34.4619,33.311,34.4427,1249000
2021-10-07,34.9847,35.5506,34.9655,35.119,966600
2021-10-08,35.1957,35.2916,34.9175,35.119,360800
2021-10-11,35.1238,35.5122,34.5722,34.5866,455600
2021-10-12,34.7113,34.8216,34.2317,34.3564,1018200
2021-10-13,34.39,34.5003,33.8097,34.3612,1431600
2021-10-14,35.0278,35.4307,34.9127,35.4163,646400
2021-10-15,35.939,36.2316,35.7904,36.2076,532200
2021-10-18,35.9007,36.2411,35.6609,36.1021,549800
2021-10-19,36.361,36.5193,36.1788,36.5097,449000
2021-10-20,36.5241,36.9557,36.5145,36.8262,492600
2021-10-21,36.7063,36.8454,36.4857,36.8166,265200
2021-10-22,36.8358,37.1667,36.692,36.9797,798600
2021-10-25,37.114,37.2147,36.8982,37.1379,296600
2021-10-26,37.3681,37.4209,37.1092,37.1475,534000
2021-10-27,37.2626,37.2962,36.6104,36.6152,690800
2021-10-28,36.7783,37.0996,36.7687,37.0948,634800
2021-10-29,36.9317,37.3298,36.8886,37.2866,504400
2021-11-01,37.5216,37.6511,37.2243,37.4545,475200
2021-11-02,37.5168,37.8189,37.3921,37.7566,645000
2021-11-03,37.6175,38.0204,37.4257,37.9628,522200
2021-11-04,37.9101,37.9724,37.6175,37.9149,605600
2021-11-05,38.2458,38.6726,38.0443,38.3513,1055400
2021-11-08,38.7157,38.8212,38.3465,38.5623,483000
2021-11-09,38.4999,38.5335,38.0252,38.3129,628800
2021-11-10,38.145,38.3992,37.6895,37.8573,717000
2021-11-11,37.8669,37.8957,37.5072,37.5216,228400
2021-11-12,37.7566,37.9868,37.5408,37.9005,490400
2021-11-15,38.1786,38.1882,37.7662,37.8765,547200
2021-11-16,38.0012,38.3561,37.982,38.0252,593000
2021-11-17,37.9101,37.9101,37.5264,37.5935,496200
2021-11-18,37.6271,37.6271,37.0133,37.488,496600
2021-11-19,37.3154,37.3154,36.7974,36.9077,597000
2021-11-22,37.2291,37.5887,36.9509,36.9701,557800
2021-11-23,36.9845,37.4065,36.7879,37.3442,602200
2021-11-24,36.9317,37.3633,36.8838,37.3346,366800
2021-11-26,35.7424,35.9582,35.1142,35.4834,1033600
2021-11-29,36.174,36.2076,35.4355,35.915,817800
2021-11-30,35.3923,35.6321,34.4955,34.5914,1115800
2021-12-01,35.2101,35.6848,33.6898,33.7186,1047000
2021-12-02,33.9728,35.1861,33.8529,34.9703,866400
2021-12-03,35.1621,35.2964,34.2078,34.8552,874400
2021-12-06,35.4355,36.409,35.3683,36.1596,1060200
2021-12-07,36.807,37.3585,36.7927,37.1763,733600
2021-12-08,37.2818,37.4065,36.9125,37.2147,612200
2021-12-09,36.9797,37.4641,36.8934,37.253,409000
2021-12-10,37.56,37.7134,37.1571,37.6799,441600
2021-12-13,37.5264,37.6319,36.9365,37.0085,661000
2021-12-14,36.7351,37.2866,36.5912,36.8262,502200
2021-12-15,36.7639,37.6223,36.5049,37.5935,802600
2021-12-16,37.8909,38.1402,37.277,37.5168,1333200
2021-12-17,37.0181,37.1092,36.2364,36.4282,963800
2021-12-20,35.5554,35.5985,34.9751,35.5362,939200
2021-12-21,36.1213,36.6871,35.9918,36.6728,859800
2021-12-22,36.6728,37.2099,36.5337,37.1907,595800
2021-12-23,37.3967,37.8241,37.3871,37.6032,461400
2021-12-27,37.7425,38.3428,37.6753,38.338,538400
2021-12-28,38.3524,38.7942,38.3476,38.5445,783000
2021-12-29,38.5541,38.9047,38.5205,38.751,434200
2021-12-30,38.9047,39.1352,38.4725,38.5493,303400
2021-12-31,38.4581,38.7078,38.3236,38.4196,291800
2022-01-03,38.6069,38.9383,38.2131,38.9191,841600
2022-01-04,39.2601,39.6539,39.2313,39.3801,590000
2022-01-05,39.3177,39.7115,38.5397,38.5685,1053000
2022-01-06,38.5685,38.6742,38.1123,38.2035,1318400
2022-01-07,38.0979,38.5013,37.9298,38.1939,676200
2022-01-10,37.9202,37.9394,36.9405,37.8386,1551800
2022-01-11,37.8193,38.2612,37.2046,38.2323,888400
2022-01-12,38.4773,38.6406,38.0403,38.3236,712800
2022-01-13,38.5589,38.7606,37.7713,37.9442,1745800
2022-01-14,37.3055,37.632,36.9309,37.512,1154200
2022-01-18,36.7052,36.7052,36.1385,36.393,1163400
2022-01-19,36.5947,36.734,35.6438,35.687,1337200
2022-01-20,35.8743,36.6187,34.9571,35.0339,1526000
2022-01-21,35.0243,35.4037,34.059,34.0926,1942800
2022-01-24,33.305,34.4384,31.9027,34.3376,4552600
2022-01-25,33.6124,34.7746,32.7095,34.2319,1833200
2022-01-26,34.9571,35.2068,33.3242,33.9245,3067000
2022-01-27,34.4768,35.1252,33.6028,33.9149,2209400
2022-01-28,33.9774,35.0291,33.2138,35.0195,1681000
2022-01-31,34.7362,35.8792,34.5681,35.8167,1558400
2022-02-01,35.9176,36.4698,35.5478,36.4122,1403600
2022-02-02,36.3258,36.9645,36.1673,36.854,1167600
2022-02-03,36.5659,36.6524,35.7111,35.8119,1527600
2022-02-04,35.639,36.2537,35.1492,35.7687,1062800
2022-02-07,35.8215,36.2249,35.5526,35.7783,522600
2022-02-08,35.8984,36.6667,35.7447,36.5227,790200
2022-02-09,37.0894,37.2334,36.9501,37.1422,849400
2022-02-10,36.5371,37.2238,35.7735,36.0761,1236600
2022-02-11,36.0712,36.4506,34.7938,35.0099,1621600
2022-02-14,34.8562,35.0531,34.1791,34.7074,1634000
2022-02-15,35.3317,35.7014,35.2212,35.5526,789000
2022-02-16,35.3221,35.6822,34.8754,35.5046,723600
2022-02-17,35.0291,35.0723,34.0926,34.2367,737400
2022-02-18,34.1551,34.448,33.5644,33.7949,1242000
2022-02-22,33.3531,33.67,32.3493,32.8008,2144200
2022-02-23,33.2426,33.2666,31.8115,31.9315,2406200
2022-02-24,30.3035,32.1717,30.2459,32.0852,6338800
2022-02-25,32.3349,33.7805,32.2437,33.6988,3631400
2022-02-28,32.7527,33.5403,32.5606,33.4011,2673400
2022-03-01,33.0745,33.3771,31.8739,32.2533,2697200
2022-03-02,32.6375,33.6316,32.5222,33.3915,1835800
2022-03-03,33.6892,33.9486,32.8968,33.185,1557000
2022-03-04,32.4886,32.9304,32.1332,32.8296,1738000
2022-03-07,32.5991,32.6279,31.264,31.2976,2288200
2022-03-08,31.3264,32.4166,30.827,30.923,3720000
2022-03-09,32.1765,32.5318,31.8739,32.1957,1757400
2022-03-10,31.4225,32.1044,31.2976,32.0036,1285800
2022-03-11,32.407,32.6615,31.4993,31.5761,1585800
2022-03-14,31.9075,32.4358,31.3312,31.5713,2391800
2022-03-15,31.9363,32.8632,31.7634,32.7287,1419800
2022-03-16,33.2954,33.7469,32.4166,33.7325,2324400
2022-03-17,33.4251,34.5729,33.4011,34.5729,1358800
2022-03-18,34.3712,35.106,34.1503,35.0675,1286400
2022-03-21,34.9571,35.2068,34.2655,34.7025,1220400
2022-03-22,35.0099,35.3509,34.9811,35.25,1093600
2022-03-23,34.8175,34.8945,34.2883,34.2979,934800
2022-03-24,34.5096,35.0051,34.2883,35.0051,970000
2022-03-25,35.1302,35.4622,34.8368,35.2842,624800
2022-03-28,35.1447,35.4911,34.6684,35.4814,1365800
2022-03-29,36.1165,36.3474,35.6402,36.179,1130400
2022-03-30,36.0347,36.3041,35.6883,36.0203,739600
2022-03-31,35.8182,35.9193,34.9234,34.9426,1151400
2022-04-01,35.188,35.2457,34.6251,35.188,855000
2022-04-04,35.0869,35.4333,34.779,35.3996,1480000
2022-04-05,35.1206,35.7845,34.6828,34.8464,1259800
2022-04-06,34.2883,34.7598,34.1007,34.5529,1065600
2022-04-07,34.3124,34.9715,33.9467,34.755,954400
2022-04-08,34.6828,35.3756,34.4952,35.0292,771400
2022-04-11,34.6395,34.9522,34.0959,34.1728,821400
2022-04-12,34.399,34.8897,33.7591,33.9948,752000
2022-04-13,33.8697,34.7405,33.8649,34.7069,723800
2022-04-14,34.8993,35.3082,34.4086,34.4519,747400
2022-04-18,34.2787,34.7694,34.0862,34.3701,727400
2022-04-19,34.4086,35.4911,34.4086,35.3708,915800
2022-04-20,35.7701,36.1742,35.6113,35.8759,1028200
2022-04-21,36.333,36.5447,34.9763,35.1158,1235200
2022-04-22,34.8127,34.8175,33.0711,33.177,2113200
2022-04-25,32.8306,33.7254,32.1859,33.6244,2242600
2022-04-26,33.1048,33.3165,31.9934,31.9934,1458200
2022-04-27,32.2869,32.8835,31.7529,32.1378,1740800
2022-04-28,32.5563,33.5715,32.0271,33.3213,2489400
2022-04-29,33.023,33.3117,31.3391,31.445,2632600
2022-05-02,31.5508,31.9453,30.4443,31.6326,2938600
2022-05-03,31.7336,32.1522,31.3295,31.7433,2907400
2022-05-04,31.8539,33.6436,31.546,33.557,3587800
2022-05-05,32.9941,33.0567,30.8243,31.4835,3291000
2022-05-06,30.9975,31.5556,30.4491,31.2766,3106800
2022-05-09,30.4924,30.7281,29.7948,30.045,2260600
2022-05-10,30.7618,30.9494,29.3666,29.8766,2927400
2022-05-11,29.867,30.6656,29.1982,29.2608,4073000
2022-05-12,28.9144,29.4243,28.1638,29.0924,4488400
2022-05-13,29.559,30.069,29.3137,29.9295,1564800
2022-05-16,29.8333,30.5549,29.4676,30.0305,2552200
2022-05-17,30.8099,30.8725,30.1604,30.8147,1739400
2022-05-18,30.2807,30.3192,28.4573,28.6546,1818600
2022-05-19,28.0339,28.7989,27.7934,28.2264,1935400
2022-05-20,28.6353,28.6931,27.1247,28.2312,2288200
2022-05-23,28.746,29.5157,28.6449,29.3666,1639200
2022-05-24,28.9529,29.6072,28.4188,29.4724,1930600
2022-05-25,29.1838,30.0498,29.1164,29.8285,1554800
2022-05-26,30.1364,31.0168,30.1123,30.781,1020600
2022-05-27,30.8917,31.8347,30.8484,31.8299,1214200
2022-05-31,31.4642,31.902,30.9927,31.469,1064200
2022-06-01,31.9068,31.9934,30.6944,31.1226,866000
2022-06-02,31.1371,31.9405,30.5453,31.9405,1169800
2022-06-03,31.3776,31.7384,31.1756,31.2958,842600
2022-06-06,31.7048,31.9309,31.1467,31.3103,966400
2022-06-07,30.7955,31.8683,30.7955,31.825,585800
2022-06-08,31.5075,31.7673,31.1419,31.3006,570400
2022-06-09,31.0505,31.3872,30.0834,30.0931,694000
2022-06-10,29.2126,29.2656,28.4381,28.4573,1719800
2022-06-13,27.2257,27.5673,26.6051,26.8793,1804400
2022-06-14,27.0236,27.1776,26.2154,26.6291,1228800
2022-06-15,27.014,27.7405,26.2827,27.1631,1659000
2022-06-16,26.0999,26.148,25.5081,25.8497,1514000
2022-06-17,25.6717,26.249,25.3638,25.7535,1614200
2022-06-21,26.504,27.0814,26.4271,26.8745,740000
2022-06-22,26.2211,27.2956,26.1874,26.7608,1322000
2022-06-23,26.9342,27.1848,26.4379,27.127,1452800
2022-06-24,27.5895,28.6062,27.5462,28.5869,958600
2022-06-27,28.6736,28.7459,28.3123,28.4664,698400
2022-06-28,28.7893,29.2566,27.5462,27.5799,745600
2022-06-29,27.7341,27.9268,27.4594,27.6907,805800
2022-06-30,27.074,27.6232,26.6355,27.2763,1331200
2022-07-01,27.1944,27.8786,26.7367,27.8063,1208000
2022-07-05,27.0547,27.6136,26.5054,27.5943,996400
2022-07-06,27.6377,28.0424,27.2811,27.7341,1098200
2022-07-07,28.0617,28.4038,27.9461,28.346,564200
2022-07-08,28.2496,28.5628,28.028,28.2641,809000
2022-07-11,27.9316,28.293,27.8497,27.9461,546600
2022-07-12,27.7196,28.2544,27.3871,27.6425,496000
2022-07-13,26.9439,27.6136,26.7704,27.2137,1073200
2022-07-14,26.3271,27.0499,26.1151,26.9921,1248200
2022-07-15,27.7919,28.1243,27.4883,28.1003,982400
2022-07-18,28.6544,28.7555,27.5799,27.7437,682800
2022-07-19,28.1581,29.1217,28.1099,29.0735,628800
2022-07-20,29.0976,29.3048,28.7652,29.1796,620600
2022-07-21,28.9772,29.4927,28.5628,29.4831,733400
2022-07-22,29.7385,29.7963,28.9145,29.2422,713600
2022-07-25,29.4108,29.459,29.0928,29.3819,610600
2022-07-26,29.1844,29.2904,28.8616,28.9579,452800
2022-07-27,29.1699,30.0083,29.0543,29.7674,846200
2022-07-28,29.8252,30.5094,29.3482,30.3504,555600
2022-07-29,30.3889,31.078,30.2974,30.9816,545000
2022-08-01,30.6588,31.184,30.5672,30.8756,657400
2022-08-02,30.6588,30.8081,30.0854,30.1239,603400
2022-08-03,30.3938,31.0442,30.3119,30.8756,412400
2022-08-04,30.7696,30.8852,30.5624,30.7214,357800
2022-08-05,30.2781,30.8611,30.2588,30.8226,524200
2022-08-08,31.1502,31.4152,30.7744,30.9141,399000
2022-08-09,30.8756,30.9816,30.6684,30.8178,339200
2022-08-10,31.6754,31.9115,31.5742,31.7911,442000
2022-08-11,32.2633,32.4704,31.7911,31.873,626600
2022-08-12,32.0898,32.6776,31.9742,32.6535,698400
2022-08-15,32.3211,33.0486,32.3163,32.9764,340200
2022-08-16,32.8415,33.6798,32.8415,33.4293,429000
2022-08-17,33.0101,33.4678,32.8415,33.1065,415400
2022-08-18,33.1065,33.2606,32.8704,33.1884,536600
2022-08-19,32.8655,32.9234,32.4704,32.6246,411000
2022-08-22,31.8682,31.926,31.2755,31.4104,460600
2022-08-23,31.2996,31.4971,31.0105,31.0972,446600
2022-08-24,31.025,31.4297,30.9334,31.2225,513800
2022-08-25,31.237,31.8248,31.0442,31.8248,502400
2022-08-26,31.8778,31.9163,29.8589,29.8782,1430600
2022-08-29,29.4397,29.936,29.2856,29.5313,591800
2022-08-30,29.6903,29.7144,28.6929,28.9579,915400
2022-08-31,29.0543,29.3434,28.5194,28.5339,707400
2022-09-01,28.2544,28.7989,27.9846,28.7555,1068800
2022-09-02,29.2566,29.4301,27.9027,28.1581,1151400
2022-09-06,28.2785,28.4183,27.657,27.869,946400
2022-09-07,27.7822,28.7218,27.7533,28.6303,725800
2022-09-08,28.3171,28.9724,28.134,28.9627,1026400
2022-09-09,29.2807,29.8011,29.1844,29.6758,628000
2022-09-12,29.8734,30.307,29.8638,30.1047,543200
2022-09-13,29.0205,29.1796,27.5461,27.7003,1048600
2022-09-14,27.8063,28.0232,27.3341,27.7678,601000
2022-09-15,27.6714,28.0232,27.3149,27.4691,812800
2022-09-16,26.8282,27.2811,26.7174,27.1944,578000
2022-09-19,26.7126,27.5702,26.7126,27.5702,538800
2022-09-20,27.1173,27.1751,26.5873,26.9969,737000
2022-09-21,27.2483,27.5667,26.0757,26.0806,1368800
2022-09-22,26.0226,26.2639,25.7476,25.8682,601200
2022-09-23,25.3809,25.3954,24.4544,25.0383,1065400
2022-09-26,24.8163,25.1058,24.3145,24.5123,888200
2022-09-27,24.8549,25.1445,23.9574,24.2663,2009800
2022-09-28,24.4303,25.3809,24.2228,25.1734,1612600
2022-09-29,24.826,24.8356,23.9912,24.4014,1119000
2022-09-30,24.2035,24.5992,23.528,23.5569,1321800
2022-10-03,24.1022,25.0528,23.9237,24.7922,1056200
2022-10-04,25.4436,26.2012,25.4147,26.1867,1150400
2022-10-05,25.5932,26.4328,25.4436,26.1384,665800
2022-10-06,25.902,26.206,25.3954,25.5256,910200
2022-10-07,25.0817,25.0914,24.1794,24.4207,837800
2022-10-10,24.6523,24.7536,23.9623,24.2807,769800
2022-10-11,24.1408,24.9514,24.0684,24.329,1107000
2022-10-12,24.3435,24.6571,24.1649,24.2952,566200
2022-10-13,23.4315,25.8731,23.3639,25.6752,2170000
2022-10-14,26.0178,26.3218,24.9273,25.0383,1360800
2022-10-17,25.7283,26.1095,25.5835,25.9165,852200
2022-10-18,26.9539,26.9974,26.0854,26.4907,1076800
2022-10-19,26.2929,26.6934,25.9406,26.3122,562600
2022-10-20,26.3797,26.9829,26.013,26.124,905000
2022-10-21,26.0805,27.4944,25.9117,27.4268,1289800
2022-10-24,27.726,28.3484,27.5667,28.1892,1347400
2022-10-25,28.0348,28.831,28.0203,28.7875,780800
2022-10-26,28.6958,29.3666,28.6621,28.7779,789800
2022-10-27,29.3328,29.7333,29.0336,29.1349,1098000
2022-10-28,29.3714,30.6549,29.3183,30.597,1486400
2022-10-31,30.2882,30.6452,30.1048,30.3847,1163600
2022-11-01,30.7418,30.8093,29.8877,30.2062,1002400
2022-11-02,30.0035,30.9927,29.2459,29.27,2112200
2022-11-03,28.8696,29.328,28.4932,28.9757,1298200
2022-11-04,29.6512,30.1048,28.884,29.7574,1298000
2022-11-07,29.9022,30.6066,29.7429,30.5294,944800
2022-11-08,30.7369,31.4704,30.4957,31.1374,1886600
2022-11-09,30.7224,30.9444,29.8443,29.9311,1001800
2022-11-10,31.5476,32.1507,31.1278,32.0928,1291200
2022-11-11,32.281,32.3148,31.5186,32.2135,1130000
2022-11-14,31.9867,32.5898,31.784,31.813,752400
2022-11-15,32.3196,32.6236,31.3546,31.8902,737000
2022-11-16,31.7647,32.0784,31.7647,31.8709,712000
2022-11-17,31.205,31.9722,31.205,31.8467,687000
2022-11-18,32.2279,32.3582,31.8323,32.2376,664000
2022-11-21,32.2858,32.4499,31.866,32.1411,415800
2022-11-22,32.4692,32.9179,32.4065,32.8938,495800
2022-11-23,32.8214,33.1882,32.6912,33.0868,489200
2022-11-25,33.0868,33.4149,33.082,33.3522,279400
2022-11-28,32.9807,33.2509,32.281,32.392,839000
2022-11-29,32.2472,32.5464,32.0301,32.3824,1363800
2022-11-30,32.4161,33.8396,31.9384,33.8396,1126000
2022-12-01,33.9409,33.9409,32.9566,33.4873,538600
2022-12-02,32.7973,33.6659,32.7828,33.5597,616800
2022-12-05,33.111,33.2557,32.4258,32.614,493800
2022-12-06,32.5609,32.7105,31.6103,31.9384,614200
2022-12-07,31.8516,32.2617,31.7551,31.9143,480000
2022-12-08,32.1604,32.503,32.0735,32.2907,265400
2022-12-09,32.1073,32.4016,31.673,31.6827,609000
2022-12-12,31.813,32.6863,31.813,32.6863,547200
2022-12-13,34.1243,34.1387,32.4692,32.9228,1562200
2022-12-14,32.8842,33.4391,32.1266,32.6091,790600
2022-12-15,31.8902,32.0253,30.7755,31.1616,1089800
2022-12-16,30.6115,30.8479,30.1,30.5777,568400
2022-12-19,30.5584,30.8141,29.9697,30.2882,735000
2022-12-20,30.3123,30.7176,30.1048,30.4667,338400
2022-12-21,31.0554,31.5476,30.9589,31.4318,537000
2022-12-22,31.0172,31.0511,29.8986,30.7799,461600
2022-12-23,30.6298,31.1141,30.3538,31.085,373200
2022-12-27,31.1286,31.424,30.8138,31.148,288200
2022-12-28,31.1867,31.4143,30.4361,30.4555,316000
2022-12-29,30.7751,31.2061,30.7218,31.0753,422800
2022-12-30,30.7848,30.9349,30.3635,30.9349,441000
2023-01-03,31.1238,31.3756,30.3635,30.901,764800
2023-01-04,31.1335,31.4192,30.7073,31.1577,360800
2023-01-05,30.8284,30.8284,30.2957,30.5184,509600
2023-01-06,31.0366,31.9567,30.6734,31.8066,671800
2023-01-09,32.0633,32.3732,31.5499,31.6177,762000
2023-01-10,31.5596,31.9906,31.4046,31.9664,307600
2023-01-11,32.1843,32.4507,31.9373,32.4507,395200
2023-01-12,32.6298,33.0415,32.0875,32.8526,624600
2023-01-13,32.3102,33.1286,32.2909,33.0512,495000
2023-01-17,32.9156,32.9785,32.1988,32.3054,563000
2023-01-18,32.3587,32.4846,31.0753,31.1044,823400
2023-01-19,30.7315,30.9979,30.5378,30.6782,481400
2023-01-20,30.746,31.2691,30.4749,31.2691,726400
2023-01-23,31.4628,32.0197,31.148,31.7388,765200
2023-01-24,31.487,32.0245,31.2594,31.8889,674000
2023-01-25,31.3659,31.9906,31.056,31.9519,824800
2023-01-26,32.1214,32.3151,31.7146,32.3151,646400
2023-01-27,32.3102,32.7122,32.0923,32.3538,642600
2023-01-30,32.1262,32.5039,31.826,31.8599,787600
2023-01-31,31.9519,32.5766,31.7485,32.5766,512000
2023-02-01,32.2376,33.0318,31.5548,32.5814,1357000
2023-02-02,32.6347,32.6492,32.0148,32.4894,1009000
2023-02-03,32.1359,32.7073,31.9954,32.2085,783400
2023-02-06,31.9325,32.286,31.7678,32.1456,600800
2023-02-07,31.7969,32.7993,31.6516,32.6637,1197800
2023-02-08,32.4313,32.6395,32.1601,32.2763,805400
2023-02-09,32.6928,32.8235,31.6323,31.8163,908200
2023-02-10,31.7097,32.1553,31.579,32.0923,1285200
2023-02-13,32.1262,32.8235,32.1262,32.8235,639200
2023-02-14,32.6202,32.9979,32.0245,32.5475,662200
2023-02-15,32.2085,32.6395,32.0632,32.6395,494000
2023-02-16,32.0245,32.4652,31.7921,31.8163,788400
2023-02-17,31.5984,32.0972,31.4531,32.0681,1076000
2023-02-21,31.3853,31.5984,30.7025,30.7315,926000
2023-02-22,30.8187,30.9349,30.3925,30.6008,647200
2023-02-23,30.8284,30.9688,30.1068,30.7945,661000
2023-02-24,30.0632,30.3005,29.8163,30.1262,761400
2023-02-27,30.5911,30.8042,30.1359,30.2908,581400
2023-02-28,30.2473,30.2473,29.8163,29.8163,522800
2023-03-01,29.7194,30.0439,29.5935,29.9131,615400
2023-03-02,29.9857,30.6444,29.8889,30.5281,658800
2023-03-03,30.717,31.2352,30.5039,31.2206,784600
2023-03-06,31.2836,31.5548,31.1964,31.2933,808000
2023-03-07,31.2691,31.3223,30.1746,30.2085,644000
2023-03-08,30.2182,30.3054,29.7727,30.1165,1022000
2023-03-09,30.3151,30.4652,28.993,29.1238,632800
2023-03-10,28.9833,29.4288,28.2957,28.4991,1004800
2023-03-13,27.976,29.0947,27.9518,28.3586,1587800
2023-03-14,28.9397,29.1964,28.3102,28.9446,954600
2023-03-15,27.9518,28.4894,27.6274,28.4506,1408400
2023-03-16,28.0923,29.148,27.8937,29.1189,912000
2023-03-17,28.7751,28.8526,28.1504,28.4022,1074200
2023-03-20,28.5475,29.1334,28.5378,29.0753,607200
2023-03-21,29.6225,29.6903,29.2545,29.6613,476600
2023-03-22,29.6371,30.0003,28.6443,28.6589,1017200
2023-03-23,28.8574,29.5112,28.3538,28.7606,1058000
2023-03-24,28.5136,29.0463,28.2424,29.0124,1246800
2023-03-27,29.4192,29.5983,29.2061,29.3949,625400
2023-03-28,29.3126,29.5644,29.1092,29.2932,438400
2023-03-29,29.7727,29.8841,29.5451,29.8841,749800
2023-03-30,30.1843,30.1891,29.7872,30.1262,654600
2023-03-31,30.3054,30.8913,30.2957,30.8671,996000
2023-04-03,31.0414,31.5209,31.0318,31.4676,956600
2023-04-04,31.4628,31.5257,30.8526,31.1092,917000
2023-04-05,31.0947,31.3417,31.0463,31.2497,950000
2023-04-06,31.1335,31.3175,30.9494,31.2255,691800
2023-04-10,31.085,31.4434,30.9785,31.4434,440800
2023-04-11,31.5209,31.7872,31.4531,31.6226,421800
2023-04-12,31.9083,32.0003,31.4482,31.5548,581400
2023-04-13,31.6129,32.2812,31.4337,32.2473,496800
2023-04-14,32.1456,32.3199,31.6613,31.947,529600
2023-04-17,31.9809,32.1504,31.7824,32.1504,301200
2023-04-18,32.1407,32.1843,31.763,32.1165,300200
2023-04-19,31.9809,32.0584,31.8066,31.9616,257200
2023-04-20,31.6419,31.9131,31.5402,31.7582,406600
2023-04-21,31.8599,31.8841,31.5645,31.8066,360000
2023-04-24,31.7485,31.947,31.6323,31.9325,166200
2023-04-25,31.7969,31.8938,31.2448,31.2836,415800
2023-04-26,31.303,31.4628,30.7121,30.8332,800800
2023-04-27,31.0511,31.8453,30.964,31.7824,447600
2023-04-28,31.5596,32.3054,31.5596,32.3054,598800
2023-05-01,32.2763,32.5814,32.1553,32.1843,476600
2023-05-02,32.0632,32.0875,31.0172,31.5063,706600
2023-05-03,31.5402,31.7436,30.9543,30.9833,751600
2023-05-04,30.8042,30.872,30.0874,30.4555,642200
2023-05-05,30.9736,31.5741,30.9252,31.4434,617000
2023-05-08,31.5015,31.5548,31.1286,31.3417,366800
2023-05-09,31.1819,31.4046,31.1335,31.2545,422800
2023-05-10,31.5548,31.6274,30.6395,31.1916,524400
2023-05-11,30.8477,30.8671,30.4313,30.7751,559200
2023-05-12,30.9737,30.9737,30.4022,30.7509,316800
2023-05-15,30.7799,30.8962,30.4942,30.8526,416600
2023-05-16,30.6347,30.6928,30.194,30.2134,305800
2023-05-17,30.5233,31.0753,30.3054,30.9785,533200
2023-05-18,30.8332,31.2933,30.625,31.2352,634200
2023-05-19,31.3465,31.4289,30.8381,31.0221,873800
2023-05-22,30.9882,31.1819,30.6104,30.7799,652600
2023-05-23,30.5572,30.7945,30.2473,30.3489,554800
2023-05-24,30.2085,30.2618,29.763,29.8647,1166200
2023-05-25,29.8356,29.9567,29.4385,29.7581,1128000
2023-05-26,29.8356,30.4797,29.8211,30.3586,785600
2023-05-30,30.315,30.4216,29.9857,30.2812,678200
2023-05-31,30.0584,30.2134,29.7581,30.0971,760800
2023-06-01,29.9712,30.5136,29.671,30.3489,767800
2023-06-02,30.7364,31.7097,30.7364,31.6226,817600
2023-06-05,31.6613,31.7,31.2448,31.2739,347800
2023-06-06,31.2352,31.3659,30.9494,31.2787,486000
2023-06-07,31.3368,31.516,31.2206,31.4628,759600
2023-06-08,31.424,31.8163,31.3514,31.7194,590200
2023-06-09,31.6661,31.9906,31.6323,31.8405,337200
2023-06-12,31.8986,32.1843,31.8066,32.1795,334200
2023-06-13,32.2763,32.6105,32.2521,32.441,483400
2023-06-14,32.1892,32.3054,31.6371,32.01,726000
2023-06-15,31.9616,32.9446,31.947,32.8284,803000
2023-06-16,33.0657,33.0947,32.5524,32.625,358400
2023-06-20,32.2812,32.3344,31.8502,32.1407,337200
2023-06-21,31.9422,32.1892,31.7775,31.9325,437600
2023-06-22,31.8066,31.9906,31.6758,31.8938,357400
2023-06-23,31.4724,31.6613,31.3078,31.4821,425000
2023-06-26,31.3853,31.6371,31.2545,31.4724,797600
2023-06-27,31.4385,31.9277,31.4385,31.8356,828600
2023-06-28,31.7485,31.7872,31.516,31.7243,394800
2023-06-29,31.6661,32.2182,31.6129,32.1892,882800
2023-06-30,32.5572,32.8139,32.4894,32.6589,1015400
2023-07-03,32.5233,32.7945,32.4652,32.7122,331400
2023-07-05,32.3683,32.6395,32.3635,32.4603,302200
2023-07-06,31.947,32.0729,31.4918,31.7775,692400
2023-07-07,31.5354,31.9761,31.3804,31.4337,364800
2023-07-10,31.4046,31.826,31.3756,31.826,305000
2023-07-11,32.0293,32.4313,31.8841,32.3974,630200
2023-07-12,32.809,32.9882,32.4846,32.5766,818400
2023-07-13,32.6831,32.7848,32.5669,32.6202,417400
2023-07-14,32.9301,32.9785,32.717,32.8429,531000
2023-07-17,32.7122,33.1141,32.6734,32.964,337000
2023-07-18,32.901,33.7194,32.8332,33.6759,511400
2023-07-19,33.8115,34.2085,33.8115,33.8889,412600
2023-07-20,33.9906,34.4604,33.9858,34.1989,811200
2023-07-21,34.3248,34.4071,34.102,34.1843,412800
2023-07-24,34.2667,34.6395,34.2521,34.5572,424600
2023-07-25,34.4797,34.7461,34.4507,34.6008,241800
2023-07-26,34.3441,34.9398,34.3441,34.7703,354600
2023-07-27,34.8623,34.9592,34.1311,34.2667,367200
2023-07-28,34.5863,34.7509,34.3829,34.5863,581800
2023-07-31,34.5911,34.809,34.5282,34.809,374000
2023-08-01,34.7219,34.9979,34.7073,34.8914,620400
2023-08-02,34.5621,34.7025,34.1117,34.2085,388400
2023-08-03,33.9713,34.3296,33.8889,34.0487,495600
2023-08-04,34.2473,34.6202,33.7098,33.8066,579800
2023-08-07,34.0439,34.596,34.0245,34.5475,355000
2023-08-08,34.1117,34.2909,33.6371,34.2376,358400
2023-08-09,34.2037,34.349,33.7679,33.8986,320400
2023-08-10,34.2376,34.7606,33.855,33.9858,496600
2023-08-11,33.826,34.3345,33.734,34.2085,622800
2023-08-14,34.1214,34.286,33.9519,34.2182,265600
2023-08-15,33.9131,33.9858,33.4386,33.5403,315200
2023-08-16,33.4483,33.8841,33.1577,33.1868,362800
2023-08-17,33.3514,33.4289,32.6008,32.6347,633400
2023-08-18,32.3248,32.8623,32.2715,32.7315,808200
2023-08-21,32.7654,32.8332,32.2327,32.6492,739800
2023-08-22,32.6589,32.7218,32.2424,32.3151,579000
2023-08-23,32.3974,32.7606,32.3587,32.6589,799400
2023-08-24,32.5281,33.0318,31.9083,31.918,541600
2023-08-25,32.1843,32.5717,31.7921,32.3877,499000
2023-08-28,32.6783,32.9301,32.5669,32.7896,323200
2023-08-29,32.7509,33.3466,32.7267,33.3272,414000
2023-08-30,33.4095,33.7194,33.3127,33.4676,307600
2023-08-31,33.7243,33.7921,33.1141,33.148,275800
2023-09-01,33.5064,33.6226,33.1286,33.3708,328800
2023-09-05,33.3611,33.4095,32.9204,32.9785,197200
2023-09-06,32.8623,32.8623,32.3296,32.5814,287800
2023-09-07,32.4652,32.7945,32.4555,32.7025,274400
2023-09-08,32.6928,32.9349,32.6637,32.8478,249800
2023-09-11,33.1141,33.2255,32.8478,33.0124,287800
2023-09-12,32.8478,33.3611,32.8187,32.9785,486400
2023-09-13,33.0221,33.2013,32.6976,32.8478,702800
2023-09-14,33.2158,33.5887,33.0415,33.4773,438800
2023-09-15,33.3078,33.4192,32.7993,32.8913,1789800
2023-09-18,32.901,33.0657,32.7412,32.8962,333000
2023-09-19,32.7412,32.8235,32.3054,32.6976,275200
2023-09-20,32.8526,33.1577,32.5088,32.5427,442600
2023-09-21,32.3102,32.3877,31.7872,31.8211,460000
2023-09-22,31.8211,31.9567,31.5741,31.6129,793800
2023-09-25,31.4482,31.6952,31.2739,31.6952,584800
2023-09-26,31.2739,31.4385,30.8477,30.9543,732400
2023-09-27,31.0947,31.0947,30.3683,30.8429,475400
2023-09-28,30.7945,31.2061,30.654,31.0221,479000
2023-09-29,31.4192,31.4192,30.5184,30.7218,752000
2023-10-02,30.5766,30.7073,30.1795,30.5669,475400
2023-10-03,30.3005,30.4991,29.6225,29.7969,548000
2023-10-04,29.8017,30.039,29.5354,29.9761,440400
2023-10-05,29.918,30.0729,29.6564,29.9809,508000
2023-10-06,29.8066,30.7606,29.487,30.5039,740400
2023-10-09,30.2812,30.9059,30.2182,30.8768,386000
2023-10-10,31.0705,31.3901,30.8429,31.1141,359000
2023-10-11,31.24,31.3368,30.8768,31.2109,275600
2023-10-12,31.2933,31.2933,30.5572,30.8816,417400
2023-10-13,31.0753,31.4676,30.717,30.9543,565600
2023-10-16,31.2981,31.7001,31.2545,31.5112,298800
2023-10-17,31.2109,31.7969,31.2109,31.5306,442800
2023-10-18,31.4579,31.5015,30.7848,30.9204,419000
2023-10-19,30.901,31.2352,30.3538,30.4119,887800
2023-10-20,30.2957,30.4555,29.9034,29.9179,1023600
2023-10-23,29.6807,30.1068,29.487,29.5741,715600
2023-10-24,29.8502,30.1601,29.6613,29.9422,502600
2023-10-25,30.0874,30.1407,29.6468,29.7533,501000
2023-10-26,29.6807,29.8356,29.1819,29.2739,771200
2023-10-27,29.2739,29.2739,28.4555,28.6201,697800
2023-10-30,28.9833,29.6177,28.9833,29.5063,590800
2023-10-31,29.4627,29.7388,29.2448,29.7194,469400
2023-11-01,29.8017,30.2134,29.6419,30.1165,760400
2023-11-02,30.4749,31.1383,30.3974,31.1286,876400
2023-11-03,31.4337,31.7,31.3078,31.5257,463800
2023-11-06,31.5645,31.7001,31.3804,31.5984,354000
2023-11-07,31.5257,31.7727,31.4579,31.6904,296800
2023-11-08,31.7727,31.8502,31.3853,31.608,475400
2023-11-09,31.7291,31.7388,31.1431,31.2158,368400
2023-11-10,31.5015,31.9664,31.2303,31.9277,411000
2023-11-13,31.7969,32.1407,31.7678,32.0148,276800
2023-11-14,32.7315,33.1189,32.5959,32.9107,657400
2023-11-15,33.0608,33.3466,33.0221,33.2594,445000
2023-11-16,33.0996,33.3417,32.9591,33.211,535400
2023-11-17,33.2642,33.3514,33.0657,33.211,628200
2023-11-20,33.1238,33.7291,33.1238,33.6129,247200
2023-11-21,33.5064,33.5064,33.3659,33.4676,202600
2023-11-22,33.6323,33.8599,33.5693,33.7872,263600
2023-11-24,33.8599,34.0197,33.8454,33.9955,368400
2023-11-27,33.9422,34.0391,33.7969,33.9035,423400
2023-11-28,33.9228,34.2376,33.8453,34.0536,534400
2023-11-29,34.194,34.4168,34.0875,34.1456,323200
2023-11-30,34.4991,35.1771,34.4701,35.1287,474000
2023-12-01,35.1287,35.7727,35.119,35.7388,706200
2023-12-04,35.3466,35.7049,35.3417,35.6565,402600
2023-12-05,35.4822,35.5645,35.2739,35.5161,202400
2023-12-06,35.6759,35.8066,35.2836,35.3563,291400
2023-12-07,35.4773,35.5596,35.2885,35.4725,380600
2023-12-08,35.4289,35.8115,35.3659,35.7098,365800
2023-12-11,35.734,36.0391,35.6856,36.0197,479800
2023-12-12,36.1311,36.3781,35.9471,36.3442,273400
2023-12-13,36.3635,37.3756,36.2521,37.3756,412800
2023-12-14,37.5742,37.7534,37.2691,37.7049,881600
2023-12-15,37.5209,37.8599,37.4434,37.7098,1005400
2023-12-18,37.8212,37.9374,37.7243,37.7824,415800
2023-12-19,37.8018,38.2861,37.8018,38.2861,302400
2023-12-20,38.0807,38.4303,37.2551,37.3183,498600
2023-12-21,37.7068,37.9398,37.3571,37.9204,348000
2023-12-22,37.8476,38.1826,37.6388,37.8864,366000
2023-12-26,37.8476,38.3332,37.8281,38.2021,161600
2023-12-27,38.1292,38.4643,38.0807,38.44,537400
2023-12-28,38.3769,38.61,38.3623,38.5031,288200
2023-12-29,38.4594,38.5565,38.1244,38.4643,674000
2024-01-02,38.0321,38.6197,38.0224,38.4983,429400
2024-01-03,38.1875,38.2749,37.833,37.9107,631000
2024-01-04,37.9787,38.4643,37.9204,37.9301,357800
2024-01-05,37.901,38.27,37.6728,37.9641,548800
2024-01-08,37.6728,38.4012,37.5028,38.3963,449000
2024-01-09,37.9641,38.1195,37.7553,38.037,591800
2024-01-10,38.0952,38.4983,38.0612,38.3914,331000
2024-01-11,38.5226,38.5954,37.8282,38.4109,523000
2024-01-12,38.4691,38.6245,37.901,38.1486,757600
2024-01-16,37.935,38.0418,37.3474,37.663,1194800
2024-01-17,37.2794,37.6873,37.2066,37.4882,498000
2024-01-18,37.3717,37.9495,37.1872,37.8816,773600
2024-01-19,38.1195,38.8382,37.8476,38.6779,1649400
2024-01-22,38.9062,39.1733,38.7848,38.9839,996200
2024-01-23,38.8333,38.9159,38.5517,38.7702,661000
2024-01-24,38.9936,39.0616,38.5226,38.5614,868200
2024-01-25,38.7168,39.0373,38.5031,39.0373,506200
2024-01-26,38.8965,39.3481,38.8965,39.1393,581000
2024-01-29,39.1053,39.6006,39.0179,39.5957,312400
2024-01-30,39.4646,39.9114,39.4258,39.8385,576800
2024-01-31,39.9648,40.0862,39.1732,39.1781,495400
2024-02-01,39.1538,39.9211,39.0907,39.9211,432400
2024-02-02,39.6831,40.431,39.5229,40.1882,895200
2024-02-05,40.0668,40.0716,39.2849,39.586,664400
2024-02-06,39.62,39.9211,39.5569,39.8968,417200
2024-02-07,40.1542,40.363,39.9939,40.2221,456000
2024-02-08,40.3387,40.3727,39.9502,40.3387,209400
2024-02-09,40.261,40.329,39.9891,40.2027,625000
2024-02-12,40.1153,40.7223,40.1153,40.4747,294600
2024-02-13,39.8191,39.8385,38.8673,39.3578,834800
2024-02-14,39.5763,39.688,39.1927,39.654,420200
2024-02-15,39.7802,40.4455,39.7414,40.4455,623600
2024-02-16,40.3096,40.5475,40.0425,40.1105,473600
2024-02-20,39.9551,40.193,39.7754,40.0279,833400
2024-02-21,39.8434,40.0959,39.518,40.0813,395200
2024-02-22,40.5572,41.1739,40.4455,40.9991,954600
2024-02-23,41.2322,41.4604,41.0671,41.1448,421400
2024-02-26,41.1399,41.3584,40.9166,41.0088,280800
2024-02-27,40.9166,40.9408,40.5961,40.7952,279600
2024-02-28,40.4067,40.7757,40.3533,40.7563,447000
2024-02-29,40.9748,41.0477,40.4941,40.8243,501800
2024-03-01,40.7903,41.1448,40.5718,41.0914,458200
2024-03-04,40.6738,41.0574,40.6689,40.8583,373400
2024-03-05,40.5863,40.6446,39.7365,39.9842,521600
2024-03-06,40.4552,40.5961,39.9842,40.1784,707800
2024-03-07,40.5524,40.6883,40.3144,40.4407,492600
2024-03-08,40.3873,40.8243,40.295,40.3387,650000
2024-03-11,40.091,40.4552,39.824,40.4018,831000
2024-03-12,40.5912,41.0282,40.2853,40.8971,1164600
2024-03-13,41.0768,41.305,40.7417,40.9991,1276800
2024-03-14,41.1691,41.2031,40.2756,40.732,1090200
2024-03-15,40.4018,40.732,40.0668,40.2756,628200
2024-03-18,40.5232,40.6398,40.363,40.4261,1079400
2024-03-19,40.4747,41.0962,40.3338,41.0816,607800
2024-03-20,40.8844,41.951,40.8406,41.8828,713400
2024-03-21,42.1555,42.6961,42.063,42.4672,795800
2024-03-22,42.4623,42.5256,41.7756,41.7805,737600
2024-03-25,41.6247,41.6782,41.4104,41.4396,445400
2024-03-26,41.5857,41.7026,41.3568,41.425,458200
2024-03-27,41.8243,42.3698,41.7172,42.3698,941200
2024-03-28,42.4526,42.5646,42.248,42.4088,464000
2024-04-01,42.3942,42.438,41.7659,41.8828,726800
2024-04-02,41.1523,41.1815,40.7968,41.0646,540000
2024-04-03,41.0695,41.3373,40.7286,41.0013,855000
2024-04-04,41.5467,41.5906,39.7984,39.8617,823800
2024-04-05,39.9201,40.7627,39.8812,40.4461,467200
2024-04-08,40.4802,40.6994,40.4071,40.4851,313400
2024-04-09,40.5922,40.6555,39.7886,40.451,244600
2024-04-10,39.6036,39.8227,39.214,39.5159,543000
2024-04-11,39.701,39.8081,38.9753,39.5111,678000
2024-04-12,39.0484,39.1604,38.313,38.5419,694600
2024-04-15,39.2237,39.3309,37.8698,38.0062,1244000
2024-04-16,38.4737,38.5224,37.9429,38.1523,574000
2024-04-17,38.3714,38.5614,37.7919,38.0111,687000
2024-04-18,38.3179,38.6978,37.8893,38.0646,515400
2024-04-19,38.2497,38.7562,38.1377,38.5078,1351400
2024-04-22,38.8731,39.438,38.5127,39.0192,574800
2024-04-23,39.2822,39.6669,39.1361,39.5598,1132400
2024-04-24,39.5013,39.6279,39.1361,39.4526,616200
2024-04-25,38.4591,38.8049,37.9867,38.6685,786400
2024-04-26,38.6296,39.1458,38.5906,38.9413,934600
2024-04-29,39.0922,39.3211,38.9023,39.2383,417000
2024-04-30,38.9802,39.0289,38.0792,38.089,400000
2024-05-01,38.0987,39.1507,38.0695,38.2351,804400
2024-05-02,38.6734,38.9948,38.2059,38.9023,419200
2024-05-03,39.8714,40.0419,39.4672,39.7984,1048600
2024-05-06,40.1052,40.1977,39.7935,40.1344,467000
2024-05-07,40.2708,40.3925,40.1052,40.1783,406000
2024-05-08,40.1003,40.6263,40.0857,40.5435,333400
2024-05-09,40.4412,41.2984,40.4315,41.2545,704000
2024-05-10,41.5224,41.6442,41.2886,41.4981,324600
2024-05-13,41.7367,41.7854,41.2643,41.3276,248600
2024-05-14,41.3519,41.6929,41.1912,41.5565,513000
2024-05-15,41.8974,42.3747,41.8487,42.3162,533600
2024-05-16,42.4039,42.6669,42.2773,42.2773,398200
2024-05-17,42.3942,42.5841,42.2383,42.5841,275200
2024-05-20,42.511,42.7156,42.1166,42.1653,352200
2024-05-21,42.1993,42.3552,42.0922,42.3114,209600
2024-05-22,42.1117,42.3065,41.6247,41.8487,283600
2024-05-23,41.9071,41.9071,40.4607,40.5727,442200
2024-05-24,40.6555,40.8552,40.4559,40.5533,403200
2024-05-28,40.3584,40.4412,39.7838,40.1247,515600
2024-05-29,39.4234,39.4867,39.2042,39.2773,406000
2024-05-30,38.6004,38.8049,38.4202,38.615,558800
2024-05-31,38.7124,39.8422,38.5711,39.8374,657600
2024-06-03,39.9007,39.9007,38.8926,39.5792,854600
2024-06-04,39.3016,39.9883,39.214,39.8033,397000
2024-06-05,40.0273,40.0809,39.5062,40.0029,306000
2024-06-06,40.0516,40.4315,39.8812,40.1685,253400
2024-06-07,40.0711,40.6214,39.8617,39.9591,539000
2024-06-10,39.8471,40.149,39.7205,40.149,202400
2024-06-11,39.7935,39.8958,39.2286,39.8763,404800
2024-06-12,40.6263,40.6458,39.6036,39.7984,669600
2024-06-13,39.6085,39.7789,39.1458,39.6231,685200
2024-06-14,39.1361,39.5208,38.9315,39.5013,442200
2024-06-17,39.2578,40.0614,39.1994,39.9542,401000
2024-06-18,39.9883,40.2513,39.8276,40.0322,296800
2024-06-20,39.9494,40.8552,39.8763,40.6312,464000
2024-06-21,40.7091,40.8698,40.4705,40.6214,478800
2024-06-24,40.8698,41.5127,40.7724,41.1669,784400
2024-06-25,41.0744,41.201,40.3146,40.5776,764000
2024-06-26,40.3294,40.6958,40.1438,40.5737,348800
2024-06-27,40.4564,40.8229,40.3636,40.647,476400
2024-06-28,40.5884,41.2039,40.1438,40.5346,990800
2024-07-01,40.7105,41.1844,40.3832,40.603,445000
2024-07-02,40.4467,40.9694,40.4467,40.9694,248000
2024-07-03,41.0476,41.1404,40.73,40.8717,269800
2024-07-05,40.9108,41.0769,40.5981,41.028,395600
2024-07-08,41.1599,41.629,40.8424,40.9499,547400
2024-07-09,40.9157,41.2674,40.5493,40.8473,308400
2024-07-10,40.8375,41.7853,40.7935,41.7413,472800
2024-07-11,41.7804,42.0686,41.5557,41.7999,900600
2024-07-12,42.054,42.8503,41.9025,42.3325,709400
2024-07-15,42.7966,43.0262,42.5816,42.7673,432200
2024-07-16,43.0946,44.3892,43.0751,44.3257,593000
2024-07-17,44.0766,44.8924,44.0717,44.8094,946400
2024-07-18,44.526,45.2149,43.5489,43.6613,909200
2024-07-19,43.3779,43.5245,42.6647,42.8552,1279800
2024-07-22,43.0848,43.2363,42.7184,43.0995,594600
2024-07-23,43.1337,43.3486,42.9187,42.9725,287800
2024-07-24,42.5816,42.7673,41.8097,41.9367,631600
2024-07-25,41.9172,43.1044,41.8586,42.0931,861800
2024-07-26,42.5621,43.7737,42.5474,43.4366,562600
2024-07-29,43.6222,43.6418,43.0066,43.3242,434600
2024-07-30,43.3926,43.9984,43.2851,43.7102,417200
2024-07-31,43.7248,44.6726,43.5343,43.9691,830800
2024-08-01,44.1987,44.4674,42.3227,42.8357,794200
2024-08-02,42.0931,42.1908,40.7642,41.4971,1046000
2024-08-05,39.2595,40.051,38.9762,39.3572,1174200
2024-08-06,39.4403,40.8766,39.2155,39.963,688800
2024-08-07,40.4906,40.9401,39.4256,39.494,396600
2024-08-08,39.8506,40.9743,39.8213,40.8766,275400
2024-08-09,40.7984,41.243,40.4223,40.9694,169400
2024-08-12,41.1355,41.1404,40.4906,40.6812,688600
2024-08-13,40.945,41.5752,40.7496,41.5264,485000
2024-08-14,41.4824,42.1517,41.4531,41.9709,276600
2024-08-15,42.9529,43.2509,42.6256,43.1825,376200
2024-08-16,43.0555,43.5489,42.9725,43.4024,315400
2024-08-19,43.5441,43.9593,43.5294,43.8958,266200
2024-08-20,43.8079,43.9349,43.6369,43.7737,197200
2024-08-21,43.93,44.0668,43.588,43.8665,244400
2024-08-22,44.0179,44.1792,43.2363,43.5343,227000
2024-08-23,43.9105,44.5407,43.7541,44.4381,305200
2024-08-26,44.6042,45.0146,44.4185,44.6482,709800
2024-08-27,44.526,44.6775,44.3697,44.653,383200
2024-08-28,44.6042,44.8631,43.7786,44.3111,262000
2024-08-29,44.9657,45.3712,44.3257,44.8778,560400
2024-08-30,44.9706,45.4103,44.4527,45.337,691200
2024-09-03,44.8827,45.0879,43.6613,44.0131,633600
2024-09-04,43.9544,44.5065,43.8128,44.057,461200
2024-09-05,44.2329,44.3013,43.1141,43.6369,355600
2024-09-06,43.7004,44.1254,42.5914,42.7477,484000
2024-09-09,43.3486,44.0815,43.0799,43.715,422200
2024-09-10,43.9105,43.9153,42.8357,43.5343,347000
2024-09-11,43.2802,43.8763,41.9563,43.7395,757000
2024-09-12,43.8225,44.316,43.3731,44.316,364600
2024-09-13,44.4185,45.1905,44.3697,44.9364,516800
2024-09-16,45.2393,45.6497,45.0781,45.425,670400
2024-09-17,45.6546,45.8598,45.0976,45.4005,381800
2024-09-18,45.4689,46.1871,45.039,45.1709,843600
2024-09-19,46.4118,46.5633,45.85,46.2701,522600
2024-09-20,46.1187,46.5144,45.9184,46.3336,280600
2024-09-23,46.4656,46.573,46.2653,46.4704,251800
2024-09-24,46.5779,46.7929,46.3874,46.6952,255000
2024-09-25,46.7412,46.8392,45.8495,46.0112,330400
2024-09-26,46.462,46.6579,46.2464,46.5306,322000
2024-09-27,46.7461,47.5251,46.6922,46.8,339000
2024-09-30,46.702,46.8784,45.9573,46.8294,837400
2024-10-01,46.6775,46.8392,45.9965,46.4963,1042000
2024-10-02,46.555,46.6775,46.0847,46.5648,407800
2024-10-03,46.217,46.3787,45.7956,46.1386,470400
2024-10-04,46.6334,46.9029,46.0651,46.8392,794600
2024-10-07,46.5698,46.7314,45.7368,45.9965,391600
2024-10-08,46.2072,46.3591,45.8495,46.2513,241600
2024-10-09,46.2807,47.3194,46.0896,47.2018,332800
2024-10-10,47.1626,47.1871,46.7412,47.0989,299600
2024-10-11,47.2214,48.0396,47.1626,47.9563,855000
2024-10-14,47.8436,48.5638,47.6133,48.4463,631800
2024-10-15,48.0935,48.265,47.5986,47.7064,1076200
2024-10-16,47.6231,48.4707,47.5496,48.3973,276600
2024-10-17,48.7941,48.8627,48.5001,48.7696,363200
2024-10-18,48.7549,48.9558,48.3091,48.8137,467000
2024-10-21,48.7647,48.8774,47.9661,48.069,717000
2024-10-22,47.6868,48.2944,47.5937,48.0396,376000
2024-10-23,47.5398,47.6819,46.6432,47.1087,715000
2024-10-24,46.9225,46.9764,46.3983,46.7853,667000
2024-10-25,47.1577,47.2557,46.0602,46.2219,415400
2024-10-28,46.7216,46.9862,46.6579,46.8392,335400
2024-10-29,46.4228,47.0058,46.3199,46.4718,406200
2024-10-30,46.364,46.9323,46.2366,46.3199,290600
2024-10-31,45.7466,45.8838,45.2959,45.3841,841800
2024-11-01,45.8103,46.5942,45.7564,45.9818,299200
2024-11-04,45.8495,45.923,45.1244,45.4674,800600
2024-11-05,45.4919,46.4277,45.3792,46.3591,397400
2024-11-06,49.0685,49.7593,48.8774,49.6417,1599600
2024-11-07,49.7005,49.8426,49.4507,49.6466,1058400
2024-11-08,49.8377,50.5971,49.6466,50.2444,500200
2024-11-11,50.651,51.3321,50.651,50.9303,695000
2024-11-12,51.043,51.1851,50.0043,50.0729,793200
2024-11-13,50.1856,50.553,49.8867,50.1513,275600
2024-11-14,50.3277,50.406,49.5584,49.6711,748400
2024-11-15,49.289,49.4409,48.7598,48.9901,511000
2024-11-18,48.8921,49.1518,48.7304,48.9166,351200
2024-11-19,48.1229,48.8725,47.873,48.6128,809600
2024-11-20,48.7206,49.0538,48.1474,48.9264,887200
2024-11-21,49.24,50.2934,48.7647,49.9504,751600
2024-11-22,50.0729,50.9646,50.0386,50.8862,690000
2024-11-25,51.6603,52.0768,51.4104,51.871,383800
2024-11-26,51.6456,52.2826,51.2145,52.1797,431800
2024-11-27,52.2336,52.5667,51.871,51.8955,289600
2024-11-29,51.9984,52.6843,51.9984,52.5324,306400
2024-12-02,52.5275,52.5961,51.9102,52.1013,760200
2024-12-03,52.1895,52.2777,51.6015,51.8906,460600
2024-12-04,52.3267,52.7186,52.1062,52.5765,578000
2024-12-05,52.4687,52.6843,51.9788,52.0523,242800
2024-12-06,52.2189,52.3119,51.5868,51.6701,319400
2024-12-09,51.7828,51.9102,51.1116,51.1606,287400
2024-12-10,51.043,51.3174,50.6951,50.847,294200
2024-12-11,50.9401,51.0724,50.5481,50.5579,347400
2024-12-12,50.553,50.6951,50.0092,50.0337,511600
2024-12-13,50.1562,50.2934,49.7201,49.8034,492600
2024-12-16,49.872,50.0925,49.5339,49.5535,364400
2024-12-17,49.0783,49.2057,48.7157,48.9215,548000
2024-12-18,49.0146,49.4898,46.3297,46.4179,1322600
2024-12-19,47.0744,47.4027,46.4179,46.4375,713800
2024-12-20,46.1337,48.3287,46.0798,47.5545,1086200
2024-12-23,47.2846,47.7656,46.7692,47.6429,794000
2024-12-24,47.5987,48.4331,47.4809,48.3987,340400
2024-12-26,48.0601,48.6687,48.0552,48.5705,323200
2024-12-27,47.957,48.3202,47.2404,47.8294,628400
2024-12-30,46.7938,47.2797,46.1754,46.8723,1161600
2024-12-31,47.0932,47.2453,46.4748,46.7742,888800
2025-01-02,47.4122,47.53,45.9349,46.4011,775600
2025-01-03,46.8331,47.2453,46.5238,47.103,887000
2025-01-06,47.4711,47.9619,46.8772,47.0932,527600
2025-01-07,47.4858,47.5594,46.3864,46.6907,294400
2025-01-08,46.6907,46.941,46.2343,46.8723,856600
2025-01-10,46.4208,46.4355,45.233,45.341,567000
2025-01-13,45.2085,46.1705,45.1299,46.1067,439600
2025-01-14,46.5238,46.6564,45.822,46.5876,331400
2025-01-15,47.9766,48.3447,47.7705,48.119,515200
2025-01-16,48.0944,48.2662,47.8196,47.9668,428800
2025-01-17,48.6392,49.0417,48.5214,48.6785,396400
2025-01-21,49.027,49.9448,49.027,49.881,452200
2025-01-22,50.1755,50.2834,49.9546,50.1558,675400
2025-01-23,50.1657,51.0638,50.1657,51.0442,756600
2025-01-24,50.9117,51.0491,50.5583,50.7448,499200
2025-01-27,49.9153,51.4516,49.9055,51.427,668400
2025-01-28,51.4319,52.016,51.2209,51.697,271800
2025-01-29,51.643,51.9767,51.1276,51.4025,423200
2025-01-30,51.27,52.0847,51.2405,51.7902,371000
2025-01-31,52.0455,52.1044,50.9068,50.9755,734000
2025-02-03,49.6896,51.0589,49.4589,50.7055,605800
2025-02-04,50.681,51.0884,50.4798,50.9853,462200
2025-02-05,51.0148,51.7117,50.4798,51.6724,207200
2025-02-06,51.8049,51.8688,50.9608,51.3927,751400
2025-02-07,51.4516,51.589,50.3129,50.3914,435800
2025-02-10,50.9902,51.0736,50.3669,50.7595,208800
2025-02-11,50.4209,51.1227,50.3914,51.0638,195200
2025-02-12,50.1656,50.735,49.8908,50.4945,288200
2025-02-13,50.8479,51.4221,50.4896,51.2749,212400
2025-02-14,51.2258,51.427,50.8381,50.9313,101000
2025-02-18,50.7939,50.946,50.416,50.9264,222400
2025-02-19,50.681,51.108,50.4209,51.0786,190800
2025-02-20,50.7792,50.843,49.5865,50.1166,236400
2025-02-21,49.4932,49.562,48.2122,48.3889,537200
2025-02-24,48.7423,48.9484,48.1828,48.4625,847800
2025-02-25,48.654,49.0957,48.0601,48.8012,408600
2025-02-26,48.8552,49.2822,48.0895,48.384,357000
2025-02-27,48.4086,49.3411,47.8834,47.9521,371400
2025-02-28,48.0748,49.3411,47.6772,49.2626,448400
2025-03-03,49.5031,49.7681,47.2306,47.8196,891200
2025-03-04,47.265,47.5938,45.9889,46.3815,667800
2025-03-05,46.2834,47.6674,46.1165,47.3828,411800
2025-03-06,46.46,47.3386,46.0134,46.4453,492000
2025-03-07,46.0036,47.1226,45.5569,46.8919,433400
2025-03-10,45.8416,46.3521,44.3594,44.9925,491200
2025-03-11,44.7471,44.8649,43.4416,43.9373,676000
2025-03-12,44.4232,44.5361,43.0734,43.7655,466000
2025-03-13,43.6281,43.8342,42.3912,42.671,233400
2025-03-14,43.0784,44.1336,42.8918,44.0109,369600
2025-03-17,43.9324,45.1692,43.9324,44.8502,277000
2025-03-18,44.6588,44.7078,43.9127,44.2514,268400
2025-03-19,44.3741,45.5177,44.3201,45.1005,286800
2025-03-20,44.5312,45.6551,44.4772,45.0269,214800
2025-03-21,44.2907,45.1299,43.9029,45.0612,282000
2025-03-24,45.8269,46.4699,45.7533,46.303,734400
2025-03-25,46.4551,46.5827,46.0527,46.3177,249000
2025-03-26,46.4466,46.8453,45.7773,46.0234,895200
2025-03-27,45.8856,46.1809,45.3935,45.7281,285400
2025-03-28,45.487,45.5461,44.0254,44.114,383600
2025-03-31,43.3659,45.3148,43.2528,45.0244,493600
2025-04-01,44.7045,45.2901,43.9663,44.9506,1343200
2025-04-02,44.2222,45.802,44.2075,45.4575,1415600
2025-04-03,43.0608,43.1937,41.7862,41.86,1511200
2025-04-04,39.6603,40.0293,37.1603,37.2833,1675200
2025-04-07,34.9063,38.9959,33.9959,36.5845,1457800
2025-04-08,39.1977,39.3797,34.8965,35.9496,1744800
2025-04-09,35.0983,41.9043,35.0983,41.5746,1786600
2025-04-10,40.2705,40.3689,37.1553,39.488,1078400
2025-04-11,39.1829,41.1071,38.8236,40.6593,627200
2025-04-14,41.8108,41.86,40.615,41.3974,832800
2025-04-15,41.4417,41.9043,40.9939,41.0431,431400
2025-04-16,40.7183,41.1268,39.0648,39.5963,608800
2025-04-17,38.5382,39.1288,38.179,38.5333,675600
2025-04-21,37.9575,38.0166,35.9742,36.6189,472800
2025-04-22,37.4752,38.7301,37.3227,38.5727,657800
2025-04-23,39.9998,40.8955,39.1583,39.3502,763400
2025-04-24,39.2764,40.4624,38.9516,40.3591,928200
2025-04-25,40.1228,40.4132,39.5766,40.3443,428800
2025-04-28,40.4969,40.9791,39.8768,40.5953,359400
2025-04-29,40.5854,41.3925,40.5559,41.1514,354200
2025-04-30,40.6101,41.6091,39.611,41.363,640800
2025-05-01,41.8305,42.3226,41.5746,41.6386,294400
2025-05-02,42.4654,42.9083,42.1996,42.7311,341000
2025-05-05,42.2734,43.0116,42.2094,42.5589,304600
2025-05-06,41.7616,42.4014,41.5894,41.7567,340400
2025-05-07,42.0618,42.5982,41.7518,42.303,519200
2025-05-08,42.6819,43.6612,42.4309,42.8837,347000
2025-05-09,42.9624,43.11,42.4014,42.5736,330200
2025-05-12,44.7193,44.985,44.3551,44.9555,482800
2025-05-13,44.6455,44.9309,44.3748,44.3748,648800
2025-05-14,44.5028,44.6209,44.0156,44.1779,461400
2025-05-15,43.7547,44.8226,43.7498,44.7636,876800
2025-05-16,44.8768,45.5313,44.6307,45.4821,803000
2025-05-19,44.8522,45.9151,44.8522,45.8118,836800
2025-05-20,45.6396,45.8118,45.1474,45.5756,522800
2025-05-21,44.7144,45.0244,43.6612,43.8187,776600
2025-05-22,43.6071,44.2714,43.5185,43.7941,275200
2025-05-23,42.7508,43.6465,42.7311,43.2675,410200
2025-05-27,44.1484,44.8177,43.8433,44.8177,436200
2025-05-28,44.7636,45.0047,44.173,44.2961,207400
2025-05-29,44.5027,44.6061,43.7006,44.5224,380200
2025-05-30,44.4043,44.8571,43.8778,44.547,431600
2025-06-02,44.2272,44.7488,43.7695,44.7242,437400
2025-06-03,44.5864,45.2754,44.4831,45.1917,350800
2025-06-04,45.2803,45.4378,44.9112,44.9112,246800
2025-06-05,45.1819,45.3443,44.547,44.7537,533800
2025-06-06,45.5411,46.0185,45.2901,45.674,341000
2025-06-09,45.6937,45.9398,45.2557,45.6642,260000
2025-06-10,45.6494,46.0185,45.5657,45.925,269200
2025-06-11,45.9644,46.4171,45.6396,45.9151,372800
2025-06-12,45.6051,46.1071,45.364,46.1071,222000
2025-06-13,45.1327,45.3,44.1878,44.4191,616200
2025-06-16,44.8768,45.5411,44.862,45.1327,344600
2025-06-17,44.7636,45.1524,44.3453,44.4831,262000
2025-06-18,44.552,45.0835,44.2862,44.3846,216600
2025-06-20,44.7488,44.8768,44.1878,44.3994,249600
2025-06-23,44.4388,45.2754,43.9417,45.2016,453400
2025-06-24,45.8216,46.4811,45.6396,46.2646,377800
2025-06-25,46.2759,46.3104,45.817,46.0933,225800
2025-06-26,46.2759,46.9865,46.271,46.947,279400
2025-06-27,47.2085,48.1411,47.174,47.8056,486400
2025-06-30,48.3484,48.4915,47.9586,48.3731,770200
2025-07-01,48.2842,49.508,48.2497,49.2958,1287400
2025-07-02,49.2317,49.3847,48.9603,49.2366,411400
2025-07-03,49.4192,50.1347,49.3896,49.9521,408400
2025-07-07,49.7843,49.8682,48.5063,49.0392,277400
2025-07-08,48.9849,49.1083,48.6395,48.6593,530200
2025-07-09,49.1083,49.3797,48.6938,49.133,223000
2025-07-10,49.1083,49.8386,48.9751,49.587,698800
2025-07-11,48.9504,49.0886,48.7284,48.8863,806000
2025-07-14,48.7777,49.1429,48.6642,49.1281,208400
2025-07-15,49.0935,49.2267,48.0869,48.1115,444200
2025-07-16,48.4816,48.6445,47.5737,48.5902,656000
2025-07-17,48.526,49.2909,48.5014,49.1774,502000
2025-07-18,49.3501,49.3748,48.5507,48.7925,297200
2025-07-21,48.9948,49.3945,48.7777,48.8172,314200
2025-07-22,48.6938,49.2613,48.6938,49.1675,308400
2025-07-23,49.661,50.3074,49.4685,50.3074,1909800
2025-07-24,49.5771,50.0656,49.5278,49.6067,661600
2025-07-25,49.6906,50.1002,49.4587,49.9867,1179600
2025-07-28,49.9176,50.1051,49.6412,49.8584,913200
2025-07-29,49.8978,49.9423,49.2514,49.4439,631800
2025-07-30,49.4439,49.6067,48.6297,49.0195,720400
2025-07-31,49.1478,49.3452,48.0819,48.2546,843800
2025-08-01,47.4701,47.4701,46.5374,47.0408,533200
2025-08-04,47.4553,48.3237,47.4306,48.2991,696600
2025-08-05,48.3237,48.5458,47.7711,48.1609,434600
2025-08-06,48.3632,48.5359,47.9536,48.3484,588400
2025-08-07,48.8418,48.9948,47.4849,47.85,482800
2025-08-08,48.0523,48.5063,47.9586,48.304,360400
2025-08-11,48.3829,48.4866,47.7119,47.8698,236000
2025-08-12,48.2201,48.9751,48.151,48.8863,209000
2025-08-13,49.2662,49.962,49.1971,49.9126,388800
2025-08-14,49.5475,49.9571,49.3847,49.8337,715800
2025-08-15,50.5097,50.5097,49.8584,49.962,1034600
2025-08-18,49.9373,50.0508,49.7794,49.8732,293600
2025-08-19,50.0212,50.5147,49.6709,49.9126,352400
2025-08-20,49.9867,50.1446,49.5672,49.8929,210800
2025-08-21,49.5179,49.8337,49.1873,49.6018,262600
2025-08-22,50.11,51.7581,50.1051,51.4966,424600
2025-08-25,51.2598,51.3436,50.6676,50.6972,290200
2025-08-26,50.5985,51.0278,50.5492,50.9785,247200
2025-08-27,50.9341,51.4423,50.9341,51.3091,111800
2025-08-28,51.4275,51.5608,51.0525,51.4917,158200
2025-08-29,51.3042,51.4621,50.9094,51.2943,412800
2025-09-02,50.3568,50.7466,49.9423,50.7219,340200
2025-09-03,50.564,50.7367,50.0459,50.6429,218800
2025-09-04,50.6874,51.5114,50.5147,51.4571,289200
2025-09-05,51.4818,51.8124,50.5443,51.0032,770600
2025-09-08,51.0574,51.2696,50.6923,51.2302,442600
2025-09-09,51.2055,51.768,51.0229,51.6644,330400
2025-09-10,51.5756,51.62,50.8995,51.1512,304000
2025-09-11,51.3881,52.5872,51.319,52.4983,305800
2025-09-12,52.3404,52.4194,51.8519,51.8963,186200
2025-09-15,52.0444,52.2417,51.7779,52.0592,169000
2025-09-16,52.0493,52.2121,51.5509,51.7631,117000
2025-09-17,51.9654,52.8487,51.5756,52.3207,299800
2025-09-18,52.2911,52.9967,52.1628,52.5872,192200
2025-09-19,52.9178,53.1201,52.4983,52.9375,228200
2025-09-22,52.5329,53.2533,52.3306,53.1201,197600
2025-09-23,53.2188,53.8701,52.75,52.9375,198600
2025-09-24,53.0617,53.2547,52.4482,52.5026,227000
2025-09-25,52.2304,52.4778,51.7258,52.1265,346400
2025-09-26,52.5075,52.9974,52.3047,52.75,209000
2025-09-29,53.0765,53.0765,52.5372,52.9232,160600
2025-09-30,52.8094,53.131,52.4086,53.0815,219800
2025-10-01,52.7747,53.3784,52.7747,53.1557,224200
2025-10-02,53.1656,53.4971,52.8044,53.3685,67400
2025-10-03,53.4872,54.5263,53.4823,53.888,907200
2025-10-06,54.076,54.0958,53.131,53.7049,989200
2025-10-07,53.8732,54.1255,53.1706,53.5219,247600
2025-10-08,53.8039,53.9474,53.2843,53.5317,279400
2025-10-09,53.5367,53.6752,52.7401,52.9528,445600
2025-10-10,53.2745,53.5763,50.9093,50.9489,661400
2025-10-13,51.6713,52.4135,51.6713,52.2354,296400
2025-10-14,51.3843,53.225,50.8549,52.7054,1036400
2025-10-15,53.131,53.6208,52.1315,52.6461,1108600
2025-10-16,52.8094,53.0073,51.5526,51.9682,516600
2025-10-17,51.9039,52.7549,51.8148,52.463,384400
2025-10-20,52.8094,53.7346,52.8094,53.6406,408000
2025-10-21,53.6357,54.6005,53.6159,54.1453,880200
2025-10-22,54.1156,54.1255,53.0716,53.3635,429200
2025-10-23,53.2893,53.8138,53.1409,53.6406,813000
2025-10-24,54.269,55.0013,54.2096,54.7292,296200
2025-10-27,55.3674,55.5505,55.1299,55.4961,277000
2025-10-28,56.2878,56.4263,55.8276,55.8919,539600
2025-10-29,56.2284,56.6885,55.2833,55.7534,442200
2025-10-30,55.0953,56.5599,55.0953,55.3922,263200
2025-10-31,55.5505,55.8474,55.0062,55.4961,384800
2025-11-03,55.6297,55.6346,54.4916,54.9914,245400
2025-11-04,54.2789,54.8034,53.9078,54.3877,1020000
2025-11-05,54.363,55.219,54.269,54.8726,849800
2025-11-06,54.6302,54.9419,53.6752,54.0166,848600
2025-11-07,53.7544,54.1304,52.9726,54.1156,467000
2025-11-10,54.551,55.0903,53.9919,54.9963,925400
2025-11-11,55.1002,56.4065,55.0508,56.3224,855600
2025-11-12,56.5648,57.4456,56.5549,57.0695,604600
2025-11-13,56.7529,56.9656,55.0508,55.1893,261600
2025-11-14,54.3729,54.9271,53.8138,54.462,591000
2025-11-17,54.2591,54.5659,52.7747,53.1607,234200
2025-11-18,52.2354,52.6609,51.6268,52.0226,319800
2025-11-19,52.0573,52.4432,51.6268,52.0919,254600
2025-11-20,53.2101,53.7544,51.2013,51.2507,422000
2025-11-21,51.6862,53.0617,51.3497,52.4185,231300
2025-11-24,52.656,53.1112,52.0325,52.7747,1183100
2025-11-25,53.0419,54.4867,52.5867,54.3383,1186900
2025-11-26,54.5758,55.3575,54.4966,55.0409,288200
2025-11-28,55.3279,55.7831,55.1893,55.694,145700
2025-12-01,55.0112,55.5851,54.6747,54.7638,974300
2025-12-02,54.9716,55.4466,54.7242,55.2091,246100
2025-12-03,55.12,56.3174,55.0706,56.1591,329600
2025-12-04,56.2383,56.5549,55.7336,56.0601,178300
2025-12-05,56.1591,56.6935,56.1195,56.2482,204200
2025-12-08,56.3768,56.3768,55.506,55.8325,239900
2025-12-09,55.8127,56.2779,55.3278,55.3872,266500
2025-12-10,55.3377,56.8617,55.1596,56.5252,397200
2025-12-11,56.7331,58.168,56.6737,58.1086,1077500
2025-12-12,58.2669,58.4747,57.1685,57.4753,505600
2025-12-15,57.9799,57.9898,57.0596,57.406,354200
2025-12-16,57.2378,57.4555,56.2482,56.644,310200
2025-12-17,56.832,57.2575,56.0404,56.0601,303200
2025-12-18,56.6737,57.2279,56.0502,56.268,192900
2025-12-19,56.4758,57.0002,56.4263,56.6341,758300
2025-12-22,56.7924,57.3763,56.7924,57.1685,1014300
2025-12-23,56.8617,57.5544,56.8617,57.3466,827300
2025-12-24,57.3059,58.1094,57.177,57.9706,199100
2025-12-26,57.921,58.0896,57.663,57.9606,131100
2025-12-29,57.6531,57.9011,57.1671,57.3555,308900
2025-12-30,57.3555,57.3555,56.9488,57.1075,993500
2025-12-31,57.1075,57.1472,56.3537,56.4032,1285800
2026-01-02,56.6909,57.1571,55.8676,57.0679,646400
2026-01-05,57.2464,59.0518,57.2365,58.5261,487000
2026-01-06,58.4169,59.7759,58.3475,59.6569,510400
2026-01-07,59.895,60.0438,58.4467,58.5657,501400
2026-01-08,58.04,59.3791,58.0202,59.1609,370000
2026-01-09,59.1907,59.8553,58.9824,59.7263,442000
2026-01-12,59.0716,60.0239,58.5161,59.9247,304500
2026-01-13,59.8255,59.9545,58.6352,58.9427,1285400
2026-01-14,58.6352,58.9328,58.1293,58.8534,1045900
2026-01-15,59.022,59.8652,59.0022,59.5577,503900
2026-01-16,59.5676,59.9049,59.022,59.3097,226500
2026-01-20,57.544,58.2285,57.0877,57.2365,501800
2026-01-21,57.4151,59.1609,57.4051,58.6153,633800
2026-01-22,59.2502,60.1132,58.2781,59.3196,1554800
2026-01-23,58.8534,58.9228,58.2681,58.5757,571900
2026-01-26,58.7641,59.5279,58.7641,59.3593,322700
2026-01-27,58.5161,58.7245,58.0202,58.3475,218800
2026-01-28,58.4269,58.655,58.0995,58.3475,229000
2026-01-29,58.3475,59.022,57.3853,58.407,179600
2026-01-30,58.0896,58.3971,57.0381,58.0499,647600
2026-02-02,58.0202,59.4387,57.6432,59.2403,317500
2026-02-03,59.032,59.8553,57.8714,58.8534,308500
2026-02-04,59.27,59.8057,58.5856,59.4684,181800
2026-02-05,58.8633,58.9923,57.8416,57.9606,728700
2026-02-06,58.7741,61.006,58.7741,60.877,759000
2026-02-09,60.6191,61.125,60.2322,60.9167,152200
2026-02-10,61.1548,61.8491,60.9167,61.0258,219400
2026-02-11,61.6309,61.7698,60.3711,60.8869,183600
2026-02-12,61.3234,61.6508,59.2105,59.2304,424400
2026-02-13,59.3296,59.9644,58.4467,59.3395,291200
2026-02-17,59.3792,59.895,58.6253,59.5379,178700
2026-02-18,59.7263,60.3116,59.3097,59.7859,110300
2026-02-19,59.4287,59.6172,58.7046,59.151,96500
2026-02-20,58.8137,59.885,58.5459,59.6668,199600
2026-02-23,59.27,59.7759,57.5142,57.7424,255100
2026-02-24,57.7821,58.8336,57.6432,58.6153,142600
2026-02-25,59.022,59.3395,58.6749,59.28,93900
2026-02-26,59.8156,60.0537,58.6947,59.2899,194700
2026-02-27,58.0499,58.2781,57.3754,58.0698,299700
2026-03-02,56.7703,58.3376,56.7405,57.9011,224600
2026-03-03,55.7882,57.4547,54.955,57.0183,436500
2026-03-04,57.2663,57.8317,56.7008,57.5143,191000
2026-03-05,56.6116,57.0183,54.826,55.6692,373900
2026-03-06,54.2606,54.7764,53.4472,54.6078,274700
2026-03-09,53.5365,55.4807,52.604,55.1931,547900
2026-03-10,55.203,56.2941,54.5979,55.1137,247000
2026-03-11,55.0641,55.1335,53.9233,54.4689,198900
2026-03-12,53.4472,53.6357,52.733,52.7826,1495600
2026-03-13,53.2587,53.7745,52.3659,52.4751,149600
2026-03-16,53.2984,53.8737,53.1,53.3777,273000
2026-03-17,54.0622,54.4292,53.4472,53.5067,1249400
2026-03-18,53.0306,53.2091,51.622,51.6716,1294700
2026-03-19,50.9772,51.741,50.6102,51.2153,333200
2026-03-20,50.9177,51.245,49.7769,50.3324,241800
2026-03-23,51.9196,52.7231,51.4137,51.6418,316700
2026-03-24,50.8086,52.0485,50.7094,51.4037,181900
2026-03-25,52.4236,52.732,51.6276,52.0654,181200
2026-03-26,51.5281,52.3141,50.9212,51.0306,217300
2026-03-27,50.5431,50.5829,49.0407,49.2397,195000
2026-03-30,50.1153,50.2247,49.0109,49.3591,145900
2026-03-31,50.4138,51.8863,49.9859,51.7868,190600
2026-04-01,52.4832,52.8215,52.145,52.2644,186200
2026-04-02,51.0804,52.7121,50.7819,52.1748,1633800
2026-04-06,51.946,52.5827,51.8863,52.523,327400
2026-04-07,52.2743,52.4136,51.4983,52.3141,485500
2026-04-08,55.1994,55.5178,54.5129,55.3089,394500
2026-04-09,54.8612,56.2441,54.8015,55.9357,105900
2026-04-10,55.9655,56.0053,55.1596,55.2492,82100
2026-04-13,54.5129,55.9755,54.3438,55.9058,284000
2026-04-14,55.9755,56.8212,55.8959,56.7217,151700
2026-04-15,56.9306,57.0301,56.1148,56.5327,179000
2026-04-16,56.7516,56.9306,56.2143,56.7615,182000
2026-04-17,57.9256,59.418,57.8858,58.7912,301200
2026-04-20,58.622,58.8509,58.3335,58.7812,127700
2026-04-21,59.4578,59.7463,57.9455,58.0748,205700
2026-04-22,58.9902,59.1693,58.5524,58.8907,121800
2026-04-23,58.3335,58.9305,57.4182,58.4629,239700
2026-04-24,58.443,58.5325,57.9057,58.2141,118500
2026-04-27,58.0748,58.5226,57.7863,58.1047,64200
2026-04-28,58.5126,58.5623,57.8957,58.0052,81700
2026-04-29,57.8858,57.9156,56.9903,57.3485,82900
2026-04-30,57.8858,59.428,57.8659,59.219,302600
2026-05-01,59.7463,59.9951,58.7812,58.7912,197500
2026-05-04,58.433,58.6519,57.3883,57.4978,129000
2026-05-05,58.0251,58.433,57.657,58.2639,180700
2026-05-06,59.229,59.9851,59.229,59.6866,176400
2026-05-07,60.0448,60.2339,58.7812,58.9404,1021300
2026-05-08,59.5274,59.5672,58.7116,59.0001,136800
2026-05-11,58.9205,59.3782,58.7514,59.2389,184100
2026-05-12,59.0897,59.5175,58.3037,59.4081,296900
2026-05-13,59.02,59.3086,58.632,59.1693,158200
2026-05-14,60.204,60.393,59.6269,60.0647,286000
2026-05-15,59.3185,59.3583,58.7514,58.8011,257300
2026-05-18,58.8608,59.3384,58.3833,59.1494,218800
2026-05-19,58.6718,58.9603,58.1743,58.4231,74000
2026-05-20,58.8708,60.0647,58.0748,59.9055,286600
2026-05-21,59.5374,60.801,59.2489,60.5821,94500
2026-05-22,61.4974,61.8855,61.2288,61.3084,129600
2026-05-26,61.6467,61.7462,60.7612,61.0497,131200
2026-05-27,61.2387,61.8457,61.2188,61.4775,80400
2026-05-28,61.0696,61.7064,60.8308,61.4775,84100
2026-05-29,61.6865,62.4924,61.5671,62.3431,88400
2026-06-01,62.1441,62.6217,61.8158,62.5421,160200
2026-06-02,61.9153,63.2485,61.9153,63.1192,80500
2026-06-03,62.4526,62.7909,61.6666,61.6765,87400
2026-06-04,63.0097,63.9151,62.8008,63.7162,241900
2026-06-05,63.9549,63.9649,61.8158,61.9651,148800
2026-06-08,62.2337,62.8307,61.6964,61.8059,122600
2026-06-09,62.3929,62.8903,60.3831,61.9153,281700
2026-06-10,61.4278,61.7362,59.6269,59.6269,194600
2026-06-11,60.3532,62.1342,60.015,61.7959,170200
2026-06-12,62.6516,63.1689,61.8457,62.6914,195400
2026-06-15,64.1738,64.5818,63.8753,63.9848,418500
2026-06-16,64.4425,65.1688,64.4425,64.7608,146200
2026-06-17,64.6415,65.3976,63.1888,63.4276,157700
2026-06-18,64.3032,64.4226,63.5769,63.5769,136400
2026-06-22,63.8654,64.343,63.6963,63.8952,202600
2026-06-23,63.3381,64.2833,62.9202,63.8157,169900
2026-06-24,63.8077,65.2043,63.678,64.2466,105800
2026-06-25,64.9649,66.2219,64.2965,64.4761,195900
2026-06-26,63.8775,64.8552,63.6381,64.0072,88400
2026-06-29,64.7155,65.2742,64.4761,65.0347,158500
2026-06-30,65.2642,65.5435,64.6157,65.3739,219900
2026-07-01,65.1145,66.4414,64.6955,65.3241,168900
2026-07-02,66.1421,66.7806,65.6832,66.6409,159300
2026-07-06,66.8903,67.1996,66.172,67.1896,135500
2026-07-07,67.838,67.838,66.5112,66.8504,169200
2026-07-08,65.6433,65.6932,64.6856,65.3839,375700
2026-07-09,65.5236,65.9625,65.1944,65.6932,273200
2026-07-10,66.1022,66.2518,65.1145,66.1022,130400
2026-07-13,66.0623,66.5511,65.4238,65.763,131900
2026-07-14,65.4438,66.2618,65.2642,65.763,166200
2026-07-15,66.0523,66.5112,65.6034,66.0922,157200
2026-07-16,66.2718,66.581,65.364,65.8328,89600
2026-07-17,64.4262,65.9326,64.4262,64.8252,115500
2026-07-20,65.0547,65.3739,63.9074,64.087,105200
2026-07-21,64.5359,65.3141,64.3564,64.9649,115700
2026-07-22,64.9749,65.6433,64.8851,64.9649,172100
2026-07-23,63.3188,64.0471,63.2989,63.648,644300
2026-07-24,63.8176,64.6257,63.6281,64.1868,115000
2026-07-27,65.6433,65.8129,64.3863,64.8252,137800
2026-07-28,65.9925,66.5312,65.4637,66.2219,253700
2026-07-29,65.0946,65.2143,63.1492,63.3687,308900
2026-07-30,64.1169,64.915,63.4785,64.7754,145200
2026-07-31,65.364,65.8229,64.2466,65.5036,346800
2026-08-03,66.7307,67.2694,66.591,67.1896,143000
2026-08-04,68.8456,69.8931,68.3768,69.524,223200
2026-08-05,70.2124,71.0803,70.0927,70.1226,232000
2026-08-06,70.362,70.4319,68.7758,68.8856,82200
2026-08-07,69.0053,69.3744,68.676,69.2547,103700
2026-08-10,68.9554,69.3045,68.7958,69.0851,70300
2026-08-11,69.3345,69.6836,68.5364,68.6461,867900
2026-08-12,69.0551,69.0751,68.4865,68.5563,82800
2026-08-13,68.9454,69.2846,68.2271,68.706,189800
2026-08-14,68.5863,68.8357,68.3269,68.4266,87700
2026-08-17,67.8979,68.2072,67.5886,67.7283,175000
2026-08-18,67.5687,67.7084,67.3293,67.4689,130100
2026-08-19,68.0076,68.3568,67.5886,67.8081,155700
2026-08-20,66.7207,67.0898,66.0024,66.0324,77100
2026-08-21,66.7307,67.4789,66.601,67.3093,89000
2026-08-24,67.2195,67.838,67.2195,67.6585,89800
2026-08-25,68.3169,68.3369,67.5388,68.0475,80300
2026-08-26,68.0675,68.2171,67.5487,67.7882,48000
2026-08-27,67.6285,68.3568,67.5587,67.9777,141600
2026-08-28,68.2969,68.5962,67.7882,67.9179,167400
2026-08-31,67.5088,67.5188,66.8504,67.0699,141300
2026-09-01,66.3117,67.0499,65.8428,66.0324,186300
2026-09-02,66.4713,67.0998,66.4713,66.7806,59100
2026-09-03,67.6186,68.4765,67.3891,68.3169,112700
2026-09-04,67.8281,68.1373,67.3093,67.6086,174900
2026-09-08,66.5511,66.5711,65.8827,66.0723,127200
2026-09-09,65.4039,65.4438,64.8252,65.0347,92200
2026-09-10,64.5758,64.7355,63.9473,64.1868,1110300
2026-09-11,65.3041,65.783,65.0647,65.4438,166300
2026-09-14,65.0746,65.6134,64.7454,65.0846,128200
2026-09-15,64.7554,64.8153,63.7478,64.2466,255700
2026-09-16,64.4461,64.4661,62.0419,62.7602,360800
2026-09-17,64.0571,64.077,63.0894,63.4485,218200
2026-09-18,63.3488,63.4585,62.81,63.2191,96000
2026-09-21,64.1369,64.2466,63.3787,64.1369,162500
2026-09-22,64.7554,64.7554,63.2989,63.668,187400
2026-09-23,63.13,63.56,62.67,62.78,97100
2026-09-24,62.3,62.69,61.79,62.36,355100
2026-09-25,62.62,63.58,62.49,63.48,140200
2026-09-28,62.66,63.31,62.47,62.64,92900
2026-09-29,62.58,62.67,61.75,62.33,67900
2026-09-30,62.6,62.6,61.2,61.2,215100
2026-10-01,61.48,61.8,60.34,61.3,249100
2026-10-02,62.2,62.25,61.29,61.83,198100
2026-10-05,61.67,62.35,61.07,62.03,126000
