Date,Open,High,Low,Close,Volume
2006-06-21,1.1402,1.1406,1.1273,1.1289,1523200
2006-06-22,1.125,1.127,1.0903,1.1023,13612800
2006-06-23,1.0977,1.1181,1.0856,1.0991,3411200
2006-06-26,1.1016,1.1094,1.0938,1.1031,3622400
2006-06-27,1.1047,1.1047,1.0619,1.0619,6393600
2006-06-28,1.0664,1.0772,1.0534,1.0748,6374400
2006-06-29,1.0883,1.1398,1.0833,1.1398,11289600
2006-06-30,1.1484,1.1484,1.1278,1.1289,15168000
2006-07-03,1.1375,1.143,1.1353,1.142,2380800
2006-07-05,1.1211,1.1216,1.0939,1.097,9900800
2006-07-06,1.1023,1.1109,1.0867,1.0906,5369600
2006-07-07,1.0711,1.0922,1.0602,1.0667,4588800
2006-07-10,1.0766,1.0808,1.0397,1.0491,7987200
2006-07-11,1.0412,1.0692,1.0338,1.0662,10604800
2006-07-12,1.0597,1.0625,1.0187,1.0241,14598400
2006-07-13,1.0289,1.0289,0.9891,0.9914,26745600
2006-07-14,0.9875,0.9898,0.9609,0.9711,13856000
2006-07-17,0.9789,0.9844,0.9631,0.9758,9868800
2006-07-18,0.9844,0.9875,0.9484,0.9812,26054400
2006-07-19,0.9789,1.0167,0.9783,1.0025,16940800
2006-07-20,1.0141,1.0141,0.9742,0.9752,12019200
2006-07-21,0.9583,0.9688,0.9519,0.9531,18630400
2006-07-24,0.9608,0.9916,0.9608,0.9883,15334400
2006-07-25,0.993,1.0094,0.9808,0.998,21683200
2006-07-26,0.9937,1.0155,0.9812,1.0,23500800
2006-07-27,1.0211,1.0234,0.9812,0.9898,12038400
2006-07-28,1.0008,1.0294,0.9945,1.0294,6752000
2006-07-31,1.0219,1.0383,1.0148,1.0273,9958400
2006-08-01,1.0086,1.0086,0.9812,0.9922,15609600
2006-08-02,1.0039,1.0266,1.0016,1.0105,13939200
2006-08-03,0.993,1.0375,0.9922,1.0273,19961600
2006-08-04,1.0464,1.0547,0.9986,1.018,18816000
2006-08-07,1.0109,1.0148,0.9961,1.0056,17017600
2006-08-08,1.0094,1.0156,0.9828,0.993,28838400
2006-08-09,1.0064,1.0344,0.9891,0.9925,28825600
2006-08-10,0.9933,1.0128,0.9828,1.0052,23283200
2006-08-11,0.9953,1.0008,0.9852,0.9953,13305600
2006-08-14,1.0077,1.0312,1.0019,1.0044,19321600
2006-08-15,1.0373,1.0703,1.0233,1.0567,22054400
2006-08-16,1.0703,1.1081,1.0641,1.107,31040000
2006-08-17,1.1086,1.1297,1.1,1.1141,44345600
2006-08-18,1.1102,1.1178,1.0898,1.1125,16934400
2006-08-21,1.0944,1.103,1.0867,1.0922,16275200
2006-08-22,1.1036,1.1169,1.0858,1.095,16268800
2006-08-23,1.0978,1.1087,1.0688,1.0766,18598400
2006-08-24,1.0891,1.0898,1.0672,1.0848,18432000
2006-08-25,1.0734,1.1061,1.0734,1.0891,15257600
2006-08-28,1.0859,1.1109,1.0859,1.1047,16588800
2006-08-29,1.1031,1.1133,1.0808,1.1117,26617600
2006-08-30,1.1128,1.1227,1.1031,1.1216,22585600
2006-08-31,1.1211,1.1272,1.1133,1.1203,9395200
2006-09-01,1.1359,1.1367,1.1202,1.1305,18496000
2006-09-05,1.1319,1.1527,1.1156,1.1508,21452800
2006-09-06,1.1297,1.1356,1.1016,1.1059,23398400
2006-09-07,1.1,1.1177,1.0875,1.0961,27027200
2006-09-08,1.1016,1.1139,1.0938,1.107,13990400
2006-09-11,1.0911,1.1323,1.0844,1.1219,26662400
2006-09-12,1.1258,1.1716,1.1234,1.1655,19027200
2006-09-13,1.1688,1.182,1.1586,1.1789,22579200
2006-09-14,1.1678,1.185,1.1678,1.1777,15187200
2006-09-15,1.2055,1.2755,1.1823,1.1891,15891200
2006-09-18,1.1914,1.2048,1.1766,1.1881,13184000
2006-09-19,1.1875,1.1922,1.1544,1.1738,20812800
2006-09-20,1.1997,1.2148,1.1933,1.2086,21785600
2006-09-21,1.2156,1.2211,1.1875,1.193,50976000
2006-09-22,1.1891,1.1891,1.1641,1.1723,18214400
2006-09-25,1.1856,1.2188,1.163,1.2156,37670400
2006-09-26,1.2125,1.2289,1.2052,1.2256,24934400
2006-09-27,1.2237,1.2348,1.2086,1.2194,27929600
2006-09-28,1.2294,1.232,1.2038,1.2266,14444800
2006-09-29,1.2328,1.2333,1.2156,1.2172,12473600
2006-10-02,1.2117,1.2197,1.1822,1.1875,22822400
2006-10-03,1.1766,1.2055,1.1694,1.1959,20364800
2006-10-04,1.1938,1.2539,1.1861,1.2508,27206400
2006-10-05,1.2539,1.2695,1.2478,1.2672,21580800
2006-10-06,1.252,1.2695,1.2505,1.2602,21766400
2006-10-09,1.2595,1.2797,1.2547,1.2664,12217600
2006-10-10,1.2703,1.2805,1.2542,1.2734,16710400
2006-10-11,1.2594,1.2844,1.2405,1.2687,23334400
2006-10-12,1.2828,1.3109,1.278,1.3109,26284800
2006-10-13,1.3109,1.3273,1.3039,1.3209,21683200
2006-10-16,1.3242,1.3336,1.3206,1.3234,17868800
2006-10-17,1.3116,1.3116,1.2797,1.2977,35289600
2006-10-18,1.312,1.3134,1.2725,1.2797,36768000
2006-10-19,1.2737,1.3008,1.2687,1.2906,36089600
2006-10-20,1.2917,1.2939,1.2728,1.2938,21696000
2006-10-23,1.2844,1.3288,1.2828,1.3169,34579200
2006-10-24,1.3133,1.32,1.2877,1.3044,31315200
2006-10-25,1.3036,1.3238,1.2953,1.3203,24864000
2006-10-26,1.3266,1.3486,1.3055,1.3414,30323200
2006-10-27,1.3361,1.3409,1.2953,1.3034,31724800
2006-10-30,1.3016,1.3297,1.2938,1.3188,28748800
2006-10-31,1.332,1.3359,1.3088,1.3266,27744000
2006-11-01,1.3359,1.3377,1.2787,1.2906,37939200
2006-11-02,1.2875,1.298,1.2745,1.2919,29440000
2006-11-03,1.3016,1.3016,1.265,1.2844,42656000
2006-11-06,1.2977,1.3303,1.2955,1.3133,28524800
2006-11-07,1.325,1.3548,1.3172,1.3398,34387200
2006-11-08,1.3231,1.3633,1.3159,1.358,41382400
2006-11-09,1.368,1.3711,1.3289,1.3391,32851200
2006-11-10,1.3411,1.3539,1.3297,1.3539,24953600
2006-11-13,1.3525,1.3827,1.3494,1.3758,28505600
2006-11-14,1.3781,1.4109,1.3645,1.4109,32083200
2006-11-15,1.4098,1.4375,1.4078,1.4198,40307200
2006-11-16,1.4266,1.438,1.4141,1.4344,26201600
2006-11-17,1.4156,1.4312,1.4088,1.4312,24064000
2006-11-20,1.4195,1.4425,1.4134,1.4367,20883200
2006-11-21,1.4383,1.4427,1.4278,1.4406,25177600
2006-11-22,1.4462,1.4602,1.428,1.4588,20697600
2006-11-24,1.4352,1.4648,1.4352,1.4495,15078400
2006-11-27,1.4352,1.4477,1.3828,1.3842,55340800
2006-11-28,1.375,1.3967,1.3648,1.3883,44339200
2006-11-29,1.4125,1.4192,1.3856,1.4109,36140800
2006-11-30,1.4125,1.4234,1.3947,1.4066,44883200
2006-12-01,1.4098,1.4133,1.3595,1.3878,59769600
2006-12-04,1.3934,1.4336,1.3869,1.4227,33427200
2006-12-05,1.4309,1.4395,1.4172,1.4295,24160000
2006-12-06,1.4266,1.4292,1.4097,1.4191,23872000
2006-12-07,1.4266,1.4336,1.3836,1.3844,42233600
2006-12-08,1.3758,1.4195,1.3702,1.3984,46950400
2006-12-11,1.393,1.4256,1.3878,1.4094,27724800
2006-12-12,1.4062,1.4105,1.375,1.3909,53401600
2006-12-13,1.4081,1.4086,1.3797,1.3945,31980800
2006-12-14,1.4022,1.4383,1.4008,1.4242,39392000
2006-12-15,1.4489,1.4541,1.4289,1.4336,40691200
2006-12-18,1.4439,1.4531,1.3931,1.4008,45081600
2006-12-19,1.3816,1.4089,1.3653,1.3953,58912000
2006-12-20,1.3438,1.3438,1.3003,1.3016,31494400
2006-12-21,1.3023,1.3055,1.2713,1.2836,36409600
2006-12-22,1.2802,1.2805,1.2563,1.2594,48979200
2006-12-26,1.2563,1.2667,1.2516,1.2656,16716800
2006-12-27,1.2661,1.2811,1.2623,1.278,22560000
2006-12-28,1.2742,1.2781,1.2581,1.2672,18995200
2006-12-29,1.2672,1.2938,1.2633,1.2663,24550400
2007-01-03,1.2931,1.3166,1.2313,1.2703,75315200
2007-01-04,1.2711,1.3252,1.2617,1.3159,43257600
2007-01-05,1.3022,1.3078,1.2827,1.2969,34419200
2007-01-08,1.3078,1.3195,1.2891,1.305,32780800
2007-01-09,1.3128,1.3305,1.2909,1.3209,50169600
2007-01-10,1.3117,1.3555,1.3039,1.3555,39436800
2007-01-11,1.3555,1.3875,1.3547,1.3781,47155200
2007-01-12,1.3755,1.3953,1.3717,1.3922,38764800
2007-01-16,1.3922,1.3972,1.3808,1.3922,40505600
2007-01-17,1.3909,1.3909,1.3619,1.3669,31340800
2007-01-18,1.3603,1.3614,1.3072,1.3109,90720000
2007-01-19,1.3067,1.325,1.3039,1.3148,59116800
2007-01-22,1.3219,1.3219,1.2797,1.2891,64390400
2007-01-23,1.2923,1.307,1.2789,1.283,46195200
2007-01-24,1.2986,1.3258,1.2938,1.3219,38483200
2007-01-25,1.3294,1.3352,1.2825,1.2859,61868800
2007-01-26,1.2959,1.2959,1.2672,1.277,55136000
2007-01-29,1.2758,1.3017,1.2717,1.2845,51174400
2007-01-30,1.2869,1.2934,1.2789,1.288,24473600
2007-01-31,1.2817,1.3158,1.2677,1.3039,71808000
2007-02-01,1.3198,1.3295,1.2969,1.3055,55014400
2007-02-02,1.3127,1.3197,1.3005,1.3167,38931200
2007-02-05,1.3123,1.3241,1.3033,1.3122,31225600
2007-02-06,1.3152,1.318,1.2816,1.3062,49286400
2007-02-07,1.3241,1.3428,1.3119,1.3373,54099200
2007-02-08,1.3283,1.3394,1.317,1.3378,28684800
2007-02-09,1.3378,1.3464,1.2883,1.2961,61971200
2007-02-12,1.2948,1.2961,1.2797,1.2858,40531200
2007-02-13,1.2947,1.3028,1.2862,1.2998,40096000
2007-02-14,1.3055,1.3445,1.305,1.3388,51052800
2007-02-15,1.3405,1.353,1.3355,1.353,27660800
2007-02-16,1.3425,1.3505,1.3359,1.3484,19801600
2007-02-20,1.3422,1.3686,1.3266,1.3641,35174400
2007-02-21,1.3539,1.3742,1.3505,1.373,71372800
2007-02-22,1.3827,1.3927,1.3642,1.3875,37625600
2007-02-23,1.3844,1.3844,1.3633,1.375,23622400
2007-02-26,1.3887,1.3887,1.3445,1.3625,39673600
2007-02-27,1.3127,1.3264,1.2294,1.2313,143776000
2007-02-28,1.2477,1.282,1.2266,1.2577,87148800
2007-03-01,1.2195,1.2714,1.1934,1.2445,109964800
2007-03-02,1.2348,1.2452,1.2009,1.2009,124332800
2007-03-05,1.1873,1.2237,1.1833,1.1844,134688000
2007-03-06,1.2031,1.2337,1.2031,1.2277,109542400
2007-03-07,1.2258,1.2336,1.2152,1.2164,84012800
2007-03-08,1.242,1.2483,1.2255,1.2391,76480000
2007-03-09,1.2523,1.2531,1.2156,1.2347,65689600
2007-03-12,1.227,1.2495,1.227,1.2461,41395200
2007-03-13,1.2316,1.2461,1.1914,1.1989,104352000
2007-03-14,1.2005,1.2322,1.1817,1.2322,152550400
2007-03-15,1.2252,1.235,1.2172,1.2287,68441600
2007-03-16,1.2289,1.2348,1.2111,1.2242,71257600
2007-03-19,1.2375,1.2547,1.23,1.2489,64025600
2007-03-20,1.2469,1.2658,1.245,1.2656,51993600
2007-03-21,1.2672,1.3162,1.2523,1.3125,119865600
2007-03-22,1.3141,1.3141,1.2956,1.3047,85292800
2007-03-23,1.3011,1.3109,1.292,1.2933,46451200
2007-03-26,1.297,1.3083,1.2673,1.3033,62470400
2007-03-27,1.3,1.3006,1.2861,1.2892,41369600
2007-03-28,1.2769,1.2892,1.26,1.2625,92390400
2007-03-29,1.2783,1.2783,1.2363,1.2609,134150400
2007-03-30,1.2648,1.2794,1.2422,1.2653,75686400
2007-04-02,1.2695,1.2727,1.2475,1.2606,63814400
2007-04-03,1.2764,1.3038,1.2744,1.297,67308800
2007-04-04,1.2939,1.3077,1.2938,1.3047,52313600
2007-04-05,1.3006,1.3209,1.2984,1.3188,40307200
2007-04-09,1.3281,1.3281,1.3067,1.3123,51251200
2007-04-10,1.3111,1.3239,1.3109,1.3225,37568000
2007-04-11,1.3195,1.3195,1.2884,1.2955,65952000
2007-04-12,1.2952,1.32,1.2816,1.318,60236800
2007-04-13,1.3148,1.3253,1.3,1.3227,52838400
2007-04-16,1.332,1.35,1.332,1.3458,45024000
2007-04-17,1.3486,1.3534,1.3391,1.3513,48000000
2007-04-18,1.3405,1.3542,1.3311,1.3461,36531200
2007-04-19,1.3298,1.3553,1.3242,1.3472,62374400
2007-04-20,1.3631,1.378,1.3527,1.3675,53209600
2007-04-23,1.3675,1.375,1.3608,1.3681,29760000
2007-04-24,1.3761,1.3898,1.3594,1.3791,48864000
2007-04-25,1.3897,1.4194,1.3817,1.4188,53702400
2007-04-26,1.4352,1.4391,1.4198,1.4336,61510400
2007-04-27,1.422,1.4362,1.4178,1.4352,105958400
2007-04-30,1.4267,1.4311,1.3936,1.3977,50624000
2007-05-01,1.3984,1.4062,1.3778,1.4062,75372800
2007-05-02,1.4036,1.4334,1.4036,1.4242,49568000
2007-05-03,1.4297,1.4411,1.4236,1.4352,55737600
2007-05-04,1.4441,1.4509,1.4236,1.4386,54489600
2007-05-07,1.4369,1.4438,1.4316,1.4353,31603200
2007-05-08,1.4225,1.443,1.4147,1.4345,57024000
2007-05-09,1.4266,1.4547,1.425,1.4452,56448000
2007-05-10,1.4367,1.4433,1.4,1.4089,97267200
2007-05-11,1.4086,1.4425,1.4069,1.442,70611200
2007-05-14,1.4427,1.4483,1.4067,1.4212,78387200
2007-05-15,1.4198,1.437,1.393,1.4008,89324800
2007-05-16,1.4066,1.4281,1.3887,1.4269,71763200
2007-05-17,1.4217,1.4278,1.4106,1.4116,48966400
2007-05-18,1.4219,1.435,1.4155,1.4347,54425600
2007-05-21,1.4372,1.467,1.4338,1.4547,94963200
2007-05-22,1.4539,1.4705,1.4455,1.4564,48595200
2007-05-23,1.4655,1.4759,1.4411,1.4436,54054400
2007-05-24,1.4398,1.4559,1.3903,1.4028,123494400
2007-05-25,1.4077,1.4244,1.4022,1.4178,52275200
2007-05-29,1.4217,1.4419,1.4145,1.4359,60640000
2007-05-30,1.4158,1.4628,1.41,1.4614,72908800
2007-05-31,1.4683,1.4816,1.4628,1.4798,60012800
2007-06-01,1.4855,1.4959,1.4725,1.4786,51859200
2007-06-04,1.4672,1.488,1.4639,1.4828,35552000
2007-06-05,1.475,1.4848,1.4564,1.4848,86380800
2007-06-06,1.4698,1.4711,1.4459,1.4509,93094400
2007-06-07,1.4445,1.4634,1.4025,1.4025,156672000
2007-06-08,1.4075,1.4427,1.3961,1.4402,104294400
2007-06-11,1.4405,1.4575,1.4319,1.4344,55513600
2007-06-12,1.4184,1.447,1.4127,1.415,96966400
2007-06-13,1.4266,1.4508,1.4191,1.443,89619200
2007-06-14,1.4542,1.475,1.4542,1.4684,51564800
2007-06-15,1.4813,1.5008,1.4813,1.4961,42892800
2007-06-18,1.4994,1.5014,1.4886,1.4945,30707200
2007-06-19,1.4856,1.5005,1.4789,1.4927,49184000
2007-06-20,1.4941,1.5033,1.4625,1.4659,69433600
2007-06-21,1.4664,1.4956,1.4519,1.4934,97856000
2007-06-22,1.4825,1.49,1.4545,1.4642,127193600
2007-06-25,1.4661,1.4802,1.4348,1.457,94553600
2007-06-26,1.4636,1.4636,1.4297,1.4406,103520000
2007-06-27,1.4294,1.4784,1.4273,1.4734,100000000
2007-06-28,1.4742,1.4958,1.4727,1.4772,84198400
2007-06-29,1.4914,1.498,1.4572,1.4864,98572800
2007-07-02,1.4867,1.5069,1.485,1.5053,60780800
2007-07-03,1.5108,1.5228,1.5067,1.5227,37523200
2007-07-05,1.5228,1.5512,1.5214,1.54,69324800
2007-07-06,1.5484,1.5597,1.5345,1.5586,49600000
2007-07-09,1.5578,1.565,1.5483,1.56,41664000
2007-07-10,1.5453,1.5597,1.5309,1.5345,69132800
2007-07-11,1.5264,1.5605,1.5231,1.5605,72134400
2007-07-12,1.5627,1.607,1.5605,1.6008,63712000
2007-07-13,1.6044,1.6266,1.6016,1.6244,59699200
2007-07-16,1.6211,1.6345,1.613,1.6227,57894400
2007-07-17,1.6255,1.6472,1.6228,1.6389,52633600
2007-07-18,1.6242,1.6406,1.6041,1.6406,82022400
2007-07-19,1.6552,1.6697,1.6455,1.6478,63494400
2007-07-20,1.6459,1.6503,1.6106,1.6339,92166400
2007-07-23,1.6391,1.6453,1.6211,1.6313,62291200
2007-07-24,1.6061,1.632,1.5647,1.5869,145600000
2007-07-25,1.5977,1.6033,1.5658,1.5891,100384000
2007-07-26,1.5805,1.5894,1.5005,1.5539,212934400
2007-07-27,1.5528,1.5683,1.492,1.492,217145600
2007-07-30,1.5113,1.542,1.4948,1.5341,214092800
2007-07-31,1.5555,1.5572,1.4612,1.4688,228902400
2007-08-01,1.4583,1.4895,1.433,1.4866,324076800
2007-08-02,1.4922,1.5195,1.4806,1.5159,120908800
2007-08-03,1.5094,1.5134,1.4375,1.4558,161267200
2007-08-06,1.4592,1.4919,1.4328,1.4844,187257600
2007-08-07,1.4808,1.5078,1.4591,1.5027,139993600
2007-08-08,1.5236,1.5562,1.5156,1.5467,137734400
2007-08-09,1.5289,1.5506,1.46,1.4695,223526400
2007-08-10,1.4411,1.4786,1.4056,1.4419,273875200
2007-08-13,1.4714,1.4808,1.457,1.4606,117228800
2007-08-14,1.465,1.4723,1.4125,1.4141,161376000
2007-08-15,1.4066,1.4316,1.3569,1.3617,190828800
2007-08-16,1.3502,1.3606,1.2716,1.3305,437721600
2007-08-17,1.3609,1.3995,1.3408,1.3778,189926400
2007-08-20,1.393,1.4047,1.3673,1.3867,153952000
2007-08-21,1.3927,1.4288,1.385,1.4258,120620800
2007-08-22,1.4402,1.463,1.4378,1.4591,110560000
2007-08-23,1.4688,1.4741,1.4353,1.4531,138361600
2007-08-24,1.4462,1.4969,1.4414,1.4961,93126400
2007-08-27,1.4858,1.4937,1.4659,1.4667,72812800
2007-08-28,1.4594,1.4684,1.4034,1.4039,178016000
2007-08-29,1.4227,1.4845,1.4216,1.4811,131680000
2007-08-30,1.4761,1.5231,1.4617,1.5039,196979200
2007-08-31,1.5312,1.5438,1.5161,1.5302,143507200
2007-09-04,1.5388,1.6023,1.5388,1.5836,119251200
2007-09-05,1.5836,1.5836,1.5308,1.5509,164499200
2007-09-06,1.5558,1.5608,1.5275,1.5469,128972800
2007-09-07,1.5111,1.5139,1.4722,1.4958,201273600
2007-09-10,1.5137,1.5209,1.4636,1.4934,178432000
2007-09-11,1.5055,1.5348,1.5016,1.5312,141196800
2007-09-12,1.5258,1.558,1.5217,1.538,114886400
2007-09-13,1.5539,1.5558,1.5312,1.5447,111219200
2007-09-14,1.5234,1.5536,1.5175,1.5445,86931200
2007-09-17,1.5323,1.5402,1.5094,1.5186,100806400
2007-09-18,1.5391,1.6008,1.5241,1.5978,165324800
2007-09-19,1.6166,1.6333,1.5948,1.6073,145990400
2007-09-20,1.5997,1.6119,1.5902,1.597,96998400
2007-09-21,1.6142,1.6294,1.6087,1.6164,74963200
2007-09-24,1.6255,1.657,1.6177,1.6339,102547200
2007-09-25,1.6195,1.665,1.6184,1.6623,82636800
2007-09-26,1.68,1.693,1.667,1.6772,99923200
2007-09-27,1.7008,1.7009,1.6833,1.6992,71392000
2007-09-28,1.6964,1.7034,1.6708,1.6891,90483200
2007-10-01,1.6917,1.7342,1.6916,1.718,89824000
2007-10-02,1.7227,1.7269,1.7056,1.7219,72844800
2007-10-03,1.7148,1.7277,1.6906,1.6953,78572800
2007-10-04,1.7069,1.7105,1.68,1.7031,70720000
2007-10-05,1.7323,1.7819,1.727,1.7819,120684800
2007-10-08,1.7744,1.7981,1.7689,1.7953,80102400
2007-10-09,1.8064,1.8184,1.7911,1.8156,99353600
2007-10-10,1.813,1.8258,1.8016,1.8258,102982400
2007-10-11,1.8414,1.8502,1.7377,1.7727,207078400
2007-10-12,1.7805,1.8239,1.7723,1.8239,105504000
2007-10-15,1.8248,1.8311,1.7647,1.7934,119532800
2007-10-16,1.7727,1.8033,1.7642,1.7852,129670400
2007-10-17,1.825,1.8283,1.7631,1.8233,154982400
2007-10-18,1.8062,1.8431,1.7922,1.8356,142662400
2007-10-19,1.8356,1.8358,1.742,1.7478,293971200
2007-10-22,1.7216,1.7881,1.7167,1.7847,272115200
2007-10-23,1.8206,1.8609,1.8038,1.8466,173945600
2007-10-24,1.8283,1.8428,1.7525,1.8352,341177600
2007-10-25,1.8359,1.8447,1.7617,1.8144,259436800
2007-10-26,1.8509,1.8602,1.8083,1.8372,192032000
2007-10-29,1.8566,1.867,1.8359,1.8552,182022400
2007-10-30,1.8431,1.8822,1.8388,1.8555,148761600
2007-10-31,1.8719,1.918,1.8427,1.9136,211872000
2007-11-01,1.8906,1.9016,1.8423,1.8563,318470400
2007-11-02,1.8692,1.8787,1.8164,1.8759,273952000
2007-11-05,1.852,1.8691,1.8144,1.8531,210304000
2007-11-06,1.8759,1.888,1.8278,1.8836,196921600
2007-11-07,1.8409,1.8805,1.7902,1.7955,251430400
2007-11-08,1.8016,1.8016,1.6263,1.6672,478278400
2007-11-09,1.6203,1.6516,1.5703,1.5723,403564800
2007-11-12,1.5664,1.5875,1.4875,1.4898,346969600
2007-11-13,1.5384,1.6187,1.5311,1.6105,286867200
2007-11-14,1.6602,1.6602,1.5612,1.5886,293459200
2007-11-15,1.5662,1.602,1.5284,1.5586,276947200
2007-11-16,1.5781,1.597,1.5266,1.5892,282041600
2007-11-19,1.5708,1.595,1.5305,1.5488,321907200
2007-11-20,1.5703,1.6145,1.4995,1.5603,462284800
2007-11-21,1.5341,1.5759,1.4944,1.5125,405222400
2007-11-23,1.5469,1.5616,1.5258,1.5494,116320000
2007-11-26,1.5702,1.5877,1.4961,1.5078,315123200
2007-11-27,1.5295,1.5655,1.5081,1.5544,361331200
2007-11-28,1.6009,1.6677,1.5941,1.6477,313740800
2007-11-29,1.6406,1.6795,1.6325,1.6602,288147200
2007-11-30,1.732,1.732,1.6206,1.6478,439148800
2007-12-03,1.6291,1.657,1.612,1.6177,186739200
2007-12-04,1.5908,1.6189,1.5841,1.6022,284204800
2007-12-05,1.6453,1.6708,1.6327,1.6589,294969600
2007-12-06,1.6706,1.7091,1.6609,1.6959,244672000
2007-12-07,1.7266,1.7266,1.6898,1.7073,246080000
2007-12-10,1.71,1.7294,1.7061,1.7173,188812800
2007-12-11,1.7227,1.7408,1.6344,1.6433,340819200
2007-12-12,1.688,1.7097,1.6125,1.6653,303686400
2007-12-13,1.6405,1.6588,1.6178,1.6408,317657600
2007-12-14,1.6256,1.657,1.6142,1.6156,254803200
2007-12-17,1.6084,1.6136,1.5367,1.5416,345606400
2007-12-18,1.5709,1.5709,1.5037,1.5444,362284800
2007-12-19,1.5455,1.5648,1.5298,1.5586,329580800
2007-12-20,1.5117,1.5416,1.4859,1.5403,328115200
2007-12-21,1.5723,1.5938,1.5658,1.5938,217875200
2007-12-24,1.5881,1.6225,1.5881,1.6125,62067200
2007-12-26,1.6083,1.635,1.5948,1.6289,111123200
2007-12-27,1.6177,1.6264,1.5778,1.5836,156108800
2007-12-28,1.5981,1.6047,1.5609,1.5792,190265600
2007-12-31,1.5627,1.5811,1.5462,1.5503,148998400
2008-01-02,1.5531,1.5625,1.4816,1.5008,474828800
2008-01-03,1.4977,1.5181,1.4823,1.5094,330675200
2008-01-04,1.4602,1.462,1.368,1.3787,620403200
2008-01-07,1.3795,1.3886,1.322,1.3609,848998400
2008-01-08,1.3681,1.397,1.2941,1.2983,790464000
2008-01-09,1.3005,1.3506,1.2684,1.3398,1060332800
2008-01-10,1.3211,1.3744,1.313,1.3406,1146156800
2008-01-11,1.3406,1.3406,1.2789,1.3036,668806400
2008-01-14,1.3284,1.35,1.3125,1.3377,574457600
2008-01-15,1.3133,1.3225,1.2581,1.2766,679347200
2008-01-16,1.2498,1.2883,1.2094,1.2391,968864000
2008-01-17,1.2525,1.2698,1.1956,1.205,962131200
2008-01-18,1.2213,1.245,1.183,1.1984,866348800
2008-01-22,1.0712,1.1714,1.0523,1.1333,1192723200
2008-01-23,1.0575,1.1463,1.0083,1.1433,1652576000
2008-01-24,1.1444,1.1791,1.1337,1.1766,814208000
2008-01-25,1.2272,1.2272,1.1236,1.125,944288000
2008-01-28,1.128,1.1516,1.108,1.1422,713836800
2008-01-29,1.1591,1.1636,1.1309,1.1475,500620800
2008-01-30,1.1406,1.1969,1.1377,1.1461,832857600
2008-01-31,1.1198,1.2094,1.1178,1.1727,986067200
2008-02-01,1.2033,1.2248,1.1736,1.2109,750764800
2008-02-04,1.2097,1.2119,1.1656,1.1686,466259200
2008-02-05,1.1345,1.1584,1.107,1.113,784569600
2008-02-06,1.1214,1.1352,1.0575,1.0656,638035200
2008-02-07,1.0408,1.1139,1.0333,1.0875,1040883200
2008-02-08,1.0844,1.1133,1.0717,1.1016,685952000
2008-02-11,1.1159,1.1361,1.1017,1.1263,561113600
2008-02-12,1.1408,1.1552,1.0994,1.118,661849600
2008-02-13,1.1411,1.168,1.1319,1.1578,470393600
2008-02-14,1.1662,1.1662,1.1177,1.1213,708710400
2008-02-15,1.11,1.1214,1.0956,1.1172,494227200
2008-02-19,1.143,1.1469,1.0858,1.1066,607513600
2008-02-20,1.0852,1.1264,1.0847,1.1167,685689600
2008-02-21,1.1391,1.1442,1.0889,1.0997,594752000
2008-02-22,1.1048,1.1094,1.0603,1.1094,707392000
2008-02-25,1.1028,1.1245,1.0881,1.1139,601376000
2008-02-26,1.103,1.1458,1.0898,1.1242,669926400
2008-02-27,1.1092,1.1437,1.1044,1.1314,607328000
2008-02-28,1.1266,1.1467,1.107,1.107,550195200
2008-02-29,1.1014,1.108,1.0619,1.0741,793939200
2008-03-03,1.0652,1.0683,1.0322,1.0508,770668800
2008-03-04,1.0386,1.0698,1.0208,1.0594,1067334400
2008-03-05,1.0684,1.0938,1.0567,1.0797,991846400
2008-03-06,1.0727,1.0816,1.0222,1.0247,798937600
2008-03-07,1.0141,1.0491,0.9891,1.0192,1026643200
2008-03-10,1.0192,1.0248,0.9784,0.9786,865478400
2008-03-11,1.0113,1.0688,0.9947,1.0673,963321600
2008-03-12,1.0666,1.0859,1.0445,1.0466,734310400
2008-03-13,1.0263,1.0794,1.0064,1.0634,1361625600
2008-03-14,1.0825,1.0828,1.0022,1.0206,1296870400
2008-03-17,0.9792,1.0155,0.9689,0.9944,1173900800
2008-03-18,1.0252,1.0828,1.0177,1.0805,964576000
2008-03-19,1.0862,1.0917,1.0234,1.0266,1051552000
2008-03-20,1.0319,1.0664,1.0192,1.0556,781843200
2008-03-24,1.0755,1.1481,1.0748,1.1422,675667200
2008-03-25,1.1441,1.1633,1.1239,1.1508,666425600
2008-03-26,1.1442,1.1525,1.12,1.1281,616620800
2008-03-27,1.1311,1.1355,1.0938,1.105,647513600
2008-03-28,1.1141,1.1275,1.0755,1.0883,655161600
2008-03-31,1.0894,1.1094,1.0823,1.093,513881600
2008-04-01,1.132,1.1906,1.1289,1.1848,625817600
2008-04-02,1.1919,1.2105,1.1666,1.193,643724800
2008-04-03,1.1675,1.2041,1.1645,1.195,605100800
2008-04-04,1.2011,1.2266,1.178,1.2009,755507200
2008-04-07,1.2145,1.2295,1.1905,1.1942,670982400
2008-04-08,1.1786,1.1939,1.1658,1.1836,531545600
2008-04-09,1.1792,1.1814,1.1375,1.1578,801152000
2008-04-10,1.1534,1.1992,1.1534,1.1853,785804800
2008-04-11,1.1566,1.1608,1.1108,1.1217,1047289600
2008-04-14,1.1155,1.128,1.1027,1.1055,834406400
2008-04-15,1.118,1.1211,1.088,1.107,934470400
2008-04-16,1.1386,1.1895,1.1367,1.1889,908249600
2008-04-17,1.1752,1.1969,1.1528,1.1914,775168000
2008-04-18,1.2317,1.2523,1.2162,1.2389,1033152000
2008-04-21,1.2352,1.2602,1.2298,1.2555,628748800
2008-04-22,1.2406,1.2445,1.1992,1.2313,728972800
2008-04-23,1.2384,1.2583,1.2258,1.2444,718752000
2008-04-24,1.2509,1.2973,1.2231,1.2613,963091200
2008-04-25,1.2728,1.2737,1.232,1.2625,660928000
2008-04-28,1.2691,1.2878,1.2623,1.2669,462329600
2008-04-29,1.2616,1.2956,1.2584,1.2825,662572800
2008-04-30,1.2928,1.3116,1.2559,1.2633,844825600
2008-05-01,1.2647,1.3463,1.2647,1.3423,1120076800
2008-05-02,1.3716,1.3716,1.3255,1.357,1012832000
2008-05-05,1.3466,1.3633,1.3283,1.3395,642604800
2008-05-06,1.3322,1.3689,1.3144,1.3689,889068800
2008-05-07,1.3583,1.3734,1.2988,1.3156,1013568000
2008-05-08,1.3191,1.3438,1.3095,1.3173,1090342400
2008-05-09,1.3056,1.33,1.2995,1.3166,889708800
2008-05-12,1.3203,1.3697,1.3159,1.3658,755699200
2008-05-13,1.3666,1.3773,1.3458,1.3737,888793600
2008-05-14,1.382,1.4102,1.3606,1.3623,893184000
2008-05-15,1.3652,1.4156,1.3578,1.4156,880646400
2008-05-16,1.4188,1.4202,1.3833,1.4156,776800000
2008-05-19,1.4169,1.4405,1.377,1.4019,1040748800
2008-05-20,1.3834,1.3842,1.3523,1.3764,926176000
2008-05-21,1.3759,1.3917,1.3039,1.3198,1023104000
2008-05-22,1.3184,1.3391,1.3088,1.3172,946060800
2008-05-23,1.3117,1.3212,1.2922,1.3128,738931200
2008-05-27,1.3181,1.3622,1.3175,1.3572,792563200
2008-05-28,1.3725,1.3759,1.3433,1.373,839865600
2008-05-29,1.3709,1.4094,1.3698,1.398,882828800
2008-05-30,1.4047,1.4242,1.3975,1.4141,730227200
2008-06-02,1.4058,1.4062,1.3525,1.3823,987193600
2008-06-03,1.3873,1.4047,1.3367,1.3655,1074073600
2008-06-04,1.3533,1.4156,1.3519,1.3887,982099200
2008-06-05,1.4022,1.4461,1.3937,1.4412,902118400
2008-06-06,1.4167,1.4228,1.3458,1.3458,1139174400
2008-06-09,1.3581,1.3623,1.2944,1.3431,1036710400
2008-06-10,1.3136,1.3486,1.3072,1.3256,933209600
2008-06-11,1.3222,1.3259,1.2617,1.2648,1009939200
2008-06-12,1.2812,1.3027,1.2427,1.2672,923110400
2008-06-13,1.2808,1.3203,1.2672,1.3147,803302400
2008-06-16,1.303,1.3506,1.2997,1.3336,713766400
2008-06-17,1.3472,1.353,1.3205,1.327,659014400
2008-06-18,1.3089,1.3195,1.2853,1.2977,866617600
2008-06-19,1.2908,1.3495,1.2737,1.3344,1059968000
2008-06-20,1.3147,1.315,1.2523,1.2687,1279577600
2008-06-23,1.2744,1.2817,1.2391,1.2405,924038400
2008-06-24,1.2323,1.2606,1.2103,1.2322,938208000
2008-06-25,1.2417,1.2931,1.2378,1.2587,971648000
2008-06-26,1.2222,1.2242,1.1664,1.1697,1457721600
2008-06-27,1.1666,1.18,1.1328,1.173,1126060800
2008-06-30,1.1609,1.1772,1.1422,1.1461,830841600
2008-07-01,1.1255,1.1773,1.118,1.1761,1242892800
2008-07-02,1.1816,1.1919,1.115,1.1184,1203097600
2008-07-03,1.1322,1.1361,1.0964,1.1125,739436800
2008-07-07,1.1361,1.1553,1.0947,1.1294,1230918400
2008-07-08,1.1313,1.1827,1.1213,1.1694,1523456000
2008-07-09,1.1795,1.1847,1.1175,1.1248,1279372800
2008-07-10,1.1222,1.1514,1.0994,1.1442,1150080000
2008-07-11,1.1213,1.1439,1.0731,1.1089,1525894400
2008-07-14,1.1375,1.1394,1.0844,1.0928,1135936000
2008-07-15,1.0798,1.1261,1.0459,1.0881,1623366400
2008-07-16,1.0967,1.1475,1.0769,1.1402,1204550400
2008-07-17,1.1578,1.1703,1.1278,1.1353,1253017600
2008-07-18,1.1364,1.1364,1.1123,1.1209,938035200
2008-07-21,1.1291,1.1386,1.1037,1.1219,710099200
2008-07-22,1.0803,1.1209,1.0725,1.1209,1166649600
2008-07-23,1.1198,1.172,1.1141,1.1466,1333984000
2008-07-24,1.1575,1.1577,1.1016,1.1073,1001952000
2008-07-25,1.1258,1.1508,1.1152,1.137,740652800
2008-07-28,1.1408,1.152,1.0872,1.1025,948441600
2008-07-29,1.1075,1.152,1.1055,1.1355,920275200
2008-07-30,1.1484,1.1662,1.1191,1.155,979865600
2008-07-31,1.1316,1.1816,1.1263,1.1511,1066112000
2008-08-01,1.1516,1.153,1.095,1.1233,961113600
2008-08-04,1.12,1.1208,1.0902,1.1008,695328000
2008-08-05,1.1194,1.1727,1.1166,1.1684,883315200
2008-08-06,1.1695,1.2148,1.152,1.2034,861612800
2008-08-07,1.1905,1.2164,1.177,1.1909,841401600
2008-08-08,1.1859,1.2461,1.1809,1.2377,954188800
2008-08-11,1.2397,1.2905,1.2309,1.2609,997164800
2008-08-12,1.263,1.2839,1.25,1.2659,819052800
2008-08-13,1.2613,1.282,1.2363,1.2598,958009600
2008-08-14,1.2508,1.3002,1.2489,1.29,985248000
2008-08-15,1.2938,1.3055,1.2733,1.2908,829344000
2008-08-18,1.2908,1.2922,1.2361,1.2628,825510400
2008-08-19,1.242,1.2534,1.2089,1.2313,831500800
2008-08-20,1.2409,1.2506,1.2088,1.2242,1024723200
2008-08-21,1.2078,1.2264,1.1903,1.2097,808377600
2008-08-22,1.2267,1.257,1.2253,1.2437,689868800
2008-08-25,1.2289,1.2328,1.1892,1.1975,795360000
2008-08-26,1.1962,1.2095,1.1759,1.1927,838393600
2008-08-27,1.1922,1.2248,1.1833,1.2045,805478400
2008-08-28,1.2155,1.2345,1.2095,1.2111,680716800
2008-08-29,1.1995,1.2064,1.1642,1.1731,879635200
2008-09-02,1.212,1.222,1.1344,1.1436,1141542400
2008-09-03,1.1395,1.1494,1.107,1.1227,1236364800
2008-09-04,1.1092,1.1133,1.0473,1.0503,1763404800
2008-09-05,1.033,1.0566,1.0092,1.0467,1602617600
2008-09-08,1.0717,1.0766,1.0031,1.0348,1637305600
2008-09-09,1.0344,1.0559,0.9862,0.9959,1255411200
2008-09-10,1.0111,1.0261,0.992,1.005,890912000
2008-09-11,0.9791,1.0495,0.9781,1.0456,1328108800
2008-09-12,1.0273,1.0506,1.0125,1.0497,977753600
2008-09-15,0.99,1.0306,0.9695,0.9811,1582764800
2008-09-16,0.9461,1.007,0.9439,0.9875,2132230400
2008-09-17,0.9633,0.9719,0.8852,0.8891,2326515200
2008-09-18,0.9248,0.9609,0.8544,0.9533,2372896000
2008-09-19,1.0434,1.0469,0.9705,0.9897,1062764800
2008-09-22,0.9977,1.0008,0.9141,0.9148,1072889600
2008-09-23,0.9292,0.9505,0.8931,0.8969,1784864000
2008-09-24,0.907,0.9289,0.8959,0.9155,1331500800
2008-09-25,0.9266,0.9631,0.9189,0.9248,1528147200
2008-09-26,0.8841,0.9294,0.8814,0.9187,1254144000
2008-09-29,0.8845,0.8909,0.7312,0.7414,2718585600
2008-09-30,0.7652,0.825,0.7602,0.8184,1554534400
2008-10-01,0.8062,0.8136,0.7753,0.797,1620377600
2008-10-02,0.7837,0.7847,0.717,0.7328,1964652800
2008-10-03,0.7411,0.7794,0.6947,0.6992,2824569600
2008-10-06,0.6655,0.6697,0.573,0.6338,3916358400
2008-10-07,0.6581,0.6611,0.5694,0.5703,3110828800
2008-10-08,0.5452,0.6187,0.5387,0.5558,4987097600
2008-10-09,0.5828,0.6027,0.5061,0.5128,4425280000
2008-10-10,0.4927,0.5592,0.4555,0.5205,4740928000
2008-10-13,0.5684,0.6484,0.5537,0.6484,2673683200
2008-10-14,0.678,0.6798,0.5739,0.5883,3801804800
2008-10-15,0.5742,0.5792,0.4808,0.4808,3394016000
2008-10-16,0.4906,0.5355,0.4417,0.5355,5613836800
2008-10-17,0.5156,0.5813,0.5089,0.5344,4111097600
2008-10-20,0.5544,0.5703,0.5166,0.5703,2546252800
2008-10-21,0.5459,0.5678,0.5088,0.513,2752345600
2008-10-22,0.5031,0.5114,0.4508,0.4783,2978137600
2008-10-23,0.4753,0.4942,0.4266,0.4739,3661382400
2008-10-24,0.3997,0.4677,0.3991,0.4466,3145766400
2008-10-27,0.4338,0.4656,0.4119,0.4205,2875110400
2008-10-28,0.4489,0.5141,0.4247,0.5084,3720396800
2008-10-29,0.5145,0.5519,0.4927,0.5139,3313126400
2008-10-30,0.5392,0.5514,0.5167,0.5406,3164121600
2008-10-31,0.528,0.5639,0.5194,0.5434,2557939200
2008-11-03,0.5428,0.5536,0.5333,0.5459,1531443200
2008-11-04,0.5658,0.5827,0.5491,0.577,2004947200
2008-11-05,0.5653,0.5688,0.5117,0.5141,2146412800
2008-11-06,0.4983,0.5094,0.4628,0.4655,3151692800
2008-11-07,0.4794,0.4959,0.4691,0.4858,2520390400
2008-11-10,0.5108,0.5116,0.4622,0.4777,2019488000
2008-11-11,0.4636,0.4733,0.4414,0.4588,2901536000
2008-11-12,0.4397,0.4445,0.4097,0.4123,2894784000
2008-11-13,0.4092,0.4625,0.3702,0.4606,4739315200
2008-11-14,0.4409,0.4597,0.4125,0.4153,4017075200
2008-11-17,0.4016,0.423,0.3947,0.3992,3202387200
2008-11-18,0.4036,0.4089,0.3711,0.3956,4219782400
2008-11-19,0.3984,0.4094,0.3525,0.3547,3621836800
2008-11-20,0.3466,0.3711,0.3183,0.3223,5974124800
2008-11-21,0.3314,0.3519,0.3081,0.3477,5362598400
2008-11-24,0.3622,0.3997,0.3562,0.3891,3662035200
2008-11-25,0.3994,0.4,0.3692,0.3864,3014950400
2008-11-26,0.38,0.42,0.3773,0.4183,2864876800
2008-11-28,0.4111,0.4155,0.4053,0.4131,649408000
2008-12-01,0.3958,0.3958,0.3503,0.3517,2601382400
2008-12-02,0.3602,0.3756,0.3486,0.3742,2950828800
2008-12-03,0.355,0.397,0.3533,0.393,3620761600
2008-12-04,0.3812,0.3991,0.3591,0.3719,3048198400
2008-12-05,0.3647,0.4053,0.3497,0.4017,3368147200
2008-12-08,0.4195,0.445,0.4166,0.4336,2821516800
2008-12-09,0.4222,0.4558,0.4192,0.4302,2766342400
2008-12-10,0.4353,0.445,0.4211,0.4297,2192640000
2008-12-11,0.4266,0.4395,0.4017,0.4059,1909267200
2008-12-12,0.3947,0.427,0.3884,0.4217,2646476800
2008-12-15,0.4236,0.4247,0.395,0.407,1780428800
2008-12-16,0.4453,0.4487,0.4141,0.4453,2131968000
2008-12-17,0.437,0.4472,0.4247,0.4348,1832435200
2008-12-18,0.4356,0.4411,0.4114,0.4208,1739680000
2008-12-19,0.4294,0.4411,0.4238,0.4255,1661164800
2008-12-22,0.4267,0.4288,0.3942,0.4089,1603526400
2008-12-23,0.4102,0.4192,0.3986,0.4038,1478828800
2008-12-24,0.4075,0.4078,0.4014,0.4048,361849600
2008-12-26,0.4083,0.4083,0.4013,0.4052,294259200
2008-12-29,0.4075,0.4084,0.3867,0.3948,872089600
2008-12-30,0.3998,0.4169,0.3991,0.4128,1143532800
2008-12-31,0.4133,0.4311,0.4128,0.4202,1261484800
2009-01-02,0.4231,0.4606,0.4205,0.4572,1475475200
2009-01-05,0.4523,0.4677,0.4459,0.4572,1725651200
2009-01-06,0.4659,0.4758,0.4609,0.4666,2101619200
2009-01-07,0.4516,0.4542,0.4336,0.4405,1636352000
2009-01-08,0.4373,0.4508,0.4306,0.45,1744870400
2009-01-09,0.4511,0.4512,0.4259,0.43,1596710400
2009-01-12,0.4309,0.4317,0.4056,0.4141,1513324800
2009-01-13,0.4142,0.4266,0.4042,0.4136,1681273600
2009-01-14,0.4031,0.407,0.3844,0.3887,1874438400
2009-01-15,0.3867,0.4078,0.3739,0.4002,2477337600
2009-01-16,0.4131,0.4152,0.3908,0.4102,2330841600
2009-01-20,0.4064,0.41,0.3694,0.3711,2157945600
2009-01-21,0.3812,0.4013,0.3728,0.3995,2047974400
2009-01-22,0.3833,0.4023,0.3762,0.3911,2054265600
2009-01-23,0.3778,0.4055,0.373,0.3927,2100006400
2009-01-26,0.3953,0.4123,0.3895,0.3986,1928780800
2009-01-27,0.3997,0.4116,0.3992,0.4052,1643763200
2009-01-28,0.4191,0.4414,0.4184,0.4322,2317088000
2009-01-29,0.4223,0.4245,0.4086,0.4114,1822316800
2009-01-30,0.4177,0.4208,0.3934,0.3958,1857670400
2009-02-02,0.3884,0.4117,0.388,0.4061,1807820800
2009-02-03,0.4077,0.4219,0.3961,0.4191,1952128000
2009-02-04,0.4203,0.4395,0.4167,0.4194,2168153600
2009-02-05,0.407,0.4441,0.407,0.4384,2627801600
2009-02-06,0.4428,0.4655,0.4391,0.4608,2390707200
2009-02-09,0.462,0.4703,0.4563,0.4659,1966048000
2009-02-10,0.4594,0.4705,0.4244,0.4309,3138188800
2009-02-11,0.4308,0.4361,0.4141,0.4278,2021523200
2009-02-12,0.4169,0.4383,0.4112,0.4375,2845056000
2009-02-13,0.4344,0.4433,0.4297,0.4328,2116345600
2009-02-17,0.4059,0.4117,0.3947,0.4,2483891200
2009-02-18,0.4045,0.4111,0.3894,0.3989,2430355200
2009-02-19,0.4042,0.4094,0.3852,0.3875,2036998400
2009-02-20,0.3783,0.397,0.3766,0.3886,2976972800
2009-02-23,0.3938,0.3942,0.3586,0.3619,2659417600
2009-02-24,0.3658,0.3909,0.3647,0.3844,2595270400
2009-02-25,0.3817,0.3959,0.3686,0.38,3262988800
2009-02-26,0.3847,0.3898,0.3591,0.3594,2592627200
2009-02-27,0.3517,0.3641,0.3487,0.3519,2482489600
2009-03-02,0.3417,0.3516,0.3252,0.3297,2789760000
2009-03-03,0.3352,0.3425,0.3241,0.3291,2486412800
2009-03-04,0.3386,0.3558,0.3366,0.3458,2718470400
2009-03-05,0.3386,0.3442,0.3234,0.3258,2543084800
2009-03-06,0.3292,0.3334,0.3063,0.3208,2782803200
2009-03-09,0.3145,0.3327,0.3041,0.3063,2662112000
2009-03-10,0.3191,0.3453,0.3166,0.3436,2659622400
2009-03-11,0.353,0.3609,0.3431,0.3539,2692896000
2009-03-12,0.3545,0.3803,0.347,0.3778,2623270400
2009-03-13,0.3789,0.383,0.3691,0.3806,2145433600
2009-03-16,0.3842,0.3866,0.3652,0.3667,2177203200
2009-03-17,0.3716,0.3947,0.3684,0.3944,1769350400
2009-03-18,0.3922,0.4186,0.3884,0.4044,3108902400
2009-03-19,0.417,0.4172,0.3988,0.4042,2050752000
2009-03-20,0.4053,0.4153,0.3867,0.3925,1976985600
2009-03-23,0.4106,0.4389,0.4041,0.4387,2146688000
2009-03-24,0.4314,0.4378,0.4219,0.4233,1861984000
2009-03-25,0.4291,0.4417,0.4038,0.4261,2333324800
2009-03-26,0.4381,0.4531,0.4339,0.4528,2657696000
2009-03-27,0.4423,0.4453,0.4319,0.4347,1868876800
2009-03-30,0.4202,0.4206,0.4017,0.4127,1966278400
2009-03-31,0.4211,0.4383,0.4197,0.422,1843731200
2009-04-01,0.4102,0.4359,0.4062,0.4338,1945958400
2009-04-02,0.4492,0.4752,0.4461,0.4616,2867379200
2009-04-03,0.4695,0.4792,0.463,0.4784,1767468800
2009-04-06,0.4666,0.4775,0.4575,0.4756,1833568000
2009-04-07,0.465,0.465,0.4445,0.4495,1613017600
2009-04-08,0.4594,0.4711,0.4528,0.4666,1609676800
2009-04-09,0.483,0.4966,0.4802,0.4945,1943648000
2009-04-13,0.4898,0.4984,0.4823,0.4933,1383603200
2009-04-14,0.487,0.4927,0.4748,0.4806,1497120000
2009-04-15,0.4739,0.48,0.4625,0.48,1583974400
2009-04-16,0.4909,0.5086,0.482,0.5038,1849260800
2009-04-17,0.5006,0.5106,0.4938,0.5041,1452729600
2009-04-20,0.4863,0.4902,0.4672,0.4716,1469632000
2009-04-21,0.468,0.487,0.4672,0.4852,1668038400
2009-04-22,0.48,0.5106,0.4769,0.4895,2092883200
2009-04-23,0.4953,0.4997,0.4798,0.4997,1472755200
2009-04-24,0.5056,0.5227,0.4972,0.5163,1593561600
2009-04-27,0.5069,0.5269,0.5055,0.5167,1499513600
2009-04-28,0.51,0.5225,0.5053,0.5095,1285670400
2009-04-29,0.517,0.5372,0.5156,0.5231,1645292800
2009-04-30,0.5367,0.5527,0.5261,0.5331,1807251200
2009-05-01,0.5337,0.5412,0.525,0.5359,1289958400
2009-05-04,0.5462,0.5591,0.5411,0.5586,1297952000
2009-05-05,0.5558,0.5575,0.5441,0.5569,1117676800
2009-05-06,0.5656,0.5664,0.5389,0.5567,1682528000
2009-05-07,0.5636,0.5645,0.5206,0.5302,1719552000
2009-05-08,0.5356,0.5469,0.5208,0.532,1620915200
2009-05-11,0.5169,0.5461,0.5141,0.5353,1182342400
2009-05-12,0.5378,0.5391,0.5091,0.522,1319705600
2009-05-13,0.513,0.5134,0.4925,0.4931,1499219200
2009-05-14,0.4963,0.5139,0.4956,0.5038,1184128000
2009-05-15,0.5031,0.5175,0.4998,0.5027,1045017600
2009-05-18,0.5108,0.5311,0.5048,0.5294,923884800
2009-05-19,0.527,0.5455,0.5214,0.5355,1040729600
2009-05-20,0.5395,0.5552,0.5284,0.5311,1440819200
2009-05-21,0.5241,0.5302,0.5016,0.5117,1177772800
2009-05-22,0.5159,0.5216,0.5017,0.5078,789382400
2009-05-26,0.4975,0.5473,0.4973,0.5466,1449804800
2009-05-27,0.543,0.5586,0.535,0.5375,1290848000
2009-05-28,0.5459,0.5548,0.5284,0.552,1210444800
2009-05-29,0.5523,0.5652,0.5452,0.5641,1094265600
2009-06-01,0.5763,0.6008,0.5727,0.5981,1440185600
2009-06-02,0.5903,0.6102,0.5883,0.5981,1315769600
2009-06-03,0.5942,0.5966,0.582,0.5966,1234854400
2009-06-04,0.5977,0.6095,0.5956,0.6086,1252921600
2009-06-05,0.6158,0.6197,0.5977,0.6102,1269100800
2009-06-08,0.6019,0.615,0.588,0.6055,1068640000
2009-06-09,0.6119,0.6225,0.6059,0.6156,1092236800
2009-06-10,0.6228,0.6233,0.5934,0.6108,1295692800
2009-06-11,0.6087,0.6247,0.6087,0.6102,1083513600
2009-06-12,0.6058,0.6073,0.5905,0.6058,968550400
2009-06-15,0.5939,0.5945,0.5703,0.5797,1067923200
2009-06-16,0.5856,0.5897,0.5683,0.5695,1090803200
2009-06-17,0.5728,0.5903,0.5658,0.5791,1480448000
2009-06-18,0.5778,0.5853,0.5698,0.5761,898086400
2009-06-19,0.5852,0.5962,0.582,0.5891,957408000
2009-06-22,0.5781,0.5811,0.5527,0.5558,1129862400
2009-06-23,0.5589,0.5605,0.545,0.5527,1088000000
2009-06-24,0.5617,0.5794,0.5609,0.5706,989632000
2009-06-25,0.5642,0.5953,0.5609,0.5939,1075027200
2009-06-26,0.5873,0.5995,0.5855,0.5961,890060800
2009-06-29,0.5977,0.6078,0.5877,0.5978,800243200
2009-06-30,0.6019,0.6077,0.587,0.5953,1058643200
2009-07-01,0.6009,0.6111,0.5961,0.5962,907660800
2009-07-02,0.5866,0.5866,0.5672,0.5706,689958400
2009-07-06,0.5638,0.5684,0.5527,0.5653,716096000
2009-07-07,0.5645,0.5667,0.5361,0.537,1064294400
2009-07-08,0.5423,0.5466,0.5294,0.5419,1116870400
2009-07-09,0.5448,0.5511,0.54,0.543,738579200
2009-07-10,0.5398,0.5548,0.5373,0.5484,918297600
2009-07-13,0.5497,0.5694,0.5345,0.5688,700371200
2009-07-14,0.5672,0.5756,0.5634,0.5728,594323200
2009-07-15,0.5923,0.6122,0.587,0.6109,867648000
2009-07-16,0.6061,0.6288,0.6056,0.6256,900710400
2009-07-17,0.6261,0.6334,0.6202,0.6323,669363200
2009-07-20,0.6392,0.6481,0.635,0.6447,854054400
2009-07-21,0.6503,0.6547,0.6356,0.6547,904377600
2009-07-22,0.6555,0.6716,0.6523,0.6641,907430400
2009-07-23,0.6627,0.6992,0.6612,0.6941,1230208000
2009-07-24,0.6795,0.6947,0.6741,0.6934,875334400
2009-07-27,0.6933,0.6967,0.6777,0.6945,850739200
2009-07-28,0.688,0.7027,0.6795,0.6991,1101216000
2009-07-29,0.6927,0.6967,0.6819,0.6934,737420800
2009-07-30,0.7081,0.7234,0.6998,0.7014,1027475200
2009-07-31,0.7019,0.7117,0.6961,0.6966,804672000
2009-08-03,0.713,0.7192,0.7047,0.7177,821120000
2009-08-04,0.7122,0.7234,0.7088,0.7172,738816000
2009-08-05,0.7216,0.7219,0.6977,0.7073,918073600
2009-08-06,0.7098,0.7145,0.69,0.695,815564800
2009-08-07,0.7139,0.7191,0.7023,0.7109,834496000
2009-08-10,0.7069,0.7109,0.6933,0.7033,613286400
2009-08-11,0.6958,0.6989,0.6828,0.6906,802438400
2009-08-12,0.6891,0.7239,0.6883,0.7119,865497600
2009-08-13,0.7198,0.722,0.7033,0.7191,734745600
2009-08-14,0.713,0.7152,0.6905,0.7027,659929600
2009-08-17,0.6805,0.6805,0.6614,0.6617,836396800
2009-08-18,0.67,0.6834,0.6667,0.6803,552870400
2009-08-19,0.6656,0.6936,0.6637,0.6898,616915200
2009-08-20,0.6895,0.7092,0.687,0.7066,541452800
2009-08-21,0.7153,0.728,0.7063,0.7241,713913600
2009-08-24,0.7278,0.7353,0.7188,0.723,703827200
2009-08-25,0.7278,0.7419,0.7239,0.7278,714003200
2009-08-26,0.7255,0.7366,0.7178,0.7259,665760000
2009-08-27,0.7259,0.7314,0.703,0.7289,697203200
2009-08-28,0.7462,0.7538,0.7208,0.7306,834809600
2009-08-31,0.7198,0.7219,0.7072,0.7152,605267200
2009-09-01,0.7102,0.7358,0.685,0.6886,1140915200
2009-09-02,0.6825,0.6955,0.6806,0.6872,685971200
2009-09-03,0.6942,0.6989,0.68,0.6966,508556800
2009-09-04,0.6991,0.7277,0.6973,0.7259,589465600
2009-09-08,0.7378,0.7417,0.7305,0.7405,450502400
2009-09-09,0.7406,0.7603,0.7352,0.7528,695750400
2009-09-10,0.7539,0.7688,0.7498,0.7669,523660800
2009-09-11,0.7689,0.7722,0.7577,0.7681,577024000
2009-09-14,0.758,0.7755,0.7573,0.7742,530265600
2009-09-15,0.7739,0.7848,0.7708,0.7794,651955200
2009-09-16,0.7858,0.8045,0.7808,0.8022,640851200
2009-09-17,0.7986,0.8114,0.7945,0.8016,708736000
2009-09-18,0.8092,0.8109,0.7962,0.8055,465196800
2009-09-21,0.7966,0.8141,0.7937,0.8089,515968000
2009-09-22,0.8188,0.8192,0.8066,0.8123,544307200
2009-09-23,0.8191,0.8323,0.802,0.8039,875520000
2009-09-24,0.8111,0.8139,0.7792,0.7902,662336000
2009-09-25,0.7794,0.7906,0.7723,0.7764,590489600
2009-09-28,0.7848,0.8119,0.7833,0.8027,446092800
2009-09-29,0.8023,0.8109,0.7886,0.7959,533849600
2009-09-30,0.802,0.8098,0.7723,0.7964,874406400
2009-10-01,0.7911,0.7922,0.75,0.75,764659200
2009-10-02,0.7397,0.7583,0.7392,0.7448,680972800
2009-10-05,0.7528,0.7641,0.7434,0.7572,556038400
2009-10-06,0.765,0.7909,0.7648,0.7834,782726400
2009-10-07,0.7819,0.7889,0.778,0.788,514700800
2009-10-08,0.7977,0.8092,0.7917,0.7952,578201600
2009-10-09,0.7914,0.8067,0.7886,0.8033,382720000
2009-10-12,0.8108,0.8189,0.7969,0.8072,377670400
2009-10-13,0.8059,0.8141,0.8,0.807,437312000
2009-10-14,0.8275,0.8317,0.8184,0.8292,567334400
2009-10-15,0.8203,0.8284,0.8186,0.8263,500947200
2009-10-16,0.8205,0.823,0.8041,0.8156,632384000
2009-10-19,0.8167,0.8331,0.8081,0.8306,553945600
2009-10-20,0.8405,0.8409,0.8214,0.8316,606630400
2009-10-21,0.8309,0.8544,0.8256,0.8283,752947200
2009-10-22,0.8258,0.8419,0.8153,0.8356,638124800
2009-10-23,0.85,0.8514,0.8239,0.8289,797702400
2009-10-26,0.8294,0.8523,0.8153,0.823,875782400
2009-10-27,0.8209,0.8273,0.792,0.7986,1075820800
2009-10-28,0.7922,0.7967,0.7589,0.7622,975084800
2009-10-29,0.7722,0.7912,0.7677,0.7873,686060800
2009-10-30,0.7866,0.79,0.7441,0.7453,1137433600
2009-11-02,0.747,0.7675,0.7339,0.7513,1087539200
2009-11-03,0.7458,0.7584,0.7409,0.7564,779769600
2009-11-04,0.7647,0.7784,0.757,0.7589,772992000
2009-11-05,0.7761,0.7981,0.7752,0.7956,564224000
2009-11-06,0.7891,0.8073,0.7861,0.8055,545548800
2009-11-09,0.8173,0.84,0.8163,0.84,539545600
2009-11-10,0.838,0.8495,0.8358,0.8427,562867200
2009-11-11,0.8562,0.8642,0.8441,0.8542,626726400
2009-11-12,0.8559,0.8653,0.8414,0.8453,650150400
2009-11-13,0.85,0.8637,0.8447,0.8595,488224000
2009-11-16,0.8667,0.8844,0.8637,0.877,540908800
2009-11-17,0.872,0.882,0.8681,0.8817,521804800
2009-11-18,0.8769,0.8781,0.8606,0.8727,541766400
2009-11-19,0.8608,0.8611,0.8328,0.8445,722201600
2009-11-20,0.8355,0.8405,0.83,0.8372,402931200
2009-11-23,0.8522,0.8717,0.8522,0.8625,552499200
2009-11-24,0.8625,0.8631,0.847,0.857,463801600
2009-11-25,0.8627,0.8659,0.8578,0.8642,264486400
2009-11-27,0.818,0.8506,0.8148,0.8384,394336000
2009-11-30,0.8342,0.8425,0.8233,0.8394,459718400
2009-12-01,0.8527,0.8686,0.8522,0.8572,465657600
2009-12-02,0.863,0.8759,0.8566,0.8602,475456000
2009-12-03,0.8669,0.8764,0.8522,0.8531,494963200
2009-12-04,0.8745,0.8852,0.8438,0.8616,768160000
2009-12-07,0.86,0.868,0.8498,0.8531,384108800
2009-12-08,0.8444,0.8567,0.8289,0.8427,519616000
2009-12-09,0.8414,0.8614,0.8306,0.8595,546700800
2009-12-10,0.8662,0.8778,0.8662,0.8683,416896000
2009-12-11,0.8773,0.8795,0.855,0.862,403827200
2009-12-14,0.8734,0.88,0.8641,0.8778,308512000
2009-12-15,0.8727,0.8827,0.8631,0.8686,294547200
2009-12-16,0.875,0.8838,0.8677,0.8709,326617600
2009-12-17,0.8633,0.8645,0.8472,0.85,382662400
2009-12-18,0.8648,0.8773,0.8594,0.8766,371008000
2009-12-21,0.8853,0.9031,0.8853,0.8969,373286400
2009-12-22,0.9019,0.9112,0.8998,0.9075,303424000
2009-12-23,0.9112,0.9209,0.9064,0.9203,303033600
2009-12-24,0.9234,0.9375,0.9225,0.9372,163264000
2009-12-28,0.9416,0.9503,0.9358,0.9466,257932800
2009-12-29,0.947,0.9488,0.9381,0.9392,185433600
2009-12-30,0.9375,0.9484,0.9367,0.9447,328441600
2009-12-31,0.9484,0.9494,0.9252,0.9294,245497600
2010-01-04,0.9505,0.957,0.9486,0.9542,328230400
2010-01-05,0.9541,0.9583,0.9445,0.9548,325196800
2010-01-06,0.9539,0.9603,0.9406,0.9444,440864000
2010-01-07,0.9456,0.9483,0.9342,0.9445,328576000
2010-01-08,0.9394,0.9602,0.935,0.9598,322451200
2010-01-11,0.9627,0.9641,0.9425,0.9528,412710400
2010-01-12,0.9405,0.9433,0.9183,0.9291,566784000
2010-01-13,0.9344,0.957,0.9214,0.9513,566483200
2010-01-14,0.9472,0.9583,0.9461,0.9525,367180800
2010-01-15,0.9556,0.9595,0.9231,0.9312,603424000
2010-01-19,0.9348,0.9625,0.9345,0.9605,341350400
2010-01-20,0.9473,0.948,0.9131,0.9336,603532800
2010-01-21,0.9386,0.9508,0.9081,0.9153,999916800
2010-01-22,0.9097,0.9152,0.8575,0.8627,964006400
2010-01-25,0.8712,0.8791,0.8605,0.8677,584448000
2010-01-26,0.8669,0.8905,0.8578,0.8695,503206400
2010-01-27,0.8669,0.8886,0.8558,0.8825,632224000
2010-01-28,0.8712,0.8728,0.8286,0.8384,932531200
2010-01-29,0.8503,0.8556,0.8022,0.8084,986380800
2010-02-01,0.8128,0.8267,0.8119,0.8253,573958400
2010-02-02,0.8283,0.8456,0.8172,0.8405,474022400
2010-02-03,0.833,0.8533,0.8317,0.8502,507424000
2010-02-04,0.838,0.8411,0.8011,0.8019,839059200
2010-02-05,0.8059,0.8155,0.782,0.8133,1072064000
2010-02-08,0.8125,0.8219,0.8014,0.803,682425600
2010-02-09,0.8214,0.8339,0.8059,0.8195,816217600
2010-02-10,0.8195,0.8269,0.8055,0.8161,485977600
2010-02-11,0.8159,0.8445,0.8059,0.84,557747200
2010-02-12,0.8252,0.8481,0.8217,0.8441,661081600
2010-02-16,0.8553,0.8664,0.847,0.8653,337004800
2010-02-17,0.8725,0.8748,0.8628,0.8745,354073600
2010-02-18,0.8736,0.8891,0.8703,0.8858,313619200
2010-02-19,0.883,0.8938,0.8767,0.8847,400153600
2010-02-22,0.8927,0.8928,0.875,0.8809,348697600
2010-02-23,0.8797,0.8814,0.8505,0.8586,473395200
2010-02-24,0.8673,0.883,0.8647,0.8755,398432000
2010-02-25,0.857,0.8794,0.8455,0.8773,528851200
2010-02-26,0.8753,0.8856,0.8675,0.8825,403936000
2010-03-01,0.8891,0.9108,0.8891,0.9073,348070400
2010-03-02,0.9133,0.9248,0.9092,0.9128,506035200
2010-03-03,0.9175,0.9237,0.9083,0.915,345363200
2010-03-04,0.9167,0.9231,0.907,0.9208,292128000
2010-03-05,0.9356,0.9516,0.9309,0.948,413708800
2010-03-08,0.9497,0.9567,0.9489,0.9523,282956800
2010-03-09,0.9467,0.9734,0.9467,0.9653,471680000
2010-03-10,0.9636,0.983,0.9634,0.9784,436076800
2010-03-11,0.9745,0.9858,0.9706,0.9855,371385600
2010-03-12,0.9925,0.9925,0.9784,0.9869,391430400
2010-03-15,0.9819,0.9869,0.968,0.9828,318368000
2010-03-16,0.9872,0.9967,0.9812,0.9948,357785600
2010-03-17,0.9962,1.0087,0.9931,0.9984,386912000
2010-03-18,1.0011,1.0078,0.9962,1.0055,339347200
2010-03-19,0.9939,1.013,0.9866,0.9939,445228800
2010-03-22,0.9859,1.0195,0.9837,1.0117,368710400
2010-03-23,1.0156,1.0272,1.0053,1.0263,371296000
2010-03-24,1.0219,1.022,1.0113,1.0164,317388800
2010-03-25,1.0323,1.0402,1.0109,1.012,499904000
2010-03-26,1.0208,1.0286,1.0039,1.0156,408416000
2010-03-29,1.025,1.0317,1.0192,1.0247,274681600
2010-03-30,1.0297,1.0378,1.0175,1.0312,277843200
2010-03-31,1.0242,1.0331,1.0173,1.0225,349491200
2010-04-01,1.0292,1.0441,1.0055,1.0216,415923200
2010-04-05,1.0253,1.0447,1.0205,1.0397,266483200
2010-04-06,1.035,1.0522,1.0308,1.0455,311129600
2010-04-07,1.0436,1.0512,1.0298,1.0416,550726400
2010-04-08,1.0353,1.0488,1.0241,1.0445,359904000
2010-04-09,1.0469,1.0586,1.0411,1.0575,287219200
2010-04-12,1.0592,1.0652,1.0544,1.0591,269728000
2010-04-13,1.0572,1.0716,1.0508,1.07,307072000
2010-04-14,1.0806,1.0961,1.0783,1.0958,381024000
2010-04-15,1.0944,1.1081,1.0941,1.1053,393657600
2010-04-16,1.0977,1.105,1.0647,1.0792,999302400
2010-04-19,1.0714,1.0844,1.0514,1.0773,598419200
2010-04-20,1.0889,1.0936,1.0745,1.0886,424723200
2010-04-21,1.1023,1.1077,1.0873,1.1008,548140800
2010-04-22,1.0797,1.1147,1.067,1.1123,721132800
2010-04-23,1.1125,1.1241,1.1036,1.1219,537888000
2010-04-26,1.1227,1.128,1.1127,1.1164,439411200
2010-04-27,1.1086,1.1177,1.0641,1.0705,973030400
2010-04-28,1.0812,1.0822,1.0541,1.0714,747993600
2010-04-29,1.0814,1.1122,1.0814,1.1075,405158400
2010-04-30,1.1066,1.1109,1.0627,1.0656,484979200
2010-05-03,1.0728,1.1045,1.0727,1.0942,361849600
2010-05-04,1.0664,1.0675,1.0133,1.0281,715129600
2010-05-05,1.0087,1.0311,0.995,1.0181,731417600
2010-05-06,1.0059,1.0237,0.7522,0.9508,1123078400
2010-05-07,0.9353,0.9589,0.8642,0.905,1490803200
2010-05-10,0.9817,0.9977,0.9778,0.9953,589920000
2010-05-11,0.9773,1.0219,0.9725,0.9942,573747200
2010-05-12,1.0042,1.0331,1.0013,1.0312,476441600
2010-05-13,1.0231,1.0391,0.9942,0.9991,530073600
2010-05-14,0.9844,0.9852,0.9378,0.9616,768224000
2010-05-17,0.9655,0.9745,0.9255,0.9675,538035200
2010-05-18,0.9827,0.987,0.9316,0.9408,705484800
2010-05-19,0.9331,0.9481,0.9042,0.9242,779827200
2010-05-20,0.8892,0.8934,0.8523,0.8575,1186252800
2010-05-21,0.8289,0.8873,0.8228,0.8752,1011052800
2010-05-24,0.8739,0.8938,0.8672,0.8672,668179200
2010-05-25,0.83,0.8717,0.8125,0.8692,869248000
2010-05-26,0.8808,0.903,0.8469,0.8481,659609600
2010-05-27,0.888,0.9148,0.8842,0.9147,600940800
2010-05-28,0.917,0.9186,0.8875,0.903,505446400
2010-06-01,0.8977,0.9291,0.8844,0.8856,613779200
2010-06-02,0.897,0.9297,0.8848,0.9291,454592000
2010-06-03,0.9337,0.9498,0.9219,0.9455,489971200
2010-06-04,0.9067,0.9302,0.875,0.8833,932800000
2010-06-07,0.8909,0.8956,0.8472,0.8503,568774400
2010-06-08,0.853,0.8573,0.8233,0.8467,793881600
2010-06-09,0.8577,0.8737,0.8267,0.8317,502067200
2010-06-10,0.853,0.8809,0.8477,0.8791,377747200
2010-06-11,0.8623,0.8977,0.8619,0.8955,392499200
2010-06-14,0.9125,0.925,0.893,0.8956,416998400
2010-06-15,0.9048,0.9459,0.9034,0.9433,344870400
2010-06-16,0.9383,0.9606,0.935,0.9523,455020800
2010-06-17,0.9617,0.9628,0.9409,0.9578,422809600
2010-06-18,0.962,0.9727,0.9534,0.9605,312044800
2010-06-21,0.9833,0.9866,0.9316,0.9466,515155200
2010-06-22,0.9506,0.9645,0.9245,0.928,460352000
2010-06-23,0.9302,0.937,0.9058,0.9214,485587200
2010-06-24,0.9122,0.9181,0.8863,0.8927,555456000
2010-06-25,0.8983,0.9047,0.8766,0.8891,475219200
2010-06-28,0.89,0.9,0.8711,0.8836,369177600
2010-06-29,0.8562,0.8572,0.803,0.8155,779296000
2010-06-30,0.81,0.8258,0.7867,0.7906,528710400
2010-07-01,0.7944,0.7987,0.7553,0.7859,787232000
2010-07-02,0.7881,0.7961,0.7669,0.7814,488972800
2010-07-06,0.8037,0.8138,0.7725,0.7855,528659200
2010-07-07,0.7908,0.8373,0.7892,0.8353,507372800
2010-07-08,0.8487,0.8517,0.825,0.8441,404166400
2010-07-09,0.8444,0.8611,0.8403,0.8609,346713600
2010-07-12,0.8595,0.8766,0.8545,0.8656,376147200
2010-07-13,0.8805,0.895,0.868,0.8869,490700800
2010-07-14,0.8917,0.907,0.8844,0.8972,426745600
2010-07-15,0.8931,0.9039,0.8747,0.8994,472128000
2010-07-16,0.8919,0.8947,0.8475,0.8498,554016000
2010-07-19,0.8545,0.8669,0.8398,0.8636,374937600
2010-07-20,0.8348,0.8842,0.8302,0.8834,453990400
2010-07-21,0.9036,0.9038,0.857,0.8605,551955200
2010-07-22,0.8845,0.9117,0.8831,0.9036,441241600
2010-07-23,0.892,0.9164,0.8883,0.9152,457235200
2010-07-26,0.9183,0.9309,0.9091,0.9294,417894400
2010-07-27,0.9397,0.9413,0.9211,0.9287,385216000
2010-07-28,0.9273,0.9358,0.9078,0.9145,337273600
2010-07-29,0.9242,0.9286,0.8828,0.9008,471974400
2010-07-30,0.8875,0.9161,0.8758,0.9053,494995200
2010-08-02,0.9275,0.9434,0.9206,0.9384,276499200
2010-08-03,0.9369,0.94,0.9219,0.9311,295987200
2010-08-04,0.9395,0.9516,0.9317,0.95,324870400
2010-08-05,0.9408,0.9486,0.9328,0.9455,214611200
2010-08-06,0.9242,0.9459,0.9136,0.9423,395404800
2010-08-09,0.9519,0.9594,0.9434,0.9544,227161600
2010-08-10,0.9402,0.9494,0.9227,0.9395,435065600
2010-08-11,0.908,0.908,0.8795,0.8875,441561600
2010-08-12,0.8541,0.8805,0.8497,0.8725,439008000
2010-08-13,0.8669,0.8736,0.8603,0.8603,275264000
2010-08-16,0.8512,0.8755,0.8444,0.8636,314867200
2010-08-17,0.8758,0.9013,0.8727,0.8855,326419200
2010-08-18,0.8828,0.9031,0.8753,0.892,334668800
2010-08-19,0.8822,0.8889,0.8536,0.8653,435212800
2010-08-20,0.8627,0.8717,0.8531,0.8675,342144000
2010-08-23,0.8802,0.8839,0.8503,0.8505,343635200
2010-08-24,0.8327,0.837,0.812,0.8197,515264000
2010-08-25,0.8077,0.8419,0.8048,0.8342,487040000
2010-08-26,0.8411,0.8442,0.813,0.815,465657600
2010-08-27,0.8269,0.838,0.7933,0.8355,565452800
2010-08-30,0.827,0.8413,0.8169,0.8173,343564800
2010-08-31,0.8086,0.8258,0.8012,0.8128,620857600
2010-09-01,0.835,0.8653,0.8342,0.8594,467296000
2010-09-02,0.8627,0.8797,0.8584,0.8794,312345600
2010-09-03,0.8973,0.9094,0.8905,0.9094,395308800
2010-09-07,0.9008,0.9087,0.893,0.8959,337491200
2010-09-08,0.9013,0.9252,0.9006,0.9172,337536000
2010-09-09,0.9339,0.9353,0.9203,0.9241,295078400
2010-09-10,0.9269,0.9337,0.9177,0.9308,242131200
2010-09-13,0.9461,0.9617,0.9452,0.9575,272281600
2010-09-14,0.9547,0.975,0.9503,0.9652,358387200
2010-09-15,0.9605,0.9792,0.9545,0.9775,304512000
2010-09-16,0.9747,0.9866,0.9688,0.985,286163200
2010-09-17,0.9978,0.9981,0.9822,0.9914,450144000
2010-09-20,0.9992,1.0303,0.997,1.0259,360742400
2010-09-21,1.0269,1.0406,1.0175,1.0236,645292800
2010-09-22,1.0175,1.0344,1.0094,1.0202,479168000
2010-09-23,1.0077,1.0402,1.0053,1.0194,544032000
2010-09-24,1.0431,1.0622,1.0398,1.0605,392294400
2010-09-27,1.0605,1.0648,1.0481,1.0495,381331200
2010-09-28,1.0548,1.0559,1.0158,1.0511,636076800
2010-09-29,1.0455,1.0553,1.0378,1.045,341593600
2010-09-30,1.0567,1.0688,1.0223,1.0358,517926400
2010-10-01,1.0528,1.0555,1.0239,1.0336,369107200
2010-10-04,1.0273,1.0347,0.9994,1.0109,388454400
2010-10-05,1.0341,1.0639,1.0325,1.0595,366233600
2010-10-06,1.0573,1.062,1.0284,1.0427,479635200
2010-10-07,1.0542,1.055,1.032,1.0484,370163200
2010-10-08,1.0506,1.0688,1.0358,1.0612,446214400
2010-10-11,1.0645,1.075,1.0581,1.0644,250835200
2010-10-12,1.0612,1.0834,1.043,1.08,415667200
2010-10-13,1.0914,1.1066,1.0861,1.0967,349728000
2010-10-14,1.0977,1.1017,1.0814,1.0925,357203200
2010-10-15,1.1195,1.1386,1.1016,1.1386,483948800
2010-10-18,1.14,1.1484,1.1313,1.1353,383520000
2010-10-19,1.1083,1.1273,1.0914,1.1083,562809600
2010-10-20,1.1155,1.1414,1.1113,1.1245,411257600
2010-10-21,1.1391,1.1481,1.1075,1.1291,427968000
2010-10-22,1.1302,1.147,1.1261,1.1447,251724800
2010-10-25,1.1534,1.1706,1.1534,1.1541,336550400
2010-10-26,1.1433,1.167,1.1347,1.1609,317593600
2010-10-27,1.1502,1.1706,1.1458,1.1692,347468800
2010-10-28,1.1788,1.1803,1.1539,1.1738,349484800
2010-10-29,1.1725,1.1822,1.168,1.1698,281113600
2010-11-01,1.1775,1.1941,1.1597,1.1702,355564800
2010-11-02,1.19,1.2017,1.1861,1.1947,269388800
2010-11-03,1.1978,1.207,1.1761,1.2064,482003200
2010-11-04,1.2334,1.2445,1.2281,1.2348,448454400
2010-11-05,1.2366,1.242,1.2286,1.2352,332531200
2010-11-08,1.2313,1.242,1.2253,1.2383,171699200
2010-11-09,1.2481,1.2527,1.2144,1.2227,302252800
2010-11-10,1.2287,1.24,1.2092,1.2188,310252800
2010-11-11,1.2,1.2261,1.1891,1.2217,301350400
2010-11-12,1.2097,1.2192,1.1638,1.1806,396966400
2010-11-15,1.1939,1.1986,1.1722,1.1733,227020800
2010-11-16,1.1553,1.1697,1.1245,1.1339,441824000
2010-11-17,1.1355,1.1527,1.1298,1.1402,332787200
2010-11-18,1.1655,1.1931,1.1644,1.1767,310598400
2010-11-19,1.1739,1.1847,1.1645,1.1784,284230400
2010-11-22,1.1697,1.1991,1.1656,1.1991,387603200
2010-11-23,1.1748,1.178,1.1475,1.1616,390035200
2010-11-24,1.1838,1.2134,1.1825,1.2073,253817600
2010-11-26,1.1931,1.2077,1.187,1.1911,118848000
2010-11-29,1.188,1.1972,1.1611,1.1906,345734400
2010-11-30,1.165,1.1755,1.1516,1.16,450963200
2010-12-01,1.1958,1.2217,1.1942,1.2092,319737600
2010-12-02,1.2134,1.2381,1.2112,1.2347,276473600
2010-12-03,1.2241,1.2437,1.2241,1.2403,241017600
2010-12-06,1.2406,1.2445,1.2323,1.2392,209593600
2010-12-07,1.2689,1.2698,1.2384,1.2417,341574400
2010-12-08,1.248,1.2534,1.2319,1.2514,271334400
2010-12-09,1.2652,1.2672,1.2445,1.2525,268787200
2010-12-10,1.2597,1.2717,1.2511,1.2692,274688000
2010-12-13,1.2794,1.2803,1.2589,1.2608,296960000
2010-12-14,1.2661,1.275,1.257,1.2634,254560000
2010-12-15,1.2637,1.2791,1.2475,1.2536,233241600
2010-12-16,1.2556,1.2766,1.2495,1.2714,231820800
2010-12-17,1.2759,1.2827,1.2705,1.2753,209881600
2010-12-20,1.2792,1.2866,1.2589,1.278,289990400
2010-12-21,1.2873,1.292,1.2805,1.2914,141920000
2010-12-22,1.2911,1.2958,1.2875,1.2927,129344000
2010-12-23,1.287,1.2914,1.2795,1.2858,136089600
2010-12-27,1.2805,1.2908,1.2605,1.2859,159072000
2010-12-28,1.2916,1.2941,1.2761,1.2822,108262400
2010-12-29,1.2891,1.2923,1.2848,1.2873,81356800
2010-12-30,1.2878,1.2878,1.2766,1.2808,109811200
2010-12-31,1.2781,1.2792,1.2603,1.2723,111283200
2011-01-03,1.2956,1.3291,1.2953,1.3114,231584000
2011-01-04,1.3217,1.3228,1.2933,1.3091,282304000
2011-01-05,1.3022,1.3323,1.3003,1.3319,259660800
2011-01-06,1.3345,1.3423,1.3291,1.34,214099200
2011-01-07,1.3447,1.3459,1.312,1.3383,232908800
2011-01-10,1.3309,1.3522,1.3242,1.3472,214297600
2011-01-11,1.3589,1.3613,1.3417,1.3508,201600000
2011-01-12,1.3642,1.3709,1.3534,1.3698,180627200
2011-01-13,1.3722,1.3789,1.3639,1.373,200313600
2011-01-14,1.3725,1.3933,1.3659,1.3927,199692800
2011-01-18,1.3689,1.4034,1.3673,1.4002,229184000
2011-01-19,1.4039,1.4053,1.3587,1.3687,280384000
2011-01-20,1.3567,1.3609,1.328,1.3473,308268800
2011-01-21,1.3622,1.3666,1.3264,1.3272,219827200
2011-01-24,1.3314,1.365,1.3281,1.3645,240300800
2011-01-25,1.3514,1.3692,1.3455,1.3675,267814400
2011-01-26,1.3734,1.3903,1.3644,1.3834,258854400
2011-01-27,1.3916,1.4078,1.3873,1.4,253420800
2011-01-28,1.3984,1.4016,1.3164,1.3289,471219200
2011-01-31,1.3325,1.3492,1.3127,1.3422,261798400
2011-02-01,1.3611,1.3983,1.3591,1.3916,277062400
2011-02-02,1.3855,1.3977,1.3817,1.3872,237203200
2011-02-03,1.3823,1.3959,1.3603,1.3913,224467200
2011-02-04,1.3931,1.4095,1.3848,1.4081,207417600
2011-02-07,1.4133,1.4364,1.4091,1.4217,230598400
2011-02-08,1.4212,1.4419,1.4167,1.4419,187001600
2011-02-09,1.4344,1.4441,1.4258,1.4355,212659200
2011-02-10,1.418,1.443,1.413,1.4406,349913600
2011-02-11,1.4309,1.4614,1.4267,1.4602,282272000
2011-02-14,1.4597,1.4706,1.457,1.4672,137292800
2011-02-15,1.4612,1.4659,1.4494,1.4636,176262400
2011-02-16,1.4697,1.4898,1.4694,1.483,256160000
2011-02-17,1.4673,1.4866,1.4652,1.4817,205248000
2011-02-18,1.4814,1.4861,1.4631,1.4756,169043200
2011-02-22,1.4361,1.4438,1.3842,1.3883,346508800
2011-02-23,1.3869,1.3978,1.3444,1.3658,460089600
2011-02-24,1.3717,1.3881,1.3453,1.3791,402124800
2011-02-25,1.395,1.4222,1.393,1.4183,247705600
2011-02-28,1.4298,1.4381,1.4078,1.4255,274624000
2011-03-01,1.435,1.4369,1.3713,1.38,545312000
2011-03-02,1.3773,1.4111,1.3756,1.3934,486470400
2011-03-03,1.4191,1.4525,1.4191,1.4481,271564800
2011-03-04,1.4475,1.448,1.4145,1.4322,289286400
2011-03-07,1.4444,1.4469,1.3689,1.3952,308518400
2011-03-08,1.3898,1.418,1.3737,1.4056,315264000
2011-03-09,1.395,1.3983,1.3714,1.3859,336588800
2011-03-10,1.355,1.3613,1.332,1.3441,515859200
2011-03-11,1.3281,1.3677,1.3266,1.3594,324524800
2011-03-14,1.3452,1.3648,1.3295,1.3495,322336000
2011-03-15,1.2708,1.3275,1.2628,1.3128,474329600
2011-03-16,1.29,1.3045,1.2303,1.2495,709523200
2011-03-17,1.2875,1.2981,1.2695,1.2713,315584000
2011-03-18,1.3008,1.3008,1.2637,1.2661,273683200
2011-03-21,1.3039,1.327,1.2994,1.3125,217376000
2011-03-22,1.3172,1.3191,1.3033,1.3109,159833600
2011-03-23,1.2997,1.3312,1.2823,1.3241,208262400
2011-03-24,1.343,1.3766,1.3294,1.3742,195564800
2011-03-25,1.3795,1.3959,1.3739,1.3777,219187200
2011-03-28,1.3894,1.3902,1.3613,1.3613,147897600
2011-03-29,1.3564,1.388,1.3481,1.388,122169600
2011-03-30,1.4008,1.4059,1.3889,1.4016,169632000
2011-03-31,1.397,1.4084,1.3925,1.4058,144960000
2011-04-01,1.4208,1.4289,1.3991,1.4069,171475200
2011-04-04,1.4145,1.4177,1.3859,1.3984,168844800
2011-04-05,1.3923,1.4086,1.385,1.3898,168787200
2011-04-06,1.4114,1.4203,1.3809,1.3966,207411200
2011-04-07,1.3959,1.4138,1.3755,1.3959,231155200
2011-04-08,1.4083,1.4119,1.3672,1.3823,157676800
2011-04-11,1.3925,1.3987,1.3634,1.3731,182732800
2011-04-12,1.3609,1.3673,1.3434,1.3548,247161600
2011-04-13,1.373,1.3837,1.3553,1.3772,251180800
2011-04-14,1.3575,1.3752,1.3463,1.3713,211500800
2011-04-15,1.3609,1.3773,1.3489,1.3669,192992000
2011-04-18,1.3402,1.3483,1.303,1.3472,336262400
2011-04-19,1.3545,1.3642,1.3408,1.3642,183955200
2011-04-20,1.412,1.4283,1.4088,1.425,226995200
2011-04-21,1.455,1.455,1.4398,1.4477,168262400
2011-04-25,1.4511,1.4575,1.4456,1.4559,126009600
2011-04-26,1.4633,1.4823,1.4569,1.4713,147200000
2011-04-27,1.4773,1.4955,1.4642,1.4919,159257600
2011-04-28,1.4834,1.4919,1.4747,1.4881,193920000
2011-04-29,1.4825,1.495,1.4795,1.4869,131334400
2011-05-02,1.4905,1.4984,1.4723,1.4805,219321600
2011-05-03,1.4786,1.4809,1.4478,1.4652,240217600
2011-05-04,1.4672,1.4748,1.4364,1.462,283552000
2011-05-05,1.447,1.4795,1.4353,1.4444,299654400
2011-05-06,1.4745,1.4911,1.447,1.4556,284672000
2011-05-09,1.4589,1.4766,1.4481,1.4661,155622400
2011-05-10,1.4742,1.4944,1.4695,1.4902,228844800
2011-05-11,1.4859,1.4966,1.4481,1.4683,284064000
2011-05-12,1.4573,1.4894,1.4422,1.4848,236800000
2011-05-13,1.4786,1.4836,1.4497,1.4505,263264000
2011-05-16,1.4378,1.4456,1.3937,1.4,279456000
2011-05-17,1.3859,1.4089,1.3805,1.4072,345625600
2011-05-18,1.4044,1.4361,1.4006,1.432,196480000
2011-05-19,1.4409,1.4461,1.4227,1.4398,259456000
2011-05-20,1.4361,1.4397,1.4142,1.418,274259200
2011-05-23,1.3803,1.3875,1.3633,1.3775,307392000
2011-05-24,1.383,1.3834,1.3592,1.3598,289401600
2011-05-25,1.3552,1.382,1.3542,1.37,205920000
2011-05-26,1.3614,1.3942,1.3609,1.3875,232396800
2011-05-27,1.3917,1.4033,1.3887,1.4011,130086400
2011-05-31,1.4267,1.445,1.4123,1.4445,182912000
2011-06-01,1.4389,1.4458,1.3813,1.3823,361216000
2011-06-02,1.3878,1.3987,1.3736,1.3889,296288000
2011-06-03,1.3572,1.3778,1.3433,1.3477,244384000
2011-06-06,1.3416,1.3553,1.3241,1.3242,275699200
2011-06-07,1.3322,1.3422,1.3186,1.3205,183795200
2011-06-08,1.3148,1.3186,1.2938,1.3005,291296000
2011-06-09,1.3003,1.3177,1.2933,1.3042,167129600
2011-06-10,1.2934,1.2988,1.2631,1.2658,212140800
2011-06-13,1.2687,1.2786,1.2563,1.2639,286105600
2011-06-14,1.2841,1.3039,1.2838,1.2956,162387200
2011-06-15,1.2736,1.2889,1.2439,1.2502,301126400
2011-06-16,1.2506,1.2586,1.2175,1.2395,307782400
2011-06-17,1.2616,1.2652,1.2242,1.2311,244172800
2011-06-20,1.2252,1.2517,1.2244,1.2431,181664000
2011-06-21,1.2531,1.2997,1.2423,1.2961,245536000
2011-06-22,1.2862,1.3009,1.2775,1.2787,193638400
2011-06-23,1.2514,1.3033,1.2427,1.3025,350662400
2011-06-24,1.2889,1.292,1.2522,1.257,237824000
2011-06-27,1.2592,1.3095,1.2545,1.2978,214291200
2011-06-28,1.3033,1.3361,1.2992,1.3353,187424000
2011-06-29,1.3428,1.3519,1.3275,1.347,217228800
2011-06-30,1.3564,1.3841,1.3547,1.3817,181779200
2011-07-01,1.3845,1.4272,1.3761,1.4241,223680000
2011-07-05,1.4261,1.4405,1.4202,1.4375,235436800
2011-07-06,1.4353,1.4519,1.4253,1.4458,225888000
2011-07-07,1.4684,1.4948,1.4648,1.4875,203776000
2011-07-08,1.4617,1.4786,1.4455,1.4783,202688000
2011-07-11,1.4473,1.4622,1.4148,1.4264,306022400
2011-07-12,1.425,1.4306,1.4008,1.4027,287379200
2011-07-13,1.4236,1.4434,1.405,1.4148,294278400
2011-07-14,1.4231,1.4358,1.3719,1.3823,309606400
2011-07-15,1.413,1.4189,1.3931,1.4188,222656000
2011-07-18,1.4044,1.4159,1.3766,1.4041,257024000
2011-07-19,1.4322,1.4706,1.4305,1.4683,157337600
2011-07-20,1.4836,1.485,1.4505,1.4545,195539200
2011-07-21,1.4581,1.4908,1.4425,1.4758,167936000
2011-07-22,1.4736,1.5094,1.4713,1.5052,166470400
2011-07-25,1.4816,1.5153,1.4755,1.5,201280000
2011-07-26,1.4966,1.5169,1.4909,1.5053,184896000
2011-07-27,1.4867,1.4889,1.4216,1.4292,263609600
2011-07-28,1.4292,1.4698,1.4191,1.4338,285440000
2011-07-29,1.4105,1.4538,1.3966,1.4236,242419200
2011-08-01,1.4569,1.4642,1.3766,1.4133,297760000
2011-08-02,1.3984,1.4103,1.337,1.3403,391955200
2011-08-03,1.3442,1.3683,1.2961,1.3641,579257600
2011-08-04,1.3261,1.3305,1.2391,1.2391,667404800
2011-08-05,1.2666,1.2775,1.1539,1.2223,1010163200
2011-08-08,1.1486,1.1903,1.0767,1.0792,886297600
2011-08-09,1.1053,1.1809,1.0477,1.1791,622208000
2011-08-10,1.1261,1.16,1.0802,1.0825,704128000
2011-08-11,1.113,1.2031,1.1031,1.1777,532646400
2011-08-12,1.1922,1.2128,1.168,1.1973,450003200
2011-08-15,1.2077,1.2333,1.1967,1.2325,247948800
2011-08-16,1.2086,1.233,1.1802,1.2117,391424000
2011-08-17,1.2159,1.2358,1.1734,1.1984,366169600
2011-08-18,1.1331,1.1337,1.0598,1.0817,450176000
2011-08-19,1.0591,1.1113,1.0403,1.0422,312012800
2011-08-22,1.0908,1.0925,1.0428,1.0489,410553600
2011-08-23,1.0638,1.1356,1.0548,1.1342,473881600
2011-08-24,1.1311,1.1577,1.1109,1.1517,455878400
2011-08-25,1.1511,1.1627,1.1072,1.1155,446668800
2011-08-26,1.1086,1.1795,1.0859,1.1698,427737600
2011-08-29,1.1945,1.2389,1.1944,1.2375,255494400
2011-08-30,1.2272,1.268,1.2134,1.2523,342342400
2011-08-31,1.2675,1.288,1.2359,1.2581,412832000
2011-09-01,1.2636,1.2834,1.2292,1.2334,249267200
2011-09-02,1.1908,1.2008,1.163,1.1758,272672000
2011-09-06,1.1214,1.1797,1.1158,1.1762,393312000
2011-09-07,1.2091,1.2366,1.2034,1.2353,299020800
2011-09-08,1.2237,1.2598,1.2167,1.2239,375699200
2011-09-09,1.2069,1.2175,1.1558,1.1695,420704000
2011-09-12,1.1447,1.2009,1.1431,1.2006,431276800
2011-09-13,1.2091,1.237,1.1972,1.2314,350265600
2011-09-14,1.2444,1.2952,1.22,1.2667,341222400
2011-09-15,1.2948,1.3088,1.2686,1.3042,423833600
2011-09-16,1.3122,1.3309,1.3055,1.3264,379180800
2011-09-19,1.2962,1.3433,1.2739,1.3294,399872000
2011-09-20,1.3431,1.3642,1.3123,1.318,384742400
2011-09-21,1.3303,1.3448,1.2716,1.2716,447129600
2011-09-22,1.2055,1.2297,1.1519,1.1894,821017600
2011-09-23,1.17,1.2248,1.168,1.2139,474790400
2011-09-26,1.2272,1.2467,1.1725,1.2417,395289600
2011-09-27,1.2848,1.3069,1.2514,1.2677,387289600
2011-09-28,1.2789,1.2964,1.2255,1.2302,356844800
2011-09-29,1.2672,1.2713,1.1605,1.2017,512838400
2011-09-30,1.1714,1.1941,1.1384,1.1398,522976000
2011-10-03,1.1194,1.1553,1.0797,1.0803,422918400
2011-10-04,1.0588,1.1297,1.037,1.1245,844800000
2011-10-05,1.1197,1.1892,1.1023,1.1823,623596800
2011-10-06,1.1808,1.2225,1.1691,1.2214,403289600
2011-10-07,1.2213,1.2331,1.1908,1.2061,429734400
2011-10-10,1.2467,1.2891,1.2436,1.2886,199020800
2011-10-11,1.2831,1.3138,1.2794,1.3048,214009600
2011-10-12,1.3319,1.3492,1.3181,1.3198,263923200
2011-10-13,1.3148,1.3478,1.3125,1.3445,256140800
2011-10-14,1.3783,1.3945,1.3633,1.393,201920000
2011-10-17,1.3805,1.3897,1.3367,1.3523,243449600
2011-10-18,1.3473,1.3987,1.3219,1.3839,351449600
2011-10-19,1.3705,1.3778,1.3223,1.3306,264595200
2011-10-20,1.3288,1.3334,1.2806,1.3188,275187200
2011-10-21,1.3458,1.3677,1.3269,1.3506,198899200
2011-10-24,1.3611,1.4144,1.358,1.4064,256755200
2011-10-25,1.3964,1.3987,1.3456,1.352,262771200
2011-10-26,1.3672,1.3719,1.2992,1.3481,344857600
2011-10-27,1.413,1.4388,1.3847,1.4233,324787200
2011-10-28,1.4055,1.43,1.4055,1.4262,178976000
2011-10-31,1.4006,1.4122,1.377,1.3792,198496000
2011-11-01,1.3136,1.332,1.2922,1.3066,396505600
2011-11-02,1.3336,1.3409,1.305,1.3277,259494400
2011-11-03,1.3508,1.3878,1.3195,1.3834,260204800
2011-11-04,1.3692,1.3813,1.3422,1.3697,168108800
2011-11-07,1.3669,1.3914,1.34,1.3886,202124800
2011-11-08,1.4084,1.4259,1.3781,1.4205,266240000
2011-11-09,1.365,1.3698,1.3127,1.3223,295443200
2011-11-10,1.348,1.3495,1.2945,1.3188,219596800
2011-11-11,1.343,1.3769,1.3392,1.368,183942400
2011-11-14,1.362,1.3766,1.3422,1.3523,161331200
2011-11-15,1.3436,1.393,1.3416,1.3817,155987200
2011-11-16,1.3631,1.3823,1.3319,1.3348,224742400
2011-11-17,1.3303,1.3308,1.2578,1.2758,349638400
2011-11-18,1.2752,1.2777,1.2503,1.2541,234368000
2011-11-21,1.222,1.2244,1.1811,1.2066,320736000
2011-11-22,1.1998,1.2213,1.1859,1.2127,261612800
2011-11-23,1.1966,1.1989,1.1578,1.1578,258707200
2011-11-25,1.1495,1.1758,1.1411,1.1411,103091200
2011-11-28,1.1966,1.2236,1.1956,1.2195,236576000
2011-11-29,1.218,1.2377,1.1989,1.205,238483200
2011-11-30,1.2702,1.2966,1.2627,1.2939,223404800
2011-12-01,1.2938,1.3189,1.2927,1.312,221132800
2011-12-02,1.3389,1.3389,1.3025,1.3025,166988800
2011-12-05,1.3447,1.3508,1.3186,1.3325,181081600
2011-12-06,1.3356,1.343,1.317,1.3261,179238400
2011-12-07,1.3188,1.3377,1.292,1.3273,205849600
2011-12-08,1.3098,1.3298,1.2767,1.2819,259174400
2011-12-09,1.288,1.3303,1.2869,1.3223,206336000
2011-12-12,1.2944,1.2959,1.2705,1.2934,189075200
2011-12-13,1.3098,1.32,1.2539,1.2636,244780800
2011-12-14,1.2541,1.2567,1.2103,1.2256,289203200
2011-12-15,1.2473,1.2484,1.2144,1.2178,205100800
2011-12-16,1.2316,1.2636,1.2263,1.2289,219481600
2011-12-19,1.2398,1.245,1.1995,1.207,152716800
2011-12-20,1.2452,1.2802,1.2439,1.2773,204902400
2011-12-21,1.262,1.2623,1.2116,1.24,263955200
2011-12-22,1.2459,1.2628,1.243,1.2613,125043200
2011-12-23,1.2664,1.2839,1.2617,1.2834,83904000
2011-12-27,1.28,1.2995,1.2773,1.2909,79788800
2011-12-28,1.2884,1.2914,1.255,1.2634,158092800
2011-12-29,1.2659,1.2816,1.2578,1.2789,126259200
2011-12-30,1.2737,1.2855,1.2719,1.2728,80992000
2012-01-03,1.3211,1.3341,1.3145,1.3192,189516800
2012-01-04,1.3158,1.3353,1.3053,1.3306,125881600
2012-01-05,1.3269,1.3558,1.3164,1.3533,145849600
2012-01-06,1.3544,1.3687,1.3441,1.3619,173971200
2012-01-09,1.3698,1.3709,1.3455,1.3541,169088000
2012-01-10,1.3837,1.3911,1.3667,1.3736,133561600
2012-01-11,1.3733,1.3853,1.363,1.3798,140518400
2012-01-12,1.3858,1.3936,1.3652,1.3911,197670400
2012-01-13,1.3763,1.3814,1.3569,1.3813,193600000
2012-01-17,1.4055,1.4172,1.395,1.4039,157452800
2012-01-18,1.4116,1.4425,1.4056,1.4414,211724800
2012-01-19,1.4552,1.4656,1.4505,1.4605,187814400
2012-01-20,1.448,1.4573,1.4459,1.4566,153158400
2012-01-23,1.4572,1.477,1.4402,1.4569,231923200
2012-01-24,1.4448,1.4594,1.4384,1.4517,178534400
2012-01-25,1.4809,1.4953,1.4595,1.4877,227187200
2012-01-26,1.5008,1.5061,1.4638,1.4769,326771200
2012-01-27,1.4711,1.4919,1.4702,1.4873,177049600
2012-01-30,1.462,1.493,1.45,1.4891,263756800
2012-01-31,1.5028,1.5089,1.4737,1.4927,220172800
2012-02-01,1.5083,1.5278,1.4994,1.5161,232448000
2012-02-02,1.5266,1.5361,1.5145,1.5266,187366400
2012-02-03,1.5544,1.5716,1.5497,1.5681,146758400
2012-02-06,1.5562,1.5667,1.5488,1.5667,149721600
2012-02-07,1.5628,1.578,1.5494,1.5728,227776000
2012-02-08,1.573,1.5886,1.5609,1.5873,241804800
2012-02-09,1.6,1.6152,1.582,1.6117,231404800
2012-02-10,1.5891,1.5977,1.5777,1.5891,180582400
2012-02-13,1.613,1.6223,1.5984,1.617,171155200
2012-02-14,1.6095,1.6269,1.6003,1.6259,185171200
2012-02-15,1.6422,1.6598,1.5989,1.6025,352332800
2012-02-16,1.6058,1.6514,1.5969,1.6477,299283200
2012-02-17,1.6489,1.6506,1.6236,1.6375,151673600
2012-02-21,1.6409,1.6608,1.6259,1.6456,133996800
2012-02-22,1.6403,1.6497,1.627,1.6316,163104000
2012-02-23,1.6353,1.6566,1.6202,1.6534,223916800
2012-02-24,1.6623,1.6703,1.6562,1.6644,208902400
2012-02-27,1.6455,1.6797,1.6316,1.6684,242604800
2012-02-28,1.6714,1.7022,1.668,1.7022,276857600
2012-02-29,1.7053,1.7167,1.6767,1.6883,336422400
2012-03-01,1.7003,1.7175,1.6906,1.7131,221427200
2012-03-02,1.7095,1.7227,1.7006,1.7112,209164800
2012-03-05,1.7089,1.7134,1.6655,1.6769,258227200
2012-03-06,1.6455,1.6511,1.6259,1.6433,280025600
2012-03-07,1.6573,1.6758,1.6536,1.6675,201158400
2012-03-08,1.687,1.7138,1.6808,1.7042,167379200
2012-03-09,1.7088,1.7245,1.7078,1.7186,130419200
2012-03-12,1.7164,1.7233,1.7027,1.72,174617600
2012-03-13,1.7392,1.7842,1.7317,1.7831,242240000
2012-03-14,1.7878,1.8098,1.7745,1.797,280025600
2012-03-15,1.8072,1.8141,1.7891,1.8055,218937600
2012-03-16,1.812,1.8125,1.7955,1.8025,168396800
2012-03-19,1.8089,1.8378,1.8012,1.8308,168576000
2012-03-20,1.8106,1.8403,1.8009,1.8361,205926400
2012-03-21,1.8366,1.8569,1.8317,1.837,150438400
2012-03-22,1.8136,1.8372,1.8133,1.8284,252243200
2012-03-23,1.8333,1.8342,1.8059,1.828,216089600
2012-03-26,1.8506,1.8906,1.8478,1.8906,201772800
2012-03-27,1.8925,1.9112,1.8909,1.8953,175948800
2012-03-28,1.8983,1.9123,1.8583,1.8803,252966400
2012-03-29,1.8628,1.8797,1.8398,1.8681,182297600
2012-03-30,1.8831,1.8842,1.8442,1.8586,156454400
2012-04-02,1.8544,1.902,1.8483,1.8966,183846400
2012-04-03,1.9009,1.9138,1.875,1.8969,242092800
2012-04-04,1.8678,1.8698,1.8234,1.8455,292652800
2012-04-05,1.8384,1.8709,1.8353,1.8667,162201600
2012-04-09,1.8197,1.8542,1.8145,1.8397,327385600
2012-04-10,1.8383,1.8514,1.7692,1.7789,407417600
2012-04-11,1.8117,1.8206,1.788,1.7977,331948800
2012-04-12,1.8041,1.8417,1.7992,1.8372,291372800
2012-04-13,1.8245,1.8264,1.7808,1.7827,288684800
2012-04-16,1.8009,1.8019,1.7316,1.7447,237664000
2012-04-17,1.7581,1.8244,1.752,1.8131,135564800
2012-04-18,1.8023,1.8253,1.7938,1.803,158099200
2012-04-19,1.7909,1.8344,1.7505,1.7658,250995200
2012-04-20,1.782,1.7978,1.7483,1.7537,215340800
2012-04-23,1.7219,1.7267,1.69,1.7237,222835200
2012-04-24,1.7156,1.7289,1.6886,1.7031,221664000
2012-04-25,1.7723,1.7952,1.7677,1.7936,207820800
2012-04-26,1.7916,1.8222,1.788,1.815,102976000
2012-04-27,1.8295,1.8475,1.8106,1.8366,129600000
2012-04-30,1.8241,1.832,1.807,1.8108,117510400
2012-05-01,1.8055,1.8564,1.8002,1.8161,133696000
2012-05-02,1.7973,1.8284,1.7892,1.8245,118969600
2012-05-03,1.8284,1.8306,1.7773,1.7866,190444800
2012-05-04,1.7544,1.7591,1.698,1.698,221401600
2012-05-07,1.6778,1.7173,1.6767,1.7003,171616000
2012-05-08,1.6786,1.6998,1.6337,1.6875,222617600
2012-05-09,1.6489,1.6964,1.6356,1.6819,248121600
2012-05-10,1.6938,1.6945,1.6589,1.6694,356230400
2012-05-11,1.6584,1.7059,1.6566,1.6703,95542400
2012-05-14,1.6425,1.6653,1.6341,1.6397,108832000
2012-05-15,1.6503,1.675,1.6225,1.6278,141740800
2012-05-16,1.6406,1.6494,1.6,1.6056,125353600
2012-05-17,1.6072,1.6119,1.5378,1.5378,112902400
2012-05-18,1.5472,1.5556,1.4541,1.4991,150716800
2012-05-21,1.5031,1.5847,1.5003,1.5797,112732800
2012-05-22,1.5894,1.6037,1.5553,1.5769,88070400
2012-05-23,1.5528,1.5919,1.5244,1.5856,185600000
2012-05-24,1.5912,1.5922,1.54,1.565,102384000
2012-05-25,1.5656,1.5725,1.5503,1.5588,51385600
2012-05-29,1.5878,1.6134,1.5703,1.5978,117417600
2012-05-30,1.5703,1.5834,1.5525,1.5719,105878400
2012-05-31,1.5678,1.5759,1.535,1.5584,114307200
2012-06-01,1.5037,1.5206,1.4744,1.4747,135331200
2012-06-04,1.4841,1.5019,1.4569,1.4966,117708800
2012-06-05,1.4878,1.5153,1.4859,1.5097,101417600
2012-06-06,1.5338,1.5816,1.5297,1.58,126076800
2012-06-07,1.6119,1.6119,1.5638,1.5659,93830400
2012-06-08,1.5606,1.6006,1.5516,1.5978,80960000
2012-06-11,1.6203,1.6228,1.5409,1.5469,118960000
2012-06-12,1.5566,1.5816,1.5369,1.5797,100153600
2012-06-13,1.5709,1.5953,1.5475,1.5584,91203200
2012-06-14,1.5575,1.5822,1.5419,1.5703,118316800
2012-06-15,1.5788,1.6131,1.5775,1.6087,77667200
2012-06-18,1.5972,1.6472,1.5906,1.6391,103148800
2012-06-19,1.6556,1.6866,1.6534,1.6725,104080000
2012-06-20,1.6788,1.6897,1.6509,1.6772,182857600
2012-06-21,1.6709,1.6766,1.5888,1.5919,151052800
2012-06-22,1.6016,1.6294,1.5941,1.6247,86742400
2012-06-25,1.5987,1.5991,1.5538,1.5616,129110400
2012-06-26,1.5716,1.5909,1.5588,1.5828,109488000
2012-06-27,1.595,1.615,1.5906,1.6013,77593600
2012-06-28,1.5775,1.5797,1.5328,1.5669,136025600
2012-06-29,1.6247,1.6641,1.6169,1.6638,102950400
2012-07-02,1.6688,1.6753,1.6491,1.6744,70396800
2012-07-03,1.6753,1.7019,1.6706,1.7019,44665600
2012-07-05,1.6981,1.7209,1.6806,1.7038,105907200
2012-07-06,1.6897,1.6912,1.6378,1.6609,104723200
2012-07-09,1.6566,1.6694,1.6391,1.6562,89248000
2012-07-10,1.6728,1.6812,1.6106,1.6231,134803200
2012-07-11,1.6187,1.6272,1.5784,1.6044,131379200
2012-07-12,1.5812,1.5878,1.5459,1.5759,124108800
2012-07-13,1.5822,1.6297,1.5812,1.6216,109612800
2012-07-16,1.615,1.6291,1.6009,1.6134,98345600
2012-07-17,1.6325,1.6406,1.5844,1.6287,126051200
2012-07-18,1.6228,1.6838,1.6228,1.6738,146134400
2012-07-19,1.6962,1.7216,1.6909,1.71,137782400
2012-07-20,1.7097,1.7103,1.6644,1.6666,107200000
2012-07-23,1.6013,1.6369,1.5759,1.6272,109763200
2012-07-24,1.6319,1.6356,1.5794,1.5994,125699200
2012-07-25,1.5769,1.5984,1.5591,1.5772,126812800
2012-07-26,1.6253,1.6387,1.5997,1.6178,124224000
2012-07-27,1.6428,1.7019,1.6337,1.6991,124211200
2012-07-30,1.7056,1.7194,1.6825,1.6938,121913600
2012-07-31,1.6988,1.7125,1.6894,1.6909,140627200
2012-08-01,1.7169,1.7172,1.6703,1.6822,114822400
2012-08-02,1.6562,1.7041,1.6466,1.6706,141529600
2012-08-03,1.7225,1.7487,1.7134,1.7322,130505600
2012-08-06,1.7525,1.7756,1.7441,1.76,85302400
2012-08-07,1.7766,1.8038,1.77,1.7897,83692800
2012-08-08,1.7794,1.7959,1.7747,1.7862,70172800
2012-08-09,1.7884,1.8031,1.7809,1.7972,61443200
2012-08-10,1.7862,1.8016,1.7772,1.8009,64825600
2012-08-13,1.8016,1.8091,1.7812,1.8088,57510400
2012-08-14,1.8231,1.8303,1.8009,1.8109,74710400
2012-08-15,1.8078,1.8247,1.8072,1.82,48051200
2012-08-16,1.8344,1.8719,1.8294,1.8625,93657600
2012-08-17,1.8703,1.8797,1.8628,1.8787,49180800
2012-08-20,1.8763,1.8853,1.8619,1.885,58902400
2012-08-21,1.8975,1.9103,1.8553,1.8706,115910400
2012-08-22,1.86,1.8928,1.8516,1.8847,102854400
2012-08-23,1.8691,1.88,1.845,1.855,95843200
2012-08-24,1.8456,1.8863,1.84,1.8763,82118400
2012-08-27,1.8944,1.8984,1.875,1.8828,62364800
2012-08-28,1.8797,1.8934,1.8675,1.8828,64476800
2012-08-29,1.8837,1.8928,1.8675,1.8825,46963200
2012-08-30,1.8672,1.8687,1.8397,1.845,57337600
2012-08-31,1.8725,1.8853,1.8328,1.8709,103340800
2012-09-04,1.8647,1.8797,1.8294,1.8663,80265600
2012-09-05,1.8637,1.8803,1.8519,1.8616,62284800
2012-09-06,1.8844,1.945,1.8844,1.9431,106201600
2012-09-07,1.9359,1.9456,1.9284,1.9378,64566400
2012-09-10,1.9303,1.9369,1.8869,1.8897,68544000
2012-09-11,1.89,1.9041,1.8772,1.8834,70592000
2012-09-12,1.8972,1.9041,1.8713,1.8953,87795200
2012-09-13,1.8987,1.9616,1.8931,1.9438,103171200
2012-09-14,1.9616,1.9944,1.9584,1.9803,109203200
2012-09-17,1.9822,1.9825,1.9678,1.9816,50809600
2012-09-18,1.9716,1.9866,1.9713,1.9853,46108800
2012-09-19,1.9856,2.0025,1.9731,1.9916,58841600
2012-09-20,1.9716,1.9913,1.9625,1.9884,72864000
2012-09-21,2.0066,2.0113,1.9856,1.99,48915200
2012-09-24,1.9556,1.9725,1.9481,1.9638,54489600
2012-09-25,1.9775,1.9847,1.9084,1.9097,75536000
2012-09-26,1.905,1.9069,1.86,1.88,82028800
2012-09-27,1.8884,1.9397,1.8825,1.9306,69936000
2012-09-28,1.9175,1.9297,1.8956,1.9009,87712000
2012-10-01,1.9188,1.9409,1.8816,1.8922,85872000
2012-10-02,1.91,1.9209,1.875,1.9053,83744000
2012-10-03,1.9156,1.935,1.8987,1.9269,98425600
2012-10-04,1.9359,1.9525,1.9228,1.9412,70044800
2012-10-05,1.96,1.9669,1.9116,1.9197,76176000
2012-10-08,1.8991,1.9062,1.8772,1.8872,70921600
2012-10-09,1.875,1.8766,1.8175,1.8275,123305600
2012-10-10,1.825,1.835,1.8012,1.8088,108448000
2012-10-11,1.8347,1.8369,1.7938,1.7947,87644800
2012-10-12,1.7975,1.815,1.7875,1.7938,90560000
2012-10-15,1.8084,1.825,1.7862,1.8191,91878400
2012-10-16,1.8253,1.8759,1.8253,1.8719,92608000
2012-10-17,1.8519,1.8813,1.8475,1.8706,83411200
2012-10-18,1.8575,1.8694,1.8125,1.8278,110323200
2012-10-19,1.8228,1.8238,1.7347,1.7397,127084800
2012-10-22,1.7363,1.7656,1.7297,1.7584,131088000
2012-10-23,1.7287,1.7531,1.7125,1.7234,132508800
2012-10-24,1.7425,1.7475,1.7059,1.7084,101766400
2012-10-25,1.7353,1.7403,1.7003,1.7106,99580800
2012-10-26,1.7109,1.735,1.6847,1.7206,95478400
2012-10-31,1.7181,1.7219,1.6875,1.6991,69708800
2012-11-01,1.7197,1.7544,1.7112,1.7478,67859200
2012-11-02,1.7631,1.7656,1.7059,1.7059,92390400
2012-11-05,1.7094,1.7391,1.7034,1.7322,62732800
2012-11-06,1.7387,1.7628,1.7259,1.7397,109587200
2012-11-07,1.7034,1.7059,1.6428,1.6562,175779200
2012-11-08,1.6656,1.6738,1.6066,1.6075,129654400
2012-11-09,1.6075,1.6531,1.605,1.6197,151385600
2012-11-12,1.6375,1.6409,1.6087,1.6169,78038400
2012-11-13,1.5909,1.6259,1.5859,1.5966,107510400
2012-11-14,1.6103,1.6137,1.5528,1.5572,147760000
2012-11-15,1.5606,1.57,1.5356,1.5456,160185600
2012-11-16,1.5488,1.5691,1.5106,1.5588,165094400
2012-11-19,1.5938,1.6366,1.5938,1.6337,113724800
2012-11-20,1.6344,1.64,1.6041,1.6347,117488000
2012-11-21,1.6384,1.6469,1.6256,1.6425,79276800
2012-11-23,1.6628,1.6919,1.6591,1.6912,61795200
2012-11-26,1.685,1.7081,1.6731,1.7081,81590400
2012-11-27,1.7041,1.7175,1.6891,1.6947,105158400
2012-11-28,1.6794,1.7266,1.6575,1.7237,120524800
2012-11-29,1.7406,1.7563,1.7275,1.7441,120460800
2012-11-30,1.7456,1.7475,1.7287,1.74,78684800
2012-12-03,1.7663,1.7687,1.7309,1.7341,84460800
2012-12-04,1.7322,1.7366,1.7075,1.7269,87072000
2012-12-05,1.7253,1.7253,1.6725,1.6906,128528000
2012-12-06,1.6819,1.7216,1.6719,1.7122,95811200
2012-12-07,1.73,1.7337,1.6809,1.6916,84918400
2012-12-10,1.6844,1.72,1.6831,1.7022,68291200
2012-12-11,1.7259,1.7656,1.7231,1.7469,106784000
2012-12-12,1.7637,1.7653,1.7297,1.7375,97667200
2012-12-13,1.7334,1.7566,1.6966,1.7109,109872000
2012-12-14,1.6903,1.6994,1.6678,1.6791,83673600
2012-12-17,1.6809,1.725,1.6775,1.725,72534400
2012-12-18,1.7463,1.7812,1.7319,1.7759,193382400
2012-12-19,1.7862,1.7875,1.7594,1.7603,87712000
2012-12-20,1.7669,1.7687,1.7431,1.7591,94310400
2012-12-21,1.7066,1.7278,1.6912,1.7244,89622400
2012-12-24,1.7141,1.7197,1.7088,1.715,17148800
2012-12-26,1.7134,1.7194,1.6728,1.6853,36294400
2012-12-27,1.6862,1.6906,1.6363,1.6791,121686400
2012-12-28,1.6534,1.6791,1.645,1.6463,83398400
2012-12-31,1.6406,1.7225,1.6359,1.7128,182608000
2013-01-02,1.7984,1.8253,1.7862,1.8234,169932800
2013-01-03,1.8241,1.8322,1.7947,1.8066,78960000
2013-01-04,1.8062,1.8066,1.785,1.7934,59609600
2013-01-07,1.7838,1.8006,1.7731,1.7969,80233600
2013-01-08,1.7934,1.8038,1.7694,1.7919,89875200
2013-01-09,1.7925,1.8109,1.7903,1.8,70227200
2013-01-10,1.825,1.8284,1.7894,1.8222,109206400
2013-01-11,1.8206,1.8291,1.8131,1.8281,52985600
2013-01-14,1.8081,1.8216,1.7956,1.8109,67878400
2013-01-15,1.7938,1.7984,1.7772,1.7938,75315200
2013-01-16,1.7991,1.8194,1.7919,1.8075,72732800
2013-01-17,1.8234,1.8388,1.8162,1.8241,87804800
2013-01-18,1.8128,1.82,1.8,1.8175,60041600
2013-01-22,1.8206,1.8247,1.7981,1.8241,73785600
2013-01-23,1.8428,1.855,1.8372,1.8422,91958400
2013-01-24,1.7953,1.8272,1.7878,1.7941,96988800
2013-01-25,1.8056,1.8219,1.7978,1.8122,78489600
2013-01-28,1.8128,1.8319,1.8081,1.8197,92531200
2013-01-29,1.8147,1.8278,1.7912,1.8128,95520000
2013-01-30,1.8259,1.8378,1.8041,1.8144,96940800
2013-01-31,1.8112,1.83,1.8016,1.8038,74070400
2013-02-01,1.83,1.8528,1.815,1.8459,76403200
2013-02-04,1.8244,1.8356,1.7812,1.7812,115728000
2013-02-05,1.7966,1.8456,1.7894,1.8366,73308800
2013-02-06,1.8228,1.8394,1.8119,1.8228,75728000
2013-02-07,1.8262,1.83,1.7859,1.8266,79718400
2013-02-08,1.8453,1.8713,1.8431,1.8637,64883200
2013-02-11,1.865,1.8678,1.8522,1.8641,52332800
2013-02-12,1.8603,1.8669,1.8459,1.8487,54332800
2013-02-13,1.8594,1.8759,1.8509,1.8619,42649600
2013-02-14,1.8438,1.8666,1.8431,1.8597,46646400
2013-02-15,1.86,1.8697,1.8397,1.8506,61129600
2013-02-19,1.8575,1.8772,1.8566,1.8766,40140800
2013-02-20,1.8769,1.8769,1.8188,1.8188,81913600
2013-02-21,1.805,1.8088,1.7666,1.7797,129289600
2013-02-22,1.7991,1.8153,1.7866,1.815,61004800
2013-02-25,1.8394,1.8513,1.7675,1.7697,153708800
2013-02-26,1.775,1.7903,1.7522,1.7825,128537600
2013-02-27,1.7834,1.8419,1.7787,1.8184,130291200
2013-02-28,1.8197,1.8472,1.8125,1.8125,98643200
2013-03-01,1.8003,1.8338,1.7825,1.8272,65846400
2013-03-04,1.8153,1.8441,1.8109,1.8441,86352000
2013-03-05,1.8669,1.9031,1.8659,1.8997,97840000
2013-03-06,1.9112,1.9112,1.8837,1.8891,56294400
2013-03-07,1.8922,1.905,1.8863,1.8997,45395200
2013-03-08,1.9109,1.9172,1.8887,1.9019,46614400
2013-03-11,1.8987,1.9153,1.8869,1.915,42518400
2013-03-12,1.9034,1.9119,1.8825,1.9016,64576000
2013-03-13,1.9034,1.91,1.8828,1.895,63180800
2013-03-14,1.9084,1.9159,1.9,1.9084,52873600
2013-03-15,1.91,1.9128,1.8878,1.8978,66950400
2013-03-18,1.8628,1.9037,1.8537,1.8878,54707200
2013-03-19,1.9003,1.9072,1.8481,1.8825,110000000
2013-03-20,1.9031,1.9112,1.8863,1.9019,52937600
2013-03-21,1.87,1.8781,1.8516,1.8616,88086400
2013-03-22,1.875,1.8987,1.8716,1.8963,46230400
2013-03-25,1.9072,1.9159,1.8644,1.8816,86172800
2013-03-26,1.8969,1.9034,1.8884,1.9034,44544000
2013-03-27,1.8775,1.9103,1.8719,1.9081,47273600
2013-03-28,1.9075,1.9216,1.8984,1.9184,45878400
2013-04-01,1.92,1.9231,1.8813,1.8909,71558400
2013-04-02,1.9084,1.9328,1.9056,1.9209,70921600
2013-04-03,1.9222,1.9278,1.8766,1.8859,86080000
2013-04-04,1.8841,1.8953,1.8663,1.8875,59216000
2013-04-05,1.8272,1.8606,1.8181,1.8553,86979200
2013-04-08,1.8553,1.8753,1.8453,1.8753,45264000
2013-04-09,1.8847,1.9144,1.8669,1.8991,86963200
2013-04-10,1.9112,1.9787,1.9112,1.9741,57779200
2013-04-11,1.9631,1.9809,1.96,1.9703,64160000
2013-04-12,1.9634,1.9719,1.9397,1.9688,55929600
2013-04-15,1.9547,1.9603,1.8875,1.8916,69660800
2013-04-16,1.9138,1.9459,1.905,1.9422,45411200
2013-04-17,1.9066,1.9084,1.8438,1.8663,122806400
2013-04-18,1.8759,1.8763,1.7981,1.8138,109776000
2013-04-19,1.8209,1.8713,1.8156,1.8641,109193600
2013-04-22,1.8766,1.9147,1.8631,1.9,65868800
2013-04-23,1.9247,1.9509,1.9028,1.9369,91984000
2013-04-24,1.9281,1.9503,1.9191,1.9353,90688000
2013-04-25,1.9456,1.9716,1.9456,1.9559,83571200
2013-04-26,1.9462,1.9553,1.9278,1.945,78204800
2013-04-29,1.9569,1.995,1.9556,1.9803,71712000
2013-04-30,1.9847,2.0097,1.9706,2.0078,83516800
2013-05-01,2.0097,2.0166,1.9825,1.9909,114310400
2013-05-02,1.9969,2.0484,1.9934,2.0403,46361600
2013-05-03,2.0787,2.1006,2.0775,2.0887,60713600
2013-05-06,2.0959,2.1109,2.0925,2.1041,60169600
2013-05-07,2.1116,2.1147,2.0866,2.1016,57040000
2013-05-08,2.0988,2.1256,2.0931,2.1225,41248000
2013-05-09,2.1128,2.145,2.1084,2.1184,60803200
2013-05-10,2.1247,2.1437,2.1178,2.1409,49872000
2013-05-13,2.1353,2.1575,2.1306,2.1481,40915200
2013-05-14,2.1475,2.1825,2.1469,2.1697,43753600
2013-05-15,2.1609,2.1825,2.1506,2.1781,35145600
2013-05-16,2.1828,2.2031,2.1713,2.1744,50179200
2013-05-17,2.1941,2.2172,2.1822,2.2141,71779200
2013-05-20,2.2028,2.2228,2.1913,2.2078,60352000
2013-05-21,2.2069,2.2297,2.1913,2.2119,64400000
2013-05-22,2.2188,2.2538,2.1519,2.1766,166185600
2013-05-23,2.1356,2.1784,2.1281,2.1628,130096000
2013-05-24,2.135,2.1625,2.1234,2.1625,66115200
2013-05-28,2.2119,2.2281,2.1772,2.19,82128000
2013-05-29,2.1728,2.185,2.1444,2.1688,99123200
2013-05-30,2.1709,2.2119,2.1709,2.1913,67289600
2013-05-31,2.1753,2.2078,2.1484,2.1506,79737600
2013-06-03,2.1544,2.16,2.1041,2.1597,107315200
2013-06-04,2.1662,2.185,2.1194,2.1372,124944000
2013-06-05,2.1237,2.1388,2.0781,2.0828,97526400
2013-06-06,2.0869,2.1009,2.0475,2.0981,89244800
2013-06-07,2.1194,2.1628,2.1078,2.1575,77740800
2013-06-10,2.1669,2.18,2.1509,2.1606,56844800
2013-06-11,2.1172,2.1556,2.1025,2.1172,88905600
2013-06-12,2.1416,2.1431,2.0619,2.0678,96025600
2013-06-13,2.0625,2.1288,2.0509,2.1184,83049600
2013-06-14,2.1206,2.125,2.0859,2.0925,57596800
2013-06-17,2.1256,2.1562,2.1106,2.1309,72758400
2013-06-18,2.1378,2.1753,2.1375,2.1662,67235200
2013-06-19,2.1688,2.1728,2.1147,2.1178,101926400
2013-06-20,2.0703,2.0841,2.0047,2.0144,160064000
2013-06-21,2.0172,2.0278,1.9641,1.9969,88009600
2013-06-24,1.9647,1.9875,1.9244,1.9566,106896000
2013-06-25,1.995,2.0013,1.9612,1.9837,76316800
2013-06-26,2.0184,2.0278,2.005,2.0175,72160000
2013-06-27,2.0409,2.0634,2.0356,2.0375,68038400
2013-06-28,2.0238,2.0672,2.0156,2.0394,78371200
2013-07-01,2.0709,2.1006,2.0638,2.0687,81539200
2013-07-02,2.0656,2.095,2.0481,2.0694,44448000
2013-07-03,2.0547,2.1059,2.0522,2.0869,27404800
2013-07-05,2.1109,2.1191,2.0769,2.1172,59292800
2013-07-08,2.1403,2.1406,2.1072,2.1209,38166400
2013-07-09,2.1409,2.1569,2.1225,2.1469,36035200
2013-07-10,2.1431,2.1781,2.1428,2.1728,37033600
2013-07-11,2.2188,2.2625,2.2169,2.2625,54336000
2013-07-12,2.2628,2.2812,2.25,2.2791,43164800
2013-07-15,2.2834,2.2916,2.2709,2.2897,40771200
2013-07-16,2.2925,2.2963,2.2716,2.2838,49744000
2013-07-17,2.2969,2.305,2.2816,2.2941,46243200
2013-07-18,2.2928,2.305,2.2756,2.2825,57660800
2013-07-19,2.2438,2.2444,2.2222,2.2362,56723200
2013-07-22,2.2541,2.2584,2.235,2.2472,34041600
2013-07-23,2.2575,2.2575,2.2119,2.2162,45657600
2013-07-24,2.2591,2.2606,2.2197,2.2297,46150400
2013-07-25,2.2513,2.2625,2.2269,2.2562,41510400
2013-07-26,2.2406,2.2816,2.2322,2.2806,33664000
2013-07-29,2.2722,2.2922,2.2609,2.2725,46835200
2013-07-30,2.2891,2.3156,2.2803,2.2956,51635200
2013-07-31,2.3056,2.3319,2.2969,2.3056,55315200
2013-08-01,2.3372,2.3591,2.3325,2.3512,42681600
2013-08-02,2.3544,2.3797,2.3425,2.3788,36521600
2013-08-05,2.3731,2.3856,2.3672,2.3822,27232000
2013-08-06,2.375,2.3797,2.3344,2.3537,50659200
2013-08-07,2.3409,2.3525,2.3109,2.345,64249600
2013-08-08,2.3716,2.3781,2.3369,2.3663,55721600
2013-08-09,2.3616,2.3759,2.3353,2.3491,40556800
2013-08-12,2.3303,2.3675,2.3297,2.3578,65683200
2013-08-13,2.3644,2.3966,2.3316,2.3841,70147200
2013-08-14,2.3837,2.3903,2.3612,2.3675,71340800
2013-08-15,2.3166,2.3166,2.2747,2.2887,57756800
2013-08-16,2.2881,2.3081,2.2775,2.2844,57670400
2013-08-19,2.2869,2.3241,2.2759,2.2772,57177600
2013-08-20,2.2866,2.3181,2.2816,2.2972,45008000
2013-08-21,2.2831,2.3216,2.2647,2.2812,63923200
2013-08-22,2.3006,2.3284,2.2991,2.3244,55203200
2013-08-23,2.3591,2.3625,2.3416,2.3575,61897600
2013-08-26,2.36,2.3944,2.3497,2.3581,78521600
2013-08-27,2.3038,2.3259,2.2525,2.2606,118259200
2013-08-28,2.2581,2.2994,2.2575,2.2809,59622400
2013-08-29,2.2781,2.3341,2.2722,2.3119,64089600
2013-08-30,2.3163,2.3163,2.2662,2.2816,68828800
2013-09-03,2.3203,2.34,2.2875,2.3053,62048000
2013-09-04,2.3231,2.3641,2.3106,2.3572,65494400
2013-09-05,2.3597,2.3781,2.3584,2.3653,45568000
2013-09-06,2.38,2.3947,2.3175,2.3706,91158400
2013-09-09,2.3903,2.4341,2.3903,2.425,49776000
2013-09-10,2.4537,2.4562,2.4325,2.4497,70390400
2013-09-11,2.4181,2.4431,2.4116,2.4406,46428800
2013-09-12,2.4391,2.4522,2.4272,2.4359,51107200
2013-09-13,2.4437,2.4447,2.4144,2.4403,32937600
2013-09-16,2.4791,2.4809,2.4162,2.4262,38761600
2013-09-17,2.4369,2.4647,2.4369,2.4594,35030400
2013-09-18,2.4669,2.5278,2.4562,2.5178,45824000
2013-09-19,2.5331,2.5412,2.5219,2.5294,30729600
2013-09-20,2.5422,2.5469,2.5094,2.5113,37628800
2013-09-23,2.5353,2.5387,2.4787,2.5006,39772800
2013-09-24,2.5116,2.5284,2.485,2.5016,33462400
2013-09-25,2.5044,2.5122,2.475,2.4866,54444800
2013-09-26,2.5044,2.5353,2.5031,2.5234,40940800
2013-09-27,2.4959,2.5259,2.4869,2.5178,52864000
2013-09-30,2.465,2.5172,2.4484,2.4997,79593600
2013-10-01,2.505,2.5578,2.5019,2.5556,49129600
2013-10-02,2.5206,2.5606,2.5159,2.5528,52505600
2013-10-03,2.5472,2.5581,2.4672,2.4941,59833600
2013-10-04,2.4928,2.5434,2.4891,2.5356,39856000
2013-10-07,2.4934,2.5338,2.4906,2.4938,51856000
2013-10-08,2.495,2.4978,2.3969,2.4006,89462400
2013-10-09,2.4097,2.4113,2.3444,2.3831,85142400
2013-10-10,2.4337,2.4944,2.4337,2.4819,87622400
2013-10-11,2.4719,2.5266,2.4713,2.5228,66112000
2013-10-14,2.4916,2.5578,2.4878,2.5575,57417600
2013-10-15,2.5538,2.5784,2.5325,2.5384,113964800
2013-10-16,2.5603,2.5984,2.5581,2.5956,88153600
2013-10-17,2.5716,2.6272,2.5684,2.6253,78169600
2013-10-18,2.6728,2.7122,2.6584,2.71,86137600
2013-10-21,2.7206,2.7353,2.7062,2.7213,74185600
2013-10-22,2.7413,2.7597,2.6962,2.7259,107747200
2013-10-23,2.7037,2.7137,2.6713,2.6975,109894400
2013-10-24,2.7009,2.7319,2.6925,2.72,60364800
2013-10-25,2.7719,2.7838,2.7338,2.7578,95027200
2013-10-28,2.7594,2.7691,2.7359,2.7606,82665600
2013-10-29,2.7772,2.7828,2.7456,2.7684,132425600
2013-10-30,2.7891,2.7975,2.7378,2.7638,137129600
2013-10-31,2.7509,2.7853,2.7313,2.7513,118224000
2013-11-01,2.7675,2.7759,2.7259,2.7522,85600000
2013-11-04,2.7703,2.7703,2.7409,2.7587,39737600
2013-11-05,2.7372,2.7891,2.7234,2.7666,54521600
2013-11-06,2.7884,2.7912,2.7475,2.765,71820800
2013-11-07,2.7644,2.7734,2.6569,2.6616,105452800
2013-11-08,2.6788,2.7338,2.6659,2.7334,87696000
2013-11-11,2.7219,2.7384,2.7059,2.725,56755200
2013-11-12,2.7069,2.74,2.7044,2.7322,93792000
2013-11-13,2.6975,2.7991,2.6962,2.7991,95593600
2013-11-14,2.7819,2.8194,2.7728,2.8144,94236800
2013-11-15,2.8169,2.8266,2.8025,2.8253,82048000
2013-11-18,2.8238,2.8359,2.7609,2.7734,99974400
2013-11-19,2.7691,2.7941,2.7456,2.7544,126345600
2013-11-20,2.7703,2.7906,2.7253,2.7438,172729600
2013-11-21,2.7619,2.8019,2.7597,2.7956,127251200
2013-11-22,2.8078,2.8294,2.8025,2.8275,128771200
2013-11-25,2.8481,2.8531,2.8266,2.84,93516800
2013-11-26,2.8422,2.8841,2.8294,2.8697,91990400
2013-11-27,2.8822,2.9119,2.8772,2.9091,97398400
2013-11-29,2.9316,2.9528,2.9284,2.9413,46563200
2013-12-02,2.9519,2.9603,2.9191,2.9262,75283200
2013-12-03,2.9234,2.9381,2.9003,2.9216,88048000
2013-12-04,2.8988,2.9472,2.8797,2.9272,92038400
2013-12-05,2.9344,2.9394,2.9056,2.9219,84457600
2013-12-06,2.9697,2.975,2.9344,2.9628,95856000
2013-12-09,2.9844,2.9991,2.9762,2.9859,94905600
2013-12-10,2.9753,2.9934,2.9709,2.9825,74976000
2013-12-11,2.9822,2.99,2.8975,2.9062,106236800
2013-12-12,2.9091,2.9219,2.8866,2.8922,103916800
2013-12-13,2.9162,2.9194,2.8712,2.8828,64057600
2013-12-16,2.9116,2.9475,2.9072,2.9144,57100800
2013-12-17,2.9162,2.9281,2.8922,2.9041,43561600
2013-12-18,2.9097,2.9753,2.8256,2.9716,166835200
2013-12-19,2.9588,2.9603,2.9272,2.9522,114192000
2013-12-20,2.9622,3.0256,2.9609,3.0116,93168000
2013-12-23,3.0612,3.0763,3.0444,3.0753,67436800
2013-12-24,3.0784,3.0825,3.0666,3.0794,31331200
2013-12-26,3.0884,3.1037,3.0781,3.0984,61670400
2013-12-27,3.1053,3.1097,3.0759,3.0825,75680000
2013-12-30,3.0734,3.0822,3.0569,3.0731,55686400
2013-12-31,3.0828,3.1125,3.0828,3.1125,55052800
2014-01-02,3.085,3.0863,3.0472,3.0647,70310400
2014-01-03,3.0656,3.0703,3.0191,3.0213,92188800
2014-01-06,3.0219,3.0281,2.9759,2.9966,131728000
2014-01-07,3.0244,3.0616,3.0147,3.0512,132166400
2014-01-08,3.0528,3.0828,3.0409,3.0669,117705600
2014-01-09,3.0872,3.0897,3.025,3.045,109100800
2014-01-10,3.0622,3.0719,3.015,3.0647,104531200
2014-01-13,3.0547,3.0778,2.9509,2.9719,146083200
2014-01-14,2.9944,3.0916,2.9944,3.0878,113846400
2014-01-15,3.1112,3.1506,3.1072,3.1369,104457600
2014-01-16,3.1319,3.1481,3.1231,3.1403,72393600
2014-01-17,3.1206,3.1378,3.0884,3.1034,73616000
2014-01-21,3.1434,3.1528,3.0978,3.1503,81907200
2014-01-22,3.1653,3.1816,3.1475,3.1688,69168000
2014-01-23,3.1466,3.1472,3.1012,3.1459,101129600
2014-01-24,3.1153,3.1231,3.0178,3.0178,152416000
2014-01-27,3.0231,3.0309,2.9175,2.9637,204976000
2014-01-28,2.9309,2.9644,2.9219,2.9594,94243200
2014-01-29,2.9072,2.9506,2.8834,2.8966,196211200
2014-01-30,2.9672,3.0216,2.96,2.9984,97337600
2014-01-31,2.9359,3.0144,2.9291,2.9856,121593600
2014-02-03,2.9766,3.0013,2.8334,2.8516,177078400
2014-02-04,2.8772,2.9131,2.8603,2.89,121347200
2014-02-05,2.8706,2.8956,2.8103,2.875,108406400
2014-02-06,2.8916,2.9547,2.8906,2.9456,83212800
2014-02-07,2.9825,3.0566,2.9641,3.0509,109321600
2014-02-10,3.0494,3.0906,3.0481,3.0869,87689600
2014-02-11,3.1,3.1703,3.0947,3.1569,117619200
2014-02-12,3.1713,3.1844,3.1516,3.1694,98265600
2014-02-13,3.1231,3.2219,3.1231,3.2156,104150400
2014-02-14,3.2134,3.2444,3.1962,3.23,84371200
2014-02-18,3.2378,3.2738,3.225,3.2616,64608000
2014-02-19,3.2475,3.2638,3.2031,3.2172,115001600
2014-02-20,3.2209,3.2581,3.1941,3.2434,111888000
2014-02-21,3.2662,3.2762,3.23,3.2344,91769600
2014-02-24,3.2513,3.3012,3.2456,3.2731,70592000
2014-02-25,3.2803,3.2944,3.2438,3.2631,112841600
2014-02-26,3.2834,3.3022,3.2328,3.2578,116316800
2014-02-27,3.2597,3.3069,3.2494,3.3009,82201600
2014-02-28,3.2991,3.3381,3.2356,3.2919,106700800
2014-03-03,3.2294,3.2606,3.1859,3.2438,104294400
2014-03-04,3.3141,3.3387,3.3084,3.3266,130777600
2014-03-05,3.3372,3.3563,3.3238,3.345,85004800
2014-03-06,3.3588,3.3647,3.3147,3.3372,90723200
2014-03-07,3.3609,3.3659,3.2722,3.3047,124304000
2014-03-10,3.3025,3.3144,3.2687,3.3097,77929600
2014-03-11,3.3272,3.3438,3.2634,3.2828,135974400
2014-03-12,3.2538,3.3097,3.2287,3.3056,110128000
2014-03-13,3.3322,3.3338,3.1834,3.2141,176160000
2014-03-14,3.1913,3.2209,3.1672,3.1678,129161600
2014-03-17,3.2091,3.2769,3.2066,3.2256,93056000
2014-03-18,3.2322,3.3094,3.2313,3.3028,108176000
2014-03-19,3.305,3.3116,3.2234,3.2684,128336000
2014-03-20,3.2469,3.3041,3.2328,3.2844,98176000
2014-03-21,3.3203,3.3253,3.1931,3.2044,169881600
2014-03-24,3.2287,3.2334,3.0919,3.1506,196688000
2014-03-25,3.1825,3.2222,3.1178,3.1691,171043200
2014-03-26,3.2019,3.2147,3.0869,3.0875,162048000
2014-03-27,3.0809,3.1069,3.0203,3.0531,136320000
2014-03-28,3.0728,3.1319,3.0481,3.0659,103923200
2014-03-31,3.1112,3.1488,3.105,3.1078,107219200
2014-04-01,3.1375,3.2206,3.1369,3.2162,111977600
2014-04-02,3.2441,3.2506,3.2044,3.2334,107459200
2014-04-03,3.2413,3.2503,3.1469,3.1828,103200000
2014-04-04,3.2228,3.2309,2.9969,3.0109,228656000
2014-04-07,2.9756,3.0297,2.9141,2.9572,183072000
2014-04-08,2.9619,3.0172,2.9416,3.0091,135984000
2014-04-09,3.0322,3.1166,3.0162,3.1131,105782400
2014-04-10,3.1144,3.1163,2.9034,2.9209,244662400
2014-04-11,2.8678,2.9431,2.8384,2.8531,173683200
2014-04-14,2.9006,2.9266,2.8428,2.8966,149254400
2014-04-15,2.9159,2.9481,2.7938,2.915,180780800
2014-04-16,2.9669,2.9928,2.9184,2.9909,89075200
2014-04-17,2.9713,3.0228,2.9553,2.9928,69481600
2014-04-21,3.0084,3.0384,2.9803,3.0381,70403200
2014-04-22,3.0569,3.1009,3.0481,3.0872,55772800
2014-04-23,3.0866,3.0881,3.0278,3.0316,64211200
2014-04-24,3.1328,3.1328,3.0238,3.0906,94345600
2014-04-25,3.0525,3.0594,2.9766,2.9909,84854400
2014-04-28,3.0175,3.0538,2.9153,3.0125,147641600
2014-04-29,3.0287,3.0687,2.9991,3.0578,62643200
2014-04-30,3.0316,3.0794,3.0141,3.0741,65504000
2014-05-01,3.0816,3.1266,3.0684,3.0938,69664000
2014-05-02,3.1116,3.1241,3.0663,3.0819,92012800
2014-05-05,3.045,3.1141,3.0297,3.1131,59558400
2014-05-06,3.1044,3.1066,3.0294,3.0319,79705600
2014-05-07,3.0459,3.0506,2.9437,3.0134,105225600
2014-05-08,2.9928,3.0806,2.9797,3.0087,110300800
2014-05-09,3.0034,3.0344,2.9653,3.0319,88915200
2014-05-12,3.0672,3.1322,3.0619,3.1291,48515200
2014-05-13,3.1363,3.1572,3.1231,3.1331,48579200
2014-05-14,3.1156,3.1394,3.0875,3.1003,37392000
2014-05-15,3.1003,3.1109,3.0141,3.0534,81430400
2014-05-16,3.0594,3.0966,3.0203,3.0928,52339200
2014-05-19,3.0756,3.145,3.0641,3.1375,45942400
2014-05-20,3.1319,3.1553,3.0869,3.1141,58121600
2014-05-21,3.1241,3.175,3.1206,3.1728,44745600
2014-05-22,3.1788,3.2172,3.17,3.1988,46982400
2014-05-23,3.2062,3.2475,3.1919,3.2469,26233600
2014-05-27,3.2762,3.3287,3.2697,3.3287,33321600
2014-05-28,3.3244,3.335,3.3012,3.3066,55068800
2014-05-29,3.3306,3.3497,3.3166,3.3481,39878400
2014-05-30,3.3506,3.3606,3.315,3.3503,32217600
2014-06-02,3.3578,3.3594,3.3009,3.3419,31388800
2014-06-03,3.3206,3.3503,3.3125,3.3403,26681600
2014-06-04,3.3231,3.375,3.3131,3.3628,28883200
2014-06-05,3.3703,3.4334,3.3478,3.4206,39452800
2014-06-06,3.4475,3.4594,3.4328,3.4594,36284800
2014-06-09,3.4622,3.4722,3.4356,3.4541,30595200
2014-06-10,3.4488,3.47,3.4409,3.4647,30547200
2014-06-11,3.4422,3.4747,3.4366,3.4628,36630400
2014-06-12,3.4506,3.4581,3.3781,3.4037,58752000
2014-06-13,3.4316,3.4391,3.3925,3.4222,37555200
2014-06-16,3.4113,3.4478,3.3956,3.4275,28521600
2014-06-17,3.4244,3.4497,3.4109,3.4309,31670400
2014-06-18,3.4391,3.4791,3.4003,3.4728,36428800
2014-06-19,3.48,3.485,3.4347,3.4653,31721600
2014-06-20,3.4694,3.4787,3.455,3.4719,25084800
2014-06-23,3.4719,3.4762,3.4541,3.4738,27811200
2014-06-24,3.4738,3.5322,3.4478,3.4675,60083200
2014-06-25,3.4466,3.5175,3.4453,3.5066,47814400
2014-06-26,3.5097,3.5125,3.4556,3.5094,55641600
2014-06-27,3.4987,3.5409,3.4987,3.5387,41836800
2014-06-30,3.5369,3.5697,3.5347,3.5531,30547200
2014-07-01,3.5753,3.6484,3.5734,3.6316,32204800
2014-07-02,3.6341,3.6525,3.6278,3.6425,34329600
2014-07-03,3.665,3.6859,3.6459,3.6853,32624000
2014-07-07,3.6788,3.6881,3.6512,3.6641,54601600
2014-07-08,3.6519,3.655,3.5466,3.5775,67916800
2014-07-09,3.5959,3.6366,3.5747,3.63,50086400
2014-07-10,3.5387,3.6363,3.5281,3.6075,43686400
2014-07-11,3.6234,3.6519,3.6028,3.6503,36265600
2014-07-14,3.6856,3.7125,3.6731,3.6981,27360000
2014-07-15,3.7088,3.7188,3.6181,3.6725,59190400
2014-07-16,3.7231,3.7313,3.6925,3.7003,27206400
2014-07-17,3.6788,3.7056,3.5784,3.6028,64441600
2014-07-18,3.6406,3.7194,3.6303,3.7131,43590400
2014-07-21,3.6984,3.7178,3.6716,3.7047,24688000
2014-07-22,3.7394,3.7641,3.7328,3.755,25222400
2014-07-23,3.78,3.8094,3.7659,3.8009,31715200
2014-07-24,3.8138,3.8231,3.7816,3.7934,40937600
2014-07-25,3.7556,3.7728,3.7238,3.76,31808000
2014-07-28,3.7687,3.7834,3.7069,3.7644,30073600
2014-07-29,3.7797,3.7972,3.7453,3.7531,57894400
2014-07-30,3.7916,3.8075,3.7528,3.7819,38521600
2014-07-31,3.7203,3.73,3.6169,3.6275,63817600
2014-08-01,3.6137,3.6525,3.5525,3.6016,73062400
2014-08-04,3.6191,3.6781,3.5897,3.6488,44748800
2014-08-05,3.6203,3.6412,3.5603,3.5947,69804800
2014-08-06,3.5484,3.6312,3.5444,3.5875,53731200
2014-08-07,3.6188,3.6344,3.5403,3.5663,58691200
2014-08-08,3.5778,3.6244,3.5459,3.6159,47734400
2014-08-11,3.6422,3.6819,3.6403,3.6597,29232000
2014-08-12,3.6506,3.6744,3.6184,3.6544,34995200
2014-08-13,3.6875,3.7359,3.6816,3.7341,31372800
2014-08-14,3.7422,3.7728,3.7331,3.7725,34316800
2014-08-15,3.8134,3.8259,3.7378,3.8075,49251200
2014-08-18,3.8444,3.8741,3.8372,3.8678,27491200
2014-08-19,3.8856,3.9144,3.8812,3.9103,18812800
2014-08-20,3.9025,3.9256,3.8978,3.9125,22620800
2014-08-21,3.9162,3.9316,3.9022,3.9259,18966400
2014-08-22,3.9284,3.9531,3.9116,3.9369,24585600
2014-08-25,3.975,3.9878,3.9466,3.9656,31219200
2014-08-26,3.9772,3.9825,3.9556,3.975,18704000
2014-08-27,3.9756,3.9838,3.9581,3.9753,14576000
2014-08-28,3.9481,3.9744,3.94,3.9637,24307200
2014-08-29,3.9831,3.9959,3.9547,3.9956,16944000
2014-09-02,4.0153,4.02,3.9853,4.0184,28064000
2014-09-03,4.0381,4.0381,3.9566,3.9713,42441600
2014-09-04,3.9894,4.0287,3.9431,3.9606,43699200
2014-09-05,3.9766,4.0069,3.9347,4.005,33385600
2014-09-08,4.0025,4.0369,3.9816,4.0178,44963200
2014-09-09,4.0147,4.0478,3.9366,3.9522,57907200
2014-09-10,3.9616,4.0188,3.9394,4.0134,34265600
2014-09-11,3.9803,4.0134,3.9509,4.0103,48048000
2014-09-12,4.0025,4.0037,3.9434,3.9678,78454400
2014-09-15,3.9756,3.9772,3.8672,3.8897,77958400
2014-09-16,3.8612,3.9734,3.8553,3.9581,62556800
2014-09-17,3.9575,4.0078,3.9262,3.9725,39696000
2014-09-18,3.995,4.0306,3.9872,4.03,21830400
2014-09-19,4.0628,4.0653,3.9928,4.0228,42764800
2014-09-22,4.0041,4.0066,3.9159,3.9509,46976000
2014-09-23,3.9194,3.9637,3.9125,3.9291,50550400
2014-09-24,3.9334,4.0156,3.91,4.0128,39996800
2014-09-25,3.9862,3.9969,3.8416,3.8447,67840000
2014-09-26,3.8666,3.9388,3.8563,3.9284,47913600
2014-09-29,3.8475,3.9359,3.8431,3.9169,60716800
2014-09-30,3.9372,3.9669,3.8894,3.9288,63036800
2014-10-01,3.9062,3.9106,3.7759,3.8016,88470400
2014-10-02,3.8003,3.8238,3.7047,3.7991,98915200
2014-10-03,3.8416,3.9062,3.8187,3.8753,50595200
2014-10-06,3.8959,3.9178,3.8353,3.8584,48710400
2014-10-07,3.8203,3.8438,3.7478,3.7494,69747200
2014-10-08,3.7553,3.9175,3.7078,3.8984,66444800
2014-10-09,3.8844,3.9031,3.7556,3.7675,121603200
2014-10-10,3.7219,3.7659,3.5781,3.5787,78640000
2014-10-13,3.5663,3.6203,3.4613,3.4684,134067200
2014-10-14,3.5122,3.5559,3.4484,3.4669,141110400
2014-10-15,3.3622,3.4506,3.2641,3.425,159776000
2014-10-16,3.2797,3.4375,3.2766,3.3797,155302400
2014-10-17,3.4688,3.5334,3.4284,3.47,133523200
2014-10-20,3.4656,3.5775,3.4544,3.5725,66249600
2014-10-21,3.6597,3.7594,3.6428,3.7594,92204800
2014-10-22,3.7797,3.7928,3.7159,3.7194,67129600
2014-10-23,3.7919,3.8737,3.7825,3.8334,80630400
2014-10-24,3.845,3.8991,3.8191,3.8919,64921600
2014-10-27,3.8766,3.9144,3.8475,3.9022,57811200
2014-10-28,3.9319,4.0184,3.9316,4.0175,61228800
2014-10-29,3.9906,4.0119,3.9309,3.9866,96761600
2014-10-30,3.9519,4.0228,3.9344,4.0059,63936000
2014-10-31,4.1378,4.1422,4.0881,4.1144,64524800
2014-11-03,4.1225,4.16,4.1178,4.1381,32784000
2014-11-04,4.1122,4.1325,4.055,4.1125,56838400
2014-11-05,4.1638,4.1647,4.0828,4.11,55926400
2014-11-06,4.1094,4.1394,4.0769,4.1375,49459200
2014-11-07,4.1506,4.1553,4.0875,4.1281,41660800
2014-11-10,4.1328,4.1697,4.1119,4.1597,31795200
2014-11-11,4.1622,4.1834,4.1384,4.1834,36137600
2014-11-12,4.1512,4.2078,4.15,4.1991,28262400
2014-11-13,4.2159,4.2666,4.1962,4.2341,47875200
2014-11-14,4.2322,4.2603,4.2053,4.2594,24310400
2014-11-17,4.2416,4.2597,4.1959,4.2331,30188800
2014-11-18,4.2425,4.3097,4.2425,4.2991,21846400
2014-11-19,4.2894,4.2894,4.2216,4.2594,36588800
2014-11-20,4.225,4.3047,4.2169,4.2978,19459200
2014-11-21,4.3753,4.3816,4.2878,4.3137,39462400
2014-11-24,4.3378,4.3853,4.3306,4.3825,25868800
2014-11-25,4.3941,4.4206,4.3722,4.3956,30569600
2014-11-26,4.4034,4.4578,4.3947,4.4528,28668800
2014-11-28,4.4766,4.5131,4.4716,4.4925,15664000
2014-12-01,4.4681,4.4844,4.3581,4.39,47571200
2014-12-02,4.3991,4.4416,4.3819,4.425,30246400
2014-12-03,4.4378,4.4538,4.3881,4.4428,32976000
2014-12-04,4.4338,4.4719,4.4009,4.4359,40777600
2014-12-05,4.4525,4.4653,4.4191,4.4381,26636800
2014-12-08,4.4181,4.4538,4.3281,4.3722,37024000
2014-12-09,4.2706,4.4072,4.2419,4.4044,54467200
2014-12-10,4.3878,4.4066,4.2469,4.2638,53939200
2014-12-11,4.2869,4.4047,4.2863,4.3047,34550400
2014-12-12,4.2206,4.3184,4.2094,4.2109,48355200
2014-12-15,4.2541,4.2841,4.0978,4.125,73699200
2014-12-16,4.0684,4.1912,3.9875,3.9891,75068800
2014-12-17,3.9947,4.1575,3.9844,4.1309,80835200
2014-12-18,4.2547,4.3356,4.23,4.335,61945600
2014-12-19,4.3412,4.4069,4.3222,4.3641,48790400
2014-12-22,4.3562,4.3931,4.3503,4.3916,38771200
2014-12-23,4.4234,4.4237,4.3491,4.3628,27267200
2014-12-24,4.3697,4.4,4.3641,4.3678,8214400
2014-12-26,4.3928,4.4466,4.3909,4.4297,16185600
2014-12-29,4.4203,4.4456,4.4159,4.4278,20131200
2014-12-30,4.3978,4.4209,4.3547,4.365,28761600
2014-12-31,4.3787,4.4153,4.2641,4.2731,36044800
2015-01-02,4.3156,4.3538,4.2097,4.2553,49910400
2015-01-05,4.2141,4.2231,4.1028,4.1256,56867200
2015-01-06,4.1381,4.1509,3.9791,4.0169,52531200
2015-01-07,4.0694,4.1369,4.0487,4.1172,52400000
2015-01-08,4.19,4.2922,4.1803,4.2747,52544000
2015-01-09,4.3003,4.3056,4.1716,4.2197,55964800
2015-01-12,4.2378,4.2422,4.1103,4.1328,41520000
2015-01-13,4.2116,4.2991,4.0628,4.1266,75494400
2015-01-14,4.0441,4.1247,4.0113,4.0856,73990400
2015-01-15,4.1213,4.1334,3.9669,3.9778,57065600
2015-01-16,3.9628,4.08,3.9541,4.0716,70736000
2015-01-20,4.1197,4.1531,4.0269,4.1344,62960000
2015-01-21,4.1097,4.2131,4.08,4.1762,58675200
2015-01-22,4.2072,4.3387,4.1341,4.3306,63420800
2015-01-23,4.3309,4.3756,4.305,4.3494,55900800
2015-01-26,4.3403,4.3553,4.2956,4.3406,45145600
2015-01-27,4.2038,4.2069,4.0866,4.1181,64156800
2015-01-28,4.2472,4.2541,4.07,4.0731,67196800
2015-01-29,4.0631,4.1634,3.9944,4.1478,60240000
2015-01-30,4.1431,4.2047,4.0741,4.0872,50736000
2015-02-02,4.1022,4.1634,3.9778,4.1566,51113600
2015-02-03,4.1856,4.2409,4.1312,4.2362,51491200
2015-02-04,4.1984,4.2841,4.1819,4.2266,57708800
2015-02-05,4.2488,4.3059,4.2278,4.3006,41363200
2015-02-06,4.3162,4.3344,4.2181,4.2484,41513600
2015-02-09,4.2153,4.2609,4.2019,4.2209,32976000
2015-02-10,4.2688,4.3641,4.2541,4.3528,37068800
2015-02-11,4.3603,4.4034,4.3466,4.3853,40476800
2015-02-12,4.4406,4.4894,4.4278,4.4853,42793600
2015-02-13,4.5131,4.5637,4.4956,4.5619,52553600
2015-02-17,4.5619,4.5769,4.5409,4.5709,30774400
2015-02-18,4.5606,4.5884,4.5478,4.5844,27852800
2015-02-19,4.5784,4.6344,4.5759,4.6291,37606400
2015-02-20,4.6234,4.6959,4.5947,4.6906,42032000
2015-02-23,4.6878,4.7022,4.6653,4.7016,28160000
2015-02-24,4.6884,4.7175,4.6613,4.7075,33712000
2015-02-25,4.6928,4.7281,4.6634,4.6831,32339200
2015-02-26,4.6916,4.735,4.6675,4.7306,29814400
2015-02-27,4.7272,4.7328,4.6744,4.6894,25292800
2015-03-02,4.7053,4.7762,4.7044,4.7737,36713600
2015-03-03,4.7438,4.7541,4.6687,4.7269,48896000
2015-03-04,4.6981,4.7103,4.6406,4.6928,41088000
2015-03-05,4.7162,4.7362,4.6697,4.7072,34275200
2015-03-06,4.6966,4.7137,4.5775,4.5984,46400000
2015-03-09,4.6191,4.6497,4.5816,4.6241,29580800
2015-03-10,4.5613,4.5625,4.4559,4.4581,58320000
2015-03-11,4.4684,4.4788,4.4006,4.4041,43008000
2015-03-12,4.3966,4.4725,4.3919,4.4637,39644800
2015-03-13,4.4547,4.4887,4.3675,4.4225,60326400
2015-03-16,4.4544,4.5391,4.4459,4.5391,39872000
2015-03-17,4.5109,4.5641,4.4913,4.5503,30633600
2015-03-18,4.525,4.6806,4.4794,4.6413,36582400
2015-03-19,4.6509,4.6784,4.6375,4.6537,28147200
2015-03-20,4.7284,4.7597,4.7134,4.7178,28662400
2015-03-23,4.71,4.7353,4.6922,4.6944,28208000
2015-03-24,4.6931,4.7369,4.6591,4.6609,28886400
2015-03-25,4.675,4.6819,4.4419,4.4447,73417600
2015-03-26,4.3741,4.465,4.3428,4.415,73030400
2015-03-27,4.4122,4.4703,4.4003,4.4509,38044800
2015-03-30,4.505,4.5594,4.5047,4.5594,51913600
2015-03-31,4.5272,4.545,4.4534,4.4547,37097600
2015-04-01,4.4531,4.4559,4.3516,4.4088,47820800
2015-04-02,4.4175,4.4416,4.3875,4.4131,29948800
2015-04-06,4.3616,4.51,4.3488,4.4856,45132800
2015-04-07,4.4822,4.5447,4.47,4.47,31840000
2015-04-08,4.4741,4.5531,4.4722,4.5409,44048000
2015-04-09,4.5372,4.6003,4.5059,4.5978,32569600
2015-04-10,4.5953,4.6356,4.5734,4.6347,26812800
2015-04-13,4.6428,4.6884,4.6016,4.6109,33088000
2015-04-14,4.6025,4.6284,4.5334,4.5853,32924800
2015-04-15,4.61,4.6613,4.5988,4.6391,32646400
2015-04-16,4.6169,4.6444,4.6047,4.6278,25638400
2015-04-17,4.5409,4.5653,4.4453,4.4853,56896000
2015-04-20,4.5294,4.6331,4.5262,4.6188,42476800
2015-04-21,4.67,4.6875,4.6481,4.6569,31036800
2015-04-22,4.6816,4.7231,4.6216,4.7072,38540800
2015-04-23,4.6775,4.7841,4.6753,4.745,35187200
2015-04-24,4.8438,4.8841,4.8284,4.8706,35782400
2015-04-27,4.9094,4.9262,4.8272,4.8484,44921600
2015-04-28,4.8541,4.8725,4.7466,4.8256,40409600
2015-04-29,4.7712,4.8294,4.7147,4.7678,52985600
2015-04-30,4.7144,4.7516,4.5687,4.6144,66310400
2015-05-01,4.6522,4.7438,4.6519,4.74,50771200
2015-05-04,4.7703,4.8125,4.7488,4.7528,32883200
2015-05-05,4.7181,4.7337,4.595,4.6019,56124800
2015-05-06,4.6147,4.6406,4.4741,4.5403,69468800
2015-05-07,4.5328,4.6147,4.5259,4.5897,59894400
2015-05-08,4.6828,4.7238,4.6706,4.7025,46412800
2015-05-11,4.71,4.7281,4.6609,4.6644,33456000
2015-05-12,4.6109,4.6712,4.5413,4.6253,35318400
2015-05-13,4.6659,4.7128,4.63,4.6431,33769600
2015-05-14,4.7172,4.7869,4.6844,4.7775,39398400
2015-05-15,4.8047,4.8162,4.7562,4.7797,25430400
2015-05-18,4.7606,4.8384,4.755,4.8206,19603200
2015-05-19,4.8297,4.845,4.7947,4.8078,23190400
2015-05-20,4.8144,4.8725,4.7656,4.8131,20947200
2015-05-21,4.8006,4.8775,4.7856,4.865,15408000
2015-05-22,4.8544,4.8906,4.8475,4.8587,16776000
2015-05-26,4.8319,4.8469,4.705,4.7425,20833600
2015-05-27,4.7731,4.9056,4.7512,4.895,19657600
2015-05-28,4.8781,4.8987,4.8444,4.8738,13361600
2015-05-29,4.8663,4.8806,4.7944,4.8187,20968000
2015-06-01,4.8656,4.8731,4.7706,4.8456,24211200
2015-06-02,4.8106,4.8631,4.7656,4.8162,18238400
2015-06-03,4.8594,4.8812,4.8225,4.8444,20905600
2015-06-04,4.7881,4.8519,4.7413,4.7744,28294400
2015-06-05,4.7613,4.7812,4.6931,4.7494,30273600
2015-06-08,4.7431,4.75,4.6331,4.6537,25294400
2015-06-09,4.63,4.67,4.5669,4.6388,36558400
2015-06-10,4.6681,4.79,4.6588,4.7587,29083200
2015-06-11,4.7969,4.8194,4.7587,4.7756,23548800
2015-06-12,4.7256,4.7456,4.6863,4.6975,21289600
2015-06-15,4.6275,4.665,4.5738,4.6531,30616000
2015-06-16,4.64,4.7162,4.6375,4.7,19147200
2015-06-17,4.7169,4.7575,4.6687,4.7263,30118400
2015-06-18,4.76,4.8794,4.7569,4.8606,37004800
2015-06-19,4.87,4.8762,4.8131,4.8144,21691200
2015-06-22,4.8906,4.9163,4.8656,4.8856,25342400
2015-06-23,4.8975,4.9031,4.8556,4.8944,18539200
2015-06-24,4.8825,4.9244,4.8419,4.8463,20600000
2015-06-25,4.88,4.8913,4.8094,4.8231,18832000
2015-06-26,4.8219,4.8438,4.725,4.7644,24121600
2015-06-29,4.6537,4.7081,4.5331,4.5413,60380800
2015-06-30,4.6062,4.6231,4.5406,4.5719,41563200
2015-07-01,4.6606,4.6762,4.5994,4.6413,35521600
2015-07-02,4.6631,4.675,4.6156,4.645,24888000
2015-07-06,4.5856,4.6737,4.5656,4.6231,30097600
2015-07-07,4.6294,4.6531,4.4612,4.6413,45302400
2015-07-08,4.5763,4.5875,4.4662,4.4819,34675200
2015-07-09,4.5988,4.6081,4.4731,4.4756,33920000
2015-07-10,4.5956,4.6469,4.5631,4.6156,30080000
2015-07-13,4.6937,4.7825,4.6919,4.7725,35947200
2015-07-14,4.7856,4.8625,4.7831,4.8362,27507200
2015-07-15,4.8544,4.8837,4.8194,4.8475,28744000
2015-07-16,4.925,4.9844,4.9075,4.9825,29054400
2015-07-17,5.0625,5.1275,5.0487,5.1275,26270400
2015-07-20,5.1575,5.2038,5.1206,5.1669,32852800
2015-07-21,5.1681,5.1838,5.1294,5.1569,21862400
2015-07-22,5.0006,5.0906,5.0006,5.045,25454400
2015-07-23,5.0544,5.0844,4.9788,5.0025,23305600
2015-07-24,5.0569,5.0625,4.8913,4.9075,25414400
2015-07-27,4.8494,4.8919,4.8038,4.8231,33828800
2015-07-28,4.8681,4.9262,4.7906,4.9062,35726400
2015-07-29,4.9269,4.9656,4.8913,4.9469,22785600
2015-07-30,4.92,5.0075,4.8631,4.9913,29233600
2015-07-31,5.0231,5.0269,4.9587,4.9794,24971200
2015-08-03,4.9806,5.0075,4.8831,4.9519,31363200
2015-08-04,4.9444,4.9594,4.8875,4.9288,29428800
2015-08-05,4.9837,5.0706,4.9738,5.0037,31587200
2015-08-06,5.0113,5.0262,4.8,4.8475,33689600
2015-08-07,4.8212,4.855,4.7531,4.8313,34811200
2015-08-10,4.89,4.9625,4.89,4.9406,28721600
2015-08-11,4.8875,4.9281,4.7613,4.8169,34705600
2015-08-12,4.7488,4.8669,4.6469,4.8456,45950400
2015-08-13,4.8575,4.9037,4.8113,4.8281,27896000
2015-08-14,4.8094,4.8594,4.79,4.8438,22438400
2015-08-17,4.8219,4.9288,4.7987,4.9244,23760000
2015-08-18,4.9131,4.9206,4.8625,4.8769,18832000
2015-08-19,4.8475,4.8975,4.755,4.8113,43784000
2015-08-20,4.7219,4.7537,4.5437,4.5475,57112000
2015-08-21,4.4194,4.4925,4.1575,4.1575,72264000
2015-08-24,3.4906,4.1562,3.4375,3.8444,62776000
2015-08-25,4.1125,4.1606,3.795,3.7994,48299200
2015-08-26,4.0181,4.1956,3.8625,4.18,62598400
2015-08-27,4.3006,4.3981,4.2006,4.39,77176000
2015-08-28,4.3513,4.4212,4.3269,4.395,35776000
2015-08-31,4.3419,4.3888,4.26,4.2819,33188800
2015-09-01,4.0725,4.1969,3.9781,4.0231,52409600
2015-09-02,4.155,4.2413,4.0681,4.2413,34131200
2015-09-03,4.2762,4.33,4.175,4.195,30068800
2015-09-04,4.0813,4.1537,4.0506,4.0969,36164800
2015-09-08,4.2575,4.3375,4.2213,4.3269,26227200
2015-09-09,4.4313,4.4325,4.2087,4.2319,33084800
2015-09-10,4.2206,4.3781,4.2137,4.32,32974400
2015-09-11,4.2819,4.3688,4.2587,4.3688,22892800
2015-09-14,4.4012,4.4025,4.3106,4.3419,16958400
2015-09-15,4.3625,4.4725,4.3337,4.4425,25451200
2015-09-16,4.4481,4.5037,4.4163,4.4944,29134400
2015-09-17,4.4913,4.6325,4.4612,4.4988,47859200
2015-09-18,4.3625,4.4763,4.3575,4.3738,29516800
2015-09-21,4.4194,4.4688,4.3206,4.3994,30708800
2015-09-22,4.2613,4.2937,4.1863,4.2688,33185600
2015-09-23,4.2875,4.3119,4.2306,4.2712,22238400
2015-09-24,4.1863,4.2731,4.1181,4.245,38792000
2015-09-25,4.3337,4.34,4.1181,4.17,32265600
2015-09-28,4.1312,4.1388,3.9081,3.9325,42627200
2015-09-29,3.9531,4.0319,3.8344,3.8937,44256000
2015-09-30,4.0019,4.0788,3.9706,4.0656,46081600
2015-10-01,4.0806,4.1056,3.9762,4.1031,33644800
2015-10-02,3.9925,4.2506,3.9669,4.2469,46131200
2015-10-05,4.3081,4.3938,4.2931,4.3725,42155200
2015-10-06,4.3525,4.3787,4.2619,4.3313,29628800
2015-10-07,4.3831,4.4,4.2706,4.38,43841600
2015-10-08,4.3463,4.43,4.2631,4.415,47060800
2015-10-09,4.4212,4.4725,4.3962,4.4519,32612800
2015-10-12,4.4738,4.4925,4.4412,4.4775,16592000
2015-10-13,4.4237,4.5156,4.4106,4.4156,32056000
2015-10-14,4.4181,4.4625,4.3669,4.4056,24844800
2015-10-15,4.4375,4.55,4.425,4.55,32547200
2015-10-16,4.5669,4.5919,4.5256,4.59,21331200
2015-10-19,4.5744,4.6456,4.555,4.6419,21553600
2015-10-20,4.6262,4.6419,4.5625,4.5938,18777600
2015-10-21,4.6344,4.6469,4.5319,4.5356,21136000
2015-10-22,4.6144,4.7269,4.5912,4.7213,37652800
2015-10-23,4.97,5.0225,4.9237,4.985,33454400
2015-10-26,4.9744,5.0094,4.94,4.9925,19278400
2015-10-27,4.9625,5.0244,4.9625,5.0094,15944000
2015-10-28,5.03,5.0938,4.9475,5.0938,28817600
2015-10-29,5.0444,5.0944,5.0363,5.0781,17475200
2015-10-30,5.0813,5.0994,5.0312,5.0338,21201600
2015-11-02,5.0606,5.1562,5.0375,5.1487,16329600
2015-11-03,5.125,5.2162,5.11,5.1831,13467200
2015-11-04,5.215,5.2213,5.1394,5.1844,21131200
2015-11-05,5.1875,5.2156,5.1,5.1494,16120000
2015-11-06,5.1312,5.1731,5.0681,5.1619,25353600
2015-11-09,5.1219,5.1344,4.9869,5.0525,22112000
2015-11-10,4.9969,5.0338,4.9669,5.0219,16998400
2015-11-11,5.0531,5.0994,4.995,5.0119,16364800
2015-11-12,4.9688,5.0175,4.9075,4.9131,22065600
2015-11-13,4.8738,4.8831,4.7156,4.7219,30329600
2015-11-16,4.7106,4.8581,4.6919,4.8562,21680000
2015-11-17,4.875,4.9325,4.8375,4.8625,30881600
2015-11-18,4.9006,5.0588,4.8913,5.0462,26038400
2015-11-19,5.0531,5.1019,5.0381,5.055,22539200
2015-11-20,5.1019,5.1312,5.0931,5.1219,16281600
2015-11-23,5.1244,5.165,5.0512,5.0944,14972800
2015-11-24,5.0275,5.1087,4.9775,5.0881,19467200
2015-11-25,5.0981,5.1125,5.0731,5.0931,13878400
2015-11-27,5.1137,5.1287,5.075,5.1094,6292800
2015-11-30,5.1344,5.1375,5.0487,5.0819,17892800
2015-12-01,5.1206,5.1838,5.1094,5.1838,19022400
2015-12-02,5.1912,5.2356,5.1038,5.1225,16875200
2015-12-03,5.1462,5.1619,4.885,4.9462,26660800
2015-12-04,4.9713,5.1925,4.955,5.1744,25499200
2015-12-07,5.1806,5.1856,5.0806,5.13,14718400
2015-12-08,5.0237,5.1619,5.0175,5.1319,18996800
2015-12-09,5.0844,5.1394,4.9125,4.975,30688000
2015-12-10,4.9975,5.0837,4.9662,5.0181,25616000
2015-12-11,4.9037,4.9262,4.78,4.7894,33006400
2015-12-14,4.8044,4.8637,4.665,4.8637,38403200
2015-12-15,4.9444,5.0025,4.9056,4.92,23908800
2015-12-16,4.9825,5.0788,4.8775,5.0581,32404800
2015-12-17,5.1094,5.1094,4.915,4.9181,29236800
2015-12-18,4.88,4.9044,4.73,4.7356,34099200
2015-12-21,4.815,4.8337,4.7469,4.8331,27478400
2015-12-22,4.8794,4.9056,4.83,4.8931,15635200
2015-12-23,4.9412,4.9706,4.9256,4.9669,13251200
2015-12-24,4.9625,4.9906,4.9575,4.9631,7520000
2015-12-28,4.9381,4.9563,4.8663,4.9538,18648000
2015-12-29,5.0138,5.1325,5.0113,5.1094,15214400
2015-12-30,5.1,5.1056,5.0188,5.0212,10608000
2015-12-31,4.9812,5.0006,4.8938,4.8975,20696000
2016-01-04,4.6788,4.6962,4.5675,4.6931,35806400
2016-01-05,4.73,4.7463,4.6281,4.6681,26548800
2016-01-06,4.5087,4.6337,4.5087,4.5837,27740800
2016-01-07,4.3869,4.5,4.2906,4.2981,48697600
2016-01-08,4.3644,4.41,4.215,4.2231,42179200
2016-01-11,4.2844,4.3075,4.1219,4.2531,41776000
2016-01-12,4.3313,4.3913,4.2269,4.3519,38926400
2016-01-13,4.3819,4.4025,4.0338,4.0487,50889600
2016-01-14,4.0806,4.2906,3.9494,4.2188,68628800
2016-01-15,3.9356,4.0456,3.85,3.9575,65014400
2016-01-19,4.0656,4.0756,3.8806,3.9744,39897600
2016-01-20,3.8537,4.0338,3.675,3.9519,71588800
2016-01-21,3.98,4.0744,3.8769,3.9613,39494400
2016-01-22,4.1094,4.1887,4.0887,4.1869,30761600
2016-01-25,4.1619,4.2025,4.0544,4.065,21739200
2016-01-26,4.0931,4.1675,4.0256,4.1369,21836800
2016-01-27,4.0875,4.1206,3.8944,3.9294,35966400
2016-01-28,4.0544,4.0613,3.9037,4.0381,42700800
2016-01-29,4.0381,4.2094,4.0338,4.2075,38099200
2016-02-01,4.1644,4.2613,4.135,4.2244,38388800
2016-02-02,4.1906,4.1931,4.0212,4.0456,40942400
2016-02-03,4.0975,4.0975,3.8681,4.0087,61872000
2016-02-04,3.9856,4.0687,3.9119,4.0075,38441600
2016-02-05,3.9769,3.9769,3.6969,3.7262,68220800
2016-02-08,3.5894,3.6444,3.4769,3.6131,89908800
2016-02-09,3.5156,3.6981,3.505,3.5887,62656000
2016-02-10,3.6769,3.7656,3.6125,3.6194,52228800
2016-02-11,3.5244,3.6637,3.505,3.6125,64488000
2016-02-12,3.6894,3.7231,3.62,3.7162,37144000
2016-02-16,3.8231,3.8781,3.7794,3.8781,39641600
2016-02-17,3.9425,4.0706,3.9206,4.0588,51164800
2016-02-18,4.0825,4.0844,3.9556,3.9688,37030400
2016-02-19,3.9331,4.0144,3.9113,3.9919,21908800
2016-02-22,4.065,4.1269,4.0569,4.12,25412800
2016-02-23,4.07,4.0938,3.9787,3.9844,24014400
2016-02-24,3.8925,4.0687,3.8419,4.0606,47172800
2016-02-25,4.0781,4.1381,4.0037,4.1381,36518400
2016-02-26,4.1988,4.2038,4.11,4.1287,28660800
2016-02-29,4.1213,4.1819,4.055,4.055,23267200
2016-03-01,4.1281,4.3156,4.1075,4.3131,29036800
2016-03-02,4.3038,4.3187,4.2512,4.3175,33582400
2016-03-03,4.3088,4.3125,4.2413,4.3025,27324800
2016-03-04,4.3088,4.3606,4.25,4.3063,27908800
2016-03-07,4.2619,4.3106,4.1906,4.2544,33275200
2016-03-08,4.1912,4.2663,4.1656,4.18,31656000
2016-03-09,4.2169,4.2356,4.1663,4.235,33705600
2016-03-10,4.275,4.3181,4.1156,4.2244,51094400
2016-03-11,4.3156,4.3688,4.2869,4.3688,34801600
2016-03-14,4.3356,4.4044,4.335,4.3819,36288000
2016-03-15,4.35,4.3881,4.325,4.38,18264000
2016-03-16,4.3569,4.4806,4.3569,4.4575,26411200
2016-03-17,4.4294,4.4725,4.3994,4.4525,22763200
2016-03-18,4.4725,4.4887,4.4212,4.4694,19916800
2016-03-21,4.4513,4.5069,4.445,4.5019,18492800
2016-03-22,4.4475,4.5481,4.4475,4.5269,20251200
2016-03-23,4.5069,4.51,4.4313,4.4481,19715200
2016-03-24,4.4012,4.4531,4.39,4.4506,31988800
2016-03-28,4.4769,4.4769,4.4225,4.4394,21395200
2016-03-29,4.4219,4.5856,4.4062,4.5756,26508800
2016-03-30,4.6331,4.6813,4.6056,4.6269,21083200
2016-03-31,4.6219,4.6512,4.5969,4.6125,21683200
2016-04-01,4.555,4.7119,4.5425,4.7075,27049600
2016-04-04,4.705,4.7137,4.6519,4.67,15491200
2016-04-05,4.5981,4.6344,4.5712,4.5856,22894400
2016-04-06,4.5912,4.7344,4.5912,4.7331,24446400
2016-04-07,4.68,4.6937,4.5569,4.5906,25952000
2016-04-08,4.6531,4.675,4.5575,4.5906,20640000
2016-04-11,4.63,4.6737,4.5538,4.555,21836800
2016-04-12,4.5588,4.6481,4.505,4.6331,22438400
2016-04-13,4.7025,4.7638,4.6906,4.7506,29584000
2016-04-14,4.7525,4.7844,4.725,4.75,17824000
2016-04-15,4.7413,4.7613,4.7025,4.725,13128000
2016-04-18,4.6988,4.7775,4.6931,4.775,15134400
2016-04-19,4.7869,4.805,4.665,4.7162,15326400
2016-04-20,4.7156,4.7675,4.685,4.7219,16120000
2016-04-21,4.7219,4.7581,4.6844,4.7244,15380800
2016-04-22,4.6056,4.645,4.5119,4.5837,20971200
2016-04-25,4.5531,4.5831,4.5381,4.5831,20844800
2016-04-26,4.6,4.6163,4.5106,4.5413,21633600
2016-04-27,4.445,4.485,4.3913,4.4631,35660800
2016-04-28,4.4744,4.5275,4.3369,4.3594,28190400
2016-04-29,4.3519,4.3731,4.2444,4.31,34160000
2016-05-02,4.3269,4.4031,4.2975,4.39,20142400
2016-05-03,4.3281,4.3675,4.2875,4.3106,17856000
2016-05-04,4.26,4.2888,4.2337,4.2544,22870400
2016-05-05,4.2812,4.3025,4.2356,4.2537,14476800
2016-05-06,4.2144,4.2975,4.2013,4.2975,18067200
2016-05-09,4.2956,4.3594,4.2931,4.32,18638400
2016-05-10,4.3531,4.4431,4.3362,4.4387,12568000
2016-05-11,4.4256,4.4519,4.3556,4.36,14916800
2016-05-12,4.3825,4.3875,4.2587,4.32,32142400
2016-05-13,4.3137,4.3644,4.2719,4.29,16592000
2016-05-16,4.3,4.4256,4.2925,4.3938,16824000
2016-05-17,4.3875,4.4113,4.2606,4.285,19136000
2016-05-18,4.2669,4.3612,4.2475,4.315,26556800
2016-05-19,4.2819,4.3,4.2069,4.2712,20454400
2016-05-20,4.305,4.3975,4.2981,4.3612,15123200
2016-05-23,4.3681,4.4044,4.3438,4.3494,12968000
2016-05-24,4.3969,4.5356,4.3969,4.5269,18547200
2016-05-25,4.5594,4.6175,4.545,4.5919,18772800
2016-05-26,4.605,4.6287,4.5781,4.6175,11008000
2016-05-27,4.6231,4.6663,4.6219,4.665,11939200
2016-05-31,4.68,4.6969,4.6369,4.6838,12563200
2016-06-01,4.6519,4.7044,4.6481,4.6813,13427200
2016-06-02,4.6631,4.7038,4.6137,4.7038,9129600
2016-06-03,4.6844,4.6875,4.5981,4.6575,15198400
2016-06-06,4.6756,4.7156,4.6594,4.6894,11830400
2016-06-07,4.6962,4.7056,4.6638,4.6706,8638400
2016-06-08,4.6788,4.7025,4.6506,4.6831,10907200
2016-06-09,4.6487,4.6781,4.6281,4.6669,15601600
2016-06-10,4.5825,4.6006,4.5306,4.5625,18483200
2016-06-13,4.5119,4.56,4.475,4.4831,24073600
2016-06-14,4.4669,4.5169,4.42,4.4875,19985600
2016-06-15,4.5075,4.5175,4.4469,4.46,15638400
2016-06-16,4.415,4.4919,4.3594,4.4869,27001600
2016-06-17,4.4688,4.4688,4.36,4.3831,24080000
2016-06-20,4.4844,4.5231,4.4288,4.4338,17139200
2016-06-21,4.45,4.4794,4.4306,4.4625,15651200
2016-06-22,4.4662,4.5163,4.4313,4.4381,18288000
2016-06-23,4.5062,4.5656,4.4706,4.5631,17403200
2016-06-24,4.235,4.3744,4.1719,4.1925,44379200
2016-06-27,4.1375,4.1375,3.9862,4.0306,34388800
2016-06-28,4.1106,4.2019,4.1094,4.2,25536000
2016-06-29,4.2625,4.3637,4.2613,4.3469,23608000
2016-06-30,4.3631,4.4531,4.3325,4.4475,19667200
2016-07-01,4.4462,4.525,4.4419,4.4919,17614400
2016-07-05,4.4494,4.455,4.39,4.4356,14720000
2016-07-06,4.3956,4.5125,4.3675,4.5075,21640000
2016-07-07,4.5156,4.5556,4.4944,4.5363,22222400
2016-07-08,4.5813,4.6806,4.5694,4.6762,23932800
2016-07-11,4.705,4.7631,4.705,4.7312,16667200
2016-07-12,4.7875,4.8006,4.7663,4.7762,12889600
2016-07-13,4.8019,4.8031,4.7531,4.7556,13334400
2016-07-14,4.8156,4.835,4.7944,4.8156,13686400
2016-07-15,4.8387,4.845,4.7812,4.8019,11956800
2016-07-18,4.8063,4.8812,4.8063,4.8656,10432000
2016-07-19,4.8337,4.8587,4.8131,4.8294,15460800
2016-07-20,4.8837,4.9606,4.8713,4.9431,15251200
2016-07-21,4.9506,4.9675,4.8931,4.9212,10196800
2016-07-22,4.9269,4.9713,4.8981,4.96,7872000
2016-07-25,4.9488,4.9625,4.9281,4.9625,7715200
2016-07-26,4.9581,5.0081,4.9225,4.975,17550400
2016-07-27,5.0556,5.0662,4.9981,5.0388,19049600
2016-07-28,5.0569,5.0881,5.025,5.0775,16355200
2016-07-29,5.0981,5.1244,5.0662,5.0969,13929600
2016-08-01,5.1044,5.1762,5.0925,5.15,17864000
2016-08-02,5.1363,5.1419,5.0069,5.0719,23694400
2016-08-03,5.0631,5.1075,5.06,5.1075,13172800
2016-08-04,5.1056,5.1444,5.0788,5.1356,14243200
2016-08-05,5.1894,5.2556,5.1762,5.2331,18352000
2016-08-08,5.2375,5.2413,5.1881,5.2231,9110400
2016-08-09,5.2281,5.2769,5.2231,5.2469,12280000
2016-08-10,5.25,5.255,5.1919,5.22,10563200
2016-08-11,5.2525,5.2856,5.2325,5.2638,10595200
2016-08-12,5.2444,5.2706,5.2331,5.2706,12123200
2016-08-15,5.2825,5.3381,5.2812,5.3156,11044800
2016-08-16,5.2937,5.2956,5.2537,5.2575,10518400
2016-08-17,5.2581,5.2762,5.2,5.2731,19310400
2016-08-18,5.2663,5.2894,5.2456,5.2781,12105600
2016-08-19,5.2606,5.2962,5.2306,5.2737,13158400
2016-08-22,5.2562,5.2981,5.2394,5.28,9748800
2016-08-23,5.3187,5.3406,5.2956,5.2981,10059200
2016-08-24,5.2931,5.3063,5.1969,5.2288,14985600
2016-08-25,5.2025,5.245,5.1906,5.2112,9433600
2016-08-26,5.2175,5.295,5.1669,5.2275,21740800
2016-08-29,5.2312,5.2706,5.2306,5.2425,7222400
2016-08-30,5.225,5.2544,5.1725,5.2081,12595200
2016-08-31,5.1912,5.2075,5.1537,5.1944,12654400
2016-09-01,5.2013,5.235,5.15,5.2213,18008000
2016-09-02,5.2731,5.2962,5.2175,5.2544,9112000
2016-09-06,5.2725,5.3219,5.2525,5.3206,11809600
2016-09-07,5.33,5.3456,5.2881,5.3294,9542400
2016-09-08,5.2962,5.2987,5.2394,5.265,17118400
2016-09-09,5.1762,5.2006,4.9981,4.9981,28272000
2016-09-12,4.945,5.1925,4.9425,5.175,32851200
2016-09-13,5.125,5.1562,5.0381,5.0862,27662400
2016-09-14,5.0975,5.19,5.0963,5.1375,26166400
2016-09-15,5.14,5.3075,5.1356,5.2962,21566400
2016-09-16,5.2825,5.2987,5.2387,5.2894,19907200
2016-09-19,5.3144,5.3488,5.2219,5.2419,20796800
2016-09-20,5.2787,5.3038,5.2431,5.2613,12260800
2016-09-21,5.3038,5.3781,5.2444,5.3631,24152000
2016-09-22,5.4288,5.4619,5.4169,5.4506,14419200
2016-09-23,5.4331,5.435,5.3656,5.3794,18270400
2016-09-26,5.32,5.3319,5.275,5.2906,13180800
2016-09-27,5.2869,5.3981,5.2744,5.3931,18976000
2016-09-28,5.405,5.4187,5.3575,5.4138,15054400
2016-09-29,5.3956,5.4138,5.2875,5.3319,25457600
2016-09-30,5.3619,5.4444,5.35,5.4088,20096000
2016-10-03,5.3938,5.4094,5.3556,5.3956,14316800
2016-10-04,5.4237,5.4519,5.3394,5.3812,25336000
2016-10-05,5.4075,5.4519,5.4062,5.4169,11352000
2016-10-06,5.4037,5.4319,5.3606,5.4131,15828800
2016-10-07,5.4219,5.435,5.3362,5.3888,18608000
2016-10-10,5.4381,5.4788,5.4381,5.4531,10912000
2016-10-11,5.4431,5.4475,5.2531,5.2962,19296000
2016-10-12,5.3044,5.3269,5.26,5.2925,9936000
2016-10-13,5.22,5.2812,5.1581,5.2544,17497600
2016-10-14,5.3,5.3456,5.2581,5.2625,15888000
2016-10-17,5.26,5.2762,5.2238,5.2356,11208000
2016-10-18,5.3562,5.3769,5.3225,5.3281,12230400
2016-10-19,5.3181,5.3419,5.3088,5.325,8024000
2016-10-20,5.3113,5.3356,5.2531,5.315,14680000
2016-10-21,5.3219,5.3594,5.2869,5.355,10553600
2016-10-24,5.4219,5.4881,5.4206,5.4831,12548800
2016-10-25,5.4856,5.49,5.43,5.445,15875200
2016-10-26,5.3756,5.4319,5.3431,5.3744,17249600
2016-10-27,5.42,5.4256,5.3088,5.3269,15204800
2016-10-28,5.2888,5.3481,5.2244,5.2531,25560000
2016-10-31,5.2919,5.2944,5.2419,5.2431,12478400
2016-11-01,5.2625,5.2644,5.0769,5.1681,19878400
2016-11-02,5.16,5.1813,5.0588,5.0825,18243200
2016-11-03,5.0669,5.1,4.9731,4.985,12520000
2016-11-04,4.9575,5.025,4.93,4.9469,16256000
2016-11-07,5.1044,5.1931,5.0938,5.1863,17072000
2016-11-08,5.1712,5.2975,5.1481,5.2531,19294400
2016-11-09,5.1213,5.315,5.1169,5.2975,27628800
2016-11-10,5.3425,5.3619,4.9875,5.1256,45632000
2016-11-11,5.0806,5.1519,5.0469,5.1312,24038400
2016-11-14,5.1356,5.1419,4.9744,5.0287,27435200
2016-11-15,5.1006,5.1994,5.0887,5.1687,20566400
2016-11-16,5.1219,5.2331,5.1188,5.2281,11209600
2016-11-17,5.2225,5.3044,5.2006,5.3031,14073600
2016-11-18,5.3106,5.3337,5.2544,5.265,9241600
2016-11-21,5.2888,5.3812,5.285,5.3713,13617600
2016-11-22,5.4119,5.4313,5.3775,5.4062,14211200
2016-11-23,5.3681,5.38,5.3125,5.3625,13320000
2016-11-25,5.3713,5.3987,5.3606,5.3956,5251200
2016-11-28,5.3781,5.4194,5.3587,5.3725,12137600
2016-11-29,5.3769,5.4581,5.35,5.4081,12667200
2016-11-30,5.4163,5.4231,5.2712,5.2731,18036800
2016-12-01,5.2731,5.2731,5.0775,5.0963,20212800
2016-12-02,5.1006,5.1537,5.0706,5.1119,18075200
2016-12-05,5.1663,5.2319,5.1188,5.1906,12681600
2016-12-06,5.2144,5.2344,5.1737,5.2175,14288000
2016-12-07,5.1944,5.36,5.1638,5.3481,17998400
2016-12-08,5.3531,5.3931,5.3313,5.3663,17940800
2016-12-09,5.4081,5.4544,5.4062,5.45,17382400
2016-12-12,5.4012,5.4237,5.3562,5.4,12670400
2016-12-13,5.4356,5.5956,5.4344,5.5369,25563200
2016-12-14,5.5462,5.5856,5.4831,5.5119,23904000
2016-12-15,5.525,5.595,5.5025,5.5294,20779200
2016-12-16,5.5538,5.5719,5.4681,5.4925,14985600
2016-12-19,5.5019,5.6019,5.4881,5.5363,13302400
2016-12-20,5.5675,5.5969,5.5575,5.5794,11360000
2016-12-21,5.5763,5.5813,5.5394,5.5637,5710400
2016-12-22,5.5644,5.5656,5.49,5.5319,10484800
2016-12-23,5.5144,5.5419,5.5031,5.5381,4673600
2016-12-27,5.5625,5.6594,5.5575,5.5994,7228800
2016-12-28,5.6188,5.6287,5.5,5.5106,12851200
2016-12-29,5.5044,5.5294,5.4594,5.4919,8950400
2016-12-30,5.5106,5.5125,5.3494,5.3825,16683200
2017-01-03,5.4544,5.5169,5.4169,5.4756,13486400
2017-01-04,5.485,5.5531,5.485,5.5331,9744000
2017-01-05,5.5275,5.6025,5.5275,5.595,9990400
2017-01-06,5.6062,5.7225,5.5788,5.6931,13712000
2017-01-09,5.6994,5.7506,5.6956,5.7312,12824000
2017-01-10,5.7325,5.7888,5.7081,5.7562,11523200
2017-01-11,5.755,5.7844,5.7,5.7831,19227200
2017-01-12,5.7413,5.7737,5.6606,5.7656,15232000
2017-01-13,5.7762,5.8263,5.775,5.8069,12737600
2017-01-17,5.7731,5.7931,5.7375,5.7706,10734400
2017-01-18,5.7869,5.8038,5.7587,5.7969,11449600
2017-01-19,5.8063,5.8488,5.765,5.7875,12588800
2017-01-20,5.8387,5.8681,5.7838,5.8131,15254400
2017-01-23,5.8031,5.8369,5.7494,5.8219,12027200
2017-01-24,5.8438,5.9187,5.8263,5.9012,12608000
2017-01-25,5.9731,6.0219,5.9656,6.0188,12539200
2017-01-26,6.0344,6.0563,6.0106,6.0281,11788800
2017-01-27,6.0531,6.0644,6.0163,6.0512,9688000
2017-01-30,6.0119,6.0125,5.8931,5.9606,16958400
2017-01-31,5.9181,5.9375,5.8669,5.9356,14944000
2017-02-01,6.0144,6.0388,5.9625,6.0163,19384000
2017-02-02,5.995,6.0394,5.9612,6.0056,12419200
2017-02-03,6.0194,6.0506,6.0062,6.0369,13200000
2017-02-06,6.0144,6.055,6.0087,6.0531,9465600
2017-02-07,6.075,6.1219,6.0681,6.0969,13507200
2017-02-08,6.0794,6.1337,6.0575,6.12,9296000
2017-02-09,6.1306,6.1875,6.1225,6.1625,15824000
2017-02-10,6.1838,6.2188,6.1675,6.2019,17462400
2017-02-13,6.2394,6.2869,6.2344,6.2725,14137600
2017-02-14,6.275,6.3137,6.235,6.3125,14966400
2017-02-15,6.3012,6.3913,6.2969,6.385,14771200
2017-02-16,6.3944,6.4187,6.3506,6.3831,16126400
2017-02-17,6.3656,6.4387,6.3625,6.4387,10902400
2017-02-21,6.4612,6.5081,6.4556,6.5,18315200
2017-02-22,6.4881,6.5138,6.4675,6.5056,13968000
2017-02-23,6.5225,6.5231,6.4044,6.4587,18371200
2017-02-24,6.4006,6.4788,6.3919,6.4788,17516800
2017-02-27,6.4563,6.4969,6.4338,6.4969,14411200
2017-02-28,6.4906,6.4981,6.42,6.4556,14988800
2017-03-01,6.535,6.6194,6.5131,6.5956,15451200
2017-03-02,6.5938,6.5938,6.5144,6.5306,11808000
2017-03-03,6.5169,6.5563,6.4856,6.5531,13326400
2017-03-06,6.5081,6.545,6.4713,6.525,11216000
2017-03-07,6.4969,6.5575,6.4788,6.4988,10406400
2017-03-08,6.505,6.5631,6.495,6.5225,8952000
2017-03-09,6.5206,6.55,6.4631,6.5312,12166400
2017-03-10,6.5894,6.6087,6.5325,6.5875,11372800
2017-03-13,6.5813,6.6106,6.575,6.6075,6617600
2017-03-14,6.5781,6.5837,6.5231,6.5731,9457600
2017-03-15,6.6025,6.6856,6.5619,6.655,13812800
2017-03-16,6.6813,6.6819,6.6188,6.65,11846400
2017-03-17,6.6594,6.6769,6.6369,6.6375,7243200
2017-03-20,6.6381,6.6838,6.6188,6.6519,8475200
2017-03-21,6.7019,6.7156,6.4444,6.4544,17296000
2017-03-22,6.4569,6.55,6.4356,6.5375,13499200
2017-03-23,6.5206,6.5563,6.4819,6.5069,11168000
2017-03-24,6.5431,6.5956,6.4806,6.5256,12824000
2017-03-27,6.4381,6.5731,6.4075,6.5519,11979200
2017-03-28,6.5481,6.6694,6.5231,6.63,12640000
2017-03-29,6.64,6.6956,6.6256,6.6919,8689600
2017-03-30,6.6881,6.7269,6.6744,6.7106,10065600
2017-03-31,6.6931,6.7387,6.6788,6.7038,11584000
2017-04-03,6.7144,6.7456,6.6225,6.6937,11862400
2017-04-04,6.6556,6.7162,6.6525,6.7125,6385600
2017-04-05,6.7331,6.8106,6.6356,6.6613,16068800
2017-04-06,6.6769,6.7019,6.6331,6.6675,12670400
2017-04-07,6.66,6.7,6.6125,6.6606,10004800
2017-04-10,6.6731,6.7181,6.63,6.6669,8843200
2017-04-11,6.6481,6.6694,6.51,6.61,16848000
2017-04-12,6.605,6.6137,6.5388,6.555,12068800
2017-04-13,6.5356,6.6094,6.4975,6.4994,13960000
2017-04-17,6.5363,6.6081,6.5319,6.6056,8764800
2017-04-18,6.5619,6.6244,6.5538,6.5887,12592000
2017-04-19,6.6406,6.685,6.5875,6.6075,13726400
2017-04-20,6.66,6.745,6.64,6.7125,13692800
2017-04-21,6.7269,6.7319,6.6794,6.7125,10641600
2017-04-24,6.8569,6.8856,6.8394,6.8744,11488000
2017-04-25,6.9181,6.9963,6.9088,6.9744,8708800
2017-04-26,6.9788,7.01,6.945,6.9544,11865600
2017-04-27,6.9875,7.0356,6.9794,7.0356,9142400
2017-04-28,7.0919,7.0969,7.0381,7.0606,9145600
2017-05-01,7.1069,7.2038,7.1031,7.18,8368000
2017-05-02,7.2056,7.215,7.1669,7.2094,8174400
2017-05-03,7.1794,7.1813,7.1238,7.1625,9921600
2017-05-04,7.1631,7.1838,7.1169,7.1675,9598400
2017-05-05,7.2038,7.2188,7.1494,7.2188,8523200
2017-05-08,7.2231,7.25,7.1988,7.25,6856000
2017-05-09,7.2681,7.3313,7.2594,7.3012,9747200
2017-05-10,7.3088,7.3137,7.2575,7.3075,7777600
2017-05-11,7.27,7.2981,7.2,7.2956,12984000
2017-05-12,7.3006,7.3319,7.2913,7.3288,6872000
2017-05-15,7.3331,7.3819,7.3238,7.3738,7286400
2017-05-16,7.4081,7.4375,7.37,7.4375,7971200
2017-05-17,7.3175,7.3425,7.0544,7.0563,24633600
2017-05-18,7.0544,7.225,7.0356,7.1762,22795200
2017-05-19,7.2275,7.3,7.2244,7.2406,13368000
2017-05-22,7.2694,7.3694,7.2663,7.3625,8078400
2017-05-23,7.4069,7.4069,7.3412,7.3744,10201600
2017-05-24,7.4206,7.45,7.3775,7.4444,10771200
2017-05-25,7.5,7.6062,7.4675,7.5675,13491200
2017-05-26,7.57,7.5994,7.5519,7.5938,7923200
2017-05-30,7.5831,7.625,7.5794,7.6081,5656000
2017-05-31,7.6562,7.6588,7.5237,7.5988,12798400
2017-06-01,7.6325,7.665,7.5687,7.665,13092800
2017-06-02,7.7156,7.8362,7.6881,7.8313,8580800
2017-06-05,7.8331,7.8581,7.8088,7.83,7500800
2017-06-06,7.8119,7.8612,7.7481,7.7725,11993600
2017-06-07,7.8063,7.8406,7.74,7.8281,12206400
2017-06-08,7.8637,7.8681,7.7594,7.8463,14518400
2017-06-09,7.8606,7.8794,7.2431,7.4519,39006400
2017-06-12,7.3275,7.3944,7.1819,7.3694,40088000
2017-06-13,7.4513,7.5087,7.3762,7.4887,23492800
2017-06-14,7.55,7.55,7.3038,7.4219,21617600
2017-06-15,7.2719,7.3719,7.1813,7.3525,27932800
2017-06-16,7.3513,7.3538,7.2375,7.2994,17182400
2017-06-19,7.4294,7.5481,7.4106,7.5338,18313600
2017-06-20,7.5188,7.5375,7.4119,7.4181,13609600
2017-06-21,7.4481,7.5656,7.4394,7.5625,18323200
2017-06-22,7.5819,7.6125,7.5188,7.5569,15884800
2017-06-23,7.5406,7.6337,7.4988,7.6125,11470400
2017-06-26,7.6981,7.7263,7.5113,7.5444,20366400
2017-06-27,7.4856,7.5025,7.2688,7.2706,32388800
2017-06-28,7.3206,7.4881,7.2381,7.4731,24598400
2017-06-29,7.4094,7.4144,7.0744,7.2162,39684800
2017-06-30,7.2587,7.2931,7.1756,7.2075,19865600
2017-07-03,7.2831,7.3031,7.0594,7.0694,14022400
2017-07-05,7.1094,7.245,7.0644,7.2069,15768000
2017-07-06,7.0956,7.1575,7.0256,7.075,21062400
2017-07-07,7.1219,7.2656,7.1219,7.2225,13872000
2017-07-10,7.2375,7.3569,7.2019,7.3225,14107200
2017-07-11,7.2975,7.38,7.2481,7.3625,15385600
2017-07-12,7.4875,7.5538,7.4587,7.5406,13705600
2017-07-13,7.5544,7.605,7.5262,7.5719,11862400
2017-07-14,7.6344,7.7075,7.59,7.6869,13230400
2017-07-17,7.7025,7.7475,7.6663,7.695,6811200
2017-07-18,7.6838,7.8,7.6375,7.8,7520000
2017-07-19,7.8425,7.9113,7.8387,7.89,7757600
2017-07-20,7.93,7.9375,7.8375,7.91,9481600
2017-07-21,7.845,7.9,7.8187,7.8987,5974400
2017-07-24,7.8987,7.9837,7.88,7.9688,6931200
2017-07-25,7.9175,7.9675,7.8888,7.935,6710400
2017-07-26,7.9725,7.99,7.9488,7.9837,5128800
2017-07-27,8.0875,8.1012,7.6988,7.89,22096000
2017-07-28,7.7863,7.8938,7.7613,7.8688,9999200
2017-07-31,7.91,7.93,7.7675,7.7987,9078400
2017-08-01,7.8475,7.8575,7.7913,7.8325,6574400
2017-08-02,7.9363,7.9387,7.7325,7.875,11362400
2017-08-03,7.895,7.895,7.7888,7.8225,10845600
2017-08-04,7.845,7.8775,7.78,7.8425,8856000
2017-08-07,7.8688,7.9412,7.85,7.9375,6524800
2017-08-08,7.9088,8.0387,7.8675,7.915,12042400
2017-08-09,7.7875,7.8975,7.7475,7.8925,17067200
2017-08-10,7.8063,7.8125,7.5388,7.55,24116800
2017-08-11,7.5738,7.7,7.5388,7.6638,15600000
2017-08-14,7.785,7.8875,7.7838,7.8625,13187200
2017-08-15,7.8975,7.9037,7.8325,7.8725,9633600
2017-08-16,7.9075,7.975,7.85,7.9025,11654400
2017-08-17,7.8425,7.8625,7.5775,7.58,19133600
2017-08-18,7.585,7.6687,7.505,7.56,19329600
2017-08-21,7.5675,7.5963,7.4513,7.5512,11562400
2017-08-22,7.6262,7.7913,7.6225,7.7762,10056800
2017-08-23,7.6975,7.7537,7.685,7.7175,9434400
2017-08-24,7.7537,7.77,7.5862,7.6775,11104000
2017-08-25,7.73,7.7688,7.6213,7.6425,12544000
2017-08-28,7.685,7.7213,7.6375,7.6813,6819200
2017-08-29,7.555,7.7712,7.5375,7.745,7864800
2017-08-30,7.76,7.95,7.7488,7.93,12700800
2017-08-31,7.9688,8.0962,7.9625,8.0775,10594400
2017-09-01,8.1175,8.1388,8.0312,8.0763,7959200
2017-09-05,8.02,8.0588,7.8088,7.9275,16024800
2017-09-06,7.9725,8.0112,7.8612,7.9738,8940800
2017-09-07,8.005,8.0525,7.9525,8.0125,7624000
2017-09-08,7.99,7.9963,7.8562,7.8762,7356000
2017-09-11,7.9925,8.0787,7.9925,8.0463,7383200
2017-09-12,8.1,8.1138,8.0175,8.0913,10645600
2017-09-13,8.065,8.115,8.0375,8.1138,5560800
2017-09-14,8.0525,8.0975,8.0075,8.0162,7819200
2017-09-15,8.0175,8.13,7.9887,8.0675,7004000
2017-09-18,8.0837,8.1388,8.0013,8.05,6916000
2017-09-19,8.08,8.0988,8.0225,8.0775,4793600
2017-09-20,8.0725,8.085,7.9012,8.03,10851200
2017-09-21,8.0162,8.0162,7.8725,7.925,8819200
2017-09-22,7.875,7.9313,7.86,7.9125,5692800
2017-09-25,7.8463,7.8562,7.6663,7.7475,12168000
2017-09-26,7.82,7.8525,7.73,7.785,8515200
2017-09-27,7.8637,7.9812,7.825,7.9237,12598400
2017-09-28,7.8875,7.9313,7.8488,7.9163,8776800
2017-09-29,7.945,8.04,7.9062,8.0275,9125600
2017-10-02,8.0538,8.1075,7.9725,8.0387,8859200
2017-10-03,8.06,8.0938,8.0288,8.0787,6309600
2017-10-04,8.0475,8.125,8.0325,8.09,6527200
2017-10-05,8.1462,8.255,8.1313,8.25,8244800
2017-10-06,8.1925,8.2688,8.1925,8.2675,7084000
2017-10-09,8.295,8.3062,8.2312,8.2525,4552000
2017-10-10,8.305,8.3225,8.1888,8.2638,6088000
2017-10-11,8.2563,8.3138,8.235,8.3138,4819200
2017-10-12,8.285,8.3462,8.2638,8.2825,6525600
2017-10-13,8.3475,8.3625,8.3287,8.3425,4937600
2017-10-16,8.3813,8.4025,8.3512,8.4,5237600
2017-10-17,8.3938,8.4213,8.3675,8.4187,4802400
2017-10-18,8.435,8.4375,8.3763,8.4,4096800
2017-10-19,8.3088,8.3375,8.22,8.3375,8650400
2017-10-20,8.4075,8.4175,8.36,8.38,5980800
2017-10-23,8.4137,8.415,8.2487,8.2712,10334400
2017-10-24,8.2963,8.3325,8.2375,8.3025,10473600
2017-10-25,8.265,8.32,8.1125,8.235,9878400
2017-10-26,8.2275,8.2638,8.1788,8.1875,7840000
2017-10-27,8.4487,8.6875,8.43,8.65,13812000
2017-10-30,8.4487,8.7625,8.4487,8.6975,8524000
2017-10-31,8.75,8.785,8.7013,8.76,5910400
2017-11-01,8.825,8.8387,8.69,8.7563,8323200
2017-11-02,8.7325,8.74,8.6025,8.7163,8817600
2017-11-03,8.7863,8.8888,8.7225,8.8813,10007200
2017-11-06,8.8725,8.9513,8.8663,8.9438,4132000
2017-11-07,8.9325,8.9775,8.8938,8.9537,7084800
2017-11-08,8.95,9.0312,8.9288,9.0275,4901600
2017-11-09,8.8813,8.94,8.7475,8.9275,10623200
2017-11-10,8.89,8.9438,8.8588,8.93,5646400
2017-11-13,8.8625,8.9725,8.8625,8.9487,4464800
2017-11-14,8.8813,8.905,8.8,8.8875,7810400
2017-11-15,8.81,8.8462,8.7087,8.795,8024000
2017-11-16,8.8912,9.0638,8.89,9.0238,9411200
2017-11-17,9.0275,9.0387,8.9388,8.955,5201600
2017-11-20,8.9688,8.9812,8.9163,8.94,4398400
2017-11-21,9.0175,9.1388,9.0162,9.13,5812800
2017-11-22,9.15,9.17,9.115,9.155,4404000
2017-11-24,9.17,9.2238,9.1625,9.2225,4624800
2017-11-27,9.2125,9.2513,9.17,9.2125,7015200
2017-11-28,9.2537,9.2675,9.1525,9.2587,11962400
2017-11-29,9.2338,9.2338,8.8488,8.9412,19259200
2017-11-30,9.0087,9.115,8.9688,9.085,13880000
2017-12-01,8.9675,9.0925,8.7388,9.0075,17671200
2017-12-04,9.1213,9.1313,8.78,8.8,17936000
2017-12-05,8.7837,9.0063,8.7238,8.8025,14808800
2017-12-06,8.7375,8.9125,8.72,8.8825,10258400
2017-12-07,8.885,8.9963,8.8638,8.945,9636800
2017-12-08,9.0737,9.1175,8.995,9.0238,8942400
2017-12-11,9.03,9.1663,9.0288,9.1637,7212800
2017-12-12,9.155,9.19,9.1,9.1375,6592800
2017-12-13,9.2075,9.2288,9.1462,9.17,7186400
2017-12-14,9.205,9.245,9.1375,9.1562,7492000
2017-12-15,9.2275,9.3837,9.1975,9.3562,10990400
2017-12-18,9.4838,9.5363,9.4525,9.5175,9395200
2017-12-19,9.4838,9.5,9.3562,9.41,9002400
2017-12-20,9.475,9.4775,9.3112,9.3862,11491200
2017-12-21,9.4075,9.4688,9.365,9.3875,6385600
2017-12-22,9.355,9.37,9.315,9.365,6430400
2017-12-26,9.2675,9.285,9.1938,9.2638,5585600
2017-12-27,9.2563,9.3125,9.2437,9.265,4949600
2017-12-28,9.3162,9.32,9.2625,9.2837,6582400
2017-12-29,9.2987,9.3,9.16,9.1663,9567200
2018-01-02,9.2575,9.4925,9.2175,9.4838,10641600
2018-01-03,9.5075,9.6875,9.5037,9.6687,10131200
2018-01-04,9.7425,9.7625,9.6825,9.7037,8392000
2018-01-05,9.7925,9.9113,9.7612,9.8962,9568800
2018-01-08,9.9025,9.985,9.8912,9.97,9283200
2018-01-09,10.015,10.0325,9.9163,9.9788,9404000
2018-01-10,9.8787,9.93,9.795,9.9237,10728800
2018-01-11,9.9625,10.0612,9.9312,10.0612,11340800
2018-01-12,10.0413,10.2288,10.0212,10.2037,10579200
2018-01-16,10.3387,10.4475,10.0913,10.1462,19343200
2018-01-17,10.2425,10.3988,10.1488,10.365,12359200
2018-01-18,10.3363,10.4175,10.285,10.3687,10056000
2018-01-19,10.435,10.4663,10.3337,10.435,10224000
2018-01-22,10.4213,10.6562,10.4038,10.6562,9268000
2018-01-23,10.725,10.8525,10.7137,10.83,10878400
2018-01-24,10.875,10.9263,10.5688,10.6975,22814400
2018-01-25,10.83,10.8413,10.6125,10.6838,12841600
2018-01-26,10.7987,10.9975,10.76,10.9963,9285600
2018-01-29,10.955,11.0013,10.8538,10.8975,13812000
2018-01-30,10.6987,10.8088,10.6088,10.7225,14988800
2018-01-31,10.84,10.8787,10.6713,10.8013,11579200
2018-02-01,10.64,10.8438,10.5538,10.6225,12460800
2018-02-02,10.5425,10.585,10.1812,10.1925,31801600
2018-02-05,10.0013,10.3363,9.3825,9.4038,34402400
2018-02-06,9.125,9.9113,9.0325,9.8825,32716000
2018-02-07,9.8275,10.0413,9.63,9.63,20606400
2018-02-08,9.6775,9.7,8.82,8.8275,23687200
2018-02-09,9.07,9.25,8.435,9.1175,38595200
2018-02-12,9.3075,9.57,9.1613,9.45,21568800
2018-02-13,9.345,9.5787,9.3075,9.535,11773600
2018-02-14,9.4275,9.9275,9.425,9.9,20396000
2018-02-15,10.0712,10.2563,9.8663,10.255,22069600
2018-02-16,10.1987,10.3912,10.1375,10.1788,18961600
2018-02-20,10.1,10.3813,10.0875,10.2037,14119200
2018-02-21,10.3,10.5087,10.1412,10.1438,19419200
2018-02-22,10.2437,10.3438,10.095,10.155,16747200
2018-02-23,10.3,10.5562,10.2262,10.5562,13585600
2018-02-26,10.6538,10.8337,10.6438,10.8337,13797600
2018-02-27,10.845,10.88,10.5638,10.5638,26056000
2018-02-28,10.6925,10.7587,10.4225,10.4312,15216000
2018-03-01,10.4462,10.5375,9.9087,10.1012,31126400
2018-03-02,9.8462,10.3125,9.7812,10.2775,19491200
2018-03-05,10.1838,10.5562,10.1088,10.5,18609600
2018-03-06,10.6038,10.665,10.465,10.5875,18846400
2018-03-07,10.4275,10.6562,10.3962,10.635,16130400
2018-03-08,10.72,10.77,10.6412,10.7537,11268800
2018-03-09,10.9125,11.1625,10.8775,11.1625,15151200
2018-03-12,11.2338,11.3413,11.185,11.265,15638400
2018-03-13,11.3813,11.435,10.925,10.9875,20951200
2018-03-14,11.0925,11.1125,10.8813,10.9788,17603200
2018-03-15,10.9975,11.0863,10.875,10.9487,15205600
2018-03-16,10.9875,11.04,10.8813,10.8962,12656000
2018-03-19,10.7013,10.7013,10.2388,10.4338,23240000
2018-03-20,10.4225,10.5387,10.3663,10.4925,10019200
2018-03-21,10.4425,10.63,10.31,10.395,15803200
2018-03-22,10.1163,10.255,9.8625,9.8775,26274400
2018-03-23,9.8625,9.915,9.3525,9.3525,25210400
2018-03-26,9.735,10.0813,9.4375,10.0562,24511200
2018-03-27,10.2013,10.2037,9.235,9.3925,25253600
2018-03-28,9.3025,9.4775,9.045,9.1875,31148800
2018-03-29,9.29,9.7037,9.115,9.525,18369600
2018-04-02,9.3862,9.4738,8.7775,8.9775,24124000
2018-04-03,9.1412,9.2487,8.85,9.17,24143200
2018-04-04,8.8212,9.5162,8.7963,9.4075,27109600
2018-04-05,9.6425,9.6775,9.43,9.56,24580000
2018-04-06,9.3625,9.5425,8.9975,9.0988,20556000
2018-04-09,9.2463,9.5775,9.1825,9.205,15968000
2018-04-10,9.4963,9.6788,9.3687,9.61,16132800
2018-04-11,9.5075,9.7125,9.4875,9.51,13467200
2018-04-12,9.6313,9.7987,9.6125,9.7275,13984000
2018-04-13,9.8337,9.8575,9.555,9.6362,13190400
2018-04-16,9.7612,9.8488,9.6488,9.7725,8600800
2018-04-17,9.9738,10.2413,9.9412,10.1888,10188800
2018-04-18,10.2075,10.3112,10.1025,10.2362,9190400
2018-04-19,10.1425,10.1825,9.98,10.0625,12736800
2018-04-20,9.9975,10.01,9.6625,9.735,16163200
2018-04-23,9.8237,9.8988,9.575,9.6825,13684800
2018-04-24,9.7712,9.8013,9.1438,9.2712,21473600
2018-04-25,9.3038,9.3675,9.0375,9.3,17077600
2018-04-26,9.53,9.74,9.4688,9.675,13362400
2018-04-27,9.9587,9.9637,9.5825,9.6912,17289600
2018-04-30,9.7375,9.855,9.505,9.55,15795200
2018-05-01,9.505,9.7725,9.4587,9.76,15316000
2018-05-02,9.805,9.8625,9.6325,9.655,12085600
2018-05-03,9.5612,9.7188,9.3425,9.6488,18940000
2018-05-04,9.5688,10.0588,9.5513,10.0125,12237600
2018-05-07,10.1088,10.2437,10.0925,10.17,11336000
2018-05-08,10.1337,10.1987,10.01,10.1475,11168000
2018-05-09,10.2,10.3938,10.125,10.3825,10900000
2018-05-10,10.4438,10.6062,10.43,10.5925,13800800
2018-05-11,10.5513,10.62,10.4775,10.5725,11444800
2018-05-14,10.6175,10.7388,10.5712,10.6038,11264800
2018-05-15,10.4362,10.4462,10.2575,10.37,18564800
2018-05-16,10.3975,10.5525,10.3862,10.5087,10063200
2018-05-17,10.4362,10.5825,10.3225,10.42,10403200
2018-05-18,10.3475,10.4113,10.285,10.3125,7439200
2018-05-21,10.4712,10.565,10.3425,10.4325,11191200
2018-05-22,10.525,10.5562,10.3638,10.4025,7474400
2018-05-23,10.2425,10.5763,10.2413,10.5763,10725600
2018-05-24,10.5688,10.6025,10.355,10.5662,10844000
2018-05-25,10.5625,10.6637,10.525,10.5887,8568800
2018-05-29,10.485,10.61,10.3687,10.4937,12250400
2018-05-30,10.5688,10.6788,10.5212,10.64,8212800
2018-05-31,10.6313,10.7662,10.5737,10.6263,13189600
2018-06-01,10.73,10.9688,10.7262,10.96,9189600
2018-06-04,11.0138,11.1625,11.0013,11.1475,8380000
2018-06-05,11.2,11.2625,11.1275,11.22,8060000
2018-06-06,11.2513,11.3538,11.1337,11.3538,7833600
2018-06-07,11.355,11.3562,11.0588,11.1763,9358400
2018-06-08,11.0475,11.2,11.0075,11.165,9008800
2018-06-11,11.1512,11.28,11.145,11.225,5928000
2018-06-12,11.2563,11.365,11.2362,11.3438,5282400
2018-06-13,11.38,11.5075,11.2937,11.3337,10618400
2018-06-14,11.435,11.6012,11.4263,11.57,9347200
2018-06-15,11.4888,11.5325,11.3737,11.4888,12302400
2018-06-18,11.3413,11.49,11.2675,11.475,11745600
2018-06-19,11.18,11.4062,11.1112,11.405,12672800
2018-06-20,11.5075,11.6613,11.4888,11.5675,9612000
2018-06-21,11.6213,11.6412,11.32,11.3625,11680000
2018-06-22,11.4412,11.4475,11.2325,11.29,8013600
2018-06-25,11.1075,11.1375,10.6012,10.7987,25484800
2018-06-26,10.8787,11.0125,10.7987,10.89,14937600
2018-06-27,10.9788,11.075,10.5775,10.5813,18160000
2018-06-28,10.5562,10.8425,10.52,10.7738,16586400
2018-06-29,10.8763,10.9888,10.8,10.8075,10381600
2018-07-02,10.6237,10.9762,10.5787,10.97,8789600
2018-07-03,11.0437,11.0513,10.6975,10.7137,8424800
2018-07-05,10.8575,10.9937,10.745,10.98,10808000
2018-07-06,11.025,11.335,10.9875,11.3112,9174400
2018-07-09,11.43,11.525,11.3475,11.5212,9883200
2018-07-10,11.5525,11.5863,11.4587,11.5387,8161600
2018-07-11,11.3625,11.5,11.3375,11.4237,9681600
2018-07-12,11.5212,11.805,11.5063,11.7987,9515200
2018-07-13,11.8025,11.865,11.745,11.8225,7636000
2018-07-16,11.8313,11.87,11.7325,11.7712,7059200
2018-07-17,11.5188,11.9613,11.5188,11.9187,8197600
2018-07-18,11.91,11.9263,11.7937,11.8663,8352000
2018-07-19,11.79,11.8562,11.7188,11.75,9615200
2018-07-20,11.8225,11.89,11.7125,11.735,10312800
2018-07-23,11.6625,11.82,11.5737,11.8088,7251200
2018-07-24,12.0575,12.1388,11.815,11.9113,11300800
2018-07-25,11.92,12.2537,11.91,12.2375,10581600
2018-07-26,11.9038,11.9838,11.8387,11.8825,11900000
2018-07-27,12.0225,12.03,11.4125,11.555,18134400
2018-07-30,11.5513,11.5588,11.11,11.2238,14644800
2018-07-31,11.3,11.4762,11.1825,11.3525,11528800
2018-08-01,11.445,11.5425,11.3488,11.4725,9388800
2018-08-02,11.31,11.8112,11.3,11.785,12026400
2018-08-03,11.8162,11.8562,11.7275,11.8525,8567200
2018-08-06,11.8462,12.0,11.8088,12.0,10143200
2018-08-07,12.055,12.1237,12.0075,12.0712,7208800
2018-08-08,12.0437,12.1512,11.9788,12.0925,6814400
2018-08-09,12.0938,12.1812,12.0575,12.0825,6632800
2018-08-10,11.925,11.9975,11.8162,11.9025,12099200
2018-08-13,11.94,12.0962,11.865,11.8813,9997600
2018-08-14,11.9675,12.0525,11.8413,12.025,6780800
2018-08-15,11.8438,11.9075,11.5825,11.7362,13655200
2018-08-16,11.9075,11.955,11.7575,11.8013,8097600
2018-08-17,11.7375,11.8663,11.5988,11.8075,9157600
2018-08-20,11.865,11.8675,11.695,11.79,9772800
2018-08-21,11.86,12.0125,11.8425,11.8713,10044000
2018-08-22,11.815,11.9875,11.79,11.9587,5916800
2018-08-23,11.9213,12.0875,11.8875,11.9237,9630400
2018-08-24,11.9975,12.1637,11.9975,12.1425,6557600
2018-08-27,12.2725,12.3875,12.23,12.3875,8938400
2018-08-28,12.4575,12.4788,12.3737,12.4263,6043200
2018-08-29,12.4625,12.725,12.4587,12.7137,6626400
2018-08-30,12.6613,12.8138,12.58,12.66,8798400
2018-08-31,12.6275,12.765,12.6025,12.69,5545600
2018-09-04,12.62,12.6525,12.4487,12.5875,6148000
2018-09-05,12.5413,12.5413,12.1763,12.2612,11512000
2018-09-06,12.2675,12.295,11.8725,12.04,14222400
2018-09-07,11.8663,12.1488,11.8538,11.965,13063200
2018-09-10,12.075,12.0913,11.8912,12.02,7935200
2018-09-11,11.9187,12.2437,11.8638,12.2025,8543200
2018-09-12,12.1562,12.1862,11.9263,12.1375,11160800
2018-09-13,12.2738,12.4338,12.2738,12.375,8707200
2018-09-14,12.405,12.4425,12.2175,12.31,10212800
2018-09-17,12.27,12.2863,11.9362,11.9625,9657600
2018-09-18,11.9775,12.27,11.97,12.1538,6864000
2018-09-19,12.1538,12.2125,11.98,12.1388,5288800
2018-09-20,12.2975,12.4325,12.2425,12.3912,9399200
2018-09-21,12.475,12.5025,12.235,12.265,7732000
2018-09-24,12.0875,12.3387,11.9862,12.325,8125600
2018-09-25,12.3138,12.3825,12.235,12.3638,4893600
2018-09-26,12.3775,12.61,12.3325,12.3725,7184000
2018-09-27,12.4738,12.6725,12.4663,12.5825,7039200
2018-09-28,12.5075,12.645,12.4738,12.585,5012800
2018-10-01,12.7212,12.8125,12.5675,12.6263,8796800
2018-10-02,12.5962,12.7638,12.5138,12.5675,5109600
2018-10-03,12.6788,12.735,12.56,12.6038,5771200
2018-10-04,12.49,12.5037,11.935,12.115,14784800
2018-10-05,12.1062,12.1862,11.5863,11.825,17824800
2018-10-08,11.7075,11.8775,11.3925,11.6725,15397600
2018-10-09,11.6862,11.9213,11.6313,11.7375,12202400
2018-10-10,11.5975,11.61,10.6812,10.715,37497600
2018-10-11,10.62,10.9125,10.2163,10.4462,37673600
2018-10-12,10.99,11.0863,10.6088,11.0262,25358400
2018-10-15,10.9462,10.9812,10.6737,10.7463,20704800
2018-10-16,10.97,11.4312,10.9362,11.3713,14580800
2018-10-17,11.495,11.5025,11.1525,11.385,15159200
2018-10-18,11.2925,11.3013,10.7612,10.8763,19958400
2018-10-19,11.0125,11.2137,10.755,10.835,21019200
2018-10-22,10.9613,11.1075,10.7775,10.9487,14622400
2018-10-23,10.5513,10.9688,10.3013,10.8775,30164800
2018-10-24,10.8425,10.87,9.8313,9.8675,24856000
2018-10-25,10.1763,10.6663,10.0813,10.5337,21328800
2018-10-26,9.8337,10.405,9.7037,10.0288,36252800
2018-10-29,10.295,10.3813,9.2137,9.6425,25815200
2018-10-30,9.5375,9.9175,9.4475,9.8962,25826400
2018-10-31,10.2225,10.5425,10.2212,10.3512,20238400
2018-11-01,10.4025,10.6637,10.245,10.65,15801600
2018-11-02,10.5787,10.7037,10.17,10.3287,23082400
2018-11-05,10.335,10.34,10.0275,10.2575,11281600
2018-11-06,10.25,10.5262,10.2262,10.4137,9108000
2018-11-07,10.6575,11.0575,10.6163,11.0575,16076000
2018-11-08,10.9625,11.025,10.815,10.9225,9666400
2018-11-09,10.7137,10.7612,10.38,10.5513,14313600
2018-11-12,10.3975,10.435,9.89,9.9275,17848000
2018-11-13,10.0025,10.285,9.87,9.9312,16548000
2018-11-14,10.1187,10.1875,9.6625,9.765,15684800
2018-11-15,9.7275,10.1637,9.5662,10.1125,18927200
2018-11-16,9.9213,10.14,9.8375,10.045,13453600
2018-11-19,9.9487,9.965,9.3275,9.3837,17876000
2018-11-20,8.9537,9.3038,8.8125,9.055,24724800
2018-11-21,9.2825,9.365,9.1562,9.1838,12043200
2018-11-23,9.0387,9.2375,9.0337,9.05,4828000
2018-11-26,9.295,9.4762,9.2262,9.4675,12930400
2018-11-27,9.365,9.5775,9.27,9.535,9388000
2018-11-28,9.6687,10.14,9.56,10.135,16129600
2018-11-29,10.0588,10.2087,9.915,10.075,11163200
2018-11-30,10.0975,10.2312,10.0125,10.23,8653600
2018-12-03,10.67,10.6925,10.42,10.57,14574400
2018-12-04,10.46,10.52,9.74,9.76,18368800
2018-12-06,9.375,9.9,9.2963,9.9,28344000
2018-12-07,9.805,9.9237,9.1825,9.2375,22570400
2018-12-10,9.2075,9.515,9.0188,9.435,25332800
2018-12-11,9.7338,9.75,9.335,9.4937,16714400
2018-12-12,9.7788,9.96,9.6525,9.6625,15156000
2018-12-13,9.7738,9.8687,9.5413,9.6713,12075200
2018-12-14,9.4425,9.5112,9.1512,9.1713,13204800
2018-12-17,9.1163,9.2563,8.6337,8.7863,25010400
2018-12-18,8.9125,9.0562,8.7312,8.8825,16136800
2018-12-19,8.8638,9.1475,8.3162,8.4625,27059200
2018-12-20,8.4075,8.59,7.9913,8.2087,32672000
2018-12-21,8.2738,8.3862,7.6075,7.68,40079200
2018-12-24,7.5738,7.7675,7.305,7.315,20820000
2018-12-26,7.4575,8.21,7.36,8.21,35284800
2018-12-27,7.995,8.2812,7.63,8.2788,29698400
2018-12-28,8.3725,8.5413,8.125,8.2688,23563200
2018-12-31,8.4225,8.4775,8.2312,8.3988,18244000
2019-01-02,8.0425,8.5575,8.0288,8.4613,17621600
2019-01-03,8.2175,8.285,7.8713,7.8938,21891200
2019-01-04,8.1587,8.6625,8.11,8.6012,25744800
2019-01-07,8.6225,8.8687,8.57,8.775,16092000
2019-01-08,8.95,9.0075,8.6875,8.95,14865600
2019-01-09,9.0087,9.1663,8.9388,9.0837,16208000
2019-01-10,8.9475,9.1488,8.8475,9.13,13630400
2019-01-11,9.0337,9.0887,8.9712,9.075,8992800
2019-01-14,8.9125,8.9875,8.8325,8.91,11020000
2019-01-15,8.9862,9.2812,8.9812,9.2612,17195200
2019-01-16,9.2875,9.4163,9.2475,9.2587,12770400
2019-01-17,9.1912,9.475,9.1625,9.39,14449600
2019-01-18,9.53,9.6687,9.4175,9.5725,18348800
2019-01-22,9.4362,9.4475,9.0588,9.2075,21948800
2019-01-23,9.29,9.3713,9.0112,9.2188,20761600
2019-01-24,9.2712,9.3612,9.2075,9.33,11466400
2019-01-25,9.475,9.6125,9.42,9.565,14160800
2019-01-28,9.3138,9.32,9.165,9.32,11272000
2019-01-29,9.3287,9.3337,9.0775,9.1375,8624000
2019-01-30,9.3475,9.6737,9.2913,9.62,18242400
2019-01-31,9.715,9.9838,9.6962,9.8962,18085600
2019-02-01,9.7975,9.9425,9.7537,9.805,13536000
2019-02-04,9.8088,10.0463,9.7925,10.0463,10956800
2019-02-05,10.075,10.2475,10.0725,10.2275,10905600
2019-02-06,10.23,10.2662,10.0725,10.16,10268800
2019-02-07,9.9838,10.03,9.7375,9.8862,25721600
2019-02-08,9.7113,9.9213,9.6912,9.9175,13643200
2019-02-11,9.9937,10.0437,9.8588,9.905,8244000
2019-02-12,10.0425,10.2262,10.0162,10.2013,8245600
2019-02-13,10.2837,10.3475,10.19,10.2075,11249600
2019-02-14,10.1287,10.305,10.0675,10.225,16321600
2019-02-15,10.3888,10.3888,10.2225,10.3212,13076800
2019-02-19,10.2513,10.42,10.2513,10.355,10092000
2019-02-20,10.3737,10.4513,10.2425,10.3538,13265600
2019-02-21,10.295,10.35,10.1663,10.2688,10931200
2019-02-22,10.3162,10.4388,10.305,10.425,8028000
2019-02-25,10.5787,10.6375,10.4862,10.5,9064000
2019-02-26,10.4375,10.585,10.4187,10.5188,9204800
2019-02-27,10.43,10.53,10.285,10.5013,9379200
2019-02-28,10.435,10.5275,10.3962,10.4525,6304000
2019-03-01,10.6038,10.6287,10.455,10.605,7465600
2019-03-04,10.7175,10.7662,10.365,10.6,14304800
2019-03-05,10.6088,10.6788,10.51,10.615,6786400
2019-03-06,10.6275,10.635,10.4587,10.49,9884000
2019-03-07,10.4338,10.445,10.1587,10.235,16847200
2019-03-08,10.0025,10.2087,9.9812,10.1987,12748800
2019-03-11,10.28,10.6375,10.28,10.625,8944800
2019-03-12,10.675,10.795,10.6313,10.745,10898400
2019-03-13,10.8488,11.0138,10.8237,10.9012,9967200
2019-03-14,10.9087,10.9375,10.855,10.86,5555200
2019-03-15,10.945,11.1263,10.9338,11.0463,9206400
2019-03-18,11.0525,11.18,11.0087,11.1038,9306400
2019-03-19,11.2013,11.305,11.0938,11.1838,10556800
2019-03-20,11.1788,11.3988,11.0787,11.2675,13987200
2019-03-21,11.195,11.645,11.1925,11.6138,12127200
2019-03-22,11.5112,11.575,11.08,11.0938,21494400
2019-03-25,11.0225,11.1362,10.9038,11.065,17850400
2019-03-26,11.225,11.3625,11.05,11.165,11055200
2019-03-27,11.1875,11.2413,10.8562,11.0325,12356000
2019-03-28,11.0688,11.145,10.935,11.0675,11332000
2019-03-29,11.225,11.2513,11.1025,11.2413,11311200
2019-04-01,11.4513,11.555,11.37,11.5425,10333600
2019-04-02,11.5513,11.635,11.4937,11.6138,8560800
2019-04-03,11.7437,11.89,11.6725,11.7475,11328800
2019-04-04,11.7475,11.835,11.5962,11.7375,10709600
2019-04-05,11.8062,11.8663,11.7712,11.8525,8264800
2019-04-08,11.8125,11.9288,11.7225,11.9137,10833600
2019-04-09,11.825,11.9087,11.7775,11.83,8942400
2019-04-10,11.86,11.9587,11.83,11.9575,6844800
2019-04-11,11.985,11.99,11.85,11.8988,6588000
2019-04-12,11.9987,12.01,11.8988,11.9963,7475200
2019-04-15,11.995,12.0225,11.8375,11.9975,7102400
2019-04-16,12.08,12.1313,12.0075,12.0787,7738400
2019-04-17,12.235,12.2587,12.09,12.16,7839200
2019-04-18,12.1987,12.2013,12.0475,12.1862,6980000
2019-04-22,12.0787,12.265,12.0625,12.2587,5758400
2019-04-23,12.3112,12.595,12.285,12.5675,9048800
2019-04-24,12.58,12.6187,12.48,12.4875,7058400
2019-04-25,12.6737,12.6812,12.4513,12.5725,8656800
2019-04-26,12.5475,12.61,12.335,12.61,9377600
2019-04-29,12.6025,12.6912,12.565,12.6475,5885600
2019-04-30,12.4525,12.495,12.2825,12.46,10799200
2019-05-01,12.6163,12.6888,12.3575,12.3638,13489600
2019-05-02,12.3663,12.4925,12.1012,12.27,17077600
2019-05-03,12.4675,12.6713,12.4263,12.655,11482400
2019-05-06,12.1175,12.5312,12.0775,12.5075,12828800
2019-05-07,12.22,12.33,11.7812,12.005,26300000
2019-05-08,11.93,12.1263,11.85,11.9325,16962400
2019-05-09,11.6862,11.8962,11.4725,11.8225,25925600
2019-05-10,11.7262,11.9575,11.3375,11.8462,19810400
2019-05-13,11.2413,11.3575,10.9525,11.015,28607200
2019-05-14,11.135,11.3925,11.055,11.2575,14888800
2019-05-15,11.1138,11.6337,11.1038,11.565,20064000
2019-05-16,11.58,11.9513,11.5562,11.8,19188000
2019-05-17,11.5675,11.885,11.5437,11.5588,19876000
2019-05-20,11.2437,11.3263,11.095,11.1775,18007200
2019-05-21,11.3625,11.4637,11.2937,11.4012,9770400
2019-05-22,11.2725,11.425,11.2688,11.3,7378400
2019-05-23,11.045,11.0475,10.8125,10.9487,18256000
2019-05-24,11.0763,11.1462,10.9125,10.9338,10604000
2019-05-28,10.9925,11.1213,10.8512,10.8512,10436000
2019-05-29,10.725,10.7925,10.5588,10.6775,17305600
2019-05-30,10.735,10.8212,10.64,10.7688,13569600
2019-05-31,10.51,10.58,10.4075,10.4087,16176800
2019-06-03,10.3638,10.4125,9.855,9.9712,30019200
2019-06-04,10.175,10.5212,10.1025,10.5162,14740800
2019-06-05,10.715,10.7188,10.4525,10.6713,16856800
2019-06-06,10.705,10.8912,10.6125,10.835,12558400
2019-06-07,10.9487,11.3475,10.9263,11.25,14323200
2019-06-10,11.4025,11.7325,11.4025,11.5075,14978400
2019-06-11,11.7612,11.8013,11.4738,11.5475,12202400
2019-06-12,11.4812,11.53,11.375,11.42,7091200
2019-06-13,11.51,11.6,11.4637,11.5525,7874400
2019-06-14,11.42,11.505,11.3588,11.4375,8337600
2019-06-17,11.4925,11.6475,11.4725,11.5825,6988000
2019-06-18,11.85,12.0825,11.7975,11.92,13854400
2019-06-19,11.9613,12.0638,11.8088,12.0075,12580800
2019-06-20,12.34,12.3462,12.05,12.2262,14650400
2019-06-21,12.1925,12.3475,12.1412,12.1962,11025600
2019-06-24,12.2362,12.26,12.1775,12.1925,5284800
2019-06-25,12.1687,12.1788,11.7338,11.765,13850400
2019-06-26,11.92,12.0688,11.8375,11.87,8439200
2019-06-27,11.9575,12.0175,11.8988,11.965,6425600
2019-06-28,12.0188,12.0463,11.905,12.0013,10090400
2019-07-01,12.4487,12.48,12.2013,12.3125,11168800
2019-07-02,12.3038,12.4125,12.235,12.4125,7073600
2019-07-03,12.4637,12.5887,12.4425,12.5887,4602400
2019-07-05,12.4225,12.5863,12.3237,12.5475,7598400
2019-07-08,12.3825,12.3825,12.2625,12.3625,4544800
2019-07-09,12.24,12.5162,12.2238,12.4875,6504000
2019-07-10,12.6375,12.8038,12.5913,12.7312,8825600
2019-07-11,12.7762,12.8325,12.6337,12.7113,9186400
2019-07-12,12.7375,12.8575,12.7125,12.8575,5073600
2019-07-15,12.9137,12.9425,12.845,12.9288,4829600
2019-07-16,12.895,12.9263,12.7238,12.8,6689600
2019-07-17,12.8075,12.8462,12.6737,12.6775,4691200
2019-07-18,12.5575,12.75,12.4725,12.7175,8288800
2019-07-19,12.8888,12.8888,12.4875,12.5013,9793600
2019-07-22,12.58,12.7612,12.5737,12.7163,5620000
2019-07-23,12.85,12.8763,12.68,12.8763,6175200
2019-07-24,12.7812,13.055,12.7725,13.055,6628800
2019-07-25,12.9613,12.9663,12.7587,12.8025,8358400
2019-07-26,12.9663,13.1,12.9525,13.06,5265600
2019-07-29,13.0487,13.0487,12.8125,12.98,6031200
2019-07-30,12.78,12.9637,12.7575,12.86,4669600
2019-07-31,12.9325,12.945,12.2712,12.5188,15574400
2019-08-01,12.5538,13.0063,12.2625,12.3775,20566400
2019-08-02,12.2013,12.225,11.8638,12.0175,18462400
2019-08-05,11.5125,11.5162,10.9637,11.1462,26062400
2019-08-06,11.37,11.5363,11.2037,11.4738,14356000
2019-08-07,11.2275,11.6237,11.0525,11.5725,21372000
2019-08-08,11.7125,12.1,11.6337,12.095,11144000
2019-08-09,11.9762,12.0562,11.6788,11.865,15328000
2019-08-12,11.7188,11.7875,11.485,11.595,10623200
2019-08-13,11.5837,12.2537,11.5525,12.115,17779200
2019-08-14,11.7025,11.785,11.335,11.3612,19658400
2019-08-15,11.4113,11.4725,11.1737,11.3462,15259200
2019-08-16,11.54,11.765,11.54,11.705,8902400
2019-08-19,12.0325,12.13,11.9637,12.0625,8017600
2019-08-20,12.025,12.105,11.8925,11.9,8296800
2019-08-21,12.1088,12.1788,12.0225,12.1062,5812800
2019-08-22,12.1475,12.2037,11.835,12.0275,8872800
2019-08-23,11.865,12.0763,11.1962,11.27,18804800
2019-08-26,11.5162,11.6,11.38,11.5988,9049600
2019-08-27,11.755,11.795,11.4575,11.5588,10804000
2019-08-28,11.4712,11.6663,11.3625,11.6263,7570400
2019-08-29,11.9137,12.0475,11.8287,11.9825,9375200
2019-08-30,12.1075,12.1138,11.7937,11.9288,8736000
2019-09-03,11.77,11.8862,11.6125,11.6925,10075200
2019-09-04,11.9137,12.045,11.8538,12.03,6433600
2019-09-05,12.2875,12.5337,12.28,12.4725,7368800
2019-09-06,12.5,12.5138,12.3925,12.4438,6122400
2019-09-09,12.5175,12.525,12.2587,12.385,6916800
2019-09-10,12.2513,12.3263,12.09,12.3263,7916800
2019-09-11,12.3575,12.5538,12.3038,12.5475,6238400
2019-09-12,12.6987,12.8375,12.6112,12.6412,11579200
2019-09-13,12.6075,12.665,12.5225,12.5588,5365600
2019-09-16,12.3875,12.4913,12.365,12.4325,7053600
2019-09-17,12.4375,12.5575,12.3925,12.5513,3535200
2019-09-18,12.5075,12.5562,12.2362,12.55,7505600
2019-09-19,12.59,12.74,12.5387,12.5863,4820800
2019-09-20,12.625,12.6438,12.2312,12.32,8774400
2019-09-23,12.3088,12.3988,12.225,12.3275,6104000
2019-09-24,12.4425,12.4888,11.8988,11.9925,15376000
2019-09-25,11.9725,12.3287,11.7762,12.2638,9322400
2019-09-26,12.2425,12.2525,11.9937,12.1737,9116000
2019-09-27,12.2125,12.2275,11.7075,11.8825,11147200
2019-09-30,11.9575,12.1313,11.9225,12.0913,8552000
2019-10-01,12.18,12.32,11.8612,11.8925,10512800
2019-10-02,11.74,11.74,11.3625,11.4838,12161600
2019-10-03,11.4875,11.7513,11.2063,11.74,13472000
2019-10-04,11.8538,12.115,11.8387,12.0863,8134400
2019-10-07,12.0087,12.1975,11.9625,12.005,6994400
2019-10-08,11.8512,11.9537,11.6275,11.6325,11548800
2019-10-09,11.8325,11.9775,11.77,11.8813,6865600
2019-10-10,11.8713,12.1438,11.8625,12.0463,6428800
2019-10-11,12.325,12.555,12.3125,12.3512,13950400
2019-10-14,12.32,12.4312,12.3025,12.3625,4255200
2019-10-15,12.43,12.7262,12.4213,12.6675,6500000
2019-10-16,12.5938,12.6625,12.5275,12.6038,5408000
2019-10-17,12.7575,12.795,12.5825,12.6737,5344000
2019-10-18,12.6425,12.685,12.3,12.4288,7823200
2019-10-21,12.5525,12.6625,12.4975,12.6475,4286400
2019-10-22,12.735,12.7812,12.4388,12.445,5113600
2019-10-23,12.3837,12.4925,12.3525,12.4913,3968800
2019-10-24,12.6687,12.7437,12.5562,12.7275,5922400
2019-10-25,12.5988,12.9438,12.5938,12.9237,6609600
2019-10-28,13.0513,13.2212,13.0513,13.185,5828000
2019-10-29,13.14,13.1775,12.9775,12.9875,6106400
2019-10-30,13.035,13.1475,12.8825,13.0913,6336800
2019-10-31,13.175,13.19,12.9675,13.1112,7887200
2019-11-01,13.2275,13.3562,13.1888,13.3562,6411200
2019-11-04,13.535,13.575,13.4688,13.51,7344800
2019-11-05,13.5513,13.575,13.4412,13.515,4214400
2019-11-06,13.5,13.5,13.3363,13.4663,5488800
2019-11-07,13.6038,13.7288,13.4775,13.5562,6590400
2019-11-08,13.5063,13.6637,13.435,13.6637,4704800
2019-11-11,13.5337,13.6337,13.4875,13.625,3490400
2019-11-12,13.6475,13.7925,13.605,13.6962,4613600
2019-11-13,13.6062,13.7312,13.59,13.6775,6140000
2019-11-14,13.6038,13.7013,13.525,13.685,4528000
2019-11-15,13.845,13.87,13.7612,13.855,4488000
2019-11-18,13.8425,13.95,13.73,13.91,5767200
2019-11-19,14.0087,14.0087,13.8413,13.9412,4820800
2019-11-20,13.875,13.955,13.565,13.7725,10796000
2019-11-21,13.7413,13.7612,13.625,13.71,4807200
2019-11-22,13.7725,13.7937,13.5863,13.73,4209600
2019-11-25,13.8363,14.0562,13.8363,14.0525,4988000
2019-11-26,14.0675,14.1388,14.0375,14.105,3788800
2019-11-27,14.18,14.3,14.1438,14.3,6480000
2019-11-29,14.2312,14.2688,14.1525,14.165,2859200
2019-12-02,14.1687,14.1737,13.7163,13.8525,10956800
2019-12-03,13.505,13.665,13.3588,13.6512,11588000
2019-12-04,13.7987,13.86,13.7575,13.79,4644800
2019-12-05,13.8912,13.8912,13.715,13.8425,6520000
2019-12-06,14.0375,14.1613,14.0288,14.1313,6270400
2019-12-09,14.0875,14.2212,14.0037,14.0125,4480800
2019-12-10,14.02,14.1175,13.9263,13.9888,5700000
2019-12-11,14.045,14.1625,14.0075,14.1388,4825600
2019-12-12,14.1025,14.45,14.0675,14.35,16383200
2019-12-13,14.3325,14.535,14.27,14.4362,15720000
2019-12-16,14.6187,14.7587,14.6187,14.7125,6349600
2019-12-17,14.7638,14.7825,14.6925,14.7288,5134400
2019-12-18,14.7662,14.8425,14.7375,14.75,3756800
2019-12-19,14.7762,14.9513,14.775,14.945,5753600
2019-12-20,15.0863,15.115,15.005,15.0688,7419200
2019-12-23,15.1737,15.1888,15.1163,15.1375,5128000
2019-12-24,15.1613,15.1725,15.0763,15.1388,3299200
2019-12-26,15.1912,15.415,15.1912,15.415,3947200
2019-12-27,15.5238,15.5238,15.3075,15.3775,6070400
2019-12-30,15.365,15.3825,15.0312,15.17,9577600
2019-12-31,15.0875,15.255,15.0387,15.2362,5025600
2020-01-02,15.4888,15.7388,15.4338,15.7362,7477600
2020-01-03,15.3225,15.6388,15.3225,15.4575,10924000
2020-01-06,15.2,15.6538,15.1687,15.6412,6679200
2020-01-07,15.6613,15.7312,15.5487,15.6337,5158400
2020-01-08,15.63,16.0225,15.5875,15.87,9110400
2020-01-09,16.1362,16.2025,15.9575,16.1513,7167200
2020-01-10,16.2725,16.2725,16.0063,16.0662,8929600
2020-01-13,16.1838,16.435,16.1462,16.4263,5419200
2020-01-14,16.4013,16.4662,16.2463,16.305,7709600
2020-01-15,16.315,16.46,16.2062,16.3075,6817600
2020-01-16,16.4638,16.6213,16.4013,16.615,4939200
2020-01-17,16.7638,16.8062,16.5987,16.7838,5762400
2020-01-21,16.6875,16.85,16.6787,16.7687,6591200
2020-01-22,16.9312,17.0462,16.81,16.8538,5920000
2020-01-23,16.8312,16.9675,16.6787,16.9538,5767200
2020-01-24,17.1275,17.15,16.5175,16.6637,13505600
2020-01-27,15.9275,16.1537,15.8125,15.9775,14857600
2020-01-28,16.1987,16.5387,16.12,16.46,5929600
2020-01-29,16.6525,16.6863,16.3762,16.5112,8316800
2020-01-30,16.3037,16.6488,16.2087,16.6313,9340000
2020-01-31,16.765,16.78,15.985,16.0925,14463200
2020-02-03,16.255,16.6612,16.2437,16.5713,8365600
2020-02-04,17.0375,17.4062,16.93,17.3337,7303200
2020-02-05,17.7738,17.7738,17.2537,17.4662,13258400
2020-02-06,17.55,17.7712,17.4263,17.7563,5023200
2020-02-07,17.6025,17.7975,17.505,17.5963,5877600
2020-02-10,17.4912,18.0325,17.4825,18.0325,5871200
2020-02-11,18.2288,18.3463,17.9412,18.0325,13471200
2020-02-12,18.2388,18.4,18.1625,18.3862,8524800
2020-02-13,18.1275,18.485,18.0875,18.325,8584000
2020-02-14,18.39,18.4737,18.2687,18.4225,5173600
2020-02-18,18.245,18.5187,18.2188,18.4538,7386400
2020-02-19,18.6625,18.88,18.6338,18.8,4651200
2020-02-20,18.72,18.7938,17.9912,18.435,10793600
2020-02-21,18.275,18.325,17.595,17.7488,11076800
2020-02-24,16.3787,16.8062,16.1925,16.37,32115200
2020-02-25,16.6362,16.75,15.385,15.4862,32688800
2020-02-26,15.6575,16.1775,15.405,15.62,28350400
2020-02-27,14.8425,15.3188,14.0538,14.0562,44845600
2020-02-28,13.1362,14.2712,13.0437,14.1975,52608800
2020-03-02,14.4963,15.5475,14.0988,15.5337,27213600
2020-03-03,15.635,15.9913,14.2725,14.5425,36943200
2020-03-04,15.0913,15.7563,14.7975,15.7362,19877600
2020-03-05,14.935,15.4712,14.5712,14.7887,23922400
2020-03-06,13.805,14.4375,13.5725,14.29,25092000
2020-03-09,12.3125,13.3363,12.25,12.3225,18062400
2020-03-10,13.2575,13.6613,12.3125,13.6438,27948800
2020-03-11,13.0025,13.1862,12.115,12.4537,29296000
2020-03-12,10.7837,11.8687,10.1187,10.1488,36395200
2020-03-13,11.2725,12.1375,10.2587,12.0825,32360800
2020-03-16,9.5638,10.9025,9.0,9.1488,23924800
2020-03-17,9.6613,10.6325,9.0612,10.3825,31902400
2020-03-18,9.1987,10.0387,8.6412,9.7325,30875200
2020-03-19,9.6337,10.4975,9.2,9.8663,35715200
2020-03-20,10.3088,10.435,9.02,9.0775,36707200
2020-03-23,9.14,9.4937,8.5037,9.1237,33055200
2020-03-24,10.07,10.52,9.9012,10.5125,31956000
2020-03-25,10.5787,11.17,10.0775,10.3237,28396800
2020-03-26,10.515,11.5188,10.4825,11.435,22880000
2020-03-27,10.8413,11.2587,10.5625,10.5962,17913600
2020-03-30,10.835,11.46,10.7625,11.4075,16922400
2020-03-31,11.36,11.7837,11.07,11.1975,20289600
2020-04-01,10.5525,10.885,10.0938,10.2625,15729600
2020-04-02,10.1613,10.6912,10.105,10.67,17881600
2020-04-03,10.6112,10.7925,10.13,10.38,11934400
2020-04-06,11.1613,11.9738,11.0288,11.8562,16623200
2020-04-07,12.5337,12.5787,11.7887,11.81,23536800
2020-04-08,12.04,12.4,11.8325,12.3237,18464800
2020-04-09,12.5363,12.66,12.1438,12.355,20278400
2020-04-13,12.26,12.6875,12.1125,12.6388,13797600
2020-04-14,13.145,13.8025,13.055,13.7312,23470400
2020-04-15,13.3025,13.6575,13.125,13.4175,14076000
2020-04-16,13.715,14.045,13.455,13.9263,23693600
2020-04-17,14.2587,14.33,13.7513,14.1562,17477600
2020-04-20,13.9062,14.2537,13.8225,13.8287,14834400
2020-04-21,13.5612,13.63,12.655,12.8,24203200
2020-04-22,13.3538,13.7362,13.245,13.5913,14567200
2020-04-23,13.6812,14.015,13.4625,13.5262,16400000
2020-04-24,13.5688,13.9925,13.3888,13.9712,12976800
2020-04-27,14.245,14.3038,14.0275,14.1412,13344800
2020-04-28,14.4,14.4,13.6,13.6375,18484800
2020-04-29,14.2425,14.7212,14.1,14.5675,16485600
2020-04-30,14.73,14.7312,14.3763,14.6225,14748000
2020-05-01,13.9925,14.2812,13.62,13.7388,15874400
2020-05-04,13.6088,14.105,13.545,14.0825,11196800
2020-05-05,14.3588,14.7175,14.29,14.3962,11768000
2020-05-06,14.6225,14.8413,14.4563,14.5712,11310400
2020-05-07,14.94,15.0662,14.7675,14.9575,10453600
2020-05-08,15.1775,15.37,15.0475,15.35,11151200
2020-05-11,15.1687,15.7712,15.1337,15.605,9703200
2020-05-12,15.7075,15.7975,14.9738,14.9825,10824000
2020-05-13,15.055,15.3075,14.245,14.6088,18562400
2020-05-14,14.4312,14.9338,14.1525,14.9275,16701600
2020-05-15,14.52,15.1325,14.4663,15.12,13533600
2020-05-18,15.53,15.8287,15.4263,15.6987,15345600
2020-05-19,15.7212,16.0175,15.5925,15.5975,14496800
2020-05-20,15.9688,16.2775,15.9688,16.2325,10851200
2020-05-21,16.245,16.3312,15.8075,15.875,14448800
2020-05-22,15.8125,16.0112,15.6862,15.9738,7922400
2020-05-26,16.4925,16.5212,15.8675,15.91,12181600
2020-05-27,15.8237,16.085,15.1875,16.0613,21416800
2020-05-28,15.8975,16.5088,15.8962,15.9987,16858400
2020-05-29,16.095,16.5238,15.8512,16.4338,23090400
2020-06-01,16.355,16.6475,16.3062,16.6087,9300800
2020-06-02,16.6488,16.815,16.3037,16.815,10876800
2020-06-03,16.8988,17.0713,16.7763,16.9625,7372000
2020-06-04,16.9037,17.12,16.5362,16.72,14243200
2020-06-05,16.8675,17.4737,16.8125,17.375,12560800
2020-06-08,17.3575,17.67,17.1338,17.6612,12563200
2020-06-09,17.525,18.0425,17.5163,17.9025,11370400
2020-06-10,18.1625,18.5775,18.0925,18.3475,15496800
2020-06-11,17.7488,17.9487,16.5163,16.5338,20905600
2020-06-12,17.2475,17.4212,16.2025,16.765,24397600
2020-06-15,16.2825,17.29,16.1537,17.1838,16255200
2020-06-16,17.9212,18.1087,17.1575,17.8013,17252000
2020-06-17,18.0063,18.17,17.78,17.8875,10474400
2020-06-18,17.8463,18.0287,17.73,17.9988,11544800
2020-06-19,18.3625,18.3925,17.725,17.9762,12873600
2020-06-22,17.9775,18.4387,17.92,18.4225,8647200
2020-06-23,18.66,19.065,18.5775,18.7162,8218400
2020-06-24,18.6025,18.8,17.7262,17.9662,16951200
2020-06-25,17.9675,18.3288,17.5875,18.3113,11276800
2020-06-26,18.255,18.2588,17.35,17.4163,15106400
2020-06-29,17.3937,17.8075,17.0063,17.7838,12743200
2020-06-30,17.7938,18.5837,17.7712,18.4613,9148800
2020-07-01,18.505,19.085,18.425,18.9312,9286400
2020-07-02,19.3062,19.5075,19.1187,19.1875,9366400
2020-07-06,19.6963,20.2125,19.6887,20.1362,8572800
2020-07-07,20.0875,20.5187,19.8137,19.8512,10094400
2020-07-08,20.0713,20.3838,19.8375,20.3662,8076000
2020-07-09,20.6737,20.8325,20.0125,20.705,12246400
2020-07-10,20.6712,21.0413,20.26,21.0138,9117600
2020-07-13,21.4613,21.9225,20.0037,20.1388,16536000
2020-07-14,19.7463,20.4837,19.2388,20.4325,21487200
2020-07-15,20.6325,20.7825,19.9713,20.4775,14611200
2020-07-16,20.0362,20.3188,19.6737,20.1912,11288800
2020-07-17,20.3162,20.4025,19.92,20.2563,9411200
2020-07-20,20.375,21.5088,20.1663,21.42,7736800
2020-07-21,21.6763,21.6787,20.83,20.9688,11613600
2020-07-22,21.0387,21.2588,20.735,21.1162,7987200
2020-07-23,21.045,21.1462,19.7812,20.0025,16324000
2020-07-24,19.4025,19.8425,18.975,19.6175,15490400
2020-07-27,19.8913,20.3862,19.77,20.325,10046400
2020-07-28,20.2013,20.2838,19.7638,19.82,7340000
2020-07-29,20.045,20.4037,19.9813,20.2787,6929600
2020-07-30,19.955,20.565,19.7712,20.4825,8896800
2020-07-31,21.2138,21.2275,20.4387,21.21,11823200
2020-08-03,21.5688,21.8975,21.54,21.7712,7482400
2020-08-04,21.6775,21.9438,21.5713,21.94,7414400
2020-08-05,22.0163,22.1175,21.84,22.055,6196800
2020-08-06,22.0088,22.685,21.9075,22.6162,7689600
2020-08-07,22.5287,22.665,21.7375,22.1075,11301600
2020-08-10,22.155,22.1975,21.3325,21.91,10324000
2020-08-11,21.7175,21.9387,20.9937,21.0925,11932800
2020-08-12,21.4275,22.3,21.4275,22.1537,9388000
2020-08-13,22.2687,22.625,22.0975,22.2412,8996000
2020-08-14,22.3275,22.3838,21.9575,22.2,5904000
2020-08-17,22.475,22.7612,22.4525,22.6925,5020800
2020-08-18,22.885,23.225,22.64,23.135,4248000
2020-08-19,23.14,23.3125,22.7525,22.8325,6243600
2020-08-20,22.6925,23.545,22.6325,23.465,4279600
2020-08-21,23.5125,23.8625,23.385,23.7775,4805200
2020-08-24,24.3375,24.4775,23.69,24.085,5148400
2020-08-25,23.9425,24.4725,23.875,24.46,4954400
2020-08-26,24.67,25.53,24.655,25.4975,6337600
2020-08-27,25.69,25.8325,24.9375,25.3275,9339600
2020-08-28,25.555,25.7075,25.325,25.5925,5770000
2020-08-31,25.705,26.3375,25.62,26.04,6781200
2020-09-01,26.4975,26.9225,26.1775,26.9,7399200
2020-09-02,27.495,27.5075,26.3575,27.4025,10671200
2020-09-03,26.5875,26.65,24.0825,24.5925,21334400
2020-09-04,24.3425,24.8725,21.9525,23.94,22371200
2020-09-08,22.065,23.05,21.6075,21.6575,14596800
2020-09-09,22.5475,23.2775,22.1525,22.92,15787600
2020-09-10,23.44,23.64,21.7125,21.98,15222800
2020-09-11,22.345,22.4675,21.135,21.7025,15321600
2020-09-14,22.3275,22.79,22.1175,22.4575,10220400
2020-09-15,23.0725,23.3325,22.81,23.0975,9455200
2020-09-16,23.2125,23.3075,22.3075,22.335,11146800
2020-09-17,21.2025,21.99,21.0675,21.67,12571600
2020-09-18,21.8625,21.925,20.4275,21.0975,16731200
2020-09-21,20.48,21.28,20.095,21.28,15192800
2020-09-22,21.67,22.1425,21.11,22.0425,9837200
2020-09-23,22.005,22.0225,20.56,20.6875,11753600
2020-09-24,20.295,21.4125,20.2425,20.895,14940400
2020-09-25,20.9725,21.995,20.7275,21.885,9966800
2020-09-28,22.675,22.7775,22.2375,22.7625,7680400
2020-09-29,22.7025,22.8575,22.475,22.5575,7970800
2020-09-30,22.585,23.405,22.56,22.9125,11083200
2020-10-01,23.5275,23.73,23.2125,23.6075,10772400
2020-10-02,22.5625,23.1875,22.1275,22.2775,15080400
2020-10-05,22.5975,23.27,22.5875,23.2425,8582000
2020-10-06,23.0825,23.39,22.23,22.38,11046000
2020-10-07,22.8275,23.2925,22.7425,23.2,5386400
2020-10-08,23.565,23.58,23.2275,23.41,6250000
2020-10-09,23.675,24.13,23.6225,24.12,8204400
2020-10-12,24.935,26.1,24.75,25.6025,11895200
2020-10-13,25.93,26.045,25.3625,25.585,10455200
2020-10-14,25.7575,25.92,24.87,25.1775,9660000
2020-10-15,24.33,24.945,24.225,24.8225,9642000
2020-10-16,25.1325,25.38,24.525,24.5625,10963200
2020-10-19,24.8975,25.0625,23.58,23.735,9526400
2020-10-20,23.8925,24.395,23.6175,23.8825,10346800
2020-10-21,23.895,24.3475,23.7375,23.8225,7973200
2020-10-22,23.9725,24.115,23.2625,23.83,9636000
2020-10-23,23.9375,23.9375,23.42,23.9375,6109600
2020-10-26,23.505,24.0,22.575,23.18,13420000
2020-10-27,23.3525,23.69,23.1575,23.5375,9899200
2020-10-28,22.795,22.88,21.675,21.715,16731600
2020-10-29,21.9475,22.965,21.8575,22.4375,11930800
2020-10-30,22.1375,22.275,20.9525,21.375,14191200
2020-11-02,21.7,21.9825,20.95,21.435,8594800
2020-11-03,21.71,22.5,21.5675,22.1525,8650800
2020-11-04,23.5975,24.43,23.325,24.135,12656400
2020-11-05,25.25,25.56,24.9925,25.405,10176000
2020-11-06,25.2625,25.5525,24.61,25.4475,7578400
2020-11-09,25.9025,26.195,24.325,24.37,14152400
2020-11-10,23.8225,24.065,23.0475,23.535,11485600
2020-11-11,23.9175,24.645,23.865,24.5775,7230400
2020-11-12,24.71,24.9575,24.14,24.345,6288800
2020-11-13,24.6175,24.865,24.245,24.7925,4542000
2020-11-16,24.7075,25.2,24.61,25.1225,5726400
2020-11-17,25.18,25.2375,24.8675,24.96,4220000
2020-11-18,24.885,25.17,24.6025,24.6075,5259600
2020-11-19,24.5175,25.0525,24.4,24.98,4780800
2020-11-20,24.9975,25.1125,24.65,24.66,3907200
2020-11-23,24.8325,25.055,24.27,24.6575,6552800
2020-11-24,24.84,25.435,24.53,25.3625,5338800
2020-11-25,25.52,25.7725,25.375,25.68,5023600
2020-11-27,25.99,26.33,25.9525,26.135,3326400
2020-11-30,26.185,26.29,25.395,26.2025,5148000
2020-12-01,26.6275,27.2,26.4475,26.95,4608000
2020-12-02,26.6825,27.0375,26.355,26.97,4815200
2020-12-03,27.005,27.33,26.92,27.0325,5140400
2020-12-04,27.0575,27.29,26.93,27.2875,3401200
2020-12-07,27.3,27.6375,27.27,27.575,3628000
2020-12-08,27.49,27.8125,27.16,27.745,3881600
2020-12-09,27.735,27.765,26.305,26.5275,8483600
2020-12-10,26.1325,26.9175,25.94,26.7,7340000
2020-12-11,26.405,26.615,26.0,26.6025,6267200
2020-12-14,26.785,27.3325,26.785,26.95,5519200
2020-12-15,27.395,27.55,26.995,27.55,3863600
2020-12-16,27.635,28.005,27.4475,27.855,5317200
2020-12-17,28.16,28.2625,27.9325,28.2175,4388400
2020-12-18,28.3525,28.39,27.6075,28.0225,7573200
2020-12-21,27.5,28.0425,26.9775,27.95,7365200
2020-12-22,28.1125,28.265,27.57,28.085,6357600
2020-12-23,28.1,28.1625,27.78,27.805,4632800
2020-12-24,27.8575,28.1275,27.85,28.0475,2612400
2020-12-28,28.5275,28.7025,28.1975,28.6175,4510800
2020-12-29,28.8675,28.98,28.5,28.67,4793200
2020-12-30,28.88,28.94,28.5475,28.645,3214800
2020-12-31,28.6525,28.885,28.4525,28.7775,4652000
2021-01-04,29.055,29.08,27.24,27.9675,10180000
2021-01-05,27.8,28.4775,27.7925,28.4225,8942800
2021-01-06,27.5725,28.445,27.37,27.66,9966000
2021-01-07,28.145,29.1425,28.145,29.01,6424400
2021-01-08,29.425,29.795,29.01,29.74,9081200
2021-01-11,29.16,29.385,28.74,28.855,8142800
2021-01-12,28.885,29.0825,28.2825,28.785,6837200
2021-01-13,28.83,29.31,28.72,29.1575,4868400
2021-01-14,29.2375,29.4325,28.765,28.8375,5456400
2021-01-15,28.8175,28.9875,28.1775,28.39,5389200
2021-01-19,28.8225,29.3075,28.625,29.23,6685200
2021-01-20,29.8875,30.75,29.8325,30.5675,5584400
2021-01-21,30.765,31.2025,30.57,31.0825,6775200
2021-01-22,30.8875,31.08,30.75,30.8875,5576800
2021-01-25,31.5475,31.8025,30.125,31.435,14268400
2021-01-26,31.54,31.705,31.2275,31.48,9333200
2021-01-27,31.03,31.0325,29.3375,29.785,12130800
2021-01-28,29.945,31.0175,29.8425,30.0825,9271200
2021-01-29,29.74,29.955,28.4675,28.8425,11287200
2021-02-01,29.47,30.4325,29.1075,30.26,9096400
2021-02-02,30.825,31.45,30.7875,31.2525,6991600
2021-02-03,31.625,31.705,30.9725,30.9825,7540400
2021-02-04,31.2675,31.725,30.995,31.7225,4824400
2021-02-05,31.9125,32.125,31.5825,31.945,7433200
2021-02-08,32.265,32.38,31.9475,32.345,5049200
2021-02-09,32.1675,32.5875,32.1675,32.335,3492400
2021-02-10,32.6075,32.7,31.5525,32.1775,5258800
2021-02-11,32.5,32.6175,32.065,32.535,4302000
2021-02-12,32.3775,32.9325,32.165,32.895,3381600
2021-02-16,33.055,33.24,32.4875,32.725,4618800
2021-02-17,32.1225,32.4575,31.67,32.4075,6291600
2021-02-18,31.685,32.2575,31.3275,32.1125,5330400
2021-02-19,32.3875,32.405,31.6475,31.8425,4489600
2021-02-22,30.965,31.2175,30.16,30.1925,8728800
2021-02-23,29.16,30.3275,28.0525,30.005,17403200
2021-02-24,29.49,30.5625,28.9725,30.495,9657200
2021-02-25,29.97,30.4725,28.07,28.335,16296800
2021-02-26,28.9125,29.505,28.0225,28.635,19246400
2021-03-01,29.5575,30.3875,29.295,30.3275,8928000
2021-03-02,30.445,30.46,29.305,29.345,7660000
2021-03-03,29.1425,29.3175,27.635,27.655,11431200
2021-03-04,27.5625,28.155,26.0225,26.7275,26453600
2021-03-05,27.215,27.6975,25.6,27.5475,17203600
2021-03-08,27.435,27.78,25.9025,25.98,11614000
2021-03-09,27.2725,28.3625,27.1875,28.035,8753600
2021-03-10,28.8175,28.925,27.7425,27.8675,14217200
2021-03-11,28.745,29.465,28.5725,29.16,8259600
2021-03-12,28.37,28.695,27.935,28.6725,9356400
2021-03-15,28.725,29.3125,28.4225,29.2925,5027200
2021-03-16,29.69,30.2625,29.33,29.6125,7150400
2021-03-17,29.0225,30.2025,28.695,29.8475,8042000
2021-03-18,28.9125,29.09,27.93,28.0075,12377600
2021-03-19,27.9875,28.4925,27.585,28.26,9916800
2021-03-22,28.6325,29.6375,28.6325,29.275,8472000
2021-03-23,29.455,29.7125,28.855,28.9725,9600400
2021-03-24,29.2725,29.2725,28.0075,28.0125,8714800
2021-03-25,27.6775,28.2025,27.22,27.9325,10858000
2021-03-26,27.8875,28.82,27.6375,28.765,8796400
2021-03-29,28.6675,28.94,28.1225,28.74,8086400
2021-03-30,28.38,28.5625,27.95,28.46,6412400
2021-03-31,28.79,29.6075,28.7225,29.2975,6393600
2021-04-01,30.0575,30.3475,30.005,30.325,6406000
2021-04-05,30.8025,31.675,30.7525,31.54,7248400
2021-04-06,31.465,31.8625,31.35,31.4725,5124000
2021-04-07,31.3975,31.7925,31.2125,31.6275,4508400
2021-04-08,32.2025,32.3275,32.035,32.2925,3505600
2021-04-09,32.0225,32.715,31.89,32.6875,5977600
2021-04-12,32.4725,32.68,32.22,32.5925,3947200
2021-04-13,32.895,33.4425,32.865,33.3525,4570000
2021-04-14,33.405,33.405,32.3875,32.55,5747600
2021-04-15,33.12,33.605,33.1,33.5275,6026800
2021-04-16,33.6375,33.6525,33.2425,33.6175,4457600
2021-04-19,33.305,33.5275,32.61,32.9975,6363600
2021-04-20,32.8525,33.125,32.115,32.495,6347600
2021-04-21,32.2625,33.105,32.055,33.07,5561200
2021-04-22,32.9825,33.1875,32.04,32.275,7203600
2021-04-23,32.3975,33.3375,32.3975,33.085,4764400
2021-04-26,33.1325,33.5575,32.9825,33.5125,4052800
2021-04-27,33.56,33.595,33.0225,33.205,4010800
2021-04-28,33.1525,33.3525,32.865,32.9425,5616400
2021-04-29,33.6375,33.725,32.585,33.2175,6563200
2021-04-30,32.7275,33.225,32.6125,32.7675,4820000
2021-05-03,33.02,33.1675,32.35,32.4325,5927200
2021-05-04,31.92,31.9825,30.505,31.26,9809600
2021-05-05,31.6625,31.8275,30.9075,31.035,6844000
2021-05-06,31.005,31.5475,30.5675,31.52,7207200
2021-05-07,32.0575,32.4975,31.8175,32.015,5674800
2021-05-10,31.755,31.785,30.375,30.3875,8011200
2021-05-11,29.265,30.475,29.15,30.33,8990000
2021-05-12,29.3675,29.815,28.595,28.76,9091200
2021-05-13,29.3025,29.7475,28.7525,29.205,9386800
2021-05-14,29.8025,30.6575,29.6975,30.48,8473200
2021-05-17,30.14,30.28,29.5675,30.1125,6804800
2021-05-18,30.3,30.5225,29.6575,29.6975,6408800
2021-05-19,28.68,29.8275,28.615,29.7675,13063200
2021-05-20,30.0475,31.085,30.0175,30.92,9842800
2021-05-21,31.225,31.3,30.505,30.57,10658400
2021-05-24,31.0225,31.82,30.9475,31.6075,6468000
2021-05-25,31.905,32.04,31.46,31.69,5461600
2021-05-26,31.825,32.0,31.685,31.9,4153200
2021-05-27,31.815,31.985,31.64,31.67,3494400
2021-05-28,31.905,32.18,31.81,31.845,5952400
2021-06-01,32.13,32.22,31.395,31.65,4544400
2021-06-02,31.735,31.935,31.435,31.77,3727800
2021-06-03,31.21,31.465,30.785,31.085,4663800
2021-06-04,31.46,32.25,31.44,32.18,6406800
2021-06-07,32.035,32.365,31.925,32.345,4148600
2021-06-08,32.705,32.87,32.055,32.37,4288400
2021-06-09,32.66,32.81,32.365,32.4,3653000
2021-06-10,32.47,33.095,32.39,33.08,3531600
2021-06-11,33.075,33.245,32.945,33.24,2649600
2021-06-14,33.335,33.88,33.1,33.875,3428600
2021-06-15,33.805,33.875,33.295,33.425,3032000
2021-06-16,33.525,33.74,32.495,33.185,6306400
2021-06-17,32.985,34.23,32.975,34.025,5353800
2021-06-18,33.705,33.93,33.345,33.495,5902200
2021-06-21,33.535,33.97,33.085,33.9,7340200
2021-06-22,33.87,34.63,33.805,34.535,3735800
2021-06-23,34.53,34.805,34.41,34.56,4704800
2021-06-24,34.98,35.31,34.86,34.99,3644800
2021-06-25,35.11,35.165,34.79,34.915,3307400
2021-06-28,35.2,35.785,35.165,35.755,2578400
2021-06-29,35.715,36.02,35.555,36.01,2170400
2021-06-30,35.98,36.06,35.78,35.905,2516400
2021-07-01,35.82,36.025,35.55,35.93,3110000
2021-07-02,36.32,36.81,36.28,36.74,2966600
2021-07-06,36.865,37.12,36.305,37.05,2962400
2021-07-07,37.52,37.58,36.81,37.18,3650200
2021-07-08,36.135,36.945,35.865,36.78,6300600
2021-07-09,36.64,37.325,36.52,37.225,3614200
2021-07-12,37.515,37.61,37.18,37.51,3513200
2021-07-13,37.435,38.145,37.33,37.495,5558200
2021-07-14,38.015,38.14,37.47,37.625,4879000
2021-07-15,37.62,37.65,36.685,37.095,5503400
2021-07-16,37.3,37.495,36.435,36.5,4855200
2021-07-19,35.765,36.01,35.365,35.9,13662600
2021-07-20,36.11,37.04,35.75,36.735,7660800
2021-07-21,36.655,37.3,36.6,37.275,4796800
2021-07-22,37.355,37.795,37.355,37.795,4153800
2021-07-23,38.085,38.73,37.815,38.655,4845600
2021-07-26,38.53,38.82,38.34,38.74,4782000
2021-07-27,38.675,38.685,36.98,37.89,8540200
2021-07-28,38.12,38.505,37.64,38.16,6524600
2021-07-29,38.06,38.55,38.05,38.31,3819200
2021-07-30,37.46,38.02,37.44,37.9,4870600
2021-08-02,38.255,38.375,37.78,37.895,9445200
2021-08-03,38.06,38.375,37.36,38.355,5711400
2021-08-04,38.35,38.675,38.12,38.48,3463000
2021-08-05,38.64,39.0,38.495,38.965,3099200
2021-08-06,38.675,38.885,38.375,38.61,3444800
2021-08-09,38.71,38.865,38.475,38.75,2604800
2021-08-10,38.855,38.92,38.095,38.36,3344000
2021-08-11,38.625,38.73,37.93,38.235,2856600
2021-08-12,38.105,38.57,37.825,38.505,2949200
2021-08-13,38.57,38.83,38.475,38.755,2254400
2021-08-16,38.515,38.8,37.685,38.785,4969200
2021-08-17,38.195,38.405,37.585,38.105,4737200
2021-08-18,38.0,38.29,37.3,37.365,4988200
2021-08-19,36.95,38.085,36.9,37.735,10185200
2021-08-20,37.94,38.59,37.895,38.52,5549600
2021-08-23,38.735,39.81,38.735,39.66,3810000
2021-08-24,39.8,40.035,39.685,39.905,2759000
2021-08-25,39.965,40.12,39.795,39.95,3226400
2021-08-26,39.815,39.955,39.4,39.485,3864400
2021-08-27,39.625,40.345,39.52,40.26,3742200
2021-08-30,40.415,41.255,40.415,41.165,3975800
2021-08-31,41.205,41.205,40.74,41.08,3753200
2021-09-01,41.32,41.675,41.175,41.225,3672200
2021-09-02,41.515,41.585,40.905,41.175,3180400
2021-09-03,40.91,41.515,40.91,41.435,2811800
2021-09-07,41.44,41.685,41.19,41.535,3041800
2021-09-08,41.5,41.5,40.745,41.265,4814600
2021-09-09,41.29,41.54,40.91,40.94,3812200
2021-09-10,41.375,41.49,40.265,40.33,5649800
2021-09-13,40.845,40.94,39.825,40.275,6193600
2021-09-14,40.6,40.765,39.84,40.04,5696600
2021-09-15,40.155,40.72,39.645,40.63,3364000
2021-09-16,40.36,40.82,39.925,40.705,3707200
2021-09-17,40.6,40.6,39.5,39.74,5933400
2021-09-20,38.45,38.84,37.07,38.085,14432400
2021-09-21,38.47,38.725,37.94,38.16,7007000
2021-09-22,38.38,39.2,38.145,38.89,6998800
2021-09-23,39.125,39.83,38.995,39.6,6841200
2021-09-24,39.1,39.77,39.04,39.665,3990600
2021-09-27,39.0,39.23,38.485,39.05,6146800
2021-09-28,38.06,38.195,36.725,36.82,12348400
2021-09-29,37.105,37.54,36.58,36.73,7409000
2021-09-30,37.06,37.4,36.365,36.385,8754400
2021-10-01,36.545,37.095,35.705,36.875,9564600
2021-10-04,36.535,36.61,34.865,35.345,12422000
2021-10-05,35.535,36.745,35.515,36.29,8216200
2021-10-06,35.615,36.805,35.425,36.745,8508200
2021-10-07,37.38,37.97,37.285,37.42,5256200
2021-10-08,37.655,37.69,36.935,37.04,4585000
2021-10-11,36.73,37.455,36.455,36.475,4333000
2021-10-12,36.78,36.86,36.085,36.23,4932400
2021-10-13,36.69,36.93,36.285,36.8,4573400
2021-10-14,37.55,38.195,37.415,38.15,5528000
2021-10-15,38.41,38.65,38.195,38.63,3799000
2021-10-18,38.355,39.445,38.23,39.41,4577800
2021-10-19,39.64,40.01,39.495,39.985,3963600
2021-10-20,40.105,40.225,39.57,39.89,3802200
2021-10-21,39.72,40.415,39.645,40.38,3066600
2021-10-22,40.095,40.305,39.33,39.69,4902400
2021-10-25,40.005,40.705,39.585,40.5,4804600
2021-10-26,41.0,41.53,40.505,40.725,5430600
2021-10-27,40.865,41.62,40.805,40.935,3991600
2021-10-28,41.365,41.905,41.205,41.86,3595800
2021-10-29,41.16,42.3,41.085,42.27,4382400
2021-11-01,42.37,42.57,41.895,42.555,4304600
2021-11-02,42.41,43.015,42.405,42.915,3240400
2021-11-03,43.005,43.905,42.78,43.82,4803400
2021-11-04,44.105,45.155,43.975,44.93,5058800
2021-11-05,45.345,45.565,44.7,45.02,5388000
2021-11-08,45.01,45.245,44.745,44.9,3865800
2021-11-09,45.15,45.225,43.96,44.265,5863000
2021-11-10,43.62,44.275,42.53,42.975,7582200
2021-11-11,43.65,43.685,43.125,43.215,4129000
2021-11-12,43.46,44.235,43.105,44.12,3584400
2021-11-15,44.385,44.455,43.53,44.105,4993600
2021-11-16,43.93,44.83,43.9,44.725,5156400
2021-11-17,44.795,45.23,44.555,44.765,3583800
2021-11-18,45.235,45.8,44.72,45.685,6605000
2021-11-19,46.065,46.49,45.87,46.19,4075600
2021-11-22,46.555,47.27,45.1,45.135,8661600
2021-11-23,44.855,45.325,43.68,44.71,8533200
2021-11-24,44.13,45.05,43.595,45.025,5404800
2021-11-26,44.37,44.695,42.97,43.225,9370400
2021-11-29,44.32,45.37,44.16,45.145,6771400
2021-11-30,44.935,45.485,43.36,43.805,13698400
2021-12-01,44.825,45.3,42.24,42.32,10846200
2021-12-02,42.05,43.325,41.72,42.945,12959800
2021-12-03,43.22,43.455,40.51,41.45,13186200
2021-12-06,41.545,42.405,40.62,42.13,9277400
2021-12-07,43.575,44.77,43.575,44.665,8152800
2021-12-08,44.71,45.075,44.275,45.04,6692400
2021-12-09,44.76,45.165,43.66,43.71,7616200
2021-12-10,44.34,44.705,43.625,44.655,6575600
2021-12-13,44.645,44.705,43.28,43.36,6913800
2021-12-14,42.245,42.875,41.48,42.49,9612800
2021-12-15,42.395,44.465,41.51,44.39,11968200
2021-12-16,44.62,44.705,41.74,42.12,12277000
2021-12-17,41.32,42.61,40.995,41.69,13475200
2021-12-20,40.605,41.035,40.165,40.85,11559800
2021-12-21,41.58,42.76,40.76,42.68,8665800
2021-12-22,42.615,43.765,42.475,43.73,7392600
2021-12-23,43.8,44.725,43.77,44.4,7158600
2021-12-27,44.7,45.835,44.67,45.825,7256800
2021-12-28,46.05,46.125,45.22,45.45,8987400
2021-12-29,45.46,45.74,44.855,45.41,6671800
2021-12-30,45.355,45.855,44.995,45.095,5771200
2021-12-31,44.965,45.275,44.455,44.51,10505200
2022-01-03,44.825,45.48,44.345,45.435,12321800
2022-01-04,45.54,45.55,43.515,44.245,12080400
2022-01-05,43.85,44.105,41.47,41.495,19416000
2022-01-06,41.095,42.175,40.61,41.465,21080800
2022-01-07,41.445,41.825,40.165,40.55,14856400
2022-01-10,39.485,40.715,38.305,40.645,26443400
2022-01-11,40.425,41.85,39.98,41.84,21613000
2022-01-12,42.415,42.755,41.645,42.17,16403600
2022-01-13,42.44,42.605,39.835,40.035,21576200
2022-01-14,39.485,40.6,39.46,40.54,23671400
2022-01-18,39.25,39.715,38.345,38.55,19022800
2022-01-19,38.82,39.365,37.61,37.66,21533600
2022-01-20,38.325,39.175,36.565,36.665,18105000
2022-01-21,36.225,36.765,34.585,34.6,30147800
2022-01-24,33.51,35.09,31.185,35.02,40041000
2022-01-25,33.615,34.505,32.655,33.27,45231000
2022-01-26,34.825,35.595,32.49,33.325,26151200
2022-01-27,34.16,34.515,32.35,32.55,31453800
2022-01-28,32.92,34.635,31.955,34.635,34542600
2022-01-31,34.855,36.92,34.54,36.855,15154800
2022-02-01,37.07,37.435,36.0,37.295,14213600
2022-02-02,38.185,38.225,37.045,37.92,14866600
2022-02-03,35.845,36.54,34.605,34.81,20256200
2022-02-04,34.925,36.36,34.51,35.7,12168600
2022-02-07,35.79,36.295,34.865,35.14,13006400
2022-02-08,34.89,36.125,34.66,35.93,10682800
2022-02-09,36.815,37.455,36.51,37.455,10437000
2022-02-10,35.94,37.37,35.345,35.75,20919000
2022-02-11,35.73,36.05,33.21,33.495,20967000
2022-02-14,33.335,34.21,32.845,33.585,21453600
2022-02-15,34.59,35.25,34.38,35.23,12314800
2022-02-16,34.75,35.39,34.13,35.195,13161000
2022-02-17,34.515,34.67,33.01,33.105,12042400
2022-02-18,33.26,33.345,31.89,32.34,17350400
2022-02-22,31.755,32.81,30.985,31.685,18384000
2022-02-23,32.285,32.445,30.005,30.075,20689000
2022-02-24,28.12,32.16,28.06,32.09,31324600
2022-02-25,32.225,33.1,31.485,33.08,17812000
2022-02-28,32.445,33.59,32.22,33.335,15971200
2022-03-01,33.06,33.505,31.765,32.24,15366600
2022-03-02,32.545,33.56,32.005,33.3,13087800
2022-03-03,33.86,33.865,32.0,32.35,13261400
2022-03-04,31.895,32.175,30.975,31.44,12057200
2022-03-07,31.425,31.64,29.065,29.105,15477000
2022-03-08,28.955,30.595,28.215,28.82,29354000
2022-03-09,30.34,31.15,29.86,30.93,15465000
2022-03-10,30.12,30.44,29.375,30.235,14806400
2022-03-11,30.77,30.825,28.87,28.955,11842600
2022-03-14,28.735,29.345,27.715,27.86,17040600
2022-03-15,28.32,29.725,28.03,29.58,17767800
2022-03-16,30.315,31.8,29.64,31.795,21507400
2022-03-17,31.43,32.535,31.17,32.535,13647600
2022-03-18,32.225,33.94,32.005,33.89,14640200
2022-03-21,33.715,34.15,32.825,33.7,13864000
2022-03-22,33.795,35.18,33.72,35.01,13091000
2022-03-23,34.45,35.15,34.0,34.005,12659000
2022-03-24,34.39,35.525,33.965,35.52,14963400
2022-03-25,35.49,35.71,34.595,35.47,13492000
2022-03-28,35.45,36.565,35.2,36.565,13447800
2022-03-29,37.36,37.93,36.78,37.795,13109400
2022-03-30,37.425,37.76,36.665,36.99,10161800
2022-03-31,37.0,37.07,35.89,35.96,18050400
2022-04-01,36.11,36.265,35.27,35.935,13742200
2022-04-04,36.08,37.385,36.025,37.38,10275600
2022-04-05,37.085,37.23,35.475,35.745,15053400
2022-04-06,34.635,34.86,33.64,34.15,18505000
2022-04-07,33.975,34.765,33.28,34.335,23844200
2022-04-08,33.995,34.135,33.255,33.36,16143000
2022-04-11,32.53,32.715,31.725,31.79,12651800
2022-04-12,32.705,33.05,31.26,31.54,17267000
2022-04-13,31.575,32.995,31.445,32.79,9644600
2022-04-14,32.8,32.91,31.26,31.285,13048400
2022-04-18,31.085,31.775,30.805,31.385,10158600
2022-04-19,31.215,32.845,31.025,32.715,10597400
2022-04-20,32.91,32.985,31.555,31.76,11112600
2022-04-21,32.53,33.02,30.295,30.49,15518200
2022-04-22,30.495,30.725,28.795,28.86,17695400
2022-04-25,28.555,29.665,28.34,29.62,20252600
2022-04-26,29.235,29.26,27.32,27.335,17151800
2022-04-27,27.375,28.355,27.0,27.305,22371200
2022-04-28,28.18,29.56,27.435,29.225,21608600
2022-04-29,28.47,29.1,26.505,26.6,21359800
2022-05-02,26.53,27.53,25.995,27.495,41917000
2022-05-03,27.49,27.95,27.065,27.58,15773400
2022-05-04,27.645,29.53,26.7,29.43,26193600
2022-05-05,28.605,28.635,25.845,26.505,21008600
2022-05-06,26.095,26.795,25.115,25.84,23935200
2022-05-09,24.86,25.265,23.55,23.79,20535800
2022-05-10,24.965,25.155,23.695,24.375,31727200
2022-05-11,23.985,24.9,22.78,22.91,29229400
2022-05-12,22.215,23.525,21.83,22.81,26040200
2022-05-13,23.52,24.655,23.255,24.475,13575400
2022-05-16,24.195,24.535,23.71,23.925,12234800
2022-05-17,24.875,25.22,24.26,25.16,12646200
2022-05-18,24.38,24.51,22.475,22.66,11742200
2022-05-19,22.365,23.18,22.12,22.435,17992400
2022-05-20,22.985,23.085,20.98,22.28,16167600
2022-05-23,22.46,23.085,22.075,23.025,13331600
2022-05-24,22.18,22.295,21.265,22.04,14160000
2022-05-25,21.805,22.99,21.78,22.67,13620800
2022-05-26,22.535,24.16,22.49,23.915,8656400
2022-05-27,24.43,25.5,24.41,25.5,13309200
2022-05-31,25.48,25.845,24.68,25.335,11966200
2022-06-01,25.705,26.06,24.59,24.965,11093600
2022-06-02,24.775,26.35,24.535,26.34,11470600
2022-06-03,25.425,25.665,24.735,24.93,10348600
2022-06-06,25.695,25.95,24.86,25.12,8605800
2022-06-07,24.55,25.675,24.365,25.565,7821400
2022-06-08,25.405,25.85,25.035,25.18,5292200
2022-06-09,24.875,25.4,23.8,23.805,7298400
2022-06-10,22.9,23.095,22.07,22.11,16818000
2022-06-13,20.735,21.12,19.935,20.075,19895600
2022-06-14,20.41,20.54,19.765,20.17,12524200
2022-06-15,20.66,21.735,20.245,21.155,19030800
2022-06-16,20.06,20.125,19.12,19.46,28909800
2022-06-17,19.55,20.26,19.31,19.91,16117000
2022-06-21,20.57,21.25,20.56,20.915,14404600
2022-06-22,20.505,21.515,20.44,20.845,11397000
2022-06-23,21.225,21.59,20.795,21.465,10545400
2022-06-24,21.9,22.985,21.87,22.975,8389200
2022-06-27,23.145,23.235,22.41,22.585,7038600
2022-06-28,22.68,23.08,21.18,21.2,10029800
2022-06-29,21.17,21.47,20.805,21.26,10130800
2022-06-30,20.78,21.245,20.035,20.705,11290800
2022-07-01,20.49,21.035,20.23,20.975,12950600
2022-07-05,20.41,21.705,20.17,21.695,9101400
2022-07-06,21.75,22.29,21.485,21.96,9548800
2022-07-07,22.1,23.01,22.1,22.895,5611400
2022-07-08,22.44,23.175,22.315,22.97,6734400
2022-07-11,22.575,22.61,21.84,21.96,6936800
2022-07-12,22.165,22.465,21.3,21.545,7321400
2022-07-13,20.695,21.82,20.615,21.465,11671000
2022-07-14,21.05,21.73,20.57,21.61,9062400
2022-07-15,22.07,22.395,21.815,22.38,7206000
2022-07-18,22.815,23.04,21.83,22.005,7378000
2022-07-19,22.575,23.395,22.315,23.345,8199000
2022-07-20,23.42,24.28,23.3,24.085,9271800
2022-07-21,24.15,24.78,23.74,24.775,7491000
2022-07-22,24.64,24.975,23.605,23.905,8823200
2022-07-25,23.9,23.975,23.31,23.65,9322800
2022-07-26,23.36,23.39,22.57,22.695,4909400
2022-07-27,23.41,24.885,23.335,24.615,12328400
2022-07-28,24.575,25.19,23.96,25.08,11962600
2022-07-29,25.345,26.15,25.115,26.01,8710600
2022-08-01,25.71,26.55,25.525,25.98,5901400
2022-08-02,25.575,26.505,25.405,25.805,6476400
2022-08-03,26.1,27.355,26.09,27.21,6720800
2022-08-04,27.215,27.515,26.855,27.445,5514800
2022-08-05,26.58,27.365,26.44,27.01,10551200
2022-08-08,27.17,27.8,26.59,26.835,6903400
2022-08-09,26.5,26.55,25.95,26.22,5850400
2022-08-10,27.475,27.73,27.045,27.68,11302000
2022-08-11,28.085,28.43,27.24,27.365,6851400
2022-08-12,27.72,28.455,27.535,28.445,5083600
2022-08-15,28.25,28.965,28.25,28.875,4667600
2022-08-16,28.69,29.11,28.2,28.74,6352200
2022-08-17,28.17,28.585,27.72,28.075,8123400
2022-08-18,28.045,28.41,27.78,28.22,4834400
2022-08-19,27.675,27.775,26.97,27.11,6553200
2022-08-22,26.36,26.4,25.525,25.675,13726800
2022-08-23,25.625,26.095,25.495,25.63,6612000
2022-08-24,25.54,26.075,25.445,25.775,5331800
2022-08-25,26.06,26.675,25.885,26.67,7587200
2022-08-26,26.625,26.82,24.475,24.48,11767200
2022-08-29,24.0,24.435,23.815,24.0,9565000
2022-08-30,24.265,24.35,23.05,23.46,8286200
2022-08-31,23.915,24.055,23.17,23.185,17338000
2022-09-01,22.775,23.245,22.19,23.2,10762800
2022-09-02,23.655,23.865,22.285,22.535,13055400
2022-09-06,22.595,22.75,21.875,22.21,10722600
2022-09-07,22.265,23.255,22.24,23.1,11316400
2022-09-08,22.755,23.54,22.555,23.335,11207200
2022-09-09,23.69,24.425,23.68,24.345,6408800
2022-09-12,24.565,24.98,24.525,24.92,7567400
2022-09-13,23.47,23.68,22.045,22.175,12905800
2022-09-14,22.365,22.665,22.085,22.54,7933400
2022-09-15,22.21,22.6,21.525,21.76,9872400
2022-09-16,21.26,21.56,20.95,21.495,8808600
2022-09-19,21.095,21.855,21.085,21.84,8166000
2022-09-20,21.445,21.83,21.135,21.475,9361400
2022-09-21,21.62,22.26,20.69,20.7,15802000
2022-09-22,20.46,20.625,20.015,20.2,11582400
2022-09-23,19.835,19.87,19.035,19.54,13828600
2022-09-26,19.45,20.095,19.26,19.345,10924200
2022-09-27,19.85,20.19,19.045,19.395,13018200
2022-09-28,19.38,20.335,19.165,20.15,9776800
2022-09-29,19.555,19.61,18.545,19.015,13093400
2022-09-30,18.87,19.435,18.315,18.33,12365400
2022-10-03,18.57,19.415,18.375,19.195,12673600
2022-10-04,19.96,20.495,19.95,20.4,12115200
2022-10-05,19.825,20.635,19.44,20.365,10373800
2022-10-06,20.22,20.675,19.99,20.04,11859200
2022-10-07,19.36,19.37,18.32,18.505,12149800
2022-10-10,18.525,18.585,17.76,18.11,8529800
2022-10-11,17.895,18.29,17.4,17.66,14375400
2022-10-12,17.725,17.985,17.525,17.63,9579000
2022-10-13,16.605,18.615,16.49,18.43,22276800
2022-10-14,18.76,18.845,17.245,17.31,15657600
2022-10-17,18.125,18.585,18.125,18.485,12955800
2022-10-18,19.445,19.535,18.38,18.775,17131400
2022-10-19,18.53,19.045,18.27,18.615,9111800
2022-10-20,18.48,19.195,18.245,18.405,12220400
2022-10-21,18.25,19.345,18.09,19.285,12779800
2022-10-24,19.31,19.83,18.785,19.705,11592200
2022-10-25,19.83,20.56,19.83,20.51,8550600
2022-10-26,19.67,20.47,19.53,19.59,12766000
2022-10-27,19.425,19.635,18.805,18.865,9520800
2022-10-28,18.775,20.09,18.77,20.03,10842400
2022-10-31,19.685,19.81,19.28,19.54,9882600
2022-11-01,20.055,20.13,19.1,19.145,10109800
2022-11-02,19.15,19.575,17.825,17.835,16235200
2022-11-03,17.46,17.665,17.08,17.14,12666600
2022-11-04,17.795,17.935,16.95,17.685,13356600
2022-11-07,17.83,18.14,17.535,18.07,5524000
2022-11-08,18.27,18.77,17.785,18.32,9044400
2022-11-09,18.065,18.17,17.425,17.46,7479000
2022-11-10,19.165,20.085,18.87,20.04,16590200
2022-11-11,20.025,20.88,19.83,20.78,10517600
2022-11-14,20.48,20.965,20.275,20.405,19760200
2022-11-15,21.385,21.525,20.49,20.98,13337000
2022-11-16,20.685,20.725,20.275,20.395,6324200
2022-11-17,19.72,20.51,19.7,20.29,13683000
2022-11-18,20.735,20.76,19.945,20.295,8882000
2022-11-21,20.09,20.26,19.755,19.87,4776000
2022-11-22,19.975,20.465,19.665,20.44,8834800
2022-11-23,20.44,20.93,20.405,20.845,8342400
2022-11-25,20.605,20.705,20.495,20.56,2779600
2022-11-28,20.275,20.565,19.825,19.95,4054800
2022-11-29,19.98,20.04,19.45,19.655,4890400
2022-11-30,19.685,21.45,19.57,21.45,14528800
2022-12-01,21.485,21.77,21.07,21.49,7831000
2022-12-02,20.73,21.435,20.7,21.32,7703600
2022-12-05,20.985,21.175,20.375,20.58,6606600
2022-12-06,20.56,20.58,19.53,19.73,9560400
2022-12-07,19.55,19.85,19.33,19.56,11128600
2022-12-08,19.755,20.16,19.465,20.035,5958600
2022-12-09,19.88,20.27,19.7,19.775,7095400
2022-12-12,19.785,20.26,19.645,20.255,5270200
2022-12-13,21.835,21.86,20.3,20.695,16672200
2022-12-14,20.59,21.085,19.915,20.375,12088200
2022-12-15,19.76,19.865,18.825,19.005,13833200
2022-12-16,18.895,19.115,18.41,18.63,20766800
2022-12-19,18.66,18.67,17.935,18.125,7875200
2022-12-20,17.94,18.31,17.73,18.075,8547800
2022-12-21,18.215,18.775,18.1,18.605,7561800
2022-12-22,18.115,18.125,17.035,17.63,12134000
2022-12-23,17.445,17.78,17.19,17.715,7979600
2022-12-27,17.615,17.625,17.12,17.18,7173200
2022-12-28,17.13,17.435,16.69,16.725,7322000
2022-12-29,17.08,17.655,17.0,17.535,7830200
2022-12-30,17.155,17.525,16.985,17.52,6488200
2023-01-03,17.82,18.015,16.96,17.275,10744400
2023-01-04,17.555,17.655,17.015,17.44,10703200
2023-01-05,17.205,17.215,16.835,16.87,8770800
2023-01-06,17.09,17.95,16.71,17.8,9068400
2023-01-09,18.07,18.66,17.945,18.035,10445600
2023-01-10,17.89,18.34,17.82,18.34,7259400
2023-01-11,18.475,18.975,18.365,18.96,6547600
2023-01-12,19.025,19.29,18.43,19.14,13126400
2023-01-13,18.795,19.45,18.75,19.405,7118200
2023-01-17,19.375,19.67,19.22,19.47,5573000
2023-01-18,19.71,19.92,18.95,18.97,7323400
2023-01-19,18.735,18.895,18.425,18.59,8381800
2023-01-20,18.81,19.655,18.675,19.63,6992200
2023-01-23,19.715,20.65,19.625,20.49,15408800
2023-01-24,20.235,20.555,20.16,20.395,11212400
2023-01-25,19.74,20.385,19.37,20.285,12435200
2023-01-26,20.775,21.095,20.395,21.07,9152400
2023-01-27,20.875,21.78,20.865,21.485,11035400
2023-01-30,21.0,21.215,20.57,20.6,9410800
2023-01-31,20.615,21.24,20.605,21.235,10618800
2023-02-01,21.2,22.49,20.895,22.155,16668600
2023-02-02,23.1,24.005,22.71,23.715,15147200
2023-02-03,22.68,23.81,22.625,22.86,17743200
2023-02-06,22.465,22.815,22.27,22.48,13271600
2023-02-07,22.455,23.57,22.285,23.415,17696600
2023-02-08,23.195,23.335,22.465,22.56,8346000
2023-02-09,23.21,23.235,21.935,22.145,9880600
2023-02-10,21.825,22.13,21.495,21.865,9519400
2023-02-13,22.07,22.64,21.895,22.57,7921400
2023-02-14,22.315,23.03,22.02,22.875,12703800
2023-02-15,22.605,23.25,22.505,23.245,9261400
2023-02-16,22.495,23.115,22.32,22.335,11092600
2023-02-17,22.02,22.13,21.58,22.015,7646400
2023-02-21,21.45,21.66,20.955,20.97,7102800
2023-02-22,21.06,21.3,20.765,21.0,9557600
2023-02-23,21.525,21.54,20.745,21.365,12213600
2023-02-24,20.63,20.8,20.375,20.63,12301000
2023-02-27,21.095,21.285,20.85,20.935,8575200
2023-02-28,20.835,21.235,20.785,20.865,6760600
2023-03-01,20.82,20.915,20.39,20.53,8565200
2023-03-02,20.155,20.975,20.125,20.88,8872200
2023-03-03,21.11,21.755,21.04,21.73,9703800
2023-03-06,21.91,22.34,21.74,21.76,8407200
2023-03-07,21.775,21.905,21.135,21.225,10278000
2023-03-08,21.275,21.515,21.01,21.445,8041200
2023-03-09,21.495,21.87,20.56,20.66,10255800
2023-03-10,20.69,20.915,19.935,20.085,30820800
2023-03-13,19.85,20.915,19.62,20.39,30307800
2023-03-14,20.895,21.405,20.775,21.33,13031000
2023-03-15,20.945,21.595,20.735,21.54,18626200
2023-03-16,21.385,22.72,21.285,22.665,16590200
2023-03-17,22.66,23.01,22.16,22.44,12643400
2023-03-20,22.36,22.65,22.025,22.605,8176800
2023-03-21,22.89,23.315,22.67,23.235,7240800
2023-03-22,23.235,23.98,22.59,22.6,24747800
2023-03-23,23.155,23.785,22.74,23.15,12797200
2023-03-24,23.065,23.32,22.715,23.305,7752000
2023-03-27,23.405,23.57,22.85,22.97,6827600
2023-03-28,22.9,22.9,22.385,22.74,7862200
2023-03-29,23.285,23.655,23.165,23.575,6727800
2023-03-30,23.93,24.085,23.725,23.99,8303200
2023-03-31,24.02,24.815,23.985,24.785,7233800
2023-04-03,24.445,24.7,24.24,24.66,8188000
2023-04-04,24.725,24.88,24.3,24.495,6524000
2023-04-05,24.325,24.355,23.7,23.985,8331400
2023-04-06,23.725,24.38,23.52,24.33,8803400
2023-04-10,23.845,24.28,23.565,24.275,6597000
2023-04-11,24.27,24.27,23.885,23.965,5338600
2023-04-12,24.26,24.34,23.465,23.53,8870200
2023-04-13,23.79,24.51,23.765,24.45,7159200
2023-04-14,24.185,24.62,23.895,24.345,6523200
2023-04-17,24.285,24.435,23.96,24.37,6663400
2023-04-18,24.705,24.77,24.19,24.385,6720600
2023-04-19,24.01,24.515,23.99,24.355,7118600
2023-04-20,23.88,24.425,23.77,23.98,10049200
2023-04-21,23.9,24.135,23.635,24.01,8053600
2023-04-24,23.975,24.18,23.58,23.905,5432200
2023-04-25,23.65,23.755,22.99,23.01,10007200
2023-04-26,23.5,23.735,23.205,23.27,7649800
2023-04-27,23.84,24.61,23.745,24.535,13067400
2023-04-28,24.485,24.875,24.315,24.87,7154800
2023-05-01,24.8,25.02,24.635,24.805,6884000
2023-05-02,24.795,24.84,24.09,24.36,7979400
2023-05-03,24.425,24.83,24.03,24.06,10127800
2023-05-04,24.005,24.17,23.705,23.875,7362000
2023-05-05,24.2,25.005,24.15,24.875,6692400
2023-05-08,24.79,25.045,24.625,24.99,5566600
2023-05-09,24.725,24.86,24.62,24.675,5099200
2023-05-10,25.055,25.34,24.665,25.21,9513800
2023-05-11,25.27,25.44,25.03,25.36,7098400
2023-05-12,25.425,25.505,24.845,25.175,7470200
2023-05-15,25.24,25.475,25.0,25.445,7146600
2023-05-16,25.315,25.76,25.315,25.49,5980600
2023-05-17,25.645,26.195,25.47,26.115,7689400
2023-05-18,26.16,27.095,26.155,27.055,10012800
2023-05-19,27.09,27.205,26.76,26.935,7781200
2023-05-22,26.89,27.27,26.885,27.095,6917800
2023-05-23,26.835,27.01,26.36,26.415,5407400
2023-05-24,26.1,26.34,25.81,26.135,7873200
2023-05-25,27.305,27.595,26.91,27.39,9238800
2023-05-26,27.57,28.925,27.545,28.795,9572800
2023-05-30,29.505,29.695,28.81,29.04,9288400
2023-05-31,28.765,29.11,28.47,28.66,8536000
2023-06-01,28.645,29.575,28.475,29.37,6621400
2023-06-02,29.655,29.99,29.355,29.8,8838800
2023-06-05,29.76,30.265,29.655,29.835,6077000
2023-06-06,29.72,29.98,29.49,29.825,5470200
2023-06-07,29.86,30.19,28.69,28.8,8243600
2023-06-08,28.835,29.57,28.795,29.495,6031800
2023-06-09,29.745,30.245,29.48,29.71,8509600
2023-06-12,30.0,30.73,29.83,30.725,5299600
2023-06-13,31.2,31.325,30.64,31.175,6533600
2023-06-14,31.18,31.68,30.695,31.63,9163200
2023-06-15,31.4,32.63,31.29,32.36,12554400
2023-06-16,32.785,32.81,31.88,31.94,6792600
2023-06-20,31.685,32.1,31.33,31.865,5751400
2023-06-21,31.64,31.715,30.82,30.995,6789600
2023-06-22,30.745,31.72,30.675,31.71,4765800
2023-06-23,30.995,31.47,30.77,31.07,5761000
2023-06-26,30.97,31.45,30.215,30.235,6571600
2023-06-27,30.5,31.38,30.36,31.265,10757200
2023-06-28,30.925,31.71,30.925,31.37,9968600
2023-06-29,31.315,31.41,30.945,31.23,6941800
2023-06-30,31.86,32.365,31.81,32.19,6290800
2023-07-03,32.29,32.44,32.1,32.345,3440600
2023-07-05,32.035,32.62,32.035,32.32,4058000
2023-07-06,31.63,31.885,31.295,31.82,7080200
2023-07-07,31.755,32.325,31.555,31.59,7112200
2023-07-10,31.525,31.725,31.1,31.63,9980800
2023-07-11,31.675,31.99,31.305,31.92,10915800
2023-07-12,32.625,32.955,32.28,32.73,11074400
2023-07-13,33.265,33.955,33.165,33.805,6168000
2023-07-14,33.885,34.465,33.63,33.79,7406600
2023-07-17,33.905,34.57,33.83,34.405,9326800
2023-07-18,34.295,35.22,33.935,34.98,12493000
2023-07-19,35.165,35.37,34.705,34.89,9836000
2023-07-20,34.365,34.645,33.13,33.31,10129200
2023-07-21,33.745,33.875,33.04,33.105,8124000
2023-07-24,33.28,33.45,32.885,33.21,10284000
2023-07-25,33.335,33.95,33.325,33.67,10330600
2023-07-26,33.465,33.73,33.015,33.435,6982200
2023-07-27,34.39,34.675,33.015,33.25,16236400
2023-07-28,33.965,34.635,33.88,34.455,8282600
2023-07-31,34.505,34.695,34.245,34.515,5744800
2023-08-01,34.235,34.45,33.94,34.32,5208800
2023-08-02,33.68,33.68,32.58,32.8,13333800
2023-08-03,32.355,33.05,32.33,32.68,7784200
2023-08-04,33.025,33.43,32.285,32.365,14143000
2023-08-07,32.695,32.925,32.265,32.915,6114800
2023-08-08,32.455,32.46,31.785,32.34,10888600
2023-08-09,32.385,32.415,31.495,31.62,7037800
2023-08-10,32.125,32.715,31.455,31.725,13651800
2023-08-11,31.265,31.615,31.05,31.31,8892800
2023-08-14,31.18,32.025,31.05,32.02,5633400
2023-08-15,31.825,31.97,31.205,31.325,5414800
2023-08-16,31.23,31.49,30.64,30.645,6374000
2023-08-17,30.88,30.935,29.9,29.96,9601400
2023-08-18,29.395,30.1,29.32,29.88,7514600
2023-08-21,30.13,30.96,30.055,30.85,8257000
2023-08-22,31.275,31.28,30.63,30.755,7614000
2023-08-23,30.94,31.9,30.91,31.715,8116200
2023-08-24,32.31,32.32,30.31,30.32,10530400
2023-08-25,30.475,31.095,29.895,30.815,14986600
2023-08-28,31.31,31.415,30.84,31.28,5851200
2023-08-29,31.225,32.685,31.18,32.62,8184000
2023-08-30,32.645,33.08,32.46,32.98,7393400
2023-08-31,32.97,33.455,32.965,33.14,5388000
2023-09-01,33.585,33.645,32.815,33.095,5922400
2023-09-05,32.93,33.37,32.765,33.155,4413600
2023-09-06,33.0,33.065,32.21,32.57,6877200
2023-09-07,31.76,32.215,31.575,32.08,6219600
2023-09-08,32.055,32.555,31.995,32.155,6527200
2023-09-11,32.69,33.01,32.355,32.915,7382200
2023-09-12,32.615,32.85,32.13,32.185,7969800
2023-09-13,32.22,32.695,32.015,32.42,7316200
2023-09-14,32.705,33.1,32.345,32.935,7829400
2023-09-15,32.68,32.755,31.635,31.78,10794000
2023-09-18,31.615,32.045,31.575,31.86,5146600
2023-09-19,31.61,31.84,31.185,31.72,6375200
2023-09-20,31.9,31.95,30.78,30.8,10784400
2023-09-21,30.135,30.275,29.62,29.635,8599200
2023-09-22,29.94,30.29,29.595,29.66,7559200
2023-09-25,29.48,29.94,29.32,29.925,5793000
2023-09-26,29.48,29.57,28.855,29.015,6881200
2023-09-27,29.2,29.47,28.55,29.17,9552000
2023-09-28,28.975,29.975,28.845,29.63,9031600
2023-09-29,30.195,30.435,29.455,29.675,11351800
2023-10-02,29.695,30.385,29.6,30.15,9423200
2023-10-03,29.72,30.095,28.81,29.085,10531000
2023-10-04,29.215,30.01,29.145,29.87,10016800
2023-10-05,29.86,29.91,29.085,29.675,6617000
2023-10-06,29.165,30.855,29.03,30.655,10872000
2023-10-09,30.27,31.065,30.005,30.975,6528800
2023-10-10,31.02,31.76,30.945,31.295,7793000
2023-10-11,31.53,31.785,31.24,31.75,6928000
2023-10-12,31.83,32.13,31.095,31.495,10319000
2023-10-13,31.615,31.715,30.47,30.715,9706000
2023-10-16,30.94,31.58,30.915,31.42,6193400
2023-10-17,30.775,31.48,30.415,31.205,8118200
2023-10-18,30.755,31.135,30.14,30.325,9828200
2023-10-19,30.585,30.79,29.64,29.78,16464600
2023-10-20,29.7,29.785,28.855,28.895,11697200
2023-10-23,28.65,29.645,28.315,29.05,36769400
2023-10-24,29.355,29.74,29.075,29.63,8863400
2023-10-25,29.19,29.235,28.065,28.16,12723400
2023-10-26,27.95,28.105,26.86,27.075,17080400
2023-10-27,27.495,27.875,27.13,27.335,14958000
2023-10-30,27.715,28.145,27.5,27.925,15122600
2023-10-31,27.94,28.26,27.52,28.21,8014600
2023-11-01,28.33,29.265,28.32,29.19,13525000
2023-11-02,29.9,30.25,29.7,30.225,13622200
2023-11-03,30.425,31.135,30.39,30.925,8676600
2023-11-06,31.05,31.255,30.78,31.165,7315800
2023-11-07,31.335,31.895,31.13,31.745,7065600
2023-11-08,31.82,31.92,31.39,31.795,6037400
2023-11-09,31.89,32.085,31.19,31.29,9564600
2023-11-10,31.56,32.7,31.48,32.66,15628400
2023-11-13,32.395,32.645,32.13,32.465,7899600
2023-11-14,33.575,34.02,33.49,33.85,11581600
2023-11-15,34.17,34.275,33.665,33.895,8840200
2023-11-16,33.75,33.985,33.525,33.955,8899800
2023-11-17,33.805,34.135,33.645,33.95,5736400
2023-11-20,33.955,34.89,33.945,34.78,11375000
2023-11-21,34.455,34.49,34.04,34.335,8832800
2023-11-22,34.71,35.15,34.44,34.63,11136200
2023-11-24,34.53,34.645,34.335,34.51,2595000
2023-11-27,34.42,34.8,34.295,34.45,4448200
2023-11-28,34.315,34.725,34.24,34.62,6934600
2023-11-29,35.06,35.315,34.49,34.54,9940200
2023-11-30,34.58,34.65,33.82,34.355,7866800
2023-12-01,34.15,34.65,33.865,34.555,7126600
2023-12-04,33.845,33.94,33.245,33.89,8523400
2023-12-05,33.55,34.27,33.52,34.055,7302000
2023-12-06,34.58,34.6,33.595,33.66,5998600
2023-12-07,34.165,34.725,33.975,34.605,5838800
2023-12-08,34.255,34.965,34.235,34.875,8000800
2023-12-11,34.795,35.52,34.77,35.475,5527600
2023-12-12,35.475,36.05,35.27,36.04,5436000
2023-12-13,36.195,37.05,36.06,36.94,7928800
2023-12-14,37.15,37.39,36.3,36.86,8718600
2023-12-15,37.005,37.425,36.885,37.13,8727400
2023-12-18,37.275,37.835,37.225,37.67,6906800
2023-12-19,37.74,38.07,37.715,38.04,5965200
2023-12-20,37.86,38.24,36.84,36.855,8167600
2023-12-21,37.575,37.765,37.1,37.71,6424600
2023-12-22,37.92,38.105,37.46,37.815,7050000
2023-12-26,37.96,38.39,37.95,38.255,3625600
2023-12-27,38.31,38.465,38.15,38.4,4740400
2023-12-28,38.61,38.645,38.28,38.33,3925600
2023-12-29,38.335,38.405,37.65,38.0,7528400
2024-01-02,37.32,37.365,36.285,36.72,9588000
2024-01-03,36.225,36.415,35.855,35.935,9925800
2024-01-04,35.57,36.135,35.5,35.54,6966000
2024-01-05,35.565,36.11,35.37,35.63,7603600
2024-01-08,35.84,37.135,35.815,37.09,7127000
2024-01-09,36.52,37.4,36.485,37.235,5750000
2024-01-10,37.27,37.91,37.115,37.72,5419400
2024-01-11,37.94,38.19,36.91,37.84,7780200
2024-01-12,38.045,38.195,37.625,37.89,6328000
2024-01-16,37.645,38.16,37.37,37.875,7434200
2024-01-17,37.245,37.5,36.645,37.43,9561000
2024-01-18,38.01,38.575,37.775,38.5,9237000
2024-01-19,38.885,40.02,38.775,39.995,10636800
2024-01-22,40.42,40.655,39.98,40.095,8290600
2024-01-23,40.215,40.45,39.865,40.415,5471600
2024-01-24,41.155,41.625,40.765,40.845,11427600
2024-01-25,41.315,41.45,40.485,40.925,8001600
2024-01-26,40.555,40.895,40.32,40.425,7150800
2024-01-29,40.515,41.295,40.395,41.265,6252800
2024-01-30,41.06,41.16,40.53,40.69,5167600
2024-01-31,39.845,40.23,39.07,39.1,14639800
2024-02-01,39.42,40.085,39.235,40.03,9338600
2024-02-02,40.355,41.585,40.17,41.37,10507400
2024-02-05,41.34,41.45,40.56,41.22,6399200
2024-02-06,41.43,41.555,40.6,41.07,6142200
2024-02-07,41.59,42.055,41.34,41.895,5831400
2024-02-08,41.9,42.17,41.76,42.03,4085600
2024-02-09,42.235,42.99,42.085,42.84,5793600
2024-02-12,42.8,43.245,42.365,42.49,5187200
2024-02-13,40.92,41.69,40.54,41.155,11005000
2024-02-14,41.675,42.135,41.22,42.06,7728000
2024-02-15,42.175,42.365,41.66,42.27,7730000
2024-02-16,42.34,42.355,41.37,41.505,7759600
2024-02-20,41.105,41.385,40.125,40.87,8186200
2024-02-21,40.32,40.545,39.77,40.53,7356600
2024-02-22,42.185,43.075,42.05,42.895,8965600
2024-02-23,43.175,43.365,42.425,42.62,7262400
2024-02-26,42.75,42.96,42.53,42.57,5209000
2024-02-27,42.78,42.84,42.26,42.775,4686000
2024-02-28,42.34,42.57,42.11,42.29,3813000
2024-02-29,42.85,43.21,42.225,43.02,6100000
2024-03-01,43.17,44.47,43.16,44.305,6217600
2024-03-04,44.28,44.36,43.915,43.945,6141600
2024-03-05,43.33,43.345,41.9,42.38,8465800
2024-03-06,43.195,43.515,42.53,42.9,6384400
2024-03-07,43.585,44.425,43.28,44.19,6978400
2024-03-08,44.24,44.8,42.76,42.88,10652400
2024-03-11,42.585,42.815,42.185,42.555,8074800
2024-03-12,43.015,43.85,42.375,43.79,7163200
2024-03-13,43.555,43.57,42.875,43.08,4144400
2024-03-14,43.32,43.415,42.315,42.855,7269800
2024-03-15,42.265,42.375,41.6,41.82,6586800
2024-03-18,42.85,43.295,42.565,42.61,5561400
2024-03-19,42.205,42.89,41.8,42.81,4733800
2024-03-20,43.015,43.86,42.68,43.8,9219800
2024-03-21,44.785,44.87,44.145,44.18,6303000
2024-03-22,44.075,44.505,43.915,44.255,5832000
2024-03-25,43.705,44.25,43.515,43.945,4242400
2024-03-26,44.255,44.43,43.62,43.66,5007600
2024-03-27,44.245,44.26,43.355,43.95,6829600
2024-03-28,43.915,44.08,43.69,43.74,5932000
2024-04-01,43.925,44.445,43.555,43.945,5497800
2024-04-02,42.96,43.225,42.56,43.165,5965400
2024-04-03,42.745,43.72,42.73,43.335,5091600
2024-04-04,44.165,44.28,41.96,41.985,9408600
2024-04-05,42.27,43.505,42.125,42.985,9035800
2024-04-08,43.16,43.37,42.73,43.01,5717400
2024-04-09,43.455,43.51,42.38,43.31,7480000
2024-04-10,42.285,42.715,42.14,42.52,9474200
2024-04-11,42.895,44.06,42.45,43.895,6481000
2024-04-12,43.03,43.25,42.2,42.475,9770200
2024-04-15,43.2,43.21,40.905,41.06,20375400
2024-04-16,41.03,41.57,40.805,41.06,8559200
2024-04-17,41.43,41.44,39.88,40.055,8073600
2024-04-18,40.135,40.48,39.47,39.565,7749600
2024-04-19,39.34,39.435,37.64,37.94,11067200
2024-04-22,38.415,39.12,37.8,38.685,8090000
2024-04-23,39.045,40.055,38.98,39.845,6423000
2024-04-24,40.415,40.7,39.675,40.105,6341800
2024-04-25,38.705,39.845,38.5,39.68,7856200
2024-04-26,40.27,41.195,40.15,40.915,16079800
2024-04-29,41.3,41.42,40.705,41.23,5073000
2024-04-30,40.905,41.175,39.66,39.66,5158400
2024-05-01,39.375,40.695,38.93,39.075,11989600
2024-05-02,39.76,40.225,38.895,40.06,5431600
2024-05-03,41.475,41.87,41.17,41.66,5837800
2024-05-06,42.01,42.59,41.86,42.59,4026800
2024-05-07,42.65,42.895,42.44,42.57,3822800
2024-05-08,42.06,42.79,42.04,42.525,2550200
2024-05-09,42.56,42.79,42.2,42.68,2669000
2024-05-10,42.97,43.31,42.575,42.885,4574000
2024-05-13,43.24,43.26,42.79,43.075,3147400
2024-05-14,42.96,43.715,42.935,43.61,5012600
2024-05-15,44.1,45.01,43.795,44.95,6462600
2024-05-16,44.905,45.295,44.73,44.765,4388000
2024-05-17,44.78,44.895,44.27,44.72,4363200
2024-05-20,44.735,45.46,44.71,45.33,3577200
2024-05-21,44.945,45.53,44.905,45.485,2838200
2024-05-22,45.53,45.685,44.94,45.47,4075200
2024-05-23,46.395,46.405,44.66,45.03,7033400
2024-05-24,45.335,46.115,45.2,45.88,4924400
2024-05-28,46.1,46.215,45.615,46.205,3476600
2024-05-29,45.335,45.905,45.335,45.555,3680200
2024-05-30,45.35,45.37,44.295,44.56,3318000
2024-05-31,44.58,44.72,42.865,44.56,5934000
2024-06-03,45.12,45.325,43.81,44.845,4175800
2024-06-04,44.78,45.31,44.435,45.07,3824000
2024-06-05,45.79,46.9,45.56,46.89,4699200
2024-06-06,47.02,47.075,46.615,46.85,3274600
2024-06-07,46.74,47.3,46.515,46.74,3349000
2024-06-10,46.5,47.165,46.445,47.11,2651800
2024-06-11,46.835,47.765,46.53,47.735,3227800
2024-06-12,48.54,49.47,48.405,48.99,4820800
2024-06-13,49.715,49.845,49.035,49.495,3417800
2024-06-14,49.435,50.005,49.35,49.985,3886600
2024-06-17,50.03,51.585,49.765,51.2,4282400
2024-06-18,51.185,51.365,50.85,51.215,4113800
2024-06-20,51.47,51.55,50.045,50.4,5670000
2024-06-21,50.335,50.615,49.82,50.1,3283200
2024-06-24,49.86,50.22,48.945,48.975,4279200
2024-06-25,49.405,50.145,49.225,50.09,3653400
2024-06-26,49.85,50.345,49.785,50.24,2900400
2024-06-27,50.175,50.795,50.0,50.47,3387600
2024-06-28,50.62,51.63,49.81,49.905,6420200
2024-07-01,50.115,50.625,49.34,50.515,4247800
2024-07-02,50.18,51.56,50.16,51.56,4374400
2024-07-03,51.38,52.425,51.38,52.395,3810600
2024-07-05,52.55,53.555,52.485,53.46,5120400
2024-07-08,53.535,53.825,53.33,53.725,4022000
2024-07-09,54.025,54.27,53.465,53.78,3915600
2024-07-10,54.2,55.02,53.915,54.915,4492400
2024-07-11,54.915,54.955,52.22,52.47,11170200
2024-07-12,52.585,54.09,52.49,53.065,6546000
2024-07-15,53.45,54.39,52.9,53.36,5799400
2024-07-16,53.65,53.825,52.69,53.39,4686000
2024-07-17,51.635,51.735,50.225,50.245,8610600
2024-07-18,50.995,51.04,49.08,49.75,6969000
2024-07-19,49.67,50.165,48.575,48.845,7341400
2024-07-22,50.045,50.49,49.345,50.275,5351000
2024-07-23,50.085,50.71,49.825,49.93,3006000
2024-07-24,48.505,48.56,46.15,46.32,8864800
2024-07-25,46.395,47.23,44.775,45.305,10057400
2024-07-26,46.14,46.78,45.575,46.22,5543200
2024-07-29,46.74,47.17,45.925,46.36,4943200
2024-07-30,46.76,46.895,44.425,45.08,7852200
2024-07-31,47.13,48.09,46.85,47.755,8010600
2024-08-01,47.88,48.635,44.68,45.445,10456200
2024-08-02,43.69,44.19,42.42,43.25,23179600
2024-08-05,38.595,42.0,38.38,40.745,13239600
2024-08-06,41.03,42.83,40.5,41.45,9835400
2024-08-07,42.745,43.205,40.45,40.53,10463400
2024-08-08,41.69,43.16,40.96,43.02,9644800
2024-08-09,42.72,43.74,42.51,43.455,5869400
2024-08-12,43.595,44.18,43.055,43.615,5364200
2024-08-13,44.45,45.8,44.425,45.765,5930200
2024-08-14,45.935,46.25,44.935,45.8,5412800
2024-08-15,46.975,48.16,46.895,48.09,5241000
2024-08-16,47.69,48.455,47.495,48.175,5839400
2024-08-19,48.205,49.45,47.825,49.44,5369000
2024-08-20,49.245,49.775,48.87,49.22,10537400
2024-08-21,49.38,50.05,49.02,49.695,4822600
2024-08-22,50.145,50.285,47.885,48.08,6161400
2024-08-23,48.955,49.67,48.15,49.115,6503200
2024-08-26,48.92,49.17,47.72,48.145,4811000
2024-08-27,47.81,48.635,47.41,48.43,5530400
2024-08-28,48.315,48.46,46.605,47.31,14859200
2024-08-29,47.69,48.625,46.925,47.165,8166400
2024-08-30,48.005,48.365,47.1,48.275,3913800
2024-09-03,47.61,47.64,44.84,45.31,8750200
2024-09-04,44.685,45.805,44.49,45.07,6797600
2024-09-05,44.725,45.985,44.54,45.16,6771600
2024-09-06,44.975,45.145,42.6,42.72,7841000
2024-09-09,43.52,43.97,42.905,43.79,4455400
2024-09-10,44.13,44.68,43.345,44.585,4513400
2024-09-11,44.815,46.655,43.15,46.485,21973600
2024-09-12,46.505,47.585,46.155,47.435,6297600
2024-09-13,47.25,48.05,47.2,47.815,5788400
2024-09-16,47.38,47.505,46.73,47.38,4989400
2024-09-17,47.99,48.235,46.935,47.43,5042400
2024-09-18,47.66,48.48,46.89,46.985,9610800
2024-09-19,49.24,49.955,48.815,49.385,7565600
2024-09-20,49.185,49.42,48.325,49.16,4389000
2024-09-23,49.405,49.645,49.13,49.42,3702200
2024-09-24,49.7,50.08,48.83,49.89,6006600
2024-09-25,49.73,50.35,49.69,49.985,3107800
2024-09-26,51.495,51.56,49.94,50.695,5234800
2024-09-27,50.895,50.9,49.86,50.1,4736400
2024-09-30,49.885,50.43,49.3,50.35,6042400
2024-10-01,50.275,50.335,48.155,48.925,7386000
2024-10-02,48.75,49.475,48.225,49.09,3421400
2024-10-03,48.625,49.605,48.475,49.01,5250000
2024-10-04,50.175,50.25,49.14,50.175,6669600
2024-10-07,49.78,49.96,48.81,49.045,4444200
2024-10-08,49.57,50.655,49.425,50.51,3400000
2024-10-09,50.445,51.415,50.235,51.295,4126400
2024-10-10,50.81,51.555,50.54,51.185,4275200
2024-10-11,50.76,51.51,50.64,51.29,4889400
2024-10-14,51.81,52.44,51.695,52.15,9945800
2024-10-15,52.22,52.355,50.3,50.75,10941800
2024-10-16,50.805,50.92,50.08,50.765,9462600
2024-10-17,51.895,51.905,50.82,50.845,3931800
2024-10-18,51.38,51.695,51.225,51.465,2761800
2024-10-21,51.205,51.82,50.79,51.66,4592800
2024-10-22,51.085,52.065,50.92,51.76,3890600
2024-10-23,51.25,51.38,49.47,50.16,4582600
2024-10-24,50.91,51.1,50.38,50.965,3311600
2024-10-25,51.53,52.58,51.38,51.55,6929000
2024-10-28,52.215,52.215,51.51,51.57,3535600
2024-10-29,51.62,52.795,51.24,52.545,4629000
2024-10-30,52.37,52.575,51.655,51.75,4261200
2024-10-31,50.905,50.905,49.12,49.14,8799200
2024-11-01,49.42,50.505,49.375,49.825,5359200
2024-11-04,49.7,50.22,49.175,49.515,4660600
2024-11-05,49.855,50.92,49.83,50.78,4177600
2024-11-06,52.51,53.7,52.3,53.54,9537200
2024-11-07,54.125,55.38,54.115,55.225,5141600
2024-11-08,55.055,55.465,54.95,55.3,3458600
2024-11-11,55.545,55.6,54.61,55.23,5074800
2024-11-12,55.21,55.405,54.375,55.035,4291400
2024-11-13,54.915,55.46,54.4,54.88,3293600
2024-11-14,54.795,54.98,53.92,54.09,3939000
2024-11-15,52.86,52.93,51.055,51.475,7093800
2024-11-18,51.815,52.65,51.53,52.21,4297800
2024-11-19,51.64,53.02,51.59,52.905,4783200
2024-11-20,52.84,52.905,51.45,52.84,5953400
2024-11-21,53.48,53.615,51.675,53.225,5367000
2024-11-22,53.07,53.505,52.74,53.36,3869800
2024-11-25,54.225,54.55,53.035,53.525,4661800
2024-11-26,53.83,54.255,53.655,54.085,3162600
2024-11-27,53.835,53.835,52.5,53.225,3628200
2024-11-29,53.305,54.245,53.195,54.105,2598400
2024-12-02,54.385,55.505,54.315,55.285,5273000
2024-12-03,54.985,55.675,54.89,55.635,3279200
2024-12-04,56.36,57.035,56.215,56.99,4539200
2024-12-05,56.985,57.15,56.585,56.675,2433600
2024-12-06,56.785,57.705,56.77,57.665,4528000
2024-12-09,57.42,57.605,56.49,56.74,4050400
2024-12-10,56.985,57.385,56.04,56.325,4187600
2024-12-11,57.28,58.505,57.21,58.355,3927200
2024-12-12,57.855,58.13,57.495,57.59,3539800
2024-12-13,58.43,59.015,57.75,58.44,3579000
2024-12-16,59.005,60.34,58.985,60.125,4078600
2024-12-17,59.71,59.955,59.22,59.59,4227000
2024-12-18,59.42,59.805,54.95,55.29,9103000
2024-12-19,56.27,56.39,54.695,54.755,9644600
2024-12-20,53.94,57.005,53.695,55.725,9987600
2024-12-23,56.015,56.81,55.29,56.74,4810400
2024-12-24,57.145,58.27,57.01,58.27,2841800
2024-12-26,57.885,58.53,57.44,58.165,3195600
2024-12-27,57.355,57.435,55.565,56.58,6193600
2024-12-30,55.045,55.885,54.26,55.065,6596400
2024-12-31,55.335,55.495,53.92,54.12,6637600
2025-01-02,54.77,55.25,52.95,53.88,8256800
2025-01-03,54.535,55.855,54.36,55.64,6843400
2025-01-06,56.79,57.625,56.37,56.905,5248000
2025-01-07,57.15,57.2,54.455,54.855,6579800
2025-01-08,54.845,55.22,53.875,54.865,6203000
2025-01-10,54.05,54.05,52.425,53.115,24778400
2025-01-13,51.83,52.86,51.545,52.785,4882000
2025-01-14,53.435,53.71,51.93,52.66,5988800
2025-01-15,54.31,55.31,53.99,55.04,6318000
2025-01-16,55.555,55.565,54.28,54.305,4321600
2025-01-17,56.37,56.455,55.5,56.095,5983600
2025-01-21,56.685,57.0,55.73,56.7,6641400
2025-01-22,57.755,58.685,57.71,58.18,20804400
2025-01-23,57.63,58.44,57.505,58.435,4767200
2025-01-24,58.48,58.65,57.415,57.745,4596000
2025-01-27,53.665,55.18,53.475,54.33,12186000
2025-01-28,54.57,56.205,53.84,55.965,5140200
2025-01-29,56.095,56.1,54.9,55.74,3849000
2025-01-30,56.36,56.85,55.175,56.205,5598400
2025-01-31,57.03,57.985,55.785,56.005,5608600
2025-02-03,54.125,55.695,53.59,55.115,6997800
2025-02-04,55.195,56.58,55.13,56.46,3644400
2025-02-05,55.875,56.995,55.615,56.955,3631400
2025-02-06,57.055,57.585,56.715,57.53,3693400
2025-02-07,57.645,58.055,55.905,56.075,4503400
2025-02-10,56.985,57.64,56.88,57.395,2721000
2025-02-11,56.685,57.54,56.665,57.125,2220400
2025-02-12,55.885,57.38,55.825,57.19,4213400
2025-02-13,57.555,58.885,57.375,58.82,5266000
2025-02-14,58.795,59.43,58.74,59.27,6285600
2025-02-18,59.63,59.68,58.805,59.53,6538600
2025-02-19,59.355,59.835,58.9,59.56,2730400
2025-02-20,59.375,59.455,57.995,59.03,4167600
2025-02-21,59.27,59.27,56.49,56.57,5246200
2025-02-24,56.945,57.175,55.145,55.205,6613400
2025-02-25,55.075,55.09,53.0,53.805,7208600
2025-02-26,54.285,55.135,53.4,54.05,5547000
2025-02-27,54.825,55.005,51.02,51.07,20766000
2025-02-28,51.005,52.76,50.36,52.645,9041600
2025-03-03,53.33,53.65,49.615,50.395,9457800
2025-03-04,49.755,51.675,48.44,50.025,12562400
2025-03-05,50.14,51.64,49.15,51.335,10075400
2025-03-06,49.595,50.6,48.075,48.51,7609000
2025-03-07,48.245,49.465,46.95,49.18,8447400
2025-03-10,47.5,47.595,44.545,45.455,9306200
2025-03-11,45.24,46.5,44.25,45.125,9621800
2025-03-12,46.565,46.925,45.155,46.165,7135000
2025-03-13,45.99,46.0,44.09,44.475,7399200
2025-03-14,45.465,46.755,45.355,46.595,6040400
2025-03-17,46.57,47.82,46.23,47.195,33021400
2025-03-18,46.535,46.535,45.15,45.6,5057800
2025-03-19,45.995,47.625,45.625,46.76,6574800
2025-03-20,45.98,47.48,45.855,46.45,5467000
2025-03-21,45.445,46.875,45.23,46.78,6196000
2025-03-24,48.215,48.935,48.085,48.75,6242600
2025-03-25,48.915,49.35,48.735,49.33,4001000
2025-03-26,49.09,49.245,47.185,47.505,6238600
2025-03-27,47.09,47.915,46.685,46.94,6267400
2025-03-28,46.575,46.7,44.28,44.47,8245800
2025-03-31,43.115,44.61,42.225,44.44,31218600
2025-04-01,44.12,45.31,43.58,45.135,9454400
2025-04-02,43.88,46.45,43.84,45.795,8060800
2025-04-03,41.99,42.685,40.795,40.9,10364800
2025-04-04,38.59,38.98,35.875,35.905,21589800
2025-04-07,33.355,39.25,32.36,36.01,24840600
2025-04-08,38.445,39.25,33.595,34.67,23193200
2025-04-09,34.565,43.25,34.55,42.815,37896400
2025-04-10,40.68,41.03,36.815,39.315,17448400
2025-04-11,39.06,40.965,38.44,40.705,9625800
2025-04-14,42.53,42.625,40.41,41.27,11640800
2025-04-15,41.46,42.15,41.03,41.365,6603000
2025-04-16,39.72,40.38,37.7,38.88,16537400
2025-04-17,39.345,39.455,38.35,38.82,8891600
2025-04-21,37.785,37.94,35.985,36.92,9018800
2025-04-22,37.86,39.345,37.655,38.805,9504400
2025-04-23,41.235,42.105,40.28,40.53,11145200
2025-04-24,40.905,42.9,40.8,42.835,8749200
2025-04-25,42.76,43.885,42.47,43.78,6968200
2025-04-28,43.86,44.195,42.57,43.76,4880400
2025-04-29,43.31,44.475,43.24,44.3,4523200
2025-04-30,42.76,44.62,41.87,44.29,6723800
2025-05-01,45.765,46.515,45.28,45.375,22707800
2025-05-02,46.345,47.17,46.035,46.77,5397000
2025-05-05,45.965,46.805,45.86,46.22,3589600
2025-05-06,44.995,46.04,44.735,45.37,5648800
2025-05-07,45.465,46.155,44.465,45.71,9409200
2025-05-08,46.67,47.46,45.865,46.62,6169200
2025-05-09,46.98,47.225,46.22,46.54,4620200
2025-05-12,50.165,50.345,49.115,50.33,9100400
2025-05-13,50.59,52.21,50.45,51.845,7795200
2025-05-14,52.075,52.575,51.88,52.465,6100800
2025-05-15,52.015,53.105,51.77,52.58,5064800
2025-05-16,52.85,53.055,52.13,53.03,5194200
2025-05-19,51.54,53.21,51.525,53.105,6118800
2025-05-20,52.58,52.87,52.005,52.725,4190800
2025-05-21,51.915,53.29,50.895,51.26,7939800
2025-05-22,51.365,52.18,51.115,51.45,4672800
2025-05-23,49.855,50.98,49.74,50.47,7199600
2025-05-27,51.82,52.91,51.525,52.815,4745400
2025-05-28,53.02,53.315,52.255,52.365,3210600
2025-05-29,53.84,53.87,52.035,52.555,4067400
2025-05-30,52.43,52.665,50.91,52.365,5291800
2025-06-02,51.975,53.225,51.73,53.17,3449800
2025-06-03,53.24,54.295,53.07,54.015,3973600
2025-06-04,54.135,54.515,53.745,54.295,3940400
2025-06-05,54.58,55.16,53.03,53.445,7350400
2025-06-06,54.515,54.865,54.15,54.475,4288600
2025-06-09,54.52,54.975,54.3,54.625,3214000
2025-06-10,54.715,55.49,54.26,55.355,4771600
2025-06-11,55.63,55.875,54.49,54.97,8108000
2025-06-12,54.68,55.415,54.635,55.22,5104200
2025-06-13,53.96,54.825,53.55,53.805,7400600
2025-06-16,54.51,55.515,54.505,55.285,5108000
2025-06-17,54.745,55.085,53.975,54.185,4457800
2025-06-18,54.39,54.89,53.845,54.16,4966400
2025-06-20,54.81,55.08,53.305,53.675,5328800
2025-06-23,53.8,54.89,53.16,54.795,6551600
2025-06-24,55.865,56.65,55.745,56.455,5531600
2025-06-25,56.865,57.12,56.31,56.665,5296800
2025-06-26,57.135,57.825,56.75,57.735,5577800
2025-06-27,57.935,58.505,57.35,58.115,6156000
2025-06-30,58.755,59.09,58.295,58.855,6690400
2025-07-01,58.425,58.635,57.35,57.83,6996800
2025-07-02,57.655,58.685,57.65,58.645,5045200
2025-07-03,59.125,59.965,59.105,59.745,4315000
2025-07-07,59.155,59.34,58.325,58.85,6357800
2025-07-08,59.12,59.25,58.65,58.895,3404600
2025-07-09,59.335,60.015,59.06,59.725,4030600
2025-07-10,59.84,59.93,58.96,59.535,3561200
2025-07-11,59.045,59.58,58.78,59.25,3797200
2025-07-14,59.19,59.82,58.685,59.655,3245800
2025-07-15,60.53,60.615,59.745,59.75,5046400
2025-07-16,59.865,60.01,58.645,59.88,5898400
2025-07-17,60.025,60.945,59.85,60.84,5011800
2025-07-18,61.1,61.14,60.415,60.685,6542200
2025-07-21,60.87,61.72,60.855,61.31,4801200
2025-07-22,61.325,61.34,60.085,60.665,7200800
2025-07-23,60.89,61.21,60.295,61.21,7623800
2025-07-24,61.495,61.73,61.09,61.48,5132600
2025-07-25,61.425,62.015,61.285,61.725,4364600
2025-07-28,62.01,62.3,61.845,62.115,4544200
2025-07-29,62.67,62.965,61.745,61.93,5170400
2025-07-30,62.09,62.615,61.43,62.075,5327400
2025-07-31,63.465,63.49,61.145,61.385,8180400
2025-08-01,60.025,60.06,58.4,58.935,9479800
2025-08-04,60.035,61.145,60.015,61.1,6182400
2025-08-05,61.375,61.63,60.15,60.255,4372200
2025-08-06,60.435,61.87,60.345,61.77,5789200
2025-08-07,62.71,63.07,61.29,62.185,6093400
2025-08-08,62.41,63.36,62.35,63.31,5211800
2025-08-11,63.33,63.8,62.64,62.9,6339000
2025-08-12,63.42,64.57,62.85,64.5,7203600
2025-08-13,65.095,65.21,64.245,64.55,5422200
2025-08-14,64.085,64.885,64.01,64.435,5745800
2025-08-15,64.405,64.405,63.465,63.83,5608600
2025-08-18,63.63,63.925,63.38,63.79,3912000
2025-08-19,63.615,63.63,61.815,62.04,6192400
2025-08-20,61.82,61.83,59.76,61.285,8544600
2025-08-21,60.935,61.405,60.22,60.725,4594800
2025-08-22,60.995,63.005,60.69,62.57,10276000
2025-08-25,62.21,62.845,61.945,62.195,4631400
2025-08-26,62.075,62.75,61.86,62.695,4834000
2025-08-27,62.455,63.065,62.18,62.87,7315600
2025-08-28,62.99,63.835,62.63,63.635,10720800
2025-08-29,63.075,63.14,61.72,62.11,7505400
2025-09-02,60.145,61.14,59.735,61.08,10894000
2025-09-03,61.845,62.38,61.31,62.01,9083400
2025-09-04,62.16,63.21,61.795,63.14,6589400
2025-09-05,64.26,64.4,62.295,63.28,7853800
2025-09-08,63.79,64.33,63.67,63.9,6027000
2025-09-09,64.06,64.35,63.49,64.245,6153600
2025-09-10,64.955,64.96,63.815,64.285,7311200
2025-09-11,64.835,65.21,64.485,65.015,7643600
2025-09-12,65.21,65.835,65.0,65.575,6465400
2025-09-15,65.955,66.695,65.93,66.69,5914200
2025-09-16,66.875,66.935,66.4,66.54,4658000
2025-09-17,66.535,66.665,65.01,66.255,7769800
2025-09-18,67.37,68.09,66.935,67.48,4336200
2025-09-19,67.885,68.505,67.56,68.36,4208800
2025-09-22,68.13,69.295,68.12,69.155,5058400
2025-09-23,69.165,69.21,67.945,68.22,4513000
2025-09-24,68.5,68.565,67.085,67.725,5326600
2025-09-25,66.815,67.475,65.975,67.115,5032000
2025-09-26,67.27,67.71,66.53,67.655,3117400
2025-09-29,68.345,69.0,67.97,68.26,4276000
2025-09-30,68.17,68.69,67.64,68.6,3456600
2025-10-01,67.87,69.385,67.695,69.26,4213600
2025-10-02,70.125,70.13,69.175,69.82,3962800
2025-10-03,69.97,70.155,68.79,69.19,3938800
2025-10-06,70.4,70.615,69.835,70.235,3741600
2025-10-07,70.53,70.675,69.14,69.48,3275600
2025-10-08,69.675,71.14,69.66,71.06,2534200
2025-10-09,71.075,71.085,70.135,70.875,2289400
2025-10-10,71.005,71.41,65.82,65.905,9907600
2025-10-13,68.185,68.92,67.655,68.715,7482400
2025-10-14,67.17,68.85,65.975,67.8,8362200
2025-10-15,69.14,69.745,67.305,68.72,6604600
2025-10-16,69.375,70.1,67.195,68.21,8831200
2025-10-17,67.715,69.435,67.365,69.08,7761200
2025-10-20,69.825,71.09,69.79,70.805,4817000
2025-10-21,70.82,71.07,70.29,70.765,4708600
2025-10-22,70.615,70.75,68.06,69.36,7780600
2025-10-23,69.235,70.72,69.155,70.55,5162600
2025-10-24,71.76,72.32,71.565,71.99,7029000
2025-10-27,73.765,74.68,73.63,74.57,4927400
2025-10-28,75.11,76.115,74.835,75.695,5344800
2025-10-29,76.335,76.665,75.05,76.385,7443000
2025-10-30,75.5,75.81,73.995,74.025,7706000
2025-10-31,75.915,75.93,74.15,74.74,5028400
2025-11-03,76.14,76.305,74.88,75.41,4294200
2025-11-04,73.295,74.165,72.155,72.32,7876600
2025-11-05,72.16,74.05,71.845,73.27,5082000
2025-11-06,72.91,72.96,70.22,70.53,7409600
2025-11-07,69.735,70.1,67.5,70.055,9751200
2025-11-10,72.135,73.38,71.68,73.125,6672200
2025-11-11,72.515,73.01,71.785,72.735,4370800
2025-11-12,73.505,73.505,71.85,72.61,5287600
2025-11-13,71.77,71.89,69.105,69.625,8550000
2025-11-14,67.58,70.735,67.04,69.695,9982000
2025-11-17,69.105,70.525,67.645,68.5,8383600
2025-11-18,67.565,68.195,65.72,66.835,9274400
2025-11-19,66.995,69.02,66.435,67.595,6362400
2025-11-20,70.27,70.79,64.21,64.41,7790000
2025-11-21,64.76,66.86,63.3,65.36,10246000
2025-11-24,66.47,69.02,66.46,68.73,6323800
2025-11-25,68.29,69.82,66.89,69.51,6988000
2025-11-26,70.35,71.16,69.85,70.74,5542200
2025-11-28,71.11,71.83,70.97,71.81,4196700
2025-12-01,70.55,71.88,70.27,71.35,3899600
2025-12-02,71.86,72.85,71.44,72.47,4059600
2025-12-03,71.89,72.96,71.52,72.79,3311300
2025-12-04,73.11,73.14,71.88,72.62,3357200
2025-12-05,72.95,74.01,72.79,73.22,3703900
2025-12-08,73.59,73.98,72.31,72.89,2875400
2025-12-09,72.6,73.27,72.29,73.1,2782400
2025-12-10,72.79,74.04,72.12,73.66,4132600
2025-12-11,72.78,73.22,71.34,73.18,5511400
2025-12-12,72.35,72.67,69.83,70.34,8015500
2025-12-15,71.45,71.45,69.36,69.63,5727600
2025-12-16,69.1,70.3,68.8,69.9,6377200
2025-12-17,70.18,70.3,67.26,67.28,9929200
2025-12-18,69.38,70.08,68.75,69.24,5479100
2025-12-19,69.86,71.13,69.84,71.05,5733500
2025-12-22,72.19,72.24,71.34,71.67,4336300
2025-12-23,71.43,72.4,71.34,72.36,4157400
2025-12-24,72.26,72.8,72.21,72.73,2534000
2025-12-26,72.85,73.05,72.5,72.68,2707500
2025-12-29,71.78,72.4,71.47,71.96,4585500
2025-12-30,71.71,72.25,71.57,71.61,2467300
2025-12-31,71.65,71.71,70.35,70.41,3960500
2026-01-02,71.71,72.32,69.44,70.1,7355500
2026-01-05,71.51,71.86,70.94,71.2,5097800
2026-01-06,71.49,72.59,71.34,72.46,4801600
2026-01-07,72.35,73.49,72.25,72.59,4126600
2026-01-08,72.37,72.43,71.14,71.75,4344600
2026-01-09,71.93,73.43,71.4,73.14,4090000
2026-01-12,72.13,73.64,72.12,73.27,3879200
2026-01-13,73.26,73.78,72.45,73.01,4804900
2026-01-14,72.08,72.36,70.3,71.49,5370100
2026-01-15,73.12,73.22,71.73,71.94,4026000
2026-01-16,72.8,72.92,71.26,71.75,4071300
2026-01-20,69.31,70.35,68.51,68.73,7404900
2026-01-21,69.04,71.52,68.69,70.54,9095800
2026-01-22,71.97,71.98,70.93,71.61,4275600
2026-01-23,71.32,72.65,71.09,72.05,4766500
2026-01-26,72.13,73.14,71.9,72.66,3777100
2026-01-27,73.44,74.17,73.07,73.96,3335500
2026-01-28,74.97,75.22,74.1,74.36,4422900
2026-01-29,74.29,74.52,70.91,73.52,6630900
2026-01-30,72.59,73.2,71.14,71.71,6850500
2026-02-02,70.99,73.23,70.98,72.73,4547900
2026-02-03,73.19,73.29,69.17,70.46,4970500
2026-02-04,70.11,70.13,66.79,67.98,10802600
2026-02-05,66.72,67.77,65.51,66.04,12348100
2026-02-06,66.69,69.17,66.39,68.79,11017200
2026-02-09,68.3,70.31,67.74,69.83,6467000
2026-02-10,70.04,70.43,69.07,69.18,3960700
2026-02-11,70.28,70.52,68.32,69.52,4081200
2026-02-12,69.88,70.12,66.46,66.69,6782700
2026-02-13,66.62,67.95,65.74,66.92,4856000
2026-02-17,66.15,67.38,65.02,66.77,4688200
2026-02-18,66.96,68.66,66.68,67.75,3790900
2026-02-19,67.1,67.77,66.64,67.24,3421200
2026-02-20,66.47,68.75,66.27,68.4,3453200
2026-02-23,67.91,68.2,66.21,66.75,4681200
2026-02-24,66.95,68.4,66.36,68.13,3174600
2026-02-25,68.86,70.15,68.86,70.08,2925400
2026-02-26,69.86,69.89,67.23,68.44,3747000
2026-02-27,66.98,68.19,66.82,67.99,3752000
2026-03-02,66.06,68.54,65.87,68.13,4495300
2026-03-03,65.48,67.18,64.49,66.68,6669400
2026-03-04,67.23,69.16,67.07,68.65,5079700
2026-03-05,67.93,69.13,66.77,68.26,5983400
2026-03-06,66.31,67.58,65.88,66.19,6292600
2026-03-09,64.94,68.27,64.3,67.94,6123900
2026-03-10,67.96,69.15,67.42,67.91,5540600
2026-03-11,68.19,68.94,67.32,67.9,5077500
2026-03-12,66.78,67.09,65.51,65.58,5388300
2026-03-13,66.07,66.93,64.51,64.76,5815100
2026-03-16,66.12,66.96,65.92,66.19,3004600
2026-03-17,66.79,67.41,66.53,66.85,3213900
2026-03-18,66.43,66.79,64.9,64.95,4568200
2026-03-19,63.78,65.15,63.26,64.53,5470700
2026-03-20,64.09,64.12,61.37,62.13,7178100
2026-03-23,64.08,65.06,63.12,63.58,19902000
2026-03-24,62.84,63.52,62.24,62.64,5354100
2026-03-25,63.76,64.24,63.02,63.43,3108400
2026-03-26,62.33,62.76,60.36,60.43,5020800
2026-03-27,59.77,59.82,57.83,58.05,7692800
2026-03-30,59.02,59.17,56.6,57.16,8459000
2026-03-31,58.37,61.3,58.35,61.0,9515200
2026-04-01,61.9,63.22,61.7,62.49,6712200
2026-04-02,60.26,62.81,59.82,62.6,5847700
2026-04-06,62.86,63.81,62.54,63.35,5359900
2026-04-07,62.72,63.44,61.17,63.39,5676600
2026-04-08,67.71,67.95,66.29,67.08,5157600
2026-04-09,67.09,68.11,66.45,68.01,3493200
2026-04-10,68.37,68.78,67.87,68.19,4318400
2026-04-13,67.89,69.64,67.54,69.59,3796300
2026-04-14,70.23,72.11,70.23,72.1,14742700
2026-04-15,72.24,74.18,72.02,74.11,4557900
2026-04-16,74.55,75.24,73.62,74.8,3949400
2026-04-17,76.0,77.03,75.63,76.73,5542400
2026-04-20,76.54,76.7,75.25,76.27,4289200
2026-04-21,76.62,77.05,75.18,75.67,6332200
2026-04-22,77.03,78.24,76.65,78.18,4155900
2026-04-23,77.81,78.61,75.9,77.3,5395800
2026-04-24,78.94,80.37,78.49,80.24,4817100
2026-04-27,80.06,80.33,79.44,80.29,3866600
2026-04-28,78.62,79.16,77.77,78.67,3800200
2026-04-29,78.9,79.65,78.43,79.64,5793000
2026-04-30,80.54,81.32,78.65,81.05,4916100
2026-05-01,81.42,83.05,81.32,82.6,4503300
2026-05-04,82.72,83.24,81.33,82.28,4732800
2026-05-05,83.51,84.69,83.42,84.39,3972100
2026-05-06,85.94,87.94,85.61,87.85,5090100
2026-05-07,88.08,89.27,86.89,87.66,7225600
2026-05-08,88.9,91.74,88.81,91.72,3645200
2026-05-11,91.52,92.61,91.16,92.26,3982000
2026-05-12,90.93,91.45,87.97,90.69,5528200
2026-05-13,91.38,93.11,90.07,92.55,3761500
2026-05-14,92.58,94.48,92.47,93.9,4528700
2026-05-15,91.33,92.64,90.16,91.03,6414500
2026-05-18,91.71,91.81,88.45,90.2,6049100
2026-05-19,88.67,90.38,87.52,89.13,4158100
2026-05-20,90.06,92.05,89.68,92.05,3884100
2026-05-21,90.96,93.04,90.42,92.38,3999800
2026-05-22,93.27,94.32,92.73,93.1,4042000
2026-05-26,95.3,96.65,94.84,96.4,4142400
2026-05-27,97.11,97.14,95.15,96.19,4035800
2026-05-28,96.25,98.06,95.4,97.79,3614200
2026-05-29,98.39,99.35,97.68,98.46,4821500
2026-06-01,98.16,100.41,97.84,99.63,4830700
2026-06-02,99.56,100.6,98.69,100.53,3891700
2026-06-03,100.85,101.19,99.16,100.0,4401500
2026-06-04,97.66,99.78,96.88,99.02,4130800
2026-06-05,96.18,96.58,89.28,89.54,8437900
2026-06-08,92.71,94.03,91.54,92.25,6023600
2026-06-09,94.02,94.72,84.6,90.12,10184800
2026-06-10,88.52,90.98,86.32,86.51,7232200
2026-06-11,87.91,92.66,86.84,92.18,6688400
2026-06-12,92.47,94.07,90.8,93.38,7289100
2026-06-15,97.69,99.44,97.54,99.18,4768600
2026-06-16,98.77,99.28,95.39,95.46,3520400
2026-06-17,96.83,96.96,93.11,93.56,5566100
2026-06-18,97.27,98.45,96.07,97.91,3727200
2026-06-22,98.73,99.64,96.72,97.68,3493600
2026-06-23,91.74,93.82,90.81,91.22,5692200
2026-06-24,91.59,92.74,88.8,90.37,4405200
2026-06-25,94.22,94.47,88.98,91.77,4754900
2026-06-26,89.39,91.52,88.3,89.12,4520400
2026-06-29,91.12,93.79,88.91,93.68,4209300
2026-06-30,93.69,97.16,93.64,96.76,3942000
2026-07-01,94.93,95.65,93.74,93.9,4558100
2026-07-02,93.97,95.29,89.3,90.61,6283700
2026-07-06,92.4,93.98,92.05,93.14,2936200
2026-07-07,90.91,91.48,88.54,89.69,4543600
2026-07-08,88.56,90.38,87.54,90.14,4867500
2026-07-09,91.9,93.42,91.13,93.14,2926500
2026-07-10,92.46,93.94,91.52,93.7,2857700
2026-07-13,91.67,91.94,89.7,90.13,5029600
2026-07-14,92.28,92.8,90.78,92.13,3908600
2026-07-15,93.17,93.31,89.73,91.61,4532900
2026-07-16,90.14,90.56,87.76,88.57,4334400
2026-07-17,84.98,87.65,83.77,85.91,5352100
2026-07-20,87.6,88.46,85.95,86.03,3420000
2026-07-21,88.66,89.5,87.74,89.23,2825000
2026-07-22,87.9,89.37,87.87,88.28,2507100
2026-07-23,85.64,86.63,83.9,85.0,5985900
2026-07-24,84.54,85.08,82.59,83.0,4115500
2026-07-27,84.82,84.94,80.99,82.48,4033400
2026-07-28,81.05,81.82,79.05,80.87,5230500
2026-07-29,80.88,81.94,77.45,77.58,8074300
2026-07-30,80.61,83.04,80.27,82.68,5777700
2026-07-31,84.69,85.59,81.79,83.67,7395200
2026-08-03,83.78,86.99,83.18,86.62,4177400
2026-08-04,88.63,92.95,88.47,92.46,5541100
2026-08-05,93.11,93.69,90.72,90.8,4812900
2026-08-06,89.14,91.31,88.59,90.13,4441300
2026-08-07,91.5,92.36,90.57,92.21,4855400
2026-08-10,92.03,92.62,91.51,91.63,3544000
2026-08-11,92.25,92.26,90.36,90.98,2804900
2026-08-12,93.15,93.23,92.14,92.32,3455100
2026-08-13,92.68,94.94,92.42,94.43,4060500
2026-08-14,94.76,95.0,93.45,94.15,2800200
2026-08-17,94.63,95.04,93.68,93.84,2850100
2026-08-18,91.34,91.81,90.24,90.65,3872600
2026-08-19,91.37,91.64,89.4,90.25,2973400
2026-08-20,89.26,89.95,88.36,88.95,3857100
2026-08-21,90.0,90.1,88.49,89.53,2571000
2026-08-24,88.57,88.61,86.84,87.72,3890200
2026-08-25,88.96,89.63,88.01,88.8,2925800
2026-08-26,88.24,89.38,88.12,88.93,3281500
2026-08-27,90.39,91.45,89.77,91.38,3731700
2026-08-28,91.02,92.14,89.84,90.17,3702900
2026-08-31,89.83,90.43,89.33,90.24,2853700
2026-09-01,87.86,89.09,87.2,87.92,5051000
