Date,Open,High,Low,Close,Volume
2010-02-11,66913.7548,67128.9869,64223.2971,64579.2656,5
2010-02-12,66524.675,67029.6537,65175.3092,65771.3438,4
2010-02-16,64057.7318,64107.4061,61748.0764,61979.875,6
2010-02-17,61450.0611,61623.9053,60829.1862,61135.4805,6
2010-02-18,61375.5588,61375.5588,59438.432,59554.3281,23
2010-02-19,59984.7909,60373.8735,58751.3212,59388.75,55
2010-02-22,58751.3303,59786.1219,58751.3303,59703.3398,9
2010-02-23,59918.5615,61416.9438,59156.9565,61367.2695,33
2010-02-24,60746.3993,61077.5338,59372.1994,59728.168,47
2010-02-25,62426.8912,62815.9674,60506.3125,60506.3125,44
2010-02-26,60398.6965,61383.8198,60042.728,60506.3125,35
2010-03-01,59777.822,59993.0604,58974.823,59181.7812,20
2010-03-02,58776.144,59264.5625,58320.8334,59214.8945,27
2010-03-03,58685.0955,59488.0947,58113.8885,59239.7422,17
2010-03-04,58892.071,59107.3095,58362.2581,58403.6523,12
2010-03-05,57948.329,57948.329,56284.3823,56358.8906,80
2010-03-08,56342.3249,56590.6774,56342.3249,56574.1172,8
2010-03-09,56623.7821,56681.7302,55795.9491,56325.7617,21
2010-03-10,56168.4781,56632.0689,55795.9557,56218.1523,19
2010-03-11,56466.5028,57029.4296,55473.1055,55473.1055,25
2010-03-12,54777.7232,55663.5045,54777.7232,55274.4219,43
2010-03-15,55398.5924,55911.8512,54959.8418,54984.6758,13
2010-03-16,54728.053,55241.3118,54173.4062,54173.4062,30
2010-03-17,53900.2216,53900.2216,53055.8282,53627.0352,17
2010-03-18,53403.5202,53461.4682,52807.4793,52881.9844,18
2010-03-19,53469.7344,53999.5533,52302.493,53469.7344,36
2010-03-22,54007.827,54082.3352,52476.3371,52666.7383,32
2010-03-23,52459.7912,52658.4726,51218.0414,51284.2695,34
2010-03-24,51673.3483,52087.2649,51317.3829,51938.2578,17
2010-03-25,51002.8016,51954.8078,50332.2556,51855.4688,31
2010-03-26,51574.0112,52136.9381,50977.9735,51698.1875,19
2010-03-29,51234.597,51292.545,50886.9085,51052.4727,20
2010-03-30,51093.8629,51342.2122,49289.1864,51002.8008,13
2010-03-31,51234.5928,51888.5817,51027.6345,51665.0664,32
2010-04-01,50613.7196,51424.9957,50208.0831,50580.6055,19
2010-04-05,50174.9649,50597.1584,49777.6054,49959.7266,13
2010-04-06,50398.4775,50514.3736,49777.6027,50017.6719,38
2010-04-07,50357.0947,51474.6682,50009.4031,50944.8555,20
2010-04-08,51391.8884,51631.9576,50183.2495,50439.8789,18
2010-04-09,50208.0886,50332.2617,49504.4285,49529.2656,17
2010-04-12,49297.4593,49529.2547,49065.667,49496.1406,12
2010-04-13,49554.0947,50166.6895,49016.0018,49256.0742,13
2010-04-14,48726.2633,48759.3774,47807.3679,47857.0391,23
2010-04-15,48022.597,48055.7111,47393.4453,47525.8984,30
2010-04-16,47782.5227,49669.981,47600.3984,49098.7773,45
2010-04-19,49545.8094,49669.9857,48155.0496,48179.8867,26
2010-04-20,47741.1448,48221.2896,47509.3525,47914.9922,18
2010-04-21,47832.1953,48362.008,47393.4448,47782.5273,25
2010-04-22,48618.6466,49082.2344,47393.4538,47575.5781,23
2010-04-23,47666.6384,47815.6454,46706.3488,46714.6289,31
2010-04-26,46342.0991,46623.5625,46077.1928,46623.5625,13
2010-04-27,46979.5378,49487.8716,45911.6321,49314.0273,45
2010-04-28,48660.0391,49595.4916,48196.4544,48660.0391,42
2010-04-29,47956.373,47956.373,46607.0041,47045.7578,21
2010-04-30,46797.4092,49032.5594,46366.9355,48949.7773,53
2010-05-03,48163.3313,48262.6704,46731.1803,47045.7578,23
2010-05-04,48370.2946,50274.3103,48370.2946,49893.5078,54
2010-05-05,50920.0208,51284.2695,49587.212,50663.3945,97
2010-05-06,51102.1447,65398.8249,41391.6613,55390.3242,219
2010-05-07,55961.5204,59686.7696,54512.8123,57650.3008,207
2010-05-10,51524.337,52426.6753,50100.463,50828.957,151
2010-05-11,52095.5453,52244.5555,49562.3745,51325.6602,69
2010-05-12,50812.4012,50870.3493,48949.7765,49032.5586,42
2010-05-13,49512.7011,50704.7797,48751.093,50688.2227,50
2010-05-14,51549.1763,53983.0048,51367.0519,52931.6562,89
2010-05-17,52575.6886,55497.9421,52228.0001,52716.4219,96
2010-05-18,51698.1768,54802.5477,51391.8795,54355.5234,89
2010-05-19,55100.5581,57228.0885,54231.3373,55439.9727,118
2010-05-20,58353.9699,61441.791,58047.6756,61416.957,199
2010-05-21,63883.8646,64347.4554,58991.3754,59132.1055,193
2010-05-24,60191.7483,61408.6641,59057.6146,61408.6641,128
2010-05-25,65249.816,66607.462,61574.2344,61574.2344,220
2010-05-26,60829.1725,63279.5575,59272.8424,63006.3711,123
2010-05-27,59769.5562,60423.5452,57426.793,57426.793,130
2010-05-28,57741.3769,60100.7007,57666.8749,59579.168,86
2010-06-01,60903.6795,61499.7203,58171.8278,61433.4922,121
2010-06-02,60473.222,61152.0451,57261.225,57277.7852,109
2010-06-03,56615.5265,58544.3799,56292.672,57219.8477,58
2010-06-04,60009.622,63221.6186,59686.7676,62534.5156,188
2010-06-07,62145.4281,64918.6676,61673.5635,64777.9375,147
2010-06-08,64653.7689,65854.1308,62079.2073,62435.1758,143
2010-06-09,61359.005,63511.3702,59984.7987,62973.2773,132
2010-06-10,60266.2492,60266.2492,57625.4597,57882.0859,154
2010-06-11,59190.085,59231.4792,57004.6055,57004.6055,120
2010-06-14,55787.6721,57410.2242,55050.9012,57244.6602,186
2010-06-15,56093.9698,56408.5441,53726.3667,53850.543,136
2010-06-16,54653.5438,54794.2802,53469.7421,53684.9805,97
2010-06-17,53221.396,55050.9066,53188.2819,53320.7383,87
2010-06-18,53080.6723,53378.6928,52575.6904,53006.1641,46
2010-06-21,51135.2524,53891.935,50862.0659,53155.1641,169
2010-06-22,53072.3924,55547.6121,52401.8463,55489.6641,270
2010-06-23,55224.7515,56466.5013,54214.794,55373.7617,113
2010-06-24,56168.4817,58014.5525,55986.3574,57683.418,206
2010-06-25,57319.1535,58875.4835,56839.0152,57327.4336,97
2010-06-28,57435.0603,58403.6299,56872.1336,57890.3711,137
2010-06-29,59935.1433,63445.1554,59868.9151,62501.4258,289
2010-06-30,62915.316,64653.7642,61789.4624,64239.8477,125
2010-07-01,64347.4928,67269.7437,64074.3062,65200.1602,187
2010-07-02,64794.4879,67426.9972,64355.7375,66069.3516,137
2010-07-06,63792.8241,66433.614,62592.4685,64893.8438,96
2010-07-07,64678.6005,64744.8286,59123.8409,59347.3594,98
2010-07-08,58146.9945,59007.9417,57112.2031,57112.2031,216
2010-07-09,57186.7089,57426.7813,56027.7414,56110.5234,145
2010-07-12,56433.3807,56888.6914,55779.3918,55787.6719,65
2010-07-13,54256.1943,54297.5822,52683.3098,53362.1328,76
2010-07-14,53751.2138,54322.4208,52840.5985,53378.6914,140
2010-07-15,53411.7964,55290.9814,53188.2842,53436.6367,101
2010-07-16,54487.9707,57741.3548,54281.0125,57343.9922,169
2010-07-19,56772.8104,57865.5501,55994.645,56491.3438,167
2010-07-20,58958.283,58958.283,55141.9714,55299.2617,130
2010-07-21,54670.1041,57832.4266,54636.99,56963.1992,105
2010-07-22,55332.3563,55348.9165,52873.6944,53569.0742,235
2010-07-23,53792.5963,54065.7765,51689.8964,51929.9688,200
2010-07-26,51764.4128,52078.9903,50415.0469,50464.7148,148
2010-07-27,49719.6692,50886.914,49669.9981,50266.0391,119
2010-07-28,50547.4902,51317.3752,50100.4596,50704.7773,126
2010-07-29,49951.4571,52360.4517,49587.2116,51325.6602,132
2010-07-30,52641.9063,53014.4319,50679.9428,51275.9805,114
2010-08-02,49256.0723,49545.8126,47956.3745,48262.6719,152
2010-08-03,48660.0277,49165.0063,48287.5053,48833.875,131
2010-08-04,48469.6299,48742.8163,47674.9108,47989.4883,73
2010-08-05,48751.0984,48908.3887,48097.1094,48097.1094,78
2010-08-06,49446.4695,50191.5205,48304.0589,48345.4531,160
2010-08-09,47931.5529,48362.0235,47418.2939,47741.1484,85
2010-08-10,48809.0494,49587.2147,47434.8463,48477.918,115
2010-08-11,50290.8658,52103.8193,50290.8658,51731.2969,155
2010-08-12,53718.0941,53809.1563,52194.881,52790.9219,108
2010-08-13,53229.6641,53312.4462,52277.6549,53014.4258,82
2010-08-16,53776.042,54289.3009,52691.5826,53138.6133,61
2010-08-17,51946.5397,52360.4564,50266.0391,51507.7891,74
2010-08-18,51557.4494,52360.4486,50315.6996,51110.4219,60
2010-08-19,51855.4663,54007.8312,51516.0549,53105.4961,156
2010-08-20,53767.7615,55133.6875,53651.8654,54198.2383,80
2010-08-23,53469.7504,54835.6766,52749.5394,54752.8945,76
2010-08-24,56449.9381,57691.6877,55771.1153,56896.9688,167
2010-08-25,57799.2943,58560.8991,56027.7324,56582.3789,133
2010-08-26,56002.9236,58105.6209,55837.3531,57848.9883,99
2010-08-27,56714.8572,58536.0878,54802.5581,54877.0664,176
2010-08-30,55406.8868,57145.3356,54943.3022,57004.6055,70
2010-08-31,57617.1841,58221.5051,56052.58,57128.7656,186
2010-09-01,55059.1915,55175.0877,52534.2975,52716.4219,160
2010-09-02,52426.6764,52923.375,51905.1406,51905.1406,65
2010-09-03,50423.3146,51218.0336,49885.2218,50001.1211,107
2010-09-07,50630.2766,51590.563,50423.3183,51416.7188,55
2010-09-08,51209.7525,51209.7525,50141.8471,50795.8359,66
2010-09-09,49231.242,50771.0123,49231.242,50381.9297,57
2010-09-10,50042.5201,50406.7656,49562.3753,49653.4375,26
2010-09-13,48345.4621,49198.1293,48088.8326,48453.0781,61
2010-09-14,48701.4333,49007.7307,47807.3718,48660.0391,77
2010-09-15,49040.846,49272.6383,47799.096,47964.6602,73
2010-09-16,48328.9039,48610.3673,47592.1328,47592.1328,84
2010-09-17,47153.3791,48030.8834,46954.7009,47592.1328,65
2010-09-20,47103.7137,47285.8349,45274.1998,45588.7773,130
2010-09-21,45464.6008,45870.2404,44553.9854,45448.0469,103
2010-09-22,45539.1042,46093.7541,44967.9004,45696.3945,116
2010-09-23,46731.1861,46979.5354,45448.0452,46499.3906,103
2010-09-24,45216.2529,45315.5952,44049.0081,44140.0703,92
2010-09-27,44140.0619,44702.9887,43974.4946,44661.5977,75
2010-09-28,44363.5767,45671.5513,43775.8159,44082.1133,115
2010-09-29,44487.7551,44785.7724,43974.4963,44462.918,44
2010-09-30,43734.4391,45489.4449,43030.7788,44909.9609,181
2010-10-01,44181.4558,45017.5691,43982.7776,44206.293,76
2010-10-04,44694.7088,45853.6732,44090.3879,45249.3555,100
2010-10-05,44355.2973,44429.7993,42666.5171,42997.6484,114
2010-10-06,42981.0927,43138.383,42509.2281,42608.5703,72
2010-10-07,42219.5019,43436.418,42144.9968,42815.543,109
2010-10-08,42716.1885,42947.9839,41855.2444,42153.2617,77
2010-10-11,41904.9039,42401.6055,41855.2359,42004.2461,33
2010-10-12,42625.126,43171.4957,41557.2206,41979.4141,128
2010-10-13,41366.8291,41499.2823,40389.9856,41068.8086,171
2010-10-14,41060.5328,41880.0892,40944.6366,41077.0898,101
2010-10-15,40580.3794,41987.6963,40522.4313,41424.7695,98
2010-10-18,41383.378,41490.9941,40356.8636,40580.3789,97
2010-10-19,41764.188,42964.5469,41366.8285,42260.8867,156
2010-10-20,42062.1972,42070.4742,40307.1889,40853.5586,135
2010-10-21,40224.4105,41242.6448,39611.8126,40315.4727,86
2010-10-22,40307.1991,40737.6728,40224.417,40522.4375,48
2010-10-25,39926.3991,40183.0286,38999.2267,40108.5234,86
2010-10-26,40729.398,40886.6852,39942.9557,40149.9141,58
2010-10-27,40952.9009,41640.0007,40447.9222,40538.9844,159
2010-10-28,40058.8558,41358.5539,40017.4647,40770.793,78
2010-10-29,40878.4064,41085.3647,40472.7667,40613.5,63
2010-11-01,40183.0256,41234.3742,39338.6353,40563.8281,119
2010-11-02,39744.2691,39942.9504,39520.7569,39868.4453,77
2010-11-03,39711.152,40779.0543,39413.1316,39537.3047,87
2010-11-04,38370.0677,38461.1299,37144.8749,37277.3281,199
2010-11-05,37244.2208,37558.7951,37045.5394,37136.6016,71
2010-11-08,37442.8926,37831.9752,37360.1105,37418.0586,67
2010-11-09,37235.9318,38361.7853,37227.6548,37964.4258,117
2010-11-10,38030.6559,38800.541,37774.0296,37889.9258,132
2010-11-11,38742.5899,39048.8873,38419.7355,38560.4688,61
2010-11-12,39164.7901,39984.3432,38651.5312,39487.6445,124
2010-11-15,39272.4038,39446.2512,38577.0239,39371.7461,80
2010-11-16,40116.7945,41673.1217,40025.7323,41151.5859,206
2010-11-17,41085.3523,41457.8778,40919.7851,41184.6914,57
2010-11-18,40224.4176,40224.4176,39115.121,39380.0273,105
2010-11-19,39553.8737,39984.3474,39098.566,39139.957,83
2010-11-22,39586.9904,40588.668,39272.4128,39346.918,100
2010-11-23,40431.3771,41308.8815,40398.2631,40812.1797,217
2010-11-24,40133.3484,40298.9156,39090.2801,39214.4531,95
2010-11-26,40183.0227,40414.815,39744.269,40133.3516,61
2010-11-29,40903.2282,41813.8433,40249.2394,40439.6406,159
2010-11-30,41565.5062,41640.0113,40373.4275,40928.0742,140
2010-12-01,39206.1797,39355.19,37947.8729,38237.6133,158
2010-12-02,38072.0541,38088.6079,36995.8683,37136.6016,117
2010-12-03,37658.1363,37658.1363,36846.857,36946.1992,111
2010-12-06,36979.3015,37211.0969,36830.2944,37111.7578,94
2010-12-07,36217.697,37153.1492,36168.0259,37120.0352,110
2010-12-08,37161.4314,37384.9467,36855.134,36913.082,55
2010-12-09,36548.8412,37318.7264,36490.8931,36962.7578,106
2010-12-10,36797.1868,37045.5361,36540.5574,36615.0625,66
2010-12-13,36184.5851,36424.6575,35870.0108,36350.1523,51
2010-12-14,36308.7552,36308.7552,35514.0363,35886.5586,91
2010-12-15,35969.3551,36151.4762,35472.6532,36010.7461,114
2010-12-16,35919.6798,36383.2675,35547.1542,35654.7734,60
2010-12-17,35795.5063,36126.6377,35646.4961,35696.1641,54
2010-12-20,35555.4327,36176.3075,35489.2045,35853.4531,45
2010-12-21,35514.0383,35646.4915,35182.9039,35331.9141,57
2010-12-22,35307.0841,35365.0321,35025.6207,35067.0117,34
2010-12-23,35017.3406,35232.579,34926.2785,34934.5586,27
2010-12-27,35207.741,35472.6474,35058.7308,35100.125,37
2010-12-28,34901.4512,35249.1428,34810.389,34926.2852,26
2010-12-29,34744.1559,34793.8238,34495.8034,34785.5469,47
2010-12-30,34893.1691,35100.1274,34744.1589,34951.1172,29
2010-12-31,35091.8493,35307.0877,34727.6039,34843.5,25
2011-01-03,34032.216,34106.7211,33701.0815,34090.1641,143
2011-01-04,33783.8757,34346.8026,33783.8757,33883.2148,97
2011-01-05,34172.9494,34197.7865,33427.9015,33593.4688,81
2011-01-06,33452.7389,33999.1087,33419.6248,33767.3164,99
2011-01-07,33692.807,34595.1451,33552.0737,33941.1562,119
2011-01-10,34305.4102,34777.275,34131.566,34172.957,33
2011-01-11,33899.78,34255.7487,33676.2646,33974.2852,82
2011-01-12,33452.7391,33494.1302,33022.2655,33237.5039,98
2011-01-13,33229.2175,33659.6911,33229.2175,33436.1758,37
2011-01-14,33676.2506,33676.2506,32906.3656,32972.5938,86
2011-01-18,32931.2136,32931.2136,32343.4526,32517.2969,55
2011-01-19,32393.119,32782.1986,32302.0569,32575.2402,92
2011-01-20,32898.0896,33229.2209,32442.7788,32591.7891,118
2011-01-21,32028.8675,32376.5591,31937.8085,32202.7148,65
2011-01-24,32302.0399,32302.0399,31300.3629,31316.9199,178
2011-01-25,31573.5568,31921.2483,31267.2594,31333.4844,162
2011-01-26,31325.218,31408.0001,30977.5263,31250.7129,147
2011-01-27,31258.9785,31358.3208,31002.3523,31258.9785,58
2011-01-28,31225.8596,32691.1243,31093.4064,32484.166,233
2011-01-31,32343.4427,32542.1241,31979.1973,31979.1973,130
2011-02-01,31482.4888,31598.385,30671.2129,30778.832,160
2011-02-02,30994.0676,30994.0676,30613.2652,30737.4414,75
2011-02-03,30853.3443,31159.6417,30439.4277,30547.0469,58
2011-02-04,30513.9297,30778.8361,30373.1965,30381.4766,46
2011-02-07,30174.5197,30182.7966,29611.5929,29826.8281,68
2011-02-08,29735.7622,29826.8244,29205.9496,29247.3438,51
2011-02-09,29313.5723,29520.5306,29090.057,29156.2852,83
2011-02-10,29545.3677,29735.769,29205.9562,29239.0703,95
2011-02-11,29520.5347,29520.5347,28841.7117,28916.2168,79
2011-02-14,28957.6,29114.8871,28841.7039,28891.375,34
2011-02-15,29123.1726,29396.3559,28907.9342,29172.8438,84
2011-02-16,28982.4333,29056.9384,28593.3539,28684.416,85
2011-02-17,28883.0958,28891.3759,28394.6742,28485.7363,49
2011-02-18,28419.5174,28494.0194,27980.7637,27980.7637,82
2011-02-22,28634.7498,29388.0778,28229.1101,29139.7285,257
2011-02-23,29272.1841,30224.1904,29239.07,29876.502,137
2011-02-24,29975.8366,30811.9499,29760.6014,30182.7949,172
2011-02-25,29826.829,29926.1712,29487.4175,29636.4277,57
2011-02-28,29330.1338,29429.473,28891.3832,28924.4941,111
2011-03-01,28734.0892,30141.4062,28684.4212,30141.4062,179
2011-03-02,30298.6942,30431.1474,29702.6565,30108.293,114
2011-03-03,29354.9616,29354.9616,28477.4605,28651.3047,237
2011-03-04,28609.9161,29893.0569,28543.688,29280.459,177
2011-03-07,28990.7195,30199.3553,28734.0901,29818.5527,153
2011-03-08,29710.9324,29942.7247,28618.1928,28899.6562,176
2011-03-09,28974.157,29255.6204,28568.5175,28891.375,109
2011-03-10,29669.5422,30555.3235,29636.4281,30480.8184,204
2011-03-11,30845.0601,31457.658,29669.5386,29975.8359,202
2011-03-14,30431.1473,31068.5792,30240.746,30348.3652,290
2011-03-15,32509.0054,32600.0676,30960.9585,31399.709,211
2011-03-16,31813.6234,33742.4727,31722.5613,33295.4453,254
2011-03-17,32119.927,32533.8436,31763.9585,31995.7539,114
2011-03-18,30845.0611,31490.7731,30696.0541,31267.2578,154
2011-03-21,30273.8572,30290.4142,29520.5291,29868.2207,178
2011-03-22,29777.1562,30050.3395,29735.762,29959.2773,38
2011-03-23,30157.9616,30315.2488,29255.6233,29479.1387,214
2011-03-24,29023.8329,29363.2444,28692.6984,28858.2656,143
2011-03-25,28700.981,28725.8181,28237.3963,28502.3027,81
2011-03-28,28411.2401,28659.5894,28138.0567,28626.4785,84
2011-03-29,28659.5822,28825.1495,28022.1503,28104.9355,93
2011-03-30,27724.1278,27773.7957,27351.6023,27608.2285,91
2011-03-31,27608.232,27782.0793,27368.1628,27757.2422,90
2011-04-01,27326.7749,27633.0755,27136.3736,27450.9512,118
2011-04-04,27268.8203,27384.7196,27202.5953,27268.8203,29
2011-04-05,27351.6082,27566.8435,26954.2487,27293.6602,191
2011-04-06,26921.1336,27186.0399,26846.6285,26970.8047,116
2011-04-07,27020.4672,27649.622,26921.1281,27136.3633,338
2011-04-08,26904.5791,27674.4642,26863.1881,27310.2188,146
2011-04-11,27219.1535,27500.6169,26904.576,27326.7695,120
2011-04-12,27806.9174,28287.0591,27682.7412,28063.5469,180
2011-04-13,27566.8401,28328.4481,27558.5631,28030.4277,127
2011-04-14,28436.0662,28775.4776,27773.8003,27897.9766,184
2011-04-15,27757.2434,27989.0389,27384.7211,27550.2852,230
2011-04-18,28452.6242,29197.6753,28411.2332,28460.9043,329
2011-04-19,28353.2821,28460.9013,27939.3656,28055.2617,177
2011-04-20,26954.2525,27061.8685,26573.4468,26722.457,314
2011-04-21,26490.6598,26763.8462,26383.0422,26399.5977,104
2011-04-25,26399.6007,26739.0122,26399.6007,26540.334,78
2011-04-26,26440.9901,26440.9901,25720.7746,25820.1152,167
2011-04-27,25720.7776,25803.5612,25091.6242,25190.9648,183
2011-04-28,25290.3006,25290.3006,24702.5398,24801.8789,179
2011-04-29,24661.1517,24694.2642,24363.1312,24479.0273,208
2011-05-02,24056.8383,24644.6009,24048.5598,24503.8691,296
2011-05-03,24578.3743,24835.0022,24313.4678,24503.8691,399
2011-05-04,24603.1995,25257.1884,24561.8084,25000.5605,356
2011-05-05,25273.7478,26167.8076,25091.6235,25803.5605,352
2011-05-06,25083.349,25637.9974,24685.9894,25406.2051,491
2011-05-09,25406.1985,25522.0947,24926.0554,25157.8477,229
2011-05-10,24975.7259,25058.5095,24570.0878,24702.541,175
2011-05-11,24884.6662,25671.1084,24834.9966,25373.0879,197
2011-05-12,25563.4906,25927.7376,24834.998,24967.4512,280
2011-05-13,24917.779,25861.5083,24859.8309,25555.2109,240
2011-05-16,25795.2804,25919.4551,25265.4677,25828.3945,178
2011-05-17,26192.6433,26830.0753,25985.685,26242.3145,535
2011-05-18,26200.9122,26391.3134,25588.316,25671.0996,342
2011-05-19,25414.4797,25811.8393,25215.7984,25364.8086,224
2011-05-20,25538.6545,26085.0243,25447.5923,25960.8496,323
2011-05-23,26954.2509,27053.59,26548.6112,26763.8496,406
2011-05-24,26556.8901,26921.1356,26465.8264,26912.8555,346
2011-05-25,27227.4354,27227.4354,26374.7682,26689.3457,359
2011-05-26,26846.6334,27144.6538,26341.6546,26590.0039,481
2011-05-27,26358.2113,26449.2735,26051.9123,26316.8203,284
2011-05-31,25588.3254,26018.7991,25447.5937,25513.8203,301
2011-06-01,25737.3334,27227.4324,25695.9423,27194.3184,554
2011-06-02,27161.2085,27831.7513,27086.7033,27467.5059,703
2011-06-03,28436.0669,28444.347,27657.9049,28104.9355,469
2011-06-06,28287.0507,28676.1332,28129.7636,28527.123,370
2011-06-07,28129.7685,28709.2524,27914.5333,28667.8613,390
2011-06-08,28800.3149,28974.1591,28477.4604,28808.5918,458
2011-06-09,28651.312,28734.0941,27856.5928,28229.1152,283
2011-06-10,28593.362,29595.0395,28535.414,29446.0293,352
2011-06-13,29230.794,29644.7107,28974.1646,29421.1953,200
2011-06-14,28792.0416,28792.0416,28162.8896,28510.5781,310
2011-06-15,29255.6209,29984.1149,28941.0435,29760.5996,405
2011-06-16,29801.9908,29917.8869,29065.2199,29255.6211,512
2011-06-17,28585.0733,29205.9481,28427.7862,28965.8789,615
2011-06-20,29230.7906,29230.7906,28245.6671,28386.4004,415
2011-06-21,28080.0966,28195.9959,27417.8308,27624.7891,537
2011-06-22,27931.0933,28187.7196,27492.3395,28154.6055,477
2011-06-23,29023.8299,29777.1579,28502.2941,28535.4082,1133
2011-06-24,28585.0801,29454.3075,28518.8551,29338.4082,469
2011-06-27,29255.6241,29388.0773,28187.7186,28585.0781,549
2011-06-28,28253.9424,28320.1674,27542.0055,27558.5625,406
2011-06-29,27293.6571,27599.9545,26888.0175,26995.6367,447
2011-06-30,26681.0668,26747.295,25944.2957,26043.6348,364
2011-07-01,25960.8517,26085.0264,24876.389,24967.4512,453
2011-07-05,24992.2848,25190.9645,24834.996,25033.6758,219
2011-07-06,25083.3459,25166.1295,24545.2546,24661.1523,282
2011-07-07,24197.5645,24313.4622,23891.2671,24065.1113,385
2011-07-08,24685.9872,24992.2862,24429.3594,24429.3594,450
2011-07-11,25166.1281,25513.8181,25000.5624,25290.3027,327
2011-07-12,25339.9756,25662.8301,24942.6145,25662.8301,271
2011-07-13,25290.3043,25555.2122,24685.9864,25373.0879,404
2011-07-14,25323.4147,25869.7844,24859.8286,25729.0527,399
2011-07-15,25414.4808,25902.9026,25232.3565,25464.1504,384
2011-07-18,25844.953,26556.8917,25778.7264,26018.7988,404
2011-07-19,25497.2589,25497.2589,24628.0347,24735.6523,498
2011-07-20,24636.3167,24934.3372,24636.3167,24818.4395,234
2011-07-21,24470.7507,24628.0394,23758.8152,23899.5469,789
2011-07-22,23998.8808,24338.2922,23924.3757,24172.7266,352
2011-07-25,24884.6645,25000.5623,24338.2948,24644.5938,367
2011-07-26,24901.2206,25265.4676,24810.1585,25166.127,491
2011-07-27,25472.4243,26465.8231,25447.5887,26383.041,459
2011-07-28,26383.0444,26888.0215,25869.7871,26755.5684,670
2011-07-29,27525.4571,27806.9206,26788.686,27393.0039,1183
2011-08-01,26358.2032,28378.1147,26250.5841,27484.0566,839
2011-08-02,28038.708,29330.1289,27575.1235,29330.1289,1032
2011-08-03,29181.1176,30522.2064,28982.4363,29056.9414,1222
2011-08-04,30174.5128,32881.527,29967.5545,32790.4648,1113
2011-08-05,31739.1282,34768.9979,31159.6443,32285.498,1172
2011-08-08,34884.892,37616.741,33353.4018,37558.793,1470
2011-08-09,35969.3491,39793.9371,33080.2101,33113.3242,2211
2011-08-10,35009.0635,37939.5935,34570.3098,37633.293,1133
2011-08-11,36507.4343,36871.6829,31722.5606,33245.7734,2579
2011-08-12,32285.4896,33005.7034,31341.7604,31970.9121,543
2011-08-15,31101.6946,31366.601,30174.5222,30249.0273,1970
2011-08-16,30919.5621,31664.6131,30141.4002,30778.832,505
2011-08-17,30323.5288,31366.5972,29686.0969,30604.9922,1663
2011-08-18,32798.7442,34901.4409,32749.0762,34007.3828,1366
2011-08-19,35307.0897,35762.3974,33105.0534,35571.9961,1132
2011-08-22,33361.6735,35514.0415,33287.1684,35232.5781,717
2011-08-23,34711.0511,35108.4107,32177.88,32235.8281,1474
2011-08-24,32376.5627,32658.0261,30795.4011,30894.7402,1326
2011-08-25,30480.8212,32616.6326,30215.9148,32260.6641,1511
2011-08-26,32790.466,34148.1117,30696.0495,31035.4609,1335
2011-08-29,29992.3913,30033.7823,28941.0429,29023.8281,589
2011-08-30,29205.9592,29744.0522,28237.3958,28758.9316,882
2011-08-31,28229.1073,28982.4353,27624.7895,28419.5117,1079
2011-09-01,28287.0585,29297.016,27318.4952,29230.791,762
2011-09-02,30820.2315,31383.1583,30389.7578,31143.0859,1182
2011-09-06,33593.4722,33701.0882,31805.3495,31995.7539,941
2011-09-07,30704.3361,30969.2425,29603.3163,29661.2676,536
2011-09-08,30100.0193,30604.9981,29123.1758,30497.3789,650
2011-09-09,31490.7762,33444.4631,31424.5481,32939.4844,791
2011-09-12,34313.6931,34437.8662,32326.8918,32360.0059,907
2011-09-13,32202.7087,32898.0886,31606.6678,32004.0273,586
2011-09-14,31523.8918,32906.3719,29495.6997,30720.8926,854
2011-09-15,29893.0562,30356.6407,29139.7281,29181.1191,817
2011-09-16,28775.4782,29363.2421,28378.1186,28634.748,597
2011-09-19,29926.1694,30464.259,29023.8311,29396.3535,1236
2011-09-20,28974.1616,29578.4794,28229.1105,29280.459,1038
2011-09-21,29263.9031,31548.7246,29023.8339,31548.7246,1311
2011-09-22,34139.8411,35944.5145,33701.0874,34818.6641,2115
2011-09-23,35431.261,35745.8385,34040.501,34495.8086,1263
2011-09-26,33527.2474,34413.0288,31706.0136,31813.6328,1134
2011-09-27,29934.4397,31060.2931,29032.1017,30555.3145,1514
2011-09-28,30240.7368,32136.475,29537.0801,31987.4648,766
2011-09-29,30298.6878,32434.4985,29760.5982,30737.4414,1512
2011-09-30,32012.3132,32765.6446,30919.5735,32658.0254,1104
2011-10-03,33394.7974,35083.5782,32153.0474,35000.793,1517
2011-10-04,36308.7573,37525.6729,33361.6706,33651.4141,1758
2011-10-05,33543.8063,34015.671,32119.932,32235.8281,818
2011-10-06,32186.1509,32947.7558,30522.2046,30646.3809,1176
2011-10-07,29959.2832,31234.1471,29710.9339,30712.6113,1733
2011-10-10,29388.0734,29388.0734,28022.1476,28030.4277,821
2011-10-11,28444.3493,28510.5743,27939.3706,28196.0,776
2011-10-12,27641.3509,27881.4233,26647.9504,27434.3926,954
2011-10-13,27790.3582,28411.2331,27459.2237,27707.5762,920
2011-10-14,26821.7955,27318.4941,26457.5469,26457.5469,607
2011-10-17,26788.6804,28311.8934,26788.6804,28146.3262,924
2011-10-18,28378.1251,28916.2181,26267.1508,26871.4688,1717
2011-10-19,26945.972,27566.847,26407.8807,27335.0547,948
2011-10-20,27243.9935,28096.6608,26730.7377,27012.2012,1199
2011-10-21,26051.9074,26134.691,25124.7352,25157.8477,1057
2011-10-24,24942.6135,25041.9542,24288.6261,24479.0273,773
2011-10-25,24892.9456,25886.3462,24801.8835,25737.3359,1025
2011-10-26,24685.984,25836.6715,24545.2523,24702.541,1139
2011-10-27,23013.7631,23435.9583,22119.7033,22517.0645,1215
2011-10-28,22732.297,23932.6556,22334.9375,22467.3906,661
2011-10-31,23187.6033,23924.3742,23055.1502,23916.0957,805
2011-11-01,25397.9148,25886.3364,24926.0503,25671.0996,1992
2011-11-02,24719.0981,25166.1272,24280.346,24528.6953,595
2011-11-03,23833.3182,24512.1412,23129.6597,23237.2773,669
2011-11-04,23667.7532,24371.4118,23543.5785,23593.248,557
2011-11-07,23642.9139,24214.1192,23055.1531,23088.2656,766
2011-11-08,22773.6943,23394.5693,22351.4992,22450.8398,723
2011-11-09,23700.8591,24834.9911,23493.9009,24536.9707,1356
2011-11-10,23717.421,24454.1937,23419.4022,23841.5957,986
2011-11-11,23046.8778,23063.4348,22144.5394,22260.4355,788
2011-11-14,22359.7706,22980.6454,22219.0389,22682.625,821
2011-11-15,22889.5892,23121.3831,22185.9306,22591.5703,729
2011-11-16,23146.2173,23684.3102,22434.2818,23593.248,879
2011-11-17,23634.6383,24942.6148,23378.0104,24313.4629,1527
2011-11-18,24081.6691,24470.7501,23866.4322,24205.8438,527
2011-11-21,25190.9646,26349.9307,25099.9024,25787.0039,1491
2011-11-22,25944.2894,26498.9361,25571.7639,26101.5781,997
2011-11-23,26722.4554,27674.4648,26664.5073,27649.6309,970
2011-11-25,27732.4167,27815.1988,26904.5834,27806.9219,536
2011-11-28,25944.288,26250.5853,25406.1968,25687.6602,695
2011-11-29,25513.8192,25637.9939,24950.8924,25389.6445,827
2011-11-30,23502.1862,23502.1862,22177.6543,22268.7148,1117
2011-12-01,22359.7774,22583.2927,22086.5925,22293.5508,618
2011-12-02,21689.2325,22351.4985,21614.7273,22334.9414,451
2011-12-05,21349.8178,22252.1545,21349.8178,21854.7949,627
2011-12-06,21846.5165,21995.5267,21225.6416,21589.8887,761
2011-12-07,21796.8419,22045.1912,20993.8445,21291.8633,746
2011-12-08,21556.7759,22525.3391,21432.5996,22359.7734,909
2011-12-09,22094.8655,22119.6995,21167.6917,21324.9805,585
2011-12-12,21813.4022,22583.2873,21805.1237,22144.5352,968
2011-12-13,21747.1767,22806.8021,21449.1562,22533.6172,894
2011-12-14,22798.5241,23419.3989,22558.4517,23204.1621,873
2011-12-15,22450.8358,23046.8751,22177.6509,22939.2559,600
2011-12-16,22517.0653,23245.5579,22376.3336,23038.5996,651
2011-12-19,22839.9146,23717.4172,22608.1208,23551.8516,659
2011-12-20,22525.3391,22525.3391,21449.1566,21565.0527,1198
2011-12-21,21473.9902,22078.308,21440.8762,21498.8242,473
2011-12-22,21316.7071,21416.0478,21093.1918,21118.0273,349
2011-12-23,20985.5765,21109.7512,20505.4332,20521.9902,442
2011-12-27,20563.3813,20687.556,20331.5874,20521.9902,332
2011-12-28,20464.0349,21267.034,20464.0349,21167.6934,504
2011-12-29,21076.6299,21076.6299,20464.0336,20555.0957,406
2011-12-30,20613.0479,20877.9543,20488.8732,20869.6758,266
2012-01-03,19793.4925,19975.6152,19512.0291,19950.7812,642
2012-01-04,20099.7876,20199.1267,19768.6531,19818.3242,562
2012-01-05,20066.6791,20447.4832,19743.8246,19793.4941,630
2012-01-06,19718.9862,20199.1294,19718.9862,20025.2852,362
2012-01-09,19942.4996,20182.5704,19818.325,19917.6641,547
2012-01-10,19363.0202,19644.4836,19305.0721,19569.9785,436
2012-01-11,19727.2653,19859.7185,19561.698,19636.2031,449
2012-01-12,19528.5817,19934.2197,19462.3551,19503.7461,625
2012-01-13,19934.2176,20265.3505,19677.5898,19677.5898,891
2012-01-17,19271.9508,19553.4141,19023.5999,19487.1875,550
2012-01-18,19512.0244,19569.9724,18957.3762,19015.3242,446
2012-01-19,18866.3235,19040.1678,18750.4258,18750.4258,411
2012-01-20,18742.1403,18775.2544,18353.0594,18361.3379,608
2012-01-23,18369.6172,18576.5755,18146.1019,18394.4512,514
2012-01-24,18709.027,18800.0876,18493.7902,18551.7383,538
2012-01-25,18709.0291,18965.657,18071.5972,18179.2148,740
2012-01-26,17914.305,18427.5621,17806.6874,18270.2734,679
2012-01-27,18518.6266,18717.3063,18394.4503,18560.0176,529
2012-01-30,19007.0478,19156.058,18584.8543,18617.9668,593
2012-01-31,18344.7857,18998.7748,18311.6732,18684.1973,461
2012-02-01,18220.6155,18377.9043,18021.9357,18336.5117,830
2012-02-02,18262.0066,18493.8005,18204.0585,18336.5117,523
2012-02-03,17806.6942,17914.3118,17649.4054,17682.5195,778
2012-02-06,17889.4747,17963.9798,17757.0215,17781.8555,299
2012-02-07,17839.8032,18013.649,17516.9488,17599.7324,621
2012-02-08,17583.1738,17814.9677,17492.1117,17516.9473,387
2012-02-09,17417.6113,17690.7962,17367.9402,17508.6719,458
2012-02-10,17914.3114,18096.4357,17856.3633,17856.3633,737
2012-02-13,17516.9469,17773.5747,17500.3898,17558.3379,593
2012-02-14,17649.402,17889.4744,17533.5059,17533.5059,424
2012-02-15,17384.4997,17980.5391,17384.4997,17914.3125,731
2012-02-16,17814.9693,17831.5264,17318.2691,17359.6602,1076
2012-02-17,17136.1504,17309.9946,17094.7578,17160.9844,574
2012-02-21,17011.9699,17260.3208,16945.7433,17111.3105,792
2012-02-22,17152.7007,17309.9895,17053.3617,17210.6504,884
2012-02-23,17276.8774,17425.8861,16978.857,17020.248,797
2012-02-24,16954.0215,17127.8672,16887.7949,17020.248,673
2012-02-27,17260.3276,17409.3378,16838.1323,16987.1426,960
2012-02-28,16978.8559,17094.752,16838.1242,16896.0723,561
2012-02-29,16829.8483,17194.0954,16705.6737,17103.0332,969
2012-03-01,17011.9683,17136.1446,16780.1761,17003.6914,755
2012-03-02,17020.248,17202.3723,16929.1875,17020.248,442
2012-03-05,17069.9141,17376.2113,17003.6875,17069.9141,455
2012-03-06,17649.4038,17939.1457,17583.1772,17864.6406,932
2012-03-07,17790.1385,17839.808,17434.1699,17500.3965,958
2012-03-08,17252.0414,17384.4946,17103.0312,17210.6504,635
2012-03-09,17094.7519,17227.2051,16970.5773,17136.1445,574
2012-03-12,17136.1469,17160.9809,16929.1887,17011.9707,505
2012-03-13,16771.9029,16862.9651,16109.6353,16126.1924,1483
2012-03-14,16109.6317,16151.0243,15952.3445,16051.6836,786
2012-03-15,16002.0161,16151.0263,15836.4488,15853.0059,746
2012-03-16,15728.8302,15919.2314,15703.9946,15894.3975,480
2012-03-19,15952.3455,16002.0151,15778.4997,15894.3975,645
2012-03-20,16151.0297,16308.3185,16026.855,16134.4727,503
2012-03-21,16101.3602,16349.7096,16059.9676,16300.04,443
2012-03-22,16556.6637,16689.1168,16457.323,16598.0547,810
2012-03-23,16581.5029,16755.3471,16391.1,16415.9355,501
2012-03-26,16109.6311,16134.4667,15836.4463,15836.4463,782
2012-03-27,15795.0527,16010.2895,15753.6617,15993.7324,402
2012-03-28,15968.9063,16465.605,15944.0707,16250.3682,610
2012-03-29,16523.5458,16606.3294,16167.5789,16200.6914,834
2012-03-30,15993.7362,16175.8605,15902.674,15935.7881,586
2012-04-02,16035.1264,16151.0226,15629.4869,15753.6631,628
2012-04-03,15836.448,16208.9735,15728.8304,15977.1797,633
2012-04-04,16357.9863,16614.6142,16316.5937,16424.2129,938
2012-04-05,16589.7766,16622.8891,16349.7043,16473.8789,496
2012-04-09,17011.9719,17045.086,16763.6226,16937.4668,595
2012-04-10,17036.806,17806.691,16970.5794,17757.0215,1172
2012-04-11,17285.1535,17458.9992,17235.4839,17384.4941,554
2012-04-12,17309.9897,17343.1038,16639.4453,16639.4453,706
2012-04-13,16796.7339,17210.6504,16796.7339,17169.2578,578
2012-04-16,16821.5707,17045.086,16647.7265,16871.2402,760
2012-04-17,16598.0571,16598.0571,16084.8013,16167.585,1074
2012-04-18,16399.3742,16473.8793,16208.973,16432.4883,709
2012-04-19,16415.9323,16937.4665,16258.6435,16689.1172,1062
2012-04-20,16457.3238,16473.8809,16242.0886,16449.0469,754
2012-04-23,16912.6305,17127.8673,16780.1773,16821.5684,872
2012-04-24,16705.67,16722.227,16341.423,16531.8242,696
2012-04-25,16225.5274,16391.093,16126.1867,16184.1348,483
2012-04-26,16217.2491,16250.3616,15679.158,15753.6631,745
2012-04-27,15637.7633,15803.3305,15546.7027,15654.3203,752
2012-04-30,15728.8311,15861.2842,15670.883,15728.8311,579
2012-05-01,15728.8292,15894.3965,15273.5216,15488.7568,1024
2012-05-02,15646.0465,15786.7782,15505.3148,15530.1504,508
2012-05-03,15538.4298,15836.4487,15472.2032,15728.8311,418
2012-05-04,15960.6248,16391.0969,15919.2322,16357.9844,907
2012-05-07,16564.943,16581.5001,16283.4796,16449.0469,541
2012-05-08,16680.839,17169.2608,16639.448,16713.9531,1051
2012-05-09,17144.4223,17384.4946,16713.9503,17036.8047,1036
2012-05-10,16821.571,17061.6434,16639.4483,16962.3027,484
2012-05-11,17243.7673,17260.3243,16697.3974,17086.4785,778
2012-05-14,17467.2816,17707.3524,17285.1573,17583.1777,989
2012-05-15,17616.2886,17939.143,17309.9897,17831.5254,777
2012-05-16,17624.5709,17914.3113,17392.7771,17897.7559,685
2012-05-17,17889.4777,18568.3008,17864.6422,18568.3008,1195
2012-05-18,18394.4521,19048.4411,18353.0611,18957.3789,1051
2012-05-21,18783.5334,18874.5939,18261.9976,18278.5547,814
2012-05-22,18220.6039,18526.9012,17963.9761,18270.2734,823
2012-05-23,18642.8033,19122.9464,18270.2777,18319.9473,1074
2012-05-24,18195.7695,18634.5216,18129.543,18129.543,686
2012-05-25,18237.1671,18617.9696,18129.5478,18493.7949,794
2012-05-29,18046.7649,18212.3322,17773.58,17906.0332,675
2012-05-30,18377.8964,18675.9153,18328.2253,18576.5762,868
2012-05-31,18576.5765,19031.8841,18270.2776,18692.4727,1107
2012-06-01,19454.0806,19975.6149,19296.7919,19925.9453,1700
2012-06-04,19901.1113,20339.8619,19810.0491,20058.3984,1492
2012-06-05,20132.908,20166.0221,19793.4964,19884.5586,704
2012-06-06,19454.0818,19462.3603,18468.9598,18477.2383,1133
2012-06-07,17922.5866,18336.5032,17823.2475,18237.1641,1516
2012-06-08,18394.449,18510.3467,17839.8008,17839.8008,1029
2012-06-11,17425.8878,18485.5148,17367.9397,18452.4023,1383
2012-06-12,18253.7169,18419.2841,17699.0687,17723.9043,1230
2012-06-13,17839.8058,18187.4958,17583.1779,18005.373,828
2012-06-14,17922.5845,17997.0896,17136.1441,17376.2148,1112
2012-06-15,17111.3095,17160.979,16821.5676,16879.5156,689
2012-06-18,17103.0356,17152.7052,16796.7382,16954.0254,563
2012-06-19,16730.5079,16813.2915,16333.1483,16598.0547,478
2012-06-20,16564.9414,16970.5794,16424.2097,16631.168,634
2012-06-21,16556.6581,17649.3973,16498.71,17591.4492,982
2012-06-22,17309.9918,17450.7235,17177.5386,17260.3223,452
2012-06-25,17748.7472,18055.0446,17748.7472,17872.9219,736
2012-06-26,17781.8539,18096.4314,17566.6171,17740.4629,483
2012-06-27,17591.4568,17632.8478,17252.0453,17343.1074,433
2012-06-28,17757.0252,18071.6012,17401.0566,17425.8906,1118
2012-06-29,16589.7793,16738.7879,16283.4803,16291.7588,953
2012-07-02,16266.9216,16614.6116,16200.6951,16341.4268,544
2012-07-03,16357.9843,16399.3754,16018.5728,16035.1299,361
2012-07-05,16250.3611,16357.9803,15968.8994,16192.4131,683
2012-07-06,16556.6617,16896.0731,16556.6617,16639.4453,880
2012-07-09,16730.5054,16978.8563,16672.5574,16788.4551,326
2012-07-10,16506.9931,17301.7122,16415.931,17094.7539,707
2012-07-11,17086.4749,17599.7321,17078.1964,17309.9902,843
2012-07-12,17608.0157,17757.026,17202.3776,17434.1699,846
2012-07-13,17293.4343,17301.7128,16556.6633,16589.7773,746
2012-07-16,16738.7832,16929.186,16631.1656,16780.1758,599
2012-07-17,16614.6102,17111.3104,16374.5394,16490.4355,868
2012-07-18,16614.6102,16639.4457,15993.7353,16059.9619,694
2012-07-19,15935.7867,16109.6309,15786.7765,15910.9512,744
2012-07-20,16217.2535,16399.3762,16101.3573,16324.8711,1103
2012-07-23,17103.035,17276.8808,16639.4488,16747.0664,1462
2012-07-24,16747.0651,17516.9502,16722.2311,17152.7031,1821
2012-07-25,16854.684,17103.0333,16689.1167,16904.3535,860
2012-07-26,16233.813,16316.5951,15902.6784,16084.8027,1803
2012-07-27,15910.9509,15919.2295,15207.2941,15331.4688,2593
2012-07-30,15405.9762,15480.4813,15174.1823,15381.1406,1004
2012-07-31,15439.089,15604.6562,15339.7499,15604.6562,718
2012-08-01,15348.0285,15803.3362,15339.75,15728.8311,886
2012-08-02,15993.7361,16407.6527,15720.5512,16068.2412,1663
2012-08-03,15455.6456,15497.0367,15107.9556,15215.5732,1384
2012-08-06,15157.6238,15165.9023,14917.553,15165.9023,925
2012-08-07,15008.6152,15008.6152,14818.214,14983.7812,1161
2012-08-08,15157.6265,15165.905,14843.0505,14917.5557,929
2012-08-09,14975.5028,15091.3989,14843.0496,14942.3887,730
2012-08-10,15083.1192,15199.017,14793.3789,14793.3789,1275
2012-08-13,14876.1605,15107.9544,14818.2125,14900.9961,929
2012-08-14,14760.2644,15000.3368,14727.1519,14900.9961,892
2012-08-15,14942.3873,14958.9444,14785.1002,14892.7178,588
2012-08-16,14851.3277,14942.3882,14528.4717,14569.8643,879
2012-08-17,14503.6355,14594.6961,14487.0785,14511.9141,386
2012-08-20,14602.9793,14660.9274,14511.9187,14545.0312,570
2012-08-21,14470.522,14801.6549,14313.2348,14727.1514,808
2012-08-22,14809.9371,15000.34,14727.155,14826.4941,1007
2012-08-23,14900.9988,15265.2459,14900.9988,15207.2979,1159
2012-08-24,15256.9652,15314.9133,14776.822,14851.3271,829
2012-08-27,14843.0472,14992.0574,14785.0992,14958.9434,504
2012-08-28,15066.5666,15124.5147,14876.1638,15016.8955,539
2012-08-29,15016.8963,15099.6799,14884.4431,15000.3408,469
2012-08-30,15174.1816,15430.8094,15174.1816,15348.0273,828
2012-08-31,15091.4006,15298.359,14826.4942,15016.8955,1769
2012-09-04,15050.0122,15430.8148,15033.4551,15223.8564,940
2012-09-05,15174.1812,15290.0774,15016.8925,15190.7383,926
2012-09-06,14900.9963,14900.9963,14321.5125,14329.791,1554
2012-09-07,14313.2373,14396.0194,14230.4537,14271.8447,1033
2012-09-10,14329.7921,14437.4113,14197.3389,14429.1328,541
2012-09-11,14387.7377,14387.7377,14106.276,14213.8936,1148
2012-09-12,14114.5545,14230.4522,14048.3279,14164.2256,678
2012-09-13,14164.2265,14189.0605,13394.3414,13501.959,2096
2012-09-14,13410.8967,13468.8448,13162.5458,13336.3916,1653
2012-09-17,13419.1736,13518.5143,13336.3916,13468.8447,810
2012-09-18,13559.9065,13559.9065,13369.5053,13419.1748,492
2012-09-19,13352.9486,13435.7323,13228.774,13377.7842,560
2012-09-20,13551.631,13593.022,13311.5586,13311.5586,618
2012-09-21,13162.5476,13386.0629,13145.9913,13369.5059,1027
2012-09-24,13535.0725,13543.351,13295.0001,13419.1748,791
2012-09-25,13352.9496,13725.4752,13245.332,13700.6396,1111
2012-09-26,13700.6363,13882.7606,13659.2453,13849.6465,1358
2012-09-27,13684.0813,13849.6469,13526.7926,13634.4102,775
2012-09-28,13841.3719,14006.9392,13659.2492,13783.4238,1033
2012-10-01,13634.4082,13642.6867,13294.9968,13568.1816,1372
2012-10-02,13452.2901,13824.8157,13402.6206,13642.6914,937
2012-10-03,13584.7457,13742.0345,13452.2925,13601.3027,500
2012-10-04,13427.4534,13501.9585,13286.7217,13328.1143,314
2012-10-05,13156.3398,13348.8111,13067.3477,13210.1494,4342
2012-10-08,13365.3661,13394.3402,13241.1907,13288.791,954
2012-10-09,13373.6444,13621.9937,13276.3737,13615.7852,3548
2012-10-10,13671.6661,14064.8872,13653.0406,14004.8691,3965
2012-10-11,13816.5366,14060.7475,13754.4485,14056.6074,1768
2012-10-12,14009.0067,14162.1554,13837.231,14052.4678,1810
2012-10-15,13988.3153,14064.8905,13717.2004,13762.7314,2420
2012-10-16,13561.9782,13595.0923,13357.0899,13379.8555,2094
2012-10-17,13468.8455,13495.7495,13307.4183,13334.3223,1873
2012-10-18,13381.9253,13460.5689,13237.0536,13346.7412,1838
2012-10-19,13456.429,14042.1214,13456.429,13965.5479,3692
2012-10-22,14027.6333,14296.6798,13880.6931,13955.1982,3263
2012-10-23,14435.3424,14768.5454,14427.0639,14708.5273,5145
2012-10-24,14615.3907,14834.7659,14538.8156,14783.0264,2790
2012-10-25,14557.4436,14917.5521,14503.6356,14679.5498,1845
2012-10-26,14729.2211,14917.5539,14540.8899,14687.8301,1107
2012-10-31,14489.1503,14859.6058,14420.8537,14741.6396,948
2012-11-01,14598.839,14605.0475,14129.0428,14280.123,1586
2012-11-02,14085.5819,14745.7794,14073.1649,14702.3184,1202
2012-11-05,14789.2373,14884.438,14553.305,14644.3672,1446
2012-11-06,14489.1509,14520.195,14046.2603,14220.1045,1546
2012-11-07,14569.8603,15337.6751,14567.7902,15141.0654,2745
2012-11-08,15180.3907,15569.4733,14989.9895,15567.4033,1729
2012-11-09,15811.6155,15840.5895,15290.0796,15594.3086,2352
2012-11-12,15503.2446,15677.0888,15387.3469,15575.6797,730
2012-11-13,15790.9204,15817.8245,15246.6191,15743.3193,1717
2012-11-14,15631.5582,16500.7838,15559.1231,16368.3291,2249
2012-11-15,16484.2278,16691.1861,16289.6865,16498.7148,3017
2012-11-16,16490.437,16802.9444,16273.1301,16341.4268,2652
2012-11-19,15919.2314,15987.528,15521.8719,15530.1504,2318
2012-11-20,15664.6709,15857.1422,15470.1297,15544.6348,1420
2012-11-21,15548.7775,15575.6831,15329.4022,15360.4463,789
2012-11-23,15172.1117,15172.1117,14731.2911,14741.6396,1145
2012-11-26,14987.9174,15095.5366,14880.2998,14880.2998,984
2012-11-27,14975.501,15196.9463,14799.5868,15143.1367,1046
2012-11-28,15327.3313,15563.2636,14768.5445,14785.1016,1612
2012-11-29,14598.8363,14838.9071,14495.3572,14623.6719,1213
2012-11-30,14584.3507,14741.6394,14522.2626,14631.9502,943
2012-12-03,14445.6875,14843.047,14404.2949,14824.4199,1278
2012-12-04,14809.935,14909.2757,14636.0908,14869.9531,1076
2012-12-05,14778.8924,14963.0851,14389.8098,14590.5596,1996
2012-12-06,14561.5862,14638.1613,14404.2974,14420.8545,1000
2012-12-07,14228.3852,14393.9525,14131.1145,14133.1846,1458
2012-12-10,14133.1834,14145.6004,14000.7302,14087.6523,639
2012-12-11,13926.226,13942.7831,13644.7626,13831.0254,1322
2012-12-12,13688.2215,13895.1798,13576.4638,13839.3018,1003
2012-12-13,13837.2314,14139.3904,13773.0749,14058.6768,1032
2012-12-14,14091.7888,14228.3821,14004.8667,14166.2939,807
2012-12-17,14100.069,14108.3475,13818.6056,13841.3711,1173
2012-12-18,13766.8634,13859.9955,13444.009,13489.54,1114
2012-12-19,13456.4298,13783.4243,13456.4298,13777.2158,1407
2012-12-20,13797.9076,13884.8297,13588.8809,13588.8809,1082
2012-12-21,14135.2508,14193.1988,13839.3004,13946.918,2077
2012-12-24,14054.539,14151.8081,14025.5634,14120.7656,388
2012-12-26,14058.6748,14325.6511,14002.7967,14203.5449,732
2012-12-27,14178.7158,14694.0416,14110.4191,14269.7764,1372
2012-12-28,14532.6109,14799.5872,14323.5825,14772.6816,1202
2012-12-31,14892.7196,14944.4592,14164.2271,14170.4355,2376
2013-01-02,13458.497,13495.7495,13201.8691,13201.8691,2326
2013-01-03,13259.8195,13338.4631,13135.6449,13251.541,875
2013-01-04,13237.0498,13299.1379,13090.1097,13137.71,865
2013-01-07,13232.9115,13381.9225,13226.703,13278.4434,794
2013-01-08,13346.7402,13516.4459,13295.0006,13412.9668,712
2013-01-09,13305.3486,13315.6955,13154.2691,13228.7734,861
2013-01-10,13077.6937,13253.6087,12974.2145,12992.8408,731
2013-01-11,13009.3994,13065.2782,12916.268,12920.4072,849
2013-01-14,12934.8953,13013.5397,12850.0425,12876.9473,568
2013-01-15,13054.9311,13057.0003,12773.4677,12816.9287,775
2013-01-16,12953.5202,12972.1464,12841.7625,12883.1543,604
2013-01-17,12746.5622,12777.6062,12508.5598,12609.9697,1275
2013-01-18,12570.6461,12678.2637,12477.5147,12500.2803,829
2013-01-22,12485.7956,12535.4652,12314.0198,12328.5068,1138
2013-01-23,12200.1932,12202.2624,12078.0878,12121.5488,1056
2013-01-24,12088.434,12088.434,11848.3624,11993.2334,1478
2013-01-25,11871.126,11968.3966,11817.3164,11817.3164,885
2013-01-28,11759.3696,11895.962,11749.0218,11831.8047,728
2013-01-29,11856.6404,11856.6404,11620.7081,11655.8906,1171
2013-01-30,11662.0993,11794.5532,11624.8467,11767.6484,1408
2013-01-31,11804.9028,11883.5464,11682.7974,11864.9209,929
2013-02-01,11645.5426,11699.3514,11475.8369,11475.8369,1621
2013-02-04,11744.8806,11858.7075,11703.4888,11819.3857,1300
2013-02-05,11628.9856,11647.6118,11482.0454,11575.1768,1544
2013-02-06,11720.0492,11722.1184,11517.2302,11548.2734,956
2013-02-07,11542.065,11858.711,11535.8565,11637.2656,1105
2013-02-08,11593.8049,11595.8742,11434.4469,11519.2998,871
2013-02-11,11537.9251,11635.1957,11527.5773,11552.4121,606
2013-02-12,11546.2038,11562.76,11388.915,11442.7246,1043
2013-02-13,11397.1925,11566.8983,11355.8007,11475.8369,975
2013-02-14,11618.6356,11633.1226,11453.0691,11494.4609,610
2013-02-15,11471.6981,11662.0994,11428.2371,11482.0459,1095
2013-02-19,11473.7679,11473.7679,11310.2715,11355.8018,546
2013-02-20,11353.7294,11624.8442,11289.5721,11606.2188,1169
2013-02-21,11709.7013,11827.6674,11622.7784,11711.7705,1766
2013-02-22,11525.5095,11626.9195,11393.0563,11399.2656,923
2013-02-25,11254.3929,11920.7982,11196.4441,11713.8398,1839
2013-02-26,11736.6051,11827.6673,11573.1079,11620.709,1016
2013-02-27,11641.4032,11649.6817,11103.312,11175.7471,1866
2013-02-28,11186.0956,11250.2529,10999.8336,11250.2529,1314
2013-03-01,11337.1777,11498.6057,11092.9668,11126.0801,1699
2013-03-04,11227.4875,11277.1578,11045.364,11051.5732,783
2013-03-05,10902.5616,10910.8401,10672.8378,10770.1084,2073
2013-03-06,10623.1669,10720.4367,10590.0528,10645.9316,1641
2013-03-07,10608.682,10623.1699,10515.5514,10567.291,1165
2013-03-08,10378.9579,10550.7329,10378.9579,10422.4189,1660
2013-03-11,10441.0469,10463.8125,10300.3152,10308.5938,935
2013-03-12,10325.1482,10370.6792,10234.0868,10244.4346,1877
2013-03-13,10285.8289,10356.1948,10227.88,10273.4111,1257
2013-03-14,10203.0429,10211.3214,10097.4945,10101.6338,2736
2013-03-15,10140.9546,10223.7382,10128.5368,10134.7461,1398
2013-03-18,10345.844,10378.9573,10124.3979,10250.6426,1862
2013-03-19,10211.3248,10420.3523,10136.8196,10260.9951,2454
2013-03-20,10122.3308,10178.2096,10064.3827,10140.957,3039
2013-03-21,10283.7547,10401.7208,10180.2756,10312.7295,1506
2013-03-22,10234.0896,10244.4374,10118.1927,10120.2627,1980
2013-03-25,10064.3811,10381.027,10022.9893,10244.4346,2522
2013-03-26,10157.5119,10157.5119,10029.1972,10039.5449,1542
2013-03-27,10213.3927,10283.7586,10070.5918,10103.7051,1258
2013-03-28,10083.0104,10107.8452,9977.4612,9991.9482,889
2013-04-01,10004.3648,10087.1485,9929.8597,10000.2256,989
2013-04-02,9921.5825,9921.5825,9778.7815,9826.3818,1226
2013-04-03,9824.3093,10087.1464,9782.9175,10043.6846,1818
2013-04-04,10002.2955,10060.2435,9873.9807,9921.5811,1766
2013-04-05,10236.1554,10267.1995,9973.3184,10006.4316,2455
2013-04-08,10004.3631,10122.3293,9888.4662,9892.6055,800
2013-04-09,9855.3548,9913.3037,9675.3013,9758.085,1764
2013-04-10,9667.0204,9683.5774,9457.9929,9522.1494,2600
2013-04-11,9495.2477,9536.6395,9337.959,9391.7686,2368
2013-04-12,9464.2018,9528.3591,9381.4189,9381.4189,2096
2013-04-15,9489.0356,9902.9521,9476.6186,9890.5352,3456
2013-04-16,9650.4628,9762.2197,9559.4007,9561.4707,1519
2013-04-17,9724.9723,9948.4869,9710.4845,9855.3555,3269
2013-04-18,9811.8903,10068.5189,9809.8211,9983.666,1722
2013-04-19,10054.0351,10128.5394,9954.6944,9977.46,1566
2013-04-22,9915.3709,10155.4425,9884.3268,9923.6494,834
2013-04-23,9766.3601,9956.7621,9613.2114,9619.4199,2208
2013-04-24,9592.5155,9708.4124,9555.2629,9689.7861,669
2013-04-25,9652.5357,9698.0668,9507.6648,9635.9795,932
2013-04-26,9679.4405,9681.5097,9557.335,9613.2139,1138
2013-04-29,9540.7732,9602.8613,9362.7898,9416.5986,1277
2013-04-30,9424.882,9565.6137,9371.0723,9393.8379,1659
2013-05-01,9474.5492,9660.8119,9429.0189,9631.8379,2207
2013-05-02,9563.5435,9594.5876,9375.2115,9391.7686,1363
2013-05-03,9149.6258,9170.3221,9037.8681,9124.791,1819
2013-05-06,9122.7219,9162.0437,9077.1908,9114.4434,887
2013-05-07,9044.0755,9106.1628,8955.0834,8971.6396,1321
2013-05-08,8979.9215,8988.2,8839.1897,8841.2598,1043
2013-05-09,8837.1173,8932.3179,8764.6814,8859.8828,1054
2013-05-10,8843.3286,8948.8778,8814.3546,8816.4238,738
2013-05-13,8870.2313,8911.6231,8822.6309,8845.3965,770
2013-05-14,8839.1893,8841.2593,8613.6047,8626.0225,1289
2013-05-15,8671.5525,8671.5525,8456.3157,8503.916,1247
2013-05-16,8534.9592,8601.1858,8460.4541,8572.2109,742
2013-05-17,8503.9168,8534.9608,8363.1851,8369.3936,1361
2013-05-20,8388.0203,8427.3429,8307.3067,8396.2988,734
2013-05-21,8352.837,8414.9244,8232.8008,8309.376,1049
2013-05-22,8280.4024,8503.9178,8058.9571,8425.2734,3184
2013-05-23,8626.0204,8638.4381,8361.114,8448.0361,2944
2013-05-24,8545.3065,8607.3938,8429.4096,8433.5488,887
2013-05-28,8207.9654,8313.5138,8071.373,8257.6357,2216
2013-05-29,8396.2985,8543.2387,8350.7674,8414.9248,1683
2013-05-30,8410.788,8456.3191,8261.7777,8375.6055,1650
2013-05-31,8464.5937,8723.2915,8276.2617,8696.3867,1340
2013-06-03,8619.8134,8700.527,8485.2902,8497.708,3046
2013-06-04,8510.1225,8737.7771,8396.2957,8603.2539,3028
2013-06-05,8690.1793,9000.6167,8640.5089,8986.1289,2064
2013-06-06,9000.615,9180.6685,8832.9785,8832.9785,2336
2013-06-07,8669.4849,8750.1985,8443.9003,8474.9443,2424
2013-06-10,8379.7407,8522.5416,8373.5314,8485.2891,1386
2013-06-11,8683.9679,8735.7074,8452.1749,8673.6201,1827
2013-06-12,8491.4994,8907.4861,8462.5254,8872.3027,2039
2013-06-13,8913.6919,8950.9444,8508.0539,8553.585,1657
2013-06-14,8561.8655,8779.1716,8508.0567,8731.5713,1479
2013-06-17,8551.5136,8657.0627,8396.2949,8528.748,2331
2013-06-18,8499.7779,8499.7779,8272.1241,8307.3066,1945
2013-06-19,8334.2107,8640.5089,8294.8889,8630.1611,3076
2013-06-20,8861.9566,9290.3603,8851.6088,9234.4814,3820
2013-06-21,9089.6089,9381.4208,9054.4263,9149.627,3478
2013-06-24,9426.9502,9629.7692,9211.7134,9414.5332,4174
2013-06-25,9195.1583,9358.6555,9131.0009,9217.9238,1779
2013-06-26,9037.8686,9097.8867,8895.0677,8942.668,1563
2013-06-27,8777.103,8791.5901,8654.9976,8750.1982,1401
2013-06-28,8861.9546,9023.3818,8719.1537,9023.3818,1654
2013-07-01,8808.1461,8857.8156,8628.0918,8816.4238,1304
2013-07-02,8868.162,9006.8245,8681.9,8899.2061,1812
2013-07-03,9002.6873,9023.3828,8725.3631,8801.9375,794
2013-07-05,8605.3267,8824.702,8528.7516,8545.3086,1564
2013-07-08,8421.1358,8423.2058,8301.1003,8375.6055,1315
2013-07-09,8251.4251,8332.1387,8207.9641,8253.4951,1586
2013-07-10,8232.8004,8309.3755,8164.5046,8261.7744,1426
2013-07-11,7988.5903,8087.931,7945.1293,7982.3818,1570
2013-07-12,7976.1729,8052.7472,7922.3633,7988.5898,809
2013-07-15,7957.5463,7990.6596,7907.876,7940.9893,657
2013-07-16,7943.0585,8048.6069,7930.6407,7992.728,607
2013-07-17,7934.7799,8009.285,7909.9451,7963.7539,543
2013-07-18,7897.5284,7905.807,7773.3538,7833.3711,1653
2013-07-19,7872.6921,7914.0839,7831.3003,7831.3003,720
2013-07-22,7833.3711,7880.9722,7787.8408,7833.3711,526
2013-07-23,7760.9356,7839.58,7748.5179,7796.1182,659
2013-07-24,7746.4513,7909.9486,7740.2428,7837.5127,1211
2013-07-25,7932.7121,7972.0339,7814.7451,7835.4414,1187
2013-07-26,7924.4307,8050.6753,7814.7423,7825.0908,1862
2013-07-29,7880.9702,7932.7098,7833.3691,7866.4824,744
2013-07-30,7787.8422,7934.7825,7760.9374,7854.0688,1236
2013-07-31,7820.9533,7916.1539,7696.7779,7878.9014,2427
2013-08-01,7713.3364,7744.3797,7674.0146,7713.3364,2236
2013-08-02,7769.2147,7806.4673,7661.5963,7663.6655,1668
2013-08-05,7709.1972,7769.2153,7694.7101,7719.5449,845
2013-08-06,7789.9103,7928.5728,7787.8411,7868.5547,1018
2013-08-07,7949.268,7994.7991,7883.0414,7914.0854,1276
2013-08-08,7789.9105,7998.9388,7773.3542,7887.1812,1763
2013-08-09,7926.503,8098.2788,7849.9286,7976.1733,1893
2013-08-12,8083.7926,8096.2096,7953.4087,7986.522,1720
2013-08-13,7943.0604,8098.2791,7843.7205,7930.6426,1284
2013-08-14,7953.4056,8129.3198,7932.7101,8096.2065,1725
2013-08-15,8299.0283,8470.8041,8290.7506,8454.2471,2482
2013-08-16,8477.0119,8539.0992,8394.2291,8489.4297,1461
2013-08-19,8524.6125,8626.0225,8452.1774,8626.0225,1259
2013-08-20,8588.77,8644.6488,8501.8479,8615.6748,1416
2013-08-21,8683.9693,8826.771,8592.9079,8799.8662,2916
2013-08-22,8770.8931,8783.3101,8640.5092,8677.7617,1273
2013-08-23,8636.3697,8731.5704,8563.9347,8599.1172,1260
2013-08-26,8592.9083,8706.7353,8526.6818,8704.666,1778
2013-08-27,8895.0668,9015.1029,8783.3091,8998.5459,2473
2013-08-28,9008.8961,9027.5223,8830.9118,8903.3477,2044
2013-08-29,8903.3434,8938.5259,8735.7069,8866.0908,1389
2013-08-30,8841.2581,9013.033,8841.2581,8921.9717,1618
2013-09-03,8712.9435,8977.8506,8692.248,8890.9277,1940
2013-09-04,8903.3451,8938.5276,8657.065,8698.4561,1532
2013-09-05,8700.5274,8721.223,8605.3268,8702.5967,788
2013-09-06,8603.2566,8938.5288,8553.587,8710.875,1966
2013-09-09,8632.2286,8634.2986,8414.9225,8466.6621,1350
2013-09-10,8301.0962,8359.0443,8241.0781,8241.0781,1780
2013-09-11,8245.2167,8245.2167,8023.7715,8023.7715,1714
2013-09-12,7996.8679,8081.7207,7980.3116,8048.6074,1193
2013-09-13,8001.0078,8013.4256,7928.5728,7934.7812,1115
2013-09-16,7682.2873,7785.7664,7661.5918,7754.7231,2206
2013-09-17,7736.1019,7736.1019,7657.4575,7696.7793,1448
2013-09-18,7709.1964,7783.7015,7427.733,7477.4033,3346
2013-09-19,7454.638,7547.7693,7448.4295,7535.3516,1066
2013-09-20,7531.2125,7775.4233,7508.4469,7775.4233,1767
2013-09-23,7812.6745,7928.5714,7775.4219,7870.6226,2786
2013-09-24,7864.4148,7988.5895,7823.023,7965.8247,1724
2013-09-25,7949.2701,8106.5581,7922.3653,8067.2363,2059
2013-09-26,8034.1223,8061.0271,7893.3906,7986.522,1511
2013-09-27,8083.7913,8170.7134,8073.4428,8098.2783,2402
2013-09-30,8328.0008,8381.8096,8207.9646,8282.4697,4552
2013-10-01,8292.8186,8332.1404,8170.7132,8205.8965,4079
2013-10-02,8315.5844,8431.4813,8280.4011,8299.0273,2902
2013-10-03,8348.6968,8599.1161,8336.279,8510.124,4430
2013-10-04,8505.9858,8551.5169,8361.1156,8377.6719,2252
2013-10-07,8605.3271,8638.4404,8483.2217,8617.7441,2296
2013-10-08,8617.7425,8876.4403,8603.2555,8874.3711,3262
2013-10-09,8853.6767,8977.8521,8735.7105,8818.4941,3800
2013-10-10,8586.6996,8590.8381,8249.3574,8249.3574,4623
2013-10-11,8267.9828,8292.8175,8056.8853,8056.8853,2491
2013-10-14,8218.3133,8228.661,7951.3369,7965.8247,1980
2013-10-15,7998.9393,8181.062,7961.6867,8174.8535,1782
2013-10-16,8027.9148,8040.3318,7829.235,7837.5127,2455
2013-10-17,8050.6782,8063.0952,7825.0936,7835.4414,1959
2013-10-18,7783.7016,7899.5977,7767.1445,7800.2578,1509
2013-10-21,7775.423,7843.7197,7773.3538,7800.2578,934
2013-10-22,7727.824,7765.0765,7607.7877,7692.6406,2396
2013-10-23,7773.3522,7833.3695,7736.0997,7758.8652,1080
2013-10-24,7707.1271,7721.6141,7589.1601,7616.0649,1107
2013-10-25,7601.5782,7613.9959,7535.3516,7535.3516,803
2013-10-28,7551.9081,7580.8821,7489.82,7529.1426,923
2013-10-29,7481.5417,7487.7502,7367.7141,7373.9233,1949
2013-10-30,7334.6016,7520.8644,7315.9753,7456.707,2506
2013-10-31,7491.8919,7562.2577,7409.1082,7539.4922,2112
2013-11-01,7493.9604,7564.3262,7419.4552,7458.7778,1971
2013-11-04,7396.6896,7500.1688,7382.2018,7421.5244,979
2013-11-05,7539.4907,7595.3695,7409.1067,7456.707,1317
2013-11-06,7367.7139,7378.0624,7249.7477,7255.957,2858
2013-11-07,7189.7311,7471.1937,7177.3133,7452.5674,3137
2013-11-08,7479.4727,7485.6812,7216.6355,7218.7056,2445
2013-11-11,7235.2613,7255.9576,7175.2433,7198.0088,790
2013-11-12,7214.5673,7291.1416,7177.3147,7231.1235,1051
2013-11-13,7347.021,7347.021,7123.5057,7125.5757,1436
2013-11-14,7121.435,7144.2005,7028.3036,7038.6514,1767
2013-11-15,7024.1635,7030.3728,6928.9629,6928.9629,1643
2013-11-18,6866.875,6951.7278,6837.901,6899.9883,1995
2013-11-19,6887.5726,6949.6608,6839.9723,6918.6167,1673
2013-11-20,6891.7107,7046.9294,6850.3189,6993.1206,1768
2013-11-21,6931.0341,6937.2426,6846.1813,6854.459,1580
2013-11-22,6850.32,6891.7118,6771.6764,6773.7456,1394
2013-11-25,6719.9351,6790.3009,6719.9351,6759.2568,1887
2013-11-26,6753.0517,6767.5387,6705.4513,6763.3994,826
2013-11-27,6726.1451,6773.7454,6709.5881,6722.0059,1070
2013-11-29,6678.5438,6753.0489,6626.8043,6742.7012,786
2013-12-02,6730.2845,6860.6685,6724.076,6833.7637,1073
2013-12-03,6924.8232,7024.1631,6879.293,6957.9365,3556
2013-12-04,7032.4418,7104.8777,6885.5016,6976.563,2924
2013-12-05,7030.3725,7084.1814,6970.3545,7069.6943,1818
2013-12-06,6881.3632,6935.172,6794.4411,6798.5796,2461
2013-12-09,6779.9529,6800.6492,6748.9097,6782.0229,986
2013-12-10,6837.9028,6858.5983,6790.3025,6850.3198,1273
2013-12-11,6835.8325,7042.7908,6829.624,7024.1646,2622
2013-12-12,7048.9988,7195.939,7017.9548,7142.1294,3003
2013-12-13,7131.7818,7179.3821,7073.8338,7121.4341,2022
2013-12-16,7017.957,7034.514,6885.5038,6949.6611,1982
2013-12-17,6899.9892,7013.8161,6897.92,6960.0073,1093
2013-12-18,6918.6154,7036.5815,6570.9254,6577.1343,4583
2013-12-19,6612.3177,6628.874,6541.9519,6550.23,1325
2013-12-20,6537.8125,6537.8125,6430.1941,6488.1426,1536
2013-12-23,6421.9148,6450.8889,6395.0101,6419.8452,1147
2013-12-24,6407.4297,6407.4297,6343.2727,6351.5513,576
2013-12-26,6301.8816,6301.8816,6204.6109,6210.8198,1520
2013-12-27,6169.4271,6233.5845,6154.9401,6206.6797,1423
2013-12-30,6190.1229,6210.8188,6179.7751,6181.8447,776
2013-12-31,6148.7309,6165.2879,6084.5739,6103.2002,1923
2014-01-02,6163.2175,6268.7662,6142.5216,6237.7222,2127
2014-01-03,6208.7491,6243.9321,6157.0095,6204.6099,1667
2014-01-06,6140.4521,6285.3231,6132.1736,6266.6968,1796
2014-01-07,6171.4968,6192.1927,6105.2702,6140.4531,1839
2014-01-08,6171.4974,6256.3503,6159.08,6208.75,1400
2014-01-09,6138.3835,6303.9499,6138.3835,6223.2363,1618
2014-01-10,6188.0535,6301.8808,6171.4968,6235.6538,1462
2014-01-13,6260.4879,6459.1677,6217.0269,6444.6807,2126
2014-01-14,6388.8022,6432.2632,6301.8797,6306.0186,1952
2014-01-15,6281.1847,6287.3932,6150.8008,6177.7056,1877
2014-01-16,6219.097,6295.6717,6204.6099,6243.9321,1228
2014-01-17,6250.1418,6266.6985,6161.1497,6208.75,1947
2014-01-21,6105.2692,6357.7581,6103.1996,6250.1401,2079
2014-01-22,6248.0713,6337.0634,6248.0713,6287.3931,764
2014-01-23,6407.4285,6560.578,6405.3592,6481.9336,3557
2014-01-24,6612.3184,6868.9463,6585.4136,6862.7378,5648
2014-01-27,6842.0404,7001.3984,6792.3701,6924.8232,5363
2014-01-28,6871.0166,6899.9907,6784.0937,6810.9985,2246
2014-01-29,6984.841,7096.5987,6904.1274,7042.7891,5374
2014-01-30,6887.5718,7015.8865,6825.4844,6908.2681,2800
2014-01-31,7164.8948,7210.4259,6968.2843,7106.9468,4364
2014-02-03,7115.2255,7566.3945,7094.5292,7533.2812,5891
2014-02-04,7469.1244,7570.5343,7382.2015,7446.3589,4714
2014-02-05,7508.4465,7591.2301,7388.4111,7433.9414,4744
2014-02-06,7357.3693,7357.3693,7150.4109,7152.481,4281
2014-02-07,7092.46,7160.7558,6922.7543,6933.1021,4138
2014-02-10,6926.8933,7007.6069,6916.5447,6924.8232,1752
2014-02-11,6889.6427,6902.0597,6620.5967,6670.2666,4381
2014-02-12,6635.0825,6715.7961,6577.1341,6668.1958,3276
2014-02-13,6804.7898,6808.929,6577.1355,6597.8311,4475
2014-02-14,6622.6664,6647.5012,6409.4992,6438.4736,2753
2014-02-18,6423.9842,6490.2108,6417.7753,6461.2363,2898
2014-02-19,6502.629,6583.3426,6347.4103,6564.7163,4990
2014-02-20,6558.5074,6614.3858,6419.8453,6465.376,3404
2014-02-21,6440.542,6496.4204,6378.4543,6479.8638,2660
2014-02-24,6444.6798,6455.028,6246.0001,6357.7573,3080
2014-02-25,6366.0378,6432.2644,6303.9501,6390.8726,2773
2014-02-26,6361.8966,6417.7754,6299.8093,6357.7573,1788
2014-02-27,6370.1771,6403.2904,6266.6979,6268.7676,1729
2014-02-28,6266.6967,6328.784,6123.8954,6200.4697,5796
2014-03-03,6380.5239,6498.4901,6322.5755,6380.5239,6548
2014-03-04,6188.053,6200.4703,6090.7827,6123.896,4648
2014-03-05,6115.6174,6177.7051,6109.4089,6161.1484,3428
2014-03-06,6107.3401,6113.5489,6053.5308,6076.2964,4081
2014-03-07,6005.9303,6107.3398,5987.304,6051.4609,3845
2014-03-10,6082.5041,6177.7051,6070.0867,6084.5737,3045
2014-03-11,6061.8081,6183.9131,6032.8337,6150.7998,1829
2014-03-12,6237.723,6256.3493,6136.3135,6163.2183,4135
2014-03-13,6115.6157,6450.8882,6086.6416,6417.7749,5163
2014-03-14,6457.099,6498.4904,6353.6199,6467.4468,6076
2014-03-17,6376.3851,6378.4547,6225.3056,6258.4189,4577
2014-03-18,6219.0969,6237.7232,6111.4789,6154.9399,4360
2014-03-19,6157.0095,6392.9418,6119.757,6281.1846,4232
2014-03-20,6320.5059,6357.7581,6136.3128,6150.7998,4321
2014-03-21,6096.9915,6200.4707,6018.3476,6194.2622,6833
2014-03-24,6140.4537,6285.3247,6099.0618,6212.8892,6074
2014-03-25,6103.1999,6198.4009,6068.017,6105.2695,5212
2014-03-26,6022.4869,6223.2363,5999.7214,6223.2363,3961
2014-03-27,6227.3752,6310.1584,6179.7749,6229.4448,3566
2014-03-28,6188.053,6223.236,6053.5302,6163.2183,5813
2014-03-31,6068.0176,6072.1569,5981.0951,6001.791,4460
2014-04-01,5956.2596,5966.6073,5887.9634,5927.2852,4123
2014-04-02,5902.4497,5947.9804,5861.0579,5875.5449,4021
2014-04-03,5850.7107,5927.2851,5842.4322,5881.7544,2585
2014-04-04,5811.3884,6070.0862,5807.2491,6034.9033,6988
2014-04-07,6074.2261,6233.5841,6032.8343,6229.4448,6825
2014-04-08,6235.6544,6299.8118,6163.2193,6208.75,4225
2014-04-09,6132.1738,6196.3311,6001.7902,6003.8599,5006
2014-04-10,6010.0683,6316.3664,5985.2331,6301.8794,8859
2014-04-11,6390.8705,6477.793,6314.2962,6461.2363,10331
2014-04-14,6337.0645,6432.2651,6270.8375,6293.603,6134
2014-04-15,6266.6969,6415.7067,6173.5655,6185.9829,9964
2014-04-16,6068.0172,6119.7568,5995.5817,5997.6514,6084
2014-04-17,6018.3456,6057.6678,5962.4668,6005.9282,3596
2014-04-21,5999.7203,6016.277,5954.1896,5972.8159,1300
2014-04-22,5950.0502,5956.2591,5840.3622,5887.9629,3267
2014-04-23,5885.8944,5933.4947,5877.6159,5906.5903,2706
2014-04-24,5869.3379,5958.33,5861.0594,5902.4512,2887
2014-04-25,5974.8866,6086.6439,5962.4688,6051.4609,5015
2014-04-28,5962.4686,6111.4788,5900.3812,5960.3989,6857
2014-04-29,5910.7281,5923.1459,5840.3623,5867.2671,4239
2014-04-30,5881.7548,5885.8941,5805.1801,5819.6675,2254
2014-05-01,5836.2243,5875.5461,5794.8325,5844.5024,2283
2014-05-02,5848.6403,5916.9365,5778.2745,5890.0317,3789
2014-05-05,5979.0252,6034.9041,5848.6417,5871.4072,2937
2014-05-06,5908.6592,6005.9299,5908.6592,5997.6514,2132
2014-05-07,5921.0772,6039.0433,5854.8506,5861.0591,7712
2014-05-08,5856.919,5875.5452,5747.2313,5823.8057,4786
2014-05-09,5832.0852,5875.5462,5780.3456,5784.4849,2991
2014-05-12,5724.4657,5724.4657,5656.1695,5668.5869,3590
2014-05-13,5639.6132,5656.1698,5620.9869,5643.7524,2041
2014-05-14,5641.6848,5759.651,5637.5455,5738.9551,2067
2014-05-15,5774.1369,5956.2605,5765.8588,5898.312,5152
2014-05-16,5898.3105,5941.7715,5846.5709,5852.7798,2324
2014-05-19,5904.5198,5908.6587,5819.667,5836.2236,1547
2014-05-20,5844.5011,6016.2765,5838.2922,5979.0239,2687
2014-05-21,5914.8662,5923.1447,5788.6216,5805.1782,3934
2014-05-22,5794.8329,5842.4332,5763.7892,5782.4155,1711
2014-05-23,5786.5539,5786.5539,5714.1188,5716.1885,1378
2014-05-27,5649.9616,5683.0749,5635.4746,5645.8228,1702
2014-05-28,5641.6833,5701.701,5641.6833,5683.0747,1306
2014-05-29,5649.9609,5693.4224,5616.8477,5616.8477,1361
2014-05-30,5635.4737,5664.4482,5594.0823,5598.2212,1390
2014-06-02,5571.3174,5631.3351,5556.8304,5571.3174,1245
2014-06-03,5602.3607,5616.8478,5573.3867,5589.9434,1000
2014-06-04,5610.639,5637.5434,5567.1775,5575.4561,759
2014-06-05,5542.3422,5600.2903,5463.6978,5476.1152,2457
2014-06-06,5438.8638,5449.2115,5385.0546,5389.1938,1717
2014-06-09,5380.9161,5393.3335,5339.5243,5370.5684,1321
2014-06-10,5380.9148,5407.8193,5360.2189,5362.2886,908
2014-06-11,5420.2377,5480.2554,5420.2377,5457.4902,1458
2014-06-12,5461.6288,5587.8734,5459.5591,5558.8994,2738
2014-06-13,5534.0641,5575.4559,5503.0204,5523.7163,1686
2014-06-16,5552.6908,5569.2475,5490.6035,5513.3687,1220
2014-06-17,5544.4128,5563.0387,5467.8381,5486.4644,1392
2014-06-18,5478.1849,5538.203,5385.0539,5393.332,2246
2014-06-19,5385.0544,5432.6547,5372.6366,5376.7759,1459
2014-06-20,5337.455,5362.2898,5318.8287,5347.8027,1838
2014-06-23,5354.0104,5397.4715,5347.8016,5362.2886,1116
2014-06-24,5382.9858,5484.3953,5327.107,5465.769,2448
2014-06-25,5503.0203,5503.0203,5405.7501,5424.376,1872
2014-06-26,5414.0305,5542.3449,5414.0305,5445.0742,1993
2014-06-27,5476.1162,5515.4384,5428.5159,5436.7944,2263
2014-06-30,5461.6298,5484.3953,5420.2384,5465.769,1888
2014-07-01,5424.3775,5426.4471,5293.9939,5335.3857,2798
2014-07-02,5329.177,5337.4555,5306.4114,5314.6899,1101
2014-07-03,5273.2968,5281.5753,5221.5572,5227.7661,1197
2014-07-07,5267.0892,5298.1328,5258.8106,5271.228,2177
2014-07-08,5296.0616,5401.6104,5296.0616,5368.4971,2413
2014-07-09,5335.3847,5364.3587,5281.5755,5296.0625,2090
2014-07-10,5457.4905,5469.9079,5318.8284,5349.8721,2684
2014-07-11,5372.6367,5411.9589,5329.1757,5333.3149,1761
2014-07-14,5236.0442,5248.462,5198.7921,5227.7661,2237
2014-07-15,5205.0007,5273.2969,5169.8178,5223.627,4370
2014-07-16,5161.5402,5192.5839,5147.0532,5153.2617,2588
2014-07-17,5180.1664,5298.1325,5132.5656,5283.6455,4769
2014-07-18,5236.0443,5256.7402,5159.4699,5178.0962,2780
2014-07-21,5223.6272,5287.7842,5194.6532,5215.3491,1849
2014-07-22,5178.0977,5190.5151,5142.9147,5161.541,1686
2014-07-23,5157.4012,5211.2104,5157.4012,5182.2363,1960
2014-07-24,5171.8864,5211.2086,5153.2601,5190.5127,1621
2014-07-25,5248.4624,5343.663,5244.3231,5304.3408,2989
2014-07-28,5300.201,5378.8449,5260.8788,5281.5747,2579
2014-07-29,5238.1136,5341.5928,5211.2092,5341.5928,2106
2014-07-30,5298.132,5434.7244,5271.2272,5372.6367,4972
2014-07-31,5484.3946,5672.7266,5469.9075,5672.7266,6033
2014-08-01,5726.5358,5805.1798,5652.0307,5745.1621,7960
2014-08-04,5722.3974,5796.9025,5639.6141,5666.5186,4436
2014-08-05,5726.5363,5873.4765,5689.2837,5811.3892,6383
2014-08-06,5863.1288,5871.4074,5728.606,5784.4849,4623
2014-08-07,5716.1877,5896.2412,5712.0485,5863.1279,3675
2014-08-08,5842.4332,5865.1987,5658.2404,5666.5186,4698
2014-08-11,5604.4308,5645.8227,5579.5957,5639.6138,3617
2014-08-12,5670.6575,5695.4927,5616.8483,5645.8228,2102
2014-08-13,5594.0826,5616.8478,5527.8557,5546.4819,2285
2014-08-14,5534.064,5546.4814,5482.3244,5484.394,1959
2014-08-15,5418.1669,5616.8466,5416.0972,5527.8545,5912
2014-08-18,5434.7251,5436.7948,5351.9419,5358.1504,2457
2014-08-19,5300.2017,5329.1757,5262.9491,5273.2969,1553
2014-08-20,5289.8536,5289.8536,5198.7923,5213.2793,2221
2014-08-21,5188.4436,5200.8609,5124.2866,5157.3999,2521
2014-08-22,5169.8182,5205.0011,5132.5656,5184.3052,2297
2014-08-25,5120.1482,5132.5656,5076.6872,5118.0786,2094
2014-08-26,5101.5214,5101.5214,5049.7818,5089.104,1835
2014-08-27,5070.4784,5103.5917,5066.3392,5080.8262,1413
2014-08-28,5132.566,5163.6101,5093.2442,5105.6616,1970
2014-08-29,5091.1743,5149.1224,5084.9654,5091.1743,1232
2014-09-02,5082.8957,5167.7486,5078.7568,5118.0786,1726
2014-09-03,5047.7132,5124.2879,5039.435,5105.6616,1813
2014-09-04,5091.1747,5149.1228,5033.2262,5111.8706,2800
2014-09-05,5124.2883,5167.7494,5055.9921,5060.1313,2364
2014-09-08,5074.6167,5101.5211,5049.7815,5074.6167,1460
2014-09-09,5101.5223,5176.0275,5095.3138,5155.3315,2181
2014-09-10,5155.331,5196.7228,5097.3825,5109.8003,1771
2014-09-11,5180.1674,5180.1674,5116.0101,5124.2886,2026
2014-09-12,5132.5651,5221.5572,5128.4263,5178.0962,2589
2014-09-15,5161.5407,5209.1411,5116.0097,5136.7056,3087
2014-09-16,5176.0262,5176.0262,5012.529,5047.7119,4344
2014-09-17,5024.9469,5084.9646,4966.9984,5020.8076,2978
2014-09-18,4989.7637,4998.0418,4919.3979,4929.7456,2526
2014-09-19,4863.521,4933.8868,4855.2424,4913.1909,2555
2014-09-22,4917.3295,5014.5998,4917.3295,5000.1128,3177
2014-09-23,5045.6432,5105.6613,5008.3911,5097.3828,4446
2014-09-24,5093.2442,5124.2879,4952.5125,4966.9995,3299
2014-09-25,4985.6256,5198.7928,4985.6256,5186.375,6439
2014-09-26,5136.7054,5157.4013,5010.4607,5051.8525,3412
2014-09-29,5184.3047,5202.931,5060.1301,5078.7563,3795
2014-09-30,5068.4092,5126.3576,5012.5303,5101.5225,3549
2014-10-01,5122.2184,5341.5942,5113.9399,5312.6201,6291
2014-10-02,5351.9409,5434.7242,5262.9488,5318.8276,5129
2014-10-03,5198.7923,5250.5319,5101.5217,5120.1479,3567
2014-10-06,5060.1313,5190.5149,5035.2961,5132.5664,3901
2014-10-07,5219.4873,5380.9148,5194.6525,5378.8452,4964
2014-10-08,5382.9857,5432.6556,5099.4526,5116.0093,7154
2014-10-09,5163.6093,5424.3764,5128.4264,5411.959,11148
2014-10-10,5414.0295,5523.7176,5314.6896,5521.6479,14067
2014-10-13,5527.8565,5759.65,5465.7692,5749.3022,12110
2014-10-14,5674.7969,5794.8327,5594.0833,5736.8843,10469
2014-10-15,5947.9815,6241.8623,5867.2678,5931.4248,20084
2014-10-16,6177.7041,6208.7477,5852.7797,5979.0239,17906
2014-10-17,5761.7184,5807.2491,5612.7086,5674.7959,10256
2014-10-20,5788.623,5790.6926,5639.6132,5643.7524,5249
2014-10-21,5567.1773,5596.1517,5416.0979,5424.376,5974
2014-10-22,5389.1946,5573.3874,5380.9161,5565.1089,5141
2014-10-23,5399.5409,5399.5409,5258.8093,5354.0103,7586
2014-10-24,5339.5236,5376.7761,5223.627,5236.0444,4153
2014-10-27,5269.1577,5298.1322,5198.7923,5219.4878,5815
2014-10-28,5153.2621,5188.445,5045.6436,5051.8525,3656
2014-10-29,5018.7389,5142.914,4985.6256,5070.4785,7616
2014-10-30,5047.7117,5047.7117,4844.8927,4873.8667,6943
2014-10-31,4726.9278,4772.4585,4702.0927,4722.7886,5021
2014-11-03,4714.5096,4745.5532,4689.6744,4728.9966,3408
2014-11-04,4749.6927,4797.293,4702.092,4714.5098,3288
2014-11-05,4629.6572,4693.8142,4619.3091,4629.6572,3008
2014-11-06,4613.1001,4654.4915,4557.2213,4569.6387,3095
2014-11-07,4573.7781,4606.8914,4542.7345,4544.8037,2668
2014-11-10,4544.8047,4563.431,4505.4829,4522.0396,2144
2014-11-11,4517.9002,4534.4568,4495.1347,4515.8306,1512
2014-11-12,4569.6394,4569.6394,4495.1343,4511.6909,2416
2014-11-13,4493.0637,4524.1077,4437.1852,4472.3682,3744
2014-11-14,4482.7163,4501.3426,4462.0204,4482.7163,1520
2014-11-17,4507.5523,4509.6219,4451.6734,4474.439,1995
2014-11-18,4474.4383,4474.4383,4404.0724,4439.2554,1990
2014-11-19,4443.3932,4486.8546,4418.5584,4433.0454,3599
2014-11-20,4505.4822,4505.4822,4412.3508,4414.4204,2232
2014-11-21,4281.9668,4379.237,4279.8971,4348.1934,3223
2014-11-24,4325.4287,4354.4031,4310.9417,4335.7769,966
2014-11-25,4313.0104,4356.4715,4310.9408,4331.6367,1869
2014-11-26,4333.7075,4350.2642,4319.2205,4323.3594,1028
2014-11-28,4323.3587,4335.7765,4275.7584,4315.0806,1360
2014-12-01,4360.6111,4393.7244,4325.4282,4352.333,3622
2014-12-02,4348.1931,4348.1931,4267.4795,4284.0361,1996
2014-12-03,4286.1057,4288.1753,4244.7143,4255.062,2496
2014-12-04,4269.5478,4323.3569,4234.3648,4267.4785,2898
2014-12-05,4232.2974,4255.0625,4195.0448,4221.9492,2280
2014-12-08,4259.2008,4325.4274,4215.7397,4281.9663,2926
2014-12-09,4410.2805,4451.6723,4321.2884,4329.5669,3364
2014-12-10,4366.8208,4540.6658,4362.6815,4522.0396,4419
2014-12-11,4474.439,4493.0649,4337.8461,4464.0908,3913
2014-12-12,4565.4998,4700.0227,4490.9951,4685.5356,6409
2014-12-15,4629.6576,4842.8244,4602.7528,4795.2241,7398
2014-12-16,4840.7552,4882.1471,4575.8488,4878.0078,6553
2014-12-17,4838.6839,4855.2406,4594.4735,4637.9346,7387
2014-12-18,4439.2552,4490.9948,4294.3843,4294.3843,6079
2014-12-19,4267.4795,4317.1494,4224.018,4284.0361,3694
2014-12-22,4244.7151,4244.7151,4153.6533,4153.6533,2021
2014-12-23,4118.4697,4135.0264,4085.3564,4118.4697,1917
2014-12-24,4087.4266,4116.4007,4075.0093,4114.3311,524
2014-12-26,4075.0092,4101.9136,4064.661,4101.9136,980
2014-12-29,4126.7485,4126.7485,4087.4264,4110.1919,1098
2014-12-30,4139.1658,4164.001,4122.6092,4147.4443,1631
2014-12-31,4126.7481,4259.2013,4106.0522,4255.062,3437
2015-01-02,4201.252,4323.3574,4163.9999,4257.1309,3011
2015-01-05,4325.429,4503.4133,4308.8724,4478.5781,3618
2015-01-06,4462.0214,4671.0494,4424.7688,4588.2661,6225
2015-01-07,4466.1592,4522.038,4402.0022,4416.4893,3589
2015-01-08,4286.1056,4292.3145,4161.931,4176.418,3843
2015-01-09,4164.0009,4321.2889,4157.792,4279.8975,4621
2015-01-12,4271.6187,4410.2808,4252.9924,4354.4023,3791
2015-01-13,4248.8548,4466.1609,4147.4453,4375.0991,7151
2015-01-14,4563.4307,4637.9358,4468.2301,4513.7607,8192
2015-01-15,4457.8807,4615.1687,4439.2545,4594.4731,6477
2015-01-16,4627.5879,4658.6315,4430.9773,4455.8125,4968
2015-01-20,4406.1419,4569.6387,4383.3763,4437.1855,4188
2015-01-21,4493.0633,4526.177,4375.0972,4402.002,3364
2015-01-22,4354.4019,4464.0895,4190.9047,4211.6006,5216
2015-01-23,4226.0888,4317.1506,4215.7411,4308.8721,3667
2015-01-26,4331.6369,4389.585,4294.3844,4306.8018,2793
2015-01-27,4524.1085,4594.4744,4437.186,4519.9692,6853
2015-01-28,4447.5336,4677.2574,4447.5336,4673.1182,5456
2015-01-29,4633.7954,4722.7875,4476.507,4488.9248,6770
2015-01-30,4546.8735,4693.8141,4484.7862,4673.1182,8294
2015-02-02,4635.8649,4793.1532,4517.8987,4532.3857,9264
2015-02-03,4459.9508,4462.0205,4286.1059,4306.8018,7081
2015-02-04,4329.5672,4333.7065,4201.2529,4277.8276,7555
2015-02-05,4217.8099,4236.4362,4122.6093,4149.5137,5840
2015-02-06,4106.0516,4201.2523,4072.9384,4166.0693,6157
2015-02-09,4221.9493,4259.2019,4170.2097,4228.1582,5186
2015-02-10,4151.5831,4226.0882,4112.2613,4130.8872,3396
2015-02-11,4159.8615,4188.8356,4091.5653,4118.4697,4320
2015-02-12,4077.0783,4095.7046,4031.5472,4037.7561,4546
2015-02-13,4033.6178,4043.966,3992.2264,4004.6438,3598
2015-02-17,4019.1293,4048.1033,3981.8768,3990.1553,2675
2015-02-18,4017.0605,4029.4778,3983.9472,3994.2949,2318
2015-02-19,4035.6873,4062.5917,4000.5043,4019.1306,2105
2015-02-20,4054.3126,4093.6348,3913.5809,3919.7898,5617
2015-02-23,3940.4863,3967.3907,3932.2078,3932.2078,2076
2015-02-24,3925.9971,3932.206,3857.7009,3868.0491,3086
2015-02-25,3876.3295,3888.7473,3851.4948,3861.8425,2561
2015-02-26,3863.9117,3899.0947,3845.2854,3859.7725,2074
2015-02-27,3865.9802,3917.7198,3863.9106,3915.6501,2951
2015-03-02,3897.0248,3897.0248,3816.3112,3818.3809,3046
2015-03-03,3843.2144,3907.3714,3834.9363,3865.98,2899
2015-03-04,3899.0945,3977.7384,3899.0945,3932.2078,2675
2015-03-05,3911.5107,3938.4155,3890.8148,3911.5107,1713
2015-03-06,3973.5998,4106.053,3946.695,4087.4268,6464
2015-03-09,4070.8697,4075.0089,3965.3209,3994.2949,3538
2015-03-10,4089.4956,4199.1836,4079.1474,4199.1836,6454
2015-03-11,4176.4179,4230.2271,4155.722,4219.8789,3379
2015-03-12,4161.932,4161.932,4031.548,4035.6873,4809
2015-03-13,4079.1476,4217.8097,4066.7302,4130.8872,5732
2015-03-16,4077.0786,4081.2175,3967.3906,3975.6687,3154
2015-03-17,4037.7562,4101.9132,4027.4081,4058.4521,3464
2015-03-18,4099.8446,4161.9323,3888.7474,3909.4429,5597
2015-03-19,3946.6947,3996.3646,3925.9988,3975.6687,3350
2015-03-20,3892.8859,3917.7211,3822.52,3863.9119,5072
2015-03-23,3863.9125,3876.3299,3818.3818,3874.2603,3395
2015-03-24,3890.816,3942.5556,3855.6331,3940.4863,4483
2015-03-25,3925.9982,4137.0957,3919.7897,4137.0957,5526
2015-03-26,4188.8348,4232.2962,4106.0516,4164.0,7193
2015-03-27,4180.5573,4199.1836,4126.7481,4139.1655,2757
2015-03-30,4029.4778,4035.6867,3932.2076,3957.0427,5008
2015-03-31,4021.1996,4083.287,3979.8078,4079.1477,4841
2015-04-01,4081.2169,4213.6704,4079.1472,4137.0957,6170
2015-04-02,4139.1654,4157.7917,4054.3126,4093.6348,3020
2015-04-06,4170.2095,4180.5577,3967.3905,4010.8516,5719
2015-04-07,3998.4338,4017.0601,3940.4858,4014.9905,4186
2015-04-08,4004.6425,4048.1036,3942.5548,3996.364,4148
2015-04-09,4006.7117,4046.0335,3938.4155,3954.9722,3438
2015-04-10,3936.3468,3965.3208,3882.5375,3890.8157,2663
2015-04-13,3894.9543,3944.6243,3857.7018,3938.4158,3377
2015-04-14,3940.4863,3990.1562,3878.3985,3901.1641,4741
2015-04-15,3859.7723,3882.5379,3820.4501,3855.6331,4051
2015-04-16,3870.1201,3882.5375,3816.3109,3853.5635,3109
2015-04-17,3950.8349,4083.2881,3940.4871,4033.6182,8650
2015-04-20,3940.4854,3948.7635,3853.5629,3894.9543,6222
2015-04-21,3845.286,3961.1826,3839.0771,3946.6956,4645
2015-04-22,3917.7209,3988.0868,3878.3987,3892.8857,3890
2015-04-23,3934.2781,3942.5562,3824.59,3870.1211,5278
2015-04-24,3861.8419,3905.3033,3841.146,3857.7026,2774
2015-04-27,3799.7544,3894.955,3795.6151,3882.5376,3376
2015-04-28,3870.1205,3965.3211,3830.7983,3839.0764,5466
2015-04-29,3903.2337,3940.4863,3847.3549,3884.6074,6598
2015-04-30,3915.6511,4056.3828,3894.9552,4008.7825,7618
2015-05-01,3938.4175,3954.9741,3886.6779,3897.0256,5131
2015-05-04,3861.8421,3870.1206,3820.4503,3859.7725,4894
2015-05-05,3874.2598,3965.3215,3849.425,3948.7649,7780
2015-05-06,3894.9543,4068.7992,3870.1195,3990.1553,7720
2015-05-07,4008.7832,4023.2702,3903.2344,3936.3477,4771
2015-05-08,3808.0323,3814.2412,3752.1535,3764.5713,14106
2015-05-11,3770.7805,3820.4505,3752.1543,3812.1724,5355
2015-05-12,3872.189,3925.9982,3801.8236,3830.7976,7935
2015-05-13,3822.5187,3849.4235,3787.3358,3834.9365,4164
2015-05-14,3764.5714,3766.641,3710.7622,3716.9707,10846
2015-05-15,3708.6923,3729.3882,3694.2053,3700.4138,4152
2015-05-18,3700.4148,3712.8325,3663.1626,3679.7192,3848
2015-05-19,3669.371,3700.4147,3646.6058,3673.5103,4657
2015-05-20,3654.883,3687.9963,3642.4657,3681.7878,3341
2015-05-21,3687.9972,3702.4842,3663.1624,3677.6494,3045
2015-05-22,3692.1361,3721.1101,3677.6491,3704.5535,3250
2015-05-26,3725.2496,3855.6331,3725.2496,3820.4502,12064
2015-05-27,3793.5451,3814.241,3731.4578,3752.1533,4363
2015-05-28,3776.9885,3801.8237,3760.4319,3760.4319,2453
2015-05-29,3772.8491,3863.9108,3770.7795,3832.8672,5471
2015-06-01,3781.1281,3853.5636,3768.7103,3816.311,3935
2015-06-02,3841.146,3886.6771,3783.198,3839.0764,4634
2015-06-03,3783.1979,3834.9375,3733.528,3793.5457,5641
2015-06-04,3837.0073,3917.7209,3783.1981,3892.8857,7045
2015-06-05,3903.2337,3952.9036,3876.3289,3934.2773,5744
2015-06-08,3940.4859,3992.2255,3932.2074,3986.0166,2864
2015-06-09,3990.1562,4023.2695,3952.9036,3992.2258,4818
2015-06-10,3948.7638,3948.7638,3799.7539,3830.7976,5390
2015-06-11,3791.4764,3812.1723,3756.2934,3799.7549,3010
2015-06-12,3845.2852,3917.7207,3832.8678,3884.6074,5369
2015-06-15,3969.4601,4021.1997,3940.4861,3957.0427,4993
2015-06-16,3961.1827,3971.5309,3874.2602,3886.678,2863
2015-06-17,3851.4948,3928.0691,3822.5203,3861.8425,4106
2015-06-18,3820.4507,3822.5203,3708.6934,3750.0852,8430
2015-06-19,3766.6415,3812.1722,3754.2237,3801.8245,4779
2015-06-22,3735.5972,3754.2234,3704.5535,3745.9453,4924
2015-06-23,3731.4585,3750.0848,3702.4841,3729.3889,3577
2015-06-24,3764.5727,3832.8689,3735.5982,3805.9641,5293
2015-06-25,3787.3368,3886.6771,3787.3368,3884.6074,4886
2015-06-26,3843.2147,3880.4673,3805.9622,3847.354,5021
2015-06-29,3954.9739,4077.0794,3909.4428,4066.7312,9002
2015-06-30,3986.0177,4089.4968,3975.6695,4062.592,6518
2015-07-01,3938.4155,4008.7814,3923.9281,3954.9722,3759
2015-07-02,3932.2076,4002.5735,3907.3725,3975.6687,3695
2015-07-06,4077.0775,4091.5645,3971.5287,3998.4331,4970
2015-07-07,3983.948,4151.5841,3930.1388,3936.3477,8097
2015-07-08,4033.6173,4124.6791,4014.9911,4112.2617,4962
2015-07-09,3954.9736,4093.6356,3936.3473,4087.4268,4704
2015-07-10,3954.9732,3998.4343,3915.651,3942.5554,4625
2015-07-13,3845.2852,3847.3548,3791.476,3795.6152,4127
2015-07-14,3803.8938,3814.242,3737.6672,3754.2239,3132
2015-07-15,3754.2241,3779.0592,3725.25,3750.0852,3139
2015-07-16,3700.4142,3739.7364,3692.1361,3704.5535,3452
2015-07-17,3733.5284,3758.3632,3719.041,3719.041,1975
2015-07-20,3704.5533,3741.8059,3692.1359,3716.9707,2761
2015-07-21,3781.1281,3857.7025,3781.1281,3816.311,5336
2015-07-22,3861.8426,3897.0255,3826.6596,3870.1211,2621
2015-07-23,3863.9121,3963.252,3863.9121,3928.0691,2921
2015-07-24,3942.5551,4066.7301,3938.4162,4054.3127,4462
2015-07-27,4132.9561,4172.2782,4103.982,4132.9561,5013
2015-07-28,4097.7745,4132.9574,3994.2954,4006.7131,4382
2015-07-29,3988.0863,4002.5733,3907.3723,3925.9985,3147
2015-07-30,3944.6248,4002.5733,3919.79,3925.9985,2751
2015-07-31,3894.9552,3977.7385,3894.9552,3963.2515,3129
2015-08-03,3959.1127,4097.7748,3952.9042,4027.4089,4786
2015-08-04,4025.3399,4091.5665,4000.5047,4062.592,3466
2015-08-05,4017.0603,4077.0784,3975.6685,4058.4521,3768
2015-08-06,4043.9643,4172.2782,4037.7555,4132.9561,4080
2015-08-07,4157.7917,4232.2968,4143.3047,4159.8613,4746
2015-08-10,4087.4261,4087.4261,3981.8773,3986.0166,4575
2015-08-11,4106.0524,4168.1398,4081.2173,4130.8872,5508
2015-08-12,4230.2273,4325.4279,4114.3304,4122.6089,8382
2015-08-13,4137.096,4172.2789,4072.939,4118.4697,3733
2015-08-14,4130.8884,4137.0973,4066.7314,4077.0796,3175
2015-08-17,4118.4707,4164.0017,4019.1308,4023.27,3523
2015-08-18,4052.2444,4064.6618,4006.7138,4033.6182,3563
2015-08-19,4120.5389,4199.1832,4035.686,4151.5825,6481
2015-08-20,4265.4109,4410.2814,4242.6453,4406.1426,6650
2015-08-21,4569.6384,4817.9885,4488.9248,4809.71,14044
2015-08-24,5573.3857,6140.4513,4906.9799,5325.0356,20502
2015-08-25,4840.7544,5560.9695,4826.2674,5531.9951,11627
2015-08-26,5132.565,5416.098,4867.6587,4884.2153,9797
2015-08-27,4689.6739,4851.1014,4546.8726,4563.4292,10761
2015-08-28,4621.3789,4646.2141,4532.3868,4555.1523,7396
2015-08-31,4650.3523,4722.7878,4571.7084,4648.2827,6846
2015-09-01,4973.2086,5109.801,4867.6598,5018.7393,8891
2015-09-02,4851.1034,4973.2088,4766.2505,4766.2505,11807
2015-09-03,4700.0216,4795.2226,4592.4036,4755.9004,8025
2015-09-04,4944.2338,5047.7129,4898.7031,4981.4863,8613
2015-09-08,4720.7189,4768.3196,4606.892,4611.0312,9368
2015-09-09,4488.9263,4842.8248,4466.1607,4805.5723,10486
2015-09-10,4832.4765,4851.1028,4644.1445,4743.4844,11373
2015-09-11,4786.9447,4815.9191,4635.8652,4635.8652,7156
2015-09-14,4656.5613,4739.3445,4640.0047,4704.1616,3328
2015-09-15,4666.9078,4687.6037,4468.2281,4507.5503,7347
2015-09-16,4480.6475,4511.6912,4381.3076,4381.3076,6327
2015-09-17,4404.0732,4472.3695,4236.4367,4443.395,12029
2015-09-18,4658.6314,4708.3014,4546.8738,4664.8403,11773
2015-09-21,4588.265,4668.9787,4509.6211,4559.291,8726
2015-09-22,4766.2496,4805.5714,4691.7445,4718.6489,6706
2015-09-23,4712.4399,4820.0583,4687.6048,4745.5532,6297
2015-09-24,4894.5629,4991.8336,4791.0838,4815.9189,9936
2015-09-25,4654.4921,4805.5715,4592.4047,4724.8579,11263
2015-09-28,4813.8504,5014.5998,4803.5022,5000.1128,10082
2015-09-29,4975.2776,5055.9913,4888.3551,4962.8599,10218
2015-09-30,4782.806,4880.0762,4724.8575,4737.2749,10113
2015-10-01,4700.023,4917.3295,4681.3971,4749.6934,7386
2015-10-02,4917.3279,4966.9978,4567.5684,4567.5684,11442
2015-10-05,4482.7171,4484.7867,4296.4547,4308.8721,10061
2015-10-06,4313.0106,4339.9151,4248.8537,4306.8018,6848
2015-10-07,4224.0179,4321.2881,4168.139,4215.7397,9415
2015-10-08,4238.5067,4246.7853,4079.1487,4103.9839,15086
2015-10-09,4093.6351,4122.6092,4058.4522,4079.1477,6419
2015-10-12,4066.7296,4093.6344,4039.8252,4046.0337,3399
2015-10-13,4116.4005,4118.4701,4014.991,4089.4961,7273
2015-10-14,4097.7745,4217.8103,4060.5223,4186.7666,6048
2015-10-15,4164.0018,4184.6973,4027.4089,4027.4089,9584
2015-10-16,4012.9207,4056.3822,3975.6682,3977.7378,4332
2015-10-19,4019.1309,4037.7572,3961.1824,3969.4609,4329
2015-10-20,4002.5747,4025.3402,3944.6262,3971.531,2825
2015-10-21,3936.3476,4019.1308,3907.3731,4004.6438,6308
2015-10-22,3936.3472,3936.3472,3768.7106,3781.1284,10597
2015-10-23,3702.4841,3737.667,3654.8838,3671.4404,8354
2015-10-26,3681.7885,3704.5537,3669.3707,3690.0667,3999
2015-10-27,3733.5277,3739.7362,3683.8574,3716.9707,3738
2015-10-28,3696.2748,3735.5966,3592.7957,3592.7957,9486
2015-10-29,3623.8399,3648.6746,3588.6569,3607.2832,4615
2015-10-30,3590.726,3661.0918,3578.3086,3661.0918,5318
2015-11-02,3644.5355,3644.5355,3549.3345,3557.613,3478
2015-11-03,3580.3792,3580.3792,3468.6219,3505.8745,3725
2015-11-04,3478.9695,3553.4746,3472.761,3528.6394,3320
2015-11-05,3524.5005,3580.379,3491.3872,3528.6394,3634
2015-11-06,3534.8474,3582.4477,3495.5252,3501.7341,6277
2015-11-09,3528.6383,3636.2567,3528.6383,3592.7957,5981
2015-11-10,3621.7697,3638.3264,3570.0302,3574.1694,5231
2015-11-11,3553.474,3615.5613,3547.2651,3607.2832,3463
2015-11-12,3681.7883,3768.7104,3663.1621,3768.7104,8103
2015-11-13,3803.8936,3903.2339,3772.8499,3892.8857,9450
2015-11-16,3921.8594,3932.2071,3731.4578,3737.6663,8041
2015-11-17,3700.4145,3750.0848,3656.9534,3729.3889,5300
2015-11-18,3696.2755,3696.2755,3555.5438,3567.9612,6257
2015-11-19,3592.7964,3594.866,3543.1264,3567.9612,2547
2015-11-20,3501.7345,3530.7086,3452.0646,3512.0823,3931
2015-11-23,3518.2911,3551.4044,3483.1082,3524.5,2736
2015-11-24,3588.6569,3590.7265,3485.1778,3516.2214,3987
2015-11-25,3501.7345,3520.3607,3491.3867,3514.1519,1516
2015-11-27,3518.2911,3547.2651,3499.6648,3516.2214,1021
2015-11-30,3497.5948,3559.6825,3493.4555,3555.5432,2674
2015-12-01,3516.2216,3528.639,3456.2039,3460.3428,3825
2015-12-02,3472.7607,3559.6832,3447.9255,3545.1958,5152
2015-12-03,3520.3605,3729.3884,3518.2908,3698.3447,8650
2015-12-04,3677.6484,3677.6484,3452.0639,3462.4116,9608
2015-12-07,3489.3168,3582.4478,3485.1775,3526.5693,5951
2015-12-08,3621.7696,3671.4396,3557.6127,3617.6304,7082
2015-12-09,3648.6735,3727.3178,3499.6637,3669.3694,9833
2015-12-10,3665.2307,3679.7181,3536.9168,3617.6304,6807
2015-12-11,3760.4334,3826.66,3708.6938,3805.9641,8901
2015-12-14,3785.2671,3888.7463,3725.249,3725.249,9673
2015-12-15,3650.7439,3659.0224,3567.9606,3630.0483,6585
2015-12-16,3555.543,3661.0917,3474.8294,3495.5249,6243
2015-12-17,3470.6906,3644.5356,3464.4818,3644.5356,6237
2015-12-18,3704.553,3878.3979,3700.4137,3878.3979,11363
2015-12-21,3793.5452,3884.607,3770.7797,3791.4756,3577
2015-12-22,3737.6661,3797.6842,3661.0918,3683.8569,3346
2015-12-23,3594.866,3627.9793,3563.8219,3567.9612,4359
2015-12-24,3578.3088,3601.074,3563.8214,3601.074,2259
2015-12-28,3642.4662,3667.301,3605.2136,3605.2136,2575
2015-12-29,3532.7784,3538.9873,3476.8995,3497.5955,5701
2015-12-30,3518.2903,3570.0299,3507.9426,3559.6821,3996
2015-12-31,3599.0036,3669.3694,3567.9599,3669.3694,6397
2016-01-04,3868.0505,3965.3208,3837.0068,3837.0068,8891
2016-01-05,3834.9372,3915.6508,3810.102,3837.0068,4575
2016-01-06,4010.8516,4060.5219,3930.138,3994.2949,7173
2016-01-07,4217.8098,4313.0109,4070.8696,4275.7583,12058
2016-01-08,4201.253,4433.0465,4170.2094,4412.3506,11604
2016-01-11,4346.1244,4503.4128,4313.0111,4373.0288,11080
2016-01-12,4257.1326,4428.908,4213.6716,4271.6196,9806
2016-01-13,4230.2279,4579.9871,4213.6712,4555.1523,22366
2016-01-14,4490.9953,4621.3788,4277.8281,4370.9595,20120
2016-01-15,4712.4411,4786.9459,4602.7531,4671.0493,12763
2016-01-19,4513.7603,4749.693,4493.0644,4646.2139,15648
2016-01-20,4890.4251,5134.636,4743.4849,4855.2422,16106
2016-01-21,4832.4766,4921.4687,4604.8224,4749.6934,18885
2016-01-22,4555.151,4671.0475,4524.1073,4567.5684,8232
2016-01-25,4598.613,4745.5536,4569.639,4739.3447,6660
2016-01-26,4675.1872,4675.1872,4472.3682,4488.9248,9657
2016-01-27,4565.5005,4731.0674,4430.9777,4671.0493,13625
2016-01-28,4555.152,4741.4144,4536.5258,4557.2217,7278
2016-01-29,4468.231,4497.2051,4238.5071,4246.7856,8144
2016-02-01,4315.0819,4356.4733,4192.9764,4246.7856,5214
2016-02-02,4370.9598,4501.3434,4370.9598,4464.0908,5307
2016-02-03,4377.1681,4625.5182,4277.8282,4317.1504,13731
2016-02-04,4348.1952,4368.8911,4192.9764,4246.7856,8002
2016-02-05,4271.6192,4470.2993,4257.1322,4410.2812,6193
2016-02-08,4575.8478,4733.1361,4509.6212,4544.8037,9229
2016-02-09,4702.0916,4702.0916,4451.6723,4551.0122,10269
2016-02-10,4486.8565,4642.0752,4381.3077,4631.7271,8511
2016-02-11,4857.311,4985.6254,4745.5538,4857.311,14783
2016-02-12,4722.7879,4774.5274,4559.291,4559.291,8719
2016-02-16,4412.3509,4503.4127,4360.6113,4370.9595,6748
2016-02-17,4271.6191,4273.6887,4120.5396,4149.5137,7168
2016-02-18,4118.469,4197.1134,4110.1909,4182.626,6123
2016-02-19,4242.6455,4279.8981,4188.8363,4192.9756,5287
2016-02-22,4070.8693,4083.2867,3983.9468,4014.9905,6984
2016-02-23,4043.9657,4174.3492,4035.6871,4153.6533,4656
2016-02-24,4271.6196,4352.3336,4095.7054,4116.4009,7594
2016-02-25,4077.0786,4132.9571,3952.9036,3952.9036,5442
2016-02-26,3880.4682,4000.504,3870.1204,3992.2258,6117
2016-02-29,3988.0868,4077.079,3923.9295,4072.9397,3682
2016-03-01,4014.9911,4027.4085,3814.2416,3822.5198,7698
2016-03-02,3849.4248,3884.6077,3793.5459,3801.8245,5656
2016-03-03,3816.3109,3847.3546,3762.5017,3762.5017,4771
2016-03-04,3752.1534,3793.5452,3683.8572,3725.249,5846
2016-03-07,3766.6416,3768.7108,3661.0928,3677.6494,5440
2016-03-08,3741.8055,3770.7795,3671.4396,3739.7358,6463
2016-03-09,3696.2759,3748.0154,3681.7888,3719.041,5990
2016-03-10,3683.8574,3830.7979,3630.0486,3712.8318,9863
2016-03-11,3621.7703,3625.9096,3567.9611,3570.0308,6646
2016-03-14,3611.4223,3611.4223,3532.7779,3561.752,4084
2016-03-15,3625.909,3630.0482,3547.2646,3549.3342,3808
2016-03-16,3576.2398,3576.2398,3468.6214,3499.665,6340
2016-03-17,3495.525,3520.3602,3377.5589,3408.6025,9043
2016-03-18,3375.49,3379.6293,3325.8201,3336.1682,6971
2016-03-21,3350.6552,3367.2118,3311.333,3327.8896,4291
2016-03-22,3363.0723,3371.3508,3311.3327,3344.446,4829
2016-03-23,3363.0722,3404.464,3348.5851,3389.9766,3513
2016-03-24,3452.0643,3456.2035,3383.7681,3383.7681,5514
2016-03-28,3371.3506,3400.3246,3346.5154,3371.3506,4032
2016-03-29,3412.7417,3433.4376,3313.4018,3315.4714,3835
2016-03-30,3265.8017,3292.7063,3228.5493,3269.9409,6603
2016-03-31,3278.2196,3296.8459,3251.315,3290.637,3087
2016-04-01,3350.6545,3352.7242,3218.2012,3226.4795,6175
2016-04-04,3232.6885,3272.0107,3218.2014,3257.5234,4393
2016-04-05,3321.6804,3342.3763,3267.8714,3332.0286,4879
2016-04-06,3329.9581,3361.0017,3259.5922,3261.6619,5652
2016-04-07,3323.75,3389.9766,3307.1934,3354.7937,6588
2016-04-08,3303.0545,3369.2813,3272.0108,3342.3765,3960
2016-04-11,3300.9846,3352.7244,3249.2451,3350.6548,8868
2016-04-12,3342.3763,3352.7244,3245.106,3259.593,11168
2016-04-13,3207.8536,3209.9232,3147.8357,3156.114,8822
2016-04-14,3151.9746,3164.3921,3120.9309,3145.7659,3986
2016-04-15,3143.6961,3172.6704,3135.4178,3158.1833,3376
2016-04-18,3195.4357,3195.4357,3098.1654,3100.2349,7825
2016-04-19,3085.7483,3110.5833,3050.5654,3077.47,6854
2016-04-20,3079.5394,3087.8177,3017.4518,3052.6348,5385
2016-04-21,3052.635,3116.7921,3044.3567,3102.3049,6739
2016-04-22,3106.4437,3145.7657,3083.6782,3094.0261,4436
2016-04-25,3133.3488,3174.7404,3108.5138,3110.5833,4560
2016-04-26,3096.0967,3129.21,3075.4008,3104.375,2654
2016-04-27,3137.4874,3139.5571,3054.7042,3075.3999,6432
2016-04-28,3125.07,3203.714,3081.6088,3185.0879,6833
2016-04-29,3218.2012,3280.2887,3193.3663,3216.1316,7682
2016-05-02,3197.5056,3216.1319,3141.6269,3149.9053,5914
2016-05-03,3211.9925,3267.8711,3197.5053,3226.4795,6454
2016-05-04,3274.08,3303.0543,3230.6188,3276.1497,7200
2016-05-05,3255.4544,3296.8462,3228.55,3272.0112,7775
2016-05-06,3311.3325,3313.4021,3220.2709,3222.3403,8776
2016-05-09,3222.3405,3261.6627,3197.5055,3240.9668,4851
2016-05-10,3207.8541,3207.8541,3114.7228,3116.7925,8722
2016-05-11,3147.8353,3222.3402,3133.3483,3218.2012,7372
2016-05-12,3193.3663,3267.8712,3174.74,3216.1316,5802
2016-05-13,3240.9665,3327.889,3207.8532,3319.6108,7389
2016-05-16,3317.5413,3317.5413,3191.2966,3216.1316,6993
2016-05-17,3232.6884,3344.4459,3220.271,3309.2629,7581
2016-05-18,3344.4461,3369.2812,3243.0365,3303.0544,10705
2016-05-19,3350.6552,3416.8818,3329.9593,3361.0029,7626
2016-05-20,3323.7496,3334.0977,3276.1493,3315.4714,7313
2016-05-23,3321.6801,3329.9586,3288.567,3319.6108,3216
2016-05-24,3263.7317,3269.9404,3178.8787,3203.7136,9241
2016-05-25,3164.3921,3168.5313,3100.2349,3125.0701,7898
2016-05-26,3114.7225,3145.7662,3102.3049,3135.4182,5352
2016-05-27,3131.2795,3135.4186,3108.5142,3108.5142,4491
2016-05-31,3091.9571,3185.0885,3087.8181,3154.0447,5573
2016-06-01,3195.436,3214.0622,3139.5573,3149.9053,6357
2016-06-02,3176.8099,3193.3666,3120.9311,3123.0007,4573
2016-06-03,3143.6961,3197.5053,3123.0004,3133.3484,6695
2016-06-06,3104.3745,3116.7921,3060.9132,3073.3308,6129
2016-06-07,3062.9823,3067.1213,3034.008,3067.1213,3482
2016-06-08,3052.6353,3056.7746,3025.7307,3034.009,3650
2016-06-09,3069.1912,3075.3999,3029.8692,3044.3562,5587
2016-06-10,3104.3746,3129.2095,3071.2613,3102.3049,9048
2016-06-13,3137.4879,3166.4622,3081.6093,3166.4622,8394
2016-06-14,3187.158,3240.9672,3166.4622,3195.4363,7234
2016-06-15,3172.6708,3220.2713,3145.7662,3207.8538,6304
2016-06-16,3253.385,3307.194,3149.9058,3164.3928,10871
2016-06-17,3162.323,3232.6888,3162.323,3195.4363,6039
2016-06-20,3094.0261,3125.07,3046.4258,3118.8611,6991
2016-06-21,3108.5138,3127.1399,3083.6786,3110.5833,4127
2016-06-22,3100.2349,3141.6268,3065.0522,3139.5571,6499
2016-06-23,3062.9826,3077.4696,3015.3821,3015.3821,9781
2016-06-24,3286.4977,3340.3067,3174.7402,3321.6804,21846
2016-06-27,3398.2548,3514.1513,3396.1852,3466.551,12989
2016-06-28,3367.2116,3406.5333,3305.124,3305.124,8916
2016-06-29,3230.619,3240.967,3139.5575,3143.6965,8508
2016-06-30,3129.2097,3135.4184,3021.5915,3023.6609,12096
2016-07-01,3031.9391,3031.9391,2980.1995,3005.0347,8260
2016-07-05,3042.2872,3089.8877,3038.1481,3065.0527,6157
2016-07-06,3098.1655,3125.0701,3013.3126,3017.4517,9353
2016-07-07,3015.3823,3067.1219,2982.269,3031.939,5971
2016-07-08,2969.8509,2969.8509,2891.2067,2901.5547,11045
2016-07-11,2870.5119,2880.8599,2835.329,2864.3032,6834
2016-07-12,2822.9122,2833.2599,2793.9379,2804.2859,6173
2016-07-13,2793.9367,2820.8413,2785.6584,2796.0063,5964
2016-07-14,2731.8494,2750.4756,2717.3623,2731.8494,7577
2016-07-15,2713.2231,2750.4757,2702.8754,2729.7798,5702
2016-07-18,2729.7799,2735.9888,2709.0842,2719.4321,3556
2016-07-19,2725.6402,2733.9185,2707.0139,2707.0139,3916
2016-07-20,2688.3878,2709.0837,2678.0399,2692.5271,5755
2016-07-21,2698.7366,2744.2674,2692.5279,2723.5715,4611
2016-07-22,2723.5714,2735.989,2698.7365,2702.8757,2139
2016-07-25,2715.2929,2752.5454,2711.1538,2735.9888,3309
2016-07-26,2746.3365,2781.5192,2723.5709,2744.2668,4354
2016-07-27,2715.293,2762.8935,2711.1539,2740.1279,7699
2016-07-28,2758.7537,2789.7973,2738.0578,2750.4753,3386
2016-07-29,2775.311,2787.7286,2744.2673,2760.824,3322
2016-08-01,2760.8236,2796.0065,2746.3366,2773.241,5139
2016-08-02,2773.2409,2845.6764,2773.2409,2816.7021,5404
2016-08-03,2820.842,2827.0507,2793.9374,2798.0767,4470
2016-08-04,2787.7281,2806.3544,2773.2409,2793.9368,3772
2016-08-05,2742.1977,2750.476,2709.0844,2711.1541,6772
2016-08-08,2698.7365,2719.4324,2688.3886,2709.0845,4484
2016-08-09,2704.9443,2717.3619,2684.2486,2707.0139,3322
2016-08-10,2707.0144,2727.7103,2688.3881,2717.3623,3282
2016-08-11,2686.3188,2694.5973,2651.1361,2663.5535,6413
2016-08-12,2673.9009,2696.6663,2665.6226,2680.1096,3565
2016-08-15,2665.6224,2665.6224,2638.7178,2653.2048,4350
2016-08-16,2673.9009,2688.3879,2661.4833,2688.3879,2878
2016-08-17,2690.458,2717.3626,2665.623,2673.9014,5285
2016-08-18,2678.0399,2688.3878,2657.3442,2659.4138,1920
2016-08-19,2684.2484,2702.8747,2663.5525,2678.0396,3813
2016-08-22,2698.7359,2715.2925,2667.6922,2688.3879,3944
2016-08-23,2661.4833,2680.1096,2640.7876,2680.1096,4407
2016-08-24,2692.5269,2721.5009,2682.1789,2707.0139,4354
2016-08-25,2725.6412,2731.8499,2700.8062,2721.502,3149
2016-08-26,2715.2933,2773.2416,2667.693,2746.3372,9886
2016-08-29,2744.2665,2744.2665,2688.3877,2696.666,5183
2016-08-30,2690.4581,2733.9194,2682.1798,2711.1541,3453
2016-08-31,2729.78,2767.0325,2717.3626,2740.1279,4012
2016-09-01,2744.2671,2781.5195,2721.5016,2727.7104,7699
2016-09-02,2690.4581,2717.3628,2669.7622,2702.8757,5362
2016-09-06,2684.2493,2713.2234,2667.6927,2673.9014,4557
2016-09-07,2680.1105,2698.7368,2671.8322,2675.9714,4369
2016-09-08,2707.014,2711.1532,2684.2486,2696.666,4021
2016-09-09,2754.6154,2866.3729,2748.4065,2864.3032,14241
2016-09-12,2918.112,2918.112,2738.0581,2754.615,16364
2016-09-13,2816.7024,2884.9986,2798.0763,2866.3726,14409
2016-09-14,2872.5813,2905.6946,2822.9113,2880.8596,10305
2016-09-15,2880.8591,2893.2764,2779.4496,2800.1453,11300
2016-09-16,2829.12,2864.3029,2820.8416,2841.5374,5781
2016-09-19,2796.007,2853.9553,2775.3111,2839.4683,6174
2016-09-20,2808.4243,2837.3985,2789.798,2833.2593,5306
2016-09-21,2798.0765,2839.4682,2752.5456,2760.824,17556
2016-09-22,2719.4321,2729.7799,2688.3883,2719.4321,7179
2016-09-23,2727.7101,2777.3801,2723.5709,2771.1714,5252
2016-09-26,2814.6331,2853.9551,2810.4938,2845.6768,9520
2016-09-27,2849.8159,2868.4419,2781.5194,2785.6587,7679
2016-09-28,2773.2405,2808.4235,2731.8489,2738.0576,5616
2016-09-29,2752.5455,2845.6767,2723.5713,2822.9114,15377
2016-09-30,2787.7279,2787.7279,2719.4317,2748.4058,10027
2016-10-03,2769.1018,2791.8671,2758.7539,2769.1018,5964
2016-10-04,2762.8931,2831.1894,2742.1972,2808.4238,10185
2016-10-05,2779.4499,2779.4499,2735.9886,2756.6843,7498
2016-10-06,2769.1024,2806.3549,2750.4761,2758.7544,5888
2016-10-07,2742.1973,2812.5632,2740.1277,2773.241,8116
2016-10-10,2727.7103,2735.9886,2698.7361,2731.8494,6316
2016-10-11,2748.4061,2849.8158,2740.1278,2818.772,11734
2016-10-12,2816.7028,2843.6074,2789.7982,2810.4941,6521
2016-10-13,2870.5118,2899.4861,2814.6332,2833.2593,12423
2016-10-14,2783.589,2814.6329,2756.6844,2812.5632,9605
2016-10-17,2818.7717,2849.8156,2802.2151,2843.6067,6613
2016-10-18,2783.59,2820.8425,2773.242,2804.2859,4977
2016-10-19,2787.7289,2798.0769,2760.8243,2781.52,5945
2016-10-20,2796.0062,2814.6325,2758.7537,2800.1453,6663
2016-10-21,2837.3992,2853.9558,2796.0076,2804.2859,7398
2016-10-24,2758.7539,2787.7282,2744.2669,2773.241,6220
2016-10-25,2773.2409,2802.2151,2760.8235,2793.9368,5462
2016-10-26,2835.3289,2847.7465,2762.8936,2783.5894,8012
2016-10-27,2762.8931,2806.3544,2756.6842,2793.9368,6361
2016-10-28,2777.3807,2831.19,2756.6848,2798.0767,13145
2016-10-31,2798.0768,2812.5638,2783.5895,2810.4941,4542
2016-11-01,2796.0068,2901.5555,2796.0068,2856.0247,10763
2016-11-02,2874.6513,2907.7646,2851.8857,2893.2773,11455
2016-11-03,2882.9286,2918.1115,2868.4413,2903.6243,6561
2016-11-04,2913.9722,2928.4592,2876.7197,2920.1809,10961
2016-11-07,2804.2854,2810.4941,2742.1979,2746.3372,11729
2016-11-08,2754.6145,2758.7535,2669.7614,2696.666,14646
2016-11-09,2796.0064,2796.0064,2560.0739,2589.0481,34252
2016-11-10,2545.5872,2568.3526,2469.0127,2493.8477,30065
2016-11-11,2508.3342,2522.8212,2475.2209,2477.2905,16572
2016-11-14,2460.7338,2489.7078,2446.2466,2471.0815,8614
2016-11-15,2475.2212,2493.8475,2448.3166,2450.3862,6368
2016-11-16,2469.0123,2479.36,2454.525,2458.6643,6999
2016-11-17,2464.8732,2473.1516,2448.3166,2450.3862,6884
2016-11-18,2440.0382,2464.8732,2440.0382,2460.7341,4406
2016-11-21,2440.038,2454.5251,2423.4814,2425.551,5726
2016-11-22,2404.8549,2423.4812,2390.3679,2398.6462,5592
2016-11-23,2402.7856,2404.8552,2375.881,2380.0203,7091
2016-11-25,2357.2542,2363.4629,2353.1149,2355.1846,4763
2016-11-28,2367.6028,2380.0204,2355.1854,2367.6028,4893
2016-11-29,2369.6724,2373.8116,2346.907,2353.1157,3057
2016-11-30,2328.281,2351.0464,2315.8635,2351.0464,10915
2016-12-01,2342.7681,2342.7681,2320.0027,2326.2114,11292
2016-12-02,2330.3504,2346.907,2326.2111,2336.5591,8987
2016-12-05,2305.5154,2330.3503,2297.2371,2322.072,5866
2016-12-06,2311.7243,2330.3506,2305.5156,2305.5156,4241
2016-12-07,2311.724,2311.724,2193.7578,2202.0361,15077
2016-12-08,2193.7577,2202.036,2156.5051,2173.0618,13029
2016-12-09,2164.7835,2168.9226,2127.531,2129.6006,10587
2016-12-12,2121.3225,2127.5312,2104.7659,2113.0442,11689
2016-12-13,2090.2784,2096.4871,2061.3042,2077.8608,15002
2016-12-14,2088.2092,2127.5312,2059.235,2113.0442,20218
2016-12-15,2098.5574,2102.6965,2061.3049,2096.4878,10661
2016-12-16,2079.931,2102.6963,2071.6526,2094.418,8239
2016-12-19,2096.4876,2096.4876,2071.6526,2086.1396,5824
2016-12-20,2069.583,2069.583,2050.9567,2055.0959,5812
2016-12-21,2061.3041,2065.4432,2050.9562,2063.3738,7779
2016-12-22,2061.3044,2084.0697,2061.3044,2071.6523,5511
2016-12-23,2077.8614,2077.8614,2067.5134,2067.5134,2490
2016-12-27,2067.5128,2067.5128,2053.0258,2063.3738,3662
2016-12-28,2053.026,2100.6263,2053.026,2098.5569,9165
2016-12-29,2104.7657,2115.1136,2084.0698,2102.696,6059
2016-12-30,2096.4875,2137.8791,2094.4179,2115.1138,8848
2017-01-03,2079.9307,2119.2526,2065.4434,2088.209,9598
2017-01-04,2084.0699,2084.0699,2057.1653,2065.4436,6383
2017-01-05,2071.6522,2102.6959,2061.3042,2075.7913,6707
2017-01-06,2079.9311,2094.4181,2042.6785,2057.1655,8110
2017-01-09,2069.5826,2077.8609,2061.3042,2075.7913,4937
2017-01-10,2084.0699,2094.4179,2057.1653,2090.2788,5103
2017-01-11,2079.9308,2098.557,2050.9565,2059.2349,7322
2017-01-12,2074.757,2116.1489,2074.757,2076.8267,10533
2017-01-13,2070.6172,2091.3129,2058.7172,2082.0,7706
2017-01-17,2096.4872,2114.0786,2079.9305,2097.522,8644
2017-01-18,2097.005,2122.8748,2095.4529,2103.7312,7317
2017-01-19,2102.1794,2143.0535,2095.9705,2123.9099,9064
2017-01-20,2110.9745,2117.1832,2088.2091,2095.4526,12178
2017-01-23,2102.6969,2124.9449,2092.3489,2101.1448,11080
2017-01-24,2100.1093,2106.8355,2056.1308,2069.0657,8086
2017-01-25,2032.3306,2040.0917,2015.2567,2017.8436,13530
2017-01-26,2015.7732,2018.8777,2002.321,2009.0472,10264
2017-01-27,2010.0822,2018.3605,2005.9432,2012.1519,6277
2017-01-30,2038.5388,2078.8956,2034.917,2049.4041,19294
2017-01-31,2071.1346,2105.8002,2065.4432,2083.0347,22473
2017-02-01,2056.1308,2087.1744,2048.887,2074.7568,10344
2017-02-02,2090.2789,2093.3832,2062.8568,2075.2744,11313
2017-02-03,2044.7482,2048.37,2013.7043,2017.3263,14466
2017-02-06,2028.7091,2036.9874,2009.0482,2022.5004,8053
2017-02-07,2005.9429,2017.3257,1991.4559,2013.1864,9628
2017-02-08,2019.3952,2026.1214,2010.0821,2014.2213,7267
2017-02-09,2007.4952,2007.4952,1967.6557,1979.5558,13608
2017-02-10,1960.9301,1966.104,1941.7863,1949.5474,12652
2017-02-13,1932.4731,1932.4731,1898.8425,1909.1904,14873
2017-02-14,1911.7772,1913.3293,1879.1812,1879.6987,12333
2017-02-15,1875.0422,1876.5943,1843.481,1845.5504,15880
2017-02-16,1841.4112,1860.5548,1837.7895,1843.4808,15577
2017-02-17,1868.8336,1868.8336,1843.9986,1844.5161,8645
2017-02-21,1824.8549,1829.5115,1807.2635,1813.4722,14408
2017-02-22,1819.1635,1823.82,1801.572,1802.6068,12698
2017-02-23,1789.6722,1809.3333,1785.0156,1794.8461,19425
2017-02-24,1815.5415,1815.5415,1790.7066,1791.2239,14545
2017-02-27,1796.9153,1798.9849,1779.8414,1784.4979,11580
2017-02-28,1790.1897,1796.3986,1781.9113,1788.1202,11677
2017-03-01,1737.9323,1741.0367,1696.5407,1710.5104,40494
2017-03-02,1708.441,1739.4847,1708.441,1737.4153,19439
2017-03-03,1735.3451,1750.3496,1727.5841,1739.4841,13353
2017-03-06,1761.7324,1761.7324,1742.0713,1748.2802,12381
2017-03-07,1757.076,1762.25,1744.6586,1756.0411,11098
2017-03-08,1748.2805,1775.7024,1746.2109,1771.5634,13388
2017-03-09,1773.6324,1790.189,1759.1454,1770.0106,14766
2017-03-10,1743.106,1777.7716,1743.106,1758.6281,12261
2017-03-13,1757.5933,1771.563,1753.454,1763.2847,7916
2017-03-14,1778.2891,1787.0849,1765.3542,1774.15,11453
2017-03-15,1769.4936,1769.4936,1738.4497,1745.1759,19780
2017-03-16,1730.6885,1759.1452,1730.6885,1751.9017,13555
2017-03-17,1741.5541,1755.5238,1737.415,1753.9717,8458
2017-03-20,1756.0411,1762.25,1745.1758,1758.1107,11445
2017-03-21,1746.2105,1821.2329,1741.0366,1816.0588,31645
2017-03-22,1828.4769,1840.8944,1813.4723,1819.681,35630
2017-03-23,1830.5465,1830.5465,1793.8112,1818.1289,27284
2017-03-24,1810.3675,1854.3461,1805.1935,1835.2025,49802
2017-03-27,1879.1815,1886.9425,1841.4116,1849.6899,25230
2017-03-28,1852.2764,1857.4505,1799.502,1808.2979,23177
2017-03-29,1815.0246,1828.9941,1812.955,1818.6464,12538
2017-03-30,1821.7507,1824.3376,1794.3288,1803.1244,9408
2017-03-31,1810.3682,1819.6811,1803.642,1817.6117,8469
2017-04-03,1812.955,1857.451,1812.4374,1822.7854,22883
2017-04-04,1828.9942,1833.1335,1807.781,1811.9203,15314
2017-04-05,1787.6022,1823.8199,1758.6281,1820.7155,23606
2017-04-06,1820.7159,1830.5466,1794.3288,1817.6117,18013
2017-04-07,1825.8899,1832.0986,1800.5374,1818.6464,17342
2017-04-10,1814.5069,1830.0287,1793.811,1819.1635,15708
2017-04-11,1824.3373,1856.9333,1818.1286,1821.233,23320
2017-04-12,1822.7853,1846.5855,1822.7853,1835.7202,14430
2017-04-13,1848.1375,1872.455,1831.0634,1871.4202,16489
2017-04-17,1862.1077,1862.1077,1821.2333,1824.8551,15589
2017-04-18,1844.5161,1869.8684,1833.6507,1853.3118,15548
2017-04-19,1851.7593,1891.5988,1847.1027,1886.4247,16442
2017-04-20,1870.9026,1877.6288,1821.2327,1836.2372,20292
2017-04-21,1835.2025,1854.346,1828.9936,1841.9285,11969
2017-04-24,1785.0154,1794.3285,1777.7719,1783.9806,16258
2017-04-25,1746.7277,1747.2452,1718.271,1724.4799,17305
2017-04-26,1722.9279,1732.7586,1707.4061,1730.689,20700
2017-04-27,1724.9971,1741.5538,1723.9623,1728.6189,16808
2017-04-28,1730.6885,1743.6234,1730.171,1739.4841,10106
2017-05-01,1734.3107,1750.8674,1732.2411,1744.6587,9372
2017-05-02,1741.554,1749.315,1735.8626,1738.4496,11922
2017-05-03,1748.2803,1757.076,1731.7237,1736.3802,14573
2017-05-04,1728.6195,1763.2851,1728.1022,1737.9326,14420
2017-05-05,1741.5537,1749.8321,1723.9623,1723.9623,6580
2017-05-08,1726.5501,1730.6894,1718.7893,1720.3414,5558
2017-05-09,1717.2361,1738.9668,1712.0623,1728.6189,6917
2017-05-10,1741.5541,1747.2454,1724.9974,1732.7584,8992
2017-05-11,1743.6237,1766.9065,1733.793,1735.8627,13842
2017-05-12,1746.7278,1749.3149,1737.9322,1743.6235,5919
2017-05-15,1736.3804,1736.3804,1717.2366,1722.928,8833
2017-05-16,1713.6145,1733.7929,1708.9579,1721.8928,7973
2017-05-17,1766.3889,1809.8502,1755.5237,1806.7457,25655
2017-05-18,1821.7503,1824.3372,1768.4586,1795.3632,24328
2017-05-19,1782.4284,1788.1198,1744.141,1757.0759,14273
2017-05-22,1741.0365,1743.6235,1730.1711,1734.8276,9298
2017-05-23,1721.3753,1734.8275,1718.7884,1723.9623,9905
2017-05-24,1719.8236,1725.5148,1703.7842,1706.8887,8556
2017-05-25,1691.8841,1694.9884,1681.0189,1687.7449,14898
2017-05-26,1689.2972,1694.9884,1686.1927,1688.7797,6831
2017-05-30,1695.5059,1703.2667,1690.3319,1697.5756,6989
2017-05-31,1694.4712,1719.8236,1693.9539,1702.2322,11463
2017-06-01,1696.5403,1705.3359,1670.153,1671.7053,11198
2017-06-02,1666.5313,1672.2226,1650.492,1656.7008,11630
2017-06-05,1659.8054,1662.9097,1651.0096,1659.8054,5053
2017-06-06,1671.7057,1675.3275,1660.8403,1671.1882,9102
2017-06-07,1662.9098,1675.8447,1657.736,1660.8402,12508
2017-06-08,1664.9795,1669.636,1639.6271,1660.8402,11497
2017-06-09,1649.4574,1664.9793,1630.8312,1641.1791,32411
2017-06-12,1647.3882,1658.771,1637.5576,1647.3882,24536
2017-06-13,1637.5576,1638.075,1623.5879,1626.1749,13003
2017-06-14,1621.0007,1632.9008,1610.1354,1612.205,29545
2017-06-15,1635.4879,1638.0748,1614.792,1618.4138,18655
2017-06-16,1617.8965,1627.727,1610.1356,1610.1356,11880
2017-06-19,1592.0267,1599.7876,1579.0918,1580.6439,10802
2017-06-20,1584.266,1593.0617,1577.5398,1590.9921,13294
2017-06-21,1588.9223,1608.5834,1587.8876,1603.4094,13939
2017-06-22,1603.9266,1609.1006,1595.1309,1608.0658,7438
2017-06-23,1613.2398,1622.5529,1602.8918,1608.0658,6794
2017-06-26,1594.6136,1612.2051,1584.783,1606.5137,10244
2017-06-27,1610.6531,1627.2098,1599.2704,1627.2098,13361
2017-06-28,1609.1008,1609.6182,1590.4745,1597.2007,11886
2017-06-29,1592.0266,1653.5967,1592.0266,1633.9357,24188
2017-06-30,1618.4137,1624.6224,1601.857,1618.9312,14798
2017-07-03,1599.7878,1602.3747,1570.2963,1590.9921,13169
2017-07-05,1585.3004,1604.9615,1584.783,1588.9221,12248
2017-07-06,1598.7528,1625.14,1597.2007,1622.0356,11958
2017-07-07,1610.6529,1614.7921,1598.2354,1600.3051,7261
2017-07-10,1605.9966,1610.1358,1593.579,1599.7878,4092
2017-07-11,1599.2702,1630.8314,1595.6485,1602.892,7925
2017-07-12,1578.5744,1581.6787,1564.0873,1574.9526,11452
2017-07-13,1572.8831,1579.0919,1567.1918,1570.2961,5350
2017-07-14,1570.2964,1576.5051,1542.8744,1552.1875,10481
2017-07-17,1549.6005,1556.844,1547.5309,1554.2571,3938
2017-07-18,1565.6396,1586.3354,1562.5353,1565.1222,6759
2017-07-19,1561.5006,1565.6398,1551.1527,1552.1875,4981
2017-07-20,1546.4959,1564.0874,1545.9785,1555.2916,4711
2017-07-21,1570.8135,1579.6093,1563.0525,1564.6047,4195
2017-07-24,1563.5697,1581.6786,1563.5697,1572.3655,4148
2017-07-25,1542.3569,1563.5701,1542.3569,1556.844,6631
2017-07-26,1538.2175,1541.8393,1528.3871,1536.6654,7189
2017-07-27,1526.3173,1539.7696,1515.9694,1517.5216,12370
2017-07-28,1524.7652,1525.8,1508.2085,1511.3129,10656
2017-07-31,1496.8258,1501.9998,1490.617,1496.8258,11647
2017-08-01,1474.5779,1487.5128,1474.5779,1483.3737,9605
2017-08-02,1476.1302,1481.8215,1468.8866,1474.578,14373
2017-08-03,1474.0604,1477.1648,1466.8169,1471.4735,10156
2017-08-04,1460.608,1470.4386,1458.0211,1459.0559,8469
2017-08-07,1456.9863,1459.5732,1451.8123,1453.882,7517
2017-08-08,1455.9515,1462.6777,1438.3601,1456.9863,12623
2017-08-09,1467.3345,1472.5084,1459.5735,1463.7128,15238
2017-08-10,1476.1302,1500.4478,1474.0606,1500.4478,21377
2017-08-11,1495.2739,1501.4827,1486.9956,1497.3435,12680
2017-08-14,1472.5082,1474.5778,1465.2647,1470.9561,10195
2017-08-15,1460.6082,1474.578,1459.5734,1469.9214,8208
2017-08-16,1459.056,1465.2647,1449.7429,1460.6082,10427
2017-08-17,1473.5432,1516.4871,1470.4389,1516.4871,19856
2017-08-18,1521.1432,1538.7346,1507.6909,1533.5607,19973
2017-08-21,1534.0782,1548.5653,1523.2129,1527.8695,11058
2017-08-22,1512.3476,1514.4173,1482.3387,1485.9604,10450
2017-08-23,1499.4129,1503.0347,1491.1346,1503.0347,8884
2017-08-24,1490.0996,1511.8303,1490.0996,1508.2085,7588
2017-08-25,1494.2388,1500.965,1480.7866,1500.965,10377
2017-08-28,1489.5824,1510.2783,1489.065,1502.5173,4648
2017-08-29,1528.9045,1528.9045,1485.4432,1489.0651,10902
2017-08-30,1484.9259,1493.2042,1477.1649,1483.3737,7452
2017-08-31,1468.8864,1478.1996,1462.6777,1470.9561,9947
2017-09-01,1460.0909,1464.2301,1452.33,1463.7128,7014
2017-09-05,1478.1998,1518.5567,1474.5781,1509.761,18195
2017-09-06,1493.2043,1500.9653,1489.5826,1498.8956,8333
2017-09-07,1495.2737,1509.2434,1487.5128,1502.5173,7338
2017-09-08,1509.2434,1512.3477,1489.065,1499.4128,8030
2017-09-11,1467.8517,1469.4038,1444.0514,1447.1558,11348
2017-09-12,1437.8428,1439.3949,1430.0818,1435.2557,7039
2017-09-13,1435.2558,1437.3254,1426.4601,1427.4949,6784
2017-09-14,1431.6342,1431.6342,1414.5601,1416.6296,8364
2017-09-15,1415.0776,1415.0776,1403.1775,1405.2471,11459
2017-09-18,1396.9685,1401.1077,1388.1728,1392.8293,10903
2017-09-19,1387.6552,1390.2422,1382.4812,1384.0334,5961
2017-09-20,1386.1031,1395.4161,1377.8247,1378.8595,12836
2017-09-21,1378.8595,1388.1726,1377.3073,1388.1726,7194
2017-09-22,1392.8295,1399.0383,1387.1381,1391.7947,6697
2017-09-25,1393.864,1414.5598,1388.1726,1399.5553,8609
2017-09-26,1392.8294,1402.6599,1386.6206,1401.6251,5036
2017-09-27,1386.6207,1407.3166,1386.1033,1391.2772,7330
2017-09-28,1399.5553,1402.1423,1381.4465,1385.5857,5856
2017-09-29,1389.7251,1393.8643,1380.412,1380.412,5553
2017-10-02,1375.2378,1377.3074,1352.4723,1352.9897,9452
2017-10-03,1343.1593,1348.3333,1336.4332,1336.4332,8881
2017-10-04,1339.0203,1339.0203,1329.1899,1333.8464,7192
2017-10-05,1330.2244,1334.3637,1313.1504,1314.1852,9011
2017-10-06,1319.359,1319.8764,1313.1502,1314.7024,8461
2017-10-09,1308.4942,1318.8421,1307.4594,1316.2551,10764
2017-10-10,1306.9416,1313.1503,1299.6981,1303.3198,8023
2017-10-11,1303.3199,1304.3546,1295.559,1296.0763,6258
2017-10-12,1300.2156,1304.8722,1294.0069,1301.7678,8684
2017-10-13,1295.559,1298.6634,1290.9025,1295.0416,6222
2017-10-16,1289.8676,1293.4894,1281.5893,1282.1067,8769
2017-10-17,1280.0372,1282.1068,1274.8632,1276.4154,6147
2017-10-18,1257.7893,1259.3415,1246.4066,1248.9935,17041
2017-10-19,1261.4108,1265.5499,1247.4412,1247.4412,14444
2017-10-20,1231.402,1240.1978,1221.0542,1222.089,13709
2017-10-23,1215.8802,1228.2977,1214.328,1228.2977,13894
2017-10-24,1207.0841,1207.0841,1195.7014,1202.9449,24623
2017-10-25,1200.3579,1231.919,1200.3579,1220.0189,24309
2017-10-26,1208.1192,1210.7061,1200.3583,1208.6366,18211
2017-10-27,1207.6018,1216.3975,1201.9104,1204.4974,15447
2017-10-30,1207.6017,1220.5366,1205.0148,1217.4323,10473
2017-10-31,1212.2581,1219.5016,1208.6364,1212.7755,6617
2017-11-01,1194.1495,1211.2235,1191.0451,1204.4974,12895
2017-11-02,1201.3926,1217.9493,1189.4925,1193.1143,10447
2017-11-03,1187.9405,1197.2536,1186.3884,1190.0101,8091
2017-11-06,1187.9406,1190.5277,1183.2842,1187.4233,3973
2017-11-07,1183.8015,1196.7364,1178.6276,1185.8711,7102
2017-11-08,1188.458,1192.5972,1183.2842,1185.8711,6906
2017-11-09,1199.8406,1220.019,1188.4579,1197.771,23453
2017-11-10,1200.3583,1206.0496,1197.7713,1201.3931,6438
2017-11-13,1214.8452,1214.8452,1196.219,1198.2886,10692
2017-11-14,1208.1189,1224.1581,1202.9449,1203.9797,10109
2017-11-15,1222.0887,1228.8148,1214.3277,1224.6757,11186
2017-11-16,1206.5667,1206.5667,1188.4579,1193.6318,12611
2017-11-17,1202.9452,1209.154,1200.3583,1208.6366,7423
2017-11-20,1205.0146,1208.6363,1193.6318,1197.2535,7258
2017-11-21,1180.6972,1182.2494,1169.8319,1173.9711,13530
2017-11-22,1168.7968,1185.3535,1168.7968,1182.2491,10647
2017-11-24,1178.6274,1178.6274,1171.9012,1178.11,5469
2017-11-27,1176.0406,1179.145,1165.1753,1173.9711,10020
2017-11-28,1164.6578,1165.6926,1133.614,1136.2009,19228
2017-11-29,1122.749,1128.9577,1116.5402,1119.6445,22231
2017-11-30,1104.6398,1106.192,1063.7655,1073.5961,43333
2017-12-01,1069.4569,1117.5747,1064.283,1076.7004,45364
2017-12-04,1042.5523,1068.9395,1035.8262,1068.4221,42019
2017-12-05,1062.2134,1087.0483,1060.1437,1082.9092,26980
2017-12-06,1087.0485,1089.6354,1077.218,1087.5659,14438
2017-12-07,1095.8444,1095.8444,1072.0442,1079.8052,15106
2017-12-08,1067.3872,1076.1829,1062.2133,1062.7307,10725
2017-12-11,1061.1785,1063.7655,1054.4523,1054.9697,10281
2017-12-12,1045.6568,1047.2091,1033.7568,1038.4133,18214
2017-12-13,1037.8959,1037.8959,1019.2697,1028.0654,19628
2017-12-14,1020.8218,1038.4132,1019.2696,1037.3784,16522
2017-12-15,1022.8914,1027.0306,1016.1652,1022.374,16911
2017-12-18,1001.1608,1006.3347,993.9172,1002.7129,14350
2017-12-19,995.987,1013.061,995.987,1007.3696,10209
2017-12-20,998.0562,1015.1303,996.504,1012.0258,12216
2017-12-21,1005.8175,1007.887,997.5392,1005.8175,11139
2017-12-22,1007.887,1014.0958,1006.3349,1008.9218,9389
2017-12-26,1015.4983,1015.4983,1006.6948,1010.3198,6322
2017-12-27,1012.3914,1012.3914,1005.1416,1007.7308,7780
2017-12-28,1001.5162,1005.1411,999.9626,1000.4805,8070
2017-12-29,995.8202,1012.3913,995.8202,1009.8021,13564
2018-01-02,998.4094,1011.8735,996.338,1002.0344,13831
2018-01-03,997.3735,1001.5163,988.0523,989.6058,10853
2018-01-04,978.2133,982.8739,967.3385,971.4813,16794
2018-01-05,964.2312,967.3383,945.5887,947.1423,18616
2018-01-08,945.5891,952.8389,944.5534,948.1783,9539
2018-01-09,940.9281,942.4817,929.5355,935.7496,14345
2018-01-10,941.4463,949.7318,933.6786,937.3035,13483
2018-01-11,932.6426,934.7139,915.0358,916.0715,13402
2018-01-12,903.6435,906.2327,890.6974,891.733,23678
2018-01-16,869.4652,901.0538,861.6974,892.2504,42569
2018-01-17,878.2687,884.483,857.037,859.1085,30648
2018-01-18,859.6262,875.1616,856.0013,867.3939,34041
2018-01-19,868.4297,875.1616,862.7333,863.2512,19280
2018-01-22,871.5366,871.5366,848.2334,848.7513,18614
2018-01-23,850.3049,854.9655,845.1264,848.7513,22589
2018-01-24,838.9126,859.1086,831.1448,843.0554,46850
2018-01-25,832.6982,844.6087,825.4484,831.1447,41188
2018-01-26,827.5198,828.5555,811.4666,811.9844,22591
2018-01-29,816.1271,827.5197,811.9843,827.5197,32395
2018-01-30,851.8588,865.8406,844.091,861.1799,57475
2018-01-31,838.3947,864.2871,835.8054,853.9301,38584
2018-02-01,869.9834,869.9834,838.9127,850.8231,43444
2018-02-02,869.9832,919.1787,868.9476,917.1073,81509
2018-02-05,947.6602,1087.479,916.0716,1039.837,247870
2018-02-06,1104.5682,1116.9965,964.2316,968.3744,207400
2018-02-07,978.2132,985.4632,925.3929,973.0349,174167
2018-02-08,968.3742,1092.6575,967.3385,1092.1396,223941
2018-02-09,1054.8548,1158.942,1017.5697,1042.9442,279361
2018-02-12,1017.052,1032.0696,969.9279,991.1596,132200
2018-02-13,1008.7663,1012.9091,978.2133,985.9811,79775
2018-02-14,1004.1057,1004.6236,951.8031,954.9103,113225
2018-02-15,928.5001,963.7137,917.6252,917.6252,91059
2018-02-16,925.9106,925.9106,892.7685,916.5895,116752
2018-02-20,934.1963,953.3566,920.7322,945.5889,98983
2018-02-21,944.0355,964.7493,909.3397,964.7493,117477
2018-02-22,954.3923,954.9102,921.7679,944.0353,140877
2018-02-23,930.0535,937.3034,904.1611,904.1611,64892
2018-02-26,887.5902,892.2508,859.6265,861.1799,97444
2018-02-27,857.5547,892.2504,852.3762,892.2504,98834
2018-02-28,880.3402,931.6071,872.5725,931.6071,75675
2018-03-01,932.643,997.3739,913.4826,978.2135,184952
2018-03-02,1011.3558,1024.8198,980.2849,988.0526,156131
2018-03-05,1005.6592,1005.6592,935.7498,945.071,89245
2018-03-06,930.5713,965.7849,930.0534,945.071,74700
2018-03-07,980.8025,984.4275,948.696,952.8387,98100
2018-03-08,941.964,964.7492,935.7498,942.9996,70150
2018-03-09,922.2858,928.5,891.7328,893.2864,67639
2018-03-12,886.0365,911.9288,880.3401,908.3039,61448
2018-03-13,895.3579,934.1964,887.5901,928.5001,62164
2018-03-14,914.0004,964.7494,912.9647,955.4282,88484
2018-03-15,944.5532,955.4281,921.2501,942.4819,91536
2018-03-16,940.4106,944.5533,924.3573,936.7856,49222
2018-03-19,947.6602,990.1237,945.071,970.9633,84248
2018-03-20,968.3741,968.3741,948.6958,958.0171,47836
2018-03-21,958.1206,966.9393,928.5522,963.3081,66044
2018-03-22,991.8395,1051.4951,982.5021,1048.3826,124063
2018-03-23,1042.1577,1108.557,1029.1891,1105.4445,149863
2018-03-26,1049.9388,1076.3947,1006.3642,1012.0704,143558
2018-03-27,997.5455,1073.801,980.9457,1054.0886,142261
2018-03-28,1046.3074,1072.7634,1024.5201,1056.1636,108266
2018-03-29,1038.5264,1046.3075,994.9519,1015.1829,82492
2018-04-02,1028.6706,1119.9697,1020.3707,1082.1013,153244
2018-04-03,1066.5386,1078.9885,1027.114,1028.6703,101384
2018-04-04,1095.5883,1096.107,992.8768,998.5831,103955
2018-04-05,983.0209,987.6896,953.9712,968.496,82723
2018-04-06,999.6205,1059.7948,976.7957,1037.4888,141903
2018-04-09,1012.0704,1033.8577,978.8708,1030.7452,66064
2018-04-10,984.0583,998.0644,962.7898,975.2396,111114
2018-04-11,999.1018,1006.3642,980.427,1000.6581,68816
2018-04-12,977.8331,981.9831,952.4146,964.8645,74998
2018-04-13,944.6335,993.9143,944.6335,979.3894,69856
2018-04-16,960.1959,965.9021,942.5586,954.4897,63475
2018-04-17,927.5151,935.8151,921.8089,929.5901,47244
2018-04-18,930.6276,937.8899,924.9213,933.74,36953
2018-04-19,941.5211,956.046,932.7025,942.5587,53231
2018-04-20,945.6712,977.3147,942.04,966.9398,52419
2018-04-23,960.1961,983.0209,958.6399,968.496,53627
2018-04-24,956.5649,1042.6764,954.4898,1019.3329,95853
2018-04-25,1016.2204,1045.2701,1003.7706,1012.5892,73022
2018-04-26,1002.733,1006.8829,972.6458,981.9832,40506
2018-04-27,983.5396,998.5832,978.3522,983.5396,49478
2018-04-30,970.5708,1001.1767,961.7522,1000.6581,45277
2018-05-01,1013.1081,1047.3453,1009.9956,1010.5143,67794
2018-05-02,1013.108,1037.4889,1000.1394,1031.7827,46781
2018-05-03,1047.8638,1084.6946,1024.0015,1032.3014,110625
2018-05-04,1044.7515,1052.0139,980.4271,988.7271,68677
2018-05-07,977.3144,989.7643,963.3083,978.3519,56875
2018-05-08,981.4642,997.5453,971.6081,977.3143,59714
2018-05-09,969.5333,980.9457,949.821,954.4897,51009
2018-05-10,947.2273,948.7836,923.8838,931.1462,51186
2018-05-11,929.59,931.6649,915.0651,918.6963,39348
2018-05-14,910.9151,916.1025,901.059,911.4338,45139
2018-05-15,926.4775,942.0398,923.8837,933.2211,60914
2018-05-16,934.7775,936.8525,921.8089,925.4401,33428
2018-05-17,929.0713,938.9275,915.584,929.5901,38427
2018-05-18,929.0713,935.2963,923.3651,929.5901,25219
2018-05-21,903.6528,904.1716,888.6092,896.3904,55408
2018-05-22,891.2031,917.6591,891.2031,915.5841,34270
2018-05-23,932.1837,934.7775,909.8777,909.8777,45205
2018-05-24,918.1777,942.0399,913.5089,919.7338,49694
2018-05-25,924.4026,932.7025,917.1402,925.4401,28344
2018-05-29,948.7838,982.5022,938.9276,970.0523,68059
2018-05-30,949.8211,956.0461,925.4401,932.1838,62077
2018-05-31,941.0023,967.4583,939.9649,959.1584,63767
2018-06-01,936.8524,943.0774,929.59,935.2963,46311
2018-06-04,918.6963,921.2901,908.3215,913.509,38425
2018-06-05,915.5841,925.4403,910.9154,915.5841,34927
2018-06-06,902.6154,909.3591,877.1969,877.1969,55419
2018-06-07,870.4531,875.6405,858.5219,868.3781,58606
2018-06-08,872.5283,875.6407,858.5222,860.0784,53059
2018-06-11,857.4846,862.672,851.2596,859.0408,34805
2018-06-12,855.4096,867.3407,854.3721,859.0408,26567
2018-06-13,858.0032,873.0468,855.4095,872.528,35323
2018-06-14,861.1158,878.2343,858.522,873.5656,32644
2018-06-15,890.6842,903.6528,878.7531,883.9406,72338
2018-06-18,905.2089,910.915,892.2403,893.7964,36005
2018-06-19,928.5528,939.4465,921.2904,925.9591,62733
2018-06-20,912.6975,933.4998,912.6975,928.8193,36148
2018-06-21,938.1802,958.9824,936.62,953.2618,57275
2018-06-22,937.1403,941.8208,929.3394,940.2606,42988
2018-06-25,957.4223,995.9064,953.782,977.1845,95080
2018-06-26,971.464,978.2247,961.0629,974.0643,70666
2018-06-27,965.2232,994.3464,939.7405,993.8263,85136
2018-06-28,1001.6269,1009.4277,970.4236,980.8247,72866
2018-06-29,965.2233,975.1044,946.5014,974.0643,65523
2018-07-02,997.4667,999.5469,970.4238,971.4639,52856
2018-07-03,957.9425,990.706,955.3423,984.9854,25786
2018-07-05,969.3836,987.5855,963.143,964.7031,65681
2018-07-06,967.3033,973.0238,945.461,952.7417,43866
2018-07-09,938.1802,938.7002,913.2175,914.2576,52247
2018-07-10,905.9369,908.0171,896.5759,899.1763,43375
2018-07-11,918.4182,927.7792,911.6575,922.5786,56477
2018-07-12,904.8967,911.1375,897.616,898.6561,42909
2018-07-13,900.2161,902.8164,886.1747,889.295,33823
2018-07-16,887.2147,893.4554,883.5743,884.6144,24320
2018-07-17,887.2147,892.4152,874.7333,878.3737,23691
2018-07-18,875.7734,880.974,869.0126,870.0527,25705
2018-07-19,879.9341,885.1347,875.2536,883.0544,32177
2018-07-20,891.8955,892.4156,878.374,885.1348,33695
2018-07-23,887.735,892.9356,883.0545,887.215,23639
2018-07-24,874.2134,877.3339,860.692,865.3725,54898
2018-07-25,871.613,878.8938,846.1303,847.6904,52469
2018-07-26,842.4901,842.4901,831.5688,836.7694,47409
2018-07-27,837.8096,852.8911,832.609,844.5703,51705
2018-07-30,843.53,861.732,840.4097,859.1318,52772
2018-07-31,850.2907,852.3709,841.4498,849.2506,41444
2018-08-01,849.2508,862.7722,841.97,858.0917,36477
2018-08-02,873.6933,878.8938,854.4513,858.6117,40763
2018-08-03,859.1318,859.1318,844.0502,844.5703,32550
2018-08-06,847.6905,852.8911,836.7694,840.4098,28355
2018-08-07,829.4885,833.1289,821.6877,828.4484,29202
2018-08-08,828.9685,835.7293,827.9285,833.129,19467
2018-08-09,832.0889,839.8897,827.4084,837.2895,18105
2018-08-10,852.3709,865.8924,850.8108,855.4913,60486
2018-08-13,854.4514,873.1735,850.291,869.0129,52395
2018-08-14,861.732,867.9727,853.9312,859.1318,28144
2018-08-15,871.6132,891.8953,868.4929,871.6132,69563
2018-08-16,845.0903,846.6505,825.3282,828.9686,63139
2018-08-17,833.1289,833.1289,813.3668,819.0874,53638
2018-08-20,813.3668,814.927,807.6462,810.2465,32348
2018-08-21,806.0861,807.6462,798.8053,804.0059,32997
2018-08-22,806.086,814.9269,803.4857,812.3267,27184
2018-08-23,817.5273,824.8081,810.2465,820.1276,36355
2018-08-24,811.8066,815.447,804.0058,807.6462,40973
2018-08-27,793.0845,794.1247,781.1233,781.6433,52908
2018-08-28,774.8827,784.2437,774.8827,782.1635,31403
2018-08-29,781.1234,783.7236,771.2423,774.8827,31256
2018-08-30,781.6434,792.5646,777.483,786.844,45969
2018-08-31,792.0445,797.2451,783.7236,789.4443,46953
2018-09-04,795.685,804.5259,788.9242,790.4844,33592
2018-09-05,797.2451,798.2852,785.8038,788.4041,59764
2018-09-06,786.844,797.2451,779.0431,785.8038,47642
2018-09-07,794.1248,802.9657,785.8038,792.5646,56280
2018-09-10,785.2838,799.3253,783.2036,799.3253,40194
2018-09-11,807.6462,809.2064,784.7637,788.4041,50859
2018-09-12,788.4042,792.5647,772.8025,787.3641,74400
2018-09-13,775.9229,780.6034,769.6822,773.3226,37086
2018-09-14,770.7222,780.6033,767.6019,773.8425,34673
2018-09-17,775.9229,784.2437,770.2023,782.1635,33895
2018-09-18,778.5232,779.5633,758.241,763.9616,57489
2018-09-19,761.3614,761.8814,746.2797,750.4402,73163
2018-09-20,737.4386,737.4386,726.5175,729.6378,72563
2018-09-21,720.277,728.0778,720.277,724.4374,42150
2018-09-24,728.0776,738.9988,727.5576,737.4387,61811
2018-09-25,732.7582,745.7596,732.2381,743.1593,38317
2018-09-26,742.9504,756.5251,734.5968,752.8704,47377
2018-09-27,749.7378,753.9146,738.7737,748.1715,48697
2018-09-28,756.0031,756.0031,742.4285,747.1274,43545
2018-10-01,731.9865,736.1633,724.155,729.8981,70553
2018-10-02,734.5969,734.5969,717.3676,721.0223,68153
2018-10-03,711.6245,720.5002,706.9256,716.8455,57389
2018-10-04,720.5002,745.5611,720.5002,733.0306,103192
2018-10-05,732.5085,760.1799,729.3759,748.6937,79616
2018-10-08,759.1357,767.4893,741.3842,743.9948,73475
2018-10-09,749.2157,758.6135,740.34,749.7378,49394
2018-10-10,752.8705,821.2658,750.7821,818.6553,179056
2018-10-11,833.2741,888.6169,812.9121,873.998,325342
2018-10-12,831.7079,879.2192,830.1416,844.2383,236345
2018-10-15,849.9814,853.636,829.6194,853.636,138638
2018-10-16,831.1857,836.9288,795.6827,798.8154,133727
2018-10-17,808.2133,827.5311,796.7271,806.1249,130056
2018-10-18,816.0448,850.5035,808.2132,836.4067,119203
2018-10-19,829.6194,840.0614,814.4785,830.1415,141811
2018-10-22,823.8763,851.0256,819.1774,842.6719,102045
2018-10-23,884.9621,898.5366,844.2381,855.2022,203809
2018-10-24,850.5035,923.5977,844.7603,918.3766,178959
2018-10-25,900.103,912.1114,860.4233,872.9537,166666
2018-10-26,898.0151,930.9074,881.3077,905.8466,314547
2018-10-29,882.3516,967.9763,866.6886,931.9513,260256
2018-10-30,931.4294,935.6062,879.2192,883.396,273505
2018-10-31,859.9012,864.6002,833.7962,857.2908,179152
2018-11-01,845.8046,859.3792,829.6194,831.1857,111417
2018-11-02,813.9565,861.4677,812.3902,844.2383,172917
2018-11-05,841.1058,842.672,818.6554,822.8322,64216
2018-11-06,821.7879,824.3985,804.5586,806.1249,45098
2018-11-07,786.807,794.6385,752.8704,754.9588,101709
2018-11-08,758.6136,761.7462,744.5168,751.8262,76003
2018-11-09,760.1799,778.4534,758.0915,768.5335,70016
2018-11-12,774.2767,826.4869,772.1883,822.8322,120408
2018-11-13,827.0089,841.6277,811.3458,832.752,123697
2018-11-14,815.0006,867.7329,811.868,852.5919,153969
2018-11-15,863.0339,881.8295,823.8763,830.1415,165605
2018-11-16,840.5836,844.7604,809.2574,818.1332,130273
2018-11-19,823.8763,868.777,821.2657,857.2908,107963
2018-11-20,895.4043,924.642,889.6613,914.2,137589
2018-11-21,899.5809,914.1998,891.2273,913.1556,75331
2018-11-23,931.4294,935.6062,920.9873,934.562,41895
2018-11-26,909.501,913.1557,889.6612,893.838,66186
2018-11-27,908.4568,917.8546,881.3075,881.3075,63367
2018-11-28,863.5561,870.3434,814.4785,814.4785,82838
2018-11-29,817.0889,830.1415,803.5143,817.0889,47633
2018-11-30,821.7877,824.3982,795.1605,799.3373,32927
2018-12-03,754.9589,784.7187,754.4368,770.0999,69891
2018-12-04,778.9754,843.716,774.7986,837.9728,133038
2018-12-06,886.0064,920.4651,849.4594,849.4594,196641
2018-12-07,853.1143,916.8106,834.3186,905.8466,183527
2018-12-10,911.0674,963.2776,893.8381,903.2358,171367
2018-12-11,861.4675,925.6859,860.4233,908.4566,104994
2018-12-12,873.4759,892.2716,857.8129,890.7053,105573
2018-12-13,883.3958,898.0147,868.777,885.4842,75500
2018-12-14,910.023,945.5259,902.1915,937.1723,111569
2018-12-17,955.4458,1013.3991,939.2607,996.1698,149956
2018-12-18,970.587,1007.1341,954.924,986.25,129881
2018-12-19,983.6395,1052.0348,937.6945,1032.1949,196267
2018-12-20,1047.3357,1122.5183,1037.4158,1094.8469,292494
2018-12-21,1085.4492,1160.1097,1037.4159,1155.4108,297973
2018-12-24,1184.6486,1253.0439,1169.5076,1247.3008,132441
2018-12-26,1232.7761,1269.4814,1066.5532,1067.6019,293072
2018-12-27,1112.6967,1154.1214,1032.4694,1032.4694,119808
2018-12-28,1013.0681,1053.4441,999.4347,1040.8594,189183
2018-12-31,1018.3118,1035.6157,1006.7758,1006.7758,93913
2019-01-02,1058.1632,1059.2119,995.2396,1005.7269,94550
2019-01-03,1032.4694,1095.3928,1030.3719,1088.5762,124517
2019-01-04,1043.481,1048.2003,970.0703,982.655,154773
2019-01-07,977.4114,998.9102,950.1446,969.546,58147
2019-01-08,937.0355,964.3023,928.6456,938.6085,83889
2019-01-09,926.0239,939.6573,914.488,928.1214,81008
2019-01-10,941.7548,948.5716,912.3905,914.488,80517
2019-01-11,927.597,937.5598,913.9636,913.9636,55395
2019-01-14,938.6086,941.2305,919.2073,925.4996,42327
2019-01-15,926.0238,927.597,902.9519,907.6711,50491
2019-01-16,898.757,901.3789,881.9774,891.416,48647
2019-01-17,903.4762,903.4762,862.0516,873.0632,58089
2019-01-18,852.0888,863.6247,832.6874,837.4067,93352
2019-01-22,854.1863,884.0749,849.467,866.771,95256
2019-01-23,844.7476,878.8312,836.8822,850.5156,80553
2019-01-24,852.0888,866.771,845.2721,852.6132,45647
2019-01-25,832.6873,840.5528,821.1513,834.2604,64158
2019-01-28,860.4785,876.2094,854.7105,855.7593,61059
2019-01-29,853.6619,858.3812,840.5528,849.9913,42384
2019-01-30,822.2002,829.0169,795.4577,805.9449,101216
2019-01-31,814.8591,821.6758,802.2744,805.4205,49981
2019-02-01,800.177,809.0911,788.641,800.7014,50264
2019-02-04,801.75,810.1398,784.4461,784.9705,33400
2019-02-05,776.0562,780.2511,767.142,769.2394,36569
2019-02-06,772.91,777.6293,766.0933,771.3369,23986
2019-02-07,785.4946,804.8961,775.5318,788.1165,68167
2019-02-08,802.7987,815.3834,794.4088,795.4576,56188
2019-02-11,787.5923,803.8475,786.0192,799.6526,35702
2019-02-12,781.2998,781.8242,760.8497,765.0446,48763
2019-02-13,756.1304,759.2766,746.1675,754.5574,55406
2019-02-14,765.0446,772.91,750.3625,761.8984,61948
2019-02-15,744.0701,744.0701,722.047,722.5713,118319
2019-02-19,727.8149,727.8149,715.2303,720.9982,46959
2019-02-20,720.9982,725.1931,713.1328,715.2302,45873
2019-02-21,720.9981,732.534,717.8519,724.6686,46772
2019-02-22,717.8522,719.4253,707.8893,710.5111,53642
2019-02-25,696.8775,705.2673,692.1583,705.2673,46925
2019-02-26,712.084,715.2302,699.4993,707.3647,43981
2019-02-27,713.6572,722.047,708.4136,713.6572,57933
2019-02-28,714.7058,720.4738,708.9379,719.4251,45255
2019-03-01,703.6943,718.9008,700.0238,708.9379,58872
2019-03-04,700.0237,744.0701,698.975,726.7662,94605
2019-03-05,727.2905,734.6316,722.0469,728.3392,46459
2019-03-06,727.8149,743.0214,725.1931,739.8752,68320
2019-03-07,744.0703,767.6666,743.5459,757.1793,102291
2019-03-08,776.0563,776.5807,757.1792,757.7036,93208
2019-03-11,775.5319,778.6781,739.8752,740.3996,104480
2019-03-12,744.5944,752.4598,738.8264,748.7892,53714
2019-03-13,739.351,747.7408,728.8637,735.1561,72933
2019-03-14,735.6804,742.4971,730.9611,734.1073,39745
2019-03-15,729.388,740.3996,716.2789,723.62,55264
2019-03-18,726.7662,728.8637,716.8034,717.8521,37297
2019-03-19,708.9378,726.2418,702.1211,718.9007,64845
2019-03-20,722.7407,738.5211,716.9546,732.2089,64052
2019-03-21,741.677,741.677,710.6423,714.3243,63453
2019-03-22,726.4227,752.7234,721.6886,752.1973,111222
2019-03-25,754.8274,764.2955,743.7811,751.6713,88044
2019-03-26,733.7869,749.5672,726.9487,739.047,64586
2019-03-27,737.4691,760.0876,730.6309,742.7292,77413
2019-03-28,736.4171,747.4634,732.209,734.313,41714
2019-03-29,721.6886,730.6308,715.3764,716.9545,48911
2019-04-01,700.648,705.3821,688.0237,690.6538,95116
2019-04-02,693.284,700.6481,692.7579,696.44,36559
2019-04-03,689.0759,699.5961,688.0238,693.8099,47120
2019-04-04,692.758,692.758,678.5556,679.6077,80875
2019-04-05,674.3474,681.1856,672.2434,676.4515,37219
2019-04-08,688.0239,691.18,683.2898,684.3419,36855
2019-04-09,693.284,702.2262,693.284,698.0181,40533
2019-04-10,694.336,702.7522,693.81,698.0181,26842
2019-04-11,694.3359,705.9082,692.7579,699.07,25598
2019-04-12,680.6596,686.4458,675.9256,679.0816,48088
2019-04-15,679.0816,685.3938,678.0296,680.6597,23469
2019-04-16,669.0874,679.6077,669.0874,675.9256,31388
2019-04-17,670.1393,680.1336,670.1393,676.4515,32398
2019-04-18,671.1915,675.9256,664.3534,667.5094,50609
2019-04-22,675.3996,675.9256,668.0354,670.6655,25045
2019-04-23,668.0354,671.1915,657.5152,661.1973,37584
2019-04-24,660.6713,665.9314,659.0933,665.4054,24594
2019-04-25,677.5036,686.9718,670.1394,674.8735,41670
2019-04-26,676.4516,680.6597,669.0875,670.1395,32669
2019-04-29,670.1395,671.7176,665.4054,669.6135,36888
2019-04-30,663.8273,679.0817,663.8273,665.9314,31964
2019-05-01,660.6712,679.0816,659.0931,679.0816,35750
2019-05-02,682.2377,698.5441,676.9776,689.0759,60595
2019-05-03,677.5036,683.8157,670.6654,673.8215,37969
2019-05-06,709.0642,710.6422,675.3994,678.5555,76275
2019-05-07,697.4922,728.527,692.7581,715.3766,111289
2019-05-08,716.4286,721.6888,702.7523,715.3766,80966
2019-05-09,730.6309,750.0933,720.1106,723.7927,111020
2019-05-10,731.1568,753.7754,707.4863,713.2725,121198
2019-05-13,756.9314,773.2378,747.4632,765.8737,111497
2019-05-14,757.4575,759.0356,732.2089,745.3593,80727
2019-05-15,760.6135,763.2435,729.5787,736.9429,79388
2019-05-16,726.9487,728.5268,709.0643,717.4805,59009
2019-05-17,734.8388,736.9429,710.1163,725.3706,73419
2019-05-20,737.469,743.2551,726.4227,732.7349,49795
2019-05-21,720.1106,724.8447,714.3244,717.4805,39230
2019-05-22,723.2667,726.4228,716.4286,724.3188,27841
2019-05-23,744.8331,762.1915,744.8331,747.9892,74841
2019-05-24,736.8114,747.8577,733.3924,739.047,287638
2019-05-28,737.3376,761.1396,728.9214,761.1396,115763
2019-05-29,773.8952,797.3028,772.3172,780.6019,213106
2019-05-30,777.1829,786.1251,772.0543,775.8679,200213
2019-05-31,798.4864,809.6641,793.0948,808.6121,149325
2019-06-03,810.1902,822.4199,797.4343,809.5327,154844
2019-06-04,786.6511,788.6237,757.7205,759.0355,136188
2019-06-05,739.047,739.047,739.047,739.047,0
2019-06-06,739.047,739.047,739.047,739.047,0
2019-06-07,716.4285,717.349,694.336,701.9632,90338
2019-06-10,688.1553,696.44,683.5527,696.0455,55713
2019-06-11,682.6322,700.9111,680.7912,696.9661,60144
2019-06-12,697.8866,704.4618,694.073,699.8592,53069
2019-06-13,693.4155,701.4372,689.3389,691.7059,59513
2019-06-14,694.862,701.3057,687.6294,692.8895,47069
2019-06-17,692.495,697.0976,687.6294,692.232,36313
2019-06-18,679.3447,681.5802,658.9617,663.4328,114881
2019-06-19,661.9863,668.0354,656.2001,660.9342,97731
2019-06-20,642.6553,659.0932,639.7622,643.9703,125806
2019-06-21,644.3648,646.8634,632.135,645.4169,92788
2019-06-24,645.1539,645.8114,639.7622,645.4169,60531
2019-06-25,643.6181,659.8871,643.4858,657.9031,139544
2019-06-26,652.7445,659.6224,650.2314,659.0934,104450
2019-06-27,658.4321,665.3101,654.7286,661.2098,75519
2019-06-28,654.5963,661.2097,652.48,655.7867,74700
2019-07-01,636.3433,654.4641,634.227,647.1893,104881
2019-07-02,648.7765,653.5382,641.8986,641.8986,56088
2019-07-03,638.195,638.3272,629.0685,629.0685,37438
2019-07-05,635.9464,645.0729,629.8621,631.7138,58263
2019-07-08,640.9727,644.1472,637.5338,640.1791,36231
2019-07-09,649.5701,650.0992,639.7822,640.9727,37700
2019-07-10,634.8884,639.6501,627.2168,636.4756,57250
2019-07-11,629.4653,632.5074,620.471,620.471,86838
2019-07-12,615.1802,615.9738,603.8052,604.5988,120931
2019-07-15,602.4825,606.8474,602.4825,602.4825,66475
2019-07-16,603.0115,607.1119,599.8371,604.202,80244
2019-07-17,605.3925,612.1381,603.9375,612.1381,63025
2019-07-18,616.5031,621.7938,608.6993,612.2705,99719
2019-07-19,604.0698,616.6353,603.5408,616.1063,59794
2019-07-22,613.9899,620.7356,611.6091,614.3867,72594
2019-07-23,607.3765,612.9318,601.689,603.2762,76519
2019-07-24,610.5509,613.593,606.8474,608.8314,61444
2019-07-25,609.2283,622.7196,609.2283,617.0321,84325
2019-07-26,615.1803,618.8838,612.7995,613.8576,49669
2019-07-29,613.9899,615.3126,608.5669,612.535,38969
2019-07-30,619.9418,622.5872,612.138,613.593,54294
2019-07-31,610.8155,646.6602,608.8314,637.2692,117869
2019-08-01,635.285,659.4901,614.7834,657.1093,198113
2019-08-02,661.3419,681.9758,657.9029,664.9131,171494
2019-08-05,692.8218,737.3962,692.1604,722.9789,193944
2019-08-06,710.2813,723.2436,695.4673,696.3931,156688
2019-08-07,721.7888,743.6131,692.822,698.245,164656
2019-08-08,687.3989,694.2768,665.9714,666.2359,80788
2019-08-09,671.2622,687.5312,663.4583,673.2462,123775
2019-08-12,686.6052,708.5617,681.0499,701.9483,89900
2019-08-13,705.7841,708.8263,660.1515,671.1298,125894
2019-08-14,703.1389,733.9574,698.2449,732.6347,160800
2019-08-15,724.1695,744.4065,718.4819,723.2436,137725
2019-08-16,709.7523,713.5881,693.4833,696.6577,79700
2019-08-19,670.4686,681.0501,669.2782,677.2143,79906
2019-08-20,679.7274,691.367,675.098,690.3088,61788
2019-08-21,672.4526,675.2303,666.236,670.6009,92638
2019-08-22,666.2359,679.1982,657.6385,668.0876,90725
2019-08-23,678.0077,724.963,662.7969,715.4397,193531
2019-08-26,692.6896,707.7682,689.1183,691.896,103438
2019-08-27,680.3886,706.9746,679.7273,702.742,108250
2019-08-28,708.8263,714.5139,681.1822,682.1081,107125
2019-08-29,661.6065,669.4103,651.6863,655.1253,117263
2019-08-30,644.544,659.8871,643.4858,652.4801,84563
2019-09-03,668.0876,683.1662,667.294,672.717,96238
2019-09-04,656.4481,662.7969,653.6704,653.8027,75894
2019-09-05,633.0365,633.5656,618.6192,626.2908,131569
2019-09-06,623.5132,628.2749,617.5611,621.7937,81163
2019-09-09,618.3547,624.0422,614.5189,618.4869,61069
2019-09-10,621.7937,627.4813,614.519,614.519,73475
2019-09-11,612.4027,615.7094,599.0436,599.705,84231
2019-09-12,593.6205,601.0275,587.8007,596.0013,116988
2019-09-13,591.1074,594.4141,589.1234,593.6205,70256
2019-09-16,599.9694,605.2601,596.5304,602.8793,67650
2019-09-17,606.8474,608.4346,600.3662,601.0275,45769
2019-09-18,602.8794,614.2544,596.795,598.2499,56213
2019-09-19,595.3401,603.8053,590.1816,602.3503,58906
2019-09-20,598.7791,613.3286,595.6046,612.4027,76156
2019-09-23,619.4129,620.3388,607.641,611.3445,48131
2019-09-24,604.5988,628.4071,603.2762,620.3388,109269
2019-09-25,617.9464,625.1241,606.7811,609.7053,78113
2019-09-26,607.5784,621.8009,607.5784,615.2878,54313
2019-09-27,610.7685,628.181,607.8442,621.1362,110975
2019-09-30,618.0792,618.0792,608.7747,613.5599,62994
2019-10-01,609.0404,638.8146,605.8504,638.017,97875
2019-10-02,649.5813,681.3492,649.5813,672.9753,153400
2019-10-03,676.9627,699.1604,663.5378,664.0695,165794
2019-10-04,656.7589,658.354,634.6942,636.688,111419
2019-10-07,642.0047,646.7898,630.1748,643.3339,91413
2019-10-08,657.9552,667.3926,646.657,665.5317,134000
2019-10-09,651.4421,659.1515,645.8594,651.575,62963
2019-10-10,654.1005,654.6322,633.0992,640.1439,88444
2019-10-11,620.6045,621.5349,603.4578,618.079,160081
2019-10-14,621.8009,622.9971,613.9586,619.6741,48275
2019-10-15,611.4331,612.8952,596.9448,603.4579,68794
2019-10-16,606.648,609.3064,601.3312,604.6542,49238
2019-10-17,600.6665,607.4455,597.7423,602.6603,67231
2019-10-18,607.5783,620.2057,604.2553,620.2057,63738
2019-10-21,617.1487,621.9338,615.4207,616.7499,46463
2019-10-22,614.7561,619.6741,608.5088,618.7437,66069
2019-10-23,616.75,622.4655,611.9648,616.0853,43425
2019-10-24,611.3003,624.8581,610.7686,618.345,56538
2019-10-25,620.6045,621.1362,603.8566,608.2429,64719
2019-10-28,599.4703,603.458,594.0206,599.6033,50256
2019-10-29,601.73,602.7933,594.4194,598.9387,57069
2019-10-30,599.2046,605.5848,592.0269,593.3561,68194
2019-10-31,595.0839,611.1672,594.1534,602.9261,75363
2019-11-01,592.9572,593.8877,583.2541,583.387,100006
2019-11-04,573.5507,579.0004,572.0886,575.2786,54744
2019-11-05,571.9557,576.2092,569.4303,574.0825,57025
2019-11-06,572.8862,578.8676,571.2911,574.0825,61369
2019-11-07,563.316,563.316,554.1445,560.3917,110300
2019-11-08,559.7272,566.1073,559.4613,560.1259,49706
2019-11-11,567.8353,570.3608,558.1322,559.993,40113
2019-11-12,557.8663,562.7843,554.8091,558.9296,43475
2019-11-13,564.911,565.7085,552.8152,554.5432,61738
2019-11-14,556.0054,560.2589,552.9482,553.8787,37888
2019-11-15,546.3021,548.9605,540.1878,540.1878,72069
2019-11-18,541.3841,542.3145,538.0611,538.3269,47669
2019-11-19,535.6686,546.5681,535.1369,544.5743,48119
2019-11-20,548.296,559.4613,546.701,550.6886,73444
2019-11-21,550.1568,557.0687,549.7581,554.0115,44944
2019-11-22,549.7581,553.214,546.0364,547.7643,49775
2019-11-25,542.3146,542.5805,535.6686,536.2003,45963
2019-11-26,535.0041,536.9979,531.4152,533.0103,44188
2019-11-27,531.9468,534.7381,529.6871,529.8201,33906
2019-11-29,533.8077,536.0673,531.8138,534.7381,26544
2019-12-02,532.3455,551.2202,532.3455,550.1568,67488
2019-12-03,568.1012,578.4689,566.639,567.5695,134844
2019-12-04,558.2651,560.3918,553.6129,558.3979,45525
2019-12-05,553.0811,563.5818,553.0811,556.2711,47094
2019-12-06,544.4412,544.4412,534.871,536.0673,73375
2019-12-09,538.0611,541.9158,536.0674,541.3842,42044
2019-12-10,542.3146,548.4289,539.6562,543.7767,41938
2019-12-11,544.9729,548.4288,541.1182,541.7828,34800
2019-12-12,543.245,545.2388,523.9715,529.1555,112438
2019-12-13,529.6872,534.7382,520.117,528.0922,80256
2019-12-16,523.4399,523.5728,517.1927,523.0411,48613
2019-12-17,522.5095,523.9715,518.1231,521.3132,44438
2019-12-18,519.0536,522.9083,518.7877,522.3766,38519
2019-12-19,520.3828,520.7815,515.5976,515.7305,42881
2019-12-20,510.1479,512.0088,508.0212,511.4771,50381
2019-12-23,505.8944,507.3565,504.9639,506.2931,42975
2019-12-24,505.5195,509.2552,505.5195,508.3213,18881
2019-12-26,506.8535,507.7874,502.9844,502.9844,28331
2019-12-27,498.9819,504.0518,498.9819,501.6502,40388
2019-12-30,501.9171,513.5245,501.7837,511.3898,66269
2019-12-31,515.5257,516.9933,507.3873,508.0544,49306
2020-01-02,501.6502,502.7176,490.0429,490.3097,80869
2020-01-03,506.7202,507.1205,497.7813,501.9172,82700
2020-01-06,512.5905,513.2577,498.1815,498.1815,83450
2020-01-07,501.9171,505.6529,499.649,504.7189,47738
2020-01-08,506.987,508.0543,489.9095,496.3136,96413
2020-01-09,488.5754,491.2438,483.9058,484.9731,91525
2020-01-10,483.6389,494.0455,482.8384,491.7774,83444
2020-01-13,489.109,492.4445,487.7749,488.0417,49219
2020-01-14,488.9756,489.6426,480.7036,486.9743,140794
2020-01-15,488.4419,488.5753,477.1014,481.3708,102075
2020-01-16,475.5004,476.1675,468.6961,469.0964,92256
2020-01-17,465.4941,469.0964,465.0939,466.9617,79275
2020-01-21,471.0977,475.9007,466.8283,473.6326,98056
2020-01-22,470.2972,474.9668,467.7622,473.6326,62163
2020-01-23,479.236,484.8396,473.8993,475.2335,103425
2020-01-24,470.6973,491.2437,469.2297,484.0391,177506
2020-01-27,508.0543,510.5892,499.9158,506.7201,157269
2020-01-28,501.7837,504.3186,491.3772,496.447,132213
2020-01-29,487.2412,496.5805,485.907,496.0468,146419
2020-01-30,504.9857,509.1217,488.8422,489.7761,200156
2020-01-31,498.1813,525.3985,496.8472,521.7963,215794
2020-02-03,514.5918,515.3923,500.1827,513.2576,151138
2020-02-04,492.8447,494.3123,485.5068,490.4432,165988
2020-02-05,477.5016,480.9704,465.3606,466.2945,232650
2020-02-06,461.0913,468.2958,460.2908,461.7584,169125
2020-02-07,467.0951,476.7011,466.6948,474.1662,141569
2020-02-10,479.3696,479.503,465.8943,465.8943,132056
2020-02-11,458.9567,469.2298,458.8233,466.0278,117013
2020-02-12,458.0228,458.423,452.1524,452.686,152588
2020-02-13,459.3569,461.0913,452.4192,456.9554,135769
2020-02-14,456.5552,463.7597,455.7546,458.423,104194
2020-02-18,465.0938,471.4978,461.4915,465.7609,106156
2020-02-19,461.7584,464.0265,457.489,460.4242,92213
2020-02-20,463.3594,479.3695,459.8905,466.8282,167769
2020-02-21,472.6986,482.5715,471.6312,477.635,157806
2020-02-24,523.6641,531.1355,512.1902,527.9335,339856
2020-02-25,521.1291,583.4351,518.1939,578.0984,518394
2020-02-26,570.2269,590.7732,544.6107,585.7034,628269
2020-02-27,617.5902,665.6205,598.378,665.6205,698750
2020-02-28,720.4551,746.8718,683.2316,684.4324,696969
2020-03-02,669.7565,692.8377,587.0376,587.171,546175
2020-03-03,580.6335,651.2115,560.354,638.1365,427075
2020-03-04,592.3742,610.3856,551.0148,551.9487,525169
2020-03-05,592.5077,621.1925,579.0325,609.7186,313306
2020-03-06,664.6867,673.2255,618.9245,627.73,411869
2020-03-09,762.4818,785.4296,714.5848,777.0243,316531
2020-03-10,693.7714,791.1663,661.2176,661.6178,408575
2020-03-11,716.4527,794.3686,704.5785,777.0243,285994
2020-03-12,957.2715,1013.5737,844.4002,1010.5051,463000
2020-03-13,832.3924,998.4973,736.4652,736.5986,545031
2020-03-16,985.8229,1012.373,854.2731,1002.3666,436656
2020-03-17,935.2576,1052.2649,827.1893,850.1371,478675
2020-03-18,1008.3707,1123.777,935.2578,1015.0416,417050
2020-03-19,1032.3857,1120.0411,926.8524,983.9551,415375
2020-03-20,942.3286,1120.708,917.2461,1110.168,433106
2020-03-23,1139.3866,1280.0088,1123.3764,1212.3661,500269
2020-03-24,1030.6511,1030.6511,828.6568,828.7902,732419
2020-03-25,762.0907,822.4596,649.7671,745.5293,1159088
2020-03-26,717.4816,720.9541,601.0177,606.6272,1146813
2020-03-27,669.6674,688.4992,619.3154,673.5406,978281
2020-03-30,666.3285,686.2289,605.4254,611.5691,908775
2020-03-31,620.5175,647.7637,597.1446,643.8904,822819
2020-04-01,719.2181,742.1903,681.2871,727.4988,945350
2020-04-02,739.9198,752.2072,671.2701,681.1536,1007725
2020-04-03,691.8384,730.5707,675.0099,711.071,846800
2020-04-06,625.3257,640.0172,538.2449,553.4706,1146681
2020-04-07,484.554,549.731,480.6808,549.1968,1503875
2020-04-08,530.7656,547.327,486.8245,492.8347,1118919
2020-04-09,469.4618,488.0265,455.8387,474.0028,1364744
2020-04-13,478.9445,511.6666,477.4753,492.5675,1071500
2020-04-14,464.2529,475.4719,452.4997,457.7085,1074531
2020-04-15,489.4957,499.5127,475.4719,483.4855,1098625
2020-04-16,480.6808,502.1839,467.3249,482.0164,1167569
2020-04-17,443.9519,463.9859,436.4726,439.2773,988350
2020-04-20,463.0508,471.7322,445.2874,470.1295,1205300
2020-04-21,500.8482,512.6014,489.0949,507.6597,1355619
2020-04-22,480.1466,486.8245,468.3933,477.6089,859438
2020-04-23,473.3349,477.2081,452.4996,475.4718,1107338
2020-04-24,467.0577,480.9478,456.1058,458.9106,840213
2020-04-27,451.6983,455.3044,433.8013,438.743,730975
2020-04-28,418.9762,444.219,418.0413,439.4109,1006788
2020-04-29,415.9043,421.1132,403.884,411.0962,1113631
2020-04-30,422.4488,433.2671,416.9728,425.9213,760863
2020-05-01,446.8902,462.116,442.0821,457.3079,852925
2020-05-04,470.9309,479.2116,455.1709,456.3729,787000
2020-05-05,442.082,449.6949,432.3322,448.76,668538
2020-05-06,440.613,461.3147,439.4109,460.5133,874356
2020-05-07,446.0888,450.2291,434.7362,447.1573,919538
2020-05-08,428.5925,434.4691,420.4454,421.6474,881388
2020-05-11,432.065,435.2705,419.7776,426.7227,721063
2020-05-12,420.1782,451.0305,418.3084,451.0305,875613
2020-05-13,457.0407,490.6977,453.8352,479.7458,1353700
2020-05-14,495.9066,508.5947,456.1058,456.1058,1604431
2020-05-15,468.6603,472.8007,450.6298,452.7668,976625
2020-05-18,414.5688,415.5037,394.0006,400.9457,1078138
2020-05-19,402.6819,419.2433,399.8772,419.2433,830050
2020-05-20,402.2813,405.6203,395.8704,400.2779,792050
2020-05-21,401.2128,409.4935,392.3979,403.6169,1080456
2020-05-22,404.4183,412.8325,403.2162,404.0176,722381
2020-05-26,374.768,379.4426,369.0249,377.3056,1004956
2020-05-27,361.9463,377.5728,352.7307,352.7307,1255738
2020-05-28,343.7822,360.4771,343.248,358.2066,913969
2020-05-29,362.7476,373.9667,354.0663,359.4087,1247531
2020-06-01,360.8779,365.5525,353.265,354.467,630400
2020-06-02,349.3917,352.8642,343.6486,343.6486,802750
2020-06-03,333.8988,336.57,319.3408,322.2791,987431
2020-06-04,325.6181,328.9571,317.7381,321.6113,761094
2020-06-05,295.9679,297.9713,283.0127,291.5605,1456900
2020-06-08,287.153,287.153,276.2011,276.7353,836450
2020-06-09,285.2832,288.6222,279.9408,284.4819,793606
2020-06-10,285.2832,295.5672,282.3449,293.6974,1005369
2020-06-11,322.8134,356.4704,316.6696,353.7992,1947188
2020-06-12,324.5496,356.6039,318.9401,334.7002,1899531
2020-06-15,359.6758,364.2168,322.8133,327.3544,1285956
2020-06-16,295.033,326.5531,294.8994,307.1869,1433450
2020-06-17,304.5158,315.8683,303.9815,313.5978,808319
2020-06-18,320.6764,323.7483,312.3957,315.2005,890700
2020-06-19,302.6459,326.5531,301.8446,322.947,1227500
2020-06-22,325.4846,330.1591,315.4676,317.0703,777063
2020-06-23,307.8547,313.8648,306.1184,311.5943,834250
2020-06-24,320.4093,342.8473,319.0737,336.57,1510694
2020-06-25,342.046,346.8541,324.2826,325.3511,1098325
2020-06-26,332.029,354.8677,330.5599,352.5972,1301619
2020-06-29,344.9842,349.7924,328.2893,328.5564,1142800
2020-06-30,331.6282,333.2309,316.536,321.077,782013
2020-07-01,317.471,323.7483,312.2622,323.0805,753375
2020-07-02,308.7897,321.0772,304.7829,318.8067,988244
2020-07-06,305.1835,309.8581,301.3103,302.2452,970488
2020-07-07,308.6561,316.5361,305.7177,315.2005,805688
2020-07-08,313.1971,318.5395,307.7211,308.9232,673388
2020-07-09,308.9231,328.5564,307.9882,321.6113,1090925
2020-07-10,322.4126,324.6831,306.9197,307.9882,849481
2020-07-13,300.5089,309.0567,288.0879,307.0533,1439775
2020-07-14,309.1903,310.9266,286.2181,288.2215,1261675
2020-07-15,274.999,286.3516,274.999,280.2078,946619
2020-07-16,285.8175,289.5572,280.208,284.4819,615894
2020-07-17,282.4784,288.2215,282.3449,286.2181,468613
2020-07-20,287.5536,291.9611,283.4133,286.4852,473756
2020-07-21,279.5401,283.4133,275.1326,281.2764,594131
2020-07-22,282.8791,282.8791,274.8655,275.5333,546631
2020-07-23,277.2696,289.4235,276.7354,286.2181,872494
2020-07-24,291.2933,294.6323,287.2865,292.0947,711781
2020-07-27,291.9611,293.831,287.153,288.2215,413581
2020-07-28,291.694,295.8344,289.4235,295.1666,499294
2020-07-29,293.8309,295.4336,287.6872,289.6906,412150
2020-07-30,299.574,307.9883,295.1666,296.9028,685594
2020-07-31,295.033,307.454,292.8961,292.8961,733263
2020-08-03,289.1564,289.9577,284.0811,285.4167,446775
2020-08-04,286.4852,287.6872,279.8072,279.8072,401644
2020-08-05,274.999,275.3997,267.9203,268.8552,608888
2020-08-06,269.5231,269.9238,262.7116,262.8452,495169
2020-08-07,264.715,267.2526,260.3075,260.7082,617463
2020-08-10,258.4377,258.4377,250.4241,250.5577,614338
2020-08-11,243.0783,255.3658,241.0749,253.3624,924850
2020-08-12,246.0166,249.2221,243.6126,245.4824,567388
2020-08-13,248.02,250.2905,245.0817,247.0851,451875
2020-08-14,250.2905,251.2255,245.0817,246.2838,422000
2020-08-17,245.2153,249.6228,244.9482,248.2872,199719
2020-08-18,247.8865,253.2289,247.2187,250.4241,326700
2020-08-19,249.2221,253.7632,246.2838,252.6947,329381
2020-08-20,256.4343,256.9685,250.0234,250.9584,349681
2020-08-21,251.7598,252.294,244.9482,245.2153,387400
2020-08-24,239.3387,242.5441,235.1983,235.1983,423125
2020-08-25,233.0614,240.8078,232.9278,236.801,342019
2020-08-26,236.6674,239.4722,234.2634,235.0647,227588
2020-08-27,232.1265,234.1299,227.3183,230.9245,582781
2020-08-28,227.8525,230.9244,224.7807,226.2498,450850
2020-08-31,227.719,233.4621,227.3183,232.6607,319950
2020-09-01,233.8627,235.3319,225.9827,226.1163,489269
2020-09-02,222.9109,224.38,213.9624,215.6987,657881
2020-09-03,216.6335,238.2702,213.161,233.0614,1221206
2020-09-04,229.3217,248.955,227.0512,237.0682,1103181
2020-09-08,244.9482,254.1638,244.6811,252.8282,807238
2020-09-09,245.883,247.6193,233.462,240.6742,571731
2020-09-10,237.6024,253.7631,234.9312,251.359,659694
2020-09-11,248.0201,253.6296,243.2119,247.4858,748106
2020-09-14,242.6776,243.479,236.1332,238.5373,354569
2020-09-15,233.462,240.2736,232.3936,238.2702,271250
2020-09-16,235.8661,237.8695,228.921,237.6024,463325
2020-09-17,245.6159,247.3522,236.9345,240.6742,601231
2020-09-18,240.4072,251.6262,239.6058,247.3523,454094
2020-09-21,260.3075,272.4614,258.7048,261.1089,677081
2020-09-22,259.7733,265.5164,255.4994,256.9686,426038
2020-09-23,252.9617,272.9957,251.7597,271.6601,556538
2020-09-24,273.797,278.6052,261.5096,269.6567,695700
2020-09-25,273.797,275.6669,257.1021,258.8383,536869
2020-09-28,248.6878,250.4241,243.479,247.2187,507213
2020-09-29,247.7529,254.0302,246.818,251.2255,354706
2020-09-30,249.4892,249.4892,235.1983,242.0099,884100
2020-10-01,237.6024,244.8146,234.9312,240.6742,542000
2020-10-02,251.2255,252.6947,239.7394,244.1469,1136488
2020-10-05,238.938,239.2051,231.5922,231.9929,436944
2020-10-06,229.1881,242.277,226.7841,241.4756,856119
2020-10-07,234.7976,234.7976,225.7156,227.4519,577163
2020-10-08,223.8458,228.2532,223.3115,224.38,397088
2020-10-09,221.4417,223.9794,218.2363,220.2397,415044
2020-10-12,217.9692,218.637,211.8254,214.363,389738
2020-10-13,216.0993,219.9725,215.298,218.1027,330375
2020-10-14,217.3014,223.178,215.5651,221.7088,360331
2020-10-15,229.3217,230.123,221.3081,222.1095,477700
2020-10-16,219.1712,219.839,214.0959,219.4383,404481
2020-10-19,218.1027,230.5237,217.1678,228.921,473894
2020-10-20,226.2498,228.1197,219.839,226.2498,506900
2020-10-21,227.5854,229.1881,222.9108,228.921,408269
2020-10-22,228.6539,232.9278,223.5787,224.38,366438
2020-10-23,223.0444,229.8559,222.6437,225.0478,323188
2020-10-26,232.9279,248.4208,232.3936,240.4072,660913
2020-10-27,240.5407,246.818,240.2736,246.4174,544744
2020-10-28,262.0438,272.595,257.2356,271.6601,926744
2020-10-29,272.3279,279.5401,260.7082,268.1876,765088
2020-10-30,272.7286,283.5469,268.7218,272.1943,932444
2020-11-02,260.441,266.5848,255.6329,259.6397,732919
2020-11-03,249.6228,250.9584,238.6709,243.6126,1102381
2020-11-04,240.6743,241.4756,221.4417,233.1949,1184019
2020-11-05,223.7122,224.6471,217.3014,219.839,1085438
2020-11-06,219.7054,224.6471,218.637,221.1746,696619
2020-11-09,185.3806,202.4763,183.6444,201.2742,1869088
2020-11-10,199.2708,202.0756,194.8634,195.7983,1221356
2020-11-11,192.5929,198.8702,192.4593,196.3325,646963
2020-11-12,200.2058,206.3495,198.0688,202.7434,880656
2020-11-13,198.603,199.8051,192.4593,193.7949,939619
2020-11-16,186.0484,189.2538,184.5793,184.7128,886956
2020-11-17,189.1203,192.5928,186.0484,187.384,747900
2020-11-18,185.9149,194.062,184.8464,193.9284,731563
2020-11-19,195.6647,197.9352,192.1922,192.9935,678200
2020-11-20,194.062,198.0688,193.2606,197.2674,561006
2020-11-23,193.6613,195.3976,188.9867,190.3223,661181
2020-11-24,184.7128,185.9149,180.4389,181.641,1009956
2020-11-25,182.843,186.0484,182.5759,184.7128,541788
2020-11-27,183.5108,185.7813,182.0416,184.045,249950
2020-11-30,186.9834,192.1922,186.4491,188.7197,577781
2020-12-01,182.7094,185.6477,180.3054,185.2471,716906
2020-12-02,187.6511,189.1203,183.5108,183.9115,426881
2020-12-03,183.3772,184.045,179.7711,182.4423,637738
2020-12-04,180.9732,181.3738,177.6342,177.6342,556494
2020-12-07,178.9698,182.0416,178.302,180.1718,367525
2020-12-08,182.0416,182.1752,176.9664,178.1684,340338
2020-12-09,176.2986,182.1752,175.7643,180.3054,533081
2020-12-10,182.3088,183.5108,180.0382,181.1067,444013
2020-12-11,183.2437,184.4457,179.9047,180.1718,547894
2020-12-14,176.5657,183.9115,175.2301,183.9115,467531
2020-12-15,180.3054,183.1101,176.5657,177.1,519763
2020-12-16,177.5006,179.504,176.6993,177.9013,362888
2020-12-17,176.165,176.8328,175.2301,175.7643,307263
2020-12-18,175.2301,180.3054,175.2301,177.3671,469469
2020-12-21,182.9766,185.2471,175.3637,176.9664,748450
2020-12-22,177.367,180.9732,177.367,180.5725,417269
2020-12-23,178.7027,178.9698,175.6308,178.4355,538375
2020-12-24,177.6342,178.9698,176.9664,177.2335,189231
2020-12-28,174.1616,174.6959,171.4904,173.6274,446756
2020-12-29,171.0898,175.8979,170.6891,174.5623,495981
2020-12-30,173.2267,173.8945,171.4904,173.3602,420644
2020-12-31,173.3603,174.6959,169.6206,170.2884,404325
2021-01-04,169.0863,182.3087,168.9528,176.165,943538
2021-01-05,176.9664,177.9013,171.4904,173.4938,741213
2021-01-06,174.028,174.8294,162.6755,165.7474,1555131
2021-01-07,163.4768,164.6789,159.8707,162.2748,805425
2021-01-08,161.2063,166.2816,160.8057,161.3399,570550
2021-01-11,165.7474,165.7474,161.4735,162.9427,597544
2021-01-12,162.6755,164.8125,161.2064,161.8742,459338
2021-01-13,162.1413,163.2098,160.5386,161.8742,330413
2021-01-14,160.5386,163.2097,159.4701,162.8091,381006
2021-01-15,165.7474,169.0864,163.8775,165.8809,674731
2021-01-19,162.2748,165.0796,161.4735,163.8775,308825
2021-01-20,162.1413,162.8091,159.0694,159.8708,397544
2021-01-21,159.4701,160.8057,158.5352,159.7372,313588
2021-01-22,162.8091,164.1447,161.0728,162.542,432844
2021-01-25,164.2782,169.6206,163.0762,163.2097,562419
2021-01-26,161.7406,163.8775,160.8056,163.6104,275281
2021-01-27,167.8843,175.2301,167.8843,173.3602,842331
2021-01-28,170.2884,170.5555,162.6755,168.5521,1087644
2021-01-29,171.8911,180.8396,170.422,178.7027,1036825
2021-02-01,174.5623,178.302,172.4254,174.5623,668838
2021-02-02,170.2884,170.422,163.744,166.1481,817625
2021-02-03,167.4837,169.2199,164.6789,165.6138,446725
2021-02-04,164.946,164.946,160.2714,160.2714,537388
2021-02-05,157.7338,160.0043,157.3331,158.9358,412013
2021-02-08,157.3331,157.4667,155.4633,155.4633,399431
2021-02-09,156.2647,157.3331,154.2613,155.3298,307719
2021-02-10,153.4599,157.6003,153.3263,154.3948,543069
2021-02-11,153.4599,156.9324,152.525,154.2612,512669
2021-02-12,154.7955,155.3297,153.3263,153.5935,337856
2021-02-16,151.7236,153.8606,151.3229,152.6585,439313
2021-02-17,154.2612,155.1962,150.7887,151.0558,434294
2021-02-18,153.9941,155.8639,151.9907,152.7921,481688
2021-02-19,151.5901,153.1928,150.6551,152.9256,480950
2021-02-22,155.5968,155.864,150.5216,152.2578,472081
2021-02-23,153.0592,157.7338,150.388,152.1243,1041250
2021-02-24,153.3263,153.8606,145.3128,145.9806,853838
2021-02-25,145.7134,155.0626,145.4463,153.5935,1192881
2021-02-26,153.0592,160.5386,152.9257,160.2714,982275
2021-03-01,153.9941,153.9941,148.6517,150.7887,822713
2021-03-02,150.388,153.0592,149.4531,152.7921,527013
2021-03-03,153.1928,154.6619,150.2545,154.5284,820094
2021-03-04,154.2612,165.3467,151.5901,159.4701,1430669
2021-03-05,155.0626,162.1413,149.4531,150.9223,1302000
2021-03-08,148.9189,149.9873,141.4395,146.3812,1741306
2021-03-09,144.7785,145.9806,141.5731,145.9806,879663
2021-03-10,143.1758,143.3094,138.1006,139.3026,1398156
2021-03-11,137.6999,138.7684,134.628,136.8985,956275
2021-03-12,136.3643,136.6314,132.7582,133.0253,908938
2021-03-15,131.9569,134.8952,130.6213,131.0219,816219
2021-03-16,131.289,133.0253,131.0219,132.3575,732950
2021-03-17,132.0903,132.8917,129.6863,130.0869,746463
2021-03-18,130.4877,132.2239,127.5493,131.6897,1416988
2021-03-19,132.2239,136.0971,132.2239,134.8951,1005544
2021-03-22,135.2958,136.0972,132.3575,133.426,631394
2021-03-23,134.628,137.967,133.0253,137.0321,840844
2021-03-24,135.6965,137.2992,132.4911,137.2992,908175
2021-03-25,138.9019,141.7067,133.9602,134.4944,1295906
2021-03-26,132.7582,133.9602,128.7514,129.1521,1053169
2021-03-29,130.6212,131.0219,126.8816,127.95,1014788
2021-03-30,128.4843,130.087,127.8165,128.7514,550006
2021-03-31,129.1521,129.8199,127.8165,129.5527,365906
2021-04-01,128.885,130.087,127.8165,127.8165,431438
2021-04-05,125.1453,125.1453,122.4741,123.5426,667638
2021-04-06,124.2103,125.1453,123.409,124.7446,551588
2021-04-07,124.8782,125.546,123.5426,124.611,452225
2021-04-08,124.611,125.5459,123.5426,123.5426,389144
2021-04-09,123.0083,123.409,120.3371,120.4707,476363
2021-04-12,121.1385,121.9399,120.6043,120.8714,366425
2021-04-13,122.0734,123.2754,121.1385,121.8063,467513
2021-04-14,121.6727,121.8063,119.2687,121.0049,633863
2021-04-15,119.5358,119.5358,117.5324,117.7995,666550
2021-04-16,116.3303,117.1317,115.6625,116.1968,565881
2021-04-19,117.1317,118.6009,116.731,117.2653,1385200
2021-04-20,118.868,121.5392,118.2002,120.07,1038600
2021-04-21,120.7378,120.7378,116.4639,116.5975,525200
2021-04-22,116.8646,121.005,116.731,119.8029,1069944
2021-04-23,120.3371,121.0049,116.1968,117.3988,544581
2021-04-26,116.5975,118.6009,116.3304,118.0666,370006
2021-04-27,118.2002,119.2687,117.3988,117.9331,449931
2021-04-28,118.7344,119.9365,118.3337,119.4022,430875
2021-04-29,117.7995,120.6043,116.8646,117.1317,578125
2021-04-30,119.0015,120.07,118.2002,119.0015,629069
2021-05-03,116.9982,117.1317,115.529,116.5975,728806
2021-05-04,117.666,120.2036,116.3304,116.3304,958031
2021-05-05,115.3954,117.3988,114.3269,115.2619,775238
2021-05-06,114.8612,115.7961,112.0565,112.0565,1020988
2021-05-07,112.3236,112.8578,109.3852,109.6524,797725
2021-05-10,108.5839,110.053,106.7141,110.053,1328781
2021-05-11,112.4571,116.4639,112.3236,114.4605,1725556
2021-05-12,116.0632,121.6727,115.1283,121.4056,1318438
2021-05-13,121.1385,121.1385,114.8612,116.731,2030806
2021-05-14,114.5941,115.1283,111.9229,112.5907,1137719
2021-05-17,113.6592,114.8612,112.7242,113.392,1114206
2021-05-18,112.8578,115.9297,112.4571,115.9297,727819
2021-05-19,119.4022,121.8063,117.3988,117.6659,1557994
2021-05-20,117.1317,117.5324,113.7927,115.3954,739219
2021-05-21,113.7927,114.8612,111.9229,113.9263,1118288
2021-05-24,112.5907,113.1249,111.3887,112.0565,438531
2021-05-25,111.4554,113.4254,111.0547,112.958,1250350
2021-05-26,112.4571,113.392,111.9563,112.8912,650075
2021-05-27,110.7876,112.2234,109.9529,111.5556,741725
2021-05-28,109.8193,110.7208,109.6857,110.4537,542300
2021-06-01,107.7157,110.5205,107.5488,110.1532,630075
2021-06-02,109.3519,110.3536,108.8176,109.8527,500550
2021-06-03,111.3886,112.4237,109.1849,110.053,791825
2021-06-04,109.018,109.5856,108.1832,108.25,537125
2021-06-07,107.7491,110.053,107.649,109.4854,510450
2021-06-08,109.3853,111.2217,109.1849,109.8193,655750
2021-06-09,109.4854,111.2551,109.1849,111.1883,484725
2021-06-10,109.5522,111.2217,108.3502,110.8878,732200
2021-06-11,109.9529,112.3569,109.4854,110.821,459575
2021-06-14,111.0547,113.4254,111.0547,111.5556,432725
2021-06-15,111.5222,113.5256,111.3886,112.4905,383250
2021-06-16,112.6241,116.3637,112.2568,115.1951,907975
2021-06-17,115.2953,119.302,114.5607,117.1985,921725
2021-06-18,121.1385,122.9082,120.237,122.7746,1051900
2021-06-21,120.07,120.9715,115.8629,116.1634,1178100
2021-06-22,116.2636,117.5324,114.4939,115.529,1015125
2021-06-23,115.362,116.2302,114.7944,116.1634,635100
2021-06-24,114.2268,114.5273,112.4905,112.791,1070350
2021-06-25,111.2217,111.7225,109.8861,110.3535,898650
2021-06-28,110.5205,112.9246,110.4203,111.9229,652625
2021-06-29,110.7876,112.1566,110.0864,111.8227,372975
2021-06-30,112.4237,112.4237,109.3519,109.9195,513450
2021-07-01,109.0513,109.8861,108.4837,108.4837,431050
2021-07-02,107.9161,108.6841,106.6807,107.0146,601850
2021-07-06,107.1815,111.0213,106.881,108.9512,1793775
2021-07-07,109.1515,110.3536,107.7157,107.9829,1194400
2021-07-08,112.023,112.958,109.7191,110.22,1703775
2021-07-09,108.1832,108.9178,105.8125,106.0463,1191175
2021-07-12,106.8142,107.3485,104.6439,104.8442,791800
2021-07-13,105.3451,105.9795,104.7107,105.7457,721425
2021-07-14,104.7107,106.4136,104.2766,105.4453,820775
2021-07-15,106.8142,107.048,104.911,105.0112,963875
2021-07-16,104.1097,108.0163,104.0429,107.6156,1080350
2021-07-19,112.2902,116.3971,111.5556,114.16,2407375
2021-07-20,113.5924,114.1266,107.7158,108.7842,1791000
2021-07-21,106.9812,107.5822,105.8459,106.0129,915075
2021-07-22,106.1798,107.2149,105.2783,105.679,919100
2021-07-23,104.1764,104.8776,103.2415,103.542,1586250
2021-07-26,104.1431,104.6105,102.8408,102.8408,1300525
2021-07-27,104.0763,105.2115,103.5086,103.5086,1880700
2021-07-28,103.2081,105.2783,102.9744,104.6439,1152675
2021-07-29,103.2749,103.8091,102.6071,103.3751,1105050
2021-07-30,104.1764,105.2783,103.1747,104.6105,979525
2021-08-02,103.6756,105.8125,102.3734,105.5788,1239825
2021-08-03,104.8776,106.6807,103.0078,103.0078,1337350
2021-08-04,104.4102,105.9127,103.9427,105.7792,938775
2021-08-05,104.9778,105.1447,103.3751,103.4418,542175
2021-08-06,102.5403,102.6405,101.739,102.0395,1198575
2021-08-09,102.5069,103.4419,102.1063,102.8408,605300
2021-08-10,102.6405,103.0078,101.3383,101.4385,849000
2021-08-11,100.4702,100.6705,99.4351,99.602,1202850
2021-08-12,99.4017,100.6037,99.2681,99.3015,900625
2021-08-13,98.8674,99.5686,98.4,99.1346,675325
2021-08-16,100.0695,101.5052,98.1663,98.1663,920925
2021-08-17,100.4034,102.3734,99.769,100.4702,1698075
2021-08-18,101.5052,103.8425,100.2698,103.709,1122925
2021-08-19,106.1464,106.1464,103.3083,104.143,1777825
2021-08-20,104.1097,104.5103,101.572,102.0729,1065325
2021-08-23,100.5369,100.5369,99.3683,100.1362,740675
2021-08-24,99.602,99.9693,99.2347,99.8691,692450
2021-08-25,99.8023,100.5703,98.8007,99.5686,614125
2021-08-26,99.2347,101.3049,98.8007,101.2047,1180925
2021-08-27,100.7707,100.7707,98.9008,99.1346,876550
2021-08-30,98.7673,99.7022,98.6003,99.4351,624625
2021-08-31,99.8023,100.2698,98.9008,99.7022,721600
2021-09-01,99.3015,100.1697,99.3015,99.9693,610775
2021-09-02,98.9342,99.6688,98.6003,98.9008,590850
2021-09-03,99.8357,100.3032,99.0344,99.4017,693775
2021-09-07,99.9025,102.0729,99.769,101.7056,622250
2021-09-08,102.2732,103.2415,101.0712,102.34,743200
2021-09-09,102.5069,103.9093,100.8041,103.5086,835225
2021-09-10,101.8058,106.0129,101.5052,105.9127,1166750
2021-09-13,103.8759,105.1781,102.941,103.4753,2139900
2021-09-14,102.5403,106.7141,102.3734,105.9461,1460625
2021-09-15,106.0797,106.6473,103.2749,103.7424,1238250
2021-09-16,103.8092,106.3802,102.7073,104.477,1262375
2021-09-17,105.0446,106.5805,104.1764,105.9127,1525525
2021-09-20,110.9546,114.8946,109.1849,111.6558,2139750
2021-09-21,109.8861,112.19,108.1832,112.1232,2031400
2021-09-22,110.053,110.7542,106.9144,108.6507,3083675
2021-09-23,106.4803,106.7475,102.8075,103.8092,2042900
2021-09-24,104.8442,104.9778,103.0412,103.5086,1040875
2021-09-27,103.2749,103.3417,101.2381,102.8742,1139750
2021-09-28,104.0429,108.4169,103.6088,107.9829,2469725
2021-09-29,107.0146,107.9829,105.3451,107.1147,1394550
2021-09-30,105.9795,112.4237,105.5788,112.2234,1980425
2021-10-01,110.5205,112.8912,105.8125,107.2817,2173325
2021-10-04,107.8827,112.19,106.5805,110.3202,2096325
2021-10-05,109.2183,109.9195,105.6122,107.2817,1272950
2021-10-06,109.8193,111.6892,106.2466,106.4136,1914475
2021-10-07,103.8425,103.9427,101.138,103.1079,1629100
2021-10-08,102.8742,104.0763,102.4068,103.2415,1326700
2021-10-11,103.108,105.5454,101.4051,105.4453,1225050
2021-10-12,104.9444,107.1147,104.4769,106.5471,1183775
2021-10-13,106.3802,109.0514,105.8459,106.4136,1532200
2021-10-14,103.3083,103.9427,101.5386,101.572,1552975
2021-10-15,99.3349,99.9693,98.0327,98.1996,1566075
2021-10-18,99.4351,100.4034,97.9993,98.5002,1166900
2021-10-19,97.5318,98.2664,96.864,96.8974,780375
2021-10-20,96.7973,96.9308,95.1612,95.5619,1205000
2021-10-21,96.1295,96.9642,95.5618,95.5952,647575
2021-10-22,95.6286,96.1629,94.293,95.0276,1128575
2021-10-25,94.4934,95.3615,94.0593,94.3932,1111900
2021-10-26,93.5251,94.5267,93.2579,94.3932,1565250
2021-10-27,93.859,96.3966,93.7588,96.3966,1185100
2021-10-28,95.7622,95.7622,94.4266,94.5267,1056950
2021-10-29,95.0944,95.2279,93.5251,93.7588,962875
2021-11-01,92.8906,93.9257,92.323,93.0576,755375
2021-11-02,92.8573,93.3247,91.6886,91.9557,798825
2021-11-03,92.49,93.1911,90.954,91.1878,861950
2021-11-04,91.3213,92.4232,91.0542,91.2879,563075
2021-11-05,90.0525,90.9206,88.6167,89.8856,1040050
2021-11-08,88.55,89.8188,88.1159,89.0174,1133825
2021-11-09,89.1844,90.8872,89.1176,89.8522,1487550
2021-11-10,90.3864,92.0225,89.5183,91.4215,1588050
2021-11-11,91.3547,92.7571,91.2879,92.7237,772950
2021-11-12,91.7554,92.5901,90.9207,91.2212,1040850
2021-11-15,90.2529,91.7554,90.1527,91.2545,573300
2021-11-16,90.8539,90.954,89.5517,90.8205,836625
2021-11-17,91.1544,92.5902,91.0208,92.2896,947900
2021-11-18,92.1895,94.46,92.1895,92.6903,1705925
2021-11-19,93.3915,95.2613,93.3581,94.8607,1251575
2021-11-22,93.5584,94.6603,92.1561,94.5935,1151875
2021-11-23,94.5601,95.2947,92.8239,93.1244,2068900
2021-11-24,94.7605,94.8272,92.9908,93.091,1233750
2021-11-26,99.1012,101.4384,98.233,100.1362,1742425
2021-11-29,97.1312,100.2364,96.9308,98.2664,1404950
2021-11-30,100.3366,103.9761,99.2681,103.6088,2569125
2021-12-01,100.7039,107.6156,98.5669,107.5154,2734775
2021-12-02,106.2466,106.881,100.4702,101.3717,4071125
2021-12-03,100.537,104.8109,100.0361,101.9727,3782825
2021-12-06,99.3683,99.7356,95.1278,96.1629,2804225
2021-12-07,93.6252,93.7588,91.4215,92.1895,1670350
2021-12-08,91.7888,93.1244,91.2879,91.9891,1085875
2021-12-09,92.9574,93.2246,91.0542,91.8222,1193350
2021-12-10,90.6869,92.2562,90.1527,90.1861,1238125
2021-12-13,90.7871,92.9574,90.4198,92.6235,1129900
2021-12-14,93.692,94.2596,91.5884,93.2579,1928325
2021-12-15,93.4583,94.6603,90.2862,90.4532,2410025
2021-12-16,89.3179,91.5551,88.4164,90.6869,2302850
2021-12-17,92.49,95.2947,92.1227,94.5935,2391350
2021-12-20,98.0327,100.2698,97.799,98.0661,2264775
2021-12-21,95.6286,96.1962,93.2579,93.3581,1347750
2021-12-22,93.2913,93.9257,91.2879,91.3881,1106400
2021-12-23,90.6201,90.7871,89.0174,89.919,838325
2021-12-27,89.3847,89.6184,87.1476,87.1476,718700
2021-12-28,87.1142,87.181,85.6117,86.413,880575
2021-12-29,86.4464,86.5799,85.2444,85.8454,910275
2021-12-30,85.211,86.6801,84.4764,86.4798,786175
2021-12-31,86.7803,87.181,85.8788,86.8471,855400
2022-01-03,86.2127,87.6151,85.1108,85.2444,1076975
2022-01-04,84.1091,84.1425,82.7401,83.6083,2028050
2022-01-05,83.8086,86.3129,82.5732,86.2127,2981575
2022-01-06,86.2461,87.7486,85.8788,87.4147,2651300
2022-01-07,87.8154,88.383,86.3796,87.4481,2060350
2022-01-10,88.4164,91.7888,88.3162,88.6501,2959550
2022-01-11,88.6835,90.8873,87.181,87.2478,2265450
2022-01-12,86.4464,87.9489,85.8454,86.9139,1368275
2022-01-13,86.1459,88.8171,85.4447,88.3496,2380425
2022-01-14,90.4532,91.7888,88.8505,89.8522,2285025
2022-01-18,92.6569,94.6937,92.6235,93.7588,1962400
2022-01-19,92.8573,96.6303,92.3898,96.4634,1615900
2022-01-20,95.662,99.4351,92.6235,99.0344,2745525
2022-01-21,99.1012,103.2415,97.4985,103.0078,3818000
2022-01-24,106.5805,112.9914,101.4718,101.8391,6142000
2022-01-25,105.1447,109.3185,100.0027,102.5737,4190000
2022-01-26,99.769,106.5137,97.9993,103.7757,5575475
2022-01-27,101.2715,105.2783,98.2664,103.8425,4202275
2022-01-28,103.5086,107.1148,98.6671,98.7673,3174600
2022-01-31,99.9359,100.7373,95.0944,95.3281,1758975
2022-02-01,94.7605,96.4634,92.7237,92.9908,1495350
2022-02-02,93.3247,93.9257,90.8539,91.2879,2119275
2022-02-03,92.2562,95.5284,91.9891,95.0944,2364500
2022-02-04,95.829,97.7656,93.3581,95.3615,2196300
2022-02-07,95.0944,96.1295,93.4249,95.3615,1923300
2022-02-08,94.6603,95.3615,91.6552,92.2562,1988650
2022-02-09,90.0859,90.6201,89.5183,89.9523,1636950
2022-02-10,92.1227,94.8273,89.5517,93.7588,2840725
2022-02-11,93.7922,98.7673,92.2229,97.799,4132975
2022-02-14,98.3666,101.4051,97.6988,99.1012,2372600
2022-02-15,96.4634,96.9642,94.894,95.4951,1933975
2022-02-16,96.5301,98.233,94.9274,95.7288,1931325
2022-02-17,97.632,101.4051,97.4317,100.9042,2170725
2022-02-18,101.2047,103.8091,99.8024,102.7741,2722300
2022-02-22,104.7774,109.3185,103.3083,107.3151,3632900
2022-02-23,105.0446,112.0564,104.9444,111.5556,2859150
2022-02-24,120.1368,120.3705,110.1532,110.6875,5094175
2022-02-25,109.2183,109.8527,101.8725,102.2398,5012925
2022-02-28,106.4136,107.5154,103.0078,103.542,3891750
2022-03-01,105.1781,110.7876,103.7424,108.8844,3726950
2022-03-02,106.8142,107.6156,101.9727,103.3417,3477800
2022-03-03,101.8057,105.4786,100.5703,104.1764,2823400
2022-03-04,107.3485,109.0847,105.3117,105.679,2936475
2022-03-07,107.0146,113.3587,106.7475,113.3253,2515275
2022-03-08,113.1249,115.7293,107.1148,115.1283,3684325
2022-03-09,108.25,109.8861,106.1798,108.0163,3095850
2022-03-10,111.9897,112.5573,108.4837,109.1515,1806950
2022-03-11,107.2817,111.589,105.6456,111.2217,2575850
2022-03-14,109.5188,112.4905,106.6473,111.2217,3316600
2022-03-15,109.2517,110.1532,104.3434,105.0446,2354450
2022-03-16,102.3734,106.5471,100.1029,100.203,3091225
2022-03-17,101.6054,101.6722,96.3966,96.3966,1980375
2022-03-18,97.2313,98.2664,94.2262,94.293,1781725
2022-03-21,94.8607,97.5986,93.8256,95.829,1929225
2022-03-22,94.4266,94.6603,93.1244,93.5584,1373650
2022-03-23,95.2947,97.4317,94.9274,97.3315,1534400
2022-03-24,96.4634,97.3983,94.3264,94.3264,1266725
2022-03-25,93.8924,95.0276,92.4566,93.1578,1790500
2022-03-28,93.6586,95.6286,92.3564,92.4232,1177600
2022-03-29,89.8188,91.8222,89.0174,89.6518,1619225
2022-03-30,90.2862,91.5217,89.1844,90.1527,1350075
2022-03-31,91.0208,94.3598,90.6201,94.293,1274400
2022-04-01,93.2913,95.5952,93.0576,93.2913,1363525
2022-04-04,93.6586,94.9608,92.323,92.3898,979175
2022-04-05,93.4249,95.2613,90.8873,94.5935,1313800
2022-04-06,96.8307,97.6654,94.8607,95.8958,1706000
2022-04-07,96.8974,98.3666,94.0259,94.9608,1838025
2022-04-08,95.1612,96.0627,92.3564,93.7254,1642550
2022-04-11,95.3281,97.5318,94.0593,97.2647,1279850
2022-04-12,96.1962,99.0344,94.1595,97.9993,1643200
2022-04-13,98.4334,98.5669,94.7271,94.9942,1393650
2022-04-14,94.1928,96.1295,92.4566,95.9625,1586000
2022-04-18,96.7305,97.4317,94.5935,96.2964,1478850
2022-04-19,96.1295,96.1295,91.5217,91.9557,1415150
2022-04-20,90.5534,91.121,88.9173,90.0525,2164875
2022-04-21,88.383,93.4917,87.5483,92.9908,2306825
2022-04-22,94.1595,101.0712,94.1261,100.6371,3023200
2022-04-25,102.2064,105.1447,98.0661,98.5335,3443675
2022-04-26,100.8041,105.8125,99.8691,105.8125,2695175
2022-04-27,104.1764,106.9478,101.2715,105.1113,3912225
2022-04-28,102.9076,105.6122,97.9325,99.0678,3247575
2022-04-29,100.5035,108.083,99.2013,107.482,2995075
2022-05-02,106.9812,112.6909,104.9778,106.4803,3402975
2022-05-03,106.0463,108.1165,103.9761,105.9795,2022150
2022-05-04,105.3785,107.0813,96.5635,96.9642,3235475
2022-05-05,99.4685,108.8176,99.1012,106.0129,3801200
2022-05-06,108.3836,111.1883,105.512,106.9812,4129850
2022-05-09,111.1883,114.5607,109.7192,113.2585,3337900
2022-05-10,109.1515,117.1317,108.083,114.2936,4173525
2022-05-11,114.2936,118.1,109.6858,117.7327,4910325
2022-05-12,119.6026,124.3773,116.7644,118.7678,5645200
2022-05-13,115.8295,117.3655,112.6575,113.4588,2716450
2022-05-16,114.2268,116.2302,110.0531,113.0248,2572400
2022-05-17,108.7175,112.2902,108.25,108.5171,2269650
2022-05-18,111.422,121.1051,111.2217,119.9698,2052450
2022-05-19,124.1102,125.4458,119.1017,122.8414,4258675
2022-05-20,120.0032,130.0202,119.6693,122.6744,3596325
2022-05-23,119.3021,120.0032,114.2602,115.1617,3229250
2022-05-24,117.6993,120.9048,113.7593,114.6275,3517150
2022-05-25,116.3637,116.6977,111.2551,112.5907,2033000
2022-05-26,110.7542,110.9546,105.8125,107.2483,1961975
2022-05-27,106.5471,106.8142,101.6054,101.6388,1472425
2022-05-31,103.4084,105.679,101.2047,103.3083,1868900
2022-06-01,101.2715,107.2483,100.7707,105.0446,2032925
2022-06-02,104.9444,107.9829,100.9042,100.9376,1645350
2022-06-03,103.6422,104.5437,101.8057,103.9761,1289050
2022-06-06,101.8058,104.7774,100.7707,103.9093,1401350
2022-06-07,106.3468,106.4803,101.0712,101.3717,1112650
2022-06-08,102.7407,104.6105,101.5386,103.8092,1076875
2022-06-09,105.1781,109.8527,103.3417,109.8193,1541275
2022-06-10,114.7944,118.8346,114.2602,118.7678,2307425
2022-06-13,126.5476,130.4209,124.1102,128.6178,2201850
2022-06-14,127.5494,133.3926,126.4141,130.2539,1731275
2022-06-15,127.5827,132.9919,122.1736,126.6144,3041925
2022-06-16,133.8601,138.0672,133.5595,135.5963,1946025
2022-06-17,137.2324,139.5697,132.5244,136.3976,1980875
2022-06-21,130.521,131.0887,125.8465,127.5159,1378500
2022-06-22,132.1572,132.3909,124.4775,128.3841,1395325
2022-06-23,127.0485,130.688,125.2788,125.7463,1627075
2022-06-24,122.5075,122.808,115.3621,115.3621,1383850
2022-06-27,115.0615,117.3654,114.5941,116.1634,1155200
2022-06-28,114.2268,122.04,111.4554,121.8397,1405650
2022-06-29,120.7378,122.4741,119.3354,120.9715,1057075
2022-06-30,124.9115,127.8832,121.3722,123.5426,1396375
2022-07-01,124.177,127.3824,119.5024,120.1034,1241375
2022-07-05,124.9449,128.5176,121.3722,121.4056,1370975
2022-07-06,121.1385,123.5092,118.4339,120.6376,1387950
2022-07-07,118.4005,119.302,116.13,116.5307,917450
2022-07-08,117.0983,118.5007,115.1951,117.0315,1031875
2022-07-11,119.1017,119.6693,116.7644,119.0349,1304375
2022-07-12,120.3371,122.6077,117.0315,121.1051,1023050
2022-07-13,125.4792,126.748,121.1385,123.7095,1442425
2022-07-14,129.9534,131.289,124.8448,125.4124,2638675
2022-07-15,119.7361,121.8397,117.3654,117.5324,2174350
2022-07-18,114.0932,120.838,113.392,119.8363,1056075
2022-07-19,116.9647,117.4656,110.8544,111.1883,1587850
2022-07-20,110.8878,112.8912,109.7859,110.5539,1260400
2022-07-21,111.6891,114.0598,108.7842,108.851,1543600
2022-07-22,107.5488,111.9563,107.048,110.1199,1549600
2022-07-25,109.2517,111.0882,108.851,109.2517,1138750
2022-07-26,110.4537,112.2568,109.8193,111.7893,1291150
2022-07-27,110.5205,111.2551,105.6122,107.0813,1077350
2022-07-28,106.7808,109.3185,103.0078,103.8759,1196525
2022-07-29,103.7757,104.31,100.1029,100.7039,944950
2022-08-01,102.4402,102.7407,99.7022,101.2047,754775
2022-08-02,102.2732,105.1113,101.572,105.0112,973925
2022-08-03,103.3417,103.9093,100.0695,100.9376,862400
2022-08-04,101.5386,102.5737,100.9042,101.8391,803250
2022-08-05,103.8759,104.0429,101.0378,101.2047,1193400
2022-08-08,99.7022,101.5052,98.3666,100.8374,990275
2022-08-09,101.0712,102.0395,100.4034,101.2715,985975
2022-08-10,97.031,97.632,95.8957,96.5635,987900
2022-08-11,94.3264,96.5635,93.3915,95.9959,1218300
2022-08-12,95.1612,95.662,92.4566,92.6235,844125
2022-08-15,94.0593,94.0593,90.9206,91.3213,898500
2022-08-16,91.8222,91.8222,88.3496,89.3513,1103525
2022-08-17,91.0876,91.8222,89.1844,90.6535,937825
2022-08-18,90.7203,91.6886,90.0525,90.353,662500
2022-08-19,91.5885,93.3247,91.4215,92.6235,834750
2022-08-22,95.8623,98.4334,95.5952,97.8324,840350
2022-08-23,98.2998,99.8357,97.3315,99.3015,914250
2022-08-24,99.602,100.1029,97.6988,98.6671,573575
2022-08-25,98.6671,99.5686,95.829,95.8624,615275
2022-08-26,95.662,104.7774,95.3949,104.6773,1386550
2022-08-29,107.1147,107.8159,104.3434,106.5471,1060750
2022-08-30,105.6122,111.0881,105.4452,109.4854,1283350
2022-08-31,109.0847,112.1232,107.4152,112.1232,1077200
2022-09-01,113.6592,115.3287,110.4871,110.7209,1341375
2022-09-02,107.7491,115.6959,106.7808,114.2268,1336900
2022-09-06,113.4922,117.2653,112.5907,115.9965,1295250
2022-09-07,116.4639,116.7644,110.5873,111.3219,950925
2022-09-08,112.958,114.1266,109.1849,109.2851,1229900
2022-09-09,107.4152,108.083,104.5437,105.2115,950075
2022-09-12,104.1096,104.31,101.9059,102.941,829550
2022-09-13,108.6841,116.13,107.7492,115.2285,1447600
2022-09-14,114.7944,117.6993,113.3253,114.9614,1304300
2022-09-15,115.4956,117.7661,113.392,116.8646,1311375
2022-09-16,120.9382,121.6393,117.9998,118.6009,1464550
2022-09-19,121.6393,121.7395,116.1634,116.2302,850800
2022-09-20,119.0349,122.5075,118.6342,119.6693,1115700
2022-09-21,117.8997,125.98,115.9965,125.98,1602375
2022-09-22,126.3807,128.3507,124.5442,127.4492,1481600
2022-09-23,131.1555,137.9002,130.855,133.5262,1566300
2022-09-26,135.229,139.4361,133.0587,137.8,1454050
2022-09-27,134.6948,142.4079,132.4243,139.8368,1464725
2022-09-28,138.4678,140.3043,130.2205,132.1572,1539425
2022-09-29,134.8617,141.3727,134.6948,138.2341,1408400
2022-09-30,139.8034,147.0824,136.4644,145.3128,1632925
2022-10-03,140.2041,141.9738,131.4894,133.7599,1652800
2022-10-04,128.4843,128.9183,122.5075,122.5409,1803875
2022-10-05,126.748,127.8833,120.9048,123.0751,1689750
2022-10-06,124.7112,128.2839,122.4741,127.5159,1216350
2022-10-07,130.7882,137.4995,130.4877,135.5295,1468950
2022-10-10,133.6931,139.5697,132.8249,136.7983,1186950
2022-10-11,137.967,138.7016,131.1555,136.4645,1766375
2022-10-12,136.1973,137.8668,133.3925,136.7315,1198100
2022-10-13,143.9104,144.645,123.409,125.0785,3217100
2022-10-14,122.5409,130.6212,120.3705,129.7865,1676100
2022-10-17,124.2437,125.6127,121.3388,122.9082,1146850
2022-10-18,115.362,121.7395,115.1951,118.5675,1577475
2022-10-19,120.1368,122.5075,117.3654,120.1702,1107750
2022-10-20,119.5358,122.1402,115.4288,121.3054,1435675
2022-10-21,121.7395,122.8414,111.8227,112.2234,1790325
2022-10-24,110.3202,111.422,106.6473,107.5822,1471825
2022-10-25,108.5505,108.6841,103.9093,104.2098,1145950
2022-10-26,104.7774,104.9444,101.0712,104.3768,1745200
2022-10-27,101.3049,102.941,99.0344,102.3734,2447500
2022-10-28,101.2047,101.4385,94.3264,94.6269,3057800
2022-10-31,96.0961,96.9976,94.46,95.7622,2076975
2022-11-01,93.9925,97.9659,93.5918,96.4968,2292375
2022-11-02,97.3315,101.0712,92.7237,100.971,4441725
2022-11-03,102.9744,105.0446,100.6705,102.5069,2266775
2022-11-04,98.9342,103.1079,96.5635,98.4,2836275
2022-11-07,97.6988,98.5001,94.1595,94.6269,1905050
2022-11-08,93.7922,94.8273,90.2529,91.8222,3323200
2022-11-09,93.692,97.5652,92.6903,97.2981,2997450
2022-11-10,89.3179,91.4883,86.4798,86.7469,4745950
2022-11-11,85.8788,88.984,85.6784,86.1793,2793475
2022-11-14,87.1142,87.9156,84.6433,87.8154,1888825
2022-11-15,85.645,89.6518,84.4096,87.4815,3452125
2022-11-16,87.949,88.0157,86.6468,87.5149,2669125
2022-11-17,90.2529,90.2862,87.1142,87.5817,3017575
2022-11-18,86.1125,87.8154,85.5449,86.0791,2206350
2022-11-21,86.0123,87.5817,85.211,86.4464,1693975
2022-11-22,85.211,85.4781,83.4079,83.5415,2650850
2022-11-23,83.7752,84.2761,82.3728,82.8403,2456475
2022-11-25,82.7735,82.8403,81.5715,81.7384,1356800
2022-11-28,83.2076,85.7452,82.1391,85.3445,2835125
2022-11-29,85.8454,86.8137,84.7102,85.3779,2157725
2022-11-30,85.2444,87.1476,79.6683,79.6683,4298025
2022-12-01,79.3344,82.8069,79.301,81.0038,2781175
2022-12-02,83.4413,83.4413,80.2359,80.7033,2411975
2022-12-05,82.2393,84.7769,81.7384,84.0423,2331300
2022-12-06,84.276,88.0491,83.6416,86.7135,3455625
2022-12-07,87.0474,87.5149,85.3112,86.8137,2645850
2022-12-08,85.8788,86.413,84.4096,85.4447,1925275
2022-12-09,86.0457,87.8154,84.9105,87.7152,2038050
2022-12-12,87.2144,87.3145,83.5749,83.5749,2267475
2022-12-13,78.0322,84.4764,77.8986,82.8069,4575400
2022-12-14,82.8069,85.8454,80.7367,83.9088,4150825
2022-12-15,86.7135,91.0542,86.1459,89.5851,3496975
2022-12-16,91.889,94.1595,90.8539,92.0893,3474500
2022-12-19,91.9891,94.8607,90.9874,93.3915,2216550
2022-12-20,93.2913,94.3264,91.3881,92.6903,2516200
2022-12-21,89.9857,90.3864,87.6818,88.3162,1884725
2022-12-22,90.0824,94.7406,89.8143,91.1213,2973500
2022-12-23,91.6575,92.9645,89.5462,89.7472,2209100
2022-12-27,89.4456,90.8867,88.2392,89.4791,1916200
2022-12-28,89.3116,92.5288,88.3062,92.4282,2620300
2022-12-29,91.0877,91.3558,89.0435,89.6467,1429400
2022-12-30,91.0207,92.7969,90.3169,90.3169,1827525
2023-01-03,89.4456,92.8639,88.4067,90.4845,2168100
2023-01-04,89.5126,91.3558,88.2056,89.3786,2234800
2023-01-05,90.7861,93.132,90.6856,92.2272,2201625
2023-01-06,89.8143,91.691,85.6587,86.4295,3845475
2023-01-09,85.29,87.4684,83.983,87.0997,2593550
2023-01-10,87.2673,88.0046,85.5917,85.7257,1721325
2023-01-11,84.8209,85.7592,83.782,83.8825,2066525
2023-01-12,83.2123,85.223,81.4696,82.3074,3138400
2023-01-13,84.3517,84.3852,81.235,81.5366,1721350
2023-01-17,82.1063,84.7203,81.8047,84.3182,1865775
2023-01-18,84.0836,89.1775,83.5809,88.9429,4053100
2023-01-19,90.6521,91.4899,89.4791,90.9202,2301850
2023-01-20,90.4845,91.8585,88.2392,88.2727,3368125
2023-01-23,87.5019,88.8424,85.089,86.396,1964900
2023-01-24,87.3008,88.3062,85.1895,85.6587,1729325
2023-01-25,87.837,89.144,85.29,85.5246,2740625
2023-01-26,84.7873,86.4965,83.983,84.1171,2483675
2023-01-27,84.0836,84.9884,82.5085,83.983,1919000
2023-01-30,84.8209,86.0273,83.3798,85.8598,2634475
2023-01-31,85.4576,86.3289,83.0112,83.0112,2211675
2023-02-01,84.3182,86.9322,81.2685,83.0447,5536050
2023-02-02,82.7766,85.223,82.7766,83.4804,2347325
2023-02-03,84.6868,85.3236,82.542,84.5192,2519300
2023-02-06,85.5581,86.2954,84.1506,84.7538,1267100
2023-02-07,86.1614,86.6976,82.1398,82.7766,5413100
2023-02-08,83.6144,84.6868,82.8101,84.2846,1712400
2023-02-09,82.5755,86.8986,82.0393,86.1614,3862425
2023-02-10,86.4965,87.0662,84.7203,84.8879,2249825
2023-02-13,84.7873,84.7873,82.1063,82.1398,1877675
2023-02-14,82.8436,85.1225,81.4026,83.1452,3669600
2023-02-15,84.4522,85.0219,82.8101,82.8771,1740950
2023-02-16,85.156,86.0943,83.4803,86.0273,2250150
2023-02-17,86.8986,87.4684,84.8544,84.9884,3851175
2023-02-21,87.7029,90.451,86.7981,90.3169,2508925
2023-02-22,89.9818,91.825,89.4121,91.0207,3172325
2023-02-23,89.9483,93.1655,89.2445,90.1494,3525300
2023-02-24,93.3331,94.439,92.2607,93.0985,3196300
2023-02-27,90.8867,93.065,89.8478,92.3277,2151500
2023-02-28,92.5288,94.506,92.5288,94.4725,2303325
2023-03-01,94.9417,95.612,93.4001,94.1039,2394025
2023-03-02,93.8023,94.3385,90.6856,91.2553,2178375
2023-03-03,90.451,91.3894,88.0381,88.1386,1953625
2023-03-06,87.9375,88.3062,86.7646,87.9375,1779350
2023-03-07,87.9375,92.6293,87.7365,92.3947,3115100
2023-03-08,92.5288,94.4725,92.0261,92.8304,2471750
2023-03-09,91.9256,98.1924,91.2888,97.6227,3373975
2023-03-10,98.1589,101.8453,96.0476,100.7059,5792775
2023-03-13,103.588,103.6215,97.5222,101.5437,8854775
2023-03-14,98.3935,101.7448,96.9525,98.4606,4607350
2023-03-15,103.3199,105.1296,100.6724,100.9405,6411875
2023-03-16,102.8507,103.9902,97.1871,97.5222,4569675
2023-03-17,99.0638,102.3145,98.7622,101.1416,4584875
2023-03-20,100.3373,100.3373,97.0865,97.5557,3345000
2023-03-21,94.7406,96.6509,94.372,94.5396,2216575
2023-03-22,94.6071,99.4709,92.9183,99.4371,3802325
2023-03-23,98.3563,101.0584,94.9787,98.8629,3298225
2023-03-24,100.1126,101.6663,97.4443,97.5119,3527075
2023-03-27,95.5528,96.7012,94.6747,95.8231,1881825
2023-03-28,96.1271,97.1741,94.8773,96.2622,1757725
2023-03-29,93.8303,95.0462,93.3574,93.4587,1385150
2023-03-30,91.9388,93.864,91.9388,92.2765,1661650
2023-03-31,91.4659,91.4997,88.7301,89.0003,1729675
2023-04-03,88.1559,88.1896,86.0617,86.3657,1662400
2023-04-04,86.3657,88.8652,86.0955,87.8181,1990300
2023-04-05,87.9194,88.1559,86.771,87.2777,1973800
2023-04-06,87.7843,88.5949,86.9737,87.379,1715775
2023-04-10,88.0208,88.4936,86.4671,86.4671,1011000
2023-04-11,86.2644,86.5346,85.116,85.8253,1181825
2023-04-12,84.6094,86.6359,84.3054,86.0955,2226325
2023-04-13,85.8929,86.6359,83.157,83.3934,1719700
2023-04-14,83.765,85.6226,83.0219,84.4743,2242125
2023-04-17,84.3729,85.1498,83.765,83.765,1134375
2023-04-18,83.765,85.2849,83.5285,83.8663,1378025
2023-04-19,84.3729,85.0822,84.0352,84.5418,1076400
2023-04-20,85.7578,86.1969,84.7107,85.3862,1291525
2023-04-21,84.9471,86.1631,84.812,85.1498,1157925
2023-04-24,85.3524,85.9266,84.6094,84.7107,896350
2023-04-25,85.1498,87.4128,84.812,87.3115,1592725
2023-04-26,87.2101,89.7433,86.5346,89.2029,1986050
2023-04-27,88.2572,88.6625,84.8458,85.116,1754150
2023-04-28,85.9942,85.9942,83.0894,83.157,2069450
2023-05-01,83.0894,83.6636,81.9748,83.5623,1090275
2023-05-02,83.9001,88.0883,83.8663,86.2306,2810200
2023-05-03,86.028,88.4936,85.1836,88.3585,2786925
2023-05-04,89.1354,92.209,88.8652,90.6553,2810050
2023-05-05,88.3923,88.595,85.6564,86.2982,2087350
2023-05-08,86.0279,87.5817,85.8253,86.771,1022650
2023-05-09,87.4128,87.6154,86.4333,87.1088,947775
2023-05-10,85.8929,89.7096,85.5213,87.379,2258150
2023-05-11,88.8651,90.6891,88.7638,89.1691,1622075
2023-05-12,88.4261,90.8917,88.3923,89.4056,1367350
2023-05-15,89.2029,90.4864,88.5612,88.9327,945800
2023-05-16,89.8447,91.8037,89.5745,91.7699,1302900
2023-05-17,90.2837,91.3308,87.7843,88.2572,1943550
2023-05-18,88.8652,89.8109,86.9061,87.2101,3128100
2023-05-19,86.771,88.8652,86.3995,88.1559,1508025
2023-05-22,88.1896,89.9122,87.4465,89.1691,1287700
2023-05-23,90.1824,91.5335,89.1016,91.0944,1315325
2023-05-24,91.7361,93.7289,91.4321,93.2561,1706925
2023-05-25,93.3912,95.3164,92.8507,93.6952,1845750
2023-05-26,93.5263,93.5938,90.4526,91.0944,1886000
2023-05-30,91.0944,92.7156,90.7228,91.4321,2094125
2023-05-31,92.3779,93.7965,91.7024,92.209,1403125
2023-06-01,92.8508,94.2694,90.3175,91.2295,1398250
2023-06-02,89.338,89.4731,85.0147,85.3524,1980100
2023-06-05,85.2849,87.0075,85.0822,86.8386,1242400
2023-06-06,87.0075,88.1896,86.4333,86.9061,1170000
2023-06-07,86.6022,87.1426,85.8929,86.1631,2837825
2023-06-08,86.2644,86.6021,84.6769,85.0147,1613475
2023-06-09,85.2849,85.4538,84.0014,84.6431,1257825
2023-06-12,84.4067,84.812,83.2921,83.2921,820700
2023-06-13,82.9205,83.0557,81.6033,82.3801,1157700
2023-06-14,83.2583,85.4538,82.7854,83.9338,2181800
2023-06-15,84.204,84.3054,80.286,80.8264,1870625
2023-06-16,79.9145,81.8735,79.7456,81.6371,1210575
2023-06-20,82.853,84.5418,82.6841,83.4947,1045775
2023-06-21,84.1706,84.8874,83.249,84.3412,1062650
2023-06-22,84.8532,85.2969,84.034,84.4778,773175
2023-06-23,86.1502,86.867,85.3993,86.1844,1122025
2023-06-26,86.5598,87.1401,85.5017,86.2185,696575
2023-06-27,86.2868,86.3209,84.3754,84.7508,812575
2023-06-28,85.0921,86.0478,84.9215,85.1945,1169225
2023-06-29,85.3993,85.6724,83.1807,83.4196,1197850
2023-06-30,81.9861,82.2592,80.9621,81.4741,942925
2023-07-03,82.1226,82.2933,81.0304,81.44,454975
2023-07-05,82.6005,82.7029,81.6448,82.3274,686050
2023-07-06,84.3412,86.1161,83.8292,84.9897,1163750
2023-07-07,85.9796,86.594,84.2047,86.4574,920100
2023-07-10,86.5257,86.6622,84.7508,84.8532,753200
2023-07-11,83.8975,84.5802,82.3274,82.6005,890000
2023-07-12,80.9621,82.225,80.2453,81.952,1586250
2023-07-13,81.5082,81.952,81.0987,81.7813,1198075
2023-07-14,80.5867,81.44,80.416,80.928,1488475
2023-07-17,81.4058,81.6789,79.904,80.5525,958275
2023-07-18,80.6891,80.9962,77.7195,77.9926,1461525
2023-07-19,77.4465,77.4465,76.0471,77.2076,1410550
2023-07-20,76.8662,76.9004,75.2279,76.1836,1931425
2023-07-21,75.774,76.5591,75.501,76.2519,1452600
2023-07-24,75.9788,76.047,74.75,75.0231,1453175
2023-07-25,75.262,75.4327,74.3746,74.8866,1201325
2023-07-26,75.7057,75.7399,73.7602,74.4428,1884425
2023-07-27,74.1015,76.5249,73.7943,76.0129,2404700
2023-07-28,74.9548,75.7057,74.2722,74.989,1695375
2023-07-31,74.9889,75.2279,74.3404,74.3746,1218050
2023-08-01,74.6135,74.6476,73.6578,74.0332,1383225
2023-08-02,75.1255,76.5591,74.6476,76.2519,2060125
2023-08-03,77.0369,77.3441,75.8423,76.7297,1553675
2023-08-04,76.0812,77.9926,74.8866,77.7195,2092375
2023-08-07,76.9345,76.9345,74.9548,75.0572,1730875
2023-08-08,76.5249,78.1291,75.9447,76.1495,1754625
2023-08-09,76.3201,77.7878,75.774,77.3441,1467975
2023-08-10,76.2177,77.5147,74.4087,77.0369,2311250
2023-08-11,77.5489,77.9243,75.9105,76.3201,1825125
2023-08-14,76.5932,77.2076,76.0812,76.3201,1119475
2023-08-15,77.3441,78.9483,77.1052,78.607,1673075
2023-08-16,78.9824,79.9723,77.4123,79.9381,1798750
2023-08-17,79.2896,82.1226,78.9824,81.9178,2228950
2023-08-18,83.0783,83.3173,81.0304,81.5424,2021575
2023-08-21,81.44,83.4879,81.2011,81.9178,1617475
2023-08-22,81.8496,83.4879,81.6789,83.1807,1478475
2023-08-23,82.8394,83.0442,81.4741,81.9178,2287675
2023-08-24,82.3957,84.785,80.4843,84.7167,1706375
2023-08-25,83.6927,85.2628,82.1909,82.9759,2948575
2023-08-28,81.7813,82.2592,80.6891,81.44,1691950
2023-08-29,81.5424,81.6106,79.2896,79.3238,1822425
2023-08-30,79.0507,79.4944,77.9926,78.8459,1370300
2023-08-31,78.0609,80.1771,77.7537,80.1088,1289775
2023-09-01,78.7435,80.2112,78.4363,79.392,1405000
2023-09-05,79.392,80.8256,79.1872,80.8256,1019450
2023-09-06,81.1669,83.2831,81.1669,82.1568,1518925
2023-09-07,82.737,82.8053,81.44,81.8154,1326675
2023-09-08,81.8496,82.0544,80.928,81.3376,1131875
2023-09-11,80.2453,81.3376,79.8699,80.7915,1066600
2023-09-12,81.3035,81.5082,79.4262,80.8597,1088050
2023-09-13,80.7232,81.952,80.0064,81.3717,1256200
2023-09-14,80.0405,80.6891,78.6752,79.0507,1372875
2023-09-15,79.631,81.5424,79.2896,81.201,1509800
2023-09-18,81.0986,81.7813,80.4843,81.1669,967100
2023-09-19,81.6789,83.4538,81.44,81.9861,1317925
2023-09-20,81.2926,82.6727,80.1884,82.5347,1669725
2023-09-21,83.5698,85.4676,83.1558,85.4331,1471275
2023-09-22,85.3296,86.3992,84.812,86.1922,1230375
2023-09-25,86.9513,87.6759,85.8816,85.9162,1587950
2023-09-26,87.5724,89.3321,86.9513,88.9871,2182425
2023-09-27,88.228,91.5059,88.1244,89.5046,2203175
2023-09-28,89.7116,90.2982,87.8139,88.7455,2037250
2023-09-29,87.0203,90.8848,86.9858,90.0912,2732425
2023-10-02,90.6433,92.4375,90.0567,90.7468,2417950
2023-10-03,91.9199,94.9563,91.0228,94.1972,2996000
2023-10-04,94.1282,95.4394,93.0241,93.3346,2283900
2023-10-05,93.7142,94.9218,92.8861,93.4036,2172025
2023-10-06,94.1627,95.7499,89.7116,90.9883,3165350
2023-10-09,91.9545,92.196,89.0906,89.2976,1454950
2023-10-10,88.4695,89.4356,87.0548,88.3315,1685125
2023-10-11,87.7794,89.4011,87.2963,87.9174,1685175
2023-10-12,87.5379,90.7468,87.5379,89.3666,1906725
2023-10-13,88.504,90.0567,86.8133,89.1251,2786200
2023-10-16,87.5724,87.8139,85.8471,86.7443,1862350
2023-10-17,87.8829,87.8829,85.4676,86.6062,1894150
2023-10-18,86.9168,89.7116,86.7097,89.1596,2195750
2023-10-19,89.3321,91.6784,87.8139,91.4024,2750500
2023-10-20,91.8164,93.7142,91.2298,93.6451,2153525
2023-10-23,94.8528,95.6809,92.748,95.3014,2147325
2023-10-24,93.9557,94.9218,92.403,93.5071,2108750
2023-10-25,92.9551,94.9218,92.541,94.5078,2398350
2023-10-26,94.7838,97.1991,94.0592,96.7851,2059000
2023-10-27,96.7851,100.9601,96.7851,100.132,2398775
2023-10-30,98.0962,98.1307,94.7493,95.4049,2237650
2023-10-31,95.6464,96.7161,94.2662,94.4733,1669625
2023-11-01,94.1972,94.8183,92.058,92.61,2544950
2023-11-02,90.9193,91.2989,87.8829,87.9519,1897675
2023-11-03,86.6753,87.2273,85.5366,86.2957,1691675
2023-11-06,86.1577,86.9168,85.5711,86.0542,1039800
2023-11-07,86.3647,86.6407,85.2951,85.7436,1136925
2023-11-08,85.3296,86.9168,84.9845,86.0887,1117025
2023-11-09,85.5366,87.9864,85.5021,87.7449,1725675
2023-11-10,86.5027,87.6414,84.5015,84.7775,1478550
2023-11-13,85.2261,85.3641,83.8114,84.3634,1186550
2023-11-14,81.5341,82.1207,80.0159,80.8095,1706275
2023-11-15,80.3264,80.499,79.2223,79.6018,1118625
2023-11-16,80.1884,80.7405,79.3603,79.8779,1604475
2023-11-17,79.6018,80.3609,79.3258,79.9124,924225
2023-11-20,80.1884,80.1884,78.0146,78.4632,828000
2023-11-21,78.8427,79.3258,78.7737,79.0152,663175
2023-11-22,78.4632,78.6702,77.5661,77.9456,999775
2023-11-24,77.6696,77.7041,77.083,77.221,401075
2023-11-27,77.3591,77.9111,77.0485,77.5316,753600
2023-11-28,77.4626,77.7731,76.3929,77.0485,1286225
2023-11-29,76.5655,76.945,75.7718,76.7725,1291425
2023-11-30,75.5648,75.7028,73.322,73.4945,2988225
2023-12-01,73.46,73.529,71.4588,71.5968,2900025
2023-12-04,72.7699,72.8044,71.6658,71.8383,1981900
2023-12-05,72.4249,73.0805,72.1144,72.2869,1781300
2023-12-06,71.8383,73.0115,71.3553,72.839,1707425
2023-12-07,72.4939,73.115,72.2179,72.5284,1361775
2023-12-08,72.6319,72.8735,71.4933,71.8728,2104900
2023-12-11,71.5968,71.9418,70.8032,70.8377,1146625
2023-12-12,70.5272,71.1137,69.768,69.9406,1416825
2023-12-13,69.8716,70.2166,66.9732,66.9732,2341450
2023-12-14,66.4901,67.2837,65.9726,66.1796,3208150
2023-12-15,66.6282,66.8352,65.731,66.1796,2469800
2023-12-18,65.8345,66.1106,65.524,65.9726,1581250
2023-12-19,65.9036,65.9381,64.6614,64.6959,1423125
2023-12-20,65.1961,67.2247,64.2867,67.1548,2482375
2023-12-21,66.1754,67.0848,65.5109,65.5458,2705400
2023-12-22,65.7907,66.3503,64.9162,65.6158,1981950
2023-12-26,65.7907,65.8256,64.5315,64.8813,1124975
2023-12-27,65.0911,65.231,64.2167,64.2867,1637375
2023-12-28,64.4616,64.5315,63.867,64.1817,1368925
2023-12-29,64.2867,65.1611,64.0418,64.3216,2310875
2024-01-02,65.4059,65.4059,63.9019,64.2517,2506775
2024-01-03,65.0212,65.9306,64.7763,65.7557,3290850
2024-01-04,65.5808,65.7557,64.2867,65.6857,2969625
2024-01-05,65.7907,66.4202,64.8113,65.6508,3494950
2024-01-08,66.3853,66.8399,64.4965,64.4965,2483425
2024-01-09,65.5808,66.1404,65.231,65.3709,1973000
2024-01-10,65.301,65.4059,64.2517,64.5315,1722700
2024-01-11,64.2867,66.0355,64.0768,64.5315,3351850
2024-01-12,64.4266,65.8606,64.0418,65.231,2506250
2024-01-16,65.7907,67.2946,65.4759,66.4552,3486500
2024-01-17,67.5395,67.7144,66.4552,66.9449,2712225
2024-01-18,67.3296,67.8193,65.6857,65.9655,3340625
2024-01-19,65.371,66.0705,63.4822,63.9369,3262850
2024-01-22,63.3773,63.6921,62.6428,63.1325,2416750
2024-01-23,63.5522,64.2517,63.3073,63.762,1726150
2024-01-24,63.1324,64.3216,62.9576,64.2167,2722425
2024-01-25,63.832,64.4266,63.0625,63.0625,2851000
2024-01-26,63.4123,63.4472,62.328,62.8526,2571025
2024-01-29,62.9576,63.1324,61.7334,61.8033,1820050
2024-01-30,62.0482,62.2231,60.9989,61.2088,2023650
2024-01-31,60.9639,62.7477,60.6491,62.7127,3638875
2024-02-01,62.7827,63.0275,60.9989,61.0339,3262900
2024-02-02,61.5935,61.9083,59.7747,60.4043,3409125
2024-02-05,60.6841,62.4679,60.6841,61.7684,2348825
2024-02-06,61.6634,61.8733,60.9289,61.0688,1966050
2024-02-07,60.5092,60.859,59.9846,60.3693,1923250
2024-02-08,60.0895,60.9989,59.9846,60.1595,1285875
2024-02-09,60.2644,60.9289,60.1245,60.4742,1937150
2024-02-12,60.6841,60.6841,59.2501,59.8796,1650225
2024-02-13,61.3487,63.4472,61.2437,62.363,3371475
2024-02-14,61.7684,62.7477,61.5235,61.6285,2734300
2024-02-15,61.3137,61.4536,59.8447,59.8796,2599275
2024-02-16,60.0895,60.789,59.6348,60.5792,2856350
2024-02-20,60.9289,61.3836,60.4043,60.824,2914300
2024-02-21,61.2088,61.9782,60.6491,60.6841,2147350
2024-02-22,59.7048,59.8796,58.2008,58.6555,3066150
2024-02-23,58.1308,58.5505,57.6761,58.4106,2149825
2024-02-26,58.3757,58.9003,57.886,58.6555,1767050
2024-02-27,58.8653,59.5998,58.8304,59.1102,1984975
2024-02-28,59.9846,60.1595,59.1451,59.2151,1749200
2024-02-29,58.7604,59.8447,58.6205,59.1801,2149200
2024-03-01,59.2151,59.6698,58.4456,58.5505,2395100
2024-03-04,59.4599,59.4599,58.6205,59.0752,1674050
2024-03-05,59.7048,61.5235,59.5299,60.9639,2925675
2024-03-06,59.9146,60.9989,59.5998,60.4742,2984550
2024-03-07,59.7397,60.2994,59.425,60.0196,2684900
2024-03-08,60.0895,60.4043,59.1451,60.2994,4682275
2024-03-11,60.789,61.4536,59.9846,60.0545,2926325
2024-03-12,59.7048,60.4043,58.7254,59.0052,3334225
2024-03-13,58.6205,59.355,58.1658,58.7954,2067000
2024-03-14,58.4806,60.4742,58.4106,59.4949,3139925
2024-03-15,60.1595,60.9289,59.4599,60.4393,3383175
2024-03-18,59.8797,60.2994,59.6348,60.1595,1776050
2024-03-19,59.9496,60.2994,58.6205,58.6555,2933800
2024-03-20,59.0177,59.1952,56.7805,56.9226,3160400
2024-03-21,56.4254,56.603,55.3246,55.7863,2249425
2024-03-22,55.8218,57.1712,55.7152,57.1712,1779050
2024-03-25,57.4907,57.9524,57.3842,57.8813,1599475
2024-03-26,57.5973,58.0234,57.3487,57.9524,1527600
2024-03-27,57.1001,57.3487,55.9993,55.9993,2340675
2024-03-28,55.8928,56.2834,55.6087,55.9283,1919225
2024-04-01,55.9993,57.2777,55.8573,57.0291,1923725
2024-04-02,58.485,59.1952,58.414,58.6626,2084100
2024-04-03,58.6626,59.4083,58.0589,58.8046,2222200
2024-04-04,57.6683,61.5034,57.5618,61.2903,3046975
2024-04-05,61.1483,61.3258,59.2307,59.9409,3790775
2024-04-08,59.9409,60.154,59.4083,59.9054,2013500
2024-04-09,59.6569,61.5034,59.5148,60.0475,2905200
2024-04-10,61.8585,62.7817,61.3968,62.0715,4488450
2024-04-11,61.6809,63.3499,61.4324,62.1426,3235375
2024-04-12,63.2434,64.9833,62.9593,64.4507,3936875
2024-04-15,62.7107,66.1552,62.4621,65.8001,4501375
2024-04-16,64.5572,65.9776,64.4507,65.516,4746500
2024-04-17,64.8768,66.4748,64.3442,65.7291,4521750
2024-04-18,65.0544,66.2262,64.0601,65.6936,3972450
2024-04-19,65.2319,65.5515,63.9536,64.6283,4038225
2024-04-22,63.6695,64.6283,62.2491,63.3144,3585250
2024-04-23,62.6752,63.0658,61.7519,61.965,3411725
2024-04-24,62.0715,63.0303,61.8585,62.2846,3087275
2024-04-25,64.7348,65.8001,63.847,64.2021,3973950
2024-04-26,64.2376,64.3797,62.9238,63.4564,2120450
2024-04-29,63.1013,63.634,62.6752,62.7462,2019700
2024-04-30,63.4209,65.6225,63.3144,65.5515,3225700
2024-05-01,65.5515,65.6935,62.8527,65.2674,5178975
2024-05-02,64.1311,65.3385,63.2434,63.5985,4581775
2024-05-03,61.1128,62.2136,60.7577,61.4323,5381225
2024-05-06,60.6511,61.3613,60.4736,60.6156,2218025
2024-05-07,60.296,60.6866,60.012,60.4736,2427850
2024-05-08,60.7222,60.7577,59.5148,59.7279,2337250
2024-05-09,60.012,60.012,58.0589,58.1654,2034775
2024-05-10,57.6683,58.2009,57.3842,57.7038,2653000
2024-05-13,57.2067,58.2009,57.1356,58.0234,1632500
2024-05-14,58.0234,58.3785,57.2777,57.5973,2184050
2024-05-15,56.9226,57.0291,55.8928,55.9993,2420025
2024-05-16,55.8573,56.1769,55.3601,56.1058,2543750
2024-05-17,55.9283,56.2479,55.5732,55.5732,2041550
2024-05-20,55.6797,56.4965,55.2891,56.3899,2189175
2024-05-21,56.3899,56.5675,56.0348,56.1058,1523550
2024-05-22,56.4965,57.5263,56.1058,57.0646,2314200
2024-05-23,57.0291,59.9409,56.9936,59.6924,4760300
2024-05-24,59.5503,60.0475,59.0887,59.7989,3249900
2024-05-28,60.225,61.5034,60.0474,60.7932,3519000
2024-05-29,62.2846,62.8528,62.1426,62.6752,3259575
2024-05-30,64.2732,64.8058,63.776,64.2732,3723375
2024-05-31,64.0246,64.4507,61.2548,61.3258,3928375
2024-06-03,61.1838,63.5274,61.1838,62.0005,3844275
2024-06-04,62.6042,62.8172,60.9352,61.3613,3379300
2024-06-05,60.8997,62.1426,60.6866,60.9352,2907400
2024-06-06,60.8287,61.2903,59.9764,60.5801,3239425
2024-06-07,60.8997,61.3613,59.5858,61.0417,3905925
2024-06-10,61.3613,61.7164,60.6866,60.7577,2625400
2024-06-11,61.5034,62.8172,61.2548,61.3613,2397050
2024-06-12,59.6213,61.965,59.5148,61.5389,4633875
2024-06-13,62.036,63.0658,61.6099,61.9295,2224750
2024-06-14,63.1368,63.634,62.2136,62.3201,3082075
2024-06-17,62.8883,62.9948,60.9707,61.2548,2290300
2024-06-18,61.1838,61.6099,60.5801,61.0417,2464375
2024-06-20,61.2903,61.4679,59.2307,59.7279,2994050
2024-06-21,59.5858,60.154,59.2307,59.7279,2913600
2024-06-24,59.2662,59.5148,57.8458,58.556,2958025
2024-06-25,58.8046,60.4381,58.5205,59.9409,2747925
2024-06-26,60.4319,60.8651,59.6377,59.8543,2324100
2024-06-27,60.1792,60.3958,59.3489,59.746,2600350
2024-06-28,59.9265,60.9373,58.5908,60.0348,5824025
2024-07-01,59.6377,60.5041,58.5908,59.8904,4572275
2024-07-02,60.2514,60.3236,59.1323,59.1323,2618400
2024-07-03,58.9879,59.7099,58.8435,59.385,2112975
2024-07-05,59.3128,60.0348,58.9518,59.0962,2839575
2024-07-08,58.8074,59.5655,57.7605,59.2406,2674175
2024-07-09,59.385,60.1792,58.5908,59.4933,2057350
2024-07-10,59.5294,59.6738,57.4717,57.58,2984375
2024-07-11,57.5078,58.0493,56.8941,57.4356,5305875
2024-07-12,57.0024,57.3273,55.3779,56.3887,5392075
2024-07-15,55.6306,55.9555,55.0169,55.5945,6420750
2024-07-16,54.9447,54.9447,52.4176,52.5259,6266775
2024-07-17,52.9952,52.9952,51.5151,51.6595,6259000
2024-07-18,52.201,53.9338,51.0097,53.6811,5845925
2024-07-19,54.2226,55.5945,53.9699,55.2335,4893750
2024-07-22,54.7642,55.5223,54.4753,54.7281,4231175
2024-07-23,54.6919,55.1613,54.2948,55.0168,2946525
2024-07-24,55.775,57.2551,55.414,57.0024,4701425
2024-07-25,57.0746,57.219,54.6197,56.6775,5995625
2024-07-26,55.8111,55.8472,53.3201,54.0421,7370200
2024-07-29,53.7172,54.9086,53.645,54.2948,4366600
2024-07-30,54.1504,54.4031,52.9952,53.5728,4977850
2024-07-31,53.4645,53.9338,51.7317,53.1035,5765675
2024-08-01,52.6342,56.0999,52.201,55.1974,5832450
2024-08-02,56.6775,59.2767,56.497,57.7966,7907400
2024-08-05,62.5257,63.1755,60.829,62.2008,11754350
2024-08-06,62.0925,62.6701,58.663,60.8651,6526600
2024-08-07,59.6738,62.1286,58.663,61.9481,5715925
2024-08-08,61.1178,61.2261,58.4103,58.7352,5438150
2024-08-09,58.9879,59.746,57.941,58.5186,3704875
2024-08-12,58.2298,59.6738,58.1937,59.2045,3276425
2024-08-13,58.6269,59.0601,57.2551,57.3995,3261975
2024-08-14,57.3634,57.5439,56.0999,56.4248,3641075
2024-08-15,54.4753,55.1613,53.8977,53.9699,3316550
2024-08-16,54.2587,54.4754,53.3562,53.6089,2973350
2024-08-19,53.3923,53.4284,52.6342,52.7425,2278250
2024-08-20,52.923,53.284,52.6342,52.9952,2137675
2024-08-21,52.7064,53.3923,52.4176,52.8147,2899325
2024-08-22,52.5259,54.006,52.2732,53.4645,2843025
2024-08-23,52.7786,53.0674,51.6234,51.7678,4358775
2024-08-26,51.6234,51.9122,50.8292,51.5151,3035100
2024-08-27,51.6234,52.0566,51.3707,51.479,3071325
2024-08-28,51.5873,53.0674,51.118,52.0927,3675175
2024-08-29,50.9375,52.1288,50.2155,51.1541,5504750
2024-08-30,50.9736,51.9122,50.2516,50.3599,3746225
2024-09-03,51.118,53.1757,50.7931,52.5981,5041925
2024-09-04,52.7064,53.0313,51.7317,52.5259,4655275
2024-09-05,52.2371,54.2948,52.0927,53.284,4161900
2024-09-06,53.2118,55.2696,52.4176,54.9807,7004200
2024-09-09,53.7894,54.3309,52.3815,53.1035,5298000
2024-09-10,52.7064,54.7642,52.7064,53.5006,4352275
2024-09-11,53.9338,56.4609,52.8508,53.1035,5000825
2024-09-12,52.9591,53.8255,52.0566,52.0927,3823025
2024-09-13,51.9122,51.9844,50.5043,51.0097,4238675
2024-09-16,50.5043,50.7931,49.7462,50.1433,3066100
2024-09-17,49.8545,50.757,49.4574,50.2516,3726525
2024-09-18,50.2155,50.9014,48.8798,50.6848,5247100
2024-09-19,48.5549,49.5296,48.2661,48.8076,4516550
2024-09-20,49.0964,49.4213,48.4466,48.7354,3496250
2024-09-23,48.5549,48.9159,48.3383,48.5188,3240400
2024-09-24,48.3744,48.8076,48.0134,48.23,2450950
2024-09-25,48.1308,49.527,47.9838,49.3065,3189625
2024-09-26,48.5717,48.9391,48.241,48.4247,3820275
2024-09-27,48.0941,48.2778,46.9183,48.0206,4233575
2024-09-30,48.241,49.3432,47.9471,48.0206,4471700
2024-10-01,48.2778,49.3433,48.0206,48.6084,6458875
2024-10-02,48.4982,49.2698,48.241,48.4615,4545775
2024-10-03,49.0126,49.7474,48.7187,49.1595,5383000
2024-10-04,48.388,49.3065,47.9471,48.0206,6546075
2024-10-07,48.4615,49.7841,48.2043,49.3433,3966250
2024-10-08,49.0126,49.6372,48.7554,48.9024,3133425
2024-10-09,48.9024,49.233,47.2858,47.4327,4690900
2024-10-10,47.5062,48.1675,47.4695,47.6532,3549100
2024-10-11,47.5062,47.5797,46.2203,46.3672,4121050
2024-10-14,46.5142,46.8816,45.4487,45.6324,3269350
2024-10-15,46.1468,46.8816,45.9263,46.7346,4858150
2024-10-16,46.8449,46.9551,45.5957,45.7426,3353400
2024-10-17,45.1548,45.5957,45.0445,45.2283,3226700
2024-10-18,45.265,45.8896,44.9711,45.1548,2951225
2024-10-21,45.265,46.404,45.0813,46.2203,3758225
2024-10-22,46.8081,46.9551,45.8529,46.2203,3197825
2024-10-23,46.9918,48.3145,46.7714,47.6164,4420300
2024-10-24,47.8736,48.7187,47.7634,48.0573,4152050
2024-10-25,47.5797,49.3065,47.396,49.0126,4239375
2024-10-28,48.241,48.3512,47.8001,48.0941,4210625
2024-10-29,48.6819,48.8656,47.7634,48.6084,3958975
2024-10-30,48.8289,48.9758,47.9103,48.9024,4354650
2024-10-31,49.7841,50.5924,49.527,50.3353,4474000
2024-11-01,49.7107,49.8209,48.388,49.4535,5468525
2024-11-04,49.6372,50.8496,49.4902,50.2985,4809200
2024-11-05,50.225,50.4455,48.6819,48.7554,4807275
2024-11-06,44.5302,44.8241,43.4279,43.6484,8551425
2024-11-07,43.5473,43.878,43.3361,43.6116,2084500
2024-11-08,43.4004,43.6668,42.4176,42.8584,4124700
2024-11-11,42.3349,42.3441,41.4715,42.0042,3989600
2024-11-12,41.8848,43.1616,41.6919,43.0697,3992400
2024-11-13,42.9227,43.3545,42.4451,42.9687,2948400
2024-11-14,42.7482,43.7678,42.6472,43.6025,2187100
2024-11-15,44.0893,44.8241,43.9423,44.521,3052100
2024-11-18,44.6679,44.9527,44.3005,44.6679,2191500
2024-11-19,45.7426,46.0917,44.6955,45.0997,2741100
2024-11-20,44.916,45.7243,44.4659,44.6496,3405800
2024-11-21,44.1811,44.8792,42.7666,43.2626,5753900
2024-11-22,43.1156,43.1983,41.9491,42.0685,5309100
2024-11-25,41.1041,41.4347,40.5897,40.8377,4767900
2024-11-26,41.1224,41.646,40.3692,40.4887,3446700
2024-11-27,40.4519,40.9204,40.0478,40.8377,2743700
2024-11-29,40.7458,40.755,39.9192,40.2407,1823200
2024-12-02,40.1304,40.8561,40.0202,40.6448,2770700
2024-12-03,40.5346,41.2327,40.4152,40.8836,2237700
2024-12-04,40.3601,40.654,39.9008,40.0753,3494000
2024-12-05,40.1947,40.7734,39.9559,40.6907,1463600
2024-12-06,40.5346,41.2602,40.3876,41.1684,3170900
2024-12-09,41.049,41.8481,40.8744,41.7746,1961900
2024-12-10,41.9491,42.3808,41.5817,42.1971,2370900
2024-12-11,42.0777,42.5553,41.894,42.5462,3572300
2024-12-12,42.5645,43.2534,42.3808,43.2167,2091400
2024-12-13,43.0789,43.6576,42.886,43.5382,2359100
2024-12-16,43.4555,43.9607,43.1616,43.8505,2247900
2024-12-17,44.521,45.0445,44.3281,44.7139,2251300
2024-12-18,44.6037,48.2961,43.9699,48.2226,4205800
2024-12-19,47.148,48.1859,46.6428,48.14,5192700
2024-12-20,48.6635,48.7554,45.2374,46.4315,4931200
2024-12-23,46.8791,47.6124,46.1833,46.3713,2105400
2024-12-24,46.3996,46.5782,45.1961,45.2337,1064200
2024-12-26,45.7226,45.7414,44.8764,45.0362,1276500
2024-12-27,45.8918,46.8791,45.3747,46.0799,2367600
2024-12-30,47.5654,48.515,46.8603,47.4808,2812200
2024-12-31,47.1329,48.0919,46.8697,47.6312,2464200
2025-01-02,46.691,48.9287,46.4654,48.2048,3318400
2025-01-03,47.5654,48.1107,46.9167,47.1329,1958400
2025-01-06,46.597,47.4902,45.8354,47.1611,1913600
2025-01-07,46.5782,48.2612,46.4372,47.7629,2909300
2025-01-08,47.7817,48.4868,47.3868,47.5278,2104300
2025-01-10,48.2048,50.0382,48.1954,49.8689,3243900
2025-01-13,50.104,50.198,48.5244,48.6279,2541700
2025-01-14,47.9697,49.098,47.7441,47.8663,2426400
2025-01-15,45.732,46.0893,45.1679,45.5158,3422800
2025-01-16,45.5722,45.9765,45.3089,45.732,2012900
2025-01-17,44.8294,44.9986,44.2371,44.7918,2820500
2025-01-21,44.2747,44.2841,43.0242,43.0712,2879100
2025-01-22,42.7327,43.0524,42.5729,42.7609,1700500
2025-01-23,42.7233,42.7515,41.6045,41.6327,2318800
2025-01-24,41.8489,42.2438,41.6421,42.0276,1734200
2025-01-27,43.0242,43.0524,41.1438,41.1814,3543500
2025-01-28,41.1814,41.4728,40.4762,40.8711,1939100
2025-01-29,40.9369,41.5857,40.542,41.219,2651800
2025-01-30,41.407,41.454,40.4104,40.7865,2369300
2025-01-31,40.4856,41.8583,40.401,41.7737,3177500
2025-02-03,43.3251,43.6447,41.6327,42.1028,6125600
2025-02-04,42.1216,42.4036,41.6233,41.7549,1996400
2025-02-05,41.7173,42.366,40.8523,40.9087,1794900
2025-02-06,40.6831,41.8113,40.636,41.2566,2147600
2025-02-07,41.2096,42.6011,41.0215,42.4883,3228700
2025-02-10,41.7361,42.5165,41.5951,42.037,1954600
2025-02-11,42.4507,42.4883,41.5669,41.6703,1668800
2025-02-12,42.7327,43.1088,42.0746,42.366,2469800
2025-02-13,41.9429,42.3942,41.2096,41.407,2313100
2025-02-14,41.4822,41.9711,41.2284,41.8395,1423600
2025-02-18,42.0276,42.4883,41.8207,41.8395,1765400
2025-02-19,42.178,42.5071,41.6233,41.6609,1545400
2025-02-20,42.0652,43.5413,41.9617,42.8738,1902400
2025-02-21,43.6917,45.3559,43.5977,45.1303,2686800
2025-02-24,44.632,45.4123,44.3123,45.0174,2625700
2025-02-25,44.7542,45.638,44.1242,44.5567,2720700
2025-02-26,44.4909,45.544,43.8516,45.1115,2820500
2025-02-27,45.1303,45.8448,43.7764,45.7696,3870100
2025-02-28,45.6004,46.2585,43.7764,43.8986,4366500
2025-03-03,43.5883,46.6158,43.2498,45.826,4044900
2025-03-04,46.6252,48.4868,46.1551,47.9133,5749900
2025-03-05,48.0637,48.327,45.9106,46.3337,3250300
2025-03-06,47.697,48.374,46.4466,47.7535,4280300
2025-03-07,48.468,49.1638,46.7192,47.0859,5876700
2025-03-10,48.6937,50.922,47.8099,49.9442,3365400
2025-03-11,50.3861,52.5862,50.1698,51.693,4662600
2025-03-12,50.9314,53.3101,50.6493,52.022,4110000
2025-03-13,52.2853,54.57,51.9562,53.9871,2562600
2025-03-14,53.2349,53.6486,51.2511,51.4673,3291200
2025-03-17,51.5989,51.6648,49.4647,50.057,1953200
2025-03-18,50.3484,51.6648,50.2732,51.0348,1768500
2025-03-19,50.6681,50.9972,48.8629,49.6151,2373100
2025-03-20,50.5459,50.6587,48.6937,49.7373,2040300
2025-03-21,50.9972,51.6647,49.6057,49.7185,2518200
2025-03-24,48.4492,48.6279,47.4244,47.6782,2647000
2025-03-25,47.415,48.0637,47.2457,47.5936,1684200
2025-03-26,47.4356,48.5016,46.8265,48.1495,2463200
2025-03-27,48.3493,49.1107,47.8639,48.6158,2466500
2025-03-28,49.006,51.3283,48.8633,51.176,3110600
2025-03-31,52.48,52.756,49.1012,49.6723,2877000
2025-04-01,50.1862,51.3949,49.1773,49.7579,3260600
2025-04-02,50.9381,51.0142,48.3398,48.9584,3634000
2025-04-03,52.794,54.8689,52.5751,54.7261,4535900
2025-04-04,59.0471,64.0057,58.3523,63.8154,6548600
2025-04-07,69.9828,72.286,59.3136,65.6332,19075600
2025-04-08,58.4855,70.0875,58.0287,67.1846,14757000
2025-04-09,69.7448,69.7448,50.5288,51.5282,15640300
2025-04-10,53.879,59.7228,53.6982,55.3543,16007200
2025-04-11,56.0586,56.7724,51.966,52.8797,9664200
2025-04-14,50.6431,52.9654,50.5479,51.4806,3210100
2025-04-15,51.3949,52.2515,50.5384,52.1564,3165000
2025-04-16,52.7655,55.9444,51.985,54.8974,2652200
2025-04-17,57.1055,57.9526,55.9444,57.1436,2803100
2025-04-21,58.5331,62.9017,58.3713,61.4741,2484100
2025-04-22,59.3231,59.7704,56.1442,56.563,3308700
2025-04-23,53.3556,55.2876,51.4521,54.8498,3783700
2025-04-24,55.0402,55.735,52.4609,52.8036,1878600
2025-04-25,53.2509,54.3264,52.6798,52.7845,2234600
2025-04-28,52.5751,53.7458,51.5853,52.3467,2203500
2025-04-29,52.3753,52.3943,50.7953,51.2427,1956400
2025-04-30,52.3372,54.2026,50.2909,50.8429,3304700
2025-05-01,50.0339,50.5955,49.1298,50.4146,1392900
2025-05-02,48.8918,49.4153,48.1209,48.473,2123000
2025-05-05,49.2154,49.3487,47.9591,48.7015,1976400
2025-05-06,50.1196,50.4337,48.968,50.1577,1603700
2025-05-07,49.6342,50.1957,48.5397,49.1583,2111100
2025-05-08,48.5016,48.9775,46.7789,48.159,2371200
2025-05-09,48.0352,49.0441,47.7878,48.711,1467300
2025-05-12,45.0372,45.7225,44.5804,44.5994,2620100
2025-05-13,45.0848,45.4845,44.6946,45.4655,2111100
2025-05-14,45.3037,46.0841,45.1038,45.7891,1852200
2025-05-15,46.4744,46.4839,44.7993,44.8659,2138700
2025-05-16,44.7612,45.1324,43.7809,43.8285,1572100
2025-05-19,44.7422,44.7612,43.2193,43.4002,1844100
2025-05-20,43.6286,44.3424,43.3907,43.7428,997000
2025-05-21,44.9515,46.5029,44.5137,46.2935,1953000
2025-05-22,46.6266,46.7789,45.5416,46.3126,1502400
2025-05-23,48.0162,48.0638,46.6171,47.2072,2227200
2025-05-27,45.7701,46.265,44.6755,44.6755,1772300
2025-05-28,44.7517,45.6749,44.39,45.4655,1456400
2025-05-29,45.1609,46.4173,44.9896,45.1419,1535200
2025-05-30,45.3418,46.1603,44.6375,45.0943,2465000
2025-06-02,45.5987,46.3221,44.8088,44.8183,1549800
2025-06-03,45.0658,45.2561,44.0093,44.1235,1580500
2025-06-04,44.0379,44.5042,43.7999,44.4852,1508900
2025-06-05,44.2092,45.1609,43.9332,44.7897,2690700
2025-06-06,43.6762,44.0569,42.9433,43.4763,2016100
2025-06-09,43.4573,44.095,43.0861,43.4954,1574600
2025-06-10,43.5429,43.6667,42.9909,43.1337,1467400
2025-06-11,43.0766,43.581,42.4294,43.1718,2251900
2025-06-12,43.6096,43.9808,42.9053,42.9053,1596000
2025-06-13,44.3043,45.6368,44.0474,45.2656,2942300
2025-06-16,44.5899,44.6184,43.581,44.1901,1747600
2025-06-17,44.7707,45.4369,44.1711,45.1895,1733200
2025-06-18,45.0467,45.5416,44.2282,45.3418,2155600
2025-06-20,44.8373,45.6749,44.5899,45.3513,1508300
2025-06-23,45.2942,46.0556,44.0188,44.114,2509500
2025-06-24,43.2479,43.5049,42.2676,42.5531,1916500
2025-06-25,42.5742,43.2272,42.5358,42.8335,997400
2025-06-26,42.5742,42.5742,41.5757,41.6429,1508200
2025-06-27,41.3452,41.3644,40.0778,40.5483,2335100
2025-06-30,39.8761,40.3466,39.6553,39.8185,1548400
2025-07-01,39.953,39.9818,38.3879,38.6567,3664700
2025-07-02,38.7527,39.0888,38.5607,38.7527,2062000
2025-07-03,38.5703,38.5703,37.7349,37.9462,1775000
2025-07-07,38.1382,39.5881,38.0038,38.9544,2213700
2025-07-08,39.0888,39.5209,38.9064,39.4441,1657400
2025-07-09,38.9064,39.4633,38.5895,38.868,1779400
2025-07-10,38.9256,39.0984,38.0326,38.3783,1870900
2025-07-11,39.1464,39.396,38.9544,39.1656,1343600
2025-07-14,39.3288,39.4825,38.8872,38.916,1380700
2025-07-15,38.9352,40.1162,38.8007,40.1066,1953200
2025-07-16,39.6745,40.8267,39.4633,39.5209,3256000
2025-07-17,39.6457,39.6553,38.6855,38.8007,1631400
2025-07-18,38.6567,39.5977,38.6375,39.3096,2365200
2025-07-21,39.0792,39.3576,38.5991,39.2904,1670900
2025-07-22,39.4537,39.4633,38.7719,38.9064,2022200
2025-07-23,38.3111,38.5511,37.5333,37.5429,3255400
2025-07-24,38.3495,38.4263,37.831,38.3207,1737000
2025-07-25,38.263,38.5511,37.7926,37.879,1302600
2025-07-28,38.0038,38.3207,37.7926,38.071,1246200
2025-07-29,38.023,38.7911,37.975,38.5703,1851800
2025-07-30,38.5223,39.5785,38.3591,39.0408,1905400
2025-07-31,38.9256,40.1642,38.6759,39.9434,2492700
2025-08-01,40.9899,42.171,40.9803,41.5372,3354600
2025-08-04,40.9419,41.0091,39.7993,39.8281,2183900
2025-08-05,39.8665,40.5387,39.5305,40.0106,2453900
2025-08-06,39.7897,40.3274,39.5497,39.8281,1953000
2025-08-07,39.2232,40.9131,39.0312,40.4234,2151400
2025-08-08,40.2122,40.3466,39.6457,39.9146,2412500
2025-08-11,39.8089,40.6539,39.6553,40.4426,1893900
2025-08-12,39.9914,40.1258,39.0312,39.1848,2525700
2025-08-13,38.7143,38.8103,37.879,37.9366,3003000
2025-08-14,38.3687,38.5703,37.8982,38.0134,2642000
2025-08-15,37.2933,38.0422,37.2645,37.8982,2559600
2025-08-18,37.9654,38.1478,37.8118,38.0326,1451700
2025-08-19,37.8694,38.2726,37.2837,38.0134,2749000
2025-08-20,37.8982,38.4263,37.7157,38.0134,3233800
2025-08-21,38.4263,38.9064,38.0902,38.3591,2965500
2025-08-22,37.7926,37.8118,35.8818,36.1987,6363700
2025-08-25,36.4483,37.0724,36.3139,37.0436,1870800
2025-08-26,37.1588,37.2069,36.6596,36.746,1991600
2025-08-27,36.8036,36.8132,36.2371,36.3811,1735700
2025-08-28,36.2851,36.6788,36.1122,36.2083,1593000
2025-08-29,36.4387,36.8708,36.2755,36.4387,2157300
2025-09-02,37.4373,37.8886,37.0436,37.0628,2221300
2025-09-03,37.2453,37.8214,37.0532,37.1588,1613700
2025-09-04,37.1204,37.3317,36.1987,36.2659,1773500
2025-09-05,36.2755,37.2645,35.9298,36.794,3426500
2025-09-08,36.7172,37.1396,36.4867,36.5155,1763900
2025-09-09,36.5923,36.7652,35.9778,36.093,3402100
2025-09-10,36.1795,36.8804,36.1315,36.6211,1875900
2025-09-11,36.3907,36.4387,35.0849,35.1617,4022900
2025-09-12,35.3729,35.8626,35.2769,35.805,2384800
2025-09-15,35.6898,35.949,35.4593,35.6514,1331900
2025-09-16,35.661,36.2083,35.5169,35.9778,1407800
2025-09-17,35.7666,36.1795,34.8064,35.3921,5798700
2025-09-18,35.4497,35.5649,34.72,35.0945,3813600
2025-09-19,34.8352,35.2577,34.5952,34.7872,2418500
2025-09-22,35.1905,35.4305,34.4895,34.6336,1631700
2025-09-23,34.528,35.008,33.9038,34.8064,2230700
2025-09-24,34.7171,35.3094,34.4937,35.2706,1636300
2025-09-25,35.5328,36.0378,35.2706,35.659,2620200
2025-09-26,35.2609,35.4842,34.7656,35.0278,2848800
2025-09-29,34.7074,35.2609,34.6976,34.8627,1864100
2025-09-30,34.9987,35.3677,34.6588,34.7074,2102300
2025-10-01,35.0084,35.0084,34.4257,34.62,2594500
2025-10-02,34.6297,35.0181,34.3189,34.4452,2417400
2025-10-03,34.348,34.3675,33.3284,33.9596,4847500
2025-10-06,33.8042,34.6879,33.7654,34.115,2920800
2025-10-07,33.9887,34.6685,33.746,34.3189,2651000
2025-10-08,34.0567,34.5714,33.8722,34.3189,2793400
2025-10-09,34.2995,35.1055,34.183,34.8919,2780900
2025-10-10,34.6005,36.9506,34.2995,36.8923,8271700
2025-10-13,36.1057,36.1446,35.29,35.4939,5204600
2025-10-14,36.3582,36.9312,34.4743,35.0278,7292500
2025-10-15,34.62,35.6202,34.1053,35.0472,4648200
2025-10-16,34.9113,36.1834,34.7268,35.7853,6429500
2025-10-17,35.863,35.9504,34.9793,35.29,4956900
2025-10-20,34.921,34.9404,33.9887,34.1053,2659600
2025-10-21,34.115,34.1344,33.2021,33.6488,3168500
2025-10-22,33.6586,34.6588,33.6488,34.3675,4707600
2025-10-23,34.4646,34.6102,33.9305,34.0761,1916000
2025-10-24,33.5129,33.678,32.8137,33.0565,3380600
2025-10-27,32.5321,32.736,32.3379,32.4058,2150400
2025-10-28,31.7163,32.1145,31.5901,32.0368,3306500
2025-10-29,31.7649,32.5903,31.4153,32.1825,7128900
2025-10-30,32.6972,32.7263,31.4736,32.5029,5393000
2025-10-31,32.3864,32.8623,32.1145,32.3961,3972200
2025-11-03,32.3184,33.309,32.3087,32.872,2612600
2025-11-04,33.5323,33.8625,33.0565,33.4061,3281800
2025-11-05,33.4546,33.542,32.6583,32.9594,3638600
2025-11-06,33.2021,34.0858,32.9108,33.7751,3745500
2025-11-07,34.0373,34.7753,33.678,33.7071,4488200
2025-11-10,33.2798,33.8042,32.7943,32.8817,3451900
2025-11-11,32.804,32.8331,31.6095,31.7066,4536300
2025-11-12,31.5124,31.5124,30.7355,31.056,5190400
2025-11-13,31.3279,32.7166,31.1434,32.6098,5326500
2025-11-14,33.3478,33.8722,32.804,33.2604,5240900
2025-11-17,33.4935,34.8142,33.1633,34.4549,6080400
2025-11-18,35.3871,35.9601,34.9501,35.5425,7592500
2025-11-19,35.5328,36.0183,35.1055,35.4939,6151800
2025-11-20,34.3772,36.4262,33.8139,36.3485,12751700
2025-11-21,35.9115,36.3,34.416,35.1735,13408100
2025-11-24,34.921,35.5425,34.4452,34.7753,4511600
2025-11-25,34.5326,34.9987,33.1147,33.2895,4687000
2025-11-26,33.0856,33.1342,32.3184,32.6292,3444800
2025-11-28,32.5029,32.5515,31.9883,32.0854,1068200
2025-12-01,32.6583,32.9497,32.1339,32.8623,2756400
2025-12-02,32.6972,32.9302,32.2407,32.4738,3387300
2025-12-03,32.5903,32.6098,31.493,31.6484,4276900
2025-12-04,31.5998,32.0368,31.3085,31.7358,3711300
2025-12-05,31.6872,31.7163,31.2017,31.5901,3386800
2025-12-08,31.493,32.2116,31.493,31.9591,2912300
2025-12-09,31.998,32.3767,31.5415,32.3087,3595300
2025-12-10,32.3864,32.5515,31.0463,31.3279,6175500
2025-12-11,31.1822,31.2211,29.9781,30.0752,6835200
2025-12-12,29.9586,30.7841,29.7741,30.5607,7615300
2025-12-15,30.1626,30.8909,30.1432,30.619,3067100
2025-12-16,30.7647,31.5415,30.5607,31.2405,3937100
2025-12-17,31.0948,31.7261,30.7064,31.6872,4635800
2025-12-18,31.2211,31.7649,30.7258,31.5513,2909700
2025-12-19,31.357,31.3862,30.92,31.2599,2297700
2025-12-22,31.124,31.124,30.6287,30.8132,1707900
2025-12-23,31.056,31.056,30.5219,30.687,1907700
2025-12-24,30.7165,30.8248,30.0862,30.1847,935500
2025-12-26,30.2438,30.4506,30.1059,30.2143,906200
2025-12-29,30.4309,30.8248,30.2438,30.687,1320500
2025-12-30,30.687,31.0218,30.687,30.8642,1078600
2025-12-31,30.8938,31.5241,30.8642,31.465,1452800
2026-01-02,31.268,31.9574,30.8642,30.9135,4773800
2026-01-05,30.7855,30.8051,29.3279,29.7415,7547300
2026-01-06,29.84,29.909,28.7961,28.8848,6247400
2026-01-07,28.7173,29.7809,28.609,29.6923,5415300
2026-01-08,30.1059,30.1059,29.0719,29.2491,4670300
2026-01-09,29.2294,29.3969,28.7272,28.8355,5131200
2026-01-12,29.3279,29.7219,28.6189,28.6976,3801500
2026-01-13,28.7666,29.6234,28.6976,29.4067,5213800
2026-01-14,29.6431,30.0173,29.4166,29.4658,5276000
2026-01-15,29.3476,29.3575,28.7173,28.9635,6990900
2026-01-16,28.9734,29.3673,28.7075,29.1507,3997400
2026-01-20,30.4703,30.7953,29.9385,30.687,5481800
2026-01-21,30.5491,30.5589,29.1802,29.584,8432800
2026-01-22,29.1014,29.2885,28.6385,29.0522,4607800
2026-01-23,29.4363,29.8203,29.3673,29.5741,2716700
2026-01-26,29.4363,29.4855,28.8946,29.0325,3514600
2026-01-27,29.6332,30.0074,29.4756,29.7514,2560800
2026-01-28,29.7022,29.9582,29.515,29.7415,2757600
2026-01-29,29.7711,30.5196,29.2393,29.7415,5891700
2026-01-30,29.9681,30.8052,29.7317,29.9878,5322800
2026-02-02,30.0665,30.362,28.934,29.0719,4173800
2026-02-03,29.2491,30.1059,28.6582,29.387,6691100
2026-02-04,29.1211,29.6234,28.6582,28.9438,7549100
2026-02-05,29.3772,30.1256,29.2097,30.0074,6148300
2026-02-06,29.4067,29.4461,27.6931,27.8211,8533900
2026-02-09,27.9787,28.2742,27.634,27.7818,4605500
2026-02-10,27.6143,27.7916,27.1318,27.6833,8676300
2026-02-11,27.3189,28.1461,27.1613,27.7818,6027800
2026-02-12,27.4962,28.9635,27.2696,28.9143,9422400
2026-02-13,28.8946,29.5544,28.412,28.8552,8411800
2026-02-17,28.8552,29.4067,28.4711,28.7567,6437300
2026-02-18,28.609,28.9734,28.1658,28.5696,4401000
2026-02-19,28.8355,29.3673,28.6681,29.0128,4284500
2026-02-20,29.2688,29.4756,28.4908,28.6582,7398700
2026-02-23,28.9438,30.2143,28.5105,30.0764,5913500
2026-02-24,30.0173,30.165,29.1802,29.3969,3840500
2026-02-25,29.062,29.3673,28.806,28.8454,3414200
2026-02-26,28.4711,29.3082,28.2643,28.8552,6292000
2026-02-27,29.8006,30.3029,29.5643,29.7809,6616200
2026-03-02,30.7756,30.815,29.5643,29.8893,10634700
2026-03-03,31.5635,32.174,30.2241,30.5885,13306000
2026-03-04,30.362,30.8741,29.9188,30.1749,7623400
2026-03-05,30.9135,32.3119,30.5885,31.6324,9848700
2026-03-06,32.893,33.5331,32.4006,32.5778,10864300
2026-03-09,33.5036,34.3603,31.7604,32.0559,12258800
2026-03-10,32.0854,32.6468,31.0711,32.0953,11202100
2026-03-11,32.174,33.1786,32.1248,32.696,7250800
2026-03-12,33.6316,34.2619,33.4149,34.252,7624700
2026-03-13,33.7301,34.6459,33.2574,34.5081,7246600
2026-03-16,33.7104,33.9467,33.1293,33.671,5212300
2026-03-17,33.021,33.6119,32.6369,33.5528,3867400
2026-03-18,34.0255,35.2959,33.8089,35.2368,5655100
2026-03-19,35.9853,36.3694,35.1876,35.7095,9470500
2026-03-20,36.0641,37.2656,35.6308,36.7141,10098500
2026-03-23,34.9414,35.5126,34.0452,35.2762,14640400
2026-03-24,36.0838,36.3004,34.8331,35.4732,9223100
2026-03-25,34.4204,35.3225,34.0734,34.7673,9575800
2026-03-26,35.3721,35.9669,34.5195,35.8678,9923500
2026-03-27,36.4031,37.9992,36.3634,37.7811,8817800
2026-03-30,36.7501,38.0389,36.6113,37.6324,9243800
2026-03-31,36.4626,36.9979,34.7277,34.9061,14124700
2026-04-01,34.2419,34.5889,33.8255,34.351,6945100
2026-04-02,35.6001,35.8777,33.9544,34.5195,9208900
2026-04-06,34.7475,34.8764,34.0833,34.1229,4279500
2026-04-07,34.4005,35.1837,34.2518,34.3311,8160800
2026-04-08,31.5057,32.2195,31.1984,31.4462,8809300
2026-04-09,31.7734,31.8527,30.6333,30.901,6240900
2026-04-10,30.8911,31.5652,30.8316,31.4462,3852900
2026-04-13,32.0708,32.2592,30.8613,30.8911,6073600
2026-04-14,30.8415,30.9506,30.1674,30.2566,4385000
2026-04-15,30.0881,30.7523,29.979,30.4351,3296100
2026-04-16,30.217,30.6829,30.0484,30.2467,4600500
2026-04-17,29.3148,29.3445,28.1252,28.6407,8446200
2026-04-20,28.7795,28.9976,28.5614,28.6308,3948700
2026-04-21,28.145,29.3346,27.9467,29.1463,7892700
2026-04-22,28.4622,28.8389,28.3234,28.5812,4243200
2026-04-23,28.9678,29.6618,28.5217,28.8984,7888900
2026-04-24,28.8984,29.3148,28.8389,29.067,3936000
2026-04-27,29.1859,29.4139,28.8389,29.1463,3102100
2026-04-28,28.8588,29.3445,28.7993,29.2256,4106200
2026-04-29,29.3049,30.0286,29.2355,29.7114,4009200
2026-04-30,29.3148,29.4239,28.1252,28.2937,5876100
2026-05-01,27.9566,28.601,27.7584,28.5911,4516700
2026-05-04,28.8786,29.6519,28.72,29.5428,5699200
2026-05-05,29.1463,29.4833,28.829,28.9381,3731300
2026-05-06,28.2441,28.254,27.7088,27.8872,4547700
2026-05-07,27.6592,28.6109,27.5403,28.4127,5661000
2026-05-08,28.026,28.6308,28.0062,28.4226,4335100
2026-05-11,28.4821,28.6704,28.1351,28.2441,4792300
2026-05-12,28.3829,28.9381,28.0459,28.1252,5674700
2026-05-13,28.4226,28.7101,28.2045,28.2838,3892600
2026-05-14,27.57,27.9963,27.4411,27.679,4175900
2026-05-15,28.2045,28.601,28.1648,28.5415,3907300
2026-05-18,28.5118,28.8687,28.1648,28.264,6790100
2026-05-19,28.6704,29.0372,28.4027,28.8092,5480400
2026-05-20,28.492,29.0769,27.5997,27.7286,6348100
2026-05-21,27.9765,28.2342,27.104,27.2627,6104400
2026-05-22,26.6778,26.876,26.3804,26.8066,4578100
2026-05-26,26.5885,27.1536,26.4795,26.9553,2674700
2026-05-27,26.8562,26.876,26.4101,26.7075,4139200
2026-05-28,26.9454,27.223,26.4993,26.6778,3609200
2026-05-29,26.5786,26.6778,26.0433,26.1424,4481500
2026-06-01,26.2713,26.5191,25.9739,26.0433,4839700
2026-06-02,26.42,26.42,25.5773,25.6467,3048200
2026-06-03,26.0829,26.5687,25.845,26.5191,3587400
2026-06-04,25.7062,25.8351,25.0717,25.2204,6379600
2026-06-05,25.0916,26.3903,25.0817,26.2614,6622700
2026-06-08,26.1127,26.4795,25.6467,26.4002,3633500
2026-06-09,26.0036,27.3122,25.6765,26.311,8324400
2026-06-10,26.6381,27.7584,26.4398,27.7484,7163100
2026-06-11,27.2924,27.5303,26.0135,26.2614,7259800
2026-06-12,25.736,26.2713,25.3791,25.726,6184400
2026-06-15,24.7942,25.0023,24.5562,24.9131,3379700
2026-06-16,24.6455,24.695,24.2291,24.4868,4044700
2026-06-17,24.5463,25.3692,24.1101,25.2304,7473200
2026-06-18,24.7347,25.1808,24.6058,25.161,2740900
2026-06-22,24.9924,25.0916,24.6851,24.9627,2292900
2026-06-23,25.2998,25.5476,24.7347,25.042,3801100
2026-06-24,25.1,25.13,24.19,24.75,4056500
2026-06-25,24.39,24.76,23.62,24.65,5672900
2026-06-26,24.99,25.15,24.41,24.9,3996000
2026-06-29,24.52,24.69,24.17,24.36,4007700
2026-06-30,24.22,24.55,24.06,24.17,2136800
2026-07-01,24.32,24.56,23.58,24.17,3175300
2026-07-02,23.8,24.03,23.41,23.46,4980100
2026-07-06,23.37,23.73,23.18,23.18,2554700
2026-07-07,22.87,23.57,22.85,23.39,3135400
2026-07-08,24.09,24.51,23.93,24.15,3236300
2026-07-09,24.06,24.25,23.84,23.96,1694700
2026-07-10,23.79,24.33,23.69,23.78,2708900
2026-07-13,23.79,24.18,23.52,23.97,3298800
2026-07-14,24.11,24.23,23.69,23.94,3601400
2026-07-15,23.8,24.09,23.55,23.78,2926700
2026-07-16,23.67,24.18,23.53,23.96,2706500
2026-07-17,24.66,24.77,23.89,24.5,3695200
2026-07-20,24.34,25.02,24.15,24.92,2872700
2026-07-21,24.69,24.9,24.2,24.41,2251300
2026-07-22,24.43,24.49,24.02,24.43,2580700
2026-07-23,25.31,25.39,24.9,25.15,3461500
2026-07-24,25.05,25.2,24.57,24.84,3309500
2026-07-27,23.99,24.76,23.9,24.48,3662900
2026-07-28,23.82,24.16,23.49,23.7,4837500
2026-07-29,24.3,25.35,24.22,25.22,4889500
2026-07-30,24.77,25.2,24.31,24.36,2564300
2026-07-31,24.05,24.72,23.83,24.02,4395100
2026-08-03,23.31,23.42,23.02,23.08,4602000
2026-08-04,22.2,22.46,21.67,21.88,7138100
2026-08-05,21.55,21.62,21.13,21.62,6641900
2026-08-06,21.5,22.22,21.41,22.16,6792900
2026-08-07,22.13,22.29,21.94,22.0,3501200
2026-08-10,22.13,22.23,21.97,22.09,3250700
2026-08-11,22.0,22.36,21.78,22.31,2978800
2026-08-12,22.12,22.38,22.08,22.34,3024500
2026-08-13,22.16,22.53,22.0,22.26,2703400
2026-08-14,22.36,22.5,22.24,22.42,2024700
2026-08-17,22.7,22.85,22.54,22.75,2422400
2026-08-18,22.87,23.04,22.76,22.92,2885900
2026-08-19,22.63,22.85,22.46,22.75,3742300
2026-08-20,23.28,23.68,23.09,23.64,3904000
2026-08-21,23.26,23.35,22.89,22.97,3985100
2026-08-24,23.02,23.02,22.69,22.79,3946200
2026-08-25,22.47,22.87,22.44,22.61,3362800
2026-08-26,22.6,22.86,22.52,22.73,2756500
2026-08-27,22.82,22.91,22.44,22.62,2370100
2026-08-31,22.88,23.23,22.88,23.13,2046100
2026-09-01,23.5,23.75,23.12,23.63,3443400
