종목,만기월,방향,손절선(%),손절적용,진입일,진입가,청산 목표일,청산일,보유일,청산가,수익률(%),청산 사유
DIA,12,위,무손절,가능,1998-12-18,88.7188,1998-12-25,1998-12-24,4,92.0938,3.8,기한청산
DIA,12,위,무손절,가능,1999-12-17,112.8125,1999-12-24,1999-12-23,4,114.4844,1.48,기한청산
DIA,12,위,무손절,가능,2000-12-15,103.7656,2000-12-22,2000-12-22,5,106.9688,3.09,기한청산
DIA,12,위,무손절,가능,2001-12-21,100.5,2001-12-28,2001-12-28,4,101.16,0.66,기한청산
DIA,12,위,무손절,가능,2002-12-20,85.35,2002-12-27,2002-12-27,4,82.96,-2.8,기한청산
DIA,12,위,무손절,가능,2003-12-19,102.74,2003-12-26,2003-12-26,4,103.27,0.52,기한청산
DIA,12,위,무손절,가능,2004-12-17,106.53,2004-12-24,2004-12-23,4,108.15,1.52,기한청산
DIA,12,위,무손절,가능,2005-12-16,108.51,2005-12-23,2005-12-23,5,108.75,0.22,기한청산
DIA,12,위,무손절,가능,2006-12-15,124.15,2006-12-22,2006-12-22,5,123.18,-0.78,기한청산
DIA,12,위,무손절,가능,2007-12-21,134.34,2007-12-28,2007-12-28,4,133.41,-0.69,기한청산
DIA,12,위,무손절,가능,2008-12-19,85.36,2008-12-26,2008-12-26,4,85.07,-0.34,기한청산
DIA,12,위,무손절,가능,2009-12-18,103.14,2009-12-25,2009-12-24,4,105.0,1.8,기한청산
DIA,12,위,무손절,가능,2010-12-17,114.95,2010-12-24,2010-12-23,4,115.73,0.68,기한청산
DIA,12,위,무손절,가능,2011-12-16,118.22,2011-12-23,2011-12-23,5,122.63,3.73,기한청산
DIA,12,위,무손절,가능,2012-12-21,131.79,2012-12-28,2012-12-28,4,129.07,-2.06,기한청산
DIA,12,위,무손절,가능,2013-12-20,162.01,2013-12-27,2013-12-27,4,164.47,1.52,기한청산
DIA,12,위,무손절,가능,2014-12-19,177.65,2014-12-26,2014-12-26,4,180.19,1.43,기한청산
DIA,12,위,무손절,가능,2015-12-18,171.0,2015-12-25,2015-12-24,4,175.22,2.47,기한청산
DIA,12,위,무손절,가능,2016-12-16,198.19,2016-12-23,2016-12-23,5,199.05,0.43,기한청산
DIA,12,위,무손절,가능,2017-12-15,246.25,2017-12-22,2017-12-22,5,247.4,0.47,기한청산
DIA,12,위,무손절,가능,2018-12-21,224.09,2018-12-28,2018-12-28,4,230.48,2.85,기한청산
DIA,12,위,무손절,가능,2019-12-20,284.46,2019-12-27,2019-12-27,4,286.33,0.66,기한청산
DIA,12,위,무손절,가능,2020-12-18,301.9,2020-12-25,2020-12-24,4,302.02,0.04,기한청산
DIA,12,위,무손절,가능,2021-12-17,353.63,2021-12-24,2021-12-23,4,359.36,1.62,기한청산
DIA,12,위,무손절,가능,2022-12-16,328.97,2022-12-23,2022-12-23,5,331.93,0.9,기한청산
DIA,12,위,무손절,가능,2023-12-15,372.63,2023-12-22,2023-12-22,5,373.8,0.31,기한청산
DIA,12,위,무손절,가능,2024-12-20,428.54,2024-12-27,2024-12-27,4,430.0,0.34,기한청산
DIA,12,위,무손절,가능,2025-12-19,481.15,2025-12-26,2025-12-26,4,487.03,1.22,기한청산
DIA,12,위,-1.0,가능,1998-12-18,88.7188,1998-12-25,1998-12-24,4,92.0938,3.8,기한청산
DIA,12,위,-1.0,가능,1999-12-17,112.8125,1999-12-24,1999-12-20,1,111.6844,-1.0,장중손절
DIA,12,위,-1.0,가능,2000-12-15,103.7656,2000-12-22,2000-12-22,5,106.9688,3.09,기한청산
DIA,12,위,-1.0,가능,2001-12-21,100.5,2001-12-28,2001-12-28,4,101.16,0.66,기한청산
DIA,12,위,-1.0,가능,2002-12-20,85.35,2002-12-27,2002-12-24,2,84.4965,-1.0,장중손절
DIA,12,위,-1.0,가능,2003-12-19,102.74,2003-12-26,2003-12-26,4,103.27,0.52,기한청산
DIA,12,위,-1.0,가능,2004-12-17,106.53,2004-12-24,2004-12-23,4,108.15,1.52,기한청산
DIA,12,위,-1.0,가능,2005-12-16,108.51,2005-12-23,2005-12-23,5,108.75,0.22,기한청산
DIA,12,위,-1.0,가능,2006-12-15,124.15,2006-12-22,2006-12-22,5,123.18,-0.78,기한청산
DIA,12,위,-1.0,가능,2007-12-21,134.34,2007-12-28,2007-12-28,4,132.9966,-1.0,장중손절
DIA,12,위,-1.0,가능,2008-12-19,85.36,2008-12-26,2008-12-22,1,84.5064,-1.0,장중손절
DIA,12,위,-1.0,가능,2009-12-18,103.14,2009-12-25,2009-12-24,4,105.0,1.8,기한청산
DIA,12,위,-1.0,가능,2010-12-17,114.95,2010-12-24,2010-12-23,4,115.73,0.68,기한청산
DIA,12,위,-1.0,가능,2011-12-16,118.22,2011-12-23,2011-12-23,5,122.63,3.73,기한청산
DIA,12,위,-1.0,가능,2012-12-21,131.79,2012-12-28,2012-12-26,2,130.4721,-1.0,장중손절
DIA,12,위,-1.0,가능,2013-12-20,162.01,2013-12-27,2013-12-27,4,164.47,1.52,기한청산
DIA,12,위,-1.0,가능,2014-12-19,177.65,2014-12-26,2014-12-26,4,180.19,1.43,기한청산
DIA,12,위,-1.0,가능,2015-12-18,171.0,2015-12-25,2015-12-24,4,175.22,2.47,기한청산
DIA,12,위,-1.0,가능,2016-12-16,198.19,2016-12-23,2016-12-23,5,199.05,0.43,기한청산
DIA,12,위,-1.0,가능,2017-12-15,246.25,2017-12-22,2017-12-22,5,247.4,0.47,기한청산
DIA,12,위,-1.0,가능,2018-12-21,224.09,2018-12-28,2018-12-24,1,221.8491,-1.0,장중손절
DIA,12,위,-1.0,가능,2019-12-20,284.46,2019-12-27,2019-12-27,4,286.33,0.66,기한청산
DIA,12,위,-1.0,가능,2020-12-18,301.9,2020-12-25,2020-12-21,1,298.79,-1.03,갭손절
DIA,12,위,-1.0,가능,2021-12-17,353.63,2021-12-24,2021-12-20,1,349.38,-1.2,갭손절
DIA,12,위,-1.0,가능,2022-12-16,328.97,2022-12-23,2022-12-22,4,325.6803,-1.0,장중손절
DIA,12,위,-1.0,가능,2023-12-15,372.63,2023-12-22,2023-12-22,5,373.8,0.31,기한청산
DIA,12,위,-1.0,가능,2024-12-20,428.54,2024-12-27,2024-12-27,4,430.0,0.34,기한청산
DIA,12,위,-1.0,가능,2025-12-19,481.15,2025-12-26,2025-12-26,4,487.03,1.22,기한청산
DIA,12,위,-1.5,가능,1998-12-18,88.7188,1998-12-25,1998-12-24,4,92.0938,3.8,기한청산
DIA,12,위,-1.5,가능,1999-12-17,112.8125,1999-12-24,1999-12-21,2,111.0625,-1.55,갭손절
DIA,12,위,-1.5,가능,2000-12-15,103.7656,2000-12-22,2000-12-22,5,106.9688,3.09,기한청산
DIA,12,위,-1.5,가능,2001-12-21,100.5,2001-12-28,2001-12-28,4,101.16,0.66,기한청산
DIA,12,위,-1.5,가능,2002-12-20,85.35,2002-12-27,2002-12-27,4,84.0697,-1.5,장중손절
DIA,12,위,-1.5,가능,2003-12-19,102.74,2003-12-26,2003-12-26,4,103.27,0.52,기한청산
DIA,12,위,-1.5,가능,2004-12-17,106.53,2004-12-24,2004-12-23,4,108.15,1.52,기한청산
DIA,12,위,-1.5,가능,2005-12-16,108.51,2005-12-23,2005-12-23,5,108.75,0.22,기한청산
DIA,12,위,-1.5,가능,2006-12-15,124.15,2006-12-22,2006-12-22,5,123.18,-0.78,기한청산
DIA,12,위,-1.5,가능,2007-12-21,134.34,2007-12-28,2007-12-28,4,133.41,-0.69,기한청산
DIA,12,위,-1.5,가능,2008-12-19,85.36,2008-12-26,2008-12-22,1,84.0796,-1.5,장중손절
DIA,12,위,-1.5,가능,2009-12-18,103.14,2009-12-25,2009-12-24,4,105.0,1.8,기한청산
DIA,12,위,-1.5,가능,2010-12-17,114.95,2010-12-24,2010-12-23,4,115.73,0.68,기한청산
DIA,12,위,-1.5,가능,2011-12-16,118.22,2011-12-23,2011-12-23,5,122.63,3.73,기한청산
DIA,12,위,-1.5,가능,2012-12-21,131.79,2012-12-28,2012-12-27,3,129.8131,-1.5,장중손절
DIA,12,위,-1.5,가능,2013-12-20,162.01,2013-12-27,2013-12-27,4,164.47,1.52,기한청산
DIA,12,위,-1.5,가능,2014-12-19,177.65,2014-12-26,2014-12-26,4,180.19,1.43,기한청산
DIA,12,위,-1.5,가능,2015-12-18,171.0,2015-12-25,2015-12-24,4,175.22,2.47,기한청산
DIA,12,위,-1.5,가능,2016-12-16,198.19,2016-12-23,2016-12-23,5,199.05,0.43,기한청산
DIA,12,위,-1.5,가능,2017-12-15,246.25,2017-12-22,2017-12-22,5,247.4,0.47,기한청산
DIA,12,위,-1.5,가능,2018-12-21,224.09,2018-12-28,2018-12-24,1,220.7286,-1.5,장중손절
DIA,12,위,-1.5,가능,2019-12-20,284.46,2019-12-27,2019-12-27,4,286.33,0.66,기한청산
DIA,12,위,-1.5,가능,2020-12-18,301.9,2020-12-25,2020-12-24,4,302.02,0.04,기한청산
DIA,12,위,-1.5,가능,2021-12-17,353.63,2021-12-24,2021-12-20,1,348.3255,-1.5,장중손절
DIA,12,위,-1.5,가능,2022-12-16,328.97,2022-12-23,2022-12-23,5,331.93,0.9,기한청산
DIA,12,위,-1.5,가능,2023-12-15,372.63,2023-12-22,2023-12-22,5,373.8,0.31,기한청산
DIA,12,위,-1.5,가능,2024-12-20,428.54,2024-12-27,2024-12-27,4,430.0,0.34,기한청산
DIA,12,위,-1.5,가능,2025-12-19,481.15,2025-12-26,2025-12-26,4,487.03,1.22,기한청산
DIA,12,위,-2.0,가능,1998-12-18,88.7188,1998-12-25,1998-12-24,4,92.0938,3.8,기한청산
DIA,12,위,-2.0,가능,1999-12-17,112.8125,1999-12-24,1999-12-23,4,114.4844,1.48,기한청산
DIA,12,위,-2.0,가능,2000-12-15,103.7656,2000-12-22,2000-12-22,5,106.9688,3.09,기한청산
DIA,12,위,-2.0,가능,2001-12-21,100.5,2001-12-28,2001-12-28,4,101.16,0.66,기한청산
DIA,12,위,-2.0,가능,2002-12-20,85.35,2002-12-27,2002-12-27,4,83.643,-2.0,장중손절
DIA,12,위,-2.0,가능,2003-12-19,102.74,2003-12-26,2003-12-26,4,103.27,0.52,기한청산
DIA,12,위,-2.0,가능,2004-12-17,106.53,2004-12-24,2004-12-23,4,108.15,1.52,기한청산
DIA,12,위,-2.0,가능,2005-12-16,108.51,2005-12-23,2005-12-23,5,108.75,0.22,기한청산
DIA,12,위,-2.0,가능,2006-12-15,124.15,2006-12-22,2006-12-22,5,123.18,-0.78,기한청산
DIA,12,위,-2.0,가능,2007-12-21,134.34,2007-12-28,2007-12-28,4,133.41,-0.69,기한청산
DIA,12,위,-2.0,가능,2008-12-19,85.36,2008-12-26,2008-12-22,1,83.6528,-2.0,장중손절
DIA,12,위,-2.0,가능,2009-12-18,103.14,2009-12-25,2009-12-24,4,105.0,1.8,기한청산
DIA,12,위,-2.0,가능,2010-12-17,114.95,2010-12-24,2010-12-23,4,115.73,0.68,기한청산
DIA,12,위,-2.0,가능,2011-12-16,118.22,2011-12-23,2011-12-23,5,122.63,3.73,기한청산
DIA,12,위,-2.0,가능,2012-12-21,131.79,2012-12-28,2012-12-28,4,129.1542,-2.0,장중손절
DIA,12,위,-2.0,가능,2013-12-20,162.01,2013-12-27,2013-12-27,4,164.47,1.52,기한청산
DIA,12,위,-2.0,가능,2014-12-19,177.65,2014-12-26,2014-12-26,4,180.19,1.43,기한청산
DIA,12,위,-2.0,가능,2015-12-18,171.0,2015-12-25,2015-12-24,4,175.22,2.47,기한청산
DIA,12,위,-2.0,가능,2016-12-16,198.19,2016-12-23,2016-12-23,5,199.05,0.43,기한청산
DIA,12,위,-2.0,가능,2017-12-15,246.25,2017-12-22,2017-12-22,5,247.4,0.47,기한청산
DIA,12,위,-2.0,가능,2018-12-21,224.09,2018-12-28,2018-12-24,1,219.6082,-2.0,장중손절
DIA,12,위,-2.0,가능,2019-12-20,284.46,2019-12-27,2019-12-27,4,286.33,0.66,기한청산
DIA,12,위,-2.0,가능,2020-12-18,301.9,2020-12-25,2020-12-24,4,302.02,0.04,기한청산
DIA,12,위,-2.0,가능,2021-12-17,353.63,2021-12-24,2021-12-20,1,346.5574,-2.0,장중손절
DIA,12,위,-2.0,가능,2022-12-16,328.97,2022-12-23,2022-12-23,5,331.93,0.9,기한청산
DIA,12,위,-2.0,가능,2023-12-15,372.63,2023-12-22,2023-12-22,5,373.8,0.31,기한청산
DIA,12,위,-2.0,가능,2024-12-20,428.54,2024-12-27,2024-12-27,4,430.0,0.34,기한청산
DIA,12,위,-2.0,가능,2025-12-19,481.15,2025-12-26,2025-12-26,4,487.03,1.22,기한청산
DIA,12,위,-2.5,가능,1998-12-18,88.7188,1998-12-25,1998-12-24,4,92.0938,3.8,기한청산
DIA,12,위,-2.5,가능,1999-12-17,112.8125,1999-12-24,1999-12-23,4,114.4844,1.48,기한청산
DIA,12,위,-2.5,가능,2000-12-15,103.7656,2000-12-22,2000-12-22,5,106.9688,3.09,기한청산
DIA,12,위,-2.5,가능,2001-12-21,100.5,2001-12-28,2001-12-28,4,101.16,0.66,기한청산
DIA,12,위,-2.5,가능,2002-12-20,85.35,2002-12-27,2002-12-27,4,83.2162,-2.5,장중손절
DIA,12,위,-2.5,가능,2003-12-19,102.74,2003-12-26,2003-12-26,4,103.27,0.52,기한청산
DIA,12,위,-2.5,가능,2004-12-17,106.53,2004-12-24,2004-12-23,4,108.15,1.52,기한청산
DIA,12,위,-2.5,가능,2005-12-16,108.51,2005-12-23,2005-12-23,5,108.75,0.22,기한청산
DIA,12,위,-2.5,가능,2006-12-15,124.15,2006-12-22,2006-12-22,5,123.18,-0.78,기한청산
DIA,12,위,-2.5,가능,2007-12-21,134.34,2007-12-28,2007-12-28,4,133.41,-0.69,기한청산
DIA,12,위,-2.5,가능,2008-12-19,85.36,2008-12-26,2008-12-26,4,85.07,-0.34,기한청산
DIA,12,위,-2.5,가능,2009-12-18,103.14,2009-12-25,2009-12-24,4,105.0,1.8,기한청산
DIA,12,위,-2.5,가능,2010-12-17,114.95,2010-12-24,2010-12-23,4,115.73,0.68,기한청산
DIA,12,위,-2.5,가능,2011-12-16,118.22,2011-12-23,2011-12-23,5,122.63,3.73,기한청산
DIA,12,위,-2.5,가능,2012-12-21,131.79,2012-12-28,2012-12-28,4,129.07,-2.06,기한청산
DIA,12,위,-2.5,가능,2013-12-20,162.01,2013-12-27,2013-12-27,4,164.47,1.52,기한청산
DIA,12,위,-2.5,가능,2014-12-19,177.65,2014-12-26,2014-12-26,4,180.19,1.43,기한청산
DIA,12,위,-2.5,가능,2015-12-18,171.0,2015-12-25,2015-12-24,4,175.22,2.47,기한청산
DIA,12,위,-2.5,가능,2016-12-16,198.19,2016-12-23,2016-12-23,5,199.05,0.43,기한청산
DIA,12,위,-2.5,가능,2017-12-15,246.25,2017-12-22,2017-12-22,5,247.4,0.47,기한청산
DIA,12,위,-2.5,가능,2018-12-21,224.09,2018-12-28,2018-12-24,1,218.4878,-2.5,장중손절
DIA,12,위,-2.5,가능,2019-12-20,284.46,2019-12-27,2019-12-27,4,286.33,0.66,기한청산
DIA,12,위,-2.5,가능,2020-12-18,301.9,2020-12-25,2020-12-24,4,302.02,0.04,기한청산
DIA,12,위,-2.5,가능,2021-12-17,353.63,2021-12-24,2021-12-23,4,359.36,1.62,기한청산
DIA,12,위,-2.5,가능,2022-12-16,328.97,2022-12-23,2022-12-23,5,331.93,0.9,기한청산
DIA,12,위,-2.5,가능,2023-12-15,372.63,2023-12-22,2023-12-22,5,373.8,0.31,기한청산
DIA,12,위,-2.5,가능,2024-12-20,428.54,2024-12-27,2024-12-27,4,430.0,0.34,기한청산
DIA,12,위,-2.5,가능,2025-12-19,481.15,2025-12-26,2025-12-26,4,487.03,1.22,기한청산
DIA,12,위,-3.0,가능,1998-12-18,88.7188,1998-12-25,1998-12-24,4,92.0938,3.8,기한청산
DIA,12,위,-3.0,가능,1999-12-17,112.8125,1999-12-24,1999-12-23,4,114.4844,1.48,기한청산
DIA,12,위,-3.0,가능,2000-12-15,103.7656,2000-12-22,2000-12-22,5,106.9688,3.09,기한청산
DIA,12,위,-3.0,가능,2001-12-21,100.5,2001-12-28,2001-12-28,4,101.16,0.66,기한청산
DIA,12,위,-3.0,가능,2002-12-20,85.35,2002-12-27,2002-12-27,4,82.96,-2.8,기한청산
DIA,12,위,-3.0,가능,2003-12-19,102.74,2003-12-26,2003-12-26,4,103.27,0.52,기한청산
DIA,12,위,-3.0,가능,2004-12-17,106.53,2004-12-24,2004-12-23,4,108.15,1.52,기한청산
DIA,12,위,-3.0,가능,2005-12-16,108.51,2005-12-23,2005-12-23,5,108.75,0.22,기한청산
DIA,12,위,-3.0,가능,2006-12-15,124.15,2006-12-22,2006-12-22,5,123.18,-0.78,기한청산
DIA,12,위,-3.0,가능,2007-12-21,134.34,2007-12-28,2007-12-28,4,133.41,-0.69,기한청산
DIA,12,위,-3.0,가능,2008-12-19,85.36,2008-12-26,2008-12-26,4,85.07,-0.34,기한청산
DIA,12,위,-3.0,가능,2009-12-18,103.14,2009-12-25,2009-12-24,4,105.0,1.8,기한청산
DIA,12,위,-3.0,가능,2010-12-17,114.95,2010-12-24,2010-12-23,4,115.73,0.68,기한청산
DIA,12,위,-3.0,가능,2011-12-16,118.22,2011-12-23,2011-12-23,5,122.63,3.73,기한청산
DIA,12,위,-3.0,가능,2012-12-21,131.79,2012-12-28,2012-12-28,4,129.07,-2.06,기한청산
DIA,12,위,-3.0,가능,2013-12-20,162.01,2013-12-27,2013-12-27,4,164.47,1.52,기한청산
DIA,12,위,-3.0,가능,2014-12-19,177.65,2014-12-26,2014-12-26,4,180.19,1.43,기한청산
DIA,12,위,-3.0,가능,2015-12-18,171.0,2015-12-25,2015-12-24,4,175.22,2.47,기한청산
DIA,12,위,-3.0,가능,2016-12-16,198.19,2016-12-23,2016-12-23,5,199.05,0.43,기한청산
DIA,12,위,-3.0,가능,2017-12-15,246.25,2017-12-22,2017-12-22,5,247.4,0.47,기한청산
DIA,12,위,-3.0,가능,2018-12-21,224.09,2018-12-28,2018-12-26,2,217.3673,-3.0,장중손절
DIA,12,위,-3.0,가능,2019-12-20,284.46,2019-12-27,2019-12-27,4,286.33,0.66,기한청산
DIA,12,위,-3.0,가능,2020-12-18,301.9,2020-12-25,2020-12-24,4,302.02,0.04,기한청산
DIA,12,위,-3.0,가능,2021-12-17,353.63,2021-12-24,2021-12-23,4,359.36,1.62,기한청산
DIA,12,위,-3.0,가능,2022-12-16,328.97,2022-12-23,2022-12-23,5,331.93,0.9,기한청산
DIA,12,위,-3.0,가능,2023-12-15,372.63,2023-12-22,2023-12-22,5,373.8,0.31,기한청산
DIA,12,위,-3.0,가능,2024-12-20,428.54,2024-12-27,2024-12-27,4,430.0,0.34,기한청산
DIA,12,위,-3.0,가능,2025-12-19,481.15,2025-12-26,2025-12-26,4,487.03,1.22,기한청산
DIA,12,위,-3.5,가능,1998-12-18,88.7188,1998-12-25,1998-12-24,4,92.0938,3.8,기한청산
DIA,12,위,-3.5,가능,1999-12-17,112.8125,1999-12-24,1999-12-23,4,114.4844,1.48,기한청산
DIA,12,위,-3.5,가능,2000-12-15,103.7656,2000-12-22,2000-12-22,5,106.9688,3.09,기한청산
DIA,12,위,-3.5,가능,2001-12-21,100.5,2001-12-28,2001-12-28,4,101.16,0.66,기한청산
DIA,12,위,-3.5,가능,2002-12-20,85.35,2002-12-27,2002-12-27,4,82.96,-2.8,기한청산
DIA,12,위,-3.5,가능,2003-12-19,102.74,2003-12-26,2003-12-26,4,103.27,0.52,기한청산
DIA,12,위,-3.5,가능,2004-12-17,106.53,2004-12-24,2004-12-23,4,108.15,1.52,기한청산
DIA,12,위,-3.5,가능,2005-12-16,108.51,2005-12-23,2005-12-23,5,108.75,0.22,기한청산
DIA,12,위,-3.5,가능,2006-12-15,124.15,2006-12-22,2006-12-22,5,123.18,-0.78,기한청산
DIA,12,위,-3.5,가능,2007-12-21,134.34,2007-12-28,2007-12-28,4,133.41,-0.69,기한청산
DIA,12,위,-3.5,가능,2008-12-19,85.36,2008-12-26,2008-12-26,4,85.07,-0.34,기한청산
DIA,12,위,-3.5,가능,2009-12-18,103.14,2009-12-25,2009-12-24,4,105.0,1.8,기한청산
DIA,12,위,-3.5,가능,2010-12-17,114.95,2010-12-24,2010-12-23,4,115.73,0.68,기한청산
DIA,12,위,-3.5,가능,2011-12-16,118.22,2011-12-23,2011-12-23,5,122.63,3.73,기한청산
DIA,12,위,-3.5,가능,2012-12-21,131.79,2012-12-28,2012-12-28,4,129.07,-2.06,기한청산
DIA,12,위,-3.5,가능,2013-12-20,162.01,2013-12-27,2013-12-27,4,164.47,1.52,기한청산
DIA,12,위,-3.5,가능,2014-12-19,177.65,2014-12-26,2014-12-26,4,180.19,1.43,기한청산
DIA,12,위,-3.5,가능,2015-12-18,171.0,2015-12-25,2015-12-24,4,175.22,2.47,기한청산
DIA,12,위,-3.5,가능,2016-12-16,198.19,2016-12-23,2016-12-23,5,199.05,0.43,기한청산
DIA,12,위,-3.5,가능,2017-12-15,246.25,2017-12-22,2017-12-22,5,247.4,0.47,기한청산
DIA,12,위,-3.5,가능,2018-12-21,224.09,2018-12-28,2018-12-28,4,230.48,2.85,기한청산
DIA,12,위,-3.5,가능,2019-12-20,284.46,2019-12-27,2019-12-27,4,286.33,0.66,기한청산
DIA,12,위,-3.5,가능,2020-12-18,301.9,2020-12-25,2020-12-24,4,302.02,0.04,기한청산
DIA,12,위,-3.5,가능,2021-12-17,353.63,2021-12-24,2021-12-23,4,359.36,1.62,기한청산
DIA,12,위,-3.5,가능,2022-12-16,328.97,2022-12-23,2022-12-23,5,331.93,0.9,기한청산
DIA,12,위,-3.5,가능,2023-12-15,372.63,2023-12-22,2023-12-22,5,373.8,0.31,기한청산
DIA,12,위,-3.5,가능,2024-12-20,428.54,2024-12-27,2024-12-27,4,430.0,0.34,기한청산
DIA,12,위,-3.5,가능,2025-12-19,481.15,2025-12-26,2025-12-26,4,487.03,1.22,기한청산
DIA,12,위,-4.0,가능,1998-12-18,88.7188,1998-12-25,1998-12-24,4,92.0938,3.8,기한청산
DIA,12,위,-4.0,가능,1999-12-17,112.8125,1999-12-24,1999-12-23,4,114.4844,1.48,기한청산
DIA,12,위,-4.0,가능,2000-12-15,103.7656,2000-12-22,2000-12-22,5,106.9688,3.09,기한청산
DIA,12,위,-4.0,가능,2001-12-21,100.5,2001-12-28,2001-12-28,4,101.16,0.66,기한청산
DIA,12,위,-4.0,가능,2002-12-20,85.35,2002-12-27,2002-12-27,4,82.96,-2.8,기한청산
DIA,12,위,-4.0,가능,2003-12-19,102.74,2003-12-26,2003-12-26,4,103.27,0.52,기한청산
DIA,12,위,-4.0,가능,2004-12-17,106.53,2004-12-24,2004-12-23,4,108.15,1.52,기한청산
DIA,12,위,-4.0,가능,2005-12-16,108.51,2005-12-23,2005-12-23,5,108.75,0.22,기한청산
DIA,12,위,-4.0,가능,2006-12-15,124.15,2006-12-22,2006-12-22,5,123.18,-0.78,기한청산
DIA,12,위,-4.0,가능,2007-12-21,134.34,2007-12-28,2007-12-28,4,133.41,-0.69,기한청산
DIA,12,위,-4.0,가능,2008-12-19,85.36,2008-12-26,2008-12-26,4,85.07,-0.34,기한청산
DIA,12,위,-4.0,가능,2009-12-18,103.14,2009-12-25,2009-12-24,4,105.0,1.8,기한청산
DIA,12,위,-4.0,가능,2010-12-17,114.95,2010-12-24,2010-12-23,4,115.73,0.68,기한청산
DIA,12,위,-4.0,가능,2011-12-16,118.22,2011-12-23,2011-12-23,5,122.63,3.73,기한청산
DIA,12,위,-4.0,가능,2012-12-21,131.79,2012-12-28,2012-12-28,4,129.07,-2.06,기한청산
DIA,12,위,-4.0,가능,2013-12-20,162.01,2013-12-27,2013-12-27,4,164.47,1.52,기한청산
DIA,12,위,-4.0,가능,2014-12-19,177.65,2014-12-26,2014-12-26,4,180.19,1.43,기한청산
DIA,12,위,-4.0,가능,2015-12-18,171.0,2015-12-25,2015-12-24,4,175.22,2.47,기한청산
DIA,12,위,-4.0,가능,2016-12-16,198.19,2016-12-23,2016-12-23,5,199.05,0.43,기한청산
DIA,12,위,-4.0,가능,2017-12-15,246.25,2017-12-22,2017-12-22,5,247.4,0.47,기한청산
DIA,12,위,-4.0,가능,2018-12-21,224.09,2018-12-28,2018-12-28,4,230.48,2.85,기한청산
DIA,12,위,-4.0,가능,2019-12-20,284.46,2019-12-27,2019-12-27,4,286.33,0.66,기한청산
DIA,12,위,-4.0,가능,2020-12-18,301.9,2020-12-25,2020-12-24,4,302.02,0.04,기한청산
DIA,12,위,-4.0,가능,2021-12-17,353.63,2021-12-24,2021-12-23,4,359.36,1.62,기한청산
DIA,12,위,-4.0,가능,2022-12-16,328.97,2022-12-23,2022-12-23,5,331.93,0.9,기한청산
DIA,12,위,-4.0,가능,2023-12-15,372.63,2023-12-22,2023-12-22,5,373.8,0.31,기한청산
DIA,12,위,-4.0,가능,2024-12-20,428.54,2024-12-27,2024-12-27,4,430.0,0.34,기한청산
DIA,12,위,-4.0,가능,2025-12-19,481.15,2025-12-26,2025-12-26,4,487.03,1.22,기한청산
DIA,12,위,-4.5,가능,1998-12-18,88.7188,1998-12-25,1998-12-24,4,92.0938,3.8,기한청산
DIA,12,위,-4.5,가능,1999-12-17,112.8125,1999-12-24,1999-12-23,4,114.4844,1.48,기한청산
DIA,12,위,-4.5,가능,2000-12-15,103.7656,2000-12-22,2000-12-22,5,106.9688,3.09,기한청산
DIA,12,위,-4.5,가능,2001-12-21,100.5,2001-12-28,2001-12-28,4,101.16,0.66,기한청산
DIA,12,위,-4.5,가능,2002-12-20,85.35,2002-12-27,2002-12-27,4,82.96,-2.8,기한청산
DIA,12,위,-4.5,가능,2003-12-19,102.74,2003-12-26,2003-12-26,4,103.27,0.52,기한청산
DIA,12,위,-4.5,가능,2004-12-17,106.53,2004-12-24,2004-12-23,4,108.15,1.52,기한청산
DIA,12,위,-4.5,가능,2005-12-16,108.51,2005-12-23,2005-12-23,5,108.75,0.22,기한청산
DIA,12,위,-4.5,가능,2006-12-15,124.15,2006-12-22,2006-12-22,5,123.18,-0.78,기한청산
DIA,12,위,-4.5,가능,2007-12-21,134.34,2007-12-28,2007-12-28,4,133.41,-0.69,기한청산
DIA,12,위,-4.5,가능,2008-12-19,85.36,2008-12-26,2008-12-26,4,85.07,-0.34,기한청산
DIA,12,위,-4.5,가능,2009-12-18,103.14,2009-12-25,2009-12-24,4,105.0,1.8,기한청산
DIA,12,위,-4.5,가능,2010-12-17,114.95,2010-12-24,2010-12-23,4,115.73,0.68,기한청산
DIA,12,위,-4.5,가능,2011-12-16,118.22,2011-12-23,2011-12-23,5,122.63,3.73,기한청산
DIA,12,위,-4.5,가능,2012-12-21,131.79,2012-12-28,2012-12-28,4,129.07,-2.06,기한청산
DIA,12,위,-4.5,가능,2013-12-20,162.01,2013-12-27,2013-12-27,4,164.47,1.52,기한청산
DIA,12,위,-4.5,가능,2014-12-19,177.65,2014-12-26,2014-12-26,4,180.19,1.43,기한청산
DIA,12,위,-4.5,가능,2015-12-18,171.0,2015-12-25,2015-12-24,4,175.22,2.47,기한청산
DIA,12,위,-4.5,가능,2016-12-16,198.19,2016-12-23,2016-12-23,5,199.05,0.43,기한청산
DIA,12,위,-4.5,가능,2017-12-15,246.25,2017-12-22,2017-12-22,5,247.4,0.47,기한청산
DIA,12,위,-4.5,가능,2018-12-21,224.09,2018-12-28,2018-12-28,4,230.48,2.85,기한청산
DIA,12,위,-4.5,가능,2019-12-20,284.46,2019-12-27,2019-12-27,4,286.33,0.66,기한청산
DIA,12,위,-4.5,가능,2020-12-18,301.9,2020-12-25,2020-12-24,4,302.02,0.04,기한청산
DIA,12,위,-4.5,가능,2021-12-17,353.63,2021-12-24,2021-12-23,4,359.36,1.62,기한청산
DIA,12,위,-4.5,가능,2022-12-16,328.97,2022-12-23,2022-12-23,5,331.93,0.9,기한청산
DIA,12,위,-4.5,가능,2023-12-15,372.63,2023-12-22,2023-12-22,5,373.8,0.31,기한청산
DIA,12,위,-4.5,가능,2024-12-20,428.54,2024-12-27,2024-12-27,4,430.0,0.34,기한청산
DIA,12,위,-4.5,가능,2025-12-19,481.15,2025-12-26,2025-12-26,4,487.03,1.22,기한청산
DIA,12,위,-5.0,가능,1998-12-18,88.7188,1998-12-25,1998-12-24,4,92.0938,3.8,기한청산
DIA,12,위,-5.0,가능,1999-12-17,112.8125,1999-12-24,1999-12-23,4,114.4844,1.48,기한청산
DIA,12,위,-5.0,가능,2000-12-15,103.7656,2000-12-22,2000-12-22,5,106.9688,3.09,기한청산
DIA,12,위,-5.0,가능,2001-12-21,100.5,2001-12-28,2001-12-28,4,101.16,0.66,기한청산
DIA,12,위,-5.0,가능,2002-12-20,85.35,2002-12-27,2002-12-27,4,82.96,-2.8,기한청산
DIA,12,위,-5.0,가능,2003-12-19,102.74,2003-12-26,2003-12-26,4,103.27,0.52,기한청산
DIA,12,위,-5.0,가능,2004-12-17,106.53,2004-12-24,2004-12-23,4,108.15,1.52,기한청산
DIA,12,위,-5.0,가능,2005-12-16,108.51,2005-12-23,2005-12-23,5,108.75,0.22,기한청산
DIA,12,위,-5.0,가능,2006-12-15,124.15,2006-12-22,2006-12-22,5,123.18,-0.78,기한청산
DIA,12,위,-5.0,가능,2007-12-21,134.34,2007-12-28,2007-12-28,4,133.41,-0.69,기한청산
DIA,12,위,-5.0,가능,2008-12-19,85.36,2008-12-26,2008-12-26,4,85.07,-0.34,기한청산
DIA,12,위,-5.0,가능,2009-12-18,103.14,2009-12-25,2009-12-24,4,105.0,1.8,기한청산
DIA,12,위,-5.0,가능,2010-12-17,114.95,2010-12-24,2010-12-23,4,115.73,0.68,기한청산
DIA,12,위,-5.0,가능,2011-12-16,118.22,2011-12-23,2011-12-23,5,122.63,3.73,기한청산
DIA,12,위,-5.0,가능,2012-12-21,131.79,2012-12-28,2012-12-28,4,129.07,-2.06,기한청산
DIA,12,위,-5.0,가능,2013-12-20,162.01,2013-12-27,2013-12-27,4,164.47,1.52,기한청산
DIA,12,위,-5.0,가능,2014-12-19,177.65,2014-12-26,2014-12-26,4,180.19,1.43,기한청산
DIA,12,위,-5.0,가능,2015-12-18,171.0,2015-12-25,2015-12-24,4,175.22,2.47,기한청산
DIA,12,위,-5.0,가능,2016-12-16,198.19,2016-12-23,2016-12-23,5,199.05,0.43,기한청산
DIA,12,위,-5.0,가능,2017-12-15,246.25,2017-12-22,2017-12-22,5,247.4,0.47,기한청산
DIA,12,위,-5.0,가능,2018-12-21,224.09,2018-12-28,2018-12-28,4,230.48,2.85,기한청산
DIA,12,위,-5.0,가능,2019-12-20,284.46,2019-12-27,2019-12-27,4,286.33,0.66,기한청산
DIA,12,위,-5.0,가능,2020-12-18,301.9,2020-12-25,2020-12-24,4,302.02,0.04,기한청산
DIA,12,위,-5.0,가능,2021-12-17,353.63,2021-12-24,2021-12-23,4,359.36,1.62,기한청산
DIA,12,위,-5.0,가능,2022-12-16,328.97,2022-12-23,2022-12-23,5,331.93,0.9,기한청산
DIA,12,위,-5.0,가능,2023-12-15,372.63,2023-12-22,2023-12-22,5,373.8,0.31,기한청산
DIA,12,위,-5.0,가능,2024-12-20,428.54,2024-12-27,2024-12-27,4,430.0,0.34,기한청산
DIA,12,위,-5.0,가능,2025-12-19,481.15,2025-12-26,2025-12-26,4,487.03,1.22,기한청산
DIA,12,위,-5.5,가능,1998-12-18,88.7188,1998-12-25,1998-12-24,4,92.0938,3.8,기한청산
DIA,12,위,-5.5,가능,1999-12-17,112.8125,1999-12-24,1999-12-23,4,114.4844,1.48,기한청산
DIA,12,위,-5.5,가능,2000-12-15,103.7656,2000-12-22,2000-12-22,5,106.9688,3.09,기한청산
DIA,12,위,-5.5,가능,2001-12-21,100.5,2001-12-28,2001-12-28,4,101.16,0.66,기한청산
DIA,12,위,-5.5,가능,2002-12-20,85.35,2002-12-27,2002-12-27,4,82.96,-2.8,기한청산
DIA,12,위,-5.5,가능,2003-12-19,102.74,2003-12-26,2003-12-26,4,103.27,0.52,기한청산
DIA,12,위,-5.5,가능,2004-12-17,106.53,2004-12-24,2004-12-23,4,108.15,1.52,기한청산
DIA,12,위,-5.5,가능,2005-12-16,108.51,2005-12-23,2005-12-23,5,108.75,0.22,기한청산
DIA,12,위,-5.5,가능,2006-12-15,124.15,2006-12-22,2006-12-22,5,123.18,-0.78,기한청산
DIA,12,위,-5.5,가능,2007-12-21,134.34,2007-12-28,2007-12-28,4,133.41,-0.69,기한청산
DIA,12,위,-5.5,가능,2008-12-19,85.36,2008-12-26,2008-12-26,4,85.07,-0.34,기한청산
DIA,12,위,-5.5,가능,2009-12-18,103.14,2009-12-25,2009-12-24,4,105.0,1.8,기한청산
DIA,12,위,-5.5,가능,2010-12-17,114.95,2010-12-24,2010-12-23,4,115.73,0.68,기한청산
DIA,12,위,-5.5,가능,2011-12-16,118.22,2011-12-23,2011-12-23,5,122.63,3.73,기한청산
DIA,12,위,-5.5,가능,2012-12-21,131.79,2012-12-28,2012-12-28,4,129.07,-2.06,기한청산
DIA,12,위,-5.5,가능,2013-12-20,162.01,2013-12-27,2013-12-27,4,164.47,1.52,기한청산
DIA,12,위,-5.5,가능,2014-12-19,177.65,2014-12-26,2014-12-26,4,180.19,1.43,기한청산
DIA,12,위,-5.5,가능,2015-12-18,171.0,2015-12-25,2015-12-24,4,175.22,2.47,기한청산
DIA,12,위,-5.5,가능,2016-12-16,198.19,2016-12-23,2016-12-23,5,199.05,0.43,기한청산
DIA,12,위,-5.5,가능,2017-12-15,246.25,2017-12-22,2017-12-22,5,247.4,0.47,기한청산
DIA,12,위,-5.5,가능,2018-12-21,224.09,2018-12-28,2018-12-28,4,230.48,2.85,기한청산
DIA,12,위,-5.5,가능,2019-12-20,284.46,2019-12-27,2019-12-27,4,286.33,0.66,기한청산
DIA,12,위,-5.5,가능,2020-12-18,301.9,2020-12-25,2020-12-24,4,302.02,0.04,기한청산
DIA,12,위,-5.5,가능,2021-12-17,353.63,2021-12-24,2021-12-23,4,359.36,1.62,기한청산
DIA,12,위,-5.5,가능,2022-12-16,328.97,2022-12-23,2022-12-23,5,331.93,0.9,기한청산
DIA,12,위,-5.5,가능,2023-12-15,372.63,2023-12-22,2023-12-22,5,373.8,0.31,기한청산
DIA,12,위,-5.5,가능,2024-12-20,428.54,2024-12-27,2024-12-27,4,430.0,0.34,기한청산
DIA,12,위,-5.5,가능,2025-12-19,481.15,2025-12-26,2025-12-26,4,487.03,1.22,기한청산
DIA,12,위,-6.0,가능,1998-12-18,88.7188,1998-12-25,1998-12-24,4,92.0938,3.8,기한청산
DIA,12,위,-6.0,가능,1999-12-17,112.8125,1999-12-24,1999-12-23,4,114.4844,1.48,기한청산
DIA,12,위,-6.0,가능,2000-12-15,103.7656,2000-12-22,2000-12-22,5,106.9688,3.09,기한청산
DIA,12,위,-6.0,가능,2001-12-21,100.5,2001-12-28,2001-12-28,4,101.16,0.66,기한청산
DIA,12,위,-6.0,가능,2002-12-20,85.35,2002-12-27,2002-12-27,4,82.96,-2.8,기한청산
DIA,12,위,-6.0,가능,2003-12-19,102.74,2003-12-26,2003-12-26,4,103.27,0.52,기한청산
DIA,12,위,-6.0,가능,2004-12-17,106.53,2004-12-24,2004-12-23,4,108.15,1.52,기한청산
DIA,12,위,-6.0,가능,2005-12-16,108.51,2005-12-23,2005-12-23,5,108.75,0.22,기한청산
DIA,12,위,-6.0,가능,2006-12-15,124.15,2006-12-22,2006-12-22,5,123.18,-0.78,기한청산
DIA,12,위,-6.0,가능,2007-12-21,134.34,2007-12-28,2007-12-28,4,133.41,-0.69,기한청산
DIA,12,위,-6.0,가능,2008-12-19,85.36,2008-12-26,2008-12-26,4,85.07,-0.34,기한청산
DIA,12,위,-6.0,가능,2009-12-18,103.14,2009-12-25,2009-12-24,4,105.0,1.8,기한청산
DIA,12,위,-6.0,가능,2010-12-17,114.95,2010-12-24,2010-12-23,4,115.73,0.68,기한청산
DIA,12,위,-6.0,가능,2011-12-16,118.22,2011-12-23,2011-12-23,5,122.63,3.73,기한청산
DIA,12,위,-6.0,가능,2012-12-21,131.79,2012-12-28,2012-12-28,4,129.07,-2.06,기한청산
DIA,12,위,-6.0,가능,2013-12-20,162.01,2013-12-27,2013-12-27,4,164.47,1.52,기한청산
DIA,12,위,-6.0,가능,2014-12-19,177.65,2014-12-26,2014-12-26,4,180.19,1.43,기한청산
DIA,12,위,-6.0,가능,2015-12-18,171.0,2015-12-25,2015-12-24,4,175.22,2.47,기한청산
DIA,12,위,-6.0,가능,2016-12-16,198.19,2016-12-23,2016-12-23,5,199.05,0.43,기한청산
DIA,12,위,-6.0,가능,2017-12-15,246.25,2017-12-22,2017-12-22,5,247.4,0.47,기한청산
DIA,12,위,-6.0,가능,2018-12-21,224.09,2018-12-28,2018-12-28,4,230.48,2.85,기한청산
DIA,12,위,-6.0,가능,2019-12-20,284.46,2019-12-27,2019-12-27,4,286.33,0.66,기한청산
DIA,12,위,-6.0,가능,2020-12-18,301.9,2020-12-25,2020-12-24,4,302.02,0.04,기한청산
DIA,12,위,-6.0,가능,2021-12-17,353.63,2021-12-24,2021-12-23,4,359.36,1.62,기한청산
DIA,12,위,-6.0,가능,2022-12-16,328.97,2022-12-23,2022-12-23,5,331.93,0.9,기한청산
DIA,12,위,-6.0,가능,2023-12-15,372.63,2023-12-22,2023-12-22,5,373.8,0.31,기한청산
DIA,12,위,-6.0,가능,2024-12-20,428.54,2024-12-27,2024-12-27,4,430.0,0.34,기한청산
DIA,12,위,-6.0,가능,2025-12-19,481.15,2025-12-26,2025-12-26,4,487.03,1.22,기한청산
DIA,12,위,-6.5,가능,1998-12-18,88.7188,1998-12-25,1998-12-24,4,92.0938,3.8,기한청산
DIA,12,위,-6.5,가능,1999-12-17,112.8125,1999-12-24,1999-12-23,4,114.4844,1.48,기한청산
DIA,12,위,-6.5,가능,2000-12-15,103.7656,2000-12-22,2000-12-22,5,106.9688,3.09,기한청산
DIA,12,위,-6.5,가능,2001-12-21,100.5,2001-12-28,2001-12-28,4,101.16,0.66,기한청산
DIA,12,위,-6.5,가능,2002-12-20,85.35,2002-12-27,2002-12-27,4,82.96,-2.8,기한청산
DIA,12,위,-6.5,가능,2003-12-19,102.74,2003-12-26,2003-12-26,4,103.27,0.52,기한청산
DIA,12,위,-6.5,가능,2004-12-17,106.53,2004-12-24,2004-12-23,4,108.15,1.52,기한청산
DIA,12,위,-6.5,가능,2005-12-16,108.51,2005-12-23,2005-12-23,5,108.75,0.22,기한청산
DIA,12,위,-6.5,가능,2006-12-15,124.15,2006-12-22,2006-12-22,5,123.18,-0.78,기한청산
DIA,12,위,-6.5,가능,2007-12-21,134.34,2007-12-28,2007-12-28,4,133.41,-0.69,기한청산
DIA,12,위,-6.5,가능,2008-12-19,85.36,2008-12-26,2008-12-26,4,85.07,-0.34,기한청산
DIA,12,위,-6.5,가능,2009-12-18,103.14,2009-12-25,2009-12-24,4,105.0,1.8,기한청산
DIA,12,위,-6.5,가능,2010-12-17,114.95,2010-12-24,2010-12-23,4,115.73,0.68,기한청산
DIA,12,위,-6.5,가능,2011-12-16,118.22,2011-12-23,2011-12-23,5,122.63,3.73,기한청산
DIA,12,위,-6.5,가능,2012-12-21,131.79,2012-12-28,2012-12-28,4,129.07,-2.06,기한청산
DIA,12,위,-6.5,가능,2013-12-20,162.01,2013-12-27,2013-12-27,4,164.47,1.52,기한청산
DIA,12,위,-6.5,가능,2014-12-19,177.65,2014-12-26,2014-12-26,4,180.19,1.43,기한청산
DIA,12,위,-6.5,가능,2015-12-18,171.0,2015-12-25,2015-12-24,4,175.22,2.47,기한청산
DIA,12,위,-6.5,가능,2016-12-16,198.19,2016-12-23,2016-12-23,5,199.05,0.43,기한청산
DIA,12,위,-6.5,가능,2017-12-15,246.25,2017-12-22,2017-12-22,5,247.4,0.47,기한청산
DIA,12,위,-6.5,가능,2018-12-21,224.09,2018-12-28,2018-12-28,4,230.48,2.85,기한청산
DIA,12,위,-6.5,가능,2019-12-20,284.46,2019-12-27,2019-12-27,4,286.33,0.66,기한청산
DIA,12,위,-6.5,가능,2020-12-18,301.9,2020-12-25,2020-12-24,4,302.02,0.04,기한청산
DIA,12,위,-6.5,가능,2021-12-17,353.63,2021-12-24,2021-12-23,4,359.36,1.62,기한청산
DIA,12,위,-6.5,가능,2022-12-16,328.97,2022-12-23,2022-12-23,5,331.93,0.9,기한청산
DIA,12,위,-6.5,가능,2023-12-15,372.63,2023-12-22,2023-12-22,5,373.8,0.31,기한청산
DIA,12,위,-6.5,가능,2024-12-20,428.54,2024-12-27,2024-12-27,4,430.0,0.34,기한청산
DIA,12,위,-6.5,가능,2025-12-19,481.15,2025-12-26,2025-12-26,4,487.03,1.22,기한청산
DIA,12,위,-7.0,가능,1998-12-18,88.7188,1998-12-25,1998-12-24,4,92.0938,3.8,기한청산
DIA,12,위,-7.0,가능,1999-12-17,112.8125,1999-12-24,1999-12-23,4,114.4844,1.48,기한청산
DIA,12,위,-7.0,가능,2000-12-15,103.7656,2000-12-22,2000-12-22,5,106.9688,3.09,기한청산
DIA,12,위,-7.0,가능,2001-12-21,100.5,2001-12-28,2001-12-28,4,101.16,0.66,기한청산
DIA,12,위,-7.0,가능,2002-12-20,85.35,2002-12-27,2002-12-27,4,82.96,-2.8,기한청산
DIA,12,위,-7.0,가능,2003-12-19,102.74,2003-12-26,2003-12-26,4,103.27,0.52,기한청산
DIA,12,위,-7.0,가능,2004-12-17,106.53,2004-12-24,2004-12-23,4,108.15,1.52,기한청산
DIA,12,위,-7.0,가능,2005-12-16,108.51,2005-12-23,2005-12-23,5,108.75,0.22,기한청산
DIA,12,위,-7.0,가능,2006-12-15,124.15,2006-12-22,2006-12-22,5,123.18,-0.78,기한청산
DIA,12,위,-7.0,가능,2007-12-21,134.34,2007-12-28,2007-12-28,4,133.41,-0.69,기한청산
DIA,12,위,-7.0,가능,2008-12-19,85.36,2008-12-26,2008-12-26,4,85.07,-0.34,기한청산
DIA,12,위,-7.0,가능,2009-12-18,103.14,2009-12-25,2009-12-24,4,105.0,1.8,기한청산
DIA,12,위,-7.0,가능,2010-12-17,114.95,2010-12-24,2010-12-23,4,115.73,0.68,기한청산
DIA,12,위,-7.0,가능,2011-12-16,118.22,2011-12-23,2011-12-23,5,122.63,3.73,기한청산
DIA,12,위,-7.0,가능,2012-12-21,131.79,2012-12-28,2012-12-28,4,129.07,-2.06,기한청산
DIA,12,위,-7.0,가능,2013-12-20,162.01,2013-12-27,2013-12-27,4,164.47,1.52,기한청산
DIA,12,위,-7.0,가능,2014-12-19,177.65,2014-12-26,2014-12-26,4,180.19,1.43,기한청산
DIA,12,위,-7.0,가능,2015-12-18,171.0,2015-12-25,2015-12-24,4,175.22,2.47,기한청산
DIA,12,위,-7.0,가능,2016-12-16,198.19,2016-12-23,2016-12-23,5,199.05,0.43,기한청산
DIA,12,위,-7.0,가능,2017-12-15,246.25,2017-12-22,2017-12-22,5,247.4,0.47,기한청산
DIA,12,위,-7.0,가능,2018-12-21,224.09,2018-12-28,2018-12-28,4,230.48,2.85,기한청산
DIA,12,위,-7.0,가능,2019-12-20,284.46,2019-12-27,2019-12-27,4,286.33,0.66,기한청산
DIA,12,위,-7.0,가능,2020-12-18,301.9,2020-12-25,2020-12-24,4,302.02,0.04,기한청산
DIA,12,위,-7.0,가능,2021-12-17,353.63,2021-12-24,2021-12-23,4,359.36,1.62,기한청산
DIA,12,위,-7.0,가능,2022-12-16,328.97,2022-12-23,2022-12-23,5,331.93,0.9,기한청산
DIA,12,위,-7.0,가능,2023-12-15,372.63,2023-12-22,2023-12-22,5,373.8,0.31,기한청산
DIA,12,위,-7.0,가능,2024-12-20,428.54,2024-12-27,2024-12-27,4,430.0,0.34,기한청산
DIA,12,위,-7.0,가능,2025-12-19,481.15,2025-12-26,2025-12-26,4,487.03,1.22,기한청산
DIA,12,위,-7.5,가능,1998-12-18,88.7188,1998-12-25,1998-12-24,4,92.0938,3.8,기한청산
DIA,12,위,-7.5,가능,1999-12-17,112.8125,1999-12-24,1999-12-23,4,114.4844,1.48,기한청산
DIA,12,위,-7.5,가능,2000-12-15,103.7656,2000-12-22,2000-12-22,5,106.9688,3.09,기한청산
DIA,12,위,-7.5,가능,2001-12-21,100.5,2001-12-28,2001-12-28,4,101.16,0.66,기한청산
DIA,12,위,-7.5,가능,2002-12-20,85.35,2002-12-27,2002-12-27,4,82.96,-2.8,기한청산
DIA,12,위,-7.5,가능,2003-12-19,102.74,2003-12-26,2003-12-26,4,103.27,0.52,기한청산
DIA,12,위,-7.5,가능,2004-12-17,106.53,2004-12-24,2004-12-23,4,108.15,1.52,기한청산
DIA,12,위,-7.5,가능,2005-12-16,108.51,2005-12-23,2005-12-23,5,108.75,0.22,기한청산
DIA,12,위,-7.5,가능,2006-12-15,124.15,2006-12-22,2006-12-22,5,123.18,-0.78,기한청산
DIA,12,위,-7.5,가능,2007-12-21,134.34,2007-12-28,2007-12-28,4,133.41,-0.69,기한청산
DIA,12,위,-7.5,가능,2008-12-19,85.36,2008-12-26,2008-12-26,4,85.07,-0.34,기한청산
DIA,12,위,-7.5,가능,2009-12-18,103.14,2009-12-25,2009-12-24,4,105.0,1.8,기한청산
DIA,12,위,-7.5,가능,2010-12-17,114.95,2010-12-24,2010-12-23,4,115.73,0.68,기한청산
DIA,12,위,-7.5,가능,2011-12-16,118.22,2011-12-23,2011-12-23,5,122.63,3.73,기한청산
DIA,12,위,-7.5,가능,2012-12-21,131.79,2012-12-28,2012-12-28,4,129.07,-2.06,기한청산
DIA,12,위,-7.5,가능,2013-12-20,162.01,2013-12-27,2013-12-27,4,164.47,1.52,기한청산
DIA,12,위,-7.5,가능,2014-12-19,177.65,2014-12-26,2014-12-26,4,180.19,1.43,기한청산
DIA,12,위,-7.5,가능,2015-12-18,171.0,2015-12-25,2015-12-24,4,175.22,2.47,기한청산
DIA,12,위,-7.5,가능,2016-12-16,198.19,2016-12-23,2016-12-23,5,199.05,0.43,기한청산
DIA,12,위,-7.5,가능,2017-12-15,246.25,2017-12-22,2017-12-22,5,247.4,0.47,기한청산
DIA,12,위,-7.5,가능,2018-12-21,224.09,2018-12-28,2018-12-28,4,230.48,2.85,기한청산
DIA,12,위,-7.5,가능,2019-12-20,284.46,2019-12-27,2019-12-27,4,286.33,0.66,기한청산
DIA,12,위,-7.5,가능,2020-12-18,301.9,2020-12-25,2020-12-24,4,302.02,0.04,기한청산
DIA,12,위,-7.5,가능,2021-12-17,353.63,2021-12-24,2021-12-23,4,359.36,1.62,기한청산
DIA,12,위,-7.5,가능,2022-12-16,328.97,2022-12-23,2022-12-23,5,331.93,0.9,기한청산
DIA,12,위,-7.5,가능,2023-12-15,372.63,2023-12-22,2023-12-22,5,373.8,0.31,기한청산
DIA,12,위,-7.5,가능,2024-12-20,428.54,2024-12-27,2024-12-27,4,430.0,0.34,기한청산
DIA,12,위,-7.5,가능,2025-12-19,481.15,2025-12-26,2025-12-26,4,487.03,1.22,기한청산
DIA,12,위,-8.0,가능,1998-12-18,88.7188,1998-12-25,1998-12-24,4,92.0938,3.8,기한청산
DIA,12,위,-8.0,가능,1999-12-17,112.8125,1999-12-24,1999-12-23,4,114.4844,1.48,기한청산
DIA,12,위,-8.0,가능,2000-12-15,103.7656,2000-12-22,2000-12-22,5,106.9688,3.09,기한청산
DIA,12,위,-8.0,가능,2001-12-21,100.5,2001-12-28,2001-12-28,4,101.16,0.66,기한청산
DIA,12,위,-8.0,가능,2002-12-20,85.35,2002-12-27,2002-12-27,4,82.96,-2.8,기한청산
DIA,12,위,-8.0,가능,2003-12-19,102.74,2003-12-26,2003-12-26,4,103.27,0.52,기한청산
DIA,12,위,-8.0,가능,2004-12-17,106.53,2004-12-24,2004-12-23,4,108.15,1.52,기한청산
DIA,12,위,-8.0,가능,2005-12-16,108.51,2005-12-23,2005-12-23,5,108.75,0.22,기한청산
DIA,12,위,-8.0,가능,2006-12-15,124.15,2006-12-22,2006-12-22,5,123.18,-0.78,기한청산
DIA,12,위,-8.0,가능,2007-12-21,134.34,2007-12-28,2007-12-28,4,133.41,-0.69,기한청산
DIA,12,위,-8.0,가능,2008-12-19,85.36,2008-12-26,2008-12-26,4,85.07,-0.34,기한청산
DIA,12,위,-8.0,가능,2009-12-18,103.14,2009-12-25,2009-12-24,4,105.0,1.8,기한청산
DIA,12,위,-8.0,가능,2010-12-17,114.95,2010-12-24,2010-12-23,4,115.73,0.68,기한청산
DIA,12,위,-8.0,가능,2011-12-16,118.22,2011-12-23,2011-12-23,5,122.63,3.73,기한청산
DIA,12,위,-8.0,가능,2012-12-21,131.79,2012-12-28,2012-12-28,4,129.07,-2.06,기한청산
DIA,12,위,-8.0,가능,2013-12-20,162.01,2013-12-27,2013-12-27,4,164.47,1.52,기한청산
DIA,12,위,-8.0,가능,2014-12-19,177.65,2014-12-26,2014-12-26,4,180.19,1.43,기한청산
DIA,12,위,-8.0,가능,2015-12-18,171.0,2015-12-25,2015-12-24,4,175.22,2.47,기한청산
DIA,12,위,-8.0,가능,2016-12-16,198.19,2016-12-23,2016-12-23,5,199.05,0.43,기한청산
DIA,12,위,-8.0,가능,2017-12-15,246.25,2017-12-22,2017-12-22,5,247.4,0.47,기한청산
DIA,12,위,-8.0,가능,2018-12-21,224.09,2018-12-28,2018-12-28,4,230.48,2.85,기한청산
DIA,12,위,-8.0,가능,2019-12-20,284.46,2019-12-27,2019-12-27,4,286.33,0.66,기한청산
DIA,12,위,-8.0,가능,2020-12-18,301.9,2020-12-25,2020-12-24,4,302.02,0.04,기한청산
DIA,12,위,-8.0,가능,2021-12-17,353.63,2021-12-24,2021-12-23,4,359.36,1.62,기한청산
DIA,12,위,-8.0,가능,2022-12-16,328.97,2022-12-23,2022-12-23,5,331.93,0.9,기한청산
DIA,12,위,-8.0,가능,2023-12-15,372.63,2023-12-22,2023-12-22,5,373.8,0.31,기한청산
DIA,12,위,-8.0,가능,2024-12-20,428.54,2024-12-27,2024-12-27,4,430.0,0.34,기한청산
DIA,12,위,-8.0,가능,2025-12-19,481.15,2025-12-26,2025-12-26,4,487.03,1.22,기한청산
DIA,12,위,-8.5,가능,1998-12-18,88.7188,1998-12-25,1998-12-24,4,92.0938,3.8,기한청산
DIA,12,위,-8.5,가능,1999-12-17,112.8125,1999-12-24,1999-12-23,4,114.4844,1.48,기한청산
DIA,12,위,-8.5,가능,2000-12-15,103.7656,2000-12-22,2000-12-22,5,106.9688,3.09,기한청산
DIA,12,위,-8.5,가능,2001-12-21,100.5,2001-12-28,2001-12-28,4,101.16,0.66,기한청산
DIA,12,위,-8.5,가능,2002-12-20,85.35,2002-12-27,2002-12-27,4,82.96,-2.8,기한청산
DIA,12,위,-8.5,가능,2003-12-19,102.74,2003-12-26,2003-12-26,4,103.27,0.52,기한청산
DIA,12,위,-8.5,가능,2004-12-17,106.53,2004-12-24,2004-12-23,4,108.15,1.52,기한청산
DIA,12,위,-8.5,가능,2005-12-16,108.51,2005-12-23,2005-12-23,5,108.75,0.22,기한청산
DIA,12,위,-8.5,가능,2006-12-15,124.15,2006-12-22,2006-12-22,5,123.18,-0.78,기한청산
DIA,12,위,-8.5,가능,2007-12-21,134.34,2007-12-28,2007-12-28,4,133.41,-0.69,기한청산
DIA,12,위,-8.5,가능,2008-12-19,85.36,2008-12-26,2008-12-26,4,85.07,-0.34,기한청산
DIA,12,위,-8.5,가능,2009-12-18,103.14,2009-12-25,2009-12-24,4,105.0,1.8,기한청산
DIA,12,위,-8.5,가능,2010-12-17,114.95,2010-12-24,2010-12-23,4,115.73,0.68,기한청산
DIA,12,위,-8.5,가능,2011-12-16,118.22,2011-12-23,2011-12-23,5,122.63,3.73,기한청산
DIA,12,위,-8.5,가능,2012-12-21,131.79,2012-12-28,2012-12-28,4,129.07,-2.06,기한청산
DIA,12,위,-8.5,가능,2013-12-20,162.01,2013-12-27,2013-12-27,4,164.47,1.52,기한청산
DIA,12,위,-8.5,가능,2014-12-19,177.65,2014-12-26,2014-12-26,4,180.19,1.43,기한청산
DIA,12,위,-8.5,가능,2015-12-18,171.0,2015-12-25,2015-12-24,4,175.22,2.47,기한청산
DIA,12,위,-8.5,가능,2016-12-16,198.19,2016-12-23,2016-12-23,5,199.05,0.43,기한청산
DIA,12,위,-8.5,가능,2017-12-15,246.25,2017-12-22,2017-12-22,5,247.4,0.47,기한청산
DIA,12,위,-8.5,가능,2018-12-21,224.09,2018-12-28,2018-12-28,4,230.48,2.85,기한청산
DIA,12,위,-8.5,가능,2019-12-20,284.46,2019-12-27,2019-12-27,4,286.33,0.66,기한청산
DIA,12,위,-8.5,가능,2020-12-18,301.9,2020-12-25,2020-12-24,4,302.02,0.04,기한청산
DIA,12,위,-8.5,가능,2021-12-17,353.63,2021-12-24,2021-12-23,4,359.36,1.62,기한청산
DIA,12,위,-8.5,가능,2022-12-16,328.97,2022-12-23,2022-12-23,5,331.93,0.9,기한청산
DIA,12,위,-8.5,가능,2023-12-15,372.63,2023-12-22,2023-12-22,5,373.8,0.31,기한청산
DIA,12,위,-8.5,가능,2024-12-20,428.54,2024-12-27,2024-12-27,4,430.0,0.34,기한청산
DIA,12,위,-8.5,가능,2025-12-19,481.15,2025-12-26,2025-12-26,4,487.03,1.22,기한청산
DIA,12,위,-9.0,가능,1998-12-18,88.7188,1998-12-25,1998-12-24,4,92.0938,3.8,기한청산
DIA,12,위,-9.0,가능,1999-12-17,112.8125,1999-12-24,1999-12-23,4,114.4844,1.48,기한청산
DIA,12,위,-9.0,가능,2000-12-15,103.7656,2000-12-22,2000-12-22,5,106.9688,3.09,기한청산
DIA,12,위,-9.0,가능,2001-12-21,100.5,2001-12-28,2001-12-28,4,101.16,0.66,기한청산
DIA,12,위,-9.0,가능,2002-12-20,85.35,2002-12-27,2002-12-27,4,82.96,-2.8,기한청산
DIA,12,위,-9.0,가능,2003-12-19,102.74,2003-12-26,2003-12-26,4,103.27,0.52,기한청산
DIA,12,위,-9.0,가능,2004-12-17,106.53,2004-12-24,2004-12-23,4,108.15,1.52,기한청산
DIA,12,위,-9.0,가능,2005-12-16,108.51,2005-12-23,2005-12-23,5,108.75,0.22,기한청산
DIA,12,위,-9.0,가능,2006-12-15,124.15,2006-12-22,2006-12-22,5,123.18,-0.78,기한청산
DIA,12,위,-9.0,가능,2007-12-21,134.34,2007-12-28,2007-12-28,4,133.41,-0.69,기한청산
DIA,12,위,-9.0,가능,2008-12-19,85.36,2008-12-26,2008-12-26,4,85.07,-0.34,기한청산
DIA,12,위,-9.0,가능,2009-12-18,103.14,2009-12-25,2009-12-24,4,105.0,1.8,기한청산
DIA,12,위,-9.0,가능,2010-12-17,114.95,2010-12-24,2010-12-23,4,115.73,0.68,기한청산
DIA,12,위,-9.0,가능,2011-12-16,118.22,2011-12-23,2011-12-23,5,122.63,3.73,기한청산
DIA,12,위,-9.0,가능,2012-12-21,131.79,2012-12-28,2012-12-28,4,129.07,-2.06,기한청산
DIA,12,위,-9.0,가능,2013-12-20,162.01,2013-12-27,2013-12-27,4,164.47,1.52,기한청산
DIA,12,위,-9.0,가능,2014-12-19,177.65,2014-12-26,2014-12-26,4,180.19,1.43,기한청산
DIA,12,위,-9.0,가능,2015-12-18,171.0,2015-12-25,2015-12-24,4,175.22,2.47,기한청산
DIA,12,위,-9.0,가능,2016-12-16,198.19,2016-12-23,2016-12-23,5,199.05,0.43,기한청산
DIA,12,위,-9.0,가능,2017-12-15,246.25,2017-12-22,2017-12-22,5,247.4,0.47,기한청산
DIA,12,위,-9.0,가능,2018-12-21,224.09,2018-12-28,2018-12-28,4,230.48,2.85,기한청산
DIA,12,위,-9.0,가능,2019-12-20,284.46,2019-12-27,2019-12-27,4,286.33,0.66,기한청산
DIA,12,위,-9.0,가능,2020-12-18,301.9,2020-12-25,2020-12-24,4,302.02,0.04,기한청산
DIA,12,위,-9.0,가능,2021-12-17,353.63,2021-12-24,2021-12-23,4,359.36,1.62,기한청산
DIA,12,위,-9.0,가능,2022-12-16,328.97,2022-12-23,2022-12-23,5,331.93,0.9,기한청산
DIA,12,위,-9.0,가능,2023-12-15,372.63,2023-12-22,2023-12-22,5,373.8,0.31,기한청산
DIA,12,위,-9.0,가능,2024-12-20,428.54,2024-12-27,2024-12-27,4,430.0,0.34,기한청산
DIA,12,위,-9.0,가능,2025-12-19,481.15,2025-12-26,2025-12-26,4,487.03,1.22,기한청산
DIA,12,위,-9.5,가능,1998-12-18,88.7188,1998-12-25,1998-12-24,4,92.0938,3.8,기한청산
DIA,12,위,-9.5,가능,1999-12-17,112.8125,1999-12-24,1999-12-23,4,114.4844,1.48,기한청산
DIA,12,위,-9.5,가능,2000-12-15,103.7656,2000-12-22,2000-12-22,5,106.9688,3.09,기한청산
DIA,12,위,-9.5,가능,2001-12-21,100.5,2001-12-28,2001-12-28,4,101.16,0.66,기한청산
DIA,12,위,-9.5,가능,2002-12-20,85.35,2002-12-27,2002-12-27,4,82.96,-2.8,기한청산
DIA,12,위,-9.5,가능,2003-12-19,102.74,2003-12-26,2003-12-26,4,103.27,0.52,기한청산
DIA,12,위,-9.5,가능,2004-12-17,106.53,2004-12-24,2004-12-23,4,108.15,1.52,기한청산
DIA,12,위,-9.5,가능,2005-12-16,108.51,2005-12-23,2005-12-23,5,108.75,0.22,기한청산
DIA,12,위,-9.5,가능,2006-12-15,124.15,2006-12-22,2006-12-22,5,123.18,-0.78,기한청산
DIA,12,위,-9.5,가능,2007-12-21,134.34,2007-12-28,2007-12-28,4,133.41,-0.69,기한청산
DIA,12,위,-9.5,가능,2008-12-19,85.36,2008-12-26,2008-12-26,4,85.07,-0.34,기한청산
DIA,12,위,-9.5,가능,2009-12-18,103.14,2009-12-25,2009-12-24,4,105.0,1.8,기한청산
DIA,12,위,-9.5,가능,2010-12-17,114.95,2010-12-24,2010-12-23,4,115.73,0.68,기한청산
DIA,12,위,-9.5,가능,2011-12-16,118.22,2011-12-23,2011-12-23,5,122.63,3.73,기한청산
DIA,12,위,-9.5,가능,2012-12-21,131.79,2012-12-28,2012-12-28,4,129.07,-2.06,기한청산
DIA,12,위,-9.5,가능,2013-12-20,162.01,2013-12-27,2013-12-27,4,164.47,1.52,기한청산
DIA,12,위,-9.5,가능,2014-12-19,177.65,2014-12-26,2014-12-26,4,180.19,1.43,기한청산
DIA,12,위,-9.5,가능,2015-12-18,171.0,2015-12-25,2015-12-24,4,175.22,2.47,기한청산
DIA,12,위,-9.5,가능,2016-12-16,198.19,2016-12-23,2016-12-23,5,199.05,0.43,기한청산
DIA,12,위,-9.5,가능,2017-12-15,246.25,2017-12-22,2017-12-22,5,247.4,0.47,기한청산
DIA,12,위,-9.5,가능,2018-12-21,224.09,2018-12-28,2018-12-28,4,230.48,2.85,기한청산
DIA,12,위,-9.5,가능,2019-12-20,284.46,2019-12-27,2019-12-27,4,286.33,0.66,기한청산
DIA,12,위,-9.5,가능,2020-12-18,301.9,2020-12-25,2020-12-24,4,302.02,0.04,기한청산
DIA,12,위,-9.5,가능,2021-12-17,353.63,2021-12-24,2021-12-23,4,359.36,1.62,기한청산
DIA,12,위,-9.5,가능,2022-12-16,328.97,2022-12-23,2022-12-23,5,331.93,0.9,기한청산
DIA,12,위,-9.5,가능,2023-12-15,372.63,2023-12-22,2023-12-22,5,373.8,0.31,기한청산
DIA,12,위,-9.5,가능,2024-12-20,428.54,2024-12-27,2024-12-27,4,430.0,0.34,기한청산
DIA,12,위,-9.5,가능,2025-12-19,481.15,2025-12-26,2025-12-26,4,487.03,1.22,기한청산
DIA,12,위,-10.0,가능,1998-12-18,88.7188,1998-12-25,1998-12-24,4,92.0938,3.8,기한청산
DIA,12,위,-10.0,가능,1999-12-17,112.8125,1999-12-24,1999-12-23,4,114.4844,1.48,기한청산
DIA,12,위,-10.0,가능,2000-12-15,103.7656,2000-12-22,2000-12-22,5,106.9688,3.09,기한청산
DIA,12,위,-10.0,가능,2001-12-21,100.5,2001-12-28,2001-12-28,4,101.16,0.66,기한청산
DIA,12,위,-10.0,가능,2002-12-20,85.35,2002-12-27,2002-12-27,4,82.96,-2.8,기한청산
DIA,12,위,-10.0,가능,2003-12-19,102.74,2003-12-26,2003-12-26,4,103.27,0.52,기한청산
DIA,12,위,-10.0,가능,2004-12-17,106.53,2004-12-24,2004-12-23,4,108.15,1.52,기한청산
DIA,12,위,-10.0,가능,2005-12-16,108.51,2005-12-23,2005-12-23,5,108.75,0.22,기한청산
DIA,12,위,-10.0,가능,2006-12-15,124.15,2006-12-22,2006-12-22,5,123.18,-0.78,기한청산
DIA,12,위,-10.0,가능,2007-12-21,134.34,2007-12-28,2007-12-28,4,133.41,-0.69,기한청산
DIA,12,위,-10.0,가능,2008-12-19,85.36,2008-12-26,2008-12-26,4,85.07,-0.34,기한청산
DIA,12,위,-10.0,가능,2009-12-18,103.14,2009-12-25,2009-12-24,4,105.0,1.8,기한청산
DIA,12,위,-10.0,가능,2010-12-17,114.95,2010-12-24,2010-12-23,4,115.73,0.68,기한청산
DIA,12,위,-10.0,가능,2011-12-16,118.22,2011-12-23,2011-12-23,5,122.63,3.73,기한청산
DIA,12,위,-10.0,가능,2012-12-21,131.79,2012-12-28,2012-12-28,4,129.07,-2.06,기한청산
DIA,12,위,-10.0,가능,2013-12-20,162.01,2013-12-27,2013-12-27,4,164.47,1.52,기한청산
DIA,12,위,-10.0,가능,2014-12-19,177.65,2014-12-26,2014-12-26,4,180.19,1.43,기한청산
DIA,12,위,-10.0,가능,2015-12-18,171.0,2015-12-25,2015-12-24,4,175.22,2.47,기한청산
DIA,12,위,-10.0,가능,2016-12-16,198.19,2016-12-23,2016-12-23,5,199.05,0.43,기한청산
DIA,12,위,-10.0,가능,2017-12-15,246.25,2017-12-22,2017-12-22,5,247.4,0.47,기한청산
DIA,12,위,-10.0,가능,2018-12-21,224.09,2018-12-28,2018-12-28,4,230.48,2.85,기한청산
DIA,12,위,-10.0,가능,2019-12-20,284.46,2019-12-27,2019-12-27,4,286.33,0.66,기한청산
DIA,12,위,-10.0,가능,2020-12-18,301.9,2020-12-25,2020-12-24,4,302.02,0.04,기한청산
DIA,12,위,-10.0,가능,2021-12-17,353.63,2021-12-24,2021-12-23,4,359.36,1.62,기한청산
DIA,12,위,-10.0,가능,2022-12-16,328.97,2022-12-23,2022-12-23,5,331.93,0.9,기한청산
DIA,12,위,-10.0,가능,2023-12-15,372.63,2023-12-22,2023-12-22,5,373.8,0.31,기한청산
DIA,12,위,-10.0,가능,2024-12-20,428.54,2024-12-27,2024-12-27,4,430.0,0.34,기한청산
DIA,12,위,-10.0,가능,2025-12-19,481.15,2025-12-26,2025-12-26,4,487.03,1.22,기한청산
KODEX 200,9,위,무손절,가능,2003-09-09,9850.0,2003-09-19,2003-09-19,5,9540.0,-3.15,기한청산
KODEX 200,9,위,무손절,가능,2004-09-09,10420.0,2004-09-17,2004-09-17,6,10900.0,4.61,기한청산
KODEX 200,9,위,무손절,가능,2005-09-08,14725.0,2005-09-16,2005-09-16,6,15180.0,3.09,기한청산
KODEX 200,9,위,무손절,가능,2006-09-14,17710.0,2006-09-22,2006-09-22,6,17620.0,-0.51,기한청산
KODEX 200,9,위,무손절,가능,2007-09-13,23345.0,2007-09-21,2007-09-21,6,24370.0,4.39,기한청산
KODEX 200,9,위,무손절,가능,2008-09-11,18700.0,2008-09-19,2008-09-19,5,19080.0,2.03,기한청산
KODEX 200,9,위,무손절,가능,2009-09-10,21600.0,2009-09-18,2009-09-18,6,22380.0,3.61,기한청산
KODEX 200,9,위,무손절,가능,2010-09-09,23305.0,2010-09-17,2010-09-17,6,23830.0,2.25,기한청산
KODEX 200,9,위,무손절,가능,2011-09-08,23865.0,2011-09-16,2011-09-16,4,23885.0,0.08,기한청산
KODEX 200,9,위,무손절,가능,2012-09-13,25750.0,2012-09-21,2012-09-21,6,26390.0,2.49,기한청산
KODEX 200,9,위,무손절,가능,2013-09-12,26125.0,2013-09-20,2013-09-17,3,26140.0,0.06,기한청산
KODEX 200,9,위,무손절,가능,2014-09-11,26050.0,2014-09-19,2014-09-19,6,26265.0,0.83,기한청산
KODEX 200,9,위,무손절,가능,2015-09-10,23465.0,2015-09-18,2015-09-18,6,24115.0,2.77,기한청산
KODEX 200,9,위,무손절,가능,2016-09-08,25935.0,2016-09-16,2016-09-13,3,25075.0,-3.32,기한청산
KODEX 200,9,위,무손절,가능,2017-09-14,31210.0,2017-09-22,2017-09-22,6,31675.0,1.49,기한청산
KODEX 200,9,위,무손절,가능,2018-09-13,29300.0,2018-09-21,2018-09-21,6,30085.0,2.68,기한청산
KODEX 200,9,위,무손절,가능,2019-09-11,27085.0,2019-09-20,2019-09-20,5,27640.0,2.05,기한청산
KODEX 200,9,위,무손절,가능,2020-09-10,31625.0,2020-09-18,2020-09-18,6,31820.0,0.62,기한청산
KODEX 200,9,위,무손절,가능,2021-09-09,40725.0,2021-09-17,2021-09-17,6,41070.0,0.85,기한청산
KODEX 200,9,위,무손절,가능,2022-09-08,30930.0,2022-09-16,2022-09-16,4,30880.0,-0.16,기한청산
KODEX 200,9,위,무손절,가능,2023-09-14,34150.0,2023-09-22,2023-09-22,6,33200.0,-2.78,기한청산
KODEX 200,9,위,무손절,가능,2024-09-12,34415.0,2024-09-20,2024-09-20,3,34515.0,0.29,기한청산
KODEX 200,9,위,무손절,가능,2025-09-11,45465.0,2025-09-19,2025-09-19,6,47485.0,4.44,기한청산
KODEX 200,9,위,-1.0,가능,2003-09-09,9850.0,2003-09-19,2003-09-15,1,9752.0,-1.0,장중손절
KODEX 200,9,위,-1.0,가능,2004-09-09,10420.0,2004-09-17,2004-09-17,6,10900.0,4.61,기한청산
KODEX 200,9,위,-1.0,가능,2005-09-08,14725.0,2005-09-16,2005-09-16,6,15180.0,3.09,기한청산
KODEX 200,9,위,-1.0,가능,2006-09-14,17710.0,2006-09-22,2006-09-22,6,17620.0,-0.51,기한청산
KODEX 200,9,위,-1.0,가능,2007-09-13,23345.0,2007-09-21,2007-09-21,6,24370.0,4.39,기한청산
KODEX 200,9,위,-1.0,가능,2008-09-11,18700.0,2008-09-19,2008-09-16,2,17700.0,-5.35,갭손절
KODEX 200,9,위,-1.0,가능,2009-09-10,21600.0,2009-09-18,2009-09-18,6,22380.0,3.61,기한청산
KODEX 200,9,위,-1.0,가능,2010-09-09,23305.0,2010-09-17,2010-09-17,6,23830.0,2.25,기한청산
KODEX 200,9,위,-1.0,가능,2011-09-08,23865.0,2011-09-16,2011-09-09,1,23626.0,-1.0,장중손절
KODEX 200,9,위,-1.0,가능,2012-09-13,25750.0,2012-09-21,2012-09-21,6,26390.0,2.49,기한청산
KODEX 200,9,위,-1.0,가능,2013-09-12,26125.0,2013-09-20,2013-09-17,3,26140.0,0.06,기한청산
KODEX 200,9,위,-1.0,가능,2014-09-11,26050.0,2014-09-19,2014-09-19,6,26265.0,0.83,기한청산
KODEX 200,9,위,-1.0,가능,2015-09-10,23465.0,2015-09-18,2015-09-14,2,23230.0,-1.0,장중손절
KODEX 200,9,위,-1.0,가능,2016-09-08,25935.0,2016-09-16,2016-09-09,1,25676.0,-1.0,장중손절
KODEX 200,9,위,-1.0,가능,2017-09-14,31210.0,2017-09-22,2017-09-22,6,31675.0,1.49,기한청산
KODEX 200,9,위,-1.0,가능,2018-09-13,29300.0,2018-09-21,2018-09-21,6,30085.0,2.68,기한청산
KODEX 200,9,위,-1.0,가능,2019-09-11,27085.0,2019-09-20,2019-09-20,5,27640.0,2.05,기한청산
KODEX 200,9,위,-1.0,가능,2020-09-10,31625.0,2020-09-18,2020-09-11,1,31309.0,-1.0,장중손절
KODEX 200,9,위,-1.0,가능,2021-09-09,40725.0,2021-09-17,2021-09-17,6,41070.0,0.85,기한청산
KODEX 200,9,위,-1.0,가능,2022-09-08,30930.0,2022-09-16,2022-09-16,4,30880.0,-0.16,기한청산
KODEX 200,9,위,-1.0,가능,2023-09-14,34150.0,2023-09-22,2023-09-21,5,33715.0,-1.27,갭손절
KODEX 200,9,위,-1.0,가능,2024-09-12,34415.0,2024-09-20,2024-09-19,2,34071.0,-1.0,장중손절
KODEX 200,9,위,-1.0,가능,2025-09-11,45465.0,2025-09-19,2025-09-19,6,47485.0,4.44,기한청산
KODEX 200,9,위,-1.5,가능,2003-09-09,9850.0,2003-09-19,2003-09-15,1,9702.0,-1.5,장중손절
KODEX 200,9,위,-1.5,가능,2004-09-09,10420.0,2004-09-17,2004-09-17,6,10900.0,4.61,기한청산
KODEX 200,9,위,-1.5,가능,2005-09-08,14725.0,2005-09-16,2005-09-16,6,15180.0,3.09,기한청산
KODEX 200,9,위,-1.5,가능,2006-09-14,17710.0,2006-09-22,2006-09-22,6,17620.0,-0.51,기한청산
KODEX 200,9,위,-1.5,가능,2007-09-13,23345.0,2007-09-21,2007-09-21,6,24370.0,4.39,기한청산
KODEX 200,9,위,-1.5,가능,2008-09-11,18700.0,2008-09-19,2008-09-16,2,17700.0,-5.35,갭손절
KODEX 200,9,위,-1.5,가능,2009-09-10,21600.0,2009-09-18,2009-09-18,6,22380.0,3.61,기한청산
KODEX 200,9,위,-1.5,가능,2010-09-09,23305.0,2010-09-17,2010-09-17,6,23830.0,2.25,기한청산
KODEX 200,9,위,-1.5,가능,2011-09-08,23865.0,2011-09-16,2011-09-09,1,23507.0,-1.5,장중손절
KODEX 200,9,위,-1.5,가능,2012-09-13,25750.0,2012-09-21,2012-09-21,6,26390.0,2.49,기한청산
KODEX 200,9,위,-1.5,가능,2013-09-12,26125.0,2013-09-20,2013-09-17,3,26140.0,0.06,기한청산
KODEX 200,9,위,-1.5,가능,2014-09-11,26050.0,2014-09-19,2014-09-19,6,26265.0,0.83,기한청산
KODEX 200,9,위,-1.5,가능,2015-09-10,23465.0,2015-09-18,2015-09-18,6,24115.0,2.77,기한청산
KODEX 200,9,위,-1.5,가능,2016-09-08,25935.0,2016-09-16,2016-09-12,2,25215.0,-2.78,갭손절
KODEX 200,9,위,-1.5,가능,2017-09-14,31210.0,2017-09-22,2017-09-22,6,31675.0,1.49,기한청산
KODEX 200,9,위,-1.5,가능,2018-09-13,29300.0,2018-09-21,2018-09-21,6,30085.0,2.68,기한청산
KODEX 200,9,위,-1.5,가능,2019-09-11,27085.0,2019-09-20,2019-09-20,5,27640.0,2.05,기한청산
KODEX 200,9,위,-1.5,가능,2020-09-10,31625.0,2020-09-18,2020-09-18,6,31820.0,0.62,기한청산
KODEX 200,9,위,-1.5,가능,2021-09-09,40725.0,2021-09-17,2021-09-17,6,41070.0,0.85,기한청산
KODEX 200,9,위,-1.5,가능,2022-09-08,30930.0,2022-09-16,2022-09-16,4,30880.0,-0.16,기한청산
KODEX 200,9,위,-1.5,가능,2023-09-14,34150.0,2023-09-22,2023-09-21,5,33638.0,-1.5,장중손절
KODEX 200,9,위,-1.5,가능,2024-09-12,34415.0,2024-09-20,2024-09-20,3,34515.0,0.29,기한청산
KODEX 200,9,위,-1.5,가능,2025-09-11,45465.0,2025-09-19,2025-09-19,6,47485.0,4.44,기한청산
KODEX 200,9,위,-2.0,가능,2003-09-09,9850.0,2003-09-19,2003-09-16,2,9653.0,-2.0,장중손절
KODEX 200,9,위,-2.0,가능,2004-09-09,10420.0,2004-09-17,2004-09-17,6,10900.0,4.61,기한청산
KODEX 200,9,위,-2.0,가능,2005-09-08,14725.0,2005-09-16,2005-09-16,6,15180.0,3.09,기한청산
KODEX 200,9,위,-2.0,가능,2006-09-14,17710.0,2006-09-22,2006-09-22,6,17620.0,-0.51,기한청산
KODEX 200,9,위,-2.0,가능,2007-09-13,23345.0,2007-09-21,2007-09-21,6,24370.0,4.39,기한청산
KODEX 200,9,위,-2.0,가능,2008-09-11,18700.0,2008-09-19,2008-09-16,2,17700.0,-5.35,갭손절
KODEX 200,9,위,-2.0,가능,2009-09-10,21600.0,2009-09-18,2009-09-18,6,22380.0,3.61,기한청산
KODEX 200,9,위,-2.0,가능,2010-09-09,23305.0,2010-09-17,2010-09-17,6,23830.0,2.25,기한청산
KODEX 200,9,위,-2.0,가능,2011-09-08,23865.0,2011-09-16,2011-09-09,1,23388.0,-2.0,장중손절
KODEX 200,9,위,-2.0,가능,2012-09-13,25750.0,2012-09-21,2012-09-21,6,26390.0,2.49,기한청산
KODEX 200,9,위,-2.0,가능,2013-09-12,26125.0,2013-09-20,2013-09-17,3,26140.0,0.06,기한청산
KODEX 200,9,위,-2.0,가능,2014-09-11,26050.0,2014-09-19,2014-09-19,6,26265.0,0.83,기한청산
KODEX 200,9,위,-2.0,가능,2015-09-10,23465.0,2015-09-18,2015-09-18,6,24115.0,2.77,기한청산
KODEX 200,9,위,-2.0,가능,2016-09-08,25935.0,2016-09-16,2016-09-12,2,25215.0,-2.78,갭손절
KODEX 200,9,위,-2.0,가능,2017-09-14,31210.0,2017-09-22,2017-09-22,6,31675.0,1.49,기한청산
KODEX 200,9,위,-2.0,가능,2018-09-13,29300.0,2018-09-21,2018-09-21,6,30085.0,2.68,기한청산
KODEX 200,9,위,-2.0,가능,2019-09-11,27085.0,2019-09-20,2019-09-20,5,27640.0,2.05,기한청산
KODEX 200,9,위,-2.0,가능,2020-09-10,31625.0,2020-09-18,2020-09-18,6,31820.0,0.62,기한청산
KODEX 200,9,위,-2.0,가능,2021-09-09,40725.0,2021-09-17,2021-09-17,6,41070.0,0.85,기한청산
KODEX 200,9,위,-2.0,가능,2022-09-08,30930.0,2022-09-16,2022-09-16,4,30880.0,-0.16,기한청산
KODEX 200,9,위,-2.0,가능,2023-09-14,34150.0,2023-09-22,2023-09-21,5,33467.0,-2.0,장중손절
KODEX 200,9,위,-2.0,가능,2024-09-12,34415.0,2024-09-20,2024-09-20,3,34515.0,0.29,기한청산
KODEX 200,9,위,-2.0,가능,2025-09-11,45465.0,2025-09-19,2025-09-19,6,47485.0,4.44,기한청산
KODEX 200,9,위,-2.5,가능,2003-09-09,9850.0,2003-09-19,2003-09-19,5,9604.0,-2.5,장중손절
KODEX 200,9,위,-2.5,가능,2004-09-09,10420.0,2004-09-17,2004-09-17,6,10900.0,4.61,기한청산
KODEX 200,9,위,-2.5,가능,2005-09-08,14725.0,2005-09-16,2005-09-16,6,15180.0,3.09,기한청산
KODEX 200,9,위,-2.5,가능,2006-09-14,17710.0,2006-09-22,2006-09-22,6,17620.0,-0.51,기한청산
KODEX 200,9,위,-2.5,가능,2007-09-13,23345.0,2007-09-21,2007-09-21,6,24370.0,4.39,기한청산
KODEX 200,9,위,-2.5,가능,2008-09-11,18700.0,2008-09-19,2008-09-16,2,17700.0,-5.35,갭손절
KODEX 200,9,위,-2.5,가능,2009-09-10,21600.0,2009-09-18,2009-09-18,6,22380.0,3.61,기한청산
KODEX 200,9,위,-2.5,가능,2010-09-09,23305.0,2010-09-17,2010-09-17,6,23830.0,2.25,기한청산
KODEX 200,9,위,-2.5,가능,2011-09-08,23865.0,2011-09-16,2011-09-14,2,23268.0,-2.5,장중손절
KODEX 200,9,위,-2.5,가능,2012-09-13,25750.0,2012-09-21,2012-09-21,6,26390.0,2.49,기한청산
KODEX 200,9,위,-2.5,가능,2013-09-12,26125.0,2013-09-20,2013-09-17,3,26140.0,0.06,기한청산
KODEX 200,9,위,-2.5,가능,2014-09-11,26050.0,2014-09-19,2014-09-19,6,26265.0,0.83,기한청산
KODEX 200,9,위,-2.5,가능,2015-09-10,23465.0,2015-09-18,2015-09-18,6,24115.0,2.77,기한청산
KODEX 200,9,위,-2.5,가능,2016-09-08,25935.0,2016-09-16,2016-09-12,2,25215.0,-2.78,갭손절
KODEX 200,9,위,-2.5,가능,2017-09-14,31210.0,2017-09-22,2017-09-22,6,31675.0,1.49,기한청산
KODEX 200,9,위,-2.5,가능,2018-09-13,29300.0,2018-09-21,2018-09-21,6,30085.0,2.68,기한청산
KODEX 200,9,위,-2.5,가능,2019-09-11,27085.0,2019-09-20,2019-09-20,5,27640.0,2.05,기한청산
KODEX 200,9,위,-2.5,가능,2020-09-10,31625.0,2020-09-18,2020-09-18,6,31820.0,0.62,기한청산
KODEX 200,9,위,-2.5,가능,2021-09-09,40725.0,2021-09-17,2021-09-17,6,41070.0,0.85,기한청산
KODEX 200,9,위,-2.5,가능,2022-09-08,30930.0,2022-09-16,2022-09-16,4,30880.0,-0.16,기한청산
KODEX 200,9,위,-2.5,가능,2023-09-14,34150.0,2023-09-22,2023-09-22,6,33005.0,-3.35,갭손절
KODEX 200,9,위,-2.5,가능,2024-09-12,34415.0,2024-09-20,2024-09-20,3,34515.0,0.29,기한청산
KODEX 200,9,위,-2.5,가능,2025-09-11,45465.0,2025-09-19,2025-09-19,6,47485.0,4.44,기한청산
KODEX 200,9,위,-3.0,가능,2003-09-09,9850.0,2003-09-19,2003-09-19,5,9554.0,-3.0,장중손절
KODEX 200,9,위,-3.0,가능,2004-09-09,10420.0,2004-09-17,2004-09-17,6,10900.0,4.61,기한청산
KODEX 200,9,위,-3.0,가능,2005-09-08,14725.0,2005-09-16,2005-09-16,6,15180.0,3.09,기한청산
KODEX 200,9,위,-3.0,가능,2006-09-14,17710.0,2006-09-22,2006-09-22,6,17620.0,-0.51,기한청산
KODEX 200,9,위,-3.0,가능,2007-09-13,23345.0,2007-09-21,2007-09-21,6,24370.0,4.39,기한청산
KODEX 200,9,위,-3.0,가능,2008-09-11,18700.0,2008-09-19,2008-09-16,2,17700.0,-5.35,갭손절
KODEX 200,9,위,-3.0,가능,2009-09-10,21600.0,2009-09-18,2009-09-18,6,22380.0,3.61,기한청산
KODEX 200,9,위,-3.0,가능,2010-09-09,23305.0,2010-09-17,2010-09-17,6,23830.0,2.25,기한청산
KODEX 200,9,위,-3.0,가능,2011-09-08,23865.0,2011-09-16,2011-09-14,2,23149.0,-3.0,장중손절
KODEX 200,9,위,-3.0,가능,2012-09-13,25750.0,2012-09-21,2012-09-21,6,26390.0,2.49,기한청산
KODEX 200,9,위,-3.0,가능,2013-09-12,26125.0,2013-09-20,2013-09-17,3,26140.0,0.06,기한청산
KODEX 200,9,위,-3.0,가능,2014-09-11,26050.0,2014-09-19,2014-09-19,6,26265.0,0.83,기한청산
KODEX 200,9,위,-3.0,가능,2015-09-10,23465.0,2015-09-18,2015-09-18,6,24115.0,2.77,기한청산
KODEX 200,9,위,-3.0,가능,2016-09-08,25935.0,2016-09-16,2016-09-12,2,25157.0,-3.0,장중손절
KODEX 200,9,위,-3.0,가능,2017-09-14,31210.0,2017-09-22,2017-09-22,6,31675.0,1.49,기한청산
KODEX 200,9,위,-3.0,가능,2018-09-13,29300.0,2018-09-21,2018-09-21,6,30085.0,2.68,기한청산
KODEX 200,9,위,-3.0,가능,2019-09-11,27085.0,2019-09-20,2019-09-20,5,27640.0,2.05,기한청산
KODEX 200,9,위,-3.0,가능,2020-09-10,31625.0,2020-09-18,2020-09-18,6,31820.0,0.62,기한청산
KODEX 200,9,위,-3.0,가능,2021-09-09,40725.0,2021-09-17,2021-09-17,6,41070.0,0.85,기한청산
KODEX 200,9,위,-3.0,가능,2022-09-08,30930.0,2022-09-16,2022-09-16,4,30880.0,-0.16,기한청산
KODEX 200,9,위,-3.0,가능,2023-09-14,34150.0,2023-09-22,2023-09-22,6,33005.0,-3.35,갭손절
KODEX 200,9,위,-3.0,가능,2024-09-12,34415.0,2024-09-20,2024-09-20,3,34515.0,0.29,기한청산
KODEX 200,9,위,-3.0,가능,2025-09-11,45465.0,2025-09-19,2025-09-19,6,47485.0,4.44,기한청산
KODEX 200,9,위,-3.5,가능,2003-09-09,9850.0,2003-09-19,2003-09-19,5,9540.0,-3.15,기한청산
KODEX 200,9,위,-3.5,가능,2004-09-09,10420.0,2004-09-17,2004-09-17,6,10900.0,4.61,기한청산
KODEX 200,9,위,-3.5,가능,2005-09-08,14725.0,2005-09-16,2005-09-16,6,15180.0,3.09,기한청산
KODEX 200,9,위,-3.5,가능,2006-09-14,17710.0,2006-09-22,2006-09-22,6,17620.0,-0.51,기한청산
KODEX 200,9,위,-3.5,가능,2007-09-13,23345.0,2007-09-21,2007-09-21,6,24370.0,4.39,기한청산
KODEX 200,9,위,-3.5,가능,2008-09-11,18700.0,2008-09-19,2008-09-16,2,17700.0,-5.35,갭손절
KODEX 200,9,위,-3.5,가능,2009-09-10,21600.0,2009-09-18,2009-09-18,6,22380.0,3.61,기한청산
KODEX 200,9,위,-3.5,가능,2010-09-09,23305.0,2010-09-17,2010-09-17,6,23830.0,2.25,기한청산
KODEX 200,9,위,-3.5,가능,2011-09-08,23865.0,2011-09-16,2011-09-14,2,23030.0,-3.5,장중손절
KODEX 200,9,위,-3.5,가능,2012-09-13,25750.0,2012-09-21,2012-09-21,6,26390.0,2.49,기한청산
KODEX 200,9,위,-3.5,가능,2013-09-12,26125.0,2013-09-20,2013-09-17,3,26140.0,0.06,기한청산
KODEX 200,9,위,-3.5,가능,2014-09-11,26050.0,2014-09-19,2014-09-19,6,26265.0,0.83,기한청산
KODEX 200,9,위,-3.5,가능,2015-09-10,23465.0,2015-09-18,2015-09-18,6,24115.0,2.77,기한청산
KODEX 200,9,위,-3.5,가능,2016-09-08,25935.0,2016-09-16,2016-09-12,2,25027.0,-3.5,장중손절
KODEX 200,9,위,-3.5,가능,2017-09-14,31210.0,2017-09-22,2017-09-22,6,31675.0,1.49,기한청산
KODEX 200,9,위,-3.5,가능,2018-09-13,29300.0,2018-09-21,2018-09-21,6,30085.0,2.68,기한청산
KODEX 200,9,위,-3.5,가능,2019-09-11,27085.0,2019-09-20,2019-09-20,5,27640.0,2.05,기한청산
KODEX 200,9,위,-3.5,가능,2020-09-10,31625.0,2020-09-18,2020-09-18,6,31820.0,0.62,기한청산
KODEX 200,9,위,-3.5,가능,2021-09-09,40725.0,2021-09-17,2021-09-17,6,41070.0,0.85,기한청산
KODEX 200,9,위,-3.5,가능,2022-09-08,30930.0,2022-09-16,2022-09-16,4,30880.0,-0.16,기한청산
KODEX 200,9,위,-3.5,가능,2023-09-14,34150.0,2023-09-22,2023-09-22,6,32955.0,-3.5,장중손절
KODEX 200,9,위,-3.5,가능,2024-09-12,34415.0,2024-09-20,2024-09-20,3,34515.0,0.29,기한청산
KODEX 200,9,위,-3.5,가능,2025-09-11,45465.0,2025-09-19,2025-09-19,6,47485.0,4.44,기한청산
KODEX 200,9,위,-4.0,가능,2003-09-09,9850.0,2003-09-19,2003-09-19,5,9540.0,-3.15,기한청산
KODEX 200,9,위,-4.0,가능,2004-09-09,10420.0,2004-09-17,2004-09-17,6,10900.0,4.61,기한청산
KODEX 200,9,위,-4.0,가능,2005-09-08,14725.0,2005-09-16,2005-09-16,6,15180.0,3.09,기한청산
KODEX 200,9,위,-4.0,가능,2006-09-14,17710.0,2006-09-22,2006-09-22,6,17620.0,-0.51,기한청산
KODEX 200,9,위,-4.0,가능,2007-09-13,23345.0,2007-09-21,2007-09-21,6,24370.0,4.39,기한청산
KODEX 200,9,위,-4.0,가능,2008-09-11,18700.0,2008-09-19,2008-09-16,2,17700.0,-5.35,갭손절
KODEX 200,9,위,-4.0,가능,2009-09-10,21600.0,2009-09-18,2009-09-18,6,22380.0,3.61,기한청산
KODEX 200,9,위,-4.0,가능,2010-09-09,23305.0,2010-09-17,2010-09-17,6,23830.0,2.25,기한청산
KODEX 200,9,위,-4.0,가능,2011-09-08,23865.0,2011-09-16,2011-09-14,2,22910.0,-4.0,장중손절
KODEX 200,9,위,-4.0,가능,2012-09-13,25750.0,2012-09-21,2012-09-21,6,26390.0,2.49,기한청산
KODEX 200,9,위,-4.0,가능,2013-09-12,26125.0,2013-09-20,2013-09-17,3,26140.0,0.06,기한청산
KODEX 200,9,위,-4.0,가능,2014-09-11,26050.0,2014-09-19,2014-09-19,6,26265.0,0.83,기한청산
KODEX 200,9,위,-4.0,가능,2015-09-10,23465.0,2015-09-18,2015-09-18,6,24115.0,2.77,기한청산
KODEX 200,9,위,-4.0,가능,2016-09-08,25935.0,2016-09-16,2016-09-13,3,25075.0,-3.32,기한청산
KODEX 200,9,위,-4.0,가능,2017-09-14,31210.0,2017-09-22,2017-09-22,6,31675.0,1.49,기한청산
KODEX 200,9,위,-4.0,가능,2018-09-13,29300.0,2018-09-21,2018-09-21,6,30085.0,2.68,기한청산
KODEX 200,9,위,-4.0,가능,2019-09-11,27085.0,2019-09-20,2019-09-20,5,27640.0,2.05,기한청산
KODEX 200,9,위,-4.0,가능,2020-09-10,31625.0,2020-09-18,2020-09-18,6,31820.0,0.62,기한청산
KODEX 200,9,위,-4.0,가능,2021-09-09,40725.0,2021-09-17,2021-09-17,6,41070.0,0.85,기한청산
KODEX 200,9,위,-4.0,가능,2022-09-08,30930.0,2022-09-16,2022-09-16,4,30880.0,-0.16,기한청산
KODEX 200,9,위,-4.0,가능,2023-09-14,34150.0,2023-09-22,2023-09-22,6,33200.0,-2.78,기한청산
KODEX 200,9,위,-4.0,가능,2024-09-12,34415.0,2024-09-20,2024-09-20,3,34515.0,0.29,기한청산
KODEX 200,9,위,-4.0,가능,2025-09-11,45465.0,2025-09-19,2025-09-19,6,47485.0,4.44,기한청산
KODEX 200,9,위,-4.5,가능,2003-09-09,9850.0,2003-09-19,2003-09-19,5,9540.0,-3.15,기한청산
KODEX 200,9,위,-4.5,가능,2004-09-09,10420.0,2004-09-17,2004-09-17,6,10900.0,4.61,기한청산
KODEX 200,9,위,-4.5,가능,2005-09-08,14725.0,2005-09-16,2005-09-16,6,15180.0,3.09,기한청산
KODEX 200,9,위,-4.5,가능,2006-09-14,17710.0,2006-09-22,2006-09-22,6,17620.0,-0.51,기한청산
KODEX 200,9,위,-4.5,가능,2007-09-13,23345.0,2007-09-21,2007-09-21,6,24370.0,4.39,기한청산
KODEX 200,9,위,-4.5,가능,2008-09-11,18700.0,2008-09-19,2008-09-16,2,17700.0,-5.35,갭손절
KODEX 200,9,위,-4.5,가능,2009-09-10,21600.0,2009-09-18,2009-09-18,6,22380.0,3.61,기한청산
KODEX 200,9,위,-4.5,가능,2010-09-09,23305.0,2010-09-17,2010-09-17,6,23830.0,2.25,기한청산
KODEX 200,9,위,-4.5,가능,2011-09-08,23865.0,2011-09-16,2011-09-14,2,22791.0,-4.5,장중손절
KODEX 200,9,위,-4.5,가능,2012-09-13,25750.0,2012-09-21,2012-09-21,6,26390.0,2.49,기한청산
KODEX 200,9,위,-4.5,가능,2013-09-12,26125.0,2013-09-20,2013-09-17,3,26140.0,0.06,기한청산
KODEX 200,9,위,-4.5,가능,2014-09-11,26050.0,2014-09-19,2014-09-19,6,26265.0,0.83,기한청산
KODEX 200,9,위,-4.5,가능,2015-09-10,23465.0,2015-09-18,2015-09-18,6,24115.0,2.77,기한청산
KODEX 200,9,위,-4.5,가능,2016-09-08,25935.0,2016-09-16,2016-09-13,3,25075.0,-3.32,기한청산
KODEX 200,9,위,-4.5,가능,2017-09-14,31210.0,2017-09-22,2017-09-22,6,31675.0,1.49,기한청산
KODEX 200,9,위,-4.5,가능,2018-09-13,29300.0,2018-09-21,2018-09-21,6,30085.0,2.68,기한청산
KODEX 200,9,위,-4.5,가능,2019-09-11,27085.0,2019-09-20,2019-09-20,5,27640.0,2.05,기한청산
KODEX 200,9,위,-4.5,가능,2020-09-10,31625.0,2020-09-18,2020-09-18,6,31820.0,0.62,기한청산
KODEX 200,9,위,-4.5,가능,2021-09-09,40725.0,2021-09-17,2021-09-17,6,41070.0,0.85,기한청산
KODEX 200,9,위,-4.5,가능,2022-09-08,30930.0,2022-09-16,2022-09-16,4,30880.0,-0.16,기한청산
KODEX 200,9,위,-4.5,가능,2023-09-14,34150.0,2023-09-22,2023-09-22,6,33200.0,-2.78,기한청산
KODEX 200,9,위,-4.5,가능,2024-09-12,34415.0,2024-09-20,2024-09-20,3,34515.0,0.29,기한청산
KODEX 200,9,위,-4.5,가능,2025-09-11,45465.0,2025-09-19,2025-09-19,6,47485.0,4.44,기한청산
KODEX 200,9,위,-5.0,가능,2003-09-09,9850.0,2003-09-19,2003-09-19,5,9540.0,-3.15,기한청산
KODEX 200,9,위,-5.0,가능,2004-09-09,10420.0,2004-09-17,2004-09-17,6,10900.0,4.61,기한청산
KODEX 200,9,위,-5.0,가능,2005-09-08,14725.0,2005-09-16,2005-09-16,6,15180.0,3.09,기한청산
KODEX 200,9,위,-5.0,가능,2006-09-14,17710.0,2006-09-22,2006-09-22,6,17620.0,-0.51,기한청산
KODEX 200,9,위,-5.0,가능,2007-09-13,23345.0,2007-09-21,2007-09-21,6,24370.0,4.39,기한청산
KODEX 200,9,위,-5.0,가능,2008-09-11,18700.0,2008-09-19,2008-09-16,2,17700.0,-5.35,갭손절
KODEX 200,9,위,-5.0,가능,2009-09-10,21600.0,2009-09-18,2009-09-18,6,22380.0,3.61,기한청산
KODEX 200,9,위,-5.0,가능,2010-09-09,23305.0,2010-09-17,2010-09-17,6,23830.0,2.25,기한청산
KODEX 200,9,위,-5.0,가능,2011-09-08,23865.0,2011-09-16,2011-09-14,2,22672.0,-5.0,장중손절
KODEX 200,9,위,-5.0,가능,2012-09-13,25750.0,2012-09-21,2012-09-21,6,26390.0,2.49,기한청산
KODEX 200,9,위,-5.0,가능,2013-09-12,26125.0,2013-09-20,2013-09-17,3,26140.0,0.06,기한청산
KODEX 200,9,위,-5.0,가능,2014-09-11,26050.0,2014-09-19,2014-09-19,6,26265.0,0.83,기한청산
KODEX 200,9,위,-5.0,가능,2015-09-10,23465.0,2015-09-18,2015-09-18,6,24115.0,2.77,기한청산
KODEX 200,9,위,-5.0,가능,2016-09-08,25935.0,2016-09-16,2016-09-13,3,25075.0,-3.32,기한청산
KODEX 200,9,위,-5.0,가능,2017-09-14,31210.0,2017-09-22,2017-09-22,6,31675.0,1.49,기한청산
KODEX 200,9,위,-5.0,가능,2018-09-13,29300.0,2018-09-21,2018-09-21,6,30085.0,2.68,기한청산
KODEX 200,9,위,-5.0,가능,2019-09-11,27085.0,2019-09-20,2019-09-20,5,27640.0,2.05,기한청산
KODEX 200,9,위,-5.0,가능,2020-09-10,31625.0,2020-09-18,2020-09-18,6,31820.0,0.62,기한청산
KODEX 200,9,위,-5.0,가능,2021-09-09,40725.0,2021-09-17,2021-09-17,6,41070.0,0.85,기한청산
KODEX 200,9,위,-5.0,가능,2022-09-08,30930.0,2022-09-16,2022-09-16,4,30880.0,-0.16,기한청산
KODEX 200,9,위,-5.0,가능,2023-09-14,34150.0,2023-09-22,2023-09-22,6,33200.0,-2.78,기한청산
KODEX 200,9,위,-5.0,가능,2024-09-12,34415.0,2024-09-20,2024-09-20,3,34515.0,0.29,기한청산
KODEX 200,9,위,-5.0,가능,2025-09-11,45465.0,2025-09-19,2025-09-19,6,47485.0,4.44,기한청산
KODEX 200,9,위,-5.5,가능,2003-09-09,9850.0,2003-09-19,2003-09-19,5,9540.0,-3.15,기한청산
KODEX 200,9,위,-5.5,가능,2004-09-09,10420.0,2004-09-17,2004-09-17,6,10900.0,4.61,기한청산
KODEX 200,9,위,-5.5,가능,2005-09-08,14725.0,2005-09-16,2005-09-16,6,15180.0,3.09,기한청산
KODEX 200,9,위,-5.5,가능,2006-09-14,17710.0,2006-09-22,2006-09-22,6,17620.0,-0.51,기한청산
KODEX 200,9,위,-5.5,가능,2007-09-13,23345.0,2007-09-21,2007-09-21,6,24370.0,4.39,기한청산
KODEX 200,9,위,-5.5,가능,2008-09-11,18700.0,2008-09-19,2008-09-16,2,17672.0,-5.5,장중손절
KODEX 200,9,위,-5.5,가능,2009-09-10,21600.0,2009-09-18,2009-09-18,6,22380.0,3.61,기한청산
KODEX 200,9,위,-5.5,가능,2010-09-09,23305.0,2010-09-17,2010-09-17,6,23830.0,2.25,기한청산
KODEX 200,9,위,-5.5,가능,2011-09-08,23865.0,2011-09-16,2011-09-16,4,23885.0,0.08,기한청산
KODEX 200,9,위,-5.5,가능,2012-09-13,25750.0,2012-09-21,2012-09-21,6,26390.0,2.49,기한청산
KODEX 200,9,위,-5.5,가능,2013-09-12,26125.0,2013-09-20,2013-09-17,3,26140.0,0.06,기한청산
KODEX 200,9,위,-5.5,가능,2014-09-11,26050.0,2014-09-19,2014-09-19,6,26265.0,0.83,기한청산
KODEX 200,9,위,-5.5,가능,2015-09-10,23465.0,2015-09-18,2015-09-18,6,24115.0,2.77,기한청산
KODEX 200,9,위,-5.5,가능,2016-09-08,25935.0,2016-09-16,2016-09-13,3,25075.0,-3.32,기한청산
KODEX 200,9,위,-5.5,가능,2017-09-14,31210.0,2017-09-22,2017-09-22,6,31675.0,1.49,기한청산
KODEX 200,9,위,-5.5,가능,2018-09-13,29300.0,2018-09-21,2018-09-21,6,30085.0,2.68,기한청산
KODEX 200,9,위,-5.5,가능,2019-09-11,27085.0,2019-09-20,2019-09-20,5,27640.0,2.05,기한청산
KODEX 200,9,위,-5.5,가능,2020-09-10,31625.0,2020-09-18,2020-09-18,6,31820.0,0.62,기한청산
KODEX 200,9,위,-5.5,가능,2021-09-09,40725.0,2021-09-17,2021-09-17,6,41070.0,0.85,기한청산
KODEX 200,9,위,-5.5,가능,2022-09-08,30930.0,2022-09-16,2022-09-16,4,30880.0,-0.16,기한청산
KODEX 200,9,위,-5.5,가능,2023-09-14,34150.0,2023-09-22,2023-09-22,6,33200.0,-2.78,기한청산
KODEX 200,9,위,-5.5,가능,2024-09-12,34415.0,2024-09-20,2024-09-20,3,34515.0,0.29,기한청산
KODEX 200,9,위,-5.5,가능,2025-09-11,45465.0,2025-09-19,2025-09-19,6,47485.0,4.44,기한청산
KODEX 200,9,위,-6.0,가능,2003-09-09,9850.0,2003-09-19,2003-09-19,5,9540.0,-3.15,기한청산
KODEX 200,9,위,-6.0,가능,2004-09-09,10420.0,2004-09-17,2004-09-17,6,10900.0,4.61,기한청산
KODEX 200,9,위,-6.0,가능,2005-09-08,14725.0,2005-09-16,2005-09-16,6,15180.0,3.09,기한청산
KODEX 200,9,위,-6.0,가능,2006-09-14,17710.0,2006-09-22,2006-09-22,6,17620.0,-0.51,기한청산
KODEX 200,9,위,-6.0,가능,2007-09-13,23345.0,2007-09-21,2007-09-21,6,24370.0,4.39,기한청산
KODEX 200,9,위,-6.0,가능,2008-09-11,18700.0,2008-09-19,2008-09-19,5,19080.0,2.03,기한청산
KODEX 200,9,위,-6.0,가능,2009-09-10,21600.0,2009-09-18,2009-09-18,6,22380.0,3.61,기한청산
KODEX 200,9,위,-6.0,가능,2010-09-09,23305.0,2010-09-17,2010-09-17,6,23830.0,2.25,기한청산
KODEX 200,9,위,-6.0,가능,2011-09-08,23865.0,2011-09-16,2011-09-16,4,23885.0,0.08,기한청산
KODEX 200,9,위,-6.0,가능,2012-09-13,25750.0,2012-09-21,2012-09-21,6,26390.0,2.49,기한청산
KODEX 200,9,위,-6.0,가능,2013-09-12,26125.0,2013-09-20,2013-09-17,3,26140.0,0.06,기한청산
KODEX 200,9,위,-6.0,가능,2014-09-11,26050.0,2014-09-19,2014-09-19,6,26265.0,0.83,기한청산
KODEX 200,9,위,-6.0,가능,2015-09-10,23465.0,2015-09-18,2015-09-18,6,24115.0,2.77,기한청산
KODEX 200,9,위,-6.0,가능,2016-09-08,25935.0,2016-09-16,2016-09-13,3,25075.0,-3.32,기한청산
KODEX 200,9,위,-6.0,가능,2017-09-14,31210.0,2017-09-22,2017-09-22,6,31675.0,1.49,기한청산
KODEX 200,9,위,-6.0,가능,2018-09-13,29300.0,2018-09-21,2018-09-21,6,30085.0,2.68,기한청산
KODEX 200,9,위,-6.0,가능,2019-09-11,27085.0,2019-09-20,2019-09-20,5,27640.0,2.05,기한청산
KODEX 200,9,위,-6.0,가능,2020-09-10,31625.0,2020-09-18,2020-09-18,6,31820.0,0.62,기한청산
KODEX 200,9,위,-6.0,가능,2021-09-09,40725.0,2021-09-17,2021-09-17,6,41070.0,0.85,기한청산
KODEX 200,9,위,-6.0,가능,2022-09-08,30930.0,2022-09-16,2022-09-16,4,30880.0,-0.16,기한청산
KODEX 200,9,위,-6.0,가능,2023-09-14,34150.0,2023-09-22,2023-09-22,6,33200.0,-2.78,기한청산
KODEX 200,9,위,-6.0,가능,2024-09-12,34415.0,2024-09-20,2024-09-20,3,34515.0,0.29,기한청산
KODEX 200,9,위,-6.0,가능,2025-09-11,45465.0,2025-09-19,2025-09-19,6,47485.0,4.44,기한청산
KODEX 200,9,위,-6.5,가능,2003-09-09,9850.0,2003-09-19,2003-09-19,5,9540.0,-3.15,기한청산
KODEX 200,9,위,-6.5,가능,2004-09-09,10420.0,2004-09-17,2004-09-17,6,10900.0,4.61,기한청산
KODEX 200,9,위,-6.5,가능,2005-09-08,14725.0,2005-09-16,2005-09-16,6,15180.0,3.09,기한청산
KODEX 200,9,위,-6.5,가능,2006-09-14,17710.0,2006-09-22,2006-09-22,6,17620.0,-0.51,기한청산
KODEX 200,9,위,-6.5,가능,2007-09-13,23345.0,2007-09-21,2007-09-21,6,24370.0,4.39,기한청산
KODEX 200,9,위,-6.5,가능,2008-09-11,18700.0,2008-09-19,2008-09-19,5,19080.0,2.03,기한청산
KODEX 200,9,위,-6.5,가능,2009-09-10,21600.0,2009-09-18,2009-09-18,6,22380.0,3.61,기한청산
KODEX 200,9,위,-6.5,가능,2010-09-09,23305.0,2010-09-17,2010-09-17,6,23830.0,2.25,기한청산
KODEX 200,9,위,-6.5,가능,2011-09-08,23865.0,2011-09-16,2011-09-16,4,23885.0,0.08,기한청산
KODEX 200,9,위,-6.5,가능,2012-09-13,25750.0,2012-09-21,2012-09-21,6,26390.0,2.49,기한청산
KODEX 200,9,위,-6.5,가능,2013-09-12,26125.0,2013-09-20,2013-09-17,3,26140.0,0.06,기한청산
KODEX 200,9,위,-6.5,가능,2014-09-11,26050.0,2014-09-19,2014-09-19,6,26265.0,0.83,기한청산
KODEX 200,9,위,-6.5,가능,2015-09-10,23465.0,2015-09-18,2015-09-18,6,24115.0,2.77,기한청산
KODEX 200,9,위,-6.5,가능,2016-09-08,25935.0,2016-09-16,2016-09-13,3,25075.0,-3.32,기한청산
KODEX 200,9,위,-6.5,가능,2017-09-14,31210.0,2017-09-22,2017-09-22,6,31675.0,1.49,기한청산
KODEX 200,9,위,-6.5,가능,2018-09-13,29300.0,2018-09-21,2018-09-21,6,30085.0,2.68,기한청산
KODEX 200,9,위,-6.5,가능,2019-09-11,27085.0,2019-09-20,2019-09-20,5,27640.0,2.05,기한청산
KODEX 200,9,위,-6.5,가능,2020-09-10,31625.0,2020-09-18,2020-09-18,6,31820.0,0.62,기한청산
KODEX 200,9,위,-6.5,가능,2021-09-09,40725.0,2021-09-17,2021-09-17,6,41070.0,0.85,기한청산
KODEX 200,9,위,-6.5,가능,2022-09-08,30930.0,2022-09-16,2022-09-16,4,30880.0,-0.16,기한청산
KODEX 200,9,위,-6.5,가능,2023-09-14,34150.0,2023-09-22,2023-09-22,6,33200.0,-2.78,기한청산
KODEX 200,9,위,-6.5,가능,2024-09-12,34415.0,2024-09-20,2024-09-20,3,34515.0,0.29,기한청산
KODEX 200,9,위,-6.5,가능,2025-09-11,45465.0,2025-09-19,2025-09-19,6,47485.0,4.44,기한청산
KODEX 200,9,위,-7.0,가능,2003-09-09,9850.0,2003-09-19,2003-09-19,5,9540.0,-3.15,기한청산
KODEX 200,9,위,-7.0,가능,2004-09-09,10420.0,2004-09-17,2004-09-17,6,10900.0,4.61,기한청산
KODEX 200,9,위,-7.0,가능,2005-09-08,14725.0,2005-09-16,2005-09-16,6,15180.0,3.09,기한청산
KODEX 200,9,위,-7.0,가능,2006-09-14,17710.0,2006-09-22,2006-09-22,6,17620.0,-0.51,기한청산
KODEX 200,9,위,-7.0,가능,2007-09-13,23345.0,2007-09-21,2007-09-21,6,24370.0,4.39,기한청산
KODEX 200,9,위,-7.0,가능,2008-09-11,18700.0,2008-09-19,2008-09-19,5,19080.0,2.03,기한청산
KODEX 200,9,위,-7.0,가능,2009-09-10,21600.0,2009-09-18,2009-09-18,6,22380.0,3.61,기한청산
KODEX 200,9,위,-7.0,가능,2010-09-09,23305.0,2010-09-17,2010-09-17,6,23830.0,2.25,기한청산
KODEX 200,9,위,-7.0,가능,2011-09-08,23865.0,2011-09-16,2011-09-16,4,23885.0,0.08,기한청산
KODEX 200,9,위,-7.0,가능,2012-09-13,25750.0,2012-09-21,2012-09-21,6,26390.0,2.49,기한청산
KODEX 200,9,위,-7.0,가능,2013-09-12,26125.0,2013-09-20,2013-09-17,3,26140.0,0.06,기한청산
KODEX 200,9,위,-7.0,가능,2014-09-11,26050.0,2014-09-19,2014-09-19,6,26265.0,0.83,기한청산
KODEX 200,9,위,-7.0,가능,2015-09-10,23465.0,2015-09-18,2015-09-18,6,24115.0,2.77,기한청산
KODEX 200,9,위,-7.0,가능,2016-09-08,25935.0,2016-09-16,2016-09-13,3,25075.0,-3.32,기한청산
KODEX 200,9,위,-7.0,가능,2017-09-14,31210.0,2017-09-22,2017-09-22,6,31675.0,1.49,기한청산
KODEX 200,9,위,-7.0,가능,2018-09-13,29300.0,2018-09-21,2018-09-21,6,30085.0,2.68,기한청산
KODEX 200,9,위,-7.0,가능,2019-09-11,27085.0,2019-09-20,2019-09-20,5,27640.0,2.05,기한청산
KODEX 200,9,위,-7.0,가능,2020-09-10,31625.0,2020-09-18,2020-09-18,6,31820.0,0.62,기한청산
KODEX 200,9,위,-7.0,가능,2021-09-09,40725.0,2021-09-17,2021-09-17,6,41070.0,0.85,기한청산
KODEX 200,9,위,-7.0,가능,2022-09-08,30930.0,2022-09-16,2022-09-16,4,30880.0,-0.16,기한청산
KODEX 200,9,위,-7.0,가능,2023-09-14,34150.0,2023-09-22,2023-09-22,6,33200.0,-2.78,기한청산
KODEX 200,9,위,-7.0,가능,2024-09-12,34415.0,2024-09-20,2024-09-20,3,34515.0,0.29,기한청산
KODEX 200,9,위,-7.0,가능,2025-09-11,45465.0,2025-09-19,2025-09-19,6,47485.0,4.44,기한청산
KODEX 200,9,위,-7.5,가능,2003-09-09,9850.0,2003-09-19,2003-09-19,5,9540.0,-3.15,기한청산
KODEX 200,9,위,-7.5,가능,2004-09-09,10420.0,2004-09-17,2004-09-17,6,10900.0,4.61,기한청산
KODEX 200,9,위,-7.5,가능,2005-09-08,14725.0,2005-09-16,2005-09-16,6,15180.0,3.09,기한청산
KODEX 200,9,위,-7.5,가능,2006-09-14,17710.0,2006-09-22,2006-09-22,6,17620.0,-0.51,기한청산
KODEX 200,9,위,-7.5,가능,2007-09-13,23345.0,2007-09-21,2007-09-21,6,24370.0,4.39,기한청산
KODEX 200,9,위,-7.5,가능,2008-09-11,18700.0,2008-09-19,2008-09-19,5,19080.0,2.03,기한청산
KODEX 200,9,위,-7.5,가능,2009-09-10,21600.0,2009-09-18,2009-09-18,6,22380.0,3.61,기한청산
KODEX 200,9,위,-7.5,가능,2010-09-09,23305.0,2010-09-17,2010-09-17,6,23830.0,2.25,기한청산
KODEX 200,9,위,-7.5,가능,2011-09-08,23865.0,2011-09-16,2011-09-16,4,23885.0,0.08,기한청산
KODEX 200,9,위,-7.5,가능,2012-09-13,25750.0,2012-09-21,2012-09-21,6,26390.0,2.49,기한청산
KODEX 200,9,위,-7.5,가능,2013-09-12,26125.0,2013-09-20,2013-09-17,3,26140.0,0.06,기한청산
KODEX 200,9,위,-7.5,가능,2014-09-11,26050.0,2014-09-19,2014-09-19,6,26265.0,0.83,기한청산
KODEX 200,9,위,-7.5,가능,2015-09-10,23465.0,2015-09-18,2015-09-18,6,24115.0,2.77,기한청산
KODEX 200,9,위,-7.5,가능,2016-09-08,25935.0,2016-09-16,2016-09-13,3,25075.0,-3.32,기한청산
KODEX 200,9,위,-7.5,가능,2017-09-14,31210.0,2017-09-22,2017-09-22,6,31675.0,1.49,기한청산
KODEX 200,9,위,-7.5,가능,2018-09-13,29300.0,2018-09-21,2018-09-21,6,30085.0,2.68,기한청산
KODEX 200,9,위,-7.5,가능,2019-09-11,27085.0,2019-09-20,2019-09-20,5,27640.0,2.05,기한청산
KODEX 200,9,위,-7.5,가능,2020-09-10,31625.0,2020-09-18,2020-09-18,6,31820.0,0.62,기한청산
KODEX 200,9,위,-7.5,가능,2021-09-09,40725.0,2021-09-17,2021-09-17,6,41070.0,0.85,기한청산
KODEX 200,9,위,-7.5,가능,2022-09-08,30930.0,2022-09-16,2022-09-16,4,30880.0,-0.16,기한청산
KODEX 200,9,위,-7.5,가능,2023-09-14,34150.0,2023-09-22,2023-09-22,6,33200.0,-2.78,기한청산
KODEX 200,9,위,-7.5,가능,2024-09-12,34415.0,2024-09-20,2024-09-20,3,34515.0,0.29,기한청산
KODEX 200,9,위,-7.5,가능,2025-09-11,45465.0,2025-09-19,2025-09-19,6,47485.0,4.44,기한청산
KODEX 200,9,위,-8.0,가능,2003-09-09,9850.0,2003-09-19,2003-09-19,5,9540.0,-3.15,기한청산
KODEX 200,9,위,-8.0,가능,2004-09-09,10420.0,2004-09-17,2004-09-17,6,10900.0,4.61,기한청산
KODEX 200,9,위,-8.0,가능,2005-09-08,14725.0,2005-09-16,2005-09-16,6,15180.0,3.09,기한청산
KODEX 200,9,위,-8.0,가능,2006-09-14,17710.0,2006-09-22,2006-09-22,6,17620.0,-0.51,기한청산
KODEX 200,9,위,-8.0,가능,2007-09-13,23345.0,2007-09-21,2007-09-21,6,24370.0,4.39,기한청산
KODEX 200,9,위,-8.0,가능,2008-09-11,18700.0,2008-09-19,2008-09-19,5,19080.0,2.03,기한청산
KODEX 200,9,위,-8.0,가능,2009-09-10,21600.0,2009-09-18,2009-09-18,6,22380.0,3.61,기한청산
KODEX 200,9,위,-8.0,가능,2010-09-09,23305.0,2010-09-17,2010-09-17,6,23830.0,2.25,기한청산
KODEX 200,9,위,-8.0,가능,2011-09-08,23865.0,2011-09-16,2011-09-16,4,23885.0,0.08,기한청산
KODEX 200,9,위,-8.0,가능,2012-09-13,25750.0,2012-09-21,2012-09-21,6,26390.0,2.49,기한청산
KODEX 200,9,위,-8.0,가능,2013-09-12,26125.0,2013-09-20,2013-09-17,3,26140.0,0.06,기한청산
KODEX 200,9,위,-8.0,가능,2014-09-11,26050.0,2014-09-19,2014-09-19,6,26265.0,0.83,기한청산
KODEX 200,9,위,-8.0,가능,2015-09-10,23465.0,2015-09-18,2015-09-18,6,24115.0,2.77,기한청산
KODEX 200,9,위,-8.0,가능,2016-09-08,25935.0,2016-09-16,2016-09-13,3,25075.0,-3.32,기한청산
KODEX 200,9,위,-8.0,가능,2017-09-14,31210.0,2017-09-22,2017-09-22,6,31675.0,1.49,기한청산
KODEX 200,9,위,-8.0,가능,2018-09-13,29300.0,2018-09-21,2018-09-21,6,30085.0,2.68,기한청산
KODEX 200,9,위,-8.0,가능,2019-09-11,27085.0,2019-09-20,2019-09-20,5,27640.0,2.05,기한청산
KODEX 200,9,위,-8.0,가능,2020-09-10,31625.0,2020-09-18,2020-09-18,6,31820.0,0.62,기한청산
KODEX 200,9,위,-8.0,가능,2021-09-09,40725.0,2021-09-17,2021-09-17,6,41070.0,0.85,기한청산
KODEX 200,9,위,-8.0,가능,2022-09-08,30930.0,2022-09-16,2022-09-16,4,30880.0,-0.16,기한청산
KODEX 200,9,위,-8.0,가능,2023-09-14,34150.0,2023-09-22,2023-09-22,6,33200.0,-2.78,기한청산
KODEX 200,9,위,-8.0,가능,2024-09-12,34415.0,2024-09-20,2024-09-20,3,34515.0,0.29,기한청산
KODEX 200,9,위,-8.0,가능,2025-09-11,45465.0,2025-09-19,2025-09-19,6,47485.0,4.44,기한청산
KODEX 200,9,위,-8.5,가능,2003-09-09,9850.0,2003-09-19,2003-09-19,5,9540.0,-3.15,기한청산
KODEX 200,9,위,-8.5,가능,2004-09-09,10420.0,2004-09-17,2004-09-17,6,10900.0,4.61,기한청산
KODEX 200,9,위,-8.5,가능,2005-09-08,14725.0,2005-09-16,2005-09-16,6,15180.0,3.09,기한청산
KODEX 200,9,위,-8.5,가능,2006-09-14,17710.0,2006-09-22,2006-09-22,6,17620.0,-0.51,기한청산
KODEX 200,9,위,-8.5,가능,2007-09-13,23345.0,2007-09-21,2007-09-21,6,24370.0,4.39,기한청산
KODEX 200,9,위,-8.5,가능,2008-09-11,18700.0,2008-09-19,2008-09-19,5,19080.0,2.03,기한청산
KODEX 200,9,위,-8.5,가능,2009-09-10,21600.0,2009-09-18,2009-09-18,6,22380.0,3.61,기한청산
KODEX 200,9,위,-8.5,가능,2010-09-09,23305.0,2010-09-17,2010-09-17,6,23830.0,2.25,기한청산
KODEX 200,9,위,-8.5,가능,2011-09-08,23865.0,2011-09-16,2011-09-16,4,23885.0,0.08,기한청산
KODEX 200,9,위,-8.5,가능,2012-09-13,25750.0,2012-09-21,2012-09-21,6,26390.0,2.49,기한청산
KODEX 200,9,위,-8.5,가능,2013-09-12,26125.0,2013-09-20,2013-09-17,3,26140.0,0.06,기한청산
KODEX 200,9,위,-8.5,가능,2014-09-11,26050.0,2014-09-19,2014-09-19,6,26265.0,0.83,기한청산
KODEX 200,9,위,-8.5,가능,2015-09-10,23465.0,2015-09-18,2015-09-18,6,24115.0,2.77,기한청산
KODEX 200,9,위,-8.5,가능,2016-09-08,25935.0,2016-09-16,2016-09-13,3,25075.0,-3.32,기한청산
KODEX 200,9,위,-8.5,가능,2017-09-14,31210.0,2017-09-22,2017-09-22,6,31675.0,1.49,기한청산
KODEX 200,9,위,-8.5,가능,2018-09-13,29300.0,2018-09-21,2018-09-21,6,30085.0,2.68,기한청산
KODEX 200,9,위,-8.5,가능,2019-09-11,27085.0,2019-09-20,2019-09-20,5,27640.0,2.05,기한청산
KODEX 200,9,위,-8.5,가능,2020-09-10,31625.0,2020-09-18,2020-09-18,6,31820.0,0.62,기한청산
KODEX 200,9,위,-8.5,가능,2021-09-09,40725.0,2021-09-17,2021-09-17,6,41070.0,0.85,기한청산
KODEX 200,9,위,-8.5,가능,2022-09-08,30930.0,2022-09-16,2022-09-16,4,30880.0,-0.16,기한청산
KODEX 200,9,위,-8.5,가능,2023-09-14,34150.0,2023-09-22,2023-09-22,6,33200.0,-2.78,기한청산
KODEX 200,9,위,-8.5,가능,2024-09-12,34415.0,2024-09-20,2024-09-20,3,34515.0,0.29,기한청산
KODEX 200,9,위,-8.5,가능,2025-09-11,45465.0,2025-09-19,2025-09-19,6,47485.0,4.44,기한청산
KODEX 200,9,위,-9.0,가능,2003-09-09,9850.0,2003-09-19,2003-09-19,5,9540.0,-3.15,기한청산
KODEX 200,9,위,-9.0,가능,2004-09-09,10420.0,2004-09-17,2004-09-17,6,10900.0,4.61,기한청산
KODEX 200,9,위,-9.0,가능,2005-09-08,14725.0,2005-09-16,2005-09-16,6,15180.0,3.09,기한청산
KODEX 200,9,위,-9.0,가능,2006-09-14,17710.0,2006-09-22,2006-09-22,6,17620.0,-0.51,기한청산
KODEX 200,9,위,-9.0,가능,2007-09-13,23345.0,2007-09-21,2007-09-21,6,24370.0,4.39,기한청산
KODEX 200,9,위,-9.0,가능,2008-09-11,18700.0,2008-09-19,2008-09-19,5,19080.0,2.03,기한청산
KODEX 200,9,위,-9.0,가능,2009-09-10,21600.0,2009-09-18,2009-09-18,6,22380.0,3.61,기한청산
KODEX 200,9,위,-9.0,가능,2010-09-09,23305.0,2010-09-17,2010-09-17,6,23830.0,2.25,기한청산
KODEX 200,9,위,-9.0,가능,2011-09-08,23865.0,2011-09-16,2011-09-16,4,23885.0,0.08,기한청산
KODEX 200,9,위,-9.0,가능,2012-09-13,25750.0,2012-09-21,2012-09-21,6,26390.0,2.49,기한청산
KODEX 200,9,위,-9.0,가능,2013-09-12,26125.0,2013-09-20,2013-09-17,3,26140.0,0.06,기한청산
KODEX 200,9,위,-9.0,가능,2014-09-11,26050.0,2014-09-19,2014-09-19,6,26265.0,0.83,기한청산
KODEX 200,9,위,-9.0,가능,2015-09-10,23465.0,2015-09-18,2015-09-18,6,24115.0,2.77,기한청산
KODEX 200,9,위,-9.0,가능,2016-09-08,25935.0,2016-09-16,2016-09-13,3,25075.0,-3.32,기한청산
KODEX 200,9,위,-9.0,가능,2017-09-14,31210.0,2017-09-22,2017-09-22,6,31675.0,1.49,기한청산
KODEX 200,9,위,-9.0,가능,2018-09-13,29300.0,2018-09-21,2018-09-21,6,30085.0,2.68,기한청산
KODEX 200,9,위,-9.0,가능,2019-09-11,27085.0,2019-09-20,2019-09-20,5,27640.0,2.05,기한청산
KODEX 200,9,위,-9.0,가능,2020-09-10,31625.0,2020-09-18,2020-09-18,6,31820.0,0.62,기한청산
KODEX 200,9,위,-9.0,가능,2021-09-09,40725.0,2021-09-17,2021-09-17,6,41070.0,0.85,기한청산
KODEX 200,9,위,-9.0,가능,2022-09-08,30930.0,2022-09-16,2022-09-16,4,30880.0,-0.16,기한청산
KODEX 200,9,위,-9.0,가능,2023-09-14,34150.0,2023-09-22,2023-09-22,6,33200.0,-2.78,기한청산
KODEX 200,9,위,-9.0,가능,2024-09-12,34415.0,2024-09-20,2024-09-20,3,34515.0,0.29,기한청산
KODEX 200,9,위,-9.0,가능,2025-09-11,45465.0,2025-09-19,2025-09-19,6,47485.0,4.44,기한청산
KODEX 200,9,위,-9.5,가능,2003-09-09,9850.0,2003-09-19,2003-09-19,5,9540.0,-3.15,기한청산
KODEX 200,9,위,-9.5,가능,2004-09-09,10420.0,2004-09-17,2004-09-17,6,10900.0,4.61,기한청산
KODEX 200,9,위,-9.5,가능,2005-09-08,14725.0,2005-09-16,2005-09-16,6,15180.0,3.09,기한청산
KODEX 200,9,위,-9.5,가능,2006-09-14,17710.0,2006-09-22,2006-09-22,6,17620.0,-0.51,기한청산
KODEX 200,9,위,-9.5,가능,2007-09-13,23345.0,2007-09-21,2007-09-21,6,24370.0,4.39,기한청산
KODEX 200,9,위,-9.5,가능,2008-09-11,18700.0,2008-09-19,2008-09-19,5,19080.0,2.03,기한청산
KODEX 200,9,위,-9.5,가능,2009-09-10,21600.0,2009-09-18,2009-09-18,6,22380.0,3.61,기한청산
KODEX 200,9,위,-9.5,가능,2010-09-09,23305.0,2010-09-17,2010-09-17,6,23830.0,2.25,기한청산
KODEX 200,9,위,-9.5,가능,2011-09-08,23865.0,2011-09-16,2011-09-16,4,23885.0,0.08,기한청산
KODEX 200,9,위,-9.5,가능,2012-09-13,25750.0,2012-09-21,2012-09-21,6,26390.0,2.49,기한청산
KODEX 200,9,위,-9.5,가능,2013-09-12,26125.0,2013-09-20,2013-09-17,3,26140.0,0.06,기한청산
KODEX 200,9,위,-9.5,가능,2014-09-11,26050.0,2014-09-19,2014-09-19,6,26265.0,0.83,기한청산
KODEX 200,9,위,-9.5,가능,2015-09-10,23465.0,2015-09-18,2015-09-18,6,24115.0,2.77,기한청산
KODEX 200,9,위,-9.5,가능,2016-09-08,25935.0,2016-09-16,2016-09-13,3,25075.0,-3.32,기한청산
KODEX 200,9,위,-9.5,가능,2017-09-14,31210.0,2017-09-22,2017-09-22,6,31675.0,1.49,기한청산
KODEX 200,9,위,-9.5,가능,2018-09-13,29300.0,2018-09-21,2018-09-21,6,30085.0,2.68,기한청산
KODEX 200,9,위,-9.5,가능,2019-09-11,27085.0,2019-09-20,2019-09-20,5,27640.0,2.05,기한청산
KODEX 200,9,위,-9.5,가능,2020-09-10,31625.0,2020-09-18,2020-09-18,6,31820.0,0.62,기한청산
KODEX 200,9,위,-9.5,가능,2021-09-09,40725.0,2021-09-17,2021-09-17,6,41070.0,0.85,기한청산
KODEX 200,9,위,-9.5,가능,2022-09-08,30930.0,2022-09-16,2022-09-16,4,30880.0,-0.16,기한청산
KODEX 200,9,위,-9.5,가능,2023-09-14,34150.0,2023-09-22,2023-09-22,6,33200.0,-2.78,기한청산
KODEX 200,9,위,-9.5,가능,2024-09-12,34415.0,2024-09-20,2024-09-20,3,34515.0,0.29,기한청산
KODEX 200,9,위,-9.5,가능,2025-09-11,45465.0,2025-09-19,2025-09-19,6,47485.0,4.44,기한청산
KODEX 200,9,위,-10.0,가능,2003-09-09,9850.0,2003-09-19,2003-09-19,5,9540.0,-3.15,기한청산
KODEX 200,9,위,-10.0,가능,2004-09-09,10420.0,2004-09-17,2004-09-17,6,10900.0,4.61,기한청산
KODEX 200,9,위,-10.0,가능,2005-09-08,14725.0,2005-09-16,2005-09-16,6,15180.0,3.09,기한청산
KODEX 200,9,위,-10.0,가능,2006-09-14,17710.0,2006-09-22,2006-09-22,6,17620.0,-0.51,기한청산
KODEX 200,9,위,-10.0,가능,2007-09-13,23345.0,2007-09-21,2007-09-21,6,24370.0,4.39,기한청산
KODEX 200,9,위,-10.0,가능,2008-09-11,18700.0,2008-09-19,2008-09-19,5,19080.0,2.03,기한청산
KODEX 200,9,위,-10.0,가능,2009-09-10,21600.0,2009-09-18,2009-09-18,6,22380.0,3.61,기한청산
KODEX 200,9,위,-10.0,가능,2010-09-09,23305.0,2010-09-17,2010-09-17,6,23830.0,2.25,기한청산
KODEX 200,9,위,-10.0,가능,2011-09-08,23865.0,2011-09-16,2011-09-16,4,23885.0,0.08,기한청산
KODEX 200,9,위,-10.0,가능,2012-09-13,25750.0,2012-09-21,2012-09-21,6,26390.0,2.49,기한청산
KODEX 200,9,위,-10.0,가능,2013-09-12,26125.0,2013-09-20,2013-09-17,3,26140.0,0.06,기한청산
KODEX 200,9,위,-10.0,가능,2014-09-11,26050.0,2014-09-19,2014-09-19,6,26265.0,0.83,기한청산
KODEX 200,9,위,-10.0,가능,2015-09-10,23465.0,2015-09-18,2015-09-18,6,24115.0,2.77,기한청산
KODEX 200,9,위,-10.0,가능,2016-09-08,25935.0,2016-09-16,2016-09-13,3,25075.0,-3.32,기한청산
KODEX 200,9,위,-10.0,가능,2017-09-14,31210.0,2017-09-22,2017-09-22,6,31675.0,1.49,기한청산
KODEX 200,9,위,-10.0,가능,2018-09-13,29300.0,2018-09-21,2018-09-21,6,30085.0,2.68,기한청산
KODEX 200,9,위,-10.0,가능,2019-09-11,27085.0,2019-09-20,2019-09-20,5,27640.0,2.05,기한청산
KODEX 200,9,위,-10.0,가능,2020-09-10,31625.0,2020-09-18,2020-09-18,6,31820.0,0.62,기한청산
KODEX 200,9,위,-10.0,가능,2021-09-09,40725.0,2021-09-17,2021-09-17,6,41070.0,0.85,기한청산
KODEX 200,9,위,-10.0,가능,2022-09-08,30930.0,2022-09-16,2022-09-16,4,30880.0,-0.16,기한청산
KODEX 200,9,위,-10.0,가능,2023-09-14,34150.0,2023-09-22,2023-09-22,6,33200.0,-2.78,기한청산
KODEX 200,9,위,-10.0,가능,2024-09-12,34415.0,2024-09-20,2024-09-20,3,34515.0,0.29,기한청산
KODEX 200,9,위,-10.0,가능,2025-09-11,45465.0,2025-09-19,2025-09-19,6,47485.0,4.44,기한청산
SPY,9,아래,무손절,가능,1993-09-17,45.8125,1993-09-24,1993-09-24,5,45.7812,0.07,기한청산
SPY,9,아래,무손절,가능,1994-09-16,47.0156,1994-09-23,1994-09-23,5,45.9062,2.36,기한청산
SPY,9,아래,무손절,가능,1995-09-15,58.4375,1995-09-22,1995-09-22,5,58.3125,0.21,기한청산
SPY,9,아래,무손절,가능,1996-09-20,68.6406,1996-09-27,1996-09-27,5,68.6875,-0.07,기한청산
SPY,9,아래,무손절,가능,1997-09-19,95.0312,1997-09-26,1997-09-26,5,94.4688,0.59,기한청산
SPY,9,아래,무손절,가능,1998-09-18,102.0938,1998-09-25,1998-09-25,5,104.25,-2.11,기한청산
SPY,9,아래,무손절,가능,1999-09-17,133.75,1999-09-24,1999-09-24,5,127.75,4.49,기한청산
SPY,9,아래,무손절,가능,2000-09-15,146.0,2000-09-22,2000-09-22,5,145.2812,0.49,기한청산
SPY,9,아래,무손절,가능,2001-09-21,97.28,2001-09-28,2001-09-28,5,104.44,-7.36,기한청산
SPY,9,아래,무손절,가능,2002-09-20,84.35,2002-09-27,2002-09-27,5,82.75,1.9,기한청산
SPY,9,아래,무손절,가능,2003-09-19,103.67,2003-09-26,2003-09-26,5,99.95,3.59,기한청산
SPY,9,아래,무손절,가능,2004-09-17,113.15,2004-09-24,2004-09-24,5,111.46,1.49,기한청산
SPY,9,아래,무손절,가능,2005-09-16,123.5,2005-09-23,2005-09-23,5,121.44,1.67,기한청산
SPY,9,아래,무손절,가능,2006-09-15,131.96,2006-09-22,2006-09-22,5,131.47,0.37,기한청산
SPY,9,아래,무손절,가능,2007-09-21,151.97,2007-09-28,2007-09-28,5,152.58,-0.4,기한청산
SPY,9,아래,무손절,가능,2008-09-19,124.12,2008-09-26,2008-09-26,5,120.85,2.63,기한청산
SPY,9,아래,무손절,가능,2009-09-18,106.72,2009-09-25,2009-09-25,5,104.45,2.13,기한청산
SPY,9,아래,무손절,가능,2010-09-17,112.49,2010-09-24,2010-09-24,5,114.82,-2.07,기한청산
SPY,9,아래,무손절,가능,2011-09-16,121.52,2011-09-23,2011-09-23,5,113.54,6.57,기한청산
SPY,9,아래,무손절,가능,2012-09-21,145.87,2012-09-28,2012-09-28,5,143.97,1.3,기한청산
SPY,9,아래,무손절,가능,2013-09-20,170.72,2013-09-27,2013-09-27,5,168.91,1.06,기한청산
SPY,9,아래,무손절,가능,2014-09-19,200.7,2014-09-26,2014-09-26,5,197.9,1.4,기한청산
SPY,9,아래,무손절,가능,2015-09-18,195.45,2015-09-25,2015-09-25,5,192.85,1.33,기한청산
SPY,9,아래,무손절,가능,2016-09-16,213.37,2016-09-23,2016-09-23,5,215.99,-1.23,기한청산
SPY,9,아래,무손절,가능,2017-09-15,249.19,2017-09-22,2017-09-22,5,249.44,-0.1,기한청산
SPY,9,아래,무손절,가능,2018-09-21,291.99,2018-09-28,2018-09-28,5,290.72,0.43,기한청산
SPY,9,아래,무손절,가능,2019-09-20,298.28,2019-09-27,2019-09-27,5,295.4,0.97,기한청산
SPY,9,아래,무손절,가능,2020-09-18,330.65,2020-09-25,2020-09-25,5,328.73,0.58,기한청산
SPY,9,아래,무손절,가능,2021-09-17,441.4,2021-09-24,2021-09-24,5,443.91,-0.57,기한청산
SPY,9,아래,무손절,가능,2022-09-16,385.56,2022-09-23,2022-09-23,5,367.95,4.57,기한청산
SPY,9,아래,무손절,가능,2023-09-15,443.37,2023-09-22,2023-09-22,5,430.42,2.92,기한청산
SPY,9,아래,무손절,가능,2024-09-20,568.25,2024-09-27,2024-09-27,5,571.47,-0.57,기한청산
SPY,9,아래,무손절,가능,2025-09-19,663.7,2025-09-26,2025-09-26,5,661.82,0.28,기한청산
SPY,9,아래,-1.0,가능,1993-09-17,45.8125,1993-09-24,1993-09-24,5,45.7812,0.07,기한청산
SPY,9,아래,-1.0,가능,1994-09-16,47.0156,1994-09-23,1994-09-23,5,45.9062,2.36,기한청산
SPY,9,아래,-1.0,가능,1995-09-15,58.4375,1995-09-22,1995-09-22,5,58.3125,0.21,기한청산
SPY,9,아래,-1.0,가능,1996-09-20,68.6406,1996-09-27,1996-09-27,5,68.6875,-0.07,기한청산
SPY,9,아래,-1.0,가능,1997-09-19,95.0312,1997-09-26,1997-09-22,1,95.9815,-1.0,장중손절
SPY,9,아래,-1.0,가능,1998-09-18,102.0938,1998-09-25,1998-09-21,1,103.1147,-1.0,장중손절
SPY,9,아래,-1.0,가능,1999-09-17,133.75,1999-09-24,1999-09-24,5,127.75,4.49,기한청산
SPY,9,아래,-1.0,가능,2000-09-15,146.0,2000-09-22,2000-09-22,5,145.2812,0.49,기한청산
SPY,9,아래,-1.0,가능,2001-09-21,97.28,2001-09-28,2001-09-24,1,99.72,-2.51,갭손절
SPY,9,아래,-1.0,가능,2002-09-20,84.35,2002-09-27,2002-09-26,4,85.1935,-1.0,장중손절
SPY,9,아래,-1.0,가능,2003-09-19,103.67,2003-09-26,2003-09-26,5,99.95,3.59,기한청산
SPY,9,아래,-1.0,가능,2004-09-17,113.15,2004-09-24,2004-09-24,5,111.46,1.49,기한청산
SPY,9,아래,-1.0,가능,2005-09-16,123.5,2005-09-23,2005-09-23,5,121.44,1.67,기한청산
SPY,9,아래,-1.0,가능,2006-09-15,131.96,2006-09-22,2006-09-22,5,131.47,0.37,기한청산
SPY,9,아래,-1.0,가능,2007-09-21,151.97,2007-09-28,2007-09-28,5,152.58,-0.4,기한청산
SPY,9,아래,-1.0,가능,2008-09-19,124.12,2008-09-26,2008-09-26,5,120.85,2.63,기한청산
SPY,9,아래,-1.0,가능,2009-09-18,106.72,2009-09-25,2009-09-23,3,107.7872,-1.0,장중손절
SPY,9,아래,-1.0,가능,2010-09-17,112.49,2010-09-24,2010-09-20,1,113.6149,-1.0,장중손절
SPY,9,아래,-1.0,가능,2011-09-16,121.52,2011-09-23,2011-09-23,5,113.54,6.57,기한청산
SPY,9,아래,-1.0,가능,2012-09-21,145.87,2012-09-28,2012-09-28,5,143.97,1.3,기한청산
SPY,9,아래,-1.0,가능,2013-09-20,170.72,2013-09-27,2013-09-27,5,168.91,1.06,기한청산
SPY,9,아래,-1.0,가능,2014-09-19,200.7,2014-09-26,2014-09-26,5,197.9,1.4,기한청산
SPY,9,아래,-1.0,가능,2015-09-18,195.45,2015-09-25,2015-09-21,1,197.4045,-1.0,장중손절
SPY,9,아래,-1.0,가능,2016-09-16,213.37,2016-09-23,2016-09-21,3,215.5037,-1.0,장중손절
SPY,9,아래,-1.0,가능,2017-09-15,249.19,2017-09-22,2017-09-22,5,249.44,-0.1,기한청산
SPY,9,아래,-1.0,가능,2018-09-21,291.99,2018-09-28,2018-09-28,5,290.72,0.43,기한청산
SPY,9,아래,-1.0,가능,2019-09-20,298.28,2019-09-27,2019-09-27,5,295.4,0.97,기한청산
SPY,9,아래,-1.0,가능,2020-09-18,330.65,2020-09-25,2020-09-25,5,328.73,0.58,기한청산
SPY,9,아래,-1.0,가능,2021-09-17,441.4,2021-09-24,2021-09-24,5,443.91,-0.57,기한청산
SPY,9,아래,-1.0,가능,2022-09-16,385.56,2022-09-23,2022-09-23,5,367.95,4.57,기한청산
SPY,9,아래,-1.0,가능,2023-09-15,443.37,2023-09-22,2023-09-22,5,430.42,2.92,기한청산
SPY,9,아래,-1.0,가능,2024-09-20,568.25,2024-09-27,2024-09-26,4,574.38,-1.08,갭손절
SPY,9,아래,-1.0,가능,2025-09-19,663.7,2025-09-26,2025-09-26,5,661.82,0.28,기한청산
SPY,9,아래,-1.5,가능,1993-09-17,45.8125,1993-09-24,1993-09-24,5,45.7812,0.07,기한청산
SPY,9,아래,-1.5,가능,1994-09-16,47.0156,1994-09-23,1994-09-23,5,45.9062,2.36,기한청산
SPY,9,아래,-1.5,가능,1995-09-15,58.4375,1995-09-22,1995-09-22,5,58.3125,0.21,기한청산
SPY,9,아래,-1.5,가능,1996-09-20,68.6406,1996-09-27,1996-09-27,5,68.6875,-0.07,기한청산
SPY,9,아래,-1.5,가능,1997-09-19,95.0312,1997-09-26,1997-09-26,5,94.4688,0.59,기한청산
SPY,9,아래,-1.5,가능,1998-09-18,102.0938,1998-09-25,1998-09-22,2,103.6252,-1.5,장중손절
SPY,9,아래,-1.5,가능,1999-09-17,133.75,1999-09-24,1999-09-24,5,127.75,4.49,기한청산
SPY,9,아래,-1.5,가능,2000-09-15,146.0,2000-09-22,2000-09-22,5,145.2812,0.49,기한청산
SPY,9,아래,-1.5,가능,2001-09-21,97.28,2001-09-28,2001-09-24,1,99.72,-2.51,갭손절
SPY,9,아래,-1.5,가능,2002-09-20,84.35,2002-09-27,2002-09-26,4,85.6152,-1.5,장중손절
SPY,9,아래,-1.5,가능,2003-09-19,103.67,2003-09-26,2003-09-26,5,99.95,3.59,기한청산
SPY,9,아래,-1.5,가능,2004-09-17,113.15,2004-09-24,2004-09-24,5,111.46,1.49,기한청산
SPY,9,아래,-1.5,가능,2005-09-16,123.5,2005-09-23,2005-09-23,5,121.44,1.67,기한청산
SPY,9,아래,-1.5,가능,2006-09-15,131.96,2006-09-22,2006-09-22,5,131.47,0.37,기한청산
SPY,9,아래,-1.5,가능,2007-09-21,151.97,2007-09-28,2007-09-28,5,152.58,-0.4,기한청산
SPY,9,아래,-1.5,가능,2008-09-19,124.12,2008-09-26,2008-09-26,5,120.85,2.63,기한청산
SPY,9,아래,-1.5,가능,2009-09-18,106.72,2009-09-25,2009-09-25,5,104.45,2.13,기한청산
SPY,9,아래,-1.5,가능,2010-09-17,112.49,2010-09-24,2010-09-20,1,114.1773,-1.5,장중손절
SPY,9,아래,-1.5,가능,2011-09-16,121.52,2011-09-23,2011-09-23,5,113.54,6.57,기한청산
SPY,9,아래,-1.5,가능,2012-09-21,145.87,2012-09-28,2012-09-28,5,143.97,1.3,기한청산
SPY,9,아래,-1.5,가능,2013-09-20,170.72,2013-09-27,2013-09-27,5,168.91,1.06,기한청산
SPY,9,아래,-1.5,가능,2014-09-19,200.7,2014-09-26,2014-09-26,5,197.9,1.4,기한청산
SPY,9,아래,-1.5,가능,2015-09-18,195.45,2015-09-25,2015-09-25,5,192.85,1.33,기한청산
SPY,9,아래,-1.5,가능,2016-09-16,213.37,2016-09-23,2016-09-22,4,217.0,-1.7,갭손절
SPY,9,아래,-1.5,가능,2017-09-15,249.19,2017-09-22,2017-09-22,5,249.44,-0.1,기한청산
SPY,9,아래,-1.5,가능,2018-09-21,291.99,2018-09-28,2018-09-28,5,290.72,0.43,기한청산
SPY,9,아래,-1.5,가능,2019-09-20,298.28,2019-09-27,2019-09-27,5,295.4,0.97,기한청산
SPY,9,아래,-1.5,가능,2020-09-18,330.65,2020-09-25,2020-09-25,5,328.73,0.58,기한청산
SPY,9,아래,-1.5,가능,2021-09-17,441.4,2021-09-24,2021-09-24,5,443.91,-0.57,기한청산
SPY,9,아래,-1.5,가능,2022-09-16,385.56,2022-09-23,2022-09-23,5,367.95,4.57,기한청산
SPY,9,아래,-1.5,가능,2023-09-15,443.37,2023-09-22,2023-09-22,5,430.42,2.92,기한청산
SPY,9,아래,-1.5,가능,2024-09-20,568.25,2024-09-27,2024-09-27,5,571.47,-0.57,기한청산
SPY,9,아래,-1.5,가능,2025-09-19,663.7,2025-09-26,2025-09-26,5,661.82,0.28,기한청산
SPY,9,아래,-2.0,가능,1993-09-17,45.8125,1993-09-24,1993-09-24,5,45.7812,0.07,기한청산
SPY,9,아래,-2.0,가능,1994-09-16,47.0156,1994-09-23,1994-09-23,5,45.9062,2.36,기한청산
SPY,9,아래,-2.0,가능,1995-09-15,58.4375,1995-09-22,1995-09-22,5,58.3125,0.21,기한청산
SPY,9,아래,-2.0,가능,1996-09-20,68.6406,1996-09-27,1996-09-27,5,68.6875,-0.07,기한청산
SPY,9,아래,-2.0,가능,1997-09-19,95.0312,1997-09-26,1997-09-26,5,94.4688,0.59,기한청산
SPY,9,아래,-2.0,가능,1998-09-18,102.0938,1998-09-25,1998-09-23,3,104.1357,-2.0,장중손절
SPY,9,아래,-2.0,가능,1999-09-17,133.75,1999-09-24,1999-09-24,5,127.75,4.49,기한청산
SPY,9,아래,-2.0,가능,2000-09-15,146.0,2000-09-22,2000-09-22,5,145.2812,0.49,기한청산
SPY,9,아래,-2.0,가능,2001-09-21,97.28,2001-09-28,2001-09-24,1,99.72,-2.51,갭손절
SPY,9,아래,-2.0,가능,2002-09-20,84.35,2002-09-27,2002-09-27,5,82.75,1.9,기한청산
SPY,9,아래,-2.0,가능,2003-09-19,103.67,2003-09-26,2003-09-26,5,99.95,3.59,기한청산
SPY,9,아래,-2.0,가능,2004-09-17,113.15,2004-09-24,2004-09-24,5,111.46,1.49,기한청산
SPY,9,아래,-2.0,가능,2005-09-16,123.5,2005-09-23,2005-09-23,5,121.44,1.67,기한청산
SPY,9,아래,-2.0,가능,2006-09-15,131.96,2006-09-22,2006-09-22,5,131.47,0.37,기한청산
SPY,9,아래,-2.0,가능,2007-09-21,151.97,2007-09-28,2007-09-28,5,152.58,-0.4,기한청산
SPY,9,아래,-2.0,가능,2008-09-19,124.12,2008-09-26,2008-09-26,5,120.85,2.63,기한청산
SPY,9,아래,-2.0,가능,2009-09-18,106.72,2009-09-25,2009-09-25,5,104.45,2.13,기한청산
SPY,9,아래,-2.0,가능,2010-09-17,112.49,2010-09-24,2010-09-21,2,114.7398,-2.0,장중손절
SPY,9,아래,-2.0,가능,2011-09-16,121.52,2011-09-23,2011-09-23,5,113.54,6.57,기한청산
SPY,9,아래,-2.0,가능,2012-09-21,145.87,2012-09-28,2012-09-28,5,143.97,1.3,기한청산
SPY,9,아래,-2.0,가능,2013-09-20,170.72,2013-09-27,2013-09-27,5,168.91,1.06,기한청산
SPY,9,아래,-2.0,가능,2014-09-19,200.7,2014-09-26,2014-09-26,5,197.9,1.4,기한청산
SPY,9,아래,-2.0,가능,2015-09-18,195.45,2015-09-25,2015-09-25,5,192.85,1.33,기한청산
SPY,9,아래,-2.0,가능,2016-09-16,213.37,2016-09-23,2016-09-23,5,215.99,-1.23,기한청산
SPY,9,아래,-2.0,가능,2017-09-15,249.19,2017-09-22,2017-09-22,5,249.44,-0.1,기한청산
SPY,9,아래,-2.0,가능,2018-09-21,291.99,2018-09-28,2018-09-28,5,290.72,0.43,기한청산
SPY,9,아래,-2.0,가능,2019-09-20,298.28,2019-09-27,2019-09-27,5,295.4,0.97,기한청산
SPY,9,아래,-2.0,가능,2020-09-18,330.65,2020-09-25,2020-09-25,5,328.73,0.58,기한청산
SPY,9,아래,-2.0,가능,2021-09-17,441.4,2021-09-24,2021-09-24,5,443.91,-0.57,기한청산
SPY,9,아래,-2.0,가능,2022-09-16,385.56,2022-09-23,2022-09-23,5,367.95,4.57,기한청산
SPY,9,아래,-2.0,가능,2023-09-15,443.37,2023-09-22,2023-09-22,5,430.42,2.92,기한청산
SPY,9,아래,-2.0,가능,2024-09-20,568.25,2024-09-27,2024-09-27,5,571.47,-0.57,기한청산
SPY,9,아래,-2.0,가능,2025-09-19,663.7,2025-09-26,2025-09-26,5,661.82,0.28,기한청산
SPY,9,아래,-2.5,가능,1993-09-17,45.8125,1993-09-24,1993-09-24,5,45.7812,0.07,기한청산
SPY,9,아래,-2.5,가능,1994-09-16,47.0156,1994-09-23,1994-09-23,5,45.9062,2.36,기한청산
SPY,9,아래,-2.5,가능,1995-09-15,58.4375,1995-09-22,1995-09-22,5,58.3125,0.21,기한청산
SPY,9,아래,-2.5,가능,1996-09-20,68.6406,1996-09-27,1996-09-27,5,68.6875,-0.07,기한청산
SPY,9,아래,-2.5,가능,1997-09-19,95.0312,1997-09-26,1997-09-26,5,94.4688,0.59,기한청산
SPY,9,아래,-2.5,가능,1998-09-18,102.0938,1998-09-25,1998-09-23,3,104.6461,-2.5,장중손절
SPY,9,아래,-2.5,가능,1999-09-17,133.75,1999-09-24,1999-09-24,5,127.75,4.49,기한청산
SPY,9,아래,-2.5,가능,2000-09-15,146.0,2000-09-22,2000-09-22,5,145.2812,0.49,기한청산
SPY,9,아래,-2.5,가능,2001-09-21,97.28,2001-09-28,2001-09-24,1,99.72,-2.51,갭손절
SPY,9,아래,-2.5,가능,2002-09-20,84.35,2002-09-27,2002-09-27,5,82.75,1.9,기한청산
SPY,9,아래,-2.5,가능,2003-09-19,103.67,2003-09-26,2003-09-26,5,99.95,3.59,기한청산
SPY,9,아래,-2.5,가능,2004-09-17,113.15,2004-09-24,2004-09-24,5,111.46,1.49,기한청산
SPY,9,아래,-2.5,가능,2005-09-16,123.5,2005-09-23,2005-09-23,5,121.44,1.67,기한청산
SPY,9,아래,-2.5,가능,2006-09-15,131.96,2006-09-22,2006-09-22,5,131.47,0.37,기한청산
SPY,9,아래,-2.5,가능,2007-09-21,151.97,2007-09-28,2007-09-28,5,152.58,-0.4,기한청산
SPY,9,아래,-2.5,가능,2008-09-19,124.12,2008-09-26,2008-09-26,5,120.85,2.63,기한청산
SPY,9,아래,-2.5,가능,2009-09-18,106.72,2009-09-25,2009-09-25,5,104.45,2.13,기한청산
SPY,9,아래,-2.5,가능,2010-09-17,112.49,2010-09-24,2010-09-24,5,114.82,-2.07,기한청산
SPY,9,아래,-2.5,가능,2011-09-16,121.52,2011-09-23,2011-09-23,5,113.54,6.57,기한청산
SPY,9,아래,-2.5,가능,2012-09-21,145.87,2012-09-28,2012-09-28,5,143.97,1.3,기한청산
SPY,9,아래,-2.5,가능,2013-09-20,170.72,2013-09-27,2013-09-27,5,168.91,1.06,기한청산
SPY,9,아래,-2.5,가능,2014-09-19,200.7,2014-09-26,2014-09-26,5,197.9,1.4,기한청산
SPY,9,아래,-2.5,가능,2015-09-18,195.45,2015-09-25,2015-09-25,5,192.85,1.33,기한청산
SPY,9,아래,-2.5,가능,2016-09-16,213.37,2016-09-23,2016-09-23,5,215.99,-1.23,기한청산
SPY,9,아래,-2.5,가능,2017-09-15,249.19,2017-09-22,2017-09-22,5,249.44,-0.1,기한청산
SPY,9,아래,-2.5,가능,2018-09-21,291.99,2018-09-28,2018-09-28,5,290.72,0.43,기한청산
SPY,9,아래,-2.5,가능,2019-09-20,298.28,2019-09-27,2019-09-27,5,295.4,0.97,기한청산
SPY,9,아래,-2.5,가능,2020-09-18,330.65,2020-09-25,2020-09-25,5,328.73,0.58,기한청산
SPY,9,아래,-2.5,가능,2021-09-17,441.4,2021-09-24,2021-09-24,5,443.91,-0.57,기한청산
SPY,9,아래,-2.5,가능,2022-09-16,385.56,2022-09-23,2022-09-23,5,367.95,4.57,기한청산
SPY,9,아래,-2.5,가능,2023-09-15,443.37,2023-09-22,2023-09-22,5,430.42,2.92,기한청산
SPY,9,아래,-2.5,가능,2024-09-20,568.25,2024-09-27,2024-09-27,5,571.47,-0.57,기한청산
SPY,9,아래,-2.5,가능,2025-09-19,663.7,2025-09-26,2025-09-26,5,661.82,0.28,기한청산
SPY,9,아래,-3.0,가능,1993-09-17,45.8125,1993-09-24,1993-09-24,5,45.7812,0.07,기한청산
SPY,9,아래,-3.0,가능,1994-09-16,47.0156,1994-09-23,1994-09-23,5,45.9062,2.36,기한청산
SPY,9,아래,-3.0,가능,1995-09-15,58.4375,1995-09-22,1995-09-22,5,58.3125,0.21,기한청산
SPY,9,아래,-3.0,가능,1996-09-20,68.6406,1996-09-27,1996-09-27,5,68.6875,-0.07,기한청산
SPY,9,아래,-3.0,가능,1997-09-19,95.0312,1997-09-26,1997-09-26,5,94.4688,0.59,기한청산
SPY,9,아래,-3.0,가능,1998-09-18,102.0938,1998-09-25,1998-09-23,3,105.1566,-3.0,장중손절
SPY,9,아래,-3.0,가능,1999-09-17,133.75,1999-09-24,1999-09-24,5,127.75,4.49,기한청산
SPY,9,아래,-3.0,가능,2000-09-15,146.0,2000-09-22,2000-09-22,5,145.2812,0.49,기한청산
SPY,9,아래,-3.0,가능,2001-09-21,97.28,2001-09-28,2001-09-24,1,100.1984,-3.0,장중손절
SPY,9,아래,-3.0,가능,2002-09-20,84.35,2002-09-27,2002-09-27,5,82.75,1.9,기한청산
SPY,9,아래,-3.0,가능,2003-09-19,103.67,2003-09-26,2003-09-26,5,99.95,3.59,기한청산
SPY,9,아래,-3.0,가능,2004-09-17,113.15,2004-09-24,2004-09-24,5,111.46,1.49,기한청산
SPY,9,아래,-3.0,가능,2005-09-16,123.5,2005-09-23,2005-09-23,5,121.44,1.67,기한청산
SPY,9,아래,-3.0,가능,2006-09-15,131.96,2006-09-22,2006-09-22,5,131.47,0.37,기한청산
SPY,9,아래,-3.0,가능,2007-09-21,151.97,2007-09-28,2007-09-28,5,152.58,-0.4,기한청산
SPY,9,아래,-3.0,가능,2008-09-19,124.12,2008-09-26,2008-09-26,5,120.85,2.63,기한청산
SPY,9,아래,-3.0,가능,2009-09-18,106.72,2009-09-25,2009-09-25,5,104.45,2.13,기한청산
SPY,9,아래,-3.0,가능,2010-09-17,112.49,2010-09-24,2010-09-24,5,114.82,-2.07,기한청산
SPY,9,아래,-3.0,가능,2011-09-16,121.52,2011-09-23,2011-09-23,5,113.54,6.57,기한청산
SPY,9,아래,-3.0,가능,2012-09-21,145.87,2012-09-28,2012-09-28,5,143.97,1.3,기한청산
SPY,9,아래,-3.0,가능,2013-09-20,170.72,2013-09-27,2013-09-27,5,168.91,1.06,기한청산
SPY,9,아래,-3.0,가능,2014-09-19,200.7,2014-09-26,2014-09-26,5,197.9,1.4,기한청산
SPY,9,아래,-3.0,가능,2015-09-18,195.45,2015-09-25,2015-09-25,5,192.85,1.33,기한청산
SPY,9,아래,-3.0,가능,2016-09-16,213.37,2016-09-23,2016-09-23,5,215.99,-1.23,기한청산
SPY,9,아래,-3.0,가능,2017-09-15,249.19,2017-09-22,2017-09-22,5,249.44,-0.1,기한청산
SPY,9,아래,-3.0,가능,2018-09-21,291.99,2018-09-28,2018-09-28,5,290.72,0.43,기한청산
SPY,9,아래,-3.0,가능,2019-09-20,298.28,2019-09-27,2019-09-27,5,295.4,0.97,기한청산
SPY,9,아래,-3.0,가능,2020-09-18,330.65,2020-09-25,2020-09-25,5,328.73,0.58,기한청산
SPY,9,아래,-3.0,가능,2021-09-17,441.4,2021-09-24,2021-09-24,5,443.91,-0.57,기한청산
SPY,9,아래,-3.0,가능,2022-09-16,385.56,2022-09-23,2022-09-23,5,367.95,4.57,기한청산
SPY,9,아래,-3.0,가능,2023-09-15,443.37,2023-09-22,2023-09-22,5,430.42,2.92,기한청산
SPY,9,아래,-3.0,가능,2024-09-20,568.25,2024-09-27,2024-09-27,5,571.47,-0.57,기한청산
SPY,9,아래,-3.0,가능,2025-09-19,663.7,2025-09-26,2025-09-26,5,661.82,0.28,기한청산
SPY,9,아래,-3.5,가능,1993-09-17,45.8125,1993-09-24,1993-09-24,5,45.7812,0.07,기한청산
SPY,9,아래,-3.5,가능,1994-09-16,47.0156,1994-09-23,1994-09-23,5,45.9062,2.36,기한청산
SPY,9,아래,-3.5,가능,1995-09-15,58.4375,1995-09-22,1995-09-22,5,58.3125,0.21,기한청산
SPY,9,아래,-3.5,가능,1996-09-20,68.6406,1996-09-27,1996-09-27,5,68.6875,-0.07,기한청산
SPY,9,아래,-3.5,가능,1997-09-19,95.0312,1997-09-26,1997-09-26,5,94.4688,0.59,기한청산
SPY,9,아래,-3.5,가능,1998-09-18,102.0938,1998-09-25,1998-09-23,3,105.6671,-3.5,장중손절
SPY,9,아래,-3.5,가능,1999-09-17,133.75,1999-09-24,1999-09-24,5,127.75,4.49,기한청산
SPY,9,아래,-3.5,가능,2000-09-15,146.0,2000-09-22,2000-09-22,5,145.2812,0.49,기한청산
SPY,9,아래,-3.5,가능,2001-09-21,97.28,2001-09-28,2001-09-24,1,100.6848,-3.5,장중손절
SPY,9,아래,-3.5,가능,2002-09-20,84.35,2002-09-27,2002-09-27,5,82.75,1.9,기한청산
SPY,9,아래,-3.5,가능,2003-09-19,103.67,2003-09-26,2003-09-26,5,99.95,3.59,기한청산
SPY,9,아래,-3.5,가능,2004-09-17,113.15,2004-09-24,2004-09-24,5,111.46,1.49,기한청산
SPY,9,아래,-3.5,가능,2005-09-16,123.5,2005-09-23,2005-09-23,5,121.44,1.67,기한청산
SPY,9,아래,-3.5,가능,2006-09-15,131.96,2006-09-22,2006-09-22,5,131.47,0.37,기한청산
SPY,9,아래,-3.5,가능,2007-09-21,151.97,2007-09-28,2007-09-28,5,152.58,-0.4,기한청산
SPY,9,아래,-3.5,가능,2008-09-19,124.12,2008-09-26,2008-09-26,5,120.85,2.63,기한청산
SPY,9,아래,-3.5,가능,2009-09-18,106.72,2009-09-25,2009-09-25,5,104.45,2.13,기한청산
SPY,9,아래,-3.5,가능,2010-09-17,112.49,2010-09-24,2010-09-24,5,114.82,-2.07,기한청산
SPY,9,아래,-3.5,가능,2011-09-16,121.52,2011-09-23,2011-09-23,5,113.54,6.57,기한청산
SPY,9,아래,-3.5,가능,2012-09-21,145.87,2012-09-28,2012-09-28,5,143.97,1.3,기한청산
SPY,9,아래,-3.5,가능,2013-09-20,170.72,2013-09-27,2013-09-27,5,168.91,1.06,기한청산
SPY,9,아래,-3.5,가능,2014-09-19,200.7,2014-09-26,2014-09-26,5,197.9,1.4,기한청산
SPY,9,아래,-3.5,가능,2015-09-18,195.45,2015-09-25,2015-09-25,5,192.85,1.33,기한청산
SPY,9,아래,-3.5,가능,2016-09-16,213.37,2016-09-23,2016-09-23,5,215.99,-1.23,기한청산
SPY,9,아래,-3.5,가능,2017-09-15,249.19,2017-09-22,2017-09-22,5,249.44,-0.1,기한청산
SPY,9,아래,-3.5,가능,2018-09-21,291.99,2018-09-28,2018-09-28,5,290.72,0.43,기한청산
SPY,9,아래,-3.5,가능,2019-09-20,298.28,2019-09-27,2019-09-27,5,295.4,0.97,기한청산
SPY,9,아래,-3.5,가능,2020-09-18,330.65,2020-09-25,2020-09-25,5,328.73,0.58,기한청산
SPY,9,아래,-3.5,가능,2021-09-17,441.4,2021-09-24,2021-09-24,5,443.91,-0.57,기한청산
SPY,9,아래,-3.5,가능,2022-09-16,385.56,2022-09-23,2022-09-23,5,367.95,4.57,기한청산
SPY,9,아래,-3.5,가능,2023-09-15,443.37,2023-09-22,2023-09-22,5,430.42,2.92,기한청산
SPY,9,아래,-3.5,가능,2024-09-20,568.25,2024-09-27,2024-09-27,5,571.47,-0.57,기한청산
SPY,9,아래,-3.5,가능,2025-09-19,663.7,2025-09-26,2025-09-26,5,661.82,0.28,기한청산
SPY,9,아래,-4.0,가능,1993-09-17,45.8125,1993-09-24,1993-09-24,5,45.7812,0.07,기한청산
SPY,9,아래,-4.0,가능,1994-09-16,47.0156,1994-09-23,1994-09-23,5,45.9062,2.36,기한청산
SPY,9,아래,-4.0,가능,1995-09-15,58.4375,1995-09-22,1995-09-22,5,58.3125,0.21,기한청산
SPY,9,아래,-4.0,가능,1996-09-20,68.6406,1996-09-27,1996-09-27,5,68.6875,-0.07,기한청산
SPY,9,아래,-4.0,가능,1997-09-19,95.0312,1997-09-26,1997-09-26,5,94.4688,0.59,기한청산
SPY,9,아래,-4.0,가능,1998-09-18,102.0938,1998-09-25,1998-09-23,3,106.1776,-4.0,장중손절
SPY,9,아래,-4.0,가능,1999-09-17,133.75,1999-09-24,1999-09-24,5,127.75,4.49,기한청산
SPY,9,아래,-4.0,가능,2000-09-15,146.0,2000-09-22,2000-09-22,5,145.2812,0.49,기한청산
SPY,9,아래,-4.0,가능,2001-09-21,97.28,2001-09-28,2001-09-25,2,101.1712,-4.0,장중손절
SPY,9,아래,-4.0,가능,2002-09-20,84.35,2002-09-27,2002-09-27,5,82.75,1.9,기한청산
SPY,9,아래,-4.0,가능,2003-09-19,103.67,2003-09-26,2003-09-26,5,99.95,3.59,기한청산
SPY,9,아래,-4.0,가능,2004-09-17,113.15,2004-09-24,2004-09-24,5,111.46,1.49,기한청산
SPY,9,아래,-4.0,가능,2005-09-16,123.5,2005-09-23,2005-09-23,5,121.44,1.67,기한청산
SPY,9,아래,-4.0,가능,2006-09-15,131.96,2006-09-22,2006-09-22,5,131.47,0.37,기한청산
SPY,9,아래,-4.0,가능,2007-09-21,151.97,2007-09-28,2007-09-28,5,152.58,-0.4,기한청산
SPY,9,아래,-4.0,가능,2008-09-19,124.12,2008-09-26,2008-09-26,5,120.85,2.63,기한청산
SPY,9,아래,-4.0,가능,2009-09-18,106.72,2009-09-25,2009-09-25,5,104.45,2.13,기한청산
SPY,9,아래,-4.0,가능,2010-09-17,112.49,2010-09-24,2010-09-24,5,114.82,-2.07,기한청산
SPY,9,아래,-4.0,가능,2011-09-16,121.52,2011-09-23,2011-09-23,5,113.54,6.57,기한청산
SPY,9,아래,-4.0,가능,2012-09-21,145.87,2012-09-28,2012-09-28,5,143.97,1.3,기한청산
SPY,9,아래,-4.0,가능,2013-09-20,170.72,2013-09-27,2013-09-27,5,168.91,1.06,기한청산
SPY,9,아래,-4.0,가능,2014-09-19,200.7,2014-09-26,2014-09-26,5,197.9,1.4,기한청산
SPY,9,아래,-4.0,가능,2015-09-18,195.45,2015-09-25,2015-09-25,5,192.85,1.33,기한청산
SPY,9,아래,-4.0,가능,2016-09-16,213.37,2016-09-23,2016-09-23,5,215.99,-1.23,기한청산
SPY,9,아래,-4.0,가능,2017-09-15,249.19,2017-09-22,2017-09-22,5,249.44,-0.1,기한청산
SPY,9,아래,-4.0,가능,2018-09-21,291.99,2018-09-28,2018-09-28,5,290.72,0.43,기한청산
SPY,9,아래,-4.0,가능,2019-09-20,298.28,2019-09-27,2019-09-27,5,295.4,0.97,기한청산
SPY,9,아래,-4.0,가능,2020-09-18,330.65,2020-09-25,2020-09-25,5,328.73,0.58,기한청산
SPY,9,아래,-4.0,가능,2021-09-17,441.4,2021-09-24,2021-09-24,5,443.91,-0.57,기한청산
SPY,9,아래,-4.0,가능,2022-09-16,385.56,2022-09-23,2022-09-23,5,367.95,4.57,기한청산
SPY,9,아래,-4.0,가능,2023-09-15,443.37,2023-09-22,2023-09-22,5,430.42,2.92,기한청산
SPY,9,아래,-4.0,가능,2024-09-20,568.25,2024-09-27,2024-09-27,5,571.47,-0.57,기한청산
SPY,9,아래,-4.0,가능,2025-09-19,663.7,2025-09-26,2025-09-26,5,661.82,0.28,기한청산
SPY,9,아래,-4.5,가능,1993-09-17,45.8125,1993-09-24,1993-09-24,5,45.7812,0.07,기한청산
SPY,9,아래,-4.5,가능,1994-09-16,47.0156,1994-09-23,1994-09-23,5,45.9062,2.36,기한청산
SPY,9,아래,-4.5,가능,1995-09-15,58.4375,1995-09-22,1995-09-22,5,58.3125,0.21,기한청산
SPY,9,아래,-4.5,가능,1996-09-20,68.6406,1996-09-27,1996-09-27,5,68.6875,-0.07,기한청산
SPY,9,아래,-4.5,가능,1997-09-19,95.0312,1997-09-26,1997-09-26,5,94.4688,0.59,기한청산
SPY,9,아래,-4.5,가능,1998-09-18,102.0938,1998-09-25,1998-09-23,3,106.688,-4.5,장중손절
SPY,9,아래,-4.5,가능,1999-09-17,133.75,1999-09-24,1999-09-24,5,127.75,4.49,기한청산
SPY,9,아래,-4.5,가능,2000-09-15,146.0,2000-09-22,2000-09-22,5,145.2812,0.49,기한청산
SPY,9,아래,-4.5,가능,2001-09-21,97.28,2001-09-28,2001-09-25,2,101.6576,-4.5,장중손절
SPY,9,아래,-4.5,가능,2002-09-20,84.35,2002-09-27,2002-09-27,5,82.75,1.9,기한청산
SPY,9,아래,-4.5,가능,2003-09-19,103.67,2003-09-26,2003-09-26,5,99.95,3.59,기한청산
SPY,9,아래,-4.5,가능,2004-09-17,113.15,2004-09-24,2004-09-24,5,111.46,1.49,기한청산
SPY,9,아래,-4.5,가능,2005-09-16,123.5,2005-09-23,2005-09-23,5,121.44,1.67,기한청산
SPY,9,아래,-4.5,가능,2006-09-15,131.96,2006-09-22,2006-09-22,5,131.47,0.37,기한청산
SPY,9,아래,-4.5,가능,2007-09-21,151.97,2007-09-28,2007-09-28,5,152.58,-0.4,기한청산
SPY,9,아래,-4.5,가능,2008-09-19,124.12,2008-09-26,2008-09-26,5,120.85,2.63,기한청산
SPY,9,아래,-4.5,가능,2009-09-18,106.72,2009-09-25,2009-09-25,5,104.45,2.13,기한청산
SPY,9,아래,-4.5,가능,2010-09-17,112.49,2010-09-24,2010-09-24,5,114.82,-2.07,기한청산
SPY,9,아래,-4.5,가능,2011-09-16,121.52,2011-09-23,2011-09-23,5,113.54,6.57,기한청산
SPY,9,아래,-4.5,가능,2012-09-21,145.87,2012-09-28,2012-09-28,5,143.97,1.3,기한청산
SPY,9,아래,-4.5,가능,2013-09-20,170.72,2013-09-27,2013-09-27,5,168.91,1.06,기한청산
SPY,9,아래,-4.5,가능,2014-09-19,200.7,2014-09-26,2014-09-26,5,197.9,1.4,기한청산
SPY,9,아래,-4.5,가능,2015-09-18,195.45,2015-09-25,2015-09-25,5,192.85,1.33,기한청산
SPY,9,아래,-4.5,가능,2016-09-16,213.37,2016-09-23,2016-09-23,5,215.99,-1.23,기한청산
SPY,9,아래,-4.5,가능,2017-09-15,249.19,2017-09-22,2017-09-22,5,249.44,-0.1,기한청산
SPY,9,아래,-4.5,가능,2018-09-21,291.99,2018-09-28,2018-09-28,5,290.72,0.43,기한청산
SPY,9,아래,-4.5,가능,2019-09-20,298.28,2019-09-27,2019-09-27,5,295.4,0.97,기한청산
SPY,9,아래,-4.5,가능,2020-09-18,330.65,2020-09-25,2020-09-25,5,328.73,0.58,기한청산
SPY,9,아래,-4.5,가능,2021-09-17,441.4,2021-09-24,2021-09-24,5,443.91,-0.57,기한청산
SPY,9,아래,-4.5,가능,2022-09-16,385.56,2022-09-23,2022-09-23,5,367.95,4.57,기한청산
SPY,9,아래,-4.5,가능,2023-09-15,443.37,2023-09-22,2023-09-22,5,430.42,2.92,기한청산
SPY,9,아래,-4.5,가능,2024-09-20,568.25,2024-09-27,2024-09-27,5,571.47,-0.57,기한청산
SPY,9,아래,-4.5,가능,2025-09-19,663.7,2025-09-26,2025-09-26,5,661.82,0.28,기한청산
SPY,9,아래,-5.0,가능,1993-09-17,45.8125,1993-09-24,1993-09-24,5,45.7812,0.07,기한청산
SPY,9,아래,-5.0,가능,1994-09-16,47.0156,1994-09-23,1994-09-23,5,45.9062,2.36,기한청산
SPY,9,아래,-5.0,가능,1995-09-15,58.4375,1995-09-22,1995-09-22,5,58.3125,0.21,기한청산
SPY,9,아래,-5.0,가능,1996-09-20,68.6406,1996-09-27,1996-09-27,5,68.6875,-0.07,기한청산
SPY,9,아래,-5.0,가능,1997-09-19,95.0312,1997-09-26,1997-09-26,5,94.4688,0.59,기한청산
SPY,9,아래,-5.0,가능,1998-09-18,102.0938,1998-09-25,1998-09-25,5,104.25,-2.11,기한청산
SPY,9,아래,-5.0,가능,1999-09-17,133.75,1999-09-24,1999-09-24,5,127.75,4.49,기한청산
SPY,9,아래,-5.0,가능,2000-09-15,146.0,2000-09-22,2000-09-22,5,145.2812,0.49,기한청산
SPY,9,아래,-5.0,가능,2001-09-21,97.28,2001-09-28,2001-09-26,3,102.35,-5.21,갭손절
SPY,9,아래,-5.0,가능,2002-09-20,84.35,2002-09-27,2002-09-27,5,82.75,1.9,기한청산
SPY,9,아래,-5.0,가능,2003-09-19,103.67,2003-09-26,2003-09-26,5,99.95,3.59,기한청산
SPY,9,아래,-5.0,가능,2004-09-17,113.15,2004-09-24,2004-09-24,5,111.46,1.49,기한청산
SPY,9,아래,-5.0,가능,2005-09-16,123.5,2005-09-23,2005-09-23,5,121.44,1.67,기한청산
SPY,9,아래,-5.0,가능,2006-09-15,131.96,2006-09-22,2006-09-22,5,131.47,0.37,기한청산
SPY,9,아래,-5.0,가능,2007-09-21,151.97,2007-09-28,2007-09-28,5,152.58,-0.4,기한청산
SPY,9,아래,-5.0,가능,2008-09-19,124.12,2008-09-26,2008-09-26,5,120.85,2.63,기한청산
SPY,9,아래,-5.0,가능,2009-09-18,106.72,2009-09-25,2009-09-25,5,104.45,2.13,기한청산
SPY,9,아래,-5.0,가능,2010-09-17,112.49,2010-09-24,2010-09-24,5,114.82,-2.07,기한청산
SPY,9,아래,-5.0,가능,2011-09-16,121.52,2011-09-23,2011-09-23,5,113.54,6.57,기한청산
SPY,9,아래,-5.0,가능,2012-09-21,145.87,2012-09-28,2012-09-28,5,143.97,1.3,기한청산
SPY,9,아래,-5.0,가능,2013-09-20,170.72,2013-09-27,2013-09-27,5,168.91,1.06,기한청산
SPY,9,아래,-5.0,가능,2014-09-19,200.7,2014-09-26,2014-09-26,5,197.9,1.4,기한청산
SPY,9,아래,-5.0,가능,2015-09-18,195.45,2015-09-25,2015-09-25,5,192.85,1.33,기한청산
SPY,9,아래,-5.0,가능,2016-09-16,213.37,2016-09-23,2016-09-23,5,215.99,-1.23,기한청산
SPY,9,아래,-5.0,가능,2017-09-15,249.19,2017-09-22,2017-09-22,5,249.44,-0.1,기한청산
SPY,9,아래,-5.0,가능,2018-09-21,291.99,2018-09-28,2018-09-28,5,290.72,0.43,기한청산
SPY,9,아래,-5.0,가능,2019-09-20,298.28,2019-09-27,2019-09-27,5,295.4,0.97,기한청산
SPY,9,아래,-5.0,가능,2020-09-18,330.65,2020-09-25,2020-09-25,5,328.73,0.58,기한청산
SPY,9,아래,-5.0,가능,2021-09-17,441.4,2021-09-24,2021-09-24,5,443.91,-0.57,기한청산
SPY,9,아래,-5.0,가능,2022-09-16,385.56,2022-09-23,2022-09-23,5,367.95,4.57,기한청산
SPY,9,아래,-5.0,가능,2023-09-15,443.37,2023-09-22,2023-09-22,5,430.42,2.92,기한청산
SPY,9,아래,-5.0,가능,2024-09-20,568.25,2024-09-27,2024-09-27,5,571.47,-0.57,기한청산
SPY,9,아래,-5.0,가능,2025-09-19,663.7,2025-09-26,2025-09-26,5,661.82,0.28,기한청산
SPY,9,아래,-5.5,가능,1993-09-17,45.8125,1993-09-24,1993-09-24,5,45.7812,0.07,기한청산
SPY,9,아래,-5.5,가능,1994-09-16,47.0156,1994-09-23,1994-09-23,5,45.9062,2.36,기한청산
SPY,9,아래,-5.5,가능,1995-09-15,58.4375,1995-09-22,1995-09-22,5,58.3125,0.21,기한청산
SPY,9,아래,-5.5,가능,1996-09-20,68.6406,1996-09-27,1996-09-27,5,68.6875,-0.07,기한청산
SPY,9,아래,-5.5,가능,1997-09-19,95.0312,1997-09-26,1997-09-26,5,94.4688,0.59,기한청산
SPY,9,아래,-5.5,가능,1998-09-18,102.0938,1998-09-25,1998-09-25,5,104.25,-2.11,기한청산
SPY,9,아래,-5.5,가능,1999-09-17,133.75,1999-09-24,1999-09-24,5,127.75,4.49,기한청산
SPY,9,아래,-5.5,가능,2000-09-15,146.0,2000-09-22,2000-09-22,5,145.2812,0.49,기한청산
SPY,9,아래,-5.5,가능,2001-09-21,97.28,2001-09-28,2001-09-28,5,102.98,-5.86,갭손절
SPY,9,아래,-5.5,가능,2002-09-20,84.35,2002-09-27,2002-09-27,5,82.75,1.9,기한청산
SPY,9,아래,-5.5,가능,2003-09-19,103.67,2003-09-26,2003-09-26,5,99.95,3.59,기한청산
SPY,9,아래,-5.5,가능,2004-09-17,113.15,2004-09-24,2004-09-24,5,111.46,1.49,기한청산
SPY,9,아래,-5.5,가능,2005-09-16,123.5,2005-09-23,2005-09-23,5,121.44,1.67,기한청산
SPY,9,아래,-5.5,가능,2006-09-15,131.96,2006-09-22,2006-09-22,5,131.47,0.37,기한청산
SPY,9,아래,-5.5,가능,2007-09-21,151.97,2007-09-28,2007-09-28,5,152.58,-0.4,기한청산
SPY,9,아래,-5.5,가능,2008-09-19,124.12,2008-09-26,2008-09-26,5,120.85,2.63,기한청산
SPY,9,아래,-5.5,가능,2009-09-18,106.72,2009-09-25,2009-09-25,5,104.45,2.13,기한청산
SPY,9,아래,-5.5,가능,2010-09-17,112.49,2010-09-24,2010-09-24,5,114.82,-2.07,기한청산
SPY,9,아래,-5.5,가능,2011-09-16,121.52,2011-09-23,2011-09-23,5,113.54,6.57,기한청산
SPY,9,아래,-5.5,가능,2012-09-21,145.87,2012-09-28,2012-09-28,5,143.97,1.3,기한청산
SPY,9,아래,-5.5,가능,2013-09-20,170.72,2013-09-27,2013-09-27,5,168.91,1.06,기한청산
SPY,9,아래,-5.5,가능,2014-09-19,200.7,2014-09-26,2014-09-26,5,197.9,1.4,기한청산
SPY,9,아래,-5.5,가능,2015-09-18,195.45,2015-09-25,2015-09-25,5,192.85,1.33,기한청산
SPY,9,아래,-5.5,가능,2016-09-16,213.37,2016-09-23,2016-09-23,5,215.99,-1.23,기한청산
SPY,9,아래,-5.5,가능,2017-09-15,249.19,2017-09-22,2017-09-22,5,249.44,-0.1,기한청산
SPY,9,아래,-5.5,가능,2018-09-21,291.99,2018-09-28,2018-09-28,5,290.72,0.43,기한청산
SPY,9,아래,-5.5,가능,2019-09-20,298.28,2019-09-27,2019-09-27,5,295.4,0.97,기한청산
SPY,9,아래,-5.5,가능,2020-09-18,330.65,2020-09-25,2020-09-25,5,328.73,0.58,기한청산
SPY,9,아래,-5.5,가능,2021-09-17,441.4,2021-09-24,2021-09-24,5,443.91,-0.57,기한청산
SPY,9,아래,-5.5,가능,2022-09-16,385.56,2022-09-23,2022-09-23,5,367.95,4.57,기한청산
SPY,9,아래,-5.5,가능,2023-09-15,443.37,2023-09-22,2023-09-22,5,430.42,2.92,기한청산
SPY,9,아래,-5.5,가능,2024-09-20,568.25,2024-09-27,2024-09-27,5,571.47,-0.57,기한청산
SPY,9,아래,-5.5,가능,2025-09-19,663.7,2025-09-26,2025-09-26,5,661.82,0.28,기한청산
SPY,9,아래,-6.0,가능,1993-09-17,45.8125,1993-09-24,1993-09-24,5,45.7812,0.07,기한청산
SPY,9,아래,-6.0,가능,1994-09-16,47.0156,1994-09-23,1994-09-23,5,45.9062,2.36,기한청산
SPY,9,아래,-6.0,가능,1995-09-15,58.4375,1995-09-22,1995-09-22,5,58.3125,0.21,기한청산
SPY,9,아래,-6.0,가능,1996-09-20,68.6406,1996-09-27,1996-09-27,5,68.6875,-0.07,기한청산
SPY,9,아래,-6.0,가능,1997-09-19,95.0312,1997-09-26,1997-09-26,5,94.4688,0.59,기한청산
SPY,9,아래,-6.0,가능,1998-09-18,102.0938,1998-09-25,1998-09-25,5,104.25,-2.11,기한청산
SPY,9,아래,-6.0,가능,1999-09-17,133.75,1999-09-24,1999-09-24,5,127.75,4.49,기한청산
SPY,9,아래,-6.0,가능,2000-09-15,146.0,2000-09-22,2000-09-22,5,145.2812,0.49,기한청산
SPY,9,아래,-6.0,가능,2001-09-21,97.28,2001-09-28,2001-09-28,5,103.1168,-6.0,장중손절
SPY,9,아래,-6.0,가능,2002-09-20,84.35,2002-09-27,2002-09-27,5,82.75,1.9,기한청산
SPY,9,아래,-6.0,가능,2003-09-19,103.67,2003-09-26,2003-09-26,5,99.95,3.59,기한청산
SPY,9,아래,-6.0,가능,2004-09-17,113.15,2004-09-24,2004-09-24,5,111.46,1.49,기한청산
SPY,9,아래,-6.0,가능,2005-09-16,123.5,2005-09-23,2005-09-23,5,121.44,1.67,기한청산
SPY,9,아래,-6.0,가능,2006-09-15,131.96,2006-09-22,2006-09-22,5,131.47,0.37,기한청산
SPY,9,아래,-6.0,가능,2007-09-21,151.97,2007-09-28,2007-09-28,5,152.58,-0.4,기한청산
SPY,9,아래,-6.0,가능,2008-09-19,124.12,2008-09-26,2008-09-26,5,120.85,2.63,기한청산
SPY,9,아래,-6.0,가능,2009-09-18,106.72,2009-09-25,2009-09-25,5,104.45,2.13,기한청산
SPY,9,아래,-6.0,가능,2010-09-17,112.49,2010-09-24,2010-09-24,5,114.82,-2.07,기한청산
SPY,9,아래,-6.0,가능,2011-09-16,121.52,2011-09-23,2011-09-23,5,113.54,6.57,기한청산
SPY,9,아래,-6.0,가능,2012-09-21,145.87,2012-09-28,2012-09-28,5,143.97,1.3,기한청산
SPY,9,아래,-6.0,가능,2013-09-20,170.72,2013-09-27,2013-09-27,5,168.91,1.06,기한청산
SPY,9,아래,-6.0,가능,2014-09-19,200.7,2014-09-26,2014-09-26,5,197.9,1.4,기한청산
SPY,9,아래,-6.0,가능,2015-09-18,195.45,2015-09-25,2015-09-25,5,192.85,1.33,기한청산
SPY,9,아래,-6.0,가능,2016-09-16,213.37,2016-09-23,2016-09-23,5,215.99,-1.23,기한청산
SPY,9,아래,-6.0,가능,2017-09-15,249.19,2017-09-22,2017-09-22,5,249.44,-0.1,기한청산
SPY,9,아래,-6.0,가능,2018-09-21,291.99,2018-09-28,2018-09-28,5,290.72,0.43,기한청산
SPY,9,아래,-6.0,가능,2019-09-20,298.28,2019-09-27,2019-09-27,5,295.4,0.97,기한청산
SPY,9,아래,-6.0,가능,2020-09-18,330.65,2020-09-25,2020-09-25,5,328.73,0.58,기한청산
SPY,9,아래,-6.0,가능,2021-09-17,441.4,2021-09-24,2021-09-24,5,443.91,-0.57,기한청산
SPY,9,아래,-6.0,가능,2022-09-16,385.56,2022-09-23,2022-09-23,5,367.95,4.57,기한청산
SPY,9,아래,-6.0,가능,2023-09-15,443.37,2023-09-22,2023-09-22,5,430.42,2.92,기한청산
SPY,9,아래,-6.0,가능,2024-09-20,568.25,2024-09-27,2024-09-27,5,571.47,-0.57,기한청산
SPY,9,아래,-6.0,가능,2025-09-19,663.7,2025-09-26,2025-09-26,5,661.82,0.28,기한청산
SPY,9,아래,-6.5,가능,1993-09-17,45.8125,1993-09-24,1993-09-24,5,45.7812,0.07,기한청산
SPY,9,아래,-6.5,가능,1994-09-16,47.0156,1994-09-23,1994-09-23,5,45.9062,2.36,기한청산
SPY,9,아래,-6.5,가능,1995-09-15,58.4375,1995-09-22,1995-09-22,5,58.3125,0.21,기한청산
SPY,9,아래,-6.5,가능,1996-09-20,68.6406,1996-09-27,1996-09-27,5,68.6875,-0.07,기한청산
SPY,9,아래,-6.5,가능,1997-09-19,95.0312,1997-09-26,1997-09-26,5,94.4688,0.59,기한청산
SPY,9,아래,-6.5,가능,1998-09-18,102.0938,1998-09-25,1998-09-25,5,104.25,-2.11,기한청산
SPY,9,아래,-6.5,가능,1999-09-17,133.75,1999-09-24,1999-09-24,5,127.75,4.49,기한청산
SPY,9,아래,-6.5,가능,2000-09-15,146.0,2000-09-22,2000-09-22,5,145.2812,0.49,기한청산
SPY,9,아래,-6.5,가능,2001-09-21,97.28,2001-09-28,2001-09-28,5,103.6032,-6.5,장중손절
SPY,9,아래,-6.5,가능,2002-09-20,84.35,2002-09-27,2002-09-27,5,82.75,1.9,기한청산
SPY,9,아래,-6.5,가능,2003-09-19,103.67,2003-09-26,2003-09-26,5,99.95,3.59,기한청산
SPY,9,아래,-6.5,가능,2004-09-17,113.15,2004-09-24,2004-09-24,5,111.46,1.49,기한청산
SPY,9,아래,-6.5,가능,2005-09-16,123.5,2005-09-23,2005-09-23,5,121.44,1.67,기한청산
SPY,9,아래,-6.5,가능,2006-09-15,131.96,2006-09-22,2006-09-22,5,131.47,0.37,기한청산
SPY,9,아래,-6.5,가능,2007-09-21,151.97,2007-09-28,2007-09-28,5,152.58,-0.4,기한청산
SPY,9,아래,-6.5,가능,2008-09-19,124.12,2008-09-26,2008-09-26,5,120.85,2.63,기한청산
SPY,9,아래,-6.5,가능,2009-09-18,106.72,2009-09-25,2009-09-25,5,104.45,2.13,기한청산
SPY,9,아래,-6.5,가능,2010-09-17,112.49,2010-09-24,2010-09-24,5,114.82,-2.07,기한청산
SPY,9,아래,-6.5,가능,2011-09-16,121.52,2011-09-23,2011-09-23,5,113.54,6.57,기한청산
SPY,9,아래,-6.5,가능,2012-09-21,145.87,2012-09-28,2012-09-28,5,143.97,1.3,기한청산
SPY,9,아래,-6.5,가능,2013-09-20,170.72,2013-09-27,2013-09-27,5,168.91,1.06,기한청산
SPY,9,아래,-6.5,가능,2014-09-19,200.7,2014-09-26,2014-09-26,5,197.9,1.4,기한청산
SPY,9,아래,-6.5,가능,2015-09-18,195.45,2015-09-25,2015-09-25,5,192.85,1.33,기한청산
SPY,9,아래,-6.5,가능,2016-09-16,213.37,2016-09-23,2016-09-23,5,215.99,-1.23,기한청산
SPY,9,아래,-6.5,가능,2017-09-15,249.19,2017-09-22,2017-09-22,5,249.44,-0.1,기한청산
SPY,9,아래,-6.5,가능,2018-09-21,291.99,2018-09-28,2018-09-28,5,290.72,0.43,기한청산
SPY,9,아래,-6.5,가능,2019-09-20,298.28,2019-09-27,2019-09-27,5,295.4,0.97,기한청산
SPY,9,아래,-6.5,가능,2020-09-18,330.65,2020-09-25,2020-09-25,5,328.73,0.58,기한청산
SPY,9,아래,-6.5,가능,2021-09-17,441.4,2021-09-24,2021-09-24,5,443.91,-0.57,기한청산
SPY,9,아래,-6.5,가능,2022-09-16,385.56,2022-09-23,2022-09-23,5,367.95,4.57,기한청산
SPY,9,아래,-6.5,가능,2023-09-15,443.37,2023-09-22,2023-09-22,5,430.42,2.92,기한청산
SPY,9,아래,-6.5,가능,2024-09-20,568.25,2024-09-27,2024-09-27,5,571.47,-0.57,기한청산
SPY,9,아래,-6.5,가능,2025-09-19,663.7,2025-09-26,2025-09-26,5,661.82,0.28,기한청산
SPY,9,아래,-7.0,가능,1993-09-17,45.8125,1993-09-24,1993-09-24,5,45.7812,0.07,기한청산
SPY,9,아래,-7.0,가능,1994-09-16,47.0156,1994-09-23,1994-09-23,5,45.9062,2.36,기한청산
SPY,9,아래,-7.0,가능,1995-09-15,58.4375,1995-09-22,1995-09-22,5,58.3125,0.21,기한청산
SPY,9,아래,-7.0,가능,1996-09-20,68.6406,1996-09-27,1996-09-27,5,68.6875,-0.07,기한청산
SPY,9,아래,-7.0,가능,1997-09-19,95.0312,1997-09-26,1997-09-26,5,94.4688,0.59,기한청산
SPY,9,아래,-7.0,가능,1998-09-18,102.0938,1998-09-25,1998-09-25,5,104.25,-2.11,기한청산
SPY,9,아래,-7.0,가능,1999-09-17,133.75,1999-09-24,1999-09-24,5,127.75,4.49,기한청산
SPY,9,아래,-7.0,가능,2000-09-15,146.0,2000-09-22,2000-09-22,5,145.2812,0.49,기한청산
SPY,9,아래,-7.0,가능,2001-09-21,97.28,2001-09-28,2001-09-28,5,104.0896,-7.0,장중손절
SPY,9,아래,-7.0,가능,2002-09-20,84.35,2002-09-27,2002-09-27,5,82.75,1.9,기한청산
SPY,9,아래,-7.0,가능,2003-09-19,103.67,2003-09-26,2003-09-26,5,99.95,3.59,기한청산
SPY,9,아래,-7.0,가능,2004-09-17,113.15,2004-09-24,2004-09-24,5,111.46,1.49,기한청산
SPY,9,아래,-7.0,가능,2005-09-16,123.5,2005-09-23,2005-09-23,5,121.44,1.67,기한청산
SPY,9,아래,-7.0,가능,2006-09-15,131.96,2006-09-22,2006-09-22,5,131.47,0.37,기한청산
SPY,9,아래,-7.0,가능,2007-09-21,151.97,2007-09-28,2007-09-28,5,152.58,-0.4,기한청산
SPY,9,아래,-7.0,가능,2008-09-19,124.12,2008-09-26,2008-09-26,5,120.85,2.63,기한청산
SPY,9,아래,-7.0,가능,2009-09-18,106.72,2009-09-25,2009-09-25,5,104.45,2.13,기한청산
SPY,9,아래,-7.0,가능,2010-09-17,112.49,2010-09-24,2010-09-24,5,114.82,-2.07,기한청산
SPY,9,아래,-7.0,가능,2011-09-16,121.52,2011-09-23,2011-09-23,5,113.54,6.57,기한청산
SPY,9,아래,-7.0,가능,2012-09-21,145.87,2012-09-28,2012-09-28,5,143.97,1.3,기한청산
SPY,9,아래,-7.0,가능,2013-09-20,170.72,2013-09-27,2013-09-27,5,168.91,1.06,기한청산
SPY,9,아래,-7.0,가능,2014-09-19,200.7,2014-09-26,2014-09-26,5,197.9,1.4,기한청산
SPY,9,아래,-7.0,가능,2015-09-18,195.45,2015-09-25,2015-09-25,5,192.85,1.33,기한청산
SPY,9,아래,-7.0,가능,2016-09-16,213.37,2016-09-23,2016-09-23,5,215.99,-1.23,기한청산
SPY,9,아래,-7.0,가능,2017-09-15,249.19,2017-09-22,2017-09-22,5,249.44,-0.1,기한청산
SPY,9,아래,-7.0,가능,2018-09-21,291.99,2018-09-28,2018-09-28,5,290.72,0.43,기한청산
SPY,9,아래,-7.0,가능,2019-09-20,298.28,2019-09-27,2019-09-27,5,295.4,0.97,기한청산
SPY,9,아래,-7.0,가능,2020-09-18,330.65,2020-09-25,2020-09-25,5,328.73,0.58,기한청산
SPY,9,아래,-7.0,가능,2021-09-17,441.4,2021-09-24,2021-09-24,5,443.91,-0.57,기한청산
SPY,9,아래,-7.0,가능,2022-09-16,385.56,2022-09-23,2022-09-23,5,367.95,4.57,기한청산
SPY,9,아래,-7.0,가능,2023-09-15,443.37,2023-09-22,2023-09-22,5,430.42,2.92,기한청산
SPY,9,아래,-7.0,가능,2024-09-20,568.25,2024-09-27,2024-09-27,5,571.47,-0.57,기한청산
SPY,9,아래,-7.0,가능,2025-09-19,663.7,2025-09-26,2025-09-26,5,661.82,0.28,기한청산
SPY,9,아래,-7.5,가능,1993-09-17,45.8125,1993-09-24,1993-09-24,5,45.7812,0.07,기한청산
SPY,9,아래,-7.5,가능,1994-09-16,47.0156,1994-09-23,1994-09-23,5,45.9062,2.36,기한청산
SPY,9,아래,-7.5,가능,1995-09-15,58.4375,1995-09-22,1995-09-22,5,58.3125,0.21,기한청산
SPY,9,아래,-7.5,가능,1996-09-20,68.6406,1996-09-27,1996-09-27,5,68.6875,-0.07,기한청산
SPY,9,아래,-7.5,가능,1997-09-19,95.0312,1997-09-26,1997-09-26,5,94.4688,0.59,기한청산
SPY,9,아래,-7.5,가능,1998-09-18,102.0938,1998-09-25,1998-09-25,5,104.25,-2.11,기한청산
SPY,9,아래,-7.5,가능,1999-09-17,133.75,1999-09-24,1999-09-24,5,127.75,4.49,기한청산
SPY,9,아래,-7.5,가능,2000-09-15,146.0,2000-09-22,2000-09-22,5,145.2812,0.49,기한청산
SPY,9,아래,-7.5,가능,2001-09-21,97.28,2001-09-28,2001-09-28,5,104.576,-7.5,장중손절
SPY,9,아래,-7.5,가능,2002-09-20,84.35,2002-09-27,2002-09-27,5,82.75,1.9,기한청산
SPY,9,아래,-7.5,가능,2003-09-19,103.67,2003-09-26,2003-09-26,5,99.95,3.59,기한청산
SPY,9,아래,-7.5,가능,2004-09-17,113.15,2004-09-24,2004-09-24,5,111.46,1.49,기한청산
SPY,9,아래,-7.5,가능,2005-09-16,123.5,2005-09-23,2005-09-23,5,121.44,1.67,기한청산
SPY,9,아래,-7.5,가능,2006-09-15,131.96,2006-09-22,2006-09-22,5,131.47,0.37,기한청산
SPY,9,아래,-7.5,가능,2007-09-21,151.97,2007-09-28,2007-09-28,5,152.58,-0.4,기한청산
SPY,9,아래,-7.5,가능,2008-09-19,124.12,2008-09-26,2008-09-26,5,120.85,2.63,기한청산
SPY,9,아래,-7.5,가능,2009-09-18,106.72,2009-09-25,2009-09-25,5,104.45,2.13,기한청산
SPY,9,아래,-7.5,가능,2010-09-17,112.49,2010-09-24,2010-09-24,5,114.82,-2.07,기한청산
SPY,9,아래,-7.5,가능,2011-09-16,121.52,2011-09-23,2011-09-23,5,113.54,6.57,기한청산
SPY,9,아래,-7.5,가능,2012-09-21,145.87,2012-09-28,2012-09-28,5,143.97,1.3,기한청산
SPY,9,아래,-7.5,가능,2013-09-20,170.72,2013-09-27,2013-09-27,5,168.91,1.06,기한청산
SPY,9,아래,-7.5,가능,2014-09-19,200.7,2014-09-26,2014-09-26,5,197.9,1.4,기한청산
SPY,9,아래,-7.5,가능,2015-09-18,195.45,2015-09-25,2015-09-25,5,192.85,1.33,기한청산
SPY,9,아래,-7.5,가능,2016-09-16,213.37,2016-09-23,2016-09-23,5,215.99,-1.23,기한청산
SPY,9,아래,-7.5,가능,2017-09-15,249.19,2017-09-22,2017-09-22,5,249.44,-0.1,기한청산
SPY,9,아래,-7.5,가능,2018-09-21,291.99,2018-09-28,2018-09-28,5,290.72,0.43,기한청산
SPY,9,아래,-7.5,가능,2019-09-20,298.28,2019-09-27,2019-09-27,5,295.4,0.97,기한청산
SPY,9,아래,-7.5,가능,2020-09-18,330.65,2020-09-25,2020-09-25,5,328.73,0.58,기한청산
SPY,9,아래,-7.5,가능,2021-09-17,441.4,2021-09-24,2021-09-24,5,443.91,-0.57,기한청산
SPY,9,아래,-7.5,가능,2022-09-16,385.56,2022-09-23,2022-09-23,5,367.95,4.57,기한청산
SPY,9,아래,-7.5,가능,2023-09-15,443.37,2023-09-22,2023-09-22,5,430.42,2.92,기한청산
SPY,9,아래,-7.5,가능,2024-09-20,568.25,2024-09-27,2024-09-27,5,571.47,-0.57,기한청산
SPY,9,아래,-7.5,가능,2025-09-19,663.7,2025-09-26,2025-09-26,5,661.82,0.28,기한청산
SPY,9,아래,-8.0,가능,1993-09-17,45.8125,1993-09-24,1993-09-24,5,45.7812,0.07,기한청산
SPY,9,아래,-8.0,가능,1994-09-16,47.0156,1994-09-23,1994-09-23,5,45.9062,2.36,기한청산
SPY,9,아래,-8.0,가능,1995-09-15,58.4375,1995-09-22,1995-09-22,5,58.3125,0.21,기한청산
SPY,9,아래,-8.0,가능,1996-09-20,68.6406,1996-09-27,1996-09-27,5,68.6875,-0.07,기한청산
SPY,9,아래,-8.0,가능,1997-09-19,95.0312,1997-09-26,1997-09-26,5,94.4688,0.59,기한청산
SPY,9,아래,-8.0,가능,1998-09-18,102.0938,1998-09-25,1998-09-25,5,104.25,-2.11,기한청산
SPY,9,아래,-8.0,가능,1999-09-17,133.75,1999-09-24,1999-09-24,5,127.75,4.49,기한청산
SPY,9,아래,-8.0,가능,2000-09-15,146.0,2000-09-22,2000-09-22,5,145.2812,0.49,기한청산
SPY,9,아래,-8.0,가능,2001-09-21,97.28,2001-09-28,2001-09-28,5,105.0624,-8.0,장중손절
SPY,9,아래,-8.0,가능,2002-09-20,84.35,2002-09-27,2002-09-27,5,82.75,1.9,기한청산
SPY,9,아래,-8.0,가능,2003-09-19,103.67,2003-09-26,2003-09-26,5,99.95,3.59,기한청산
SPY,9,아래,-8.0,가능,2004-09-17,113.15,2004-09-24,2004-09-24,5,111.46,1.49,기한청산
SPY,9,아래,-8.0,가능,2005-09-16,123.5,2005-09-23,2005-09-23,5,121.44,1.67,기한청산
SPY,9,아래,-8.0,가능,2006-09-15,131.96,2006-09-22,2006-09-22,5,131.47,0.37,기한청산
SPY,9,아래,-8.0,가능,2007-09-21,151.97,2007-09-28,2007-09-28,5,152.58,-0.4,기한청산
SPY,9,아래,-8.0,가능,2008-09-19,124.12,2008-09-26,2008-09-26,5,120.85,2.63,기한청산
SPY,9,아래,-8.0,가능,2009-09-18,106.72,2009-09-25,2009-09-25,5,104.45,2.13,기한청산
SPY,9,아래,-8.0,가능,2010-09-17,112.49,2010-09-24,2010-09-24,5,114.82,-2.07,기한청산
SPY,9,아래,-8.0,가능,2011-09-16,121.52,2011-09-23,2011-09-23,5,113.54,6.57,기한청산
SPY,9,아래,-8.0,가능,2012-09-21,145.87,2012-09-28,2012-09-28,5,143.97,1.3,기한청산
SPY,9,아래,-8.0,가능,2013-09-20,170.72,2013-09-27,2013-09-27,5,168.91,1.06,기한청산
SPY,9,아래,-8.0,가능,2014-09-19,200.7,2014-09-26,2014-09-26,5,197.9,1.4,기한청산
SPY,9,아래,-8.0,가능,2015-09-18,195.45,2015-09-25,2015-09-25,5,192.85,1.33,기한청산
SPY,9,아래,-8.0,가능,2016-09-16,213.37,2016-09-23,2016-09-23,5,215.99,-1.23,기한청산
SPY,9,아래,-8.0,가능,2017-09-15,249.19,2017-09-22,2017-09-22,5,249.44,-0.1,기한청산
SPY,9,아래,-8.0,가능,2018-09-21,291.99,2018-09-28,2018-09-28,5,290.72,0.43,기한청산
SPY,9,아래,-8.0,가능,2019-09-20,298.28,2019-09-27,2019-09-27,5,295.4,0.97,기한청산
SPY,9,아래,-8.0,가능,2020-09-18,330.65,2020-09-25,2020-09-25,5,328.73,0.58,기한청산
SPY,9,아래,-8.0,가능,2021-09-17,441.4,2021-09-24,2021-09-24,5,443.91,-0.57,기한청산
SPY,9,아래,-8.0,가능,2022-09-16,385.56,2022-09-23,2022-09-23,5,367.95,4.57,기한청산
SPY,9,아래,-8.0,가능,2023-09-15,443.37,2023-09-22,2023-09-22,5,430.42,2.92,기한청산
SPY,9,아래,-8.0,가능,2024-09-20,568.25,2024-09-27,2024-09-27,5,571.47,-0.57,기한청산
SPY,9,아래,-8.0,가능,2025-09-19,663.7,2025-09-26,2025-09-26,5,661.82,0.28,기한청산
SPY,9,아래,-8.5,가능,1993-09-17,45.8125,1993-09-24,1993-09-24,5,45.7812,0.07,기한청산
SPY,9,아래,-8.5,가능,1994-09-16,47.0156,1994-09-23,1994-09-23,5,45.9062,2.36,기한청산
SPY,9,아래,-8.5,가능,1995-09-15,58.4375,1995-09-22,1995-09-22,5,58.3125,0.21,기한청산
SPY,9,아래,-8.5,가능,1996-09-20,68.6406,1996-09-27,1996-09-27,5,68.6875,-0.07,기한청산
SPY,9,아래,-8.5,가능,1997-09-19,95.0312,1997-09-26,1997-09-26,5,94.4688,0.59,기한청산
SPY,9,아래,-8.5,가능,1998-09-18,102.0938,1998-09-25,1998-09-25,5,104.25,-2.11,기한청산
SPY,9,아래,-8.5,가능,1999-09-17,133.75,1999-09-24,1999-09-24,5,127.75,4.49,기한청산
SPY,9,아래,-8.5,가능,2000-09-15,146.0,2000-09-22,2000-09-22,5,145.2812,0.49,기한청산
SPY,9,아래,-8.5,가능,2001-09-21,97.28,2001-09-28,2001-09-28,5,105.5488,-8.5,장중손절
SPY,9,아래,-8.5,가능,2002-09-20,84.35,2002-09-27,2002-09-27,5,82.75,1.9,기한청산
SPY,9,아래,-8.5,가능,2003-09-19,103.67,2003-09-26,2003-09-26,5,99.95,3.59,기한청산
SPY,9,아래,-8.5,가능,2004-09-17,113.15,2004-09-24,2004-09-24,5,111.46,1.49,기한청산
SPY,9,아래,-8.5,가능,2005-09-16,123.5,2005-09-23,2005-09-23,5,121.44,1.67,기한청산
SPY,9,아래,-8.5,가능,2006-09-15,131.96,2006-09-22,2006-09-22,5,131.47,0.37,기한청산
SPY,9,아래,-8.5,가능,2007-09-21,151.97,2007-09-28,2007-09-28,5,152.58,-0.4,기한청산
SPY,9,아래,-8.5,가능,2008-09-19,124.12,2008-09-26,2008-09-26,5,120.85,2.63,기한청산
SPY,9,아래,-8.5,가능,2009-09-18,106.72,2009-09-25,2009-09-25,5,104.45,2.13,기한청산
SPY,9,아래,-8.5,가능,2010-09-17,112.49,2010-09-24,2010-09-24,5,114.82,-2.07,기한청산
SPY,9,아래,-8.5,가능,2011-09-16,121.52,2011-09-23,2011-09-23,5,113.54,6.57,기한청산
SPY,9,아래,-8.5,가능,2012-09-21,145.87,2012-09-28,2012-09-28,5,143.97,1.3,기한청산
SPY,9,아래,-8.5,가능,2013-09-20,170.72,2013-09-27,2013-09-27,5,168.91,1.06,기한청산
SPY,9,아래,-8.5,가능,2014-09-19,200.7,2014-09-26,2014-09-26,5,197.9,1.4,기한청산
SPY,9,아래,-8.5,가능,2015-09-18,195.45,2015-09-25,2015-09-25,5,192.85,1.33,기한청산
SPY,9,아래,-8.5,가능,2016-09-16,213.37,2016-09-23,2016-09-23,5,215.99,-1.23,기한청산
SPY,9,아래,-8.5,가능,2017-09-15,249.19,2017-09-22,2017-09-22,5,249.44,-0.1,기한청산
SPY,9,아래,-8.5,가능,2018-09-21,291.99,2018-09-28,2018-09-28,5,290.72,0.43,기한청산
SPY,9,아래,-8.5,가능,2019-09-20,298.28,2019-09-27,2019-09-27,5,295.4,0.97,기한청산
SPY,9,아래,-8.5,가능,2020-09-18,330.65,2020-09-25,2020-09-25,5,328.73,0.58,기한청산
SPY,9,아래,-8.5,가능,2021-09-17,441.4,2021-09-24,2021-09-24,5,443.91,-0.57,기한청산
SPY,9,아래,-8.5,가능,2022-09-16,385.56,2022-09-23,2022-09-23,5,367.95,4.57,기한청산
SPY,9,아래,-8.5,가능,2023-09-15,443.37,2023-09-22,2023-09-22,5,430.42,2.92,기한청산
SPY,9,아래,-8.5,가능,2024-09-20,568.25,2024-09-27,2024-09-27,5,571.47,-0.57,기한청산
SPY,9,아래,-8.5,가능,2025-09-19,663.7,2025-09-26,2025-09-26,5,661.82,0.28,기한청산
SPY,9,아래,-9.0,가능,1993-09-17,45.8125,1993-09-24,1993-09-24,5,45.7812,0.07,기한청산
SPY,9,아래,-9.0,가능,1994-09-16,47.0156,1994-09-23,1994-09-23,5,45.9062,2.36,기한청산
SPY,9,아래,-9.0,가능,1995-09-15,58.4375,1995-09-22,1995-09-22,5,58.3125,0.21,기한청산
SPY,9,아래,-9.0,가능,1996-09-20,68.6406,1996-09-27,1996-09-27,5,68.6875,-0.07,기한청산
SPY,9,아래,-9.0,가능,1997-09-19,95.0312,1997-09-26,1997-09-26,5,94.4688,0.59,기한청산
SPY,9,아래,-9.0,가능,1998-09-18,102.0938,1998-09-25,1998-09-25,5,104.25,-2.11,기한청산
SPY,9,아래,-9.0,가능,1999-09-17,133.75,1999-09-24,1999-09-24,5,127.75,4.49,기한청산
SPY,9,아래,-9.0,가능,2000-09-15,146.0,2000-09-22,2000-09-22,5,145.2812,0.49,기한청산
SPY,9,아래,-9.0,가능,2001-09-21,97.28,2001-09-28,2001-09-28,5,106.0352,-9.0,장중손절
SPY,9,아래,-9.0,가능,2002-09-20,84.35,2002-09-27,2002-09-27,5,82.75,1.9,기한청산
SPY,9,아래,-9.0,가능,2003-09-19,103.67,2003-09-26,2003-09-26,5,99.95,3.59,기한청산
SPY,9,아래,-9.0,가능,2004-09-17,113.15,2004-09-24,2004-09-24,5,111.46,1.49,기한청산
SPY,9,아래,-9.0,가능,2005-09-16,123.5,2005-09-23,2005-09-23,5,121.44,1.67,기한청산
SPY,9,아래,-9.0,가능,2006-09-15,131.96,2006-09-22,2006-09-22,5,131.47,0.37,기한청산
SPY,9,아래,-9.0,가능,2007-09-21,151.97,2007-09-28,2007-09-28,5,152.58,-0.4,기한청산
SPY,9,아래,-9.0,가능,2008-09-19,124.12,2008-09-26,2008-09-26,5,120.85,2.63,기한청산
SPY,9,아래,-9.0,가능,2009-09-18,106.72,2009-09-25,2009-09-25,5,104.45,2.13,기한청산
SPY,9,아래,-9.0,가능,2010-09-17,112.49,2010-09-24,2010-09-24,5,114.82,-2.07,기한청산
SPY,9,아래,-9.0,가능,2011-09-16,121.52,2011-09-23,2011-09-23,5,113.54,6.57,기한청산
SPY,9,아래,-9.0,가능,2012-09-21,145.87,2012-09-28,2012-09-28,5,143.97,1.3,기한청산
SPY,9,아래,-9.0,가능,2013-09-20,170.72,2013-09-27,2013-09-27,5,168.91,1.06,기한청산
SPY,9,아래,-9.0,가능,2014-09-19,200.7,2014-09-26,2014-09-26,5,197.9,1.4,기한청산
SPY,9,아래,-9.0,가능,2015-09-18,195.45,2015-09-25,2015-09-25,5,192.85,1.33,기한청산
SPY,9,아래,-9.0,가능,2016-09-16,213.37,2016-09-23,2016-09-23,5,215.99,-1.23,기한청산
SPY,9,아래,-9.0,가능,2017-09-15,249.19,2017-09-22,2017-09-22,5,249.44,-0.1,기한청산
SPY,9,아래,-9.0,가능,2018-09-21,291.99,2018-09-28,2018-09-28,5,290.72,0.43,기한청산
SPY,9,아래,-9.0,가능,2019-09-20,298.28,2019-09-27,2019-09-27,5,295.4,0.97,기한청산
SPY,9,아래,-9.0,가능,2020-09-18,330.65,2020-09-25,2020-09-25,5,328.73,0.58,기한청산
SPY,9,아래,-9.0,가능,2021-09-17,441.4,2021-09-24,2021-09-24,5,443.91,-0.57,기한청산
SPY,9,아래,-9.0,가능,2022-09-16,385.56,2022-09-23,2022-09-23,5,367.95,4.57,기한청산
SPY,9,아래,-9.0,가능,2023-09-15,443.37,2023-09-22,2023-09-22,5,430.42,2.92,기한청산
SPY,9,아래,-9.0,가능,2024-09-20,568.25,2024-09-27,2024-09-27,5,571.47,-0.57,기한청산
SPY,9,아래,-9.0,가능,2025-09-19,663.7,2025-09-26,2025-09-26,5,661.82,0.28,기한청산
SPY,9,아래,-9.5,가능,1993-09-17,45.8125,1993-09-24,1993-09-24,5,45.7812,0.07,기한청산
SPY,9,아래,-9.5,가능,1994-09-16,47.0156,1994-09-23,1994-09-23,5,45.9062,2.36,기한청산
SPY,9,아래,-9.5,가능,1995-09-15,58.4375,1995-09-22,1995-09-22,5,58.3125,0.21,기한청산
SPY,9,아래,-9.5,가능,1996-09-20,68.6406,1996-09-27,1996-09-27,5,68.6875,-0.07,기한청산
SPY,9,아래,-9.5,가능,1997-09-19,95.0312,1997-09-26,1997-09-26,5,94.4688,0.59,기한청산
SPY,9,아래,-9.5,가능,1998-09-18,102.0938,1998-09-25,1998-09-25,5,104.25,-2.11,기한청산
SPY,9,아래,-9.5,가능,1999-09-17,133.75,1999-09-24,1999-09-24,5,127.75,4.49,기한청산
SPY,9,아래,-9.5,가능,2000-09-15,146.0,2000-09-22,2000-09-22,5,145.2812,0.49,기한청산
SPY,9,아래,-9.5,가능,2001-09-21,97.28,2001-09-28,2001-09-28,5,106.5216,-9.5,장중손절
SPY,9,아래,-9.5,가능,2002-09-20,84.35,2002-09-27,2002-09-27,5,82.75,1.9,기한청산
SPY,9,아래,-9.5,가능,2003-09-19,103.67,2003-09-26,2003-09-26,5,99.95,3.59,기한청산
SPY,9,아래,-9.5,가능,2004-09-17,113.15,2004-09-24,2004-09-24,5,111.46,1.49,기한청산
SPY,9,아래,-9.5,가능,2005-09-16,123.5,2005-09-23,2005-09-23,5,121.44,1.67,기한청산
SPY,9,아래,-9.5,가능,2006-09-15,131.96,2006-09-22,2006-09-22,5,131.47,0.37,기한청산
SPY,9,아래,-9.5,가능,2007-09-21,151.97,2007-09-28,2007-09-28,5,152.58,-0.4,기한청산
SPY,9,아래,-9.5,가능,2008-09-19,124.12,2008-09-26,2008-09-26,5,120.85,2.63,기한청산
SPY,9,아래,-9.5,가능,2009-09-18,106.72,2009-09-25,2009-09-25,5,104.45,2.13,기한청산
SPY,9,아래,-9.5,가능,2010-09-17,112.49,2010-09-24,2010-09-24,5,114.82,-2.07,기한청산
SPY,9,아래,-9.5,가능,2011-09-16,121.52,2011-09-23,2011-09-23,5,113.54,6.57,기한청산
SPY,9,아래,-9.5,가능,2012-09-21,145.87,2012-09-28,2012-09-28,5,143.97,1.3,기한청산
SPY,9,아래,-9.5,가능,2013-09-20,170.72,2013-09-27,2013-09-27,5,168.91,1.06,기한청산
SPY,9,아래,-9.5,가능,2014-09-19,200.7,2014-09-26,2014-09-26,5,197.9,1.4,기한청산
SPY,9,아래,-9.5,가능,2015-09-18,195.45,2015-09-25,2015-09-25,5,192.85,1.33,기한청산
SPY,9,아래,-9.5,가능,2016-09-16,213.37,2016-09-23,2016-09-23,5,215.99,-1.23,기한청산
SPY,9,아래,-9.5,가능,2017-09-15,249.19,2017-09-22,2017-09-22,5,249.44,-0.1,기한청산
SPY,9,아래,-9.5,가능,2018-09-21,291.99,2018-09-28,2018-09-28,5,290.72,0.43,기한청산
SPY,9,아래,-9.5,가능,2019-09-20,298.28,2019-09-27,2019-09-27,5,295.4,0.97,기한청산
SPY,9,아래,-9.5,가능,2020-09-18,330.65,2020-09-25,2020-09-25,5,328.73,0.58,기한청산
SPY,9,아래,-9.5,가능,2021-09-17,441.4,2021-09-24,2021-09-24,5,443.91,-0.57,기한청산
SPY,9,아래,-9.5,가능,2022-09-16,385.56,2022-09-23,2022-09-23,5,367.95,4.57,기한청산
SPY,9,아래,-9.5,가능,2023-09-15,443.37,2023-09-22,2023-09-22,5,430.42,2.92,기한청산
SPY,9,아래,-9.5,가능,2024-09-20,568.25,2024-09-27,2024-09-27,5,571.47,-0.57,기한청산
SPY,9,아래,-9.5,가능,2025-09-19,663.7,2025-09-26,2025-09-26,5,661.82,0.28,기한청산
SPY,9,아래,-10.0,가능,1993-09-17,45.8125,1993-09-24,1993-09-24,5,45.7812,0.07,기한청산
SPY,9,아래,-10.0,가능,1994-09-16,47.0156,1994-09-23,1994-09-23,5,45.9062,2.36,기한청산
SPY,9,아래,-10.0,가능,1995-09-15,58.4375,1995-09-22,1995-09-22,5,58.3125,0.21,기한청산
SPY,9,아래,-10.0,가능,1996-09-20,68.6406,1996-09-27,1996-09-27,5,68.6875,-0.07,기한청산
SPY,9,아래,-10.0,가능,1997-09-19,95.0312,1997-09-26,1997-09-26,5,94.4688,0.59,기한청산
SPY,9,아래,-10.0,가능,1998-09-18,102.0938,1998-09-25,1998-09-25,5,104.25,-2.11,기한청산
SPY,9,아래,-10.0,가능,1999-09-17,133.75,1999-09-24,1999-09-24,5,127.75,4.49,기한청산
SPY,9,아래,-10.0,가능,2000-09-15,146.0,2000-09-22,2000-09-22,5,145.2812,0.49,기한청산
SPY,9,아래,-10.0,가능,2001-09-21,97.28,2001-09-28,2001-09-28,5,107.008,-10.0,장중손절
SPY,9,아래,-10.0,가능,2002-09-20,84.35,2002-09-27,2002-09-27,5,82.75,1.9,기한청산
SPY,9,아래,-10.0,가능,2003-09-19,103.67,2003-09-26,2003-09-26,5,99.95,3.59,기한청산
SPY,9,아래,-10.0,가능,2004-09-17,113.15,2004-09-24,2004-09-24,5,111.46,1.49,기한청산
SPY,9,아래,-10.0,가능,2005-09-16,123.5,2005-09-23,2005-09-23,5,121.44,1.67,기한청산
SPY,9,아래,-10.0,가능,2006-09-15,131.96,2006-09-22,2006-09-22,5,131.47,0.37,기한청산
SPY,9,아래,-10.0,가능,2007-09-21,151.97,2007-09-28,2007-09-28,5,152.58,-0.4,기한청산
SPY,9,아래,-10.0,가능,2008-09-19,124.12,2008-09-26,2008-09-26,5,120.85,2.63,기한청산
SPY,9,아래,-10.0,가능,2009-09-18,106.72,2009-09-25,2009-09-25,5,104.45,2.13,기한청산
SPY,9,아래,-10.0,가능,2010-09-17,112.49,2010-09-24,2010-09-24,5,114.82,-2.07,기한청산
SPY,9,아래,-10.0,가능,2011-09-16,121.52,2011-09-23,2011-09-23,5,113.54,6.57,기한청산
SPY,9,아래,-10.0,가능,2012-09-21,145.87,2012-09-28,2012-09-28,5,143.97,1.3,기한청산
SPY,9,아래,-10.0,가능,2013-09-20,170.72,2013-09-27,2013-09-27,5,168.91,1.06,기한청산
SPY,9,아래,-10.0,가능,2014-09-19,200.7,2014-09-26,2014-09-26,5,197.9,1.4,기한청산
SPY,9,아래,-10.0,가능,2015-09-18,195.45,2015-09-25,2015-09-25,5,192.85,1.33,기한청산
SPY,9,아래,-10.0,가능,2016-09-16,213.37,2016-09-23,2016-09-23,5,215.99,-1.23,기한청산
SPY,9,아래,-10.0,가능,2017-09-15,249.19,2017-09-22,2017-09-22,5,249.44,-0.1,기한청산
SPY,9,아래,-10.0,가능,2018-09-21,291.99,2018-09-28,2018-09-28,5,290.72,0.43,기한청산
SPY,9,아래,-10.0,가능,2019-09-20,298.28,2019-09-27,2019-09-27,5,295.4,0.97,기한청산
SPY,9,아래,-10.0,가능,2020-09-18,330.65,2020-09-25,2020-09-25,5,328.73,0.58,기한청산
SPY,9,아래,-10.0,가능,2021-09-17,441.4,2021-09-24,2021-09-24,5,443.91,-0.57,기한청산
SPY,9,아래,-10.0,가능,2022-09-16,385.56,2022-09-23,2022-09-23,5,367.95,4.57,기한청산
SPY,9,아래,-10.0,가능,2023-09-15,443.37,2023-09-22,2023-09-22,5,430.42,2.92,기한청산
SPY,9,아래,-10.0,가능,2024-09-20,568.25,2024-09-27,2024-09-27,5,571.47,-0.57,기한청산
SPY,9,아래,-10.0,가능,2025-09-19,663.7,2025-09-26,2025-09-26,5,661.82,0.28,기한청산
DIA,9,아래,무손절,가능,1998-09-18,78.8125,1998-09-25,1998-09-25,5,80.125,-1.67,기한청산
DIA,9,아래,무손절,가능,1999-09-17,108.375,1999-09-24,1999-09-24,5,102.6406,5.29,기한청산
DIA,9,아래,무손절,가능,2000-09-15,109.0,2000-09-22,2000-09-22,5,108.75,0.23,기한청산
DIA,9,아래,무손절,가능,2001-09-21,82.8,2001-09-28,2001-09-28,5,88.35,-6.7,기한청산
DIA,9,아래,무손절,가능,2002-09-20,79.67,2002-09-27,2002-09-27,5,76.85,3.54,기한청산
DIA,9,아래,무손절,가능,2003-09-19,96.47,2003-09-26,2003-09-26,5,93.3,3.29,기한청산
DIA,9,아래,무손절,가능,2004-09-17,103.01,2004-09-24,2004-09-24,5,100.72,2.22,기한청산
DIA,9,아래,무손절,가능,2005-09-16,106.23,2005-09-23,2005-09-23,5,104.1,2.01,기한청산
DIA,9,아래,무손절,가능,2006-09-15,115.59,2006-09-22,2006-09-22,5,115.01,0.5,기한청산
DIA,9,아래,무손절,가능,2007-09-21,137.9,2007-09-28,2007-09-28,5,138.91,-0.73,기한청산
DIA,9,아래,무손절,가능,2008-09-19,113.57,2008-09-26,2008-09-26,5,111.15,2.13,기한청산
DIA,9,아래,무손절,가능,2009-09-18,98.11,2009-09-25,2009-09-25,5,96.74,1.4,기한청산
DIA,9,아래,무손절,가능,2010-09-17,106.07,2010-09-24,2010-09-24,5,108.57,-2.36,기한청산
DIA,9,아래,무손절,가능,2011-09-16,114.86,2011-09-23,2011-09-23,5,107.45,6.45,기한청산
DIA,9,아래,무손절,가능,2012-09-21,135.47,2012-09-28,2012-09-28,5,134.05,1.05,기한청산
DIA,9,아래,무손절,가능,2013-09-20,154.3,2013-09-27,2013-09-27,5,152.21,1.35,기한청산
DIA,9,아래,무손절,가능,2014-09-19,172.45,2014-09-26,2014-09-26,5,170.7,1.01,기한청산
DIA,9,아래,무손절,가능,2015-09-18,163.54,2015-09-25,2015-09-25,5,162.88,0.4,기한청산
DIA,9,아래,무손절,가능,2016-09-16,180.97,2016-09-23,2016-09-23,5,182.42,-0.8,기한청산
DIA,9,아래,무손절,가능,2017-09-15,222.45,2017-09-22,2017-09-22,5,223.2,-0.34,기한청산
DIA,9,아래,무손절,가능,2018-09-21,267.12,2018-09-28,2018-09-28,5,264.4,1.02,기한청산
DIA,9,아래,무손절,가능,2019-09-20,269.25,2019-09-27,2019-09-27,5,267.99,0.47,기한청산
DIA,9,아래,무손절,가능,2020-09-18,276.52,2020-09-25,2020-09-25,5,271.7,1.74,기한청산
DIA,9,아래,무손절,가능,2021-09-17,345.64,2021-09-24,2021-09-24,5,347.87,-0.65,기한청산
DIA,9,아래,무손절,가능,2022-09-16,308.05,2022-09-23,2022-09-23,5,295.86,3.96,기한청산
DIA,9,아래,무손절,가능,2023-09-15,346.14,2023-09-22,2023-09-22,5,339.58,1.9,기한청산
DIA,9,아래,무손절,가능,2024-09-20,420.57,2024-09-27,2024-09-27,5,422.95,-0.57,기한청산
DIA,9,아래,무손절,가능,2025-09-19,462.94,2025-09-26,2025-09-26,5,462.28,0.14,기한청산
DIA,9,아래,-1.0,가능,1998-09-18,78.8125,1998-09-25,1998-09-22,2,80.0625,-1.59,갭손절
DIA,9,아래,-1.0,가능,1999-09-17,108.375,1999-09-24,1999-09-24,5,102.6406,5.29,기한청산
DIA,9,아래,-1.0,가능,2000-09-15,109.0,2000-09-22,2000-09-22,5,108.75,0.23,기한청산
DIA,9,아래,-1.0,가능,2001-09-21,82.8,2001-09-28,2001-09-24,1,85.46,-3.21,갭손절
DIA,9,아래,-1.0,가능,2002-09-20,79.67,2002-09-27,2002-09-27,5,76.85,3.54,기한청산
DIA,9,아래,-1.0,가능,2003-09-19,96.47,2003-09-26,2003-09-26,5,93.3,3.29,기한청산
DIA,9,아래,-1.0,가능,2004-09-17,103.01,2004-09-24,2004-09-24,5,100.72,2.22,기한청산
DIA,9,아래,-1.0,가능,2005-09-16,106.23,2005-09-23,2005-09-23,5,104.1,2.01,기한청산
DIA,9,아래,-1.0,가능,2006-09-15,115.59,2006-09-22,2006-09-22,5,115.01,0.5,기한청산
DIA,9,아래,-1.0,가능,2007-09-21,137.9,2007-09-28,2007-09-28,5,138.91,-0.73,기한청산
DIA,9,아래,-1.0,가능,2008-09-19,113.57,2008-09-26,2008-09-26,5,111.15,2.13,기한청산
DIA,9,아래,-1.0,가능,2009-09-18,98.11,2009-09-25,2009-09-23,3,99.0911,-1.0,장중손절
DIA,9,아래,-1.0,가능,2010-09-17,106.07,2010-09-24,2010-09-20,1,107.1307,-1.0,장중손절
DIA,9,아래,-1.0,가능,2011-09-16,114.86,2011-09-23,2011-09-23,5,107.45,6.45,기한청산
DIA,9,아래,-1.0,가능,2012-09-21,135.47,2012-09-28,2012-09-28,5,134.05,1.05,기한청산
DIA,9,아래,-1.0,가능,2013-09-20,154.3,2013-09-27,2013-09-27,5,152.21,1.35,기한청산
DIA,9,아래,-1.0,가능,2014-09-19,172.45,2014-09-26,2014-09-26,5,170.7,1.01,기한청산
DIA,9,아래,-1.0,가능,2015-09-18,163.54,2015-09-25,2015-09-21,1,165.1754,-1.0,장중손절
DIA,9,아래,-1.0,가능,2016-09-16,180.97,2016-09-23,2016-09-21,3,182.7797,-1.0,장중손절
DIA,9,아래,-1.0,가능,2017-09-15,222.45,2017-09-22,2017-09-22,5,223.2,-0.34,기한청산
DIA,9,아래,-1.0,가능,2018-09-21,267.12,2018-09-28,2018-09-28,5,264.4,1.02,기한청산
DIA,9,아래,-1.0,가능,2019-09-20,269.25,2019-09-27,2019-09-27,5,267.99,0.47,기한청산
DIA,9,아래,-1.0,가능,2020-09-18,276.52,2020-09-25,2020-09-25,5,271.7,1.74,기한청산
DIA,9,아래,-1.0,가능,2021-09-17,345.64,2021-09-24,2021-09-24,5,347.87,-0.65,기한청산
DIA,9,아래,-1.0,가능,2022-09-16,308.05,2022-09-23,2022-09-23,5,295.86,3.96,기한청산
DIA,9,아래,-1.0,가능,2023-09-15,346.14,2023-09-22,2023-09-22,5,339.58,1.9,기한청산
DIA,9,아래,-1.0,가능,2024-09-20,420.57,2024-09-27,2024-09-27,5,424.7757,-1.0,장중손절
DIA,9,아래,-1.0,가능,2025-09-19,462.94,2025-09-26,2025-09-26,5,462.28,0.14,기한청산
DIA,9,아래,-1.5,가능,1998-09-18,78.8125,1998-09-25,1998-09-22,2,80.0625,-1.59,갭손절
DIA,9,아래,-1.5,가능,1999-09-17,108.375,1999-09-24,1999-09-24,5,102.6406,5.29,기한청산
DIA,9,아래,-1.5,가능,2000-09-15,109.0,2000-09-22,2000-09-22,5,108.75,0.23,기한청산
DIA,9,아래,-1.5,가능,2001-09-21,82.8,2001-09-28,2001-09-24,1,85.46,-3.21,갭손절
DIA,9,아래,-1.5,가능,2002-09-20,79.67,2002-09-27,2002-09-27,5,76.85,3.54,기한청산
DIA,9,아래,-1.5,가능,2003-09-19,96.47,2003-09-26,2003-09-26,5,93.3,3.29,기한청산
DIA,9,아래,-1.5,가능,2004-09-17,103.01,2004-09-24,2004-09-24,5,100.72,2.22,기한청산
DIA,9,아래,-1.5,가능,2005-09-16,106.23,2005-09-23,2005-09-23,5,104.1,2.01,기한청산
DIA,9,아래,-1.5,가능,2006-09-15,115.59,2006-09-22,2006-09-22,5,115.01,0.5,기한청산
DIA,9,아래,-1.5,가능,2007-09-21,137.9,2007-09-28,2007-09-28,5,138.91,-0.73,기한청산
DIA,9,아래,-1.5,가능,2008-09-19,113.57,2008-09-26,2008-09-26,5,111.15,2.13,기한청산
DIA,9,아래,-1.5,가능,2009-09-18,98.11,2009-09-25,2009-09-25,5,96.74,1.4,기한청산
DIA,9,아래,-1.5,가능,2010-09-17,106.07,2010-09-24,2010-09-20,1,107.661,-1.5,장중손절
DIA,9,아래,-1.5,가능,2011-09-16,114.86,2011-09-23,2011-09-23,5,107.45,6.45,기한청산
DIA,9,아래,-1.5,가능,2012-09-21,135.47,2012-09-28,2012-09-28,5,134.05,1.05,기한청산
DIA,9,아래,-1.5,가능,2013-09-20,154.3,2013-09-27,2013-09-27,5,152.21,1.35,기한청산
DIA,9,아래,-1.5,가능,2014-09-19,172.45,2014-09-26,2014-09-26,5,170.7,1.01,기한청산
DIA,9,아래,-1.5,가능,2015-09-18,163.54,2015-09-25,2015-09-25,5,162.88,0.4,기한청산
DIA,9,아래,-1.5,가능,2016-09-16,180.97,2016-09-23,2016-09-22,4,183.6845,-1.5,장중손절
DIA,9,아래,-1.5,가능,2017-09-15,222.45,2017-09-22,2017-09-22,5,223.2,-0.34,기한청산
DIA,9,아래,-1.5,가능,2018-09-21,267.12,2018-09-28,2018-09-28,5,264.4,1.02,기한청산
DIA,9,아래,-1.5,가능,2019-09-20,269.25,2019-09-27,2019-09-27,5,267.99,0.47,기한청산
DIA,9,아래,-1.5,가능,2020-09-18,276.52,2020-09-25,2020-09-25,5,271.7,1.74,기한청산
DIA,9,아래,-1.5,가능,2021-09-17,345.64,2021-09-24,2021-09-24,5,347.87,-0.65,기한청산
DIA,9,아래,-1.5,가능,2022-09-16,308.05,2022-09-23,2022-09-23,5,295.86,3.96,기한청산
DIA,9,아래,-1.5,가능,2023-09-15,346.14,2023-09-22,2023-09-22,5,339.58,1.9,기한청산
DIA,9,아래,-1.5,가능,2024-09-20,420.57,2024-09-27,2024-09-27,5,422.95,-0.57,기한청산
DIA,9,아래,-1.5,가능,2025-09-19,462.94,2025-09-26,2025-09-26,5,462.28,0.14,기한청산
DIA,9,아래,-2.0,가능,1998-09-18,78.8125,1998-09-25,1998-09-23,3,80.3888,-2.0,장중손절
DIA,9,아래,-2.0,가능,1999-09-17,108.375,1999-09-24,1999-09-24,5,102.6406,5.29,기한청산
DIA,9,아래,-2.0,가능,2000-09-15,109.0,2000-09-22,2000-09-22,5,108.75,0.23,기한청산
DIA,9,아래,-2.0,가능,2001-09-21,82.8,2001-09-28,2001-09-24,1,85.46,-3.21,갭손절
DIA,9,아래,-2.0,가능,2002-09-20,79.67,2002-09-27,2002-09-27,5,76.85,3.54,기한청산
DIA,9,아래,-2.0,가능,2003-09-19,96.47,2003-09-26,2003-09-26,5,93.3,3.29,기한청산
DIA,9,아래,-2.0,가능,2004-09-17,103.01,2004-09-24,2004-09-24,5,100.72,2.22,기한청산
DIA,9,아래,-2.0,가능,2005-09-16,106.23,2005-09-23,2005-09-23,5,104.1,2.01,기한청산
DIA,9,아래,-2.0,가능,2006-09-15,115.59,2006-09-22,2006-09-22,5,115.01,0.5,기한청산
DIA,9,아래,-2.0,가능,2007-09-21,137.9,2007-09-28,2007-09-28,5,138.91,-0.73,기한청산
DIA,9,아래,-2.0,가능,2008-09-19,113.57,2008-09-26,2008-09-26,5,111.15,2.13,기한청산
DIA,9,아래,-2.0,가능,2009-09-18,98.11,2009-09-25,2009-09-25,5,96.74,1.4,기한청산
DIA,9,아래,-2.0,가능,2010-09-17,106.07,2010-09-24,2010-09-21,2,108.1914,-2.0,장중손절
DIA,9,아래,-2.0,가능,2011-09-16,114.86,2011-09-23,2011-09-23,5,107.45,6.45,기한청산
DIA,9,아래,-2.0,가능,2012-09-21,135.47,2012-09-28,2012-09-28,5,134.05,1.05,기한청산
DIA,9,아래,-2.0,가능,2013-09-20,154.3,2013-09-27,2013-09-27,5,152.21,1.35,기한청산
DIA,9,아래,-2.0,가능,2014-09-19,172.45,2014-09-26,2014-09-26,5,170.7,1.01,기한청산
DIA,9,아래,-2.0,가능,2015-09-18,163.54,2015-09-25,2015-09-25,5,162.88,0.4,기한청산
DIA,9,아래,-2.0,가능,2016-09-16,180.97,2016-09-23,2016-09-23,5,182.42,-0.8,기한청산
DIA,9,아래,-2.0,가능,2017-09-15,222.45,2017-09-22,2017-09-22,5,223.2,-0.34,기한청산
DIA,9,아래,-2.0,가능,2018-09-21,267.12,2018-09-28,2018-09-28,5,264.4,1.02,기한청산
DIA,9,아래,-2.0,가능,2019-09-20,269.25,2019-09-27,2019-09-27,5,267.99,0.47,기한청산
DIA,9,아래,-2.0,가능,2020-09-18,276.52,2020-09-25,2020-09-25,5,271.7,1.74,기한청산
DIA,9,아래,-2.0,가능,2021-09-17,345.64,2021-09-24,2021-09-24,5,347.87,-0.65,기한청산
DIA,9,아래,-2.0,가능,2022-09-16,308.05,2022-09-23,2022-09-23,5,295.86,3.96,기한청산
DIA,9,아래,-2.0,가능,2023-09-15,346.14,2023-09-22,2023-09-22,5,339.58,1.9,기한청산
DIA,9,아래,-2.0,가능,2024-09-20,420.57,2024-09-27,2024-09-27,5,422.95,-0.57,기한청산
DIA,9,아래,-2.0,가능,2025-09-19,462.94,2025-09-26,2025-09-26,5,462.28,0.14,기한청산
DIA,9,아래,-2.5,가능,1998-09-18,78.8125,1998-09-25,1998-09-23,3,80.7828,-2.5,장중손절
DIA,9,아래,-2.5,가능,1999-09-17,108.375,1999-09-24,1999-09-24,5,102.6406,5.29,기한청산
DIA,9,아래,-2.5,가능,2000-09-15,109.0,2000-09-22,2000-09-22,5,108.75,0.23,기한청산
DIA,9,아래,-2.5,가능,2001-09-21,82.8,2001-09-28,2001-09-24,1,85.46,-3.21,갭손절
DIA,9,아래,-2.5,가능,2002-09-20,79.67,2002-09-27,2002-09-27,5,76.85,3.54,기한청산
DIA,9,아래,-2.5,가능,2003-09-19,96.47,2003-09-26,2003-09-26,5,93.3,3.29,기한청산
DIA,9,아래,-2.5,가능,2004-09-17,103.01,2004-09-24,2004-09-24,5,100.72,2.22,기한청산
DIA,9,아래,-2.5,가능,2005-09-16,106.23,2005-09-23,2005-09-23,5,104.1,2.01,기한청산
DIA,9,아래,-2.5,가능,2006-09-15,115.59,2006-09-22,2006-09-22,5,115.01,0.5,기한청산
DIA,9,아래,-2.5,가능,2007-09-21,137.9,2007-09-28,2007-09-28,5,138.91,-0.73,기한청산
DIA,9,아래,-2.5,가능,2008-09-19,113.57,2008-09-26,2008-09-26,5,111.15,2.13,기한청산
DIA,9,아래,-2.5,가능,2009-09-18,98.11,2009-09-25,2009-09-25,5,96.74,1.4,기한청산
DIA,9,아래,-2.5,가능,2010-09-17,106.07,2010-09-24,2010-09-24,5,108.57,-2.36,기한청산
DIA,9,아래,-2.5,가능,2011-09-16,114.86,2011-09-23,2011-09-23,5,107.45,6.45,기한청산
DIA,9,아래,-2.5,가능,2012-09-21,135.47,2012-09-28,2012-09-28,5,134.05,1.05,기한청산
DIA,9,아래,-2.5,가능,2013-09-20,154.3,2013-09-27,2013-09-27,5,152.21,1.35,기한청산
DIA,9,아래,-2.5,가능,2014-09-19,172.45,2014-09-26,2014-09-26,5,170.7,1.01,기한청산
DIA,9,아래,-2.5,가능,2015-09-18,163.54,2015-09-25,2015-09-25,5,162.88,0.4,기한청산
DIA,9,아래,-2.5,가능,2016-09-16,180.97,2016-09-23,2016-09-23,5,182.42,-0.8,기한청산
DIA,9,아래,-2.5,가능,2017-09-15,222.45,2017-09-22,2017-09-22,5,223.2,-0.34,기한청산
DIA,9,아래,-2.5,가능,2018-09-21,267.12,2018-09-28,2018-09-28,5,264.4,1.02,기한청산
DIA,9,아래,-2.5,가능,2019-09-20,269.25,2019-09-27,2019-09-27,5,267.99,0.47,기한청산
DIA,9,아래,-2.5,가능,2020-09-18,276.52,2020-09-25,2020-09-25,5,271.7,1.74,기한청산
DIA,9,아래,-2.5,가능,2021-09-17,345.64,2021-09-24,2021-09-24,5,347.87,-0.65,기한청산
DIA,9,아래,-2.5,가능,2022-09-16,308.05,2022-09-23,2022-09-23,5,295.86,3.96,기한청산
DIA,9,아래,-2.5,가능,2023-09-15,346.14,2023-09-22,2023-09-22,5,339.58,1.9,기한청산
DIA,9,아래,-2.5,가능,2024-09-20,420.57,2024-09-27,2024-09-27,5,422.95,-0.57,기한청산
DIA,9,아래,-2.5,가능,2025-09-19,462.94,2025-09-26,2025-09-26,5,462.28,0.14,기한청산
DIA,9,아래,-3.0,가능,1998-09-18,78.8125,1998-09-25,1998-09-23,3,81.1769,-3.0,장중손절
DIA,9,아래,-3.0,가능,1999-09-17,108.375,1999-09-24,1999-09-24,5,102.6406,5.29,기한청산
DIA,9,아래,-3.0,가능,2000-09-15,109.0,2000-09-22,2000-09-22,5,108.75,0.23,기한청산
DIA,9,아래,-3.0,가능,2001-09-21,82.8,2001-09-28,2001-09-24,1,85.46,-3.21,갭손절
DIA,9,아래,-3.0,가능,2002-09-20,79.67,2002-09-27,2002-09-27,5,76.85,3.54,기한청산
DIA,9,아래,-3.0,가능,2003-09-19,96.47,2003-09-26,2003-09-26,5,93.3,3.29,기한청산
DIA,9,아래,-3.0,가능,2004-09-17,103.01,2004-09-24,2004-09-24,5,100.72,2.22,기한청산
DIA,9,아래,-3.0,가능,2005-09-16,106.23,2005-09-23,2005-09-23,5,104.1,2.01,기한청산
DIA,9,아래,-3.0,가능,2006-09-15,115.59,2006-09-22,2006-09-22,5,115.01,0.5,기한청산
DIA,9,아래,-3.0,가능,2007-09-21,137.9,2007-09-28,2007-09-28,5,138.91,-0.73,기한청산
DIA,9,아래,-3.0,가능,2008-09-19,113.57,2008-09-26,2008-09-26,5,111.15,2.13,기한청산
DIA,9,아래,-3.0,가능,2009-09-18,98.11,2009-09-25,2009-09-25,5,96.74,1.4,기한청산
DIA,9,아래,-3.0,가능,2010-09-17,106.07,2010-09-24,2010-09-24,5,108.57,-2.36,기한청산
DIA,9,아래,-3.0,가능,2011-09-16,114.86,2011-09-23,2011-09-23,5,107.45,6.45,기한청산
DIA,9,아래,-3.0,가능,2012-09-21,135.47,2012-09-28,2012-09-28,5,134.05,1.05,기한청산
DIA,9,아래,-3.0,가능,2013-09-20,154.3,2013-09-27,2013-09-27,5,152.21,1.35,기한청산
DIA,9,아래,-3.0,가능,2014-09-19,172.45,2014-09-26,2014-09-26,5,170.7,1.01,기한청산
DIA,9,아래,-3.0,가능,2015-09-18,163.54,2015-09-25,2015-09-25,5,162.88,0.4,기한청산
DIA,9,아래,-3.0,가능,2016-09-16,180.97,2016-09-23,2016-09-23,5,182.42,-0.8,기한청산
DIA,9,아래,-3.0,가능,2017-09-15,222.45,2017-09-22,2017-09-22,5,223.2,-0.34,기한청산
DIA,9,아래,-3.0,가능,2018-09-21,267.12,2018-09-28,2018-09-28,5,264.4,1.02,기한청산
DIA,9,아래,-3.0,가능,2019-09-20,269.25,2019-09-27,2019-09-27,5,267.99,0.47,기한청산
DIA,9,아래,-3.0,가능,2020-09-18,276.52,2020-09-25,2020-09-25,5,271.7,1.74,기한청산
DIA,9,아래,-3.0,가능,2021-09-17,345.64,2021-09-24,2021-09-24,5,347.87,-0.65,기한청산
DIA,9,아래,-3.0,가능,2022-09-16,308.05,2022-09-23,2022-09-23,5,295.86,3.96,기한청산
DIA,9,아래,-3.0,가능,2023-09-15,346.14,2023-09-22,2023-09-22,5,339.58,1.9,기한청산
DIA,9,아래,-3.0,가능,2024-09-20,420.57,2024-09-27,2024-09-27,5,422.95,-0.57,기한청산
DIA,9,아래,-3.0,가능,2025-09-19,462.94,2025-09-26,2025-09-26,5,462.28,0.14,기한청산
DIA,9,아래,-3.5,가능,1998-09-18,78.8125,1998-09-25,1998-09-23,3,81.5709,-3.5,장중손절
DIA,9,아래,-3.5,가능,1999-09-17,108.375,1999-09-24,1999-09-24,5,102.6406,5.29,기한청산
DIA,9,아래,-3.5,가능,2000-09-15,109.0,2000-09-22,2000-09-22,5,108.75,0.23,기한청산
DIA,9,아래,-3.5,가능,2001-09-21,82.8,2001-09-28,2001-09-24,1,85.698,-3.5,장중손절
DIA,9,아래,-3.5,가능,2002-09-20,79.67,2002-09-27,2002-09-27,5,76.85,3.54,기한청산
DIA,9,아래,-3.5,가능,2003-09-19,96.47,2003-09-26,2003-09-26,5,93.3,3.29,기한청산
DIA,9,아래,-3.5,가능,2004-09-17,103.01,2004-09-24,2004-09-24,5,100.72,2.22,기한청산
DIA,9,아래,-3.5,가능,2005-09-16,106.23,2005-09-23,2005-09-23,5,104.1,2.01,기한청산
DIA,9,아래,-3.5,가능,2006-09-15,115.59,2006-09-22,2006-09-22,5,115.01,0.5,기한청산
DIA,9,아래,-3.5,가능,2007-09-21,137.9,2007-09-28,2007-09-28,5,138.91,-0.73,기한청산
DIA,9,아래,-3.5,가능,2008-09-19,113.57,2008-09-26,2008-09-26,5,111.15,2.13,기한청산
DIA,9,아래,-3.5,가능,2009-09-18,98.11,2009-09-25,2009-09-25,5,96.74,1.4,기한청산
DIA,9,아래,-3.5,가능,2010-09-17,106.07,2010-09-24,2010-09-24,5,108.57,-2.36,기한청산
DIA,9,아래,-3.5,가능,2011-09-16,114.86,2011-09-23,2011-09-23,5,107.45,6.45,기한청산
DIA,9,아래,-3.5,가능,2012-09-21,135.47,2012-09-28,2012-09-28,5,134.05,1.05,기한청산
DIA,9,아래,-3.5,가능,2013-09-20,154.3,2013-09-27,2013-09-27,5,152.21,1.35,기한청산
DIA,9,아래,-3.5,가능,2014-09-19,172.45,2014-09-26,2014-09-26,5,170.7,1.01,기한청산
DIA,9,아래,-3.5,가능,2015-09-18,163.54,2015-09-25,2015-09-25,5,162.88,0.4,기한청산
DIA,9,아래,-3.5,가능,2016-09-16,180.97,2016-09-23,2016-09-23,5,182.42,-0.8,기한청산
DIA,9,아래,-3.5,가능,2017-09-15,222.45,2017-09-22,2017-09-22,5,223.2,-0.34,기한청산
DIA,9,아래,-3.5,가능,2018-09-21,267.12,2018-09-28,2018-09-28,5,264.4,1.02,기한청산
DIA,9,아래,-3.5,가능,2019-09-20,269.25,2019-09-27,2019-09-27,5,267.99,0.47,기한청산
DIA,9,아래,-3.5,가능,2020-09-18,276.52,2020-09-25,2020-09-25,5,271.7,1.74,기한청산
DIA,9,아래,-3.5,가능,2021-09-17,345.64,2021-09-24,2021-09-24,5,347.87,-0.65,기한청산
DIA,9,아래,-3.5,가능,2022-09-16,308.05,2022-09-23,2022-09-23,5,295.86,3.96,기한청산
DIA,9,아래,-3.5,가능,2023-09-15,346.14,2023-09-22,2023-09-22,5,339.58,1.9,기한청산
DIA,9,아래,-3.5,가능,2024-09-20,420.57,2024-09-27,2024-09-27,5,422.95,-0.57,기한청산
DIA,9,아래,-3.5,가능,2025-09-19,462.94,2025-09-26,2025-09-26,5,462.28,0.14,기한청산
DIA,9,아래,-4.0,가능,1998-09-18,78.8125,1998-09-25,1998-09-25,5,80.125,-1.67,기한청산
DIA,9,아래,-4.0,가능,1999-09-17,108.375,1999-09-24,1999-09-24,5,102.6406,5.29,기한청산
DIA,9,아래,-4.0,가능,2000-09-15,109.0,2000-09-22,2000-09-22,5,108.75,0.23,기한청산
DIA,9,아래,-4.0,가능,2001-09-21,82.8,2001-09-28,2001-09-24,1,86.112,-4.0,장중손절
DIA,9,아래,-4.0,가능,2002-09-20,79.67,2002-09-27,2002-09-27,5,76.85,3.54,기한청산
DIA,9,아래,-4.0,가능,2003-09-19,96.47,2003-09-26,2003-09-26,5,93.3,3.29,기한청산
DIA,9,아래,-4.0,가능,2004-09-17,103.01,2004-09-24,2004-09-24,5,100.72,2.22,기한청산
DIA,9,아래,-4.0,가능,2005-09-16,106.23,2005-09-23,2005-09-23,5,104.1,2.01,기한청산
DIA,9,아래,-4.0,가능,2006-09-15,115.59,2006-09-22,2006-09-22,5,115.01,0.5,기한청산
DIA,9,아래,-4.0,가능,2007-09-21,137.9,2007-09-28,2007-09-28,5,138.91,-0.73,기한청산
DIA,9,아래,-4.0,가능,2008-09-19,113.57,2008-09-26,2008-09-26,5,111.15,2.13,기한청산
DIA,9,아래,-4.0,가능,2009-09-18,98.11,2009-09-25,2009-09-25,5,96.74,1.4,기한청산
DIA,9,아래,-4.0,가능,2010-09-17,106.07,2010-09-24,2010-09-24,5,108.57,-2.36,기한청산
DIA,9,아래,-4.0,가능,2011-09-16,114.86,2011-09-23,2011-09-23,5,107.45,6.45,기한청산
DIA,9,아래,-4.0,가능,2012-09-21,135.47,2012-09-28,2012-09-28,5,134.05,1.05,기한청산
DIA,9,아래,-4.0,가능,2013-09-20,154.3,2013-09-27,2013-09-27,5,152.21,1.35,기한청산
DIA,9,아래,-4.0,가능,2014-09-19,172.45,2014-09-26,2014-09-26,5,170.7,1.01,기한청산
DIA,9,아래,-4.0,가능,2015-09-18,163.54,2015-09-25,2015-09-25,5,162.88,0.4,기한청산
DIA,9,아래,-4.0,가능,2016-09-16,180.97,2016-09-23,2016-09-23,5,182.42,-0.8,기한청산
DIA,9,아래,-4.0,가능,2017-09-15,222.45,2017-09-22,2017-09-22,5,223.2,-0.34,기한청산
DIA,9,아래,-4.0,가능,2018-09-21,267.12,2018-09-28,2018-09-28,5,264.4,1.02,기한청산
DIA,9,아래,-4.0,가능,2019-09-20,269.25,2019-09-27,2019-09-27,5,267.99,0.47,기한청산
DIA,9,아래,-4.0,가능,2020-09-18,276.52,2020-09-25,2020-09-25,5,271.7,1.74,기한청산
DIA,9,아래,-4.0,가능,2021-09-17,345.64,2021-09-24,2021-09-24,5,347.87,-0.65,기한청산
DIA,9,아래,-4.0,가능,2022-09-16,308.05,2022-09-23,2022-09-23,5,295.86,3.96,기한청산
DIA,9,아래,-4.0,가능,2023-09-15,346.14,2023-09-22,2023-09-22,5,339.58,1.9,기한청산
DIA,9,아래,-4.0,가능,2024-09-20,420.57,2024-09-27,2024-09-27,5,422.95,-0.57,기한청산
DIA,9,아래,-4.0,가능,2025-09-19,462.94,2025-09-26,2025-09-26,5,462.28,0.14,기한청산
DIA,9,아래,-4.5,가능,1998-09-18,78.8125,1998-09-25,1998-09-25,5,80.125,-1.67,기한청산
DIA,9,아래,-4.5,가능,1999-09-17,108.375,1999-09-24,1999-09-24,5,102.6406,5.29,기한청산
DIA,9,아래,-4.5,가능,2000-09-15,109.0,2000-09-22,2000-09-22,5,108.75,0.23,기한청산
DIA,9,아래,-4.5,가능,2001-09-21,82.8,2001-09-28,2001-09-24,1,86.526,-4.5,장중손절
DIA,9,아래,-4.5,가능,2002-09-20,79.67,2002-09-27,2002-09-27,5,76.85,3.54,기한청산
DIA,9,아래,-4.5,가능,2003-09-19,96.47,2003-09-26,2003-09-26,5,93.3,3.29,기한청산
DIA,9,아래,-4.5,가능,2004-09-17,103.01,2004-09-24,2004-09-24,5,100.72,2.22,기한청산
DIA,9,아래,-4.5,가능,2005-09-16,106.23,2005-09-23,2005-09-23,5,104.1,2.01,기한청산
DIA,9,아래,-4.5,가능,2006-09-15,115.59,2006-09-22,2006-09-22,5,115.01,0.5,기한청산
DIA,9,아래,-4.5,가능,2007-09-21,137.9,2007-09-28,2007-09-28,5,138.91,-0.73,기한청산
DIA,9,아래,-4.5,가능,2008-09-19,113.57,2008-09-26,2008-09-26,5,111.15,2.13,기한청산
DIA,9,아래,-4.5,가능,2009-09-18,98.11,2009-09-25,2009-09-25,5,96.74,1.4,기한청산
DIA,9,아래,-4.5,가능,2010-09-17,106.07,2010-09-24,2010-09-24,5,108.57,-2.36,기한청산
DIA,9,아래,-4.5,가능,2011-09-16,114.86,2011-09-23,2011-09-23,5,107.45,6.45,기한청산
DIA,9,아래,-4.5,가능,2012-09-21,135.47,2012-09-28,2012-09-28,5,134.05,1.05,기한청산
DIA,9,아래,-4.5,가능,2013-09-20,154.3,2013-09-27,2013-09-27,5,152.21,1.35,기한청산
DIA,9,아래,-4.5,가능,2014-09-19,172.45,2014-09-26,2014-09-26,5,170.7,1.01,기한청산
DIA,9,아래,-4.5,가능,2015-09-18,163.54,2015-09-25,2015-09-25,5,162.88,0.4,기한청산
DIA,9,아래,-4.5,가능,2016-09-16,180.97,2016-09-23,2016-09-23,5,182.42,-0.8,기한청산
DIA,9,아래,-4.5,가능,2017-09-15,222.45,2017-09-22,2017-09-22,5,223.2,-0.34,기한청산
DIA,9,아래,-4.5,가능,2018-09-21,267.12,2018-09-28,2018-09-28,5,264.4,1.02,기한청산
DIA,9,아래,-4.5,가능,2019-09-20,269.25,2019-09-27,2019-09-27,5,267.99,0.47,기한청산
DIA,9,아래,-4.5,가능,2020-09-18,276.52,2020-09-25,2020-09-25,5,271.7,1.74,기한청산
DIA,9,아래,-4.5,가능,2021-09-17,345.64,2021-09-24,2021-09-24,5,347.87,-0.65,기한청산
DIA,9,아래,-4.5,가능,2022-09-16,308.05,2022-09-23,2022-09-23,5,295.86,3.96,기한청산
DIA,9,아래,-4.5,가능,2023-09-15,346.14,2023-09-22,2023-09-22,5,339.58,1.9,기한청산
DIA,9,아래,-4.5,가능,2024-09-20,420.57,2024-09-27,2024-09-27,5,422.95,-0.57,기한청산
DIA,9,아래,-4.5,가능,2025-09-19,462.94,2025-09-26,2025-09-26,5,462.28,0.14,기한청산
DIA,9,아래,-5.0,가능,1998-09-18,78.8125,1998-09-25,1998-09-25,5,80.125,-1.67,기한청산
DIA,9,아래,-5.0,가능,1999-09-17,108.375,1999-09-24,1999-09-24,5,102.6406,5.29,기한청산
DIA,9,아래,-5.0,가능,2000-09-15,109.0,2000-09-22,2000-09-22,5,108.75,0.23,기한청산
DIA,9,아래,-5.0,가능,2001-09-21,82.8,2001-09-28,2001-09-25,2,86.94,-5.0,장중손절
DIA,9,아래,-5.0,가능,2002-09-20,79.67,2002-09-27,2002-09-27,5,76.85,3.54,기한청산
DIA,9,아래,-5.0,가능,2003-09-19,96.47,2003-09-26,2003-09-26,5,93.3,3.29,기한청산
DIA,9,아래,-5.0,가능,2004-09-17,103.01,2004-09-24,2004-09-24,5,100.72,2.22,기한청산
DIA,9,아래,-5.0,가능,2005-09-16,106.23,2005-09-23,2005-09-23,5,104.1,2.01,기한청산
DIA,9,아래,-5.0,가능,2006-09-15,115.59,2006-09-22,2006-09-22,5,115.01,0.5,기한청산
DIA,9,아래,-5.0,가능,2007-09-21,137.9,2007-09-28,2007-09-28,5,138.91,-0.73,기한청산
DIA,9,아래,-5.0,가능,2008-09-19,113.57,2008-09-26,2008-09-26,5,111.15,2.13,기한청산
DIA,9,아래,-5.0,가능,2009-09-18,98.11,2009-09-25,2009-09-25,5,96.74,1.4,기한청산
DIA,9,아래,-5.0,가능,2010-09-17,106.07,2010-09-24,2010-09-24,5,108.57,-2.36,기한청산
DIA,9,아래,-5.0,가능,2011-09-16,114.86,2011-09-23,2011-09-23,5,107.45,6.45,기한청산
DIA,9,아래,-5.0,가능,2012-09-21,135.47,2012-09-28,2012-09-28,5,134.05,1.05,기한청산
DIA,9,아래,-5.0,가능,2013-09-20,154.3,2013-09-27,2013-09-27,5,152.21,1.35,기한청산
DIA,9,아래,-5.0,가능,2014-09-19,172.45,2014-09-26,2014-09-26,5,170.7,1.01,기한청산
DIA,9,아래,-5.0,가능,2015-09-18,163.54,2015-09-25,2015-09-25,5,162.88,0.4,기한청산
DIA,9,아래,-5.0,가능,2016-09-16,180.97,2016-09-23,2016-09-23,5,182.42,-0.8,기한청산
DIA,9,아래,-5.0,가능,2017-09-15,222.45,2017-09-22,2017-09-22,5,223.2,-0.34,기한청산
DIA,9,아래,-5.0,가능,2018-09-21,267.12,2018-09-28,2018-09-28,5,264.4,1.02,기한청산
DIA,9,아래,-5.0,가능,2019-09-20,269.25,2019-09-27,2019-09-27,5,267.99,0.47,기한청산
DIA,9,아래,-5.0,가능,2020-09-18,276.52,2020-09-25,2020-09-25,5,271.7,1.74,기한청산
DIA,9,아래,-5.0,가능,2021-09-17,345.64,2021-09-24,2021-09-24,5,347.87,-0.65,기한청산
DIA,9,아래,-5.0,가능,2022-09-16,308.05,2022-09-23,2022-09-23,5,295.86,3.96,기한청산
DIA,9,아래,-5.0,가능,2023-09-15,346.14,2023-09-22,2023-09-22,5,339.58,1.9,기한청산
DIA,9,아래,-5.0,가능,2024-09-20,420.57,2024-09-27,2024-09-27,5,422.95,-0.57,기한청산
DIA,9,아래,-5.0,가능,2025-09-19,462.94,2025-09-26,2025-09-26,5,462.28,0.14,기한청산
DIA,9,아래,-5.5,가능,1998-09-18,78.8125,1998-09-25,1998-09-25,5,80.125,-1.67,기한청산
DIA,9,아래,-5.5,가능,1999-09-17,108.375,1999-09-24,1999-09-24,5,102.6406,5.29,기한청산
DIA,9,아래,-5.5,가능,2000-09-15,109.0,2000-09-22,2000-09-22,5,108.75,0.23,기한청산
DIA,9,아래,-5.5,가능,2001-09-21,82.8,2001-09-28,2001-09-26,3,87.39,-5.54,갭손절
DIA,9,아래,-5.5,가능,2002-09-20,79.67,2002-09-27,2002-09-27,5,76.85,3.54,기한청산
DIA,9,아래,-5.5,가능,2003-09-19,96.47,2003-09-26,2003-09-26,5,93.3,3.29,기한청산
DIA,9,아래,-5.5,가능,2004-09-17,103.01,2004-09-24,2004-09-24,5,100.72,2.22,기한청산
DIA,9,아래,-5.5,가능,2005-09-16,106.23,2005-09-23,2005-09-23,5,104.1,2.01,기한청산
DIA,9,아래,-5.5,가능,2006-09-15,115.59,2006-09-22,2006-09-22,5,115.01,0.5,기한청산
DIA,9,아래,-5.5,가능,2007-09-21,137.9,2007-09-28,2007-09-28,5,138.91,-0.73,기한청산
DIA,9,아래,-5.5,가능,2008-09-19,113.57,2008-09-26,2008-09-26,5,111.15,2.13,기한청산
DIA,9,아래,-5.5,가능,2009-09-18,98.11,2009-09-25,2009-09-25,5,96.74,1.4,기한청산
DIA,9,아래,-5.5,가능,2010-09-17,106.07,2010-09-24,2010-09-24,5,108.57,-2.36,기한청산
DIA,9,아래,-5.5,가능,2011-09-16,114.86,2011-09-23,2011-09-23,5,107.45,6.45,기한청산
DIA,9,아래,-5.5,가능,2012-09-21,135.47,2012-09-28,2012-09-28,5,134.05,1.05,기한청산
DIA,9,아래,-5.5,가능,2013-09-20,154.3,2013-09-27,2013-09-27,5,152.21,1.35,기한청산
DIA,9,아래,-5.5,가능,2014-09-19,172.45,2014-09-26,2014-09-26,5,170.7,1.01,기한청산
DIA,9,아래,-5.5,가능,2015-09-18,163.54,2015-09-25,2015-09-25,5,162.88,0.4,기한청산
DIA,9,아래,-5.5,가능,2016-09-16,180.97,2016-09-23,2016-09-23,5,182.42,-0.8,기한청산
DIA,9,아래,-5.5,가능,2017-09-15,222.45,2017-09-22,2017-09-22,5,223.2,-0.34,기한청산
DIA,9,아래,-5.5,가능,2018-09-21,267.12,2018-09-28,2018-09-28,5,264.4,1.02,기한청산
DIA,9,아래,-5.5,가능,2019-09-20,269.25,2019-09-27,2019-09-27,5,267.99,0.47,기한청산
DIA,9,아래,-5.5,가능,2020-09-18,276.52,2020-09-25,2020-09-25,5,271.7,1.74,기한청산
DIA,9,아래,-5.5,가능,2021-09-17,345.64,2021-09-24,2021-09-24,5,347.87,-0.65,기한청산
DIA,9,아래,-5.5,가능,2022-09-16,308.05,2022-09-23,2022-09-23,5,295.86,3.96,기한청산
DIA,9,아래,-5.5,가능,2023-09-15,346.14,2023-09-22,2023-09-22,5,339.58,1.9,기한청산
DIA,9,아래,-5.5,가능,2024-09-20,420.57,2024-09-27,2024-09-27,5,422.95,-0.57,기한청산
DIA,9,아래,-5.5,가능,2025-09-19,462.94,2025-09-26,2025-09-26,5,462.28,0.14,기한청산
DIA,9,아래,-6.0,가능,1998-09-18,78.8125,1998-09-25,1998-09-25,5,80.125,-1.67,기한청산
DIA,9,아래,-6.0,가능,1999-09-17,108.375,1999-09-24,1999-09-24,5,102.6406,5.29,기한청산
DIA,9,아래,-6.0,가능,2000-09-15,109.0,2000-09-22,2000-09-22,5,108.75,0.23,기한청산
DIA,9,아래,-6.0,가능,2001-09-21,82.8,2001-09-28,2001-09-28,5,87.768,-6.0,장중손절
DIA,9,아래,-6.0,가능,2002-09-20,79.67,2002-09-27,2002-09-27,5,76.85,3.54,기한청산
DIA,9,아래,-6.0,가능,2003-09-19,96.47,2003-09-26,2003-09-26,5,93.3,3.29,기한청산
DIA,9,아래,-6.0,가능,2004-09-17,103.01,2004-09-24,2004-09-24,5,100.72,2.22,기한청산
DIA,9,아래,-6.0,가능,2005-09-16,106.23,2005-09-23,2005-09-23,5,104.1,2.01,기한청산
DIA,9,아래,-6.0,가능,2006-09-15,115.59,2006-09-22,2006-09-22,5,115.01,0.5,기한청산
DIA,9,아래,-6.0,가능,2007-09-21,137.9,2007-09-28,2007-09-28,5,138.91,-0.73,기한청산
DIA,9,아래,-6.0,가능,2008-09-19,113.57,2008-09-26,2008-09-26,5,111.15,2.13,기한청산
DIA,9,아래,-6.0,가능,2009-09-18,98.11,2009-09-25,2009-09-25,5,96.74,1.4,기한청산
DIA,9,아래,-6.0,가능,2010-09-17,106.07,2010-09-24,2010-09-24,5,108.57,-2.36,기한청산
DIA,9,아래,-6.0,가능,2011-09-16,114.86,2011-09-23,2011-09-23,5,107.45,6.45,기한청산
DIA,9,아래,-6.0,가능,2012-09-21,135.47,2012-09-28,2012-09-28,5,134.05,1.05,기한청산
DIA,9,아래,-6.0,가능,2013-09-20,154.3,2013-09-27,2013-09-27,5,152.21,1.35,기한청산
DIA,9,아래,-6.0,가능,2014-09-19,172.45,2014-09-26,2014-09-26,5,170.7,1.01,기한청산
DIA,9,아래,-6.0,가능,2015-09-18,163.54,2015-09-25,2015-09-25,5,162.88,0.4,기한청산
DIA,9,아래,-6.0,가능,2016-09-16,180.97,2016-09-23,2016-09-23,5,182.42,-0.8,기한청산
DIA,9,아래,-6.0,가능,2017-09-15,222.45,2017-09-22,2017-09-22,5,223.2,-0.34,기한청산
DIA,9,아래,-6.0,가능,2018-09-21,267.12,2018-09-28,2018-09-28,5,264.4,1.02,기한청산
DIA,9,아래,-6.0,가능,2019-09-20,269.25,2019-09-27,2019-09-27,5,267.99,0.47,기한청산
DIA,9,아래,-6.0,가능,2020-09-18,276.52,2020-09-25,2020-09-25,5,271.7,1.74,기한청산
DIA,9,아래,-6.0,가능,2021-09-17,345.64,2021-09-24,2021-09-24,5,347.87,-0.65,기한청산
DIA,9,아래,-6.0,가능,2022-09-16,308.05,2022-09-23,2022-09-23,5,295.86,3.96,기한청산
DIA,9,아래,-6.0,가능,2023-09-15,346.14,2023-09-22,2023-09-22,5,339.58,1.9,기한청산
DIA,9,아래,-6.0,가능,2024-09-20,420.57,2024-09-27,2024-09-27,5,422.95,-0.57,기한청산
DIA,9,아래,-6.0,가능,2025-09-19,462.94,2025-09-26,2025-09-26,5,462.28,0.14,기한청산
DIA,9,아래,-6.5,가능,1998-09-18,78.8125,1998-09-25,1998-09-25,5,80.125,-1.67,기한청산
DIA,9,아래,-6.5,가능,1999-09-17,108.375,1999-09-24,1999-09-24,5,102.6406,5.29,기한청산
DIA,9,아래,-6.5,가능,2000-09-15,109.0,2000-09-22,2000-09-22,5,108.75,0.23,기한청산
DIA,9,아래,-6.5,가능,2001-09-21,82.8,2001-09-28,2001-09-28,5,88.182,-6.5,장중손절
DIA,9,아래,-6.5,가능,2002-09-20,79.67,2002-09-27,2002-09-27,5,76.85,3.54,기한청산
DIA,9,아래,-6.5,가능,2003-09-19,96.47,2003-09-26,2003-09-26,5,93.3,3.29,기한청산
DIA,9,아래,-6.5,가능,2004-09-17,103.01,2004-09-24,2004-09-24,5,100.72,2.22,기한청산
DIA,9,아래,-6.5,가능,2005-09-16,106.23,2005-09-23,2005-09-23,5,104.1,2.01,기한청산
DIA,9,아래,-6.5,가능,2006-09-15,115.59,2006-09-22,2006-09-22,5,115.01,0.5,기한청산
DIA,9,아래,-6.5,가능,2007-09-21,137.9,2007-09-28,2007-09-28,5,138.91,-0.73,기한청산
DIA,9,아래,-6.5,가능,2008-09-19,113.57,2008-09-26,2008-09-26,5,111.15,2.13,기한청산
DIA,9,아래,-6.5,가능,2009-09-18,98.11,2009-09-25,2009-09-25,5,96.74,1.4,기한청산
DIA,9,아래,-6.5,가능,2010-09-17,106.07,2010-09-24,2010-09-24,5,108.57,-2.36,기한청산
DIA,9,아래,-6.5,가능,2011-09-16,114.86,2011-09-23,2011-09-23,5,107.45,6.45,기한청산
DIA,9,아래,-6.5,가능,2012-09-21,135.47,2012-09-28,2012-09-28,5,134.05,1.05,기한청산
DIA,9,아래,-6.5,가능,2013-09-20,154.3,2013-09-27,2013-09-27,5,152.21,1.35,기한청산
DIA,9,아래,-6.5,가능,2014-09-19,172.45,2014-09-26,2014-09-26,5,170.7,1.01,기한청산
DIA,9,아래,-6.5,가능,2015-09-18,163.54,2015-09-25,2015-09-25,5,162.88,0.4,기한청산
DIA,9,아래,-6.5,가능,2016-09-16,180.97,2016-09-23,2016-09-23,5,182.42,-0.8,기한청산
DIA,9,아래,-6.5,가능,2017-09-15,222.45,2017-09-22,2017-09-22,5,223.2,-0.34,기한청산
DIA,9,아래,-6.5,가능,2018-09-21,267.12,2018-09-28,2018-09-28,5,264.4,1.02,기한청산
DIA,9,아래,-6.5,가능,2019-09-20,269.25,2019-09-27,2019-09-27,5,267.99,0.47,기한청산
DIA,9,아래,-6.5,가능,2020-09-18,276.52,2020-09-25,2020-09-25,5,271.7,1.74,기한청산
DIA,9,아래,-6.5,가능,2021-09-17,345.64,2021-09-24,2021-09-24,5,347.87,-0.65,기한청산
DIA,9,아래,-6.5,가능,2022-09-16,308.05,2022-09-23,2022-09-23,5,295.86,3.96,기한청산
DIA,9,아래,-6.5,가능,2023-09-15,346.14,2023-09-22,2023-09-22,5,339.58,1.9,기한청산
DIA,9,아래,-6.5,가능,2024-09-20,420.57,2024-09-27,2024-09-27,5,422.95,-0.57,기한청산
DIA,9,아래,-6.5,가능,2025-09-19,462.94,2025-09-26,2025-09-26,5,462.28,0.14,기한청산
DIA,9,아래,-7.0,가능,1998-09-18,78.8125,1998-09-25,1998-09-25,5,80.125,-1.67,기한청산
DIA,9,아래,-7.0,가능,1999-09-17,108.375,1999-09-24,1999-09-24,5,102.6406,5.29,기한청산
DIA,9,아래,-7.0,가능,2000-09-15,109.0,2000-09-22,2000-09-22,5,108.75,0.23,기한청산
DIA,9,아래,-7.0,가능,2001-09-21,82.8,2001-09-28,2001-09-28,5,88.596,-7.0,장중손절
DIA,9,아래,-7.0,가능,2002-09-20,79.67,2002-09-27,2002-09-27,5,76.85,3.54,기한청산
DIA,9,아래,-7.0,가능,2003-09-19,96.47,2003-09-26,2003-09-26,5,93.3,3.29,기한청산
DIA,9,아래,-7.0,가능,2004-09-17,103.01,2004-09-24,2004-09-24,5,100.72,2.22,기한청산
DIA,9,아래,-7.0,가능,2005-09-16,106.23,2005-09-23,2005-09-23,5,104.1,2.01,기한청산
DIA,9,아래,-7.0,가능,2006-09-15,115.59,2006-09-22,2006-09-22,5,115.01,0.5,기한청산
DIA,9,아래,-7.0,가능,2007-09-21,137.9,2007-09-28,2007-09-28,5,138.91,-0.73,기한청산
DIA,9,아래,-7.0,가능,2008-09-19,113.57,2008-09-26,2008-09-26,5,111.15,2.13,기한청산
DIA,9,아래,-7.0,가능,2009-09-18,98.11,2009-09-25,2009-09-25,5,96.74,1.4,기한청산
DIA,9,아래,-7.0,가능,2010-09-17,106.07,2010-09-24,2010-09-24,5,108.57,-2.36,기한청산
DIA,9,아래,-7.0,가능,2011-09-16,114.86,2011-09-23,2011-09-23,5,107.45,6.45,기한청산
DIA,9,아래,-7.0,가능,2012-09-21,135.47,2012-09-28,2012-09-28,5,134.05,1.05,기한청산
DIA,9,아래,-7.0,가능,2013-09-20,154.3,2013-09-27,2013-09-27,5,152.21,1.35,기한청산
DIA,9,아래,-7.0,가능,2014-09-19,172.45,2014-09-26,2014-09-26,5,170.7,1.01,기한청산
DIA,9,아래,-7.0,가능,2015-09-18,163.54,2015-09-25,2015-09-25,5,162.88,0.4,기한청산
DIA,9,아래,-7.0,가능,2016-09-16,180.97,2016-09-23,2016-09-23,5,182.42,-0.8,기한청산
DIA,9,아래,-7.0,가능,2017-09-15,222.45,2017-09-22,2017-09-22,5,223.2,-0.34,기한청산
DIA,9,아래,-7.0,가능,2018-09-21,267.12,2018-09-28,2018-09-28,5,264.4,1.02,기한청산
DIA,9,아래,-7.0,가능,2019-09-20,269.25,2019-09-27,2019-09-27,5,267.99,0.47,기한청산
DIA,9,아래,-7.0,가능,2020-09-18,276.52,2020-09-25,2020-09-25,5,271.7,1.74,기한청산
DIA,9,아래,-7.0,가능,2021-09-17,345.64,2021-09-24,2021-09-24,5,347.87,-0.65,기한청산
DIA,9,아래,-7.0,가능,2022-09-16,308.05,2022-09-23,2022-09-23,5,295.86,3.96,기한청산
DIA,9,아래,-7.0,가능,2023-09-15,346.14,2023-09-22,2023-09-22,5,339.58,1.9,기한청산
DIA,9,아래,-7.0,가능,2024-09-20,420.57,2024-09-27,2024-09-27,5,422.95,-0.57,기한청산
DIA,9,아래,-7.0,가능,2025-09-19,462.94,2025-09-26,2025-09-26,5,462.28,0.14,기한청산
DIA,9,아래,-7.5,가능,1998-09-18,78.8125,1998-09-25,1998-09-25,5,80.125,-1.67,기한청산
DIA,9,아래,-7.5,가능,1999-09-17,108.375,1999-09-24,1999-09-24,5,102.6406,5.29,기한청산
DIA,9,아래,-7.5,가능,2000-09-15,109.0,2000-09-22,2000-09-22,5,108.75,0.23,기한청산
DIA,9,아래,-7.5,가능,2001-09-21,82.8,2001-09-28,2001-09-28,5,88.35,-6.7,기한청산
DIA,9,아래,-7.5,가능,2002-09-20,79.67,2002-09-27,2002-09-27,5,76.85,3.54,기한청산
DIA,9,아래,-7.5,가능,2003-09-19,96.47,2003-09-26,2003-09-26,5,93.3,3.29,기한청산
DIA,9,아래,-7.5,가능,2004-09-17,103.01,2004-09-24,2004-09-24,5,100.72,2.22,기한청산
DIA,9,아래,-7.5,가능,2005-09-16,106.23,2005-09-23,2005-09-23,5,104.1,2.01,기한청산
DIA,9,아래,-7.5,가능,2006-09-15,115.59,2006-09-22,2006-09-22,5,115.01,0.5,기한청산
DIA,9,아래,-7.5,가능,2007-09-21,137.9,2007-09-28,2007-09-28,5,138.91,-0.73,기한청산
DIA,9,아래,-7.5,가능,2008-09-19,113.57,2008-09-26,2008-09-26,5,111.15,2.13,기한청산
DIA,9,아래,-7.5,가능,2009-09-18,98.11,2009-09-25,2009-09-25,5,96.74,1.4,기한청산
DIA,9,아래,-7.5,가능,2010-09-17,106.07,2010-09-24,2010-09-24,5,108.57,-2.36,기한청산
DIA,9,아래,-7.5,가능,2011-09-16,114.86,2011-09-23,2011-09-23,5,107.45,6.45,기한청산
DIA,9,아래,-7.5,가능,2012-09-21,135.47,2012-09-28,2012-09-28,5,134.05,1.05,기한청산
DIA,9,아래,-7.5,가능,2013-09-20,154.3,2013-09-27,2013-09-27,5,152.21,1.35,기한청산
DIA,9,아래,-7.5,가능,2014-09-19,172.45,2014-09-26,2014-09-26,5,170.7,1.01,기한청산
DIA,9,아래,-7.5,가능,2015-09-18,163.54,2015-09-25,2015-09-25,5,162.88,0.4,기한청산
DIA,9,아래,-7.5,가능,2016-09-16,180.97,2016-09-23,2016-09-23,5,182.42,-0.8,기한청산
DIA,9,아래,-7.5,가능,2017-09-15,222.45,2017-09-22,2017-09-22,5,223.2,-0.34,기한청산
DIA,9,아래,-7.5,가능,2018-09-21,267.12,2018-09-28,2018-09-28,5,264.4,1.02,기한청산
DIA,9,아래,-7.5,가능,2019-09-20,269.25,2019-09-27,2019-09-27,5,267.99,0.47,기한청산
DIA,9,아래,-7.5,가능,2020-09-18,276.52,2020-09-25,2020-09-25,5,271.7,1.74,기한청산
DIA,9,아래,-7.5,가능,2021-09-17,345.64,2021-09-24,2021-09-24,5,347.87,-0.65,기한청산
DIA,9,아래,-7.5,가능,2022-09-16,308.05,2022-09-23,2022-09-23,5,295.86,3.96,기한청산
DIA,9,아래,-7.5,가능,2023-09-15,346.14,2023-09-22,2023-09-22,5,339.58,1.9,기한청산
DIA,9,아래,-7.5,가능,2024-09-20,420.57,2024-09-27,2024-09-27,5,422.95,-0.57,기한청산
DIA,9,아래,-7.5,가능,2025-09-19,462.94,2025-09-26,2025-09-26,5,462.28,0.14,기한청산
DIA,9,아래,-8.0,가능,1998-09-18,78.8125,1998-09-25,1998-09-25,5,80.125,-1.67,기한청산
DIA,9,아래,-8.0,가능,1999-09-17,108.375,1999-09-24,1999-09-24,5,102.6406,5.29,기한청산
DIA,9,아래,-8.0,가능,2000-09-15,109.0,2000-09-22,2000-09-22,5,108.75,0.23,기한청산
DIA,9,아래,-8.0,가능,2001-09-21,82.8,2001-09-28,2001-09-28,5,88.35,-6.7,기한청산
DIA,9,아래,-8.0,가능,2002-09-20,79.67,2002-09-27,2002-09-27,5,76.85,3.54,기한청산
DIA,9,아래,-8.0,가능,2003-09-19,96.47,2003-09-26,2003-09-26,5,93.3,3.29,기한청산
DIA,9,아래,-8.0,가능,2004-09-17,103.01,2004-09-24,2004-09-24,5,100.72,2.22,기한청산
DIA,9,아래,-8.0,가능,2005-09-16,106.23,2005-09-23,2005-09-23,5,104.1,2.01,기한청산
DIA,9,아래,-8.0,가능,2006-09-15,115.59,2006-09-22,2006-09-22,5,115.01,0.5,기한청산
DIA,9,아래,-8.0,가능,2007-09-21,137.9,2007-09-28,2007-09-28,5,138.91,-0.73,기한청산
DIA,9,아래,-8.0,가능,2008-09-19,113.57,2008-09-26,2008-09-26,5,111.15,2.13,기한청산
DIA,9,아래,-8.0,가능,2009-09-18,98.11,2009-09-25,2009-09-25,5,96.74,1.4,기한청산
DIA,9,아래,-8.0,가능,2010-09-17,106.07,2010-09-24,2010-09-24,5,108.57,-2.36,기한청산
DIA,9,아래,-8.0,가능,2011-09-16,114.86,2011-09-23,2011-09-23,5,107.45,6.45,기한청산
DIA,9,아래,-8.0,가능,2012-09-21,135.47,2012-09-28,2012-09-28,5,134.05,1.05,기한청산
DIA,9,아래,-8.0,가능,2013-09-20,154.3,2013-09-27,2013-09-27,5,152.21,1.35,기한청산
DIA,9,아래,-8.0,가능,2014-09-19,172.45,2014-09-26,2014-09-26,5,170.7,1.01,기한청산
DIA,9,아래,-8.0,가능,2015-09-18,163.54,2015-09-25,2015-09-25,5,162.88,0.4,기한청산
DIA,9,아래,-8.0,가능,2016-09-16,180.97,2016-09-23,2016-09-23,5,182.42,-0.8,기한청산
DIA,9,아래,-8.0,가능,2017-09-15,222.45,2017-09-22,2017-09-22,5,223.2,-0.34,기한청산
DIA,9,아래,-8.0,가능,2018-09-21,267.12,2018-09-28,2018-09-28,5,264.4,1.02,기한청산
DIA,9,아래,-8.0,가능,2019-09-20,269.25,2019-09-27,2019-09-27,5,267.99,0.47,기한청산
DIA,9,아래,-8.0,가능,2020-09-18,276.52,2020-09-25,2020-09-25,5,271.7,1.74,기한청산
DIA,9,아래,-8.0,가능,2021-09-17,345.64,2021-09-24,2021-09-24,5,347.87,-0.65,기한청산
DIA,9,아래,-8.0,가능,2022-09-16,308.05,2022-09-23,2022-09-23,5,295.86,3.96,기한청산
DIA,9,아래,-8.0,가능,2023-09-15,346.14,2023-09-22,2023-09-22,5,339.58,1.9,기한청산
DIA,9,아래,-8.0,가능,2024-09-20,420.57,2024-09-27,2024-09-27,5,422.95,-0.57,기한청산
DIA,9,아래,-8.0,가능,2025-09-19,462.94,2025-09-26,2025-09-26,5,462.28,0.14,기한청산
DIA,9,아래,-8.5,가능,1998-09-18,78.8125,1998-09-25,1998-09-25,5,80.125,-1.67,기한청산
DIA,9,아래,-8.5,가능,1999-09-17,108.375,1999-09-24,1999-09-24,5,102.6406,5.29,기한청산
DIA,9,아래,-8.5,가능,2000-09-15,109.0,2000-09-22,2000-09-22,5,108.75,0.23,기한청산
DIA,9,아래,-8.5,가능,2001-09-21,82.8,2001-09-28,2001-09-28,5,88.35,-6.7,기한청산
DIA,9,아래,-8.5,가능,2002-09-20,79.67,2002-09-27,2002-09-27,5,76.85,3.54,기한청산
DIA,9,아래,-8.5,가능,2003-09-19,96.47,2003-09-26,2003-09-26,5,93.3,3.29,기한청산
DIA,9,아래,-8.5,가능,2004-09-17,103.01,2004-09-24,2004-09-24,5,100.72,2.22,기한청산
DIA,9,아래,-8.5,가능,2005-09-16,106.23,2005-09-23,2005-09-23,5,104.1,2.01,기한청산
DIA,9,아래,-8.5,가능,2006-09-15,115.59,2006-09-22,2006-09-22,5,115.01,0.5,기한청산
DIA,9,아래,-8.5,가능,2007-09-21,137.9,2007-09-28,2007-09-28,5,138.91,-0.73,기한청산
DIA,9,아래,-8.5,가능,2008-09-19,113.57,2008-09-26,2008-09-26,5,111.15,2.13,기한청산
DIA,9,아래,-8.5,가능,2009-09-18,98.11,2009-09-25,2009-09-25,5,96.74,1.4,기한청산
DIA,9,아래,-8.5,가능,2010-09-17,106.07,2010-09-24,2010-09-24,5,108.57,-2.36,기한청산
DIA,9,아래,-8.5,가능,2011-09-16,114.86,2011-09-23,2011-09-23,5,107.45,6.45,기한청산
DIA,9,아래,-8.5,가능,2012-09-21,135.47,2012-09-28,2012-09-28,5,134.05,1.05,기한청산
DIA,9,아래,-8.5,가능,2013-09-20,154.3,2013-09-27,2013-09-27,5,152.21,1.35,기한청산
DIA,9,아래,-8.5,가능,2014-09-19,172.45,2014-09-26,2014-09-26,5,170.7,1.01,기한청산
DIA,9,아래,-8.5,가능,2015-09-18,163.54,2015-09-25,2015-09-25,5,162.88,0.4,기한청산
DIA,9,아래,-8.5,가능,2016-09-16,180.97,2016-09-23,2016-09-23,5,182.42,-0.8,기한청산
DIA,9,아래,-8.5,가능,2017-09-15,222.45,2017-09-22,2017-09-22,5,223.2,-0.34,기한청산
DIA,9,아래,-8.5,가능,2018-09-21,267.12,2018-09-28,2018-09-28,5,264.4,1.02,기한청산
DIA,9,아래,-8.5,가능,2019-09-20,269.25,2019-09-27,2019-09-27,5,267.99,0.47,기한청산
DIA,9,아래,-8.5,가능,2020-09-18,276.52,2020-09-25,2020-09-25,5,271.7,1.74,기한청산
DIA,9,아래,-8.5,가능,2021-09-17,345.64,2021-09-24,2021-09-24,5,347.87,-0.65,기한청산
DIA,9,아래,-8.5,가능,2022-09-16,308.05,2022-09-23,2022-09-23,5,295.86,3.96,기한청산
DIA,9,아래,-8.5,가능,2023-09-15,346.14,2023-09-22,2023-09-22,5,339.58,1.9,기한청산
DIA,9,아래,-8.5,가능,2024-09-20,420.57,2024-09-27,2024-09-27,5,422.95,-0.57,기한청산
DIA,9,아래,-8.5,가능,2025-09-19,462.94,2025-09-26,2025-09-26,5,462.28,0.14,기한청산
DIA,9,아래,-9.0,가능,1998-09-18,78.8125,1998-09-25,1998-09-25,5,80.125,-1.67,기한청산
DIA,9,아래,-9.0,가능,1999-09-17,108.375,1999-09-24,1999-09-24,5,102.6406,5.29,기한청산
DIA,9,아래,-9.0,가능,2000-09-15,109.0,2000-09-22,2000-09-22,5,108.75,0.23,기한청산
DIA,9,아래,-9.0,가능,2001-09-21,82.8,2001-09-28,2001-09-28,5,88.35,-6.7,기한청산
DIA,9,아래,-9.0,가능,2002-09-20,79.67,2002-09-27,2002-09-27,5,76.85,3.54,기한청산
DIA,9,아래,-9.0,가능,2003-09-19,96.47,2003-09-26,2003-09-26,5,93.3,3.29,기한청산
DIA,9,아래,-9.0,가능,2004-09-17,103.01,2004-09-24,2004-09-24,5,100.72,2.22,기한청산
DIA,9,아래,-9.0,가능,2005-09-16,106.23,2005-09-23,2005-09-23,5,104.1,2.01,기한청산
DIA,9,아래,-9.0,가능,2006-09-15,115.59,2006-09-22,2006-09-22,5,115.01,0.5,기한청산
DIA,9,아래,-9.0,가능,2007-09-21,137.9,2007-09-28,2007-09-28,5,138.91,-0.73,기한청산
DIA,9,아래,-9.0,가능,2008-09-19,113.57,2008-09-26,2008-09-26,5,111.15,2.13,기한청산
DIA,9,아래,-9.0,가능,2009-09-18,98.11,2009-09-25,2009-09-25,5,96.74,1.4,기한청산
DIA,9,아래,-9.0,가능,2010-09-17,106.07,2010-09-24,2010-09-24,5,108.57,-2.36,기한청산
DIA,9,아래,-9.0,가능,2011-09-16,114.86,2011-09-23,2011-09-23,5,107.45,6.45,기한청산
DIA,9,아래,-9.0,가능,2012-09-21,135.47,2012-09-28,2012-09-28,5,134.05,1.05,기한청산
DIA,9,아래,-9.0,가능,2013-09-20,154.3,2013-09-27,2013-09-27,5,152.21,1.35,기한청산
DIA,9,아래,-9.0,가능,2014-09-19,172.45,2014-09-26,2014-09-26,5,170.7,1.01,기한청산
DIA,9,아래,-9.0,가능,2015-09-18,163.54,2015-09-25,2015-09-25,5,162.88,0.4,기한청산
DIA,9,아래,-9.0,가능,2016-09-16,180.97,2016-09-23,2016-09-23,5,182.42,-0.8,기한청산
DIA,9,아래,-9.0,가능,2017-09-15,222.45,2017-09-22,2017-09-22,5,223.2,-0.34,기한청산
DIA,9,아래,-9.0,가능,2018-09-21,267.12,2018-09-28,2018-09-28,5,264.4,1.02,기한청산
DIA,9,아래,-9.0,가능,2019-09-20,269.25,2019-09-27,2019-09-27,5,267.99,0.47,기한청산
DIA,9,아래,-9.0,가능,2020-09-18,276.52,2020-09-25,2020-09-25,5,271.7,1.74,기한청산
DIA,9,아래,-9.0,가능,2021-09-17,345.64,2021-09-24,2021-09-24,5,347.87,-0.65,기한청산
DIA,9,아래,-9.0,가능,2022-09-16,308.05,2022-09-23,2022-09-23,5,295.86,3.96,기한청산
DIA,9,아래,-9.0,가능,2023-09-15,346.14,2023-09-22,2023-09-22,5,339.58,1.9,기한청산
DIA,9,아래,-9.0,가능,2024-09-20,420.57,2024-09-27,2024-09-27,5,422.95,-0.57,기한청산
DIA,9,아래,-9.0,가능,2025-09-19,462.94,2025-09-26,2025-09-26,5,462.28,0.14,기한청산
DIA,9,아래,-9.5,가능,1998-09-18,78.8125,1998-09-25,1998-09-25,5,80.125,-1.67,기한청산
DIA,9,아래,-9.5,가능,1999-09-17,108.375,1999-09-24,1999-09-24,5,102.6406,5.29,기한청산
DIA,9,아래,-9.5,가능,2000-09-15,109.0,2000-09-22,2000-09-22,5,108.75,0.23,기한청산
DIA,9,아래,-9.5,가능,2001-09-21,82.8,2001-09-28,2001-09-28,5,88.35,-6.7,기한청산
DIA,9,아래,-9.5,가능,2002-09-20,79.67,2002-09-27,2002-09-27,5,76.85,3.54,기한청산
DIA,9,아래,-9.5,가능,2003-09-19,96.47,2003-09-26,2003-09-26,5,93.3,3.29,기한청산
DIA,9,아래,-9.5,가능,2004-09-17,103.01,2004-09-24,2004-09-24,5,100.72,2.22,기한청산
DIA,9,아래,-9.5,가능,2005-09-16,106.23,2005-09-23,2005-09-23,5,104.1,2.01,기한청산
DIA,9,아래,-9.5,가능,2006-09-15,115.59,2006-09-22,2006-09-22,5,115.01,0.5,기한청산
DIA,9,아래,-9.5,가능,2007-09-21,137.9,2007-09-28,2007-09-28,5,138.91,-0.73,기한청산
DIA,9,아래,-9.5,가능,2008-09-19,113.57,2008-09-26,2008-09-26,5,111.15,2.13,기한청산
DIA,9,아래,-9.5,가능,2009-09-18,98.11,2009-09-25,2009-09-25,5,96.74,1.4,기한청산
DIA,9,아래,-9.5,가능,2010-09-17,106.07,2010-09-24,2010-09-24,5,108.57,-2.36,기한청산
DIA,9,아래,-9.5,가능,2011-09-16,114.86,2011-09-23,2011-09-23,5,107.45,6.45,기한청산
DIA,9,아래,-9.5,가능,2012-09-21,135.47,2012-09-28,2012-09-28,5,134.05,1.05,기한청산
DIA,9,아래,-9.5,가능,2013-09-20,154.3,2013-09-27,2013-09-27,5,152.21,1.35,기한청산
DIA,9,아래,-9.5,가능,2014-09-19,172.45,2014-09-26,2014-09-26,5,170.7,1.01,기한청산
DIA,9,아래,-9.5,가능,2015-09-18,163.54,2015-09-25,2015-09-25,5,162.88,0.4,기한청산
DIA,9,아래,-9.5,가능,2016-09-16,180.97,2016-09-23,2016-09-23,5,182.42,-0.8,기한청산
DIA,9,아래,-9.5,가능,2017-09-15,222.45,2017-09-22,2017-09-22,5,223.2,-0.34,기한청산
DIA,9,아래,-9.5,가능,2018-09-21,267.12,2018-09-28,2018-09-28,5,264.4,1.02,기한청산
DIA,9,아래,-9.5,가능,2019-09-20,269.25,2019-09-27,2019-09-27,5,267.99,0.47,기한청산
DIA,9,아래,-9.5,가능,2020-09-18,276.52,2020-09-25,2020-09-25,5,271.7,1.74,기한청산
DIA,9,아래,-9.5,가능,2021-09-17,345.64,2021-09-24,2021-09-24,5,347.87,-0.65,기한청산
DIA,9,아래,-9.5,가능,2022-09-16,308.05,2022-09-23,2022-09-23,5,295.86,3.96,기한청산
DIA,9,아래,-9.5,가능,2023-09-15,346.14,2023-09-22,2023-09-22,5,339.58,1.9,기한청산
DIA,9,아래,-9.5,가능,2024-09-20,420.57,2024-09-27,2024-09-27,5,422.95,-0.57,기한청산
DIA,9,아래,-9.5,가능,2025-09-19,462.94,2025-09-26,2025-09-26,5,462.28,0.14,기한청산
DIA,9,아래,-10.0,가능,1998-09-18,78.8125,1998-09-25,1998-09-25,5,80.125,-1.67,기한청산
DIA,9,아래,-10.0,가능,1999-09-17,108.375,1999-09-24,1999-09-24,5,102.6406,5.29,기한청산
DIA,9,아래,-10.0,가능,2000-09-15,109.0,2000-09-22,2000-09-22,5,108.75,0.23,기한청산
DIA,9,아래,-10.0,가능,2001-09-21,82.8,2001-09-28,2001-09-28,5,88.35,-6.7,기한청산
DIA,9,아래,-10.0,가능,2002-09-20,79.67,2002-09-27,2002-09-27,5,76.85,3.54,기한청산
DIA,9,아래,-10.0,가능,2003-09-19,96.47,2003-09-26,2003-09-26,5,93.3,3.29,기한청산
DIA,9,아래,-10.0,가능,2004-09-17,103.01,2004-09-24,2004-09-24,5,100.72,2.22,기한청산
DIA,9,아래,-10.0,가능,2005-09-16,106.23,2005-09-23,2005-09-23,5,104.1,2.01,기한청산
DIA,9,아래,-10.0,가능,2006-09-15,115.59,2006-09-22,2006-09-22,5,115.01,0.5,기한청산
DIA,9,아래,-10.0,가능,2007-09-21,137.9,2007-09-28,2007-09-28,5,138.91,-0.73,기한청산
DIA,9,아래,-10.0,가능,2008-09-19,113.57,2008-09-26,2008-09-26,5,111.15,2.13,기한청산
DIA,9,아래,-10.0,가능,2009-09-18,98.11,2009-09-25,2009-09-25,5,96.74,1.4,기한청산
DIA,9,아래,-10.0,가능,2010-09-17,106.07,2010-09-24,2010-09-24,5,108.57,-2.36,기한청산
DIA,9,아래,-10.0,가능,2011-09-16,114.86,2011-09-23,2011-09-23,5,107.45,6.45,기한청산
DIA,9,아래,-10.0,가능,2012-09-21,135.47,2012-09-28,2012-09-28,5,134.05,1.05,기한청산
DIA,9,아래,-10.0,가능,2013-09-20,154.3,2013-09-27,2013-09-27,5,152.21,1.35,기한청산
DIA,9,아래,-10.0,가능,2014-09-19,172.45,2014-09-26,2014-09-26,5,170.7,1.01,기한청산
DIA,9,아래,-10.0,가능,2015-09-18,163.54,2015-09-25,2015-09-25,5,162.88,0.4,기한청산
DIA,9,아래,-10.0,가능,2016-09-16,180.97,2016-09-23,2016-09-23,5,182.42,-0.8,기한청산
DIA,9,아래,-10.0,가능,2017-09-15,222.45,2017-09-22,2017-09-22,5,223.2,-0.34,기한청산
DIA,9,아래,-10.0,가능,2018-09-21,267.12,2018-09-28,2018-09-28,5,264.4,1.02,기한청산
DIA,9,아래,-10.0,가능,2019-09-20,269.25,2019-09-27,2019-09-27,5,267.99,0.47,기한청산
DIA,9,아래,-10.0,가능,2020-09-18,276.52,2020-09-25,2020-09-25,5,271.7,1.74,기한청산
DIA,9,아래,-10.0,가능,2021-09-17,345.64,2021-09-24,2021-09-24,5,347.87,-0.65,기한청산
DIA,9,아래,-10.0,가능,2022-09-16,308.05,2022-09-23,2022-09-23,5,295.86,3.96,기한청산
DIA,9,아래,-10.0,가능,2023-09-15,346.14,2023-09-22,2023-09-22,5,339.58,1.9,기한청산
DIA,9,아래,-10.0,가능,2024-09-20,420.57,2024-09-27,2024-09-27,5,422.95,-0.57,기한청산
DIA,9,아래,-10.0,가능,2025-09-19,462.94,2025-09-26,2025-09-26,5,462.28,0.14,기한청산
SPY,12,위,무손절,가능,1993-12-17,46.5625,1993-12-24,1993-12-23,4,46.75,0.4,기한청산
SPY,12,위,무손절,가능,1994-12-16,45.75,1994-12-23,1994-12-23,5,46.0625,0.68,기한청산
SPY,12,위,무손절,가능,1995-12-15,61.8125,1995-12-22,1995-12-22,5,61.2031,-0.99,기한청산
SPY,12,위,무손절,가능,1996-12-20,74.8438,1996-12-27,1996-12-27,4,75.875,1.38,기한청산
SPY,12,위,무손절,가능,1997-12-19,94.7812,1997-12-26,1997-12-26,4,93.7812,-1.06,기한청산
SPY,12,위,무손절,가능,1998-12-18,118.5,1998-12-25,1998-12-24,4,122.6875,3.53,기한청산
SPY,12,위,무손절,가능,1999-12-17,142.6875,1999-12-24,1999-12-23,4,146.4844,2.66,기한청산
SPY,12,위,무손절,가능,2000-12-15,130.9688,2000-12-22,2000-12-22,5,130.9375,-0.02,기한청산
SPY,12,위,무손절,가능,2001-12-21,114.95,2001-12-28,2001-12-28,4,116.0,0.91,기한청산
SPY,12,위,무손절,가능,2002-12-20,89.99,2002-12-27,2002-12-27,4,87.38,-2.9,기한청산
SPY,12,위,무손절,가능,2003-12-19,108.9,2003-12-26,2003-12-26,4,109.7,0.73,기한청산
SPY,12,위,무손절,가능,2004-12-17,119.44,2004-12-24,2004-12-23,4,120.77,1.11,기한청산
SPY,12,위,무손절,가능,2005-12-16,126.36,2005-12-23,2005-12-23,5,126.76,0.32,기한청산
SPY,12,위,무손절,가능,2006-12-15,142.34,2006-12-22,2006-12-22,5,140.75,-1.12,기한청산
SPY,12,위,무손절,가능,2007-12-21,148.13,2007-12-28,2007-12-28,4,147.3,-0.56,기한청산
SPY,12,위,무손절,가능,2008-12-19,88.19,2008-12-26,2008-12-26,4,87.16,-1.17,기한청산
SPY,12,위,무손절,가능,2009-12-18,110.21,2009-12-25,2009-12-24,4,112.48,2.06,기한청산
SPY,12,위,무손절,가능,2010-12-17,124.3,2010-12-24,2010-12-23,4,125.6,1.05,기한청산
SPY,12,위,무손절,가능,2011-12-16,121.59,2011-12-23,2011-12-23,5,126.39,3.95,기한청산
SPY,12,위,무손절,가능,2012-12-21,142.79,2012-12-28,2012-12-28,4,140.03,-1.93,기한청산
SPY,12,위,무손절,가능,2013-12-20,181.56,2013-12-27,2013-12-27,4,183.85,1.26,기한청산
SPY,12,위,무손절,가능,2014-12-19,206.52,2014-12-26,2014-12-26,4,208.44,0.93,기한청산
SPY,12,위,무손절,가능,2015-12-18,200.02,2015-12-25,2015-12-24,4,205.68,2.83,기한청산
SPY,12,위,무손절,가능,2016-12-16,225.04,2016-12-23,2016-12-23,5,225.71,0.3,기한청산
SPY,12,위,무손절,가능,2017-12-15,266.51,2017-12-22,2017-12-22,5,267.51,0.38,기한청산
SPY,12,위,무손절,가능,2018-12-21,240.7,2018-12-28,2018-12-28,4,247.75,2.93,기한청산
SPY,12,위,무손절,가능,2019-12-20,320.73,2019-12-27,2019-12-27,4,322.86,0.66,기한청산
SPY,12,위,무손절,가능,2020-12-18,369.18,2020-12-25,2020-12-24,4,369.0,-0.05,기한청산
SPY,12,위,무손절,가능,2021-12-17,459.87,2021-12-24,2021-12-23,4,470.6,2.33,기한청산
SPY,12,위,무손절,가능,2022-12-16,383.27,2022-12-23,2022-12-23,5,382.91,-0.09,기한청산
SPY,12,위,무손절,가능,2023-12-15,469.33,2023-12-22,2023-12-22,5,473.65,0.92,기한청산
SPY,12,위,무손절,가능,2024-12-20,591.15,2024-12-27,2024-12-27,4,595.01,0.65,기한청산
SPY,12,위,무손절,가능,2025-12-19,680.59,2025-12-26,2025-12-26,4,690.31,1.43,기한청산
SPY,12,위,-1.0,가능,1993-12-17,46.5625,1993-12-24,1993-12-23,4,46.75,0.4,기한청산
SPY,12,위,-1.0,가능,1994-12-16,45.75,1994-12-23,1994-12-23,5,46.0625,0.68,기한청산
SPY,12,위,-1.0,가능,1995-12-15,61.8125,1995-12-22,1995-12-18,1,61.1944,-1.0,장중손절
SPY,12,위,-1.0,가능,1996-12-20,74.8438,1996-12-27,1996-12-27,4,75.875,1.38,기한청산
SPY,12,위,-1.0,가능,1997-12-19,94.7812,1997-12-26,1997-12-23,2,93.8334,-1.0,장중손절
SPY,12,위,-1.0,가능,1998-12-18,118.5,1998-12-25,1998-12-24,4,122.6875,3.53,기한청산
SPY,12,위,-1.0,가능,1999-12-17,142.6875,1999-12-24,1999-12-20,1,141.2606,-1.0,장중손절
SPY,12,위,-1.0,가능,2000-12-15,130.9688,2000-12-22,2000-12-20,3,128.625,-1.79,갭손절
SPY,12,위,-1.0,가능,2001-12-21,114.95,2001-12-28,2001-12-28,4,116.0,0.91,기한청산
SPY,12,위,-1.0,가능,2002-12-20,89.99,2002-12-27,2002-12-26,3,89.0901,-1.0,장중손절
SPY,12,위,-1.0,가능,2003-12-19,108.9,2003-12-26,2003-12-26,4,109.7,0.73,기한청산
SPY,12,위,-1.0,가능,2004-12-17,119.44,2004-12-24,2004-12-23,4,120.77,1.11,기한청산
SPY,12,위,-1.0,가능,2005-12-16,126.36,2005-12-23,2005-12-23,5,126.76,0.32,기한청산
SPY,12,위,-1.0,가능,2006-12-15,142.34,2006-12-22,2006-12-22,5,140.9166,-1.0,장중손절
SPY,12,위,-1.0,가능,2007-12-21,148.13,2007-12-28,2007-12-28,4,147.3,-0.56,기한청산
SPY,12,위,-1.0,가능,2008-12-19,88.19,2008-12-26,2008-12-22,1,87.3081,-1.0,장중손절
SPY,12,위,-1.0,가능,2009-12-18,110.21,2009-12-25,2009-12-24,4,112.48,2.06,기한청산
SPY,12,위,-1.0,가능,2010-12-17,124.3,2010-12-24,2010-12-23,4,125.6,1.05,기한청산
SPY,12,위,-1.0,가능,2011-12-16,121.59,2011-12-23,2011-12-19,1,120.3741,-1.0,장중손절
SPY,12,위,-1.0,가능,2012-12-21,142.79,2012-12-28,2012-12-26,2,141.3621,-1.0,장중손절
SPY,12,위,-1.0,가능,2013-12-20,181.56,2013-12-27,2013-12-27,4,183.85,1.26,기한청산
SPY,12,위,-1.0,가능,2014-12-19,206.52,2014-12-26,2014-12-26,4,208.44,0.93,기한청산
SPY,12,위,-1.0,가능,2015-12-18,200.02,2015-12-25,2015-12-24,4,205.68,2.83,기한청산
SPY,12,위,-1.0,가능,2016-12-16,225.04,2016-12-23,2016-12-23,5,225.71,0.3,기한청산
SPY,12,위,-1.0,가능,2017-12-15,266.51,2017-12-22,2017-12-22,5,267.51,0.38,기한청산
SPY,12,위,-1.0,가능,2018-12-21,240.7,2018-12-28,2018-12-24,1,238.293,-1.0,장중손절
SPY,12,위,-1.0,가능,2019-12-20,320.73,2019-12-27,2019-12-27,4,322.86,0.66,기한청산
SPY,12,위,-1.0,가능,2020-12-18,369.18,2020-12-25,2020-12-21,1,364.97,-1.14,갭손절
SPY,12,위,-1.0,가능,2021-12-17,459.87,2021-12-24,2021-12-20,1,454.48,-1.17,갭손절
SPY,12,위,-1.0,가능,2022-12-16,383.27,2022-12-23,2022-12-19,1,379.4373,-1.0,장중손절
SPY,12,위,-1.0,가능,2023-12-15,469.33,2023-12-22,2023-12-22,5,473.65,0.92,기한청산
SPY,12,위,-1.0,가능,2024-12-20,591.15,2024-12-27,2024-12-27,4,595.01,0.65,기한청산
SPY,12,위,-1.0,가능,2025-12-19,680.59,2025-12-26,2025-12-26,4,690.31,1.43,기한청산
SPY,12,위,-1.5,가능,1993-12-17,46.5625,1993-12-24,1993-12-23,4,46.75,0.4,기한청산
SPY,12,위,-1.5,가능,1994-12-16,45.75,1994-12-23,1994-12-23,5,46.0625,0.68,기한청산
SPY,12,위,-1.5,가능,1995-12-15,61.8125,1995-12-22,1995-12-18,1,60.8853,-1.5,장중손절
SPY,12,위,-1.5,가능,1996-12-20,74.8438,1996-12-27,1996-12-27,4,75.875,1.38,기한청산
SPY,12,위,-1.5,가능,1997-12-19,94.7812,1997-12-26,1997-12-24,3,93.3595,-1.5,장중손절
SPY,12,위,-1.5,가능,1998-12-18,118.5,1998-12-25,1998-12-24,4,122.6875,3.53,기한청산
SPY,12,위,-1.5,가능,1999-12-17,142.6875,1999-12-24,1999-12-23,4,146.4844,2.66,기한청산
SPY,12,위,-1.5,가능,2000-12-15,130.9688,2000-12-22,2000-12-20,3,128.625,-1.79,갭손절
SPY,12,위,-1.5,가능,2001-12-21,114.95,2001-12-28,2001-12-28,4,116.0,0.91,기한청산
SPY,12,위,-1.5,가능,2002-12-20,89.99,2002-12-27,2002-12-27,4,88.6401,-1.5,장중손절
SPY,12,위,-1.5,가능,2003-12-19,108.9,2003-12-26,2003-12-26,4,109.7,0.73,기한청산
SPY,12,위,-1.5,가능,2004-12-17,119.44,2004-12-24,2004-12-23,4,120.77,1.11,기한청산
SPY,12,위,-1.5,가능,2005-12-16,126.36,2005-12-23,2005-12-23,5,126.76,0.32,기한청산
SPY,12,위,-1.5,가능,2006-12-15,142.34,2006-12-22,2006-12-22,5,140.75,-1.12,기한청산
SPY,12,위,-1.5,가능,2007-12-21,148.13,2007-12-28,2007-12-28,4,147.3,-0.56,기한청산
SPY,12,위,-1.5,가능,2008-12-19,88.19,2008-12-26,2008-12-22,1,86.8671,-1.5,장중손절
SPY,12,위,-1.5,가능,2009-12-18,110.21,2009-12-25,2009-12-24,4,112.48,2.06,기한청산
SPY,12,위,-1.5,가능,2010-12-17,124.3,2010-12-24,2010-12-23,4,125.6,1.05,기한청산
SPY,12,위,-1.5,가능,2011-12-16,121.59,2011-12-23,2011-12-23,5,126.39,3.95,기한청산
SPY,12,위,-1.5,가능,2012-12-21,142.79,2012-12-28,2012-12-27,3,140.6481,-1.5,장중손절
SPY,12,위,-1.5,가능,2013-12-20,181.56,2013-12-27,2013-12-27,4,183.85,1.26,기한청산
SPY,12,위,-1.5,가능,2014-12-19,206.52,2014-12-26,2014-12-26,4,208.44,0.93,기한청산
SPY,12,위,-1.5,가능,2015-12-18,200.02,2015-12-25,2015-12-24,4,205.68,2.83,기한청산
SPY,12,위,-1.5,가능,2016-12-16,225.04,2016-12-23,2016-12-23,5,225.71,0.3,기한청산
SPY,12,위,-1.5,가능,2017-12-15,266.51,2017-12-22,2017-12-22,5,267.51,0.38,기한청산
SPY,12,위,-1.5,가능,2018-12-21,240.7,2018-12-28,2018-12-24,1,237.0895,-1.5,장중손절
SPY,12,위,-1.5,가능,2019-12-20,320.73,2019-12-27,2019-12-27,4,322.86,0.66,기한청산
SPY,12,위,-1.5,가능,2020-12-18,369.18,2020-12-25,2020-12-21,1,363.6423,-1.5,장중손절
SPY,12,위,-1.5,가능,2021-12-17,459.87,2021-12-24,2021-12-20,1,452.9719,-1.5,장중손절
SPY,12,위,-1.5,가능,2022-12-16,383.27,2022-12-23,2022-12-22,4,377.5209,-1.5,장중손절
SPY,12,위,-1.5,가능,2023-12-15,469.33,2023-12-22,2023-12-22,5,473.65,0.92,기한청산
SPY,12,위,-1.5,가능,2024-12-20,591.15,2024-12-27,2024-12-27,4,595.01,0.65,기한청산
SPY,12,위,-1.5,가능,2025-12-19,680.59,2025-12-26,2025-12-26,4,690.31,1.43,기한청산
SPY,12,위,-2.0,가능,1993-12-17,46.5625,1993-12-24,1993-12-23,4,46.75,0.4,기한청산
SPY,12,위,-2.0,가능,1994-12-16,45.75,1994-12-23,1994-12-23,5,46.0625,0.68,기한청산
SPY,12,위,-2.0,가능,1995-12-15,61.8125,1995-12-22,1995-12-22,5,61.2031,-0.99,기한청산
SPY,12,위,-2.0,가능,1996-12-20,74.8438,1996-12-27,1996-12-27,4,75.875,1.38,기한청산
SPY,12,위,-2.0,가능,1997-12-19,94.7812,1997-12-26,1997-12-26,4,93.7812,-1.06,기한청산
SPY,12,위,-2.0,가능,1998-12-18,118.5,1998-12-25,1998-12-24,4,122.6875,3.53,기한청산
SPY,12,위,-2.0,가능,1999-12-17,142.6875,1999-12-24,1999-12-23,4,146.4844,2.66,기한청산
SPY,12,위,-2.0,가능,2000-12-15,130.9688,2000-12-22,2000-12-20,3,128.3494,-2.0,장중손절
SPY,12,위,-2.0,가능,2001-12-21,114.95,2001-12-28,2001-12-28,4,116.0,0.91,기한청산
SPY,12,위,-2.0,가능,2002-12-20,89.99,2002-12-27,2002-12-27,4,88.1902,-2.0,장중손절
SPY,12,위,-2.0,가능,2003-12-19,108.9,2003-12-26,2003-12-26,4,109.7,0.73,기한청산
SPY,12,위,-2.0,가능,2004-12-17,119.44,2004-12-24,2004-12-23,4,120.77,1.11,기한청산
SPY,12,위,-2.0,가능,2005-12-16,126.36,2005-12-23,2005-12-23,5,126.76,0.32,기한청산
SPY,12,위,-2.0,가능,2006-12-15,142.34,2006-12-22,2006-12-22,5,140.75,-1.12,기한청산
SPY,12,위,-2.0,가능,2007-12-21,148.13,2007-12-28,2007-12-28,4,147.3,-0.56,기한청산
SPY,12,위,-2.0,가능,2008-12-19,88.19,2008-12-26,2008-12-22,1,86.4262,-2.0,장중손절
SPY,12,위,-2.0,가능,2009-12-18,110.21,2009-12-25,2009-12-24,4,112.48,2.06,기한청산
SPY,12,위,-2.0,가능,2010-12-17,124.3,2010-12-24,2010-12-23,4,125.6,1.05,기한청산
SPY,12,위,-2.0,가능,2011-12-16,121.59,2011-12-23,2011-12-23,5,126.39,3.95,기한청산
SPY,12,위,-2.0,가능,2012-12-21,142.79,2012-12-28,2012-12-27,3,139.9342,-2.0,장중손절
SPY,12,위,-2.0,가능,2013-12-20,181.56,2013-12-27,2013-12-27,4,183.85,1.26,기한청산
SPY,12,위,-2.0,가능,2014-12-19,206.52,2014-12-26,2014-12-26,4,208.44,0.93,기한청산
SPY,12,위,-2.0,가능,2015-12-18,200.02,2015-12-25,2015-12-24,4,205.68,2.83,기한청산
SPY,12,위,-2.0,가능,2016-12-16,225.04,2016-12-23,2016-12-23,5,225.71,0.3,기한청산
SPY,12,위,-2.0,가능,2017-12-15,266.51,2017-12-22,2017-12-22,5,267.51,0.38,기한청산
SPY,12,위,-2.0,가능,2018-12-21,240.7,2018-12-28,2018-12-24,1,235.886,-2.0,장중손절
SPY,12,위,-2.0,가능,2019-12-20,320.73,2019-12-27,2019-12-27,4,322.86,0.66,기한청산
SPY,12,위,-2.0,가능,2020-12-18,369.18,2020-12-25,2020-12-24,4,369.0,-0.05,기한청산
SPY,12,위,-2.0,가능,2021-12-17,459.87,2021-12-24,2021-12-23,4,470.6,2.33,기한청산
SPY,12,위,-2.0,가능,2022-12-16,383.27,2022-12-23,2022-12-22,4,375.6046,-2.0,장중손절
SPY,12,위,-2.0,가능,2023-12-15,469.33,2023-12-22,2023-12-22,5,473.65,0.92,기한청산
SPY,12,위,-2.0,가능,2024-12-20,591.15,2024-12-27,2024-12-27,4,595.01,0.65,기한청산
SPY,12,위,-2.0,가능,2025-12-19,680.59,2025-12-26,2025-12-26,4,690.31,1.43,기한청산
SPY,12,위,-2.5,가능,1993-12-17,46.5625,1993-12-24,1993-12-23,4,46.75,0.4,기한청산
SPY,12,위,-2.5,가능,1994-12-16,45.75,1994-12-23,1994-12-23,5,46.0625,0.68,기한청산
SPY,12,위,-2.5,가능,1995-12-15,61.8125,1995-12-22,1995-12-22,5,61.2031,-0.99,기한청산
SPY,12,위,-2.5,가능,1996-12-20,74.8438,1996-12-27,1996-12-27,4,75.875,1.38,기한청산
SPY,12,위,-2.5,가능,1997-12-19,94.7812,1997-12-26,1997-12-26,4,93.7812,-1.06,기한청산
SPY,12,위,-2.5,가능,1998-12-18,118.5,1998-12-25,1998-12-24,4,122.6875,3.53,기한청산
SPY,12,위,-2.5,가능,1999-12-17,142.6875,1999-12-24,1999-12-23,4,146.4844,2.66,기한청산
SPY,12,위,-2.5,가능,2000-12-15,130.9688,2000-12-22,2000-12-20,3,127.6946,-2.5,장중손절
SPY,12,위,-2.5,가능,2001-12-21,114.95,2001-12-28,2001-12-28,4,116.0,0.91,기한청산
SPY,12,위,-2.5,가능,2002-12-20,89.99,2002-12-27,2002-12-27,4,87.7402,-2.5,장중손절
SPY,12,위,-2.5,가능,2003-12-19,108.9,2003-12-26,2003-12-26,4,109.7,0.73,기한청산
SPY,12,위,-2.5,가능,2004-12-17,119.44,2004-12-24,2004-12-23,4,120.77,1.11,기한청산
SPY,12,위,-2.5,가능,2005-12-16,126.36,2005-12-23,2005-12-23,5,126.76,0.32,기한청산
SPY,12,위,-2.5,가능,2006-12-15,142.34,2006-12-22,2006-12-22,5,140.75,-1.12,기한청산
SPY,12,위,-2.5,가능,2007-12-21,148.13,2007-12-28,2007-12-28,4,147.3,-0.56,기한청산
SPY,12,위,-2.5,가능,2008-12-19,88.19,2008-12-26,2008-12-22,1,85.9852,-2.5,장중손절
SPY,12,위,-2.5,가능,2009-12-18,110.21,2009-12-25,2009-12-24,4,112.48,2.06,기한청산
SPY,12,위,-2.5,가능,2010-12-17,124.3,2010-12-24,2010-12-23,4,125.6,1.05,기한청산
SPY,12,위,-2.5,가능,2011-12-16,121.59,2011-12-23,2011-12-23,5,126.39,3.95,기한청산
SPY,12,위,-2.5,가능,2012-12-21,142.79,2012-12-28,2012-12-28,4,140.03,-1.93,기한청산
SPY,12,위,-2.5,가능,2013-12-20,181.56,2013-12-27,2013-12-27,4,183.85,1.26,기한청산
SPY,12,위,-2.5,가능,2014-12-19,206.52,2014-12-26,2014-12-26,4,208.44,0.93,기한청산
SPY,12,위,-2.5,가능,2015-12-18,200.02,2015-12-25,2015-12-24,4,205.68,2.83,기한청산
SPY,12,위,-2.5,가능,2016-12-16,225.04,2016-12-23,2016-12-23,5,225.71,0.3,기한청산
SPY,12,위,-2.5,가능,2017-12-15,266.51,2017-12-22,2017-12-22,5,267.51,0.38,기한청산
SPY,12,위,-2.5,가능,2018-12-21,240.7,2018-12-28,2018-12-24,1,234.6825,-2.5,장중손절
SPY,12,위,-2.5,가능,2019-12-20,320.73,2019-12-27,2019-12-27,4,322.86,0.66,기한청산
SPY,12,위,-2.5,가능,2020-12-18,369.18,2020-12-25,2020-12-24,4,369.0,-0.05,기한청산
SPY,12,위,-2.5,가능,2021-12-17,459.87,2021-12-24,2021-12-23,4,470.6,2.33,기한청산
SPY,12,위,-2.5,가능,2022-12-16,383.27,2022-12-23,2022-12-23,5,382.91,-0.09,기한청산
SPY,12,위,-2.5,가능,2023-12-15,469.33,2023-12-22,2023-12-22,5,473.65,0.92,기한청산
SPY,12,위,-2.5,가능,2024-12-20,591.15,2024-12-27,2024-12-27,4,595.01,0.65,기한청산
SPY,12,위,-2.5,가능,2025-12-19,680.59,2025-12-26,2025-12-26,4,690.31,1.43,기한청산
SPY,12,위,-3.0,가능,1993-12-17,46.5625,1993-12-24,1993-12-23,4,46.75,0.4,기한청산
SPY,12,위,-3.0,가능,1994-12-16,45.75,1994-12-23,1994-12-23,5,46.0625,0.68,기한청산
SPY,12,위,-3.0,가능,1995-12-15,61.8125,1995-12-22,1995-12-22,5,61.2031,-0.99,기한청산
SPY,12,위,-3.0,가능,1996-12-20,74.8438,1996-12-27,1996-12-27,4,75.875,1.38,기한청산
SPY,12,위,-3.0,가능,1997-12-19,94.7812,1997-12-26,1997-12-26,4,93.7812,-1.06,기한청산
SPY,12,위,-3.0,가능,1998-12-18,118.5,1998-12-25,1998-12-24,4,122.6875,3.53,기한청산
SPY,12,위,-3.0,가능,1999-12-17,142.6875,1999-12-24,1999-12-23,4,146.4844,2.66,기한청산
SPY,12,위,-3.0,가능,2000-12-15,130.9688,2000-12-22,2000-12-20,3,127.0397,-3.0,장중손절
SPY,12,위,-3.0,가능,2001-12-21,114.95,2001-12-28,2001-12-28,4,116.0,0.91,기한청산
SPY,12,위,-3.0,가능,2002-12-20,89.99,2002-12-27,2002-12-27,4,87.38,-2.9,기한청산
SPY,12,위,-3.0,가능,2003-12-19,108.9,2003-12-26,2003-12-26,4,109.7,0.73,기한청산
SPY,12,위,-3.0,가능,2004-12-17,119.44,2004-12-24,2004-12-23,4,120.77,1.11,기한청산
SPY,12,위,-3.0,가능,2005-12-16,126.36,2005-12-23,2005-12-23,5,126.76,0.32,기한청산
SPY,12,위,-3.0,가능,2006-12-15,142.34,2006-12-22,2006-12-22,5,140.75,-1.12,기한청산
SPY,12,위,-3.0,가능,2007-12-21,148.13,2007-12-28,2007-12-28,4,147.3,-0.56,기한청산
SPY,12,위,-3.0,가능,2008-12-19,88.19,2008-12-26,2008-12-22,1,85.5443,-3.0,장중손절
SPY,12,위,-3.0,가능,2009-12-18,110.21,2009-12-25,2009-12-24,4,112.48,2.06,기한청산
SPY,12,위,-3.0,가능,2010-12-17,124.3,2010-12-24,2010-12-23,4,125.6,1.05,기한청산
SPY,12,위,-3.0,가능,2011-12-16,121.59,2011-12-23,2011-12-23,5,126.39,3.95,기한청산
SPY,12,위,-3.0,가능,2012-12-21,142.79,2012-12-28,2012-12-28,4,140.03,-1.93,기한청산
SPY,12,위,-3.0,가능,2013-12-20,181.56,2013-12-27,2013-12-27,4,183.85,1.26,기한청산
SPY,12,위,-3.0,가능,2014-12-19,206.52,2014-12-26,2014-12-26,4,208.44,0.93,기한청산
SPY,12,위,-3.0,가능,2015-12-18,200.02,2015-12-25,2015-12-24,4,205.68,2.83,기한청산
SPY,12,위,-3.0,가능,2016-12-16,225.04,2016-12-23,2016-12-23,5,225.71,0.3,기한청산
SPY,12,위,-3.0,가능,2017-12-15,266.51,2017-12-22,2017-12-22,5,267.51,0.38,기한청산
SPY,12,위,-3.0,가능,2018-12-21,240.7,2018-12-28,2018-12-28,4,247.75,2.93,기한청산
SPY,12,위,-3.0,가능,2019-12-20,320.73,2019-12-27,2019-12-27,4,322.86,0.66,기한청산
SPY,12,위,-3.0,가능,2020-12-18,369.18,2020-12-25,2020-12-24,4,369.0,-0.05,기한청산
SPY,12,위,-3.0,가능,2021-12-17,459.87,2021-12-24,2021-12-23,4,470.6,2.33,기한청산
SPY,12,위,-3.0,가능,2022-12-16,383.27,2022-12-23,2022-12-23,5,382.91,-0.09,기한청산
SPY,12,위,-3.0,가능,2023-12-15,469.33,2023-12-22,2023-12-22,5,473.65,0.92,기한청산
SPY,12,위,-3.0,가능,2024-12-20,591.15,2024-12-27,2024-12-27,4,595.01,0.65,기한청산
SPY,12,위,-3.0,가능,2025-12-19,680.59,2025-12-26,2025-12-26,4,690.31,1.43,기한청산
SPY,12,위,-3.5,가능,1993-12-17,46.5625,1993-12-24,1993-12-23,4,46.75,0.4,기한청산
SPY,12,위,-3.5,가능,1994-12-16,45.75,1994-12-23,1994-12-23,5,46.0625,0.68,기한청산
SPY,12,위,-3.5,가능,1995-12-15,61.8125,1995-12-22,1995-12-22,5,61.2031,-0.99,기한청산
SPY,12,위,-3.5,가능,1996-12-20,74.8438,1996-12-27,1996-12-27,4,75.875,1.38,기한청산
SPY,12,위,-3.5,가능,1997-12-19,94.7812,1997-12-26,1997-12-26,4,93.7812,-1.06,기한청산
SPY,12,위,-3.5,가능,1998-12-18,118.5,1998-12-25,1998-12-24,4,122.6875,3.53,기한청산
SPY,12,위,-3.5,가능,1999-12-17,142.6875,1999-12-24,1999-12-23,4,146.4844,2.66,기한청산
SPY,12,위,-3.5,가능,2000-12-15,130.9688,2000-12-22,2000-12-20,3,126.3849,-3.5,장중손절
SPY,12,위,-3.5,가능,2001-12-21,114.95,2001-12-28,2001-12-28,4,116.0,0.91,기한청산
SPY,12,위,-3.5,가능,2002-12-20,89.99,2002-12-27,2002-12-27,4,87.38,-2.9,기한청산
SPY,12,위,-3.5,가능,2003-12-19,108.9,2003-12-26,2003-12-26,4,109.7,0.73,기한청산
SPY,12,위,-3.5,가능,2004-12-17,119.44,2004-12-24,2004-12-23,4,120.77,1.11,기한청산
SPY,12,위,-3.5,가능,2005-12-16,126.36,2005-12-23,2005-12-23,5,126.76,0.32,기한청산
SPY,12,위,-3.5,가능,2006-12-15,142.34,2006-12-22,2006-12-22,5,140.75,-1.12,기한청산
SPY,12,위,-3.5,가능,2007-12-21,148.13,2007-12-28,2007-12-28,4,147.3,-0.56,기한청산
SPY,12,위,-3.5,가능,2008-12-19,88.19,2008-12-26,2008-12-26,4,87.16,-1.17,기한청산
SPY,12,위,-3.5,가능,2009-12-18,110.21,2009-12-25,2009-12-24,4,112.48,2.06,기한청산
SPY,12,위,-3.5,가능,2010-12-17,124.3,2010-12-24,2010-12-23,4,125.6,1.05,기한청산
SPY,12,위,-3.5,가능,2011-12-16,121.59,2011-12-23,2011-12-23,5,126.39,3.95,기한청산
SPY,12,위,-3.5,가능,2012-12-21,142.79,2012-12-28,2012-12-28,4,140.03,-1.93,기한청산
SPY,12,위,-3.5,가능,2013-12-20,181.56,2013-12-27,2013-12-27,4,183.85,1.26,기한청산
SPY,12,위,-3.5,가능,2014-12-19,206.52,2014-12-26,2014-12-26,4,208.44,0.93,기한청산
SPY,12,위,-3.5,가능,2015-12-18,200.02,2015-12-25,2015-12-24,4,205.68,2.83,기한청산
SPY,12,위,-3.5,가능,2016-12-16,225.04,2016-12-23,2016-12-23,5,225.71,0.3,기한청산
SPY,12,위,-3.5,가능,2017-12-15,266.51,2017-12-22,2017-12-22,5,267.51,0.38,기한청산
SPY,12,위,-3.5,가능,2018-12-21,240.7,2018-12-28,2018-12-28,4,247.75,2.93,기한청산
SPY,12,위,-3.5,가능,2019-12-20,320.73,2019-12-27,2019-12-27,4,322.86,0.66,기한청산
SPY,12,위,-3.5,가능,2020-12-18,369.18,2020-12-25,2020-12-24,4,369.0,-0.05,기한청산
SPY,12,위,-3.5,가능,2021-12-17,459.87,2021-12-24,2021-12-23,4,470.6,2.33,기한청산
SPY,12,위,-3.5,가능,2022-12-16,383.27,2022-12-23,2022-12-23,5,382.91,-0.09,기한청산
SPY,12,위,-3.5,가능,2023-12-15,469.33,2023-12-22,2023-12-22,5,473.65,0.92,기한청산
SPY,12,위,-3.5,가능,2024-12-20,591.15,2024-12-27,2024-12-27,4,595.01,0.65,기한청산
SPY,12,위,-3.5,가능,2025-12-19,680.59,2025-12-26,2025-12-26,4,690.31,1.43,기한청산
SPY,12,위,-4.0,가능,1993-12-17,46.5625,1993-12-24,1993-12-23,4,46.75,0.4,기한청산
SPY,12,위,-4.0,가능,1994-12-16,45.75,1994-12-23,1994-12-23,5,46.0625,0.68,기한청산
SPY,12,위,-4.0,가능,1995-12-15,61.8125,1995-12-22,1995-12-22,5,61.2031,-0.99,기한청산
SPY,12,위,-4.0,가능,1996-12-20,74.8438,1996-12-27,1996-12-27,4,75.875,1.38,기한청산
SPY,12,위,-4.0,가능,1997-12-19,94.7812,1997-12-26,1997-12-26,4,93.7812,-1.06,기한청산
SPY,12,위,-4.0,가능,1998-12-18,118.5,1998-12-25,1998-12-24,4,122.6875,3.53,기한청산
SPY,12,위,-4.0,가능,1999-12-17,142.6875,1999-12-24,1999-12-23,4,146.4844,2.66,기한청산
SPY,12,위,-4.0,가능,2000-12-15,130.9688,2000-12-22,2000-12-21,4,125.73,-4.0,장중손절
SPY,12,위,-4.0,가능,2001-12-21,114.95,2001-12-28,2001-12-28,4,116.0,0.91,기한청산
SPY,12,위,-4.0,가능,2002-12-20,89.99,2002-12-27,2002-12-27,4,87.38,-2.9,기한청산
SPY,12,위,-4.0,가능,2003-12-19,108.9,2003-12-26,2003-12-26,4,109.7,0.73,기한청산
SPY,12,위,-4.0,가능,2004-12-17,119.44,2004-12-24,2004-12-23,4,120.77,1.11,기한청산
SPY,12,위,-4.0,가능,2005-12-16,126.36,2005-12-23,2005-12-23,5,126.76,0.32,기한청산
SPY,12,위,-4.0,가능,2006-12-15,142.34,2006-12-22,2006-12-22,5,140.75,-1.12,기한청산
SPY,12,위,-4.0,가능,2007-12-21,148.13,2007-12-28,2007-12-28,4,147.3,-0.56,기한청산
SPY,12,위,-4.0,가능,2008-12-19,88.19,2008-12-26,2008-12-26,4,87.16,-1.17,기한청산
SPY,12,위,-4.0,가능,2009-12-18,110.21,2009-12-25,2009-12-24,4,112.48,2.06,기한청산
SPY,12,위,-4.0,가능,2010-12-17,124.3,2010-12-24,2010-12-23,4,125.6,1.05,기한청산
SPY,12,위,-4.0,가능,2011-12-16,121.59,2011-12-23,2011-12-23,5,126.39,3.95,기한청산
SPY,12,위,-4.0,가능,2012-12-21,142.79,2012-12-28,2012-12-28,4,140.03,-1.93,기한청산
SPY,12,위,-4.0,가능,2013-12-20,181.56,2013-12-27,2013-12-27,4,183.85,1.26,기한청산
SPY,12,위,-4.0,가능,2014-12-19,206.52,2014-12-26,2014-12-26,4,208.44,0.93,기한청산
SPY,12,위,-4.0,가능,2015-12-18,200.02,2015-12-25,2015-12-24,4,205.68,2.83,기한청산
SPY,12,위,-4.0,가능,2016-12-16,225.04,2016-12-23,2016-12-23,5,225.71,0.3,기한청산
SPY,12,위,-4.0,가능,2017-12-15,266.51,2017-12-22,2017-12-22,5,267.51,0.38,기한청산
SPY,12,위,-4.0,가능,2018-12-21,240.7,2018-12-28,2018-12-28,4,247.75,2.93,기한청산
SPY,12,위,-4.0,가능,2019-12-20,320.73,2019-12-27,2019-12-27,4,322.86,0.66,기한청산
SPY,12,위,-4.0,가능,2020-12-18,369.18,2020-12-25,2020-12-24,4,369.0,-0.05,기한청산
SPY,12,위,-4.0,가능,2021-12-17,459.87,2021-12-24,2021-12-23,4,470.6,2.33,기한청산
SPY,12,위,-4.0,가능,2022-12-16,383.27,2022-12-23,2022-12-23,5,382.91,-0.09,기한청산
SPY,12,위,-4.0,가능,2023-12-15,469.33,2023-12-22,2023-12-22,5,473.65,0.92,기한청산
SPY,12,위,-4.0,가능,2024-12-20,591.15,2024-12-27,2024-12-27,4,595.01,0.65,기한청산
SPY,12,위,-4.0,가능,2025-12-19,680.59,2025-12-26,2025-12-26,4,690.31,1.43,기한청산
SPY,12,위,-4.5,가능,1993-12-17,46.5625,1993-12-24,1993-12-23,4,46.75,0.4,기한청산
SPY,12,위,-4.5,가능,1994-12-16,45.75,1994-12-23,1994-12-23,5,46.0625,0.68,기한청산
SPY,12,위,-4.5,가능,1995-12-15,61.8125,1995-12-22,1995-12-22,5,61.2031,-0.99,기한청산
SPY,12,위,-4.5,가능,1996-12-20,74.8438,1996-12-27,1996-12-27,4,75.875,1.38,기한청산
SPY,12,위,-4.5,가능,1997-12-19,94.7812,1997-12-26,1997-12-26,4,93.7812,-1.06,기한청산
SPY,12,위,-4.5,가능,1998-12-18,118.5,1998-12-25,1998-12-24,4,122.6875,3.53,기한청산
SPY,12,위,-4.5,가능,1999-12-17,142.6875,1999-12-24,1999-12-23,4,146.4844,2.66,기한청산
SPY,12,위,-4.5,가능,2000-12-15,130.9688,2000-12-22,2000-12-22,5,130.9375,-0.02,기한청산
SPY,12,위,-4.5,가능,2001-12-21,114.95,2001-12-28,2001-12-28,4,116.0,0.91,기한청산
SPY,12,위,-4.5,가능,2002-12-20,89.99,2002-12-27,2002-12-27,4,87.38,-2.9,기한청산
SPY,12,위,-4.5,가능,2003-12-19,108.9,2003-12-26,2003-12-26,4,109.7,0.73,기한청산
SPY,12,위,-4.5,가능,2004-12-17,119.44,2004-12-24,2004-12-23,4,120.77,1.11,기한청산
SPY,12,위,-4.5,가능,2005-12-16,126.36,2005-12-23,2005-12-23,5,126.76,0.32,기한청산
SPY,12,위,-4.5,가능,2006-12-15,142.34,2006-12-22,2006-12-22,5,140.75,-1.12,기한청산
SPY,12,위,-4.5,가능,2007-12-21,148.13,2007-12-28,2007-12-28,4,147.3,-0.56,기한청산
SPY,12,위,-4.5,가능,2008-12-19,88.19,2008-12-26,2008-12-26,4,87.16,-1.17,기한청산
SPY,12,위,-4.5,가능,2009-12-18,110.21,2009-12-25,2009-12-24,4,112.48,2.06,기한청산
SPY,12,위,-4.5,가능,2010-12-17,124.3,2010-12-24,2010-12-23,4,125.6,1.05,기한청산
SPY,12,위,-4.5,가능,2011-12-16,121.59,2011-12-23,2011-12-23,5,126.39,3.95,기한청산
SPY,12,위,-4.5,가능,2012-12-21,142.79,2012-12-28,2012-12-28,4,140.03,-1.93,기한청산
SPY,12,위,-4.5,가능,2013-12-20,181.56,2013-12-27,2013-12-27,4,183.85,1.26,기한청산
SPY,12,위,-4.5,가능,2014-12-19,206.52,2014-12-26,2014-12-26,4,208.44,0.93,기한청산
SPY,12,위,-4.5,가능,2015-12-18,200.02,2015-12-25,2015-12-24,4,205.68,2.83,기한청산
SPY,12,위,-4.5,가능,2016-12-16,225.04,2016-12-23,2016-12-23,5,225.71,0.3,기한청산
SPY,12,위,-4.5,가능,2017-12-15,266.51,2017-12-22,2017-12-22,5,267.51,0.38,기한청산
SPY,12,위,-4.5,가능,2018-12-21,240.7,2018-12-28,2018-12-28,4,247.75,2.93,기한청산
SPY,12,위,-4.5,가능,2019-12-20,320.73,2019-12-27,2019-12-27,4,322.86,0.66,기한청산
SPY,12,위,-4.5,가능,2020-12-18,369.18,2020-12-25,2020-12-24,4,369.0,-0.05,기한청산
SPY,12,위,-4.5,가능,2021-12-17,459.87,2021-12-24,2021-12-23,4,470.6,2.33,기한청산
SPY,12,위,-4.5,가능,2022-12-16,383.27,2022-12-23,2022-12-23,5,382.91,-0.09,기한청산
SPY,12,위,-4.5,가능,2023-12-15,469.33,2023-12-22,2023-12-22,5,473.65,0.92,기한청산
SPY,12,위,-4.5,가능,2024-12-20,591.15,2024-12-27,2024-12-27,4,595.01,0.65,기한청산
SPY,12,위,-4.5,가능,2025-12-19,680.59,2025-12-26,2025-12-26,4,690.31,1.43,기한청산
SPY,12,위,-5.0,가능,1993-12-17,46.5625,1993-12-24,1993-12-23,4,46.75,0.4,기한청산
SPY,12,위,-5.0,가능,1994-12-16,45.75,1994-12-23,1994-12-23,5,46.0625,0.68,기한청산
SPY,12,위,-5.0,가능,1995-12-15,61.8125,1995-12-22,1995-12-22,5,61.2031,-0.99,기한청산
SPY,12,위,-5.0,가능,1996-12-20,74.8438,1996-12-27,1996-12-27,4,75.875,1.38,기한청산
SPY,12,위,-5.0,가능,1997-12-19,94.7812,1997-12-26,1997-12-26,4,93.7812,-1.06,기한청산
SPY,12,위,-5.0,가능,1998-12-18,118.5,1998-12-25,1998-12-24,4,122.6875,3.53,기한청산
SPY,12,위,-5.0,가능,1999-12-17,142.6875,1999-12-24,1999-12-23,4,146.4844,2.66,기한청산
SPY,12,위,-5.0,가능,2000-12-15,130.9688,2000-12-22,2000-12-22,5,130.9375,-0.02,기한청산
SPY,12,위,-5.0,가능,2001-12-21,114.95,2001-12-28,2001-12-28,4,116.0,0.91,기한청산
SPY,12,위,-5.0,가능,2002-12-20,89.99,2002-12-27,2002-12-27,4,87.38,-2.9,기한청산
SPY,12,위,-5.0,가능,2003-12-19,108.9,2003-12-26,2003-12-26,4,109.7,0.73,기한청산
SPY,12,위,-5.0,가능,2004-12-17,119.44,2004-12-24,2004-12-23,4,120.77,1.11,기한청산
SPY,12,위,-5.0,가능,2005-12-16,126.36,2005-12-23,2005-12-23,5,126.76,0.32,기한청산
SPY,12,위,-5.0,가능,2006-12-15,142.34,2006-12-22,2006-12-22,5,140.75,-1.12,기한청산
SPY,12,위,-5.0,가능,2007-12-21,148.13,2007-12-28,2007-12-28,4,147.3,-0.56,기한청산
SPY,12,위,-5.0,가능,2008-12-19,88.19,2008-12-26,2008-12-26,4,87.16,-1.17,기한청산
SPY,12,위,-5.0,가능,2009-12-18,110.21,2009-12-25,2009-12-24,4,112.48,2.06,기한청산
SPY,12,위,-5.0,가능,2010-12-17,124.3,2010-12-24,2010-12-23,4,125.6,1.05,기한청산
SPY,12,위,-5.0,가능,2011-12-16,121.59,2011-12-23,2011-12-23,5,126.39,3.95,기한청산
SPY,12,위,-5.0,가능,2012-12-21,142.79,2012-12-28,2012-12-28,4,140.03,-1.93,기한청산
SPY,12,위,-5.0,가능,2013-12-20,181.56,2013-12-27,2013-12-27,4,183.85,1.26,기한청산
SPY,12,위,-5.0,가능,2014-12-19,206.52,2014-12-26,2014-12-26,4,208.44,0.93,기한청산
SPY,12,위,-5.0,가능,2015-12-18,200.02,2015-12-25,2015-12-24,4,205.68,2.83,기한청산
SPY,12,위,-5.0,가능,2016-12-16,225.04,2016-12-23,2016-12-23,5,225.71,0.3,기한청산
SPY,12,위,-5.0,가능,2017-12-15,266.51,2017-12-22,2017-12-22,5,267.51,0.38,기한청산
SPY,12,위,-5.0,가능,2018-12-21,240.7,2018-12-28,2018-12-28,4,247.75,2.93,기한청산
SPY,12,위,-5.0,가능,2019-12-20,320.73,2019-12-27,2019-12-27,4,322.86,0.66,기한청산
SPY,12,위,-5.0,가능,2020-12-18,369.18,2020-12-25,2020-12-24,4,369.0,-0.05,기한청산
SPY,12,위,-5.0,가능,2021-12-17,459.87,2021-12-24,2021-12-23,4,470.6,2.33,기한청산
SPY,12,위,-5.0,가능,2022-12-16,383.27,2022-12-23,2022-12-23,5,382.91,-0.09,기한청산
SPY,12,위,-5.0,가능,2023-12-15,469.33,2023-12-22,2023-12-22,5,473.65,0.92,기한청산
SPY,12,위,-5.0,가능,2024-12-20,591.15,2024-12-27,2024-12-27,4,595.01,0.65,기한청산
SPY,12,위,-5.0,가능,2025-12-19,680.59,2025-12-26,2025-12-26,4,690.31,1.43,기한청산
SPY,12,위,-5.5,가능,1993-12-17,46.5625,1993-12-24,1993-12-23,4,46.75,0.4,기한청산
SPY,12,위,-5.5,가능,1994-12-16,45.75,1994-12-23,1994-12-23,5,46.0625,0.68,기한청산
SPY,12,위,-5.5,가능,1995-12-15,61.8125,1995-12-22,1995-12-22,5,61.2031,-0.99,기한청산
SPY,12,위,-5.5,가능,1996-12-20,74.8438,1996-12-27,1996-12-27,4,75.875,1.38,기한청산
SPY,12,위,-5.5,가능,1997-12-19,94.7812,1997-12-26,1997-12-26,4,93.7812,-1.06,기한청산
SPY,12,위,-5.5,가능,1998-12-18,118.5,1998-12-25,1998-12-24,4,122.6875,3.53,기한청산
SPY,12,위,-5.5,가능,1999-12-17,142.6875,1999-12-24,1999-12-23,4,146.4844,2.66,기한청산
SPY,12,위,-5.5,가능,2000-12-15,130.9688,2000-12-22,2000-12-22,5,130.9375,-0.02,기한청산
SPY,12,위,-5.5,가능,2001-12-21,114.95,2001-12-28,2001-12-28,4,116.0,0.91,기한청산
SPY,12,위,-5.5,가능,2002-12-20,89.99,2002-12-27,2002-12-27,4,87.38,-2.9,기한청산
SPY,12,위,-5.5,가능,2003-12-19,108.9,2003-12-26,2003-12-26,4,109.7,0.73,기한청산
SPY,12,위,-5.5,가능,2004-12-17,119.44,2004-12-24,2004-12-23,4,120.77,1.11,기한청산
SPY,12,위,-5.5,가능,2005-12-16,126.36,2005-12-23,2005-12-23,5,126.76,0.32,기한청산
SPY,12,위,-5.5,가능,2006-12-15,142.34,2006-12-22,2006-12-22,5,140.75,-1.12,기한청산
SPY,12,위,-5.5,가능,2007-12-21,148.13,2007-12-28,2007-12-28,4,147.3,-0.56,기한청산
SPY,12,위,-5.5,가능,2008-12-19,88.19,2008-12-26,2008-12-26,4,87.16,-1.17,기한청산
SPY,12,위,-5.5,가능,2009-12-18,110.21,2009-12-25,2009-12-24,4,112.48,2.06,기한청산
SPY,12,위,-5.5,가능,2010-12-17,124.3,2010-12-24,2010-12-23,4,125.6,1.05,기한청산
SPY,12,위,-5.5,가능,2011-12-16,121.59,2011-12-23,2011-12-23,5,126.39,3.95,기한청산
SPY,12,위,-5.5,가능,2012-12-21,142.79,2012-12-28,2012-12-28,4,140.03,-1.93,기한청산
SPY,12,위,-5.5,가능,2013-12-20,181.56,2013-12-27,2013-12-27,4,183.85,1.26,기한청산
SPY,12,위,-5.5,가능,2014-12-19,206.52,2014-12-26,2014-12-26,4,208.44,0.93,기한청산
SPY,12,위,-5.5,가능,2015-12-18,200.02,2015-12-25,2015-12-24,4,205.68,2.83,기한청산
SPY,12,위,-5.5,가능,2016-12-16,225.04,2016-12-23,2016-12-23,5,225.71,0.3,기한청산
SPY,12,위,-5.5,가능,2017-12-15,266.51,2017-12-22,2017-12-22,5,267.51,0.38,기한청산
SPY,12,위,-5.5,가능,2018-12-21,240.7,2018-12-28,2018-12-28,4,247.75,2.93,기한청산
SPY,12,위,-5.5,가능,2019-12-20,320.73,2019-12-27,2019-12-27,4,322.86,0.66,기한청산
SPY,12,위,-5.5,가능,2020-12-18,369.18,2020-12-25,2020-12-24,4,369.0,-0.05,기한청산
SPY,12,위,-5.5,가능,2021-12-17,459.87,2021-12-24,2021-12-23,4,470.6,2.33,기한청산
SPY,12,위,-5.5,가능,2022-12-16,383.27,2022-12-23,2022-12-23,5,382.91,-0.09,기한청산
SPY,12,위,-5.5,가능,2023-12-15,469.33,2023-12-22,2023-12-22,5,473.65,0.92,기한청산
SPY,12,위,-5.5,가능,2024-12-20,591.15,2024-12-27,2024-12-27,4,595.01,0.65,기한청산
SPY,12,위,-5.5,가능,2025-12-19,680.59,2025-12-26,2025-12-26,4,690.31,1.43,기한청산
SPY,12,위,-6.0,가능,1993-12-17,46.5625,1993-12-24,1993-12-23,4,46.75,0.4,기한청산
SPY,12,위,-6.0,가능,1994-12-16,45.75,1994-12-23,1994-12-23,5,46.0625,0.68,기한청산
SPY,12,위,-6.0,가능,1995-12-15,61.8125,1995-12-22,1995-12-22,5,61.2031,-0.99,기한청산
SPY,12,위,-6.0,가능,1996-12-20,74.8438,1996-12-27,1996-12-27,4,75.875,1.38,기한청산
SPY,12,위,-6.0,가능,1997-12-19,94.7812,1997-12-26,1997-12-26,4,93.7812,-1.06,기한청산
SPY,12,위,-6.0,가능,1998-12-18,118.5,1998-12-25,1998-12-24,4,122.6875,3.53,기한청산
SPY,12,위,-6.0,가능,1999-12-17,142.6875,1999-12-24,1999-12-23,4,146.4844,2.66,기한청산
SPY,12,위,-6.0,가능,2000-12-15,130.9688,2000-12-22,2000-12-22,5,130.9375,-0.02,기한청산
SPY,12,위,-6.0,가능,2001-12-21,114.95,2001-12-28,2001-12-28,4,116.0,0.91,기한청산
SPY,12,위,-6.0,가능,2002-12-20,89.99,2002-12-27,2002-12-27,4,87.38,-2.9,기한청산
SPY,12,위,-6.0,가능,2003-12-19,108.9,2003-12-26,2003-12-26,4,109.7,0.73,기한청산
SPY,12,위,-6.0,가능,2004-12-17,119.44,2004-12-24,2004-12-23,4,120.77,1.11,기한청산
SPY,12,위,-6.0,가능,2005-12-16,126.36,2005-12-23,2005-12-23,5,126.76,0.32,기한청산
SPY,12,위,-6.0,가능,2006-12-15,142.34,2006-12-22,2006-12-22,5,140.75,-1.12,기한청산
SPY,12,위,-6.0,가능,2007-12-21,148.13,2007-12-28,2007-12-28,4,147.3,-0.56,기한청산
SPY,12,위,-6.0,가능,2008-12-19,88.19,2008-12-26,2008-12-26,4,87.16,-1.17,기한청산
SPY,12,위,-6.0,가능,2009-12-18,110.21,2009-12-25,2009-12-24,4,112.48,2.06,기한청산
SPY,12,위,-6.0,가능,2010-12-17,124.3,2010-12-24,2010-12-23,4,125.6,1.05,기한청산
SPY,12,위,-6.0,가능,2011-12-16,121.59,2011-12-23,2011-12-23,5,126.39,3.95,기한청산
SPY,12,위,-6.0,가능,2012-12-21,142.79,2012-12-28,2012-12-28,4,140.03,-1.93,기한청산
SPY,12,위,-6.0,가능,2013-12-20,181.56,2013-12-27,2013-12-27,4,183.85,1.26,기한청산
SPY,12,위,-6.0,가능,2014-12-19,206.52,2014-12-26,2014-12-26,4,208.44,0.93,기한청산
SPY,12,위,-6.0,가능,2015-12-18,200.02,2015-12-25,2015-12-24,4,205.68,2.83,기한청산
SPY,12,위,-6.0,가능,2016-12-16,225.04,2016-12-23,2016-12-23,5,225.71,0.3,기한청산
SPY,12,위,-6.0,가능,2017-12-15,266.51,2017-12-22,2017-12-22,5,267.51,0.38,기한청산
SPY,12,위,-6.0,가능,2018-12-21,240.7,2018-12-28,2018-12-28,4,247.75,2.93,기한청산
SPY,12,위,-6.0,가능,2019-12-20,320.73,2019-12-27,2019-12-27,4,322.86,0.66,기한청산
SPY,12,위,-6.0,가능,2020-12-18,369.18,2020-12-25,2020-12-24,4,369.0,-0.05,기한청산
SPY,12,위,-6.0,가능,2021-12-17,459.87,2021-12-24,2021-12-23,4,470.6,2.33,기한청산
SPY,12,위,-6.0,가능,2022-12-16,383.27,2022-12-23,2022-12-23,5,382.91,-0.09,기한청산
SPY,12,위,-6.0,가능,2023-12-15,469.33,2023-12-22,2023-12-22,5,473.65,0.92,기한청산
SPY,12,위,-6.0,가능,2024-12-20,591.15,2024-12-27,2024-12-27,4,595.01,0.65,기한청산
SPY,12,위,-6.0,가능,2025-12-19,680.59,2025-12-26,2025-12-26,4,690.31,1.43,기한청산
SPY,12,위,-6.5,가능,1993-12-17,46.5625,1993-12-24,1993-12-23,4,46.75,0.4,기한청산
SPY,12,위,-6.5,가능,1994-12-16,45.75,1994-12-23,1994-12-23,5,46.0625,0.68,기한청산
SPY,12,위,-6.5,가능,1995-12-15,61.8125,1995-12-22,1995-12-22,5,61.2031,-0.99,기한청산
SPY,12,위,-6.5,가능,1996-12-20,74.8438,1996-12-27,1996-12-27,4,75.875,1.38,기한청산
SPY,12,위,-6.5,가능,1997-12-19,94.7812,1997-12-26,1997-12-26,4,93.7812,-1.06,기한청산
SPY,12,위,-6.5,가능,1998-12-18,118.5,1998-12-25,1998-12-24,4,122.6875,3.53,기한청산
SPY,12,위,-6.5,가능,1999-12-17,142.6875,1999-12-24,1999-12-23,4,146.4844,2.66,기한청산
SPY,12,위,-6.5,가능,2000-12-15,130.9688,2000-12-22,2000-12-22,5,130.9375,-0.02,기한청산
SPY,12,위,-6.5,가능,2001-12-21,114.95,2001-12-28,2001-12-28,4,116.0,0.91,기한청산
SPY,12,위,-6.5,가능,2002-12-20,89.99,2002-12-27,2002-12-27,4,87.38,-2.9,기한청산
SPY,12,위,-6.5,가능,2003-12-19,108.9,2003-12-26,2003-12-26,4,109.7,0.73,기한청산
SPY,12,위,-6.5,가능,2004-12-17,119.44,2004-12-24,2004-12-23,4,120.77,1.11,기한청산
SPY,12,위,-6.5,가능,2005-12-16,126.36,2005-12-23,2005-12-23,5,126.76,0.32,기한청산
SPY,12,위,-6.5,가능,2006-12-15,142.34,2006-12-22,2006-12-22,5,140.75,-1.12,기한청산
SPY,12,위,-6.5,가능,2007-12-21,148.13,2007-12-28,2007-12-28,4,147.3,-0.56,기한청산
SPY,12,위,-6.5,가능,2008-12-19,88.19,2008-12-26,2008-12-26,4,87.16,-1.17,기한청산
SPY,12,위,-6.5,가능,2009-12-18,110.21,2009-12-25,2009-12-24,4,112.48,2.06,기한청산
SPY,12,위,-6.5,가능,2010-12-17,124.3,2010-12-24,2010-12-23,4,125.6,1.05,기한청산
SPY,12,위,-6.5,가능,2011-12-16,121.59,2011-12-23,2011-12-23,5,126.39,3.95,기한청산
SPY,12,위,-6.5,가능,2012-12-21,142.79,2012-12-28,2012-12-28,4,140.03,-1.93,기한청산
SPY,12,위,-6.5,가능,2013-12-20,181.56,2013-12-27,2013-12-27,4,183.85,1.26,기한청산
SPY,12,위,-6.5,가능,2014-12-19,206.52,2014-12-26,2014-12-26,4,208.44,0.93,기한청산
SPY,12,위,-6.5,가능,2015-12-18,200.02,2015-12-25,2015-12-24,4,205.68,2.83,기한청산
SPY,12,위,-6.5,가능,2016-12-16,225.04,2016-12-23,2016-12-23,5,225.71,0.3,기한청산
SPY,12,위,-6.5,가능,2017-12-15,266.51,2017-12-22,2017-12-22,5,267.51,0.38,기한청산
SPY,12,위,-6.5,가능,2018-12-21,240.7,2018-12-28,2018-12-28,4,247.75,2.93,기한청산
SPY,12,위,-6.5,가능,2019-12-20,320.73,2019-12-27,2019-12-27,4,322.86,0.66,기한청산
SPY,12,위,-6.5,가능,2020-12-18,369.18,2020-12-25,2020-12-24,4,369.0,-0.05,기한청산
SPY,12,위,-6.5,가능,2021-12-17,459.87,2021-12-24,2021-12-23,4,470.6,2.33,기한청산
SPY,12,위,-6.5,가능,2022-12-16,383.27,2022-12-23,2022-12-23,5,382.91,-0.09,기한청산
SPY,12,위,-6.5,가능,2023-12-15,469.33,2023-12-22,2023-12-22,5,473.65,0.92,기한청산
SPY,12,위,-6.5,가능,2024-12-20,591.15,2024-12-27,2024-12-27,4,595.01,0.65,기한청산
SPY,12,위,-6.5,가능,2025-12-19,680.59,2025-12-26,2025-12-26,4,690.31,1.43,기한청산
SPY,12,위,-7.0,가능,1993-12-17,46.5625,1993-12-24,1993-12-23,4,46.75,0.4,기한청산
SPY,12,위,-7.0,가능,1994-12-16,45.75,1994-12-23,1994-12-23,5,46.0625,0.68,기한청산
SPY,12,위,-7.0,가능,1995-12-15,61.8125,1995-12-22,1995-12-22,5,61.2031,-0.99,기한청산
SPY,12,위,-7.0,가능,1996-12-20,74.8438,1996-12-27,1996-12-27,4,75.875,1.38,기한청산
SPY,12,위,-7.0,가능,1997-12-19,94.7812,1997-12-26,1997-12-26,4,93.7812,-1.06,기한청산
SPY,12,위,-7.0,가능,1998-12-18,118.5,1998-12-25,1998-12-24,4,122.6875,3.53,기한청산
SPY,12,위,-7.0,가능,1999-12-17,142.6875,1999-12-24,1999-12-23,4,146.4844,2.66,기한청산
SPY,12,위,-7.0,가능,2000-12-15,130.9688,2000-12-22,2000-12-22,5,130.9375,-0.02,기한청산
SPY,12,위,-7.0,가능,2001-12-21,114.95,2001-12-28,2001-12-28,4,116.0,0.91,기한청산
SPY,12,위,-7.0,가능,2002-12-20,89.99,2002-12-27,2002-12-27,4,87.38,-2.9,기한청산
SPY,12,위,-7.0,가능,2003-12-19,108.9,2003-12-26,2003-12-26,4,109.7,0.73,기한청산
SPY,12,위,-7.0,가능,2004-12-17,119.44,2004-12-24,2004-12-23,4,120.77,1.11,기한청산
SPY,12,위,-7.0,가능,2005-12-16,126.36,2005-12-23,2005-12-23,5,126.76,0.32,기한청산
SPY,12,위,-7.0,가능,2006-12-15,142.34,2006-12-22,2006-12-22,5,140.75,-1.12,기한청산
SPY,12,위,-7.0,가능,2007-12-21,148.13,2007-12-28,2007-12-28,4,147.3,-0.56,기한청산
SPY,12,위,-7.0,가능,2008-12-19,88.19,2008-12-26,2008-12-26,4,87.16,-1.17,기한청산
SPY,12,위,-7.0,가능,2009-12-18,110.21,2009-12-25,2009-12-24,4,112.48,2.06,기한청산
SPY,12,위,-7.0,가능,2010-12-17,124.3,2010-12-24,2010-12-23,4,125.6,1.05,기한청산
SPY,12,위,-7.0,가능,2011-12-16,121.59,2011-12-23,2011-12-23,5,126.39,3.95,기한청산
SPY,12,위,-7.0,가능,2012-12-21,142.79,2012-12-28,2012-12-28,4,140.03,-1.93,기한청산
SPY,12,위,-7.0,가능,2013-12-20,181.56,2013-12-27,2013-12-27,4,183.85,1.26,기한청산
SPY,12,위,-7.0,가능,2014-12-19,206.52,2014-12-26,2014-12-26,4,208.44,0.93,기한청산
SPY,12,위,-7.0,가능,2015-12-18,200.02,2015-12-25,2015-12-24,4,205.68,2.83,기한청산
SPY,12,위,-7.0,가능,2016-12-16,225.04,2016-12-23,2016-12-23,5,225.71,0.3,기한청산
SPY,12,위,-7.0,가능,2017-12-15,266.51,2017-12-22,2017-12-22,5,267.51,0.38,기한청산
SPY,12,위,-7.0,가능,2018-12-21,240.7,2018-12-28,2018-12-28,4,247.75,2.93,기한청산
SPY,12,위,-7.0,가능,2019-12-20,320.73,2019-12-27,2019-12-27,4,322.86,0.66,기한청산
SPY,12,위,-7.0,가능,2020-12-18,369.18,2020-12-25,2020-12-24,4,369.0,-0.05,기한청산
SPY,12,위,-7.0,가능,2021-12-17,459.87,2021-12-24,2021-12-23,4,470.6,2.33,기한청산
SPY,12,위,-7.0,가능,2022-12-16,383.27,2022-12-23,2022-12-23,5,382.91,-0.09,기한청산
SPY,12,위,-7.0,가능,2023-12-15,469.33,2023-12-22,2023-12-22,5,473.65,0.92,기한청산
SPY,12,위,-7.0,가능,2024-12-20,591.15,2024-12-27,2024-12-27,4,595.01,0.65,기한청산
SPY,12,위,-7.0,가능,2025-12-19,680.59,2025-12-26,2025-12-26,4,690.31,1.43,기한청산
SPY,12,위,-7.5,가능,1993-12-17,46.5625,1993-12-24,1993-12-23,4,46.75,0.4,기한청산
SPY,12,위,-7.5,가능,1994-12-16,45.75,1994-12-23,1994-12-23,5,46.0625,0.68,기한청산
SPY,12,위,-7.5,가능,1995-12-15,61.8125,1995-12-22,1995-12-22,5,61.2031,-0.99,기한청산
SPY,12,위,-7.5,가능,1996-12-20,74.8438,1996-12-27,1996-12-27,4,75.875,1.38,기한청산
SPY,12,위,-7.5,가능,1997-12-19,94.7812,1997-12-26,1997-12-26,4,93.7812,-1.06,기한청산
SPY,12,위,-7.5,가능,1998-12-18,118.5,1998-12-25,1998-12-24,4,122.6875,3.53,기한청산
SPY,12,위,-7.5,가능,1999-12-17,142.6875,1999-12-24,1999-12-23,4,146.4844,2.66,기한청산
SPY,12,위,-7.5,가능,2000-12-15,130.9688,2000-12-22,2000-12-22,5,130.9375,-0.02,기한청산
SPY,12,위,-7.5,가능,2001-12-21,114.95,2001-12-28,2001-12-28,4,116.0,0.91,기한청산
SPY,12,위,-7.5,가능,2002-12-20,89.99,2002-12-27,2002-12-27,4,87.38,-2.9,기한청산
SPY,12,위,-7.5,가능,2003-12-19,108.9,2003-12-26,2003-12-26,4,109.7,0.73,기한청산
SPY,12,위,-7.5,가능,2004-12-17,119.44,2004-12-24,2004-12-23,4,120.77,1.11,기한청산
SPY,12,위,-7.5,가능,2005-12-16,126.36,2005-12-23,2005-12-23,5,126.76,0.32,기한청산
SPY,12,위,-7.5,가능,2006-12-15,142.34,2006-12-22,2006-12-22,5,140.75,-1.12,기한청산
SPY,12,위,-7.5,가능,2007-12-21,148.13,2007-12-28,2007-12-28,4,147.3,-0.56,기한청산
SPY,12,위,-7.5,가능,2008-12-19,88.19,2008-12-26,2008-12-26,4,87.16,-1.17,기한청산
SPY,12,위,-7.5,가능,2009-12-18,110.21,2009-12-25,2009-12-24,4,112.48,2.06,기한청산
SPY,12,위,-7.5,가능,2010-12-17,124.3,2010-12-24,2010-12-23,4,125.6,1.05,기한청산
SPY,12,위,-7.5,가능,2011-12-16,121.59,2011-12-23,2011-12-23,5,126.39,3.95,기한청산
SPY,12,위,-7.5,가능,2012-12-21,142.79,2012-12-28,2012-12-28,4,140.03,-1.93,기한청산
SPY,12,위,-7.5,가능,2013-12-20,181.56,2013-12-27,2013-12-27,4,183.85,1.26,기한청산
SPY,12,위,-7.5,가능,2014-12-19,206.52,2014-12-26,2014-12-26,4,208.44,0.93,기한청산
SPY,12,위,-7.5,가능,2015-12-18,200.02,2015-12-25,2015-12-24,4,205.68,2.83,기한청산
SPY,12,위,-7.5,가능,2016-12-16,225.04,2016-12-23,2016-12-23,5,225.71,0.3,기한청산
SPY,12,위,-7.5,가능,2017-12-15,266.51,2017-12-22,2017-12-22,5,267.51,0.38,기한청산
SPY,12,위,-7.5,가능,2018-12-21,240.7,2018-12-28,2018-12-28,4,247.75,2.93,기한청산
SPY,12,위,-7.5,가능,2019-12-20,320.73,2019-12-27,2019-12-27,4,322.86,0.66,기한청산
SPY,12,위,-7.5,가능,2020-12-18,369.18,2020-12-25,2020-12-24,4,369.0,-0.05,기한청산
SPY,12,위,-7.5,가능,2021-12-17,459.87,2021-12-24,2021-12-23,4,470.6,2.33,기한청산
SPY,12,위,-7.5,가능,2022-12-16,383.27,2022-12-23,2022-12-23,5,382.91,-0.09,기한청산
SPY,12,위,-7.5,가능,2023-12-15,469.33,2023-12-22,2023-12-22,5,473.65,0.92,기한청산
SPY,12,위,-7.5,가능,2024-12-20,591.15,2024-12-27,2024-12-27,4,595.01,0.65,기한청산
SPY,12,위,-7.5,가능,2025-12-19,680.59,2025-12-26,2025-12-26,4,690.31,1.43,기한청산
SPY,12,위,-8.0,가능,1993-12-17,46.5625,1993-12-24,1993-12-23,4,46.75,0.4,기한청산
SPY,12,위,-8.0,가능,1994-12-16,45.75,1994-12-23,1994-12-23,5,46.0625,0.68,기한청산
SPY,12,위,-8.0,가능,1995-12-15,61.8125,1995-12-22,1995-12-22,5,61.2031,-0.99,기한청산
SPY,12,위,-8.0,가능,1996-12-20,74.8438,1996-12-27,1996-12-27,4,75.875,1.38,기한청산
SPY,12,위,-8.0,가능,1997-12-19,94.7812,1997-12-26,1997-12-26,4,93.7812,-1.06,기한청산
SPY,12,위,-8.0,가능,1998-12-18,118.5,1998-12-25,1998-12-24,4,122.6875,3.53,기한청산
SPY,12,위,-8.0,가능,1999-12-17,142.6875,1999-12-24,1999-12-23,4,146.4844,2.66,기한청산
SPY,12,위,-8.0,가능,2000-12-15,130.9688,2000-12-22,2000-12-22,5,130.9375,-0.02,기한청산
SPY,12,위,-8.0,가능,2001-12-21,114.95,2001-12-28,2001-12-28,4,116.0,0.91,기한청산
SPY,12,위,-8.0,가능,2002-12-20,89.99,2002-12-27,2002-12-27,4,87.38,-2.9,기한청산
SPY,12,위,-8.0,가능,2003-12-19,108.9,2003-12-26,2003-12-26,4,109.7,0.73,기한청산
SPY,12,위,-8.0,가능,2004-12-17,119.44,2004-12-24,2004-12-23,4,120.77,1.11,기한청산
SPY,12,위,-8.0,가능,2005-12-16,126.36,2005-12-23,2005-12-23,5,126.76,0.32,기한청산
SPY,12,위,-8.0,가능,2006-12-15,142.34,2006-12-22,2006-12-22,5,140.75,-1.12,기한청산
SPY,12,위,-8.0,가능,2007-12-21,148.13,2007-12-28,2007-12-28,4,147.3,-0.56,기한청산
SPY,12,위,-8.0,가능,2008-12-19,88.19,2008-12-26,2008-12-26,4,87.16,-1.17,기한청산
SPY,12,위,-8.0,가능,2009-12-18,110.21,2009-12-25,2009-12-24,4,112.48,2.06,기한청산
SPY,12,위,-8.0,가능,2010-12-17,124.3,2010-12-24,2010-12-23,4,125.6,1.05,기한청산
SPY,12,위,-8.0,가능,2011-12-16,121.59,2011-12-23,2011-12-23,5,126.39,3.95,기한청산
SPY,12,위,-8.0,가능,2012-12-21,142.79,2012-12-28,2012-12-28,4,140.03,-1.93,기한청산
SPY,12,위,-8.0,가능,2013-12-20,181.56,2013-12-27,2013-12-27,4,183.85,1.26,기한청산
SPY,12,위,-8.0,가능,2014-12-19,206.52,2014-12-26,2014-12-26,4,208.44,0.93,기한청산
SPY,12,위,-8.0,가능,2015-12-18,200.02,2015-12-25,2015-12-24,4,205.68,2.83,기한청산
SPY,12,위,-8.0,가능,2016-12-16,225.04,2016-12-23,2016-12-23,5,225.71,0.3,기한청산
SPY,12,위,-8.0,가능,2017-12-15,266.51,2017-12-22,2017-12-22,5,267.51,0.38,기한청산
SPY,12,위,-8.0,가능,2018-12-21,240.7,2018-12-28,2018-12-28,4,247.75,2.93,기한청산
SPY,12,위,-8.0,가능,2019-12-20,320.73,2019-12-27,2019-12-27,4,322.86,0.66,기한청산
SPY,12,위,-8.0,가능,2020-12-18,369.18,2020-12-25,2020-12-24,4,369.0,-0.05,기한청산
SPY,12,위,-8.0,가능,2021-12-17,459.87,2021-12-24,2021-12-23,4,470.6,2.33,기한청산
SPY,12,위,-8.0,가능,2022-12-16,383.27,2022-12-23,2022-12-23,5,382.91,-0.09,기한청산
SPY,12,위,-8.0,가능,2023-12-15,469.33,2023-12-22,2023-12-22,5,473.65,0.92,기한청산
SPY,12,위,-8.0,가능,2024-12-20,591.15,2024-12-27,2024-12-27,4,595.01,0.65,기한청산
SPY,12,위,-8.0,가능,2025-12-19,680.59,2025-12-26,2025-12-26,4,690.31,1.43,기한청산
SPY,12,위,-8.5,가능,1993-12-17,46.5625,1993-12-24,1993-12-23,4,46.75,0.4,기한청산
SPY,12,위,-8.5,가능,1994-12-16,45.75,1994-12-23,1994-12-23,5,46.0625,0.68,기한청산
SPY,12,위,-8.5,가능,1995-12-15,61.8125,1995-12-22,1995-12-22,5,61.2031,-0.99,기한청산
SPY,12,위,-8.5,가능,1996-12-20,74.8438,1996-12-27,1996-12-27,4,75.875,1.38,기한청산
SPY,12,위,-8.5,가능,1997-12-19,94.7812,1997-12-26,1997-12-26,4,93.7812,-1.06,기한청산
SPY,12,위,-8.5,가능,1998-12-18,118.5,1998-12-25,1998-12-24,4,122.6875,3.53,기한청산
SPY,12,위,-8.5,가능,1999-12-17,142.6875,1999-12-24,1999-12-23,4,146.4844,2.66,기한청산
SPY,12,위,-8.5,가능,2000-12-15,130.9688,2000-12-22,2000-12-22,5,130.9375,-0.02,기한청산
SPY,12,위,-8.5,가능,2001-12-21,114.95,2001-12-28,2001-12-28,4,116.0,0.91,기한청산
SPY,12,위,-8.5,가능,2002-12-20,89.99,2002-12-27,2002-12-27,4,87.38,-2.9,기한청산
SPY,12,위,-8.5,가능,2003-12-19,108.9,2003-12-26,2003-12-26,4,109.7,0.73,기한청산
SPY,12,위,-8.5,가능,2004-12-17,119.44,2004-12-24,2004-12-23,4,120.77,1.11,기한청산
SPY,12,위,-8.5,가능,2005-12-16,126.36,2005-12-23,2005-12-23,5,126.76,0.32,기한청산
SPY,12,위,-8.5,가능,2006-12-15,142.34,2006-12-22,2006-12-22,5,140.75,-1.12,기한청산
SPY,12,위,-8.5,가능,2007-12-21,148.13,2007-12-28,2007-12-28,4,147.3,-0.56,기한청산
SPY,12,위,-8.5,가능,2008-12-19,88.19,2008-12-26,2008-12-26,4,87.16,-1.17,기한청산
SPY,12,위,-8.5,가능,2009-12-18,110.21,2009-12-25,2009-12-24,4,112.48,2.06,기한청산
SPY,12,위,-8.5,가능,2010-12-17,124.3,2010-12-24,2010-12-23,4,125.6,1.05,기한청산
SPY,12,위,-8.5,가능,2011-12-16,121.59,2011-12-23,2011-12-23,5,126.39,3.95,기한청산
SPY,12,위,-8.5,가능,2012-12-21,142.79,2012-12-28,2012-12-28,4,140.03,-1.93,기한청산
SPY,12,위,-8.5,가능,2013-12-20,181.56,2013-12-27,2013-12-27,4,183.85,1.26,기한청산
SPY,12,위,-8.5,가능,2014-12-19,206.52,2014-12-26,2014-12-26,4,208.44,0.93,기한청산
SPY,12,위,-8.5,가능,2015-12-18,200.02,2015-12-25,2015-12-24,4,205.68,2.83,기한청산
SPY,12,위,-8.5,가능,2016-12-16,225.04,2016-12-23,2016-12-23,5,225.71,0.3,기한청산
SPY,12,위,-8.5,가능,2017-12-15,266.51,2017-12-22,2017-12-22,5,267.51,0.38,기한청산
SPY,12,위,-8.5,가능,2018-12-21,240.7,2018-12-28,2018-12-28,4,247.75,2.93,기한청산
SPY,12,위,-8.5,가능,2019-12-20,320.73,2019-12-27,2019-12-27,4,322.86,0.66,기한청산
SPY,12,위,-8.5,가능,2020-12-18,369.18,2020-12-25,2020-12-24,4,369.0,-0.05,기한청산
SPY,12,위,-8.5,가능,2021-12-17,459.87,2021-12-24,2021-12-23,4,470.6,2.33,기한청산
SPY,12,위,-8.5,가능,2022-12-16,383.27,2022-12-23,2022-12-23,5,382.91,-0.09,기한청산
SPY,12,위,-8.5,가능,2023-12-15,469.33,2023-12-22,2023-12-22,5,473.65,0.92,기한청산
SPY,12,위,-8.5,가능,2024-12-20,591.15,2024-12-27,2024-12-27,4,595.01,0.65,기한청산
SPY,12,위,-8.5,가능,2025-12-19,680.59,2025-12-26,2025-12-26,4,690.31,1.43,기한청산
SPY,12,위,-9.0,가능,1993-12-17,46.5625,1993-12-24,1993-12-23,4,46.75,0.4,기한청산
SPY,12,위,-9.0,가능,1994-12-16,45.75,1994-12-23,1994-12-23,5,46.0625,0.68,기한청산
SPY,12,위,-9.0,가능,1995-12-15,61.8125,1995-12-22,1995-12-22,5,61.2031,-0.99,기한청산
SPY,12,위,-9.0,가능,1996-12-20,74.8438,1996-12-27,1996-12-27,4,75.875,1.38,기한청산
SPY,12,위,-9.0,가능,1997-12-19,94.7812,1997-12-26,1997-12-26,4,93.7812,-1.06,기한청산
SPY,12,위,-9.0,가능,1998-12-18,118.5,1998-12-25,1998-12-24,4,122.6875,3.53,기한청산
SPY,12,위,-9.0,가능,1999-12-17,142.6875,1999-12-24,1999-12-23,4,146.4844,2.66,기한청산
SPY,12,위,-9.0,가능,2000-12-15,130.9688,2000-12-22,2000-12-22,5,130.9375,-0.02,기한청산
SPY,12,위,-9.0,가능,2001-12-21,114.95,2001-12-28,2001-12-28,4,116.0,0.91,기한청산
SPY,12,위,-9.0,가능,2002-12-20,89.99,2002-12-27,2002-12-27,4,87.38,-2.9,기한청산
SPY,12,위,-9.0,가능,2003-12-19,108.9,2003-12-26,2003-12-26,4,109.7,0.73,기한청산
SPY,12,위,-9.0,가능,2004-12-17,119.44,2004-12-24,2004-12-23,4,120.77,1.11,기한청산
SPY,12,위,-9.0,가능,2005-12-16,126.36,2005-12-23,2005-12-23,5,126.76,0.32,기한청산
SPY,12,위,-9.0,가능,2006-12-15,142.34,2006-12-22,2006-12-22,5,140.75,-1.12,기한청산
SPY,12,위,-9.0,가능,2007-12-21,148.13,2007-12-28,2007-12-28,4,147.3,-0.56,기한청산
SPY,12,위,-9.0,가능,2008-12-19,88.19,2008-12-26,2008-12-26,4,87.16,-1.17,기한청산
SPY,12,위,-9.0,가능,2009-12-18,110.21,2009-12-25,2009-12-24,4,112.48,2.06,기한청산
SPY,12,위,-9.0,가능,2010-12-17,124.3,2010-12-24,2010-12-23,4,125.6,1.05,기한청산
SPY,12,위,-9.0,가능,2011-12-16,121.59,2011-12-23,2011-12-23,5,126.39,3.95,기한청산
SPY,12,위,-9.0,가능,2012-12-21,142.79,2012-12-28,2012-12-28,4,140.03,-1.93,기한청산
SPY,12,위,-9.0,가능,2013-12-20,181.56,2013-12-27,2013-12-27,4,183.85,1.26,기한청산
SPY,12,위,-9.0,가능,2014-12-19,206.52,2014-12-26,2014-12-26,4,208.44,0.93,기한청산
SPY,12,위,-9.0,가능,2015-12-18,200.02,2015-12-25,2015-12-24,4,205.68,2.83,기한청산
SPY,12,위,-9.0,가능,2016-12-16,225.04,2016-12-23,2016-12-23,5,225.71,0.3,기한청산
SPY,12,위,-9.0,가능,2017-12-15,266.51,2017-12-22,2017-12-22,5,267.51,0.38,기한청산
SPY,12,위,-9.0,가능,2018-12-21,240.7,2018-12-28,2018-12-28,4,247.75,2.93,기한청산
SPY,12,위,-9.0,가능,2019-12-20,320.73,2019-12-27,2019-12-27,4,322.86,0.66,기한청산
SPY,12,위,-9.0,가능,2020-12-18,369.18,2020-12-25,2020-12-24,4,369.0,-0.05,기한청산
SPY,12,위,-9.0,가능,2021-12-17,459.87,2021-12-24,2021-12-23,4,470.6,2.33,기한청산
SPY,12,위,-9.0,가능,2022-12-16,383.27,2022-12-23,2022-12-23,5,382.91,-0.09,기한청산
SPY,12,위,-9.0,가능,2023-12-15,469.33,2023-12-22,2023-12-22,5,473.65,0.92,기한청산
SPY,12,위,-9.0,가능,2024-12-20,591.15,2024-12-27,2024-12-27,4,595.01,0.65,기한청산
SPY,12,위,-9.0,가능,2025-12-19,680.59,2025-12-26,2025-12-26,4,690.31,1.43,기한청산
SPY,12,위,-9.5,가능,1993-12-17,46.5625,1993-12-24,1993-12-23,4,46.75,0.4,기한청산
SPY,12,위,-9.5,가능,1994-12-16,45.75,1994-12-23,1994-12-23,5,46.0625,0.68,기한청산
SPY,12,위,-9.5,가능,1995-12-15,61.8125,1995-12-22,1995-12-22,5,61.2031,-0.99,기한청산
SPY,12,위,-9.5,가능,1996-12-20,74.8438,1996-12-27,1996-12-27,4,75.875,1.38,기한청산
SPY,12,위,-9.5,가능,1997-12-19,94.7812,1997-12-26,1997-12-26,4,93.7812,-1.06,기한청산
SPY,12,위,-9.5,가능,1998-12-18,118.5,1998-12-25,1998-12-24,4,122.6875,3.53,기한청산
SPY,12,위,-9.5,가능,1999-12-17,142.6875,1999-12-24,1999-12-23,4,146.4844,2.66,기한청산
SPY,12,위,-9.5,가능,2000-12-15,130.9688,2000-12-22,2000-12-22,5,130.9375,-0.02,기한청산
SPY,12,위,-9.5,가능,2001-12-21,114.95,2001-12-28,2001-12-28,4,116.0,0.91,기한청산
SPY,12,위,-9.5,가능,2002-12-20,89.99,2002-12-27,2002-12-27,4,87.38,-2.9,기한청산
SPY,12,위,-9.5,가능,2003-12-19,108.9,2003-12-26,2003-12-26,4,109.7,0.73,기한청산
SPY,12,위,-9.5,가능,2004-12-17,119.44,2004-12-24,2004-12-23,4,120.77,1.11,기한청산
SPY,12,위,-9.5,가능,2005-12-16,126.36,2005-12-23,2005-12-23,5,126.76,0.32,기한청산
SPY,12,위,-9.5,가능,2006-12-15,142.34,2006-12-22,2006-12-22,5,140.75,-1.12,기한청산
SPY,12,위,-9.5,가능,2007-12-21,148.13,2007-12-28,2007-12-28,4,147.3,-0.56,기한청산
SPY,12,위,-9.5,가능,2008-12-19,88.19,2008-12-26,2008-12-26,4,87.16,-1.17,기한청산
SPY,12,위,-9.5,가능,2009-12-18,110.21,2009-12-25,2009-12-24,4,112.48,2.06,기한청산
SPY,12,위,-9.5,가능,2010-12-17,124.3,2010-12-24,2010-12-23,4,125.6,1.05,기한청산
SPY,12,위,-9.5,가능,2011-12-16,121.59,2011-12-23,2011-12-23,5,126.39,3.95,기한청산
SPY,12,위,-9.5,가능,2012-12-21,142.79,2012-12-28,2012-12-28,4,140.03,-1.93,기한청산
SPY,12,위,-9.5,가능,2013-12-20,181.56,2013-12-27,2013-12-27,4,183.85,1.26,기한청산
SPY,12,위,-9.5,가능,2014-12-19,206.52,2014-12-26,2014-12-26,4,208.44,0.93,기한청산
SPY,12,위,-9.5,가능,2015-12-18,200.02,2015-12-25,2015-12-24,4,205.68,2.83,기한청산
SPY,12,위,-9.5,가능,2016-12-16,225.04,2016-12-23,2016-12-23,5,225.71,0.3,기한청산
SPY,12,위,-9.5,가능,2017-12-15,266.51,2017-12-22,2017-12-22,5,267.51,0.38,기한청산
SPY,12,위,-9.5,가능,2018-12-21,240.7,2018-12-28,2018-12-28,4,247.75,2.93,기한청산
SPY,12,위,-9.5,가능,2019-12-20,320.73,2019-12-27,2019-12-27,4,322.86,0.66,기한청산
SPY,12,위,-9.5,가능,2020-12-18,369.18,2020-12-25,2020-12-24,4,369.0,-0.05,기한청산
SPY,12,위,-9.5,가능,2021-12-17,459.87,2021-12-24,2021-12-23,4,470.6,2.33,기한청산
SPY,12,위,-9.5,가능,2022-12-16,383.27,2022-12-23,2022-12-23,5,382.91,-0.09,기한청산
SPY,12,위,-9.5,가능,2023-12-15,469.33,2023-12-22,2023-12-22,5,473.65,0.92,기한청산
SPY,12,위,-9.5,가능,2024-12-20,591.15,2024-12-27,2024-12-27,4,595.01,0.65,기한청산
SPY,12,위,-9.5,가능,2025-12-19,680.59,2025-12-26,2025-12-26,4,690.31,1.43,기한청산
SPY,12,위,-10.0,가능,1993-12-17,46.5625,1993-12-24,1993-12-23,4,46.75,0.4,기한청산
SPY,12,위,-10.0,가능,1994-12-16,45.75,1994-12-23,1994-12-23,5,46.0625,0.68,기한청산
SPY,12,위,-10.0,가능,1995-12-15,61.8125,1995-12-22,1995-12-22,5,61.2031,-0.99,기한청산
SPY,12,위,-10.0,가능,1996-12-20,74.8438,1996-12-27,1996-12-27,4,75.875,1.38,기한청산
SPY,12,위,-10.0,가능,1997-12-19,94.7812,1997-12-26,1997-12-26,4,93.7812,-1.06,기한청산
SPY,12,위,-10.0,가능,1998-12-18,118.5,1998-12-25,1998-12-24,4,122.6875,3.53,기한청산
SPY,12,위,-10.0,가능,1999-12-17,142.6875,1999-12-24,1999-12-23,4,146.4844,2.66,기한청산
SPY,12,위,-10.0,가능,2000-12-15,130.9688,2000-12-22,2000-12-22,5,130.9375,-0.02,기한청산
SPY,12,위,-10.0,가능,2001-12-21,114.95,2001-12-28,2001-12-28,4,116.0,0.91,기한청산
SPY,12,위,-10.0,가능,2002-12-20,89.99,2002-12-27,2002-12-27,4,87.38,-2.9,기한청산
SPY,12,위,-10.0,가능,2003-12-19,108.9,2003-12-26,2003-12-26,4,109.7,0.73,기한청산
SPY,12,위,-10.0,가능,2004-12-17,119.44,2004-12-24,2004-12-23,4,120.77,1.11,기한청산
SPY,12,위,-10.0,가능,2005-12-16,126.36,2005-12-23,2005-12-23,5,126.76,0.32,기한청산
SPY,12,위,-10.0,가능,2006-12-15,142.34,2006-12-22,2006-12-22,5,140.75,-1.12,기한청산
SPY,12,위,-10.0,가능,2007-12-21,148.13,2007-12-28,2007-12-28,4,147.3,-0.56,기한청산
SPY,12,위,-10.0,가능,2008-12-19,88.19,2008-12-26,2008-12-26,4,87.16,-1.17,기한청산
SPY,12,위,-10.0,가능,2009-12-18,110.21,2009-12-25,2009-12-24,4,112.48,2.06,기한청산
SPY,12,위,-10.0,가능,2010-12-17,124.3,2010-12-24,2010-12-23,4,125.6,1.05,기한청산
SPY,12,위,-10.0,가능,2011-12-16,121.59,2011-12-23,2011-12-23,5,126.39,3.95,기한청산
SPY,12,위,-10.0,가능,2012-12-21,142.79,2012-12-28,2012-12-28,4,140.03,-1.93,기한청산
SPY,12,위,-10.0,가능,2013-12-20,181.56,2013-12-27,2013-12-27,4,183.85,1.26,기한청산
SPY,12,위,-10.0,가능,2014-12-19,206.52,2014-12-26,2014-12-26,4,208.44,0.93,기한청산
SPY,12,위,-10.0,가능,2015-12-18,200.02,2015-12-25,2015-12-24,4,205.68,2.83,기한청산
SPY,12,위,-10.0,가능,2016-12-16,225.04,2016-12-23,2016-12-23,5,225.71,0.3,기한청산
SPY,12,위,-10.0,가능,2017-12-15,266.51,2017-12-22,2017-12-22,5,267.51,0.38,기한청산
SPY,12,위,-10.0,가능,2018-12-21,240.7,2018-12-28,2018-12-28,4,247.75,2.93,기한청산
SPY,12,위,-10.0,가능,2019-12-20,320.73,2019-12-27,2019-12-27,4,322.86,0.66,기한청산
SPY,12,위,-10.0,가능,2020-12-18,369.18,2020-12-25,2020-12-24,4,369.0,-0.05,기한청산
SPY,12,위,-10.0,가능,2021-12-17,459.87,2021-12-24,2021-12-23,4,470.6,2.33,기한청산
SPY,12,위,-10.0,가능,2022-12-16,383.27,2022-12-23,2022-12-23,5,382.91,-0.09,기한청산
SPY,12,위,-10.0,가능,2023-12-15,469.33,2023-12-22,2023-12-22,5,473.65,0.92,기한청산
SPY,12,위,-10.0,가능,2024-12-20,591.15,2024-12-27,2024-12-27,4,595.01,0.65,기한청산
SPY,12,위,-10.0,가능,2025-12-19,680.59,2025-12-26,2025-12-26,4,690.31,1.43,기한청산
QQQ,9,아래,무손절,가능,1999-09-17,63.3125,1999-09-24,1999-09-24,5,60.0781,5.11,기한청산
QQQ,9,아래,무손절,가능,2000-09-15,91.3125,2000-09-22,2000-09-22,5,92.9375,-1.78,기한청산
QQQ,9,아래,무손절,가능,2001-09-21,28.19,2001-09-28,2001-09-28,5,28.98,-2.8,기한청산
QQQ,9,아래,무손절,가능,2002-09-20,21.67,2002-09-27,2002-09-27,5,21.31,1.66,기한청산
QQQ,9,아래,무손절,가능,2003-09-19,34.58,2003-09-26,2003-09-26,5,32.58,5.78,기한청산
QQQ,9,아래,무손절,가능,2004-09-17,35.43,2004-09-24,2004-09-24,5,34.8,1.78,기한청산
QQQ,9,아래,무손절,가능,2005-09-16,39.4,2005-09-23,2005-09-23,5,38.75,1.65,기한청산
QQQ,9,아래,무손절,가능,2006-09-15,40.11,2006-09-22,2006-09-22,5,39.87,0.6,기한청산
QQQ,9,아래,무손절,가능,2007-09-21,50.36,2007-09-28,2007-09-28,5,51.41,-2.08,기한청산
QQQ,9,아래,무손절,가능,2008-09-19,42.9,2008-09-26,2008-09-26,5,41.08,4.24,기한청산
QQQ,9,아래,무손절,가능,2009-09-18,42.44,2009-09-25,2009-09-25,5,41.7,1.74,기한청산
QQQ,9,아래,무손절,가능,2010-09-17,47.99,2010-09-24,2010-09-24,5,49.66,-3.48,기한청산
QQQ,9,아래,무손절,가능,2011-09-16,56.59,2011-09-23,2011-09-23,5,54.15,4.31,기한청산
QQQ,9,아래,무손절,가능,2012-09-21,70.15,2012-09-28,2012-09-28,5,68.57,2.25,기한청산
QQQ,9,아래,무손절,가능,2013-09-20,78.99,2013-09-27,2013-09-27,5,79.07,-0.1,기한청산
QQQ,9,아래,무손절,가능,2014-09-19,99.98,2014-09-26,2014-09-26,5,98.78,1.2,기한청산
QQQ,9,아래,무손절,가능,2015-09-18,105.35,2015-09-25,2015-09-25,5,102.92,2.31,기한청산
QQQ,9,아래,무손절,가능,2016-09-16,117.29,2016-09-23,2016-09-23,5,118.33,-0.89,기한청산
QQQ,9,아래,무손절,가능,2017-09-15,146.06,2017-09-22,2017-09-22,5,144.32,1.19,기한청산
QQQ,9,아래,무손절,가능,2018-09-21,183.71,2018-09-28,2018-09-28,5,185.79,-1.13,기한청산
QQQ,9,아래,무손절,가능,2019-09-20,190.8,2019-09-27,2019-09-27,5,187.03,1.98,기한청산
QQQ,9,아래,무손절,가능,2020-09-18,266.87,2020-09-25,2020-09-25,5,271.56,-1.76,기한청산
QQQ,9,아래,무손절,가능,2021-09-17,373.83,2021-09-24,2021-09-24,5,373.33,0.13,기한청산
QQQ,9,아래,무손절,가능,2022-09-16,289.32,2022-09-23,2022-09-23,5,275.51,4.77,기한청산
QQQ,9,아래,무손절,가능,2023-09-15,370.81,2023-09-22,2023-09-22,5,357.91,3.48,기한청산
QQQ,9,아래,무손절,가능,2024-09-20,482.44,2024-09-27,2024-09-27,5,486.75,-0.89,기한청산
QQQ,9,아래,무손절,가능,2025-09-19,599.35,2025-09-26,2025-09-26,5,595.97,0.56,기한청산
QQQ,9,아래,-1.0,가능,1999-09-17,63.3125,1999-09-24,1999-09-24,5,60.0781,5.11,기한청산
QQQ,9,아래,-1.0,가능,2000-09-15,91.3125,2000-09-22,2000-09-18,1,92.2256,-1.0,장중손절
QQQ,9,아래,-1.0,가능,2001-09-21,28.19,2001-09-28,2001-09-24,1,29.08,-3.16,갭손절
QQQ,9,아래,-1.0,가능,2002-09-20,21.67,2002-09-27,2002-09-25,3,21.8867,-1.0,장중손절
QQQ,9,아래,-1.0,가능,2003-09-19,34.58,2003-09-26,2003-09-26,5,32.58,5.78,기한청산
QQQ,9,아래,-1.0,가능,2004-09-17,35.43,2004-09-24,2004-09-21,2,35.7843,-1.0,장중손절
QQQ,9,아래,-1.0,가능,2005-09-16,39.4,2005-09-23,2005-09-23,5,38.75,1.65,기한청산
QQQ,9,아래,-1.0,가능,2006-09-15,40.11,2006-09-22,2006-09-20,3,40.5111,-1.0,장중손절
QQQ,9,아래,-1.0,가능,2007-09-21,50.36,2007-09-28,2007-09-24,1,50.8636,-1.0,장중손절
QQQ,9,아래,-1.0,가능,2008-09-19,42.9,2008-09-26,2008-09-26,5,41.08,4.24,기한청산
QQQ,9,아래,-1.0,가능,2009-09-18,42.44,2009-09-25,2009-09-23,3,42.8644,-1.0,장중손절
QQQ,9,아래,-1.0,가능,2010-09-17,47.99,2010-09-24,2010-09-20,1,48.4699,-1.0,장중손절
QQQ,9,아래,-1.0,가능,2011-09-16,56.59,2011-09-23,2011-09-20,2,57.1559,-1.0,장중손절
QQQ,9,아래,-1.0,가능,2012-09-21,70.15,2012-09-28,2012-09-28,5,68.57,2.25,기한청산
QQQ,9,아래,-1.0,가능,2013-09-20,78.99,2013-09-27,2013-09-27,5,79.07,-0.1,기한청산
QQQ,9,아래,-1.0,가능,2014-09-19,99.98,2014-09-26,2014-09-26,5,98.78,1.2,기한청산
QQQ,9,아래,-1.0,가능,2015-09-18,105.35,2015-09-25,2015-09-21,1,106.4035,-1.0,장중손절
QQQ,9,아래,-1.0,가능,2016-09-16,117.29,2016-09-23,2016-09-22,4,118.84,-1.32,갭손절
QQQ,9,아래,-1.0,가능,2017-09-15,146.06,2017-09-22,2017-09-22,5,144.32,1.19,기한청산
QQQ,9,아래,-1.0,가능,2018-09-21,183.71,2018-09-28,2018-09-26,3,185.5471,-1.0,장중손절
QQQ,9,아래,-1.0,가능,2019-09-20,190.8,2019-09-27,2019-09-27,5,187.03,1.98,기한청산
QQQ,9,아래,-1.0,가능,2020-09-18,266.87,2020-09-25,2020-09-22,2,269.99,-1.17,갭손절
QQQ,9,아래,-1.0,가능,2021-09-17,373.83,2021-09-24,2021-09-24,5,373.33,0.13,기한청산
QQQ,9,아래,-1.0,가능,2022-09-16,289.32,2022-09-23,2022-09-21,3,292.2132,-1.0,장중손절
QQQ,9,아래,-1.0,가능,2023-09-15,370.81,2023-09-22,2023-09-22,5,357.91,3.48,기한청산
QQQ,9,아래,-1.0,가능,2024-09-20,482.44,2024-09-27,2024-09-25,3,487.2644,-1.0,장중손절
QQQ,9,아래,-1.0,가능,2025-09-19,599.35,2025-09-26,2025-09-26,5,595.97,0.56,기한청산
QQQ,9,아래,-1.5,가능,1999-09-17,63.3125,1999-09-24,1999-09-24,5,60.0781,5.11,기한청산
QQQ,9,아래,-1.5,가능,2000-09-15,91.3125,2000-09-22,2000-09-18,1,92.6822,-1.5,장중손절
QQQ,9,아래,-1.5,가능,2001-09-21,28.19,2001-09-28,2001-09-24,1,29.08,-3.16,갭손절
QQQ,9,아래,-1.5,가능,2002-09-20,21.67,2002-09-27,2002-09-25,3,21.995,-1.5,장중손절
QQQ,9,아래,-1.5,가능,2003-09-19,34.58,2003-09-26,2003-09-26,5,32.58,5.78,기한청산
QQQ,9,아래,-1.5,가능,2004-09-17,35.43,2004-09-24,2004-09-24,5,34.8,1.78,기한청산
QQQ,9,아래,-1.5,가능,2005-09-16,39.4,2005-09-23,2005-09-23,5,38.75,1.65,기한청산
QQQ,9,아래,-1.5,가능,2006-09-15,40.11,2006-09-22,2006-09-22,5,39.87,0.6,기한청산
QQQ,9,아래,-1.5,가능,2007-09-21,50.36,2007-09-28,2007-09-26,3,51.36,-1.99,갭손절
QQQ,9,아래,-1.5,가능,2008-09-19,42.9,2008-09-26,2008-09-26,5,41.08,4.24,기한청산
QQQ,9,아래,-1.5,가능,2009-09-18,42.44,2009-09-25,2009-09-23,3,43.0766,-1.5,장중손절
QQQ,9,아래,-1.5,가능,2010-09-17,47.99,2010-09-24,2010-09-20,1,48.7098,-1.5,장중손절
QQQ,9,아래,-1.5,가능,2011-09-16,56.59,2011-09-23,2011-09-23,5,54.15,4.31,기한청산
QQQ,9,아래,-1.5,가능,2012-09-21,70.15,2012-09-28,2012-09-28,5,68.57,2.25,기한청산
QQQ,9,아래,-1.5,가능,2013-09-20,78.99,2013-09-27,2013-09-27,5,79.07,-0.1,기한청산
QQQ,9,아래,-1.5,가능,2014-09-19,99.98,2014-09-26,2014-09-26,5,98.78,1.2,기한청산
QQQ,9,아래,-1.5,가능,2015-09-18,105.35,2015-09-25,2015-09-25,5,102.92,2.31,기한청산
QQQ,9,아래,-1.5,가능,2016-09-16,117.29,2016-09-23,2016-09-22,4,119.0493,-1.5,장중손절
QQQ,9,아래,-1.5,가능,2017-09-15,146.06,2017-09-22,2017-09-22,5,144.32,1.19,기한청산
QQQ,9,아래,-1.5,가능,2018-09-21,183.71,2018-09-28,2018-09-27,4,186.4656,-1.5,장중손절
QQQ,9,아래,-1.5,가능,2019-09-20,190.8,2019-09-27,2019-09-27,5,187.03,1.98,기한청산
QQQ,9,아래,-1.5,가능,2020-09-18,266.87,2020-09-25,2020-09-22,2,270.873,-1.5,장중손절
QQQ,9,아래,-1.5,가능,2021-09-17,373.83,2021-09-24,2021-09-24,5,373.33,0.13,기한청산
QQQ,9,아래,-1.5,가능,2022-09-16,289.32,2022-09-23,2022-09-21,3,293.6598,-1.5,장중손절
QQQ,9,아래,-1.5,가능,2023-09-15,370.81,2023-09-22,2023-09-22,5,357.91,3.48,기한청산
QQQ,9,아래,-1.5,가능,2024-09-20,482.44,2024-09-27,2024-09-26,4,493.37,-2.27,갭손절
QQQ,9,아래,-1.5,가능,2025-09-19,599.35,2025-09-26,2025-09-26,5,595.97,0.56,기한청산
QQQ,9,아래,-2.0,가능,1999-09-17,63.3125,1999-09-24,1999-09-24,5,60.0781,5.11,기한청산
QQQ,9,아래,-2.0,가능,2000-09-15,91.3125,2000-09-22,2000-09-19,2,93.1388,-2.0,장중손절
QQQ,9,아래,-2.0,가능,2001-09-21,28.19,2001-09-28,2001-09-24,1,29.08,-3.16,갭손절
QQQ,9,아래,-2.0,가능,2002-09-20,21.67,2002-09-27,2002-09-26,4,22.16,-2.26,갭손절
QQQ,9,아래,-2.0,가능,2003-09-19,34.58,2003-09-26,2003-09-26,5,32.58,5.78,기한청산
QQQ,9,아래,-2.0,가능,2004-09-17,35.43,2004-09-24,2004-09-24,5,34.8,1.78,기한청산
QQQ,9,아래,-2.0,가능,2005-09-16,39.4,2005-09-23,2005-09-23,5,38.75,1.65,기한청산
QQQ,9,아래,-2.0,가능,2006-09-15,40.11,2006-09-22,2006-09-22,5,39.87,0.6,기한청산
QQQ,9,아래,-2.0,가능,2007-09-21,50.36,2007-09-28,2007-09-26,3,51.3672,-2.0,장중손절
QQQ,9,아래,-2.0,가능,2008-09-19,42.9,2008-09-26,2008-09-26,5,41.08,4.24,기한청산
QQQ,9,아래,-2.0,가능,2009-09-18,42.44,2009-09-25,2009-09-25,5,41.7,1.74,기한청산
QQQ,9,아래,-2.0,가능,2010-09-17,47.99,2010-09-24,2010-09-21,2,48.9498,-2.0,장중손절
QQQ,9,아래,-2.0,가능,2011-09-16,56.59,2011-09-23,2011-09-23,5,54.15,4.31,기한청산
QQQ,9,아래,-2.0,가능,2012-09-21,70.15,2012-09-28,2012-09-28,5,68.57,2.25,기한청산
QQQ,9,아래,-2.0,가능,2013-09-20,78.99,2013-09-27,2013-09-27,5,79.07,-0.1,기한청산
QQQ,9,아래,-2.0,가능,2014-09-19,99.98,2014-09-26,2014-09-26,5,98.78,1.2,기한청산
QQQ,9,아래,-2.0,가능,2015-09-18,105.35,2015-09-25,2015-09-25,5,102.92,2.31,기한청산
QQQ,9,아래,-2.0,가능,2016-09-16,117.29,2016-09-23,2016-09-23,5,118.33,-0.89,기한청산
QQQ,9,아래,-2.0,가능,2017-09-15,146.06,2017-09-22,2017-09-22,5,144.32,1.19,기한청산
QQQ,9,아래,-2.0,가능,2018-09-21,183.71,2018-09-28,2018-09-28,5,185.79,-1.13,기한청산
QQQ,9,아래,-2.0,가능,2019-09-20,190.8,2019-09-27,2019-09-27,5,187.03,1.98,기한청산
QQQ,9,아래,-2.0,가능,2020-09-18,266.87,2020-09-25,2020-09-22,2,272.2074,-2.0,장중손절
QQQ,9,아래,-2.0,가능,2021-09-17,373.83,2021-09-24,2021-09-24,5,373.33,0.13,기한청산
QQQ,9,아래,-2.0,가능,2022-09-16,289.32,2022-09-23,2022-09-23,5,275.51,4.77,기한청산
QQQ,9,아래,-2.0,가능,2023-09-15,370.81,2023-09-22,2023-09-22,5,357.91,3.48,기한청산
QQQ,9,아래,-2.0,가능,2024-09-20,482.44,2024-09-27,2024-09-26,4,493.37,-2.27,갭손절
QQQ,9,아래,-2.0,가능,2025-09-19,599.35,2025-09-26,2025-09-26,5,595.97,0.56,기한청산
QQQ,9,아래,-2.5,가능,1999-09-17,63.3125,1999-09-24,1999-09-24,5,60.0781,5.11,기한청산
QQQ,9,아래,-2.5,가능,2000-09-15,91.3125,2000-09-22,2000-09-19,2,93.5953,-2.5,장중손절
QQQ,9,아래,-2.5,가능,2001-09-21,28.19,2001-09-28,2001-09-24,1,29.08,-3.16,갭손절
QQQ,9,아래,-2.5,가능,2002-09-20,21.67,2002-09-27,2002-09-26,4,22.2117,-2.5,장중손절
QQQ,9,아래,-2.5,가능,2003-09-19,34.58,2003-09-26,2003-09-26,5,32.58,5.78,기한청산
QQQ,9,아래,-2.5,가능,2004-09-17,35.43,2004-09-24,2004-09-24,5,34.8,1.78,기한청산
QQQ,9,아래,-2.5,가능,2005-09-16,39.4,2005-09-23,2005-09-23,5,38.75,1.65,기한청산
QQQ,9,아래,-2.5,가능,2006-09-15,40.11,2006-09-22,2006-09-22,5,39.87,0.6,기한청산
QQQ,9,아래,-2.5,가능,2007-09-21,50.36,2007-09-28,2007-09-27,4,51.62,-2.5,갭손절
QQQ,9,아래,-2.5,가능,2008-09-19,42.9,2008-09-26,2008-09-26,5,41.08,4.24,기한청산
QQQ,9,아래,-2.5,가능,2009-09-18,42.44,2009-09-25,2009-09-25,5,41.7,1.74,기한청산
QQQ,9,아래,-2.5,가능,2010-09-17,47.99,2010-09-24,2010-09-24,5,49.22,-2.56,갭손절
QQQ,9,아래,-2.5,가능,2011-09-16,56.59,2011-09-23,2011-09-23,5,54.15,4.31,기한청산
QQQ,9,아래,-2.5,가능,2012-09-21,70.15,2012-09-28,2012-09-28,5,68.57,2.25,기한청산
QQQ,9,아래,-2.5,가능,2013-09-20,78.99,2013-09-27,2013-09-27,5,79.07,-0.1,기한청산
QQQ,9,아래,-2.5,가능,2014-09-19,99.98,2014-09-26,2014-09-26,5,98.78,1.2,기한청산
QQQ,9,아래,-2.5,가능,2015-09-18,105.35,2015-09-25,2015-09-25,5,102.92,2.31,기한청산
QQQ,9,아래,-2.5,가능,2016-09-16,117.29,2016-09-23,2016-09-23,5,118.33,-0.89,기한청산
QQQ,9,아래,-2.5,가능,2017-09-15,146.06,2017-09-22,2017-09-22,5,144.32,1.19,기한청산
QQQ,9,아래,-2.5,가능,2018-09-21,183.71,2018-09-28,2018-09-28,5,185.79,-1.13,기한청산
QQQ,9,아래,-2.5,가능,2019-09-20,190.8,2019-09-27,2019-09-27,5,187.03,1.98,기한청산
QQQ,9,아래,-2.5,가능,2020-09-18,266.87,2020-09-25,2020-09-25,5,271.56,-1.76,기한청산
QQQ,9,아래,-2.5,가능,2021-09-17,373.83,2021-09-24,2021-09-24,5,373.33,0.13,기한청산
QQQ,9,아래,-2.5,가능,2022-09-16,289.32,2022-09-23,2022-09-23,5,275.51,4.77,기한청산
QQQ,9,아래,-2.5,가능,2023-09-15,370.81,2023-09-22,2023-09-22,5,357.91,3.48,기한청산
QQQ,9,아래,-2.5,가능,2024-09-20,482.44,2024-09-27,2024-09-27,5,486.75,-0.89,기한청산
QQQ,9,아래,-2.5,가능,2025-09-19,599.35,2025-09-26,2025-09-26,5,595.97,0.56,기한청산
QQQ,9,아래,-3.0,가능,1999-09-17,63.3125,1999-09-24,1999-09-24,5,60.0781,5.11,기한청산
QQQ,9,아래,-3.0,가능,2000-09-15,91.3125,2000-09-22,2000-09-20,3,94.0519,-3.0,장중손절
QQQ,9,아래,-3.0,가능,2001-09-21,28.19,2001-09-28,2001-09-24,1,29.08,-3.16,갭손절
QQQ,9,아래,-3.0,가능,2002-09-20,21.67,2002-09-27,2002-09-26,4,22.3201,-3.0,장중손절
QQQ,9,아래,-3.0,가능,2003-09-19,34.58,2003-09-26,2003-09-26,5,32.58,5.78,기한청산
QQQ,9,아래,-3.0,가능,2004-09-17,35.43,2004-09-24,2004-09-24,5,34.8,1.78,기한청산
QQQ,9,아래,-3.0,가능,2005-09-16,39.4,2005-09-23,2005-09-23,5,38.75,1.65,기한청산
QQQ,9,아래,-3.0,가능,2006-09-15,40.11,2006-09-22,2006-09-22,5,39.87,0.6,기한청산
QQQ,9,아래,-3.0,가능,2007-09-21,50.36,2007-09-28,2007-09-28,5,51.41,-2.08,기한청산
QQQ,9,아래,-3.0,가능,2008-09-19,42.9,2008-09-26,2008-09-26,5,41.08,4.24,기한청산
QQQ,9,아래,-3.0,가능,2009-09-18,42.44,2009-09-25,2009-09-25,5,41.7,1.74,기한청산
QQQ,9,아래,-3.0,가능,2010-09-17,47.99,2010-09-24,2010-09-24,5,49.4297,-3.0,장중손절
QQQ,9,아래,-3.0,가능,2011-09-16,56.59,2011-09-23,2011-09-23,5,54.15,4.31,기한청산
QQQ,9,아래,-3.0,가능,2012-09-21,70.15,2012-09-28,2012-09-28,5,68.57,2.25,기한청산
QQQ,9,아래,-3.0,가능,2013-09-20,78.99,2013-09-27,2013-09-27,5,79.07,-0.1,기한청산
QQQ,9,아래,-3.0,가능,2014-09-19,99.98,2014-09-26,2014-09-26,5,98.78,1.2,기한청산
QQQ,9,아래,-3.0,가능,2015-09-18,105.35,2015-09-25,2015-09-25,5,102.92,2.31,기한청산
QQQ,9,아래,-3.0,가능,2016-09-16,117.29,2016-09-23,2016-09-23,5,118.33,-0.89,기한청산
QQQ,9,아래,-3.0,가능,2017-09-15,146.06,2017-09-22,2017-09-22,5,144.32,1.19,기한청산
QQQ,9,아래,-3.0,가능,2018-09-21,183.71,2018-09-28,2018-09-28,5,185.79,-1.13,기한청산
QQQ,9,아래,-3.0,가능,2019-09-20,190.8,2019-09-27,2019-09-27,5,187.03,1.98,기한청산
QQQ,9,아래,-3.0,가능,2020-09-18,266.87,2020-09-25,2020-09-25,5,271.56,-1.76,기한청산
QQQ,9,아래,-3.0,가능,2021-09-17,373.83,2021-09-24,2021-09-24,5,373.33,0.13,기한청산
QQQ,9,아래,-3.0,가능,2022-09-16,289.32,2022-09-23,2022-09-23,5,275.51,4.77,기한청산
QQQ,9,아래,-3.0,가능,2023-09-15,370.81,2023-09-22,2023-09-22,5,357.91,3.48,기한청산
QQQ,9,아래,-3.0,가능,2024-09-20,482.44,2024-09-27,2024-09-27,5,486.75,-0.89,기한청산
QQQ,9,아래,-3.0,가능,2025-09-19,599.35,2025-09-26,2025-09-26,5,595.97,0.56,기한청산
QQQ,9,아래,-3.5,가능,1999-09-17,63.3125,1999-09-24,1999-09-24,5,60.0781,5.11,기한청산
QQQ,9,아래,-3.5,가능,2000-09-15,91.3125,2000-09-22,2000-09-20,3,94.5084,-3.5,장중손절
QQQ,9,아래,-3.5,가능,2001-09-21,28.19,2001-09-28,2001-09-24,1,29.1766,-3.5,장중손절
QQQ,9,아래,-3.5,가능,2002-09-20,21.67,2002-09-27,2002-09-27,5,21.31,1.66,기한청산
QQQ,9,아래,-3.5,가능,2003-09-19,34.58,2003-09-26,2003-09-26,5,32.58,5.78,기한청산
QQQ,9,아래,-3.5,가능,2004-09-17,35.43,2004-09-24,2004-09-24,5,34.8,1.78,기한청산
QQQ,9,아래,-3.5,가능,2005-09-16,39.4,2005-09-23,2005-09-23,5,38.75,1.65,기한청산
QQQ,9,아래,-3.5,가능,2006-09-15,40.11,2006-09-22,2006-09-22,5,39.87,0.6,기한청산
QQQ,9,아래,-3.5,가능,2007-09-21,50.36,2007-09-28,2007-09-28,5,51.41,-2.08,기한청산
QQQ,9,아래,-3.5,가능,2008-09-19,42.9,2008-09-26,2008-09-26,5,41.08,4.24,기한청산
QQQ,9,아래,-3.5,가능,2009-09-18,42.44,2009-09-25,2009-09-25,5,41.7,1.74,기한청산
QQQ,9,아래,-3.5,가능,2010-09-17,47.99,2010-09-24,2010-09-24,5,49.6696,-3.5,장중손절
QQQ,9,아래,-3.5,가능,2011-09-16,56.59,2011-09-23,2011-09-23,5,54.15,4.31,기한청산
QQQ,9,아래,-3.5,가능,2012-09-21,70.15,2012-09-28,2012-09-28,5,68.57,2.25,기한청산
QQQ,9,아래,-3.5,가능,2013-09-20,78.99,2013-09-27,2013-09-27,5,79.07,-0.1,기한청산
QQQ,9,아래,-3.5,가능,2014-09-19,99.98,2014-09-26,2014-09-26,5,98.78,1.2,기한청산
QQQ,9,아래,-3.5,가능,2015-09-18,105.35,2015-09-25,2015-09-25,5,102.92,2.31,기한청산
QQQ,9,아래,-3.5,가능,2016-09-16,117.29,2016-09-23,2016-09-23,5,118.33,-0.89,기한청산
QQQ,9,아래,-3.5,가능,2017-09-15,146.06,2017-09-22,2017-09-22,5,144.32,1.19,기한청산
QQQ,9,아래,-3.5,가능,2018-09-21,183.71,2018-09-28,2018-09-28,5,185.79,-1.13,기한청산
QQQ,9,아래,-3.5,가능,2019-09-20,190.8,2019-09-27,2019-09-27,5,187.03,1.98,기한청산
QQQ,9,아래,-3.5,가능,2020-09-18,266.87,2020-09-25,2020-09-25,5,271.56,-1.76,기한청산
QQQ,9,아래,-3.5,가능,2021-09-17,373.83,2021-09-24,2021-09-24,5,373.33,0.13,기한청산
QQQ,9,아래,-3.5,가능,2022-09-16,289.32,2022-09-23,2022-09-23,5,275.51,4.77,기한청산
QQQ,9,아래,-3.5,가능,2023-09-15,370.81,2023-09-22,2023-09-22,5,357.91,3.48,기한청산
QQQ,9,아래,-3.5,가능,2024-09-20,482.44,2024-09-27,2024-09-27,5,486.75,-0.89,기한청산
QQQ,9,아래,-3.5,가능,2025-09-19,599.35,2025-09-26,2025-09-26,5,595.97,0.56,기한청산
QQQ,9,아래,-4.0,가능,1999-09-17,63.3125,1999-09-24,1999-09-24,5,60.0781,5.11,기한청산
QQQ,9,아래,-4.0,가능,2000-09-15,91.3125,2000-09-22,2000-09-20,3,94.965,-4.0,장중손절
QQQ,9,아래,-4.0,가능,2001-09-21,28.19,2001-09-28,2001-09-24,1,29.3176,-4.0,장중손절
QQQ,9,아래,-4.0,가능,2002-09-20,21.67,2002-09-27,2002-09-27,5,21.31,1.66,기한청산
QQQ,9,아래,-4.0,가능,2003-09-19,34.58,2003-09-26,2003-09-26,5,32.58,5.78,기한청산
QQQ,9,아래,-4.0,가능,2004-09-17,35.43,2004-09-24,2004-09-24,5,34.8,1.78,기한청산
QQQ,9,아래,-4.0,가능,2005-09-16,39.4,2005-09-23,2005-09-23,5,38.75,1.65,기한청산
QQQ,9,아래,-4.0,가능,2006-09-15,40.11,2006-09-22,2006-09-22,5,39.87,0.6,기한청산
QQQ,9,아래,-4.0,가능,2007-09-21,50.36,2007-09-28,2007-09-28,5,51.41,-2.08,기한청산
QQQ,9,아래,-4.0,가능,2008-09-19,42.9,2008-09-26,2008-09-26,5,41.08,4.24,기한청산
QQQ,9,아래,-4.0,가능,2009-09-18,42.44,2009-09-25,2009-09-25,5,41.7,1.74,기한청산
QQQ,9,아래,-4.0,가능,2010-09-17,47.99,2010-09-24,2010-09-24,5,49.66,-3.48,기한청산
QQQ,9,아래,-4.0,가능,2011-09-16,56.59,2011-09-23,2011-09-23,5,54.15,4.31,기한청산
QQQ,9,아래,-4.0,가능,2012-09-21,70.15,2012-09-28,2012-09-28,5,68.57,2.25,기한청산
QQQ,9,아래,-4.0,가능,2013-09-20,78.99,2013-09-27,2013-09-27,5,79.07,-0.1,기한청산
QQQ,9,아래,-4.0,가능,2014-09-19,99.98,2014-09-26,2014-09-26,5,98.78,1.2,기한청산
QQQ,9,아래,-4.0,가능,2015-09-18,105.35,2015-09-25,2015-09-25,5,102.92,2.31,기한청산
QQQ,9,아래,-4.0,가능,2016-09-16,117.29,2016-09-23,2016-09-23,5,118.33,-0.89,기한청산
QQQ,9,아래,-4.0,가능,2017-09-15,146.06,2017-09-22,2017-09-22,5,144.32,1.19,기한청산
QQQ,9,아래,-4.0,가능,2018-09-21,183.71,2018-09-28,2018-09-28,5,185.79,-1.13,기한청산
QQQ,9,아래,-4.0,가능,2019-09-20,190.8,2019-09-27,2019-09-27,5,187.03,1.98,기한청산
QQQ,9,아래,-4.0,가능,2020-09-18,266.87,2020-09-25,2020-09-25,5,271.56,-1.76,기한청산
QQQ,9,아래,-4.0,가능,2021-09-17,373.83,2021-09-24,2021-09-24,5,373.33,0.13,기한청산
QQQ,9,아래,-4.0,가능,2022-09-16,289.32,2022-09-23,2022-09-23,5,275.51,4.77,기한청산
QQQ,9,아래,-4.0,가능,2023-09-15,370.81,2023-09-22,2023-09-22,5,357.91,3.48,기한청산
QQQ,9,아래,-4.0,가능,2024-09-20,482.44,2024-09-27,2024-09-27,5,486.75,-0.89,기한청산
QQQ,9,아래,-4.0,가능,2025-09-19,599.35,2025-09-26,2025-09-26,5,595.97,0.56,기한청산
QQQ,9,아래,-4.5,가능,1999-09-17,63.3125,1999-09-24,1999-09-24,5,60.0781,5.11,기한청산
QQQ,9,아래,-4.5,가능,2000-09-15,91.3125,2000-09-22,2000-09-22,5,92.9375,-1.78,기한청산
QQQ,9,아래,-4.5,가능,2001-09-21,28.19,2001-09-28,2001-09-24,1,29.4585,-4.5,장중손절
QQQ,9,아래,-4.5,가능,2002-09-20,21.67,2002-09-27,2002-09-27,5,21.31,1.66,기한청산
QQQ,9,아래,-4.5,가능,2003-09-19,34.58,2003-09-26,2003-09-26,5,32.58,5.78,기한청산
QQQ,9,아래,-4.5,가능,2004-09-17,35.43,2004-09-24,2004-09-24,5,34.8,1.78,기한청산
QQQ,9,아래,-4.5,가능,2005-09-16,39.4,2005-09-23,2005-09-23,5,38.75,1.65,기한청산
QQQ,9,아래,-4.5,가능,2006-09-15,40.11,2006-09-22,2006-09-22,5,39.87,0.6,기한청산
QQQ,9,아래,-4.5,가능,2007-09-21,50.36,2007-09-28,2007-09-28,5,51.41,-2.08,기한청산
QQQ,9,아래,-4.5,가능,2008-09-19,42.9,2008-09-26,2008-09-26,5,41.08,4.24,기한청산
QQQ,9,아래,-4.5,가능,2009-09-18,42.44,2009-09-25,2009-09-25,5,41.7,1.74,기한청산
QQQ,9,아래,-4.5,가능,2010-09-17,47.99,2010-09-24,2010-09-24,5,49.66,-3.48,기한청산
QQQ,9,아래,-4.5,가능,2011-09-16,56.59,2011-09-23,2011-09-23,5,54.15,4.31,기한청산
QQQ,9,아래,-4.5,가능,2012-09-21,70.15,2012-09-28,2012-09-28,5,68.57,2.25,기한청산
QQQ,9,아래,-4.5,가능,2013-09-20,78.99,2013-09-27,2013-09-27,5,79.07,-0.1,기한청산
QQQ,9,아래,-4.5,가능,2014-09-19,99.98,2014-09-26,2014-09-26,5,98.78,1.2,기한청산
QQQ,9,아래,-4.5,가능,2015-09-18,105.35,2015-09-25,2015-09-25,5,102.92,2.31,기한청산
QQQ,9,아래,-4.5,가능,2016-09-16,117.29,2016-09-23,2016-09-23,5,118.33,-0.89,기한청산
QQQ,9,아래,-4.5,가능,2017-09-15,146.06,2017-09-22,2017-09-22,5,144.32,1.19,기한청산
QQQ,9,아래,-4.5,가능,2018-09-21,183.71,2018-09-28,2018-09-28,5,185.79,-1.13,기한청산
QQQ,9,아래,-4.5,가능,2019-09-20,190.8,2019-09-27,2019-09-27,5,187.03,1.98,기한청산
QQQ,9,아래,-4.5,가능,2020-09-18,266.87,2020-09-25,2020-09-25,5,271.56,-1.76,기한청산
QQQ,9,아래,-4.5,가능,2021-09-17,373.83,2021-09-24,2021-09-24,5,373.33,0.13,기한청산
QQQ,9,아래,-4.5,가능,2022-09-16,289.32,2022-09-23,2022-09-23,5,275.51,4.77,기한청산
QQQ,9,아래,-4.5,가능,2023-09-15,370.81,2023-09-22,2023-09-22,5,357.91,3.48,기한청산
QQQ,9,아래,-4.5,가능,2024-09-20,482.44,2024-09-27,2024-09-27,5,486.75,-0.89,기한청산
QQQ,9,아래,-4.5,가능,2025-09-19,599.35,2025-09-26,2025-09-26,5,595.97,0.56,기한청산
QQQ,9,아래,-5.0,가능,1999-09-17,63.3125,1999-09-24,1999-09-24,5,60.0781,5.11,기한청산
QQQ,9,아래,-5.0,가능,2000-09-15,91.3125,2000-09-22,2000-09-22,5,92.9375,-1.78,기한청산
QQQ,9,아래,-5.0,가능,2001-09-21,28.19,2001-09-28,2001-09-24,1,29.5995,-5.0,장중손절
QQQ,9,아래,-5.0,가능,2002-09-20,21.67,2002-09-27,2002-09-27,5,21.31,1.66,기한청산
QQQ,9,아래,-5.0,가능,2003-09-19,34.58,2003-09-26,2003-09-26,5,32.58,5.78,기한청산
QQQ,9,아래,-5.0,가능,2004-09-17,35.43,2004-09-24,2004-09-24,5,34.8,1.78,기한청산
QQQ,9,아래,-5.0,가능,2005-09-16,39.4,2005-09-23,2005-09-23,5,38.75,1.65,기한청산
QQQ,9,아래,-5.0,가능,2006-09-15,40.11,2006-09-22,2006-09-22,5,39.87,0.6,기한청산
QQQ,9,아래,-5.0,가능,2007-09-21,50.36,2007-09-28,2007-09-28,5,51.41,-2.08,기한청산
QQQ,9,아래,-5.0,가능,2008-09-19,42.9,2008-09-26,2008-09-26,5,41.08,4.24,기한청산
QQQ,9,아래,-5.0,가능,2009-09-18,42.44,2009-09-25,2009-09-25,5,41.7,1.74,기한청산
QQQ,9,아래,-5.0,가능,2010-09-17,47.99,2010-09-24,2010-09-24,5,49.66,-3.48,기한청산
QQQ,9,아래,-5.0,가능,2011-09-16,56.59,2011-09-23,2011-09-23,5,54.15,4.31,기한청산
QQQ,9,아래,-5.0,가능,2012-09-21,70.15,2012-09-28,2012-09-28,5,68.57,2.25,기한청산
QQQ,9,아래,-5.0,가능,2013-09-20,78.99,2013-09-27,2013-09-27,5,79.07,-0.1,기한청산
QQQ,9,아래,-5.0,가능,2014-09-19,99.98,2014-09-26,2014-09-26,5,98.78,1.2,기한청산
QQQ,9,아래,-5.0,가능,2015-09-18,105.35,2015-09-25,2015-09-25,5,102.92,2.31,기한청산
QQQ,9,아래,-5.0,가능,2016-09-16,117.29,2016-09-23,2016-09-23,5,118.33,-0.89,기한청산
QQQ,9,아래,-5.0,가능,2017-09-15,146.06,2017-09-22,2017-09-22,5,144.32,1.19,기한청산
QQQ,9,아래,-5.0,가능,2018-09-21,183.71,2018-09-28,2018-09-28,5,185.79,-1.13,기한청산
QQQ,9,아래,-5.0,가능,2019-09-20,190.8,2019-09-27,2019-09-27,5,187.03,1.98,기한청산
QQQ,9,아래,-5.0,가능,2020-09-18,266.87,2020-09-25,2020-09-25,5,271.56,-1.76,기한청산
QQQ,9,아래,-5.0,가능,2021-09-17,373.83,2021-09-24,2021-09-24,5,373.33,0.13,기한청산
QQQ,9,아래,-5.0,가능,2022-09-16,289.32,2022-09-23,2022-09-23,5,275.51,4.77,기한청산
QQQ,9,아래,-5.0,가능,2023-09-15,370.81,2023-09-22,2023-09-22,5,357.91,3.48,기한청산
QQQ,9,아래,-5.0,가능,2024-09-20,482.44,2024-09-27,2024-09-27,5,486.75,-0.89,기한청산
QQQ,9,아래,-5.0,가능,2025-09-19,599.35,2025-09-26,2025-09-26,5,595.97,0.56,기한청산
QQQ,9,아래,-5.5,가능,1999-09-17,63.3125,1999-09-24,1999-09-24,5,60.0781,5.11,기한청산
QQQ,9,아래,-5.5,가능,2000-09-15,91.3125,2000-09-22,2000-09-22,5,92.9375,-1.78,기한청산
QQQ,9,아래,-5.5,가능,2001-09-21,28.19,2001-09-28,2001-09-24,1,29.7404,-5.5,장중손절
QQQ,9,아래,-5.5,가능,2002-09-20,21.67,2002-09-27,2002-09-27,5,21.31,1.66,기한청산
QQQ,9,아래,-5.5,가능,2003-09-19,34.58,2003-09-26,2003-09-26,5,32.58,5.78,기한청산
QQQ,9,아래,-5.5,가능,2004-09-17,35.43,2004-09-24,2004-09-24,5,34.8,1.78,기한청산
QQQ,9,아래,-5.5,가능,2005-09-16,39.4,2005-09-23,2005-09-23,5,38.75,1.65,기한청산
QQQ,9,아래,-5.5,가능,2006-09-15,40.11,2006-09-22,2006-09-22,5,39.87,0.6,기한청산
QQQ,9,아래,-5.5,가능,2007-09-21,50.36,2007-09-28,2007-09-28,5,51.41,-2.08,기한청산
QQQ,9,아래,-5.5,가능,2008-09-19,42.9,2008-09-26,2008-09-26,5,41.08,4.24,기한청산
QQQ,9,아래,-5.5,가능,2009-09-18,42.44,2009-09-25,2009-09-25,5,41.7,1.74,기한청산
QQQ,9,아래,-5.5,가능,2010-09-17,47.99,2010-09-24,2010-09-24,5,49.66,-3.48,기한청산
QQQ,9,아래,-5.5,가능,2011-09-16,56.59,2011-09-23,2011-09-23,5,54.15,4.31,기한청산
QQQ,9,아래,-5.5,가능,2012-09-21,70.15,2012-09-28,2012-09-28,5,68.57,2.25,기한청산
QQQ,9,아래,-5.5,가능,2013-09-20,78.99,2013-09-27,2013-09-27,5,79.07,-0.1,기한청산
QQQ,9,아래,-5.5,가능,2014-09-19,99.98,2014-09-26,2014-09-26,5,98.78,1.2,기한청산
QQQ,9,아래,-5.5,가능,2015-09-18,105.35,2015-09-25,2015-09-25,5,102.92,2.31,기한청산
QQQ,9,아래,-5.5,가능,2016-09-16,117.29,2016-09-23,2016-09-23,5,118.33,-0.89,기한청산
QQQ,9,아래,-5.5,가능,2017-09-15,146.06,2017-09-22,2017-09-22,5,144.32,1.19,기한청산
QQQ,9,아래,-5.5,가능,2018-09-21,183.71,2018-09-28,2018-09-28,5,185.79,-1.13,기한청산
QQQ,9,아래,-5.5,가능,2019-09-20,190.8,2019-09-27,2019-09-27,5,187.03,1.98,기한청산
QQQ,9,아래,-5.5,가능,2020-09-18,266.87,2020-09-25,2020-09-25,5,271.56,-1.76,기한청산
QQQ,9,아래,-5.5,가능,2021-09-17,373.83,2021-09-24,2021-09-24,5,373.33,0.13,기한청산
QQQ,9,아래,-5.5,가능,2022-09-16,289.32,2022-09-23,2022-09-23,5,275.51,4.77,기한청산
QQQ,9,아래,-5.5,가능,2023-09-15,370.81,2023-09-22,2023-09-22,5,357.91,3.48,기한청산
QQQ,9,아래,-5.5,가능,2024-09-20,482.44,2024-09-27,2024-09-27,5,486.75,-0.89,기한청산
QQQ,9,아래,-5.5,가능,2025-09-19,599.35,2025-09-26,2025-09-26,5,595.97,0.56,기한청산
QQQ,9,아래,-6.0,가능,1999-09-17,63.3125,1999-09-24,1999-09-24,5,60.0781,5.11,기한청산
QQQ,9,아래,-6.0,가능,2000-09-15,91.3125,2000-09-22,2000-09-22,5,92.9375,-1.78,기한청산
QQQ,9,아래,-6.0,가능,2001-09-21,28.19,2001-09-28,2001-09-24,1,29.8814,-6.0,장중손절
QQQ,9,아래,-6.0,가능,2002-09-20,21.67,2002-09-27,2002-09-27,5,21.31,1.66,기한청산
QQQ,9,아래,-6.0,가능,2003-09-19,34.58,2003-09-26,2003-09-26,5,32.58,5.78,기한청산
QQQ,9,아래,-6.0,가능,2004-09-17,35.43,2004-09-24,2004-09-24,5,34.8,1.78,기한청산
QQQ,9,아래,-6.0,가능,2005-09-16,39.4,2005-09-23,2005-09-23,5,38.75,1.65,기한청산
QQQ,9,아래,-6.0,가능,2006-09-15,40.11,2006-09-22,2006-09-22,5,39.87,0.6,기한청산
QQQ,9,아래,-6.0,가능,2007-09-21,50.36,2007-09-28,2007-09-28,5,51.41,-2.08,기한청산
QQQ,9,아래,-6.0,가능,2008-09-19,42.9,2008-09-26,2008-09-26,5,41.08,4.24,기한청산
QQQ,9,아래,-6.0,가능,2009-09-18,42.44,2009-09-25,2009-09-25,5,41.7,1.74,기한청산
QQQ,9,아래,-6.0,가능,2010-09-17,47.99,2010-09-24,2010-09-24,5,49.66,-3.48,기한청산
QQQ,9,아래,-6.0,가능,2011-09-16,56.59,2011-09-23,2011-09-23,5,54.15,4.31,기한청산
QQQ,9,아래,-6.0,가능,2012-09-21,70.15,2012-09-28,2012-09-28,5,68.57,2.25,기한청산
QQQ,9,아래,-6.0,가능,2013-09-20,78.99,2013-09-27,2013-09-27,5,79.07,-0.1,기한청산
QQQ,9,아래,-6.0,가능,2014-09-19,99.98,2014-09-26,2014-09-26,5,98.78,1.2,기한청산
QQQ,9,아래,-6.0,가능,2015-09-18,105.35,2015-09-25,2015-09-25,5,102.92,2.31,기한청산
QQQ,9,아래,-6.0,가능,2016-09-16,117.29,2016-09-23,2016-09-23,5,118.33,-0.89,기한청산
QQQ,9,아래,-6.0,가능,2017-09-15,146.06,2017-09-22,2017-09-22,5,144.32,1.19,기한청산
QQQ,9,아래,-6.0,가능,2018-09-21,183.71,2018-09-28,2018-09-28,5,185.79,-1.13,기한청산
QQQ,9,아래,-6.0,가능,2019-09-20,190.8,2019-09-27,2019-09-27,5,187.03,1.98,기한청산
QQQ,9,아래,-6.0,가능,2020-09-18,266.87,2020-09-25,2020-09-25,5,271.56,-1.76,기한청산
QQQ,9,아래,-6.0,가능,2021-09-17,373.83,2021-09-24,2021-09-24,5,373.33,0.13,기한청산
QQQ,9,아래,-6.0,가능,2022-09-16,289.32,2022-09-23,2022-09-23,5,275.51,4.77,기한청산
QQQ,9,아래,-6.0,가능,2023-09-15,370.81,2023-09-22,2023-09-22,5,357.91,3.48,기한청산
QQQ,9,아래,-6.0,가능,2024-09-20,482.44,2024-09-27,2024-09-27,5,486.75,-0.89,기한청산
QQQ,9,아래,-6.0,가능,2025-09-19,599.35,2025-09-26,2025-09-26,5,595.97,0.56,기한청산
QQQ,9,아래,-6.5,가능,1999-09-17,63.3125,1999-09-24,1999-09-24,5,60.0781,5.11,기한청산
QQQ,9,아래,-6.5,가능,2000-09-15,91.3125,2000-09-22,2000-09-22,5,92.9375,-1.78,기한청산
QQQ,9,아래,-6.5,가능,2001-09-21,28.19,2001-09-28,2001-09-25,2,30.0223,-6.5,장중손절
QQQ,9,아래,-6.5,가능,2002-09-20,21.67,2002-09-27,2002-09-27,5,21.31,1.66,기한청산
QQQ,9,아래,-6.5,가능,2003-09-19,34.58,2003-09-26,2003-09-26,5,32.58,5.78,기한청산
QQQ,9,아래,-6.5,가능,2004-09-17,35.43,2004-09-24,2004-09-24,5,34.8,1.78,기한청산
QQQ,9,아래,-6.5,가능,2005-09-16,39.4,2005-09-23,2005-09-23,5,38.75,1.65,기한청산
QQQ,9,아래,-6.5,가능,2006-09-15,40.11,2006-09-22,2006-09-22,5,39.87,0.6,기한청산
QQQ,9,아래,-6.5,가능,2007-09-21,50.36,2007-09-28,2007-09-28,5,51.41,-2.08,기한청산
QQQ,9,아래,-6.5,가능,2008-09-19,42.9,2008-09-26,2008-09-26,5,41.08,4.24,기한청산
QQQ,9,아래,-6.5,가능,2009-09-18,42.44,2009-09-25,2009-09-25,5,41.7,1.74,기한청산
QQQ,9,아래,-6.5,가능,2010-09-17,47.99,2010-09-24,2010-09-24,5,49.66,-3.48,기한청산
QQQ,9,아래,-6.5,가능,2011-09-16,56.59,2011-09-23,2011-09-23,5,54.15,4.31,기한청산
QQQ,9,아래,-6.5,가능,2012-09-21,70.15,2012-09-28,2012-09-28,5,68.57,2.25,기한청산
QQQ,9,아래,-6.5,가능,2013-09-20,78.99,2013-09-27,2013-09-27,5,79.07,-0.1,기한청산
QQQ,9,아래,-6.5,가능,2014-09-19,99.98,2014-09-26,2014-09-26,5,98.78,1.2,기한청산
QQQ,9,아래,-6.5,가능,2015-09-18,105.35,2015-09-25,2015-09-25,5,102.92,2.31,기한청산
QQQ,9,아래,-6.5,가능,2016-09-16,117.29,2016-09-23,2016-09-23,5,118.33,-0.89,기한청산
QQQ,9,아래,-6.5,가능,2017-09-15,146.06,2017-09-22,2017-09-22,5,144.32,1.19,기한청산
QQQ,9,아래,-6.5,가능,2018-09-21,183.71,2018-09-28,2018-09-28,5,185.79,-1.13,기한청산
QQQ,9,아래,-6.5,가능,2019-09-20,190.8,2019-09-27,2019-09-27,5,187.03,1.98,기한청산
QQQ,9,아래,-6.5,가능,2020-09-18,266.87,2020-09-25,2020-09-25,5,271.56,-1.76,기한청산
QQQ,9,아래,-6.5,가능,2021-09-17,373.83,2021-09-24,2021-09-24,5,373.33,0.13,기한청산
QQQ,9,아래,-6.5,가능,2022-09-16,289.32,2022-09-23,2022-09-23,5,275.51,4.77,기한청산
QQQ,9,아래,-6.5,가능,2023-09-15,370.81,2023-09-22,2023-09-22,5,357.91,3.48,기한청산
QQQ,9,아래,-6.5,가능,2024-09-20,482.44,2024-09-27,2024-09-27,5,486.75,-0.89,기한청산
QQQ,9,아래,-6.5,가능,2025-09-19,599.35,2025-09-26,2025-09-26,5,595.97,0.56,기한청산
QQQ,9,아래,-7.0,가능,1999-09-17,63.3125,1999-09-24,1999-09-24,5,60.0781,5.11,기한청산
QQQ,9,아래,-7.0,가능,2000-09-15,91.3125,2000-09-22,2000-09-22,5,92.9375,-1.78,기한청산
QQQ,9,아래,-7.0,가능,2001-09-21,28.19,2001-09-28,2001-09-25,2,30.1633,-7.0,장중손절
QQQ,9,아래,-7.0,가능,2002-09-20,21.67,2002-09-27,2002-09-27,5,21.31,1.66,기한청산
QQQ,9,아래,-7.0,가능,2003-09-19,34.58,2003-09-26,2003-09-26,5,32.58,5.78,기한청산
QQQ,9,아래,-7.0,가능,2004-09-17,35.43,2004-09-24,2004-09-24,5,34.8,1.78,기한청산
QQQ,9,아래,-7.0,가능,2005-09-16,39.4,2005-09-23,2005-09-23,5,38.75,1.65,기한청산
QQQ,9,아래,-7.0,가능,2006-09-15,40.11,2006-09-22,2006-09-22,5,39.87,0.6,기한청산
QQQ,9,아래,-7.0,가능,2007-09-21,50.36,2007-09-28,2007-09-28,5,51.41,-2.08,기한청산
QQQ,9,아래,-7.0,가능,2008-09-19,42.9,2008-09-26,2008-09-26,5,41.08,4.24,기한청산
QQQ,9,아래,-7.0,가능,2009-09-18,42.44,2009-09-25,2009-09-25,5,41.7,1.74,기한청산
QQQ,9,아래,-7.0,가능,2010-09-17,47.99,2010-09-24,2010-09-24,5,49.66,-3.48,기한청산
QQQ,9,아래,-7.0,가능,2011-09-16,56.59,2011-09-23,2011-09-23,5,54.15,4.31,기한청산
QQQ,9,아래,-7.0,가능,2012-09-21,70.15,2012-09-28,2012-09-28,5,68.57,2.25,기한청산
QQQ,9,아래,-7.0,가능,2013-09-20,78.99,2013-09-27,2013-09-27,5,79.07,-0.1,기한청산
QQQ,9,아래,-7.0,가능,2014-09-19,99.98,2014-09-26,2014-09-26,5,98.78,1.2,기한청산
QQQ,9,아래,-7.0,가능,2015-09-18,105.35,2015-09-25,2015-09-25,5,102.92,2.31,기한청산
QQQ,9,아래,-7.0,가능,2016-09-16,117.29,2016-09-23,2016-09-23,5,118.33,-0.89,기한청산
QQQ,9,아래,-7.0,가능,2017-09-15,146.06,2017-09-22,2017-09-22,5,144.32,1.19,기한청산
QQQ,9,아래,-7.0,가능,2018-09-21,183.71,2018-09-28,2018-09-28,5,185.79,-1.13,기한청산
QQQ,9,아래,-7.0,가능,2019-09-20,190.8,2019-09-27,2019-09-27,5,187.03,1.98,기한청산
QQQ,9,아래,-7.0,가능,2020-09-18,266.87,2020-09-25,2020-09-25,5,271.56,-1.76,기한청산
QQQ,9,아래,-7.0,가능,2021-09-17,373.83,2021-09-24,2021-09-24,5,373.33,0.13,기한청산
QQQ,9,아래,-7.0,가능,2022-09-16,289.32,2022-09-23,2022-09-23,5,275.51,4.77,기한청산
QQQ,9,아래,-7.0,가능,2023-09-15,370.81,2023-09-22,2023-09-22,5,357.91,3.48,기한청산
QQQ,9,아래,-7.0,가능,2024-09-20,482.44,2024-09-27,2024-09-27,5,486.75,-0.89,기한청산
QQQ,9,아래,-7.0,가능,2025-09-19,599.35,2025-09-26,2025-09-26,5,595.97,0.56,기한청산
QQQ,9,아래,-7.5,가능,1999-09-17,63.3125,1999-09-24,1999-09-24,5,60.0781,5.11,기한청산
QQQ,9,아래,-7.5,가능,2000-09-15,91.3125,2000-09-22,2000-09-22,5,92.9375,-1.78,기한청산
QQQ,9,아래,-7.5,가능,2001-09-21,28.19,2001-09-28,2001-09-25,2,30.3042,-7.5,장중손절
QQQ,9,아래,-7.5,가능,2002-09-20,21.67,2002-09-27,2002-09-27,5,21.31,1.66,기한청산
QQQ,9,아래,-7.5,가능,2003-09-19,34.58,2003-09-26,2003-09-26,5,32.58,5.78,기한청산
QQQ,9,아래,-7.5,가능,2004-09-17,35.43,2004-09-24,2004-09-24,5,34.8,1.78,기한청산
QQQ,9,아래,-7.5,가능,2005-09-16,39.4,2005-09-23,2005-09-23,5,38.75,1.65,기한청산
QQQ,9,아래,-7.5,가능,2006-09-15,40.11,2006-09-22,2006-09-22,5,39.87,0.6,기한청산
QQQ,9,아래,-7.5,가능,2007-09-21,50.36,2007-09-28,2007-09-28,5,51.41,-2.08,기한청산
QQQ,9,아래,-7.5,가능,2008-09-19,42.9,2008-09-26,2008-09-26,5,41.08,4.24,기한청산
QQQ,9,아래,-7.5,가능,2009-09-18,42.44,2009-09-25,2009-09-25,5,41.7,1.74,기한청산
QQQ,9,아래,-7.5,가능,2010-09-17,47.99,2010-09-24,2010-09-24,5,49.66,-3.48,기한청산
QQQ,9,아래,-7.5,가능,2011-09-16,56.59,2011-09-23,2011-09-23,5,54.15,4.31,기한청산
QQQ,9,아래,-7.5,가능,2012-09-21,70.15,2012-09-28,2012-09-28,5,68.57,2.25,기한청산
QQQ,9,아래,-7.5,가능,2013-09-20,78.99,2013-09-27,2013-09-27,5,79.07,-0.1,기한청산
QQQ,9,아래,-7.5,가능,2014-09-19,99.98,2014-09-26,2014-09-26,5,98.78,1.2,기한청산
QQQ,9,아래,-7.5,가능,2015-09-18,105.35,2015-09-25,2015-09-25,5,102.92,2.31,기한청산
QQQ,9,아래,-7.5,가능,2016-09-16,117.29,2016-09-23,2016-09-23,5,118.33,-0.89,기한청산
QQQ,9,아래,-7.5,가능,2017-09-15,146.06,2017-09-22,2017-09-22,5,144.32,1.19,기한청산
QQQ,9,아래,-7.5,가능,2018-09-21,183.71,2018-09-28,2018-09-28,5,185.79,-1.13,기한청산
QQQ,9,아래,-7.5,가능,2019-09-20,190.8,2019-09-27,2019-09-27,5,187.03,1.98,기한청산
QQQ,9,아래,-7.5,가능,2020-09-18,266.87,2020-09-25,2020-09-25,5,271.56,-1.76,기한청산
QQQ,9,아래,-7.5,가능,2021-09-17,373.83,2021-09-24,2021-09-24,5,373.33,0.13,기한청산
QQQ,9,아래,-7.5,가능,2022-09-16,289.32,2022-09-23,2022-09-23,5,275.51,4.77,기한청산
QQQ,9,아래,-7.5,가능,2023-09-15,370.81,2023-09-22,2023-09-22,5,357.91,3.48,기한청산
QQQ,9,아래,-7.5,가능,2024-09-20,482.44,2024-09-27,2024-09-27,5,486.75,-0.89,기한청산
QQQ,9,아래,-7.5,가능,2025-09-19,599.35,2025-09-26,2025-09-26,5,595.97,0.56,기한청산
QQQ,9,아래,-8.0,가능,1999-09-17,63.3125,1999-09-24,1999-09-24,5,60.0781,5.11,기한청산
QQQ,9,아래,-8.0,가능,2000-09-15,91.3125,2000-09-22,2000-09-22,5,92.9375,-1.78,기한청산
QQQ,9,아래,-8.0,가능,2001-09-21,28.19,2001-09-28,2001-09-28,5,28.98,-2.8,기한청산
QQQ,9,아래,-8.0,가능,2002-09-20,21.67,2002-09-27,2002-09-27,5,21.31,1.66,기한청산
QQQ,9,아래,-8.0,가능,2003-09-19,34.58,2003-09-26,2003-09-26,5,32.58,5.78,기한청산
QQQ,9,아래,-8.0,가능,2004-09-17,35.43,2004-09-24,2004-09-24,5,34.8,1.78,기한청산
QQQ,9,아래,-8.0,가능,2005-09-16,39.4,2005-09-23,2005-09-23,5,38.75,1.65,기한청산
QQQ,9,아래,-8.0,가능,2006-09-15,40.11,2006-09-22,2006-09-22,5,39.87,0.6,기한청산
QQQ,9,아래,-8.0,가능,2007-09-21,50.36,2007-09-28,2007-09-28,5,51.41,-2.08,기한청산
QQQ,9,아래,-8.0,가능,2008-09-19,42.9,2008-09-26,2008-09-26,5,41.08,4.24,기한청산
QQQ,9,아래,-8.0,가능,2009-09-18,42.44,2009-09-25,2009-09-25,5,41.7,1.74,기한청산
QQQ,9,아래,-8.0,가능,2010-09-17,47.99,2010-09-24,2010-09-24,5,49.66,-3.48,기한청산
QQQ,9,아래,-8.0,가능,2011-09-16,56.59,2011-09-23,2011-09-23,5,54.15,4.31,기한청산
QQQ,9,아래,-8.0,가능,2012-09-21,70.15,2012-09-28,2012-09-28,5,68.57,2.25,기한청산
QQQ,9,아래,-8.0,가능,2013-09-20,78.99,2013-09-27,2013-09-27,5,79.07,-0.1,기한청산
QQQ,9,아래,-8.0,가능,2014-09-19,99.98,2014-09-26,2014-09-26,5,98.78,1.2,기한청산
QQQ,9,아래,-8.0,가능,2015-09-18,105.35,2015-09-25,2015-09-25,5,102.92,2.31,기한청산
QQQ,9,아래,-8.0,가능,2016-09-16,117.29,2016-09-23,2016-09-23,5,118.33,-0.89,기한청산
QQQ,9,아래,-8.0,가능,2017-09-15,146.06,2017-09-22,2017-09-22,5,144.32,1.19,기한청산
QQQ,9,아래,-8.0,가능,2018-09-21,183.71,2018-09-28,2018-09-28,5,185.79,-1.13,기한청산
QQQ,9,아래,-8.0,가능,2019-09-20,190.8,2019-09-27,2019-09-27,5,187.03,1.98,기한청산
QQQ,9,아래,-8.0,가능,2020-09-18,266.87,2020-09-25,2020-09-25,5,271.56,-1.76,기한청산
QQQ,9,아래,-8.0,가능,2021-09-17,373.83,2021-09-24,2021-09-24,5,373.33,0.13,기한청산
QQQ,9,아래,-8.0,가능,2022-09-16,289.32,2022-09-23,2022-09-23,5,275.51,4.77,기한청산
QQQ,9,아래,-8.0,가능,2023-09-15,370.81,2023-09-22,2023-09-22,5,357.91,3.48,기한청산
QQQ,9,아래,-8.0,가능,2024-09-20,482.44,2024-09-27,2024-09-27,5,486.75,-0.89,기한청산
QQQ,9,아래,-8.0,가능,2025-09-19,599.35,2025-09-26,2025-09-26,5,595.97,0.56,기한청산
QQQ,9,아래,-8.5,가능,1999-09-17,63.3125,1999-09-24,1999-09-24,5,60.0781,5.11,기한청산
QQQ,9,아래,-8.5,가능,2000-09-15,91.3125,2000-09-22,2000-09-22,5,92.9375,-1.78,기한청산
QQQ,9,아래,-8.5,가능,2001-09-21,28.19,2001-09-28,2001-09-28,5,28.98,-2.8,기한청산
QQQ,9,아래,-8.5,가능,2002-09-20,21.67,2002-09-27,2002-09-27,5,21.31,1.66,기한청산
QQQ,9,아래,-8.5,가능,2003-09-19,34.58,2003-09-26,2003-09-26,5,32.58,5.78,기한청산
QQQ,9,아래,-8.5,가능,2004-09-17,35.43,2004-09-24,2004-09-24,5,34.8,1.78,기한청산
QQQ,9,아래,-8.5,가능,2005-09-16,39.4,2005-09-23,2005-09-23,5,38.75,1.65,기한청산
QQQ,9,아래,-8.5,가능,2006-09-15,40.11,2006-09-22,2006-09-22,5,39.87,0.6,기한청산
QQQ,9,아래,-8.5,가능,2007-09-21,50.36,2007-09-28,2007-09-28,5,51.41,-2.08,기한청산
QQQ,9,아래,-8.5,가능,2008-09-19,42.9,2008-09-26,2008-09-26,5,41.08,4.24,기한청산
QQQ,9,아래,-8.5,가능,2009-09-18,42.44,2009-09-25,2009-09-25,5,41.7,1.74,기한청산
QQQ,9,아래,-8.5,가능,2010-09-17,47.99,2010-09-24,2010-09-24,5,49.66,-3.48,기한청산
QQQ,9,아래,-8.5,가능,2011-09-16,56.59,2011-09-23,2011-09-23,5,54.15,4.31,기한청산
QQQ,9,아래,-8.5,가능,2012-09-21,70.15,2012-09-28,2012-09-28,5,68.57,2.25,기한청산
QQQ,9,아래,-8.5,가능,2013-09-20,78.99,2013-09-27,2013-09-27,5,79.07,-0.1,기한청산
QQQ,9,아래,-8.5,가능,2014-09-19,99.98,2014-09-26,2014-09-26,5,98.78,1.2,기한청산
QQQ,9,아래,-8.5,가능,2015-09-18,105.35,2015-09-25,2015-09-25,5,102.92,2.31,기한청산
QQQ,9,아래,-8.5,가능,2016-09-16,117.29,2016-09-23,2016-09-23,5,118.33,-0.89,기한청산
QQQ,9,아래,-8.5,가능,2017-09-15,146.06,2017-09-22,2017-09-22,5,144.32,1.19,기한청산
QQQ,9,아래,-8.5,가능,2018-09-21,183.71,2018-09-28,2018-09-28,5,185.79,-1.13,기한청산
QQQ,9,아래,-8.5,가능,2019-09-20,190.8,2019-09-27,2019-09-27,5,187.03,1.98,기한청산
QQQ,9,아래,-8.5,가능,2020-09-18,266.87,2020-09-25,2020-09-25,5,271.56,-1.76,기한청산
QQQ,9,아래,-8.5,가능,2021-09-17,373.83,2021-09-24,2021-09-24,5,373.33,0.13,기한청산
QQQ,9,아래,-8.5,가능,2022-09-16,289.32,2022-09-23,2022-09-23,5,275.51,4.77,기한청산
QQQ,9,아래,-8.5,가능,2023-09-15,370.81,2023-09-22,2023-09-22,5,357.91,3.48,기한청산
QQQ,9,아래,-8.5,가능,2024-09-20,482.44,2024-09-27,2024-09-27,5,486.75,-0.89,기한청산
QQQ,9,아래,-8.5,가능,2025-09-19,599.35,2025-09-26,2025-09-26,5,595.97,0.56,기한청산
QQQ,9,아래,-9.0,가능,1999-09-17,63.3125,1999-09-24,1999-09-24,5,60.0781,5.11,기한청산
QQQ,9,아래,-9.0,가능,2000-09-15,91.3125,2000-09-22,2000-09-22,5,92.9375,-1.78,기한청산
QQQ,9,아래,-9.0,가능,2001-09-21,28.19,2001-09-28,2001-09-28,5,28.98,-2.8,기한청산
QQQ,9,아래,-9.0,가능,2002-09-20,21.67,2002-09-27,2002-09-27,5,21.31,1.66,기한청산
QQQ,9,아래,-9.0,가능,2003-09-19,34.58,2003-09-26,2003-09-26,5,32.58,5.78,기한청산
QQQ,9,아래,-9.0,가능,2004-09-17,35.43,2004-09-24,2004-09-24,5,34.8,1.78,기한청산
QQQ,9,아래,-9.0,가능,2005-09-16,39.4,2005-09-23,2005-09-23,5,38.75,1.65,기한청산
QQQ,9,아래,-9.0,가능,2006-09-15,40.11,2006-09-22,2006-09-22,5,39.87,0.6,기한청산
QQQ,9,아래,-9.0,가능,2007-09-21,50.36,2007-09-28,2007-09-28,5,51.41,-2.08,기한청산
QQQ,9,아래,-9.0,가능,2008-09-19,42.9,2008-09-26,2008-09-26,5,41.08,4.24,기한청산
QQQ,9,아래,-9.0,가능,2009-09-18,42.44,2009-09-25,2009-09-25,5,41.7,1.74,기한청산
QQQ,9,아래,-9.0,가능,2010-09-17,47.99,2010-09-24,2010-09-24,5,49.66,-3.48,기한청산
QQQ,9,아래,-9.0,가능,2011-09-16,56.59,2011-09-23,2011-09-23,5,54.15,4.31,기한청산
QQQ,9,아래,-9.0,가능,2012-09-21,70.15,2012-09-28,2012-09-28,5,68.57,2.25,기한청산
QQQ,9,아래,-9.0,가능,2013-09-20,78.99,2013-09-27,2013-09-27,5,79.07,-0.1,기한청산
QQQ,9,아래,-9.0,가능,2014-09-19,99.98,2014-09-26,2014-09-26,5,98.78,1.2,기한청산
QQQ,9,아래,-9.0,가능,2015-09-18,105.35,2015-09-25,2015-09-25,5,102.92,2.31,기한청산
QQQ,9,아래,-9.0,가능,2016-09-16,117.29,2016-09-23,2016-09-23,5,118.33,-0.89,기한청산
QQQ,9,아래,-9.0,가능,2017-09-15,146.06,2017-09-22,2017-09-22,5,144.32,1.19,기한청산
QQQ,9,아래,-9.0,가능,2018-09-21,183.71,2018-09-28,2018-09-28,5,185.79,-1.13,기한청산
QQQ,9,아래,-9.0,가능,2019-09-20,190.8,2019-09-27,2019-09-27,5,187.03,1.98,기한청산
QQQ,9,아래,-9.0,가능,2020-09-18,266.87,2020-09-25,2020-09-25,5,271.56,-1.76,기한청산
QQQ,9,아래,-9.0,가능,2021-09-17,373.83,2021-09-24,2021-09-24,5,373.33,0.13,기한청산
QQQ,9,아래,-9.0,가능,2022-09-16,289.32,2022-09-23,2022-09-23,5,275.51,4.77,기한청산
QQQ,9,아래,-9.0,가능,2023-09-15,370.81,2023-09-22,2023-09-22,5,357.91,3.48,기한청산
QQQ,9,아래,-9.0,가능,2024-09-20,482.44,2024-09-27,2024-09-27,5,486.75,-0.89,기한청산
QQQ,9,아래,-9.0,가능,2025-09-19,599.35,2025-09-26,2025-09-26,5,595.97,0.56,기한청산
QQQ,9,아래,-9.5,가능,1999-09-17,63.3125,1999-09-24,1999-09-24,5,60.0781,5.11,기한청산
QQQ,9,아래,-9.5,가능,2000-09-15,91.3125,2000-09-22,2000-09-22,5,92.9375,-1.78,기한청산
QQQ,9,아래,-9.5,가능,2001-09-21,28.19,2001-09-28,2001-09-28,5,28.98,-2.8,기한청산
QQQ,9,아래,-9.5,가능,2002-09-20,21.67,2002-09-27,2002-09-27,5,21.31,1.66,기한청산
QQQ,9,아래,-9.5,가능,2003-09-19,34.58,2003-09-26,2003-09-26,5,32.58,5.78,기한청산
QQQ,9,아래,-9.5,가능,2004-09-17,35.43,2004-09-24,2004-09-24,5,34.8,1.78,기한청산
QQQ,9,아래,-9.5,가능,2005-09-16,39.4,2005-09-23,2005-09-23,5,38.75,1.65,기한청산
QQQ,9,아래,-9.5,가능,2006-09-15,40.11,2006-09-22,2006-09-22,5,39.87,0.6,기한청산
QQQ,9,아래,-9.5,가능,2007-09-21,50.36,2007-09-28,2007-09-28,5,51.41,-2.08,기한청산
QQQ,9,아래,-9.5,가능,2008-09-19,42.9,2008-09-26,2008-09-26,5,41.08,4.24,기한청산
QQQ,9,아래,-9.5,가능,2009-09-18,42.44,2009-09-25,2009-09-25,5,41.7,1.74,기한청산
QQQ,9,아래,-9.5,가능,2010-09-17,47.99,2010-09-24,2010-09-24,5,49.66,-3.48,기한청산
QQQ,9,아래,-9.5,가능,2011-09-16,56.59,2011-09-23,2011-09-23,5,54.15,4.31,기한청산
QQQ,9,아래,-9.5,가능,2012-09-21,70.15,2012-09-28,2012-09-28,5,68.57,2.25,기한청산
QQQ,9,아래,-9.5,가능,2013-09-20,78.99,2013-09-27,2013-09-27,5,79.07,-0.1,기한청산
QQQ,9,아래,-9.5,가능,2014-09-19,99.98,2014-09-26,2014-09-26,5,98.78,1.2,기한청산
QQQ,9,아래,-9.5,가능,2015-09-18,105.35,2015-09-25,2015-09-25,5,102.92,2.31,기한청산
QQQ,9,아래,-9.5,가능,2016-09-16,117.29,2016-09-23,2016-09-23,5,118.33,-0.89,기한청산
QQQ,9,아래,-9.5,가능,2017-09-15,146.06,2017-09-22,2017-09-22,5,144.32,1.19,기한청산
QQQ,9,아래,-9.5,가능,2018-09-21,183.71,2018-09-28,2018-09-28,5,185.79,-1.13,기한청산
QQQ,9,아래,-9.5,가능,2019-09-20,190.8,2019-09-27,2019-09-27,5,187.03,1.98,기한청산
QQQ,9,아래,-9.5,가능,2020-09-18,266.87,2020-09-25,2020-09-25,5,271.56,-1.76,기한청산
QQQ,9,아래,-9.5,가능,2021-09-17,373.83,2021-09-24,2021-09-24,5,373.33,0.13,기한청산
QQQ,9,아래,-9.5,가능,2022-09-16,289.32,2022-09-23,2022-09-23,5,275.51,4.77,기한청산
QQQ,9,아래,-9.5,가능,2023-09-15,370.81,2023-09-22,2023-09-22,5,357.91,3.48,기한청산
QQQ,9,아래,-9.5,가능,2024-09-20,482.44,2024-09-27,2024-09-27,5,486.75,-0.89,기한청산
QQQ,9,아래,-9.5,가능,2025-09-19,599.35,2025-09-26,2025-09-26,5,595.97,0.56,기한청산
QQQ,9,아래,-10.0,가능,1999-09-17,63.3125,1999-09-24,1999-09-24,5,60.0781,5.11,기한청산
QQQ,9,아래,-10.0,가능,2000-09-15,91.3125,2000-09-22,2000-09-22,5,92.9375,-1.78,기한청산
QQQ,9,아래,-10.0,가능,2001-09-21,28.19,2001-09-28,2001-09-28,5,28.98,-2.8,기한청산
QQQ,9,아래,-10.0,가능,2002-09-20,21.67,2002-09-27,2002-09-27,5,21.31,1.66,기한청산
QQQ,9,아래,-10.0,가능,2003-09-19,34.58,2003-09-26,2003-09-26,5,32.58,5.78,기한청산
QQQ,9,아래,-10.0,가능,2004-09-17,35.43,2004-09-24,2004-09-24,5,34.8,1.78,기한청산
QQQ,9,아래,-10.0,가능,2005-09-16,39.4,2005-09-23,2005-09-23,5,38.75,1.65,기한청산
QQQ,9,아래,-10.0,가능,2006-09-15,40.11,2006-09-22,2006-09-22,5,39.87,0.6,기한청산
QQQ,9,아래,-10.0,가능,2007-09-21,50.36,2007-09-28,2007-09-28,5,51.41,-2.08,기한청산
QQQ,9,아래,-10.0,가능,2008-09-19,42.9,2008-09-26,2008-09-26,5,41.08,4.24,기한청산
QQQ,9,아래,-10.0,가능,2009-09-18,42.44,2009-09-25,2009-09-25,5,41.7,1.74,기한청산
QQQ,9,아래,-10.0,가능,2010-09-17,47.99,2010-09-24,2010-09-24,5,49.66,-3.48,기한청산
QQQ,9,아래,-10.0,가능,2011-09-16,56.59,2011-09-23,2011-09-23,5,54.15,4.31,기한청산
QQQ,9,아래,-10.0,가능,2012-09-21,70.15,2012-09-28,2012-09-28,5,68.57,2.25,기한청산
QQQ,9,아래,-10.0,가능,2013-09-20,78.99,2013-09-27,2013-09-27,5,79.07,-0.1,기한청산
QQQ,9,아래,-10.0,가능,2014-09-19,99.98,2014-09-26,2014-09-26,5,98.78,1.2,기한청산
QQQ,9,아래,-10.0,가능,2015-09-18,105.35,2015-09-25,2015-09-25,5,102.92,2.31,기한청산
QQQ,9,아래,-10.0,가능,2016-09-16,117.29,2016-09-23,2016-09-23,5,118.33,-0.89,기한청산
QQQ,9,아래,-10.0,가능,2017-09-15,146.06,2017-09-22,2017-09-22,5,144.32,1.19,기한청산
QQQ,9,아래,-10.0,가능,2018-09-21,183.71,2018-09-28,2018-09-28,5,185.79,-1.13,기한청산
QQQ,9,아래,-10.0,가능,2019-09-20,190.8,2019-09-27,2019-09-27,5,187.03,1.98,기한청산
QQQ,9,아래,-10.0,가능,2020-09-18,266.87,2020-09-25,2020-09-25,5,271.56,-1.76,기한청산
QQQ,9,아래,-10.0,가능,2021-09-17,373.83,2021-09-24,2021-09-24,5,373.33,0.13,기한청산
QQQ,9,아래,-10.0,가능,2022-09-16,289.32,2022-09-23,2022-09-23,5,275.51,4.77,기한청산
QQQ,9,아래,-10.0,가능,2023-09-15,370.81,2023-09-22,2023-09-22,5,357.91,3.48,기한청산
QQQ,9,아래,-10.0,가능,2024-09-20,482.44,2024-09-27,2024-09-27,5,486.75,-0.89,기한청산
QQQ,9,아래,-10.0,가능,2025-09-19,599.35,2025-09-26,2025-09-26,5,595.97,0.56,기한청산
QQQ,12,위,무손절,가능,1999-12-17,83.7812,1999-12-24,1999-12-23,4,90.2188,7.68,기한청산
QQQ,12,위,무손절,가능,2000-12-15,63.875,2000-12-22,2000-12-22,5,60.5,-5.28,기한청산
QQQ,12,위,무손절,가능,2001-12-21,39.48,2001-12-28,2001-12-28,4,40.33,2.15,기한청산
QQQ,12,위,무손절,가능,2002-12-20,25.32,2002-12-27,2002-12-27,4,24.82,-1.97,기한청산
QQQ,12,위,무손절,가능,2003-12-19,35.46,2003-12-26,2003-12-26,4,35.85,1.1,기한청산
QQQ,12,위,무손절,가능,2004-12-17,39.47,2004-12-24,2004-12-23,4,39.76,0.73,기한청산
QQQ,12,위,무손절,가능,2005-12-16,41.58,2005-12-23,2005-12-23,5,41.4,-0.43,기한청산
QQQ,12,위,무손절,가능,2006-12-15,44.43,2006-12-22,2006-12-22,5,42.93,-3.38,기한청산
QQQ,12,위,무손절,가능,2007-12-21,51.85,2007-12-28,2007-12-28,4,51.82,-0.06,기한청산
QQQ,12,위,무손절,가능,2008-12-19,29.86,2008-12-26,2008-12-26,4,29.13,-2.44,기한청산
QQQ,12,위,무손절,가능,2009-12-18,44.46,2009-12-25,2009-12-24,4,45.98,3.42,기한청산
QQQ,12,위,무손절,가능,2010-12-17,54.52,2010-12-24,2010-12-23,4,54.74,0.4,기한청산
QQQ,12,위,무손절,가능,2011-12-16,54.86,2011-12-23,2011-12-23,5,56.08,2.22,기한청산
QQQ,12,위,무손절,가능,2012-12-21,65.2,2012-12-28,2012-12-28,4,63.78,-2.18,기한청산
QQQ,12,위,무손절,가능,2013-12-20,86.5,2013-12-27,2013-12-27,4,87.52,1.18,기한청산
QQQ,12,위,무손절,가능,2014-12-19,104.32,2014-12-26,2014-12-26,4,105.04,0.69,기한청산
QQQ,12,위,무손절,가능,2015-12-18,109.83,2015-12-25,2015-12-24,4,112.59,2.51,기한청산
QQQ,12,위,무손절,가능,2016-12-16,119.6,2016-12-23,2016-12-23,5,120.2,0.5,기한청산
QQQ,12,위,무손절,가능,2017-12-15,157.65,2017-12-22,2017-12-22,5,157.37,-0.18,기한청산
QQQ,12,위,무손절,가능,2018-12-21,147.57,2018-12-28,2018-12-28,4,152.97,3.66,기한청산
QQQ,12,위,무손절,가능,2019-12-20,211.71,2019-12-27,2019-12-27,4,213.61,0.9,기한청산
QQQ,12,위,무손절,가능,2020-12-18,310.06,2020-12-25,2020-12-24,4,309.56,-0.16,기한청산
QQQ,12,위,무손절,가능,2021-12-17,384.91,2021-12-24,2021-12-23,4,396.92,3.12,기한청산
QQQ,12,위,무손절,가능,2022-12-16,274.25,2022-12-23,2022-12-23,5,267.36,-2.51,기한청산
QQQ,12,위,무손절,가능,2023-12-15,405.34,2023-12-22,2023-12-22,5,408.38,0.75,기한청산
QQQ,12,위,무손절,가능,2024-12-20,518.66,2024-12-27,2024-12-27,4,522.56,0.75,기한청산
QQQ,12,위,무손절,가능,2025-12-19,617.05,2025-12-26,2025-12-26,4,623.89,1.11,기한청산
QQQ,12,위,-1.0,가능,1999-12-17,83.7812,1999-12-24,1999-12-23,4,90.2188,7.68,기한청산
QQQ,12,위,-1.0,가능,2000-12-15,63.875,2000-12-22,2000-12-18,1,63.2362,-1.0,장중손절
QQQ,12,위,-1.0,가능,2001-12-21,39.48,2001-12-28,2001-12-28,4,40.33,2.15,기한청산
QQQ,12,위,-1.0,가능,2002-12-20,25.32,2002-12-27,2002-12-27,4,25.0668,-1.0,장중손절
QQQ,12,위,-1.0,가능,2003-12-19,35.46,2003-12-26,2003-12-26,4,35.85,1.1,기한청산
QQQ,12,위,-1.0,가능,2004-12-17,39.47,2004-12-24,2004-12-23,4,39.76,0.73,기한청산
QQQ,12,위,-1.0,가능,2005-12-16,41.58,2005-12-23,2005-12-19,1,41.1642,-1.0,장중손절
QQQ,12,위,-1.0,가능,2006-12-15,44.43,2006-12-22,2006-12-18,1,43.9857,-1.0,장중손절
QQQ,12,위,-1.0,가능,2007-12-21,51.85,2007-12-28,2007-12-28,4,51.82,-0.06,기한청산
QQQ,12,위,-1.0,가능,2008-12-19,29.86,2008-12-26,2008-12-22,1,29.5614,-1.0,장중손절
QQQ,12,위,-1.0,가능,2009-12-18,44.46,2009-12-25,2009-12-24,4,45.98,3.42,기한청산
QQQ,12,위,-1.0,가능,2010-12-17,54.52,2010-12-24,2010-12-23,4,54.74,0.4,기한청산
QQQ,12,위,-1.0,가능,2011-12-16,54.86,2011-12-23,2011-12-19,1,54.3114,-1.0,장중손절
QQQ,12,위,-1.0,가능,2012-12-21,65.2,2012-12-28,2012-12-26,2,64.548,-1.0,장중손절
QQQ,12,위,-1.0,가능,2013-12-20,86.5,2013-12-27,2013-12-27,4,87.52,1.18,기한청산
QQQ,12,위,-1.0,가능,2014-12-19,104.32,2014-12-26,2014-12-26,4,105.04,0.69,기한청산
QQQ,12,위,-1.0,가능,2015-12-18,109.83,2015-12-25,2015-12-24,4,112.59,2.51,기한청산
QQQ,12,위,-1.0,가능,2016-12-16,119.6,2016-12-23,2016-12-23,5,120.2,0.5,기한청산
QQQ,12,위,-1.0,가능,2017-12-15,157.65,2017-12-22,2017-12-22,5,157.37,-0.18,기한청산
QQQ,12,위,-1.0,가능,2018-12-21,147.57,2018-12-28,2018-12-24,1,146.08,-1.01,갭손절
QQQ,12,위,-1.0,가능,2019-12-20,211.71,2019-12-27,2019-12-27,4,213.61,0.9,기한청산
QQQ,12,위,-1.0,가능,2020-12-18,310.06,2020-12-25,2020-12-21,1,306.46,-1.16,갭손절
QQQ,12,위,-1.0,가능,2021-12-17,384.91,2021-12-24,2021-12-20,1,379.57,-1.39,갭손절
QQQ,12,위,-1.0,가능,2022-12-16,274.25,2022-12-23,2022-12-19,1,271.5075,-1.0,장중손절
QQQ,12,위,-1.0,가능,2023-12-15,405.34,2023-12-22,2023-12-22,5,408.38,0.75,기한청산
QQQ,12,위,-1.0,가능,2024-12-20,518.66,2024-12-27,2024-12-27,4,522.56,0.75,기한청산
QQQ,12,위,-1.0,가능,2025-12-19,617.05,2025-12-26,2025-12-26,4,623.89,1.11,기한청산
QQQ,12,위,-1.5,가능,1999-12-17,83.7812,1999-12-24,1999-12-23,4,90.2188,7.68,기한청산
QQQ,12,위,-1.5,가능,2000-12-15,63.875,2000-12-22,2000-12-18,1,62.9169,-1.5,장중손절
QQQ,12,위,-1.5,가능,2001-12-21,39.48,2001-12-28,2001-12-28,4,40.33,2.15,기한청산
QQQ,12,위,-1.5,가능,2002-12-20,25.32,2002-12-27,2002-12-27,4,24.9402,-1.5,장중손절
QQQ,12,위,-1.5,가능,2003-12-19,35.46,2003-12-26,2003-12-26,4,35.85,1.1,기한청산
QQQ,12,위,-1.5,가능,2004-12-17,39.47,2004-12-24,2004-12-23,4,39.76,0.73,기한청산
QQQ,12,위,-1.5,가능,2005-12-16,41.58,2005-12-23,2005-12-19,1,40.9563,-1.5,장중손절
QQQ,12,위,-1.5,가능,2006-12-15,44.43,2006-12-22,2006-12-19,2,43.65,-1.76,갭손절
QQQ,12,위,-1.5,가능,2007-12-21,51.85,2007-12-28,2007-12-28,4,51.82,-0.06,기한청산
QQQ,12,위,-1.5,가능,2008-12-19,29.86,2008-12-26,2008-12-22,1,29.4121,-1.5,장중손절
QQQ,12,위,-1.5,가능,2009-12-18,44.46,2009-12-25,2009-12-24,4,45.98,3.42,기한청산
QQQ,12,위,-1.5,가능,2010-12-17,54.52,2010-12-24,2010-12-23,4,54.74,0.4,기한청산
QQQ,12,위,-1.5,가능,2011-12-16,54.86,2011-12-23,2011-12-23,5,56.08,2.22,기한청산
QQQ,12,위,-1.5,가능,2012-12-21,65.2,2012-12-28,2012-12-27,3,64.222,-1.5,장중손절
QQQ,12,위,-1.5,가능,2013-12-20,86.5,2013-12-27,2013-12-27,4,87.52,1.18,기한청산
QQQ,12,위,-1.5,가능,2014-12-19,104.32,2014-12-26,2014-12-26,4,105.04,0.69,기한청산
QQQ,12,위,-1.5,가능,2015-12-18,109.83,2015-12-25,2015-12-24,4,112.59,2.51,기한청산
QQQ,12,위,-1.5,가능,2016-12-16,119.6,2016-12-23,2016-12-23,5,120.2,0.5,기한청산
QQQ,12,위,-1.5,가능,2017-12-15,157.65,2017-12-22,2017-12-22,5,157.37,-0.18,기한청산
QQQ,12,위,-1.5,가능,2018-12-21,147.57,2018-12-28,2018-12-24,1,145.3564,-1.5,장중손절
QQQ,12,위,-1.5,가능,2019-12-20,211.71,2019-12-27,2019-12-27,4,213.61,0.9,기한청산
QQQ,12,위,-1.5,가능,2020-12-18,310.06,2020-12-25,2020-12-21,1,305.4091,-1.5,장중손절
QQQ,12,위,-1.5,가능,2021-12-17,384.91,2021-12-24,2021-12-20,1,379.1363,-1.5,장중손절
QQQ,12,위,-1.5,가능,2022-12-16,274.25,2022-12-23,2022-12-19,1,270.1363,-1.5,장중손절
QQQ,12,위,-1.5,가능,2023-12-15,405.34,2023-12-22,2023-12-22,5,408.38,0.75,기한청산
QQQ,12,위,-1.5,가능,2024-12-20,518.66,2024-12-27,2024-12-27,4,522.56,0.75,기한청산
QQQ,12,위,-1.5,가능,2025-12-19,617.05,2025-12-26,2025-12-26,4,623.89,1.11,기한청산
QQQ,12,위,-2.0,가능,1999-12-17,83.7812,1999-12-24,1999-12-23,4,90.2188,7.68,기한청산
QQQ,12,위,-2.0,가능,2000-12-15,63.875,2000-12-22,2000-12-18,1,62.5975,-2.0,장중손절
QQQ,12,위,-2.0,가능,2001-12-21,39.48,2001-12-28,2001-12-28,4,40.33,2.15,기한청산
QQQ,12,위,-2.0,가능,2002-12-20,25.32,2002-12-27,2002-12-27,4,24.8136,-2.0,장중손절
QQQ,12,위,-2.0,가능,2003-12-19,35.46,2003-12-26,2003-12-26,4,35.85,1.1,기한청산
QQQ,12,위,-2.0,가능,2004-12-17,39.47,2004-12-24,2004-12-23,4,39.76,0.73,기한청산
QQQ,12,위,-2.0,가능,2005-12-16,41.58,2005-12-23,2005-12-23,5,41.4,-0.43,기한청산
QQQ,12,위,-2.0,가능,2006-12-15,44.43,2006-12-22,2006-12-19,2,43.5414,-2.0,장중손절
QQQ,12,위,-2.0,가능,2007-12-21,51.85,2007-12-28,2007-12-28,4,51.82,-0.06,기한청산
QQQ,12,위,-2.0,가능,2008-12-19,29.86,2008-12-26,2008-12-22,1,29.2628,-2.0,장중손절
QQQ,12,위,-2.0,가능,2009-12-18,44.46,2009-12-25,2009-12-24,4,45.98,3.42,기한청산
QQQ,12,위,-2.0,가능,2010-12-17,54.52,2010-12-24,2010-12-23,4,54.74,0.4,기한청산
QQQ,12,위,-2.0,가능,2011-12-16,54.86,2011-12-23,2011-12-23,5,56.08,2.22,기한청산
QQQ,12,위,-2.0,가능,2012-12-21,65.2,2012-12-28,2012-12-27,3,63.896,-2.0,장중손절
QQQ,12,위,-2.0,가능,2013-12-20,86.5,2013-12-27,2013-12-27,4,87.52,1.18,기한청산
QQQ,12,위,-2.0,가능,2014-12-19,104.32,2014-12-26,2014-12-26,4,105.04,0.69,기한청산
QQQ,12,위,-2.0,가능,2015-12-18,109.83,2015-12-25,2015-12-24,4,112.59,2.51,기한청산
QQQ,12,위,-2.0,가능,2016-12-16,119.6,2016-12-23,2016-12-23,5,120.2,0.5,기한청산
QQQ,12,위,-2.0,가능,2017-12-15,157.65,2017-12-22,2017-12-22,5,157.37,-0.18,기한청산
QQQ,12,위,-2.0,가능,2018-12-21,147.57,2018-12-28,2018-12-24,1,144.6186,-2.0,장중손절
QQQ,12,위,-2.0,가능,2019-12-20,211.71,2019-12-27,2019-12-27,4,213.61,0.9,기한청산
QQQ,12,위,-2.0,가능,2020-12-18,310.06,2020-12-25,2020-12-21,1,303.8588,-2.0,장중손절
QQQ,12,위,-2.0,가능,2021-12-17,384.91,2021-12-24,2021-12-23,4,396.92,3.12,기한청산
QQQ,12,위,-2.0,가능,2022-12-16,274.25,2022-12-23,2022-12-19,1,268.765,-2.0,장중손절
QQQ,12,위,-2.0,가능,2023-12-15,405.34,2023-12-22,2023-12-22,5,408.38,0.75,기한청산
QQQ,12,위,-2.0,가능,2024-12-20,518.66,2024-12-27,2024-12-27,4,522.56,0.75,기한청산
QQQ,12,위,-2.0,가능,2025-12-19,617.05,2025-12-26,2025-12-26,4,623.89,1.11,기한청산
QQQ,12,위,-2.5,가능,1999-12-17,83.7812,1999-12-24,1999-12-23,4,90.2188,7.68,기한청산
QQQ,12,위,-2.5,가능,2000-12-15,63.875,2000-12-22,2000-12-19,2,62.2781,-2.5,장중손절
QQQ,12,위,-2.5,가능,2001-12-21,39.48,2001-12-28,2001-12-28,4,40.33,2.15,기한청산
QQQ,12,위,-2.5,가능,2002-12-20,25.32,2002-12-27,2002-12-27,4,24.82,-1.97,기한청산
QQQ,12,위,-2.5,가능,2003-12-19,35.46,2003-12-26,2003-12-26,4,35.85,1.1,기한청산
QQQ,12,위,-2.5,가능,2004-12-17,39.47,2004-12-24,2004-12-23,4,39.76,0.73,기한청산
QQQ,12,위,-2.5,가능,2005-12-16,41.58,2005-12-23,2005-12-23,5,41.4,-0.43,기한청산
QQQ,12,위,-2.5,가능,2006-12-15,44.43,2006-12-22,2006-12-21,4,43.3192,-2.5,장중손절
QQQ,12,위,-2.5,가능,2007-12-21,51.85,2007-12-28,2007-12-28,4,51.82,-0.06,기한청산
QQQ,12,위,-2.5,가능,2008-12-19,29.86,2008-12-26,2008-12-22,1,29.1135,-2.5,장중손절
QQQ,12,위,-2.5,가능,2009-12-18,44.46,2009-12-25,2009-12-24,4,45.98,3.42,기한청산
QQQ,12,위,-2.5,가능,2010-12-17,54.52,2010-12-24,2010-12-23,4,54.74,0.4,기한청산
QQQ,12,위,-2.5,가능,2011-12-16,54.86,2011-12-23,2011-12-23,5,56.08,2.22,기한청산
QQQ,12,위,-2.5,가능,2012-12-21,65.2,2012-12-28,2012-12-28,4,63.78,-2.18,기한청산
QQQ,12,위,-2.5,가능,2013-12-20,86.5,2013-12-27,2013-12-27,4,87.52,1.18,기한청산
QQQ,12,위,-2.5,가능,2014-12-19,104.32,2014-12-26,2014-12-26,4,105.04,0.69,기한청산
QQQ,12,위,-2.5,가능,2015-12-18,109.83,2015-12-25,2015-12-24,4,112.59,2.51,기한청산
QQQ,12,위,-2.5,가능,2016-12-16,119.6,2016-12-23,2016-12-23,5,120.2,0.5,기한청산
QQQ,12,위,-2.5,가능,2017-12-15,157.65,2017-12-22,2017-12-22,5,157.37,-0.18,기한청산
QQQ,12,위,-2.5,가능,2018-12-21,147.57,2018-12-28,2018-12-24,1,143.8807,-2.5,장중손절
QQQ,12,위,-2.5,가능,2019-12-20,211.71,2019-12-27,2019-12-27,4,213.61,0.9,기한청산
QQQ,12,위,-2.5,가능,2020-12-18,310.06,2020-12-25,2020-12-24,4,309.56,-0.16,기한청산
QQQ,12,위,-2.5,가능,2021-12-17,384.91,2021-12-24,2021-12-23,4,396.92,3.12,기한청산
QQQ,12,위,-2.5,가능,2022-12-16,274.25,2022-12-23,2022-12-20,2,267.3938,-2.5,장중손절
QQQ,12,위,-2.5,가능,2023-12-15,405.34,2023-12-22,2023-12-22,5,408.38,0.75,기한청산
QQQ,12,위,-2.5,가능,2024-12-20,518.66,2024-12-27,2024-12-27,4,522.56,0.75,기한청산
QQQ,12,위,-2.5,가능,2025-12-19,617.05,2025-12-26,2025-12-26,4,623.89,1.11,기한청산
QQQ,12,위,-3.0,가능,1999-12-17,83.7812,1999-12-24,1999-12-23,4,90.2188,7.68,기한청산
QQQ,12,위,-3.0,가능,2000-12-15,63.875,2000-12-22,2000-12-19,2,61.9587,-3.0,장중손절
QQQ,12,위,-3.0,가능,2001-12-21,39.48,2001-12-28,2001-12-28,4,40.33,2.15,기한청산
QQQ,12,위,-3.0,가능,2002-12-20,25.32,2002-12-27,2002-12-27,4,24.82,-1.97,기한청산
QQQ,12,위,-3.0,가능,2003-12-19,35.46,2003-12-26,2003-12-26,4,35.85,1.1,기한청산
QQQ,12,위,-3.0,가능,2004-12-17,39.47,2004-12-24,2004-12-23,4,39.76,0.73,기한청산
QQQ,12,위,-3.0,가능,2005-12-16,41.58,2005-12-23,2005-12-23,5,41.4,-0.43,기한청산
QQQ,12,위,-3.0,가능,2006-12-15,44.43,2006-12-22,2006-12-22,5,43.0971,-3.0,장중손절
QQQ,12,위,-3.0,가능,2007-12-21,51.85,2007-12-28,2007-12-28,4,51.82,-0.06,기한청산
QQQ,12,위,-3.0,가능,2008-12-19,29.86,2008-12-26,2008-12-22,1,28.9642,-3.0,장중손절
QQQ,12,위,-3.0,가능,2009-12-18,44.46,2009-12-25,2009-12-24,4,45.98,3.42,기한청산
QQQ,12,위,-3.0,가능,2010-12-17,54.52,2010-12-24,2010-12-23,4,54.74,0.4,기한청산
QQQ,12,위,-3.0,가능,2011-12-16,54.86,2011-12-23,2011-12-23,5,56.08,2.22,기한청산
QQQ,12,위,-3.0,가능,2012-12-21,65.2,2012-12-28,2012-12-28,4,63.78,-2.18,기한청산
QQQ,12,위,-3.0,가능,2013-12-20,86.5,2013-12-27,2013-12-27,4,87.52,1.18,기한청산
QQQ,12,위,-3.0,가능,2014-12-19,104.32,2014-12-26,2014-12-26,4,105.04,0.69,기한청산
QQQ,12,위,-3.0,가능,2015-12-18,109.83,2015-12-25,2015-12-24,4,112.59,2.51,기한청산
QQQ,12,위,-3.0,가능,2016-12-16,119.6,2016-12-23,2016-12-23,5,120.2,0.5,기한청산
QQQ,12,위,-3.0,가능,2017-12-15,157.65,2017-12-22,2017-12-22,5,157.37,-0.18,기한청산
QQQ,12,위,-3.0,가능,2018-12-21,147.57,2018-12-28,2018-12-28,4,152.97,3.66,기한청산
QQQ,12,위,-3.0,가능,2019-12-20,211.71,2019-12-27,2019-12-27,4,213.61,0.9,기한청산
QQQ,12,위,-3.0,가능,2020-12-18,310.06,2020-12-25,2020-12-24,4,309.56,-0.16,기한청산
QQQ,12,위,-3.0,가능,2021-12-17,384.91,2021-12-24,2021-12-23,4,396.92,3.12,기한청산
QQQ,12,위,-3.0,가능,2022-12-16,274.25,2022-12-23,2022-12-22,4,266.0225,-3.0,장중손절
QQQ,12,위,-3.0,가능,2023-12-15,405.34,2023-12-22,2023-12-22,5,408.38,0.75,기한청산
QQQ,12,위,-3.0,가능,2024-12-20,518.66,2024-12-27,2024-12-27,4,522.56,0.75,기한청산
QQQ,12,위,-3.0,가능,2025-12-19,617.05,2025-12-26,2025-12-26,4,623.89,1.11,기한청산
QQQ,12,위,-3.5,가능,1999-12-17,83.7812,1999-12-24,1999-12-23,4,90.2188,7.68,기한청산
QQQ,12,위,-3.5,가능,2000-12-15,63.875,2000-12-22,2000-12-19,2,61.6394,-3.5,장중손절
QQQ,12,위,-3.5,가능,2001-12-21,39.48,2001-12-28,2001-12-28,4,40.33,2.15,기한청산
QQQ,12,위,-3.5,가능,2002-12-20,25.32,2002-12-27,2002-12-27,4,24.82,-1.97,기한청산
QQQ,12,위,-3.5,가능,2003-12-19,35.46,2003-12-26,2003-12-26,4,35.85,1.1,기한청산
QQQ,12,위,-3.5,가능,2004-12-17,39.47,2004-12-24,2004-12-23,4,39.76,0.73,기한청산
QQQ,12,위,-3.5,가능,2005-12-16,41.58,2005-12-23,2005-12-23,5,41.4,-0.43,기한청산
QQQ,12,위,-3.5,가능,2006-12-15,44.43,2006-12-22,2006-12-22,5,42.93,-3.38,기한청산
QQQ,12,위,-3.5,가능,2007-12-21,51.85,2007-12-28,2007-12-28,4,51.82,-0.06,기한청산
QQQ,12,위,-3.5,가능,2008-12-19,29.86,2008-12-26,2008-12-22,1,28.8149,-3.5,장중손절
QQQ,12,위,-3.5,가능,2009-12-18,44.46,2009-12-25,2009-12-24,4,45.98,3.42,기한청산
QQQ,12,위,-3.5,가능,2010-12-17,54.52,2010-12-24,2010-12-23,4,54.74,0.4,기한청산
QQQ,12,위,-3.5,가능,2011-12-16,54.86,2011-12-23,2011-12-23,5,56.08,2.22,기한청산
QQQ,12,위,-3.5,가능,2012-12-21,65.2,2012-12-28,2012-12-28,4,63.78,-2.18,기한청산
QQQ,12,위,-3.5,가능,2013-12-20,86.5,2013-12-27,2013-12-27,4,87.52,1.18,기한청산
QQQ,12,위,-3.5,가능,2014-12-19,104.32,2014-12-26,2014-12-26,4,105.04,0.69,기한청산
QQQ,12,위,-3.5,가능,2015-12-18,109.83,2015-12-25,2015-12-24,4,112.59,2.51,기한청산
QQQ,12,위,-3.5,가능,2016-12-16,119.6,2016-12-23,2016-12-23,5,120.2,0.5,기한청산
QQQ,12,위,-3.5,가능,2017-12-15,157.65,2017-12-22,2017-12-22,5,157.37,-0.18,기한청산
QQQ,12,위,-3.5,가능,2018-12-21,147.57,2018-12-28,2018-12-28,4,152.97,3.66,기한청산
QQQ,12,위,-3.5,가능,2019-12-20,211.71,2019-12-27,2019-12-27,4,213.61,0.9,기한청산
QQQ,12,위,-3.5,가능,2020-12-18,310.06,2020-12-25,2020-12-24,4,309.56,-0.16,기한청산
QQQ,12,위,-3.5,가능,2021-12-17,384.91,2021-12-24,2021-12-23,4,396.92,3.12,기한청산
QQQ,12,위,-3.5,가능,2022-12-16,274.25,2022-12-23,2022-12-22,4,264.6513,-3.5,장중손절
QQQ,12,위,-3.5,가능,2023-12-15,405.34,2023-12-22,2023-12-22,5,408.38,0.75,기한청산
QQQ,12,위,-3.5,가능,2024-12-20,518.66,2024-12-27,2024-12-27,4,522.56,0.75,기한청산
QQQ,12,위,-3.5,가능,2025-12-19,617.05,2025-12-26,2025-12-26,4,623.89,1.11,기한청산
QQQ,12,위,-4.0,가능,1999-12-17,83.7812,1999-12-24,1999-12-23,4,90.2188,7.68,기한청산
QQQ,12,위,-4.0,가능,2000-12-15,63.875,2000-12-22,2000-12-19,2,61.32,-4.0,장중손절
QQQ,12,위,-4.0,가능,2001-12-21,39.48,2001-12-28,2001-12-28,4,40.33,2.15,기한청산
QQQ,12,위,-4.0,가능,2002-12-20,25.32,2002-12-27,2002-12-27,4,24.82,-1.97,기한청산
QQQ,12,위,-4.0,가능,2003-12-19,35.46,2003-12-26,2003-12-26,4,35.85,1.1,기한청산
QQQ,12,위,-4.0,가능,2004-12-17,39.47,2004-12-24,2004-12-23,4,39.76,0.73,기한청산
QQQ,12,위,-4.0,가능,2005-12-16,41.58,2005-12-23,2005-12-23,5,41.4,-0.43,기한청산
QQQ,12,위,-4.0,가능,2006-12-15,44.43,2006-12-22,2006-12-22,5,42.93,-3.38,기한청산
QQQ,12,위,-4.0,가능,2007-12-21,51.85,2007-12-28,2007-12-28,4,51.82,-0.06,기한청산
QQQ,12,위,-4.0,가능,2008-12-19,29.86,2008-12-26,2008-12-26,4,29.13,-2.44,기한청산
QQQ,12,위,-4.0,가능,2009-12-18,44.46,2009-12-25,2009-12-24,4,45.98,3.42,기한청산
QQQ,12,위,-4.0,가능,2010-12-17,54.52,2010-12-24,2010-12-23,4,54.74,0.4,기한청산
QQQ,12,위,-4.0,가능,2011-12-16,54.86,2011-12-23,2011-12-23,5,56.08,2.22,기한청산
QQQ,12,위,-4.0,가능,2012-12-21,65.2,2012-12-28,2012-12-28,4,63.78,-2.18,기한청산
QQQ,12,위,-4.0,가능,2013-12-20,86.5,2013-12-27,2013-12-27,4,87.52,1.18,기한청산
QQQ,12,위,-4.0,가능,2014-12-19,104.32,2014-12-26,2014-12-26,4,105.04,0.69,기한청산
QQQ,12,위,-4.0,가능,2015-12-18,109.83,2015-12-25,2015-12-24,4,112.59,2.51,기한청산
QQQ,12,위,-4.0,가능,2016-12-16,119.6,2016-12-23,2016-12-23,5,120.2,0.5,기한청산
QQQ,12,위,-4.0,가능,2017-12-15,157.65,2017-12-22,2017-12-22,5,157.37,-0.18,기한청산
QQQ,12,위,-4.0,가능,2018-12-21,147.57,2018-12-28,2018-12-28,4,152.97,3.66,기한청산
QQQ,12,위,-4.0,가능,2019-12-20,211.71,2019-12-27,2019-12-27,4,213.61,0.9,기한청산
QQQ,12,위,-4.0,가능,2020-12-18,310.06,2020-12-25,2020-12-24,4,309.56,-0.16,기한청산
QQQ,12,위,-4.0,가능,2021-12-17,384.91,2021-12-24,2021-12-23,4,396.92,3.12,기한청산
QQQ,12,위,-4.0,가능,2022-12-16,274.25,2022-12-23,2022-12-22,4,263.28,-4.0,장중손절
QQQ,12,위,-4.0,가능,2023-12-15,405.34,2023-12-22,2023-12-22,5,408.38,0.75,기한청산
QQQ,12,위,-4.0,가능,2024-12-20,518.66,2024-12-27,2024-12-27,4,522.56,0.75,기한청산
QQQ,12,위,-4.0,가능,2025-12-19,617.05,2025-12-26,2025-12-26,4,623.89,1.11,기한청산
QQQ,12,위,-4.5,가능,1999-12-17,83.7812,1999-12-24,1999-12-23,4,90.2188,7.68,기한청산
QQQ,12,위,-4.5,가능,2000-12-15,63.875,2000-12-22,2000-12-19,2,61.0006,-4.5,장중손절
QQQ,12,위,-4.5,가능,2001-12-21,39.48,2001-12-28,2001-12-28,4,40.33,2.15,기한청산
QQQ,12,위,-4.5,가능,2002-12-20,25.32,2002-12-27,2002-12-27,4,24.82,-1.97,기한청산
QQQ,12,위,-4.5,가능,2003-12-19,35.46,2003-12-26,2003-12-26,4,35.85,1.1,기한청산
QQQ,12,위,-4.5,가능,2004-12-17,39.47,2004-12-24,2004-12-23,4,39.76,0.73,기한청산
QQQ,12,위,-4.5,가능,2005-12-16,41.58,2005-12-23,2005-12-23,5,41.4,-0.43,기한청산
QQQ,12,위,-4.5,가능,2006-12-15,44.43,2006-12-22,2006-12-22,5,42.93,-3.38,기한청산
QQQ,12,위,-4.5,가능,2007-12-21,51.85,2007-12-28,2007-12-28,4,51.82,-0.06,기한청산
QQQ,12,위,-4.5,가능,2008-12-19,29.86,2008-12-26,2008-12-26,4,29.13,-2.44,기한청산
QQQ,12,위,-4.5,가능,2009-12-18,44.46,2009-12-25,2009-12-24,4,45.98,3.42,기한청산
QQQ,12,위,-4.5,가능,2010-12-17,54.52,2010-12-24,2010-12-23,4,54.74,0.4,기한청산
QQQ,12,위,-4.5,가능,2011-12-16,54.86,2011-12-23,2011-12-23,5,56.08,2.22,기한청산
QQQ,12,위,-4.5,가능,2012-12-21,65.2,2012-12-28,2012-12-28,4,63.78,-2.18,기한청산
QQQ,12,위,-4.5,가능,2013-12-20,86.5,2013-12-27,2013-12-27,4,87.52,1.18,기한청산
QQQ,12,위,-4.5,가능,2014-12-19,104.32,2014-12-26,2014-12-26,4,105.04,0.69,기한청산
QQQ,12,위,-4.5,가능,2015-12-18,109.83,2015-12-25,2015-12-24,4,112.59,2.51,기한청산
QQQ,12,위,-4.5,가능,2016-12-16,119.6,2016-12-23,2016-12-23,5,120.2,0.5,기한청산
QQQ,12,위,-4.5,가능,2017-12-15,157.65,2017-12-22,2017-12-22,5,157.37,-0.18,기한청산
QQQ,12,위,-4.5,가능,2018-12-21,147.57,2018-12-28,2018-12-28,4,152.97,3.66,기한청산
QQQ,12,위,-4.5,가능,2019-12-20,211.71,2019-12-27,2019-12-27,4,213.61,0.9,기한청산
QQQ,12,위,-4.5,가능,2020-12-18,310.06,2020-12-25,2020-12-24,4,309.56,-0.16,기한청산
QQQ,12,위,-4.5,가능,2021-12-17,384.91,2021-12-24,2021-12-23,4,396.92,3.12,기한청산
QQQ,12,위,-4.5,가능,2022-12-16,274.25,2022-12-23,2022-12-23,5,267.36,-2.51,기한청산
QQQ,12,위,-4.5,가능,2023-12-15,405.34,2023-12-22,2023-12-22,5,408.38,0.75,기한청산
QQQ,12,위,-4.5,가능,2024-12-20,518.66,2024-12-27,2024-12-27,4,522.56,0.75,기한청산
QQQ,12,위,-4.5,가능,2025-12-19,617.05,2025-12-26,2025-12-26,4,623.89,1.11,기한청산
QQQ,12,위,-5.0,가능,1999-12-17,83.7812,1999-12-24,1999-12-23,4,90.2188,7.68,기한청산
QQQ,12,위,-5.0,가능,2000-12-15,63.875,2000-12-22,2000-12-19,2,60.6812,-5.0,장중손절
QQQ,12,위,-5.0,가능,2001-12-21,39.48,2001-12-28,2001-12-28,4,40.33,2.15,기한청산
QQQ,12,위,-5.0,가능,2002-12-20,25.32,2002-12-27,2002-12-27,4,24.82,-1.97,기한청산
QQQ,12,위,-5.0,가능,2003-12-19,35.46,2003-12-26,2003-12-26,4,35.85,1.1,기한청산
QQQ,12,위,-5.0,가능,2004-12-17,39.47,2004-12-24,2004-12-23,4,39.76,0.73,기한청산
QQQ,12,위,-5.0,가능,2005-12-16,41.58,2005-12-23,2005-12-23,5,41.4,-0.43,기한청산
QQQ,12,위,-5.0,가능,2006-12-15,44.43,2006-12-22,2006-12-22,5,42.93,-3.38,기한청산
QQQ,12,위,-5.0,가능,2007-12-21,51.85,2007-12-28,2007-12-28,4,51.82,-0.06,기한청산
QQQ,12,위,-5.0,가능,2008-12-19,29.86,2008-12-26,2008-12-26,4,29.13,-2.44,기한청산
QQQ,12,위,-5.0,가능,2009-12-18,44.46,2009-12-25,2009-12-24,4,45.98,3.42,기한청산
QQQ,12,위,-5.0,가능,2010-12-17,54.52,2010-12-24,2010-12-23,4,54.74,0.4,기한청산
QQQ,12,위,-5.0,가능,2011-12-16,54.86,2011-12-23,2011-12-23,5,56.08,2.22,기한청산
QQQ,12,위,-5.0,가능,2012-12-21,65.2,2012-12-28,2012-12-28,4,63.78,-2.18,기한청산
QQQ,12,위,-5.0,가능,2013-12-20,86.5,2013-12-27,2013-12-27,4,87.52,1.18,기한청산
QQQ,12,위,-5.0,가능,2014-12-19,104.32,2014-12-26,2014-12-26,4,105.04,0.69,기한청산
QQQ,12,위,-5.0,가능,2015-12-18,109.83,2015-12-25,2015-12-24,4,112.59,2.51,기한청산
QQQ,12,위,-5.0,가능,2016-12-16,119.6,2016-12-23,2016-12-23,5,120.2,0.5,기한청산
QQQ,12,위,-5.0,가능,2017-12-15,157.65,2017-12-22,2017-12-22,5,157.37,-0.18,기한청산
QQQ,12,위,-5.0,가능,2018-12-21,147.57,2018-12-28,2018-12-28,4,152.97,3.66,기한청산
QQQ,12,위,-5.0,가능,2019-12-20,211.71,2019-12-27,2019-12-27,4,213.61,0.9,기한청산
QQQ,12,위,-5.0,가능,2020-12-18,310.06,2020-12-25,2020-12-24,4,309.56,-0.16,기한청산
QQQ,12,위,-5.0,가능,2021-12-17,384.91,2021-12-24,2021-12-23,4,396.92,3.12,기한청산
QQQ,12,위,-5.0,가능,2022-12-16,274.25,2022-12-23,2022-12-23,5,267.36,-2.51,기한청산
QQQ,12,위,-5.0,가능,2023-12-15,405.34,2023-12-22,2023-12-22,5,408.38,0.75,기한청산
QQQ,12,위,-5.0,가능,2024-12-20,518.66,2024-12-27,2024-12-27,4,522.56,0.75,기한청산
QQQ,12,위,-5.0,가능,2025-12-19,617.05,2025-12-26,2025-12-26,4,623.89,1.11,기한청산
QQQ,12,위,-5.5,가능,1999-12-17,83.7812,1999-12-24,1999-12-23,4,90.2188,7.68,기한청산
QQQ,12,위,-5.5,가능,2000-12-15,63.875,2000-12-22,2000-12-19,2,60.3619,-5.5,장중손절
QQQ,12,위,-5.5,가능,2001-12-21,39.48,2001-12-28,2001-12-28,4,40.33,2.15,기한청산
QQQ,12,위,-5.5,가능,2002-12-20,25.32,2002-12-27,2002-12-27,4,24.82,-1.97,기한청산
QQQ,12,위,-5.5,가능,2003-12-19,35.46,2003-12-26,2003-12-26,4,35.85,1.1,기한청산
QQQ,12,위,-5.5,가능,2004-12-17,39.47,2004-12-24,2004-12-23,4,39.76,0.73,기한청산
QQQ,12,위,-5.5,가능,2005-12-16,41.58,2005-12-23,2005-12-23,5,41.4,-0.43,기한청산
QQQ,12,위,-5.5,가능,2006-12-15,44.43,2006-12-22,2006-12-22,5,42.93,-3.38,기한청산
QQQ,12,위,-5.5,가능,2007-12-21,51.85,2007-12-28,2007-12-28,4,51.82,-0.06,기한청산
QQQ,12,위,-5.5,가능,2008-12-19,29.86,2008-12-26,2008-12-26,4,29.13,-2.44,기한청산
QQQ,12,위,-5.5,가능,2009-12-18,44.46,2009-12-25,2009-12-24,4,45.98,3.42,기한청산
QQQ,12,위,-5.5,가능,2010-12-17,54.52,2010-12-24,2010-12-23,4,54.74,0.4,기한청산
QQQ,12,위,-5.5,가능,2011-12-16,54.86,2011-12-23,2011-12-23,5,56.08,2.22,기한청산
QQQ,12,위,-5.5,가능,2012-12-21,65.2,2012-12-28,2012-12-28,4,63.78,-2.18,기한청산
QQQ,12,위,-5.5,가능,2013-12-20,86.5,2013-12-27,2013-12-27,4,87.52,1.18,기한청산
QQQ,12,위,-5.5,가능,2014-12-19,104.32,2014-12-26,2014-12-26,4,105.04,0.69,기한청산
QQQ,12,위,-5.5,가능,2015-12-18,109.83,2015-12-25,2015-12-24,4,112.59,2.51,기한청산
QQQ,12,위,-5.5,가능,2016-12-16,119.6,2016-12-23,2016-12-23,5,120.2,0.5,기한청산
QQQ,12,위,-5.5,가능,2017-12-15,157.65,2017-12-22,2017-12-22,5,157.37,-0.18,기한청산
QQQ,12,위,-5.5,가능,2018-12-21,147.57,2018-12-28,2018-12-28,4,152.97,3.66,기한청산
QQQ,12,위,-5.5,가능,2019-12-20,211.71,2019-12-27,2019-12-27,4,213.61,0.9,기한청산
QQQ,12,위,-5.5,가능,2020-12-18,310.06,2020-12-25,2020-12-24,4,309.56,-0.16,기한청산
QQQ,12,위,-5.5,가능,2021-12-17,384.91,2021-12-24,2021-12-23,4,396.92,3.12,기한청산
QQQ,12,위,-5.5,가능,2022-12-16,274.25,2022-12-23,2022-12-23,5,267.36,-2.51,기한청산
QQQ,12,위,-5.5,가능,2023-12-15,405.34,2023-12-22,2023-12-22,5,408.38,0.75,기한청산
QQQ,12,위,-5.5,가능,2024-12-20,518.66,2024-12-27,2024-12-27,4,522.56,0.75,기한청산
QQQ,12,위,-5.5,가능,2025-12-19,617.05,2025-12-26,2025-12-26,4,623.89,1.11,기한청산
QQQ,12,위,-6.0,가능,1999-12-17,83.7812,1999-12-24,1999-12-23,4,90.2188,7.68,기한청산
QQQ,12,위,-6.0,가능,2000-12-15,63.875,2000-12-22,2000-12-19,2,60.0425,-6.0,장중손절
QQQ,12,위,-6.0,가능,2001-12-21,39.48,2001-12-28,2001-12-28,4,40.33,2.15,기한청산
QQQ,12,위,-6.0,가능,2002-12-20,25.32,2002-12-27,2002-12-27,4,24.82,-1.97,기한청산
QQQ,12,위,-6.0,가능,2003-12-19,35.46,2003-12-26,2003-12-26,4,35.85,1.1,기한청산
QQQ,12,위,-6.0,가능,2004-12-17,39.47,2004-12-24,2004-12-23,4,39.76,0.73,기한청산
QQQ,12,위,-6.0,가능,2005-12-16,41.58,2005-12-23,2005-12-23,5,41.4,-0.43,기한청산
QQQ,12,위,-6.0,가능,2006-12-15,44.43,2006-12-22,2006-12-22,5,42.93,-3.38,기한청산
QQQ,12,위,-6.0,가능,2007-12-21,51.85,2007-12-28,2007-12-28,4,51.82,-0.06,기한청산
QQQ,12,위,-6.0,가능,2008-12-19,29.86,2008-12-26,2008-12-26,4,29.13,-2.44,기한청산
QQQ,12,위,-6.0,가능,2009-12-18,44.46,2009-12-25,2009-12-24,4,45.98,3.42,기한청산
QQQ,12,위,-6.0,가능,2010-12-17,54.52,2010-12-24,2010-12-23,4,54.74,0.4,기한청산
QQQ,12,위,-6.0,가능,2011-12-16,54.86,2011-12-23,2011-12-23,5,56.08,2.22,기한청산
QQQ,12,위,-6.0,가능,2012-12-21,65.2,2012-12-28,2012-12-28,4,63.78,-2.18,기한청산
QQQ,12,위,-6.0,가능,2013-12-20,86.5,2013-12-27,2013-12-27,4,87.52,1.18,기한청산
QQQ,12,위,-6.0,가능,2014-12-19,104.32,2014-12-26,2014-12-26,4,105.04,0.69,기한청산
QQQ,12,위,-6.0,가능,2015-12-18,109.83,2015-12-25,2015-12-24,4,112.59,2.51,기한청산
QQQ,12,위,-6.0,가능,2016-12-16,119.6,2016-12-23,2016-12-23,5,120.2,0.5,기한청산
QQQ,12,위,-6.0,가능,2017-12-15,157.65,2017-12-22,2017-12-22,5,157.37,-0.18,기한청산
QQQ,12,위,-6.0,가능,2018-12-21,147.57,2018-12-28,2018-12-28,4,152.97,3.66,기한청산
QQQ,12,위,-6.0,가능,2019-12-20,211.71,2019-12-27,2019-12-27,4,213.61,0.9,기한청산
QQQ,12,위,-6.0,가능,2020-12-18,310.06,2020-12-25,2020-12-24,4,309.56,-0.16,기한청산
QQQ,12,위,-6.0,가능,2021-12-17,384.91,2021-12-24,2021-12-23,4,396.92,3.12,기한청산
QQQ,12,위,-6.0,가능,2022-12-16,274.25,2022-12-23,2022-12-23,5,267.36,-2.51,기한청산
QQQ,12,위,-6.0,가능,2023-12-15,405.34,2023-12-22,2023-12-22,5,408.38,0.75,기한청산
QQQ,12,위,-6.0,가능,2024-12-20,518.66,2024-12-27,2024-12-27,4,522.56,0.75,기한청산
QQQ,12,위,-6.0,가능,2025-12-19,617.05,2025-12-26,2025-12-26,4,623.89,1.11,기한청산
QQQ,12,위,-6.5,가능,1999-12-17,83.7812,1999-12-24,1999-12-23,4,90.2188,7.68,기한청산
QQQ,12,위,-6.5,가능,2000-12-15,63.875,2000-12-22,2000-12-19,2,59.7231,-6.5,장중손절
QQQ,12,위,-6.5,가능,2001-12-21,39.48,2001-12-28,2001-12-28,4,40.33,2.15,기한청산
QQQ,12,위,-6.5,가능,2002-12-20,25.32,2002-12-27,2002-12-27,4,24.82,-1.97,기한청산
QQQ,12,위,-6.5,가능,2003-12-19,35.46,2003-12-26,2003-12-26,4,35.85,1.1,기한청산
QQQ,12,위,-6.5,가능,2004-12-17,39.47,2004-12-24,2004-12-23,4,39.76,0.73,기한청산
QQQ,12,위,-6.5,가능,2005-12-16,41.58,2005-12-23,2005-12-23,5,41.4,-0.43,기한청산
QQQ,12,위,-6.5,가능,2006-12-15,44.43,2006-12-22,2006-12-22,5,42.93,-3.38,기한청산
QQQ,12,위,-6.5,가능,2007-12-21,51.85,2007-12-28,2007-12-28,4,51.82,-0.06,기한청산
QQQ,12,위,-6.5,가능,2008-12-19,29.86,2008-12-26,2008-12-26,4,29.13,-2.44,기한청산
QQQ,12,위,-6.5,가능,2009-12-18,44.46,2009-12-25,2009-12-24,4,45.98,3.42,기한청산
QQQ,12,위,-6.5,가능,2010-12-17,54.52,2010-12-24,2010-12-23,4,54.74,0.4,기한청산
QQQ,12,위,-6.5,가능,2011-12-16,54.86,2011-12-23,2011-12-23,5,56.08,2.22,기한청산
QQQ,12,위,-6.5,가능,2012-12-21,65.2,2012-12-28,2012-12-28,4,63.78,-2.18,기한청산
QQQ,12,위,-6.5,가능,2013-12-20,86.5,2013-12-27,2013-12-27,4,87.52,1.18,기한청산
QQQ,12,위,-6.5,가능,2014-12-19,104.32,2014-12-26,2014-12-26,4,105.04,0.69,기한청산
QQQ,12,위,-6.5,가능,2015-12-18,109.83,2015-12-25,2015-12-24,4,112.59,2.51,기한청산
QQQ,12,위,-6.5,가능,2016-12-16,119.6,2016-12-23,2016-12-23,5,120.2,0.5,기한청산
QQQ,12,위,-6.5,가능,2017-12-15,157.65,2017-12-22,2017-12-22,5,157.37,-0.18,기한청산
QQQ,12,위,-6.5,가능,2018-12-21,147.57,2018-12-28,2018-12-28,4,152.97,3.66,기한청산
QQQ,12,위,-6.5,가능,2019-12-20,211.71,2019-12-27,2019-12-27,4,213.61,0.9,기한청산
QQQ,12,위,-6.5,가능,2020-12-18,310.06,2020-12-25,2020-12-24,4,309.56,-0.16,기한청산
QQQ,12,위,-6.5,가능,2021-12-17,384.91,2021-12-24,2021-12-23,4,396.92,3.12,기한청산
QQQ,12,위,-6.5,가능,2022-12-16,274.25,2022-12-23,2022-12-23,5,267.36,-2.51,기한청산
QQQ,12,위,-6.5,가능,2023-12-15,405.34,2023-12-22,2023-12-22,5,408.38,0.75,기한청산
QQQ,12,위,-6.5,가능,2024-12-20,518.66,2024-12-27,2024-12-27,4,522.56,0.75,기한청산
QQQ,12,위,-6.5,가능,2025-12-19,617.05,2025-12-26,2025-12-26,4,623.89,1.11,기한청산
QQQ,12,위,-7.0,가능,1999-12-17,83.7812,1999-12-24,1999-12-23,4,90.2188,7.68,기한청산
QQQ,12,위,-7.0,가능,2000-12-15,63.875,2000-12-22,2000-12-19,2,59.4037,-7.0,장중손절
QQQ,12,위,-7.0,가능,2001-12-21,39.48,2001-12-28,2001-12-28,4,40.33,2.15,기한청산
QQQ,12,위,-7.0,가능,2002-12-20,25.32,2002-12-27,2002-12-27,4,24.82,-1.97,기한청산
QQQ,12,위,-7.0,가능,2003-12-19,35.46,2003-12-26,2003-12-26,4,35.85,1.1,기한청산
QQQ,12,위,-7.0,가능,2004-12-17,39.47,2004-12-24,2004-12-23,4,39.76,0.73,기한청산
QQQ,12,위,-7.0,가능,2005-12-16,41.58,2005-12-23,2005-12-23,5,41.4,-0.43,기한청산
QQQ,12,위,-7.0,가능,2006-12-15,44.43,2006-12-22,2006-12-22,5,42.93,-3.38,기한청산
QQQ,12,위,-7.0,가능,2007-12-21,51.85,2007-12-28,2007-12-28,4,51.82,-0.06,기한청산
QQQ,12,위,-7.0,가능,2008-12-19,29.86,2008-12-26,2008-12-26,4,29.13,-2.44,기한청산
QQQ,12,위,-7.0,가능,2009-12-18,44.46,2009-12-25,2009-12-24,4,45.98,3.42,기한청산
QQQ,12,위,-7.0,가능,2010-12-17,54.52,2010-12-24,2010-12-23,4,54.74,0.4,기한청산
QQQ,12,위,-7.0,가능,2011-12-16,54.86,2011-12-23,2011-12-23,5,56.08,2.22,기한청산
QQQ,12,위,-7.0,가능,2012-12-21,65.2,2012-12-28,2012-12-28,4,63.78,-2.18,기한청산
QQQ,12,위,-7.0,가능,2013-12-20,86.5,2013-12-27,2013-12-27,4,87.52,1.18,기한청산
QQQ,12,위,-7.0,가능,2014-12-19,104.32,2014-12-26,2014-12-26,4,105.04,0.69,기한청산
QQQ,12,위,-7.0,가능,2015-12-18,109.83,2015-12-25,2015-12-24,4,112.59,2.51,기한청산
QQQ,12,위,-7.0,가능,2016-12-16,119.6,2016-12-23,2016-12-23,5,120.2,0.5,기한청산
QQQ,12,위,-7.0,가능,2017-12-15,157.65,2017-12-22,2017-12-22,5,157.37,-0.18,기한청산
QQQ,12,위,-7.0,가능,2018-12-21,147.57,2018-12-28,2018-12-28,4,152.97,3.66,기한청산
QQQ,12,위,-7.0,가능,2019-12-20,211.71,2019-12-27,2019-12-27,4,213.61,0.9,기한청산
QQQ,12,위,-7.0,가능,2020-12-18,310.06,2020-12-25,2020-12-24,4,309.56,-0.16,기한청산
QQQ,12,위,-7.0,가능,2021-12-17,384.91,2021-12-24,2021-12-23,4,396.92,3.12,기한청산
QQQ,12,위,-7.0,가능,2022-12-16,274.25,2022-12-23,2022-12-23,5,267.36,-2.51,기한청산
QQQ,12,위,-7.0,가능,2023-12-15,405.34,2023-12-22,2023-12-22,5,408.38,0.75,기한청산
QQQ,12,위,-7.0,가능,2024-12-20,518.66,2024-12-27,2024-12-27,4,522.56,0.75,기한청산
QQQ,12,위,-7.0,가능,2025-12-19,617.05,2025-12-26,2025-12-26,4,623.89,1.11,기한청산
QQQ,12,위,-7.5,가능,1999-12-17,83.7812,1999-12-24,1999-12-23,4,90.2188,7.68,기한청산
QQQ,12,위,-7.5,가능,2000-12-15,63.875,2000-12-22,2000-12-19,2,59.0844,-7.5,장중손절
QQQ,12,위,-7.5,가능,2001-12-21,39.48,2001-12-28,2001-12-28,4,40.33,2.15,기한청산
QQQ,12,위,-7.5,가능,2002-12-20,25.32,2002-12-27,2002-12-27,4,24.82,-1.97,기한청산
QQQ,12,위,-7.5,가능,2003-12-19,35.46,2003-12-26,2003-12-26,4,35.85,1.1,기한청산
QQQ,12,위,-7.5,가능,2004-12-17,39.47,2004-12-24,2004-12-23,4,39.76,0.73,기한청산
QQQ,12,위,-7.5,가능,2005-12-16,41.58,2005-12-23,2005-12-23,5,41.4,-0.43,기한청산
QQQ,12,위,-7.5,가능,2006-12-15,44.43,2006-12-22,2006-12-22,5,42.93,-3.38,기한청산
QQQ,12,위,-7.5,가능,2007-12-21,51.85,2007-12-28,2007-12-28,4,51.82,-0.06,기한청산
QQQ,12,위,-7.5,가능,2008-12-19,29.86,2008-12-26,2008-12-26,4,29.13,-2.44,기한청산
QQQ,12,위,-7.5,가능,2009-12-18,44.46,2009-12-25,2009-12-24,4,45.98,3.42,기한청산
QQQ,12,위,-7.5,가능,2010-12-17,54.52,2010-12-24,2010-12-23,4,54.74,0.4,기한청산
QQQ,12,위,-7.5,가능,2011-12-16,54.86,2011-12-23,2011-12-23,5,56.08,2.22,기한청산
QQQ,12,위,-7.5,가능,2012-12-21,65.2,2012-12-28,2012-12-28,4,63.78,-2.18,기한청산
QQQ,12,위,-7.5,가능,2013-12-20,86.5,2013-12-27,2013-12-27,4,87.52,1.18,기한청산
QQQ,12,위,-7.5,가능,2014-12-19,104.32,2014-12-26,2014-12-26,4,105.04,0.69,기한청산
QQQ,12,위,-7.5,가능,2015-12-18,109.83,2015-12-25,2015-12-24,4,112.59,2.51,기한청산
QQQ,12,위,-7.5,가능,2016-12-16,119.6,2016-12-23,2016-12-23,5,120.2,0.5,기한청산
QQQ,12,위,-7.5,가능,2017-12-15,157.65,2017-12-22,2017-12-22,5,157.37,-0.18,기한청산
QQQ,12,위,-7.5,가능,2018-12-21,147.57,2018-12-28,2018-12-28,4,152.97,3.66,기한청산
QQQ,12,위,-7.5,가능,2019-12-20,211.71,2019-12-27,2019-12-27,4,213.61,0.9,기한청산
QQQ,12,위,-7.5,가능,2020-12-18,310.06,2020-12-25,2020-12-24,4,309.56,-0.16,기한청산
QQQ,12,위,-7.5,가능,2021-12-17,384.91,2021-12-24,2021-12-23,4,396.92,3.12,기한청산
QQQ,12,위,-7.5,가능,2022-12-16,274.25,2022-12-23,2022-12-23,5,267.36,-2.51,기한청산
QQQ,12,위,-7.5,가능,2023-12-15,405.34,2023-12-22,2023-12-22,5,408.38,0.75,기한청산
QQQ,12,위,-7.5,가능,2024-12-20,518.66,2024-12-27,2024-12-27,4,522.56,0.75,기한청산
QQQ,12,위,-7.5,가능,2025-12-19,617.05,2025-12-26,2025-12-26,4,623.89,1.11,기한청산
QQQ,12,위,-8.0,가능,1999-12-17,83.7812,1999-12-24,1999-12-23,4,90.2188,7.68,기한청산
QQQ,12,위,-8.0,가능,2000-12-15,63.875,2000-12-22,2000-12-19,2,58.765,-8.0,장중손절
QQQ,12,위,-8.0,가능,2001-12-21,39.48,2001-12-28,2001-12-28,4,40.33,2.15,기한청산
QQQ,12,위,-8.0,가능,2002-12-20,25.32,2002-12-27,2002-12-27,4,24.82,-1.97,기한청산
QQQ,12,위,-8.0,가능,2003-12-19,35.46,2003-12-26,2003-12-26,4,35.85,1.1,기한청산
QQQ,12,위,-8.0,가능,2004-12-17,39.47,2004-12-24,2004-12-23,4,39.76,0.73,기한청산
QQQ,12,위,-8.0,가능,2005-12-16,41.58,2005-12-23,2005-12-23,5,41.4,-0.43,기한청산
QQQ,12,위,-8.0,가능,2006-12-15,44.43,2006-12-22,2006-12-22,5,42.93,-3.38,기한청산
QQQ,12,위,-8.0,가능,2007-12-21,51.85,2007-12-28,2007-12-28,4,51.82,-0.06,기한청산
QQQ,12,위,-8.0,가능,2008-12-19,29.86,2008-12-26,2008-12-26,4,29.13,-2.44,기한청산
QQQ,12,위,-8.0,가능,2009-12-18,44.46,2009-12-25,2009-12-24,4,45.98,3.42,기한청산
QQQ,12,위,-8.0,가능,2010-12-17,54.52,2010-12-24,2010-12-23,4,54.74,0.4,기한청산
QQQ,12,위,-8.0,가능,2011-12-16,54.86,2011-12-23,2011-12-23,5,56.08,2.22,기한청산
QQQ,12,위,-8.0,가능,2012-12-21,65.2,2012-12-28,2012-12-28,4,63.78,-2.18,기한청산
QQQ,12,위,-8.0,가능,2013-12-20,86.5,2013-12-27,2013-12-27,4,87.52,1.18,기한청산
QQQ,12,위,-8.0,가능,2014-12-19,104.32,2014-12-26,2014-12-26,4,105.04,0.69,기한청산
QQQ,12,위,-8.0,가능,2015-12-18,109.83,2015-12-25,2015-12-24,4,112.59,2.51,기한청산
QQQ,12,위,-8.0,가능,2016-12-16,119.6,2016-12-23,2016-12-23,5,120.2,0.5,기한청산
QQQ,12,위,-8.0,가능,2017-12-15,157.65,2017-12-22,2017-12-22,5,157.37,-0.18,기한청산
QQQ,12,위,-8.0,가능,2018-12-21,147.57,2018-12-28,2018-12-28,4,152.97,3.66,기한청산
QQQ,12,위,-8.0,가능,2019-12-20,211.71,2019-12-27,2019-12-27,4,213.61,0.9,기한청산
QQQ,12,위,-8.0,가능,2020-12-18,310.06,2020-12-25,2020-12-24,4,309.56,-0.16,기한청산
QQQ,12,위,-8.0,가능,2021-12-17,384.91,2021-12-24,2021-12-23,4,396.92,3.12,기한청산
QQQ,12,위,-8.0,가능,2022-12-16,274.25,2022-12-23,2022-12-23,5,267.36,-2.51,기한청산
QQQ,12,위,-8.0,가능,2023-12-15,405.34,2023-12-22,2023-12-22,5,408.38,0.75,기한청산
QQQ,12,위,-8.0,가능,2024-12-20,518.66,2024-12-27,2024-12-27,4,522.56,0.75,기한청산
QQQ,12,위,-8.0,가능,2025-12-19,617.05,2025-12-26,2025-12-26,4,623.89,1.11,기한청산
QQQ,12,위,-8.5,가능,1999-12-17,83.7812,1999-12-24,1999-12-23,4,90.2188,7.68,기한청산
QQQ,12,위,-8.5,가능,2000-12-15,63.875,2000-12-22,2000-12-20,3,57.3125,-10.27,갭손절
QQQ,12,위,-8.5,가능,2001-12-21,39.48,2001-12-28,2001-12-28,4,40.33,2.15,기한청산
QQQ,12,위,-8.5,가능,2002-12-20,25.32,2002-12-27,2002-12-27,4,24.82,-1.97,기한청산
QQQ,12,위,-8.5,가능,2003-12-19,35.46,2003-12-26,2003-12-26,4,35.85,1.1,기한청산
QQQ,12,위,-8.5,가능,2004-12-17,39.47,2004-12-24,2004-12-23,4,39.76,0.73,기한청산
QQQ,12,위,-8.5,가능,2005-12-16,41.58,2005-12-23,2005-12-23,5,41.4,-0.43,기한청산
QQQ,12,위,-8.5,가능,2006-12-15,44.43,2006-12-22,2006-12-22,5,42.93,-3.38,기한청산
QQQ,12,위,-8.5,가능,2007-12-21,51.85,2007-12-28,2007-12-28,4,51.82,-0.06,기한청산
QQQ,12,위,-8.5,가능,2008-12-19,29.86,2008-12-26,2008-12-26,4,29.13,-2.44,기한청산
QQQ,12,위,-8.5,가능,2009-12-18,44.46,2009-12-25,2009-12-24,4,45.98,3.42,기한청산
QQQ,12,위,-8.5,가능,2010-12-17,54.52,2010-12-24,2010-12-23,4,54.74,0.4,기한청산
QQQ,12,위,-8.5,가능,2011-12-16,54.86,2011-12-23,2011-12-23,5,56.08,2.22,기한청산
QQQ,12,위,-8.5,가능,2012-12-21,65.2,2012-12-28,2012-12-28,4,63.78,-2.18,기한청산
QQQ,12,위,-8.5,가능,2013-12-20,86.5,2013-12-27,2013-12-27,4,87.52,1.18,기한청산
QQQ,12,위,-8.5,가능,2014-12-19,104.32,2014-12-26,2014-12-26,4,105.04,0.69,기한청산
QQQ,12,위,-8.5,가능,2015-12-18,109.83,2015-12-25,2015-12-24,4,112.59,2.51,기한청산
QQQ,12,위,-8.5,가능,2016-12-16,119.6,2016-12-23,2016-12-23,5,120.2,0.5,기한청산
QQQ,12,위,-8.5,가능,2017-12-15,157.65,2017-12-22,2017-12-22,5,157.37,-0.18,기한청산
QQQ,12,위,-8.5,가능,2018-12-21,147.57,2018-12-28,2018-12-28,4,152.97,3.66,기한청산
QQQ,12,위,-8.5,가능,2019-12-20,211.71,2019-12-27,2019-12-27,4,213.61,0.9,기한청산
QQQ,12,위,-8.5,가능,2020-12-18,310.06,2020-12-25,2020-12-24,4,309.56,-0.16,기한청산
QQQ,12,위,-8.5,가능,2021-12-17,384.91,2021-12-24,2021-12-23,4,396.92,3.12,기한청산
QQQ,12,위,-8.5,가능,2022-12-16,274.25,2022-12-23,2022-12-23,5,267.36,-2.51,기한청산
QQQ,12,위,-8.5,가능,2023-12-15,405.34,2023-12-22,2023-12-22,5,408.38,0.75,기한청산
QQQ,12,위,-8.5,가능,2024-12-20,518.66,2024-12-27,2024-12-27,4,522.56,0.75,기한청산
QQQ,12,위,-8.5,가능,2025-12-19,617.05,2025-12-26,2025-12-26,4,623.89,1.11,기한청산
QQQ,12,위,-9.0,가능,1999-12-17,83.7812,1999-12-24,1999-12-23,4,90.2188,7.68,기한청산
QQQ,12,위,-9.0,가능,2000-12-15,63.875,2000-12-22,2000-12-20,3,57.3125,-10.27,갭손절
QQQ,12,위,-9.0,가능,2001-12-21,39.48,2001-12-28,2001-12-28,4,40.33,2.15,기한청산
QQQ,12,위,-9.0,가능,2002-12-20,25.32,2002-12-27,2002-12-27,4,24.82,-1.97,기한청산
QQQ,12,위,-9.0,가능,2003-12-19,35.46,2003-12-26,2003-12-26,4,35.85,1.1,기한청산
QQQ,12,위,-9.0,가능,2004-12-17,39.47,2004-12-24,2004-12-23,4,39.76,0.73,기한청산
QQQ,12,위,-9.0,가능,2005-12-16,41.58,2005-12-23,2005-12-23,5,41.4,-0.43,기한청산
QQQ,12,위,-9.0,가능,2006-12-15,44.43,2006-12-22,2006-12-22,5,42.93,-3.38,기한청산
QQQ,12,위,-9.0,가능,2007-12-21,51.85,2007-12-28,2007-12-28,4,51.82,-0.06,기한청산
QQQ,12,위,-9.0,가능,2008-12-19,29.86,2008-12-26,2008-12-26,4,29.13,-2.44,기한청산
QQQ,12,위,-9.0,가능,2009-12-18,44.46,2009-12-25,2009-12-24,4,45.98,3.42,기한청산
QQQ,12,위,-9.0,가능,2010-12-17,54.52,2010-12-24,2010-12-23,4,54.74,0.4,기한청산
QQQ,12,위,-9.0,가능,2011-12-16,54.86,2011-12-23,2011-12-23,5,56.08,2.22,기한청산
QQQ,12,위,-9.0,가능,2012-12-21,65.2,2012-12-28,2012-12-28,4,63.78,-2.18,기한청산
QQQ,12,위,-9.0,가능,2013-12-20,86.5,2013-12-27,2013-12-27,4,87.52,1.18,기한청산
QQQ,12,위,-9.0,가능,2014-12-19,104.32,2014-12-26,2014-12-26,4,105.04,0.69,기한청산
QQQ,12,위,-9.0,가능,2015-12-18,109.83,2015-12-25,2015-12-24,4,112.59,2.51,기한청산
QQQ,12,위,-9.0,가능,2016-12-16,119.6,2016-12-23,2016-12-23,5,120.2,0.5,기한청산
QQQ,12,위,-9.0,가능,2017-12-15,157.65,2017-12-22,2017-12-22,5,157.37,-0.18,기한청산
QQQ,12,위,-9.0,가능,2018-12-21,147.57,2018-12-28,2018-12-28,4,152.97,3.66,기한청산
QQQ,12,위,-9.0,가능,2019-12-20,211.71,2019-12-27,2019-12-27,4,213.61,0.9,기한청산
QQQ,12,위,-9.0,가능,2020-12-18,310.06,2020-12-25,2020-12-24,4,309.56,-0.16,기한청산
QQQ,12,위,-9.0,가능,2021-12-17,384.91,2021-12-24,2021-12-23,4,396.92,3.12,기한청산
QQQ,12,위,-9.0,가능,2022-12-16,274.25,2022-12-23,2022-12-23,5,267.36,-2.51,기한청산
QQQ,12,위,-9.0,가능,2023-12-15,405.34,2023-12-22,2023-12-22,5,408.38,0.75,기한청산
QQQ,12,위,-9.0,가능,2024-12-20,518.66,2024-12-27,2024-12-27,4,522.56,0.75,기한청산
QQQ,12,위,-9.0,가능,2025-12-19,617.05,2025-12-26,2025-12-26,4,623.89,1.11,기한청산
QQQ,12,위,-9.5,가능,1999-12-17,83.7812,1999-12-24,1999-12-23,4,90.2188,7.68,기한청산
QQQ,12,위,-9.5,가능,2000-12-15,63.875,2000-12-22,2000-12-20,3,57.3125,-10.27,갭손절
QQQ,12,위,-9.5,가능,2001-12-21,39.48,2001-12-28,2001-12-28,4,40.33,2.15,기한청산
QQQ,12,위,-9.5,가능,2002-12-20,25.32,2002-12-27,2002-12-27,4,24.82,-1.97,기한청산
QQQ,12,위,-9.5,가능,2003-12-19,35.46,2003-12-26,2003-12-26,4,35.85,1.1,기한청산
QQQ,12,위,-9.5,가능,2004-12-17,39.47,2004-12-24,2004-12-23,4,39.76,0.73,기한청산
QQQ,12,위,-9.5,가능,2005-12-16,41.58,2005-12-23,2005-12-23,5,41.4,-0.43,기한청산
QQQ,12,위,-9.5,가능,2006-12-15,44.43,2006-12-22,2006-12-22,5,42.93,-3.38,기한청산
QQQ,12,위,-9.5,가능,2007-12-21,51.85,2007-12-28,2007-12-28,4,51.82,-0.06,기한청산
QQQ,12,위,-9.5,가능,2008-12-19,29.86,2008-12-26,2008-12-26,4,29.13,-2.44,기한청산
QQQ,12,위,-9.5,가능,2009-12-18,44.46,2009-12-25,2009-12-24,4,45.98,3.42,기한청산
QQQ,12,위,-9.5,가능,2010-12-17,54.52,2010-12-24,2010-12-23,4,54.74,0.4,기한청산
QQQ,12,위,-9.5,가능,2011-12-16,54.86,2011-12-23,2011-12-23,5,56.08,2.22,기한청산
QQQ,12,위,-9.5,가능,2012-12-21,65.2,2012-12-28,2012-12-28,4,63.78,-2.18,기한청산
QQQ,12,위,-9.5,가능,2013-12-20,86.5,2013-12-27,2013-12-27,4,87.52,1.18,기한청산
QQQ,12,위,-9.5,가능,2014-12-19,104.32,2014-12-26,2014-12-26,4,105.04,0.69,기한청산
QQQ,12,위,-9.5,가능,2015-12-18,109.83,2015-12-25,2015-12-24,4,112.59,2.51,기한청산
QQQ,12,위,-9.5,가능,2016-12-16,119.6,2016-12-23,2016-12-23,5,120.2,0.5,기한청산
QQQ,12,위,-9.5,가능,2017-12-15,157.65,2017-12-22,2017-12-22,5,157.37,-0.18,기한청산
QQQ,12,위,-9.5,가능,2018-12-21,147.57,2018-12-28,2018-12-28,4,152.97,3.66,기한청산
QQQ,12,위,-9.5,가능,2019-12-20,211.71,2019-12-27,2019-12-27,4,213.61,0.9,기한청산
QQQ,12,위,-9.5,가능,2020-12-18,310.06,2020-12-25,2020-12-24,4,309.56,-0.16,기한청산
QQQ,12,위,-9.5,가능,2021-12-17,384.91,2021-12-24,2021-12-23,4,396.92,3.12,기한청산
QQQ,12,위,-9.5,가능,2022-12-16,274.25,2022-12-23,2022-12-23,5,267.36,-2.51,기한청산
QQQ,12,위,-9.5,가능,2023-12-15,405.34,2023-12-22,2023-12-22,5,408.38,0.75,기한청산
QQQ,12,위,-9.5,가능,2024-12-20,518.66,2024-12-27,2024-12-27,4,522.56,0.75,기한청산
QQQ,12,위,-9.5,가능,2025-12-19,617.05,2025-12-26,2025-12-26,4,623.89,1.11,기한청산
QQQ,12,위,-10.0,가능,1999-12-17,83.7812,1999-12-24,1999-12-23,4,90.2188,7.68,기한청산
QQQ,12,위,-10.0,가능,2000-12-15,63.875,2000-12-22,2000-12-20,3,57.3125,-10.27,갭손절
QQQ,12,위,-10.0,가능,2001-12-21,39.48,2001-12-28,2001-12-28,4,40.33,2.15,기한청산
QQQ,12,위,-10.0,가능,2002-12-20,25.32,2002-12-27,2002-12-27,4,24.82,-1.97,기한청산
QQQ,12,위,-10.0,가능,2003-12-19,35.46,2003-12-26,2003-12-26,4,35.85,1.1,기한청산
QQQ,12,위,-10.0,가능,2004-12-17,39.47,2004-12-24,2004-12-23,4,39.76,0.73,기한청산
QQQ,12,위,-10.0,가능,2005-12-16,41.58,2005-12-23,2005-12-23,5,41.4,-0.43,기한청산
QQQ,12,위,-10.0,가능,2006-12-15,44.43,2006-12-22,2006-12-22,5,42.93,-3.38,기한청산
QQQ,12,위,-10.0,가능,2007-12-21,51.85,2007-12-28,2007-12-28,4,51.82,-0.06,기한청산
QQQ,12,위,-10.0,가능,2008-12-19,29.86,2008-12-26,2008-12-26,4,29.13,-2.44,기한청산
QQQ,12,위,-10.0,가능,2009-12-18,44.46,2009-12-25,2009-12-24,4,45.98,3.42,기한청산
QQQ,12,위,-10.0,가능,2010-12-17,54.52,2010-12-24,2010-12-23,4,54.74,0.4,기한청산
QQQ,12,위,-10.0,가능,2011-12-16,54.86,2011-12-23,2011-12-23,5,56.08,2.22,기한청산
QQQ,12,위,-10.0,가능,2012-12-21,65.2,2012-12-28,2012-12-28,4,63.78,-2.18,기한청산
QQQ,12,위,-10.0,가능,2013-12-20,86.5,2013-12-27,2013-12-27,4,87.52,1.18,기한청산
QQQ,12,위,-10.0,가능,2014-12-19,104.32,2014-12-26,2014-12-26,4,105.04,0.69,기한청산
QQQ,12,위,-10.0,가능,2015-12-18,109.83,2015-12-25,2015-12-24,4,112.59,2.51,기한청산
QQQ,12,위,-10.0,가능,2016-12-16,119.6,2016-12-23,2016-12-23,5,120.2,0.5,기한청산
QQQ,12,위,-10.0,가능,2017-12-15,157.65,2017-12-22,2017-12-22,5,157.37,-0.18,기한청산
QQQ,12,위,-10.0,가능,2018-12-21,147.57,2018-12-28,2018-12-28,4,152.97,3.66,기한청산
QQQ,12,위,-10.0,가능,2019-12-20,211.71,2019-12-27,2019-12-27,4,213.61,0.9,기한청산
QQQ,12,위,-10.0,가능,2020-12-18,310.06,2020-12-25,2020-12-24,4,309.56,-0.16,기한청산
QQQ,12,위,-10.0,가능,2021-12-17,384.91,2021-12-24,2021-12-23,4,396.92,3.12,기한청산
QQQ,12,위,-10.0,가능,2022-12-16,274.25,2022-12-23,2022-12-23,5,267.36,-2.51,기한청산
QQQ,12,위,-10.0,가능,2023-12-15,405.34,2023-12-22,2023-12-22,5,408.38,0.75,기한청산
QQQ,12,위,-10.0,가능,2024-12-20,518.66,2024-12-27,2024-12-27,4,522.56,0.75,기한청산
QQQ,12,위,-10.0,가능,2025-12-19,617.05,2025-12-26,2025-12-26,4,623.89,1.11,기한청산
