종목,월,방향,손절선(%),시기,신호,합계(%),평균(%),승률(%),손익비,손익분기 승률(%),손익분기 대비(%p),이길 때(%),질 때(%),질 때 표본,최고(%),최악(%),보유 중 최악(%),표준편차(%),갭손절,장중손절,평균 보유일,판정가능,시기 시작일,시기 종료일,1차 판정
KODEX 200,1,아래,-3.0,전체,24,9.78,0.41,41.67,1.769,34.61,7.06,3.69,-2.09,13,7.33,-3.0,-3.0,3.47,0,7,6.0,예,2003-01-20,2026-01-20,제외
KODEX 200,1,아래,-3.0,앞 절반,12,15.54,1.29,58.33,1.644,34.67,23.66,3.4,-2.07,4,7.33,-3.0,-3.0,3.47,0,2,6.75,예,2003-01-20,2014-01-20,판정 안 함
KODEX 200,1,아래,-3.0,뒤 절반,12,-5.75,-0.48,25.0,2.084,32.42,-7.42,4.36,-2.09,9,6.77,-3.0,-3.0,3.38,0,5,5.25,예,2015-01-20,2026-01-20,판정 안 함
KODEX 200,1,아래,-3.0,최근 10년,10,-1.39,-0.14,30.0,2.109,32.17,-2.17,4.36,-2.07,7,6.77,-3.0,-3.0,3.61,0,4,5.2,예,2017-01-20,2026-01-20,판정 안 함
KODEX 200,1,아래,-3.0,최근 5년,5,-0.45,-0.09,40.0,1.4,41.66,-1.66,3.16,-2.26,3,5.76,-3.0,-3.0,3.61,0,2,4.6,아니오,2022-01-20,2026-01-20,판정 안 함
KODEX 200,1,아래,-4.0,전체,24,12.01,0.5,45.83,1.542,37.7,8.13,3.73,-2.42,12,7.33,-4.0,-4.0,3.71,0,5,6.62,예,2003-01-20,2026-01-20,제외
KODEX 200,1,아래,-4.0,앞 절반,12,13.54,1.13,58.33,1.324,39.44,18.89,3.4,-2.57,4,7.33,-4.0,-4.0,3.71,0,2,6.83,예,2003-01-20,2014-01-20,판정 안 함
KODEX 200,1,아래,-4.0,뒤 절반,12,-1.52,-0.13,33.33,1.837,35.24,-1.91,4.31,-2.34,8,6.77,-4.0,-4.0,3.77,0,3,6.42,예,2015-01-20,2026-01-20,판정 안 함
KODEX 200,1,아래,-4.0,최근 10년,10,2.74,0.27,40.0,1.784,35.92,4.08,4.31,-2.41,6,6.77,-4.0,-4.0,4.03,0,3,6.2,예,2017-01-20,2026-01-20,판정 안 함
KODEX 200,1,아래,-4.0,최근 5년,5,-2.45,-0.49,40.0,1.081,48.05,-8.05,3.16,-2.92,3,5.76,-4.0,-4.0,4.03,0,2,5.4,아니오,2022-01-20,2026-01-20,판정 안 함
KODEX 200,1,아래,-5.0,전체,24,13.02,0.54,45.83,1.598,36.89,8.94,3.73,-2.33,12,7.33,-5.47,-5.47,3.77,1,2,6.83,예,2003-01-20,2026-01-20,제외
KODEX 200,1,아래,-5.0,앞 절반,12,13.35,1.11,58.33,1.301,39.84,18.49,3.4,-2.61,4,7.33,-5.0,-5.0,3.75,0,1,7.0,예,2003-01-20,2014-01-20,판정 안 함
KODEX 200,1,아래,-5.0,뒤 절반,12,-0.33,-0.03,33.33,1.962,33.76,-0.43,4.31,-2.2,8,6.77,-5.47,-5.47,3.86,1,1,6.67,예,2015-01-20,2026-01-20,판정 안 함
KODEX 200,1,아래,-5.0,최근 10년,10,3.94,0.39,40.0,1.944,33.97,6.03,4.31,-2.22,6,6.77,-5.47,-5.47,4.11,1,1,6.5,예,2017-01-20,2026-01-20,판정 안 함
KODEX 200,1,아래,-5.0,최근 5년,5,0.21,0.04,40.0,1.55,39.21,0.79,3.16,-2.04,3,5.76,-5.0,-5.0,3.85,0,1,5.8,아니오,2022-01-20,2026-01-20,판정 안 함
KODEX 200,1,아래,-6.0,전체,24,12.42,0.52,45.83,1.564,37.37,8.46,3.73,-2.39,12,7.33,-6.26,-6.26,3.82,1,0,6.88,예,2003-01-20,2026-01-20,제외
KODEX 200,1,아래,-6.0,앞 절반,12,12.92,1.08,58.33,1.249,40.76,17.57,3.4,-2.72,4,7.33,-5.43,-5.72,3.82,0,0,7.0,예,2003-01-20,2014-01-20,판정 안 함
KODEX 200,1,아래,-6.0,뒤 절반,12,-0.5,-0.04,33.33,1.943,33.97,-0.64,4.31,-2.22,8,6.77,-6.26,-6.26,3.9,1,0,6.75,예,2015-01-20,2026-01-20,판정 안 함
KODEX 200,1,아래,-6.0,최근 10년,10,3.77,0.38,40.0,1.92,34.25,5.75,4.31,-2.24,6,6.77,-6.26,-6.26,4.16,1,0,6.6,예,2017-01-20,2026-01-20,판정 안 함
KODEX 200,1,아래,-6.0,최근 5년,5,-1.06,-0.21,40.0,1.285,43.77,-3.77,3.16,-2.46,3,5.76,-6.26,-6.26,4.28,1,0,6.0,아니오,2022-01-20,2026-01-20,판정 안 함
KODEX 200,1,아래,-7.0,전체,24,11.68,0.49,45.83,1.525,37.95,7.88,3.73,-2.45,12,7.33,-7.0,-7.0,3.88,0,1,6.88,예,2003-01-20,2026-01-20,제외
KODEX 200,1,아래,-7.0,앞 절반,12,12.92,1.08,58.33,1.249,40.76,17.57,3.4,-2.72,4,7.33,-5.43,-5.72,3.82,0,0,7.0,예,2003-01-20,2014-01-20,판정 안 함
KODEX 200,1,아래,-7.0,뒤 절반,12,-1.24,-0.1,33.33,1.866,34.89,-1.56,4.31,-2.31,8,6.77,-7.0,-7.0,4.01,0,1,6.75,예,2015-01-20,2026-01-20,판정 안 함
KODEX 200,1,아래,-7.0,최근 10년,10,3.03,0.3,40.0,1.82,35.46,4.54,4.31,-2.37,6,6.77,-7.0,-7.0,4.29,0,1,6.6,예,2017-01-20,2026-01-20,판정 안 함
KODEX 200,1,아래,-7.0,최근 5년,5,-1.79,-0.36,40.0,1.168,46.12,-6.12,3.16,-2.71,3,5.76,-7.0,-7.0,4.54,0,1,6.0,아니오,2022-01-20,2026-01-20,판정 안 함
KODEX 200,1,아래,-8.0,전체,24,10.25,0.43,45.83,1.454,39.05,6.78,3.73,-2.57,12,7.33,-8.44,-8.44,4.01,1,0,6.92,예,2003-01-20,2026-01-20,제외
KODEX 200,1,아래,-8.0,앞 절반,12,12.92,1.08,58.33,1.249,40.76,17.57,3.4,-2.72,4,7.33,-5.43,-5.72,3.82,0,0,7.0,예,2003-01-20,2014-01-20,판정 안 함
KODEX 200,1,아래,-8.0,뒤 절반,12,-2.67,-0.22,33.33,1.731,36.61,-3.28,4.31,-2.49,8,6.77,-8.44,-8.44,4.25,1,0,6.83,예,2015-01-20,2026-01-20,판정 안 함
KODEX 200,1,아래,-8.0,최근 10년,10,1.6,0.16,40.0,1.653,37.69,2.31,4.31,-2.61,6,6.77,-8.44,-8.44,4.58,1,0,6.7,예,2017-01-20,2026-01-20,판정 안 함
KODEX 200,1,아래,-8.0,최근 5년,5,-3.23,-0.65,40.0,0.993,50.18,-10.18,3.16,-3.18,3,5.76,-8.44,-8.44,5.08,1,0,6.2,아니오,2022-01-20,2026-01-20,판정 안 함
KODEX 200,1,아래,-9.0,전체,24,9.68,0.4,45.83,1.428,39.47,6.36,3.73,-2.61,12,7.33,-9.0,-9.0,4.06,0,1,6.96,예,2003-01-20,2026-01-20,제외
KODEX 200,1,아래,-9.0,앞 절반,12,12.92,1.08,58.33,1.249,40.76,17.57,3.4,-2.72,4,7.33,-5.43,-5.72,3.82,0,0,7.0,예,2003-01-20,2014-01-20,판정 안 함
KODEX 200,1,아래,-9.0,뒤 절반,12,-3.24,-0.27,33.33,1.684,37.26,-3.93,4.31,-2.56,8,6.77,-9.0,-9.0,4.35,0,1,6.92,예,2015-01-20,2026-01-20,판정 안 함
KODEX 200,1,아래,-9.0,최근 10년,10,1.03,0.1,40.0,1.596,38.53,1.47,4.31,-2.7,6,6.77,-9.0,-9.0,4.7,0,1,6.8,예,2017-01-20,2026-01-20,판정 안 함
KODEX 200,1,아래,-9.0,최근 5년,5,-3.79,-0.76,40.0,0.937,51.61,-11.61,3.16,-3.37,3,5.76,-9.0,-9.0,5.3,0,1,6.4,아니오,2022-01-20,2026-01-20,판정 안 함
KODEX 200,1,아래,-10.0,전체,24,8.68,0.36,45.83,1.384,40.2,5.63,3.73,-2.7,12,7.33,-10.0,-10.0,4.17,0,1,6.96,예,2003-01-20,2026-01-20,제외
KODEX 200,1,아래,-10.0,앞 절반,12,12.92,1.08,58.33,1.249,40.76,17.57,3.4,-2.72,4,7.33,-5.43,-5.72,3.82,0,0,7.0,예,2003-01-20,2014-01-20,판정 안 함
KODEX 200,1,아래,-10.0,뒤 절반,12,-4.24,-0.35,33.33,1.605,38.38,-5.05,4.31,-2.68,8,6.77,-10.0,-10.0,4.54,0,1,6.92,예,2015-01-20,2026-01-20,판정 안 함
KODEX 200,1,아래,-10.0,최근 10년,10,0.03,0.0,40.0,1.503,39.96,0.04,4.31,-2.87,6,6.77,-10.0,-10.0,4.92,0,1,6.8,예,2017-01-20,2026-01-20,판정 안 함
KODEX 200,1,아래,-10.0,최근 5년,5,-4.79,-0.96,40.0,0.853,53.96,-13.96,3.16,-3.71,3,5.76,-10.0,-10.0,5.69,0,1,6.4,아니오,2022-01-20,2026-01-20,판정 안 함
KODEX 200,1,아래,무손절,전체,24,10.09,0.42,45.83,1.447,39.17,6.66,3.73,-2.58,12,7.33,-8.59,-10.61,4.02,0,0,6.96,예,2003-01-20,2026-01-20,제외
KODEX 200,1,아래,무손절,앞 절반,12,12.92,1.08,58.33,1.249,40.76,17.57,3.4,-2.72,4,7.33,-5.43,-5.72,3.82,0,0,7.0,예,2003-01-20,2014-01-20,판정 안 함
KODEX 200,1,아래,무손절,뒤 절반,12,-2.83,-0.24,33.33,1.718,36.79,-3.46,4.31,-2.51,8,6.77,-8.59,-10.61,4.28,0,0,6.92,예,2015-01-20,2026-01-20,판정 안 함
KODEX 200,1,아래,무손절,최근 10년,10,1.44,0.14,40.0,1.637,37.92,2.08,4.31,-2.63,6,6.77,-8.59,-10.61,4.61,0,0,6.8,예,2017-01-20,2026-01-20,판정 안 함
KODEX 200,1,아래,무손절,최근 5년,5,-3.38,-0.68,40.0,0.977,50.58,-10.58,3.16,-3.24,3,5.76,-8.59,-10.61,5.14,0,0,6.4,아니오,2022-01-20,2026-01-20,판정 안 함
KODEX 200,1,위,-3.0,전체,24,0.71,0.03,45.83,1.119,45.22,0.61,2.52,-2.25,12,8.59,-3.45,-3.45,3.05,2,5,5.83,예,2003-01-20,2026-01-20,제외
KODEX 200,1,위,-3.0,앞 절반,12,-9.36,-0.78,25.0,1.204,41.58,-16.58,2.57,-2.13,8,5.43,-3.45,-3.45,2.54,1,3,5.25,예,2003-01-20,2014-01-20,판정 안 함
KODEX 200,1,위,-3.0,뒤 절반,12,10.07,0.84,66.67,1.004,49.9,16.77,2.51,-2.5,4,8.59,-3.42,-3.42,3.4,1,2,6.42,예,2015-01-20,2026-01-20,판정 안 함
KODEX 200,1,위,-3.0,최근 10년,10,5.8,0.58,60.0,1.054,48.7,11.3,2.63,-2.5,4,8.59,-3.42,-3.42,3.68,1,2,6.2,예,2017-01-20,2026-01-20,판정 안 함
KODEX 200,1,위,-3.0,최근 5년,5,6.14,1.23,60.0,1.815,35.52,24.48,3.24,-1.78,2,8.59,-3.0,-3.0,4.37,0,1,5.8,아니오,2022-01-20,2026-01-20,판정 안 함
KODEX 200,1,위,-4.0,전체,24,-0.06,-0.0,50.0,0.915,50.05,-0.05,2.58,-2.82,11,8.59,-5.83,-5.83,3.42,1,5,6.12,예,2003-01-20,2026-01-20,제외
KODEX 200,1,위,-4.0,앞 절반,12,-7.55,-0.63,33.33,1.033,45.08,-11.75,2.72,-2.64,7,5.43,-5.83,-5.83,3.17,1,2,5.83,예,2003-01-20,2014-01-20,판정 안 함
KODEX 200,1,위,-4.0,뒤 절반,12,7.49,0.62,66.67,0.798,55.62,11.05,2.51,-3.14,4,8.59,-4.0,-4.0,3.68,0,3,6.42,예,2015-01-20,2026-01-20,판정 안 함
KODEX 200,1,위,-4.0,최근 10년,10,3.22,0.32,60.0,0.838,54.42,5.58,2.63,-3.14,4,8.59,-4.0,-4.0,3.98,0,3,6.2,예,2017-01-20,2026-01-20,판정 안 함
KODEX 200,1,위,-4.0,최근 5년,5,5.14,1.03,60.0,1.418,41.36,18.64,3.24,-2.28,2,8.59,-4.0,-4.0,4.62,0,1,5.8,아니오,2022-01-20,2026-01-20,판정 안 함
KODEX 200,1,위,-5.0,전체,24,-4.57,-0.19,50.0,0.799,53.28,-3.28,2.58,-3.23,11,8.59,-5.83,-5.83,3.67,2,3,6.33,예,2003-01-20,2026-01-20,제외
KODEX 200,1,위,-5.0,앞 절반,12,-9.93,-0.83,33.33,0.916,47.85,-14.52,2.72,-2.97,7,5.43,-5.83,-5.83,3.43,2,1,6.08,예,2003-01-20,2014-01-20,판정 안 함
KODEX 200,1,위,-5.0,뒤 절반,12,5.35,0.45,66.67,0.682,59.45,7.22,2.51,-3.68,4,8.59,-5.0,-5.0,3.94,0,2,6.58,예,2015-01-20,2026-01-20,판정 안 함
KODEX 200,1,위,-5.0,최근 10년,10,1.08,0.11,60.0,0.716,58.28,1.72,2.63,-3.68,4,8.59,-5.0,-5.0,4.25,0,2,6.4,예,2017-01-20,2026-01-20,판정 안 함
KODEX 200,1,위,-5.0,최근 5년,5,4.14,0.83,60.0,1.163,46.23,13.77,3.24,-2.78,2,8.59,-5.0,-5.0,4.91,0,1,5.8,아니오,2022-01-20,2026-01-20,판정 안 함
KODEX 200,1,위,-6.0,전체,24,-8.37,-0.35,50.0,0.721,55.67,-5.67,2.58,-3.57,11,8.59,-6.0,-6.0,3.9,0,5,6.46,예,2003-01-20,2026-01-20,제외
KODEX 200,1,위,-6.0,앞 절반,12,-11.73,-0.98,33.33,0.843,49.75,-16.42,2.72,-3.23,7,5.43,-6.0,-6.0,3.65,0,3,6.17,예,2003-01-20,2014-01-20,판정 안 함
KODEX 200,1,위,-6.0,뒤 절반,12,3.35,0.28,66.67,0.6,62.49,4.18,2.51,-4.18,4,8.59,-6.0,-6.0,4.2,0,2,6.75,예,2015-01-20,2026-01-20,판정 안 함
KODEX 200,1,위,-6.0,최근 10년,10,-0.92,-0.09,60.0,0.63,61.35,-1.35,2.63,-4.18,4,8.59,-6.0,-6.0,4.53,0,2,6.6,예,2017-01-20,2026-01-20,판정 안 함
KODEX 200,1,위,-6.0,최근 5년,5,3.14,0.63,60.0,0.986,50.36,9.64,3.24,-3.28,2,8.59,-6.0,-6.0,5.22,0,1,6.2,아니오,2022-01-20,2026-01-20,판정 안 함
KODEX 200,1,위,-7.0,전체,24,-12.49,-0.52,50.0,0.653,57.97,-7.97,2.58,-3.95,11,8.59,-7.0,-7.0,4.17,0,3,6.5,예,2003-01-20,2026-01-20,제외
KODEX 200,1,위,-7.0,앞 절반,12,-14.08,-1.17,33.33,0.763,51.98,-18.65,2.72,-3.57,7,5.43,-7.0,-7.0,3.95,0,2,6.17,예,2003-01-20,2014-01-20,판정 안 함
KODEX 200,1,위,-7.0,뒤 절반,12,1.58,0.13,66.67,0.543,64.81,1.86,2.51,-4.62,4,8.59,-7.0,-7.0,4.45,0,1,6.83,예,2015-01-20,2026-01-20,판정 안 함
KODEX 200,1,위,-7.0,최근 10년,10,-2.68,-0.27,60.0,0.57,63.7,-3.7,2.63,-4.62,4,8.59,-7.0,-7.0,4.79,0,1,6.7,예,2017-01-20,2026-01-20,판정 안 함
KODEX 200,1,위,-7.0,최근 5년,5,2.14,0.43,60.0,0.855,53.89,6.11,3.24,-3.78,2,8.59,-7.0,-7.0,5.54,0,1,6.2,아니오,2022-01-20,2026-01-20,판정 안 함
KODEX 200,1,위,-8.0,전체,24,-15.49,-0.65,50.0,0.611,59.49,-9.49,2.58,-4.22,11,8.59,-8.0,-8.0,4.38,0,3,6.58,예,2003-01-20,2026-01-20,제외
KODEX 200,1,위,-8.0,앞 절반,12,-16.08,-1.34,33.33,0.707,53.71,-20.38,2.72,-3.85,7,5.43,-8.0,-8.0,4.23,0,2,6.33,예,2003-01-20,2014-01-20,판정 안 함
KODEX 200,1,위,-8.0,뒤 절반,12,0.58,0.05,66.67,0.515,66.01,0.66,2.51,-4.87,4,8.59,-8.0,-8.0,4.6,0,1,6.83,예,2015-01-20,2026-01-20,판정 안 함
KODEX 200,1,위,-8.0,최근 10년,10,-3.68,-0.37,60.0,0.541,64.91,-4.91,2.63,-4.87,4,8.59,-8.0,-8.0,4.96,0,1,6.7,예,2017-01-20,2026-01-20,판정 안 함
KODEX 200,1,위,-8.0,최근 5년,5,1.14,0.23,60.0,0.756,56.96,3.04,3.24,-4.28,2,8.59,-8.0,-8.0,5.89,0,1,6.2,아니오,2022-01-20,2026-01-20,판정 안 함
KODEX 200,1,위,-9.0,전체,24,-10.09,-0.42,50.0,0.691,56.66,-6.66,2.58,-3.73,11,8.59,-7.33,-8.67,4.02,0,0,6.96,예,2003-01-20,2026-01-20,제외
KODEX 200,1,위,-9.0,앞 절반,12,-12.92,-1.08,33.33,0.801,50.91,-17.58,2.72,-3.4,7,5.43,-7.33,-8.67,3.82,0,0,7.0,예,2003-01-20,2014-01-20,판정 안 함
KODEX 200,1,위,-9.0,뒤 절반,12,2.83,0.24,66.67,0.582,63.21,3.46,2.51,-4.31,4,8.59,-6.77,-8.49,4.28,0,0,6.92,예,2015-01-20,2026-01-20,판정 안 함
KODEX 200,1,위,-9.0,최근 10년,10,-1.44,-0.14,60.0,0.611,62.08,-2.08,2.63,-4.31,4,8.59,-6.77,-8.49,4.61,0,0,6.8,예,2017-01-20,2026-01-20,판정 안 함
KODEX 200,1,위,-9.0,최근 5년,5,3.38,0.68,60.0,1.023,49.42,10.58,3.24,-3.16,2,8.59,-5.76,-8.49,5.14,0,0,6.4,아니오,2022-01-20,2026-01-20,판정 안 함
KODEX 200,1,위,-10.0,전체,24,-10.09,-0.42,50.0,0.691,56.66,-6.66,2.58,-3.73,11,8.59,-7.33,-8.67,4.02,0,0,6.96,예,2003-01-20,2026-01-20,제외
KODEX 200,1,위,-10.0,앞 절반,12,-12.92,-1.08,33.33,0.801,50.91,-17.58,2.72,-3.4,7,5.43,-7.33,-8.67,3.82,0,0,7.0,예,2003-01-20,2014-01-20,판정 안 함
KODEX 200,1,위,-10.0,뒤 절반,12,2.83,0.24,66.67,0.582,63.21,3.46,2.51,-4.31,4,8.59,-6.77,-8.49,4.28,0,0,6.92,예,2015-01-20,2026-01-20,판정 안 함
KODEX 200,1,위,-10.0,최근 10년,10,-1.44,-0.14,60.0,0.611,62.08,-2.08,2.63,-4.31,4,8.59,-6.77,-8.49,4.61,0,0,6.8,예,2017-01-20,2026-01-20,판정 안 함
KODEX 200,1,위,-10.0,최근 5년,5,3.38,0.68,60.0,1.023,49.42,10.58,3.24,-3.16,2,8.59,-5.76,-8.49,5.14,0,0,6.4,아니오,2022-01-20,2026-01-20,판정 안 함
KODEX 200,1,위,무손절,전체,24,-10.09,-0.42,50.0,0.691,56.66,-6.66,2.58,-3.73,11,8.59,-7.33,-8.67,4.02,0,0,6.96,예,2003-01-20,2026-01-20,제외
KODEX 200,1,위,무손절,앞 절반,12,-12.92,-1.08,33.33,0.801,50.91,-17.58,2.72,-3.4,7,5.43,-7.33,-8.67,3.82,0,0,7.0,예,2003-01-20,2014-01-20,판정 안 함
KODEX 200,1,위,무손절,뒤 절반,12,2.83,0.24,66.67,0.582,63.21,3.46,2.51,-4.31,4,8.59,-6.77,-8.49,4.28,0,0,6.92,예,2015-01-20,2026-01-20,판정 안 함
KODEX 200,1,위,무손절,최근 10년,10,-1.44,-0.14,60.0,0.611,62.08,-2.08,2.63,-4.31,4,8.59,-6.77,-8.49,4.61,0,0,6.8,예,2017-01-20,2026-01-20,판정 안 함
KODEX 200,1,위,무손절,최근 5년,5,3.38,0.68,60.0,1.023,49.42,10.58,3.24,-3.16,2,8.59,-5.76,-8.49,5.14,0,0,6.4,아니오,2022-01-20,2026-01-20,판정 안 함
KODEX 200,2,아래,-3.0,전체,24,15.27,0.64,50.0,1.871,34.83,15.17,2.73,-1.46,12,9.49,-3.0,-3.0,2.95,0,4,5.54,예,2003-02-20,2026-02-20,제외
KODEX 200,2,아래,-3.0,앞 절반,12,-2.57,-0.21,41.67,1.136,46.81,-5.14,2.21,-1.95,7,5.1,-3.0,-3.0,2.63,0,3,5.5,예,2003-02-20,2014-02-20,판정 안 함
KODEX 200,2,아래,-3.0,뒤 절반,12,17.83,1.49,58.33,3.977,20.09,38.24,3.11,-0.78,5,9.49,-3.0,-3.0,3.12,0,1,5.58,예,2015-02-17,2026-02-20,판정 안 함
KODEX 200,2,아래,-3.0,최근 10년,10,18.5,1.85,70.0,2.879,25.78,44.22,3.11,-1.08,3,9.49,-3.0,-3.0,3.32,0,1,5.6,예,2017-02-20,2026-02-20,판정 안 함
KODEX 200,2,아래,-3.0,최근 5년,5,5.25,1.05,80.0,0.688,59.26,20.74,2.06,-3.0,1,4.22,-3.0,-3.0,2.7,0,1,5.4,아니오,2022-02-18,2026-02-20,판정 안 함
KODEX 200,2,아래,-4.0,전체,24,19.28,0.8,54.17,2.017,33.14,21.03,2.56,-1.27,11,9.49,-4.13,-4.13,2.84,1,0,5.79,예,2003-02-20,2026-02-20,제외
KODEX 200,2,아래,-4.0,앞 절반,12,2.58,0.21,50.0,1.289,43.68,6.32,1.91,-1.48,6,5.1,-2.75,-3.66,2.32,0,0,5.92,예,2003-02-20,2014-02-20,판정 안 함
KODEX 200,2,아래,-4.0,뒤 절반,12,16.71,1.39,58.33,3.087,24.47,33.86,3.11,-1.01,5,9.49,-4.13,-4.13,3.28,1,0,5.67,예,2015-02-17,2026-02-20,판정 안 함
KODEX 200,2,아래,-4.0,최근 10년,10,17.38,1.74,70.0,2.136,31.89,38.11,3.11,-1.45,3,9.49,-4.13,-4.13,3.51,1,0,5.7,예,2017-02-20,2026-02-20,판정 안 함
KODEX 200,2,아래,-4.0,최근 5년,5,4.13,0.83,80.0,0.5,66.67,13.33,2.06,-4.13,1,4.22,-4.13,-4.13,3.13,1,0,5.6,아니오,2022-02-18,2026-02-20,판정 안 함
KODEX 200,2,아래,-5.0,전체,24,18.41,0.77,54.17,1.898,34.51,19.66,2.56,-1.35,11,9.49,-5.0,-5.0,2.91,0,1,5.79,예,2003-02-20,2026-02-20,제외
KODEX 200,2,아래,-5.0,앞 절반,12,2.58,0.21,50.0,1.289,43.68,6.32,1.91,-1.48,6,5.1,-2.75,-3.66,2.32,0,0,5.92,예,2003-02-20,2014-02-20,판정 안 함
KODEX 200,2,아래,-5.0,뒤 절반,12,15.83,1.32,58.33,2.63,27.55,30.78,3.11,-1.18,5,9.49,-5.0,-5.0,3.42,0,1,5.67,예,2015-02-17,2026-02-20,판정 안 함
KODEX 200,2,아래,-5.0,최근 10년,10,16.5,1.65,70.0,1.779,35.98,34.02,3.11,-1.75,3,9.49,-5.0,-5.0,3.68,0,1,5.7,예,2017-02-20,2026-02-20,판정 안 함
KODEX 200,2,아래,-5.0,최근 5년,5,3.25,0.65,80.0,0.413,70.8,9.2,2.06,-5.0,1,4.22,-5.0,-5.0,3.48,0,1,5.6,아니오,2022-02-18,2026-02-20,판정 안 함
KODEX 200,2,아래,-6.0,전체,24,17.41,0.73,54.17,1.778,36.0,18.17,2.56,-1.44,11,9.49,-6.0,-6.0,3.0,0,1,5.79,예,2003-02-20,2026-02-20,제외
KODEX 200,2,아래,-6.0,앞 절반,12,2.58,0.21,50.0,1.289,43.68,6.32,1.91,-1.48,6,5.1,-2.75,-3.66,2.32,0,0,5.92,예,2003-02-20,2014-02-20,판정 안 함
KODEX 200,2,아래,-6.0,뒤 절반,12,14.83,1.24,58.33,2.249,30.78,27.55,3.11,-1.38,5,9.49,-6.0,-6.0,3.59,0,1,5.67,예,2015-02-17,2026-02-20,판정 안 함
KODEX 200,2,아래,-6.0,최근 10년,10,15.5,1.55,70.0,1.494,40.1,29.9,3.11,-2.08,3,9.49,-6.0,-6.0,3.89,0,1,5.7,예,2017-02-20,2026-02-20,판정 안 함
KODEX 200,2,아래,-6.0,최근 5년,5,2.25,0.45,80.0,0.344,74.42,5.58,2.06,-6.0,1,4.22,-6.0,-6.0,3.89,0,1,5.6,아니오,2022-02-18,2026-02-20,판정 안 함
KODEX 200,2,아래,-7.0,전체,24,16.41,0.68,54.17,1.672,37.42,16.75,2.56,-1.53,11,9.49,-7.0,-7.0,3.11,0,1,5.83,예,2003-02-20,2026-02-20,제외
KODEX 200,2,아래,-7.0,앞 절반,12,2.58,0.21,50.0,1.289,43.68,6.32,1.91,-1.48,6,5.1,-2.75,-3.66,2.32,0,0,5.92,예,2003-02-20,2014-02-20,판정 안 함
KODEX 200,2,아래,-7.0,뒤 절반,12,13.83,1.15,58.33,1.964,33.73,24.6,3.11,-1.58,5,9.49,-7.0,-7.0,3.78,0,1,5.75,예,2015-02-17,2026-02-20,판정 안 함
KODEX 200,2,아래,-7.0,최근 10년,10,14.5,1.45,70.0,1.287,43.72,26.28,3.11,-2.41,3,9.49,-7.0,-7.0,4.11,0,1,5.8,예,2017-02-20,2026-02-20,판정 안 함
KODEX 200,2,아래,-7.0,최근 5년,5,1.25,0.25,80.0,0.295,77.24,2.76,2.06,-7.0,1,4.22,-7.0,-7.0,4.31,0,1,5.8,아니오,2022-02-18,2026-02-20,판정 안 함
KODEX 200,2,아래,-8.0,전체,24,15.41,0.64,54.17,1.578,38.79,15.38,2.56,-1.62,11,9.49,-8.0,-8.0,3.22,0,1,5.83,예,2003-02-20,2026-02-20,제외
KODEX 200,2,아래,-8.0,앞 절반,12,2.58,0.21,50.0,1.289,43.68,6.32,1.91,-1.48,6,5.1,-2.75,-3.66,2.32,0,0,5.92,예,2003-02-20,2014-02-20,판정 안 함
KODEX 200,2,아래,-8.0,뒤 절반,12,12.83,1.07,58.33,1.744,36.45,21.88,3.11,-1.78,5,9.49,-8.0,-8.0,3.98,0,1,5.75,예,2015-02-17,2026-02-20,판정 안 함
KODEX 200,2,아래,-8.0,최근 10년,10,13.5,1.35,70.0,1.131,46.92,23.08,3.11,-2.75,3,9.49,-8.0,-8.0,4.34,0,1,5.8,예,2017-02-20,2026-02-20,판정 안 함
KODEX 200,2,아래,-8.0,최근 5년,5,0.25,0.05,80.0,0.258,79.5,0.5,2.06,-8.0,1,4.22,-8.0,-8.0,4.73,0,1,5.8,아니오,2022-02-18,2026-02-20,판정 안 함
KODEX 200,2,아래,-9.0,전체,24,14.41,0.6,54.17,1.494,40.09,14.08,2.56,-1.71,11,9.49,-9.0,-9.0,3.34,0,1,5.83,예,2003-02-20,2026-02-20,제외
KODEX 200,2,아래,-9.0,앞 절반,12,2.58,0.21,50.0,1.289,43.68,6.32,1.91,-1.48,6,5.1,-2.75,-3.66,2.32,0,0,5.92,예,2003-02-20,2014-02-20,판정 안 함
KODEX 200,2,아래,-9.0,뒤 절반,12,11.83,0.99,58.33,1.568,38.95,19.38,3.11,-1.98,5,9.49,-9.0,-9.0,4.2,0,1,5.75,예,2015-02-17,2026-02-20,판정 안 함
KODEX 200,2,아래,-9.0,최근 10년,10,12.5,1.25,70.0,1.009,49.78,20.22,3.11,-3.08,3,9.49,-9.0,-9.0,4.59,0,1,5.8,예,2017-02-20,2026-02-20,판정 안 함
KODEX 200,2,아래,-9.0,최근 5년,5,-0.75,-0.15,80.0,0.229,81.36,-1.36,2.06,-9.0,1,4.22,-9.0,-9.0,5.16,0,1,5.8,아니오,2022-02-18,2026-02-20,판정 안 함
KODEX 200,2,아래,-10.0,전체,24,13.41,0.56,54.17,1.419,41.34,12.83,2.56,-1.8,11,9.49,-10.0,-10.0,3.47,0,1,5.83,예,2003-02-20,2026-02-20,제외
KODEX 200,2,아래,-10.0,앞 절반,12,2.58,0.21,50.0,1.289,43.68,6.32,1.91,-1.48,6,5.1,-2.75,-3.66,2.32,0,0,5.92,예,2003-02-20,2014-02-20,판정 안 함
KODEX 200,2,아래,-10.0,뒤 절반,12,10.83,0.9,58.33,1.424,41.26,17.07,3.11,-2.18,5,9.49,-10.0,-10.0,4.42,0,1,5.75,예,2015-02-17,2026-02-20,판정 안 함
KODEX 200,2,아래,-10.0,최근 10년,10,11.5,1.15,70.0,0.91,52.35,17.65,3.11,-3.41,3,9.49,-10.0,-10.0,4.84,0,1,5.8,예,2017-02-20,2026-02-20,판정 안 함
KODEX 200,2,아래,-10.0,최근 5년,5,-1.75,-0.35,80.0,0.206,82.9,-2.9,2.06,-10.0,1,4.22,-10.0,-10.0,5.59,0,1,5.8,아니오,2022-02-18,2026-02-20,판정 안 함
KODEX 200,2,아래,무손절,전체,24,14.35,0.6,54.17,1.489,40.17,14.0,2.56,-1.72,11,9.49,-9.06,-10.92,3.35,0,0,5.88,예,2003-02-20,2026-02-20,제외
KODEX 200,2,아래,무손절,앞 절반,12,2.58,0.21,50.0,1.289,43.68,6.32,1.91,-1.48,6,5.1,-2.75,-3.66,2.32,0,0,5.92,예,2003-02-20,2014-02-20,판정 안 함
KODEX 200,2,아래,무손절,뒤 절반,12,11.77,0.98,58.33,1.558,39.09,19.24,3.11,-1.99,5,9.49,-9.06,-10.92,4.21,0,0,5.83,예,2015-02-17,2026-02-20,판정 안 함
KODEX 200,2,아래,무손절,최근 10년,10,12.44,1.24,70.0,1.002,49.95,20.05,3.11,-3.1,3,9.49,-9.06,-10.92,4.6,0,0,5.9,예,2017-02-20,2026-02-20,판정 안 함
KODEX 200,2,아래,무손절,최근 5년,5,-0.81,-0.16,80.0,0.228,81.46,-1.46,2.06,-9.06,1,4.22,-9.06,-10.92,5.19,0,0,6.0,아니오,2022-02-18,2026-02-20,판정 안 함
KODEX 200,2,위,-3.0,전체,24,-8.57,-0.36,45.83,0.813,55.16,-9.33,1.72,-2.11,13,9.06,-3.39,-3.39,2.77,3,5,5.42,예,2003-02-20,2026-02-20,제외
KODEX 200,2,위,-3.0,앞 절반,12,-1.84,-0.15,50.0,0.829,54.67,-4.67,1.48,-1.79,6,2.75,-3.39,-3.39,2.12,2,1,5.75,예,2003-02-20,2014-02-20,판정 안 함
KODEX 200,2,위,-3.0,뒤 절반,12,-6.73,-0.56,41.67,0.836,54.47,-12.8,1.99,-2.39,7,9.06,-3.1,-3.1,3.39,1,4,5.08,예,2015-02-17,2026-02-20,판정 안 함
KODEX 200,2,위,-3.0,최근 10년,10,-7.4,-0.74,30.0,1.299,43.49,-13.49,3.1,-2.39,7,9.06,-3.1,-3.1,3.72,1,4,5.0,예,2017-02-20,2026-02-20,판정 안 함
KODEX 200,2,위,-3.0,최근 5년,5,-0.05,-0.01,20.0,3.978,20.09,-0.09,9.06,-2.28,4,9.06,-3.0,-3.0,5.22,0,3,5.4,아니오,2022-02-18,2026-02-20,판정 안 함
KODEX 200,2,위,-4.0,전체,24,-9.58,-0.4,45.83,0.784,56.06,-10.23,1.72,-2.19,13,9.06,-4.0,-4.0,2.86,0,4,5.67,예,2003-02-20,2026-02-20,제외
KODEX 200,2,위,-4.0,앞 절반,12,-3.52,-0.29,50.0,0.717,58.25,-8.25,1.48,-2.07,6,2.75,-4.0,-4.0,2.35,0,2,5.83,예,2003-02-20,2014-02-20,판정 안 함
KODEX 200,2,위,-4.0,뒤 절반,12,-6.06,-0.51,41.67,0.871,53.46,-11.79,1.99,-2.29,7,9.06,-4.0,-4.0,3.41,0,2,5.5,예,2015-02-17,2026-02-20,판정 안 함
KODEX 200,2,위,-4.0,최근 10년,10,-6.73,-0.67,30.0,1.354,42.49,-12.49,3.1,-2.29,7,9.06,-4.0,-4.0,3.74,0,2,5.5,예,2017-02-20,2026-02-20,판정 안 함
KODEX 200,2,위,-4.0,최근 5년,5,1.04,0.21,20.0,4.516,18.13,1.87,9.06,-2.01,4,9.06,-4.0,-4.0,5.14,0,1,6.0,아니오,2022-02-18,2026-02-20,판정 안 함
KODEX 200,2,위,-5.0,전체,24,-9.76,-0.41,45.83,0.779,56.21,-10.38,1.72,-2.2,13,9.06,-5.0,-5.0,2.92,0,2,5.71,예,2003-02-20,2026-02-20,제외
KODEX 200,2,위,-5.0,앞 절반,12,-2.47,-0.21,50.0,0.783,56.1,-6.1,1.48,-1.9,6,2.75,-5.0,-5.0,2.3,0,1,5.92,예,2003-02-20,2014-02-20,판정 안 함
KODEX 200,2,위,-5.0,뒤 절반,12,-7.28,-0.61,41.67,0.809,55.29,-13.62,1.99,-2.46,7,9.06,-5.0,-5.0,3.53,0,1,5.5,예,2015-02-17,2026-02-20,판정 안 함
KODEX 200,2,위,-5.0,최근 10년,10,-7.95,-0.8,30.0,1.258,44.3,-14.3,3.1,-2.46,7,9.06,-5.0,-5.0,3.87,0,1,5.5,예,2017-02-20,2026-02-20,판정 안 함
KODEX 200,2,위,-5.0,최근 5년,5,0.81,0.16,20.0,4.393,18.54,1.46,9.06,-2.06,4,9.06,-4.22,-4.58,5.19,0,0,6.0,아니오,2022-02-18,2026-02-20,판정 안 함
KODEX 200,2,위,-6.0,전체,24,-10.86,-0.45,45.83,0.75,57.14,-11.31,1.72,-2.29,13,9.06,-6.0,-6.0,3.0,0,1,5.79,예,2003-02-20,2026-02-20,제외
KODEX 200,2,위,-6.0,앞 절반,12,-2.58,-0.21,50.0,0.776,56.32,-6.32,1.48,-1.91,6,2.75,-5.1,-5.48,2.32,0,0,5.92,예,2003-02-20,2014-02-20,판정 안 함
KODEX 200,2,위,-6.0,뒤 절반,12,-8.28,-0.69,41.67,0.764,56.67,-15.0,1.99,-2.61,7,9.06,-6.0,-6.0,3.65,0,1,5.67,예,2015-02-17,2026-02-20,판정 안 함
KODEX 200,2,위,-6.0,최근 10년,10,-8.95,-0.9,30.0,1.189,45.69,-15.69,3.1,-2.61,7,9.06,-6.0,-6.0,4.0,0,1,5.7,예,2017-02-20,2026-02-20,판정 안 함
KODEX 200,2,위,-6.0,최근 5년,5,0.81,0.16,20.0,4.393,18.54,1.46,9.06,-2.06,4,9.06,-4.22,-4.58,5.19,0,0,6.0,아니오,2022-02-18,2026-02-20,판정 안 함
KODEX 200,2,위,-7.0,전체,24,-12.7,-0.53,45.83,0.706,58.6,-12.77,1.72,-2.43,13,9.06,-7.84,-7.84,3.17,1,0,5.88,예,2003-02-20,2026-02-20,제외
KODEX 200,2,위,-7.0,앞 절반,12,-2.58,-0.21,50.0,0.776,56.32,-6.32,1.48,-1.91,6,2.75,-5.1,-5.48,2.32,0,0,5.92,예,2003-02-20,2014-02-20,판정 안 함
KODEX 200,2,위,-7.0,뒤 절반,12,-10.12,-0.84,41.67,0.694,59.01,-17.34,1.99,-2.87,7,9.06,-7.84,-7.84,3.92,1,0,5.83,예,2015-02-17,2026-02-20,판정 안 함
KODEX 200,2,위,-7.0,최근 10년,10,-10.79,-1.08,30.0,1.08,48.08,-18.08,3.1,-2.87,7,9.06,-7.84,-7.84,4.3,1,0,5.9,예,2017-02-20,2026-02-20,판정 안 함
KODEX 200,2,위,-7.0,최근 5년,5,0.81,0.16,20.0,4.393,18.54,1.46,9.06,-2.06,4,9.06,-4.22,-4.58,5.19,0,0,6.0,아니오,2022-02-18,2026-02-20,판정 안 함
KODEX 200,2,위,-8.0,전체,24,-12.86,-0.54,45.83,0.703,58.73,-12.9,1.72,-2.44,13,9.06,-8.0,-8.0,3.18,0,1,5.88,예,2003-02-20,2026-02-20,제외
KODEX 200,2,위,-8.0,앞 절반,12,-2.58,-0.21,50.0,0.776,56.32,-6.32,1.48,-1.91,6,2.75,-5.1,-5.48,2.32,0,0,5.92,예,2003-02-20,2014-02-20,판정 안 함
KODEX 200,2,위,-8.0,뒤 절반,12,-10.28,-0.86,41.67,0.689,59.21,-17.54,1.99,-2.89,7,9.06,-8.0,-8.0,3.95,0,1,5.83,예,2015-02-17,2026-02-20,판정 안 함
KODEX 200,2,위,-8.0,최근 10년,10,-10.95,-1.1,30.0,1.071,48.28,-18.28,3.1,-2.89,7,9.06,-8.0,-8.0,4.32,0,1,5.9,예,2017-02-20,2026-02-20,판정 안 함
KODEX 200,2,위,-8.0,최근 5년,5,0.81,0.16,20.0,4.393,18.54,1.46,9.06,-2.06,4,9.06,-4.22,-4.58,5.19,0,0,6.0,아니오,2022-02-18,2026-02-20,판정 안 함
KODEX 200,2,위,-9.0,전체,24,-13.86,-0.58,45.83,0.681,59.48,-13.65,1.72,-2.52,13,9.06,-9.0,-9.0,3.29,0,1,5.88,예,2003-02-20,2026-02-20,제외
KODEX 200,2,위,-9.0,앞 절반,12,-2.58,-0.21,50.0,0.776,56.32,-6.32,1.48,-1.91,6,2.75,-5.1,-5.48,2.32,0,0,5.92,예,2003-02-20,2014-02-20,판정 안 함
KODEX 200,2,위,-9.0,뒤 절반,12,-11.28,-0.94,41.67,0.657,60.37,-18.7,1.99,-3.04,7,9.06,-9.0,-9.0,4.12,0,1,5.83,예,2015-02-17,2026-02-20,판정 안 함
KODEX 200,2,위,-9.0,최근 10년,10,-11.95,-1.2,30.0,1.021,49.48,-19.48,3.1,-3.04,7,9.06,-9.0,-9.0,4.51,0,1,5.9,예,2017-02-20,2026-02-20,판정 안 함
KODEX 200,2,위,-9.0,최근 5년,5,0.81,0.16,20.0,4.393,18.54,1.46,9.06,-2.06,4,9.06,-4.22,-4.58,5.19,0,0,6.0,아니오,2022-02-18,2026-02-20,판정 안 함
KODEX 200,2,위,-10.0,전체,24,-14.35,-0.6,45.83,0.671,59.83,-14.0,1.72,-2.56,13,9.06,-9.49,-9.67,3.35,0,0,5.88,예,2003-02-20,2026-02-20,제외
KODEX 200,2,위,-10.0,앞 절반,12,-2.58,-0.21,50.0,0.776,56.32,-6.32,1.48,-1.91,6,2.75,-5.1,-5.48,2.32,0,0,5.92,예,2003-02-20,2014-02-20,판정 안 함
KODEX 200,2,위,-10.0,뒤 절반,12,-11.77,-0.98,41.67,0.642,60.91,-19.24,1.99,-3.11,7,9.06,-9.49,-9.67,4.21,0,0,5.83,예,2015-02-17,2026-02-20,판정 안 함
KODEX 200,2,위,-10.0,최근 10년,10,-12.44,-1.24,30.0,0.998,50.05,-20.05,3.1,-3.11,7,9.06,-9.49,-9.67,4.6,0,0,5.9,예,2017-02-20,2026-02-20,판정 안 함
KODEX 200,2,위,-10.0,최근 5년,5,0.81,0.16,20.0,4.393,18.54,1.46,9.06,-2.06,4,9.06,-4.22,-4.58,5.19,0,0,6.0,아니오,2022-02-18,2026-02-20,판정 안 함
KODEX 200,2,위,무손절,전체,24,-14.35,-0.6,45.83,0.671,59.83,-14.0,1.72,-2.56,13,9.06,-9.49,-9.67,3.35,0,0,5.88,예,2003-02-20,2026-02-20,제외
KODEX 200,2,위,무손절,앞 절반,12,-2.58,-0.21,50.0,0.776,56.32,-6.32,1.48,-1.91,6,2.75,-5.1,-5.48,2.32,0,0,5.92,예,2003-02-20,2014-02-20,판정 안 함
KODEX 200,2,위,무손절,뒤 절반,12,-11.77,-0.98,41.67,0.642,60.91,-19.24,1.99,-3.11,7,9.06,-9.49,-9.67,4.21,0,0,5.83,예,2015-02-17,2026-02-20,판정 안 함
KODEX 200,2,위,무손절,최근 10년,10,-12.44,-1.24,30.0,0.998,50.05,-20.05,3.1,-3.11,7,9.06,-9.49,-9.67,4.6,0,0,5.9,예,2017-02-20,2026-02-20,판정 안 함
KODEX 200,2,위,무손절,최근 5년,5,0.81,0.16,20.0,4.393,18.54,1.46,9.06,-2.06,4,9.06,-4.22,-4.58,5.19,0,0,6.0,아니오,2022-02-18,2026-02-20,판정 안 함
KODEX 200,3,아래,-3.0,전체,24,-5.38,-0.22,37.5,1.409,41.51,-4.01,3.27,-2.32,15,12.96,-5.94,-5.94,3.89,4,3,6.79,예,2003-03-20,2026-03-20,제외
KODEX 200,3,아래,-3.0,앞 절반,12,-12.16,-1.01,33.33,0.792,55.82,-22.49,1.99,-2.52,8,5.52,-4.51,-4.51,2.74,3,1,6.58,예,2003-03-20,2014-03-20,판정 안 함
KODEX 200,3,아래,-3.0,뒤 절반,12,6.78,0.57,41.67,2.046,32.83,8.84,4.3,-2.1,7,12.96,-5.94,-5.94,4.77,1,2,7.0,예,2015-03-20,2026-03-20,판정 안 함
KODEX 200,3,아래,-3.0,최근 10년,10,6.7,0.67,40.0,2.21,31.15,8.85,5.21,-2.36,6,12.96,-5.94,-5.94,5.26,1,2,6.8,예,2017-03-20,2026-03-20,판정 안 함
KODEX 200,3,아래,-3.0,최근 5년,5,10.9,2.18,40.0,3.793,20.87,19.13,9.02,-2.38,3,12.96,-3.0,-3.0,6.88,0,2,6.6,아니오,2022-03-18,2026-03-20,판정 안 함
KODEX 200,3,아래,-4.0,전체,24,-9.43,-0.39,37.5,1.263,44.2,-6.7,3.27,-2.59,15,12.96,-5.94,-5.94,4.03,2,4,7.21,예,2003-03-20,2026-03-20,제외
KODEX 200,3,아래,-4.0,앞 절반,12,-14.21,-1.18,33.33,0.718,58.19,-24.86,1.99,-2.77,8,5.52,-4.51,-4.51,2.9,1,2,7.17,예,2003-03-20,2014-03-20,판정 안 함
KODEX 200,3,아래,-4.0,뒤 절반,12,4.78,0.4,41.67,1.801,35.7,5.97,4.3,-2.39,7,12.96,-5.94,-5.94,4.92,1,2,7.25,예,2015-03-20,2026-03-20,판정 안 함
KODEX 200,3,아래,-4.0,최근 10년,10,4.7,0.47,40.0,1.936,34.06,5.94,5.21,-2.69,6,12.96,-5.94,-5.94,5.43,1,2,7.1,예,2017-03-20,2026-03-20,판정 안 함
KODEX 200,3,아래,-4.0,최근 5년,5,8.9,1.78,40.0,2.962,25.24,14.76,9.02,-3.04,3,12.96,-4.0,-4.0,7.26,0,2,7.2,아니오,2022-03-18,2026-03-20,판정 안 함
KODEX 200,3,아래,-5.0,전체,24,-11.55,-0.48,37.5,1.197,45.51,-8.01,3.27,-2.73,15,12.96,-5.94,-5.94,4.13,1,3,7.46,예,2003-03-20,2026-03-20,제외
KODEX 200,3,아래,-5.0,앞 절반,12,-16.71,-1.39,33.33,0.646,60.76,-27.43,1.99,-3.08,8,5.52,-5.0,-5.0,3.14,0,3,7.42,예,2003-03-20,2014-03-20,판정 안 함
KODEX 200,3,아래,-5.0,뒤 절반,12,5.16,0.43,41.67,1.842,35.18,6.49,4.3,-2.33,7,12.96,-5.94,-5.94,4.89,1,0,7.5,예,2015-03-20,2026-03-20,판정 안 함
KODEX 200,3,아래,-5.0,최근 10년,10,5.07,0.51,40.0,1.983,33.53,6.47,5.21,-2.63,6,12.96,-5.94,-5.94,5.4,1,0,7.4,예,2017-03-20,2026-03-20,판정 안 함
KODEX 200,3,아래,-5.0,최근 5년,5,9.28,1.86,40.0,3.089,24.45,15.55,9.02,-2.92,3,12.96,-4.27,-4.48,7.2,0,0,7.8,아니오,2022-03-18,2026-03-20,판정 안 함
KODEX 200,3,아래,-6.0,전체,24,-14.14,-0.59,37.5,1.126,47.03,-9.53,3.27,-2.91,15,12.96,-6.0,-6.0,4.26,0,3,7.5,예,2003-03-20,2026-03-20,제외
KODEX 200,3,아래,-6.0,앞 절반,12,-19.24,-1.6,33.33,0.586,63.07,-29.74,1.99,-3.4,8,5.52,-6.0,-6.0,3.42,0,2,7.5,예,2003-03-20,2014-03-20,판정 안 함
KODEX 200,3,아래,-6.0,뒤 절반,12,5.1,0.43,41.67,1.836,35.26,6.41,4.3,-2.34,7,12.96,-6.0,-6.0,4.9,0,1,7.5,예,2015-03-20,2026-03-20,판정 안 함
KODEX 200,3,아래,-6.0,최근 10년,10,5.01,0.5,40.0,1.975,33.61,6.39,5.21,-2.64,6,12.96,-6.0,-6.0,5.41,0,1,7.4,예,2017-03-20,2026-03-20,판정 안 함
KODEX 200,3,아래,-6.0,최근 5년,5,9.28,1.86,40.0,3.089,24.45,15.55,9.02,-2.92,3,12.96,-4.27,-4.48,7.2,0,0,7.8,아니오,2022-03-18,2026-03-20,판정 안 함
KODEX 200,3,아래,-7.0,전체,24,-16.35,-0.68,37.5,1.072,48.27,-10.77,3.27,-3.05,15,12.96,-7.0,-7.0,4.39,0,2,7.58,예,2003-03-20,2026-03-20,제외
KODEX 200,3,아래,-7.0,앞 절반,12,-20.46,-1.7,33.33,0.561,64.08,-30.75,1.99,-3.55,8,5.52,-7.0,-7.0,3.57,0,1,7.67,예,2003-03-20,2014-03-20,판정 안 함
KODEX 200,3,아래,-7.0,뒤 절반,12,4.1,0.34,41.67,1.73,36.63,5.04,4.3,-2.48,7,12.96,-7.0,-7.0,5.03,0,1,7.5,예,2015-03-20,2026-03-20,판정 안 함
KODEX 200,3,아래,-7.0,최근 10년,10,4.01,0.4,40.0,1.858,34.99,5.01,5.21,-2.8,6,12.96,-7.0,-7.0,5.55,0,1,7.4,예,2017-03-20,2026-03-20,판정 안 함
KODEX 200,3,아래,-7.0,최근 5년,5,9.28,1.86,40.0,3.089,24.45,15.55,9.02,-2.92,3,12.96,-4.27,-4.48,7.2,0,0,7.8,아니오,2022-03-18,2026-03-20,판정 안 함
KODEX 200,3,아래,-8.0,전체,24,-13.38,-0.56,37.5,1.146,46.6,-9.1,3.27,-2.86,15,12.96,-8.0,-8.0,4.28,0,1,7.67,예,2003-03-20,2026-03-20,제외
KODEX 200,3,아래,-8.0,앞 절반,12,-16.48,-1.37,33.33,0.652,60.54,-27.21,1.99,-3.06,8,5.52,-6.21,-7.21,3.2,0,0,7.83,예,2003-03-20,2014-03-20,판정 안 함
KODEX 200,3,아래,-8.0,뒤 절반,12,3.1,0.26,41.67,1.636,37.93,3.74,4.3,-2.63,7,12.96,-8.0,-8.0,5.16,0,1,7.5,예,2015-03-20,2026-03-20,판정 안 함
KODEX 200,3,아래,-8.0,최근 10년,10,3.01,0.3,40.0,1.754,36.32,3.68,5.21,-2.97,6,12.96,-8.0,-8.0,5.7,0,1,7.4,예,2017-03-20,2026-03-20,판정 안 함
KODEX 200,3,아래,-8.0,최근 5년,5,9.28,1.86,40.0,3.089,24.45,15.55,9.02,-2.92,3,12.96,-4.27,-4.48,7.2,0,0,7.8,아니오,2022-03-18,2026-03-20,판정 안 함
KODEX 200,3,아래,-9.0,전체,24,-14.38,-0.6,37.5,1.12,47.17,-9.67,3.27,-2.92,15,12.96,-9.0,-9.0,4.36,0,1,7.67,예,2003-03-20,2026-03-20,제외
KODEX 200,3,아래,-9.0,앞 절반,12,-16.48,-1.37,33.33,0.652,60.54,-27.21,1.99,-3.06,8,5.52,-6.21,-7.21,3.2,0,0,7.83,예,2003-03-20,2014-03-20,판정 안 함
KODEX 200,3,아래,-9.0,뒤 절반,12,2.1,0.18,41.67,1.552,39.19,2.48,4.3,-2.77,7,12.96,-9.0,-9.0,5.32,0,1,7.5,예,2015-03-20,2026-03-20,판정 안 함
KODEX 200,3,아래,-9.0,최근 10년,10,2.01,0.2,40.0,1.66,37.59,2.41,5.21,-3.14,6,12.96,-9.0,-9.0,5.87,0,1,7.4,예,2017-03-20,2026-03-20,판정 안 함
KODEX 200,3,아래,-9.0,최근 5년,5,9.28,1.86,40.0,3.089,24.45,15.55,9.02,-2.92,3,12.96,-4.27,-4.48,7.2,0,0,7.8,아니오,2022-03-18,2026-03-20,판정 안 함
KODEX 200,3,아래,-10.0,전체,24,-15.38,-0.64,37.5,1.095,47.73,-10.23,3.27,-2.99,15,12.96,-10.0,-10.0,4.45,0,1,7.71,예,2003-03-20,2026-03-20,제외
KODEX 200,3,아래,-10.0,앞 절반,12,-16.48,-1.37,33.33,0.652,60.54,-27.21,1.99,-3.06,8,5.52,-6.21,-7.21,3.2,0,0,7.83,예,2003-03-20,2014-03-20,판정 안 함
KODEX 200,3,아래,-10.0,뒤 절반,12,1.1,0.09,41.67,1.476,40.39,1.28,4.3,-2.91,7,12.96,-10.0,-10.0,5.48,0,1,7.58,예,2015-03-20,2026-03-20,판정 안 함
KODEX 200,3,아래,-10.0,최근 10년,10,1.01,0.1,40.0,1.577,38.81,1.19,5.21,-3.3,6,12.96,-10.0,-10.0,6.05,0,1,7.5,예,2017-03-20,2026-03-20,판정 안 함
KODEX 200,3,아래,-10.0,최근 5년,5,9.28,1.86,40.0,3.089,24.45,15.55,9.02,-2.92,3,12.96,-4.27,-4.48,7.2,0,0,7.8,아니오,2022-03-18,2026-03-20,판정 안 함
KODEX 200,3,아래,무손절,전체,24,-15.89,-0.66,37.5,1.083,48.01,-10.51,3.27,-3.02,15,12.96,-10.51,-11.72,4.5,0,0,7.83,예,2003-03-20,2026-03-20,제외
KODEX 200,3,아래,무손절,앞 절반,12,-16.48,-1.37,33.33,0.652,60.54,-27.21,1.99,-3.06,8,5.52,-6.21,-7.21,3.2,0,0,7.83,예,2003-03-20,2014-03-20,판정 안 함
KODEX 200,3,아래,무손절,뒤 절반,12,0.59,0.05,41.67,1.44,40.99,0.68,4.3,-2.99,7,12.96,-10.51,-11.72,5.56,0,0,7.83,예,2015-03-20,2026-03-20,판정 안 함
KODEX 200,3,아래,무손절,최근 10년,10,0.51,0.05,40.0,1.537,39.41,0.59,5.21,-3.39,6,12.96,-10.51,-11.72,6.15,0,0,7.8,예,2017-03-20,2026-03-20,판정 안 함
KODEX 200,3,아래,무손절,최근 5년,5,9.28,1.86,40.0,3.089,24.45,15.55,9.02,-2.92,3,12.96,-4.27,-4.48,7.2,0,0,7.8,아니오,2022-03-18,2026-03-20,판정 안 함
KODEX 200,3,위,-3.0,전체,24,1.95,0.08,54.17,0.899,52.67,1.5,2.56,-2.85,11,6.21,-7.18,-7.18,3.35,4,3,6.46,예,2003-03-20,2026-03-20,제외
KODEX 200,3,위,-3.0,앞 절반,12,11.45,0.95,58.33,1.426,41.22,17.11,3.28,-2.3,5,6.21,-3.39,-3.39,3.32,1,2,6.5,예,2003-03-20,2014-03-20,판정 안 함
KODEX 200,3,위,-3.0,뒤 절반,12,-9.5,-0.79,50.0,0.522,65.69,-15.69,1.73,-3.32,6,4.27,-7.18,-7.18,3.29,3,1,6.42,예,2015-03-20,2026-03-20,판정 안 함
KODEX 200,3,위,-3.0,최근 10년,10,-9.42,-0.94,50.0,0.511,66.2,-16.2,1.97,-3.85,5,4.27,-7.18,-7.18,3.61,3,1,6.1,예,2017-03-20,2026-03-20,판정 안 함
KODEX 200,3,위,-3.0,최근 5년,5,0.64,0.13,60.0,0.72,58.15,1.85,2.92,-4.06,2,4.27,-4.08,-4.08,3.99,2,0,6.6,아니오,2022-03-18,2026-03-20,판정 안 함
KODEX 200,3,위,-4.0,전체,24,9.64,0.4,58.33,0.988,50.31,8.02,2.49,-2.52,10,6.21,-7.18,-7.18,3.22,3,1,7.29,예,2003-03-20,2026-03-20,제외
KODEX 200,3,위,-4.0,앞 절반,12,18.0,1.5,66.67,1.896,34.54,32.13,3.06,-1.61,4,6.21,-4.0,-4.0,2.92,0,1,7.75,예,2003-03-20,2014-03-20,판정 안 함
KODEX 200,3,위,-4.0,뒤 절반,12,-8.36,-0.7,50.0,0.554,64.35,-14.35,1.73,-3.13,6,4.27,-7.18,-7.18,3.24,3,0,6.83,예,2015-03-20,2026-03-20,판정 안 함
KODEX 200,3,위,-4.0,최근 10년,10,-8.27,-0.83,50.0,0.543,64.81,-14.81,1.97,-3.62,5,4.27,-7.18,-7.18,3.55,3,0,6.6,예,2017-03-20,2026-03-20,판정 안 함
KODEX 200,3,위,-4.0,최근 5년,5,0.64,0.13,60.0,0.72,58.15,1.85,2.92,-4.06,2,4.27,-4.08,-4.08,3.99,2,0,6.6,아니오,2022-03-18,2026-03-20,판정 안 함
KODEX 200,3,위,-5.0,전체,24,6.75,0.28,58.33,0.886,53.02,5.31,2.49,-2.81,10,6.21,-7.18,-7.18,3.4,1,3,7.33,예,2003-03-20,2026-03-20,제외
KODEX 200,3,위,-5.0,앞 절반,12,17.0,1.42,66.67,1.641,37.86,28.81,3.06,-1.86,4,6.21,-5.0,-5.0,3.1,0,1,7.83,예,2003-03-20,2014-03-20,판정 안 함
KODEX 200,3,위,-5.0,뒤 절반,12,-10.25,-0.85,50.0,0.503,66.52,-16.52,1.73,-3.44,6,4.27,-7.18,-7.18,3.43,1,2,6.83,예,2015-03-20,2026-03-20,판정 안 함
KODEX 200,3,위,-5.0,최근 10년,10,-10.16,-1.02,50.0,0.492,67.04,-17.04,1.97,-4.0,5,4.27,-7.18,-7.18,3.76,1,2,6.6,예,2017-03-20,2026-03-20,판정 안 함
KODEX 200,3,위,-5.0,최근 5년,5,-1.24,-0.25,60.0,0.584,63.14,-3.14,2.92,-5.0,2,4.27,-5.0,-5.0,4.49,0,2,6.6,아니오,2022-03-18,2026-03-20,판정 안 함
KODEX 200,3,위,-6.0,전체,24,5.16,0.21,58.33,0.838,54.39,3.94,2.49,-2.97,10,6.21,-7.18,-7.18,3.51,1,1,7.33,예,2003-03-20,2026-03-20,제외
KODEX 200,3,위,-6.0,앞 절반,12,16.48,1.37,66.67,1.534,39.46,27.21,3.06,-1.99,4,6.21,-5.52,-5.52,3.2,0,0,7.83,예,2003-03-20,2014-03-20,판정 안 함
KODEX 200,3,위,-6.0,뒤 절반,12,-11.32,-0.94,50.0,0.479,67.64,-17.64,1.73,-3.62,6,4.27,-7.18,-7.18,3.56,1,1,6.83,예,2015-03-20,2026-03-20,판정 안 함
KODEX 200,3,위,-6.0,최근 10년,10,-11.24,-1.12,50.0,0.467,68.19,-18.19,1.97,-4.21,5,4.27,-7.18,-7.18,3.89,1,1,6.6,예,2017-03-20,2026-03-20,판정 안 함
KODEX 200,3,위,-6.0,최근 5년,5,-2.32,-0.46,60.0,0.527,65.48,-5.48,2.92,-5.54,2,4.27,-6.0,-6.0,4.78,0,1,6.6,아니오,2022-03-18,2026-03-20,판정 안 함
KODEX 200,3,위,-7.0,전체,24,2.19,0.09,58.33,0.762,56.75,1.58,2.49,-3.27,10,6.21,-8.97,-8.97,3.78,2,0,7.5,예,2003-03-20,2026-03-20,제외
KODEX 200,3,위,-7.0,앞 절반,12,16.48,1.37,66.67,1.534,39.46,27.21,3.06,-1.99,4,6.21,-5.52,-5.52,3.2,0,0,7.83,예,2003-03-20,2014-03-20,판정 안 함
KODEX 200,3,위,-7.0,뒤 절반,12,-14.29,-1.19,50.0,0.421,70.38,-20.38,1.73,-4.11,6,4.27,-8.97,-8.97,4.02,2,0,7.17,예,2015-03-20,2026-03-20,판정 안 함
KODEX 200,3,위,-7.0,최근 10년,10,-14.21,-1.42,50.0,0.409,70.98,-20.98,1.97,-4.81,5,4.27,-8.97,-8.97,4.39,2,0,7.0,예,2017-03-20,2026-03-20,판정 안 함
KODEX 200,3,위,-7.0,최근 5년,5,-5.29,-1.06,60.0,0.416,70.64,-10.64,2.92,-7.02,2,4.27,-8.97,-8.97,5.73,1,0,7.4,아니오,2022-03-18,2026-03-20,판정 안 함
KODEX 200,3,위,-8.0,전체,24,19.87,0.83,62.5,1.068,48.35,14.15,3.02,-2.83,9,10.51,-8.97,-8.97,4.02,1,0,7.75,예,2003-03-20,2026-03-20,제외
KODEX 200,3,위,-8.0,앞 절반,12,16.48,1.37,66.67,1.534,39.46,27.21,3.06,-1.99,4,6.21,-5.52,-5.52,3.2,0,0,7.83,예,2003-03-20,2014-03-20,판정 안 함
KODEX 200,3,위,-8.0,뒤 절반,12,3.39,0.28,58.33,0.853,53.97,4.36,2.99,-3.5,5,10.51,-8.97,-8.97,4.79,1,0,7.67,예,2015-03-20,2026-03-20,판정 안 함
KODEX 200,3,위,-8.0,최근 10년,10,3.48,0.35,60.0,0.804,55.42,4.58,3.39,-4.21,4,10.51,-8.97,-8.97,5.28,1,0,7.6,예,2017-03-20,2026-03-20,판정 안 함
KODEX 200,3,위,-8.0,최근 5년,5,-5.29,-1.06,60.0,0.416,70.64,-10.64,2.92,-7.02,2,4.27,-8.97,-8.97,5.73,1,0,7.4,아니오,2022-03-18,2026-03-20,판정 안 함
KODEX 200,3,위,-9.0,전체,24,19.85,0.83,62.5,1.067,48.38,14.12,3.02,-2.83,9,10.51,-9.0,-9.0,4.02,0,1,7.75,예,2003-03-20,2026-03-20,제외
KODEX 200,3,위,-9.0,앞 절반,12,16.48,1.37,66.67,1.534,39.46,27.21,3.06,-1.99,4,6.21,-5.52,-5.52,3.2,0,0,7.83,예,2003-03-20,2014-03-20,판정 안 함
KODEX 200,3,위,-9.0,뒤 절반,12,3.36,0.28,58.33,0.851,54.01,4.32,2.99,-3.51,5,10.51,-9.0,-9.0,4.79,0,1,7.67,예,2015-03-20,2026-03-20,판정 안 함
KODEX 200,3,위,-9.0,최근 10년,10,3.45,0.35,60.0,0.803,55.46,4.54,3.39,-4.22,4,10.51,-9.0,-9.0,5.29,0,1,7.6,예,2017-03-20,2026-03-20,판정 안 함
KODEX 200,3,위,-9.0,최근 5년,5,-5.32,-1.06,60.0,0.415,70.68,-10.68,2.92,-7.04,2,4.27,-9.0,-9.0,5.74,0,1,7.4,아니오,2022-03-18,2026-03-20,판정 안 함
KODEX 200,3,위,-10.0,전체,24,18.85,0.79,62.5,1.027,49.34,13.16,3.02,-2.94,9,10.51,-10.0,-10.0,4.13,0,1,7.75,예,2003-03-20,2026-03-20,제외
KODEX 200,3,위,-10.0,앞 절반,12,16.48,1.37,66.67,1.534,39.46,27.21,3.06,-1.99,4,6.21,-5.52,-5.52,3.2,0,0,7.83,예,2003-03-20,2014-03-20,판정 안 함
KODEX 200,3,위,-10.0,뒤 절반,12,2.36,0.2,58.33,0.805,55.39,2.94,2.99,-3.71,5,10.51,-10.0,-10.0,4.97,0,1,7.67,예,2015-03-20,2026-03-20,판정 안 함
KODEX 200,3,위,-10.0,최근 10년,10,2.45,0.25,60.0,0.758,56.88,3.12,3.39,-4.47,4,10.51,-10.0,-10.0,5.49,0,1,7.6,예,2017-03-20,2026-03-20,판정 안 함
KODEX 200,3,위,-10.0,최근 5년,5,-6.32,-1.26,60.0,0.387,72.09,-12.09,2.92,-7.54,2,4.27,-10.0,-10.0,6.09,0,1,7.4,아니오,2022-03-18,2026-03-20,판정 안 함
KODEX 200,3,위,무손절,전체,24,15.89,0.66,62.5,0.924,51.99,10.51,3.02,-3.27,9,10.51,-12.96,-13.33,4.5,0,0,7.83,예,2003-03-20,2026-03-20,제외
KODEX 200,3,위,무손절,앞 절반,12,16.48,1.37,66.67,1.534,39.46,27.21,3.06,-1.99,4,6.21,-5.52,-5.52,3.2,0,0,7.83,예,2003-03-20,2014-03-20,판정 안 함
KODEX 200,3,위,무손절,뒤 절반,12,-0.59,-0.05,58.33,0.695,59.01,-0.68,2.99,-4.3,5,10.51,-12.96,-13.33,5.56,0,0,7.83,예,2015-03-20,2026-03-20,판정 안 함
KODEX 200,3,위,무손절,최근 10년,10,-0.51,-0.05,60.0,0.65,60.59,-0.59,3.39,-5.21,4,10.51,-12.96,-13.33,6.15,0,0,7.8,예,2017-03-20,2026-03-20,판정 안 함
KODEX 200,3,위,무손절,최근 5년,5,-9.28,-1.86,60.0,0.324,75.55,-15.55,2.92,-9.02,2,4.27,-12.96,-13.33,7.2,0,0,7.8,아니오,2022-03-18,2026-03-20,판정 안 함
KODEX 200,4,아래,-3.0,전체,24,19.54,0.81,54.17,1.629,38.04,16.13,3.13,-1.92,11,8.5,-3.0,-3.0,3.16,0,5,6.46,예,2003-04-18,2026-04-20,제외
KODEX 200,4,아래,-3.0,앞 절반,12,15.83,1.32,58.33,1.895,34.54,23.79,3.63,-1.92,5,8.5,-3.0,-3.0,3.69,0,2,6.83,예,2003-04-18,2014-04-18,판정 안 함
KODEX 200,4,아래,-3.0,뒤 절반,12,3.71,0.31,50.0,1.321,43.08,6.92,2.54,-1.93,6,4.15,-3.0,-3.0,2.58,0,3,6.08,예,2015-04-20,2026-04-20,판정 안 함
KODEX 200,4,아래,-3.0,최근 10년,10,-0.19,-0.02,40.0,1.475,40.4,-0.4,2.84,-1.93,6,4.15,-3.0,-3.0,2.71,0,3,5.8,예,2017-04-20,2026-04-20,판정 안 함
KODEX 200,4,아래,-3.0,최근 5년,5,-2.34,-0.47,40.0,1.041,49.0,-9.0,2.65,-2.55,3,3.33,-3.0,-3.0,2.94,0,2,5.2,아니오,2022-04-20,2026-04-20,판정 안 함
KODEX 200,4,아래,-4.0,전체,24,24.28,1.01,58.33,1.767,36.14,22.19,2.91,-1.65,10,8.5,-4.16,-4.16,2.99,1,0,6.96,예,2003-04-18,2026-04-20,후보
KODEX 200,4,아래,-4.0,앞 절반,12,20.07,1.67,66.67,2.351,29.84,36.83,3.19,-1.36,4,8.5,-2.01,-3.73,3.34,0,0,7.25,예,2003-04-18,2014-04-18,판정 안 함
KODEX 200,4,아래,-4.0,뒤 절반,12,4.21,0.35,50.0,1.381,42.0,8.0,2.54,-1.84,6,4.15,-4.16,-4.16,2.58,1,0,6.67,예,2015-04-20,2026-04-20,판정 안 함
KODEX 200,4,아래,-4.0,최근 10년,10,0.31,0.03,40.0,1.542,39.34,0.66,2.84,-1.84,6,4.15,-4.16,-4.16,2.71,1,0,6.5,예,2017-04-20,2026-04-20,판정 안 함
KODEX 200,4,아래,-4.0,최근 5년,5,-3.11,-0.62,40.0,0.946,51.39,-11.39,2.65,-2.81,3,3.33,-4.16,-4.16,3.16,1,0,6.2,아니오,2022-04-20,2026-04-20,판정 안 함
KODEX 200,4,아래,-5.0,전체,24,23.45,0.98,58.33,1.682,37.29,21.04,2.91,-1.73,10,8.5,-5.0,-5.0,3.06,0,1,6.96,예,2003-04-18,2026-04-20,제외
KODEX 200,4,아래,-5.0,앞 절반,12,20.07,1.67,66.67,2.351,29.84,36.83,3.19,-1.36,4,8.5,-2.01,-3.73,3.34,0,0,7.25,예,2003-04-18,2014-04-18,판정 안 함
KODEX 200,4,아래,-5.0,뒤 절반,12,3.37,0.28,50.0,1.284,43.79,6.21,2.54,-1.98,6,4.15,-5.0,-5.0,2.72,0,1,6.67,예,2015-04-20,2026-04-20,판정 안 함
KODEX 200,4,아래,-5.0,최근 10년,10,-0.53,-0.05,40.0,1.433,41.1,-1.1,2.84,-1.98,6,4.15,-5.0,-5.0,2.87,0,1,6.5,예,2017-04-20,2026-04-20,판정 안 함
KODEX 200,4,아래,-5.0,최근 5년,5,-3.94,-0.79,40.0,0.861,53.75,-13.75,2.65,-3.08,3,3.33,-5.0,-5.0,3.41,0,1,6.2,아니오,2022-04-20,2026-04-20,판정 안 함
KODEX 200,4,아래,-6.0,전체,24,22.45,0.94,58.33,1.59,38.61,19.72,2.91,-1.83,10,8.5,-6.0,-6.0,3.15,0,1,7.04,예,2003-04-18,2026-04-20,제외
KODEX 200,4,아래,-6.0,앞 절반,12,20.07,1.67,66.67,2.351,29.84,36.83,3.19,-1.36,4,8.5,-2.01,-3.73,3.34,0,0,7.25,예,2003-04-18,2014-04-18,판정 안 함
KODEX 200,4,아래,-6.0,뒤 절반,12,2.37,0.2,50.0,1.184,45.79,4.21,2.54,-2.15,6,4.15,-6.0,-6.0,2.91,0,1,6.83,예,2015-04-20,2026-04-20,판정 안 함
KODEX 200,4,아래,-6.0,최근 10년,10,-1.53,-0.15,40.0,1.322,43.06,-3.06,2.84,-2.15,6,4.15,-6.0,-6.0,3.07,0,1,6.7,예,2017-04-20,2026-04-20,판정 안 함
KODEX 200,4,아래,-6.0,최근 5년,5,-4.94,-0.99,40.0,0.777,56.29,-16.29,2.65,-3.42,3,3.33,-6.0,-6.0,3.73,0,1,6.6,아니오,2022-04-20,2026-04-20,판정 안 함
KODEX 200,4,아래,-7.0,전체,24,21.45,0.89,58.33,1.507,39.88,18.45,2.91,-1.93,10,8.5,-7.0,-7.0,3.25,0,1,7.04,예,2003-04-18,2026-04-20,제외
KODEX 200,4,아래,-7.0,앞 절반,12,20.07,1.67,66.67,2.351,29.84,36.83,3.19,-1.36,4,8.5,-2.01,-3.73,3.34,0,0,7.25,예,2003-04-18,2014-04-18,판정 안 함
KODEX 200,4,아래,-7.0,뒤 절반,12,1.37,0.11,50.0,1.099,47.64,2.36,2.54,-2.32,6,4.15,-7.0,-7.0,3.11,0,1,6.83,예,2015-04-20,2026-04-20,판정 안 함
KODEX 200,4,아래,-7.0,최근 10년,10,-2.53,-0.25,40.0,1.227,44.9,-4.9,2.84,-2.32,6,4.15,-7.0,-7.0,3.29,0,1,6.7,예,2017-04-20,2026-04-20,판정 안 함
KODEX 200,4,아래,-7.0,최근 5년,5,-5.94,-1.19,40.0,0.708,58.56,-18.56,2.65,-3.75,3,3.33,-7.0,-7.0,4.08,0,1,6.6,아니오,2022-04-20,2026-04-20,판정 안 함
KODEX 200,4,아래,-8.0,전체,24,20.45,0.85,58.33,1.433,41.1,17.23,2.91,-2.03,10,8.5,-8.0,-8.0,3.36,0,1,7.17,예,2003-04-18,2026-04-20,제외
KODEX 200,4,아래,-8.0,앞 절반,12,20.07,1.67,66.67,2.351,29.84,36.83,3.19,-1.36,4,8.5,-2.01,-3.73,3.34,0,0,7.25,예,2003-04-18,2014-04-18,판정 안 함
KODEX 200,4,아래,-8.0,뒤 절반,12,0.37,0.03,50.0,1.025,49.38,0.62,2.54,-2.48,6,4.15,-8.0,-8.0,3.32,0,1,7.08,예,2015-04-20,2026-04-20,판정 안 함
KODEX 200,4,아래,-8.0,최근 10년,10,-3.53,-0.35,40.0,1.145,46.63,-6.63,2.84,-2.48,6,4.15,-8.0,-8.0,3.52,0,1,7.0,예,2017-04-20,2026-04-20,판정 안 함
KODEX 200,4,아래,-8.0,최근 5년,5,-6.94,-1.39,40.0,0.65,60.61,-20.61,2.65,-4.08,3,3.33,-8.0,-8.0,4.44,0,1,7.2,아니오,2022-04-20,2026-04-20,판정 안 함
KODEX 200,4,아래,-9.0,전체,24,22.73,0.95,58.33,1.614,38.25,20.08,2.91,-1.8,10,8.5,-5.72,-8.18,3.13,0,0,7.17,예,2003-04-18,2026-04-20,제외
KODEX 200,4,아래,-9.0,앞 절반,12,20.07,1.67,66.67,2.351,29.84,36.83,3.19,-1.36,4,8.5,-2.01,-3.73,3.34,0,0,7.25,예,2003-04-18,2014-04-18,판정 안 함
KODEX 200,4,아래,-9.0,뒤 절반,12,2.65,0.22,50.0,1.21,45.24,4.76,2.54,-2.1,6,4.15,-5.72,-8.18,2.85,0,0,7.08,예,2015-04-20,2026-04-20,판정 안 함
KODEX 200,4,아래,-9.0,최근 10년,10,-1.25,-0.12,40.0,1.352,42.53,-2.53,2.84,-2.1,6,4.15,-5.72,-8.18,3.01,0,0,7.0,예,2017-04-20,2026-04-20,판정 안 함
KODEX 200,4,아래,-9.0,최근 5년,5,-4.66,-0.93,40.0,0.798,55.6,-15.6,2.65,-3.32,3,3.33,-5.72,-8.18,3.64,0,0,7.2,아니오,2022-04-20,2026-04-20,판정 안 함
KODEX 200,4,아래,-10.0,전체,24,22.73,0.95,58.33,1.614,38.25,20.08,2.91,-1.8,10,8.5,-5.72,-8.18,3.13,0,0,7.17,예,2003-04-18,2026-04-20,제외
KODEX 200,4,아래,-10.0,앞 절반,12,20.07,1.67,66.67,2.351,29.84,36.83,3.19,-1.36,4,8.5,-2.01,-3.73,3.34,0,0,7.25,예,2003-04-18,2014-04-18,판정 안 함
KODEX 200,4,아래,-10.0,뒤 절반,12,2.65,0.22,50.0,1.21,45.24,4.76,2.54,-2.1,6,4.15,-5.72,-8.18,2.85,0,0,7.08,예,2015-04-20,2026-04-20,판정 안 함
KODEX 200,4,아래,-10.0,최근 10년,10,-1.25,-0.12,40.0,1.352,42.53,-2.53,2.84,-2.1,6,4.15,-5.72,-8.18,3.01,0,0,7.0,예,2017-04-20,2026-04-20,판정 안 함
KODEX 200,4,아래,-10.0,최근 5년,5,-4.66,-0.93,40.0,0.798,55.6,-15.6,2.65,-3.32,3,3.33,-5.72,-8.18,3.64,0,0,7.2,아니오,2022-04-20,2026-04-20,판정 안 함
KODEX 200,4,아래,무손절,전체,24,22.73,0.95,58.33,1.614,38.25,20.08,2.91,-1.8,10,8.5,-5.72,-8.18,3.13,0,0,7.17,예,2003-04-18,2026-04-20,제외
KODEX 200,4,아래,무손절,앞 절반,12,20.07,1.67,66.67,2.351,29.84,36.83,3.19,-1.36,4,8.5,-2.01,-3.73,3.34,0,0,7.25,예,2003-04-18,2014-04-18,판정 안 함
KODEX 200,4,아래,무손절,뒤 절반,12,2.65,0.22,50.0,1.21,45.24,4.76,2.54,-2.1,6,4.15,-5.72,-8.18,2.85,0,0,7.08,예,2015-04-20,2026-04-20,판정 안 함
KODEX 200,4,아래,무손절,최근 10년,10,-1.25,-0.12,40.0,1.352,42.53,-2.53,2.84,-2.1,6,4.15,-5.72,-8.18,3.01,0,0,7.0,예,2017-04-20,2026-04-20,판정 안 함
KODEX 200,4,아래,무손절,최근 5년,5,-4.66,-0.93,40.0,0.798,55.6,-15.6,2.65,-3.32,3,3.33,-5.72,-8.18,3.64,0,0,7.2,아니오,2022-04-20,2026-04-20,판정 안 함
KODEX 200,4,위,-3.0,전체,24,-20.11,-0.84,37.5,0.758,56.89,-19.39,1.86,-2.46,15,5.72,-4.74,-4.74,2.56,3,6,6.54,예,2003-04-18,2026-04-20,제외
KODEX 200,4,위,-3.0,앞 절반,12,-15.87,-1.32,25.0,0.623,61.6,-36.6,1.39,-2.23,9,2.01,-4.74,-4.74,2.13,1,4,6.42,예,2003-04-18,2014-04-18,판정 안 함
KODEX 200,4,위,-3.0,뒤 절반,12,-4.24,-0.35,50.0,0.748,57.2,-7.2,2.1,-2.81,6,5.72,-3.79,-3.79,2.94,2,2,6.67,예,2015-04-20,2026-04-20,판정 안 함
KODEX 200,4,위,-3.0,최근 10년,10,-0.34,-0.03,60.0,0.649,60.64,-0.64,2.1,-3.24,4,5.72,-3.79,-3.79,3.13,2,2,6.5,예,2017-04-20,2026-04-20,판정 안 함
KODEX 200,4,위,-3.0,최근 5년,5,3.02,0.6,60.0,0.956,51.13,8.87,3.32,-3.48,2,5.72,-3.79,-3.79,4.02,2,0,6.6,아니오,2022-04-20,2026-04-20,판정 안 함
KODEX 200,4,위,-4.0,전체,24,-20.1,-0.84,41.67,0.662,60.16,-18.49,1.8,-2.72,14,5.72,-5.15,-5.15,2.78,2,4,6.83,예,2003-04-18,2026-04-20,제외
KODEX 200,4,위,-4.0,앞 절반,12,-14.9,-1.24,33.33,0.534,65.2,-31.87,1.36,-2.54,8,2.01,-5.15,-5.15,2.53,2,1,6.75,예,2003-04-18,2014-04-18,판정 안 함
KODEX 200,4,위,-4.0,뒤 절반,12,-5.2,-0.43,50.0,0.708,58.54,-8.54,2.1,-2.97,6,5.72,-4.0,-4.0,3.07,0,3,6.92,예,2015-04-20,2026-04-20,판정 안 함
KODEX 200,4,위,-4.0,최근 10년,10,-1.3,-0.13,60.0,0.605,62.32,-2.32,2.1,-3.48,4,5.72,-4.0,-4.0,3.29,0,3,6.8,예,2017-04-20,2026-04-20,판정 안 함
KODEX 200,4,위,-4.0,최근 5년,5,1.97,0.39,60.0,0.831,54.62,5.38,3.32,-4.0,2,5.72,-4.0,-4.0,4.28,0,2,6.8,아니오,2022-04-20,2026-04-20,판정 안 함
KODEX 200,4,위,-5.0,전체,24,-18.81,-0.78,41.67,0.685,59.34,-17.67,1.8,-2.63,14,5.72,-5.15,-5.15,2.76,1,2,6.96,예,2003-04-18,2026-04-20,제외
KODEX 200,4,위,-5.0,앞 절반,12,-16.15,-1.35,33.33,0.503,66.55,-33.22,1.36,-2.7,8,2.01,-5.15,-5.15,2.67,1,2,6.83,예,2003-04-18,2014-04-18,판정 안 함
KODEX 200,4,위,-5.0,뒤 절반,12,-2.65,-0.22,50.0,0.826,54.76,-4.76,2.1,-2.54,6,5.72,-4.15,-4.71,2.85,0,0,7.08,예,2015-04-20,2026-04-20,판정 안 함
KODEX 200,4,위,-5.0,최근 10년,10,1.25,0.12,60.0,0.74,57.47,2.53,2.1,-2.84,4,5.72,-4.15,-4.71,3.01,0,0,7.0,예,2017-04-20,2026-04-20,판정 안 함
KODEX 200,4,위,-5.0,최근 5년,5,4.66,0.93,60.0,1.252,44.4,15.6,3.32,-2.65,2,5.72,-3.33,-4.71,3.64,0,0,7.2,아니오,2022-04-20,2026-04-20,판정 안 함
KODEX 200,4,위,-6.0,전체,24,-19.5,-0.81,41.67,0.673,59.78,-18.11,1.8,-2.68,14,5.72,-6.0,-6.0,2.83,0,2,6.96,예,2003-04-18,2026-04-20,제외
KODEX 200,4,위,-6.0,앞 절반,12,-16.85,-1.4,33.33,0.487,67.25,-33.92,1.36,-2.78,8,2.01,-6.0,-6.0,2.81,0,2,6.83,예,2003-04-18,2014-04-18,판정 안 함
KODEX 200,4,위,-6.0,뒤 절반,12,-2.65,-0.22,50.0,0.826,54.76,-4.76,2.1,-2.54,6,5.72,-4.15,-4.71,2.85,0,0,7.08,예,2015-04-20,2026-04-20,판정 안 함
KODEX 200,4,위,-6.0,최근 10년,10,1.25,0.12,60.0,0.74,57.47,2.53,2.1,-2.84,4,5.72,-4.15,-4.71,3.01,0,0,7.0,예,2017-04-20,2026-04-20,판정 안 함
KODEX 200,4,위,-6.0,최근 5년,5,4.66,0.93,60.0,1.252,44.4,15.6,3.32,-2.65,2,5.72,-3.33,-4.71,3.64,0,0,7.2,아니오,2022-04-20,2026-04-20,판정 안 함
KODEX 200,4,위,-7.0,전체,24,-22.2,-0.93,41.67,0.628,61.44,-19.77,1.8,-2.87,14,5.72,-7.7,-7.7,3.07,1,1,7.0,예,2003-04-18,2026-04-20,제외
KODEX 200,4,위,-7.0,앞 절반,12,-19.55,-1.63,33.33,0.434,69.72,-36.39,1.36,-3.12,8,2.01,-7.7,-7.7,3.23,1,1,6.92,예,2003-04-18,2014-04-18,판정 안 함
KODEX 200,4,위,-7.0,뒤 절반,12,-2.65,-0.22,50.0,0.826,54.76,-4.76,2.1,-2.54,6,5.72,-4.15,-4.71,2.85,0,0,7.08,예,2015-04-20,2026-04-20,판정 안 함
KODEX 200,4,위,-7.0,최근 10년,10,1.25,0.12,60.0,0.74,57.47,2.53,2.1,-2.84,4,5.72,-4.15,-4.71,3.01,0,0,7.0,예,2017-04-20,2026-04-20,판정 안 함
KODEX 200,4,위,-7.0,최근 5년,5,4.66,0.93,60.0,1.252,44.4,15.6,3.32,-2.65,2,5.72,-3.33,-4.71,3.64,0,0,7.2,아니오,2022-04-20,2026-04-20,판정 안 함
KODEX 200,4,위,-8.0,전체,24,-23.5,-0.98,41.67,0.608,62.19,-20.52,1.8,-2.97,14,5.72,-8.0,-8.0,3.19,0,2,7.04,예,2003-04-18,2026-04-20,제외
KODEX 200,4,위,-8.0,앞 절반,12,-20.85,-1.74,33.33,0.413,70.78,-37.45,1.36,-3.28,8,2.01,-8.0,-8.0,3.44,0,2,7.0,예,2003-04-18,2014-04-18,판정 안 함
KODEX 200,4,위,-8.0,뒤 절반,12,-2.65,-0.22,50.0,0.826,54.76,-4.76,2.1,-2.54,6,5.72,-4.15,-4.71,2.85,0,0,7.08,예,2015-04-20,2026-04-20,판정 안 함
KODEX 200,4,위,-8.0,최근 10년,10,1.25,0.12,60.0,0.74,57.47,2.53,2.1,-2.84,4,5.72,-4.15,-4.71,3.01,0,0,7.0,예,2017-04-20,2026-04-20,판정 안 함
KODEX 200,4,위,-8.0,최근 5년,5,4.66,0.93,60.0,1.252,44.4,15.6,3.32,-2.65,2,5.72,-3.33,-4.71,3.64,0,0,7.2,아니오,2022-04-20,2026-04-20,판정 안 함
KODEX 200,4,위,-9.0,전체,24,-25.5,-1.06,41.67,0.58,63.29,-21.62,1.8,-3.11,14,5.72,-9.0,-9.0,3.38,0,2,7.04,예,2003-04-18,2026-04-20,제외
KODEX 200,4,위,-9.0,앞 절반,12,-22.85,-1.9,33.33,0.384,72.28,-38.95,1.36,-3.53,8,2.01,-9.0,-9.0,3.78,0,2,7.0,예,2003-04-18,2014-04-18,판정 안 함
KODEX 200,4,위,-9.0,뒤 절반,12,-2.65,-0.22,50.0,0.826,54.76,-4.76,2.1,-2.54,6,5.72,-4.15,-4.71,2.85,0,0,7.08,예,2015-04-20,2026-04-20,판정 안 함
KODEX 200,4,위,-9.0,최근 10년,10,1.25,0.12,60.0,0.74,57.47,2.53,2.1,-2.84,4,5.72,-4.15,-4.71,3.01,0,0,7.0,예,2017-04-20,2026-04-20,판정 안 함
KODEX 200,4,위,-9.0,최근 5년,5,4.66,0.93,60.0,1.252,44.4,15.6,3.32,-2.65,2,5.72,-3.33,-4.71,3.64,0,0,7.2,아니오,2022-04-20,2026-04-20,판정 안 함
KODEX 200,4,위,-10.0,전체,24,-26.27,-1.09,41.67,0.57,63.7,-22.03,1.8,-3.16,14,5.72,-10.27,-10.27,3.47,1,0,7.08,예,2003-04-18,2026-04-20,제외
KODEX 200,4,위,-10.0,앞 절반,12,-23.62,-1.97,33.33,0.373,72.81,-39.48,1.36,-3.63,8,2.01,-10.27,-10.27,3.93,1,0,7.08,예,2003-04-18,2014-04-18,판정 안 함
KODEX 200,4,위,-10.0,뒤 절반,12,-2.65,-0.22,50.0,0.826,54.76,-4.76,2.1,-2.54,6,5.72,-4.15,-4.71,2.85,0,0,7.08,예,2015-04-20,2026-04-20,판정 안 함
KODEX 200,4,위,-10.0,최근 10년,10,1.25,0.12,60.0,0.74,57.47,2.53,2.1,-2.84,4,5.72,-4.15,-4.71,3.01,0,0,7.0,예,2017-04-20,2026-04-20,판정 안 함
KODEX 200,4,위,-10.0,최근 5년,5,4.66,0.93,60.0,1.252,44.4,15.6,3.32,-2.65,2,5.72,-3.33,-4.71,3.64,0,0,7.2,아니오,2022-04-20,2026-04-20,판정 안 함
KODEX 200,4,위,무손절,전체,24,-22.73,-0.95,41.67,0.619,61.75,-20.08,1.8,-2.91,14,5.72,-8.5,-10.39,3.13,0,0,7.17,예,2003-04-18,2026-04-20,제외
KODEX 200,4,위,무손절,앞 절반,12,-20.07,-1.67,33.33,0.425,70.16,-36.83,1.36,-3.19,8,2.01,-8.5,-10.39,3.34,0,0,7.25,예,2003-04-18,2014-04-18,판정 안 함
KODEX 200,4,위,무손절,뒤 절반,12,-2.65,-0.22,50.0,0.826,54.76,-4.76,2.1,-2.54,6,5.72,-4.15,-4.71,2.85,0,0,7.08,예,2015-04-20,2026-04-20,판정 안 함
KODEX 200,4,위,무손절,최근 10년,10,1.25,0.12,60.0,0.74,57.47,2.53,2.1,-2.84,4,5.72,-4.15,-4.71,3.01,0,0,7.0,예,2017-04-20,2026-04-20,판정 안 함
KODEX 200,4,위,무손절,최근 5년,5,4.66,0.93,60.0,1.252,44.4,15.6,3.32,-2.65,2,5.72,-3.33,-4.71,3.64,0,0,7.2,아니오,2022-04-20,2026-04-20,판정 안 함
KODEX 200,5,아래,-3.0,전체,24,-24.82,-1.03,33.33,0.751,57.11,-23.78,1.87,-2.48,16,3.87,-4.15,-4.15,2.33,2,6,6.46,예,2003-05-20,2026-05-20,제외
KODEX 200,5,아래,-3.0,앞 절반,12,-13.63,-1.14,33.33,0.703,58.72,-25.39,1.85,-2.63,8,3.33,-4.15,-4.15,2.41,1,3,6.42,예,2003-05-20,2014-05-20,판정 안 함
KODEX 200,5,아래,-3.0,뒤 절반,12,-11.19,-0.93,33.33,0.805,55.41,-22.08,1.88,-2.34,8,3.87,-3.84,-3.84,2.34,1,3,6.5,예,2015-05-20,2026-05-20,판정 안 함
KODEX 200,5,아래,-3.0,최근 10년,10,-10.85,-1.08,30.0,0.829,54.66,-24.66,1.99,-2.4,7,3.87,-3.84,-3.84,2.43,1,3,6.5,예,2017-05-19,2026-05-20,판정 안 함
KODEX 200,5,아래,-3.0,최근 5년,5,-5.72,-1.14,20.0,1.614,38.25,-18.25,3.87,-2.4,4,3.87,-3.84,-3.84,3.0,1,1,6.0,아니오,2022-05-20,2026-05-20,판정 안 함
KODEX 200,5,아래,-4.0,전체,24,-27.17,-1.13,33.33,0.709,58.51,-25.18,1.87,-2.63,16,3.87,-4.15,-4.15,2.46,1,5,6.83,예,2003-05-20,2026-05-20,제외
KODEX 200,5,아래,-4.0,앞 절반,12,-16.63,-1.39,33.33,0.615,61.91,-28.58,1.85,-3.0,8,3.33,-4.15,-4.15,2.65,1,3,6.75,예,2003-05-20,2014-05-20,판정 안 함
KODEX 200,5,아래,-4.0,뒤 절반,12,-10.55,-0.88,33.33,0.833,54.54,-21.21,1.88,-2.26,8,3.87,-4.0,-4.0,2.35,0,2,6.92,예,2015-05-20,2026-05-20,판정 안 함
KODEX 200,5,아래,-4.0,최근 10년,10,-10.21,-1.02,30.0,0.862,53.7,-23.7,1.99,-2.31,7,3.87,-4.0,-4.0,2.44,0,2,7.0,예,2017-05-19,2026-05-20,판정 안 함
KODEX 200,5,아래,-4.0,최근 5년,5,-6.88,-1.38,20.0,1.44,40.98,-20.98,3.87,-2.69,4,3.87,-4.0,-4.0,3.21,0,2,6.2,아니오,2022-05-20,2026-05-20,판정 안 함
KODEX 200,5,아래,-5.0,전체,24,-29.98,-1.25,33.33,0.665,60.07,-26.74,1.87,-2.81,16,3.87,-5.0,-5.0,2.64,0,4,7.08,예,2003-05-20,2026-05-20,제외
KODEX 200,5,아래,-5.0,앞 절반,12,-18.71,-1.56,33.33,0.566,63.84,-30.51,1.85,-3.26,8,3.33,-5.0,-5.0,2.88,0,3,7.17,예,2003-05-20,2014-05-20,판정 안 함
KODEX 200,5,아래,-5.0,뒤 절반,12,-11.28,-0.94,33.33,0.801,55.52,-22.19,1.88,-2.35,8,3.87,-5.0,-5.0,2.45,0,1,7.0,예,2015-05-20,2026-05-20,판정 안 함
KODEX 200,5,아래,-5.0,최근 10년,10,-10.94,-1.09,30.0,0.825,54.79,-24.79,1.99,-2.42,7,3.87,-5.0,-5.0,2.56,0,1,7.1,예,2017-05-19,2026-05-20,판정 안 함
KODEX 200,5,아래,-5.0,최근 5년,5,-7.61,-1.52,20.0,1.349,42.58,-22.58,3.87,-2.87,4,3.87,-5.0,-5.0,3.4,0,1,6.4,아니오,2022-05-20,2026-05-20,판정 안 함
KODEX 200,5,아래,-6.0,전체,24,-32.49,-1.35,33.33,0.63,61.37,-28.04,1.87,-2.96,16,3.87,-6.17,-6.17,2.81,1,1,7.17,예,2003-05-20,2026-05-20,제외
KODEX 200,5,아래,-6.0,앞 절반,12,-20.21,-1.68,33.33,0.536,65.13,-31.8,1.85,-3.45,8,3.33,-6.17,-6.17,3.06,1,0,7.33,예,2003-05-20,2014-05-20,판정 안 함
KODEX 200,5,아래,-6.0,뒤 절반,12,-12.28,-1.02,33.33,0.761,56.8,-23.47,1.88,-2.48,8,3.87,-6.0,-6.0,2.62,0,1,7.0,예,2015-05-20,2026-05-20,판정 안 함
KODEX 200,5,아래,-6.0,최근 10년,10,-11.94,-1.19,30.0,0.779,56.21,-26.21,1.99,-2.56,7,3.87,-6.0,-6.0,2.74,0,1,7.1,예,2017-05-19,2026-05-20,판정 안 함
KODEX 200,5,아래,-6.0,최근 5년,5,-8.61,-1.72,20.0,1.241,44.63,-24.63,3.87,-3.12,4,3.87,-6.0,-6.0,3.67,0,1,6.4,아니오,2022-05-20,2026-05-20,판정 안 함
KODEX 200,5,아래,-7.0,전체,24,-34.32,-1.43,33.33,0.606,62.26,-28.93,1.87,-3.08,16,3.87,-7.0,-7.0,2.95,0,2,7.21,예,2003-05-20,2026-05-20,제외
KODEX 200,5,아래,-7.0,앞 절반,12,-21.04,-1.75,33.33,0.52,65.8,-32.47,1.85,-3.55,8,3.33,-7.0,-7.0,3.18,0,1,7.42,예,2003-05-20,2014-05-20,판정 안 함
KODEX 200,5,아래,-7.0,뒤 절반,12,-13.28,-1.11,33.33,0.724,58.0,-24.67,1.88,-2.6,8,3.87,-7.0,-7.0,2.8,0,1,7.0,예,2015-05-20,2026-05-20,판정 안 함
KODEX 200,5,아래,-7.0,최근 10년,10,-12.94,-1.29,30.0,0.738,57.54,-27.54,1.99,-2.7,7,3.87,-7.0,-7.0,2.95,0,1,7.1,예,2017-05-19,2026-05-20,판정 안 함
KODEX 200,5,아래,-7.0,최근 5년,5,-9.61,-1.92,20.0,1.149,46.54,-26.54,3.87,-3.37,4,3.87,-7.0,-7.0,3.98,0,1,6.4,아니오,2022-05-20,2026-05-20,판정 안 함
KODEX 200,5,아래,-8.0,전체,24,-36.32,-1.51,33.33,0.582,63.19,-29.86,1.87,-3.2,16,3.87,-8.0,-8.0,3.12,0,2,7.21,예,2003-05-20,2026-05-20,제외
KODEX 200,5,아래,-8.0,앞 절반,12,-22.04,-1.84,33.33,0.502,66.57,-33.24,1.85,-3.68,8,3.33,-8.0,-8.0,3.34,0,1,7.42,예,2003-05-20,2014-05-20,판정 안 함
KODEX 200,5,아래,-8.0,뒤 절반,12,-14.28,-1.19,33.33,0.691,59.14,-25.81,1.88,-2.73,8,3.87,-8.0,-8.0,3.0,0,1,7.0,예,2015-05-20,2026-05-20,판정 안 함
KODEX 200,5,아래,-8.0,최근 10년,10,-13.94,-1.39,30.0,0.701,58.79,-28.79,1.99,-2.85,7,3.87,-8.0,-8.0,3.17,0,1,7.1,예,2017-05-19,2026-05-20,판정 안 함
KODEX 200,5,아래,-8.0,최근 5년,5,-10.61,-2.12,20.0,1.069,48.33,-28.33,3.87,-3.62,4,3.87,-8.0,-8.0,4.31,0,1,6.4,아니오,2022-05-20,2026-05-20,판정 안 함
KODEX 200,5,아래,-9.0,전체,24,-38.01,-1.58,33.33,0.564,63.94,-30.61,1.87,-3.31,16,3.87,-9.5,-9.5,3.28,1,0,7.25,예,2003-05-20,2026-05-20,제외
KODEX 200,5,아래,-9.0,앞 절반,12,-22.23,-1.85,33.33,0.499,66.71,-33.38,1.85,-3.7,8,3.33,-8.19,-8.19,3.37,0,0,7.42,예,2003-05-20,2014-05-20,판정 안 함
KODEX 200,5,아래,-9.0,뒤 절반,12,-15.77,-1.31,33.33,0.646,60.74,-27.41,1.88,-2.91,8,3.87,-9.5,-9.5,3.32,1,0,7.08,예,2015-05-20,2026-05-20,판정 안 함
KODEX 200,5,아래,-9.0,최근 10년,10,-15.44,-1.54,30.0,0.652,60.54,-30.54,1.99,-3.06,7,3.87,-9.5,-9.5,3.53,1,0,7.2,예,2017-05-19,2026-05-20,판정 안 함
KODEX 200,5,아래,-9.0,최근 5년,5,-12.11,-2.42,20.0,0.969,50.79,-30.79,3.87,-3.99,4,3.87,-9.5,-9.5,4.84,1,0,6.6,아니오,2022-05-20,2026-05-20,판정 안 함
KODEX 200,5,아래,-10.0,전체,24,-40.01,-1.67,33.33,0.543,64.8,-31.47,1.87,-3.43,16,3.87,-11.51,-11.51,3.51,1,0,7.29,예,2003-05-20,2026-05-20,제외
KODEX 200,5,아래,-10.0,앞 절반,12,-22.23,-1.85,33.33,0.499,66.71,-33.38,1.85,-3.7,8,3.33,-8.19,-8.19,3.37,0,0,7.42,예,2003-05-20,2014-05-20,판정 안 함
KODEX 200,5,아래,-10.0,뒤 절반,12,-17.78,-1.48,33.33,0.595,62.69,-29.36,1.88,-3.16,8,3.87,-11.51,-11.51,3.79,1,0,7.17,예,2015-05-20,2026-05-20,판정 안 함
KODEX 200,5,아래,-10.0,최근 10년,10,-17.44,-1.74,30.0,0.596,62.66,-32.66,1.99,-3.35,7,3.87,-11.51,-11.51,4.05,1,0,7.3,예,2017-05-19,2026-05-20,판정 안 함
KODEX 200,5,아래,-10.0,최근 5년,5,-14.11,-2.82,20.0,0.861,53.74,-33.74,3.87,-4.5,4,3.87,-11.51,-11.51,5.6,1,0,6.8,아니오,2022-05-20,2026-05-20,판정 안 함
KODEX 200,5,아래,무손절,전체,24,-47.45,-1.98,33.33,0.478,67.64,-34.31,1.87,-3.9,16,3.87,-18.95,-19.07,4.58,0,0,7.42,예,2003-05-20,2026-05-20,제외
KODEX 200,5,아래,무손절,앞 절반,12,-22.23,-1.85,33.33,0.499,66.71,-33.38,1.85,-3.7,8,3.33,-8.19,-8.19,3.37,0,0,7.42,예,2003-05-20,2014-05-20,판정 안 함
KODEX 200,5,아래,무손절,뒤 절반,12,-25.22,-2.1,33.33,0.46,68.49,-35.16,1.88,-4.09,8,3.87,-18.95,-19.07,5.7,0,0,7.42,예,2015-05-20,2026-05-20,판정 안 함
KODEX 200,5,아래,무손절,최근 10년,10,-24.89,-2.49,30.0,0.452,68.86,-38.86,1.99,-4.41,7,3.87,-18.95,-19.07,6.17,0,0,7.6,예,2017-05-19,2026-05-20,판정 안 함
KODEX 200,5,아래,무손절,최근 5년,5,-21.56,-4.31,20.0,0.609,62.15,-42.15,3.87,-6.36,4,3.87,-18.95,-19.07,8.64,0,0,7.4,아니오,2022-05-20,2026-05-20,판정 안 함
KODEX 200,5,위,-3.0,전체,24,35.32,1.47,58.33,1.828,35.36,22.97,4.14,-2.26,10,18.95,-3.33,-3.33,4.84,1,5,6.42,예,2003-05-20,2026-05-20,후보
KODEX 200,5,위,-3.0,앞 절반,12,9.23,0.77,50.0,1.577,38.8,11.2,4.2,-2.66,6,8.19,-3.33,-3.33,4.02,1,4,5.5,예,2003-05-20,2014-05-20,판정 안 함
KODEX 200,5,위,-3.0,뒤 절반,12,26.1,2.17,66.67,2.458,28.92,37.75,4.09,-1.67,4,18.95,-3.0,-3.0,5.63,0,1,7.33,예,2015-05-20,2026-05-20,판정 안 함
KODEX 200,5,위,-3.0,최근 10년,10,25.76,2.58,70.0,2.587,27.88,42.12,4.41,-1.7,3,18.95,-3.0,-3.0,6.08,0,1,7.5,예,2017-05-19,2026-05-20,판정 안 함
KODEX 200,5,위,-3.0,최근 5년,5,22.43,4.49,80.0,2.119,32.06,47.94,6.36,-3.0,1,18.95,-3.0,-3.0,8.44,0,1,7.2,아니오,2022-05-20,2026-05-20,판정 안 함
KODEX 200,5,위,-4.0,전체,24,42.19,1.76,66.67,1.545,39.29,27.38,3.9,-2.52,8,18.95,-4.0,-4.0,4.81,0,3,6.92,예,2003-05-20,2026-05-20,후보
KODEX 200,5,위,-4.0,앞 절반,12,16.97,1.41,66.67,1.171,46.07,20.6,3.7,-3.16,4,8.19,-4.0,-4.0,3.95,0,3,6.42,예,2003-05-20,2014-05-20,판정 안 함
KODEX 200,5,위,-4.0,뒤 절반,12,25.22,2.1,66.67,2.174,31.51,35.16,4.09,-1.88,4,18.95,-3.87,-3.91,5.7,0,0,7.42,예,2015-05-20,2026-05-20,판정 안 함
KODEX 200,5,위,-4.0,최근 10년,10,24.89,2.49,70.0,2.211,31.14,38.86,4.41,-1.99,3,18.95,-3.87,-3.91,6.17,0,0,7.6,예,2017-05-19,2026-05-20,판정 안 함
KODEX 200,5,위,-4.0,최근 5년,5,21.56,4.31,80.0,1.642,37.85,42.15,6.36,-3.87,1,18.95,-3.87,-3.91,8.64,0,0,7.4,아니오,2022-05-20,2026-05-20,판정 안 함
KODEX 200,5,위,-5.0,전체,24,44.95,1.87,66.67,1.789,35.85,30.82,3.9,-2.18,8,18.95,-5.0,-5.0,4.72,0,1,7.25,예,2003-05-20,2026-05-20,후보
KODEX 200,5,위,-5.0,앞 절반,12,19.72,1.64,66.67,1.497,40.06,26.61,3.7,-2.47,4,8.19,-5.0,-5.0,3.72,0,1,7.08,예,2003-05-20,2014-05-20,판정 안 함
KODEX 200,5,위,-5.0,뒤 절반,12,25.22,2.1,66.67,2.174,31.51,35.16,4.09,-1.88,4,18.95,-3.87,-3.91,5.7,0,0,7.42,예,2015-05-20,2026-05-20,판정 안 함
KODEX 200,5,위,-5.0,최근 10년,10,24.89,2.49,70.0,2.211,31.14,38.86,4.41,-1.99,3,18.95,-3.87,-3.91,6.17,0,0,7.6,예,2017-05-19,2026-05-20,판정 안 함
KODEX 200,5,위,-5.0,최근 5년,5,21.56,4.31,80.0,1.642,37.85,42.15,6.36,-3.87,1,18.95,-3.87,-3.91,8.64,0,0,7.4,아니오,2022-05-20,2026-05-20,판정 안 함
KODEX 200,5,위,-6.0,전체,24,43.95,1.83,66.67,1.692,37.14,29.53,3.9,-2.3,8,18.95,-6.0,-6.0,4.78,0,1,7.25,예,2003-05-20,2026-05-20,후보
KODEX 200,5,위,-6.0,앞 절반,12,18.72,1.56,66.67,1.359,42.39,24.28,3.7,-2.72,4,8.19,-6.0,-6.0,3.89,0,1,7.08,예,2003-05-20,2014-05-20,판정 안 함
KODEX 200,5,위,-6.0,뒤 절반,12,25.22,2.1,66.67,2.174,31.51,35.16,4.09,-1.88,4,18.95,-3.87,-3.91,5.7,0,0,7.42,예,2015-05-20,2026-05-20,판정 안 함
KODEX 200,5,위,-6.0,최근 10년,10,24.89,2.49,70.0,2.211,31.14,38.86,4.41,-1.99,3,18.95,-3.87,-3.91,6.17,0,0,7.6,예,2017-05-19,2026-05-20,판정 안 함
KODEX 200,5,위,-6.0,최근 5년,5,21.56,4.31,80.0,1.642,37.85,42.15,6.36,-3.87,1,18.95,-3.87,-3.91,8.64,0,0,7.4,아니오,2022-05-20,2026-05-20,판정 안 함
KODEX 200,5,위,-7.0,전체,24,42.95,1.79,66.67,1.605,38.38,28.29,3.9,-2.43,8,18.95,-7.0,-7.0,4.86,0,1,7.25,예,2003-05-20,2026-05-20,후보
KODEX 200,5,위,-7.0,앞 절반,12,17.72,1.48,66.67,1.245,44.54,22.13,3.7,-2.97,4,8.19,-7.0,-7.0,4.08,0,1,7.08,예,2003-05-20,2014-05-20,판정 안 함
KODEX 200,5,위,-7.0,뒤 절반,12,25.22,2.1,66.67,2.174,31.51,35.16,4.09,-1.88,4,18.95,-3.87,-3.91,5.7,0,0,7.42,예,2015-05-20,2026-05-20,판정 안 함
KODEX 200,5,위,-7.0,최근 10년,10,24.89,2.49,70.0,2.211,31.14,38.86,4.41,-1.99,3,18.95,-3.87,-3.91,6.17,0,0,7.6,예,2017-05-19,2026-05-20,판정 안 함
KODEX 200,5,위,-7.0,최근 5년,5,21.56,4.31,80.0,1.642,37.85,42.15,6.36,-3.87,1,18.95,-3.87,-3.91,8.64,0,0,7.4,아니오,2022-05-20,2026-05-20,판정 안 함
KODEX 200,5,위,-8.0,전체,24,41.95,1.75,66.67,1.527,39.58,27.09,3.9,-2.55,8,18.95,-8.0,-8.0,4.94,0,1,7.25,예,2003-05-20,2026-05-20,후보
KODEX 200,5,위,-8.0,앞 절반,12,16.72,1.39,66.67,1.148,46.55,20.12,3.7,-3.22,4,8.19,-8.0,-8.0,4.27,0,1,7.08,예,2003-05-20,2014-05-20,판정 안 함
KODEX 200,5,위,-8.0,뒤 절반,12,25.22,2.1,66.67,2.174,31.51,35.16,4.09,-1.88,4,18.95,-3.87,-3.91,5.7,0,0,7.42,예,2015-05-20,2026-05-20,판정 안 함
KODEX 200,5,위,-8.0,최근 10년,10,24.89,2.49,70.0,2.211,31.14,38.86,4.41,-1.99,3,18.95,-3.87,-3.91,6.17,0,0,7.6,예,2017-05-19,2026-05-20,판정 안 함
KODEX 200,5,위,-8.0,최근 5년,5,21.56,4.31,80.0,1.642,37.85,42.15,6.36,-3.87,1,18.95,-3.87,-3.91,8.64,0,0,7.4,아니오,2022-05-20,2026-05-20,판정 안 함
KODEX 200,5,위,-9.0,전체,24,47.45,1.98,66.67,2.09,32.36,34.31,3.9,-1.87,8,18.95,-3.87,-8.24,4.58,0,0,7.42,예,2003-05-20,2026-05-20,후보
KODEX 200,5,위,-9.0,앞 절반,12,22.23,1.85,66.67,2.004,33.29,33.38,3.7,-1.85,4,8.19,-3.33,-8.24,3.37,0,0,7.42,예,2003-05-20,2014-05-20,판정 안 함
KODEX 200,5,위,-9.0,뒤 절반,12,25.22,2.1,66.67,2.174,31.51,35.16,4.09,-1.88,4,18.95,-3.87,-3.91,5.7,0,0,7.42,예,2015-05-20,2026-05-20,판정 안 함
KODEX 200,5,위,-9.0,최근 10년,10,24.89,2.49,70.0,2.211,31.14,38.86,4.41,-1.99,3,18.95,-3.87,-3.91,6.17,0,0,7.6,예,2017-05-19,2026-05-20,판정 안 함
KODEX 200,5,위,-9.0,최근 5년,5,21.56,4.31,80.0,1.642,37.85,42.15,6.36,-3.87,1,18.95,-3.87,-3.91,8.64,0,0,7.4,아니오,2022-05-20,2026-05-20,판정 안 함
KODEX 200,5,위,-10.0,전체,24,47.45,1.98,66.67,2.09,32.36,34.31,3.9,-1.87,8,18.95,-3.87,-8.24,4.58,0,0,7.42,예,2003-05-20,2026-05-20,후보
KODEX 200,5,위,-10.0,앞 절반,12,22.23,1.85,66.67,2.004,33.29,33.38,3.7,-1.85,4,8.19,-3.33,-8.24,3.37,0,0,7.42,예,2003-05-20,2014-05-20,판정 안 함
KODEX 200,5,위,-10.0,뒤 절반,12,25.22,2.1,66.67,2.174,31.51,35.16,4.09,-1.88,4,18.95,-3.87,-3.91,5.7,0,0,7.42,예,2015-05-20,2026-05-20,판정 안 함
KODEX 200,5,위,-10.0,최근 10년,10,24.89,2.49,70.0,2.211,31.14,38.86,4.41,-1.99,3,18.95,-3.87,-3.91,6.17,0,0,7.6,예,2017-05-19,2026-05-20,판정 안 함
KODEX 200,5,위,-10.0,최근 5년,5,21.56,4.31,80.0,1.642,37.85,42.15,6.36,-3.87,1,18.95,-3.87,-3.91,8.64,0,0,7.4,아니오,2022-05-20,2026-05-20,판정 안 함
KODEX 200,5,위,무손절,전체,24,47.45,1.98,66.67,2.09,32.36,34.31,3.9,-1.87,8,18.95,-3.87,-8.24,4.58,0,0,7.42,예,2003-05-20,2026-05-20,후보
KODEX 200,5,위,무손절,앞 절반,12,22.23,1.85,66.67,2.004,33.29,33.38,3.7,-1.85,4,8.19,-3.33,-8.24,3.37,0,0,7.42,예,2003-05-20,2014-05-20,판정 안 함
KODEX 200,5,위,무손절,뒤 절반,12,25.22,2.1,66.67,2.174,31.51,35.16,4.09,-1.88,4,18.95,-3.87,-3.91,5.7,0,0,7.42,예,2015-05-20,2026-05-20,판정 안 함
KODEX 200,5,위,무손절,최근 10년,10,24.89,2.49,70.0,2.211,31.14,38.86,4.41,-1.99,3,18.95,-3.87,-3.91,6.17,0,0,7.6,예,2017-05-19,2026-05-20,판정 안 함
KODEX 200,5,위,무손절,최근 5년,5,21.56,4.31,80.0,1.642,37.85,42.15,6.36,-3.87,1,18.95,-3.87,-3.91,8.64,0,0,7.4,아니오,2022-05-20,2026-05-20,판정 안 함
KODEX 200,6,아래,-3.0,전체,24,1.06,0.04,50.0,1.051,48.75,1.25,1.81,-1.72,12,5.67,-3.0,-3.0,2.21,0,4,6.5,예,2003-06-20,2026-06-19,제외
KODEX 200,6,아래,-3.0,앞 절반,12,-3.43,-0.29,41.67,1.06,48.54,-6.87,2.14,-2.02,7,3.23,-3.0,-3.0,2.34,0,3,6.17,예,2003-06-20,2014-06-20,판정 안 함
KODEX 200,6,아래,-3.0,뒤 절반,12,4.49,0.37,58.33,1.212,45.21,13.12,1.56,-1.29,5,5.67,-3.0,-3.0,2.13,0,1,6.83,예,2015-06-19,2026-06-19,판정 안 함
KODEX 200,6,아래,-3.0,최근 10년,10,5.03,0.5,60.0,1.254,44.37,15.63,1.79,-1.43,4,5.67,-3.0,-3.0,2.32,0,1,6.7,예,2017-06-20,2026-06-19,판정 안 함
KODEX 200,6,아래,-3.0,최근 5년,5,5.7,1.14,80.0,0.725,57.97,22.03,2.18,-3.0,1,5.67,-3.0,-3.0,3.15,0,1,6.2,아니오,2022-06-20,2026-06-19,판정 안 함
KODEX 200,6,아래,-4.0,전체,24,-3.06,-0.13,50.0,0.876,53.3,-3.3,1.81,-2.06,12,5.67,-4.12,-4.12,2.48,1,3,6.75,예,2003-06-20,2026-06-19,제외
KODEX 200,6,아래,-4.0,앞 절반,12,-6.55,-0.55,41.67,0.869,53.51,-11.84,2.14,-2.47,7,3.23,-4.12,-4.12,2.69,1,2,6.58,예,2003-06-20,2014-06-20,판정 안 함
KODEX 200,6,아래,-4.0,뒤 절반,12,3.49,0.29,58.33,1.049,48.8,9.53,1.56,-1.49,5,5.67,-4.0,-4.0,2.29,0,1,6.92,예,2015-06-19,2026-06-19,판정 안 함
KODEX 200,6,아래,-4.0,최근 10년,10,4.03,0.4,60.0,1.067,48.38,11.62,1.79,-1.68,4,5.67,-4.0,-4.0,2.5,0,1,6.8,예,2017-06-20,2026-06-19,판정 안 함
KODEX 200,6,아래,-4.0,최근 5년,5,4.7,0.94,80.0,0.544,64.77,15.23,2.18,-4.0,1,5.67,-4.0,-4.0,3.49,0,1,6.4,아니오,2022-06-20,2026-06-19,판정 안 함
KODEX 200,6,아래,-5.0,전체,24,-4.49,-0.19,50.0,0.828,54.7,-4.7,1.81,-2.18,12,5.67,-5.91,-5.91,2.63,1,1,7.0,예,2003-06-20,2026-06-19,제외
KODEX 200,6,아래,-5.0,앞 절반,12,-9.38,-0.78,41.67,0.747,57.25,-15.58,2.14,-2.87,7,3.23,-5.91,-5.91,3.06,1,1,6.83,예,2003-06-20,2014-06-20,판정 안 함
KODEX 200,6,아래,-5.0,뒤 절반,12,4.89,0.41,58.33,1.29,43.67,14.66,1.56,-1.21,5,5.67,-2.61,-4.28,2.07,0,0,7.17,예,2015-06-19,2026-06-19,판정 안 함
KODEX 200,6,아래,-5.0,최근 10년,10,5.42,0.54,60.0,1.346,42.62,17.38,1.79,-1.33,4,5.67,-2.61,-4.28,2.25,0,0,7.1,예,2017-06-20,2026-06-19,판정 안 함
KODEX 200,6,아래,-5.0,최근 5년,5,6.09,1.22,80.0,0.834,54.53,25.47,2.18,-2.61,1,5.67,-2.61,-4.28,3.02,0,0,7.0,아니오,2022-06-20,2026-06-19,판정 안 함
KODEX 200,6,아래,-6.0,전체,24,-5.58,-0.23,50.0,0.795,55.7,-5.7,1.81,-2.27,12,5.67,-6.0,-6.0,2.72,0,2,7.0,예,2003-06-20,2026-06-19,제외
KODEX 200,6,아래,-6.0,앞 절반,12,-10.47,-0.87,41.67,0.708,58.53,-16.86,2.14,-3.03,7,3.23,-6.0,-6.0,3.21,0,2,6.83,예,2003-06-20,2014-06-20,판정 안 함
KODEX 200,6,아래,-6.0,뒤 절반,12,4.89,0.41,58.33,1.29,43.67,14.66,1.56,-1.21,5,5.67,-2.61,-4.28,2.07,0,0,7.17,예,2015-06-19,2026-06-19,판정 안 함
KODEX 200,6,아래,-6.0,최근 10년,10,5.42,0.54,60.0,1.346,42.62,17.38,1.79,-1.33,4,5.67,-2.61,-4.28,2.25,0,0,7.1,예,2017-06-20,2026-06-19,판정 안 함
KODEX 200,6,아래,-6.0,최근 5년,5,6.09,1.22,80.0,0.834,54.53,25.47,2.18,-2.61,1,5.67,-2.61,-4.28,3.02,0,0,7.0,아니오,2022-06-20,2026-06-19,판정 안 함
KODEX 200,6,아래,-7.0,전체,24,-7.06,-0.29,50.0,0.754,57.01,-7.01,1.81,-2.39,12,5.67,-7.0,-7.0,2.86,0,1,7.12,예,2003-06-20,2026-06-19,제외
KODEX 200,6,아래,-7.0,앞 절반,12,-11.95,-1.0,41.67,0.662,60.16,-18.49,2.14,-3.24,7,3.23,-7.0,-7.0,3.43,0,1,7.08,예,2003-06-20,2014-06-20,판정 안 함
KODEX 200,6,아래,-7.0,뒤 절반,12,4.89,0.41,58.33,1.29,43.67,14.66,1.56,-1.21,5,5.67,-2.61,-4.28,2.07,0,0,7.17,예,2015-06-19,2026-06-19,판정 안 함
KODEX 200,6,아래,-7.0,최근 10년,10,5.42,0.54,60.0,1.346,42.62,17.38,1.79,-1.33,4,5.67,-2.61,-4.28,2.25,0,0,7.1,예,2017-06-20,2026-06-19,판정 안 함
KODEX 200,6,아래,-7.0,최근 5년,5,6.09,1.22,80.0,0.834,54.53,25.47,2.18,-2.61,1,5.67,-2.61,-4.28,3.02,0,0,7.0,아니오,2022-06-20,2026-06-19,판정 안 함
KODEX 200,6,아래,-8.0,전체,24,-7.45,-0.31,50.0,0.744,57.34,-7.34,1.81,-2.43,12,5.67,-7.39,-7.39,2.9,0,0,7.12,예,2003-06-20,2026-06-19,제외
KODEX 200,6,아래,-8.0,앞 절반,12,-12.34,-1.03,41.67,0.651,60.57,-18.9,2.14,-3.29,7,3.23,-7.39,-7.39,3.49,0,0,7.08,예,2003-06-20,2014-06-20,판정 안 함
KODEX 200,6,아래,-8.0,뒤 절반,12,4.89,0.41,58.33,1.29,43.67,14.66,1.56,-1.21,5,5.67,-2.61,-4.28,2.07,0,0,7.17,예,2015-06-19,2026-06-19,판정 안 함
KODEX 200,6,아래,-8.0,최근 10년,10,5.42,0.54,60.0,1.346,42.62,17.38,1.79,-1.33,4,5.67,-2.61,-4.28,2.25,0,0,7.1,예,2017-06-20,2026-06-19,판정 안 함
KODEX 200,6,아래,-8.0,최근 5년,5,6.09,1.22,80.0,0.834,54.53,25.47,2.18,-2.61,1,5.67,-2.61,-4.28,3.02,0,0,7.0,아니오,2022-06-20,2026-06-19,판정 안 함
KODEX 200,6,아래,-9.0,전체,24,-7.45,-0.31,50.0,0.744,57.34,-7.34,1.81,-2.43,12,5.67,-7.39,-7.39,2.9,0,0,7.12,예,2003-06-20,2026-06-19,제외
KODEX 200,6,아래,-9.0,앞 절반,12,-12.34,-1.03,41.67,0.651,60.57,-18.9,2.14,-3.29,7,3.23,-7.39,-7.39,3.49,0,0,7.08,예,2003-06-20,2014-06-20,판정 안 함
KODEX 200,6,아래,-9.0,뒤 절반,12,4.89,0.41,58.33,1.29,43.67,14.66,1.56,-1.21,5,5.67,-2.61,-4.28,2.07,0,0,7.17,예,2015-06-19,2026-06-19,판정 안 함
KODEX 200,6,아래,-9.0,최근 10년,10,5.42,0.54,60.0,1.346,42.62,17.38,1.79,-1.33,4,5.67,-2.61,-4.28,2.25,0,0,7.1,예,2017-06-20,2026-06-19,판정 안 함
KODEX 200,6,아래,-9.0,최근 5년,5,6.09,1.22,80.0,0.834,54.53,25.47,2.18,-2.61,1,5.67,-2.61,-4.28,3.02,0,0,7.0,아니오,2022-06-20,2026-06-19,판정 안 함
KODEX 200,6,아래,-10.0,전체,24,-7.45,-0.31,50.0,0.744,57.34,-7.34,1.81,-2.43,12,5.67,-7.39,-7.39,2.9,0,0,7.12,예,2003-06-20,2026-06-19,제외
KODEX 200,6,아래,-10.0,앞 절반,12,-12.34,-1.03,41.67,0.651,60.57,-18.9,2.14,-3.29,7,3.23,-7.39,-7.39,3.49,0,0,7.08,예,2003-06-20,2014-06-20,판정 안 함
KODEX 200,6,아래,-10.0,뒤 절반,12,4.89,0.41,58.33,1.29,43.67,14.66,1.56,-1.21,5,5.67,-2.61,-4.28,2.07,0,0,7.17,예,2015-06-19,2026-06-19,판정 안 함
KODEX 200,6,아래,-10.0,최근 10년,10,5.42,0.54,60.0,1.346,42.62,17.38,1.79,-1.33,4,5.67,-2.61,-4.28,2.25,0,0,7.1,예,2017-06-20,2026-06-19,판정 안 함
KODEX 200,6,아래,-10.0,최근 5년,5,6.09,1.22,80.0,0.834,54.53,25.47,2.18,-2.61,1,5.67,-2.61,-4.28,3.02,0,0,7.0,아니오,2022-06-20,2026-06-19,판정 안 함
KODEX 200,6,아래,무손절,전체,24,-7.45,-0.31,50.0,0.744,57.34,-7.34,1.81,-2.43,12,5.67,-7.39,-7.39,2.9,0,0,7.12,예,2003-06-20,2026-06-19,제외
KODEX 200,6,아래,무손절,앞 절반,12,-12.34,-1.03,41.67,0.651,60.57,-18.9,2.14,-3.29,7,3.23,-7.39,-7.39,3.49,0,0,7.08,예,2003-06-20,2014-06-20,판정 안 함
KODEX 200,6,아래,무손절,뒤 절반,12,4.89,0.41,58.33,1.29,43.67,14.66,1.56,-1.21,5,5.67,-2.61,-4.28,2.07,0,0,7.17,예,2015-06-19,2026-06-19,판정 안 함
KODEX 200,6,아래,무손절,최근 10년,10,5.42,0.54,60.0,1.346,42.62,17.38,1.79,-1.33,4,5.67,-2.61,-4.28,2.25,0,0,7.1,예,2017-06-20,2026-06-19,판정 안 함
KODEX 200,6,아래,무손절,최근 5년,5,6.09,1.22,80.0,0.834,54.53,25.47,2.18,-2.61,1,5.67,-2.61,-4.28,3.02,0,0,7.0,아니오,2022-06-20,2026-06-19,판정 안 함
KODEX 200,6,위,-3.0,전체,24,1.57,0.07,45.83,1.251,44.42,1.41,2.58,-2.06,13,7.39,-3.33,-3.33,2.95,1,6,6.0,예,2003-06-20,2026-06-19,제외
KODEX 200,6,위,-3.0,앞 절반,12,7.56,0.63,50.0,1.514,39.77,10.23,3.71,-2.45,6,7.39,-3.33,-3.33,3.76,1,3,6.0,예,2003-06-20,2014-06-20,판정 안 함
KODEX 200,6,위,-3.0,뒤 절반,12,-6.0,-0.5,41.67,0.704,58.69,-17.02,1.21,-1.72,7,2.61,-3.0,-3.0,1.83,0,3,6.0,예,2015-06-19,2026-06-19,판정 안 함
KODEX 200,6,위,-3.0,최근 10년,10,-3.74,-0.37,40.0,0.881,53.16,-13.16,1.33,-1.51,6,2.61,-3.0,-3.0,1.8,0,2,6.1,예,2017-06-20,2026-06-19,판정 안 함
KODEX 200,6,위,-3.0,최근 5년,5,-4.41,-0.88,20.0,1.487,40.21,-20.21,2.61,-1.75,4,2.61,-3.0,-3.0,2.34,0,2,5.0,아니오,2022-06-20,2026-06-19,판정 안 함
KODEX 200,6,위,-4.0,전체,24,8.35,0.35,50.0,1.402,41.63,8.37,2.43,-1.73,12,7.39,-4.0,-4.0,2.82,0,2,6.75,예,2003-06-20,2026-06-19,제외
KODEX 200,6,위,-4.0,앞 절반,12,11.56,0.96,58.33,1.433,41.1,17.23,3.29,-2.3,5,7.39,-4.0,-4.0,3.58,0,1,6.75,예,2003-06-20,2014-06-20,판정 안 함
KODEX 200,6,위,-4.0,뒤 절반,12,-3.22,-0.27,41.67,0.915,52.23,-10.56,1.21,-1.33,7,2.61,-4.0,-4.0,1.71,0,1,6.75,예,2015-06-19,2026-06-19,판정 안 함
KODEX 200,6,위,-4.0,최근 10년,10,-3.75,-0.38,40.0,0.88,53.2,-13.2,1.33,-1.51,6,2.61,-4.0,-4.0,1.86,0,1,6.6,예,2017-06-20,2026-06-19,판정 안 함
KODEX 200,6,위,-4.0,최근 5년,5,-4.42,-0.88,20.0,1.484,40.26,-20.26,2.61,-1.76,4,2.61,-4.0,-4.0,2.44,0,1,6.0,아니오,2022-06-20,2026-06-19,판정 안 함
KODEX 200,6,위,-5.0,전체,24,6.35,0.26,50.0,1.279,43.88,6.12,2.43,-1.9,12,7.39,-5.0,-5.0,2.96,0,2,6.75,예,2003-06-20,2026-06-19,제외
KODEX 200,6,위,-5.0,앞 절반,12,10.56,0.88,58.33,1.318,43.14,15.19,3.29,-2.5,5,7.39,-5.0,-5.0,3.72,0,1,6.75,예,2003-06-20,2014-06-20,판정 안 함
KODEX 200,6,위,-5.0,뒤 절반,12,-4.22,-0.35,41.67,0.826,54.77,-13.1,1.21,-1.47,7,2.61,-5.0,-5.0,1.92,0,1,6.75,예,2015-06-19,2026-06-19,판정 안 함
KODEX 200,6,위,-5.0,최근 10년,10,-4.75,-0.48,40.0,0.792,55.79,-15.79,1.33,-1.68,6,2.61,-5.0,-5.0,2.09,0,1,6.6,예,2017-06-20,2026-06-19,판정 안 함
KODEX 200,6,위,-5.0,최근 5년,5,-5.42,-1.08,20.0,1.299,43.5,-23.5,2.61,-2.01,4,2.61,-5.0,-5.0,2.78,0,1,6.0,아니오,2022-06-20,2026-06-19,판정 안 함
KODEX 200,6,위,-6.0,전체,24,4.35,0.18,50.0,1.176,45.96,4.04,2.43,-2.06,12,7.39,-6.0,-6.0,3.13,0,2,6.83,예,2003-06-20,2026-06-19,제외
KODEX 200,6,위,-6.0,앞 절반,12,9.56,0.8,58.33,1.221,45.03,13.3,3.29,-2.7,5,7.39,-6.0,-6.0,3.87,0,1,6.92,예,2003-06-20,2014-06-20,판정 안 함
KODEX 200,6,위,-6.0,뒤 절반,12,-5.22,-0.43,41.67,0.752,57.06,-15.39,1.21,-1.61,7,2.61,-6.0,-6.0,2.15,0,1,6.75,예,2015-06-19,2026-06-19,판정 안 함
KODEX 200,6,위,-6.0,최근 10년,10,-5.75,-0.58,40.0,0.721,58.12,-18.12,1.33,-1.85,6,2.61,-6.0,-6.0,2.34,0,1,6.6,예,2017-06-20,2026-06-19,판정 안 함
KODEX 200,6,위,-6.0,최근 5년,5,-6.42,-1.28,20.0,1.155,46.4,-26.4,2.61,-2.26,4,2.61,-6.0,-6.0,3.15,0,1,6.0,아니오,2022-06-20,2026-06-19,판정 안 함
KODEX 200,6,위,-7.0,전체,24,6.12,0.26,50.0,1.266,44.13,5.87,2.43,-1.92,12,7.39,-7.0,-7.0,3.03,0,1,6.92,예,2003-06-20,2026-06-19,제외
KODEX 200,6,위,-7.0,앞 절반,12,12.34,1.03,58.33,1.536,39.43,18.9,3.29,-2.14,5,7.39,-3.23,-6.45,3.49,0,0,7.08,예,2003-06-20,2014-06-20,판정 안 함
KODEX 200,6,위,-7.0,뒤 절반,12,-6.22,-0.52,41.67,0.691,59.13,-17.46,1.21,-1.75,7,2.61,-7.0,-7.0,2.39,0,1,6.75,예,2015-06-19,2026-06-19,판정 안 함
KODEX 200,6,위,-7.0,최근 10년,10,-6.75,-0.68,40.0,0.661,60.2,-20.2,1.33,-2.01,6,2.61,-7.0,-7.0,2.6,0,1,6.6,예,2017-06-20,2026-06-19,판정 안 함
KODEX 200,6,위,-7.0,최근 5년,5,-7.42,-1.48,20.0,1.04,49.02,-29.02,2.61,-2.51,4,2.61,-7.0,-7.0,3.53,0,1,6.0,아니오,2022-06-20,2026-06-19,판정 안 함
KODEX 200,6,위,-8.0,전체,24,5.12,0.21,50.0,1.213,45.18,4.82,2.43,-2.0,12,7.39,-8.0,-8.0,3.14,0,1,6.92,예,2003-06-20,2026-06-19,제외
KODEX 200,6,위,-8.0,앞 절반,12,12.34,1.03,58.33,1.536,39.43,18.9,3.29,-2.14,5,7.39,-3.23,-6.45,3.49,0,0,7.08,예,2003-06-20,2014-06-20,판정 안 함
KODEX 200,6,위,-8.0,뒤 절반,12,-7.22,-0.6,41.67,0.639,61.01,-19.34,1.21,-1.9,7,2.61,-8.0,-8.0,2.64,0,1,6.75,예,2015-06-19,2026-06-19,판정 안 함
KODEX 200,6,위,-8.0,최근 10년,10,-7.75,-0.78,40.0,0.61,62.09,-22.09,1.33,-2.18,6,2.61,-8.0,-8.0,2.88,0,1,6.6,예,2017-06-20,2026-06-19,판정 안 함
KODEX 200,6,위,-8.0,최근 5년,5,-8.42,-1.68,20.0,0.946,51.39,-31.39,2.61,-2.76,4,2.61,-8.0,-8.0,3.93,0,1,6.0,아니오,2022-06-20,2026-06-19,판정 안 함
KODEX 200,6,위,-9.0,전체,24,4.12,0.17,50.0,1.165,46.19,3.81,2.43,-2.08,12,7.39,-9.0,-9.0,3.26,0,1,6.92,예,2003-06-20,2026-06-19,제외
KODEX 200,6,위,-9.0,앞 절반,12,12.34,1.03,58.33,1.536,39.43,18.9,3.29,-2.14,5,7.39,-3.23,-6.45,3.49,0,0,7.08,예,2003-06-20,2014-06-20,판정 안 함
KODEX 200,6,위,-9.0,뒤 절반,12,-8.22,-0.68,41.67,0.594,62.72,-21.05,1.21,-2.04,7,2.61,-9.0,-9.0,2.9,0,1,6.75,예,2015-06-19,2026-06-19,판정 안 함
KODEX 200,6,위,-9.0,최근 10년,10,-8.75,-0.88,40.0,0.567,63.81,-23.81,1.33,-2.35,6,2.61,-9.0,-9.0,3.16,0,1,6.6,예,2017-06-20,2026-06-19,판정 안 함
KODEX 200,6,위,-9.0,최근 5년,5,-9.42,-1.88,20.0,0.867,53.56,-33.56,2.61,-3.01,4,2.61,-9.0,-9.0,4.33,0,1,6.0,아니오,2022-06-20,2026-06-19,판정 안 함
KODEX 200,6,위,-10.0,전체,24,3.12,0.13,50.0,1.12,47.17,2.83,2.43,-2.17,12,7.39,-10.0,-10.0,3.39,0,1,6.96,예,2003-06-20,2026-06-19,제외
KODEX 200,6,위,-10.0,앞 절반,12,12.34,1.03,58.33,1.536,39.43,18.9,3.29,-2.14,5,7.39,-3.23,-6.45,3.49,0,0,7.08,예,2003-06-20,2014-06-20,판정 안 함
KODEX 200,6,위,-10.0,뒤 절반,12,-9.22,-0.77,41.67,0.555,64.29,-22.62,1.21,-2.18,7,2.61,-10.0,-10.0,3.16,0,1,6.83,예,2015-06-19,2026-06-19,판정 안 함
KODEX 200,6,위,-10.0,최근 10년,10,-9.75,-0.98,40.0,0.529,65.38,-25.38,1.33,-2.51,6,2.61,-10.0,-10.0,3.45,0,1,6.7,예,2017-06-20,2026-06-19,판정 안 함
KODEX 200,6,위,-10.0,최근 5년,5,-10.42,-2.08,20.0,0.801,55.54,-35.54,2.61,-3.26,4,2.61,-10.0,-10.0,4.75,0,1,6.2,아니오,2022-06-20,2026-06-19,판정 안 함
KODEX 200,6,위,무손절,전체,24,7.45,0.31,50.0,1.344,42.66,7.34,2.43,-1.81,12,7.39,-5.67,-10.93,2.9,0,0,7.12,예,2003-06-20,2026-06-19,제외
KODEX 200,6,위,무손절,앞 절반,12,12.34,1.03,58.33,1.536,39.43,18.9,3.29,-2.14,5,7.39,-3.23,-6.45,3.49,0,0,7.08,예,2003-06-20,2014-06-20,판정 안 함
KODEX 200,6,위,무손절,뒤 절반,12,-4.89,-0.41,41.67,0.775,56.33,-14.66,1.21,-1.56,7,2.61,-5.67,-10.93,2.07,0,0,7.17,예,2015-06-19,2026-06-19,판정 안 함
KODEX 200,6,위,무손절,최근 10년,10,-5.42,-0.54,40.0,0.743,57.38,-17.38,1.33,-1.79,6,2.61,-5.67,-10.93,2.25,0,0,7.1,예,2017-06-20,2026-06-19,판정 안 함
KODEX 200,6,위,무손절,최근 5년,5,-6.09,-1.22,20.0,1.199,45.47,-25.47,2.61,-2.18,4,2.61,-5.67,-10.93,3.02,0,0,7.0,아니오,2022-06-20,2026-06-19,판정 안 함
KODEX 200,7,아래,-3.0,전체,24,-22.2,-0.93,33.33,0.748,54.82,-21.49,1.84,-2.46,15,3.18,-3.33,-3.33,2.26,1,9,6.79,예,2003-07-18,2026-07-20,제외
KODEX 200,7,아래,-3.0,앞 절반,12,-20.43,-1.7,16.67,0.85,49.55,-32.88,2.38,-2.8,9,3.05,-3.33,-3.33,2.14,1,6,6.58,예,2003-07-18,2014-07-18,판정 안 함
KODEX 200,7,아래,-3.0,뒤 절반,12,-1.78,-0.15,50.0,0.849,54.08,-4.08,1.66,-1.96,6,3.18,-3.0,-3.0,2.19,0,3,7.0,예,2015-07-20,2026-07-20,판정 안 함
KODEX 200,7,아래,-3.0,최근 10년,10,-3.49,-0.35,50.0,0.688,59.24,-9.24,1.54,-2.24,5,3.18,-3.0,-3.0,2.26,0,3,6.8,예,2017-07-20,2026-07-20,판정 안 함
KODEX 200,7,아래,-3.0,최근 5년,5,-6.88,-1.38,20.0,0.633,61.24,-41.24,1.29,-2.04,4,1.29,-3.0,-3.0,1.78,0,2,6.4,아니오,2022-07-20,2026-07-20,판정 안 함
KODEX 200,7,아래,-4.0,전체,24,-25.22,-1.05,33.33,0.692,56.65,-23.32,1.84,-2.66,15,3.18,-4.0,-4.0,2.45,0,6,7.12,예,2003-07-18,2026-07-20,제외
KODEX 200,7,아래,-4.0,앞 절반,12,-22.32,-1.86,16.67,0.791,51.19,-34.52,2.38,-3.01,9,3.05,-4.0,-4.0,2.34,0,4,7.17,예,2003-07-18,2014-07-18,판정 안 함
KODEX 200,7,아래,-4.0,뒤 절반,12,-2.9,-0.24,50.0,0.775,56.35,-6.35,1.66,-2.15,6,3.18,-4.0,-4.0,2.37,0,2,7.08,예,2015-07-20,2026-07-20,판정 안 함
KODEX 200,7,아래,-4.0,최근 10년,10,-4.61,-0.46,50.0,0.625,61.54,-11.54,1.54,-2.46,5,3.18,-4.0,-4.0,2.46,0,2,6.9,예,2017-07-20,2026-07-20,판정 안 함
KODEX 200,7,아래,-4.0,최근 5년,5,-7.01,-1.4,20.0,0.623,61.61,-41.61,1.29,-2.08,4,1.29,-4.0,-4.0,1.93,0,1,6.4,아니오,2022-07-20,2026-07-20,판정 안 함
KODEX 200,7,아래,-5.0,전체,24,-28.0,-1.17,33.33,0.647,58.2,-24.87,1.84,-2.85,15,3.18,-5.61,-5.61,2.65,1,3,7.33,예,2003-07-18,2026-07-20,제외
KODEX 200,7,아래,-5.0,앞 절반,12,-25.44,-2.12,16.67,0.709,53.64,-36.97,2.38,-3.36,9,3.05,-5.61,-5.61,2.66,1,2,7.42,예,2003-07-18,2014-07-18,판정 안 함
KODEX 200,7,아래,-5.0,뒤 절반,12,-2.56,-0.21,50.0,0.796,55.69,-5.69,1.66,-2.09,6,3.18,-5.0,-5.0,2.37,0,1,7.25,예,2015-07-20,2026-07-20,판정 안 함
KODEX 200,7,아래,-5.0,최근 10년,10,-4.27,-0.43,50.0,0.643,60.87,-10.87,1.54,-2.39,5,3.18,-5.0,-5.0,2.47,0,1,7.1,예,2017-07-20,2026-07-20,판정 안 함
KODEX 200,7,아래,-5.0,최근 5년,5,-8.01,-1.6,20.0,0.556,64.26,-44.26,1.29,-2.33,4,1.29,-5.0,-5.0,2.28,0,1,6.4,아니오,2022-07-20,2026-07-20,판정 안 함
KODEX 200,7,아래,-6.0,전체,24,-31.55,-1.31,33.33,0.597,60.0,-26.67,1.84,-3.09,15,3.18,-9.1,-9.1,3.0,2,0,7.42,예,2003-07-18,2026-07-20,제외
KODEX 200,7,아래,-6.0,앞 절반,12,-24.88,-2.07,16.67,0.722,53.22,-36.55,2.38,-3.29,9,3.05,-6.07,-6.07,2.64,1,0,7.5,예,2003-07-18,2014-07-18,판정 안 함
KODEX 200,7,아래,-6.0,뒤 절반,12,-6.66,-0.56,50.0,0.6,62.51,-12.51,1.66,-2.77,6,3.18,-9.1,-9.1,3.26,1,0,7.33,예,2015-07-20,2026-07-20,판정 안 함
KODEX 200,7,아래,-6.0,최근 10년,10,-8.38,-0.84,50.0,0.479,67.62,-17.62,1.54,-3.21,5,3.18,-9.1,-9.1,3.46,1,0,7.2,예,2017-07-20,2026-07-20,판정 안 함
KODEX 200,7,아래,-6.0,최근 5년,5,-12.12,-2.42,20.0,0.386,72.14,-52.14,1.29,-3.35,4,1.29,-9.1,-9.1,3.94,1,0,6.6,아니오,2022-07-20,2026-07-20,판정 안 함
KODEX 200,7,아래,-7.0,전체,24,-32.47,-1.35,33.33,0.585,60.44,-27.11,1.84,-3.15,15,3.18,-9.1,-9.1,3.07,1,1,7.42,예,2003-07-18,2026-07-20,제외
KODEX 200,7,아래,-7.0,앞 절반,12,-25.81,-2.15,16.67,0.7,53.91,-37.24,2.38,-3.4,9,3.05,-7.0,-7.0,2.78,0,1,7.5,예,2003-07-18,2014-07-18,판정 안 함
KODEX 200,7,아래,-7.0,뒤 절반,12,-6.66,-0.56,50.0,0.6,62.51,-12.51,1.66,-2.77,6,3.18,-9.1,-9.1,3.26,1,0,7.33,예,2015-07-20,2026-07-20,판정 안 함
KODEX 200,7,아래,-7.0,최근 10년,10,-8.38,-0.84,50.0,0.479,67.62,-17.62,1.54,-3.21,5,3.18,-9.1,-9.1,3.46,1,0,7.2,예,2017-07-20,2026-07-20,판정 안 함
KODEX 200,7,아래,-7.0,최근 5년,5,-12.12,-2.42,20.0,0.386,72.14,-52.14,1.29,-3.35,4,1.29,-9.1,-9.1,3.94,1,0,6.6,아니오,2022-07-20,2026-07-20,판정 안 함
KODEX 200,7,아래,-8.0,전체,24,-31.03,-1.29,33.33,0.604,59.75,-26.42,1.84,-3.05,15,3.18,-9.1,-9.1,2.97,1,0,7.62,예,2003-07-18,2026-07-20,제외
KODEX 200,7,아래,-8.0,앞 절반,12,-24.37,-2.03,16.67,0.735,52.83,-36.16,2.38,-3.24,9,3.05,-5.56,-7.93,2.58,0,0,7.92,예,2003-07-18,2014-07-18,판정 안 함
KODEX 200,7,아래,-8.0,뒤 절반,12,-6.66,-0.56,50.0,0.6,62.51,-12.51,1.66,-2.77,6,3.18,-9.1,-9.1,3.26,1,0,7.33,예,2015-07-20,2026-07-20,판정 안 함
KODEX 200,7,아래,-8.0,최근 10년,10,-8.38,-0.84,50.0,0.479,67.62,-17.62,1.54,-3.21,5,3.18,-9.1,-9.1,3.46,1,0,7.2,예,2017-07-20,2026-07-20,판정 안 함
KODEX 200,7,아래,-8.0,최근 5년,5,-12.12,-2.42,20.0,0.386,72.14,-52.14,1.29,-3.35,4,1.29,-9.1,-9.1,3.94,1,0,6.6,아니오,2022-07-20,2026-07-20,판정 안 함
KODEX 200,7,아래,-9.0,전체,24,-31.03,-1.29,33.33,0.604,59.75,-26.42,1.84,-3.05,15,3.18,-9.1,-9.1,2.97,1,0,7.62,예,2003-07-18,2026-07-20,제외
KODEX 200,7,아래,-9.0,앞 절반,12,-24.37,-2.03,16.67,0.735,52.83,-36.16,2.38,-3.24,9,3.05,-5.56,-7.93,2.58,0,0,7.92,예,2003-07-18,2014-07-18,판정 안 함
KODEX 200,7,아래,-9.0,뒤 절반,12,-6.66,-0.56,50.0,0.6,62.51,-12.51,1.66,-2.77,6,3.18,-9.1,-9.1,3.26,1,0,7.33,예,2015-07-20,2026-07-20,판정 안 함
KODEX 200,7,아래,-9.0,최근 10년,10,-8.38,-0.84,50.0,0.479,67.62,-17.62,1.54,-3.21,5,3.18,-9.1,-9.1,3.46,1,0,7.2,예,2017-07-20,2026-07-20,판정 안 함
KODEX 200,7,아래,-9.0,최근 5년,5,-12.12,-2.42,20.0,0.386,72.14,-52.14,1.29,-3.35,4,1.29,-9.1,-9.1,3.94,1,0,6.6,아니오,2022-07-20,2026-07-20,판정 안 함
KODEX 200,7,아래,-10.0,전체,24,-31.93,-1.33,33.33,0.592,60.19,-26.86,1.84,-3.11,15,3.18,-10.0,-10.0,3.07,0,1,7.62,예,2003-07-18,2026-07-20,제외
KODEX 200,7,아래,-10.0,앞 절반,12,-24.37,-2.03,16.67,0.735,52.83,-36.16,2.38,-3.24,9,3.05,-5.56,-7.93,2.58,0,0,7.92,예,2003-07-18,2014-07-18,판정 안 함
KODEX 200,7,아래,-10.0,뒤 절반,12,-7.56,-0.63,50.0,0.569,63.73,-13.73,1.66,-2.92,6,3.18,-10.0,-10.0,3.47,0,1,7.33,예,2015-07-20,2026-07-20,판정 안 함
KODEX 200,7,아래,-10.0,최근 10년,10,-9.27,-0.93,50.0,0.453,68.8,-18.8,1.54,-3.39,5,3.18,-10.0,-10.0,3.7,0,1,7.2,예,2017-07-20,2026-07-20,판정 안 함
KODEX 200,7,아래,-10.0,최근 5년,5,-13.01,-2.6,20.0,0.362,73.43,-53.43,1.29,-3.58,4,1.29,-10.0,-10.0,4.33,0,1,6.6,아니오,2022-07-20,2026-07-20,판정 안 함
KODEX 200,7,아래,무손절,전체,24,-26.47,-1.1,33.33,0.671,57.36,-24.03,1.84,-2.75,15,3.18,-5.56,-10.48,2.57,0,0,7.92,예,2003-07-18,2026-07-20,제외
KODEX 200,7,아래,무손절,앞 절반,12,-24.37,-2.03,16.67,0.735,52.83,-36.16,2.38,-3.24,9,3.05,-5.56,-7.93,2.58,0,0,7.92,예,2003-07-18,2014-07-18,판정 안 함
KODEX 200,7,아래,무손절,뒤 절반,12,-2.1,-0.18,50.0,0.826,54.76,-4.76,1.66,-2.01,6,3.18,-4.54,-10.48,2.29,0,0,7.92,예,2015-07-20,2026-07-20,판정 안 함
KODEX 200,7,아래,무손절,최근 10년,10,-3.81,-0.38,50.0,0.669,59.93,-9.93,1.54,-2.3,5,3.18,-4.54,-10.48,2.38,0,0,7.9,예,2017-07-20,2026-07-20,판정 안 함
KODEX 200,7,아래,무손절,최근 5년,5,-7.55,-1.51,20.0,0.585,63.08,-43.08,1.29,-2.21,4,1.29,-4.54,-10.48,2.12,0,0,8.0,아니오,2022-07-20,2026-07-20,판정 안 함
KODEX 200,7,위,-3.0,전체,24,10.33,0.43,54.17,1.121,45.19,8.98,2.53,-2.26,10,5.56,-3.39,-3.39,2.7,1,4,7.38,예,2003-07-18,2026-07-20,제외
KODEX 200,7,위,-3.0,앞 절반,12,17.3,1.44,66.67,1.176,42.13,24.54,3.18,-2.7,3,5.56,-3.39,-3.39,2.94,1,1,7.42,예,2003-07-18,2014-07-18,판정 안 함
KODEX 200,7,위,-3.0,뒤 절반,12,-6.97,-0.58,41.67,0.728,57.87,-16.2,1.51,-2.07,7,2.66,-3.0,-3.0,2.1,0,3,7.33,예,2015-07-20,2026-07-20,판정 안 함
KODEX 200,7,위,-3.0,최근 10년,10,-5.26,-0.53,40.0,0.855,53.91,-13.91,1.74,-2.04,6,2.66,-3.0,-3.0,2.22,0,3,7.2,예,2017-07-20,2026-07-20,판정 안 함
KODEX 200,7,위,-3.0,최근 5년,5,-1.69,-0.34,60.0,0.479,67.63,-7.63,1.44,-3.0,2,2.13,-3.0,-3.0,2.47,0,2,6.6,아니오,2022-07-20,2026-07-20,판정 안 함
KODEX 200,7,위,-4.0,전체,24,16.98,0.71,58.33,1.197,43.62,14.71,2.62,-2.19,9,5.56,-4.0,-4.0,2.72,0,2,7.71,예,2003-07-18,2026-07-20,제외
KODEX 200,7,위,-4.0,앞 절반,12,23.41,1.95,75.0,1.133,42.97,32.03,3.24,-2.86,2,5.56,-4.0,-4.0,2.76,0,1,7.75,예,2003-07-18,2014-07-18,판정 안 함
KODEX 200,7,위,-4.0,뒤 절반,12,-6.44,-0.54,41.67,0.756,56.96,-15.29,1.51,-2.0,7,2.66,-4.0,-4.0,2.13,0,1,7.67,예,2015-07-20,2026-07-20,판정 안 함
KODEX 200,7,위,-4.0,최근 10년,10,-4.73,-0.47,40.0,0.894,52.81,-12.81,1.74,-1.95,6,2.66,-4.0,-4.0,2.25,0,1,7.6,예,2017-07-20,2026-07-20,판정 안 함
KODEX 200,7,위,-4.0,최근 5년,5,-0.99,-0.2,60.0,0.542,64.83,-4.83,1.44,-2.65,2,2.13,-4.0,-4.0,2.48,0,1,7.4,아니오,2022-07-20,2026-07-20,판정 안 함
KODEX 200,7,위,-5.0,전체,24,14.98,0.62,58.33,1.087,45.93,12.4,2.62,-2.41,9,5.56,-5.0,-5.0,2.88,0,2,7.71,예,2003-07-18,2026-07-20,제외
KODEX 200,7,위,-5.0,앞 절반,12,22.41,1.87,75.0,0.964,46.66,28.34,3.24,-3.36,2,5.56,-5.0,-5.0,2.96,0,1,7.75,예,2003-07-18,2014-07-18,판정 안 함
KODEX 200,7,위,-5.0,뒤 절반,12,-7.44,-0.62,41.67,0.705,58.65,-16.98,1.51,-2.14,7,2.66,-5.0,-5.0,2.29,0,1,7.67,예,2015-07-20,2026-07-20,판정 안 함
KODEX 200,7,위,-5.0,최근 10년,10,-5.73,-0.57,40.0,0.823,54.85,-14.85,1.74,-2.12,6,2.66,-5.0,-5.0,2.44,0,1,7.6,예,2017-07-20,2026-07-20,판정 안 함
KODEX 200,7,위,-5.0,최근 5년,5,-1.99,-0.4,60.0,0.456,68.67,-8.67,1.44,-3.15,2,2.13,-5.0,-5.0,2.87,0,1,7.4,아니오,2022-07-20,2026-07-20,판정 안 함
KODEX 200,7,위,-6.0,전체,24,12.58,0.52,58.33,0.979,48.43,9.9,2.62,-2.68,9,5.56,-6.39,-6.39,3.1,1,1,7.75,예,2003-07-18,2026-07-20,제외
KODEX 200,7,위,-6.0,앞 절반,12,21.02,1.75,75.0,0.799,50.96,24.04,3.24,-4.05,2,5.56,-6.39,-6.39,3.26,1,0,7.83,예,2003-07-18,2014-07-18,판정 안 함
KODEX 200,7,위,-6.0,뒤 절반,12,-8.44,-0.7,41.67,0.661,60.21,-18.54,1.51,-2.28,7,2.66,-6.0,-6.0,2.48,0,1,7.67,예,2015-07-20,2026-07-20,판정 안 함
KODEX 200,7,위,-6.0,최근 10년,10,-6.73,-0.67,40.0,0.763,56.72,-16.72,1.74,-2.28,6,2.66,-6.0,-6.0,2.65,0,1,7.6,예,2017-07-20,2026-07-20,판정 안 함
KODEX 200,7,위,-6.0,최근 5년,5,-2.99,-0.6,60.0,0.394,71.75,-11.75,1.44,-3.65,2,2.13,-6.0,-6.0,3.28,0,1,7.4,아니오,2022-07-20,2026-07-20,판정 안 함
KODEX 200,7,위,-7.0,전체,24,14.93,0.62,58.33,1.084,45.98,12.35,2.62,-2.42,9,5.56,-7.0,-7.0,2.95,0,1,7.79,예,2003-07-18,2026-07-20,제외
KODEX 200,7,위,-7.0,앞 절반,12,24.37,2.03,75.0,1.36,38.84,36.16,3.24,-2.38,2,5.56,-3.05,-6.67,2.58,0,0,7.92,예,2003-07-18,2014-07-18,판정 안 함
KODEX 200,7,위,-7.0,뒤 절반,12,-9.44,-0.79,41.67,0.622,61.65,-19.98,1.51,-2.43,7,2.66,-7.0,-7.0,2.68,0,1,7.67,예,2015-07-20,2026-07-20,판정 안 함
KODEX 200,7,위,-7.0,최근 10년,10,-7.73,-0.77,40.0,0.711,58.44,-18.44,1.74,-2.45,6,2.66,-7.0,-7.0,2.88,0,1,7.6,예,2017-07-20,2026-07-20,판정 안 함
KODEX 200,7,위,-7.0,최근 5년,5,-3.99,-0.8,60.0,0.346,74.28,-14.28,1.44,-4.15,2,2.13,-7.0,-7.0,3.69,0,1,7.4,아니오,2022-07-20,2026-07-20,판정 안 함
KODEX 200,7,위,-8.0,전체,24,13.93,0.58,58.33,1.037,47.06,11.27,2.62,-2.53,9,5.56,-8.0,-8.0,3.06,0,1,7.79,예,2003-07-18,2026-07-20,제외
KODEX 200,7,위,-8.0,앞 절반,12,24.37,2.03,75.0,1.36,38.84,36.16,3.24,-2.38,2,5.56,-3.05,-6.67,2.58,0,0,7.92,예,2003-07-18,2014-07-18,판정 안 함
KODEX 200,7,위,-8.0,뒤 절반,12,-10.44,-0.87,41.67,0.587,62.99,-21.32,1.51,-2.57,7,2.66,-8.0,-8.0,2.9,0,1,7.67,예,2015-07-20,2026-07-20,판정 안 함
KODEX 200,7,위,-8.0,최근 10년,10,-8.73,-0.87,40.0,0.666,60.03,-20.03,1.74,-2.62,6,2.66,-8.0,-8.0,3.13,0,1,7.6,예,2017-07-20,2026-07-20,판정 안 함
KODEX 200,7,위,-8.0,최근 5년,5,-4.99,-1.0,60.0,0.309,76.39,-16.39,1.44,-4.65,2,2.13,-8.0,-8.0,4.12,0,1,7.4,아니오,2022-07-20,2026-07-20,판정 안 함
KODEX 200,7,위,-9.0,전체,24,12.93,0.54,58.33,0.993,48.09,10.24,2.62,-2.64,9,5.56,-9.0,-9.0,3.19,0,1,7.83,예,2003-07-18,2026-07-20,제외
KODEX 200,7,위,-9.0,앞 절반,12,24.37,2.03,75.0,1.36,38.84,36.16,3.24,-2.38,2,5.56,-3.05,-6.67,2.58,0,0,7.92,예,2003-07-18,2014-07-18,판정 안 함
KODEX 200,7,위,-9.0,뒤 절반,12,-11.44,-0.95,41.67,0.557,64.25,-22.58,1.51,-2.71,7,2.66,-9.0,-9.0,3.13,0,1,7.75,예,2015-07-20,2026-07-20,판정 안 함
KODEX 200,7,위,-9.0,최근 10년,10,-9.73,-0.97,40.0,0.626,61.5,-21.5,1.74,-2.78,6,2.66,-9.0,-9.0,3.39,0,1,7.7,예,2017-07-20,2026-07-20,판정 안 함
KODEX 200,7,위,-9.0,최근 5년,5,-5.99,-1.2,60.0,0.279,78.19,-18.19,1.44,-5.15,2,2.13,-9.0,-9.0,4.54,0,1,7.6,아니오,2022-07-20,2026-07-20,판정 안 함
KODEX 200,7,위,-10.0,전체,24,11.93,0.5,58.33,0.953,49.08,9.25,2.62,-2.75,9,5.56,-10.0,-10.0,3.32,0,1,7.83,예,2003-07-18,2026-07-20,제외
KODEX 200,7,위,-10.0,앞 절반,12,24.37,2.03,75.0,1.36,38.84,36.16,3.24,-2.38,2,5.56,-3.05,-6.67,2.58,0,0,7.92,예,2003-07-18,2014-07-18,판정 안 함
KODEX 200,7,위,-10.0,뒤 절반,12,-12.44,-1.04,41.67,0.529,65.42,-23.75,1.51,-2.86,7,2.66,-10.0,-10.0,3.37,0,1,7.75,예,2015-07-20,2026-07-20,판정 안 함
KODEX 200,7,위,-10.0,최근 10년,10,-10.73,-1.07,40.0,0.591,62.87,-22.87,1.74,-2.95,6,2.66,-10.0,-10.0,3.66,0,1,7.7,예,2017-07-20,2026-07-20,판정 안 함
KODEX 200,7,위,-10.0,최근 5년,5,-6.99,-1.4,60.0,0.254,79.73,-19.73,1.44,-5.65,2,2.13,-10.0,-10.0,4.97,0,1,7.6,아니오,2022-07-20,2026-07-20,판정 안 함
KODEX 200,7,위,무손절,전체,24,26.47,1.1,62.5,1.491,38.47,24.03,2.75,-1.84,8,5.56,-3.18,-20.54,2.57,0,0,7.92,예,2003-07-18,2026-07-20,후보
KODEX 200,7,위,무손절,앞 절반,12,24.37,2.03,75.0,1.36,38.84,36.16,3.24,-2.38,2,5.56,-3.05,-6.67,2.58,0,0,7.92,예,2003-07-18,2014-07-18,판정 안 함
KODEX 200,7,위,무손절,뒤 절반,12,2.1,0.18,50.0,1.21,45.24,4.76,2.01,-1.66,6,4.54,-3.18,-20.54,2.29,0,0,7.92,예,2015-07-20,2026-07-20,판정 안 함
KODEX 200,7,위,무손절,최근 10년,10,3.81,0.38,50.0,1.495,40.07,9.93,2.3,-1.54,5,4.54,-3.18,-20.54,2.38,0,0,7.9,예,2017-07-20,2026-07-20,판정 안 함
KODEX 200,7,위,무손절,최근 5년,5,7.55,1.51,80.0,1.709,36.92,43.08,2.21,-1.29,1,4.54,-1.29,-20.54,2.12,0,0,8.0,아니오,2022-07-20,2026-07-20,판정 안 함
KODEX 200,8,아래,-3.0,전체,24,-19.48,-0.81,37.5,0.698,58.88,-21.38,1.56,-2.24,15,4.11,-3.58,-3.58,2.22,5,2,6.38,예,2003-08-20,2026-08-20,제외
KODEX 200,8,아래,-3.0,앞 절반,12,-10.4,-0.87,33.33,0.947,51.35,-18.02,2.34,-2.47,8,4.11,-3.58,-3.58,2.62,2,2,5.83,예,2003-08-20,2014-08-20,판정 안 함
KODEX 200,8,아래,-3.0,뒤 절반,12,-9.08,-0.76,41.67,0.477,67.73,-26.06,0.94,-1.97,7,1.71,-3.38,-3.38,1.85,3,0,6.92,예,2015-08-20,2026-08-20,판정 안 함
KODEX 200,8,아래,-3.0,최근 10년,10,-9.59,-0.96,40.0,0.442,69.34,-29.34,1.0,-2.27,6,1.71,-3.38,-3.38,1.97,3,0,6.8,예,2017-08-18,2026-08-20,판정 안 함
KODEX 200,8,아래,-3.0,최근 5년,5,0.08,0.02,60.0,0.682,59.47,0.53,1.25,-1.83,2,1.71,-2.02,-2.78,1.75,0,0,7.8,아니오,2022-08-19,2026-08-20,판정 안 함
KODEX 200,8,아래,-4.0,전체,24,-19.45,-0.81,41.67,0.588,62.97,-21.3,1.41,-2.4,14,4.11,-4.0,-4.0,2.34,0,4,7.29,예,2003-08-20,2026-08-20,제외
KODEX 200,8,아래,-4.0,앞 절반,12,-8.49,-0.71,41.67,0.736,57.61,-15.94,1.88,-2.55,7,4.11,-4.0,-4.0,2.66,0,2,7.08,예,2003-08-20,2014-08-20,판정 안 함
KODEX 200,8,아래,-4.0,뒤 절반,12,-10.96,-0.91,41.67,0.419,70.45,-28.78,0.94,-2.24,7,1.71,-4.0,-4.0,2.09,0,2,7.5,예,2015-08-20,2026-08-20,판정 안 함
KODEX 200,8,아래,-4.0,최근 10년,10,-11.47,-1.15,40.0,0.389,72.02,-32.02,1.0,-2.58,6,1.71,-4.0,-4.0,2.22,0,2,7.5,예,2017-08-18,2026-08-20,판정 안 함
KODEX 200,8,아래,-4.0,최근 5년,5,0.08,0.02,60.0,0.682,59.47,0.53,1.25,-1.83,2,1.71,-2.02,-2.78,1.75,0,0,7.8,아니오,2022-08-19,2026-08-20,판정 안 함
KODEX 200,8,아래,-5.0,전체,24,-20.14,-0.84,41.67,0.576,63.44,-21.77,1.41,-2.44,14,4.11,-5.17,-5.17,2.44,1,1,7.54,예,2003-08-20,2026-08-20,제외
KODEX 200,8,아래,-5.0,앞 절반,12,-10.65,-0.89,41.67,0.656,60.38,-18.71,1.88,-2.86,7,4.11,-5.17,-5.17,2.93,1,1,7.25,예,2003-08-20,2014-08-20,판정 안 함
KODEX 200,8,아래,-5.0,뒤 절반,12,-9.48,-0.79,41.67,0.463,68.35,-26.68,0.94,-2.02,7,1.71,-4.58,-4.82,1.98,0,0,7.83,예,2015-08-20,2026-08-20,판정 안 함
KODEX 200,8,아래,-5.0,최근 10년,10,-9.99,-1.0,40.0,0.43,69.95,-29.95,1.0,-2.33,6,1.71,-4.58,-4.82,2.11,0,0,7.9,예,2017-08-18,2026-08-20,판정 안 함
KODEX 200,8,아래,-5.0,최근 5년,5,0.08,0.02,60.0,0.682,59.47,0.53,1.25,-1.83,2,1.71,-2.02,-2.78,1.75,0,0,7.8,아니오,2022-08-19,2026-08-20,판정 안 함
KODEX 200,8,아래,-6.0,전체,24,-23.83,-0.99,41.67,0.52,65.79,-24.12,1.41,-2.71,14,4.11,-7.43,-7.43,2.76,2,0,7.71,예,2003-08-20,2026-08-20,제외
KODEX 200,8,아래,-6.0,앞 절반,12,-14.35,-1.2,41.67,0.554,64.35,-22.68,1.88,-3.39,7,4.11,-7.43,-7.43,3.46,2,0,7.58,예,2003-08-20,2014-08-20,판정 안 함
KODEX 200,8,아래,-6.0,뒤 절반,12,-9.48,-0.79,41.67,0.463,68.35,-26.68,0.94,-2.02,7,1.71,-4.58,-4.82,1.98,0,0,7.83,예,2015-08-20,2026-08-20,판정 안 함
KODEX 200,8,아래,-6.0,최근 10년,10,-9.99,-1.0,40.0,0.43,69.95,-29.95,1.0,-2.33,6,1.71,-4.58,-4.82,2.11,0,0,7.9,예,2017-08-18,2026-08-20,판정 안 함
KODEX 200,8,아래,-6.0,최근 5년,5,0.08,0.02,60.0,0.682,59.47,0.53,1.25,-1.83,2,1.71,-2.02,-2.78,1.75,0,0,7.8,아니오,2022-08-19,2026-08-20,판정 안 함
KODEX 200,8,아래,-7.0,전체,24,-24.4,-1.02,41.67,0.512,66.12,-24.45,1.41,-2.75,14,4.11,-7.43,-7.43,2.81,1,1,7.71,예,2003-08-20,2026-08-20,제외
KODEX 200,8,아래,-7.0,앞 절반,12,-14.92,-1.24,41.67,0.541,64.89,-23.22,1.88,-3.47,7,4.11,-7.43,-7.43,3.54,1,1,7.58,예,2003-08-20,2014-08-20,판정 안 함
KODEX 200,8,아래,-7.0,뒤 절반,12,-9.48,-0.79,41.67,0.463,68.35,-26.68,0.94,-2.02,7,1.71,-4.58,-4.82,1.98,0,0,7.83,예,2015-08-20,2026-08-20,판정 안 함
KODEX 200,8,아래,-7.0,최근 10년,10,-9.99,-1.0,40.0,0.43,69.95,-29.95,1.0,-2.33,6,1.71,-4.58,-4.82,2.11,0,0,7.9,예,2017-08-18,2026-08-20,판정 안 함
KODEX 200,8,아래,-7.0,최근 5년,5,0.08,0.02,60.0,0.682,59.47,0.53,1.25,-1.83,2,1.71,-2.02,-2.78,1.75,0,0,7.8,아니오,2022-08-19,2026-08-20,판정 안 함
KODEX 200,8,아래,-8.0,전체,24,-25.97,-1.08,41.67,0.492,67.01,-25.34,1.41,-2.86,14,4.11,-8.0,-8.0,2.97,0,2,7.79,예,2003-08-20,2026-08-20,제외
KODEX 200,8,아래,-8.0,앞 절반,12,-16.49,-1.37,41.67,0.508,66.3,-24.63,1.88,-3.7,7,4.11,-8.0,-8.0,3.78,0,2,7.75,예,2003-08-20,2014-08-20,판정 안 함
KODEX 200,8,아래,-8.0,뒤 절반,12,-9.48,-0.79,41.67,0.463,68.35,-26.68,0.94,-2.02,7,1.71,-4.58,-4.82,1.98,0,0,7.83,예,2015-08-20,2026-08-20,판정 안 함
KODEX 200,8,아래,-8.0,최근 10년,10,-9.99,-1.0,40.0,0.43,69.95,-29.95,1.0,-2.33,6,1.71,-4.58,-4.82,2.11,0,0,7.9,예,2017-08-18,2026-08-20,판정 안 함
KODEX 200,8,아래,-8.0,최근 5년,5,0.08,0.02,60.0,0.682,59.47,0.53,1.25,-1.83,2,1.71,-2.02,-2.78,1.75,0,0,7.8,아니오,2022-08-19,2026-08-20,판정 안 함
KODEX 200,8,아래,-9.0,전체,24,-26.84,-1.12,41.67,0.482,67.48,-25.81,1.41,-2.92,14,4.11,-8.59,-8.61,3.06,0,0,7.79,예,2003-08-20,2026-08-20,제외
KODEX 200,8,아래,-9.0,앞 절반,12,-17.35,-1.45,41.67,0.492,67.03,-25.36,1.88,-3.82,7,4.11,-8.59,-8.61,3.92,0,0,7.75,예,2003-08-20,2014-08-20,판정 안 함
KODEX 200,8,아래,-9.0,뒤 절반,12,-9.48,-0.79,41.67,0.463,68.35,-26.68,0.94,-2.02,7,1.71,-4.58,-4.82,1.98,0,0,7.83,예,2015-08-20,2026-08-20,판정 안 함
KODEX 200,8,아래,-9.0,최근 10년,10,-9.99,-1.0,40.0,0.43,69.95,-29.95,1.0,-2.33,6,1.71,-4.58,-4.82,2.11,0,0,7.9,예,2017-08-18,2026-08-20,판정 안 함
KODEX 200,8,아래,-9.0,최근 5년,5,0.08,0.02,60.0,0.682,59.47,0.53,1.25,-1.83,2,1.71,-2.02,-2.78,1.75,0,0,7.8,아니오,2022-08-19,2026-08-20,판정 안 함
KODEX 200,8,아래,-10.0,전체,24,-26.84,-1.12,41.67,0.482,67.48,-25.81,1.41,-2.92,14,4.11,-8.59,-8.61,3.06,0,0,7.79,예,2003-08-20,2026-08-20,제외
KODEX 200,8,아래,-10.0,앞 절반,12,-17.35,-1.45,41.67,0.492,67.03,-25.36,1.88,-3.82,7,4.11,-8.59,-8.61,3.92,0,0,7.75,예,2003-08-20,2014-08-20,판정 안 함
KODEX 200,8,아래,-10.0,뒤 절반,12,-9.48,-0.79,41.67,0.463,68.35,-26.68,0.94,-2.02,7,1.71,-4.58,-4.82,1.98,0,0,7.83,예,2015-08-20,2026-08-20,판정 안 함
KODEX 200,8,아래,-10.0,최근 10년,10,-9.99,-1.0,40.0,0.43,69.95,-29.95,1.0,-2.33,6,1.71,-4.58,-4.82,2.11,0,0,7.9,예,2017-08-18,2026-08-20,판정 안 함
KODEX 200,8,아래,-10.0,최근 5년,5,0.08,0.02,60.0,0.682,59.47,0.53,1.25,-1.83,2,1.71,-2.02,-2.78,1.75,0,0,7.8,아니오,2022-08-19,2026-08-20,판정 안 함
KODEX 200,8,아래,무손절,전체,24,-26.84,-1.12,41.67,0.482,67.48,-25.81,1.41,-2.92,14,4.11,-8.59,-8.61,3.06,0,0,7.79,예,2003-08-20,2026-08-20,제외
KODEX 200,8,아래,무손절,앞 절반,12,-17.35,-1.45,41.67,0.492,67.03,-25.36,1.88,-3.82,7,4.11,-8.59,-8.61,3.92,0,0,7.75,예,2003-08-20,2014-08-20,판정 안 함
KODEX 200,8,아래,무손절,뒤 절반,12,-9.48,-0.79,41.67,0.463,68.35,-26.68,0.94,-2.02,7,1.71,-4.58,-4.82,1.98,0,0,7.83,예,2015-08-20,2026-08-20,판정 안 함
KODEX 200,8,아래,무손절,최근 10년,10,-9.99,-1.0,40.0,0.43,69.95,-29.95,1.0,-2.33,6,1.71,-4.58,-4.82,2.11,0,0,7.9,예,2017-08-18,2026-08-20,판정 안 함
KODEX 200,8,아래,무손절,최근 5년,5,0.08,0.02,60.0,0.682,59.47,0.53,1.25,-1.83,2,1.71,-2.02,-2.78,1.75,0,0,7.8,아니오,2022-08-19,2026-08-20,판정 안 함
KODEX 200,8,위,-3.0,전체,24,17.63,0.73,54.17,1.491,40.14,14.03,3.13,-2.1,11,8.59,-4.76,-4.76,3.42,2,4,7.0,예,2003-08-20,2026-08-20,제외
KODEX 200,8,위,-3.0,앞 절반,12,17.34,1.44,58.33,2.03,33.0,25.33,3.82,-1.88,5,8.59,-3.0,-3.0,3.89,0,3,7.08,예,2003-08-20,2014-08-20,판정 안 함
KODEX 200,8,위,-3.0,뒤 절반,12,0.29,0.02,50.0,1.021,49.48,0.52,2.33,-2.28,6,4.58,-4.76,-4.76,2.87,2,1,6.92,예,2015-08-20,2026-08-20,판정 안 함
KODEX 200,8,위,-3.0,최근 10년,10,3.97,0.4,60.0,0.93,51.8,8.2,2.33,-2.51,4,4.58,-4.76,-4.76,2.98,2,0,7.3,예,2017-08-18,2026-08-20,판정 안 함
KODEX 200,8,위,-3.0,최근 5년,5,-6.1,-1.22,40.0,0.563,63.98,-23.98,1.83,-3.26,3,2.02,-4.76,-4.76,2.99,2,0,6.6,아니오,2022-08-19,2026-08-20,판정 안 함
KODEX 200,8,위,-4.0,전체,24,18.54,0.77,54.17,1.552,39.18,14.99,3.13,-2.02,11,8.59,-4.76,-4.76,3.41,1,2,7.33,예,2003-08-20,2026-08-20,제외
KODEX 200,8,위,-4.0,앞 절반,12,17.46,1.46,58.33,2.057,32.71,25.62,3.82,-1.86,5,8.59,-4.0,-4.0,3.91,0,1,7.58,예,2003-08-20,2014-08-20,판정 안 함
KODEX 200,8,위,-4.0,뒤 절반,12,1.08,0.09,50.0,1.083,48.0,2.0,2.33,-2.15,6,4.58,-4.76,-4.76,2.84,1,1,7.08,예,2015-08-20,2026-08-20,판정 안 함
KODEX 200,8,위,-4.0,최근 10년,10,5.76,0.58,60.0,1.132,46.9,13.1,2.33,-2.06,4,4.58,-4.76,-4.76,2.78,1,0,7.5,예,2017-08-18,2026-08-20,판정 안 함
KODEX 200,8,위,-4.0,최근 5년,5,-4.32,-0.86,40.0,0.689,59.2,-19.2,1.83,-2.66,3,2.02,-4.76,-4.76,2.78,1,0,7.0,아니오,2022-08-19,2026-08-20,판정 안 함
KODEX 200,8,위,-5.0,전체,24,17.19,0.72,54.17,1.464,40.59,13.58,3.13,-2.14,11,8.59,-5.0,-5.0,3.5,0,2,7.42,예,2003-08-20,2026-08-20,제외
KODEX 200,8,위,-5.0,앞 절반,12,17.35,1.45,58.33,2.033,32.97,25.36,3.82,-1.88,5,8.59,-4.11,-4.44,3.92,0,0,7.75,예,2003-08-20,2014-08-20,판정 안 함
KODEX 200,8,위,-5.0,뒤 절반,12,-0.16,-0.01,50.0,0.989,50.28,-0.28,2.33,-2.36,6,4.58,-5.0,-5.0,3.02,0,2,7.08,예,2015-08-20,2026-08-20,판정 안 함
KODEX 200,8,위,-5.0,최근 10년,10,5.52,0.55,60.0,1.101,47.6,12.4,2.33,-2.12,4,4.58,-5.0,-5.0,2.83,0,1,7.5,예,2017-08-18,2026-08-20,판정 안 함
KODEX 200,8,위,-5.0,최근 5년,5,-4.55,-0.91,40.0,0.669,59.9,-19.9,1.83,-2.74,3,2.02,-5.0,-5.0,2.87,0,1,7.0,아니오,2022-08-19,2026-08-20,판정 안 함
KODEX 200,8,위,-6.0,전체,24,15.19,0.63,54.17,1.349,42.57,11.6,3.13,-2.32,11,8.59,-6.0,-6.0,3.65,0,2,7.42,예,2003-08-20,2026-08-20,제외
KODEX 200,8,위,-6.0,앞 절반,12,17.35,1.45,58.33,2.033,32.97,25.36,3.82,-1.88,5,8.59,-4.11,-4.44,3.92,0,0,7.75,예,2003-08-20,2014-08-20,판정 안 함
KODEX 200,8,위,-6.0,뒤 절반,12,-2.16,-0.18,50.0,0.866,53.58,-3.58,2.33,-2.69,6,4.58,-6.0,-6.0,3.33,0,2,7.08,예,2015-08-20,2026-08-20,판정 안 함
KODEX 200,8,위,-6.0,최근 10년,10,4.52,0.45,60.0,0.985,50.39,9.61,2.33,-2.37,4,4.58,-6.0,-6.0,3.05,0,1,7.5,예,2017-08-18,2026-08-20,판정 안 함
KODEX 200,8,위,-6.0,최근 5년,5,-5.55,-1.11,40.0,0.597,62.63,-22.63,1.83,-3.07,3,2.02,-6.0,-6.0,3.23,0,1,7.0,아니오,2022-08-19,2026-08-20,판정 안 함
KODEX 200,8,위,-7.0,전체,24,26.84,1.12,58.33,2.075,32.52,25.81,2.92,-1.41,10,8.59,-4.11,-6.55,3.06,0,0,7.79,예,2003-08-20,2026-08-20,후보
KODEX 200,8,위,-7.0,앞 절반,12,17.35,1.45,58.33,2.033,32.97,25.36,3.82,-1.88,5,8.59,-4.11,-4.44,3.92,0,0,7.75,예,2003-08-20,2014-08-20,판정 안 함
KODEX 200,8,위,-7.0,뒤 절반,12,9.48,0.79,58.33,2.159,31.65,26.68,2.02,-0.94,5,4.58,-1.71,-6.55,1.98,0,0,7.83,예,2015-08-20,2026-08-20,판정 안 함
KODEX 200,8,위,-7.0,최근 10년,10,9.99,1.0,60.0,2.328,30.05,29.95,2.33,-1.0,4,4.58,-1.71,-6.55,2.11,0,0,7.9,예,2017-08-18,2026-08-20,판정 안 함
KODEX 200,8,위,-7.0,최근 5년,5,-0.08,-0.02,40.0,1.467,40.53,-0.53,1.83,-1.25,3,2.02,-1.71,-6.55,1.75,0,0,7.8,아니오,2022-08-19,2026-08-20,판정 안 함
KODEX 200,8,위,-8.0,전체,24,26.84,1.12,58.33,2.075,32.52,25.81,2.92,-1.41,10,8.59,-4.11,-6.55,3.06,0,0,7.79,예,2003-08-20,2026-08-20,후보
KODEX 200,8,위,-8.0,앞 절반,12,17.35,1.45,58.33,2.033,32.97,25.36,3.82,-1.88,5,8.59,-4.11,-4.44,3.92,0,0,7.75,예,2003-08-20,2014-08-20,판정 안 함
KODEX 200,8,위,-8.0,뒤 절반,12,9.48,0.79,58.33,2.159,31.65,26.68,2.02,-0.94,5,4.58,-1.71,-6.55,1.98,0,0,7.83,예,2015-08-20,2026-08-20,판정 안 함
KODEX 200,8,위,-8.0,최근 10년,10,9.99,1.0,60.0,2.328,30.05,29.95,2.33,-1.0,4,4.58,-1.71,-6.55,2.11,0,0,7.9,예,2017-08-18,2026-08-20,판정 안 함
KODEX 200,8,위,-8.0,최근 5년,5,-0.08,-0.02,40.0,1.467,40.53,-0.53,1.83,-1.25,3,2.02,-1.71,-6.55,1.75,0,0,7.8,아니오,2022-08-19,2026-08-20,판정 안 함
KODEX 200,8,위,-9.0,전체,24,26.84,1.12,58.33,2.075,32.52,25.81,2.92,-1.41,10,8.59,-4.11,-6.55,3.06,0,0,7.79,예,2003-08-20,2026-08-20,후보
KODEX 200,8,위,-9.0,앞 절반,12,17.35,1.45,58.33,2.033,32.97,25.36,3.82,-1.88,5,8.59,-4.11,-4.44,3.92,0,0,7.75,예,2003-08-20,2014-08-20,판정 안 함
KODEX 200,8,위,-9.0,뒤 절반,12,9.48,0.79,58.33,2.159,31.65,26.68,2.02,-0.94,5,4.58,-1.71,-6.55,1.98,0,0,7.83,예,2015-08-20,2026-08-20,판정 안 함
KODEX 200,8,위,-9.0,최근 10년,10,9.99,1.0,60.0,2.328,30.05,29.95,2.33,-1.0,4,4.58,-1.71,-6.55,2.11,0,0,7.9,예,2017-08-18,2026-08-20,판정 안 함
KODEX 200,8,위,-9.0,최근 5년,5,-0.08,-0.02,40.0,1.467,40.53,-0.53,1.83,-1.25,3,2.02,-1.71,-6.55,1.75,0,0,7.8,아니오,2022-08-19,2026-08-20,판정 안 함
KODEX 200,8,위,-10.0,전체,24,26.84,1.12,58.33,2.075,32.52,25.81,2.92,-1.41,10,8.59,-4.11,-6.55,3.06,0,0,7.79,예,2003-08-20,2026-08-20,후보
KODEX 200,8,위,-10.0,앞 절반,12,17.35,1.45,58.33,2.033,32.97,25.36,3.82,-1.88,5,8.59,-4.11,-4.44,3.92,0,0,7.75,예,2003-08-20,2014-08-20,판정 안 함
KODEX 200,8,위,-10.0,뒤 절반,12,9.48,0.79,58.33,2.159,31.65,26.68,2.02,-0.94,5,4.58,-1.71,-6.55,1.98,0,0,7.83,예,2015-08-20,2026-08-20,판정 안 함
KODEX 200,8,위,-10.0,최근 10년,10,9.99,1.0,60.0,2.328,30.05,29.95,2.33,-1.0,4,4.58,-1.71,-6.55,2.11,0,0,7.9,예,2017-08-18,2026-08-20,판정 안 함
KODEX 200,8,위,-10.0,최근 5년,5,-0.08,-0.02,40.0,1.467,40.53,-0.53,1.83,-1.25,3,2.02,-1.71,-6.55,1.75,0,0,7.8,아니오,2022-08-19,2026-08-20,판정 안 함
KODEX 200,8,위,무손절,전체,24,26.84,1.12,58.33,2.075,32.52,25.81,2.92,-1.41,10,8.59,-4.11,-6.55,3.06,0,0,7.79,예,2003-08-20,2026-08-20,후보
KODEX 200,8,위,무손절,앞 절반,12,17.35,1.45,58.33,2.033,32.97,25.36,3.82,-1.88,5,8.59,-4.11,-4.44,3.92,0,0,7.75,예,2003-08-20,2014-08-20,판정 안 함
KODEX 200,8,위,무손절,뒤 절반,12,9.48,0.79,58.33,2.159,31.65,26.68,2.02,-0.94,5,4.58,-1.71,-6.55,1.98,0,0,7.83,예,2015-08-20,2026-08-20,판정 안 함
KODEX 200,8,위,무손절,최근 10년,10,9.99,1.0,60.0,2.328,30.05,29.95,2.33,-1.0,4,4.58,-1.71,-6.55,2.11,0,0,7.9,예,2017-08-18,2026-08-20,판정 안 함
KODEX 200,8,위,무손절,최근 5년,5,-0.08,-0.02,40.0,1.467,40.53,-0.53,1.83,-1.25,3,2.02,-1.71,-6.55,1.75,0,0,7.8,아니오,2022-08-19,2026-08-20,판정 안 함
KODEX 200,9,아래,-3.0,전체,23,22.25,0.97,60.87,1.761,36.22,24.65,2.5,-1.42,9,8.09,-3.0,-3.0,2.74,0,2,6.26,예,2003-09-19,2025-09-19,제외
KODEX 200,9,아래,-3.0,앞 절반,11,5.95,0.54,54.55,1.469,40.51,14.04,2.29,-1.56,5,6.71,-3.0,-3.0,2.78,0,1,6.36,예,2003-09-19,2013-09-17,판정 안 함
KODEX 200,9,아래,-3.0,뒤 절반,12,16.3,1.36,66.67,2.132,31.93,34.74,2.66,-1.25,4,8.09,-3.0,-3.0,2.77,0,1,6.17,예,2014-09-19,2025-09-19,판정 안 함
KODEX 200,9,아래,-3.0,최근 10년,10,11.85,1.19,60.0,2.25,30.77,29.23,2.81,-1.25,4,8.09,-3.0,-3.0,3.02,0,1,6.1,예,2016-09-20,2025-09-19,판정 안 함
KODEX 200,9,아래,-3.0,최근 5년,5,9.97,1.99,60.0,2.672,27.23,32.77,4.43,-1.66,2,8.09,-3.0,-3.0,4.14,0,1,6.0,아니오,2021-09-17,2025-09-19,판정 안 함
KODEX 200,9,아래,-4.0,전체,23,22.53,0.98,60.87,1.8,35.71,25.16,2.5,-1.39,9,8.09,-4.0,-4.0,2.75,0,1,6.3,예,2003-09-19,2025-09-19,제외
KODEX 200,9,아래,-4.0,앞 절반,11,7.23,0.66,54.55,1.757,36.27,18.28,2.29,-1.3,5,6.71,-2.25,-3.05,2.64,0,0,6.36,예,2003-09-19,2013-09-17,판정 안 함
KODEX 200,9,아래,-4.0,뒤 절반,12,15.3,1.27,66.67,1.776,36.02,30.65,2.66,-1.5,4,8.09,-4.0,-4.0,2.92,0,1,6.25,예,2014-09-19,2025-09-19,판정 안 함
KODEX 200,9,아래,-4.0,최근 10년,10,10.85,1.09,60.0,1.874,34.79,25.21,2.81,-1.5,4,8.09,-4.0,-4.0,3.19,0,1,6.2,예,2016-09-20,2025-09-19,판정 안 함
KODEX 200,9,아래,-4.0,최근 5년,5,8.97,1.79,60.0,2.053,32.75,27.25,4.43,-2.16,2,8.09,-4.0,-4.0,4.46,0,1,6.2,아니오,2021-09-17,2025-09-19,판정 안 함
KODEX 200,9,아래,-5.0,전체,23,25.93,1.13,60.87,2.474,28.79,32.08,2.5,-1.01,9,8.09,-2.25,-4.37,2.55,0,0,6.35,예,2003-09-19,2025-09-19,후보
KODEX 200,9,아래,-5.0,앞 절반,11,7.23,0.66,54.55,1.757,36.27,18.28,2.29,-1.3,5,6.71,-2.25,-3.05,2.64,0,0,6.36,예,2003-09-19,2013-09-17,판정 안 함
KODEX 200,9,아래,-5.0,뒤 절반,12,18.7,1.56,66.67,4.116,19.55,47.12,2.66,-0.65,4,8.09,-1.14,-4.37,2.5,0,0,6.33,예,2014-09-19,2025-09-19,판정 안 함
KODEX 200,9,아래,-5.0,최근 10년,10,14.26,1.43,60.0,4.342,18.72,41.28,2.81,-0.65,4,8.09,-1.14,-4.37,2.73,0,0,6.3,예,2016-09-20,2025-09-19,판정 안 함
KODEX 200,9,아래,-5.0,최근 5년,5,12.38,2.48,60.0,9.738,9.31,50.69,4.43,-0.45,2,8.09,-0.59,-4.37,3.51,0,0,6.4,아니오,2021-09-17,2025-09-19,판정 안 함
KODEX 200,9,아래,-6.0,전체,23,25.93,1.13,60.87,2.474,28.79,32.08,2.5,-1.01,9,8.09,-2.25,-4.37,2.55,0,0,6.35,예,2003-09-19,2025-09-19,후보
KODEX 200,9,아래,-6.0,앞 절반,11,7.23,0.66,54.55,1.757,36.27,18.28,2.29,-1.3,5,6.71,-2.25,-3.05,2.64,0,0,6.36,예,2003-09-19,2013-09-17,판정 안 함
KODEX 200,9,아래,-6.0,뒤 절반,12,18.7,1.56,66.67,4.116,19.55,47.12,2.66,-0.65,4,8.09,-1.14,-4.37,2.5,0,0,6.33,예,2014-09-19,2025-09-19,판정 안 함
KODEX 200,9,아래,-6.0,최근 10년,10,14.26,1.43,60.0,4.342,18.72,41.28,2.81,-0.65,4,8.09,-1.14,-4.37,2.73,0,0,6.3,예,2016-09-20,2025-09-19,판정 안 함
KODEX 200,9,아래,-6.0,최근 5년,5,12.38,2.48,60.0,9.738,9.31,50.69,4.43,-0.45,2,8.09,-0.59,-4.37,3.51,0,0,6.4,아니오,2021-09-17,2025-09-19,판정 안 함
KODEX 200,9,아래,-7.0,전체,23,25.93,1.13,60.87,2.474,28.79,32.08,2.5,-1.01,9,8.09,-2.25,-4.37,2.55,0,0,6.35,예,2003-09-19,2025-09-19,후보
KODEX 200,9,아래,-7.0,앞 절반,11,7.23,0.66,54.55,1.757,36.27,18.28,2.29,-1.3,5,6.71,-2.25,-3.05,2.64,0,0,6.36,예,2003-09-19,2013-09-17,판정 안 함
KODEX 200,9,아래,-7.0,뒤 절반,12,18.7,1.56,66.67,4.116,19.55,47.12,2.66,-0.65,4,8.09,-1.14,-4.37,2.5,0,0,6.33,예,2014-09-19,2025-09-19,판정 안 함
KODEX 200,9,아래,-7.0,최근 10년,10,14.26,1.43,60.0,4.342,18.72,41.28,2.81,-0.65,4,8.09,-1.14,-4.37,2.73,0,0,6.3,예,2016-09-20,2025-09-19,판정 안 함
KODEX 200,9,아래,-7.0,최근 5년,5,12.38,2.48,60.0,9.738,9.31,50.69,4.43,-0.45,2,8.09,-0.59,-4.37,3.51,0,0,6.4,아니오,2021-09-17,2025-09-19,판정 안 함
KODEX 200,9,아래,-8.0,전체,23,25.93,1.13,60.87,2.474,28.79,32.08,2.5,-1.01,9,8.09,-2.25,-4.37,2.55,0,0,6.35,예,2003-09-19,2025-09-19,후보
KODEX 200,9,아래,-8.0,앞 절반,11,7.23,0.66,54.55,1.757,36.27,18.28,2.29,-1.3,5,6.71,-2.25,-3.05,2.64,0,0,6.36,예,2003-09-19,2013-09-17,판정 안 함
KODEX 200,9,아래,-8.0,뒤 절반,12,18.7,1.56,66.67,4.116,19.55,47.12,2.66,-0.65,4,8.09,-1.14,-4.37,2.5,0,0,6.33,예,2014-09-19,2025-09-19,판정 안 함
KODEX 200,9,아래,-8.0,최근 10년,10,14.26,1.43,60.0,4.342,18.72,41.28,2.81,-0.65,4,8.09,-1.14,-4.37,2.73,0,0,6.3,예,2016-09-20,2025-09-19,판정 안 함
KODEX 200,9,아래,-8.0,최근 5년,5,12.38,2.48,60.0,9.738,9.31,50.69,4.43,-0.45,2,8.09,-0.59,-4.37,3.51,0,0,6.4,아니오,2021-09-17,2025-09-19,판정 안 함
KODEX 200,9,아래,-9.0,전체,23,25.93,1.13,60.87,2.474,28.79,32.08,2.5,-1.01,9,8.09,-2.25,-4.37,2.55,0,0,6.35,예,2003-09-19,2025-09-19,후보
KODEX 200,9,아래,-9.0,앞 절반,11,7.23,0.66,54.55,1.757,36.27,18.28,2.29,-1.3,5,6.71,-2.25,-3.05,2.64,0,0,6.36,예,2003-09-19,2013-09-17,판정 안 함
KODEX 200,9,아래,-9.0,뒤 절반,12,18.7,1.56,66.67,4.116,19.55,47.12,2.66,-0.65,4,8.09,-1.14,-4.37,2.5,0,0,6.33,예,2014-09-19,2025-09-19,판정 안 함
KODEX 200,9,아래,-9.0,최근 10년,10,14.26,1.43,60.0,4.342,18.72,41.28,2.81,-0.65,4,8.09,-1.14,-4.37,2.73,0,0,6.3,예,2016-09-20,2025-09-19,판정 안 함
KODEX 200,9,아래,-9.0,최근 5년,5,12.38,2.48,60.0,9.738,9.31,50.69,4.43,-0.45,2,8.09,-0.59,-4.37,3.51,0,0,6.4,아니오,2021-09-17,2025-09-19,판정 안 함
KODEX 200,9,아래,-10.0,전체,23,25.93,1.13,60.87,2.474,28.79,32.08,2.5,-1.01,9,8.09,-2.25,-4.37,2.55,0,0,6.35,예,2003-09-19,2025-09-19,후보
KODEX 200,9,아래,-10.0,앞 절반,11,7.23,0.66,54.55,1.757,36.27,18.28,2.29,-1.3,5,6.71,-2.25,-3.05,2.64,0,0,6.36,예,2003-09-19,2013-09-17,판정 안 함
KODEX 200,9,아래,-10.0,뒤 절반,12,18.7,1.56,66.67,4.116,19.55,47.12,2.66,-0.65,4,8.09,-1.14,-4.37,2.5,0,0,6.33,예,2014-09-19,2025-09-19,판정 안 함
KODEX 200,9,아래,-10.0,최근 10년,10,14.26,1.43,60.0,4.342,18.72,41.28,2.81,-0.65,4,8.09,-1.14,-4.37,2.73,0,0,6.3,예,2016-09-20,2025-09-19,판정 안 함
KODEX 200,9,아래,-10.0,최근 5년,5,12.38,2.48,60.0,9.738,9.31,50.69,4.43,-0.45,2,8.09,-0.59,-4.37,3.51,0,0,6.4,아니오,2021-09-17,2025-09-19,판정 안 함
KODEX 200,9,아래,무손절,전체,23,25.93,1.13,60.87,2.474,28.79,32.08,2.5,-1.01,9,8.09,-2.25,-4.37,2.55,0,0,6.35,예,2003-09-19,2025-09-19,후보
KODEX 200,9,아래,무손절,앞 절반,11,7.23,0.66,54.55,1.757,36.27,18.28,2.29,-1.3,5,6.71,-2.25,-3.05,2.64,0,0,6.36,예,2003-09-19,2013-09-17,판정 안 함
KODEX 200,9,아래,무손절,뒤 절반,12,18.7,1.56,66.67,4.116,19.55,47.12,2.66,-0.65,4,8.09,-1.14,-4.37,2.5,0,0,6.33,예,2014-09-19,2025-09-19,판정 안 함
KODEX 200,9,아래,무손절,최근 10년,10,14.26,1.43,60.0,4.342,18.72,41.28,2.81,-0.65,4,8.09,-1.14,-4.37,2.73,0,0,6.3,예,2016-09-20,2025-09-19,판정 안 함
KODEX 200,9,아래,무손절,최근 5년,5,12.38,2.48,60.0,9.738,9.31,50.69,4.43,-0.45,2,8.09,-0.59,-4.37,3.51,0,0,6.4,아니오,2021-09-17,2025-09-19,판정 안 함
KODEX 200,9,위,-3.0,전체,23,-26.37,-1.15,39.13,0.399,71.47,-32.34,1.01,-2.53,14,2.25,-6.53,-6.53,2.2,1,8,5.17,예,2003-09-19,2025-09-19,제외
KODEX 200,9,위,-3.0,앞 절반,11,-10.24,-0.93,45.45,0.467,68.17,-22.72,1.3,-2.79,6,2.25,-6.53,-6.53,2.71,1,3,5.09,예,2003-09-19,2013-09-17,판정 안 함
KODEX 200,9,위,-3.0,뒤 절반,12,-16.13,-1.34,33.33,0.276,78.35,-45.02,0.65,-2.34,8,1.14,-3.0,-3.0,1.71,0,5,5.25,예,2014-09-19,2025-09-19,판정 안 함
KODEX 200,9,위,-3.0,최근 10년,10,-10.66,-1.07,40.0,0.293,77.34,-37.34,0.65,-2.21,6,1.14,-3.0,-3.0,1.75,0,4,5.1,예,2016-09-20,2025-09-19,판정 안 함
KODEX 200,9,위,-3.0,최근 5년,5,-8.09,-1.62,40.0,0.152,86.83,-46.83,0.45,-3.0,3,0.59,-3.0,-3.0,1.89,0,3,5.0,아니오,2021-09-17,2025-09-19,판정 안 함
KODEX 200,9,위,-4.0,전체,23,-34.15,-1.48,39.13,0.327,75.33,-36.2,1.01,-3.09,14,2.25,-6.53,-6.53,2.61,5,2,5.52,예,2003-09-19,2025-09-19,제외
KODEX 200,9,위,-4.0,앞 절반,11,-15.3,-1.39,45.45,0.358,73.61,-28.16,1.3,-3.64,6,2.25,-6.53,-6.53,3.22,3,1,5.36,예,2003-09-19,2013-09-17,판정 안 함
KODEX 200,9,위,-4.0,뒤 절반,12,-18.85,-1.57,33.33,0.241,80.56,-47.23,0.65,-2.68,8,1.14,-4.44,-4.44,2.04,2,1,5.67,예,2014-09-19,2025-09-19,판정 안 함
KODEX 200,9,위,-4.0,최근 10년,10,-12.29,-1.23,40.0,0.261,79.32,-39.32,0.65,-2.48,6,1.14,-4.44,-4.44,2.04,1,1,5.5,예,2016-09-20,2025-09-19,판정 안 함
KODEX 200,9,위,-4.0,최근 5년,5,-8.72,-1.74,40.0,0.142,87.59,-47.59,0.45,-3.21,3,0.59,-4.44,-4.44,2.17,1,0,5.6,아니오,2021-09-17,2025-09-19,판정 안 함
KODEX 200,9,위,-5.0,전체,23,-30.87,-1.34,39.13,0.354,73.84,-34.71,1.01,-2.86,14,2.25,-6.53,-6.53,2.64,2,3,5.61,예,2003-09-19,2025-09-19,제외
KODEX 200,9,위,-5.0,앞 절반,11,-12.57,-1.14,45.45,0.41,70.93,-25.48,1.3,-3.18,6,2.25,-6.53,-6.53,3.22,2,1,5.45,예,2003-09-19,2013-09-17,판정 안 함
KODEX 200,9,위,-5.0,뒤 절반,12,-18.3,-1.53,33.33,0.248,80.15,-46.82,0.65,-2.61,8,1.14,-5.0,-5.0,2.11,0,2,5.75,예,2014-09-19,2025-09-19,판정 안 함
KODEX 200,9,위,-5.0,최근 10년,10,-13.86,-1.39,40.0,0.236,80.91,-40.91,0.65,-2.74,6,1.14,-5.0,-5.0,2.3,0,2,5.6,예,2016-09-20,2025-09-19,판정 안 함
KODEX 200,9,위,-5.0,최근 5년,5,-9.29,-1.86,40.0,0.134,88.2,-48.2,0.45,-3.4,3,0.59,-5.0,-5.0,2.35,0,1,5.6,아니오,2021-09-17,2025-09-19,판정 안 함
KODEX 200,9,위,-6.0,전체,23,-30.18,-1.31,39.13,0.361,73.5,-34.37,1.01,-2.81,14,2.25,-6.53,-6.53,2.67,2,2,5.87,예,2003-09-19,2025-09-19,제외
KODEX 200,9,위,-6.0,앞 절반,11,-13.57,-1.23,45.45,0.389,71.97,-26.52,1.3,-3.35,6,2.25,-6.53,-6.53,3.35,2,1,5.64,예,2003-09-19,2013-09-17,판정 안 함
KODEX 200,9,위,-6.0,뒤 절반,12,-16.61,-1.38,33.33,0.269,78.77,-45.44,0.65,-2.4,8,1.14,-6.0,-6.0,2.03,0,1,6.08,예,2014-09-19,2025-09-19,판정 안 함
KODEX 200,9,위,-6.0,최근 10년,10,-12.17,-1.22,40.0,0.263,79.18,-39.18,0.65,-2.46,6,1.14,-6.0,-6.0,2.19,0,1,6.0,예,2016-09-20,2025-09-19,판정 안 함
KODEX 200,9,위,-6.0,최근 5년,5,-10.29,-2.06,40.0,0.122,89.14,-49.14,0.45,-3.73,3,0.59,-6.0,-6.0,2.7,0,1,5.8,아니오,2021-09-17,2025-09-19,판정 안 함
KODEX 200,9,위,-7.0,전체,23,-28.75,-1.25,39.13,0.374,72.77,-33.64,1.01,-2.7,14,2.25,-7.0,-7.0,2.71,0,3,6.0,예,2003-09-19,2025-09-19,제외
KODEX 200,9,위,-7.0,앞 절반,11,-11.13,-1.01,45.45,0.443,69.3,-23.85,1.3,-2.94,6,2.25,-7.0,-7.0,3.24,0,2,5.82,예,2003-09-19,2013-09-17,판정 안 함
KODEX 200,9,위,-7.0,뒤 절반,12,-17.61,-1.47,33.33,0.256,79.61,-46.28,0.65,-2.52,8,1.14,-7.0,-7.0,2.24,0,1,6.17,예,2014-09-19,2025-09-19,판정 안 함
KODEX 200,9,위,-7.0,최근 10년,10,-13.17,-1.32,40.0,0.246,80.24,-40.24,0.65,-2.63,6,1.14,-7.0,-7.0,2.44,0,1,6.1,예,2016-09-20,2025-09-19,판정 안 함
KODEX 200,9,위,-7.0,최근 5년,5,-11.29,-2.26,40.0,0.112,89.94,-49.94,0.45,-4.07,3,0.59,-7.0,-7.0,3.08,0,1,6.0,아니오,2021-09-17,2025-09-19,판정 안 함
KODEX 200,9,위,-8.0,전체,23,-30.45,-1.32,39.13,0.358,73.64,-34.51,1.01,-2.83,14,2.25,-8.0,-8.0,2.88,0,2,6.04,예,2003-09-19,2025-09-19,제외
KODEX 200,9,위,-8.0,앞 절반,11,-11.84,-1.08,45.45,0.426,70.13,-24.68,1.3,-3.06,6,2.25,-8.0,-8.0,3.38,0,1,5.91,예,2003-09-19,2013-09-17,판정 안 함
KODEX 200,9,위,-8.0,뒤 절반,12,-18.61,-1.55,33.33,0.244,80.38,-47.05,0.65,-2.65,8,1.14,-8.0,-8.0,2.47,0,1,6.17,예,2014-09-19,2025-09-19,판정 안 함
KODEX 200,9,위,-8.0,최근 10년,10,-14.17,-1.42,40.0,0.232,81.2,-41.2,0.65,-2.79,6,1.14,-8.0,-8.0,2.71,0,1,6.1,예,2016-09-20,2025-09-19,판정 안 함
KODEX 200,9,위,-8.0,최근 5년,5,-12.29,-2.46,40.0,0.103,90.63,-50.63,0.45,-4.4,3,0.59,-8.0,-8.0,3.47,0,1,6.0,아니오,2021-09-17,2025-09-19,판정 안 함
KODEX 200,9,위,-9.0,전체,23,-31.55,-1.37,39.13,0.348,74.16,-35.03,1.01,-2.9,14,2.25,-9.0,-9.0,3.0,0,1,6.17,예,2003-09-19,2025-09-19,제외
KODEX 200,9,위,-9.0,앞 절반,11,-12.84,-1.17,45.45,0.404,71.22,-25.77,1.3,-3.23,6,2.25,-9.0,-9.0,3.59,0,1,6.0,예,2003-09-19,2013-09-17,판정 안 함
KODEX 200,9,위,-9.0,뒤 절반,12,-18.7,-1.56,33.33,0.243,80.45,-47.12,0.65,-2.66,8,1.14,-8.09,-8.92,2.5,0,0,6.33,예,2014-09-19,2025-09-19,판정 안 함
KODEX 200,9,위,-9.0,최근 10년,10,-14.26,-1.43,40.0,0.23,81.28,-41.28,0.65,-2.81,6,1.14,-8.09,-8.92,2.73,0,0,6.3,예,2016-09-20,2025-09-19,판정 안 함
KODEX 200,9,위,-9.0,최근 5년,5,-12.38,-2.48,40.0,0.103,90.69,-50.69,0.45,-4.43,3,0.59,-8.09,-8.92,3.51,0,0,6.4,아니오,2021-09-17,2025-09-19,판정 안 함
KODEX 200,9,위,-10.0,전체,23,-32.55,-1.42,39.13,0.34,74.62,-35.49,1.01,-2.98,14,2.25,-10.0,-10.0,3.12,0,1,6.17,예,2003-09-19,2025-09-19,제외
KODEX 200,9,위,-10.0,앞 절반,11,-13.84,-1.26,45.45,0.384,72.25,-26.8,1.3,-3.39,6,2.25,-10.0,-10.0,3.82,0,1,6.0,예,2003-09-19,2013-09-17,판정 안 함
KODEX 200,9,위,-10.0,뒤 절반,12,-18.7,-1.56,33.33,0.243,80.45,-47.12,0.65,-2.66,8,1.14,-8.09,-8.92,2.5,0,0,6.33,예,2014-09-19,2025-09-19,판정 안 함
KODEX 200,9,위,-10.0,최근 10년,10,-14.26,-1.43,40.0,0.23,81.28,-41.28,0.65,-2.81,6,1.14,-8.09,-8.92,2.73,0,0,6.3,예,2016-09-20,2025-09-19,판정 안 함
KODEX 200,9,위,-10.0,최근 5년,5,-12.38,-2.48,40.0,0.103,90.69,-50.69,0.45,-4.43,3,0.59,-8.09,-8.92,3.51,0,0,6.4,아니오,2021-09-17,2025-09-19,판정 안 함
KODEX 200,9,위,무손절,전체,23,-25.93,-1.13,39.13,0.404,71.21,-32.08,1.01,-2.5,14,2.25,-8.09,-10.15,2.55,0,0,6.35,예,2003-09-19,2025-09-19,제외
KODEX 200,9,위,무손절,앞 절반,11,-7.23,-0.66,45.45,0.569,63.73,-18.28,1.3,-2.29,6,2.25,-6.71,-10.15,2.64,0,0,6.36,예,2003-09-19,2013-09-17,판정 안 함
KODEX 200,9,위,무손절,뒤 절반,12,-18.7,-1.56,33.33,0.243,80.45,-47.12,0.65,-2.66,8,1.14,-8.09,-8.92,2.5,0,0,6.33,예,2014-09-19,2025-09-19,판정 안 함
KODEX 200,9,위,무손절,최근 10년,10,-14.26,-1.43,40.0,0.23,81.28,-41.28,0.65,-2.81,6,1.14,-8.09,-8.92,2.73,0,0,6.3,예,2016-09-20,2025-09-19,판정 안 함
KODEX 200,9,위,무손절,최근 5년,5,-12.38,-2.48,40.0,0.103,90.69,-50.69,0.45,-4.43,3,0.59,-8.09,-8.92,3.51,0,0,6.4,아니오,2021-09-17,2025-09-19,판정 안 함
KODEX 200,10,아래,-3.0,전체,24,7.88,0.33,50.0,1.307,43.34,6.66,2.79,-2.14,12,5.68,-3.0,-3.0,2.88,0,5,7.12,예,2002-10-18,2025-10-20,제외
KODEX 200,10,아래,-3.0,앞 절반,12,1.64,0.14,50.0,1.124,47.09,2.91,2.49,-2.22,6,4.75,-3.0,-3.0,2.84,0,3,6.92,예,2002-10-18,2013-10-18,판정 안 함
KODEX 200,10,아래,-3.0,뒤 절반,12,6.23,0.52,50.0,1.506,39.91,10.09,3.09,-2.05,6,5.68,-3.0,-3.0,3.04,0,2,7.33,예,2014-10-20,2025-10-20,판정 안 함
KODEX 200,10,아래,-3.0,최근 10년,10,9.98,1.0,60.0,1.442,40.96,19.04,3.09,-2.15,4,5.68,-3.0,-3.0,3.1,0,2,7.1,예,2016-10-20,2025-10-20,판정 안 함
KODEX 200,10,아래,-3.0,최근 5년,5,1.7,0.34,60.0,0.856,53.88,6.12,2.57,-3.0,2,4.01,-3.0,-3.0,3.18,0,2,6.4,아니오,2021-10-20,2025-10-20,판정 안 함
KODEX 200,10,아래,-4.0,전체,24,7.21,0.3,54.17,1.074,48.22,5.95,2.62,-2.44,11,5.68,-4.57,-4.57,3.04,1,2,7.46,예,2002-10-18,2025-10-20,제외
KODEX 200,10,아래,-4.0,앞 절반,12,3.15,0.26,58.33,0.897,52.71,5.62,2.21,-2.46,5,4.75,-4.0,-4.0,2.91,0,2,7.33,예,2002-10-18,2013-10-18,판정 안 함
KODEX 200,10,아래,-4.0,뒤 절반,12,4.07,0.34,50.0,1.281,43.85,6.15,3.09,-2.42,6,5.68,-4.57,-4.57,3.3,1,0,7.58,예,2014-10-20,2025-10-20,판정 안 함
KODEX 200,10,아래,-4.0,최근 10년,10,7.81,0.78,60.0,1.151,46.49,13.51,3.09,-2.69,4,5.68,-4.57,-4.57,3.44,1,0,7.4,예,2016-10-20,2025-10-20,판정 안 함
KODEX 200,10,아래,-4.0,최근 5년,5,-0.46,-0.09,60.0,0.629,61.4,-1.4,2.57,-4.08,2,4.01,-4.57,-4.57,3.77,1,0,7.0,아니오,2021-10-20,2025-10-20,판정 안 함
KODEX 200,10,아래,-5.0,전체,24,4.78,0.2,54.17,0.985,50.39,3.78,2.62,-2.66,11,5.68,-5.0,-5.0,3.2,0,3,7.46,예,2002-10-18,2025-10-20,제외
KODEX 200,10,아래,-5.0,앞 절반,12,1.15,0.1,58.33,0.772,56.45,1.88,2.21,-2.86,5,4.75,-5.0,-5.0,3.19,0,2,7.33,예,2002-10-18,2013-10-18,판정 안 함
KODEX 200,10,아래,-5.0,뒤 절반,12,3.64,0.3,50.0,1.244,44.57,5.43,3.09,-2.49,6,5.68,-5.0,-5.0,3.35,0,1,7.58,예,2014-10-20,2025-10-20,판정 안 함
KODEX 200,10,아래,-5.0,최근 10년,10,7.38,0.74,60.0,1.107,47.46,12.54,3.09,-2.79,4,5.68,-5.0,-5.0,3.51,0,1,7.4,예,2016-10-20,2025-10-20,판정 안 함
KODEX 200,10,아래,-5.0,최근 5년,5,-0.89,-0.18,60.0,0.597,62.6,-2.6,2.57,-4.3,2,4.01,-5.0,-5.0,3.9,0,1,7.0,아니오,2021-10-20,2025-10-20,판정 안 함
KODEX 200,10,아래,-6.0,전체,24,2.49,0.1,54.17,0.913,52.27,1.9,2.62,-2.86,11,5.68,-6.0,-6.0,3.37,0,2,7.75,예,2002-10-18,2025-10-20,제외
KODEX 200,10,아래,-6.0,앞 절반,12,-0.15,-0.01,58.33,0.707,58.57,-0.24,2.21,-3.12,5,4.75,-6.0,-6.0,3.39,0,1,7.75,예,2002-10-18,2013-10-18,판정 안 함
KODEX 200,10,아래,-6.0,뒤 절반,12,2.64,0.22,50.0,1.166,46.17,3.83,3.09,-2.65,6,5.68,-6.0,-6.0,3.51,0,1,7.75,예,2014-10-20,2025-10-20,판정 안 함
KODEX 200,10,아래,-6.0,최근 10년,10,6.38,0.64,60.0,1.016,49.6,10.4,3.09,-3.04,4,5.68,-6.0,-6.0,3.7,0,1,7.6,예,2016-10-20,2025-10-20,판정 안 함
KODEX 200,10,아래,-6.0,최근 5년,5,-1.89,-0.38,60.0,0.535,65.14,-5.14,2.57,-4.8,2,4.01,-6.0,-6.0,4.22,0,1,7.4,아니오,2021-10-20,2025-10-20,판정 안 함
KODEX 200,10,아래,-7.0,전체,24,-1.91,-0.08,54.17,0.801,55.52,-1.35,2.62,-3.26,11,5.68,-8.71,-8.71,3.76,2,0,7.83,예,2002-10-18,2025-10-20,제외
KODEX 200,10,아래,-7.0,앞 절반,12,-2.86,-0.24,58.33,0.603,62.39,-4.06,2.21,-3.66,5,4.75,-8.71,-8.71,3.88,1,0,7.83,예,2002-10-18,2013-10-18,판정 안 함
KODEX 200,10,아래,-7.0,뒤 절반,12,0.95,0.08,50.0,1.054,48.69,1.31,3.09,-2.94,6,5.68,-7.69,-7.69,3.8,1,0,7.83,예,2014-10-20,2025-10-20,판정 안 함
KODEX 200,10,아래,-7.0,최근 10년,10,4.69,0.47,60.0,0.892,52.85,7.15,3.09,-3.47,4,5.68,-7.69,-7.69,4.06,1,0,7.7,예,2016-10-20,2025-10-20,판정 안 함
KODEX 200,10,아래,-7.0,최근 5년,5,-3.58,-0.72,60.0,0.455,68.73,-8.73,2.57,-5.64,2,4.01,-7.69,-7.69,4.81,1,0,7.6,아니오,2021-10-20,2025-10-20,판정 안 함
KODEX 200,10,아래,-8.0,전체,24,-2.22,-0.09,54.17,0.794,55.73,-1.56,2.62,-3.29,11,5.68,-8.71,-8.71,3.79,1,1,7.83,예,2002-10-18,2025-10-20,제외
KODEX 200,10,아래,-8.0,앞 절반,12,-2.86,-0.24,58.33,0.603,62.39,-4.06,2.21,-3.66,5,4.75,-8.71,-8.71,3.88,1,0,7.83,예,2002-10-18,2013-10-18,판정 안 함
KODEX 200,10,아래,-8.0,뒤 절반,12,0.64,0.05,50.0,1.036,49.13,0.87,3.09,-2.99,6,5.68,-8.0,-8.0,3.86,0,1,7.83,예,2014-10-20,2025-10-20,판정 안 함
KODEX 200,10,아래,-8.0,최근 10년,10,4.38,0.44,60.0,0.873,53.4,6.6,3.09,-3.54,4,5.68,-8.0,-8.0,4.13,0,1,7.7,예,2016-10-20,2025-10-20,판정 안 함
KODEX 200,10,아래,-8.0,최근 5년,5,-3.89,-0.78,60.0,0.443,69.31,-9.31,2.57,-5.8,2,4.01,-8.0,-8.0,4.92,0,1,7.6,아니오,2021-10-20,2025-10-20,판정 안 함
KODEX 200,10,아래,-9.0,전체,24,-2.79,-0.12,54.17,0.782,56.12,-1.95,2.62,-3.34,11,5.68,-9.0,-9.0,3.84,0,1,7.88,예,2002-10-18,2025-10-20,제외
KODEX 200,10,아래,-9.0,앞 절반,12,-3.15,-0.26,58.33,0.593,62.76,-4.43,2.21,-3.72,5,4.75,-9.0,-9.0,3.93,0,1,7.83,예,2002-10-18,2013-10-18,판정 안 함
KODEX 200,10,아래,-9.0,뒤 절반,12,0.36,0.03,50.0,1.02,49.51,0.49,3.09,-3.03,6,5.68,-8.28,-8.69,3.91,0,0,7.92,예,2014-10-20,2025-10-20,판정 안 함
KODEX 200,10,아래,-9.0,최근 10년,10,4.1,0.41,60.0,0.856,53.88,6.12,3.09,-3.61,4,5.68,-8.28,-8.69,4.19,0,0,7.8,예,2016-10-20,2025-10-20,판정 안 함
KODEX 200,10,아래,-9.0,최근 5년,5,-4.17,-0.83,60.0,0.433,69.81,-9.81,2.57,-5.94,2,4.01,-8.28,-8.69,5.02,0,0,7.8,아니오,2021-10-20,2025-10-20,판정 안 함
KODEX 200,10,아래,-10.0,전체,24,-0.36,-0.02,54.17,0.837,54.43,-0.26,2.62,-3.12,11,5.68,-8.28,-9.3,3.62,0,0,7.92,예,2002-10-18,2025-10-20,제외
KODEX 200,10,아래,-10.0,앞 절반,12,-0.72,-0.06,58.33,0.682,59.44,-1.11,2.21,-3.23,5,4.75,-6.57,-9.3,3.48,0,0,7.92,예,2002-10-18,2013-10-18,판정 안 함
KODEX 200,10,아래,-10.0,뒤 절반,12,0.36,0.03,50.0,1.02,49.51,0.49,3.09,-3.03,6,5.68,-8.28,-8.69,3.91,0,0,7.92,예,2014-10-20,2025-10-20,판정 안 함
KODEX 200,10,아래,-10.0,최근 10년,10,4.1,0.41,60.0,0.856,53.88,6.12,3.09,-3.61,4,5.68,-8.28,-8.69,4.19,0,0,7.8,예,2016-10-20,2025-10-20,판정 안 함
KODEX 200,10,아래,-10.0,최근 5년,5,-4.17,-0.83,60.0,0.433,69.81,-9.81,2.57,-5.94,2,4.01,-8.28,-8.69,5.02,0,0,7.8,아니오,2021-10-20,2025-10-20,판정 안 함
KODEX 200,10,아래,무손절,전체,24,-0.36,-0.02,54.17,0.837,54.43,-0.26,2.62,-3.12,11,5.68,-8.28,-9.3,3.62,0,0,7.92,예,2002-10-18,2025-10-20,제외
KODEX 200,10,아래,무손절,앞 절반,12,-0.72,-0.06,58.33,0.682,59.44,-1.11,2.21,-3.23,5,4.75,-6.57,-9.3,3.48,0,0,7.92,예,2002-10-18,2013-10-18,판정 안 함
KODEX 200,10,아래,무손절,뒤 절반,12,0.36,0.03,50.0,1.02,49.51,0.49,3.09,-3.03,6,5.68,-8.28,-8.69,3.91,0,0,7.92,예,2014-10-20,2025-10-20,판정 안 함
KODEX 200,10,아래,무손절,최근 10년,10,4.1,0.41,60.0,0.856,53.88,6.12,3.09,-3.61,4,5.68,-8.28,-8.69,4.19,0,0,7.8,예,2016-10-20,2025-10-20,판정 안 함
KODEX 200,10,아래,무손절,최근 5년,5,-4.17,-0.83,60.0,0.433,69.81,-9.81,2.57,-5.94,2,4.01,-8.28,-8.69,5.02,0,0,7.8,아니오,2021-10-20,2025-10-20,판정 안 함
KODEX 200,10,위,-3.0,전체,24,-12.7,-0.53,33.33,1.343,42.69,-9.36,3.24,-2.41,16,8.28,-4.65,-4.65,3.27,2,8,6.17,예,2002-10-18,2025-10-20,제외
KODEX 200,10,위,-3.0,앞 절반,12,-15.76,-1.31,16.67,1.645,37.8,-21.13,3.86,-2.35,10,6.57,-3.36,-3.36,2.88,1,6,4.92,예,2002-10-18,2013-10-18,판정 안 함
KODEX 200,10,위,-3.0,뒤 절반,12,3.06,0.26,50.0,1.202,45.41,4.59,3.03,-2.52,6,8.28,-4.65,-4.65,3.56,1,2,7.42,예,2014-10-20,2025-10-20,판정 안 함
KODEX 200,10,위,-3.0,최근 10년,10,-0.68,-0.07,40.0,1.432,41.11,-1.11,3.61,-2.52,6,8.28,-4.65,-4.65,3.83,1,2,7.2,예,2016-10-20,2025-10-20,판정 안 함
KODEX 200,10,위,-3.0,최근 5년,5,5.18,1.04,40.0,2.66,27.32,12.68,5.94,-2.23,3,8.28,-3.0,-3.0,4.8,0,1,7.4,아니오,2021-10-20,2025-10-20,판정 안 함
KODEX 200,10,위,-4.0,전체,24,-13.05,-0.54,37.5,1.142,46.7,-9.2,3.15,-2.76,15,8.28,-4.65,-4.65,3.53,2,6,6.62,예,2002-10-18,2025-10-20,제외
KODEX 200,10,위,-4.0,앞 절반,12,-14.12,-1.18,25.0,1.257,44.31,-19.31,3.39,-2.7,9,6.57,-4.31,-4.31,3.33,1,4,5.67,예,2002-10-18,2013-10-18,판정 안 함
KODEX 200,10,위,-4.0,뒤 절반,12,1.06,0.09,50.0,1.062,48.5,1.5,3.03,-2.86,6,8.28,-4.65,-4.65,3.75,1,2,7.58,예,2014-10-20,2025-10-20,판정 안 함
KODEX 200,10,위,-4.0,최근 10년,10,-2.68,-0.27,40.0,1.265,44.14,-4.14,3.61,-2.86,6,8.28,-4.65,-4.65,4.02,1,2,7.4,예,2016-10-20,2025-10-20,판정 안 함
KODEX 200,10,위,-4.0,최근 5년,5,4.18,0.84,40.0,2.314,30.17,9.83,5.94,-2.57,3,8.28,-4.0,-4.0,5.02,0,1,7.8,아니오,2021-10-20,2025-10-20,판정 안 함
KODEX 200,10,위,-5.0,전체,24,-2.49,-0.1,45.83,1.102,47.58,-1.75,3.12,-2.84,13,8.28,-5.0,-5.0,3.73,0,4,7.12,예,2002-10-18,2025-10-20,제외
KODEX 200,10,위,-5.0,앞 절반,12,-2.81,-0.23,41.67,1.192,45.61,-3.94,3.23,-2.71,7,6.57,-5.0,-5.0,3.8,0,3,6.67,예,2002-10-18,2013-10-18,판정 안 함
KODEX 200,10,위,-5.0,뒤 절반,12,0.32,0.03,50.0,1.018,49.55,0.45,3.03,-2.98,6,8.28,-5.0,-5.0,3.83,0,1,7.58,예,2014-10-20,2025-10-20,판정 안 함
KODEX 200,10,위,-5.0,최근 10년,10,-3.42,-0.34,40.0,1.213,45.19,-5.19,3.61,-2.98,6,8.28,-5.0,-5.0,4.1,0,1,7.4,예,2016-10-20,2025-10-20,판정 안 함
KODEX 200,10,위,-5.0,최근 5년,5,4.17,0.83,40.0,2.312,30.19,9.81,5.94,-2.57,3,8.28,-4.01,-4.12,5.02,0,0,7.8,아니오,2021-10-20,2025-10-20,판정 안 함
KODEX 200,10,위,-6.0,전체,24,-5.19,-0.22,45.83,1.027,49.34,-3.51,3.12,-3.04,13,8.28,-6.0,-6.0,3.9,0,3,7.25,예,2002-10-18,2025-10-20,제외
KODEX 200,10,위,-6.0,앞 절반,12,-4.51,-0.38,41.67,1.094,47.75,-6.08,3.23,-2.95,7,6.57,-6.0,-6.0,4.01,0,2,6.83,예,2002-10-18,2013-10-18,판정 안 함
KODEX 200,10,위,-6.0,뒤 절반,12,-0.68,-0.06,50.0,0.964,50.91,-0.91,3.03,-3.15,6,8.28,-6.0,-6.0,3.96,0,1,7.67,예,2014-10-20,2025-10-20,판정 안 함
KODEX 200,10,위,-6.0,최근 10년,10,-4.42,-0.44,40.0,1.149,46.54,-6.54,3.61,-3.15,6,8.28,-6.0,-6.0,4.24,0,1,7.5,예,2016-10-20,2025-10-20,판정 안 함
KODEX 200,10,위,-6.0,최근 5년,5,4.17,0.83,40.0,2.312,30.19,9.81,5.94,-2.57,3,8.28,-4.01,-4.12,5.02,0,0,7.8,아니오,2021-10-20,2025-10-20,판정 안 함
KODEX 200,10,위,-7.0,전체,24,-3.21,-0.13,45.83,1.081,48.06,-2.23,3.12,-2.89,13,8.28,-7.0,-7.0,3.87,0,2,7.58,예,2002-10-18,2025-10-20,제외
KODEX 200,10,위,-7.0,앞 절반,12,-1.53,-0.13,41.67,1.279,43.88,-2.21,3.23,-2.53,7,6.57,-7.0,-7.0,3.81,0,1,7.33,예,2002-10-18,2013-10-18,판정 안 함
KODEX 200,10,위,-7.0,뒤 절반,12,-1.68,-0.14,50.0,0.916,52.2,-2.2,3.03,-3.31,6,8.28,-7.0,-7.0,4.1,0,1,7.83,예,2014-10-20,2025-10-20,판정 안 함
KODEX 200,10,위,-7.0,최근 10년,10,-5.42,-0.54,40.0,1.091,47.83,-7.83,3.61,-3.31,6,8.28,-7.0,-7.0,4.39,0,1,7.7,예,2016-10-20,2025-10-20,판정 안 함
KODEX 200,10,위,-7.0,최근 5년,5,4.17,0.83,40.0,2.312,30.19,9.81,5.94,-2.57,3,8.28,-4.01,-4.12,5.02,0,0,7.8,아니오,2021-10-20,2025-10-20,판정 안 함
KODEX 200,10,위,-8.0,전체,24,-2.89,-0.12,45.83,1.09,47.84,-2.01,3.12,-2.87,13,8.28,-8.0,-8.0,3.86,0,1,7.62,예,2002-10-18,2025-10-20,제외
KODEX 200,10,위,-8.0,앞 절반,12,-2.53,-0.21,41.67,1.21,45.24,-3.57,3.23,-2.67,7,6.57,-8.0,-8.0,3.98,0,1,7.33,예,2002-10-18,2013-10-18,판정 안 함
KODEX 200,10,위,-8.0,뒤 절반,12,-0.36,-0.03,50.0,0.981,50.49,-0.49,3.03,-3.09,6,8.28,-5.68,-7.2,3.91,0,0,7.92,예,2014-10-20,2025-10-20,판정 안 함
KODEX 200,10,위,-8.0,최근 10년,10,-4.1,-0.41,40.0,1.168,46.12,-6.12,3.61,-3.09,6,8.28,-5.68,-7.2,4.19,0,0,7.8,예,2016-10-20,2025-10-20,판정 안 함
KODEX 200,10,위,-8.0,최근 5년,5,4.17,0.83,40.0,2.312,30.19,9.81,5.94,-2.57,3,8.28,-4.01,-4.12,5.02,0,0,7.8,아니오,2021-10-20,2025-10-20,판정 안 함
KODEX 200,10,위,-9.0,전체,24,-3.89,-0.16,45.83,1.062,48.51,-2.68,3.12,-2.94,13,8.28,-9.0,-9.0,3.95,0,1,7.62,예,2002-10-18,2025-10-20,제외
KODEX 200,10,위,-9.0,앞 절반,12,-3.53,-0.29,41.67,1.149,46.53,-4.86,3.23,-2.81,7,6.57,-9.0,-9.0,4.16,0,1,7.33,예,2002-10-18,2013-10-18,판정 안 함
KODEX 200,10,위,-9.0,뒤 절반,12,-0.36,-0.03,50.0,0.981,50.49,-0.49,3.03,-3.09,6,8.28,-5.68,-7.2,3.91,0,0,7.92,예,2014-10-20,2025-10-20,판정 안 함
KODEX 200,10,위,-9.0,최근 10년,10,-4.1,-0.41,40.0,1.168,46.12,-6.12,3.61,-3.09,6,8.28,-5.68,-7.2,4.19,0,0,7.8,예,2016-10-20,2025-10-20,판정 안 함
KODEX 200,10,위,-9.0,최근 5년,5,4.17,0.83,40.0,2.312,30.19,9.81,5.94,-2.57,3,8.28,-4.01,-4.12,5.02,0,0,7.8,아니오,2021-10-20,2025-10-20,판정 안 함
KODEX 200,10,위,-10.0,전체,24,-6.22,-0.26,45.83,1.001,49.98,-4.15,3.12,-3.12,13,8.28,-11.33,-11.33,4.2,1,0,7.67,예,2002-10-18,2025-10-20,제외
KODEX 200,10,위,-10.0,앞 절반,12,-5.86,-0.49,41.67,1.028,49.32,-7.65,3.23,-3.15,7,6.57,-11.33,-11.33,4.63,1,0,7.42,예,2002-10-18,2013-10-18,판정 안 함
KODEX 200,10,위,-10.0,뒤 절반,12,-0.36,-0.03,50.0,0.981,50.49,-0.49,3.03,-3.09,6,8.28,-5.68,-7.2,3.91,0,0,7.92,예,2014-10-20,2025-10-20,판정 안 함
KODEX 200,10,위,-10.0,최근 10년,10,-4.1,-0.41,40.0,1.168,46.12,-6.12,3.61,-3.09,6,8.28,-5.68,-7.2,4.19,0,0,7.8,예,2016-10-20,2025-10-20,판정 안 함
KODEX 200,10,위,-10.0,최근 5년,5,4.17,0.83,40.0,2.312,30.19,9.81,5.94,-2.57,3,8.28,-4.01,-4.12,5.02,0,0,7.8,아니오,2021-10-20,2025-10-20,판정 안 함
KODEX 200,10,위,무손절,전체,24,0.36,0.02,45.83,1.194,45.57,0.26,3.12,-2.62,13,8.28,-5.68,-25.47,3.62,0,0,7.92,예,2002-10-18,2025-10-20,제외
KODEX 200,10,위,무손절,앞 절반,12,0.72,0.06,41.67,1.465,40.56,1.11,3.23,-2.21,7,6.57,-4.75,-25.47,3.48,0,0,7.92,예,2002-10-18,2013-10-18,판정 안 함
KODEX 200,10,위,무손절,뒤 절반,12,-0.36,-0.03,50.0,0.981,50.49,-0.49,3.03,-3.09,6,8.28,-5.68,-7.2,3.91,0,0,7.92,예,2014-10-20,2025-10-20,판정 안 함
KODEX 200,10,위,무손절,최근 10년,10,-4.1,-0.41,40.0,1.168,46.12,-6.12,3.61,-3.09,6,8.28,-5.68,-7.2,4.19,0,0,7.8,예,2016-10-20,2025-10-20,판정 안 함
KODEX 200,10,위,무손절,최근 5년,5,4.17,0.83,40.0,2.312,30.19,9.81,5.94,-2.57,3,8.28,-4.01,-4.12,5.02,0,0,7.8,아니오,2021-10-20,2025-10-20,판정 안 함
KODEX 200,11,아래,-3.0,전체,24,-19.4,-0.81,29.17,1.077,48.16,-18.99,2.21,-2.05,17,4.14,-3.23,-3.23,2.26,1,6,6.5,예,2002-11-20,2025-11-20,제외
KODEX 200,11,아래,-3.0,앞 절반,12,-18.91,-1.58,16.67,0.934,51.7,-35.03,2.17,-2.33,10,4.13,-3.23,-3.23,2.07,1,4,6.33,예,2002-11-20,2013-11-20,판정 안 함
KODEX 200,11,아래,-3.0,뒤 절반,12,-0.49,-0.04,41.67,1.341,42.72,-1.05,2.22,-1.66,7,4.14,-3.0,-3.0,2.26,0,2,6.67,예,2014-11-20,2025-11-20,판정 안 함
KODEX 200,11,아래,-3.0,최근 10년,10,1.16,0.12,50.0,1.116,47.25,2.75,2.22,-1.99,5,4.14,-3.0,-3.0,2.43,0,2,6.8,예,2016-11-18,2025-11-20,판정 안 함
KODEX 200,11,아래,-3.0,최근 5년,5,4.67,0.93,60.0,2.041,32.88,27.12,2.31,-1.13,2,4.14,-1.16,-2.61,2.2,0,0,7.2,아니오,2021-11-19,2025-11-20,판정 안 함
KODEX 200,11,아래,-4.0,전체,24,-22.52,-0.94,29.17,0.988,50.3,-21.13,2.21,-2.23,17,4.14,-5.88,-5.88,2.52,1,2,6.88,예,2002-11-20,2025-11-20,제외
KODEX 200,11,아래,-4.0,앞 절반,12,-23.29,-1.94,16.67,0.786,55.98,-39.31,2.17,-2.76,10,4.13,-5.88,-5.88,2.48,1,1,6.67,예,2002-11-20,2013-11-20,판정 안 함
KODEX 200,11,아래,-4.0,뒤 절반,12,0.77,0.06,41.67,1.504,39.94,1.73,2.22,-1.48,7,4.14,-4.0,-4.0,2.23,0,1,7.08,예,2014-11-20,2025-11-20,판정 안 함
KODEX 200,11,아래,-4.0,최근 10년,10,2.42,0.24,50.0,1.278,43.9,6.1,2.22,-1.74,5,4.14,-4.0,-4.0,2.39,0,1,7.3,예,2016-11-18,2025-11-20,판정 안 함
KODEX 200,11,아래,-4.0,최근 5년,5,4.67,0.93,60.0,2.041,32.88,27.12,2.31,-1.13,2,4.14,-1.16,-2.61,2.2,0,0,7.2,아니오,2021-11-19,2025-11-20,판정 안 함
KODEX 200,11,아래,-5.0,전체,24,-21.44,-0.89,29.17,1.017,49.58,-20.41,2.21,-2.17,17,4.14,-5.88,-5.88,2.51,1,1,6.88,예,2002-11-20,2025-11-20,제외
KODEX 200,11,아래,-5.0,앞 절반,12,-24.29,-2.02,16.67,0.759,56.86,-40.19,2.17,-2.86,10,4.13,-5.88,-5.88,2.57,1,1,6.67,예,2002-11-20,2013-11-20,판정 안 함
KODEX 200,11,아래,-5.0,뒤 절반,12,2.84,0.24,41.67,1.882,34.7,6.97,2.22,-1.18,7,4.14,-1.92,-4.23,1.94,0,0,7.08,예,2014-11-20,2025-11-20,판정 안 함
KODEX 200,11,아래,-5.0,최근 10년,10,4.49,0.45,50.0,1.679,37.32,12.68,2.22,-1.32,5,4.14,-1.92,-4.23,2.04,0,0,7.3,예,2016-11-18,2025-11-20,판정 안 함
KODEX 200,11,아래,-5.0,최근 5년,5,4.67,0.93,60.0,2.041,32.88,27.12,2.31,-1.13,2,4.14,-1.16,-2.61,2.2,0,0,7.2,아니오,2021-11-19,2025-11-20,판정 안 함
KODEX 200,11,아래,-6.0,전체,24,-22.56,-0.94,29.17,0.987,50.32,-21.15,2.21,-2.24,17,4.14,-6.0,-6.0,2.6,0,2,6.88,예,2002-11-20,2025-11-20,제외
KODEX 200,11,아래,-6.0,앞 절반,12,-25.4,-2.12,16.67,0.73,57.79,-41.12,2.17,-2.97,10,4.13,-6.0,-6.0,2.71,0,2,6.67,예,2002-11-20,2013-11-20,판정 안 함
KODEX 200,11,아래,-6.0,뒤 절반,12,2.84,0.24,41.67,1.882,34.7,6.97,2.22,-1.18,7,4.14,-1.92,-4.23,1.94,0,0,7.08,예,2014-11-20,2025-11-20,판정 안 함
KODEX 200,11,아래,-6.0,최근 10년,10,4.49,0.45,50.0,1.679,37.32,12.68,2.22,-1.32,5,4.14,-1.92,-4.23,2.04,0,0,7.3,예,2016-11-18,2025-11-20,판정 안 함
KODEX 200,11,아래,-6.0,최근 5년,5,4.67,0.93,60.0,2.041,32.88,27.12,2.31,-1.13,2,4.14,-1.16,-2.61,2.2,0,0,7.2,아니오,2021-11-19,2025-11-20,판정 안 함
KODEX 200,11,아래,-7.0,전체,24,-23.67,-0.99,29.17,0.959,51.05,-21.88,2.21,-2.3,17,4.14,-7.0,-7.0,2.7,0,1,7.0,예,2002-11-20,2025-11-20,제외
KODEX 200,11,아래,-7.0,앞 절반,12,-26.52,-2.21,16.67,0.704,58.69,-42.02,2.17,-3.09,10,4.13,-7.0,-7.0,2.86,0,1,6.92,예,2002-11-20,2013-11-20,판정 안 함
KODEX 200,11,아래,-7.0,뒤 절반,12,2.84,0.24,41.67,1.882,34.7,6.97,2.22,-1.18,7,4.14,-1.92,-4.23,1.94,0,0,7.08,예,2014-11-20,2025-11-20,판정 안 함
KODEX 200,11,아래,-7.0,최근 10년,10,4.49,0.45,50.0,1.679,37.32,12.68,2.22,-1.32,5,4.14,-1.92,-4.23,2.04,0,0,7.3,예,2016-11-18,2025-11-20,판정 안 함
KODEX 200,11,아래,-7.0,최근 5년,5,4.67,0.93,60.0,2.041,32.88,27.12,2.31,-1.13,2,4.14,-1.16,-2.61,2.2,0,0,7.2,아니오,2021-11-19,2025-11-20,판정 안 함
KODEX 200,11,아래,-8.0,전체,24,-24.67,-1.03,29.17,0.935,51.68,-22.51,2.21,-2.36,17,4.14,-8.0,-8.0,2.8,0,1,7.0,예,2002-11-20,2025-11-20,제외
KODEX 200,11,아래,-8.0,앞 절반,12,-27.52,-2.29,16.67,0.682,59.46,-42.79,2.17,-3.19,10,4.13,-8.0,-8.0,3.03,0,1,6.92,예,2002-11-20,2013-11-20,판정 안 함
KODEX 200,11,아래,-8.0,뒤 절반,12,2.84,0.24,41.67,1.882,34.7,6.97,2.22,-1.18,7,4.14,-1.92,-4.23,1.94,0,0,7.08,예,2014-11-20,2025-11-20,판정 안 함
KODEX 200,11,아래,-8.0,최근 10년,10,4.49,0.45,50.0,1.679,37.32,12.68,2.22,-1.32,5,4.14,-1.92,-4.23,2.04,0,0,7.3,예,2016-11-18,2025-11-20,판정 안 함
KODEX 200,11,아래,-8.0,최근 5년,5,4.67,0.93,60.0,2.041,32.88,27.12,2.31,-1.13,2,4.14,-1.16,-2.61,2.2,0,0,7.2,아니오,2021-11-19,2025-11-20,판정 안 함
KODEX 200,11,아래,-9.0,전체,24,-25.67,-1.07,29.17,0.912,52.29,-23.12,2.21,-2.42,17,4.14,-9.0,-9.0,2.92,0,1,7.04,예,2002-11-20,2025-11-20,제외
KODEX 200,11,아래,-9.0,앞 절반,12,-28.52,-2.38,16.67,0.661,60.2,-43.53,2.17,-3.29,10,4.13,-9.0,-9.0,3.2,0,1,7.0,예,2002-11-20,2013-11-20,판정 안 함
KODEX 200,11,아래,-9.0,뒤 절반,12,2.84,0.24,41.67,1.882,34.7,6.97,2.22,-1.18,7,4.14,-1.92,-4.23,1.94,0,0,7.08,예,2014-11-20,2025-11-20,판정 안 함
KODEX 200,11,아래,-9.0,최근 10년,10,4.49,0.45,50.0,1.679,37.32,12.68,2.22,-1.32,5,4.14,-1.92,-4.23,2.04,0,0,7.3,예,2016-11-18,2025-11-20,판정 안 함
KODEX 200,11,아래,-9.0,최근 5년,5,4.67,0.93,60.0,2.041,32.88,27.12,2.31,-1.13,2,4.14,-1.16,-2.61,2.2,0,0,7.2,아니오,2021-11-19,2025-11-20,판정 안 함
KODEX 200,11,아래,-10.0,전체,24,-28.86,-1.2,29.17,0.847,54.15,-24.98,2.21,-2.61,17,4.14,-12.19,-12.19,3.34,1,0,7.08,예,2002-11-20,2025-11-20,제외
KODEX 200,11,아래,-10.0,앞 절반,12,-31.7,-2.64,16.67,0.603,62.4,-45.73,2.17,-3.6,10,4.13,-12.19,-12.19,3.87,1,0,7.08,예,2002-11-20,2013-11-20,판정 안 함
KODEX 200,11,아래,-10.0,뒤 절반,12,2.84,0.24,41.67,1.882,34.7,6.97,2.22,-1.18,7,4.14,-1.92,-4.23,1.94,0,0,7.08,예,2014-11-20,2025-11-20,판정 안 함
KODEX 200,11,아래,-10.0,최근 10년,10,4.49,0.45,50.0,1.679,37.32,12.68,2.22,-1.32,5,4.14,-1.92,-4.23,2.04,0,0,7.3,예,2016-11-18,2025-11-20,판정 안 함
KODEX 200,11,아래,-10.0,최근 5년,5,4.67,0.93,60.0,2.041,32.88,27.12,2.31,-1.13,2,4.14,-1.16,-2.61,2.2,0,0,7.2,아니오,2021-11-19,2025-11-20,판정 안 함
KODEX 200,11,아래,무손절,전체,24,-31.68,-1.32,29.17,0.796,55.68,-26.51,2.21,-2.77,17,4.14,-15.0,-15.16,3.76,0,0,7.12,예,2002-11-20,2025-11-20,제외
KODEX 200,11,아래,무손절,앞 절반,12,-34.52,-2.88,16.67,0.559,64.15,-47.48,2.17,-3.89,10,4.13,-15.0,-15.16,4.53,0,0,7.17,예,2002-11-20,2013-11-20,판정 안 함
KODEX 200,11,아래,무손절,뒤 절반,12,2.84,0.24,41.67,1.882,34.7,6.97,2.22,-1.18,7,4.14,-1.92,-4.23,1.94,0,0,7.08,예,2014-11-20,2025-11-20,판정 안 함
KODEX 200,11,아래,무손절,최근 10년,10,4.49,0.45,50.0,1.679,37.32,12.68,2.22,-1.32,5,4.14,-1.92,-4.23,2.04,0,0,7.3,예,2016-11-18,2025-11-20,판정 안 함
KODEX 200,11,아래,무손절,최근 5년,5,4.67,0.93,60.0,2.041,32.88,27.12,2.31,-1.13,2,4.14,-1.16,-2.61,2.2,0,0,7.2,아니오,2021-11-19,2025-11-20,판정 안 함
KODEX 200,11,위,-3.0,전체,24,3.06,0.13,58.33,0.803,55.48,2.85,1.99,-2.48,10,6.11,-4.27,-4.27,2.61,1,5,6.17,예,2002-11-20,2025-11-20,제외
KODEX 200,11,위,-3.0,앞 절반,12,7.36,0.61,58.33,1.144,46.63,11.7,2.8,-2.44,5,6.11,-3.0,-3.0,3.06,0,4,5.67,예,2002-11-20,2013-11-20,판정 안 함
KODEX 200,11,위,-3.0,뒤 절반,12,-4.3,-0.36,58.33,0.47,68.03,-9.7,1.18,-2.51,5,1.92,-4.27,-4.27,2.09,1,1,6.67,예,2014-11-20,2025-11-20,판정 안 함
KODEX 200,11,위,-3.0,최근 10년,10,-5.94,-0.59,50.0,0.527,65.5,-15.5,1.32,-2.51,5,1.92,-4.27,-4.27,2.19,1,1,6.8,예,2016-11-18,2025-11-20,판정 안 함
KODEX 200,11,위,-3.0,최근 5년,5,-6.12,-1.22,40.0,0.405,71.17,-31.17,1.13,-2.8,3,1.16,-4.27,-4.27,2.43,1,1,6.2,아니오,2021-11-19,2025-11-20,판정 안 함
KODEX 200,11,위,-4.0,전체,24,22.01,0.92,66.67,1.0,49.99,16.68,2.75,-2.75,8,15.0,-4.27,-4.27,4.0,2,2,6.62,예,2002-11-20,2025-11-20,제외
KODEX 200,11,위,-4.0,앞 절반,12,27.31,2.28,75.0,1.412,41.45,33.55,3.97,-2.81,3,15.0,-4.22,-4.22,4.95,1,1,6.58,예,2002-11-20,2013-11-20,판정 안 함
KODEX 200,11,위,-4.0,뒤 절반,12,-5.3,-0.44,58.33,0.435,69.67,-11.34,1.18,-2.71,5,1.92,-4.27,-4.27,2.22,1,1,6.67,예,2014-11-20,2025-11-20,판정 안 함
KODEX 200,11,위,-4.0,최근 10년,10,-6.94,-0.69,50.0,0.488,67.21,-17.21,1.32,-2.71,5,1.92,-4.27,-4.27,2.33,1,1,6.8,예,2016-11-18,2025-11-20,판정 안 함
KODEX 200,11,위,-4.0,최근 5년,5,-7.12,-1.42,40.0,0.362,73.42,-33.42,1.13,-3.13,3,1.16,-4.27,-4.27,2.64,1,1,6.2,아니오,2021-11-19,2025-11-20,판정 안 함
KODEX 200,11,위,-5.0,전체,24,22.68,0.95,66.67,1.032,49.21,17.46,2.75,-2.67,8,15.0,-5.0,-5.0,4.0,0,2,6.88,예,2002-11-20,2025-11-20,제외
KODEX 200,11,위,-5.0,앞 절반,12,25.53,2.13,75.0,1.166,46.16,28.84,3.97,-3.41,3,15.0,-5.0,-5.0,5.17,0,2,6.67,예,2002-11-20,2013-11-20,판정 안 함
KODEX 200,11,위,-5.0,뒤 절반,12,-2.84,-0.24,58.33,0.531,65.3,-6.97,1.18,-2.22,5,1.92,-4.14,-4.99,1.94,0,0,7.08,예,2014-11-20,2025-11-20,판정 안 함
KODEX 200,11,위,-5.0,최근 10년,10,-4.49,-0.45,50.0,0.596,62.68,-12.68,1.32,-2.22,5,1.92,-4.14,-4.99,2.04,0,0,7.3,예,2016-11-18,2025-11-20,판정 안 함
KODEX 200,11,위,-5.0,최근 5년,5,-4.67,-0.93,40.0,0.49,67.12,-27.12,1.13,-2.31,3,1.16,-4.14,-4.99,2.2,0,0,7.2,아니오,2021-11-19,2025-11-20,판정 안 함
KODEX 200,11,위,-6.0,전체,24,29.81,1.24,70.83,1.12,47.16,23.67,2.77,-2.47,7,15.0,-6.0,-6.0,3.9,0,1,7.08,예,2002-11-20,2025-11-20,후보
KODEX 200,11,위,-6.0,앞 절반,12,32.65,2.72,83.33,1.25,44.44,38.89,3.89,-3.11,2,15.0,-6.0,-6.0,4.81,0,1,7.08,예,2002-11-20,2013-11-20,판정 안 함
KODEX 200,11,위,-6.0,뒤 절반,12,-2.84,-0.24,58.33,0.531,65.3,-6.97,1.18,-2.22,5,1.92,-4.14,-4.99,1.94,0,0,7.08,예,2014-11-20,2025-11-20,판정 안 함
KODEX 200,11,위,-6.0,최근 10년,10,-4.49,-0.45,50.0,0.596,62.68,-12.68,1.32,-2.22,5,1.92,-4.14,-4.99,2.04,0,0,7.3,예,2016-11-18,2025-11-20,판정 안 함
KODEX 200,11,위,-6.0,최근 5년,5,-4.67,-0.93,40.0,0.49,67.12,-27.12,1.13,-2.31,3,1.16,-4.14,-4.99,2.2,0,0,7.2,아니오,2021-11-19,2025-11-20,판정 안 함
KODEX 200,11,위,-7.0,전체,24,31.68,1.32,70.83,1.256,44.32,26.51,2.77,-2.21,7,15.0,-4.14,-6.31,3.76,0,0,7.12,예,2002-11-20,2025-11-20,후보
KODEX 200,11,위,-7.0,앞 절반,12,34.52,2.88,83.33,1.789,35.85,47.48,3.89,-2.17,2,15.0,-4.13,-6.31,4.53,0,0,7.17,예,2002-11-20,2013-11-20,판정 안 함
KODEX 200,11,위,-7.0,뒤 절반,12,-2.84,-0.24,58.33,0.531,65.3,-6.97,1.18,-2.22,5,1.92,-4.14,-4.99,1.94,0,0,7.08,예,2014-11-20,2025-11-20,판정 안 함
KODEX 200,11,위,-7.0,최근 10년,10,-4.49,-0.45,50.0,0.596,62.68,-12.68,1.32,-2.22,5,1.92,-4.14,-4.99,2.04,0,0,7.3,예,2016-11-18,2025-11-20,판정 안 함
KODEX 200,11,위,-7.0,최근 5년,5,-4.67,-0.93,40.0,0.49,67.12,-27.12,1.13,-2.31,3,1.16,-4.14,-4.99,2.2,0,0,7.2,아니오,2021-11-19,2025-11-20,판정 안 함
KODEX 200,11,위,-8.0,전체,24,31.68,1.32,70.83,1.256,44.32,26.51,2.77,-2.21,7,15.0,-4.14,-6.31,3.76,0,0,7.12,예,2002-11-20,2025-11-20,후보
KODEX 200,11,위,-8.0,앞 절반,12,34.52,2.88,83.33,1.789,35.85,47.48,3.89,-2.17,2,15.0,-4.13,-6.31,4.53,0,0,7.17,예,2002-11-20,2013-11-20,판정 안 함
KODEX 200,11,위,-8.0,뒤 절반,12,-2.84,-0.24,58.33,0.531,65.3,-6.97,1.18,-2.22,5,1.92,-4.14,-4.99,1.94,0,0,7.08,예,2014-11-20,2025-11-20,판정 안 함
KODEX 200,11,위,-8.0,최근 10년,10,-4.49,-0.45,50.0,0.596,62.68,-12.68,1.32,-2.22,5,1.92,-4.14,-4.99,2.04,0,0,7.3,예,2016-11-18,2025-11-20,판정 안 함
KODEX 200,11,위,-8.0,최근 5년,5,-4.67,-0.93,40.0,0.49,67.12,-27.12,1.13,-2.31,3,1.16,-4.14,-4.99,2.2,0,0,7.2,아니오,2021-11-19,2025-11-20,판정 안 함
KODEX 200,11,위,-9.0,전체,24,31.68,1.32,70.83,1.256,44.32,26.51,2.77,-2.21,7,15.0,-4.14,-6.31,3.76,0,0,7.12,예,2002-11-20,2025-11-20,후보
KODEX 200,11,위,-9.0,앞 절반,12,34.52,2.88,83.33,1.789,35.85,47.48,3.89,-2.17,2,15.0,-4.13,-6.31,4.53,0,0,7.17,예,2002-11-20,2013-11-20,판정 안 함
KODEX 200,11,위,-9.0,뒤 절반,12,-2.84,-0.24,58.33,0.531,65.3,-6.97,1.18,-2.22,5,1.92,-4.14,-4.99,1.94,0,0,7.08,예,2014-11-20,2025-11-20,판정 안 함
KODEX 200,11,위,-9.0,최근 10년,10,-4.49,-0.45,50.0,0.596,62.68,-12.68,1.32,-2.22,5,1.92,-4.14,-4.99,2.04,0,0,7.3,예,2016-11-18,2025-11-20,판정 안 함
KODEX 200,11,위,-9.0,최근 5년,5,-4.67,-0.93,40.0,0.49,67.12,-27.12,1.13,-2.31,3,1.16,-4.14,-4.99,2.2,0,0,7.2,아니오,2021-11-19,2025-11-20,판정 안 함
KODEX 200,11,위,-10.0,전체,24,31.68,1.32,70.83,1.256,44.32,26.51,2.77,-2.21,7,15.0,-4.14,-6.31,3.76,0,0,7.12,예,2002-11-20,2025-11-20,후보
KODEX 200,11,위,-10.0,앞 절반,12,34.52,2.88,83.33,1.789,35.85,47.48,3.89,-2.17,2,15.0,-4.13,-6.31,4.53,0,0,7.17,예,2002-11-20,2013-11-20,판정 안 함
KODEX 200,11,위,-10.0,뒤 절반,12,-2.84,-0.24,58.33,0.531,65.3,-6.97,1.18,-2.22,5,1.92,-4.14,-4.99,1.94,0,0,7.08,예,2014-11-20,2025-11-20,판정 안 함
KODEX 200,11,위,-10.0,최근 10년,10,-4.49,-0.45,50.0,0.596,62.68,-12.68,1.32,-2.22,5,1.92,-4.14,-4.99,2.04,0,0,7.3,예,2016-11-18,2025-11-20,판정 안 함
KODEX 200,11,위,-10.0,최근 5년,5,-4.67,-0.93,40.0,0.49,67.12,-27.12,1.13,-2.31,3,1.16,-4.14,-4.99,2.2,0,0,7.2,아니오,2021-11-19,2025-11-20,판정 안 함
KODEX 200,11,위,무손절,전체,24,31.68,1.32,70.83,1.256,44.32,26.51,2.77,-2.21,7,15.0,-4.14,-6.31,3.76,0,0,7.12,예,2002-11-20,2025-11-20,후보
KODEX 200,11,위,무손절,앞 절반,12,34.52,2.88,83.33,1.789,35.85,47.48,3.89,-2.17,2,15.0,-4.13,-6.31,4.53,0,0,7.17,예,2002-11-20,2013-11-20,판정 안 함
KODEX 200,11,위,무손절,뒤 절반,12,-2.84,-0.24,58.33,0.531,65.3,-6.97,1.18,-2.22,5,1.92,-4.14,-4.99,1.94,0,0,7.08,예,2014-11-20,2025-11-20,판정 안 함
KODEX 200,11,위,무손절,최근 10년,10,-4.49,-0.45,50.0,0.596,62.68,-12.68,1.32,-2.22,5,1.92,-4.14,-4.99,2.04,0,0,7.3,예,2016-11-18,2025-11-20,판정 안 함
KODEX 200,11,위,무손절,최근 5년,5,-4.67,-0.93,40.0,0.49,67.12,-27.12,1.13,-2.31,3,1.16,-4.14,-4.99,2.2,0,0,7.2,아니오,2021-11-19,2025-11-20,판정 안 함
KODEX 200,12,아래,-3.0,전체,24,-20.57,-0.86,16.67,2.148,30.45,-13.78,4.24,-1.98,19,10.06,-3.0,-3.0,2.99,0,8,5.29,예,2002-12-20,2025-12-19,제외
KODEX 200,12,아래,-3.0,앞 절반,12,-9.1,-0.76,16.67,3.026,24.84,-8.17,6.97,-2.3,10,10.06,-3.0,-3.0,3.95,0,5,5.08,예,2002-12-20,2013-12-20,판정 안 함
KODEX 200,12,아래,-3.0,뒤 절반,12,-11.47,-0.96,16.67,0.941,47.22,-30.55,1.52,-1.61,9,2.79,-3.0,-3.0,1.75,0,3,5.5,예,2014-12-19,2025-12-19,판정 안 함
KODEX 200,12,아래,-3.0,최근 10년,10,-11.71,-1.17,10.0,1.732,36.6,-26.6,2.79,-1.61,9,2.79,-3.0,-3.0,1.85,0,3,5.3,예,2016-12-20,2025-12-19,판정 안 함
KODEX 200,12,아래,-3.0,최근 5년,5,-6.66,-1.33,20.0,1.181,45.85,-25.85,2.79,-2.36,4,2.79,-3.0,-3.0,2.52,0,2,5.2,아니오,2021-12-20,2025-12-19,판정 안 함
KODEX 200,12,아래,-4.0,전체,24,-25.83,-1.08,16.67,1.884,33.23,-16.56,4.24,-2.25,19,10.06,-4.04,-4.04,3.19,1,5,5.67,예,2002-12-20,2025-12-19,제외
KODEX 200,12,아래,-4.0,앞 절반,12,-13.43,-1.12,16.67,2.547,28.2,-11.53,6.97,-2.74,10,10.06,-4.04,-4.04,4.19,1,3,5.5,예,2002-12-20,2013-12-20,판정 안 함
KODEX 200,12,아래,-4.0,뒤 절반,12,-12.4,-1.03,16.67,0.885,48.64,-31.97,1.52,-1.72,9,2.79,-4.0,-4.0,1.92,0,2,5.83,예,2014-12-19,2025-12-19,판정 안 함
KODEX 200,12,아래,-4.0,최근 10년,10,-12.64,-1.26,10.0,1.628,38.06,-28.06,2.79,-1.72,9,2.79,-4.0,-4.0,2.03,0,2,5.7,예,2016-12-20,2025-12-19,판정 안 함
KODEX 200,12,아래,-4.0,최근 5년,5,-6.59,-1.32,20.0,1.19,45.66,-25.66,2.79,-2.35,4,2.79,-4.0,-4.0,2.61,0,1,5.8,아니오,2021-12-20,2025-12-19,판정 안 함
KODEX 200,12,아래,-5.0,전체,24,-29.28,-1.22,16.67,1.743,34.94,-18.27,4.24,-2.43,19,10.06,-5.0,-5.0,3.36,0,4,6.04,예,2002-12-20,2025-12-19,제외
KODEX 200,12,아래,-5.0,앞 절반,12,-14.88,-1.24,16.67,2.418,29.25,-12.58,6.97,-2.88,10,10.06,-5.0,-5.0,4.32,0,2,6.08,예,2002-12-20,2013-12-20,판정 안 함
KODEX 200,12,아래,-5.0,뒤 절반,12,-14.4,-1.2,16.67,0.783,51.41,-34.74,1.52,-1.94,9,2.79,-5.0,-5.0,2.22,0,2,6.0,예,2014-12-19,2025-12-19,판정 안 함
KODEX 200,12,아래,-5.0,최근 10년,10,-14.64,-1.46,10.0,1.441,40.97,-30.97,2.79,-1.94,9,2.79,-5.0,-5.0,2.35,0,2,5.9,예,2016-12-20,2025-12-19,판정 안 함
KODEX 200,12,아래,-5.0,최근 5년,5,-7.59,-1.52,20.0,1.075,48.19,-28.19,2.79,-2.6,4,2.79,-5.0,-5.0,2.89,0,1,6.0,아니오,2021-12-20,2025-12-19,판정 안 함
KODEX 200,12,아래,-6.0,전체,24,-30.21,-1.26,16.67,1.709,35.38,-18.71,4.24,-2.48,19,10.06,-6.0,-6.0,3.42,0,2,6.08,예,2002-12-20,2025-12-19,제외
KODEX 200,12,아래,-6.0,앞 절반,12,-13.81,-1.15,16.67,2.512,28.47,-11.8,6.97,-2.77,10,10.06,-5.02,-5.43,4.24,0,0,6.17,예,2002-12-20,2013-12-20,판정 안 함
KODEX 200,12,아래,-6.0,뒤 절반,12,-16.4,-1.37,16.67,0.703,53.84,-37.17,1.52,-2.16,9,2.79,-6.0,-6.0,2.54,0,2,6.0,예,2014-12-19,2025-12-19,판정 안 함
KODEX 200,12,아래,-6.0,최근 10년,10,-16.64,-1.66,10.0,1.293,43.62,-33.62,2.79,-2.16,9,2.79,-6.0,-6.0,2.7,0,2,5.9,예,2016-12-20,2025-12-19,판정 안 함
KODEX 200,12,아래,-6.0,최근 5년,5,-8.59,-1.72,20.0,0.981,50.48,-30.48,2.79,-2.85,4,2.79,-6.0,-6.0,3.21,0,1,6.0,아니오,2021-12-20,2025-12-19,판정 안 함
KODEX 200,12,아래,-7.0,전체,24,-31.53,-1.31,16.67,1.662,36.0,-19.33,4.24,-2.55,19,10.06,-7.0,-7.0,3.51,0,1,6.12,예,2002-12-20,2025-12-19,제외
KODEX 200,12,아래,-7.0,앞 절반,12,-13.81,-1.15,16.67,2.512,28.47,-11.8,6.97,-2.77,10,10.06,-5.02,-5.43,4.24,0,0,6.17,예,2002-12-20,2013-12-20,판정 안 함
KODEX 200,12,아래,-7.0,뒤 절반,12,-17.73,-1.48,16.67,0.658,55.3,-38.63,1.52,-2.31,9,2.79,-7.0,-7.0,2.76,0,1,6.08,예,2014-12-19,2025-12-19,판정 안 함
KODEX 200,12,아래,-7.0,최근 10년,10,-17.97,-1.8,10.0,1.21,45.24,-35.24,2.79,-2.31,9,2.79,-7.0,-7.0,2.94,0,1,6.0,예,2016-12-20,2025-12-19,판정 안 함
KODEX 200,12,아래,-7.0,최근 5년,5,-9.59,-1.92,20.0,0.902,52.59,-32.59,2.79,-3.1,4,2.79,-7.0,-7.0,3.56,0,1,6.2,아니오,2021-12-20,2025-12-19,판정 안 함
KODEX 200,12,아래,-8.0,전체,24,-31.14,-1.3,16.67,1.676,35.82,-19.15,4.24,-2.53,19,10.06,-6.61,-7.03,3.48,0,0,6.12,예,2002-12-20,2025-12-19,제외
KODEX 200,12,아래,-8.0,앞 절반,12,-13.81,-1.15,16.67,2.512,28.47,-11.8,6.97,-2.77,10,10.06,-5.02,-5.43,4.24,0,0,6.17,예,2002-12-20,2013-12-20,판정 안 함
KODEX 200,12,아래,-8.0,뒤 절반,12,-17.34,-1.44,16.67,0.67,54.88,-38.21,1.52,-2.26,9,2.79,-6.61,-7.03,2.7,0,0,6.08,예,2014-12-19,2025-12-19,판정 안 함
KODEX 200,12,아래,-8.0,최근 10년,10,-17.58,-1.76,10.0,1.233,44.77,-34.77,2.79,-2.26,9,2.79,-6.61,-7.03,2.87,0,0,6.0,예,2016-12-20,2025-12-19,판정 안 함
KODEX 200,12,아래,-8.0,최근 5년,5,-9.2,-1.84,20.0,0.931,51.78,-31.78,2.79,-3.0,4,2.79,-6.61,-7.03,3.42,0,0,6.2,아니오,2021-12-20,2025-12-19,판정 안 함
KODEX 200,12,아래,-9.0,전체,24,-31.14,-1.3,16.67,1.676,35.82,-19.15,4.24,-2.53,19,10.06,-6.61,-7.03,3.48,0,0,6.12,예,2002-12-20,2025-12-19,제외
KODEX 200,12,아래,-9.0,앞 절반,12,-13.81,-1.15,16.67,2.512,28.47,-11.8,6.97,-2.77,10,10.06,-5.02,-5.43,4.24,0,0,6.17,예,2002-12-20,2013-12-20,판정 안 함
KODEX 200,12,아래,-9.0,뒤 절반,12,-17.34,-1.44,16.67,0.67,54.88,-38.21,1.52,-2.26,9,2.79,-6.61,-7.03,2.7,0,0,6.08,예,2014-12-19,2025-12-19,판정 안 함
KODEX 200,12,아래,-9.0,최근 10년,10,-17.58,-1.76,10.0,1.233,44.77,-34.77,2.79,-2.26,9,2.79,-6.61,-7.03,2.87,0,0,6.0,예,2016-12-20,2025-12-19,판정 안 함
KODEX 200,12,아래,-9.0,최근 5년,5,-9.2,-1.84,20.0,0.931,51.78,-31.78,2.79,-3.0,4,2.79,-6.61,-7.03,3.42,0,0,6.2,아니오,2021-12-20,2025-12-19,판정 안 함
KODEX 200,12,아래,-10.0,전체,24,-31.14,-1.3,16.67,1.676,35.82,-19.15,4.24,-2.53,19,10.06,-6.61,-7.03,3.48,0,0,6.12,예,2002-12-20,2025-12-19,제외
KODEX 200,12,아래,-10.0,앞 절반,12,-13.81,-1.15,16.67,2.512,28.47,-11.8,6.97,-2.77,10,10.06,-5.02,-5.43,4.24,0,0,6.17,예,2002-12-20,2013-12-20,판정 안 함
KODEX 200,12,아래,-10.0,뒤 절반,12,-17.34,-1.44,16.67,0.67,54.88,-38.21,1.52,-2.26,9,2.79,-6.61,-7.03,2.7,0,0,6.08,예,2014-12-19,2025-12-19,판정 안 함
KODEX 200,12,아래,-10.0,최근 10년,10,-17.58,-1.76,10.0,1.233,44.77,-34.77,2.79,-2.26,9,2.79,-6.61,-7.03,2.87,0,0,6.0,예,2016-12-20,2025-12-19,판정 안 함
KODEX 200,12,아래,-10.0,최근 5년,5,-9.2,-1.84,20.0,0.931,51.78,-31.78,2.79,-3.0,4,2.79,-6.61,-7.03,3.42,0,0,6.2,아니오,2021-12-20,2025-12-19,판정 안 함
KODEX 200,12,아래,무손절,전체,24,-31.14,-1.3,16.67,1.676,35.82,-19.15,4.24,-2.53,19,10.06,-6.61,-7.03,3.48,0,0,6.12,예,2002-12-20,2025-12-19,제외
KODEX 200,12,아래,무손절,앞 절반,12,-13.81,-1.15,16.67,2.512,28.47,-11.8,6.97,-2.77,10,10.06,-5.02,-5.43,4.24,0,0,6.17,예,2002-12-20,2013-12-20,판정 안 함
KODEX 200,12,아래,무손절,뒤 절반,12,-17.34,-1.44,16.67,0.67,54.88,-38.21,1.52,-2.26,9,2.79,-6.61,-7.03,2.7,0,0,6.08,예,2014-12-19,2025-12-19,판정 안 함
KODEX 200,12,아래,무손절,최근 10년,10,-17.58,-1.76,10.0,1.233,44.77,-34.77,2.79,-2.26,9,2.79,-6.61,-7.03,2.87,0,0,6.0,예,2016-12-20,2025-12-19,판정 안 함
KODEX 200,12,아래,무손절,최근 5년,5,-9.2,-1.84,20.0,0.931,51.78,-31.78,2.79,-3.0,4,2.79,-6.61,-7.03,3.42,0,0,6.2,아니오,2021-12-20,2025-12-19,판정 안 함
KODEX 200,12,위,-3.0,전체,24,38.99,1.62,79.17,1.11,45.43,33.74,2.53,-2.28,4,6.61,-3.09,-3.09,2.62,1,1,5.83,예,2002-12-20,2025-12-19,후보
KODEX 200,12,위,-3.0,앞 절반,12,21.65,1.8,83.33,0.911,52.34,30.99,2.77,-3.05,2,5.02,-3.09,-3.09,2.65,1,1,5.58,예,2002-12-20,2013-12-20,판정 안 함
KODEX 200,12,위,-3.0,뒤 절반,12,17.34,1.44,75.0,1.492,36.79,38.21,2.26,-1.52,2,6.61,-2.79,-2.79,2.7,0,0,6.08,예,2014-12-19,2025-12-19,판정 안 함
KODEX 200,12,위,-3.0,최근 10년,10,17.58,1.76,90.0,0.811,55.23,34.77,2.26,-2.79,1,6.61,-2.79,-2.79,2.87,0,0,6.0,예,2016-12-20,2025-12-19,판정 안 함
KODEX 200,12,위,-3.0,최근 5년,5,9.2,1.84,80.0,1.074,48.22,31.78,3.0,-2.79,1,6.61,-2.79,-2.79,3.42,0,0,6.2,아니오,2021-12-20,2025-12-19,판정 안 함
KODEX 200,12,위,-4.0,전체,24,37.08,1.55,79.17,0.918,49.97,29.2,2.53,-2.76,4,6.61,-4.0,-4.0,2.78,0,2,5.88,예,2002-12-20,2025-12-19,후보
KODEX 200,12,위,-4.0,앞 절반,12,19.74,1.65,83.33,0.694,59.05,24.28,2.77,-4.0,2,5.02,-4.0,-4.0,2.97,0,2,5.67,예,2002-12-20,2013-12-20,판정 안 함
KODEX 200,12,위,-4.0,뒤 절반,12,17.34,1.44,75.0,1.492,36.79,38.21,2.26,-1.52,2,6.61,-2.79,-2.79,2.7,0,0,6.08,예,2014-12-19,2025-12-19,판정 안 함
KODEX 200,12,위,-4.0,최근 10년,10,17.58,1.76,90.0,0.811,55.23,34.77,2.26,-2.79,1,6.61,-2.79,-2.79,2.87,0,0,6.0,예,2016-12-20,2025-12-19,판정 안 함
KODEX 200,12,위,-4.0,최근 5년,5,9.2,1.84,80.0,1.074,48.22,31.78,3.0,-2.79,1,6.61,-2.79,-2.79,3.42,0,0,6.2,아니오,2021-12-20,2025-12-19,판정 안 함
KODEX 200,12,위,-5.0,전체,24,35.08,1.46,79.17,0.777,53.93,25.24,2.53,-3.26,4,6.61,-5.0,-5.0,2.96,0,2,5.92,예,2002-12-20,2025-12-19,후보
KODEX 200,12,위,-5.0,앞 절반,12,17.74,1.48,83.33,0.555,64.31,19.02,2.77,-5.0,2,5.02,-5.0,-5.0,3.32,0,2,5.75,예,2002-12-20,2013-12-20,판정 안 함
KODEX 200,12,위,-5.0,뒤 절반,12,17.34,1.44,75.0,1.492,36.79,38.21,2.26,-1.52,2,6.61,-2.79,-2.79,2.7,0,0,6.08,예,2014-12-19,2025-12-19,판정 안 함
KODEX 200,12,위,-5.0,최근 10년,10,17.58,1.76,90.0,0.811,55.23,34.77,2.26,-2.79,1,6.61,-2.79,-2.79,2.87,0,0,6.0,예,2016-12-20,2025-12-19,판정 안 함
KODEX 200,12,위,-5.0,최근 5년,5,9.2,1.84,80.0,1.074,48.22,31.78,3.0,-2.79,1,6.61,-2.79,-2.79,3.42,0,0,6.2,아니오,2021-12-20,2025-12-19,판정 안 함
KODEX 200,12,위,-6.0,전체,24,33.08,1.38,79.17,0.674,57.26,21.91,2.53,-3.76,4,6.61,-6.0,-6.0,3.16,0,2,6.0,예,2002-12-20,2025-12-19,후보
KODEX 200,12,위,-6.0,앞 절반,12,15.74,1.31,83.33,0.462,68.38,14.95,2.77,-6.0,2,5.02,-6.0,-6.0,3.68,0,2,5.92,예,2002-12-20,2013-12-20,판정 안 함
KODEX 200,12,위,-6.0,뒤 절반,12,17.34,1.44,75.0,1.492,36.79,38.21,2.26,-1.52,2,6.61,-2.79,-2.79,2.7,0,0,6.08,예,2014-12-19,2025-12-19,판정 안 함
KODEX 200,12,위,-6.0,최근 10년,10,17.58,1.76,90.0,0.811,55.23,34.77,2.26,-2.79,1,6.61,-2.79,-2.79,2.87,0,0,6.0,예,2016-12-20,2025-12-19,판정 안 함
KODEX 200,12,위,-6.0,최근 5년,5,9.2,1.84,80.0,1.074,48.22,31.78,3.0,-2.79,1,6.61,-2.79,-2.79,3.42,0,0,6.2,아니오,2021-12-20,2025-12-19,판정 안 함
KODEX 200,12,위,-7.0,전체,24,34.02,1.42,79.17,0.718,55.77,23.4,2.53,-3.53,4,6.61,-7.18,-7.18,3.1,1,0,6.12,예,2002-12-20,2025-12-19,후보
KODEX 200,12,위,-7.0,앞 절반,12,16.68,1.39,83.33,0.501,66.6,16.73,2.77,-5.53,2,5.02,-7.18,-7.18,3.58,1,0,6.17,예,2002-12-20,2013-12-20,판정 안 함
KODEX 200,12,위,-7.0,뒤 절반,12,17.34,1.44,75.0,1.492,36.79,38.21,2.26,-1.52,2,6.61,-2.79,-2.79,2.7,0,0,6.08,예,2014-12-19,2025-12-19,판정 안 함
KODEX 200,12,위,-7.0,최근 10년,10,17.58,1.76,90.0,0.811,55.23,34.77,2.26,-2.79,1,6.61,-2.79,-2.79,2.87,0,0,6.0,예,2016-12-20,2025-12-19,판정 안 함
KODEX 200,12,위,-7.0,최근 5년,5,9.2,1.84,80.0,1.074,48.22,31.78,3.0,-2.79,1,6.61,-2.79,-2.79,3.42,0,0,6.2,아니오,2021-12-20,2025-12-19,판정 안 함
KODEX 200,12,위,-8.0,전체,24,33.2,1.38,79.17,0.679,57.08,22.09,2.53,-3.73,4,6.61,-8.0,-8.0,3.2,0,1,6.12,예,2002-12-20,2025-12-19,후보
KODEX 200,12,위,-8.0,앞 절반,12,15.86,1.32,83.33,0.467,68.17,15.16,2.77,-5.94,2,5.02,-8.0,-8.0,3.76,0,1,6.17,예,2002-12-20,2013-12-20,판정 안 함
KODEX 200,12,위,-8.0,뒤 절반,12,17.34,1.44,75.0,1.492,36.79,38.21,2.26,-1.52,2,6.61,-2.79,-2.79,2.7,0,0,6.08,예,2014-12-19,2025-12-19,판정 안 함
KODEX 200,12,위,-8.0,최근 10년,10,17.58,1.76,90.0,0.811,55.23,34.77,2.26,-2.79,1,6.61,-2.79,-2.79,2.87,0,0,6.0,예,2016-12-20,2025-12-19,판정 안 함
KODEX 200,12,위,-8.0,최근 5년,5,9.2,1.84,80.0,1.074,48.22,31.78,3.0,-2.79,1,6.61,-2.79,-2.79,3.42,0,0,6.2,아니오,2021-12-20,2025-12-19,판정 안 함
KODEX 200,12,위,-9.0,전체,24,32.2,1.34,79.17,0.636,58.57,20.6,2.53,-3.98,4,6.61,-9.0,-9.0,3.33,0,1,6.12,예,2002-12-20,2025-12-19,후보
KODEX 200,12,위,-9.0,앞 절반,12,14.86,1.24,83.33,0.431,69.9,13.43,2.77,-6.44,2,5.02,-9.0,-9.0,3.99,0,1,6.17,예,2002-12-20,2013-12-20,판정 안 함
KODEX 200,12,위,-9.0,뒤 절반,12,17.34,1.44,75.0,1.492,36.79,38.21,2.26,-1.52,2,6.61,-2.79,-2.79,2.7,0,0,6.08,예,2014-12-19,2025-12-19,판정 안 함
KODEX 200,12,위,-9.0,최근 10년,10,17.58,1.76,90.0,0.811,55.23,34.77,2.26,-2.79,1,6.61,-2.79,-2.79,2.87,0,0,6.0,예,2016-12-20,2025-12-19,판정 안 함
KODEX 200,12,위,-9.0,최근 5년,5,9.2,1.84,80.0,1.074,48.22,31.78,3.0,-2.79,1,6.61,-2.79,-2.79,3.42,0,0,6.2,아니오,2021-12-20,2025-12-19,판정 안 함
KODEX 200,12,위,-10.0,전체,24,31.2,1.3,79.17,0.599,59.94,19.23,2.53,-4.23,4,6.61,-10.0,-10.0,3.47,0,1,6.12,예,2002-12-20,2025-12-19,후보
KODEX 200,12,위,-10.0,앞 절반,12,13.86,1.16,83.33,0.4,71.45,11.88,2.77,-6.94,2,5.02,-10.0,-10.0,4.23,0,1,6.17,예,2002-12-20,2013-12-20,판정 안 함
KODEX 200,12,위,-10.0,뒤 절반,12,17.34,1.44,75.0,1.492,36.79,38.21,2.26,-1.52,2,6.61,-2.79,-2.79,2.7,0,0,6.08,예,2014-12-19,2025-12-19,판정 안 함
KODEX 200,12,위,-10.0,최근 10년,10,17.58,1.76,90.0,0.811,55.23,34.77,2.26,-2.79,1,6.61,-2.79,-2.79,2.87,0,0,6.0,예,2016-12-20,2025-12-19,판정 안 함
KODEX 200,12,위,-10.0,최근 5년,5,9.2,1.84,80.0,1.074,48.22,31.78,3.0,-2.79,1,6.61,-2.79,-2.79,3.42,0,0,6.2,아니오,2021-12-20,2025-12-19,판정 안 함
KODEX 200,12,위,무손절,전체,24,31.14,1.3,79.17,0.597,60.02,19.15,2.53,-4.24,4,6.61,-10.06,-12.04,3.48,0,0,6.12,예,2002-12-20,2025-12-19,후보
KODEX 200,12,위,무손절,앞 절반,12,13.81,1.15,83.33,0.398,71.53,11.8,2.77,-6.97,2,5.02,-10.06,-12.04,4.24,0,0,6.17,예,2002-12-20,2013-12-20,판정 안 함
KODEX 200,12,위,무손절,뒤 절반,12,17.34,1.44,75.0,1.492,36.79,38.21,2.26,-1.52,2,6.61,-2.79,-2.79,2.7,0,0,6.08,예,2014-12-19,2025-12-19,판정 안 함
KODEX 200,12,위,무손절,최근 10년,10,17.58,1.76,90.0,0.811,55.23,34.77,2.26,-2.79,1,6.61,-2.79,-2.79,2.87,0,0,6.0,예,2016-12-20,2025-12-19,판정 안 함
KODEX 200,12,위,무손절,최근 5년,5,9.2,1.84,80.0,1.074,48.22,31.78,3.0,-2.79,1,6.61,-2.79,-2.79,3.42,0,0,6.2,아니오,2021-12-20,2025-12-19,판정 안 함
코스피200 지수,1,아래,손절불가,전체,37,2.43,0.07,51.35,0.983,50.43,0.92,3.56,-3.62,18,6.89,-8.46,-9.92,4.44,0,0,7.32,예,1990-01-20,2026-01-20,판정 안 함
코스피200 지수,1,아래,손절불가,앞 절반,18,-6.95,-0.39,55.56,0.665,60.06,-4.5,3.42,-5.15,8,6.81,-7.6,-9.92,4.9,0,0,7.67,예,1990-01-20,2007-01-19,판정 안 함
코스피200 지수,1,아래,손절불가,뒤 절반,19,9.38,0.49,47.37,1.547,39.27,8.1,3.7,-2.39,10,6.89,-8.46,-8.46,4.03,0,0,7.0,예,2008-01-18,2026-01-20,판정 안 함
코스피200 지수,1,아래,손절불가,최근 10년,10,1.43,0.14,40.0,1.633,37.98,2.02,4.39,-2.69,6,6.89,-8.46,-8.46,4.68,0,0,6.8,예,2017-01-20,2026-01-20,판정 안 함
코스피200 지수,1,아래,손절불가,최근 5년,5,-3.9,-0.78,40.0,0.913,52.28,-12.28,3.03,-3.32,3,5.89,-8.46,-8.46,5.11,0,0,6.4,아니오,2022-01-20,2026-01-20,판정 안 함
코스피200 지수,1,위,손절불가,전체,37,-2.43,-0.07,48.65,1.018,49.57,-0.92,3.62,-3.56,19,8.46,-6.89,-13.32,4.44,0,0,7.32,예,1990-01-20,2026-01-20,판정 안 함
코스피200 지수,1,위,손절불가,앞 절반,18,6.95,0.39,44.44,1.503,39.94,4.5,5.15,-3.42,10,7.6,-6.81,-13.32,4.9,0,0,7.67,예,1990-01-20,2007-01-19,판정 안 함
코스피200 지수,1,위,손절불가,뒤 절반,19,-9.38,-0.49,52.63,0.647,60.73,-8.1,2.39,-3.7,9,8.46,-6.89,-8.36,4.03,0,0,7.0,예,2008-01-18,2026-01-20,판정 안 함
코스피200 지수,1,위,손절불가,최근 10년,10,-1.43,-0.14,60.0,0.612,62.02,-2.02,2.69,-4.39,4,8.46,-6.89,-8.36,4.68,0,0,6.8,예,2017-01-20,2026-01-20,판정 안 함
코스피200 지수,1,위,손절불가,최근 5년,5,3.9,0.78,60.0,1.096,47.72,12.28,3.32,-3.03,2,8.46,-5.89,-8.36,5.11,0,0,6.4,아니오,2022-01-20,2026-01-20,판정 안 함
코스피200 지수,2,아래,손절불가,전체,37,30.89,0.83,59.46,1.262,44.21,15.25,3.05,-2.42,15,9.65,-8.76,-9.82,3.79,0,0,6.19,예,1990-02-20,2026-02-20,판정 안 함
코스피200 지수,2,아래,손절불가,앞 절반,18,17.29,0.96,55.56,1.419,41.34,14.22,3.96,-2.79,8,6.59,-8.76,-8.76,4.14,0,0,6.5,예,1990-02-20,2007-02-20,판정 안 함
코스피200 지수,2,아래,손절불가,뒤 절반,19,13.61,0.72,63.16,1.152,46.48,16.68,2.3,-2.0,7,9.65,-8.58,-9.82,3.53,0,0,5.89,예,2008-02-20,2026-02-20,판정 안 함
코스피200 지수,2,아래,손절불가,최근 10년,10,14.68,1.47,70.0,1.151,46.49,23.51,3.34,-2.9,3,9.65,-8.58,-9.82,4.58,0,0,5.9,예,2017-02-20,2026-02-20,판정 안 함
코스피200 지수,2,아래,손절불가,최근 5년,5,0.95,0.19,80.0,0.278,78.27,1.73,2.38,-8.58,1,5.08,-8.58,-9.82,5.19,0,0,6.0,아니오,2022-02-18,2026-02-20,판정 안 함
코스피200 지수,2,위,손절불가,전체,37,-30.89,-0.83,40.54,0.792,55.79,-15.25,2.42,-3.05,22,8.76,-9.65,-9.65,3.79,0,0,6.19,예,1990-02-20,2026-02-20,판정 안 함
코스피200 지수,2,위,손절불가,앞 절반,18,-17.29,-0.96,44.44,0.705,58.66,-14.22,2.79,-3.96,10,8.76,-6.59,-7.71,4.14,0,0,6.5,예,1990-02-20,2007-02-20,판정 안 함
코스피200 지수,2,위,손절불가,뒤 절반,19,-13.61,-0.72,36.84,0.868,53.52,-16.68,2.0,-2.3,12,8.58,-9.65,-9.65,3.53,0,0,5.89,예,2008-02-20,2026-02-20,판정 안 함
코스피200 지수,2,위,손절불가,최근 10년,10,-14.68,-1.47,30.0,0.869,53.51,-23.51,2.9,-3.34,7,8.58,-9.65,-9.65,4.58,0,0,5.9,예,2017-02-20,2026-02-20,판정 안 함
코스피200 지수,2,위,손절불가,최근 5년,5,-0.95,-0.19,20.0,3.601,21.73,-1.73,8.58,-2.38,4,8.58,-5.08,-5.08,5.19,0,0,6.0,아니오,2022-02-18,2026-02-20,판정 안 함
코스피200 지수,3,아래,손절불가,전체,37,-1.84,-0.05,45.95,1.138,46.78,-0.83,3.16,-2.78,20,13.67,-10.83,-10.83,4.32,0,0,8.16,예,1990-03-20,2026-03-20,판정 안 함
코스피200 지수,3,아래,손절불가,앞 절반,18,14.53,0.81,55.56,1.606,38.37,17.19,2.89,-1.8,8,8.81,-6.3,-8.04,3.32,0,0,8.61,예,1990-03-20,2007-03-20,판정 안 함
코스피200 지수,3,아래,손절불가,뒤 절반,19,-16.37,-0.86,36.84,1.033,49.18,-12.34,3.55,-3.43,12,13.67,-10.83,-10.83,5.05,0,0,7.74,예,2008-03-20,2026-03-20,판정 안 함
코스피200 지수,3,아래,손절불가,최근 10년,10,3.72,0.37,50.0,1.192,45.63,4.37,4.63,-3.88,5,13.67,-10.83,-10.83,6.43,0,0,7.8,예,2017-03-20,2026-03-20,판정 안 함
코스피200 지수,3,아래,손절불가,최근 5년,5,11.57,2.31,40.0,3.651,21.5,18.5,9.82,-2.69,3,13.67,-4.05,-4.05,7.46,0,0,7.8,아니오,2022-03-18,2026-03-20,판정 안 함
코스피200 지수,3,위,손절불가,전체,37,1.84,0.05,54.05,0.879,53.22,0.83,2.78,-3.16,17,10.83,-13.67,-13.67,4.32,0,0,8.16,예,1990-03-20,2026-03-20,판정 안 함
코스피200 지수,3,위,손절불가,앞 절반,18,-14.53,-0.81,44.44,0.623,61.63,-17.19,1.8,-2.89,10,6.3,-8.81,-8.81,3.32,0,0,8.61,예,1990-03-20,2007-03-20,판정 안 함
코스피200 지수,3,위,손절불가,뒤 절반,19,16.37,0.86,63.16,0.968,50.82,12.34,3.43,-3.55,7,10.83,-13.67,-13.67,5.05,0,0,7.74,예,2008-03-20,2026-03-20,판정 안 함
코스피200 지수,3,위,손절불가,최근 10년,10,-3.72,-0.37,50.0,0.839,54.37,-4.37,3.88,-4.63,5,10.83,-13.67,-13.67,6.43,0,0,7.8,예,2017-03-20,2026-03-20,판정 안 함
코스피200 지수,3,위,손절불가,최근 5년,5,-11.57,-2.31,60.0,0.274,78.5,-18.5,2.69,-9.82,2,4.05,-13.67,-13.67,7.46,0,0,7.8,아니오,2022-03-18,2026-03-20,판정 안 함
코스피200 지수,4,아래,손절불가,전체,37,0.01,0.0,45.95,1.177,45.94,0.01,3.18,-2.7,20,10.24,-6.03,-7.57,3.72,0,0,7.46,예,1990-04-20,2026-04-20,판정 안 함
코스피200 지수,4,아래,손절불가,앞 절반,18,22.32,1.24,55.56,1.609,38.33,17.23,4.44,-2.76,8,10.24,-5.29,-5.29,4.5,0,0,7.72,예,1990-04-20,2007-04-20,판정 안 함
코스피200 지수,4,아래,손절불가,뒤 절반,19,-22.3,-1.17,36.84,0.519,65.81,-28.97,1.39,-2.67,12,2.82,-6.03,-7.57,2.36,0,0,7.21,예,2008-04-18,2026-04-20,판정 안 함
코스피200 지수,4,아래,손절불가,최근 10년,10,-14.62,-1.46,40.0,0.421,70.38,-30.38,1.43,-3.39,6,2.82,-6.03,-7.57,2.79,0,0,7.0,예,2017-04-20,2026-04-20,판정 안 함
코스피200 지수,4,아래,손절불가,최근 5년,5,-10.2,-2.04,40.0,0.3,76.95,-36.95,1.27,-4.25,3,1.86,-6.03,-7.57,3.25,0,0,7.2,아니오,2022-04-20,2026-04-20,판정 안 함
코스피200 지수,4,위,손절불가,전체,37,-0.01,-0.0,54.05,0.85,54.06,-0.01,2.7,-3.18,17,6.03,-10.24,-10.24,3.72,0,0,7.46,예,1990-04-20,2026-04-20,판정 안 함
코스피200 지수,4,위,손절불가,앞 절반,18,-22.32,-1.24,44.44,0.621,61.67,-17.23,2.76,-4.44,10,5.29,-10.24,-10.24,4.5,0,0,7.72,예,1990-04-20,2007-04-20,판정 안 함
코스피200 지수,4,위,손절불가,뒤 절반,19,22.3,1.17,63.16,1.925,34.19,28.97,2.67,-1.39,7,6.03,-2.82,-3.16,2.36,0,0,7.21,예,2008-04-18,2026-04-20,판정 안 함
코스피200 지수,4,위,손절불가,최근 10년,10,14.62,1.46,60.0,2.376,29.62,30.38,3.39,-1.43,4,6.03,-2.82,-3.16,2.79,0,0,7.0,예,2017-04-20,2026-04-20,판정 안 함
코스피200 지수,4,위,손절불가,최근 5년,5,10.2,2.04,60.0,3.339,23.05,36.95,4.25,-1.27,2,6.03,-1.86,-3.16,3.25,0,0,7.2,아니오,2022-04-20,2026-04-20,판정 안 함
코스피200 지수,5,아래,손절불가,전체,37,-31.94,-0.86,40.54,0.854,53.93,-13.39,2.97,-3.48,22,11.07,-19.31,-19.31,4.71,0,0,7.92,예,1990-05-19,2026-05-20,판정 안 함
코스피200 지수,5,아래,손절불가,앞 절반,18,-2.52,-0.14,44.44,1.157,46.35,-1.91,3.93,-3.4,10,11.07,-5.41,-6.18,4.62,0,0,8.39,예,1990-05-19,2007-05-18,판정 안 함
코스피200 지수,5,아래,손절불가,뒤 절반,19,-29.43,-1.55,36.84,0.528,65.45,-28.61,1.87,-3.54,12,4.14,-19.31,-19.31,4.81,0,0,7.47,예,2008-05-20,2026-05-20,판정 안 함
코스피200 지수,5,아래,손절불가,최근 10년,10,-25.77,-2.58,30.0,0.438,69.54,-39.54,1.98,-4.53,7,4.14,-19.31,-19.31,6.28,0,0,7.6,예,2017-05-19,2026-05-20,판정 안 함
코스피200 지수,5,아래,손절불가,최근 5년,5,-21.76,-4.35,20.0,0.639,61.0,-41.0,4.14,-6.48,4,4.14,-19.31,-19.31,8.84,0,0,7.4,아니오,2022-05-20,2026-05-20,판정 안 함
코스피200 지수,5,위,손절불가,전체,37,31.94,0.86,59.46,1.171,46.07,13.39,3.48,-2.97,15,19.31,-11.07,-16.73,4.71,0,0,7.92,예,1990-05-19,2026-05-20,판정 안 함
코스피200 지수,5,위,손절불가,앞 절반,18,2.52,0.14,55.56,0.864,53.65,1.91,3.4,-3.93,8,5.41,-11.07,-16.73,4.62,0,0,8.39,예,1990-05-19,2007-05-18,판정 안 함
코스피200 지수,5,위,손절불가,뒤 절반,19,29.43,1.55,63.16,1.894,34.55,28.61,3.54,-1.87,7,19.31,-4.14,-5.47,4.81,0,0,7.47,예,2008-05-20,2026-05-20,판정 안 함
코스피200 지수,5,위,손절불가,최근 10년,10,25.77,2.58,70.0,2.283,30.46,39.54,4.53,-1.98,3,19.31,-4.14,-4.14,6.28,0,0,7.6,예,2017-05-19,2026-05-20,판정 안 함
코스피200 지수,5,위,손절불가,최근 5년,5,21.76,4.35,80.0,1.564,39.0,41.0,6.48,-4.14,1,19.31,-4.14,-4.14,8.84,0,0,7.4,아니오,2022-05-20,2026-05-20,판정 안 함
코스피200 지수,6,아래,손절불가,전체,37,11.6,0.31,54.05,1.106,47.49,6.56,2.51,-2.27,17,6.08,-6.38,-8.6,3.03,0,0,7.43,예,1990-06-20,2026-06-19,판정 안 함
코스피200 지수,6,아래,손절불가,앞 절반,18,4.77,0.26,55.56,0.954,51.18,4.38,2.96,-3.1,8,5.32,-6.38,-8.6,3.69,0,0,7.83,예,1990-06-20,2007-06-20,판정 안 함
코스피200 지수,6,아래,손절불가,뒤 절반,19,6.84,0.36,52.63,1.347,42.61,10.02,2.06,-1.53,9,6.08,-4.08,-4.08,2.34,0,0,7.05,예,2008-06-20,2026-06-19,판정 안 함
코스피200 지수,6,아래,손절불가,최근 10년,10,8.02,0.8,60.0,1.856,35.02,24.98,2.09,-1.12,4,6.08,-2.29,-3.5,2.31,0,0,7.1,예,2017-06-20,2026-06-19,판정 안 함
코스피200 지수,6,아래,손절불가,최근 5년,5,7.64,1.53,80.0,1.085,47.97,32.03,2.48,-2.29,1,6.08,-2.29,-3.5,3.07,0,0,7.0,아니오,2022-06-20,2026-06-19,판정 안 함
코스피200 지수,6,위,손절불가,전체,37,-11.6,-0.31,45.95,0.904,52.51,-6.56,2.27,-2.51,20,6.38,-6.08,-9.44,3.03,0,0,7.43,예,1990-06-20,2026-06-19,판정 안 함
코스피200 지수,6,위,손절불가,앞 절반,18,-4.77,-0.26,44.44,1.048,48.82,-4.38,3.1,-2.96,10,6.38,-5.32,-9.09,3.69,0,0,7.83,예,1990-06-20,2007-06-20,판정 안 함
코스피200 지수,6,위,손절불가,뒤 절반,19,-6.84,-0.36,47.37,0.743,57.39,-10.02,1.53,-2.06,10,4.08,-6.08,-9.44,2.34,0,0,7.05,예,2008-06-20,2026-06-19,판정 안 함
코스피200 지수,6,위,손절불가,최근 10년,10,-8.02,-0.8,40.0,0.539,64.98,-24.98,1.12,-2.09,6,2.29,-6.08,-9.44,2.31,0,0,7.1,예,2017-06-20,2026-06-19,판정 안 함
코스피200 지수,6,위,손절불가,최근 5년,5,-7.64,-1.53,20.0,0.922,52.03,-32.03,2.29,-2.48,4,2.29,-6.08,-9.44,3.07,0,0,7.0,아니오,2022-06-20,2026-06-19,판정 안 함
코스피200 지수,7,아래,손절불가,전체,37,-1.17,-0.03,48.65,1.031,49.23,-0.58,2.79,-2.7,19,9.79,-9.15,-12.42,3.61,0,0,8.24,예,1990-07-20,2026-07-20,판정 안 함
코스피200 지수,7,아래,손절불가,앞 절반,18,21.47,1.19,66.67,1.068,48.35,18.32,3.36,-3.15,6,9.79,-9.15,-12.42,4.23,0,0,8.5,예,1990-07-20,2007-07-20,판정 안 함
코스피200 지수,7,아래,손절불가,뒤 절반,19,-22.64,-1.19,31.58,0.657,60.34,-28.76,1.64,-2.5,13,2.99,-5.84,-9.09,2.49,0,0,8.0,예,2008-07-18,2026-07-20,판정 안 함
코스피200 지수,7,아래,손절불가,최근 10년,10,-2.85,-0.28,40.0,1.059,48.57,-8.57,1.71,-1.61,6,2.99,-2.93,-9.09,1.94,0,0,7.9,예,2017-07-20,2026-07-20,판정 안 함
코스피200 지수,7,아래,손절불가,최근 5년,5,-5.7,-1.14,20.0,0.538,65.03,-45.03,0.89,-1.65,4,0.89,-2.31,-9.09,1.21,0,0,8.0,아니오,2022-07-20,2026-07-20,판정 안 함
코스피200 지수,7,위,손절불가,전체,37,1.17,0.03,51.35,0.97,50.77,0.58,2.7,-2.79,18,9.15,-9.79,-15.5,3.61,0,0,8.24,예,1990-07-20,2026-07-20,판정 안 함
코스피200 지수,7,위,손절불가,앞 절반,18,-21.47,-1.19,33.33,0.936,51.65,-18.32,3.15,-3.36,12,9.15,-9.79,-12.24,4.23,0,0,8.5,예,1990-07-20,2007-07-20,판정 안 함
코스피200 지수,7,위,손절불가,뒤 절반,19,22.64,1.19,68.42,1.521,39.66,28.76,2.5,-1.64,6,5.84,-2.99,-15.5,2.49,0,0,8.0,예,2008-07-18,2026-07-20,판정 안 함
코스피200 지수,7,위,손절불가,최근 10년,10,2.85,0.28,60.0,0.945,51.43,8.57,1.61,-1.71,4,2.93,-2.99,-15.5,1.94,0,0,7.9,예,2017-07-20,2026-07-20,판정 안 함
코스피200 지수,7,위,손절불가,최근 5년,5,5.7,1.14,80.0,1.859,34.97,45.03,1.65,-0.89,1,2.31,-0.89,-15.5,1.21,0,0,8.0,아니오,2022-07-20,2026-07-20,판정 안 함
코스피200 지수,8,아래,손절불가,전체,37,-24.5,-0.66,51.35,0.617,61.86,-10.51,2.4,-3.9,18,8.71,-19.37,-19.37,4.85,0,0,8.24,예,1990-08-20,2026-08-20,판정 안 함
코스피200 지수,8,아래,손절불가,앞 절반,18,-11.54,-0.64,55.56,0.585,63.11,-7.55,3.13,-5.36,8,8.71,-19.37,-19.37,6.36,0,0,8.78,예,1990-08-20,2007-08-20,판정 안 함
코스피200 지수,8,아래,손절불가,뒤 절반,19,-12.96,-0.68,47.37,0.583,63.16,-15.79,1.59,-2.73,10,4.25,-8.6,-8.6,2.97,0,0,7.74,예,2008-08-20,2026-08-20,판정 안 함
코스피200 지수,8,아래,손절불가,최근 10년,10,-10.31,-1.03,40.0,0.425,70.2,-30.2,1.02,-2.4,6,2.02,-4.74,-4.74,2.19,0,0,7.9,예,2017-08-18,2026-08-20,판정 안 함
코스피200 지수,8,아래,손절불가,최근 5년,5,0.58,0.12,60.0,0.779,56.22,3.78,1.34,-1.73,2,2.02,-1.93,-2.41,1.74,0,0,7.8,아니오,2022-08-19,2026-08-20,판정 안 함
코스피200 지수,8,위,손절불가,전체,37,24.5,0.66,48.65,1.622,38.14,10.51,3.9,-2.4,19,19.37,-8.71,-8.71,4.85,0,0,8.24,예,1990-08-20,2026-08-20,판정 안 함
코스피200 지수,8,위,손절불가,앞 절반,18,11.54,0.64,44.44,1.711,36.89,7.55,5.36,-3.13,10,19.37,-8.71,-8.71,6.36,0,0,8.78,예,1990-08-20,2007-08-20,판정 안 함
코스피200 지수,8,위,손절불가,뒤 절반,19,12.96,0.68,52.63,1.714,36.84,15.79,2.73,-1.59,9,8.6,-4.25,-4.36,2.97,0,0,7.74,예,2008-08-20,2026-08-20,판정 안 함
코스피200 지수,8,위,손절불가,최근 10년,10,10.31,1.03,60.0,2.355,29.8,30.2,2.4,-1.02,4,4.74,-2.02,-3.19,2.19,0,0,7.9,예,2017-08-18,2026-08-20,판정 안 함
코스피200 지수,8,위,손절불가,최근 5년,5,-0.58,-0.12,40.0,1.284,43.78,-3.78,1.73,-1.34,3,1.93,-2.02,-3.19,1.74,0,0,7.8,아니오,2022-08-19,2026-08-20,판정 안 함
코스피200 지수,9,아래,손절불가,전체,36,40.02,1.11,55.56,1.905,34.42,21.14,3.45,-1.81,16,11.0,-4.62,-5.2,3.56,0,0,6.67,예,1990-09-20,2025-09-19,판정 안 함
코스피200 지수,9,아래,손절불가,앞 절반,18,15.19,0.84,44.44,2.004,33.29,11.15,5.05,-2.52,10,11.0,-4.62,-5.2,4.54,0,0,6.89,예,1990-09-20,2007-09-20,판정 안 함
코스피200 지수,9,아래,손절불가,뒤 절반,18,24.83,1.38,66.67,3.788,20.88,45.79,2.38,-0.63,6,8.51,-1.96,-3.41,2.3,0,0,6.44,예,2008-09-19,2025-09-19,판정 안 함
코스피200 지수,9,아래,손절불가,최근 10년,10,17.39,1.74,60.0,7.99,11.12,48.88,3.16,-0.4,4,8.51,-0.94,-3.41,2.81,0,0,6.3,예,2016-09-20,2025-09-19,판정 안 함
코스피200 지수,9,아래,손절불가,최근 5년,5,14.27,2.85,60.0,63.798,1.54,58.46,4.81,-0.08,2,8.51,-0.12,-3.41,3.53,0,0,6.4,아니오,2021-09-17,2025-09-19,판정 안 함
코스피200 지수,9,위,손절불가,전체,36,-40.02,-1.11,44.44,0.525,65.58,-21.14,1.81,-3.45,20,4.62,-11.0,-11.0,3.56,0,0,6.67,예,1990-09-20,2025-09-19,판정 안 함
코스피200 지수,9,위,손절불가,앞 절반,18,-15.19,-0.84,55.56,0.499,66.71,-11.15,2.52,-5.05,8,4.62,-11.0,-11.0,4.54,0,0,6.89,예,1990-09-20,2007-09-20,판정 안 함
코스피200 지수,9,위,손절불가,뒤 절반,18,-24.83,-1.38,33.33,0.264,79.12,-45.79,0.63,-2.38,12,1.96,-8.51,-9.83,2.3,0,0,6.44,예,2008-09-19,2025-09-19,판정 안 함
코스피200 지수,9,위,손절불가,최근 10년,10,-17.39,-1.74,40.0,0.125,88.88,-48.88,0.4,-3.16,6,0.94,-8.51,-8.51,2.81,0,0,6.3,예,2016-09-20,2025-09-19,판정 안 함
코스피200 지수,9,위,손절불가,최근 5년,5,-14.27,-2.85,40.0,0.016,98.46,-58.46,0.08,-4.81,3,0.12,-8.51,-8.51,3.53,0,0,6.4,아니오,2021-09-17,2025-09-19,판정 안 함
코스피200 지수,10,아래,손절불가,전체,36,12.84,0.36,52.78,1.098,47.66,5.12,3.65,-3.32,17,15.31,-14.2,-14.2,5.05,0,0,8.28,예,1990-10-20,2025-10-20,판정 안 함
코스피200 지수,10,아래,손절불가,앞 절반,18,4.97,0.28,50.0,1.154,46.43,3.57,4.14,-3.59,9,15.31,-14.2,-14.2,6.08,0,0,8.61,예,1990-10-20,2007-10-19,판정 안 함
코스피200 지수,10,아래,손절불가,뒤 절반,18,7.88,0.44,55.56,1.061,48.53,7.03,3.21,-3.02,8,6.36,-8.25,-8.25,3.94,0,0,7.94,예,2008-10-20,2025-10-20,판정 안 함
코스피200 지수,10,아래,손절불가,최근 10년,10,2.8,0.28,60.0,0.795,55.73,4.27,2.9,-3.65,4,5.25,-8.25,-8.25,4.1,0,0,7.8,예,2016-10-20,2025-10-20,판정 안 함
코스피200 지수,10,아래,손절불가,최근 5년,5,-5.05,-1.01,60.0,0.387,72.08,-12.08,2.33,-6.03,2,3.9,-8.25,-8.25,4.94,0,0,7.8,아니오,2021-10-20,2025-10-20,판정 안 함
코스피200 지수,10,위,손절불가,전체,36,-12.84,-0.36,47.22,0.91,52.34,-5.12,3.32,-3.65,19,14.2,-15.31,-21.74,5.05,0,0,8.28,예,1990-10-20,2025-10-20,판정 안 함
코스피200 지수,10,위,손절불가,앞 절반,18,-4.97,-0.28,50.0,0.867,53.57,-3.57,3.59,-4.14,9,14.2,-15.31,-15.31,6.08,0,0,8.61,예,1990-10-20,2007-10-19,판정 안 함
코스피200 지수,10,위,손절불가,뒤 절반,18,-7.88,-0.44,44.44,0.943,51.47,-7.03,3.02,-3.21,10,8.25,-6.36,-21.74,3.94,0,0,7.94,예,2008-10-20,2025-10-20,판정 안 함
코스피200 지수,10,위,손절불가,최근 10년,10,-2.8,-0.28,40.0,1.259,44.27,-4.27,3.65,-2.9,6,8.25,-5.25,-6.62,4.1,0,0,7.8,예,2016-10-20,2025-10-20,판정 안 함
코스피200 지수,10,위,손절불가,최근 5년,5,5.05,1.01,40.0,2.582,27.92,12.08,6.03,-2.33,3,8.25,-3.9,-3.9,4.94,0,0,7.8,아니오,2021-10-20,2025-10-20,판정 안 함
코스피200 지수,11,아래,손절불가,전체,36,-5.34,-0.15,44.44,1.135,46.83,-2.39,3.31,-2.91,20,14.27,-13.86,-13.86,4.39,0,0,7.5,예,1990-11-20,2025-11-20,판정 안 함
코스피200 지수,11,아래,손절불가,앞 절반,18,4.3,0.24,44.44,1.422,41.29,3.15,4.45,-3.13,10,14.27,-6.42,-9.86,4.89,0,0,7.94,예,1990-11-20,2007-11-20,판정 안 함
코스피200 지수,11,아래,손절불가,뒤 절반,18,-9.63,-0.54,44.44,0.803,55.45,-11.01,2.17,-2.7,10,4.43,-13.86,-13.86,3.92,0,0,7.06,예,2008-11-20,2025-11-20,판정 안 함
코스피200 지수,11,아래,손절불가,최근 10년,10,5.2,0.52,50.0,1.819,35.48,14.52,2.31,-1.27,5,4.43,-1.62,-3.56,2.08,0,0,7.3,예,2016-11-18,2025-11-20,판정 안 함
코스피200 지수,11,아래,손절불가,최근 5년,5,4.84,0.97,60.0,1.968,33.7,26.3,2.44,-1.24,2,4.43,-1.26,-2.31,2.37,0,0,7.2,아니오,2021-11-19,2025-11-20,판정 안 함
코스피200 지수,11,위,손절불가,전체,36,5.34,0.15,55.56,0.881,53.17,2.39,2.91,-3.31,16,13.86,-14.27,-14.27,4.39,0,0,7.5,예,1990-11-20,2025-11-20,판정 안 함
코스피200 지수,11,위,손절불가,앞 절반,18,-4.3,-0.24,55.56,0.703,58.71,-3.15,3.13,-4.45,8,6.42,-14.27,-14.27,4.89,0,0,7.94,예,1990-11-20,2007-11-20,판정 안 함
코스피200 지수,11,위,손절불가,뒤 절반,18,9.63,0.54,55.56,1.245,44.55,11.01,2.7,-2.17,8,13.86,-4.43,-6.1,3.92,0,0,7.06,예,2008-11-20,2025-11-20,판정 안 함
코스피200 지수,11,위,손절불가,최근 10년,10,-5.2,-0.52,50.0,0.55,64.52,-14.52,1.27,-2.31,5,1.62,-4.43,-4.43,2.08,0,0,7.3,예,2016-11-18,2025-11-20,판정 안 함
코스피200 지수,11,위,손절불가,최근 5년,5,-4.84,-0.97,40.0,0.508,66.3,-26.3,1.24,-2.44,3,1.26,-4.43,-4.43,2.37,0,0,7.2,아니오,2021-11-19,2025-11-20,판정 안 함
코스피200 지수,12,아래,손절불가,전체,36,-14.42,-0.4,44.44,0.929,51.83,-7.39,2.61,-2.81,20,11.44,-8.8,-8.8,3.92,0,0,5.78,예,1990-12-20,2025-12-19,판정 안 함
코스피200 지수,12,아래,손절불가,앞 절반,18,-8.63,-0.48,33.33,1.508,39.87,-6.54,4.41,-2.92,12,11.44,-8.8,-8.8,4.88,0,0,5.39,예,1990-12-20,2007-12-20,판정 안 함
코스피200 지수,12,아래,손절불가,뒤 절반,18,-5.79,-0.32,55.56,0.581,63.27,-7.71,1.53,-2.64,8,5.03,-6.61,-6.61,2.79,0,0,6.17,예,2008-12-19,2025-12-19,판정 안 함
코스피200 지수,12,아래,손절불가,최근 10년,10,-7.04,-0.7,60.0,0.34,74.65,-14.65,1.22,-3.59,4,4.26,-6.61,-6.61,3.12,0,0,6.0,예,2016-12-20,2025-12-19,판정 안 함
코스피200 지수,12,아래,손절불가,최근 5년,5,-5.16,-1.03,40.0,0.692,59.11,-19.11,2.21,-3.19,3,4.26,-6.61,-6.61,3.94,0,0,6.2,아니오,2021-12-20,2025-12-19,판정 안 함
코스피200 지수,12,위,손절불가,전체,36,14.42,0.4,55.56,1.076,48.17,7.39,2.81,-2.61,16,8.8,-11.44,-13.0,3.92,0,0,5.78,예,1990-12-20,2025-12-19,판정 안 함
코스피200 지수,12,위,손절불가,앞 절반,18,8.63,0.48,66.67,0.663,60.13,6.54,2.92,-4.41,6,8.8,-11.44,-13.0,4.88,0,0,5.39,예,1990-12-20,2007-12-20,판정 안 함
코스피200 지수,12,위,손절불가,뒤 절반,18,5.79,0.32,44.44,1.722,36.73,7.71,2.64,-1.53,10,6.61,-5.03,-5.44,2.79,0,0,6.17,예,2008-12-19,2025-12-19,판정 안 함
코스피200 지수,12,위,손절불가,최근 10년,10,7.04,0.7,40.0,2.944,25.35,14.65,3.59,-1.22,6,6.61,-4.26,-4.26,3.12,0,0,6.0,예,2016-12-20,2025-12-19,판정 안 함
코스피200 지수,12,위,손절불가,최근 5년,5,5.16,1.03,60.0,1.446,40.89,19.11,3.19,-2.21,2,6.61,-4.26,-4.26,3.94,0,0,6.2,아니오,2021-12-20,2025-12-19,판정 안 함
코스피 종합지수,1,아래,손절불가,전체,47,-24.17,-0.51,42.55,0.998,50.04,-7.49,3.43,-3.44,27,6.96,-8.66,-10.13,4.28,0,0,7.77,예,1980-01-19,2026-01-20,판정 안 함
코스피 종합지수,1,아래,손절불가,앞 절반,23,-35.08,-1.53,34.78,0.798,55.62,-20.84,3.25,-4.07,15,6.85,-8.66,-10.13,4.4,0,0,8.61,예,1980-01-19,2002-01-18,판정 안 함
코스피 종합지수,1,아래,손절불가,뒤 절반,24,10.9,0.45,50.0,1.343,42.68,7.32,3.56,-2.65,12,6.96,-6.93,-6.93,4.02,0,0,6.96,예,2003-01-20,2026-01-20,판정 안 함
코스피 종합지수,1,아래,손절불가,최근 10년,10,2.98,0.3,40.0,1.8,35.71,4.29,4.46,-2.48,6,6.96,-6.93,-6.93,4.42,0,0,6.8,예,2017-01-20,2026-01-20,판정 안 함
코스피 종합지수,1,아래,손절불가,최근 5년,5,-2.09,-0.42,40.0,1.158,46.35,-6.35,3.53,-3.05,3,6.96,-6.93,-6.93,4.95,0,0,6.4,아니오,2022-01-20,2026-01-20,판정 안 함
코스피 종합지수,1,위,손절불가,전체,47,24.17,0.51,57.45,1.002,49.96,7.49,3.44,-3.43,20,8.66,-6.96,-13.4,4.28,0,0,7.77,예,1980-01-19,2026-01-20,판정 안 함
코스피 종합지수,1,위,손절불가,앞 절반,23,35.08,1.53,65.22,1.253,44.38,20.84,4.07,-3.25,8,8.66,-6.85,-13.4,4.4,0,0,8.61,예,1980-01-19,2002-01-18,판정 안 함
코스피 종합지수,1,위,손절불가,뒤 절반,24,-10.9,-0.45,50.0,0.744,57.32,-7.32,2.65,-3.56,12,6.93,-6.96,-8.67,4.02,0,0,6.96,예,2003-01-20,2026-01-20,판정 안 함
코스피 종합지수,1,위,손절불가,최근 10년,10,-2.98,-0.3,60.0,0.555,64.29,-4.29,2.48,-4.46,4,6.93,-6.96,-8.67,4.42,0,0,6.8,예,2017-01-20,2026-01-20,판정 안 함
코스피 종합지수,1,위,손절불가,최근 5년,5,2.09,0.42,60.0,0.864,53.65,6.35,3.05,-3.53,2,6.93,-6.96,-8.67,4.95,0,0,6.4,아니오,2022-01-20,2026-01-20,판정 안 함
코스피 종합지수,2,아래,손절불가,전체,47,31.01,0.66,46.81,1.96,33.79,13.02,3.36,-1.71,25,9.5,-7.5,-8.59,3.4,0,0,6.36,예,1980-02-20,2026-02-20,판정 안 함
코스피 종합지수,2,아래,손절불가,앞 절반,23,16.2,0.7,47.83,1.838,35.23,12.6,3.62,-1.97,12,7.64,-7.06,-7.06,3.63,0,0,6.87,예,1980-02-20,2002-02-20,판정 안 함
코스피 종합지수,2,아래,손절불가,뒤 절반,24,14.81,0.62,45.83,2.095,32.31,13.52,3.09,-1.47,13,9.5,-7.5,-8.59,3.24,0,0,5.88,예,2003-02-20,2026-02-20,판정 안 함
코스피 종합지수,2,아래,손절불가,최근 10년,10,14.25,1.43,70.0,1.16,46.3,23.7,3.23,-2.78,3,9.5,-7.5,-8.59,4.28,0,0,5.9,예,2017-02-20,2026-02-20,판정 안 함
코스피 종합지수,2,아래,손절불가,최근 5년,5,1.02,0.2,80.0,0.284,77.87,2.13,2.13,-7.5,1,4.57,-7.5,-8.59,4.55,0,0,6.0,아니오,2022-02-18,2026-02-20,판정 안 함
코스피 종합지수,2,위,손절불가,전체,47,-31.01,-0.66,53.19,0.51,66.21,-13.02,1.71,-3.36,22,7.5,-9.5,-9.5,3.4,0,0,6.36,예,1980-02-20,2026-02-20,판정 안 함
코스피 종합지수,2,위,손절불가,앞 절반,23,-16.2,-0.7,52.17,0.544,64.77,-12.6,1.97,-3.62,11,7.06,-7.64,-7.64,3.63,0,0,6.87,예,1980-02-20,2002-02-20,판정 안 함
코스피 종합지수,2,위,손절불가,뒤 절반,24,-14.81,-0.62,54.17,0.477,67.69,-13.52,1.47,-3.09,11,7.5,-9.5,-9.5,3.24,0,0,5.88,예,2003-02-20,2026-02-20,판정 안 함
코스피 종합지수,2,위,손절불가,최근 10년,10,-14.25,-1.43,30.0,0.862,53.7,-23.7,2.78,-3.23,7,7.5,-9.5,-9.5,4.28,0,0,5.9,예,2017-02-20,2026-02-20,판정 안 함
코스피 종합지수,2,위,손절불가,최근 5년,5,-1.02,-0.2,20.0,3.519,22.13,-2.13,7.5,-2.13,4,7.5,-4.57,-4.57,4.55,0,0,6.0,아니오,2022-02-18,2026-02-20,판정 안 함
코스피 종합지수,3,아래,손절불가,전체,47,-34.71,-0.74,36.17,1.05,48.77,-12.6,3.0,-2.86,30,12.61,-12.04,-12.04,4.2,0,0,8.4,예,1980-03-20,2026-03-20,판정 안 함
코스피 종합지수,3,아래,손절불가,앞 절반,23,-22.01,-0.96,39.13,0.747,57.24,-18.11,2.26,-3.03,14,8.54,-10.04,-10.04,3.78,0,0,9.0,예,1980-03-20,2002-03-20,판정 안 함
코스피 종합지수,3,아래,손절불가,뒤 절반,24,-12.69,-0.53,33.33,1.415,41.41,-8.08,3.84,-2.71,16,12.61,-12.04,-12.04,4.63,0,0,7.83,예,2003-03-20,2026-03-20,판정 안 함
코스피 종합지수,3,아래,손절불가,최근 10년,10,0.81,0.08,40.0,1.558,39.09,0.91,5.45,-3.5,6,12.61,-12.04,-12.04,6.41,0,0,7.8,예,2017-03-20,2026-03-20,판정 안 함
코스피 종합지수,3,아래,손절불가,최근 5년,5,10.45,2.09,40.0,3.44,22.52,17.48,9.26,-2.69,3,12.61,-4.1,-4.1,7.01,0,0,7.8,아니오,2022-03-18,2026-03-20,판정 안 함
코스피 종합지수,3,위,손절불가,전체,47,34.71,0.74,63.83,0.952,51.23,12.6,2.86,-3.0,17,12.04,-12.61,-12.61,4.2,0,0,8.4,예,1980-03-20,2026-03-20,판정 안 함
코스피 종합지수,3,위,손절불가,앞 절반,23,22.01,0.96,60.87,1.339,42.76,18.11,3.03,-2.26,9,10.04,-8.54,-8.54,3.78,0,0,9.0,예,1980-03-20,2002-03-20,판정 안 함
코스피 종합지수,3,위,손절불가,뒤 절반,24,12.69,0.53,66.67,0.707,58.59,8.08,2.71,-3.84,8,12.04,-12.61,-12.61,4.63,0,0,7.83,예,2003-03-20,2026-03-20,판정 안 함
코스피 종합지수,3,위,손절불가,최근 10년,10,-0.81,-0.08,60.0,0.642,60.91,-0.91,3.5,-5.45,4,12.04,-12.61,-12.61,6.41,0,0,7.8,예,2017-03-20,2026-03-20,판정 안 함
코스피 종합지수,3,위,손절불가,최근 5년,5,-10.45,-2.09,60.0,0.291,77.48,-17.48,2.69,-9.26,2,4.1,-12.61,-12.61,7.01,0,0,7.8,아니오,2022-03-18,2026-03-20,판정 안 함
코스피 종합지수,4,아래,손절불가,전체,47,-12.71,-0.27,44.68,1.022,49.45,-4.77,2.87,-2.8,26,10.27,-9.97,-9.97,3.68,0,0,7.7,예,1980-04-19,2026-04-20,판정 안 함
코스피 종합지수,4,아래,손절불가,앞 절반,23,-4.81,-0.21,43.48,1.149,46.54,-3.06,3.65,-3.18,13,10.27,-9.97,-9.97,4.48,0,0,8.26,예,1980-04-19,2002-04-19,판정 안 함
코스피 종합지수,4,아래,손절불가,뒤 절반,24,-7.9,-0.33,45.83,0.886,53.02,-7.19,2.15,-2.43,13,6.1,-6.11,-7.59,2.81,0,0,7.17,예,2003-04-18,2026-04-20,판정 안 함
코스피 종합지수,4,아래,손절불가,최근 10년,10,-13.61,-1.36,40.0,0.464,68.29,-28.29,1.53,-3.28,6,2.4,-6.11,-7.59,2.8,0,0,7.0,예,2017-04-20,2026-04-20,판정 안 함
코스피 종합지수,4,아래,손절불가,최근 5년,5,-9.65,-1.93,40.0,0.38,72.47,-32.47,1.64,-4.31,3,2.4,-6.11,-7.59,3.49,0,0,7.2,아니오,2022-04-20,2026-04-20,판정 안 함
코스피 종합지수,4,위,손절불가,전체,47,12.71,0.27,55.32,0.978,50.55,4.77,2.8,-2.87,21,9.97,-10.27,-10.27,3.68,0,0,7.7,예,1980-04-19,2026-04-20,판정 안 함
코스피 종합지수,4,위,손절불가,앞 절반,23,4.81,0.21,56.52,0.871,53.46,3.06,3.18,-3.65,10,9.97,-10.27,-10.27,4.48,0,0,8.26,예,1980-04-19,2002-04-19,판정 안 함
코스피 종합지수,4,위,손절불가,뒤 절반,24,7.9,0.33,54.17,1.129,46.98,7.19,2.43,-2.15,11,6.11,-6.1,-9.31,2.81,0,0,7.17,예,2003-04-18,2026-04-20,판정 안 함
코스피 종합지수,4,위,손절불가,최근 10년,10,13.61,1.36,60.0,2.154,31.71,28.29,3.28,-1.53,4,6.11,-2.4,-3.05,2.8,0,0,7.0,예,2017-04-20,2026-04-20,판정 안 함
코스피 종합지수,4,위,손절불가,최근 5년,5,9.65,1.93,60.0,2.632,27.53,32.47,4.31,-1.64,2,6.11,-2.4,-3.05,3.49,0,0,7.2,아니오,2022-04-20,2026-04-20,판정 안 함
코스피 종합지수,5,아래,손절불가,전체,47,-55.7,-1.19,40.43,0.67,59.89,-19.46,2.44,-3.65,28,10.06,-17.58,-17.58,4.33,0,0,8.17,예,1980-05-20,2026-05-20,판정 안 함
코스피 종합지수,5,아래,손절불가,앞 절반,23,-13.6,-0.59,47.83,0.754,57.0,-9.17,2.77,-3.67,12,10.06,-10.46,-10.46,4.41,0,0,8.96,예,1980-05-20,2002-05-20,판정 안 함
코스피 종합지수,5,아래,손절불가,뒤 절반,24,-42.09,-1.75,33.33,0.549,64.58,-31.25,1.99,-3.62,16,3.98,-17.58,-17.58,4.27,0,0,7.42,예,2003-05-20,2026-05-20,판정 안 함
코스피 종합지수,5,아래,손절불가,최근 10년,10,-24.42,-2.44,30.0,0.464,68.3,-38.3,2.02,-4.35,7,3.85,-17.58,-17.58,5.76,0,0,7.6,예,2017-05-19,2026-05-20,판정 안 함
코스피 종합지수,5,아래,손절불가,최근 5년,5,-20.73,-4.15,20.0,0.627,61.47,-41.47,3.85,-6.14,4,3.85,-17.58,-17.58,8.02,0,0,7.4,아니오,2022-05-20,2026-05-20,판정 안 함
코스피 종합지수,5,위,손절불가,전체,47,55.7,1.19,59.57,1.493,40.11,19.46,3.65,-2.44,19,17.58,-10.06,-15.49,4.33,0,0,8.17,예,1980-05-20,2026-05-20,판정 안 함
코스피 종합지수,5,위,손절불가,앞 절반,23,13.6,0.59,52.17,1.326,43.0,9.17,3.67,-2.77,11,10.46,-10.06,-15.49,4.41,0,0,8.96,예,1980-05-20,2002-05-20,판정 안 함
코스피 종합지수,5,위,손절불가,뒤 절반,24,42.09,1.75,66.67,1.823,35.42,31.25,3.62,-1.99,8,17.58,-3.98,-5.58,4.27,0,0,7.42,예,2003-05-20,2026-05-20,판정 안 함
코스피 종합지수,5,위,손절불가,최근 10년,10,24.42,2.44,70.0,2.155,31.7,38.3,4.35,-2.02,3,17.58,-3.85,-3.89,5.76,0,0,7.6,예,2017-05-19,2026-05-20,판정 안 함
코스피 종합지수,5,위,손절불가,최근 5년,5,20.73,4.15,80.0,1.595,38.53,41.47,6.14,-3.85,1,17.58,-3.85,-3.89,8.02,0,0,7.4,아니오,2022-05-20,2026-05-20,판정 안 함
코스피 종합지수,6,아래,손절불가,전체,47,6.07,0.13,59.57,0.748,57.22,2.35,2.34,-3.13,19,6.36,-8.07,-8.07,3.52,0,0,7.66,예,1980-06-20,2026-06-19,판정 안 함
코스피 종합지수,6,아래,손절불가,앞 절반,23,5.04,0.22,65.22,0.611,62.09,3.13,2.66,-4.35,8,5.79,-8.07,-8.07,4.21,0,0,8.22,예,1980-06-20,2002-06-20,판정 안 함
코스피 종합지수,6,아래,손절불가,뒤 절반,24,1.03,0.04,54.17,0.881,53.15,1.02,1.98,-2.24,11,6.36,-5.94,-5.94,2.78,0,0,7.12,예,2003-06-20,2026-06-19,판정 안 함
코스피 종합지수,6,아래,손절불가,최근 10년,10,10.4,1.04,70.0,1.709,36.92,33.08,1.98,-1.16,3,6.36,-1.65,-2.86,2.3,0,0,7.1,예,2017-06-20,2026-06-19,판정 안 함
코스피 종합지수,6,아래,손절불가,최근 5년,5,9.06,1.81,80.0,1.623,38.12,41.88,2.68,-1.65,1,6.36,-1.65,-2.86,2.97,0,0,7.0,아니오,2022-06-20,2026-06-19,판정 안 함
코스피 종합지수,6,위,손절불가,전체,47,-6.07,-0.13,40.43,1.337,42.78,-2.35,3.13,-2.34,28,8.07,-6.36,-9.65,3.52,0,0,7.66,예,1980-06-20,2026-06-19,판정 안 함
코스피 종합지수,6,위,손절불가,앞 절반,23,-5.04,-0.22,34.78,1.638,37.91,-3.13,4.35,-2.66,15,8.07,-5.79,-9.65,4.21,0,0,8.22,예,1980-06-20,2002-06-20,판정 안 함
코스피 종합지수,6,위,손절불가,뒤 절반,24,-1.03,-0.04,45.83,1.134,46.85,-1.02,2.24,-1.98,13,5.94,-6.36,-9.37,2.78,0,0,7.12,예,2003-06-20,2026-06-19,판정 안 함
코스피 종합지수,6,위,손절불가,최근 10년,10,-10.4,-1.04,30.0,0.585,63.08,-33.08,1.16,-1.98,7,1.65,-6.36,-9.37,2.3,0,0,7.1,예,2017-06-20,2026-06-19,판정 안 함
코스피 종합지수,6,위,손절불가,최근 5년,5,-9.06,-1.81,20.0,0.616,61.88,-41.88,1.65,-2.68,4,1.65,-6.36,-9.37,2.97,0,0,7.0,아니오,2022-06-20,2026-06-19,판정 안 함
코스피 종합지수,7,아래,손절불가,전체,47,-24.5,-0.52,42.55,0.928,51.85,-9.3,2.7,-2.91,27,9.36,-9.85,-12.52,3.64,0,0,8.51,예,1980-07-19,2026-07-20,판정 안 함
코스피 종합지수,7,아래,손절불가,앞 절반,23,0.43,0.02,52.17,0.926,51.91,0.26,3.45,-3.72,11,9.36,-9.85,-12.52,4.62,0,0,9.13,예,1980-07-19,2002-07-19,판정 안 함
코스피 종합지수,7,아래,손절불가,뒤 절반,24,-24.93,-1.04,33.33,0.672,59.81,-26.48,1.58,-2.35,16,3.33,-5.61,-8.91,2.33,0,0,7.92,예,2003-07-18,2026-07-20,판정 안 함
코스피 종합지수,7,아래,손절불가,최근 10년,10,-2.8,-0.28,40.0,1.061,48.52,-8.52,1.69,-1.59,6,3.33,-2.71,-8.91,1.93,0,0,7.9,예,2017-07-20,2026-07-20,판정 안 함
코스피 종합지수,7,아래,손절불가,최근 5년,5,-6.08,-1.22,20.0,0.509,66.28,-46.28,0.89,-1.74,4,0.89,-2.71,-8.91,1.32,0,0,8.0,아니오,2022-07-20,2026-07-20,판정 안 함
코스피 종합지수,7,위,손절불가,전체,47,24.5,0.52,57.45,1.077,48.15,9.3,2.91,-2.7,20,9.85,-9.36,-14.16,3.64,0,0,8.51,예,1980-07-19,2026-07-20,판정 안 함
코스피 종합지수,7,위,손절불가,앞 절반,23,-0.43,-0.02,47.83,1.08,48.09,-0.26,3.72,-3.45,12,9.85,-9.36,-12.57,4.62,0,0,9.13,예,1980-07-19,2002-07-19,판정 안 함
코스피 종합지수,7,위,손절불가,뒤 절반,24,24.93,1.04,66.67,1.488,40.19,26.48,2.35,-1.58,8,5.61,-3.33,-14.16,2.33,0,0,7.92,예,2003-07-18,2026-07-20,판정 안 함
코스피 종합지수,7,위,손절불가,최근 10년,10,2.8,0.28,60.0,0.943,51.48,8.52,1.59,-1.69,4,2.71,-3.33,-14.16,1.93,0,0,7.9,예,2017-07-20,2026-07-20,판정 안 함
코스피 종합지수,7,위,손절불가,최근 5년,5,6.08,1.22,80.0,1.966,33.72,46.28,1.74,-0.89,1,2.71,-0.89,-14.16,1.32,0,0,8.0,아니오,2022-07-20,2026-07-20,판정 안 함
코스피 종합지수,8,아래,손절불가,전체,47,-17.61,-0.37,53.19,0.689,59.21,-6.02,2.54,-3.69,22,8.9,-20.33,-20.33,4.7,0,0,8.47,예,1980-08-20,2026-08-20,판정 안 함
코스피 종합지수,8,아래,손절불가,앞 절반,23,11.77,0.51,69.57,0.568,63.78,5.79,3.2,-5.64,7,8.9,-20.33,-20.33,6.0,0,0,9.17,예,1980-08-20,2002-08-20,판정 안 함
코스피 종합지수,8,아래,손절불가,뒤 절반,24,-29.38,-1.22,37.5,0.491,67.08,-29.58,1.36,-2.78,15,4.31,-8.2,-8.2,2.86,0,0,7.79,예,2003-08-20,2026-08-20,판정 안 함
코스피 종합지수,8,아래,손절불가,최근 10년,10,-12.47,-1.25,30.0,0.341,74.59,-44.59,0.71,-2.09,7,0.83,-4.53,-4.53,1.84,0,0,7.9,예,2017-08-18,2026-08-20,판정 안 함
코스피 종합지수,8,아래,손절불가,최근 5년,5,-1.72,-0.34,60.0,0.369,73.07,-13.07,0.71,-1.93,2,0.83,-2.07,-2.55,1.45,0,0,7.8,아니오,2022-08-19,2026-08-20,판정 안 함
코스피 종합지수,8,위,손절불가,전체,47,17.61,0.37,46.81,1.452,40.79,6.02,3.69,-2.54,25,20.33,-8.9,-8.9,4.7,0,0,8.47,예,1980-08-20,2026-08-20,판정 안 함
코스피 종합지수,8,위,손절불가,앞 절반,23,-11.77,-0.51,30.43,1.761,36.22,-5.79,5.64,-3.2,16,20.33,-8.9,-8.9,6.0,0,0,9.17,예,1980-08-20,2002-08-20,판정 안 함
코스피 종합지수,8,위,손절불가,뒤 절반,24,29.38,1.22,62.5,2.037,32.92,29.58,2.78,-1.36,9,8.2,-4.31,-4.43,2.86,0,0,7.79,예,2003-08-20,2026-08-20,판정 안 함
코스피 종합지수,8,위,손절불가,최근 10년,10,12.47,1.25,70.0,2.936,25.41,44.59,2.09,-0.71,3,4.53,-0.83,-2.64,1.84,0,0,7.9,예,2017-08-18,2026-08-20,판정 안 함
코스피 종합지수,8,위,손절불가,최근 5년,5,1.72,0.34,40.0,2.713,26.93,13.07,1.93,-0.71,3,2.07,-0.83,-2.64,1.45,0,0,7.8,아니오,2022-08-19,2026-08-20,판정 안 함
코스피 종합지수,9,아래,손절불가,전체,46,51.39,1.12,60.87,1.567,38.96,21.91,3.11,-1.99,18,10.46,-3.99,-4.46,3.48,0,0,7.02,예,1980-09-20,2025-09-19,판정 안 함
코스피 종합지수,9,아래,손절불가,앞 절반,23,20.45,0.89,52.17,1.619,38.18,13.99,3.93,-2.43,11,10.46,-3.99,-4.46,4.14,0,0,7.7,예,1980-09-20,2002-09-19,판정 안 함
코스피 종합지수,9,아래,손절불가,뒤 절반,23,30.95,1.35,69.57,1.93,34.13,35.44,2.5,-1.3,7,8.97,-2.53,-3.38,2.73,0,0,6.35,예,2003-09-19,2025-09-19,판정 안 함
코스피 종합지수,9,아래,손절불가,최근 10년,10,19.42,1.94,80.0,3.058,24.64,55.36,2.64,-0.86,2,8.97,-0.88,-3.02,2.95,0,0,6.3,예,2016-09-20,2025-09-19,판정 안 함
코스피 종합지수,9,아래,손절불가,최근 5년,5,15.55,3.11,100.0,,,,3.11,,0,8.97,0.0,-3.02,3.58,0,0,6.4,아니오,2021-09-17,2025-09-19,판정 안 함
코스피 종합지수,9,위,손절불가,전체,46,-51.39,-1.12,39.13,0.638,61.04,-21.91,1.99,-3.11,28,3.99,-10.46,-10.46,3.48,0,0,7.02,예,1980-09-20,2025-09-19,판정 안 함
코스피 종합지수,9,위,손절불가,앞 절반,23,-20.45,-0.89,47.83,0.618,61.82,-13.99,2.43,-3.93,12,3.99,-10.46,-10.46,4.14,0,0,7.7,예,1980-09-20,2002-09-19,판정 안 함
코스피 종합지수,9,위,손절불가,뒤 절반,23,-30.95,-1.35,30.43,0.518,65.87,-35.44,1.3,-2.5,16,2.53,-8.97,-10.08,2.73,0,0,6.35,예,2003-09-19,2025-09-19,판정 안 함
코스피 종합지수,9,위,손절불가,최근 10년,10,-19.42,-1.94,20.0,0.327,75.36,-55.36,0.86,-2.64,8,0.88,-8.97,-8.97,2.95,0,0,6.3,예,2016-09-20,2025-09-19,판정 안 함
코스피 종합지수,9,위,손절불가,최근 5년,5,-15.55,-3.11,0.0,0.0,100.0,-100.0,,-3.11,5,-0.0,-8.97,-8.97,3.58,0,0,6.4,아니오,2021-09-17,2025-09-19,판정 안 함
코스피 종합지수,10,아래,손절불가,전체,46,23.74,0.52,54.35,1.169,46.1,8.25,3.37,-2.89,21,16.77,-13.9,-13.9,4.7,0,0,8.5,예,1980-10-20,2025-10-20,판정 안 함
코스피 종합지수,10,아래,손절불가,앞 절반,23,17.45,0.76,56.52,1.182,45.82,10.7,3.84,-3.25,10,16.77,-13.9,-13.9,5.63,0,0,9.13,예,1980-10-20,2002-10-18,판정 안 함
코스피 종합지수,10,아래,손절불가,뒤 절반,23,6.29,0.27,52.17,1.122,47.13,5.04,2.87,-2.55,11,7.83,-7.68,-7.68,3.65,0,0,7.87,예,2003-10-20,2025-10-20,판정 안 함
코스피 종합지수,10,아래,손절불가,최근 10년,10,4.73,0.47,60.0,0.899,52.65,7.35,3.05,-3.39,4,5.87,-7.68,-7.68,4.0,0,0,7.8,예,2016-10-20,2025-10-20,판정 안 함
코스피 종합지수,10,아래,손절불가,최근 5년,5,-4.13,-0.83,60.0,0.418,70.53,-10.53,2.32,-5.54,2,4.08,-7.68,-7.68,4.69,0,0,7.8,아니오,2021-10-20,2025-10-20,판정 안 함
코스피 종합지수,10,위,손절불가,전체,46,-23.74,-0.52,45.65,0.855,53.9,-8.25,2.89,-3.37,25,13.9,-16.77,-22.27,4.7,0,0,8.5,예,1980-10-20,2025-10-20,판정 안 함
코스피 종합지수,10,위,손절불가,앞 절반,23,-17.45,-0.76,43.48,0.846,54.18,-10.7,3.25,-3.84,13,13.9,-16.77,-16.77,5.63,0,0,9.13,예,1980-10-20,2002-10-18,판정 안 함
코스피 종합지수,10,위,손절불가,뒤 절반,23,-6.29,-0.27,47.83,0.891,52.87,-5.04,2.55,-2.87,12,7.68,-7.83,-22.27,3.65,0,0,7.87,예,2003-10-20,2025-10-20,판정 안 함
코스피 종합지수,10,위,손절불가,최근 10년,10,-4.73,-0.47,40.0,1.112,47.35,-7.35,3.39,-3.05,6,7.68,-5.87,-7.43,4.0,0,0,7.8,예,2016-10-20,2025-10-20,판정 안 함
코스피 종합지수,10,위,손절불가,최근 5년,5,4.13,0.83,40.0,2.393,29.47,10.53,5.54,-2.32,3,7.68,-4.08,-4.08,4.69,0,0,7.8,아니오,2021-10-20,2025-10-20,판정 안 함
코스피 종합지수,11,아래,손절불가,전체,46,-21.17,-0.46,34.78,1.343,42.68,-7.9,3.34,-2.49,30,16.49,-13.43,-13.43,4.15,0,0,7.72,예,1980-11-20,2025-11-20,판정 안 함
코스피 종합지수,11,아래,손절불가,앞 절반,23,-3.31,-0.14,39.13,1.425,41.23,-2.1,4.04,-2.83,14,16.49,-6.68,-9.45,4.82,0,0,8.3,예,1980-11-20,2002-11-20,판정 안 함
코스피 종합지수,11,아래,손절불가,뒤 절반,23,-17.85,-0.78,30.43,1.119,47.19,-16.76,2.45,-2.19,16,4.44,-13.43,-13.43,3.43,0,0,7.13,예,2003-11-20,2025-11-20,판정 안 함
코스피 종합지수,11,아래,손절불가,최근 10년,10,5.71,0.57,50.0,2.032,32.98,17.02,2.25,-1.11,5,4.44,-1.77,-3.13,2.0,0,0,7.3,예,2016-11-18,2025-11-20,판정 안 함
코스피 종합지수,11,아래,손절불가,최근 5년,5,4.54,0.91,60.0,1.705,36.97,23.03,2.49,-1.46,2,4.44,-1.77,-2.1,2.5,0,0,7.2,아니오,2021-11-19,2025-11-20,판정 안 함
코스피 종합지수,11,위,손절불가,전체,46,21.17,0.46,65.22,0.744,57.32,7.9,2.49,-3.34,16,13.43,-16.49,-16.49,4.15,0,0,7.72,예,1980-11-20,2025-11-20,판정 안 함
코스피 종합지수,11,위,손절불가,앞 절반,23,3.31,0.14,60.87,0.702,58.77,2.1,2.83,-4.04,9,6.68,-16.49,-16.49,4.82,0,0,8.3,예,1980-11-20,2002-11-20,판정 안 함
코스피 종합지수,11,위,손절불가,뒤 절반,23,17.85,0.78,69.57,0.893,52.81,16.76,2.19,-2.45,7,13.43,-4.44,-5.93,3.43,0,0,7.13,예,2003-11-20,2025-11-20,판정 안 함
코스피 종합지수,11,위,손절불가,최근 10년,10,-5.71,-0.57,50.0,0.492,67.02,-17.02,1.11,-2.25,5,1.77,-4.44,-4.44,2.0,0,0,7.3,예,2016-11-18,2025-11-20,판정 안 함
코스피 종합지수,11,위,손절불가,최근 5년,5,-4.54,-0.91,40.0,0.587,63.03,-23.03,1.46,-2.49,3,1.77,-4.44,-4.44,2.5,0,0,7.2,아니오,2021-11-19,2025-11-20,판정 안 함
코스피 종합지수,12,아래,손절불가,전체,46,-18.77,-0.41,47.83,0.766,56.61,-8.78,2.01,-2.63,24,11.54,-7.17,-7.7,3.36,0,0,5.39,예,1980-12-20,2025-12-19,판정 안 함
코스피 종합지수,12,아래,손절불가,앞 절반,23,-7.77,-0.34,43.48,1.038,49.06,-5.58,3.08,-2.97,13,11.54,-7.17,-7.7,4.26,0,0,4.61,예,1980-12-20,2002-12-20,판정 안 함
코스피 종합지수,12,아래,손절불가,뒤 절반,23,-11.0,-0.48,52.17,0.505,66.45,-14.28,1.12,-2.23,11,4.78,-4.82,-4.97,2.21,0,0,6.17,예,2003-12-19,2025-12-19,판정 안 함
코스피 종합지수,12,아래,손절불가,최근 10년,10,-4.01,-0.4,60.0,0.413,70.77,-10.77,1.09,-2.63,4,4.15,-4.82,-4.97,2.51,0,0,6.0,예,2016-12-20,2025-12-19,판정 안 함
코스피 종합지수,12,아래,손절불가,최근 5년,5,-2.53,-0.51,40.0,0.948,51.34,-11.34,2.17,-2.29,3,4.15,-4.82,-4.97,3.24,0,0,6.2,아니오,2021-12-20,2025-12-19,판정 안 함
코스피 종합지수,12,위,손절불가,전체,46,18.77,0.41,52.17,1.305,43.39,8.78,2.63,-2.01,22,7.17,-11.54,-12.18,3.36,0,0,5.39,예,1980-12-20,2025-12-19,판정 안 함
코스피 종합지수,12,위,손절불가,앞 절반,23,7.77,0.34,56.52,0.963,50.94,5.58,2.97,-3.08,10,7.17,-11.54,-12.18,4.26,0,0,4.61,예,1980-12-20,2002-12-20,판정 안 함
코스피 종합지수,12,위,손절불가,뒤 절반,23,11.0,0.48,47.83,1.981,33.55,14.28,2.23,-1.12,12,4.82,-4.78,-5.37,2.21,0,0,6.17,예,2003-12-19,2025-12-19,판정 안 함
코스피 종합지수,12,위,손절불가,최근 10년,10,4.01,0.4,40.0,2.422,29.23,10.77,2.63,-1.09,6,4.82,-4.15,-4.15,2.51,0,0,6.0,예,2016-12-20,2025-12-19,판정 안 함
코스피 종합지수,12,위,손절불가,최근 5년,5,2.53,0.51,60.0,1.055,48.66,11.34,2.29,-2.17,2,4.82,-4.15,-4.15,3.24,0,0,6.2,아니오,2021-12-20,2025-12-19,판정 안 함
KODEX 코스닥150,1,아래,-3.0,전체,11,2.88,0.26,36.36,2.013,33.19,3.17,5.51,-2.74,7,9.6,-4.44,-4.44,4.68,2,3,5.09,예,2016-01-20,2026-01-20,제외
KODEX 코스닥150,1,아래,-3.0,앞 절반,5,0.14,0.03,40.0,1.527,39.57,0.43,3.78,-2.47,3,6.46,-3.29,-3.29,4.0,1,1,5.6,아니오,2016-01-20,2020-01-20,판정 안 함
KODEX 코스닥150,1,아래,-3.0,뒤 절반,6,2.74,0.46,33.33,2.466,28.85,4.48,7.25,-2.94,4,9.6,-4.44,-4.44,5.56,1,2,4.67,아니오,2021-01-20,2026-01-20,판정 안 함
KODEX 코스닥150,1,아래,-3.0,최근 10년,10,4.0,0.4,40.0,1.832,35.31,4.69,5.51,-3.01,6,9.6,-4.44,-4.44,4.91,2,3,4.9,예,2017-01-20,2026-01-20,판정 안 함
KODEX 코스닥150,1,아래,-3.0,최근 5년,5,5.74,1.15,40.0,2.483,28.71,11.29,7.25,-2.92,3,9.6,-4.44,-4.44,5.92,1,1,5.0,아니오,2022-01-20,2026-01-20,판정 안 함
KODEX 코스닥150,1,아래,-4.0,전체,11,-0.83,-0.08,36.36,1.687,37.22,-0.86,5.51,-3.27,7,9.6,-4.44,-4.44,4.96,1,4,5.82,예,2016-01-20,2026-01-20,제외
KODEX 코스닥150,1,아래,-4.0,앞 절반,5,-1.57,-0.31,40.0,1.242,44.61,-4.61,3.78,-3.04,3,6.46,-4.0,-4.0,4.35,0,2,6.8,아니오,2016-01-20,2020-01-20,판정 안 함
KODEX 코스닥150,1,아래,-4.0,뒤 절반,6,0.74,0.12,33.33,2.108,32.18,1.15,7.25,-3.44,4,9.6,-4.44,-4.44,5.82,1,2,5.0,아니오,2021-01-20,2026-01-20,판정 안 함
KODEX 코스닥150,1,아래,-4.0,최근 10년,10,0.29,0.03,40.0,1.52,39.68,0.32,5.51,-3.63,6,9.6,-4.44,-4.44,5.21,1,4,5.7,예,2017-01-20,2026-01-20,판정 안 함
KODEX 코스닥150,1,아래,-4.0,최근 5년,5,4.74,0.95,40.0,2.229,30.97,9.03,7.25,-3.25,3,9.6,-4.44,-4.44,6.1,1,1,5.2,아니오,2022-01-20,2026-01-20,판정 안 함
KODEX 코스닥150,1,아래,-5.0,전체,11,7.6,0.69,45.45,1.681,37.29,8.16,5.31,-3.16,6,9.6,-5.0,-5.0,4.99,0,2,6.27,예,2016-01-20,2026-01-20,제외
KODEX 코스닥150,1,아래,-5.0,앞 절반,5,-2.27,-0.45,40.0,1.154,46.43,-6.43,3.78,-3.27,3,6.46,-5.0,-5.0,4.52,0,1,6.8,아니오,2016-01-20,2020-01-20,판정 안 함
KODEX 코스닥150,1,아래,-5.0,뒤 절반,6,9.87,1.64,50.0,2.081,32.46,17.54,6.33,-3.04,3,9.6,-5.0,-5.0,5.57,0,1,5.83,아니오,2021-01-20,2026-01-20,판정 안 함
KODEX 코스닥150,1,아래,-5.0,최근 10년,10,8.72,0.87,50.0,1.489,40.17,9.83,5.31,-3.57,5,9.6,-5.0,-5.0,5.22,0,2,6.2,예,2017-01-20,2026-01-20,판정 안 함
KODEX 코스닥150,1,아래,-5.0,최근 5년,5,5.36,1.07,40.0,2.381,29.58,10.42,7.25,-3.04,3,9.6,-5.0,-5.0,6.02,0,1,5.6,아니오,2022-01-20,2026-01-20,판정 안 함
KODEX 코스닥150,1,아래,-6.0,전체,11,5.6,0.51,45.45,1.521,39.67,5.78,5.31,-3.49,6,9.6,-6.0,-6.0,5.23,0,2,6.27,예,2016-01-20,2026-01-20,제외
KODEX 코스닥150,1,아래,-6.0,앞 절반,5,-3.27,-0.65,40.0,1.047,48.85,-8.85,3.78,-3.61,3,6.46,-6.0,-6.0,4.79,0,1,6.8,아니오,2016-01-20,2020-01-20,판정 안 함
KODEX 코스닥150,1,아래,-6.0,뒤 절반,6,8.87,1.48,50.0,1.875,34.78,15.22,6.33,-3.38,3,9.6,-6.0,-6.0,5.81,0,1,5.83,아니오,2021-01-20,2026-01-20,판정 안 함
KODEX 코스닥150,1,아래,-6.0,최근 10년,10,6.72,0.67,50.0,1.339,42.75,7.25,5.31,-3.97,5,9.6,-6.0,-6.0,5.48,0,2,6.2,예,2017-01-20,2026-01-20,판정 안 함
KODEX 코스닥150,1,아래,-6.0,최근 5년,5,4.36,0.87,40.0,2.146,31.79,8.21,7.25,-3.38,3,9.6,-6.0,-6.0,6.28,0,1,5.6,아니오,2022-01-20,2026-01-20,판정 안 함
KODEX 코스닥150,1,아래,-7.0,전체,11,7.03,0.64,45.45,1.632,37.99,7.46,5.31,-3.25,6,9.6,-7.0,-7.0,5.11,0,1,6.45,예,2016-01-20,2026-01-20,제외
KODEX 코스닥150,1,아래,-7.0,앞 절반,5,-0.84,-0.17,40.0,1.35,42.55,-2.55,3.78,-2.8,3,6.46,-3.7,-6.4,4.2,0,0,7.2,아니오,2016-01-20,2020-01-20,판정 안 함
KODEX 코스닥150,1,아래,-7.0,뒤 절반,6,7.87,1.31,50.0,1.707,36.94,13.06,6.33,-3.71,3,9.6,-7.0,-7.0,6.08,0,1,5.83,아니오,2021-01-20,2026-01-20,판정 안 함
KODEX 코스닥150,1,아래,-7.0,최근 10년,10,8.15,0.82,50.0,1.443,40.93,9.07,5.31,-3.68,5,9.6,-7.0,-7.0,5.35,0,1,6.4,예,2017-01-20,2026-01-20,판정 안 함
KODEX 코스닥150,1,아래,-7.0,최근 5년,5,3.36,0.67,40.0,1.953,33.86,6.14,7.25,-3.71,3,9.6,-7.0,-7.0,6.57,0,1,5.6,아니오,2022-01-20,2026-01-20,판정 안 함
KODEX 코스닥150,1,아래,-8.0,전체,11,6.03,0.55,45.45,1.553,39.18,6.27,5.31,-3.42,6,9.6,-8.0,-8.0,5.27,0,1,6.45,예,2016-01-20,2026-01-20,제외
KODEX 코스닥150,1,아래,-8.0,앞 절반,5,-0.84,-0.17,40.0,1.35,42.55,-2.55,3.78,-2.8,3,6.46,-3.7,-6.4,4.2,0,0,7.2,아니오,2016-01-20,2020-01-20,판정 안 함
KODEX 코스닥150,1,아래,-8.0,뒤 절반,6,6.87,1.14,50.0,1.566,38.97,11.03,6.33,-4.04,3,9.6,-8.0,-8.0,6.36,0,1,5.83,아니오,2021-01-20,2026-01-20,판정 안 함
KODEX 코스닥150,1,아래,-8.0,최근 10년,10,7.15,0.72,50.0,1.369,42.22,7.78,5.31,-3.88,5,9.6,-8.0,-8.0,5.52,0,1,6.4,예,2017-01-20,2026-01-20,판정 안 함
KODEX 코스닥150,1,아래,-8.0,최근 5년,5,2.36,0.47,40.0,1.792,35.81,4.19,7.25,-4.04,3,9.6,-8.0,-8.0,6.87,0,1,5.6,아니오,2022-01-20,2026-01-20,판정 안 함
KODEX 코스닥150,1,아래,-9.0,전체,11,5.03,0.46,45.45,1.48,40.32,5.13,5.31,-3.59,6,9.6,-9.0,-9.0,5.44,0,1,6.45,예,2016-01-20,2026-01-20,제외
KODEX 코스닥150,1,아래,-9.0,앞 절반,5,-0.84,-0.17,40.0,1.35,42.55,-2.55,3.78,-2.8,3,6.46,-3.7,-6.4,4.2,0,0,7.2,아니오,2016-01-20,2020-01-20,판정 안 함
KODEX 코스닥150,1,아래,-9.0,뒤 절반,6,5.87,0.98,50.0,1.447,40.87,9.13,6.33,-4.38,3,9.6,-9.0,-9.0,6.65,0,1,5.83,아니오,2021-01-20,2026-01-20,판정 안 함
KODEX 코스닥150,1,아래,-9.0,최근 10년,10,6.15,0.62,50.0,1.301,43.45,6.55,5.31,-4.08,5,9.6,-9.0,-9.0,5.7,0,1,6.4,예,2017-01-20,2026-01-20,판정 안 함
KODEX 코스닥150,1,아래,-9.0,최근 5년,5,1.36,0.27,40.0,1.656,37.65,2.35,7.25,-4.38,3,9.6,-9.0,-9.0,7.18,0,1,5.6,아니오,2022-01-20,2026-01-20,판정 안 함
KODEX 코스닥150,1,아래,-10.0,전체,11,4.03,0.37,45.45,1.415,41.41,4.04,5.31,-3.75,6,9.6,-10.0,-10.0,5.61,0,1,6.45,예,2016-01-20,2026-01-20,제외
KODEX 코스닥150,1,아래,-10.0,앞 절반,5,-0.84,-0.17,40.0,1.35,42.55,-2.55,3.78,-2.8,3,6.46,-3.7,-6.4,4.2,0,0,7.2,아니오,2016-01-20,2020-01-20,판정 안 함
KODEX 코스닥150,1,아래,-10.0,뒤 절반,6,4.87,0.81,50.0,1.345,42.65,7.35,6.33,-4.71,3,9.6,-10.0,-10.0,6.96,0,1,5.83,아니오,2021-01-20,2026-01-20,판정 안 함
KODEX 코스닥150,1,아래,-10.0,최근 10년,10,5.15,0.52,50.0,1.241,44.63,5.37,5.31,-4.28,5,9.6,-10.0,-10.0,5.9,0,1,6.4,예,2017-01-20,2026-01-20,판정 안 함
KODEX 코스닥150,1,아래,-10.0,최근 5년,5,0.36,0.07,40.0,1.539,39.39,0.61,7.25,-4.71,3,9.6,-10.0,-10.0,7.51,0,1,5.6,아니오,2022-01-20,2026-01-20,판정 안 함
KODEX 코스닥150,1,아래,무손절,전체,11,-12.36,-1.12,45.45,0.819,54.98,-9.53,5.31,-6.48,6,9.6,-26.39,-31.87,9.48,0,0,6.82,예,2016-01-20,2026-01-20,제외
KODEX 코스닥150,1,아래,무손절,앞 절반,5,-0.84,-0.17,40.0,1.35,42.55,-2.55,3.78,-2.8,3,6.46,-3.7,-6.4,4.2,0,0,7.2,아니오,2016-01-20,2020-01-20,판정 안 함
KODEX 코스닥150,1,아래,무손절,뒤 절반,6,-11.52,-1.92,50.0,0.623,61.63,-11.63,6.33,-10.17,3,9.6,-26.39,-31.87,12.81,0,0,6.5,아니오,2021-01-20,2026-01-20,판정 안 함
KODEX 코스닥150,1,아래,무손절,최근 10년,10,-11.24,-1.12,50.0,0.703,58.73,-8.73,5.31,-7.56,5,9.6,-26.39,-31.87,10.0,0,0,6.8,예,2017-01-20,2026-01-20,판정 안 함
KODEX 코스닥150,1,아래,무손절,최근 5년,5,-16.02,-3.2,40.0,0.712,58.4,-18.4,7.25,-10.17,3,9.6,-26.39,-31.87,13.88,0,0,6.4,아니오,2022-01-20,2026-01-20,판정 안 함
KODEX 코스닥150,1,위,-3.0,전체,11,-4.38,-0.4,45.45,0.889,52.93,-7.48,2.5,-2.82,6,3.7,-3.81,-3.81,2.95,1,4,5.09,예,2016-01-20,2026-01-20,제외
KODEX 코스닥150,1,위,-3.0,앞 절반,5,3.49,0.7,60.0,1.142,46.68,13.32,2.8,-2.45,2,3.7,-3.81,-3.81,3.2,1,0,6.6,아니오,2016-01-20,2020-01-20,판정 안 함
KODEX 코스닥150,1,위,-3.0,뒤 절반,6,-7.87,-1.31,33.33,0.689,59.22,-25.89,2.07,-3.0,4,2.82,-3.0,-3.0,2.66,0,4,3.83,아니오,2021-01-20,2026-01-20,판정 안 함
KODEX 코스닥150,1,위,-3.0,최근 10년,10,-5.5,-0.55,40.0,1.012,49.7,-9.7,2.85,-2.82,6,3.7,-3.81,-3.81,3.07,1,4,4.9,예,2017-01-20,2026-01-20,판정 안 함
KODEX 코스닥150,1,위,-3.0,최근 5년,5,-4.87,-0.97,40.0,0.689,59.22,-19.22,2.07,-3.0,3,2.82,-3.0,-3.0,2.82,0,3,3.2,아니오,2022-01-20,2026-01-20,판정 안 함
KODEX 코스닥150,1,위,-4.0,전체,11,-8.89,-0.81,45.45,0.702,58.76,-13.31,2.5,-3.57,6,3.7,-4.32,-4.32,3.38,1,4,5.27,예,2016-01-20,2026-01-20,제외
KODEX 코스닥150,1,위,-4.0,앞 절반,5,3.3,0.66,60.0,1.1,47.63,12.37,2.8,-2.54,2,3.7,-4.0,-4.0,3.27,0,1,6.6,아니오,2016-01-20,2020-01-20,판정 안 함
KODEX 코스닥150,1,위,-4.0,뒤 절반,6,-12.19,-2.03,33.33,0.506,66.39,-33.06,2.07,-4.08,4,2.82,-4.32,-4.32,3.21,1,3,4.17,아니오,2021-01-20,2026-01-20,판정 안 함
KODEX 코스닥150,1,위,-4.0,최근 10년,10,-10.01,-1.0,40.0,0.799,55.59,-15.59,2.85,-3.57,6,3.7,-4.32,-4.32,3.49,1,4,5.1,예,2017-01-20,2026-01-20,판정 안 함
KODEX 코스닥150,1,위,-4.0,최근 5년,5,-8.19,-1.64,40.0,0.503,66.53,-26.53,2.07,-4.11,3,2.82,-4.32,-4.32,3.42,1,2,3.6,아니오,2022-01-20,2026-01-20,판정 안 함
KODEX 코스닥150,1,위,-5.0,전체,11,-13.57,-1.23,45.45,0.576,63.45,-18.0,2.5,-4.35,6,3.7,-5.0,-5.0,3.83,0,5,5.82,예,2016-01-20,2026-01-20,제외
KODEX 코스닥150,1,위,-5.0,앞 절반,5,2.3,0.46,60.0,0.919,52.11,7.89,2.8,-3.04,2,3.7,-5.0,-5.0,3.63,0,1,7.0,아니오,2016-01-20,2020-01-20,판정 안 함
KODEX 코스닥150,1,위,-5.0,뒤 절반,6,-15.87,-2.64,33.33,0.413,70.76,-37.43,2.07,-5.0,4,2.82,-5.0,-5.0,3.68,0,4,4.83,아니오,2021-01-20,2026-01-20,판정 안 함
KODEX 코스닥150,1,위,-5.0,최근 10년,10,-14.69,-1.47,40.0,0.656,60.4,-20.4,2.85,-4.35,6,3.7,-5.0,-5.0,3.95,0,5,5.7,예,2017-01-20,2026-01-20,판정 안 함
KODEX 코스닥150,1,위,-5.0,최근 5년,5,-10.87,-2.17,40.0,0.413,70.76,-30.76,2.07,-5.0,3,2.82,-5.0,-5.0,3.91,0,3,4.4,아니오,2022-01-20,2026-01-20,판정 안 함
KODEX 코스닥150,1,위,-6.0,전체,11,-15.96,-1.45,45.45,0.527,65.47,-20.02,2.5,-4.75,6,3.7,-6.0,-6.0,4.09,0,3,5.91,예,2016-01-20,2026-01-20,제외
KODEX 코스닥150,1,위,-6.0,앞 절반,5,1.3,0.26,60.0,0.789,55.89,4.11,2.8,-3.54,2,3.7,-6.0,-6.0,4.02,0,1,7.2,아니오,2016-01-20,2020-01-20,판정 안 함
KODEX 코스닥150,1,위,-6.0,뒤 절반,6,-17.27,-2.88,33.33,0.386,72.14,-38.81,2.07,-5.35,4,2.82,-6.0,-6.0,3.9,0,2,4.83,아니오,2021-01-20,2026-01-20,판정 안 함
KODEX 코스닥150,1,위,-6.0,최근 10년,10,-17.09,-1.71,40.0,0.6,62.49,-22.49,2.85,-4.75,6,3.7,-6.0,-6.0,4.22,0,3,5.8,예,2017-01-20,2026-01-20,판정 안 함
KODEX 코스닥150,1,위,-6.0,최근 5년,5,-12.76,-2.55,40.0,0.367,73.16,-33.16,2.07,-5.63,3,2.82,-6.0,-6.0,4.27,0,2,4.4,아니오,2022-01-20,2026-01-20,판정 안 함
KODEX 코스닥150,1,위,-7.0,전체,11,14.96,1.36,54.55,1.354,42.48,12.07,6.48,-4.79,5,26.39,-7.0,-7.0,9.22,0,1,6.64,예,2016-01-20,2026-01-20,후보
KODEX 코스닥150,1,위,-7.0,앞 절반,5,0.84,0.17,60.0,0.741,57.45,2.55,2.8,-3.78,2,3.7,-6.46,-6.71,4.2,0,0,7.2,아니오,2016-01-20,2020-01-20,판정 안 함
KODEX 코스닥150,1,위,-7.0,뒤 절반,6,14.12,2.35,50.0,1.861,34.95,15.05,10.17,-5.47,3,26.39,-7.0,-7.0,12.38,0,1,6.17,아니오,2021-01-20,2026-01-20,판정 안 함
KODEX 코스닥150,1,위,-7.0,최근 10년,10,13.84,1.38,50.0,1.578,38.79,11.21,7.56,-4.79,5,26.39,-7.0,-7.0,9.72,0,1,6.6,예,2017-01-20,2026-01-20,판정 안 함
KODEX 코스닥150,1,위,-7.0,최근 5년,5,18.62,3.72,60.0,1.71,36.89,23.11,10.17,-5.95,2,26.39,-7.0,-7.0,13.32,0,1,6.0,아니오,2022-01-20,2026-01-20,판정 안 함
KODEX 코스닥150,1,위,-8.0,전체,11,13.96,1.27,54.55,1.3,43.49,11.06,6.48,-4.99,5,26.39,-8.0,-8.0,9.31,0,1,6.64,예,2016-01-20,2026-01-20,후보
KODEX 코스닥150,1,위,-8.0,앞 절반,5,0.84,0.17,60.0,0.741,57.45,2.55,2.8,-3.78,2,3.7,-6.46,-6.71,4.2,0,0,7.2,아니오,2016-01-20,2020-01-20,판정 안 함
KODEX 코스닥150,1,위,-8.0,뒤 절반,6,13.12,2.19,50.0,1.754,36.31,13.69,10.17,-5.8,3,26.39,-8.0,-8.0,12.53,0,1,6.17,아니오,2021-01-20,2026-01-20,판정 안 함
KODEX 코스닥150,1,위,-8.0,최근 10년,10,12.84,1.28,50.0,1.515,39.77,10.23,7.56,-4.99,5,26.39,-8.0,-8.0,9.82,0,1,6.6,예,2017-01-20,2026-01-20,판정 안 함
KODEX 코스닥150,1,위,-8.0,최근 5년,5,17.62,3.52,60.0,1.578,38.79,21.21,10.17,-6.45,2,26.39,-8.0,-8.0,13.53,0,1,6.0,아니오,2022-01-20,2026-01-20,판정 안 함
KODEX 코스닥150,1,위,-9.0,전체,11,12.96,1.18,54.55,1.249,44.46,10.09,6.48,-5.19,5,26.39,-9.0,-9.0,9.42,0,1,6.73,예,2016-01-20,2026-01-20,후보
KODEX 코스닥150,1,위,-9.0,앞 절반,5,0.84,0.17,60.0,0.741,57.45,2.55,2.8,-3.78,2,3.7,-6.46,-6.71,4.2,0,0,7.2,아니오,2016-01-20,2020-01-20,판정 안 함
KODEX 코스닥150,1,위,-9.0,뒤 절반,6,12.12,2.02,50.0,1.659,37.61,12.39,10.17,-6.13,3,26.39,-9.0,-9.0,12.7,0,1,6.33,아니오,2021-01-20,2026-01-20,판정 안 함
KODEX 코스닥150,1,위,-9.0,최근 10년,10,11.84,1.18,50.0,1.456,40.71,9.29,7.56,-5.19,5,26.39,-9.0,-9.0,9.93,0,1,6.7,예,2017-01-20,2026-01-20,판정 안 함
KODEX 코스닥150,1,위,-9.0,최근 5년,5,16.62,3.32,60.0,1.464,40.58,19.42,10.17,-6.95,2,26.39,-9.0,-9.0,13.74,0,1,6.2,아니오,2022-01-20,2026-01-20,판정 안 함
KODEX 코스닥150,1,위,-10.0,전체,11,11.96,1.09,54.55,1.203,45.39,9.16,6.48,-5.39,5,26.39,-10.0,-10.0,9.53,0,1,6.73,예,2016-01-20,2026-01-20,후보
KODEX 코스닥150,1,위,-10.0,앞 절반,5,0.84,0.17,60.0,0.741,57.45,2.55,2.8,-3.78,2,3.7,-6.46,-6.71,4.2,0,0,7.2,아니오,2016-01-20,2020-01-20,판정 안 함
KODEX 코스닥150,1,위,-10.0,뒤 절반,6,11.12,1.85,50.0,1.573,38.86,11.14,10.17,-6.47,3,26.39,-10.0,-10.0,12.88,0,1,6.33,아니오,2021-01-20,2026-01-20,판정 안 함
KODEX 코스닥150,1,위,-10.0,최근 10년,10,10.84,1.08,50.0,1.402,41.63,8.37,7.56,-5.39,5,26.39,-10.0,-10.0,10.04,0,1,6.7,예,2017-01-20,2026-01-20,판정 안 함
KODEX 코스닥150,1,위,-10.0,최근 5년,5,15.62,3.12,60.0,1.366,42.27,17.73,10.17,-7.45,2,26.39,-10.0,-10.0,13.97,0,1,6.2,아니오,2022-01-20,2026-01-20,판정 안 함
KODEX 코스닥150,1,위,무손절,전체,11,12.36,1.12,54.55,1.221,45.02,9.53,6.48,-5.31,5,26.39,-9.6,-13.08,9.48,0,0,6.82,예,2016-01-20,2026-01-20,후보
KODEX 코스닥150,1,위,무손절,앞 절반,5,0.84,0.17,60.0,0.741,57.45,2.55,2.8,-3.78,2,3.7,-6.46,-6.71,4.2,0,0,7.2,아니오,2016-01-20,2020-01-20,판정 안 함
KODEX 코스닥150,1,위,무손절,뒤 절반,6,11.52,1.92,50.0,1.606,38.37,11.63,10.17,-6.33,3,26.39,-9.6,-13.08,12.81,0,0,6.5,아니오,2021-01-20,2026-01-20,판정 안 함
KODEX 코스닥150,1,위,무손절,최근 10년,10,11.24,1.12,50.0,1.423,41.27,8.73,7.56,-5.31,5,26.39,-9.6,-13.08,10.0,0,0,6.8,예,2017-01-20,2026-01-20,판정 안 함
KODEX 코스닥150,1,위,무손절,최근 5년,5,16.02,3.2,60.0,1.404,41.6,18.4,10.17,-7.25,2,26.39,-9.6,-13.08,13.88,0,0,6.4,아니오,2022-01-20,2026-01-20,판정 안 함
KODEX 코스닥150,2,아래,-3.0,전체,11,8.71,0.79,54.55,1.536,39.42,15.13,3.17,-2.06,5,8.23,-3.0,-3.0,3.61,0,2,5.64,예,2016-02-19,2026-02-20,제외
KODEX 코스닥150,2,아래,-3.0,앞 절반,5,6.49,1.3,60.0,1.813,35.55,24.45,3.42,-1.89,2,8.23,-3.0,-3.0,4.22,0,1,5.6,아니오,2016-02-19,2020-02-20,판정 안 함
KODEX 코스닥150,2,아래,-3.0,뒤 절반,6,2.22,0.37,50.0,1.339,42.75,7.25,2.92,-2.18,3,5.92,-3.0,-3.0,3.38,0,1,5.67,아니오,2021-02-19,2026-02-20,판정 안 함
KODEX 코스닥150,2,아래,-3.0,최근 10년,10,9.48,0.95,60.0,1.329,42.94,17.06,3.17,-2.39,4,8.23,-3.0,-3.0,3.77,0,2,5.6,예,2017-02-20,2026-02-20,판정 안 함
KODEX 코스닥150,2,아래,-3.0,최근 5년,5,-3.7,-0.74,40.0,0.653,60.5,-20.5,1.43,-2.18,3,2.55,-3.0,-3.0,2.25,0,1,5.8,아니오,2022-02-18,2026-02-20,판정 안 함
KODEX 코스닥150,2,아래,-4.0,전체,11,11.16,1.01,63.64,1.338,42.77,20.87,2.78,-2.08,4,8.23,-4.0,-4.0,3.53,0,1,5.82,예,2016-02-19,2026-02-20,후보
KODEX 코스닥150,2,아래,-4.0,앞 절반,5,9.94,1.99,80.0,3.468,22.38,57.62,2.68,-0.77,1,8.23,-0.77,-3.33,3.57,0,0,6.0,아니오,2016-02-19,2020-02-20,판정 안 함
KODEX 코스닥150,2,아래,-4.0,뒤 절반,6,1.22,0.2,50.0,1.162,46.26,3.74,2.92,-2.52,3,5.92,-4.0,-4.0,3.6,0,1,5.67,아니오,2021-02-19,2026-02-20,판정 안 함
KODEX 코스닥150,2,아래,-4.0,최근 10년,10,11.93,1.19,70.0,1.106,47.48,22.52,2.78,-2.52,3,8.23,-4.0,-4.0,3.66,0,1,5.8,예,2017-02-20,2026-02-20,판정 안 함
KODEX 코스닥150,2,아래,-4.0,최근 5년,5,-4.7,-0.94,40.0,0.566,63.84,-23.84,1.43,-2.52,3,2.55,-4.0,-4.0,2.52,0,1,5.8,아니오,2022-02-18,2026-02-20,판정 안 함
KODEX 코스닥150,2,아래,-5.0,전체,11,10.16,0.92,63.64,1.194,45.57,18.07,2.78,-2.33,4,8.23,-5.0,-5.0,3.68,0,1,5.91,예,2016-02-19,2026-02-20,제외
KODEX 코스닥150,2,아래,-5.0,앞 절반,5,9.94,1.99,80.0,3.468,22.38,57.62,2.68,-0.77,1,8.23,-0.77,-3.33,3.57,0,0,6.0,아니오,2016-02-19,2020-02-20,판정 안 함
KODEX 코스닥150,2,아래,-5.0,뒤 절반,6,0.22,0.04,50.0,1.026,49.36,0.64,2.92,-2.85,3,5.92,-5.0,-5.0,3.85,0,1,5.83,아니오,2021-02-19,2026-02-20,판정 안 함
KODEX 코스닥150,2,아래,-5.0,최근 10년,10,10.93,1.09,70.0,0.977,50.59,19.41,2.78,-2.85,3,8.23,-5.0,-5.0,3.83,0,1,5.9,예,2017-02-20,2026-02-20,판정 안 함
KODEX 코스닥150,2,아래,-5.0,최근 5년,5,-5.7,-1.14,40.0,0.5,66.66,-26.66,1.43,-2.85,3,2.55,-5.0,-5.0,2.85,0,1,6.0,아니오,2022-02-18,2026-02-20,판정 안 함
KODEX 코스닥150,2,아래,-6.0,전체,11,10.83,0.98,63.64,1.287,43.72,19.92,2.78,-2.16,4,8.23,-4.33,-5.46,3.57,0,0,5.91,예,2016-02-19,2026-02-20,제외
KODEX 코스닥150,2,아래,-6.0,앞 절반,5,9.94,1.99,80.0,3.468,22.38,57.62,2.68,-0.77,1,8.23,-0.77,-3.33,3.57,0,0,6.0,아니오,2016-02-19,2020-02-20,판정 안 함
KODEX 코스닥150,2,아래,-6.0,뒤 절반,6,0.9,0.15,50.0,1.114,47.31,2.69,2.92,-2.63,3,5.92,-4.33,-5.46,3.68,0,0,5.83,아니오,2021-02-19,2026-02-20,판정 안 함
KODEX 코스닥150,2,아래,-6.0,최근 10년,10,11.61,1.16,70.0,1.06,48.54,21.46,2.78,-2.63,3,8.23,-4.33,-5.46,3.72,0,0,5.9,예,2017-02-20,2026-02-20,판정 안 함
KODEX 코스닥150,2,아래,-6.0,최근 5년,5,-5.02,-1.0,40.0,0.543,64.81,-24.81,1.43,-2.63,3,2.55,-4.33,-5.46,2.63,0,0,6.0,아니오,2022-02-18,2026-02-20,판정 안 함
KODEX 코스닥150,2,아래,-7.0,전체,11,10.83,0.98,63.64,1.287,43.72,19.92,2.78,-2.16,4,8.23,-4.33,-5.46,3.57,0,0,5.91,예,2016-02-19,2026-02-20,제외
KODEX 코스닥150,2,아래,-7.0,앞 절반,5,9.94,1.99,80.0,3.468,22.38,57.62,2.68,-0.77,1,8.23,-0.77,-3.33,3.57,0,0,6.0,아니오,2016-02-19,2020-02-20,판정 안 함
KODEX 코스닥150,2,아래,-7.0,뒤 절반,6,0.9,0.15,50.0,1.114,47.31,2.69,2.92,-2.63,3,5.92,-4.33,-5.46,3.68,0,0,5.83,아니오,2021-02-19,2026-02-20,판정 안 함
KODEX 코스닥150,2,아래,-7.0,최근 10년,10,11.61,1.16,70.0,1.06,48.54,21.46,2.78,-2.63,3,8.23,-4.33,-5.46,3.72,0,0,5.9,예,2017-02-20,2026-02-20,판정 안 함
KODEX 코스닥150,2,아래,-7.0,최근 5년,5,-5.02,-1.0,40.0,0.543,64.81,-24.81,1.43,-2.63,3,2.55,-4.33,-5.46,2.63,0,0,6.0,아니오,2022-02-18,2026-02-20,판정 안 함
KODEX 코스닥150,2,아래,-8.0,전체,11,10.83,0.98,63.64,1.287,43.72,19.92,2.78,-2.16,4,8.23,-4.33,-5.46,3.57,0,0,5.91,예,2016-02-19,2026-02-20,제외
KODEX 코스닥150,2,아래,-8.0,앞 절반,5,9.94,1.99,80.0,3.468,22.38,57.62,2.68,-0.77,1,8.23,-0.77,-3.33,3.57,0,0,6.0,아니오,2016-02-19,2020-02-20,판정 안 함
KODEX 코스닥150,2,아래,-8.0,뒤 절반,6,0.9,0.15,50.0,1.114,47.31,2.69,2.92,-2.63,3,5.92,-4.33,-5.46,3.68,0,0,5.83,아니오,2021-02-19,2026-02-20,판정 안 함
KODEX 코스닥150,2,아래,-8.0,최근 10년,10,11.61,1.16,70.0,1.06,48.54,21.46,2.78,-2.63,3,8.23,-4.33,-5.46,3.72,0,0,5.9,예,2017-02-20,2026-02-20,판정 안 함
KODEX 코스닥150,2,아래,-8.0,최근 5년,5,-5.02,-1.0,40.0,0.543,64.81,-24.81,1.43,-2.63,3,2.55,-4.33,-5.46,2.63,0,0,6.0,아니오,2022-02-18,2026-02-20,판정 안 함
KODEX 코스닥150,2,아래,-9.0,전체,11,10.83,0.98,63.64,1.287,43.72,19.92,2.78,-2.16,4,8.23,-4.33,-5.46,3.57,0,0,5.91,예,2016-02-19,2026-02-20,제외
KODEX 코스닥150,2,아래,-9.0,앞 절반,5,9.94,1.99,80.0,3.468,22.38,57.62,2.68,-0.77,1,8.23,-0.77,-3.33,3.57,0,0,6.0,아니오,2016-02-19,2020-02-20,판정 안 함
KODEX 코스닥150,2,아래,-9.0,뒤 절반,6,0.9,0.15,50.0,1.114,47.31,2.69,2.92,-2.63,3,5.92,-4.33,-5.46,3.68,0,0,5.83,아니오,2021-02-19,2026-02-20,판정 안 함
KODEX 코스닥150,2,아래,-9.0,최근 10년,10,11.61,1.16,70.0,1.06,48.54,21.46,2.78,-2.63,3,8.23,-4.33,-5.46,3.72,0,0,5.9,예,2017-02-20,2026-02-20,판정 안 함
KODEX 코스닥150,2,아래,-9.0,최근 5년,5,-5.02,-1.0,40.0,0.543,64.81,-24.81,1.43,-2.63,3,2.55,-4.33,-5.46,2.63,0,0,6.0,아니오,2022-02-18,2026-02-20,판정 안 함
KODEX 코스닥150,2,아래,-10.0,전체,11,10.83,0.98,63.64,1.287,43.72,19.92,2.78,-2.16,4,8.23,-4.33,-5.46,3.57,0,0,5.91,예,2016-02-19,2026-02-20,제외
KODEX 코스닥150,2,아래,-10.0,앞 절반,5,9.94,1.99,80.0,3.468,22.38,57.62,2.68,-0.77,1,8.23,-0.77,-3.33,3.57,0,0,6.0,아니오,2016-02-19,2020-02-20,판정 안 함
KODEX 코스닥150,2,아래,-10.0,뒤 절반,6,0.9,0.15,50.0,1.114,47.31,2.69,2.92,-2.63,3,5.92,-4.33,-5.46,3.68,0,0,5.83,아니오,2021-02-19,2026-02-20,판정 안 함
KODEX 코스닥150,2,아래,-10.0,최근 10년,10,11.61,1.16,70.0,1.06,48.54,21.46,2.78,-2.63,3,8.23,-4.33,-5.46,3.72,0,0,5.9,예,2017-02-20,2026-02-20,판정 안 함
KODEX 코스닥150,2,아래,-10.0,최근 5년,5,-5.02,-1.0,40.0,0.543,64.81,-24.81,1.43,-2.63,3,2.55,-4.33,-5.46,2.63,0,0,6.0,아니오,2022-02-18,2026-02-20,판정 안 함
KODEX 코스닥150,2,아래,무손절,전체,11,10.83,0.98,63.64,1.287,43.72,19.92,2.78,-2.16,4,8.23,-4.33,-5.46,3.57,0,0,5.91,예,2016-02-19,2026-02-20,제외
KODEX 코스닥150,2,아래,무손절,앞 절반,5,9.94,1.99,80.0,3.468,22.38,57.62,2.68,-0.77,1,8.23,-0.77,-3.33,3.57,0,0,6.0,아니오,2016-02-19,2020-02-20,판정 안 함
KODEX 코스닥150,2,아래,무손절,뒤 절반,6,0.9,0.15,50.0,1.114,47.31,2.69,2.92,-2.63,3,5.92,-4.33,-5.46,3.68,0,0,5.83,아니오,2021-02-19,2026-02-20,판정 안 함
KODEX 코스닥150,2,아래,무손절,최근 10년,10,11.61,1.16,70.0,1.06,48.54,21.46,2.78,-2.63,3,8.23,-4.33,-5.46,3.72,0,0,5.9,예,2017-02-20,2026-02-20,판정 안 함
KODEX 코스닥150,2,아래,무손절,최근 5년,5,-5.02,-1.0,40.0,0.543,64.81,-24.81,1.43,-2.63,3,2.55,-4.33,-5.46,2.63,0,0,6.0,아니오,2022-02-18,2026-02-20,판정 안 함
KODEX 코스닥150,2,위,-3.0,전체,11,-11.35,-1.03,27.27,1.068,48.35,-21.08,2.53,-2.37,8,4.33,-4.92,-4.92,2.72,1,3,4.82,예,2016-02-19,2026-02-20,제외
KODEX 코스닥150,2,위,-3.0,앞 절반,5,-6.63,-1.33,20.0,0.417,70.55,-50.55,0.77,-1.85,4,0.77,-4.92,-4.92,2.14,1,0,5.2,아니오,2016-02-19,2020-02-20,판정 안 함
KODEX 코스닥150,2,위,-3.0,뒤 절반,6,-4.73,-0.79,33.33,1.181,45.85,-12.52,3.41,-2.89,4,4.33,-3.0,-3.0,3.31,0,3,4.5,아니오,2021-02-19,2026-02-20,판정 안 함
KODEX 코스닥150,2,위,-3.0,최근 10년,10,-12.13,-1.21,20.0,1.44,40.99,-20.99,3.41,-2.37,8,4.33,-4.92,-4.92,2.79,1,3,4.7,예,2017-02-20,2026-02-20,판정 안 함
KODEX 코스닥150,2,위,-3.0,최근 5년,5,-1.73,-0.35,40.0,1.197,45.52,-5.52,3.41,-2.85,3,4.33,-3.0,-3.0,3.49,0,2,5.0,아니오,2022-02-18,2026-02-20,판정 안 함
KODEX 코스닥150,2,위,-4.0,전체,11,-5.6,-0.51,36.36,1.062,48.5,-12.14,2.16,-2.04,7,4.33,-4.92,-4.92,2.7,1,1,5.27,예,2016-02-19,2026-02-20,제외
KODEX 코스닥150,2,위,-4.0,앞 절반,5,-6.63,-1.33,20.0,0.417,70.55,-50.55,0.77,-1.85,4,0.77,-4.92,-4.92,2.14,1,0,5.2,아니오,2016-02-19,2020-02-20,판정 안 함
KODEX 코스닥150,2,위,-4.0,뒤 절반,6,1.02,0.17,50.0,1.15,46.52,3.48,2.63,-2.28,3,4.33,-4.0,-4.0,3.11,0,1,5.33,아니오,2021-02-19,2026-02-20,판정 안 함
KODEX 코스닥150,2,위,-4.0,최근 10년,10,-6.37,-0.64,30.0,1.29,43.68,-13.68,2.63,-2.04,7,4.33,-4.92,-4.92,2.81,1,1,5.2,예,2017-02-20,2026-02-20,판정 안 함
KODEX 코스닥150,2,위,-4.0,최근 5년,5,5.02,1.0,60.0,1.842,35.19,24.81,2.63,-1.43,2,4.33,-2.55,-3.97,2.63,0,0,6.0,아니오,2022-02-18,2026-02-20,판정 안 함
KODEX 코스닥150,2,위,-5.0,전체,11,-6.68,-0.61,36.36,0.987,50.32,-13.96,2.16,-2.19,7,4.33,-5.0,-5.0,2.85,0,2,5.36,예,2016-02-19,2026-02-20,제외
KODEX 코스닥150,2,위,-5.0,앞 절반,5,-6.71,-1.34,20.0,0.413,70.77,-50.77,0.77,-1.87,4,0.77,-5.0,-5.0,2.18,0,1,5.2,아니오,2016-02-19,2020-02-20,판정 안 함
KODEX 코스닥150,2,위,-5.0,뒤 절반,6,0.02,0.0,50.0,1.003,49.92,0.08,2.63,-2.62,3,4.33,-5.0,-5.0,3.39,0,1,5.5,아니오,2021-02-19,2026-02-20,판정 안 함
KODEX 코스닥150,2,위,-5.0,최근 10년,10,-7.45,-0.75,30.0,1.199,45.48,-15.48,2.63,-2.19,7,4.33,-5.0,-5.0,2.97,0,2,5.3,예,2017-02-20,2026-02-20,판정 안 함
KODEX 코스닥150,2,위,-5.0,최근 5년,5,5.02,1.0,60.0,1.842,35.19,24.81,2.63,-1.43,2,4.33,-2.55,-3.97,2.63,0,0,6.0,아니오,2022-02-18,2026-02-20,판정 안 함
KODEX 코스닥150,2,위,-6.0,전체,11,-8.68,-0.79,36.36,0.873,53.38,-17.02,2.16,-2.48,7,4.33,-6.0,-6.0,3.17,0,2,5.36,예,2016-02-19,2026-02-20,제외
KODEX 코스닥150,2,위,-6.0,앞 절반,5,-7.71,-1.54,20.0,0.364,73.3,-53.3,0.77,-2.12,4,0.77,-6.0,-6.0,2.6,0,1,5.2,아니오,2016-02-19,2020-02-20,판정 안 함
KODEX 코스닥150,2,위,-6.0,뒤 절반,6,-0.98,-0.16,50.0,0.89,52.91,-2.91,2.63,-2.95,3,4.33,-6.0,-6.0,3.7,0,1,5.5,아니오,2021-02-19,2026-02-20,판정 안 함
KODEX 코스닥150,2,위,-6.0,최근 10년,10,-9.45,-0.95,30.0,1.06,48.53,-18.53,2.63,-2.48,7,4.33,-6.0,-6.0,3.3,0,2,5.3,예,2017-02-20,2026-02-20,판정 안 함
KODEX 코스닥150,2,위,-6.0,최근 5년,5,5.02,1.0,60.0,1.842,35.19,24.81,2.63,-1.43,2,4.33,-2.55,-3.97,2.63,0,0,6.0,아니오,2022-02-18,2026-02-20,판정 안 함
KODEX 코스닥150,2,위,-7.0,전체,11,-10.68,-0.97,36.36,0.783,56.09,-19.73,2.16,-2.76,7,4.33,-7.0,-7.0,3.51,0,2,5.36,예,2016-02-19,2026-02-20,제외
KODEX 코스닥150,2,위,-7.0,앞 절반,5,-8.71,-1.74,20.0,0.326,75.42,-55.42,0.77,-2.37,4,0.77,-7.0,-7.0,3.03,0,1,5.2,아니오,2016-02-19,2020-02-20,판정 안 함
KODEX 코스닥150,2,위,-7.0,뒤 절반,6,-1.98,-0.33,50.0,0.8,55.57,-5.57,2.63,-3.28,3,4.33,-7.0,-7.0,4.02,0,1,5.5,아니오,2021-02-19,2026-02-20,판정 안 함
KODEX 코스닥150,2,위,-7.0,최근 10년,10,-11.45,-1.15,30.0,0.951,51.26,-21.26,2.63,-2.76,7,4.33,-7.0,-7.0,3.65,0,2,5.3,예,2017-02-20,2026-02-20,판정 안 함
KODEX 코스닥150,2,위,-7.0,최근 5년,5,5.02,1.0,60.0,1.842,35.19,24.81,2.63,-1.43,2,4.33,-2.55,-3.97,2.63,0,0,6.0,아니오,2022-02-18,2026-02-20,판정 안 함
KODEX 코스닥150,2,위,-8.0,전체,11,-10.6,-0.96,36.36,0.786,55.99,-19.63,2.16,-2.75,7,4.33,-8.0,-8.0,3.53,0,1,5.91,예,2016-02-19,2026-02-20,제외
KODEX 코스닥150,2,위,-8.0,앞 절반,5,-9.71,-1.94,20.0,0.295,77.23,-57.23,0.77,-2.62,4,0.77,-8.0,-8.0,3.47,0,1,6.0,아니오,2016-02-19,2020-02-20,판정 안 함
KODEX 코스닥150,2,위,-8.0,뒤 절반,6,-0.9,-0.15,50.0,0.898,52.69,-2.69,2.63,-2.92,3,4.33,-5.92,-7.71,3.68,0,0,5.83,아니오,2021-02-19,2026-02-20,판정 안 함
KODEX 코스닥150,2,위,-8.0,최근 10년,10,-11.38,-1.14,30.0,0.955,51.16,-21.16,2.63,-2.75,7,4.33,-8.0,-8.0,3.67,0,1,5.9,예,2017-02-20,2026-02-20,판정 안 함
KODEX 코스닥150,2,위,-8.0,최근 5년,5,5.02,1.0,60.0,1.842,35.19,24.81,2.63,-1.43,2,4.33,-2.55,-3.97,2.63,0,0,6.0,아니오,2022-02-18,2026-02-20,판정 안 함
KODEX 코스닥150,2,위,-9.0,전체,11,-10.83,-0.98,36.36,0.777,56.28,-19.92,2.16,-2.78,7,4.33,-8.23,-8.82,3.57,0,0,5.91,예,2016-02-19,2026-02-20,제외
KODEX 코스닥150,2,위,-9.0,앞 절반,5,-9.94,-1.99,20.0,0.288,77.62,-57.62,0.77,-2.68,4,0.77,-8.23,-8.82,3.57,0,0,6.0,아니오,2016-02-19,2020-02-20,판정 안 함
KODEX 코스닥150,2,위,-9.0,뒤 절반,6,-0.9,-0.15,50.0,0.898,52.69,-2.69,2.63,-2.92,3,4.33,-5.92,-7.71,3.68,0,0,5.83,아니오,2021-02-19,2026-02-20,판정 안 함
KODEX 코스닥150,2,위,-9.0,최근 10년,10,-11.61,-1.16,30.0,0.943,51.46,-21.46,2.63,-2.78,7,4.33,-8.23,-8.82,3.72,0,0,5.9,예,2017-02-20,2026-02-20,판정 안 함
KODEX 코스닥150,2,위,-9.0,최근 5년,5,5.02,1.0,60.0,1.842,35.19,24.81,2.63,-1.43,2,4.33,-2.55,-3.97,2.63,0,0,6.0,아니오,2022-02-18,2026-02-20,판정 안 함
KODEX 코스닥150,2,위,-10.0,전체,11,-10.83,-0.98,36.36,0.777,56.28,-19.92,2.16,-2.78,7,4.33,-8.23,-8.82,3.57,0,0,5.91,예,2016-02-19,2026-02-20,제외
KODEX 코스닥150,2,위,-10.0,앞 절반,5,-9.94,-1.99,20.0,0.288,77.62,-57.62,0.77,-2.68,4,0.77,-8.23,-8.82,3.57,0,0,6.0,아니오,2016-02-19,2020-02-20,판정 안 함
KODEX 코스닥150,2,위,-10.0,뒤 절반,6,-0.9,-0.15,50.0,0.898,52.69,-2.69,2.63,-2.92,3,4.33,-5.92,-7.71,3.68,0,0,5.83,아니오,2021-02-19,2026-02-20,판정 안 함
KODEX 코스닥150,2,위,-10.0,최근 10년,10,-11.61,-1.16,30.0,0.943,51.46,-21.46,2.63,-2.78,7,4.33,-8.23,-8.82,3.72,0,0,5.9,예,2017-02-20,2026-02-20,판정 안 함
KODEX 코스닥150,2,위,-10.0,최근 5년,5,5.02,1.0,60.0,1.842,35.19,24.81,2.63,-1.43,2,4.33,-2.55,-3.97,2.63,0,0,6.0,아니오,2022-02-18,2026-02-20,판정 안 함
KODEX 코스닥150,2,위,무손절,전체,11,-10.83,-0.98,36.36,0.777,56.28,-19.92,2.16,-2.78,7,4.33,-8.23,-8.82,3.57,0,0,5.91,예,2016-02-19,2026-02-20,제외
KODEX 코스닥150,2,위,무손절,앞 절반,5,-9.94,-1.99,20.0,0.288,77.62,-57.62,0.77,-2.68,4,0.77,-8.23,-8.82,3.57,0,0,6.0,아니오,2016-02-19,2020-02-20,판정 안 함
KODEX 코스닥150,2,위,무손절,뒤 절반,6,-0.9,-0.15,50.0,0.898,52.69,-2.69,2.63,-2.92,3,4.33,-5.92,-7.71,3.68,0,0,5.83,아니오,2021-02-19,2026-02-20,판정 안 함
KODEX 코스닥150,2,위,무손절,최근 10년,10,-11.61,-1.16,30.0,0.943,51.46,-21.46,2.63,-2.78,7,4.33,-8.23,-8.82,3.72,0,0,5.9,예,2017-02-20,2026-02-20,판정 안 함
KODEX 코스닥150,2,위,무손절,최근 5년,5,5.02,1.0,60.0,1.842,35.19,24.81,2.63,-1.43,2,4.33,-2.55,-3.97,2.63,0,0,6.0,아니오,2022-02-18,2026-02-20,판정 안 함
KODEX 코스닥150,3,아래,-3.0,전체,11,14.02,1.27,54.55,1.816,35.51,19.04,4.32,-2.38,5,9.63,-3.0,-3.0,4.38,0,3,6.55,예,2016-03-18,2026-03-20,후보
KODEX 코스닥150,3,아래,-3.0,앞 절반,5,2.55,0.51,60.0,0.967,50.84,9.16,2.74,-2.83,2,3.62,-3.0,-3.0,3.12,0,1,7.0,아니오,2016-03-18,2020-03-20,판정 안 함
KODEX 코스닥150,3,아래,-3.0,뒤 절반,6,11.47,1.91,50.0,2.841,26.04,23.96,5.9,-2.08,3,9.63,-3.0,-3.0,5.44,0,2,6.17,아니오,2021-03-19,2026-03-20,판정 안 함
KODEX 코스닥150,3,아래,-3.0,최근 10년,10,12.19,1.22,50.0,2.025,33.05,16.95,4.82,-2.38,5,9.63,-3.0,-3.0,4.62,0,3,6.3,예,2017-03-20,2026-03-20,판정 안 함
KODEX 코스닥150,3,아래,-3.0,최근 5년,5,11.08,2.22,40.0,4.169,19.35,20.65,8.66,-2.08,3,9.63,-3.0,-3.0,6.03,0,2,5.8,아니오,2022-03-18,2026-03-20,판정 안 함
KODEX 코스닥150,3,아래,-4.0,전체,11,9.03,0.82,54.55,1.279,43.88,10.67,4.32,-3.37,5,9.63,-5.99,-5.99,4.93,1,2,7.0,예,2016-03-18,2026-03-20,제외
KODEX 코스닥150,3,아래,-4.0,앞 절반,5,-0.44,-0.09,60.0,0.633,61.24,-1.24,2.74,-4.32,2,3.62,-5.99,-5.99,4.09,1,0,7.2,아니오,2016-03-18,2020-03-20,판정 안 함
KODEX 코스닥150,3,아래,-4.0,뒤 절반,6,9.47,1.58,50.0,2.15,31.74,18.26,5.9,-2.74,3,9.63,-4.0,-4.0,5.81,0,2,6.83,아니오,2021-03-19,2026-03-20,판정 안 함
KODEX 코스닥150,3,아래,-4.0,최근 10년,10,7.2,0.72,50.0,1.427,41.21,8.79,4.82,-3.37,5,9.63,-5.99,-5.99,5.19,1,2,6.8,예,2017-03-20,2026-03-20,판정 안 함
KODEX 코스닥150,3,아래,-4.0,최근 5년,5,9.08,1.82,40.0,3.156,24.06,15.94,8.66,-2.74,3,9.63,-4.0,-4.0,6.47,0,2,6.6,아니오,2022-03-18,2026-03-20,판정 안 함
KODEX 코스닥150,3,아래,-5.0,전체,11,7.03,0.64,54.55,1.144,46.65,7.9,4.32,-3.77,5,9.63,-5.99,-5.99,5.14,1,2,7.09,예,2016-03-18,2026-03-20,제외
KODEX 코스닥150,3,아래,-5.0,앞 절반,5,-0.44,-0.09,60.0,0.633,61.24,-1.24,2.74,-4.32,2,3.62,-5.99,-5.99,4.09,1,0,7.2,아니오,2016-03-18,2020-03-20,판정 안 함
KODEX 코스닥150,3,아래,-5.0,뒤 절반,6,7.47,1.24,50.0,1.73,36.63,13.37,5.9,-3.41,3,9.63,-5.0,-5.0,6.21,0,2,7.0,아니오,2021-03-19,2026-03-20,판정 안 함
KODEX 코스닥150,3,아래,-5.0,최근 10년,10,5.2,0.52,50.0,1.276,43.94,6.06,4.82,-3.77,5,9.63,-5.99,-5.99,5.4,1,2,6.9,예,2017-03-20,2026-03-20,판정 안 함
KODEX 코스닥150,3,아래,-5.0,최근 5년,5,7.08,1.42,40.0,2.539,28.26,11.74,8.66,-3.41,3,9.63,-5.0,-5.0,6.92,0,2,6.8,아니오,2022-03-18,2026-03-20,판정 안 함
KODEX 코스닥150,3,아래,-6.0,전체,11,5.02,0.46,54.55,1.033,49.18,5.37,4.32,-4.18,5,9.63,-6.0,-6.0,5.37,0,3,7.18,예,2016-03-18,2026-03-20,제외
KODEX 코스닥150,3,아래,-6.0,앞 절반,5,-0.45,-0.09,60.0,0.632,61.27,-1.27,2.74,-4.33,2,3.62,-6.0,-6.0,4.1,0,1,7.2,아니오,2016-03-18,2020-03-20,판정 안 함
KODEX 코스닥150,3,아래,-6.0,뒤 절반,6,5.47,0.91,50.0,1.447,40.87,9.13,5.9,-4.08,3,9.63,-6.0,-6.0,6.62,0,2,7.17,아니오,2021-03-19,2026-03-20,판정 안 함
KODEX 코스닥150,3,아래,-6.0,최근 10년,10,3.19,0.32,50.0,1.153,46.45,3.55,4.82,-4.18,5,9.63,-6.0,-6.0,5.64,0,3,7.0,예,2017-03-20,2026-03-20,판정 안 함
KODEX 코스닥150,3,아래,-6.0,최근 5년,5,5.08,1.02,40.0,2.123,32.02,7.98,8.66,-4.08,3,9.63,-6.0,-6.0,7.39,0,2,7.0,아니오,2022-03-18,2026-03-20,판정 안 함
KODEX 코스닥150,3,아래,-7.0,전체,11,6.65,0.6,54.55,1.121,47.14,7.41,4.32,-3.85,5,9.63,-7.0,-7.0,5.32,0,2,7.55,예,2016-03-18,2026-03-20,제외
KODEX 코스닥150,3,아래,-7.0,앞 절반,5,-1.45,-0.29,60.0,0.567,63.83,-3.83,2.74,-4.83,2,3.62,-7.0,-7.0,4.46,0,1,7.2,아니오,2016-03-18,2020-03-20,판정 안 함
KODEX 코스닥150,3,아래,-7.0,뒤 절반,6,8.1,1.35,50.0,1.845,35.15,14.85,5.9,-3.2,3,9.63,-7.0,-7.0,6.25,0,1,7.83,아니오,2021-03-19,2026-03-20,판정 안 함
KODEX 코스닥150,3,아래,-7.0,최근 10년,10,4.83,0.48,50.0,1.251,44.43,5.57,4.82,-3.85,5,9.63,-7.0,-7.0,5.59,0,2,7.4,예,2017-03-20,2026-03-20,판정 안 함
KODEX 코스닥150,3,아래,-7.0,최근 5년,5,7.72,1.54,40.0,2.708,26.97,13.03,8.66,-3.2,3,9.63,-7.0,-7.0,6.97,0,1,7.8,아니오,2022-03-18,2026-03-20,판정 안 함
KODEX 코스닥150,3,아래,-8.0,전체,11,5.69,0.52,54.55,1.068,48.36,6.19,4.32,-4.04,5,9.63,-8.0,-8.0,5.46,0,1,7.64,예,2016-03-18,2026-03-20,제외
KODEX 코스닥150,3,아래,-8.0,앞 절반,5,-2.45,-0.49,60.0,0.513,66.08,-6.08,2.74,-5.33,2,3.62,-8.0,-8.0,4.85,0,1,7.4,아니오,2016-03-18,2020-03-20,판정 안 함
KODEX 코스닥150,3,아래,-8.0,뒤 절반,6,8.14,1.36,50.0,1.851,35.07,14.93,5.9,-3.19,3,9.63,-6.97,-7.05,6.25,0,0,7.83,아니오,2021-03-19,2026-03-20,판정 안 함
KODEX 코스닥150,3,아래,-8.0,최근 10년,10,3.86,0.39,50.0,1.191,45.64,4.36,4.82,-4.04,5,9.63,-8.0,-8.0,5.74,0,1,7.5,예,2017-03-20,2026-03-20,판정 안 함
KODEX 코스닥150,3,아래,-8.0,최근 5년,5,7.75,1.55,40.0,2.717,26.9,13.1,8.66,-3.19,3,9.63,-6.97,-7.05,6.96,0,0,7.8,아니오,2022-03-18,2026-03-20,판정 안 함
KODEX 코스닥150,3,아래,-9.0,전체,11,4.69,0.43,54.55,1.017,49.57,4.98,4.32,-4.24,5,9.63,-9.0,-9.0,5.62,0,1,7.64,예,2016-03-18,2026-03-20,제외
KODEX 코스닥150,3,아래,-9.0,앞 절반,5,-3.45,-0.69,60.0,0.469,68.06,-8.06,2.74,-5.83,2,3.62,-9.0,-9.0,5.24,0,1,7.4,아니오,2016-03-18,2020-03-20,판정 안 함
KODEX 코스닥150,3,아래,-9.0,뒤 절반,6,8.14,1.36,50.0,1.851,35.07,14.93,5.9,-3.19,3,9.63,-6.97,-7.05,6.25,0,0,7.83,아니오,2021-03-19,2026-03-20,판정 안 함
KODEX 코스닥150,3,아래,-9.0,최근 10년,10,2.86,0.29,50.0,1.135,46.84,3.16,4.82,-4.24,5,9.63,-9.0,-9.0,5.91,0,1,7.5,예,2017-03-20,2026-03-20,판정 안 함
KODEX 코스닥150,3,아래,-9.0,최근 5년,5,7.75,1.55,40.0,2.717,26.9,13.1,8.66,-3.19,3,9.63,-6.97,-7.05,6.96,0,0,7.8,아니오,2022-03-18,2026-03-20,판정 안 함
KODEX 코스닥150,3,아래,-10.0,전체,11,3.69,0.34,54.55,0.972,50.72,3.83,4.32,-4.44,5,9.63,-10.0,-10.0,5.8,0,1,7.64,예,2016-03-18,2026-03-20,제외
KODEX 코스닥150,3,아래,-10.0,앞 절반,5,-4.45,-0.89,60.0,0.432,69.82,-9.82,2.74,-6.33,2,3.62,-10.0,-10.0,5.64,0,1,7.4,아니오,2016-03-18,2020-03-20,판정 안 함
KODEX 코스닥150,3,아래,-10.0,뒤 절반,6,8.14,1.36,50.0,1.851,35.07,14.93,5.9,-3.19,3,9.63,-6.97,-7.05,6.25,0,0,7.83,아니오,2021-03-19,2026-03-20,판정 안 함
KODEX 코스닥150,3,아래,-10.0,최근 10년,10,1.86,0.19,50.0,1.084,47.99,2.01,4.82,-4.44,5,9.63,-10.0,-10.0,6.09,0,1,7.5,예,2017-03-20,2026-03-20,판정 안 함
KODEX 코스닥150,3,아래,-10.0,최근 5년,5,7.75,1.55,40.0,2.717,26.9,13.1,8.66,-3.19,3,9.63,-6.97,-7.05,6.96,0,0,7.8,아니오,2022-03-18,2026-03-20,판정 안 함
KODEX 코스닥150,3,아래,무손절,전체,11,-4.59,-0.42,54.55,0.708,58.55,-4.0,4.32,-6.1,5,9.63,-18.28,-19.3,7.55,0,0,7.91,예,2016-03-18,2026-03-20,제외
KODEX 코스닥150,3,아래,무손절,앞 절반,5,-12.73,-2.55,60.0,0.261,79.28,-19.28,2.74,-10.47,2,3.62,-18.28,-19.3,9.12,0,0,8.0,아니오,2016-03-18,2020-03-20,판정 안 함
KODEX 코스닥150,3,아래,무손절,뒤 절반,6,8.14,1.36,50.0,1.851,35.07,14.93,5.9,-3.19,3,9.63,-6.97,-7.05,6.25,0,0,7.83,아니오,2021-03-19,2026-03-20,판정 안 함
KODEX 코스닥150,3,아래,무손절,최근 10년,10,-6.42,-0.64,50.0,0.789,55.88,-5.88,4.82,-6.1,5,9.63,-18.28,-19.3,7.92,0,0,7.8,예,2017-03-20,2026-03-20,판정 안 함
KODEX 코스닥150,3,아래,무손절,최근 5년,5,7.75,1.55,40.0,2.717,26.9,13.1,8.66,-3.19,3,9.63,-6.97,-7.05,6.96,0,0,7.8,아니오,2022-03-18,2026-03-20,판정 안 함
KODEX 코스닥150,3,위,-3.0,전체,11,-9.83,-0.89,36.36,0.97,50.77,-14.41,3.05,-3.15,7,6.97,-6.62,-6.62,3.76,2,4,5.36,예,2016-03-18,2026-03-20,제외
KODEX 코스닥150,3,위,-3.0,앞 절반,5,-12.97,-2.59,20.0,0.68,59.51,-39.51,2.66,-3.91,4,2.66,-6.62,-6.62,3.33,1,3,4.2,아니오,2016-03-18,2020-03-20,판정 안 함
KODEX 코스닥150,3,위,-3.0,뒤 절반,6,3.14,0.52,50.0,1.489,40.18,9.82,3.19,-2.14,3,6.97,-3.04,-3.04,3.77,1,1,6.33,아니오,2021-03-19,2026-03-20,판정 안 함
KODEX 코스닥150,3,위,-3.0,최근 10년,10,-6.83,-0.68,40.0,0.962,50.96,-10.96,3.05,-3.17,6,6.97,-6.62,-6.62,3.9,2,3,5.3,예,2017-03-20,2026-03-20,판정 안 함
KODEX 코스닥150,3,위,-3.0,최근 5년,5,3.52,0.7,60.0,1.056,48.65,11.35,3.19,-3.02,2,6.97,-3.04,-3.04,4.18,1,1,6.0,아니오,2022-03-18,2026-03-20,판정 안 함
KODEX 코스닥150,3,위,-4.0,전체,11,-14.07,-1.28,36.36,0.813,55.14,-18.78,3.05,-3.75,7,6.97,-6.62,-6.62,4.1,3,2,6.18,예,2016-03-18,2026-03-20,제외
KODEX 코스닥150,3,위,-4.0,앞 절반,5,-15.24,-3.05,20.0,0.594,62.74,-42.74,2.66,-4.47,4,2.66,-6.62,-6.62,3.66,3,0,5.6,아니오,2016-03-18,2020-03-20,판정 안 함
KODEX 코스닥150,3,위,-4.0,뒤 절반,6,1.17,0.2,50.0,1.14,46.73,3.27,3.19,-2.79,3,6.97,-4.0,-4.0,4.15,0,2,6.67,아니오,2021-03-19,2026-03-20,판정 안 함
KODEX 코스닥150,3,위,-4.0,최근 10년,10,-12.24,-1.22,40.0,0.749,57.17,-17.17,3.05,-4.08,6,6.97,-6.62,-6.62,4.32,3,2,5.9,예,2017-03-20,2026-03-20,판정 안 함
KODEX 코스닥150,3,위,-4.0,최근 5년,5,1.56,0.31,60.0,0.796,55.66,4.34,3.19,-4.0,2,6.97,-4.0,-4.0,4.63,0,2,6.4,아니오,2022-03-18,2026-03-20,판정 안 함
KODEX 코스닥150,3,위,-5.0,전체,11,-17.06,-1.55,36.36,0.73,57.79,-21.43,3.05,-4.18,7,6.97,-6.62,-6.62,4.32,2,3,6.27,예,2016-03-18,2026-03-20,제외
KODEX 코스닥150,3,위,-5.0,앞 절반,5,-16.23,-3.25,20.0,0.563,63.99,-43.99,2.66,-4.72,4,2.66,-6.62,-6.62,3.75,2,1,5.8,아니오,2016-03-18,2020-03-20,판정 안 함
KODEX 코스닥150,3,위,-5.0,뒤 절반,6,-0.83,-0.14,50.0,0.92,52.07,-2.07,3.19,-3.46,3,6.97,-5.0,-5.0,4.57,0,2,6.67,아니오,2021-03-19,2026-03-20,판정 안 함
KODEX 코스닥150,3,위,-5.0,최근 10년,10,-15.23,-1.52,40.0,0.668,59.97,-19.97,3.05,-4.57,6,6.97,-6.62,-6.62,4.55,2,3,6.0,예,2017-03-20,2026-03-20,판정 안 함
KODEX 코스닥150,3,위,-5.0,최근 5년,5,-0.44,-0.09,60.0,0.637,61.08,-1.08,3.19,-5.0,2,6.97,-5.0,-5.0,5.1,0,2,6.4,아니오,2022-03-18,2026-03-20,판정 안 함
KODEX 코스닥150,3,위,-6.0,전체,11,-17.95,-1.63,36.36,0.709,58.52,-22.16,3.05,-4.31,7,6.97,-6.62,-6.62,4.5,2,2,6.91,예,2016-03-18,2026-03-20,제외
KODEX 코스닥150,3,위,-6.0,앞 절반,5,-14.56,-2.91,20.0,0.618,61.82,-41.82,2.66,-4.3,4,2.66,-6.62,-6.62,3.73,1,1,5.8,아니오,2016-03-18,2020-03-20,판정 안 함
KODEX 코스닥150,3,위,-6.0,뒤 절반,6,-3.39,-0.57,50.0,0.738,57.53,-7.53,3.19,-4.32,3,6.97,-6.56,-6.56,5.13,1,1,7.83,아니오,2021-03-19,2026-03-20,판정 안 함
KODEX 코스닥150,3,위,-6.0,최근 10년,10,-16.12,-1.61,40.0,0.647,60.73,-20.73,3.05,-4.72,6,6.97,-6.62,-6.62,4.74,2,2,6.7,예,2017-03-20,2026-03-20,판정 안 함
KODEX 코스닥150,3,위,-6.0,최근 5년,5,-3.01,-0.6,60.0,0.507,66.35,-6.35,3.19,-6.28,2,6.97,-6.56,-6.56,5.73,1,1,7.8,아니오,2022-03-18,2026-03-20,판정 안 함
KODEX 코스닥150,3,위,-7.0,전체,11,-20.76,-1.89,36.36,0.648,60.67,-24.31,3.05,-4.71,7,6.97,-7.0,-7.0,4.79,0,4,6.91,예,2016-03-18,2026-03-20,제외
KODEX 코스닥150,3,위,-7.0,앞 절반,5,-15.93,-3.19,20.0,0.572,63.62,-43.62,2.66,-4.65,4,2.66,-7.0,-7.0,4.04,0,2,5.8,아니오,2016-03-18,2020-03-20,판정 안 함
KODEX 코스닥150,3,위,-7.0,뒤 절반,6,-4.83,-0.8,50.0,0.664,60.08,-10.08,3.19,-4.79,3,6.97,-7.0,-7.0,5.45,0,2,7.83,아니오,2021-03-19,2026-03-20,판정 안 함
KODEX 코스닥150,3,위,-7.0,최근 10년,10,-18.93,-1.89,40.0,0.588,62.96,-22.96,3.05,-5.19,6,6.97,-7.0,-7.0,5.05,0,4,6.7,예,2017-03-20,2026-03-20,판정 안 함
KODEX 코스닥150,3,위,-7.0,최근 5년,5,-4.44,-0.89,60.0,0.455,68.72,-8.72,3.19,-7.0,2,6.97,-7.0,-7.0,6.09,0,2,7.8,아니오,2022-03-18,2026-03-20,판정 안 함
KODEX 코스닥150,3,위,-8.0,전체,11,1.52,0.14,45.45,1.263,44.19,1.26,6.1,-4.83,6,18.28,-8.0,-8.0,7.74,0,3,7.45,예,2016-03-18,2026-03-20,제외
KODEX 코스닥150,3,위,-8.0,앞 절반,5,8.35,1.67,40.0,2.494,28.62,11.38,10.47,-4.2,3,18.28,-8.0,-8.0,10.03,0,1,7.0,아니오,2016-03-18,2020-03-20,판정 안 함
KODEX 코스닥150,3,위,-8.0,뒤 절반,6,-6.83,-1.14,50.0,0.583,63.16,-13.16,3.19,-5.46,3,6.97,-8.0,-8.0,5.91,0,2,7.83,아니오,2021-03-19,2026-03-20,판정 안 함
KODEX 코스닥150,3,위,-8.0,최근 10년,10,3.35,0.33,50.0,1.123,47.1,2.9,6.1,-5.43,5,18.28,-8.0,-8.0,8.12,0,3,7.3,예,2017-03-20,2026-03-20,판정 안 함
KODEX 코스닥150,3,위,-8.0,최근 5년,5,-6.44,-1.29,60.0,0.398,71.52,-11.52,3.19,-8.0,2,6.97,-8.0,-8.0,6.59,0,2,7.8,아니오,2022-03-18,2026-03-20,판정 안 함
KODEX 코스닥150,3,위,-9.0,전체,11,-0.16,-0.01,45.45,1.194,45.58,-0.13,6.1,-5.11,6,18.28,-9.0,-9.0,7.92,0,2,7.55,예,2016-03-18,2026-03-20,제외
KODEX 코스닥150,3,위,-9.0,앞 절반,5,7.35,1.47,40.0,2.311,30.21,9.79,10.47,-4.53,3,18.28,-9.0,-9.0,10.28,0,1,7.2,아니오,2016-03-18,2020-03-20,판정 안 함
KODEX 코스닥150,3,위,-9.0,뒤 절반,6,-7.51,-1.25,50.0,0.56,64.1,-14.1,3.19,-5.69,3,6.97,-9.0,-9.0,6.08,0,1,7.83,아니오,2021-03-19,2026-03-20,판정 안 함
KODEX 코스닥150,3,위,-9.0,최근 10년,10,1.67,0.17,50.0,1.058,48.59,1.41,6.1,-5.77,5,18.28,-9.0,-9.0,8.33,0,2,7.4,예,2017-03-20,2026-03-20,판정 안 함
KODEX 코스닥150,3,위,-9.0,최근 5년,5,-7.12,-1.42,60.0,0.382,72.36,-12.36,3.19,-8.34,2,6.97,-9.0,-9.0,6.78,0,1,7.8,아니오,2022-03-18,2026-03-20,판정 안 함
KODEX 코스닥150,3,위,-10.0,전체,11,4.23,0.38,45.45,1.393,41.79,3.66,6.1,-4.38,6,18.28,-10.0,-10.0,7.6,0,1,7.91,예,2016-03-18,2026-03-20,제외
KODEX 코스닥150,3,위,-10.0,앞 절반,5,12.73,2.55,40.0,3.827,20.72,19.28,10.47,-2.74,3,18.28,-3.62,-9.21,9.12,0,0,8.0,아니오,2016-03-18,2020-03-20,판정 안 함
KODEX 코스닥150,3,위,-10.0,뒤 절반,6,-8.51,-1.42,50.0,0.529,65.4,-15.4,3.19,-6.02,3,6.97,-10.0,-10.0,6.34,0,1,7.83,아니오,2021-03-19,2026-03-20,판정 안 함
KODEX 코스닥150,3,위,-10.0,최근 10년,10,6.05,0.61,50.0,1.248,44.49,5.51,6.1,-4.89,5,18.28,-10.0,-10.0,7.97,0,1,7.8,예,2017-03-20,2026-03-20,판정 안 함
KODEX 코스닥150,3,위,-10.0,최근 5년,5,-8.12,-1.62,60.0,0.36,73.51,-13.51,3.19,-8.84,2,6.97,-10.0,-10.0,7.07,0,1,7.8,아니오,2022-03-18,2026-03-20,판정 안 함
KODEX 코스닥150,3,위,무손절,전체,11,4.59,0.42,45.45,1.413,41.45,4.0,6.1,-4.32,6,18.28,-9.63,-10.38,7.55,0,0,7.91,예,2016-03-18,2026-03-20,제외
KODEX 코스닥150,3,위,무손절,앞 절반,5,12.73,2.55,40.0,3.827,20.72,19.28,10.47,-2.74,3,18.28,-3.62,-9.21,9.12,0,0,8.0,아니오,2016-03-18,2020-03-20,판정 안 함
KODEX 코스닥150,3,위,무손절,뒤 절반,6,-8.14,-1.36,50.0,0.54,64.93,-14.93,3.19,-5.9,3,6.97,-9.63,-10.38,6.25,0,0,7.83,아니오,2021-03-19,2026-03-20,판정 안 함
KODEX 코스닥150,3,위,무손절,최근 10년,10,6.42,0.64,50.0,1.267,44.12,5.88,6.1,-4.82,5,18.28,-9.63,-10.38,7.92,0,0,7.8,예,2017-03-20,2026-03-20,판정 안 함
KODEX 코스닥150,3,위,무손절,최근 5년,5,-7.75,-1.55,60.0,0.368,73.1,-13.1,3.19,-8.66,2,6.97,-9.63,-10.38,6.96,0,0,7.8,아니오,2022-03-18,2026-03-20,판정 안 함
KODEX 코스닥150,4,아래,-3.0,전체,11,17.17,1.56,81.82,0.848,54.13,27.69,2.59,-3.05,2,7.77,-3.1,-3.1,2.93,1,1,6.27,예,2016-04-20,2026-04-20,후보
KODEX 코스닥150,4,아래,-3.0,앞 절반,5,9.52,1.9,100.0,,,,1.9,,0,2.86,0.8,-1.45,0.75,0,0,6.6,아니오,2016-04-20,2020-04-20,판정 안 함
KODEX 코스닥150,4,아래,-3.0,뒤 절반,6,7.65,1.28,66.67,1.127,47.02,19.65,3.44,-3.05,2,7.77,-3.1,-3.1,4.06,1,1,6.0,아니오,2021-04-20,2026-04-20,판정 안 함
KODEX 코스닥150,4,아래,-3.0,최근 10년,10,15.51,1.55,80.0,0.885,53.04,26.96,2.7,-3.05,2,7.77,-3.1,-3.1,3.08,1,1,6.2,예,2017-04-20,2026-04-20,판정 안 함
KODEX 코스닥150,4,아래,-3.0,최근 5년,5,-0.12,-0.02,60.0,0.654,60.46,-0.46,2.0,-3.05,2,2.51,-3.1,-3.1,2.81,1,1,5.6,아니오,2022-04-20,2026-04-20,판정 안 함
KODEX 코스닥150,4,아래,-4.0,전체,11,15.16,1.38,81.82,0.638,61.07,20.75,2.59,-4.06,2,7.77,-4.11,-4.11,3.25,1,1,6.73,예,2016-04-20,2026-04-20,후보
KODEX 코스닥150,4,아래,-4.0,앞 절반,5,9.52,1.9,100.0,,,,1.9,,0,2.86,0.8,-1.45,0.75,0,0,6.6,아니오,2016-04-20,2020-04-20,판정 안 함
KODEX 코스닥150,4,아래,-4.0,뒤 절반,6,5.64,0.94,66.67,0.848,54.12,12.55,3.44,-4.06,2,7.77,-4.11,-4.11,4.49,1,1,6.83,아니오,2021-04-20,2026-04-20,판정 안 함
KODEX 코스닥150,4,아래,-4.0,최근 10년,10,13.5,1.35,80.0,0.666,60.03,19.97,2.7,-4.06,2,7.77,-4.11,-4.11,3.43,1,1,6.7,예,2017-04-20,2026-04-20,판정 안 함
KODEX 코스닥150,4,아래,-4.0,최근 5년,5,-2.13,-0.43,60.0,0.492,67.03,-7.03,2.0,-4.06,2,2.51,-4.11,-4.11,3.36,1,1,6.6,아니오,2022-04-20,2026-04-20,판정 안 함
KODEX 코스닥150,4,아래,-5.0,전체,11,14.41,1.31,81.82,0.584,63.14,18.68,2.59,-4.43,2,7.77,-5.0,-5.0,3.39,0,1,6.73,예,2016-04-20,2026-04-20,후보
KODEX 코스닥150,4,아래,-5.0,앞 절반,5,9.52,1.9,100.0,,,,1.9,,0,2.86,0.8,-1.45,0.75,0,0,6.6,아니오,2016-04-20,2020-04-20,판정 안 함
KODEX 코스닥150,4,아래,-5.0,뒤 절반,6,4.89,0.82,66.67,0.776,56.3,10.37,3.44,-4.43,2,7.77,-5.0,-5.0,4.68,0,1,6.83,아니오,2021-04-20,2026-04-20,판정 안 함
KODEX 코스닥150,4,아래,-5.0,최근 10년,10,12.75,1.27,80.0,0.61,62.12,17.88,2.7,-4.43,2,7.77,-5.0,-5.0,3.57,0,1,6.7,예,2017-04-20,2026-04-20,판정 안 함
KODEX 코스닥150,4,아래,-5.0,최근 5년,5,-2.87,-0.57,60.0,0.45,68.94,-8.94,2.0,-4.43,2,2.51,-5.0,-5.0,3.58,0,1,6.6,아니오,2022-04-20,2026-04-20,판정 안 함
KODEX 코스닥150,4,아래,-6.0,전체,11,18.63,1.69,81.82,1.113,47.33,34.49,2.59,-2.32,2,7.77,-3.86,-5.53,2.79,0,0,7.0,예,2016-04-20,2026-04-20,후보
KODEX 코스닥150,4,아래,-6.0,앞 절반,5,9.52,1.9,100.0,,,,1.9,,0,2.86,0.8,-1.45,0.75,0,0,6.6,아니오,2016-04-20,2020-04-20,판정 안 함
KODEX 코스닥150,4,아래,-6.0,뒤 절반,6,9.11,1.52,66.67,1.48,40.32,26.35,3.44,-2.32,2,7.77,-3.86,-5.53,3.88,0,0,7.33,아니오,2021-04-20,2026-04-20,판정 안 함
KODEX 코스닥150,4,아래,-6.0,최근 10년,10,16.96,1.7,80.0,1.162,46.24,33.76,2.7,-2.32,2,7.77,-3.86,-5.53,2.94,0,0,7.0,예,2017-04-20,2026-04-20,판정 안 함
KODEX 코스닥150,4,아래,-6.0,최근 5년,5,1.34,0.27,60.0,0.859,53.8,6.2,2.0,-2.32,2,2.51,-3.86,-5.53,2.66,0,0,7.2,아니오,2022-04-20,2026-04-20,판정 안 함
KODEX 코스닥150,4,아래,-7.0,전체,11,18.63,1.69,81.82,1.113,47.33,34.49,2.59,-2.32,2,7.77,-3.86,-5.53,2.79,0,0,7.0,예,2016-04-20,2026-04-20,후보
KODEX 코스닥150,4,아래,-7.0,앞 절반,5,9.52,1.9,100.0,,,,1.9,,0,2.86,0.8,-1.45,0.75,0,0,6.6,아니오,2016-04-20,2020-04-20,판정 안 함
KODEX 코스닥150,4,아래,-7.0,뒤 절반,6,9.11,1.52,66.67,1.48,40.32,26.35,3.44,-2.32,2,7.77,-3.86,-5.53,3.88,0,0,7.33,아니오,2021-04-20,2026-04-20,판정 안 함
KODEX 코스닥150,4,아래,-7.0,최근 10년,10,16.96,1.7,80.0,1.162,46.24,33.76,2.7,-2.32,2,7.77,-3.86,-5.53,2.94,0,0,7.0,예,2017-04-20,2026-04-20,판정 안 함
KODEX 코스닥150,4,아래,-7.0,최근 5년,5,1.34,0.27,60.0,0.859,53.8,6.2,2.0,-2.32,2,2.51,-3.86,-5.53,2.66,0,0,7.2,아니오,2022-04-20,2026-04-20,판정 안 함
KODEX 코스닥150,4,아래,-8.0,전체,11,18.63,1.69,81.82,1.113,47.33,34.49,2.59,-2.32,2,7.77,-3.86,-5.53,2.79,0,0,7.0,예,2016-04-20,2026-04-20,후보
KODEX 코스닥150,4,아래,-8.0,앞 절반,5,9.52,1.9,100.0,,,,1.9,,0,2.86,0.8,-1.45,0.75,0,0,6.6,아니오,2016-04-20,2020-04-20,판정 안 함
KODEX 코스닥150,4,아래,-8.0,뒤 절반,6,9.11,1.52,66.67,1.48,40.32,26.35,3.44,-2.32,2,7.77,-3.86,-5.53,3.88,0,0,7.33,아니오,2021-04-20,2026-04-20,판정 안 함
KODEX 코스닥150,4,아래,-8.0,최근 10년,10,16.96,1.7,80.0,1.162,46.24,33.76,2.7,-2.32,2,7.77,-3.86,-5.53,2.94,0,0,7.0,예,2017-04-20,2026-04-20,판정 안 함
KODEX 코스닥150,4,아래,-8.0,최근 5년,5,1.34,0.27,60.0,0.859,53.8,6.2,2.0,-2.32,2,2.51,-3.86,-5.53,2.66,0,0,7.2,아니오,2022-04-20,2026-04-20,판정 안 함
KODEX 코스닥150,4,아래,-9.0,전체,11,18.63,1.69,81.82,1.113,47.33,34.49,2.59,-2.32,2,7.77,-3.86,-5.53,2.79,0,0,7.0,예,2016-04-20,2026-04-20,후보
KODEX 코스닥150,4,아래,-9.0,앞 절반,5,9.52,1.9,100.0,,,,1.9,,0,2.86,0.8,-1.45,0.75,0,0,6.6,아니오,2016-04-20,2020-04-20,판정 안 함
KODEX 코스닥150,4,아래,-9.0,뒤 절반,6,9.11,1.52,66.67,1.48,40.32,26.35,3.44,-2.32,2,7.77,-3.86,-5.53,3.88,0,0,7.33,아니오,2021-04-20,2026-04-20,판정 안 함
KODEX 코스닥150,4,아래,-9.0,최근 10년,10,16.96,1.7,80.0,1.162,46.24,33.76,2.7,-2.32,2,7.77,-3.86,-5.53,2.94,0,0,7.0,예,2017-04-20,2026-04-20,판정 안 함
KODEX 코스닥150,4,아래,-9.0,최근 5년,5,1.34,0.27,60.0,0.859,53.8,6.2,2.0,-2.32,2,2.51,-3.86,-5.53,2.66,0,0,7.2,아니오,2022-04-20,2026-04-20,판정 안 함
KODEX 코스닥150,4,아래,-10.0,전체,11,18.63,1.69,81.82,1.113,47.33,34.49,2.59,-2.32,2,7.77,-3.86,-5.53,2.79,0,0,7.0,예,2016-04-20,2026-04-20,후보
KODEX 코스닥150,4,아래,-10.0,앞 절반,5,9.52,1.9,100.0,,,,1.9,,0,2.86,0.8,-1.45,0.75,0,0,6.6,아니오,2016-04-20,2020-04-20,판정 안 함
KODEX 코스닥150,4,아래,-10.0,뒤 절반,6,9.11,1.52,66.67,1.48,40.32,26.35,3.44,-2.32,2,7.77,-3.86,-5.53,3.88,0,0,7.33,아니오,2021-04-20,2026-04-20,판정 안 함
KODEX 코스닥150,4,아래,-10.0,최근 10년,10,16.96,1.7,80.0,1.162,46.24,33.76,2.7,-2.32,2,7.77,-3.86,-5.53,2.94,0,0,7.0,예,2017-04-20,2026-04-20,판정 안 함
KODEX 코스닥150,4,아래,-10.0,최근 5년,5,1.34,0.27,60.0,0.859,53.8,6.2,2.0,-2.32,2,2.51,-3.86,-5.53,2.66,0,0,7.2,아니오,2022-04-20,2026-04-20,판정 안 함
KODEX 코스닥150,4,아래,무손절,전체,11,18.63,1.69,81.82,1.113,47.33,34.49,2.59,-2.32,2,7.77,-3.86,-5.53,2.79,0,0,7.0,예,2016-04-20,2026-04-20,후보
KODEX 코스닥150,4,아래,무손절,앞 절반,5,9.52,1.9,100.0,,,,1.9,,0,2.86,0.8,-1.45,0.75,0,0,6.6,아니오,2016-04-20,2020-04-20,판정 안 함
KODEX 코스닥150,4,아래,무손절,뒤 절반,6,9.11,1.52,66.67,1.48,40.32,26.35,3.44,-2.32,2,7.77,-3.86,-5.53,3.88,0,0,7.33,아니오,2021-04-20,2026-04-20,판정 안 함
KODEX 코스닥150,4,아래,무손절,최근 10년,10,16.96,1.7,80.0,1.162,46.24,33.76,2.7,-2.32,2,7.77,-3.86,-5.53,2.94,0,0,7.0,예,2017-04-20,2026-04-20,판정 안 함
KODEX 코스닥150,4,아래,무손절,최근 5년,5,1.34,0.27,60.0,0.859,53.8,6.2,2.0,-2.32,2,2.51,-3.86,-5.53,2.66,0,0,7.2,아니오,2022-04-20,2026-04-20,판정 안 함
KODEX 코스닥150,4,위,-3.0,전체,11,-18.96,-1.72,18.18,0.886,53.03,-34.85,2.32,-2.62,9,3.86,-3.71,-3.71,2.24,1,5,5.18,예,2016-04-20,2026-04-20,제외
KODEX 코스닥150,4,위,-3.0,앞 절반,5,-13.46,-2.69,0.0,0.0,100.0,-100.0,,-2.69,5,-1.67,-3.71,-3.71,0.81,1,2,4.6,아니오,2016-04-20,2020-04-20,판정 안 함
KODEX 코스닥150,4,위,-3.0,뒤 절반,6,-5.5,-0.92,33.33,0.916,52.19,-18.86,2.32,-2.54,4,3.86,-3.0,-3.0,2.79,0,3,5.67,아니오,2021-04-20,2026-04-20,판정 안 함
KODEX 코스닥150,4,위,-3.0,최근 10년,10,-17.29,-1.73,20.0,0.847,54.14,-34.14,2.32,-2.74,8,3.86,-3.71,-3.71,2.36,1,5,5.0,예,2017-04-20,2026-04-20,판정 안 함
KODEX 코스닥150,4,위,-3.0,최근 5년,5,-2.5,-0.5,40.0,0.975,50.62,-10.62,2.32,-2.38,3,3.86,-3.0,-3.0,2.9,0,2,5.6,아니오,2022-04-20,2026-04-20,판정 안 함
KODEX 코스닥150,4,위,-4.0,전체,11,-22.36,-2.03,18.18,0.774,56.36,-38.18,2.32,-3.0,9,3.86,-4.0,-4.0,2.51,0,5,5.27,예,2016-04-20,2026-04-20,제외
KODEX 코스닥150,4,위,-4.0,앞 절반,5,-13.86,-2.77,0.0,0.0,100.0,-100.0,,-2.77,5,-1.67,-4.0,-4.0,1.14,0,2,4.8,아니오,2016-04-20,2020-04-20,판정 안 함
KODEX 코스닥150,4,위,-4.0,뒤 절반,6,-8.5,-1.42,33.33,0.707,58.58,-25.25,2.32,-3.29,4,3.86,-4.0,-4.0,3.25,0,3,5.67,아니오,2021-04-20,2026-04-20,판정 안 함
KODEX 코스닥150,4,위,-4.0,최근 10년,10,-20.69,-2.07,20.0,0.734,57.68,-37.68,2.32,-3.17,8,3.86,-4.0,-4.0,2.64,0,5,5.1,예,2017-04-20,2026-04-20,판정 안 함
KODEX 코스닥150,4,위,-4.0,최근 5년,5,-4.5,-0.9,40.0,0.762,56.75,-16.75,2.32,-3.05,3,3.86,-4.0,-4.0,3.35,0,2,5.6,아니오,2022-04-20,2026-04-20,판정 안 함
KODEX 코스닥150,4,위,-5.0,전체,11,-21.02,-1.91,18.18,0.815,55.1,-36.92,2.32,-2.85,9,3.86,-5.0,-5.0,2.68,0,3,6.45,예,2016-04-20,2026-04-20,제외
KODEX 코스닥150,4,위,-5.0,앞 절반,5,-9.52,-1.9,0.0,0.0,100.0,-100.0,,-1.9,5,-0.8,-2.86,-4.36,0.75,0,0,6.6,아니오,2016-04-20,2020-04-20,판정 안 함
KODEX 코스닥150,4,위,-5.0,뒤 절반,6,-11.5,-1.92,33.33,0.576,63.47,-30.14,2.32,-4.04,4,3.86,-5.0,-5.0,3.74,0,3,6.33,아니오,2021-04-20,2026-04-20,판정 안 함
KODEX 코스닥150,4,위,-5.0,최근 10년,10,-19.35,-1.94,20.0,0.775,56.35,-36.35,2.32,-3.0,8,3.86,-5.0,-5.0,2.83,0,3,6.4,예,2017-04-20,2026-04-20,판정 안 함
KODEX 코스닥150,4,위,-5.0,최근 5년,5,-6.5,-1.3,40.0,0.625,61.52,-21.52,2.32,-3.72,3,3.86,-5.0,-5.0,3.82,0,2,6.4,아니오,2022-04-20,2026-04-20,판정 안 함
KODEX 코스닥150,4,위,-6.0,전체,11,-20.53,-1.87,18.18,0.831,54.62,-36.44,2.32,-2.8,9,3.86,-6.0,-6.0,2.78,0,2,6.82,예,2016-04-20,2026-04-20,제외
KODEX 코스닥150,4,위,-6.0,앞 절반,5,-9.52,-1.9,0.0,0.0,100.0,-100.0,,-1.9,5,-0.8,-2.86,-4.36,0.75,0,0,6.6,아니오,2016-04-20,2020-04-20,판정 안 함
KODEX 코스닥150,4,위,-6.0,뒤 절반,6,-11.01,-1.83,33.33,0.594,62.75,-29.42,2.32,-3.91,4,3.86,-6.0,-6.0,3.87,0,2,7.0,아니오,2021-04-20,2026-04-20,판정 안 함
KODEX 코스닥150,4,위,-6.0,최근 10년,10,-18.86,-1.89,20.0,0.791,55.84,-35.84,2.32,-2.94,8,3.86,-6.0,-6.0,2.93,0,2,6.8,예,2017-04-20,2026-04-20,판정 안 함
KODEX 코스닥150,4,위,-6.0,최근 5년,5,-5.01,-1.0,40.0,0.722,58.07,-18.07,2.32,-3.22,3,3.86,-6.0,-6.0,3.68,0,1,7.0,아니오,2022-04-20,2026-04-20,판정 안 함
KODEX 코스닥150,4,위,-7.0,전체,11,-17.86,-1.62,18.18,0.929,51.84,-33.66,2.32,-2.5,9,3.86,-7.0,-7.0,2.63,0,1,6.91,예,2016-04-20,2026-04-20,제외
KODEX 코스닥150,4,위,-7.0,앞 절반,5,-9.52,-1.9,0.0,0.0,100.0,-100.0,,-1.9,5,-0.8,-2.86,-4.36,0.75,0,0,6.6,아니오,2016-04-20,2020-04-20,판정 안 함
KODEX 코스닥150,4,위,-7.0,뒤 절반,6,-8.34,-1.39,33.33,0.716,58.29,-24.96,2.32,-3.25,4,3.86,-7.0,-7.0,3.63,0,1,7.17,아니오,2021-04-20,2026-04-20,판정 안 함
KODEX 코스닥150,4,위,-7.0,최근 10년,10,-16.19,-1.62,20.0,0.892,52.86,-32.86,2.32,-2.6,8,3.86,-7.0,-7.0,2.77,0,1,6.9,예,2017-04-20,2026-04-20,판정 안 함
KODEX 코스닥150,4,위,-7.0,최근 5년,5,-1.34,-0.27,40.0,1.164,46.2,-6.2,2.32,-2.0,3,3.86,-2.51,-6.32,2.66,0,0,7.2,아니오,2022-04-20,2026-04-20,판정 안 함
KODEX 코스닥150,4,위,-8.0,전체,11,-18.86,-1.71,18.18,0.89,52.92,-34.74,2.32,-2.61,9,3.86,-8.0,-8.0,2.84,0,1,7.0,예,2016-04-20,2026-04-20,제외
KODEX 코스닥150,4,위,-8.0,앞 절반,5,-9.52,-1.9,0.0,0.0,100.0,-100.0,,-1.9,5,-0.8,-2.86,-4.36,0.75,0,0,6.6,아니오,2016-04-20,2020-04-20,판정 안 함
KODEX 코스닥150,4,위,-8.0,뒤 절반,6,-9.34,-1.56,33.33,0.664,60.08,-26.75,2.32,-3.5,4,3.86,-8.0,-8.0,3.95,0,1,7.33,아니오,2021-04-20,2026-04-20,판정 안 함
KODEX 코스닥150,4,위,-8.0,최근 10년,10,-17.19,-1.72,20.0,0.851,54.02,-34.02,2.32,-2.73,8,3.86,-8.0,-8.0,2.99,0,1,7.0,예,2017-04-20,2026-04-20,판정 안 함
KODEX 코스닥150,4,위,-8.0,최근 5년,5,-1.34,-0.27,40.0,1.164,46.2,-6.2,2.32,-2.0,3,3.86,-2.51,-6.32,2.66,0,0,7.2,아니오,2022-04-20,2026-04-20,판정 안 함
KODEX 코스닥150,4,위,-9.0,전체,11,-18.63,-1.69,18.18,0.898,52.67,-34.49,2.32,-2.59,9,3.86,-7.77,-8.89,2.79,0,0,7.0,예,2016-04-20,2026-04-20,제외
KODEX 코스닥150,4,위,-9.0,앞 절반,5,-9.52,-1.9,0.0,0.0,100.0,-100.0,,-1.9,5,-0.8,-2.86,-4.36,0.75,0,0,6.6,아니오,2016-04-20,2020-04-20,판정 안 함
KODEX 코스닥150,4,위,-9.0,뒤 절반,6,-9.11,-1.52,33.33,0.676,59.68,-26.35,2.32,-3.44,4,3.86,-7.77,-8.89,3.88,0,0,7.33,아니오,2021-04-20,2026-04-20,판정 안 함
KODEX 코스닥150,4,위,-9.0,최근 10년,10,-16.96,-1.7,20.0,0.86,53.76,-33.76,2.32,-2.7,8,3.86,-7.77,-8.89,2.94,0,0,7.0,예,2017-04-20,2026-04-20,판정 안 함
KODEX 코스닥150,4,위,-9.0,최근 5년,5,-1.34,-0.27,40.0,1.164,46.2,-6.2,2.32,-2.0,3,3.86,-2.51,-6.32,2.66,0,0,7.2,아니오,2022-04-20,2026-04-20,판정 안 함
KODEX 코스닥150,4,위,-10.0,전체,11,-18.63,-1.69,18.18,0.898,52.67,-34.49,2.32,-2.59,9,3.86,-7.77,-8.89,2.79,0,0,7.0,예,2016-04-20,2026-04-20,제외
KODEX 코스닥150,4,위,-10.0,앞 절반,5,-9.52,-1.9,0.0,0.0,100.0,-100.0,,-1.9,5,-0.8,-2.86,-4.36,0.75,0,0,6.6,아니오,2016-04-20,2020-04-20,판정 안 함
KODEX 코스닥150,4,위,-10.0,뒤 절반,6,-9.11,-1.52,33.33,0.676,59.68,-26.35,2.32,-3.44,4,3.86,-7.77,-8.89,3.88,0,0,7.33,아니오,2021-04-20,2026-04-20,판정 안 함
KODEX 코스닥150,4,위,-10.0,최근 10년,10,-16.96,-1.7,20.0,0.86,53.76,-33.76,2.32,-2.7,8,3.86,-7.77,-8.89,2.94,0,0,7.0,예,2017-04-20,2026-04-20,판정 안 함
KODEX 코스닥150,4,위,-10.0,최근 5년,5,-1.34,-0.27,40.0,1.164,46.2,-6.2,2.32,-2.0,3,3.86,-2.51,-6.32,2.66,0,0,7.2,아니오,2022-04-20,2026-04-20,판정 안 함
KODEX 코스닥150,4,위,무손절,전체,11,-18.63,-1.69,18.18,0.898,52.67,-34.49,2.32,-2.59,9,3.86,-7.77,-8.89,2.79,0,0,7.0,예,2016-04-20,2026-04-20,제외
KODEX 코스닥150,4,위,무손절,앞 절반,5,-9.52,-1.9,0.0,0.0,100.0,-100.0,,-1.9,5,-0.8,-2.86,-4.36,0.75,0,0,6.6,아니오,2016-04-20,2020-04-20,판정 안 함
KODEX 코스닥150,4,위,무손절,뒤 절반,6,-9.11,-1.52,33.33,0.676,59.68,-26.35,2.32,-3.44,4,3.86,-7.77,-8.89,3.88,0,0,7.33,아니오,2021-04-20,2026-04-20,판정 안 함
KODEX 코스닥150,4,위,무손절,최근 10년,10,-16.96,-1.7,20.0,0.86,53.76,-33.76,2.32,-2.7,8,3.86,-7.77,-8.89,2.94,0,0,7.0,예,2017-04-20,2026-04-20,판정 안 함
KODEX 코스닥150,4,위,무손절,최근 5년,5,-1.34,-0.27,40.0,1.164,46.2,-6.2,2.32,-2.0,3,3.86,-2.51,-6.32,2.66,0,0,7.2,아니오,2022-04-20,2026-04-20,판정 안 함
KODEX 코스닥150,5,아래,-3.0,전체,11,-15.98,-1.45,18.18,0.593,62.79,-44.61,1.21,-2.04,9,1.42,-3.0,-3.0,1.66,0,4,6.09,예,2016-05-20,2026-05-20,제외
KODEX 코스닥150,5,아래,-3.0,앞 절반,5,-6.67,-1.33,20.0,0.701,58.79,-38.79,1.42,-2.02,4,1.42,-3.0,-3.0,1.8,0,1,7.4,아니오,2016-05-20,2020-05-20,판정 안 함
KODEX 코스닥150,5,아래,-3.0,뒤 절반,6,-9.31,-1.55,16.67,0.488,67.22,-50.55,1.01,-2.06,5,1.01,-3.0,-3.0,1.7,0,3,5.0,아니오,2021-05-20,2026-05-20,판정 안 함
KODEX 코스닥150,5,아래,-3.0,최근 10년,10,-13.42,-1.34,20.0,0.612,62.04,-42.04,1.21,-1.98,8,1.42,-3.0,-3.0,1.71,0,4,6.0,예,2017-05-19,2026-05-20,판정 안 함
KODEX 코스닥150,5,아래,-3.0,최근 5년,5,-8.84,-1.77,20.0,0.409,70.99,-50.99,1.01,-2.46,4,1.01,-3.0,-3.0,1.81,0,3,4.6,아니오,2022-05-20,2026-05-20,판정 안 함
KODEX 코스닥150,5,아래,-4.0,전체,11,-17.52,-1.59,18.18,0.547,64.66,-46.48,1.21,-2.22,9,1.42,-4.0,-4.0,1.87,0,2,6.91,예,2016-05-20,2026-05-20,제외
KODEX 코스닥150,5,아래,-4.0,앞 절반,5,-5.94,-1.19,20.0,0.771,56.48,-36.48,1.42,-1.84,4,1.42,-2.56,-3.23,1.66,0,0,7.8,아니오,2016-05-20,2020-05-20,판정 안 함
KODEX 코스닥150,5,아래,-4.0,뒤 절반,6,-11.59,-1.93,16.67,0.399,71.46,-54.79,1.01,-2.52,5,1.01,-4.0,-4.0,2.11,0,2,6.17,아니오,2021-05-20,2026-05-20,판정 안 함
KODEX 코스닥150,5,아래,-4.0,최근 10년,10,-14.97,-1.5,20.0,0.557,64.21,-44.21,1.21,-2.17,8,1.42,-4.0,-4.0,1.94,0,2,6.9,예,2017-05-19,2026-05-20,판정 안 함
KODEX 코스닥150,5,아래,-4.0,최근 5년,5,-11.12,-2.22,20.0,0.332,75.09,-55.09,1.01,-3.03,4,1.01,-4.0,-4.0,2.22,0,2,6.0,아니오,2022-05-20,2026-05-20,판정 안 함
KODEX 코스닥150,5,아래,-5.0,전체,11,-19.52,-1.77,18.18,0.497,66.81,-48.63,1.21,-2.44,9,1.42,-5.0,-5.0,2.15,0,2,7.09,예,2016-05-20,2026-05-20,제외
KODEX 코스닥150,5,아래,-5.0,앞 절반,5,-5.94,-1.19,20.0,0.771,56.48,-36.48,1.42,-1.84,4,1.42,-2.56,-3.23,1.66,0,0,7.8,아니오,2016-05-20,2020-05-20,판정 안 함
KODEX 코스닥150,5,아래,-5.0,뒤 절반,6,-13.59,-2.26,16.67,0.345,74.37,-57.7,1.01,-2.92,5,1.01,-5.0,-5.0,2.53,0,2,6.5,아니오,2021-05-20,2026-05-20,판정 안 함
KODEX 코스닥150,5,아래,-5.0,최근 10년,10,-16.97,-1.7,20.0,0.5,66.68,-46.68,1.21,-2.42,8,1.42,-5.0,-5.0,2.25,0,2,7.1,예,2017-05-19,2026-05-20,판정 안 함
KODEX 코스닥150,5,아래,-5.0,최근 5년,5,-13.12,-2.62,20.0,0.285,77.83,-57.83,1.01,-3.53,4,1.01,-5.0,-5.0,2.65,0,2,6.4,아니오,2022-05-20,2026-05-20,판정 안 함
KODEX 코스닥150,5,아래,-6.0,전체,11,-19.91,-1.81,18.18,0.488,67.19,-49.01,1.21,-2.48,9,1.42,-6.0,-6.0,2.23,0,1,7.09,예,2016-05-20,2026-05-20,제외
KODEX 코스닥150,5,아래,-6.0,앞 절반,5,-5.94,-1.19,20.0,0.771,56.48,-36.48,1.42,-1.84,4,1.42,-2.56,-3.23,1.66,0,0,7.8,아니오,2016-05-20,2020-05-20,판정 안 함
KODEX 코스닥150,5,아래,-6.0,뒤 절반,6,-13.97,-2.33,16.67,0.336,74.86,-58.19,1.01,-3.0,5,1.01,-6.0,-6.0,2.66,0,1,6.5,아니오,2021-05-20,2026-05-20,판정 안 함
KODEX 코스닥150,5,아래,-6.0,최근 10년,10,-17.35,-1.74,20.0,0.49,67.11,-47.11,1.21,-2.47,8,1.42,-6.0,-6.0,2.34,0,1,7.1,예,2017-05-19,2026-05-20,판정 안 함
KODEX 코스닥150,5,아래,-6.0,최근 5년,5,-13.51,-2.7,20.0,0.277,78.29,-58.29,1.01,-3.63,4,1.01,-6.0,-6.0,2.79,0,1,6.4,아니오,2022-05-20,2026-05-20,판정 안 함
KODEX 코스닥150,5,아래,-7.0,전체,11,-20.91,-1.9,18.18,0.467,68.15,-49.97,1.21,-2.59,9,1.42,-7.0,-7.0,2.43,0,1,7.09,예,2016-05-20,2026-05-20,제외
KODEX 코스닥150,5,아래,-7.0,앞 절반,5,-5.94,-1.19,20.0,0.771,56.48,-36.48,1.42,-1.84,4,1.42,-2.56,-3.23,1.66,0,0,7.8,아니오,2016-05-20,2020-05-20,판정 안 함
KODEX 코스닥150,5,아래,-7.0,뒤 절반,6,-14.97,-2.5,16.67,0.315,76.06,-59.39,1.01,-3.2,5,1.01,-7.0,-7.0,2.95,0,1,6.5,아니오,2021-05-20,2026-05-20,판정 안 함
KODEX 코스닥150,5,아래,-7.0,최근 10년,10,-18.35,-1.84,20.0,0.467,68.19,-48.19,1.21,-2.6,8,1.42,-7.0,-7.0,2.55,0,1,7.1,예,2017-05-19,2026-05-20,판정 안 함
KODEX 코스닥150,5,아래,-7.0,최근 5년,5,-14.51,-2.9,20.0,0.259,79.4,-59.4,1.01,-3.88,4,1.01,-7.0,-7.0,3.11,0,1,6.4,아니오,2022-05-20,2026-05-20,판정 안 함
KODEX 코스닥150,5,아래,-8.0,전체,11,-21.91,-1.99,18.18,0.448,69.06,-50.88,1.21,-2.7,9,1.42,-8.0,-8.0,2.65,0,1,7.18,예,2016-05-20,2026-05-20,제외
KODEX 코스닥150,5,아래,-8.0,앞 절반,5,-5.94,-1.19,20.0,0.771,56.48,-36.48,1.42,-1.84,4,1.42,-2.56,-3.23,1.66,0,0,7.8,아니오,2016-05-20,2020-05-20,판정 안 함
KODEX 코스닥150,5,아래,-8.0,뒤 절반,6,-15.97,-2.66,16.67,0.296,77.15,-60.48,1.01,-3.4,5,1.01,-8.0,-8.0,3.27,0,1,6.67,아니오,2021-05-20,2026-05-20,판정 안 함
KODEX 코스닥150,5,아래,-8.0,최근 10년,10,-19.35,-1.94,20.0,0.445,69.2,-49.2,1.21,-2.72,8,1.42,-8.0,-8.0,2.79,0,1,7.2,예,2017-05-19,2026-05-20,판정 안 함
KODEX 코스닥150,5,아래,-8.0,최근 5년,5,-15.51,-3.1,20.0,0.244,80.41,-60.41,1.01,-4.13,4,1.01,-8.0,-8.0,3.45,0,1,6.6,아니오,2022-05-20,2026-05-20,판정 안 함
KODEX 코스닥150,5,아래,-9.0,전체,11,-22.91,-2.08,18.18,0.43,69.91,-51.73,1.21,-2.81,9,1.42,-9.0,-9.0,2.89,0,1,7.18,예,2016-05-20,2026-05-20,제외
KODEX 코스닥150,5,아래,-9.0,앞 절반,5,-5.94,-1.19,20.0,0.771,56.48,-36.48,1.42,-1.84,4,1.42,-2.56,-3.23,1.66,0,0,7.8,아니오,2016-05-20,2020-05-20,판정 안 함
KODEX 코스닥150,5,아래,-9.0,뒤 절반,6,-16.97,-2.83,16.67,0.28,78.14,-61.47,1.01,-3.6,5,1.01,-9.0,-9.0,3.6,0,1,6.67,아니오,2021-05-20,2026-05-20,판정 안 함
KODEX 코스닥150,5,아래,-9.0,최근 10년,10,-20.35,-2.04,20.0,0.426,70.15,-50.15,1.21,-2.85,8,1.42,-9.0,-9.0,3.04,0,1,7.2,예,2017-05-19,2026-05-20,판정 안 함
KODEX 코스닥150,5,아래,-9.0,최근 5년,5,-16.51,-3.3,20.0,0.23,81.32,-61.32,1.01,-4.38,4,1.01,-9.0,-9.0,3.82,0,1,6.6,아니오,2022-05-20,2026-05-20,판정 안 함
KODEX 코스닥150,5,아래,-10.0,전체,11,-23.91,-2.17,18.18,0.414,70.72,-52.54,1.21,-2.93,9,1.42,-10.0,-10.0,3.13,0,1,7.18,예,2016-05-20,2026-05-20,제외
KODEX 코스닥150,5,아래,-10.0,앞 절반,5,-5.94,-1.19,20.0,0.771,56.48,-36.48,1.42,-1.84,4,1.42,-2.56,-3.23,1.66,0,0,7.8,아니오,2016-05-20,2020-05-20,판정 안 함
KODEX 코스닥150,5,아래,-10.0,뒤 절반,6,-17.97,-3.0,16.67,0.265,79.05,-62.38,1.01,-3.8,5,1.01,-10.0,-10.0,3.95,0,1,6.67,아니오,2021-05-20,2026-05-20,판정 안 함
KODEX 코스닥150,5,아래,-10.0,최근 10년,10,-21.35,-2.14,20.0,0.408,71.04,-51.04,1.21,-2.97,8,1.42,-10.0,-10.0,3.3,0,1,7.2,예,2017-05-19,2026-05-20,판정 안 함
KODEX 코스닥150,5,아래,-10.0,최근 5년,5,-17.51,-3.5,20.0,0.217,82.14,-62.14,1.01,-4.63,4,1.01,-10.0,-10.0,4.2,0,1,6.6,아니오,2022-05-20,2026-05-20,판정 안 함
KODEX 코스닥150,5,아래,무손절,전체,11,-20.39,-1.85,18.18,0.478,67.66,-49.48,1.21,-2.53,9,1.42,-6.48,-18.25,2.33,0,0,7.55,예,2016-05-20,2026-05-20,제외
KODEX 코스닥150,5,아래,무손절,앞 절반,5,-5.94,-1.19,20.0,0.771,56.48,-36.48,1.42,-1.84,4,1.42,-2.56,-3.23,1.66,0,0,7.8,아니오,2016-05-20,2020-05-20,판정 안 함
KODEX 코스닥150,5,아래,무손절,뒤 절반,6,-14.45,-2.41,16.67,0.325,75.45,-58.78,1.01,-3.09,5,1.01,-6.48,-18.25,2.8,0,0,7.33,아니오,2021-05-20,2026-05-20,판정 안 함
KODEX 코스닥150,5,아래,무손절,최근 10년,10,-17.83,-1.78,20.0,0.478,67.64,-47.64,1.21,-2.53,8,1.42,-6.48,-18.25,2.44,0,0,7.6,예,2017-05-19,2026-05-20,판정 안 함
KODEX 코스닥150,5,아래,무손절,최근 5년,5,-13.99,-2.8,20.0,0.268,78.84,-58.84,1.01,-3.75,4,1.01,-6.48,-18.25,2.94,0,0,7.4,아니오,2022-05-20,2026-05-20,판정 안 함
KODEX 코스닥150,5,위,-3.0,전체,11,18.81,1.71,81.82,1.265,44.14,37.68,2.53,-2.0,2,6.48,-3.0,-3.0,2.58,0,1,7.18,예,2016-05-20,2026-05-20,후보
KODEX 코스닥150,5,위,-3.0,앞 절반,5,4.35,0.87,80.0,0.613,62.0,18.0,1.84,-3.0,1,2.56,-3.0,-3.0,2.3,0,1,7.0,아니오,2016-05-20,2020-05-20,판정 안 함
KODEX 코스닥150,5,위,-3.0,뒤 절반,6,14.45,2.41,83.33,3.074,24.55,58.78,3.09,-1.01,1,6.48,-1.01,-2.72,2.8,0,0,7.33,아니오,2021-05-20,2026-05-20,판정 안 함
KODEX 코스닥150,5,위,-3.0,최근 10년,10,16.25,1.62,80.0,1.264,44.17,35.83,2.53,-2.0,2,6.48,-3.0,-3.0,2.71,0,1,7.2,예,2017-05-19,2026-05-20,판정 안 함
KODEX 코스닥150,5,위,-3.0,최근 5년,5,13.99,2.8,80.0,3.726,21.16,58.84,3.75,-1.01,1,6.48,-1.01,-2.72,2.94,0,0,7.4,아니오,2022-05-20,2026-05-20,판정 안 함
KODEX 코스닥150,5,위,-4.0,전체,11,20.39,1.85,81.82,2.092,32.34,49.48,2.53,-1.21,2,6.48,-1.42,-3.24,2.33,0,0,7.55,예,2016-05-20,2026-05-20,후보
KODEX 코스닥150,5,위,-4.0,앞 절반,5,5.94,1.19,80.0,1.298,43.52,36.48,1.84,-1.42,1,2.56,-1.42,-3.24,1.66,0,0,7.8,아니오,2016-05-20,2020-05-20,판정 안 함
KODEX 코스닥150,5,위,-4.0,뒤 절반,6,14.45,2.41,83.33,3.074,24.55,58.78,3.09,-1.01,1,6.48,-1.01,-2.72,2.8,0,0,7.33,아니오,2021-05-20,2026-05-20,판정 안 함
KODEX 코스닥150,5,위,-4.0,최근 10년,10,17.83,1.78,80.0,2.09,32.36,47.64,2.53,-1.21,2,6.48,-1.42,-3.24,2.44,0,0,7.6,예,2017-05-19,2026-05-20,판정 안 함
KODEX 코스닥150,5,위,-4.0,최근 5년,5,13.99,2.8,80.0,3.726,21.16,58.84,3.75,-1.01,1,6.48,-1.01,-2.72,2.94,0,0,7.4,아니오,2022-05-20,2026-05-20,판정 안 함
KODEX 코스닥150,5,위,-5.0,전체,11,20.39,1.85,81.82,2.092,32.34,49.48,2.53,-1.21,2,6.48,-1.42,-3.24,2.33,0,0,7.55,예,2016-05-20,2026-05-20,후보
KODEX 코스닥150,5,위,-5.0,앞 절반,5,5.94,1.19,80.0,1.298,43.52,36.48,1.84,-1.42,1,2.56,-1.42,-3.24,1.66,0,0,7.8,아니오,2016-05-20,2020-05-20,판정 안 함
KODEX 코스닥150,5,위,-5.0,뒤 절반,6,14.45,2.41,83.33,3.074,24.55,58.78,3.09,-1.01,1,6.48,-1.01,-2.72,2.8,0,0,7.33,아니오,2021-05-20,2026-05-20,판정 안 함
KODEX 코스닥150,5,위,-5.0,최근 10년,10,17.83,1.78,80.0,2.09,32.36,47.64,2.53,-1.21,2,6.48,-1.42,-3.24,2.44,0,0,7.6,예,2017-05-19,2026-05-20,판정 안 함
KODEX 코스닥150,5,위,-5.0,최근 5년,5,13.99,2.8,80.0,3.726,21.16,58.84,3.75,-1.01,1,6.48,-1.01,-2.72,2.94,0,0,7.4,아니오,2022-05-20,2026-05-20,판정 안 함
KODEX 코스닥150,5,위,-6.0,전체,11,20.39,1.85,81.82,2.092,32.34,49.48,2.53,-1.21,2,6.48,-1.42,-3.24,2.33,0,0,7.55,예,2016-05-20,2026-05-20,후보
KODEX 코스닥150,5,위,-6.0,앞 절반,5,5.94,1.19,80.0,1.298,43.52,36.48,1.84,-1.42,1,2.56,-1.42,-3.24,1.66,0,0,7.8,아니오,2016-05-20,2020-05-20,판정 안 함
KODEX 코스닥150,5,위,-6.0,뒤 절반,6,14.45,2.41,83.33,3.074,24.55,58.78,3.09,-1.01,1,6.48,-1.01,-2.72,2.8,0,0,7.33,아니오,2021-05-20,2026-05-20,판정 안 함
KODEX 코스닥150,5,위,-6.0,최근 10년,10,17.83,1.78,80.0,2.09,32.36,47.64,2.53,-1.21,2,6.48,-1.42,-3.24,2.44,0,0,7.6,예,2017-05-19,2026-05-20,판정 안 함
KODEX 코스닥150,5,위,-6.0,최근 5년,5,13.99,2.8,80.0,3.726,21.16,58.84,3.75,-1.01,1,6.48,-1.01,-2.72,2.94,0,0,7.4,아니오,2022-05-20,2026-05-20,판정 안 함
KODEX 코스닥150,5,위,-7.0,전체,11,20.39,1.85,81.82,2.092,32.34,49.48,2.53,-1.21,2,6.48,-1.42,-3.24,2.33,0,0,7.55,예,2016-05-20,2026-05-20,후보
KODEX 코스닥150,5,위,-7.0,앞 절반,5,5.94,1.19,80.0,1.298,43.52,36.48,1.84,-1.42,1,2.56,-1.42,-3.24,1.66,0,0,7.8,아니오,2016-05-20,2020-05-20,판정 안 함
KODEX 코스닥150,5,위,-7.0,뒤 절반,6,14.45,2.41,83.33,3.074,24.55,58.78,3.09,-1.01,1,6.48,-1.01,-2.72,2.8,0,0,7.33,아니오,2021-05-20,2026-05-20,판정 안 함
KODEX 코스닥150,5,위,-7.0,최근 10년,10,17.83,1.78,80.0,2.09,32.36,47.64,2.53,-1.21,2,6.48,-1.42,-3.24,2.44,0,0,7.6,예,2017-05-19,2026-05-20,판정 안 함
KODEX 코스닥150,5,위,-7.0,최근 5년,5,13.99,2.8,80.0,3.726,21.16,58.84,3.75,-1.01,1,6.48,-1.01,-2.72,2.94,0,0,7.4,아니오,2022-05-20,2026-05-20,판정 안 함
KODEX 코스닥150,5,위,-8.0,전체,11,20.39,1.85,81.82,2.092,32.34,49.48,2.53,-1.21,2,6.48,-1.42,-3.24,2.33,0,0,7.55,예,2016-05-20,2026-05-20,후보
KODEX 코스닥150,5,위,-8.0,앞 절반,5,5.94,1.19,80.0,1.298,43.52,36.48,1.84,-1.42,1,2.56,-1.42,-3.24,1.66,0,0,7.8,아니오,2016-05-20,2020-05-20,판정 안 함
KODEX 코스닥150,5,위,-8.0,뒤 절반,6,14.45,2.41,83.33,3.074,24.55,58.78,3.09,-1.01,1,6.48,-1.01,-2.72,2.8,0,0,7.33,아니오,2021-05-20,2026-05-20,판정 안 함
KODEX 코스닥150,5,위,-8.0,최근 10년,10,17.83,1.78,80.0,2.09,32.36,47.64,2.53,-1.21,2,6.48,-1.42,-3.24,2.44,0,0,7.6,예,2017-05-19,2026-05-20,판정 안 함
KODEX 코스닥150,5,위,-8.0,최근 5년,5,13.99,2.8,80.0,3.726,21.16,58.84,3.75,-1.01,1,6.48,-1.01,-2.72,2.94,0,0,7.4,아니오,2022-05-20,2026-05-20,판정 안 함
KODEX 코스닥150,5,위,-9.0,전체,11,20.39,1.85,81.82,2.092,32.34,49.48,2.53,-1.21,2,6.48,-1.42,-3.24,2.33,0,0,7.55,예,2016-05-20,2026-05-20,후보
KODEX 코스닥150,5,위,-9.0,앞 절반,5,5.94,1.19,80.0,1.298,43.52,36.48,1.84,-1.42,1,2.56,-1.42,-3.24,1.66,0,0,7.8,아니오,2016-05-20,2020-05-20,판정 안 함
KODEX 코스닥150,5,위,-9.0,뒤 절반,6,14.45,2.41,83.33,3.074,24.55,58.78,3.09,-1.01,1,6.48,-1.01,-2.72,2.8,0,0,7.33,아니오,2021-05-20,2026-05-20,판정 안 함
KODEX 코스닥150,5,위,-9.0,최근 10년,10,17.83,1.78,80.0,2.09,32.36,47.64,2.53,-1.21,2,6.48,-1.42,-3.24,2.44,0,0,7.6,예,2017-05-19,2026-05-20,판정 안 함
KODEX 코스닥150,5,위,-9.0,최근 5년,5,13.99,2.8,80.0,3.726,21.16,58.84,3.75,-1.01,1,6.48,-1.01,-2.72,2.94,0,0,7.4,아니오,2022-05-20,2026-05-20,판정 안 함
KODEX 코스닥150,5,위,-10.0,전체,11,20.39,1.85,81.82,2.092,32.34,49.48,2.53,-1.21,2,6.48,-1.42,-3.24,2.33,0,0,7.55,예,2016-05-20,2026-05-20,후보
KODEX 코스닥150,5,위,-10.0,앞 절반,5,5.94,1.19,80.0,1.298,43.52,36.48,1.84,-1.42,1,2.56,-1.42,-3.24,1.66,0,0,7.8,아니오,2016-05-20,2020-05-20,판정 안 함
KODEX 코스닥150,5,위,-10.0,뒤 절반,6,14.45,2.41,83.33,3.074,24.55,58.78,3.09,-1.01,1,6.48,-1.01,-2.72,2.8,0,0,7.33,아니오,2021-05-20,2026-05-20,판정 안 함
KODEX 코스닥150,5,위,-10.0,최근 10년,10,17.83,1.78,80.0,2.09,32.36,47.64,2.53,-1.21,2,6.48,-1.42,-3.24,2.44,0,0,7.6,예,2017-05-19,2026-05-20,판정 안 함
KODEX 코스닥150,5,위,-10.0,최근 5년,5,13.99,2.8,80.0,3.726,21.16,58.84,3.75,-1.01,1,6.48,-1.01,-2.72,2.94,0,0,7.4,아니오,2022-05-20,2026-05-20,판정 안 함
KODEX 코스닥150,5,위,무손절,전체,11,20.39,1.85,81.82,2.092,32.34,49.48,2.53,-1.21,2,6.48,-1.42,-3.24,2.33,0,0,7.55,예,2016-05-20,2026-05-20,후보
KODEX 코스닥150,5,위,무손절,앞 절반,5,5.94,1.19,80.0,1.298,43.52,36.48,1.84,-1.42,1,2.56,-1.42,-3.24,1.66,0,0,7.8,아니오,2016-05-20,2020-05-20,판정 안 함
KODEX 코스닥150,5,위,무손절,뒤 절반,6,14.45,2.41,83.33,3.074,24.55,58.78,3.09,-1.01,1,6.48,-1.01,-2.72,2.8,0,0,7.33,아니오,2021-05-20,2026-05-20,판정 안 함
KODEX 코스닥150,5,위,무손절,최근 10년,10,17.83,1.78,80.0,2.09,32.36,47.64,2.53,-1.21,2,6.48,-1.42,-3.24,2.44,0,0,7.6,예,2017-05-19,2026-05-20,판정 안 함
KODEX 코스닥150,5,위,무손절,최근 5년,5,13.99,2.8,80.0,3.726,21.16,58.84,3.75,-1.01,1,6.48,-1.01,-2.72,2.94,0,0,7.4,아니오,2022-05-20,2026-05-20,판정 안 함
KODEX 코스닥150,6,아래,-3.0,전체,11,13.17,1.2,72.73,1.106,47.49,25.24,2.49,-2.25,3,7.77,-3.0,-3.0,3.06,0,2,6.18,예,2016-06-20,2026-06-19,후보
KODEX 코스닥150,6,아래,-3.0,앞 절반,5,8.22,1.64,80.0,0.935,51.68,28.32,2.8,-3.0,1,7.77,-3.0,-3.0,3.93,0,1,6.2,아니오,2016-06-20,2020-06-19,판정 안 함
KODEX 코스닥150,6,아래,-3.0,뒤 절반,6,4.95,0.83,66.67,1.159,46.33,20.34,2.18,-1.88,2,4.12,-3.0,-3.0,2.46,0,1,6.17,아니오,2021-06-18,2026-06-19,판정 안 함
KODEX 코스닥150,6,아래,-3.0,최근 10년,10,12.31,1.23,70.0,1.209,45.28,24.72,2.72,-2.25,3,7.77,-3.0,-3.0,3.22,0,2,6.0,예,2017-06-20,2026-06-19,판정 안 함
KODEX 코스닥150,6,아래,-3.0,최근 5년,5,5.71,1.14,80.0,0.726,57.93,22.07,2.18,-3.0,1,4.12,-3.0,-3.0,2.6,0,1,5.8,아니오,2022-06-20,2026-06-19,판정 안 함
KODEX 코스닥150,6,아래,-4.0,전체,11,17.53,1.59,81.82,1.04,49.01,32.81,2.48,-2.38,2,7.77,-4.0,-4.0,2.92,0,1,6.82,예,2016-06-20,2026-06-19,후보
KODEX 코스닥150,6,아래,-4.0,앞 절반,5,7.22,1.44,80.0,0.701,58.79,21.21,2.8,-4.0,1,7.77,-4.0,-4.0,4.24,0,1,6.4,아니오,2016-06-20,2020-06-19,판정 안 함
KODEX 코스닥150,6,아래,-4.0,뒤 절반,6,10.31,1.72,83.33,2.912,25.56,57.77,2.21,-0.76,1,4.12,-0.76,-3.09,1.62,0,0,7.17,아니오,2021-06-18,2026-06-19,판정 안 함
KODEX 코스닥150,6,아래,-4.0,최근 10년,10,16.66,1.67,80.0,1.125,47.06,32.94,2.68,-2.38,2,7.77,-4.0,-4.0,3.06,0,1,6.7,예,2017-06-20,2026-06-19,판정 안 함
KODEX 코스닥150,6,아래,-4.0,최근 5년,5,11.07,2.21,100.0,,,,2.21,,0,4.12,1.13,-3.09,1.2,0,0,7.0,아니오,2022-06-20,2026-06-19,판정 안 함
KODEX 코스닥150,6,아래,-5.0,전체,11,21.36,1.94,81.82,5.31,15.85,65.97,2.48,-0.47,2,7.77,-0.76,-4.14,2.36,0,0,7.18,예,2016-06-20,2026-06-19,후보
KODEX 코스닥150,6,아래,-5.0,앞 절반,5,11.05,2.21,80.0,16.273,5.79,74.21,2.8,-0.17,1,7.77,-0.17,-4.14,3.23,0,0,7.2,아니오,2016-06-20,2020-06-19,판정 안 함
KODEX 코스닥150,6,아래,-5.0,뒤 절반,6,10.31,1.72,83.33,2.912,25.56,57.77,2.21,-0.76,1,4.12,-0.76,-3.09,1.62,0,0,7.17,아니오,2021-06-18,2026-06-19,판정 안 함
KODEX 코스닥150,6,아래,-5.0,최근 10년,10,20.49,2.05,80.0,5.742,14.83,65.17,2.68,-0.47,2,7.77,-0.76,-4.14,2.46,0,0,7.1,예,2017-06-20,2026-06-19,판정 안 함
KODEX 코스닥150,6,아래,-5.0,최근 5년,5,11.07,2.21,100.0,,,,2.21,,0,4.12,1.13,-3.09,1.2,0,0,7.0,아니오,2022-06-20,2026-06-19,판정 안 함
KODEX 코스닥150,6,아래,-6.0,전체,11,21.36,1.94,81.82,5.31,15.85,65.97,2.48,-0.47,2,7.77,-0.76,-4.14,2.36,0,0,7.18,예,2016-06-20,2026-06-19,후보
KODEX 코스닥150,6,아래,-6.0,앞 절반,5,11.05,2.21,80.0,16.273,5.79,74.21,2.8,-0.17,1,7.77,-0.17,-4.14,3.23,0,0,7.2,아니오,2016-06-20,2020-06-19,판정 안 함
KODEX 코스닥150,6,아래,-6.0,뒤 절반,6,10.31,1.72,83.33,2.912,25.56,57.77,2.21,-0.76,1,4.12,-0.76,-3.09,1.62,0,0,7.17,아니오,2021-06-18,2026-06-19,판정 안 함
KODEX 코스닥150,6,아래,-6.0,최근 10년,10,20.49,2.05,80.0,5.742,14.83,65.17,2.68,-0.47,2,7.77,-0.76,-4.14,2.46,0,0,7.1,예,2017-06-20,2026-06-19,판정 안 함
KODEX 코스닥150,6,아래,-6.0,최근 5년,5,11.07,2.21,100.0,,,,2.21,,0,4.12,1.13,-3.09,1.2,0,0,7.0,아니오,2022-06-20,2026-06-19,판정 안 함
KODEX 코스닥150,6,아래,-7.0,전체,11,21.36,1.94,81.82,5.31,15.85,65.97,2.48,-0.47,2,7.77,-0.76,-4.14,2.36,0,0,7.18,예,2016-06-20,2026-06-19,후보
KODEX 코스닥150,6,아래,-7.0,앞 절반,5,11.05,2.21,80.0,16.273,5.79,74.21,2.8,-0.17,1,7.77,-0.17,-4.14,3.23,0,0,7.2,아니오,2016-06-20,2020-06-19,판정 안 함
KODEX 코스닥150,6,아래,-7.0,뒤 절반,6,10.31,1.72,83.33,2.912,25.56,57.77,2.21,-0.76,1,4.12,-0.76,-3.09,1.62,0,0,7.17,아니오,2021-06-18,2026-06-19,판정 안 함
KODEX 코스닥150,6,아래,-7.0,최근 10년,10,20.49,2.05,80.0,5.742,14.83,65.17,2.68,-0.47,2,7.77,-0.76,-4.14,2.46,0,0,7.1,예,2017-06-20,2026-06-19,판정 안 함
KODEX 코스닥150,6,아래,-7.0,최근 5년,5,11.07,2.21,100.0,,,,2.21,,0,4.12,1.13,-3.09,1.2,0,0,7.0,아니오,2022-06-20,2026-06-19,판정 안 함
KODEX 코스닥150,6,아래,-8.0,전체,11,21.36,1.94,81.82,5.31,15.85,65.97,2.48,-0.47,2,7.77,-0.76,-4.14,2.36,0,0,7.18,예,2016-06-20,2026-06-19,후보
KODEX 코스닥150,6,아래,-8.0,앞 절반,5,11.05,2.21,80.0,16.273,5.79,74.21,2.8,-0.17,1,7.77,-0.17,-4.14,3.23,0,0,7.2,아니오,2016-06-20,2020-06-19,판정 안 함
KODEX 코스닥150,6,아래,-8.0,뒤 절반,6,10.31,1.72,83.33,2.912,25.56,57.77,2.21,-0.76,1,4.12,-0.76,-3.09,1.62,0,0,7.17,아니오,2021-06-18,2026-06-19,판정 안 함
KODEX 코스닥150,6,아래,-8.0,최근 10년,10,20.49,2.05,80.0,5.742,14.83,65.17,2.68,-0.47,2,7.77,-0.76,-4.14,2.46,0,0,7.1,예,2017-06-20,2026-06-19,판정 안 함
KODEX 코스닥150,6,아래,-8.0,최근 5년,5,11.07,2.21,100.0,,,,2.21,,0,4.12,1.13,-3.09,1.2,0,0,7.0,아니오,2022-06-20,2026-06-19,판정 안 함
KODEX 코스닥150,6,아래,-9.0,전체,11,21.36,1.94,81.82,5.31,15.85,65.97,2.48,-0.47,2,7.77,-0.76,-4.14,2.36,0,0,7.18,예,2016-06-20,2026-06-19,후보
KODEX 코스닥150,6,아래,-9.0,앞 절반,5,11.05,2.21,80.0,16.273,5.79,74.21,2.8,-0.17,1,7.77,-0.17,-4.14,3.23,0,0,7.2,아니오,2016-06-20,2020-06-19,판정 안 함
KODEX 코스닥150,6,아래,-9.0,뒤 절반,6,10.31,1.72,83.33,2.912,25.56,57.77,2.21,-0.76,1,4.12,-0.76,-3.09,1.62,0,0,7.17,아니오,2021-06-18,2026-06-19,판정 안 함
KODEX 코스닥150,6,아래,-9.0,최근 10년,10,20.49,2.05,80.0,5.742,14.83,65.17,2.68,-0.47,2,7.77,-0.76,-4.14,2.46,0,0,7.1,예,2017-06-20,2026-06-19,판정 안 함
KODEX 코스닥150,6,아래,-9.0,최근 5년,5,11.07,2.21,100.0,,,,2.21,,0,4.12,1.13,-3.09,1.2,0,0,7.0,아니오,2022-06-20,2026-06-19,판정 안 함
KODEX 코스닥150,6,아래,-10.0,전체,11,21.36,1.94,81.82,5.31,15.85,65.97,2.48,-0.47,2,7.77,-0.76,-4.14,2.36,0,0,7.18,예,2016-06-20,2026-06-19,후보
KODEX 코스닥150,6,아래,-10.0,앞 절반,5,11.05,2.21,80.0,16.273,5.79,74.21,2.8,-0.17,1,7.77,-0.17,-4.14,3.23,0,0,7.2,아니오,2016-06-20,2020-06-19,판정 안 함
KODEX 코스닥150,6,아래,-10.0,뒤 절반,6,10.31,1.72,83.33,2.912,25.56,57.77,2.21,-0.76,1,4.12,-0.76,-3.09,1.62,0,0,7.17,아니오,2021-06-18,2026-06-19,판정 안 함
KODEX 코스닥150,6,아래,-10.0,최근 10년,10,20.49,2.05,80.0,5.742,14.83,65.17,2.68,-0.47,2,7.77,-0.76,-4.14,2.46,0,0,7.1,예,2017-06-20,2026-06-19,판정 안 함
KODEX 코스닥150,6,아래,-10.0,최근 5년,5,11.07,2.21,100.0,,,,2.21,,0,4.12,1.13,-3.09,1.2,0,0,7.0,아니오,2022-06-20,2026-06-19,판정 안 함
KODEX 코스닥150,6,아래,무손절,전체,11,21.36,1.94,81.82,5.31,15.85,65.97,2.48,-0.47,2,7.77,-0.76,-4.14,2.36,0,0,7.18,예,2016-06-20,2026-06-19,후보
KODEX 코스닥150,6,아래,무손절,앞 절반,5,11.05,2.21,80.0,16.273,5.79,74.21,2.8,-0.17,1,7.77,-0.17,-4.14,3.23,0,0,7.2,아니오,2016-06-20,2020-06-19,판정 안 함
KODEX 코스닥150,6,아래,무손절,뒤 절반,6,10.31,1.72,83.33,2.912,25.56,57.77,2.21,-0.76,1,4.12,-0.76,-3.09,1.62,0,0,7.17,아니오,2021-06-18,2026-06-19,판정 안 함
KODEX 코스닥150,6,아래,무손절,최근 10년,10,20.49,2.05,80.0,5.742,14.83,65.17,2.68,-0.47,2,7.77,-0.76,-4.14,2.46,0,0,7.1,예,2017-06-20,2026-06-19,판정 안 함
KODEX 코스닥150,6,아래,무손절,최근 5년,5,11.07,2.21,100.0,,,,2.21,,0,4.12,1.13,-3.09,1.2,0,0,7.0,아니오,2022-06-20,2026-06-19,판정 안 함
KODEX 코스닥150,6,위,-3.0,전체,11,-19.81,-1.8,18.18,0.202,83.17,-64.99,0.47,-2.3,9,0.76,-3.0,-3.0,1.48,0,6,5.09,예,2016-06-20,2026-06-19,제외
KODEX 코스닥150,6,위,-3.0,앞 절반,5,-9.17,-1.83,20.0,0.074,93.13,-73.13,0.17,-2.33,4,0.17,-3.0,-3.0,1.61,0,3,5.2,아니오,2016-06-20,2020-06-19,판정 안 함
KODEX 코스닥150,6,위,-3.0,뒤 절반,6,-10.64,-1.77,16.67,0.333,75.0,-58.33,0.76,-2.28,5,0.76,-3.0,-3.0,1.52,0,3,5.0,아니오,2021-06-18,2026-06-19,판정 안 함
KODEX 코스닥150,6,위,-3.0,최근 10년,10,-16.81,-1.68,20.0,0.21,82.63,-62.63,0.47,-2.22,8,0.76,-3.0,-3.0,1.5,0,5,5.2,예,2017-06-20,2026-06-19,판정 안 함
KODEX 코스닥150,6,위,-3.0,최근 5년,5,-11.4,-2.28,0.0,0.0,100.0,-100.0,,-2.28,5,-1.13,-3.0,-3.0,0.99,0,3,4.4,아니오,2022-06-20,2026-06-19,판정 안 함
KODEX 코스닥150,6,위,-4.0,전체,11,-25.81,-2.35,18.18,0.157,86.43,-68.25,0.47,-2.97,9,0.76,-4.0,-4.0,1.98,0,6,5.73,예,2016-06-20,2026-06-19,제외
KODEX 코스닥150,6,위,-4.0,앞 절반,5,-12.17,-2.43,20.0,0.056,94.71,-74.71,0.17,-3.08,4,0.17,-4.0,-4.0,2.15,0,3,6.2,아니오,2016-06-20,2020-06-19,판정 안 함
KODEX 코스닥150,6,위,-4.0,뒤 절반,6,-13.64,-2.27,16.67,0.264,79.12,-62.45,0.76,-2.88,5,0.76,-4.0,-4.0,2.02,0,3,5.33,아니오,2021-06-18,2026-06-19,판정 안 함
KODEX 코스닥150,6,위,-4.0,최근 10년,10,-21.81,-2.18,20.0,0.164,85.91,-65.91,0.47,-2.84,8,0.76,-4.0,-4.0,2.0,0,5,5.9,예,2017-06-20,2026-06-19,판정 안 함
KODEX 코스닥150,6,위,-4.0,최근 5년,5,-14.4,-2.88,0.0,0.0,100.0,-100.0,,-2.88,5,-1.13,-4.0,-4.0,1.53,0,3,4.8,아니오,2022-06-20,2026-06-19,판정 안 함
KODEX 코스닥150,6,위,-5.0,전체,11,-26.25,-2.39,18.18,0.154,86.62,-68.44,0.47,-3.02,9,0.76,-5.0,-5.0,2.25,0,4,5.82,예,2016-06-20,2026-06-19,제외
KODEX 코스닥150,6,위,-5.0,앞 절반,5,-12.42,-2.48,20.0,0.055,94.81,-74.81,0.17,-3.15,4,0.17,-5.0,-5.0,2.47,0,2,6.2,아니오,2016-06-20,2020-06-19,판정 안 함
KODEX 코스닥150,6,위,-5.0,뒤 절반,6,-13.83,-2.31,16.67,0.261,79.33,-62.66,0.76,-2.92,5,0.76,-5.0,-5.0,2.3,0,2,5.5,아니오,2021-06-18,2026-06-19,판정 안 함
KODEX 코스닥150,6,위,-5.0,최근 10년,10,-21.25,-2.12,20.0,0.168,85.6,-65.6,0.47,-2.77,8,0.76,-5.0,-5.0,2.19,0,3,6.0,예,2017-06-20,2026-06-19,판정 안 함
KODEX 코스닥150,6,위,-5.0,최근 5년,5,-14.59,-2.92,0.0,0.0,100.0,-100.0,,-2.92,5,-1.13,-5.0,-5.0,1.94,0,2,5.0,아니오,2022-06-20,2026-06-19,판정 안 함
KODEX 코스닥150,6,위,-6.0,전체,11,-30.25,-2.75,18.18,0.135,88.13,-69.95,0.47,-3.46,9,0.76,-6.0,-6.0,2.73,0,4,5.91,예,2016-06-20,2026-06-19,제외
KODEX 코스닥150,6,위,-6.0,앞 절반,5,-14.42,-2.88,20.0,0.047,95.49,-75.49,0.17,-3.65,4,0.17,-6.0,-6.0,2.99,0,2,6.4,아니오,2016-06-20,2020-06-19,판정 안 함
KODEX 코스닥150,6,위,-6.0,뒤 절반,6,-15.83,-2.64,16.67,0.229,81.36,-64.69,0.76,-3.32,5,0.76,-6.0,-6.0,2.77,0,2,5.5,아니오,2021-06-18,2026-06-19,판정 안 함
KODEX 코스닥150,6,위,-6.0,최근 10년,10,-24.25,-2.42,20.0,0.148,87.09,-67.09,0.47,-3.15,8,0.76,-6.0,-6.0,2.64,0,3,6.1,예,2017-06-20,2026-06-19,판정 안 함
KODEX 코스닥150,6,위,-6.0,최근 5년,5,-16.59,-3.32,0.0,0.0,100.0,-100.0,,-3.32,5,-1.13,-6.0,-6.0,2.48,0,2,5.0,아니오,2022-06-20,2026-06-19,판정 안 함
KODEX 코스닥150,6,위,-7.0,전체,11,-31.37,-2.85,18.18,0.13,88.5,-70.32,0.47,-3.59,9,0.76,-7.0,-7.0,2.97,0,3,6.64,예,2016-06-20,2026-06-19,제외
KODEX 코스닥150,6,위,-7.0,앞 절반,5,-16.42,-3.28,20.0,0.042,96.01,-76.01,0.17,-4.15,4,0.17,-7.0,-7.0,3.51,0,2,6.4,아니오,2016-06-20,2020-06-19,판정 안 함
KODEX 코스닥150,6,위,-7.0,뒤 절반,6,-14.95,-2.49,16.67,0.242,80.52,-63.85,0.76,-3.14,5,0.76,-7.0,-7.0,2.72,0,1,6.83,아니오,2021-06-18,2026-06-19,판정 안 함
KODEX 코스닥150,6,위,-7.0,최근 10년,10,-24.37,-2.44,20.0,0.147,87.15,-67.15,0.47,-3.16,8,0.76,-7.0,-7.0,2.77,0,2,6.9,예,2017-06-20,2026-06-19,판정 안 함
KODEX 코스닥150,6,위,-7.0,최근 5년,5,-15.71,-3.14,0.0,0.0,100.0,-100.0,,-3.14,5,-1.13,-7.0,-7.0,2.46,0,1,6.6,아니오,2022-06-20,2026-06-19,판정 안 함
KODEX 코스닥150,6,위,-8.0,전체,11,-34.63,-3.15,18.18,0.118,89.44,-71.26,0.47,-3.95,9,0.76,-8.5,-8.5,3.43,1,1,6.73,예,2016-06-20,2026-06-19,제외
KODEX 코스닥150,6,위,-8.0,앞 절반,5,-18.68,-3.74,20.0,0.037,96.47,-76.47,0.17,-4.71,4,0.17,-8.5,-8.5,4.12,1,0,6.6,아니오,2016-06-20,2020-06-19,판정 안 함
KODEX 코스닥150,6,위,-8.0,뒤 절반,6,-15.95,-2.66,16.67,0.228,81.47,-64.8,0.76,-3.34,5,0.76,-8.0,-8.0,3.06,0,1,6.83,아니오,2021-06-18,2026-06-19,판정 안 함
KODEX 코스닥150,6,위,-8.0,최근 10년,10,-26.13,-2.61,20.0,0.138,87.88,-67.88,0.47,-3.38,8,0.76,-8.0,-8.0,3.1,0,1,6.9,예,2017-06-20,2026-06-19,판정 안 함
KODEX 코스닥150,6,위,-8.0,최근 5년,5,-16.71,-3.34,0.0,0.0,100.0,-100.0,,-3.34,5,-1.13,-8.0,-8.0,2.86,0,1,6.6,아니오,2022-06-20,2026-06-19,판정 안 함
KODEX 코스닥150,6,위,-9.0,전체,11,-28.0,-2.55,18.18,0.145,87.33,-69.15,0.47,-3.21,9,0.76,-9.0,-9.0,3.18,0,1,7.0,예,2016-06-20,2026-06-19,제외
KODEX 코스닥150,6,위,-9.0,앞 절반,5,-11.05,-2.21,20.0,0.061,94.21,-74.21,0.17,-2.8,4,0.17,-7.77,-8.5,3.23,0,0,7.2,아니오,2016-06-20,2020-06-19,판정 안 함
KODEX 코스닥150,6,위,-9.0,뒤 절반,6,-16.95,-2.83,16.67,0.215,82.33,-65.66,0.76,-3.54,5,0.76,-9.0,-9.0,3.42,0,1,6.83,아니오,2021-06-18,2026-06-19,판정 안 함
KODEX 코스닥150,6,위,-9.0,최근 10년,10,-27.13,-2.71,20.0,0.133,88.27,-68.27,0.47,-3.51,8,0.76,-9.0,-9.0,3.3,0,1,6.9,예,2017-06-20,2026-06-19,판정 안 함
KODEX 코스닥150,6,위,-9.0,최근 5년,5,-17.71,-3.54,0.0,0.0,100.0,-100.0,,-3.54,5,-1.13,-9.0,-9.0,3.28,0,1,6.6,아니오,2022-06-20,2026-06-19,판정 안 함
KODEX 코스닥150,6,위,-10.0,전체,11,-29.0,-2.64,18.18,0.14,87.7,-69.52,0.47,-3.33,9,0.76,-10.0,-10.0,3.39,0,1,7.0,예,2016-06-20,2026-06-19,제외
KODEX 코스닥150,6,위,-10.0,앞 절반,5,-11.05,-2.21,20.0,0.061,94.21,-74.21,0.17,-2.8,4,0.17,-7.77,-8.5,3.23,0,0,7.2,아니오,2016-06-20,2020-06-19,판정 안 함
KODEX 코스닥150,6,위,-10.0,뒤 절반,6,-17.95,-2.99,16.67,0.203,83.11,-66.44,0.76,-3.74,5,0.76,-10.0,-10.0,3.78,0,1,6.83,아니오,2021-06-18,2026-06-19,판정 안 함
KODEX 코스닥150,6,위,-10.0,최근 10년,10,-28.13,-2.81,20.0,0.128,88.62,-68.62,0.47,-3.63,8,0.76,-10.0,-10.0,3.52,0,1,6.9,예,2017-06-20,2026-06-19,판정 안 함
KODEX 코스닥150,6,위,-10.0,최근 5년,5,-18.71,-3.74,0.0,0.0,100.0,-100.0,,-3.74,5,-1.13,-10.0,-10.0,3.7,0,1,6.6,아니오,2022-06-20,2026-06-19,판정 안 함
KODEX 코스닥150,6,위,무손절,전체,11,-21.36,-1.94,18.18,0.188,84.15,-65.97,0.47,-2.48,9,0.76,-7.77,-11.08,2.36,0,0,7.18,예,2016-06-20,2026-06-19,제외
KODEX 코스닥150,6,위,무손절,앞 절반,5,-11.05,-2.21,20.0,0.061,94.21,-74.21,0.17,-2.8,4,0.17,-7.77,-8.5,3.23,0,0,7.2,아니오,2016-06-20,2020-06-19,판정 안 함
KODEX 코스닥150,6,위,무손절,뒤 절반,6,-10.31,-1.72,16.67,0.343,74.44,-57.77,0.76,-2.21,5,0.76,-4.12,-11.08,1.62,0,0,7.17,아니오,2021-06-18,2026-06-19,판정 안 함
KODEX 코스닥150,6,위,무손절,최근 10년,10,-20.49,-2.05,20.0,0.174,85.17,-65.17,0.47,-2.68,8,0.76,-7.77,-11.08,2.46,0,0,7.1,예,2017-06-20,2026-06-19,판정 안 함
KODEX 코스닥150,6,위,무손절,최근 5년,5,-11.07,-2.21,0.0,0.0,100.0,-100.0,,-2.21,5,-1.13,-4.12,-11.08,1.2,0,0,7.0,아니오,2022-06-20,2026-06-19,판정 안 함
KODEX 코스닥150,7,아래,-3.0,전체,11,9.09,0.83,54.55,1.526,39.58,14.97,3.34,-2.19,5,6.1,-3.41,-3.41,3.22,1,2,6.27,예,2016-07-20,2026-07-20,제외
KODEX 코스닥150,7,아래,-3.0,앞 절반,5,10.27,2.05,60.0,2.88,25.78,34.22,4.46,-1.55,2,6.1,-3.0,-3.0,3.62,0,1,6.4,아니오,2016-07-20,2020-07-20,판정 안 함
KODEX 코스닥150,7,아래,-3.0,뒤 절반,6,-1.19,-0.2,50.0,0.849,54.09,-4.09,2.22,-2.61,3,2.59,-3.41,-3.41,2.74,1,1,6.17,아니오,2021-07-20,2026-07-20,판정 안 함
KODEX 코스닥150,7,아래,-3.0,최근 10년,10,9.18,0.92,60.0,1.232,44.81,15.19,3.34,-2.71,4,6.1,-3.41,-3.41,3.38,1,2,6.2,예,2017-07-20,2026-07-20,판정 안 함
KODEX 코스닥150,7,아래,-3.0,최근 5년,5,-3.35,-0.67,40.0,0.858,53.81,-13.81,2.24,-2.61,3,2.59,-3.41,-3.41,2.77,1,1,5.8,아니오,2022-07-20,2026-07-20,판정 안 함
KODEX 코스닥150,7,아래,-4.0,전체,11,6.5,0.59,54.55,1.234,44.77,9.78,3.34,-2.7,5,6.1,-4.0,-4.0,3.54,0,3,6.55,예,2016-07-20,2026-07-20,제외
KODEX 코스닥150,7,아래,-4.0,앞 절반,5,9.27,1.85,60.0,2.176,31.48,28.52,4.46,-2.05,2,6.1,-4.0,-4.0,3.97,0,1,7.0,아니오,2016-07-20,2020-07-20,판정 안 함
KODEX 코스닥150,7,아래,-4.0,뒤 절반,6,-2.78,-0.46,50.0,0.706,58.63,-8.63,2.22,-3.14,3,2.59,-4.0,-4.0,3.09,0,2,6.17,아니오,2021-07-20,2026-07-20,판정 안 함
KODEX 코스닥150,7,아래,-4.0,최근 10년,10,6.59,0.66,60.0,0.994,50.15,9.85,3.34,-3.36,4,6.1,-4.0,-4.0,3.73,0,3,6.5,예,2017-07-20,2026-07-20,판정 안 함
KODEX 코스닥150,7,아래,-4.0,최근 5년,5,-4.94,-0.99,40.0,0.713,58.36,-18.36,2.24,-3.14,3,2.59,-4.0,-4.0,3.14,0,2,5.8,아니오,2022-07-20,2026-07-20,판정 안 함
KODEX 코스닥150,7,아래,-5.0,전체,11,4.02,0.37,54.55,1.043,48.95,5.6,3.34,-3.2,5,6.1,-5.0,-5.0,3.87,0,2,6.82,예,2016-07-20,2026-07-20,제외
KODEX 코스닥150,7,아래,-5.0,앞 절반,5,8.8,1.76,60.0,1.95,33.9,26.1,4.46,-2.29,2,6.1,-4.48,-4.93,4.15,0,0,7.6,아니오,2016-07-20,2020-07-20,판정 안 함
KODEX 코스닥150,7,아래,-5.0,뒤 절반,6,-4.78,-0.8,50.0,0.582,63.21,-13.21,2.22,-3.81,3,2.59,-5.0,-5.0,3.56,0,2,6.17,아니오,2021-07-20,2026-07-20,판정 안 함
KODEX 코스닥150,7,아래,-5.0,최근 10년,10,4.12,0.41,60.0,0.839,54.37,5.63,3.34,-3.98,4,6.1,-5.0,-5.0,4.08,0,2,6.8,예,2017-07-20,2026-07-20,판정 안 함
KODEX 코스닥150,7,아래,-5.0,최근 5년,5,-6.94,-1.39,40.0,0.589,62.95,-22.95,2.24,-3.81,3,2.59,-5.0,-5.0,3.63,0,2,5.8,아니오,2022-07-20,2026-07-20,판정 안 함
KODEX 코스닥150,7,아래,-6.0,전체,11,2.02,0.18,54.55,0.927,51.9,2.65,3.34,-3.6,5,6.1,-6.0,-6.0,4.16,0,2,6.91,예,2016-07-20,2026-07-20,제외
KODEX 코스닥150,7,아래,-6.0,앞 절반,5,8.8,1.76,60.0,1.95,33.9,26.1,4.46,-2.29,2,6.1,-4.48,-4.93,4.15,0,0,7.6,아니오,2016-07-20,2020-07-20,판정 안 함
KODEX 코스닥150,7,아래,-6.0,뒤 절반,6,-6.78,-1.13,50.0,0.495,66.88,-16.88,2.22,-4.47,3,2.59,-6.0,-6.0,4.03,0,2,6.33,아니오,2021-07-20,2026-07-20,판정 안 함
KODEX 코스닥150,7,아래,-6.0,최근 10년,10,2.12,0.21,60.0,0.745,57.29,2.71,3.34,-4.48,4,6.1,-6.0,-6.0,4.38,0,2,6.9,예,2017-07-20,2026-07-20,판정 안 함
KODEX 코스닥150,7,아래,-6.0,최근 5년,5,-8.94,-1.79,40.0,0.501,66.63,-26.63,2.24,-4.47,3,2.59,-6.0,-6.0,4.13,0,2,6.0,아니오,2022-07-20,2026-07-20,판정 안 함
KODEX 코스닥150,7,아래,-7.0,전체,11,11.07,1.01,63.64,1.058,48.59,15.05,3.44,-3.25,4,6.1,-7.0,-7.0,3.95,0,1,7.55,예,2016-07-20,2026-07-20,후보
KODEX 코스닥150,7,아래,-7.0,앞 절반,5,8.8,1.76,60.0,1.95,33.9,26.1,4.46,-2.29,2,6.1,-4.48,-4.93,4.15,0,0,7.6,아니오,2016-07-20,2020-07-20,판정 안 함
KODEX 코스닥150,7,아래,-7.0,뒤 절반,6,2.27,0.38,66.67,0.635,61.17,5.5,2.67,-4.21,2,4.04,-7.0,-7.0,4.04,0,1,7.5,아니오,2021-07-20,2026-07-20,판정 안 함
KODEX 코스닥150,7,아래,-7.0,최근 10년,10,11.16,1.12,70.0,0.799,55.58,14.42,3.44,-4.3,3,6.1,-7.0,-7.0,4.14,0,1,7.6,예,2017-07-20,2026-07-20,판정 안 함
KODEX 코스닥150,7,아래,-7.0,최근 5년,5,0.1,0.02,60.0,0.675,59.71,0.29,2.84,-4.21,2,4.04,-7.0,-7.0,4.41,0,1,7.4,아니오,2022-07-20,2026-07-20,판정 안 함
KODEX 코스닥150,7,아래,-8.0,전체,11,10.07,0.92,63.64,0.982,50.44,13.2,3.44,-3.5,4,6.1,-8.0,-8.0,4.15,0,1,7.55,예,2016-07-20,2026-07-20,제외
KODEX 코스닥150,7,아래,-8.0,앞 절반,5,8.8,1.76,60.0,1.95,33.9,26.1,4.46,-2.29,2,6.1,-4.48,-4.93,4.15,0,0,7.6,아니오,2016-07-20,2020-07-20,판정 안 함
KODEX 코스닥150,7,아래,-8.0,뒤 절반,6,1.27,0.21,66.67,0.567,63.8,2.87,2.67,-4.71,2,4.04,-8.0,-8.0,4.41,0,1,7.5,아니오,2021-07-20,2026-07-20,판정 안 함
KODEX 코스닥150,7,아래,-8.0,최근 10년,10,10.16,1.02,70.0,0.742,57.41,12.59,3.44,-4.63,3,6.1,-8.0,-8.0,4.36,0,1,7.6,예,2017-07-20,2026-07-20,판정 안 함
KODEX 코스닥150,7,아래,-8.0,최근 5년,5,-0.9,-0.18,60.0,0.603,62.38,-2.38,2.84,-4.71,2,4.04,-8.0,-8.0,4.81,0,1,7.4,아니오,2022-07-20,2026-07-20,판정 안 함
KODEX 코스닥150,7,아래,-9.0,전체,11,9.07,0.82,63.64,0.917,52.17,11.47,3.44,-3.75,4,6.1,-9.0,-9.0,4.37,0,1,7.55,예,2016-07-20,2026-07-20,제외
KODEX 코스닥150,7,아래,-9.0,앞 절반,5,8.8,1.76,60.0,1.95,33.9,26.1,4.46,-2.29,2,6.1,-4.48,-4.93,4.15,0,0,7.6,아니오,2016-07-20,2020-07-20,판정 안 함
KODEX 코스닥150,7,아래,-9.0,뒤 절반,6,0.27,0.04,66.67,0.513,66.1,0.57,2.67,-5.21,2,4.04,-9.0,-9.0,4.78,0,1,7.5,아니오,2021-07-20,2026-07-20,판정 안 함
KODEX 코스닥150,7,아래,-9.0,최근 10년,10,9.16,0.92,70.0,0.692,59.1,10.9,3.44,-4.97,3,6.1,-9.0,-9.0,4.6,0,1,7.6,예,2017-07-20,2026-07-20,판정 안 함
KODEX 코스닥150,7,아래,-9.0,최근 5년,5,-1.9,-0.38,60.0,0.545,64.71,-4.71,2.84,-5.21,2,4.04,-9.0,-9.0,5.22,0,1,7.4,아니오,2022-07-20,2026-07-20,판정 안 함
KODEX 코스닥150,7,아래,-10.0,전체,11,8.07,0.73,63.64,0.86,53.78,9.86,3.44,-4.0,4,6.1,-10.0,-10.0,4.6,0,1,7.55,예,2016-07-20,2026-07-20,제외
KODEX 코스닥150,7,아래,-10.0,앞 절반,5,8.8,1.76,60.0,1.95,33.9,26.1,4.46,-2.29,2,6.1,-4.48,-4.93,4.15,0,0,7.6,아니오,2016-07-20,2020-07-20,판정 안 함
KODEX 코스닥150,7,아래,-10.0,뒤 절반,6,-0.73,-0.12,66.67,0.468,68.12,-1.45,2.67,-5.71,2,4.04,-10.0,-10.0,5.16,0,1,7.5,아니오,2021-07-20,2026-07-20,판정 안 함
KODEX 코스닥150,7,아래,-10.0,최근 10년,10,8.16,0.82,70.0,0.649,60.66,9.34,3.44,-5.3,3,6.1,-10.0,-10.0,4.84,0,1,7.6,예,2017-07-20,2026-07-20,판정 안 함
KODEX 코스닥150,7,아래,-10.0,최근 5년,5,-2.9,-0.58,60.0,0.498,66.77,-6.77,2.84,-5.71,2,4.04,-10.0,-10.0,5.63,0,1,7.4,아니오,2022-07-20,2026-07-20,판정 안 함
KODEX 코스닥150,7,아래,무손절,전체,11,14.03,1.28,63.64,1.37,42.19,21.45,3.44,-2.51,4,6.1,-4.48,-11.85,3.41,0,0,7.82,예,2016-07-20,2026-07-20,후보
KODEX 코스닥150,7,아래,무손절,앞 절반,5,8.8,1.76,60.0,1.95,33.9,26.1,4.46,-2.29,2,6.1,-4.48,-4.93,4.15,0,0,7.6,아니오,2016-07-20,2020-07-20,판정 안 함
KODEX 코스닥150,7,아래,무손절,뒤 절반,6,5.23,0.87,66.67,0.979,50.54,16.13,2.67,-2.73,2,4.04,-4.04,-11.85,3.0,0,0,8.0,아니오,2021-07-20,2026-07-20,판정 안 함
KODEX 코스닥150,7,아래,무손절,최근 10년,10,14.12,1.41,70.0,1.037,49.08,20.92,3.44,-3.31,3,6.1,-4.48,-11.85,3.56,0,0,7.9,예,2017-07-20,2026-07-20,판정 안 함
KODEX 코스닥150,7,아래,무손절,최근 5년,5,3.06,0.61,60.0,1.04,49.01,10.99,2.84,-2.73,2,4.04,-4.04,-11.85,3.28,0,0,8.0,아니오,2022-07-20,2026-07-20,판정 안 함
KODEX 코스닥150,7,위,-3.0,전체,11,-17.17,-1.56,27.27,0.69,59.16,-31.89,2.0,-2.9,8,4.48,-3.0,-3.0,2.51,0,7,5.09,예,2016-07-20,2026-07-20,제외
KODEX 코스닥150,7,위,-3.0,앞 절반,5,-4.43,-0.89,40.0,0.762,56.76,-16.76,2.29,-3.0,3,4.48,-3.0,-3.0,3.28,0,3,5.4,아니오,2016-07-20,2020-07-20,판정 안 함
KODEX 코스닥150,7,위,-3.0,뒤 절반,6,-12.74,-2.12,16.67,0.503,66.54,-49.87,1.42,-2.83,5,1.42,-3.0,-3.0,1.77,0,4,4.83,아니오,2021-07-20,2026-07-20,판정 안 함
KODEX 코스닥150,7,위,-3.0,최근 10년,10,-17.27,-1.73,20.0,1.019,49.53,-29.53,2.95,-2.9,8,4.48,-3.0,-3.0,2.58,0,7,4.9,예,2017-07-20,2026-07-20,판정 안 함
KODEX 코스닥150,7,위,-3.0,최근 5년,5,-10.58,-2.12,20.0,0.475,67.8,-47.8,1.42,-3.0,4,1.42,-3.0,-3.0,1.98,0,4,4.2,아니오,2022-07-20,2026-07-20,판정 안 함
KODEX 코스닥150,7,위,-4.0,전체,11,-22.07,-2.01,27.27,0.57,63.7,-36.43,2.0,-3.51,8,4.48,-4.0,-4.0,2.87,0,6,6.27,예,2016-07-20,2026-07-20,제외
KODEX 코스닥150,7,위,-4.0,앞 절반,5,-7.43,-1.49,40.0,0.571,63.64,-23.64,2.29,-4.0,3,4.48,-4.0,-4.0,3.78,0,3,5.8,아니오,2016-07-20,2020-07-20,판정 안 함
KODEX 코스닥150,7,위,-4.0,뒤 절반,6,-14.64,-2.44,16.67,0.443,69.28,-52.61,1.42,-3.21,5,1.42,-4.0,-4.0,2.13,0,3,6.67,아니오,2021-07-20,2026-07-20,판정 안 함
KODEX 코스닥150,7,위,-4.0,최근 10년,10,-22.16,-2.22,20.0,0.841,54.32,-34.32,2.95,-3.51,8,4.48,-4.0,-4.0,2.93,0,6,6.2,예,2017-07-20,2026-07-20,판정 안 함
KODEX 코스닥150,7,위,-4.0,최근 5년,5,-12.47,-2.49,20.0,0.41,70.92,-50.92,1.42,-3.47,4,1.42,-4.0,-4.0,2.37,0,3,6.4,아니오,2022-07-20,2026-07-20,판정 안 함
KODEX 코스닥150,7,위,-5.0,전체,11,-14.63,-1.33,36.36,0.712,58.42,-22.06,2.51,-3.52,7,4.48,-5.0,-5.0,3.44,0,3,6.82,예,2016-07-20,2026-07-20,제외
KODEX 코스닥150,7,위,-5.0,앞 절반,5,-8.45,-1.69,40.0,0.527,65.5,-25.5,2.29,-4.34,3,4.48,-5.0,-5.0,4.03,0,2,6.0,아니오,2016-07-20,2020-07-20,판정 안 함
KODEX 코스닥150,7,위,-5.0,뒤 절반,6,-6.19,-1.03,33.33,0.938,51.6,-18.27,2.73,-2.91,4,4.04,-5.0,-5.0,3.22,0,1,7.5,아니오,2021-07-20,2026-07-20,판정 안 함
KODEX 코스닥150,7,위,-5.0,최근 10년,10,-14.73,-1.47,30.0,0.94,51.54,-21.54,3.31,-3.52,7,4.48,-5.0,-5.0,3.59,0,3,6.8,예,2017-07-20,2026-07-20,판정 안 함
KODEX 코스닥150,7,위,-5.0,최근 5년,5,-4.02,-0.8,40.0,0.864,53.64,-13.64,2.73,-3.16,3,4.04,-5.0,-5.0,3.55,0,1,7.4,아니오,2022-07-20,2026-07-20,판정 안 함
KODEX 코스닥150,7,위,-6.0,전체,11,-17.63,-1.6,36.36,0.635,61.17,-24.81,2.51,-3.95,7,4.48,-6.0,-6.0,3.77,0,3,7.0,예,2016-07-20,2026-07-20,제외
KODEX 코스닥150,7,위,-6.0,앞 절반,5,-10.45,-2.09,40.0,0.457,68.66,-28.66,2.29,-5.01,3,4.48,-6.0,-6.0,4.45,0,2,6.4,아니오,2016-07-20,2020-07-20,판정 안 함
KODEX 코스닥150,7,위,-6.0,뒤 절반,6,-7.19,-1.2,33.33,0.864,53.65,-20.32,2.73,-3.16,4,4.04,-6.0,-6.0,3.48,0,1,7.5,아니오,2021-07-20,2026-07-20,판정 안 함
KODEX 코스닥150,7,위,-6.0,최근 10년,10,-17.73,-1.77,30.0,0.838,54.4,-24.4,3.31,-3.95,7,4.48,-6.0,-6.0,3.93,0,3,7.0,예,2017-07-20,2026-07-20,판정 안 함
KODEX 코스닥150,7,위,-6.0,최근 5년,5,-5.02,-1.0,40.0,0.782,56.12,-16.12,2.73,-3.49,3,4.04,-6.0,-6.0,3.86,0,1,7.4,아니오,2022-07-20,2026-07-20,판정 안 함
KODEX 코스닥150,7,위,-7.0,전체,11,-20.63,-1.88,36.36,0.573,63.59,-27.23,2.51,-4.38,7,4.48,-7.0,-7.0,4.13,0,3,7.18,예,2016-07-20,2026-07-20,제외
KODEX 코스닥150,7,위,-7.0,앞 절반,5,-12.45,-2.49,40.0,0.403,71.28,-31.28,2.29,-5.67,3,4.48,-7.0,-7.0,4.9,0,2,6.8,아니오,2016-07-20,2020-07-20,판정 안 함
KODEX 코스닥150,7,위,-7.0,뒤 절반,6,-8.19,-1.36,33.33,0.801,55.54,-22.21,2.73,-3.41,4,4.04,-7.0,-7.0,3.77,0,1,7.5,아니오,2021-07-20,2026-07-20,판정 안 함
KODEX 코스닥150,7,위,-7.0,최근 10년,10,-20.73,-2.07,30.0,0.756,56.94,-26.94,3.31,-4.38,7,4.48,-7.0,-7.0,4.3,0,3,7.2,예,2017-07-20,2026-07-20,판정 안 함
KODEX 코스닥150,7,위,-7.0,최근 5년,5,-6.02,-1.2,40.0,0.714,58.35,-18.35,2.73,-3.83,3,4.04,-7.0,-7.0,4.19,0,1,7.4,아니오,2022-07-20,2026-07-20,판정 안 함
KODEX 코스닥150,7,위,-8.0,전체,11,-23.63,-2.15,36.36,0.522,65.72,-29.36,2.51,-4.81,7,4.48,-8.0,-8.0,4.51,0,3,7.18,예,2016-07-20,2026-07-20,제외
KODEX 코스닥150,7,위,-8.0,앞 절반,5,-14.45,-2.89,40.0,0.361,73.5,-33.5,2.29,-6.34,3,4.48,-8.0,-8.0,5.37,0,2,6.8,아니오,2016-07-20,2020-07-20,판정 안 함
KODEX 코스닥150,7,위,-8.0,뒤 절반,6,-9.19,-1.53,33.33,0.746,57.28,-23.95,2.73,-3.66,4,4.04,-8.0,-8.0,4.08,0,1,7.5,아니오,2021-07-20,2026-07-20,판정 안 함
KODEX 코스닥150,7,위,-8.0,최근 10년,10,-23.73,-2.37,30.0,0.689,59.21,-29.21,3.31,-4.81,7,4.48,-8.0,-8.0,4.69,0,3,7.2,예,2017-07-20,2026-07-20,판정 안 함
KODEX 코스닥150,7,위,-8.0,최근 5년,5,-7.02,-1.4,40.0,0.657,60.37,-20.37,2.73,-4.16,3,4.04,-8.0,-8.0,4.55,0,1,7.4,아니오,2022-07-20,2026-07-20,판정 안 함
KODEX 코스닥150,7,위,-9.0,전체,11,-18.98,-1.73,36.36,0.605,62.3,-25.94,2.51,-4.15,7,4.48,-9.0,-9.0,4.07,0,1,7.64,예,2016-07-20,2026-07-20,제외
KODEX 코스닥150,7,위,-9.0,앞 절반,5,-8.8,-1.76,40.0,0.513,66.1,-26.1,2.29,-4.46,3,4.48,-6.1,-8.93,4.15,0,0,7.6,아니오,2016-07-20,2020-07-20,판정 안 함
KODEX 코스닥150,7,위,-9.0,뒤 절반,6,-10.19,-1.7,33.33,0.698,58.88,-25.55,2.73,-3.91,4,4.04,-9.0,-9.0,4.41,0,1,7.67,아니오,2021-07-20,2026-07-20,판정 안 함
KODEX 코스닥150,7,위,-9.0,최근 10년,10,-19.08,-1.91,30.0,0.799,55.58,-25.58,3.31,-4.15,7,4.48,-9.0,-9.0,4.25,0,1,7.7,예,2017-07-20,2026-07-20,판정 안 함
KODEX 코스닥150,7,위,-9.0,최근 5년,5,-8.02,-1.6,40.0,0.608,62.19,-22.19,2.73,-4.49,3,4.04,-9.0,-9.0,4.92,0,1,7.6,아니오,2022-07-20,2026-07-20,판정 안 함
KODEX 코스닥150,7,위,-10.0,전체,11,-19.98,-1.82,36.36,0.585,63.09,-26.73,2.51,-4.29,7,4.48,-10.0,-10.0,4.26,0,1,7.64,예,2016-07-20,2026-07-20,제외
KODEX 코스닥150,7,위,-10.0,앞 절반,5,-8.8,-1.76,40.0,0.513,66.1,-26.1,2.29,-4.46,3,4.48,-6.1,-8.93,4.15,0,0,7.6,아니오,2016-07-20,2020-07-20,판정 안 함
KODEX 코스닥150,7,위,-10.0,뒤 절반,6,-11.19,-1.86,33.33,0.656,60.37,-27.04,2.73,-4.16,4,4.04,-10.0,-10.0,4.74,0,1,7.67,아니오,2021-07-20,2026-07-20,판정 안 함
KODEX 코스닥150,7,위,-10.0,최근 10년,10,-20.08,-2.01,30.0,0.773,56.41,-26.41,3.31,-4.29,7,4.48,-10.0,-10.0,4.44,0,1,7.7,예,2017-07-20,2026-07-20,판정 안 함
KODEX 코스닥150,7,위,-10.0,최근 5년,5,-9.02,-1.8,40.0,0.566,63.86,-23.86,2.73,-4.83,3,4.04,-10.0,-10.0,5.3,0,1,7.6,아니오,2022-07-20,2026-07-20,판정 안 함
KODEX 코스닥150,7,위,무손절,전체,11,-14.03,-1.28,36.36,0.73,57.81,-21.45,2.51,-3.44,7,4.48,-6.1,-17.29,3.41,0,0,7.82,예,2016-07-20,2026-07-20,제외
KODEX 코스닥150,7,위,무손절,앞 절반,5,-8.8,-1.76,40.0,0.513,66.1,-26.1,2.29,-4.46,3,4.48,-6.1,-8.93,4.15,0,0,7.6,아니오,2016-07-20,2020-07-20,판정 안 함
KODEX 코스닥150,7,위,무손절,뒤 절반,6,-5.23,-0.87,33.33,1.022,49.46,-16.13,2.73,-2.67,4,4.04,-4.04,-17.29,3.0,0,0,8.0,아니오,2021-07-20,2026-07-20,판정 안 함
KODEX 코스닥150,7,위,무손절,최근 10년,10,-14.12,-1.41,30.0,0.964,50.92,-20.92,3.31,-3.44,7,4.48,-6.1,-17.29,3.56,0,0,7.9,예,2017-07-20,2026-07-20,판정 안 함
KODEX 코스닥150,7,위,무손절,최근 5년,5,-3.06,-0.61,40.0,0.961,50.99,-10.99,2.73,-2.84,3,4.04,-4.04,-17.29,3.28,0,0,8.0,아니오,2022-07-20,2026-07-20,판정 안 함
KODEX 코스닥150,8,아래,-3.0,전체,11,-7.79,-0.71,36.36,0.949,51.32,-14.96,2.3,-2.43,7,4.55,-3.0,-3.0,2.62,0,4,5.45,예,2016-08-19,2026-08-20,제외
KODEX 코스닥150,8,아래,-3.0,앞 절반,5,-5.15,-1.03,20.0,1.877,34.76,-14.76,4.55,-2.43,4,4.55,-3.0,-3.0,3.22,0,2,5.6,아니오,2016-08-19,2020-08-20,판정 안 함
KODEX 코스닥150,8,아래,-3.0,뒤 절반,6,-2.64,-0.44,50.0,0.639,61.02,-11.02,1.55,-2.43,3,1.9,-3.0,-3.0,2.29,0,2,5.33,아니오,2021-08-20,2026-08-20,판정 안 함
KODEX 코스닥150,8,아래,-3.0,최근 10년,10,-12.34,-1.23,30.0,0.64,60.98,-30.98,1.55,-2.43,7,1.9,-3.0,-3.0,2.06,0,4,5.2,예,2017-08-18,2026-08-20,판정 안 함
KODEX 코스닥150,8,아래,-3.0,최근 5년,5,0.36,0.07,60.0,0.723,58.04,1.96,1.55,-2.15,2,1.9,-3.0,-3.0,2.14,0,1,6.2,아니오,2022-08-19,2026-08-20,판정 안 함
KODEX 코스닥150,8,아래,-4.0,전체,11,-12.1,-1.1,36.36,0.757,56.93,-20.57,2.3,-3.05,7,4.55,-4.27,-4.27,3.02,2,2,6.09,예,2016-08-19,2026-08-20,제외
KODEX 코스닥150,8,아래,-4.0,앞 절반,5,-7.2,-1.44,20.0,1.55,39.21,-19.21,4.55,-2.94,4,4.55,-4.05,-4.05,3.56,1,1,5.8,아니오,2016-08-19,2020-08-20,판정 안 함
KODEX 코스닥150,8,아래,-4.0,뒤 절반,6,-4.9,-0.82,50.0,0.487,67.23,-17.23,1.55,-3.19,3,1.9,-4.27,-4.27,2.81,1,1,6.33,아니오,2021-08-20,2026-08-20,판정 안 함
KODEX 코스닥150,8,아래,-4.0,최근 10년,10,-16.65,-1.67,30.0,0.51,66.21,-36.21,1.55,-3.05,7,1.9,-4.27,-4.27,2.5,2,2,5.9,예,2017-08-18,2026-08-20,판정 안 함
KODEX 코스닥150,8,아래,-4.0,최근 5년,5,-0.9,-0.18,60.0,0.558,64.17,-4.17,1.55,-2.78,2,1.9,-4.27,-4.27,2.61,1,0,7.2,아니오,2022-08-19,2026-08-20,판정 안 함
KODEX 코스닥150,8,아래,-5.0,전체,11,-15.92,-1.45,36.36,0.642,60.92,-24.56,2.3,-3.59,7,4.55,-5.14,-5.14,3.41,1,3,6.55,예,2016-08-19,2026-08-20,제외
KODEX 코스닥150,8,아래,-5.0,앞 절반,5,-9.15,-1.83,20.0,1.329,42.93,-22.93,4.55,-3.43,4,4.55,-5.0,-5.0,3.94,0,2,6.4,아니오,2016-08-19,2020-08-20,판정 안 함
KODEX 코스닥150,8,아래,-5.0,뒤 절반,6,-6.77,-1.13,50.0,0.408,71.04,-21.04,1.55,-3.81,3,1.9,-5.14,-5.14,3.26,1,1,6.67,아니오,2021-08-20,2026-08-20,판정 안 함
KODEX 코스닥150,8,아래,-5.0,최근 10년,10,-20.48,-2.05,30.0,0.433,69.8,-39.8,1.55,-3.59,7,1.9,-5.14,-5.14,2.92,1,3,6.4,예,2017-08-18,2026-08-20,판정 안 함
KODEX 코스닥150,8,아래,-5.0,최근 5년,5,-1.64,-0.33,60.0,0.493,66.96,-6.96,1.55,-3.15,2,1.9,-5.0,-5.0,2.9,0,1,7.4,아니오,2022-08-19,2026-08-20,판정 안 함
KODEX 코스닥150,8,아래,-6.0,전체,11,-18.91,-1.72,36.36,0.573,63.55,-27.19,2.3,-4.02,7,4.55,-6.0,-6.0,3.74,0,3,7.09,예,2016-08-19,2026-08-20,제외
KODEX 코스닥150,8,아래,-6.0,앞 절반,5,-11.15,-2.23,20.0,1.16,46.3,-26.3,4.55,-3.93,4,4.55,-6.0,-6.0,4.36,0,2,6.8,아니오,2016-08-19,2020-08-20,판정 안 함
KODEX 코스닥150,8,아래,-6.0,뒤 절반,6,-7.76,-1.29,50.0,0.375,72.71,-22.71,1.55,-4.14,3,1.9,-6.0,-6.0,3.51,0,1,7.33,아니오,2021-08-20,2026-08-20,판정 안 함
KODEX 코스닥150,8,아래,-6.0,최근 10년,10,-23.46,-2.35,30.0,0.387,72.11,-42.11,1.55,-4.02,7,1.9,-6.0,-6.0,3.28,0,3,7.0,예,2017-08-18,2026-08-20,판정 안 함
KODEX 코스닥150,8,아래,-6.0,최근 5년,5,-1.76,-0.35,60.0,0.484,67.38,-7.38,1.55,-3.21,2,1.9,-5.12,-5.83,2.95,0,0,7.8,아니오,2022-08-19,2026-08-20,판정 안 함
KODEX 코스닥150,8,아래,-7.0,전체,11,-21.91,-1.99,36.36,0.518,65.87,-29.51,2.3,-4.45,7,4.55,-7.0,-7.0,4.09,0,3,7.45,예,2016-08-19,2026-08-20,제외
KODEX 코스닥150,8,아래,-7.0,앞 절반,5,-13.15,-2.63,20.0,1.029,49.29,-29.29,4.55,-4.43,4,4.55,-7.0,-7.0,4.8,0,2,7.4,아니오,2016-08-19,2020-08-20,판정 안 함
KODEX 코스닥150,8,아래,-7.0,뒤 절반,6,-8.76,-1.46,50.0,0.347,74.22,-24.22,1.55,-4.47,3,1.9,-7.0,-7.0,3.79,0,1,7.5,아니오,2021-08-20,2026-08-20,판정 안 함
KODEX 코스닥150,8,아래,-7.0,최근 10년,10,-26.46,-2.65,30.0,0.349,74.1,-44.1,1.55,-4.45,7,1.9,-7.0,-7.0,3.66,0,3,7.4,예,2017-08-18,2026-08-20,판정 안 함
KODEX 코스닥150,8,아래,-7.0,최근 5년,5,-1.76,-0.35,60.0,0.484,67.38,-7.38,1.55,-3.21,2,1.9,-5.12,-5.83,2.95,0,0,7.8,아니오,2022-08-19,2026-08-20,판정 안 함
KODEX 코스닥150,8,아래,-8.0,전체,11,-22.81,-2.07,36.36,0.504,66.5,-30.14,2.3,-4.57,7,4.55,-8.0,-8.0,4.22,0,1,7.91,예,2016-08-19,2026-08-20,제외
KODEX 코스닥150,8,아래,-8.0,앞 절반,5,-13.73,-2.75,20.0,0.996,50.1,-30.1,4.55,-4.57,4,4.55,-8.0,-8.0,4.96,0,1,8.2,아니오,2016-08-19,2020-08-20,판정 안 함
KODEX 코스닥150,8,아래,-8.0,뒤 절반,6,-9.07,-1.51,50.0,0.339,74.66,-24.66,1.55,-4.58,3,1.9,-7.31,-7.31,3.88,0,0,7.67,아니오,2021-08-20,2026-08-20,판정 안 함
KODEX 코스닥150,8,아래,-8.0,최근 10년,10,-27.36,-2.74,30.0,0.34,74.64,-44.64,1.55,-4.57,7,1.9,-8.0,-8.0,3.79,0,1,7.9,예,2017-08-18,2026-08-20,판정 안 함
KODEX 코스닥150,8,아래,-8.0,최근 5년,5,-1.76,-0.35,60.0,0.484,67.38,-7.38,1.55,-3.21,2,1.9,-5.12,-5.83,2.95,0,0,7.8,아니오,2022-08-19,2026-08-20,판정 안 함
KODEX 코스닥150,8,아래,-9.0,전체,11,-23.81,-2.16,36.36,0.488,67.19,-30.83,2.3,-4.72,7,4.55,-9.0,-9.0,4.37,0,1,7.91,예,2016-08-19,2026-08-20,제외
KODEX 코스닥150,8,아래,-9.0,앞 절반,5,-14.73,-2.95,20.0,0.944,51.43,-31.43,4.55,-4.82,4,4.55,-9.0,-9.0,5.24,0,1,8.2,아니오,2016-08-19,2020-08-20,판정 안 함
KODEX 코스닥150,8,아래,-9.0,뒤 절반,6,-9.07,-1.51,50.0,0.339,74.66,-24.66,1.55,-4.58,3,1.9,-7.31,-7.31,3.88,0,0,7.67,아니오,2021-08-20,2026-08-20,판정 안 함
KODEX 코스닥150,8,아래,-9.0,최근 10년,10,-28.36,-2.84,30.0,0.329,75.22,-45.22,1.55,-4.72,7,1.9,-9.0,-9.0,3.96,0,1,7.9,예,2017-08-18,2026-08-20,판정 안 함
KODEX 코스닥150,8,아래,-9.0,최근 5년,5,-1.76,-0.35,60.0,0.484,67.38,-7.38,1.55,-3.21,2,1.9,-5.12,-5.83,2.95,0,0,7.8,아니오,2022-08-19,2026-08-20,판정 안 함
KODEX 코스닥150,8,아래,-10.0,전체,11,-23.24,-2.11,36.36,0.497,66.8,-30.44,2.3,-4.64,7,4.55,-8.43,-9.02,4.28,0,0,7.91,예,2016-08-19,2026-08-20,제외
KODEX 코스닥150,8,아래,-10.0,앞 절반,5,-14.17,-2.83,20.0,0.973,50.68,-30.68,4.55,-4.68,4,4.55,-8.43,-9.02,5.08,0,0,8.2,아니오,2016-08-19,2020-08-20,판정 안 함
KODEX 코스닥150,8,아래,-10.0,뒤 절반,6,-9.07,-1.51,50.0,0.339,74.66,-24.66,1.55,-4.58,3,1.9,-7.31,-7.31,3.88,0,0,7.67,아니오,2021-08-20,2026-08-20,판정 안 함
KODEX 코스닥150,8,아래,-10.0,최근 10년,10,-27.79,-2.78,30.0,0.335,74.9,-44.9,1.55,-4.64,7,1.9,-8.43,-9.02,3.86,0,0,7.9,예,2017-08-18,2026-08-20,판정 안 함
KODEX 코스닥150,8,아래,-10.0,최근 5년,5,-1.76,-0.35,60.0,0.484,67.38,-7.38,1.55,-3.21,2,1.9,-5.12,-5.83,2.95,0,0,7.8,아니오,2022-08-19,2026-08-20,판정 안 함
KODEX 코스닥150,8,아래,무손절,전체,11,-23.24,-2.11,36.36,0.497,66.8,-30.44,2.3,-4.64,7,4.55,-8.43,-9.02,4.28,0,0,7.91,예,2016-08-19,2026-08-20,제외
KODEX 코스닥150,8,아래,무손절,앞 절반,5,-14.17,-2.83,20.0,0.973,50.68,-30.68,4.55,-4.68,4,4.55,-8.43,-9.02,5.08,0,0,8.2,아니오,2016-08-19,2020-08-20,판정 안 함
KODEX 코스닥150,8,아래,무손절,뒤 절반,6,-9.07,-1.51,50.0,0.339,74.66,-24.66,1.55,-4.58,3,1.9,-7.31,-7.31,3.88,0,0,7.67,아니오,2021-08-20,2026-08-20,판정 안 함
KODEX 코스닥150,8,아래,무손절,최근 10년,10,-27.79,-2.78,30.0,0.335,74.9,-44.9,1.55,-4.64,7,1.9,-8.43,-9.02,3.86,0,0,7.9,예,2017-08-18,2026-08-20,판정 안 함
KODEX 코스닥150,8,아래,무손절,최근 5년,5,-1.76,-0.35,60.0,0.484,67.38,-7.38,1.55,-3.21,2,1.9,-5.12,-5.83,2.95,0,0,7.8,아니오,2022-08-19,2026-08-20,판정 안 함
KODEX 코스닥150,8,위,-3.0,전체,11,16.38,1.49,54.55,1.743,36.45,18.1,5.23,-3.0,5,8.43,-3.0,-3.0,4.73,0,5,5.82,예,2016-08-19,2026-08-20,후보
KODEX 코스닥150,8,위,-3.0,앞 절반,5,11.65,2.33,60.0,1.961,33.78,26.22,5.88,-3.0,2,8.43,-3.0,-3.0,5.3,0,2,7.0,아니오,2016-08-19,2020-08-20,판정 안 함
KODEX 코스닥150,8,위,-3.0,뒤 절반,6,4.73,0.79,50.0,1.526,39.59,10.41,4.58,-3.0,3,7.31,-3.0,-3.0,4.58,0,3,4.83,아니오,2021-08-20,2026-08-20,판정 안 함
KODEX 코스닥150,8,위,-3.0,최근 10년,10,19.38,1.94,60.0,1.743,36.45,23.55,5.23,-3.0,4,8.43,-3.0,-3.0,4.73,0,4,5.8,예,2017-08-18,2026-08-20,판정 안 함
KODEX 코스닥150,8,위,-3.0,최근 5년,5,-2.58,-0.52,40.0,1.07,48.31,-8.31,3.21,-3.0,3,5.12,-3.0,-3.0,3.66,0,3,4.4,아니오,2022-08-19,2026-08-20,판정 안 함
KODEX 코스닥150,8,위,-4.0,전체,11,11.38,1.03,54.55,1.307,43.34,11.21,5.23,-4.0,5,8.43,-4.0,-4.0,5.21,0,5,6.18,예,2016-08-19,2026-08-20,후보
KODEX 코스닥150,8,위,-4.0,앞 절반,5,9.65,1.93,60.0,1.471,40.48,19.52,5.88,-4.0,2,8.43,-4.0,-4.0,5.8,0,2,7.0,아니오,2016-08-19,2020-08-20,판정 안 함
KODEX 코스닥150,8,위,-4.0,뒤 절반,6,1.73,0.29,50.0,1.144,46.63,3.37,4.58,-4.0,3,7.31,-4.0,-4.0,5.08,0,3,5.5,아니오,2021-08-20,2026-08-20,판정 안 함
KODEX 코스닥150,8,위,-4.0,최근 10년,10,15.38,1.54,60.0,1.307,43.34,16.66,5.23,-4.0,4,8.43,-4.0,-4.0,5.2,0,4,6.2,예,2017-08-18,2026-08-20,판정 안 함
KODEX 코스닥150,8,위,-4.0,최근 5년,5,-5.58,-1.12,40.0,0.802,55.48,-15.48,3.21,-4.0,3,5.12,-4.0,-4.0,4.17,0,3,5.2,아니오,2022-08-19,2026-08-20,판정 안 함
KODEX 코스닥150,8,위,-5.0,전체,11,9.48,0.86,54.55,1.194,45.58,8.97,5.23,-4.38,5,8.43,-5.0,-5.0,5.46,0,4,6.82,예,2016-08-19,2026-08-20,제외
KODEX 코스닥150,8,위,-5.0,앞 절반,5,7.65,1.53,60.0,1.176,45.95,14.05,5.88,-5.0,2,8.43,-5.0,-5.0,6.32,0,2,7.4,아니오,2016-08-19,2020-08-20,판정 안 함
KODEX 코스닥150,8,위,-5.0,뒤 절반,6,1.83,0.31,50.0,1.154,46.43,3.57,4.58,-3.97,3,7.31,-5.0,-5.0,5.19,0,2,6.33,아니오,2021-08-20,2026-08-20,판정 안 함
KODEX 코스닥150,8,위,-5.0,최근 10년,10,14.48,1.45,60.0,1.238,44.69,15.31,5.23,-4.23,4,8.43,-5.0,-5.0,5.38,0,3,6.7,예,2017-08-18,2026-08-20,판정 안 함
KODEX 코스닥150,8,위,-5.0,최근 5년,5,-5.48,-1.1,40.0,0.809,55.27,-15.27,3.21,-3.97,3,5.12,-5.0,-5.0,4.34,0,2,6.2,아니오,2022-08-19,2026-08-20,판정 안 함
KODEX 코스닥150,8,위,-6.0,전체,11,18.91,1.72,63.64,1.37,42.2,21.44,4.64,-3.38,4,8.43,-6.0,-6.0,4.83,0,1,7.36,예,2016-08-19,2026-08-20,후보
KODEX 코스닥150,8,위,-6.0,앞 절반,5,14.17,2.83,80.0,1.028,49.32,30.68,4.68,-4.55,1,8.43,-4.55,-5.75,5.08,0,0,8.2,아니오,2016-08-19,2020-08-20,판정 안 함
KODEX 코스닥150,8,위,-6.0,뒤 절반,6,4.75,0.79,50.0,1.528,39.55,10.45,4.58,-3.0,3,7.31,-6.0,-6.0,4.87,0,1,6.67,아니오,2021-08-20,2026-08-20,판정 안 함
KODEX 코스닥150,8,위,-6.0,최근 10년,10,23.47,2.35,70.0,1.548,39.25,30.75,4.64,-3.0,3,8.43,-6.0,-6.0,4.59,0,1,7.3,예,2017-08-18,2026-08-20,판정 안 함
KODEX 코스닥150,8,위,-6.0,최근 5년,5,-2.57,-0.51,40.0,1.072,48.27,-8.27,3.21,-3.0,3,5.12,-6.0,-6.0,4.1,0,1,6.6,아니오,2022-08-19,2026-08-20,판정 안 함
KODEX 코스닥150,8,위,-7.0,전체,11,17.91,1.63,63.64,1.275,43.95,19.69,4.64,-3.63,4,8.43,-7.0,-7.0,4.99,0,1,7.55,예,2016-08-19,2026-08-20,후보
KODEX 코스닥150,8,위,-7.0,앞 절반,5,14.17,2.83,80.0,1.028,49.32,30.68,4.68,-4.55,1,8.43,-4.55,-5.75,5.08,0,0,8.2,아니오,2016-08-19,2020-08-20,판정 안 함
KODEX 코스닥150,8,위,-7.0,뒤 절반,6,3.75,0.62,50.0,1.375,42.1,7.9,4.58,-3.33,3,7.31,-7.0,-7.0,5.15,0,1,7.0,아니오,2021-08-20,2026-08-20,판정 안 함
KODEX 코스닥150,8,위,-7.0,최근 10년,10,22.47,2.25,70.0,1.393,41.79,28.21,4.64,-3.33,3,8.43,-7.0,-7.0,4.8,0,1,7.5,예,2017-08-18,2026-08-20,판정 안 함
KODEX 코스닥150,8,위,-7.0,최근 5년,5,-3.57,-0.71,40.0,0.964,50.91,-10.91,3.21,-3.33,3,5.12,-7.0,-7.0,4.45,0,1,7.0,아니오,2022-08-19,2026-08-20,판정 안 함
KODEX 코스닥150,8,위,-8.0,전체,11,16.91,1.54,63.64,1.193,45.59,18.05,4.64,-3.88,4,8.43,-8.0,-8.0,5.17,0,1,7.55,예,2016-08-19,2026-08-20,후보
KODEX 코스닥150,8,위,-8.0,앞 절반,5,14.17,2.83,80.0,1.028,49.32,30.68,4.68,-4.55,1,8.43,-4.55,-5.75,5.08,0,0,8.2,아니오,2016-08-19,2020-08-20,판정 안 함
KODEX 코스닥150,8,위,-8.0,뒤 절반,6,2.75,0.46,50.0,1.25,44.44,5.56,4.58,-3.66,3,7.31,-8.0,-8.0,5.46,0,1,7.0,아니오,2021-08-20,2026-08-20,판정 안 함
KODEX 코스닥150,8,위,-8.0,최근 10년,10,21.47,2.15,70.0,1.266,44.13,25.87,4.64,-3.66,3,8.43,-8.0,-8.0,5.02,0,1,7.5,예,2017-08-18,2026-08-20,판정 안 함
KODEX 코스닥150,8,위,-8.0,최근 5년,5,-4.57,-0.91,40.0,0.877,53.29,-13.29,3.21,-3.66,3,5.12,-8.0,-8.0,4.81,0,1,7.0,아니오,2022-08-19,2026-08-20,판정 안 함
KODEX 코스닥150,8,위,-9.0,전체,11,23.24,2.11,63.64,2.012,33.2,30.44,4.64,-2.3,4,8.43,-4.55,-8.31,4.28,0,0,7.91,예,2016-08-19,2026-08-20,후보
KODEX 코스닥150,8,위,-9.0,앞 절반,5,14.17,2.83,80.0,1.028,49.32,30.68,4.68,-4.55,1,8.43,-4.55,-5.75,5.08,0,0,8.2,아니오,2016-08-19,2020-08-20,판정 안 함
KODEX 코스닥150,8,위,-9.0,뒤 절반,6,9.07,1.51,50.0,2.946,25.34,24.66,4.58,-1.55,3,7.31,-1.9,-8.31,3.88,0,0,7.67,아니오,2021-08-20,2026-08-20,판정 안 함
KODEX 코스닥150,8,위,-9.0,최근 10년,10,27.79,2.78,70.0,2.984,25.1,44.9,4.64,-1.55,3,8.43,-1.9,-8.31,3.86,0,0,7.9,예,2017-08-18,2026-08-20,판정 안 함
KODEX 코스닥150,8,위,-9.0,최근 5년,5,1.76,0.35,40.0,2.066,32.62,7.38,3.21,-1.55,3,5.12,-1.9,-8.31,2.95,0,0,7.8,아니오,2022-08-19,2026-08-20,판정 안 함
KODEX 코스닥150,8,위,-10.0,전체,11,23.24,2.11,63.64,2.012,33.2,30.44,4.64,-2.3,4,8.43,-4.55,-8.31,4.28,0,0,7.91,예,2016-08-19,2026-08-20,후보
KODEX 코스닥150,8,위,-10.0,앞 절반,5,14.17,2.83,80.0,1.028,49.32,30.68,4.68,-4.55,1,8.43,-4.55,-5.75,5.08,0,0,8.2,아니오,2016-08-19,2020-08-20,판정 안 함
KODEX 코스닥150,8,위,-10.0,뒤 절반,6,9.07,1.51,50.0,2.946,25.34,24.66,4.58,-1.55,3,7.31,-1.9,-8.31,3.88,0,0,7.67,아니오,2021-08-20,2026-08-20,판정 안 함
KODEX 코스닥150,8,위,-10.0,최근 10년,10,27.79,2.78,70.0,2.984,25.1,44.9,4.64,-1.55,3,8.43,-1.9,-8.31,3.86,0,0,7.9,예,2017-08-18,2026-08-20,판정 안 함
KODEX 코스닥150,8,위,-10.0,최근 5년,5,1.76,0.35,40.0,2.066,32.62,7.38,3.21,-1.55,3,5.12,-1.9,-8.31,2.95,0,0,7.8,아니오,2022-08-19,2026-08-20,판정 안 함
KODEX 코스닥150,8,위,무손절,전체,11,23.24,2.11,63.64,2.012,33.2,30.44,4.64,-2.3,4,8.43,-4.55,-8.31,4.28,0,0,7.91,예,2016-08-19,2026-08-20,후보
KODEX 코스닥150,8,위,무손절,앞 절반,5,14.17,2.83,80.0,1.028,49.32,30.68,4.68,-4.55,1,8.43,-4.55,-5.75,5.08,0,0,8.2,아니오,2016-08-19,2020-08-20,판정 안 함
KODEX 코스닥150,8,위,무손절,뒤 절반,6,9.07,1.51,50.0,2.946,25.34,24.66,4.58,-1.55,3,7.31,-1.9,-8.31,3.88,0,0,7.67,아니오,2021-08-20,2026-08-20,판정 안 함
KODEX 코스닥150,8,위,무손절,최근 10년,10,27.79,2.78,70.0,2.984,25.1,44.9,4.64,-1.55,3,8.43,-1.9,-8.31,3.86,0,0,7.9,예,2017-08-18,2026-08-20,판정 안 함
KODEX 코스닥150,8,위,무손절,최근 5년,5,1.76,0.35,40.0,2.066,32.62,7.38,3.21,-1.55,3,5.12,-1.9,-8.31,2.95,0,0,7.8,아니오,2022-08-19,2026-08-20,판정 안 함
KODEX 코스닥150,9,아래,-3.0,전체,10,28.83,2.88,80.0,2.625,27.59,52.41,3.98,-1.52,2,10.05,-3.0,-3.0,3.67,0,1,5.9,예,2016-09-20,2025-09-19,후보
KODEX 코스닥150,9,아래,-3.0,앞 절반,5,11.14,2.23,80.0,79.022,1.25,78.75,2.79,-0.04,1,5.26,-0.04,-2.51,2.73,0,0,6.2,아니오,2016-09-20,2020-09-18,판정 안 함
KODEX 코스닥150,9,아래,-3.0,뒤 절반,5,17.69,3.54,80.0,1.724,36.7,43.3,5.17,-3.0,1,10.05,-3.0,-3.0,4.67,0,1,5.6,아니오,2021-09-17,2025-09-19,판정 안 함
KODEX 코스닥150,9,아래,-3.0,최근 10년,10,28.83,2.88,80.0,2.625,27.59,52.41,3.98,-1.52,2,10.05,-3.0,-3.0,3.67,0,1,5.9,예,2016-09-20,2025-09-19,판정 안 함
KODEX 코스닥150,9,아래,-3.0,최근 5년,5,17.69,3.54,80.0,1.724,36.7,43.3,5.17,-3.0,1,10.05,-3.0,-3.0,4.67,0,1,5.6,아니오,2021-09-17,2025-09-19,판정 안 함
KODEX 코스닥150,9,아래,-4.0,전체,10,27.78,2.78,80.0,1.951,33.88,46.12,3.98,-2.04,2,10.05,-4.05,-4.05,3.87,1,0,6.0,예,2016-09-20,2025-09-19,후보
KODEX 코스닥150,9,아래,-4.0,앞 절반,5,11.14,2.23,80.0,79.022,1.25,78.75,2.79,-0.04,1,5.26,-0.04,-2.51,2.73,0,0,6.2,아니오,2016-09-20,2020-09-18,판정 안 함
KODEX 코스닥150,9,아래,-4.0,뒤 절반,5,16.65,3.33,80.0,1.278,43.9,36.1,5.17,-4.05,1,10.05,-4.05,-4.05,5.05,1,0,5.8,아니오,2021-09-17,2025-09-19,판정 안 함
KODEX 코스닥150,9,아래,-4.0,최근 10년,10,27.78,2.78,80.0,1.951,33.88,46.12,3.98,-2.04,2,10.05,-4.05,-4.05,3.87,1,0,6.0,예,2016-09-20,2025-09-19,판정 안 함
KODEX 코스닥150,9,아래,-4.0,최근 5년,5,16.65,3.33,80.0,1.278,43.9,36.1,5.17,-4.05,1,10.05,-4.05,-4.05,5.05,1,0,5.8,아니오,2021-09-17,2025-09-19,판정 안 함
KODEX 코스닥150,9,아래,-5.0,전체,10,29.73,2.97,80.0,3.725,21.16,58.84,3.98,-1.07,2,10.05,-2.1,-4.56,3.52,0,0,6.3,예,2016-09-20,2025-09-19,후보
KODEX 코스닥150,9,아래,-5.0,앞 절반,5,11.14,2.23,80.0,79.022,1.25,78.75,2.79,-0.04,1,5.26,-0.04,-2.51,2.73,0,0,6.2,아니오,2016-09-20,2020-09-18,판정 안 함
KODEX 코스닥150,9,아래,-5.0,뒤 절반,5,18.59,3.72,80.0,2.46,28.9,51.1,5.17,-2.1,1,10.05,-2.1,-4.56,4.37,0,0,6.4,아니오,2021-09-17,2025-09-19,판정 안 함
KODEX 코스닥150,9,아래,-5.0,최근 10년,10,29.73,2.97,80.0,3.725,21.16,58.84,3.98,-1.07,2,10.05,-2.1,-4.56,3.52,0,0,6.3,예,2016-09-20,2025-09-19,판정 안 함
KODEX 코스닥150,9,아래,-5.0,최근 5년,5,18.59,3.72,80.0,2.46,28.9,51.1,5.17,-2.1,1,10.05,-2.1,-4.56,4.37,0,0,6.4,아니오,2021-09-17,2025-09-19,판정 안 함
KODEX 코스닥150,9,아래,-6.0,전체,10,29.73,2.97,80.0,3.725,21.16,58.84,3.98,-1.07,2,10.05,-2.1,-4.56,3.52,0,0,6.3,예,2016-09-20,2025-09-19,후보
KODEX 코스닥150,9,아래,-6.0,앞 절반,5,11.14,2.23,80.0,79.022,1.25,78.75,2.79,-0.04,1,5.26,-0.04,-2.51,2.73,0,0,6.2,아니오,2016-09-20,2020-09-18,판정 안 함
KODEX 코스닥150,9,아래,-6.0,뒤 절반,5,18.59,3.72,80.0,2.46,28.9,51.1,5.17,-2.1,1,10.05,-2.1,-4.56,4.37,0,0,6.4,아니오,2021-09-17,2025-09-19,판정 안 함
KODEX 코스닥150,9,아래,-6.0,최근 10년,10,29.73,2.97,80.0,3.725,21.16,58.84,3.98,-1.07,2,10.05,-2.1,-4.56,3.52,0,0,6.3,예,2016-09-20,2025-09-19,판정 안 함
KODEX 코스닥150,9,아래,-6.0,최근 5년,5,18.59,3.72,80.0,2.46,28.9,51.1,5.17,-2.1,1,10.05,-2.1,-4.56,4.37,0,0,6.4,아니오,2021-09-17,2025-09-19,판정 안 함
KODEX 코스닥150,9,아래,-7.0,전체,10,29.73,2.97,80.0,3.725,21.16,58.84,3.98,-1.07,2,10.05,-2.1,-4.56,3.52,0,0,6.3,예,2016-09-20,2025-09-19,후보
KODEX 코스닥150,9,아래,-7.0,앞 절반,5,11.14,2.23,80.0,79.022,1.25,78.75,2.79,-0.04,1,5.26,-0.04,-2.51,2.73,0,0,6.2,아니오,2016-09-20,2020-09-18,판정 안 함
KODEX 코스닥150,9,아래,-7.0,뒤 절반,5,18.59,3.72,80.0,2.46,28.9,51.1,5.17,-2.1,1,10.05,-2.1,-4.56,4.37,0,0,6.4,아니오,2021-09-17,2025-09-19,판정 안 함
KODEX 코스닥150,9,아래,-7.0,최근 10년,10,29.73,2.97,80.0,3.725,21.16,58.84,3.98,-1.07,2,10.05,-2.1,-4.56,3.52,0,0,6.3,예,2016-09-20,2025-09-19,판정 안 함
KODEX 코스닥150,9,아래,-7.0,최근 5년,5,18.59,3.72,80.0,2.46,28.9,51.1,5.17,-2.1,1,10.05,-2.1,-4.56,4.37,0,0,6.4,아니오,2021-09-17,2025-09-19,판정 안 함
KODEX 코스닥150,9,아래,-8.0,전체,10,29.73,2.97,80.0,3.725,21.16,58.84,3.98,-1.07,2,10.05,-2.1,-4.56,3.52,0,0,6.3,예,2016-09-20,2025-09-19,후보
KODEX 코스닥150,9,아래,-8.0,앞 절반,5,11.14,2.23,80.0,79.022,1.25,78.75,2.79,-0.04,1,5.26,-0.04,-2.51,2.73,0,0,6.2,아니오,2016-09-20,2020-09-18,판정 안 함
KODEX 코스닥150,9,아래,-8.0,뒤 절반,5,18.59,3.72,80.0,2.46,28.9,51.1,5.17,-2.1,1,10.05,-2.1,-4.56,4.37,0,0,6.4,아니오,2021-09-17,2025-09-19,판정 안 함
KODEX 코스닥150,9,아래,-8.0,최근 10년,10,29.73,2.97,80.0,3.725,21.16,58.84,3.98,-1.07,2,10.05,-2.1,-4.56,3.52,0,0,6.3,예,2016-09-20,2025-09-19,판정 안 함
KODEX 코스닥150,9,아래,-8.0,최근 5년,5,18.59,3.72,80.0,2.46,28.9,51.1,5.17,-2.1,1,10.05,-2.1,-4.56,4.37,0,0,6.4,아니오,2021-09-17,2025-09-19,판정 안 함
KODEX 코스닥150,9,아래,-9.0,전체,10,29.73,2.97,80.0,3.725,21.16,58.84,3.98,-1.07,2,10.05,-2.1,-4.56,3.52,0,0,6.3,예,2016-09-20,2025-09-19,후보
KODEX 코스닥150,9,아래,-9.0,앞 절반,5,11.14,2.23,80.0,79.022,1.25,78.75,2.79,-0.04,1,5.26,-0.04,-2.51,2.73,0,0,6.2,아니오,2016-09-20,2020-09-18,판정 안 함
KODEX 코스닥150,9,아래,-9.0,뒤 절반,5,18.59,3.72,80.0,2.46,28.9,51.1,5.17,-2.1,1,10.05,-2.1,-4.56,4.37,0,0,6.4,아니오,2021-09-17,2025-09-19,판정 안 함
KODEX 코스닥150,9,아래,-9.0,최근 10년,10,29.73,2.97,80.0,3.725,21.16,58.84,3.98,-1.07,2,10.05,-2.1,-4.56,3.52,0,0,6.3,예,2016-09-20,2025-09-19,판정 안 함
KODEX 코스닥150,9,아래,-9.0,최근 5년,5,18.59,3.72,80.0,2.46,28.9,51.1,5.17,-2.1,1,10.05,-2.1,-4.56,4.37,0,0,6.4,아니오,2021-09-17,2025-09-19,판정 안 함
KODEX 코스닥150,9,아래,-10.0,전체,10,29.73,2.97,80.0,3.725,21.16,58.84,3.98,-1.07,2,10.05,-2.1,-4.56,3.52,0,0,6.3,예,2016-09-20,2025-09-19,후보
KODEX 코스닥150,9,아래,-10.0,앞 절반,5,11.14,2.23,80.0,79.022,1.25,78.75,2.79,-0.04,1,5.26,-0.04,-2.51,2.73,0,0,6.2,아니오,2016-09-20,2020-09-18,판정 안 함
KODEX 코스닥150,9,아래,-10.0,뒤 절반,5,18.59,3.72,80.0,2.46,28.9,51.1,5.17,-2.1,1,10.05,-2.1,-4.56,4.37,0,0,6.4,아니오,2021-09-17,2025-09-19,판정 안 함
KODEX 코스닥150,9,아래,-10.0,최근 10년,10,29.73,2.97,80.0,3.725,21.16,58.84,3.98,-1.07,2,10.05,-2.1,-4.56,3.52,0,0,6.3,예,2016-09-20,2025-09-19,판정 안 함
KODEX 코스닥150,9,아래,-10.0,최근 5년,5,18.59,3.72,80.0,2.46,28.9,51.1,5.17,-2.1,1,10.05,-2.1,-4.56,4.37,0,0,6.4,아니오,2021-09-17,2025-09-19,판정 안 함
KODEX 코스닥150,9,아래,무손절,전체,10,29.73,2.97,80.0,3.725,21.16,58.84,3.98,-1.07,2,10.05,-2.1,-4.56,3.52,0,0,6.3,예,2016-09-20,2025-09-19,후보
KODEX 코스닥150,9,아래,무손절,앞 절반,5,11.14,2.23,80.0,79.022,1.25,78.75,2.79,-0.04,1,5.26,-0.04,-2.51,2.73,0,0,6.2,아니오,2016-09-20,2020-09-18,판정 안 함
KODEX 코스닥150,9,아래,무손절,뒤 절반,5,18.59,3.72,80.0,2.46,28.9,51.1,5.17,-2.1,1,10.05,-2.1,-4.56,4.37,0,0,6.4,아니오,2021-09-17,2025-09-19,판정 안 함
KODEX 코스닥150,9,아래,무손절,최근 10년,10,29.73,2.97,80.0,3.725,21.16,58.84,3.98,-1.07,2,10.05,-2.1,-4.56,3.52,0,0,6.3,예,2016-09-20,2025-09-19,판정 안 함
KODEX 코스닥150,9,아래,무손절,최근 5년,5,18.59,3.72,80.0,2.46,28.9,51.1,5.17,-2.1,1,10.05,-2.1,-4.56,4.37,0,0,6.4,아니오,2021-09-17,2025-09-19,판정 안 함
KODEX 코스닥150,9,위,-3.0,전체,10,-16.9,-1.69,20.0,0.449,69.0,-49.0,1.07,-2.38,8,2.1,-3.25,-3.25,1.89,1,5,4.0,예,2016-09-20,2025-09-19,제외
KODEX 코스닥150,9,위,-3.0,앞 절반,5,-6.75,-1.35,20.0,0.021,97.96,-77.96,0.04,-1.7,4,0.04,-3.0,-3.0,1.54,0,2,4.2,아니오,2016-09-20,2020-09-18,판정 안 함
KODEX 코스닥150,9,위,-3.0,뒤 절반,5,-10.15,-2.03,20.0,0.687,59.29,-39.29,2.1,-3.06,4,2.1,-3.25,-3.25,2.31,1,3,3.8,아니오,2021-09-17,2025-09-19,판정 안 함
KODEX 코스닥150,9,위,-3.0,최근 10년,10,-16.9,-1.69,20.0,0.449,69.0,-49.0,1.07,-2.38,8,2.1,-3.25,-3.25,1.89,1,5,4.0,예,2016-09-20,2025-09-19,판정 안 함
KODEX 코스닥150,9,위,-3.0,최근 5년,5,-10.15,-2.03,20.0,0.687,59.29,-39.29,2.1,-3.06,4,2.1,-3.25,-3.25,2.31,1,3,3.8,아니오,2021-09-17,2025-09-19,판정 안 함
KODEX 코스닥150,9,위,-4.0,전체,10,-23.48,-2.35,20.0,0.334,74.96,-54.96,1.07,-3.2,8,2.1,-4.83,-4.83,2.43,1,5,4.3,예,2016-09-20,2025-09-19,제외
KODEX 코스닥150,9,위,-4.0,앞 절반,5,-8.75,-1.75,20.0,0.016,98.42,-78.42,0.04,-2.2,4,0.04,-4.0,-4.0,2.08,0,2,4.4,아니오,2016-09-20,2020-09-18,판정 안 함
KODEX 코스닥150,9,위,-4.0,뒤 절반,5,-14.73,-2.95,20.0,0.5,66.67,-46.67,2.1,-4.21,4,2.1,-4.83,-4.83,2.84,1,3,4.2,아니오,2021-09-17,2025-09-19,판정 안 함
KODEX 코스닥150,9,위,-4.0,최근 10년,10,-23.48,-2.35,20.0,0.334,74.96,-54.96,1.07,-3.2,8,2.1,-4.83,-4.83,2.43,1,5,4.3,예,2016-09-20,2025-09-19,판정 안 함
KODEX 코스닥150,9,위,-4.0,최근 5년,5,-14.73,-2.95,20.0,0.5,66.67,-46.67,2.1,-4.21,4,2.1,-4.83,-4.83,2.84,1,3,4.2,아니오,2021-09-17,2025-09-19,판정 안 함
KODEX 코스닥150,9,위,-5.0,전체,10,-26.71,-2.67,20.0,0.297,77.13,-57.13,1.07,-3.61,8,2.1,-5.61,-5.61,2.81,1,4,4.9,예,2016-09-20,2025-09-19,제외
KODEX 코스닥150,9,위,-5.0,앞 절반,5,-10.75,-2.15,20.0,0.013,98.71,-78.71,0.04,-2.7,4,0.04,-5.0,-5.0,2.62,0,2,4.6,아니오,2016-09-20,2020-09-18,판정 안 함
KODEX 코스닥150,9,위,-5.0,뒤 절반,5,-15.96,-3.19,20.0,0.466,68.22,-48.22,2.1,-4.52,4,2.1,-5.61,-5.61,3.2,1,2,5.2,아니오,2021-09-17,2025-09-19,판정 안 함
KODEX 코스닥150,9,위,-5.0,최근 10년,10,-26.71,-2.67,20.0,0.297,77.13,-57.13,1.07,-3.61,8,2.1,-5.61,-5.61,2.81,1,4,4.9,예,2016-09-20,2025-09-19,판정 안 함
KODEX 코스닥150,9,위,-5.0,최근 5년,5,-15.96,-3.19,20.0,0.466,68.22,-48.22,2.1,-4.52,4,2.1,-5.61,-5.61,3.2,1,2,5.2,아니오,2021-09-17,2025-09-19,판정 안 함
KODEX 코스닥150,9,위,-6.0,전체,10,-28.74,-2.87,20.0,0.277,78.31,-58.31,1.07,-3.86,8,2.1,-6.0,-6.0,3.09,0,4,5.0,예,2016-09-20,2025-09-19,제외
KODEX 코스닥150,9,위,-6.0,앞 절반,5,-12.75,-2.55,20.0,0.011,98.91,-78.91,0.04,-3.2,4,0.04,-6.0,-6.0,3.16,0,2,4.6,아니오,2016-09-20,2020-09-18,판정 안 함
KODEX 코스닥150,9,위,-6.0,뒤 절반,5,-15.99,-3.2,20.0,0.465,68.26,-48.26,2.1,-4.52,4,2.1,-6.0,-6.0,3.34,0,2,5.4,아니오,2021-09-17,2025-09-19,판정 안 함
KODEX 코스닥150,9,위,-6.0,최근 10년,10,-28.74,-2.87,20.0,0.277,78.31,-58.31,1.07,-3.86,8,2.1,-6.0,-6.0,3.09,0,4,5.0,예,2016-09-20,2025-09-19,판정 안 함
KODEX 코스닥150,9,위,-6.0,최근 5년,5,-15.99,-3.2,20.0,0.465,68.26,-48.26,2.1,-4.52,4,2.1,-6.0,-6.0,3.34,0,2,5.4,아니오,2021-09-17,2025-09-19,판정 안 함
KODEX 코스닥150,9,위,-7.0,전체,10,-28.55,-2.85,20.0,0.279,78.2,-58.2,1.07,-3.84,8,2.1,-7.0,-7.0,3.15,0,2,5.5,예,2016-09-20,2025-09-19,제외
KODEX 코스닥150,9,위,-7.0,앞 절반,5,-13.01,-2.6,20.0,0.011,98.93,-78.93,0.04,-3.26,4,0.04,-7.0,-7.0,3.29,0,1,5.4,아니오,2016-09-20,2020-09-18,판정 안 함
KODEX 코스닥150,9,위,-7.0,뒤 절반,5,-15.54,-3.11,20.0,0.477,67.72,-47.72,2.1,-4.41,4,2.1,-7.0,-7.0,3.36,0,1,5.6,아니오,2021-09-17,2025-09-19,판정 안 함
KODEX 코스닥150,9,위,-7.0,최근 10년,10,-28.55,-2.85,20.0,0.279,78.2,-58.2,1.07,-3.84,8,2.1,-7.0,-7.0,3.15,0,2,5.5,예,2016-09-20,2025-09-19,판정 안 함
KODEX 코스닥150,9,위,-7.0,최근 5년,5,-15.54,-3.11,20.0,0.477,67.72,-47.72,2.1,-4.41,4,2.1,-7.0,-7.0,3.36,0,1,5.6,아니오,2021-09-17,2025-09-19,판정 안 함
KODEX 코스닥150,9,위,-8.0,전체,10,-30.55,-3.05,20.0,0.262,79.26,-59.26,1.07,-4.09,8,2.1,-8.0,-8.0,3.45,0,2,5.6,예,2016-09-20,2025-09-19,제외
KODEX 코스닥150,9,위,-8.0,앞 절반,5,-14.01,-2.8,20.0,0.01,99.0,-79.0,0.04,-3.51,4,0.04,-8.0,-8.0,3.64,0,1,5.6,아니오,2016-09-20,2020-09-18,판정 안 함
KODEX 코스닥150,9,위,-8.0,뒤 절반,5,-16.54,-3.31,20.0,0.451,68.91,-48.91,2.1,-4.66,4,2.1,-8.0,-8.0,3.66,0,1,5.6,아니오,2021-09-17,2025-09-19,판정 안 함
KODEX 코스닥150,9,위,-8.0,최근 10년,10,-30.55,-3.05,20.0,0.262,79.26,-59.26,1.07,-4.09,8,2.1,-8.0,-8.0,3.45,0,2,5.6,예,2016-09-20,2025-09-19,판정 안 함
KODEX 코스닥150,9,위,-8.0,최근 5년,5,-16.54,-3.31,20.0,0.451,68.91,-48.91,2.1,-4.66,4,2.1,-8.0,-8.0,3.66,0,1,5.6,아니오,2021-09-17,2025-09-19,판정 안 함
KODEX 코스닥150,9,위,-9.0,전체,10,-32.55,-3.25,20.0,0.247,80.22,-60.22,1.07,-4.34,8,2.1,-9.0,-9.0,3.78,0,2,5.7,예,2016-09-20,2025-09-19,제외
KODEX 코스닥150,9,위,-9.0,앞 절반,5,-15.01,-3.0,20.0,0.009,99.07,-79.07,0.04,-3.76,4,0.04,-9.0,-9.0,4.0,0,1,5.6,아니오,2016-09-20,2020-09-18,판정 안 함
KODEX 코스닥150,9,위,-9.0,뒤 절반,5,-17.54,-3.51,20.0,0.428,70.02,-50.02,2.1,-4.91,4,2.1,-9.0,-9.0,4.0,0,1,5.8,아니오,2021-09-17,2025-09-19,판정 안 함
KODEX 코스닥150,9,위,-9.0,최근 10년,10,-32.55,-3.25,20.0,0.247,80.22,-60.22,1.07,-4.34,8,2.1,-9.0,-9.0,3.78,0,2,5.7,예,2016-09-20,2025-09-19,판정 안 함
KODEX 코스닥150,9,위,-9.0,최근 5년,5,-17.54,-3.51,20.0,0.428,70.02,-50.02,2.1,-4.91,4,2.1,-9.0,-9.0,4.0,0,1,5.8,아니오,2021-09-17,2025-09-19,판정 안 함
KODEX 코스닥150,9,위,-10.0,전체,10,-34.55,-3.45,20.0,0.233,81.09,-61.09,1.07,-4.59,8,2.1,-10.0,-10.0,4.13,0,2,5.8,예,2016-09-20,2025-09-19,제외
KODEX 코스닥150,9,위,-10.0,앞 절반,5,-16.01,-3.2,20.0,0.009,99.13,-79.13,0.04,-4.01,4,0.04,-10.0,-10.0,4.39,0,1,5.6,아니오,2016-09-20,2020-09-18,판정 안 함
KODEX 코스닥150,9,위,-10.0,뒤 절반,5,-18.54,-3.71,20.0,0.407,71.05,-51.05,2.1,-5.16,4,2.1,-10.0,-10.0,4.35,0,1,6.0,아니오,2021-09-17,2025-09-19,판정 안 함
KODEX 코스닥150,9,위,-10.0,최근 10년,10,-34.55,-3.45,20.0,0.233,81.09,-61.09,1.07,-4.59,8,2.1,-10.0,-10.0,4.13,0,2,5.8,예,2016-09-20,2025-09-19,판정 안 함
KODEX 코스닥150,9,위,-10.0,최근 5년,5,-18.54,-3.71,20.0,0.407,71.05,-51.05,2.1,-5.16,4,2.1,-10.0,-10.0,4.35,0,1,6.0,아니오,2021-09-17,2025-09-19,판정 안 함
KODEX 코스닥150,9,위,무손절,전체,10,-29.73,-2.97,20.0,0.268,78.84,-58.84,1.07,-3.98,8,2.1,-10.05,-11.08,3.52,0,0,6.3,예,2016-09-20,2025-09-19,제외
KODEX 코스닥150,9,위,무손절,앞 절반,5,-11.14,-2.23,20.0,0.013,98.75,-78.75,0.04,-2.79,4,0.04,-5.26,-11.02,2.73,0,0,6.2,아니오,2016-09-20,2020-09-18,판정 안 함
KODEX 코스닥150,9,위,무손절,뒤 절반,5,-18.59,-3.72,20.0,0.407,71.1,-51.1,2.1,-5.17,4,2.1,-10.05,-11.08,4.37,0,0,6.4,아니오,2021-09-17,2025-09-19,판정 안 함
KODEX 코스닥150,9,위,무손절,최근 10년,10,-29.73,-2.97,20.0,0.268,78.84,-58.84,1.07,-3.98,8,2.1,-10.05,-11.08,3.52,0,0,6.3,예,2016-09-20,2025-09-19,판정 안 함
KODEX 코스닥150,9,위,무손절,최근 5년,5,-18.59,-3.72,20.0,0.407,71.1,-51.1,2.1,-5.17,4,2.1,-10.05,-11.08,4.37,0,0,6.4,아니오,2021-09-17,2025-09-19,판정 안 함
KODEX 코스닥150,10,아래,-3.0,전체,11,6.15,0.56,45.45,1.673,37.41,8.04,4.35,-2.6,6,12.04,-3.2,-3.2,4.68,2,3,5.91,예,2015-10-20,2025-10-20,제외
KODEX 코스닥150,10,아래,-3.0,앞 절반,5,9.96,1.99,60.0,1.738,36.52,23.48,5.39,-3.1,2,12.04,-3.2,-3.2,6.23,1,1,6.2,아니오,2015-10-20,2019-10-18,판정 안 함
KODEX 코스닥150,10,아래,-3.0,뒤 절반,6,-3.82,-0.64,33.33,1.189,45.69,-12.36,2.79,-2.35,4,4.35,-3.01,-3.01,3.01,1,2,5.67,아니오,2020-10-20,2025-10-20,판정 안 함
KODEX 코스닥150,10,아래,-3.0,최근 10년,10,5.17,0.52,40.0,1.997,33.37,6.63,5.19,-2.6,6,12.04,-3.2,-3.2,4.93,2,3,5.7,예,2016-10-20,2025-10-20,판정 안 함
KODEX 코스닥150,10,아래,-3.0,최근 5년,5,-8.16,-1.63,20.0,0.527,65.48,-45.48,1.24,-2.35,4,1.24,-3.01,-3.01,1.96,1,2,5.2,아니오,2021-10-20,2025-10-20,판정 안 함
KODEX 코스닥150,10,아래,-4.0,전체,11,11.62,1.06,54.55,1.448,40.85,13.7,4.56,-3.15,5,12.04,-4.0,-4.0,5.05,0,3,6.45,예,2015-10-20,2025-10-20,후보
KODEX 코스닥150,10,아래,-4.0,앞 절반,5,8.82,1.76,60.0,1.466,40.55,19.45,5.39,-3.67,2,12.04,-4.0,-4.0,6.47,0,1,6.4,아니오,2015-10-20,2019-10-18,판정 안 함
KODEX 코스닥150,10,아래,-4.0,뒤 절반,6,2.8,0.47,50.0,1.334,42.85,7.15,3.73,-2.8,3,5.61,-4.0,-4.0,4.07,0,2,6.5,아니오,2020-10-20,2025-10-20,판정 안 함
KODEX 코스닥150,10,아래,-4.0,최근 10년,10,10.64,1.06,50.0,1.676,37.37,12.63,5.28,-3.15,5,12.04,-4.0,-4.0,5.32,0,3,6.3,예,2016-10-20,2025-10-20,판정 안 함
KODEX 코스닥150,10,아래,-4.0,최근 5년,5,-1.55,-0.31,40.0,1.223,44.98,-4.98,3.42,-2.8,3,5.61,-4.0,-4.0,4.02,0,2,6.2,아니오,2021-10-20,2025-10-20,판정 안 함
KODEX 코스닥150,10,아래,-5.0,전체,11,8.62,0.78,54.55,1.216,45.12,9.43,4.56,-3.75,5,12.04,-5.0,-5.0,5.36,0,3,6.82,예,2015-10-20,2025-10-20,제외
KODEX 코스닥150,10,아래,-5.0,앞 절반,5,7.82,1.56,60.0,1.291,43.65,16.35,5.39,-4.17,2,12.04,-5.0,-5.0,6.71,0,1,6.4,아니오,2015-10-20,2019-10-18,판정 안 함
KODEX 코스닥150,10,아래,-5.0,뒤 절반,6,0.8,0.13,50.0,1.077,48.15,1.85,3.73,-3.46,3,5.61,-5.0,-5.0,4.52,0,2,7.17,아니오,2020-10-20,2025-10-20,판정 안 함
KODEX 코스닥150,10,아래,-5.0,최근 10년,10,7.64,0.76,50.0,1.408,41.54,8.46,5.28,-3.75,5,12.04,-5.0,-5.0,5.65,0,3,6.7,예,2016-10-20,2025-10-20,판정 안 함
KODEX 코스닥150,10,아래,-5.0,최근 5년,5,-3.55,-0.71,40.0,0.988,50.31,-10.31,3.42,-3.46,3,5.61,-5.0,-5.0,4.49,0,2,7.0,아니오,2021-10-20,2025-10-20,판정 안 함
KODEX 코스닥150,10,아래,-6.0,전체,11,7.93,0.72,54.55,1.173,46.01,8.54,4.56,-3.89,5,12.04,-6.0,-6.0,5.44,0,1,7.18,예,2015-10-20,2025-10-20,제외
KODEX 코스닥150,10,아래,-6.0,앞 절반,5,6.82,1.36,60.0,1.153,46.45,13.55,5.39,-4.67,2,12.04,-6.0,-6.0,6.96,0,1,6.4,아니오,2015-10-20,2019-10-18,판정 안 함
KODEX 코스닥150,10,아래,-6.0,뒤 절반,6,1.12,0.19,50.0,1.111,47.38,2.62,3.73,-3.36,3,5.61,-4.88,-5.73,4.44,0,0,7.83,아니오,2020-10-20,2025-10-20,판정 안 함
KODEX 코스닥150,10,아래,-6.0,최근 10년,10,6.95,0.7,50.0,1.358,42.41,7.59,5.28,-3.89,5,12.04,-6.0,-6.0,5.74,0,1,7.1,예,2016-10-20,2025-10-20,판정 안 함
KODEX 코스닥150,10,아래,-6.0,최근 5년,5,-3.23,-0.65,40.0,1.019,49.54,-9.54,3.42,-3.36,3,5.61,-4.88,-5.73,4.41,0,0,7.8,아니오,2021-10-20,2025-10-20,판정 안 함
KODEX 코스닥150,10,아래,-7.0,전체,11,6.93,0.63,54.55,1.116,47.26,7.29,4.56,-4.09,5,12.04,-7.0,-7.0,5.57,0,1,7.27,예,2015-10-20,2025-10-20,제외
KODEX 코스닥150,10,아래,-7.0,앞 절반,5,5.82,1.16,60.0,1.041,48.99,11.01,5.39,-5.17,2,12.04,-7.0,-7.0,7.23,0,1,6.6,아니오,2015-10-20,2019-10-18,판정 안 함
KODEX 코스닥150,10,아래,-7.0,뒤 절반,6,1.12,0.19,50.0,1.111,47.38,2.62,3.73,-3.36,3,5.61,-4.88,-5.73,4.44,0,0,7.83,아니오,2020-10-20,2025-10-20,판정 안 함
KODEX 코스닥150,10,아래,-7.0,최근 10년,10,5.95,0.6,50.0,1.291,43.64,6.36,5.28,-4.09,5,12.04,-7.0,-7.0,5.87,0,1,7.2,예,2016-10-20,2025-10-20,판정 안 함
KODEX 코스닥150,10,아래,-7.0,최근 5년,5,-3.23,-0.65,40.0,1.019,49.54,-9.54,3.42,-3.36,3,5.61,-4.88,-5.73,4.41,0,0,7.8,아니오,2021-10-20,2025-10-20,판정 안 함
KODEX 코스닥150,10,아래,-8.0,전체,11,5.93,0.54,54.55,1.064,48.45,6.1,4.56,-4.29,5,12.04,-8.0,-8.0,5.72,0,1,7.27,예,2015-10-20,2025-10-20,제외
KODEX 코스닥150,10,아래,-8.0,앞 절반,5,4.82,0.96,60.0,0.95,51.29,8.71,5.39,-5.67,2,12.04,-8.0,-8.0,7.52,0,1,6.6,아니오,2015-10-20,2019-10-18,판정 안 함
KODEX 코스닥150,10,아래,-8.0,뒤 절반,6,1.12,0.19,50.0,1.111,47.38,2.62,3.73,-3.36,3,5.61,-4.88,-5.73,4.44,0,0,7.83,아니오,2020-10-20,2025-10-20,판정 안 함
KODEX 코스닥150,10,아래,-8.0,최근 10년,10,4.95,0.5,50.0,1.231,44.82,5.18,5.28,-4.29,5,12.04,-8.0,-8.0,6.02,0,1,7.2,예,2016-10-20,2025-10-20,판정 안 함
KODEX 코스닥150,10,아래,-8.0,최근 5년,5,-3.23,-0.65,40.0,1.019,49.54,-9.54,3.42,-3.36,3,5.61,-4.88,-5.73,4.41,0,0,7.8,아니오,2021-10-20,2025-10-20,판정 안 함
KODEX 코스닥150,10,아래,-9.0,전체,11,8.61,0.78,54.55,1.216,45.12,9.43,4.56,-3.75,5,12.04,-5.32,-8.36,5.36,0,0,7.82,예,2015-10-20,2025-10-20,제외
KODEX 코스닥150,10,아래,-9.0,앞 절반,5,7.5,1.5,60.0,1.243,44.57,15.43,5.39,-4.33,2,12.04,-5.32,-8.36,6.78,0,0,7.8,아니오,2015-10-20,2019-10-18,판정 안 함
KODEX 코스닥150,10,아래,-9.0,뒤 절반,6,1.12,0.19,50.0,1.111,47.38,2.62,3.73,-3.36,3,5.61,-4.88,-5.73,4.44,0,0,7.83,아니오,2020-10-20,2025-10-20,판정 안 함
KODEX 코스닥150,10,아래,-9.0,최근 10년,10,7.64,0.76,50.0,1.407,41.54,8.46,5.28,-3.75,5,12.04,-5.32,-8.36,5.65,0,0,7.8,예,2016-10-20,2025-10-20,판정 안 함
KODEX 코스닥150,10,아래,-9.0,최근 5년,5,-3.23,-0.65,40.0,1.019,49.54,-9.54,3.42,-3.36,3,5.61,-4.88,-5.73,4.41,0,0,7.8,아니오,2021-10-20,2025-10-20,판정 안 함
KODEX 코스닥150,10,아래,-10.0,전체,11,8.61,0.78,54.55,1.216,45.12,9.43,4.56,-3.75,5,12.04,-5.32,-8.36,5.36,0,0,7.82,예,2015-10-20,2025-10-20,제외
KODEX 코스닥150,10,아래,-10.0,앞 절반,5,7.5,1.5,60.0,1.243,44.57,15.43,5.39,-4.33,2,12.04,-5.32,-8.36,6.78,0,0,7.8,아니오,2015-10-20,2019-10-18,판정 안 함
KODEX 코스닥150,10,아래,-10.0,뒤 절반,6,1.12,0.19,50.0,1.111,47.38,2.62,3.73,-3.36,3,5.61,-4.88,-5.73,4.44,0,0,7.83,아니오,2020-10-20,2025-10-20,판정 안 함
KODEX 코스닥150,10,아래,-10.0,최근 10년,10,7.64,0.76,50.0,1.407,41.54,8.46,5.28,-3.75,5,12.04,-5.32,-8.36,5.65,0,0,7.8,예,2016-10-20,2025-10-20,판정 안 함
KODEX 코스닥150,10,아래,-10.0,최근 5년,5,-3.23,-0.65,40.0,1.019,49.54,-9.54,3.42,-3.36,3,5.61,-4.88,-5.73,4.41,0,0,7.8,아니오,2021-10-20,2025-10-20,판정 안 함
KODEX 코스닥150,10,아래,무손절,전체,11,8.61,0.78,54.55,1.216,45.12,9.43,4.56,-3.75,5,12.04,-5.32,-8.36,5.36,0,0,7.82,예,2015-10-20,2025-10-20,제외
KODEX 코스닥150,10,아래,무손절,앞 절반,5,7.5,1.5,60.0,1.243,44.57,15.43,5.39,-4.33,2,12.04,-5.32,-8.36,6.78,0,0,7.8,아니오,2015-10-20,2019-10-18,판정 안 함
KODEX 코스닥150,10,아래,무손절,뒤 절반,6,1.12,0.19,50.0,1.111,47.38,2.62,3.73,-3.36,3,5.61,-4.88,-5.73,4.44,0,0,7.83,아니오,2020-10-20,2025-10-20,판정 안 함
KODEX 코스닥150,10,아래,무손절,최근 10년,10,7.64,0.76,50.0,1.407,41.54,8.46,5.28,-3.75,5,12.04,-5.32,-8.36,5.65,0,0,7.8,예,2016-10-20,2025-10-20,판정 안 함
KODEX 코스닥150,10,아래,무손절,최근 5년,5,-3.23,-0.65,40.0,1.019,49.54,-9.54,3.42,-3.36,3,5.61,-4.88,-5.73,4.41,0,0,7.8,아니오,2021-10-20,2025-10-20,판정 안 함
KODEX 코스닥150,10,위,-3.0,전체,11,0.71,0.06,36.36,1.821,35.45,0.91,4.59,-2.52,7,5.32,-3.42,-3.42,3.7,1,4,5.64,예,2015-10-20,2025-10-20,제외
KODEX 코스닥150,10,위,-3.0,앞 절반,5,1.69,0.34,40.0,1.863,34.92,5.08,4.33,-2.33,3,5.32,-3.0,-3.0,3.8,0,2,5.8,아니오,2015-10-20,2019-10-18,판정 안 함
KODEX 코스닥150,10,위,-3.0,뒤 절반,6,-0.98,-0.16,33.33,1.817,35.5,-2.17,4.84,-2.67,4,4.88,-3.42,-3.42,3.95,1,2,5.5,아니오,2020-10-20,2025-10-20,판정 안 함
KODEX 코스닥150,10,위,-3.0,최근 10년,10,1.69,0.17,40.0,1.652,37.7,2.3,4.59,-2.78,6,5.32,-3.42,-3.42,3.88,1,4,5.4,예,2016-10-20,2025-10-20,판정 안 함
KODEX 코스닥150,10,위,-3.0,최근 5년,5,2.02,0.4,40.0,1.896,34.53,5.47,4.84,-2.55,3,4.88,-3.42,-3.42,4.13,1,1,6.0,아니오,2021-10-20,2025-10-20,판정 안 함
KODEX 코스닥150,10,위,-4.0,전체,11,1.38,0.13,45.45,1.296,43.56,1.89,3.75,-2.89,6,5.32,-4.0,-4.0,3.83,0,3,6.73,예,2015-10-20,2025-10-20,제외
KODEX 코스닥150,10,위,-4.0,앞 절반,5,0.54,0.11,40.0,1.6,38.46,1.54,4.33,-2.71,3,5.32,-4.0,-4.0,4.07,0,1,6.8,아니오,2015-10-20,2019-10-18,판정 안 함
KODEX 코스닥150,10,위,-4.0,뒤 절반,6,0.84,0.14,50.0,1.091,47.82,2.18,3.36,-3.08,3,4.88,-4.0,-4.0,4.01,0,2,6.67,아니오,2020-10-20,2025-10-20,판정 안 함
KODEX 코스닥150,10,위,-4.0,최근 10년,10,2.36,0.24,50.0,1.144,46.64,3.36,3.75,-3.28,5,5.32,-4.0,-4.0,4.02,0,3,6.6,예,2016-10-20,2025-10-20,판정 안 함
KODEX 코스닥150,10,위,-4.0,최근 5년,5,4.84,0.97,60.0,1.283,43.81,16.19,3.36,-2.62,2,4.88,-4.0,-4.0,3.87,0,1,7.2,아니오,2021-10-20,2025-10-20,판정 안 함
KODEX 코스닥150,10,위,-5.0,전체,11,-1.62,-0.15,45.45,1.105,47.51,-2.06,3.75,-3.39,6,5.32,-5.0,-5.0,4.17,0,3,7.0,예,2015-10-20,2025-10-20,제외
KODEX 코스닥150,10,위,-5.0,앞 절반,5,-0.46,-0.09,40.0,1.425,41.24,-1.24,4.33,-3.04,3,5.32,-5.0,-5.0,4.34,0,1,6.8,아니오,2015-10-20,2019-10-18,판정 안 함
KODEX 코스닥150,10,위,-5.0,뒤 절반,6,-1.16,-0.19,50.0,0.897,52.72,-2.72,3.36,-3.75,3,4.88,-5.0,-5.0,4.44,0,2,7.17,아니오,2020-10-20,2025-10-20,판정 안 함
KODEX 코스닥150,10,위,-5.0,최근 10년,10,-0.64,-0.06,50.0,0.967,50.84,-0.84,3.75,-3.88,5,5.32,-5.0,-5.0,4.38,0,3,6.9,예,2016-10-20,2025-10-20,판정 안 함
KODEX 코스닥150,10,위,-5.0,최근 5년,5,3.84,0.77,60.0,1.077,48.15,11.85,3.36,-3.12,2,4.88,-5.0,-5.0,4.2,0,1,7.8,아니오,2021-10-20,2025-10-20,판정 안 함
KODEX 코스닥150,10,위,-6.0,전체,11,-6.02,-0.55,45.45,0.908,52.4,-6.95,3.75,-4.13,6,5.32,-7.79,-7.79,4.73,1,1,7.09,예,2015-10-20,2025-10-20,제외
KODEX 코스닥150,10,위,-6.0,앞 절반,5,-3.25,-0.65,40.0,1.091,47.83,-7.83,4.33,-3.97,3,5.32,-7.79,-7.79,5.22,1,0,7.0,아니오,2015-10-20,2019-10-18,판정 안 함
KODEX 코스닥150,10,위,-6.0,뒤 절반,6,-2.77,-0.46,50.0,0.785,56.03,-6.03,3.36,-4.28,3,4.88,-6.0,-6.0,4.79,0,1,7.17,아니오,2020-10-20,2025-10-20,판정 안 함
KODEX 코스닥150,10,위,-6.0,최근 10년,10,-5.04,-0.5,50.0,0.788,55.92,-5.92,3.75,-4.76,5,5.32,-7.79,-7.79,4.98,1,1,7.0,예,2016-10-20,2025-10-20,판정 안 함
KODEX 코스닥150,10,위,-6.0,최근 5년,5,3.23,0.65,60.0,0.982,50.46,9.54,3.36,-3.42,2,4.88,-5.61,-5.77,4.41,0,0,7.8,아니오,2021-10-20,2025-10-20,판정 안 함
KODEX 코스닥150,10,위,-7.0,전체,11,-7.02,-0.64,45.45,0.873,53.38,-7.93,3.75,-4.29,6,5.32,-7.79,-7.79,4.85,1,1,7.18,예,2015-10-20,2025-10-20,제외
KODEX 코스닥150,10,위,-7.0,앞 절반,5,-3.25,-0.65,40.0,1.091,47.83,-7.83,4.33,-3.97,3,5.32,-7.79,-7.79,5.22,1,0,7.0,아니오,2015-10-20,2019-10-18,판정 안 함
KODEX 코스닥150,10,위,-7.0,뒤 절반,6,-3.77,-0.63,50.0,0.728,57.87,-7.87,3.36,-4.62,3,4.88,-7.0,-7.0,5.03,0,1,7.33,아니오,2020-10-20,2025-10-20,판정 안 함
KODEX 코스닥150,10,위,-7.0,최근 10년,10,-6.04,-0.6,50.0,0.756,56.94,-6.94,3.75,-4.96,5,5.32,-7.79,-7.79,5.12,1,1,7.1,예,2016-10-20,2025-10-20,판정 안 함
KODEX 코스닥150,10,위,-7.0,최근 5년,5,3.23,0.65,60.0,0.982,50.46,9.54,3.36,-3.42,2,4.88,-5.61,-5.77,4.41,0,0,7.8,아니오,2021-10-20,2025-10-20,판정 안 함
KODEX 코스닥150,10,위,-8.0,전체,11,-4.57,-0.42,45.45,0.965,50.9,-5.45,3.75,-3.89,6,5.32,-8.0,-8.0,4.6,0,1,7.45,예,2015-10-20,2025-10-20,제외
KODEX 코스닥150,10,위,-8.0,앞 절반,5,-3.46,-0.69,40.0,1.072,48.25,-8.25,4.33,-4.04,3,5.32,-8.0,-8.0,5.29,0,1,7.0,아니오,2015-10-20,2019-10-18,판정 안 함
KODEX 코스닥150,10,위,-8.0,뒤 절반,6,-1.12,-0.19,50.0,0.9,52.62,-2.62,3.36,-3.73,3,4.88,-5.61,-7.75,4.44,0,0,7.83,아니오,2020-10-20,2025-10-20,판정 안 함
KODEX 코스닥150,10,위,-8.0,최근 10년,10,-3.59,-0.36,50.0,0.839,54.37,-4.37,3.75,-4.47,5,5.32,-8.0,-8.0,4.84,0,1,7.4,예,2016-10-20,2025-10-20,판정 안 함
KODEX 코스닥150,10,위,-8.0,최근 5년,5,3.23,0.65,60.0,0.982,50.46,9.54,3.36,-3.42,2,4.88,-5.61,-5.77,4.41,0,0,7.8,아니오,2021-10-20,2025-10-20,판정 안 함
KODEX 코스닥150,10,위,-9.0,전체,11,-5.57,-0.51,45.45,0.925,51.95,-6.5,3.75,-4.05,6,5.32,-9.0,-9.0,4.77,0,1,7.55,예,2015-10-20,2025-10-20,제외
KODEX 코스닥150,10,위,-9.0,앞 절반,5,-4.46,-0.89,40.0,0.991,50.24,-10.24,4.33,-4.37,3,5.32,-9.0,-9.0,5.64,0,1,7.2,아니오,2015-10-20,2019-10-18,판정 안 함
KODEX 코스닥150,10,위,-9.0,뒤 절반,6,-1.12,-0.19,50.0,0.9,52.62,-2.62,3.36,-3.73,3,4.88,-5.61,-7.75,4.44,0,0,7.83,아니오,2020-10-20,2025-10-20,판정 안 함
KODEX 코스닥150,10,위,-9.0,최근 10년,10,-4.59,-0.46,50.0,0.803,55.46,-5.46,3.75,-4.67,5,5.32,-9.0,-9.0,5.02,0,1,7.5,예,2016-10-20,2025-10-20,판정 안 함
KODEX 코스닥150,10,위,-9.0,최근 5년,5,3.23,0.65,60.0,0.982,50.46,9.54,3.36,-3.42,2,4.88,-5.61,-5.77,4.41,0,0,7.8,아니오,2021-10-20,2025-10-20,판정 안 함
KODEX 코스닥150,10,위,-10.0,전체,11,-6.57,-0.6,45.45,0.889,52.95,-7.5,3.75,-4.22,6,5.32,-10.0,-10.0,4.95,0,1,7.55,예,2015-10-20,2025-10-20,제외
KODEX 코스닥150,10,위,-10.0,앞 절반,5,-5.46,-1.09,40.0,0.92,52.07,-12.07,4.33,-4.71,3,5.32,-10.0,-10.0,6.01,0,1,7.2,아니오,2015-10-20,2019-10-18,판정 안 함
KODEX 코스닥150,10,위,-10.0,뒤 절반,6,-1.12,-0.19,50.0,0.9,52.62,-2.62,3.36,-3.73,3,4.88,-5.61,-7.75,4.44,0,0,7.83,아니오,2020-10-20,2025-10-20,판정 안 함
KODEX 코스닥150,10,위,-10.0,최근 10년,10,-5.59,-0.56,50.0,0.77,56.49,-6.49,3.75,-4.87,5,5.32,-10.0,-10.0,5.22,0,1,7.5,예,2016-10-20,2025-10-20,판정 안 함
KODEX 코스닥150,10,위,-10.0,최근 5년,5,3.23,0.65,60.0,0.982,50.46,9.54,3.36,-3.42,2,4.88,-5.61,-5.77,4.41,0,0,7.8,아니오,2021-10-20,2025-10-20,판정 안 함
KODEX 코스닥150,10,위,무손절,전체,11,-8.61,-0.78,45.45,0.822,54.88,-9.43,3.75,-4.56,6,5.32,-12.04,-13.64,5.36,0,0,7.82,예,2015-10-20,2025-10-20,제외
KODEX 코스닥150,10,위,무손절,앞 절반,5,-7.5,-1.5,40.0,0.804,55.43,-15.43,4.33,-5.39,3,5.32,-12.04,-13.64,6.78,0,0,7.8,아니오,2015-10-20,2019-10-18,판정 안 함
KODEX 코스닥150,10,위,무손절,뒤 절반,6,-1.12,-0.19,50.0,0.9,52.62,-2.62,3.36,-3.73,3,4.88,-5.61,-7.75,4.44,0,0,7.83,아니오,2020-10-20,2025-10-20,판정 안 함
KODEX 코스닥150,10,위,무손절,최근 10년,10,-7.64,-0.76,50.0,0.711,58.46,-8.46,3.75,-5.28,5,5.32,-12.04,-13.64,5.65,0,0,7.8,예,2016-10-20,2025-10-20,판정 안 함
KODEX 코스닥150,10,위,무손절,최근 5년,5,3.23,0.65,60.0,0.982,50.46,9.54,3.36,-3.42,2,4.88,-5.61,-5.77,4.41,0,0,7.8,아니오,2021-10-20,2025-10-20,판정 안 함
KODEX 코스닥150,11,아래,-3.0,전체,11,11.11,1.01,54.55,1.723,36.73,17.82,3.59,-2.08,5,5.87,-3.01,-3.01,3.28,1,1,6.91,예,2015-11-20,2025-11-20,후보
KODEX 코스닥150,11,아래,-3.0,앞 절반,5,8.42,1.68,60.0,2.311,30.2,29.8,3.94,-1.71,2,5.37,-3.0,-3.0,3.34,0,1,6.8,아니오,2015-11-20,2019-11-20,판정 안 함
KODEX 코스닥150,11,아래,-3.0,뒤 절반,6,2.69,0.45,50.0,1.385,41.93,8.07,3.23,-2.33,3,5.87,-3.01,-3.01,3.42,1,0,7.0,아니오,2020-11-20,2025-11-20,판정 안 함
KODEX 코스닥150,11,아래,-3.0,최근 10년,10,11.52,1.15,60.0,1.435,41.07,18.93,3.59,-2.5,4,5.87,-3.01,-3.01,3.42,1,1,7.0,예,2016-11-18,2025-11-20,판정 안 함
KODEX 코스닥150,11,아래,-3.0,최근 5년,5,5.7,1.14,60.0,1.621,38.16,21.84,3.23,-1.99,2,5.87,-2.26,-2.71,3.32,0,0,7.2,아니오,2021-11-19,2025-11-20,판정 안 함
KODEX 코스닥150,11,아래,-4.0,전체,11,11.01,1.0,54.55,1.707,36.94,17.61,3.59,-2.1,5,5.87,-4.0,-4.0,3.32,0,1,7.09,예,2015-11-20,2025-11-20,후보
KODEX 코스닥150,11,아래,-4.0,앞 절반,5,7.42,1.48,60.0,1.787,35.88,24.12,3.94,-2.21,2,5.37,-4.0,-4.0,3.7,0,1,7.2,아니오,2015-11-20,2019-11-20,판정 안 함
KODEX 코스닥150,11,아래,-4.0,뒤 절반,6,3.59,0.6,50.0,1.59,38.61,11.39,3.23,-2.03,3,5.87,-2.26,-3.61,3.25,0,0,7.0,아니오,2020-11-20,2025-11-20,판정 안 함
KODEX 코스닥150,11,아래,-4.0,최근 10년,10,11.42,1.14,60.0,1.421,41.3,18.7,3.59,-2.52,4,5.87,-4.0,-4.0,3.46,0,1,7.2,예,2016-11-18,2025-11-20,판정 안 함
KODEX 코스닥150,11,아래,-4.0,최근 5년,5,5.7,1.14,60.0,1.621,38.16,21.84,3.23,-1.99,2,5.87,-2.26,-2.71,3.32,0,0,7.2,아니오,2021-11-19,2025-11-20,판정 안 함
KODEX 코스닥150,11,아래,-5.0,전체,11,13.95,1.27,54.55,2.371,29.66,24.89,3.59,-1.51,5,5.87,-2.26,-4.19,2.97,0,0,7.18,예,2015-11-20,2025-11-20,후보
KODEX 코스닥150,11,아래,-5.0,앞 절반,5,10.36,2.07,60.0,5.369,15.7,44.3,3.94,-0.73,2,5.37,-1.06,-4.19,2.72,0,0,7.4,아니오,2015-11-20,2019-11-20,판정 안 함
KODEX 코스닥150,11,아래,-5.0,뒤 절반,6,3.59,0.6,50.0,1.59,38.61,11.39,3.23,-2.03,3,5.87,-2.26,-3.61,3.25,0,0,7.0,아니오,2020-11-20,2025-11-20,판정 안 함
KODEX 코스닥150,11,아래,-5.0,최근 10년,10,14.37,1.44,60.0,2.006,33.26,26.74,3.59,-1.79,4,5.87,-2.26,-4.19,3.08,0,0,7.3,예,2016-11-18,2025-11-20,판정 안 함
KODEX 코스닥150,11,아래,-5.0,최근 5년,5,5.7,1.14,60.0,1.621,38.16,21.84,3.23,-1.99,2,5.87,-2.26,-2.71,3.32,0,0,7.2,아니오,2021-11-19,2025-11-20,판정 안 함
KODEX 코스닥150,11,아래,-6.0,전체,11,13.95,1.27,54.55,2.371,29.66,24.89,3.59,-1.51,5,5.87,-2.26,-4.19,2.97,0,0,7.18,예,2015-11-20,2025-11-20,후보
KODEX 코스닥150,11,아래,-6.0,앞 절반,5,10.36,2.07,60.0,5.369,15.7,44.3,3.94,-0.73,2,5.37,-1.06,-4.19,2.72,0,0,7.4,아니오,2015-11-20,2019-11-20,판정 안 함
KODEX 코스닥150,11,아래,-6.0,뒤 절반,6,3.59,0.6,50.0,1.59,38.61,11.39,3.23,-2.03,3,5.87,-2.26,-3.61,3.25,0,0,7.0,아니오,2020-11-20,2025-11-20,판정 안 함
KODEX 코스닥150,11,아래,-6.0,최근 10년,10,14.37,1.44,60.0,2.006,33.26,26.74,3.59,-1.79,4,5.87,-2.26,-4.19,3.08,0,0,7.3,예,2016-11-18,2025-11-20,판정 안 함
KODEX 코스닥150,11,아래,-6.0,최근 5년,5,5.7,1.14,60.0,1.621,38.16,21.84,3.23,-1.99,2,5.87,-2.26,-2.71,3.32,0,0,7.2,아니오,2021-11-19,2025-11-20,판정 안 함
KODEX 코스닥150,11,아래,-7.0,전체,11,13.95,1.27,54.55,2.371,29.66,24.89,3.59,-1.51,5,5.87,-2.26,-4.19,2.97,0,0,7.18,예,2015-11-20,2025-11-20,후보
KODEX 코스닥150,11,아래,-7.0,앞 절반,5,10.36,2.07,60.0,5.369,15.7,44.3,3.94,-0.73,2,5.37,-1.06,-4.19,2.72,0,0,7.4,아니오,2015-11-20,2019-11-20,판정 안 함
KODEX 코스닥150,11,아래,-7.0,뒤 절반,6,3.59,0.6,50.0,1.59,38.61,11.39,3.23,-2.03,3,5.87,-2.26,-3.61,3.25,0,0,7.0,아니오,2020-11-20,2025-11-20,판정 안 함
KODEX 코스닥150,11,아래,-7.0,최근 10년,10,14.37,1.44,60.0,2.006,33.26,26.74,3.59,-1.79,4,5.87,-2.26,-4.19,3.08,0,0,7.3,예,2016-11-18,2025-11-20,판정 안 함
KODEX 코스닥150,11,아래,-7.0,최근 5년,5,5.7,1.14,60.0,1.621,38.16,21.84,3.23,-1.99,2,5.87,-2.26,-2.71,3.32,0,0,7.2,아니오,2021-11-19,2025-11-20,판정 안 함
KODEX 코스닥150,11,아래,-8.0,전체,11,13.95,1.27,54.55,2.371,29.66,24.89,3.59,-1.51,5,5.87,-2.26,-4.19,2.97,0,0,7.18,예,2015-11-20,2025-11-20,후보
KODEX 코스닥150,11,아래,-8.0,앞 절반,5,10.36,2.07,60.0,5.369,15.7,44.3,3.94,-0.73,2,5.37,-1.06,-4.19,2.72,0,0,7.4,아니오,2015-11-20,2019-11-20,판정 안 함
KODEX 코스닥150,11,아래,-8.0,뒤 절반,6,3.59,0.6,50.0,1.59,38.61,11.39,3.23,-2.03,3,5.87,-2.26,-3.61,3.25,0,0,7.0,아니오,2020-11-20,2025-11-20,판정 안 함
KODEX 코스닥150,11,아래,-8.0,최근 10년,10,14.37,1.44,60.0,2.006,33.26,26.74,3.59,-1.79,4,5.87,-2.26,-4.19,3.08,0,0,7.3,예,2016-11-18,2025-11-20,판정 안 함
KODEX 코스닥150,11,아래,-8.0,최근 5년,5,5.7,1.14,60.0,1.621,38.16,21.84,3.23,-1.99,2,5.87,-2.26,-2.71,3.32,0,0,7.2,아니오,2021-11-19,2025-11-20,판정 안 함
KODEX 코스닥150,11,아래,-9.0,전체,11,13.95,1.27,54.55,2.371,29.66,24.89,3.59,-1.51,5,5.87,-2.26,-4.19,2.97,0,0,7.18,예,2015-11-20,2025-11-20,후보
KODEX 코스닥150,11,아래,-9.0,앞 절반,5,10.36,2.07,60.0,5.369,15.7,44.3,3.94,-0.73,2,5.37,-1.06,-4.19,2.72,0,0,7.4,아니오,2015-11-20,2019-11-20,판정 안 함
KODEX 코스닥150,11,아래,-9.0,뒤 절반,6,3.59,0.6,50.0,1.59,38.61,11.39,3.23,-2.03,3,5.87,-2.26,-3.61,3.25,0,0,7.0,아니오,2020-11-20,2025-11-20,판정 안 함
KODEX 코스닥150,11,아래,-9.0,최근 10년,10,14.37,1.44,60.0,2.006,33.26,26.74,3.59,-1.79,4,5.87,-2.26,-4.19,3.08,0,0,7.3,예,2016-11-18,2025-11-20,판정 안 함
KODEX 코스닥150,11,아래,-9.0,최근 5년,5,5.7,1.14,60.0,1.621,38.16,21.84,3.23,-1.99,2,5.87,-2.26,-2.71,3.32,0,0,7.2,아니오,2021-11-19,2025-11-20,판정 안 함
KODEX 코스닥150,11,아래,-10.0,전체,11,13.95,1.27,54.55,2.371,29.66,24.89,3.59,-1.51,5,5.87,-2.26,-4.19,2.97,0,0,7.18,예,2015-11-20,2025-11-20,후보
KODEX 코스닥150,11,아래,-10.0,앞 절반,5,10.36,2.07,60.0,5.369,15.7,44.3,3.94,-0.73,2,5.37,-1.06,-4.19,2.72,0,0,7.4,아니오,2015-11-20,2019-11-20,판정 안 함
KODEX 코스닥150,11,아래,-10.0,뒤 절반,6,3.59,0.6,50.0,1.59,38.61,11.39,3.23,-2.03,3,5.87,-2.26,-3.61,3.25,0,0,7.0,아니오,2020-11-20,2025-11-20,판정 안 함
KODEX 코스닥150,11,아래,-10.0,최근 10년,10,14.37,1.44,60.0,2.006,33.26,26.74,3.59,-1.79,4,5.87,-2.26,-4.19,3.08,0,0,7.3,예,2016-11-18,2025-11-20,판정 안 함
KODEX 코스닥150,11,아래,-10.0,최근 5년,5,5.7,1.14,60.0,1.621,38.16,21.84,3.23,-1.99,2,5.87,-2.26,-2.71,3.32,0,0,7.2,아니오,2021-11-19,2025-11-20,판정 안 함
KODEX 코스닥150,11,아래,무손절,전체,11,13.95,1.27,54.55,2.371,29.66,24.89,3.59,-1.51,5,5.87,-2.26,-4.19,2.97,0,0,7.18,예,2015-11-20,2025-11-20,후보
KODEX 코스닥150,11,아래,무손절,앞 절반,5,10.36,2.07,60.0,5.369,15.7,44.3,3.94,-0.73,2,5.37,-1.06,-4.19,2.72,0,0,7.4,아니오,2015-11-20,2019-11-20,판정 안 함
KODEX 코스닥150,11,아래,무손절,뒤 절반,6,3.59,0.6,50.0,1.59,38.61,11.39,3.23,-2.03,3,5.87,-2.26,-3.61,3.25,0,0,7.0,아니오,2020-11-20,2025-11-20,판정 안 함
KODEX 코스닥150,11,아래,무손절,최근 10년,10,14.37,1.44,60.0,2.006,33.26,26.74,3.59,-1.79,4,5.87,-2.26,-4.19,3.08,0,0,7.3,예,2016-11-18,2025-11-20,판정 안 함
KODEX 코스닥150,11,아래,무손절,최근 5년,5,5.7,1.14,60.0,1.621,38.16,21.84,3.23,-1.99,2,5.87,-2.26,-2.71,3.32,0,0,7.2,아니오,2021-11-19,2025-11-20,판정 안 함
KODEX 코스닥150,11,위,-3.0,전체,11,-14.81,-1.35,36.36,0.494,66.91,-30.55,1.46,-2.95,7,2.26,-3.07,-3.07,2.28,1,5,4.45,예,2015-11-20,2025-11-20,제외
KODEX 코스닥150,11,위,-3.0,앞 절반,5,-7.6,-1.52,40.0,0.243,80.45,-40.45,0.73,-3.02,3,1.06,-3.07,-3.07,2.07,1,2,4.6,아니오,2015-11-20,2019-11-20,판정 안 함
KODEX 코스닥150,11,위,-3.0,뒤 절반,6,-7.21,-1.2,33.33,0.754,57.01,-23.68,2.18,-2.89,4,2.26,-3.0,-3.0,2.63,0,3,4.33,아니오,2020-11-20,2025-11-20,판정 안 함
KODEX 코스닥150,11,위,-3.0,최근 10년,10,-15.22,-1.52,30.0,0.613,62.0,-32.0,1.81,-2.95,7,2.26,-3.07,-3.07,2.32,1,5,4.3,예,2016-11-18,2025-11-20,판정 안 함
KODEX 코스닥150,11,위,-3.0,최근 5년,5,-9.32,-1.86,20.0,0.78,56.19,-36.19,2.26,-2.89,4,2.26,-3.0,-3.0,2.31,0,3,4.0,아니오,2021-11-19,2025-11-20,판정 안 함
KODEX 코스닥150,11,위,-4.0,전체,11,-17.14,-1.56,36.36,0.444,69.24,-32.88,1.46,-3.28,7,2.26,-4.0,-4.0,2.57,0,4,5.82,예,2015-11-20,2025-11-20,제외
KODEX 코스닥150,11,위,-4.0,앞 절반,5,-9.69,-1.94,40.0,0.198,83.51,-43.51,0.73,-3.72,3,1.06,-4.0,-4.0,2.47,0,2,5.6,아니오,2015-11-20,2019-11-20,판정 안 함
KODEX 코스닥150,11,위,-4.0,뒤 절반,6,-7.46,-1.24,33.33,0.739,57.52,-24.19,2.18,-2.95,4,2.26,-4.0,-4.0,2.84,0,2,6.0,아니오,2020-11-20,2025-11-20,판정 안 함
KODEX 코스닥150,11,위,-4.0,최근 10년,10,-17.55,-1.76,30.0,0.551,64.49,-34.49,1.81,-3.28,7,2.26,-4.0,-4.0,2.62,0,4,5.8,예,2016-11-18,2025-11-20,판정 안 함
KODEX 코스닥150,11,위,-4.0,최근 5년,5,-9.56,-1.91,20.0,0.764,56.7,-36.7,2.26,-2.95,4,2.26,-4.0,-4.0,2.6,0,2,6.0,아니오,2021-11-19,2025-11-20,판정 안 함
KODEX 코스닥150,11,위,-5.0,전체,11,-19.45,-1.77,36.36,0.404,71.24,-34.88,1.46,-3.61,7,2.26,-5.0,-5.0,2.84,0,3,6.64,예,2015-11-20,2025-11-20,제외
KODEX 코스닥150,11,위,-5.0,앞 절반,5,-9.99,-2.0,40.0,0.192,83.88,-43.88,0.73,-3.82,3,1.06,-5.0,-5.0,2.61,0,1,7.0,아니오,2015-11-20,2019-11-20,판정 안 함
KODEX 코스닥150,11,위,-5.0,뒤 절반,6,-9.46,-1.58,33.33,0.632,61.29,-27.96,2.18,-3.45,4,2.26,-5.0,-5.0,3.25,0,2,6.33,아니오,2020-11-20,2025-11-20,판정 안 함
KODEX 코스닥150,11,위,-5.0,최근 10년,10,-19.86,-1.99,30.0,0.5,66.65,-36.65,1.81,-3.61,7,2.26,-5.0,-5.0,2.89,0,3,6.7,예,2016-11-18,2025-11-20,판정 안 함
KODEX 코스닥150,11,위,-5.0,최근 5년,5,-11.56,-2.31,20.0,0.653,60.49,-40.49,2.26,-3.45,4,2.26,-5.0,-5.0,3.02,0,2,6.4,아니오,2021-11-19,2025-11-20,판정 안 함
KODEX 코스닥150,11,위,-6.0,전체,11,-14.09,-1.28,45.45,0.419,70.47,-25.02,1.51,-3.61,6,2.26,-6.0,-6.0,2.99,0,1,7.18,예,2015-11-20,2025-11-20,제외
KODEX 코스닥150,11,위,-6.0,앞 절반,5,-10.36,-2.07,40.0,0.186,84.3,-44.3,0.73,-3.94,3,1.06,-5.37,-5.75,2.72,0,0,7.4,아니오,2015-11-20,2019-11-20,판정 안 함
KODEX 코스닥150,11,위,-6.0,뒤 절반,6,-3.73,-0.62,50.0,0.62,61.71,-11.71,2.03,-3.27,3,2.26,-6.0,-6.0,3.3,0,1,7.0,아니오,2020-11-20,2025-11-20,판정 안 함
KODEX 코스닥150,11,위,-6.0,최근 10년,10,-14.5,-1.45,40.0,0.495,66.87,-26.87,1.79,-3.61,6,2.26,-6.0,-6.0,3.1,0,1,7.3,예,2016-11-18,2025-11-20,판정 안 함
KODEX 코스닥150,11,위,-6.0,최근 5년,5,-5.84,-1.17,40.0,0.609,62.17,-22.17,1.99,-3.27,3,2.26,-6.0,-6.0,3.37,0,1,7.2,아니오,2021-11-19,2025-11-20,판정 안 함
KODEX 코스닥150,11,위,-7.0,전체,11,-13.95,-1.27,45.45,0.422,70.34,-24.89,1.51,-3.59,6,2.26,-5.87,-6.52,2.97,0,0,7.18,예,2015-11-20,2025-11-20,제외
KODEX 코스닥150,11,위,-7.0,앞 절반,5,-10.36,-2.07,40.0,0.186,84.3,-44.3,0.73,-3.94,3,1.06,-5.37,-5.75,2.72,0,0,7.4,아니오,2015-11-20,2019-11-20,판정 안 함
KODEX 코스닥150,11,위,-7.0,뒤 절반,6,-3.59,-0.6,50.0,0.629,61.39,-11.39,2.03,-3.23,3,2.26,-5.87,-6.52,3.25,0,0,7.0,아니오,2020-11-20,2025-11-20,판정 안 함
KODEX 코스닥150,11,위,-7.0,최근 10년,10,-14.37,-1.44,40.0,0.498,66.74,-26.74,1.79,-3.59,6,2.26,-5.87,-6.52,3.08,0,0,7.3,예,2016-11-18,2025-11-20,판정 안 함
KODEX 코스닥150,11,위,-7.0,최근 5년,5,-5.7,-1.14,40.0,0.617,61.84,-21.84,1.99,-3.23,3,2.26,-5.87,-6.52,3.32,0,0,7.2,아니오,2021-11-19,2025-11-20,판정 안 함
KODEX 코스닥150,11,위,-8.0,전체,11,-13.95,-1.27,45.45,0.422,70.34,-24.89,1.51,-3.59,6,2.26,-5.87,-6.52,2.97,0,0,7.18,예,2015-11-20,2025-11-20,제외
KODEX 코스닥150,11,위,-8.0,앞 절반,5,-10.36,-2.07,40.0,0.186,84.3,-44.3,0.73,-3.94,3,1.06,-5.37,-5.75,2.72,0,0,7.4,아니오,2015-11-20,2019-11-20,판정 안 함
KODEX 코스닥150,11,위,-8.0,뒤 절반,6,-3.59,-0.6,50.0,0.629,61.39,-11.39,2.03,-3.23,3,2.26,-5.87,-6.52,3.25,0,0,7.0,아니오,2020-11-20,2025-11-20,판정 안 함
KODEX 코스닥150,11,위,-8.0,최근 10년,10,-14.37,-1.44,40.0,0.498,66.74,-26.74,1.79,-3.59,6,2.26,-5.87,-6.52,3.08,0,0,7.3,예,2016-11-18,2025-11-20,판정 안 함
KODEX 코스닥150,11,위,-8.0,최근 5년,5,-5.7,-1.14,40.0,0.617,61.84,-21.84,1.99,-3.23,3,2.26,-5.87,-6.52,3.32,0,0,7.2,아니오,2021-11-19,2025-11-20,판정 안 함
KODEX 코스닥150,11,위,-9.0,전체,11,-13.95,-1.27,45.45,0.422,70.34,-24.89,1.51,-3.59,6,2.26,-5.87,-6.52,2.97,0,0,7.18,예,2015-11-20,2025-11-20,제외
KODEX 코스닥150,11,위,-9.0,앞 절반,5,-10.36,-2.07,40.0,0.186,84.3,-44.3,0.73,-3.94,3,1.06,-5.37,-5.75,2.72,0,0,7.4,아니오,2015-11-20,2019-11-20,판정 안 함
KODEX 코스닥150,11,위,-9.0,뒤 절반,6,-3.59,-0.6,50.0,0.629,61.39,-11.39,2.03,-3.23,3,2.26,-5.87,-6.52,3.25,0,0,7.0,아니오,2020-11-20,2025-11-20,판정 안 함
KODEX 코스닥150,11,위,-9.0,최근 10년,10,-14.37,-1.44,40.0,0.498,66.74,-26.74,1.79,-3.59,6,2.26,-5.87,-6.52,3.08,0,0,7.3,예,2016-11-18,2025-11-20,판정 안 함
KODEX 코스닥150,11,위,-9.0,최근 5년,5,-5.7,-1.14,40.0,0.617,61.84,-21.84,1.99,-3.23,3,2.26,-5.87,-6.52,3.32,0,0,7.2,아니오,2021-11-19,2025-11-20,판정 안 함
KODEX 코스닥150,11,위,-10.0,전체,11,-13.95,-1.27,45.45,0.422,70.34,-24.89,1.51,-3.59,6,2.26,-5.87,-6.52,2.97,0,0,7.18,예,2015-11-20,2025-11-20,제외
KODEX 코스닥150,11,위,-10.0,앞 절반,5,-10.36,-2.07,40.0,0.186,84.3,-44.3,0.73,-3.94,3,1.06,-5.37,-5.75,2.72,0,0,7.4,아니오,2015-11-20,2019-11-20,판정 안 함
KODEX 코스닥150,11,위,-10.0,뒤 절반,6,-3.59,-0.6,50.0,0.629,61.39,-11.39,2.03,-3.23,3,2.26,-5.87,-6.52,3.25,0,0,7.0,아니오,2020-11-20,2025-11-20,판정 안 함
KODEX 코스닥150,11,위,-10.0,최근 10년,10,-14.37,-1.44,40.0,0.498,66.74,-26.74,1.79,-3.59,6,2.26,-5.87,-6.52,3.08,0,0,7.3,예,2016-11-18,2025-11-20,판정 안 함
KODEX 코스닥150,11,위,-10.0,최근 5년,5,-5.7,-1.14,40.0,0.617,61.84,-21.84,1.99,-3.23,3,2.26,-5.87,-6.52,3.32,0,0,7.2,아니오,2021-11-19,2025-11-20,판정 안 함
KODEX 코스닥150,11,위,무손절,전체,11,-13.95,-1.27,45.45,0.422,70.34,-24.89,1.51,-3.59,6,2.26,-5.87,-6.52,2.97,0,0,7.18,예,2015-11-20,2025-11-20,제외
KODEX 코스닥150,11,위,무손절,앞 절반,5,-10.36,-2.07,40.0,0.186,84.3,-44.3,0.73,-3.94,3,1.06,-5.37,-5.75,2.72,0,0,7.4,아니오,2015-11-20,2019-11-20,판정 안 함
KODEX 코스닥150,11,위,무손절,뒤 절반,6,-3.59,-0.6,50.0,0.629,61.39,-11.39,2.03,-3.23,3,2.26,-5.87,-6.52,3.25,0,0,7.0,아니오,2020-11-20,2025-11-20,판정 안 함
KODEX 코스닥150,11,위,무손절,최근 10년,10,-14.37,-1.44,40.0,0.498,66.74,-26.74,1.79,-3.59,6,2.26,-5.87,-6.52,3.08,0,0,7.3,예,2016-11-18,2025-11-20,판정 안 함
KODEX 코스닥150,11,위,무손절,최근 5년,5,-5.7,-1.14,40.0,0.617,61.84,-21.84,1.99,-3.23,3,2.26,-5.87,-6.52,3.32,0,0,7.2,아니오,2021-11-19,2025-11-20,판정 안 함
KODEX 코스닥150,12,아래,-3.0,전체,11,-26.41,-2.4,9.09,0.874,53.37,-44.28,2.53,-2.89,10,2.53,-5.14,-5.14,2.1,2,6,5.36,예,2015-12-18,2025-12-19,제외
KODEX 코스닥150,12,아래,-3.0,앞 절반,5,-17.14,-3.43,0.0,0.0,100.0,-100.0,,-3.43,5,-3.0,-5.14,-5.14,0.96,1,4,4.8,아니오,2015-12-18,2019-12-20,판정 안 함
KODEX 코스닥150,12,아래,-3.0,뒤 절반,6,-9.27,-1.55,16.67,1.071,48.29,-31.62,2.53,-2.36,5,2.53,-4.43,-4.43,2.49,1,2,5.83,아니오,2020-12-18,2025-12-19,판정 안 함
KODEX 코스닥150,12,아래,-3.0,최근 10년,10,-23.41,-2.34,10.0,0.877,53.27,-43.27,2.53,-2.88,9,2.53,-5.14,-5.14,2.21,2,5,5.2,예,2016-12-20,2025-12-19,판정 안 함
KODEX 코스닥150,12,아래,-3.0,최근 5년,5,-6.27,-1.25,20.0,1.149,46.54,-26.54,2.53,-2.2,4,2.53,-4.43,-4.43,2.67,1,1,5.8,아니오,2021-12-20,2025-12-19,판정 안 함
KODEX 코스닥150,12,아래,-4.0,전체,11,-30.39,-2.76,9.09,0.768,56.57,-47.48,2.53,-3.29,10,2.53,-5.14,-5.14,2.27,2,4,5.55,예,2015-12-18,2025-12-19,제외
KODEX 코스닥150,12,아래,-4.0,앞 절반,5,-20.39,-4.08,0.0,0.0,100.0,-100.0,,-4.08,5,-3.25,-5.14,-5.14,0.67,1,3,5.0,아니오,2015-12-18,2019-12-20,판정 안 함
KODEX 코스닥150,12,아래,-4.0,뒤 절반,6,-10.01,-1.67,16.67,1.008,49.79,-33.12,2.53,-2.51,5,2.53,-4.43,-4.43,2.61,1,1,6.0,아니오,2020-12-18,2025-12-19,판정 안 함
KODEX 코스닥150,12,아래,-4.0,최근 10년,10,-26.39,-2.64,10.0,0.787,55.97,-45.97,2.53,-3.21,9,2.53,-5.14,-5.14,2.36,2,3,5.4,예,2016-12-20,2025-12-19,판정 안 함
KODEX 코스닥150,12,아래,-4.0,최근 5년,5,-6.01,-1.2,20.0,1.185,45.77,-25.77,2.53,-2.13,4,2.53,-4.43,-4.43,2.62,1,0,5.8,아니오,2021-12-20,2025-12-19,판정 안 함
KODEX 코스닥150,12,아래,-5.0,전체,11,-32.28,-2.93,9.09,0.726,57.93,-48.84,2.53,-3.48,10,2.53,-5.14,-5.14,2.44,1,3,5.64,예,2015-12-18,2025-12-19,제외
KODEX 코스닥150,12,아래,-5.0,앞 절반,5,-22.4,-4.48,0.0,0.0,100.0,-100.0,,-4.48,5,-3.25,-5.14,-5.14,0.82,1,2,5.2,아니오,2015-12-18,2019-12-20,판정 안 함
KODEX 코스닥150,12,아래,-5.0,뒤 절반,6,-9.88,-1.65,16.67,1.018,49.54,-32.87,2.53,-2.48,5,2.53,-5.0,-5.0,2.64,0,1,6.0,아니오,2020-12-18,2025-12-19,판정 안 함
KODEX 코스닥150,12,아래,-5.0,최근 10년,10,-28.27,-2.83,10.0,0.739,57.51,-47.51,2.53,-3.42,9,2.53,-5.14,-5.14,2.54,1,3,5.5,예,2016-12-20,2025-12-19,판정 안 함
KODEX 코스닥150,12,아래,-5.0,최근 5년,5,-6.57,-1.31,20.0,1.111,47.37,-27.37,2.53,-2.28,4,2.53,-5.0,-5.0,2.8,0,1,5.8,아니오,2021-12-20,2025-12-19,판정 안 함
KODEX 코스닥150,12,아래,-6.0,전체,11,-31.71,-2.88,9.09,0.738,57.52,-48.43,2.53,-3.42,10,2.53,-6.24,-6.24,2.64,1,1,5.91,예,2015-12-18,2025-12-19,제외
KODEX 코스닥150,12,아래,-6.0,앞 절반,5,-20.82,-4.16,0.0,0.0,100.0,-100.0,,-4.16,5,-1.86,-6.24,-6.24,1.74,1,0,5.6,아니오,2015-12-18,2019-12-20,판정 안 함
KODEX 코스닥150,12,아래,-6.0,뒤 절반,6,-10.88,-1.81,16.67,0.943,51.48,-34.81,2.53,-2.68,5,2.53,-6.0,-6.0,2.91,0,1,6.17,아니오,2020-12-18,2025-12-19,판정 안 함
KODEX 코스닥150,12,아래,-6.0,최근 10년,10,-27.69,-2.77,10.0,0.753,57.05,-47.05,2.53,-3.36,9,2.53,-6.24,-6.24,2.75,1,1,5.8,예,2016-12-20,2025-12-19,판정 안 함
KODEX 코스닥150,12,아래,-6.0,최근 5년,5,-7.57,-1.51,20.0,1.001,49.98,-29.98,2.53,-2.53,4,2.53,-6.0,-6.0,3.15,0,1,6.0,아니오,2021-12-20,2025-12-19,판정 안 함
KODEX 코스닥150,12,아래,-7.0,전체,11,-30.04,-2.73,9.09,0.776,56.3,-47.21,2.53,-3.26,10,2.53,-7.0,-7.0,2.56,0,1,6.0,예,2015-12-18,2025-12-19,제외
KODEX 코스닥150,12,아래,-7.0,앞 절반,5,-21.59,-4.32,0.0,0.0,100.0,-100.0,,-4.32,5,-1.86,-7.0,-7.0,1.99,0,1,5.6,아니오,2015-12-18,2019-12-20,판정 안 함
KODEX 코스닥150,12,아래,-7.0,뒤 절반,6,-8.46,-1.41,16.67,1.151,46.5,-29.83,2.53,-2.2,5,2.53,-3.57,-6.05,2.32,0,0,6.33,아니오,2020-12-18,2025-12-19,판정 안 함
KODEX 코스닥150,12,아래,-7.0,최근 10년,10,-26.03,-2.6,10.0,0.797,55.66,-45.66,2.53,-3.17,9,2.53,-7.0,-7.0,2.67,0,1,5.9,예,2016-12-20,2025-12-19,판정 안 함
KODEX 코스닥150,12,아래,-7.0,최근 5년,5,-5.15,-1.03,20.0,1.317,43.15,-23.15,2.53,-1.92,4,2.53,-3.57,-6.05,2.38,0,0,6.2,아니오,2021-12-20,2025-12-19,판정 안 함
KODEX 코스닥150,12,아래,-8.0,전체,11,-31.04,-2.82,9.09,0.753,57.05,-47.96,2.53,-3.36,10,2.53,-8.0,-8.0,2.74,0,1,6.0,예,2015-12-18,2025-12-19,제외
KODEX 코스닥150,12,아래,-8.0,앞 절반,5,-22.59,-4.52,0.0,0.0,100.0,-100.0,,-4.52,5,-1.86,-8.0,-8.0,2.34,0,1,5.6,아니오,2015-12-18,2019-12-20,판정 안 함
KODEX 코스닥150,12,아래,-8.0,뒤 절반,6,-8.46,-1.41,16.67,1.151,46.5,-29.83,2.53,-2.2,5,2.53,-3.57,-6.05,2.32,0,0,6.33,아니오,2020-12-18,2025-12-19,판정 안 함
KODEX 코스닥150,12,아래,-8.0,최근 10년,10,-27.03,-2.7,10.0,0.77,56.51,-46.51,2.53,-3.28,9,2.53,-8.0,-8.0,2.86,0,1,5.9,예,2016-12-20,2025-12-19,판정 안 함
KODEX 코스닥150,12,아래,-8.0,최근 5년,5,-5.15,-1.03,20.0,1.317,43.15,-23.15,2.53,-1.92,4,2.53,-3.57,-6.05,2.38,0,0,6.2,아니오,2021-12-20,2025-12-19,판정 안 함
KODEX 코스닥150,12,아래,-9.0,전체,11,-32.04,-2.91,9.09,0.731,57.76,-48.67,2.53,-3.46,10,2.53,-9.0,-9.0,2.94,0,1,6.09,예,2015-12-18,2025-12-19,제외
KODEX 코스닥150,12,아래,-9.0,앞 절반,5,-23.59,-4.72,0.0,0.0,100.0,-100.0,,-4.72,5,-1.86,-9.0,-9.0,2.73,0,1,5.8,아니오,2015-12-18,2019-12-20,판정 안 함
KODEX 코스닥150,12,아래,-9.0,뒤 절반,6,-8.46,-1.41,16.67,1.151,46.5,-29.83,2.53,-2.2,5,2.53,-3.57,-6.05,2.32,0,0,6.33,아니오,2020-12-18,2025-12-19,판정 안 함
KODEX 코스닥150,12,아래,-9.0,최근 10년,10,-28.03,-2.8,10.0,0.744,57.32,-47.32,2.53,-3.4,9,2.53,-9.0,-9.0,3.08,0,1,6.0,예,2016-12-20,2025-12-19,판정 안 함
KODEX 코스닥150,12,아래,-9.0,최근 5년,5,-5.15,-1.03,20.0,1.317,43.15,-23.15,2.53,-1.92,4,2.53,-3.57,-6.05,2.38,0,0,6.2,아니오,2021-12-20,2025-12-19,판정 안 함
KODEX 코스닥150,12,아래,-10.0,전체,11,-32.86,-2.99,9.09,0.714,58.33,-49.24,2.53,-3.54,10,2.53,-9.82,-9.82,3.11,0,0,6.09,예,2015-12-18,2025-12-19,제외
KODEX 코스닥150,12,아래,-10.0,앞 절반,5,-24.4,-4.88,0.0,0.0,100.0,-100.0,,-4.88,5,-1.86,-9.82,-9.82,3.05,0,0,5.8,아니오,2015-12-18,2019-12-20,판정 안 함
KODEX 코스닥150,12,아래,-10.0,뒤 절반,6,-8.46,-1.41,16.67,1.151,46.5,-29.83,2.53,-2.2,5,2.53,-3.57,-6.05,2.32,0,0,6.33,아니오,2020-12-18,2025-12-19,판정 안 함
KODEX 코스닥150,12,아래,-10.0,최근 10년,10,-28.85,-2.88,10.0,0.725,57.97,-47.97,2.53,-3.49,9,2.53,-9.82,-9.82,3.26,0,0,6.0,예,2016-12-20,2025-12-19,판정 안 함
KODEX 코스닥150,12,아래,-10.0,최근 5년,5,-5.15,-1.03,20.0,1.317,43.15,-23.15,2.53,-1.92,4,2.53,-3.57,-6.05,2.38,0,0,6.2,아니오,2021-12-20,2025-12-19,판정 안 함
KODEX 코스닥150,12,아래,무손절,전체,11,-32.86,-2.99,9.09,0.714,58.33,-49.24,2.53,-3.54,10,2.53,-9.82,-9.82,3.11,0,0,6.09,예,2015-12-18,2025-12-19,제외
KODEX 코스닥150,12,아래,무손절,앞 절반,5,-24.4,-4.88,0.0,0.0,100.0,-100.0,,-4.88,5,-1.86,-9.82,-9.82,3.05,0,0,5.8,아니오,2015-12-18,2019-12-20,판정 안 함
KODEX 코스닥150,12,아래,무손절,뒤 절반,6,-8.46,-1.41,16.67,1.151,46.5,-29.83,2.53,-2.2,5,2.53,-3.57,-6.05,2.32,0,0,6.33,아니오,2020-12-18,2025-12-19,판정 안 함
KODEX 코스닥150,12,아래,무손절,최근 10년,10,-28.85,-2.88,10.0,0.725,57.97,-47.97,2.53,-3.49,9,2.53,-9.82,-9.82,3.26,0,0,6.0,예,2016-12-20,2025-12-19,판정 안 함
KODEX 코스닥150,12,아래,무손절,최근 5년,5,-5.15,-1.03,20.0,1.317,43.15,-23.15,2.53,-1.92,4,2.53,-3.57,-6.05,2.38,0,0,6.2,아니오,2021-12-20,2025-12-19,판정 안 함
KODEX 코스닥150,12,위,-3.0,전체,11,22.09,2.01,72.73,1.295,43.57,29.16,3.89,-3.0,3,9.82,-3.0,-3.0,3.94,0,3,5.73,예,2015-12-18,2025-12-19,후보
KODEX 코스닥150,12,위,-3.0,앞 절반,5,17.39,3.48,80.0,1.699,37.05,42.95,5.1,-3.0,1,9.82,-3.0,-3.0,4.71,0,1,5.4,아니오,2015-12-18,2019-12-20,판정 안 함
KODEX 코스닥150,12,위,-3.0,뒤 절반,6,4.7,0.78,66.67,0.891,52.87,13.8,2.67,-3.0,2,3.57,-3.0,-3.0,3.06,0,2,6.0,아니오,2020-12-18,2025-12-19,판정 안 함
KODEX 코스닥150,12,위,-3.0,최근 10년,10,25.09,2.51,80.0,1.295,43.57,36.43,3.89,-3.0,2,9.82,-3.0,-3.0,3.77,0,2,5.8,예,2016-12-20,2025-12-19,판정 안 함
KODEX 코스닥150,12,위,-3.0,최근 5년,5,1.39,0.28,60.0,0.821,54.92,5.08,2.46,-3.0,2,3.57,-3.0,-3.0,3.12,0,2,5.8,아니오,2021-12-20,2025-12-19,판정 안 함
KODEX 코스닥150,12,위,-4.0,전체,11,32.86,2.99,90.91,1.4,41.67,49.24,3.54,-2.53,1,9.82,-2.53,-3.44,3.11,0,0,6.09,예,2015-12-18,2025-12-19,후보
KODEX 코스닥150,12,위,-4.0,앞 절반,5,24.4,4.88,100.0,,,,4.88,,0,9.82,1.86,-3.16,3.05,0,0,5.8,아니오,2015-12-18,2019-12-20,판정 안 함
KODEX 코스닥150,12,위,-4.0,뒤 절반,6,8.46,1.41,83.33,0.869,53.5,29.83,2.2,-2.53,1,3.57,-2.53,-3.44,2.32,0,0,6.33,아니오,2020-12-18,2025-12-19,판정 안 함
KODEX 코스닥150,12,위,-4.0,최근 10년,10,28.85,2.88,90.0,1.379,42.03,47.97,3.49,-2.53,1,9.82,-2.53,-3.44,3.26,0,0,6.0,예,2016-12-20,2025-12-19,판정 안 함
KODEX 코스닥150,12,위,-4.0,최근 5년,5,5.15,1.03,80.0,0.759,56.85,23.15,1.92,-2.53,1,3.57,-2.53,-3.44,2.38,0,0,6.2,아니오,2021-12-20,2025-12-19,판정 안 함
KODEX 코스닥150,12,위,-5.0,전체,11,32.86,2.99,90.91,1.4,41.67,49.24,3.54,-2.53,1,9.82,-2.53,-3.44,3.11,0,0,6.09,예,2015-12-18,2025-12-19,후보
KODEX 코스닥150,12,위,-5.0,앞 절반,5,24.4,4.88,100.0,,,,4.88,,0,9.82,1.86,-3.16,3.05,0,0,5.8,아니오,2015-12-18,2019-12-20,판정 안 함
KODEX 코스닥150,12,위,-5.0,뒤 절반,6,8.46,1.41,83.33,0.869,53.5,29.83,2.2,-2.53,1,3.57,-2.53,-3.44,2.32,0,0,6.33,아니오,2020-12-18,2025-12-19,판정 안 함
KODEX 코스닥150,12,위,-5.0,최근 10년,10,28.85,2.88,90.0,1.379,42.03,47.97,3.49,-2.53,1,9.82,-2.53,-3.44,3.26,0,0,6.0,예,2016-12-20,2025-12-19,판정 안 함
KODEX 코스닥150,12,위,-5.0,최근 5년,5,5.15,1.03,80.0,0.759,56.85,23.15,1.92,-2.53,1,3.57,-2.53,-3.44,2.38,0,0,6.2,아니오,2021-12-20,2025-12-19,판정 안 함
KODEX 코스닥150,12,위,-6.0,전체,11,32.86,2.99,90.91,1.4,41.67,49.24,3.54,-2.53,1,9.82,-2.53,-3.44,3.11,0,0,6.09,예,2015-12-18,2025-12-19,후보
KODEX 코스닥150,12,위,-6.0,앞 절반,5,24.4,4.88,100.0,,,,4.88,,0,9.82,1.86,-3.16,3.05,0,0,5.8,아니오,2015-12-18,2019-12-20,판정 안 함
KODEX 코스닥150,12,위,-6.0,뒤 절반,6,8.46,1.41,83.33,0.869,53.5,29.83,2.2,-2.53,1,3.57,-2.53,-3.44,2.32,0,0,6.33,아니오,2020-12-18,2025-12-19,판정 안 함
KODEX 코스닥150,12,위,-6.0,최근 10년,10,28.85,2.88,90.0,1.379,42.03,47.97,3.49,-2.53,1,9.82,-2.53,-3.44,3.26,0,0,6.0,예,2016-12-20,2025-12-19,판정 안 함
KODEX 코스닥150,12,위,-6.0,최근 5년,5,5.15,1.03,80.0,0.759,56.85,23.15,1.92,-2.53,1,3.57,-2.53,-3.44,2.38,0,0,6.2,아니오,2021-12-20,2025-12-19,판정 안 함
KODEX 코스닥150,12,위,-7.0,전체,11,32.86,2.99,90.91,1.4,41.67,49.24,3.54,-2.53,1,9.82,-2.53,-3.44,3.11,0,0,6.09,예,2015-12-18,2025-12-19,후보
KODEX 코스닥150,12,위,-7.0,앞 절반,5,24.4,4.88,100.0,,,,4.88,,0,9.82,1.86,-3.16,3.05,0,0,5.8,아니오,2015-12-18,2019-12-20,판정 안 함
KODEX 코스닥150,12,위,-7.0,뒤 절반,6,8.46,1.41,83.33,0.869,53.5,29.83,2.2,-2.53,1,3.57,-2.53,-3.44,2.32,0,0,6.33,아니오,2020-12-18,2025-12-19,판정 안 함
KODEX 코스닥150,12,위,-7.0,최근 10년,10,28.85,2.88,90.0,1.379,42.03,47.97,3.49,-2.53,1,9.82,-2.53,-3.44,3.26,0,0,6.0,예,2016-12-20,2025-12-19,판정 안 함
KODEX 코스닥150,12,위,-7.0,최근 5년,5,5.15,1.03,80.0,0.759,56.85,23.15,1.92,-2.53,1,3.57,-2.53,-3.44,2.38,0,0,6.2,아니오,2021-12-20,2025-12-19,판정 안 함
KODEX 코스닥150,12,위,-8.0,전체,11,32.86,2.99,90.91,1.4,41.67,49.24,3.54,-2.53,1,9.82,-2.53,-3.44,3.11,0,0,6.09,예,2015-12-18,2025-12-19,후보
KODEX 코스닥150,12,위,-8.0,앞 절반,5,24.4,4.88,100.0,,,,4.88,,0,9.82,1.86,-3.16,3.05,0,0,5.8,아니오,2015-12-18,2019-12-20,판정 안 함
KODEX 코스닥150,12,위,-8.0,뒤 절반,6,8.46,1.41,83.33,0.869,53.5,29.83,2.2,-2.53,1,3.57,-2.53,-3.44,2.32,0,0,6.33,아니오,2020-12-18,2025-12-19,판정 안 함
KODEX 코스닥150,12,위,-8.0,최근 10년,10,28.85,2.88,90.0,1.379,42.03,47.97,3.49,-2.53,1,9.82,-2.53,-3.44,3.26,0,0,6.0,예,2016-12-20,2025-12-19,판정 안 함
KODEX 코스닥150,12,위,-8.0,최근 5년,5,5.15,1.03,80.0,0.759,56.85,23.15,1.92,-2.53,1,3.57,-2.53,-3.44,2.38,0,0,6.2,아니오,2021-12-20,2025-12-19,판정 안 함
KODEX 코스닥150,12,위,-9.0,전체,11,32.86,2.99,90.91,1.4,41.67,49.24,3.54,-2.53,1,9.82,-2.53,-3.44,3.11,0,0,6.09,예,2015-12-18,2025-12-19,후보
KODEX 코스닥150,12,위,-9.0,앞 절반,5,24.4,4.88,100.0,,,,4.88,,0,9.82,1.86,-3.16,3.05,0,0,5.8,아니오,2015-12-18,2019-12-20,판정 안 함
KODEX 코스닥150,12,위,-9.0,뒤 절반,6,8.46,1.41,83.33,0.869,53.5,29.83,2.2,-2.53,1,3.57,-2.53,-3.44,2.32,0,0,6.33,아니오,2020-12-18,2025-12-19,판정 안 함
KODEX 코스닥150,12,위,-9.0,최근 10년,10,28.85,2.88,90.0,1.379,42.03,47.97,3.49,-2.53,1,9.82,-2.53,-3.44,3.26,0,0,6.0,예,2016-12-20,2025-12-19,판정 안 함
KODEX 코스닥150,12,위,-9.0,최근 5년,5,5.15,1.03,80.0,0.759,56.85,23.15,1.92,-2.53,1,3.57,-2.53,-3.44,2.38,0,0,6.2,아니오,2021-12-20,2025-12-19,판정 안 함
KODEX 코스닥150,12,위,-10.0,전체,11,32.86,2.99,90.91,1.4,41.67,49.24,3.54,-2.53,1,9.82,-2.53,-3.44,3.11,0,0,6.09,예,2015-12-18,2025-12-19,후보
KODEX 코스닥150,12,위,-10.0,앞 절반,5,24.4,4.88,100.0,,,,4.88,,0,9.82,1.86,-3.16,3.05,0,0,5.8,아니오,2015-12-18,2019-12-20,판정 안 함
KODEX 코스닥150,12,위,-10.0,뒤 절반,6,8.46,1.41,83.33,0.869,53.5,29.83,2.2,-2.53,1,3.57,-2.53,-3.44,2.32,0,0,6.33,아니오,2020-12-18,2025-12-19,판정 안 함
KODEX 코스닥150,12,위,-10.0,최근 10년,10,28.85,2.88,90.0,1.379,42.03,47.97,3.49,-2.53,1,9.82,-2.53,-3.44,3.26,0,0,6.0,예,2016-12-20,2025-12-19,판정 안 함
KODEX 코스닥150,12,위,-10.0,최근 5년,5,5.15,1.03,80.0,0.759,56.85,23.15,1.92,-2.53,1,3.57,-2.53,-3.44,2.38,0,0,6.2,아니오,2021-12-20,2025-12-19,판정 안 함
KODEX 코스닥150,12,위,무손절,전체,11,32.86,2.99,90.91,1.4,41.67,49.24,3.54,-2.53,1,9.82,-2.53,-3.44,3.11,0,0,6.09,예,2015-12-18,2025-12-19,후보
KODEX 코스닥150,12,위,무손절,앞 절반,5,24.4,4.88,100.0,,,,4.88,,0,9.82,1.86,-3.16,3.05,0,0,5.8,아니오,2015-12-18,2019-12-20,판정 안 함
KODEX 코스닥150,12,위,무손절,뒤 절반,6,8.46,1.41,83.33,0.869,53.5,29.83,2.2,-2.53,1,3.57,-2.53,-3.44,2.32,0,0,6.33,아니오,2020-12-18,2025-12-19,판정 안 함
KODEX 코스닥150,12,위,무손절,최근 10년,10,28.85,2.88,90.0,1.379,42.03,47.97,3.49,-2.53,1,9.82,-2.53,-3.44,3.26,0,0,6.0,예,2016-12-20,2025-12-19,판정 안 함
KODEX 코스닥150,12,위,무손절,최근 5년,5,5.15,1.03,80.0,0.759,56.85,23.15,1.92,-2.53,1,3.57,-2.53,-3.44,2.38,0,0,6.2,아니오,2021-12-20,2025-12-19,판정 안 함
코스닥150 지수,1,아래,손절불가,전체,17,1.28,0.08,58.82,0.722,58.06,0.76,4.16,-5.75,7,9.65,-26.16,-28.84,7.92,0,0,6.94,예,2010-01-20,2026-01-20,판정 안 함
코스닥150 지수,1,아래,손절불가,앞 절반,8,13.39,1.67,75.0,2.158,31.66,43.34,2.64,-1.22,2,9.34,-1.22,-1.93,3.34,0,0,6.88,아니오,2010-01-20,2017-01-20,판정 안 함
코스닥150 지수,1,아래,손절불가,뒤 절반,9,-12.1,-1.34,44.44,0.85,54.05,-9.61,6.43,-7.57,5,9.65,-26.16,-28.84,10.53,0,0,7.0,아니오,2018-01-19,2026-01-20,판정 안 함
코스닥150 지수,1,아래,손절불가,최근 10년,10,-10.97,-1.1,50.0,0.71,58.48,-8.48,5.37,-7.57,5,9.65,-26.16,-28.84,9.96,0,0,6.8,예,2017-01-20,2026-01-20,판정 안 함
코스닥150 지수,1,아래,손절불가,최근 5년,5,-15.92,-3.18,40.0,0.716,58.26,-18.26,7.28,-10.16,3,9.65,-26.16,-28.84,13.8,0,0,6.4,아니오,2022-01-20,2026-01-20,판정 안 함
코스닥150 지수,1,위,손절불가,전체,17,-1.28,-0.08,41.18,1.384,41.94,-0.76,5.75,-4.16,10,26.16,-9.65,-12.17,7.92,0,0,6.94,예,2010-01-20,2026-01-20,판정 안 함
코스닥150 지수,1,위,손절불가,앞 절반,8,-13.39,-1.67,25.0,0.463,68.34,-43.34,1.22,-2.64,6,1.22,-9.34,-9.34,3.34,0,0,6.88,아니오,2010-01-20,2017-01-20,판정 안 함
코스닥150 지수,1,위,손절불가,뒤 절반,9,12.1,1.34,55.56,1.176,45.95,9.61,7.57,-6.43,4,26.16,-9.65,-12.17,10.53,0,0,7.0,아니오,2018-01-19,2026-01-20,판정 안 함
코스닥150 지수,1,위,손절불가,최근 10년,10,10.97,1.1,50.0,1.408,41.52,8.48,7.57,-5.37,5,26.16,-9.65,-12.17,9.96,0,0,6.8,예,2017-01-20,2026-01-20,판정 안 함
코스닥150 지수,1,위,손절불가,최근 5년,5,15.92,3.18,60.0,1.396,41.74,18.26,10.16,-7.28,2,26.16,-9.65,-12.17,13.8,0,0,6.4,아니오,2022-01-20,2026-01-20,판정 안 함
코스닥150 지수,2,아래,손절불가,전체,17,7.71,0.45,47.06,1.736,36.55,10.51,2.74,-1.58,9,8.49,-4.52,-4.52,3.07,0,0,5.88,예,2010-02-19,2026-02-20,판정 안 함
코스닥150 지수,2,아래,손절불가,앞 절반,8,-3.24,-0.41,25.0,1.422,41.29,-16.29,1.46,-1.03,6,2.18,-2.07,-2.25,1.39,0,0,5.88,아니오,2010-02-19,2017-02-20,판정 안 함
코스닥150 지수,2,아래,손절불가,뒤 절반,9,10.96,1.22,66.67,1.181,45.85,20.82,3.17,-2.68,3,8.49,-4.52,-4.52,3.97,0,0,5.89,아니오,2018-02-20,2026-02-20,판정 안 함
코스닥150 지수,2,아래,손절불가,최근 10년,10,11.7,1.17,70.0,1.052,48.74,21.26,2.82,-2.68,3,8.49,-4.52,-4.52,3.74,0,0,5.9,예,2017-02-20,2026-02-20,판정 안 함
코스닥150 지수,2,아래,손절불가,최근 5년,5,-5.02,-1.0,40.0,0.564,63.94,-23.94,1.51,-2.68,3,2.78,-4.52,-4.52,2.76,0,0,6.0,아니오,2022-02-18,2026-02-20,판정 안 함
코스닥150 지수,2,위,손절불가,전체,17,-7.71,-0.45,52.94,0.576,63.45,-10.51,1.58,-2.74,8,4.52,-8.49,-8.49,3.07,0,0,5.88,예,2010-02-19,2026-02-20,판정 안 함
코스닥150 지수,2,위,손절불가,앞 절반,8,3.24,0.41,75.0,0.703,58.71,16.29,1.03,-1.46,2,2.07,-2.18,-3.1,1.39,0,0,5.88,아니오,2010-02-19,2017-02-20,판정 안 함
코스닥150 지수,2,위,손절불가,뒤 절반,9,-10.96,-1.22,33.33,0.847,54.15,-20.82,2.68,-3.17,6,4.52,-8.49,-8.49,3.97,0,0,5.89,아니오,2018-02-20,2026-02-20,판정 안 함
코스닥150 지수,2,위,손절불가,최근 10년,10,-11.7,-1.17,30.0,0.951,51.26,-21.26,2.68,-2.82,7,4.52,-8.49,-8.49,3.74,0,0,5.9,예,2017-02-20,2026-02-20,판정 안 함
코스닥150 지수,2,위,손절불가,최근 5년,5,5.02,1.0,60.0,1.773,36.06,23.94,2.68,-1.51,2,4.52,-2.78,-3.69,2.76,0,0,6.0,아니오,2022-02-18,2026-02-20,판정 안 함
코스닥150 지수,3,아래,손절불가,전체,17,-10.11,-0.59,52.94,0.671,59.83,-6.89,3.47,-5.16,8,9.74,-19.09,-19.09,6.48,0,0,7.82,예,2010-03-19,2026-03-20,판정 안 함
코스닥150 지수,3,아래,손절불가,앞 절반,8,-5.93,-0.74,50.0,0.497,66.79,-16.79,1.47,-2.95,4,2.31,-6.92,-6.92,3.06,0,0,8.0,아니오,2010-03-19,2017-03-20,판정 안 함
코스닥150 지수,3,아래,손절불가,뒤 절반,9,-4.18,-0.46,55.56,0.687,59.29,-3.73,5.07,-7.38,4,9.74,-19.09,-19.09,8.71,0,0,7.67,아니오,2018-03-20,2026-03-20,판정 안 함
코스닥150 지수,3,아래,손절불가,최근 10년,10,-7.05,-0.7,50.0,0.782,56.1,-6.1,5.07,-6.48,5,9.74,-19.09,-19.09,8.24,0,0,7.8,예,2017-03-20,2026-03-20,판정 안 함
코스닥150 지수,3,아래,손절불가,최근 5년,5,7.4,1.48,40.0,2.564,28.06,11.94,8.92,-3.48,3,9.74,-7.17,-7.17,7.21,0,0,7.8,아니오,2022-03-18,2026-03-20,판정 안 함
코스닥150 지수,3,위,손절불가,전체,17,10.11,0.59,47.06,1.489,40.17,6.89,5.16,-3.47,9,19.09,-9.74,-9.74,6.48,0,0,7.82,예,2010-03-19,2026-03-20,판정 안 함
코스닥150 지수,3,위,손절불가,앞 절반,8,5.93,0.74,50.0,2.011,33.21,16.79,2.95,-1.47,4,6.92,-2.31,-3.5,3.06,0,0,8.0,아니오,2010-03-19,2017-03-20,판정 안 함
코스닥150 지수,3,위,손절불가,뒤 절반,9,4.18,0.46,44.44,1.456,40.71,3.73,7.38,-5.07,5,19.09,-9.74,-9.74,8.71,0,0,7.67,아니오,2018-03-20,2026-03-20,판정 안 함
코스닥150 지수,3,위,손절불가,최근 10년,10,7.05,0.7,50.0,1.278,43.9,6.1,6.48,-5.07,5,19.09,-9.74,-9.74,8.24,0,0,7.8,예,2017-03-20,2026-03-20,판정 안 함
코스닥150 지수,3,위,손절불가,최근 5년,5,-7.4,-1.48,60.0,0.39,71.94,-11.94,3.48,-8.92,2,7.17,-9.74,-9.74,7.21,0,0,7.8,아니오,2022-03-18,2026-03-20,판정 안 함
코스닥150 지수,4,아래,손절불가,전체,17,21.03,1.24,70.59,1.208,45.28,25.31,2.67,-2.21,5,7.02,-3.76,-4.93,2.82,0,0,7.12,예,2010-04-20,2026-04-20,판정 안 함
코스닥150 지수,4,아래,손절불가,앞 절반,8,9.53,1.19,75.0,0.847,54.15,20.85,2.62,-3.09,2,4.33,-3.27,-4.35,2.87,0,0,7.12,아니오,2010-04-20,2017-04-20,판정 안 함
코스닥150 지수,4,아래,손절불가,뒤 절반,9,11.5,1.28,66.67,1.678,37.34,29.33,2.73,-1.63,3,7.02,-3.76,-4.93,2.96,0,0,7.11,아니오,2018-04-20,2026-04-20,판정 안 함
코스닥150 지수,4,아래,손절불가,최근 10년,10,12.92,1.29,70.0,1.564,39.01,30.99,2.54,-1.63,3,7.02,-3.76,-4.93,2.79,0,0,7.0,예,2017-04-20,2026-04-20,판정 안 함
코스닥150 지수,4,아래,손절불가,최근 5년,5,1.49,0.3,60.0,0.883,53.11,6.89,2.03,-2.3,2,2.61,-3.76,-4.93,2.68,0,0,7.2,아니오,2022-04-20,2026-04-20,판정 안 함
코스닥150 지수,4,위,손절불가,전체,17,-21.03,-1.24,29.41,0.828,54.72,-25.31,2.21,-2.67,12,3.76,-7.02,-7.02,2.82,0,0,7.12,예,2010-04-20,2026-04-20,판정 안 함
코스닥150 지수,4,위,손절불가,앞 절반,8,-9.53,-1.19,25.0,1.181,45.85,-20.85,3.09,-2.62,6,3.27,-4.33,-4.65,2.87,0,0,7.12,아니오,2010-04-20,2017-04-20,판정 안 함
코스닥150 지수,4,위,손절불가,뒤 절반,9,-11.5,-1.28,33.33,0.596,62.66,-29.33,1.63,-2.73,6,3.76,-7.02,-7.02,2.96,0,0,7.11,아니오,2018-04-20,2026-04-20,판정 안 함
코스닥150 지수,4,위,손절불가,최근 10년,10,-12.92,-1.29,30.0,0.64,60.99,-30.99,1.63,-2.54,7,3.76,-7.02,-7.02,2.79,0,0,7.0,예,2017-04-20,2026-04-20,판정 안 함
코스닥150 지수,4,위,손절불가,최근 5년,5,-1.49,-0.3,40.0,1.133,46.89,-6.89,2.3,-2.03,3,3.76,-2.61,-6.04,2.68,0,0,7.2,아니오,2022-04-20,2026-04-20,판정 안 함
코스닥150 지수,5,아래,손절불가,전체,17,-30.38,-1.79,17.65,0.525,65.56,-47.91,1.28,-2.45,14,1.9,-6.2,-13.64,2.19,0,0,7.47,예,2010-05-20,2026-05-20,판정 안 함
코스닥150 지수,5,아래,손절불가,앞 절반,8,-13.14,-1.64,12.5,0.883,53.1,-40.6,1.9,-2.15,7,1.9,-5.17,-5.17,2.05,0,0,7.38,아니오,2010-05-20,2017-05-19,판정 안 함
코스닥150 지수,5,아래,손절불가,뒤 절반,9,-17.24,-1.92,22.22,0.357,73.72,-51.5,0.98,-2.74,7,1.2,-6.2,-13.64,2.42,0,0,7.56,아니오,2018-05-18,2026-05-20,판정 안 함
코스닥150 지수,5,아래,손절불가,최근 10년,10,-19.2,-1.92,20.0,0.37,73.0,-53.0,0.98,-2.64,8,1.2,-6.2,-13.64,2.28,0,0,7.6,예,2017-05-19,2026-05-20,판정 안 함
코스닥150 지수,5,아래,손절불가,최근 5년,5,-14.17,-2.83,20.0,0.201,83.24,-63.24,0.75,-3.73,4,0.75,-6.2,-13.64,2.74,0,0,7.4,아니오,2022-05-20,2026-05-20,판정 안 함
코스닥150 지수,5,위,손절불가,전체,17,30.38,1.79,82.35,1.904,34.44,47.91,2.45,-1.28,3,6.2,-1.9,-5.58,2.19,0,0,7.47,예,2010-05-20,2026-05-20,판정 안 함
코스닥150 지수,5,위,손절불가,앞 절반,8,13.14,1.64,87.5,1.132,46.9,40.6,2.15,-1.9,1,5.17,-1.9,-5.58,2.05,0,0,7.38,아니오,2010-05-20,2017-05-19,판정 안 함
코스닥150 지수,5,위,손절불가,뒤 절반,9,17.24,1.92,77.78,2.804,26.28,51.5,2.74,-0.98,2,6.2,-1.2,-2.59,2.42,0,0,7.56,아니오,2018-05-18,2026-05-20,판정 안 함
코스닥150 지수,5,위,손절불가,최근 10년,10,19.2,1.92,80.0,2.704,27.0,53.0,2.64,-0.98,2,6.2,-1.2,-2.59,2.28,0,0,7.6,예,2017-05-19,2026-05-20,판정 안 함
코스닥150 지수,5,위,손절불가,최근 5년,5,14.17,2.83,80.0,4.967,16.76,63.24,3.73,-0.75,1,6.2,-0.75,-2.26,2.74,0,0,7.4,아니오,2022-05-20,2026-05-20,판정 안 함
코스닥150 지수,6,아래,손절불가,전체,17,16.31,0.96,58.82,2.038,32.91,25.91,2.48,-1.22,7,7.52,-5.62,-5.62,2.75,0,0,7.12,예,2010-06-18,2026-06-19,판정 안 함
코스닥150 지수,6,아래,손절불가,앞 절반,8,-5.26,-0.66,37.5,0.483,67.41,-29.91,0.72,-1.48,5,1.24,-5.62,-5.62,2.12,0,0,7.25,아니오,2010-06-18,2017-06-20,판정 안 함
코스닥150 지수,6,아래,손절불가,뒤 절반,9,21.57,2.4,77.78,5.762,14.79,62.99,3.24,-0.56,2,7.52,-1.11,-2.8,2.49,0,0,7.0,아니오,2018-06-20,2026-06-19,판정 안 함
코스닥150 지수,6,아래,손절불가,최근 10년,10,21.43,2.14,70.0,7.717,11.47,58.53,3.24,-0.42,3,7.52,-1.11,-2.8,2.48,0,0,7.1,예,2017-06-20,2026-06-19,판정 안 함
코스닥150 지수,6,아래,손절불가,최근 5년,5,13.2,2.64,100.0,,,,2.64,,0,4.02,1.48,-1.43,1.11,0,0,7.0,아니오,2022-06-20,2026-06-19,판정 안 함
코스닥150 지수,6,위,손절불가,전체,17,-16.31,-0.96,41.18,0.491,67.09,-25.91,1.22,-2.48,10,5.62,-7.52,-10.54,2.75,0,0,7.12,예,2010-06-18,2026-06-19,판정 안 함
코스닥150 지수,6,위,손절불가,앞 절반,8,5.26,0.66,62.5,2.069,32.59,29.91,1.48,-0.72,3,5.62,-1.24,-7.82,2.12,0,0,7.25,아니오,2010-06-18,2017-06-20,판정 안 함
코스닥150 지수,6,위,손절불가,뒤 절반,9,-21.57,-2.4,22.22,0.174,85.21,-62.99,0.56,-3.24,7,1.11,-7.52,-10.54,2.49,0,0,7.0,아니오,2018-06-20,2026-06-19,판정 안 함
코스닥150 지수,6,위,손절불가,최근 10년,10,-21.43,-2.14,30.0,0.13,88.53,-58.53,0.42,-3.24,7,1.11,-7.52,-10.54,2.48,0,0,7.1,예,2017-06-20,2026-06-19,판정 안 함
코스닥150 지수,6,위,손절불가,최근 5년,5,-13.2,-2.64,0.0,0.0,100.0,-100.0,,-2.64,5,-1.48,-4.02,-10.54,1.11,0,0,7.0,아니오,2022-06-20,2026-06-19,판정 안 함
코스닥150 지수,7,아래,손절불가,전체,17,29.76,1.75,70.59,1.207,45.3,25.29,3.79,-3.14,5,8.22,-4.51,-5.72,3.74,0,0,7.88,예,2010-07-20,2026-07-20,판정 안 함
코스닥150 지수,7,아래,손절불가,앞 절반,8,17.43,2.18,75.0,1.384,41.94,33.06,3.83,-2.76,2,8.22,-3.9,-3.9,3.78,0,0,7.75,아니오,2010-07-20,2017-07-20,판정 안 함
코스닥150 지수,7,아래,손절불가,뒤 절반,9,12.33,1.37,66.67,1.107,47.46,19.21,3.75,-3.39,3,6.23,-4.51,-5.72,3.89,0,0,8.0,아니오,2018-07-20,2026-07-20,판정 안 함
코스닥150 지수,7,아래,손절불가,최근 10년,10,15.83,1.58,70.0,1.096,47.7,22.3,3.71,-3.39,3,6.23,-4.51,-5.72,3.73,0,0,7.9,예,2017-07-20,2026-07-20,판정 안 함
코스닥150 지수,7,아래,손절불가,최근 5년,5,4.28,0.86,60.0,1.172,46.05,13.95,3.31,-2.83,2,4.72,-4.2,-5.72,3.62,0,0,8.0,아니오,2022-07-20,2026-07-20,판정 안 함
코스닥150 지수,7,위,손절불가,전체,17,-29.76,-1.75,29.41,0.828,54.7,-25.29,3.14,-3.79,12,4.51,-8.22,-15.87,3.74,0,0,7.88,예,2010-07-20,2026-07-20,판정 안 함
코스닥150 지수,7,위,손절불가,앞 절반,8,-17.43,-2.18,25.0,0.722,58.06,-33.06,2.76,-3.83,6,3.9,-8.22,-10.11,3.78,0,0,7.75,아니오,2010-07-20,2017-07-20,판정 안 함
코스닥150 지수,7,위,손절불가,뒤 절반,9,-12.33,-1.37,33.33,0.903,52.54,-19.21,3.39,-3.75,6,4.51,-6.23,-15.87,3.89,0,0,8.0,아니오,2018-07-20,2026-07-20,판정 안 함
코스닥150 지수,7,위,손절불가,최근 10년,10,-15.83,-1.58,30.0,0.912,52.3,-22.3,3.39,-3.71,7,4.51,-6.23,-15.87,3.73,0,0,7.9,예,2017-07-20,2026-07-20,판정 안 함
코스닥150 지수,7,위,손절불가,최근 5년,5,-4.28,-0.86,40.0,0.853,53.95,-13.95,2.83,-3.31,3,4.2,-4.72,-15.87,3.62,0,0,8.0,아니오,2022-07-20,2026-07-20,판정 안 함
코스닥150 지수,8,아래,손절불가,전체,17,-30.1,-1.77,35.29,0.688,59.25,-23.96,3.01,-4.38,11,5.61,-8.65,-8.65,4.27,0,0,7.82,예,2010-08-20,2026-08-20,판정 안 함
코스닥150 지수,8,아래,손절불가,앞 절반,8,-3.2,-0.4,37.5,1.338,42.77,-5.27,4.35,-3.25,5,5.61,-4.89,-5.26,4.16,0,0,7.88,아니오,2010-08-20,2017-08-18,판정 안 함
코스닥150 지수,8,아래,손절불가,뒤 절반,9,-26.9,-2.99,33.33,0.315,76.03,-42.7,1.68,-5.32,6,2.0,-8.65,-8.65,4.22,0,0,7.78,아니오,2018-08-20,2026-08-20,판정 안 함
코스닥150 지수,8,아래,손절불가,최근 10년,10,-29.69,-2.97,30.0,0.338,74.73,-44.73,1.68,-4.96,7,2.0,-8.65,-8.65,3.98,0,0,7.9,예,2017-08-18,2026-08-20,판정 안 함
코스닥150 지수,8,아래,손절불가,최근 5년,5,-2.02,-0.4,60.0,0.476,67.77,-7.77,1.68,-3.53,2,2.0,-5.46,-5.46,3.18,0,0,7.8,아니오,2022-08-19,2026-08-20,판정 안 함
코스닥150 지수,8,위,손절불가,전체,17,30.1,1.77,64.71,1.454,40.75,23.96,4.38,-3.01,6,8.65,-5.61,-5.91,4.27,0,0,7.82,예,2010-08-20,2026-08-20,판정 안 함
코스닥150 지수,8,위,손절불가,앞 절반,8,3.2,0.4,62.5,0.747,57.23,5.27,3.25,-4.35,3,4.89,-5.61,-5.91,4.16,0,0,7.88,아니오,2010-08-20,2017-08-18,판정 안 함
코스닥150 지수,8,위,손절불가,뒤 절반,9,26.9,2.99,66.67,3.172,23.97,42.7,5.32,-1.68,3,8.65,-2.0,-5.34,4.22,0,0,7.78,아니오,2018-08-20,2026-08-20,판정 안 함
코스닥150 지수,8,위,손절불가,최근 10년,10,29.69,2.97,70.0,2.957,25.27,44.73,4.96,-1.68,3,8.65,-2.0,-5.34,3.98,0,0,7.9,예,2017-08-18,2026-08-20,판정 안 함
코스닥150 지수,8,위,손절불가,최근 5년,5,2.02,0.4,40.0,2.103,32.23,7.77,3.53,-1.68,3,5.46,-2.0,-5.34,3.18,0,0,7.8,아니오,2022-08-19,2026-08-20,판정 안 함
코스닥150 지수,9,아래,손절불가,전체,16,35.69,2.23,75.0,2.021,33.1,41.9,3.56,-1.76,4,10.42,-2.89,-4.53,3.44,0,0,6.31,예,2010-09-20,2025-09-19,판정 안 함
코스닥150 지수,9,아래,손절불가,앞 절반,8,4.87,0.61,75.0,0.651,60.57,14.43,1.66,-2.55,2,3.82,-2.89,-2.89,2.28,0,0,6.62,아니오,2010-09-20,2017-09-20,판정 안 함
코스닥150 지수,9,아래,손절불가,뒤 절반,8,30.82,3.85,75.0,5.623,15.1,59.9,5.46,-0.97,2,10.42,-1.84,-4.53,3.76,0,0,6.0,아니오,2018-09-20,2025-09-19,판정 안 함
코스닥150 지수,9,아래,손절불가,최근 10년,10,32.09,3.21,80.0,4.38,18.59,61.41,4.25,-0.97,2,10.42,-1.84,-4.53,3.59,0,0,6.3,예,2016-09-20,2025-09-19,판정 안 함
코스닥150 지수,9,아래,손절불가,최근 5년,5,19.9,3.98,80.0,2.955,25.28,54.72,5.44,-1.84,1,10.42,-1.84,-4.53,4.41,0,0,6.4,아니오,2021-09-17,2025-09-19,판정 안 함
코스닥150 지수,9,위,손절불가,전체,16,-35.69,-2.23,25.0,0.495,66.9,-41.9,1.76,-3.56,12,2.89,-10.42,-12.76,3.44,0,0,6.31,예,2010-09-20,2025-09-19,판정 안 함
코스닥150 지수,9,위,손절불가,앞 절반,8,-4.87,-0.61,25.0,1.536,39.43,-14.43,2.55,-1.66,6,2.89,-3.82,-12.76,2.28,0,0,6.62,아니오,2010-09-20,2017-09-20,판정 안 함
코스닥150 지수,9,위,손절불가,뒤 절반,8,-30.82,-3.85,25.0,0.178,84.9,-59.9,0.97,-5.46,6,1.84,-10.42,-10.42,3.76,0,0,6.0,아니오,2018-09-20,2025-09-19,판정 안 함
코스닥150 지수,9,위,손절불가,최근 10년,10,-32.09,-3.21,20.0,0.228,81.41,-61.41,0.97,-4.25,8,1.84,-10.42,-10.42,3.59,0,0,6.3,예,2016-09-20,2025-09-19,판정 안 함
코스닥150 지수,9,위,손절불가,최근 5년,5,-19.9,-3.98,20.0,0.338,74.72,-54.72,1.84,-5.44,4,1.84,-10.42,-10.42,4.41,0,0,6.4,아니오,2021-09-17,2025-09-19,판정 안 함
코스닥150 지수,10,아래,손절불가,전체,16,3.13,0.2,43.75,1.449,40.83,2.92,3.96,-2.73,9,11.76,-5.16,-7.0,4.48,0,0,7.88,예,2010-10-20,2025-10-20,판정 안 함
코스닥150 지수,10,아래,손절불가,앞 절반,8,-4.38,-0.55,37.5,0.924,51.96,-14.46,1.82,-1.97,5,3.18,-4.07,-6.29,2.48,0,0,7.75,아니오,2010-10-20,2017-10-20,판정 안 함
코스닥150 지수,10,아래,손절불가,뒤 절반,8,7.5,0.94,50.0,1.508,39.87,10.13,5.56,-3.69,4,11.76,-5.16,-7.0,5.96,0,0,8.0,아니오,2018-10-19,2025-10-20,판정 안 함
코스닥150 지수,10,아래,손절불가,최근 10년,10,6.96,0.7,50.0,1.377,42.08,7.92,5.09,-3.7,5,11.76,-5.16,-7.0,5.53,0,0,7.8,예,2016-10-20,2025-10-20,판정 안 함
코스닥150 지수,10,아래,손절불가,최근 5년,5,-3.02,-0.6,40.0,1.027,49.32,-9.32,3.29,-3.2,3,5.5,-4.72,-4.9,4.3,0,0,7.8,아니오,2021-10-20,2025-10-20,판정 안 함
코스닥150 지수,10,위,손절불가,전체,16,-3.13,-0.2,56.25,0.69,59.17,-2.92,2.73,-3.96,7,5.16,-11.76,-12.52,4.48,0,0,7.88,예,2010-10-20,2025-10-20,판정 안 함
코스닥150 지수,10,위,손절불가,앞 절반,8,4.38,0.55,62.5,1.082,48.04,14.46,1.97,-1.82,3,4.07,-3.18,-4.43,2.48,0,0,7.75,아니오,2010-10-20,2017-10-20,판정 안 함
코스닥150 지수,10,위,손절불가,뒤 절반,8,-7.5,-0.94,50.0,0.663,60.13,-10.13,3.69,-5.56,4,5.16,-11.76,-12.52,5.96,0,0,8.0,아니오,2018-10-19,2025-10-20,판정 안 함
코스닥150 지수,10,위,손절불가,최근 10년,10,-6.96,-0.7,50.0,0.726,57.92,-7.92,3.7,-5.09,5,5.16,-11.76,-12.52,5.53,0,0,7.8,예,2016-10-20,2025-10-20,판정 안 함
코스닥150 지수,10,위,손절불가,최근 5년,5,3.02,0.6,60.0,0.973,50.68,9.32,3.2,-3.29,2,4.72,-5.5,-5.5,4.3,0,0,7.8,아니오,2021-10-20,2025-10-20,판정 안 함
코스닥150 지수,11,아래,손절불가,전체,16,15.72,0.98,50.0,2.273,30.55,19.45,3.51,-1.54,8,6.17,-2.96,-2.96,2.94,0,0,7.19,예,2010-11-19,2025-11-20,판정 안 함
코스닥150 지수,11,아래,손절불가,앞 절반,8,9.71,1.21,50.0,2.987,25.08,24.92,3.65,-1.22,4,5.49,-2.96,-2.96,2.91,0,0,7.25,아니오,2010-11-19,2017-11-20,판정 안 함
코스닥150 지수,11,아래,손절불가,뒤 절반,8,6.0,0.75,50.0,1.805,35.65,14.35,3.36,-1.86,4,6.17,-2.82,-2.82,3.15,0,0,7.12,아니오,2018-11-20,2025-11-20,판정 안 함
코스닥150 지수,11,아래,손절불가,최근 10년,10,14.82,1.48,60.0,1.992,33.42,26.58,3.71,-1.86,4,6.17,-2.82,-2.82,3.22,0,0,7.3,예,2016-11-18,2025-11-20,판정 안 함
코스닥150 지수,11,아래,손절불가,최근 5년,5,5.84,1.17,60.0,1.608,38.34,21.66,3.32,-2.07,2,6.17,-2.82,-2.82,3.5,0,0,7.2,아니오,2021-11-19,2025-11-20,판정 안 함
코스닥150 지수,11,위,손절불가,전체,16,-15.72,-0.98,50.0,0.44,69.45,-19.45,1.54,-3.51,8,2.96,-6.17,-6.17,2.94,0,0,7.19,예,2010-11-19,2025-11-20,판정 안 함
코스닥150 지수,11,위,손절불가,앞 절반,8,-9.71,-1.21,50.0,0.335,74.92,-24.92,1.22,-3.65,4,2.96,-5.49,-5.49,2.91,0,0,7.25,아니오,2010-11-19,2017-11-20,판정 안 함
코스닥150 지수,11,위,손절불가,뒤 절반,8,-6.0,-0.75,50.0,0.554,64.35,-14.35,1.86,-3.36,4,2.82,-6.17,-6.17,3.15,0,0,7.12,아니오,2018-11-20,2025-11-20,판정 안 함
코스닥150 지수,11,위,손절불가,최근 10년,10,-14.82,-1.48,40.0,0.502,66.58,-26.58,1.86,-3.71,6,2.82,-6.17,-6.17,3.22,0,0,7.3,예,2016-11-18,2025-11-20,판정 안 함
코스닥150 지수,11,위,손절불가,최근 5년,5,-5.84,-1.17,40.0,0.622,61.66,-21.66,2.07,-3.32,3,2.82,-6.17,-6.17,3.5,0,0,7.2,아니오,2021-11-19,2025-11-20,판정 안 함
코스닥150 지수,12,아래,손절불가,전체,16,-42.8,-2.67,12.5,0.491,67.08,-54.58,1.61,-3.29,14,3.09,-9.94,-9.94,2.75,0,0,6.12,예,2010-12-20,2025-12-19,판정 안 함
코스닥150 지수,12,아래,손절불가,앞 절반,8,-29.25,-3.66,0.0,0.0,100.0,-100.0,,-3.66,8,-1.13,-9.94,-9.94,2.74,0,0,6.25,아니오,2010-12-20,2017-12-20,판정 안 함
코스닥150 지수,12,아래,손절불가,뒤 절반,8,-13.55,-1.69,25.0,0.577,63.41,-38.41,1.61,-2.8,6,3.09,-5.04,-5.04,2.54,0,0,6.0,아니오,2018-12-20,2025-12-19,판정 안 함
코스닥150 지수,12,아래,손절불가,최근 10년,10,-26.62,-2.66,20.0,0.432,69.81,-49.81,1.61,-3.73,8,3.09,-9.94,-9.94,3.43,0,0,6.0,예,2016-12-20,2025-12-19,판정 안 함
코스닥150 지수,12,아래,손절불가,최근 5년,5,-4.35,-0.87,40.0,0.639,61.02,-21.02,1.61,-2.53,3,3.09,-3.78,-4.82,2.71,0,0,6.2,아니오,2021-12-20,2025-12-19,판정 안 함
코스닥150 지수,12,위,손절불가,전체,16,42.8,2.67,87.5,2.038,32.92,54.58,3.29,-1.61,2,9.94,-3.09,-3.09,2.75,0,0,6.12,예,2010-12-20,2025-12-19,판정 안 함
코스닥150 지수,12,위,손절불가,앞 절반,8,29.25,3.66,100.0,,,,3.66,,0,9.94,1.13,-2.76,2.74,0,0,6.25,아니오,2010-12-20,2017-12-20,판정 안 함
코스닥150 지수,12,위,손절불가,뒤 절반,8,13.55,1.69,75.0,1.733,36.59,38.41,2.8,-1.61,2,5.04,-3.09,-3.09,2.54,0,0,6.0,아니오,2018-12-20,2025-12-19,판정 안 함
코스닥150 지수,12,위,손절불가,최근 10년,10,26.62,2.66,80.0,2.312,30.19,49.81,3.73,-1.61,2,9.94,-3.09,-3.09,3.43,0,0,6.0,예,2016-12-20,2025-12-19,판정 안 함
코스닥150 지수,12,위,손절불가,최근 5년,5,4.35,0.87,60.0,1.565,38.98,21.02,2.53,-1.61,2,3.78,-3.09,-3.09,2.71,0,0,6.2,아니오,2021-12-20,2025-12-19,판정 안 함
코스닥 종합지수,1,아래,손절불가,전체,30,-4.46,-0.15,43.33,1.216,45.14,-1.81,4.52,-3.72,17,8.95,-17.73,-19.26,5.71,0,0,7.07,예,1997-01-20,2026-01-20,판정 안 함
코스닥 종합지수,1,아래,손절불가,앞 절반,15,-1.5,-0.1,40.0,1.429,41.17,-1.17,5.02,-3.51,9,8.74,-9.26,-11.07,5.48,0,0,7.2,예,1997-01-20,2011-01-20,판정 안 함
코스닥 종합지수,1,아래,손절불가,뒤 절반,15,-2.96,-0.2,46.67,1.036,49.12,-2.45,4.1,-3.95,8,8.95,-17.73,-19.26,6.13,0,0,6.93,예,2012-01-20,2026-01-20,판정 안 함
코스닥 종합지수,1,아래,손절불가,최근 10년,10,-1.64,-0.16,50.0,0.941,51.52,-1.52,5.21,-5.54,5,8.95,-17.73,-19.26,7.57,0,0,6.8,예,2017-01-20,2026-01-20,판정 안 함
코스닥 종합지수,1,아래,손절불가,최근 5년,5,-6.84,-1.37,40.0,1.01,49.75,-9.75,7.05,-6.98,3,8.95,-17.73,-19.26,10.26,0,0,6.4,아니오,2022-01-20,2026-01-20,판정 안 함
코스닥 종합지수,1,위,손절불가,전체,30,4.46,0.15,56.67,0.823,54.86,1.81,3.72,-4.52,13,17.73,-8.95,-11.42,5.71,0,0,7.07,예,1997-01-20,2026-01-20,판정 안 함
코스닥 종합지수,1,위,손절불가,앞 절반,15,1.5,0.1,60.0,0.7,58.83,1.17,3.51,-5.02,6,9.26,-8.74,-10.16,5.48,0,0,7.2,예,1997-01-20,2011-01-20,판정 안 함
코스닥 종합지수,1,위,손절불가,뒤 절반,15,2.96,0.2,53.33,0.965,50.88,2.45,3.95,-4.1,7,17.73,-8.95,-11.42,6.13,0,0,6.93,예,2012-01-20,2026-01-20,판정 안 함
코스닥 종합지수,1,위,손절불가,최근 10년,10,1.64,0.16,50.0,1.063,48.48,1.52,5.54,-5.21,5,17.73,-8.95,-11.42,7.57,0,0,6.8,예,2017-01-20,2026-01-20,판정 안 함
코스닥 종합지수,1,위,손절불가,최근 5년,5,6.84,1.37,60.0,0.99,50.25,9.75,6.98,-7.05,2,17.73,-8.95,-11.42,10.26,0,0,6.4,아니오,2022-01-20,2026-01-20,판정 안 함
코스닥 종합지수,2,아래,손절불가,전체,30,30.33,1.01,56.67,1.719,36.78,19.89,3.21,-1.87,13,12.42,-4.39,-4.39,3.75,0,0,5.97,예,1997-02-20,2026-02-20,판정 안 함
코스닥 종합지수,2,아래,손절불가,앞 절반,15,16.58,1.11,60.0,1.454,40.76,19.24,3.4,-2.34,6,12.42,-4.39,-4.39,4.14,0,0,6.0,예,1997-02-20,2011-02-18,판정 안 함
코스닥 종합지수,2,아래,손절불가,뒤 절반,15,13.75,0.92,53.33,2.047,32.82,20.51,3.0,-1.47,7,10.41,-3.36,-3.36,3.45,0,0,5.93,예,2012-02-20,2026-02-20,판정 안 함
코스닥 종합지수,2,아래,손절불가,최근 10년,10,20.3,2.03,80.0,1.62,38.16,41.84,3.0,-1.85,2,10.41,-3.36,-3.36,3.74,0,0,5.9,예,2017-02-20,2026-02-20,판정 안 함
코스닥 종합지수,2,아래,손절불가,최근 5년,5,-0.1,-0.02,60.0,0.649,60.63,-0.63,1.2,-1.85,2,3.16,-3.36,-3.36,2.32,0,0,6.0,아니오,2022-02-18,2026-02-20,판정 안 함
코스닥 종합지수,2,위,손절불가,전체,30,-30.33,-1.01,43.33,0.582,63.22,-19.89,1.87,-3.21,17,4.39,-12.42,-12.42,3.75,0,0,5.97,예,1997-02-20,2026-02-20,판정 안 함
코스닥 종합지수,2,위,손절불가,앞 절반,15,-16.58,-1.11,40.0,0.688,59.24,-19.24,2.34,-3.4,9,4.39,-12.42,-12.42,4.14,0,0,6.0,예,1997-02-20,2011-02-18,판정 안 함
코스닥 종합지수,2,위,손절불가,뒤 절반,15,-13.75,-0.92,46.67,0.488,67.18,-20.51,1.47,-3.0,8,3.36,-10.41,-10.41,3.45,0,0,5.93,예,2012-02-20,2026-02-20,판정 안 함
코스닥 종합지수,2,위,손절불가,최근 10년,10,-20.3,-2.03,20.0,0.617,61.84,-41.84,1.85,-3.0,8,3.36,-10.41,-10.41,3.74,0,0,5.9,예,2017-02-20,2026-02-20,판정 안 함
코스닥 종합지수,2,위,손절불가,최근 5년,5,0.1,0.02,40.0,1.54,39.37,0.63,1.85,-1.2,3,3.36,-3.16,-3.8,2.32,0,0,6.0,아니오,2022-02-18,2026-02-20,판정 안 함
코스닥 종합지수,3,아래,손절불가,전체,30,-21.3,-0.71,43.33,0.868,53.52,-10.19,3.24,-3.73,17,9.4,-21.66,-21.66,5.4,0,0,7.93,예,1997-03-20,2026-03-20,판정 안 함
코스닥 종합지수,3,아래,손절불가,앞 절반,15,-10.24,-0.68,40.0,0.928,51.85,-11.85,2.77,-2.99,9,4.14,-6.19,-6.63,3.51,0,0,8.13,예,1997-03-20,2011-03-18,판정 안 함
코스닥 종합지수,3,아래,손절불가,뒤 절반,15,-11.07,-0.74,46.67,0.797,55.65,-8.98,3.64,-4.57,8,9.4,-21.66,-21.66,6.92,0,0,7.73,예,2012-03-20,2026-03-20,판정 안 함
코스닥 종합지수,3,아래,손절불가,최근 10년,10,-11.82,-1.18,40.0,0.968,50.81,-10.81,5.38,-5.55,6,9.4,-21.66,-21.66,8.5,0,0,7.8,예,2017-03-20,2026-03-20,판정 안 함
코스닥 종합지수,3,아래,손절불가,최근 5년,5,7.05,1.41,40.0,2.605,27.74,12.26,8.3,-3.19,3,9.4,-5.65,-6.02,6.52,0,0,7.8,아니오,2022-03-18,2026-03-20,판정 안 함
코스닥 종합지수,3,위,손절불가,전체,30,21.3,0.71,56.67,1.152,46.48,10.19,3.73,-3.24,13,21.66,-9.4,-9.4,5.4,0,0,7.93,예,1997-03-20,2026-03-20,판정 안 함
코스닥 종합지수,3,위,손절불가,앞 절반,15,10.24,0.68,60.0,1.077,48.15,11.85,2.99,-2.77,6,6.19,-4.14,-5.0,3.51,0,0,8.13,예,1997-03-20,2011-03-18,판정 안 함
코스닥 종합지수,3,위,손절불가,뒤 절반,15,11.07,0.74,53.33,1.255,44.35,8.98,4.57,-3.64,7,21.66,-9.4,-9.4,6.92,0,0,7.73,예,2012-03-20,2026-03-20,판정 안 함
코스닥 종합지수,3,위,손절불가,최근 10년,10,11.82,1.18,60.0,1.033,49.19,10.81,5.55,-5.38,4,21.66,-9.4,-9.4,8.5,0,0,7.8,예,2017-03-20,2026-03-20,판정 안 함
코스닥 종합지수,3,위,손절불가,최근 5년,5,-7.05,-1.41,60.0,0.384,72.26,-12.26,3.19,-8.3,2,5.65,-9.4,-9.4,6.52,0,0,7.8,아니오,2022-03-18,2026-03-20,판정 안 함
코스닥 종합지수,4,아래,손절불가,전체,30,37.37,1.25,66.67,1.145,46.61,20.06,3.32,-2.9,10,14.6,-7.44,-7.44,4.12,0,0,7.23,예,1997-04-19,2026-04-20,판정 안 함
코스닥 종합지수,4,아래,손절불가,앞 절반,15,23.07,1.54,60.0,1.478,40.36,19.64,4.67,-3.16,6,14.6,-7.44,-7.44,5.27,0,0,7.4,예,1997-04-19,2011-04-20,판정 안 함
코스닥 종합지수,4,아래,손절불가,뒤 절반,15,14.31,0.95,73.33,0.884,53.07,20.26,2.21,-2.5,4,4.84,-4.14,-4.97,2.66,0,0,7.07,예,2012-04-20,2026-04-20,판정 안 함
코스닥 종합지수,4,아래,손절불가,최근 10년,10,10.06,1.01,70.0,1.165,46.18,23.82,2.27,-1.95,3,4.84,-3.21,-4.37,2.6,0,0,7.0,예,2017-04-20,2026-04-20,판정 안 함
코스닥 종합지수,4,아래,손절불가,최근 5년,5,2.82,0.56,60.0,1.067,48.39,11.61,2.51,-2.35,2,4.84,-3.21,-4.37,3.21,0,0,7.2,아니오,2022-04-20,2026-04-20,판정 안 함
코스닥 종합지수,4,위,손절불가,전체,30,-37.37,-1.25,33.33,0.873,53.39,-20.06,2.9,-3.32,20,7.44,-14.6,-14.6,4.12,0,0,7.23,예,1997-04-19,2026-04-20,판정 안 함
코스닥 종합지수,4,위,손절불가,앞 절반,15,-23.07,-1.54,40.0,0.677,59.64,-19.64,3.16,-4.67,9,7.44,-14.6,-14.6,5.27,0,0,7.4,예,1997-04-19,2011-04-20,판정 안 함
코스닥 종합지수,4,위,손절불가,뒤 절반,15,-14.31,-0.95,26.67,1.131,46.93,-20.26,2.5,-2.21,11,4.14,-4.84,-6.24,2.66,0,0,7.07,예,2012-04-20,2026-04-20,판정 안 함
코스닥 종합지수,4,위,손절불가,최근 10년,10,-10.06,-1.01,30.0,0.858,53.82,-23.82,1.95,-2.27,7,3.21,-4.84,-6.24,2.6,0,0,7.0,예,2017-04-20,2026-04-20,판정 안 함
코스닥 종합지수,4,위,손절불가,최근 5년,5,-2.82,-0.56,40.0,0.938,51.61,-11.61,2.35,-2.51,3,3.21,-4.84,-6.24,3.21,0,0,7.2,아니오,2022-04-20,2026-04-20,판정 안 함
코스닥 종합지수,5,아래,손절불가,전체,30,-38.42,-1.28,30.0,1.106,47.49,-17.49,3.85,-3.48,21,12.06,-16.93,-16.93,5.08,0,0,7.67,예,1997-05-20,2026-05-20,판정 안 함
코스닥 종합지수,5,아래,손절불가,앞 절반,15,-18.54,-1.24,40.0,0.956,51.11,-11.11,5.44,-5.68,9,12.06,-16.93,-16.93,7.16,0,0,7.73,예,1997-05-20,2011-05-20,판정 안 함
코스닥 종합지수,5,아래,손절불가,뒤 절반,15,-19.88,-1.33,20.0,0.365,73.26,-53.26,0.67,-1.82,12,0.84,-5.18,-11.03,1.48,0,0,7.6,예,2012-05-18,2026-05-20,판정 안 함
코스닥 종합지수,5,아래,손절불가,최근 10년,10,-10.56,-1.06,20.0,0.537,65.07,-45.07,0.82,-1.52,8,0.84,-2.63,-11.03,1.11,0,0,7.6,예,2017-05-19,2026-05-20,판정 안 함
코스닥 종합지수,5,아래,손절불가,최근 5년,5,-6.9,-1.38,20.0,0.433,69.78,-49.78,0.84,-1.94,4,0.84,-2.63,-11.03,1.31,0,0,7.4,아니오,2022-05-20,2026-05-20,판정 안 함
코스닥 종합지수,5,위,손절불가,전체,30,38.42,1.28,70.0,0.904,52.51,17.49,3.48,-3.85,9,16.93,-12.06,-14.47,5.08,0,0,7.67,예,1997-05-20,2026-05-20,판정 안 함
코스닥 종합지수,5,위,손절불가,앞 절반,15,18.54,1.24,60.0,1.046,48.89,11.11,5.68,-5.44,6,16.93,-12.06,-14.47,7.16,0,0,7.73,예,1997-05-20,2011-05-20,판정 안 함
코스닥 종합지수,5,위,손절불가,뒤 절반,15,19.88,1.33,80.0,2.74,26.74,53.26,1.82,-0.67,3,5.18,-0.84,-2.34,1.48,0,0,7.6,예,2012-05-18,2026-05-20,판정 안 함
코스닥 종합지수,5,위,손절불가,최근 10년,10,10.56,1.06,80.0,1.863,34.93,45.07,1.52,-0.82,2,2.63,-0.84,-2.34,1.11,0,0,7.6,예,2017-05-19,2026-05-20,판정 안 함
코스닥 종합지수,5,위,손절불가,최근 5년,5,6.9,1.38,80.0,2.309,30.22,49.78,1.94,-0.84,1,2.63,-0.84,-1.78,1.31,0,0,7.4,아니오,2022-05-20,2026-05-20,판정 안 함
코스닥 종합지수,6,아래,손절불가,전체,30,27.1,0.9,66.67,1.033,49.18,17.49,2.63,-2.54,10,7.48,-4.88,-6.75,3.05,0,0,7.2,예,1997-06-20,2026-06-19,판정 안 함
코스닥 종합지수,6,아래,손절불가,앞 절반,15,5.97,0.4,60.0,0.853,53.96,6.04,3.03,-3.55,6,7.48,-4.88,-6.75,3.79,0,0,7.4,예,1997-06-20,2011-06-20,판정 안 함
코스닥 종합지수,6,아래,손절불가,뒤 절반,15,21.13,1.41,73.33,2.239,30.88,42.45,2.29,-1.02,4,5.22,-1.69,-3.25,2.09,0,0,7.0,예,2012-06-20,2026-06-19,판정 안 함
코스닥 종합지수,6,아래,손절불가,최근 10년,10,20.59,2.06,90.0,1.762,36.21,53.79,2.44,-1.39,1,5.22,-1.39,-2.35,2.09,0,0,7.1,예,2017-06-20,2026-06-19,판정 안 함
코스닥 종합지수,6,아래,손절불가,최근 5년,5,13.7,2.74,100.0,,,,2.74,,0,5.22,1.27,-1.19,1.54,0,0,7.0,아니오,2022-06-20,2026-06-19,판정 안 함
코스닥 종합지수,6,위,손절불가,전체,30,-27.1,-0.9,33.33,0.968,50.82,-17.49,2.54,-2.63,20,4.88,-7.48,-13.9,3.05,0,0,7.2,예,1997-06-20,2026-06-19,판정 안 함
코스닥 종합지수,6,위,손절불가,앞 절반,15,-5.97,-0.4,40.0,1.172,46.04,-6.04,3.55,-3.03,9,4.88,-7.48,-13.9,3.79,0,0,7.4,예,1997-06-20,2011-06-20,판정 안 함
코스닥 종합지수,6,위,손절불가,뒤 절반,15,-21.13,-1.41,26.67,0.447,69.12,-42.45,1.02,-2.29,11,1.69,-5.22,-11.92,2.09,0,0,7.0,예,2012-06-20,2026-06-19,판정 안 함
코스닥 종합지수,6,위,손절불가,최근 10년,10,-20.59,-2.06,10.0,0.568,63.79,-53.79,1.39,-2.44,9,1.39,-5.22,-11.92,2.09,0,0,7.1,예,2017-06-20,2026-06-19,판정 안 함
코스닥 종합지수,6,위,손절불가,최근 5년,5,-13.7,-2.74,0.0,0.0,100.0,-100.0,,-2.74,5,-1.27,-5.22,-11.92,1.54,0,0,7.0,아니오,2022-06-20,2026-06-19,판정 안 함
코스닥 종합지수,7,아래,손절불가,전체,31,53.33,1.72,58.06,2.135,31.89,26.17,4.48,-2.1,13,10.17,-4.79,-5.42,3.9,0,0,8.03,예,1996-07-20,2026-07-20,판정 안 함
코스닥 종합지수,7,아래,손절불가,앞 절반,15,26.83,1.79,53.33,2.287,30.43,22.9,5.43,-2.38,7,10.17,-4.79,-4.98,4.6,0,0,8.2,예,1996-07-20,2010-07-20,판정 안 함
코스닥 종합지수,7,아래,손절불가,뒤 절반,16,26.5,1.66,62.5,2.096,32.29,30.21,3.71,-1.77,6,7.36,-4.26,-5.42,3.25,0,0,7.88,예,2011-07-20,2026-07-20,판정 안 함
코스닥 종합지수,7,아래,손절불가,최근 10년,10,16.18,1.62,70.0,1.518,39.72,30.28,3.22,-2.12,3,6.51,-4.26,-5.42,3.1,0,0,7.9,예,2017-07-20,2026-07-20,판정 안 함
코스닥 종합지수,7,아래,손절불가,최근 5년,5,6.85,1.37,60.0,2.841,26.03,33.97,2.98,-1.05,2,3.99,-1.63,-5.42,2.37,0,0,8.0,아니오,2022-07-20,2026-07-20,판정 안 함
코스닥 종합지수,7,위,손절불가,전체,31,-53.33,-1.72,41.94,0.468,68.11,-26.17,2.1,-4.48,18,4.79,-10.17,-14.35,3.9,0,0,8.03,예,1996-07-20,2026-07-20,판정 안 함
코스닥 종합지수,7,위,손절불가,앞 절반,15,-26.83,-1.79,46.67,0.437,69.57,-22.9,2.38,-5.43,8,4.79,-10.17,-14.35,4.6,0,0,8.2,예,1996-07-20,2010-07-20,판정 안 함
코스닥 종합지수,7,위,손절불가,뒤 절반,16,-26.5,-1.66,37.5,0.477,67.71,-30.21,1.77,-3.71,10,4.26,-7.36,-13.99,3.25,0,0,7.88,예,2011-07-20,2026-07-20,판정 안 함
코스닥 종합지수,7,위,손절불가,최근 10년,10,-16.18,-1.62,30.0,0.659,60.28,-30.28,2.12,-3.22,7,4.26,-6.51,-13.99,3.1,0,0,7.9,예,2017-07-20,2026-07-20,판정 안 함
코스닥 종합지수,7,위,손절불가,최근 5년,5,-6.85,-1.37,40.0,0.352,73.97,-33.97,1.05,-2.98,3,1.63,-3.99,-13.99,2.37,0,0,8.0,아니오,2022-07-20,2026-07-20,판정 안 함
코스닥 종합지수,8,아래,손절불가,전체,31,-28.15,-0.91,48.39,0.645,60.78,-12.39,2.87,-4.45,16,9.02,-11.55,-14.98,4.66,0,0,8.0,예,1996-08-20,2026-08-20,판정 안 함
코스닥 종합지수,8,아래,손절불가,앞 절반,15,4.63,0.31,66.67,0.59,62.9,3.77,3.04,-5.15,5,9.02,-11.55,-14.98,5.28,0,0,8.13,예,1996-08-20,2010-08-20,판정 안 함
코스닥 종합지수,8,아래,손절불가,뒤 절반,16,-32.78,-2.05,31.25,0.615,61.92,-30.67,2.54,-4.14,11,4.67,-7.28,-7.28,3.82,0,0,7.88,예,2011-08-19,2026-08-20,판정 안 함
코스닥 종합지수,8,아래,손절불가,최근 10년,10,-27.55,-2.76,30.0,0.307,76.52,-46.52,1.39,-4.53,7,2.51,-7.28,-7.28,3.65,0,0,7.9,예,2017-08-18,2026-08-20,판정 안 함
코스닥 종합지수,8,아래,손절불가,최근 5년,5,-4.13,-0.83,60.0,0.335,74.91,-14.91,1.39,-4.15,2,2.51,-5.82,-5.82,3.33,0,0,7.8,아니오,2022-08-19,2026-08-20,판정 안 함
코스닥 종합지수,8,위,손절불가,전체,31,28.15,0.91,51.61,1.55,39.22,12.39,4.45,-2.87,15,11.55,-9.02,-9.02,4.66,0,0,8.0,예,1996-08-20,2026-08-20,판정 안 함
코스닥 종합지수,8,위,손절불가,앞 절반,15,-4.63,-0.31,33.33,1.695,37.1,-3.77,5.15,-3.04,10,11.55,-9.02,-9.02,5.28,0,0,8.13,예,1996-08-20,2010-08-20,판정 안 함
코스닥 종합지수,8,위,손절불가,뒤 절반,16,32.78,2.05,68.75,1.626,38.08,30.67,4.14,-2.54,5,7.28,-4.67,-6.61,3.82,0,0,7.88,예,2011-08-19,2026-08-20,판정 안 함
코스닥 종합지수,8,위,손절불가,최근 10년,10,27.55,2.76,70.0,3.259,23.48,46.52,4.53,-1.39,3,7.28,-2.51,-4.63,3.65,0,0,7.9,예,2017-08-18,2026-08-20,판정 안 함
코스닥 종합지수,8,위,손절불가,최근 5년,5,4.13,0.83,40.0,2.985,25.09,14.91,4.15,-1.39,3,5.82,-2.51,-4.63,3.33,0,0,7.8,아니오,2022-08-19,2026-08-20,판정 안 함
코스닥 종합지수,9,아래,손절불가,전체,30,65.03,2.17,70.0,1.734,36.58,33.42,4.11,-2.37,9,12.98,-5.22,-5.22,4.29,0,0,6.43,예,1996-09-20,2025-09-19,판정 안 함
코스닥 종합지수,9,아래,손절불가,앞 절반,15,27.59,1.84,66.67,1.328,42.96,23.71,4.42,-3.33,5,12.98,-5.22,-5.22,5.15,0,0,6.47,예,1996-09-20,2010-09-20,판정 안 함
코스닥 종합지수,9,아래,손절불가,뒤 절반,15,37.44,2.5,73.33,3.269,23.42,49.91,3.83,-1.17,4,11.53,-2.08,-4.12,3.39,0,0,6.4,예,2011-09-20,2025-09-19,판정 안 함
코스닥 종합지수,9,아래,손절불가,최근 10년,10,30.66,3.07,70.0,4.522,18.11,51.89,4.84,-1.07,3,11.53,-2.08,-4.12,3.85,0,0,6.3,예,2016-09-20,2025-09-19,판정 안 함
코스닥 종합지수,9,아래,손절불가,최근 5년,5,20.72,4.14,80.0,2.743,26.71,53.29,5.7,-2.08,1,11.53,-2.08,-4.12,4.91,0,0,6.4,아니오,2021-09-17,2025-09-19,판정 안 함
코스닥 종합지수,9,위,손절불가,전체,30,-65.03,-2.17,30.0,0.577,63.42,-33.42,2.37,-4.11,21,5.22,-12.98,-12.98,4.29,0,0,6.43,예,1996-09-20,2025-09-19,판정 안 함
코스닥 종합지수,9,위,손절불가,앞 절반,15,-27.59,-1.84,33.33,0.753,57.04,-23.71,3.33,-4.42,10,5.22,-12.98,-12.98,5.15,0,0,6.47,예,1996-09-20,2010-09-20,판정 안 함
코스닥 종합지수,9,위,손절불가,뒤 절반,15,-37.44,-2.5,26.67,0.306,76.58,-49.91,1.17,-3.83,11,2.08,-11.53,-12.88,3.39,0,0,6.4,예,2011-09-20,2025-09-19,판정 안 함
코스닥 종합지수,9,위,손절불가,최근 10년,10,-30.66,-3.07,30.0,0.221,81.89,-51.89,1.07,-4.84,7,2.08,-11.53,-11.53,3.85,0,0,6.3,예,2016-09-20,2025-09-19,판정 안 함
코스닥 종합지수,9,위,손절불가,최근 5년,5,-20.72,-4.14,20.0,0.365,73.29,-53.29,2.08,-5.7,4,2.08,-11.53,-11.53,4.91,0,0,6.4,아니오,2021-09-17,2025-09-19,판정 안 함
코스닥 종합지수,10,아래,손절불가,전체,30,35.87,1.2,50.0,2.056,32.72,17.28,4.66,-2.26,15,12.76,-4.64,-5.86,4.52,0,0,8.07,예,1996-10-19,2025-10-20,판정 안 함
코스닥 종합지수,10,아래,손절불가,앞 절반,15,21.32,1.42,46.67,2.512,28.47,18.2,5.59,-2.22,8,12.76,-4.64,-4.64,4.93,0,0,8.2,예,1996-10-19,2010-10-20,판정 안 함
코스닥 종합지수,10,아래,손절불가,뒤 절반,15,14.55,0.97,53.33,1.663,37.56,15.77,3.84,-2.31,7,12.4,-4.41,-5.86,4.23,0,0,7.93,예,2011-10-20,2025-10-20,판정 안 함
코스닥 종합지수,10,아래,손절불가,최근 10년,10,17.6,1.76,60.0,1.841,35.19,24.81,4.6,-2.5,4,12.4,-3.16,-3.16,4.8,0,0,7.8,예,2016-10-20,2025-10-20,판정 안 함
코스닥 종합지수,10,아래,손절불가,최근 5년,5,1.58,0.32,60.0,0.878,53.26,6.74,2.2,-2.5,2,4.31,-2.81,-3.14,2.89,0,0,7.8,아니오,2021-10-20,2025-10-20,판정 안 함
코스닥 종합지수,10,위,손절불가,전체,30,-35.87,-1.2,50.0,0.486,67.28,-17.28,2.26,-4.66,15,4.64,-12.76,-26.03,4.52,0,0,8.07,예,1996-10-19,2025-10-20,판정 안 함
코스닥 종합지수,10,위,손절불가,앞 절반,15,-21.32,-1.42,53.33,0.398,71.53,-18.2,2.22,-5.59,7,4.64,-12.76,-26.03,4.93,0,0,8.2,예,1996-10-19,2010-10-20,판정 안 함
코스닥 종합지수,10,위,손절불가,뒤 절반,15,-14.55,-0.97,46.67,0.601,62.44,-15.77,2.31,-3.84,8,4.41,-12.4,-14.96,4.23,0,0,7.93,예,2011-10-20,2025-10-20,판정 안 함
코스닥 종합지수,10,위,손절불가,최근 10년,10,-17.6,-1.76,40.0,0.543,64.81,-24.81,2.5,-4.6,6,3.16,-12.4,-14.96,4.8,0,0,7.8,예,2016-10-20,2025-10-20,판정 안 함
코스닥 종합지수,10,위,손절불가,최근 5년,5,-1.58,-0.32,40.0,1.139,46.74,-6.74,2.5,-2.2,3,2.81,-4.31,-4.31,2.89,0,0,7.8,아니오,2021-10-20,2025-10-20,판정 안 함
코스닥 종합지수,11,아래,손절불가,전체,30,-4.58,-0.15,43.33,1.196,45.54,-2.21,3.77,-3.15,17,16.1,-12.61,-12.61,5.14,0,0,7.27,예,1996-11-20,2025-11-20,판정 안 함
코스닥 종합지수,11,아래,손절불가,앞 절반,15,-11.54,-0.77,40.0,1.087,47.91,-7.91,5.07,-4.66,9,16.1,-12.61,-12.61,6.82,0,0,7.33,예,1996-11-20,2010-11-19,판정 안 함
코스닥 종합지수,11,아래,손절불가,뒤 절반,15,6.96,0.46,46.67,1.823,35.42,11.25,2.66,-1.46,8,7.32,-2.56,-2.56,2.71,0,0,7.2,예,2011-11-18,2025-11-20,판정 안 함
코스닥 종합지수,11,아래,손절불가,최근 10년,10,9.44,0.94,60.0,1.546,39.28,20.72,2.77,-1.79,4,7.32,-2.32,-2.32,3.07,0,0,7.3,예,2016-11-18,2025-11-20,판정 안 함
코스닥 종합지수,11,아래,손절불가,최근 5년,5,3.73,0.75,60.0,1.205,45.34,14.66,2.78,-2.31,2,7.32,-2.32,-2.32,3.94,0,0,7.2,아니오,2021-11-19,2025-11-20,판정 안 함
코스닥 종합지수,11,위,손절불가,전체,30,4.58,0.15,56.67,0.836,54.46,2.21,3.15,-3.77,13,12.61,-16.1,-16.1,5.14,0,0,7.27,예,1996-11-20,2025-11-20,판정 안 함
코스닥 종합지수,11,위,손절불가,앞 절반,15,11.54,0.77,60.0,0.92,52.09,7.91,4.66,-5.07,6,12.61,-16.1,-16.1,6.82,0,0,7.33,예,1996-11-20,2010-11-19,판정 안 함
코스닥 종합지수,11,위,손절불가,뒤 절반,15,-6.96,-0.46,53.33,0.549,64.58,-11.25,1.46,-2.66,7,2.56,-7.32,-7.32,2.71,0,0,7.2,예,2011-11-18,2025-11-20,판정 안 함
코스닥 종합지수,11,위,손절불가,최근 10년,10,-9.44,-0.94,40.0,0.647,60.72,-20.72,1.79,-2.77,6,2.32,-7.32,-7.32,3.07,0,0,7.3,예,2016-11-18,2025-11-20,판정 안 함
코스닥 종합지수,11,위,손절불가,최근 5년,5,-3.73,-0.75,40.0,0.83,54.66,-14.66,2.31,-2.78,3,2.32,-7.32,-7.32,3.94,0,0,7.2,아니오,2021-11-19,2025-11-20,판정 안 함
코스닥 종합지수,12,아래,손절불가,전체,30,-13.4,-0.45,36.67,1.284,43.79,-7.12,3.52,-2.75,19,14.3,-7.48,-7.48,4.36,0,0,5.87,예,1996-12-20,2025-12-19,판정 안 함
코스닥 종합지수,12,아래,손절불가,앞 절반,15,16.68,1.11,66.67,0.946,51.39,15.28,3.54,-3.74,5,14.3,-7.48,-7.48,5.48,0,0,5.73,예,1996-12-20,2010-12-20,판정 안 함
코스닥 종합지수,12,아래,손절불가,뒤 절반,15,-30.08,-2.01,6.67,1.418,41.35,-34.68,3.39,-2.39,14,3.39,-5.71,-5.71,2.02,0,0,6.0,예,2011-12-20,2025-12-19,판정 안 함
코스닥 종합지수,12,아래,손절불가,최근 10년,10,-18.35,-1.84,10.0,1.403,41.61,-31.61,3.39,-2.42,9,3.39,-5.71,-5.71,2.45,0,0,6.0,예,2016-12-20,2025-12-19,판정 안 함
코스닥 종합지수,12,아래,손절불가,최근 5년,5,-4.01,-0.8,20.0,1.833,35.29,-15.29,3.39,-1.85,4,3.39,-4.39,-4.39,2.79,0,0,6.2,아니오,2021-12-20,2025-12-19,판정 안 함
코스닥 종합지수,12,위,손절불가,전체,30,13.4,0.45,63.33,0.779,56.21,7.12,2.75,-3.52,11,7.48,-14.3,-14.3,4.36,0,0,5.87,예,1996-12-20,2025-12-19,판정 안 함
코스닥 종합지수,12,위,손절불가,앞 절반,15,-16.68,-1.11,33.33,1.057,48.61,-15.28,3.74,-3.54,10,7.48,-14.3,-14.3,5.48,0,0,5.73,예,1996-12-20,2010-12-20,판정 안 함
코스닥 종합지수,12,위,손절불가,뒤 절반,15,30.08,2.01,93.33,0.705,58.65,34.68,2.39,-3.39,1,5.71,-3.39,-3.39,2.02,0,0,6.0,예,2011-12-20,2025-12-19,판정 안 함
코스닥 종합지수,12,위,손절불가,최근 10년,10,18.35,1.84,90.0,0.713,58.39,31.61,2.42,-3.39,1,5.71,-3.39,-3.39,2.45,0,0,6.0,예,2016-12-20,2025-12-19,판정 안 함
코스닥 종합지수,12,위,손절불가,최근 5년,5,4.01,0.8,80.0,0.545,64.71,15.29,1.85,-3.39,1,4.39,-3.39,-3.39,2.79,0,0,6.2,아니오,2021-12-20,2025-12-19,판정 안 함
