종목,환율 계열,이론값,날짜,실제 일간(%),현물 일간(%),이자 일간(%),이론 일간(%)
261240,종가 15:30,현물+금리차,2016-12-28,0.1005,0.2401,-0.0028,0.2373
261240,종가 15:30,현물+금리차,2016-12-29,0.0502,-0.2313,-0.0028,-0.2341
261240,종가 15:30,현물+금리차,2017-01-02,0.0,0.0248,-0.0116,0.0132
261240,종가 15:30,현물+금리차,2017-01-03,-0.3413,-0.3725,-0.0028,-0.3753
261240,종가 15:30,현물+금리차,2017-01-04,0.1007,0.241,-0.0027,0.2382
261240,종가 15:30,현물+금리차,2017-01-05,-1.4993,-1.6661,-0.0027,-1.6688
261240,종가 15:30,현물+금리차,2017-01-06,0.5516,0.5648,-0.0027,0.562
261240,종가 15:30,현물+금리차,2017-01-09,1.1582,1.2825,-0.008,1.2744
261240,종가 15:30,현물+금리차,2017-01-10,-1.0445,-1.1338,-0.0027,-1.1365
261240,종가 15:30,현물+금리차,2017-01-11,-0.1522,0.1507,-0.0027,0.148
261240,종가 15:30,현물+금리차,2017-01-12,-0.7014,-0.9779,-0.0027,-0.9806
261240,종가 15:30,현물+금리차,2017-01-13,-0.7575,-0.8441,-0.0027,-0.8468
261240,종가 15:30,현물+금리차,2017-01-16,0.6601,0.6299,-0.008,0.6219
261240,종가 15:30,현물+금리차,2017-01-17,-0.7583,-0.6429,-0.0027,-0.6456
261240,종가 15:30,현물+금리차,2017-01-18,-0.6195,-0.6641,-0.0026,-0.6667
261240,종가 15:30,현물+금리차,2017-01-19,0.987,0.9343,-0.0027,0.9316
261240,종가 15:30,현물+금리차,2017-01-20,-0.7716,-0.7133,-0.0027,-0.716
261240,종가 15:30,현물+금리차,2017-01-23,-0.4044,-0.3165,-0.0082,-0.3246
261240,종가 15:30,현물+금리차,2017-01-24,0.0,0.0343,-0.0027,0.0316
261240,종가 15:30,현물+금리차,2017-01-25,0.0,0.0086,-0.0027,0.0059
261240,종가 15:30,현물+금리차,2017-01-26,-0.5726,-0.5832,-0.0027,-0.5859
261240,종가 15:30,현물+금리차,2017-01-31,0.3665,0.2502,-0.0136,0.2366
261240,종가 15:30,현물+금리차,2017-02-01,-0.2608,-0.3442,-0.0027,-0.3469
261240,종가 15:30,현물+금리차,2017-02-02,-0.9832,-0.9757,-0.0027,-0.9784
261240,종가 15:30,현물+금리차,2017-02-03,0.0528,0.0698,-0.0027,0.0671
261240,종가 15:30,현물+금리차,2017-02-06,-0.834,-0.8452,-0.0081,-0.8533
261240,종가 15:30,현물+금리차,2017-02-07,0.5217,0.5624,-0.0026,0.5598
261240,종가 15:30,현물+금리차,2017-02-08,0.1589,0.2534,-0.0026,0.2508
261240,종가 15:30,현물+금리차,2017-02-09,0.0,-0.122,-0.0026,-0.1247
261240,종가 15:30,현물+금리차,2017-02-10,0.3172,0.4189,-0.0026,0.4163
261240,종가 15:30,현물+금리차,2017-02-13,0.1581,0.1217,-0.0078,0.1139
261240,종가 15:30,현물+금리차,2017-02-14,-1.1997,-1.2674,-0.0027,-1.27
261240,종가 15:30,현물+금리차,2017-02-15,0.2556,0.422,-0.0026,0.4194
261240,종가 15:30,현물+금리차,2017-02-16,0.0,-0.0613,-0.0026,-0.0639
261240,종가 15:30,현물+금리차,2017-02-17,0.5312,0.4205,-0.0027,0.4178
261240,종가 15:30,현물+금리차,2017-02-20,0.1585,0.1047,-0.008,0.0967
261240,종가 15:30,현물+금리차,2017-02-21,-0.211,-0.122,-0.0027,-0.1247
261240,종가 15:30,현물+금리차,2017-02-22,-0.2644,-0.3054,-0.0026,-0.308
261240,종가 15:30,현물+금리차,2017-02-23,-0.4135,-0.4639,-0.0027,-0.4665
261240,종가 15:30,현물+금리차,2017-02-24,-0.5855,-0.51,-0.0027,-0.5127
261240,종가 15:30,현물+금리차,2017-02-27,0.2677,0.1944,-0.0081,0.1864
261240,종가 15:30,현물+금리차,2017-02-28,-0.2136,-0.2646,-0.0027,-0.2673
261240,종가 15:30,현물+금리차,2017-03-02,0.8456,0.964,-0.0053,0.9587
261240,종가 15:30,현물+금리차,2017-03-03,1.3691,1.2701,-0.0023,1.2678
261240,종가 15:30,현물+금리차,2017-03-06,0.0,0.1643,-0.0065,0.1578
261240,종가 15:30,현물+금리차,2017-03-07,-0.7748,-1.0276,-0.0021,-1.0297
261240,종가 15:30,현물+금리차,2017-03-08,-0.1055,-0.0524,-0.002,-0.0544
261240,종가 15:30,현물+금리차,2017-03-09,1.0986,1.1,-0.0021,1.0978
261240,종가 15:30,현물+금리차,2017-03-10,-0.209,-0.0604,-0.0021,-0.0626
261240,종가 15:30,현물+금리차,2017-03-13,-0.9318,-1.1232,-0.0062,-1.1294
261240,종가 15:30,현물+금리차,2017-03-14,0.1585,0.3845,-0.0019,0.3825
261240,종가 15:30,현물+금리차,2017-03-15,-0.211,-0.4526,-0.002,-0.4546
261240,종가 15:30,현물+금리차,2017-03-16,-0.994,-1.0143,-0.0021,-1.0164
261240,종가 15:30,현물+금리차,2017-03-17,-0.1068,-0.0972,-0.0021,-0.0993
261240,종가 15:30,현물+금리차,2017-03-20,-0.9516,-0.955,-0.0062,-0.9612
261240,종가 15:30,현물+금리차,2017-03-21,-0.2159,0.0179,-0.002,0.0159
261240,종가 15:30,현물+금리차,2017-03-22,0.4868,0.2678,-0.002,0.2658
261240,종가 15:30,현물+금리차,2017-03-23,-0.2691,-0.0801,-0.002,-0.0821
261240,종가 15:30,현물+금리차,2017-03-24,0.1619,0.0178,-0.002,0.0158
261240,종가 15:30,현물+금리차,2017-03-27,-0.8622,-0.873,-0.0058,-0.8787
261240,종가 15:30,현물+금리차,2017-03-28,0.0544,0.018,-0.0019,0.0161
261240,종가 15:30,현물+금리차,2017-03-29,0.1086,0.1078,-0.0019,0.1059
261240,종가 15:30,현물+금리차,2017-03-30,0.2713,0.2693,-0.0019,0.2674
261240,종가 15:30,현물+금리차,2017-03-31,0.1082,0.1074,-0.0019,0.1055
261240,종가 15:30,현물+금리차,2017-04-03,-0.2703,-0.2772,-0.0058,-0.2829
261240,종가 15:30,현물+금리차,2017-04-04,0.4337,0.5918,-0.0018,0.5899
261240,종가 15:30,현물+금리차,2017-04-05,0.367,0.2228,-0.0018,0.221
261240,종가 15:30,현물+금리차,2017-04-06,0.6453,0.7826,-0.0018,0.7808
261240,종가 15:30,현물+금리차,2017-04-07,0.2672,0.1147,-0.0018,0.1129
261240,종가 15:30,현물+금리차,2017-04-10,0.6821,0.6787,-0.0053,0.6734
261240,종가 15:30,현물+금리차,2017-04-11,0.4234,0.3152,-0.0018,0.3134
261240,종가 15:30,현물+금리차,2017-04-12,-0.5797,-0.384,-0.0018,-0.3858
261240,종가 15:30,현물+금리차,2017-04-13,-0.8376,-1.0251,-0.0017,-1.0268
261240,종가 15:30,현물+금리차,2017-04-14,0.7377,0.9117,-0.0017,0.91
261240,종가 15:30,현물+금리차,2017-04-17,-0.1061,-0.2018,-0.0051,-0.2068
261240,종가 15:30,현물+금리차,2017-04-18,0.2656,0.4131,-0.0016,0.4115
261240,종가 15:30,현물+금리차,2017-04-19,-0.106,-0.1926,-0.0017,-0.1942
261240,종가 15:30,현물+금리차,2017-04-20,-0.1061,-0.0351,-0.0017,-0.0368
261240,종가 15:30,현물+금리차,2017-04-21,-0.5203,-0.4738,-0.0018,-0.4755
261240,종가 15:30,현물+금리차,2017-04-24,-0.1601,-0.3967,-0.0053,-0.4019
261240,종가 15:30,현물+금리차,2017-04-25,-0.5346,-0.3983,-0.0017,-0.4
261240,종가 15:30,현물+금리차,2017-04-26,0.1075,-0.0267,-0.0017,-0.0283
261240,종가 15:30,현물+금리차,2017-04-27,0.3221,0.4444,-0.0016,0.4428
261240,종가 15:30,현물+금리차,2017-04-28,0.5887,0.6902,-0.0017,0.6885
261240,종가 15:30,현물+금리차,2017-05-02,-0.3724,-0.6503,-0.0068,-0.6571
261240,종가 15:30,현물+금리차,2017-05-04,0.0534,0.1946,-0.0033,0.1913
261240,종가 15:30,현물+금리차,2017-05-08,0.0534,-0.1148,-0.0062,-0.121
261240,종가 15:30,현물+금리차,2017-05-10,0.2134,0.3889,-0.0028,0.3861
261240,종가 15:30,현물+금리차,2017-05-11,-0.5323,-0.6955,-0.0014,-0.697
261240,종가 15:30,현물+금리차,2017-05-12,-0.107,-0.0443,-0.0015,-0.0458
261240,종가 15:30,현물+금리차,2017-05-15,-0.2679,-0.3371,-0.0044,-0.3415
261240,종가 15:30,현물+금리차,2017-05-16,-0.6876,-0.6764,-0.0014,-0.6778
261240,종가 15:30,현물+금리차,2017-05-17,0.1623,0.2061,-0.0014,0.2047
261240,종가 15:30,현물+금리차,2017-05-18,0.6372,0.5544,-0.0014,0.553
261240,종가 15:30,현물+금리차,2017-05-19,0.0,0.2401,-0.0013,0.2388
261240,종가 15:30,현물+금리차,2017-05-22,-0.5795,-0.763,-0.004,-0.7669
261240,종가 15:30,현물+금리차,2017-05-23,0.367,0.5006,-0.0013,0.4993
261240,종가 15:30,현물+금리차,2017-05-24,0.3764,0.2313,-0.0013,0.23
261240,종가 15:30,현물+금리차,2017-05-25,-1.0072,-0.9141,-0.0013,-0.9153
261240,종가 15:30,현물+금리차,2017-05-26,0.3247,0.3762,-0.0013,0.3749
261240,종가 15:30,현물+금리차,2017-05-29,0.2158,0.0892,-0.0038,0.0854
261240,종가 15:30,현물+금리차,2017-05-30,0.2045,0.3031,-0.0013,0.3018
261240,종가 15:30,현물+금리차,2017-05-31,-0.3653,-0.4977,-0.0013,-0.499
261240,종가 15:30,현물+금리차,2017-06-01,0.1617,0.2233,-0.0012,0.2222
261240,종가 15:30,현물+금리차,2017-06-02,0.0538,-0.0178,-0.0012,-0.019
261240,종가 15:30,현물+금리차,2017-06-05,-0.3228,-0.312,-0.0035,-0.3154
261240,종가 15:30,현물+금리차,2017-06-07,0.475,0.5097,-0.0024,0.5073
261240,종가 15:30,현물+금리차,2017-06-08,-0.2041,-0.169,-0.0011,-0.1701
261240,종가 15:30,현물+금리차,2017-06-09,0.0538,0.098,-0.0011,0.097
261240,종가 15:30,현물+금리차,2017-06-12,0.4734,0.365,-0.0032,0.3618
261240,종가 15:30,현물+금리차,2017-06-13,0.0,0.0887,-0.0011,0.0876
261240,종가 15:30,현물+금리차,2017-06-14,-0.3748,-0.39,-0.0011,-0.391
261240,종가 15:30,현물+금리차,2017-06-15,0.0,0.0178,-0.0011,0.0167
261240,종가 15:30,현물+금리차,2017-06-16,1.0749,0.8896,-0.001,0.8886
261240,종가 15:30,현물+금리차,2017-06-19,-0.1063,-0.1234,-0.003,-0.1265
261240,종가 15:30,현물+금리차,2017-06-20,0.2555,0.2384,-0.001,0.2374
261240,종가 15:30,현물+금리차,2017-06-21,0.531,0.7574,-0.001,0.7564
261240,종가 15:30,현물+금리차,2017-06-22,-0.1584,-0.271,-0.0011,-0.2721
261240,종가 15:30,현물+금리차,2017-06-23,-0.1587,-0.1841,-0.0012,-0.1853
261240,종가 15:30,현물+금리차,2017-06-26,-0.1589,-0.1493,-0.0035,-0.1528
261240,종가 15:30,현물+금리차,2017-06-27,0.0,-0.0176,-0.0011,-0.0187
261240,종가 15:30,현물+금리차,2017-06-28,0.4776,0.6245,-0.0011,0.6234
261240,종가 15:30,현물+금리차,2017-06-29,-0.2113,-0.2535,-0.001,-0.2545
261240,종가 15:30,현물+금리차,2017-06-30,0.4234,0.2629,-0.001,0.2619
261240,종가 15:30,현물+금리차,2017-07-03,0.1581,0.2447,-0.003,0.2417
261240,종가 15:30,현물+금리차,2017-07-04,0.4631,0.3226,-0.0009,0.3217
261240,종가 15:30,현물+금리차,2017-07-05,-0.1048,-0.0087,-0.0009,-0.0096
261240,종가 15:30,현물+금리차,2017-07-06,0.6292,0.5997,-0.001,0.5988
261240,종가 15:30,현물+금리차,2017-07-07,-0.2084,-0.2678,-0.001,-0.2689
261240,종가 15:30,현물+금리차,2017-07-10,-0.3655,-0.4158,-0.003,-0.4188
261240,종가 15:30,현물+금리차,2017-07-11,0.0524,0.1392,-0.001,0.1382
261240,종가 15:30,현물+금리차,2017-07-12,-0.5657,-0.5212,-0.001,-0.5222
261240,종가 15:30,현물+금리차,2017-07-13,-0.6321,-0.7685,-0.001,-0.7695
261240,종가 15:30,현물+금리차,2017-07-14,-0.212,-0.264,-0.001,-0.265
261240,종가 15:30,현물+금리차,2017-07-17,-0.4675,-0.4412,-0.003,-0.4442
261240,종가 15:30,현물+금리차,2017-07-18,-0.427,-0.4609,-0.0009,-0.4618
261240,종가 15:30,현물+금리차,2017-07-19,-0.2144,-0.2226,-0.0009,-0.2235
261240,종가 15:30,현물+금리차,2017-07-20,0.4297,0.4373,-0.0008,0.4364
261240,종가 15:30,현물+금리차,2017-07-21,-0.6312,-0.6486,-0.0007,-0.6493
261240,종가 15:30,현물+금리차,2017-07-24,-0.3768,-0.3756,-0.0021,-0.3777
261240,종가 15:30,현물+금리차,2017-07-25,0.1081,0.1167,-0.0007,0.116
261240,종가 15:30,현물+금리차,2017-07-26,0.5289,0.5828,-0.0006,0.5822
261240,종가 15:30,현물+금리차,2017-07-27,-0.7409,-0.8023,-0.0008,-0.803
261240,종가 15:30,현물+금리차,2017-07-28,0.6923,0.8357,-0.0008,0.8349
261240,종가 15:30,현물+금리차,2017-07-31,-0.1074,-0.2763,-0.0027,-0.279
261240,종가 15:30,현물+금리차,2017-08-01,-0.043,0.2055,-0.0009,0.2046
261240,종가 15:30,현물+금리차,2017-08-02,0.4734,0.2408,-0.0009,0.2399
261240,종가 15:30,현물+금리차,2017-08-03,0.3748,0.427,-0.0009,0.4261
261240,종가 15:30,현물+금리차,2017-08-04,-0.4268,-0.3366,-0.0009,-0.3375
261240,종가 15:30,현물+금리차,2017-08-07,0.375,0.1867,-0.0027,0.1839
261240,종가 15:30,현물+금리차,2017-08-08,-0.1601,-0.1774,-0.001,-0.1785
261240,종가 15:30,현물+금리차,2017-08-09,0.7912,0.8977,-0.001,0.8967
261240,종가 15:30,현물+금리차,2017-08-10,0.4243,0.599,-0.001,0.598
261240,종가 15:30,현물+금리차,2017-08-11,0.1584,0.1313,-0.001,0.1304
261240,종가 15:30,현물+금리차,2017-08-14,-0.1055,-0.3323,-0.0031,-0.3354
261240,종가 15:30,현물+금리차,2017-08-16,-0.0528,0.1579,-0.0021,0.1559
261240,종가 15:30,현물+금리차,2017-08-17,-0.3697,-0.3767,-0.0011,-0.3778
261240,종가 15:30,현물+금리차,2017-08-18,0.5301,0.3605,-0.0011,0.3594
261240,종가 15:30,현물+금리차,2017-08-21,-0.1582,-0.2015,-0.0032,-0.2047
261240,종가 15:30,현물+금리차,2017-08-22,-0.4753,-0.4565,-0.0011,-0.4576
261240,종가 15:30,현물+금리차,2017-08-23,-0.2017,-0.1764,-0.0011,-0.1775
261240,종가 15:30,현물+금리차,2017-08-24,-0.2659,-0.3446,-0.0011,-0.3457
261240,종가 15:30,현물+금리차,2017-08-25,0.0533,0.0266,-0.0011,0.0255
261240,종가 15:30,현물+금리차,2017-08-28,-0.746,-0.718,-0.0031,-0.7211
261240,종가 15:30,현물+금리차,2017-08-29,0.3221,0.5624,-0.0012,0.5613
261240,종가 15:30,현물+금리차,2017-08-30,0.0,-0.1953,-0.001,-0.1963
261240,종가 15:30,현물+금리차,2017-08-31,0.3746,0.3202,-0.001,0.3192
261240,종가 15:30,현물+금리차,2017-09-01,-0.3732,-0.4433,-0.0011,-0.4444
261240,종가 15:30,현물+금리차,2017-09-04,0.8456,0.9084,-0.0031,0.9053
261240,종가 15:30,현물+금리차,2017-09-05,-0.1592,-0.1677,-0.001,-0.1687
261240,종가 15:30,현물+금리차,2017-09-06,0.3189,0.3802,-0.001,0.3791
261240,종가 15:30,현물+금리차,2017-09-07,-0.4133,-0.5284,-0.0009,-0.5293
261240,종가 15:30,현물+금리차,2017-09-08,-0.1596,-0.1682,-0.001,-0.1692
261240,종가 15:30,현물+금리차,2017-09-11,0.3091,0.3902,-0.003,0.3873
261240,종가 15:30,현물+금리차,2017-09-12,-0.255,-0.3004,-0.0009,-0.3013
261240,종가 15:30,현물+금리차,2017-09-13,-0.1065,0.0,-0.001,-0.001
261240,종가 15:30,현물+금리차,2017-09-14,0.3092,0.3633,-0.001,0.3623
261240,종가 15:30,현물+금리차,2017-09-15,-0.0957,-0.0795,-0.001,-0.0804
261240,종가 15:30,현물+금리차,2017-09-18,-0.266,-0.4506,-0.0029,-0.4535
261240,종가 15:30,현물+금리차,2017-09-19,0.2134,0.4172,-0.0009,0.4162
261240,종가 15:30,현물+금리차,2017-09-20,-0.0532,-0.2652,-0.001,-0.2661
261240,종가 15:30,현물+금리차,2017-09-21,0.3622,0.39,-0.001,0.389
261240,종가 15:30,현물+금리차,2017-09-22,0.3715,0.3355,-0.001,0.3345
261240,종가 15:30,현물+금리차,2017-09-25,-0.423,-0.4136,-0.003,-0.4166
261240,종가 15:30,현물+금리차,2017-09-26,0.4779,0.4418,-0.0009,0.4408
261240,종가 15:30,현물+금리차,2017-09-27,0.1057,0.3431,-0.0009,0.3422
261240,종가 15:30,현물+금리차,2017-09-28,0.9396,0.7364,-0.0009,0.7355
261240,종가 15:30,현물+금리차,2017-09-29,-0.3138,-0.322,-0.0009,-0.3229
261240,종가 15:30,현물+금리차,2017-10-10,-0.7764,-0.8992,-0.0102,-0.9094
261240,종가 15:30,현물+금리차,2017-10-11,-0.0529,0.0088,-0.0009,0.0079
261240,종가 15:30,현물+금리차,2017-10-12,-0.2116,-0.1762,-0.0008,-0.177
261240,종가 15:30,현물+금리차,2017-10-13,-0.3075,-0.3795,-0.0008,-0.3803
261240,종가 15:30,현물+금리차,2017-10-16,-0.1063,-0.0974,-0.0025,-0.1
261240,종가 15:30,현물+금리차,2017-10-17,0.362,0.4167,-0.0008,0.4159
261240,종가 15:30,현물+금리차,2017-10-18,-0.3076,-0.2296,-0.0008,-0.2304
261240,종가 15:30,현물+금리차,2017-10-19,0.3086,0.2213,-0.0008,0.2204
261240,종가 15:30,현물+금리차,2017-10-20,-0.053,-0.1236,-0.0008,-0.1245
261240,종가 15:30,현물+금리차,2017-10-23,-0.1061,-0.0707,-0.0024,-0.0731
261240,종가 15:30,현물+금리차,2017-10-24,-0.255,-0.2477,-0.0008,-0.2486
261240,종가 15:30,현물+금리차,2017-10-25,0.0533,0.0443,-0.0008,0.0436
261240,종가 15:30,현물+금리차,2017-10-26,-0.2662,-0.2926,-0.0008,-0.2933
261240,종가 15:30,현물+금리차,2017-10-27,0.4697,0.5246,-0.0008,0.5238
261240,종가 15:30,현물+금리차,2017-10-30,-0.4675,-0.5219,-0.0026,-0.5245
261240,종가 15:30,현물+금리차,2017-10-31,-0.3736,-0.3735,-0.0008,-0.3743
261240,종가 15:30,현물+금리차,2017-11-01,-0.525,-0.5266,-0.0007,-0.5273
261240,종가 15:30,현물+금리차,2017-11-02,0.0,-0.009,-0.0007,-0.0096
261240,종가 15:30,현물+금리차,2017-11-03,-0.0539,-0.0538,-0.0007,-0.0545
261240,종가 15:30,현물+금리차,2017-11-06,0.1078,0.1077,-0.002,0.1058
261240,종가 15:30,현물+금리차,2017-11-07,-0.2691,-0.278,-0.0006,-0.2787
261240,종가 15:30,현물+금리차,2017-11-08,0.3238,0.3328,-0.0005,0.3322
261240,종가 15:30,현물+금리차,2017-11-09,-0.0538,0.0,-0.0005,-0.0005
261240,종가 15:30,현물+금리차,2017-11-10,0.1507,0.1345,-0.0005,0.134
261240,종가 15:30,현물+금리차,2017-11-13,0.3762,0.3133,-0.0016,0.3117
261240,종가 15:30,현물+금리차,2017-11-14,-0.3213,-0.2231,-0.0005,-0.2236
261240,종가 15:30,현물+금리차,2017-11-15,-0.419,-0.5187,-0.0005,-0.5192
261240,종가 15:30,현물+금리차,2017-11-16,-1.0141,-0.98,-0.0005,-0.9805
261240,종가 15:30,현물+금리차,2017-11-17,-0.3815,-0.3541,-0.0005,-0.3546
261240,종가 15:30,현물+금리차,2017-11-20,0.2735,0.2825,-0.0016,0.2809
261240,종가 15:30,현물+금리차,2017-11-21,-0.3819,-0.4361,-0.0005,-0.4366
261240,종가 15:30,현물+금리차,2017-11-22,-0.6462,-0.6114,-0.0005,-0.6119
261240,종가 15:30,현물+금리차,2017-11-23,-0.2756,-0.3397,-0.0006,-0.3403
261240,종가 15:30,현물+금리차,2017-11-24,-0.0553,0.0,-0.0006,-0.0006
261240,종가 15:30,현물+금리차,2017-11-27,0.3318,0.2948,-0.002,0.2928
261240,종가 15:30,현물+금리차,2017-11-28,-0.3858,-0.3858,-0.0007,-0.3865
261240,종가 15:30,현물+금리차,2017-11-29,-0.664,-0.7008,-0.0006,-0.7014
261240,종가 15:30,현물+금리차,2017-11-30,1.0027,1.0587,-0.0007,1.058
261240,종가 15:30,현물+금리차,2017-12-01,-0.2758,-0.1654,-0.0011,-0.1665
261240,종가 15:30,현물+금리차,2017-12-04,0.3871,0.2117,-0.0034,0.2083
261240,종가 15:30,현물+금리차,2017-12-05,-0.4958,-0.2664,-0.001,-0.2674
261240,종가 15:30,현물+금리차,2017-12-06,0.8748,0.7276,-0.001,0.7265
261240,종가 15:30,현물+금리차,2017-12-07,0.0549,-0.0183,-0.001,-0.0193
261240,종가 15:30,현물+금리차,2017-12-08,-0.0549,-0.0183,-0.0011,-0.0194
261240,종가 15:30,현물+금리차,2017-12-11,-0.0549,-0.0915,-0.0033,-0.0948
261240,종가 15:30,현물+금리차,2017-12-12,0.0,0.0092,-0.001,0.0082
261240,종가 15:30,현물+금리차,2017-12-13,-0.1098,-0.1556,-0.0009,-0.1566
261240,종가 15:30,현물+금리차,2017-12-14,-0.3738,-0.1467,-0.001,-0.1477
261240,종가 15:30,현물+금리차,2017-12-15,0.2207,0.0643,-0.001,0.0633
261240,종가 15:30,현물+금리차,2017-12-18,-0.0551,-0.1193,-0.003,-0.1223
261240,종가 15:30,현물+금리차,2017-12-19,-0.3305,-0.3307,-0.0008,-0.3315
261240,종가 15:30,현물+금리차,2017-12-20,-0.3869,-0.3687,-0.0008,-0.3695
261240,종가 15:30,현물+금리차,2017-12-21,0.1665,0.1665,-0.0008,0.1657
261240,종가 15:30,현물+금리차,2017-12-22,-0.4432,-0.2771,-0.0009,-0.278
261240,종가 15:30,현물+금리차,2017-12-26,-0.1558,-0.3334,-0.0038,-0.3372
261240,종가 15:30,현물+금리차,2017-12-27,-0.2229,-0.1859,-0.0006,-0.1864
261240,종가 15:30,현물+금리차,2017-12-28,-0.2793,-0.3352,-0.0007,-0.3358
261240,종가 15:30,현물+금리차,2018-01-02,-0.997,-0.8688,-0.004,-0.8727
261240,종가 15:30,현물+금리차,2018-01-03,0.4413,0.311,-0.0007,0.3103
261240,종가 15:30,현물+금리차,2018-01-04,-0.214,-0.2161,-0.0007,-0.2168
261240,종가 15:30,현물+금리차,2018-01-05,0.0,0.0471,-0.0007,0.0463
261240,종가 15:30,현물+금리차,2018-01-08,0.3838,0.3105,-0.0024,0.3081
261240,종가 15:30,현물+금리차,2018-01-09,0.1125,0.1032,-0.0006,0.1026
261240,종가 15:30,현물+금리차,2018-01-10,0.5055,0.4498,-0.0007,0.4492
261240,종가 15:30,현물+금리차,2018-01-11,0.0,0.0093,-0.0007,0.0086
261240,종가 15:30,현물+금리차,2018-01-12,-0.6706,-0.6716,-0.0007,-0.6723
261240,종가 15:30,현물+금리차,2018-01-15,-0.225,-0.1972,-0.0021,-0.1993
261240,종가 15:30,현물+금리차,2018-01-16,0.0,0.0,-0.0007,-0.0007
261240,종가 15:30,현물+금리차,2018-01-17,0.6203,0.6211,-0.0006,0.6204
261240,종가 15:30,현물+금리차,2018-01-18,0.1681,0.1309,-0.0006,0.1303
261240,종가 15:30,현물+금리차,2018-01-19,-0.5035,-0.4483,-0.0006,-0.4489
261240,종가 15:30,현물+금리차,2018-01-22,0.3374,0.394,-0.0019,0.3921
261240,종가 15:30,현물+금리차,2018-01-23,0.056,0.0093,-0.0006,0.0087
261240,종가 15:30,현물+금리차,2018-01-24,0.0,0.0,-0.0006,-0.0006
261240,종가 15:30,현물+금리차,2018-01-25,-0.885,-1.0839,-0.0007,-1.0846
261240,종가 15:30,현물+금리차,2018-01-26,0.4973,0.5007,-0.0007,0.5
261240,종가 15:30,현물+금리차,2018-01-29,0.0562,0.1598,-0.0021,0.1576
261240,종가 15:30,현물+금리차,2018-01-30,0.843,0.7508,-0.0006,0.7501
261240,종가 15:30,현물+금리차,2018-01-31,-0.5016,-0.5309,-0.0006,-0.5316
261240,종가 15:30,현물+금리차,2018-02-01,0.3361,0.3746,-0.0006,0.374
261240,종가 15:30,현물+금리차,2018-02-02,0.7703,0.7277,-0.0005,0.7272
261240,종가 15:30,현물+금리차,2018-02-05,0.6537,0.815,-0.0016,0.8135
261240,종가 15:30,현물+금리차,2018-02-06,0.2201,0.2756,-0.0004,0.2752
261240,종가 15:30,현물+금리차,2018-02-07,-0.2636,-0.4489,-0.0004,-0.4493
261240,종가 15:30,현물+금리차,2018-02-08,0.0,0.1196,-0.0003,0.1193
261240,종가 15:30,현물+금리차,2018-02-09,0.3744,0.3861,-0.0003,0.3857
261240,종가 15:30,현물+금리차,2018-02-12,-0.5376,-0.6868,-0.001,-0.6877
261240,종가 15:30,현물+금리차,2018-02-13,-0.0552,-0.0092,-0.0001,-0.0093
261240,종가 15:30,현물+금리차,2018-02-14,-0.6622,-0.6731,-0.0002,-0.6733
261240,종가 15:30,현물+금리차,2018-02-19,-0.7666,-0.8912,-0.0012,-0.8924
261240,종가 15:30,현물+금리차,2018-02-20,0.3918,0.5526,-0.0002,0.5525
261240,종가 15:30,현물+금리차,2018-02-21,0.3792,0.2515,-0.0,0.2515
261240,종가 15:30,현물+금리차,2018-02-22,0.6666,0.7526,-0.0001,0.7526
261240,종가 15:30,현물+금리차,2018-02-23,-0.3863,-0.4888,-0.0001,-0.4889
261240,종가 15:30,현물+금리차,2018-02-26,-0.4986,-0.519,-0.0003,-0.5193
261240,종가 15:30,현물+금리차,2018-02-27,-0.1559,-0.1956,0.0,-0.1956
261240,종가 15:30,현물+금리차,2018-02-28,0.881,1.0735,-0.0,1.0734
261240,종가 15:30,현물+금리차,2018-03-02,-0.0553,-0.2309,-0.0001,-0.231
261240,종가 15:30,현물+금리차,2018-03-05,0.1659,0.1574,-0.0002,0.1571
261240,종가 15:30,현물+금리차,2018-03-06,-0.6073,-0.5453,0.0001,-0.5452
261240,종가 15:30,현물+금리차,2018-03-07,-0.5444,-0.6505,0.0,-0.6505
261240,종가 15:30,현물+금리차,2018-03-08,-0.0559,0.1029,0.0,0.1029
261240,종가 15:30,현물+금리차,2018-03-09,0.0,-0.0374,-0.0,-0.0374
261240,종가 15:30,현물+금리차,2018-03-12,-0.4471,-0.43,-0.0001,-0.4301
261240,종가 15:30,현물+금리차,2018-03-13,0.3368,0.2159,0.0001,0.216
261240,종가 15:30,현물+금리차,2018-03-14,-0.2797,-0.2717,0.0001,-0.2715
261240,종가 15:30,현물+금리차,2018-03-15,0.1683,0.0751,0.0002,0.0754
261240,종가 15:30,현물+금리차,2018-03-16,0.0,0.0751,0.0002,0.0753
261240,종가 15:30,현물+금리차,2018-03-19,0.5041,0.5065,0.0008,0.5073
261240,종가 15:30,현물+금리차,2018-03-20,-0.2786,-0.28,0.0003,-0.2796
261240,종가 15:30,현물+금리차,2018-03-21,0.2794,0.3462,0.0004,0.3466
261240,종가 15:30,현물+금리차,2018-03-22,-0.1115,0.0373,0.0002,0.0375
261240,종가 15:30,현물+금리차,2018-03-23,0.9931,0.8856,0.0001,0.8857
261240,종가 15:30,현물+금리차,2018-03-26,-0.1105,-0.1016,0.0005,-0.1012
261240,종가 15:30,현물+금리차,2018-03-27,-0.8738,-0.999,0.0003,-0.9987
261240,종가 15:30,현물+금리차,2018-03-28,0.0,0.0467,0.0002,0.047
261240,종가 15:30,현물+금리차,2018-03-29,-0.3347,-0.4576,0.0001,-0.4575
261240,종가 15:30,현물+금리차,2018-03-30,-0.2239,-0.2252,0.0001,-0.225
261240,종가 15:30,현물+금리차,2018-04-02,-0.662,-0.6488,0.0004,-0.6484
261240,종가 15:30,현물+금리차,2018-04-03,-0.3389,-0.2271,0.0002,-0.2269
261240,종가 15:30,현물+금리차,2018-04-04,0.5554,0.5312,0.0002,0.5314
261240,종가 15:30,현물+금리차,2018-04-05,0.0564,-0.0094,0.0001,-0.0094
261240,종가 15:30,현물+금리차,2018-04-06,0.9575,0.9342,0.0001,0.9343
261240,종가 15:30,현물+금리차,2018-04-09,-0.1674,-0.2337,0.0004,-0.2333
261240,종가 15:30,현물+금리차,2018-04-10,-0.0559,-0.0656,0.0002,-0.0654
261240,종가 15:30,현물+금리차,2018-04-11,0.0,-0.0094,0.0002,-0.0092
261240,종가 15:30,현물+금리차,2018-04-12,0.2796,0.3001,0.0001,0.3002
261240,종가 15:30,현물+금리차,2018-04-13,-0.1115,0.0,0.0002,0.0002
261240,종가 15:30,현물+금리차,2018-04-16,0.3796,0.4208,0.0007,0.4214
261240,종가 15:30,현물+금리차,2018-04-17,-0.4338,-0.6518,0.0003,-0.6515
261240,종가 15:30,현물+금리차,2018-04-18,0.0,0.1593,0.0003,0.1597
261240,종가 15:30,현물+금리차,2018-04-19,-0.5585,-0.6737,0.0004,-0.6734
261240,종가 15:30,현물+금리차,2018-04-20,0.5617,0.5464,0.0004,0.5468
261240,종가 15:30,현물+금리차,2018-04-23,0.2234,0.1593,0.0011,0.1604
261240,종가 15:30,현물+금리차,2018-04-24,0.7133,0.7297,0.0005,0.7302
261240,종가 15:30,현물+금리차,2018-04-25,0.2213,0.3529,0.0005,0.3534
261240,종가 15:30,현물+금리차,2018-04-26,0.2208,0.0278,0.0005,0.0282
261240,종가 15:30,현물+금리차,2018-04-27,-0.4407,-0.3978,0.0004,-0.3974
261240,종가 15:30,현물+금리차,2018-04-30,-0.7083,-0.7988,0.0011,-0.7978
261240,종가 15:30,현물+금리차,2018-05-02,0.6019,0.7584,0.001,0.7595
261240,종가 15:30,현물+금리차,2018-05-03,0.1108,0.0186,0.0004,0.019
261240,종가 15:30,현물+금리차,2018-05-04,0.0553,0.0836,0.0004,0.084
261240,종가 15:30,현물+금리차,2018-05-08,-0.1106,-0.065,0.0016,-0.0633
261240,종가 15:30,현물+금리차,2018-05-09,0.5536,0.4087,0.0005,0.4093
261240,종가 15:30,현물+금리차,2018-05-10,-0.7158,-0.7216,0.0005,-0.7211
261240,종가 15:30,현물+금리차,2018-05-11,-0.3327,-0.3541,0.0006,-0.3535
261240,종가 15:30,현물+금리차,2018-05-14,-0.2671,-0.1216,0.0019,-0.1197
261240,종가 15:30,현물+금리차,2018-05-15,0.7141,0.5431,0.0007,0.5438
261240,종가 15:30,현물+금리차,2018-05-16,0.277,0.3539,0.0007,0.3545
261240,종가 15:30,현물+금리차,2018-05-17,0.2762,0.3341,0.0006,0.3347
261240,종가 15:30,현물+금리차,2018-05-18,-0.1653,-0.333,0.0006,-0.3323
261240,종가 15:30,현물+금리차,2018-05-21,0.6511,0.7238,0.0018,0.7257
261240,종가 15:30,현물+금리차,2018-05-23,-0.4276,-0.433,0.0014,-0.4317
261240,종가 15:30,현물+금리차,2018-05-24,0.0,-0.1018,0.0006,-0.1012
261240,종가 15:30,현물+금리차,2018-05-25,-0.1652,-0.1482,0.0006,-0.1476
261240,종가 15:30,현물+금리차,2018-05-28,-0.3861,-0.3525,0.0017,-0.3508
261240,종가 15:30,현물+금리차,2018-05-29,0.2768,0.242,0.0006,0.2426
261240,종가 15:30,현물+금리차,2018-05-30,0.2208,0.3808,0.0007,0.3814
261240,종가 15:30,현물+금리차,2018-05-31,-0.1653,-0.296,0.0007,-0.2954
261240,종가 15:30,현물+금리차,2018-06-01,-0.1104,-0.2505,0.0007,-0.2499
261240,종가 15:30,현물+금리차,2018-06-04,-0.3867,-0.2884,0.0019,-0.2865
261240,종가 15:30,현물+금리차,2018-06-05,-0.1109,-0.112,0.0007,-0.1112
261240,종가 15:30,현물+금리차,2018-06-07,-0.1666,-0.1588,0.0014,-0.1574
261240,종가 15:30,현물+금리차,2018-06-08,0.6117,0.6455,0.0007,0.6462
261240,종가 15:30,현물+금리차,2018-06-11,-0.0553,-0.0651,0.002,-0.0631
261240,종가 15:30,현물+금리차,2018-06-12,0.3318,0.186,0.0007,0.1867
261240,종가 15:30,현물+금리차,2018-06-14,0.3748,0.5477,0.0013,0.549
261240,종가 15:30,현물+금리차,2018-06-15,1.4717,1.348,0.0007,1.3487
261240,종가 15:30,현물+금리차,2018-06-18,0.6386,0.6468,0.0021,0.6489
261240,종가 15:30,현물+금리차,2018-06-19,0.3227,0.3892,0.0007,0.3899
261240,종가 15:30,현물+금리차,2018-06-20,-0.2144,-0.3607,0.0007,-0.3599
261240,종가 15:30,현물+금리차,2018-06-21,0.5372,0.6968,0.0007,0.6975
261240,종가 15:30,현물+금리차,2018-06-22,-0.374,-0.4853,0.0007,-0.4846
261240,종가 15:30,현물+금리차,2018-06-25,0.9546,0.885,0.002,0.8869
261240,종가 15:30,현물+금리차,2018-06-26,-0.3081,-0.2148,0.0007,-0.2141
261240,종가 15:30,현물+금리차,2018-06-27,0.3091,0.2512,0.0007,0.2519
261240,종가 15:30,현물+금리차,2018-06-28,0.5844,0.5906,0.0007,0.5912
261240,종가 15:30,현물+금리차,2018-06-29,-0.8873,-0.8628,0.0007,-0.8622
261240,종가 15:30,현물+금리차,2018-07-02,0.5222,0.4935,0.002,0.4955
261240,종가 15:30,현물+금리차,2018-07-03,-0.053,-0.1161,0.0008,-0.1153
261240,종가 15:30,현물+금리차,2018-07-04,-0.3076,-0.3754,0.0008,-0.3746
261240,종가 15:30,현물+금리차,2018-07-05,0.2022,0.3679,0.0008,0.3687
261240,종가 15:30,현물+금리차,2018-07-06,-0.2018,-0.2414,0.0007,-0.2406
261240,종가 15:30,현물+금리차,2018-07-09,-0.3192,-0.3316,0.0023,-0.3293
261240,종가 15:30,현물+금리차,2018-07-10,0.4697,0.3417,0.0008,0.3425
261240,종가 15:30,현물+금리차,2018-07-11,0.2656,0.3584,0.0008,0.3592
261240,종가 15:30,현물+금리차,2018-07-12,0.6358,0.5268,0.0008,0.5276
261240,종가 15:30,현물+금리차,2018-07-13,-0.1053,-0.2132,0.0008,-0.2124
261240,종가 15:30,현물+금리차,2018-07-16,0.3584,0.5073,0.0024,0.5097
261240,종가 15:30,현물+금리차,2018-07-17,-0.3571,-0.4516,0.0009,-0.4507
261240,종가 15:30,현물+금리차,2018-07-18,0.6219,0.7295,0.0009,0.7304
261240,종가 15:30,현물+금리차,2018-07-19,0.1048,0.0795,0.0008,0.0803
261240,종가 15:30,현물+금리차,2018-07-20,-0.0523,0.0441,0.0008,0.045
261240,종가 15:30,현물+금리차,2018-07-23,-0.0524,-0.2029,0.0025,-0.2004
261240,종가 15:30,현물+금리차,2018-07-24,0.3143,0.3359,0.0008,0.3367
261240,종가 15:30,현물+금리차,2018-07-25,-0.7206,-0.784,0.0009,-0.7831
261240,종가 15:30,현물+금리차,2018-07-26,-0.7363,-0.6215,0.0009,-0.6206
261240,종가 15:30,현물+금리차,2018-07-27,-0.053,-0.1072,0.0008,-0.1064
261240,종가 15:30,현물+금리차,2018-07-30,0.106,0.1878,0.0025,0.1904
261240,종가 15:30,현물+금리차,2018-07-31,0.053,-0.1339,0.001,-0.1329
261240,종가 15:30,현물+금리차,2018-08-01,0.1059,0.1698,0.0009,0.1708
261240,종가 15:30,현물+금리차,2018-08-02,0.423,0.4908,0.0009,0.4917
261240,종가 15:30,현물+금리차,2018-08-03,0.2527,0.1332,0.0009,0.1341
261240,종가 15:30,현물+금리차,2018-08-06,-0.4621,-0.3193,0.0026,-0.3166
261240,종가 15:30,현물+금리차,2018-08-07,0.1583,-0.0178,0.001,-0.0168
261240,종가 15:30,현물+금리차,2018-08-08,-0.3687,-0.347,0.001,-0.346
261240,종가 15:30,현물+금리차,2018-08-09,-0.2115,-0.2411,0.001,-0.2401
261240,종가 15:30,현물+금리차,2018-08-10,0.9431,1.0473,0.001,1.0483
261240,종가 15:30,현물+금리차,2018-08-13,0.5249,0.4429,0.003,0.4459
261240,종가 15:30,현물+금리차,2018-08-14,-0.4699,-0.5291,0.001,-0.5281
261240,종가 15:30,현물+금리차,2018-08-16,0.2098,0.1951,0.0021,0.1972
261240,종가 15:30,현물+금리차,2018-08-17,-0.3665,-0.4601,0.001,-0.4591
261240,종가 15:30,현물+금리차,2018-08-20,-0.2522,-0.16,0.003,-0.1571
261240,종가 15:30,현물+금리차,2018-08-21,-0.4214,-0.4185,0.001,-0.4174
261240,종가 15:30,현물+금리차,2018-08-22,0.0529,0.0447,0.0011,0.0458
261240,종가 15:30,현물+금리차,2018-08-23,0.2115,0.2234,0.0011,0.2245
261240,종가 15:30,현물+금리차,2018-08-24,-0.2638,-0.2229,0.0011,-0.2219
261240,종가 15:30,현물+금리차,2018-08-27,-0.3703,-0.4558,0.0033,-0.4525
261240,종가 15:30,현물+금리차,2018-08-28,-0.4141,-0.3412,0.0012,-0.34
261240,종가 15:30,현물+금리차,2018-08-29,0.0533,0.018,0.0012,0.0192
261240,종가 15:30,현물+금리차,2018-08-30,-0.0533,-0.1441,0.0012,-0.1429
261240,종가 15:30,현물+금리차,2018-08-31,0.4159,0.3879,0.0012,0.389
261240,종가 15:30,현물+금리차,2018-09-03,-0.2549,-0.2336,0.0035,-0.2302
261240,종가 15:30,현물+금리차,2018-09-04,0.2555,0.4143,0.0012,0.4155
261240,종가 15:30,현물+금리차,2018-09-05,0.5841,0.592,0.0012,0.5932
261240,종가 15:30,현물+금리차,2018-09-06,0.2639,0.2229,0.0012,0.2242
261240,종가 15:30,현물+금리차,2018-09-07,-0.2632,-0.1068,0.0012,-0.1056
261240,종가 15:30,현물+금리차,2018-09-10,0.7285,0.4988,0.0037,0.5025
261240,종가 15:30,현물+금리차,2018-09-11,-0.3564,-0.2747,0.0013,-0.2735
261240,종가 15:30,현물+금리차,2018-09-12,0.3576,0.2933,0.0013,0.2945
261240,종가 15:30,현물+금리차,2018-09-13,-0.4612,-0.5494,0.0013,-0.5481
261240,종가 15:30,현물+금리차,2018-09-14,-0.4738,-0.5167,0.0013,-0.5155
261240,종가 15:30,현물+금리차,2018-09-17,0.6771,0.8956,0.0039,0.8995
261240,종가 15:30,현물+금리차,2018-09-18,-0.0946,-0.3018,0.0013,-0.3005
261240,종가 15:30,현물+금리차,2018-09-19,-0.3681,-0.187,0.0013,-0.1857
261240,종가 15:30,현물+금리차,2018-09-20,-0.0528,-0.0624,0.0013,-0.0612
261240,종가 15:30,현물+금리차,2018-09-21,-0.2641,-0.4552,0.0013,-0.4539
261240,종가 15:30,현물+금리차,2018-09-27,-0.3707,-0.2511,0.0081,-0.243
261240,종가 15:30,현물+금리차,2018-09-28,-0.3083,-0.2876,0.0013,-0.2863
261240,종가 15:30,현물+금리차,2018-10-01,0.3626,0.2254,0.0041,0.2295
261240,종가 15:30,현물+금리차,2018-10-02,0.6375,0.6656,0.0015,0.6671
261240,종가 15:30,현물+금리차,2018-10-04,0.834,0.956,0.003,0.959
261240,종가 15:30,현물+금리차,2018-10-05,0.0524,0.0443,0.0015,0.0457
261240,종가 15:30,현물+금리차,2018-10-08,0.2093,0.2035,0.0044,0.2078
261240,종가 15:30,현물+금리차,2018-10-10,0.1044,0.1148,0.0029,0.1177
261240,종가 15:30,현물+금리차,2018-10-11,0.9284,0.9171,0.0016,0.9187
261240,종가 15:30,현물+금리차,2018-10-12,-0.9199,-1.136,0.0016,-1.1344
261240,종가 15:30,현물+금리차,2018-10-15,0.0522,0.2563,0.0047,0.261
261240,종가 15:30,현물+금리차,2018-10-16,-0.4692,-0.5554,0.0016,-0.5538
261240,종가 15:30,현물+금리차,2018-10-17,-0.2095,-0.133,0.0016,-0.1314
261240,종가 15:30,현물+금리차,2018-10-18,0.7873,0.7723,0.0016,0.7739
261240,종가 15:30,현물+금리차,2018-10-19,-0.2604,-0.2731,0.0016,-0.2715
261240,종가 15:30,현물+금리차,2018-10-22,-0.1566,-0.3268,0.0046,-0.3222
261240,종가 15:30,현물+금리차,2018-10-23,0.774,0.8153,0.0016,0.817
261240,종가 15:30,현물+금리차,2018-10-24,-0.6124,-0.4659,0.0016,-0.4643
261240,종가 15:30,현물+금리차,2018-10-25,0.5117,0.5034,0.0016,0.505
261240,종가 15:30,현물+금리차,2018-10-26,0.4156,0.3427,0.0016,0.3443
261240,종가 15:30,현물+금리차,2018-10-29,0.1035,-0.0438,0.0048,-0.039
261240,종가 15:30,현물+금리차,2018-10-30,-0.3618,-0.1927,0.0016,-0.1911
261240,종가 15:30,현물+금리차,2018-10-31,0.0519,0.0351,0.0016,0.0367
261240,종가 15:30,현물+금리차,2018-11-01,-0.1037,-0.1316,0.0016,-0.13
261240,종가 15:30,현물+금리차,2018-11-02,-1.2766,-1.4498,0.0016,-1.4482
261240,종가 15:30,현물+금리차,2018-11-05,0.0,0.1694,0.0048,0.1742
261240,종가 15:30,현물+금리차,2018-11-06,0.1472,0.0267,0.0017,0.0284
261240,종가 15:30,현물+금리차,2018-11-07,0.0,-0.0445,0.0017,-0.0428
261240,종가 15:30,현물+금리차,2018-11-08,-0.5669,-0.5341,0.0017,-0.5325
261240,종가 15:30,현물+금리차,2018-11-09,0.8868,0.9845,0.0016,0.9862
261240,종가 15:30,현물+금리차,2018-11-12,0.6279,0.4963,0.005,0.5014
261240,종가 15:30,현물+금리차,2018-11-13,-0.208,-0.0529,0.0017,-0.0512
261240,종가 15:30,현물+금리차,2018-11-14,0.2084,0.0882,0.0018,0.09
261240,종가 15:30,현물+금리차,2018-11-15,-0.26,-0.4496,0.0017,-0.4479
261240,종가 15:30,현물+금리차,2018-11-16,-0.3128,-0.062,0.0017,-0.0603
261240,종가 15:30,현물+금리차,2018-11-19,0.1569,0.0089,0.005,0.0139
261240,종가 15:30,현물+금리차,2018-11-20,-0.2611,-0.2481,0.0018,-0.2463
261240,종가 15:30,현물+금리차,2018-11-21,0.4712,0.5152,0.0018,0.517
261240,종가 15:30,현물+금리차,2018-11-22,-0.1563,-0.2121,0.0018,-0.2103
261240,종가 15:30,현물+금리차,2018-11-23,0.1044,0.1151,0.0018,0.1169
261240,종가 15:30,현물+금리차,2018-11-26,-0.1043,-0.1415,0.0054,-0.1361
261240,종가 15:30,현물+금리차,2018-11-27,0.0522,0.0443,0.0018,0.0461
261240,종가 15:30,현물+금리차,2018-11-28,-0.2608,-0.2568,0.0018,-0.255
261240,종가 15:30,현물+금리차,2018-11-29,-0.6171,-0.648,0.0018,-0.6463
261240,종가 15:30,현물+금리차,2018-11-30,0.1473,0.1787,0.0017,0.1804
261240,종가 15:30,현물+금리차,2018-12-03,-0.8827,-0.9365,0.0035,-0.9331
261240,종가 15:30,현물+금리차,2018-12-04,-0.4665,-0.4862,0.0012,-0.485
261240,종가 15:30,현물+금리차,2018-12-05,0.7882,0.7962,0.0013,0.7975
261240,종가 15:30,현물+금리차,2018-12-06,0.4227,0.5565,0.0013,0.5578
261240,종가 15:30,현물+금리차,2018-12-07,0.0526,-0.0446,0.0013,-0.0434
261240,종가 15:30,현물+금리차,2018-12-10,0.4628,0.5983,0.0037,0.602
261240,종가 15:30,현물+금리차,2018-12-11,0.4712,0.3196,0.0013,0.3209
261240,종가 15:30,현물+금리차,2018-12-12,-0.1042,-0.1416,0.0013,-0.1403
261240,종가 15:30,현물+금리차,2018-12-13,-0.4694,-0.4519,0.0013,-0.4506
261240,종가 15:30,현물+금리차,2018-12-14,0.5765,0.6587,0.0013,0.66
261240,종가 15:30,현물+금리차,2018-12-17,0.1563,0.0442,0.0039,0.0481
261240,종가 15:30,현물+금리차,2018-12-18,-0.2601,-0.1503,0.0013,-0.149
261240,종가 15:30,현물+금리차,2018-12-19,-0.4173,-0.54,0.0012,-0.5388
261240,종가 15:30,현물+금리차,2018-12-20,0.419,0.3827,0.0012,0.384
261240,종가 15:30,현물+금리차,2018-12-21,-0.3651,-0.4788,0.0012,-0.4776
261240,종가 15:30,현물+금리차,2018-12-24,0.0524,0.2495,0.0036,0.2531
261240,종가 15:30,현물+금리차,2018-12-26,0.2093,0.0178,0.0028,0.0206
261240,종가 15:30,현물+금리차,2018-12-27,-0.5744,-0.4798,0.0013,-0.4785
261240,종가 15:30,현물+금리차,2018-12-28,-0.1996,-0.3839,0.0012,-0.3827
261240,종가 15:30,현물+금리차,2019-01-02,0.2,0.2958,0.0058,0.3015
261240,종가 15:30,현물+금리차,2019-01-03,0.8402,0.7775,0.0012,0.7787
261240,종가 15:30,현물+금리차,2019-01-04,-0.2604,-0.2838,0.0012,-0.2826
261240,종가 15:30,현물+금리차,2019-01-07,-0.6266,-0.5247,0.0042,-0.5205
261240,종가 15:30,현물+금리차,2019-01-08,0.4203,0.4917,0.0015,0.4932
261240,종가 15:30,현물+금리차,2019-01-09,-0.0523,-0.1779,0.0015,-0.1764
261240,종가 15:30,현물+금리차,2019-01-10,-0.2094,-0.3387,0.0015,-0.3372
261240,종가 15:30,현물+금리차,2019-01-11,-0.3043,-0.1699,0.0014,-0.1685
261240,종가 15:30,현물+금리차,2019-01-14,0.5683,0.5912,0.0043,0.5955
261240,종가 15:30,현물+금리차,2019-01-15,-0.0523,-0.2048,0.0015,-0.2033
261240,종가 15:30,현물+금리차,2019-01-16,-0.0524,-0.0535,0.0015,-0.0521
261240,종가 15:30,현물+금리차,2019-01-17,0.2095,0.2143,0.0014,0.2157
261240,종가 15:30,현물+금리차,2019-01-18,0.0,-0.0535,0.0014,-0.0521
261240,종가 15:30,현물+금리차,2019-01-21,0.5227,0.5526,0.0041,0.5568
261240,종가 15:30,현물+금리차,2019-01-22,0.2496,0.2127,0.0014,0.2141
261240,종가 15:30,현물+금리차,2019-01-23,-0.3008,-0.2831,0.0014,-0.2816
261240,종가 15:30,현물+금리차,2019-01-24,0.104,0.1153,0.0014,0.1167
261240,종가 15:30,현물+금리차,2019-01-25,-0.6236,-0.6468,0.0013,-0.6456
261240,종가 15:30,현물+금리차,2019-01-28,-0.3138,-0.3211,0.0039,-0.3171
261240,종가 15:30,현물+금리차,2019-01-29,-0.1049,-0.1074,0.0014,-0.106
261240,종가 15:30,현물+금리차,2019-01-30,0.0,-0.0179,0.0014,-0.0165
261240,종가 15:30,현물+금리차,2019-01-31,-0.2521,-0.3225,0.0014,-0.3211
261240,종가 15:30,현물+금리차,2019-02-01,0.516,0.5482,0.0014,0.5496
261240,종가 15:30,현물+금리차,2019-02-07,0.419,0.4737,0.0081,0.4818
261240,종가 15:30,현물+금리차,2019-02-08,0.0522,-0.0178,0.0014,-0.0164
261240,종가 15:30,현물+금리차,2019-02-11,0.1043,0.0712,0.0043,0.0755
261240,종가 15:30,현물+금리차,2019-02-12,-0.0521,-0.0711,0.0015,-0.0697
261240,종가 15:30,현물+금리차,2019-02-13,-0.2084,-0.1957,0.0014,-0.1943
261240,종가 15:30,현물+금리차,2019-02-14,0.3133,0.3031,0.0015,0.3046
261240,종가 15:30,현물+금리차,2019-02-15,0.3019,0.32,0.0014,0.3214
261240,종가 15:30,현물+금리차,2019-02-18,-0.2491,-0.2569,0.0043,-0.2527
261240,종가 15:30,현물+금리차,2019-02-19,0.104,0.2132,0.0014,0.2146
261240,종가 15:30,현물+금리차,2019-02-20,-0.2598,-0.4166,0.0015,-0.4151
261240,종가 15:30,현물+금리차,2019-02-21,0.1563,0.1513,0.0014,0.1527
261240,종가 15:30,현물+금리차,2019-02-22,0.0,0.0,0.0014,0.0014
261240,종가 15:30,현물+금리차,2019-02-25,-0.3642,-0.3733,0.0043,-0.369
261240,종가 15:30,현물+금리차,2019-02-26,-0.2089,-0.2141,0.0015,-0.2126
261240,종가 15:30,현물+금리차,2019-02-27,0.0,0.0447,0.0014,0.0461
261240,종가 15:30,현물+금리차,2019-02-28,0.5756,0.5004,0.0014,0.5018
261240,종가 15:30,현물+금리차,2019-03-04,-0.052,0.0178,0.0056,0.0234
261240,종가 15:30,현물+금리차,2019-03-05,0.1041,0.0533,0.0014,0.0548
261240,종가 15:30,현물+금리차,2019-03-06,0.3536,0.2932,0.0014,0.2946
261240,종가 15:30,현물+금리차,2019-03-07,0.0,0.0177,0.0014,0.0191
261240,종가 15:30,현물+금리차,2019-03-08,0.6218,0.6377,0.0014,0.6391
261240,종가 15:30,현물+금리차,2019-03-11,-0.103,-0.22,0.0043,-0.2158
261240,종가 15:30,현물+금리차,2019-03-12,-0.3608,-0.344,0.0014,-0.3426
261240,종가 15:30,현물+금리차,2019-03-13,0.2587,0.2478,0.0014,0.2493
261240,종가 15:30,현물+금리차,2019-03-14,21.9814,0.1942,0.0014,0.1956
261240,종가 15:30,현물+금리차,2019-03-15,-17.6819,0.2203,0.0014,0.2217
261240,종가 15:30,현물+금리차,2019-03-18,-0.6166,-0.4572,0.0041,-0.4531
261240,종가 15:30,현물+금리차,2019-03-19,0.0517,-0.1325,0.0013,-0.1312
261240,종가 15:30,현물+금리차,2019-03-20,-0.0517,-0.0177,0.0014,-0.0163
261240,종가 15:30,현물+금리차,2019-03-21,-0.2585,-0.2389,0.0014,-0.2374
261240,종가 15:30,현물+금리차,2019-03-22,0.2592,0.2128,0.0015,0.2143
261240,종가 15:30,현물+금리차,2019-03-25,0.3619,0.3628,0.0042,0.367
261240,종가 15:30,현물+금리차,2019-03-26,0.0,-0.0705,0.0014,-0.0691
261240,종가 15:30,현물+금리차,2019-03-27,0.103,0.0971,0.0014,0.0985
261240,종가 15:30,현물+금리차,2019-03-28,0.1956,0.2027,0.0013,0.2041
261240,종가 15:30,현물+금리차,2019-03-29,-0.0925,-0.1495,0.0013,-0.1482
261240,종가 15:30,현물+금리차,2019-04-01,-0.1542,-0.1233,0.0037,-0.1196
261240,종가 15:30,현물+금리차,2019-04-02,0.206,0.2382,0.0013,0.2395
261240,종가 15:30,현물+금리차,2019-04-03,-0.1542,-0.1848,0.0013,-0.1835
261240,종가 15:30,현물+금리차,2019-04-04,0.1956,0.1763,0.0014,0.1777
261240,종가 15:30,현물+금리차,2019-04-05,0.0,0.0264,0.0014,0.0278
261240,종가 15:30,현물+금리차,2019-04-08,0.6164,0.7127,0.0044,0.717
261240,종가 15:30,현물+금리차,2019-04-09,-0.0511,-0.2271,0.0014,-0.2257
261240,종가 15:30,현물+금리차,2019-04-10,-0.3065,-0.3065,0.0014,-0.3051
261240,종가 15:30,현물+금리차,2019-04-11,-0.1025,0.0703,0.0014,0.0717
261240,종가 15:30,현물+금리차,2019-04-12,0.1539,0.0,0.0014,0.0014
261240,종가 15:30,현물+금리차,2019-04-15,-0.5531,-0.5529,0.0044,-0.5486
261240,종가 15:30,현물+금리차,2019-04-16,0.2472,0.2295,0.0014,0.2309
261240,종가 15:30,현물+금리차,2019-04-17,-0.0411,-0.0792,0.0014,-0.0778
261240,종가 15:30,현물+금리차,2019-04-18,0.0411,0.1851,0.0015,0.1865
261240,종가 15:30,현물+금리차,2019-04-19,0.1027,0.0,0.0014,0.0014
261240,종가 15:30,현물+금리차,2019-04-22,0.4618,0.4046,0.0042,0.4088
261240,종가 15:30,현물+금리차,2019-04-23,0.0,0.0263,0.0015,0.0278
261240,종가 15:30,현물+금리차,2019-04-24,0.6538,0.797,0.0015,0.7985
261240,종가 15:30,현물+금리차,2019-04-25,1.0048,0.8341,0.0015,0.8356
261240,종가 15:30,현물+금리차,2019-04-26,0.0,0.0431,0.0015,0.0445
261240,종가 15:30,현물+금리차,2019-04-29,-0.1909,-0.2153,0.0044,-0.211
261240,종가 15:30,현물+금리차,2019-04-30,0.8457,0.8373,0.0015,0.8388
261240,종가 15:30,현물+금리차,2019-05-02,-0.1997,-0.214,0.003,-0.2111
261240,종가 15:30,현물+금리차,2019-05-03,0.4001,0.3689,0.0016,0.3704
261240,종가 15:30,현물+금리차,2019-05-07,-0.2989,-0.2991,0.0059,-0.2932
261240,종가 15:30,현물+금리차,2019-05-08,0.1999,0.2486,0.0015,0.2501
261240,종가 15:30,현물+금리차,2019-05-09,0.8876,0.8893,0.0015,0.8908
261240,종가 15:30,현물+금리차,2019-05-10,-0.2471,-0.2373,0.0015,-0.2359
261240,종가 15:30,현물+금리차,2019-05-13,0.9811,0.8921,0.0044,0.8966
261240,종가 15:30,현물+금리차,2019-05-14,0.1472,0.16,0.0014,0.1614
261240,종가 15:30,현물+금리차,2019-05-15,0.0,-0.0673,0.0014,-0.0658
261240,종가 15:30,현물+금리차,2019-05-16,0.196,0.244,0.0015,0.2454
261240,종가 15:30,현물+금리차,2019-05-17,0.3423,0.3525,0.0014,0.3539
261240,종가 15:30,현물+금리차,2019-05-20,-0.0975,-0.1254,0.0041,-0.1213
261240,종가 15:30,현물+금리차,2019-05-21,0.0488,-0.0167,0.0014,-0.0154
261240,종가 15:30,현물+금리차,2019-05-22,-0.0975,-0.1005,0.0014,-0.0991
261240,종가 15:30,현물+금리차,2019-05-23,-0.3416,-0.3018,0.0013,-0.3005
261240,종가 15:30,현물+금리차,2019-05-24,-0.0979,-0.0673,0.0013,-0.066
261240,종가 15:30,현물+금리차,2019-05-27,-0.2941,-0.3282,0.0038,-0.3244
261240,종가 15:30,현물+금리차,2019-05-28,0.1967,0.1098,0.0013,0.111
261240,종가 15:30,현물+금리차,2019-05-29,0.6869,0.6831,0.0013,0.6844
261240,종가 15:30,현물+금리차,2019-05-30,-0.3899,-0.4272,0.0013,-0.4259
261240,종가 15:30,현물+금리차,2019-05-31,0.0978,0.1766,0.0013,0.178
261240,종가 15:30,현물+금리차,2019-06-03,-0.6745,-0.7389,0.0038,-0.7352
261240,종가 15:30,현물+금리차,2019-06-04,0.0,0.0592,0.0013,0.0605
261240,종가 15:30,현물+금리차,2019-06-05,-0.2952,-0.3551,0.0013,-0.3538
261240,종가 15:30,현물+금리차,2019-06-07,0.1974,0.2376,0.0026,0.2402
261240,종가 15:30,현물+금리차,2019-06-10,0.3842,0.3217,0.0034,0.325
261240,종가 15:30,현물+금리차,2019-06-11,-0.3337,-0.405,0.0012,-0.4038
261240,종가 15:30,현물+금리차,2019-06-12,0.1378,0.1864,0.0011,0.1875
261240,종가 15:30,현물+금리차,2019-06-13,-0.0885,0.0423,0.001,0.0433
261240,종가 15:30,현물+금리차,2019-06-14,0.2362,0.186,0.0009,0.1869
261240,종가 15:30,현물+금리차,2019-06-17,0.1473,0.1012,0.0028,0.104
261240,종가 15:30,현물+금리차,2019-06-18,-0.049,-0.059,0.001,-0.058
261240,종가 15:30,현물+금리차,2019-06-19,-0.7749,-0.818,0.001,-0.817
261240,종가 15:30,현물+금리차,2019-06-20,-1.1764,-1.1904,0.0009,-1.1895
261240,종가 15:30,현물+금리차,2019-06-21,0.1,0.1635,0.0008,0.1643
261240,종가 15:30,현물+금리차,2019-06-24,-0.5496,-0.6443,0.0022,-0.6421
261240,종가 15:30,현물+금리차,2019-06-25,-0.0904,-0.0259,0.0008,-0.0251
261240,종가 15:30,현물+금리차,2019-06-26,0.0402,0.0346,0.0008,0.0354
261240,종가 15:30,현물+금리차,2019-06-27,0.2011,0.1297,0.0009,0.1306
261240,종가 15:30,현물+금리차,2019-06-28,-0.2408,-0.2936,0.0008,-0.2927
261240,종가 15:30,현물+금리차,2019-07-01,0.2917,0.3551,0.0025,0.3575
261240,종가 15:30,현물+금리차,2019-07-02,0.702,0.6213,0.001,0.6224
261240,종가 15:30,현물+금리차,2019-07-03,0.3884,0.4545,0.001,0.4556
261240,종가 15:30,현물+금리차,2019-07-04,-0.1984,-0.2305,0.001,-0.2295
261240,종가 15:30,현물+금리차,2019-07-05,0.1988,0.154,0.001,0.1551
261240,종가 15:30,현물+금리차,2019-07-08,0.9324,0.9911,0.0033,0.9944
261240,종가 15:30,현물+금리차,2019-07-09,-0.0491,-0.1269,0.0012,-0.1257
261240,종가 15:30,현물+금리차,2019-07-10,0.0492,0.0932,0.0012,0.0944
261240,종가 15:30,현물+금리차,2019-07-11,-0.7273,-0.6855,0.001,-0.6845
261240,종가 15:30,현물+금리차,2019-07-12,0.4455,0.4857,0.0009,0.4867
261240,종가 15:30,현물+금리차,2019-07-15,0.0986,0.0085,0.0026,0.0111
261240,종가 15:30,현물+금리차,2019-07-16,-0.0492,-0.1442,0.0009,-0.1433
261240,종가 15:30,현물+금리차,2019-07-17,0.2857,0.3142,0.0009,0.3151
261240,종가 15:30,현물+금리차,2019-07-18,-0.2358,-0.2116,0.001,-0.2106
261240,종가 15:30,현물+금리차,2019-07-19,-0.2954,-0.3648,0.0011,-0.3637
261240,종가 15:30,현물+금리차,2019-07-22,0.3456,0.3235,0.0035,0.3271
261240,종가 15:30,현물+금리차,2019-07-23,0.0,0.0509,0.0012,0.0522
261240,종가 15:30,현물+금리차,2019-07-24,-0.0984,-0.0848,0.0012,-0.0836
261240,종가 15:30,현물+금리차,2019-07-25,0.2857,0.3056,0.0013,0.307
261240,종가 15:30,현물+금리차,2019-07-26,0.3438,0.2793,0.0014,0.2807
261240,종가 15:30,현물+금리차,2019-07-29,-0.0979,-0.1097,0.0045,-0.1052
261240,종가 15:30,현물+금리차,2019-07-30,-0.147,-0.1605,0.0015,-0.1591
261240,종가 15:30,현물+금리차,2019-07-31,0.0981,0.1269,0.0014,0.1284
261240,종가 15:30,현물+금리차,2019-08-01,0.5392,0.4564,0.0015,0.4579
261240,종가 15:30,현물+금리차,2019-08-02,0.7216,0.7993,0.0015,0.8008
261240,종가 15:30,현물+금리차,2019-08-05,1.5781,1.4441,0.0043,1.4484
261240,종가 15:30,현물+금리차,2019-08-06,-0.0477,0.0,0.0014,0.0014
261240,종가 15:30,현물+금리차,2019-08-07,-0.0381,-0.0329,0.0014,-0.0315
261240,종가 15:30,현물+금리차,2019-08-08,-0.477,-0.4692,0.0013,-0.4678
261240,종가 15:30,현물+금리차,2019-08-09,0.1438,0.1075,0.0013,0.1089
261240,종가 15:30,현물+금리차,2019-08-12,0.469,0.4709,0.0039,0.4748
261240,종가 15:30,현물+금리차,2019-08-13,0.524,0.4933,0.0013,0.4946
261240,종가 15:30,현물+금리차,2019-08-14,-0.7961,-0.7773,0.0013,-0.776
261240,종가 15:30,현물+금리차,2019-08-16,-0.0955,-0.1567,0.0024,-0.1543
261240,종가 15:30,현물+금리차,2019-08-19,0.0,0.0165,0.0028,0.0193
261240,종가 15:30,현물+금리차,2019-08-20,-0.2391,-0.223,0.0011,-0.2218
261240,종가 15:30,현물+금리차,2019-08-21,-0.4792,-0.48,0.0011,-0.4789
261240,종가 15:30,현물+금리차,2019-08-22,0.3852,0.4075,0.0012,0.4087
261240,종가 15:30,현물+금리차,2019-08-23,0.3358,0.265,0.0013,0.2663
261240,종가 15:30,현물+금리차,2019-08-26,0.5642,0.5947,0.0036,0.5984
261240,종가 15:30,현물+금리차,2019-08-27,-0.5135,-0.542,0.0013,-0.5407
261240,종가 15:30,현물+금리차,2019-08-28,0.2294,0.2229,0.0012,0.2242
261240,종가 15:30,현물+금리차,2019-08-29,0.1907,0.2059,0.0013,0.2072
261240,종가 15:30,현물+금리차,2019-08-30,-0.3712,-0.4275,0.0013,-0.4262
261240,종가 15:30,현물+금리차,2019-09-02,-0.0478,-0.033,0.0038,-0.0292
261240,종가 15:30,현물+금리차,2019-09-03,0.3727,0.3964,0.0013,0.3977
261240,종가 15:30,현물+금리차,2019-09-04,-0.6094,-0.6088,0.0012,-0.6075
261240,종가 15:30,현물+금리차,2019-09-05,-0.6131,-0.6621,0.0012,-0.661
261240,종가 15:30,현물+금리차,2019-09-06,-0.3374,-0.275,0.0011,-0.2739
261240,종가 15:30,현물+금리차,2019-09-09,-0.3869,-0.3258,0.0031,-0.3227
261240,종가 15:30,현물+금리차,2019-09-10,0.0971,0.0251,0.001,0.0262
261240,종가 15:30,현물+금리차,2019-09-11,-0.194,-0.1927,0.001,-0.1917
261240,종가 15:30,현물+금리차,2019-09-16,-0.6706,-0.6633,0.0052,-0.6581
261240,종가 15:30,현물+금리차,2019-09-17,0.6751,0.6424,0.0011,0.6435
261240,종가 15:30,현물+금리차,2019-09-18,0.0972,0.0504,0.0011,0.0515
261240,종가 15:30,현물+금리차,2019-09-19,0.1456,0.1931,0.001,0.1941
261240,종가 15:30,현물+금리차,2019-09-20,-0.4266,-0.4692,0.0009,-0.4682
261240,종가 15:30,현물+금리차,2019-09-23,0.5258,0.5051,0.0026,0.5077
261240,종가 15:30,현물+금리차,2019-09-24,0.1453,0.1424,0.001,0.1433
261240,종가 15:30,현물+금리차,2019-09-25,0.2902,0.2593,0.0009,0.2602
261240,종가 15:30,현물+금리차,2019-09-26,0.0,0.0,0.0008,0.0008
261240,종가 15:30,현물+금리차,2019-09-27,0.0868,0.0918,0.0007,0.0924
261240,종가 15:30,현물+금리차,2019-09-30,-0.2794,-0.3084,0.0017,-0.3066
261240,종가 15:30,현물+금리차,2019-10-01,0.2802,0.2341,0.0008,0.2349
261240,종가 15:30,현물+금리차,2019-10-02,0.53,0.5838,0.0006,0.5845
261240,종가 15:30,현물+금리차,2019-10-04,-0.7093,-0.7629,0.0011,-0.7618
261240,종가 15:30,현물+금리차,2019-10-07,-0.0483,-0.0167,0.0011,-0.0156
261240,종가 15:30,현물+금리차,2019-10-08,-0.2897,-0.2925,0.0004,-0.2921
261240,종가 15:30,현물+금리차,2019-10-10,0.2906,0.2598,0.0007,0.2605
261240,종가 15:30,현물+금리차,2019-10-11,-0.5795,-0.6186,0.0003,-0.6184
261240,종가 15:30,현물+금리차,2019-10-14,-0.3789,-0.3281,0.0008,-0.3272
261240,종가 15:30,현물+금리차,2019-10-15,0.0488,0.0253,0.0003,0.0256
261240,종가 15:30,현물+금리차,2019-10-16,0.2339,0.2194,0.0002,0.2196
261240,종가 15:30,현물+금리차,2019-10-17,-0.0486,-0.0674,0.0007,-0.0666
261240,종가 15:30,현물+금리차,2019-10-18,-0.4281,-0.4634,0.0007,-0.4626
261240,종가 15:30,현물+금리차,2019-10-21,-0.8207,-0.8041,0.0022,-0.8019
261240,종가 15:30,현물+금리차,2019-10-22,-0.197,-0.1962,0.0008,-0.1955
261240,종가 15:30,현물+금리차,2019-10-23,0.2468,0.2308,0.0007,0.2315
261240,종가 15:30,현물+금리차,2019-10-24,0.0492,0.0426,0.0007,0.0434
261240,종가 15:30,현물+금리차,2019-10-25,0.0,0.0085,0.0007,0.0093
261240,종가 15:30,현물+금리차,2019-10-28,-0.246,-0.1961,0.0021,-0.1939
261240,종가 15:30,현물+금리차,2019-10-29,-0.5919,-0.6577,0.0005,-0.6572
261240,종가 15:30,현물+금리차,2019-10-30,0.397,0.4385,0.0004,0.439
261240,종가 15:30,현물+금리차,2019-10-31,-0.2966,-0.4024,0.0004,-0.402
261240,종가 15:30,현물+금리차,2019-11-01,0.1487,0.1891,0.0002,0.1893
261240,종가 15:30,현물+금리차,2019-11-04,-0.5346,-0.5491,0.0004,-0.5487
261240,종가 15:30,현물+금리차,2019-11-05,-0.1493,-0.1467,0.0001,-0.1465
261240,종가 15:30,현물+금리차,2019-11-06,-0.0997,-0.0518,0.0001,-0.0517
261240,종가 15:30,현물+금리차,2019-11-07,0.2993,0.2075,0.0001,0.2075
261240,종가 15:30,현물+금리차,2019-11-08,-0.199,-0.1553,0.0,-0.1552
261240,종가 15:30,현물+금리차,2019-11-11,0.7376,0.8035,0.0,0.8035
261240,종가 15:30,현물+금리차,2019-11-12,-0.4453,-0.5142,-0.0,-0.5143
261240,종가 15:30,현물+금리차,2019-11-13,0.5467,0.603,0.0001,0.6031
261240,종가 15:30,현물+금리차,2019-11-14,0.3954,0.1627,0.0,0.1627
261240,종가 15:30,현물+금리차,2019-11-15,-0.4431,-0.265,0.0,-0.265
261240,종가 15:30,현물+금리차,2019-11-18,-0.1484,-0.18,0.0001,-0.1799
261240,종가 15:30,현물+금리차,2019-11-19,0.2971,0.2662,0.0,0.2662
261240,종가 15:30,현물+금리차,2019-11-20,0.1975,0.2141,0.0,0.2141
261240,종가 15:30,현물+금리차,2019-11-21,0.6801,0.6837,0.0,0.6837
261240,종가 15:30,현물+금리차,2019-11-22,0.0979,0.0679,0.0001,0.068
261240,종가 15:30,현물+금리차,2019-11-25,-0.3912,-0.246,0.0002,-0.2458
261240,종가 15:30,현물+금리차,2019-11-26,0.1473,0.0595,0.0001,0.0597
261240,종가 15:30,현물+금리차,2019-11-27,0.098,0.0425,0.0001,0.0426
261240,종가 15:30,현물+금리차,2019-11-28,0.1469,0.1529,0.0002,0.1531
261240,종가 15:30,현물+금리차,2019-11-29,0.2445,0.1866,0.0002,0.1868
261240,종가 15:30,현물+금리차,2019-12-02,0.0976,0.1609,0.0002,0.1611
261240,종가 15:30,현물+금리차,2019-12-03,0.2827,0.3465,0.0001,0.3467
261240,종가 15:30,현물+금리차,2019-12-04,0.6803,0.598,0.0,0.5981
261240,종가 15:30,현물+금리차,2019-12-05,-0.2896,-0.3433,-0.0,-0.3433
261240,종가 15:30,현물+금리차,2019-12-06,-0.0968,-0.0504,-0.0001,-0.0505
261240,종가 15:30,현물+금리차,2019-12-09,0.0,0.0252,-0.0002,0.025
261240,종가 15:30,현물+금리차,2019-12-10,0.1938,0.1177,-0.0001,0.1176
261240,종가 15:30,현물+금리차,2019-12-11,0.2418,0.2854,0.0,0.2854
261240,종가 15:30,현물+금리차,2019-12-12,-0.6754,-0.6613,0.0,-0.6612
261240,종가 15:30,현물+금리차,2019-12-13,-1.2532,-1.2723,0.0,-1.2723
261240,종가 15:30,현물+금리차,2019-12-16,0.0492,0.0512,0.0001,0.0513
261240,종가 15:30,현물+금리차,2019-12-17,-0.531,-0.5203,0.0,-0.5203
261240,종가 15:30,현물+금리차,2019-12-18,0.1977,0.2229,0.0,0.2229
261240,종가 15:30,현물+금리차,2019-12-19,-0.2466,-0.2738,0.0,-0.2738
261240,종가 15:30,현물+금리차,2019-12-20,-0.3956,-0.429,0.0,-0.4289
261240,종가 15:30,현물+금리차,2019-12-23,0.2482,0.3188,0.0002,0.319
261240,종가 15:30,현물+금리차,2019-12-24,-0.0495,-0.0344,0.0001,-0.0343
261240,종가 15:30,현물+금리차,2019-12-26,-0.1486,-0.1804,0.0001,-0.1803
261240,종가 15:30,현물+금리차,2019-12-27,-0.0496,-0.0258,0.0001,-0.0258
261240,종가 15:30,현물+금리차,2019-12-30,-0.3376,-0.4391,0.0001,-0.439
261240,종가 15:30,현물+금리차,2020-01-02,0.2391,0.147,0.0001,0.1471
261240,종가 15:30,현물+금리차,2020-01-03,0.6958,0.7771,-0.0001,0.7771
261240,종가 15:30,현물+금리차,2020-01-06,0.4343,0.4284,-0.0003,0.4281
261240,종가 15:30,현물+금리차,2020-01-07,-0.3833,-0.4863,0.0001,-0.4862
261240,종가 15:30,현물+금리차,2020-01-08,0.3848,0.3772,0.0001,0.3774
261240,종가 15:30,현물+금리차,2020-01-09,-1.0221,-0.9993,0.0001,-0.9992
261240,종가 15:30,현물+금리차,2020-01-10,0.1986,0.1898,0.0001,0.1899
261240,종가 15:30,현물+금리차,2020-01-13,-0.4856,-0.4564,0.0004,-0.456
261240,종가 15:30,현물+금리차,2020-01-14,0.0498,0.0087,0.0002,0.0089
261240,종가 15:30,현물+금리차,2020-01-15,0.0896,0.0778,0.0002,0.0781
261240,종가 15:30,현물+금리차,2020-01-16,0.3481,0.3544,0.0002,0.3546
261240,종가 15:30,현물+금리차,2020-01-17,-0.1486,-0.1464,0.0002,-0.1462
261240,종가 15:30,현물+금리차,2020-01-20,-0.0992,-0.1121,0.0006,-0.1116
261240,종가 15:30,현물+금리차,2020-01-21,0.7451,0.7685,0.0002,0.7687
261240,종가 15:30,현물+금리차,2020-01-22,-0.1479,-0.2057,0.0002,-0.2055
261240,종가 15:30,현물+금리차,2020-01-23,0.2963,0.3521,0.0002,0.3522
261240,종가 15:30,현물+금리차,2020-01-28,0.7286,0.6845,0.0008,0.6853
261240,종가 15:30,현물+금리차,2020-01-29,0.0978,0.0425,0.0002,0.0427
261240,종가 15:30,현물+금리차,2020-01-30,0.625,0.6626,0.0002,0.6628
261240,종가 15:30,현물+금리차,2020-01-31,0.5823,0.5738,0.0003,0.5741
261240,종가 15:30,현물+금리차,2020-02-03,0.2316,0.2685,0.0008,0.2693
261240,종가 15:30,현물+금리차,2020-02-04,-0.568,-0.636,0.0003,-0.6357
261240,종가 15:30,현물+금리차,2020-02-05,0.3389,0.3453,0.0003,0.3456
261240,종가 15:30,현물+금리차,2020-02-06,-1.0035,-0.982,0.0003,-0.9816
261240,종가 15:30,현물+금리차,2020-02-07,0.6238,0.5679,0.0003,0.5682
261240,종가 15:30,현물+금리차,2020-02-10,0.0484,0.0506,0.0009,0.0515
261240,종가 15:30,현물+금리차,2020-02-11,-0.4357,-0.4633,0.0004,-0.463
261240,종가 15:30,현물+금리차,2020-02-12,-0.2334,-0.1777,0.0003,-0.1774
261240,종가 15:30,현물+금리차,2020-02-13,0.2827,0.2798,0.0004,0.2801
261240,종가 15:30,현물+금리차,2020-02-14,0.0972,0.0169,0.0004,0.0173
261240,종가 15:30,현물+금리차,2020-02-17,0.0,0.0761,0.0011,0.0771
261240,종가 15:30,현물+금리차,2020-02-18,0.534,0.473,0.0004,0.4734
261240,종가 15:30,현물+금리차,2020-02-19,0.0,-0.0168,0.0004,-0.0165
261240,종가 15:30,현물+금리차,2020-02-20,0.763,0.7904,0.0004,0.7907
261240,종가 15:30,현물+금리차,2020-02-21,0.8531,0.8759,0.0004,0.8763
261240,종가 15:30,현물+금리차,2020-02-24,0.8934,0.9097,0.001,0.9107
261240,종가 15:30,현물+금리차,2020-02-25,-0.7442,-0.8113,0.0002,-0.8111
261240,종가 15:30,현물+금리차,2020-02-26,0.522,0.5453,0.0002,0.5456
261240,종가 15:30,현물+금리차,2020-02-27,0.0378,0.0247,0.0002,0.0249
261240,종가 15:30,현물+금리차,2020-02-28,-0.1793,-0.2875,0.0,-0.2875
261240,종가 15:30,현물+금리차,2020-03-02,-1.6924,-1.6479,-0.0013,-1.6491
261240,종가 15:30,현물+금리차,2020-03-03,0.0481,0.1257,-0.0008,0.1248
261240,종가 15:30,현물+금리차,2020-03-04,-0.5671,-0.6191,-0.0013,-0.6205
261240,종가 15:30,현물+금리차,2020-03-05,-0.58,-0.5556,-0.0019,-0.5575
261240,종가 15:30,현물+금리차,2020-03-06,0.9627,0.9397,-0.0022,0.9375
261240,종가 15:30,현물+금리차,2020-03-09,1.0498,0.9981,-0.0078,0.9902
261240,종가 15:30,현물+금리차,2020-03-10,-0.9436,-0.9135,-0.003,-0.9164
261240,종가 15:30,현물+금리차,2020-03-11,0.0481,-0.0168,-0.0027,-0.0194
261240,종가 15:30,현물+금리차,2020-03-12,1.0964,1.1316,-0.0027,1.1289
261240,종가 15:30,현물+금리차,2020-03-13,0.761,1.0609,-0.0029,1.058
261240,종가 15:30,현물+금리차,2020-03-16,0.8875,0.5495,-0.0092,0.5402
261240,종가 15:30,현물+금리차,2020-03-17,1.385,1.4274,-0.0032,1.4242
261240,종가 15:30,현물+금리차,2020-03-18,0.3692,0.1769,-0.0023,0.1746
261240,종가 15:30,현물+금리차,2020-03-19,3.0991,3.211,-0.0027,3.2082
261240,종가 15:30,현물+금리차,2020-03-20,-3.0506,-3.0489,-0.0027,-3.0515
261240,종가 15:30,현물+금리차,2020-03-23,1.6837,1.6045,-0.008,1.5964
261240,종가 15:30,현물+금리차,2020-03-24,-1.5201,-1.3344,-0.0027,-1.3371
261240,종가 15:30,현물+금리차,2020-03-25,-1.6446,-1.5765,-0.0029,-1.5794
261240,종가 15:30,현물+금리차,2020-03-26,0.4204,0.2358,-0.0031,0.2327
261240,종가 15:30,현물+금리차,2020-03-27,-1.6558,-1.8008,-0.0032,-1.8039
261240,종가 15:30,현물+금리차,2020-03-30,1.0783,1.1399,-0.0088,1.131
261240,종가 15:30,현물+금리차,2020-03-31,-0.4679,-0.5717,-0.0027,-0.5744
261240,종가 15:30,현물+금리차,2020-04-01,1.0718,1.0761,-0.0027,1.0733
261240,종가 15:30,현물+금리차,2020-04-02,-0.2326,-0.1788,-0.0028,-0.1816
261240,종가 15:30,현물+금리차,2020-04-03,0.3263,0.2117,-0.0028,0.2089
261240,종가 15:30,현물+금리차,2020-04-06,-0.1859,-0.13,-0.0082,-0.1382
261240,종가 15:30,현물+금리차,2020-04-07,-0.6425,-0.6589,-0.0026,-0.6615
261240,종가 15:30,현물+금리차,2020-04-08,0.0,-0.0246,-0.0026,-0.0272
261240,종가 15:30,현물+금리차,2020-04-09,-0.0937,-0.1147,-0.0024,-0.1171
261240,종가 15:30,현물+금리차,2020-04-10,-0.9755,-0.8774,-0.0023,-0.8797
261240,종가 15:30,현물+금리차,2020-04-13,0.843,0.7528,-0.007,0.7458
261240,종가 15:30,현물+금리차,2020-04-14,-0.1879,-0.0493,-0.0023,-0.0516
261240,종가 15:30,현물+금리차,2020-04-16,1.0258,0.9365,-0.0049,0.9315
261240,종가 15:30,현물+금리차,2020-04-17,-0.9688,-0.879,-0.0026,-0.8816
261240,종가 15:30,현물+금리차,2020-04-20,0.2352,0.2135,-0.0081,0.2054
261240,종가 15:30,현물+금리차,2020-04-21,0.8352,0.7538,-0.0027,0.7511
261240,종가 15:30,현물+금리차,2020-04-22,0.0931,0.2033,-0.0027,0.2006
261240,종가 15:30,현물+금리차,2020-04-23,-0.186,-0.2029,-0.0027,-0.2056
261240,종가 15:30,현물+금리차,2020-04-24,0.6986,0.4717,-0.0027,0.4689
261240,종가 15:30,현물+금리차,2020-04-27,-0.8788,-0.7527,-0.0081,-0.7607
261240,종가 15:30,현물+금리차,2020-04-28,-0.0933,-0.0816,-0.0027,-0.0842
261240,종가 15:30,현물+금리차,2020-04-29,-0.411,-0.5713,-0.0027,-0.574
261240,종가 15:30,현물+금리차,2020-05-04,0.7879,0.8948,-0.0137,0.8809
261240,종가 15:30,현물+금리차,2020-05-06,-0.456,-0.5695,-0.0053,-0.5748
261240,종가 15:30,현물+금리차,2020-05-07,0.1309,0.2373,-0.0027,0.2346
261240,종가 15:30,현물+금리차,2020-05-08,-0.4108,-0.4163,-0.0027,-0.419
261240,종가 15:30,현물+금리차,2020-05-11,0.0,0.0492,-0.0079,0.0413
261240,종가 15:30,현물+금리차,2020-05-12,0.5063,0.3523,-0.0025,0.3498
261240,종가 15:30,현물+금리차,2020-05-13,-0.1772,-0.0816,-0.0025,-0.0842
261240,종가 15:30,현물+금리차,2020-05-14,0.3177,0.3432,-0.0025,0.3407
261240,종가 15:30,현물+금리차,2020-05-15,0.326,0.2443,-0.0025,0.2417
261240,종가 15:30,현물+금리차,2020-05-18,0.0929,0.1137,-0.0076,0.1061
261240,종가 15:30,현물+금리차,2020-05-19,-0.5102,-0.5761,-0.0025,-0.5786
261240,종가 15:30,현물+금리차,2020-05-20,0.2331,0.4081,-0.0024,0.4056
261240,종가 15:30,현물+금리차,2020-05-21,0.093,0.0488,-0.0025,0.0463
261240,종가 15:30,현물+금리차,2020-05-22,0.5483,0.4956,-0.0025,0.4931
261240,종가 15:30,현물+금리차,2020-05-25,0.5546,0.5821,-0.0074,0.5746
261240,종가 15:30,현물+금리차,2020-05-26,-0.6802,-0.7957,-0.0025,-0.7981
261240,종가 15:30,현물+금리차,2020-05-27,-0.0463,0.0081,-0.0024,0.0057
261240,종가 15:30,현물+금리차,2020-05-28,0.4074,0.4213,-0.0024,0.4189
261240,종가 15:30,현물+금리차,2020-05-29,-0.2305,-0.0887,-0.0018,-0.0905
261240,종가 15:30,현물+금리차,2020-06-01,-1.0075,-1.09,-0.0055,-1.0955
261240,종가 15:30,현물+금리차,2020-06-02,0.0934,0.0327,-0.0018,0.0308
261240,종가 15:30,현물+금리차,2020-06-03,-0.7369,-0.7018,-0.0018,-0.7036
261240,종가 15:30,현물+금리차,2020-06-04,0.188,0.1561,-0.0018,0.1544
261240,종가 15:30,현물+금리차,2020-06-05,-0.8817,-0.9518,-0.0018,-0.9536
261240,종가 15:30,현물+금리차,2020-06-08,-0.3312,-0.1905,-0.0053,-0.1958
261240,종가 15:30,현물+금리차,2020-06-09,-0.5602,-0.5893,-0.0017,-0.591
261240,종가 15:30,현물+금리차,2020-06-10,-0.5252,-0.5427,-0.0016,-0.5443
261240,종가 15:30,현물+금리차,2020-06-11,0.5279,0.4365,-0.0017,0.4348
261240,종가 15:30,현물+금리차,2020-06-12,0.5156,0.6185,-0.0017,0.6168
261240,종가 15:30,현물+금리차,2020-06-15,1.1304,1.0135,-0.0052,1.0082
261240,종가 15:30,현물+금리차,2020-06-16,-0.7421,-0.7401,-0.0017,-0.7418
261240,종가 15:30,현물+금리차,2020-06-17,0.511,0.5717,-0.0017,0.57
261240,종가 15:30,현물+금리차,2020-06-18,-0.4143,-0.486,-0.0017,-0.4877
261240,종가 15:30,현물+금리차,2020-06-19,0.0473,0.1325,-0.0017,0.1307
261240,종가 15:30,현물+금리차,2020-06-22,0.5103,0.5126,-0.0053,0.5073
261240,종가 15:30,현물+금리차,2020-06-23,-0.4607,-0.5758,-0.0017,-0.5775
261240,종가 15:30,현물+금리차,2020-06-24,-0.7556,-0.7776,-0.0017,-0.7793
261240,종가 15:30,현물+금리차,2020-06-25,0.3331,0.4419,-0.0018,0.4401
261240,종가 15:30,현물+금리차,2020-06-26,-0.332,-0.3403,-0.0017,-0.3421
261240,종가 15:30,현물+금리차,2020-06-29,-0.0952,-0.1666,-0.0053,-0.1719
261240,종가 15:30,현물+금리차,2020-06-30,0.3334,0.3671,-0.0018,0.3653
261240,종가 15:30,현물+금리차,2020-07-01,0.0475,0.0333,-0.0017,0.0315
261240,종가 15:30,현물+금리차,2020-07-02,-0.3796,-0.2825,-0.0018,-0.2843
261240,종가 15:30,현물+금리차,2020-07-03,-0.0476,-0.1167,-0.0018,-0.1184
261240,종가 15:30,현물+금리차,2020-07-06,-0.2764,-0.2336,-0.0053,-0.2389
261240,종가 15:30,현물+금리차,2020-07-07,0.0,-0.0084,-0.0018,-0.0101
261240,종가 15:30,현물+금리차,2020-07-08,-0.0956,-0.0167,-0.0018,-0.0185
261240,종가 15:30,현물+금리차,2020-07-09,0.0478,0.0,-0.0018,-0.0018
261240,종가 15:30,현물+금리차,2020-07-10,0.7554,0.7528,-0.0018,0.751
261240,종가 15:30,현물+금리차,2020-07-13,-0.3322,-0.2989,-0.0054,-0.3043
261240,종가 15:30,현물+금리차,2020-07-14,0.4761,0.3997,-0.0018,0.3979
261240,종가 15:30,현물+금리차,2020-07-15,-0.4265,-0.4313,-0.0018,-0.433
261240,종가 15:30,현물+금리차,2020-07-16,0.4283,0.4248,-0.0017,0.4231
261240,종가 15:30,현물+금리차,2020-07-17,0.0,-0.0415,-0.0019,-0.0433
261240,종가 15:30,현물+금리차,2020-07-20,-0.2369,-0.1577,-0.0056,-0.1632
261240,종가 15:30,현물+금리차,2020-07-21,-0.418,-0.4488,-0.0018,-0.4506
261240,종가 15:30,현물+금리차,2020-07-22,-0.3339,-0.2087,-0.0018,-0.2105
261240,종가 15:30,현물+금리차,2020-07-23,0.1914,0.1673,-0.0018,0.1655
261240,종가 15:30,현물+금리차,2020-07-24,0.4203,0.3508,-0.0018,0.349
261240,종가 15:30,현물+금리차,2020-07-27,-0.4661,-0.4494,-0.0055,-0.4549
261240,종가 15:30,현물+금리차,2020-07-28,0.0478,0.0669,-0.0018,0.065
261240,종가 15:30,현물+금리차,2020-07-29,-0.3344,-0.3175,-0.0018,-0.3193
261240,종가 15:30,현물+금리차,2020-07-30,0.1917,0.109,-0.0018,0.1071
261240,종가 15:30,현물+금리차,2020-07-31,-0.287,-0.2595,-0.0019,-0.2614
261240,종가 15:30,현물+금리차,2020-08-03,0.1919,0.1763,-0.0057,0.1706
261240,종가 15:30,현물+금리차,2020-08-04,0.0,0.0587,-0.0019,0.0568
261240,종가 15:30,현물+금리차,2020-08-05,-0.3352,-0.4438,-0.0018,-0.4457
261240,종가 15:30,현물+금리차,2020-08-06,-0.3747,-0.4458,-0.0018,-0.4476
261240,종가 15:30,현물+금리차,2020-08-07,0.0482,0.1014,-0.0018,0.0996
261240,종가 15:30,현물+금리차,2020-08-10,-0.0482,0.076,-0.0053,0.0706
261240,종가 15:30,현물+금리차,2020-08-11,0.0868,0.0,-0.0017,-0.0017
261240,종가 15:30,현물+금리차,2020-08-12,-0.0385,-0.0253,-0.0017,-0.027
261240,종가 15:30,현물+금리차,2020-08-13,-0.1446,-0.1687,-0.0016,-0.1703
261240,종가 15:30,현물+금리차,2020-08-14,0.1448,0.1099,-0.0016,0.1083
261240,종가 15:30,현물+금리차,2020-08-18,0.0,-0.076,-0.006,-0.082
261240,종가 15:30,현물+금리차,2020-08-19,-0.3374,-0.2112,-0.0015,-0.2127
261240,종가 15:30,현물+금리차,2020-08-20,0.5707,0.4826,-0.0014,0.4811
261240,종가 15:30,현물+금리차,2020-08-21,-0.1443,-0.0506,-0.0014,-0.052
261240,종가 15:30,현물+금리차,2020-08-24,0.2889,0.236,-0.0044,0.2317
261240,종가 15:30,현물+금리차,2020-08-25,-0.3361,-0.3364,-0.0014,-0.3378
261240,종가 15:30,현물+금리차,2020-08-26,0.0482,0.1434,-0.0014,0.142
261240,종가 15:30,현물+금리차,2020-08-27,-0.0867,-0.1517,-0.0014,-0.1531
261240,종가 15:30,현물+금리차,2020-08-28,-0.1446,-0.0591,-0.0014,-0.0605
261240,종가 15:30,현물+금리차,2020-08-31,0.2799,0.2955,-0.0044,0.2912
261240,종가 15:30,현물+금리차,2020-09-01,-0.231,-0.4041,-0.0014,-0.4055
261240,종가 15:30,현물+금리차,2020-09-02,0.1833,0.2029,-0.0014,0.2015
261240,종가 15:30,현물+금리차,2020-09-03,0.1926,0.2446,-0.0014,0.2432
261240,종가 15:30,현물+금리차,2020-09-04,0.0961,0.1094,-0.0014,0.108
261240,종가 15:30,현물+금리차,2020-09-07,-0.048,-0.1093,-0.0043,-0.1135
261240,종가 15:30,현물+금리차,2020-09-08,-0.1441,-0.1599,-0.0014,-0.1613
261240,종가 15:30,현물+금리차,2020-09-09,0.1924,0.2276,-0.0014,0.2262
261240,종가 15:30,현물+금리차,2020-09-10,-0.3745,-0.3532,-0.0014,-0.3546
261240,종가 15:30,현물+금리차,2020-09-11,0.1832,0.1688,-0.0014,0.1674
261240,종가 15:30,현물+금리차,2020-09-14,-0.2309,-0.2865,-0.0043,-0.2907
261240,종가 15:30,현물+금리차,2020-09-15,-0.434,-0.3802,-0.0014,-0.3816
261240,종가 15:30,현물+금리차,2020-09-16,-0.2422,-0.246,-0.0014,-0.2474
261240,종가 15:30,현물+금리차,2020-09-17,-0.1456,-0.1445,-0.0014,-0.1459
261240,종가 15:30,현물+금리차,2020-09-18,-1.1571,-1.2006,-0.0015,-1.2021
261240,종가 15:30,현물+금리차,2020-09-21,-0.1869,-0.1982,-0.0044,-0.2026
261240,종가 15:30,현물+금리차,2020-09-22,0.5322,0.6045,-0.0015,0.603
261240,종가 15:30,현물+금리차,2020-09-23,-0.049,-0.0515,-0.0015,-0.053
261240,종가 15:30,현물+금리차,2020-09-24,0.7749,0.7128,-0.0014,0.7114
261240,종가 15:30,현물+금리차,2020-09-25,0.0,-0.0341,-0.0015,-0.0356
261240,종가 15:30,현물+금리차,2020-09-28,0.0,0.1109,-0.0044,0.1065
261240,종가 15:30,현물+금리차,2020-09-29,-0.2336,-0.3494,-0.0014,-0.3508
261240,종가 15:30,현물+금리차,2020-10-05,-0.5366,-0.5216,-0.0089,-0.5304
261240,종가 15:30,현물+금리차,2020-10-06,-0.2452,-0.2063,-0.0015,-0.2077
261240,종가 15:30,현물+금리차,2020-10-07,-0.1868,-0.2412,-0.0015,-0.2426
261240,종가 15:30,현물+금리차,2020-10-08,-0.4433,-0.4231,-0.0015,-0.4245
261240,종가 15:30,현물+금리차,2020-10-12,-0.5838,-0.5636,-0.0059,-0.5695
261240,종가 15:30,현물+금리차,2020-10-13,0.0,0.0262,-0.0015,0.0247
261240,종가 15:30,현물+금리차,2020-10-14,-0.0498,-0.0174,-0.0014,-0.0189
261240,종가 15:30,현물+금리차,2020-10-15,-0.249,-0.3226,-0.0014,-0.324
261240,종가 15:30,현물+금리차,2020-10-16,0.3494,0.3674,-0.0014,0.366
261240,종가 15:30,현물+금리차,2020-10-19,-0.4477,-0.4706,-0.0043,-0.4749
261240,종가 15:30,현물+금리차,2020-10-20,-0.1999,-0.2277,-0.0014,-0.2291
261240,종가 15:30,현물+금리차,2020-10-21,-0.6909,-0.6582,-0.0015,-0.6597
261240,종가 15:30,현물+금리차,2020-10-22,0.1008,0.0883,-0.0015,0.0869
261240,종가 15:30,현물+금리차,2020-10-23,0.1007,0.0,-0.0015,-0.0015
261240,종가 15:30,현물+금리차,2020-10-26,-0.7044,-0.459,-0.0044,-0.4633
261240,종가 15:30,현물+금리차,2020-10-27,-0.0507,-0.1951,-0.0014,-0.1965
261240,종가 15:30,현물+금리차,2020-10-28,0.4056,0.4531,-0.0015,0.4517
261240,종가 15:30,현물+금리차,2020-10-29,0.1515,0.0708,-0.0015,0.0693
261240,종가 15:30,현물+금리차,2020-10-30,0.1512,0.327,-0.0015,0.3255
261240,종가 15:30,현물+금리차,2020-11-02,0.0503,-0.1321,-0.0044,-0.1366
261240,종가 15:30,현물+금리차,2020-11-03,-0.0503,0.0441,-0.0015,0.0426
261240,종가 15:30,현물+금리차,2020-11-04,0.2416,0.3174,-0.0016,0.3159
261240,종가 15:30,현물+금리차,2020-11-05,-0.6428,-0.835,-0.0016,-0.8366
261240,종가 15:30,현물+금리차,2020-11-06,-0.6975,-0.6914,-0.0015,-0.6929
261240,종가 15:30,현물+금리차,2020-11-09,-0.6616,-0.5801,-0.0046,-0.5847
261240,종가 15:30,현물+금리차,2020-11-10,0.1025,0.1077,-0.0015,0.1062
261240,종가 15:30,현물+금리차,2020-11-11,-0.4504,-0.4574,-0.0015,-0.4589
261240,종가 15:30,현물+금리차,2020-11-12,0.5553,0.4324,-0.0015,0.4309
261240,종가 15:30,현물+금리차,2020-11-13,-0.1023,0.0718,-0.0015,0.0702
261240,종가 15:30,현물+금리차,2020-11-16,-0.4504,-0.5647,-0.0047,-0.5694
261240,종가 15:30,현물+금리차,2020-11-17,-0.3599,-0.2434,-0.0016,-0.245
261240,종가 15:30,현물+금리차,2020-11-18,-0.0516,-0.253,-0.0016,-0.2546
261240,종가 15:30,현물+금리차,2020-11-19,1.0222,1.069,-0.0016,1.0675
261240,종가 15:30,현물+금리차,2020-11-20,-0.1022,-0.1165,-0.0016,-0.1181
261240,종가 15:30,현물+금리차,2020-11-23,-0.3581,-0.35,-0.0048,-0.3548
261240,종가 15:30,현물+금리차,2020-11-24,0.0513,0.2071,-0.0016,0.2055
261240,종가 15:30,현물+금리차,2020-11-25,-0.2463,-0.3415,-0.0016,-0.3431
261240,종가 15:30,현물+금리차,2020-11-26,-0.463,-0.3878,-0.0016,-0.3893
261240,종가 15:30,현물+금리차,2020-11-27,0.0517,-0.1267,-0.0016,-0.1283
261240,종가 15:30,현물+금리차,2020-11-30,0.2583,0.2991,-0.0047,0.2944
261240,종가 15:30,현물+금리차,2020-12-01,0.0,-0.0271,-0.0016,-0.0287
261240,종가 15:30,현물+금리차,2020-12-02,-0.5667,-0.4882,-0.0016,-0.4897
261240,종가 15:30,현물+금리차,2020-12-03,-0.4041,-0.3452,-0.0016,-0.3468
261240,종가 15:30,현물+금리차,2020-12-04,-1.1861,-1.3582,-0.0016,-1.3598
261240,종가 15:30,현물+금리차,2020-12-07,-0.1053,0.0,-0.0047,-0.0047
261240,종가 15:30,현물+금리차,2020-12-08,0.3057,0.305,-0.0016,0.3034
261240,종가 15:30,현물+금리차,2020-12-09,-0.042,-0.0553,-0.0016,-0.0568
261240,종가 15:30,현물+금리차,2020-12-10,0.2523,0.2673,-0.0016,0.2657
261240,종가 15:30,현물+금리차,2020-12-11,0.2097,0.239,-0.0016,0.2374
261240,종가 15:30,현물+금리차,2020-12-14,0.157,0.1376,-0.0048,0.1328
261240,종가 15:30,현물+금리차,2020-12-15,0.0522,0.1374,-0.0016,0.1358
261240,종가 15:30,현물+금리차,2020-12-16,0.1566,0.064,-0.0016,0.0624
261240,종가 15:30,현물+금리차,2020-12-17,-0.0521,-0.064,-0.0016,-0.0655
261240,종가 15:30,현물+금리차,2020-12-18,0.6155,0.5854,-0.0016,0.5838
261240,종가 15:30,현물+금리차,2020-12-21,0.2592,0.2728,-0.0048,0.268
261240,종가 15:30,현물+금리차,2020-12-22,0.4137,0.4262,-0.0016,0.4247
261240,종가 15:30,현물+금리차,2020-12-23,0.0,0.0452,-0.0016,0.0436
261240,종가 15:30,현물+금리차,2020-12-24,-0.5664,-0.4423,-0.0016,-0.4438
261240,종가 15:30,현물+금리차,2020-12-28,-0.4557,-0.5712,-0.0062,-0.5774
261240,종가 15:30,현물+금리차,2020-12-29,-0.4682,-0.4194,-0.0015,-0.4209
261240,종가 15:30,현물+금리차,2020-12-30,-0.3659,-0.5311,-0.0015,-0.5326
261240,종가 15:30,현물+금리차,2021-01-04,-0.3567,-0.3866,-0.0079,-0.3945
261240,종가 15:30,현물+금리차,2021-01-05,0.4107,0.5083,-0.0016,0.5067
261240,종가 15:30,현물+금리차,2021-01-06,-0.0524,-0.1839,-0.0016,-0.1854
261240,종가 15:30,현물+금리차,2021-01-07,0.1049,0.1566,-0.0016,0.155
261240,종가 15:30,현물+금리차,2021-01-08,0.3144,0.2299,-0.0016,0.2284
261240,종가 15:30,현물+금리차,2021-01-11,0.6687,0.6882,-0.0048,0.6834
261240,종가 15:30,현물+금리차,2021-01-12,0.1557,0.2369,-0.0016,0.2354
261240,종가 15:30,현물+금리차,2021-01-13,-0.4041,-0.4364,-0.0016,-0.438
261240,종가 15:30,현물+금리차,2021-01-14,0.3017,0.2648,-0.0016,0.2632
261240,종가 15:30,현물+금리차,2021-01-15,0.1037,0.1275,-0.0016,0.1259
261240,종가 15:30,현물+금리차,2021-01-18,0.4145,0.4093,-0.0048,0.4045
261240,종가 15:30,현물+금리차,2021-01-19,-0.1032,-0.0906,-0.0016,-0.0922
261240,종가 15:30,현물+금리차,2021-01-20,-0.2066,-0.2357,-0.0016,-0.2374
261240,종가 15:30,현물+금리차,2021-01-21,-0.1553,-0.1909,-0.0017,-0.1925
261240,종가 15:30,현물+금리차,2021-01-22,0.4147,0.4553,-0.0016,0.4536
261240,종가 15:30,현물+금리차,2021-01-25,-0.1549,-0.2266,-0.005,-0.2316
261240,종가 15:30,현물+금리차,2021-01-26,0.4654,0.5269,-0.0016,0.5253
261240,종가 15:30,현물+금리차,2021-01-27,-0.2059,-0.1898,-0.0017,-0.1915
261240,종가 15:30,현물+금리차,2021-01-28,1.4337,1.3763,-0.0017,1.3746
261240,종가 15:30,현물+금리차,2021-01-29,-0.1017,-0.0715,-0.0017,-0.0732
261240,종가 15:30,현물+금리차,2021-02-01,-0.3054,-0.2056,-0.0053,-0.2108
261240,종가 15:30,현물+금리차,2021-02-02,0.0511,0.1075,-0.0017,0.1058
261240,종가 15:30,현물+금리차,2021-02-03,-0.1021,-0.2505,-0.0018,-0.2523
261240,종가 15:30,현물+금리차,2021-02-04,0.3575,0.3229,-0.0019,0.321
261240,종가 15:30,현물+금리차,2021-02-05,0.4479,0.4649,-0.0019,0.463
261240,종가 15:30,현물+금리차,2021-02-08,-0.3445,-0.3649,-0.0058,-0.3706
261240,종가 15:30,현물+금리차,2021-02-09,-0.3051,-0.268,-0.0019,-0.2698
261240,종가 15:30,현물+금리차,2021-02-10,-0.8058,-0.8598,-0.0019,-0.8616
261240,종가 15:30,현물+금리차,2021-02-15,-0.5656,-0.5059,-0.0093,-0.5151
261240,종가 15:30,현물+금리차,2021-02-16,-0.1034,-0.118,-0.0019,-0.1199
261240,종가 15:30,현물+금리차,2021-02-17,0.7246,0.6727,-0.0019,0.6707
261240,종가 15:30,현물+금리차,2021-02-18,0.0,0.009,-0.0019,0.0071
261240,종가 15:30,현물+금리차,2021-02-19,-0.2055,-0.1535,-0.0019,-0.1554
261240,종가 15:30,현물+금리차,2021-02-22,0.2987,0.4069,-0.0058,0.4011
261240,종가 15:30,현물+금리차,2021-02-23,0.154,0.018,-0.0019,0.0161
261240,종가 15:30,현물+금리차,2021-02-24,0.1025,0.1441,-0.0019,0.1421
261240,종가 15:30,현물+금리차,2021-02-25,-0.3482,-0.3956,-0.0019,-0.3975
261240,종가 15:30,현물+금리차,2021-02-26,1.4183,1.4172,-0.0019,1.4153
261240,종가 15:30,현물+금리차,2021-03-02,0.0507,0.0445,-0.0077,0.0368
261240,종가 15:30,현물+금리차,2021-03-03,-0.3039,-0.3292,-0.0019,-0.3311
261240,종가 15:30,현물+금리차,2021-03-04,0.3048,0.4285,-0.0019,0.4266
261240,종가 15:30,현물+금리차,2021-03-05,0.0506,0.0889,-0.0019,0.087
261240,종가 15:30,현물+금리차,2021-03-08,0.7491,0.6305,-0.0058,0.6247
261240,종가 15:30,현물+금리차,2021-03-09,0.6531,0.6265,-0.0019,0.6246
261240,종가 15:30,현물+금리차,2021-03-10,0.1497,0.2105,-0.0019,0.2085
261240,종가 15:30,현물+금리차,2021-03-11,-0.5482,-0.5951,-0.0019,-0.597
261240,종가 15:30,현물+금리차,2021-03-12,-0.3007,-0.1849,-0.0019,-0.1868
261240,종가 15:30,현물+금리차,2021-03-15,0.3519,0.2205,-0.0058,0.2146
261240,종가 15:30,현물+금리차,2021-03-16,-0.6412,-0.5808,-0.0019,-0.5828
261240,종가 15:30,현물+금리차,2021-03-17,0.1008,0.0443,-0.002,0.0423
261240,종가 15:30,현물+금리차,2021-03-18,-0.6547,-0.5751,-0.002,-0.5771
261240,종가 15:30,현물+금리차,2021-03-19,0.659,0.614,-0.002,0.612
261240,종가 15:30,현물+금리차,2021-03-22,-0.1007,-0.1946,-0.0061,-0.2007
261240,종가 15:30,현물+금리차,2021-03-23,0.0,0.1152,-0.002,0.1132
261240,종가 15:30,현물+금리차,2021-03-24,0.4436,0.3452,-0.002,0.3432
261240,종가 15:30,현물+금리차,2021-03-25,-0.0502,-0.0265,-0.002,-0.0285
261240,종가 15:30,현물+금리차,2021-03-26,-0.3415,-0.353,-0.002,-0.3549
261240,종가 15:30,현물+금리차,2021-03-29,0.2419,0.2125,-0.006,0.2065
261240,종가 15:30,현물+금리차,2021-03-30,0.1508,0.1679,-0.002,0.1659
261240,종가 15:30,현물+금리차,2021-03-31,-0.1907,-0.1588,-0.002,-0.1608
261240,종가 15:30,현물+금리차,2021-04-01,0.0402,0.0088,-0.002,0.0069
261240,종가 15:30,현물+금리차,2021-04-02,-0.3921,-0.3887,-0.002,-0.3907
261240,종가 15:30,현물+금리차,2021-04-05,0.0,0.0177,-0.006,0.0117
261240,종가 15:30,현물+금리차,2021-04-06,-0.7065,-0.7183,-0.002,-0.7202
261240,종가 15:30,현물+금리차,2021-04-07,-0.3456,-0.2947,-0.002,-0.2967
261240,종가 15:30,현물+금리차,2021-04-08,0.153,0.0806,-0.002,0.0786
261240,종가 15:30,현물+금리차,2021-04-09,0.3463,0.358,-0.002,0.356
261240,종가 15:30,현물+금리차,2021-04-12,0.3045,0.33,-0.006,0.324
261240,종가 15:30,현물+금리차,2021-04-13,0.1012,0.0889,-0.002,0.0869
261240,종가 15:30,현물+금리차,2021-04-14,-0.7985,-0.826,-0.0019,-0.8279
261240,종가 15:30,현물+금리차,2021-04-15,0.0509,0.0896,-0.0019,0.0876
261240,종가 15:30,현물+금리차,2021-04-16,-0.2037,-0.1163,-0.0019,-0.1183
261240,종가 15:30,현물+금리차,2021-04-19,0.1021,0.0806,-0.0058,0.0748
261240,종가 15:30,현물+금리차,2021-04-20,-0.4078,-0.4386,-0.0019,-0.4405
261240,종가 15:30,현물+금리차,2021-04-21,0.563,0.5664,-0.0019,0.5645
261240,종가 15:30,현물+금리차,2021-04-22,-0.1527,-0.1162,-0.0019,-0.1181
261240,종가 15:30,현물+금리차,2021-04-23,0.1019,0.0448,-0.0019,0.0428
261240,종가 15:30,현물+금리차,2021-04-26,-0.4583,-0.4115,-0.0058,-0.4173
261240,종가 15:30,현물+금리차,2021-04-27,-0.2558,-0.2515,-0.0019,-0.2534
261240,종가 15:30,현물+금리차,2021-04-28,0.2564,0.2341,-0.002,0.2322
261240,종가 15:30,현물+금리차,2021-04-29,-0.3581,-0.4313,-0.002,-0.4332
261240,종가 15:30,현물+금리차,2021-04-30,0.2567,0.37,-0.002,0.368
261240,종가 15:30,현물+금리차,2021-05-03,0.9627,1.0519,-0.0059,1.0459
261240,종가 15:30,현물+금리차,2021-05-04,-0.1014,-0.1246,-0.0019,-0.1264
261240,종가 15:30,현물+금리차,2021-05-06,0.4062,0.2851,-0.0039,0.2812
261240,종가 15:30,현물+금리차,2021-05-07,-0.4045,-0.3997,-0.0019,-0.4017
261240,종가 15:30,현물+금리차,2021-05-10,-0.6499,-0.6689,-0.0058,-0.6746
261240,종가 15:30,현물+금리차,2021-05-11,0.511,0.5207,-0.0019,0.5188
261240,종가 15:30,현물+금리차,2021-05-12,0.4474,0.4555,-0.0019,0.4536
261240,종가 15:30,현물+금리차,2021-05-13,0.4556,0.409,-0.0018,0.4072
261240,종가 15:30,현물+금리차,2021-05-14,-0.1008,-0.062,-0.0018,-0.0638
261240,종가 15:30,현물+금리차,2021-05-17,0.4439,0.5494,-0.0054,0.5439
261240,종가 15:30,현물+금리차,2021-05-18,-0.3917,-0.3789,-0.0018,-0.3807
261240,종가 15:30,현물+금리차,2021-05-20,0.2924,0.1327,-0.0036,0.1291
261240,종가 15:30,현물+금리차,2021-05-21,-0.4926,-0.4417,-0.0018,-0.4435
261240,종가 15:30,현물+금리차,2021-05-24,0.0,0.0089,-0.0053,0.0035
261240,종가 15:30,현물+금리차,2021-05-25,-0.3536,-0.4525,-0.0018,-0.4542
261240,종가 15:30,현물+금리차,2021-05-26,-0.4968,-0.4545,-0.0018,-0.4563
261240,종가 15:30,현물+금리차,2021-05-27,-0.0509,0.1074,-0.0018,0.1057
261240,종가 15:30,현물+금리차,2021-05-28,-0.1019,-0.2325,-0.0018,-0.2343
261240,종가 15:30,현물+금리차,2021-05-31,-0.3572,-0.4124,-0.0053,-0.4177
261240,종가 15:30,현물+금리차,2021-06-01,-0.4506,-0.4501,-0.0018,-0.4519
261240,종가 15:30,현물+금리차,2021-06-02,0.607,0.6691,-0.0018,0.6674
261240,종가 15:30,현물+금리차,2021-06-03,0.1023,0.0269,-0.0018,0.0252
261240,종가 15:30,현물+금리차,2021-06-04,0.1532,0.2604,-0.0018,0.2587
261240,종가 15:30,현물+금리차,2021-06-07,-0.306,-0.3224,-0.0053,-0.3277
261240,종가 15:30,현물+금리차,2021-06-08,0.0512,0.1168,-0.0018,0.1151
261240,종가 15:30,현물+금리차,2021-06-09,0.2045,0.1077,-0.0018,0.1059
261240,종가 15:30,현물+금리차,2021-06-10,0.0,0.0359,-0.0017,0.0341
261240,종가 15:30,현물+금리차,2021-06-11,-0.4592,-0.4481,-0.0017,-0.4498
261240,종가 15:30,현물+금리차,2021-06-14,0.5639,0.5311,-0.0052,0.5259
261240,종가 15:30,현물+금리차,2021-06-15,0.051,0.0269,-0.0017,0.0251
261240,종가 15:30,현물+금리차,2021-06-16,-0.0509,0.0179,-0.0017,0.0162
261240,종가 15:30,현물+금리차,2021-06-17,1.2641,1.1815,-0.0017,1.1798
261240,종가 15:30,현물+금리차,2021-06-18,0.0503,0.1681,-0.0017,0.1664
261240,종가 15:30,현물+금리차,2021-06-21,0.2415,0.212,-0.005,0.2069
261240,종가 15:30,현물+금리차,2021-06-22,-0.2409,-0.2468,-0.0017,-0.2484
261240,종가 15:30,현물+금리차,2021-06-23,0.4427,0.5124,-0.0017,0.5107
261240,종가 15:30,현물+금리차,2021-06-24,-0.2505,-0.2461,-0.0017,-0.2478
261240,종가 15:30,현물+금리차,2021-06-25,-0.4921,-0.6344,-0.0017,-0.6361
261240,종가 15:30,현물+금리차,2021-06-28,0.1514,0.2306,-0.005,0.2255
261240,종가 15:30,현물+금리차,2021-06-29,-0.1008,-0.1592,-0.0017,-0.1609
261240,종가 15:30,현물+금리차,2021-06-30,-0.2018,-0.2127,-0.0018,-0.2144
261240,종가 15:30,현물+금리차,2021-07-01,0.5458,0.6216,-0.0017,0.6199
261240,종가 15:30,현물+금리차,2021-07-02,0.2011,0.1677,-0.0018,0.1659
261240,종가 15:30,현물+금리차,2021-07-05,-0.291,-0.2819,-0.0053,-0.2872
261240,종가 15:30,현물+금리차,2021-07-06,-0.1509,-0.1855,-0.0018,-0.1873
261240,종가 15:30,현물+금리차,2021-07-07,0.7457,0.7436,-0.0018,0.7418
261240,종가 15:30,현물+금리차,2021-07-08,0.4501,0.6063,-0.0018,0.6045
261240,종가 15:30,현물+금리차,2021-07-09,0.3386,0.3581,-0.0017,0.3563
261240,종가 15:30,현물+금리차,2021-07-12,0.0,-0.1828,-0.0051,-0.1878
261240,종가 15:30,현물+금리차,2021-07-13,-0.1985,-0.1395,-0.0017,-0.1412
261240,종가 15:30,현물+금리차,2021-07-14,0.2983,0.2706,-0.0018,0.2689
261240,종가 15:30,현물+금리차,2021-07-15,-0.6345,-0.6095,-0.0017,-0.6112
261240,종가 15:30,현물+금리차,2021-07-16,-0.1497,-0.1752,-0.0018,-0.177
261240,종가 15:30,현물+금리차,2021-07-19,0.7395,0.7284,-0.0053,0.723
261240,종가 15:30,현물+금리차,2021-07-20,0.1984,0.2265,-0.0018,0.2247
261240,종가 15:30,현물+금리차,2021-07-21,0.198,0.3129,-0.0018,0.3111
261240,종가 15:30,현물+금리차,2021-07-22,-0.1976,-0.3553,-0.0018,-0.3571
261240,종가 15:30,현물+금리차,2021-07-23,-0.0495,0.0783,-0.0018,0.0765
261240,종가 15:30,현물+금리차,2021-07-26,0.3962,0.365,-0.0053,0.3596
261240,종가 15:30,현물+금리차,2021-07-27,-0.3453,-0.4242,-0.0018,-0.426
261240,종가 15:30,현물+금리차,2021-07-28,0.396,0.3913,-0.0018,0.3895
261240,종가 15:30,현물+금리차,2021-07-29,-0.7396,-0.7015,-0.0018,-0.7033
261240,종가 15:30,현물+금리차,2021-07-30,0.3477,0.3314,-0.0018,0.3297
261240,종가 15:30,현물+금리차,2021-08-02,0.0,0.0522,-0.0053,0.0469
261240,종가 15:30,현물+금리차,2021-08-03,-0.1485,-0.2259,-0.0018,-0.2277
261240,종가 15:30,현물+금리차,2021-08-04,-0.4362,-0.4093,-0.0018,-0.4111
261240,종가 15:30,현물+금리차,2021-08-05,0.0,0.0087,-0.0018,0.007
261240,종가 15:30,현물+금리차,2021-08-06,-0.0996,-0.1399,-0.0018,-0.1417
261240,종가 15:30,현물+금리차,2021-08-09,0.1994,0.1926,-0.0053,0.1874
261240,종가 15:30,현물+금리차,2021-08-10,0.4377,0.4806,-0.0018,0.4789
261240,종가 15:30,현물+금리차,2021-08-11,0.5448,0.574,-0.0018,0.5722
261240,종가 15:30,현물+금리차,2021-08-12,0.3349,0.4151,-0.0018,0.4133
261240,종가 15:30,현물+금리차,2021-08-13,0.5891,0.6717,-0.0018,0.6699
261240,종가 15:30,현물+금리차,2021-08-17,0.7711,0.6245,-0.0073,0.6171
261240,종가 15:30,현물+금리차,2021-08-18,-0.7168,-0.7056,-0.0018,-0.7074
261240,종가 15:30,현물+금리차,2021-08-19,0.6732,0.7021,-0.0019,0.7002
261240,종가 15:30,현물+금리차,2021-08-20,0.2907,0.2891,-0.0019,0.2871
261240,종가 15:30,현물+금리차,2021-08-23,-0.4831,-0.5002,-0.0058,-0.506
261240,종가 15:30,현물+금리차,2021-08-24,-0.7185,-0.6901,-0.002,-0.6921
261240,종가 15:30,현물+금리차,2021-08-25,0.0489,0.2145,-0.002,0.2125
261240,종가 15:30,현물+금리차,2021-08-26,0.3421,0.2055,-0.0019,0.2035
261240,종가 15:30,현물+금리차,2021-08-27,-0.0974,-0.1111,-0.0024,-0.1134
261240,종가 15:30,현물+금리차,2021-08-30,-0.2438,-0.1882,-0.0072,-0.1953
261240,종가 15:30,현물+금리차,2021-08-31,-0.6354,-0.6427,-0.0024,-0.645
261240,종가 15:30,현물+금리차,2021-09-01,-0.1869,-0.1984,-0.0024,-0.2008
261240,종가 15:30,현물+금리차,2021-09-02,0.3844,0.3716,-0.0024,0.3692
261240,종가 15:30,현물+금리차,2021-09-03,-0.4811,-0.3874,-0.0024,-0.3898
261240,종가 15:30,현물+금리차,2021-09-06,0.0,-0.0432,-0.0072,-0.0504
261240,종가 15:30,현물+금리차,2021-09-07,0.1973,0.1124,-0.0024,0.11
261240,종가 15:30,현물+금리차,2021-09-08,0.7286,0.7687,-0.0024,0.7663
261240,종가 15:30,현물+금리차,2021-09-09,0.2933,0.2143,-0.0024,0.2119
261240,종가 15:30,현물+금리차,2021-09-10,-0.0975,-0.0086,-0.0024,-0.011
261240,종가 15:30,현물+금리차,2021-09-13,0.6244,0.5902,-0.0075,0.5827
261240,종가 15:30,현물+금리차,2021-09-14,-0.4266,-0.4422,-0.0026,-0.4447
261240,종가 15:30,현물+금리차,2021-09-15,-0.0487,-0.0256,-0.0026,-0.0283
261240,종가 15:30,현물+금리차,2021-09-16,0.0877,0.1111,-0.0027,0.1084
261240,종가 15:30,현물+금리차,2021-09-17,0.2433,0.2731,-0.0027,0.2704
261240,종가 15:30,현물+금리차,2021-09-23,0.1456,0.0426,-0.0159,0.0266
261240,종가 15:30,현물+금리차,2021-09-24,0.0485,0.0851,-0.0027,0.0824
261240,종가 15:30,현물+금리차,2021-09-27,-0.1454,0.0255,-0.0081,0.0174
261240,종가 15:30,현물+금리차,2021-09-28,0.7667,0.6458,-0.0027,0.6431
261240,종가 15:30,현물+금리차,2021-09-29,-0.1348,-0.2195,-0.0027,-0.2223
261240,종가 15:30,현물+금리차,2021-09-30,0.135,0.1862,-0.0027,0.1834
261240,종가 15:30,현물+금리차,2021-10-01,0.2889,0.397,-0.0027,0.3942
261240,종가 15:30,현물+금리차,2021-10-05,0.1441,0.0,-0.011,-0.011
261240,종가 15:30,현물+금리차,2021-10-06,0.3356,0.3029,-0.0027,0.3001
261240,종가 15:30,현물+금리차,2021-10-07,-0.2867,-0.1594,-0.0028,-0.1621
261240,종가 15:30,현물+금리차,2021-10-08,0.3355,0.3528,-0.0027,0.3501
261240,종가 15:30,현물+금리차,2021-10-12,0.4203,0.3516,-0.011,0.3406
261240,종가 15:30,현물+금리차,2021-10-13,-0.4186,-0.4171,-0.0027,-0.4198
261240,종가 15:30,현물+금리차,2021-10-14,-0.7165,-0.5864,-0.0028,-0.5891
261240,종가 15:30,현물+금리차,2021-10-15,-0.3753,-0.3707,-0.0028,-0.3735
261240,종가 15:30,현물+금리차,2021-10-18,0.5698,0.4398,-0.0084,0.4314
261240,종가 15:30,현물+금리차,2021-10-19,-0.7587,-0.7494,-0.0028,-0.7522
261240,종가 15:30,현물+금리차,2021-10-20,-0.4838,-0.3818,-0.0028,-0.3846
261240,종가 15:30,현물+금리차,2021-10-21,0.3403,0.2555,-0.0028,0.2526
261240,종가 15:30,현물+금리차,2021-10-22,0.0,-0.0085,-0.0028,-0.0113
261240,종가 15:30,현물+금리차,2021-10-25,-0.8625,-0.7391,-0.0085,-0.7475
261240,종가 15:30,현물+금리차,2021-10-26,-0.0978,-0.0685,-0.0028,-0.0713
261240,종가 15:30,현물+금리차,2021-10-27,0.3425,0.2055,-0.0028,0.2027
261240,종가 15:30,현물+금리차,2021-10-28,0.0,-0.0256,-0.0028,-0.0285
261240,종가 15:30,현물+금리차,2021-10-29,-0.1463,-0.094,-0.0028,-0.0969
261240,종가 15:30,현물+금리차,2021-11-01,0.6738,0.676,-0.0088,0.6672
261240,종가 15:30,현물+금리차,2021-11-02,-0.1455,-0.1785,-0.0029,-0.1814
261240,종가 15:30,현물+금리차,2021-11-03,0.5343,0.6131,-0.0029,0.6101
261240,종가 15:30,현물+금리차,2021-11-04,0.0483,0.0846,-0.0029,0.0817
261240,종가 15:30,현물+금리차,2021-11-05,0.3284,0.2199,-0.003,0.2169
261240,종가 15:30,현물+금리차,2021-11-08,-0.2792,-0.1772,-0.0089,-0.186
261240,종가 15:30,현물+금리차,2021-11-09,-0.3861,-0.4987,-0.003,-0.5016
261240,종가 15:30,현물+금리차,2021-11-10,0.2907,0.3143,-0.003,0.3113
261240,종가 15:30,현물+금리차,2021-11-11,0.0,-0.0085,-0.003,-0.0115
261240,종가 15:30,현물+금리차,2021-11-12,-0.0966,-0.1016,-0.003,-0.1046
261240,종가 15:30,현물+금리차,2021-11-15,-0.1934,-0.1017,-0.009,-0.1108
261240,종가 15:30,현물+금리차,2021-11-16,0.0485,0.1273,-0.003,0.1243
261240,종가 15:30,현물+금리차,2021-11-17,0.2422,0.2204,-0.003,0.2173
261240,종가 15:30,현물+금리차,2021-11-18,-0.1933,-0.1776,-0.003,-0.1806
261240,종가 15:30,현물+금리차,2021-11-19,0.3873,0.4151,-0.003,0.4121
261240,종가 15:30,현물+금리차,2021-11-22,0.0868,-0.0169,-0.0092,-0.0261
261240,종가 15:30,현물+금리차,2021-11-23,0.3854,0.3882,-0.0031,0.385
261240,종가 15:30,현물+금리차,2021-11-24,-0.336,-0.269,-0.0031,-0.2721
261240,종가 15:30,현물+금리차,2021-11-25,0.3371,0.3118,-0.0031,0.3087
261240,종가 15:30,현물+금리차,2021-11-26,0.192,0.2605,-0.0033,0.2572
261240,종가 15:30,현물+금리차,2021-11-29,0.0479,-0.0251,-0.0098,-0.0349
261240,종가 15:30,현물+금리차,2021-11-30,-0.4309,-0.4275,-0.0033,-0.4307
261240,종가 15:30,현물+금리차,2021-12-01,-0.7598,-0.7324,-0.0033,-0.7357
261240,종가 15:30,현물+금리차,2021-12-02,-0.2423,-0.2799,-0.0033,-0.2831
261240,종가 15:30,현물+금리차,2021-12-03,0.2429,0.3572,-0.0033,0.3538
261240,종가 15:30,현물+금리차,2021-12-06,0.3392,0.2457,-0.0099,0.2358
261240,종가 15:30,현물+금리차,2021-12-07,-0.2415,-0.2959,-0.0033,-0.2992
261240,종가 15:30,현물+금리차,2021-12-08,-0.3389,-0.3052,-0.0033,-0.3085
261240,종가 15:30,현물+금리차,2021-12-09,-0.1943,-0.1191,-0.0033,-0.1223
261240,종가 15:30,현물+금리차,2021-12-10,0.5353,0.579,-0.0033,0.5756
261240,종가 15:30,현물+금리차,2021-12-13,0.0,-0.0423,-0.0099,-0.0523
261240,종가 15:30,현물+금리차,2021-12-14,0.1452,0.1524,-0.0033,0.1491
261240,종가 15:30,현물+금리차,2021-12-15,0.377,0.2199,-0.0033,0.2165
261240,종가 15:30,현물+금리차,2021-12-16,-0.183,-0.1097,-0.0033,-0.113
261240,종가 15:30,현물+금리차,2021-12-17,-0.193,-0.2534,-0.0033,-0.2567
261240,종가 15:30,현물+금리차,2021-12-20,0.8604,0.8383,-0.01,0.8282
261240,종가 15:30,현물+금리차,2021-12-21,0.0958,0.1764,-0.0033,0.1731
261240,종가 15:30,현물+금리차,2021-12-22,0.0,-0.0754,-0.0033,-0.0787
261240,종가 15:30,현물+금리차,2021-12-23,-0.4309,-0.344,-0.0033,-0.3472
261240,종가 15:30,현물+금리차,2021-12-24,0.0,-0.1094,-0.0033,-0.1127
261240,종가 15:30,현물+금리차,2021-12-27,-0.0481,0.0169,-0.0098,0.0071
261240,종가 15:30,현물+금리차,2021-12-28,0.0481,0.1011,-0.0033,0.0978
261240,종가 15:30,현물+금리차,2021-12-29,0.0481,-0.1263,-0.0033,-0.1296
261240,종가 15:30,현물+금리차,2021-12-30,0.1442,0.1938,-0.0034,0.1905
261240,종가 15:30,현물+금리차,2022-01-03,0.288,0.2524,-0.0136,0.2387
261240,종가 15:30,현물+금리차,2022-01-04,0.1436,0.193,-0.0033,0.1897
261240,종가 15:30,현물+금리차,2022-01-05,0.2294,0.2345,-0.0033,0.2311
261240,종가 15:30,현물+금리차,2022-01-06,0.2384,0.3342,-0.0033,0.3309
261240,종가 15:30,현물+금리차,2022-01-07,0.0,0.05,-0.0033,0.0467
261240,종가 15:30,현물+금리차,2022-01-10,-0.0951,-0.1998,-0.0099,-0.2096
261240,종가 15:30,현물+금리차,2022-01-11,-0.3237,-0.3586,-0.0032,-0.3618
261240,종가 15:30,현물+금리차,2022-01-12,-0.4299,-0.3599,-0.0032,-0.3631
261240,종가 15:30,현물+금리차,2022-01-13,-0.1439,-0.252,-0.0033,-0.2552
261240,종가 15:30,현물+금리차,2022-01-14,-0.048,-0.0168,-0.0034,-0.0202
261240,종가 15:30,현물+금리차,2022-01-17,0.3364,0.4548,-0.0107,0.4441
261240,종가 15:30,현물+금리차,2022-01-18,-0.0958,-0.218,-0.0036,-0.2216
261240,종가 15:30,현물+금리차,2022-01-19,0.0479,0.1344,-0.0035,0.1309
261240,종가 15:30,현물+금리차,2022-01-20,0.0479,0.0587,-0.0035,0.0552
261240,종가 15:30,현물+금리차,2022-01-21,0.1916,0.1342,-0.0035,0.1307
261240,종가 15:30,현물+금리차,2022-01-24,0.1434,0.1759,-0.0106,0.1653
261240,종가 15:30,현물+금리차,2022-01-25,0.2769,0.209,-0.0035,0.2056
261240,종가 15:30,현물+금리차,2022-01-26,-0.0952,-0.0751,-0.0035,-0.0786
261240,종가 15:30,현물+금리차,2022-01-27,0.4289,0.4258,-0.0036,0.4222
261240,종가 15:30,현물+금리차,2022-01-28,0.2373,0.2245,-0.0036,0.2209
261240,종가 15:30,현물+금리차,2022-02-03,0.0947,0.0747,-0.0215,0.0531
261240,종가 15:30,현물+금리차,2022-02-04,-0.8418,-0.7792,-0.0035,-0.7827
261240,종가 15:30,현물+금리차,2022-02-07,0.2766,0.3091,-0.0104,0.2986
261240,종가 15:30,현물+금리차,2022-02-08,-0.1427,-0.2499,-0.0033,-0.2532
261240,종가 15:30,현물+금리차,2022-02-09,-0.181,-0.1002,-0.0034,-0.1036
261240,종가 15:30,현물+금리차,2022-02-10,0.0477,0.0,-0.0034,-0.0034
261240,종가 15:30,현물+금리차,2022-02-11,0.2289,0.1672,-0.003,0.1642
261240,종가 15:30,현물+금리차,2022-02-14,-0.3236,-0.6174,-0.0093,-0.6267
261240,종가 15:30,현물+금리차,2022-02-15,0.3246,0.7304,-0.0029,0.7275
261240,종가 15:30,현물+금리차,2022-02-16,-0.2284,-0.1834,-0.003,-0.1863
261240,종가 15:30,현물+금리차,2022-02-17,0.0382,-0.0418,-0.003,-0.0448
261240,종가 15:30,현물+금리차,2022-02-18,-0.1812,-0.1002,-0.0031,-0.1033
261240,종가 15:30,현물+금리차,2022-02-21,-0.3344,-0.3178,-0.0095,-0.3272
261240,종가 15:30,현물+금리차,2022-02-22,0.1917,0.0503,-0.0032,0.0472
261240,종가 15:30,현물+금리차,2022-02-23,0.0478,0.0755,-0.003,0.0724
261240,종가 15:30,현물+금리차,2022-02-24,0.612,0.7373,-0.0031,0.7341
261240,종가 15:30,현물+금리차,2022-02-25,0.0475,-0.0665,-0.0032,-0.0697
261240,종가 15:30,현물+금리차,2022-02-28,0.0475,0.0583,-0.0096,0.0486
261240,종가 15:30,현물+금리차,2022-03-02,0.2374,0.3161,-0.0062,0.3098
261240,종가 15:30,현물+금리차,2022-03-03,-0.0947,-0.1244,-0.0032,-0.1276
261240,종가 15:30,현물+금리차,2022-03-04,0.749,0.7969,-0.0031,0.7938
261240,종가 15:30,현물+금리차,2022-03-07,1.214,1.0624,-0.0096,1.0527
261240,종가 15:30,현물+금리차,2022-03-08,0.7345,0.8068,-0.0031,0.8037
261240,종가 15:30,현물+금리차,2022-03-10,-0.6369,-0.7033,-0.0062,-0.7095
261240,종가 15:30,현물+금리차,2022-03-11,0.1858,0.3012,-0.0031,0.2982
261240,종가 15:30,현물+금리차,2022-03-14,0.8252,0.836,-0.0091,0.8268
261240,종가 15:30,현물+금리차,2022-03-15,0.046,0.0402,-0.0029,0.0374
261240,종가 15:30,현물+금리차,2022-03-16,-0.5975,-0.5713,-0.0028,-0.5741
261240,종가 15:30,현물+금리차,2022-03-17,-1.646,-1.7318,-0.0029,-1.7347
261240,종가 15:30,현물+금리차,2022-03-18,-0.2351,-0.5518,-0.003,-0.5548
261240,종가 15:30,현물+금리차,2022-03-21,0.377,0.7204,-0.009,0.7114
261240,종가 15:30,현물+금리차,2022-03-22,0.1878,0.148,-0.0026,0.1454
261240,종가 15:30,현물+금리차,2022-03-23,-0.328,-0.353,-0.0027,-0.3557
261240,종가 15:30,현물+금리차,2022-03-24,0.3291,0.4119,-0.0027,0.4092
261240,종가 15:30,현물+금리차,2022-03-25,0.0469,0.0,-0.0028,-0.0028
261240,종가 15:30,현물+금리차,2022-03-28,0.6463,0.6974,-0.0081,0.6893
261240,종가 15:30,현물+금리차,2022-03-29,-0.5491,-0.6111,-0.0025,-0.6136
261240,종가 15:30,현물+금리차,2022-03-30,-0.8422,-0.8362,-0.0026,-0.8388
261240,종가 15:30,현물+금리차,2022-03-31,0.2359,0.2067,-0.0026,0.204
261240,종가 15:30,현물+금리차,2022-04-01,0.2354,0.2805,-0.0027,0.2778
261240,종가 15:30,현물+금리차,2022-04-04,-0.1879,-0.0905,-0.0081,-0.0986
261240,종가 15:30,현물+금리차,2022-04-05,-0.0941,-0.14,-0.0023,-0.1423
261240,종가 15:30,현물+금리차,2022-04-06,0.5181,0.4618,-0.0024,0.4594
261240,종가 15:30,현물+금리차,2022-04-07,0.0937,0.0985,-0.0023,0.0962
261240,종가 15:30,현물+금리차,2022-04-08,0.3651,0.4592,-0.0023,0.4569
261240,종가 15:30,현물+금리차,2022-04-11,0.7463,0.653,-0.0067,0.6462
261240,종가 15:30,현물+금리차,2022-04-12,0.2222,0.2514,-0.002,0.2494
261240,종가 15:30,현물+금리차,2022-04-13,-0.7299,-0.6633,-0.0021,-0.6654
261240,종가 15:30,현물+금리차,2022-04-14,-0.2792,-0.2687,-0.0021,-0.2708
261240,종가 15:30,현물+금리차,2022-04-15,0.42,0.4001,-0.0026,0.3975
261240,종가 15:30,현물+금리차,2022-04-18,0.3717,0.3904,-0.0077,0.3826
261240,종가 15:30,현물+금리차,2022-04-19,0.2685,0.2025,-0.0025,0.2001
261240,종가 15:30,현물+금리차,2022-04-20,-0.1755,-0.0647,-0.0025,-0.0671
261240,종가 15:30,현물+금리차,2022-04-21,0.222,0.2346,-0.0025,0.2321
261240,종가 15:30,현물+금리차,2022-04-22,0.1385,0.0081,-0.0025,0.0056
261240,종가 15:30,현물+금리차,2022-04-25,0.8664,0.8716,-0.0074,0.8641
261240,종가 15:30,현물+금리차,2022-04-26,0.0457,0.072,-0.0022,0.0698
261240,종가 15:30,현물+금리차,2022-04-27,1.1326,1.1513,-0.0024,1.1488
261240,종가 15:30,현물+금리차,2022-04-28,0.6684,0.577,-0.0025,0.5745
261240,종가 15:30,현물+금리차,2022-04-29,-1.3278,-1.3045,-0.0025,-1.307
261240,종가 15:30,현물+금리차,2022-05-02,0.7183,0.7325,-0.0073,0.7252
261240,종가 15:30,현물+금리차,2022-05-03,0.1806,0.2134,-0.0022,0.2112
261240,종가 15:30,현물+금리차,2022-05-04,-0.1352,-0.1183,-0.0022,-0.1206
261240,종가 15:30,현물+금리차,2022-05-06,0.5324,0.5054,-0.0046,0.5008
261240,종가 15:30,현물+금리차,2022-05-09,0.1795,0.1021,-0.0072,0.0949
261240,종가 15:30,현물+금리차,2022-05-10,0.0896,0.1884,-0.0022,0.1862
261240,종가 15:30,현물+금리차,2022-05-11,0.0448,-0.0705,-0.0023,-0.0728
261240,종가 15:30,현물+금리차,2022-05-12,1.1543,1.027,-0.0022,1.0248
261240,종가 15:30,현물+금리차,2022-05-13,-0.5307,-0.3415,-0.0021,-0.3436
261240,종가 15:30,현물+금리차,2022-05-16,-0.0356,-0.0078,-0.0058,-0.0136
261240,종가 15:30,현물+금리차,2022-05-17,-0.5338,-0.7087,-0.0018,-0.7104
261240,종가 15:30,현물+금리차,2022-05-18,-0.7513,-0.6588,-0.0018,-0.6606
261240,종가 15:30,현물+금리차,2022-05-19,0.802,0.8764,-0.0019,0.8744
261240,종가 15:30,현물+금리차,2022-05-20,-0.7062,-0.7514,-0.0019,-0.7532
261240,종가 15:30,현물+금리차,2022-05-23,-0.3151,-0.3154,-0.0058,-0.3212
261240,종가 15:30,현물+금리차,2022-05-24,0.1355,0.1661,-0.0019,0.1643
261240,종가 15:30,현물+금리차,2022-05-25,-0.0451,-0.1264,-0.0019,-0.1283
261240,종가 15:30,현물+금리차,2022-05-26,0.1805,0.1898,-0.0019,0.1879
261240,종가 15:30,현물+금리차,2022-05-27,-0.8467,-0.8524,-0.0025,-0.8549
261240,종가 15:30,현물+금리차,2022-05-30,-1.4898,-1.4011,-0.0074,-1.4083
261240,종가 15:30,현물+금리차,2022-05-31,0.0,-0.113,-0.0025,-0.1155
261240,종가 15:30,현물+금리차,2022-06-02,1.1896,1.2043,-0.0045,1.1997
261240,종가 15:30,현물+금리차,2022-06-03,-0.8566,-0.7507,-0.0023,-0.753
261240,종가 15:30,현물+금리차,2022-06-07,1.3604,1.207,-0.0087,1.1983
261240,종가 15:30,현물+금리차,2022-06-08,-0.3537,-0.3101,-0.002,-0.3121
261240,종가 15:30,현물+금리차,2022-06-09,0.1365,0.2472,-0.0019,0.2453
261240,종가 15:30,현물+금리차,2022-06-10,0.8998,0.9547,-0.0019,0.9528
261240,종가 15:30,현물+금리차,2022-06-13,1.3781,1.19,-0.0051,1.1849
261240,종가 15:30,현물+금리차,2022-06-14,0.0444,0.1869,-0.0007,0.1862
261240,종가 15:30,현물+금리차,2022-06-15,0.3552,0.3187,-0.0005,0.3182
261240,종가 15:30,현물+금리차,2022-06-16,-0.3097,-0.3797,-0.0008,-0.3805
261240,종가 15:30,현물+금리차,2022-06-17,0.0888,0.1322,-0.0012,0.131
261240,종가 15:30,현물+금리차,2022-06-20,0.2217,0.3962,-0.0034,0.3928
261240,종가 15:30,현물+금리차,2022-06-21,0.3097,0.0929,-0.0011,0.0917
261240,종가 15:30,현물+금리차,2022-06-22,0.1676,0.286,-0.0009,0.2851
261240,종가 15:30,현물+금리차,2022-06-23,0.3963,0.3469,-0.0012,0.3457
261240,종가 15:30,현물+금리차,2022-06-24,-0.1755,-0.2765,-0.0011,-0.2777
261240,종가 15:30,현물+금리차,2022-06-27,-1.0018,-0.9012,-0.0028,-0.904
261240,종가 15:30,현물+금리차,2022-06-28,-0.1775,-0.241,-0.0007,-0.2416
261240,종가 15:30,현물+금리차,2022-06-29,1.1472,1.2155,-0.0007,1.2148
261240,종가 15:30,현물+금리차,2022-06-30,0.044,-0.0462,-0.0008,-0.047
261240,종가 15:30,현물+금리차,2022-07-01,-0.0439,-0.0847,-0.001,-0.0858
261240,종가 15:30,현물+금리차,2022-07-04,-0.044,-0.0154,-0.0032,-0.0186
261240,종가 15:30,현물+금리차,2022-07-05,0.2199,0.2467,-0.0011,0.2456
261240,종가 15:30,현물+금리차,2022-07-06,0.5705,0.4614,-0.0005,0.4609
261240,종가 15:30,현물+금리차,2022-07-07,-0.5672,-0.4976,-0.0005,-0.4981
261240,종가 15:30,현물+금리차,2022-07-08,0.0439,0.0462,-0.0004,0.0457
261240,종가 15:30,현물+금리차,2022-07-11,0.1755,0.2691,-0.0012,0.268
261240,종가 15:30,현물+금리차,2022-07-12,0.7356,0.6289,0.0,0.6289
261240,종가 15:30,현물+금리차,2022-07-13,-0.3477,-0.3963,0.0001,-0.3963
261240,종가 15:30,현물+금리차,2022-07-14,0.2181,0.3979,-0.0007,0.3972
261240,종가 15:30,현물+금리차,2022-07-15,1.1229,1.067,-0.0007,1.0663
261240,종가 15:30,현물+금리차,2022-07-18,-0.5509,-0.6561,-0.0024,-0.6584
261240,종가 15:30,현물+금리차,2022-07-19,-0.303,-0.3036,-0.0004,-0.304
261240,종가 15:30,현물+금리차,2022-07-20,-0.1736,-0.0381,-0.0003,-0.0384
261240,종가 15:30,현물+금리차,2022-07-21,-0.2609,-0.3961,-0.0004,-0.3965
261240,종가 15:30,현물+금리차,2022-07-22,0.3488,0.4053,-0.0005,0.4048
261240,종가 15:30,현물+금리차,2022-07-25,0.0869,0.0533,-0.0014,0.0519
261240,종가 15:30,현물+금리차,2022-07-26,-0.3473,-0.4643,-0.0001,-0.4644
261240,종가 15:30,현물+금리차,2022-07-27,0.2614,0.4359,-0.0004,0.4356
261240,종가 15:30,현물+금리차,2022-07-28,-0.9472,-1.3097,-0.0008,-1.3105
261240,종가 15:30,현물+금리차,2022-07-29,0.0439,0.2315,-0.0011,0.2304
261240,종가 15:30,현물+금리차,2022-08-01,0.3508,0.3772,-0.0032,0.374
261240,종가 15:30,현물+금리차,2022-08-02,0.0437,0.0537,-0.0007,0.053
261240,종가 15:30,현물+금리차,2022-08-03,0.428,0.4292,-0.0007,0.4285
261240,종가 15:30,현물+금리차,2022-08-04,0.0,-0.0153,-0.0008,-0.0161
261240,종가 15:30,현물+금리차,2022-08-05,-0.861,-0.9007,-0.0009,-0.9016
261240,종가 15:30,현물+금리차,2022-08-08,0.5615,0.6239,-0.0021,0.6217
261240,종가 15:30,현물+금리차,2022-08-09,-0.0785,-0.1378,-0.0005,-0.1383
261240,종가 15:30,현물+금리차,2022-08-10,0.4715,0.4446,-0.0005,0.4441
261240,종가 15:30,현물+금리차,2022-08-11,-0.5561,-0.5647,-0.0005,-0.5653
261240,종가 15:30,현물+금리차,2022-08-12,-0.0874,-0.046,-0.0007,-0.0467
261240,종가 15:30,현물+금리차,2022-08-16,0.516,0.4377,-0.0025,0.4351
261240,종가 15:30,현물+금리차,2022-08-17,0.0,0.1682,-0.0004,0.1678
261240,종가 15:30,현물+금리차,2022-08-18,0.8179,0.7937,-0.0005,0.7932
261240,종가 15:30,현물+금리차,2022-08-19,0.4747,0.3937,-0.0004,0.3933
261240,종가 15:30,현물+금리차,2022-08-22,1.0651,1.0483,-0.001,1.0473
261240,종가 15:30,현물+금리차,2022-08-23,0.4589,0.4254,-0.0001,0.4254
261240,종가 15:30,현물+금리차,2022-08-24,-0.1692,-0.2527,-0.0001,-0.2528
261240,종가 15:30,현물+금리차,2022-08-25,-0.6271,-0.5141,-0.0001,-0.5142
261240,종가 15:30,현물+금리차,2022-08-26,-0.2558,-0.2921,-0.0004,-0.2925
261240,종가 15:30,현물+금리차,2022-08-29,1.4022,1.4347,-0.0012,1.4335
261240,종가 15:30,현물+금리차,2022-08-30,-0.2108,-0.274,-0.0001,-0.2741
261240,종가 15:30,현물+금리차,2022-08-31,-0.583,-0.6757,-0.0001,-0.6758
261240,종가 15:30,현물+금리차,2022-09-01,1.1304,1.2934,-0.0001,1.2932
261240,종가 15:30,현물+금리차,2022-09-02,0.6303,0.5683,-0.0001,0.5682
261240,종가 15:30,현물+금리차,2022-09-05,0.7433,0.6458,-0.0007,0.6452
261240,종가 15:30,현물+금리차,2022-09-06,-0.0414,0.0219,-0.0002,0.0217
261240,종가 15:30,현물+금리차,2022-09-07,1.0698,0.9113,0.0001,0.9114
261240,종가 15:30,현물+금리차,2022-09-08,-0.4103,-0.2456,0.0001,-0.2455
261240,종가 15:30,현물+금리차,2022-09-13,-0.4037,-0.5214,0.0005,-0.5209
261240,종가 15:30,현물+금리차,2022-09-14,1.1416,1.2595,0.0007,1.2602
261240,종가 15:30,현물+금리차,2022-09-15,0.3681,0.2013,0.0005,0.2019
261240,종가 15:30,현물+금리차,2022-09-16,-0.3667,-0.409,0.0004,-0.4085
261240,종가 15:30,현물+금리차,2022-09-19,0.2863,0.4035,0.0011,0.4045
261240,종가 15:30,현물+금리차,2022-09-20,-0.2447,-0.2942,0.0008,-0.2934
261240,종가 15:30,현물+금리차,2022-09-21,0.4088,0.3383,0.0007,0.339
261240,종가 15:30,현물+금리차,2022-09-22,1.2133,1.1117,0.0005,1.1123
261240,종가 15:30,현물+금리차,2022-09-23,-0.2816,-0.0284,0.0004,-0.028
261240,종가 15:30,현물+금리차,2022-09-26,1.6781,1.5611,0.0004,1.5615
261240,종가 15:30,현물+금리차,2022-09-27,-0.6268,-0.6847,0.0006,-0.6841
261240,종가 15:30,현물+금리차,2022-09-28,1.2217,1.2944,0.0004,1.2948
261240,종가 15:30,현물+금리차,2022-09-29,-0.0789,-0.0694,0.0004,-0.069
261240,종가 15:30,현물+금리차,2022-09-30,-0.5052,-0.6046,0.0002,-0.6045
261240,종가 15:30,현물+금리차,2022-10-04,-0.5475,-0.2587,-0.0002,-0.2589
261240,종가 15:30,현물+금리차,2022-10-05,-0.9494,-1.1497,0.0001,-1.1496
261240,종가 15:30,현물+금리차,2022-10-06,-0.5236,-0.5461,0.0,-0.546
261240,종가 15:30,현물+금리차,2022-10-07,0.8016,0.7131,0.0,0.7131
261240,종가 15:30,현물+금리차,2022-10-11,1.5985,1.6143,-0.0001,1.6142
261240,종가 15:30,현물+금리차,2022-10-12,-0.7906,-0.7177,0.0006,-0.7171
261240,종가 15:30,현물+금리차,2022-10-13,0.4383,0.4492,-0.0002,0.449
261240,종가 15:30,현물+금리차,2022-10-14,-0.1984,-0.1956,-0.0001,-0.1957
261240,종가 15:30,현물+금리차,2022-10-17,0.5565,0.476,-0.0001,0.4759
261240,종가 15:30,현물+금리차,2022-10-18,-0.9013,-0.8779,0.0003,-0.8775
261240,종가 15:30,현물+금리차,2022-10-19,0.2713,0.246,0.0004,0.2464
261240,종가 15:30,현물+금리차,2022-10-20,0.4376,0.4978,0.0003,0.4981
261240,종가 15:30,현물+금리차,2022-10-21,0.5862,0.4535,0.0002,0.4537
261240,종가 15:30,현물+금리차,2022-10-24,-0.1181,-0.0069,0.0,-0.0069
261240,종가 15:30,현물+금리차,2022-10-25,-0.3469,-0.4584,0.0002,-0.4582
261240,종가 15:30,현물+금리차,2022-10-26,-0.5934,-0.4536,0.0001,-0.4535
261240,종가 15:30,현물+금리차,2022-10-27,-0.589,-0.6729,0.0,-0.6729
261240,종가 15:30,현물+금리차,2022-10-28,0.2802,0.3176,0.0,0.3176
261240,종가 15:30,현물+금리차,2022-10-31,0.1916,0.197,0.0003,0.1973
261240,종가 15:30,현물+금리차,2022-11-01,-0.51,-0.4985,0.0003,-0.4982
261240,종가 15:30,현물+금리차,2022-11-02,0.1602,0.0141,0.0002,0.0144
261240,종가 15:30,현물+금리차,2022-11-03,0.3919,0.4515,0.0002,0.4517
261240,종가 15:30,현물+금리차,2022-11-04,-0.3505,-0.3231,0.0002,-0.3228
261240,종가 15:30,현물+금리차,2022-11-07,-1.2311,-1.2683,0.0004,-1.2679
261240,종가 15:30,현물+금리차,2022-11-08,-1.3193,-1.1633,0.0004,-1.1629
261240,종가 15:30,현물+금리차,2022-11-09,-1.2631,-1.4514,0.0004,-1.451
261240,종가 15:30,현물+금리차,2022-11-10,0.8224,0.9305,0.0004,0.9309
261240,종가 15:30,현물+금리차,2022-11-11,-4.1608,-4.2904,0.0003,-4.2901
261240,종가 15:30,현물+금리차,2022-11-14,0.6362,0.5689,0.001,0.5699
261240,종가 15:30,현물+금리차,2022-11-15,-0.6749,-0.626,0.0005,-0.6255
261240,종가 15:30,현물+금리차,2022-11-16,0.5934,0.5616,0.0005,0.5621
261240,종가 15:30,현물+금리차,2022-11-17,0.9747,1.0642,0.0005,1.0646
261240,종가 15:30,현물+금리차,2022-11-18,0.0423,0.0896,0.0004,0.09
261240,종가 15:30,현물+금리차,2022-11-21,1.3034,1.0744,0.0013,1.0757
261240,종가 15:30,현물+금리차,2022-11-22,0.0,0.1403,0.0006,0.1409
261240,종가 15:30,현물+금리차,2022-11-23,-0.3342,-0.3538,0.0005,-0.3533
261240,종가 15:30,현물+금리차,2022-11-24,-1.7436,-1.7458,0.0005,-1.7453
261240,종가 15:30,현물+금리차,2022-11-25,-0.2133,-0.3388,0.0005,-0.3383
261240,종가 15:30,현물+금리차,2022-11-28,1.2312,1.2465,0.0016,1.2481
261240,종가 15:30,현물+금리차,2022-11-29,-0.9628,-1.0148,0.0007,-1.014
261240,종가 15:30,현물+금리차,2022-11-30,-0.5884,-0.588,0.0007,-0.5873
261240,종가 15:30,현물+금리차,2022-12-01,-1.4927,-1.4483,0.0007,-1.4476
261240,종가 15:30,현물+금리차,2022-12-02,0.0435,0.0154,0.0005,0.0159
261240,종가 15:30,현물+금리차,2022-12-05,-0.6006,-0.5616,0.0016,-0.56
261240,종가 15:30,현물+금리차,2022-12-06,2.0842,2.0269,0.0007,2.0276
261240,종가 15:30,현물+금리차,2022-12-07,0.2488,0.2199,0.0007,0.2206
261240,종가 15:30,현물+금리차,2022-12-08,-0.2054,-0.2799,0.0005,-0.2795
261240,종가 15:30,현물+금리차,2022-12-09,-1.3634,-1.2671,0.0004,-1.2667
261240,종가 15:30,현물+금리차,2022-12-12,0.4347,0.4534,0.0013,0.4547
261240,종가 15:30,현물+금리차,2022-12-13,-0.2597,-0.0918,0.0007,-0.0911
261240,종가 15:30,현물+금리차,2022-12-14,-0.4339,-0.7427,0.0006,-0.7421
261240,종가 15:30,현물+금리차,2022-12-15,0.3922,0.5246,0.0005,0.5251
261240,종가 15:30,현물+금리차,2022-12-16,0.2171,0.1765,0.0005,0.177
261240,종가 15:30,현물+금리차,2022-12-19,-0.1299,-0.1915,0.0014,-0.1901
261240,종가 15:30,현물+금리차,2022-12-20,-0.8588,-1.0208,0.0007,-1.0201
261240,종가 15:30,현물+금리차,2022-12-21,-0.525,-0.3024,0.0006,-0.3018
261240,종가 15:30,현물+금리차,2022-12-22,-0.7828,-0.7389,0.0005,-0.7384
261240,종가 15:30,현물+금리차,2022-12-23,0.4433,0.3604,0.0006,0.361
261240,종가 15:30,현물+금리차,2022-12-26,-0.4413,-0.4685,0.0016,-0.4668
261240,종가 15:30,현물+금리차,2022-12-27,-0.133,-0.2667,0.0005,-0.2662
261240,종가 15:30,현물+금리차,2022-12-28,-0.2574,-0.3461,0.001,-0.3451
261240,종가 15:30,현물+금리차,2022-12-29,-0.3115,-0.1973,0.001,-0.1963
261240,종가 15:30,현물+금리차,2023-01-02,0.616,0.6406,0.0039,0.6445
261240,종가 15:30,현물+금리차,2023-01-03,-0.1331,-0.1257,0.0009,-0.1249
261240,종가 15:30,현물+금리차,2023-01-04,0.1777,0.0551,0.0012,0.0563
261240,종가 15:30,현물+금리차,2023-01-05,-0.2661,-0.1809,0.0012,-0.1796
261240,종가 15:30,현물+금리차,2023-01-06,0.0445,-0.063,0.0015,-0.0615
261240,종가 15:30,현물+금리차,2023-01-09,-1.8933,-1.9786,0.0048,-1.9738
261240,종가 15:30,현물+금리차,2023-01-10,-0.0453,0.0965,0.0017,0.0982
261240,종가 15:30,현물+금리차,2023-01-11,0.0906,0.1205,0.0018,0.1223
261240,종가 15:30,현물+금리차,2023-01-12,0.0,-0.0321,0.0019,-0.0302
261240,종가 15:30,현물+금리차,2023-01-13,-0.1721,-0.3612,0.0017,-0.3595
261240,종가 15:30,현물+금리차,2023-01-16,-0.499,-0.4834,0.0052,-0.4782
261240,종가 15:30,현물+금리차,2023-01-17,0.3191,0.2752,0.002,0.2772
261240,종가 15:30,현물+금리차,2023-01-18,-0.0909,-0.1049,0.0022,-0.1027
261240,종가 15:30,현물+금리차,2023-01-19,-0.4548,-0.4283,0.0023,-0.426
261240,종가 15:30,현물+금리차,2023-01-20,0.2285,0.276,0.0024,0.2783
261240,종가 15:30,현물+금리차,2023-01-25,-0.1823,-0.3076,0.0123,-0.2953
261240,종가 15:30,현물+금리차,2023-01-26,-0.1827,-0.0812,0.0025,-0.0787
261240,종가 15:30,현물+금리차,2023-01-27,0.0915,0.0488,0.0025,0.0512
261240,종가 15:30,현물+금리차,2023-01-30,-0.2194,-0.3167,0.0076,-0.3091
261240,종가 15:30,현물+금리차,2023-01-31,0.3573,0.3666,0.0026,0.3693
261240,종가 15:30,현물+금리차,2023-02-01,0.0,-0.0487,0.0026,-0.0461
261240,종가 15:30,현물+금리차,2023-02-02,-1.0408,-0.8934,0.0026,-0.8908
261240,종가 15:30,현물+금리차,2023-02-03,0.9134,0.7457,0.0028,0.7485
261240,종가 15:30,현물+금리차,2023-02-06,1.9473,1.9034,0.0089,1.9124
261240,종가 15:30,현물+금리차,2023-02-07,0.2242,0.1996,0.0031,0.2026
261240,종가 15:30,현물+금리차,2023-02-08,0.3579,0.3824,0.0031,0.3855
261240,종가 15:30,현물+금리차,2023-02-09,-0.0446,0.0238,0.0031,0.0269
261240,종가 15:30,현물+금리차,2023-02-10,0.4371,0.3808,0.0032,0.3841
261240,종가 15:30,현물+금리차,2023-02-13,0.9236,0.9564,0.0098,0.9662
261240,종가 15:30,현물+금리차,2023-02-14,-0.6072,-0.6185,0.0033,-0.6152
261240,종가 15:30,현물+금리차,2023-02-15,1.1421,1.0084,0.0033,1.0116
261240,종가 15:30,현물+금리차,2023-02-16,0.1313,0.2028,0.0032,0.206
261240,종가 15:30,현물+금리차,2023-02-17,1.2064,1.1441,0.0033,1.1475
261240,종가 15:30,현물+금리차,2023-02-20,-0.3801,-0.3848,0.0097,-0.3751
261240,종가 15:30,현물+금리차,2023-02-21,-0.0434,0.1081,0.0032,0.1114
261240,종가 15:30,현물+금리차,2023-02-22,0.7287,0.6945,0.0032,0.6978
261240,종가 15:30,현물+금리차,2023-02-23,-0.5081,-0.5977,0.0032,-0.5946
261240,종가 15:30,현물+금리차,2023-02-24,0.5972,0.5936,0.0031,0.5967
261240,종가 15:30,현물+금리차,2023-02-27,1.3681,1.3948,0.0093,1.4043
261240,종가 15:30,현물+금리차,2023-02-28,0.1188,-0.0302,0.0032,-0.0271
261240,종가 15:30,현물+금리차,2023-03-02,-0.7122,-0.5519,0.0062,-0.5458
261240,종가 15:30,현물+금리차,2023-03-03,-1.0588,-1.0416,0.0031,-1.0385
261240,종가 15:30,현물+금리차,2023-03-06,-0.1726,-0.3611,0.0093,-0.3518
261240,종가 15:30,현물+금리차,2023-03-07,0.0865,0.1928,0.0032,0.1959
261240,종가 15:30,현물+금리차,2023-03-08,1.5894,1.6931,0.0035,1.6966
261240,종가 15:30,현물+금리차,2023-03-09,0.2466,0.0605,0.0035,0.0641
261240,종가 15:30,현물+금리차,2023-03-10,0.1272,0.1513,0.0035,0.1547
261240,종가 15:30,현물+금리차,2023-03-13,-1.762,-1.6916,0.01,-1.6817
261240,종가 15:30,현물+금리차,2023-03-14,0.7243,0.7144,0.003,0.7174
261240,종가 15:30,현물+금리차,2023-03-15,-0.3339,-0.5644,0.003,-0.5614
261240,종가 15:30,현물+금리차,2023-03-16,0.5497,0.7134,0.0027,0.7161
261240,종가 15:30,현물+금리차,2023-03-17,-0.5467,-0.8225,0.0026,-0.82
261240,종가 15:30,현물+금리차,2023-03-20,0.5068,0.6374,0.0061,0.6435
261240,종가 15:30,현물+금리차,2023-03-21,0.0427,0.0534,0.0028,0.0562
261240,종가 15:30,현물+금리차,2023-03-22,-0.2904,-0.2669,0.0027,-0.2642
261240,종가 15:30,현물+금리차,2023-03-23,-2.0391,-2.2482,0.0028,-2.2455
261240,종가 15:30,현물+금리차,2023-03-24,0.997,1.2517,0.0026,1.2543
261240,종가 15:30,현물+금리차,2023-03-27,0.6841,0.5563,0.0081,0.5644
261240,종가 15:30,현물+금리차,2023-03-28,-0.172,-0.2075,0.0032,-0.2043
261240,종가 15:30,현물+금리차,2023-03-29,0.3446,0.3003,0.0029,0.3032
261240,종가 15:30,현물+금리차,2023-03-30,-0.2146,-0.284,0.0029,-0.2812
261240,종가 15:30,현물+금리차,2023-03-31,0.0,0.2232,0.0033,0.2266
261240,종가 15:30,현물+금리차,2023-04-03,1.4886,1.1214,0.009,1.1305
261240,종가 15:30,현물+금리차,2023-04-04,-0.1187,-0.0532,0.0032,-0.0499
261240,종가 15:30,현물+금리차,2023-04-05,-0.5093,-0.4028,0.0032,-0.3997
261240,종가 15:30,현물+금리차,2023-04-06,0.5887,0.6562,0.0031,0.6594
261240,종가 15:30,현물+금리차,2023-04-07,-0.1187,-0.1819,0.0033,-0.1787
261240,종가 15:30,현물+금리차,2023-04-10,0.2463,0.2278,0.0105,0.2384
261240,종가 15:30,현물+금리차,2023-04-11,0.2118,0.1894,0.0039,0.1934
261240,종가 15:30,현물+금리차,2023-04-12,0.2536,0.2647,0.0039,0.2686
261240,종가 15:30,현물+금리차,2023-04-13,-0.8769,-1.1541,0.0039,-1.1502
261240,종가 15:30,현물+금리차,2023-04-14,-0.9697,-0.8776,0.0042,-0.8735
261240,종가 15:30,현물+금리차,2023-04-17,1.0222,0.9393,0.0127,0.9521
261240,종가 15:30,현물+금리차,2023-04-18,0.3741,0.572,0.0045,0.5765
261240,종가 15:30,현물+금리차,2023-04-19,0.72,0.5384,0.0044,0.5429
261240,종가 15:30,현물+금리차,2023-04-20,-0.3364,-0.2188,0.0043,-0.2145
261240,종가 15:30,현물+금리차,2023-04-21,0.4135,0.4082,0.0041,0.4124
261240,종가 15:30,현물+금리차,2023-04-24,0.5883,0.4969,0.0122,0.5092
261240,종가 15:30,현물+금리차,2023-04-25,0.0,-0.1948,0.0042,-0.1905
261240,종가 15:30,현물+금리차,2023-04-26,0.0835,0.3078,0.0041,0.3118
261240,종가 15:30,현물+금리차,2023-04-27,0.167,0.1272,0.0041,0.1313
261240,종가 15:30,현물+금리차,2023-04-28,0.1167,-0.0224,0.0041,-0.0183
261240,종가 15:30,현물+금리차,2023-05-02,0.2081,0.3289,0.0157,0.3446
261240,종가 15:30,현물+금리차,2023-05-03,-0.2492,-0.2906,0.0042,-0.2864
261240,종가 15:30,현물+금리차,2023-05-04,-0.9827,-1.1508,0.0042,-1.1466
261240,종가 15:30,현물+금리차,2023-05-08,-0.0841,-0.1058,0.017,-0.0889
261240,종가 15:30,현물+금리차,2023-05-09,0.202,0.1892,0.0044,0.1936
261240,종가 15:30,현물+금리차,2023-05-10,0.042,0.068,0.0043,0.0723
261240,종가 15:30,현물+금리차,2023-05-11,0.126,0.1132,0.0041,0.1173
261240,종가 15:30,현물+금리차,2023-05-12,0.7883,0.6183,0.0039,0.6222
261240,종가 15:30,현물+금리차,2023-05-15,0.0416,0.1873,0.0121,0.1994
261240,종가 15:30,현물+금리차,2023-05-16,0.2911,0.1197,0.0039,0.1236
261240,종가 15:30,현물+금리차,2023-05-17,-0.1244,-0.1046,0.004,-0.1006
261240,종가 15:30,현물+금리차,2023-05-18,-0.1661,-0.2243,0.004,-0.2204
261240,종가 15:30,현물+금리차,2023-05-19,-0.5739,-0.5621,0.0041,-0.5581
261240,종가 15:30,현물+금리차,2023-05-22,-0.5772,-0.6482,0.0119,-0.6364
261240,종가 15:30,현물+금리차,2023-05-23,-0.4628,-0.4097,0.0043,-0.4054
261240,종가 15:30,현물+금리차,2023-05-24,0.2536,0.358,0.0041,0.3621
261240,종가 15:30,현물+금리차,2023-05-25,0.7926,0.6528,0.0041,0.6569
261240,종가 15:30,현물+금리차,2023-05-26,-0.0837,-0.1131,0.004,-0.1091
261240,종가 15:30,현물+금리차,2023-05-30,0.0,0.0302,0.0155,0.0457
261240,종가 15:30,현물+금리차,2023-05-31,0.1256,0.1736,0.0042,0.1778
261240,종가 15:30,현물+금리차,2023-06-01,-0.3763,-0.4219,0.0041,-0.4178
261240,종가 15:30,현물+금리차,2023-06-02,-1.2422,-1.2031,0.0041,-1.1991
261240,종가 15:30,현물+금리차,2023-06-05,0.3315,0.1838,0.0121,0.1959
261240,종가 15:30,현물+금리차,2023-06-07,-0.3304,-0.3287,0.0079,-0.3209
261240,종가 15:30,현물+금리차,2023-06-08,0.085,-0.0077,0.0039,-0.0038
261240,종가 15:30,현물+금리차,2023-06-09,-0.8832,-0.9358,0.0038,-0.9321
261240,종가 15:30,현물+금리차,2023-06-12,-0.3427,-0.2478,0.0112,-0.2366
261240,종가 15:30,현물+금리차,2023-06-13,-1.238,-1.3118,0.0038,-1.308
261240,종가 15:30,현물+금리차,2023-06-14,0.5658,0.5584,0.0037,0.5622
261240,종가 15:30,현물+금리차,2023-06-15,0.1645,0.1564,0.0037,0.1601
261240,종가 15:30,현물+금리차,2023-06-16,-0.6395,-0.6716,0.0036,-0.668
261240,종가 15:30,현물+금리차,2023-06-19,0.6436,0.7941,0.011,0.8052
261240,종가 15:30,현물+금리차,2023-06-20,0.0432,-0.1326,0.0037,-0.1289
261240,종가 15:30,현물+금리차,2023-06-21,0.8206,0.9138,0.0038,0.9177
261240,종가 15:30,현물+금리차,2023-06-22,0.2913,0.2245,0.0038,0.2283
261240,종가 15:30,현물+금리차,2023-06-23,0.6749,0.7182,0.0038,0.7221
261240,종가 15:30,현물+금리차,2023-06-26,0.1697,0.161,0.0115,0.1725
261240,종가 15:30,현물+금리차,2023-06-27,-0.288,-0.4593,0.0041,-0.4552
261240,종가 15:30,현물+금리차,2023-06-28,0.4588,0.5383,0.0039,0.5423
261240,종가 15:30,현물+금리차,2023-06-29,0.7526,0.7879,0.0039,0.7918
261240,종가 15:30,현물+금리차,2023-06-30,0.1679,0.0076,0.004,0.0116
261240,종가 15:30,현물+금리차,2023-07-03,-0.662,-0.7361,0.0117,-0.7245
261240,종가 15:30,현물+금리차,2023-07-04,-0.4218,-0.5046,0.004,-0.5006
261240,종가 15:30,현물+금리차,2023-07-05,-0.288,-0.2152,0.004,-0.2111
261240,종가 15:30,현물+금리차,2023-07-06,0.2464,0.1771,0.004,0.1811
261240,종가 15:30,현물+금리차,2023-07-07,0.1271,0.3152,0.0041,0.3193
261240,종가 15:30,현물+금리차,2023-07-10,0.127,0.1149,0.0121,0.127
261240,종가 15:30,현물+금리차,2023-07-11,-0.9637,-0.9797,0.0041,-0.9756
261240,종가 15:30,현물+금리차,2023-07-12,-0.2134,-0.3865,0.0041,-0.3824
261240,종가 15:30,현물+금리차,2023-07-13,-1.0179,-1.1407,0.0041,-1.1366
261240,종가 15:30,현물+금리차,2023-07-14,-0.8987,-0.6436,0.0041,-0.6396
261240,종가 15:30,현물+금리차,2023-07-17,0.3052,0.0632,0.0123,0.0755
261240,종가 15:30,현물+금리차,2023-07-18,-0.4694,-0.4895,0.0041,-0.4854
261240,종가 15:30,현물+금리차,2023-07-19,0.2096,0.4126,0.0041,0.4167
261240,종가 15:30,현물+금리차,2023-07-20,0.5665,0.3398,0.0041,0.3439
261240,종가 15:30,현물+금리차,2023-07-21,0.858,1.0631,0.0041,1.0673
261240,종가 15:30,현물+금리차,2023-07-24,-0.043,-0.2727,0.0125,-0.2603
261240,종가 15:30,현물+금리차,2023-07-25,-0.3439,-0.3516,0.0042,-0.3474
261240,종가 15:30,현물+금리차,2023-07-26,0.0,-0.0706,0.0042,-0.0664
261240,종가 15:30,현물+금리차,2023-07-27,0.0863,0.2511,0.0042,0.2553
261240,종가 15:30,현물+금리차,2023-07-28,-0.0431,-0.0548,0.0042,-0.0506
261240,종가 15:30,현물+금리차,2023-07-31,-0.2156,-0.1879,0.0127,-0.1753
261240,종가 15:30,현물+금리차,2023-08-01,0.8642,0.7218,0.0042,0.726
261240,종가 15:30,현물+금리차,2023-08-02,1.1823,1.145,0.0042,1.1493
261240,종가 15:30,현물+금리차,2023-08-03,0.0423,0.0462,0.0042,0.0504
261240,종가 15:30,현물+금리차,2023-08-04,0.7533,0.8236,0.0042,0.8279
261240,종가 15:30,현물+금리차,2023-08-07,-0.2436,-0.2749,0.0128,-0.2621
261240,종가 15:30,현물+금리차,2023-08-08,0.7916,0.7273,0.0043,0.7316
261240,종가 15:30,현물+금리차,2023-08-09,0.0,0.0,0.0044,0.0044
261240,종가 15:30,현물+금리차,2023-08-10,0.0835,0.0228,0.0043,0.0271
261240,종가 15:30,현물+금리차,2023-08-11,0.576,0.6763,0.0044,0.6807
261240,종가 15:30,현물+금리차,2023-08-14,0.498,0.4529,0.0131,0.466
261240,종가 15:30,현물+금리차,2023-08-16,0.5286,0.4508,0.0088,0.4596
261240,종가 15:30,현물+금리차,2023-08-17,0.3286,0.3815,0.0044,0.3859
261240,종가 15:30,현물+금리차,2023-08-18,-0.1228,-0.2757,0.0044,-0.2714
261240,종가 15:30,현물+금리차,2023-08-21,0.4427,0.3213,0.013,0.3343
261240,종가 15:30,현물+금리차,2023-08-22,-0.6448,-0.5288,0.0044,-0.5245
261240,종가 15:30,현물+금리차,2023-08-23,0.2465,0.3145,0.0044,0.3189
261240,종가 15:30,현물+금리차,2023-08-24,-1.3031,-1.2764,0.0044,-1.2721
261240,종가 15:30,현물+금리차,2023-08-25,0.2076,0.1966,0.0044,0.201
261240,종가 15:30,현물+금리차,2023-08-28,0.0,-0.1358,0.0136,-0.1223
261240,종가 15:30,현물+금리차,2023-08-29,-0.1657,-0.1133,0.0045,-0.1088
261240,종가 15:30,현물+금리차,2023-08-30,0.249,0.1135,0.0045,0.118
261240,종가 15:30,현물+금리차,2023-08-31,0.0,-0.1209,0.0045,-0.1164
261240,종가 15:30,현물+금리차,2023-09-01,-0.414,-0.227,0.0045,-0.2225
261240,종가 15:30,현물+금리차,2023-09-04,0.0416,0.0758,0.0133,0.0892
261240,종가 15:30,현물+금리차,2023-09-05,0.8643,0.8183,0.0044,0.8228
261240,종가 15:30,현물+금리차,2023-09-06,0.1236,-0.0075,0.0044,-0.0031
261240,종가 15:30,현물+금리차,2023-09-07,0.2057,0.3683,0.0044,0.3727
261240,종가 15:30,현물+금리차,2023-09-08,-0.0821,-0.1498,0.0043,-0.1454
261240,종가 15:30,현물+금리차,2023-09-11,0.0411,-0.1725,0.0131,-0.1594
261240,종가 15:30,현물+금리차,2023-09-12,-0.4108,-0.2479,0.0044,-0.2435
261240,종가 15:30,현물+금리차,2023-09-13,0.2887,0.1657,0.0044,0.1701
261240,종가 15:30,현물+금리차,2023-09-14,-0.4031,-0.3233,0.0043,-0.319
261240,종가 15:30,현물+금리차,2023-09-15,0.1156,0.0151,0.0042,0.0193
261240,종가 15:30,현물+금리차,2023-09-18,-0.2392,-0.1131,0.0127,-0.1005
261240,종가 15:30,현물+금리차,2023-09-19,0.4052,0.3096,0.0042,0.3138
261240,종가 15:30,현물+금리차,2023-09-20,0.1235,0.1204,0.0041,0.1246
261240,종가 15:30,현물+금리차,2023-09-21,0.9377,0.7218,0.0042,0.7259
261240,종가 15:30,현물+금리차,2023-09-22,-0.326,-0.2165,0.0041,-0.2123
261240,종가 15:30,현물+금리차,2023-09-25,0.0,-0.0224,0.0122,-0.0102
261240,종가 15:30,현물+금리차,2023-09-26,1.0138,0.8979,0.0042,0.9021
261240,종가 15:30,현물+금리차,2023-09-27,0.0809,0.0593,0.0041,0.0635
261240,종가 15:30,현물+금리차,2023-10-04,0.922,1.0524,0.029,1.0817
261240,종가 15:30,현물+금리차,2023-10-05,-0.8334,-0.9534,0.0041,-0.9494
261240,종가 15:30,현물+금리차,2023-10-06,-0.1212,-0.0444,0.0041,-0.0403
261240,종가 15:30,현물+금리차,2023-10-10,0.2023,-0.0296,0.0169,-0.0128
261240,종가 15:30,현물+금리차,2023-10-11,-0.8801,-0.8003,0.0042,-0.7962
261240,종가 15:30,현물+금리차,2023-10-12,0.0407,-0.0149,0.0042,-0.0108
261240,종가 15:30,현물+금리차,2023-10-13,0.8875,0.8592,0.0042,0.8634
261240,종가 15:30,현물+금리차,2023-10-16,0.3228,0.2741,0.0126,0.2867
261240,종가 15:30,현물+금리차,2023-10-17,-0.1207,-0.0074,0.0042,-0.0032
261240,종가 15:30,현물+금리차,2023-10-18,-0.3222,-0.2955,0.0042,-0.2913
261240,종가 15:30,현물+금리차,2023-10-19,0.7596,0.5779,0.0042,0.5821
261240,종가 15:30,현물+금리차,2023-10-20,-0.4331,-0.3684,0.0041,-0.3642
261240,종가 15:30,현물+금리차,2023-10-23,0.0805,0.0961,0.0122,0.1084
261240,종가 15:30,현물+금리차,2023-10-24,-0.6439,-0.783,0.0041,-0.779
261240,종가 15:30,현물+금리차,2023-10-25,0.405,0.4914,0.0041,0.4955
261240,종가 15:30,현물+금리차,2023-10-26,0.8794,0.7631,0.0041,0.7673
261240,종가 15:30,현물+금리차,2023-10-27,-0.3999,-0.3015,0.0041,-0.2974
261240,종가 15:30,현물+금리차,2023-10-30,-0.3132,-0.3688,0.0123,-0.3565
261240,종가 15:30,현물+금리차,2023-10-31,0.0403,-0.0296,0.0041,-0.0255
261240,종가 15:30,현물+금리차,2023-11-01,0.5153,0.5035,0.0041,0.5077
261240,종가 15:30,현물+금리차,2023-11-02,-1.0333,-1.0609,0.0041,-1.0569
261240,종가 15:30,현물+금리차,2023-11-03,-1.5621,-1.5265,0.004,-1.5226
261240,종가 15:30,현물+금리차,2023-11-06,-1.7102,-1.8981,0.0118,-1.8865
261240,종가 15:30,현물+금리차,2023-11-07,0.7863,0.8171,0.004,0.8211
261240,종가 15:30,현물+금리차,2023-11-08,0.083,0.2064,0.004,0.2104
261240,종가 15:30,현물+금리차,2023-11-09,-0.0829,-0.0382,0.004,-0.0342
261240,종가 15:30,현물+금리차,2023-11-10,0.5312,0.5114,0.0039,0.5154
261240,종가 15:30,현물+금리차,2023-11-13,0.6605,0.6303,0.0118,0.6421
261240,종가 15:30,현물+금리차,2023-11-14,0.3609,0.2868,0.004,0.2908
261240,종가 15:30,현물+금리차,2023-11-15,-2.0186,-2.1145,0.0039,-2.1107
261240,종가 15:30,현물+금리차,2023-11-16,-0.0417,-0.2998,0.0039,-0.2959
261240,종가 15:30,현물+금리차,2023-11-17,-0.2503,0.0,0.0039,0.0039
261240,종가 15:30,현물+금리차,2023-11-20,-0.2928,-0.4087,0.0117,-0.397
261240,종가 15:30,현물+금리차,2023-11-21,-0.3272,-0.1858,0.0039,-0.1819
261240,종가 15:30,현물+금리차,2023-11-22,0.8333,0.8765,0.0039,0.8805
261240,종가 15:30,현물+금리차,2023-11-23,0.0,-0.2307,0.0039,-0.2267
261240,종가 15:30,현물+금리차,2023-11-24,0.5343,0.6859,0.0039,0.6899
261240,종가 15:30,현물+금리차,2023-11-27,0.0,-0.199,0.0118,-0.1872
261240,종가 15:30,현물+금리차,2023-11-28,-0.8221,-0.7747,0.0039,-0.7707
261240,종가 15:30,현물+금리차,2023-11-29,-0.293,-0.3169,0.0039,-0.313
261240,종가 15:30,현물+금리차,2023-11-30,0.0,0.031,0.0039,0.0349
261240,종가 15:30,현물+금리차,2023-12-01,1.2512,1.2248,0.0039,1.2287
261240,종가 15:30,현물+금리차,2023-12-04,-0.0415,-0.1378,0.0114,-0.1264
261240,종가 15:30,현물+금리차,2023-12-05,0.4895,0.5521,0.0039,0.5561
261240,종가 15:30,현물+금리차,2023-12-06,0.2064,0.1449,0.0039,0.1488
261240,종가 15:30,현물+금리차,2023-12-07,1.0217,0.9291,0.0039,0.933
261240,종가 15:30,현물+금리차,2023-12-08,-1.411,-1.3959,0.0038,-1.3921
261240,종가 15:30,현물+금리차,2023-12-11,0.7776,0.7423,0.0115,0.7539
261240,종가 15:30,현물+금리차,2023-12-12,-0.2052,-0.1899,0.0039,-0.186
261240,종가 15:30,현물+금리차,2023-12-13,0.3702,0.449,0.0039,0.4529
261240,종가 15:30,현물+금리차,2023-12-14,-1.7046,-1.8562,0.0038,-1.8524
261240,종가 15:30,현물+금리차,2023-12-15,-0.0834,0.0849,0.0038,0.0888
261240,종가 15:30,현물+금리차,2023-12-18,0.1585,0.054,0.0116,0.0656
261240,종가 15:30,현물+금리차,2023-12-19,0.7082,0.8171,0.0039,0.8211
261240,종가 15:30,현물+금리차,2023-12-20,-0.4964,-0.6805,0.0038,-0.6767
261240,종가 15:30,현물+금리차,2023-12-21,0.4157,0.4773,0.0039,0.4812
261240,종가 15:30,현물+금리차,2023-12-22,-0.1656,-0.1609,0.0038,-0.1571
261240,종가 15:30,현물+금리차,2023-12-26,-0.6137,-0.6523,0.0155,-0.637
261240,종가 15:30,현물+금리차,2023-12-27,0.0834,-0.0232,0.0039,-0.0193
261240,종가 15:30,현물+금리차,2023-12-28,-0.3335,-0.4791,0.0039,-0.4752
261240,종가 15:30,현물+금리차,2024-01-02,0.7863,0.9627,0.0195,0.9824
261240,종가 15:30,현물+금리차,2024-01-03,0.332,0.3384,0.0038,0.3422
261240,종가 15:30,현물+금리차,2024-01-04,0.5295,0.3985,0.0039,0.4024
261240,종가 15:30,현물+금리차,2024-01-05,0.4526,0.4122,0.0039,0.4161
261240,종가 15:30,현물+금리차,2024-01-08,0.1147,0.0456,0.0118,0.0574
261240,종가 15:30,현물+금리차,2024-01-09,-0.1146,-0.0228,0.0039,-0.0189
261240,종가 15:30,현물+금리차,2024-01-10,0.4833,0.3344,0.0039,0.3384
261240,종가 15:30,현물+금리차,2024-01-11,-0.5218,-0.5454,0.0039,-0.5415
261240,종가 15:30,현물+금리차,2024-01-12,0.0,0.0457,0.004,0.0497
261240,종가 15:30,현물+금리차,2024-01-15,0.4426,0.5101,0.0119,0.5221
261240,종가 15:30,현물+금리차,2024-01-16,1.0117,0.8787,0.0041,0.8827
261240,종가 15:30,현물+금리차,2024-01-17,0.9612,0.9311,0.0041,0.9352
261240,종가 15:30,현물+금리차,2024-01-18,-0.36,-0.3348,0.0042,-0.3306
261240,종가 15:30,현물+금리차,2024-01-19,0.0401,-0.0523,0.0042,-0.0481
261240,종가 15:30,현물+금리차,2024-01-22,-0.0803,-0.0075,0.0127,0.0052
261240,종가 15:30,현물+금리차,2024-01-23,-0.3936,-0.4108,0.0042,-0.4066
261240,종가 15:30,현물+금리차,2024-01-24,0.3548,0.27,0.0042,0.2742
261240,종가 15:30,현물+금리차,2024-01-25,-0.0804,-0.0898,0.0042,-0.0856
261240,종가 15:30,현물+금리차,2024-01-26,0.0402,0.0374,0.0042,0.0416
261240,종가 15:30,현물+금리차,2024-01-29,-0.0402,-0.0449,0.0126,-0.0323
261240,종가 15:30,현물+금리차,2024-01-30,-0.5147,-0.4717,0.0042,-0.4675
261240,종가 15:30,현물+금리차,2024-01-31,0.485,0.3912,0.0042,0.3954
261240,종가 15:30,현물+금리차,2024-02-01,-0.1609,-0.2098,0.0042,-0.2056
261240,종가 15:30,현물+금리차,2024-02-02,-0.7172,-0.6908,0.0042,-0.6866
261240,종가 15:30,현물+금리차,2024-02-05,0.6006,0.62,0.0127,0.6328
261240,종가 15:30,현물+금리차,2024-02-06,-0.1614,-0.2405,0.0042,-0.2362
261240,종가 15:30,현물+금리차,2024-02-07,0.0,0.0151,0.0043,0.0193
261240,종가 15:30,현물+금리차,2024-02-08,0.0,0.0301,0.0043,0.0344
261240,종가 15:30,현물+금리차,2024-02-13,0.1212,-0.0075,0.0214,0.0138
261240,종가 15:30,현물+금리차,2024-02-14,0.5569,0.5497,0.0043,0.554
261240,종가 15:30,현물+금리차,2024-02-15,-0.0401,-0.1048,0.0042,-0.1006
261240,종가 15:30,현물+금리차,2024-02-16,0.0,0.1049,0.0042,0.1092
261240,종가 15:30,현물+금리차,2024-02-19,0.0803,-0.015,0.0128,-0.0022
261240,종가 15:30,현물+금리차,2024-02-20,0.2006,0.1797,0.0042,0.184
261240,종가 15:30,현물+금리차,2024-02-21,-0.2402,-0.2168,0.0042,-0.2126
261240,종가 15:30,현물+금리차,2024-02-22,-0.3933,-0.4495,0.0042,-0.4453
261240,종가 15:30,현물+금리차,2024-02-23,0.1934,0.1731,0.0042,0.1774
261240,종가 15:30,현물+금리차,2024-02-26,0.0402,0.0075,0.0128,0.0203
261240,종가 15:30,현물+금리차,2024-02-27,0.0,-0.0075,0.0043,-0.0032
261240,종가 15:30,현물+금리차,2024-02-28,0.2412,0.1953,0.0042,0.1996
261240,종가 15:30,현물+금리차,2024-02-29,-0.2005,-0.1575,0.0042,-0.1533
261240,종가 15:30,현물+금리차,2024-03-04,0.0804,-0.015,0.0171,0.0021
261240,종가 15:30,현물+금리차,2024-03-05,0.2007,0.2404,0.0043,0.2447
261240,종가 15:30,현물+금리차,2024-03-06,0.0401,0.0,0.0042,0.0042
261240,종가 15:30,현물+금리차,2024-03-07,-0.2403,-0.2698,0.0043,-0.2655
261240,종가 15:30,현물+금리차,2024-03-08,-0.9154,-0.834,0.0043,-0.8298
261240,종가 15:30,현물+금리차,2024-03-11,-0.6807,-0.7198,0.0128,-0.7071
261240,종가 15:30,현물+금리차,2024-03-12,0.0816,0.0534,0.0043,0.0577
261240,종가 15:30,현물+금리차,2024-03-13,0.2446,0.267,0.0044,0.2713
261240,종가 15:30,현물+금리차,2024-03-14,0.3172,0.2358,0.0044,0.2402
261240,종가 15:30,현물+금리차,2024-03-15,1.0053,0.9791,0.0044,0.9835
261240,종가 15:30,현물+금리차,2024-03-18,0.2809,0.2405,0.0132,0.2538
261240,종가 15:30,현물+금리차,2024-03-19,0.4322,0.4574,0.0044,0.4618
261240,종가 15:30,현물+금리차,2024-03-20,-0.0398,-0.0149,0.0044,-0.0105
261240,종가 15:30,현물+금리차,2024-03-21,-1.1401,-1.284,0.0044,-1.2796
261240,종가 15:30,현물+금리차,2024-03-22,1.1935,1.2099,0.0044,1.2144
261240,종가 15:30,현물+금리차,2024-03-25,0.2789,0.2764,0.0131,0.2896
261240,종가 15:30,현물+금리차,2024-03-26,-0.2384,-0.1937,0.0043,-0.1894
261240,종가 15:30,현물+금리차,2024-03-27,0.7887,0.6868,0.0043,0.6912
261240,종가 15:30,현물+금리차,2024-03-28,-0.1502,-0.1854,0.0044,-0.181
261240,종가 15:30,현물+금리차,2024-03-29,-0.0396,0.0743,0.0044,0.0786
261240,종가 15:30,현물+금리차,2024-04-01,0.2692,0.1633,0.0131,0.1764
261240,종가 15:30,현물+금리차,2024-04-02,0.2369,0.2001,0.0044,0.2045
261240,종가 15:30,현물+금리차,2024-04-03,-0.3152,-0.2367,0.0044,-0.2323
261240,종가 15:30,현물+금리차,2024-04-04,-0.0316,-0.1334,0.0044,-0.1291
261240,종가 15:30,현물+금리차,2024-04-05,0.3874,0.4231,0.0044,0.4275
261240,종가 15:30,현물+금리차,2024-04-08,0.1575,0.0296,0.0136,0.0431
261240,종가 15:30,현물+금리차,2024-04-09,0.0786,0.1256,0.0046,0.1302
261240,종가 15:30,현물+금리차,2024-04-11,0.66,0.679,0.0091,0.6882
261240,종가 15:30,현물+금리차,2024-04-12,0.9289,0.8284,0.0046,0.833
261240,종가 15:30,현물+금리차,2024-04-15,0.6497,0.6253,0.0139,0.6392
261240,종가 15:30,현물+금리차,2024-04-16,0.7223,0.7587,0.0046,0.7633
261240,종가 15:30,현물+금리차,2024-04-17,-0.4883,-0.5522,0.0046,-0.5476
261240,종가 15:30,현물+금리차,2024-04-18,-0.989,-1.0023,0.0047,-0.9977
261240,종가 15:30,현물+금리차,2024-04-19,0.6504,0.6774,0.0047,0.6821
261240,종가 15:30,현물+금리차,2024-04-22,-0.0769,-0.217,0.014,-0.2031
261240,종가 15:30,현물+금리차,2024-04-23,-0.077,-0.0653,0.0045,-0.0607
261240,종가 15:30,현물+금리차,2024-04-24,-0.7242,-0.6602,0.0046,-0.6556
261240,종가 15:30,현물+금리차,2024-04-25,0.4657,0.4236,0.0047,0.4283
261240,종가 15:30,현물+금리차,2024-04-26,0.0386,0.0218,0.0046,0.0264
261240,종가 15:30,현물+금리차,2024-04-29,0.1544,0.1236,0.0138,0.1374
261240,종가 15:30,현물+금리차,2024-04-30,0.4549,0.3631,0.0046,0.3677
261240,종가 15:30,현물+금리차,2024-05-02,-0.4221,-0.4414,0.0092,-0.4322
261240,종가 15:30,현물+금리차,2024-05-03,-1.0251,-0.9521,0.0046,-0.9475
261240,종가 15:30,현물+금리차,2024-05-07,-0.1168,-0.1981,0.0183,-0.1799
261240,종가 15:30,현물+금리차,2024-05-08,0.3431,0.1029,0.0046,0.1075
261240,종가 15:30,현물+금리차,2024-05-09,0.4274,0.6317,0.0046,0.6363
261240,종가 15:30,현물+금리차,2024-05-10,-0.2321,-0.146,0.0046,-0.1414
261240,종가 15:30,현물+금리차,2024-05-13,0.1163,0.0073,0.0138,0.0211
261240,종가 15:30,현물+금리차,2024-05-14,0.0,0.0658,0.0045,0.0703
261240,종가 15:30,현물+금리차,2024-05-16,-1.6499,-1.7603,0.009,-1.7515
261240,종가 15:30,현물+금리차,2024-05-17,0.7797,0.7361,0.0045,0.7406
261240,종가 15:30,현물+금리차,2024-05-20,0.0,0.0738,0.0136,0.0874
261240,종가 15:30,현물+금리차,2024-05-21,0.6174,0.5458,0.0045,0.5503
261240,종가 15:30,현물+금리차,2024-05-22,-0.0777,-0.0293,0.0045,-0.0248
261240,종가 15:30,현물+금리차,2024-05-23,0.0777,-0.0367,0.0045,-0.0322
261240,종가 15:30,현물+금리차,2024-05-24,0.5437,0.5211,0.0045,0.5257
261240,종가 15:30,현물+금리차,2024-05-27,-0.2704,-0.4162,0.0136,-0.4026
261240,종가 15:30,현물+금리차,2024-05-28,-0.3486,-0.3886,0.0045,-0.3841
261240,종가 15:30,현물+금리차,2024-05-29,0.4664,0.4785,0.0045,0.483
261240,종가 15:30,현물+금리차,2024-05-30,1.0368,1.0549,0.0045,1.0595
261240,종가 15:30,현물+금리차,2024-05-31,0.4135,0.3697,0.0045,0.3743
261240,종가 15:30,현물+금리차,2024-06-03,-0.5643,-0.6067,0.0135,-0.5933
261240,종가 15:30,현물+금리차,2024-06-04,-0.0767,-0.0073,0.0045,-0.0027
261240,종가 15:30,현물+금리차,2024-06-05,-0.1151,-0.218,0.0045,-0.2135
261240,종가 15:30,현물+금리차,2024-06-07,-0.4918,-0.5608,0.009,-0.5518
261240,종가 15:30,현물+금리차,2024-06-10,0.7645,0.7837,0.0136,0.7975
261240,종가 15:30,현물+금리차,2024-06-11,0.0383,0.1744,0.0045,0.1789
261240,종가 15:30,현물+금리차,2024-06-12,-0.0766,-0.1596,0.0045,-0.1551
261240,종가 15:30,현물+금리차,2024-06-13,-0.1917,-0.1671,0.0045,-0.1626
261240,종가 15:30,현물+금리차,2024-06-14,0.3456,0.393,0.0045,0.3976
261240,종가 15:30,현물+금리차,2024-06-17,0.222,0.1378,0.0136,0.1513
261240,종가 15:30,현물+금리차,2024-06-18,-0.0764,-0.0072,0.0045,-0.0027
261240,종가 15:30,현물+금리차,2024-06-19,0.2675,0.0507,0.0045,0.0552
261240,종가 15:30,현물+금리차,2024-06-20,0.2668,0.2099,0.0045,0.2144
261240,종가 15:30,현물+금리차,2024-06-21,0.1901,0.26,0.0045,0.2645
261240,종가 15:30,현물+금리차,2024-06-24,0.1442,0.0504,0.0134,0.0638
261240,종가 15:30,현물+금리차,2024-06-25,-0.0682,-0.108,0.0045,-0.1035
261240,종가 15:30,현물+금리차,2024-06-26,0.0303,0.0865,0.0045,0.091
261240,종가 15:30,현물+금리차,2024-06-27,-0.1061,-0.2088,0.0045,-0.2043
261240,종가 15:30,현물+금리차,2024-06-28,-0.683,-0.6567,0.0045,-0.6522
261240,종가 15:30,현물+금리차,2024-07-01,0.1528,0.1889,0.0133,0.2022
261240,종가 15:30,현물+금리차,2024-07-02,0.7553,0.6453,0.0045,0.6498
261240,종가 15:30,현물+금리차,2024-07-03,0.1893,0.1729,0.0045,0.1774
261240,종가 15:30,현물+금리차,2024-07-04,-0.786,-0.7335,0.0045,-0.729
261240,종가 15:30,현물+금리차,2024-07-05,0.0,-0.0072,0.0045,-0.0027
261240,종가 15:30,현물+금리차,2024-07-08,0.2666,0.2173,0.0136,0.231
261240,종가 15:30,현물+금리차,2024-07-09,-0.038,-0.1229,0.0045,-0.1184
261240,종가 15:30,현물+금리차,2024-07-10,0.228,0.2244,0.0046,0.229
261240,종가 15:30,현물+금리차,2024-07-11,-0.3791,-0.4261,0.0046,-0.4215
261240,종가 15:30,현물+금리차,2024-07-12,-0.0761,0.058,0.0045,0.0626
261240,종가 15:30,현물+금리차,2024-07-15,0.3809,0.232,0.0136,0.2456
261240,종가 15:30,현물+금리차,2024-07-16,0.0759,0.1519,0.0045,0.1564
261240,종가 15:30,현물+금리차,2024-07-17,-0.1896,-0.2455,0.0045,-0.241
261240,종가 15:30,현물+금리차,2024-07-18,0.114,0.0145,0.0045,0.019
261240,종가 15:30,현물+금리차,2024-07-19,0.3718,0.3619,0.0046,0.3665
261240,종가 15:30,현물+금리차,2024-07-22,0.0,0.1082,0.0138,0.122
261240,종가 15:30,현물+금리차,2024-07-23,-0.1134,-0.1441,0.0046,-0.1395
261240,종가 15:30,현물+금리차,2024-07-24,-0.0757,-0.1731,0.0045,-0.1686
261240,종가 15:30,현물+금리차,2024-07-25,0.1515,0.1156,0.0046,0.1202
261240,종가 15:30,현물+금리차,2024-07-26,-0.0378,0.0289,0.0045,0.0334
261240,종가 15:30,현물+금리차,2024-07-29,-0.1892,-0.2814,0.0136,-0.2678
261240,종가 15:30,현물+금리차,2024-07-30,0.2653,0.246,0.0045,0.2506
261240,종가 15:30,현물+금리차,2024-07-31,-0.6351,-0.6352,0.0045,-0.6308
261240,종가 15:30,현물+금리차,2024-08-01,-0.7913,-0.7483,0.0045,-0.7438
261240,종가 15:30,현물+금리차,2024-08-02,0.3758,0.366,0.0045,0.3705
261240,종가 15:30,현물+금리차,2024-08-05,0.2674,0.2625,0.0129,0.2755
261240,종가 15:30,현물+금리차,2024-08-06,0.1143,0.0582,0.0044,0.0626
261240,종가 15:30,현물+금리차,2024-08-07,0.1522,0.0872,0.0044,0.0917
261240,종가 15:30,현물+금리차,2024-08-08,-0.038,0.0291,0.0044,0.0335
261240,종가 15:30,현물+금리차,2024-08-09,-0.7907,-0.9149,0.0044,-0.9105
261240,종가 15:30,현물+금리차,2024-08-12,0.4905,0.5423,0.0133,0.5557
261240,종가 15:30,현물+금리차,2024-08-13,-0.1144,-0.1166,0.0044,-0.1122
261240,종가 15:30,현물+금리차,2024-08-14,-0.6795,-0.7151,0.0043,-0.7108
261240,종가 15:30,현물+금리차,2024-08-16,-0.1537,-0.2205,0.0087,-0.2119
261240,종가 15:30,현물+금리차,2024-08-19,-1.7553,-1.7384,0.0129,-1.7257
261240,종가 15:30,현물+금리차,2024-08-20,0.0,-0.06,0.0042,-0.0557
261240,종가 15:30,현물+금리차,2024-08-21,0.2351,0.255,0.0042,0.2592
261240,종가 15:30,현물+금리차,2024-08-22,-0.0782,-0.1422,0.0041,-0.138
261240,종가 15:30,현물+금리차,2024-08-23,0.313,0.3072,0.0042,0.3114
261240,종가 15:30,현물+금리차,2024-08-26,-0.8892,-0.8963,0.0123,-0.8841
261240,종가 15:30,현물+금리차,2024-08-27,0.3541,0.3166,0.004,0.3206
261240,종가 15:30,현물+금리차,2024-08-28,0.5411,0.6011,0.004,0.6051
261240,종가 15:30,현물+금리차,2024-08-29,-0.351,-0.4332,0.0039,-0.4292
261240,종가 15:30,현물+금리차,2024-08-30,0.1174,0.21,0.004,0.214
261240,종가 15:30,현물+금리차,2024-09-02,0.3127,0.1796,0.012,0.1917
261240,종가 15:30,현물+금리차,2024-09-03,0.265,0.2241,0.004,0.2282
261240,종가 15:30,현물+금리차,2024-09-04,0.0777,0.0596,0.004,0.0636
261240,종가 15:30,현물+금리차,2024-09-05,-0.4971,-0.4694,0.004,-0.4654
261240,종가 15:30,현물+금리차,2024-09-06,-0.5776,-0.6213,0.0039,-0.6174
261240,종가 15:30,현물+금리차,2024-09-09,0.8165,0.919,0.0117,0.9307
261240,종가 15:30,현물+금리차,2024-09-10,0.4205,0.2911,0.0038,0.2949
261240,종가 15:30,현물+금리차,2024-09-11,-0.38,-0.3498,0.0037,-0.3461
261240,종가 15:30,현물+금리차,2024-09-12,0.0778,-0.0224,0.0038,-0.0186
261240,종가 15:30,현물+금리차,2024-09-13,-0.739,-0.6872,0.0037,-0.6836
261240,종가 15:30,현물+금리차,2024-09-19,0.1175,-0.0376,0.0205,-0.0171
261240,종가 15:30,현물+금리차,2024-09-20,0.0,0.0075,0.003,0.0105
261240,종가 15:30,현물+금리차,2024-09-23,0.4696,0.5116,0.0085,0.5201
261240,종가 15:30,현물+금리차,2024-09-24,0.0,-0.0749,0.0027,-0.0721
261240,종가 15:30,현물+금리차,2024-09-25,-0.3895,-0.2922,0.0027,-0.2895
261240,종가 15:30,현물+금리차,2024-09-26,-0.1173,-0.2855,0.0027,-0.2828
261240,종가 15:30,현물+금리차,2024-09-27,-0.6577,-0.648,0.0027,-0.6453
261240,종가 15:30,현물+금리차,2024-09-30,-0.8591,-0.8191,0.008,-0.8111
261240,종가 15:30,현물+금리차,2024-10-02,0.9063,0.8793,0.0054,0.8848
261240,종가 15:30,현물+금리차,2024-10-04,1.1346,1.0915,0.0053,1.0968
261240,종가 15:30,현물+금리차,2024-10-07,1.1141,0.9747,0.0083,0.9831
261240,종가 15:30,현물+금리차,2024-10-08,0.1926,0.2228,0.0028,0.2256
261240,종가 15:30,현물+금리차,2024-10-10,0.0,0.037,0.0056,0.0426
261240,종가 15:30,현물+금리차,2024-10-11,-0.0384,-0.0518,0.0028,-0.049
261240,종가 15:30,현물+금리차,2024-10-14,0.4616,0.4742,0.0093,0.4836
261240,종가 15:30,현물+금리차,2024-10-15,0.5667,0.3983,0.0031,0.4014
261240,종가 15:30,현물+금리차,2024-10-16,0.1142,0.0955,0.0031,0.0986
261240,종가 15:30,현물+금리차,2024-10-17,0.4868,0.4403,0.003,0.4434
261240,종가 15:30,현물+금리차,2024-10-18,-0.0757,0.0804,0.0032,0.0835
261240,종가 15:30,현물+금리차,2024-10-21,0.4166,0.4015,0.0094,0.411
261240,종가 15:30,현물+금리차,2024-10-22,0.4828,0.3563,0.0031,0.3594
261240,종가 15:30,현물+금리차,2024-10-23,0.1501,0.1522,0.003,0.1552
261240,종가 15:30,현물+금리차,2024-10-24,-0.1124,-0.1447,0.0031,-0.1416
261240,종가 15:30,현물+금리차,2024-10-25,0.6303,0.6159,0.003,0.6189
261240,종가 15:30,현물+금리차,2024-10-28,-0.2908,-0.2664,0.0092,-0.2573
261240,종가 15:30,현물+금리차,2024-10-29,0.187,0.1083,0.003,0.1113
261240,종가 15:30,현물+금리차,2024-10-30,-0.3359,-0.2957,0.003,-0.2928
261240,종가 15:30,현물+금리차,2024-10-31,-0.0749,-0.1808,0.0028,-0.178
261240,종가 15:30,현물+금리차,2024-11-01,-0.0375,-0.0362,0.0028,-0.0335
261240,종가 15:30,현물+금리차,2024-11-04,-0.6299,-0.6162,0.0081,-0.6082
261240,종가 15:30,현물+금리차,2024-11-05,0.5961,0.5617,0.0028,0.5645
261240,종가 15:30,현물+금리차,2024-11-06,1.3052,1.2767,0.0027,1.2794
261240,종가 15:30,현물+금리차,2024-11-07,0.0,0.0286,0.0027,0.0314
261240,종가 15:30,현물+금리차,2024-11-08,-0.7034,-0.7303,0.0027,-0.7276
261240,종가 15:30,현물+금리차,2024-11-11,0.5966,0.5987,0.0082,0.6069
261240,종가 15:30,현물+금리차,2024-11-12,0.6968,0.631,0.0027,0.6337
261240,종가 15:30,현물+금리차,2024-11-13,0.2208,0.2209,0.0027,0.2236
261240,종가 15:30,현물+금리차,2024-11-14,-0.4407,-0.1066,0.0026,-0.104
261240,종가 15:30,현물+금리차,2024-11-15,-0.0738,-0.4484,0.0027,-0.4457
261240,종가 15:30,현물+금리차,2024-11-18,-0.288,-0.2574,0.008,-0.2494
261240,종가 15:30,현물+금리차,2024-11-19,-0.3702,-0.3082,0.0027,-0.3055
261240,종가 15:30,현물+금리차,2024-11-20,0.1115,0.0,0.0027,0.0027
261240,종가 15:30,현물+금리차,2024-11-21,0.5122,0.4745,0.0027,0.4772
261240,종가 15:30,현물+금리차,2024-11-22,0.2954,0.3077,0.0027,0.3104
261240,종가 15:30,현물+금리차,2024-11-25,0.0,0.0285,0.0081,0.0367
261240,종가 15:30,현물+금리차,2024-11-26,-0.1841,-0.2853,0.0027,-0.2826
261240,종가 15:30,현물+금리차,2024-11-27,-0.0738,-0.0858,0.0026,-0.0832
261240,종가 15:30,현물+금리차,2024-11-28,-0.0738,-0.1002,0.0026,-0.0976
261240,종가 15:30,현물+금리차,2024-11-29,-0.1478,-0.0645,0.003,-0.0614
261240,종가 15:30,현물+금리차,2024-12-02,0.666,0.4732,0.009,0.4823
261240,종가 15:30,현물+금리차,2024-12-03,-0.0735,0.1142,0.003,0.1172
261240,종가 15:30,현물+금리차,2024-12-04,0.6915,0.5132,0.003,0.5162
261240,종가 15:30,현물+금리차,2024-12-05,0.358,0.3546,0.0029,0.3575
261240,종가 15:30,현물+금리차,2024-12-06,0.2184,0.2897,0.0029,0.2926
261240,종가 15:30,현물+금리차,2024-12-09,1.2639,1.2542,0.0085,1.2628
261240,종가 15:30,현물+금리차,2024-12-10,-0.6456,-0.7029,0.0028,-0.7001
261240,종가 15:30,현물+금리차,2024-12-11,0.3971,0.3714,0.0027,0.3742
261240,종가 15:30,현물+금리차,2024-12-12,0.036,-0.0209,0.0025,-0.0184
261240,종가 15:30,현물+금리차,2024-12-13,-0.0359,0.0768,0.0025,0.0793
261240,종가 15:30,현물+금리차,2024-12-16,0.2517,0.1396,0.0075,0.1471
261240,종가 15:30,현물+금리차,2024-12-17,0.2798,0.2718,0.0024,0.2742
261240,종가 15:30,현물+금리차,2024-12-18,-0.3147,-0.2363,0.0024,-0.2339
261240,종가 15:30,현물+금리차,2024-12-19,1.2055,1.1425,0.0024,1.1449
261240,종가 15:30,현물+금리차,2024-12-20,0.0709,-0.0344,0.0023,-0.0321
261240,종가 15:30,현물+금리차,2024-12-23,0.0354,0.0413,0.0069,0.0482
261240,종가 15:30,현물+금리차,2024-12-24,0.3471,0.303,0.0023,0.3054
261240,종가 15:30,현물+금리차,2024-12-26,0.5647,0.5768,0.0048,0.5816
261240,종가 15:30,현물+금리차,2024-12-27,0.379,0.1843,0.0023,0.1866
261240,종가 15:30,현물+금리차,2024-12-30,0.3846,0.3407,0.0062,0.3469
261240,종가 15:30,현물+금리차,2025-01-02,-0.6547,-0.4007,0.0065,-0.3942
261240,종가 15:30,현물+금리차,2025-01-03,0.0631,0.1227,0.0026,0.1254
261240,종가 15:30,현물+금리차,2025-01-06,0.2452,0.0885,0.0086,0.0972
261240,종가 15:30,현물+금리차,2025-01-07,-1.1743,-1.1023,0.003,-1.0993
261240,종가 15:30,현물+금리차,2025-01-08,0.2051,0.1032,0.0032,0.1064
261240,종가 15:30,현물+금리차,2025-01-09,0.3882,0.378,0.0032,0.3812
261240,종가 15:30,현물+금리차,2025-01-10,0.2461,0.3081,0.0033,0.3114
261240,종가 15:30,현물+금리차,2025-01-13,0.4489,0.3959,0.01,0.406
261240,종가 15:30,현물+금리차,2025-01-14,-0.412,-0.5167,0.0034,-0.5134
261240,종가 15:30,현물+금리차,2025-01-15,-0.1753,-0.1367,0.0033,-0.1333
261240,종가 15:30,현물+금리차,2025-01-16,-0.2809,-0.308,0.0033,-0.3046
261240,종가 15:30,현물+금리차,2025-01-17,0.0352,0.1098,0.0033,0.1132
261240,종가 15:30,현물+금리차,2025-01-20,-0.3098,-0.4526,0.0099,-0.4427
261240,종가 15:30,현물+금리차,2025-01-21,-0.9111,-0.8404,0.0033,-0.8371
261240,종가 15:30,현물+금리차,2025-01-22,-0.1069,-0.132,0.0034,-0.1286
261240,종가 15:30,현물+금리차,2025-01-23,0.0714,-0.0209,0.0033,-0.0176
261240,종가 15:30,현물+금리차,2025-01-24,-0.3922,-0.4174,0.0033,-0.4142
261240,종가 15:30,현물+금리차,2025-01-31,1.5963,1.4951,0.0226,1.5181
261240,종가 15:30,현물+금리차,2025-02-03,0.8384,0.9981,0.0096,1.0079
261240,종가 15:30,현물+금리차,2025-02-04,-0.1747,-0.2931,0.0033,-0.2898
261240,종가 15:30,현물+금리차,2025-02-05,-1.2459,-1.2714,0.0033,-1.2681
261240,종가 15:30,현물+금리차,2025-02-06,0.2481,0.2354,0.0033,0.2387
261240,종가 15:30,현물+금리차,2025-02-07,0.0,0.0069,0.0034,0.0103
261240,종가 15:30,현물+금리차,2025-02-10,0.2757,0.2348,0.0103,0.2451
261240,종가 15:30,현물+금리차,2025-02-11,0.1058,0.0965,0.0034,0.0999
261240,종가 15:30,현물+금리차,2025-02-12,0.0,0.0551,0.0034,0.0585
261240,종가 15:30,현물+금리차,2025-02-13,-0.3451,-0.4059,0.0034,-0.4025
261240,종가 15:30,현물+금리차,2025-02-14,-0.2474,-0.2763,0.0034,-0.273
261240,종가 15:30,현물+금리차,2025-02-17,-0.1417,-0.1247,0.0102,-0.1145
261240,종가 15:30,현물+금리차,2025-02-18,0.1774,0.1387,0.0034,0.1422
261240,종가 15:30,현물+금리차,2025-02-19,-0.3541,-0.3602,0.0035,-0.3567
261240,종가 15:30,현물+금리차,2025-02-20,0.0,-0.0417,0.0035,-0.0382
261240,종가 15:30,현물+금리차,2025-02-21,-0.3127,-0.2504,0.0035,-0.2469
261240,종가 15:30,현물+금리차,2025-02-24,-0.4278,-0.4811,0.0109,-0.4702
261240,종가 15:30,현물+금리차,2025-02-25,0.2506,0.2102,0.0036,0.2138
261240,종가 15:30,현물+금리차,2025-02-26,0.1071,0.1888,0.0037,0.1924
261240,종가 15:30,현물+금리차,2025-02-27,0.7064,0.6908,0.0037,0.6946
261240,종가 15:30,현물+금리차,2025-02-28,1.4029,1.4137,0.0037,1.4175
261240,종가 15:30,현물+금리차,2025-03-04,0.0349,-0.1093,0.0144,-0.095
261240,종가 15:30,현물+금리차,2025-03-05,-0.5518,-0.4994,0.0037,-0.4957
261240,종가 15:30,현물+금리차,2025-03-06,-0.7656,-0.8319,0.0038,-0.8282
261240,종가 15:30,현물+금리차,2025-03-07,0.3114,0.305,0.0037,0.3088
261240,종가 15:30,현물+금리차,2025-03-10,0.4233,0.3801,0.0112,0.3914
261240,종가 15:30,현물+금리차,2025-03-11,0.3443,0.4063,0.0037,0.41
261240,종가 15:30,현물+금리차,2025-03-12,-0.4831,-0.4938,0.0037,-0.4901
261240,종가 15:30,현물+금리차,2025-03-13,0.2814,0.193,0.0038,0.1967
261240,종가 15:30,현물+금리차,2025-03-14,-0.0702,0.0,0.0037,0.0037
261240,종가 15:30,현물+금리차,2025-03-17,-0.4213,-0.4058,0.0112,-0.3947
261240,종가 15:30,현물+금리차,2025-03-18,0.3878,0.3453,0.0037,0.3491
261240,종가 15:30,현물+금리차,2025-03-19,0.1405,0.0344,0.0037,0.0381
261240,종가 15:30,현물+금리차,2025-03-20,0.3086,0.3784,0.0037,0.3822
261240,종가 15:30,현물+금리차,2025-03-21,0.3846,0.2605,0.0037,0.2642
261240,종가 15:30,현물+금리차,2025-03-24,0.3761,0.3418,0.0111,0.353
261240,종가 15:30,현물+금리차,2025-03-25,0.1041,0.1022,0.0037,0.1059
261240,종가 15:30,현물+금리차,2025-03-26,-0.2426,-0.1974,0.0037,-0.1937
261240,종가 15:30,현물+금리차,2025-03-27,0.0,-0.0682,0.0037,-0.0645
261240,종가 15:30,현물+금리차,2025-03-28,0.1042,0.0819,0.0037,0.0856
261240,종가 15:30,현물+금리차,2025-03-31,0.3471,0.4364,0.0112,0.4476
261240,종가 15:30,현물+금리차,2025-04-01,0.0,-0.0679,0.0038,-0.0641
261240,종가 15:30,현물+금리차,2025-04-02,-0.3459,-0.3601,0.0037,-0.3564
261240,종가 15:30,현물+금리차,2025-04-03,0.0,0.0273,0.0038,0.0311
261240,종가 15:30,현물+금리차,2025-04-04,-2.2352,-2.2427,0.0038,-2.2389
261240,종가 15:30,현물+금리차,2025-04-07,2.3218,2.3499,0.0114,2.3616
261240,종가 15:30,현물+금리차,2025-04-08,0.451,0.3679,0.0039,0.3718
261240,종가 15:30,현물+금리차,2025-04-09,0.753,0.7399,0.004,0.7439
261240,종가 15:30,현물+금리차,2025-04-10,-1.7689,-1.8665,0.0041,-1.8624
261240,종가 15:30,현물+금리차,2025-04-11,-0.4467,-0.4463,0.0041,-0.4422
261240,종가 15:30,현물+금리차,2025-04-14,-1.8439,-1.7794,0.0124,-1.7672
261240,종가 15:30,현물+금리차,2025-04-15,0.2143,0.0983,0.0041,0.1024
261240,종가 15:30,현물+금리차,2025-04-16,0.0713,0.0842,0.0041,0.0883
261240,종가 15:30,현물+금리차,2025-04-17,-0.4986,-0.5467,0.0041,-0.5427
261240,종가 15:30,현물+금리차,2025-04-18,0.2505,0.3101,0.0042,0.3143
261240,종가 15:30,현물+금리차,2025-04-21,-0.3213,-0.2951,0.0125,-0.2826
261240,종가 15:30,현물+금리차,2025-04-22,0.1074,0.1057,0.0041,0.1098
261240,종가 15:30,현물+금리차,2025-04-23,0.1431,0.0,0.0041,0.0041
261240,종가 15:30,현물+금리차,2025-04-24,0.9575,1.0137,0.0041,1.0178
261240,종가 15:30,현물+금리차,2025-04-25,0.1769,0.1045,0.0041,0.1086
261240,종가 15:30,현물+금리차,2025-04-28,0.3815,0.4246,0.0122,0.4369
261240,종가 15:30,현물+금리차,2025-04-29,-0.3449,-0.3674,0.0041,-0.3633
261240,종가 15:30,현물+금리차,2025-04-30,-1.017,-1.1341,0.0041,-1.13
261240,종가 15:30,현물+금리차,2025-05-02,-1.0631,-1.1049,0.0082,-1.0968
261240,종가 15:30,현물+금리차,2025-05-07,-0.4976,-0.5195,0.0207,-0.4989
261240,종가 15:30,현물+금리차,2025-05-08,-0.145,-0.1001,0.0041,-0.096
261240,종가 15:30,현물+금리차,2025-05-09,0.2178,0.2434,0.0042,0.2477
261240,종가 15:30,현물+금리차,2025-05-12,0.1811,0.1714,0.0127,0.1841
261240,종가 15:30,현물+금리차,2025-05-13,1.1423,0.9698,0.0045,0.9743
261240,종가 15:30,현물+금리차,2025-05-14,0.1787,0.2966,0.0044,0.301
261240,종가 15:30,현물+금리차,2025-05-15,-1.7339,-1.8096,0.0044,-1.8052
261240,종가 15:30,현물+금리차,2025-05-16,-0.2904,-0.3514,0.0043,-0.3471
261240,종가 15:30,현물+금리차,2025-05-19,0.5826,0.5901,0.0127,0.6029
261240,종가 15:30,현물+금리차,2025-05-20,-0.362,-0.3863,0.0043,-0.382
261240,종가 15:30,현물+금리차,2025-05-21,-0.3924,-0.3735,0.0043,-0.3691
261240,종가 15:30,현물+금리차,2025-05-22,-0.4742,-0.4253,0.0043,-0.421
261240,종가 15:30,현물+금리차,2025-05-23,-0.3225,-0.4127,0.0043,-0.4083
261240,종가 15:30,현물+금리차,2025-05-26,-0.8015,-0.8142,0.0129,-0.8014
261240,종가 15:30,현물+금리차,2025-05-27,0.4374,0.3738,0.0043,0.3781
261240,종가 15:30,현물+금리차,2025-05-28,0.5166,0.5111,0.0043,0.5155
261240,종가 15:30,현물+금리차,2025-05-29,0.0,-0.0436,0.0044,-0.0392
261240,종가 15:30,현물+금리차,2025-05-30,0.2864,0.3053,0.0045,0.3098
261240,종가 15:30,현물+금리차,2025-06-02,-0.5052,-0.5072,0.0136,-0.4936
261240,종가 15:30,현물+금리차,2025-06-04,-0.1472,-0.2622,0.0091,-0.2531
261240,종가 15:30,현물+금리차,2025-06-05,-0.7665,-0.8105,0.0046,-0.806
261240,종가 15:30,현물+금리차,2025-06-09,-0.1857,-0.1472,0.0183,-0.129
261240,종가 15:30,현물+금리차,2025-06-10,0.625,0.5824,0.0046,0.5871
261240,종가 15:30,현물+금리차,2025-06-11,0.6655,0.7843,0.0047,0.789
261240,종가 15:30,현물+금리차,2025-06-12,-1.1679,-1.1855,0.0046,-1.1809
261240,종가 15:30,현물+금리차,2025-06-13,0.8101,0.8022,0.0047,0.807
261240,종가 15:30,현물+금리차,2025-06-16,-0.435,-0.4235,0.014,-0.4096
261240,종가 15:30,현물+금리차,2025-06-17,0.037,-0.0807,0.0046,-0.0761
261240,종가 15:30,현물+금리차,2025-06-18,0.5848,0.4917,0.0046,0.4963
261240,종가 15:30,현물+금리차,2025-06-19,0.8021,0.7887,0.0046,0.7933
261240,종가 15:30,현물+금리차,2025-06-20,-1.0147,-1.0578,0.0046,-1.0533
261240,종가 15:30,현물+금리차,2025-06-23,1.2464,1.3694,0.0136,1.3831
261240,종가 15:30,현물+금리차,2025-06-24,-1.6608,-1.741,0.0044,-1.7366
261240,종가 15:30,현물+금리차,2025-06-25,0.1778,0.1617,0.0044,0.1662
261240,종가 15:30,현물+금리차,2025-06-26,-0.3623,-0.4037,0.0044,-0.3993
261240,종가 15:30,현물+금리차,2025-06-27,0.0371,0.0368,0.0045,0.0413
261240,종가 15:30,현물+금리차,2025-06-30,-0.5861,-0.5452,0.0134,-0.5318
261240,종가 15:30,현물+금리차,2025-07-01,0.4776,0.437,0.0046,0.4417
261240,종가 15:30,현물+금리차,2025-07-02,0.2971,0.2065,0.0047,0.2112
261240,종가 15:30,현물+금리차,2025-07-03,0.0,0.0515,0.0047,0.0563
261240,종가 15:30,현물+금리차,2025-07-04,0.2147,0.2133,0.0048,0.2181
261240,종가 15:30,현물+금리차,2025-07-07,0.4803,0.4037,0.0144,0.4182
261240,종가 15:30,현물+금리차,2025-07-08,0.0368,0.0073,0.0048,0.0121
261240,종가 15:30,현물+금리차,2025-07-09,0.4704,0.519,0.0048,0.5239
261240,종가 15:30,현물+금리차,2025-07-10,-0.2195,-0.3636,0.0048,-0.3589
261240,종가 15:30,현물+금리차,2025-07-11,0.33,0.3942,0.0047,0.3989
261240,종가 15:30,현물+금리차,2025-07-14,0.3581,0.4217,0.0142,0.436
261240,종가 15:30,현물+금리차,2025-07-15,0.0,-0.0724,0.0048,-0.0676
261240,종가 15:30,현물+금리차,2025-07-16,0.4369,0.3985,0.0048,0.4033
261240,종가 15:30,현물+금리차,2025-07-17,0.464,0.4979,0.0047,0.5027
261240,종가 15:30,현물+금리차,2025-07-18,0.0722,0.0287,0.0047,0.0335
261240,종가 15:30,현물+금리차,2025-07-21,-0.2813,-0.3446,0.0141,-0.3305
261240,종가 15:30,현물+금리차,2025-07-22,-0.0723,-0.0288,0.0047,-0.0241
261240,종가 15:30,현물+금리차,2025-07-23,-0.6441,-0.5765,0.0047,-0.5718
261240,종가 15:30,현물+금리차,2025-07-24,-0.7649,-0.9132,0.0048,-0.9085
261240,종가 15:30,현물+금리차,2025-07-25,0.7708,0.7826,0.0048,0.7874
261240,종가 15:30,현물+금리차,2025-07-28,0.2112,0.2976,0.0143,0.3119
261240,종가 15:30,현물+금리차,2025-07-29,0.7196,0.6512,0.0047,0.656
261240,종가 15:30,현물+금리차,2025-07-30,-0.5341,-0.5679,0.0047,-0.5632
261240,종가 15:30,현물+금리차,2025-07-31,0.3628,0.282,0.0048,0.2868
261240,종가 15:30,현물+금리차,2025-08-01,1.0338,1.0382,0.0047,1.043
261240,종가 15:30,현물+금리차,2025-08-04,-1.2379,-1.156,0.0138,-1.1423
261240,종가 15:30,현물+금리차,2025-08-05,0.3188,0.2238,0.0045,0.2284
261240,종가 15:30,현물+금리차,2025-08-06,0.0361,0.0864,0.0045,0.091
261240,종가 15:30,현물+금리차,2025-08-07,-0.5343,-0.5973,0.0045,-0.5929
261240,종가 15:30,현물+금리차,2025-08-08,0.5371,0.6082,0.0045,0.6127
261240,종가 15:30,현물+금리차,2025-08-11,0.0,-0.1151,0.0135,-0.1017
261240,종가 15:30,현물+금리차,2025-08-12,0.1805,0.1369,0.0045,0.1414
261240,종가 15:30,현물+금리차,2025-08-13,-0.5693,-0.59,0.0045,-0.5855
261240,종가 15:30,현물+금리차,2025-08-14,-0.0725,0.0217,0.0044,0.0261
261240,종가 15:30,현물+금리차,2025-08-18,0.1813,0.2171,0.0178,0.2349
261240,종가 15:30,현물+금리차,2025-08-19,0.4996,0.426,0.0045,0.4305
261240,종가 15:30,현물+금리차,2025-08-20,0.6772,0.5392,0.0044,0.5436
261240,종가 15:30,현물+금리차,2025-08-21,0.0,0.0,0.0044,0.0044
261240,종가 15:30,현물+금리차,2025-08-22,-0.4937,-0.3719,0.0044,-0.3674
261240,종가 15:30,현물+금리차,2025-08-25,-0.4674,-0.6101,0.0129,-0.5973
261240,종가 15:30,현물+금리차,2025-08-26,0.7875,0.8016,0.0043,0.806
261240,종가 15:30,현물+금리차,2025-08-27,0.0358,0.0358,0.0043,0.0401
261240,종가 15:30,현물+금리차,2025-08-28,-0.6019,-0.6231,0.0042,-0.6189
261240,종가 15:30,현물+금리차,2025-08-29,0.1081,0.1802,0.0042,0.1844
261240,종가 15:30,현물+금리차,2025-09-01,0.3241,0.259,0.0125,0.2715
261240,종가 15:30,현물+금리차,2025-09-02,-0.1077,-0.1937,0.0042,-0.1896
261240,종가 15:30,현물+금리차,2025-09-03,0.1078,0.0935,0.0042,0.0976
261240,종가 15:30,현물+금리차,2025-09-04,0.0359,0.0144,0.0041,0.0185
261240,종가 15:30,현물+금리차,2025-09-05,-0.1435,-0.1077,0.004,-0.1038
261240,종가 15:30,현물+금리차,2025-09-08,-0.0719,-0.0288,0.0111,-0.0177
261240,종가 15:30,현물+금리차,2025-09-09,-0.1798,-0.1942,0.0038,-0.1904
261240,종가 15:30,현물+금리차,2025-09-10,0.0,-0.0937,0.0039,-0.0898
261240,종가 15:30,현물+금리차,2025-09-11,0.3242,0.375,0.0038,0.3788
261240,종가 15:30,현물+금리차,2025-09-12,-0.1436,-0.2587,0.0038,-0.2548
261240,종가 15:30,현물+금리차,2025-09-15,0.036,0.0576,0.0115,0.0691
261240,종가 15:30,현물+금리차,2025-09-16,-0.7117,-0.7271,0.0038,-0.7234
261240,종가 15:30,현물+금리차,2025-09-17,0.1086,0.087,0.0037,0.0907
261240,종가 15:30,현물+금리차,2025-09-18,0.5713,0.5579,0.0036,0.5615
261240,종가 15:30,현물+금리차,2025-09-19,0.4602,0.4179,0.0036,0.4216
261240,종가 15:30,현물+금리차,2025-09-22,-0.0716,-0.0718,0.0108,-0.0609
261240,종가 15:30,현물+금리차,2025-09-23,0.0716,0.0,0.0036,0.0036
261240,종가 15:30,현물+금리차,2025-09-24,0.3221,0.3519,0.0035,0.3554
261240,종가 15:30,현물+금리차,2025-09-25,0.2141,0.2218,0.0035,0.2254
261240,종가 15:30,현물+금리차,2025-09-26,0.8758,0.8425,0.0036,0.8461
261240,종가 15:30,현물+금리차,2025-09-29,-0.9034,-0.97,0.0106,-0.9595
261240,종가 15:30,현물+금리차,2025-09-30,0.2778,0.3003,0.0035,0.3038
261240,종가 15:30,현물+금리차,2025-10-01,0.0355,0.0214,0.0035,0.0249
261240,종가 15:30,현물+금리차,2025-10-02,-0.1775,-0.2281,0.0035,-0.2245
261240,종가 15:30,현물+금리차,2025-10-10,1.4866,1.5,0.0287,1.5291
261240,종가 15:30,현물+금리차,2025-10-13,0.3434,0.3378,0.0108,0.3486
261240,종가 15:30,현물+금리차,2025-10-14,0.4191,0.3647,0.0036,0.3683
261240,종가 15:30,현물+금리차,2025-10-15,-0.7582,-0.6778,0.0036,-0.6743
261240,종가 15:30,현물+금리차,2025-10-16,-0.1402,-0.2392,0.0036,-0.2356
261240,종가 15:30,현물+금리차,2025-10-17,0.2386,0.2327,0.0036,0.2364
261240,종가 15:30,현물+금리차,2025-10-20,-0.2381,-0.1407,0.0107,-0.1301
261240,종가 15:30,현물+금리차,2025-10-21,0.765,0.606,0.0035,0.6095
261240,종가 15:30,현물+금리차,2025-10-22,0.0697,0.1401,0.0035,0.1435
261240,종가 15:30,현물+금리차,2025-10-23,0.6543,0.6854,0.0035,0.6889
261240,종가 15:30,현물+금리차,2025-10-24,-0.0346,-0.1737,0.0035,-0.1702
261240,종가 15:30,현물+금리차,2025-10-27,-0.3459,-0.3758,0.0101,-0.3657
261240,종가 15:30,현물+금리차,2025-10-28,0.3471,0.4191,0.0033,0.4224
261240,종가 15:30,현물+금리차,2025-10-29,-0.3459,-0.4173,0.0032,-0.4141
261240,종가 15:30,현물+금리차,2025-10-30,-0.4443,-0.3632,0.0033,-0.3599
261240,종가 15:30,현물+금리차,2025-10-31,-0.0349,-0.1472,0.0033,-0.1439
261240,종가 15:30,현물+금리차,2025-11-03,0.2441,0.3089,0.0097,0.3186
261240,종가 15:30,현물+금리차,2025-11-04,0.654,0.6369,0.0035,0.6404
261240,종가 15:30,현물+금리차,2025-11-05,0.8572,0.7998,0.0034,0.8032
261240,종가 15:30,현물+금리차,2025-11-06,-0.0343,-0.1173,0.0034,-0.1139
261240,종가 15:30,현물+금리차,2025-11-07,0.6445,0.6355,0.0033,0.6388
261240,종가 15:30,현물+금리차,2025-11-10,-0.4087,-0.3775,0.0096,-0.3679
261240,종가 15:30,현물+금리차,2025-11-11,0.8482,0.8199,0.0033,0.8232
261240,종가 15:30,현물+금리차,2025-11-12,0.2035,0.164,0.0033,0.1673
261240,종가 15:30,현물+금리차,2025-11-13,0.2978,0.1365,0.0032,0.1397
261240,종가 15:30,현물+금리차,2025-11-14,-0.8639,-0.729,0.003,-0.726
261240,종가 15:30,현물+금리차,2025-11-17,0.034,0.0686,0.0089,0.0775
261240,종가 15:30,현물+금리차,2025-11-18,0.4696,0.5007,0.0029,0.5036
261240,종가 15:30,현물+금리차,2025-11-19,0.0677,0.0205,0.0028,0.0233
261240,종가 15:30,현물+금리차,2025-11-20,0.2031,0.1569,0.0028,0.1598
261240,종가 15:30,현물+금리차,2025-11-21,0.4323,0.5246,0.0028,0.5274
261240,종가 15:30,현물+금리차,2025-11-24,0.1009,0.1017,0.0081,0.1098
261240,종가 15:30,현물+금리차,2025-11-25,-0.2016,-0.3182,0.0027,-0.3155
261240,종가 15:30,현물+금리차,2025-11-26,-0.4646,-0.4618,0.0027,-0.4592
261240,종가 15:30,현물+금리차,2025-11-27,-0.1353,-0.0478,0.0027,-0.045
261240,종가 15:30,현물+금리차,2025-11-28,0.5013,0.3891,0.0026,0.3917
261240,종가 15:30,현물+금리차,2025-12-01,0.0,-0.0476,0.0076,-0.04
261240,종가 15:30,현물+금리차,2025-12-02,-0.1011,-0.102,0.0025,-0.0996
261240,종가 15:30,현물+금리차,2025-12-03,0.0,-0.0272,0.0024,-0.0248
261240,종가 15:30,현물+금리차,2025-12-04,0.4048,0.3747,0.0023,0.3769
261240,종가 15:30,현물+금리차,2025-12-05,-0.3024,-0.319,0.0022,-0.3167
261240,종가 15:30,현물+금리차,2025-12-08,-0.1348,-0.1294,0.0065,-0.1229
261240,종가 15:30,현물+금리차,2025-12-09,0.27,0.3681,0.0022,0.3704
261240,종가 15:30,현물+금리차,2025-12-10,-0.101,-0.129,0.0022,-0.1268
261240,종가 15:30,현물+금리차,2025-12-11,0.2695,0.1768,0.0021,0.1789
261240,종가 15:30,현물+금리차,2025-12-12,0.0672,0.0475,0.0021,0.0496
261240,종가 15:30,현물+금리차,2025-12-15,-0.1679,-0.1832,0.0058,-0.1774
261240,종가 15:30,현물+금리차,2025-12-16,0.4305,0.4079,0.002,0.4099
261240,종가 15:30,현물+금리차,2025-12-17,0.1339,0.1896,0.002,0.1915
261240,종가 15:30,현물+금리차,2025-12-18,0.0,-0.1014,0.0019,-0.0994
261240,종가 15:30,현물+금리차,2025-12-19,-0.2007,-0.1353,0.0019,-0.1334
261240,종가 15:30,현물+금리차,2025-12-22,0.3351,0.2574,0.0057,0.2631
261240,종가 15:30,현물+금리차,2025-12-23,0.2672,0.2365,0.0019,0.2384
261240,종가 15:30,현물+금리차,2025-12-24,-2.0518,-2.2782,0.0019,-2.2763
261240,종가 15:30,현물+금리차,2025-12-26,-0.7345,-0.6553,0.0041,-0.6512
261240,종가 15:30,현물+금리차,2025-12-29,-0.6509,-0.729,0.0057,-0.7234
261240,종가 15:30,현물+금리차,2025-12-30,0.5517,0.6434,0.0019,0.6454
261240,종가 15:30,현물+금리차,2026-01-02,0.2401,0.1946,0.0056,0.2002
261240,종가 15:30,현물+금리차,2026-01-05,0.1368,0.1387,0.0063,0.1451
261240,종가 15:30,현물+금리차,2026-01-06,0.1025,0.1108,0.0021,0.113
261240,종가 15:30,현물+금리차,2026-01-07,0.0,0.0277,0.0021,0.0298
261240,종가 15:30,현물+금리차,2026-01-08,0.3072,0.332,0.0022,0.3342
261240,종가 15:30,현물+금리차,2026-01-09,0.6125,0.4826,0.0022,0.4848
261240,종가 15:30,현물+금리차,2026-01-12,0.7102,0.7409,0.0067,0.7477
261240,종가 15:30,현물+금리차,2026-01-13,0.3694,0.3609,0.0024,0.3633
261240,종가 15:30,현물+금리차,2026-01-14,0.2342,0.2579,0.0024,0.2603
261240,종가 15:30,현물+금리차,2026-01-15,-0.4673,-0.5279,0.0024,-0.5255
261240,종가 15:30,현물+금리차,2026-01-16,0.2347,0.2654,0.0024,0.2678
261240,종가 15:30,현물+금리차,2026-01-19,0.0335,0.0068,0.0073,0.0141
261240,종가 15:30,현물+금리차,2026-01-20,0.2676,0.2986,0.0024,0.301
261240,종가 15:30,현물+금리차,2026-01-21,-0.4336,-0.4601,0.0025,-0.4576
261240,종가 15:30,현물+금리차,2026-01-22,-0.1005,-0.0952,0.0025,-0.0927
261240,종가 15:30,현물+금리차,2026-01-23,-0.3018,-0.2789,0.0025,-0.2764
261240,종가 15:30,현물+금리차,2026-01-26,-1.6482,-1.7192,0.0074,-1.7119
261240,종가 15:30,현물+금리차,2026-01-27,0.2394,0.3887,0.0024,0.3912
261240,종가 15:30,현물+금리차,2026-01-28,-1.4671,-1.6388,0.0024,-1.6364
261240,종가 15:30,현물+금리차,2026-01-29,0.1731,0.2671,0.0024,0.2696
261240,종가 15:30,현물+금리차,2026-01-30,1.0024,0.9255,0.0024,0.9279
261240,종가 15:30,현물+금리차,2026-02-02,1.6427,1.7228,0.007,1.7299
261240,종가 15:30,현물+금리차,2026-02-03,-1.1111,-1.2907,0.0024,-1.2884
261240,종가 15:30,현물+금리차,2026-02-04,0.2383,0.3321,0.0024,0.3345
261240,종가 15:30,현물+금리차,2026-02-05,1.2568,1.2964,0.0023,1.2987
261240,종가 15:30,현물+금리차,2026-02-06,0.0335,0.034,0.0023,0.0363
261240,종가 15:30,현물+금리차,2026-02-09,-0.4695,-0.6261,0.0067,-0.6194
261240,종가 15:30,현물+금리차,2026-02-10,-0.2022,-0.0822,0.0022,-0.0799
261240,종가 15:30,현물+금리차,2026-02-11,-0.5402,-0.6168,0.0022,-0.6146
261240,종가 15:30,현물+금리차,2026-02-12,-0.5092,-0.6827,0.0023,-0.6805
261240,종가 15:30,현물+금리차,2026-02-13,0.1706,0.3263,0.0023,0.3286
261240,종가 15:30,현물+금리차,2026-02-19,0.2044,0.0415,0.0135,0.055
261240,종가 15:30,현물+금리차,2026-02-20,0.0,0.0761,0.0023,0.0784
261240,종가 15:30,현물+금리차,2026-02-23,-0.3739,-0.4562,0.0067,-0.4496
261240,종가 15:30,현물+금리차,2026-02-24,0.1706,0.1736,0.0022,0.1758
261240,종가 15:30,현물+금리차,2026-02-25,-0.8856,-0.9081,0.0022,-0.906
261240,종가 15:30,현물+금리차,2026-02-26,-0.2405,-0.2519,0.0022,-0.2497
261240,종가 15:30,현물+금리차,2026-02-27,0.8956,0.9749,0.0022,0.9771
261240,종가 15:30,현물+금리차,2026-03-03,1.9461,1.8337,0.0085,1.8424
261240,종가 15:30,현물+금리차,2026-03-04,0.7033,0.6889,0.0022,0.6911
261240,종가 15:30,현물+금리차,2026-03-05,-0.4988,-0.5487,0.0022,-0.5466
261240,종가 15:30,현물+금리차,2026-03-06,0.4345,0.5654,0.0021,0.5675
261240,종가 15:30,현물+금리차,2026-03-09,1.3977,1.2937,0.0063,1.3001
261240,종가 15:30,현물+금리차,2026-03-10,-1.7066,-1.7586,0.0021,-1.7565
261240,종가 15:30,현물+금리차,2026-03-11,-0.2671,-0.1838,0.0021,-0.1817
261240,종가 15:30,현물+금리차,2026-03-12,1.0044,1.0024,0.0021,1.0045
261240,종가 15:30,현물+금리차,2026-03-13,0.8949,0.8439,0.0021,0.8461
261240,종가 15:30,현물+금리차,2026-03-16,0.23,0.2544,0.0064,0.2608
261240,종가 15:30,현물+금리차,2026-03-17,-0.295,-0.2604,0.0022,-0.2583
261240,종가 15:30,현물+금리차,2026-03-18,-0.6903,-0.703,0.0021,-0.7009
261240,종가 15:30,현물+금리차,2026-03-19,1.3241,1.2069,0.0022,1.2091
261240,종가 15:30,현물+금리차,2026-03-20,-0.0327,-0.0266,0.0022,-0.0245
261240,종가 15:30,현물+금리차,2026-03-23,1.1438,1.1129,0.0067,1.1197
261240,종가 15:30,현물+금리차,2026-03-24,-1.4216,-1.4565,0.0022,-1.4543
261240,종가 15:30,현물+금리차,2026-03-25,0.2622,0.301,0.0022,0.3032
261240,종가 15:30,현물+금리차,2026-03-26,0.523,0.4868,0.0022,0.489
261240,종가 15:30,현물+금리차,2026-03-27,0.065,0.1261,0.0022,0.1283
261240,종가 15:30,현물+금리차,2026-03-30,0.52,0.4507,0.0066,0.4573
261240,종가 15:30,현물+금리차,2026-03-31,1.1962,0.9501,0.0022,0.9523
261240,종가 15:30,현물+금리차,2026-04-01,-2.0447,-1.8822,0.0022,-1.8801
261240,종가 15:30,현물+금리차,2026-04-02,1.2394,1.2256,0.0022,1.2278
261240,종가 15:30,현물+금리차,2026-04-03,-0.9987,-0.9541,0.0022,-0.952
261240,종가 15:30,현물+금리차,2026-04-06,0.0325,0.0731,0.0066,0.0797
261240,종가 15:30,현물+금리차,2026-04-07,-0.0976,-0.1394,0.0022,-0.1372
261240,종가 15:30,현물+금리차,2026-04-08,-2.1491,-2.2337,0.0022,-2.2316
261240,종가 15:30,현물+금리차,2026-04-09,0.7321,0.8092,0.0022,0.8114
261240,종가 15:30,현물+금리차,2026-04-10,-0.033,0.0,0.0021,0.0021
261240,종가 15:30,현물+금리차,2026-04-13,0.5618,0.4587,0.0064,0.4651
261240,종가 15:30,현물+금리차,2026-04-14,-0.5258,-0.5439,0.0022,-0.5417
261240,종가 15:30,현물+금리차,2026-04-15,-0.4625,-0.4726,0.0022,-0.4704
261240,종가 15:30,현물+금리차,2026-04-16,-0.0996,0.0271,0.0022,0.0294
261240,종가 15:30,현물+금리차,2026-04-17,0.598,0.6036,0.0022,0.6058
261240,종가 15:30,현물+금리차,2026-04-20,-0.2972,-0.4247,0.0065,-0.4182
261240,종가 15:30,현물+금리차,2026-04-21,-0.53,-0.589,0.0022,-0.5867
261240,종가 15:30,현물+금리차,2026-04-22,0.4995,0.5107,0.0021,0.5129
261240,종가 15:30,현물+금리차,2026-04-23,0.2319,0.3388,0.0021,0.3409
261240,종가 15:30,현물+금리차,2026-04-24,0.2975,0.2363,0.0021,0.2384
261240,종가 15:30,현물+금리차,2026-04-27,-0.7581,-0.8084,0.0064,-0.802
261240,종가 15:30,현물+금리차,2026-04-28,0.0,0.0747,0.0021,0.0768
261240,종가 15:30,현물+금리차,2026-04-29,0.465,0.3664,0.0021,0.3686
261240,종가 15:30,현물+금리차,2026-04-30,0.3636,0.2907,0.0021,0.2929
261240,종가 15:30,현물+금리차,2026-05-04,-1.3175,-1.3821,0.0085,-1.3736
261240,종가 15:30,현물+금리차,2026-05-06,-0.6342,-0.5264,0.0044,-0.522
261240,종가 15:30,현물+금리차,2026-05-07,0.0,-0.0756,0.0022,-0.0734
261240,종가 15:30,현물+금리차,2026-05-08,1.0413,1.2173,0.0022,1.2195
261240,종가 15:30,현물+금리차,2026-05-11,0.266,0.0476,0.0065,0.0541
261240,종가 15:30,현물+금리차,2026-05-12,0.9947,1.1885,0.0022,1.1908
261240,종가 15:30,현물+금리차,2026-05-13,0.1313,0.047,0.0022,0.0492
261240,종가 15:30,현물+금리차,2026-05-14,0.0328,0.0268,0.0022,0.029
261240,종가 15:30,현물+금리차,2026-05-15,0.7866,0.6573,0.0022,0.6595
261240,종가 15:30,현물+금리차,2026-05-18,-0.065,-0.0333,0.0065,-0.0268
261240,종가 15:30,현물+금리차,2026-05-19,0.5207,0.4999,0.0022,0.5021
261240,종가 15:30,현물+금리차,2026-05-20,-0.1942,-0.0663,0.0021,-0.0642
261240,종가 15:30,현물+금리차,2026-05-21,0.0649,-0.0465,0.0021,-0.0444
261240,종가 15:30,현물+금리차,2026-05-22,0.7455,0.737,0.0021,0.7392
261240,종가 15:30,현물+금리차,2026-05-26,-0.7722,-0.8503,0.0085,-0.8418
261240,종가 15:30,현물+금리차,2026-05-27,-0.227,-0.2061,0.0021,-0.204
261240,종가 15:30,현물+금리차,2026-05-28,0.13,0.1066,0.002,0.1086
261240,종가 15:30,현물+금리차,2026-05-29,0.357,0.3394,0.0021,0.3414
261240,종가 15:30,현물+금리차,2026-06-01,-0.3234,-0.2387,0.0061,-0.2327
261240,종가 15:30,현물+금리차,2026-06-02,0.9085,0.8044,0.0021,0.8065
261240,종가 15:30,현물+금리차,2026-06-04,0.8682,0.8771,0.0042,0.8813
261240,종가 15:30,현물+금리차,2026-06-05,0.7651,0.6145,0.0021,0.6166
261240,종가 15:30,현물+금리차,2026-06-08,-0.3164,-0.2664,0.0062,-0.2602
261240,종가 15:30,현물+금리차,2026-06-09,-1.5551,-1.4919,0.002,-1.4899
261240,종가 15:30,현물+금리차,2026-06-10,0.677,0.8002,0.002,0.8022
261240,종가 15:30,현물+금리차,2026-06-11,0.5123,0.3084,0.0019,0.3103
261240,종가 15:30,현물+금리차,2026-06-12,-0.7646,-0.5952,0.0019,-0.5933
261240,종가 15:30,현물+금리차,2026-06-15,-0.4494,-0.5724,0.0058,-0.5666
261240,종가 15:30,현물+금리차,2026-06-16,0.0967,0.0331,0.002,0.0351
261240,종가 15:30,현물+금리차,2026-06-17,0.1289,0.1191,0.002,0.1211
261240,종가 15:30,현물+금리차,2026-06-18,0.8044,0.9052,0.0021,0.9073
261240,종가 15:30,현물+금리차,2026-06-19,0.1277,-0.0065,0.0021,-0.0045
261240,종가 15:30,현물+금리차,2026-06-22,0.6694,0.6549,0.0062,0.6611
261240,종가 15:30,현물+금리차,2026-06-23,0.1583,0.1366,0.0021,0.1388
261240,종가 15:30,현물+금리차,2026-06-24,0.0632,0.1754,0.0021,0.1776
261240,종가 15:30,현물+금리차,2026-06-25,0.0,0.0584,0.0021,0.0605
261240,종가 15:30,현물+금리차,2026-06-26,-0.3791,-0.6936,0.0021,-0.6915
261240,종가 15:30,현물+금리차,2026-06-29,0.4123,0.8616,0.0062,0.8678
261240,종가 15:30,현물+금리차,2026-06-30,0.537,0.2718,0.0022,0.2741
261240,종가 15:30,현물+금리차,2026-07-01,0.4713,0.355,0.0022,0.3572
261240,종가 15:30,현물+금리차,2026-07-02,-0.0938,0.0579,0.0022,0.06
261240,종가 15:30,현물+금리차,2026-07-03,-1.6901,-1.9411,0.0021,-1.9391
261240,종가 15:30,현물+금리차,2026-07-06,0.1592,0.3081,0.0062,0.3143
261240,종가 15:30,현물+금리차,2026-07-07,-0.1907,-0.1372,0.0022,-0.135
261240,종가 15:30,현물+금리차,2026-07-08,-1.7197,-1.9435,0.0022,-1.9413
261240,종가 15:30,현물+금리차,2026-07-09,0.3889,0.5072,0.0022,0.5094
261240,종가 15:30,현물+금리차,2026-07-10,-0.226,-0.3121,0.0021,-0.3099
261240,종가 15:30,현물+금리차,2026-07-13,0.1294,0.1332,0.0067,0.1399
261240,종가 15:30,현물+금리차,2026-07-14,-0.6785,-0.6918,0.0024,-0.6894
261240,종가 15:30,현물+금리차,2026-07-15,-0.488,-0.5559,0.0022,-0.5537
261240,종가 15:30,현물+금리차,2026-07-16,-0.3269,-0.2896,0.0022,-0.2874
261240,종가 15:30,현물+금리차,2026-07-20,-0.2296,-0.1351,0.0087,-0.1265
261240,종가 15:30,현물+금리차,2026-07-21,-0.3616,-0.3382,0.0022,-0.336
261240,종가 15:30,현물+금리차,2026-07-22,0.5939,0.4547,0.0023,0.457
261240,종가 15:30,현물+금리차,2026-07-23,-0.9183,-0.8986,0.0023,-0.8963
261240,종가 15:30,현물+금리차,2026-07-24,0.0,-0.0136,0.0025,-0.0112
261240,종가 15:30,현물+금리차,2026-07-27,0.1655,0.1296,0.0074,0.137
261240,종가 15:30,현물+금리차,2026-07-28,-0.3966,-0.4086,0.0025,-0.4061
261240,종가 15:30,현물+금리차,2026-07-29,-1.0285,-1.0803,0.0023,-1.078
261240,종가 15:30,현물+금리차,2026-07-30,-0.6369,-0.6428,0.0021,-0.6407
261240,종가 15:30,현물+금리차,2026-07-31,-0.8772,-0.9322,0.0021,-0.9302
261240,종가 15:30,현물+금리차,2026-08-03,0.2383,0.4073,0.0061,0.4134
261240,종가 15:30,현물+금리차,2026-08-04,0.2716,0.1888,0.0022,0.1911
261240,종가 15:30,현물+금리차,2026-08-05,-0.5418,-0.5585,0.0022,-0.5563
261240,종가 15:30,현물+금리차,2026-08-06,-0.1362,-0.0491,0.0022,-0.0469
261240,종가 15:30,현물+금리차,2026-08-07,-0.375,-0.5408,0.0022,-0.5386
261240,종가 15:30,현물+금리차,2026-08-10,0.1369,0.1624,0.0065,0.1689
261240,종가 15:30,현물+금리차,2026-08-11,-0.1709,-0.1692,0.0022,-0.167
261240,종가 15:30,현물+금리차,2026-08-12,0.0342,-0.0212,0.0022,-0.019
261240,종가 15:30,현물+금리차,2026-08-13,0.1369,0.2614,0.0021,0.2635
261240,종가 15:30,현물+금리차,2026-08-14,-0.1367,-0.0775,0.0021,-0.0754
261240,종가 15:30,현물+금리차,2026-08-18,-0.3422,-0.4583,0.0084,-0.4499
261240,종가 15:30,현물+금리차,2026-08-19,-0.8929,-0.9987,0.0021,-0.9966
261240,종가 15:30,현물+금리차,2026-08-20,-0.3465,-0.3649,0.0021,-0.3628
261240,종가 15:30,현물+금리차,2026-08-21,-0.452,-0.438,0.0021,-0.4359
261240,종가 15:30,현물+달러금리,2016-12-28,0.1005,0.2401,0.0014,0.2415
261240,종가 15:30,현물+달러금리,2016-12-29,0.0502,-0.2313,0.0014,-0.2299
261240,종가 15:30,현물+달러금리,2017-01-02,0.0,0.0248,0.005,0.0299
261240,종가 15:30,현물+달러금리,2017-01-03,-0.3413,-0.3725,0.0014,-0.3712
261240,종가 15:30,현물+달러금리,2017-01-04,0.1007,0.241,0.0015,0.2424
261240,종가 15:30,현물+달러금리,2017-01-05,-1.4993,-1.6661,0.0014,-1.6647
261240,종가 15:30,현물+달러금리,2017-01-06,0.5516,0.5648,0.0014,0.5662
261240,종가 15:30,현물+달러금리,2017-01-09,1.1582,1.2825,0.0043,1.2868
261240,종가 15:30,현물+달러금리,2017-01-10,-1.0445,-1.1338,0.0014,-1.1325
261240,종가 15:30,현물+달러금리,2017-01-11,-0.1522,0.1507,0.0014,0.1521
261240,종가 15:30,현물+달러금리,2017-01-12,-0.7014,-0.9779,0.0014,-0.9766
261240,종가 15:30,현물+달러금리,2017-01-13,-0.7575,-0.8441,0.0014,-0.8427
261240,종가 15:30,현물+달러금리,2017-01-16,0.6601,0.6299,0.0043,0.6342
261240,종가 15:30,현물+달러금리,2017-01-17,-0.7583,-0.6429,0.0014,-0.6415
261240,종가 15:30,현물+달러금리,2017-01-18,-0.6195,-0.6641,0.0015,-0.6626
261240,종가 15:30,현물+달러금리,2017-01-19,0.987,0.9343,0.0014,0.9357
261240,종가 15:30,현물+달러금리,2017-01-20,-0.7716,-0.7133,0.0014,-0.7119
261240,종가 15:30,현물+달러금리,2017-01-23,-0.4044,-0.3165,0.004,-0.3124
261240,종가 15:30,현물+달러금리,2017-01-24,0.0,0.0343,0.0014,0.0357
261240,종가 15:30,현물+달러금리,2017-01-25,0.0,0.0086,0.0014,0.0099
261240,종가 15:30,현물+달러금리,2017-01-26,-0.5726,-0.5832,0.0013,-0.5819
261240,종가 15:30,현물+달러금리,2017-01-31,0.3665,0.2502,0.0068,0.257
261240,종가 15:30,현물+달러금리,2017-02-01,-0.2608,-0.3442,0.0014,-0.3428
261240,종가 15:30,현물+달러금리,2017-02-02,-0.9832,-0.9757,0.0014,-0.9744
261240,종가 15:30,현물+달러금리,2017-02-03,0.0528,0.0698,0.0014,0.0712
261240,종가 15:30,현물+달러금리,2017-02-06,-0.834,-0.8452,0.0041,-0.8412
261240,종가 15:30,현물+달러금리,2017-02-07,0.5217,0.5624,0.0015,0.5639
261240,종가 15:30,현물+달러금리,2017-02-08,0.1589,0.2534,0.0015,0.2549
261240,종가 15:30,현물+달러금리,2017-02-09,0.0,-0.122,0.0015,-0.1206
261240,종가 15:30,현물+달러금리,2017-02-10,0.3172,0.4189,0.0015,0.4204
261240,종가 15:30,현물+달러금리,2017-02-13,0.1581,0.1217,0.0044,0.1261
261240,종가 15:30,현물+달러금리,2017-02-14,-1.1997,-1.2674,0.0014,-1.266
261240,종가 15:30,현물+달러금리,2017-02-15,0.2556,0.422,0.0015,0.4235
261240,종가 15:30,현물+달러금리,2017-02-16,0.0,-0.0613,0.0015,-0.0598
261240,종가 15:30,현물+달러금리,2017-02-17,0.5312,0.4205,0.0014,0.4219
261240,종가 15:30,현물+달러금리,2017-02-20,0.1585,0.1047,0.0043,0.109
261240,종가 15:30,현물+달러금리,2017-02-21,-0.211,-0.122,0.0014,-0.1206
261240,종가 15:30,현물+달러금리,2017-02-22,-0.2644,-0.3054,0.0015,-0.3039
261240,종가 15:30,현물+달러금리,2017-02-23,-0.4135,-0.4639,0.0014,-0.4624
261240,종가 15:30,현물+달러금리,2017-02-24,-0.5855,-0.51,0.0014,-0.5086
261240,종가 15:30,현물+달러금리,2017-02-27,0.2677,0.1944,0.0042,0.1986
261240,종가 15:30,현물+달러금리,2017-02-28,-0.2136,-0.2646,0.0014,-0.2633
261240,종가 15:30,현물+달러금리,2017-03-02,0.8456,0.964,0.0029,0.9669
261240,종가 15:30,현물+달러금리,2017-03-03,1.3691,1.2701,0.0018,1.272
261240,종가 15:30,현물+달러금리,2017-03-06,0.0,0.1643,0.0058,0.1701
261240,종가 15:30,현물+달러금리,2017-03-07,-0.7748,-1.0276,0.002,-1.0257
261240,종가 15:30,현물+달러금리,2017-03-08,-0.1055,-0.0524,0.0021,-0.0503
261240,종가 15:30,현물+달러금리,2017-03-09,1.0986,1.1,0.002,1.102
261240,종가 15:30,현물+달러금리,2017-03-10,-0.209,-0.0604,0.002,-0.0585
261240,종가 15:30,현물+달러금리,2017-03-13,-0.9318,-1.1232,0.006,-1.1173
261240,종가 15:30,현물+달러금리,2017-03-14,0.1585,0.3845,0.0021,0.3866
261240,종가 15:30,현물+달러금리,2017-03-15,-0.211,-0.4526,0.0021,-0.4505
261240,종가 15:30,현물+달러금리,2017-03-16,-0.994,-1.0143,0.002,-1.0124
261240,종가 15:30,현물+달러금리,2017-03-17,-0.1068,-0.0972,0.002,-0.0952
261240,종가 15:30,현물+달러금리,2017-03-20,-0.9516,-0.955,0.0059,-0.9491
261240,종가 15:30,현물+달러금리,2017-03-21,-0.2159,0.0179,0.0021,0.0199
261240,종가 15:30,현물+달러금리,2017-03-22,0.4868,0.2678,0.0021,0.2699
261240,종가 15:30,현물+달러금리,2017-03-23,-0.2691,-0.0801,0.0021,-0.078
261240,종가 15:30,현물+달러금리,2017-03-24,0.1619,0.0178,0.0021,0.0199
261240,종가 15:30,현물+달러금리,2017-03-27,-0.8622,-0.873,0.0063,-0.8667
261240,종가 15:30,현물+달러금리,2017-03-28,0.0544,0.018,0.0021,0.0201
261240,종가 15:30,현물+달러금리,2017-03-29,0.1086,0.1078,0.0021,0.1099
261240,종가 15:30,현물+달러금리,2017-03-30,0.2713,0.2693,0.0021,0.2714
261240,종가 15:30,현물+달러금리,2017-03-31,0.1082,0.1074,0.0021,0.1095
261240,종가 15:30,현물+달러금리,2017-04-03,-0.2703,-0.2772,0.0062,-0.271
261240,종가 15:30,현물+달러금리,2017-04-04,0.4337,0.5918,0.0021,0.5939
261240,종가 15:30,현물+달러금리,2017-04-05,0.367,0.2228,0.0021,0.225
261240,종가 15:30,현물+달러금리,2017-04-06,0.6453,0.7826,0.0022,0.7848
261240,종가 15:30,현물+달러금리,2017-04-07,0.2672,0.1147,0.0021,0.1169
261240,종가 15:30,현물+달러금리,2017-04-10,0.6821,0.6787,0.0067,0.6854
261240,종가 15:30,현물+달러금리,2017-04-11,0.4234,0.3152,0.0022,0.3174
261240,종가 15:30,현물+달러금리,2017-04-12,-0.5797,-0.384,0.0022,-0.3818
261240,종가 15:30,현물+달러금리,2017-04-13,-0.8376,-1.0251,0.0022,-1.0229
261240,종가 15:30,현물+달러금리,2017-04-14,0.7377,0.9117,0.0022,0.914
261240,종가 15:30,현물+달러금리,2017-04-17,-0.1061,-0.2018,0.0066,-0.1952
261240,종가 15:30,현물+달러금리,2017-04-18,0.2656,0.4131,0.0022,0.4154
261240,종가 15:30,현물+달러금리,2017-04-19,-0.106,-0.1926,0.0022,-0.1904
261240,종가 15:30,현물+달러금리,2017-04-20,-0.1061,-0.0351,0.0022,-0.0329
261240,종가 15:30,현물+달러금리,2017-04-21,-0.5203,-0.4738,0.0021,-0.4716
261240,종가 15:30,현물+달러금리,2017-04-24,-0.1601,-0.3967,0.0064,-0.3903
261240,종가 15:30,현물+달러금리,2017-04-25,-0.5346,-0.3983,0.0022,-0.3961
261240,종가 15:30,현물+달러금리,2017-04-26,0.1075,-0.0267,0.0022,-0.0244
261240,종가 15:30,현물+달러금리,2017-04-27,0.3221,0.4444,0.0022,0.4467
261240,종가 15:30,현물+달러금리,2017-04-28,0.5887,0.6902,0.0022,0.6924
261240,종가 15:30,현물+달러금리,2017-05-02,-0.3724,-0.6503,0.0087,-0.6417
261240,종가 15:30,현물+달러금리,2017-05-04,0.0534,0.1946,0.0044,0.1991
261240,종가 15:30,현물+달러금리,2017-05-08,0.0534,-0.1148,0.0092,-0.1056
261240,종가 15:30,현물+달러금리,2017-05-10,0.2134,0.3889,0.0049,0.3938
261240,종가 15:30,현물+달러금리,2017-05-11,-0.5323,-0.6955,0.0024,-0.6931
261240,종가 15:30,현물+달러금리,2017-05-12,-0.107,-0.0443,0.0024,-0.0419
261240,종가 15:30,현물+달러금리,2017-05-15,-0.2679,-0.3371,0.0071,-0.33
261240,종가 15:30,현물+달러금리,2017-05-16,-0.6876,-0.6764,0.0024,-0.674
261240,종가 15:30,현물+달러금리,2017-05-17,0.1623,0.2061,0.0024,0.2085
261240,종가 15:30,현물+달러금리,2017-05-18,0.6372,0.5544,0.0024,0.5569
261240,종가 15:30,현물+달러금리,2017-05-19,0.0,0.2401,0.0025,0.2426
261240,종가 15:30,현물+달러금리,2017-05-22,-0.5795,-0.763,0.0074,-0.7556
261240,종가 15:30,현물+달러금리,2017-05-23,0.367,0.5006,0.0025,0.5032
261240,종가 15:30,현물+달러금리,2017-05-24,0.3764,0.2313,0.0025,0.2338
261240,종가 15:30,현물+달러금리,2017-05-25,-1.0072,-0.9141,0.0025,-0.9116
261240,종가 15:30,현물+달러금리,2017-05-26,0.3247,0.3762,0.0025,0.3787
261240,종가 15:30,현물+달러금리,2017-05-29,0.2158,0.0892,0.0076,0.0968
261240,종가 15:30,현물+달러금리,2017-05-30,0.2045,0.3031,0.0025,0.3056
261240,종가 15:30,현물+달러금리,2017-05-31,-0.3653,-0.4977,0.0025,-0.4952
261240,종가 15:30,현물+달러금리,2017-06-01,0.1617,0.2233,0.0026,0.2259
261240,종가 15:30,현물+달러금리,2017-06-02,0.0538,-0.0178,0.0026,-0.0152
261240,종가 15:30,현물+달러금리,2017-06-05,-0.3228,-0.312,0.0079,-0.3041
261240,종가 15:30,현물+달러금리,2017-06-07,0.475,0.5097,0.0052,0.5149
261240,종가 15:30,현물+달러금리,2017-06-08,-0.2041,-0.169,0.0027,-0.1664
261240,종가 15:30,현물+달러금리,2017-06-09,0.0538,0.098,0.0027,0.1007
261240,종가 15:30,현물+달러금리,2017-06-12,0.4734,0.365,0.0081,0.3732
261240,종가 15:30,현물+달러금리,2017-06-13,0.0,0.0887,0.0027,0.0914
261240,종가 15:30,현물+달러금리,2017-06-14,-0.3748,-0.39,0.0027,-0.3873
261240,종가 15:30,현물+달러금리,2017-06-15,0.0,0.0178,0.0027,0.0205
261240,종가 15:30,현물+달러금리,2017-06-16,1.0749,0.8896,0.0027,0.8924
261240,종가 15:30,현물+달러금리,2017-06-19,-0.1063,-0.1234,0.0083,-0.1152
261240,종가 15:30,현물+달러금리,2017-06-20,0.2555,0.2384,0.0028,0.2411
261240,종가 15:30,현물+달러금리,2017-06-21,0.531,0.7574,0.0027,0.7602
261240,종가 15:30,현물+달러금리,2017-06-22,-0.1584,-0.271,0.0027,-0.2683
261240,종가 15:30,현물+달러금리,2017-06-23,-0.1587,-0.1841,0.0026,-0.1815
261240,종가 15:30,현물+달러금리,2017-06-26,-0.1589,-0.1493,0.0078,-0.1415
261240,종가 15:30,현물+달러금리,2017-06-27,0.0,-0.0176,0.0027,-0.0149
261240,종가 15:30,현물+달러금리,2017-06-28,0.4776,0.6245,0.0027,0.6272
261240,종가 15:30,현물+달러금리,2017-06-29,-0.2113,-0.2535,0.0027,-0.2508
261240,종가 15:30,현물+달러금리,2017-06-30,0.4234,0.2629,0.0028,0.2657
261240,종가 15:30,현물+달러금리,2017-07-03,0.1581,0.2447,0.0083,0.2531
261240,종가 15:30,현물+달러금리,2017-07-04,0.4631,0.3226,0.0028,0.3255
261240,종가 15:30,현물+달러금리,2017-07-05,-0.1048,-0.0087,0.0028,-0.0058
261240,종가 15:30,현물+달러금리,2017-07-06,0.6292,0.5997,0.0028,0.6026
261240,종가 15:30,현물+달러금리,2017-07-07,-0.2084,-0.2678,0.0028,-0.2651
261240,종가 15:30,현물+달러금리,2017-07-10,-0.3655,-0.4158,0.0085,-0.4074
261240,종가 15:30,현물+달러금리,2017-07-11,0.0524,0.1392,0.0028,0.142
261240,종가 15:30,현물+달러금리,2017-07-12,-0.5657,-0.5212,0.0028,-0.5184
261240,종가 15:30,현물+달러금리,2017-07-13,-0.6321,-0.7685,0.0028,-0.7657
261240,종가 15:30,현물+달러금리,2017-07-14,-0.212,-0.264,0.0028,-0.2612
261240,종가 15:30,현물+달러금리,2017-07-17,-0.4675,-0.4412,0.0084,-0.4328
261240,종가 15:30,현물+달러금리,2017-07-18,-0.427,-0.4609,0.0029,-0.458
261240,종가 15:30,현물+달러금리,2017-07-19,-0.2144,-0.2226,0.0029,-0.2197
261240,종가 15:30,현물+달러금리,2017-07-20,0.4297,0.4373,0.003,0.4403
261240,종가 15:30,현물+달러금리,2017-07-21,-0.6312,-0.6486,0.0031,-0.6455
261240,종가 15:30,현물+달러금리,2017-07-24,-0.3768,-0.3756,0.0094,-0.3663
261240,종가 15:30,현물+달러금리,2017-07-25,0.1081,0.1167,0.0032,0.1199
261240,종가 15:30,현물+달러금리,2017-07-26,0.5289,0.5828,0.0032,0.586
261240,종가 15:30,현물+달러금리,2017-07-27,-0.7409,-0.8023,0.003,-0.7993
261240,종가 15:30,현물+달러금리,2017-07-28,0.6923,0.8357,0.003,0.8387
261240,종가 15:30,현물+달러금리,2017-07-31,-0.1074,-0.2763,0.0087,-0.2676
261240,종가 15:30,현물+달러금리,2017-08-01,-0.043,0.2055,0.0029,0.2084
261240,종가 15:30,현물+달러금리,2017-08-02,0.4734,0.2408,0.0029,0.2437
261240,종가 15:30,현물+달러금리,2017-08-03,0.3748,0.427,0.0029,0.43
261240,종가 15:30,현물+달러금리,2017-08-04,-0.4268,-0.3366,0.0029,-0.3337
261240,종가 15:30,현물+달러금리,2017-08-07,0.375,0.1867,0.0087,0.1954
261240,종가 15:30,현물+달러금리,2017-08-08,-0.1601,-0.1774,0.0028,-0.1747
261240,종가 15:30,현물+달러금리,2017-08-09,0.7912,0.8977,0.0028,0.9006
261240,종가 15:30,현물+달러금리,2017-08-10,0.4243,0.599,0.0028,0.6019
261240,종가 15:30,현물+달러금리,2017-08-11,0.1584,0.1313,0.0028,0.1342
261240,종가 15:30,현물+달러금리,2017-08-14,-0.1055,-0.3323,0.0083,-0.324
261240,종가 15:30,현물+달러금리,2017-08-16,-0.0528,0.1579,0.0055,0.1635
261240,종가 15:30,현물+달러금리,2017-08-17,-0.3697,-0.3767,0.0027,-0.374
261240,종가 15:30,현물+달러금리,2017-08-18,0.5301,0.3605,0.0027,0.3632
261240,종가 15:30,현물+달러금리,2017-08-21,-0.1582,-0.2015,0.0082,-0.1933
261240,종가 15:30,현물+달러금리,2017-08-22,-0.4753,-0.4565,0.0027,-0.4538
261240,종가 15:30,현물+달러금리,2017-08-23,-0.2017,-0.1764,0.0027,-0.1737
261240,종가 15:30,현물+달러금리,2017-08-24,-0.2659,-0.3446,0.0027,-0.3419
261240,종가 15:30,현물+달러금리,2017-08-25,0.0533,0.0266,0.0027,0.0293
261240,종가 15:30,현물+달러금리,2017-08-28,-0.746,-0.718,0.0083,-0.7097
261240,종가 15:30,현물+달러금리,2017-08-29,0.3221,0.5624,0.0027,0.5651
261240,종가 15:30,현물+달러금리,2017-08-30,0.0,-0.1953,0.0028,-0.1926
261240,종가 15:30,현물+달러금리,2017-08-31,0.3746,0.3202,0.0028,0.323
261240,종가 15:30,현물+달러금리,2017-09-01,-0.3732,-0.4433,0.0027,-0.4406
261240,종가 15:30,현물+달러금리,2017-09-04,0.8456,0.9084,0.0082,0.9167
261240,종가 15:30,현물+달러금리,2017-09-05,-0.1592,-0.1677,0.0027,-0.165
261240,종가 15:30,현물+달러금리,2017-09-06,0.3189,0.3802,0.0028,0.3829
261240,종가 15:30,현물+달러금리,2017-09-07,-0.4133,-0.5284,0.0029,-0.5256
261240,종가 15:30,현물+달러금리,2017-09-08,-0.1596,-0.1682,0.0028,-0.1654
261240,종가 15:30,현물+달러금리,2017-09-11,0.3091,0.3902,0.0084,0.3987
261240,종가 15:30,현물+달러금리,2017-09-12,-0.255,-0.3004,0.0028,-0.2975
261240,종가 15:30,현물+달러금리,2017-09-13,-0.1065,0.0,0.0028,0.0028
261240,종가 15:30,현물+달러금리,2017-09-14,0.3092,0.3633,0.0028,0.3661
261240,종가 15:30,현물+달러금리,2017-09-15,-0.0957,-0.0795,0.0028,-0.0766
261240,종가 15:30,현물+달러금리,2017-09-18,-0.266,-0.4506,0.0085,-0.4422
261240,종가 15:30,현물+달러금리,2017-09-19,0.2134,0.4172,0.0028,0.42
261240,종가 15:30,현물+달러금리,2017-09-20,-0.0532,-0.2652,0.0028,-0.2624
261240,종가 15:30,현물+달러금리,2017-09-21,0.3622,0.39,0.0028,0.3928
261240,종가 15:30,현물+달러금리,2017-09-22,0.3715,0.3355,0.0028,0.3383
261240,종가 15:30,현물+달러금리,2017-09-25,-0.423,-0.4136,0.0083,-0.4053
261240,종가 15:30,현물+달러금리,2017-09-26,0.4779,0.4418,0.0028,0.4446
261240,종가 15:30,현물+달러금리,2017-09-27,0.1057,0.3431,0.0029,0.346
261240,종가 15:30,현물+달러금리,2017-09-28,0.9396,0.7364,0.0029,0.7393
261240,종가 15:30,현물+달러금리,2017-09-29,-0.3138,-0.322,0.0028,-0.3192
261240,종가 15:30,현물+달러금리,2017-10-10,-0.7764,-0.8992,0.0313,-0.8682
261240,종가 15:30,현물+달러금리,2017-10-11,-0.0529,0.0088,0.0029,0.0117
261240,종가 15:30,현물+달러금리,2017-10-12,-0.2116,-0.1762,0.003,-0.1732
261240,종가 15:30,현물+달러금리,2017-10-13,-0.3075,-0.3795,0.0029,-0.3765
261240,종가 15:30,현물+달러금리,2017-10-16,-0.1063,-0.0974,0.0088,-0.0887
261240,종가 15:30,현물+달러금리,2017-10-17,0.362,0.4167,0.003,0.4197
261240,종가 15:30,현물+달러금리,2017-10-18,-0.3076,-0.2296,0.0029,-0.2267
261240,종가 15:30,현물+달러금리,2017-10-19,0.3086,0.2213,0.0029,0.2242
261240,종가 15:30,현물+달러금리,2017-10-20,-0.053,-0.1236,0.003,-0.1207
261240,종가 15:30,현물+달러금리,2017-10-23,-0.1061,-0.0707,0.009,-0.0618
261240,종가 15:30,현물+달러금리,2017-10-24,-0.255,-0.2477,0.003,-0.2448
261240,종가 15:30,현물+달러금리,2017-10-25,0.0533,0.0443,0.003,0.0474
261240,종가 15:30,현물+달러금리,2017-10-26,-0.2662,-0.2926,0.003,-0.2896
261240,종가 15:30,현물+달러금리,2017-10-27,0.4697,0.5246,0.003,0.5276
261240,종가 15:30,현물+달러금리,2017-10-30,-0.4675,-0.5219,0.0089,-0.5131
261240,종가 15:30,현물+달러금리,2017-10-31,-0.3736,-0.3735,0.003,-0.3705
261240,종가 15:30,현물+달러금리,2017-11-01,-0.525,-0.5266,0.0031,-0.5235
261240,종가 15:30,현물+달러금리,2017-11-02,0.0,-0.009,0.0032,-0.0058
261240,종가 15:30,현물+달러금리,2017-11-03,-0.0539,-0.0538,0.0032,-0.0507
261240,종가 15:30,현물+달러금리,2017-11-06,0.1078,0.1077,0.0095,0.1173
261240,종가 15:30,현물+달러금리,2017-11-07,-0.2691,-0.278,0.0032,-0.2748
261240,종가 15:30,현물+달러금리,2017-11-08,0.3238,0.3328,0.0033,0.3361
261240,종가 15:30,현물+달러금리,2017-11-09,-0.0538,0.0,0.0033,0.0033
261240,종가 15:30,현물+달러금리,2017-11-10,0.1507,0.1345,0.0033,0.1378
261240,종가 15:30,현물+달러금리,2017-11-13,0.3762,0.3133,0.0099,0.3233
261240,종가 15:30,현물+달러금리,2017-11-14,-0.3213,-0.2231,0.0033,-0.2198
261240,종가 15:30,현물+달러금리,2017-11-15,-0.419,-0.5187,0.0034,-0.5154
261240,종가 15:30,현물+달러금리,2017-11-16,-1.0141,-0.98,0.0034,-0.9766
261240,종가 15:30,현물+달러금리,2017-11-17,-0.3815,-0.3541,0.0034,-0.3507
261240,종가 15:30,현물+달러금리,2017-11-20,0.2735,0.2825,0.0104,0.2928
261240,종가 15:30,현물+달러금리,2017-11-21,-0.3819,-0.4361,0.0035,-0.4326
261240,종가 15:30,현물+달러금리,2017-11-22,-0.6462,-0.6114,0.0035,-0.6079
261240,종가 15:30,현물+달러금리,2017-11-23,-0.2756,-0.3397,0.0035,-0.3363
261240,종가 15:30,현물+달러금리,2017-11-24,-0.0553,0.0,0.0035,0.0035
261240,종가 15:30,현물+달러금리,2017-11-27,0.3318,0.2948,0.0104,0.3052
261240,종가 15:30,현물+달러금리,2017-11-28,-0.3858,-0.3858,0.0034,-0.3824
261240,종가 15:30,현물+달러금리,2017-11-29,-0.664,-0.7008,0.0035,-0.6974
261240,종가 15:30,현물+달러금리,2017-11-30,1.0027,1.0587,0.0035,1.0622
261240,종가 15:30,현물+달러금리,2017-12-01,-0.2758,-0.1654,0.0034,-0.162
261240,종가 15:30,현물+달러금리,2017-12-04,0.3871,0.2117,0.0103,0.222
261240,종가 15:30,현물+달러금리,2017-12-05,-0.4958,-0.2664,0.0035,-0.2629
261240,종가 15:30,현물+달러금리,2017-12-06,0.8748,0.7276,0.0035,0.7311
261240,종가 15:30,현물+달러금리,2017-12-07,0.0549,-0.0183,0.0035,-0.0148
261240,종가 15:30,현물+달러금리,2017-12-08,-0.0549,-0.0183,0.0035,-0.0148
261240,종가 15:30,현물+달러금리,2017-12-11,-0.0549,-0.0915,0.0104,-0.0811
261240,종가 15:30,현물+달러금리,2017-12-12,0.0,0.0092,0.0036,0.0127
261240,종가 15:30,현물+달러금리,2017-12-13,-0.1098,-0.1556,0.0036,-0.152
261240,종가 15:30,현물+달러금리,2017-12-14,-0.3738,-0.1467,0.0035,-0.1432
261240,종가 15:30,현물+달러금리,2017-12-15,0.2207,0.0643,0.0036,0.0678
261240,종가 15:30,현물+달러금리,2017-12-18,-0.0551,-0.1193,0.0106,-0.1087
261240,종가 15:30,현물+달러금리,2017-12-19,-0.3305,-0.3307,0.0037,-0.327
261240,종가 15:30,현물+달러금리,2017-12-20,-0.3869,-0.3687,0.0037,-0.365
261240,종가 15:30,현물+달러금리,2017-12-21,0.1665,0.1665,0.0037,0.1703
261240,종가 15:30,현물+달러금리,2017-12-22,-0.4432,-0.2771,0.0036,-0.2735
261240,종가 15:30,현물+달러금리,2017-12-26,-0.1558,-0.3334,0.0144,-0.3191
261240,종가 15:30,현물+달러금리,2017-12-27,-0.2229,-0.1859,0.004,-0.1819
261240,종가 15:30,현물+달러금리,2017-12-28,-0.2793,-0.3352,0.0039,-0.3313
261240,종가 15:30,현물+달러금리,2018-01-02,-0.997,-0.8688,0.0188,-0.8501
261240,종가 15:30,현물+달러금리,2018-01-03,0.4413,0.311,0.0039,0.3149
261240,종가 15:30,현물+달러금리,2018-01-04,-0.214,-0.2161,0.0038,-0.2123
261240,종가 15:30,현물+달러금리,2018-01-05,0.0,0.0471,0.0038,0.0509
261240,종가 15:30,현물+달러금리,2018-01-08,0.3838,0.3105,0.0113,0.3218
261240,종가 15:30,현물+달러금리,2018-01-09,0.1125,0.1032,0.0039,0.1071
261240,종가 15:30,현물+달러금리,2018-01-10,0.5055,0.4498,0.0039,0.4537
261240,종가 15:30,현물+달러금리,2018-01-11,0.0,0.0093,0.0038,0.0132
261240,종가 15:30,현물+달러금리,2018-01-12,-0.6706,-0.6716,0.0039,-0.6678
261240,종가 15:30,현물+달러금리,2018-01-15,-0.225,-0.1972,0.0116,-0.1857
261240,종가 15:30,현물+달러금리,2018-01-16,0.0,0.0,0.0039,0.0039
261240,종가 15:30,현물+달러금리,2018-01-17,0.6203,0.6211,0.0039,0.625
261240,종가 15:30,현물+달러금리,2018-01-18,0.1681,0.1309,0.0039,0.1348
261240,종가 15:30,현물+달러금리,2018-01-19,-0.5035,-0.4483,0.0039,-0.4444
261240,종가 15:30,현물+달러금리,2018-01-22,0.3374,0.394,0.0117,0.4058
261240,종가 15:30,현물+달러금리,2018-01-23,0.056,0.0093,0.0039,0.0133
261240,종가 15:30,현물+달러금리,2018-01-24,0.0,0.0,0.0039,0.0039
261240,종가 15:30,현물+달러금리,2018-01-25,-0.885,-1.0839,0.0039,-1.0801
261240,종가 15:30,현물+달러금리,2018-01-26,0.4973,0.5007,0.0038,0.5045
261240,종가 15:30,현물+달러금리,2018-01-29,0.0562,0.1598,0.0114,0.1712
261240,종가 15:30,현물+달러금리,2018-01-30,0.843,0.7508,0.0039,0.7547
261240,종가 15:30,현물+달러금리,2018-01-31,-0.5016,-0.5309,0.0039,-0.5271
261240,종가 15:30,현물+달러금리,2018-02-01,0.3361,0.3746,0.0039,0.3785
261240,종가 15:30,현물+달러금리,2018-02-02,0.7703,0.7277,0.004,0.7317
261240,종가 15:30,현물+달러금리,2018-02-05,0.6537,0.815,0.012,0.8271
261240,종가 15:30,현물+달러금리,2018-02-06,0.2201,0.2756,0.0041,0.2797
261240,종가 15:30,현물+달러금리,2018-02-07,-0.2636,-0.4489,0.0041,-0.4448
261240,종가 15:30,현물+달러금리,2018-02-08,0.0,0.1196,0.0042,0.1238
261240,종가 15:30,현물+달러금리,2018-02-09,0.3744,0.3861,0.0042,0.3903
261240,종가 15:30,현물+달러금리,2018-02-12,-0.5376,-0.6868,0.0126,-0.6743
261240,종가 15:30,현물+달러금리,2018-02-13,-0.0552,-0.0092,0.0044,-0.0048
261240,종가 15:30,현물+달러금리,2018-02-14,-0.6622,-0.6731,0.0043,-0.6688
261240,종가 15:30,현물+달러금리,2018-02-19,-0.7666,-0.8912,0.0214,-0.87
261240,종가 15:30,현물+달러금리,2018-02-20,0.3918,0.5526,0.0044,0.557
261240,종가 15:30,현물+달러금리,2018-02-21,0.3792,0.2515,0.0045,0.256
261240,종가 15:30,현물+달러금리,2018-02-22,0.6666,0.7526,0.0044,0.7571
261240,종가 15:30,현물+달러금리,2018-02-23,-0.3863,-0.4888,0.0044,-0.4844
261240,종가 15:30,현물+달러금리,2018-02-26,-0.4986,-0.519,0.0132,-0.5058
261240,종가 15:30,현물+달러금리,2018-02-27,-0.1559,-0.1956,0.0045,-0.1911
261240,종가 15:30,현물+달러금리,2018-02-28,0.881,1.0735,0.0045,1.078
261240,종가 15:30,현물+달러금리,2018-03-02,-0.0553,-0.2309,0.0089,-0.222
261240,종가 15:30,현물+달러금리,2018-03-05,0.1659,0.1574,0.0133,0.1707
261240,종가 15:30,현물+달러금리,2018-03-06,-0.6073,-0.5453,0.0046,-0.5407
261240,종가 15:30,현물+달러금리,2018-03-07,-0.5444,-0.6505,0.0045,-0.646
261240,종가 15:30,현물+달러금리,2018-03-08,-0.0559,0.1029,0.0045,0.1074
261240,종가 15:30,현물+달러금리,2018-03-09,0.0,-0.0374,0.0045,-0.0329
261240,종가 15:30,현물+달러금리,2018-03-12,-0.4471,-0.43,0.0135,-0.4166
261240,종가 15:30,현물+달러금리,2018-03-13,0.3368,0.2159,0.0046,0.2205
261240,종가 15:30,현물+달러금리,2018-03-14,-0.2797,-0.2717,0.0047,-0.267
261240,종가 15:30,현물+달러금리,2018-03-15,0.1683,0.0751,0.0047,0.0799
261240,종가 15:30,현물+달러금리,2018-03-16,0.0,0.0751,0.0048,0.0799
261240,종가 15:30,현물+달러금리,2018-03-19,0.5041,0.5065,0.0144,0.5209
261240,종가 15:30,현물+달러금리,2018-03-20,-0.2786,-0.28,0.0048,-0.2751
261240,종가 15:30,현물+달러금리,2018-03-21,0.2794,0.3462,0.0049,0.3511
261240,종가 15:30,현물+달러금리,2018-03-22,-0.1115,0.0373,0.0047,0.042
261240,종가 15:30,현물+달러금리,2018-03-23,0.9931,0.8856,0.0046,0.8903
261240,종가 15:30,현물+달러금리,2018-03-26,-0.1105,-0.1016,0.0141,-0.0876
261240,종가 15:30,현물+달러금리,2018-03-27,-0.8738,-0.999,0.0048,-0.9942
261240,종가 15:30,현물+달러금리,2018-03-28,0.0,0.0467,0.0048,0.0515
261240,종가 15:30,현물+달러금리,2018-03-29,-0.3347,-0.4576,0.0047,-0.453
261240,종가 15:30,현물+달러금리,2018-03-30,-0.2239,-0.2252,0.0047,-0.2205
261240,종가 15:30,현물+달러금리,2018-04-02,-0.662,-0.6488,0.014,-0.6349
261240,종가 15:30,현물+달러금리,2018-04-03,-0.3389,-0.2271,0.0048,-0.2224
261240,종가 15:30,현물+달러금리,2018-04-04,0.5554,0.5312,0.0047,0.5359
261240,종가 15:30,현물+달러금리,2018-04-05,0.0564,-0.0094,0.0046,-0.0048
261240,종가 15:30,현물+달러금리,2018-04-06,0.9575,0.9342,0.0046,0.9389
261240,종가 15:30,현물+달러금리,2018-04-09,-0.1674,-0.2337,0.014,-0.2198
261240,종가 15:30,현물+달러금리,2018-04-10,-0.0559,-0.0656,0.0047,-0.0609
261240,종가 15:30,현물+달러금리,2018-04-11,0.0,-0.0094,0.0047,-0.0047
261240,종가 15:30,현물+달러금리,2018-04-12,0.2796,0.3001,0.0047,0.3048
261240,종가 15:30,현물+달러금리,2018-04-13,-0.1115,0.0,0.0047,0.0047
261240,종가 15:30,현물+달러금리,2018-04-16,0.3796,0.4208,0.0142,0.435
261240,종가 15:30,현물+달러금리,2018-04-17,-0.4338,-0.6518,0.0048,-0.647
261240,종가 15:30,현물+달러금리,2018-04-18,0.0,0.1593,0.0048,0.1642
261240,종가 15:30,현물+달러금리,2018-04-19,-0.5585,-0.6737,0.0049,-0.6689
261240,종가 15:30,현물+달러금리,2018-04-20,0.5617,0.5464,0.0049,0.5513
261240,종가 15:30,현물+달러금리,2018-04-23,0.2234,0.1593,0.0146,0.1739
261240,종가 15:30,현물+달러금리,2018-04-24,0.7133,0.7297,0.005,0.7347
261240,종가 15:30,현물+달러금리,2018-04-25,0.2213,0.3529,0.005,0.358
261240,종가 15:30,현물+달러금리,2018-04-26,0.2208,0.0278,0.005,0.0328
261240,종가 15:30,현물+달러금리,2018-04-27,-0.4407,-0.3978,0.0049,-0.3929
261240,종가 15:30,현물+달러금리,2018-04-30,-0.7083,-0.7988,0.0146,-0.7843
261240,종가 15:30,현물+달러금리,2018-05-02,0.6019,0.7584,0.0101,0.7686
261240,종가 15:30,현물+달러금리,2018-05-03,0.1108,0.0186,0.005,0.0235
261240,종가 15:30,현물+달러금리,2018-05-04,0.0553,0.0836,0.0049,0.0886
261240,종가 15:30,현물+달러금리,2018-05-08,-0.1106,-0.065,0.0197,-0.0453
261240,종가 15:30,현물+달러금리,2018-05-09,0.5536,0.4087,0.005,0.4138
261240,종가 15:30,현물+달러금리,2018-05-10,-0.7158,-0.7216,0.0051,-0.7166
261240,종가 15:30,현물+달러금리,2018-05-11,-0.3327,-0.3541,0.0051,-0.349
261240,종가 15:30,현물+달러금리,2018-05-14,-0.2671,-0.1216,0.0155,-0.1061
261240,종가 15:30,현물+달러금리,2018-05-15,0.7141,0.5431,0.0052,0.5483
261240,종가 15:30,현물+달러금리,2018-05-16,0.277,0.3539,0.0052,0.3591
261240,종가 15:30,현물+달러금리,2018-05-17,0.2762,0.3341,0.0052,0.3392
261240,종가 15:30,현물+달러금리,2018-05-18,-0.1653,-0.333,0.0052,-0.3278
261240,종가 15:30,현물+달러금리,2018-05-21,0.6511,0.7238,0.0154,0.7393
261240,종가 15:30,현물+달러금리,2018-05-23,-0.4276,-0.433,0.0104,-0.4227
261240,종가 15:30,현물+달러금리,2018-05-24,0.0,-0.1018,0.0052,-0.0966
261240,종가 15:30,현물+달러금리,2018-05-25,-0.1652,-0.1482,0.0051,-0.1431
261240,종가 15:30,현물+달러금리,2018-05-28,-0.3861,-0.3525,0.0153,-0.3373
261240,종가 15:30,현물+달러금리,2018-05-29,0.2768,0.242,0.0051,0.2471
261240,종가 15:30,현물+달러금리,2018-05-30,0.2208,0.3808,0.0052,0.386
261240,종가 15:30,현물+달러금리,2018-05-31,-0.1653,-0.296,0.0052,-0.2909
261240,종가 15:30,현물+달러금리,2018-06-01,-0.1104,-0.2505,0.0052,-0.2454
261240,종가 15:30,현물+달러금리,2018-06-04,-0.3867,-0.2884,0.0155,-0.273
261240,종가 15:30,현물+달러금리,2018-06-05,-0.1109,-0.112,0.0052,-0.1067
261240,종가 15:30,현물+달러금리,2018-06-07,-0.1666,-0.1588,0.0105,-0.1483
261240,종가 15:30,현물+달러금리,2018-06-08,0.6117,0.6455,0.0052,0.6507
261240,종가 15:30,현물+달러금리,2018-06-11,-0.0553,-0.0651,0.0155,-0.0495
261240,종가 15:30,현물+달러금리,2018-06-12,0.3318,0.186,0.0052,0.1913
261240,종가 15:30,현물+달러금리,2018-06-14,0.3748,0.5477,0.0104,0.5581
261240,종가 15:30,현물+달러금리,2018-06-15,1.4717,1.348,0.0052,1.3533
261240,종가 15:30,현물+달러금리,2018-06-18,0.6386,0.6468,0.0156,0.6625
261240,종가 15:30,현물+달러금리,2018-06-19,0.3227,0.3892,0.0052,0.3945
261240,종가 15:30,현물+달러금리,2018-06-20,-0.2144,-0.3607,0.0052,-0.3554
261240,종가 15:30,현물+달러금리,2018-06-21,0.5372,0.6968,0.0052,0.702
261240,종가 15:30,현물+달러금리,2018-06-22,-0.374,-0.4853,0.0052,-0.4801
261240,종가 15:30,현물+달러금리,2018-06-25,0.9546,0.885,0.0155,0.9006
261240,종가 15:30,현물+달러금리,2018-06-26,-0.3081,-0.2148,0.0052,-0.2096
261240,종가 15:30,현물+달러금리,2018-06-27,0.3091,0.2512,0.0052,0.2564
261240,종가 15:30,현물+달러금리,2018-06-28,0.5844,0.5906,0.0052,0.5958
261240,종가 15:30,현물+달러금리,2018-06-29,-0.8873,-0.8628,0.0052,-0.8577
261240,종가 15:30,현물+달러금리,2018-07-02,0.5222,0.4935,0.0155,0.5091
261240,종가 15:30,현물+달러금리,2018-07-03,-0.053,-0.1161,0.0053,-0.1107
261240,종가 15:30,현물+달러금리,2018-07-04,-0.3076,-0.3754,0.0053,-0.3701
261240,종가 15:30,현물+달러금리,2018-07-05,0.2022,0.3679,0.0053,0.3732
261240,종가 15:30,현물+달러금리,2018-07-06,-0.2018,-0.2414,0.0053,-0.2361
261240,종가 15:30,현물+달러금리,2018-07-09,-0.3192,-0.3316,0.0159,-0.3158
261240,종가 15:30,현물+달러금리,2018-07-10,0.4697,0.3417,0.0053,0.347
261240,종가 15:30,현물+달러금리,2018-07-11,0.2656,0.3584,0.0053,0.3638
261240,종가 15:30,현물+달러금리,2018-07-12,0.6358,0.5268,0.0053,0.5321
261240,종가 15:30,현물+달러금리,2018-07-13,-0.1053,-0.2132,0.0053,-0.2079
261240,종가 15:30,현물+달러금리,2018-07-16,0.3584,0.5073,0.0159,0.5234
261240,종가 15:30,현물+달러금리,2018-07-17,-0.3571,-0.4516,0.0054,-0.4462
261240,종가 15:30,현물+달러금리,2018-07-18,0.6219,0.7295,0.0054,0.7349
261240,종가 15:30,현물+달러금리,2018-07-19,0.1048,0.0795,0.0054,0.0849
261240,종가 15:30,현물+달러금리,2018-07-20,-0.0523,0.0441,0.0054,0.0495
261240,종가 15:30,현물+달러금리,2018-07-23,-0.0524,-0.2029,0.016,-0.1869
261240,종가 15:30,현물+달러금리,2018-07-24,0.3143,0.3359,0.0054,0.3413
261240,종가 15:30,현물+달러금리,2018-07-25,-0.7206,-0.784,0.0054,-0.7786
261240,종가 15:30,현물+달러금리,2018-07-26,-0.7363,-0.6215,0.0054,-0.6161
261240,종가 15:30,현물+달러금리,2018-07-27,-0.053,-0.1072,0.0053,-0.1019
261240,종가 15:30,현물+달러금리,2018-07-30,0.106,0.1878,0.0161,0.204
261240,종가 15:30,현물+달러금리,2018-07-31,0.053,-0.1339,0.0055,-0.1284
261240,종가 15:30,현물+달러금리,2018-08-01,0.1059,0.1698,0.0055,0.1753
261240,종가 15:30,현물+달러금리,2018-08-02,0.423,0.4908,0.0055,0.4963
261240,종가 15:30,현물+달러금리,2018-08-03,0.2527,0.1332,0.0054,0.1386
261240,종가 15:30,현물+달러금리,2018-08-06,-0.4621,-0.3193,0.0162,-0.3031
261240,종가 15:30,현물+달러금리,2018-08-07,0.1583,-0.0178,0.0055,-0.0123
261240,종가 15:30,현물+달러금리,2018-08-08,-0.3687,-0.347,0.0055,-0.3415
261240,종가 15:30,현물+달러금리,2018-08-09,-0.2115,-0.2411,0.0055,-0.2356
261240,종가 15:30,현물+달러금리,2018-08-10,0.9431,1.0473,0.0055,1.0529
261240,종가 15:30,현물+달러금리,2018-08-13,0.5249,0.4429,0.0165,0.4595
261240,종가 15:30,현물+달러금리,2018-08-14,-0.4699,-0.5291,0.0056,-0.5236
261240,종가 15:30,현물+달러금리,2018-08-16,0.2098,0.1951,0.0112,0.2063
261240,종가 15:30,현물+달러금리,2018-08-17,-0.3665,-0.4601,0.0056,-0.4546
261240,종가 15:30,현물+달러금리,2018-08-20,-0.2522,-0.16,0.0165,-0.1435
261240,종가 15:30,현물+달러금리,2018-08-21,-0.4214,-0.4185,0.0056,-0.4129
261240,종가 15:30,현물+달러금리,2018-08-22,0.0529,0.0447,0.0056,0.0503
261240,종가 15:30,현물+달러금리,2018-08-23,0.2115,0.2234,0.0056,0.2291
261240,종가 15:30,현물+달러금리,2018-08-24,-0.2638,-0.2229,0.0056,-0.2174
261240,종가 15:30,현물+달러금리,2018-08-27,-0.3703,-0.4558,0.0168,-0.439
261240,종가 15:30,현물+달러금리,2018-08-28,-0.4141,-0.3412,0.0057,-0.3355
261240,종가 15:30,현물+달러금리,2018-08-29,0.0533,0.018,0.0057,0.0237
261240,종가 15:30,현물+달러금리,2018-08-30,-0.0533,-0.1441,0.0057,-0.1384
261240,종가 15:30,현물+달러금리,2018-08-31,0.4159,0.3879,0.0057,0.3936
261240,종가 15:30,현물+달러금리,2018-09-03,-0.2549,-0.2336,0.017,-0.2166
261240,종가 15:30,현물+달러금리,2018-09-04,0.2555,0.4143,0.0057,0.42
261240,종가 15:30,현물+달러금리,2018-09-05,0.5841,0.592,0.0057,0.5977
261240,종가 15:30,현물+달러금리,2018-09-06,0.2639,0.2229,0.0058,0.2287
261240,종가 15:30,현물+달러금리,2018-09-07,-0.2632,-0.1068,0.0057,-0.101
261240,종가 15:30,현물+달러금리,2018-09-10,0.7285,0.4988,0.0173,0.5161
261240,종가 15:30,현물+달러금리,2018-09-11,-0.3564,-0.2747,0.0058,-0.269
261240,종가 15:30,현물+달러금리,2018-09-12,0.3576,0.2933,0.0058,0.2991
261240,종가 15:30,현물+달러금리,2018-09-13,-0.4612,-0.5494,0.0058,-0.5436
261240,종가 15:30,현물+달러금리,2018-09-14,-0.4738,-0.5167,0.0058,-0.511
261240,종가 15:30,현물+달러금리,2018-09-17,0.6771,0.8956,0.0174,0.9132
261240,종가 15:30,현물+달러금리,2018-09-18,-0.0946,-0.3018,0.0058,-0.296
261240,종가 15:30,현물+달러금리,2018-09-19,-0.3681,-0.187,0.0058,-0.1811
261240,종가 15:30,현물+달러금리,2018-09-20,-0.0528,-0.0624,0.0058,-0.0566
261240,종가 15:30,현물+달러금리,2018-09-21,-0.2641,-0.4552,0.0058,-0.4494
261240,종가 15:30,현물+달러금리,2018-09-27,-0.3707,-0.2511,0.0352,-0.216
261240,종가 15:30,현물+달러금리,2018-09-28,-0.3083,-0.2876,0.0059,-0.2818
261240,종가 15:30,현물+달러금리,2018-10-01,0.3626,0.2254,0.0177,0.2431
261240,종가 15:30,현물+달러금리,2018-10-02,0.6375,0.6656,0.006,0.6716
261240,종가 15:30,현물+달러금리,2018-10-04,0.834,0.956,0.012,0.9682
261240,종가 15:30,현물+달러금리,2018-10-05,0.0524,0.0443,0.006,0.0502
261240,종가 15:30,현물+달러금리,2018-10-08,0.2093,0.2035,0.0179,0.2214
261240,종가 15:30,현물+달러금리,2018-10-10,0.1044,0.1148,0.0119,0.1267
261240,종가 15:30,현물+달러금리,2018-10-11,0.9284,0.9171,0.0061,0.9233
261240,종가 15:30,현물+달러금리,2018-10-12,-0.9199,-1.136,0.0061,-1.13
261240,종가 15:30,현물+달러금리,2018-10-15,0.0522,0.2563,0.0183,0.2747
261240,종가 15:30,현물+달러금리,2018-10-16,-0.4692,-0.5554,0.0062,-0.5492
261240,종가 15:30,현물+달러금리,2018-10-17,-0.2095,-0.133,0.0062,-0.1268
261240,종가 15:30,현물+달러금리,2018-10-18,0.7873,0.7723,0.0062,0.7786
261240,종가 15:30,현물+달러금리,2018-10-19,-0.2604,-0.2731,0.0062,-0.2669
261240,종가 15:30,현물+달러금리,2018-10-22,-0.1566,-0.3268,0.0186,-0.3083
261240,종가 15:30,현물+달러금리,2018-10-23,0.774,0.8153,0.0063,0.8217
261240,종가 15:30,현물+달러금리,2018-10-24,-0.6124,-0.4659,0.0063,-0.4596
261240,종가 15:30,현물+달러금리,2018-10-25,0.5117,0.5034,0.0063,0.5097
261240,종가 15:30,현물+달러금리,2018-10-26,0.4156,0.3427,0.0063,0.349
261240,종가 15:30,현물+달러금리,2018-10-29,0.1035,-0.0438,0.0187,-0.0251
261240,종가 15:30,현물+달러금리,2018-10-30,-0.3618,-0.1927,0.0063,-0.1865
261240,종가 15:30,현물+달러금리,2018-10-31,0.0519,0.0351,0.0063,0.0414
261240,종가 15:30,현물+달러금리,2018-11-01,-0.1037,-0.1316,0.0063,-0.1254
261240,종가 15:30,현물+달러금리,2018-11-02,-1.2766,-1.4498,0.0062,-1.4437
261240,종가 15:30,현물+달러금리,2018-11-05,0.0,0.1694,0.0187,0.1882
261240,종가 15:30,현물+달러금리,2018-11-06,0.1472,0.0267,0.0064,0.0331
261240,종가 15:30,현물+달러금리,2018-11-07,0.0,-0.0445,0.0063,-0.0382
261240,종가 15:30,현물+달러금리,2018-11-08,-0.5669,-0.5341,0.0064,-0.5278
261240,종가 15:30,현물+달러금리,2018-11-09,0.8868,0.9845,0.0063,0.9909
261240,종가 15:30,현물+달러금리,2018-11-12,0.6279,0.4963,0.019,0.5154
261240,종가 15:30,현물+달러금리,2018-11-13,-0.208,-0.0529,0.0063,-0.0466
261240,종가 15:30,현물+달러금리,2018-11-14,0.2084,0.0882,0.0064,0.0947
261240,종가 15:30,현물+달러금리,2018-11-15,-0.26,-0.4496,0.0064,-0.4433
261240,종가 15:30,현물+달러금리,2018-11-16,-0.3128,-0.062,0.0064,-0.0556
261240,종가 15:30,현물+달러금리,2018-11-19,0.1569,0.0089,0.019,0.0278
261240,종가 15:30,현물+달러금리,2018-11-20,-0.2611,-0.2481,0.0064,-0.2417
261240,종가 15:30,현물+달러금리,2018-11-21,0.4712,0.5152,0.0064,0.5216
261240,종가 15:30,현물+달러금리,2018-11-22,-0.1563,-0.2121,0.0065,-0.2056
261240,종가 15:30,현물+달러금리,2018-11-23,0.1044,0.1151,0.0065,0.1216
261240,종가 15:30,현물+달러금리,2018-11-26,-0.1043,-0.1415,0.0194,-0.1222
261240,종가 15:30,현물+달러금리,2018-11-27,0.0522,0.0443,0.0065,0.0508
261240,종가 15:30,현물+달러금리,2018-11-28,-0.2608,-0.2568,0.0065,-0.2503
261240,종가 15:30,현물+달러금리,2018-11-29,-0.6171,-0.648,0.0064,-0.6416
261240,종가 15:30,현물+달러금리,2018-11-30,0.1473,0.1787,0.0064,0.1851
261240,종가 15:30,현물+달러금리,2018-12-03,-0.8827,-0.9365,0.0191,-0.9176
261240,종가 15:30,현물+달러금리,2018-12-04,-0.4665,-0.4862,0.0064,-0.4798
261240,종가 15:30,현물+달러금리,2018-12-05,0.7882,0.7962,0.0065,0.8027
261240,종가 15:30,현물+달러금리,2018-12-06,0.4227,0.5565,0.0065,0.5631
261240,종가 15:30,현물+달러금리,2018-12-07,0.0526,-0.0446,0.0065,-0.0382
261240,종가 15:30,현물+달러금리,2018-12-10,0.4628,0.5983,0.0193,0.6178
261240,종가 15:30,현물+달러금리,2018-12-11,0.4712,0.3196,0.0065,0.3261
261240,종가 15:30,현물+달러금리,2018-12-12,-0.1042,-0.1416,0.0065,-0.1351
261240,종가 15:30,현물+달러금리,2018-12-13,-0.4694,-0.4519,0.0065,-0.4454
261240,종가 15:30,현물+달러금리,2018-12-14,0.5765,0.6587,0.0065,0.6653
261240,종가 15:30,현물+달러금리,2018-12-17,0.1563,0.0442,0.0195,0.0637
261240,종가 15:30,현물+달러금리,2018-12-18,-0.2601,-0.1503,0.0065,-0.1438
261240,종가 15:30,현물+달러금리,2018-12-19,-0.4173,-0.54,0.0064,-0.5336
261240,종가 15:30,현물+달러금리,2018-12-20,0.419,0.3827,0.0064,0.3892
261240,종가 15:30,현물+달러금리,2018-12-21,-0.3651,-0.4788,0.0064,-0.4724
261240,종가 15:30,현물+달러금리,2018-12-24,0.0524,0.2495,0.0192,0.2687
261240,종가 15:30,현물+달러금리,2018-12-26,0.2093,0.0178,0.0132,0.031
261240,종가 15:30,현물+달러금리,2018-12-27,-0.5744,-0.4798,0.0065,-0.4733
261240,종가 15:30,현물+달러금리,2018-12-28,-0.1996,-0.3839,0.0065,-0.3775
261240,종가 15:30,현물+달러금리,2019-01-02,0.2,0.2958,0.0322,0.3281
261240,종가 15:30,현물+달러금리,2019-01-03,0.8402,0.7775,0.0065,0.784
261240,종가 15:30,현물+달러금리,2019-01-04,-0.2604,-0.2838,0.0065,-0.2773
261240,종가 15:30,현물+달러금리,2019-01-07,-0.6266,-0.5247,0.0195,-0.5053
261240,종가 15:30,현물+달러금리,2019-01-08,0.4203,0.4917,0.0066,0.4983
261240,종가 15:30,현물+달러금리,2019-01-09,-0.0523,-0.1779,0.0066,-0.1713
261240,종가 15:30,현물+달러금리,2019-01-10,-0.2094,-0.3387,0.0066,-0.3321
261240,종가 15:30,현물+달러금리,2019-01-11,-0.3043,-0.1699,0.0065,-0.1634
261240,종가 15:30,현물+달러금리,2019-01-14,0.5683,0.5912,0.0196,0.6109
261240,종가 15:30,현물+달러금리,2019-01-15,-0.0523,-0.2048,0.0066,-0.1982
261240,종가 15:30,현물+달러금리,2019-01-16,-0.0524,-0.0535,0.0066,-0.047
261240,종가 15:30,현물+달러금리,2019-01-17,0.2095,0.2143,0.0065,0.2208
261240,종가 15:30,현물+달러금리,2019-01-18,0.0,-0.0535,0.0065,-0.047
261240,종가 15:30,현물+달러금리,2019-01-21,0.5227,0.5526,0.0194,0.5721
261240,종가 15:30,현물+달러금리,2019-01-22,0.2496,0.2127,0.0065,0.2192
261240,종가 15:30,현물+달러금리,2019-01-23,-0.3008,-0.2831,0.0065,-0.2766
261240,종가 15:30,현물+달러금리,2019-01-24,0.104,0.1153,0.0065,0.1218
261240,종가 15:30,현물+달러금리,2019-01-25,-0.6236,-0.6468,0.0064,-0.6405
261240,종가 15:30,현물+달러금리,2019-01-28,-0.3138,-0.3211,0.0192,-0.3019
261240,종가 15:30,현물+달러금리,2019-01-29,-0.1049,-0.1074,0.0065,-0.1009
261240,종가 15:30,현물+달러금리,2019-01-30,0.0,-0.0179,0.0065,-0.0114
261240,종가 15:30,현물+달러금리,2019-01-31,-0.2521,-0.3225,0.0065,-0.316
261240,종가 15:30,현물+달러금리,2019-02-01,0.516,0.5482,0.0065,0.5547
261240,종가 15:30,현물+달러금리,2019-02-07,0.419,0.4737,0.0386,0.5125
261240,종가 15:30,현물+달러금리,2019-02-08,0.0522,-0.0178,0.0065,-0.0113
261240,종가 15:30,현물+달러금리,2019-02-11,0.1043,0.0712,0.0196,0.0908
261240,종가 15:30,현물+달러금리,2019-02-12,-0.0521,-0.0711,0.0066,-0.0646
261240,종가 15:30,현물+달러금리,2019-02-13,-0.2084,-0.1957,0.0065,-0.1892
261240,종가 15:30,현물+달러금리,2019-02-14,0.3133,0.3031,0.0065,0.3097
261240,종가 15:30,현물+달러금리,2019-02-15,0.3019,0.32,0.0065,0.3265
261240,종가 15:30,현물+달러금리,2019-02-18,-0.2491,-0.2569,0.0196,-0.2374
261240,종가 15:30,현물+달러금리,2019-02-19,0.104,0.2132,0.0065,0.2197
261240,종가 15:30,현물+달러금리,2019-02-20,-0.2598,-0.4166,0.0066,-0.41
261240,종가 15:30,현물+달러금리,2019-02-21,0.1563,0.1513,0.0066,0.1579
261240,종가 15:30,현물+달러금리,2019-02-22,0.0,0.0,0.0066,0.0066
261240,종가 15:30,현물+달러금리,2019-02-25,-0.3642,-0.3733,0.0198,-0.3535
261240,종가 15:30,현물+달러금리,2019-02-26,-0.2089,-0.2141,0.0066,-0.2075
261240,종가 15:30,현물+달러금리,2019-02-27,0.0,0.0447,0.0066,0.0513
261240,종가 15:30,현물+달러금리,2019-02-28,0.5756,0.5004,0.0066,0.507
261240,종가 15:30,현물+달러금리,2019-03-04,-0.052,0.0178,0.0263,0.0441
261240,종가 15:30,현물+달러금리,2019-03-05,0.1041,0.0533,0.0066,0.0599
261240,종가 15:30,현물+달러금리,2019-03-06,0.3536,0.2932,0.0066,0.2998
261240,종가 15:30,현물+달러금리,2019-03-07,0.0,0.0177,0.0066,0.0243
261240,종가 15:30,현물+달러금리,2019-03-08,0.6218,0.6377,0.0066,0.6443
261240,종가 15:30,현물+달러금리,2019-03-11,-0.103,-0.22,0.0198,-0.2003
261240,종가 15:30,현물+달러금리,2019-03-12,-0.3608,-0.344,0.0066,-0.3374
261240,종가 15:30,현물+달러금리,2019-03-13,0.2587,0.2478,0.0066,0.2545
261240,종가 15:30,현물+달러금리,2019-03-14,21.9814,0.1942,0.0066,0.2008
261240,종가 15:30,현물+달러금리,2019-03-15,-17.6819,0.2203,0.0066,0.2269
261240,종가 15:30,현물+달러금리,2019-03-18,-0.6166,-0.4572,0.0197,-0.4376
261240,종가 15:30,현물+달러금리,2019-03-19,0.0517,-0.1325,0.0065,-0.126
261240,종가 15:30,현물+달러금리,2019-03-20,-0.0517,-0.0177,0.0066,-0.0111
261240,종가 15:30,현물+달러금리,2019-03-21,-0.2585,-0.2389,0.0066,-0.2322
261240,종가 15:30,현물+달러금리,2019-03-22,0.2592,0.2128,0.0067,0.2195
261240,종가 15:30,현물+달러금리,2019-03-25,0.3619,0.3628,0.0198,0.3827
261240,종가 15:30,현물+달러금리,2019-03-26,0.0,-0.0705,0.0066,-0.0639
261240,종가 15:30,현물+달러금리,2019-03-27,0.103,0.0971,0.0066,0.1037
261240,종가 15:30,현물+달러금리,2019-03-28,0.1956,0.2027,0.0065,0.2093
261240,종가 15:30,현물+달러금리,2019-03-29,-0.0925,-0.1495,0.0065,-0.143
261240,종가 15:30,현물+달러금리,2019-04-01,-0.1542,-0.1233,0.0193,-0.104
261240,종가 15:30,현물+달러금리,2019-04-02,0.206,0.2382,0.0065,0.2447
261240,종가 15:30,현물+달러금리,2019-04-03,-0.1542,-0.1848,0.0065,-0.1783
261240,종가 15:30,현물+달러금리,2019-04-04,0.1956,0.1763,0.0065,0.1829
261240,종가 15:30,현물+달러금리,2019-04-05,0.0,0.0264,0.0065,0.033
261240,종가 15:30,현물+달러금리,2019-04-08,0.6164,0.7127,0.0196,0.7324
261240,종가 15:30,현물+달러금리,2019-04-09,-0.0511,-0.2271,0.0065,-0.2206
261240,종가 15:30,현물+달러금리,2019-04-10,-0.3065,-0.3065,0.0065,-0.3
261240,종가 15:30,현물+달러금리,2019-04-11,-0.1025,0.0703,0.0065,0.0768
261240,종가 15:30,현물+달러금리,2019-04-12,0.1539,0.0,0.0065,0.0065
261240,종가 15:30,현물+달러금리,2019-04-15,-0.5531,-0.5529,0.0196,-0.5334
261240,종가 15:30,현물+달러금리,2019-04-16,0.2472,0.2295,0.0065,0.236
261240,종가 15:30,현물+달러금리,2019-04-17,-0.0411,-0.0792,0.0065,-0.0727
261240,종가 15:30,현물+달러금리,2019-04-18,0.0411,0.1851,0.0065,0.1916
261240,종가 15:30,현물+달러금리,2019-04-19,0.1027,0.0,0.0065,0.0065
261240,종가 15:30,현물+달러금리,2019-04-22,0.4618,0.4046,0.0195,0.4242
261240,종가 15:30,현물+달러금리,2019-04-23,0.0,0.0263,0.0065,0.0328
261240,종가 15:30,현물+달러금리,2019-04-24,0.6538,0.797,0.0066,0.8036
261240,종가 15:30,현물+달러금리,2019-04-25,1.0048,0.8341,0.0065,0.8407
261240,종가 15:30,현물+달러금리,2019-04-26,0.0,0.0431,0.0065,0.0496
261240,종가 15:30,현물+달러금리,2019-04-29,-0.1909,-0.2153,0.0195,-0.1959
261240,종가 15:30,현물+달러금리,2019-04-30,0.8457,0.8373,0.0065,0.8439
261240,종가 15:30,현물+달러금리,2019-05-02,-0.1997,-0.214,0.013,-0.201
261240,종가 15:30,현물+달러금리,2019-05-03,0.4001,0.3689,0.0066,0.3755
261240,종가 15:30,현물+달러금리,2019-05-07,-0.2989,-0.2991,0.0261,-0.2731
261240,종가 15:30,현물+달러금리,2019-05-08,0.1999,0.2486,0.0065,0.2551
261240,종가 15:30,현물+달러금리,2019-05-09,0.8876,0.8893,0.0065,0.8959
261240,종가 15:30,현물+달러금리,2019-05-10,-0.2471,-0.2373,0.0065,-0.2308
261240,종가 15:30,현물+달러금리,2019-05-13,0.9811,0.8921,0.0196,0.9118
261240,종가 15:30,현물+달러금리,2019-05-14,0.1472,0.16,0.0065,0.1665
261240,종가 15:30,현물+달러금리,2019-05-15,0.0,-0.0673,0.0065,-0.0608
261240,종가 15:30,현물+달러금리,2019-05-16,0.196,0.244,0.0065,0.2505
261240,종가 15:30,현물+달러금리,2019-05-17,0.3423,0.3525,0.0064,0.359
261240,종가 15:30,현물+달러금리,2019-05-20,-0.0975,-0.1254,0.0192,-0.1062
261240,종가 15:30,현물+달러금리,2019-05-21,0.0488,-0.0167,0.0064,-0.0103
261240,종가 15:30,현물+달러금리,2019-05-22,-0.0975,-0.1005,0.0064,-0.0941
261240,종가 15:30,현물+달러금리,2019-05-23,-0.3416,-0.3018,0.0064,-0.2954
261240,종가 15:30,현물+달러금리,2019-05-24,-0.0979,-0.0673,0.0064,-0.0609
261240,종가 15:30,현물+달러금리,2019-05-27,-0.2941,-0.3282,0.0189,-0.3093
261240,종가 15:30,현물+달러금리,2019-05-28,0.1967,0.1098,0.0063,0.1161
261240,종가 15:30,현물+달러금리,2019-05-29,0.6869,0.6831,0.0064,0.6895
261240,종가 15:30,현물+달러금리,2019-05-30,-0.3899,-0.4272,0.0064,-0.4208
261240,종가 15:30,현물+달러금리,2019-05-31,0.0978,0.1766,0.0064,0.183
261240,종가 15:30,현물+달러금리,2019-06-03,-0.6745,-0.7389,0.0189,-0.7202
261240,종가 15:30,현물+달러금리,2019-06-04,0.0,0.0592,0.0063,0.0655
261240,종가 15:30,현물+달러금리,2019-06-05,-0.2952,-0.3551,0.0063,-0.3488
261240,종가 15:30,현물+달러금리,2019-06-07,0.1974,0.2376,0.0126,0.2502
261240,종가 15:30,현물+달러금리,2019-06-10,0.3842,0.3217,0.0183,0.34
261240,종가 15:30,현물+달러금리,2019-06-11,-0.3337,-0.405,0.0061,-0.3989
261240,종가 15:30,현물+달러금리,2019-06-12,0.1378,0.1864,0.0061,0.1925
261240,종가 15:30,현물+달러금리,2019-06-13,-0.0885,0.0423,0.006,0.0483
261240,종가 15:30,현물+달러금리,2019-06-14,0.2362,0.186,0.0059,0.1918
261240,종가 15:30,현물+달러금리,2019-06-17,0.1473,0.1012,0.0177,0.1189
261240,종가 15:30,현물+달러금리,2019-06-18,-0.049,-0.059,0.006,-0.053
261240,종가 15:30,현물+달러금리,2019-06-19,-0.7749,-0.818,0.0059,-0.8121
261240,종가 15:30,현물+달러금리,2019-06-20,-1.1764,-1.1904,0.0058,-1.1846
261240,종가 15:30,현물+달러금리,2019-06-21,0.1,0.1635,0.0057,0.1692
261240,종가 15:30,현물+달러금리,2019-06-24,-0.5496,-0.6443,0.017,-0.6274
261240,종가 15:30,현물+달러금리,2019-06-25,-0.0904,-0.0259,0.0057,-0.0202
261240,종가 15:30,현물+달러금리,2019-06-26,0.0402,0.0346,0.0057,0.0403
261240,종가 15:30,현물+달러금리,2019-06-27,0.2011,0.1297,0.0058,0.1355
261240,종가 15:30,현물+달러금리,2019-06-28,-0.2408,-0.2936,0.0057,-0.2879
261240,종가 15:30,현물+달러금리,2019-07-01,0.2917,0.3551,0.0171,0.3722
261240,종가 15:30,현물+달러금리,2019-07-02,0.702,0.6213,0.0059,0.6273
261240,종가 15:30,현물+달러금리,2019-07-03,0.3884,0.4545,0.0059,0.4605
261240,종가 15:30,현물+달러금리,2019-07-04,-0.1984,-0.2305,0.0059,-0.2246
261240,종가 15:30,현물+달러금리,2019-07-05,0.1988,0.154,0.0059,0.16
261240,종가 15:30,현물+달러금리,2019-07-08,0.9324,0.9911,0.0179,1.0092
261240,종가 15:30,현물+달러금리,2019-07-09,-0.0491,-0.1269,0.0061,-0.1209
261240,종가 15:30,현물+달러금리,2019-07-10,0.0492,0.0932,0.0061,0.0992
261240,종가 15:30,현물+달러금리,2019-07-11,-0.7273,-0.6855,0.0059,-0.6797
261240,종가 15:30,현물+달러금리,2019-07-12,0.4455,0.4857,0.0058,0.4916
261240,종가 15:30,현물+달러금리,2019-07-15,0.0986,0.0085,0.0173,0.0257
261240,종가 15:30,현물+달러금리,2019-07-16,-0.0492,-0.1442,0.0058,-0.1384
261240,종가 15:30,현물+달러금리,2019-07-17,0.2857,0.3142,0.0058,0.32
261240,종가 15:30,현물+달러금리,2019-07-18,-0.2358,-0.2116,0.0057,-0.2059
261240,종가 15:30,현물+달러금리,2019-07-19,-0.2954,-0.3648,0.0055,-0.3593
261240,종가 15:30,현물+달러금리,2019-07-22,0.3456,0.3235,0.0166,0.3402
261240,종가 15:30,현물+달러금리,2019-07-23,0.0,0.0509,0.0056,0.0565
261240,종가 15:30,현물+달러금리,2019-07-24,-0.0984,-0.0848,0.0055,-0.0793
261240,종가 15:30,현물+달러금리,2019-07-25,0.2857,0.3056,0.0056,0.3113
261240,종가 15:30,현물+달러금리,2019-07-26,0.3438,0.2793,0.0056,0.285
261240,종가 15:30,현물+달러금리,2019-07-29,-0.0979,-0.1097,0.0171,-0.0926
261240,종가 15:30,현물+달러금리,2019-07-30,-0.147,-0.1605,0.0057,-0.1549
261240,종가 15:30,현물+달러금리,2019-07-31,0.0981,0.1269,0.0056,0.1325
261240,종가 15:30,현물+달러금리,2019-08-01,0.5392,0.4564,0.0056,0.462
261240,종가 15:30,현물+달러금리,2019-08-02,0.7216,0.7993,0.0056,0.8049
261240,종가 15:30,현물+달러금리,2019-08-05,1.5781,1.4441,0.0166,1.4609
261240,종가 15:30,현물+달러금리,2019-08-06,-0.0477,0.0,0.0055,0.0055
261240,종가 15:30,현물+달러금리,2019-08-07,-0.0381,-0.0329,0.0055,-0.0274
261240,종가 15:30,현물+달러금리,2019-08-08,-0.477,-0.4692,0.0054,-0.4638
261240,종가 15:30,현물+달러금리,2019-08-09,0.1438,0.1075,0.0054,0.1129
261240,종가 15:30,현물+달러금리,2019-08-12,0.469,0.4709,0.0161,0.4871
261240,종가 15:30,현물+달러금리,2019-08-13,0.524,0.4933,0.0054,0.4987
261240,종가 15:30,현물+달러금리,2019-08-14,-0.7961,-0.7773,0.0054,-0.772
261240,종가 15:30,현물+달러금리,2019-08-16,-0.0955,-0.1567,0.0105,-0.1462
261240,종가 15:30,현물+달러금리,2019-08-19,0.0,0.0165,0.015,0.0316
261240,종가 15:30,현물+달러금리,2019-08-20,-0.2391,-0.223,0.0052,-0.2178
261240,종가 15:30,현물+달러금리,2019-08-21,-0.4792,-0.48,0.0052,-0.4748
261240,종가 15:30,현물+달러금리,2019-08-22,0.3852,0.4075,0.0053,0.4128
261240,종가 15:30,현물+달러금리,2019-08-23,0.3358,0.265,0.0054,0.2704
261240,종가 15:30,현물+달러금리,2019-08-26,0.5642,0.5947,0.0159,0.6107
261240,종가 15:30,현물+달러금리,2019-08-27,-0.5135,-0.542,0.0054,-0.5366
261240,종가 15:30,현물+달러금리,2019-08-28,0.2294,0.2229,0.0053,0.2282
261240,종가 15:30,현물+달러금리,2019-08-29,0.1907,0.2059,0.0053,0.2113
261240,종가 15:30,현물+달러금리,2019-08-30,-0.3712,-0.4275,0.0053,-0.4222
261240,종가 15:30,현물+달러금리,2019-09-02,-0.0478,-0.033,0.016,-0.017
261240,종가 15:30,현물+달러금리,2019-09-03,0.3727,0.3964,0.0053,0.4018
261240,종가 15:30,현물+달러금리,2019-09-04,-0.6094,-0.6088,0.0053,-0.6035
261240,종가 15:30,현물+달러금리,2019-09-05,-0.6131,-0.6621,0.0053,-0.6569
261240,종가 15:30,현물+달러금리,2019-09-06,-0.3374,-0.275,0.0053,-0.2697
261240,종가 15:30,현물+달러금리,2019-09-09,-0.3869,-0.3258,0.0158,-0.3101
261240,종가 15:30,현물+달러금리,2019-09-10,0.0971,0.0251,0.0053,0.0304
261240,종가 15:30,현물+달러금리,2019-09-11,-0.194,-0.1927,0.0052,-0.1875
261240,종가 15:30,현물+달러금리,2019-09-16,-0.6706,-0.6633,0.0263,-0.6372
261240,종가 15:30,현물+달러금리,2019-09-17,0.6751,0.6424,0.0053,0.6478
261240,종가 15:30,현물+달러금리,2019-09-18,0.0972,0.0504,0.0053,0.0557
261240,종가 15:30,현물+달러금리,2019-09-19,0.1456,0.1931,0.0052,0.1983
261240,종가 15:30,현물+달러금리,2019-09-20,-0.4266,-0.4692,0.0052,-0.464
261240,종가 15:30,현물+달러금리,2019-09-23,0.5258,0.5051,0.0154,0.5205
261240,종가 15:30,현물+달러금리,2019-09-24,0.1453,0.1424,0.0052,0.1476
261240,종가 15:30,현물+달러금리,2019-09-25,0.2902,0.2593,0.0052,0.2644
261240,종가 15:30,현물+달러금리,2019-09-26,0.0,0.0,0.0051,0.0051
261240,종가 15:30,현물+달러금리,2019-09-27,0.0868,0.0918,0.0049,0.0967
261240,종가 15:30,현물+달러금리,2019-09-30,-0.2794,-0.3084,0.0145,-0.2939
261240,종가 15:30,현물+달러금리,2019-10-01,0.2802,0.2341,0.005,0.2391
261240,종가 15:30,현물+달러금리,2019-10-02,0.53,0.5838,0.0049,0.5887
261240,종가 15:30,현물+달러금리,2019-10-04,-0.7093,-0.7629,0.0096,-0.7533
261240,종가 15:30,현물+달러금리,2019-10-07,-0.0483,-0.0167,0.0138,-0.0029
261240,종가 15:30,현물+달러금리,2019-10-08,-0.2897,-0.2925,0.0047,-0.2878
261240,종가 15:30,현물+달러금리,2019-10-10,0.2906,0.2598,0.0092,0.2691
261240,종가 15:30,현물+달러금리,2019-10-11,-0.5795,-0.6186,0.0045,-0.6141
261240,종가 15:30,현물+달러금리,2019-10-14,-0.3789,-0.3281,0.0136,-0.3145
261240,종가 15:30,현물+달러금리,2019-10-15,0.0488,0.0253,0.0045,0.0298
261240,종가 15:30,현물+달러금리,2019-10-16,0.2339,0.2194,0.0045,0.2239
261240,종가 15:30,현물+달러금리,2019-10-17,-0.0486,-0.0674,0.0045,-0.0629
261240,종가 15:30,현물+달러금리,2019-10-18,-0.4281,-0.4634,0.0045,-0.4589
261240,종가 15:30,현물+달러금리,2019-10-21,-0.8207,-0.8041,0.0134,-0.7908
261240,종가 15:30,현물+달러금리,2019-10-22,-0.197,-0.1962,0.0045,-0.1918
261240,종가 15:30,현물+달러금리,2019-10-23,0.2468,0.2308,0.0044,0.2353
261240,종가 15:30,현물+달러금리,2019-10-24,0.0492,0.0426,0.0044,0.0471
261240,종가 15:30,현물+달러금리,2019-10-25,0.0,0.0085,0.0045,0.013
261240,종가 15:30,현물+달러금리,2019-10-28,-0.246,-0.1961,0.0134,-0.1827
261240,종가 15:30,현물+달러금리,2019-10-29,-0.5919,-0.6577,0.0044,-0.6533
261240,종가 15:30,현물+달러금리,2019-10-30,0.397,0.4385,0.0044,0.4429
261240,종가 15:30,현물+달러금리,2019-10-31,-0.2966,-0.4024,0.0044,-0.398
261240,종가 15:30,현물+달러금리,2019-11-01,0.1487,0.1891,0.0041,0.1932
261240,종가 15:30,현물+달러금리,2019-11-04,-0.5346,-0.5491,0.0122,-0.5369
261240,종가 15:30,현물+달러금리,2019-11-05,-0.1493,-0.1467,0.0041,-0.1425
261240,종가 15:30,현물+달러금리,2019-11-06,-0.0997,-0.0518,0.0042,-0.0476
261240,종가 15:30,현물+달러금리,2019-11-07,0.2993,0.2075,0.0042,0.2117
261240,종가 15:30,현물+달러금리,2019-11-08,-0.199,-0.1553,0.0042,-0.1511
261240,종가 15:30,현물+달러금리,2019-11-11,0.7376,0.8035,0.0125,0.816
261240,종가 15:30,현물+달러금리,2019-11-12,-0.4453,-0.5142,0.0042,-0.5101
261240,종가 15:30,현물+달러금리,2019-11-13,0.5467,0.603,0.0043,0.6073
261240,종가 15:30,현물+달러금리,2019-11-14,0.3954,0.1627,0.0042,0.1669
261240,종가 15:30,현물+달러금리,2019-11-15,-0.4431,-0.265,0.0042,-0.2608
261240,종가 15:30,현물+달러금리,2019-11-18,-0.1484,-0.18,0.0127,-0.1674
261240,종가 15:30,현물+달러금리,2019-11-19,0.2971,0.2662,0.0042,0.2704
261240,종가 15:30,현물+달러금리,2019-11-20,0.1975,0.2141,0.0042,0.2183
261240,종가 15:30,현물+달러금리,2019-11-21,0.6801,0.6837,0.0042,0.688
261240,종가 15:30,현물+달러금리,2019-11-22,0.0979,0.0679,0.0042,0.0722
261240,종가 15:30,현물+달러금리,2019-11-25,-0.3912,-0.246,0.0127,-0.2333
261240,종가 15:30,현물+달러금리,2019-11-26,0.1473,0.0595,0.0043,0.0639
261240,종가 15:30,현물+달러금리,2019-11-27,0.098,0.0425,0.0043,0.0468
261240,종가 15:30,현물+달러금리,2019-11-28,0.1469,0.1529,0.0044,0.1573
261240,종가 15:30,현물+달러금리,2019-11-29,0.2445,0.1866,0.0044,0.191
261240,종가 15:30,현물+달러금리,2019-12-02,0.0976,0.1609,0.0128,0.1737
261240,종가 15:30,현물+달러금리,2019-12-03,0.2827,0.3465,0.0043,0.3509
261240,종가 15:30,현물+달러금리,2019-12-04,0.6803,0.598,0.0042,0.6023
261240,종가 15:30,현물+달러금리,2019-12-05,-0.2896,-0.3433,0.0042,-0.3391
261240,종가 15:30,현물+달러금리,2019-12-06,-0.0968,-0.0504,0.0041,-0.0463
261240,종가 15:30,현물+달러금리,2019-12-09,0.0,0.0252,0.0123,0.0376
261240,종가 15:30,현물+달러금리,2019-12-10,0.1938,0.1177,0.0041,0.1218
261240,종가 15:30,현물+달러금리,2019-12-11,0.2418,0.2854,0.0042,0.2896
261240,종가 15:30,현물+달러금리,2019-12-12,-0.6754,-0.6613,0.0042,-0.6571
261240,종가 15:30,현물+달러금리,2019-12-13,-1.2532,-1.2723,0.0042,-1.2682
261240,종가 15:30,현물+달러금리,2019-12-16,0.0492,0.0512,0.0127,0.0639
261240,종가 15:30,현물+달러금리,2019-12-17,-0.531,-0.5203,0.0042,-0.5161
261240,종가 15:30,현물+달러금리,2019-12-18,0.1977,0.2229,0.0042,0.2271
261240,종가 15:30,현물+달러금리,2019-12-19,-0.2466,-0.2738,0.0042,-0.2696
261240,종가 15:30,현물+달러금리,2019-12-20,-0.3956,-0.429,0.0042,-0.4248
261240,종가 15:30,현물+달러금리,2019-12-23,0.2482,0.3188,0.0127,0.3316
261240,종가 15:30,현물+달러금리,2019-12-24,-0.0495,-0.0344,0.0043,-0.0301
261240,종가 15:30,현물+달러금리,2019-12-26,-0.1486,-0.1804,0.0085,-0.172
261240,종가 15:30,현물+달러금리,2019-12-27,-0.0496,-0.0258,0.0042,-0.0216
261240,종가 15:30,현물+달러금리,2019-12-30,-0.3376,-0.4391,0.0127,-0.4265
261240,종가 15:30,현물+달러금리,2020-01-02,0.2391,0.147,0.0127,0.1597
261240,종가 15:30,현물+달러금리,2020-01-03,0.6958,0.7771,0.0041,0.7813
261240,종가 15:30,현물+달러금리,2020-01-06,0.4343,0.4284,0.0122,0.4407
261240,종가 15:30,현물+달러금리,2020-01-07,-0.3833,-0.4863,0.0042,-0.4821
261240,종가 15:30,현물+달러금리,2020-01-08,0.3848,0.3772,0.0041,0.3814
261240,종가 15:30,현물+달러금리,2020-01-09,-1.0221,-0.9993,0.0041,-0.9952
261240,종가 15:30,현물+달러금리,2020-01-10,0.1986,0.1898,0.0041,0.1939
261240,종가 15:30,현물+달러금리,2020-01-13,-0.4856,-0.4564,0.0124,-0.444
261240,종가 15:30,현물+달러금리,2020-01-14,0.0498,0.0087,0.0042,0.0129
261240,종가 15:30,현물+달러금리,2020-01-15,0.0896,0.0778,0.0042,0.0821
261240,종가 15:30,현물+달러금리,2020-01-16,0.3481,0.3544,0.0042,0.3586
261240,종가 15:30,현물+달러금리,2020-01-17,-0.1486,-0.1464,0.0042,-0.1423
261240,종가 15:30,현물+달러금리,2020-01-20,-0.0992,-0.1121,0.0126,-0.0996
261240,종가 15:30,현물+달러금리,2020-01-21,0.7451,0.7685,0.0042,0.7727
261240,종가 15:30,현물+달러금리,2020-01-22,-0.1479,-0.2057,0.0042,-0.2015
261240,종가 15:30,현물+달러금리,2020-01-23,0.2963,0.3521,0.0042,0.3562
261240,종가 15:30,현물+달러금리,2020-01-28,0.7286,0.6845,0.0208,0.7055
261240,종가 15:30,현물+달러금리,2020-01-29,0.0978,0.0425,0.0042,0.0467
261240,종가 15:30,현물+달러금리,2020-01-30,0.625,0.6626,0.0042,0.6668
261240,종가 15:30,현물+달러금리,2020-01-31,0.5823,0.5738,0.0042,0.5781
261240,종가 15:30,현물+달러금리,2020-02-03,0.2316,0.2685,0.0125,0.281
261240,종가 15:30,현물+달러금리,2020-02-04,-0.568,-0.636,0.0042,-0.6318
261240,종가 15:30,현물+달러금리,2020-02-05,0.3389,0.3453,0.0042,0.3495
261240,종가 15:30,현물+달러금리,2020-02-06,-1.0035,-0.982,0.0042,-0.9778
261240,종가 15:30,현물+달러금리,2020-02-07,0.6238,0.5679,0.0042,0.5721
261240,종가 15:30,현물+달러금리,2020-02-10,0.0484,0.0506,0.0126,0.0632
261240,종가 15:30,현물+달러금리,2020-02-11,-0.4357,-0.4633,0.0042,-0.4591
261240,종가 15:30,현물+달러금리,2020-02-12,-0.2334,-0.1777,0.0042,-0.1735
261240,종가 15:30,현물+달러금리,2020-02-13,0.2827,0.2798,0.0042,0.284
261240,종가 15:30,현물+달러금리,2020-02-14,0.0972,0.0169,0.0043,0.0212
261240,종가 15:30,현물+달러금리,2020-02-17,0.0,0.0761,0.0127,0.0888
261240,종가 15:30,현물+달러금리,2020-02-18,0.534,0.473,0.0042,0.4773
261240,종가 15:30,현물+달러금리,2020-02-19,0.0,-0.0168,0.0042,-0.0126
261240,종가 15:30,현물+달러금리,2020-02-20,0.763,0.7904,0.0042,0.7947
261240,종가 15:30,현물+달러금리,2020-02-21,0.8531,0.8759,0.0042,0.8802
261240,종가 15:30,현물+달러금리,2020-02-24,0.8934,0.9097,0.0126,0.9224
261240,종가 15:30,현물+달러금리,2020-02-25,-0.7442,-0.8113,0.0041,-0.8073
261240,종가 15:30,현물+달러금리,2020-02-26,0.522,0.5453,0.0041,0.5495
261240,종가 15:30,현물+달러금리,2020-02-27,0.0378,0.0247,0.0041,0.0288
261240,종가 15:30,현물+달러금리,2020-02-28,-0.1793,-0.2875,0.0039,-0.2837
261240,종가 15:30,현물+달러금리,2020-03-02,-1.6924,-1.6479,0.0103,-1.6377
261240,종가 15:30,현물+달러금리,2020-03-03,0.0481,0.1257,0.003,0.1287
261240,종가 15:30,현물+달러금리,2020-03-04,-0.5671,-0.6191,0.0025,-0.6166
261240,종가 15:30,현물+달러금리,2020-03-05,-0.58,-0.5556,0.0019,-0.5537
261240,종가 15:30,현물+달러금리,2020-03-06,0.9627,0.9397,0.0017,0.9414
261240,종가 15:30,현물+달러금리,2020-03-09,1.0498,0.9981,0.0037,1.0018
261240,종가 15:30,현물+달러금리,2020-03-10,-0.9436,-0.9135,0.0009,-0.9126
261240,종가 15:30,현물+달러금리,2020-03-11,0.0481,-0.0168,0.0012,-0.0156
261240,종가 15:30,현물+달러금리,2020-03-12,1.0964,1.1316,0.0011,1.1327
261240,종가 15:30,현물+달러금리,2020-03-13,0.761,1.0609,0.0009,1.0618
261240,종가 15:30,현물+달러금리,2020-03-16,0.8875,0.5495,0.0022,0.5517
261240,종가 15:30,현물+달러금리,2020-03-17,1.385,1.4274,0.0007,1.4281
261240,종가 15:30,현물+달러금리,2020-03-18,0.3692,0.1769,0.0005,0.1774
261240,종가 15:30,현물+달러금리,2020-03-19,3.0991,3.211,0.0001,3.2111
261240,종가 15:30,현물+달러금리,2020-03-20,-3.0506,-3.0489,0.0001,-3.0488
261240,종가 15:30,현물+달러금리,2020-03-23,1.6837,1.6045,0.0004,1.6049
261240,종가 15:30,현물+달러금리,2020-03-24,-1.5201,-1.3344,0.0001,-1.3343
261240,종가 15:30,현물+달러금리,2020-03-25,-1.6446,-1.5765,0.0,-1.5765
261240,종가 15:30,현물+달러금리,2020-03-26,0.4204,0.2358,-0.0001,0.2357
261240,종가 15:30,현물+달러금리,2020-03-27,-1.6558,-1.8008,-0.0001,-1.8009
261240,종가 15:30,현물+달러금리,2020-03-30,1.0783,1.1399,0.0002,1.1402
261240,종가 15:30,현물+달러금리,2020-03-31,-0.4679,-0.5717,0.0003,-0.5714
261240,종가 15:30,현물+달러금리,2020-04-01,1.0718,1.0761,0.0003,1.0764
261240,종가 15:30,현물+달러금리,2020-04-02,-0.2326,-0.1788,0.0002,-0.1785
261240,종가 15:30,현물+달러금리,2020-04-03,0.3263,0.2117,0.0002,0.2119
261240,종가 15:30,현물+달러금리,2020-04-06,-0.1859,-0.13,0.0008,-0.1292
261240,종가 15:30,현물+달러금리,2020-04-07,-0.6425,-0.6589,0.0004,-0.6585
261240,종가 15:30,현물+달러금리,2020-04-08,0.0,-0.0246,0.0004,-0.0242
261240,종가 15:30,현물+달러금리,2020-04-09,-0.0937,-0.1147,0.0006,-0.1141
261240,종가 15:30,현물+달러금리,2020-04-10,-0.9755,-0.8774,0.0007,-0.8767
261240,종가 15:30,현물+달러금리,2020-04-13,0.843,0.7528,0.0021,0.7549
261240,종가 15:30,현물+달러금리,2020-04-14,-0.1879,-0.0493,0.0007,-0.0486
261240,종가 15:30,현물+달러금리,2020-04-16,1.0258,0.9365,0.0011,0.9376
261240,종가 15:30,현물+달러금리,2020-04-17,-0.9688,-0.879,0.0004,-0.8786
261240,종가 15:30,현물+달러금리,2020-04-20,0.2352,0.2135,0.001,0.2145
261240,종가 15:30,현물+달러금리,2020-04-21,0.8352,0.7538,0.0003,0.7541
261240,종가 15:30,현물+달러금리,2020-04-22,0.0931,0.2033,0.0003,0.2036
261240,종가 15:30,현물+달러금리,2020-04-23,-0.186,-0.2029,0.0003,-0.2026
261240,종가 15:30,현물+달러금리,2020-04-24,0.6986,0.4717,0.0003,0.472
261240,종가 15:30,현물+달러금리,2020-04-27,-0.8788,-0.7527,0.001,-0.7518
261240,종가 15:30,현물+달러금리,2020-04-28,-0.0933,-0.0816,0.0003,-0.0812
261240,종가 15:30,현물+달러금리,2020-04-29,-0.411,-0.5713,0.0003,-0.571
261240,종가 15:30,현물+달러금리,2020-05-04,0.7879,0.8948,0.0014,0.8961
261240,종가 15:30,현물+달러금리,2020-05-06,-0.456,-0.5695,0.0007,-0.5688
261240,종가 15:30,현물+달러금리,2020-05-07,0.1309,0.2373,0.0003,0.2376
261240,종가 15:30,현물+달러금리,2020-05-08,-0.4108,-0.4163,0.0003,-0.416
261240,종가 15:30,현물+달러금리,2020-05-11,0.0,0.0492,0.001,0.0502
261240,종가 15:30,현물+달러금리,2020-05-12,0.5063,0.3523,0.0003,0.3526
261240,종가 15:30,현물+달러금리,2020-05-13,-0.1772,-0.0816,0.0004,-0.0813
261240,종가 15:30,현물+달러금리,2020-05-14,0.3177,0.3432,0.0004,0.3436
261240,종가 15:30,현물+달러금리,2020-05-15,0.326,0.2443,0.0003,0.2446
261240,종가 15:30,현물+달러금리,2020-05-18,0.0929,0.1137,0.001,0.1147
261240,종가 15:30,현물+달러금리,2020-05-19,-0.5102,-0.5761,0.0004,-0.5758
261240,종가 15:30,현물+달러금리,2020-05-20,0.2331,0.4081,0.0004,0.4084
261240,종가 15:30,현물+달러금리,2020-05-21,0.093,0.0488,0.0003,0.0491
261240,종가 15:30,현물+달러금리,2020-05-22,0.5483,0.4956,0.0003,0.4959
261240,종가 15:30,현물+달러금리,2020-05-25,0.5546,0.5821,0.001,0.583
261240,종가 15:30,현물+달러금리,2020-05-26,-0.6802,-0.7957,0.0003,-0.7954
261240,종가 15:30,현물+달러금리,2020-05-27,-0.0463,0.0081,0.0004,0.0085
261240,종가 15:30,현물+달러금리,2020-05-28,0.4074,0.4213,0.0004,0.4217
261240,종가 15:30,현물+달러금리,2020-05-29,-0.2305,-0.0887,0.0004,-0.0883
261240,종가 15:30,현물+달러금리,2020-06-01,-1.0075,-1.09,0.0012,-1.0889
261240,종가 15:30,현물+달러금리,2020-06-02,0.0934,0.0327,0.0004,0.033
261240,종가 15:30,현물+달러금리,2020-06-03,-0.7369,-0.7018,0.0004,-0.7014
261240,종가 15:30,현물+달러금리,2020-06-04,0.188,0.1561,0.0004,0.1566
261240,종가 15:30,현물+달러금리,2020-06-05,-0.8817,-0.9518,0.0004,-0.9514
261240,종가 15:30,현물+달러금리,2020-06-08,-0.3312,-0.1905,0.0012,-0.1893
261240,종가 15:30,현물+달러금리,2020-06-09,-0.5602,-0.5893,0.0005,-0.5888
261240,종가 15:30,현물+달러금리,2020-06-10,-0.5252,-0.5427,0.0005,-0.5422
261240,종가 15:30,현물+달러금리,2020-06-11,0.5279,0.4365,0.0005,0.437
261240,종가 15:30,현물+달러금리,2020-06-12,0.5156,0.6185,0.0005,0.619
261240,종가 15:30,현물+달러금리,2020-06-15,1.1304,1.0135,0.0013,1.0148
261240,종가 15:30,현물+달러금리,2020-06-16,-0.7421,-0.7401,0.0005,-0.7396
261240,종가 15:30,현물+달러금리,2020-06-17,0.511,0.5717,0.0005,0.5721
261240,종가 15:30,현물+달러금리,2020-06-18,-0.4143,-0.486,0.0005,-0.4856
261240,종가 15:30,현물+달러금리,2020-06-19,0.0473,0.1325,0.0004,0.1329
261240,종가 15:30,현물+달러금리,2020-06-22,0.5103,0.5126,0.0012,0.5138
261240,종가 15:30,현물+달러금리,2020-06-23,-0.4607,-0.5758,0.0004,-0.5753
261240,종가 15:30,현물+달러금리,2020-06-24,-0.7556,-0.7776,0.0004,-0.7772
261240,종가 15:30,현물+달러금리,2020-06-25,0.3331,0.4419,0.0004,0.4423
261240,종가 15:30,현물+달러금리,2020-06-26,-0.332,-0.3403,0.0004,-0.3399
261240,종가 15:30,현물+달러금리,2020-06-29,-0.0952,-0.1666,0.0012,-0.1654
261240,종가 15:30,현물+달러금리,2020-06-30,0.3334,0.3671,0.0004,0.3675
261240,종가 15:30,현물+달러금리,2020-07-01,0.0475,0.0333,0.0004,0.0337
261240,종가 15:30,현물+달러금리,2020-07-02,-0.3796,-0.2825,0.0004,-0.2822
261240,종가 15:30,현물+달러금리,2020-07-03,-0.0476,-0.1167,0.0004,-0.1163
261240,종가 15:30,현물+달러금리,2020-07-06,-0.2764,-0.2336,0.0012,-0.2325
261240,종가 15:30,현물+달러금리,2020-07-07,0.0,-0.0084,0.0004,-0.008
261240,종가 15:30,현물+달러금리,2020-07-08,-0.0956,-0.0167,0.0004,-0.0163
261240,종가 15:30,현물+달러금리,2020-07-09,0.0478,0.0,0.0004,0.0004
261240,종가 15:30,현물+달러금리,2020-07-10,0.7554,0.7528,0.0004,0.7532
261240,종가 15:30,현물+달러금리,2020-07-13,-0.3322,-0.2989,0.0011,-0.2978
261240,종가 15:30,현물+달러금리,2020-07-14,0.4761,0.3997,0.0004,0.4001
261240,종가 15:30,현물+달러금리,2020-07-15,-0.4265,-0.4313,0.0004,-0.4309
261240,종가 15:30,현물+달러금리,2020-07-16,0.4283,0.4248,0.0004,0.4253
261240,종가 15:30,현물+달러금리,2020-07-17,0.0,-0.0415,0.0003,-0.0412
261240,종가 15:30,현물+달러금리,2020-07-20,-0.2369,-0.1577,0.0009,-0.1568
261240,종가 15:30,현물+달러금리,2020-07-21,-0.418,-0.4488,0.0004,-0.4484
261240,종가 15:30,현물+달러금리,2020-07-22,-0.3339,-0.2087,0.0004,-0.2084
261240,종가 15:30,현물+달러금리,2020-07-23,0.1914,0.1673,0.0004,0.1677
261240,종가 15:30,현물+달러금리,2020-07-24,0.4203,0.3508,0.0003,0.3511
261240,종가 15:30,현물+달러금리,2020-07-27,-0.4661,-0.4494,0.0009,-0.4485
261240,종가 15:30,현물+달러금리,2020-07-28,0.0478,0.0669,0.0003,0.0672
261240,종가 15:30,현물+달러금리,2020-07-29,-0.3344,-0.3175,0.0003,-0.3172
261240,종가 15:30,현물+달러금리,2020-07-30,0.1917,0.109,0.0003,0.1093
261240,종가 15:30,현물+달러금리,2020-07-31,-0.287,-0.2595,0.0002,-0.2593
261240,종가 15:30,현물+달러금리,2020-08-03,0.1919,0.1763,0.0007,0.177
261240,종가 15:30,현물+달러금리,2020-08-04,0.0,0.0587,0.0003,0.0589
261240,종가 15:30,현물+달러금리,2020-08-05,-0.3352,-0.4438,0.0002,-0.4436
261240,종가 15:30,현물+달러금리,2020-08-06,-0.3747,-0.4458,0.0003,-0.4456
261240,종가 15:30,현물+달러금리,2020-08-07,0.0482,0.1014,0.0003,0.1017
261240,종가 15:30,현물+달러금리,2020-08-10,-0.0482,0.076,0.0008,0.0768
261240,종가 15:30,현물+달러금리,2020-08-11,0.0868,0.0,0.0003,0.0003
261240,종가 15:30,현물+달러금리,2020-08-12,-0.0385,-0.0253,0.0003,-0.025
261240,종가 15:30,현물+달러금리,2020-08-13,-0.1446,-0.1687,0.0003,-0.1684
261240,종가 15:30,현물+달러금리,2020-08-14,0.1448,0.1099,0.0003,0.1101
261240,종가 15:30,현물+달러금리,2020-08-18,0.0,-0.076,0.0011,-0.0749
261240,종가 15:30,현물+달러금리,2020-08-19,-0.3374,-0.2112,0.0002,-0.211
261240,종가 15:30,현물+달러금리,2020-08-20,0.5707,0.4826,0.0003,0.4829
261240,종가 15:30,현물+달러금리,2020-08-21,-0.1443,-0.0506,0.0003,-0.0503
261240,종가 15:30,현물+달러금리,2020-08-24,0.2889,0.236,0.0008,0.2369
261240,종가 15:30,현물+달러금리,2020-08-25,-0.3361,-0.3364,0.0003,-0.3361
261240,종가 15:30,현물+달러금리,2020-08-26,0.0482,0.1434,0.0003,0.1437
261240,종가 15:30,현물+달러금리,2020-08-27,-0.0867,-0.1517,0.0003,-0.1514
261240,종가 15:30,현물+달러금리,2020-08-28,-0.1446,-0.0591,0.0003,-0.0588
261240,종가 15:30,현물+달러금리,2020-08-31,0.2799,0.2955,0.0008,0.2964
261240,종가 15:30,현물+달러금리,2020-09-01,-0.231,-0.4041,0.0003,-0.4038
261240,종가 15:30,현물+달러금리,2020-09-02,0.1833,0.2029,0.0003,0.2032
261240,종가 15:30,현물+달러금리,2020-09-03,0.1926,0.2446,0.0003,0.245
261240,종가 15:30,현물+달러금리,2020-09-04,0.0961,0.1094,0.0003,0.1097
261240,종가 15:30,현물+달러금리,2020-09-07,-0.048,-0.1093,0.0009,-0.1084
261240,종가 15:30,현물+달러금리,2020-09-08,-0.1441,-0.1599,0.0003,-0.1596
261240,종가 15:30,현물+달러금리,2020-09-09,0.1924,0.2276,0.0004,0.2279
261240,종가 15:30,현물+달러금리,2020-09-10,-0.3745,-0.3532,0.0003,-0.3529
261240,종가 15:30,현물+달러금리,2020-09-11,0.1832,0.1688,0.0003,0.1691
261240,종가 15:30,현물+달러금리,2020-09-14,-0.2309,-0.2865,0.0009,-0.2856
261240,종가 15:30,현물+달러금리,2020-09-15,-0.434,-0.3802,0.0003,-0.3799
261240,종가 15:30,현물+달러금리,2020-09-16,-0.2422,-0.246,0.0003,-0.2457
261240,종가 15:30,현물+달러금리,2020-09-17,-0.1456,-0.1445,0.0003,-0.1442
261240,종가 15:30,현물+달러금리,2020-09-18,-1.1571,-1.2006,0.0002,-1.2004
261240,종가 15:30,현물+달러금리,2020-09-21,-0.1869,-0.1982,0.0008,-0.1974
261240,종가 15:30,현물+달러금리,2020-09-22,0.5322,0.6045,0.0003,0.6048
261240,종가 15:30,현물+달러금리,2020-09-23,-0.049,-0.0515,0.0003,-0.0512
261240,종가 15:30,현물+달러금리,2020-09-24,0.7749,0.7128,0.0003,0.7131
261240,종가 15:30,현물+달러금리,2020-09-25,0.0,-0.0341,0.0003,-0.0338
261240,종가 15:30,현물+달러금리,2020-09-28,0.0,0.1109,0.0008,0.1117
261240,종가 15:30,현물+달러금리,2020-09-29,-0.2336,-0.3494,0.0003,-0.3491
261240,종가 15:30,현물+달러금리,2020-10-05,-0.5366,-0.5216,0.0015,-0.5201
261240,종가 15:30,현물+달러금리,2020-10-06,-0.2452,-0.2063,0.0003,-0.206
261240,종가 15:30,현물+달러금리,2020-10-07,-0.1868,-0.2412,0.0003,-0.2409
261240,종가 15:30,현물+달러금리,2020-10-08,-0.4433,-0.4231,0.0003,-0.4228
261240,종가 15:30,현물+달러금리,2020-10-12,-0.5838,-0.5636,0.001,-0.5626
261240,종가 15:30,현물+달러금리,2020-10-13,0.0,0.0262,0.0003,0.0264
261240,종가 15:30,현물+달러금리,2020-10-14,-0.0498,-0.0174,0.0003,-0.0171
261240,종가 15:30,현물+달러금리,2020-10-15,-0.249,-0.3226,0.0003,-0.3223
261240,종가 15:30,현물+달러금리,2020-10-16,0.3494,0.3674,0.0003,0.3677
261240,종가 15:30,현물+달러금리,2020-10-19,-0.4477,-0.4706,0.0009,-0.4697
261240,종가 15:30,현물+달러금리,2020-10-20,-0.1999,-0.2277,0.0003,-0.2274
261240,종가 15:30,현물+달러금리,2020-10-21,-0.6909,-0.6582,0.0003,-0.658
261240,종가 15:30,현물+달러금리,2020-10-22,0.1008,0.0883,0.0003,0.0886
261240,종가 15:30,현물+달러금리,2020-10-23,0.1007,0.0,0.0002,0.0002
261240,종가 15:30,현물+달러금리,2020-10-26,-0.7044,-0.459,0.0008,-0.4582
261240,종가 15:30,현물+달러금리,2020-10-27,-0.0507,-0.1951,0.0003,-0.1948
261240,종가 15:30,현물+달러금리,2020-10-28,0.4056,0.4531,0.0003,0.4534
261240,종가 15:30,현물+달러금리,2020-10-29,0.1515,0.0708,0.0003,0.071
261240,종가 15:30,현물+달러금리,2020-10-30,0.1512,0.327,0.0002,0.3273
261240,종가 15:30,현물+달러금리,2020-11-02,0.0503,-0.1321,0.0007,-0.1314
261240,종가 15:30,현물+달러금리,2020-11-03,-0.0503,0.0441,0.0002,0.0444
261240,종가 15:30,현물+달러금리,2020-11-04,0.2416,0.3174,0.0003,0.3177
261240,종가 15:30,현물+달러금리,2020-11-05,-0.6428,-0.835,0.0003,-0.8347
261240,종가 15:30,현물+달러금리,2020-11-06,-0.6975,-0.6914,0.0003,-0.6911
261240,종가 15:30,현물+달러금리,2020-11-09,-0.6616,-0.5801,0.0008,-0.5793
261240,종가 15:30,현물+달러금리,2020-11-10,0.1025,0.1077,0.0003,0.108
261240,종가 15:30,현물+달러금리,2020-11-11,-0.4504,-0.4574,0.0003,-0.4571
261240,종가 15:30,현물+달러금리,2020-11-12,0.5553,0.4324,0.0003,0.4327
261240,종가 15:30,현물+달러금리,2020-11-13,-0.1023,0.0718,0.0003,0.072
261240,종가 15:30,현물+달러금리,2020-11-16,-0.4504,-0.5647,0.0007,-0.564
261240,종가 15:30,현물+달러금리,2020-11-17,-0.3599,-0.2434,0.0002,-0.2432
261240,종가 15:30,현물+달러금리,2020-11-18,-0.0516,-0.253,0.0002,-0.2528
261240,종가 15:30,현물+달러금리,2020-11-19,1.0222,1.069,0.0002,1.0693
261240,종가 15:30,현물+달러금리,2020-11-20,-0.1022,-0.1165,0.0002,-0.1163
261240,종가 15:30,현물+달러금리,2020-11-23,-0.3581,-0.35,0.0006,-0.3494
261240,종가 15:30,현물+달러금리,2020-11-24,0.0513,0.2071,0.0002,0.2074
261240,종가 15:30,현물+달러금리,2020-11-25,-0.2463,-0.3415,0.0002,-0.3413
261240,종가 15:30,현물+달러금리,2020-11-26,-0.463,-0.3878,0.0002,-0.3875
261240,종가 15:30,현물+달러금리,2020-11-27,0.0517,-0.1267,0.0002,-0.1265
261240,종가 15:30,현물+달러금리,2020-11-30,0.2583,0.2991,0.0007,0.2999
261240,종가 15:30,현물+달러금리,2020-12-01,0.0,-0.0271,0.0002,-0.0269
261240,종가 15:30,현물+달러금리,2020-12-02,-0.5667,-0.4882,0.0002,-0.4879
261240,종가 15:30,현물+달러금리,2020-12-03,-0.4041,-0.3452,0.0002,-0.345
261240,종가 15:30,현물+달러금리,2020-12-04,-1.1861,-1.3582,0.0002,-1.358
261240,종가 15:30,현물+달러금리,2020-12-07,-0.1053,0.0,0.0007,0.0007
261240,종가 15:30,현물+달러금리,2020-12-08,0.3057,0.305,0.0002,0.3052
261240,종가 15:30,현물+달러금리,2020-12-09,-0.042,-0.0553,0.0002,-0.055
261240,종가 15:30,현물+달러금리,2020-12-10,0.2523,0.2673,0.0002,0.2676
261240,종가 15:30,현물+달러금리,2020-12-11,0.2097,0.239,0.0002,0.2393
261240,종가 15:30,현물+달러금리,2020-12-14,0.157,0.1376,0.0007,0.1382
261240,종가 15:30,현물+달러금리,2020-12-15,0.0522,0.1374,0.0002,0.1376
261240,종가 15:30,현물+달러금리,2020-12-16,0.1566,0.064,0.0002,0.0642
261240,종가 15:30,현물+달러금리,2020-12-17,-0.0521,-0.064,0.0002,-0.0637
261240,종가 15:30,현물+달러금리,2020-12-18,0.6155,0.5854,0.0002,0.5856
261240,종가 15:30,현물+달러금리,2020-12-21,0.2592,0.2728,0.0007,0.2735
261240,종가 15:30,현물+달러금리,2020-12-22,0.4137,0.4262,0.0002,0.4265
261240,종가 15:30,현물+달러금리,2020-12-23,0.0,0.0452,0.0002,0.0454
261240,종가 15:30,현물+달러금리,2020-12-24,-0.5664,-0.4423,0.0002,-0.442
261240,종가 15:30,현물+달러금리,2020-12-28,-0.4557,-0.5712,0.001,-0.5702
261240,종가 15:30,현물+달러금리,2020-12-29,-0.4682,-0.4194,0.0003,-0.4191
261240,종가 15:30,현물+달러금리,2020-12-30,-0.3659,-0.5311,0.0003,-0.5308
261240,종가 15:30,현물+달러금리,2021-01-04,-0.3567,-0.3866,0.0011,-0.3855
261240,종가 15:30,현물+달러금리,2021-01-05,0.4107,0.5083,0.0002,0.5085
261240,종가 15:30,현물+달러금리,2021-01-06,-0.0524,-0.1839,0.0002,-0.1836
261240,종가 15:30,현물+달러금리,2021-01-07,0.1049,0.1566,0.0002,0.1568
261240,종가 15:30,현물+달러금리,2021-01-08,0.3144,0.2299,0.0002,0.2302
261240,종가 15:30,현물+달러금리,2021-01-11,0.6687,0.6882,0.0007,0.6889
261240,종가 15:30,현물+달러금리,2021-01-12,0.1557,0.2369,0.0002,0.2372
261240,종가 15:30,현물+달러금리,2021-01-13,-0.4041,-0.4364,0.0002,-0.4362
261240,종가 15:30,현물+달러금리,2021-01-14,0.3017,0.2648,0.0002,0.2651
261240,종가 15:30,현물+달러금리,2021-01-15,0.1037,0.1275,0.0002,0.1278
261240,종가 15:30,현물+달러금리,2021-01-18,0.4145,0.4093,0.0007,0.4101
261240,종가 15:30,현물+달러금리,2021-01-19,-0.1032,-0.0906,0.0002,-0.0903
261240,종가 15:30,현물+달러금리,2021-01-20,-0.2066,-0.2357,0.0002,-0.2355
261240,종가 15:30,현물+달러금리,2021-01-21,-0.1553,-0.1909,0.0002,-0.1906
261240,종가 15:30,현물+달러금리,2021-01-22,0.4147,0.4553,0.0002,0.4555
261240,종가 15:30,현물+달러금리,2021-01-25,-0.1549,-0.2266,0.0007,-0.226
261240,종가 15:30,현물+달러금리,2021-01-26,0.4654,0.5269,0.0002,0.5272
261240,종가 15:30,현물+달러금리,2021-01-27,-0.2059,-0.1898,0.0002,-0.1896
261240,종가 15:30,현물+달러금리,2021-01-28,1.4337,1.3763,0.0002,1.3765
261240,종가 15:30,현물+달러금리,2021-01-29,-0.1017,-0.0715,0.0002,-0.0713
261240,종가 15:30,현물+달러금리,2021-02-01,-0.3054,-0.2056,0.0005,-0.2051
261240,종가 15:30,현물+달러금리,2021-02-02,0.0511,0.1075,0.0002,0.1077
261240,종가 15:30,현물+달러금리,2021-02-03,-0.1021,-0.2505,0.0002,-0.2503
261240,종가 15:30,현물+달러금리,2021-02-04,0.3575,0.3229,0.0001,0.323
261240,종가 15:30,현물+달러금리,2021-02-05,0.4479,0.4649,0.0001,0.465
261240,종가 15:30,현물+달러금리,2021-02-08,-0.3445,-0.3649,0.0002,-0.3646
261240,종가 15:30,현물+달러금리,2021-02-09,-0.3051,-0.268,0.0001,-0.2678
261240,종가 15:30,현물+달러금리,2021-02-10,-0.8058,-0.8598,0.0001,-0.8596
261240,종가 15:30,현물+달러금리,2021-02-15,-0.5656,-0.5059,0.0007,-0.5052
261240,종가 15:30,현물+달러금리,2021-02-16,-0.1034,-0.118,0.0001,-0.1179
261240,종가 15:30,현물+달러금리,2021-02-17,0.7246,0.6727,0.0001,0.6728
261240,종가 15:30,현물+달러금리,2021-02-18,0.0,0.009,0.0001,0.0091
261240,종가 15:30,현물+달러금리,2021-02-19,-0.2055,-0.1535,0.0001,-0.1534
261240,종가 15:30,현물+달러금리,2021-02-22,0.2987,0.4069,0.0003,0.4072
261240,종가 15:30,현물+달러금리,2021-02-23,0.154,0.018,0.0001,0.0181
261240,종가 15:30,현물+달러금리,2021-02-24,0.1025,0.1441,0.0001,0.1442
261240,종가 15:30,현물+달러금리,2021-02-25,-0.3482,-0.3956,0.0001,-0.3955
261240,종가 15:30,현물+달러금리,2021-02-26,1.4183,1.4172,0.0001,1.4173
261240,종가 15:30,현물+달러금리,2021-03-02,0.0507,0.0445,0.0004,0.0449
261240,종가 15:30,현물+달러금리,2021-03-03,-0.3039,-0.3292,0.0001,-0.3291
261240,종가 15:30,현물+달러금리,2021-03-04,0.3048,0.4285,0.0001,0.4286
261240,종가 15:30,현물+달러금리,2021-03-05,0.0506,0.0889,0.0001,0.089
261240,종가 15:30,현물+달러금리,2021-03-08,0.7491,0.6305,0.0003,0.6308
261240,종가 15:30,현물+달러금리,2021-03-09,0.6531,0.6265,0.0001,0.6267
261240,종가 15:30,현물+달러금리,2021-03-10,0.1497,0.2105,0.0001,0.2106
261240,종가 15:30,현물+달러금리,2021-03-11,-0.5482,-0.5951,0.0001,-0.595
261240,종가 15:30,현물+달러금리,2021-03-12,-0.3007,-0.1849,0.0001,-0.1848
261240,종가 15:30,현물+달러금리,2021-03-15,0.3519,0.2205,0.0003,0.2208
261240,종가 15:30,현물+달러금리,2021-03-16,-0.6412,-0.5808,0.0001,-0.5807
261240,종가 15:30,현물+달러금리,2021-03-17,0.1008,0.0443,0.0001,0.0443
261240,종가 15:30,현물+달러금리,2021-03-18,-0.6547,-0.5751,0.0001,-0.5751
261240,종가 15:30,현물+달러금리,2021-03-19,0.659,0.614,0.0,0.6141
261240,종가 15:30,현물+달러금리,2021-03-22,-0.1007,-0.1946,0.0001,-0.1945
261240,종가 15:30,현물+달러금리,2021-03-23,0.0,0.1152,0.0001,0.1153
261240,종가 15:30,현물+달러금리,2021-03-24,0.4436,0.3452,0.0,0.3453
261240,종가 15:30,현물+달러금리,2021-03-25,-0.0502,-0.0265,0.0001,-0.0264
261240,종가 15:30,현물+달러금리,2021-03-26,-0.3415,-0.353,0.0001,-0.3529
261240,종가 15:30,현물+달러금리,2021-03-29,0.2419,0.2125,0.0002,0.2127
261240,종가 15:30,현물+달러금리,2021-03-30,0.1508,0.1679,0.0001,0.168
261240,종가 15:30,현물+달러금리,2021-03-31,-0.1907,-0.1588,0.0001,-0.1587
261240,종가 15:30,현물+달러금리,2021-04-01,0.0402,0.0088,0.0001,0.0089
261240,종가 15:30,현물+달러금리,2021-04-02,-0.3921,-0.3887,0.0001,-0.3887
261240,종가 15:30,현물+달러금리,2021-04-05,0.0,0.0177,0.0002,0.0179
261240,종가 15:30,현물+달러금리,2021-04-06,-0.7065,-0.7183,0.0001,-0.7182
261240,종가 15:30,현물+달러금리,2021-04-07,-0.3456,-0.2947,0.0001,-0.2947
261240,종가 15:30,현물+달러금리,2021-04-08,0.153,0.0806,0.0001,0.0807
261240,종가 15:30,현물+달러금리,2021-04-09,0.3463,0.358,0.0,0.3581
261240,종가 15:30,현물+달러금리,2021-04-12,0.3045,0.33,0.0002,0.3302
261240,종가 15:30,현물+달러금리,2021-04-13,0.1012,0.0889,0.0001,0.089
261240,종가 15:30,현물+달러금리,2021-04-14,-0.7985,-0.826,0.0001,-0.8259
261240,종가 15:30,현물+달러금리,2021-04-15,0.0509,0.0896,0.0001,0.0896
261240,종가 15:30,현물+달러금리,2021-04-16,-0.2037,-0.1163,0.0001,-0.1163
261240,종가 15:30,현물+달러금리,2021-04-19,0.1021,0.0806,0.0002,0.0808
261240,종가 15:30,현물+달러금리,2021-04-20,-0.4078,-0.4386,0.0001,-0.4385
261240,종가 15:30,현물+달러금리,2021-04-21,0.563,0.5664,0.0001,0.5665
261240,종가 15:30,현물+달러금리,2021-04-22,-0.1527,-0.1162,0.0001,-0.1161
261240,종가 15:30,현물+달러금리,2021-04-23,0.1019,0.0448,0.0001,0.0448
261240,종가 15:30,현물+달러금리,2021-04-26,-0.4583,-0.4115,0.0002,-0.4113
261240,종가 15:30,현물+달러금리,2021-04-27,-0.2558,-0.2515,0.0001,-0.2514
261240,종가 15:30,현물+달러금리,2021-04-28,0.2564,0.2341,0.0,0.2342
261240,종가 15:30,현물+달러금리,2021-04-29,-0.3581,-0.4313,0.0,-0.4312
261240,종가 15:30,현물+달러금리,2021-04-30,0.2567,0.37,0.0,0.37
261240,종가 15:30,현물+달러금리,2021-05-03,0.9627,1.0519,0.0001,1.052
261240,종가 15:30,현물+달러금리,2021-05-04,-0.1014,-0.1246,0.0001,-0.1244
261240,종가 15:30,현물+달러금리,2021-05-06,0.4062,0.2851,0.0001,0.2852
261240,종가 15:30,현물+달러금리,2021-05-07,-0.4045,-0.3997,0.0001,-0.3997
261240,종가 15:30,현물+달러금리,2021-05-10,-0.6499,-0.6689,0.0002,-0.6687
261240,종가 15:30,현물+달러금리,2021-05-11,0.511,0.5207,0.0001,0.5208
261240,종가 15:30,현물+달러금리,2021-05-12,0.4474,0.4555,0.0,0.4555
261240,종가 15:30,현물+달러금리,2021-05-13,0.4556,0.409,0.0001,0.4091
261240,종가 15:30,현물+달러금리,2021-05-14,-0.1008,-0.062,0.0001,-0.0619
261240,종가 15:30,현물+달러금리,2021-05-17,0.4439,0.5494,0.0001,0.5494
261240,종가 15:30,현물+달러금리,2021-05-18,-0.3917,-0.3789,0.0001,-0.3789
261240,종가 15:30,현물+달러금리,2021-05-20,0.2924,0.1327,0.0001,0.1328
261240,종가 15:30,현물+달러금리,2021-05-21,-0.4926,-0.4417,0.0,-0.4417
261240,종가 15:30,현물+달러금리,2021-05-24,0.0,0.0089,0.0001,0.009
261240,종가 15:30,현물+달러금리,2021-05-25,-0.3536,-0.4525,0.0001,-0.4524
261240,종가 15:30,현물+달러금리,2021-05-26,-0.4968,-0.4545,0.0001,-0.4545
261240,종가 15:30,현물+달러금리,2021-05-27,-0.0509,0.1074,0.0001,0.1075
261240,종가 15:30,현물+달러금리,2021-05-28,-0.1019,-0.2325,0.0001,-0.2325
261240,종가 15:30,현물+달러금리,2021-05-31,-0.3572,-0.4124,0.0001,-0.4123
261240,종가 15:30,현물+달러금리,2021-06-01,-0.4506,-0.4501,0.0,-0.4501
261240,종가 15:30,현물+달러금리,2021-06-02,0.607,0.6691,0.0001,0.6692
261240,종가 15:30,현물+달러금리,2021-06-03,0.1023,0.0269,0.0001,0.027
261240,종가 15:30,현물+달러금리,2021-06-04,0.1532,0.2604,0.0001,0.2605
261240,종가 15:30,현물+달러금리,2021-06-07,-0.306,-0.3224,0.0002,-0.3223
261240,종가 15:30,현물+달러금리,2021-06-08,0.0512,0.1168,0.0001,0.1169
261240,종가 15:30,현물+달러금리,2021-06-09,0.2045,0.1077,0.0001,0.1078
261240,종가 15:30,현물+달러금리,2021-06-10,0.0,0.0359,0.0001,0.0359
261240,종가 15:30,현물+달러금리,2021-06-11,-0.4592,-0.4481,0.0001,-0.448
261240,종가 15:30,현물+달러금리,2021-06-14,0.5639,0.5311,0.0002,0.5314
261240,종가 15:30,현물+달러금리,2021-06-15,0.051,0.0269,0.0001,0.0269
261240,종가 15:30,현물+달러금리,2021-06-16,-0.0509,0.0179,0.0001,0.018
261240,종가 15:30,현물+달러금리,2021-06-17,1.2641,1.1815,0.0001,1.1816
261240,종가 15:30,현물+달러금리,2021-06-18,0.0503,0.1681,0.0001,0.1682
261240,종가 15:30,현물+달러금리,2021-06-21,0.2415,0.212,0.0004,0.2124
261240,종가 15:30,현물+달러금리,2021-06-22,-0.2409,-0.2468,0.0001,-0.2466
261240,종가 15:30,현물+달러금리,2021-06-23,0.4427,0.5124,0.0001,0.5125
261240,종가 15:30,현물+달러금리,2021-06-24,-0.2505,-0.2461,0.0001,-0.246
261240,종가 15:30,현물+달러금리,2021-06-25,-0.4921,-0.6344,0.0001,-0.6343
261240,종가 15:30,현물+달러금리,2021-06-28,0.1514,0.2306,0.0005,0.2311
261240,종가 15:30,현물+달러금리,2021-06-29,-0.1008,-0.1592,0.0001,-0.1591
261240,종가 15:30,현물+달러금리,2021-06-30,-0.2018,-0.2127,0.0001,-0.2126
261240,종가 15:30,현물+달러금리,2021-07-01,0.5458,0.6216,0.0001,0.6218
261240,종가 15:30,현물+달러금리,2021-07-02,0.2011,0.1677,0.0001,0.1678
261240,종가 15:30,현물+달러금리,2021-07-05,-0.291,-0.2819,0.0004,-0.2815
261240,종가 15:30,현물+달러금리,2021-07-06,-0.1509,-0.1855,0.0001,-0.1854
261240,종가 15:30,현물+달러금리,2021-07-07,0.7457,0.7436,0.0001,0.7437
261240,종가 15:30,현물+달러금리,2021-07-08,0.4501,0.6063,0.0001,0.6064
261240,종가 15:30,현물+달러금리,2021-07-09,0.3386,0.3581,0.0002,0.3582
261240,종가 15:30,현물+달러금리,2021-07-12,0.0,-0.1828,0.0005,-0.1823
261240,종가 15:30,현물+달러금리,2021-07-13,-0.1985,-0.1395,0.0001,-0.1394
261240,종가 15:30,현물+달러금리,2021-07-14,0.2983,0.2706,0.0001,0.2708
261240,종가 15:30,현물+달러금리,2021-07-15,-0.6345,-0.6095,0.0002,-0.6093
261240,종가 15:30,현물+달러금리,2021-07-16,-0.1497,-0.1752,0.0001,-0.1751
261240,종가 15:30,현물+달러금리,2021-07-19,0.7395,0.7284,0.0004,0.7288
261240,종가 15:30,현물+달러금리,2021-07-20,0.1984,0.2265,0.0001,0.2267
261240,종가 15:30,현물+달러금리,2021-07-21,0.198,0.3129,0.0001,0.3131
261240,종가 15:30,현물+달러금리,2021-07-22,-0.1976,-0.3553,0.0001,-0.3551
261240,종가 15:30,현물+달러금리,2021-07-23,-0.0495,0.0783,0.0001,0.0784
261240,종가 15:30,현물+달러금리,2021-07-26,0.3962,0.365,0.0004,0.3654
261240,종가 15:30,현물+달러금리,2021-07-27,-0.3453,-0.4242,0.0001,-0.4241
261240,종가 15:30,현물+달러금리,2021-07-28,0.396,0.3913,0.0001,0.3914
261240,종가 15:30,현물+달러금리,2021-07-29,-0.7396,-0.7015,0.0001,-0.7014
261240,종가 15:30,현물+달러금리,2021-07-30,0.3477,0.3314,0.0002,0.3316
261240,종가 15:30,현물+달러금리,2021-08-02,0.0,0.0522,0.0005,0.0527
261240,종가 15:30,현물+달러금리,2021-08-03,-0.1485,-0.2259,0.0001,-0.2258
261240,종가 15:30,현물+달러금리,2021-08-04,-0.4362,-0.4093,0.0001,-0.4092
261240,종가 15:30,현물+달러금리,2021-08-05,0.0,0.0087,0.0001,0.0089
261240,종가 15:30,현물+달러금리,2021-08-06,-0.0996,-0.1399,0.0001,-0.1398
261240,종가 15:30,현물+달러금리,2021-08-09,0.1994,0.1926,0.0005,0.1931
261240,종가 15:30,현물+달러금리,2021-08-10,0.4377,0.4806,0.0002,0.4808
261240,종가 15:30,현물+달러금리,2021-08-11,0.5448,0.574,0.0001,0.5742
261240,종가 15:30,현물+달러금리,2021-08-12,0.3349,0.4151,0.0001,0.4152
261240,종가 15:30,현물+달러금리,2021-08-13,0.5891,0.6717,0.0002,0.6719
261240,종가 15:30,현물+달러금리,2021-08-17,0.7711,0.6245,0.0007,0.6251
261240,종가 15:30,현물+달러금리,2021-08-18,-0.7168,-0.7056,0.0002,-0.7054
261240,종가 15:30,현물+달러금리,2021-08-19,0.6732,0.7021,0.0002,0.7022
261240,종가 15:30,현물+달러금리,2021-08-20,0.2907,0.2891,0.0002,0.2892
261240,종가 15:30,현물+달러금리,2021-08-23,-0.4831,-0.5002,0.0004,-0.4998
261240,종가 15:30,현물+달러금리,2021-08-24,-0.7185,-0.6901,0.0001,-0.69
261240,종가 15:30,현물+달러금리,2021-08-25,0.0489,0.2145,0.0001,0.2146
261240,종가 15:30,현물+달러금리,2021-08-26,0.3421,0.2055,0.0002,0.2056
261240,종가 15:30,현물+달러금리,2021-08-27,-0.0974,-0.1111,0.0001,-0.1109
261240,종가 15:30,현물+달러금리,2021-08-30,-0.2438,-0.1882,0.0004,-0.1878
261240,종가 15:30,현물+달러금리,2021-08-31,-0.6354,-0.6427,0.0001,-0.6425
261240,종가 15:30,현물+달러금리,2021-09-01,-0.1869,-0.1984,0.0001,-0.1983
261240,종가 15:30,현물+달러금리,2021-09-02,0.3844,0.3716,0.0001,0.3717
261240,종가 15:30,현물+달러금리,2021-09-03,-0.4811,-0.3874,0.0001,-0.3873
261240,종가 15:30,현물+달러금리,2021-09-06,0.0,-0.0432,0.0004,-0.0428
261240,종가 15:30,현물+달러금리,2021-09-07,0.1973,0.1124,0.0001,0.1125
261240,종가 15:30,현물+달러금리,2021-09-08,0.7286,0.7687,0.0001,0.7688
261240,종가 15:30,현물+달러금리,2021-09-09,0.2933,0.2143,0.0001,0.2144
261240,종가 15:30,현물+달러금리,2021-09-10,-0.0975,-0.0086,0.0001,-0.0084
261240,종가 15:30,현물+달러금리,2021-09-13,0.6244,0.5902,0.0004,0.5906
261240,종가 15:30,현물+달러금리,2021-09-14,-0.4266,-0.4422,0.0002,-0.442
261240,종가 15:30,현물+달러금리,2021-09-15,-0.0487,-0.0256,0.0001,-0.0255
261240,종가 15:30,현물+달러금리,2021-09-16,0.0877,0.1111,0.0001,0.1112
261240,종가 15:30,현물+달러금리,2021-09-17,0.2433,0.2731,0.0001,0.2732
261240,종가 15:30,현물+달러금리,2021-09-23,0.1456,0.0426,0.0007,0.0432
261240,종가 15:30,현물+달러금리,2021-09-24,0.0485,0.0851,0.0001,0.0852
261240,종가 15:30,현물+달러금리,2021-09-27,-0.1454,0.0255,0.0002,0.0257
261240,종가 15:30,현물+달러금리,2021-09-28,0.7667,0.6458,0.0001,0.6459
261240,종가 15:30,현물+달러금리,2021-09-29,-0.1348,-0.2195,0.0001,-0.2194
261240,종가 15:30,현물+달러금리,2021-09-30,0.135,0.1862,0.0001,0.1863
261240,종가 15:30,현물+달러금리,2021-10-01,0.2889,0.397,0.0001,0.3971
261240,종가 15:30,현물+달러금리,2021-10-05,0.1441,0.0,0.0004,0.0004
261240,종가 15:30,현물+달러금리,2021-10-06,0.3356,0.3029,0.0001,0.303
261240,종가 15:30,현물+달러금리,2021-10-07,-0.2867,-0.1594,0.0001,-0.1592
261240,종가 15:30,현물+달러금리,2021-10-08,0.3355,0.3528,0.0001,0.353
261240,종가 15:30,현물+달러금리,2021-10-12,0.4203,0.3516,0.0005,0.3521
261240,종가 15:30,현물+달러금리,2021-10-13,-0.4186,-0.4171,0.0002,-0.4169
261240,종가 15:30,현물+달러금리,2021-10-14,-0.7165,-0.5864,0.0001,-0.5862
261240,종가 15:30,현물+달러금리,2021-10-15,-0.3753,-0.3707,0.0001,-0.3706
261240,종가 15:30,현물+달러금리,2021-10-18,0.5698,0.4398,0.0004,0.4402
261240,종가 15:30,현물+달러금리,2021-10-19,-0.7587,-0.7494,0.0002,-0.7492
261240,종가 15:30,현물+달러금리,2021-10-20,-0.4838,-0.3818,0.0001,-0.3816
261240,종가 15:30,현물+달러금리,2021-10-21,0.3403,0.2555,0.0001,0.2556
261240,종가 15:30,현물+달러금리,2021-10-22,0.0,-0.0085,0.0002,-0.0083
261240,종가 15:30,현물+달러금리,2021-10-25,-0.8625,-0.7391,0.0005,-0.7386
261240,종가 15:30,현물+달러금리,2021-10-26,-0.0978,-0.0685,0.0002,-0.0683
261240,종가 15:30,현물+달러금리,2021-10-27,0.3425,0.2055,0.0002,0.2057
261240,종가 15:30,현물+달러금리,2021-10-28,0.0,-0.0256,0.0002,-0.0255
261240,종가 15:30,현물+달러금리,2021-10-29,-0.1463,-0.094,0.0002,-0.0939
261240,종가 15:30,현물+달러금리,2021-11-01,0.6738,0.676,0.0004,0.6764
261240,종가 15:30,현물+달러금리,2021-11-02,-0.1455,-0.1785,0.0001,-0.1784
261240,종가 15:30,현물+달러금리,2021-11-03,0.5343,0.6131,0.0001,0.6132
261240,종가 15:30,현물+달러금리,2021-11-04,0.0483,0.0846,0.0001,0.0848
261240,종가 15:30,현물+달러금리,2021-11-05,0.3284,0.2199,0.0001,0.22
261240,종가 15:30,현물+달러금리,2021-11-08,-0.2792,-0.1772,0.0004,-0.1768
261240,종가 15:30,현물+달러금리,2021-11-09,-0.3861,-0.4987,0.0002,-0.4985
261240,종가 15:30,현물+달러금리,2021-11-10,0.2907,0.3143,0.0001,0.3144
261240,종가 15:30,현물+달러금리,2021-11-11,0.0,-0.0085,0.0001,-0.0083
261240,종가 15:30,현물+달러금리,2021-11-12,-0.0966,-0.1016,0.0001,-0.1015
261240,종가 15:30,현물+달러금리,2021-11-15,-0.1934,-0.1017,0.0004,-0.1013
261240,종가 15:30,현물+달러금리,2021-11-16,0.0485,0.1273,0.0001,0.1274
261240,종가 15:30,현물+달러금리,2021-11-17,0.2422,0.2204,0.0001,0.2205
261240,종가 15:30,현물+달러금리,2021-11-18,-0.1933,-0.1776,0.0001,-0.1775
261240,종가 15:30,현물+달러금리,2021-11-19,0.3873,0.4151,0.0001,0.4153
261240,종가 15:30,현물+달러금리,2021-11-22,0.0868,-0.0169,0.0004,-0.0165
261240,종가 15:30,현물+달러금리,2021-11-23,0.3854,0.3882,0.0001,0.3883
261240,종가 15:30,현물+달러금리,2021-11-24,-0.336,-0.269,0.0002,-0.2688
261240,종가 15:30,현물+달러금리,2021-11-25,0.3371,0.3118,0.0002,0.312
261240,종가 15:30,현물+달러금리,2021-11-26,0.192,0.2605,0.0002,0.2606
261240,종가 15:30,현물+달러금리,2021-11-29,0.0479,-0.0251,0.0005,-0.0246
261240,종가 15:30,현물+달러금리,2021-11-30,-0.4309,-0.4275,0.0002,-0.4273
261240,종가 15:30,현물+달러금리,2021-12-01,-0.7598,-0.7324,0.0001,-0.7322
261240,종가 15:30,현물+달러금리,2021-12-02,-0.2423,-0.2799,0.0002,-0.2797
261240,종가 15:30,현물+달러금리,2021-12-03,0.2429,0.3572,0.0001,0.3573
261240,종가 15:30,현물+달러금리,2021-12-06,0.3392,0.2457,0.0005,0.2462
261240,종가 15:30,현물+달러금리,2021-12-07,-0.2415,-0.2959,0.0002,-0.2957
261240,종가 15:30,현물+달러금리,2021-12-08,-0.3389,-0.3052,0.0002,-0.3051
261240,종가 15:30,현물+달러금리,2021-12-09,-0.1943,-0.1191,0.0002,-0.1189
261240,종가 15:30,현물+달러금리,2021-12-10,0.5353,0.579,0.0002,0.5791
261240,종가 15:30,현물+달러금리,2021-12-13,0.0,-0.0423,0.0005,-0.0418
261240,종가 15:30,현물+달러금리,2021-12-14,0.1452,0.1524,0.0001,0.1526
261240,종가 15:30,현물+달러금리,2021-12-15,0.377,0.2199,0.0001,0.22
261240,종가 15:30,현물+달러금리,2021-12-16,-0.183,-0.1097,0.0002,-0.1095
261240,종가 15:30,현물+달러금리,2021-12-17,-0.193,-0.2534,0.0001,-0.2533
261240,종가 15:30,현물+달러금리,2021-12-20,0.8604,0.8383,0.0004,0.8388
261240,종가 15:30,현물+달러금리,2021-12-21,0.0958,0.1764,0.0002,0.1765
261240,종가 15:30,현물+달러금리,2021-12-22,0.0,-0.0754,0.0002,-0.0753
261240,종가 15:30,현물+달러금리,2021-12-23,-0.4309,-0.344,0.0002,-0.3437
261240,종가 15:30,현물+달러금리,2021-12-24,0.0,-0.1094,0.0002,-0.1092
261240,종가 15:30,현물+달러금리,2021-12-27,-0.0481,0.0169,0.0007,0.0175
261240,종가 15:30,현물+달러금리,2021-12-28,0.0481,0.1011,0.0002,0.1013
261240,종가 15:30,현물+달러금리,2021-12-29,0.0481,-0.1263,0.0002,-0.1261
261240,종가 15:30,현물+달러금리,2021-12-30,0.1442,0.1938,0.0001,0.194
261240,종가 15:30,현물+달러금리,2022-01-03,0.288,0.2524,0.0005,0.2529
261240,종가 15:30,현물+달러금리,2022-01-04,0.1436,0.193,0.0002,0.1932
261240,종가 15:30,현물+달러금리,2022-01-05,0.2294,0.2345,0.0002,0.2347
261240,종가 15:30,현물+달러금리,2022-01-06,0.2384,0.3342,0.0002,0.3344
261240,종가 15:30,현물+달러금리,2022-01-07,0.0,0.05,0.0003,0.0502
261240,종가 15:30,현물+달러금리,2022-01-10,-0.0951,-0.1998,0.0008,-0.1989
261240,종가 15:30,현물+달러금리,2022-01-11,-0.3237,-0.3586,0.0004,-0.3582
261240,종가 15:30,현물+달러금리,2022-01-12,-0.4299,-0.3599,0.0003,-0.3596
261240,종가 15:30,현물+달러금리,2022-01-13,-0.1439,-0.252,0.0003,-0.2517
261240,종가 15:30,현물+달러금리,2022-01-14,-0.048,-0.0168,0.0003,-0.0165
261240,종가 15:30,현물+달러금리,2022-01-17,0.3364,0.4548,0.0011,0.4559
261240,종가 15:30,현물+달러금리,2022-01-18,-0.0958,-0.218,0.0004,-0.2176
261240,종가 15:30,현물+달러금리,2022-01-19,0.0479,0.1344,0.0005,0.1349
261240,종가 15:30,현물+달러금리,2022-01-20,0.0479,0.0587,0.0005,0.0592
261240,종가 15:30,현물+달러금리,2022-01-21,0.1916,0.1342,0.0005,0.1347
261240,종가 15:30,현물+달러금리,2022-01-24,0.1434,0.1759,0.0014,0.1773
261240,종가 15:30,현물+달러금리,2022-01-25,0.2769,0.209,0.0005,0.2096
261240,종가 15:30,현물+달러금리,2022-01-26,-0.0952,-0.0751,0.0005,-0.0745
261240,종가 15:30,현물+달러금리,2022-01-27,0.4289,0.4258,0.0005,0.4263
261240,종가 15:30,현물+달러금리,2022-01-28,0.2373,0.2245,0.0005,0.225
261240,종가 15:30,현물+달러금리,2022-02-03,0.0947,0.0747,0.0031,0.0778
261240,종가 15:30,현물+달러금리,2022-02-04,-0.8418,-0.7792,0.0006,-0.7786
261240,종가 15:30,현물+달러금리,2022-02-07,0.2766,0.3091,0.0019,0.311
261240,종가 15:30,현물+달러금리,2022-02-08,-0.1427,-0.2499,0.0008,-0.2491
261240,종가 15:30,현물+달러금리,2022-02-09,-0.181,-0.1002,0.0007,-0.0995
261240,종가 15:30,현물+달러금리,2022-02-10,0.0477,0.0,0.0007,0.0007
261240,종가 15:30,현물+달러금리,2022-02-11,0.2289,0.1672,0.0011,0.1683
261240,종가 15:30,현물+달러금리,2022-02-14,-0.3236,-0.6174,0.003,-0.6144
261240,종가 15:30,현물+달러금리,2022-02-15,0.3246,0.7304,0.0012,0.7317
261240,종가 15:30,현물+달러금리,2022-02-16,-0.2284,-0.1834,0.0011,-0.1822
261240,종가 15:30,현물+달러금리,2022-02-17,0.0382,-0.0418,0.0011,-0.0407
261240,종가 15:30,현물+달러금리,2022-02-18,-0.1812,-0.1002,0.001,-0.0992
261240,종가 15:30,현물+달러금리,2022-02-21,-0.3344,-0.3178,0.0029,-0.3149
261240,종가 15:30,현물+달러금리,2022-02-22,0.1917,0.0503,0.001,0.0513
261240,종가 15:30,현물+달러금리,2022-02-23,0.0478,0.0755,0.0011,0.0765
261240,종가 15:30,현물+달러금리,2022-02-24,0.612,0.7373,0.001,0.7383
261240,종가 15:30,현물+달러금리,2022-02-25,0.0475,-0.0665,0.0009,-0.0656
261240,종가 15:30,현물+달러금리,2022-02-28,0.0475,0.0583,0.0027,0.061
261240,종가 15:30,현물+달러금리,2022-03-02,0.2374,0.3161,0.002,0.3181
261240,종가 15:30,현물+달러금리,2022-03-03,-0.0947,-0.1244,0.0009,-0.1235
261240,종가 15:30,현물+달러금리,2022-03-04,0.749,0.7969,0.001,0.798
261240,종가 15:30,현물+달러금리,2022-03-07,1.214,1.0624,0.0027,1.0652
261240,종가 15:30,현물+달러금리,2022-03-08,0.7345,0.8068,0.001,0.8078
261240,종가 15:30,현물+달러금리,2022-03-10,-0.6369,-0.7033,0.002,-0.7014
261240,종가 15:30,현물+달러금리,2022-03-11,0.1858,0.3012,0.001,0.3023
261240,종가 15:30,현물+달러금리,2022-03-14,0.8252,0.836,0.0032,0.8393
261240,종가 15:30,현물+달러금리,2022-03-15,0.046,0.0402,0.0012,0.0415
261240,종가 15:30,현물+달러금리,2022-03-16,-0.5975,-0.5713,0.0013,-0.57
261240,종가 15:30,현물+달러금리,2022-03-17,-1.646,-1.7318,0.0012,-1.7307
261240,종가 15:30,현물+달러금리,2022-03-18,-0.2351,-0.5518,0.0011,-0.5507
261240,종가 15:30,현물+달러금리,2022-03-21,0.377,0.7204,0.0034,0.7238
261240,종가 15:30,현물+달러금리,2022-03-22,0.1878,0.148,0.0015,0.1495
261240,종가 15:30,현물+달러금리,2022-03-23,-0.328,-0.353,0.0014,-0.3516
261240,종가 15:30,현물+달러금리,2022-03-24,0.3291,0.4119,0.0014,0.4133
261240,종가 15:30,현물+달러금리,2022-03-25,0.0469,0.0,0.0014,0.0014
261240,종가 15:30,현물+달러금리,2022-03-28,0.6463,0.6974,0.0044,0.7018
261240,종가 15:30,현물+달러금리,2022-03-29,-0.5491,-0.6111,0.0016,-0.6095
261240,종가 15:30,현물+달러금리,2022-03-30,-0.8422,-0.8362,0.0015,-0.8347
261240,종가 15:30,현물+달러금리,2022-03-31,0.2359,0.2067,0.0015,0.2082
261240,종가 15:30,현물+달러금리,2022-04-01,0.2354,0.2805,0.0014,0.2819
261240,종가 15:30,현물+달러금리,2022-04-04,-0.1879,-0.0905,0.0043,-0.0862
261240,종가 15:30,현물+달러금리,2022-04-05,-0.0941,-0.14,0.0018,-0.1382
261240,종가 15:30,현물+달러금리,2022-04-06,0.5181,0.4618,0.0018,0.4636
261240,종가 15:30,현물+달러금리,2022-04-07,0.0937,0.0985,0.0018,0.1003
261240,종가 15:30,현물+달러금리,2022-04-08,0.3651,0.4592,0.0019,0.4611
261240,종가 15:30,현물+달러금리,2022-04-11,0.7463,0.653,0.0057,0.6587
261240,종가 15:30,현물+달러금리,2022-04-12,0.2222,0.2514,0.0021,0.2535
261240,종가 15:30,현물+달러금리,2022-04-13,-0.7299,-0.6633,0.002,-0.6613
261240,종가 15:30,현물+달러금리,2022-04-14,-0.2792,-0.2687,0.0021,-0.2667
261240,종가 15:30,현물+달러금리,2022-04-15,0.42,0.4001,0.0021,0.4022
261240,종가 15:30,현물+달러금리,2022-04-18,0.3717,0.3904,0.0064,0.3968
261240,종가 15:30,현물+달러금리,2022-04-19,0.2685,0.2025,0.0022,0.2048
261240,종가 15:30,현물+달러금리,2022-04-20,-0.1755,-0.0647,0.0022,-0.0624
261240,종가 15:30,현물+달러금리,2022-04-21,0.222,0.2346,0.0022,0.2369
261240,종가 15:30,현물+달러금리,2022-04-22,0.1385,0.0081,0.0022,0.0103
261240,종가 15:30,현물+달러금리,2022-04-25,0.8664,0.8716,0.0067,0.8784
261240,종가 15:30,현물+달러금리,2022-04-26,0.0457,0.072,0.0025,0.0746
261240,종가 15:30,현물+달러금리,2022-04-27,1.1326,1.1513,0.0023,1.1536
261240,종가 15:30,현물+달러금리,2022-04-28,0.6684,0.577,0.0022,0.5792
261240,종가 15:30,현물+달러금리,2022-04-29,-1.3278,-1.3045,0.0022,-1.3023
261240,종가 15:30,현물+달러금리,2022-05-02,0.7183,0.7325,0.0068,0.7394
261240,종가 15:30,현물+달러금리,2022-05-03,0.1806,0.2134,0.0025,0.2159
261240,종가 15:30,현물+달러금리,2022-05-04,-0.1352,-0.1183,0.0025,-0.1159
261240,종가 15:30,현물+달러금리,2022-05-06,0.5324,0.5054,0.0048,0.5103
261240,종가 15:30,현물+달러금리,2022-05-09,0.1795,0.1021,0.0069,0.1091
261240,종가 15:30,현물+달러금리,2022-05-10,0.0896,0.1884,0.0025,0.1909
261240,종가 15:30,현물+달러금리,2022-05-11,0.0448,-0.0705,0.0024,-0.0681
261240,종가 15:30,현물+달러금리,2022-05-12,1.1543,1.027,0.0025,1.0295
261240,종가 15:30,현물+달러금리,2022-05-13,-0.5307,-0.3415,0.0026,-0.3389
261240,종가 15:30,현물+달러금리,2022-05-16,-0.0356,-0.0078,0.0083,0.0005
261240,종가 15:30,현물+달러금리,2022-05-17,-0.5338,-0.7087,0.0029,-0.7058
261240,종가 15:30,현물+달러금리,2022-05-18,-0.7513,-0.6588,0.0029,-0.6559
261240,종가 15:30,현물+달러금리,2022-05-19,0.802,0.8764,0.0028,0.8792
261240,종가 15:30,현물+달러금리,2022-05-20,-0.7062,-0.7514,0.0028,-0.7485
261240,종가 15:30,현물+달러금리,2022-05-23,-0.3151,-0.3154,0.0083,-0.3072
261240,종가 15:30,현물+달러금리,2022-05-24,0.1355,0.1661,0.0029,0.1691
261240,종가 15:30,현물+달러금리,2022-05-25,-0.0451,-0.1264,0.0029,-0.1235
261240,종가 15:30,현물+달러금리,2022-05-26,0.1805,0.1898,0.0029,0.1927
261240,종가 15:30,현물+달러금리,2022-05-27,-0.8467,-0.8524,0.0029,-0.8495
261240,종가 15:30,현물+달러금리,2022-05-30,-1.4898,-1.4011,0.0087,-1.3925
261240,종가 15:30,현물+달러금리,2022-05-31,0.0,-0.113,0.0029,-0.1101
261240,종가 15:30,현물+달러금리,2022-06-02,1.1896,1.2043,0.0062,1.2106
261240,종가 15:30,현물+달러금리,2022-06-03,-0.8566,-0.7507,0.0031,-0.7477
261240,종가 15:30,현물+달러금리,2022-06-07,1.3604,1.207,0.0128,1.22
261240,종가 15:30,현물+달러금리,2022-06-08,-0.3537,-0.3101,0.0034,-0.3067
261240,종가 15:30,현물+달러금리,2022-06-09,0.1365,0.2472,0.0034,0.2507
261240,종가 15:30,현물+달러금리,2022-06-10,0.8998,0.9547,0.0035,0.9582
261240,종가 15:30,현물+달러금리,2022-06-13,1.3781,1.19,0.011,1.2012
261240,종가 15:30,현물+달러금리,2022-06-14,0.0444,0.1869,0.0046,0.1916
261240,종가 15:30,현물+달러금리,2022-06-15,0.3552,0.3187,0.0049,0.3236
261240,종가 15:30,현물+달러금리,2022-06-16,-0.3097,-0.3797,0.0046,-0.3751
261240,종가 15:30,현물+달러금리,2022-06-17,0.0888,0.1322,0.0042,0.1365
261240,종가 15:30,현물+달러금리,2022-06-20,0.2217,0.3962,0.013,0.4092
261240,종가 15:30,현물+달러금리,2022-06-21,0.3097,0.0929,0.0043,0.0972
261240,종가 15:30,현물+달러금리,2022-06-22,0.1676,0.286,0.0045,0.2906
261240,종가 15:30,현물+달러금리,2022-06-23,0.3963,0.3469,0.0043,0.3512
261240,종가 15:30,현물+달러금리,2022-06-24,-0.1755,-0.2765,0.0044,-0.2722
261240,종가 15:30,현물+달러금리,2022-06-27,-1.0018,-0.9012,0.0136,-0.8877
261240,종가 15:30,현물+달러금리,2022-06-28,-0.1775,-0.241,0.0048,-0.2362
261240,종가 15:30,현물+달러금리,2022-06-29,1.1472,1.2155,0.0048,1.2204
261240,종가 15:30,현물+달러금리,2022-06-30,0.044,-0.0462,0.0047,-0.0415
261240,종가 15:30,현물+달러금리,2022-07-01,-0.0439,-0.0847,0.0045,-0.0802
261240,종가 15:30,현물+달러금리,2022-07-04,-0.044,-0.0154,0.0136,-0.0018
261240,종가 15:30,현물+달러금리,2022-07-05,0.2199,0.2467,0.0045,0.2513
261240,종가 15:30,현물+달러금리,2022-07-06,0.5705,0.4614,0.0051,0.4666
261240,종가 15:30,현물+달러금리,2022-07-07,-0.5672,-0.4976,0.0051,-0.4925
261240,종가 15:30,현물+달러금리,2022-07-08,0.0439,0.0462,0.0052,0.0513
261240,종가 15:30,현물+달러금리,2022-07-11,0.1755,0.2691,0.0157,0.2849
261240,종가 15:30,현물+달러금리,2022-07-12,0.7356,0.6289,0.0058,0.6348
261240,종가 15:30,현물+달러금리,2022-07-13,-0.3477,-0.3963,0.0059,-0.3904
261240,종가 15:30,현물+달러금리,2022-07-14,0.2181,0.3979,0.0064,0.4043
261240,종가 15:30,현물+달러금리,2022-07-15,1.1229,1.067,0.0064,1.0734
261240,종가 15:30,현물+달러금리,2022-07-18,-0.5509,-0.6561,0.0188,-0.6374
261240,종가 15:30,현물+달러금리,2022-07-19,-0.303,-0.3036,0.0067,-0.297
261240,종가 15:30,현물+달러금리,2022-07-20,-0.1736,-0.0381,0.0067,-0.0313
261240,종가 15:30,현물+달러금리,2022-07-21,-0.2609,-0.3961,0.0067,-0.3894
261240,종가 15:30,현물+달러금리,2022-07-22,0.3488,0.4053,0.0066,0.4119
261240,종가 15:30,현물+달러금리,2022-07-25,0.0869,0.0533,0.0198,0.0731
261240,종가 15:30,현물+달러금리,2022-07-26,-0.3473,-0.4643,0.007,-0.4574
261240,종가 15:30,현물+달러금리,2022-07-27,0.2614,0.4359,0.0068,0.4427
261240,종가 15:30,현물+달러금리,2022-07-28,-0.9472,-1.3097,0.0065,-1.3033
261240,종가 15:30,현물+달러금리,2022-07-29,0.0439,0.2315,0.0064,0.2379
261240,종가 15:30,현물+달러금리,2022-08-01,0.3508,0.3772,0.0192,0.3965
261240,종가 15:30,현물+달러금리,2022-08-02,0.0437,0.0537,0.0068,0.0605
261240,종가 15:30,현물+달러금리,2022-08-03,0.428,0.4292,0.0068,0.436
261240,종가 15:30,현물+달러금리,2022-08-04,0.0,-0.0153,0.0067,-0.0086
261240,종가 15:30,현물+달러금리,2022-08-05,-0.861,-0.9007,0.0066,-0.8942
261240,종가 15:30,현물+달러금리,2022-08-08,0.5615,0.6239,0.0204,0.6444
261240,종가 15:30,현물+달러금리,2022-08-09,-0.0785,-0.1378,0.007,-0.1308
261240,종가 15:30,현물+달러금리,2022-08-10,0.4715,0.4446,0.0071,0.4517
261240,종가 15:30,현물+달러금리,2022-08-11,-0.5561,-0.5647,0.007,-0.5577
261240,종가 15:30,현물+달러금리,2022-08-12,-0.0874,-0.046,0.0069,-0.0391
261240,종가 15:30,현물+달러금리,2022-08-16,0.516,0.4377,0.0277,0.4655
261240,종가 15:30,현물+달러금리,2022-08-17,0.0,0.1682,0.0072,0.1753
261240,종가 15:30,현물+달러금리,2022-08-18,0.8179,0.7937,0.0071,0.8009
261240,종가 15:30,현물+달러금리,2022-08-19,0.4747,0.3937,0.0072,0.4009
261240,종가 15:30,현물+달러금리,2022-08-22,1.0651,1.0483,0.0217,1.0703
261240,종가 15:30,현물+달러금리,2022-08-23,0.4589,0.4254,0.0075,0.433
261240,종가 15:30,현물+달러금리,2022-08-24,-0.1692,-0.2527,0.0074,-0.2453
261240,종가 15:30,현물+달러금리,2022-08-25,-0.6271,-0.5141,0.0075,-0.5067
261240,종가 15:30,현물+달러금리,2022-08-26,-0.2558,-0.2921,0.0076,-0.2845
261240,종가 15:30,현물+달러금리,2022-08-29,1.4022,1.4347,0.0228,1.4579
261240,종가 15:30,현물+달러금리,2022-08-30,-0.2108,-0.274,0.0079,-0.2661
261240,종가 15:30,현물+달러금리,2022-08-31,-0.583,-0.6757,0.0079,-0.6679
261240,종가 15:30,현물+달러금리,2022-09-01,1.1304,1.2934,0.0079,1.3013
261240,종가 15:30,현물+달러금리,2022-09-02,0.6303,0.5683,0.0079,0.5762
261240,종가 15:30,현물+달러금리,2022-09-05,0.7433,0.6458,0.0234,0.6694
261240,종가 15:30,현물+달러금리,2022-09-06,-0.0414,0.0219,0.0078,0.0297
261240,종가 15:30,현물+달러금리,2022-09-07,1.0698,0.9113,0.0081,0.9195
261240,종가 15:30,현물+달러금리,2022-09-08,-0.4103,-0.2456,0.0082,-0.2375
261240,종가 15:30,현물+달러금리,2022-09-13,-0.4037,-0.5214,0.0407,-0.481
261240,종가 15:30,현물+달러금리,2022-09-14,1.1416,1.2595,0.0087,1.2683
261240,종가 15:30,현물+달러금리,2022-09-15,0.3681,0.2013,0.0086,0.2099
261240,종가 15:30,현물+달러금리,2022-09-16,-0.3667,-0.409,0.0085,-0.4005
261240,종가 15:30,현물+달러금리,2022-09-19,0.2863,0.4035,0.0255,0.429
261240,종가 15:30,현물+달러금리,2022-09-20,-0.2447,-0.2942,0.009,-0.2852
261240,종가 15:30,현물+달러금리,2022-09-21,0.4088,0.3383,0.0089,0.3472
261240,종가 15:30,현물+달러금리,2022-09-22,1.2133,1.1117,0.0088,1.1206
261240,종가 15:30,현물+달러금리,2022-09-23,-0.2816,-0.0284,0.0087,-0.0196
261240,종가 15:30,현물+달러금리,2022-09-26,1.6781,1.5611,0.0256,1.5871
261240,종가 15:30,현물+달러금리,2022-09-27,-0.6268,-0.6847,0.009,-0.6757
261240,종가 15:30,현물+달러금리,2022-09-28,1.2217,1.2944,0.0089,1.3035
261240,종가 15:30,현물+달러금리,2022-09-29,-0.0789,-0.0694,0.009,-0.0604
261240,종가 15:30,현물+달러금리,2022-09-30,-0.5052,-0.6046,0.0089,-0.5958
261240,종가 15:30,현물+달러금리,2022-10-04,-0.5475,-0.2587,0.0353,-0.2235
261240,종가 15:30,현물+달러금리,2022-10-05,-0.9494,-1.1497,0.0091,-1.1407
261240,종가 15:30,현물+달러금리,2022-10-06,-0.5236,-0.5461,0.0091,-0.537
261240,종가 15:30,현물+달러금리,2022-10-07,0.8016,0.7131,0.0091,0.7222
261240,종가 15:30,현물+달러금리,2022-10-11,1.5985,1.6143,0.0363,1.6511
261240,종가 15:30,현물+달러금리,2022-10-12,-0.7906,-0.7177,0.0097,-0.7081
261240,종가 15:30,현물+달러금리,2022-10-13,0.4383,0.4492,0.0098,0.459
261240,종가 15:30,현물+달러금리,2022-10-14,-0.1984,-0.1956,0.01,-0.1857
261240,종가 15:30,현물+달러금리,2022-10-17,0.5565,0.476,0.03,0.5062
261240,종가 15:30,현물+달러금리,2022-10-18,-0.9013,-0.8779,0.0105,-0.8675
261240,종가 15:30,현물+달러금리,2022-10-19,0.2713,0.246,0.0107,0.2567
261240,종가 15:30,현물+달러금리,2022-10-20,0.4376,0.4978,0.0107,0.5086
261240,종가 15:30,현물+달러금리,2022-10-21,0.5862,0.4535,0.0107,0.4643
261240,종가 15:30,현물+달러금리,2022-10-24,-0.1181,-0.0069,0.0321,0.0251
261240,종가 15:30,현물+달러금리,2022-10-25,-0.3469,-0.4584,0.011,-0.4475
261240,종가 15:30,현물+달러금리,2022-10-26,-0.5934,-0.4536,0.0109,-0.4427
261240,종가 15:30,현물+달러금리,2022-10-27,-0.589,-0.6729,0.0108,-0.6622
261240,종가 15:30,현물+달러금리,2022-10-28,0.2802,0.3176,0.0108,0.3284
261240,종가 15:30,현물+달러금리,2022-10-31,0.1916,0.197,0.0328,0.2298
261240,종가 15:30,현물+달러금리,2022-11-01,-0.51,-0.4985,0.0111,-0.4874
261240,종가 15:30,현물+달러금리,2022-11-02,0.1602,0.0141,0.0111,0.0252
261240,종가 15:30,현물+달러금리,2022-11-03,0.3919,0.4515,0.0111,0.4626
261240,종가 15:30,현물+달러금리,2022-11-04,-0.3505,-0.3231,0.0111,-0.312
261240,종가 15:30,현물+달러금리,2022-11-07,-1.2311,-1.2683,0.033,-1.2357
261240,종가 15:30,현물+달러금리,2022-11-08,-1.3193,-1.1633,0.0113,-1.1521
261240,종가 15:30,현물+달러금리,2022-11-09,-1.2631,-1.4514,0.0112,-1.4403
261240,종가 15:30,현물+달러금리,2022-11-10,0.8224,0.9305,0.0113,0.9419
261240,종가 15:30,현물+달러금리,2022-11-11,-4.1608,-4.2904,0.0112,-4.2797
261240,종가 15:30,현물+달러금리,2022-11-14,0.6362,0.5689,0.0336,0.6027
261240,종가 15:30,현물+달러금리,2022-11-15,-0.6749,-0.626,0.0114,-0.6147
261240,종가 15:30,현물+달러금리,2022-11-16,0.5934,0.5616,0.0113,0.573
261240,종가 15:30,현물+달러금리,2022-11-17,0.9747,1.0642,0.0113,1.0756
261240,종가 15:30,현물+달러금리,2022-11-18,0.0423,0.0896,0.0113,0.1009
261240,종가 15:30,현물+달러금리,2022-11-21,1.3034,1.0744,0.0341,1.1089
261240,종가 15:30,현물+달러금리,2022-11-22,0.0,0.1403,0.0116,0.1519
261240,종가 15:30,현물+달러금리,2022-11-23,-0.3342,-0.3538,0.0115,-0.3423
261240,종가 15:30,현물+달러금리,2022-11-24,-1.7436,-1.7458,0.0115,-1.7345
261240,종가 15:30,현물+달러금리,2022-11-25,-0.2133,-0.3388,0.0115,-0.3273
261240,종가 15:30,현물+달러금리,2022-11-28,1.2312,1.2465,0.0347,1.2816
261240,종가 15:30,현물+달러금리,2022-11-29,-0.9628,-1.0148,0.0118,-1.0031
261240,종가 15:30,현물+달러금리,2022-11-30,-0.5884,-0.588,0.0117,-0.5763
261240,종가 15:30,현물+달러금리,2022-12-01,-1.4927,-1.4483,0.0117,-1.4368
261240,종가 15:30,현물+달러금리,2022-12-02,0.0435,0.0154,0.0116,0.027
261240,종가 15:30,현물+달러금리,2022-12-05,-0.6006,-0.5616,0.0347,-0.5271
261240,종가 15:30,현물+달러금리,2022-12-06,2.0842,2.0269,0.0117,2.0389
261240,종가 15:30,현물+달러금리,2022-12-07,0.2488,0.2199,0.0117,0.2316
261240,종가 15:30,현물+달러금리,2022-12-08,-0.2054,-0.2799,0.0115,-0.2685
261240,종가 15:30,현물+달러금리,2022-12-09,-1.3634,-1.2671,0.0114,-1.2558
261240,종가 15:30,현물+달러금리,2022-12-12,0.4347,0.4534,0.0344,0.488
261240,종가 15:30,현물+달러금리,2022-12-13,-0.2597,-0.0918,0.0118,-0.0801
261240,종가 15:30,현물+달러금리,2022-12-14,-0.4339,-0.7427,0.0117,-0.7311
261240,종가 15:30,현물+달러금리,2022-12-15,0.3922,0.5246,0.0116,0.5362
261240,종가 15:30,현물+달러금리,2022-12-16,0.2171,0.1765,0.0116,0.1881
261240,종가 15:30,현물+달러금리,2022-12-19,-0.1299,-0.1915,0.0345,-0.1571
261240,종가 15:30,현물+달러금리,2022-12-20,-0.8588,-1.0208,0.0117,-1.0092
261240,종가 15:30,현물+달러금리,2022-12-21,-0.525,-0.3024,0.0116,-0.2908
261240,종가 15:30,현물+달러금리,2022-12-22,-0.7828,-0.7389,0.0116,-0.7274
261240,종가 15:30,현물+달러금리,2022-12-23,0.4433,0.3604,0.0116,0.3721
261240,종가 15:30,현물+달러금리,2022-12-26,-0.4413,-0.4685,0.0348,-0.4339
261240,종가 15:30,현물+달러금리,2022-12-27,-0.133,-0.2667,0.0116,-0.2552
261240,종가 15:30,현물+달러금리,2022-12-28,-0.2574,-0.3461,0.0119,-0.3342
261240,종가 15:30,현물+달러금리,2022-12-29,-0.3115,-0.1973,0.0119,-0.1854
261240,종가 15:30,현물+달러금리,2023-01-02,0.616,0.6406,0.0476,0.6884
261240,종가 15:30,현물+달러금리,2023-01-03,-0.1331,-0.1257,0.0118,-0.114
261240,종가 15:30,현물+달러금리,2023-01-04,0.1777,0.0551,0.0121,0.0671
261240,종가 15:30,현물+달러금리,2023-01-05,-0.2661,-0.1809,0.0121,-0.1688
261240,종가 15:30,현물+달러금리,2023-01-06,0.0445,-0.063,0.0124,-0.0507
261240,종가 15:30,현물+달러금리,2023-01-09,-1.8933,-1.9786,0.0371,-1.9422
261240,종가 15:30,현물+달러금리,2023-01-10,-0.0453,0.0965,0.0125,0.109
261240,종가 15:30,현물+달러금리,2023-01-11,0.0906,0.1205,0.0125,0.133
261240,종가 15:30,현물+달러금리,2023-01-12,0.0,-0.0321,0.0125,-0.0196
261240,종가 15:30,현물+달러금리,2023-01-13,-0.1721,-0.3612,0.0123,-0.3489
261240,종가 15:30,현물+달러금리,2023-01-16,-0.499,-0.4834,0.0371,-0.4465
261240,종가 15:30,현물+달러금리,2023-01-17,0.3191,0.2752,0.0124,0.2876
261240,종가 15:30,현물+달러금리,2023-01-18,-0.0909,-0.1049,0.0125,-0.0925
261240,종가 15:30,현물+달러금리,2023-01-19,-0.4548,-0.4283,0.0124,-0.4159
261240,종가 15:30,현물+달러금리,2023-01-20,0.2285,0.276,0.0125,0.2885
261240,종가 15:30,현물+달러금리,2023-01-25,-0.1823,-0.3076,0.0626,-0.2452
261240,종가 15:30,현물+달러금리,2023-01-26,-0.1827,-0.0812,0.0125,-0.0687
261240,종가 15:30,현물+달러금리,2023-01-27,0.0915,0.0488,0.0125,0.0612
261240,종가 15:30,현물+달러금리,2023-01-30,-0.2194,-0.3167,0.0376,-0.2793
261240,종가 15:30,현물+달러금리,2023-01-31,0.3573,0.3666,0.0126,0.3793
261240,종가 15:30,현물+달러금리,2023-02-01,0.0,-0.0487,0.0125,-0.0362
261240,종가 15:30,현물+달러금리,2023-02-02,-1.0408,-0.8934,0.0124,-0.881
261240,종가 15:30,현물+달러금리,2023-02-03,0.9134,0.7457,0.0124,0.7582
261240,종가 15:30,현물+달러금리,2023-02-06,1.9473,1.9034,0.0376,1.9416
261240,종가 15:30,현물+달러금리,2023-02-07,0.2242,0.1996,0.0126,0.2122
261240,종가 15:30,현물+달러금리,2023-02-08,0.3579,0.3824,0.0126,0.395
261240,종가 15:30,현물+달러금리,2023-02-09,-0.0446,0.0238,0.0126,0.0364
261240,종가 15:30,현물+달러금리,2023-02-10,0.4371,0.3808,0.0127,0.3936
261240,종가 15:30,현물+달러금리,2023-02-13,0.9236,0.9564,0.0383,0.995
261240,종가 15:30,현물+달러금리,2023-02-14,-0.6072,-0.6185,0.0128,-0.6057
261240,종가 15:30,현물+달러금리,2023-02-15,1.1421,1.0084,0.0128,1.0213
261240,종가 15:30,현물+달러금리,2023-02-16,0.1313,0.2028,0.0128,0.2156
261240,종가 15:30,현물+달러금리,2023-02-17,1.2064,1.1441,0.0129,1.1572
261240,종가 15:30,현물+달러금리,2023-02-20,-0.3801,-0.3848,0.0386,-0.3463
261240,종가 15:30,현물+달러금리,2023-02-21,-0.0434,0.1081,0.0129,0.121
261240,종가 15:30,현물+달러금리,2023-02-22,0.7287,0.6945,0.0129,0.7075
261240,종가 15:30,현물+달러금리,2023-02-23,-0.5081,-0.5977,0.0129,-0.5849
261240,종가 15:30,현물+달러금리,2023-02-24,0.5972,0.5936,0.0129,0.6066
261240,종가 15:30,현물+달러금리,2023-02-27,1.3681,1.3948,0.0388,1.4342
261240,종가 15:30,현물+달러금리,2023-02-28,0.1188,-0.0302,0.013,-0.0173
261240,종가 15:30,현물+달러금리,2023-03-02,-0.7122,-0.5519,0.0259,-0.5262
261240,종가 15:30,현물+달러금리,2023-03-03,-1.0588,-1.0416,0.013,-1.0287
261240,종가 15:30,현물+달러금리,2023-03-06,-0.1726,-0.3611,0.039,-0.3223
261240,종가 15:30,현물+달러금리,2023-03-07,0.0865,0.1928,0.013,0.2058
261240,종가 15:30,현물+달러금리,2023-03-08,1.5894,1.6931,0.0133,1.7067
261240,종가 15:30,현물+달러금리,2023-03-09,0.2466,0.0605,0.0134,0.0739
261240,종가 15:30,현물+달러금리,2023-03-10,0.1272,0.1513,0.0133,0.1646
261240,종가 15:30,현물+달러금리,2023-03-13,-1.762,-1.6916,0.0397,-1.6526
261240,종가 15:30,현물+달러금리,2023-03-14,0.7243,0.7144,0.0129,0.7274
261240,종가 15:30,현물+달러금리,2023-03-15,-0.3339,-0.5644,0.0129,-0.5516
261240,종가 15:30,현물+달러금리,2023-03-16,0.5497,0.7134,0.0126,0.726
261240,종가 15:30,현물+달러금리,2023-03-17,-0.5467,-0.8225,0.0125,-0.8101
261240,종가 15:30,현물+달러금리,2023-03-20,0.5068,0.6374,0.0358,0.6734
261240,종가 15:30,현물+달러금리,2023-03-21,0.0427,0.0534,0.0127,0.0662
261240,종가 15:30,현물+달러금리,2023-03-22,-0.2904,-0.2669,0.0127,-0.2543
261240,종가 15:30,현물+달러금리,2023-03-23,-2.0391,-2.2482,0.0127,-2.2358
261240,종가 15:30,현물+달러금리,2023-03-24,0.997,1.2517,0.0125,1.2643
261240,종가 15:30,현물+달러금리,2023-03-27,0.6841,0.5563,0.0376,0.5941
261240,종가 15:30,현물+달러금리,2023-03-28,-0.172,-0.2075,0.013,-0.1945
261240,종가 15:30,현물+달러금리,2023-03-29,0.3446,0.3003,0.0127,0.313
261240,종가 15:30,현물+달러금리,2023-03-30,-0.2146,-0.284,0.0127,-0.2713
261240,종가 15:30,현물+달러금리,2023-03-31,0.0,0.2232,0.0132,0.2364
261240,종가 15:30,현물+달러금리,2023-04-03,1.4886,1.1214,0.0385,1.1603
261240,종가 15:30,현물+달러금리,2023-04-04,-0.1187,-0.0532,0.0131,-0.0401
261240,종가 15:30,현물+달러금리,2023-04-05,-0.5093,-0.4028,0.013,-0.3899
261240,종가 15:30,현물+달러금리,2023-04-06,0.5887,0.6562,0.0129,0.6693
261240,종가 15:30,현물+달러금리,2023-04-07,-0.1187,-0.1819,0.0131,-0.1689
261240,종가 15:30,현물+달러금리,2023-04-10,0.2463,0.2278,0.0395,0.2675
261240,종가 15:30,현물+달러금리,2023-04-11,0.2118,0.1894,0.0135,0.203
261240,종가 15:30,현물+달러금리,2023-04-12,0.2536,0.2647,0.0134,0.2781
261240,종가 15:30,현물+달러금리,2023-04-13,-0.8769,-1.1541,0.0133,-1.1409
261240,종가 15:30,현물+달러금리,2023-04-14,-0.9697,-0.8776,0.0136,-0.8642
261240,종가 15:30,현물+달러금리,2023-04-17,1.0222,0.9393,0.0409,0.9806
261240,종가 15:30,현물+달러금리,2023-04-18,0.3741,0.572,0.0139,0.586
261240,종가 15:30,현물+달러금리,2023-04-19,0.72,0.5384,0.0138,0.5523
261240,종가 15:30,현물+달러금리,2023-04-20,-0.3364,-0.2188,0.0137,-0.2051
261240,종가 15:30,현물+달러금리,2023-04-21,0.4135,0.4082,0.0136,0.4219
261240,종가 15:30,현물+달러금리,2023-04-24,0.5883,0.4969,0.0409,0.538
261240,종가 15:30,현물+달러금리,2023-04-25,0.0,-0.1948,0.0138,-0.181
261240,종가 15:30,현물+달러금리,2023-04-26,0.0835,0.3078,0.0136,0.3214
261240,종가 15:30,현물+달러금리,2023-04-27,0.167,0.1272,0.0137,0.1409
261240,종가 15:30,현물+달러금리,2023-04-28,0.1167,-0.0224,0.0138,-0.0086
261240,종가 15:30,현물+달러금리,2023-05-02,0.2081,0.3289,0.0542,0.3833
261240,종가 15:30,현물+달러금리,2023-05-03,-0.2492,-0.2906,0.0139,-0.2767
261240,종가 15:30,현물+달러금리,2023-05-04,-0.9827,-1.1508,0.0139,-1.137
261240,종가 15:30,현물+달러금리,2023-05-08,-0.0841,-0.1058,0.0559,-0.05
261240,종가 15:30,현물+달러금리,2023-05-09,0.202,0.1892,0.0141,0.2033
261240,종가 15:30,현물+달러금리,2023-05-10,0.042,0.068,0.0141,0.082
261240,종가 15:30,현물+달러금리,2023-05-11,0.126,0.1132,0.0139,0.1272
261240,종가 15:30,현물+달러금리,2023-05-12,0.7883,0.6183,0.0138,0.6322
261240,종가 15:30,현물+달러금리,2023-05-15,0.0416,0.1873,0.0418,0.2292
261240,종가 15:30,현물+달러금리,2023-05-16,0.2911,0.1197,0.0139,0.1336
261240,종가 15:30,현물+달러금리,2023-05-17,-0.1244,-0.1046,0.0139,-0.0907
261240,종가 15:30,현물+달러금리,2023-05-18,-0.1661,-0.2243,0.014,-0.2104
261240,종가 15:30,현물+달러금리,2023-05-19,-0.5739,-0.5621,0.0141,-0.5481
261240,종가 15:30,현물+달러금리,2023-05-22,-0.5772,-0.6482,0.0421,-0.6064
261240,종가 15:30,현물+달러금리,2023-05-23,-0.4628,-0.4097,0.0144,-0.3954
261240,종가 15:30,현물+달러금리,2023-05-24,0.2536,0.358,0.0142,0.3723
261240,종가 15:30,현물+달러금리,2023-05-25,0.7926,0.6528,0.0143,0.6672
261240,종가 15:30,현물+달러금리,2023-05-26,-0.0837,-0.1131,0.0143,-0.0989
261240,종가 15:30,현물+달러금리,2023-05-30,0.0,0.0302,0.0565,0.0868
261240,종가 15:30,현물+달러금리,2023-05-31,0.1256,0.1736,0.0145,0.1881
261240,종가 15:30,현물+달러금리,2023-06-01,-0.3763,-0.4219,0.0144,-0.4076
261240,종가 15:30,현물+달러금리,2023-06-02,-1.2422,-1.2031,0.0144,-1.1889
261240,종가 15:30,현물+달러금리,2023-06-05,0.3315,0.1838,0.043,0.2269
261240,종가 15:30,현물+달러금리,2023-06-07,-0.3304,-0.3287,0.0285,-0.3003
261240,종가 15:30,현물+달러금리,2023-06-08,0.085,-0.0077,0.0141,0.0065
261240,종가 15:30,현물+달러금리,2023-06-09,-0.8832,-0.9358,0.014,-0.9219
261240,종가 15:30,현물+달러금리,2023-06-12,-0.3427,-0.2478,0.042,-0.2059
261240,종가 15:30,현물+달러금리,2023-06-13,-1.238,-1.3118,0.0141,-1.2979
261240,종가 15:30,현물+달러금리,2023-06-14,0.5658,0.5584,0.014,0.5725
261240,종가 15:30,현물+달러금리,2023-06-15,0.1645,0.1564,0.014,0.1704
261240,종가 15:30,현물+달러금리,2023-06-16,-0.6395,-0.6716,0.0139,-0.6578
261240,종가 15:30,현물+달러금리,2023-06-19,0.6436,0.7941,0.0418,0.8363
261240,종가 15:30,현물+달러금리,2023-06-20,0.0432,-0.1326,0.0139,-0.1187
261240,종가 15:30,현물+달러금리,2023-06-21,0.8206,0.9138,0.0141,0.9281
261240,종가 15:30,현물+달러금리,2023-06-22,0.2913,0.2245,0.0141,0.2386
261240,종가 15:30,현물+달러금리,2023-06-23,0.6749,0.7182,0.0141,0.7324
261240,종가 15:30,현물+달러금리,2023-06-26,0.1697,0.161,0.0423,0.2034
261240,종가 15:30,현물+달러금리,2023-06-27,-0.288,-0.4593,0.0144,-0.445
261240,종가 15:30,현물+달러금리,2023-06-28,0.4588,0.5383,0.0142,0.5526
261240,종가 15:30,현물+달러금리,2023-06-29,0.7526,0.7879,0.0142,0.8022
261240,종가 15:30,현물+달러금리,2023-06-30,0.1679,0.0076,0.0142,0.0218
261240,종가 15:30,현물+달러금리,2023-07-03,-0.662,-0.7361,0.0425,-0.694
261240,종가 15:30,현물+달러금리,2023-07-04,-0.4218,-0.5046,0.0143,-0.4904
261240,종가 15:30,현물+달러금리,2023-07-05,-0.288,-0.2152,0.0143,-0.2009
261240,종가 15:30,현물+달러금리,2023-07-06,0.2464,0.1771,0.0143,0.1914
261240,종가 15:30,현물+달러금리,2023-07-07,0.1271,0.3152,0.0143,0.3295
261240,종가 15:30,현물+달러금리,2023-07-10,0.127,0.1149,0.0429,0.1579
261240,종가 15:30,현물+달러금리,2023-07-11,-0.9637,-0.9797,0.0144,-0.9655
261240,종가 15:30,현물+달러금리,2023-07-12,-0.2134,-0.3865,0.0144,-0.3722
261240,종가 15:30,현물+달러금리,2023-07-13,-1.0179,-1.1407,0.0144,-1.1265
261240,종가 15:30,현물+달러금리,2023-07-14,-0.8987,-0.6436,0.0144,-0.6294
261240,종가 15:30,현물+달러금리,2023-07-17,0.3052,0.0632,0.0432,0.1064
261240,종가 15:30,현물+달러금리,2023-07-18,-0.4694,-0.4895,0.0144,-0.4752
261240,종가 15:30,현물+달러금리,2023-07-19,0.2096,0.4126,0.0144,0.427
261240,종가 15:30,현물+달러금리,2023-07-20,0.5665,0.3398,0.0144,0.3542
261240,종가 15:30,현물+달러금리,2023-07-21,0.858,1.0631,0.0144,1.0776
261240,종가 15:30,현물+달러금리,2023-07-24,-0.043,-0.2727,0.0433,-0.2295
261240,종가 15:30,현물+달러금리,2023-07-25,-0.3439,-0.3516,0.0145,-0.3372
261240,종가 15:30,현물+달러금리,2023-07-26,0.0,-0.0706,0.0145,-0.0561
261240,종가 15:30,현물+달러금리,2023-07-27,0.0863,0.2511,0.0145,0.2656
261240,종가 15:30,현물+달러금리,2023-07-28,-0.0431,-0.0548,0.0145,-0.0403
261240,종가 15:30,현물+달러금리,2023-07-31,-0.2156,-0.1879,0.0434,-0.1446
261240,종가 15:30,현물+달러금리,2023-08-01,0.8642,0.7218,0.0145,0.7364
261240,종가 15:30,현물+달러금리,2023-08-02,1.1823,1.145,0.0144,1.1596
261240,종가 15:30,현물+달러금리,2023-08-03,0.0423,0.0462,0.0144,0.0607
261240,종가 15:30,현물+달러금리,2023-08-04,0.7533,0.8236,0.0144,0.8382
261240,종가 15:30,현물+달러금리,2023-08-07,-0.2436,-0.2749,0.0434,-0.2316
261240,종가 15:30,현물+달러금리,2023-08-08,0.7916,0.7273,0.0145,0.7419
261240,종가 15:30,현물+달러금리,2023-08-09,0.0,0.0,0.0145,0.0145
261240,종가 15:30,현물+달러금리,2023-08-10,0.0835,0.0228,0.0145,0.0373
261240,종가 15:30,현물+달러금리,2023-08-11,0.576,0.6763,0.0145,0.6909
261240,종가 15:30,현물+달러금리,2023-08-14,0.498,0.4529,0.0434,0.4965
261240,종가 15:30,현물+달러금리,2023-08-16,0.5286,0.4508,0.029,0.4799
261240,종가 15:30,현물+달러금리,2023-08-17,0.3286,0.3815,0.0145,0.396
261240,종가 15:30,현물+달러금리,2023-08-18,-0.1228,-0.2757,0.0145,-0.2613
261240,종가 15:30,현물+달러금리,2023-08-21,0.4427,0.3213,0.0434,0.3648
261240,종가 15:30,현물+달러금리,2023-08-22,-0.6448,-0.5288,0.0145,-0.5144
261240,종가 15:30,현물+달러금리,2023-08-23,0.2465,0.3145,0.0145,0.3291
261240,종가 15:30,현물+달러금리,2023-08-24,-1.3031,-1.2764,0.0145,-1.2621
261240,종가 15:30,현물+달러금리,2023-08-25,0.2076,0.1966,0.0145,0.2112
261240,종가 15:30,현물+달러금리,2023-08-28,0.0,-0.1358,0.0439,-0.092
261240,종가 15:30,현물+달러금리,2023-08-29,-0.1657,-0.1133,0.0146,-0.0987
261240,종가 15:30,현물+달러금리,2023-08-30,0.249,0.1135,0.0146,0.1281
261240,종가 15:30,현물+달러금리,2023-08-31,0.0,-0.1209,0.0146,-0.1063
261240,종가 15:30,현물+달러금리,2023-09-01,-0.414,-0.227,0.0146,-0.2124
261240,종가 15:30,현물+달러금리,2023-09-04,0.0416,0.0758,0.0436,0.1194
261240,종가 15:30,현물+달러금리,2023-09-05,0.8643,0.8183,0.0145,0.8329
261240,종가 15:30,현물+달러금리,2023-09-06,0.1236,-0.0075,0.0146,0.0071
261240,종가 15:30,현물+달러금리,2023-09-07,0.2057,0.3683,0.0145,0.3829
261240,종가 15:30,현물+달러금리,2023-09-08,-0.0821,-0.1498,0.0145,-0.1353
261240,종가 15:30,현물+달러금리,2023-09-11,0.0411,-0.1725,0.0436,-0.1289
261240,종가 15:30,현물+달러금리,2023-09-12,-0.4108,-0.2479,0.0146,-0.2334
261240,종가 15:30,현물+달러금리,2023-09-13,0.2887,0.1657,0.0146,0.1803
261240,종가 15:30,현물+달러금리,2023-09-14,-0.4031,-0.3233,0.0145,-0.3088
261240,종가 15:30,현물+달러금리,2023-09-15,0.1156,0.0151,0.0145,0.0296
261240,종가 15:30,현물+달러금리,2023-09-18,-0.2392,-0.1131,0.0437,-0.0695
261240,종가 15:30,현물+달러금리,2023-09-19,0.4052,0.3096,0.0145,0.3242
261240,종가 15:30,현물+달러금리,2023-09-20,0.1235,0.1204,0.0145,0.135
261240,종가 15:30,현물+달러금리,2023-09-21,0.9377,0.7218,0.0146,0.7365
261240,종가 15:30,현물+달러금리,2023-09-22,-0.326,-0.2165,0.0146,-0.2019
261240,종가 15:30,현물+달러금리,2023-09-25,0.0,-0.0224,0.0437,0.0213
261240,종가 15:30,현물+달러금리,2023-09-26,1.0138,0.8979,0.0147,0.9127
261240,종가 15:30,현물+달러금리,2023-09-27,0.0809,0.0593,0.0146,0.074
261240,종가 15:30,현물+달러금리,2023-10-04,0.922,1.0524,0.1024,1.1559
261240,종가 15:30,현물+달러금리,2023-10-05,-0.8334,-0.9534,0.0146,-0.9389
261240,종가 15:30,현물+달러금리,2023-10-06,-0.1212,-0.0444,0.0146,-0.0298
261240,종가 15:30,현물+달러금리,2023-10-10,0.2023,-0.0296,0.0587,0.0291
261240,종가 15:30,현물+달러금리,2023-10-11,-0.8801,-0.8003,0.0146,-0.7858
261240,종가 15:30,현물+달러금리,2023-10-12,0.0407,-0.0149,0.0146,-0.0003
261240,종가 15:30,현물+달러금리,2023-10-13,0.8875,0.8592,0.0147,0.874
261240,종가 15:30,현물+달러금리,2023-10-16,0.3228,0.2741,0.044,0.3182
261240,종가 15:30,현물+달러금리,2023-10-17,-0.1207,-0.0074,0.0146,0.0072
261240,종가 15:30,현물+달러금리,2023-10-18,-0.3222,-0.2955,0.0147,-0.2809
261240,종가 15:30,현물+달러금리,2023-10-19,0.7596,0.5779,0.0146,0.5927
261240,종가 15:30,현물+달러금리,2023-10-20,-0.4331,-0.3684,0.0146,-0.3538
261240,종가 15:30,현물+달러금리,2023-10-23,0.0805,0.0961,0.0436,0.1398
261240,종가 15:30,현물+달러금리,2023-10-24,-0.6439,-0.783,0.0146,-0.7686
261240,종가 15:30,현물+달러금리,2023-10-25,0.405,0.4914,0.0145,0.506
261240,종가 15:30,현물+달러금리,2023-10-26,0.8794,0.7631,0.0146,0.7778
261240,종가 15:30,현물+달러금리,2023-10-27,-0.3999,-0.3015,0.0146,-0.2869
261240,종가 15:30,현물+달러금리,2023-10-30,-0.3132,-0.3688,0.0437,-0.3252
261240,종가 15:30,현물+달러금리,2023-10-31,0.0403,-0.0296,0.0146,-0.015
261240,종가 15:30,현물+달러금리,2023-11-01,0.5153,0.5035,0.0146,0.5182
261240,종가 15:30,현물+달러금리,2023-11-02,-1.0333,-1.0609,0.0145,-1.0465
261240,종가 15:30,현물+달러금리,2023-11-03,-1.5621,-1.5265,0.0145,-1.5123
261240,종가 15:30,현물+달러금리,2023-11-06,-1.7102,-1.8981,0.0433,-1.8556
261240,종가 15:30,현물+달러금리,2023-11-07,0.7863,0.8171,0.0145,0.8317
261240,종가 15:30,현물+달러금리,2023-11-08,0.083,0.2064,0.0145,0.2209
261240,종가 15:30,현물+달러금리,2023-11-09,-0.0829,-0.0382,0.0145,-0.0237
261240,종가 15:30,현물+달러금리,2023-11-10,0.5312,0.5114,0.0144,0.5259
261240,종가 15:30,현물+달러금리,2023-11-13,0.6605,0.6303,0.0432,0.6738
261240,종가 15:30,현물+달러금리,2023-11-14,0.3609,0.2868,0.0145,0.3013
261240,종가 15:30,현물+달러금리,2023-11-15,-2.0186,-2.1145,0.0144,-2.1004
261240,종가 15:30,현물+달러금리,2023-11-16,-0.0417,-0.2998,0.0144,-0.2854
261240,종가 15:30,현물+달러금리,2023-11-17,-0.2503,0.0,0.0144,0.0144
261240,종가 15:30,현물+달러금리,2023-11-20,-0.2928,-0.4087,0.0432,-0.3657
261240,종가 15:30,현물+달러금리,2023-11-21,-0.3272,-0.1858,0.0144,-0.1714
261240,종가 15:30,현물+달러금리,2023-11-22,0.8333,0.8765,0.0144,0.891
261240,종가 15:30,현물+달러금리,2023-11-23,0.0,-0.2307,0.0144,-0.2163
261240,종가 15:30,현물+달러금리,2023-11-24,0.5343,0.6859,0.0144,0.7005
261240,종가 15:30,현물+달러금리,2023-11-27,0.0,-0.199,0.0434,-0.1557
261240,종가 15:30,현물+달러금리,2023-11-28,-0.8221,-0.7747,0.0145,-0.7603
261240,종가 15:30,현물+달러금리,2023-11-29,-0.293,-0.3169,0.0144,-0.3025
261240,종가 15:30,현물+달러금리,2023-11-30,0.0,0.031,0.0144,0.0454
261240,종가 15:30,현물+달러금리,2023-12-01,1.2512,1.2248,0.0144,1.2394
261240,종가 15:30,현물+달러금리,2023-12-04,-0.0415,-0.1378,0.043,-0.0949
261240,종가 15:30,현물+달러금리,2023-12-05,0.4895,0.5521,0.0144,0.5666
261240,종가 15:30,현물+달러금리,2023-12-06,0.2064,0.1449,0.0144,0.1593
261240,종가 15:30,현물+달러금리,2023-12-07,1.0217,0.9291,0.0144,0.9436
261240,종가 15:30,현물+달러금리,2023-12-08,-1.411,-1.3959,0.0144,-1.3818
261240,종가 15:30,현물+달러금리,2023-12-11,0.7776,0.7423,0.0431,0.7857
261240,종가 15:30,현물+달러금리,2023-12-12,-0.2052,-0.1899,0.0144,-0.1755
261240,종가 15:30,현물+달러금리,2023-12-13,0.3702,0.449,0.0144,0.4635
261240,종가 15:30,현물+달러금리,2023-12-14,-1.7046,-1.8562,0.0144,-1.8421
261240,종가 15:30,현물+달러금리,2023-12-15,-0.0834,0.0849,0.0143,0.0993
261240,종가 15:30,현물+달러금리,2023-12-18,0.1585,0.054,0.0431,0.0971
261240,종가 15:30,현물+달러금리,2023-12-19,0.7082,0.8171,0.0144,0.8317
261240,종가 15:30,현물+달러금리,2023-12-20,-0.4964,-0.6805,0.0143,-0.6663
261240,종가 15:30,현물+달러금리,2023-12-21,0.4157,0.4773,0.0144,0.4918
261240,종가 15:30,현물+달러금리,2023-12-22,-0.1656,-0.1609,0.0143,-0.1466
261240,종가 15:30,현물+달러금리,2023-12-26,-0.6137,-0.6523,0.0574,-0.5953
261240,종가 15:30,현물+달러금리,2023-12-27,0.0834,-0.0232,0.0144,-0.0088
261240,종가 15:30,현물+달러금리,2023-12-28,-0.3335,-0.4791,0.0144,-0.4648
261240,종가 15:30,현물+달러금리,2024-01-02,0.7863,0.9627,0.0719,1.0353
261240,종가 15:30,현물+달러금리,2024-01-03,0.332,0.3384,0.0143,0.3527
261240,종가 15:30,현물+달러금리,2024-01-04,0.5295,0.3985,0.0144,0.4129
261240,종가 15:30,현물+달러금리,2024-01-05,0.4526,0.4122,0.0144,0.4266
261240,종가 15:30,현물+달러금리,2024-01-08,0.1147,0.0456,0.0431,0.0887
261240,종가 15:30,현물+달러금리,2024-01-09,-0.1146,-0.0228,0.0144,-0.0084
261240,종가 15:30,현물+달러금리,2024-01-10,0.4833,0.3344,0.0144,0.3488
261240,종가 15:30,현물+달러금리,2024-01-11,-0.5218,-0.5454,0.0143,-0.5312
261240,종가 15:30,현물+달러금리,2024-01-12,0.0,0.0457,0.0143,0.06
261240,종가 15:30,현물+달러금리,2024-01-15,0.4426,0.5101,0.0429,0.5532
261240,종가 15:30,현물+달러금리,2024-01-16,1.0117,0.8787,0.0143,0.8931
261240,종가 15:30,현물+달러금리,2024-01-17,0.9612,0.9311,0.0143,0.9455
261240,종가 15:30,현물+달러금리,2024-01-18,-0.36,-0.3348,0.0144,-0.3205
261240,종가 15:30,현물+달러금리,2024-01-19,0.0401,-0.0523,0.0143,-0.038
261240,종가 15:30,현물+달러금리,2024-01-22,-0.0803,-0.0075,0.0429,0.0354
261240,종가 15:30,현물+달러금리,2024-01-23,-0.3936,-0.4108,0.0143,-0.3965
261240,종가 15:30,현물+달러금리,2024-01-24,0.3548,0.27,0.0143,0.2843
261240,종가 15:30,현물+달러금리,2024-01-25,-0.0804,-0.0898,0.0143,-0.0755
261240,종가 15:30,현물+달러금리,2024-01-26,0.0402,0.0374,0.0143,0.0517
261240,종가 15:30,현물+달러금리,2024-01-29,-0.0402,-0.0449,0.0428,-0.0021
261240,종가 15:30,현물+달러금리,2024-01-30,-0.5147,-0.4717,0.0143,-0.4574
261240,종가 15:30,현물+달러금리,2024-01-31,0.485,0.3912,0.0143,0.4055
261240,종가 15:30,현물+달러금리,2024-02-01,-0.1609,-0.2098,0.0143,-0.1955
261240,종가 15:30,현물+달러금리,2024-02-02,-0.7172,-0.6908,0.0143,-0.6766
261240,종가 15:30,현물+달러금리,2024-02-05,0.6006,0.62,0.043,0.6632
261240,종가 15:30,현물+달러금리,2024-02-06,-0.1614,-0.2405,0.0143,-0.2262
261240,종가 15:30,현물+달러금리,2024-02-07,0.0,0.0151,0.0143,0.0294
261240,종가 15:30,현물+달러금리,2024-02-08,0.0,0.0301,0.0143,0.0445
261240,종가 15:30,현물+달러금리,2024-02-13,0.1212,-0.0075,0.0716,0.0641
261240,종가 15:30,현물+달러금리,2024-02-14,0.5569,0.5497,0.0144,0.5641
261240,종가 15:30,현물+달러금리,2024-02-15,-0.0401,-0.1048,0.0143,-0.0905
261240,종가 15:30,현물+달러금리,2024-02-16,0.0,0.1049,0.0143,0.1193
261240,종가 15:30,현물+달러금리,2024-02-19,0.0803,-0.015,0.0431,0.0281
261240,종가 15:30,현물+달러금리,2024-02-20,0.2006,0.1797,0.0144,0.1941
261240,종가 15:30,현물+달러금리,2024-02-21,-0.2402,-0.2168,0.0144,-0.2025
261240,종가 15:30,현물+달러금리,2024-02-22,-0.3933,-0.4495,0.0144,-0.4352
261240,종가 15:30,현물+달러금리,2024-02-23,0.1934,0.1731,0.0144,0.1875
261240,종가 15:30,현물+달러금리,2024-02-26,0.0402,0.0075,0.0432,0.0507
261240,종가 15:30,현물+달러금리,2024-02-27,0.0,-0.0075,0.0144,0.0069
261240,종가 15:30,현물+달러금리,2024-02-28,0.2412,0.1953,0.0144,0.2098
261240,종가 15:30,현물+달러금리,2024-02-29,-0.2005,-0.1575,0.0144,-0.1431
261240,종가 15:30,현물+달러금리,2024-03-04,0.0804,-0.015,0.0575,0.0425
261240,종가 15:30,현물+달러금리,2024-03-05,0.2007,0.2404,0.0144,0.2548
261240,종가 15:30,현물+달러금리,2024-03-06,0.0401,0.0,0.0143,0.0143
261240,종가 15:30,현물+달러금리,2024-03-07,-0.2403,-0.2698,0.0144,-0.2554
261240,종가 15:30,현물+달러금리,2024-03-08,-0.9154,-0.834,0.0144,-0.8198
261240,종가 15:30,현물+달러금리,2024-03-11,-0.6807,-0.7198,0.0431,-0.677
261240,종가 15:30,현물+달러금리,2024-03-12,0.0816,0.0534,0.0144,0.0678
261240,종가 15:30,현물+달러금리,2024-03-13,0.2446,0.267,0.0144,0.2814
261240,종가 15:30,현물+달러금리,2024-03-14,0.3172,0.2358,0.0144,0.2502
261240,종가 15:30,현물+달러금리,2024-03-15,1.0053,0.9791,0.0144,0.9936
261240,종가 15:30,현물+달러금리,2024-03-18,0.2809,0.2405,0.0432,0.2838
261240,종가 15:30,현물+달러금리,2024-03-19,0.4322,0.4574,0.0144,0.4718
261240,종가 15:30,현물+달러금리,2024-03-20,-0.0398,-0.0149,0.0144,-0.0006
261240,종가 15:30,현물+달러금리,2024-03-21,-1.1401,-1.284,0.0144,-1.2698
261240,종가 15:30,현물+달러금리,2024-03-22,1.1935,1.2099,0.0144,1.2245
261240,종가 15:30,현물+달러금리,2024-03-25,0.2789,0.2764,0.0431,0.3196
261240,종가 15:30,현물+달러금리,2024-03-26,-0.2384,-0.1937,0.0143,-0.1794
261240,종가 15:30,현물+달러금리,2024-03-27,0.7887,0.6868,0.0143,0.7012
261240,종가 15:30,현물+달러금리,2024-03-28,-0.1502,-0.1854,0.0143,-0.1711
261240,종가 15:30,현물+달러금리,2024-03-29,-0.0396,0.0743,0.0143,0.0886
261240,종가 15:30,현물+달러금리,2024-04-01,0.2692,0.1633,0.043,0.2064
261240,종가 15:30,현물+달러금리,2024-04-02,0.2369,0.2001,0.0143,0.2144
261240,종가 15:30,현물+달러금리,2024-04-03,-0.3152,-0.2367,0.0143,-0.2224
261240,종가 15:30,현물+달러금리,2024-04-04,-0.0316,-0.1334,0.0143,-0.1192
261240,종가 15:30,현물+달러금리,2024-04-05,0.3874,0.4231,0.0143,0.4375
261240,종가 15:30,현물+달러금리,2024-04-08,0.1575,0.0296,0.043,0.0726
261240,종가 15:30,현물+달러금리,2024-04-09,0.0786,0.1256,0.0143,0.14
261240,종가 15:30,현물+달러금리,2024-04-11,0.66,0.679,0.0287,0.7079
261240,종가 15:30,현물+달러금리,2024-04-12,0.9289,0.8284,0.0144,0.8429
261240,종가 15:30,현물+달러금리,2024-04-15,0.6497,0.6253,0.0432,0.6687
261240,종가 15:30,현물+달러금리,2024-04-16,0.7223,0.7587,0.0144,0.7732
261240,종가 15:30,현물+달러금리,2024-04-17,-0.4883,-0.5522,0.0144,-0.5379
261240,종가 15:30,현물+달러금리,2024-04-18,-0.989,-1.0023,0.0144,-0.9881
261240,종가 15:30,현물+달러금리,2024-04-19,0.6504,0.6774,0.0144,0.6919
261240,종가 15:30,현물+달러금리,2024-04-22,-0.0769,-0.217,0.0432,-0.174
261240,종가 15:30,현물+달러금리,2024-04-23,-0.077,-0.0653,0.0143,-0.051
261240,종가 15:30,현물+달러금리,2024-04-24,-0.7242,-0.6602,0.0144,-0.6459
261240,종가 15:30,현물+달러금리,2024-04-25,0.4657,0.4236,0.0144,0.4381
261240,종가 15:30,현물+달러금리,2024-04-26,0.0386,0.0218,0.0144,0.0362
261240,종가 15:30,현물+달러금리,2024-04-29,0.1544,0.1236,0.0432,0.1668
261240,종가 15:30,현물+달러금리,2024-04-30,0.4549,0.3631,0.0144,0.3775
261240,종가 15:30,현물+달러금리,2024-05-02,-0.4221,-0.4414,0.0288,-0.4127
261240,종가 15:30,현물+달러금리,2024-05-03,-1.0251,-0.9521,0.0144,-0.9379
261240,종가 15:30,현물+달러금리,2024-05-07,-0.1168,-0.1981,0.0575,-0.1407
261240,종가 15:30,현물+달러금리,2024-05-08,0.3431,0.1029,0.0144,0.1173
261240,종가 15:30,현물+달러금리,2024-05-09,0.4274,0.6317,0.0144,0.6461
261240,종가 15:30,현물+달러금리,2024-05-10,-0.2321,-0.146,0.0144,-0.1316
261240,종가 15:30,현물+달러금리,2024-05-13,0.1163,0.0073,0.0432,0.0505
261240,종가 15:30,현물+달러금리,2024-05-14,0.0,0.0658,0.0144,0.0802
261240,종가 15:30,현물+달러금리,2024-05-16,-1.6499,-1.7603,0.0287,-1.7321
261240,종가 15:30,현물+달러금리,2024-05-17,0.7797,0.7361,0.0144,0.7505
261240,종가 15:30,현물+달러금리,2024-05-20,0.0,0.0738,0.0432,0.117
261240,종가 15:30,현물+달러금리,2024-05-21,0.6174,0.5458,0.0144,0.5602
261240,종가 15:30,현물+달러금리,2024-05-22,-0.0777,-0.0293,0.0144,-0.015
261240,종가 15:30,현물+달러금리,2024-05-23,0.0777,-0.0367,0.0144,-0.0223
261240,종가 15:30,현물+달러금리,2024-05-24,0.5437,0.5211,0.0144,0.5356
261240,종가 15:30,현물+달러금리,2024-05-27,-0.2704,-0.4162,0.0432,-0.3732
261240,종가 15:30,현물+달러금리,2024-05-28,-0.3486,-0.3886,0.0144,-0.3743
261240,종가 15:30,현물+달러금리,2024-05-29,0.4664,0.4785,0.0144,0.4929
261240,종가 15:30,현물+달러금리,2024-05-30,1.0368,1.0549,0.0144,1.0695
261240,종가 15:30,현물+달러금리,2024-05-31,0.4135,0.3697,0.0144,0.3842
261240,종가 15:30,현물+달러금리,2024-06-03,-0.5643,-0.6067,0.0432,-0.5638
261240,종가 15:30,현물+달러금리,2024-06-04,-0.0767,-0.0073,0.0144,0.0071
261240,종가 15:30,현물+달러금리,2024-06-05,-0.1151,-0.218,0.0144,-0.2037
261240,종가 15:30,현물+달러금리,2024-06-07,-0.4918,-0.5608,0.0288,-0.5322
261240,종가 15:30,현물+달러금리,2024-06-10,0.7645,0.7837,0.0432,0.8273
261240,종가 15:30,현물+달러금리,2024-06-11,0.0383,0.1744,0.0144,0.1888
261240,종가 15:30,현물+달러금리,2024-06-12,-0.0766,-0.1596,0.0144,-0.1452
261240,종가 15:30,현물+달러금리,2024-06-13,-0.1917,-0.1671,0.0144,-0.1528
261240,종가 15:30,현물+달러금리,2024-06-14,0.3456,0.393,0.0144,0.4075
261240,종가 15:30,현물+달러금리,2024-06-17,0.222,0.1378,0.0432,0.181
261240,종가 15:30,현물+달러금리,2024-06-18,-0.0764,-0.0072,0.0144,0.0071
261240,종가 15:30,현물+달러금리,2024-06-19,0.2675,0.0507,0.0144,0.065
261240,종가 15:30,현물+달러금리,2024-06-20,0.2668,0.2099,0.0144,0.2243
261240,종가 15:30,현물+달러금리,2024-06-21,0.1901,0.26,0.0144,0.2744
261240,종가 15:30,현물+달러금리,2024-06-24,0.1442,0.0504,0.043,0.0934
261240,종가 15:30,현물+달러금리,2024-06-25,-0.0682,-0.108,0.0144,-0.0937
261240,종가 15:30,현물+달러금리,2024-06-26,0.0303,0.0865,0.0143,0.1008
261240,종가 15:30,현물+달러금리,2024-06-27,-0.1061,-0.2088,0.0144,-0.1945
261240,종가 15:30,현물+달러금리,2024-06-28,-0.683,-0.6567,0.0143,-0.6424
261240,종가 15:30,현물+달러금리,2024-07-01,0.1528,0.1889,0.0429,0.2318
261240,종가 15:30,현물+달러금리,2024-07-02,0.7553,0.6453,0.0144,0.6597
261240,종가 15:30,현물+달러금리,2024-07-03,0.1893,0.1729,0.0144,0.1873
261240,종가 15:30,현물+달러금리,2024-07-04,-0.786,-0.7335,0.0144,-0.7192
261240,종가 15:30,현물+달러금리,2024-07-05,0.0,-0.0072,0.0144,0.0071
261240,종가 15:30,현물+달러금리,2024-07-08,0.2666,0.2173,0.043,0.2604
261240,종가 15:30,현물+달러금리,2024-07-09,-0.038,-0.1229,0.0143,-0.1086
261240,종가 15:30,현물+달러금리,2024-07-10,0.228,0.2244,0.0143,0.2387
261240,종가 15:30,현물+달러금리,2024-07-11,-0.3791,-0.4261,0.0143,-0.4118
261240,종가 15:30,현물+달러금리,2024-07-12,-0.0761,0.058,0.0143,0.0723
261240,종가 15:30,현물+달러금리,2024-07-15,0.3809,0.232,0.0428,0.2749
261240,종가 15:30,현물+달러금리,2024-07-16,0.0759,0.1519,0.0142,0.1661
261240,종가 15:30,현물+달러금리,2024-07-17,-0.1896,-0.2455,0.0142,-0.2313
261240,종가 15:30,현물+달러금리,2024-07-18,0.114,0.0145,0.0142,0.0287
261240,종가 15:30,현물+달러금리,2024-07-19,0.3718,0.3619,0.0143,0.3762
261240,종가 15:30,현물+달러금리,2024-07-22,0.0,0.1082,0.0427,0.151
261240,종가 15:30,현물+달러금리,2024-07-23,-0.1134,-0.1441,0.0142,-0.1299
261240,종가 15:30,현물+달러금리,2024-07-24,-0.0757,-0.1731,0.0142,-0.159
261240,종가 15:30,현물+달러금리,2024-07-25,0.1515,0.1156,0.0142,0.1298
261240,종가 15:30,현물+달러금리,2024-07-26,-0.0378,0.0289,0.0142,0.043
261240,종가 15:30,현물+달러금리,2024-07-29,-0.1892,-0.2814,0.0424,-0.2391
261240,종가 15:30,현물+달러금리,2024-07-30,0.2653,0.246,0.0141,0.2602
261240,종가 15:30,현물+달러금리,2024-07-31,-0.6351,-0.6352,0.0141,-0.6212
261240,종가 15:30,현물+달러금리,2024-08-01,-0.7913,-0.7483,0.0141,-0.7343
261240,종가 15:30,현물+달러금리,2024-08-02,0.3758,0.366,0.014,0.3801
261240,종가 15:30,현물+달러금리,2024-08-05,0.2674,0.2625,0.0415,0.3042
261240,종가 15:30,현물+달러금리,2024-08-06,0.1143,0.0582,0.0139,0.0721
261240,종가 15:30,현물+달러금리,2024-08-07,0.1522,0.0872,0.0139,0.1012
261240,종가 15:30,현물+달러금리,2024-08-08,-0.038,0.0291,0.0139,0.043
261240,종가 15:30,현물+달러금리,2024-08-09,-0.7907,-0.9149,0.0139,-0.9011
261240,종가 15:30,현물+달러금리,2024-08-12,0.4905,0.5423,0.0418,0.5843
261240,종가 15:30,현물+달러금리,2024-08-13,-0.1144,-0.1166,0.0139,-0.1027
261240,종가 15:30,현물+달러금리,2024-08-14,-0.6795,-0.7151,0.0139,-0.7014
261240,종가 15:30,현물+달러금리,2024-08-16,-0.1537,-0.2205,0.0278,-0.1928
261240,종가 15:30,현물+달러금리,2024-08-19,-1.7553,-1.7384,0.0418,-1.6973
261240,종가 15:30,현물+달러금리,2024-08-20,0.0,-0.06,0.0139,-0.0461
261240,종가 15:30,현물+달러금리,2024-08-21,0.2351,0.255,0.0138,0.2689
261240,종가 15:30,현물+달러금리,2024-08-22,-0.0782,-0.1422,0.0138,-0.1284
261240,종가 15:30,현물+달러금리,2024-08-23,0.313,0.3072,0.0138,0.321
261240,종가 15:30,현물+달러금리,2024-08-26,-0.8892,-0.8963,0.0412,-0.8555
261240,종가 15:30,현물+달러금리,2024-08-27,0.3541,0.3166,0.0136,0.3302
261240,종가 15:30,현물+달러금리,2024-08-28,0.5411,0.6011,0.0136,0.6148
261240,종가 15:30,현물+달러금리,2024-08-29,-0.351,-0.4332,0.0136,-0.4196
261240,종가 15:30,현물+달러금리,2024-08-30,0.1174,0.21,0.0136,0.2237
261240,종가 15:30,현물+달러금리,2024-09-02,0.3127,0.1796,0.0409,0.2206
261240,종가 15:30,현물+달러금리,2024-09-03,0.265,0.2241,0.0136,0.2378
261240,종가 15:30,현물+달러금리,2024-09-04,0.0777,0.0596,0.0136,0.0733
261240,종가 15:30,현물+달러금리,2024-09-05,-0.4971,-0.4694,0.0136,-0.4559
261240,종가 15:30,현물+달러금리,2024-09-06,-0.5776,-0.6213,0.0135,-0.6079
261240,종가 15:30,현물+달러금리,2024-09-09,0.8165,0.919,0.0405,0.9598
261240,종가 15:30,현물+달러금리,2024-09-10,0.4205,0.2911,0.0134,0.3045
261240,종가 15:30,현물+달러금리,2024-09-11,-0.38,-0.3498,0.0133,-0.3365
261240,종가 15:30,현물+달러금리,2024-09-12,0.0778,-0.0224,0.0134,-0.009
261240,종가 15:30,현물+달러금리,2024-09-13,-0.739,-0.6872,0.0133,-0.674
261240,종가 15:30,현물+달러금리,2024-09-19,0.1175,-0.0376,0.0786,0.0409
261240,종가 15:30,현물+달러금리,2024-09-20,0.0,0.0075,0.0126,0.0202
261240,종가 15:30,현물+달러금리,2024-09-23,0.4696,0.5116,0.0375,0.5493
261240,종가 15:30,현물+달러금리,2024-09-24,0.0,-0.0749,0.0124,-0.0625
261240,종가 15:30,현물+달러금리,2024-09-25,-0.3895,-0.2922,0.0123,-0.2799
261240,종가 15:30,현물+달러금리,2024-09-26,-0.1173,-0.2855,0.0124,-0.2732
261240,종가 15:30,현물+달러금리,2024-09-27,-0.6577,-0.648,0.0123,-0.6357
261240,종가 15:30,현물+달러금리,2024-09-30,-0.8591,-0.8191,0.037,-0.7824
261240,종가 15:30,현물+달러금리,2024-10-02,0.9063,0.8793,0.0248,0.9043
261240,종가 15:30,현물+달러금리,2024-10-04,1.1346,1.0915,0.0245,1.1163
261240,종가 15:30,현물+달러금리,2024-10-07,1.1141,0.9747,0.0372,1.0123
261240,종가 15:30,현물+달러금리,2024-10-08,0.1926,0.2228,0.0125,0.2353
261240,종가 15:30,현물+달러금리,2024-10-10,0.0,0.037,0.0248,0.0619
261240,종가 15:30,현물+달러금리,2024-10-11,-0.0384,-0.0518,0.0124,-0.0394
261240,종가 15:30,현물+달러금리,2024-10-14,0.4616,0.4742,0.0372,0.5117
261240,종가 15:30,현물+달러금리,2024-10-15,0.5667,0.3983,0.0124,0.4107
261240,종가 15:30,현물+달러금리,2024-10-16,0.1142,0.0955,0.0124,0.1079
261240,종가 15:30,현물+달러금리,2024-10-17,0.4868,0.4403,0.0124,0.4527
261240,종가 15:30,현물+달러금리,2024-10-18,-0.0757,0.0804,0.0124,0.0928
261240,종가 15:30,현물+달러금리,2024-10-21,0.4166,0.4015,0.0372,0.4389
261240,종가 15:30,현물+달러금리,2024-10-22,0.4828,0.3563,0.0124,0.3687
261240,종가 15:30,현물+달러금리,2024-10-23,0.1501,0.1522,0.0124,0.1645
261240,종가 15:30,현물+달러금리,2024-10-24,-0.1124,-0.1447,0.0124,-0.1323
261240,종가 15:30,현물+달러금리,2024-10-25,0.6303,0.6159,0.0123,0.6283
261240,종가 15:30,현물+달러금리,2024-10-28,-0.2908,-0.2664,0.0372,-0.2294
261240,종가 15:30,현물+달러금리,2024-10-29,0.187,0.1083,0.0123,0.1206
261240,종가 15:30,현물+달러금리,2024-10-30,-0.3359,-0.2957,0.0123,-0.2834
261240,종가 15:30,현물+달러금리,2024-10-31,-0.0749,-0.1808,0.0122,-0.1686
261240,종가 15:30,현물+달러금리,2024-11-01,-0.0375,-0.0362,0.0122,-0.0241
261240,종가 15:30,현물+달러금리,2024-11-04,-0.6299,-0.6162,0.0362,-0.5802
261240,종가 15:30,현물+달러금리,2024-11-05,0.5961,0.5617,0.0122,0.5739
261240,종가 15:30,현물+달러금리,2024-11-06,1.3052,1.2767,0.0121,1.2889
261240,종가 15:30,현물+달러금리,2024-11-07,0.0,0.0286,0.0122,0.0408
261240,종가 15:30,현물+달러금리,2024-11-08,-0.7034,-0.7303,0.0121,-0.7183
261240,종가 15:30,현물+달러금리,2024-11-11,0.5966,0.5987,0.0364,0.6353
261240,종가 15:30,현물+달러금리,2024-11-12,0.6968,0.631,0.0121,0.6432
261240,종가 15:30,현물+달러금리,2024-11-13,0.2208,0.2209,0.0121,0.233
261240,종가 15:30,현물+달러금리,2024-11-14,-0.4407,-0.1066,0.0121,-0.0946
261240,종가 15:30,현물+달러금리,2024-11-15,-0.0738,-0.4484,0.0121,-0.4363
261240,종가 15:30,현물+달러금리,2024-11-18,-0.288,-0.2574,0.0362,-0.2212
261240,종가 15:30,현물+달러금리,2024-11-19,-0.3702,-0.3082,0.0121,-0.2961
261240,종가 15:30,현물+달러금리,2024-11-20,0.1115,0.0,0.0121,0.0121
261240,종가 15:30,현물+달러금리,2024-11-21,0.5122,0.4745,0.0121,0.4867
261240,종가 15:30,현물+달러금리,2024-11-22,0.2954,0.3077,0.0121,0.3199
261240,종가 15:30,현물+달러금리,2024-11-25,0.0,0.0285,0.0364,0.065
261240,종가 15:30,현물+달러금리,2024-11-26,-0.1841,-0.2853,0.0121,-0.2732
261240,종가 15:30,현물+달러금리,2024-11-27,-0.0738,-0.0858,0.0121,-0.0738
261240,종가 15:30,현물+달러금리,2024-11-28,-0.0738,-0.1002,0.0121,-0.0882
261240,종가 15:30,현물+달러금리,2024-11-29,-0.1478,-0.0645,0.0121,-0.0524
261240,종가 15:30,현물+달러금리,2024-12-02,0.666,0.4732,0.0361,0.5095
261240,종가 15:30,현물+달러금리,2024-12-03,-0.0735,0.1142,0.012,0.1262
261240,종가 15:30,현물+달러금리,2024-12-04,0.6915,0.5132,0.0119,0.5252
261240,종가 15:30,현물+달러금리,2024-12-05,0.358,0.3546,0.0119,0.3665
261240,종가 15:30,현물+달러금리,2024-12-06,0.2184,0.2897,0.0119,0.3017
261240,종가 15:30,현물+달러금리,2024-12-09,1.2639,1.2542,0.0354,1.2901
261240,종가 15:30,현물+달러금리,2024-12-10,-0.6456,-0.7029,0.0118,-0.6912
261240,종가 15:30,현물+달러금리,2024-12-11,0.3971,0.3714,0.0118,0.3832
261240,종가 15:30,현물+달러금리,2024-12-12,0.036,-0.0209,0.0117,-0.0093
261240,종가 15:30,현물+달러금리,2024-12-13,-0.0359,0.0768,0.0116,0.0884
261240,종가 15:30,현물+달러금리,2024-12-16,0.2517,0.1396,0.0348,0.1744
261240,종가 15:30,현물+달러금리,2024-12-17,0.2798,0.2718,0.0116,0.2835
261240,종가 15:30,현물+달러금리,2024-12-18,-0.3147,-0.2363,0.0117,-0.2246
261240,종가 15:30,현물+달러금리,2024-12-19,1.2055,1.1425,0.0116,1.1542
261240,종가 15:30,현물+달러금리,2024-12-20,0.0709,-0.0344,0.0116,-0.0229
261240,종가 15:30,현물+달러금리,2024-12-23,0.0354,0.0413,0.0348,0.0761
261240,종가 15:30,현물+달러금리,2024-12-24,0.3471,0.303,0.0116,0.3147
261240,종가 15:30,현물+달러금리,2024-12-26,0.5647,0.5768,0.0235,0.6004
261240,종가 15:30,현물+달러금리,2024-12-27,0.379,0.1843,0.0116,0.196
261240,종가 15:30,현물+달러금리,2024-12-30,0.3846,0.3407,0.0344,0.3753
261240,종가 15:30,현물+달러금리,2025-01-02,-0.6547,-0.4007,0.0348,-0.3661
261240,종가 15:30,현물+달러금리,2025-01-03,0.0631,0.1227,0.0116,0.1343
261240,종가 15:30,현물+달러금리,2025-01-06,0.2452,0.0885,0.0345,0.1231
261240,종가 15:30,현물+달러금리,2025-01-07,-1.1743,-1.1023,0.0115,-1.0909
261240,종가 15:30,현물+달러금리,2025-01-08,0.2051,0.1032,0.0115,0.1147
261240,종가 15:30,현물+달러금리,2025-01-09,0.3882,0.378,0.0115,0.3896
261240,종가 15:30,현물+달러금리,2025-01-10,0.2461,0.3081,0.0115,0.3197
261240,종가 15:30,현물+달러금리,2025-01-13,0.4489,0.3959,0.0347,0.4307
261240,종가 15:30,현물+달러금리,2025-01-14,-0.412,-0.5167,0.0116,-0.5052
261240,종가 15:30,현물+달러금리,2025-01-15,-0.1753,-0.1367,0.0116,-0.1251
261240,종가 15:30,현물+달러금리,2025-01-16,-0.2809,-0.308,0.0115,-0.2965
261240,종가 15:30,현물+달러금리,2025-01-17,0.0352,0.1098,0.0115,0.1214
261240,종가 15:30,현물+달러금리,2025-01-20,-0.3098,-0.4526,0.0345,-0.4182
261240,종가 15:30,현물+달러금리,2025-01-21,-0.9111,-0.8404,0.0115,-0.829
261240,종가 15:30,현물+달러금리,2025-01-22,-0.1069,-0.132,0.0116,-0.1204
261240,종가 15:30,현물+달러금리,2025-01-23,0.0714,-0.0209,0.0116,-0.0093
261240,종가 15:30,현물+달러금리,2025-01-24,-0.3922,-0.4174,0.0116,-0.4059
261240,종가 15:30,현물+달러금리,2025-01-31,1.5963,1.4951,0.0807,1.5771
261240,종가 15:30,현물+달러금리,2025-02-03,0.8384,0.9981,0.0345,1.033
261240,종가 15:30,현물+달러금리,2025-02-04,-0.1747,-0.2931,0.0116,-0.2815
261240,종가 15:30,현물+달러금리,2025-02-05,-1.2459,-1.2714,0.0116,-1.26
261240,종가 15:30,현물+달러금리,2025-02-06,0.2481,0.2354,0.0116,0.247
261240,종가 15:30,현물+달러금리,2025-02-07,0.0,0.0069,0.0116,0.0185
261240,종가 15:30,현물+달러금리,2025-02-10,0.2757,0.2348,0.0348,0.2698
261240,종가 15:30,현물+달러금리,2025-02-11,0.1058,0.0965,0.0116,0.1081
261240,종가 15:30,현물+달러금리,2025-02-12,0.0,0.0551,0.0116,0.0667
261240,종가 15:30,현물+달러금리,2025-02-13,-0.3451,-0.4059,0.0116,-0.3944
261240,종가 15:30,현물+달러금리,2025-02-14,-0.2474,-0.2763,0.0116,-0.2648
261240,종가 15:30,현물+달러금리,2025-02-17,-0.1417,-0.1247,0.0347,-0.0901
261240,종가 15:30,현물+달러금리,2025-02-18,0.1774,0.1387,0.0116,0.1503
261240,종가 15:30,현물+달러금리,2025-02-19,-0.3541,-0.3602,0.0116,-0.3486
261240,종가 15:30,현물+달러금리,2025-02-20,0.0,-0.0417,0.0116,-0.0302
261240,종가 15:30,현물+달러금리,2025-02-21,-0.3127,-0.2504,0.0115,-0.2389
261240,종가 15:30,현물+달러금리,2025-02-24,-0.4278,-0.4811,0.0346,-0.4466
261240,종가 15:30,현물+달러금리,2025-02-25,0.2506,0.2102,0.0115,0.2217
261240,종가 15:30,현물+달러금리,2025-02-26,0.1071,0.1888,0.0115,0.2003
261240,종가 15:30,현물+달러금리,2025-02-27,0.7064,0.6908,0.0115,0.7024
261240,종가 15:30,현물+달러금리,2025-02-28,1.4029,1.4137,0.0115,1.4254
261240,종가 15:30,현물+달러금리,2025-03-04,0.0349,-0.1093,0.046,-0.0634
261240,종가 15:30,현물+달러금리,2025-03-05,-0.5518,-0.4994,0.0115,-0.4879
261240,종가 15:30,현물+달러금리,2025-03-06,-0.7656,-0.8319,0.0115,-0.8205
261240,종가 15:30,현물+달러금리,2025-03-07,0.3114,0.305,0.0115,0.3166
261240,종가 15:30,현물+달러금리,2025-03-10,0.4233,0.3801,0.0345,0.4148
261240,종가 15:30,현물+달러금리,2025-03-11,0.3443,0.4063,0.0115,0.4178
261240,종가 15:30,현물+달러금리,2025-03-12,-0.4831,-0.4938,0.0115,-0.4823
261240,종가 15:30,현물+달러금리,2025-03-13,0.2814,0.193,0.0115,0.2045
261240,종가 15:30,현물+달러금리,2025-03-14,-0.0702,0.0,0.0115,0.0115
261240,종가 15:30,현물+달러금리,2025-03-17,-0.4213,-0.4058,0.0345,-0.3715
261240,종가 15:30,현물+달러금리,2025-03-18,0.3878,0.3453,0.0115,0.3569
261240,종가 15:30,현물+달러금리,2025-03-19,0.1405,0.0344,0.0115,0.0459
261240,종가 15:30,현물+달러금리,2025-03-20,0.3086,0.3784,0.0115,0.39
261240,종가 15:30,현물+달러금리,2025-03-21,0.3846,0.2605,0.0115,0.272
261240,종가 15:30,현물+달러금리,2025-03-24,0.3761,0.3418,0.0344,0.3764
261240,종가 15:30,현물+달러금리,2025-03-25,0.1041,0.1022,0.0115,0.1137
261240,종가 15:30,현물+달러금리,2025-03-26,-0.2426,-0.1974,0.0115,-0.1859
261240,종가 15:30,현물+달러금리,2025-03-27,0.0,-0.0682,0.0115,-0.0567
261240,종가 15:30,현물+달러금리,2025-03-28,0.1042,0.0819,0.0115,0.0934
261240,종가 15:30,현물+달러금리,2025-03-31,0.3471,0.4364,0.0345,0.4711
261240,종가 15:30,현물+달러금리,2025-04-01,0.0,-0.0679,0.0115,-0.0564
261240,종가 15:30,현물+달러금리,2025-04-02,-0.3459,-0.3601,0.0115,-0.3486
261240,종가 15:30,현물+달러금리,2025-04-03,0.0,0.0273,0.0115,0.0388
261240,종가 15:30,현물+달러금리,2025-04-04,-2.2352,-2.2427,0.0115,-2.2314
261240,종가 15:30,현물+달러금리,2025-04-07,2.3218,2.3499,0.0343,2.385
261240,종가 15:30,현물+달러금리,2025-04-08,0.451,0.3679,0.0114,0.3794
261240,종가 15:30,현물+달러금리,2025-04-09,0.753,0.7399,0.0115,0.7515
261240,종가 15:30,현물+달러금리,2025-04-10,-1.7689,-1.8665,0.0116,-1.8551
261240,종가 15:30,현물+달러금리,2025-04-11,-0.4467,-0.4463,0.0116,-0.4348
261240,종가 15:30,현물+달러금리,2025-04-14,-1.8439,-1.7794,0.0348,-1.7453
261240,종가 15:30,현물+달러금리,2025-04-15,0.2143,0.0983,0.0116,0.1099
261240,종가 15:30,현물+달러금리,2025-04-16,0.0713,0.0842,0.0116,0.0958
261240,종가 15:30,현물+달러금리,2025-04-17,-0.4986,-0.5467,0.0115,-0.5352
261240,종가 15:30,현물+달러금리,2025-04-18,0.2505,0.3101,0.0116,0.3217
261240,종가 15:30,현물+달러금리,2025-04-21,-0.3213,-0.2951,0.0348,-0.2604
261240,종가 15:30,현물+달러금리,2025-04-22,0.1074,0.1057,0.0116,0.1173
261240,종가 15:30,현물+달러금리,2025-04-23,0.1431,0.0,0.0116,0.0116
261240,종가 15:30,현물+달러금리,2025-04-24,0.9575,1.0137,0.0116,1.0253
261240,종가 15:30,현물+달러금리,2025-04-25,0.1769,0.1045,0.0115,0.1161
261240,종가 15:30,현물+달러금리,2025-04-28,0.3815,0.4246,0.0346,0.4594
261240,종가 15:30,현물+달러금리,2025-04-29,-0.3449,-0.3674,0.0115,-0.3559
261240,종가 15:30,현물+달러금리,2025-04-30,-1.017,-1.1341,0.0115,-1.1227
261240,종가 15:30,현물+달러금리,2025-05-02,-1.0631,-1.1049,0.023,-1.0821
261240,종가 15:30,현물+달러금리,2025-05-07,-0.4976,-0.5195,0.0578,-0.462
261240,종가 15:30,현물+달러금리,2025-05-08,-0.145,-0.1001,0.0116,-0.0886
261240,종가 15:30,현물+달러금리,2025-05-09,0.2178,0.2434,0.0116,0.2551
261240,종가 15:30,현물+달러금리,2025-05-12,0.1811,0.1714,0.0347,0.2062
261240,종가 15:30,현물+달러금리,2025-05-13,1.1423,0.9698,0.0118,0.9817
261240,종가 15:30,현물+달러금리,2025-05-14,0.1787,0.2966,0.0118,0.3084
261240,종가 15:30,현물+달러금리,2025-05-15,-1.7339,-1.8096,0.0118,-1.7981
261240,종가 15:30,현물+달러금리,2025-05-16,-0.2904,-0.3514,0.0117,-0.3397
261240,종가 15:30,현물+달러금리,2025-05-19,0.5826,0.5901,0.0349,0.6252
261240,종가 15:30,현물+달러금리,2025-05-20,-0.362,-0.3863,0.0117,-0.3746
261240,종가 15:30,현물+달러금리,2025-05-21,-0.3924,-0.3735,0.0117,-0.3618
261240,종가 15:30,현물+달러금리,2025-05-22,-0.4742,-0.4253,0.0116,-0.4138
261240,종가 15:30,현물+달러금리,2025-05-23,-0.3225,-0.4127,0.0116,-0.4011
261240,종가 15:30,현물+달러금리,2025-05-26,-0.8015,-0.8142,0.0348,-0.7796
261240,종가 15:30,현물+달러금리,2025-05-27,0.4374,0.3738,0.0116,0.3855
261240,종가 15:30,현물+달러금리,2025-05-28,0.5166,0.5111,0.0116,0.5228
261240,종가 15:30,현물+달러금리,2025-05-29,0.0,-0.0436,0.0116,-0.032
261240,종가 15:30,현물+달러금리,2025-05-30,0.2864,0.3053,0.0116,0.3169
261240,종가 15:30,현물+달러금리,2025-06-02,-0.5052,-0.5072,0.0349,-0.4725
261240,종가 15:30,현물+달러금리,2025-06-04,-0.1472,-0.2622,0.0233,-0.239
261240,종가 15:30,현물+달러금리,2025-06-05,-0.7665,-0.8105,0.0116,-0.799
261240,종가 15:30,현물+달러금리,2025-06-09,-0.1857,-0.1472,0.0466,-0.1007
261240,종가 15:30,현물+달러금리,2025-06-10,0.625,0.5824,0.0116,0.5941
261240,종가 15:30,현물+달러금리,2025-06-11,0.6655,0.7843,0.0117,0.796
261240,종가 15:30,현물+달러금리,2025-06-12,-1.1679,-1.1855,0.0117,-1.1739
261240,종가 15:30,현물+달러금리,2025-06-13,0.8101,0.8022,0.0117,0.814
261240,종가 15:30,현물+달러금리,2025-06-16,-0.435,-0.4235,0.035,-0.3886
261240,종가 15:30,현물+달러금리,2025-06-17,0.037,-0.0807,0.0116,-0.069
261240,종가 15:30,현물+달러금리,2025-06-18,0.5848,0.4917,0.0116,0.5033
261240,종가 15:30,현물+달러금리,2025-06-19,0.8021,0.7887,0.0116,0.8003
261240,종가 15:30,현물+달러금리,2025-06-20,-1.0147,-1.0578,0.0116,-1.0464
261240,종가 15:30,현물+달러금리,2025-06-23,1.2464,1.3694,0.0346,1.4044
261240,종가 15:30,현물+달러금리,2025-06-24,-1.6608,-1.741,0.0115,-1.7297
261240,종가 15:30,현물+달러금리,2025-06-25,0.1778,0.1617,0.0115,0.1732
261240,종가 15:30,현물+달러금리,2025-06-26,-0.3623,-0.4037,0.0115,-0.3923
261240,종가 15:30,현물+달러금리,2025-06-27,0.0371,0.0368,0.0115,0.0484
261240,종가 15:30,현물+달러금리,2025-06-30,-0.5861,-0.5452,0.0345,-0.5108
261240,종가 15:30,현물+달러금리,2025-07-01,0.4776,0.437,0.0116,0.4487
261240,종가 15:30,현물+달러금리,2025-07-02,0.2971,0.2065,0.0116,0.2181
261240,종가 15:30,현물+달러금리,2025-07-03,0.0,0.0515,0.0116,0.0631
261240,종가 15:30,현물+달러금리,2025-07-04,0.2147,0.2133,0.0117,0.225
261240,종가 15:30,현물+달러금리,2025-07-07,0.4803,0.4037,0.035,0.4389
261240,종가 15:30,현물+달러금리,2025-07-08,0.0368,0.0073,0.0117,0.019
261240,종가 15:30,현물+달러금리,2025-07-09,0.4704,0.519,0.0117,0.5308
261240,종가 15:30,현물+달러금리,2025-07-10,-0.2195,-0.3636,0.0117,-0.352
261240,종가 15:30,현물+달러금리,2025-07-11,0.33,0.3942,0.0116,0.4059
261240,종가 15:30,현물+달러금리,2025-07-14,0.3581,0.4217,0.0349,0.4568
261240,종가 15:30,현물+달러금리,2025-07-15,0.0,-0.0724,0.0117,-0.0607
261240,종가 15:30,현물+달러금리,2025-07-16,0.4369,0.3985,0.0116,0.4102
261240,종가 15:30,현물+달러금리,2025-07-17,0.464,0.4979,0.0116,0.5096
261240,종가 15:30,현물+달러금리,2025-07-18,0.0722,0.0287,0.0116,0.0403
261240,종가 15:30,현물+달러금리,2025-07-21,-0.2813,-0.3446,0.0348,-0.3099
261240,종가 15:30,현물+달러금리,2025-07-22,-0.0723,-0.0288,0.0116,-0.0172
261240,종가 15:30,현물+달러금리,2025-07-23,-0.6441,-0.5765,0.0116,-0.5649
261240,종가 15:30,현물+달러금리,2025-07-24,-0.7649,-0.9132,0.0116,-0.9016
261240,종가 15:30,현물+달러금리,2025-07-25,0.7708,0.7826,0.0116,0.7944
261240,종가 15:30,현물+달러금리,2025-07-28,0.2112,0.2976,0.0349,0.3326
261240,종가 15:30,현물+달러금리,2025-07-29,0.7196,0.6512,0.0116,0.6629
261240,종가 15:30,현물+달러금리,2025-07-30,-0.5341,-0.5679,0.0116,-0.5564
261240,종가 15:30,현물+달러금리,2025-07-31,0.3628,0.282,0.0116,0.2937
261240,종가 15:30,현물+달러금리,2025-08-01,1.0338,1.0382,0.0116,1.0499
261240,종가 15:30,현물+달러금리,2025-08-04,-1.2379,-1.156,0.0344,-1.1219
261240,종가 15:30,현물+달러금리,2025-08-05,0.3188,0.2238,0.0114,0.2352
261240,종가 15:30,현물+달러금리,2025-08-06,0.0361,0.0864,0.0114,0.0978
261240,종가 15:30,현물+달러금리,2025-08-07,-0.5343,-0.5973,0.0113,-0.5861
261240,종가 15:30,현물+달러금리,2025-08-08,0.5371,0.6082,0.0113,0.6196
261240,종가 15:30,현물+달러금리,2025-08-11,0.0,-0.1151,0.034,-0.0812
261240,종가 15:30,현물+달러금리,2025-08-12,0.1805,0.1369,0.0114,0.1483
261240,종가 15:30,현물+달러금리,2025-08-13,-0.5693,-0.59,0.0113,-0.5787
261240,종가 15:30,현물+달러금리,2025-08-14,-0.0725,0.0217,0.0113,0.033
261240,종가 15:30,현물+달러금리,2025-08-18,0.1813,0.2171,0.0452,0.2623
261240,종가 15:30,현물+달러금리,2025-08-19,0.4996,0.426,0.0113,0.4374
261240,종가 15:30,현물+달러금리,2025-08-20,0.6772,0.5392,0.0113,0.5506
261240,종가 15:30,현물+달러금리,2025-08-21,0.0,0.0,0.0113,0.0113
261240,종가 15:30,현물+달러금리,2025-08-22,-0.4937,-0.3719,0.0113,-0.3606
261240,종가 15:30,현물+달러금리,2025-08-25,-0.4674,-0.6101,0.0337,-0.5766
261240,종가 15:30,현물+달러금리,2025-08-26,0.7875,0.8016,0.0112,0.8129
261240,종가 15:30,현물+달러금리,2025-08-27,0.0358,0.0358,0.0112,0.0471
261240,종가 15:30,현물+달러금리,2025-08-28,-0.6019,-0.6231,0.0112,-0.612
261240,종가 15:30,현물+달러금리,2025-08-29,0.1081,0.1802,0.0112,0.1914
261240,종가 15:30,현물+달러금리,2025-09-01,0.3241,0.259,0.0333,0.2923
261240,종가 15:30,현물+달러금리,2025-09-02,-0.1077,-0.1937,0.0111,-0.1827
261240,종가 15:30,현물+달러금리,2025-09-03,0.1078,0.0935,0.0111,0.1046
261240,종가 15:30,현물+달러금리,2025-09-04,0.0359,0.0144,0.011,0.0254
261240,종가 15:30,현물+달러금리,2025-09-05,-0.1435,-0.1077,0.011,-0.0967
261240,종가 15:30,현물+달러금리,2025-09-08,-0.0719,-0.0288,0.0322,0.0035
261240,종가 15:30,현물+달러금리,2025-09-09,-0.1798,-0.1942,0.0108,-0.1834
261240,종가 15:30,현물+달러금리,2025-09-10,0.0,-0.0937,0.0108,-0.0829
261240,종가 15:30,현물+달러금리,2025-09-11,0.3242,0.375,0.0108,0.3859
261240,종가 15:30,현물+달러금리,2025-09-12,-0.1436,-0.2587,0.0108,-0.2479
261240,종가 15:30,현물+달러금리,2025-09-15,0.036,0.0576,0.0324,0.09
261240,종가 15:30,현물+달러금리,2025-09-16,-0.7117,-0.7271,0.0107,-0.7165
261240,종가 15:30,현물+달러금리,2025-09-17,0.1086,0.087,0.0107,0.0977
261240,종가 15:30,현물+달러금리,2025-09-18,0.5713,0.5579,0.0106,0.5686
261240,종가 15:30,현물+달러금리,2025-09-19,0.4602,0.4179,0.0107,0.4286
261240,종가 15:30,현물+달러금리,2025-09-22,-0.0716,-0.0718,0.032,-0.0398
261240,종가 15:30,현물+달러금리,2025-09-23,0.0716,0.0,0.0106,0.0106
261240,종가 15:30,현물+달러금리,2025-09-24,0.3221,0.3519,0.0106,0.3625
261240,종가 15:30,현물+달러금리,2025-09-25,0.2141,0.2218,0.0106,0.2325
261240,종가 15:30,현물+달러금리,2025-09-26,0.8758,0.8425,0.0107,0.8532
261240,종가 15:30,현물+달러금리,2025-09-29,-0.9034,-0.97,0.0318,-0.9385
261240,종가 15:30,현물+달러금리,2025-09-30,0.2778,0.3003,0.0106,0.3109
261240,종가 15:30,현물+달러금리,2025-10-01,0.0355,0.0214,0.0106,0.032
261240,종가 15:30,현물+달러금리,2025-10-02,-0.1775,-0.2281,0.0105,-0.2175
261240,종가 15:30,현물+달러금리,2025-10-10,1.4866,1.5,0.0846,1.5859
261240,종가 15:30,현물+달러금리,2025-10-13,0.3434,0.3378,0.0317,0.3696
261240,종가 15:30,현물+달러금리,2025-10-14,0.4191,0.3647,0.0106,0.3753
261240,종가 15:30,현물+달러금리,2025-10-15,-0.7582,-0.6778,0.0105,-0.6674
261240,종가 15:30,현물+달러금리,2025-10-16,-0.1402,-0.2392,0.0106,-0.2286
261240,종가 15:30,현물+달러금리,2025-10-17,0.2386,0.2327,0.0106,0.2433
261240,종가 15:30,현물+달러금리,2025-10-20,-0.2381,-0.1407,0.0316,-0.1092
261240,종가 15:30,현물+달러금리,2025-10-21,0.765,0.606,0.0104,0.6165
261240,종가 15:30,현물+달러금리,2025-10-22,0.0697,0.1401,0.0104,0.1505
261240,종가 15:30,현물+달러금리,2025-10-23,0.6543,0.6854,0.0104,0.6959
261240,종가 15:30,현물+달러금리,2025-10-24,-0.0346,-0.1737,0.0104,-0.1633
261240,종가 15:30,현물+달러금리,2025-10-27,-0.3459,-0.3758,0.031,-0.3449
261240,종가 15:30,현물+달러금리,2025-10-28,0.3471,0.4191,0.0102,0.4293
261240,종가 15:30,현물+달러금리,2025-10-29,-0.3459,-0.4173,0.0102,-0.4072
261240,종가 15:30,현물+달러금리,2025-10-30,-0.4443,-0.3632,0.0103,-0.3529
261240,종가 15:30,현물+달러금리,2025-10-31,-0.0349,-0.1472,0.0103,-0.1369
261240,종가 15:30,현물+달러금리,2025-11-03,0.2441,0.3089,0.0307,0.3397
261240,종가 15:30,현물+달러금리,2025-11-04,0.654,0.6369,0.0105,0.6474
261240,종가 15:30,현물+달러금리,2025-11-05,0.8572,0.7998,0.0104,0.8103
261240,종가 15:30,현물+달러금리,2025-11-06,-0.0343,-0.1173,0.0104,-0.1069
261240,종가 15:30,현물+달러금리,2025-11-07,0.6445,0.6355,0.0103,0.6459
261240,종가 15:30,현물+달러금리,2025-11-10,-0.4087,-0.3775,0.031,-0.3466
261240,종가 15:30,현물+달러금리,2025-11-11,0.8482,0.8199,0.0104,0.8304
261240,종가 15:30,현물+달러금리,2025-11-12,0.2035,0.164,0.0104,0.1744
261240,종가 15:30,현물+달러금리,2025-11-13,0.2978,0.1365,0.0104,0.1469
261240,종가 15:30,현물+달러금리,2025-11-14,-0.8639,-0.729,0.0104,-0.7187
261240,종가 15:30,현물+달러금리,2025-11-17,0.034,0.0686,0.0312,0.0999
261240,종가 15:30,현물+달러금리,2025-11-18,0.4696,0.5007,0.0104,0.5111
261240,종가 15:30,현물+달러금리,2025-11-19,0.0677,0.0205,0.0104,0.0308
261240,종가 15:30,현물+달러금리,2025-11-20,0.2031,0.1569,0.0104,0.1673
261240,종가 15:30,현물+달러금리,2025-11-21,0.4323,0.5246,0.0104,0.535
261240,종가 15:30,현물+달러금리,2025-11-24,0.1009,0.1017,0.0308,0.1325
261240,종가 15:30,현물+달러금리,2025-11-25,-0.2016,-0.3182,0.0103,-0.3079
261240,종가 15:30,현물+달러금리,2025-11-26,-0.4646,-0.4618,0.0102,-0.4516
261240,종가 15:30,현물+달러금리,2025-11-27,-0.1353,-0.0478,0.0103,-0.0375
261240,종가 15:30,현물+달러금리,2025-11-28,0.5013,0.3891,0.0103,0.3994
261240,종가 15:30,현물+달러금리,2025-12-01,0.0,-0.0476,0.0307,-0.017
261240,종가 15:30,현물+달러금리,2025-12-02,-0.1011,-0.102,0.0102,-0.0919
261240,종가 15:30,현물+달러금리,2025-12-03,0.0,-0.0272,0.0101,-0.0172
261240,종가 15:30,현물+달러금리,2025-12-04,0.4048,0.3747,0.01,0.3847
261240,종가 15:30,현물+달러금리,2025-12-05,-0.3024,-0.319,0.0099,-0.3091
261240,종가 15:30,현물+달러금리,2025-12-08,-0.1348,-0.1294,0.0298,-0.0996
261240,종가 15:30,현물+달러금리,2025-12-09,0.27,0.3681,0.01,0.3781
261240,종가 15:30,현물+달러금리,2025-12-10,-0.101,-0.129,0.01,-0.1191
261240,종가 15:30,현물+달러금리,2025-12-11,0.2695,0.1768,0.0099,0.1867
261240,종가 15:30,현물+달러금리,2025-12-12,0.0672,0.0475,0.0098,0.0573
261240,종가 15:30,현물+달러금리,2025-12-15,-0.1679,-0.1832,0.0291,-0.1542
261240,종가 15:30,현물+달러금리,2025-12-16,0.4305,0.4079,0.0098,0.4177
261240,종가 15:30,현물+달러금리,2025-12-17,0.1339,0.1896,0.0098,0.1993
261240,종가 15:30,현물+달러금리,2025-12-18,0.0,-0.1014,0.0097,-0.0916
261240,종가 15:30,현물+달러금리,2025-12-19,-0.2007,-0.1353,0.0097,-0.1256
261240,종가 15:30,현물+달러금리,2025-12-22,0.3351,0.2574,0.0291,0.2866
261240,종가 15:30,현물+달러금리,2025-12-23,0.2672,0.2365,0.0098,0.2462
261240,종가 15:30,현물+달러금리,2025-12-24,-2.0518,-2.2782,0.0098,-2.2687
261240,종가 15:30,현물+달러금리,2025-12-26,-0.7345,-0.6553,0.0197,-0.6357
261240,종가 15:30,현물+달러금리,2025-12-29,-0.6509,-0.729,0.0293,-0.7
261240,종가 15:30,현물+달러금리,2025-12-30,0.5517,0.6434,0.0098,0.6533
261240,종가 15:30,현물+달러금리,2026-01-02,0.2401,0.1946,0.0292,0.2238
261240,종가 15:30,현물+달러금리,2026-01-05,0.1368,0.1387,0.0291,0.1679
261240,종가 15:30,현물+달러금리,2026-01-06,0.1025,0.1108,0.0097,0.1205
261240,종가 15:30,현물+달러금리,2026-01-07,0.0,0.0277,0.0097,0.0373
261240,종가 15:30,현물+달러금리,2026-01-08,0.3072,0.332,0.0096,0.3417
261240,종가 15:30,현물+달러금리,2026-01-09,0.6125,0.4826,0.0096,0.4922
261240,종가 15:30,현물+달러금리,2026-01-12,0.7102,0.7409,0.0289,0.7701
261240,종가 15:30,현물+달러금리,2026-01-13,0.3694,0.3609,0.0098,0.3707
261240,종가 15:30,현물+달러금리,2026-01-14,0.2342,0.2579,0.0098,0.2677
261240,종가 15:30,현물+달러금리,2026-01-15,-0.4673,-0.5279,0.0098,-0.5182
261240,종가 15:30,현물+달러금리,2026-01-16,0.2347,0.2654,0.0098,0.2752
261240,종가 15:30,현물+달러금리,2026-01-19,0.0335,0.0068,0.0293,0.0361
261240,종가 15:30,현물+달러금리,2026-01-20,0.2676,0.2986,0.0098,0.3084
261240,종가 15:30,현물+달러금리,2026-01-21,-0.4336,-0.4601,0.0098,-0.4503
261240,종가 15:30,현물+달러금리,2026-01-22,-0.1005,-0.0952,0.0098,-0.0853
261240,종가 15:30,현물+달러금리,2026-01-23,-0.3018,-0.2789,0.0099,-0.2691
261240,종가 15:30,현물+달러금리,2026-01-26,-1.6482,-1.7192,0.0295,-1.6902
261240,종가 15:30,현물+달러금리,2026-01-27,0.2394,0.3887,0.0098,0.3986
261240,종가 15:30,현물+달러금리,2026-01-28,-1.4671,-1.6388,0.0098,-1.6291
261240,종가 15:30,현물+달러금리,2026-01-29,0.1731,0.2671,0.0098,0.277
261240,종가 15:30,현물+달러금리,2026-01-30,1.0024,0.9255,0.0098,0.9354
261240,종가 15:30,현물+달러금리,2026-02-02,1.6427,1.7228,0.0294,1.7528
261240,종가 15:30,현물+달러금리,2026-02-03,-1.1111,-1.2907,0.0099,-1.281
261240,종가 15:30,현물+달러금리,2026-02-04,0.2383,0.3321,0.0099,0.342
261240,종가 15:30,현물+달러금리,2026-02-05,1.2568,1.2964,0.0099,1.3064
261240,종가 15:30,현물+달러금리,2026-02-06,0.0335,0.034,0.0098,0.0439
261240,종가 15:30,현물+달러금리,2026-02-09,-0.4695,-0.6261,0.0296,-0.5967
261240,종가 15:30,현물+달러금리,2026-02-10,-0.2022,-0.0822,0.0099,-0.0723
261240,종가 15:30,현물+달러금리,2026-02-11,-0.5402,-0.6168,0.0099,-0.607
261240,종가 15:30,현물+달러금리,2026-02-12,-0.5092,-0.6827,0.0099,-0.6729
261240,종가 15:30,현물+달러금리,2026-02-13,0.1706,0.3263,0.0099,0.3363
261240,종가 15:30,현물+달러금리,2026-02-19,0.2044,0.0415,0.0592,0.1007
261240,종가 15:30,현물+달러금리,2026-02-20,0.0,0.0761,0.0099,0.086
261240,종가 15:30,현물+달러금리,2026-02-23,-0.3739,-0.4562,0.0296,-0.4268
261240,종가 15:30,현물+달러금리,2026-02-24,0.1706,0.1736,0.0099,0.1835
261240,종가 15:30,현물+달러금리,2026-02-25,-0.8856,-0.9081,0.0099,-0.8984
261240,종가 15:30,현물+달러금리,2026-02-26,-0.2405,-0.2519,0.0099,-0.242
261240,종가 15:30,현물+달러금리,2026-02-27,0.8956,0.9749,0.0099,0.9849
261240,종가 15:30,현물+달러금리,2026-03-03,1.9461,1.8337,0.0393,1.8738
261240,종가 15:30,현물+달러금리,2026-03-04,0.7033,0.6889,0.0099,0.6988
261240,종가 15:30,현물+달러금리,2026-03-05,-0.4988,-0.5487,0.0099,-0.5389
261240,종가 15:30,현물+달러금리,2026-03-06,0.4345,0.5654,0.0098,0.5752
261240,종가 15:30,현물+달러금리,2026-03-09,1.3977,1.2937,0.0294,1.3235
261240,종가 15:30,현물+달러금리,2026-03-10,-1.7066,-1.7586,0.0099,-1.7489
261240,종가 15:30,현물+달러금리,2026-03-11,-0.2671,-0.1838,0.0099,-0.1739
261240,종가 15:30,현물+달러금리,2026-03-12,1.0044,1.0024,0.0099,1.0124
261240,종가 15:30,현물+달러금리,2026-03-13,0.8949,0.8439,0.0099,0.8539
261240,종가 15:30,현물+달러금리,2026-03-16,0.23,0.2544,0.0297,0.2841
261240,종가 15:30,현물+달러금리,2026-03-17,-0.295,-0.2604,0.0099,-0.2506
261240,종가 15:30,현물+달러금리,2026-03-18,-0.6903,-0.703,0.0099,-0.6932
261240,종가 15:30,현물+달러금리,2026-03-19,1.3241,1.2069,0.0099,1.217
261240,종가 15:30,현물+달러금리,2026-03-20,-0.0327,-0.0266,0.0099,-0.0167
261240,종가 15:30,현물+달러금리,2026-03-23,1.1438,1.1129,0.0298,1.1431
261240,종가 15:30,현물+달러금리,2026-03-24,-1.4216,-1.4565,0.0099,-1.4467
261240,종가 15:30,현물+달러금리,2026-03-25,0.2622,0.301,0.0099,0.3109
261240,종가 15:30,현물+달러금리,2026-03-26,0.523,0.4868,0.0099,0.4968
261240,종가 15:30,현물+달러금리,2026-03-27,0.065,0.1261,0.0099,0.136
261240,종가 15:30,현물+달러금리,2026-03-30,0.52,0.4507,0.0298,0.4805
261240,종가 15:30,현물+달러금리,2026-03-31,1.1962,0.9501,0.0099,0.9601
261240,종가 15:30,현물+달러금리,2026-04-01,-2.0447,-1.8822,0.0099,-1.8725
261240,종가 15:30,현물+달러금리,2026-04-02,1.2394,1.2256,0.0099,1.2356
261240,종가 15:30,현물+달러금리,2026-04-03,-0.9987,-0.9541,0.0099,-0.9443
261240,종가 15:30,현물+달러금리,2026-04-06,0.0325,0.0731,0.0298,0.1029
261240,종가 15:30,현물+달러금리,2026-04-07,-0.0976,-0.1394,0.01,-0.1295
261240,종가 15:30,현물+달러금리,2026-04-08,-2.1491,-2.2337,0.0099,-2.224
261240,종가 15:30,현물+달러금리,2026-04-09,0.7321,0.8092,0.0099,0.8192
261240,종가 15:30,현물+달러금리,2026-04-10,-0.033,0.0,0.0099,0.0099
261240,종가 15:30,현물+달러금리,2026-04-13,0.5618,0.4587,0.0296,0.4884
261240,종가 15:30,현물+달러금리,2026-04-14,-0.5258,-0.5439,0.0099,-0.534
261240,종가 15:30,현물+달러금리,2026-04-15,-0.4625,-0.4726,0.0099,-0.4627
261240,종가 15:30,현물+달러금리,2026-04-16,-0.0996,0.0271,0.0099,0.0371
261240,종가 15:30,현물+달러금리,2026-04-17,0.598,0.6036,0.0099,0.6135
261240,종가 15:30,현물+달러금리,2026-04-20,-0.2972,-0.4247,0.0297,-0.3951
261240,종가 15:30,현물+달러금리,2026-04-21,-0.53,-0.589,0.0099,-0.5791
261240,종가 15:30,현물+달러금리,2026-04-22,0.4995,0.5107,0.0099,0.5206
261240,종가 15:30,현물+달러금리,2026-04-23,0.2319,0.3388,0.0099,0.3486
261240,종가 15:30,현물+달러금리,2026-04-24,0.2975,0.2363,0.0099,0.2462
261240,종가 15:30,현물+달러금리,2026-04-27,-0.7581,-0.8084,0.0296,-0.779
261240,종가 15:30,현물+달러금리,2026-04-28,0.0,0.0747,0.0099,0.0846
261240,종가 15:30,현물+달러금리,2026-04-29,0.465,0.3664,0.0099,0.3763
261240,종가 15:30,현물+달러금리,2026-04-30,0.3636,0.2907,0.0099,0.3006
261240,종가 15:30,현물+달러금리,2026-05-04,-1.3175,-1.3821,0.0393,-1.3433
261240,종가 15:30,현물+달러금리,2026-05-06,-0.6342,-0.5264,0.0198,-0.5067
261240,종가 15:30,현물+달러금리,2026-05-07,0.0,-0.0756,0.0099,-0.0657
261240,종가 15:30,현물+달러금리,2026-05-08,1.0413,1.2173,0.0099,1.2273
261240,종가 15:30,현물+달러금리,2026-05-11,0.266,0.0476,0.0296,0.0772
261240,종가 15:30,현물+달러금리,2026-05-12,0.9947,1.1885,0.0099,1.1985
261240,종가 15:30,현물+달러금리,2026-05-13,0.1313,0.047,0.0099,0.0569
261240,종가 15:30,현물+달러금리,2026-05-14,0.0328,0.0268,0.0099,0.0367
261240,종가 15:30,현물+달러금리,2026-05-15,0.7866,0.6573,0.0099,0.6672
261240,종가 15:30,현물+달러금리,2026-05-18,-0.065,-0.0333,0.0296,-0.0037
261240,종가 15:30,현물+달러금리,2026-05-19,0.5207,0.4999,0.0099,0.5098
261240,종가 15:30,현물+달러금리,2026-05-20,-0.1942,-0.0663,0.0098,-0.0565
261240,종가 15:30,현물+달러금리,2026-05-21,0.0649,-0.0465,0.0098,-0.0367
261240,종가 15:30,현물+달러금리,2026-05-22,0.7455,0.737,0.0098,0.7469
261240,종가 15:30,현물+달러금리,2026-05-26,-0.7722,-0.8503,0.0393,-0.8112
261240,종가 15:30,현물+달러금리,2026-05-27,-0.227,-0.2061,0.0099,-0.1962
261240,종가 15:30,현물+달러금리,2026-05-28,0.13,0.1066,0.0098,0.1164
261240,종가 15:30,현물+달러금리,2026-05-29,0.357,0.3394,0.0099,0.3493
261240,종가 15:30,현물+달러금리,2026-06-01,-0.3234,-0.2387,0.0296,-0.2092
261240,종가 15:30,현물+달러금리,2026-06-02,0.9085,0.8044,0.0099,0.8144
261240,종가 15:30,현물+달러금리,2026-06-04,0.8682,0.8771,0.0199,0.8971
261240,종가 15:30,현물+달러금리,2026-06-05,0.7651,0.6145,0.0099,0.6245
261240,종가 15:30,현물+달러금리,2026-06-08,-0.3164,-0.2664,0.0298,-0.2366
261240,종가 15:30,현물+달러금리,2026-06-09,-1.5551,-1.4919,0.01,-1.482
261240,종가 15:30,현물+달러금리,2026-06-10,0.677,0.8002,0.01,0.8103
261240,종가 15:30,현물+달러금리,2026-06-11,0.5123,0.3084,0.01,0.3184
261240,종가 15:30,현물+달러금리,2026-06-12,-0.7646,-0.5952,0.0099,-0.5853
261240,종가 15:30,현물+달러금리,2026-06-15,-0.4494,-0.5724,0.0298,-0.5428
261240,종가 15:30,현물+달러금리,2026-06-16,0.0967,0.0331,0.01,0.0431
261240,종가 15:30,현물+달러금리,2026-06-17,0.1289,0.1191,0.01,0.1291
261240,종가 15:30,현물+달러금리,2026-06-18,0.8044,0.9052,0.0101,0.9154
261240,종가 15:30,현물+달러금리,2026-06-19,0.1277,-0.0065,0.0101,0.0035
261240,종가 15:30,현물+달러금리,2026-06-22,0.6694,0.6549,0.0302,0.6852
261240,종가 15:30,현물+달러금리,2026-06-23,0.1583,0.1366,0.0101,0.1468
261240,종가 15:30,현물+달러금리,2026-06-24,0.0632,0.1754,0.0101,0.1856
261240,종가 15:30,현물+달러금리,2026-06-25,0.0,0.0584,0.0101,0.0685
261240,종가 15:30,현물+달러금리,2026-06-26,-0.3791,-0.6936,0.0101,-0.6835
261240,종가 15:30,현물+달러금리,2026-06-29,0.4123,0.8616,0.0302,0.892
261240,종가 15:30,현물+달러금리,2026-06-30,0.537,0.2718,0.0102,0.2821
261240,종가 15:30,현물+달러금리,2026-07-01,0.4713,0.355,0.0102,0.3653
261240,종가 15:30,현물+달러금리,2026-07-02,-0.0938,0.0579,0.0102,0.0681
261240,종가 15:30,현물+달러금리,2026-07-03,-1.6901,-1.9411,0.0101,-1.9312
261240,종가 15:30,현물+달러금리,2026-07-06,0.1592,0.3081,0.0302,0.3384
261240,종가 15:30,현물+달러금리,2026-07-07,-0.1907,-0.1372,0.0102,-0.127
261240,종가 15:30,현물+달러금리,2026-07-08,-1.7197,-1.9435,0.0102,-1.9334
261240,종가 15:30,현물+달러금리,2026-07-09,0.3889,0.5072,0.0102,0.5174
261240,종가 15:30,현물+달러금리,2026-07-10,-0.226,-0.3121,0.0101,-0.302
261240,종가 15:30,현물+달러금리,2026-07-13,0.1294,0.1332,0.0305,0.1637
261240,종가 15:30,현물+달러금리,2026-07-14,-0.6785,-0.6918,0.0103,-0.6815
261240,종가 15:30,현물+달러금리,2026-07-15,-0.488,-0.5559,0.0102,-0.5458
261240,종가 15:30,현물+달러금리,2026-07-16,-0.3269,-0.2896,0.0101,-0.2795
261240,종가 15:30,현물+달러금리,2026-07-20,-0.2296,-0.1351,0.0405,-0.0946
261240,종가 15:30,현물+달러금리,2026-07-21,-0.3616,-0.3382,0.0102,-0.328
261240,종가 15:30,현물+달러금리,2026-07-22,0.5939,0.4547,0.0102,0.465
261240,종가 15:30,현물+달러금리,2026-07-23,-0.9183,-0.8986,0.0103,-0.8884
261240,종가 15:30,현물+달러금리,2026-07-24,0.0,-0.0136,0.0104,-0.0032
261240,종가 15:30,현물+달러금리,2026-07-27,0.1655,0.1296,0.0313,0.1609
261240,종가 15:30,현물+달러금리,2026-07-28,-0.3966,-0.4086,0.0105,-0.3982
261240,종가 15:30,현물+달러금리,2026-07-29,-1.0285,-1.0803,0.0103,-1.0701
261240,종가 15:30,현물+달러금리,2026-07-30,-0.6369,-0.6428,0.0101,-0.6328
261240,종가 15:30,현물+달러금리,2026-07-31,-0.8772,-0.9322,0.0101,-0.9222
261240,종가 15:30,현물+달러금리,2026-08-03,0.2383,0.4073,0.0303,0.4378
261240,종가 15:30,현물+달러금리,2026-08-04,0.2716,0.1888,0.0103,0.1991
261240,종가 15:30,현물+달러금리,2026-08-05,-0.5418,-0.5585,0.0102,-0.5483
261240,종가 15:30,현물+달러금리,2026-08-06,-0.1362,-0.0491,0.0102,-0.0389
261240,종가 15:30,현물+달러금리,2026-08-07,-0.375,-0.5408,0.0102,-0.5306
261240,종가 15:30,현물+달러금리,2026-08-10,0.1369,0.1624,0.0306,0.193
261240,종가 15:30,현물+달러금리,2026-08-11,-0.1709,-0.1692,0.0102,-0.159
261240,종가 15:30,현물+달러금리,2026-08-12,0.0342,-0.0212,0.0102,-0.0109
261240,종가 15:30,현물+달러금리,2026-08-13,0.1369,0.2614,0.0102,0.2716
261240,종가 15:30,현물+달러금리,2026-08-14,-0.1367,-0.0775,0.0102,-0.0673
261240,종가 15:30,현물+달러금리,2026-08-18,-0.3422,-0.4583,0.0407,-0.4178
261240,종가 15:30,현물+달러금리,2026-08-19,-0.8929,-0.9987,0.0102,-0.9887
261240,종가 15:30,현물+달러금리,2026-08-20,-0.3465,-0.3649,0.0102,-0.3548
261240,종가 15:30,현물+달러금리,2026-08-21,-0.452,-0.438,0.0102,-0.4279
261240,매매기준율,현물+금리차,2016-12-28,0.1005,0.1908,-0.0028,0.188
261240,매매기준율,현물+금리차,2016-12-29,0.0502,0.0745,-0.0028,0.0718
261240,매매기준율,현물+금리차,2017-01-02,0.0,-0.0579,-0.0116,-0.0695
261240,매매기준율,현물+금리차,2017-01-03,-0.3413,-0.1325,-0.0028,-0.1353
261240,매매기준율,현물+금리차,2017-01-04,0.1007,0.0415,-0.0027,0.0387
261240,매매기준율,현물+금리차,2017-01-05,-1.4993,-1.2513,-0.0027,-1.254
261240,매매기준율,현물+금리차,2017-01-06,0.5516,-0.2098,-0.0027,-0.2125
261240,매매기준율,현물+금리차,2017-01-09,1.1582,1.3792,-0.008,1.3711
261240,매매기준율,현물+금리차,2017-01-10,-1.0445,-0.5641,-0.0027,-0.5668
261240,매매기준율,현물+금리차,2017-01-11,-0.1522,-0.1919,-0.0027,-0.1946
261240,매매기준율,현물+금리차,2017-01-12,-0.7014,-1.1367,-0.0027,-1.1394
261240,매매기준율,현물+금리차,2017-01-13,-0.7575,-0.4312,-0.0027,-0.4339
261240,매매기준율,현물+금리차,2017-01-16,0.6601,0.2378,-0.008,0.2298
261240,매매기준율,현물+금리차,2017-01-17,-0.7583,0.0339,-0.0027,0.0312
261240,매매기준율,현물+금리차,2017-01-18,-0.6195,-1.2956,-0.0026,-1.2982
261240,매매기준율,현물+금리차,2017-01-19,0.987,0.9866,-0.0027,0.9839
261240,매매기준율,현물+금리차,2017-01-20,-0.7716,-0.3908,-0.0027,-0.3935
261240,매매기준율,현물+금리차,2017-01-23,-0.4044,-0.4947,-0.0082,-0.5028
261240,매매기준율,현물+금리차,2017-01-24,0.0,-0.2657,-0.0027,-0.2684
261240,매매기준율,현물+금리차,2017-01-25,0.0,0.2234,-0.0027,0.2207
261240,매매기준율,현물+금리차,2017-01-26,-0.5726,-0.7203,-0.0027,-0.723
261240,매매기준율,현물+금리차,2017-01-31,0.3665,0.6651,-0.0136,0.6514
261240,매매기준율,현물+금리차,2017-02-01,-0.2608,-0.8837,-0.0027,-0.8864
261240,매매기준율,현물+금리차,2017-02-02,-0.9832,-0.5194,-0.0027,-0.5221
261240,매매기준율,현물+금리차,2017-02-03,0.0528,-0.2088,-0.0027,-0.2115
261240,매매기준율,현물+금리차,2017-02-06,-0.834,-0.7935,-0.0081,-0.8016
261240,매매기준율,현물+금리차,2017-02-07,0.5217,0.3867,-0.0026,0.3841
261240,매매기준율,현물+금리차,2017-02-08,0.1589,0.2889,-0.0026,0.2863
261240,매매기준율,현물+금리차,2017-02-09,0.0,0.0262,-0.0026,0.0236
261240,매매기준율,현물+금리차,2017-02-10,0.3172,0.4975,-0.0026,0.4949
261240,매매기준율,현물+금리차,2017-02-13,0.1581,0.0434,-0.0078,0.0356
261240,매매기준율,현물+금리차,2017-02-14,-1.1997,-0.6424,-0.0027,-0.6451
261240,매매기준율,현물+금리차,2017-02-15,0.2556,-0.2534,-0.0026,-0.256
261240,매매기준율,현물+금리차,2017-02-16,0.0,-0.2365,-0.0026,-0.2391
261240,매매기준율,현물+금리차,2017-02-17,0.5312,0.5619,-0.0027,0.5593
261240,매매기준율,현물+금리차,2017-02-20,0.1585,0.2008,-0.008,0.1928
261240,매매기준율,현물+금리차,2017-02-21,-0.211,-0.0697,-0.0027,-0.0724
261240,매매기준율,현물+금리차,2017-02-22,-0.2644,-0.5145,-0.0026,-0.5171
261240,매매기준율,현물+금리차,2017-02-23,-0.4135,-0.1841,-0.0027,-0.1867
261240,매매기준율,현물+금리차,2017-02-24,-0.5855,-0.6849,-0.0027,-0.6876
261240,매매기준율,현물+금리차,2017-02-27,0.2677,0.0973,-0.0081,0.0892
261240,매매기준율,현물+금리차,2017-02-28,-0.2136,0.0177,-0.0027,0.015
261240,매매기준율,현물+금리차,2017-03-02,0.8456,0.8567,-0.0053,0.8514
261240,매매기준율,현물+금리차,2017-03-03,1.3691,0.937,-0.0023,0.9347
261240,매매기준율,현물+금리차,2017-03-06,0.0,0.295,-0.0065,0.2884
261240,매매기준율,현물+금리차,2017-03-07,-0.7748,-0.4238,-0.0021,-0.4259
261240,매매기준율,현물+금리차,2017-03-08,-0.1055,-0.3996,-0.002,-0.4016
261240,매매기준율,현물+금리차,2017-03-09,1.0986,0.8285,-0.0021,0.8264
261240,매매기준율,현물+금리차,2017-03-10,-0.209,0.1816,-0.0021,0.1795
261240,매매기준율,현물+금리차,2017-03-13,-0.9318,-0.9066,-0.0062,-0.9128
261240,매매기준율,현물+금리차,2017-03-14,0.1585,-0.0349,-0.0019,-0.0368
261240,매매기준율,현물+금리차,2017-03-15,-0.211,-0.0872,-0.002,-0.0891
261240,매매기준율,현물+금리차,2017-03-16,-0.994,-1.2737,-0.0021,-1.2757
261240,매매기준율,현물+금리차,2017-03-17,-0.1068,-0.0265,-0.0021,-0.0286
261240,매매기준율,현물+금리차,2017-03-20,-0.9516,-0.6099,-0.0062,-0.6161
261240,매매기준율,현물+금리차,2017-03-21,-0.2159,-0.6225,-0.002,-0.6245
261240,매매기준율,현물+금리차,2017-03-22,0.4868,0.5638,-0.002,0.5618
261240,매매기준율,현물+금리차,2017-03-23,-0.2691,-0.3381,-0.002,-0.3401
261240,매매기준율,현물+금리차,2017-03-24,0.1619,0.2411,-0.002,0.2391
261240,매매기준율,현물+금리차,2017-03-27,-0.8622,-0.7571,-0.0058,-0.7628
261240,매매기준율,현물+금리차,2017-03-28,0.0544,-0.1526,-0.0019,-0.1545
261240,매매기준율,현물+금리차,2017-03-29,0.1086,0.1348,-0.0019,0.1329
261240,매매기준율,현물+금리차,2017-03-30,0.2713,0.1885,-0.0019,0.1866
261240,매매기준율,현물+금리차,2017-03-31,0.1082,0.2867,-0.0019,0.2848
261240,매매기준율,현물+금리차,2017-04-03,-0.2703,-0.4914,-0.0058,-0.4971
261240,매매기준율,현물+금리차,2017-04-04,0.4337,0.4579,-0.0018,0.456
261240,매매기준율,현물+금리차,2017-04-05,0.367,0.4558,-0.0018,0.454
261240,매매기준율,현물+금리차,2017-04-06,0.6453,0.6228,-0.0018,0.621
261240,매매기준율,현물+금리차,2017-04-07,0.2672,0.3183,-0.0018,0.3165
261240,매매기준율,현물+금리차,2017-04-10,0.6821,0.617,-0.0053,0.6117
261240,매매기준율,현물+금리차,2017-04-11,0.4234,0.3679,-0.0018,0.3661
261240,매매기준율,현물+금리차,2017-04-12,-0.5797,-0.0524,-0.0018,-0.0541
261240,매매기준율,현물+금리차,2017-04-13,-0.8376,-1.1614,-0.0017,-1.1631
261240,매매기준율,현물+금리차,2017-04-14,0.7377,0.6096,-0.0017,0.6079
261240,매매기준율,현물+금리차,2017-04-17,-0.1061,-0.202,-0.0051,-0.2071
261240,매매기준율,현물+금리차,2017-04-18,0.2656,0.1232,-0.0016,0.1215
261240,매매기준율,현물+금리차,2017-04-19,-0.106,0.167,-0.0017,0.1653
261240,매매기준율,현물+금리차,2017-04-20,-0.1061,0.1404,-0.0017,0.1387
261240,매매기준율,현물+금리차,2017-04-21,-0.5203,-0.4205,-0.0018,-0.4223
261240,매매기준율,현물+금리차,2017-04-24,-0.1601,-0.4311,-0.0053,-0.4363
261240,매매기준율,현물+금리차,2017-04-25,-0.5346,-0.106,-0.0017,-0.1077
261240,매매기준율,현물+금리차,2017-04-26,0.1075,-0.4777,-0.0017,-0.4793
261240,매매기준율,현물+금리차,2017-04-27,0.3221,0.4444,-0.0016,0.4428
261240,매매기준율,현물+금리차,2017-04-28,0.5887,0.292,-0.0017,0.2903
261240,매매기준율,현물+금리차,2017-05-02,-0.3724,-0.2382,-0.0068,-0.245
261240,매매기준율,현물+금리차,2017-05-04,0.0534,0.1238,-0.0033,0.1205
261240,매매기준율,현물+금리차,2017-05-08,0.0534,0.0265,-0.0062,0.0203
261240,매매기준율,현물+금리차,2017-05-10,0.2134,0.1854,-0.0028,0.1826
261240,매매기준율,현물+금리차,2017-05-11,-0.5323,-0.3614,-0.0014,-0.3628
261240,매매기준율,현물+금리차,2017-05-12,-0.107,-0.3185,-0.0015,-0.3199
261240,매매기준율,현물+금리차,2017-05-15,-0.2679,-0.1242,-0.0044,-0.1287
261240,매매기준율,현물+금리차,2017-05-16,-0.6876,-0.6842,-0.0014,-0.6856
261240,매매기준율,현물+금리차,2017-05-17,0.1623,0.0626,-0.0014,0.0612
261240,매매기준율,현물+금리차,2017-05-18,0.6372,0.608,-0.0014,0.6066
261240,매매기준율,현물+금리차,2017-05-19,0.0,0.2044,-0.0013,0.2031
261240,매매기준율,현물+금리차,2017-05-22,-0.5795,-0.9224,-0.004,-0.9264
261240,매매기준율,현물+금리차,2017-05-23,0.367,0.3133,-0.0013,0.312
261240,매매기준율,현물+금리차,2017-05-24,0.3764,0.5354,-0.0013,0.5341
261240,매매기준율,현물+금리차,2017-05-25,-1.0072,-0.7634,-0.0013,-0.7646
261240,매매기준율,현물+금리차,2017-05-26,0.3247,0.1342,-0.0013,0.1329
261240,매매기준율,현물+금리차,2017-05-29,0.2158,0.0536,-0.0038,0.0498
261240,매매기준율,현물+금리차,2017-05-30,0.2045,0.3393,-0.0013,0.338
261240,매매기준율,현물+금리차,2017-05-31,-0.3653,-0.1868,-0.0013,-0.1881
261240,매매기준율,현물+금리차,2017-06-01,0.1617,-0.1248,-0.0012,-0.1259
261240,매매기준율,현물+금리차,2017-06-02,0.0538,0.0446,-0.0012,0.0435
261240,매매기준율,현물+금리차,2017-06-05,-0.3228,-0.223,-0.0035,-0.2265
261240,매매기준율,현물+금리차,2017-06-07,0.475,0.3219,-0.0024,0.3195
261240,매매기준율,현물+금리차,2017-06-08,-0.2041,0.2674,-0.0011,0.2663
261240,매매기준율,현물+금리차,2017-06-09,0.0538,-0.3022,-0.0011,-0.3033
261240,매매기준율,현물+금리차,2017-06-12,0.4734,0.3923,-0.0032,0.3891
261240,매매기준율,현물+금리차,2017-06-13,0.0,0.2575,-0.0011,0.2564
261240,매매기준율,현물+금리차,2017-06-14,-0.3748,-0.2923,-0.0011,-0.2934
261240,매매기준율,현물+금리차,2017-06-15,0.0,-0.2488,-0.0011,-0.2498
261240,매매기준율,현물+금리차,2017-06-16,1.0749,0.9084,-0.001,0.9074
261240,매매기준율,현물+금리차,2017-06-19,-0.1063,-0.1412,-0.003,-0.1443
261240,매매기준율,현물+금리차,2017-06-20,0.2555,0.495,-0.001,0.4939
261240,매매기준율,현물+금리차,2017-06-21,0.531,0.4573,-0.001,0.4563
261240,매매기준율,현물+금리차,2017-06-22,-0.1584,-0.1226,-0.0011,-0.1237
261240,매매기준율,현물+금리차,2017-06-23,-0.1587,-0.0614,-0.0012,-0.0626
261240,매매기준율,현물+금리차,2017-06-26,-0.1589,-0.4298,-0.0035,-0.4333
261240,매매기준율,현물+금리차,2017-06-27,0.0,0.1057,-0.0011,0.1046
261240,매매기준율,현물+금리차,2017-06-28,0.4776,0.4664,-0.0011,0.4653
261240,매매기준율,현물+금리차,2017-06-29,-0.2113,-0.1839,-0.001,-0.185
261240,매매기준율,현물+금리차,2017-06-30,0.4234,0.3861,-0.001,0.3851
261240,매매기준율,현물+금리차,2017-07-03,0.1581,0.0874,-0.003,0.0844
261240,매매기준율,현물+금리차,2017-07-04,0.4631,0.3755,-0.0009,0.3746
261240,매매기준율,현물+금리차,2017-07-05,-0.1048,0.0,-0.0009,-0.0009
261240,매매기준율,현물+금리차,2017-07-06,0.6292,0.3654,-0.001,0.3645
261240,매매기준율,현물+금리차,2017-07-07,-0.2084,0.1994,-0.001,0.1984
261240,매매기준율,현물+금리차,2017-07-10,-0.3655,-0.5105,-0.003,-0.5134
261240,매매기준율,현물+금리차,2017-07-11,0.0524,0.0174,-0.001,0.0164
261240,매매기준율,현물+금리차,2017-07-12,-0.5657,-0.3913,-0.001,-0.3923
261240,매매기준율,현물+금리차,2017-07-13,-0.6321,-0.7071,-0.001,-0.708
261240,매매기준율,현물+금리차,2017-07-14,-0.212,-0.1319,-0.001,-0.1329
261240,매매기준율,현물+금리차,2017-07-17,-0.4675,-0.6866,-0.003,-0.6896
261240,매매기준율,현물+금리차,2017-07-18,-0.427,-0.1684,-0.0009,-0.1693
261240,매매기준율,현물+금리차,2017-07-19,-0.2144,-0.3995,-0.0009,-0.4005
261240,매매기준율,현물+금리차,2017-07-20,0.4297,0.2763,-0.0008,0.2755
261240,매매기준율,현물+금리차,2017-07-21,-0.6312,-0.3289,-0.0007,-0.3296
261240,매매기준율,현물+금리차,2017-07-24,-0.3768,-0.4549,-0.0021,-0.4569
261240,매매기준율,현물+금리차,2017-07-25,0.1081,0.0,-0.0007,-0.0007
261240,매매기준율,현물+금리차,2017-07-26,0.5289,0.3763,-0.0006,0.3757
261240,매매기준율,현물+금리차,2017-07-27,-0.7409,-0.6962,-0.0008,-0.697
261240,매매기준율,현물+금리차,2017-07-28,0.6923,0.5933,-0.0008,0.5924
261240,매매기준율,현물+금리차,2017-07-31,-0.1074,0.2502,-0.0027,0.2475
261240,매매기준율,현물+금리차,2017-08-01,-0.043,-0.3476,-0.0009,-0.3486
261240,매매기준율,현물+금리차,2017-08-02,0.4734,0.4651,-0.0009,0.4642
261240,매매기준율,현물+금리차,2017-08-03,0.3748,0.3917,-0.0009,0.3908
261240,매매기준율,현물+금리차,2017-08-04,-0.4268,-0.1951,-0.0009,-0.196
261240,매매기준율,현물+금리차,2017-08-07,0.375,0.1688,-0.0027,0.1661
261240,매매기준율,현물+금리차,2017-08-08,-0.1601,-0.1685,-0.001,-0.1696
261240,매매기준율,현물+금리차,2017-08-09,0.7912,0.8264,-0.001,0.8254
261240,매매기준율,현물+금리차,2017-08-10,0.4243,0.564,-0.001,0.5631
261240,매매기준율,현물+금리차,2017-08-11,0.1584,0.4557,-0.001,0.4547
261240,매매기준율,현물+금리차,2017-08-14,-0.1055,-0.7066,-0.0031,-0.7097
261240,매매기준율,현물+금리차,2017-08-16,-0.0528,0.123,-0.0021,0.1209
261240,매매기준율,현물+금리차,2017-08-17,-0.3697,-0.3247,-0.0011,-0.3257
261240,매매기준율,현물+금리차,2017-08-18,0.5301,0.537,-0.0011,0.5359
261240,매매기준율,현물+금리차,2017-08-21,-0.1582,-0.324,-0.0032,-0.3272
261240,매매기준율,현물+금리차,2017-08-22,-0.4753,-0.2372,-0.0011,-0.2383
261240,매매기준율,현물+금리차,2017-08-23,-0.2017,-0.4139,-0.0011,-0.415
261240,매매기준율,현물+금리차,2017-08-24,-0.2659,-0.3183,-0.0011,-0.3195
261240,매매기준율,현물+금리차,2017-08-25,0.0533,0.1685,-0.0011,0.1675
261240,매매기준율,현물+금리차,2017-08-28,-0.746,-0.7793,-0.0031,-0.7824
261240,매매기준율,현물+금리차,2017-08-29,0.3221,0.5177,-0.0012,0.5165
261240,매매기준율,현물+금리차,2017-08-30,0.0,-0.3019,-0.001,-0.3029
261240,매매기준율,현물+금리차,2017-08-31,0.3746,0.2672,-0.001,0.2662
261240,매매기준율,현물+금리차,2017-09-01,-0.3732,-0.2754,-0.0011,-0.2764
261240,매매기준율,현물+금리차,2017-09-04,0.8456,0.7838,-0.0031,0.7807
261240,매매기준율,현물+금리차,2017-09-05,-0.1592,-0.0177,-0.001,-0.0187
261240,매매기준율,현물+금리차,2017-09-06,0.3189,0.2121,-0.001,0.2111
261240,매매기준율,현물+금리차,2017-09-07,-0.4133,-0.3616,-0.0009,-0.3625
261240,매매기준율,현물+금리차,2017-09-08,-0.1596,-0.2479,-0.001,-0.2488
261240,매매기준율,현물+금리차,2017-09-11,0.3091,0.2396,-0.003,0.2367
261240,매매기준율,현물+금리차,2017-09-12,-0.255,0.0266,-0.0009,0.0256
261240,매매기준율,현물+금리차,2017-09-13,-0.1065,-0.2036,-0.001,-0.2046
261240,매매기준율,현물+금리차,2017-09-14,0.3092,0.4435,-0.001,0.4425
261240,매매기준율,현물+금리차,2017-09-15,-0.0957,0.0883,-0.001,0.0873
261240,매매기준율,현물+금리차,2017-09-18,-0.266,-0.494,-0.0029,-0.4969
261240,매매기준율,현물+금리차,2017-09-19,0.2134,0.1862,-0.0009,0.1853
261240,매매기준율,현물+금리차,2017-09-20,-0.0532,-0.0796,-0.001,-0.0806
261240,매매기준율,현물+금리차,2017-09-21,0.3622,0.3277,-0.001,0.3267
261240,매매기준율,현물+금리차,2017-09-22,0.3715,0.309,-0.001,0.308
261240,매매기준율,현물+금리차,2017-09-25,-0.423,-0.4928,-0.003,-0.4959
261240,매매기준율,현물+금리차,2017-09-26,0.4779,0.4953,-0.0009,0.4943
261240,매매기준율,현물+금리차,2017-09-27,0.1057,0.2728,-0.0009,0.2719
261240,매매기준율,현물+금리차,2017-09-28,0.9396,0.6407,-0.0009,0.6398
261240,매매기준율,현물+금리차,2017-09-29,-0.3138,-0.0872,-0.0009,-0.0881
261240,매매기준율,현물+금리차,2017-10-10,-0.7764,-0.6546,-0.0102,-0.6648
261240,매매기준율,현물+금리차,2017-10-11,-0.0529,-0.2636,-0.0009,-0.2644
261240,매매기준율,현물+금리차,2017-10-12,-0.2116,-0.1321,-0.0008,-0.133
261240,매매기준율,현물+금리차,2017-10-13,-0.3075,-0.2558,-0.0008,-0.2566
261240,매매기준율,현물+금리차,2017-10-16,-0.1063,-0.3095,-0.0025,-0.3121
261240,매매기준율,현물+금리차,2017-10-17,0.362,0.3637,-0.0008,0.3629
261240,매매기준율,현물+금리차,2017-10-18,-0.3076,-0.0884,-0.0008,-0.0892
261240,매매기준율,현물+금리차,2017-10-19,0.3086,0.1681,-0.0008,0.1672
261240,매매기준율,현물+금리차,2017-10-20,-0.053,-0.0353,-0.0008,-0.0361
261240,매매기준율,현물+금리차,2017-10-23,-0.1061,0.0,-0.0024,-0.0024
261240,매매기준율,현물+금리차,2017-10-24,-0.255,-0.318,-0.0008,-0.3189
261240,매매기준율,현물+금리차,2017-10-25,0.0533,0.0,-0.0008,-0.0008
261240,매매기준율,현물+금리차,2017-10-26,-0.2662,-0.3191,-0.0008,-0.3198
261240,매매기준율,현물+금리차,2017-10-27,0.4697,0.4712,-0.0008,0.4704
261240,매매기준율,현물+금리차,2017-10-30,-0.4675,-0.4425,-0.0026,-0.4451
261240,매매기준율,현물+금리차,2017-10-31,-0.3736,-0.3378,-0.0008,-0.3386
261240,매매기준율,현물+금리차,2017-11-01,-0.525,-0.3924,-0.0007,-0.3932
261240,매매기준율,현물+금리차,2017-11-02,0.0,-0.3134,-0.0007,-0.3141
261240,매매기준율,현물+금리차,2017-11-03,-0.0539,-0.0539,-0.0007,-0.0546
261240,매매기준율,현물+금리차,2017-11-06,0.1078,0.3595,-0.002,0.3575
261240,매매기준율,현물+금리차,2017-11-07,-0.2691,-0.4567,-0.0006,-0.4573
261240,매매기준율,현물+금리차,2017-11-08,0.3238,0.2429,-0.0005,0.2423
261240,매매기준율,현물+금리차,2017-11-09,-0.0538,0.0,-0.0005,-0.0005
261240,매매기준율,현물+금리차,2017-11-10,0.1507,0.2603,-0.0005,0.2598
261240,매매기준율,현물+금리차,2017-11-13,0.3762,0.3133,-0.0016,0.3117
261240,매매기준율,현물+금리차,2017-11-14,-0.3213,-0.1963,-0.0005,-0.1968
261240,매매기준율,현물+금리차,2017-11-15,-0.419,-0.3666,-0.0005,-0.3671
261240,매매기준율,현물+금리차,2017-11-16,-1.0141,-0.9243,-0.0005,-0.9248
261240,매매기준율,현물+금리차,2017-11-17,-0.3815,-0.7246,-0.0005,-0.7251
261240,매매기준율,현물+금리차,2017-11-20,0.2735,0.2555,-0.0016,0.2539
261240,매매기준율,현물+금리차,2017-11-21,-0.3819,-0.1456,-0.0005,-0.1461
261240,매매기준율,현물+금리차,2017-11-22,-0.6462,-0.5468,-0.0005,-0.5473
261240,매매기준율,현물+금리차,2017-11-23,-0.2756,-0.2841,-0.0006,-0.2846
261240,매매기준율,현물+금리차,2017-11-24,-0.0553,-0.2941,-0.0006,-0.2947
261240,매매기준율,현물+금리차,2017-11-27,0.3318,0.2396,-0.002,0.2377
261240,매매기준율,현물+금리차,2017-11-28,-0.3858,0.0644,-0.0007,0.0637
261240,매매기준율,현물+금리차,2017-11-29,-0.664,-0.5421,-0.0006,-0.5427
261240,매매기준율,현물+금리차,2017-11-30,1.0027,0.2494,-0.0007,0.2488
261240,매매기준율,현물+금리차,2017-12-01,-0.2758,0.1843,-0.0011,0.1832
261240,매매기준율,현물+금리차,2017-12-04,0.3871,0.1104,-0.0034,0.107
261240,매매기준율,현물+금리차,2017-12-05,-0.4958,-0.3675,-0.001,-0.3686
261240,매매기준율,현물+금리차,2017-12-06,0.8748,0.7009,-0.001,0.6999
261240,매매기준율,현물+금리차,2017-12-07,0.0549,0.0733,-0.001,0.0722
261240,매매기준율,현물+금리차,2017-12-08,-0.0549,0.0641,-0.0011,0.063
261240,매매기준율,현물+금리차,2017-12-11,-0.0549,-0.0915,-0.0033,-0.0947
261240,매매기준율,현물+금리차,2017-12-12,0.0,-0.2105,-0.001,-0.2115
261240,매매기준율,현물+금리차,2017-12-13,-0.1098,0.1651,-0.0009,0.1642
261240,매매기준율,현물+금리차,2017-12-14,-0.3738,-0.4762,-0.001,-0.4773
261240,매매기준율,현물+금리차,2017-12-15,0.2207,0.2393,-0.001,0.2383
261240,매매기준율,현물+금리차,2017-12-18,-0.0551,-0.0184,-0.003,-0.0214
261240,매매기준율,현물+금리차,2017-12-19,-0.3305,-0.2112,-0.0008,-0.212
261240,매매기준율,현물+금리차,2017-12-20,-0.3869,-0.3589,-0.0008,-0.3597
261240,매매기준율,현물+금리차,2017-12-21,0.1665,-0.2124,-0.0008,-0.2132
261240,매매기준율,현물+금리차,2017-12-22,-0.4432,-0.1296,-0.0009,-0.1305
261240,매매기준율,현물+금리차,2017-12-26,-0.1558,-0.1946,-0.0038,-0.1984
261240,매매기준율,현물+금리차,2017-12-27,-0.2229,-0.1764,-0.0006,-0.177
261240,매매기준율,현물+금리차,2017-12-28,-0.2793,-0.3534,-0.0007,-0.3541
261240,매매기준율,현물+금리차,2018-01-02,-0.997,-0.6627,-0.004,-0.6666
261240,매매기준율,현물+금리차,2018-01-03,0.4413,0.1034,-0.0007,0.1027
261240,매매기준율,현물+금리차,2018-01-04,-0.214,0.0094,-0.0007,0.0086
261240,매매기준율,현물+금리차,2018-01-05,0.0,-0.3191,-0.0007,-0.3198
261240,매매기준율,현물+금리차,2018-01-08,0.3838,0.2919,-0.0024,0.2895
261240,매매기준율,현물+금리차,2018-01-09,0.1125,0.1784,-0.0006,0.1777
261240,매매기준율,현물+금리차,2018-01-10,0.5055,0.3374,-0.0007,0.3367
261240,매매기준율,현물+금리차,2018-01-11,0.0,0.0467,-0.0007,0.046
261240,매매기준율,현물+금리차,2018-01-12,-0.6706,-0.6068,-0.0007,-0.6075
261240,매매기준율,현물+금리차,2018-01-15,-0.225,-0.3193,-0.0021,-0.3214
261240,매매기준율,현물+금리차,2018-01-16,0.0,0.2544,-0.0007,0.2537
261240,매매기준율,현물+금리차,2018-01-17,0.6203,0.1692,-0.0006,0.1685
261240,매매기준율,현물+금리차,2018-01-18,0.1681,0.3378,-0.0006,0.3371
261240,매매기준율,현물+금리차,2018-01-19,-0.5035,-0.1964,-0.0006,-0.197
261240,매매기준율,현물+금리차,2018-01-22,0.3374,0.1499,-0.0019,0.148
261240,매매기준율,현물+금리차,2018-01-23,0.056,0.0748,-0.0006,0.0742
261240,매매기준율,현물+금리차,2018-01-24,0.0,0.0841,-0.0006,0.0835
261240,매매기준율,현물+금리차,2018-01-25,-0.885,-0.8313,-0.0007,-0.832
261240,매매기준율,현물+금리차,2018-01-26,0.4973,0.292,-0.0007,0.2913
261240,매매기준율,현물+금리차,2018-01-29,0.0562,0.0,-0.0021,-0.0021
261240,매매기준율,현물+금리차,2018-01-30,0.843,0.6292,-0.0006,0.6286
261240,매매기준율,현물+금리차,2018-01-31,-0.5016,-0.0467,-0.0006,-0.0473
261240,매매기준율,현물+금리차,2018-02-01,0.3361,0.0093,-0.0006,0.0088
261240,매매기준율,현물+금리차,2018-02-02,0.7703,0.5228,-0.0005,0.5223
261240,매매기준율,현물+금리차,2018-02-05,0.6537,1.2167,-0.0016,1.2151
261240,매매기준율,현물+금리차,2018-02-06,0.2201,0.4129,-0.0004,0.4125
261240,매매기준율,현물+금리차,2018-02-07,-0.2636,-1.0052,-0.0004,-1.0056
261240,매매기준율,현물+금리차,2018-02-08,0.0,0.4154,-0.0003,0.4151
261240,매매기준율,현물+금리차,2018-02-09,0.3744,0.4505,-0.0003,0.4501
261240,매매기준율,현물+금리차,2018-02-12,-0.5376,-0.8511,-0.001,-0.8521
261240,매매기준율,현물+금리차,2018-02-13,-0.0552,-0.0554,-0.0001,-0.0555
261240,매매기준율,현물+금리차,2018-02-14,-0.6622,-0.2678,-0.0002,-0.268
261240,매매기준율,현물+금리차,2018-02-19,-0.7666,-1.102,-0.0012,-1.1032
261240,매매기준율,현물+금리차,2018-02-20,0.3918,0.2154,-0.0002,0.2152
261240,매매기준율,현물+금리차,2018-02-21,0.3792,0.4672,-0.0,0.4671
261240,매매기준율,현물+금리차,2018-02-22,0.6666,0.7068,-0.0001,0.7067
261240,매매기준율,현물+금리차,2018-02-23,-0.3863,-0.4063,-0.0001,-0.4064
261240,매매기준율,현물+금리차,2018-02-26,-0.4986,-0.4451,-0.0003,-0.4454
261240,매매기준율,현물+금리차,2018-02-27,-0.1559,-0.2515,0.0,-0.2515
261240,매매기준율,현물+금리차,2018-02-28,0.881,1.0177,-0.0,1.0177
261240,매매기준율,현물+금리차,2018-03-02,-0.0553,-0.0555,-0.0001,-0.0556
261240,매매기준율,현물+금리차,2018-03-05,0.1659,-0.074,-0.0002,-0.0742
261240,매매기준율,현물+금리차,2018-03-06,-0.6073,-0.472,0.0001,-0.4719
261240,매매기준율,현물+금리차,2018-03-07,-0.5444,-0.623,0.0,-0.623
261240,매매기준율,현물+금리차,2018-03-08,-0.0559,-0.0281,0.0,-0.0281
261240,매매기준율,현물+금리차,2018-03-09,0.0,0.0749,-0.0,0.0749
261240,매매기준율,현물+금리차,2018-03-12,-0.4471,-0.4583,-0.0001,-0.4584
261240,매매기준율,현물+금리차,2018-03-13,0.3368,0.1409,0.0001,0.141
261240,매매기준율,현물+금리차,2018-03-14,-0.2797,0.0,0.0001,0.0001
261240,매매기준율,현물+금리차,2018-03-15,0.1683,0.0,0.0002,0.0002
261240,매매기준율,현물+금리차,2018-03-16,0.0,0.3565,0.0002,0.3568
261240,매매기준율,현물+금리차,2018-03-19,0.5041,0.1496,0.0008,0.1504
261240,매매기준율,현물+금리차,2018-03-20,-0.2786,-0.0187,0.0003,-0.0183
261240,매매기준율,현물+금리차,2018-03-21,0.2794,0.0373,0.0004,0.0377
261240,매매기준율,현물+금리차,2018-03-22,-0.1115,-0.2053,0.0002,-0.2052
261240,매매기준율,현물+금리차,2018-03-23,0.9931,1.0849,0.0001,1.085
261240,매매기준율,현물+금리차,2018-03-26,-0.1105,0.037,0.0005,0.0375
261240,매매기준율,현물+금리차,2018-03-27,-0.8738,-0.8324,0.0003,-0.8321
261240,매매기준율,현물+금리차,2018-03-28,0.0,-0.2611,0.0002,-0.2609
261240,매매기준율,현물+금리차,2018-03-29,-0.3347,-0.2712,0.0001,-0.271
261240,매매기준율,현물+금리차,2018-03-30,-0.2239,-0.1969,0.0001,-0.1968
261240,매매기준율,현물+금리차,2018-04-02,-0.662,-0.5919,0.0004,-0.5915
261240,매매기준율,현물+금리차,2018-04-03,-0.3389,-0.0284,0.0002,-0.0281
261240,매매기준율,현물+금리차,2018-04-04,0.5554,-0.0189,0.0002,-0.0187
261240,매매기준율,현물+금리차,2018-04-05,0.0564,0.1797,0.0001,0.1797
261240,매매기준율,현물+금리차,2018-04-06,0.9575,0.6135,0.0001,0.6136
261240,매매기준율,현물+금리차,2018-04-09,-0.1674,0.1407,0.0004,0.1411
261240,매매기준율,현물+금리차,2018-04-10,-0.0559,0.0187,0.0002,0.019
261240,매매기준율,현물+금리차,2018-04-11,0.0,-0.1218,0.0002,-0.1216
261240,매매기준율,현물+금리차,2018-04-12,0.2796,0.2157,0.0001,0.2158
261240,매매기준율,현물+금리차,2018-04-13,-0.1115,0.1216,0.0002,0.1218
261240,매매기준율,현물+금리차,2018-04-16,0.3796,0.2897,0.0007,0.2904
261240,매매기준율,현물+금리차,2018-04-17,-0.4338,-0.438,0.0003,-0.4377
261240,매매기준율,현물+금리차,2018-04-18,0.0,-0.1778,0.0003,-0.1775
261240,매매기준율,현물+금리차,2018-04-19,-0.5585,-0.2813,0.0004,-0.2809
261240,매매기준율,현물+금리차,2018-04-20,0.5617,0.3573,0.0004,0.3577
261240,매매기준율,현물+금리차,2018-04-23,0.2234,0.1499,0.0011,0.151
261240,매매기준율,현물+금리차,2018-04-24,0.7133,0.7484,0.0005,0.749
261240,매매기준율,현물+금리차,2018-04-25,0.2213,0.1671,0.0005,0.1677
261240,매매기준율,현물+금리차,2018-04-26,0.2208,0.0927,0.0005,0.0932
261240,매매기준율,현물+금리차,2018-04-27,-0.4407,-0.3242,0.0004,-0.3238
261240,매매기준율,현물+금리차,2018-04-30,-0.7083,-0.8084,0.0011,-0.8073
261240,매매기준율,현물+금리차,2018-05-02,0.6019,0.6932,0.001,0.6943
261240,매매기준율,현물+금리차,2018-05-03,0.1108,0.1489,0.0004,0.1493
261240,매매기준율,현물+금리차,2018-05-04,0.0553,0.0186,0.0004,0.019
261240,매매기준율,현물+금리차,2018-05-08,-0.1106,0.1393,0.0016,0.141
261240,매매기준율,현물+금리차,2018-05-09,0.5536,0.2875,0.0005,0.288
261240,매매기준율,현물+금리차,2018-05-10,-0.7158,-0.5549,0.0005,-0.5543
261240,매매기준율,현물+금리차,2018-05-11,-0.3327,-0.6231,0.0006,-0.6225
261240,매매기준율,현물+금리차,2018-05-14,-0.2671,-0.1872,0.0019,-0.1853
261240,매매기준율,현물+금리차,2018-05-15,0.7141,0.5625,0.0007,0.5632
261240,매매기준율,현물+금리차,2018-05-16,0.277,0.5687,0.0007,0.5694
261240,매매기준율,현물+금리차,2018-05-17,0.2762,0.0556,0.0006,0.0563
261240,매매기준율,현물+금리차,2018-05-18,-0.1653,0.0649,0.0006,0.0655
261240,매매기준율,현물+금리차,2018-05-21,0.6511,0.3519,0.0018,0.3537
261240,매매기준율,현물+금리차,2018-05-23,-0.4276,-0.4613,0.0014,-0.46
261240,매매기준율,현물+금리차,2018-05-24,0.0,0.0834,0.0006,0.0841
261240,매매기준율,현물+금리차,2018-05-25,-0.1652,-0.0926,0.0006,-0.092
261240,매매기준율,현물+금리차,2018-05-28,-0.3861,-0.5099,0.0017,-0.5082
261240,매매기준율,현물+금리차,2018-05-29,0.2768,0.2702,0.0006,0.2708
261240,매매기준율,현물+금리차,2018-05-30,0.2208,0.4832,0.0007,0.4839
261240,매매기준율,현물+금리차,2018-05-31,-0.1653,-0.4532,0.0007,-0.4525
261240,매매기준율,현물+금리차,2018-06-01,-0.1104,-0.0372,0.0007,-0.0365
261240,매매기준율,현물+금리차,2018-06-04,-0.3867,-0.474,0.0019,-0.4721
261240,매매기준율,현물+금리차,2018-06-05,-0.1109,-0.1214,0.0007,-0.1207
261240,매매기준율,현물+금리차,2018-06-07,-0.1666,-0.1589,0.0014,-0.1575
261240,매매기준율,현물+금리차,2018-06-08,0.6117,0.4963,0.0007,0.497
261240,매매기준율,현물+금리차,2018-06-11,-0.0553,0.028,0.002,0.0299
261240,매매기준율,현물+금리차,2018-06-12,0.3318,0.149,0.0007,0.1498
261240,매매기준율,현물+금리차,2018-06-14,0.3748,0.6883,0.0013,0.6896
261240,매매기준율,현물+금리차,2018-06-15,1.4717,0.8222,0.0007,0.8229
261240,매매기준율,현물+금리차,2018-06-18,0.6386,1.1911,0.0021,1.1932
261240,매매기준율,현물+금리차,2018-06-19,0.3227,0.0996,0.0007,0.1003
261240,매매기준율,현물+금리차,2018-06-20,-0.2144,0.2261,0.0007,0.2269
261240,매매기준율,현물+금리차,2018-06-21,0.5372,0.0903,0.0007,0.0909
261240,매매기준율,현물+금리차,2018-06-22,-0.374,-0.009,0.0007,-0.0083
261240,매매기준율,현물+금리차,2018-06-25,0.9546,0.6493,0.002,0.6513
261240,매매기준율,현물+금리차,2018-06-26,-0.3081,-0.0806,0.0007,-0.08
261240,매매기준율,현물+금리차,2018-06-27,0.3091,0.2421,0.0007,0.2428
261240,매매기준율,현물+금리차,2018-06-28,0.5844,0.3399,0.0007,0.3406
261240,매매기준율,현물+금리차,2018-06-29,-0.8873,-0.4012,0.0007,-0.4005
261240,매매기준율,현물+금리차,2018-07-02,0.5222,0.0179,0.002,0.0199
261240,매매기준율,현물+금리차,2018-07-03,-0.053,0.3311,0.0008,0.332
261240,매매기준율,현물+금리차,2018-07-04,-0.3076,-0.5173,0.0008,-0.5166
261240,매매기준율,현물+금리차,2018-07-05,0.2022,0.278,0.0008,0.2787
261240,매매기준율,현물+금리차,2018-07-06,-0.2018,-0.0536,0.0007,-0.0529
261240,매매기준율,현물+금리차,2018-07-09,-0.3192,-0.492,0.0023,-0.4897
261240,매매기준율,현물+금리차,2018-07-10,0.4697,0.1349,0.0008,0.1357
261240,매매기준율,현물+금리차,2018-07-11,0.2656,0.6285,0.0008,0.6293
261240,매매기준율,현물+금리차,2018-07-12,0.6358,0.6246,0.0008,0.6253
261240,매매기준율,현물+금리차,2018-07-13,-0.1053,-0.3901,0.0008,-0.3893
261240,매매기준율,현물+금리차,2018-07-16,0.3584,0.4718,0.0024,0.4742
261240,매매기준율,현물+금리차,2018-07-17,-0.3571,-0.3101,0.0009,-0.3092
261240,매매기준율,현물+금리차,2018-07-18,0.6219,0.3288,0.0009,0.3297
261240,매매기준율,현물+금리차,2018-07-19,0.1048,0.2037,0.0008,0.2046
261240,매매기준율,현물+금리차,2018-07-20,-0.0523,0.3182,0.0008,0.3191
261240,매매기준율,현물+금리차,2018-07-23,-0.0524,-0.5552,0.0025,-0.5527
261240,매매기준율,현물+금리차,2018-07-24,0.3143,0.5937,0.0008,0.5946
261240,매매기준율,현물+금리차,2018-07-25,-0.7206,-0.6783,0.0009,-0.6774
261240,매매기준율,현물+금리차,2018-07-26,-0.7363,-0.7007,0.0009,-0.6998
261240,매매기준율,현물+금리차,2018-07-27,-0.053,0.0357,0.0008,0.0365
261240,매매기준율,현물+금리차,2018-07-30,0.106,-0.2946,0.0025,-0.2921
261240,매매기준율,현물+금리차,2018-07-31,0.053,0.1075,0.001,0.1084
261240,매매기준율,현물+금리차,2018-08-01,0.1059,0.1252,0.0009,0.1262
261240,매매기준율,현물+금리차,2018-08-02,0.423,0.2948,0.0009,0.2958
261240,매매기준율,현물+금리차,2018-08-03,0.2527,0.4899,0.0009,0.4908
261240,매매기준율,현물+금리차,2018-08-06,-0.4621,-0.4078,0.0026,-0.4051
261240,매매기준율,현물+금리차,2018-08-07,0.1583,0.1958,0.001,0.1968
261240,매매기준율,현물+금리차,2018-08-08,-0.3687,-0.613,0.001,-0.6119
261240,매매기준율,현물+금리차,2018-08-09,-0.2115,-0.0804,0.001,-0.0794
261240,매매기준율,현물+금리차,2018-08-10,0.9431,0.7514,0.001,0.7524
261240,매매기준율,현물+금리차,2018-08-13,0.5249,0.657,0.003,0.66
261240,매매기준율,현물+금리차,2018-08-14,-0.4699,-0.1411,0.001,-0.1401
261240,매매기준율,현물+금리차,2018-08-16,0.2098,-0.1237,0.0021,-0.1215
261240,매매기준율,현물+금리차,2018-08-17,-0.3665,-0.451,0.001,-0.45
261240,매매기준율,현물+금리차,2018-08-20,-0.2522,-0.3465,0.003,-0.3435
261240,매매기준율,현물+금리차,2018-08-21,-0.4214,-0.312,0.001,-0.311
261240,매매기준율,현물+금리차,2018-08-22,0.0529,0.0447,0.0011,0.0458
261240,매매기준율,현물+금리차,2018-08-23,0.2115,0.1877,0.0011,0.1888
261240,매매기준율,현물+금리차,2018-08-24,-0.2638,0.0892,0.0011,0.0903
261240,매매기준율,현물+금리차,2018-08-27,-0.3703,-0.6686,0.0033,-0.6653
261240,매매기준율,현물+금리차,2018-08-28,-0.4141,-0.3859,0.0012,-0.3847
261240,매매기준율,현물+금리차,2018-08-29,0.0533,-0.1081,0.0012,-0.1069
261240,매매기준율,현물+금리차,2018-08-30,-0.0533,0.0,0.0012,0.0012
261240,매매기준율,현물+금리차,2018-08-31,0.4159,0.4058,0.0012,0.407
261240,매매기준율,현물+금리차,2018-09-03,-0.2549,0.018,0.0035,0.0214
261240,매매기준율,현물+금리차,2018-09-04,0.2555,0.0629,0.0012,0.064
261240,매매기준율,현물+금리차,2018-09-05,0.5841,0.3052,0.0012,0.3064
261240,매매기준율,현물+금리차,2018-09-06,0.2639,0.3221,0.0012,0.3234
261240,매매기준율,현물+금리차,2018-09-07,-0.2632,0.1695,0.0012,0.1707
261240,매매기준율,현물+금리차,2018-09-10,0.7285,0.4452,0.0037,0.4489
261240,매매기준율,현물+금리차,2018-09-11,-0.3564,-0.1152,0.0013,-0.114
261240,매매기준율,현물+금리차,2018-09-12,0.3576,0.0444,0.0013,0.0456
261240,매매기준율,현물+금리차,2018-09-13,-0.4612,-0.5411,0.0013,-0.5398
261240,매매기준율,현물+금리차,2018-09-14,-0.4738,-0.1784,0.0013,-0.1771
261240,매매기준율,현물+금리차,2018-09-17,0.6771,0.6254,0.0039,0.6293
261240,매매기준율,현물+금리차,2018-09-18,-0.0946,0.0089,0.0013,0.0102
261240,매매기준율,현물+금리차,2018-09-19,-0.3681,-0.293,0.0013,-0.2917
261240,매매기준율,현물+금리차,2018-09-20,-0.0528,-0.276,0.0013,-0.2748
261240,매매기준율,현물+금리차,2018-09-21,-0.2641,-0.2947,0.0013,-0.2934
261240,매매기준율,현물+금리차,2018-09-27,-0.3707,-0.3493,0.0081,-0.3412
261240,매매기준율,현물+금리차,2018-09-28,-0.3083,-0.2247,0.0013,-0.2233
261240,매매기준율,현물+금리차,2018-10-01,0.3626,0.0631,0.0041,0.0672
261240,매매기준율,현물+금리차,2018-10-02,0.6375,0.4951,0.0015,0.4966
261240,매매기준율,현물+금리차,2018-10-04,0.834,1.0659,0.003,1.0689
261240,매매기준율,현물+금리차,2018-10-05,0.0524,0.2127,0.0015,0.2142
261240,매매기준율,현물+금리차,2018-10-08,0.2093,0.0884,0.0044,0.0928
261240,매매기준율,현물+금리차,2018-10-10,0.1044,0.0707,0.0029,0.0736
261240,매매기준율,현물+금리차,2018-10-11,0.9284,0.883,0.0016,0.8846
261240,매매기준율,현물+금리차,2018-10-12,-0.9199,-0.8053,0.0016,-0.8037
261240,매매기준율,현물+금리차,2018-10-15,0.0522,0.0088,0.0047,0.0135
261240,매매기준율,현물+금리차,2018-10-16,-0.4692,-0.4676,0.0016,-0.466
261240,매매기준율,현물+금리차,2018-10-17,-0.2095,-0.2748,0.0016,-0.2732
261240,매매기준율,현물+금리차,2018-10-18,0.7873,0.6756,0.0016,0.6772
261240,매매기준율,현물+금리차,2018-10-19,-0.2604,0.1501,0.0016,0.1517
261240,매매기준율,현물+금리차,2018-10-22,-0.1566,-0.2997,0.0046,-0.2952
261240,매매기준율,현물+금리차,2018-10-23,0.774,0.4333,0.0016,0.4349
261240,매매기준율,현물+금리차,2018-10-24,-0.6124,-0.317,0.0016,-0.3153
261240,매매기준율,현물+금리차,2018-10-25,0.5117,0.5564,0.0016,0.5581
261240,매매기준율,현물+금리차,2018-10-26,0.4156,0.1845,0.0016,0.1861
261240,매매기준율,현물+금리차,2018-10-29,0.1035,-0.1753,0.0048,-0.1706
261240,매매기준율,현물+금리차,2018-10-30,-0.3618,0.1757,0.0016,0.1773
261240,매매기준율,현물+금리차,2018-10-31,0.0519,-0.1227,0.0016,-0.1211
261240,매매기준율,현물+금리차,2018-11-01,-0.1037,-0.0351,0.0016,-0.0335
261240,매매기준율,현물+금리차,2018-11-02,-1.2766,-1.1679,0.0016,-1.1664
261240,매매기준율,현물+금리차,2018-11-05,0.0,-0.2488,0.0048,-0.244
261240,매매기준율,현물+금리차,2018-11-06,0.1472,-0.0178,0.0017,-0.0161
261240,매매기준율,현물+금리차,2018-11-07,0.0,-0.1425,0.0017,-0.1409
261240,매매기준율,현물+금리차,2018-11-08,-0.5669,-0.223,0.0017,-0.2213
261240,매매기준율,현물+금리차,2018-11-09,0.8868,0.6527,0.0016,0.6544
261240,매매기준율,현물+금리차,2018-11-12,0.6279,0.5597,0.005,0.5647
261240,매매기준율,현물+금리차,2018-11-13,-0.208,0.3269,0.0017,0.3285
261240,매매기준율,현물+금리차,2018-11-14,0.2084,-0.2906,0.0018,-0.2888
261240,매매기준율,현물+금리차,2018-11-15,-0.26,-0.1854,0.0017,-0.1837
261240,매매기준율,현물+금리차,2018-11-16,-0.3128,-0.1416,0.0017,-0.1399
261240,매매기준율,현물+금리차,2018-11-19,0.1569,-0.1152,0.005,-0.1102
261240,매매기준율,현물+금리차,2018-11-20,-0.2611,0.0089,0.0018,0.0106
261240,매매기준율,현물+금리차,2018-11-21,0.4712,0.337,0.0018,0.3388
261240,매매기준율,현물+금리차,2018-11-22,-0.1563,-0.2033,0.0018,-0.2015
261240,매매기준율,현물+금리차,2018-11-23,0.1044,0.1329,0.0018,0.1347
261240,매매기준율,현물+금리차,2018-11-26,-0.1043,-0.0531,0.0054,-0.0477
261240,매매기준율,현물+금리차,2018-11-27,0.0522,-0.0177,0.0018,-0.0159
261240,매매기준율,현물+금리차,2018-11-28,-0.2608,-0.0708,0.0018,-0.069
261240,매매기준율,현물+금리차,2018-11-29,-0.6171,-0.6289,0.0018,-0.6272
261240,매매기준율,현물+금리차,2018-11-30,0.1473,-0.1337,0.0017,-0.132
261240,매매기준율,현물+금리차,2018-12-03,-0.8827,-0.5891,0.0035,-0.5857
261240,매매기준율,현물+금리차,2018-12-04,-0.4665,-0.3502,0.0012,-0.349
261240,매매기준율,현물+금리차,2018-12-05,0.7882,0.3424,0.0013,0.3437
261240,매매기준율,현물+금리차,2018-12-06,0.4227,0.3772,0.0013,0.3785
261240,매매기준율,현물+금리차,2018-12-07,0.0526,0.0358,0.0013,0.037
261240,매매기준율,현물+금리차,2018-12-10,0.4628,0.5813,0.0037,0.585
261240,매매기준율,현물+금리차,2018-12-11,0.4712,0.4179,0.0013,0.4192
261240,매매기준율,현물+금리차,2018-12-12,-0.1042,-0.1594,0.0013,-0.1581
261240,매매기준율,현물+금리차,2018-12-13,-0.4694,-0.3193,0.0013,-0.3179
261240,매매기준율,현물+금리차,2018-12-14,0.5765,0.4626,0.0013,0.464
261240,매매기준율,현물+금리차,2018-12-17,0.1563,0.2125,0.0039,0.2164
261240,매매기준율,현물+금리차,2018-12-18,-0.2601,-0.1502,0.0013,-0.149
261240,매매기준율,현물+금리차,2018-12-19,-0.4173,-0.4248,0.0012,-0.4236
261240,매매기준율,현물+금리차,2018-12-20,0.419,0.3377,0.0012,0.339
261240,매매기준율,현물+금리차,2018-12-21,-0.3651,-0.4429,0.0012,-0.4417
261240,매매기준율,현물+금리차,2018-12-24,0.0524,0.1157,0.0036,0.1193
261240,매매기준율,현물+금리차,2018-12-26,0.2093,0.0355,0.0028,0.0383
261240,매매기준율,현물+금리차,2018-12-27,-0.5744,-0.382,0.0013,-0.3807
261240,매매기준율,현물+금리차,2018-12-28,-0.1996,-0.2854,0.0012,-0.2842
261240,매매기준율,현물+금리차,2019-01-02,0.2,0.0805,0.0058,0.0863
261240,매매기준율,현물+금리차,2019-01-03,0.8402,0.7596,0.0012,0.7608
261240,매매기준율,현물+금리차,2019-01-04,-0.2604,-0.204,0.0012,-0.2028
261240,매매기준율,현물+금리차,2019-01-07,-0.6266,-0.6399,0.0042,-0.6357
261240,매매기준율,현물+금리차,2019-01-08,0.4203,0.3309,0.0015,0.3325
261240,매매기준율,현물+금리차,2019-01-09,-0.0523,-0.0089,0.0015,-0.0074
261240,매매기준율,현물+금리차,2019-01-10,-0.2094,-0.2407,0.0015,-0.2393
261240,매매기준율,현물+금리차,2019-01-11,-0.3043,-0.1162,0.0014,-0.1148
261240,매매기준율,현물+금리차,2019-01-14,0.5683,0.34,0.0043,0.3443
261240,매매기준율,현물+금리차,2019-01-15,-0.0523,-0.1159,0.0015,-0.1144
261240,매매기준율,현물+금리차,2019-01-16,-0.0524,0.1696,0.0015,0.1711
261240,매매기준율,현물+금리차,2019-01-17,0.2095,-0.0535,0.0014,-0.0521
261240,매매기준율,현물+금리차,2019-01-18,0.0,-0.0089,0.0014,-0.0075
261240,매매기준율,현물+금리차,2019-01-21,0.5227,0.4637,0.0041,0.4679
261240,매매기준율,현물+금리차,2019-01-22,0.2496,0.3285,0.0014,0.3298
261240,매매기준율,현물+금리차,2019-01-23,-0.3008,-0.177,0.0014,-0.1755
261240,매매기준율,현물+금리차,2019-01-24,0.104,-0.0177,0.0014,-0.0164
261240,매매기준율,현물+금리차,2019-01-25,-0.6236,-0.2571,0.0013,-0.2558
261240,매매기준율,현물+금리차,2019-01-28,-0.3138,-0.7288,0.0039,-0.7249
261240,매매기준율,현물+금리차,2019-01-29,-0.1049,0.1074,0.0014,0.1088
261240,매매기준율,현물+금리차,2019-01-30,0.0,-0.0805,0.0014,-0.0791
261240,매매기준율,현물+금리차,2019-01-31,-0.2521,-0.5013,0.0014,-0.4999
261240,매매기준율,현물+금리차,2019-02-01,0.516,0.4678,0.0014,0.4692
261240,매매기준율,현물+금리차,2019-02-07,0.419,0.591,0.0081,0.5991
261240,매매기준율,현물+금리차,2019-02-08,0.0522,0.0979,0.0014,0.0993
261240,매매기준율,현물+금리차,2019-02-11,0.1043,0.0,0.0043,0.0043
261240,매매기준율,현물+금리차,2019-02-12,-0.0521,0.0089,0.0015,0.0104
261240,매매기준율,현물+금리차,2019-02-13,-0.2084,-0.2579,0.0014,-0.2564
261240,매매기준율,현물+금리차,2019-02-14,0.3133,0.2942,0.0015,0.2957
261240,매매기준율,현물+금리차,2019-02-15,0.3019,0.24,0.0014,0.2414
261240,매매기준율,현물+금리차,2019-02-18,-0.2491,-0.266,0.0043,-0.2618
261240,매매기준율,현물+금리차,2019-02-19,0.104,0.249,0.0014,0.2504
261240,매매기준율,현물+금리차,2019-02-20,-0.2598,-0.4346,0.0015,-0.4331
261240,매매기준율,현물+금리차,2019-02-21,0.1563,0.1603,0.0014,0.1617
261240,매매기준율,현물+금리차,2019-02-22,0.0,0.1156,0.0014,0.117
261240,매매기준율,현물+금리차,2019-02-25,-0.3642,-0.4353,0.0043,-0.431
261240,매매기준율,현물+금리차,2019-02-26,-0.2089,-0.2231,0.0015,-0.2216
261240,매매기준율,현물+금리차,2019-02-27,0.0,-0.0447,0.0014,-0.0433
261240,매매기준율,현물+금리차,2019-02-28,0.5756,0.1879,0.0014,0.1893
261240,매매기준율,현물+금리차,2019-03-04,-0.052,0.4554,0.0056,0.461
261240,매매기준율,현물+금리차,2019-03-05,0.1041,0.0711,0.0014,0.0725
261240,매매기준율,현물+금리차,2019-03-06,0.3536,0.1777,0.0014,0.1791
261240,매매기준율,현물+금리차,2019-03-07,0.0,0.0443,0.0014,0.0458
261240,매매기준율,현물+금리차,2019-03-08,0.6218,0.5052,0.0014,0.5066
261240,매매기준율,현물+금리차,2019-03-11,-0.103,0.0441,0.0043,0.0484
261240,매매기준율,현물+금리차,2019-03-12,-0.3608,-0.5112,0.0014,-0.5098
261240,매매기준율,현물+금리차,2019-03-13,0.2587,0.2481,0.0014,0.2495
261240,매매기준율,현물+금리차,2019-03-14,21.9814,0.1061,0.0014,0.1075
261240,매매기준율,현물+금리차,2019-03-15,-17.6819,0.3002,0.0014,0.3016
261240,매매기준율,현물+금리차,2019-03-18,-0.6166,-0.2112,0.0041,-0.2071
261240,매매기준율,현물+금리차,2019-03-19,0.0517,-0.247,0.0013,-0.2456
261240,매매기준율,현물+금리차,2019-03-20,-0.0517,-0.0442,0.0014,-0.0428
261240,매매기준율,현물+금리차,2019-03-21,-0.2585,-0.4069,0.0014,-0.4055
261240,매매기준율,현물+금리차,2019-03-22,0.2592,0.3553,0.0015,0.3568
261240,매매기준율,현물+금리차,2019-03-25,0.3619,0.4514,0.0042,0.4556
261240,매매기준율,현물+금리차,2019-03-26,0.0,-0.2467,0.0014,-0.2453
261240,매매기준율,현물+금리차,2019-03-27,0.103,0.2297,0.0014,0.2311
261240,매매기준율,현물+금리차,2019-03-28,0.1956,0.2732,0.0013,0.2745
261240,매매기준율,현물+금리차,2019-03-29,-0.0925,-0.1494,0.0013,-0.1481
261240,매매기준율,현물+금리차,2019-04-01,-0.1542,-0.2993,0.0037,-0.2956
261240,매매기준율,현물+금리차,2019-04-02,0.206,0.2737,0.0013,0.275
261240,매매기준율,현물+금리차,2019-04-03,-0.1542,-0.0792,0.0013,-0.0779
261240,매매기준율,현물+금리차,2019-04-04,0.1956,0.0529,0.0014,0.0543
261240,매매기준율,현물+금리차,2019-04-05,0.0,0.0793,0.0014,0.0807
261240,매매기준율,현물+금리차,2019-04-08,0.6164,0.44,0.0044,0.4444
261240,매매기준율,현물+금리차,2019-04-09,-0.0511,0.1227,0.0014,0.1241
261240,매매기준율,현물+금리차,2019-04-10,-0.3065,-0.14,0.0014,-0.1386
261240,매매기준율,현물+금리차,2019-04-11,-0.1025,-0.1753,0.0014,-0.1738
261240,매매기준율,현물+금리차,2019-04-12,0.1539,0.1141,0.0014,0.1155
261240,매매기준율,현물+금리차,2019-04-15,-0.5531,-0.5787,0.0044,-0.5744
261240,매매기준율,현물+금리차,2019-04-16,0.2472,0.1587,0.0014,0.1602
261240,매매기준율,현물+금리차,2019-04-17,-0.0411,0.0352,0.0014,0.0366
261240,매매기준율,현물+금리차,2019-04-18,0.0411,0.0088,0.0015,0.0103
261240,매매기준율,현물+금리차,2019-04-19,0.1027,0.0792,0.0014,0.0806
261240,매매기준율,현물+금리차,2019-04-22,0.4618,0.3254,0.0042,0.3296
261240,매매기준율,현물+금리차,2019-04-23,0.0,0.0263,0.0015,0.0278
261240,매매기준율,현물+금리차,2019-04-24,0.6538,0.5083,0.0015,0.5098
261240,매매기준율,현물+금리차,2019-04-25,1.0048,1.0289,0.0015,1.0304
261240,매매기준율,현물+금리차,2019-04-26,0.0,0.0863,0.0015,0.0878
261240,매매기준율,현물+금리차,2019-04-29,-0.1909,-0.1293,0.0044,-0.125
261240,매매기준율,현물+금리차,2019-04-30,0.8457,0.4835,0.0015,0.485
261240,매매기준율,현물+금리차,2019-05-02,-0.1997,0.0086,0.003,0.0116
261240,매매기준율,현물+금리차,2019-05-03,0.4001,0.4725,0.0016,0.4741
261240,매매기준율,현물+금리차,2019-05-07,-0.2989,0.0342,0.0059,0.0401
261240,매매기준율,현물+금리차,2019-05-08,0.1999,0.0085,0.0015,0.01
261240,매매기준율,현물+금리차,2019-05-09,0.8876,0.5043,0.0015,0.5058
261240,매매기준율,현물+금리차,2019-05-10,-0.2471,0.1956,0.0015,0.1971
261240,매매기준율,현물+금리차,2019-05-13,0.9811,0.4244,0.0044,0.4289
261240,매매기준율,현물+금리차,2019-05-14,0.1472,0.3296,0.0014,0.3311
261240,매매기준율,현물+금리차,2019-05-15,0.0,0.2022,0.0014,0.2036
261240,매매기준율,현물+금리차,2019-05-16,0.196,0.0336,0.0015,0.0351
261240,매매기준율,현물+금리차,2019-05-17,0.3423,0.2437,0.0014,0.2451
261240,매매기준율,현물+금리차,2019-05-20,-0.0975,0.0168,0.0041,0.0209
261240,매매기준율,현물+금리차,2019-05-21,0.0488,0.0335,0.0014,0.0349
261240,매매기준율,현물+금리차,2019-05-22,-0.0975,0.1089,0.0014,0.1103
261240,매매기준율,현물+금리차,2019-05-23,-0.3416,-0.2846,0.0013,-0.2833
261240,매매기준율,현물+금리차,2019-05-24,-0.0979,-0.1343,0.0013,-0.133
261240,매매기준율,현물+금리차,2019-05-27,-0.2941,-0.4623,0.0038,-0.4586
261240,매매기준율,현물+금리차,2019-05-28,0.1967,0.2956,0.0013,0.2968
261240,매매기준율,현물+금리차,2019-05-29,0.6869,0.4631,0.0013,0.4644
261240,매매기준율,현물+금리차,2019-05-30,-0.3899,-0.2598,0.0013,-0.2585
261240,매매기준율,현물+금리차,2019-05-31,0.0978,0.1008,0.0013,0.1022
261240,매매기준율,현물+금리차,2019-06-03,-0.6745,-0.6884,0.0038,-0.6846
261240,매매기준율,현물+금리차,2019-06-04,0.0,-0.1268,0.0013,-0.1255
261240,매매기준율,현물+금리차,2019-06-05,-0.2952,-0.1439,0.0013,-0.1426
261240,매매기준율,현물+금리차,2019-06-07,0.1974,-0.0254,0.0026,-0.0228
261240,매매기준율,현물+금리차,2019-06-10,0.3842,0.3815,0.0034,0.3849
261240,매매기준율,현물+금리차,2019-06-11,-0.3337,-0.1943,0.0012,-0.1931
261240,매매기준율,현물+금리차,2019-06-12,0.1378,0.0,0.0011,0.0011
261240,매매기준율,현물+금리차,2019-06-13,-0.0885,0.2539,0.001,0.2549
261240,매매기준율,현물+금리차,2019-06-14,0.2362,-0.0591,0.0009,-0.0582
261240,매매기준율,현물+금리차,2019-06-17,0.1473,0.1943,0.0028,0.1971
261240,매매기준율,현물+금리차,2019-06-18,-0.049,-0.1096,0.001,-0.1085
261240,매매기준율,현물+금리차,2019-06-19,-0.7749,-0.6751,0.001,-0.6741
261240,매매기준율,현물+금리차,2019-06-20,-1.1764,-0.7901,0.0009,-0.7892
261240,매매기준율,현물+금리차,2019-06-21,0.1,-0.4881,0.0008,-0.4873
261240,매매기준율,현물+금리차,2019-06-24,-0.5496,-0.3528,0.0022,-0.3506
261240,매매기준율,현물+금리차,2019-06-25,-0.0904,-0.2764,0.0008,-0.2756
261240,매매기준율,현물+금리차,2019-06-26,0.0402,0.3031,0.0008,0.3039
261240,매매기준율,현물+금리차,2019-06-27,0.2011,-0.1209,0.0009,-0.12
261240,매매기준율,현물+금리차,2019-06-28,-0.2408,-0.0346,0.0008,-0.0337
261240,매매기준율,현물+금리차,2019-07-01,0.2917,-0.0865,0.0025,-0.084
261240,매매기준율,현물+금리차,2019-07-02,0.702,0.8136,0.001,0.8146
261240,매매기준율,현물+금리차,2019-07-03,0.3884,0.4808,0.001,0.4818
261240,매매기준율,현물+금리차,2019-07-04,-0.1984,-0.1025,0.001,-0.1015
261240,매매기준율,현물+금리차,2019-07-05,0.1988,0.1026,0.001,0.1037
261240,매매기준율,현물+금리차,2019-07-08,0.9324,0.6921,0.0033,0.6954
261240,매매기준율,현물+금리차,2019-07-09,-0.0491,0.1188,0.0012,0.12
261240,매매기준율,현물+금리차,2019-07-10,0.0492,0.1271,0.0012,0.1283
261240,매매기준율,현물+금리차,2019-07-11,-0.7273,-0.6433,0.001,-0.6423
261240,매매기준율,현물+금리차,2019-07-12,0.4455,0.2982,0.0009,0.2991
261240,매매기준율,현물+금리차,2019-07-15,0.0986,0.1614,0.0026,0.164
261240,매매기준율,현물+금리차,2019-07-16,-0.0492,-0.0594,0.0009,-0.0585
261240,매매기준율,현물+금리차,2019-07-17,0.2857,0.1612,0.0009,0.1621
261240,매매기준율,현물+금리차,2019-07-18,-0.2358,-0.0762,0.001,-0.0753
261240,매매기준율,현물+금리차,2019-07-19,-0.2954,-0.5172,0.0011,-0.5161
261240,매매기준율,현물+금리차,2019-07-22,0.3456,0.3579,0.0035,0.3615
261240,매매기준율,현물+금리차,2019-07-23,0.0,0.0679,0.0012,0.0692
261240,매매기준율,현물+금리차,2019-07-24,-0.0984,-0.017,0.0012,-0.0158
261240,매매기준율,현물+금리차,2019-07-25,0.2857,0.1358,0.0013,0.1371
261240,매매기준율,현물+금리차,2019-07-26,0.3438,0.3729,0.0014,0.3744
261240,매매기준율,현물+금리차,2019-07-29,-0.0979,-0.0676,0.0045,-0.063
261240,매매기준율,현물+금리차,2019-07-30,-0.147,-0.1183,0.0015,-0.1168
261240,매매기준율,현물+금리차,2019-07-31,0.0981,-0.0085,0.0014,-0.007
261240,매매기준율,현물+금리차,2019-08-01,0.5392,0.5584,0.0015,0.5599
261240,매매기준율,현물+금리차,2019-08-02,0.7216,0.5301,0.0015,0.5315
261240,매매기준율,현물+금리차,2019-08-05,1.5781,1.4228,0.0043,1.4272
261240,매매기준율,현물+금리차,2019-08-06,-0.0477,0.2063,0.0014,0.2077
261240,매매기준율,현물+금리차,2019-08-07,-0.0381,0.0165,0.0014,0.0179
261240,매매기준율,현물+금리차,2019-08-08,-0.477,-0.2635,0.0013,-0.2621
261240,매매기준율,현물+금리차,2019-08-09,0.1438,-0.1321,0.0013,-0.1307
261240,매매기준율,현물+금리차,2019-08-12,0.469,0.4877,0.0039,0.4916
261240,매매기준율,현물+금리차,2019-08-13,0.524,0.2715,0.0013,0.2728
261240,매매기준율,현물+금리차,2019-08-14,-0.7961,-0.5907,0.0013,-0.5894
261240,매매기준율,현물+금리차,2019-08-16,-0.0955,0.132,0.0024,0.1344
261240,매매기준율,현물+금리차,2019-08-19,0.0,-0.2143,0.0028,-0.2115
261240,매매기준율,현물+금리차,2019-08-20,-0.2391,-0.0413,0.0011,-0.0402
261240,매매기준율,현물+금리차,2019-08-21,-0.4792,-0.5123,0.0011,-0.5112
261240,매매기준율,현물+금리차,2019-08-22,0.3852,0.0914,0.0012,0.0926
261240,매매기준율,현물+금리차,2019-08-23,0.3358,0.5892,0.0013,0.5905
261240,매매기준율,현물+금리차,2019-08-26,0.5642,0.495,0.0036,0.4986
261240,매매기준율,현물+금리차,2019-08-27,-0.5135,-0.4187,0.0013,-0.4174
261240,매매기준율,현물+금리차,2019-08-28,0.2294,0.033,0.0012,0.0342
261240,매매기준율,현물+금리차,2019-08-29,0.1907,0.1401,0.0013,0.1414
261240,매매기준율,현물+금리차,2019-08-30,-0.3712,-0.4608,0.0013,-0.4596
261240,매매기준율,현물+금리차,2019-09-02,-0.0478,0.1901,0.0038,0.1939
261240,매매기준율,현물+금리차,2019-09-03,0.3727,0.2723,0.0013,0.2736
261240,매매기준율,현물+금리차,2019-09-04,-0.6094,-0.4526,0.0012,-0.4514
261240,매매기준율,현물+금리차,2019-09-05,-0.6131,-0.8349,0.0012,-0.8337
261240,매매기준율,현물+금리차,2019-09-06,-0.3374,-0.2251,0.0011,-0.224
261240,매매기준율,현물+금리차,2019-09-09,-0.3869,-0.376,0.0031,-0.3729
261240,매매기준율,현물+금리차,2019-09-10,0.0971,-0.0419,0.001,-0.0409
261240,매매기준율,현물+금리차,2019-09-11,-0.194,-0.0419,0.001,-0.0409
261240,매매기준율,현물+금리차,2019-09-16,-0.6706,-0.6211,0.0052,-0.6159
261240,매매기준율,현물+금리차,2019-09-17,0.6751,0.3632,0.0011,0.3643
261240,매매기준율,현물+금리차,2019-09-18,0.0972,0.1851,0.0011,0.1863
261240,매매기준율,현물+금리차,2019-09-19,0.1456,0.3864,0.001,0.3874
261240,매매기준율,현물+금리차,2019-09-20,-0.4266,-0.3347,0.0009,-0.3338
261240,매매기준율,현물+금리차,2019-09-23,0.5258,0.1679,0.0026,0.1705
261240,매매기준율,현물+금리차,2019-09-24,0.1453,0.0754,0.001,0.0764
261240,매매기준율,현물+금리차,2019-09-25,0.2902,0.3601,0.0009,0.361
261240,매매기준율,현물+금리차,2019-09-26,0.0,0.0668,0.0008,0.0676
261240,매매기준율,현물+금리차,2019-09-27,0.0868,0.1835,0.0007,0.1841
261240,매매기준율,현물+금리차,2019-09-30,-0.2794,-0.1748,0.0017,-0.1731
261240,매매기준율,현물+금리차,2019-10-01,0.2802,-0.0834,0.0008,-0.0826
261240,매매기준율,현물+금리차,2019-10-02,0.53,0.459,0.0006,0.4597
261240,매매기준율,현물+금리차,2019-10-04,-0.7093,-0.5566,0.0011,-0.5555
261240,매매기준율,현물+금리차,2019-10-07,-0.0483,-0.0418,0.0011,-0.0407
261240,매매기준율,현물+금리차,2019-10-08,-0.2897,-0.1504,0.0004,-0.15
261240,매매기준율,현물+금리차,2019-10-10,0.2906,0.1172,0.0007,0.1179
261240,매매기준율,현물+금리차,2019-10-11,-0.5795,-0.5685,0.0003,-0.5682
261240,매매기준율,현물+금리차,2019-10-14,-0.3789,-0.4709,0.0008,-0.47
261240,매매기준율,현물+금리차,2019-10-15,0.0488,0.0338,0.0003,0.0341
261240,매매기준율,현물+금리차,2019-10-16,0.2339,0.2449,0.0002,0.2452
261240,매매기준율,현물+금리차,2019-10-17,-0.0486,-0.0337,0.0007,-0.033
261240,매매기준율,현물+금리차,2019-10-18,-0.4281,-0.5141,0.0007,-0.5133
261240,매매기준율,현물+금리차,2019-10-21,-0.8207,-0.432,0.0022,-0.4298
261240,매매기준율,현물+금리차,2019-10-22,-0.197,-0.3403,0.0008,-0.3395
261240,매매기준율,현물+금리차,2019-10-23,0.2468,0.1963,0.0007,0.1971
261240,매매기준율,현물+금리차,2019-10-24,0.0492,-0.23,0.0007,-0.2293
261240,매매기준율,현물+금리차,2019-10-25,0.0,0.2733,0.0007,0.274
261240,매매기준율,현물+금리차,2019-10-28,-0.246,-0.3918,0.0021,-0.3896
261240,매매기준율,현물+금리차,2019-10-29,-0.5919,-0.265,0.0005,-0.2646
261240,매매기준율,현물+금리차,2019-10-30,0.397,0.1629,0.0004,0.1633
261240,매매기준율,현물+금리차,2019-10-31,-0.2966,-0.5734,0.0004,-0.573
261240,매매기준율,현물+금리차,2019-11-01,0.1487,0.5079,0.0002,0.5081
261240,매매기준율,현물+금리차,2019-11-04,-0.5346,-0.6166,0.0004,-0.6162
261240,매매기준율,현물+금리차,2019-11-05,-0.1493,-0.0259,0.0001,-0.0257
261240,매매기준율,현물+금리차,2019-11-06,-0.0997,-0.2241,0.0001,-0.224
261240,매매기준율,현물+금리차,2019-11-07,0.2993,0.2678,0.0001,0.2679
261240,매매기준율,현물+금리차,2019-11-08,-0.199,-0.3877,0.0,-0.3877
261240,매매기준율,현물+금리차,2019-11-11,0.7376,0.4498,0.0,0.4498
261240,매매기준율,현물+금리차,2019-11-12,-0.4453,0.1894,-0.0,0.1894
261240,매매기준율,현물+금리차,2019-11-13,0.5467,0.3524,0.0001,0.3525
261240,매매기준율,현물+금리차,2019-11-14,0.3954,0.2398,0.0,0.2398
261240,매매기준율,현물+금리차,2019-11-15,-0.4431,-0.3503,0.0,-0.3503
261240,매매기준율,현물+금리차,2019-11-18,-0.1484,-0.1543,0.0001,-0.1543
261240,매매기준율,현물+금리차,2019-11-19,0.2971,0.3521,0.0,0.3521
261240,매매기준율,현물+금리차,2019-11-20,0.1975,0.1284,0.0,0.1284
261240,매매기준율,현물+금리차,2019-11-21,0.6801,0.547,0.0,0.547
261240,매매기준율,현물+금리차,2019-11-22,0.0979,0.1105,0.0001,0.1106
261240,매매기준율,현물+금리차,2019-11-25,-0.3912,-0.1358,0.0002,-0.1357
261240,매매기준율,현물+금리차,2019-11-26,0.1473,-0.153,0.0001,-0.1529
261240,매매기준율,현물+금리차,2019-11-27,0.098,0.1362,0.0001,0.1363
261240,매매기준율,현물+금리차,2019-11-28,0.1469,0.2806,0.0002,0.2808
261240,매매기준율,현물+금리차,2019-11-29,0.2445,0.0848,0.0002,0.085
261240,매매기준율,현물+금리차,2019-12-02,0.0976,0.0085,0.0002,0.0087
261240,매매기준율,현물+금리차,2019-12-03,0.2827,0.4914,0.0001,0.4915
261240,매매기준율,현물+금리차,2019-12-04,0.6803,0.6323,0.0,0.6323
261240,매매기준율,현물+금리차,2019-12-05,-0.2896,-0.2932,-0.0,-0.2932
261240,매매기준율,현물+금리차,2019-12-06,-0.0968,-0.042,-0.0001,-0.0421
261240,매매기준율,현물+금리차,2019-12-09,0.0,-0.0336,-0.0002,-0.0339
261240,매매기준율,현물+금리차,2019-12-10,0.1938,0.227,-0.0001,0.227
261240,매매기준율,현물+금리차,2019-12-11,0.2418,0.1091,0.0,0.1091
261240,매매기준율,현물+금리차,2019-12-12,-0.6754,-0.3939,0.0,-0.3938
261240,매매기준율,현물+금리차,2019-12-13,-1.2532,-1.4218,0.0,-1.4218
261240,매매기준율,현물+금리차,2019-12-16,0.0492,0.1024,0.0001,0.1025
261240,매매기준율,현물+금리차,2019-12-17,-0.531,-0.5286,0.0,-0.5286
261240,매매기준율,현물+금리차,2019-12-18,0.1977,-0.12,0.0,-0.12
261240,매매기준율,현물+금리차,2019-12-19,-0.2466,-0.0687,0.0,-0.0687
261240,매매기준율,현물+금리차,2019-12-20,-0.3956,-0.1632,0.0,-0.1631
261240,매매기준율,현물+금리차,2019-12-23,0.2482,-0.0774,0.0002,-0.0772
261240,매매기준율,현물+금리차,2019-12-24,-0.0495,0.1722,0.0001,0.1722
261240,매매기준율,현물+금리차,2019-12-26,-0.1486,-0.2148,0.0001,-0.2147
261240,매매기준율,현물+금리차,2019-12-27,-0.0496,-0.0258,0.0001,-0.0258
261240,매매기준율,현물+금리차,2019-12-30,-0.3376,-0.267,0.0001,-0.267
261240,매매기준율,현물+금리차,2020-01-02,0.2391,-0.0777,0.0001,-0.0777
261240,매매기준율,현물+금리차,2020-01-03,0.6958,0.5013,-0.0001,0.5013
261240,매매기준율,현물+금리차,2020-01-06,0.4343,0.5934,-0.0003,0.5931
261240,매매기준율,현물+금리차,2020-01-07,-0.3833,-0.3676,0.0001,-0.3675
261240,매매기준율,현물+금리차,2020-01-08,0.3848,0.7552,0.0001,0.7553
261240,매매기준율,현물+금리차,2020-01-09,-1.0221,-1.2009,0.0001,-1.2008
261240,매매기준율,현물+금리차,2020-01-10,0.1986,0.0948,0.0001,0.095
261240,매매기준율,현물+금리차,2020-01-13,-0.4856,-0.4651,0.0004,-0.4647
261240,매매기준율,현물+금리차,2020-01-14,0.0498,-0.225,0.0002,-0.2248
261240,매매기준율,현물+금리차,2020-01-15,0.0896,0.4943,0.0002,0.4945
261240,매매기준율,현물+금리차,2020-01-16,0.3481,0.069,0.0002,0.0693
261240,매매기준율,현물+금리차,2020-01-17,-0.1486,-0.069,0.0002,-0.0688
261240,매매기준율,현물+금리차,2020-01-20,-0.0992,0.0,0.0006,0.0006
261240,매매기준율,현물+금리차,2020-01-21,0.7451,0.5091,0.0002,0.5093
261240,매매기준율,현물+금리차,2020-01-22,-0.1479,0.0343,0.0002,0.0345
261240,매매기준율,현물+금리차,2020-01-23,0.2963,0.1802,0.0002,0.1804
261240,매매기준율,현물+금리차,2020-01-28,0.7286,0.8139,0.0008,0.8147
261240,매매기준율,현물+금리차,2020-01-29,0.0978,-0.0595,0.0002,-0.0593
261240,매매기준율,현물+금리차,2020-01-30,0.625,0.6378,0.0002,0.6379
261240,매매기준율,현물+금리차,2020-01-31,0.5823,0.3633,0.0003,0.3636
261240,매매기준율,현물+금리차,2020-02-03,0.2316,0.6904,0.0008,0.6912
261240,매매기준율,현물+금리차,2020-02-04,-0.568,-0.5518,0.0003,-0.5515
261240,매매기준율,현물+금리차,2020-02-05,0.3389,-0.0757,0.0003,-0.0753
261240,매매기준율,현물+금리차,2020-02-06,-1.0035,-0.5974,0.0003,-0.5971
261240,매매기준율,현물+금리차,2020-02-07,0.6238,0.4909,0.0003,0.4913
261240,매매기준율,현물+금리차,2020-02-10,0.0484,0.219,0.0009,0.2199
261240,매매기준율,현물+금리차,2020-02-11,-0.4357,-0.4791,0.0004,-0.4787
261240,매매기준율,현물+금리차,2020-02-12,-0.2334,-0.3631,0.0003,-0.3628
261240,매매기준율,현물+금리차,2020-02-13,0.2827,0.1441,0.0004,0.1444
261240,매매기준율,현물+금리차,2020-02-14,0.0972,0.1693,0.0004,0.1697
261240,매매기준율,현물+금리차,2020-02-17,0.0,-0.1098,0.0011,-0.1088
261240,매매기준율,현물+금리차,2020-02-18,0.534,0.4991,0.0004,0.4994
261240,매매기준율,현물+금리차,2020-02-19,0.0,0.2273,0.0004,0.2276
261240,매매기준율,현물+금리차,2020-02-20,0.763,0.5207,0.0004,0.521
261240,매매기준율,현물+금리차,2020-02-21,0.8531,0.7185,0.0004,0.7188
261240,매매기준율,현물+금리차,2020-02-24,0.8934,1.0036,0.001,1.0046
261240,매매기준율,현물+금리차,2020-02-25,-0.7442,-0.4106,0.0002,-0.4104
261240,매매기준율,현물+금리차,2020-02-26,0.522,0.3381,0.0002,0.3383
261240,매매기준율,현물+금리차,2020-02-27,0.0378,-0.074,0.0002,-0.0737
261240,매매기준율,현물+금리차,2020-02-28,-0.1793,-0.0493,0.0,-0.0493
261240,매매기준율,현물+금리차,2020-03-02,-1.6924,-1.2343,-0.0013,-1.2356
261240,매매기준율,현물+금리차,2020-03-03,0.0481,-0.7415,-0.0008,-0.7423
261240,매매기준율,현물+금리차,2020-03-04,-0.5671,-0.4197,-0.0013,-0.421
261240,매매기준율,현물+금리차,2020-03-05,-0.58,-0.118,-0.0019,-0.1199
261240,매매기준율,현물+금리차,2020-03-06,0.9627,0.5401,-0.0022,0.5379
261240,매매기준율,현물+금리차,2020-03-09,1.0498,0.8393,-0.0078,0.8315
261240,매매기준율,현물+금리차,2020-03-10,-0.9436,-0.3912,-0.003,-0.3942
261240,매매기준율,현물+금리차,2020-03-11,0.0481,-0.3259,-0.0027,-0.3285
261240,매매기준율,현물+금리차,2020-03-12,1.0964,0.7713,-0.0027,0.7686
261240,매매기준율,현물+금리차,2020-03-13,0.761,1.6805,-0.0029,1.6776
261240,매매기준율,현물+금리차,2020-03-16,0.8875,-0.2127,-0.0092,-0.2219
261240,매매기준율,현물+금리차,2020-03-17,1.385,1.7711,-0.0032,1.7679
261240,매매기준율,현물+금리차,2020-03-18,0.3692,-0.2739,-0.0023,-0.2762
261240,매매기준율,현물+금리차,2020-03-19,3.0991,3.4174,-0.0027,3.4145
261240,매매기준율,현물+금리차,2020-03-20,-3.0506,-2.0311,-0.0027,-2.0337
261240,매매기준율,현물+금리차,2020-03-23,1.6837,1.6346,-0.008,1.6265
261240,매매기준율,현물+금리차,2020-03-24,-1.5201,-1.4593,-0.0027,-1.462
261240,매매기준율,현물+금리차,2020-03-25,-1.6446,-2.0143,-0.0029,-2.0172
261240,매매기준율,현물+금리차,2020-03-26,0.4204,-0.2275,-0.0031,-0.2306
261240,매매기준율,현물+금리차,2020-03-27,-1.6558,-1.2623,-0.0032,-1.2654
261240,매매기준율,현물+금리차,2020-03-30,1.0783,0.8413,-0.0088,0.8324
261240,매매기준율,현물+금리차,2020-03-31,-0.4679,-0.2127,-0.0027,-0.2153
261240,매매기준율,현물+금리차,2020-04-01,1.0718,0.1803,-0.0027,0.1776
261240,매매기준율,현물+금리차,2020-04-02,-0.2326,1.26,-0.0028,1.2572
261240,매매기준율,현물+금리차,2020-04-03,0.3263,-0.6303,-0.0028,-0.633
261240,매매기준율,현물+금리차,2020-04-06,-0.1859,0.2927,-0.0082,0.2845
261240,매매기준율,현물+금리차,2020-04-07,-0.6425,-0.8918,-0.0026,-0.8944
261240,매매기준율,현물+금리차,2020-04-08,0.0,-0.2209,-0.0026,-0.2235
261240,매매기준율,현물+금리차,2020-04-09,-0.0937,-0.2706,-0.0024,-0.273
261240,매매기준율,현물+금리차,2020-04-10,-0.9755,-0.3371,-0.0023,-0.3394
261240,매매기준율,현물+금리차,2020-04-13,0.843,0.5279,-0.007,0.5209
261240,매매기준율,현물+금리차,2020-04-14,-0.1879,-0.1641,-0.0023,-0.1664
261240,매매기준율,현물+금리차,2020-04-16,1.0258,0.8876,-0.0049,0.8827
261240,매매기준율,현물+금리차,2020-04-17,-0.9688,-0.668,-0.0026,-0.6706
261240,매매기준율,현물+금리차,2020-04-20,0.2352,-0.0492,-0.0081,-0.0573
261240,매매기준율,현물+금리차,2020-04-21,0.8352,1.0339,-0.0027,1.0312
261240,매매기준율,현물+금리차,2020-04-22,0.0931,0.3167,-0.0027,0.314
261240,매매기준율,현물+금리차,2020-04-23,-0.186,-0.2591,-0.0027,-0.2617
261240,매매기준율,현물+금리차,2020-04-24,0.6986,0.3084,-0.0027,0.3057
261240,매매기준율,현물+금리차,2020-04-27,-0.8788,-0.4451,-0.0081,-0.4531
261240,매매기준율,현물+금리차,2020-04-28,-0.0933,-0.4145,-0.0027,-0.4172
261240,매매기준율,현물+금리차,2020-04-29,-0.411,-0.5468,-0.0027,-0.5495
261240,매매기준율,현물+금리차,2020-05-04,0.7879,0.7632,-0.0137,0.7494
261240,매매기준율,현물+금리차,2020-05-06,-0.456,-0.3665,-0.0053,-0.3718
261240,매매기준율,현물+금리차,2020-05-07,0.1309,0.2616,-0.0027,0.2589
261240,매매기준율,현물+금리차,2020-05-08,-0.4108,-0.7175,-0.0027,-0.7201
261240,매매기준율,현물+금리차,2020-05-11,0.0,0.0082,-0.0079,0.0003
261240,매매기준율,현물+금리차,2020-05-12,0.5063,0.7308,-0.0025,0.7283
261240,매매기준율,현물+금리차,2020-05-13,-0.1772,-0.0326,-0.0025,-0.0351
261240,매매기준율,현물+금리차,2020-05-14,0.3177,0.1305,-0.0025,0.1279
261240,매매기준율,현물+금리차,2020-05-15,0.326,0.114,-0.0025,0.1115
261240,매매기준율,현물+금리차,2020-05-18,0.0929,0.1871,-0.0076,0.1794
261240,매매기준율,현물+금리차,2020-05-19,-0.5102,-0.5765,-0.0025,-0.579
261240,매매기준율,현물+금리차,2020-05-20,0.2331,0.2695,-0.0024,0.2671
261240,매매기준율,현물+금리차,2020-05-21,0.093,0.2362,-0.0025,0.2337
261240,매매기준율,현물+금리차,2020-05-22,0.5483,0.4469,-0.0025,0.4444
261240,매매기준율,현물+금리차,2020-05-25,0.5546,0.4692,-0.0074,0.4617
261240,매매기준율,현물+금리차,2020-05-26,-0.6802,-0.3945,-0.0025,-0.397
261240,매매기준율,현물+금리차,2020-05-27,-0.0463,-0.2748,-0.0024,-0.2772
261240,매매기준율,현물+금리차,2020-05-28,0.4074,0.462,-0.0024,0.4596
261240,매매기준율,현물+금리차,2020-05-29,-0.2305,-0.1452,-0.0018,-0.147
261240,매매기준율,현물+금리차,2020-06-01,-1.0075,-0.7919,-0.0055,-0.7973
261240,매매기준율,현물+금리차,2020-06-02,0.0934,-0.3014,-0.0018,-0.3032
261240,매매기준율,현물+금리차,2020-06-03,-0.7369,-0.5882,-0.0018,-0.59
261240,매매기준율,현물+금리차,2020-06-04,0.188,0.0411,-0.0018,0.0393
261240,매매기준율,현물+금리차,2020-06-05,-0.8817,-0.3532,-0.0018,-0.355
261240,매매기준율,현물+금리차,2020-06-08,-0.3312,-0.7337,-0.0053,-0.7389
261240,매매기준율,현물+금리차,2020-06-09,-0.5602,-0.5398,-0.0017,-0.5415
261240,매매기준율,현물+금리차,2020-06-10,-0.5252,-0.2755,-0.0016,-0.2772
261240,매매기준율,현물+금리차,2020-06-11,0.5279,-0.134,-0.0017,-0.1357
261240,매매기준율,현물+금리차,2020-06-12,0.5156,1.1569,-0.0017,1.1552
261240,매매기준율,현물+금리차,2020-06-15,1.1304,0.3481,-0.0052,0.3429
261240,매매기준율,현물+금리차,2020-06-16,-0.7421,-0.3469,-0.0017,-0.3485
261240,매매기준율,현물+금리차,2020-06-17,0.511,0.6547,-0.0017,0.653
261240,매매기준율,현물+금리차,2020-06-18,-0.4143,-0.1235,-0.0017,-0.1252
261240,매매기준율,현물+금리차,2020-06-19,0.0473,-0.0824,-0.0017,-0.0842
261240,매매기준율,현물+금리차,2020-06-22,0.5103,0.099,-0.0053,0.0937
261240,매매기준율,현물+금리차,2020-06-23,-0.4607,-0.2555,-0.0017,-0.2572
261240,매매기준율,현물+금리차,2020-06-24,-0.7556,-0.595,-0.0017,-0.5967
261240,매매기준율,현물+금리차,2020-06-25,0.3331,0.1912,-0.0018,0.1894
261240,매매기준율,현물+금리차,2020-06-26,-0.332,-0.5476,-0.0017,-0.5493
261240,매매기준율,현물+금리차,2020-06-29,-0.0952,0.1752,-0.0053,0.1699
261240,매매기준율,현물+금리차,2020-06-30,0.3334,-0.1832,-0.0018,-0.185
261240,매매기준율,현물+금리차,2020-07-01,0.0475,0.2587,-0.0017,0.2569
261240,매매기준율,현물+금리차,2020-07-02,-0.3796,-0.0499,-0.0018,-0.0517
261240,매매기준율,현물+금리차,2020-07-03,-0.0476,-0.05,-0.0018,-0.0517
261240,매매기준율,현물+금리차,2020-07-06,-0.2764,-0.2999,-0.0053,-0.3052
261240,매매기준율,현물+금리차,2020-07-07,0.0,-0.3259,-0.0018,-0.3276
261240,매매기준율,현물+금리차,2020-07-08,-0.0956,0.2431,-0.0018,0.2413
261240,매매기준율,현물+금리차,2020-07-09,0.0478,-0.1087,-0.0018,-0.1105
261240,매매기준율,현물+금리차,2020-07-10,0.7554,0.6614,-0.0018,0.6595
261240,매매기준율,현물+금리차,2020-07-13,-0.3322,-0.1747,-0.0054,-0.1801
261240,매매기준율,현물+금리차,2020-07-14,0.4761,0.5082,-0.0018,0.5064
261240,매매기준율,현물+금리차,2020-07-15,-0.4265,-0.4725,-0.0018,-0.4742
261240,매매기준율,현물+금리차,2020-07-16,0.4283,0.2832,-0.0017,0.2814
261240,매매기준율,현물+금리차,2020-07-17,0.0,0.1329,-0.0019,0.131
261240,매매기준율,현물+금리차,2020-07-20,-0.2369,-0.1659,-0.0056,-0.1715
261240,매매기준율,현물+금리차,2020-07-21,-0.418,-0.4652,-0.0018,-0.467
261240,매매기준율,현물+금리차,2020-07-22,-0.3339,-0.3672,-0.0018,-0.369
261240,매매기준율,현물+금리차,2020-07-23,0.1914,0.4021,-0.0018,0.4003
261240,매매기준율,현물+금리차,2020-07-24,0.4203,0.2336,-0.0018,0.2318
261240,매매기준율,현물+금리차,2020-07-27,-0.4661,-0.3912,-0.0055,-0.3967
261240,매매기준율,현물+금리차,2020-07-28,0.0478,-0.1254,-0.0018,-0.1272
261240,매매기준율,현물+금리차,2020-07-29,-0.3344,0.0084,-0.0018,0.0065
261240,매매기준율,현물+금리차,2020-07-30,0.1917,-0.3179,-0.0018,-0.3198
261240,매매기준율,현물+금리차,2020-07-31,-0.287,-0.1931,-0.0019,-0.1949
261240,매매기준율,현물+금리차,2020-08-03,0.1919,0.3868,-0.0057,0.3812
261240,매매기준율,현물+금리차,2020-08-04,0.0,-0.0168,-0.0019,-0.0186
261240,매매기준율,현물+금리차,2020-08-05,-0.3352,-0.2681,-0.0018,-0.2699
261240,매매기준율,현물+금리차,2020-08-06,-0.3747,-0.5041,-0.0018,-0.5059
261240,매매기준율,현물+금리차,2020-08-07,0.0482,0.1351,-0.0018,0.1333
261240,매매기준율,현물+금리차,2020-08-10,-0.0482,0.0675,-0.0053,0.0621
261240,매매기준율,현물+금리차,2020-08-11,0.0868,-0.1517,-0.0017,-0.1534
261240,매매기준율,현물+금리차,2020-08-12,-0.0385,0.0928,-0.0017,0.0911
261240,매매기준율,현물+금리차,2020-08-13,-0.1446,-0.2024,-0.0016,-0.204
261240,매매기준율,현물+금리차,2020-08-14,0.1448,0.1859,-0.0016,0.1843
261240,매매기준율,현물+금리차,2020-08-18,0.0,-0.059,-0.006,-0.0651
261240,매매기준율,현물+금리차,2020-08-19,-0.3374,-0.2363,-0.0015,-0.2378
261240,매매기준율,현물+금리차,2020-08-20,0.5707,0.3383,-0.0014,0.3369
261240,매매기준율,현물+금리차,2020-08-21,-0.1443,-0.0843,-0.0014,-0.0857
261240,매매기준율,현물+금리차,2020-08-24,0.2889,0.3965,-0.0044,0.3922
261240,매매기준율,현물+금리차,2020-08-25,-0.3361,-0.3109,-0.0014,-0.3123
261240,매매기준율,현물+금리차,2020-08-26,0.0482,0.059,-0.0014,0.0576
261240,매매기준율,현물+금리차,2020-08-27,-0.0867,-0.1095,-0.0014,-0.1109
261240,매매기준율,현물+금리차,2020-08-28,-0.1446,-0.0506,-0.0014,-0.052
261240,매매기준율,현물+금리차,2020-08-31,0.2799,-0.1519,-0.0044,-0.1562
261240,매매기준율,현물+금리차,2020-09-01,-0.231,0.1099,-0.0014,0.1084
261240,매매기준율,현물+금리차,2020-09-02,0.1833,0.1351,-0.0014,0.1337
261240,매매기준율,현물+금리차,2020-09-03,0.1926,0.1096,-0.0014,0.1082
261240,매매기준율,현물+금리차,2020-09-04,0.0961,0.2274,-0.0014,0.2259
261240,매매기준율,현물+금리차,2020-09-07,-0.048,-0.2521,-0.0043,-0.2563
261240,매매기준율,현물+금리차,2020-09-08,-0.1441,0.059,-0.0014,0.0575
261240,매매기준율,현물+금리차,2020-09-09,0.1924,0.1431,-0.0014,0.1417
261240,매매기준율,현물+금리차,2020-09-10,-0.3745,-0.3615,-0.0014,-0.3629
261240,매매기준율,현물+금리차,2020-09-11,0.1832,0.2531,-0.0014,0.2517
261240,매매기준율,현물+금리차,2020-09-14,-0.2309,-0.345,-0.0043,-0.3493
261240,매매기준율,현물+금리차,2020-09-15,-0.434,-0.3124,-0.0014,-0.3139
261240,매매기준율,현물+금리차,2020-09-16,-0.2422,-0.2287,-0.0014,-0.2301
261240,매매기준율,현물+금리차,2020-09-17,-0.1456,-0.2038,-0.0014,-0.2052
261240,매매기준율,현물+금리차,2020-09-18,-1.1571,-1.0039,-0.0015,-1.0054
261240,매매기준율,현물+금리차,2020-09-21,-0.1869,-0.2578,-0.0044,-0.2622
261240,매매기준율,현물+금리차,2020-09-22,0.5322,0.2843,-0.0015,0.2829
261240,매매기준율,현물+금리차,2020-09-23,-0.049,0.043,-0.0015,0.0415
261240,매매기준율,현물+금리차,2020-09-24,0.7749,0.5067,-0.0014,0.5053
261240,매매기준율,현물+금리차,2020-09-25,0.0,0.0171,-0.0015,0.0156
261240,매매기준율,현물+금리차,2020-09-28,0.0,0.2563,-0.0044,0.2519
261240,매매기준율,현물+금리차,2020-09-29,-0.2336,-0.3409,-0.0014,-0.3423
261240,매매기준율,현물+금리차,2020-10-05,-0.5366,-0.5216,-0.0089,-0.5304
261240,매매기준율,현물+금리차,2020-10-06,-0.2452,-0.2922,-0.0015,-0.2937
261240,매매기준율,현물+금리차,2020-10-07,-0.1868,0.2155,-0.0015,0.2141
261240,매매기준율,현물+금리차,2020-10-08,-0.4433,-0.5419,-0.0015,-0.5434
261240,매매기준율,현물+금리차,2020-10-12,-0.5838,-0.6833,-0.0059,-0.6892
261240,매매기준율,현물+금리차,2020-10-13,0.0,0.1045,-0.0015,0.103
261240,매매기준율,현물+금리차,2020-10-14,-0.0498,-0.3306,-0.0014,-0.332
261240,매매기준율,현물+금리차,2020-10-15,-0.249,-0.096,-0.0014,-0.0974
261240,매매기준율,현물+금리차,2020-10-16,0.3494,0.0874,-0.0014,0.0859
261240,매매기준율,현물+금리차,2020-10-19,-0.4477,-0.2968,-0.0043,-0.301
261240,매매기준율,현물+금리차,2020-10-20,-0.1999,-0.2189,-0.0014,-0.2203
261240,매매기준율,현물+금리차,2020-10-21,-0.6909,-0.5265,-0.0015,-0.5279
261240,매매기준율,현물+금리차,2020-10-22,0.1008,0.0353,-0.0015,0.0338
261240,매매기준율,현물+금리차,2020-10-23,0.1007,0.0441,-0.0015,0.0426
261240,매매기준율,현물+금리차,2020-10-26,-0.7044,-0.4848,-0.0044,-0.4891
261240,매매기준율,현물+금리차,2020-10-27,-0.0507,-0.1328,-0.0014,-0.1343
261240,매매기준율,현물+금리차,2020-10-28,0.4056,0.1508,-0.0015,0.1493
261240,매매기준율,현물+금리차,2020-10-29,0.1515,0.3631,-0.0015,0.3616
261240,매매기준율,현물+금리차,2020-10-30,0.1512,-0.2647,-0.0015,-0.2662
261240,매매기준율,현물+금리차,2020-11-02,0.0503,0.3804,-0.0044,0.3759
261240,매매기준율,현물+금리차,2020-11-03,-0.0503,-0.0088,-0.0015,-0.0103
261240,매매기준율,현물+금리차,2020-11-04,0.2416,0.1675,-0.0016,0.1659
261240,매매기준율,현물+금리차,2020-11-05,-0.6428,-0.4927,-0.0016,-0.4943
261240,매매기준율,현물+금리차,2020-11-06,-0.6975,-0.5748,-0.0015,-0.5763
261240,매매기준율,현물+금리차,2020-11-09,-0.6616,-0.7826,-0.0046,-0.7872
261240,매매기준율,현물+금리차,2020-11-10,0.1025,0.0269,-0.0015,0.0254
261240,매매기준율,현물+금리차,2020-11-11,-0.4504,-0.3136,-0.0015,-0.3152
261240,매매기준율,현물+금리차,2020-11-12,0.5553,0.0719,-0.0015,0.0704
261240,매매기준율,현물+금리차,2020-11-13,-0.1023,0.1707,-0.0015,0.1691
261240,매매기준율,현물+금리차,2020-11-16,-0.4504,-0.6367,-0.0047,-0.6414
261240,매매기준율,현물+금리차,2020-11-17,-0.3599,-0.1083,-0.0016,-0.1099
261240,매매기준율,현물+금리차,2020-11-18,-0.0516,-0.0813,-0.0016,-0.0829
261240,매매기준율,현물+금리차,2020-11-19,1.0222,0.5697,-0.0016,0.5681
261240,매매기준율,현물+금리차,2020-11-20,-0.1022,0.1798,-0.0016,0.1782
261240,매매기준율,현물+금리차,2020-11-23,-0.3581,-0.1436,-0.0048,-0.1484
261240,매매기준율,현물+금리차,2020-11-24,0.0513,-0.1258,-0.0016,-0.1274
261240,매매기준율,현물+금리차,2020-11-25,-0.2463,-0.36,-0.0016,-0.3615
261240,매매기준율,현물+금리차,2020-11-26,-0.463,-0.1264,-0.0016,-0.128
261240,매매기준율,현물+금리차,2020-11-27,0.0517,-0.1266,-0.0016,-0.1282
261240,매매기준율,현물+금리차,2020-11-30,0.2583,0.0453,-0.0047,0.0406
261240,매매기준율,현물+금리차,2020-12-01,0.0,0.1991,-0.0016,0.1975
261240,매매기준율,현물+금리차,2020-12-02,-0.5667,-0.3432,-0.0016,-0.3448
261240,매매기준율,현물+금리차,2020-12-03,-0.4041,-0.4713,-0.0016,-0.4729
261240,매매기준율,현물+금리차,2020-12-04,-1.1861,-1.0473,-0.0016,-1.0488
261240,매매기준율,현물+금리차,2020-12-07,-0.1053,-0.3589,-0.0047,-0.3636
261240,매매기준율,현물+금리차,2020-12-08,0.3057,0.157,-0.0016,0.1554
261240,매매기준율,현물+금리차,2020-12-09,-0.042,-0.0738,-0.0016,-0.0753
261240,매매기준율,현물+금리차,2020-12-10,0.2523,0.2399,-0.0016,0.2383
261240,매매기준율,현물+금리차,2020-12-11,0.2097,0.2854,-0.0016,0.2838
261240,매매기준율,현물+금리차,2020-12-14,0.157,0.1377,-0.0048,0.1329
261240,매매기준율,현물+금리차,2020-12-15,0.0522,0.22,-0.0016,0.2185
261240,매매기준율,현물+금리차,2020-12-16,0.1566,-0.0915,-0.0016,-0.0931
261240,매매기준율,현물+금리차,2020-12-17,-0.0521,0.0549,-0.0016,0.0534
261240,매매기준율,현물+금리차,2020-12-18,0.6155,0.4667,-0.0016,0.4651
261240,매매기준율,현물+금리차,2020-12-21,0.2592,0.3006,-0.0048,0.2958
261240,매매기준율,현물+금리차,2020-12-22,0.4137,0.4904,-0.0016,0.4888
261240,매매기준율,현물+금리차,2020-12-23,0.0,0.2078,-0.0016,0.2063
261240,매매기준율,현물+금리차,2020-12-24,-0.5664,-0.4689,-0.0016,-0.4705
261240,매매기준율,현물+금리차,2020-12-28,-0.4557,-0.4983,-0.0062,-0.5045
261240,매매기준율,현물+금리차,2020-12-29,-0.4682,-0.4553,-0.0015,-0.4568
261240,매매기준율,현물+금리차,2020-12-30,-0.3659,-0.4757,-0.0015,-0.4772
261240,매매기준율,현물+금리차,2021-01-04,-0.3567,-0.4504,-0.0079,-0.4583
261240,매매기준율,현물+금리차,2021-01-05,0.4107,0.277,-0.0016,0.2754
261240,매매기준율,현물+금리차,2021-01-06,-0.0524,0.0645,-0.0016,0.0629
261240,매매기준율,현물+금리차,2021-01-07,0.1049,0.0828,-0.0016,0.0812
261240,매매기준율,현물+금리차,2021-01-08,0.3144,0.616,-0.0016,0.6144
261240,매매기준율,현물+금리차,2021-01-11,0.6687,0.3107,-0.0048,0.3059
261240,매매기준율,현물+금리차,2021-01-12,0.1557,0.1913,-0.0016,0.1897
261240,매매기준율,현물+금리차,2021-01-13,-0.4041,-0.4455,-0.0016,-0.447
261240,매매기준율,현물+금리차,2021-01-14,0.3017,0.484,-0.0016,0.4824
261240,매매기준율,현물+금리차,2021-01-15,0.1037,-0.2181,-0.0016,-0.2197
261240,매매기준율,현물+금리차,2021-01-18,0.4145,0.592,-0.0048,0.5872
261240,매매기준율,현물+금리차,2021-01-19,-0.1032,-0.2083,-0.0016,-0.2099
261240,매매기준율,현물+금리차,2021-01-20,-0.2066,-0.1905,-0.0016,-0.1922
261240,매매기준율,현물+금리차,2021-01-21,-0.1553,-0.0727,-0.0017,-0.0744
261240,매매기준율,현물+금리차,2021-01-22,0.4147,0.282,-0.0016,0.2804
261240,매매기준율,현물+금리차,2021-01-25,-0.1549,0.0816,-0.005,0.0766
261240,매매기준율,현물+금리차,2021-01-26,0.4654,-0.0181,-0.0016,-0.0198
261240,매매기준율,현물+금리차,2021-01-27,-0.2059,0.0907,-0.0017,0.089
261240,매매기준율,현물+금리차,2021-01-28,1.4337,0.9601,-0.0017,0.9584
261240,매매기준율,현물+금리차,2021-01-29,-0.1017,0.2333,-0.0017,0.2315
261240,매매기준율,현물+금리차,2021-02-01,-0.3054,0.0716,-0.0053,0.0663
261240,매매기준율,현물+금리차,2021-02-02,0.0511,-0.1252,-0.0017,-0.1269
261240,매매기준율,현물+금리차,2021-02-03,-0.1021,-0.2328,-0.0018,-0.2347
261240,매매기준율,현물+금리차,2021-02-04,0.3575,0.2424,-0.0019,0.2405
261240,매매기준율,현물+금리차,2021-02-05,0.4479,0.6537,-0.0019,0.6518
261240,매매기준율,현물+금리차,2021-02-08,-0.3445,-0.4359,-0.0058,-0.4417
261240,매매기준율,현물+금리차,2021-02-09,-0.3051,-0.277,-0.0019,-0.2789
261240,매매기준율,현물+금리차,2021-02-10,-0.8058,-0.5287,-0.0019,-0.5306
261240,매매기준율,현물+금리차,2021-02-15,-0.5656,-0.6306,-0.0093,-0.6398
261240,매매기준율,현물+금리차,2021-02-16,-0.1034,-0.3082,-0.0019,-0.3101
261240,매매기준율,현물+금리차,2021-02-17,0.7246,0.7275,-0.0019,0.7255
261240,매매기준율,현물+금리차,2021-02-18,0.0,-0.1806,-0.0019,-0.1825
261240,매매기준율,현물+금리차,2021-02-19,-0.2055,0.1266,-0.0019,0.1247
261240,매매기준율,현물+금리차,2021-02-22,0.2987,-0.0542,-0.0058,-0.0599
261240,매매기준율,현물+금리차,2021-02-23,0.154,0.3886,-0.0019,0.3867
261240,매매기준율,현물+금리차,2021-02-24,0.1025,-0.054,-0.0019,-0.0559
261240,매매기준율,현물+금리차,2021-02-25,-0.3482,-0.1621,-0.0019,-0.1641
261240,매매기준율,현물+금리차,2021-02-26,1.4183,1.2089,-0.0019,1.207
261240,매매기준율,현물+금리차,2021-03-02,0.0507,-0.0446,-0.0077,-0.0522
261240,매매기준율,현물+금리차,2021-03-03,-0.3039,0.1427,-0.0019,0.1408
261240,매매기준율,현물+금리차,2021-03-04,0.3048,0.2939,-0.0019,0.292
261240,매매기준율,현물+금리차,2021-03-05,0.0506,0.2841,-0.0019,0.2822
261240,매매기준율,현물+금리차,2021-03-08,0.7491,0.1682,-0.0058,0.1625
261240,매매기준율,현물+금리차,2021-03-09,0.6531,0.8663,-0.0019,0.8644
261240,매매기준율,현물+금리차,2021-03-10,0.1497,-0.0351,-0.0019,-0.037
261240,매매기준율,현물+금리차,2021-03-11,-0.5482,-0.2981,-0.0019,-0.3
261240,매매기준율,현물+금리차,2021-03-12,-0.3007,-0.5803,-0.0019,-0.5823
261240,매매기준율,현물+금리차,2021-03-15,0.3519,0.4599,-0.0058,0.454
261240,매매기준율,현물+금리차,2021-03-16,-0.6412,-0.2993,-0.0019,-0.3013
261240,매매기준율,현물+금리차,2021-03-17,0.1008,-0.0618,-0.002,-0.0638
261240,매매기준율,현물+금리차,2021-03-18,-0.6547,-0.7157,-0.002,-0.7177
261240,매매기준율,현물+금리차,2021-03-19,0.659,0.7208,-0.002,0.7188
261240,매매기준율,현물+금리차,2021-03-22,-0.1007,-0.0442,-0.0061,-0.0503
261240,매매기준율,현물+금리차,2021-03-23,0.0,-0.2917,-0.002,-0.2937
261240,매매기준율,현물+금리차,2021-03-24,0.4436,0.4876,-0.002,0.4856
261240,매매기준율,현물+금리차,2021-03-25,-0.0502,0.0618,-0.002,0.0598
261240,매매기준율,현물+금리차,2021-03-26,-0.3415,-0.2116,-0.002,-0.2136
261240,매매기준율,현물+금리차,2021-03-29,0.2419,-0.0088,-0.006,-0.0148
261240,매매기준율,현물+금리차,2021-03-30,0.1508,0.1591,-0.002,0.1571
261240,매매기준율,현물+금리차,2021-03-31,-0.1907,-0.0794,-0.002,-0.0814
261240,매매기준율,현물+금리차,2021-04-01,0.0402,-0.2914,-0.002,-0.2933
261240,매매기준율,현물+금리차,2021-04-02,-0.3921,-0.1594,-0.002,-0.1614
261240,매매기준율,현물+금리차,2021-04-05,0.0,0.0266,-0.006,0.0206
261240,매매기준율,현물+금리차,2021-04-06,-0.7065,-0.4345,-0.002,-0.4364
261240,매매기준율,현물+금리차,2021-04-07,-0.3456,-0.5789,-0.002,-0.5808
261240,매매기준율,현물+금리차,2021-04-08,0.153,0.1881,-0.002,0.1861
261240,매매기준율,현물+금리차,2021-04-09,0.3463,-0.1162,-0.002,-0.1183
261240,매매기준율,현물+금리차,2021-04-12,0.3045,0.6355,-0.006,0.6295
261240,매매기준율,현물+금리차,2021-04-13,0.1012,0.1601,-0.002,0.1581
261240,매매기준율,현물+금리차,2021-04-14,-0.7985,-0.5506,-0.0019,-0.5525
261240,매매기준율,현물+금리차,2021-04-15,0.0509,-0.2054,-0.0019,-0.2073
261240,매매기준율,현물+금리차,2021-04-16,-0.2037,0.0268,-0.0019,0.0249
261240,매매기준율,현물+금리차,2021-04-19,0.1021,0.0268,-0.0058,0.021
261240,매매기준율,현물+금리차,2021-04-20,-0.4078,-0.4293,-0.0019,-0.4312
261240,매매기준율,현물+금리차,2021-04-21,0.563,0.3593,-0.0019,0.3573
261240,매매기준율,현물+금리차,2021-04-22,-0.1527,-0.0984,-0.0019,-0.1004
261240,매매기준율,현물+금리차,2021-04-23,0.1019,0.2329,-0.0019,0.231
261240,매매기준율,현물+금리차,2021-04-26,-0.4583,-0.4379,-0.0058,-0.4437
261240,매매기준율,현물+금리차,2021-04-27,-0.2558,-0.2873,-0.0019,-0.2892
261240,매매기준율,현물+금리차,2021-04-28,0.2564,0.153,-0.002,0.1511
261240,매매기준율,현물+금리차,2021-04-29,-0.3581,-0.4584,-0.002,-0.4604
261240,매매기준율,현물+금리차,2021-04-30,0.2567,0.1987,-0.002,0.1967
261240,매매기준율,현물+금리차,2021-05-03,0.9627,0.8742,-0.0059,0.8682
261240,매매기준율,현물+금리차,2021-05-04,-0.1014,0.1608,-0.0019,0.1589
261240,매매기준율,현물+금리차,2021-05-06,0.4062,0.3925,-0.0039,0.3886
261240,매매기준율,현물+금리차,2021-05-07,-0.4045,-0.3643,-0.0019,-0.3662
261240,매매기준율,현물+금리차,2021-05-10,-0.6499,-0.6064,-0.0058,-0.6121
261240,매매기준율,현물+금리차,2021-05-11,0.511,0.4037,-0.0019,0.4018
261240,매매기준율,현물+금리차,2021-05-12,0.4474,0.3932,-0.0019,0.3913
261240,매매기준율,현물+금리차,2021-05-13,0.4556,0.632,-0.0018,0.6301
261240,매매기준율,현물+금리차,2021-05-14,-0.1008,-0.0973,-0.0018,-0.0991
261240,매매기준율,현물+금리차,2021-05-17,0.4439,0.3099,-0.0054,0.3044
261240,매매기준율,현물+금리차,2021-05-18,-0.3917,0.0088,-0.0018,0.007
261240,매매기준율,현물+금리차,2021-05-20,0.2924,-0.0794,-0.0036,-0.083
261240,매매기준율,현물+금리차,2021-05-21,-0.4926,-0.4681,-0.0018,-0.4699
261240,매매기준율,현물+금리차,2021-05-24,0.0,0.0621,-0.0053,0.0568
261240,매매기준율,현물+금리차,2021-05-25,-0.3536,-0.4257,-0.0018,-0.4274
261240,매매기준율,현물+금리차,2021-05-26,-0.4968,-0.3741,-0.0018,-0.3758
261240,매매기준율,현물+금리차,2021-05-27,-0.0509,-0.0536,-0.0018,-0.0554
261240,매매기준율,현물+금리차,2021-05-28,-0.1019,-0.1789,-0.0018,-0.1806
261240,매매기준율,현물+금리차,2021-05-31,-0.3572,-0.224,-0.0053,-0.2293
261240,매매기준율,현물+금리차,2021-06-01,-0.4506,-0.5837,-0.0018,-0.5855
261240,매매기준율,현물+금리차,2021-06-02,0.607,0.2981,-0.0018,0.2963
261240,매매기준율,현물+금리차,2021-06-03,0.1023,0.1351,-0.0018,0.1333
261240,매매기준율,현물+금리차,2021-06-04,0.1532,0.5127,-0.0018,0.5109
261240,매매기준율,현물+금리차,2021-06-07,-0.306,-0.5638,-0.0053,-0.569
261240,매매기준율,현물+금리차,2021-06-08,0.0512,0.225,-0.0018,0.2232
261240,매매기준율,현물+금리차,2021-06-09,0.2045,0.1886,-0.0018,0.1868
261240,매매기준율,현물+금리차,2021-06-10,0.0,-0.0717,-0.0017,-0.0734
261240,매매기준율,현물+금리차,2021-06-11,-0.4592,-0.3408,-0.0017,-0.3425
261240,매매기준율,현물+금리차,2021-06-14,0.5639,0.468,-0.0052,0.4628
261240,매매기준율,현물+금리차,2021-06-15,0.051,0.1254,-0.0017,0.1237
261240,매매기준율,현물+금리차,2021-06-16,-0.0509,-0.0089,-0.0017,-0.0107
261240,매매기준율,현물+금리차,2021-06-17,1.2641,1.0557,-0.0017,1.054
261240,매매기준율,현물+금리차,2021-06-18,0.0503,0.239,-0.0017,0.2373
261240,매매기준율,현물+금리차,2021-06-21,0.2415,0.2826,-0.005,0.2776
261240,매매기준율,현물+금리차,2021-06-22,-0.2409,-0.2642,-0.0017,-0.2659
261240,매매기준율,현물+금리차,2021-06-23,0.4427,0.2826,-0.0017,0.2809
261240,매매기준율,현물+금리차,2021-06-24,-0.2505,0.0176,-0.0017,0.0159
261240,매매기준율,현물+금리차,2021-06-25,-0.4921,-0.6163,-0.0017,-0.618
261240,매매기준율,현물+금리차,2021-06-28,0.1514,0.0974,-0.005,0.0924
261240,매매기준율,현물+금리차,2021-06-29,-0.1008,0.0089,-0.0017,0.0072
261240,매매기준율,현물+금리차,2021-06-30,-0.2018,-0.0442,-0.0018,-0.046
261240,매매기준율,현물+금리차,2021-07-01,0.5458,0.239,-0.0017,0.2373
261240,매매기준율,현물+금리차,2021-07-02,0.2011,0.2031,-0.0018,0.2014
261240,매매기준율,현물+금리차,2021-07-05,-0.291,-0.3702,-0.0053,-0.3754
261240,매매기준율,현물+금리차,2021-07-06,-0.1509,0.1327,-0.0018,0.131
261240,매매기준율,현물+금리차,2021-07-07,0.7457,0.5125,-0.0018,0.5107
261240,매매기준율,현물+금리차,2021-07-08,0.4501,0.5098,-0.0018,0.5081
261240,매매기준율,현물+금리차,2021-07-09,0.3386,0.4285,-0.0017,0.4268
261240,매매기준율,현물+금리차,2021-07-12,0.0,-0.1655,-0.0051,-0.1705
261240,매매기준율,현물+금리차,2021-07-13,-0.1985,-0.1134,-0.0017,-0.1151
261240,매매기준율,현물+금리차,2021-07-14,0.2983,0.4541,-0.0018,0.4523
261240,매매기준율,현물+금리차,2021-07-15,-0.6345,-0.5738,-0.0017,-0.5755
261240,매매기준율,현물+금리차,2021-07-16,-0.1497,-0.2273,-0.0018,-0.2291
261240,매매기준율,현물+금리차,2021-07-19,0.7395,0.4031,-0.0053,0.3978
261240,매매기준율,현물+금리차,2021-07-20,0.1984,0.4626,-0.0018,0.4608
261240,매매기준율,현물+금리차,2021-07-21,0.198,-0.0348,-0.0018,-0.0365
261240,매매기준율,현물+금리차,2021-07-22,-0.1976,0.0348,-0.0018,0.033
261240,매매기준율,현물+금리차,2021-07-23,-0.0495,-0.1303,-0.0018,-0.1321
261240,매매기준율,현물+금리차,2021-07-26,0.3962,0.3219,-0.0053,0.3165
261240,매매기준율,현물+금리차,2021-07-27,-0.3453,-0.2601,-0.0018,-0.2619
261240,매매기준율,현물+금리차,2021-07-28,0.396,0.3999,-0.0018,0.3981
261240,매매기준율,현물+금리차,2021-07-29,-0.7396,-0.6408,-0.0018,-0.6426
261240,매매기준율,현물+금리차,2021-07-30,0.3477,0.0087,-0.0018,0.007
261240,매매기준율,현물+금리차,2021-08-02,0.0,0.3486,-0.0053,0.3433
261240,매매기준율,현물+금리차,2021-08-03,-0.1485,-0.0695,-0.0018,-0.0713
261240,매매기준율,현물+금리차,2021-08-04,-0.4362,-0.4258,-0.0018,-0.4276
261240,매매기준율,현물+금리차,2021-08-05,0.0,-0.2007,-0.0018,-0.2025
261240,매매기준율,현물+금리차,2021-08-06,-0.0996,-0.1049,-0.0018,-0.1067
261240,매매기준율,현물+금리차,2021-08-09,0.1994,0.2364,-0.0053,0.2311
261240,매매기준율,현물+금리차,2021-08-10,0.4377,0.3057,-0.0018,0.3039
261240,매매기준율,현물+금리차,2021-08-11,0.5448,0.566,-0.0018,0.5641
261240,매매기준율,현물+금리차,2021-08-12,0.3349,0.3377,-0.0018,0.3358
261240,매매기준율,현물+금리차,2021-08-13,0.5891,0.768,-0.0018,0.7661
261240,매매기준율,현물+금리차,2021-08-17,0.7711,0.608,-0.0073,0.6006
261240,매매기준율,현물+금리차,2021-08-18,-0.7168,-0.1872,-0.0018,-0.1891
261240,매매기준율,현물+금리차,2021-08-19,0.6732,0.1535,-0.0019,0.1516
261240,매매기준율,현물+금리차,2021-08-20,0.2907,0.1873,-0.0019,0.1854
261240,매매기준율,현물+금리차,2021-08-23,-0.4831,-0.2295,-0.0058,-0.2353
261240,매매기준율,현물+금리차,2021-08-24,-0.7185,-0.5111,-0.002,-0.513
261240,매매기준율,현물+금리차,2021-08-25,0.0489,-0.1284,-0.002,-0.1304
261240,매매기준율,현물+금리차,2021-08-26,0.3421,0.1372,-0.0019,0.1352
261240,매매기준율,현물+금리차,2021-08-27,-0.0974,0.2311,-0.0024,0.2288
261240,매매기준율,현물+금리차,2021-08-30,-0.2438,-0.5466,-0.0072,-0.5537
261240,매매기준율,현물+금리차,2021-08-31,-0.6354,-0.1374,-0.0024,-0.1398
261240,매매기준율,현물+금리차,2021-09-01,-0.1869,-0.4558,-0.0024,-0.4582
261240,매매기준율,현물+금리차,2021-09-02,0.3844,0.1901,-0.0024,0.1877
261240,매매기준율,현물+금리차,2021-09-03,-0.4811,-0.2846,-0.0024,-0.2869
261240,매매기준율,현물+금리차,2021-09-06,0.0,0.0778,-0.0072,0.0707
261240,매매기준율,현물+금리차,2021-09-07,0.1973,0.0518,-0.0024,0.0495
261240,매매기준율,현물+금리차,2021-09-08,0.7286,0.57,-0.0024,0.5676
261240,매매기준율,현물+금리차,2021-09-09,0.2933,0.4809,-0.0024,0.4785
261240,매매기준율,현물+금리차,2021-09-10,-0.0975,0.0256,-0.0024,0.0232
261240,매매기준율,현물+금리차,2021-09-13,0.6244,0.3332,-0.0075,0.3257
261240,매매기준율,현물+금리차,2021-09-14,-0.4266,-0.1788,-0.0026,-0.1814
261240,매매기준율,현물+금리차,2021-09-15,-0.0487,-0.0427,-0.0026,-0.0453
261240,매매기준율,현물+금리차,2021-09-16,0.0877,-0.2219,-0.0027,-0.2246
261240,매매기준율,현물+금리차,2021-09-17,0.2433,0.7271,-0.0027,0.7244
261240,매매기준율,현물+금리차,2021-09-23,0.1456,0.3482,-0.0159,0.3322
261240,매매기준율,현물+금리차,2021-09-24,0.0485,-0.5416,-0.0027,-0.5443
261240,매매기준율,현물+금리차,2021-09-27,-0.1454,0.0511,-0.0081,0.0429
261240,매매기준율,현물+금리차,2021-09-28,0.7667,0.5188,-0.0027,0.516
261240,매매기준율,현물+금리차,2021-09-29,-0.1348,0.2453,-0.0027,0.2426
261240,매매기준율,현물+금리차,2021-09-30,0.135,0.0253,-0.0027,0.0226
261240,매매기준율,현물+금리차,2021-10-01,0.2889,0.1687,-0.0027,0.166
261240,매매기준율,현물+금리차,2021-10-05,0.1441,-0.0084,-0.011,-0.0194
261240,매매기준율,현물+금리차,2021-10-06,0.3356,0.2443,-0.0027,0.2415
261240,매매기준율,현물+금리차,2021-10-07,-0.2867,0.0252,-0.0028,0.0224
261240,매매기준율,현물+금리차,2021-10-08,0.3355,0.2604,-0.0027,0.2577
261240,매매기준율,현물+금리차,2021-10-12,0.4203,0.4776,-0.011,0.4666
261240,매매기준율,현물+금리차,2021-10-13,-0.4186,-0.3419,-0.0027,-0.3447
261240,매매기준율,현물+금리차,2021-10-14,-0.7165,-0.5607,-0.0028,-0.5634
261240,매매기준율,현물+금리차,2021-10-15,-0.3753,-0.4628,-0.0028,-0.4656
261240,매매기준율,현물+금리차,2021-10-18,0.5698,0.2536,-0.0084,0.2452
261240,매매기준율,현물+금리차,2021-10-19,-0.7587,-0.3458,-0.0028,-0.3485
261240,매매기준율,현물+금리차,2021-10-20,-0.4838,-0.5162,-0.0028,-0.519
261240,매매기준율,현물+금리차,2021-10-21,0.3403,0.017,-0.0028,0.0142
261240,매매기준율,현물+금리차,2021-10-22,0.0,0.2211,-0.0028,0.2183
261240,매매기준율,현물+금리차,2021-10-25,-0.8625,-0.5601,-0.0085,-0.5685
261240,매매기준율,현물+금리차,2021-10-26,-0.0978,-0.4694,-0.0028,-0.4722
261240,매매기준율,현물+금리차,2021-10-27,0.3425,0.1543,-0.0028,0.1515
261240,매매기준율,현물+금리차,2021-10-28,0.0,0.3082,-0.0028,0.3053
261240,매매기준율,현물+금리차,2021-10-29,-0.1463,-0.1792,-0.0028,-0.1821
261240,매매기준율,현물+금리차,2021-11-01,0.6738,0.5728,-0.0088,0.564
261240,매매기준율,현물+금리차,2021-11-02,-0.1455,-0.068,-0.0029,-0.0709
261240,매매기준율,현물+금리차,2021-11-03,0.5343,0.4764,-0.0029,0.4734
261240,매매기준율,현물+금리차,2021-11-04,0.0483,-0.0931,-0.0029,-0.0961
261240,매매기준율,현물+금리차,2021-11-05,0.3284,0.4407,-0.003,0.4377
261240,매매기준율,현물+금리차,2021-11-08,-0.2792,-0.0759,-0.0089,-0.0848
261240,매매기준율,현물+금리차,2021-11-09,-0.3861,-0.4982,-0.003,-0.5011
261240,매매기준율,현물+금리차,2021-11-10,0.2907,0.2206,-0.003,0.2176
261240,매매기준율,현물+금리차,2021-11-11,0.0,0.3133,-0.003,0.3103
261240,매매기준율,현물+금리차,2021-11-12,-0.0966,-0.4305,-0.003,-0.4335
261240,매매기준율,현물+금리차,2021-11-15,-0.1934,0.0509,-0.009,0.0418
261240,매매기준율,현물+금리차,2021-11-16,0.0485,-0.0508,-0.003,-0.0539
261240,매매기준율,현물+금리차,2021-11-17,0.2422,0.3391,-0.003,0.3361
261240,매매기준율,현물+금리차,2021-11-18,-0.1933,-0.2619,-0.003,-0.2649
261240,매매기준율,현물+금리차,2021-11-19,0.3873,0.2541,-0.003,0.2511
261240,매매기준율,현물+금리차,2021-11-22,0.0868,0.3295,-0.0092,0.3203
261240,매매기준율,현물+금리차,2021-11-23,0.3854,0.1263,-0.0031,0.1232
261240,매매기준율,현물+금리차,2021-11-24,-0.336,-0.0336,-0.0031,-0.0367
261240,매매기준율,현물+금리차,2021-11-25,0.3371,0.101,-0.0031,0.0978
261240,매매기준율,현물+금리차,2021-11-26,0.192,0.2774,-0.0033,0.2741
261240,매매기준율,현물+금리차,2021-11-29,0.0479,0.0335,-0.0098,0.0237
261240,매매기준율,현물+금리차,2021-11-30,-0.4309,-0.4776,-0.0033,-0.4809
261240,매매기준율,현물+금리차,2021-12-01,-0.7598,-0.6231,-0.0033,-0.6263
261240,매매기준율,현물+금리차,2021-12-02,-0.2423,-0.2542,-0.0033,-0.2575
261240,매매기준율,현물+금리차,2021-12-03,0.2429,0.1104,-0.0033,0.1071
261240,매매기준율,현물+금리차,2021-12-06,0.3392,0.4327,-0.0099,0.4227
261240,매매기준율,현물+금리차,2021-12-07,-0.2415,-0.2112,-0.0033,-0.2145
261240,매매기준율,현물+금리차,2021-12-08,-0.3389,-0.4064,-0.0033,-0.4097
261240,매매기준율,현물+금리차,2021-12-09,-0.1943,-0.221,-0.0033,-0.2243
261240,매매기준율,현물+금리차,2021-12-10,0.5353,0.3749,-0.0033,0.3715
261240,매매기준율,현물+금리차,2021-12-13,0.0,0.0509,-0.0099,0.041
261240,매매기준율,현물+금리차,2021-12-14,0.1452,0.4072,-0.0033,0.4038
261240,매매기준율,현물+금리차,2021-12-15,0.377,0.2197,-0.0033,0.2163
261240,매매기준율,현물+금리차,2021-12-16,-0.183,-0.2276,-0.0033,-0.2309
261240,매매기준율,현물+금리차,2021-12-17,-0.193,0.076,-0.0033,0.0727
261240,매매기준율,현물+금리차,2021-12-20,0.8604,0.4559,-0.01,0.4459
261240,매매기준율,현물+금리차,2021-12-21,0.0958,0.1429,-0.0033,0.1396
261240,매매기준율,현물+금리차,2021-12-22,0.0,-0.0252,-0.0033,-0.0285
261240,매매기준율,현물+금리차,2021-12-23,-0.4309,-0.3106,-0.0033,-0.3139
261240,매매기준율,현물+금리차,2021-12-24,0.0,-0.0926,-0.0033,-0.0959
261240,매매기준율,현물+금리차,2021-12-27,-0.0481,-0.0169,-0.0098,-0.0266
261240,매매기준율,현물+금리차,2021-12-28,0.0481,0.0422,-0.0033,0.0388
261240,매매기준율,현물+금리차,2021-12-29,0.0481,-0.0084,-0.0033,-0.0118
261240,매매기준율,현물+금리차,2021-12-30,0.1442,-0.0927,-0.0034,-0.0961
261240,매매기준율,현물+금리차,2022-01-03,0.288,0.4471,-0.0136,0.4334
261240,매매기준율,현물+금리차,2022-01-04,0.1436,0.2939,-0.0033,0.2906
261240,매매기준율,현물+금리차,2022-01-05,0.2294,0.3266,-0.0033,0.3232
261240,매매기준율,현물+금리차,2022-01-06,0.2384,0.1168,-0.0033,0.1135
261240,매매기준율,현물+금리차,2022-01-07,0.0,0.2334,-0.0033,0.2301
261240,매매기준율,현물+금리차,2022-01-10,-0.0951,-0.1996,-0.0099,-0.2094
261240,매매기준율,현물+금리차,2022-01-11,-0.3237,-0.4,-0.0032,-0.4032
261240,매매기준율,현물+금리차,2022-01-12,-0.4299,-0.4434,-0.0032,-0.4467
261240,매매기준율,현물+금리차,2022-01-13,-0.1439,-0.1429,-0.0033,-0.1461
261240,매매기준율,현물+금리차,2022-01-14,-0.048,-0.0505,-0.0034,-0.0539
261240,매매기준율,현물+금리차,2022-01-17,0.3364,0.3958,-0.0107,0.385
261240,매매기준율,현물+금리차,2022-01-18,-0.0958,-0.2852,-0.0036,-0.2887
261240,매매기준율,현물+금리차,2022-01-19,0.0479,0.2439,-0.0035,0.2404
261240,매매기준율,현물+금리차,2022-01-20,0.0479,-0.1175,-0.0035,-0.121
261240,매매기준율,현물+금리차,2022-01-21,0.1916,0.2688,-0.0035,0.2653
261240,매매기준율,현물+금리차,2022-01-24,0.1434,0.0503,-0.0106,0.0397
261240,매매기준율,현물+금리차,2022-01-25,0.2769,0.3015,-0.0035,0.298
261240,매매기준율,현물+금리차,2022-01-26,-0.0952,-0.0668,-0.0035,-0.0703
261240,매매기준율,현물+금리차,2022-01-27,0.4289,0.4511,-0.0036,0.4476
261240,매매기준율,현물+금리차,2022-01-28,0.2373,0.2745,-0.0036,0.2709
261240,매매기준율,현물+금리차,2022-02-03,0.0947,-0.0249,-0.0215,-0.0464
261240,매매기준율,현물+금리차,2022-02-04,-0.8418,-0.4895,-0.0035,-0.493
261240,매매기준율,현물+금리차,2022-02-07,0.2766,-0.0083,-0.0104,-0.0188
261240,매매기준율,현물+금리차,2022-02-08,-0.1427,-0.1334,-0.0033,-0.1367
261240,매매기준율,현물+금리차,2022-02-09,-0.181,-0.1503,-0.0034,-0.1536
261240,매매기준율,현물+금리차,2022-02-10,0.0477,0.0,-0.0034,-0.0034
261240,매매기준율,현물+금리차,2022-02-11,0.2289,0.301,-0.003,0.298
261240,매매기준율,현물+금리차,2022-02-14,-0.3236,-0.1084,-0.0093,-0.1176
261240,매매기준율,현물+금리차,2022-02-15,0.3246,0.0167,-0.0029,0.0138
261240,매매기준율,현물+금리차,2022-02-16,-0.2284,-0.1335,-0.003,-0.1365
261240,매매기준율,현물+금리차,2022-02-17,0.0382,0.0167,-0.003,0.0137
261240,매매기준율,현물+금리차,2022-02-18,-0.1812,-0.0585,-0.0031,-0.0616
261240,매매기준율,현물+금리차,2022-02-21,-0.3344,-0.1505,-0.0095,-0.1599
261240,매매기준율,현물+금리차,2022-02-22,0.1917,0.0084,-0.0032,0.0052
261240,매매기준율,현물+금리차,2022-02-23,0.0478,-0.2176,-0.003,-0.2207
261240,매매기준율,현물+금리차,2022-02-24,0.612,0.6124,-0.0031,0.6092
261240,매매기준율,현물+금리차,2022-02-25,0.0475,0.2751,-0.0032,0.2719
261240,매매기준율,현물+금리차,2022-02-28,0.0475,0.2411,-0.0096,0.2315
261240,매매기준율,현물+금리차,2022-03-02,0.2374,-0.0498,-0.0062,-0.056
261240,매매기준율,현물+금리차,2022-03-03,-0.0947,-0.1162,-0.0032,-0.1194
261240,매매기준율,현물+금리차,2022-03-04,0.749,0.6564,-0.0031,0.6532
261240,매매기준율,현물+금리차,2022-03-07,1.214,1.1473,-0.0096,1.1376
261240,매매기준율,현물+금리차,2022-03-08,0.7345,0.7426,-0.0031,0.7395
261240,매매기준율,현물+금리차,2022-03-10,-0.6369,-0.4698,-0.0062,-0.476
261240,매매기준율,현물+금리차,2022-03-11,0.1858,0.3011,-0.0031,0.2981
261240,매매기준율,현물+금리차,2022-03-14,0.8252,0.5031,-0.0091,0.4939
261240,매매기준율,현물+금리차,2022-03-15,0.046,0.2503,-0.0029,0.2474
261240,매매기준율,현물+금리차,2022-03-16,-0.5975,-0.1047,-0.0028,-0.1075
261240,매매기준율,현물+금리차,2022-03-17,-1.646,-1.5963,-0.0029,-1.5991
261240,매매기준율,현물+금리차,2022-03-18,-0.2351,-0.7783,-0.003,-0.7813
261240,매매기준율,현물+금리차,2022-03-21,0.377,0.2147,-0.009,0.2057
261240,매매기준율,현물+금리차,2022-03-22,0.1878,0.6344,-0.0026,0.6318
261240,매매기준율,현물+금리차,2022-03-23,-0.328,-0.7123,-0.0027,-0.715
261240,매매기준율,현물+금리차,2022-03-24,0.3291,0.5525,-0.0027,0.5497
261240,매매기준율,현물+금리차,2022-03-25,0.0469,-0.0902,-0.0028,-0.093
261240,매매기준율,현물+금리차,2022-03-28,0.6463,0.6074,-0.0081,0.5993
261240,매매기준율,현물+금리차,2022-03-29,-0.5491,-0.4242,-0.0025,-0.4267
261240,매매기준율,현물+금리차,2022-03-30,-0.8422,-0.7948,-0.0026,-0.7973
261240,매매기준율,현물+금리차,2022-03-31,0.2359,-0.0083,-0.0026,-0.0109
261240,매매기준율,현물+금리차,2022-04-01,0.2354,0.446,-0.0027,0.4433
261240,매매기준율,현물+금리차,2022-04-04,-0.1879,0.0493,-0.0081,0.0412
261240,매매기준율,현물+금리차,2022-04-05,-0.0941,-0.337,-0.0023,-0.3393
261240,매매기준율,현물+금리차,2022-04-06,0.5181,0.536,-0.0024,0.5337
261240,매매기준율,현물+금리차,2022-04-07,0.0937,-0.0492,-0.0023,-0.0515
261240,매매기준율,현물+금리차,2022-04-08,0.3651,0.4514,-0.0023,0.4491
261240,매매기준율,현물+금리차,2022-04-11,0.7463,0.6536,-0.0067,0.6468
261240,매매기준율,현물+금리차,2022-04-12,0.2222,0.3734,-0.002,0.3714
261240,매매기준율,현물+금리차,2022-04-13,-0.7299,-0.7197,-0.0021,-0.7218
261240,매매기준율,현물+금리차,2022-04-14,-0.2792,-0.2851,-0.0021,-0.2872
261240,매매기준율,현물+금리차,2022-04-15,0.42,0.4819,-0.0026,0.4794
261240,매매기준율,현물+금리차,2022-04-18,0.3717,0.2195,-0.0077,0.2118
261240,매매기준율,현물+금리차,2022-04-19,0.2685,0.1703,-0.0025,0.1679
261240,매매기준율,현물+금리차,2022-04-20,-0.1755,0.1782,-0.0025,0.1757
261240,매매기준율,현물+금리차,2022-04-21,0.222,-0.0566,-0.0025,-0.059
261240,매매기준율,현물+금리차,2022-04-22,0.1385,0.4287,-0.0025,0.4262
261240,매매기준율,현물+금리차,2022-04-25,0.8664,0.4349,-0.0074,0.4275
261240,매매기준율,현물+금리차,2022-04-26,0.0457,0.0962,-0.0022,0.0941
261240,매매기준율,현물+금리차,2022-04-27,1.1326,1.1856,-0.0024,1.1832
261240,매매기준율,현물+금리차,2022-04-28,0.6684,0.4988,-0.0025,0.4963
261240,매매기준율,현물+금리차,2022-04-29,-1.3278,-0.3151,-0.0025,-0.3176
261240,매매기준율,현물+금리차,2022-05-02,0.7183,0.0316,-0.0073,0.0243
261240,매매기준율,현물+금리차,2022-05-03,0.1806,-0.0079,-0.0022,-0.0101
261240,매매기준율,현물+금리차,2022-05-04,-0.1352,-0.3081,-0.0022,-0.3104
261240,매매기준율,현물+금리차,2022-05-06,0.5324,0.8638,-0.0046,0.8592
261240,매매기준율,현물+금리차,2022-05-09,0.1795,0.1493,-0.0072,0.142
261240,매매기준율,현물+금리차,2022-05-10,0.0896,0.0706,-0.0022,0.0684
261240,매매기준율,현물+금리차,2022-05-11,0.0448,0.1176,-0.0023,0.1153
261240,매매기준율,현물+금리차,2022-05-12,1.1543,0.7361,-0.0022,0.7338
261240,매매기준율,현물+금리차,2022-05-13,-0.5307,-0.0311,-0.0021,-0.0332
261240,매매기준율,현물+금리차,2022-05-16,-0.0356,-0.3421,-0.0058,-0.348
261240,매매기준율,현물+금리차,2022-05-17,-0.5338,-0.3433,-0.0018,-0.3451
261240,매매기준율,현물+금리차,2022-05-18,-0.7513,-0.6185,-0.0018,-0.6203
261240,매매기준율,현물+금리차,2022-05-19,0.802,0.4176,-0.0019,0.4156
261240,매매기준율,현물+금리차,2022-05-20,-0.7062,-0.4001,-0.0019,-0.402
261240,매매기준율,현물+금리차,2022-05-23,-0.3151,-0.1418,-0.0058,-0.1476
261240,매매기준율,현물+금리차,2022-05-24,0.1355,-0.2682,-0.0019,-0.2701
261240,매매기준율,현물+금리차,2022-05-25,-0.0451,-0.0791,-0.0019,-0.081
261240,매매기준율,현물+금리차,2022-05-26,0.1805,0.2454,-0.0019,0.2435
261240,매매기준율,현물+금리차,2022-05-27,-0.8467,-0.7502,-0.0025,-0.7526
261240,매매기준율,현물+금리차,2022-05-30,-1.4898,-0.8831,-0.0074,-0.8905
261240,매매기준율,현물+금리차,2022-05-31,0.0,-0.594,-0.0025,-0.5964
261240,매매기준율,현물+금리차,2022-06-02,1.1896,1.0336,-0.0045,1.029
261240,매매기준율,현물+금리차,2022-06-03,-0.8566,-0.8072,-0.0023,-0.8095
261240,매매기준율,현물+금리차,2022-06-07,1.3604,1.2892,-0.0087,1.2804
261240,매매기준율,현물+금리차,2022-06-08,-0.3537,-0.1352,-0.002,-0.1372
261240,매매기준율,현물+금리차,2022-06-09,0.1365,0.1752,-0.0019,0.1733
261240,매매기준율,현물+금리차,2022-06-10,0.8998,0.6679,-0.0019,0.666
261240,매매기준율,현물+금리차,2022-06-13,1.3781,1.5798,-0.0051,1.5746
261240,매매기준율,현물+금리차,2022-06-14,0.0444,0.2877,-0.0007,0.287
261240,매매기준율,현물+금리차,2022-06-15,0.3552,0.1241,-0.0005,0.1235
261240,매매기준율,현물+금리차,2022-06-16,-0.3097,-0.5576,-0.0008,-0.5583
261240,매매기준율,현물+금리차,2022-06-17,0.0888,0.2648,-0.0012,0.2635
261240,매매기준율,현물+금리차,2022-06-20,0.2217,0.3262,-0.0034,0.3228
261240,매매기준율,현물+금리차,2022-06-21,0.3097,-0.0852,-0.0011,-0.0863
261240,매매기준율,현물+금리차,2022-06-22,0.1676,0.3952,-0.0009,0.3943
261240,매매기준율,현물+금리차,2022-06-23,0.3963,0.3859,-0.0012,0.3847
261240,매매기준율,현물+금리차,2022-06-24,-0.1755,-0.0999,-0.0011,-0.1011
261240,매매기준율,현물+금리차,2022-06-27,-1.0018,-1.062,-0.0028,-1.0648
261240,매매기준율,현물+금리차,2022-06-28,-0.1775,-0.0544,-0.0007,-0.0551
261240,매매기준율,현물+금리차,2022-06-29,1.1472,0.6226,-0.0007,0.6219
261240,매매기준율,현물+금리차,2022-06-30,0.044,0.5337,-0.0008,0.5328
261240,매매기준율,현물+금리차,2022-07-01,-0.0439,-0.4308,-0.001,-0.4319
261240,매매기준율,현물+금리차,2022-07-04,-0.044,0.2859,-0.0032,0.2827
261240,매매기준율,현물+금리차,2022-07-05,0.2199,0.0077,-0.0011,0.0066
261240,매매기준율,현물+금리차,2022-07-06,0.5705,0.7242,-0.0005,0.7237
261240,매매기준율,현물+금리차,2022-07-07,-0.5672,-0.3595,-0.0005,-0.36
261240,매매기준율,현물+금리차,2022-07-08,0.0439,-0.261,-0.0004,-0.2614
261240,매매기준율,현물+금리차,2022-07-11,0.1755,0.1001,-0.0012,0.0989
261240,매매기준율,현물+금리차,2022-07-12,0.7356,0.9457,0.0,0.9457
261240,매매기준율,현물+금리차,2022-07-13,-0.3477,-0.5332,0.0001,-0.5331
261240,매매기준율,현물+금리차,2022-07-14,0.2181,0.314,-0.0007,0.3133
261240,매매기준율,현물+금리차,2022-07-15,1.1229,1.0458,-0.0007,1.0451
261240,매매기준율,현물+금리차,2022-07-18,-0.5509,-0.4457,-0.0024,-0.4481
261240,매매기준율,현물+금리차,2022-07-19,-0.303,-0.2201,-0.0004,-0.2204
261240,매매기준율,현물+금리차,2022-07-20,-0.1736,-0.4791,-0.0003,-0.4795
261240,매매기준율,현물+금리차,2022-07-21,-0.2609,0.2675,-0.0004,0.2671
261240,매매기준율,현물+금리차,2022-07-22,0.3488,-0.0305,-0.0005,-0.031
261240,매매기준율,현물+금리차,2022-07-25,0.0869,-0.0534,-0.0014,-0.0548
261240,매매기준율,현물+금리차,2022-07-26,-0.3473,-0.0763,-0.0001,-0.0764
261240,매매기준율,현물+금리차,2022-07-27,0.2614,0.2137,-0.0004,0.2134
261240,매매기준율,현물+금리차,2022-07-28,-0.9472,-0.6703,-0.0008,-0.6712
261240,매매기준율,현물+금리차,2022-07-29,0.0439,-0.4141,-0.0011,-0.4152
261240,매매기준율,현물+금리차,2022-08-01,0.3508,0.6006,-0.0032,0.5974
261240,매매기준율,현물+금리차,2022-08-02,0.0437,0.0612,-0.0007,0.0606
261240,매매기준율,현물+금리차,2022-08-03,0.428,0.2524,-0.0007,0.2518
261240,매매기준율,현물+금리차,2022-08-04,0.0,-0.061,-0.0008,-0.0618
261240,매매기준율,현물+금리차,2022-08-05,-0.861,-0.7941,-0.0009,-0.795
261240,매매기준율,현물+금리차,2022-08-08,0.5615,0.4233,-0.0021,0.4212
261240,매매기준율,현물+금리차,2022-08-09,-0.0785,0.023,-0.0005,0.0225
261240,매매기준율,현물+금리차,2022-08-10,0.4715,0.3065,-0.0005,0.306
261240,매매기준율,현물+금리차,2022-08-11,-0.5561,-0.5042,-0.0005,-0.5047
261240,매매기준율,현물+금리차,2022-08-12,-0.0874,0.0461,-0.0007,0.0454
261240,매매기준율,현물+금리차,2022-08-16,0.516,0.4988,-0.0025,0.4963
261240,매매기준율,현물+금리차,2022-08-17,0.0,0.0153,-0.0004,0.0149
261240,매매기준율,현물+금리차,2022-08-18,0.8179,0.5726,-0.0005,0.5721
261240,매매기준율,현물+금리차,2022-08-19,0.4747,0.7136,-0.0004,0.7132
261240,매매기준율,현물+금리차,2022-08-22,1.0651,0.8668,-0.001,0.8658
261240,매매기준율,현물+금리차,2022-08-23,0.4589,0.269,-0.0001,0.269
261240,매매기준율,현물+금리차,2022-08-24,-0.1692,-0.0298,-0.0001,-0.0299
261240,매매기준율,현물+금리차,2022-08-25,-0.6271,-0.3355,-0.0001,-0.3356
261240,매매기준율,현물+금리차,2022-08-26,-0.2558,-0.3291,-0.0004,-0.3295
261240,매매기준율,현물+금리차,2022-08-29,1.4022,1.1407,-0.0012,1.1395
261240,매매기준율,현물+금리차,2022-08-30,-0.2108,-0.0148,-0.0001,-0.0149
261240,매매기준율,현물+금리차,2022-08-31,-0.583,-0.1781,-0.0001,-0.1782
261240,매매기준율,현물+금리차,2022-09-01,1.1304,0.4684,-0.0001,0.4682
261240,매매기준율,현물+금리차,2022-09-02,0.6303,0.3774,-0.0001,0.3773
261240,매매기준율,현물+금리차,2022-09-05,0.7433,0.9731,-0.0007,0.9724
261240,매매기준율,현물+금리차,2022-09-06,-0.0414,0.0438,-0.0002,0.0436
261240,매매기준율,현물+금리차,2022-09-07,1.0698,1.0947,0.0001,1.0947
261240,매매기준율,현물+금리차,2022-09-08,-0.4103,-0.296,0.0001,-0.2958
261240,매매기준율,현물+금리차,2022-09-13,-0.4037,-0.4634,0.0005,-0.4628
261240,매매기준율,현물+금리차,2022-09-14,1.1416,1.2293,0.0007,1.23
261240,매매기준율,현물+금리차,2022-09-15,0.3681,0.1796,0.0005,0.1802
261240,매매기준율,현물+금리차,2022-09-16,-0.3667,0.0,0.0004,0.0004
261240,매매기준율,현물+금리차,2022-09-19,0.2863,-0.2941,0.0011,-0.293
261240,매매기준율,현물+금리차,2022-09-20,-0.2447,-0.0719,0.0008,-0.0711
261240,매매기준율,현물+금리차,2022-09-21,0.4088,0.324,0.0007,0.3247
261240,매매기준율,현물+금리차,2022-09-22,1.2133,1.0333,0.0005,1.0338
261240,매매기준율,현물+금리차,2022-09-23,-0.2816,0.0284,0.0004,0.0288
261240,매매기준율,현물+금리차,2022-09-26,1.6781,1.5124,0.0004,1.5128
261240,매매기준율,현물+금리차,2022-09-27,-0.6268,-0.1749,0.0006,-0.1743
261240,매매기준율,현물+금리차,2022-09-28,1.2217,0.6516,0.0004,0.652
261240,매매기준율,현물+금리차,2022-09-29,-0.0789,-0.1183,0.0004,-0.1179
261240,매매기준율,현물+금리차,2022-09-30,-0.5052,-0.1882,0.0002,-0.188
261240,매매기준율,현물+금리차,2022-10-04,-0.5475,-0.0628,-0.0002,-0.0631
261240,매매기준율,현물+금리차,2022-10-05,-0.9494,-0.8454,0.0001,-0.8453
261240,매매기준율,현물+금리차,2022-10-06,-0.5236,-1.05,0.0,-1.0499
261240,매매기준율,현물+금리차,2022-10-07,0.8016,0.4344,0.0,0.4344
261240,매매기준율,현물+금리차,2022-10-11,1.5985,1.645,-0.0001,1.6449
261240,매매기준율,현물+금리차,2022-10-12,-0.7906,-0.2163,0.0006,-0.2157
261240,매매기준율,현물+금리차,2022-10-13,0.4383,-0.2377,-0.0002,-0.2379
261240,매매기준율,현물+금리차,2022-10-14,-0.1984,0.1331,-0.0001,0.1331
261240,매매기준율,현물+금리차,2022-10-17,0.5565,0.5389,-0.0001,0.5388
261240,매매기준율,현물+금리차,2022-10-18,-0.9013,-0.7657,0.0003,-0.7654
261240,매매기준율,현물+금리차,2022-10-19,0.2713,-0.3507,0.0004,-0.3504
261240,매매기준율,현물+금리차,2022-10-20,0.4376,0.7814,0.0003,0.7816
261240,매매기준율,현물+금리차,2022-10-21,0.5862,0.3423,0.0002,0.3424
261240,매매기준율,현물+금리차,2022-10-24,-0.1181,0.0,0.0,0.0
261240,매매기준율,현물+금리차,2022-10-25,-0.3469,-0.007,0.0002,-0.0067
261240,매매기준율,현물+금리차,2022-10-26,-0.5934,-0.5778,0.0001,-0.5777
261240,매매기준율,현물+금리차,2022-10-27,-0.589,-0.7072,0.0,-0.7072
261240,매매기준율,현물+금리차,2022-10-28,0.2802,0.0846,0.0,0.0846
261240,매매기준율,현물+금리차,2022-10-31,0.1916,0.2043,0.0003,0.2047
261240,매매기준율,현물+금리차,2022-11-01,-0.51,-0.0352,0.0003,-0.0349
261240,매매기준율,현물+금리차,2022-11-02,0.1602,-0.2603,0.0002,-0.26
261240,매매기준율,현물+금리차,2022-11-03,0.3919,0.2891,0.0002,0.2893
261240,매매기준율,현물+금리차,2022-11-04,-0.3505,0.0211,0.0002,0.0213
261240,매매기준율,현물+금리차,2022-11-07,-1.2311,-1.1178,0.0004,-1.1174
261240,매매기준율,현물+금리차,2022-11-08,-1.3193,-1.3651,0.0004,-1.3647
261240,매매기준율,현물+금리차,2022-11-09,-1.2631,-1.3696,0.0004,-1.3692
261240,매매기준율,현물+금리차,2022-11-10,0.8224,0.1316,0.0004,0.1319
261240,매매기준율,현물+금리차,2022-11-11,-4.1608,-2.6275,0.0003,-2.6272
261240,매매기준율,현물+금리차,2022-11-14,0.6362,-1.0344,0.001,-1.0334
261240,매매기준율,현물+금리차,2022-11-15,-0.6749,0.1591,0.0005,0.1596
261240,매매기준율,현물+금리차,2022-11-16,0.5934,0.242,0.0005,0.2425
261240,매매기준율,현물+금리차,2022-11-17,0.9747,0.9656,0.0005,0.9661
261240,매매기준율,현물+금리차,2022-11-18,0.0423,0.1195,0.0004,0.1199
261240,매매기준율,현물+금리차,2022-11-21,1.3034,0.9179,0.0013,0.9192
261240,매매기준율,현물+금리차,2022-11-22,0.0,0.2514,0.0006,0.252
261240,매매기준율,현물+금리차,2022-11-23,-0.3342,-0.2508,0.0005,-0.2503
261240,매매기준율,현물+금리차,2022-11-24,-1.7436,-1.4124,0.0005,-1.4119
261240,매매기준율,현물+금리차,2022-11-25,-0.2133,-0.48,0.0005,-0.4796
261240,매매기준율,현물+금리차,2022-11-28,1.2312,0.9195,0.0016,0.9211
261240,매매기준율,현물+금리차,2022-11-29,-0.9628,-0.5601,0.0007,-0.5594
261240,매매기준율,현물+금리차,2022-11-30,-0.5884,-0.8562,0.0007,-0.8555
261240,매매기준율,현물+금리차,2022-12-01,-1.4927,-1.462,0.0007,-1.4614
261240,매매기준율,현물+금리차,2022-12-02,0.0435,-0.0308,0.0005,-0.0302
261240,매매기준율,현물+금리차,2022-12-05,-0.6006,-0.5537,0.0016,-0.5521
261240,매매기준율,현물+금리차,2022-12-06,2.0842,1.2218,0.0007,1.2224
261240,매매기준율,현물+금리차,2022-12-07,0.2488,0.8021,0.0007,0.8028
261240,매매기준율,현물+금리차,2022-12-08,-0.2054,0.0682,0.0005,0.0687
261240,매매기준율,현물+금리차,2022-12-09,-1.3634,-1.0451,0.0004,-1.0448
261240,매매기준율,현물+금리차,2022-12-12,0.4347,0.2602,0.0013,0.2615
261240,매매기준율,현물+금리차,2022-12-13,-0.2597,-0.4275,0.0007,-0.4268
261240,매매기준율,현물+금리차,2022-12-14,-0.4339,-0.644,0.0006,-0.6433
261240,매매기준율,현물+금리차,2022-12-15,0.3922,0.3858,0.0005,0.3864
261240,매매기준율,현물+금리차,2022-12-16,0.2171,0.6995,0.0005,0.7
261240,매매기준율,현물+금리차,2022-12-19,-0.1299,-0.6183,0.0014,-0.6169
261240,매매기준율,현물+금리차,2022-12-20,-0.8588,-0.3072,0.0007,-0.3065
261240,매매기준율,현물+금리차,2022-12-21,-0.525,-0.8783,0.0006,-0.8777
261240,매매기준율,현물+금리차,2022-12-22,-0.7828,-0.8161,0.0005,-0.8156
261240,매매기준율,현물+금리차,2022-12-23,0.4433,0.478,0.0006,0.4786
261240,매매기준율,현물+금리차,2022-12-26,-0.4413,-0.4523,0.0016,-0.4507
261240,매매기준율,현물+금리차,2022-12-27,-0.133,-0.6346,0.0005,-0.6341
261240,매매기준율,현물+금리차,2022-12-28,-0.2574,0.0079,0.001,0.0089
261240,매매기준율,현물+금리차,2022-12-29,-0.3115,-0.0867,0.001,-0.0857
261240,매매기준율,현물+금리차,2023-01-02,0.616,0.1263,0.0039,0.1302
261240,매매기준율,현물+금리차,2023-01-03,-0.1331,0.2522,0.0009,0.2531
261240,매매기준율,현물+금리차,2023-01-04,0.1777,0.2044,0.0012,0.2056
261240,매매기준율,현물+금리차,2023-01-05,-0.2661,-0.3452,0.0012,-0.344
261240,매매기준율,현물+금리차,2023-01-06,0.0445,-0.244,0.0015,-0.2425
261240,매매기준율,현물+금리차,2023-01-09,-1.8933,-1.6098,0.0048,-1.6051
261240,매매기준율,현물+금리차,2023-01-10,-0.0453,-0.4812,0.0017,-0.4795
261240,매매기준율,현물+금리차,2023-01-11,0.0906,0.3627,0.0018,0.3645
261240,매매기준율,현물+금리차,2023-01-12,0.0,-0.0562,0.0019,-0.0543
261240,매매기준율,현물+금리차,2023-01-13,-0.1721,-0.3214,0.0017,-0.3197
261240,매매기준율,현물+금리차,2023-01-16,-0.499,-0.532,0.0052,-0.5269
261240,매매기준율,현물+금리차,2023-01-17,0.3191,0.3647,0.002,0.3666
261240,매매기준율,현물+금리차,2023-01-18,-0.0909,0.105,0.0022,0.1072
261240,매매기준율,현물+금리차,2023-01-19,-0.4548,-0.3065,0.0023,-0.3042
261240,매매기준율,현물+금리차,2023-01-20,0.2285,-0.1294,0.0024,-0.1271
261240,매매기준율,현물+금리차,2023-01-25,-0.1823,-0.081,0.0123,-0.0687
261240,매매기준율,현물+금리차,2023-01-26,-0.1827,-0.1622,0.0025,-0.1597
261240,매매기준율,현물+금리차,2023-01-27,0.0915,-0.0975,0.0025,-0.095
261240,매매기준율,현물+금리차,2023-01-30,-0.2194,-0.1219,0.0076,-0.1143
261240,매매기준율,현물+금리차,2023-01-31,0.3573,0.1709,0.0026,0.1735
261240,매매기준율,현물+금리차,2023-02-01,0.0,0.0487,0.0026,0.0514
261240,매매기준율,현물+금리차,2023-02-02,-1.0408,-0.9826,0.0026,-0.98
261240,매매기준율,현물+금리차,2023-02-03,0.9134,0.6479,0.0028,0.6507
261240,매매기준율,현물+금리차,2023-02-06,1.9473,1.6542,0.0089,1.6632
261240,매매기준율,현물+금리차,2023-02-07,0.2242,0.6814,0.0031,0.6845
261240,매매기준율,현물+금리차,2023-02-08,0.3579,0.0876,0.0031,0.0907
261240,매매기준율,현물+금리차,2023-02-09,-0.0446,0.4773,0.0031,0.4804
261240,매매기준율,현물+금리차,2023-02-10,0.4371,0.095,0.0032,0.0982
261240,매매기준율,현물+금리차,2023-02-13,0.9236,0.8147,0.0098,0.8245
261240,매매기준율,현물+금리차,2023-02-14,-0.6072,-0.3687,0.0033,-0.3655
261240,매매기준율,현물+금리차,2023-02-15,1.1421,0.7402,0.0033,0.7435
261240,매매기준율,현물+금리차,2023-02-16,0.1313,0.3439,0.0032,0.3472
261240,매매기준율,현물+금리차,2023-02-17,1.2064,1.0906,0.0033,1.0939
261240,매매기준율,현물+금리차,2023-02-20,-0.3801,-0.1464,0.0097,-0.1367
261240,매매기준율,현물+금리차,2023-02-21,-0.0434,0.0,0.0032,0.0032
261240,매매기준율,현물+금리차,2023-02-22,0.7287,0.6174,0.0032,0.6206
261240,매매기준율,현물+금리차,2023-02-23,-0.5081,-0.3221,0.0032,-0.319
261240,매매기준율,현물+금리차,2023-02-24,0.5972,0.0693,0.0031,0.0723
261240,매매기준율,현물+금리차,2023-02-27,1.3681,1.2995,0.0093,1.3089
261240,매매기준율,현물+금리차,2023-02-28,0.1188,0.1366,0.0032,0.1398
261240,매매기준율,현물+금리차,2023-03-02,-0.7122,-0.6671,0.0062,-0.6609
261240,매매기준율,현물+금리차,2023-03-03,-1.0588,-0.4274,0.0031,-0.4243
261240,매매기준율,현물+금리차,2023-03-06,-0.1726,-0.6208,0.0093,-0.6116
261240,매매기준율,현물+금리차,2023-03-07,0.0865,0.1851,0.0032,0.1882
261240,매매기준율,현물+금리차,2023-03-08,1.5894,1.5703,0.0035,1.5738
261240,매매기준율,현물+금리차,2023-03-09,0.2466,0.0152,0.0035,0.0187
261240,매매기준율,현물+금리차,2023-03-10,0.1272,0.4546,0.0035,0.4581
261240,매매기준율,현물+금리차,2023-03-13,-1.762,-1.3879,0.01,-1.3781
261240,매매기준율,현물+금리차,2023-03-14,0.7243,-0.1836,0.003,-0.1806
261240,매매기준율,현물+금리차,2023-03-15,-0.3339,-0.2222,0.003,-0.2192
261240,매매기준율,현물+금리차,2023-03-16,0.5497,0.7757,0.0027,0.7784
261240,매매기준율,현물+금리차,2023-03-17,-0.5467,-0.6478,0.0026,-0.6452
261240,매매기준율,현물+금리차,2023-03-20,0.5068,0.3682,0.0061,0.3743
261240,매매기준율,현물+금리차,2023-03-21,0.0427,-0.0459,0.0028,-0.043
261240,매매기준율,현물+금리차,2023-03-22,-0.2904,-0.0535,0.0027,-0.0508
261240,매매기준율,현물+금리차,2023-03-23,-2.0391,-1.5225,0.0028,-1.5197
261240,매매기준율,현물+금리차,2023-03-24,0.997,0.1942,0.0026,0.1968
261240,매매기준율,현물+금리차,2023-03-27,0.6841,0.8219,0.0081,0.83
261240,매매기준율,현물+금리차,2023-03-28,-0.172,-0.223,0.0032,-0.2199
261240,매매기준율,현물+금리차,2023-03-29,0.3446,0.1464,0.0029,0.1493
261240,매매기준율,현물+금리차,2023-03-30,-0.2146,0.3463,0.0029,0.3492
261240,매매기준율,현물+금리차,2023-03-31,0.0,-0.6443,0.0033,-0.641
261240,매매기준율,현물+금리차,2023-04-03,1.4886,1.6134,0.009,1.6225
261240,매매기준율,현물+금리차,2023-04-04,-0.1187,-0.4558,0.0032,-0.4526
261240,매매기준율,현물+금리차,2023-04-05,-0.5093,0.1221,0.0032,0.1253
261240,매매기준율,현물+금리차,2023-04-06,0.5887,0.5183,0.0031,0.5214
261240,매매기준율,현물+금리차,2023-04-07,-0.1187,0.0152,0.0033,0.0184
261240,매매기준율,현물+금리차,2023-04-10,0.2463,0.0834,0.0105,0.0939
261240,매매기준율,현물+금리차,2023-04-11,0.2118,-0.0379,0.0039,-0.034
261240,매매기준율,현물+금리차,2023-04-12,0.2536,0.3562,0.0039,0.3601
261240,매매기준율,현물+금리차,2023-04-13,-0.8769,-0.4682,0.0039,-0.4643
261240,매매기준율,현물+금리차,2023-04-14,-0.9697,-1.4188,0.0042,-1.4147
261240,매매기준율,현물+금리차,2023-04-17,1.0222,0.9236,0.0127,0.9364
261240,매매기준율,현물+금리차,2023-04-18,0.3741,0.572,0.0045,0.5764
261240,매매기준율,현물+금리차,2023-04-19,0.72,0.0,0.0044,0.0044
261240,매매기준율,현물+금리차,2023-04-20,-0.3364,0.6673,0.0043,0.6716
261240,매매기준율,현물+금리차,2023-04-21,0.4135,0.0226,0.0041,0.0267
261240,매매기준율,현물+금리차,2023-04-24,0.5883,0.3615,0.0122,0.3738
261240,매매기준율,현물+금리차,2023-04-25,0.0,0.045,0.0042,0.0493
261240,매매기준율,현물+금리차,2023-04-26,0.0835,0.3,0.0041,0.3041
261240,매매기준율,현물+금리차,2023-04-27,0.167,0.1944,0.0041,0.1985
261240,매매기준율,현물+금리차,2023-04-28,0.1167,-0.0597,0.0041,-0.0556
261240,매매기준율,현물+금리차,2023-05-02,0.2081,0.0821,0.0157,0.0978
261240,매매기준율,현물+금리차,2023-05-03,-0.2492,-0.0821,0.0042,-0.0778
261240,매매기준율,현물+금리차,2023-05-04,-0.9827,-1.0081,0.0042,-1.004
261240,매매기준율,현물+금리차,2023-05-08,-0.0841,-0.2188,0.017,-0.2018
261240,매매기준율,현물+금리차,2023-05-09,0.202,0.0227,0.0044,0.0271
261240,매매기준율,현물+금리차,2023-05-10,0.042,0.0907,0.0043,0.095
261240,매매기준율,현물+금리차,2023-05-11,0.126,-0.2945,0.0041,-0.2904
261240,매매기준율,현물+금리차,2023-05-12,0.7883,1.0073,0.0039,1.0113
261240,매매기준율,현물+금리차,2023-05-15,0.0416,0.3149,0.0121,0.3271
261240,매매기준율,현물+금리차,2023-05-16,0.2911,-0.1345,0.0039,-0.1306
261240,매매기준율,현물+금리차,2023-05-17,-0.1244,0.2545,0.004,0.2585
261240,매매기준율,현물+금리차,2023-05-18,-0.1661,-0.5002,0.004,-0.4963
261240,매매기준율,현물+금리차,2023-05-19,-0.5739,-0.1126,0.0041,-0.1085
261240,매매기준율,현물+금리차,2023-05-22,-0.5772,-0.909,0.0119,-0.8971
261240,매매기준율,현물+금리차,2023-05-23,-0.4628,-0.5837,0.0043,-0.5795
261240,매매기준율,현물+금리차,2023-05-24,0.2536,0.4652,0.0041,0.4692
261240,매매기준율,현물+금리차,2023-05-25,0.7926,0.4478,0.0041,0.4519
261240,매매기준율,현물+금리차,2023-05-26,-0.0837,0.1662,0.004,0.1702
261240,매매기준율,현물+금리차,2023-05-30,0.0,-0.2565,0.0155,-0.2411
261240,매매기준율,현물+금리차,2023-05-31,0.1256,-0.0454,0.0042,-0.0412
261240,매매기준율,현물+금리차,2023-06-01,-0.3763,-0.0681,0.0041,-0.064
261240,매매기준율,현물+금리차,2023-06-02,-1.2422,-0.901,0.0041,-0.897
261240,매매기준율,현물+금리차,2023-06-05,0.3315,-0.0382,0.0121,-0.0261
261240,매매기준율,현물+금리차,2023-06-07,-0.3304,-0.5962,0.0079,-0.5884
261240,매매기준율,현물+금리차,2023-06-08,0.085,0.4306,0.0039,0.4345
261240,매매기준율,현물+금리차,2023-06-09,-0.8832,-0.8575,0.0038,-0.8538
261240,매매기준율,현물+금리차,2023-06-12,-0.3427,-0.2935,0.0112,-0.2823
261240,매매기준율,현물+금리차,2023-06-13,-1.238,-1.0534,0.0038,-1.0496
261240,매매기준율,현물+금리차,2023-06-14,0.5658,-0.1252,0.0037,-0.1215
261240,매매기준율,현물+금리차,2023-06-15,0.1645,0.3292,0.0037,0.3329
261240,매매기준율,현물+금리차,2023-06-16,-0.6395,-0.5156,0.0036,-0.512
261240,매매기준율,현물+금리차,2023-06-19,0.6436,0.5654,0.011,0.5764
261240,매매기준율,현물+금리차,2023-06-20,0.0432,0.1171,0.0037,0.1208
261240,매매기준율,현물+금리차,2023-06-21,0.8206,0.7253,0.0038,0.7292
261240,매매기준율,현물+금리차,2023-06-22,0.2913,-0.0077,0.0038,-0.0039
261240,매매기준율,현물+금리차,2023-06-23,0.6749,0.8363,0.0038,0.8402
261240,매매기준율,현물+금리차,2023-06-26,0.1697,0.1229,0.0115,0.1344
261240,매매기준율,현물+금리차,2023-06-27,-0.288,-0.0537,0.0041,-0.0496
261240,매매기준율,현물+금리차,2023-06-28,0.4588,0.0921,0.0039,0.096
261240,매매기준율,현물+금리차,2023-06-29,0.7526,0.6517,0.0039,0.6556
261240,매매기준율,현물+금리차,2023-06-30,0.1679,0.5027,0.004,0.5067
261240,매매기준율,현물+금리차,2023-07-03,-0.662,-0.7124,0.0117,-0.7009
261240,매매기준율,현물+금리차,2023-07-04,-0.4218,-0.6336,0.004,-0.6296
261240,매매기준율,현물+금리차,2023-07-05,-0.288,-0.0691,0.004,-0.0651
261240,매매기준율,현물+금리차,2023-07-06,0.2464,0.2306,0.004,0.2347
261240,매매기준율,현물+금리차,2023-07-07,0.1271,0.2684,0.0041,0.2725
261240,매매기준율,현물+금리차,2023-07-10,0.127,-0.2677,0.0121,-0.2557
261240,매매기준율,현물+금리차,2023-07-11,-0.9637,-0.675,0.0041,-0.6709
261240,매매기준율,현물+금리차,2023-07-12,-0.2134,-0.278,0.0041,-0.2739
261240,매매기준율,현물+금리차,2023-07-13,-1.0179,-1.177,0.0041,-1.173
261240,매매기준율,현물+금리차,2023-07-14,-0.8987,-0.8149,0.0041,-0.8109
261240,매매기준율,현물+금리차,2023-07-17,0.3052,0.0237,0.0123,0.036
261240,매매기준율,현물+금리차,2023-07-18,-0.4694,-0.3554,0.0041,-0.3513
261240,매매기준율,현물+금리차,2023-07-19,0.2096,0.3012,0.0041,0.3053
261240,매매기준율,현물+금리차,2023-07-20,0.5665,0.0316,0.0041,0.0357
261240,매매기준율,현물+금리차,2023-07-21,0.858,1.2561,0.0041,1.2603
261240,매매기준율,현물+금리차,2023-07-24,-0.043,0.1638,0.0125,0.1764
261240,매매기준율,현물+금리차,2023-07-25,-0.3439,-0.2415,0.0042,-0.2373
261240,매매기준율,현물+금리차,2023-07-26,0.0,-0.1562,0.0042,-0.152
261240,매매기준율,현물+금리차,2023-07-27,0.0863,-0.4145,0.0042,-0.4103
261240,매매기준율,현물+금리차,2023-07-28,-0.0431,0.5183,0.0042,0.5225
261240,매매기준율,현물+금리차,2023-07-31,-0.2156,-0.4844,0.0127,-0.4718
261240,매매기준율,현물+금리차,2023-08-01,0.8642,0.5417,0.0042,0.5459
261240,매매기준율,현물+금리차,2023-08-02,1.1823,0.9604,0.0042,0.9646
261240,매매기준율,현물+금리차,2023-08-03,0.0423,0.4486,0.0042,0.4528
261240,매매기준율,현물+금리차,2023-08-04,0.7533,0.3927,0.0042,0.3969
261240,매매기준율,현물+금리차,2023-08-07,-0.2436,0.0153,0.0128,0.0282
261240,매매기준율,현물+금리차,2023-08-08,0.7916,0.6518,0.0043,0.6561
261240,매매기준율,현물+금리차,2023-08-09,0.0,0.4343,0.0044,0.4387
261240,매매기준율,현물+금리차,2023-08-10,0.0835,-0.0759,0.0043,-0.0715
261240,매매기준율,현물+금리차,2023-08-11,0.576,0.2885,0.0044,0.2929
261240,매매기준율,현물+금리차,2023-08-14,0.498,0.7721,0.0131,0.7853
261240,매매기준율,현물+금리차,2023-08-16,0.5286,0.5258,0.0088,0.5346
261240,매매기준율,현물+금리차,2023-08-17,0.3286,0.2466,0.0044,0.2509
261240,매매기준율,현물+금리차,2023-08-18,-0.1228,-0.3503,0.0044,-0.346
261240,매매기준율,현물+금리차,2023-08-21,0.4427,0.3441,0.013,0.3571
261240,매매기준율,현물+금리차,2023-08-22,-0.6448,-0.2087,0.0044,-0.2043
261240,매매기준율,현물+금리차,2023-08-23,0.2465,-0.0523,0.0044,-0.0479
261240,매매기준율,현물+금리차,2023-08-24,-1.3031,-1.0463,0.0044,-1.042
261240,매매기준율,현물+금리차,2023-08-25,0.2076,0.1964,0.0044,0.2008
261240,매매기준율,현물+금리차,2023-08-28,0.0,-0.3091,0.0136,-0.2955
261240,매매기준율,현물+금리차,2023-08-29,-0.1657,-0.0378,0.0045,-0.0333
261240,매매기준율,현물+금리차,2023-08-30,0.249,-0.0454,0.0045,-0.0409
261240,매매기준율,현물+금리차,2023-08-31,0.0,0.0681,0.0045,0.0726
261240,매매기준율,현물+금리차,2023-09-01,-0.414,-0.2344,0.0045,-0.23
261240,매매기준율,현물+금리차,2023-09-04,0.0416,0.0076,0.0133,0.0209
261240,매매기준율,현물+금리차,2023-09-05,0.8643,0.379,0.0044,0.3834
261240,매매기준율,현물+금리차,2023-09-06,0.1236,0.6267,0.0044,0.6312
261240,매매기준율,현물+금리차,2023-09-07,0.2057,0.1576,0.0044,0.162
261240,매매기준율,현물+금리차,2023-09-08,-0.0821,-0.0974,0.0043,-0.0931
261240,매매기준율,현물+금리차,2023-09-11,0.0411,-0.075,0.0131,-0.0619
261240,매매기준율,현물+금리차,2023-09-12,-0.4108,-0.4728,0.0044,-0.4685
261240,매매기준율,현물+금리차,2023-09-13,0.2887,0.1282,0.0044,0.1326
261240,매매기준율,현물+금리차,2023-09-14,-0.4031,-0.128,0.0043,-0.1238
261240,매매기준율,현물+금리차,2023-09-15,0.1156,0.1131,0.0042,0.1174
261240,매매기준율,현물+금리차,2023-09-18,-0.2392,-0.1205,0.0127,-0.1079
261240,매매기준율,현물+금리차,2023-09-19,0.4052,-0.1735,0.0042,-0.1693
261240,매매기준율,현물+금리차,2023-09-20,0.1235,0.4231,0.0041,0.4272
261240,매매기준율,현물+금리차,2023-09-21,0.9377,0.7372,0.0042,0.7414
261240,매매기준율,현물+금리차,2023-09-22,-0.326,-0.112,0.0041,-0.1079
261240,매매기준율,현물+금리차,2023-09-25,0.0,-0.2916,0.0122,-0.2794
261240,매매기준율,현물+금리차,2023-09-26,1.0138,0.8323,0.0042,0.8365
261240,매매기준율,현물+금리차,2023-09-27,0.0809,0.4833,0.0041,0.4875
261240,매매기준율,현물+금리차,2023-10-04,0.922,0.6882,0.029,0.7174
261240,매매기준율,현물+금리차,2023-10-05,-0.8334,-0.8232,0.0041,-0.8191
261240,매매기준율,현물+금리차,2023-10-06,-0.1212,-0.0815,0.0041,-0.0774
261240,매매기준율,현물+금리차,2023-10-10,0.2023,0.0,0.0169,0.0169
261240,매매기준율,현물+금리차,2023-10-11,-0.8801,-0.6453,0.0042,-0.6411
261240,매매기준율,현물+금리차,2023-10-12,0.0407,0.0224,0.0042,0.0266
261240,매매기준율,현물+금리차,2023-10-13,0.8875,0.709,0.0042,0.7132
261240,매매기준율,현물+금리차,2023-10-16,0.3228,0.3261,0.0126,0.3387
261240,매매기준율,현물+금리차,2023-10-17,-0.1207,-0.1403,0.0042,-0.1362
261240,매매기준율,현물+금리차,2023-10-18,-0.3222,-0.0148,0.0042,-0.0106
261240,매매기준율,현물+금리차,2023-10-19,0.7596,0.4365,0.0042,0.4407
261240,매매기준율,현물+금리차,2023-10-20,-0.4331,-0.1841,0.0041,-0.18
261240,매매기준율,현물+금리차,2023-10-23,0.0805,-0.1402,0.0122,-0.128
261240,매매기준율,현물+금리차,2023-10-24,-0.6439,-0.6873,0.0041,-0.6832
261240,매매기준율,현물+금리차,2023-10-25,0.405,0.2307,0.0041,0.2348
261240,매매기준율,현물+금리차,2023-10-26,0.8794,0.7498,0.0041,0.754
261240,매매기준율,현물+금리차,2023-10-27,-0.3999,-0.3537,0.0041,-0.3496
261240,매매기준율,현물+금리차,2023-10-30,-0.3132,0.037,0.0123,0.0493
261240,매매기준율,현물+금리차,2023-10-31,0.0403,-0.2365,0.0041,-0.2324
261240,매매기준율,현물+금리차,2023-11-01,0.5153,0.5409,0.0041,0.5451
261240,매매기준율,현물+금리차,2023-11-02,-1.0333,-1.0097,0.0041,-1.0056
261240,매매기준율,현물+금리차,2023-11-03,-1.5621,-1.2954,0.004,-1.2915
261240,매매기준율,현물+금리차,2023-11-06,-1.7102,-1.7046,0.0118,-1.693
261240,매매기준율,현물+금리차,2023-11-07,0.7863,0.2225,0.004,0.2265
261240,매매기준율,현물+금리차,2023-11-08,0.083,-0.0459,0.004,-0.042
261240,매매기준율,현물+금리차,2023-11-09,-0.0829,0.2681,0.004,0.2721
261240,매매기준율,현물+금리차,2023-11-10,0.5312,0.5882,0.0039,0.5922
261240,매매기준율,현물+금리차,2023-11-13,0.6605,0.4557,0.0118,0.4675
261240,매매기준율,현물+금리차,2023-11-14,0.3609,0.1966,0.004,0.2005
261240,매매기준율,현물+금리차,2023-11-15,-2.0186,-1.7581,0.0039,-1.7542
261240,매매기준율,현물+금리차,2023-11-16,-0.0417,0.1459,0.0039,0.1499
261240,매매기준율,현물+금리차,2023-11-17,-0.2503,-0.7286,0.0039,-0.7247
261240,매매기준율,현물+금리차,2023-11-20,-0.2928,-0.1545,0.0117,-0.1429
261240,매매기준율,현물+금리차,2023-11-21,-0.3272,-0.3637,0.0039,-0.3597
261240,매매기준율,현물+금리차,2023-11-22,0.8333,0.6213,0.0039,0.6252
261240,매매기준율,현물+금리차,2023-11-23,0.0,0.2315,0.0039,0.2355
261240,매매기준율,현물+금리차,2023-11-24,0.5343,0.2618,0.0039,0.2657
261240,매매기준율,현물+금리차,2023-11-27,0.0,0.1997,0.0118,0.2115
261240,매매기준율,현물+금리차,2023-11-28,-0.8221,-0.8201,0.0039,-0.8162
261240,매매기준율,현물+금리차,2023-11-29,-0.293,-0.3864,0.0039,-0.3825
261240,매매기준율,현물+금리차,2023-11-30,0.0,0.1086,0.0039,0.1125
261240,매매기준율,현물+금리차,2023-12-01,1.2512,0.9919,0.0039,0.9958
261240,매매기준율,현물+금리차,2023-12-04,-0.0415,-0.1074,0.0114,-0.096
261240,매매기준율,현물+금리차,2023-12-05,0.4895,0.7605,0.0039,0.7644
261240,매매기준율,현물+금리차,2023-12-06,0.2064,0.0534,0.0039,0.0572
261240,매매기준율,현물+금리차,2023-12-07,1.0217,0.7848,0.0039,0.7887
261240,매매기준율,현물+금리차,2023-12-08,-1.411,-1.1189,0.0038,-1.1151
261240,매매기준율,현물+금리차,2023-12-11,0.7776,0.7952,0.0115,0.8068
261240,매매기준율,현물+금리차,2023-12-12,-0.2052,-0.1972,0.0039,-0.1933
261240,매매기준율,현물+금리차,2023-12-13,0.3702,0.0608,0.0039,0.0647
261240,매매기준율,현물+금리차,2023-12-14,-1.7046,-1.5875,0.0038,-1.5838
261240,매매기준율,현물+금리차,2023-12-15,-0.0834,-0.0695,0.0038,-0.0656
261240,매매기준율,현물+금리차,2023-12-18,0.1585,0.309,0.0116,0.3206
261240,매매기준율,현물+금리차,2023-12-19,0.7082,0.462,0.0039,0.4659
261240,매매기준율,현물+금리차,2023-12-20,-0.4964,-0.3449,0.0038,-0.3411
261240,매매기준율,현물+금리차,2023-12-21,0.4157,0.2769,0.0039,0.2808
261240,매매기준율,현물+금리차,2023-12-22,-0.1656,-0.2378,0.0038,-0.234
261240,매매기준율,현물+금리차,2023-12-26,-0.6137,-0.2998,0.0155,-0.2844
261240,매매기준율,현물+금리차,2023-12-27,0.0834,-0.1851,0.0039,-0.1812
261240,매매기준율,현물+금리차,2023-12-28,-0.3335,-0.3863,0.0039,-0.3824
261240,매매기준율,현물+금리차,2024-01-02,0.7863,0.7678,0.0195,0.7874
261240,매매기준율,현물+금리차,2024-01-03,0.332,0.7312,0.0038,0.735
261240,매매기준율,현물+금리차,2024-01-04,0.5295,0.107,0.0039,0.1108
261240,매매기준율,현물+금리차,2024-01-05,0.4526,0.2671,0.0039,0.271
261240,매매기준율,현물+금리차,2024-01-08,0.1147,0.0837,0.0118,0.0955
261240,매매기준율,현물+금리차,2024-01-09,-0.1146,-0.2054,0.0039,-0.2014
261240,매매기준율,현물+금리차,2024-01-10,0.4833,0.6097,0.0039,0.6137
261240,매매기준율,현물+금리차,2024-01-11,-0.5218,-0.3106,0.0039,-0.3066
261240,매매기준율,현물+금리차,2024-01-12,0.0,-0.1444,0.004,-0.1404
261240,매매기준율,현물+금리차,2024-01-15,0.4426,0.3957,0.0119,0.4077
261240,매매기준율,현물+금리차,2024-01-16,1.0117,0.7352,0.0041,0.7393
261240,매매기준율,현물+금리차,2024-01-17,0.9612,1.0685,0.0041,1.0726
261240,매매기준율,현물+금리차,2024-01-18,-0.36,-0.0596,0.0042,-0.0554
261240,매매기준율,현물+금리차,2024-01-19,0.0401,-0.4395,0.0042,-0.4353
261240,매매기준율,현물+금리차,2024-01-22,-0.0803,-0.1347,0.0127,-0.122
261240,매매기준율,현물+금리차,2024-01-23,-0.3936,0.0974,0.0042,0.1016
261240,매매기준율,현물+금리차,2024-01-24,0.3548,0.232,0.0042,0.2362
261240,매매기준율,현물+금리차,2024-01-25,-0.0804,-0.2539,0.0042,-0.2497
261240,매매기준율,현물+금리차,2024-01-26,0.0402,0.0674,0.0042,0.0716
261240,매매기준율,현물+금리차,2024-01-29,-0.0402,0.0224,0.0126,0.035
261240,매매기준율,현물+금리차,2024-01-30,-0.5147,-0.4712,0.0042,-0.467
261240,매매기준율,현물+금리차,2024-01-31,0.485,0.2179,0.0042,0.2221
261240,매매기준율,현물+금리차,2024-02-01,-0.1609,-0.075,0.0042,-0.0708
261240,매매기준율,현물+금리차,2024-02-02,-0.7172,-0.5553,0.0042,-0.5512
261240,매매기준율,현물+금리차,2024-02-05,0.6006,0.7169,0.0127,0.7298
261240,매매기준율,현물+금리차,2024-02-06,-0.1614,-0.3746,0.0042,-0.3704
261240,매매기준율,현물+금리차,2024-02-07,0.0,-0.3234,0.0043,-0.3191
261240,매매기준율,현물+금리차,2024-02-08,0.0,0.1434,0.0043,0.1476
261240,매매기준율,현물+금리차,2024-02-13,0.1212,0.0904,0.0214,0.1118
261240,매매기준율,현물+금리차,2024-02-14,0.5569,0.6399,0.0043,0.6442
261240,매매기준율,현물+금리차,2024-02-15,-0.0401,-0.2768,0.0042,-0.2725
261240,매매기준율,현물+금리차,2024-02-16,0.0,-0.015,0.0042,-0.0108
261240,매매기준율,현물+금리차,2024-02-19,0.0803,0.06,0.0128,0.0728
261240,매매기준율,현물+금리차,2024-02-20,0.2006,0.3074,0.0042,0.3117
261240,매매기준율,현물+금리차,2024-02-21,-0.2402,-0.2168,0.0042,-0.2125
261240,매매기준율,현물+금리차,2024-02-22,-0.3933,-0.2996,0.0042,-0.2954
261240,매매기준율,현물+금리차,2024-02-23,0.1934,-0.1277,0.0042,-0.1235
261240,매매기준율,현물+금리차,2024-02-26,0.0402,0.158,0.0128,0.1708
261240,매매기준율,현물+금리차,2024-02-27,0.0,-0.0075,0.0043,-0.0032
261240,매매기준율,현물+금리차,2024-02-28,0.2412,0.2028,0.0042,0.2071
261240,매매기준율,현물+금리차,2024-02-29,-0.2005,0.0075,0.0042,0.0117
261240,매매기준율,현물+금리차,2024-03-04,0.0804,-0.2998,0.0171,-0.2828
261240,매매기준율,현물+금리차,2024-03-05,0.2007,0.2331,0.0043,0.2373
261240,매매기준율,현물+금리차,2024-03-06,0.0401,0.1875,0.0042,0.1918
261240,매매기준율,현물+금리차,2024-03-07,-0.2403,-0.4567,0.0043,-0.4524
261240,매매기준율,현물+금리차,2024-03-08,-0.9154,-0.4889,0.0043,-0.4846
261240,매매기준율,현물+금리차,2024-03-11,-0.6807,-0.6575,0.0128,-0.6448
261240,매매기준율,현물+금리차,2024-03-12,0.0816,-0.2511,0.0043,-0.2468
261240,매매기준율,현물+금리차,2024-03-13,0.2446,0.1297,0.0044,0.134
261240,매매기준율,현물+금리차,2024-03-14,0.3172,0.3123,0.0044,0.3167
261240,매매기준율,현물+금리차,2024-03-15,1.0053,0.8733,0.0044,0.8777
261240,매매기준율,현물+금리차,2024-03-18,0.2809,0.3463,0.0132,0.3596
261240,매매기준율,현물+금리차,2024-03-19,0.4322,0.4126,0.0044,0.417
261240,매매기준율,현물+금리차,2024-03-20,-0.0398,0.0149,0.0044,0.0193
261240,매매기준율,현물+금리차,2024-03-21,-1.1401,-0.9263,0.0044,-0.9219
261240,매매기준율,현물+금리차,2024-03-22,1.1935,0.7389,0.0044,0.7433
261240,매매기준율,현물+금리차,2024-03-25,0.2789,0.3443,0.0131,0.3574
261240,매매기준율,현물+금리차,2024-03-26,-0.2384,-0.1566,0.0043,-0.1523
261240,매매기준율,현물+금리차,2024-03-27,0.7887,0.5379,0.0043,0.5422
261240,매매기준율,현물+금리차,2024-03-28,-0.1502,0.0743,0.0044,0.0787
261240,매매기준율,현물+금리차,2024-03-29,-0.0396,0.0446,0.0044,0.0489
261240,매매기준율,현물+금리차,2024-04-01,0.2692,-0.0223,0.0131,-0.0092
261240,매매기준율,현물+금리차,2024-04-02,0.2369,0.438,0.0044,0.4424
261240,매매기준율,현물+금리차,2024-04-03,-0.3152,-0.2882,0.0044,-0.2839
261240,매매기준율,현물+금리차,2024-04-04,-0.0316,-0.1705,0.0044,-0.1661
261240,매매기준율,현물+금리차,2024-04-05,0.3874,0.3713,0.0044,0.3756
261240,매매기준율,현물+금리차,2024-04-08,0.1575,0.1332,0.0136,0.1467
261240,매매기준율,현물+금리차,2024-04-09,0.0786,0.0591,0.0046,0.0637
261240,매매기준율,현물+금리차,2024-04-11,0.66,0.6867,0.0091,0.6958
261240,매매기준율,현물+금리차,2024-04-12,0.9289,0.5793,0.0046,0.5839
261240,매매기준율,현물+금리차,2024-04-15,0.6497,0.8822,0.0139,0.8962
261240,매매기준율,현물+금리차,2024-04-16,0.7223,0.8383,0.0046,0.843
261240,매매기준율,현물+금리차,2024-04-17,-0.4883,-0.645,0.0046,-0.6404
261240,매매기준율,현물+금리차,2024-04-18,-0.989,-0.7502,0.0047,-0.7456
261240,매매기준율,현물+금리차,2024-04-19,0.6504,0.6614,0.0047,0.6661
261240,매매기준율,현물+금리차,2024-04-22,-0.0769,-0.3177,0.014,-0.3038
261240,매매기준율,현물+금리차,2024-04-23,-0.077,-0.1956,0.0045,-0.191
261240,매매기준율,현물+금리차,2024-04-24,-0.7242,-0.5733,0.0046,-0.5687
261240,매매기준율,현물+금리차,2024-04-25,0.4657,0.4818,0.0047,0.4864
261240,매매기준율,현물+금리차,2024-04-26,0.0386,-0.0508,0.0046,-0.0462
261240,매매기준율,현물+금리차,2024-04-29,0.1544,0.2035,0.0138,0.2173
261240,매매기준율,현물+금리차,2024-04-30,0.4549,-0.0508,0.0046,-0.0462
261240,매매기준율,현물+금리차,2024-05-02,-0.4221,0.0363,0.0092,0.0455
261240,매매기준율,현물+금리차,2024-05-03,-1.0251,-0.9648,0.0046,-0.9603
261240,매매기준율,현물+금리차,2024-05-07,-0.1168,-0.542,0.0183,-0.5238
261240,매매기준율,현물+금리차,2024-05-08,0.3431,0.4861,0.0046,0.4907
261240,매매기준율,현물+금리차,2024-05-09,0.4274,0.2565,0.0046,0.2611
261240,매매기준율,현물+금리차,2024-05-10,-0.2321,0.0,0.0046,0.0046
261240,매매기준율,현물+금리차,2024-05-13,0.1163,0.1608,0.0138,0.1747
261240,매매기준율,현물+금리차,2024-05-14,0.0,-0.0803,0.0045,-0.0757
261240,매매기준율,현물+금리차,2024-05-16,-1.6499,-1.4317,0.009,-1.4228
261240,매매기준율,현물+금리차,2024-05-17,0.7797,0.4298,0.0045,0.4344
261240,매매기준율,현물+금리차,2024-05-20,0.0,0.0738,0.0136,0.0874
261240,매매기준율,현물+금리차,2024-05-21,0.6174,0.6046,0.0045,0.6092
261240,매매기준율,현물+금리차,2024-05-22,-0.0777,-0.0953,0.0045,-0.0908
261240,매매기준율,현물+금리차,2024-05-23,0.0777,0.1027,0.0045,0.1072
261240,매매기준율,현물+금리차,2024-05-24,0.5437,0.4031,0.0045,0.4076
261240,매매기준율,현물+금리차,2024-05-27,-0.2704,-0.3358,0.0136,-0.3222
261240,매매기준율,현물+금리차,2024-05-28,-0.3486,-0.4321,0.0045,-0.4276
261240,매매기준율,현물+금리차,2024-05-29,0.4664,0.3898,0.0045,0.3944
261240,매매기준율,현물+금리차,2024-05-30,1.0368,0.8573,0.0045,0.8618
261240,매매기준율,현물+금리차,2024-05-31,0.4135,0.3705,0.0045,0.3751
261240,매매기준율,현물+금리차,2024-06-03,-0.5643,-0.2895,0.0135,-0.2761
261240,매매기준율,현물+금리차,2024-06-04,-0.0767,-0.3267,0.0045,-0.3221
261240,매매기준율,현물+금리차,2024-06-05,-0.1151,-0.1165,0.0045,-0.112
261240,매매기준율,현물+금리차,2024-06-07,-0.4918,-0.3354,0.009,-0.3264
261240,매매기준율,현물+금리차,2024-06-10,0.7645,0.8047,0.0136,0.8185
261240,매매기준율,현물+금리차,2024-06-11,0.0383,-0.0363,0.0045,-0.0318
261240,매매기준율,현물+금리차,2024-06-12,-0.0766,0.029,0.0045,0.0336
261240,매매기준율,현물+금리차,2024-06-13,-0.1917,-0.4935,0.0045,-0.489
261240,매매기준율,현물+금리차,2024-06-14,0.3456,0.4887,0.0045,0.4932
261240,매매기준율,현물+금리차,2024-06-17,0.222,0.196,0.0136,0.2096
261240,매매기준율,현물+금리차,2024-06-18,-0.0764,0.0072,0.0045,0.0118
261240,매매기준율,현물+금리차,2024-06-19,0.2675,0.0217,0.0045,0.0262
261240,매매기준율,현물+금리차,2024-06-20,0.2668,0.2173,0.0045,0.2218
261240,매매기준율,현물+금리차,2024-06-21,0.1901,0.383,0.0045,0.3875
261240,매매기준율,현물+금리차,2024-06-24,0.1442,0.0432,0.0134,0.0566
261240,매매기준율,현물+금리차,2024-06-25,-0.0682,-0.2375,0.0045,-0.233
261240,매매기준율,현물+금리차,2024-06-26,0.0303,0.2669,0.0045,0.2714
261240,매매기준율,현물+금리차,2024-06-27,-0.1061,-0.0647,0.0045,-0.0603
261240,매매기준율,현물+금리차,2024-06-28,-0.683,-0.4895,0.0045,-0.485
261240,매매기준율,현물+금리차,2024-07-01,0.1528,-0.1157,0.0133,-0.1024
261240,매매기준율,현물+금리차,2024-07-02,0.7553,0.478,0.0045,0.4825
261240,매매기준율,현물+금리차,2024-07-03,0.1893,0.1442,0.0045,0.1487
261240,매매기준율,현물+금리차,2024-07-04,-0.786,-0.5398,0.0045,-0.5353
261240,매매기준율,현물+금리차,2024-07-05,0.0,-0.2099,0.0045,-0.2053
261240,매매기준율,현물+금리차,2024-07-08,0.2666,0.029,0.0136,0.0427
261240,매매기준율,현물+금리차,2024-07-09,-0.038,0.29,0.0045,0.2945
261240,매매기준율,현물+금리차,2024-07-10,0.228,0.159,0.0046,0.1636
261240,매매기준율,현물+금리차,2024-07-11,-0.3791,-0.3969,0.0046,-0.3924
261240,매매기준율,현물+금리차,2024-07-12,-0.0761,-0.2753,0.0045,-0.2708
261240,매매기준율,현물+금리차,2024-07-15,0.3809,0.4069,0.0136,0.4206
261240,매매기준율,현물+금리차,2024-07-16,0.0759,0.2967,0.0045,0.3013
261240,매매기준율,현물+금리차,2024-07-17,-0.1896,-0.3247,0.0045,-0.3202
261240,매매기준율,현물+금리차,2024-07-18,0.114,-0.1158,0.0045,-0.1113
261240,매매기준율,현물+금리차,2024-07-19,0.3718,0.4855,0.0046,0.4902
261240,매매기준율,현물+금리차,2024-07-22,0.0,0.1442,0.0138,0.1581
261240,매매기준율,현물+금리차,2024-07-23,-0.1134,-0.2521,0.0046,-0.2475
261240,매매기준율,현물+금리차,2024-07-24,-0.0757,0.0,0.0045,0.0045
261240,매매기준율,현물+금리차,2024-07-25,0.1515,0.0217,0.0046,0.0262
261240,매매기준율,현물+금리차,2024-07-26,-0.0378,0.0,0.0045,0.0045
261240,매매기준율,현물+금리차,2024-07-29,-0.1892,-0.2454,0.0136,-0.2318
261240,매매기준율,현물+금리차,2024-07-30,0.2653,0.1881,0.0045,0.1927
261240,매매기준율,현물+금리차,2024-07-31,-0.6351,-0.325,0.0045,-0.3205
261240,매매기준율,현물+금리차,2024-08-01,-0.7913,-1.0289,0.0045,-1.0244
261240,매매기준율,현물+금리차,2024-08-02,0.3758,0.5052,0.0045,0.5096
261240,매매기준율,현물+금리차,2024-08-05,0.2674,-0.8887,0.0129,-0.8759
261240,매매기준율,현물+금리차,2024-08-06,0.1143,0.8526,0.0044,0.857
261240,매매기준율,현물+금리차,2024-08-07,0.1522,0.3061,0.0044,0.3105
261240,매매기준율,현물+금리차,2024-08-08,-0.038,0.0944,0.0044,0.0989
261240,매매기준율,현물+금리차,2024-08-09,-0.7907,-0.6025,0.0044,-0.598
261240,매매기준율,현물+금리차,2024-08-12,0.4905,-0.1241,0.0133,-0.1108
261240,매매기준율,현물+금리차,2024-08-13,-0.1144,0.1901,0.0044,0.1945
261240,매매기준율,현물+금리차,2024-08-14,-0.6795,-0.6495,0.0043,-0.6452
261240,매매기준율,현물+금리차,2024-08-16,-0.1537,-0.0955,0.0087,-0.0868
261240,매매기준율,현물+금리차,2024-08-19,-1.7553,-1.6396,0.0129,-1.6269
261240,매매기준율,현물+금리차,2024-08-20,0.0,-0.4335,0.0042,-0.4293
261240,매매기준율,현물+금리차,2024-08-21,0.2351,0.03,0.0042,0.0342
261240,매매기준율,현물+금리차,2024-08-22,-0.0782,0.2627,0.0041,0.2668
261240,매매기준율,현물+금리차,2024-08-23,0.313,0.3144,0.0042,0.3186
261240,매매기준율,현물+금리차,2024-08-26,-0.8892,-1.2089,0.0123,-1.1967
261240,매매기준율,현물+금리차,2024-08-27,0.3541,0.491,0.004,0.495
261240,매매기준율,현물+금리차,2024-08-28,0.5411,0.3232,0.004,0.3272
261240,매매기준율,현물+금리차,2024-08-29,-0.351,0.045,0.0039,0.0489
261240,매매기준율,현물+금리차,2024-08-30,0.1174,-0.0374,0.004,-0.0334
261240,매매기준율,현물+금리차,2024-09-02,0.3127,0.2997,0.012,0.3117
261240,매매기준율,현물+금리차,2024-09-03,0.265,0.1643,0.004,0.1683
261240,매매기준율,현물+금리차,2024-09-04,0.0777,0.0746,0.004,0.0786
261240,매매기준율,현물+금리차,2024-09-05,-0.4971,-0.462,0.004,-0.458
261240,매매기준율,현물+금리차,2024-09-06,-0.5776,-0.4043,0.0039,-0.4004
261240,매매기준율,현물+금리차,2024-09-09,0.8165,0.684,0.0117,0.6958
261240,매매기준율,현물+금리차,2024-09-10,0.4205,0.3583,0.0038,0.3621
261240,매매기준율,현물+금리차,2024-09-11,-0.38,-0.2976,0.0037,-0.2939
261240,매매기준율,현물+금리차,2024-09-12,0.0778,-0.0522,0.0038,-0.0484
261240,매매기준율,현물+금리차,2024-09-13,-0.739,-0.642,0.0037,-0.6383
261240,매매기준율,현물+금리차,2024-09-19,0.1175,0.0601,0.0205,0.0807
261240,매매기준율,현물+금리차,2024-09-20,0.0,-0.1427,0.003,-0.1397
261240,매매기준율,현물+금리차,2024-09-23,0.4696,0.4211,0.0085,0.4296
261240,매매기준율,현물+금리차,2024-09-24,0.0,-0.0899,0.0027,-0.0871
261240,매매기준율,현물+금리차,2024-09-25,-0.3895,-0.4422,0.0027,-0.4395
261240,매매기준율,현물+금리차,2024-09-26,-0.1173,0.0979,0.0027,0.1005
261240,매매기준율,현물+금리차,2024-09-27,-0.6577,-0.7596,0.0027,-0.7569
261240,매매기준율,현물+금리차,2024-09-30,-0.8591,-0.9624,0.008,-0.9545
261240,매매기준율,현물+금리차,2024-10-02,0.9063,1.01,0.0054,1.0155
261240,매매기준율,현물+금리차,2024-10-04,1.1346,0.9999,0.0053,1.0052
261240,매매기준율,현물+금리차,2024-10-07,1.1141,0.99,0.0083,0.9984
261240,매매기준율,현물+금리차,2024-10-08,0.1926,0.0965,0.0028,0.0994
261240,매매기준율,현물+금리차,2024-10-10,0.0,0.1187,0.0056,0.1243
261240,매매기준율,현물+금리차,2024-10-11,-0.0384,-0.0593,0.0028,-0.0564
261240,매매기준율,현물+금리차,2024-10-14,0.4616,0.4672,0.0093,0.4765
261240,매매기준율,현물+금리차,2024-10-15,0.5667,0.4059,0.0031,0.409
261240,매매기준율,현물+금리차,2024-10-16,0.1142,0.2426,0.0031,0.2457
261240,매매기준율,현물+금리차,2024-10-17,0.4868,0.2053,0.003,0.2084
261240,매매기준율,현물+금리차,2024-10-18,-0.0757,0.3366,0.0032,0.3398
261240,매매기준율,현물+금리차,2024-10-21,0.4166,-0.0511,0.0094,-0.0417
261240,매매기준율,현물+금리차,2024-10-22,0.4828,0.7078,0.0031,0.7109
261240,매매기준율,현물+금리차,2024-10-23,0.1501,0.1377,0.003,0.1407
261240,매매기준율,현물+금리차,2024-10-24,-0.1124,-0.1085,0.0031,-0.1055
261240,매매기준율,현물+금리차,2024-10-25,0.6303,0.2825,0.003,0.2855
261240,매매기준율,현물+금리차,2024-10-28,-0.2908,0.1878,0.0092,0.197
261240,매매기준율,현물+금리차,2024-10-29,0.187,-0.2812,0.003,-0.2782
261240,매매기준율,현물+금리차,2024-10-30,-0.3359,0.0145,0.003,0.0174
261240,매매기준율,현물+금리차,2024-10-31,-0.0749,-0.2892,0.0028,-0.2863
261240,매매기준율,현물+금리차,2024-11-01,-0.0375,-0.1015,0.0028,-0.0987
261240,매매기준율,현물+금리차,2024-11-04,-0.6299,-0.479,0.0081,-0.471
261240,매매기준율,현물+금리차,2024-11-05,0.5961,0.474,0.0028,0.4768
261240,매매기준율,현물+금리차,2024-11-06,1.3052,0.9943,0.0027,0.9971
261240,매매기준율,현물+금리차,2024-11-07,0.0,0.5462,0.0027,0.5489
261240,매매기준율,현물+금리차,2024-11-08,-0.7034,-0.9792,0.0027,-0.9765
261240,매매기준율,현물+금리차,2024-11-11,0.5966,0.7146,0.0082,0.7229
261240,매매기준율,현물+금리차,2024-11-12,0.6968,0.4157,0.0027,0.4184
261240,매매기준율,현물+금리차,2024-11-13,0.2208,0.4425,0.0027,0.4452
261240,매매기준율,현물+금리차,2024-11-14,-0.4407,-0.064,0.0026,-0.0613
261240,매매기준율,현물+금리차,2024-11-15,-0.0738,-0.256,0.0027,-0.2533
261240,매매기준율,현물+금리차,2024-11-18,-0.288,-0.7271,0.008,-0.7192
261240,매매기준율,현물+금리차,2024-11-19,-0.3702,-0.0431,0.0027,-0.0404
261240,매매기준율,현물+금리차,2024-11-20,0.1115,-0.0287,0.0027,-0.0261
261240,매매기준율,현물+금리차,2024-11-21,0.5122,0.4671,0.0027,0.4698
261240,매매기준율,현물+금리차,2024-11-22,0.2954,0.1717,0.0027,0.1744
261240,매매기준율,현물+금리차,2024-11-25,0.0,-0.1642,0.0081,-0.1561
261240,매매기준율,현물+금리차,2024-11-26,-0.1841,0.2146,0.0027,0.2173
261240,매매기준율,현물+금리차,2024-11-27,-0.0738,-0.314,0.0026,-0.3114
261240,매매기준율,현물+금리차,2024-11-28,-0.0738,-0.1503,0.0026,-0.1477
261240,매매기준율,현물+금리차,2024-11-29,-0.1478,0.0287,0.003,0.0317
261240,매매기준율,현물+금리차,2024-12-02,0.666,0.4946,0.009,0.5037
261240,매매기준율,현물+금리차,2024-12-03,-0.0735,0.0999,0.003,0.1029
261240,매매기준율,현물+금리차,2024-12-04,0.6915,0.6841,0.003,0.687
261240,매매기준율,현물+금리차,2024-12-05,0.358,0.1345,0.0029,0.1374
261240,매매기준율,현물+금리차,2024-12-06,0.2184,0.318,0.0029,0.321
261240,매매기준율,현물+금리차,2024-12-09,1.2639,0.9722,0.0085,0.9808
261240,매매기준율,현물+금리차,2024-12-10,-0.6456,-0.3558,0.0028,-0.3531
261240,매매기준율,현물+금리차,2024-12-11,0.3971,0.2311,0.0027,0.2338
261240,매매기준율,현물+금리차,2024-12-12,0.036,0.007,0.0025,0.0095
261240,매매기준율,현물+금리차,2024-12-13,-0.0359,0.0838,0.0025,0.0864
261240,매매기준율,현물+금리차,2024-12-16,0.2517,0.1536,0.0075,0.161
261240,매매기준율,현물+금리차,2024-12-17,0.2798,0.1185,0.0024,0.1209
261240,매매기준율,현물+금리차,2024-12-18,-0.3147,0.0139,0.0024,0.0163
261240,매매기준율,현물+금리차,2024-12-19,1.2055,0.8978,0.0024,0.9002
261240,매매기준율,현물+금리차,2024-12-20,0.0709,0.0414,0.0023,0.0437
261240,매매기준율,현물+금리차,2024-12-23,0.0354,-0.069,0.0069,-0.0621
261240,매매기준율,현물+금리차,2024-12-24,0.3471,0.2967,0.0023,0.299
261240,매매기준율,현물+금리차,2024-12-26,0.5647,0.6398,0.0048,0.6446
261240,매매기준율,현물+금리차,2024-12-27,0.379,0.7656,0.0023,0.7679
261240,매매기준율,현물+금리차,2024-12-30,0.3846,-0.2781,0.0062,-0.272
261240,매매기준율,현물+금리차,2025-01-02,-0.6547,-0.1156,0.0065,-0.1092
261240,매매기준율,현물+금리차,2025-01-03,0.0631,-0.1022,0.0026,-0.0995
261240,매매기준율,현물+금리차,2025-01-06,0.2452,0.2727,0.0086,0.2814
261240,매매기준율,현물+금리차,2025-01-07,-1.1743,-1.047,0.003,-1.044
261240,매매기준율,현물+금리차,2025-01-08,0.2051,-0.1512,0.0032,-0.148
261240,매매기준율,현물+금리차,2025-01-09,0.3882,0.3441,0.0032,0.3473
261240,매매기준율,현물+금리차,2025-01-10,0.2461,0.1714,0.0033,0.1748
261240,매매기준율,현물+금리차,2025-01-13,0.4489,0.7257,0.01,0.7358
261240,매매기준율,현물+금리차,2025-01-14,-0.412,-0.5437,0.0034,-0.5404
261240,매매기준율,현물+금리차,2025-01-15,-0.1753,-0.2118,0.0033,-0.2085
261240,매매기준율,현물+금리차,2025-01-16,-0.2809,-0.3767,0.0033,-0.3733
261240,매매기준율,현물+금리차,2025-01-17,0.0352,0.0756,0.0033,0.079
261240,매매기준율,현물+금리차,2025-01-20,-0.3098,-0.1923,0.0099,-0.1824
261240,매매기준율,현물+금리차,2025-01-21,-0.9111,-1.0392,0.0033,-1.0359
261240,매매기준율,현물+금리차,2025-01-22,-0.1069,-0.2504,0.0034,-0.247
261240,매매기준율,현물+금리차,2025-01-23,0.0714,0.1952,0.0033,0.1985
261240,매매기준율,현물+금리차,2025-01-24,-0.3922,-0.2644,0.0033,-0.2612
261240,매매기준율,현물+금리차,2025-01-31,1.5963,1.3745,0.0226,1.3974
261240,매매기준율,현물+금리차,2025-02-03,0.8384,1.1149,0.0096,1.1247
261240,매매기준율,현물+금리차,2025-02-04,-0.1747,-0.5717,0.0033,-0.5685
261240,매매기준율,현물+금리차,2025-02-05,-1.2459,-0.7393,0.0033,-0.736
261240,매매기준율,현물+금리차,2025-02-06,0.2481,-0.2,0.0033,-0.1967
261240,매매기준율,현물+금리차,2025-02-07,0.0,0.0207,0.0034,0.0241
261240,매매기준율,현물+금리차,2025-02-10,0.2757,0.4145,0.0103,0.4249
261240,매매기준율,현물+금리차,2025-02-11,0.1058,0.0069,0.0034,0.0103
261240,매매기준율,현물+금리차,2025-02-12,0.0,-0.0619,0.0034,-0.0585
261240,매매기준율,현물+금리차,2025-02-13,-0.3451,-0.1446,0.0034,-0.1411
261240,매매기준율,현물+금리차,2025-02-14,-0.2474,-0.4964,0.0034,-0.493
261240,매매기준율,현물+금리차,2025-02-17,-0.1417,-0.1524,0.0102,-0.1423
261240,매매기준율,현물+금리차,2025-02-18,0.1774,0.1943,0.0034,0.1977
261240,매매기준율,현물+금리차,2025-02-19,-0.3541,-0.2285,0.0035,-0.2251
261240,매매기준율,현물+금리차,2025-02-20,0.0,-0.0833,0.0035,-0.0798
261240,매매기준율,현물+금리차,2025-02-21,-0.3127,-0.3682,0.0035,-0.3647
261240,매매기준율,현물+금리차,2025-02-24,-0.4278,-0.3417,0.0109,-0.3308
261240,매매기준율,현물+금리차,2025-02-25,0.2506,0.105,0.0036,0.1085
261240,매매기준율,현물+금리차,2025-02-26,0.1071,0.0769,0.0037,0.0806
261240,매매기준율,현물+금리차,2025-02-27,0.7064,0.5448,0.0037,0.5485
261240,매매기준율,현물+금리차,2025-02-28,1.4029,1.3268,0.0037,1.3305
261240,매매기준율,현물+금리차,2025-03-04,0.0349,0.0617,0.0144,0.0761
261240,매매기준율,현물+금리차,2025-03-05,-0.5518,-0.2466,0.0037,-0.243
261240,매매기준율,현물+금리차,2025-03-06,-0.7656,-0.989,0.0038,-0.9853
261240,매매기준율,현물+금리차,2025-03-07,0.3114,0.326,0.0037,0.3298
261240,매매기준율,현물+금리차,2025-03-10,0.4233,0.3595,0.0112,0.3708
261240,매매기준율,현물+금리차,2025-03-11,0.3443,0.4409,0.0037,0.4446
261240,매매기준율,현물+금리차,2025-03-12,-0.4831,-0.4047,0.0037,-0.401
261240,매매기준율,현물+금리차,2025-03-13,0.2814,-0.0069,0.0038,-0.0031
261240,매매기준율,현물+금리차,2025-03-14,-0.0702,0.1997,0.0037,0.2035
261240,매매기준율,현물+금리차,2025-03-17,-0.4213,-0.4674,0.0112,-0.4563
261240,매매기준율,현물+금리차,2025-03-18,0.3878,-0.0622,0.0037,-0.0584
261240,매매기준율,현물+금리차,2025-03-19,0.1405,0.3593,0.0037,0.3631
261240,매매기준율,현물+금리차,2025-03-20,0.3086,0.4751,0.0037,0.4789
261240,매매기준율,현물+금리차,2025-03-21,0.3846,0.5277,0.0037,0.5314
261240,매매기준율,현물+금리차,2025-03-24,0.3761,0.0,0.0111,0.0111
261240,매매기준율,현물+금리차,2025-03-25,0.1041,0.1841,0.0037,0.1878
261240,매매기준율,현물+금리차,2025-03-26,-0.2426,-0.2926,0.0037,-0.2889
261240,매매기준율,현물+금리차,2025-03-27,0.0,0.1024,0.0037,0.1061
261240,매매기준율,현물+금리차,2025-03-28,0.1042,-0.0205,0.0037,-0.0168
261240,매매기준율,현물+금리차,2025-03-31,0.3471,0.2796,0.0112,0.2908
261240,매매기준율,현물+금리차,2025-04-01,0.0,0.0748,0.0038,0.0786
261240,매매기준율,현물+금리차,2025-04-02,-0.3459,-0.265,0.0037,-0.2613
261240,매매기준율,현물+금리차,2025-04-03,0.0,-0.0545,0.0038,-0.0507
261240,매매기준율,현물+금리차,2025-04-04,-2.2352,-1.8882,0.0038,-1.8845
261240,매매기준율,현물+금리차,2025-04-07,2.3218,1.8481,0.0114,1.8598
261240,매매기준율,현물+금리차,2025-04-08,0.451,0.2933,0.0039,0.2972
261240,매매기준율,현물+금리차,2025-04-09,0.753,0.8638,0.004,0.8678
261240,매매기준율,현물+금리차,2025-04-10,-1.7689,-1.6454,0.0041,-1.6414
261240,매매기준율,현물+금리차,2025-04-11,-0.4467,-0.5279,0.0041,-0.5239
261240,매매기준율,현물+금리차,2025-04-14,-1.8439,-1.6129,0.0124,-1.6007
261240,매매기준율,현물+금리차,2025-04-15,0.2143,-0.2872,0.0041,-0.2831
261240,매매기준율,현물+금리차,2025-04-16,0.0713,0.2881,0.0041,0.2922
261240,매매기준율,현물+금리차,2025-04-17,-0.4986,-0.5254,0.0041,-0.5214
261240,매매기준율,현물+금리차,2025-04-18,0.2505,0.1127,0.0042,0.1169
261240,매매기준율,현물+금리차,2025-04-21,-0.3213,-0.1829,0.0125,-0.1704
261240,매매기준율,현물+금리차,2025-04-22,0.1074,0.2608,0.0041,0.2649
261240,매매기준율,현물+금리차,2025-04-23,0.1431,0.2812,0.0041,0.2853
261240,매매기준율,현물+금리차,2025-04-24,0.9575,0.2523,0.0041,0.2564
261240,매매기준율,현물+금리차,2025-04-25,0.1769,0.3076,0.0041,0.3117
261240,매매기준율,현물+금리차,2025-04-28,0.3815,0.3276,0.0122,0.3399
261240,매매기준율,현물+금리차,2025-04-29,-0.3449,-0.0556,0.0041,-0.0515
261240,매매기준율,현물+금리차,2025-04-30,-1.017,-0.8064,0.0041,-0.8023
261240,매매기준율,현물+금리차,2025-05-02,-1.0631,-0.021,0.0082,-0.0129
261240,매매기준율,현물+금리차,2025-05-07,-0.4976,-2.2781,0.0207,-2.2579
261240,매매기준율,현물+금리차,2025-05-08,-0.145,0.1363,0.0041,0.1404
261240,매매기준율,현물+금리차,2025-05-09,0.2178,0.6877,0.0042,0.6919
261240,매매기준율,현물+금리차,2025-05-12,0.1811,-0.3699,0.0127,-0.3573
261240,매매기준율,현물+금리차,2025-05-13,1.1423,0.9497,0.0045,0.9543
261240,매매기준율,현물+금리차,2025-05-14,0.1787,0.1485,0.0044,0.153
261240,매매기준율,현물+금리차,2025-05-15,-1.7339,-1.1442,0.0044,-1.1398
261240,매매기준율,현물+금리차,2025-05-16,-0.2904,-0.3787,0.0043,-0.3744
261240,매매기준율,현물+금리차,2025-05-19,0.5826,0.2654,0.0127,0.2781
261240,매매기준율,현물+금리차,2025-05-20,-0.362,-0.3863,0.0043,-0.382
261240,매매기준율,현물+금리차,2025-05-21,-0.3924,-0.3949,0.0043,-0.3906
261240,매매기준율,현물+금리차,2025-05-22,-0.4742,-0.6272,0.0043,-0.6229
261240,매매기준율,현물+금리차,2025-05-23,-0.3225,-0.1088,0.0043,-0.1045
261240,매매기준율,현물+금리차,2025-05-26,-0.8015,-0.8643,0.0129,-0.8515
261240,매매기준율,현물+금리차,2025-05-27,0.4374,0.2418,0.0043,0.2461
261240,매매기준율,현물+금리차,2025-05-28,0.5166,0.4604,0.0043,0.4648
261240,매매기준율,현물+금리차,2025-05-29,0.0,0.4947,0.0044,0.4991
261240,매매기준율,현물+금리차,2025-05-30,0.2864,-0.4126,0.0045,-0.4081
261240,매매기준율,현물+금리차,2025-06-02,-0.5052,0.0872,0.0136,0.1009
261240,매매기준율,현물+금리차,2025-06-04,-0.1472,-0.2251,0.0091,-0.2161
261240,매매기준율,현물+금리차,2025-06-05,-0.7665,-1.0773,0.0046,-1.0728
261240,매매기준율,현물+금리차,2025-06-09,-0.1857,-0.0074,0.0183,0.0109
261240,매매기준율,현물+금리차,2025-06-10,0.625,0.0736,0.0046,0.0782
261240,매매기준율,현물+금리차,2025-06-11,0.6655,0.6545,0.0047,0.6591
261240,매매기준율,현물+금리차,2025-06-12,-1.1679,-0.431,0.0046,-0.4264
261240,매매기준율,현물+금리차,2025-06-13,0.8101,0.2862,0.0047,0.2909
261240,매매기준율,현물+금리차,2025-06-16,-0.435,-0.2341,0.014,-0.2202
261240,매매기준율,현물+금리차,2025-06-17,0.037,-0.1393,0.0046,-0.1347
261240,매매기준율,현물+금리차,2025-06-18,0.5848,0.8445,0.0046,0.8491
261240,매매기준율,현물+금리차,2025-06-19,0.8021,0.4661,0.0046,0.4707
261240,매매기준율,현물+금리차,2025-06-20,-1.0147,-0.7393,0.0046,-0.7348
261240,매매기준율,현물+금리차,2025-06-23,1.2464,0.9128,0.0136,0.9265
261240,매매기준율,현물+금리차,2025-06-24,-1.6608,-1.223,0.0044,-1.2186
261240,매매기준율,현물+금리차,2025-06-25,0.1778,-0.3004,0.0044,-0.2959
261240,매매기준율,현물+금리차,2025-06-26,-0.3623,-0.2425,0.0044,-0.2381
261240,매매기준율,현물+금리차,2025-06-27,0.0371,-0.0884,0.0045,-0.0839
261240,매매기준율,현물+금리차,2025-06-30,-0.5861,-0.2064,0.0134,-0.1931
261240,매매기준율,현물+금리차,2025-07-01,0.4776,-0.0739,0.0046,-0.0693
261240,매매기준율,현물+금리차,2025-07-02,0.2971,0.5027,0.0047,0.5074
261240,매매기준율,현물+금리차,2025-07-03,0.0,-0.0956,0.0047,-0.0909
261240,매매기준율,현물+금리차,2025-07-04,0.2147,0.4492,0.0048,0.454
261240,매매기준율,현물+금리차,2025-07-07,0.4803,0.1759,0.0144,0.1903
261240,매매기준율,현물+금리차,2025-07-08,0.0368,0.1024,0.0048,0.1072
261240,매매기준율,현물+금리차,2025-07-09,0.4704,0.424,0.0048,0.4288
261240,매매기준율,현물+금리차,2025-07-10,-0.2195,-0.0582,0.0048,-0.0534
261240,매매기준율,현물+금리차,2025-07-11,0.33,0.1238,0.0047,0.1286
261240,매매기준율,현물+금리차,2025-07-14,0.3581,0.2764,0.0142,0.2907
261240,매매기준율,현물+금리차,2025-07-15,0.0,0.3047,0.0048,0.3095
261240,매매기준율,현물+금리차,2025-07-16,0.4369,0.3182,0.0048,0.323
261240,매매기준율,현물+금리차,2025-07-17,0.464,0.2667,0.0047,0.2715
261240,매매기준율,현물+금리차,2025-07-18,0.0722,0.0791,0.0047,0.0838
261240,매매기준율,현물+금리차,2025-07-21,-0.2813,-0.0575,0.0141,-0.0433
261240,매매기준율,현물+금리차,2025-07-22,-0.0723,-0.3451,0.0047,-0.3403
261240,매매기준율,현물+금리차,2025-07-23,-0.6441,-0.5194,0.0047,-0.5147
261240,매매기준율,현물+금리차,2025-07-24,-0.7649,-0.7541,0.0048,-0.7494
261240,매매기준율,현물+금리차,2025-07-25,0.7708,0.5334,0.0048,0.5381
261240,매매기준율,현물+금리차,2025-07-28,0.2112,0.2616,0.0143,0.276
261240,매매기준율,현물+금리차,2025-07-29,0.7196,0.8553,0.0047,0.8601
261240,매매기준율,현물+금리차,2025-07-30,-0.5341,-0.6109,0.0047,-0.6062
261240,매매기준율,현물+금리차,2025-07-31,0.3628,0.5423,0.0048,0.5471
261240,매매기준율,현물+금리차,2025-08-01,1.0338,0.6401,0.0047,0.6449
261240,매매기준율,현물+금리차,2025-08-04,-1.2379,-1.0291,0.0138,-1.0154
261240,매매기준율,현물+금리차,2025-08-05,0.3188,0.13,0.0045,0.1345
261240,매매기준율,현물+금리차,2025-08-06,0.0361,0.2019,0.0045,0.2065
261240,매매기준율,현물+금리차,2025-08-07,-0.5343,-0.3814,0.0045,-0.377
261240,매매기준율,현물+금리차,2025-08-08,0.5371,0.13,0.0045,0.1345
261240,매매기준율,현물+금리차,2025-08-11,0.0,0.1659,0.0135,0.1794
261240,매매기준율,현물+금리차,2025-08-12,0.1805,0.1369,0.0045,0.1414
261240,매매기준율,현물+금리차,2025-08-13,-0.5693,-0.4604,0.0045,-0.4559
261240,매매기준율,현물+금리차,2025-08-14,-0.0725,-0.1156,0.0044,-0.1112
261240,매매기준율,현물+금리차,2025-08-18,0.1813,0.2243,0.0178,0.2421
261240,매매기준율,현물+금리차,2025-08-19,0.4996,0.296,0.0045,0.3004
261240,매매기준율,현물+금리차,2025-08-20,0.6772,0.583,0.0044,0.5874
261240,매매기준율,현물+금리차,2025-08-21,0.0,0.0429,0.0044,0.0473
261240,매매기준율,현물+금리차,2025-08-22,-0.4937,-0.1788,0.0044,-0.1744
261240,매매기준율,현물+금리차,2025-08-25,-0.4674,-0.6664,0.0129,-0.6536
261240,매매기준율,현물+금리차,2025-08-26,0.7875,0.3535,0.0043,0.3578
261240,매매기준율,현물+금리차,2025-08-27,0.0358,0.3235,0.0043,0.3278
261240,매매기준율,현물+금리차,2025-08-28,-0.6019,-0.5087,0.0042,-0.5045
261240,매매기준율,현물+금리차,2025-08-29,0.1081,-0.0648,0.0042,-0.0606
261240,매매기준율,현물+금리차,2025-09-01,0.3241,0.3387,0.0125,0.3512
261240,매매기준율,현물+금리차,2025-09-02,-0.1077,-0.0144,0.0042,-0.0102
261240,매매기준율,현물+금리차,2025-09-03,0.1078,0.1149,0.0042,0.1191
261240,매매기준율,현물+금리차,2025-09-04,0.0359,-0.0789,0.0041,-0.0748
261240,매매기준율,현물+금리차,2025-09-05,-0.1435,-0.0646,0.004,-0.0607
261240,매매기준율,현물+금리차,2025-09-08,-0.0719,-0.1006,0.0111,-0.0895
261240,매매기준율,현물+금리차,2025-09-09,-0.1798,-0.2733,0.0038,-0.2695
261240,매매기준율,현물+금리차,2025-09-10,0.0,0.0721,0.0039,0.076
261240,매매기준율,현물+금리차,2025-09-11,0.3242,0.1297,0.0038,0.1335
261240,매매기준율,현물+금리차,2025-09-12,-0.1436,-0.0504,0.0038,-0.0465
261240,매매기준율,현물+금리차,2025-09-15,0.036,0.0576,0.0115,0.0691
261240,매매기준율,현물+금리차,2025-09-16,-0.7117,-0.5182,0.0038,-0.5144
261240,매매기준율,현물+금리차,2025-09-17,0.1086,-0.1664,0.0037,-0.1627
261240,매매기준율,현물+금리차,2025-09-18,0.5713,0.3333,0.0036,0.3369
261240,매매기준율,현물+금리차,2025-09-19,0.4602,0.65,0.0036,0.6537
261240,매매기준율,현물+금리차,2025-09-22,-0.0716,0.0287,0.0108,0.0396
261240,매매기준율,현물+금리차,2025-09-23,0.0716,-0.0143,0.0036,-0.0108
261240,매매기준율,현물+금리차,2025-09-24,0.3221,0.0789,0.0035,0.0824
261240,매매기준율,현물+금리차,2025-09-25,0.2141,0.3943,0.0035,0.3978
261240,매매기준율,현물+금리차,2025-09-26,0.8758,0.7998,0.0036,0.8034
261240,매매기준율,현물+금리차,2025-09-29,-0.9034,-0.6659,0.0106,-0.6554
261240,매매기준율,현물+금리차,2025-09-30,0.2778,0.0713,0.0035,0.0749
261240,매매기준율,현물+금리차,2025-10-01,0.0355,0.1995,0.0035,0.2031
261240,매매기준율,현물+금리차,2025-10-02,-0.1775,-0.2916,0.0035,-0.2881
261240,매매기준율,현물+금리차,2025-10-10,1.4866,1.3268,0.0287,1.3559
261240,매매기준율,현물+금리차,2025-10-13,0.3434,0.5069,0.0108,0.5177
261240,매매기준율,현물+금리차,2025-10-14,0.4191,0.049,0.0036,0.0526
261240,매매기준율,현물+금리차,2025-10-15,-0.7582,-0.28,0.0036,-0.2765
261240,매매기준율,현물+금리차,2025-10-16,-0.1402,-0.3721,0.0036,-0.3685
261240,매매기준율,현물+금리차,2025-10-17,0.2386,0.0282,0.0036,0.0318
261240,매매기준율,현물+금리차,2025-10-20,-0.2381,0.0493,0.0107,0.06
261240,매매기준율,현물+금리차,2025-10-21,0.765,0.2464,0.0035,0.2499
261240,매매기준율,현물+금리차,2025-10-22,0.0697,0.4495,0.0035,0.453
261240,매매기준율,현물+금리차,2025-10-23,0.6543,0.4545,0.0035,0.458
261240,매매기준율,현물+금리차,2025-10-24,-0.0346,-0.0348,0.0035,-0.0314
261240,매매기준율,현물+금리차,2025-10-27,-0.3459,-0.2507,0.0101,-0.2406
261240,매매기준율,현물+금리차,2025-10-28,0.3471,0.1257,0.0033,0.1289
261240,매매기준율,현물+금리차,2025-10-29,-0.3459,-0.0906,0.0032,-0.0874
261240,매매기준율,현물+금리차,2025-10-30,-0.4443,-0.6839,0.0033,-0.6806
261240,매매기준율,현물+금리차,2025-10-31,-0.0349,0.2951,0.0033,0.2984
261240,매매기준율,현물+금리차,2025-11-03,0.2441,0.1121,0.0097,0.1218
261240,매매기준율,현물+금리차,2025-11-04,0.654,0.6088,0.0035,0.6123
261240,매매기준율,현물+금리차,2025-11-05,0.8572,0.6469,0.0034,0.6503
261240,매매기준율,현물+금리차,2025-11-06,-0.0343,-0.0968,0.0034,-0.0934
261240,매매기준율,현물+금리차,2025-11-07,0.6445,0.5811,0.0033,0.5844
261240,매매기준율,현물+금리차,2025-11-10,-0.4087,-0.0206,0.0096,-0.011
261240,매매기준율,현물+금리차,2025-11-11,0.8482,0.6535,0.0033,0.6568
261240,매매기준율,현물+금리차,2025-11-12,0.2035,0.2187,0.0033,0.222
261240,매매기준율,현물+금리차,2025-11-13,0.2978,0.2114,0.0032,0.2146
261240,매매기준율,현물+금리차,2025-11-14,-0.8639,-0.7486,0.003,-0.7456
261240,매매기준율,현물+금리차,2025-11-17,0.034,-0.0137,0.0089,-0.0048
261240,매매기준율,현물+금리차,2025-11-18,0.4696,0.4732,0.0029,0.4761
261240,매매기준율,현물+금리차,2025-11-19,0.0677,-0.0137,0.0028,-0.0108
261240,매매기준율,현물+금리차,2025-11-20,0.2031,0.2321,0.0028,0.2349
261240,매매기준율,현물+금리차,2025-11-21,0.4323,0.2452,0.0028,0.248
261240,매매기준율,현물+금리차,2025-11-24,0.1009,0.1019,0.0081,0.11
261240,매매기준율,현물+금리차,2025-11-25,-0.2016,0.0,0.0027,0.0027
261240,매매기준율,현물+금리차,2025-11-26,-0.4646,-0.7329,0.0027,-0.7303
261240,매매기준율,현물+금리차,2025-11-27,-0.1353,0.1436,0.0027,0.1463
261240,매매기준율,현물+금리차,2025-11-28,0.5013,0.0751,0.0026,0.0777
261240,매매기준율,현물+금리차,2025-12-01,0.0,0.2183,0.0076,0.226
261240,매매기준율,현물+금리차,2025-12-02,-0.1011,0.034,0.0025,0.0365
261240,매매기준율,현물+금리차,2025-12-03,0.0,-0.0612,0.0024,-0.0588
261240,매매기준율,현물+금리차,2025-12-04,0.4048,0.1906,0.0023,0.1929
261240,매매기준율,현물+금리차,2025-12-05,-0.3024,0.0408,0.0022,0.043
261240,매매기준율,현물+금리차,2025-12-08,-0.1348,-0.2106,0.0065,-0.2041
261240,매매기준율,현물+금리차,2025-12-09,0.27,0.0953,0.0022,0.0975
261240,매매기준율,현물+금리차,2025-12-10,-0.101,0.0,0.0022,0.0022
261240,매매기준율,현물+금리차,2025-12-11,0.2695,-0.0612,0.0021,-0.0591
261240,매매기준율,현물+금리차,2025-12-12,0.0672,0.2042,0.0021,0.2062
261240,매매기준율,현물+금리차,2025-12-15,-0.1679,0.1087,0.0058,0.1145
261240,매매기준율,현물+금리차,2025-12-16,0.4305,-0.1153,0.002,-0.1133
261240,매매기준율,현물+금리차,2025-12-17,0.1339,0.4211,0.002,0.4231
261240,매매기준율,현물+금리차,2025-12-18,0.0,-0.0947,0.0019,-0.0927
261240,매매기준율,현물+금리차,2025-12-19,-0.2007,0.0406,0.0019,0.0425
261240,매매기준율,현물+금리차,2025-12-22,0.3351,0.0744,0.0057,0.0801
261240,매매기준율,현물+금리차,2025-12-23,0.2672,0.3043,0.0019,0.3062
261240,매매기준율,현물+금리차,2025-12-24,-2.0518,-1.537,0.0019,-1.5351
261240,매매기준율,현물+금리차,2025-12-26,-0.7345,-1.2529,0.0041,-1.2489
261240,매매기준율,현물+금리차,2025-12-29,-0.6509,-0.5824,0.0057,-0.5768
261240,매매기준율,현물+금리차,2025-12-30,0.5517,0.0697,0.0019,0.0717
261240,매매기준율,현물+금리차,2026-01-02,0.2401,0.5018,0.0056,0.5074
261240,매매기준율,현물+금리차,2026-01-05,0.1368,0.3259,0.0063,0.3323
261240,매매기준율,현물+금리차,2026-01-06,0.1025,-0.076,0.0021,-0.0739
261240,매매기준율,현물+금리차,2026-01-07,0.0,0.1798,0.0021,0.182
261240,매매기준율,현물+금리차,2026-01-08,0.3072,0.076,0.0022,0.0781
261240,매매기준율,현물+금리차,2026-01-09,0.6125,0.4347,0.0022,0.4369
261240,매매기준율,현물+금리차,2026-01-12,0.7102,0.577,0.0067,0.5838
261240,매매기준율,현물+금리차,2026-01-13,0.3694,0.5942,0.0024,0.5966
261240,매매기준율,현물+금리차,2026-01-14,0.2342,0.3191,0.0024,0.3215
261240,매매기준율,현물+금리차,2026-01-15,-0.4673,-0.5279,0.0024,-0.5255
261240,매매기준율,현물+금리차,2026-01-16,0.2347,0.2586,0.0024,0.261
261240,매매기준율,현물+금리차,2026-01-19,0.0335,0.0068,0.0073,0.0141
261240,매매기준율,현물+금리차,2026-01-20,0.2676,0.2307,0.0024,0.2332
261240,매매기준율,현물+금리차,2026-01-21,-0.4336,-0.2844,0.0025,-0.2819
261240,매매기준율,현물+금리차,2026-01-22,-0.1005,-0.2988,0.0025,-0.2963
261240,매매기준율,현물+금리차,2026-01-23,-0.3018,-0.0817,0.0025,-0.0792
261240,매매기준율,현물+금리차,2026-01-26,-1.6482,-1.663,0.0074,-1.6558
261240,매매기준율,현물+금리차,2026-01-27,0.2394,0.4159,0.0024,0.4183
261240,매매기준율,현물+금리차,2026-01-28,-1.4671,-1.3943,0.0024,-1.3919
261240,매매기준율,현물+금리차,2026-01-29,0.1731,-0.112,0.0024,-0.1096
261240,매매기준율,현물+금리차,2026-01-30,1.0024,0.6797,0.0024,0.6821
261240,매매기준율,현물+금리차,2026-02-02,1.6427,1.4338,0.007,1.4409
261240,매매기준율,현물+금리차,2026-02-03,-1.1111,-0.5695,0.0024,-0.5672
261240,매매기준율,현물+금리차,2026-02-04,0.2383,0.1518,0.0024,0.1542
261240,매매기준율,현물+금리차,2026-02-05,1.2568,0.8889,0.0023,0.8913
261240,매매기준율,현물+금리차,2026-02-06,0.0335,0.4235,0.0023,0.4258
261240,매매기준율,현물+금리차,2026-02-09,-0.4695,-0.4081,0.0067,-0.4014
261240,매매기준율,현물+금리차,2026-02-10,-0.2022,-0.4507,0.0022,-0.4485
261240,매매기준율,현물+금리차,2026-02-11,-0.5402,-0.2264,0.0022,-0.2241
261240,매매기준율,현물+금리차,2026-02-12,-0.5092,-0.7563,0.0023,-0.7541
261240,매매기준율,현물+금리차,2026-02-13,0.1706,-0.0208,0.0023,-0.0185
261240,매매기준율,현물+금리차,2026-02-19,0.2044,0.5266,0.0135,0.5402
261240,매매기준율,현물+금리차,2026-02-20,0.0,-0.1379,0.0023,-0.1356
261240,매매기준율,현물+금리차,2026-02-23,-0.3739,-0.4625,0.0067,-0.4559
261240,매매기준율,현물+금리차,2026-02-24,0.1706,0.2635,0.0022,0.2657
261240,매매기준율,현물+금리차,2026-02-25,-0.8856,-0.7262,0.0022,-0.7241
261240,매매기준율,현물+금리차,2026-02-26,-0.2405,-0.7525,0.0022,-0.7503
261240,매매기준율,현물+금리차,2026-02-27,0.8956,0.7652,0.0022,0.7674
261240,매매기준율,현물+금리차,2026-03-03,1.9461,2.0273,0.0085,2.036
261240,매매기준율,현물+금리차,2026-03-04,0.7033,0.9764,0.0022,0.9786
261240,매매기준율,현물+금리차,2026-03-05,-0.4988,-0.9805,0.0022,-0.9784
261240,매매기준율,현물+금리차,2026-03-06,0.4345,0.6966,0.0021,0.6987
261240,매매기준율,현물+금리차,2026-03-09,1.3977,1.2614,0.0063,1.2679
261240,매매기준율,현물+금리차,2026-03-10,-1.7066,-1.3596,0.0021,-1.3575
261240,매매기준율,현물+금리차,2026-03-11,-0.2671,-0.3734,0.0021,-0.3713
261240,매매기준율,현물+금리차,2026-03-12,1.0044,0.8519,0.0021,0.8541
261240,매매기준율,현물+금리차,2026-03-13,0.8949,0.6555,0.0021,0.6576
261240,매매기준율,현물+금리차,2026-03-16,0.23,0.4364,0.0064,0.4428
261240,매매기준율,현물+금리차,2026-03-17,-0.295,-0.2941,0.0022,-0.292
261240,매매기준율,현물+금리차,2026-03-18,-0.6903,-0.3754,0.0021,-0.3733
261240,매매기준율,현물+금리차,2026-03-19,1.3241,0.9219,0.0022,0.9241
261240,매매기준율,현물+금리차,2026-03-20,-0.0327,-0.3201,0.0022,-0.3179
261240,매매기준율,현물+금리차,2026-03-23,1.1438,0.9833,0.0067,0.9901
261240,매매기준율,현물+금리차,2026-03-24,-1.4216,-0.7485,0.0022,-0.7463
261240,매매기준율,현물+금리차,2026-03-25,0.2622,-0.1802,0.0022,-0.178
261240,매매기준율,현물+금리차,2026-03-26,0.523,0.7087,0.0022,0.711
261240,매매기준율,현물+금리차,2026-03-27,0.065,0.1261,0.0022,0.1284
261240,매매기준율,현물+금리차,2026-03-30,0.52,0.3514,0.0066,0.358
261240,매매기준율,현물+금리차,2026-03-31,1.1962,1.1299,0.0022,1.1321
261240,매매기준율,현물+금리차,2026-04-01,-2.0447,-1.4832,0.0022,-1.481
261240,매매기준율,현물+금리차,2026-04-02,1.2394,0.7295,0.0022,0.7317
261240,매매기준율,현물+금리차,2026-04-03,-0.9987,-0.7374,0.0022,-0.7353
261240,매매기준율,현물+금리차,2026-04-06,0.0325,-0.0265,0.0066,-0.02
261240,매매기준율,현물+금리차,2026-04-07,-0.0976,-0.0265,0.0022,-0.0243
261240,매매기준율,현물+금리차,2026-04-08,-2.1491,-2.0374,0.0022,-2.0353
261240,매매기준율,현물+금리차,2026-04-09,0.7321,0.3387,0.0022,0.3409
261240,매매기준율,현물+금리차,2026-04-10,-0.033,-0.0878,0.0021,-0.0856
261240,매매기준율,현물+금리차,2026-04-13,0.5618,0.6758,0.0064,0.6822
261240,매매기준율,현물+금리차,2026-04-14,-0.5258,-0.5638,0.0022,-0.5617
261240,매매기준율,현물+금리차,2026-04-15,-0.4625,-0.5603,0.0022,-0.5581
261240,매매기준율,현물+금리차,2026-04-16,-0.0996,-0.0339,0.0022,-0.0317
261240,매매기준율,현물+금리차,2026-04-17,0.598,0.5025,0.0022,0.5047
261240,매매기준율,현물+금리차,2026-04-20,-0.2972,-0.2973,0.0065,-0.2908
261240,매매기준율,현물+금리차,2026-04-21,-0.53,-0.3253,0.0022,-0.3231
261240,매매기준율,현물+금리차,2026-04-22,0.4995,0.4623,0.0021,0.4645
261240,매매기준율,현물+금리차,2026-04-23,0.2319,0.203,0.0021,0.2051
261240,매매기준율,현물+금리차,2026-04-24,0.2975,0.1553,0.0021,0.1575
261240,매매기준율,현물+금리차,2026-04-27,-0.7581,-0.6609,0.0064,-0.6545
261240,매매기준율,현물+금리차,2026-04-28,0.0,0.0136,0.0021,0.0157
261240,매매기준율,현물+금리차,2026-04-29,0.465,0.19,0.0021,0.1922
261240,매매기준율,현물+금리차,2026-04-30,0.3636,0.5894,0.0021,0.5915
261240,매매기준율,현물+금리차,2026-05-04,-1.3175,-0.9631,0.0085,-0.9546
261240,매매기준율,현물+금리차,2026-05-06,-0.6342,-0.9317,0.0044,-0.9273
261240,매매기준율,현물+금리차,2026-05-07,0.0,-0.4119,0.0022,-0.4097
261240,매매기준율,현물+금리차,2026-05-08,1.0413,1.0477,0.0022,1.0499
261240,매매기준율,현물+금리차,2026-05-11,0.266,0.4775,0.0065,0.484
261240,매매기준율,현물+금리차,2026-05-12,0.9947,0.7671,0.0022,0.7694
261240,매매기준율,현물+금리차,2026-05-13,0.1313,0.7276,0.0022,0.7298
261240,매매기준율,현물+금리차,2026-05-14,0.0328,-0.2207,0.0022,-0.2185
261240,매매기준율,현물+금리차,2026-05-15,0.7866,0.5363,0.0022,0.5384
261240,매매기준율,현물+금리차,2026-05-18,-0.065,0.24,0.0065,0.2465
261240,매매기준율,현물+금리차,2026-05-19,0.5207,0.0266,0.0022,0.0288
261240,매매기준율,현물+금리차,2026-05-20,-0.1942,0.3923,0.0021,0.3945
261240,매매기준율,현물+금리차,2026-05-21,0.0649,-0.4107,0.0021,-0.4086
261240,매매기준율,현물+금리차,2026-05-22,0.7455,0.6518,0.0021,0.654
261240,매매기준율,현물+금리차,2026-05-26,-0.7722,-0.3568,0.0085,-0.3483
261240,매매기준율,현물+금리차,2026-05-27,-0.227,-0.4178,0.0021,-0.4157
261240,매매기준율,현물+금리차,2026-05-28,0.13,0.2797,0.002,0.2817
261240,매매기준율,현물+금리차,2026-05-29,0.357,-0.1727,0.0021,-0.1706
261240,매매기준율,현물+금리차,2026-06-01,-0.3234,0.5389,0.0061,0.545
261240,매매기준율,현물+금리차,2026-06-02,0.9085,0.2845,0.0021,0.2866
261240,매매기준율,현물+금리차,2026-06-04,0.8682,0.8577,0.0042,0.8619
261240,매매기준율,현물+금리차,2026-06-05,0.7651,0.942,0.0021,0.9441
261240,매매기준율,현물+금리차,2026-06-08,-0.3164,0.2268,0.0062,0.233
261240,매매기준율,현물+금리차,2026-06-09,-1.5551,-1.817,0.002,-1.815
261240,매매기준율,현물+금리차,2026-06-10,0.677,0.2634,0.002,0.2654
261240,매매기준율,현물+금리차,2026-06-11,0.5123,0.3022,0.0019,0.3041
261240,매매기준율,현물+금리차,2026-06-12,-0.7646,-0.4322,0.0019,-0.4304
261240,매매기준율,현물+금리차,2026-06-15,-0.4494,-0.684,0.0058,-0.6782
261240,매매기준율,현물+금리차,2026-06-16,0.0967,0.2318,0.002,0.2338
261240,매매기준율,현물+금리차,2026-06-17,0.1289,-0.0463,0.002,-0.0443
261240,매매기준율,현물+금리차,2026-06-18,0.8044,0.7007,0.0021,0.7028
261240,매매기준율,현물+금리차,2026-06-19,0.1277,0.7615,0.0021,0.7635
261240,매매기준율,현물+금리차,2026-06-22,0.6694,0.0456,0.0062,0.0518
261240,매매기준율,현물+금리차,2026-06-23,0.1583,0.0977,0.0021,0.0998
261240,매매기준율,현물+금리차,2026-06-24,0.0632,0.0716,0.0021,0.0737
261240,매매기준율,현물+금리차,2026-06-25,0.0,0.455,0.0021,0.4572
261240,매매기준율,현물+금리차,2026-06-26,-0.3791,-0.0712,0.0021,-0.0691
261240,매매기준율,현물+금리차,2026-06-29,0.4123,-0.1748,0.0062,-0.1687
261240,매매기준율,현물+금리차,2026-06-30,0.537,0.4476,0.0022,0.4499
261240,매매기준율,현물+금리차,2026-07-01,0.4713,0.3875,0.0022,0.3898
261240,매매기준율,현물+금리차,2026-07-02,-0.0938,-0.0193,0.0022,-0.0171
261240,매매기준율,현물+금리차,2026-07-03,-1.6901,-0.9266,0.0021,-0.9245
261240,매매기준율,현물+금리차,2026-07-06,0.1592,-0.5131,0.0062,-0.5069
261240,매매기준율,현물+금리차,2026-07-07,-0.1907,-0.3395,0.0022,-0.3372
261240,매매기준율,현물+금리차,2026-07-08,-1.7197,-1.0939,0.0022,-1.0917
261240,매매기준율,현물+금리차,2026-07-09,0.3889,-0.3775,0.0022,-0.3753
261240,매매기준율,현물+금리차,2026-07-10,-0.226,0.1928,0.0021,0.1949
261240,매매기준율,현물+금리차,2026-07-13,0.1294,-0.146,0.0067,-0.1393
261240,매매기준율,현물+금리차,2026-07-14,-0.6785,-0.8439,0.0024,-0.8416
261240,매매기준율,현물+금리차,2026-07-15,-0.488,-0.2279,0.0022,-0.2256
261240,매매기준율,현물+금리차,2026-07-16,-0.3269,-0.3023,0.0022,-0.3001
261240,매매기준율,현물+금리차,2026-07-20,-0.2296,-0.155,0.0087,-0.1463
261240,매매기준율,현물+금리차,2026-07-21,-0.3616,-0.4318,0.0022,-0.4296
261240,매매기준율,현물+금리차,2026-07-22,0.5939,0.3592,0.0023,0.3615
261240,매매기준율,현물+금리차,2026-07-23,-0.9183,-0.7766,0.0023,-0.7743
261240,매매기준율,현물+금리차,2026-07-24,0.0,-0.211,0.0025,-0.2085
261240,매매기준율,현물+금리차,2026-07-27,0.1655,-0.0614,0.0074,-0.054
261240,매매기준율,현물+금리차,2026-07-28,-0.3966,0.0546,0.0025,0.0571
261240,매매기준율,현물+금리차,2026-07-29,-1.0285,-1.0981,0.0023,-1.0958
261240,매매기준율,현물+금리차,2026-07-30,-0.6369,-0.6206,0.0021,-0.6185
261240,매매기준율,현물+금리차,2026-07-31,-0.8772,-0.5204,0.0021,-0.5184
261240,매매기준율,현물+금리차,2026-08-03,0.2383,-0.2581,0.0061,-0.252
261240,매매기준율,현물+금리차,2026-08-04,0.2716,-0.1189,0.0022,-0.1166
261240,매매기준율,현물+금리차,2026-08-05,-0.5418,-0.2381,0.0022,-0.2358
261240,매매기준율,현물+금리차,2026-08-06,-0.1362,-0.4211,0.0022,-0.4189
261240,매매기준율,현물+금리차,2026-08-07,-0.375,0.0916,0.0022,0.0938
261240,매매기준율,현물+금리차,2026-08-10,0.1369,-0.338,0.0065,-0.3315
261240,매매기준율,현물+금리차,2026-08-11,-0.1709,-0.0212,0.0022,-0.019
261240,매매기준율,현물+금리차,2026-08-12,0.0342,0.0,0.0022,0.0022
261240,매매기준율,현물+금리차,2026-08-13,0.1369,-0.0071,0.0021,-0.0049
261240,매매기준율,현물+금리차,2026-08-14,-0.1367,0.0212,0.0021,0.0233
261240,매매기준율,현물+금리차,2026-08-18,-0.3422,-0.2968,0.0084,-0.2884
261240,매매기준율,현물+금리차,2026-08-19,-0.8929,-0.6024,0.0021,-0.6003
261240,매매기준율,현물+금리차,2026-08-20,-0.3465,-0.6774,0.0021,-0.6753
261240,매매기준율,현물+달러금리,2016-12-28,0.1005,0.1908,0.0014,0.1922
261240,매매기준율,현물+달러금리,2016-12-29,0.0502,0.0745,0.0014,0.076
261240,매매기준율,현물+달러금리,2017-01-02,0.0,-0.0579,0.005,-0.0529
261240,매매기준율,현물+달러금리,2017-01-03,-0.3413,-0.1325,0.0014,-0.1311
261240,매매기준율,현물+달러금리,2017-01-04,0.1007,0.0415,0.0015,0.0429
261240,매매기준율,현물+달러금리,2017-01-05,-1.4993,-1.2513,0.0014,-1.2499
261240,매매기준율,현물+달러금리,2017-01-06,0.5516,-0.2098,0.0014,-0.2084
261240,매매기준율,현물+달러금리,2017-01-09,1.1582,1.3792,0.0043,1.3835
261240,매매기준율,현물+달러금리,2017-01-10,-1.0445,-0.5641,0.0014,-0.5627
261240,매매기준율,현물+달러금리,2017-01-11,-0.1522,-0.1919,0.0014,-0.1905
261240,매매기준율,현물+달러금리,2017-01-12,-0.7014,-1.1367,0.0014,-1.1354
261240,매매기준율,현물+달러금리,2017-01-13,-0.7575,-0.4312,0.0014,-0.4298
261240,매매기준율,현물+달러금리,2017-01-16,0.6601,0.2378,0.0043,0.242
261240,매매기준율,현물+달러금리,2017-01-17,-0.7583,0.0339,0.0014,0.0353
261240,매매기준율,현물+달러금리,2017-01-18,-0.6195,-1.2956,0.0015,-1.2942
261240,매매기준율,현물+달러금리,2017-01-19,0.987,0.9866,0.0014,0.9881
261240,매매기준율,현물+달러금리,2017-01-20,-0.7716,-0.3908,0.0014,-0.3894
261240,매매기준율,현물+달러금리,2017-01-23,-0.4044,-0.4947,0.004,-0.4907
261240,매매기준율,현물+달러금리,2017-01-24,0.0,-0.2657,0.0014,-0.2643
261240,매매기준율,현물+달러금리,2017-01-25,0.0,0.2234,0.0014,0.2248
261240,매매기준율,현물+달러금리,2017-01-26,-0.5726,-0.7203,0.0013,-0.719
261240,매매기준율,현물+달러금리,2017-01-31,0.3665,0.6651,0.0068,0.6719
261240,매매기준율,현물+달러금리,2017-02-01,-0.2608,-0.8837,0.0014,-0.8823
261240,매매기준율,현물+달러금리,2017-02-02,-0.9832,-0.5194,0.0014,-0.518
261240,매매기준율,현물+달러금리,2017-02-03,0.0528,-0.2088,0.0014,-0.2074
261240,매매기준율,현물+달러금리,2017-02-06,-0.834,-0.7935,0.0041,-0.7894
261240,매매기준율,현물+달러금리,2017-02-07,0.5217,0.3867,0.0015,0.3882
261240,매매기준율,현물+달러금리,2017-02-08,0.1589,0.2889,0.0015,0.2904
261240,매매기준율,현물+달러금리,2017-02-09,0.0,0.0262,0.0015,0.0276
261240,매매기준율,현물+달러금리,2017-02-10,0.3172,0.4975,0.0015,0.499
261240,매매기준율,현물+달러금리,2017-02-13,0.1581,0.0434,0.0044,0.0479
261240,매매기준율,현물+달러금리,2017-02-14,-1.1997,-0.6424,0.0014,-0.641
261240,매매기준율,현물+달러금리,2017-02-15,0.2556,-0.2534,0.0015,-0.2519
261240,매매기준율,현물+달러금리,2017-02-16,0.0,-0.2365,0.0015,-0.2351
261240,매매기준율,현물+달러금리,2017-02-17,0.5312,0.5619,0.0014,0.5634
261240,매매기준율,현물+달러금리,2017-02-20,0.1585,0.2008,0.0043,0.2051
261240,매매기준율,현물+달러금리,2017-02-21,-0.211,-0.0697,0.0014,-0.0683
261240,매매기준율,현물+달러금리,2017-02-22,-0.2644,-0.5145,0.0015,-0.513
261240,매매기준율,현물+달러금리,2017-02-23,-0.4135,-0.1841,0.0014,-0.1826
261240,매매기준율,현물+달러금리,2017-02-24,-0.5855,-0.6849,0.0014,-0.6835
261240,매매기준율,현물+달러금리,2017-02-27,0.2677,0.0973,0.0042,0.1015
261240,매매기준율,현물+달러금리,2017-02-28,-0.2136,0.0177,0.0014,0.019
261240,매매기준율,현물+달러금리,2017-03-02,0.8456,0.8567,0.0029,0.8596
261240,매매기준율,현물+달러금리,2017-03-03,1.3691,0.937,0.0018,0.9388
261240,매매기준율,현물+달러금리,2017-03-06,0.0,0.295,0.0058,0.3007
261240,매매기준율,현물+달러금리,2017-03-07,-0.7748,-0.4238,0.002,-0.4218
261240,매매기준율,현물+달러금리,2017-03-08,-0.1055,-0.3996,0.0021,-0.3975
261240,매매기준율,현물+달러금리,2017-03-09,1.0986,0.8285,0.002,0.8305
261240,매매기준율,현물+달러금리,2017-03-10,-0.209,0.1816,0.002,0.1836
261240,매매기준율,현물+달러금리,2017-03-13,-0.9318,-0.9066,0.006,-0.9006
261240,매매기준율,현물+달러금리,2017-03-14,0.1585,-0.0349,0.0021,-0.0327
261240,매매기준율,현물+달러금리,2017-03-15,-0.211,-0.0872,0.0021,-0.0851
261240,매매기준율,현물+달러금리,2017-03-16,-0.994,-1.2737,0.002,-1.2717
261240,매매기준율,현물+달러금리,2017-03-17,-0.1068,-0.0265,0.002,-0.0245
261240,매매기준율,현물+달러금리,2017-03-20,-0.9516,-0.6099,0.0059,-0.604
261240,매매기준율,현물+달러금리,2017-03-21,-0.2159,-0.6225,0.0021,-0.6205
261240,매매기준율,현물+달러금리,2017-03-22,0.4868,0.5638,0.0021,0.5659
261240,매매기준율,현물+달러금리,2017-03-23,-0.2691,-0.3381,0.0021,-0.3361
261240,매매기준율,현물+달러금리,2017-03-24,0.1619,0.2411,0.0021,0.2431
261240,매매기준율,현물+달러금리,2017-03-27,-0.8622,-0.7571,0.0063,-0.7508
261240,매매기준율,현물+달러금리,2017-03-28,0.0544,-0.1526,0.0021,-0.1505
261240,매매기준율,현물+달러금리,2017-03-29,0.1086,0.1348,0.0021,0.1369
261240,매매기준율,현물+달러금리,2017-03-30,0.2713,0.1885,0.0021,0.1906
261240,매매기준율,현물+달러금리,2017-03-31,0.1082,0.2867,0.0021,0.2888
261240,매매기준율,현물+달러금리,2017-04-03,-0.2703,-0.4914,0.0062,-0.4852
261240,매매기준율,현물+달러금리,2017-04-04,0.4337,0.4579,0.0021,0.46
261240,매매기준율,현물+달러금리,2017-04-05,0.367,0.4558,0.0021,0.458
261240,매매기준율,현물+달러금리,2017-04-06,0.6453,0.6228,0.0022,0.625
261240,매매기준율,현물+달러금리,2017-04-07,0.2672,0.3183,0.0021,0.3204
261240,매매기준율,현물+달러금리,2017-04-10,0.6821,0.617,0.0067,0.6237
261240,매매기준율,현물+달러금리,2017-04-11,0.4234,0.3679,0.0022,0.3701
261240,매매기준율,현물+달러금리,2017-04-12,-0.5797,-0.0524,0.0022,-0.0501
261240,매매기준율,현물+달러금리,2017-04-13,-0.8376,-1.1614,0.0022,-1.1592
261240,매매기준율,현물+달러금리,2017-04-14,0.7377,0.6096,0.0022,0.6118
261240,매매기준율,현물+달러금리,2017-04-17,-0.1061,-0.202,0.0066,-0.1954
261240,매매기준율,현물+달러금리,2017-04-18,0.2656,0.1232,0.0022,0.1254
261240,매매기준율,현물+달러금리,2017-04-19,-0.106,0.167,0.0022,0.1692
261240,매매기준율,현물+달러금리,2017-04-20,-0.1061,0.1404,0.0022,0.1426
261240,매매기준율,현물+달러금리,2017-04-21,-0.5203,-0.4205,0.0021,-0.4184
261240,매매기준율,현물+달러금리,2017-04-24,-0.1601,-0.4311,0.0064,-0.4247
261240,매매기준율,현물+달러금리,2017-04-25,-0.5346,-0.106,0.0022,-0.1038
261240,매매기준율,현물+달러금리,2017-04-26,0.1075,-0.4777,0.0022,-0.4755
261240,매매기준율,현물+달러금리,2017-04-27,0.3221,0.4444,0.0022,0.4467
261240,매매기준율,현물+달러금리,2017-04-28,0.5887,0.292,0.0022,0.2942
261240,매매기준율,현물+달러금리,2017-05-02,-0.3724,-0.2382,0.0087,-0.2296
261240,매매기준율,현물+달러금리,2017-05-04,0.0534,0.1238,0.0044,0.1283
261240,매매기준율,현물+달러금리,2017-05-08,0.0534,0.0265,0.0092,0.0357
261240,매매기준율,현물+달러금리,2017-05-10,0.2134,0.1854,0.0049,0.1904
261240,매매기준율,현물+달러금리,2017-05-11,-0.5323,-0.3614,0.0024,-0.359
261240,매매기준율,현물+달러금리,2017-05-12,-0.107,-0.3185,0.0024,-0.3161
261240,매매기준율,현물+달러금리,2017-05-15,-0.2679,-0.1242,0.0071,-0.1172
261240,매매기준율,현물+달러금리,2017-05-16,-0.6876,-0.6842,0.0024,-0.6818
261240,매매기준율,현물+달러금리,2017-05-17,0.1623,0.0626,0.0024,0.0651
261240,매매기준율,현물+달러금리,2017-05-18,0.6372,0.608,0.0024,0.6105
261240,매매기준율,현물+달러금리,2017-05-19,0.0,0.2044,0.0025,0.2069
261240,매매기준율,현물+달러금리,2017-05-22,-0.5795,-0.9224,0.0074,-0.9151
261240,매매기준율,현물+달러금리,2017-05-23,0.367,0.3133,0.0025,0.3158
261240,매매기준율,현물+달러금리,2017-05-24,0.3764,0.5354,0.0025,0.5379
261240,매매기준율,현물+달러금리,2017-05-25,-1.0072,-0.7634,0.0025,-0.7609
261240,매매기준율,현물+달러금리,2017-05-26,0.3247,0.1342,0.0025,0.1367
261240,매매기준율,현물+달러금리,2017-05-29,0.2158,0.0536,0.0076,0.0612
261240,매매기준율,현물+달러금리,2017-05-30,0.2045,0.3393,0.0025,0.3418
261240,매매기준율,현물+달러금리,2017-05-31,-0.3653,-0.1868,0.0025,-0.1843
261240,매매기준율,현물+달러금리,2017-06-01,0.1617,-0.1248,0.0026,-0.1222
261240,매매기준율,현물+달러금리,2017-06-02,0.0538,0.0446,0.0026,0.0473
261240,매매기준율,현물+달러금리,2017-06-05,-0.3228,-0.223,0.0079,-0.2152
261240,매매기준율,현물+달러금리,2017-06-07,0.475,0.3219,0.0052,0.3271
261240,매매기준율,현물+달러금리,2017-06-08,-0.2041,0.2674,0.0027,0.2701
261240,매매기준율,현물+달러금리,2017-06-09,0.0538,-0.3022,0.0027,-0.2995
261240,매매기준율,현물+달러금리,2017-06-12,0.4734,0.3923,0.0081,0.4005
261240,매매기준율,현물+달러금리,2017-06-13,0.0,0.2575,0.0027,0.2602
261240,매매기준율,현물+달러금리,2017-06-14,-0.3748,-0.2923,0.0027,-0.2896
261240,매매기준율,현물+달러금리,2017-06-15,0.0,-0.2488,0.0027,-0.2461
261240,매매기준율,현물+달러금리,2017-06-16,1.0749,0.9084,0.0027,0.9112
261240,매매기준율,현물+달러금리,2017-06-19,-0.1063,-0.1412,0.0083,-0.1329
261240,매매기준율,현물+달러금리,2017-06-20,0.2555,0.495,0.0028,0.4977
261240,매매기준율,현물+달러금리,2017-06-21,0.531,0.4573,0.0027,0.4601
261240,매매기준율,현물+달러금리,2017-06-22,-0.1584,-0.1226,0.0027,-0.1199
261240,매매기준율,현물+달러금리,2017-06-23,-0.1587,-0.0614,0.0026,-0.0588
261240,매매기준율,현물+달러금리,2017-06-26,-0.1589,-0.4298,0.0078,-0.422
261240,매매기준율,현물+달러금리,2017-06-27,0.0,0.1057,0.0027,0.1084
261240,매매기준율,현물+달러금리,2017-06-28,0.4776,0.4664,0.0027,0.4691
261240,매매기준율,현물+달러금리,2017-06-29,-0.2113,-0.1839,0.0027,-0.1812
261240,매매기준율,현물+달러금리,2017-06-30,0.4234,0.3861,0.0028,0.3889
261240,매매기준율,현물+달러금리,2017-07-03,0.1581,0.0874,0.0083,0.0957
261240,매매기준율,현물+달러금리,2017-07-04,0.4631,0.3755,0.0028,0.3784
261240,매매기준율,현물+달러금리,2017-07-05,-0.1048,0.0,0.0028,0.0028
261240,매매기준율,현물+달러금리,2017-07-06,0.6292,0.3654,0.0028,0.3683
261240,매매기준율,현물+달러금리,2017-07-07,-0.2084,0.1994,0.0028,0.2022
261240,매매기준율,현물+달러금리,2017-07-10,-0.3655,-0.5105,0.0085,-0.502
261240,매매기준율,현물+달러금리,2017-07-11,0.0524,0.0174,0.0028,0.0202
261240,매매기준율,현물+달러금리,2017-07-12,-0.5657,-0.3913,0.0028,-0.3885
261240,매매기준율,현물+달러금리,2017-07-13,-0.6321,-0.7071,0.0028,-0.7043
261240,매매기준율,현물+달러금리,2017-07-14,-0.212,-0.1319,0.0028,-0.129
261240,매매기준율,현물+달러금리,2017-07-17,-0.4675,-0.6866,0.0084,-0.6783
261240,매매기준율,현물+달러금리,2017-07-18,-0.427,-0.1684,0.0029,-0.1655
261240,매매기준율,현물+달러금리,2017-07-19,-0.2144,-0.3995,0.0029,-0.3967
261240,매매기준율,현물+달러금리,2017-07-20,0.4297,0.2763,0.003,0.2793
261240,매매기준율,현물+달러금리,2017-07-21,-0.6312,-0.3289,0.0031,-0.3258
261240,매매기준율,현물+달러금리,2017-07-24,-0.3768,-0.4549,0.0094,-0.4455
261240,매매기준율,현물+달러금리,2017-07-25,0.1081,0.0,0.0032,0.0032
261240,매매기준율,현물+달러금리,2017-07-26,0.5289,0.3763,0.0032,0.3795
261240,매매기준율,현물+달러금리,2017-07-27,-0.7409,-0.6962,0.003,-0.6932
261240,매매기준율,현물+달러금리,2017-07-28,0.6923,0.5933,0.003,0.5963
261240,매매기준율,현물+달러금리,2017-07-31,-0.1074,0.2502,0.0087,0.2589
261240,매매기준율,현물+달러금리,2017-08-01,-0.043,-0.3476,0.0029,-0.3448
261240,매매기준율,현물+달러금리,2017-08-02,0.4734,0.4651,0.0029,0.468
261240,매매기준율,현물+달러금리,2017-08-03,0.3748,0.3917,0.0029,0.3947
261240,매매기준율,현물+달러금리,2017-08-04,-0.4268,-0.1951,0.0029,-0.1922
261240,매매기준율,현물+달러금리,2017-08-07,0.375,0.1688,0.0087,0.1776
261240,매매기준율,현물+달러금리,2017-08-08,-0.1601,-0.1685,0.0028,-0.1658
261240,매매기준율,현물+달러금리,2017-08-09,0.7912,0.8264,0.0028,0.8292
261240,매매기준율,현물+달러금리,2017-08-10,0.4243,0.564,0.0028,0.5669
261240,매매기준율,현물+달러금리,2017-08-11,0.1584,0.4557,0.0028,0.4585
261240,매매기준율,현물+달러금리,2017-08-14,-0.1055,-0.7066,0.0083,-0.6984
261240,매매기준율,현물+달러금리,2017-08-16,-0.0528,0.123,0.0055,0.1285
261240,매매기준율,현물+달러금리,2017-08-17,-0.3697,-0.3247,0.0027,-0.3219
261240,매매기준율,현물+달러금리,2017-08-18,0.5301,0.537,0.0027,0.5397
261240,매매기준율,현물+달러금리,2017-08-21,-0.1582,-0.324,0.0082,-0.3158
261240,매매기준율,현물+달러금리,2017-08-22,-0.4753,-0.2372,0.0027,-0.2345
261240,매매기준율,현물+달러금리,2017-08-23,-0.2017,-0.4139,0.0027,-0.4112
261240,매매기준율,현물+달러금리,2017-08-24,-0.2659,-0.3183,0.0027,-0.3157
261240,매매기준율,현물+달러금리,2017-08-25,0.0533,0.1685,0.0027,0.1713
261240,매매기준율,현물+달러금리,2017-08-28,-0.746,-0.7793,0.0083,-0.7711
261240,매매기준율,현물+달러금리,2017-08-29,0.3221,0.5177,0.0027,0.5203
261240,매매기준율,현물+달러금리,2017-08-30,0.0,-0.3019,0.0028,-0.2991
261240,매매기준율,현물+달러금리,2017-08-31,0.3746,0.2672,0.0028,0.27
261240,매매기준율,현물+달러금리,2017-09-01,-0.3732,-0.2754,0.0027,-0.2727
261240,매매기준율,현물+달러금리,2017-09-04,0.8456,0.7838,0.0082,0.7921
261240,매매기준율,현물+달러금리,2017-09-05,-0.1592,-0.0177,0.0027,-0.0149
261240,매매기준율,현물+달러금리,2017-09-06,0.3189,0.2121,0.0028,0.2149
261240,매매기준율,현물+달러금리,2017-09-07,-0.4133,-0.3616,0.0029,-0.3588
261240,매매기준율,현물+달러금리,2017-09-08,-0.1596,-0.2479,0.0028,-0.2451
261240,매매기준율,현물+달러금리,2017-09-11,0.3091,0.2396,0.0084,0.248
261240,매매기준율,현물+달러금리,2017-09-12,-0.255,0.0266,0.0028,0.0294
261240,매매기준율,현물+달러금리,2017-09-13,-0.1065,-0.2036,0.0028,-0.2008
261240,매매기준율,현물+달러금리,2017-09-14,0.3092,0.4435,0.0028,0.4463
261240,매매기준율,현물+달러금리,2017-09-15,-0.0957,0.0883,0.0028,0.0911
261240,매매기준율,현물+달러금리,2017-09-18,-0.266,-0.494,0.0085,-0.4856
261240,매매기준율,현물+달러금리,2017-09-19,0.2134,0.1862,0.0028,0.189
261240,매매기준율,현물+달러금리,2017-09-20,-0.0532,-0.0796,0.0028,-0.0768
261240,매매기준율,현물+달러금리,2017-09-21,0.3622,0.3277,0.0028,0.3305
261240,매매기준율,현물+달러금리,2017-09-22,0.3715,0.309,0.0028,0.3118
261240,매매기준율,현물+달러금리,2017-09-25,-0.423,-0.4928,0.0083,-0.4846
261240,매매기준율,현물+달러금리,2017-09-26,0.4779,0.4953,0.0028,0.4981
261240,매매기준율,현물+달러금리,2017-09-27,0.1057,0.2728,0.0029,0.2757
261240,매매기준율,현물+달러금리,2017-09-28,0.9396,0.6407,0.0029,0.6436
261240,매매기준율,현물+달러금리,2017-09-29,-0.3138,-0.0872,0.0028,-0.0844
261240,매매기준율,현물+달러금리,2017-10-10,-0.7764,-0.6546,0.0313,-0.6235
261240,매매기준율,현물+달러금리,2017-10-11,-0.0529,-0.2636,0.0029,-0.2607
261240,매매기준율,현물+달러금리,2017-10-12,-0.2116,-0.1321,0.003,-0.1292
261240,매매기준율,현물+달러금리,2017-10-13,-0.3075,-0.2558,0.0029,-0.2529
261240,매매기준율,현물+달러금리,2017-10-16,-0.1063,-0.3095,0.0088,-0.3007
261240,매매기준율,현물+달러금리,2017-10-17,0.362,0.3637,0.003,0.3667
261240,매매기준율,현물+달러금리,2017-10-18,-0.3076,-0.0884,0.0029,-0.0855
261240,매매기준율,현물+달러금리,2017-10-19,0.3086,0.1681,0.0029,0.171
261240,매매기준율,현물+달러금리,2017-10-20,-0.053,-0.0353,0.003,-0.0324
261240,매매기준율,현물+달러금리,2017-10-23,-0.1061,0.0,0.009,0.009
261240,매매기준율,현물+달러금리,2017-10-24,-0.255,-0.318,0.003,-0.3151
261240,매매기준율,현물+달러금리,2017-10-25,0.0533,0.0,0.003,0.003
261240,매매기준율,현물+달러금리,2017-10-26,-0.2662,-0.3191,0.003,-0.3161
261240,매매기준율,현물+달러금리,2017-10-27,0.4697,0.4712,0.003,0.4742
261240,매매기준율,현물+달러금리,2017-10-30,-0.4675,-0.4425,0.0089,-0.4336
261240,매매기준율,현물+달러금리,2017-10-31,-0.3736,-0.3378,0.003,-0.3348
261240,매매기준율,현물+달러금리,2017-11-01,-0.525,-0.3924,0.0031,-0.3894
261240,매매기준율,현물+달러금리,2017-11-02,0.0,-0.3134,0.0032,-0.3102
261240,매매기준율,현물+달러금리,2017-11-03,-0.0539,-0.0539,0.0032,-0.0507
261240,매매기준율,현물+달러금리,2017-11-06,0.1078,0.3595,0.0095,0.3691
261240,매매기준율,현물+달러금리,2017-11-07,-0.2691,-0.4567,0.0032,-0.4535
261240,매매기준율,현물+달러금리,2017-11-08,0.3238,0.2429,0.0033,0.2462
261240,매매기준율,현물+달러금리,2017-11-09,-0.0538,0.0,0.0033,0.0033
261240,매매기준율,현물+달러금리,2017-11-10,0.1507,0.2603,0.0033,0.2636
261240,매매기준율,현물+달러금리,2017-11-13,0.3762,0.3133,0.0099,0.3233
261240,매매기준율,현물+달러금리,2017-11-14,-0.3213,-0.1963,0.0033,-0.193
261240,매매기준율,현물+달러금리,2017-11-15,-0.419,-0.3666,0.0034,-0.3632
261240,매매기준율,현물+달러금리,2017-11-16,-1.0141,-0.9243,0.0034,-0.9209
261240,매매기준율,현물+달러금리,2017-11-17,-0.3815,-0.7246,0.0034,-0.7212
261240,매매기준율,현물+달러금리,2017-11-20,0.2735,0.2555,0.0104,0.2658
261240,매매기준율,현물+달러금리,2017-11-21,-0.3819,-0.1456,0.0035,-0.1421
261240,매매기준율,현물+달러금리,2017-11-22,-0.6462,-0.5468,0.0035,-0.5433
261240,매매기준율,현물+달러금리,2017-11-23,-0.2756,-0.2841,0.0035,-0.2806
261240,매매기준율,현물+달러금리,2017-11-24,-0.0553,-0.2941,0.0035,-0.2906
261240,매매기준율,현물+달러금리,2017-11-27,0.3318,0.2396,0.0104,0.25
261240,매매기준율,현물+달러금리,2017-11-28,-0.3858,0.0644,0.0034,0.0678
261240,매매기준율,현물+달러금리,2017-11-29,-0.664,-0.5421,0.0035,-0.5386
261240,매매기준율,현물+달러금리,2017-11-30,1.0027,0.2494,0.0035,0.2529
261240,매매기준율,현물+달러금리,2017-12-01,-0.2758,0.1843,0.0034,0.1877
261240,매매기준율,현물+달러금리,2017-12-04,0.3871,0.1104,0.0103,0.1207
261240,매매기준율,현물+달러금리,2017-12-05,-0.4958,-0.3675,0.0035,-0.3641
261240,매매기준율,현물+달러금리,2017-12-06,0.8748,0.7009,0.0035,0.7044
261240,매매기준율,현물+달러금리,2017-12-07,0.0549,0.0733,0.0035,0.0768
261240,매매기준율,현물+달러금리,2017-12-08,-0.0549,0.0641,0.0035,0.0675
261240,매매기준율,현물+달러금리,2017-12-11,-0.0549,-0.0915,0.0104,-0.0811
261240,매매기준율,현물+달러금리,2017-12-12,0.0,-0.2105,0.0036,-0.207
261240,매매기준율,현물+달러금리,2017-12-13,-0.1098,0.1651,0.0036,0.1687
261240,매매기준율,현물+달러금리,2017-12-14,-0.3738,-0.4762,0.0035,-0.4727
261240,매매기준율,현물+달러금리,2017-12-15,0.2207,0.2393,0.0036,0.2428
261240,매매기준율,현물+달러금리,2017-12-18,-0.0551,-0.0184,0.0106,-0.0078
261240,매매기준율,현물+달러금리,2017-12-19,-0.3305,-0.2112,0.0037,-0.2075
261240,매매기준율,현물+달러금리,2017-12-20,-0.3869,-0.3589,0.0037,-0.3552
261240,매매기준율,현물+달러금리,2017-12-21,0.1665,-0.2124,0.0037,-0.2087
261240,매매기준율,현물+달러금리,2017-12-22,-0.4432,-0.1296,0.0036,-0.1259
261240,매매기준율,현물+달러금리,2017-12-26,-0.1558,-0.1946,0.0144,-0.1803
261240,매매기준율,현물+달러금리,2017-12-27,-0.2229,-0.1764,0.004,-0.1724
261240,매매기준율,현물+달러금리,2017-12-28,-0.2793,-0.3534,0.0039,-0.3495
261240,매매기준율,현물+달러금리,2018-01-02,-0.997,-0.6627,0.0188,-0.644
261240,매매기준율,현물+달러금리,2018-01-03,0.4413,0.1034,0.0039,0.1072
261240,매매기준율,현물+달러금리,2018-01-04,-0.214,0.0094,0.0038,0.0132
261240,매매기준율,현물+달러금리,2018-01-05,0.0,-0.3191,0.0038,-0.3153
261240,매매기준율,현물+달러금리,2018-01-08,0.3838,0.2919,0.0113,0.3032
261240,매매기준율,현물+달러금리,2018-01-09,0.1125,0.1784,0.0039,0.1823
261240,매매기준율,현물+달러금리,2018-01-10,0.5055,0.3374,0.0039,0.3413
261240,매매기준율,현물+달러금리,2018-01-11,0.0,0.0467,0.0038,0.0505
261240,매매기준율,현물+달러금리,2018-01-12,-0.6706,-0.6068,0.0039,-0.603
261240,매매기준율,현물+달러금리,2018-01-15,-0.225,-0.3193,0.0116,-0.3078
261240,매매기준율,현물+달러금리,2018-01-16,0.0,0.2544,0.0039,0.2583
261240,매매기준율,현물+달러금리,2018-01-17,0.6203,0.1692,0.0039,0.1731
261240,매매기준율,현물+달러금리,2018-01-18,0.1681,0.3378,0.0039,0.3417
261240,매매기준율,현물+달러금리,2018-01-19,-0.5035,-0.1964,0.0039,-0.1925
261240,매매기준율,현물+달러금리,2018-01-22,0.3374,0.1499,0.0117,0.1616
261240,매매기준율,현물+달러금리,2018-01-23,0.056,0.0748,0.0039,0.0788
261240,매매기준율,현물+달러금리,2018-01-24,0.0,0.0841,0.0039,0.088
261240,매매기준율,현물+달러금리,2018-01-25,-0.885,-0.8313,0.0039,-0.8275
261240,매매기준율,현물+달러금리,2018-01-26,0.4973,0.292,0.0038,0.2958
261240,매매기준율,현물+달러금리,2018-01-29,0.0562,0.0,0.0114,0.0114
261240,매매기준율,현물+달러금리,2018-01-30,0.843,0.6292,0.0039,0.6332
261240,매매기준율,현물+달러금리,2018-01-31,-0.5016,-0.0467,0.0039,-0.0428
261240,매매기준율,현물+달러금리,2018-02-01,0.3361,0.0093,0.0039,0.0133
261240,매매기준율,현물+달러금리,2018-02-02,0.7703,0.5228,0.004,0.5268
261240,매매기준율,현물+달러금리,2018-02-05,0.6537,1.2167,0.012,1.2288
261240,매매기준율,현물+달러금리,2018-02-06,0.2201,0.4129,0.0041,0.417
261240,매매기준율,현물+달러금리,2018-02-07,-0.2636,-1.0052,0.0041,-1.0011
261240,매매기준율,현물+달러금리,2018-02-08,0.0,0.4154,0.0042,0.4196
261240,매매기준율,현물+달러금리,2018-02-09,0.3744,0.4505,0.0042,0.4547
261240,매매기준율,현물+달러금리,2018-02-12,-0.5376,-0.8511,0.0126,-0.8386
261240,매매기준율,현물+달러금리,2018-02-13,-0.0552,-0.0554,0.0044,-0.051
261240,매매기준율,현물+달러금리,2018-02-14,-0.6622,-0.2678,0.0043,-0.2635
261240,매매기준율,현물+달러금리,2018-02-19,-0.7666,-1.102,0.0214,-1.0808
261240,매매기준율,현물+달러금리,2018-02-20,0.3918,0.2154,0.0044,0.2197
261240,매매기준율,현물+달러금리,2018-02-21,0.3792,0.4672,0.0045,0.4717
261240,매매기준율,현물+달러금리,2018-02-22,0.6666,0.7068,0.0044,0.7112
261240,매매기준율,현물+달러금리,2018-02-23,-0.3863,-0.4063,0.0044,-0.4019
261240,매매기준율,현물+달러금리,2018-02-26,-0.4986,-0.4451,0.0132,-0.4319
261240,매매기준율,현물+달러금리,2018-02-27,-0.1559,-0.2515,0.0045,-0.247
261240,매매기준율,현물+달러금리,2018-02-28,0.881,1.0177,0.0045,1.0223
261240,매매기준율,현물+달러금리,2018-03-02,-0.0553,-0.0555,0.0089,-0.0465
261240,매매기준율,현물+달러금리,2018-03-05,0.1659,-0.074,0.0133,-0.0607
261240,매매기준율,현물+달러금리,2018-03-06,-0.6073,-0.472,0.0046,-0.4674
261240,매매기준율,현물+달러금리,2018-03-07,-0.5444,-0.623,0.0045,-0.6185
261240,매매기준율,현물+달러금리,2018-03-08,-0.0559,-0.0281,0.0045,-0.0236
261240,매매기준율,현물+달러금리,2018-03-09,0.0,0.0749,0.0045,0.0794
261240,매매기준율,현물+달러금리,2018-03-12,-0.4471,-0.4583,0.0135,-0.4449
261240,매매기준율,현물+달러금리,2018-03-13,0.3368,0.1409,0.0046,0.1455
261240,매매기준율,현물+달러금리,2018-03-14,-0.2797,0.0,0.0047,0.0047
261240,매매기준율,현물+달러금리,2018-03-15,0.1683,0.0,0.0047,0.0047
261240,매매기준율,현물+달러금리,2018-03-16,0.0,0.3565,0.0048,0.3613
261240,매매기준율,현물+달러금리,2018-03-19,0.5041,0.1496,0.0144,0.164
261240,매매기준율,현물+달러금리,2018-03-20,-0.2786,-0.0187,0.0048,-0.0138
261240,매매기준율,현물+달러금리,2018-03-21,0.2794,0.0373,0.0049,0.0422
261240,매매기준율,현물+달러금리,2018-03-22,-0.1115,-0.2053,0.0047,-0.2007
261240,매매기준율,현물+달러금리,2018-03-23,0.9931,1.0849,0.0046,1.0896
261240,매매기준율,현물+달러금리,2018-03-26,-0.1105,0.037,0.0141,0.0511
261240,매매기준율,현물+달러금리,2018-03-27,-0.8738,-0.8324,0.0048,-0.8276
261240,매매기준율,현물+달러금리,2018-03-28,0.0,-0.2611,0.0048,-0.2564
261240,매매기준율,현물+달러금리,2018-03-29,-0.3347,-0.2712,0.0047,-0.2665
261240,매매기준율,현물+달러금리,2018-03-30,-0.2239,-0.1969,0.0047,-0.1923
261240,매매기준율,현물+달러금리,2018-04-02,-0.662,-0.5919,0.014,-0.578
261240,매매기준율,현물+달러금리,2018-04-03,-0.3389,-0.0284,0.0048,-0.0236
261240,매매기준율,현물+달러금리,2018-04-04,0.5554,-0.0189,0.0047,-0.0142
261240,매매기준율,현물+달러금리,2018-04-05,0.0564,0.1797,0.0046,0.1843
261240,매매기준율,현물+달러금리,2018-04-06,0.9575,0.6135,0.0046,0.6182
261240,매매기준율,현물+달러금리,2018-04-09,-0.1674,0.1407,0.014,0.1547
261240,매매기준율,현물+달러금리,2018-04-10,-0.0559,0.0187,0.0047,0.0235
261240,매매기준율,현물+달러금리,2018-04-11,0.0,-0.1218,0.0047,-0.1171
261240,매매기준율,현물+달러금리,2018-04-12,0.2796,0.2157,0.0047,0.2203
261240,매매기준율,현물+달러금리,2018-04-13,-0.1115,0.1216,0.0047,0.1264
261240,매매기준율,현물+달러금리,2018-04-16,0.3796,0.2897,0.0142,0.304
261240,매매기준율,현물+달러금리,2018-04-17,-0.4338,-0.438,0.0048,-0.4332
261240,매매기준율,현물+달러금리,2018-04-18,0.0,-0.1778,0.0048,-0.173
261240,매매기준율,현물+달러금리,2018-04-19,-0.5585,-0.2813,0.0049,-0.2764
261240,매매기준율,현물+달러금리,2018-04-20,0.5617,0.3573,0.0049,0.3622
261240,매매기준율,현물+달러금리,2018-04-23,0.2234,0.1499,0.0146,0.1646
261240,매매기준율,현물+달러금리,2018-04-24,0.7133,0.7484,0.005,0.7535
261240,매매기준율,현물+달러금리,2018-04-25,0.2213,0.1671,0.005,0.1722
261240,매매기준율,현물+달러금리,2018-04-26,0.2208,0.0927,0.005,0.0977
261240,매매기준율,현물+달러금리,2018-04-27,-0.4407,-0.3242,0.0049,-0.3193
261240,매매기준율,현물+달러금리,2018-04-30,-0.7083,-0.8084,0.0146,-0.7939
261240,매매기준율,현물+달러금리,2018-05-02,0.6019,0.6932,0.0101,0.7034
261240,매매기준율,현물+달러금리,2018-05-03,0.1108,0.1489,0.005,0.1538
261240,매매기준율,현물+달러금리,2018-05-04,0.0553,0.0186,0.0049,0.0235
261240,매매기준율,현물+달러금리,2018-05-08,-0.1106,0.1393,0.0197,0.1591
261240,매매기준율,현물+달러금리,2018-05-09,0.5536,0.2875,0.005,0.2926
261240,매매기준율,현물+달러금리,2018-05-10,-0.7158,-0.5549,0.0051,-0.5498
261240,매매기준율,현물+달러금리,2018-05-11,-0.3327,-0.6231,0.0051,-0.618
261240,매매기준율,현물+달러금리,2018-05-14,-0.2671,-0.1872,0.0155,-0.1717
261240,매매기준율,현물+달러금리,2018-05-15,0.7141,0.5625,0.0052,0.5678
261240,매매기준율,현물+달러금리,2018-05-16,0.277,0.5687,0.0052,0.5739
261240,매매기준율,현물+달러금리,2018-05-17,0.2762,0.0556,0.0052,0.0608
261240,매매기준율,현물+달러금리,2018-05-18,-0.1653,0.0649,0.0052,0.07
261240,매매기준율,현물+달러금리,2018-05-21,0.6511,0.3519,0.0154,0.3673
261240,매매기준율,현물+달러금리,2018-05-23,-0.4276,-0.4613,0.0104,-0.451
261240,매매기준율,현물+달러금리,2018-05-24,0.0,0.0834,0.0052,0.0886
261240,매매기준율,현물+달러금리,2018-05-25,-0.1652,-0.0926,0.0051,-0.0875
261240,매매기준율,현물+달러금리,2018-05-28,-0.3861,-0.5099,0.0153,-0.4947
261240,매매기준율,현물+달러금리,2018-05-29,0.2768,0.2702,0.0051,0.2753
261240,매매기준율,현물+달러금리,2018-05-30,0.2208,0.4832,0.0052,0.4885
261240,매매기준율,현물+달러금리,2018-05-31,-0.1653,-0.4532,0.0052,-0.448
261240,매매기준율,현물+달러금리,2018-06-01,-0.1104,-0.0372,0.0052,-0.032
261240,매매기준율,현물+달러금리,2018-06-04,-0.3867,-0.474,0.0155,-0.4586
261240,매매기준율,현물+달러금리,2018-06-05,-0.1109,-0.1214,0.0052,-0.1162
261240,매매기준율,현물+달러금리,2018-06-07,-0.1666,-0.1589,0.0105,-0.1485
261240,매매기준율,현물+달러금리,2018-06-08,0.6117,0.4963,0.0052,0.5015
261240,매매기준율,현물+달러금리,2018-06-11,-0.0553,0.028,0.0155,0.0435
261240,매매기준율,현물+달러금리,2018-06-12,0.3318,0.149,0.0052,0.1543
261240,매매기준율,현물+달러금리,2018-06-14,0.3748,0.6883,0.0104,0.6987
261240,매매기준율,현물+달러금리,2018-06-15,1.4717,0.8222,0.0052,0.8274
261240,매매기준율,현물+달러금리,2018-06-18,0.6386,1.1911,0.0156,1.2069
261240,매매기준율,현물+달러금리,2018-06-19,0.3227,0.0996,0.0052,0.1048
261240,매매기준율,현물+달러금리,2018-06-20,-0.2144,0.2261,0.0052,0.2314
261240,매매기준율,현물+달러금리,2018-06-21,0.5372,0.0903,0.0052,0.0955
261240,매매기준율,현물+달러금리,2018-06-22,-0.374,-0.009,0.0052,-0.0038
261240,매매기준율,현물+달러금리,2018-06-25,0.9546,0.6493,0.0155,0.6649
261240,매매기준율,현물+달러금리,2018-06-26,-0.3081,-0.0806,0.0052,-0.0754
261240,매매기준율,현물+달러금리,2018-06-27,0.3091,0.2421,0.0052,0.2473
261240,매매기준율,현물+달러금리,2018-06-28,0.5844,0.3399,0.0052,0.3451
261240,매매기준율,현물+달러금리,2018-06-29,-0.8873,-0.4012,0.0052,-0.396
261240,매매기준율,현물+달러금리,2018-07-02,0.5222,0.0179,0.0155,0.0334
261240,매매기준율,현물+달러금리,2018-07-03,-0.053,0.3311,0.0053,0.3365
261240,매매기준율,현물+달러금리,2018-07-04,-0.3076,-0.5173,0.0053,-0.5121
261240,매매기준율,현물+달러금리,2018-07-05,0.2022,0.278,0.0053,0.2833
261240,매매기준율,현물+달러금리,2018-07-06,-0.2018,-0.0536,0.0053,-0.0484
261240,매매기준율,현물+달러금리,2018-07-09,-0.3192,-0.492,0.0159,-0.4763
261240,매매기준율,현물+달러금리,2018-07-10,0.4697,0.1349,0.0053,0.1402
261240,매매기준율,현물+달러금리,2018-07-11,0.2656,0.6285,0.0053,0.6339
261240,매매기준율,현물+달러금리,2018-07-12,0.6358,0.6246,0.0053,0.6299
261240,매매기준율,현물+달러금리,2018-07-13,-0.1053,-0.3901,0.0053,-0.3848
261240,매매기준율,현물+달러금리,2018-07-16,0.3584,0.4718,0.0159,0.4878
261240,매매기준율,현물+달러금리,2018-07-17,-0.3571,-0.3101,0.0054,-0.3047
261240,매매기준율,현물+달러금리,2018-07-18,0.6219,0.3288,0.0054,0.3343
261240,매매기준율,현물+달러금리,2018-07-19,0.1048,0.2037,0.0054,0.2091
261240,매매기준율,현물+달러금리,2018-07-20,-0.0523,0.3182,0.0054,0.3236
261240,매매기준율,현물+달러금리,2018-07-23,-0.0524,-0.5552,0.016,-0.5392
261240,매매기준율,현물+달러금리,2018-07-24,0.3143,0.5937,0.0054,0.5991
261240,매매기준율,현물+달러금리,2018-07-25,-0.7206,-0.6783,0.0054,-0.6729
261240,매매기준율,현물+달러금리,2018-07-26,-0.7363,-0.7007,0.0054,-0.6953
261240,매매기준율,현물+달러금리,2018-07-27,-0.053,0.0357,0.0053,0.0411
261240,매매기준율,현물+달러금리,2018-07-30,0.106,-0.2946,0.0161,-0.2786
261240,매매기준율,현물+달러금리,2018-07-31,0.053,0.1075,0.0055,0.113
261240,매매기준율,현물+달러금리,2018-08-01,0.1059,0.1252,0.0055,0.1307
261240,매매기준율,현물+달러금리,2018-08-02,0.423,0.2948,0.0055,0.3003
261240,매매기준율,현물+달러금리,2018-08-03,0.2527,0.4899,0.0054,0.4954
261240,매매기준율,현물+달러금리,2018-08-06,-0.4621,-0.4078,0.0162,-0.3916
261240,매매기준율,현물+달러금리,2018-08-07,0.1583,0.1958,0.0055,0.2014
261240,매매기준율,현물+달러금리,2018-08-08,-0.3687,-0.613,0.0055,-0.6075
261240,매매기준율,현물+달러금리,2018-08-09,-0.2115,-0.0804,0.0055,-0.0749
261240,매매기준율,현물+달러금리,2018-08-10,0.9431,0.7514,0.0055,0.757
261240,매매기준율,현물+달러금리,2018-08-13,0.5249,0.657,0.0165,0.6736
261240,매매기준율,현물+달러금리,2018-08-14,-0.4699,-0.1411,0.0056,-0.1356
261240,매매기준율,현물+달러금리,2018-08-16,0.2098,-0.1237,0.0112,-0.1125
261240,매매기준율,현물+달러금리,2018-08-17,-0.3665,-0.451,0.0056,-0.4455
261240,매매기준율,현물+달러금리,2018-08-20,-0.2522,-0.3465,0.0165,-0.33
261240,매매기준율,현물+달러금리,2018-08-21,-0.4214,-0.312,0.0056,-0.3065
261240,매매기준율,현물+달러금리,2018-08-22,0.0529,0.0447,0.0056,0.0503
261240,매매기준율,현물+달러금리,2018-08-23,0.2115,0.1877,0.0056,0.1933
261240,매매기준율,현물+달러금리,2018-08-24,-0.2638,0.0892,0.0056,0.0948
261240,매매기준율,현물+달러금리,2018-08-27,-0.3703,-0.6686,0.0168,-0.6518
261240,매매기준율,현물+달러금리,2018-08-28,-0.4141,-0.3859,0.0057,-0.3802
261240,매매기준율,현물+달러금리,2018-08-29,0.0533,-0.1081,0.0057,-0.1024
261240,매매기준율,현물+달러금리,2018-08-30,-0.0533,0.0,0.0057,0.0057
261240,매매기준율,현물+달러금리,2018-08-31,0.4159,0.4058,0.0057,0.4115
261240,매매기준율,현물+달러금리,2018-09-03,-0.2549,0.018,0.017,0.035
261240,매매기준율,현물+달러금리,2018-09-04,0.2555,0.0629,0.0057,0.0685
261240,매매기준율,현물+달러금리,2018-09-05,0.5841,0.3052,0.0057,0.3109
261240,매매기준율,현물+달러금리,2018-09-06,0.2639,0.3221,0.0058,0.3279
261240,매매기준율,현물+달러금리,2018-09-07,-0.2632,0.1695,0.0057,0.1752
261240,매매기준율,현물+달러금리,2018-09-10,0.7285,0.4452,0.0173,0.4625
261240,매매기준율,현물+달러금리,2018-09-11,-0.3564,-0.1152,0.0058,-0.1095
261240,매매기준율,현물+달러금리,2018-09-12,0.3576,0.0444,0.0058,0.0502
261240,매매기준율,현물+달러금리,2018-09-13,-0.4612,-0.5411,0.0058,-0.5353
261240,매매기준율,현물+달러금리,2018-09-14,-0.4738,-0.1784,0.0058,-0.1726
261240,매매기준율,현물+달러금리,2018-09-17,0.6771,0.6254,0.0174,0.643
261240,매매기준율,현물+달러금리,2018-09-18,-0.0946,0.0089,0.0058,0.0147
261240,매매기준율,현물+달러금리,2018-09-19,-0.3681,-0.293,0.0058,-0.2872
261240,매매기준율,현물+달러금리,2018-09-20,-0.0528,-0.276,0.0058,-0.2703
261240,매매기준율,현물+달러금리,2018-09-21,-0.2641,-0.2947,0.0058,-0.2889
261240,매매기준율,현물+달러금리,2018-09-27,-0.3707,-0.3493,0.0352,-0.3142
261240,매매기준율,현물+달러금리,2018-09-28,-0.3083,-0.2247,0.0059,-0.2188
261240,매매기준율,현물+달러금리,2018-10-01,0.3626,0.0631,0.0177,0.0807
261240,매매기준율,현물+달러금리,2018-10-02,0.6375,0.4951,0.006,0.5011
261240,매매기준율,현물+달러금리,2018-10-04,0.834,1.0659,0.012,1.0781
261240,매매기준율,현물+달러금리,2018-10-05,0.0524,0.2127,0.006,0.2187
261240,매매기준율,현물+달러금리,2018-10-08,0.2093,0.0884,0.0179,0.1064
261240,매매기준율,현물+달러금리,2018-10-10,0.1044,0.0707,0.0119,0.0826
261240,매매기준율,현물+달러금리,2018-10-11,0.9284,0.883,0.0061,0.8892
261240,매매기준율,현물+달러금리,2018-10-12,-0.9199,-0.8053,0.0061,-0.7992
261240,매매기준율,현물+달러금리,2018-10-15,0.0522,0.0088,0.0183,0.0272
261240,매매기준율,현물+달러금리,2018-10-16,-0.4692,-0.4676,0.0062,-0.4614
261240,매매기준율,현물+달러금리,2018-10-17,-0.2095,-0.2748,0.0062,-0.2686
261240,매매기준율,현물+달러금리,2018-10-18,0.7873,0.6756,0.0062,0.6818
261240,매매기준율,현물+달러금리,2018-10-19,-0.2604,0.1501,0.0062,0.1563
261240,매매기준율,현물+달러금리,2018-10-22,-0.1566,-0.2997,0.0186,-0.2812
261240,매매기준율,현물+달러금리,2018-10-23,0.774,0.4333,0.0063,0.4396
261240,매매기준율,현물+달러금리,2018-10-24,-0.6124,-0.317,0.0063,-0.3107
261240,매매기준율,현물+달러금리,2018-10-25,0.5117,0.5564,0.0063,0.5627
261240,매매기준율,현물+달러금리,2018-10-26,0.4156,0.1845,0.0063,0.1907
261240,매매기준율,현물+달러금리,2018-10-29,0.1035,-0.1753,0.0187,-0.1566
261240,매매기준율,현물+달러금리,2018-10-30,-0.3618,0.1757,0.0063,0.182
261240,매매기준율,현물+달러금리,2018-10-31,0.0519,-0.1227,0.0063,-0.1165
261240,매매기준율,현물+달러금리,2018-11-01,-0.1037,-0.0351,0.0063,-0.0288
261240,매매기준율,현물+달러금리,2018-11-02,-1.2766,-1.1679,0.0062,-1.1617
261240,매매기준율,현물+달러금리,2018-11-05,0.0,-0.2488,0.0187,-0.2301
261240,매매기준율,현물+달러금리,2018-11-06,0.1472,-0.0178,0.0064,-0.0115
261240,매매기준율,현물+달러금리,2018-11-07,0.0,-0.1425,0.0063,-0.1362
261240,매매기준율,현물+달러금리,2018-11-08,-0.5669,-0.223,0.0064,-0.2167
261240,매매기준율,현물+달러금리,2018-11-09,0.8868,0.6527,0.0063,0.6591
261240,매매기준율,현물+달러금리,2018-11-12,0.6279,0.5597,0.019,0.5787
261240,매매기준율,현물+달러금리,2018-11-13,-0.208,0.3269,0.0063,0.3332
261240,매매기준율,현물+달러금리,2018-11-14,0.2084,-0.2906,0.0064,-0.2842
261240,매매기준율,현물+달러금리,2018-11-15,-0.26,-0.1854,0.0064,-0.1791
261240,매매기준율,현물+달러금리,2018-11-16,-0.3128,-0.1416,0.0064,-0.1352
261240,매매기준율,현물+달러금리,2018-11-19,0.1569,-0.1152,0.019,-0.0962
261240,매매기준율,현물+달러금리,2018-11-20,-0.2611,0.0089,0.0064,0.0153
261240,매매기준율,현물+달러금리,2018-11-21,0.4712,0.337,0.0064,0.3435
261240,매매기준율,현물+달러금리,2018-11-22,-0.1563,-0.2033,0.0065,-0.1969
261240,매매기준율,현물+달러금리,2018-11-23,0.1044,0.1329,0.0065,0.1393
261240,매매기준율,현물+달러금리,2018-11-26,-0.1043,-0.0531,0.0194,-0.0337
261240,매매기준율,현물+달러금리,2018-11-27,0.0522,-0.0177,0.0065,-0.0112
261240,매매기준율,현물+달러금리,2018-11-28,-0.2608,-0.0708,0.0065,-0.0644
261240,매매기준율,현물+달러금리,2018-11-29,-0.6171,-0.6289,0.0064,-0.6225
261240,매매기준율,현물+달러금리,2018-11-30,0.1473,-0.1337,0.0064,-0.1274
261240,매매기준율,현물+달러금리,2018-12-03,-0.8827,-0.5891,0.0191,-0.5702
261240,매매기준율,현물+달러금리,2018-12-04,-0.4665,-0.3502,0.0064,-0.3438
261240,매매기준율,현물+달러금리,2018-12-05,0.7882,0.3424,0.0065,0.3489
261240,매매기준율,현물+달러금리,2018-12-06,0.4227,0.3772,0.0065,0.3837
261240,매매기준율,현물+달러금리,2018-12-07,0.0526,0.0358,0.0065,0.0423
261240,매매기준율,현물+달러금리,2018-12-10,0.4628,0.5813,0.0193,0.6007
261240,매매기준율,현물+달러금리,2018-12-11,0.4712,0.4179,0.0065,0.4244
261240,매매기준율,현물+달러금리,2018-12-12,-0.1042,-0.1594,0.0065,-0.1529
261240,매매기준율,현물+달러금리,2018-12-13,-0.4694,-0.3193,0.0065,-0.3127
261240,매매기준율,현물+달러금리,2018-12-14,0.5765,0.4626,0.0065,0.4692
261240,매매기준율,현물+달러금리,2018-12-17,0.1563,0.2125,0.0195,0.2321
261240,매매기준율,현물+달러금리,2018-12-18,-0.2601,-0.1502,0.0065,-0.1438
261240,매매기준율,현물+달러금리,2018-12-19,-0.4173,-0.4248,0.0064,-0.4184
261240,매매기준율,현물+달러금리,2018-12-20,0.419,0.3377,0.0064,0.3442
261240,매매기준율,현물+달러금리,2018-12-21,-0.3651,-0.4429,0.0064,-0.4365
261240,매매기준율,현물+달러금리,2018-12-24,0.0524,0.1157,0.0192,0.1349
261240,매매기준율,현물+달러금리,2018-12-26,0.2093,0.0355,0.0132,0.0488
261240,매매기준율,현물+달러금리,2018-12-27,-0.5744,-0.382,0.0065,-0.3755
261240,매매기준율,현물+달러금리,2018-12-28,-0.1996,-0.2854,0.0065,-0.2789
261240,매매기준율,현물+달러금리,2019-01-02,0.2,0.0805,0.0322,0.1127
261240,매매기준율,현물+달러금리,2019-01-03,0.8402,0.7596,0.0065,0.7661
261240,매매기준율,현물+달러금리,2019-01-04,-0.2604,-0.204,0.0065,-0.1975
261240,매매기준율,현물+달러금리,2019-01-07,-0.6266,-0.6399,0.0195,-0.6205
261240,매매기준율,현물+달러금리,2019-01-08,0.4203,0.3309,0.0066,0.3376
261240,매매기준율,현물+달러금리,2019-01-09,-0.0523,-0.0089,0.0066,-0.0023
261240,매매기준율,현물+달러금리,2019-01-10,-0.2094,-0.2407,0.0066,-0.2342
261240,매매기준율,현물+달러금리,2019-01-11,-0.3043,-0.1162,0.0065,-0.1097
261240,매매기준율,현물+달러금리,2019-01-14,0.5683,0.34,0.0196,0.3596
261240,매매기준율,현물+달러금리,2019-01-15,-0.0523,-0.1159,0.0066,-0.1094
261240,매매기준율,현물+달러금리,2019-01-16,-0.0524,0.1696,0.0066,0.1762
261240,매매기준율,현물+달러금리,2019-01-17,0.2095,-0.0535,0.0065,-0.047
261240,매매기준율,현물+달러금리,2019-01-18,0.0,-0.0089,0.0065,-0.0024
261240,매매기준율,현물+달러금리,2019-01-21,0.5227,0.4637,0.0194,0.4832
261240,매매기준율,현물+달러금리,2019-01-22,0.2496,0.3285,0.0065,0.3349
261240,매매기준율,현물+달러금리,2019-01-23,-0.3008,-0.177,0.0065,-0.1705
261240,매매기준율,현물+달러금리,2019-01-24,0.104,-0.0177,0.0065,-0.0113
261240,매매기준율,현물+달러금리,2019-01-25,-0.6236,-0.2571,0.0064,-0.2508
261240,매매기준율,현물+달러금리,2019-01-28,-0.3138,-0.7288,0.0192,-0.7097
261240,매매기준율,현물+달러금리,2019-01-29,-0.1049,0.1074,0.0065,0.1139
261240,매매기준율,현물+달러금리,2019-01-30,0.0,-0.0805,0.0065,-0.074
261240,매매기준율,현물+달러금리,2019-01-31,-0.2521,-0.5013,0.0065,-0.4948
261240,매매기준율,현물+달러금리,2019-02-01,0.516,0.4678,0.0065,0.4743
261240,매매기준율,현물+달러금리,2019-02-07,0.419,0.591,0.0386,0.6298
261240,매매기준율,현물+달러금리,2019-02-08,0.0522,0.0979,0.0065,0.1044
261240,매매기준율,현물+달러금리,2019-02-11,0.1043,0.0,0.0196,0.0196
261240,매매기준율,현물+달러금리,2019-02-12,-0.0521,0.0089,0.0066,0.0155
261240,매매기준율,현물+달러금리,2019-02-13,-0.2084,-0.2579,0.0065,-0.2514
261240,매매기준율,현물+달러금리,2019-02-14,0.3133,0.2942,0.0065,0.3008
261240,매매기준율,현물+달러금리,2019-02-15,0.3019,0.24,0.0065,0.2465
261240,매매기준율,현물+달러금리,2019-02-18,-0.2491,-0.266,0.0196,-0.2465
261240,매매기준율,현물+달러금리,2019-02-19,0.104,0.249,0.0065,0.2555
261240,매매기준율,현물+달러금리,2019-02-20,-0.2598,-0.4346,0.0066,-0.428
261240,매매기준율,현물+달러금리,2019-02-21,0.1563,0.1603,0.0066,0.1669
261240,매매기준율,현물+달러금리,2019-02-22,0.0,0.1156,0.0066,0.1222
261240,매매기준율,현물+달러금리,2019-02-25,-0.3642,-0.4353,0.0198,-0.4156
261240,매매기준율,현물+달러금리,2019-02-26,-0.2089,-0.2231,0.0066,-0.2164
261240,매매기준율,현물+달러금리,2019-02-27,0.0,-0.0447,0.0066,-0.0381
261240,매매기준율,현물+달러금리,2019-02-28,0.5756,0.1879,0.0066,0.1945
261240,매매기준율,현물+달러금리,2019-03-04,-0.052,0.4554,0.0263,0.4818
261240,매매기준율,현물+달러금리,2019-03-05,0.1041,0.0711,0.0066,0.0777
261240,매매기준율,현물+달러금리,2019-03-06,0.3536,0.1777,0.0066,0.1843
261240,매매기준율,현물+달러금리,2019-03-07,0.0,0.0443,0.0066,0.0509
261240,매매기준율,현물+달러금리,2019-03-08,0.6218,0.5052,0.0066,0.5118
261240,매매기준율,현물+달러금리,2019-03-11,-0.103,0.0441,0.0198,0.0639
261240,매매기준율,현물+달러금리,2019-03-12,-0.3608,-0.5112,0.0066,-0.5047
261240,매매기준율,현물+달러금리,2019-03-13,0.2587,0.2481,0.0066,0.2547
261240,매매기준율,현물+달러금리,2019-03-14,21.9814,0.1061,0.0066,0.1126
261240,매매기준율,현물+달러금리,2019-03-15,-17.6819,0.3002,0.0066,0.3068
261240,매매기준율,현물+달러금리,2019-03-18,-0.6166,-0.2112,0.0197,-0.1916
261240,매매기준율,현물+달러금리,2019-03-19,0.0517,-0.247,0.0065,-0.2404
261240,매매기준율,현물+달러금리,2019-03-20,-0.0517,-0.0442,0.0066,-0.0376
261240,매매기준율,현물+달러금리,2019-03-21,-0.2585,-0.4069,0.0066,-0.4003
261240,매매기준율,현물+달러금리,2019-03-22,0.2592,0.3553,0.0067,0.362
261240,매매기준율,현물+달러금리,2019-03-25,0.3619,0.4514,0.0198,0.4713
261240,매매기준율,현물+달러금리,2019-03-26,0.0,-0.2467,0.0066,-0.2401
261240,매매기준율,현물+달러금리,2019-03-27,0.103,0.2297,0.0066,0.2363
261240,매매기준율,현물+달러금리,2019-03-28,0.1956,0.2732,0.0065,0.2798
261240,매매기준율,현물+달러금리,2019-03-29,-0.0925,-0.1494,0.0065,-0.1429
261240,매매기준율,현물+달러금리,2019-04-01,-0.1542,-0.2993,0.0193,-0.28
261240,매매기준율,현물+달러금리,2019-04-02,0.206,0.2737,0.0065,0.2802
261240,매매기준율,현물+달러금리,2019-04-03,-0.1542,-0.0792,0.0065,-0.0728
261240,매매기준율,현물+달러금리,2019-04-04,0.1956,0.0529,0.0065,0.0594
261240,매매기준율,현물+달러금리,2019-04-05,0.0,0.0793,0.0065,0.0858
261240,매매기준율,현물+달러금리,2019-04-08,0.6164,0.44,0.0196,0.4597
261240,매매기준율,현물+달러금리,2019-04-09,-0.0511,0.1227,0.0065,0.1292
261240,매매기준율,현물+달러금리,2019-04-10,-0.3065,-0.14,0.0065,-0.1335
261240,매매기준율,현물+달러금리,2019-04-11,-0.1025,-0.1753,0.0065,-0.1687
261240,매매기준율,현물+달러금리,2019-04-12,0.1539,0.1141,0.0065,0.1206
261240,매매기준율,현물+달러금리,2019-04-15,-0.5531,-0.5787,0.0196,-0.5592
261240,매매기준율,현물+달러금리,2019-04-16,0.2472,0.1587,0.0065,0.1653
261240,매매기준율,현물+달러금리,2019-04-17,-0.0411,0.0352,0.0065,0.0417
261240,매매기준율,현물+달러금리,2019-04-18,0.0411,0.0088,0.0065,0.0154
261240,매매기준율,현물+달러금리,2019-04-19,0.1027,0.0792,0.0065,0.0857
261240,매매기준율,현물+달러금리,2019-04-22,0.4618,0.3254,0.0195,0.3449
261240,매매기준율,현물+달러금리,2019-04-23,0.0,0.0263,0.0065,0.0328
261240,매매기준율,현물+달러금리,2019-04-24,0.6538,0.5083,0.0066,0.5149
261240,매매기준율,현물+달러금리,2019-04-25,1.0048,1.0289,0.0065,1.0355
261240,매매기준율,현물+달러금리,2019-04-26,0.0,0.0863,0.0065,0.0928
261240,매매기준율,현물+달러금리,2019-04-29,-0.1909,-0.1293,0.0195,-0.1099
261240,매매기준율,현물+달러금리,2019-04-30,0.8457,0.4835,0.0065,0.4901
261240,매매기준율,현물+달러금리,2019-05-02,-0.1997,0.0086,0.013,0.0216
261240,매매기준율,현물+달러금리,2019-05-03,0.4001,0.4725,0.0066,0.4792
261240,매매기준율,현물+달러금리,2019-05-07,-0.2989,0.0342,0.0261,0.0603
261240,매매기준율,현물+달러금리,2019-05-08,0.1999,0.0085,0.0065,0.0151
261240,매매기준율,현물+달러금리,2019-05-09,0.8876,0.5043,0.0065,0.5109
261240,매매기준율,현물+달러금리,2019-05-10,-0.2471,0.1956,0.0065,0.2021
261240,매매기준율,현물+달러금리,2019-05-13,0.9811,0.4244,0.0196,0.4441
261240,매매기준율,현물+달러금리,2019-05-14,0.1472,0.3296,0.0065,0.3361
261240,매매기준율,현물+달러금리,2019-05-15,0.0,0.2022,0.0065,0.2087
261240,매매기준율,현물+달러금리,2019-05-16,0.196,0.0336,0.0065,0.0401
261240,매매기준율,현물+달러금리,2019-05-17,0.3423,0.2437,0.0064,0.2502
261240,매매기준율,현물+달러금리,2019-05-20,-0.0975,0.0168,0.0192,0.036
261240,매매기준율,현물+달러금리,2019-05-21,0.0488,0.0335,0.0064,0.0399
261240,매매기준율,현물+달러금리,2019-05-22,-0.0975,0.1089,0.0064,0.1154
261240,매매기준율,현물+달러금리,2019-05-23,-0.3416,-0.2846,0.0064,-0.2782
261240,매매기준율,현물+달러금리,2019-05-24,-0.0979,-0.1343,0.0064,-0.128
261240,매매기준율,현물+달러금리,2019-05-27,-0.2941,-0.4623,0.0189,-0.4435
261240,매매기준율,현물+달러금리,2019-05-28,0.1967,0.2956,0.0063,0.3019
261240,매매기준율,현물+달러금리,2019-05-29,0.6869,0.4631,0.0064,0.4695
261240,매매기준율,현물+달러금리,2019-05-30,-0.3899,-0.2598,0.0064,-0.2535
261240,매매기준율,현물+달러금리,2019-05-31,0.0978,0.1008,0.0064,0.1072
261240,매매기준율,현물+달러금리,2019-06-03,-0.6745,-0.6884,0.0189,-0.6696
261240,매매기준율,현물+달러금리,2019-06-04,0.0,-0.1268,0.0063,-0.1205
261240,매매기준율,현물+달러금리,2019-06-05,-0.2952,-0.1439,0.0063,-0.1376
261240,매매기준율,현물+달러금리,2019-06-07,0.1974,-0.0254,0.0126,-0.0128
261240,매매기준율,현물+달러금리,2019-06-10,0.3842,0.3815,0.0183,0.3999
261240,매매기준율,현물+달러금리,2019-06-11,-0.3337,-0.1943,0.0061,-0.1881
261240,매매기준율,현물+달러금리,2019-06-12,0.1378,0.0,0.0061,0.0061
261240,매매기준율,현물+달러금리,2019-06-13,-0.0885,0.2539,0.006,0.2599
261240,매매기준율,현물+달러금리,2019-06-14,0.2362,-0.0591,0.0059,-0.0532
261240,매매기준율,현물+달러금리,2019-06-17,0.1473,0.1943,0.0177,0.212
261240,매매기준율,현물+달러금리,2019-06-18,-0.049,-0.1096,0.006,-0.1036
261240,매매기준율,현물+달러금리,2019-06-19,-0.7749,-0.6751,0.0059,-0.6692
261240,매매기준율,현물+달러금리,2019-06-20,-1.1764,-0.7901,0.0058,-0.7844
261240,매매기준율,현물+달러금리,2019-06-21,0.1,-0.4881,0.0057,-0.4824
261240,매매기준율,현물+달러금리,2019-06-24,-0.5496,-0.3528,0.017,-0.3359
261240,매매기준율,현물+달러금리,2019-06-25,-0.0904,-0.2764,0.0057,-0.2707
261240,매매기준율,현물+달러금리,2019-06-26,0.0402,0.3031,0.0057,0.3088
261240,매매기준율,현물+달러금리,2019-06-27,0.2011,-0.1209,0.0058,-0.1151
261240,매매기준율,현물+달러금리,2019-06-28,-0.2408,-0.0346,0.0057,-0.0289
261240,매매기준율,현물+달러금리,2019-07-01,0.2917,-0.0865,0.0171,-0.0694
261240,매매기준율,현물+달러금리,2019-07-02,0.702,0.8136,0.0059,0.8195
261240,매매기준율,현물+달러금리,2019-07-03,0.3884,0.4808,0.0059,0.4867
261240,매매기준율,현물+달러금리,2019-07-04,-0.1984,-0.1025,0.0059,-0.0966
261240,매매기준율,현물+달러금리,2019-07-05,0.1988,0.1026,0.0059,0.1086
261240,매매기준율,현물+달러금리,2019-07-08,0.9324,0.6921,0.0179,0.7101
261240,매매기준율,현물+달러금리,2019-07-09,-0.0491,0.1188,0.0061,0.1249
261240,매매기준율,현물+달러금리,2019-07-10,0.0492,0.1271,0.0061,0.1332
261240,매매기준율,현물+달러금리,2019-07-11,-0.7273,-0.6433,0.0059,-0.6375
261240,매매기준율,현물+달러금리,2019-07-12,0.4455,0.2982,0.0058,0.304
261240,매매기준율,현물+달러금리,2019-07-15,0.0986,0.1614,0.0173,0.1787
261240,매매기준율,현물+달러금리,2019-07-16,-0.0492,-0.0594,0.0058,-0.0536
261240,매매기준율,현물+달러금리,2019-07-17,0.2857,0.1612,0.0058,0.167
261240,매매기준율,현물+달러금리,2019-07-18,-0.2358,-0.0762,0.0057,-0.0705
261240,매매기준율,현물+달러금리,2019-07-19,-0.2954,-0.5172,0.0055,-0.5117
261240,매매기준율,현물+달러금리,2019-07-22,0.3456,0.3579,0.0166,0.3746
261240,매매기준율,현물+달러금리,2019-07-23,0.0,0.0679,0.0056,0.0735
261240,매매기준율,현물+달러금리,2019-07-24,-0.0984,-0.017,0.0055,-0.0114
261240,매매기준율,현물+달러금리,2019-07-25,0.2857,0.1358,0.0056,0.1414
261240,매매기준율,현물+달러금리,2019-07-26,0.3438,0.3729,0.0056,0.3786
261240,매매기준율,현물+달러금리,2019-07-29,-0.0979,-0.0676,0.0171,-0.0505
261240,매매기준율,현물+달러금리,2019-07-30,-0.147,-0.1183,0.0057,-0.1126
261240,매매기준율,현물+달러금리,2019-07-31,0.0981,-0.0085,0.0056,-0.0029
261240,매매기준율,현물+달러금리,2019-08-01,0.5392,0.5584,0.0056,0.564
261240,매매기준율,현물+달러금리,2019-08-02,0.7216,0.5301,0.0056,0.5357
261240,매매기준율,현물+달러금리,2019-08-05,1.5781,1.4228,0.0166,1.4397
261240,매매기준율,현물+달러금리,2019-08-06,-0.0477,0.2063,0.0055,0.2118
261240,매매기준율,현물+달러금리,2019-08-07,-0.0381,0.0165,0.0055,0.022
261240,매매기준율,현물+달러금리,2019-08-08,-0.477,-0.2635,0.0054,-0.2581
261240,매매기준율,현물+달러금리,2019-08-09,0.1438,-0.1321,0.0054,-0.1267
261240,매매기준율,현물+달러금리,2019-08-12,0.469,0.4877,0.0161,0.5039
261240,매매기준율,현물+달러금리,2019-08-13,0.524,0.2715,0.0054,0.2769
261240,매매기준율,현물+달러금리,2019-08-14,-0.7961,-0.5907,0.0054,-0.5854
261240,매매기준율,현물+달러금리,2019-08-16,-0.0955,0.132,0.0105,0.1426
261240,매매기준율,현물+달러금리,2019-08-19,0.0,-0.2143,0.015,-0.1993
261240,매매기준율,현물+달러금리,2019-08-20,-0.2391,-0.0413,0.0052,-0.0361
261240,매매기준율,현물+달러금리,2019-08-21,-0.4792,-0.5123,0.0052,-0.5071
261240,매매기준율,현물+달러금리,2019-08-22,0.3852,0.0914,0.0053,0.0967
261240,매매기준율,현물+달러금리,2019-08-23,0.3358,0.5892,0.0054,0.5946
261240,매매기준율,현물+달러금리,2019-08-26,0.5642,0.495,0.0159,0.5109
261240,매매기준율,현물+달러금리,2019-08-27,-0.5135,-0.4187,0.0054,-0.4133
261240,매매기준율,현물+달러금리,2019-08-28,0.2294,0.033,0.0053,0.0383
261240,매매기준율,현물+달러금리,2019-08-29,0.1907,0.1401,0.0053,0.1454
261240,매매기준율,현물+달러금리,2019-08-30,-0.3712,-0.4608,0.0053,-0.4555
261240,매매기준율,현물+달러금리,2019-09-02,-0.0478,0.1901,0.016,0.2062
261240,매매기준율,현물+달러금리,2019-09-03,0.3727,0.2723,0.0053,0.2777
261240,매매기준율,현물+달러금리,2019-09-04,-0.6094,-0.4526,0.0053,-0.4473
261240,매매기준율,현물+달러금리,2019-09-05,-0.6131,-0.8349,0.0053,-0.8297
261240,매매기준율,현물+달러금리,2019-09-06,-0.3374,-0.2251,0.0053,-0.2198
261240,매매기준율,현물+달러금리,2019-09-09,-0.3869,-0.376,0.0158,-0.3602
261240,매매기준율,현물+달러금리,2019-09-10,0.0971,-0.0419,0.0053,-0.0367
261240,매매기준율,현물+달러금리,2019-09-11,-0.194,-0.0419,0.0052,-0.0367
261240,매매기준율,현물+달러금리,2019-09-16,-0.6706,-0.6211,0.0263,-0.595
261240,매매기준율,현물+달러금리,2019-09-17,0.6751,0.3632,0.0053,0.3685
261240,매매기준율,현물+달러금리,2019-09-18,0.0972,0.1851,0.0053,0.1905
261240,매매기준율,현물+달러금리,2019-09-19,0.1456,0.3864,0.0052,0.3916
261240,매매기준율,현물+달러금리,2019-09-20,-0.4266,-0.3347,0.0052,-0.3295
261240,매매기준율,현물+달러금리,2019-09-23,0.5258,0.1679,0.0154,0.1833
261240,매매기준율,현물+달러금리,2019-09-24,0.1453,0.0754,0.0052,0.0806
261240,매매기준율,현물+달러금리,2019-09-25,0.2902,0.3601,0.0052,0.3653
261240,매매기준율,현물+달러금리,2019-09-26,0.0,0.0668,0.0051,0.0718
261240,매매기준율,현물+달러금리,2019-09-27,0.0868,0.1835,0.0049,0.1884
261240,매매기준율,현물+달러금리,2019-09-30,-0.2794,-0.1748,0.0145,-0.1604
261240,매매기준율,현물+달러금리,2019-10-01,0.2802,-0.0834,0.005,-0.0784
261240,매매기준율,현물+달러금리,2019-10-02,0.53,0.459,0.0049,0.4639
261240,매매기준율,현물+달러금리,2019-10-04,-0.7093,-0.5566,0.0096,-0.5471
261240,매매기준율,현물+달러금리,2019-10-07,-0.0483,-0.0418,0.0138,-0.028
261240,매매기준율,현물+달러금리,2019-10-08,-0.2897,-0.1504,0.0047,-0.1458
261240,매매기준율,현물+달러금리,2019-10-10,0.2906,0.1172,0.0092,0.1264
261240,매매기준율,현물+달러금리,2019-10-11,-0.5795,-0.5685,0.0045,-0.564
261240,매매기준율,현물+달러금리,2019-10-14,-0.3789,-0.4709,0.0136,-0.4574
261240,매매기준율,현물+달러금리,2019-10-15,0.0488,0.0338,0.0045,0.0383
261240,매매기준율,현물+달러금리,2019-10-16,0.2339,0.2449,0.0045,0.2494
261240,매매기준율,현물+달러금리,2019-10-17,-0.0486,-0.0337,0.0045,-0.0292
261240,매매기준율,현물+달러금리,2019-10-18,-0.4281,-0.5141,0.0045,-0.5096
261240,매매기준율,현물+달러금리,2019-10-21,-0.8207,-0.432,0.0134,-0.4187
261240,매매기준율,현물+달러금리,2019-10-22,-0.197,-0.3403,0.0045,-0.3358
261240,매매기준율,현물+달러금리,2019-10-23,0.2468,0.1963,0.0044,0.2008
261240,매매기준율,현물+달러금리,2019-10-24,0.0492,-0.23,0.0044,-0.2256
261240,매매기준율,현물+달러금리,2019-10-25,0.0,0.2733,0.0045,0.2778
261240,매매기준율,현물+달러금리,2019-10-28,-0.246,-0.3918,0.0134,-0.3784
261240,매매기준율,현물+달러금리,2019-10-29,-0.5919,-0.265,0.0044,-0.2606
261240,매매기준율,현물+달러금리,2019-10-30,0.397,0.1629,0.0044,0.1673
261240,매매기준율,현물+달러금리,2019-10-31,-0.2966,-0.5734,0.0044,-0.5691
261240,매매기준율,현물+달러금리,2019-11-01,0.1487,0.5079,0.0041,0.512
261240,매매기준율,현물+달러금리,2019-11-04,-0.5346,-0.6166,0.0122,-0.6045
261240,매매기준율,현물+달러금리,2019-11-05,-0.1493,-0.0259,0.0041,-0.0217
261240,매매기준율,현물+달러금리,2019-11-06,-0.0997,-0.2241,0.0042,-0.2199
261240,매매기준율,현물+달러금리,2019-11-07,0.2993,0.2678,0.0042,0.272
261240,매매기준율,현물+달러금리,2019-11-08,-0.199,-0.3877,0.0042,-0.3836
261240,매매기준율,현물+달러금리,2019-11-11,0.7376,0.4498,0.0125,0.4623
261240,매매기준율,현물+달러금리,2019-11-12,-0.4453,0.1894,0.0042,0.1936
261240,매매기준율,현물+달러금리,2019-11-13,0.5467,0.3524,0.0043,0.3567
261240,매매기준율,현물+달러금리,2019-11-14,0.3954,0.2398,0.0042,0.244
261240,매매기준율,현물+달러금리,2019-11-15,-0.4431,-0.3503,0.0042,-0.3461
261240,매매기준율,현물+달러금리,2019-11-18,-0.1484,-0.1543,0.0127,-0.1417
261240,매매기준율,현물+달러금리,2019-11-19,0.2971,0.3521,0.0042,0.3563
261240,매매기준율,현물+달러금리,2019-11-20,0.1975,0.1284,0.0042,0.1326
261240,매매기준율,현물+달러금리,2019-11-21,0.6801,0.547,0.0042,0.5512
261240,매매기준율,현물+달러금리,2019-11-22,0.0979,0.1105,0.0042,0.1147
261240,매매기준율,현물+달러금리,2019-11-25,-0.3912,-0.1358,0.0127,-0.1231
261240,매매기준율,현물+달러금리,2019-11-26,0.1473,-0.153,0.0043,-0.1487
261240,매매기준율,현물+달러금리,2019-11-27,0.098,0.1362,0.0043,0.1405
261240,매매기준율,현물+달러금리,2019-11-28,0.1469,0.2806,0.0044,0.285
261240,매매기준율,현물+달러금리,2019-11-29,0.2445,0.0848,0.0044,0.0892
261240,매매기준율,현물+달러금리,2019-12-02,0.0976,0.0085,0.0128,0.0213
261240,매매기준율,현물+달러금리,2019-12-03,0.2827,0.4914,0.0043,0.4957
261240,매매기준율,현물+달러금리,2019-12-04,0.6803,0.6323,0.0042,0.6365
261240,매매기준율,현물+달러금리,2019-12-05,-0.2896,-0.2932,0.0042,-0.2891
261240,매매기준율,현물+달러금리,2019-12-06,-0.0968,-0.042,0.0041,-0.0379
261240,매매기준율,현물+달러금리,2019-12-09,0.0,-0.0336,0.0123,-0.0213
261240,매매기준율,현물+달러금리,2019-12-10,0.1938,0.227,0.0041,0.2312
261240,매매기준율,현물+달러금리,2019-12-11,0.2418,0.1091,0.0042,0.1133
261240,매매기준율,현물+달러금리,2019-12-12,-0.6754,-0.3939,0.0042,-0.3897
261240,매매기준율,현물+달러금리,2019-12-13,-1.2532,-1.4218,0.0042,-1.4177
261240,매매기준율,현물+달러금리,2019-12-16,0.0492,0.1024,0.0127,0.1151
261240,매매기준율,현물+달러금리,2019-12-17,-0.531,-0.5286,0.0042,-0.5244
261240,매매기준율,현물+달러금리,2019-12-18,0.1977,-0.12,0.0042,-0.1158
261240,매매기준율,현물+달러금리,2019-12-19,-0.2466,-0.0687,0.0042,-0.0645
261240,매매기준율,현물+달러금리,2019-12-20,-0.3956,-0.1632,0.0042,-0.1589
261240,매매기준율,현물+달러금리,2019-12-23,0.2482,-0.0774,0.0127,-0.0647
261240,매매기준율,현물+달러금리,2019-12-24,-0.0495,0.1722,0.0043,0.1764
261240,매매기준율,현물+달러금리,2019-12-26,-0.1486,-0.2148,0.0085,-0.2064
261240,매매기준율,현물+달러금리,2019-12-27,-0.0496,-0.0258,0.0042,-0.0216
261240,매매기준율,현물+달러금리,2019-12-30,-0.3376,-0.267,0.0127,-0.2544
261240,매매기준율,현물+달러금리,2020-01-02,0.2391,-0.0777,0.0127,-0.0651
261240,매매기준율,현물+달러금리,2020-01-03,0.6958,0.5013,0.0041,0.5055
261240,매매기준율,현물+달러금리,2020-01-06,0.4343,0.5934,0.0122,0.6058
261240,매매기준율,현물+달러금리,2020-01-07,-0.3833,-0.3676,0.0042,-0.3635
261240,매매기준율,현물+달러금리,2020-01-08,0.3848,0.7552,0.0041,0.7593
261240,매매기준율,현물+달러금리,2020-01-09,-1.0221,-1.2009,0.0041,-1.1968
261240,매매기준율,현물+달러금리,2020-01-10,0.1986,0.0948,0.0041,0.099
261240,매매기준율,현물+달러금리,2020-01-13,-0.4856,-0.4651,0.0124,-0.4527
261240,매매기준율,현물+달러금리,2020-01-14,0.0498,-0.225,0.0042,-0.2208
261240,매매기준율,현물+달러금리,2020-01-15,0.0896,0.4943,0.0042,0.4986
261240,매매기준율,현물+달러금리,2020-01-16,0.3481,0.069,0.0042,0.0733
261240,매매기준율,현물+달러금리,2020-01-17,-0.1486,-0.069,0.0042,-0.0648
261240,매매기준율,현물+달러금리,2020-01-20,-0.0992,0.0,0.0126,0.0126
261240,매매기준율,현물+달러금리,2020-01-21,0.7451,0.5091,0.0042,0.5134
261240,매매기준율,현물+달러금리,2020-01-22,-0.1479,0.0343,0.0042,0.0385
261240,매매기준율,현물+달러금리,2020-01-23,0.2963,0.1802,0.0042,0.1844
261240,매매기준율,현물+달러금리,2020-01-28,0.7286,0.8139,0.0208,0.8349
261240,매매기준율,현물+달러금리,2020-01-29,0.0978,-0.0595,0.0042,-0.0553
261240,매매기준율,현물+달러금리,2020-01-30,0.625,0.6378,0.0042,0.642
261240,매매기준율,현물+달러금리,2020-01-31,0.5823,0.3633,0.0042,0.3676
261240,매매기준율,현물+달러금리,2020-02-03,0.2316,0.6904,0.0125,0.7029
261240,매매기준율,현물+달러금리,2020-02-04,-0.568,-0.5518,0.0042,-0.5476
261240,매매기준율,현물+달러금리,2020-02-05,0.3389,-0.0757,0.0042,-0.0715
261240,매매기준율,현물+달러금리,2020-02-06,-1.0035,-0.5974,0.0042,-0.5932
261240,매매기준율,현물+달러금리,2020-02-07,0.6238,0.4909,0.0042,0.4952
261240,매매기준율,현물+달러금리,2020-02-10,0.0484,0.219,0.0126,0.2316
261240,매매기준율,현물+달러금리,2020-02-11,-0.4357,-0.4791,0.0042,-0.4748
261240,매매기준율,현물+달러금리,2020-02-12,-0.2334,-0.3631,0.0042,-0.3589
261240,매매기준율,현물+달러금리,2020-02-13,0.2827,0.1441,0.0042,0.1483
261240,매매기준율,현물+달러금리,2020-02-14,0.0972,0.1693,0.0043,0.1736
261240,매매기준율,현물+달러금리,2020-02-17,0.0,-0.1098,0.0127,-0.0971
261240,매매기준율,현물+달러금리,2020-02-18,0.534,0.4991,0.0042,0.5033
261240,매매기준율,현물+달러금리,2020-02-19,0.0,0.2273,0.0042,0.2315
261240,매매기준율,현물+달러금리,2020-02-20,0.763,0.5207,0.0042,0.5249
261240,매매기준율,현물+달러금리,2020-02-21,0.8531,0.7185,0.0042,0.7227
261240,매매기준율,현물+달러금리,2020-02-24,0.8934,1.0036,0.0126,1.0164
261240,매매기준율,현물+달러금리,2020-02-25,-0.7442,-0.4106,0.0041,-0.4065
261240,매매기준율,현물+달러금리,2020-02-26,0.522,0.3381,0.0041,0.3422
261240,매매기준율,현물+달러금리,2020-02-27,0.0378,-0.074,0.0041,-0.0699
261240,매매기준율,현물+달러금리,2020-02-28,-0.1793,-0.0493,0.0039,-0.0455
261240,매매기준율,현물+달러금리,2020-03-02,-1.6924,-1.2343,0.0103,-1.2241
261240,매매기준율,현물+달러금리,2020-03-03,0.0481,-0.7415,0.003,-0.7385
261240,매매기준율,현물+달러금리,2020-03-04,-0.5671,-0.4197,0.0025,-0.4171
261240,매매기준율,현물+달러금리,2020-03-05,-0.58,-0.118,0.0019,-0.1161
261240,매매기준율,현물+달러금리,2020-03-06,0.9627,0.5401,0.0017,0.5418
261240,매매기준율,현물+달러금리,2020-03-09,1.0498,0.8393,0.0037,0.8431
261240,매매기준율,현물+달러금리,2020-03-10,-0.9436,-0.3912,0.0009,-0.3903
261240,매매기준율,현물+달러금리,2020-03-11,0.0481,-0.3259,0.0012,-0.3247
261240,매매기준율,현물+달러금리,2020-03-12,1.0964,0.7713,0.0011,0.7724
261240,매매기준율,현물+달러금리,2020-03-13,0.761,1.6805,0.0009,1.6815
261240,매매기준율,현물+달러금리,2020-03-16,0.8875,-0.2127,0.0022,-0.2105
261240,매매기준율,현물+달러금리,2020-03-17,1.385,1.7711,0.0007,1.7717
261240,매매기준율,현물+달러금리,2020-03-18,0.3692,-0.2739,0.0005,-0.2734
261240,매매기준율,현물+달러금리,2020-03-19,3.0991,3.4174,0.0001,3.4174
261240,매매기준율,현물+달러금리,2020-03-20,-3.0506,-2.0311,0.0001,-2.031
261240,매매기준율,현물+달러금리,2020-03-23,1.6837,1.6346,0.0004,1.6351
261240,매매기준율,현물+달러금리,2020-03-24,-1.5201,-1.4593,0.0001,-1.4592
261240,매매기준율,현물+달러금리,2020-03-25,-1.6446,-2.0143,0.0,-2.0143
261240,매매기준율,현물+달러금리,2020-03-26,0.4204,-0.2275,-0.0001,-0.2276
261240,매매기준율,현물+달러금리,2020-03-27,-1.6558,-1.2623,-0.0001,-1.2625
261240,매매기준율,현물+달러금리,2020-03-30,1.0783,0.8413,0.0002,0.8416
261240,매매기준율,현물+달러금리,2020-03-31,-0.4679,-0.2127,0.0003,-0.2123
261240,매매기준율,현물+달러금리,2020-04-01,1.0718,0.1803,0.0003,0.1806
261240,매매기준율,현물+달러금리,2020-04-02,-0.2326,1.26,0.0002,1.2603
261240,매매기준율,현물+달러금리,2020-04-03,0.3263,-0.6303,0.0002,-0.63
261240,매매기준율,현물+달러금리,2020-04-06,-0.1859,0.2927,0.0008,0.2936
261240,매매기준율,현물+달러금리,2020-04-07,-0.6425,-0.8918,0.0004,-0.8914
261240,매매기준율,현물+달러금리,2020-04-08,0.0,-0.2209,0.0004,-0.2205
261240,매매기준율,현물+달러금리,2020-04-09,-0.0937,-0.2706,0.0006,-0.27
261240,매매기준율,현물+달러금리,2020-04-10,-0.9755,-0.3371,0.0007,-0.3364
261240,매매기준율,현물+달러금리,2020-04-13,0.843,0.5279,0.0021,0.53
261240,매매기준율,현물+달러금리,2020-04-14,-0.1879,-0.1641,0.0007,-0.1634
261240,매매기준율,현물+달러금리,2020-04-16,1.0258,0.8876,0.0011,0.8888
261240,매매기준율,현물+달러금리,2020-04-17,-0.9688,-0.668,0.0004,-0.6676
261240,매매기준율,현물+달러금리,2020-04-20,0.2352,-0.0492,0.001,-0.0482
261240,매매기준율,현물+달러금리,2020-04-21,0.8352,1.0339,0.0003,1.0342
261240,매매기준율,현물+달러금리,2020-04-22,0.0931,0.3167,0.0003,0.317
261240,매매기준율,현물+달러금리,2020-04-23,-0.186,-0.2591,0.0003,-0.2587
261240,매매기준율,현물+달러금리,2020-04-24,0.6986,0.3084,0.0003,0.3087
261240,매매기준율,현물+달러금리,2020-04-27,-0.8788,-0.4451,0.001,-0.4441
261240,매매기준율,현물+달러금리,2020-04-28,-0.0933,-0.4145,0.0003,-0.4142
261240,매매기준율,현물+달러금리,2020-04-29,-0.411,-0.5468,0.0003,-0.5465
261240,매매기준율,현물+달러금리,2020-05-04,0.7879,0.7632,0.0014,0.7646
261240,매매기준율,현물+달러금리,2020-05-06,-0.456,-0.3665,0.0007,-0.3658
261240,매매기준율,현물+달러금리,2020-05-07,0.1309,0.2616,0.0003,0.2619
261240,매매기준율,현물+달러금리,2020-05-08,-0.4108,-0.7175,0.0003,-0.7172
261240,매매기준율,현물+달러금리,2020-05-11,0.0,0.0082,0.001,0.0092
261240,매매기준율,현물+달러금리,2020-05-12,0.5063,0.7308,0.0003,0.7312
261240,매매기준율,현물+달러금리,2020-05-13,-0.1772,-0.0326,0.0004,-0.0323
261240,매매기준율,현물+달러금리,2020-05-14,0.3177,0.1305,0.0004,0.1308
261240,매매기준율,현물+달러금리,2020-05-15,0.326,0.114,0.0003,0.1143
261240,매매기준율,현물+달러금리,2020-05-18,0.0929,0.1871,0.001,0.1881
261240,매매기준율,현물+달러금리,2020-05-19,-0.5102,-0.5765,0.0004,-0.5761
261240,매매기준율,현물+달러금리,2020-05-20,0.2331,0.2695,0.0004,0.2699
261240,매매기준율,현물+달러금리,2020-05-21,0.093,0.2362,0.0003,0.2365
261240,매매기준율,현물+달러금리,2020-05-22,0.5483,0.4469,0.0003,0.4472
261240,매매기준율,현물+달러금리,2020-05-25,0.5546,0.4692,0.001,0.4702
261240,매매기준율,현물+달러금리,2020-05-26,-0.6802,-0.3945,0.0003,-0.3942
261240,매매기준율,현물+달러금리,2020-05-27,-0.0463,-0.2748,0.0004,-0.2745
261240,매매기준율,현물+달러금리,2020-05-28,0.4074,0.462,0.0004,0.4624
261240,매매기준율,현물+달러금리,2020-05-29,-0.2305,-0.1452,0.0004,-0.1448
261240,매매기준율,현물+달러금리,2020-06-01,-1.0075,-0.7919,0.0012,-0.7907
261240,매매기준율,현물+달러금리,2020-06-02,0.0934,-0.3014,0.0004,-0.301
261240,매매기준율,현물+달러금리,2020-06-03,-0.7369,-0.5882,0.0004,-0.5878
261240,매매기준율,현물+달러금리,2020-06-04,0.188,0.0411,0.0004,0.0415
261240,매매기준율,현물+달러금리,2020-06-05,-0.8817,-0.3532,0.0004,-0.3528
261240,매매기준율,현물+달러금리,2020-06-08,-0.3312,-0.7337,0.0012,-0.7324
261240,매매기준율,현물+달러금리,2020-06-09,-0.5602,-0.5398,0.0005,-0.5393
261240,매매기준율,현물+달러금리,2020-06-10,-0.5252,-0.2755,0.0005,-0.275
261240,매매기준율,현물+달러금리,2020-06-11,0.5279,-0.134,0.0005,-0.1335
261240,매매기준율,현물+달러금리,2020-06-12,0.5156,1.1569,0.0005,1.1574
261240,매매기준율,현물+달러금리,2020-06-15,1.1304,0.3481,0.0013,0.3494
261240,매매기준율,현물+달러금리,2020-06-16,-0.7421,-0.3469,0.0005,-0.3464
261240,매매기준율,현물+달러금리,2020-06-17,0.511,0.6547,0.0005,0.6552
261240,매매기준율,현물+달러금리,2020-06-18,-0.4143,-0.1235,0.0005,-0.123
261240,매매기준율,현물+달러금리,2020-06-19,0.0473,-0.0824,0.0004,-0.082
261240,매매기준율,현물+달러금리,2020-06-22,0.5103,0.099,0.0012,0.1002
261240,매매기준율,현물+달러금리,2020-06-23,-0.4607,-0.2555,0.0004,-0.2551
261240,매매기준율,현물+달러금리,2020-06-24,-0.7556,-0.595,0.0004,-0.5946
261240,매매기준율,현물+달러금리,2020-06-25,0.3331,0.1912,0.0004,0.1916
261240,매매기준율,현물+달러금리,2020-06-26,-0.332,-0.5476,0.0004,-0.5472
261240,매매기준율,현물+달러금리,2020-06-29,-0.0952,0.1752,0.0012,0.1764
261240,매매기준율,현물+달러금리,2020-06-30,0.3334,-0.1832,0.0004,-0.1828
261240,매매기준율,현물+달러금리,2020-07-01,0.0475,0.2587,0.0004,0.2591
261240,매매기준율,현물+달러금리,2020-07-02,-0.3796,-0.0499,0.0004,-0.0496
261240,매매기준율,현물+달러금리,2020-07-03,-0.0476,-0.05,0.0004,-0.0496
261240,매매기준율,현물+달러금리,2020-07-06,-0.2764,-0.2999,0.0012,-0.2988
261240,매매기준율,현물+달러금리,2020-07-07,0.0,-0.3259,0.0004,-0.3255
261240,매매기준율,현물+달러금리,2020-07-08,-0.0956,0.2431,0.0004,0.2435
261240,매매기준율,현물+달러금리,2020-07-09,0.0478,-0.1087,0.0004,-0.1083
261240,매매기준율,현물+달러금리,2020-07-10,0.7554,0.6614,0.0004,0.6617
261240,매매기준율,현물+달러금리,2020-07-13,-0.3322,-0.1747,0.0011,-0.1736
261240,매매기준율,현물+달러금리,2020-07-14,0.4761,0.5082,0.0004,0.5086
261240,매매기준율,현물+달러금리,2020-07-15,-0.4265,-0.4725,0.0004,-0.4721
261240,매매기준율,현물+달러금리,2020-07-16,0.4283,0.2832,0.0004,0.2836
261240,매매기준율,현물+달러금리,2020-07-17,0.0,0.1329,0.0003,0.1332
261240,매매기준율,현물+달러금리,2020-07-20,-0.2369,-0.1659,0.0009,-0.165
261240,매매기준율,현물+달러금리,2020-07-21,-0.418,-0.4652,0.0004,-0.4649
261240,매매기준율,현물+달러금리,2020-07-22,-0.3339,-0.3672,0.0004,-0.3669
261240,매매기준율,현물+달러금리,2020-07-23,0.1914,0.4021,0.0004,0.4025
261240,매매기준율,현물+달러금리,2020-07-24,0.4203,0.2336,0.0003,0.234
261240,매매기준율,현물+달러금리,2020-07-27,-0.4661,-0.3912,0.0009,-0.3903
261240,매매기준율,현물+달러금리,2020-07-28,0.0478,-0.1254,0.0003,-0.1251
261240,매매기준율,현물+달러금리,2020-07-29,-0.3344,0.0084,0.0003,0.0087
261240,매매기준율,현물+달러금리,2020-07-30,0.1917,-0.3179,0.0003,-0.3176
261240,매매기준율,현물+달러금리,2020-07-31,-0.287,-0.1931,0.0002,-0.1928
261240,매매기준율,현물+달러금리,2020-08-03,0.1919,0.3868,0.0007,0.3876
261240,매매기준율,현물+달러금리,2020-08-04,0.0,-0.0168,0.0003,-0.0165
261240,매매기준율,현물+달러금리,2020-08-05,-0.3352,-0.2681,0.0002,-0.2679
261240,매매기준율,현물+달러금리,2020-08-06,-0.3747,-0.5041,0.0003,-0.5038
261240,매매기준율,현물+달러금리,2020-08-07,0.0482,0.1351,0.0003,0.1354
261240,매매기준율,현물+달러금리,2020-08-10,-0.0482,0.0675,0.0008,0.0683
261240,매매기준율,현물+달러금리,2020-08-11,0.0868,-0.1517,0.0003,-0.1514
261240,매매기준율,현물+달러금리,2020-08-12,-0.0385,0.0928,0.0003,0.0931
261240,매매기준율,현물+달러금리,2020-08-13,-0.1446,-0.2024,0.0003,-0.2021
261240,매매기준율,현물+달러금리,2020-08-14,0.1448,0.1859,0.0003,0.1861
261240,매매기준율,현물+달러금리,2020-08-18,0.0,-0.059,0.0011,-0.0579
261240,매매기준율,현물+달러금리,2020-08-19,-0.3374,-0.2363,0.0002,-0.236
261240,매매기준율,현물+달러금리,2020-08-20,0.5707,0.3383,0.0003,0.3386
261240,매매기준율,현물+달러금리,2020-08-21,-0.1443,-0.0843,0.0003,-0.084
261240,매매기준율,현물+달러금리,2020-08-24,0.2889,0.3965,0.0008,0.3973
261240,매매기준율,현물+달러금리,2020-08-25,-0.3361,-0.3109,0.0003,-0.3106
261240,매매기준율,현물+달러금리,2020-08-26,0.0482,0.059,0.0003,0.0593
261240,매매기준율,현물+달러금리,2020-08-27,-0.0867,-0.1095,0.0003,-0.1092
261240,매매기준율,현물+달러금리,2020-08-28,-0.1446,-0.0506,0.0003,-0.0503
261240,매매기준율,현물+달러금리,2020-08-31,0.2799,-0.1519,0.0008,-0.1511
261240,매매기준율,현물+달러금리,2020-09-01,-0.231,0.1099,0.0003,0.1102
261240,매매기준율,현물+달러금리,2020-09-02,0.1833,0.1351,0.0003,0.1354
261240,매매기준율,현물+달러금리,2020-09-03,0.1926,0.1096,0.0003,0.1099
261240,매매기준율,현물+달러금리,2020-09-04,0.0961,0.2274,0.0003,0.2277
261240,매매기준율,현물+달러금리,2020-09-07,-0.048,-0.2521,0.0009,-0.2512
261240,매매기준율,현물+달러금리,2020-09-08,-0.1441,0.059,0.0003,0.0593
261240,매매기준율,현물+달러금리,2020-09-09,0.1924,0.1431,0.0004,0.1435
261240,매매기준율,현물+달러금리,2020-09-10,-0.3745,-0.3615,0.0003,-0.3611
261240,매매기준율,현물+달러금리,2020-09-11,0.1832,0.2531,0.0003,0.2534
261240,매매기준율,현물+달러금리,2020-09-14,-0.2309,-0.345,0.0009,-0.3441
261240,매매기준율,현물+달러금리,2020-09-15,-0.434,-0.3124,0.0003,-0.3121
261240,매매기준율,현물+달러금리,2020-09-16,-0.2422,-0.2287,0.0003,-0.2284
261240,매매기준율,현물+달러금리,2020-09-17,-0.1456,-0.2038,0.0003,-0.2034
261240,매매기준율,현물+달러금리,2020-09-18,-1.1571,-1.0039,0.0002,-1.0037
261240,매매기준율,현물+달러금리,2020-09-21,-0.1869,-0.2578,0.0008,-0.257
261240,매매기준율,현물+달러금리,2020-09-22,0.5322,0.2843,0.0003,0.2846
261240,매매기준율,현물+달러금리,2020-09-23,-0.049,0.043,0.0003,0.0432
261240,매매기준율,현물+달러금리,2020-09-24,0.7749,0.5067,0.0003,0.507
261240,매매기준율,현물+달러금리,2020-09-25,0.0,0.0171,0.0003,0.0174
261240,매매기준율,현물+달러금리,2020-09-28,0.0,0.2563,0.0008,0.2571
261240,매매기준율,현물+달러금리,2020-09-29,-0.2336,-0.3409,0.0003,-0.3406
261240,매매기준율,현물+달러금리,2020-10-05,-0.5366,-0.5216,0.0015,-0.5201
261240,매매기준율,현물+달러금리,2020-10-06,-0.2452,-0.2922,0.0003,-0.292
261240,매매기준율,현물+달러금리,2020-10-07,-0.1868,0.2155,0.0003,0.2158
261240,매매기준율,현물+달러금리,2020-10-08,-0.4433,-0.5419,0.0003,-0.5417
261240,매매기준율,현물+달러금리,2020-10-12,-0.5838,-0.6833,0.001,-0.6823
261240,매매기준율,현물+달러금리,2020-10-13,0.0,0.1045,0.0003,0.1048
261240,매매기준율,현물+달러금리,2020-10-14,-0.0498,-0.3306,0.0003,-0.3303
261240,매매기준율,현물+달러금리,2020-10-15,-0.249,-0.096,0.0003,-0.0957
261240,매매기준율,현물+달러금리,2020-10-16,0.3494,0.0874,0.0003,0.0877
261240,매매기준율,현물+달러금리,2020-10-19,-0.4477,-0.2968,0.0009,-0.2959
261240,매매기준율,현물+달러금리,2020-10-20,-0.1999,-0.2189,0.0003,-0.2186
261240,매매기준율,현물+달러금리,2020-10-21,-0.6909,-0.5265,0.0003,-0.5262
261240,매매기준율,현물+달러금리,2020-10-22,0.1008,0.0353,0.0003,0.0356
261240,매매기준율,현물+달러금리,2020-10-23,0.1007,0.0441,0.0002,0.0443
261240,매매기준율,현물+달러금리,2020-10-26,-0.7044,-0.4848,0.0008,-0.4839
261240,매매기준율,현물+달러금리,2020-10-27,-0.0507,-0.1328,0.0003,-0.1325
261240,매매기준율,현물+달러금리,2020-10-28,0.4056,0.1508,0.0003,0.151
261240,매매기준율,현물+달러금리,2020-10-29,0.1515,0.3631,0.0003,0.3633
261240,매매기준율,현물+달러금리,2020-10-30,0.1512,-0.2647,0.0002,-0.2644
261240,매매기준율,현물+달러금리,2020-11-02,0.0503,0.3804,0.0007,0.3811
261240,매매기준율,현물+달러금리,2020-11-03,-0.0503,-0.0088,0.0002,-0.0086
261240,매매기준율,현물+달러금리,2020-11-04,0.2416,0.1675,0.0003,0.1677
261240,매매기준율,현물+달러금리,2020-11-05,-0.6428,-0.4927,0.0003,-0.4925
261240,매매기준율,현물+달러금리,2020-11-06,-0.6975,-0.5748,0.0003,-0.5745
261240,매매기준율,현물+달러금리,2020-11-09,-0.6616,-0.7826,0.0008,-0.7818
261240,매매기준율,현물+달러금리,2020-11-10,0.1025,0.0269,0.0003,0.0272
261240,매매기준율,현물+달러금리,2020-11-11,-0.4504,-0.3136,0.0003,-0.3134
261240,매매기준율,현물+달러금리,2020-11-12,0.5553,0.0719,0.0003,0.0722
261240,매매기준율,현물+달러금리,2020-11-13,-0.1023,0.1707,0.0003,0.171
261240,매매기준율,현물+달러금리,2020-11-16,-0.4504,-0.6367,0.0007,-0.636
261240,매매기준율,현물+달러금리,2020-11-17,-0.3599,-0.1083,0.0002,-0.1081
261240,매매기준율,현물+달러금리,2020-11-18,-0.0516,-0.0813,0.0002,-0.0811
261240,매매기준율,현물+달러금리,2020-11-19,1.0222,0.5697,0.0002,0.5699
261240,매매기준율,현물+달러금리,2020-11-20,-0.1022,0.1798,0.0002,0.18
261240,매매기준율,현물+달러금리,2020-11-23,-0.3581,-0.1436,0.0006,-0.143
261240,매매기준율,현물+달러금리,2020-11-24,0.0513,-0.1258,0.0002,-0.1256
261240,매매기준율,현물+달러금리,2020-11-25,-0.2463,-0.36,0.0002,-0.3597
261240,매매기준율,현물+달러금리,2020-11-26,-0.463,-0.1264,0.0002,-0.1262
261240,매매기준율,현물+달러금리,2020-11-27,0.0517,-0.1266,0.0002,-0.1264
261240,매매기준율,현물+달러금리,2020-11-30,0.2583,0.0453,0.0007,0.046
261240,매매기준율,현물+달러금리,2020-12-01,0.0,0.1991,0.0002,0.1993
261240,매매기준율,현물+달러금리,2020-12-02,-0.5667,-0.3432,0.0002,-0.343
261240,매매기준율,현물+달러금리,2020-12-03,-0.4041,-0.4713,0.0002,-0.4711
261240,매매기준율,현물+달러금리,2020-12-04,-1.1861,-1.0473,0.0002,-1.047
261240,매매기준율,현물+달러금리,2020-12-07,-0.1053,-0.3589,0.0007,-0.3582
261240,매매기준율,현물+달러금리,2020-12-08,0.3057,0.157,0.0002,0.1572
261240,매매기준율,현물+달러금리,2020-12-09,-0.042,-0.0738,0.0002,-0.0735
261240,매매기준율,현물+달러금리,2020-12-10,0.2523,0.2399,0.0002,0.2402
261240,매매기준율,현물+달러금리,2020-12-11,0.2097,0.2854,0.0002,0.2856
261240,매매기준율,현물+달러금리,2020-12-14,0.157,0.1377,0.0007,0.1384
261240,매매기준율,현물+달러금리,2020-12-15,0.0522,0.22,0.0002,0.2203
261240,매매기준율,현물+달러금리,2020-12-16,0.1566,-0.0915,0.0002,-0.0913
261240,매매기준율,현물+달러금리,2020-12-17,-0.0521,0.0549,0.0002,0.0552
261240,매매기준율,현물+달러금리,2020-12-18,0.6155,0.4667,0.0002,0.4669
261240,매매기준율,현물+달러금리,2020-12-21,0.2592,0.3006,0.0007,0.3012
261240,매매기준율,현물+달러금리,2020-12-22,0.4137,0.4904,0.0002,0.4906
261240,매매기준율,현물+달러금리,2020-12-23,0.0,0.2078,0.0002,0.2081
261240,매매기준율,현물+달러금리,2020-12-24,-0.5664,-0.4689,0.0002,-0.4687
261240,매매기준율,현물+달러금리,2020-12-28,-0.4557,-0.4983,0.001,-0.4973
261240,매매기준율,현물+달러금리,2020-12-29,-0.4682,-0.4553,0.0003,-0.455
261240,매매기준율,현물+달러금리,2020-12-30,-0.3659,-0.4757,0.0003,-0.4754
261240,매매기준율,현물+달러금리,2021-01-04,-0.3567,-0.4504,0.0011,-0.4493
261240,매매기준율,현물+달러금리,2021-01-05,0.4107,0.277,0.0002,0.2772
261240,매매기준율,현물+달러금리,2021-01-06,-0.0524,0.0645,0.0002,0.0647
261240,매매기준율,현물+달러금리,2021-01-07,0.1049,0.0828,0.0002,0.0831
261240,매매기준율,현물+달러금리,2021-01-08,0.3144,0.616,0.0002,0.6162
261240,매매기준율,현물+달러금리,2021-01-11,0.6687,0.3107,0.0007,0.3113
261240,매매기준율,현물+달러금리,2021-01-12,0.1557,0.1913,0.0002,0.1915
261240,매매기준율,현물+달러금리,2021-01-13,-0.4041,-0.4455,0.0002,-0.4452
261240,매매기준율,현물+달러금리,2021-01-14,0.3017,0.484,0.0002,0.4843
261240,매매기준율,현물+달러금리,2021-01-15,0.1037,-0.2181,0.0002,-0.2179
261240,매매기준율,현물+달러금리,2021-01-18,0.4145,0.592,0.0007,0.5928
261240,매매기준율,현물+달러금리,2021-01-19,-0.1032,-0.2083,0.0002,-0.208
261240,매매기준율,현물+달러금리,2021-01-20,-0.2066,-0.1905,0.0002,-0.1903
261240,매매기준율,현물+달러금리,2021-01-21,-0.1553,-0.0727,0.0002,-0.0725
261240,매매기준율,현물+달러금리,2021-01-22,0.4147,0.282,0.0002,0.2823
261240,매매기준율,현물+달러금리,2021-01-25,-0.1549,0.0816,0.0007,0.0823
261240,매매기준율,현물+달러금리,2021-01-26,0.4654,-0.0181,0.0002,-0.0179
261240,매매기준율,현물+달러금리,2021-01-27,-0.2059,0.0907,0.0002,0.0909
261240,매매기준율,현물+달러금리,2021-01-28,1.4337,0.9601,0.0002,0.9604
261240,매매기준율,현물+달러금리,2021-01-29,-0.1017,0.2333,0.0002,0.2335
261240,매매기준율,현물+달러금리,2021-02-01,-0.3054,0.0716,0.0005,0.0721
261240,매매기준율,현물+달러금리,2021-02-02,0.0511,-0.1252,0.0002,-0.125
261240,매매기준율,현물+달러금리,2021-02-03,-0.1021,-0.2328,0.0002,-0.2327
261240,매매기준율,현물+달러금리,2021-02-04,0.3575,0.2424,0.0001,0.2425
261240,매매기준율,현물+달러금리,2021-02-05,0.4479,0.6537,0.0001,0.6538
261240,매매기준율,현물+달러금리,2021-02-08,-0.3445,-0.4359,0.0002,-0.4357
261240,매매기준율,현물+달러금리,2021-02-09,-0.3051,-0.277,0.0001,-0.2769
261240,매매기준율,현물+달러금리,2021-02-10,-0.8058,-0.5287,0.0001,-0.5286
261240,매매기준율,현물+달러금리,2021-02-15,-0.5656,-0.6306,0.0007,-0.6299
261240,매매기준율,현물+달러금리,2021-02-16,-0.1034,-0.3082,0.0001,-0.3081
261240,매매기준율,현물+달러금리,2021-02-17,0.7246,0.7275,0.0001,0.7276
261240,매매기준율,현물+달러금리,2021-02-18,0.0,-0.1806,0.0001,-0.1804
261240,매매기준율,현물+달러금리,2021-02-19,-0.2055,0.1266,0.0001,0.1267
261240,매매기준율,현물+달러금리,2021-02-22,0.2987,-0.0542,0.0003,-0.0539
261240,매매기준율,현물+달러금리,2021-02-23,0.154,0.3886,0.0001,0.3887
261240,매매기준율,현물+달러금리,2021-02-24,0.1025,-0.054,0.0001,-0.0539
261240,매매기준율,현물+달러금리,2021-02-25,-0.3482,-0.1621,0.0001,-0.1621
261240,매매기준율,현물+달러금리,2021-02-26,1.4183,1.2089,0.0001,1.2091
261240,매매기준율,현물+달러금리,2021-03-02,0.0507,-0.0446,0.0004,-0.0441
261240,매매기준율,현물+달러금리,2021-03-03,-0.3039,0.1427,0.0001,0.1428
261240,매매기준율,현물+달러금리,2021-03-04,0.3048,0.2939,0.0001,0.294
261240,매매기준율,현물+달러금리,2021-03-05,0.0506,0.2841,0.0001,0.2843
261240,매매기준율,현물+달러금리,2021-03-08,0.7491,0.1682,0.0003,0.1686
261240,매매기준율,현물+달러금리,2021-03-09,0.6531,0.8663,0.0001,0.8664
261240,매매기준율,현물+달러금리,2021-03-10,0.1497,-0.0351,0.0001,-0.0349
261240,매매기준율,현물+달러금리,2021-03-11,-0.5482,-0.2981,0.0001,-0.298
261240,매매기준율,현물+달러금리,2021-03-12,-0.3007,-0.5803,0.0001,-0.5802
261240,매매기준율,현물+달러금리,2021-03-15,0.3519,0.4599,0.0003,0.4602
261240,매매기준율,현물+달러금리,2021-03-16,-0.6412,-0.2993,0.0001,-0.2992
261240,매매기준율,현물+달러금리,2021-03-17,0.1008,-0.0618,0.0001,-0.0618
261240,매매기준율,현물+달러금리,2021-03-18,-0.6547,-0.7157,0.0001,-0.7156
261240,매매기준율,현물+달러금리,2021-03-19,0.659,0.7208,0.0,0.7209
261240,매매기준율,현물+달러금리,2021-03-22,-0.1007,-0.0442,0.0001,-0.0441
261240,매매기준율,현물+달러금리,2021-03-23,0.0,-0.2917,0.0001,-0.2916
261240,매매기준율,현물+달러금리,2021-03-24,0.4436,0.4876,0.0,0.4876
261240,매매기준율,현물+달러금리,2021-03-25,-0.0502,0.0618,0.0001,0.0618
261240,매매기준율,현물+달러금리,2021-03-26,-0.3415,-0.2116,0.0001,-0.2115
261240,매매기준율,현물+달러금리,2021-03-29,0.2419,-0.0088,0.0002,-0.0087
261240,매매기준율,현물+달러금리,2021-03-30,0.1508,0.1591,0.0001,0.1591
261240,매매기준율,현물+달러금리,2021-03-31,-0.1907,-0.0794,0.0001,-0.0793
261240,매매기준율,현물+달러금리,2021-04-01,0.0402,-0.2914,0.0001,-0.2913
261240,매매기준율,현물+달러금리,2021-04-02,-0.3921,-0.1594,0.0001,-0.1593
261240,매매기준율,현물+달러금리,2021-04-05,0.0,0.0266,0.0002,0.0268
261240,매매기준율,현물+달러금리,2021-04-06,-0.7065,-0.4345,0.0001,-0.4344
261240,매매기준율,현물+달러금리,2021-04-07,-0.3456,-0.5789,0.0001,-0.5788
261240,매매기준율,현물+달러금리,2021-04-08,0.153,0.1881,0.0001,0.1882
261240,매매기준율,현물+달러금리,2021-04-09,0.3463,-0.1162,0.0,-0.1162
261240,매매기준율,현물+달러금리,2021-04-12,0.3045,0.6355,0.0002,0.6357
261240,매매기준율,현물+달러금리,2021-04-13,0.1012,0.1601,0.0001,0.1602
261240,매매기준율,현물+달러금리,2021-04-14,-0.7985,-0.5506,0.0001,-0.5505
261240,매매기준율,현물+달러금리,2021-04-15,0.0509,-0.2054,0.0001,-0.2053
261240,매매기준율,현물+달러금리,2021-04-16,-0.2037,0.0268,0.0001,0.0269
261240,매매기준율,현물+달러금리,2021-04-19,0.1021,0.0268,0.0002,0.027
261240,매매기준율,현물+달러금리,2021-04-20,-0.4078,-0.4293,0.0001,-0.4292
261240,매매기준율,현물+달러금리,2021-04-21,0.563,0.3593,0.0001,0.3593
261240,매매기준율,현물+달러금리,2021-04-22,-0.1527,-0.0984,0.0001,-0.0984
261240,매매기준율,현물+달러금리,2021-04-23,0.1019,0.2329,0.0001,0.233
261240,매매기준율,현물+달러금리,2021-04-26,-0.4583,-0.4379,0.0002,-0.4377
261240,매매기준율,현물+달러금리,2021-04-27,-0.2558,-0.2873,0.0001,-0.2872
261240,매매기준율,현물+달러금리,2021-04-28,0.2564,0.153,0.0,0.1531
261240,매매기준율,현물+달러금리,2021-04-29,-0.3581,-0.4584,0.0,-0.4584
261240,매매기준율,현물+달러금리,2021-04-30,0.2567,0.1987,0.0,0.1987
261240,매매기준율,현물+달러금리,2021-05-03,0.9627,0.8742,0.0001,0.8743
261240,매매기준율,현물+달러금리,2021-05-04,-0.1014,0.1608,0.0001,0.1609
261240,매매기준율,현물+달러금리,2021-05-06,0.4062,0.3925,0.0001,0.3926
261240,매매기준율,현물+달러금리,2021-05-07,-0.4045,-0.3643,0.0001,-0.3642
261240,매매기준율,현물+달러금리,2021-05-10,-0.6499,-0.6064,0.0002,-0.6062
261240,매매기준율,현물+달러금리,2021-05-11,0.511,0.4037,0.0001,0.4038
261240,매매기준율,현물+달러금리,2021-05-12,0.4474,0.3932,0.0,0.3932
261240,매매기준율,현물+달러금리,2021-05-13,0.4556,0.632,0.0001,0.632
261240,매매기준율,현물+달러금리,2021-05-14,-0.1008,-0.0973,0.0001,-0.0972
261240,매매기준율,현물+달러금리,2021-05-17,0.4439,0.3099,0.0001,0.31
261240,매매기준율,현물+달러금리,2021-05-18,-0.3917,0.0088,0.0001,0.0089
261240,매매기준율,현물+달러금리,2021-05-20,0.2924,-0.0794,0.0001,-0.0793
261240,매매기준율,현물+달러금리,2021-05-21,-0.4926,-0.4681,0.0,-0.4681
261240,매매기준율,현물+달러금리,2021-05-24,0.0,0.0621,0.0001,0.0622
261240,매매기준율,현물+달러금리,2021-05-25,-0.3536,-0.4257,0.0001,-0.4256
261240,매매기준율,현물+달러금리,2021-05-26,-0.4968,-0.3741,0.0001,-0.374
261240,매매기준율,현물+달러금리,2021-05-27,-0.0509,-0.0536,0.0001,-0.0536
261240,매매기준율,현물+달러금리,2021-05-28,-0.1019,-0.1789,0.0001,-0.1788
261240,매매기준율,현물+달러금리,2021-05-31,-0.3572,-0.224,0.0001,-0.2239
261240,매매기준율,현물+달러금리,2021-06-01,-0.4506,-0.5837,0.0,-0.5837
261240,매매기준율,현물+달러금리,2021-06-02,0.607,0.2981,0.0001,0.2982
261240,매매기준율,현물+달러금리,2021-06-03,0.1023,0.1351,0.0001,0.1352
261240,매매기준율,현물+달러금리,2021-06-04,0.1532,0.5127,0.0001,0.5127
261240,매매기준율,현물+달러금리,2021-06-07,-0.306,-0.5638,0.0002,-0.5636
261240,매매기준율,현물+달러금리,2021-06-08,0.0512,0.225,0.0001,0.225
261240,매매기준율,현물+달러금리,2021-06-09,0.2045,0.1886,0.0001,0.1886
261240,매매기준율,현물+달러금리,2021-06-10,0.0,-0.0717,0.0001,-0.0716
261240,매매기준율,현물+달러금리,2021-06-11,-0.4592,-0.3408,0.0001,-0.3407
261240,매매기준율,현물+달러금리,2021-06-14,0.5639,0.468,0.0002,0.4682
261240,매매기준율,현물+달러금리,2021-06-15,0.051,0.1254,0.0001,0.1255
261240,매매기준율,현물+달러금리,2021-06-16,-0.0509,-0.0089,0.0001,-0.0089
261240,매매기준율,현물+달러금리,2021-06-17,1.2641,1.0557,0.0001,1.0559
261240,매매기준율,현물+달러금리,2021-06-18,0.0503,0.239,0.0001,0.2392
261240,매매기준율,현물+달러금리,2021-06-21,0.2415,0.2826,0.0004,0.283
261240,매매기준율,현물+달러금리,2021-06-22,-0.2409,-0.2642,0.0001,-0.2641
261240,매매기준율,현물+달러금리,2021-06-23,0.4427,0.2826,0.0001,0.2827
261240,매매기준율,현물+달러금리,2021-06-24,-0.2505,0.0176,0.0001,0.0177
261240,매매기준율,현물+달러금리,2021-06-25,-0.4921,-0.6163,0.0001,-0.6162
261240,매매기준율,현물+달러금리,2021-06-28,0.1514,0.0974,0.0005,0.0979
261240,매매기준율,현물+달러금리,2021-06-29,-0.1008,0.0089,0.0001,0.009
261240,매매기준율,현물+달러금리,2021-06-30,-0.2018,-0.0442,0.0001,-0.0441
261240,매매기준율,현물+달러금리,2021-07-01,0.5458,0.239,0.0001,0.2392
261240,매매기준율,현물+달러금리,2021-07-02,0.2011,0.2031,0.0001,0.2033
261240,매매기준율,현물+달러금리,2021-07-05,-0.291,-0.3702,0.0004,-0.3698
261240,매매기준율,현물+달러금리,2021-07-06,-0.1509,0.1327,0.0001,0.1328
261240,매매기준율,현물+달러금리,2021-07-07,0.7457,0.5125,0.0001,0.5126
261240,매매기준율,현물+달러금리,2021-07-08,0.4501,0.5098,0.0001,0.51
261240,매매기준율,현물+달러금리,2021-07-09,0.3386,0.4285,0.0002,0.4287
261240,매매기준율,현물+달러금리,2021-07-12,0.0,-0.1655,0.0005,-0.165
261240,매매기준율,현물+달러금리,2021-07-13,-0.1985,-0.1134,0.0001,-0.1133
261240,매매기준율,현물+달러금리,2021-07-14,0.2983,0.4541,0.0001,0.4542
261240,매매기준율,현물+달러금리,2021-07-15,-0.6345,-0.5738,0.0002,-0.5736
261240,매매기준율,현물+달러금리,2021-07-16,-0.1497,-0.2273,0.0001,-0.2272
261240,매매기준율,현물+달러금리,2021-07-19,0.7395,0.4031,0.0004,0.4035
261240,매매기준율,현물+달러금리,2021-07-20,0.1984,0.4626,0.0001,0.4627
261240,매매기준율,현물+달러금리,2021-07-21,0.198,-0.0348,0.0001,-0.0346
261240,매매기준율,현물+달러금리,2021-07-22,-0.1976,0.0348,0.0001,0.0349
261240,매매기준율,현물+달러금리,2021-07-23,-0.0495,-0.1303,0.0001,-0.1302
261240,매매기준율,현물+달러금리,2021-07-26,0.3962,0.3219,0.0004,0.3223
261240,매매기준율,현물+달러금리,2021-07-27,-0.3453,-0.2601,0.0001,-0.26
261240,매매기준율,현물+달러금리,2021-07-28,0.396,0.3999,0.0001,0.4001
261240,매매기준율,현물+달러금리,2021-07-29,-0.7396,-0.6408,0.0001,-0.6407
261240,매매기준율,현물+달러금리,2021-07-30,0.3477,0.0087,0.0002,0.0089
261240,매매기준율,현물+달러금리,2021-08-02,0.0,0.3486,0.0005,0.3491
261240,매매기준율,현물+달러금리,2021-08-03,-0.1485,-0.0695,0.0001,-0.0693
261240,매매기준율,현물+달러금리,2021-08-04,-0.4362,-0.4258,0.0001,-0.4257
261240,매매기준율,현물+달러금리,2021-08-05,0.0,-0.2007,0.0001,-0.2006
261240,매매기준율,현물+달러금리,2021-08-06,-0.0996,-0.1049,0.0001,-0.1048
261240,매매기준율,현물+달러금리,2021-08-09,0.1994,0.2364,0.0005,0.2369
261240,매매기준율,현물+달러금리,2021-08-10,0.4377,0.3057,0.0002,0.3058
261240,매매기준율,현물+달러금리,2021-08-11,0.5448,0.566,0.0001,0.5661
261240,매매기준율,현물+달러금리,2021-08-12,0.3349,0.3377,0.0001,0.3378
261240,매매기준율,현물+달러금리,2021-08-13,0.5891,0.768,0.0002,0.7681
261240,매매기준율,현물+달러금리,2021-08-17,0.7711,0.608,0.0007,0.6086
261240,매매기준율,현물+달러금리,2021-08-18,-0.7168,-0.1872,0.0002,-0.1871
261240,매매기준율,현물+달러금리,2021-08-19,0.6732,0.1535,0.0002,0.1537
261240,매매기준율,현물+달러금리,2021-08-20,0.2907,0.1873,0.0002,0.1875
261240,매매기준율,현물+달러금리,2021-08-23,-0.4831,-0.2295,0.0004,-0.229
261240,매매기준율,현물+달러금리,2021-08-24,-0.7185,-0.5111,0.0001,-0.5109
261240,매매기준율,현물+달러금리,2021-08-25,0.0489,-0.1284,0.0001,-0.1283
261240,매매기준율,현물+달러금리,2021-08-26,0.3421,0.1372,0.0002,0.1373
261240,매매기준율,현물+달러금리,2021-08-27,-0.0974,0.2311,0.0001,0.2313
261240,매매기준율,현물+달러금리,2021-08-30,-0.2438,-0.5466,0.0004,-0.5462
261240,매매기준율,현물+달러금리,2021-08-31,-0.6354,-0.1374,0.0001,-0.1373
261240,매매기준율,현물+달러금리,2021-09-01,-0.1869,-0.4558,0.0001,-0.4557
261240,매매기준율,현물+달러금리,2021-09-02,0.3844,0.1901,0.0001,0.1902
261240,매매기준율,현물+달러금리,2021-09-03,-0.4811,-0.2846,0.0001,-0.2844
261240,매매기준율,현물+달러금리,2021-09-06,0.0,0.0778,0.0004,0.0782
261240,매매기준율,현물+달러금리,2021-09-07,0.1973,0.0518,0.0001,0.052
261240,매매기준율,현물+달러금리,2021-09-08,0.7286,0.57,0.0001,0.5701
261240,매매기준율,현물+달러금리,2021-09-09,0.2933,0.4809,0.0001,0.481
261240,매매기준율,현물+달러금리,2021-09-10,-0.0975,0.0256,0.0001,0.0257
261240,매매기준율,현물+달러금리,2021-09-13,0.6244,0.3332,0.0004,0.3336
261240,매매기준율,현물+달러금리,2021-09-14,-0.4266,-0.1788,0.0002,-0.1787
261240,매매기준율,현물+달러금리,2021-09-15,-0.0487,-0.0427,0.0001,-0.0425
261240,매매기준율,현물+달러금리,2021-09-16,0.0877,-0.2219,0.0001,-0.2218
261240,매매기준율,현물+달러금리,2021-09-17,0.2433,0.7271,0.0001,0.7272
261240,매매기준율,현물+달러금리,2021-09-23,0.1456,0.3482,0.0007,0.3488
261240,매매기준율,현물+달러금리,2021-09-24,0.0485,-0.5416,0.0001,-0.5415
261240,매매기준율,현물+달러금리,2021-09-27,-0.1454,0.0511,0.0002,0.0513
261240,매매기준율,현물+달러금리,2021-09-28,0.7667,0.5188,0.0001,0.5189
261240,매매기준율,현물+달러금리,2021-09-29,-0.1348,0.2453,0.0001,0.2455
261240,매매기준율,현물+달러금리,2021-09-30,0.135,0.0253,0.0001,0.0254
261240,매매기준율,현물+달러금리,2021-10-01,0.2889,0.1687,0.0001,0.1689
261240,매매기준율,현물+달러금리,2021-10-05,0.1441,-0.0084,0.0004,-0.008
261240,매매기준율,현물+달러금리,2021-10-06,0.3356,0.2443,0.0001,0.2444
261240,매매기준율,현물+달러금리,2021-10-07,-0.2867,0.0252,0.0001,0.0253
261240,매매기준율,현물+달러금리,2021-10-08,0.3355,0.2604,0.0001,0.2606
261240,매매기준율,현물+달러금리,2021-10-12,0.4203,0.4776,0.0005,0.4782
261240,매매기준율,현물+달러금리,2021-10-13,-0.4186,-0.3419,0.0002,-0.3418
261240,매매기준율,현물+달러금리,2021-10-14,-0.7165,-0.5607,0.0001,-0.5605
261240,매매기준율,현물+달러금리,2021-10-15,-0.3753,-0.4628,0.0001,-0.4627
261240,매매기준율,현물+달러금리,2021-10-18,0.5698,0.2536,0.0004,0.254
261240,매매기준율,현물+달러금리,2021-10-19,-0.7587,-0.3458,0.0002,-0.3456
261240,매매기준율,현물+달러금리,2021-10-20,-0.4838,-0.5162,0.0001,-0.5161
261240,매매기준율,현물+달러금리,2021-10-21,0.3403,0.017,0.0001,0.0171
261240,매매기준율,현물+달러금리,2021-10-22,0.0,0.2211,0.0002,0.2213
261240,매매기준율,현물+달러금리,2021-10-25,-0.8625,-0.5601,0.0005,-0.5596
261240,매매기준율,현물+달러금리,2021-10-26,-0.0978,-0.4694,0.0002,-0.4692
261240,매매기준율,현물+달러금리,2021-10-27,0.3425,0.1543,0.0002,0.1545
261240,매매기준율,현물+달러금리,2021-10-28,0.0,0.3082,0.0002,0.3084
261240,매매기준율,현물+달러금리,2021-10-29,-0.1463,-0.1792,0.0002,-0.1791
261240,매매기준율,현물+달러금리,2021-11-01,0.6738,0.5728,0.0004,0.5733
261240,매매기준율,현물+달러금리,2021-11-02,-0.1455,-0.068,0.0001,-0.0679
261240,매매기준율,현물+달러금리,2021-11-03,0.5343,0.4764,0.0001,0.4765
261240,매매기준율,현물+달러금리,2021-11-04,0.0483,-0.0931,0.0001,-0.093
261240,매매기준율,현물+달러금리,2021-11-05,0.3284,0.4407,0.0001,0.4408
261240,매매기준율,현물+달러금리,2021-11-08,-0.2792,-0.0759,0.0004,-0.0755
261240,매매기준율,현물+달러금리,2021-11-09,-0.3861,-0.4982,0.0002,-0.498
261240,매매기준율,현물+달러금리,2021-11-10,0.2907,0.2206,0.0001,0.2207
261240,매매기준율,현물+달러금리,2021-11-11,0.0,0.3133,0.0001,0.3134
261240,매매기준율,현물+달러금리,2021-11-12,-0.0966,-0.4305,0.0001,-0.4304
261240,매매기준율,현물+달러금리,2021-11-15,-0.1934,0.0509,0.0004,0.0513
261240,매매기준율,현물+달러금리,2021-11-16,0.0485,-0.0508,0.0001,-0.0507
261240,매매기준율,현물+달러금리,2021-11-17,0.2422,0.3391,0.0001,0.3392
261240,매매기준율,현물+달러금리,2021-11-18,-0.1933,-0.2619,0.0001,-0.2618
261240,매매기준율,현물+달러금리,2021-11-19,0.3873,0.2541,0.0001,0.2543
261240,매매기준율,현물+달러금리,2021-11-22,0.0868,0.3295,0.0004,0.3299
261240,매매기준율,현물+달러금리,2021-11-23,0.3854,0.1263,0.0001,0.1265
261240,매매기준율,현물+달러금리,2021-11-24,-0.336,-0.0336,0.0002,-0.0335
261240,매매기준율,현물+달러금리,2021-11-25,0.3371,0.101,0.0002,0.1011
261240,매매기준율,현물+달러금리,2021-11-26,0.192,0.2774,0.0002,0.2775
261240,매매기준율,현물+달러금리,2021-11-29,0.0479,0.0335,0.0005,0.034
261240,매매기준율,현물+달러금리,2021-11-30,-0.4309,-0.4776,0.0002,-0.4775
261240,매매기준율,현물+달러금리,2021-12-01,-0.7598,-0.6231,0.0001,-0.6229
261240,매매기준율,현물+달러금리,2021-12-02,-0.2423,-0.2542,0.0002,-0.254
261240,매매기준율,현물+달러금리,2021-12-03,0.2429,0.1104,0.0001,0.1106
261240,매매기준율,현물+달러금리,2021-12-06,0.3392,0.4327,0.0005,0.4332
261240,매매기준율,현물+달러금리,2021-12-07,-0.2415,-0.2112,0.0002,-0.211
261240,매매기준율,현물+달러금리,2021-12-08,-0.3389,-0.4064,0.0002,-0.4062
261240,매매기준율,현물+달러금리,2021-12-09,-0.1943,-0.221,0.0002,-0.2208
261240,매매기준율,현물+달러금리,2021-12-10,0.5353,0.3749,0.0002,0.375
261240,매매기준율,현물+달러금리,2021-12-13,0.0,0.0509,0.0005,0.0514
261240,매매기준율,현물+달러금리,2021-12-14,0.1452,0.4072,0.0001,0.4073
261240,매매기준율,현물+달러금리,2021-12-15,0.377,0.2197,0.0001,0.2198
261240,매매기준율,현물+달러금리,2021-12-16,-0.183,-0.2276,0.0002,-0.2275
261240,매매기준율,현물+달러금리,2021-12-17,-0.193,0.076,0.0001,0.0762
261240,매매기준율,현물+달러금리,2021-12-20,0.8604,0.4559,0.0004,0.4563
261240,매매기준율,현물+달러금리,2021-12-21,0.0958,0.1429,0.0002,0.1431
261240,매매기준율,현물+달러금리,2021-12-22,0.0,-0.0252,0.0002,-0.025
261240,매매기준율,현물+달러금리,2021-12-23,-0.4309,-0.3106,0.0002,-0.3104
261240,매매기준율,현물+달러금리,2021-12-24,0.0,-0.0926,0.0002,-0.0924
261240,매매기준율,현물+달러금리,2021-12-27,-0.0481,-0.0169,0.0007,-0.0162
261240,매매기준율,현물+달러금리,2021-12-28,0.0481,0.0422,0.0002,0.0423
261240,매매기준율,현물+달러금리,2021-12-29,0.0481,-0.0084,0.0002,-0.0083
261240,매매기준율,현물+달러금리,2021-12-30,0.1442,-0.0927,0.0001,-0.0926
261240,매매기준율,현물+달러금리,2022-01-03,0.288,0.4471,0.0005,0.4476
261240,매매기준율,현물+달러금리,2022-01-04,0.1436,0.2939,0.0002,0.2942
261240,매매기준율,현물+달러금리,2022-01-05,0.2294,0.3266,0.0002,0.3268
261240,매매기준율,현물+달러금리,2022-01-06,0.2384,0.1168,0.0002,0.1171
261240,매매기준율,현물+달러금리,2022-01-07,0.0,0.2334,0.0003,0.2337
261240,매매기준율,현물+달러금리,2022-01-10,-0.0951,-0.1996,0.0008,-0.1988
261240,매매기준율,현물+달러금리,2022-01-11,-0.3237,-0.4,0.0004,-0.3996
261240,매매기준율,현물+달러금리,2022-01-12,-0.4299,-0.4434,0.0003,-0.4431
261240,매매기준율,현물+달러금리,2022-01-13,-0.1439,-0.1429,0.0003,-0.1425
261240,매매기준율,현물+달러금리,2022-01-14,-0.048,-0.0505,0.0003,-0.0502
261240,매매기준율,현물+달러금리,2022-01-17,0.3364,0.3958,0.0011,0.3968
261240,매매기준율,현물+달러금리,2022-01-18,-0.0958,-0.2852,0.0004,-0.2848
261240,매매기준율,현물+달러금리,2022-01-19,0.0479,0.2439,0.0005,0.2444
261240,매매기준율,현물+달러금리,2022-01-20,0.0479,-0.1175,0.0005,-0.117
261240,매매기준율,현물+달러금리,2022-01-21,0.1916,0.2688,0.0005,0.2693
261240,매매기준율,현물+달러금리,2022-01-24,0.1434,0.0503,0.0014,0.0517
261240,매매기준율,현물+달러금리,2022-01-25,0.2769,0.3015,0.0005,0.302
261240,매매기준율,현물+달러금리,2022-01-26,-0.0952,-0.0668,0.0005,-0.0662
261240,매매기준율,현물+달러금리,2022-01-27,0.4289,0.4511,0.0005,0.4517
261240,매매기준율,현물+달러금리,2022-01-28,0.2373,0.2745,0.0005,0.275
261240,매매기준율,현물+달러금리,2022-02-03,0.0947,-0.0249,0.0031,-0.0218
261240,매매기준율,현물+달러금리,2022-02-04,-0.8418,-0.4895,0.0006,-0.4889
261240,매매기준율,현물+달러금리,2022-02-07,0.2766,-0.0083,0.0019,-0.0064
261240,매매기준율,현물+달러금리,2022-02-08,-0.1427,-0.1334,0.0008,-0.1326
261240,매매기준율,현물+달러금리,2022-02-09,-0.181,-0.1503,0.0007,-0.1495
261240,매매기준율,현물+달러금리,2022-02-10,0.0477,0.0,0.0007,0.0007
261240,매매기준율,현물+달러금리,2022-02-11,0.2289,0.301,0.0011,0.3021
261240,매매기준율,현물+달러금리,2022-02-14,-0.3236,-0.1084,0.003,-0.1053
261240,매매기준율,현물+달러금리,2022-02-15,0.3246,0.0167,0.0012,0.0179
261240,매매기준율,현물+달러금리,2022-02-16,-0.2284,-0.1335,0.0011,-0.1324
261240,매매기준율,현물+달러금리,2022-02-17,0.0382,0.0167,0.0011,0.0178
261240,매매기준율,현물+달러금리,2022-02-18,-0.1812,-0.0585,0.001,-0.0575
261240,매매기준율,현물+달러금리,2022-02-21,-0.3344,-0.1505,0.0029,-0.1476
261240,매매기준율,현물+달러금리,2022-02-22,0.1917,0.0084,0.001,0.0093
261240,매매기준율,현물+달러금리,2022-02-23,0.0478,-0.2176,0.0011,-0.2166
261240,매매기준율,현물+달러금리,2022-02-24,0.612,0.6124,0.001,0.6134
261240,매매기준율,현물+달러금리,2022-02-25,0.0475,0.2751,0.0009,0.276
261240,매매기준율,현물+달러금리,2022-02-28,0.0475,0.2411,0.0027,0.2438
261240,매매기준율,현물+달러금리,2022-03-02,0.2374,-0.0498,0.002,-0.0477
261240,매매기준율,현물+달러금리,2022-03-03,-0.0947,-0.1162,0.0009,-0.1153
261240,매매기준율,현물+달러금리,2022-03-04,0.749,0.6564,0.001,0.6574
261240,매매기준율,현물+달러금리,2022-03-07,1.214,1.1473,0.0027,1.1501
261240,매매기준율,현물+달러금리,2022-03-08,0.7345,0.7426,0.001,0.7437
261240,매매기준율,현물+달러금리,2022-03-10,-0.6369,-0.4698,0.002,-0.4679
261240,매매기준율,현물+달러금리,2022-03-11,0.1858,0.3011,0.001,0.3022
261240,매매기준율,현물+달러금리,2022-03-14,0.8252,0.5031,0.0032,0.5063
261240,매매기준율,현물+달러금리,2022-03-15,0.046,0.2503,0.0012,0.2515
261240,매매기준율,현물+달러금리,2022-03-16,-0.5975,-0.1047,0.0013,-0.1034
261240,매매기준율,현물+달러금리,2022-03-17,-1.646,-1.5963,0.0012,-1.5951
261240,매매기준율,현물+달러금리,2022-03-18,-0.2351,-0.7783,0.0011,-0.7772
261240,매매기준율,현물+달러금리,2022-03-21,0.377,0.2147,0.0034,0.2181
261240,매매기준율,현물+달러금리,2022-03-22,0.1878,0.6344,0.0015,0.6359
261240,매매기준율,현물+달러금리,2022-03-23,-0.328,-0.7123,0.0014,-0.7109
261240,매매기준율,현물+달러금리,2022-03-24,0.3291,0.5525,0.0014,0.5539
261240,매매기준율,현물+달러금리,2022-03-25,0.0469,-0.0902,0.0014,-0.0888
261240,매매기준율,현물+달러금리,2022-03-28,0.6463,0.6074,0.0044,0.6118
261240,매매기준율,현물+달러금리,2022-03-29,-0.5491,-0.4242,0.0016,-0.4226
261240,매매기준율,현물+달러금리,2022-03-30,-0.8422,-0.7948,0.0015,-0.7932
261240,매매기준율,현물+달러금리,2022-03-31,0.2359,-0.0083,0.0015,-0.0068
261240,매매기준율,현물+달러금리,2022-04-01,0.2354,0.446,0.0014,0.4474
261240,매매기준율,현물+달러금리,2022-04-04,-0.1879,0.0493,0.0043,0.0536
261240,매매기준율,현물+달러금리,2022-04-05,-0.0941,-0.337,0.0018,-0.3351
261240,매매기준율,현물+달러금리,2022-04-06,0.5181,0.536,0.0018,0.5378
261240,매매기준율,현물+달러금리,2022-04-07,0.0937,-0.0492,0.0018,-0.0474
261240,매매기준율,현물+달러금리,2022-04-08,0.3651,0.4514,0.0019,0.4532
261240,매매기준율,현물+달러금리,2022-04-11,0.7463,0.6536,0.0057,0.6593
261240,매매기준율,현물+달러금리,2022-04-12,0.2222,0.3734,0.0021,0.3755
261240,매매기준율,현물+달러금리,2022-04-13,-0.7299,-0.7197,0.002,-0.7177
261240,매매기준율,현물+달러금리,2022-04-14,-0.2792,-0.2851,0.0021,-0.283
261240,매매기준율,현물+달러금리,2022-04-15,0.42,0.4819,0.0021,0.4841
261240,매매기준율,현물+달러금리,2022-04-18,0.3717,0.2195,0.0064,0.2259
261240,매매기준율,현물+달러금리,2022-04-19,0.2685,0.1703,0.0022,0.1726
261240,매매기준율,현물+달러금리,2022-04-20,-0.1755,0.1782,0.0022,0.1804
261240,매매기준율,현물+달러금리,2022-04-21,0.222,-0.0566,0.0022,-0.0543
261240,매매기준율,현물+달러금리,2022-04-22,0.1385,0.4287,0.0022,0.4309
261240,매매기준율,현물+달러금리,2022-04-25,0.8664,0.4349,0.0067,0.4417
261240,매매기준율,현물+달러금리,2022-04-26,0.0457,0.0962,0.0025,0.0988
261240,매매기준율,현물+달러금리,2022-04-27,1.1326,1.1856,0.0023,1.1879
261240,매매기준율,현물+달러금리,2022-04-28,0.6684,0.4988,0.0022,0.501
261240,매매기준율,현물+달러금리,2022-04-29,-1.3278,-0.3151,0.0022,-0.3129
261240,매매기준율,현물+달러금리,2022-05-02,0.7183,0.0316,0.0068,0.0384
261240,매매기준율,현물+달러금리,2022-05-03,0.1806,-0.0079,0.0025,-0.0054
261240,매매기준율,현물+달러금리,2022-05-04,-0.1352,-0.3081,0.0025,-0.3057
261240,매매기준율,현물+달러금리,2022-05-06,0.5324,0.8638,0.0048,0.8687
261240,매매기준율,현물+달러금리,2022-05-09,0.1795,0.1493,0.0069,0.1562
261240,매매기준율,현물+달러금리,2022-05-10,0.0896,0.0706,0.0025,0.0731
261240,매매기준율,현물+달러금리,2022-05-11,0.0448,0.1176,0.0024,0.12
261240,매매기준율,현물+달러금리,2022-05-12,1.1543,0.7361,0.0025,0.7386
261240,매매기준율,현물+달러금리,2022-05-13,-0.5307,-0.0311,0.0026,-0.0285
261240,매매기준율,현물+달러금리,2022-05-16,-0.0356,-0.3421,0.0083,-0.3339
261240,매매기준율,현물+달러금리,2022-05-17,-0.5338,-0.3433,0.0029,-0.3404
261240,매매기준율,현물+달러금리,2022-05-18,-0.7513,-0.6185,0.0029,-0.6157
261240,매매기준율,현물+달러금리,2022-05-19,0.802,0.4176,0.0028,0.4204
261240,매매기준율,현물+달러금리,2022-05-20,-0.7062,-0.4001,0.0028,-0.3973
261240,매매기준율,현물+달러금리,2022-05-23,-0.3151,-0.1418,0.0083,-0.1335
261240,매매기준율,현물+달러금리,2022-05-24,0.1355,-0.2682,0.0029,-0.2653
261240,매매기준율,현물+달러금리,2022-05-25,-0.0451,-0.0791,0.0029,-0.0762
261240,매매기준율,현물+달러금리,2022-05-26,0.1805,0.2454,0.0029,0.2483
261240,매매기준율,현물+달러금리,2022-05-27,-0.8467,-0.7502,0.0029,-0.7473
261240,매매기준율,현물+달러금리,2022-05-30,-1.4898,-0.8831,0.0087,-0.8745
261240,매매기준율,현물+달러금리,2022-05-31,0.0,-0.594,0.0029,-0.5911
261240,매매기준율,현물+달러금리,2022-06-02,1.1896,1.0336,0.0062,1.0398
261240,매매기준율,현물+달러금리,2022-06-03,-0.8566,-0.8072,0.0031,-0.8042
261240,매매기준율,현물+달러금리,2022-06-07,1.3604,1.2892,0.0128,1.3022
261240,매매기준율,현물+달러금리,2022-06-08,-0.3537,-0.1352,0.0034,-0.1318
261240,매매기준율,현물+달러금리,2022-06-09,0.1365,0.1752,0.0034,0.1787
261240,매매기준율,현물+달러금리,2022-06-10,0.8998,0.6679,0.0035,0.6714
261240,매매기준율,현물+달러금리,2022-06-13,1.3781,1.5798,0.011,1.591
261240,매매기준율,현물+달러금리,2022-06-14,0.0444,0.2877,0.0046,0.2924
261240,매매기준율,현물+달러금리,2022-06-15,0.3552,0.1241,0.0049,0.1289
261240,매매기준율,현물+달러금리,2022-06-16,-0.3097,-0.5576,0.0046,-0.553
261240,매매기준율,현물+달러금리,2022-06-17,0.0888,0.2648,0.0042,0.269
261240,매매기준율,현물+달러금리,2022-06-20,0.2217,0.3262,0.013,0.3392
261240,매매기준율,현물+달러금리,2022-06-21,0.3097,-0.0852,0.0043,-0.0808
261240,매매기준율,현물+달러금리,2022-06-22,0.1676,0.3952,0.0045,0.3997
261240,매매기준율,현물+달러금리,2022-06-23,0.3963,0.3859,0.0043,0.3902
261240,매매기준율,현물+달러금리,2022-06-24,-0.1755,-0.0999,0.0044,-0.0956
261240,매매기준율,현물+달러금리,2022-06-27,-1.0018,-1.062,0.0136,-1.0485
261240,매매기준율,현물+달러금리,2022-06-28,-0.1775,-0.0544,0.0048,-0.0497
261240,매매기준율,현물+달러금리,2022-06-29,1.1472,0.6226,0.0048,0.6274
261240,매매기준율,현물+달러금리,2022-06-30,0.044,0.5337,0.0047,0.5384
261240,매매기준율,현물+달러금리,2022-07-01,-0.0439,-0.4308,0.0045,-0.4263
261240,매매기준율,현물+달러금리,2022-07-04,-0.044,0.2859,0.0136,0.2996
261240,매매기준율,현물+달러금리,2022-07-05,0.2199,0.0077,0.0045,0.0123
261240,매매기준율,현물+달러금리,2022-07-06,0.5705,0.7242,0.0051,0.7293
261240,매매기준율,현물+달러금리,2022-07-07,-0.5672,-0.3595,0.0051,-0.3544
261240,매매기준율,현물+달러금리,2022-07-08,0.0439,-0.261,0.0052,-0.2558
261240,매매기준율,현물+달러금리,2022-07-11,0.1755,0.1001,0.0157,0.1158
261240,매매기준율,현물+달러금리,2022-07-12,0.7356,0.9457,0.0058,0.9516
261240,매매기준율,현물+달러금리,2022-07-13,-0.3477,-0.5332,0.0059,-0.5273
261240,매매기준율,현물+달러금리,2022-07-14,0.2181,0.314,0.0064,0.3204
261240,매매기준율,현물+달러금리,2022-07-15,1.1229,1.0458,0.0064,1.0523
261240,매매기준율,현물+달러금리,2022-07-18,-0.5509,-0.4457,0.0188,-0.427
261240,매매기준율,현물+달러금리,2022-07-19,-0.303,-0.2201,0.0067,-0.2134
261240,매매기준율,현물+달러금리,2022-07-20,-0.1736,-0.4791,0.0067,-0.4724
261240,매매기준율,현물+달러금리,2022-07-21,-0.2609,0.2675,0.0067,0.2742
261240,매매기준율,현물+달러금리,2022-07-22,0.3488,-0.0305,0.0066,-0.0239
261240,매매기준율,현물+달러금리,2022-07-25,0.0869,-0.0534,0.0198,-0.0336
261240,매매기준율,현물+달러금리,2022-07-26,-0.3473,-0.0763,0.007,-0.0693
261240,매매기준율,현물+달러금리,2022-07-27,0.2614,0.2137,0.0068,0.2205
261240,매매기준율,현물+달러금리,2022-07-28,-0.9472,-0.6703,0.0065,-0.6639
261240,매매기준율,현물+달러금리,2022-07-29,0.0439,-0.4141,0.0064,-0.4077
261240,매매기준율,현물+달러금리,2022-08-01,0.3508,0.6006,0.0192,0.62
261240,매매기준율,현물+달러금리,2022-08-02,0.0437,0.0612,0.0068,0.068
261240,매매기준율,현물+달러금리,2022-08-03,0.428,0.2524,0.0068,0.2593
261240,매매기준율,현물+달러금리,2022-08-04,0.0,-0.061,0.0067,-0.0544
261240,매매기준율,현물+달러금리,2022-08-05,-0.861,-0.7941,0.0066,-0.7875
261240,매매기준율,현물+달러금리,2022-08-08,0.5615,0.4233,0.0204,0.4438
261240,매매기준율,현물+달러금리,2022-08-09,-0.0785,0.023,0.007,0.03
261240,매매기준율,현물+달러금리,2022-08-10,0.4715,0.3065,0.0071,0.3136
261240,매매기준율,현물+달러금리,2022-08-11,-0.5561,-0.5042,0.007,-0.4972
261240,매매기준율,현물+달러금리,2022-08-12,-0.0874,0.0461,0.0069,0.053
261240,매매기준율,현물+달러금리,2022-08-16,0.516,0.4988,0.0277,0.5267
261240,매매기준율,현물+달러금리,2022-08-17,0.0,0.0153,0.0072,0.0224
261240,매매기준율,현물+달러금리,2022-08-18,0.8179,0.5726,0.0071,0.5797
261240,매매기준율,현물+달러금리,2022-08-19,0.4747,0.7136,0.0072,0.7208
261240,매매기준율,현물+달러금리,2022-08-22,1.0651,0.8668,0.0217,0.8887
261240,매매기준율,현물+달러금리,2022-08-23,0.4589,0.269,0.0075,0.2765
261240,매매기준율,현물+달러금리,2022-08-24,-0.1692,-0.0298,0.0074,-0.0224
261240,매매기준율,현물+달러금리,2022-08-25,-0.6271,-0.3355,0.0075,-0.328
261240,매매기준율,현물+달러금리,2022-08-26,-0.2558,-0.3291,0.0076,-0.3215
261240,매매기준율,현물+달러금리,2022-08-29,1.4022,1.1407,0.0228,1.1638
261240,매매기준율,현물+달러금리,2022-08-30,-0.2108,-0.0148,0.0079,-0.0069
261240,매매기준율,현물+달러금리,2022-08-31,-0.583,-0.1781,0.0079,-0.1702
261240,매매기준율,현물+달러금리,2022-09-01,1.1304,0.4684,0.0079,0.4763
261240,매매기준율,현물+달러금리,2022-09-02,0.6303,0.3774,0.0079,0.3853
261240,매매기준율,현물+달러금리,2022-09-05,0.7433,0.9731,0.0234,0.9967
261240,매매기준율,현물+달러금리,2022-09-06,-0.0414,0.0438,0.0078,0.0516
261240,매매기준율,현물+달러금리,2022-09-07,1.0698,1.0947,0.0081,1.1028
261240,매매기준율,현물+달러금리,2022-09-08,-0.4103,-0.296,0.0082,-0.2878
261240,매매기준율,현물+달러금리,2022-09-13,-0.4037,-0.4634,0.0407,-0.4229
261240,매매기준율,현물+달러금리,2022-09-14,1.1416,1.2293,0.0087,1.2381
261240,매매기준율,현물+달러금리,2022-09-15,0.3681,0.1796,0.0086,0.1883
261240,매매기준율,현물+달러금리,2022-09-16,-0.3667,0.0,0.0085,0.0085
261240,매매기준율,현물+달러금리,2022-09-19,0.2863,-0.2941,0.0255,-0.2687
261240,매매기준율,현물+달러금리,2022-09-20,-0.2447,-0.0719,0.009,-0.0629
261240,매매기준율,현물+달러금리,2022-09-21,0.4088,0.324,0.0089,0.3329
261240,매매기준율,현물+달러금리,2022-09-22,1.2133,1.0333,0.0088,1.0422
261240,매매기준율,현물+달러금리,2022-09-23,-0.2816,0.0284,0.0087,0.0372
261240,매매기준율,현물+달러금리,2022-09-26,1.6781,1.5124,0.0256,1.5384
261240,매매기준율,현물+달러금리,2022-09-27,-0.6268,-0.1749,0.009,-0.1658
261240,매매기준율,현물+달러금리,2022-09-28,1.2217,0.6516,0.0089,0.6606
261240,매매기준율,현물+달러금리,2022-09-29,-0.0789,-0.1183,0.009,-0.1093
261240,매매기준율,현물+달러금리,2022-09-30,-0.5052,-0.1882,0.0089,-0.1793
261240,매매기준율,현물+달러금리,2022-10-04,-0.5475,-0.0628,0.0353,-0.0276
261240,매매기준율,현물+달러금리,2022-10-05,-0.9494,-0.8454,0.0091,-0.8364
261240,매매기준율,현물+달러금리,2022-10-06,-0.5236,-1.05,0.0091,-1.0409
261240,매매기준율,현물+달러금리,2022-10-07,0.8016,0.4344,0.0091,0.4435
261240,매매기준율,현물+달러금리,2022-10-11,1.5985,1.645,0.0363,1.6819
261240,매매기준율,현물+달러금리,2022-10-12,-0.7906,-0.2163,0.0097,-0.2066
261240,매매기준율,현물+달러금리,2022-10-13,0.4383,-0.2377,0.0098,-0.228
261240,매매기준율,현물+달러금리,2022-10-14,-0.1984,0.1331,0.01,0.1431
261240,매매기준율,현물+달러금리,2022-10-17,0.5565,0.5389,0.03,0.569
261240,매매기준율,현물+달러금리,2022-10-18,-0.9013,-0.7657,0.0105,-0.7553
261240,매매기준율,현물+달러금리,2022-10-19,0.2713,-0.3507,0.0107,-0.3401
261240,매매기준율,현물+달러금리,2022-10-20,0.4376,0.7814,0.0107,0.7922
261240,매매기준율,현물+달러금리,2022-10-21,0.5862,0.3423,0.0107,0.353
261240,매매기준율,현물+달러금리,2022-10-24,-0.1181,0.0,0.0321,0.0321
261240,매매기준율,현물+달러금리,2022-10-25,-0.3469,-0.007,0.011,0.004
261240,매매기준율,현물+달러금리,2022-10-26,-0.5934,-0.5778,0.0109,-0.567
261240,매매기준율,현물+달러금리,2022-10-27,-0.589,-0.7072,0.0108,-0.6965
261240,매매기준율,현물+달러금리,2022-10-28,0.2802,0.0846,0.0108,0.0955
261240,매매기준율,현물+달러금리,2022-10-31,0.1916,0.2043,0.0328,0.2372
261240,매매기준율,현물+달러금리,2022-11-01,-0.51,-0.0352,0.0111,-0.024
261240,매매기준율,현물+달러금리,2022-11-02,0.1602,-0.2603,0.0111,-0.2492
261240,매매기준율,현물+달러금리,2022-11-03,0.3919,0.2891,0.0111,0.3002
261240,매매기준율,현물+달러금리,2022-11-04,-0.3505,0.0211,0.0111,0.0322
261240,매매기준율,현물+달러금리,2022-11-07,-1.2311,-1.1178,0.033,-1.0852
261240,매매기준율,현물+달러금리,2022-11-08,-1.3193,-1.3651,0.0113,-1.354
261240,매매기준율,현물+달러금리,2022-11-09,-1.2631,-1.3696,0.0112,-1.3585
261240,매매기준율,현물+달러금리,2022-11-10,0.8224,0.1316,0.0113,0.1428
261240,매매기준율,현물+달러금리,2022-11-11,-4.1608,-2.6275,0.0112,-2.6166
261240,매매기준율,현물+달러금리,2022-11-14,0.6362,-1.0344,0.0336,-1.0011
261240,매매기준율,현물+달러금리,2022-11-15,-0.6749,0.1591,0.0114,0.1705
261240,매매기준율,현물+달러금리,2022-11-16,0.5934,0.242,0.0113,0.2534
261240,매매기준율,현물+달러금리,2022-11-17,0.9747,0.9656,0.0113,0.9771
261240,매매기준율,현물+달러금리,2022-11-18,0.0423,0.1195,0.0113,0.1309
261240,매매기준율,현물+달러금리,2022-11-21,1.3034,0.9179,0.0341,0.9523
261240,매매기준율,현물+달러금리,2022-11-22,0.0,0.2514,0.0116,0.263
261240,매매기준율,현물+달러금리,2022-11-23,-0.3342,-0.2508,0.0115,-0.2393
261240,매매기준율,현물+달러금리,2022-11-24,-1.7436,-1.4124,0.0115,-1.401
261240,매매기준율,현물+달러금리,2022-11-25,-0.2133,-0.48,0.0115,-0.4686
261240,매매기준율,현물+달러금리,2022-11-28,1.2312,0.9195,0.0347,0.9545
261240,매매기준율,현물+달러금리,2022-11-29,-0.9628,-0.5601,0.0118,-0.5484
261240,매매기준율,현물+달러금리,2022-11-30,-0.5884,-0.8562,0.0117,-0.8446
261240,매매기준율,현물+달러금리,2022-12-01,-1.4927,-1.462,0.0117,-1.4505
261240,매매기준율,현물+달러금리,2022-12-02,0.0435,-0.0308,0.0116,-0.0192
261240,매매기준율,현물+달러금리,2022-12-05,-0.6006,-0.5537,0.0347,-0.5192
261240,매매기준율,현물+달러금리,2022-12-06,2.0842,1.2218,0.0117,1.2336
261240,매매기준율,현물+달러금리,2022-12-07,0.2488,0.8021,0.0117,0.8139
261240,매매기준율,현물+달러금리,2022-12-08,-0.2054,0.0682,0.0115,0.0797
261240,매매기준율,현물+달러금리,2022-12-09,-1.3634,-1.0451,0.0114,-1.0338
261240,매매기준율,현물+달러금리,2022-12-12,0.4347,0.2602,0.0344,0.2947
261240,매매기준율,현물+달러금리,2022-12-13,-0.2597,-0.4275,0.0118,-0.4158
261240,매매기준율,현물+달러금리,2022-12-14,-0.4339,-0.644,0.0117,-0.6324
261240,매매기준율,현물+달러금리,2022-12-15,0.3922,0.3858,0.0116,0.3974
261240,매매기준율,현물+달러금리,2022-12-16,0.2171,0.6995,0.0116,0.7111
261240,매매기준율,현물+달러금리,2022-12-19,-0.1299,-0.6183,0.0345,-0.584
261240,매매기준율,현물+달러금리,2022-12-20,-0.8588,-0.3072,0.0117,-0.2955
261240,매매기준율,현물+달러금리,2022-12-21,-0.525,-0.8783,0.0116,-0.8667
261240,매매기준율,현물+달러금리,2022-12-22,-0.7828,-0.8161,0.0116,-0.8046
261240,매매기준율,현물+달러금리,2022-12-23,0.4433,0.478,0.0116,0.4897
261240,매매기준율,현물+달러금리,2022-12-26,-0.4413,-0.4523,0.0348,-0.4177
261240,매매기준율,현물+달러금리,2022-12-27,-0.133,-0.6346,0.0116,-0.6231
261240,매매기준율,현물+달러금리,2022-12-28,-0.2574,0.0079,0.0119,0.0198
261240,매매기준율,현물+달러금리,2022-12-29,-0.3115,-0.0867,0.0119,-0.0748
261240,매매기준율,현물+달러금리,2023-01-02,0.616,0.1263,0.0476,0.1739
261240,매매기준율,현물+달러금리,2023-01-03,-0.1331,0.2522,0.0118,0.264
261240,매매기준율,현물+달러금리,2023-01-04,0.1777,0.2044,0.0121,0.2165
261240,매매기준율,현물+달러금리,2023-01-05,-0.2661,-0.3452,0.0121,-0.3331
261240,매매기준율,현물+달러금리,2023-01-06,0.0445,-0.244,0.0124,-0.2317
261240,매매기준율,현물+달러금리,2023-01-09,-1.8933,-1.6098,0.0371,-1.5734
261240,매매기준율,현물+달러금리,2023-01-10,-0.0453,-0.4812,0.0125,-0.4688
261240,매매기준율,현물+달러금리,2023-01-11,0.0906,0.3627,0.0125,0.3752
261240,매매기준율,현물+달러금리,2023-01-12,0.0,-0.0562,0.0125,-0.0437
261240,매매기준율,현물+달러금리,2023-01-13,-0.1721,-0.3214,0.0123,-0.3091
261240,매매기준율,현물+달러금리,2023-01-16,-0.499,-0.532,0.0371,-0.4951
261240,매매기준율,현물+달러금리,2023-01-17,0.3191,0.3647,0.0124,0.3771
261240,매매기준율,현물+달러금리,2023-01-18,-0.0909,0.105,0.0125,0.1175
261240,매매기준율,현물+달러금리,2023-01-19,-0.4548,-0.3065,0.0124,-0.2941
261240,매매기준율,현물+달러금리,2023-01-20,0.2285,-0.1294,0.0125,-0.117
261240,매매기준율,현물+달러금리,2023-01-25,-0.1823,-0.081,0.0626,-0.0185
261240,매매기준율,현물+달러금리,2023-01-26,-0.1827,-0.1622,0.0125,-0.1497
261240,매매기준율,현물+달러금리,2023-01-27,0.0915,-0.0975,0.0125,-0.085
261240,매매기준율,현물+달러금리,2023-01-30,-0.2194,-0.1219,0.0376,-0.0844
261240,매매기준율,현물+달러금리,2023-01-31,0.3573,0.1709,0.0126,0.1835
261240,매매기준율,현물+달러금리,2023-02-01,0.0,0.0487,0.0125,0.0613
261240,매매기준율,현물+달러금리,2023-02-02,-1.0408,-0.9826,0.0124,-0.9703
261240,매매기준율,현물+달러금리,2023-02-03,0.9134,0.6479,0.0124,0.6604
261240,매매기준율,현물+달러금리,2023-02-06,1.9473,1.6542,0.0376,1.6924
261240,매매기준율,현물+달러금리,2023-02-07,0.2242,0.6814,0.0126,0.694
261240,매매기준율,현물+달러금리,2023-02-08,0.3579,0.0876,0.0126,0.1002
261240,매매기준율,현물+달러금리,2023-02-09,-0.0446,0.4773,0.0126,0.4899
261240,매매기준율,현물+달러금리,2023-02-10,0.4371,0.095,0.0127,0.1077
261240,매매기준율,현물+달러금리,2023-02-13,0.9236,0.8147,0.0383,0.8533
261240,매매기준율,현물+달러금리,2023-02-14,-0.6072,-0.3687,0.0128,-0.356
261240,매매기준율,현물+달러금리,2023-02-15,1.1421,0.7402,0.0128,0.7531
261240,매매기준율,현물+달러금리,2023-02-16,0.1313,0.3439,0.0128,0.3567
261240,매매기준율,현물+달러금리,2023-02-17,1.2064,1.0906,0.0129,1.1036
261240,매매기준율,현물+달러금리,2023-02-20,-0.3801,-0.1464,0.0386,-0.1078
261240,매매기준율,현물+달러금리,2023-02-21,-0.0434,0.0,0.0129,0.0129
261240,매매기준율,현물+달러금리,2023-02-22,0.7287,0.6174,0.0129,0.6304
261240,매매기준율,현물+달러금리,2023-02-23,-0.5081,-0.3221,0.0129,-0.3093
261240,매매기준율,현물+달러금리,2023-02-24,0.5972,0.0693,0.0129,0.0822
261240,매매기준율,현물+달러금리,2023-02-27,1.3681,1.2995,0.0388,1.3388
261240,매매기준율,현물+달러금리,2023-02-28,0.1188,0.1366,0.013,0.1496
261240,매매기준율,현물+달러금리,2023-03-02,-0.7122,-0.6671,0.0259,-0.6414
261240,매매기준율,현물+달러금리,2023-03-03,-1.0588,-0.4274,0.013,-0.4144
261240,매매기준율,현물+달러금리,2023-03-06,-0.1726,-0.6208,0.039,-0.5821
261240,매매기준율,현물+달러금리,2023-03-07,0.0865,0.1851,0.013,0.1982
261240,매매기준율,현물+달러금리,2023-03-08,1.5894,1.5703,0.0133,1.5839
261240,매매기준율,현물+달러금리,2023-03-09,0.2466,0.0152,0.0134,0.0286
261240,매매기준율,현물+달러금리,2023-03-10,0.1272,0.4546,0.0133,0.4681
261240,매매기준율,현물+달러금리,2023-03-13,-1.762,-1.3879,0.0397,-1.3488
261240,매매기준율,현물+달러금리,2023-03-14,0.7243,-0.1836,0.0129,-0.1707
261240,매매기준율,현물+달러금리,2023-03-15,-0.3339,-0.2222,0.0129,-0.2094
261240,매매기준율,현물+달러금리,2023-03-16,0.5497,0.7757,0.0126,0.7884
261240,매매기준율,현물+달러금리,2023-03-17,-0.5467,-0.6478,0.0125,-0.6354
261240,매매기준율,현물+달러금리,2023-03-20,0.5068,0.3682,0.0358,0.4042
261240,매매기준율,현물+달러금리,2023-03-21,0.0427,-0.0459,0.0127,-0.0331
261240,매매기준율,현물+달러금리,2023-03-22,-0.2904,-0.0535,0.0127,-0.0409
261240,매매기준율,현물+달러금리,2023-03-23,-2.0391,-1.5225,0.0127,-1.51
261240,매매기준율,현물+달러금리,2023-03-24,0.997,0.1942,0.0125,0.2068
261240,매매기준율,현물+달러금리,2023-03-27,0.6841,0.8219,0.0376,0.8598
261240,매매기준율,현물+달러금리,2023-03-28,-0.172,-0.223,0.013,-0.21
261240,매매기준율,현물+달러금리,2023-03-29,0.3446,0.1464,0.0127,0.1592
261240,매매기준율,현물+달러금리,2023-03-30,-0.2146,0.3463,0.0127,0.3591
261240,매매기준율,현물+달러금리,2023-03-31,0.0,-0.6443,0.0132,-0.6312
261240,매매기준율,현물+달러금리,2023-04-03,1.4886,1.6134,0.0385,1.6525
261240,매매기준율,현물+달러금리,2023-04-04,-0.1187,-0.4558,0.0131,-0.4428
261240,매매기준율,현물+달러금리,2023-04-05,-0.5093,0.1221,0.013,0.1351
261240,매매기준율,현물+달러금리,2023-04-06,0.5887,0.5183,0.0129,0.5313
261240,매매기준율,현물+달러금리,2023-04-07,-0.1187,0.0152,0.0131,0.0282
261240,매매기준율,현물+달러금리,2023-04-10,0.2463,0.0834,0.0395,0.123
261240,매매기준율,현물+달러금리,2023-04-11,0.2118,-0.0379,0.0135,-0.0243
261240,매매기준율,현물+달러금리,2023-04-12,0.2536,0.3562,0.0134,0.3696
261240,매매기준율,현물+달러금리,2023-04-13,-0.8769,-0.4682,0.0133,-0.4549
261240,매매기준율,현물+달러금리,2023-04-14,-0.9697,-1.4188,0.0136,-1.4054
261240,매매기준율,현물+달러금리,2023-04-17,1.0222,0.9236,0.0409,0.9649
261240,매매기준율,현물+달러금리,2023-04-18,0.3741,0.572,0.0139,0.5859
261240,매매기준율,현물+달러금리,2023-04-19,0.72,0.0,0.0138,0.0138
261240,매매기준율,현물+달러금리,2023-04-20,-0.3364,0.6673,0.0137,0.6811
261240,매매기준율,현물+달러금리,2023-04-21,0.4135,0.0226,0.0136,0.0362
261240,매매기준율,현물+달러금리,2023-04-24,0.5883,0.3615,0.0409,0.4026
261240,매매기준율,현물+달러금리,2023-04-25,0.0,0.045,0.0138,0.0588
261240,매매기준율,현물+달러금리,2023-04-26,0.0835,0.3,0.0136,0.3137
261240,매매기준율,현물+달러금리,2023-04-27,0.167,0.1944,0.0137,0.2081
261240,매매기준율,현물+달러금리,2023-04-28,0.1167,-0.0597,0.0138,-0.0459
261240,매매기준율,현물+달러금리,2023-05-02,0.2081,0.0821,0.0542,0.1364
261240,매매기준율,현물+달러금리,2023-05-03,-0.2492,-0.0821,0.0139,-0.0682
261240,매매기준율,현물+달러금리,2023-05-04,-0.9827,-1.0081,0.0139,-0.9943
261240,매매기준율,현물+달러금리,2023-05-08,-0.0841,-0.2188,0.0559,-0.163
261240,매매기준율,현물+달러금리,2023-05-09,0.202,0.0227,0.0141,0.0368
261240,매매기준율,현물+달러금리,2023-05-10,0.042,0.0907,0.0141,0.1048
261240,매매기준율,현물+달러금리,2023-05-11,0.126,-0.2945,0.0139,-0.2806
261240,매매기준율,현물+달러금리,2023-05-12,0.7883,1.0073,0.0138,1.0213
261240,매매기준율,현물+달러금리,2023-05-15,0.0416,0.3149,0.0418,0.3568
261240,매매기준율,현물+달러금리,2023-05-16,0.2911,-0.1345,0.0139,-0.1207
261240,매매기준율,현물+달러금리,2023-05-17,-0.1244,0.2545,0.0139,0.2684
261240,매매기준율,현물+달러금리,2023-05-18,-0.1661,-0.5002,0.014,-0.4863
261240,매매기준율,현물+달러금리,2023-05-19,-0.5739,-0.1126,0.0141,-0.0985
261240,매매기준율,현물+달러금리,2023-05-22,-0.5772,-0.909,0.0421,-0.8673
261240,매매기준율,현물+달러금리,2023-05-23,-0.4628,-0.5837,0.0144,-0.5695
261240,매매기준율,현물+달러금리,2023-05-24,0.2536,0.4652,0.0142,0.4794
261240,매매기준율,현물+달러금리,2023-05-25,0.7926,0.4478,0.0143,0.4622
261240,매매기준율,현물+달러금리,2023-05-26,-0.0837,0.1662,0.0143,0.1805
261240,매매기준율,현물+달러금리,2023-05-30,0.0,-0.2565,0.0565,-0.2001
261240,매매기준율,현물+달러금리,2023-05-31,0.1256,-0.0454,0.0145,-0.0309
261240,매매기준율,현물+달러금리,2023-06-01,-0.3763,-0.0681,0.0144,-0.0537
261240,매매기준율,현물+달러금리,2023-06-02,-1.2422,-0.901,0.0144,-0.8868
261240,매매기준율,현물+달러금리,2023-06-05,0.3315,-0.0382,0.043,0.0048
261240,매매기준율,현물+달러금리,2023-06-07,-0.3304,-0.5962,0.0285,-0.5679
261240,매매기준율,현물+달러금리,2023-06-08,0.085,0.4306,0.0141,0.4448
261240,매매기준율,현물+달러금리,2023-06-09,-0.8832,-0.8575,0.014,-0.8436
261240,매매기준율,현물+달러금리,2023-06-12,-0.3427,-0.2935,0.042,-0.2516
261240,매매기준율,현물+달러금리,2023-06-13,-1.238,-1.0534,0.0141,-1.0394
261240,매매기준율,현물+달러금리,2023-06-14,0.5658,-0.1252,0.014,-0.1113
261240,매매기준율,현물+달러금리,2023-06-15,0.1645,0.3292,0.014,0.3432
261240,매매기준율,현물+달러금리,2023-06-16,-0.6395,-0.5156,0.0139,-0.5018
261240,매매기준율,현물+달러금리,2023-06-19,0.6436,0.5654,0.0418,0.6074
261240,매매기준율,현물+달러금리,2023-06-20,0.0432,0.1171,0.0139,0.1311
261240,매매기준율,현물+달러금리,2023-06-21,0.8206,0.7253,0.0141,0.7395
261240,매매기준율,현물+달러금리,2023-06-22,0.2913,-0.0077,0.0141,0.0064
261240,매매기준율,현물+달러금리,2023-06-23,0.6749,0.8363,0.0141,0.8505
261240,매매기준율,현물+달러금리,2023-06-26,0.1697,0.1229,0.0423,0.1652
261240,매매기준율,현물+달러금리,2023-06-27,-0.288,-0.0537,0.0144,-0.0393
261240,매매기준율,현물+달러금리,2023-06-28,0.4588,0.0921,0.0142,0.1063
261240,매매기준율,현물+달러금리,2023-06-29,0.7526,0.6517,0.0142,0.666
261240,매매기준율,현물+달러금리,2023-06-30,0.1679,0.5027,0.0142,0.5171
261240,매매기준율,현물+달러금리,2023-07-03,-0.662,-0.7124,0.0425,-0.6703
261240,매매기준율,현물+달러금리,2023-07-04,-0.4218,-0.6336,0.0143,-0.6194
261240,매매기준율,현물+달러금리,2023-07-05,-0.288,-0.0691,0.0143,-0.0549
261240,매매기준율,현물+달러금리,2023-07-06,0.2464,0.2306,0.0143,0.2449
261240,매매기준율,현물+달러금리,2023-07-07,0.1271,0.2684,0.0143,0.2828
261240,매매기준율,현물+달러금리,2023-07-10,0.127,-0.2677,0.0429,-0.2249
261240,매매기준율,현물+달러금리,2023-07-11,-0.9637,-0.675,0.0144,-0.6607
261240,매매기준율,현물+달러금리,2023-07-12,-0.2134,-0.278,0.0144,-0.2636
261240,매매기준율,현물+달러금리,2023-07-13,-1.0179,-1.177,0.0144,-1.1628
261240,매매기준율,현물+달러금리,2023-07-14,-0.8987,-0.8149,0.0144,-0.8007
261240,매매기준율,현물+달러금리,2023-07-17,0.3052,0.0237,0.0432,0.0669
261240,매매기준율,현물+달러금리,2023-07-18,-0.4694,-0.3554,0.0144,-0.3411
261240,매매기준율,현물+달러금리,2023-07-19,0.2096,0.3012,0.0144,0.3156
261240,매매기준율,현물+달러금리,2023-07-20,0.5665,0.0316,0.0144,0.046
261240,매매기준율,현물+달러금리,2023-07-21,0.858,1.2561,0.0144,1.2707
261240,매매기준율,현물+달러금리,2023-07-24,-0.043,0.1638,0.0433,0.2072
261240,매매기준율,현물+달러금리,2023-07-25,-0.3439,-0.2415,0.0145,-0.227
261240,매매기준율,현물+달러금리,2023-07-26,0.0,-0.1562,0.0145,-0.1417
261240,매매기준율,현물+달러금리,2023-07-27,0.0863,-0.4145,0.0145,-0.4001
261240,매매기준율,현물+달러금리,2023-07-28,-0.0431,0.5183,0.0145,0.5328
261240,매매기준율,현물+달러금리,2023-07-31,-0.2156,-0.4844,0.0434,-0.4412
261240,매매기준율,현물+달러금리,2023-08-01,0.8642,0.5417,0.0145,0.5562
261240,매매기준율,현물+달러금리,2023-08-02,1.1823,0.9604,0.0144,0.975
261240,매매기준율,현물+달러금리,2023-08-03,0.0423,0.4486,0.0144,0.4631
261240,매매기준율,현물+달러금리,2023-08-04,0.7533,0.3927,0.0144,0.4072
261240,매매기준율,현물+달러금리,2023-08-07,-0.2436,0.0153,0.0434,0.0587
261240,매매기준율,현물+달러금리,2023-08-08,0.7916,0.6518,0.0145,0.6664
261240,매매기준율,현물+달러금리,2023-08-09,0.0,0.4343,0.0145,0.4488
261240,매매기준율,현물+달러금리,2023-08-10,0.0835,-0.0759,0.0145,-0.0614
261240,매매기준율,현물+달러금리,2023-08-11,0.576,0.2885,0.0145,0.303
261240,매매기준율,현물+달러금리,2023-08-14,0.498,0.7721,0.0434,0.8158
261240,매매기준율,현물+달러금리,2023-08-16,0.5286,0.5258,0.029,0.5549
261240,매매기준율,현물+달러금리,2023-08-17,0.3286,0.2466,0.0145,0.2611
261240,매매기준율,현물+달러금리,2023-08-18,-0.1228,-0.3503,0.0145,-0.3359
261240,매매기준율,현물+달러금리,2023-08-21,0.4427,0.3441,0.0434,0.3876
261240,매매기준율,현물+달러금리,2023-08-22,-0.6448,-0.2087,0.0145,-0.1942
261240,매매기준율,현물+달러금리,2023-08-23,0.2465,-0.0523,0.0145,-0.0378
261240,매매기준율,현물+달러금리,2023-08-24,-1.3031,-1.0463,0.0145,-1.032
261240,매매기준율,현물+달러금리,2023-08-25,0.2076,0.1964,0.0145,0.211
261240,매매기준율,현물+달러금리,2023-08-28,0.0,-0.3091,0.0439,-0.2653
261240,매매기준율,현물+달러금리,2023-08-29,-0.1657,-0.0378,0.0146,-0.0232
261240,매매기준율,현물+달러금리,2023-08-30,0.249,-0.0454,0.0146,-0.0308
261240,매매기준율,현물+달러금리,2023-08-31,0.0,0.0681,0.0146,0.0827
261240,매매기준율,현물+달러금리,2023-09-01,-0.414,-0.2344,0.0146,-0.2199
261240,매매기준율,현물+달러금리,2023-09-04,0.0416,0.0076,0.0436,0.0511
261240,매매기준율,현물+달러금리,2023-09-05,0.8643,0.379,0.0145,0.3936
261240,매매기준율,현물+달러금리,2023-09-06,0.1236,0.6267,0.0146,0.6414
261240,매매기준율,현물+달러금리,2023-09-07,0.2057,0.1576,0.0145,0.1722
261240,매매기준율,현물+달러금리,2023-09-08,-0.0821,-0.0974,0.0145,-0.0829
261240,매매기준율,현물+달러금리,2023-09-11,0.0411,-0.075,0.0436,-0.0314
261240,매매기준율,현물+달러금리,2023-09-12,-0.4108,-0.4728,0.0146,-0.4583
261240,매매기준율,현물+달러금리,2023-09-13,0.2887,0.1282,0.0146,0.1428
261240,매매기준율,현물+달러금리,2023-09-14,-0.4031,-0.128,0.0145,-0.1135
261240,매매기준율,현물+달러금리,2023-09-15,0.1156,0.1131,0.0145,0.1277
261240,매매기준율,현물+달러금리,2023-09-18,-0.2392,-0.1205,0.0437,-0.0768
261240,매매기준율,현물+달러금리,2023-09-19,0.4052,-0.1735,0.0145,-0.1589
261240,매매기준율,현물+달러금리,2023-09-20,0.1235,0.4231,0.0145,0.4377
261240,매매기준율,현물+달러금리,2023-09-21,0.9377,0.7372,0.0146,0.7519
261240,매매기준율,현물+달러금리,2023-09-22,-0.326,-0.112,0.0146,-0.0974
261240,매매기준율,현물+달러금리,2023-09-25,0.0,-0.2916,0.0437,-0.248
261240,매매기준율,현물+달러금리,2023-09-26,1.0138,0.8323,0.0147,0.8471
261240,매매기준율,현물+달러금리,2023-09-27,0.0809,0.4833,0.0146,0.498
261240,매매기준율,현물+달러금리,2023-10-04,0.922,0.6882,0.1024,0.7913
261240,매매기준율,현물+달러금리,2023-10-05,-0.8334,-0.8232,0.0146,-0.8087
261240,매매기준율,현물+달러금리,2023-10-06,-0.1212,-0.0815,0.0146,-0.0669
261240,매매기준율,현물+달러금리,2023-10-10,0.2023,0.0,0.0587,0.0587
261240,매매기준율,현물+달러금리,2023-10-11,-0.8801,-0.6453,0.0146,-0.6307
261240,매매기준율,현물+달러금리,2023-10-12,0.0407,0.0224,0.0146,0.037
261240,매매기준율,현물+달러금리,2023-10-13,0.8875,0.709,0.0147,0.7238
261240,매매기준율,현물+달러금리,2023-10-16,0.3228,0.3261,0.044,0.3702
261240,매매기준율,현물+달러금리,2023-10-17,-0.1207,-0.1403,0.0146,-0.1257
261240,매매기준율,현물+달러금리,2023-10-18,-0.3222,-0.0148,0.0147,-0.0001
261240,매매기준율,현물+달러금리,2023-10-19,0.7596,0.4365,0.0146,0.4512
261240,매매기준율,현물+달러금리,2023-10-20,-0.4331,-0.1841,0.0146,-0.1696
261240,매매기준율,현물+달러금리,2023-10-23,0.0805,-0.1402,0.0436,-0.0966
261240,매매기준율,현물+달러금리,2023-10-24,-0.6439,-0.6873,0.0146,-0.6728
261240,매매기준율,현물+달러금리,2023-10-25,0.405,0.2307,0.0145,0.2453
261240,매매기준율,현물+달러금리,2023-10-26,0.8794,0.7498,0.0146,0.7645
261240,매매기준율,현물+달러금리,2023-10-27,-0.3999,-0.3537,0.0146,-0.3392
261240,매매기준율,현물+달러금리,2023-10-30,-0.3132,0.037,0.0437,0.0807
261240,매매기준율,현물+달러금리,2023-10-31,0.0403,-0.2365,0.0146,-0.222
261240,매매기준율,현물+달러금리,2023-11-01,0.5153,0.5409,0.0146,0.5556
261240,매매기준율,현물+달러금리,2023-11-02,-1.0333,-1.0097,0.0145,-0.9953
261240,매매기준율,현물+달러금리,2023-11-03,-1.5621,-1.2954,0.0145,-1.2811
261240,매매기준율,현물+달러금리,2023-11-06,-1.7102,-1.7046,0.0433,-1.6621
261240,매매기준율,현물+달러금리,2023-11-07,0.7863,0.2225,0.0145,0.2371
261240,매매기준율,현물+달러금리,2023-11-08,0.083,-0.0459,0.0145,-0.0315
261240,매매기준율,현물+달러금리,2023-11-09,-0.0829,0.2681,0.0145,0.2826
261240,매매기준율,현물+달러금리,2023-11-10,0.5312,0.5882,0.0144,0.6028
261240,매매기준율,현물+달러금리,2023-11-13,0.6605,0.4557,0.0432,0.4991
261240,매매기준율,현물+달러금리,2023-11-14,0.3609,0.1966,0.0145,0.2111
261240,매매기준율,현물+달러금리,2023-11-15,-2.0186,-1.7581,0.0144,-1.7439
261240,매매기준율,현물+달러금리,2023-11-16,-0.0417,0.1459,0.0144,0.1604
261240,매매기준율,현물+달러금리,2023-11-17,-0.2503,-0.7286,0.0144,-0.7143
261240,매매기준율,현물+달러금리,2023-11-20,-0.2928,-0.1545,0.0432,-0.1114
261240,매매기준율,현물+달러금리,2023-11-21,-0.3272,-0.3637,0.0144,-0.3493
261240,매매기준율,현물+달러금리,2023-11-22,0.8333,0.6213,0.0144,0.6358
261240,매매기준율,현물+달러금리,2023-11-23,0.0,0.2315,0.0144,0.246
261240,매매기준율,현물+달러금리,2023-11-24,0.5343,0.2618,0.0144,0.2763
261240,매매기준율,현물+달러금리,2023-11-27,0.0,0.1997,0.0434,0.2432
261240,매매기준율,현물+달러금리,2023-11-28,-0.8221,-0.8201,0.0145,-0.8058
261240,매매기준율,현물+달러금리,2023-11-29,-0.293,-0.3864,0.0144,-0.372
261240,매매기준율,현물+달러금리,2023-11-30,0.0,0.1086,0.0144,0.123
261240,매매기준율,현물+달러금리,2023-12-01,1.2512,0.9919,0.0144,1.0065
261240,매매기준율,현물+달러금리,2023-12-04,-0.0415,-0.1074,0.043,-0.0645
261240,매매기준율,현물+달러금리,2023-12-05,0.4895,0.7605,0.0144,0.775
261240,매매기준율,현물+달러금리,2023-12-06,0.2064,0.0534,0.0144,0.0678
261240,매매기준율,현물+달러금리,2023-12-07,1.0217,0.7848,0.0144,0.7993
261240,매매기준율,현물+달러금리,2023-12-08,-1.411,-1.1189,0.0144,-1.1047
261240,매매기준율,현물+달러금리,2023-12-11,0.7776,0.7952,0.0431,0.8386
261240,매매기준율,현물+달러금리,2023-12-12,-0.2052,-0.1972,0.0144,-0.1828
261240,매매기준율,현물+달러금리,2023-12-13,0.3702,0.0608,0.0144,0.0752
261240,매매기준율,현물+달러금리,2023-12-14,-1.7046,-1.5875,0.0144,-1.5734
261240,매매기준율,현물+달러금리,2023-12-15,-0.0834,-0.0695,0.0143,-0.0551
261240,매매기준율,현물+달러금리,2023-12-18,0.1585,0.309,0.0431,0.3522
261240,매매기준율,현물+달러금리,2023-12-19,0.7082,0.462,0.0144,0.4765
261240,매매기준율,현물+달러금리,2023-12-20,-0.4964,-0.3449,0.0143,-0.3306
261240,매매기준율,현물+달러금리,2023-12-21,0.4157,0.2769,0.0144,0.2913
261240,매매기준율,현물+달러금리,2023-12-22,-0.1656,-0.2378,0.0143,-0.2235
261240,매매기준율,현물+달러금리,2023-12-26,-0.6137,-0.2998,0.0574,-0.2426
261240,매매기준율,현물+달러금리,2023-12-27,0.0834,-0.1851,0.0144,-0.1707
261240,매매기준율,현물+달러금리,2023-12-28,-0.3335,-0.3863,0.0144,-0.372
261240,매매기준율,현물+달러금리,2024-01-02,0.7863,0.7678,0.0719,0.8403
261240,매매기준율,현물+달러금리,2024-01-03,0.332,0.7312,0.0143,0.7456
261240,매매기준율,현물+달러금리,2024-01-04,0.5295,0.107,0.0144,0.1213
261240,매매기준율,현물+달러금리,2024-01-05,0.4526,0.2671,0.0144,0.2815
261240,매매기준율,현물+달러금리,2024-01-08,0.1147,0.0837,0.0431,0.1268
261240,매매기준율,현물+달러금리,2024-01-09,-0.1146,-0.2054,0.0144,-0.191
261240,매매기준율,현물+달러금리,2024-01-10,0.4833,0.6097,0.0144,0.6242
261240,매매기준율,현물+달러금리,2024-01-11,-0.5218,-0.3106,0.0143,-0.2963
261240,매매기준율,현물+달러금리,2024-01-12,0.0,-0.1444,0.0143,-0.1301
261240,매매기준율,현물+달러금리,2024-01-15,0.4426,0.3957,0.0429,0.4388
261240,매매기준율,현물+달러금리,2024-01-16,1.0117,0.7352,0.0143,0.7496
261240,매매기준율,현물+달러금리,2024-01-17,0.9612,1.0685,0.0143,1.0829
261240,매매기준율,현물+달러금리,2024-01-18,-0.36,-0.0596,0.0144,-0.0452
261240,매매기준율,현물+달러금리,2024-01-19,0.0401,-0.4395,0.0143,-0.4253
261240,매매기준율,현물+달러금리,2024-01-22,-0.0803,-0.1347,0.0429,-0.0918
261240,매매기준율,현물+달러금리,2024-01-23,-0.3936,0.0974,0.0143,0.1117
261240,매매기준율,현물+달러금리,2024-01-24,0.3548,0.232,0.0143,0.2463
261240,매매기준율,현물+달러금리,2024-01-25,-0.0804,-0.2539,0.0143,-0.2397
261240,매매기준율,현물+달러금리,2024-01-26,0.0402,0.0674,0.0143,0.0817
261240,매매기준율,현물+달러금리,2024-01-29,-0.0402,0.0224,0.0428,0.0653
261240,매매기준율,현물+달러금리,2024-01-30,-0.5147,-0.4712,0.0143,-0.457
261240,매매기준율,현물+달러금리,2024-01-31,0.485,0.2179,0.0143,0.2323
261240,매매기준율,현물+달러금리,2024-02-01,-0.1609,-0.075,0.0143,-0.0607
261240,매매기준율,현물+달러금리,2024-02-02,-0.7172,-0.5553,0.0143,-0.5411
261240,매매기준율,현물+달러금리,2024-02-05,0.6006,0.7169,0.043,0.7602
261240,매매기준율,현물+달러금리,2024-02-06,-0.1614,-0.3746,0.0143,-0.3604
261240,매매기준율,현물+달러금리,2024-02-07,0.0,-0.3234,0.0143,-0.3091
261240,매매기준율,현물+달러금리,2024-02-08,0.0,0.1434,0.0143,0.1577
261240,매매기준율,현물+달러금리,2024-02-13,0.1212,0.0904,0.0716,0.1621
261240,매매기준율,현물+달러금리,2024-02-14,0.5569,0.6399,0.0144,0.6543
261240,매매기준율,현물+달러금리,2024-02-15,-0.0401,-0.2768,0.0143,-0.2625
261240,매매기준율,현물+달러금리,2024-02-16,0.0,-0.015,0.0143,-0.0007
261240,매매기준율,현물+달러금리,2024-02-19,0.0803,0.06,0.0431,0.1031
261240,매매기준율,현물+달러금리,2024-02-20,0.2006,0.3074,0.0144,0.3218
261240,매매기준율,현물+달러금리,2024-02-21,-0.2402,-0.2168,0.0144,-0.2024
261240,매매기준율,현물+달러금리,2024-02-22,-0.3933,-0.2996,0.0144,-0.2853
261240,매매기준율,현물+달러금리,2024-02-23,0.1934,-0.1277,0.0144,-0.1134
261240,매매기준율,현물+달러금리,2024-02-26,0.0402,0.158,0.0432,0.2013
261240,매매기준율,현물+달러금리,2024-02-27,0.0,-0.0075,0.0144,0.0069
261240,매매기준율,현물+달러금리,2024-02-28,0.2412,0.2028,0.0144,0.2172
261240,매매기준율,현물+달러금리,2024-02-29,-0.2005,0.0075,0.0144,0.0219
261240,매매기준율,현물+달러금리,2024-03-04,0.0804,-0.2998,0.0575,-0.2425
261240,매매기준율,현물+달러금리,2024-03-05,0.2007,0.2331,0.0144,0.2475
261240,매매기준율,현물+달러금리,2024-03-06,0.0401,0.1875,0.0143,0.2019
261240,매매기준율,현물+달러금리,2024-03-07,-0.2403,-0.4567,0.0144,-0.4424
261240,매매기준율,현물+달러금리,2024-03-08,-0.9154,-0.4889,0.0144,-0.4746
261240,매매기준율,현물+달러금리,2024-03-11,-0.6807,-0.6575,0.0431,-0.6148
261240,매매기준율,현물+달러금리,2024-03-12,0.0816,-0.2511,0.0144,-0.2367
261240,매매기준율,현물+달러금리,2024-03-13,0.2446,0.1297,0.0144,0.1441
261240,매매기준율,현물+달러금리,2024-03-14,0.3172,0.3123,0.0144,0.3267
261240,매매기준율,현물+달러금리,2024-03-15,1.0053,0.8733,0.0144,0.8878
261240,매매기준율,현물+달러금리,2024-03-18,0.2809,0.3463,0.0432,0.3896
261240,매매기준율,현물+달러금리,2024-03-19,0.4322,0.4126,0.0144,0.427
261240,매매기준율,현물+달러금리,2024-03-20,-0.0398,0.0149,0.0144,0.0293
261240,매매기준율,현물+달러금리,2024-03-21,-1.1401,-0.9263,0.0144,-0.912
261240,매매기준율,현물+달러금리,2024-03-22,1.1935,0.7389,0.0144,0.7534
261240,매매기준율,현물+달러금리,2024-03-25,0.2789,0.3443,0.0431,0.3875
261240,매매기준율,현물+달러금리,2024-03-26,-0.2384,-0.1566,0.0143,-0.1423
261240,매매기준율,현물+달러금리,2024-03-27,0.7887,0.5379,0.0143,0.5523
261240,매매기준율,현물+달러금리,2024-03-28,-0.1502,0.0743,0.0143,0.0886
261240,매매기준율,현물+달러금리,2024-03-29,-0.0396,0.0446,0.0143,0.0589
261240,매매기준율,현물+달러금리,2024-04-01,0.2692,-0.0223,0.043,0.0207
261240,매매기준율,현물+달러금리,2024-04-02,0.2369,0.438,0.0143,0.4524
261240,매매기준율,현물+달러금리,2024-04-03,-0.3152,-0.2882,0.0143,-0.274
261240,매매기준율,현물+달러금리,2024-04-04,-0.0316,-0.1705,0.0143,-0.1562
261240,매매기준율,현물+달러금리,2024-04-05,0.3874,0.3713,0.0143,0.3856
261240,매매기준율,현물+달러금리,2024-04-08,0.1575,0.1332,0.043,0.1762
261240,매매기준율,현물+달러금리,2024-04-09,0.0786,0.0591,0.0143,0.0734
261240,매매기준율,현물+달러금리,2024-04-11,0.66,0.6867,0.0287,0.7155
261240,매매기준율,현물+달러금리,2024-04-12,0.9289,0.5793,0.0144,0.5938
261240,매매기준율,현물+달러금리,2024-04-15,0.6497,0.8822,0.0432,0.9257
261240,매매기준율,현물+달러금리,2024-04-16,0.7223,0.8383,0.0144,0.8528
261240,매매기준율,현물+달러금리,2024-04-17,-0.4883,-0.645,0.0144,-0.6307
261240,매매기준율,현물+달러금리,2024-04-18,-0.989,-0.7502,0.0144,-0.7359
261240,매매기준율,현물+달러금리,2024-04-19,0.6504,0.6614,0.0144,0.6759
261240,매매기준율,현물+달러금리,2024-04-22,-0.0769,-0.3177,0.0432,-0.2747
261240,매매기준율,현물+달러금리,2024-04-23,-0.077,-0.1956,0.0143,-0.1813
261240,매매기준율,현물+달러금리,2024-04-24,-0.7242,-0.5733,0.0144,-0.559
261240,매매기준율,현물+달러금리,2024-04-25,0.4657,0.4818,0.0144,0.4962
261240,매매기준율,현물+달러금리,2024-04-26,0.0386,-0.0508,0.0144,-0.0364
261240,매매기준율,현물+달러금리,2024-04-29,0.1544,0.2035,0.0432,0.2467
261240,매매기준율,현물+달러금리,2024-04-30,0.4549,-0.0508,0.0144,-0.0364
261240,매매기준율,현물+달러금리,2024-05-02,-0.4221,0.0363,0.0288,0.0651
261240,매매기준율,현물+달러금리,2024-05-03,-1.0251,-0.9648,0.0144,-0.9506
261240,매매기준율,현물+달러금리,2024-05-07,-0.1168,-0.542,0.0575,-0.4848
261240,매매기준율,현물+달러금리,2024-05-08,0.3431,0.4861,0.0144,0.5005
261240,매매기준율,현물+달러금리,2024-05-09,0.4274,0.2565,0.0144,0.2709
261240,매매기준율,현물+달러금리,2024-05-10,-0.2321,0.0,0.0144,0.0144
261240,매매기준율,현물+달러금리,2024-05-13,0.1163,0.1608,0.0432,0.2041
261240,매매기준율,현물+달러금리,2024-05-14,0.0,-0.0803,0.0144,-0.0659
261240,매매기준율,현물+달러금리,2024-05-16,-1.6499,-1.4317,0.0287,-1.4034
261240,매매기준율,현물+달러금리,2024-05-17,0.7797,0.4298,0.0144,0.4443
261240,매매기준율,현물+달러금리,2024-05-20,0.0,0.0738,0.0432,0.117
261240,매매기준율,현물+달러금리,2024-05-21,0.6174,0.6046,0.0144,0.6191
261240,매매기준율,현물+달러금리,2024-05-22,-0.0777,-0.0953,0.0144,-0.0809
261240,매매기준율,현물+달러금리,2024-05-23,0.0777,0.1027,0.0144,0.1171
261240,매매기준율,현물+달러금리,2024-05-24,0.5437,0.4031,0.0144,0.4175
261240,매매기준율,현물+달러금리,2024-05-27,-0.2704,-0.3358,0.0432,-0.2927
261240,매매기준율,현물+달러금리,2024-05-28,-0.3486,-0.4321,0.0144,-0.4178
261240,매매기준율,현물+달러금리,2024-05-29,0.4664,0.3898,0.0144,0.4043
261240,매매기준율,현물+달러금리,2024-05-30,1.0368,0.8573,0.0144,0.8718
261240,매매기준율,현물+달러금리,2024-05-31,0.4135,0.3705,0.0144,0.385
261240,매매기준율,현물+달러금리,2024-06-03,-0.5643,-0.2895,0.0432,-0.2465
261240,매매기준율,현물+달러금리,2024-06-04,-0.0767,-0.3267,0.0144,-0.3123
261240,매매기준율,현물+달러금리,2024-06-05,-0.1151,-0.1165,0.0144,-0.1022
261240,매매기준율,현물+달러금리,2024-06-07,-0.4918,-0.3354,0.0288,-0.3067
261240,매매기준율,현물+달러금리,2024-06-10,0.7645,0.8047,0.0432,0.8483
261240,매매기준율,현물+달러금리,2024-06-11,0.0383,-0.0363,0.0144,-0.0219
261240,매매기준율,현물+달러금리,2024-06-12,-0.0766,0.029,0.0144,0.0434
261240,매매기준율,현물+달러금리,2024-06-13,-0.1917,-0.4935,0.0144,-0.4792
261240,매매기준율,현물+달러금리,2024-06-14,0.3456,0.4887,0.0144,0.5031
261240,매매기준율,현물+달러금리,2024-06-17,0.222,0.196,0.0432,0.2392
261240,매매기준율,현물+달러금리,2024-06-18,-0.0764,0.0072,0.0144,0.0216
261240,매매기준율,현물+달러금리,2024-06-19,0.2675,0.0217,0.0144,0.0361
261240,매매기준율,현물+달러금리,2024-06-20,0.2668,0.2173,0.0144,0.2317
261240,매매기준율,현물+달러금리,2024-06-21,0.1901,0.383,0.0144,0.3974
261240,매매기준율,현물+달러금리,2024-06-24,0.1442,0.0432,0.043,0.0862
261240,매매기준율,현물+달러금리,2024-06-25,-0.0682,-0.2375,0.0144,-0.2231
261240,매매기준율,현물+달러금리,2024-06-26,0.0303,0.2669,0.0143,0.2812
261240,매매기준율,현물+달러금리,2024-06-27,-0.1061,-0.0647,0.0144,-0.0504
261240,매매기준율,현물+달러금리,2024-06-28,-0.683,-0.4895,0.0143,-0.4752
261240,매매기준율,현물+달러금리,2024-07-01,0.1528,-0.1157,0.0429,-0.0729
261240,매매기준율,현물+달러금리,2024-07-02,0.7553,0.478,0.0144,0.4924
261240,매매기준율,현물+달러금리,2024-07-03,0.1893,0.1442,0.0144,0.1585
261240,매매기준율,현물+달러금리,2024-07-04,-0.786,-0.5398,0.0144,-0.5255
261240,매매기준율,현물+달러금리,2024-07-05,0.0,-0.2099,0.0144,-0.1955
261240,매매기준율,현물+달러금리,2024-07-08,0.2666,0.029,0.043,0.072
261240,매매기준율,현물+달러금리,2024-07-09,-0.038,0.29,0.0143,0.3044
261240,매매기준율,현물+달러금리,2024-07-10,0.228,0.159,0.0143,0.1734
261240,매매기준율,현물+달러금리,2024-07-11,-0.3791,-0.3969,0.0143,-0.3827
261240,매매기준율,현물+달러금리,2024-07-12,-0.0761,-0.2753,0.0143,-0.2611
261240,매매기준율,현물+달러금리,2024-07-15,0.3809,0.4069,0.0428,0.4499
261240,매매기준율,현물+달러금리,2024-07-16,0.0759,0.2967,0.0142,0.311
261240,매매기준율,현물+달러금리,2024-07-17,-0.1896,-0.3247,0.0142,-0.3105
261240,매매기준율,현물+달러금리,2024-07-18,0.114,-0.1158,0.0142,-0.1016
261240,매매기준율,현물+달러금리,2024-07-19,0.3718,0.4855,0.0143,0.4999
261240,매매기준율,현물+달러금리,2024-07-22,0.0,0.1442,0.0427,0.187
261240,매매기준율,현물+달러금리,2024-07-23,-0.1134,-0.2521,0.0142,-0.2379
261240,매매기준율,현물+달러금리,2024-07-24,-0.0757,0.0,0.0142,0.0142
261240,매매기준율,현물+달러금리,2024-07-25,0.1515,0.0217,0.0142,0.0359
261240,매매기준율,현물+달러금리,2024-07-26,-0.0378,0.0,0.0142,0.0142
261240,매매기준율,현물+달러금리,2024-07-29,-0.1892,-0.2454,0.0424,-0.2031
261240,매매기준율,현물+달러금리,2024-07-30,0.2653,0.1881,0.0141,0.2023
261240,매매기준율,현물+달러금리,2024-07-31,-0.6351,-0.325,0.0141,-0.311
261240,매매기준율,현물+달러금리,2024-08-01,-0.7913,-1.0289,0.0141,-1.0149
261240,매매기준율,현물+달러금리,2024-08-02,0.3758,0.5052,0.014,0.5193
261240,매매기준율,현물+달러금리,2024-08-05,0.2674,-0.8887,0.0415,-0.8476
261240,매매기준율,현물+달러금리,2024-08-06,0.1143,0.8526,0.0139,0.8666
261240,매매기준율,현물+달러금리,2024-08-07,0.1522,0.3061,0.0139,0.3201
261240,매매기준율,현물+달러금리,2024-08-08,-0.038,0.0944,0.0139,0.1084
261240,매매기준율,현물+달러금리,2024-08-09,-0.7907,-0.6025,0.0139,-0.5886
261240,매매기준율,현물+달러금리,2024-08-12,0.4905,-0.1241,0.0418,-0.0824
261240,매매기준율,현물+달러금리,2024-08-13,-0.1144,0.1901,0.0139,0.204
261240,매매기준율,현물+달러금리,2024-08-14,-0.6795,-0.6495,0.0139,-0.6357
261240,매매기준율,현물+달러금리,2024-08-16,-0.1537,-0.0955,0.0278,-0.0677
261240,매매기준율,현물+달러금리,2024-08-19,-1.7553,-1.6396,0.0418,-1.5985
261240,매매기준율,현물+달러금리,2024-08-20,0.0,-0.4335,0.0139,-0.4197
261240,매매기준율,현물+달러금리,2024-08-21,0.2351,0.03,0.0138,0.0438
261240,매매기준율,현물+달러금리,2024-08-22,-0.0782,0.2627,0.0138,0.2765
261240,매매기준율,현물+달러금리,2024-08-23,0.313,0.3144,0.0138,0.3282
261240,매매기준율,현물+달러금리,2024-08-26,-0.8892,-1.2089,0.0412,-1.1682
261240,매매기준율,현물+달러금리,2024-08-27,0.3541,0.491,0.0136,0.5047
261240,매매기준율,현물+달러금리,2024-08-28,0.5411,0.3232,0.0136,0.3369
261240,매매기준율,현물+달러금리,2024-08-29,-0.351,0.045,0.0136,0.0585
261240,매매기준율,현물+달러금리,2024-08-30,0.1174,-0.0374,0.0136,-0.0238
261240,매매기준율,현물+달러금리,2024-09-02,0.3127,0.2997,0.0409,0.3407
261240,매매기준율,현물+달러금리,2024-09-03,0.265,0.1643,0.0136,0.178
261240,매매기준율,현물+달러금리,2024-09-04,0.0777,0.0746,0.0136,0.0882
261240,매매기준율,현물+달러금리,2024-09-05,-0.4971,-0.462,0.0136,-0.4485
261240,매매기준율,현물+달러금리,2024-09-06,-0.5776,-0.4043,0.0135,-0.3908
261240,매매기준율,현물+달러금리,2024-09-09,0.8165,0.684,0.0405,0.7248
261240,매매기준율,현물+달러금리,2024-09-10,0.4205,0.3583,0.0134,0.3718
261240,매매기준율,현물+달러금리,2024-09-11,-0.38,-0.2976,0.0133,-0.2843
261240,매매기준율,현물+달러금리,2024-09-12,0.0778,-0.0522,0.0134,-0.0388
261240,매매기준율,현물+달러금리,2024-09-13,-0.739,-0.642,0.0133,-0.6288
261240,매매기준율,현물+달러금리,2024-09-19,0.1175,0.0601,0.0786,0.1387
261240,매매기준율,현물+달러금리,2024-09-20,0.0,-0.1427,0.0126,-0.1301
261240,매매기준율,현물+달러금리,2024-09-23,0.4696,0.4211,0.0375,0.4587
261240,매매기준율,현물+달러금리,2024-09-24,0.0,-0.0899,0.0124,-0.0775
261240,매매기준율,현물+달러금리,2024-09-25,-0.3895,-0.4422,0.0123,-0.4299
261240,매매기준율,현물+달러금리,2024-09-26,-0.1173,0.0979,0.0124,0.1102
261240,매매기준율,현물+달러금리,2024-09-27,-0.6577,-0.7596,0.0123,-0.7473
261240,매매기준율,현물+달러금리,2024-09-30,-0.8591,-0.9624,0.037,-0.9258
261240,매매기준율,현물+달러금리,2024-10-02,0.9063,1.01,0.0248,1.035
261240,매매기준율,현물+달러금리,2024-10-04,1.1346,0.9999,0.0245,1.0247
261240,매매기준율,현물+달러금리,2024-10-07,1.1141,0.99,0.0372,1.0276
261240,매매기준율,현물+달러금리,2024-10-08,0.1926,0.0965,0.0125,0.109
261240,매매기준율,현물+달러금리,2024-10-10,0.0,0.1187,0.0248,0.1436
261240,매매기준율,현물+달러금리,2024-10-11,-0.0384,-0.0593,0.0124,-0.0469
261240,매매기준율,현물+달러금리,2024-10-14,0.4616,0.4672,0.0372,0.5046
261240,매매기준율,현물+달러금리,2024-10-15,0.5667,0.4059,0.0124,0.4184
261240,매매기준율,현물+달러금리,2024-10-16,0.1142,0.2426,0.0124,0.255
261240,매매기준율,현물+달러금리,2024-10-17,0.4868,0.2053,0.0124,0.2177
261240,매매기준율,현물+달러금리,2024-10-18,-0.0757,0.3366,0.0124,0.3491
261240,매매기준율,현물+달러금리,2024-10-21,0.4166,-0.0511,0.0372,-0.0138
261240,매매기준율,현물+달러금리,2024-10-22,0.4828,0.7078,0.0124,0.7203
261240,매매기준율,현물+달러금리,2024-10-23,0.1501,0.1377,0.0124,0.15
261240,매매기준율,현물+달러금리,2024-10-24,-0.1124,-0.1085,0.0124,-0.0962
261240,매매기준율,현물+달러금리,2024-10-25,0.6303,0.2825,0.0123,0.2949
261240,매매기준율,현물+달러금리,2024-10-28,-0.2908,0.1878,0.0372,0.225
261240,매매기준율,현물+달러금리,2024-10-29,0.187,-0.2812,0.0123,-0.2689
261240,매매기준율,현물+달러금리,2024-10-30,-0.3359,0.0145,0.0123,0.0268
261240,매매기준율,현물+달러금리,2024-10-31,-0.0749,-0.2892,0.0122,-0.277
261240,매매기준율,현물+달러금리,2024-11-01,-0.0375,-0.1015,0.0122,-0.0893
261240,매매기준율,현물+달러금리,2024-11-04,-0.6299,-0.479,0.0362,-0.4429
261240,매매기준율,현물+달러금리,2024-11-05,0.5961,0.474,0.0122,0.4862
261240,매매기준율,현물+달러금리,2024-11-06,1.3052,0.9943,0.0121,1.0066
261240,매매기준율,현물+달러금리,2024-11-07,0.0,0.5462,0.0122,0.5584
261240,매매기준율,현물+달러금리,2024-11-08,-0.7034,-0.9792,0.0121,-0.9672
261240,매매기준율,현물+달러금리,2024-11-11,0.5966,0.7146,0.0364,0.7513
261240,매매기준율,현물+달러금리,2024-11-12,0.6968,0.4157,0.0121,0.4279
261240,매매기준율,현물+달러금리,2024-11-13,0.2208,0.4425,0.0121,0.4547
261240,매매기준율,현물+달러금리,2024-11-14,-0.4407,-0.064,0.0121,-0.0519
261240,매매기준율,현물+달러금리,2024-11-15,-0.0738,-0.256,0.0121,-0.2439
261240,매매기준율,현물+달러금리,2024-11-18,-0.288,-0.7271,0.0362,-0.6911
261240,매매기준율,현물+달러금리,2024-11-19,-0.3702,-0.0431,0.0121,-0.031
261240,매매기준율,현물+달러금리,2024-11-20,0.1115,-0.0287,0.0121,-0.0167
261240,매매기준율,현물+달러금리,2024-11-21,0.5122,0.4671,0.0121,0.4793
261240,매매기준율,현물+달러금리,2024-11-22,0.2954,0.1717,0.0121,0.1838
261240,매매기준율,현물+달러금리,2024-11-25,0.0,-0.1642,0.0364,-0.1279
261240,매매기준율,현물+달러금리,2024-11-26,-0.1841,0.2146,0.0121,0.2267
261240,매매기준율,현물+달러금리,2024-11-27,-0.0738,-0.314,0.0121,-0.302
261240,매매기준율,현물+달러금리,2024-11-28,-0.0738,-0.1503,0.0121,-0.1383
261240,매매기준율,현물+달러금리,2024-11-29,-0.1478,0.0287,0.0121,0.0407
261240,매매기준율,현물+달러금리,2024-12-02,0.666,0.4946,0.0361,0.5308
261240,매매기준율,현물+달러금리,2024-12-03,-0.0735,0.0999,0.012,0.1119
261240,매매기준율,현물+달러금리,2024-12-04,0.6915,0.6841,0.0119,0.6961
261240,매매기준율,현물+달러금리,2024-12-05,0.358,0.1345,0.0119,0.1464
261240,매매기준율,현물+달러금리,2024-12-06,0.2184,0.318,0.0119,0.33
261240,매매기준율,현물+달러금리,2024-12-09,1.2639,0.9722,0.0354,1.008
261240,매매기준율,현물+달러금리,2024-12-10,-0.6456,-0.3558,0.0118,-0.3441
261240,매매기준율,현물+달러금리,2024-12-11,0.3971,0.2311,0.0118,0.2429
261240,매매기준율,현물+달러금리,2024-12-12,0.036,0.007,0.0117,0.0187
261240,매매기준율,현물+달러금리,2024-12-13,-0.0359,0.0838,0.0116,0.0954
261240,매매기준율,현물+달러금리,2024-12-16,0.2517,0.1536,0.0348,0.1884
261240,매매기준율,현물+달러금리,2024-12-17,0.2798,0.1185,0.0116,0.1301
261240,매매기준율,현물+달러금리,2024-12-18,-0.3147,0.0139,0.0117,0.0256
261240,매매기준율,현물+달러금리,2024-12-19,1.2055,0.8978,0.0116,0.9096
261240,매매기준율,현물+달러금리,2024-12-20,0.0709,0.0414,0.0116,0.053
261240,매매기준율,현물+달러금리,2024-12-23,0.0354,-0.069,0.0348,-0.0342
261240,매매기준율,현물+달러금리,2024-12-24,0.3471,0.2967,0.0116,0.3083
261240,매매기준율,현물+달러금리,2024-12-26,0.5647,0.6398,0.0235,0.6634
261240,매매기준율,현물+달러금리,2024-12-27,0.379,0.7656,0.0116,0.7773
261240,매매기준율,현물+달러금리,2024-12-30,0.3846,-0.2781,0.0344,-0.2438
261240,매매기준율,현물+달러금리,2025-01-02,-0.6547,-0.1156,0.0348,-0.0809
261240,매매기준율,현물+달러금리,2025-01-03,0.0631,-0.1022,0.0116,-0.0906
261240,매매기준율,현물+달러금리,2025-01-06,0.2452,0.2727,0.0345,0.3073
261240,매매기준율,현물+달러금리,2025-01-07,-1.1743,-1.047,0.0115,-1.0356
261240,매매기준율,현물+달러금리,2025-01-08,0.2051,-0.1512,0.0115,-0.1396
261240,매매기준율,현물+달러금리,2025-01-09,0.3882,0.3441,0.0115,0.3556
261240,매매기준율,현물+달러금리,2025-01-10,0.2461,0.1714,0.0115,0.183
261240,매매기준율,현물+달러금리,2025-01-13,0.4489,0.7257,0.0347,0.7606
261240,매매기준율,현물+달러금리,2025-01-14,-0.412,-0.5437,0.0116,-0.5322
261240,매매기준율,현물+달러금리,2025-01-15,-0.1753,-0.2118,0.0116,-0.2003
261240,매매기준율,현물+달러금리,2025-01-16,-0.2809,-0.3767,0.0115,-0.3652
261240,매매기준율,현물+달러금리,2025-01-17,0.0352,0.0756,0.0115,0.0872
261240,매매기준율,현물+달러금리,2025-01-20,-0.3098,-0.1923,0.0345,-0.1579
261240,매매기준율,현물+달러금리,2025-01-21,-0.9111,-1.0392,0.0115,-1.0278
261240,매매기준율,현물+달러금리,2025-01-22,-0.1069,-0.2504,0.0116,-0.2388
261240,매매기준율,현물+달러금리,2025-01-23,0.0714,0.1952,0.0116,0.2068
261240,매매기준율,현물+달러금리,2025-01-24,-0.3922,-0.2644,0.0116,-0.2529
261240,매매기준율,현물+달러금리,2025-01-31,1.5963,1.3745,0.0807,1.4563
261240,매매기준율,현물+달러금리,2025-02-03,0.8384,1.1149,0.0345,1.1498
261240,매매기준율,현물+달러금리,2025-02-04,-0.1747,-0.5717,0.0116,-0.5602
261240,매매기준율,현물+달러금리,2025-02-05,-1.2459,-0.7393,0.0116,-0.7278
261240,매매기준율,현물+달러금리,2025-02-06,0.2481,-0.2,0.0116,-0.1885
261240,매매기준율,현물+달러금리,2025-02-07,0.0,0.0207,0.0116,0.0323
261240,매매기준율,현물+달러금리,2025-02-10,0.2757,0.4145,0.0348,0.4495
261240,매매기준율,현물+달러금리,2025-02-11,0.1058,0.0069,0.0116,0.0185
261240,매매기준율,현물+달러금리,2025-02-12,0.0,-0.0619,0.0116,-0.0503
261240,매매기준율,현물+달러금리,2025-02-13,-0.3451,-0.1446,0.0116,-0.133
261240,매매기준율,현물+달러금리,2025-02-14,-0.2474,-0.4964,0.0116,-0.4849
261240,매매기준율,현물+달러금리,2025-02-17,-0.1417,-0.1524,0.0347,-0.1178
261240,매매기준율,현물+달러금리,2025-02-18,0.1774,0.1943,0.0116,0.2059
261240,매매기준율,현물+달러금리,2025-02-19,-0.3541,-0.2285,0.0116,-0.217
261240,매매기준율,현물+달러금리,2025-02-20,0.0,-0.0833,0.0116,-0.0717
261240,매매기준율,현물+달러금리,2025-02-21,-0.3127,-0.3682,0.0115,-0.3567
261240,매매기준율,현물+달러금리,2025-02-24,-0.4278,-0.3417,0.0346,-0.3072
261240,매매기준율,현물+달러금리,2025-02-25,0.2506,0.105,0.0115,0.1164
261240,매매기준율,현물+달러금리,2025-02-26,0.1071,0.0769,0.0115,0.0884
261240,매매기준율,현물+달러금리,2025-02-27,0.7064,0.5448,0.0115,0.5563
261240,매매기준율,현물+달러금리,2025-02-28,1.4029,1.3268,0.0115,1.3384
261240,매매기준율,현물+달러금리,2025-03-04,0.0349,0.0617,0.046,0.1078
261240,매매기준율,현물+달러금리,2025-03-05,-0.5518,-0.2466,0.0115,-0.2352
261240,매매기준율,현물+달러금리,2025-03-06,-0.7656,-0.989,0.0115,-0.9776
261240,매매기준율,현물+달러금리,2025-03-07,0.3114,0.326,0.0115,0.3376
261240,매매기준율,현물+달러금리,2025-03-10,0.4233,0.3595,0.0345,0.3942
261240,매매기준율,현물+달러금리,2025-03-11,0.3443,0.4409,0.0115,0.4525
261240,매매기준율,현물+달러금리,2025-03-12,-0.4831,-0.4047,0.0115,-0.3932
261240,매매기준율,현물+달러금리,2025-03-13,0.2814,-0.0069,0.0115,0.0046
261240,매매기준율,현물+달러금리,2025-03-14,-0.0702,0.1997,0.0115,0.2113
261240,매매기준율,현물+달러금리,2025-03-17,-0.4213,-0.4674,0.0345,-0.4331
261240,매매기준율,현물+달러금리,2025-03-18,0.3878,-0.0622,0.0115,-0.0507
261240,매매기준율,현물+달러금리,2025-03-19,0.1405,0.3593,0.0115,0.3709
261240,매매기준율,현물+달러금리,2025-03-20,0.3086,0.4751,0.0115,0.4867
261240,매매기준율,현물+달러금리,2025-03-21,0.3846,0.5277,0.0115,0.5392
261240,매매기준율,현물+달러금리,2025-03-24,0.3761,0.0,0.0344,0.0344
261240,매매기준율,현물+달러금리,2025-03-25,0.1041,0.1841,0.0115,0.1956
261240,매매기준율,현물+달러금리,2025-03-26,-0.2426,-0.2926,0.0115,-0.2812
261240,매매기준율,현물+달러금리,2025-03-27,0.0,0.1024,0.0115,0.1139
261240,매매기준율,현물+달러금리,2025-03-28,0.1042,-0.0205,0.0115,-0.0089
261240,매매기준율,현물+달러금리,2025-03-31,0.3471,0.2796,0.0345,0.3142
261240,매매기준율,현물+달러금리,2025-04-01,0.0,0.0748,0.0115,0.0863
261240,매매기준율,현물+달러금리,2025-04-02,-0.3459,-0.265,0.0115,-0.2535
261240,매매기준율,현물+달러금리,2025-04-03,0.0,-0.0545,0.0115,-0.043
261240,매매기준율,현물+달러금리,2025-04-04,-2.2352,-1.8882,0.0115,-1.8769
261240,매매기준율,현물+달러금리,2025-04-07,2.3218,1.8481,0.0343,1.883
261240,매매기준율,현물+달러금리,2025-04-08,0.451,0.2933,0.0114,0.3048
261240,매매기준율,현물+달러금리,2025-04-09,0.753,0.8638,0.0115,0.8754
261240,매매기준율,현물+달러금리,2025-04-10,-1.7689,-1.6454,0.0116,-1.634
261240,매매기준율,현물+달러금리,2025-04-11,-0.4467,-0.5279,0.0116,-0.5164
261240,매매기준율,현물+달러금리,2025-04-14,-1.8439,-1.6129,0.0348,-1.5787
261240,매매기준율,현물+달러금리,2025-04-15,0.2143,-0.2872,0.0116,-0.2757
261240,매매기준율,현물+달러금리,2025-04-16,0.0713,0.2881,0.0116,0.2997
261240,매매기준율,현물+달러금리,2025-04-17,-0.4986,-0.5254,0.0115,-0.514
261240,매매기준율,현물+달러금리,2025-04-18,0.2505,0.1127,0.0116,0.1243
261240,매매기준율,현물+달러금리,2025-04-21,-0.3213,-0.1829,0.0348,-0.1482
261240,매매기준율,현물+달러금리,2025-04-22,0.1074,0.2608,0.0116,0.2724
261240,매매기준율,현물+달러금리,2025-04-23,0.1431,0.2812,0.0116,0.2928
261240,매매기준율,현물+달러금리,2025-04-24,0.9575,0.2523,0.0116,0.2639
261240,매매기준율,현물+달러금리,2025-04-25,0.1769,0.3076,0.0115,0.3192
261240,매매기준율,현물+달러금리,2025-04-28,0.3815,0.3276,0.0346,0.3623
261240,매매기준율,현물+달러금리,2025-04-29,-0.3449,-0.0556,0.0115,-0.0441
261240,매매기준율,현물+달러금리,2025-04-30,-1.017,-0.8064,0.0115,-0.795
261240,매매기준율,현물+달러금리,2025-05-02,-1.0631,-0.021,0.023,0.002
261240,매매기준율,현물+달러금리,2025-05-07,-0.4976,-2.2781,0.0578,-2.2217
261240,매매기준율,현물+달러금리,2025-05-08,-0.145,0.1363,0.0116,0.1479
261240,매매기준율,현물+달러금리,2025-05-09,0.2178,0.6877,0.0116,0.6993
261240,매매기준율,현물+달러금리,2025-05-12,0.1811,-0.3699,0.0347,-0.3354
261240,매매기준율,현물+달러금리,2025-05-13,1.1423,0.9497,0.0118,0.9616
261240,매매기준율,현물+달러금리,2025-05-14,0.1787,0.1485,0.0118,0.1603
261240,매매기준율,현물+달러금리,2025-05-15,-1.7339,-1.1442,0.0118,-1.1326
261240,매매기준율,현물+달러금리,2025-05-16,-0.2904,-0.3787,0.0117,-0.367
261240,매매기준율,현물+달러금리,2025-05-19,0.5826,0.2654,0.0349,0.3004
261240,매매기준율,현물+달러금리,2025-05-20,-0.362,-0.3863,0.0117,-0.3746
261240,매매기준율,현물+달러금리,2025-05-21,-0.3924,-0.3949,0.0117,-0.3833
261240,매매기준율,현물+달러금리,2025-05-22,-0.4742,-0.6272,0.0116,-0.6157
261240,매매기준율,현물+달러금리,2025-05-23,-0.3225,-0.1088,0.0116,-0.0972
261240,매매기준율,현물+달러금리,2025-05-26,-0.8015,-0.8643,0.0348,-0.8297
261240,매매기준율,현물+달러금리,2025-05-27,0.4374,0.2418,0.0116,0.2534
261240,매매기준율,현물+달러금리,2025-05-28,0.5166,0.4604,0.0116,0.4721
261240,매매기준율,현물+달러금리,2025-05-29,0.0,0.4947,0.0116,0.5064
261240,매매기준율,현물+달러금리,2025-05-30,0.2864,-0.4126,0.0116,-0.401
261240,매매기준율,현물+달러금리,2025-06-02,-0.5052,0.0872,0.0349,0.1222
261240,매매기준율,현물+달러금리,2025-06-04,-0.1472,-0.2251,0.0233,-0.2019
261240,매매기준율,현물+달러금리,2025-06-05,-0.7665,-1.0773,0.0116,-1.0658
261240,매매기준율,현물+달러금리,2025-06-09,-0.1857,-0.0074,0.0466,0.0392
261240,매매기준율,현물+달러금리,2025-06-10,0.625,0.0736,0.0116,0.0852
261240,매매기준율,현물+달러금리,2025-06-11,0.6655,0.6545,0.0117,0.6662
261240,매매기준율,현물+달러금리,2025-06-12,-1.1679,-0.431,0.0117,-0.4194
261240,매매기준율,현물+달러금리,2025-06-13,0.8101,0.2862,0.0117,0.2979
261240,매매기준율,현물+달러금리,2025-06-16,-0.435,-0.2341,0.035,-0.1992
261240,매매기준율,현물+달러금리,2025-06-17,0.037,-0.1393,0.0116,-0.1277
261240,매매기준율,현물+달러금리,2025-06-18,0.5848,0.8445,0.0116,0.8562
261240,매매기준율,현물+달러금리,2025-06-19,0.8021,0.4661,0.0116,0.4777
261240,매매기준율,현물+달러금리,2025-06-20,-1.0147,-0.7393,0.0116,-0.7278
261240,매매기준율,현물+달러금리,2025-06-23,1.2464,0.9128,0.0346,0.9477
261240,매매기준율,현물+달러금리,2025-06-24,-1.6608,-1.223,0.0115,-1.2116
261240,매매기준율,현물+달러금리,2025-06-25,0.1778,-0.3004,0.0115,-0.2889
261240,매매기준율,현물+달러금리,2025-06-26,-0.3623,-0.2425,0.0115,-0.231
261240,매매기준율,현물+달러금리,2025-06-27,0.0371,-0.0884,0.0115,-0.0769
261240,매매기준율,현물+달러금리,2025-06-30,-0.5861,-0.2064,0.0345,-0.172
261240,매매기준율,현물+달러금리,2025-07-01,0.4776,-0.0739,0.0116,-0.0623
261240,매매기준율,현물+달러금리,2025-07-02,0.2971,0.5027,0.0116,0.5144
261240,매매기준율,현물+달러금리,2025-07-03,0.0,-0.0956,0.0116,-0.084
261240,매매기준율,현물+달러금리,2025-07-04,0.2147,0.4492,0.0117,0.4609
261240,매매기준율,현물+달러금리,2025-07-07,0.4803,0.1759,0.035,0.211
261240,매매기준율,현물+달러금리,2025-07-08,0.0368,0.1024,0.0117,0.1141
261240,매매기준율,현물+달러금리,2025-07-09,0.4704,0.424,0.0117,0.4357
261240,매매기준율,현물+달러금리,2025-07-10,-0.2195,-0.0582,0.0117,-0.0466
261240,매매기준율,현물+달러금리,2025-07-11,0.33,0.1238,0.0116,0.1355
261240,매매기준율,현물+달러금리,2025-07-14,0.3581,0.2764,0.0349,0.3115
261240,매매기준율,현물+달러금리,2025-07-15,0.0,0.3047,0.0117,0.3164
261240,매매기준율,현물+달러금리,2025-07-16,0.4369,0.3182,0.0116,0.3299
261240,매매기준율,현물+달러금리,2025-07-17,0.464,0.2667,0.0116,0.2784
261240,매매기준율,현물+달러금리,2025-07-18,0.0722,0.0791,0.0116,0.0907
261240,매매기준율,현물+달러금리,2025-07-21,-0.2813,-0.0575,0.0348,-0.0226
261240,매매기준율,현물+달러금리,2025-07-22,-0.0723,-0.3451,0.0116,-0.3335
261240,매매기준율,현물+달러금리,2025-07-23,-0.6441,-0.5194,0.0116,-0.5078
261240,매매기준율,현물+달러금리,2025-07-24,-0.7649,-0.7541,0.0116,-0.7426
261240,매매기준율,현물+달러금리,2025-07-25,0.7708,0.5334,0.0116,0.5451
261240,매매기준율,현물+달러금리,2025-07-28,0.2112,0.2616,0.0349,0.2967
261240,매매기준율,현물+달러금리,2025-07-29,0.7196,0.8553,0.0116,0.867
261240,매매기준율,현물+달러금리,2025-07-30,-0.5341,-0.6109,0.0116,-0.5994
261240,매매기준율,현물+달러금리,2025-07-31,0.3628,0.5423,0.0116,0.554
261240,매매기준율,현물+달러금리,2025-08-01,1.0338,0.6401,0.0116,0.6518
261240,매매기준율,현물+달러금리,2025-08-04,-1.2379,-1.0291,0.0344,-0.995
261240,매매기준율,현물+달러금리,2025-08-05,0.3188,0.13,0.0114,0.1414
261240,매매기준율,현물+달러금리,2025-08-06,0.0361,0.2019,0.0114,0.2133
261240,매매기준율,현물+달러금리,2025-08-07,-0.5343,-0.3814,0.0113,-0.3701
261240,매매기준율,현물+달러금리,2025-08-08,0.5371,0.13,0.0113,0.1414
261240,매매기준율,현물+달러금리,2025-08-11,0.0,0.1659,0.034,0.2
261240,매매기준율,현물+달러금리,2025-08-12,0.1805,0.1369,0.0114,0.1482
261240,매매기준율,현물+달러금리,2025-08-13,-0.5693,-0.4604,0.0113,-0.4491
261240,매매기준율,현물+달러금리,2025-08-14,-0.0725,-0.1156,0.0113,-0.1044
261240,매매기준율,현물+달러금리,2025-08-18,0.1813,0.2243,0.0452,0.2695
261240,매매기준율,현물+달러금리,2025-08-19,0.4996,0.296,0.0113,0.3073
261240,매매기준율,현물+달러금리,2025-08-20,0.6772,0.583,0.0113,0.5943
261240,매매기준율,현물+달러금리,2025-08-21,0.0,0.0429,0.0113,0.0542
261240,매매기준율,현물+달러금리,2025-08-22,-0.4937,-0.1788,0.0113,-0.1675
261240,매매기준율,현물+달러금리,2025-08-25,-0.4674,-0.6664,0.0337,-0.6329
261240,매매기준율,현물+달러금리,2025-08-26,0.7875,0.3535,0.0112,0.3647
261240,매매기준율,현물+달러금리,2025-08-27,0.0358,0.3235,0.0112,0.3347
261240,매매기준율,현물+달러금리,2025-08-28,-0.6019,-0.5087,0.0112,-0.4976
261240,매매기준율,현물+달러금리,2025-08-29,0.1081,-0.0648,0.0112,-0.0536
261240,매매기준율,현물+달러금리,2025-09-01,0.3241,0.3387,0.0333,0.3721
261240,매매기준율,현물+달러금리,2025-09-02,-0.1077,-0.0144,0.0111,-0.0033
261240,매매기준율,현물+달러금리,2025-09-03,0.1078,0.1149,0.0111,0.126
261240,매매기준율,현물+달러금리,2025-09-04,0.0359,-0.0789,0.011,-0.0679
261240,매매기준율,현물+달러금리,2025-09-05,-0.1435,-0.0646,0.011,-0.0536
261240,매매기준율,현물+달러금리,2025-09-08,-0.0719,-0.1006,0.0322,-0.0684
261240,매매기준율,현물+달러금리,2025-09-09,-0.1798,-0.2733,0.0108,-0.2625
261240,매매기준율,현물+달러금리,2025-09-10,0.0,0.0721,0.0108,0.0829
261240,매매기준율,현물+달러금리,2025-09-11,0.3242,0.1297,0.0108,0.1405
261240,매매기준율,현물+달러금리,2025-09-12,-0.1436,-0.0504,0.0108,-0.0396
261240,매매기준율,현물+달러금리,2025-09-15,0.036,0.0576,0.0324,0.09
261240,매매기준율,현물+달러금리,2025-09-16,-0.7117,-0.5182,0.0107,-0.5075
261240,매매기준율,현물+달러금리,2025-09-17,0.1086,-0.1664,0.0107,-0.1557
261240,매매기준율,현물+달러금리,2025-09-18,0.5713,0.3333,0.0106,0.344
261240,매매기준율,현물+달러금리,2025-09-19,0.4602,0.65,0.0107,0.6607
261240,매매기준율,현물+달러금리,2025-09-22,-0.0716,0.0287,0.032,0.0607
261240,매매기준율,현물+달러금리,2025-09-23,0.0716,-0.0143,0.0106,-0.0038
261240,매매기준율,현물+달러금리,2025-09-24,0.3221,0.0789,0.0106,0.0895
261240,매매기준율,현물+달러금리,2025-09-25,0.2141,0.3943,0.0106,0.4049
261240,매매기준율,현물+달러금리,2025-09-26,0.8758,0.7998,0.0107,0.8105
261240,매매기준율,현물+달러금리,2025-09-29,-0.9034,-0.6659,0.0318,-0.6343
261240,매매기준율,현물+달러금리,2025-09-30,0.2778,0.0713,0.0106,0.0819
261240,매매기준율,현물+달러금리,2025-10-01,0.0355,0.1995,0.0106,0.2101
261240,매매기준율,현물+달러금리,2025-10-02,-0.1775,-0.2916,0.0105,-0.2811
261240,매매기준율,현물+달러금리,2025-10-10,1.4866,1.3268,0.0846,1.4125
261240,매매기준율,현물+달러금리,2025-10-13,0.3434,0.5069,0.0317,0.5388
261240,매매기준율,현물+달러금리,2025-10-14,0.4191,0.049,0.0106,0.0596
261240,매매기준율,현물+달러금리,2025-10-15,-0.7582,-0.28,0.0105,-0.2695
261240,매매기준율,현물+달러금리,2025-10-16,-0.1402,-0.3721,0.0106,-0.3615
261240,매매기준율,현물+달러금리,2025-10-17,0.2386,0.0282,0.0106,0.0388
261240,매매기준율,현물+달러금리,2025-10-20,-0.2381,0.0493,0.0316,0.0809
261240,매매기준율,현물+달러금리,2025-10-21,0.765,0.2464,0.0104,0.2569
261240,매매기준율,현물+달러금리,2025-10-22,0.0697,0.4495,0.0104,0.46
261240,매매기준율,현물+달러금리,2025-10-23,0.6543,0.4545,0.0104,0.465
261240,매매기준율,현물+달러금리,2025-10-24,-0.0346,-0.0348,0.0104,-0.0244
261240,매매기준율,현물+달러금리,2025-10-27,-0.3459,-0.2507,0.031,-0.2198
261240,매매기준율,현물+달러금리,2025-10-28,0.3471,0.1257,0.0102,0.1359
261240,매매기준율,현물+달러금리,2025-10-29,-0.3459,-0.0906,0.0102,-0.0804
261240,매매기준율,현물+달러금리,2025-10-30,-0.4443,-0.6839,0.0103,-0.6736
261240,매매기준율,현물+달러금리,2025-10-31,-0.0349,0.2951,0.0103,0.3054
261240,매매기준율,현물+달러금리,2025-11-03,0.2441,0.1121,0.0307,0.1428
261240,매매기준율,현물+달러금리,2025-11-04,0.654,0.6088,0.0105,0.6193
261240,매매기준율,현물+달러금리,2025-11-05,0.8572,0.6469,0.0104,0.6573
261240,매매기준율,현물+달러금리,2025-11-06,-0.0343,-0.0968,0.0104,-0.0864
261240,매매기준율,현물+달러금리,2025-11-07,0.6445,0.5811,0.0103,0.5915
261240,매매기준율,현물+달러금리,2025-11-10,-0.4087,-0.0206,0.031,0.0103
261240,매매기준율,현물+달러금리,2025-11-11,0.8482,0.6535,0.0104,0.664
261240,매매기준율,현물+달러금리,2025-11-12,0.2035,0.2187,0.0104,0.2291
261240,매매기준율,현물+달러금리,2025-11-13,0.2978,0.2114,0.0104,0.2218
261240,매매기준율,현물+달러금리,2025-11-14,-0.8639,-0.7486,0.0104,-0.7382
261240,매매기준율,현물+달러금리,2025-11-17,0.034,-0.0137,0.0312,0.0175
261240,매매기준율,현물+달러금리,2025-11-18,0.4696,0.4732,0.0104,0.4836
261240,매매기준율,현물+달러금리,2025-11-19,0.0677,-0.0137,0.0104,-0.0033
261240,매매기준율,현물+달러금리,2025-11-20,0.2031,0.2321,0.0104,0.2425
261240,매매기준율,현물+달러금리,2025-11-21,0.4323,0.2452,0.0104,0.2555
261240,매매기준율,현물+달러금리,2025-11-24,0.1009,0.1019,0.0308,0.1328
261240,매매기준율,현물+달러금리,2025-11-25,-0.2016,0.0,0.0103,0.0103
261240,매매기준율,현물+달러금리,2025-11-26,-0.4646,-0.7329,0.0102,-0.7228
261240,매매기준율,현물+달러금리,2025-11-27,-0.1353,0.1436,0.0103,0.1539
261240,매매기준율,현물+달러금리,2025-11-28,0.5013,0.0751,0.0103,0.0854
261240,매매기준율,현물+달러금리,2025-12-01,0.0,0.2183,0.0307,0.249
261240,매매기준율,현물+달러금리,2025-12-02,-0.1011,0.034,0.0102,0.0442
261240,매매기준율,현물+달러금리,2025-12-03,0.0,-0.0612,0.0101,-0.0512
261240,매매기준율,현물+달러금리,2025-12-04,0.4048,0.1906,0.01,0.2006
261240,매매기준율,현물+달러금리,2025-12-05,-0.3024,0.0408,0.0099,0.0507
261240,매매기준율,현물+달러금리,2025-12-08,-0.1348,-0.2106,0.0298,-0.1809
261240,매매기준율,현물+달러금리,2025-12-09,0.27,0.0953,0.01,0.1053
261240,매매기준율,현물+달러금리,2025-12-10,-0.101,0.0,0.01,0.01
261240,매매기준율,현물+달러금리,2025-12-11,0.2695,-0.0612,0.0099,-0.0514
261240,매매기준율,현물+달러금리,2025-12-12,0.0672,0.2042,0.0098,0.214
261240,매매기준율,현물+달러금리,2025-12-15,-0.1679,0.1087,0.0291,0.1378
261240,매매기준율,현물+달러금리,2025-12-16,0.4305,-0.1153,0.0098,-0.1056
261240,매매기준율,현물+달러금리,2025-12-17,0.1339,0.4211,0.0098,0.4309
261240,매매기준율,현물+달러금리,2025-12-18,0.0,-0.0947,0.0097,-0.085
261240,매매기준율,현물+달러금리,2025-12-19,-0.2007,0.0406,0.0097,0.0503
261240,매매기준율,현물+달러금리,2025-12-22,0.3351,0.0744,0.0291,0.1036
261240,매매기준율,현물+달러금리,2025-12-23,0.2672,0.3043,0.0098,0.3141
261240,매매기준율,현물+달러금리,2025-12-24,-2.0518,-1.537,0.0098,-1.5274
261240,매매기준율,현물+달러금리,2025-12-26,-0.7345,-1.2529,0.0197,-1.2334
261240,매매기준율,현물+달러금리,2025-12-29,-0.6509,-0.5824,0.0293,-0.5533
261240,매매기준율,현물+달러금리,2025-12-30,0.5517,0.0697,0.0098,0.0795
261240,매매기준율,현물+달러금리,2026-01-02,0.2401,0.5018,0.0292,0.5311
261240,매매기준율,현물+달러금리,2026-01-05,0.1368,0.3259,0.0291,0.3551
261240,매매기준율,현물+달러금리,2026-01-06,0.1025,-0.076,0.0097,-0.0663
261240,매매기준율,현물+달러금리,2026-01-07,0.0,0.1798,0.0097,0.1895
261240,매매기준율,현물+달러금리,2026-01-08,0.3072,0.076,0.0096,0.0856
261240,매매기준율,현물+달러금리,2026-01-09,0.6125,0.4347,0.0096,0.4443
261240,매매기준율,현물+달러금리,2026-01-12,0.7102,0.577,0.0289,0.6061
261240,매매기준율,현물+달러금리,2026-01-13,0.3694,0.5942,0.0098,0.604
261240,매매기준율,현물+달러금리,2026-01-14,0.2342,0.3191,0.0098,0.3289
261240,매매기준율,현물+달러금리,2026-01-15,-0.4673,-0.5279,0.0098,-0.5182
261240,매매기준율,현물+달러금리,2026-01-16,0.2347,0.2586,0.0098,0.2684
261240,매매기준율,현물+달러금리,2026-01-19,0.0335,0.0068,0.0293,0.0361
261240,매매기준율,현물+달러금리,2026-01-20,0.2676,0.2307,0.0098,0.2405
261240,매매기준율,현물+달러금리,2026-01-21,-0.4336,-0.2844,0.0098,-0.2746
261240,매매기준율,현물+달러금리,2026-01-22,-0.1005,-0.2988,0.0098,-0.2889
261240,매매기준율,현물+달러금리,2026-01-23,-0.3018,-0.0817,0.0099,-0.0719
261240,매매기준율,현물+달러금리,2026-01-26,-1.6482,-1.663,0.0295,-1.634
261240,매매기준율,현물+달러금리,2026-01-27,0.2394,0.4159,0.0098,0.4257
261240,매매기준율,현물+달러금리,2026-01-28,-1.4671,-1.3943,0.0098,-1.3846
261240,매매기준율,현물+달러금리,2026-01-29,0.1731,-0.112,0.0098,-0.1022
261240,매매기준율,현물+달러금리,2026-01-30,1.0024,0.6797,0.0098,0.6897
261240,매매기준율,현물+달러금리,2026-02-02,1.6427,1.4338,0.0294,1.4637
261240,매매기준율,현물+달러금리,2026-02-03,-1.1111,-0.5695,0.0099,-0.5597
261240,매매기준율,현물+달러금리,2026-02-04,0.2383,0.1518,0.0099,0.1617
261240,매매기준율,현물+달러금리,2026-02-05,1.2568,0.8889,0.0099,0.8989
261240,매매기준율,현물+달러금리,2026-02-06,0.0335,0.4235,0.0098,0.4333
261240,매매기준율,현물+달러금리,2026-02-09,-0.4695,-0.4081,0.0296,-0.3786
261240,매매기준율,현물+달러금리,2026-02-10,-0.2022,-0.4507,0.0099,-0.4409
261240,매매기준율,현물+달러금리,2026-02-11,-0.5402,-0.2264,0.0099,-0.2165
261240,매매기준율,현물+달러금리,2026-02-12,-0.5092,-0.7563,0.0099,-0.7465
261240,매매기준율,현물+달러금리,2026-02-13,0.1706,-0.0208,0.0099,-0.0109
261240,매매기준율,현물+달러금리,2026-02-19,0.2044,0.5266,0.0592,0.5861
261240,매매기준율,현물+달러금리,2026-02-20,0.0,-0.1379,0.0099,-0.128
261240,매매기준율,현물+달러금리,2026-02-23,-0.3739,-0.4625,0.0296,-0.433
261240,매매기준율,현물+달러금리,2026-02-24,0.1706,0.2635,0.0099,0.2734
261240,매매기준율,현물+달러금리,2026-02-25,-0.8856,-0.7262,0.0099,-0.7165
261240,매매기준율,현물+달러금리,2026-02-26,-0.2405,-0.7525,0.0099,-0.7427
261240,매매기준율,현물+달러금리,2026-02-27,0.8956,0.7652,0.0099,0.7751
261240,매매기준율,현물+달러금리,2026-03-03,1.9461,2.0273,0.0393,2.0674
261240,매매기준율,현물+달러금리,2026-03-04,0.7033,0.9764,0.0099,0.9864
261240,매매기준율,현물+달러금리,2026-03-05,-0.4988,-0.9805,0.0099,-0.9708
261240,매매기준율,현물+달러금리,2026-03-06,0.4345,0.6966,0.0098,0.7065
261240,매매기준율,현물+달러금리,2026-03-09,1.3977,1.2614,0.0294,1.2912
261240,매매기준율,현물+달러금리,2026-03-10,-1.7066,-1.3596,0.0099,-1.3498
261240,매매기준율,현물+달러금리,2026-03-11,-0.2671,-0.3734,0.0099,-0.3636
261240,매매기준율,현물+달러금리,2026-03-12,1.0044,0.8519,0.0099,0.8619
261240,매매기준율,현물+달러금리,2026-03-13,0.8949,0.6555,0.0099,0.6654
261240,매매기준율,현물+달러금리,2026-03-16,0.23,0.4364,0.0297,0.4662
261240,매매기준율,현물+달러금리,2026-03-17,-0.295,-0.2941,0.0099,-0.2843
261240,매매기준율,현물+달러금리,2026-03-18,-0.6903,-0.3754,0.0099,-0.3656
261240,매매기준율,현물+달러금리,2026-03-19,1.3241,0.9219,0.0099,0.9319
261240,매매기준율,현물+달러금리,2026-03-20,-0.0327,-0.3201,0.0099,-0.3102
261240,매매기준율,현물+달러금리,2026-03-23,1.1438,0.9833,0.0298,1.0135
261240,매매기준율,현물+달러금리,2026-03-24,-1.4216,-0.7485,0.0099,-0.7387
261240,매매기준율,현물+달러금리,2026-03-25,0.2622,-0.1802,0.0099,-0.1703
261240,매매기준율,현물+달러금리,2026-03-26,0.523,0.7087,0.0099,0.7188
261240,매매기준율,현물+달러금리,2026-03-27,0.065,0.1261,0.0099,0.1361
261240,매매기준율,현물+달러금리,2026-03-30,0.52,0.3514,0.0298,0.3813
261240,매매기준율,현물+달러금리,2026-03-31,1.1962,1.1299,0.0099,1.1399
261240,매매기준율,현물+달러금리,2026-04-01,-2.0447,-1.4832,0.0099,-1.4734
261240,매매기준율,현물+달러금리,2026-04-02,1.2394,0.7295,0.0099,0.7395
261240,매매기준율,현물+달러금리,2026-04-03,-0.9987,-0.7374,0.0099,-0.7276
261240,매매기준율,현물+달러금리,2026-04-06,0.0325,-0.0265,0.0298,0.0032
261240,매매기준율,현물+달러금리,2026-04-07,-0.0976,-0.0265,0.01,-0.0166
261240,매매기준율,현물+달러금리,2026-04-08,-2.1491,-2.0374,0.0099,-2.0277
261240,매매기준율,현물+달러금리,2026-04-09,0.7321,0.3387,0.0099,0.3487
261240,매매기준율,현물+달러금리,2026-04-10,-0.033,-0.0878,0.0099,-0.0779
261240,매매기준율,현물+달러금리,2026-04-13,0.5618,0.6758,0.0296,0.7056
261240,매매기준율,현물+달러금리,2026-04-14,-0.5258,-0.5638,0.0099,-0.554
261240,매매기준율,현물+달러금리,2026-04-15,-0.4625,-0.5603,0.0099,-0.5504
261240,매매기준율,현물+달러금리,2026-04-16,-0.0996,-0.0339,0.0099,-0.024
261240,매매기준율,현물+달러금리,2026-04-17,0.598,0.5025,0.0099,0.5125
261240,매매기준율,현물+달러금리,2026-04-20,-0.2972,-0.2973,0.0297,-0.2677
261240,매매기준율,현물+달러금리,2026-04-21,-0.53,-0.3253,0.0099,-0.3154
261240,매매기준율,현물+달러금리,2026-04-22,0.4995,0.4623,0.0099,0.4722
261240,매매기준율,현물+달러금리,2026-04-23,0.2319,0.203,0.0099,0.2129
261240,매매기준율,현물+달러금리,2026-04-24,0.2975,0.1553,0.0099,0.1652
261240,매매기준율,현물+달러금리,2026-04-27,-0.7581,-0.6609,0.0296,-0.6315
261240,매매기준율,현물+달러금리,2026-04-28,0.0,0.0136,0.0099,0.0234
261240,매매기준율,현물+달러금리,2026-04-29,0.465,0.19,0.0099,0.1999
261240,매매기준율,현물+달러금리,2026-04-30,0.3636,0.5894,0.0099,0.5993
261240,매매기준율,현물+달러금리,2026-05-04,-1.3175,-0.9631,0.0393,-0.9241
261240,매매기준율,현물+달러금리,2026-05-06,-0.6342,-0.9317,0.0198,-0.9121
261240,매매기준율,현물+달러금리,2026-05-07,0.0,-0.4119,0.0099,-0.402
261240,매매기준율,현물+달러금리,2026-05-08,1.0413,1.0477,0.0099,1.0577
261240,매매기준율,현물+달러금리,2026-05-11,0.266,0.4775,0.0296,0.5072
261240,매매기준율,현물+달러금리,2026-05-12,0.9947,0.7671,0.0099,0.7771
261240,매매기준율,현물+달러금리,2026-05-13,0.1313,0.7276,0.0099,0.7376
261240,매매기준율,현물+달러금리,2026-05-14,0.0328,-0.2207,0.0099,-0.2109
261240,매매기준율,현물+달러금리,2026-05-15,0.7866,0.5363,0.0099,0.5462
261240,매매기준율,현물+달러금리,2026-05-18,-0.065,0.24,0.0296,0.2697
261240,매매기준율,현물+달러금리,2026-05-19,0.5207,0.0266,0.0099,0.0365
261240,매매기준율,현물+달러금리,2026-05-20,-0.1942,0.3923,0.0098,0.4022
261240,매매기준율,현물+달러금리,2026-05-21,0.0649,-0.4107,0.0098,-0.4009
261240,매매기준율,현물+달러금리,2026-05-22,0.7455,0.6518,0.0098,0.6617
261240,매매기준율,현물+달러금리,2026-05-26,-0.7722,-0.3568,0.0393,-0.3176
261240,매매기준율,현물+달러금리,2026-05-27,-0.227,-0.4178,0.0099,-0.408
261240,매매기준율,현물+달러금리,2026-05-28,0.13,0.2797,0.0098,0.2896
261240,매매기준율,현물+달러금리,2026-05-29,0.357,-0.1727,0.0099,-0.1628
261240,매매기준율,현물+달러금리,2026-06-01,-0.3234,0.5389,0.0296,0.5686
261240,매매기준율,현물+달러금리,2026-06-02,0.9085,0.2845,0.0099,0.2945
261240,매매기준율,현물+달러금리,2026-06-04,0.8682,0.8577,0.0199,0.8778
261240,매매기준율,현물+달러금리,2026-06-05,0.7651,0.942,0.0099,0.9521
261240,매매기준율,현물+달러금리,2026-06-08,-0.3164,0.2268,0.0298,0.2567
261240,매매기준율,현물+달러금리,2026-06-09,-1.5551,-1.817,0.01,-1.8072
261240,매매기준율,현물+달러금리,2026-06-10,0.677,0.2634,0.01,0.2734
261240,매매기준율,현물+달러금리,2026-06-11,0.5123,0.3022,0.01,0.3122
261240,매매기준율,현물+달러금리,2026-06-12,-0.7646,-0.4322,0.0099,-0.4223
261240,매매기준율,현물+달러금리,2026-06-15,-0.4494,-0.684,0.0298,-0.6544
261240,매매기준율,현물+달러금리,2026-06-16,0.0967,0.2318,0.01,0.2418
261240,매매기준율,현물+달러금리,2026-06-17,0.1289,-0.0463,0.01,-0.0363
261240,매매기준율,현물+달러금리,2026-06-18,0.8044,0.7007,0.0101,0.7108
261240,매매기준율,현물+달러금리,2026-06-19,0.1277,0.7615,0.0101,0.7716
261240,매매기준율,현물+달러금리,2026-06-22,0.6694,0.0456,0.0302,0.0758
261240,매매기준율,현물+달러금리,2026-06-23,0.1583,0.0977,0.0101,0.1078
261240,매매기준율,현물+달러금리,2026-06-24,0.0632,0.0716,0.0101,0.0817
261240,매매기준율,현물+달러금리,2026-06-25,0.0,0.455,0.0101,0.4652
261240,매매기준율,현물+달러금리,2026-06-26,-0.3791,-0.0712,0.0101,-0.0611
261240,매매기준율,현물+달러금리,2026-06-29,0.4123,-0.1748,0.0302,-0.1447
261240,매매기준율,현물+달러금리,2026-06-30,0.537,0.4476,0.0102,0.4579
261240,매매기준율,현물+달러금리,2026-07-01,0.4713,0.3875,0.0102,0.3978
261240,매매기준율,현물+달러금리,2026-07-02,-0.0938,-0.0193,0.0102,-0.0091
261240,매매기준율,현물+달러금리,2026-07-03,-1.6901,-0.9266,0.0101,-0.9166
261240,매매기준율,현물+달러금리,2026-07-06,0.1592,-0.5131,0.0302,-0.483
261240,매매기준율,현물+달러금리,2026-07-07,-0.1907,-0.3395,0.0102,-0.3293
261240,매매기준율,현물+달러금리,2026-07-08,-1.7197,-1.0939,0.0102,-1.0838
261240,매매기준율,현물+달러금리,2026-07-09,0.3889,-0.3775,0.0102,-0.3673
261240,매매기준율,현물+달러금리,2026-07-10,-0.226,0.1928,0.0101,0.2029
261240,매매기준율,현물+달러금리,2026-07-13,0.1294,-0.146,0.0305,-0.1155
261240,매매기준율,현물+달러금리,2026-07-14,-0.6785,-0.8439,0.0103,-0.8337
261240,매매기준율,현물+달러금리,2026-07-15,-0.488,-0.2279,0.0102,-0.2177
261240,매매기준율,현물+달러금리,2026-07-16,-0.3269,-0.3023,0.0101,-0.2922
261240,매매기준율,현물+달러금리,2026-07-20,-0.2296,-0.155,0.0405,-0.1145
261240,매매기준율,현물+달러금리,2026-07-21,-0.3616,-0.4318,0.0102,-0.4217
261240,매매기준율,현물+달러금리,2026-07-22,0.5939,0.3592,0.0102,0.3695
261240,매매기준율,현물+달러금리,2026-07-23,-0.9183,-0.7766,0.0103,-0.7664
261240,매매기준율,현물+달러금리,2026-07-24,0.0,-0.211,0.0104,-0.2006
261240,매매기준율,현물+달러금리,2026-07-27,0.1655,-0.0614,0.0313,-0.0301
261240,매매기준율,현물+달러금리,2026-07-28,-0.3966,0.0546,0.0105,0.0651
261240,매매기준율,현물+달러금리,2026-07-29,-1.0285,-1.0981,0.0103,-1.0879
261240,매매기준율,현물+달러금리,2026-07-30,-0.6369,-0.6206,0.0101,-0.6106
261240,매매기준율,현물+달러금리,2026-07-31,-0.8772,-0.5204,0.0101,-0.5104
261240,매매기준율,현물+달러금리,2026-08-03,0.2383,-0.2581,0.0303,-0.2278
261240,매매기준율,현물+달러금리,2026-08-04,0.2716,-0.1189,0.0103,-0.1086
261240,매매기준율,현물+달러금리,2026-08-05,-0.5418,-0.2381,0.0102,-0.2278
261240,매매기준율,현물+달러금리,2026-08-06,-0.1362,-0.4211,0.0102,-0.4109
261240,매매기준율,현물+달러금리,2026-08-07,-0.375,0.0916,0.0102,0.1019
261240,매매기준율,현물+달러금리,2026-08-10,0.1369,-0.338,0.0306,-0.3075
261240,매매기준율,현물+달러금리,2026-08-11,-0.1709,-0.0212,0.0102,-0.011
261240,매매기준율,현물+달러금리,2026-08-12,0.0342,0.0,0.0102,0.0102
261240,매매기준율,현물+달러금리,2026-08-13,0.1369,-0.0071,0.0102,0.0031
261240,매매기준율,현물+달러금리,2026-08-14,-0.1367,0.0212,0.0102,0.0314
261240,매매기준율,현물+달러금리,2026-08-18,-0.3422,-0.2968,0.0407,-0.2562
261240,매매기준율,현물+달러금리,2026-08-19,-0.8929,-0.6024,0.0102,-0.5923
261240,매매기준율,현물+달러금리,2026-08-20,-0.3465,-0.6774,0.0102,-0.6673
