날짜,전략 (그리드),B&H (전액 보유),분할매수 후 보유,원화 파킹 100%
2005-01-03,100000000.0,99920000.0,100000000.0,100000000.0
2005-01-04,100008630.0,99977752.0,100008630.0,100008630.0
2005-01-05,100017260.0,100713936.0,100017260.0,100017260.0
2005-01-06,100025890.0,101921814.0,100025890.0,100025890.0
2005-01-07,100025044.0,101185256.0,100025044.0,100034521.0
2005-01-10,100063070.0,101449969.0,100063070.0,100060411.0
2005-01-11,100028487.0,100626676.0,100028487.0,100069041.0
2005-01-12,100022403.0,100352124.0,100022403.0,100077671.0
2005-01-13,100003317.0,99827211.0,100003317.0,100086301.0
2005-01-14,100043246.0,100438589.0,100043246.0,100094932.0
2005-01-17,100031995.0,99749708.0,100031995.0,100120822.0
2005-01-18,100040420.0,99754515.0,100040420.0,100129452.0
2005-01-19,100024855.0,99296901.0,100024855.0,100138110.0
2005-01-20,100044805.0,99523098.0,100044805.0,100146767.0
2005-01-21,100077815.0,99999772.0,100077815.0,100155479.0
2005-01-24,100073874.0,99445636.0,100073874.0,100181699.0
2005-01-25,100077977.0,99363713.0,100077977.0,100190521.0
2005-01-26,100088111.0,99397433.0,100088111.0,100199370.0
2005-01-27,100082236.0,99122893.0,100082236.0,100208219.0
2005-01-28,100067827.0,98684537.0,100067827.0,100217041.0
2005-01-31,100101588.0,98844334.0,100101588.0,100243918.0
2005-02-01,100083279.0,99040869.0,100083279.0,100213957.0
2005-02-02,100092075.0,99045947.0,100092075.0,100222962.0
2005-02-03,100087890.0,98800662.0,100087890.0,100231995.0
2005-02-04,100104232.0,98950021.0,100104232.0,100241056.0
2005-02-07,100128277.0,98917180.0,100128277.0,100268237.0
2005-02-11,100199011.0,99611904.0,100199011.0,100304808.0
2005-02-14,100185298.0,98847700.0,100185298.0,100332237.0
2005-02-15,100202240.0,99007098.0,100202240.0,100341380.0
2005-02-16,100208093.0,98954537.0,100208093.0,100350440.0
2005-02-17,100214420.0,98911603.0,100214420.0,100359473.0
2005-02-18,100215695.0,98772407.0,100215695.0,100368451.0
2005-02-21,100237955.0,98711233.0,100237955.0,100395303.0
2005-02-22,100160651.0,97059345.0,100160651.0,100404281.0
2005-02-23,100157923.0,96843103.0,100157923.0,100413259.0
2005-02-24,100180226.0,97108712.0,100180226.0,100422237.0
2005-02-25,100199033.0,97307020.0,100199033.0,100431215.0
2005-02-28,100212756.0,97082984.0,100212756.0,100457985.0
2005-03-02,100197322.0,97195884.0,100197322.0,100435502.0
2005-03-03,100201084.0,97105226.0,100201084.0,100444445.0
2005-03-04,100219348.0,97293721.0,100219348.0,100453388.0
2005-03-07,100227637.0,96964005.0,100227637.0,100480217.0
2005-03-08,100234899.0,96940704.0,100234899.0,100489160.0
2005-03-09,100227154.0,96628525.0,100227154.0,100498103.0
2005-03-10,100232412.0,96566655.0,100232412.0,100507046.0
2005-03-11,100241173.0,96572216.0,100241173.0,100515988.0
2005-03-14,100269978.0,96637454.0,100269978.0,100542817.0
2005-03-15,100293758.0,96932126.0,100293758.0,100551760.0
2005-03-16,100302525.0,96937812.0,100302525.0,100560703.0
2005-03-17,100295778.0,96644828.0,100295778.0,100569646.0
2005-03-18,100325565.0,97055161.0,100325565.0,100578589.0
2005-03-21,100372917.0,97477426.0,100372917.0,100605417.0
2005-03-22,100383200.0,97512291.0,100383200.0,100614360.0
2005-03-23,100387968.0,97440991.0,100387968.0,100623303.0
2005-03-24,100420273.0,97899783.0,100420273.0,100632246.0
2005-03-25,100434556.0,98011651.0,100434556.0,100641189.0
2005-03-28,100473408.0,98270290.0,100473408.0,100668017.0
2005-03-29,100493203.0,98488251.0,100493203.0,100676960.0
2005-03-30,100524490.0,98927956.0,100524490.0,100685876.0
2005-03-31,100492666.0,98152747.0,100492666.0,100694791.0
2005-04-01,100423332.0,97408693.0,100423332.0,100662403.0
2005-04-04,100477629.0,97965051.0,100477629.0,100689210.0
2005-04-06,100494648.0,97966772.0,100494648.0,100707081.0
2005-04-07,100498406.0,97876159.0,100498406.0,100716016.0
2005-04-08,100520148.0,98132239.0,100520148.0,100724924.0
2005-04-11,100545850.0,98139656.0,100545850.0,100751648.0
2005-04-12,100547079.0,98000866.0,100547079.0,100760556.0
2005-04-13,100545808.0,97813926.0,100545808.0,100769464.0
2005-04-14,100578560.0,98281978.0,100578560.0,100778372.0
2005-04-15,100618297.0,98884973.0,100618297.0,100787252.0
2005-04-18,100630394.0,98633499.0,100630394.0,100813810.0
2005-04-19,100601834.0,98080725.0,100601834.0,100822663.0
2005-04-20,100562562.0,97604864.0,100562562.0,100831488.0
2005-04-21,100545434.0,97350615.0,100545434.0,100840314.0
2005-04-22,100533070.0,97144652.0,100533070.0,100849139.0
2005-04-25,100510236.0,96671271.0,100510236.0,100875614.0
2005-04-26,100518785.0,96677258.0,100518785.0,100884440.0
2005-04-27,100564399.0,97059136.0,100564399.0,100893237.0
2005-04-28,100571013.0,97045758.0,100571013.0,100902035.0
2005-04-29,100527186.0,96521436.0,100527186.0,100910805.0
2005-05-02,100550459.0,96906920.0,100550459.0,100894809.0
2005-05-03,100569455.0,97018792.0,100569455.0,100903627.0
2005-05-04,100554229.0,96784019.0,100554229.0,100912445.0
2005-05-06,100554179.0,96622417.0,100554179.0,100930081.0
2005-05-09,100606502.0,96910025.0,100606502.0,100956618.0
2005-05-10,100598930.0,96752275.0,100598930.0,100965491.0
2005-05-11,100617970.0,96864081.0,100617970.0,100974364.0
2005-05-12,100621800.0,96821828.0,100621800.0,100983237.0
2005-05-13,100647484.0,97000941.0,100647484.0,100992111.0
2005-05-16,100744583.0,97741343.0,100744583.0,101018730.0
2005-05-17,100710373.0,97313764.0,100710373.0,101027603.0
2005-05-18,100725613.0,97387081.0,100725613.0,101036477.0
2005-05-19,100732295.0,97373716.0,100732295.0,101045350.0
2005-05-20,100735177.0,97321859.0,100735177.0,101054223.0
2005-05-23,100761008.0,97340356.0,100761008.0,101080843.0
2005-05-24,100734404.0,96989827.0,100734404.0,101089716.0
2005-05-25,100742055.0,96986278.0,100742055.0,101098589.0
2005-05-26,100761123.0,97098376.0,100761123.0,101107462.0
2005-05-27,100777368.0,97181620.0,100777368.0,101116363.0
2005-05-30,100803262.0,97200003.0,100803262.0,101143066.0
2005-05-31,100861402.0,97707621.0,100861402.0,101151967.0
2005-06-01,100858874.0,97974963.0,100858874.0,101119895.0
2005-06-02,100887488.0,98183324.0,100887488.0,101128815.0
2005-06-03,100838503.0,97708309.0,100838503.0,101137681.0
2005-06-07,100851116.0,97598835.0,100851116.0,101173253.0
2005-06-08,100849065.0,97537752.0,100849065.0,101182118.0
2005-06-09,100834952.0,97399538.0,100834952.0,101190983.0
2005-06-10,100875055.0,97608043.0,100875055.0,101199849.0
2005-06-13,100989471.0,98195424.0,100989471.0,101226528.0
2005-06-14,101017567.0,98326991.0,101017567.0,101235421.0
2005-06-15,101006518.0,98208065.0,101006518.0,101244341.0
2005-06-16,101045168.0,98406983.0,101045168.0,101253262.0
2005-06-17,100979871.0,97941125.0,100979871.0,101262183.0
2005-06-20,100988840.0,97854145.0,100988840.0,101288862.0
2005-06-21,101077225.0,98371276.0,101077225.0,101297755.0
2005-06-22,101039051.0,98078885.0,101039051.0,101306675.0
2005-06-23,101050622.0,98104618.0,101050622.0,101315596.0
2005-06-24,101089309.0,98303920.0,101089309.0,101324489.0
2005-06-27,101110504.0,98295125.0,101110504.0,101351168.0
2005-06-28,101241550.0,99150319.0,101251750.0,101360061.0
2005-06-29,101291490.0,99658431.0,101338748.0,101368982.0
2005-06-30,101295826.0,99578359.0,101333821.0,101377958.0
2005-07-01,101295727.0,100143064.0,101394924.0,101345787.0
2005-07-04,101382400.0,101318964.0,101601639.0,101372775.0
2005-07-05,101442787.0,102317734.0,101765410.0,101381744.0
2005-07-06,101411505.0,101747097.0,101673594.0,101390712.0
2005-07-07,101470683.0,102225858.0,101781919.0,101399680.0
2005-07-08,101501218.0,102435103.0,101833417.0,101408649.0
2005-07-11,101412381.0,101387301.0,101632253.0,101435554.0
2005-07-12,101367412.0,100989799.0,101544783.0,101444495.0
2005-07-13,101334618.0,100746401.0,101485595.0,101453435.0
2005-07-14,101252606.0,100262146.0,101351972.0,101462348.0
2005-07-15,101471280.0,101271240.0,101685622.0,101471261.0
2005-07-18,101380333.0,100580036.0,101479008.0,101497916.0
2005-07-19,101471062.0,101088459.0,101650293.0,101506801.0
2005-07-20,101517586.0,101327061.0,101733872.0,101515687.0
2005-07-21,101417248.0,100669400.0,101526101.0,101524544.0
2005-07-22,101181356.0,99308040.0,101079464.0,101533374.0
2005-07-25,101243485.0,99465628.0,101155708.0,101559862.0
2005-07-26,101364512.0,99878128.0,101318786.0,101568720.0
2005-07-27,101485534.0,100290607.0,101481857.0,101577577.0
2005-07-28,101408294.0,99989502.0,101372346.0,101586434.0
2005-07-29,101387322.0,99890914.0,101340194.0,101595292.0
2005-08-01,101310412.0,99657603.0,101240623.0,101579418.0
2005-08-02,101209250.0,99270620.0,101098254.0,101588324.0
2005-08-03,101137497.0,98989389.0,100996303.0,101597229.0
2005-08-04,100980676.0,98438572.0,100791316.0,101606135.0
2005-08-05,101063084.0,98667690.0,100884422.0,101615041.0
2005-08-08,101156637.0,98893226.0,100987232.0,101641757.0
2005-08-09,101068213.0,98611990.0,100885279.0,101650663.0
2005-08-10,101131686.0,98783385.0,100956324.0,101659569.0
2005-08-11,101146679.0,98810315.0,100972153.0,101668474.0
2005-08-12,101119654.0,98712039.0,100940128.0,101677380.0
2005-08-16,101237868.0,98993539.0,101069795.0,101712891.0
2005-08-17,101298136.0,99155439.0,101137193.0,101721769.0
2005-08-18,101329285.0,99230566.0,101171426.0,101730646.0
2005-08-19,101553996.0,99913000.0,101437756.0,101739496.0
2005-08-22,101496646.0,99637609.0,101349007.0,101766046.0
2005-08-23,101631300.0,100098576.0,101530709.0,101774924.0
2005-08-24,101656002.0,100164244.0,101561327.0,101783802.0
2005-08-25,101568059.0,99824930.0,101437159.0,101792679.0
2005-08-26,101694706.0,100257111.0,101607859.0,101801557.0
2005-08-29,101784984.0,100512254.0,101721933.0,101828190.0
2005-08-30,101866602.0,100819181.0,101844795.0,101837124.0
2005-08-31,101967076.0,101241874.0,102011904.0,101846057.0
2005-09-01,101889842.0,101009245.0,101902163.0,101812553.0
2005-09-02,101687941.0,100063978.0,101546446.0,101821506.0
2005-09-05,101620981.0,99711387.0,101428488.0,101848536.0
2005-09-06,101672131.0,99873247.0,101495970.0,101857573.0
2005-09-07,101729077.0,100054282.0,101570798.0,101866639.0
2005-09-08,101729793.0,100033079.0,101568365.0,101875760.0
2005-09-09,101778772.0,100185260.0,101632217.0,101884909.0
2005-09-12,101743549.0,99987108.0,101573546.0,101912357.0
2005-09-13,101773787.0,100071862.0,101611645.0,101921534.0
2005-09-14,101769243.0,100031240.0,101601911.0,101930850.0
2005-09-15,101764752.0,99990666.0,101592231.0,101940223.0
2005-09-16,101856899.0,100297130.0,101715258.0,101949707.0
2005-09-20,101915359.0,100406595.0,101781096.0,101988312.0
2005-09-21,101959390.0,100539470.0,101837934.0,101998047.0
2005-09-22,101909621.0,100335067.0,101765897.0,102007837.0
2005-09-23,102007435.0,100660951.0,101896573.0,102017684.0
2005-09-26,102124652.0,101041471.0,102060529.0,102047475.0
2005-09-27,102157621.0,101155379.0,102110256.0,102057433.0
2005-09-28,102201391.0,101317451.0,102178512.0,102067586.0
2005-09-29,102202535.0,101286815.0,102173098.0,102077711.0
2005-09-30,102289360.0,101690312.0,102333611.0,102087837.0
2005-10-04,102280833.0,101673078.0,102322263.0,102080180.0
2005-10-05,102260817.0,101498293.0,102261858.0,102090472.0
2005-10-06,102314941.0,101775993.0,102374377.0,102100736.0
2005-10-07,102250732.0,101331722.0,102210957.0,102111000.0
2005-10-10,102291704.0,101423702.0,102265307.0,102141875.0
2005-10-11,102363267.0,101807796.0,102418490.0,102152139.0
2005-10-12,102390625.0,101922187.0,102468591.0,102162403.0
2005-10-13,102476300.0,102393101.0,102654870.0,102172527.0
2005-10-14,102442005.0,102132056.0,102561392.0,102182651.0
2005-10-17,102511342.0,102399673.0,102682558.0,102213024.0
2005-10-18,102575767.0,102803670.0,102843226.0,102223092.0
2005-10-19,102619944.0,103130636.0,102974401.0,102233076.0
2005-10-20,102640231.0,103235952.0,103020860.0,102243061.0
2005-10-21,102661730.0,103447340.0,103107860.0,102253045.0
2005-10-24,102692745.0,103494174.0,103144434.0,102283082.0
2005-10-25,102687204.0,103204444.0,103039940.0,102293122.0
2005-10-26,102624174.0,102008113.0,102588941.0,102303162.0
2005-10-27,102642041.0,102094181.0,102628096.0,102313230.0
2005-10-28,102641572.0,102006764.0,102600961.0,102323326.0
2005-10-31,102639683.0,101831736.0,102553104.0,102353950.0
2005-11-01,102639801.0,102005506.0,102598648.0,102320378.0
2005-11-02,102605269.0,101745075.0,102505472.0,102330610.0
2005-11-03,102680704.0,102148859.0,102666178.0,102340870.0
2005-11-04,102759352.0,102572052.0,102834302.0,102351131.0
2005-11-07,102804887.0,102753754.0,102922885.0,102381911.0
2005-11-08,102804578.0,102666659.0,102895958.0,102392143.0
2005-11-09,102788571.0,102435147.0,102813835.0,102402375.0
2005-11-10,102785118.0,102319133.0,102775855.0,102412607.0
2005-11-11,102760720.0,102010419.0,102664225.0,102422839.0
2005-11-14,102742851.0,101691442.0,102561395.0,102453535.0
2005-11-15,102699083.0,101382663.0,102449774.0,102463823.0
2005-11-16,102754532.0,101661734.0,102562832.0,102474111.0
2005-11-17,102733945.0,101487840.0,102502765.0,102484399.0
2005-11-18,102757039.0,101574167.0,102542156.0,102494687.0
2005-11-21,102837665.0,101900731.0,102686158.0,102525552.0
2005-11-22,102931964.0,102411242.0,102887672.0,102535840.0
2005-11-23,102817421.0,101677774.0,102613717.0,102546100.0
2005-11-24,102845312.0,101792952.0,102664100.0,102556332.0
2005-11-25,102908828.0,102120364.0,102795599.0,102566564.0
2005-11-28,102895399.0,101887454.0,102725664.0,102597260.0
2005-11-29,102869860.0,101684342.0,102654395.0,102607492.0
2005-11-30,102834581.0,101423207.0,102560950.0,102617724.0
2005-12-01,102815781.0,101496049.0,102565703.0,102580589.0
2005-12-02,102887321.0,101871037.0,102715402.0,102590847.0
2005-12-05,102883890.0,101696928.0,102668042.0,102621706.0
2005-12-06,102860105.0,101504052.0,102600719.0,102631992.0
2005-12-07,102889672.0,101628919.0,102654838.0,102642278.0
2005-12-08,102883789.0,101541674.0,102628010.0,102652761.0
2005-12-09,102885989.0,101502574.0,102619583.0,102663244.0
2005-12-12,102913584.0,101510310.0,102642091.0,102694693.0
2005-12-13,102788631.0,100777363.0,102368492.0,102705204.0
2005-12-14,102574753.0,99851501.0,102021177.0,102715743.0
2005-12-15,102509873.0,99638722.0,101946421.0,102726310.0
2005-12-16,102593327.0,99859624.0,102037438.0,102736905.0
2005-12-19,102674123.0,100031279.0,102122806.0,102768691.0
2005-12-20,102643928.0,99924579.0,102088612.0,102779286.0
2005-12-21,102714560.0,100107189.0,102164993.0,102789882.0
2005-12-22,102697812.0,100039074.0,102145546.0,102800477.0
2005-12-23,102576873.0,99671997.0,102011836.0,102811072.0
2005-12-26,102546758.0,99525408.0,101975570.0,102842858.0
2005-12-27,102580441.0,99601945.0,102011427.0,102853482.0
2005-12-28,102593925.0,99620523.0,102025132.0,102864105.0
2005-12-29,102570483.0,99533092.0,101998337.0,102874757.0
2006-01-02,102429913.0,99178154.0,101856984.0,102865595.0
2006-01-03,102336805.0,98936262.0,101771207.0,102876332.0
2006-01-04,102074684.0,98280424.0,101527237.0,102887098.0
2006-01-05,101643000.0,97210508.0,101125022.0,102897892.0
2006-01-06,101684468.0,97295886.0,101164382.0,102908714.0
2006-01-09,101296268.0,96300225.0,100804074.0,102941264.0
2006-01-10,101487718.0,96751742.0,100983408.0,102952143.0
2006-01-11,101596383.0,97001075.0,101085485.0,102963049.0
2006-01-12,101188252.0,95988507.0,100705259.0,102973956.0
2006-01-13,101742780.0,97326580.0,101223437.0,102984834.0
2006-01-16,101563833.0,96841746.0,101058421.0,103017469.0
2006-01-17,101838396.0,97496207.0,101315321.0,103028348.0
2006-01-18,101962973.0,97784435.0,101432246.0,103039226.0
2006-01-19,101692795.0,97108758.0,101180763.0,103050105.0
2006-01-20,101770000.0,97281314.0,101253478.0,103060983.0
2006-01-23,101587122.0,96786880.0,101084792.0,103093618.0
2006-01-24,101368177.0,96236303.0,100881123.0,103104496.0
2006-01-25,101117613.0,95608518.0,100647945.0,103115375.0
2006-01-26,101131688.0,95626926.0,100661744.0,103126253.0
2006-01-27,101212924.0,95809326.0,100738220.0,103137132.0
2006-01-31,101008688.0,95246448.0,100550279.0,103180871.0
2006-02-01,100834371.0,94878221.0,100385138.0,103141617.0
2006-02-02,101274325.0,95936268.0,100796395.0,103152666.0
2006-02-03,101217597.0,95781500.0,100744129.0,103163743.0
2006-02-06,100944937.0,95066724.0,100491705.0,103197144.0
2006-02-07,101160369.0,95576378.0,100693436.0,103208305.0
2006-02-08,101289088.0,95874258.0,100814243.0,103219496.0
2006-02-09,101374445.0,96066261.0,100894584.0,103230686.0
2006-02-10,101191550.0,95603258.0,100724580.0,103241876.0
2006-02-13,101578029.0,96497689.0,101087304.0,103275446.0
2006-02-14,101316173.0,95841882.0,100843610.0,103286637.0
2006-02-15,101488438.0,96246090.0,101005056.0,103297827.0
2006-02-16,101522571.0,96313016.0,101037592.0,103309017.0
2006-02-17,101461949.0,96148574.0,100981699.0,103320207.0
2006-02-20,101272106.0,95635769.0,100806574.0,103353778.0
2006-02-21,101337840.0,95779857.0,100868601.0,103364968.0
2006-02-22,101589222.0,96377249.0,101103883.0,103376158.0
2006-02-23,101378509.0,95846323.0,100907919.0,103387348.0
2006-02-24,101282329.0,95595056.0,100818841.0,103398538.0
2006-02-27,101416549.0,95873532.0,100946145.0,103432109.0
2006-02-28,101502140.0,96066104.0,101026704.0,103443299.0
2006-03-02,101405357.0,95870172.0,100934706.0,103415774.0
2006-03-03,101506551.0,96100800.0,101029828.0,103426993.0
2006-03-06,101676180.0,96465480.0,101190188.0,103460738.0
2006-03-07,101753775.0,96638442.0,101263288.0,103471986.0
2006-03-08,101981241.0,97177354.0,101476254.0,103483235.0
2006-03-09,101995751.0,97196280.0,101490481.0,103494483.0
2006-03-10,101927439.0,97012975.0,101427414.0,103505731.0
2006-03-13,101951285.0,97021691.0,101451724.0,103539476.0
2006-03-14,101843449.0,96741876.0,101351771.0,103550724.0
2006-03-15,101758037.0,96539182.0,101272179.0,103561972.0
2006-03-16,101776979.0,96567737.0,101290572.0,103573220.0
2006-03-17,101617685.0,96210784.0,101141366.0,103584469.0
2006-03-20,101466025.0,95843587.0,101000549.0,103618213.0
2006-03-21,101534683.0,95978330.0,101065725.0,103629462.0
2006-03-22,101777718.0,96489206.0,101294898.0,103640710.0
2006-03-23,101877692.0,96691497.0,101389525.0,103651958.0
2006-03-24,102044748.0,97038485.0,101547242.0,103663206.0
2006-03-27,101924233.0,96738471.0,101435717.0,103696951.0
2006-03-28,101983974.0,96853979.0,101492506.0,103708199.0
2006-03-29,101922905.0,96708897.0,101435678.0,103719448.0
2006-03-30,101973668.0,96805041.0,101484025.0,103730696.0
2006-03-31,101782826.0,96380037.0,101305148.0,103741944.0
2006-04-03,101726747.0,96284942.0,101251237.0,103720262.0
2006-04-04,101398119.0,95562773.0,100942778.0,103731572.0
2006-04-05,101145315.0,95004099.0,100705631.0,103742910.0
2006-04-06,100986223.0,94647529.0,100556617.0,103754248.0
2006-04-07,100992304.0,94647188.0,100562946.0,103765586.0
2006-04-10,101032956.0,94694388.0,100603013.0,103799686.0
2006-04-11,101092678.0,94809664.0,100659793.0,103811081.0
2006-04-12,101357953.0,95368116.0,100909898.0,103822590.0
2006-04-13,101417778.0,95483480.0,100966781.0,103834098.0
2006-04-14,101289981.0,95194169.0,100847211.0,103845635.0
2006-04-17,101197024.0,94952611.0,100761649.0,103880247.0
2006-04-18,101118347.0,94769235.0,100688275.0,103891784.0
2006-04-19,100771450.0,94007398.0,100362647.0,103903321.0
2006-04-20,100907293.0,94286674.0,100491025.0,103914858.0
2006-04-21,100926940.0,94315353.0,100510123.0,103926395.0
2006-04-24,100565537.0,93494841.0,100172093.0,103961006.0
2006-04-25,100813303.0,94015499.0,100405732.0,103972544.0
2006-04-26,100886664.0,94160022.0,100475347.0,103984081.0
2006-04-27,100825819.0,94015104.0,100418744.0,103995618.0
2006-04-28,100769421.0,93879779.0,100366324.0,104007155.0
2006-05-02,100617181.0,93557547.0,100222868.0,104002015.0
2006-05-03,100369078.0,93008738.0,99990155.0,104013583.0
2006-05-04,100616395.0,93528389.0,100223373.0,104025152.0
2006-05-08,100137236.0,92440074.0,99775223.0,104071426.0
2006-05-09,100331141.0,92844535.0,99958209.0,104082994.0
2006-05-10,100234751.0,92622922.0,99868179.0,104094562.0
2006-05-11,100513509.0,93210382.0,100130967.0,104106131.0
2006-05-12,100394730.0,92940483.0,100019880.0,104117699.0
2006-05-15,100918684.0,94029293.0,100514516.0,104152405.0
2006-05-16,100983123.0,94154536.0,100575741.0,104163973.0
2006-05-17,100636346.0,93392919.0,100250227.0,104175542.0
2006-05-18,101098622.0,94376169.0,100685611.0,104187110.0
2006-05-19,101078136.0,94318257.0,100666966.0,104198678.0
2006-05-22,101378916.0,94925751.0,100951711.0,104233384.0
2006-05-23,101014077.0,94125178.0,100609209.0,104244952.0
2006-05-24,101284308.0,94694249.0,100863978.0,104256521.0
2006-05-25,101268288.0,94645969.0,100849534.0,104268089.0
2006-05-26,101122543.0,94317912.0,100713086.0,104279658.0
2006-05-29,101235576.0,94520497.0,100821259.0,104314363.0
2006-05-30,101165847.0,94356383.0,100756302.0,104325931.0
2006-06-01,101217891.0,94504600.0,100803618.0,104295622.0
2006-06-02,101255502.0,94571945.0,100839614.0,104307223.0
2006-06-05,101055802.0,94119565.0,100653168.0,104342026.0
2006-06-07,101336967.0,94639724.0,100920357.0,104365229.0
2006-06-08,101598774.0,95150322.0,101177388.0,104376973.0
2006-06-09,101654454.0,95256455.0,101235665.0,104388717.0
2006-06-12,101794950.0,95517609.0,101382366.0,104423948.0
2006-06-13,102029432.0,96009353.0,101630133.0,104435692.0
2006-06-14,102049445.0,96038564.0,101650610.0,104447436.0
2006-06-15,101939547.0,95807396.0,101533998.0,104459180.0
2006-06-16,101775047.0,95479857.0,101360150.0,104471010.0
2006-06-19,102073604.0,96020897.0,101672540.0,104506842.0
2006-06-20,101849688.0,95577637.0,101436088.0,104518843.0
2006-06-21,101820839.0,95510419.0,101405040.0,104530873.0
2006-06-22,101797044.0,95452835.0,101379308.0,104543017.0
2006-06-23,101853370.0,95549716.0,101437945.0,104555161.0
2006-06-26,102062769.0,95918207.0,101656413.0,104591679.0
2006-06-27,102039174.0,95860955.0,101630889.0,104603880.0
2006-06-28,101995493.0,95764977.0,101584214.0,104616081.0
2006-06-29,102152131.0,96055113.0,101748471.0,104628368.0
2006-06-30,101568508.0,94935748.0,101133754.0,104640626.0
2006-07-03,101316742.0,94531380.0,100880671.0,104618607.0
2006-07-04,101236644.0,94397274.0,100805182.0,104630932.0
2006-07-05,101448025.0,94725051.0,101007549.0,104643257.0
2006-07-06,101629108.0,95004729.0,101180981.0,104655582.0
2006-07-07,101543385.0,94860821.0,101099595.0,104667907.0
2006-07-10,101219576.0,94323244.0,100791793.0,104704968.0
2006-07-11,101522182.0,94795815.0,101081289.0,104717350.0
2006-07-12,101654957.0,94998744.0,101208588.0,104729761.0
2006-07-13,101690635.0,95047519.0,101243151.0,104742172.0
2006-07-14,101972093.0,95501067.0,101521228.0,104754611.0
2006-07-18,102289888.0,96015417.0,101851581.0,104804370.0
2006-07-19,102251668.0,95939128.0,101810920.0,104816809.0
2006-07-20,101936478.0,95380596.0,101480155.0,104829249.0
2006-07-21,101842789.0,95207727.0,101381395.0,104841688.0
2006-07-24,101971639.0,95402843.0,101514472.0,104879007.0
2006-07-25,102010952.0,95461549.0,101555021.0,104891447.0
2006-07-26,102155538.0,95703550.0,101705836.0,104903886.0
2006-07-27,102034098.0,95482363.0,101578009.0,104916326.0
2006-07-28,102139854.0,95656755.0,101688152.0,104928765.0
2006-07-31,102246667.0,95813500.0,101798146.0,104966084.0
2006-08-01,102251087.0,95854569.0,101804767.0,104923097.0
2006-08-02,102601730.0,96471492.0,102181141.0,104935572.0
2006-08-03,102783266.0,96809378.0,102389654.0,104948048.0
2006-08-04,102750028.0,96733264.0,102349113.0,104960524.0
2006-08-07,102675356.0,96553192.0,102256532.0,104997951.0
2006-08-08,102742038.0,96669685.0,102331860.0,105010427.0
2006-08-09,102543813.0,96275540.0,102100001.0,105022903.0
2006-08-10,102475576.0,96131767.0,102018844.0,105035580.0
2006-08-11,102682267.0,96517976.0,102256499.0,105048228.0
2006-08-14,102917757.0,96935279.0,102523501.0,105086173.0
2006-08-16,102911309.0,96898428.0,102511974.0,105111470.0
2006-08-17,102713026.0,96504005.0,102280021.0,105124118.0
2006-08-18,102604758.0,96283095.0,102152448.0,105136766.0
2006-08-21,102540055.0,96121741.0,102071345.0,105174711.0
2006-08-22,102536811.0,96103277.0,102065558.0,105187359.0
2006-08-23,102518519.0,96055835.0,102042328.0,105199979.0
2006-08-24,102705461.0,96404004.0,102257086.0,105212598.0
2006-08-25,102852417.0,96675093.0,102425476.0,105225218.0
2006-08-28,102992937.0,96909412.0,102582364.0,105263076.0
2006-08-29,102854420.0,96630252.0,102419724.0,105275667.0
2006-08-30,102886155.0,96679269.0,102454509.0,105288258.0
2006-08-31,102902865.0,96699324.0,102471870.0,105300849.0
2006-09-01,102808203.0,96562716.0,102369698.0,105253327.0
2006-09-04,102713370.0,96343415.0,102253676.0,105291131.0
2006-09-05,102660067.0,96228501.0,102189848.0,105303733.0
2006-09-06,102696639.0,96286832.0,102230240.0,105316334.0
2006-09-07,102673258.0,96229596.0,102201110.0,105328936.0
2006-09-08,102679770.0,96230038.0,102206653.0,105341480.0
2006-09-11,102774316.0,96375957.0,102310266.0,105379111.0
2006-09-12,102880771.0,96569083.0,102431711.0,105391627.0
2006-09-13,102872254.0,96540610.0,102419835.0,105404113.0
2006-09-14,102818770.0,96425458.0,102355816.0,105416599.0
2006-09-15,102760285.0,96300667.0,102285997.0,105429085.0
2006-09-18,102804802.0,96350315.0,102331623.0,105466544.0
2006-09-19,102591955.0,95945770.0,102093512.0,105479030.0
2006-09-20,102525241.0,95820802.0,102023587.0,105491516.0
2006-09-21,102167198.0,95203837.0,101657690.0,105504002.0
2006-09-22,102329984.0,95454949.0,101814005.0,105516489.0
2006-09-25,102193195.0,95214385.0,101684974.0,105553774.0
2006-09-26,102216536.0,95243532.0,101707737.0,105566203.0
2006-09-27,102197282.0,95205122.0,101689859.0,105578631.0
2006-09-28,102269283.0,95311463.0,101759047.0,105591031.0
2006-09-29,102371750.0,95466139.0,101857301.0,105603402.0
2006-10-02,102454396.0,95611921.0,101935497.0,105580814.0
2006-10-04,102549779.0,95747471.0,102027458.0,105605575.0
2006-10-09,103486746.0,97223423.0,102941396.0,105667477.0
2006-10-10,103278406.0,96809906.0,102697843.0,105679858.0
2006-10-11,103225009.0,96695015.0,102633935.0,105692238.0
2006-10-12,103216645.0,96666917.0,102622241.0,105704619.0
2006-10-13,103098251.0,96426782.0,102482978.0,105716970.0
2006-10-16,103148180.0,96487161.0,102534889.0,105754025.0
2006-10-17,103104800.0,96391604.0,102482601.0,105766376.0
2006-10-18,103166463.0,96498498.0,102552102.0,105778728.0
2006-10-19,103278181.0,96701866.0,102679639.0,105791079.0
2006-10-20,103284831.0,96702732.0,102685357.0,105803431.0
2006-10-23,103435029.0,96956364.0,102853524.0,105840485.0
2006-10-24,103391682.0,96860870.0,102801273.0,105852837.0
2006-10-25,103263201.0,96601295.0,102650316.0,105865188.0
2006-10-26,102965199.0,96032858.0,102313555.0,105877540.0
2006-10-27,102843066.0,95811711.0,102185714.0,105889891.0
2006-10-30,102718658.0,95582333.0,102063315.0,105926946.0
2006-10-31,102589433.0,95370614.0,101941159.0,105939326.0
2006-11-01,102377303.0,95063007.0,101737289.0,105894589.0
2006-11-02,102358386.0,95025180.0,101719757.0,105907007.0
2006-11-03,102266551.0,94871864.0,101632750.0,105919424.0
2006-11-06,102611166.0,95394017.0,101962573.0,105956763.0
2006-11-07,102385519.0,95028748.0,101748072.0,105969209.0
2006-11-08,102196343.0,94721242.0,101568321.0,105981655.0
2006-11-09,102292986.0,94866424.0,101660894.0,105994101.0
2006-11-10,102152420.0,94635907.0,101527457.0,106006548.0
2006-11-13,102247714.0,94763183.0,101619731.0,106043886.0
2006-11-14,102380919.0,94966269.0,101747139.0,106056333.0
2006-11-15,102660225.0,95400755.0,102013751.0,106068779.0
2006-11-16,102428281.0,95025495.0,101793253.0,106081254.0
2006-11-17,102525027.0,95170819.0,101885924.0,106093729.0
2006-11-20,102340323.0,94854573.0,101711423.0,106131155.0
2006-11-21,102363974.0,94884129.0,101734452.0,106143630.0
2006-11-22,102290139.0,94759285.0,101664597.0,106156106.0
2006-11-23,102082280.0,94422152.0,101467047.0,106168610.0
2006-11-24,102185083.0,94577033.0,101565492.0,106181143.0
2006-11-27,102134089.0,94472449.0,101518395.0,106218743.0
2006-11-28,102157721.0,94501902.0,101541411.0,106231334.0
2006-11-29,102150903.0,94483089.0,101535415.0,106243984.0
2006-11-30,102101403.0,94396660.0,101488755.0,106256662.0
2006-12-01,102005035.0,94272511.0,101395156.0,106211702.0
2006-12-04,101978720.0,94206501.0,101371605.0,106250113.0
2006-12-05,101789540.0,93898763.0,101191864.0,106262917.0
2006-12-06,101320629.0,93147963.0,100745600.0,106275749.0
2006-12-07,101173900.0,92907441.0,100606307.0,106288582.0
2006-12-08,101580563.0,93543393.0,100994278.0,106301415.0
2006-12-11,101961402.0,94122128.0,101358664.0,106340000.0
2006-12-12,101772013.0,93814022.0,101178726.0,106352862.0
2006-12-13,101777315.0,93814272.0,101184287.0,106365724.0
2006-12-14,101660945.0,93621778.0,101073923.0,106378644.0
2006-12-15,101836625.0,93891838.0,101241820.0,106391564.0
2006-12-18,102108400.0,94297726.0,101502298.0,106430324.0
2006-12-19,102406043.0,94760954.0,101786400.0,106443244.0
2006-12-20,102052242.0,94192321.0,101449821.0,106456309.0
2006-12-21,102155130.0,94346982.0,101548370.0,106469404.0
2006-12-22,102227615.0,94453489.0,101617951.0,106482498.0
2006-12-26,102371607.0,94648217.0,101757228.0,106535110.0
2006-12-27,102419787.0,94716175.0,101803656.0,106548291.0
2006-12-28,102388802.0,94658713.0,101774658.0,106561532.0
2007-01-02,102134741.0,94254820.0,101532687.0,106563910.0
2007-01-03,102176917.0,94313167.0,101573399.0,106577252.0
2007-01-04,102504776.0,94823984.0,101886307.0,106590594.0
2007-01-05,102692897.0,95113480.0,102066074.0,106603937.0
2007-01-08,102971812.0,95529873.0,102333405.0,106643964.0
2007-01-09,103001972.0,95569189.0,102362670.0,106657306.0
2007-01-10,102962225.0,95512203.0,102324955.0,106670678.0
2007-01-11,103046405.0,95628674.0,102405908.0,106684049.0
2007-01-12,103131164.0,95745125.0,102487438.0,106697538.0
2007-01-15,103074189.0,95641595.0,102434438.0,106738090.0
2007-01-16,102887376.0,95362907.0,102256314.0,106751637.0
2007-01-17,102985477.0,95498739.0,102350603.0,106765184.0
2007-01-18,102990815.0,95499612.0,102356200.0,106778731.0
2007-01-19,102969673.0,95461959.0,102336479.0,106792278.0
2007-01-22,103257553.0,95860112.0,102613206.0,106832918.0
2007-01-23,103282837.0,95890004.0,102637874.0,106846465.0
2007-01-24,103009685.0,95485702.0,102377199.0,106860011.0
2007-01-25,103021689.0,95496258.0,102389171.0,106873587.0
2007-01-26,103332163.0,95941058.0,102686516.0,106887163.0
2007-01-29,103368273.0,95972867.0,102722524.0,106927891.0
2007-01-30,103513023.0,96176540.0,102861417.0,106941496.0
2007-01-31,103425501.0,96042280.0,102778230.0,106955101.0
2007-02-01,103116762.0,95617928.0,102481264.0,106906368.0
2007-02-02,103142057.0,95647782.0,102505945.0,106920017.0
2007-02-05,103085627.0,95544854.0,102453480.0,106960963.0
2007-02-06,102905701.0,95276156.0,102281944.0,106974612.0
2007-02-07,102970714.0,95363792.0,102344602.0,106988261.0
2007-02-08,103075473.0,95509264.0,102445260.0,107001881.0
2007-02-09,103054416.0,95471700.0,102425622.0,107015500.0
2007-02-12,103289395.0,95792754.0,102651778.0,107056359.0
2007-02-13,103427359.0,95986533.0,102784185.0,107069978.0
2007-02-14,103373186.0,95900793.0,102732884.0,107083598.0
2007-02-15,103140088.0,95554772.0,102510507.0,107097188.0
2007-02-16,103258198.0,95719681.0,102623929.0,107110779.0
2007-02-20,103445840.0,95965000.0,102805316.0,107165140.0
2007-02-21,103457940.0,95975688.0,102817380.0,107178730.0
2007-02-22,103496584.0,96024992.0,102854823.0,107192320.0
2007-02-23,103449013.0,95948872.0,102809833.0,107205911.0
2007-02-26,103531796.0,96048559.0,102890468.0,107246681.0
2007-02-27,103550449.0,96068779.0,102908796.0,107260272.0
2007-02-28,103761581.0,96369016.0,103111160.0,107273862.0
2007-03-02,103817613.0,96467626.0,103163511.0,107240263.0
2007-03-05,104393871.0,97298576.0,103724800.0,107281161.0
2007-03-06,104181144.0,96953020.0,103502745.0,107294794.0
2007-03-07,104260213.0,97069601.0,103584420.0,107308426.0
2007-03-08,104211555.0,96983892.0,103533144.0,107322059.0
2007-03-09,104108161.0,96811493.0,103424894.0,107335692.0
2007-03-12,104029023.0,96660218.0,103340635.0,107376590.0
2007-03-13,104077640.0,96728571.0,103390613.0,107390223.0
2007-03-14,104193172.0,96902902.0,103510244.0,107403856.0
2007-03-15,104095701.0,96739883.0,103408158.0,107417488.0
2007-03-16,104126010.0,96779240.0,103439079.0,107431121.0
2007-03-19,104095330.0,96704713.0,103405261.0,107472019.0
2007-03-20,103985620.0,96522311.0,103290436.0,107485652.0
2007-03-21,103763001.0,96175878.0,103067805.0,107499285.0
2007-03-22,103767737.0,96176652.0,103073368.0,107512917.0
2007-03-23,103753131.0,96148532.0,103059941.0,107526550.0
2007-03-26,103862078.0,96286003.0,103165455.0,107567448.0
2007-03-27,104026899.0,96518433.0,103323270.0,107581081.0
2007-03-28,103919208.0,96355141.0,103221004.0,107594714.0
2007-03-29,104030850.0,96510348.0,103328065.0,107608347.0
2007-03-30,104062714.0,96549708.0,103358989.0,107621979.0
2007-04-02,103801713.0,96183185.0,103109132.0,107597795.0
2007-04-03,103773885.0,96135850.0,103083093.0,107611473.0
2007-04-04,103759327.0,96107782.0,103069718.0,107625151.0
2007-04-05,103545783.0,95790805.0,102866462.0,107638829.0
2007-04-06,103491382.0,95704888.0,102815067.0,107652508.0
2007-04-09,103600003.0,95841799.0,102920264.0,107693542.0
2007-04-10,103671607.0,95938830.0,102989107.0,107707220.0
2007-04-11,103570710.0,95785406.0,102893343.0,107720898.0
2007-04-12,103556047.0,95757185.0,102879867.0,107734577.0
2007-04-13,103386037.0,95516926.0,102717788.0,107748255.0
2007-04-16,103607761.0,95798354.0,102931446.0,107789289.0
2007-04-17,103418033.0,95538685.0,102750302.0,107802997.0
2007-04-18,103372170.0,95471768.0,102706876.0,107816705.0
2007-04-19,103427036.0,95539808.0,102759875.0,107830412.0
2007-04-20,103345153.0,95424629.0,102681967.0,107844120.0
2007-04-23,103293846.0,95339407.0,102634290.0,107885420.0
2007-04-24,103391928.0,95465324.0,102728660.0,107899187.0
2007-04-25,103345976.0,95398265.0,102685151.0,107912953.0
2007-04-26,103523269.0,95630308.0,102855346.0,107926720.0
2007-04-27,103549342.0,95659712.0,102880787.0,107940575.0
2007-04-30,103699522.0,95844338.0,103025996.0,107982140.0
2007-05-02,103610681.0,95739693.0,102939705.0,107946394.0
2007-05-03,103399550.0,95451301.0,102738079.0,107960294.0
2007-05-04,103461452.0,95528684.0,102797819.0,107974194.0
2007-05-07,103122514.0,95057982.0,102474815.0,108015893.0
2007-05-08,103177224.0,95125718.0,102527672.0,108029823.0
2007-05-09,103224727.0,95183788.0,102573631.0,108043782.0
2007-05-10,103351317.0,95347808.0,102695297.0,108057741.0
2007-05-11,103477930.0,95511859.0,102816986.0,108071700.0
2007-05-14,103325671.0,95291069.0,102672700.0,108113844.0
2007-05-15,103344394.0,95310536.0,102691112.0,108127921.0
2007-05-16,103341388.0,95300892.0,102688724.0,108141998.0
2007-05-17,103647918.0,95705914.0,102982647.0,108156105.0
2007-05-18,104091278.0,96294244.0,103407554.0,108170212.0
2007-05-21,103838492.0,95938710.0,103167043.0,108212533.0
2007-05-22,103871838.0,95977755.0,103199455.0,108226640.0
2007-05-23,103962753.0,96093924.0,103286976.0,108240747.0
2007-05-25,103755667.0,95805239.0,103089719.0,108268961.0
2007-05-28,103826668.0,95883474.0,103159160.0,108311282.0
2007-05-29,103759099.0,95787326.0,103094969.0,108325389.0
2007-05-30,104008461.0,96115761.0,103334166.0,108339496.0
2007-05-31,103782054.0,95806834.0,103117924.0,108353573.0
2007-06-01,103790171.0,95837993.0,103123924.0,108302727.0
2007-06-04,103803234.0,95838660.0,103137898.0,108344921.0
2007-06-05,103735745.0,95742636.0,103073782.0,108358985.0
2007-06-07,103744393.0,95742999.0,103083039.0,108387114.0
2007-06-08,104057824.0,96157283.0,103383567.0,108401179.0
2007-06-11,104199944.0,96330845.0,103521083.0,108443372.0
2007-06-12,103995569.0,96051439.0,103325930.0,108457437.0
2007-06-13,104150712.0,96253668.0,103474933.0,108471501.0
2007-06-14,104046877.0,96108952.0,103376024.0,108485566.0
2007-06-15,103957245.0,95983264.0,103290711.0,108499630.0
2007-06-18,103976546.0,95992287.0,103310655.0,108541824.0
2007-06-19,103944609.0,95943891.0,103280573.0,108555888.0
2007-06-20,103963216.0,95963207.0,103298874.0,108569953.0
2007-06-21,103916960.0,95895629.0,103255084.0,108584017.0
2007-06-22,104000324.0,96001698.0,103335375.0,108598082.0
2007-06-25,103934138.0,95896233.0,103273482.0,108640187.0
2007-06-26,103924067.0,95877142.0,103264330.0,108654221.0
2007-06-27,104036345.0,96021971.0,103372298.0,108668227.0
2007-06-28,103982942.0,95944853.0,103321663.0,108682202.0
2007-06-29,103778290.0,95665123.0,103126241.0,108696148.0
2007-07-02,103607490.0,95446356.0,102961862.0,108670956.0
2007-07-03,103353351.0,95100311.0,102719069.0,108684949.0
2007-07-04,103501589.0,95293319.0,102861460.0,108698942.0
2007-07-05,103664230.0,95505622.0,103017638.0,108712935.0
2007-07-06,103503452.0,95284649.0,102864217.0,108726929.0
2007-07-09,103632164.0,95440333.0,102988890.0,108768908.0
2007-07-10,103571976.0,95354119.0,102931761.0,108782902.0
2007-07-11,103533348.0,95296787.0,102895270.0,108796895.0
2007-07-12,103480423.0,95220231.0,102845099.0,108811067.0
2007-07-13,103391529.0,95095476.0,102760498.0,108825268.0
2007-07-16,103527712.0,95260921.0,102892345.0,108867873.0
2007-07-18,103392984.0,95069074.0,102764364.0,108896336.0
2007-07-19,103397607.0,95069589.0,102769285.0,108910568.0
2007-07-20,103330227.0,94973645.0,102705279.0,108924799.0
2007-07-23,103387480.0,95033311.0,102761570.0,108967493.0
2007-07-24,103320150.0,94937434.0,102697613.0,108981725.0
2007-07-25,103317569.0,94928299.0,102695638.0,108995956.0
2007-07-26,103638990.0,95353220.0,103003820.0,109010188.0
2007-07-27,103902747.0,95700879.0,103256803.0,109024449.0
2007-07-30,104053551.0,95885840.0,103402653.0,109067232.0
2007-07-31,103777145.0,95509844.0,103138554.0,109081523.0
2007-08-01,104159226.0,96042109.0,103502530.0,109030386.0
2007-08-02,103988876.0,95821147.0,103339604.0,109044724.0
2007-08-03,104007650.0,95840746.0,103358071.0,109059063.0
2007-08-06,104081282.0,95918961.0,103430142.0,109102077.0
2007-08-07,104054140.0,95880977.0,103404547.0,109116416.0
2007-08-08,104166909.0,96016388.0,103513267.0,109130754.0
2007-08-09,104077424.0,95901041.0,103427833.0,109145421.0
2007-08-10,104778403.0,96777423.0,104110620.0,109160117.0
2007-08-13,104648093.0,96585220.0,103973531.0,109204297.0
2007-08-14,104868264.0,96874268.0,104201373.0,109219053.0
2007-08-16,105863997.0,98221612.0,105252947.0,109248626.0
2007-08-17,106124977.0,98625423.0,105569695.0,109263412.0
2007-08-20,105705729.0,97933391.0,105045501.0,109307861.0
2007-08-21,105747298.0,97989793.0,105093147.0,109322677.0
2007-08-22,105801164.0,98065664.0,105155874.0,109337493.0
2007-08-23,105654346.0,97823795.0,104972473.0,109352310.0
2007-08-24,105671893.0,97842162.0,104990657.0,109367126.0
2007-08-27,105519129.0,97571996.0,104793272.0,109411664.0
2007-08-28,105597853.0,97687207.0,104886480.0,109426510.0
2007-08-29,105755824.0,97927886.0,105076879.0,109441356.0
2007-08-30,105669796.0,97782228.0,104968021.0,109456232.0
2007-08-31,105547454.0,97579055.0,104814620.0,109471138.0
2007-09-03,105452936.0,97463046.0,104716819.0,109441169.0
2007-09-04,105591138.0,97655216.0,104869682.0,109456161.0
2007-09-05,105528982.0,97558338.0,104798648.0,109471183.0
2007-09-06,105613937.0,97673108.0,104891571.0,109486234.0
2007-09-07,105545305.0,97566883.0,104813312.0,109501316.0
2007-09-10,105653427.0,97700015.0,104928520.0,109546562.0
2007-09-11,105477045.0,97438745.0,104730167.0,109561674.0
2007-09-12,105234245.0,97081914.0,104457789.0,109576786.0
2007-09-13,105185657.0,97004499.0,104401863.0,109591928.0
2007-09-14,104972613.0,96705296.0,104174134.0,109607070.0
2007-09-17,105011819.0,96740342.0,104213410.0,109652495.0
2007-09-18,105184012.0,96961486.0,104388757.0,109667637.0
2007-09-19,104902544.0,96584861.0,104101054.0,109682779.0
2007-09-20,104639753.0,96246385.0,103842903.0,109697921.0
2007-09-21,104491029.0,96061978.0,103704098.0,109713063.0
2007-09-27,104489752.0,96034844.0,103707334.0,109803914.0
2007-09-28,104087526.0,95541821.0,103329466.0,109819056.0
2007-10-01,103961724.0,95395745.0,103211035.0,109799291.0
2007-10-02,103988396.0,95423881.0,103236878.0,109814452.0
2007-10-04,104216058.0,95691928.0,103452610.0,109844775.0
2007-10-05,104242813.0,95720165.0,103478532.0,109859936.0
2007-10-08,104109047.0,95544853.0,103354873.0,109905420.0
2007-10-09,104429290.0,95929642.0,103656990.0,109920582.0
2007-10-10,104265884.0,95726857.0,103503954.0,109935743.0
2007-10-11,104339670.0,95812230.0,103574135.0,109950904.0
2007-10-12,104445348.0,95936348.0,103674328.0,109966066.0
2007-10-15,104374377.0,95837325.0,103609765.0,110011550.0
2007-10-16,104424653.0,95894137.0,103657821.0,110026711.0
2007-10-17,104507011.0,95989924.0,103736069.0,110041872.0
2007-10-18,104469862.0,95940525.0,103701851.0,110057034.0
2007-10-19,104321789.0,95756367.0,103563244.0,110072195.0
2007-10-22,104449798.0,95899080.0,103685937.0,110117679.0
2007-10-23,104540069.0,96004480.0,103771632.0,110132840.0
2007-10-24,104542766.0,96003490.0,103774912.0,110148002.0
2007-10-25,104450374.0,95886968.0,103688707.0,110163193.0
2007-10-26,103929223.0,95249558.0,103199005.0,110178384.0
2007-10-29,103707778.0,94967702.0,102992838.0,110223959.0
2007-10-30,103742392.0,95005478.0,103026156.0,110239150.0
2007-10-31,103252670.0,94406251.0,102566031.0,110254341.0
2007-11-01,103442228.0,94652647.0,102741620.0,110197116.0
2007-11-02,103729683.0,94997579.0,103012885.0,110212362.0
2007-11-05,103832072.0,95109094.0,103111480.0,110258101.0
2007-11-06,103826658.0,95098225.0,103107131.0,110273348.0
2007-11-07,103701828.0,94942281.0,102990402.0,110288594.0
2007-11-08,103901800.0,95180931.0,103179339.0,110303841.0
2007-11-09,103776541.0,95024465.0,103062206.0,110319087.0
2007-11-12,104161911.0,95479743.0,103427114.0,110364917.0
2007-11-13,104758717.0,96200489.0,103989505.0,110380194.0
2007-11-14,104343664.0,95707155.0,103599007.0,110395501.0
2007-11-15,104526154.0,95907247.0,103772233.0,110410838.0
2007-11-16,104700701.0,96097974.0,103937973.0,110426205.0
2007-11-19,104868092.0,96275162.0,104098330.0,110472578.0
2007-11-20,105155454.0,96590925.0,104370758.0,110488127.0
2007-11-21,105734171.0,97243764.0,104930717.0,110503765.0
2007-11-22,106106193.0,97703883.0,105326298.0,110519435.0
2007-11-23,105896763.0,97422023.0,105089003.0,110535134.0
2007-11-26,105831486.0,97318063.0,105009714.0,110582322.0
2007-11-27,105841500.0,97325240.0,105018976.0,110598112.0
2007-11-28,106005097.0,97534708.0,105200797.0,110613963.0
2007-11-29,105817187.0,97281104.0,104987652.0,110629903.0
2007-11-30,105258144.0,96555230.0,104371688.0,110645905.0
2007-12-03,105552828.0,96915156.0,104672281.0,110617479.0
2007-12-04,105360586.0,96681513.0,104476185.0,110633632.0
2007-12-05,105434560.0,96765521.0,104551078.0,110649876.0
2007-12-06,105347237.0,96657047.0,104461781.0,110666151.0
2007-12-07,105122782.0,96384933.0,104232891.0,110682425.0
2007-12-10,105506040.0,96829432.0,104621798.0,110731339.0
2007-12-11,105547524.0,96874646.0,104663617.0,110747674.0
2007-12-12,105766456.0,97131600.0,104886066.0,110764039.0
2007-12-13,105646406.0,96984040.0,104763451.0,110780435.0
2007-12-14,106067197.0,97481840.0,105191377.0,110796922.0
2007-12-17,106365732.0,97840299.0,105507032.0,110846563.0
2007-12-18,106789640.0,98406146.0,105993024.0,110863141.0
2007-12-20,107098575.0,98833998.0,106364609.0,110896356.0
2007-12-21,106908198.0,98551863.0,106127237.0,110912964.0
2007-12-24,106868017.0,98469192.0,106066641.0,110962878.0
2007-12-26,106850103.0,98426811.0,106037117.0,110996215.0
2007-12-27,106941422.0,98549853.0,106145399.0,111012914.0
2007-12-28,106677563.0,98161954.0,105817829.0,111029643.0
2008-01-02,106739221.0,98243470.0,105888867.0,111037189.0
2008-01-03,106730245.0,98222143.0,105874032.0,111054073.0
2008-01-04,106868409.0,98412502.0,106039781.0,111070987.0
2008-01-07,107035755.0,98627990.0,106233695.0,111121730.0
2008-01-08,106966596.0,98520042.0,106144980.0,111138674.0
2008-01-09,106850535.0,98344597.0,105998692.0,111155649.0
2008-01-10,106875068.0,98371421.0,106024957.0,111172655.0
2008-01-11,106885975.0,98378640.0,106034496.0,111189660.0
2008-01-14,106905768.0,98381696.0,106047249.0,111240677.0
2008-01-15,106809660.0,98234943.0,105925444.0,111257682.0
2008-01-16,107108560.0,98656535.0,106288458.0,111274657.0
2008-01-17,107487756.0,99193657.0,106750025.0,111291632.0
2008-01-18,107310753.0,98930545.0,106528948.0,111308577.0
2008-01-21,107713593.0,99499906.0,107024732.0,111359319.0
2008-01-22,108049287.0,100035477.0,107484964.0,111376233.0
2008-01-23,107993344.0,99924960.0,107394027.0,111393026.0
2008-01-24,107815617.0,99602773.0,107122507.0,111409727.0
2008-01-25,107665447.0,99328570.0,106891902.0,111426337.0
2008-01-28,107880127.0,99662945.0,107186941.0,111475619.0
2008-01-29,107567657.0,99128310.0,106734108.0,111491894.0
2008-01-30,107608240.0,99181572.0,106782750.0,111508018.0
2008-01-31,107567555.0,99109622.0,106724518.0,111523837.0
2008-02-01,107546090.0,99112824.0,106714987.0,111462173.0
2008-02-04,107486646.0,98993610.0,106622602.0,111508987.0
2008-02-05,107427013.0,98892690.0,106539604.0,111524531.0
2008-02-11,107708767.0,99270786.0,106880576.0,111617243.0
2008-02-12,107724407.0,99285668.0,106896338.0,111632664.0
2008-02-13,107765028.0,99338994.0,106944882.0,111648025.0
2008-02-14,107736785.0,99286479.0,106903127.0,111663324.0
2008-02-15,107733407.0,99272230.0,106894002.0,111678562.0
2008-02-18,107773309.0,99306522.0,106932310.0,111724094.0
2008-02-19,107694805.0,99176840.0,106824691.0,111739210.0
2008-02-20,107885656.0,99461304.0,107070353.0,111754295.0
2008-02-21,107994957.0,99620424.0,107209078.0,111769320.0
2008-02-22,108010273.0,99635044.0,107224538.0,111784344.0
2008-02-25,107955874.0,99524730.0,107139362.0,111829235.0
2008-02-26,107971051.0,99539190.0,107154667.0,111844167.0
2008-02-27,107585348.0,98937306.0,106644200.0,111859100.0
2008-02-28,107299973.0,98508631.0,106281489.0,111874033.0
2008-02-29,107482913.0,98754387.0,106494094.0,111888936.0
2008-03-03,108004065.0,99505063.0,107128894.0,111860959.0
2008-03-04,108031508.0,99538377.0,107160280.0,111875884.0
2008-03-05,108108828.0,99648375.0,107257083.0,111890809.0
2008-03-06,108198463.0,99777308.0,107370037.0,111905734.0
2008-03-07,108688914.0,100541724.0,108025089.0,111920659.0
2008-03-10,109138066.0,101303806.0,108684087.0,111965434.0
2008-03-11,109373202.0,101760348.0,109076508.0,111980359.0
2008-03-12,109441431.0,101889571.0,109189716.0,111995314.0
2008-03-13,109947117.0,102962066.0,110107599.0,112010362.0
2008-03-14,110612970.0,104400062.0,111337284.0,112025471.0
2008-03-17,111881062.0,107481376.0,113974865.0,112071073.0
2008-03-18,111466538.0,106020526.0,112731711.0,112086274.0
2008-03-19,111330336.0,105550894.0,112334116.0,112101475.0
2008-03-20,111368764.0,105639763.0,112412954.0,112116707.0
2008-03-21,111163954.0,104977535.0,111851089.0,112132030.0
2008-03-24,110984069.0,104420186.0,111376309.0,112178276.0
2008-03-25,110143159.0,102411113.0,109548947.0,112193753.0
2008-03-26,110709783.0,103426002.0,110565880.0,112209260.0
2008-03-27,110768811.0,103526022.0,110666994.0,112224767.0
2008-03-28,111025679.0,104030643.0,111173239.0,112240305.0
2008-03-31,110942107.0,103792027.0,110937209.0,112287011.0
2008-04-01,110606288.0,103144280.0,110280246.0,112234596.0
2008-04-02,110161184.0,102272362.0,109408091.0,112250278.0
2008-04-03,110219151.0,102362952.0,109499784.0,112265960.0
2008-04-04,110131686.0,102193512.0,109331085.0,112281642.0
2008-04-07,110220000.0,102311657.0,109452326.0,112328689.0
2008-04-08,110294296.0,102431168.0,109572980.0,112344371.0
2008-04-10,110323919.0,102457676.0,109601479.0,112375735.0
2008-04-11,110300885.0,102403328.0,109548033.0,112391417.0
2008-04-14,110543983.0,102797960.0,109946145.0,112438463.0
2008-04-15,110932746.0,103494456.0,110644586.0,112454115.0
2008-04-16,111070171.0,103748096.0,110899552.0,112469735.0
2008-04-17,111202826.0,103992380.0,111145149.0,112485356.0
2008-04-18,111622860.0,104833997.0,111988911.0,112500976.0
2008-04-21,111283931.0,103959684.0,111116300.0,112547838.0
2008-04-22,111546862.0,104512314.0,111670671.0,112563428.0
2008-04-23,111282600.0,103918845.0,111077347.0,112579018.0
2008-04-24,111536781.0,104452188.0,111612403.0,112594608.0
2008-04-25,111525159.0,104407857.0,111568980.0,112610167.0
2008-04-28,111583750.0,104477990.0,111642119.0,112656844.0
2008-04-29,111780856.0,104905991.0,112071686.0,112672403.0
2008-04-30,111855317.0,105064219.0,112231103.0,112687962.0
2008-05-02,112097609.0,105728626.0,112893725.0,112644470.0
2008-05-06,112315777.0,106218918.0,113388591.0,112706933.0
2008-05-07,112718338.0,107340421.0,114512628.0,112722549.0
2008-05-08,113350557.0,109607633.0,116783969.0,112738165.0
2008-05-09,113313858.0,109140825.0,116317484.0,112753781.0
2008-05-13,113349350.0,108950252.0,116130537.0,112816245.0
2008-05-14,113413183.0,109408129.0,116590025.0,112831861.0
2008-05-15,113405828.0,109211225.0,116393820.0,112847477.0
2008-05-16,113377562.0,108821725.0,116004752.0,112863124.0
2008-05-19,113444562.0,109049456.0,116235725.0,112910064.0
2008-05-20,113478079.0,109228230.0,116415722.0,112925711.0
2008-05-21,113463424.0,108963925.0,116152024.0,112941357.0
2008-05-22,113497990.0,109152343.0,116341679.0,112957004.0
2008-05-23,113549311.0,109494880.0,116685668.0,112972651.0
2008-05-26,113602736.0,109597751.0,116791607.0,113019591.0
2008-05-27,113499909.0,108562683.0,115756070.0,113035207.0
2008-05-28,113505261.0,108500690.0,115694964.0,113050823.0
2008-05-29,113429580.0,107860577.0,115054932.0,113066439.0
2008-05-30,113440624.0,107846701.0,115042011.0,113082055.0
2008-06-02,113298088.0,107115117.0,114307679.0,113054300.0
2008-06-03,113212355.0,106571757.0,113764539.0,113069973.0
2008-06-04,113233310.0,106615515.0,113809334.0,113085646.0
2008-06-05,113355632.0,107217638.0,114413272.0,113101318.0
2008-06-09,113556685.0,108038432.0,115239114.0,113164009.0
2008-06-10,113451880.0,107389465.0,114590220.0,113179682.0
2008-06-11,113553308.0,107876497.0,115078907.0,113195355.0
2008-06-12,113632902.0,108267388.0,115471318.0,113211027.0
2008-06-13,113748697.0,108947182.0,116153035.0,113226700.0
2008-06-16,113757442.0,108702617.0,115911058.0,113273718.0
2008-06-17,113570076.0,107254018.0,114461420.0,113289391.0
2008-06-18,113687179.0,107827793.0,115036969.0,113305064.0
2008-06-19,113646907.0,107534657.0,114744402.0,113320737.0
2008-06-20,113695913.0,107732654.0,114943652.0,113336409.0
2008-06-23,113926128.0,108808603.0,116024027.0,113383427.0
2008-06-24,113857019.0,108284033.0,115499705.0,113399131.0
2008-06-25,113939454.0,108722834.0,115940096.0,113414835.0
2008-06-26,113932436.0,108592982.0,115811041.0,113430539.0
2008-06-27,114016461.0,109069987.0,116289689.0,113446242.0
2008-06-30,114117602.0,109520192.0,116743456.0,113493353.0
2008-07-01,114081602.0,109597536.0,116817522.0,113439025.0
2008-07-02,113942737.0,108447794.0,115667162.0,113454782.0
2008-07-03,114085136.0,109415750.0,116637449.0,113470570.0
2008-07-04,114164347.0,109940968.0,117164382.0,113486358.0
2008-07-07,114130415.0,109235379.0,116460767.0,113533816.0
2008-07-08,114034222.0,108258757.0,115483775.0,113549698.0
2008-07-09,113670909.0,105587332.0,112809621.0,113565579.0
2008-07-10,113634214.0,105399548.0,112622571.0,113581554.0
2008-07-11,113632719.0,105346406.0,112570353.0,113597591.0
2008-07-14,113730001.0,105581169.0,112808453.0,113645888.0
2008-07-15,113832784.0,105931960.0,113160742.0,113662111.0
2008-07-16,113873536.0,106041955.0,113271906.0,113678396.0
2008-07-17,113976421.0,106392867.0,113624322.0,113694713.0
2008-07-18,114012354.0,106483894.0,113716496.0,113711092.0
2008-07-21,114148698.0,106901577.0,114137828.0,113760321.0
2008-07-22,114154918.0,106867601.0,114104829.0,113776762.0
2008-07-23,114093066.0,106506212.0,113743961.0,113793203.0
2008-07-24,113964532.0,105865605.0,113103495.0,113809768.0
2008-07-25,114030412.0,106072943.0,113312153.0,113826333.0
2008-07-28,113992789.0,105779690.0,113021599.0,113876215.0
2008-07-29,114076310.0,106054454.0,113297784.0,113892874.0
2008-07-30,114207045.0,106512260.0,113757267.0,113909563.0
2008-07-31,114188747.0,106391903.0,113637784.0,113926284.0
2008-08-01,114195621.0,106604977.0,113847363.0,113865418.0
2008-08-04,114298843.0,106889892.0,114135829.0,113916049.0
2008-08-05,114323586.0,106943164.0,114190229.0,113932957.0
2008-08-06,114298224.0,106755467.0,114003323.0,113949866.0
2008-08-07,114324971.0,106818128.0,114067129.0,113966836.0
2008-08-08,114563529.0,107920710.0,115172304.0,113983838.0
2008-08-11,114679539.0,108322410.0,115577747.0,114034937.0
2008-08-12,114739600.0,108597539.0,115854322.0,114052001.0
2008-08-13,114826617.0,109055633.0,116314119.0,114069097.0
2008-08-14,114848242.0,109099748.0,116359363.0,114086223.0
2008-08-18,115013828.0,109805333.0,117070199.0,114154730.0
2008-08-19,115057228.0,110051543.0,117317818.0,114171856.0
2008-08-20,115072209.0,110047075.0,117314411.0,114188983.0
2008-08-21,115146893.0,110591712.0,117860873.0,114206110.0
2008-08-22,115232082.0,111329001.0,118600255.0,114223236.0
2008-08-25,115354686.0,112924937.0,120201614.0,114274616.0
2008-08-26,115372138.0,113941862.0,121221021.0,114291743.0
2008-08-27,115389354.0,113436395.0,120715917.0,114308869.0
2008-08-28,115406615.0,113220154.0,120500443.0,114325996.0
2008-08-29,115424017.0,113919249.0,121201578.0,114343122.0
2008-09-01,115400590.0,116510618.0,123794679.0,114313023.0
2008-09-02,115417948.0,118248692.0,125536244.0,114330217.0
2008-09-03,115435305.0,119649928.0,126940501.0,114347411.0
2008-09-04,115452663.0,117778273.0,125067312.0,114364605.0
2008-09-05,115470021.0,116705468.0,123994085.0,114381799.0
2008-09-08,115522093.0,113217336.0,120504311.0,114433381.0
2008-09-09,115539451.0,115138502.0,122429223.0,114450575.0
2008-09-10,115556808.0,114585250.0,121876271.0,114467769.0
2008-09-11,115574166.0,115938355.0,123232331.0,114484963.0
2008-09-12,115591523.0,115904600.0,123199600.0,114502156.0
2008-09-16,115660953.0,120817921.0,128124045.0,114570932.0
2008-09-17,115678311.0,116583384.0,123884685.0,114588126.0
2008-09-18,115695668.0,120177897.0,127485273.0,114605320.0
2008-09-19,115713026.0,118871606.0,126178235.0,114622514.0
2008-09-22,115765098.0,118942421.0,126252362.0,114674096.0
2008-09-23,115782456.0,119783222.0,127095405.0,114691290.0
2008-09-24,115799813.0,120315514.0,127629509.0,114708484.0
2008-09-25,115817202.0,120674611.0,127990179.0,114725709.0
2008-09-26,115834623.0,120899217.0,128216172.0,114742965.0
2008-09-29,115886980.0,123635237.0,130959233.0,114794829.0
2008-09-30,115904464.0,125391536.0,132719055.0,114812148.0
2008-10-01,115841713.0,123449087.0,130770030.0,114749988.0
2008-10-02,115859422.0,126965009.0,134291939.0,114767531.0
2008-10-06,115930641.0,131355567.0,138693004.0,114838078.0
2008-10-07,115948573.0,137047627.0,144394094.0,114855841.0
2008-10-08,115966536.0,143490278.0,150846822.0,114873635.0
2008-10-09,115984499.0,142001122.0,149356702.0,114891429.0
2008-10-10,116002526.0,135217499.0,142564748.0,114909286.0
2008-10-13,116056797.0,128391084.0,135732180.0,114963046.0
2008-10-14,116074983.0,125505830.0,132844032.0,114981060.0
2008-10-15,116093264.0,128540993.0,135884548.0,114999169.0
2008-10-16,116111608.0,141395652.0,148758233.0,115017340.0
2008-10-17,116130016.0,137644386.0,145002881.0,115035574.0
2008-10-20,116185429.0,135829431.0,143188819.0,115090465.0
2008-10-21,116203964.0,136324668.0,143685890.0,115108825.0
2008-10-22,116222530.0,140459166.0,147827289.0,115127217.0
2008-10-23,116241128.0,144872794.0,152248209.0,115145640.0
2008-10-24,116259790.0,146147316.0,153525657.0,115164126.0
2008-10-27,116314442.0,148131658.0,155516133.0,115218262.0
2008-10-28,116332691.0,150571002.0,157959999.0,115236339.0
2008-10-29,116350972.0,146645312.0,154029973.0,115254448.0
2008-10-30,116369253.0,129604504.0,136966572.0,115272556.0
2008-10-31,116387279.0,133555288.0,140923968.0,115290413.0
2008-11-03,116342250.0,130755148.0,138109629.0,115252429.0
2008-11-04,116433748.0,133260513.0,140709561.0,115270238.0
2008-11-05,116406037.0,131145696.0,138515572.0,115288015.0
2008-11-06,116607124.0,137405097.0,145010794.0,115305761.0
2008-11-07,116624335.0,137196106.0,144794302.0,115322780.0
2008-11-10,116675970.0,136963774.0,144554310.0,115373839.0
2008-11-11,116693182.0,137313084.0,144917119.0,115390858.0
2008-11-12,116710076.0,140165196.0,147876865.0,115407562.0
2008-11-13,116726970.0,143248401.0,151076398.0,115424266.0
2008-11-14,116743767.0,143992443.0,151848778.0,115440875.0
2008-11-17,116793774.0,144944276.0,152837459.0,115490323.0
2008-11-18,116810413.0,148701562.0,156736423.0,115506774.0
2008-11-19,116827018.0,148560008.0,156589891.0,115523193.0
2008-11-20,116843593.0,153424524.0,161637732.0,115539581.0
2008-11-21,116860134.0,153234877.0,161441297.0,115555938.0
2008-11-24,116909759.0,154976510.0,163249478.0,115605007.0
2008-11-25,116926267.0,153949268.0,162183941.0,115621332.0
2008-11-26,116942712.0,151622258.0,159769746.0,115637593.0
2008-11-27,116959157.0,151422943.0,159563277.0,115653855.0
2008-11-28,116975602.0,150751856.0,158867291.0,115670117.0
2008-12-01,116952528.0,147955877.0,155965663.0,115647065.0
2008-12-02,116969029.0,150316934.0,158415877.0,115663382.0
2008-12-03,116985531.0,150752946.0,158868634.0,115679699.0
2008-12-04,117002033.0,151525862.0,159670969.0,115696017.0
2008-12-05,117018534.0,151384354.0,159524483.0,115712334.0
2008-12-08,117068039.0,148774706.0,156817706.0,115761286.0
2008-12-09,117084508.0,148652411.0,156691155.0,115777572.0
2008-12-10,117099026.0,143534102.0,151378141.0,115793857.0
2008-12-11,117079887.0,140138617.0,147812235.0,115807957.0
2008-12-12,117137957.0,141488891.0,149269235.0,115822056.0
2008-12-15,117161781.0,140967176.0,148704843.0,115864259.0
2008-12-16,117117708.0,139294618.0,146896664.0,115877535.0
2008-12-17,117028572.0,136928843.0,144312991.0,115890335.0
2008-12-18,116849747.0,133754317.0,140781328.0,115902819.0
2008-12-19,116842970.0,133564133.0,140564946.0,115915144.0
2008-12-22,117044073.0,135400352.0,142639646.0,115951169.0
2008-12-23,117284174.0,138194692.0,145800840.0,115962987.0
2008-12-24,117114932.0,135164320.0,142370386.0,115974647.0
2008-12-26,117080184.0,134446853.0,141556333.0,115997776.0
2008-12-29,116815132.0,130987598.0,137638426.0,116032375.0
2008-12-30,116786239.0,130652869.0,137258570.0,116043877.0
2009-01-02,117451012.0,136568992.0,143953566.0,116011958.0
2009-01-05,117428982.0,135854055.0,143141328.0,116046476.0
2009-01-06,117432525.0,135760118.0,143033969.0,116057981.0
2009-01-07,117296200.0,133837276.0,140856863.0,116069487.0
2009-01-08,117626892.0,137737894.0,145270284.0,116078864.0
2009-01-09,117689704.0,138702645.0,146361243.0,116088017.0
2009-01-12,117790806.0,140249337.0,148109105.0,116115479.0
2009-01-13,117779727.0,139770179.0,147566026.0,116124474.0
2009-01-14,117762354.0,139146584.0,146859522.0,116133119.0
2009-01-15,117941287.0,143432556.0,151709120.0,116141637.0
2009-01-16,117892325.0,140161617.0,148006667.0,116150124.0
2009-01-19,117931643.0,140601199.0,148501811.0,116175583.0
2009-01-20,117978136.0,141758586.0,149810835.0,116184069.0
2009-01-21,117981714.0,141616316.0,149649054.0,116192555.0
2009-01-22,118003934.0,142099820.0,150195456.0,116201010.0
2009-01-23,118040967.0,143343907.0,151602600.0,116209465.0
2009-01-28,118059933.0,141929728.0,149998330.0,116251737.0
2009-01-29,118072164.0,142162941.0,150261482.0,116260192.0
2009-01-30,118082191.0,142261363.0,150372093.0,116268647.0
2009-02-02,118081726.0,143268223.0,151513194.0,116250574.0
2009-02-03,118089410.0,143222253.0,151460396.0,116259046.0
2009-02-04,118080575.0,142165606.0,150263828.0,116267518.0
2009-02-05,118098357.0,142745275.0,150919070.0,116275863.0
2009-02-06,118105599.0,142680036.0,150844478.0,116284207.0
2009-02-09,118126222.0,142416928.0,150544434.0,116309241.0
2009-02-10,118137554.0,142601961.0,150753071.0,116317585.0
2009-02-11,118162574.0,143624480.0,151909480.0,116325930.0
2009-02-12,118185320.0,144685454.0,153109489.0,116333383.0
2009-02-13,118192376.0,144658645.0,153078489.0,116340613.0
2009-02-16,118230346.0,146907891.0,155621948.0,116362302.0
2009-02-17,118237698.0,149605506.0,158674143.0,116369532.0
2009-02-18,118245014.0,150810999.0,160037725.0,116376730.0
2009-02-19,118252298.0,152064651.0,161455811.0,116383896.0
2009-02-20,118259552.0,154521724.0,164235796.0,116391030.0
2009-02-23,118281198.0,152843418.0,162334532.0,116412338.0
2009-02-24,118288356.0,155473896.0,165310766.0,116419376.0
2009-02-25,118295508.0,155447186.0,165279896.0,116426415.0
2009-02-26,118302595.0,155593771.0,165445147.0,116433390.0
2009-02-27,118309686.0,157184546.0,167244768.0,116440365.0
2009-03-02,118298219.0,160676329.0,171197425.0,116428840.0
2009-03-03,118305317.0,158955614.0,169249476.0,116435826.0
2009-03-04,118312415.0,158823067.0,169098836.0,116442811.0
2009-03-05,118319513.0,160461625.0,170952533.0,116449797.0
2009-03-06,118326610.0,158731225.0,168993624.0,116456783.0
2009-03-09,118347515.0,158641554.0,168890265.0,116477357.0
2009-03-10,118354483.0,155033954.0,164806966.0,116484215.0
2009-03-11,118361452.0,151137488.0,160396761.0,116491074.0
2009-03-12,118368420.0,153594316.0,163176493.0,116497932.0
2009-03-13,118375323.0,152345014.0,161762054.0,116504726.0
2009-03-16,118396034.0,148163739.0,157028299.0,116525109.0
2009-03-17,118397329.0,145133353.0,153598232.0,116531903.0
2009-03-18,118430873.0,146386901.0,155016234.0,116538698.0
2009-03-19,118396400.0,143934053.0,152239759.0,116545492.0
2009-03-20,118449994.0,145524566.0,154039100.0,116552286.0
2009-03-23,118422989.0,143557069.0,151810647.0,116572670.0
2009-03-24,118402656.0,142740747.0,150886207.0,116579464.0
2009-03-25,118329526.0,140769084.0,148654281.0,116586258.0
2009-03-26,118160499.0,137642040.0,145114827.0,116593053.0
2009-03-27,118297335.0,139328884.0,147023185.0,116599847.0
2009-03-30,118604171.0,143523099.0,151767859.0,116620230.0
2009-03-31,118581159.0,142754856.0,150897828.0,116627024.0
2009-04-01,118541543.0,142362392.0,150455945.0,116602252.0
2009-04-02,118374023.0,138032984.0,145555791.0,116609056.0
2009-04-03,118420879.0,138612480.0,146210977.0,116615861.0
2009-04-06,118226030.0,135634401.0,142838859.0,116636274.0
2009-04-07,118348118.0,136887709.0,144256590.0,116643079.0
2009-04-08,118613781.0,139969988.0,147744142.0,116649883.0
2009-04-09,118425309.0,136891618.0,144259770.0,116656688.0
2009-04-10,118510560.0,137904326.0,145405216.0,116663492.0
2009-04-13,118499840.0,137525160.0,144974254.0,116683905.0
2009-04-14,118464981.0,136997655.0,144376662.0,116690710.0
2009-04-15,118580263.0,138395487.0,145957951.0,116697482.0
2009-04-16,118541591.0,137819840.0,145305884.0,116704223.0
2009-04-17,118547969.0,137821799.0,145307485.0,116710964.0
2009-04-20,118589632.0,138116495.0,145639140.0,116731185.0
2009-04-21,118703036.0,139514428.0,147220546.0,116737926.0
2009-04-22,118702720.0,139420130.0,147113215.0,116744666.0
2009-04-23,118705775.0,139373969.0,147060359.0,116751407.0
2009-04-24,118679826.0,138913815.0,146538993.0,116758147.0
2009-04-27,118700458.0,138938983.0,146565628.0,116778369.0
2009-04-28,118795411.0,140231123.0,148027309.0,116785110.0
2009-04-29,118703757.0,138682963.0,146274661.0,116791850.0
2009-04-30,118305605.0,133033097.0,139880169.0,116798591.0
2009-05-04,118194567.0,132116308.0,138843329.0,116791165.0
2009-05-06,118258444.0,132553253.0,139336580.0,116804668.0
2009-05-07,118094246.0,131140195.0,137736825.0,116811419.0
2009-05-08,117909084.0,129669351.0,136071674.0,116818171.0
2009-05-11,117797170.0,128799001.0,135084860.0,116838425.0
2009-05-12,117875910.0,129253291.0,135598357.0,116845177.0
2009-05-13,117903521.0,129389926.0,135752368.0,116851928.0
2009-05-14,118263512.0,131625104.0,138281272.0,116858680.0
2009-05-15,118136248.0,130645101.0,137171599.0,116865431.0
2009-05-18,118187093.0,130891419.0,137448503.0,116885686.0
2009-05-19,118060619.0,129930618.0,136360561.0,116892437.0
2009-05-20,118087432.0,130076898.0,136525487.0,116899189.0
2009-05-21,118060133.0,129847725.0,136265518.0,116905940.0
2009-05-22,118049487.0,129734073.0,136136282.0,116912692.0
2009-05-25,118089713.0,129893731.0,136315114.0,116932946.0
2009-05-26,118288188.0,131243469.0,137841978.0,116939698.0
2009-05-27,118377909.0,131861531.0,138540814.0,116946449.0
2009-05-28,118220558.0,130659951.0,137180385.0,116953201.0
2009-05-29,118201776.0,130478903.0,136974879.0,116959952.0
2009-06-01,117955794.0,128762662.0,135033442.0,116951094.0
2009-06-02,117992701.0,128957035.0,135252792.0,116957855.0
2009-06-03,117905562.0,128381372.0,134600705.0,116964616.0
2009-06-04,118183923.0,130096591.0,136541174.0,116971408.0
2009-06-05,118078874.0,129328414.0,135671221.0,116978169.0
2009-06-08,118227430.0,130238871.0,136699720.0,116998451.0
2009-06-09,118406532.0,131453643.0,138073843.0,117005212.0
2009-06-10,118171590.0,129693937.0,136081791.0,117011973.0
2009-06-11,118265037.0,130302271.0,136769616.0,117018733.0
2009-06-12,118283547.0,130390790.0,136869174.0,117025494.0
2009-06-15,118412195.0,131176204.0,137756163.0,117045776.0
2009-06-16,118359441.0,130744886.0,137267428.0,117052537.0
2009-06-17,118395572.0,130968192.0,137519523.0,117059298.0
2009-06-18,118486606.0,131595840.0,138229206.0,117066059.0
2009-06-19,118520126.0,131799906.0,138459527.0,117072819.0
2009-06-22,118616222.0,132392875.0,139128729.0,117093102.0
2009-06-23,118818576.0,133964077.0,140906220.0,117099862.0
2009-06-24,118746862.0,133263176.0,140112402.0,117106623.0
2009-06-25,118809656.0,133775363.0,140691420.0,117113384.0
2009-06-26,118767832.0,133344026.0,140202663.0,117120144.0
2009-06-29,118802490.0,133494192.0,140370751.0,117140427.0
2009-06-30,118679836.0,132350336.0,139075647.0,117147187.0
2009-07-01,118584973.0,131746481.0,138394508.0,117122709.0
2009-07-02,118613166.0,131921637.0,138592112.0,117129479.0
2009-07-03,118576365.0,131586646.0,138212389.0,117136250.0
2009-07-06,118625408.0,131832984.0,138489311.0,117156562.0
2009-07-07,118687957.0,132277677.0,138991944.0,117163333.0
2009-07-08,118730882.0,132568362.0,139320291.0,117170103.0
2009-07-09,118772580.0,132849428.0,139637750.0,117176874.0
2009-07-10,118822250.0,133207510.0,140042368.0,117183644.0
2009-07-13,119205596.0,136322629.0,143565851.0,117203956.0
2009-07-14,119009919.0,134206716.0,141170682.0,117210727.0
2009-07-15,118869206.0,132812763.0,139592545.0,117217498.0
2009-07-16,118726711.0,131582436.0,138199582.0,117224268.0
2009-07-17,118654924.0,130987461.0,137525639.0,117231039.0
2009-07-20,118551558.0,130097797.0,136516961.0,117251351.0
2009-07-21,118533587.0,129936012.0,136333253.0,117258122.0
2009-07-22,118532666.0,129889754.0,136280285.0,117264892.0
2009-07-23,118548419.0,129959026.0,136358060.0,117271663.0
2009-07-24,118566950.0,130047555.0,136457629.0,117278434.0
2009-07-27,118507285.0,129514027.0,135851986.0,117298746.0
2009-07-28,118405525.0,128793792.0,135036288.0,117305516.0
2009-07-29,118464210.0,129123018.0,135408250.0,117312287.0
2009-07-30,118422032.0,128826410.0,135071964.0,117319058.0
2009-07-31,118295503.0,128029116.0,134169059.0,117325828.0
2009-08-03,118177464.0,127437892.0,133501266.0,117311732.0
2009-08-04,118104173.0,127016230.0,133023457.0,117318513.0
2009-08-05,118228439.0,127624486.0,133711193.0,117325295.0
2009-08-06,118200353.0,127453084.0,133516598.0,117332109.0
2009-08-07,118253172.0,127695584.0,133790409.0,117338922.0
2009-08-10,118330726.0,128009197.0,134143453.0,117359364.0
2009-08-11,118536034.0,129050682.0,135321464.0,117366177.0
2009-08-12,118666941.0,129774524.0,136140004.0,117372991.0
2009-08-13,118530227.0,128890792.0,135139265.0,117379901.0
2009-08-14,118565825.0,129075581.0,135347751.0,117386876.0
2009-08-17,118855245.0,130785190.0,137280572.0,117407895.0
2009-08-18,118714327.0,129766655.0,136127267.0,117414934.0
2009-08-19,118852512.0,130683118.0,137163772.0,117421973.0
2009-08-20,118735252.0,129828226.0,136195653.0,117429076.0
2009-08-21,118780458.0,130099694.0,136502221.0,117436179.0
2009-08-24,118661081.0,129171558.0,135449915.0,117457488.0
2009-08-25,118794571.0,129962924.0,136344841.0,117464623.0
2009-08-26,118755924.0,129685642.0,136030382.0,117471886.0
2009-08-27,118815079.0,130014910.0,136402343.0,117479182.0
2009-08-28,118754729.0,129602835.0,135935336.0,117486478.0
2009-08-31,118843734.0,130041867.0,136430184.0,117508366.0
2009-09-01,118693908.0,129236148.0,135520566.0,117484256.0
2009-09-02,118844602.0,130133229.0,136535112.0,117491563.0
2009-09-03,118790486.0,129759764.0,136111799.0,117498869.0
2009-09-04,118727059.0,129328538.0,135623119.0,117506176.0
2009-09-07,118622111.0,128564227.0,134756156.0,117528096.0
2009-09-08,118623851.0,128537261.0,134724971.0,117535402.0
2009-09-09,118530391.0,127942353.0,134051054.0,117542709.0
2009-09-10,118493770.0,127703606.0,133780196.0,117550047.0
2009-09-11,118453765.0,127445603.0,133487545.0,117557418.0
2009-09-14,118529600.0,127769014.0,133851507.0,117579724.0
2009-09-15,118419078.0,127135565.0,133133959.0,117587192.0
2009-09-16,118289855.0,126444343.0,132351027.0,117594691.0
2009-09-17,118170219.0,125820498.0,131644342.0,117602223.0
2009-09-18,118237978.0,126111214.0,131972650.0,117609787.0
2009-09-21,118187357.0,125789627.0,131606614.0,117632769.0
2009-09-22,118181467.0,125733778.0,131542705.0,117640494.0
2009-09-23,117991568.0,124830703.0,130519998.0,117648251.0
2009-09-24,118026736.0,124957774.0,130663091.0,117656041.0
2009-09-25,117816467.0,124035417.0,129618561.0,117663830.0
2009-09-28,118069267.0,124984689.0,130690695.0,117687295.0
2009-09-29,117839115.0,124033412.0,129613431.0,117695148.0
2009-09-30,117653127.0,123274684.0,128754068.0,117703034.0
2009-10-01,117635129.0,123287155.0,128770647.0,117676041.0
2009-10-05,117542456.0,122852016.0,128275296.0,117707894.0
2009-10-06,117458135.0,122526648.0,127906351.0,117715890.0
2009-10-07,117469754.0,122547808.0,127929563.0,117723918.0
2009-10-08,117380425.0,122212808.0,127549712.0,117731978.0
2009-10-09,117318412.0,121974065.0,127278790.0,117740070.0
2009-10-12,117487225.0,122509241.0,127882224.0,117764347.0
2009-10-13,117460697.0,122395635.0,127752918.0,117772439.0
2009-10-14,117357736.0,122012481.0,127318569.0,117780531.0
2009-10-15,117092819.0,121070964.0,126252330.0,117788591.0
2009-10-16,117374648.0,121987410.0,127288724.0,117796651.0
2009-10-19,117581601.0,122618890.0,128001152.0,117820831.0
2009-10-20,117439620.0,122129807.0,127446930.0,117828859.0
2009-10-21,117822301.0,123392898.0,128875620.0,117836887.0
2009-10-22,118125118.0,124453840.0,130075539.0,117844914.0
2009-10-23,117913930.0,123637423.0,129150877.0,117852942.0
2009-10-26,117833048.0,123267693.0,128730259.0,117877025.0
2009-10-27,118013353.0,123924314.0,129472615.0,117885053.0
2009-10-28,118297470.0,124985331.0,130672620.0,117893081.0
2009-10-29,118318225.0,125045035.0,130739452.0,117901109.0
2009-10-30,118002197.0,123747144.0,129269914.0,117909137.0
2009-11-02,117990671.0,123743405.0,129267100.0,117893614.0
2009-11-03,117981534.0,123697203.0,129214079.0,117901657.0
2009-11-04,117895739.0,123352609.0,128823372.0,117909700.0
2009-11-05,117937868.0,123489287.0,128977314.0,117917742.0
2009-11-06,117638706.0,122355377.0,127693348.0,117925785.0
2009-11-09,117462558.0,121687283.0,126935070.0,117949913.0
2009-11-10,117503450.0,121804698.0,127067213.0,117957955.0
2009-11-11,117384712.0,121392673.0,126600195.0,117965998.0
2009-11-12,117373374.0,121336813.0,126536245.0,117974040.0
2009-11-13,117466539.0,121627504.0,126864481.0,117982083.0
2009-11-16,117325119.0,121103736.0,126269534.0,118006211.0
2009-11-17,117307267.0,121038243.0,126194682.0,118014253.0
2009-11-18,117279368.0,120934241.0,126076249.0,118022296.0
2009-11-19,117411467.0,121330844.0,126524345.0,118030339.0
2009-11-20,117475885.0,121515658.0,126732762.0,118038381.0
2009-11-23,117392253.0,121203649.0,126377461.0,118062509.0
2009-11-24,117432060.0,121311449.0,126498722.0,118070552.0
2009-11-25,117330341.0,120976377.0,126118790.0,118078594.0
2009-11-26,117397838.0,121170826.0,126338112.0,118086637.0
2009-11-27,118017981.0,123117561.0,128540470.0,118094679.0
2009-11-30,117686165.0,121900526.0,127160964.0,118118807.0
2009-12-01,117615629.0,121730226.0,126970785.0,118090932.0
2009-12-02,117412025.0,121048729.0,126198807.0,118098988.0
2009-12-03,117457970.0,121175758.0,126341828.0,118107044.0
2009-12-04,117393193.0,120956268.0,126092698.0,118115100.0
2009-12-07,117420351.0,120990835.0,126129609.0,118139268.0
2009-12-08,117481703.0,121166000.0,126327105.0,118147324.0
2009-12-09,117687650.0,121793597.0,127036612.0,118155380.0
2009-12-10,117809970.0,122170925.0,127462893.0,118163436.0
2009-12-11,117772522.0,122028440.0,127300908.0,118171492.0
2009-12-14,117593405.0,121379552.0,126564362.0,118195660.0
2009-12-15,117724329.0,121795403.0,127034239.0,118203717.0
2009-12-16,117829220.0,122124633.0,127406076.0,118211902.0
2009-12-17,118209195.0,123378063.0,128823813.0,118220152.0
2009-12-18,118169135.0,123216342.0,128640042.0,118228402.0
2009-12-21,118389334.0,123944208.0,129461496.0,118253153.0
2009-12-22,118298583.0,123580309.0,129048922.0,118261403.0
2009-12-23,118399733.0,123938471.0,129453496.0,118269653.0
2009-12-24,118186160.0,123112434.0,128517927.0,118277904.0
2009-12-28,118085608.0,122658028.0,128000667.0,118310904.0
2009-12-29,118119253.0,122756241.0,128111059.0,118319154.0
2009-12-30,117942649.0,122113077.0,127382443.0,118327437.0
2010-01-04,117673522.0,121178714.0,126325138.0,118326324.0
2010-01-05,117257311.0,119804211.0,124768868.0,118334688.0
2010-01-06,117129881.0,119411478.0,124323653.0,118343052.0
2010-01-07,117099797.0,119317130.0,124216116.0,118351416.0
2010-01-08,116937601.0,118847377.0,123683738.0,118359780.0
2010-01-11,116584717.0,117823096.0,122522282.0,118384871.0
2010-01-12,116727658.0,118190779.0,122937619.0,118393235.0
2010-01-13,116802053.0,118375571.0,123145982.0,118401599.0
2010-01-14,116649085.0,117953908.0,122668027.0,118409963.0
2010-01-15,116723481.0,118138702.0,122876392.0,118418327.0
2010-01-18,116795095.0,118288783.0,123043944.0,118443418.0
2010-01-19,116909196.0,118579484.0,123372161.0,118451782.0
2010-01-20,117297569.0,119611467.0,124539279.0,118460146.0
2010-01-21,117265774.0,119507478.0,124420832.0,118468510.0
2010-01-22,117745076.0,120847564.0,125936625.0,118476874.0
2010-01-25,117730751.0,120757057.0,125831907.0,118501966.0
2010-01-26,118166174.0,122039450.0,127282409.0,118510330.0
2010-01-27,118067645.0,121714043.0,126913387.0,118518693.0
2010-01-28,117815093.0,120907240.0,125999574.0,118527057.0
2010-01-29,118138578.0,121900838.0,127123252.0,118535421.0
2010-02-01,118364767.0,122639612.0,127960314.0,118524448.0
2010-02-02,118092310.0,121717521.0,126916031.0,118532826.0
2010-02-03,117778469.0,120670278.0,125730115.0,118541204.0
2010-02-04,117843161.0,120855088.0,125938496.0,118549582.0
2010-02-05,118430723.0,122685897.0,128009633.0,118557959.0
2010-02-08,118507830.0,122884255.0,128231816.0,118583093.0
2010-02-09,118278920.0,122106487.0,127350861.0,118591471.0
2010-02-10,118183605.0,121771509.0,126971005.0,118599849.0
2010-02-11,118088288.0,121436523.0,126591141.0,118608227.0
2010-02-12,117931252.0,120909001.0,125993386.0,118616605.0
2010-02-16,117962244.0,120935960.0,126020833.0,118650116.0
2010-02-17,117678454.0,120042579.0,125009040.0,118658494.0
2010-02-18,117954707.0,120843543.0,125914714.0,118666872.0
2010-02-19,118279399.0,121798559.0,126994728.0,118675250.0
2010-02-22,117885395.0,120514283.0,125539033.0,118700384.0
2010-02-23,117931643.0,120641363.0,125682083.0,118708761.0
2010-02-24,118088760.0,121115044.0,126217376.0,118717139.0
2010-02-25,118409102.0,122099009.0,127330150.0,118725517.0
2010-02-26,118310612.0,121773599.0,126961122.0,118733895.0
2010-03-02,118079695.0,121060207.0,126154143.0,118729991.0
2010-03-03,117898109.0,120474989.0,125491094.0,118738383.0
2010-03-04,117842208.0,120294030.0,125285537.0,118746776.0
2010-03-05,117701786.0,119862795.0,124796754.0,118755103.0
2010-03-08,117472239.0,119146589.0,123983951.0,118780085.0
2010-03-09,117543357.0,119331388.0,124192324.0,118788413.0
2010-03-10,117422318.0,118977128.0,123790652.0,118796740.0
2010-03-11,117524302.0,119248559.0,124097072.0,118805002.0
2010-03-12,117348284.0,118740260.0,123521086.0,118813232.0
2010-03-15,117585544.0,119362041.0,124222490.0,118837921.0
2010-03-16,117519322.0,119161774.0,123995102.0,118846119.0
2010-03-17,117377593.0,118749713.0,123528029.0,118854316.0
2010-03-18,117568777.0,119271458.0,124117732.0,118862513.0
2010-03-19,117540306.0,119177081.0,124010178.0,118870710.0
2010-03-22,117660761.0,119471575.0,124341215.0,118895205.0
2010-03-23,117714643.0,119608254.0,124495146.0,118903369.0
2010-03-24,117751365.0,119696797.0,124594604.0,118911534.0
2010-03-25,117911653.0,120131940.0,125086303.0,118919699.0
2010-03-26,117786989.0,119767976.0,124673673.0,118927766.0
2010-03-29,117694448.0,119465542.0,124329202.0,118951967.0
2010-03-30,117514855.0,118947503.0,123742207.0,118960034.0
2010-03-31,117561810.0,119064923.0,123874352.0,118968102.0
2010-04-01,117368567.0,118586261.0,123335384.0,118938257.0
2010-04-02,117359765.0,118549639.0,123293200.0,118946339.0
2010-04-05,117271685.0,118276079.0,122981455.0,118969996.0
2010-04-06,117280636.0,118287538.0,122993729.0,118977588.0
2010-04-07,117188518.0,118029473.0,122700986.0,118985181.0
2010-04-08,117294718.0,118300804.0,123007384.0,118992448.0
2010-04-09,117115609.0,117811659.0,122453182.0,118999486.0
2010-04-12,116978892.0,117422310.0,122010641.0,119020504.0
2010-04-13,117355054.0,118367485.0,123079643.0,119027510.0
2010-04-14,116916606.0,117242952.0,121806383.0,119034516.0
2010-04-15,116739791.0,116792266.0,121295709.0,119041522.0
2010-04-16,116855665.0,117063585.0,121602117.0,119048528.0
2010-04-19,117175934.0,117819815.0,122456012.0,119069546.0
2010-04-20,117173221.0,117802339.0,122435594.0,119076552.0
2010-04-21,116791772.0,116831751.0,121336552.0,119083558.0
2010-04-22,116816362.0,116881656.0,121392389.0,119090564.0
2010-04-23,116837006.0,116921934.0,121437331.0,119097569.0
2010-04-26,116668710.0,116484355.0,120940209.0,119118587.0
2010-04-27,116911643.0,117063800.0,121595318.0,119125593.0
2010-04-28,117254165.0,117893589.0,122533739.0,119132599.0
2010-04-29,117115025.0,117529495.0,122121059.0,119139605.0
2010-04-30,116869964.0,116905428.0,121414170.0,119146611.0
2010-05-03,117261090.0,117883990.0,122522903.0,119132306.0
2010-05-04,117148520.0,117587385.0,122186598.0,119139323.0
2010-05-06,118128401.0,120074345.0,124999775.0,119153358.0
2010-05-07,118610015.0,121433374.0,126537128.0,119160375.0
2010-05-10,117901161.0,119195974.0,124003169.0,119181427.0
2010-05-11,118029841.0,119544310.0,124396736.0,119188445.0
2010-05-12,118313126.0,120325834.0,125280535.0,119195462.0
2010-05-13,117775531.0,118806682.0,123560690.0,119202480.0
2010-05-14,117866476.0,119049135.0,123834429.0,119209497.0
2010-05-17,118678333.0,121297551.0,126377007.0,119230549.0
2010-05-18,118449004.0,120606236.0,125594014.0,119237567.0
2010-05-19,119049372.0,122389035.0,127610944.0,119244584.0
2010-05-20,119886023.0,125182717.0,130771874.0,119251601.0
2010-05-24,120388629.0,127154170.0,133000376.0,119279671.0
2010-05-25,121107525.0,130573850.0,136869741.0,119286688.0
2010-05-26,121159659.0,130893485.0,137230826.0,119293706.0
2010-05-27,120751523.0,128074460.0,134039933.0,119300723.0
2010-05-28,120244267.0,125274630.0,130870762.0,119307740.0
2010-05-31,120431892.0,126011962.0,131703267.0,119328792.0
2010-06-01,120723376.0,127353352.0,133223522.0,119304470.0
2010-06-03,120338471.0,125528284.0,131156833.0,119318525.0
2010-06-04,120440569.0,125944052.0,131626710.0,119325553.0
2010-06-07,121210381.0,129232104.0,135345828.0,119346635.0
2010-06-08,121173367.0,128993362.0,135075004.0,119353663.0
2010-06-09,121439649.0,130468064.0,136743263.0,119360690.0
2010-06-10,121477884.0,130691389.0,136995354.0,119367718.0
2010-06-11,121416167.0,130221622.0,136463084.0,119374745.0
2010-06-14,121095807.0,127926610.0,133863923.0,119395828.0
2010-06-15,121196848.0,128457975.0,134464620.0,119402856.0
2010-06-16,120909154.0,126842562.0,132635837.0,119409883.0
2010-06-17,120964472.0,127094745.0,132920587.0,119416911.0
2010-06-18,120759982.0,126047279.0,131734541.0,119423938.0
2010-06-21,120129935.0,123106918.0,128405048.0,119445021.0
2010-06-22,120403881.0,124042625.0,129463333.0,119452048.0
2010-06-23,120566220.0,124602877.0,130096720.0,119459076.0
2010-06-24,120605577.0,124729897.0,130239822.0,119466136.0
2010-06-25,121289594.0,127292755.0,133139529.0,119473196.0
2010-06-28,121030253.0,126008254.0,131683942.0,119494377.0
2010-06-29,121346523.0,127454364.0,133319840.0,119501437.0
2010-06-30,121456288.0,127956929.0,133887940.0,119508497.0
2010-07-01,121558138.0,128575859.0,134590700.0,119483050.0
2010-07-02,121560414.0,128558514.0,134570425.0,119490121.0
2010-07-05,121481881.0,128073321.0,134019401.0,119511333.0
2010-07-06,121467084.0,127969338.0,133901079.0,119518404.0
2010-07-07,121486431.0,128038619.0,133978837.0,119525475.0
2010-07-08,121228884.0,126721755.0,132487914.0,119532545.0
2010-07-09,120956502.0,125443415.0,131040536.0,119540173.0
2010-07-12,121109826.0,126026760.0,131698610.0,119563055.0
2010-07-13,121347638.0,127039473.0,132843987.0,119570682.0
2010-07-14,121147236.0,126078746.0,131756047.0,119578309.0
2010-07-15,121153650.0,126080672.0,131757530.0,119585936.0
2010-07-16,121180746.0,126178867.0,131867960.0,119593564.0
2010-07-19,121450249.0,127349538.0,133190702.0,119616445.0
2010-07-20,121251903.0,126398378.0,132113589.0,119624073.0
2010-07-21,121235566.0,126294407.0,131995230.0,119631700.0
2010-07-22,121229570.0,126238571.0,131931344.0,119639327.0
2010-07-23,121124701.0,125739864.0,131366267.0,119646955.0
2010-07-26,120967320.0,125004282.0,130531729.0,119669836.0
2010-07-27,120738013.0,124081907.0,129487192.0,119677464.0
2010-07-28,120811374.0,124334143.0,129771947.0,119685091.0
2010-07-29,120876993.0,124557499.0,130024020.0,119692718.0
2010-07-30,120787295.0,124203160.0,129622322.0,119700345.0
2010-08-02,120507050.0,123217437.0,128508081.0,119686240.0
2010-08-03,120488136.0,123132706.0,128411495.0,119693880.0
2010-08-04,120405686.0,122826588.0,128064367.0,119701520.0
2010-08-05,120359159.0,122645596.0,127858842.0,119709161.0
2010-08-06,120231554.0,122195080.0,127348301.0,119716801.0
2010-08-09,120199152.0,122037098.0,127167421.0,119739722.0
2010-08-10,120457874.0,122866830.0,128105719.0,119747362.0
2010-08-11,120862002.0,124197143.0,129610519.0,119755002.0
2010-08-12,120963862.0,124555226.0,130015058.0,119762642.0
2010-08-13,120907837.0,124326104.0,129755066.0,119770283.0
2010-08-16,121014125.0,124659144.0,130129869.0,119793203.0
2010-08-17,120735494.0,123602103.0,128932932.0,119800844.0
2010-08-18,120689817.0,123411466.0,128716492.0,119808484.0
2010-08-19,120653369.0,123268960.0,128554522.0,119816124.0
2010-08-20,120940288.0,124262457.0,129678152.0,119823764.0
2010-08-23,120930097.0,124162283.0,129562691.0,119846685.0
2010-08-24,121171755.0,125040302.0,130555636.0,119854325.0
2010-08-25,121303530.0,125523605.0,131101885.0,119861966.0
2010-08-26,121164881.0,124947860.0,130449624.0,119869606.0
2010-08-27,121330433.0,125585219.0,131170216.0,119877246.0
2010-08-30,121237996.0,125148091.0,130673430.0,119900167.0
2010-08-31,121391559.0,125737347.0,131339576.0,119907905.0
2010-09-01,121046264.0,124440207.0,129874142.0,119880316.0
2010-09-02,120947462.0,124037864.0,129418107.0,119888067.0
2010-09-03,120813840.0,123520006.0,128831346.0,119895818.0
2010-09-06,120727704.0,123150337.0,128410872.0,119919072.0
2010-09-07,120888558.0,123691297.0,129022361.0,119926823.0
2010-09-08,120784045.0,123308171.0,128588074.0,119934574.0
2010-09-09,120640825.0,122790270.0,128001265.0,119942325.0
2010-09-10,120599892.0,122628529.0,127817516.0,119950076.0
2010-09-13,120478908.0,122162536.0,127288034.0,119973330.0
2010-09-14,120511313.0,122251074.0,127387522.0,119981081.0
2010-09-15,120493730.0,122175958.0,127301807.0,119988832.0
2010-09-16,120605589.0,122524423.0,127695451.0,119996583.0
2010-09-17,120493866.0,122141245.0,127261106.0,120004334.0
2010-09-20,120535257.0,122223955.0,127352583.0,120027588.0
2010-09-24,120379595.0,121644257.0,126693714.0,120058593.0
2010-09-27,120187791.0,120975971.0,125935299.0,120081846.0
2010-09-28,120134309.0,120794921.0,125729698.0,120089597.0
2010-09-29,120002255.0,120382789.0,125262586.0,120097348.0
2010-09-30,119948553.0,120211356.0,125067870.0,120105100.0
2010-10-01,119599521.0,119260998.0,123994926.0,120077040.0
2010-10-04,119330810.0,118486930.0,123116796.0,120100332.0
2010-10-05,119643858.0,119297349.0,124033227.0,120108096.0
2010-10-06,119180691.0,118076741.0,122651172.0,120115860.0
2010-10-07,119051545.0,117741689.0,122271289.0,120123624.0
2010-10-08,119279863.0,118301850.0,122904506.0,120131388.0
2010-10-11,119157686.0,117960876.0,122516502.0,120154679.0
2010-10-12,119728260.0,119387445.0,124130219.0,120162476.0
2010-10-13,119338342.0,118349654.0,122955049.0,120170306.0
2010-10-14,118981351.0,117408103.0,121888797.0,120178103.0
2010-10-15,119005947.0,117458085.0,121944651.0,120185866.0
2010-10-18,119325870.0,118224169.0,122809490.0,120209158.0
2010-10-19,119758168.0,119304270.0,124031115.0,120216922.0
2010-10-20,119631847.0,118959556.0,123640298.0,120224686.0
2010-10-21,119736237.0,119221360.0,123935869.0,120232450.0
2010-10-22,119500048.0,118587813.0,123218184.0,120240214.0
2010-10-25,119267539.0,117948332.0,122492363.0,120263505.0
2010-10-26,119292139.0,117998325.0,122548231.0,120271269.0
2010-10-27,119724440.0,119078518.0,123769960.0,120279033.0
2010-10-28,119576133.0,118676002.0,123313730.0,120286797.0
2010-10-29,119636583.0,118822287.0,123478569.0,120294561.0
2010-11-01,119304580.0,117981312.0,122528108.0,120280767.0
2010-11-02,119194509.0,117694407.0,122202712.0,120288544.0
2010-11-03,119069065.0,117368994.0,121833736.0,120296322.0
2010-11-04,118966801.0,117110954.0,121541005.0,120304099.0
2010-11-05,118963995.0,117093550.0,121520598.0,120311876.0
2010-11-08,119230151.0,117695905.0,122200143.0,120335207.0
2010-11-09,119227370.0,117678506.0,122179743.0,120342984.0
2010-11-10,119107518.0,117381947.0,121843420.0,120350761.0
2010-11-11,119019959.0,117162391.0,121594242.0,120358538.0
2010-11-12,119821001.0,119079900.0,123763550.0,120366315.0
2010-11-15,119987718.0,119480204.0,124214437.0,120389646.0
2010-11-16,119905660.0,119251073.0,123954379.0,120397885.0
2010-11-17,120471695.0,120735536.0,125633574.0,120406123.0
2010-11-18,120129589.0,119774757.0,124545520.0,120414361.0
2010-11-19,120090290.0,119651520.0,124405302.0,120422600.0
2010-11-22,119829374.0,118896694.0,123548817.0,120447315.0
2010-11-23,120264089.0,120034657.0,124835883.0,120455553.0
2010-11-24,120437120.0,120498707.0,125360288.0,120463792.0
2010-11-25,120286435.0,120067380.0,124871408.0,120472030.0
2010-11-26,121040231.0,122158557.0,127237213.0,120480269.0
2010-11-29,120840349.0,121490409.0,126478820.0,120504984.0
2010-11-30,121071271.0,122185584.0,127264788.0,120513222.0
2010-12-01,120792000.0,121379488.0,126355175.0,120484394.0
2010-12-02,120732685.0,121179293.0,126127862.0,120492646.0
2010-12-03,120398084.0,120141675.0,124952850.0,120500899.0
2010-12-06,120237195.0,119637279.0,124379770.0,120525656.0
2010-12-07,120180225.0,119465931.0,124185103.0,120533908.0
2010-12-08,120692522.0,120873245.0,125776988.0,120542160.0
2010-12-09,120480333.0,120239853.0,125059433.0,120550413.0
2010-12-10,120631930.0,120665332.0,125540187.0,120558665.0
2010-12-13,120722938.0,120882904.0,125784149.0,120583422.0
2010-12-14,120543811.0,120345743.0,125175497.0,120591675.0
2010-12-15,121022270.0,121733922.0,126745726.0,120599927.0
2010-12-16,120959828.0,121524072.0,126507488.0,120608179.0
2010-12-17,120975400.0,121554891.0,126541612.0,120616432.0
2010-12-20,120909770.0,121300772.0,126251766.0,120641189.0
2010-12-21,121075136.0,121793705.0,126808857.0,120649441.0
2010-12-22,121040777.0,121670489.0,126668662.0,120657693.0
2010-12-23,120884705.0,121171794.0,126103541.0,120665946.0
2010-12-24,120953330.0,121366283.0,126322888.0,120674198.0
2010-12-27,120915780.0,121198789.0,126131075.0,120698955.0
2010-12-28,120890779.0,121104442.0,126023550.0,120707208.0
2010-12-29,120847051.0,120952324.0,125850647.0,120715460.0
2010-12-30,120483539.0,119837369.0,124588113.0,120723712.0
2011-01-03,120182032.0,119036118.0,123682164.0,120714783.0
2011-01-04,119984761.0,118508637.0,123084465.0,120723051.0
2011-01-05,120175223.0,118991820.0,123630522.0,120731320.0
2011-01-06,119944738.0,118377697.0,122934771.0,120739588.0
2011-01-07,120050274.0,118639498.0,123230293.0,120747856.0
2011-01-10,120149024.0,118857002.0,123474172.0,120772660.0
2011-01-11,120177018.0,118916671.0,123540944.0,120780928.0
2011-01-12,119972367.0,118369889.0,122921403.0,120789196.0
2011-01-13,119782570.0,117871280.0,122356323.0,120798060.0
2011-01-14,119811978.0,117930993.0,122423089.0,120806923.0
2011-01-17,119939194.0,118206406.0,122732342.0,120833514.0
2011-01-18,119906360.0,118112095.0,122624801.0,120842377.0
2011-01-19,119667260.0,117507553.0,121939839.0,120851241.0
2011-01-20,120097595.0,118558859.0,123128773.0,120860170.0
2011-01-21,120216587.0,118840015.0,123446137.0,120869100.0
2011-01-24,120114383.0,118547482.0,123112625.0,120895988.0
2011-01-25,120007661.0,118270252.0,122798069.0,120904950.0
2011-01-26,119932073.0,118070037.0,122570669.0,120913913.0
2011-01-27,119875966.0,117917960.0,122397743.0,120922909.0
2011-01-28,119858800.0,117862161.0,122333772.0,120931938.0
2011-01-31,120177195.0,118609457.0,123176984.0,120959222.0
2011-02-01,119977349.0,118159816.0,122670867.0,120929273.0
2011-02-07,119645392.0,117266919.0,121655338.0,120984536.0
2011-02-08,119536991.0,116999373.0,121351716.0,120993780.0
2011-02-09,119714997.0,117405650.0,121810649.0,121003023.0
2011-02-10,120052606.0,118187364.0,122694454.0,121012333.0
2011-02-11,120525343.0,119306020.0,123959568.0,121021676.0
2011-02-14,120330847.0,118753724.0,123331973.0,121049805.0
2011-02-15,120208155.0,118418798.0,122952085.0,121059181.0
2011-02-16,120251669.0,118517077.0,123062445.0,121068590.0
2011-02-17,120147169.0,118239908.0,122747915.0,121078033.0
2011-02-18,119947329.0,117731684.0,122171902.0,121087475.0
2011-02-21,120200209.0,118315343.0,122829832.0,121115802.0
2011-02-22,120572377.0,119231966.0,123866299.0,121125245.0
2011-02-23,120446026.0,118887394.0,123475489.0,121134687.0
2011-02-24,120718579.0,119582609.0,124261389.0,121144163.0
2011-02-25,120551620.0,119132130.0,123750722.0,121153638.0
2011-02-28,120652835.0,119350027.0,123994707.0,121182164.0
2011-03-02,120618781.0,119296910.0,123936684.0,121159308.0
2011-03-03,120319101.0,118500053.0,123034002.0,121169034.0
2011-03-04,120123724.0,117991954.0,122458093.0,121178892.0
2011-03-07,120328525.0,118440899.0,122963437.0,121208668.0
2011-03-08,120286984.0,118327448.0,122834137.0,121218626.0
2011-03-09,120197217.0,118098483.0,122574110.0,121228584.0
2011-03-10,120453250.0,118697386.0,123250943.0,121238841.0
2011-03-11,120556572.0,118930505.0,123513823.0,121249098.0
2011-03-14,120791600.0,119466241.0,124117297.0,121279870.0
2011-03-15,120987087.0,119959298.0,124674346.0,121290127.0
2011-03-16,120846513.0,119576331.0,124240010.0,121300384.0
2011-03-17,121019846.0,120011638.0,124731705.0,121310641.0
2011-03-18,120705693.0,119176196.0,123785309.0,121320898.0
2011-03-21,120664339.0,119018816.0,123604393.0,121351669.0
2011-03-22,120527444.0,118645441.0,123180912.0,121361926.0
2011-03-23,120663851.0,118984492.0,123563674.0,121372183.0
2011-03-24,120541727.0,118649618.0,123183765.0,121382440.0
2011-03-25,120291156.0,117997023.0,122444295.0,121392697.0
2011-03-28,120319765.0,118022524.0,122470342.0,121423468.0
2011-03-29,120157789.0,117620224.0,122014128.0,121433725.0
2011-03-30,119916904.0,117044608.0,121361773.0,121443982.0
2011-03-31,119590782.0,116324553.0,120545960.0,121454239.0
2011-04-01,119296510.0,115777926.0,119930707.0,121417497.0
2011-04-04,119088822.0,115350959.0,119444697.0,121448334.0
2011-04-05,119275556.0,115699541.0,119838243.0,121458613.0
2011-04-06,119110982.0,115374324.0,119469260.0,121468892.0
2011-04-07,119202363.0,115540022.0,119655839.0,121479171.0
2011-04-08,118932389.0,115012650.0,119058080.0,121489450.0
2011-04-11,119015867.0,115143960.0,119203855.0,121520386.0
2011-04-12,119488719.0,116041276.0,120218393.0,121530698.0
2011-04-13,119203692.0,115485004.0,119587925.0,121541011.0
2011-04-14,119159580.0,115390798.0,119480372.0,121551323.0
2011-04-15,119321256.0,115691288.0,119819489.0,121561635.0
2011-04-18,119264207.0,115553071.0,119660245.0,121592572.0
2011-04-19,119425891.0,115853575.0,119999379.0,121602884.0
2011-04-20,118958466.0,114960303.0,118987533.0,121613196.0
2011-04-21,118862339.0,114779438.0,118781908.0,121623508.0
2011-04-22,118889607.0,114820004.0,118826871.0,121633853.0
2011-04-25,118939235.0,114883940.0,118896391.0,121664890.0
2011-04-26,119213208.0,115367396.0,119442563.0,121675268.0
2011-04-27,118854373.0,114714756.0,118703031.0,121685647.0
2011-04-28,118408425.0,113917680.0,117800042.0,121696026.0
2011-04-29,118431061.0,113948614.0,117834102.0,121706405.0
2011-05-02,118041270.0,113319157.0,117123405.0,121688338.0
2011-05-03,118277561.0,113686981.0,117538704.0,121698874.0
2011-05-04,118646508.0,114276199.0,118204551.0,121709409.0
2011-05-06,119124688.0,115079272.0,119111452.0,121730479.0
2011-05-09,119099553.0,115008499.0,119028472.0,121762085.0
2011-05-11,118709247.0,114290687.0,118214209.0,121783155.0
2011-05-12,119262086.0,115274643.0,119326776.0,121793691.0
2011-05-13,119359161.0,115440373.0,119513368.0,121804226.0
2011-05-16,119612866.0,115870197.0,119996906.0,121835831.0
2011-05-17,119474009.0,115612358.0,119704151.0,121846367.0
2011-05-18,119447758.0,115556681.0,119640179.0,121856902.0
2011-05-19,119362520.0,115395104.0,119456362.0,121867437.0
2011-05-20,119186118.0,115069861.0,119087327.0,121877972.0
2011-05-23,120006859.0,116529847.0,120736685.0,121909578.0
2011-05-24,119787181.0,116098699.0,120247798.0,121920113.0
2011-05-25,120208293.0,116909515.0,121164425.0,121930648.0
2011-05-26,119575897.0,115611859.0,119694923.0,121941183.0
2011-05-27,119281984.0,115055524.0,119064363.0,121951719.0
2011-05-30,119174928.0,114840308.0,118817918.0,121983324.0
2011-05-31,119126610.0,114746100.0,118710342.0,121993860.0
2011-06-01,118855943.0,114295678.0,118204090.0,121955722.0
2011-06-02,119192326.0,114884900.0,118869940.0,121966280.0
2011-06-03,119160291.0,114819602.0,118795079.0,121976839.0
2011-06-07,119292220.0,115020439.0,119018504.0,122019072.0
2011-06-08,119195164.0,114839626.0,118812916.0,122029631.0
2011-06-09,119352769.0,115111237.0,119119330.0,122040189.0
2011-06-10,119342572.0,115084471.0,119088044.0,122051081.0
2011-06-13,119539562.0,115408483.0,119451739.0,122083759.0
2011-06-14,119366806.0,115092920.0,119093624.0,122094651.0
2011-06-15,119399958.0,115143166.0,119149492.0,122105544.0
2011-06-16,119774494.0,115799905.0,119891719.0,122116436.0
2011-06-17,119563803.0,115416946.0,119457335.0,122127329.0
2011-06-20,119581984.0,115423293.0,119461532.0,122160006.0
2011-06-21,119208709.0,114751491.0,118700268.0,122170899.0
2011-06-22,118936591.0,114272225.0,118156893.0,122181791.0
2011-06-23,119116042.0,114563156.0,118485141.0,122192684.0
2011-06-24,119231830.0,114748188.0,118693544.0,122203576.0
2011-06-27,119635639.0,115409218.0,119438637.0,122236254.0
2011-06-28,119527909.0,115209146.0,119211220.0,122247180.0
2011-06-29,119170875.0,114566170.0,118482575.0,122258105.0
2011-06-30,118676561.0,113692101.0,117492404.0,122269031.0
2011-07-01,118591076.0,113578615.0,117367537.0,122230025.0
2011-07-04,118421636.0,113286531.0,117033988.0,122262876.0
2011-07-05,118599730.0,113558153.0,117340375.0,122273860.0
2011-07-06,118426357.0,113281110.0,117025846.0,122284844.0
2011-07-07,118475006.0,113350597.0,117103477.0,122295862.0
2011-07-08,118035463.0,112669256.0,116331406.0,122306879.0
2011-07-11,118103245.0,112752563.0,116422664.0,122339932.0
2011-07-12,118670442.0,113592163.0,117371821.0,122350949.0
2011-07-13,118312049.0,113026306.0,116730442.0,122361966.0
2011-07-14,118181844.0,112816622.0,116492139.0,122372984.0
2011-07-15,118168820.0,112789842.0,116460826.0,122384001.0
2011-07-18,118357952.0,113065700.0,116769990.0,122417054.0
2011-07-19,118289418.0,112952277.0,116640624.0,122428071.0
2011-07-20,118016350.0,112530779.0,116162613.0,122439089.0
2011-07-21,117975658.0,112465484.0,116087714.0,122450106.0
2011-07-22,117804122.0,112207638.0,115794906.0,122461123.0
2011-07-25,118101013.0,112627914.0,116267507.0,122494176.0
2011-07-26,117772400.0,112138988.0,115713190.0,122505193.0
2011-07-27,117705567.0,112035173.0,115594697.0,122516211.0
2011-07-28,117821985.0,112200942.0,115781289.0,122527228.0
2011-07-29,118010399.0,112472626.0,116087743.0,122538246.0
2011-08-01,117738605.0,112083762.0,115649453.0,122518742.0
2011-08-02,117763405.0,112114735.0,115683496.0,122529785.0
2011-08-03,118396708.0,113040879.0,116730591.0,122540829.0
2011-08-04,118486947.0,113168119.0,116873578.0,122551872.0
2011-08-05,118857857.0,113718893.0,117495872.0,122562916.0
2011-08-08,119798287.0,115178765.0,119144963.0,122596046.0
2011-08-09,120121171.0,115719959.0,119756416.0,122607090.0
2011-08-10,119688427.0,114942371.0,118875421.0,122618133.0
2011-08-11,119792112.0,115117773.0,119072912.0,122629177.0
2011-08-12,119619449.0,114802230.0,118714808.0,122640220.0
2011-08-16,119175692.0,113992453.0,117794358.0,122684394.0
2011-08-17,119268760.0,114138975.0,117959166.0,122695437.0
2011-08-18,119420087.0,114381771.0,118232925.0,122706481.0
2011-08-19,120198032.0,115673934.0,119694240.0,122717524.0
2011-08-22,120021420.0,115333752.0,119306234.0,122750655.0
2011-08-23,119713260.0,114777483.0,118675703.0,122761698.0
2011-08-24,119947027.0,115183973.0,119134712.0,122772742.0
2011-08-25,120180799.0,115590471.0,119593732.0,122783785.0
2011-08-26,119937663.0,115149722.0,119093933.0,122794829.0
2011-08-29,119525625.0,114405110.0,118248238.0,122827959.0
2011-08-30,119391677.0,114176151.0,117988120.0,122839003.0
2011-08-31,119118062.0,113716105.0,117466484.0,122850046.0
2011-09-01,118767400.0,113178557.0,116861955.0,122808368.0
2011-09-02,118879041.0,113344301.0,117048515.0,122819438.0
2011-09-05,119257828.0,113908928.0,117684470.0,122852545.0
2011-09-06,119636177.0,114498220.0,118350356.0,122863581.0
2011-09-07,119461574.0,114201942.0,118014053.0,122874617.0
2011-09-08,119659442.0,114521722.0,118374935.0,122885653.0
2011-09-09,119793295.0,114735621.0,118615994.0,122896689.0
2011-09-14,121574785.0,117682384.0,121945765.0,122951869.0
2011-09-15,121977320.0,118512445.0,122884124.0,122962905.0
2011-09-16,121814853.0,118139165.0,122460681.0,122973941.0
2011-09-19,122884189.0,120504316.0,125134265.0,123007048.0
2011-09-20,123286791.0,121604016.0,126377773.0,123018084.0
2011-09-21,123344494.0,121750629.0,126542685.0,123029120.0
2011-09-22,124330365.0,124631453.0,129801866.0,123040156.0
2011-09-23,123957307.0,123305080.0,128299819.0,123051192.0
2011-09-26,124799667.0,126180861.0,131551276.0,123084300.0
2011-09-27,124254662.0,123997552.0,129079447.0,123095336.0
2011-09-28,124203658.0,123816846.0,128873936.0,123106372.0
2011-09-29,124283038.0,124040522.0,129126058.0,123117408.0
2011-09-30,124433619.0,124485654.0,129628800.0,123128444.0
2011-10-04,124907703.0,126014091.0,131359603.0,123116498.0
2011-10-05,124829764.0,125669833.0,130969000.0,123127561.0
2011-10-06,124860436.0,125758714.0,131068575.0,123138625.0
2011-10-07,124554687.0,124528891.0,129675790.0,123149688.0
2011-10-10,124381540.0,123852170.0,128906921.0,123182879.0
2011-10-11,124176455.0,123190207.0,128156776.0,123193943.0
2011-10-12,124252792.0,123404207.0,128397945.0,123205006.0
2011-10-13,123918583.0,122366801.0,127222917.0,123216070.0
2011-10-14,123929968.0,122378643.0,127235308.0,123227134.0
2011-10-17,123393588.0,120893160.0,125551174.0,123260325.0
2011-10-18,123621713.0,121386321.0,126108270.0,123271354.0
2011-10-19,123026491.0,120069643.0,124617195.0,123282384.0
2011-10-20,123655752.0,121332963.0,126045869.0,123293414.0
2011-10-21,123767974.0,121566214.0,126308828.0,123304444.0
2011-10-24,123217387.0,120321265.0,124896913.0,123337534.0
2011-10-25,122967508.0,119803570.0,124310037.0,123348564.0
2011-10-26,123131113.0,120123465.0,124671050.0,123359594.0
2011-10-27,122308333.0,118479316.0,122809381.0,123370623.0
2011-10-28,121729604.0,117489821.0,121688575.0,123381653.0
2011-10-31,122053442.0,117987332.0,122248578.0,123414743.0
2011-11-01,122267899.0,118365243.0,122679599.0,123378144.0
2011-11-02,122734339.0,119118196.0,123530695.0,123389198.0
2011-11-03,123184925.0,119900041.0,124414490.0,123400251.0
2011-11-04,122189759.0,118054117.0,122324472.0,123411304.0
2011-11-07,122554787.0,118657433.0,123004206.0,123444464.0
2011-11-08,122790256.0,119054275.0,123452298.0,123455518.0
2011-11-09,122594889.0,118709915.0,123061581.0,123466571.0
2011-11-10,123532353.0,120329298.0,124893204.0,123477624.0
2011-11-11,123150824.0,119609518.0,124077628.0,123488678.0
2011-11-14,122989097.0,119279144.0,123700720.0,123521838.0
2011-11-15,123145565.0,119560503.0,124018120.0,123532891.0
2011-11-16,123686594.0,120573509.0,125163515.0,123543944.0
2011-11-17,123412998.0,120007709.0,124522203.0,123554930.0
2011-11-18,123809473.0,120799313.0,125417047.0,123565916.0
2011-11-21,123915386.0,120979186.0,125617595.0,123598873.0
2011-11-22,124132195.0,121424246.0,126120260.0,123609859.0
2011-11-23,124429840.0,122071495.0,126851739.0,123620845.0
2011-11-24,124710158.0,122699502.0,127561443.0,123631830.0
2011-11-25,124955965.0,123308268.0,128249371.0,123642816.0
2011-11-28,124611732.0,122303977.0,127109817.0,123675773.0
2011-11-29,124299112.0,121449274.0,126141557.0,123686759.0
2011-11-30,124203886.0,121220394.0,125881533.0,123697745.0
2011-12-01,123429521.0,119585272.0,124034736.0,123657820.0
2011-12-02,123715524.0,120107227.0,124624419.0,123668831.0
2011-12-05,123646796.0,119950161.0,124443652.0,123701863.0
2011-12-06,123725744.0,120087111.0,124597630.0,123712873.0
2011-12-07,123468036.0,119598380.0,124043534.0,123723884.0
2011-12-08,123748982.0,120110743.0,124622362.0,123734894.0
2011-12-09,124520152.0,121566478.0,126268791.0,123745905.0
2011-12-12,124559103.0,121611602.0,126316840.0,123778937.0
2011-12-13,124874297.0,122297293.0,127091821.0,123789948.0
2011-12-14,124968253.0,122511293.0,127332997.0,123800958.0
2011-12-15,125242448.0,123168129.0,128075323.0,123811969.0
2011-12-16,125077514.0,122746771.0,127597471.0,123822980.0
2011-12-19,125717942.0,124313030.0,129366968.0,123856011.0
2011-12-20,125327927.0,123102229.0,127995714.0,123867022.0
2011-12-21,124818712.0,121708480.0,126417422.0,123878033.0
2011-12-22,125159820.0,122529025.0,127345015.0,123889043.0
2011-12-23,124939790.0,121972840.0,126714583.0,123900054.0
2011-12-26,125143081.0,122422355.0,127220274.0,123933086.0
2011-12-27,125299805.0,122790435.0,127635819.0,123944096.0
2011-12-28,125197505.0,122523067.0,127332236.0,123955107.0
2011-12-29,125040256.0,122120897.0,126876101.0,123966118.0
2012-01-02,125191823.0,122503949.0,127310518.0,123956014.0
2012-01-03,125003279.0,122024904.0,126767378.0,123967086.0
2012-01-04,124924588.0,121815363.0,126529231.0,123978157.0
2012-01-05,125093078.0,122212229.0,126977348.0,123989228.0
2012-01-06,125500910.0,123196271.0,128089964.0,124000299.0
2012-01-09,125542524.0,123270349.0,128170762.0,124033512.0
2012-01-10,125301597.0,122589127.0,127398821.0,124044584.0
2012-01-11,125386743.0,122803129.0,127639993.0,124055655.0
2012-01-12,125377221.0,122757225.0,127587032.0,124066726.0
2012-01-13,125029451.0,121806435.0,126510024.0,124077797.0
2012-01-16,125303451.0,122429197.0,127211760.0,124111010.0
2012-01-17,124950028.0,121545749.0,126210963.0,124122082.0
2012-01-18,124803784.0,121191762.0,125809352.0,124133119.0
2012-01-19,124606759.0,120741493.0,125298783.0,124144122.0
2012-01-20,124483706.0,120474130.0,124995208.0,124155125.0
2012-01-25,124108883.0,119676381.0,124087379.0,124210141.0
2012-01-26,123912908.0,119303083.0,123663917.0,124221144.0
2012-01-27,123981633.0,119420801.0,123796131.0,124232148.0
2012-01-30,124213766.0,119822110.0,124247271.0,124265157.0
2012-01-31,124012643.0,119439165.0,123812892.0,124276161.0
2012-02-01,124141369.0,119720054.0,124134425.0,124236167.0
2012-02-02,123737972.0,118961841.0,123275358.0,124247195.0
2012-02-03,123739234.0,118954396.0,123265928.0,124258189.0
2012-02-06,123888297.0,119201583.0,123542652.0,124291171.0
2012-02-07,123785790.0,119001622.0,123315355.0,124302165.0
2012-02-08,123633213.0,118724648.0,123000903.0,124313159.0
2012-02-09,123627996.0,118707571.0,122980575.0,124324119.0
2012-02-10,124094416.0,119499096.0,123875332.0,124335079.0
2012-02-13,124005950.0,119322741.0,123672750.0,124367959.0
2012-02-14,124124304.0,119517455.0,123892104.0,124378919.0
2012-02-15,123995627.0,119288597.0,123632106.0,124389879.0
2012-02-16,124576932.0,120291971.0,124766610.0,124400839.0
2012-02-17,124256463.0,119687664.0,124081722.0,124411799.0
2012-02-20,124166811.0,119492046.0,123857340.0,124444679.0
2012-02-21,124126547.0,119407583.0,123760753.0,124455639.0
2012-02-22,124309426.0,119737099.0,124132661.0,124466599.0
2012-02-23,124471551.0,120028113.0,124460995.0,124477559.0
2012-02-24,124311930.0,119722215.0,124113814.0,124488519.0
2012-02-27,124502513.0,120046496.0,124477794.0,124521399.0
2012-02-28,124270246.0,119605794.0,123978053.0,124532393.0
2012-02-29,123975715.0,119049547.0,123347548.0,124543422.0
2012-03-02,123784697.0,118735723.0,122995016.0,124514764.0
2012-03-05,123971422.0,119031048.0,123326201.0,124547922.0
2012-03-06,124224576.0,119456767.0,123806972.0,124558975.0
2012-03-07,124337371.0,119641851.0,124015419.0,124570028.0
2012-03-08,123978544.0,119018362.0,123308816.0,124581081.0
2012-03-09,123956588.0,118972420.0,123255814.0,124592134.0
2012-03-12,124323057.0,119575817.0,123935640.0,124625292.0
2012-03-13,124188805.0,119337351.0,123664761.0,124636345.0
2012-03-14,124453212.0,119782363.0,124167367.0,124647398.0
2012-03-15,124546140.0,119948213.0,124354047.0,124658450.0
2012-03-16,124454044.0,119767503.0,124148530.0,124669503.0
2012-03-19,124286718.0,119427518.0,123760744.0,124702662.0
2012-03-20,124428131.0,119680018.0,124045484.0,124713715.0
2012-03-21,124673333.0,120125068.0,124548132.0,124724767.0
2012-03-22,124674640.0,120117641.0,124538717.0,124735820.0
2012-03-23,124987312.0,120687863.0,125183020.0,124746873.0
2012-03-26,125325114.0,121301044.0,125873909.0,124780134.0
2012-03-27,124979298.0,120590795.0,125069116.0,124791221.0
2012-03-28,125048156.0,120718167.0,125212249.0,124802308.0
2012-03-29,125121782.0,120855171.0,125366281.0,124813395.0
2012-03-30,124942782.0,120481881.0,124942821.0,124824482.0
2012-04-02,124689654.0,119986916.0,124384463.0,124804924.0
2012-04-03,124394110.0,119401974.0,123721477.0,124816036.0
2012-04-04,124812200.0,120145338.0,124561716.0,124827149.0
2012-04-05,124700946.0,119935783.0,124323551.0,124838262.0
2012-04-06,124942643.0,120361520.0,124804336.0,124849375.0
2012-04-09,125297463.0,120993834.0,125516881.0,124882610.0
2012-04-10,125371077.0,121130815.0,125670888.0,124893689.0
2012-04-12,125432530.0,121231510.0,125782819.0,124915846.0
2012-04-13,125163028.0,120675394.0,125152457.0,124926925.0
2012-04-16,125360049.0,121038217.0,125560023.0,124960160.0
2012-04-17,125462262.0,121232969.0,125779409.0,124971239.0
2012-04-18,125316656.0,120927123.0,125432275.0,124982318.0
2012-04-19,125361681.0,121006354.0,125520927.0,124993396.0
2012-04-20,125430536.0,121133721.0,125664055.0,125004475.0
2012-04-23,125455999.0,121149997.0,125679437.0,125037710.0
2012-04-24,125524858.0,121277371.0,125822573.0,125048789.0
2012-04-25,125555588.0,121327727.0,125878547.0,125059868.0
2012-04-26,125319411.0,120838927.0,125324366.0,125070946.0
2012-04-27,125278646.0,120744860.0,125216900.0,125082025.0
2012-04-30,125051482.0,120250827.0,124654773.0,125115260.0
2012-05-02,124914725.0,120004318.0,124378456.0,125086214.0
2012-05-03,124993108.0,120150907.0,124543334.0,125097317.0
2012-05-04,125109613.0,120374503.0,124795360.0,125108421.0
2012-05-07,125473437.0,121074198.0,125584152.0,125141731.0
2012-05-08,125342159.0,120797266.0,125269738.0,125152835.0
2012-05-09,125577805.0,121261532.0,125794126.0,125163938.0
2012-05-10,125684793.0,121465902.0,126024395.0,125175042.0
2012-05-11,125878394.0,121862802.0,126472546.0,125186145.0
2012-05-14,126013222.0,122119777.0,126760318.0,125219456.0
2012-05-15,126233383.0,122593714.0,127295652.0,125230560.0
2012-05-16,126727038.0,123712654.0,128560927.0,125241663.0
2012-05-17,126636915.0,123445350.0,128257408.0,125252767.0
2012-05-18,126983389.0,124400665.0,129337511.0,125263870.0
2012-05-21,126888096.0,124031970.0,128917220.0,125297181.0
2012-05-22,126710332.0,123485461.0,128297728.0,125308284.0
2012-05-23,127054158.0,124421573.0,129356100.0,125319388.0
2012-05-24,127297652.0,125155527.0,130185691.0,125330492.0
2012-05-25,127452039.0,125639176.0,130732016.0,125341595.0
2012-05-29,127200006.0,124618045.0,129572357.0,125386009.0
2012-05-30,127249104.0,124764727.0,129737340.0,125397113.0
2012-05-31,127365336.0,125152120.0,130174733.0,125408216.0
2012-06-01,127268071.0,124893567.0,129885806.0,125368021.0
2012-06-04,127410004.0,125314267.0,130358855.0,125401407.0
2012-06-05,127367843.0,125133650.0,130153436.0,125412536.0
2012-06-07,127144719.0,124310359.0,129219696.0,125434793.0
2012-06-08,127276124.0,124688033.0,129646088.0,125445921.0
2012-06-11,127001573.0,123780324.0,128615795.0,125479307.0
2012-06-12,127155131.0,124225394.0,129118458.0,125490436.0
2012-06-13,127097270.0,124025495.0,128891218.0,125501564.0
2012-06-14,127039407.0,123825592.0,128663974.0,125512693.0
2012-06-15,127025721.0,123760459.0,128589247.0,125523821.0
2012-06-18,126772772.0,122948919.0,127667788.0,125557207.0
2012-06-19,126751633.0,122874146.0,127582151.0,125568336.0
2012-06-20,126557238.0,122366144.0,127006236.0,125579464.0
2012-06-21,126589371.0,122426146.0,127073123.0,125590593.0
2012-06-22,126810562.0,122929015.0,127641195.0,125601721.0
2012-06-25,127034523.0,123407510.0,128179652.0,125635107.0
2012-06-26,126906477.0,123092039.0,127821620.0,125646235.0
2012-06-27,126823626.0,122882468.0,127583435.0,125657364.0
2012-06-28,126748991.0,122692149.0,127367037.0,125668493.0
2012-06-29,126394943.0,121847107.0,126409697.0,125679621.0
2012-07-02,126407572.0,121910513.0,126483257.0,125659879.0
2012-07-03,126084838.0,121161971.0,125635123.0,125671034.0
2012-07-04,125967326.0,120923564.0,125364302.0,125682188.0
2012-07-05,125933404.0,120848787.0,125278658.0,125693342.0
2012-07-06,126082071.0,121120533.0,125585170.0,125704497.0
2012-07-09,126269499.0,121444880.0,125949172.0,125737960.0
2012-07-10,126408034.0,121697392.0,126233917.0,125749115.0
2012-07-11,126272763.0,121430093.0,125930400.0,125760269.0
2012-07-12,126806467.0,122452631.0,127086658.0,125770494.0
2012-07-13,126757947.0,122339266.0,126957436.0,125780650.0
2012-07-16,126626149.0,122028034.0,126602436.0,125811118.0
2012-07-17,126476636.0,121702865.0,126233521.0,125821240.0
2012-07-18,126437248.0,121608732.0,126126071.0,125831327.0
2012-07-19,126283099.0,121273918.0,125746247.0,125841380.0
2012-07-20,126385946.0,121478215.0,125976532.0,125851398.0
2012-07-23,126653131.0,122004474.0,126569356.0,125881350.0
2012-07-24,126636630.0,121958467.0,126516378.0,125891334.0
2012-07-25,126877142.0,122451607.0,127073549.0,125901284.0
2012-07-26,126686204.0,122039743.0,126606540.0,125911233.0
2012-07-27,126297913.0,121213874.0,125671002.0,125921217.0
2012-07-30,126285114.0,121152842.0,125599197.0,125951169.0
2012-07-31,125960385.0,120480980.0,124837947.0,125961153.0
2012-08-01,125718251.0,120078386.0,124385804.0,125923203.0
2012-08-02,126012841.0,120581020.0,124953714.0,125933208.0
2012-08-03,126190805.0,120881529.0,125292883.0,125943213.0
2012-08-06,125885621.0,120329601.0,124665530.0,125973227.0
2012-08-07,125880209.0,120312465.0,124645224.0,125983232.0
2012-08-08,125858127.0,120266452.0,124592237.0,125993237.0
2012-08-09,125708229.0,119999036.0,124288692.0,126003242.0
2012-08-10,125986232.0,120472834.0,124823968.0,126013247.0
2012-08-13,126042245.0,120546573.0,124904676.0,126043261.0
2012-08-14,125964587.0,120404292.0,124742744.0,126053266.0
2012-08-16,126220560.0,120832115.0,125225071.0,126073345.0
2012-08-17,126242956.0,120863121.0,125259242.0,126083384.0
2012-08-20,126326820.0,120985024.0,125394447.0,126113502.0
2012-08-21,126087980.0,120563542.0,124916548.0,126123507.0
2012-08-22,126360448.0,121027777.0,125441005.0,126133478.0
2012-08-23,126066006.0,120510008.0,124854141.0,126143448.0
2012-08-24,126271782.0,120858720.0,125247863.0,126153418.0
2012-08-27,126361104.0,120990240.0,125393970.0,126183329.0
2012-08-28,126429124.0,121117523.0,125537106.0,126193265.0
2012-08-29,126267729.0,120801909.0,125179023.0,126203201.0
2012-08-30,126304199.0,120861791.0,125245885.0,126213103.0
2012-08-31,126345724.0,120931299.0,125323645.0,126222969.0
2012-09-03,126146722.0,120570577.0,124917351.0,126201847.0
2012-09-04,126259258.0,120774821.0,125147587.0,126211736.0
2012-09-05,126412376.0,121056072.0,125464973.0,126221625.0
2012-09-06,126306804.0,120846425.0,125226814.0,126231514.0
2012-09-07,126135286.0,120511639.0,124847038.0,126241402.0
2012-09-10,126102556.0,120421698.0,124742552.0,126270965.0
2012-09-11,126052754.0,120317917.0,124624203.0,126280819.0
2012-09-12,125957364.0,120146749.0,124429595.0,126290673.0
2012-09-13,126074303.0,120341378.0,124648953.0,126300527.0
2012-09-14,125446158.0,119265321.0,123430294.0,126310381.0
2012-09-17,125389010.0,119156078.0,123303964.0,126339943.0
2012-09-18,125533786.0,119379584.0,123556006.0,126349763.0
2012-09-19,125326632.0,119044728.0,123176160.0,126359548.0
2012-09-20,125835435.0,119845855.0,124081894.0,126369298.0
2012-09-21,125591858.0,119453230.0,123636675.0,126379049.0
2012-09-24,125698459.0,119603898.0,123804510.0,126408300.0
2012-09-25,125630824.0,119490450.0,123675235.0,126418016.0
2012-09-26,125745211.0,119665827.0,123872823.0,126427697.0
2012-09-27,125453040.0,119196146.0,123340406.0,126437378.0
2012-09-28,125166915.0,118736078.0,122818872.0,126447025.0
2012-10-02,125229830.0,118840937.0,122938006.0,126441912.0
2012-10-04,125319003.0,118970213.0,123082540.0,126461242.0
2012-10-05,125172487.0,118731647.0,122811675.0,126470907.0
2012-10-08,125230366.0,118805232.0,122892311.0,126499798.0
2012-10-09,125156631.0,118682162.0,122752155.0,126509428.0
2012-10-10,125398385.0,119059648.0,123178470.0,126519059.0
2012-10-11,125385037.0,119032783.0,123147244.0,126528066.0
2012-10-12,125201759.0,118736370.0,122810985.0,126536968.0
2012-10-15,125173699.0,118674984.0,122739074.0,126563677.0
2012-10-16,124968276.0,118359300.0,122381006.0,126572580.0
2012-10-17,124861024.0,118197640.0,122197244.0,126581483.0
2012-10-18,124786673.0,118084110.0,122067950.0,126590386.0
2012-10-19,124725457.0,117989832.0,121960444.0,126599289.0
2012-10-22,124797981.0,118082454.0,122062823.0,126625997.0
2012-10-23,124730179.0,117978541.0,121944416.0,126634866.0
2012-10-24,124767477.0,118028668.0,122000333.0,126643734.0
2012-10-25,124407241.0,117510758.0,121413413.0,126652568.0
2012-10-26,124326431.0,117397204.0,121284099.0,126661401.0
2012-10-29,124253897.0,117287602.0,121157643.0,126687902.0
2012-10-30,123939037.0,116875566.0,120690540.0,126696736.0
2012-10-31,123879943.0,116800512.0,120604796.0,126705569.0
2012-11-01,123987616.0,116947286.0,120773924.0,126672439.0
2012-11-02,123881682.0,116814508.0,120622853.0,126681289.0
2012-11-05,123916037.0,116849312.0,120659815.0,126707838.0
2012-11-06,123880533.0,116803159.0,120606776.0,126716688.0
2012-11-07,123469368.0,116294962.0,120030847.0,126725537.0
2012-11-08,123778216.0,116672346.0,120457119.0,126734387.0
2012-11-09,123648791.0,116510676.0,120273351.0,126743237.0
2012-11-12,123737927.0,116612858.0,120386562.0,126769786.0
2012-11-13,123843298.0,116739976.0,120529612.0,126778636.0
2012-11-14,123455582.0,116260619.0,119986321.0,126787486.0
2012-11-15,123600087.0,116435870.0,120183842.0,126796335.0
2012-11-16,124034194.0,116967318.0,120784466.0,126805185.0
2012-11-19,123638058.0,116472637.0,120222216.0,126831734.0
2012-11-20,123251176.0,116012499.0,119700676.0,126840584.0
2012-11-21,123340074.0,116110739.0,119811045.0,126849434.0
2012-11-22,123575018.0,116372649.0,120106636.0,126858283.0
2012-11-23,123595327.0,116393875.0,120129848.0,126867133.0
2012-11-26,123553225.0,116342020.0,120068739.0,126893682.0
2012-11-27,123436159.0,116209198.0,119917617.0,126902532.0
2012-11-28,123645360.0,116442241.0,120180541.0,126911382.0
2012-11-29,123442430.0,116213135.0,119920456.0,126920231.0
2012-11-30,123342531.0,116099564.0,119791120.0,126929081.0
2012-12-03,123352232.0,116114998.0,119810145.0,126912019.0
2012-12-04,123381125.0,116145845.0,119844245.0,126920885.0
2012-12-05,123221173.0,115964932.0,119638698.0,126929752.0
2012-12-06,123353072.0,116111286.0,119803515.0,126938618.0
2012-12-07,123244638.0,115988130.0,119663324.0,126947554.0
2012-12-10,123022355.0,115734166.0,119373458.0,126974466.0
2012-12-11,122828075.0,115514742.0,119124319.0,126983437.0
2012-12-12,122685307.0,115353074.0,118940538.0,126992443.0
2012-12-13,122502079.0,115162523.0,118724071.0,127001448.0
2012-12-14,122654178.0,115318519.0,118899788.0,127010454.0
2012-12-17,122465966.0,115122284.0,118675242.0,127037470.0
2012-12-18,122496675.0,115153137.0,118709336.0,127046476.0
2012-12-20,122679583.0,115339998.0,118919159.0,127064487.0
2012-12-21,122644879.0,115303465.0,118876992.0,127073493.0
2012-12-24,122643562.0,115299763.0,118870333.0,127100509.0
2012-12-26,122555457.0,115207436.0,118764202.0,127118520.0
2012-12-27,122464673.0,115113131.0,118656657.0,127127526.0
2012-12-28,122317811.0,114961058.0,118483734.0,127136531.0
2013-01-02,121639914.0,114278204.0,117710636.0,127140050.0
2013-01-03,121439908.0,114087660.0,117494179.0,127149037.0
2013-01-04,121654290.0,114291757.0,117724332.0,127158024.0
2013-01-07,121670923.0,114307265.0,117739428.0,127184880.0
2013-01-08,121602361.0,114241845.0,117664575.0,127193832.0
2013-01-09,121473164.0,114118667.0,117524358.0,127202784.0
2013-01-10,121343965.0,113995486.0,117384138.0,127211736.0
2013-01-11,120755609.0,113448742.0,116764584.0,127220618.0
2013-01-14,120912726.0,113589348.0,116921271.0,127247265.0
2013-01-15,120957884.0,113629801.0,116966239.0,127256148.0
2013-01-16,121198674.0,113843536.0,117207309.0,127265030.0
2013-01-17,121135152.0,113787724.0,117143336.0,127273913.0
2013-01-18,121039023.0,113703030.0,117046677.0,127282795.0
2013-01-21,121663613.0,114257627.0,117671873.0,127309442.0
2013-01-22,121600092.0,114201816.0,117607901.0,127318325.0
2013-01-23,122011059.0,114579241.0,118034216.0,127327207.0
2013-01-24,122265913.0,114821885.0,118308004.0,127336054.0
2013-01-25,122839593.0,115382248.0,118941351.0,127344902.0
2013-01-28,124593524.0,117217459.0,121015810.0,127371445.0
2013-01-29,123721165.0,116160348.0,119818683.0,127380292.0
2013-01-30,123981915.0,116451166.0,120146989.0,127389140.0
2013-01-31,124285709.0,116790132.0,120529784.0,127397987.0
2013-02-01,124985173.0,117591673.0,121439823.0,127365750.0
2013-02-04,123994437.0,116365567.0,120049826.0,127392340.0
2013-02-05,124185913.0,116598561.0,120312692.0,127401203.0
2013-02-06,124275654.0,116706424.0,120433949.0,127410066.0
2013-02-07,124294961.0,116727656.0,120457167.0,127418930.0
2013-02-08,124877763.0,117441961.0,121264727.0,127427793.0
2013-02-12,124508901.0,116978219.0,120736677.0,127463246.0
2013-02-13,124199488.0,116595141.0,120302343.0,127472109.0
2013-02-14,123968326.0,116308317.0,119976942.0,127480938.0
2013-02-15,123526661.0,115780818.0,119379172.0,127489766.0
2013-02-18,123862440.0,116152547.0,119797432.0,127516251.0
2013-02-19,123788291.0,116067873.0,119700801.0,127525079.0
2013-02-20,123559524.0,115809906.0,119408057.0,127533908.0
2013-02-21,124224101.0,116553182.0,120248405.0,127542736.0
2013-02-22,124098413.0,116410744.0,120086404.0,127551564.0
2013-02-25,124245339.0,116570710.0,120265015.0,127578050.0
2013-02-26,124394529.0,116736356.0,120451671.0,127586843.0
2013-02-27,124088428.0,116391721.0,120060849.0,127595636.0
2013-02-28,123971312.0,116258897.0,119909731.0,127604430.0
2013-03-04,124829004.0,117239387.0,121019978.0,127597430.0
2013-03-05,124347454.0,116644596.0,120346056.0,127606240.0
2013-03-06,123991879.0,116223051.0,119868194.0,127615049.0
2013-03-07,124381418.0,116658174.0,120359812.0,127623859.0
2013-03-08,124659409.0,116968173.0,120709828.0,127632668.0
2013-03-11,125040376.0,117407283.0,121204348.0,127659097.0
2013-03-12,125075326.0,117447768.0,121249363.0,127667871.0
2013-03-13,125251154.0,117661527.0,121490469.0,127676646.0
2013-03-14,126147600.0,118780165.0,122755616.0,127685420.0
2013-03-15,126233618.0,118907305.0,122898696.0,127694195.0
2013-03-18,126529454.0,119327248.0,123371535.0,127720518.0
2013-03-19,126336861.0,119040444.0,123046161.0,127729293.0
2013-03-20,126636917.0,119475656.0,123537883.0,127738067.0
2013-03-21,126615109.0,119439151.0,123495770.0,127746842.0
2013-03-22,126845964.0,119787733.0,123889453.0,127755616.0
2013-03-25,126344540.0,118975417.0,122967761.0,127781940.0
2013-03-26,126029759.0,118486407.0,122413554.0,127790714.0
2013-03-27,126422030.0,119056435.0,123057844.0,127799489.0
2013-03-28,126498810.0,119164339.0,123179157.0,127808263.0
2013-03-29,126398086.0,119012293.0,123006286.0,127817038.0
2013-04-01,126636929.0,119365869.0,123407478.0,127805488.0
2013-04-02,126851719.0,119675886.0,123757518.0,127814277.0
2013-04-03,126823317.0,119629764.0,123704523.0,127823031.0
2013-04-04,127231617.0,120238182.0,124392261.0,127831784.0
2013-04-05,127711609.0,121010249.0,125265199.0,127840538.0
2013-04-08,128179004.0,121815269.0,126173830.0,127866800.0
2013-04-09,128148944.0,121749915.0,126099070.0,127875553.0
2013-04-10,127966698.0,121395773.0,125697492.0,127884307.0
2013-04-11,127637315.0,120762456.0,124979979.0,127893026.0
2013-04-12,127642740.0,120764470.0,124981462.0,127901745.0
2013-04-15,127212547.0,119942611.0,124048985.0,127927901.0
2013-04-16,126911852.0,119434392.0,123473044.0,127936620.0
2013-04-17,127117261.0,119754081.0,123834035.0,127945339.0
2013-04-18,127456540.0,120285573.0,124434721.0,127954057.0
2013-04-19,126993001.0,119546289.0,123597286.0,127962776.0
2013-04-22,127171531.0,119812233.0,123895861.0,127988933.0
2013-04-23,127285784.0,119987533.0,124093449.0,127997651.0
2013-04-24,127102005.0,119691079.0,123757160.0,128006370.0
2013-04-25,126766145.0,119153920.0,123148472.0,128015054.0
2013-04-26,126783077.0,119175172.0,123171725.0,128023773.0
2013-04-29,126477093.0,118690131.0,122620412.0,128050034.0
2013-04-30,126086130.0,118114428.0,121968094.0,128058823.0
2013-05-02,126098064.0,118147411.0,122007625.0,128034680.0
2013-05-03,125796025.0,117716264.0,121518897.0,128043485.0
2013-05-06,125623897.0,117471967.0,121240016.0,128069898.0
2013-05-07,125392993.0,117175554.0,120903766.0,128078703.0
2013-05-08,125011347.0,116705869.0,120371425.0,128087507.0
2013-05-09,125368649.0,117140979.0,120863067.0,128095891.0
2013-05-10,126544079.0,118596468.0,122509458.0,128104275.0
2013-05-13,126943362.0,119141428.0,123123885.0,128129426.0
2013-05-14,126611657.0,118652440.0,122569738.0,128137809.0
2013-05-15,127136480.0,119414906.0,123431844.0,128146193.0
2013-05-16,127265986.0,119599783.0,123640301.0,128154577.0
2013-05-20,127309621.0,119646176.0,123689739.0,128188111.0
2013-05-21,126905413.0,119051256.0,123015710.0,128196495.0
2013-05-22,127133763.0,119380552.0,123387604.0,128204878.0
2013-05-23,128086154.0,120797761.0,124990675.0,128213262.0
2013-05-24,128018595.0,120674586.0,124850513.0,128221646.0
2013-05-27,127754552.0,120199138.0,124310157.0,128246797.0
2013-05-28,128010503.0,120634376.0,124801944.0,128255180.0
2013-05-29,128350128.0,121214046.0,125457182.0,128263564.0
2013-05-30,128048290.0,120686482.0,124859379.0,128271948.0
2013-05-31,128181535.0,120909916.0,125111470.0,128280331.0
2013-06-03,128079723.0,120742343.0,124923343.0,128263779.0
2013-06-04,127761270.0,120186058.0,124293035.0,128272177.0
2013-06-05,127399160.0,119572007.0,123597355.0,128280576.0
2013-06-07,127487457.0,119701089.0,123741900.0,128297373.0
2013-06-10,128111571.0,120688868.0,124857454.0,128322569.0
2013-06-11,128490156.0,121335804.0,125588816.0,128330968.0
2013-06-12,128472813.0,121299292.0,125546728.0,128339366.0
2013-06-13,128522390.0,121378295.0,125635368.0,128347765.0
2013-06-14,128086796.0,120619800.0,124776222.0,128356164.0
2013-06-17,128084942.0,120596875.0,124747976.0,128381360.0
2013-06-18,128363170.0,121070576.0,125283289.0,128389758.0
2013-06-19,128351401.0,121043685.0,125252090.0,128398157.0
2013-06-20,129166982.0,122480108.0,126876903.0,128406556.0
2013-06-21,129575681.0,123348563.0,127858951.0,128414989.0
2013-06-24,129868675.0,123999649.0,128593475.0,128440185.0
2013-06-25,129825259.0,123886140.0,128464250.0,128448584.0
2013-06-26,129596925.0,123339382.0,127844724.0,128456982.0
2013-06-27,129405570.0,122879261.0,127323245.0,128465381.0
2013-06-28,129084711.0,122139922.0,126485776.0,128473780.0
2013-07-01,128626334.0,121213002.0,125437801.0,128462755.0
2013-07-02,128713025.0,121369002.0,125613576.0,128471167.0
2013-07-03,129212237.0,122304671.0,126671691.0,128479579.0
2013-07-04,128998560.0,121892777.0,126204787.0,128487990.0
2013-07-05,129151516.0,122173924.0,126522189.0,128496402.0
2013-07-08,129666596.0,123142540.0,127616053.0,128521637.0
2013-07-09,129183540.0,122124186.0,126462828.0,128530049.0
2013-07-10,128907266.0,121558243.0,125821589.0,128538460.0
2013-07-11,128205049.0,120241434.0,124330605.0,128546872.0
2013-07-12,128343830.0,120474452.0,124593540.0,128555284.0
2013-07-15,128219330.0,120239741.0,124325615.0,128580519.0
2013-07-16,127991394.0,119856650.0,123891308.0,128588930.0
2013-07-17,128214324.0,120205200.0,124284989.0,128597342.0
2013-07-18,128504024.0,120659656.0,124798521.0,128605754.0
2013-07-19,128229720.0,120218787.0,124298834.0,128614095.0
2013-07-22,128073863.0,119955146.0,123998189.0,128639119.0
2013-07-23,127963284.0,119774195.0,123792647.0,128647460.0
2013-07-24,127707135.0,119362172.0,123325607.0,128655766.0
2013-07-25,127917961.0,119691481.0,123697523.0,128664072.0
2013-07-26,127619353.0,119212053.0,123154201.0,128672378.0
2013-07-29,127596841.0,119160169.0,123093208.0,128697297.0
2013-07-30,127801612.0,119479865.0,123454246.0,128705603.0
2013-07-31,128394553.0,120415789.0,124512659.0,128713909.0
2013-08-01,128375709.0,120408277.0,124507050.0,128682258.0
2013-08-02,128386415.0,120419881.0,124519421.0,128690578.0
2013-08-05,127806118.0,119482498.0,123456317.0,128715539.0
2013-08-06,127913835.0,119648104.0,123642971.0,128723860.0
2013-08-07,128112509.0,119958104.0,123993033.0,128732180.0
2013-08-08,127771516.0,119411394.0,123373569.0,128740500.0
2013-08-09,127727642.0,119336352.0,123287885.0,128748820.0
2013-08-12,127832506.0,119486648.0,123455692.0,128773781.0
2013-08-13,127934167.0,119642641.0,123631467.0,128782101.0
2013-08-14,128144984.0,119971916.0,124003343.0,128790422.0
2013-08-16,127844986.0,119484893.0,123450665.0,128807062.0
2013-08-19,127980182.0,119683340.0,123672965.0,128832023.0
2013-08-20,128300174.0,120185929.0,124240977.0,128840343.0
2013-08-21,128098619.0,119860573.0,123872016.0,128848664.0
2013-08-22,128442878.0,120401685.0,124483625.0,128856984.0
2013-08-23,128077573.0,119816379.0,123820482.0,128865304.0
2013-08-26,127836760.0,119417921.0,123367272.0,128890265.0
2013-08-27,128059735.0,119766496.0,123760990.0,128898585.0
2013-08-28,128009787.0,119681814.0,123664396.0,128906906.0
2013-08-29,127668713.0,119134975.0,123044785.0,128915226.0
2013-08-30,127691542.0,119165823.0,123078936.0,128923546.0
2013-09-02,127096462.0,118247334.0,122040960.0,128907505.0
2013-09-03,126920127.0,117999032.0,121759198.0,128915840.0
2013-09-04,126683849.0,117673720.0,121390285.0,128924174.0
2013-09-05,126963480.0,118051069.0,121816565.0,128932509.0
2013-09-06,126585926.0,117533237.0,121229779.0,128940844.0
2013-09-09,126150020.0,116942273.0,120558708.0,128965849.0
2013-09-10,125949288.0,116684311.0,120266014.0,128974183.0
2013-09-11,126134721.0,116917280.0,120528901.0,128982518.0
2013-09-12,126024895.0,116774828.0,120366929.0,128990853.0
2013-09-13,126180049.0,116969298.0,120586246.0,128999188.0
2013-09-16,125817996.0,116513043.0,120067624.0,129024192.0
2013-09-17,125974817.0,116697892.0,120276053.0,129032527.0
2013-09-23,125148899.0,115717901.0,119162442.0,129082536.0
2013-09-24,125010438.0,115565789.0,118989537.0,129090871.0
2013-09-25,125411023.0,116000963.0,119481257.0,129099206.0
2013-09-26,125272651.0,115848851.0,119308351.0,129107541.0
2013-09-27,125151947.0,115715991.0,119157234.0,129115876.0
2013-09-30,125249286.0,115818061.0,119270460.0,129140880.0
2013-10-01,125130493.0,115695810.0,119134750.0,129111992.0
2013-10-02,125177660.0,115745869.0,119190638.0,129120340.0
2013-10-04,124856807.0,115393587.0,118790440.0,129137036.0
2013-10-07,124971803.0,115514884.0,118925422.0,129162080.0
2013-10-08,125169151.0,115728586.0,119166504.0,129170428.0
2013-10-10,125166314.0,115722825.0,119158458.0,129187124.0
2013-10-11,124974954.0,115512977.0,118920214.0,129195472.0
2013-10-14,124992779.0,115528394.0,118935372.0,129220517.0
2013-10-15,124580537.0,115077866.0,118424753.0,129228865.0
2013-10-16,124454063.0,114954642.0,118284539.0,129237213.0
2013-10-17,124283809.0,114783280.0,118089849.0,129245561.0
2013-10-18,124008089.0,114506017.0,117775311.0,129253909.0
2013-10-21,124150081.0,114646556.0,117932069.0,129278953.0
2013-10-22,124018288.0,114513692.0,117780945.0,129287301.0
2013-10-23,123526527.0,114034230.0,117237583.0,129295649.0
2013-10-24,124067167.0,114536784.0,117805554.0,129303997.0
2013-10-25,124152150.0,114615726.0,117894128.0,129312345.0
2013-10-28,124085996.0,114554088.0,117822085.0,129337389.0
2013-10-29,124036317.0,114507863.0,117769013.0,129345702.0
2013-10-30,123996995.0,114471264.0,117726835.0,129354015.0
2013-10-31,124050902.0,114521321.0,117782725.0,129362327.0
2013-11-01,124040437.0,114514051.0,117777377.0,129330808.0
2013-11-04,124274624.0,114731570.0,118021258.0,129355789.0
2013-11-05,124100689.0,114569854.0,117837485.0,129364115.0
2013-11-06,124071739.0,114542895.0,117806215.0,129372442.0
2013-11-07,124125639.0,114592943.0,117862093.0,129380769.0
2013-11-08,124490236.0,114931773.0,118244782.0,129389096.0
2013-11-11,125269020.0,115669143.0,119076971.0,129414076.0
2013-11-12,125166039.0,115565183.0,118958560.0,129422403.0
2013-11-13,125283749.0,115682631.0,119090714.0,129430730.0
2013-11-14,124835330.0,115232109.0,118580104.0,129439056.0
2013-11-15,124406093.0,114800832.0,118091271.0,129447383.0
2013-11-18,123885992.0,114277106.0,117496296.0,129472364.0
2013-11-19,123730078.0,114134614.0,117334279.0,129480690.0
2013-11-20,123887487.0,114280937.0,117499110.0,129489017.0
2013-11-21,124407545.0,114764222.0,118045276.0,129497344.0
2013-11-22,124129982.0,114506201.0,117752516.0,129505671.0
2013-11-25,124312456.0,114675627.0,117941971.0,129530651.0
2013-11-26,124107395.0,114484988.0,117725467.0,129538978.0
2013-11-27,124233831.0,114602442.0,117857627.0,129547305.0
2013-11-28,124277393.0,114642874.0,117902622.0,129555631.0
2013-11-29,123937648.0,114327061.0,117544461.0,129563958.0
2013-12-02,123829754.0,114227355.0,117432974.0,129549186.0
2013-12-03,124246143.0,114614288.0,117870099.0,129557527.0
2013-12-04,124175774.0,114548832.0,117795261.0,129565868.0
2013-12-05,124084688.0,114464123.0,117698635.0,129574209.0
2013-12-06,123921102.0,114312032.0,117525754.0,129582550.0
2013-12-09,123409607.0,113836488.0,116985300.0,129607572.0
2013-12-10,123328866.0,113761392.0,116899554.0,129615913.0
2013-12-11,123320626.0,113753679.0,116890062.0,129624254.0
2013-12-12,123208809.0,113649702.0,116771631.0,129632595.0
2013-12-13,123376650.0,113805636.0,116947338.0,129640936.0
2013-12-16,123269064.0,113705481.0,116831707.0,129665958.0
2013-12-17,123229748.0,113668885.0,116789531.0,129674299.0
2013-12-18,123252581.0,113690051.0,116812721.0,129682640.0
2013-12-19,124166243.0,114539145.0,117772867.0,129690981.0
2013-12-20,124282314.0,114646965.0,117894124.0,129699321.0
2013-12-23,124236903.0,114604594.0,117843887.0,129724344.0
2013-12-24,124094003.0,114471729.0,117692763.0,129732685.0
2013-12-26,124098254.0,114475569.0,117695585.0,129749366.0
2013-12-27,123540973.0,113957582.0,117108624.0,129757707.0
2013-12-30,123702739.0,114107759.0,117276282.0,129782836.0
2014-01-02,123170619.0,113613310.0,116718065.0,129768113.0
2014-01-03,123680218.0,114086871.0,117253221.0,129776504.0
2014-01-06,124743018.0,115074460.0,118368562.0,129801675.0
2014-01-07,125030851.0,115355541.0,118685891.0,129810066.0
2014-01-08,124707212.0,115030197.0,118316937.0,129818456.0
2014-01-09,124517887.0,114839606.0,118100484.0,129826811.0
2014-01-10,124376532.0,114697141.0,117938495.0,129835166.0
2014-01-13,123918709.0,114250475.0,117430720.0,129860231.0
2014-01-14,124169361.0,114483433.0,117693591.0,129868586.0
2014-01-15,124544414.0,114831915.0,118087201.0,129876941.0
2014-01-16,124619063.0,114901230.0,118164880.0,129885296.0
2014-01-17,124237912.0,114546964.0,117763198.0,129893651.0
2014-01-20,124658690.0,114937822.0,118203237.0,129918715.0
2014-01-21,124826581.0,115093787.0,118378977.0,129927070.0
2014-01-22,125031605.0,115297891.0,118609196.0,129935425.0
2014-01-23,125657940.0,115925610.0,119318814.0,129943780.0
2014-01-24,126269500.0,116553343.0,120028447.0,129952135.0
2014-01-27,126546542.0,116867273.0,120381428.0,129977200.0
2014-01-28,126356151.0,116638150.0,120121368.0,129985555.0
2014-01-29,125472508.0,115600259.0,118946038.0,129993910.0
2014-02-03,126706577.0,116957932.0,120482447.0,129994479.0
2014-02-04,126653533.0,116892508.0,120407642.0,130002848.0
2014-02-05,126180595.0,116326557.0,119766398.0,130011218.0
2014-02-06,126272893.0,116434385.0,119887661.0,130019587.0
2014-02-07,125882061.0,115983925.0,119377116.0,130027957.0
2014-02-10,125617081.0,115691346.0,119043715.0,130053065.0
2014-02-11,125611271.0,115683659.0,119034251.0,130061435.0
2014-02-12,124830701.0,114848117.0,118087914.0,130069804.0
2014-02-13,125217338.0,115235100.0,118525094.0,130078174.0
2014-02-14,124960629.0,114977121.0,118232377.0,130086543.0
2014-02-17,124661062.0,114674859.0,117888017.0,130111652.0
2014-02-18,125163055.0,115177383.0,118455953.0,130120021.0
2014-02-19,125146435.0,115160063.0,118435587.0,130128391.0
2014-02-20,125792509.0,115807010.0,119166964.0,130136760.0
2014-02-21,125785500.0,115799323.0,119157500.0,130145130.0
2014-02-24,126009002.0,116036204.0,119423280.0,130170238.0
2014-02-25,125870601.0,115884105.0,119250388.0,130178608.0
2014-02-26,125195946.0,115163969.0,118434654.0,130186977.0
2014-02-27,125525020.0,115493247.0,118806530.0,130195347.0
2014-02-28,125402747.0,115370021.0,118666312.0,130203716.0
2014-03-03,125657699.0,115627407.0,118958594.0,130192735.0
2014-03-04,125977191.0,115946986.0,119319492.0,130201118.0
2014-03-05,125730119.0,115698668.0,119037708.0,130209500.0
2014-03-06,125079716.0,115046069.0,118298405.0,130217882.0
2014-03-07,124746201.0,114711105.0,117918564.0,130226265.0
2014-03-10,125320572.0,115284833.0,118565547.0,130251411.0
2014-03-11,125188719.0,115152004.0,118414461.0,130259794.0
2014-03-12,125700306.0,115664130.0,118993261.0,130268176.0
2014-03-13,125568454.0,115531303.0,118842177.0,130276558.0
2014-03-14,125935998.0,115899048.0,119257582.0,130284940.0
2014-03-17,125425182.0,115385035.0,118673584.0,130310087.0
2014-03-18,125600656.0,115560257.0,118871114.0,130318470.0
2014-03-19,125728111.0,115687348.0,119014175.0,130326852.0
2014-03-20,126263345.0,116238032.0,119636611.0,130335234.0
2014-03-21,126628809.0,116634694.0,120084742.0,130343616.0
2014-03-24,126416963.0,116399862.0,119816689.0,130368763.0
2014-03-25,126561447.0,116555853.0,119992456.0,130377145.0
2014-03-26,126175537.0,116134185.0,119514494.0,130385528.0
2014-03-27,125869179.0,115799158.0,119134582.0,130393910.0
2014-03-28,125677736.0,115589287.0,118896308.0,130402292.0
2014-03-31,125265484.0,115152209.0,118399375.0,130427439.0
2014-04-01,124660072.0,114548547.0,117718874.0,130398386.0
2014-04-02,124465583.0,114367597.0,117513328.0,130406782.0
2014-04-03,124602474.0,114494658.0,117656354.0,130415177.0
2014-04-04,124148316.0,114073063.0,117178474.0,130423573.0
2014-04-07,124351836.0,114261736.0,117389691.0,130448759.0
2014-04-08,124022112.0,113955632.0,117042510.0,130457155.0
2014-04-09,122889721.0,112917936.0,115867397.0,130465550.0
2014-04-10,122757668.0,112804335.0,115738069.0,130473946.0
2014-04-11,122180101.0,112305679.0,115172979.0,130482341.0
2014-04-14,122619693.0,112686839.0,115602032.0,130507528.0
2014-04-15,122844213.0,112881286.0,115821318.0,130515923.0
2014-04-16,122489427.0,112575140.0,115474089.0,130524319.0
2014-04-17,122613684.0,112682946.0,115595325.0,130532714.0
2014-04-18,122459423.0,112550078.0,115444194.0,130541110.0
2014-04-21,122642808.0,112709846.0,115622699.0,130566296.0
2014-04-22,122499682.0,112586600.0,115482456.0,130574692.0
2014-04-23,122735361.0,112790689.0,115712654.0,130583087.0
2014-04-24,122670224.0,112734835.0,115648678.0,130591483.0
2014-04-25,122928194.0,112958186.0,115900674.0,130599878.0
2014-04-28,122209101.0,112338100.0,115196630.0,130625065.0
2014-04-29,121720551.0,111916365.0,114718591.0,130633460.0
2014-04-30,122011951.0,112168605.0,115003280.0,130641856.0
2014-05-02,121683508.0,111884079.0,114683414.0,130618567.0
2014-05-07,120823145.0,111142794.0,113840669.0,130660615.0
2014-05-08,120835979.0,111154317.0,113852941.0,130669025.0
2014-05-09,121038187.0,111329482.0,114050406.0,130677435.0
2014-05-12,121043275.0,111335180.0,114054548.0,130702664.0
2014-05-13,120788747.0,111115671.0,113805365.0,130711073.0
2014-05-14,121436579.0,111675907.0,114438608.0,130719483.0
2014-05-15,121148627.0,111427517.0,114156740.0,130727893.0
2014-05-16,121005497.0,111304270.0,114016494.0,130736302.0
2014-05-19,120787765.0,111117424.0,113802739.0,130761532.0
2014-05-20,121157113.0,111437018.0,114163650.0,130769941.0
2014-05-21,121337069.0,111592955.0,114339353.0,130778351.0
2014-05-22,121037953.0,111334917.0,114046567.0,130786761.0
2014-05-23,121084214.0,111375326.0,114091529.0,130795170.0
2014-05-26,121022452.0,111323257.0,114030299.0,130820399.0
2014-05-27,120935013.0,111248133.0,113944513.0,130828809.0
2014-05-28,120736150.0,111076726.0,113749766.0,130837219.0
2014-05-29,120648706.0,111001597.0,113663975.0,130845628.0
2014-05-30,120594686.0,110955351.0,113610871.0,130854038.0
2014-06-02,121037338.0,111337085.0,114044237.0,130839119.0
2014-06-03,120927646.0,111242733.0,113936691.0,130847543.0
2014-06-05,120641421.0,110996270.0,113656232.0,130864391.0
2014-06-09,120169190.0,110589944.0,113193320.0,130898087.0
2014-06-10,120282277.0,110688099.0,113303631.0,130906510.0
2014-06-11,120116867.0,110545601.0,113141598.0,130914934.0
2014-06-12,120341357.0,110740021.0,113360850.0,130923358.0
2014-06-13,120354188.0,110751542.0,113373120.0,130931782.0
2014-06-16,120615494.0,110978644.0,113627819.0,130957054.0
2014-06-17,120817720.0,111153825.0,113825299.0,130965478.0
2014-06-18,120875120.0,111203860.0,113881153.0,130973902.0
2014-06-19,120464602.0,110849559.0,113479425.0,130982325.0
2014-06-20,120677974.0,111034371.0,113687806.0,130990749.0
2014-06-23,120449086.0,110837889.0,113463141.0,131016021.0
2014-06-24,120439636.0,110830158.0,113453621.0,131024445.0
2014-06-25,120731011.0,111082374.0,113738282.0,131032869.0
2014-06-26,120197900.0,110622138.0,113216669.0,131041293.0
2014-06-27,119887615.0,110354450.0,112912961.0,131049717.0
2014-06-30,119714395.0,110206071.0,112742733.0,131074988.0
2014-07-01,119697390.0,110189871.0,112727067.0,131045791.0
2014-07-02,119420601.0,109951128.0,112456114.0,131054228.0
2014-07-03,119344310.0,109885639.0,112381230.0,131062665.0
2014-07-04,119390549.0,109926030.0,112426169.0,131071103.0
2014-07-07,119573831.0,110085712.0,112604566.0,131096414.0
2014-07-08,119731471.0,110222367.0,112758446.0,131104851.0
2014-07-09,119755437.0,110243511.0,112781604.0,131113289.0
2014-07-10,119901943.0,110370544.0,112924595.0,131121726.0
2014-07-11,120527476.0,110911513.0,113536031.0,131130163.0
2014-07-14,120443437.0,110840199.0,113453013.0,131155475.0
2014-07-15,121470064.0,111727759.0,114456682.0,131163912.0
2014-07-16,121995381.0,112182130.0,114970116.0,131172349.0
2014-07-17,121662868.0,111895234.0,114644670.0,131180786.0
2014-07-18,121709139.0,111935653.0,114689640.0,131189223.0
2014-07-21,121413447.0,111681446.0,114399644.0,131214535.0
2014-07-22,121158899.0,111461921.0,114150441.0,131222972.0
2014-07-23,121071468.0,111386806.0,114064663.0,131231409.0
2014-07-24,121619110.0,111860468.0,114599929.0,131239846.0
2014-07-25,121319989.0,111602427.0,114307137.0,131248284.0
2014-07-28,121369667.0,111646660.0,114354882.0,131273595.0
2014-07-29,121159668.0,111465631.0,114149243.0,131282032.0
2014-07-30,121150227.0,111457908.0,114139732.0,131290470.0
2014-07-31,121553059.0,111806438.0,114533387.0,131298907.0
2014-08-01,122571660.0,112684986.0,115530538.0,131267065.0
2014-08-04,122175807.0,112344230.0,115142593.0,131292419.0
2014-08-05,121587137.0,111835987.0,114566648.0,131300871.0
2014-08-06,122201517.0,112367318.0,115167177.0,131309322.0
2014-08-07,122637677.0,112744647.0,115593423.0,131317774.0
2014-08-08,122516861.0,112640684.0,115474996.0,131326225.0
2014-08-11,121831322.0,112049594.0,114803771.0,131351364.0
2014-08-12,121398560.0,111676067.0,114380294.0,131359707.0
2014-08-13,121678767.0,111918628.0,114654037.0,131368015.0
2014-08-14,120822626.0,111179222.0,113816552.0,131375783.0
2014-08-18,120428184.0,110839958.0,113429812.0,131406424.0
2014-08-19,120396413.0,110812897.0,113398491.0,131414048.0
2014-08-20,120999688.0,111334590.0,113988187.0,131421672.0
2014-08-21,121101617.0,111423063.0,114087614.0,131429297.0
2014-08-22,120445930.0,110856864.0,113446161.0,131436885.0
2014-08-25,120729425.0,111103010.0,113722641.0,131459650.0
2014-08-26,120352251.0,110777477.0,113353550.0,131467202.0
2014-08-27,120086489.0,110548217.0,113093409.0,131474755.0
2014-08-28,120088133.0,110550027.0,113094768.0,131482307.0
2014-08-29,120045208.0,110513324.0,113052541.0,131489859.0
2014-09-01,119941889.0,110423264.0,112952005.0,131474717.0
2014-09-02,120522753.0,110925581.0,113519793.0,131482137.0
2014-09-03,120713762.0,111091017.0,113706336.0,131489557.0
2014-09-04,120604013.0,110996562.0,113598768.0,131496941.0
2014-09-05,121184901.0,111498899.0,114166581.0,131504326.0
2014-09-11,122520463.0,112655265.0,115471177.0,131548631.0
2014-09-12,122433005.0,112580071.0,115385406.0,131556015.0
2014-09-15,122738787.0,112845445.0,115683702.0,131578168.0
2014-09-16,122595623.0,112722116.0,115543458.0,131585552.0
2014-09-17,122396753.0,112550649.0,115348736.0,131592936.0
2014-09-18,123345394.0,113370766.0,116276178.0,131600320.0
2014-09-19,123480759.0,113488118.0,116408308.0,131607704.0
2014-09-22,123051264.0,113118127.0,115987570.0,131629857.0
2014-09-23,122974942.0,113052556.0,115912690.0,131637241.0
2014-09-24,122965468.0,113044751.0,115903182.0,131644625.0
2014-09-25,123267964.0,113306524.0,116198752.0,131652010.0
2014-09-26,123470190.0,113481651.0,116396267.0,131659394.0
2014-09-29,124522584.0,114392185.0,117424682.0,131681546.0
2014-09-30,124680263.0,114528818.0,117578633.0,131688931.0
2014-10-01,125495076.0,115244233.0,118390701.0,131662189.0
2014-10-02,125362324.0,115120951.0,118250510.0,131669583.0
2014-10-06,126144031.0,115859902.0,119084067.0,131699162.0
2014-10-07,125867925.0,115582591.0,118769577.0,131706413.0
2014-10-08,126638684.0,116354507.0,119642484.0,131713627.0
2014-10-10,126297739.0,116011642.0,119253156.0,131727984.0
2014-10-13,126055211.0,115766848.0,118974168.0,131749410.0
2014-10-14,125731037.0,115441371.0,118605178.0,131756553.0
2014-10-15,125598895.0,115308387.0,118454062.0,131763334.0
2014-10-16,125447532.0,115156142.0,118281153.0,131770079.0
2014-10-17,125872487.0,115581512.0,118761922.0,131776825.0
2014-10-20,125274284.0,114980347.0,118079752.0,131796953.0
2014-10-21,124795923.0,114510379.0,117547287.0,131803626.0
2014-10-22,124463624.0,114194441.0,117189134.0,131810300.0
2014-10-23,124941849.0,114648701.0,117702607.0,131816937.0
2014-10-24,125085760.0,114785256.0,117856538.0,131823574.0
2014-10-27,124555028.0,114280276.0,117283240.0,131843486.0
2014-10-28,124303812.0,114041336.0,117012229.0,131850123.0
2014-10-29,124047834.0,113812019.0,116752107.0,131856760.0
2014-10-30,124944926.0,114603301.0,117646983.0,131863397.0
2014-10-31,126341037.0,115856765.0,119064905.0,131870035.0
2014-11-03,126730603.0,116247653.0,119508654.0,131854872.0
2014-11-04,127092629.0,116624830.0,119934893.0,131861518.0
2014-11-05,127707886.0,117310031.0,120709718.0,131868165.0
2014-11-06,127727022.0,117331081.0,120732932.0,131874812.0
2014-11-07,128519505.0,118285824.0,121812795.0,131881459.0
2014-11-10,127870489.0,117453789.0,120869370.0,131901400.0
2014-11-11,128373366.0,118090913.0,121589787.0,131908047.0
2014-11-12,128709694.0,118516274.0,122070555.0,131914694.0
2014-11-13,128758334.0,118575844.0,122137362.0,131921341.0
2014-11-14,129046839.0,118953087.0,122563676.0,131927988.0
2014-11-17,128590693.0,118323171.0,121848987.0,131947929.0
2014-11-18,128954568.0,118815950.0,122406051.0,131954575.0
2014-11-19,129473939.0,119520534.0,123202812.0,131961222.0
2014-11-20,130089265.0,120369538.0,124163012.0,131967869.0
2014-11-21,130007574.0,120246217.0,124022843.0,131974516.0
2014-11-24,129920080.0,120107296.0,123863806.0,131994457.0
2014-11-25,129713608.0,119801039.0,123516615.0,132001068.0
2014-11-26,129546530.0,119552540.0,123234789.0,132007679.0
2014-11-27,129007972.0,118774507.0,122353695.0,132014289.0
2014-11-28,129684648.0,119690970.0,123390239.0,132020900.0
2014-12-01,130066954.0,120227699.0,123998451.0,132012110.0
2014-12-02,129630784.0,119584627.0,123270091.0,132018729.0
2014-12-03,130034881.0,120173603.0,123936023.0,132025347.0
2014-12-04,130189527.0,120396820.0,124188030.0,132031966.0
2014-12-05,130120972.0,120292768.0,124069671.0,132038585.0
2014-12-08,130368287.0,120644793.0,124466238.0,132058441.0
2014-12-09,129722003.0,119693640.0,123389227.0,132065060.0
2014-12-10,129358007.0,119156395.0,122780628.0,132071678.0
2014-12-11,129276308.0,119033069.0,122640458.0,132078297.0
2014-12-12,129424393.0,119246666.0,122881578.0,132084916.0
2014-12-15,129162388.0,118867050.0,122450157.0,132104772.0
2014-12-16,128276697.0,117675133.0,121100676.0,132111390.0
2014-12-17,128903910.0,118466345.0,121995475.0,132118009.0
2014-12-18,129399040.0,119103541.0,122715976.0,132124628.0
2014-12-19,129437903.0,119153493.0,122771902.0,132131247.0
2014-12-22,129037111.0,118600548.0,122144328.0,132151103.0
2014-12-23,129501224.0,119228153.0,122853974.0,132157721.0
2014-12-24,129497564.0,119220342.0,122844531.0,132164340.0
2014-12-26,129227996.0,118848488.0,122422499.0,132177577.0
2014-12-29,129174478.0,118767274.0,122328776.0,132197433.0
2014-12-30,129284223.0,118913511.0,122493666.0,132204052.0
2015-01-02,129574902.0,119314366.0,122948474.0,132191291.0
2015-01-05,130028298.0,119935866.0,123650001.0,132211174.0
2015-01-06,129292923.0,118869241.0,122442310.0,132217802.0
2015-01-07,129374248.0,118976941.0,122563586.0,132224430.0
2015-01-08,129165068.0,118689981.0,122238232.0,132231057.0
2015-01-09,128669192.0,118027599.0,121488018.0,132237685.0
2015-01-12,128013933.0,117205154.0,120555452.0,132257568.0
2015-01-13,128187705.0,117409107.0,120785657.0,132264196.0
2015-01-14,128084902.0,117285762.0,120645463.0,132270823.0
2015-01-15,128177375.0,117393453.0,120766730.0,132277451.0
2015-01-16,127692146.0,116817647.0,120114493.0,132284079.0
2015-01-19,127758003.0,116890416.0,120195028.0,132303962.0
2015-01-20,128607221.0,117893436.0,121329527.0,132310589.0
2015-01-21,128203341.0,117413877.0,120786210.0,132317217.0
2015-01-22,128328370.0,117560087.0,120951069.0,132323845.0
2015-01-23,128266245.0,117484869.0,120865340.0,132330472.0
2015-01-26,128006622.0,117172552.0,120510078.0,132350355.0
2015-01-27,127928214.0,117078070.0,120402548.0,132356983.0
2015-01-28,128313646.0,117532379.0,120916082.0,132363575.0
2015-01-29,129071222.0,118439220.0,121941739.0,132370166.0
2015-01-30,129043964.0,118402514.0,121899597.0,132376757.0
2015-02-02,129774201.0,119342814.0,122964804.0,132364925.0
2015-02-03,129359517.0,118776736.0,122323578.0,132371525.0
2015-02-04,128410132.0,117498359.0,120876253.0,132378125.0
2015-02-05,128900452.0,118116196.0,121574848.0,132384725.0
2015-02-06,128842750.0,118040997.0,121489142.0,132391325.0
2015-02-09,129248200.0,118546964.0,122059930.0,132411126.0
2015-02-10,128855537.0,118048217.0,121494901.0,132417726.0
2015-02-11,129467762.0,118820120.0,122367850.0,132424326.0
2015-02-12,130439702.0,120073356.0,123785518.0,132430926.0
2015-02-13,129533544.0,118756362.0,122294490.0,132437526.0
2015-02-16,129926612.0,119281644.0,122887136.0,132457326.0
2015-02-17,129887510.0,119225702.0,122823223.0,132463926.0
2015-02-23,130397339.0,119900905.0,123583724.0,132503527.0
2015-02-24,130475367.0,120018254.0,123715930.0,132510055.0
2015-02-25,129752893.0,118970654.0,122529778.0,132516582.0
2015-02-26,129628613.0,118799161.0,122335105.0,132523110.0
2015-02-27,129717102.0,118916501.0,122467302.0,132529638.0
2015-03-02,129882938.0,119145148.0,122726862.0,132520839.0
2015-03-03,129574459.0,118723443.0,122249027.0,132527374.0
2015-03-04,129670019.0,118850381.0,122392084.0,132533909.0
2015-03-05,129928617.0,119198711.0,122785687.0,132540445.0
2015-03-06,129747725.0,118950255.0,122503915.0,132546980.0
2015-03-09,130697382.0,120245569.0,123968014.0,132566586.0
2015-03-10,131380236.0,121258135.0,125113324.0,132573121.0
2015-03-11,131620597.0,121635393.0,125539664.0,132579656.0
2015-03-12,131618073.0,121627536.0,125530239.0,132585502.0
2015-03-13,131739062.0,121831458.0,125760484.0,132591311.0
2015-03-16,131917456.0,122125555.0,126091728.0,132608629.0
2015-03-17,131776096.0,121877022.0,125809941.0,132614366.0
2015-03-18,131835525.0,121975049.0,125920357.0,132620066.0
2015-03-19,131120262.0,120754171.0,124538184.0,132625766.0
2015-03-20,131477371.0,121314289.0,125171545.0,132631430.0
2015-03-23,130975367.0,120510825.0,124260723.0,132648422.0
2015-03-24,130358456.0,119549804.0,123172632.0,132654086.0
2015-03-25,130109968.0,119185680.0,122760040.0,132659750.0
2015-03-26,130590059.0,119880608.0,123545962.0,132665414.0
2015-03-27,130282025.0,119429828.0,123035304.0,132671077.0
2015-03-30,130397678.0,119589052.0,123213952.0,132687960.0
2015-03-31,130705577.0,120033681.0,123716619.0,132693588.0
2015-04-01,130222639.0,119343657.0,122937724.0,132671745.0
2015-04-02,129758616.0,118681231.0,122187550.0,132677379.0
2015-04-03,129561482.0,118413435.0,121883974.0,132683013.0
2015-04-06,128995659.0,117658140.0,121027673.0,132699915.0
2015-04-07,129282394.0,118015998.0,121432148.0,132705477.0
2015-04-08,129477099.0,118258351.0,121705908.0,132711038.0
2015-04-09,129579696.0,118385193.0,121848948.0,132716563.0
2015-04-10,129613194.0,118425394.0,121893945.0,132722015.0
2015-04-13,130074434.0,118998449.0,122540969.0,132738372.0
2015-04-14,129724168.0,118557326.0,122041258.0,132743824.0
2015-04-15,129941881.0,118828573.0,122347726.0,132749277.0
2015-04-16,129338311.0,118069752.0,121488481.0,132754729.0
2015-04-17,128941971.0,117570842.0,120923373.0,132760181.0
2015-04-20,128594638.0,117142676.0,120437328.0,132776538.0
2015-04-21,128941787.0,117548708.0,120896332.0,132781990.0
2015-04-22,128632624.0,117184550.0,120483721.0,132787442.0
2015-04-23,128848565.0,117436550.0,120768408.0,132792895.0
2015-04-24,128621444.0,117168660.0,120464742.0,132798347.0
2015-04-27,128093905.0,116557514.0,119771622.0,132814704.0
2015-04-28,127834230.0,116270346.0,119446140.0,132820156.0
2015-04-29,127714374.0,116137223.0,119294988.0,132825608.0
2015-04-30,128048743.0,116504771.0,119710439.0,132831061.0
2015-05-04,128638684.0,117157629.0,120449826.0,132824976.0
2015-05-06,128713440.0,117238002.0,120539784.0,132835894.0
2015-05-07,129552599.0,118173369.0,121597829.0,132841352.0
2015-05-08,129440381.0,118040305.0,121446743.0,132846811.0
2015-05-11,129694378.0,118334167.0,121777806.0,132863186.0
2015-05-12,130055752.0,118769039.0,122269446.0,132868645.0
2015-05-13,130357894.0,119146164.0,122695734.0,132874104.0
2015-05-14,129654581.0,118262247.0,121694919.0,132879562.0
2015-05-15,129288968.0,117801874.0,121173422.0,132885021.0
2015-05-18,129289696.0,117797320.0,121166773.0,132901396.0
2015-05-19,129484389.0,118039683.0,121440552.0,132906855.0
2015-05-20,130093579.0,118801907.0,122302652.0,132912313.0
2015-05-21,129942872.0,118611067.0,122086183.0,132917772.0
2015-05-22,129646317.0,118237307.0,121662705.0,132923231.0
2015-05-26,130483796.0,119293498.0,122855987.0,132945065.0
2015-05-27,130808480.0,119728452.0,123347720.0,132950523.0
2015-05-28,130832919.0,119759047.0,123381845.0,132955982.0
2015-05-29,131007485.0,119991829.0,123644783.0,132961441.0
2015-06-01,131136894.0,120182109.0,123860774.0,132954279.0
2015-06-02,131285737.0,120395586.0,124101864.0,132959743.0
2015-06-03,130779064.0,119656144.0,123264548.0,132965207.0
2015-06-04,131391410.0,120543411.0,124268158.0,132970671.0
2015-06-05,131209183.0,120275614.0,123964596.0,132976134.0
2015-06-08,132015976.0,121455147.0,125297959.0,132992526.0
2015-06-09,131751013.0,121033330.0,124820096.0,132997990.0
2015-06-10,131091364.0,120005051.0,123655907.0,133003454.0
2015-06-11,131133977.0,120064471.0,123722703.0,133008371.0
2015-06-12,131527688.0,120634093.0,124366887.0,133013289.0
2015-06-15,131708726.0,120889394.0,124654460.0,133028041.0
2015-06-16,131787208.0,121016215.0,124797532.0,133032959.0
2015-06-17,131747614.0,120950499.0,124722713.0,133037876.0
2015-06-18,131081546.0,119912447.0,123547514.0,133042794.0
2015-06-19,131084421.0,119914108.0,123548944.0,133047711.0
2015-06-22,130532960.0,119120007.0,122648924.0,133062464.0
2015-06-23,130950471.0,119680060.0,123282278.0,133067381.0
2015-06-24,131225020.0,120047570.0,123697736.0,133072299.0
2015-06-25,131331706.0,120203277.0,123873498.0,133077216.0
2015-06-26,131791756.0,120869267.0,124626740.0,133082134.0
2015-06-29,132346454.0,121683051.0,125546340.0,133096886.0
2015-06-30,131751786.0,120741154.0,124479959.0,133101803.0
2015-07-01,131862881.0,120927565.0,124692614.0,133083245.0
2015-07-02,132323314.0,121651142.0,125511026.0,133088167.0
2015-07-03,132204467.0,121460313.0,125294618.0,133093089.0
2015-07-06,132427218.0,121802253.0,125680238.0,133107856.0
2015-07-07,132645362.0,122160094.0,126084752.0,133112778.0
2015-07-08,133001227.0,122787472.0,126794297.0,133117701.0
2015-07-09,132862061.0,122519634.0,126485564.0,133122623.0
2015-07-10,132651601.0,122117023.0,126018749.0,133127545.0
2015-07-13,132707656.0,122208720.0,126123225.0,133142312.0
2015-07-14,133322150.0,123365604.0,127462301.0,133147234.0
2015-07-15,133376490.0,123463571.0,127575176.0,133152156.0
2015-07-16,133655112.0,124004376.0,128200846.0,133157079.0
2015-07-17,133580298.0,123842424.0,128012740.0,133162001.0
2015-07-20,133803070.0,124290393.0,128529771.0,133176768.0
2015-07-21,134082036.0,124889001.0,129222376.0,133181690.0
2015-07-22,133892624.0,124438225.0,128699818.0,133186612.0
2015-07-23,134358890.0,125547110.0,129983312.0,133191535.0
2015-07-24,134464452.0,125818409.0,130296901.0,133196457.0
2015-07-27,134443287.0,125736924.0,130200850.0,133211114.0
2015-07-28,134370853.0,125536455.0,129968146.0,133216000.0
2015-07-29,134138601.0,124912340.0,129244870.0,133220886.0
2015-07-30,134505662.0,125876886.0,130361227.0,133225772.0
2015-07-31,134567621.0,126032664.0,130541050.0,133230657.0
2015-08-03,134412170.0,125634271.0,130080824.0,133220356.0
2015-08-04,134401491.0,125597491.0,130037669.0,133225247.0
2015-08-05,134689384.0,126378878.0,130941933.0,133230138.0
2015-08-06,134459883.0,125668314.0,130118550.0,133235028.0
2015-08-07,134501736.0,125785545.0,130253736.0,133239919.0
2015-08-10,134375798.0,125386424.0,129789865.0,133254592.0
2015-08-11,134916702.0,126918697.0,131563640.0,133259483.0
2015-08-12,135279793.0,128046701.0,132869280.0,133264373.0
2015-08-13,134832944.0,126431226.0,130998028.0,133269264.0
2015-08-17,135093790.0,127314184.0,132018213.0,133288828.0
2015-08-18,135148937.0,127498835.0,132231470.0,133293718.0
2015-08-19,135161131.0,127529458.0,132266365.0,133298609.0
2015-08-20,135159902.0,127511946.0,132245522.0,133303500.0
2015-08-21,135424009.0,128466779.0,133350633.0,133308391.0
2015-08-24,135533258.0,128857138.0,133800964.0,133323063.0
2015-08-25,135448157.0,128502674.0,133389937.0,133327954.0
2015-08-26,135227852.0,127609051.0,132354574.0,133332845.0
2015-08-27,135212762.0,127533772.0,132266837.0,133337736.0
2015-08-28,134931522.0,126418676.0,130975015.0,133342627.0
2015-08-31,135181419.0,127280769.0,131971616.0,133357190.0
2015-09-01,134876090.0,126244527.0,130773631.0,133340224.0
2015-09-02,135140793.0,127102905.0,131767062.0,133345010.0
2015-09-03,135420450.0,128028680.0,132838537.0,133349795.0
2015-09-04,135501741.0,128328809.0,133185531.0,133354544.0
2015-09-07,135758951.0,129325492.0,134338022.0,133368792.0
2015-09-08,135700386.0,129057712.0,134027389.0,133373541.0
2015-09-09,135441355.0,127952454.0,132746975.0,133378290.0
2015-09-10,135570356.0,128435499.0,133305782.0,133383039.0
2015-09-11,135327055.0,127484232.0,132203685.0,133387788.0
2015-09-14,135304335.0,127354645.0,132051978.0,133402036.0
2015-09-15,135398388.0,127702935.0,132454742.0,133406785.0
2015-09-16,135127051.0,126664965.0,131252246.0,133411534.0
2015-09-17,134849533.0,125703988.0,130138906.0,133416283.0
2015-09-18,134754229.0,125407258.0,129794749.0,133421032.0
2015-09-21,135151146.0,126558034.0,131125677.0,133435279.0
2015-09-22,135291088.0,126992990.0,131628798.0,133440028.0
2015-09-23,135652085.0,128150025.0,132968071.0,133444777.0
2015-09-24,135686387.0,128276921.0,133114465.0,133449527.0
2015-09-25,135745467.0,128490470.0,133361201.0,133454276.0
2015-09-30,135530848.0,127594085.0,132320482.0,133477839.0
2015-10-01,135286025.0,126721277.0,131311778.0,133460633.0
2015-10-02,135410909.0,127146511.0,131803645.0,133465350.0
2015-10-05,135189490.0,126352746.0,130882845.0,133479500.0
2015-10-06,134998468.0,125728783.0,130159763.0,133484217.0
2015-10-07,134859172.0,125287698.0,129648451.0,133488934.0
2015-10-08,134788219.0,125068001.0,129393502.0,133493651.0
2015-10-12,134289209.0,123582702.0,127671375.0,133512518.0
2015-10-13,134525971.0,124181227.0,128363914.0,133517198.0
2015-10-14,134420562.0,123903737.0,128042049.0,133521842.0
2015-10-15,133794706.0,122307375.0,126192958.0,133526486.0
2015-10-16,133754051.0,122203142.0,126071721.0,133531129.0
2015-10-19,133428885.0,121428322.0,125172886.0,133545060.0
2015-10-20,133885689.0,122392703.0,126289082.0,133549704.0
2015-10-21,133957139.0,122538776.0,126457695.0,133554348.0
2015-10-22,134226590.0,123127718.0,127139140.0,133558991.0
2015-10-23,133661216.0,121791152.0,125590888.0,133563635.0
2015-10-26,134084032.0,122672261.0,126609583.0,133577566.0
2015-10-27,133960520.0,122404342.0,126298801.0,133582210.0
2015-10-28,133963956.0,122406004.0,126300190.0,133586854.0
2015-10-29,134469130.0,123495657.0,127561448.0,133591497.0
2015-10-30,134384310.0,123285508.0,127317564.0,133596141.0
2015-11-02,134252498.0,122983768.0,126969205.0,133587058.0
2015-11-03,134099413.0,122610049.0,126535908.0,133591707.0
2015-11-04,134058805.0,122505835.0,126414693.0,133596355.0
2015-11-05,134323504.0,123133164.0,127140590.0,133601003.0
2015-11-06,134463674.0,123462110.0,127520965.0,133605651.0
2015-11-09,135078429.0,124939918.0,129230624.0,133619595.0
2015-11-10,135071644.0,124912731.0,129198605.0,133624243.0
2015-11-11,135005262.0,124721898.0,128977087.0,133628891.0
2015-11-12,135124709.0,125041260.0,129346360.0,133633576.0
2015-11-13,135319452.0,125582038.0,129972027.0,133638261.0
2015-11-16,135660479.0,126578701.0,131124518.0,133652315.0
2015-11-17,135553421.0,126224221.0,130713496.0,133656999.0
2015-11-18,135611310.0,126399215.0,130915595.0,133661684.0
2015-11-19,135295014.0,125390085.0,129746500.0,133666369.0
2015-11-20,135058173.0,124679374.0,128922971.0,133671054.0
2015-11-23,135206325.0,125088817.0,129395460.0,133685217.0
2015-11-24,135052052.0,124638021.0,128872902.0,133689939.0
2015-11-25,134685901.0,123638436.0,127714857.0,133694660.0
2015-11-26,134836361.0,124015616.0,128151065.0,133699491.0
2015-11-27,135054568.0,124566107.0,128787964.0,133704322.0
2015-11-30,135252761.0,125062310.0,129360830.0,133719255.0
2015-12-01,135236373.0,125046785.0,129344716.0,133703138.0
2015-12-02,135455877.0,125654916.0,130048339.0,133708157.0
2015-12-03,135469709.0,125685530.0,130083209.0,133713175.0
2015-12-04,135216934.0,124926847.0,129204090.0,133718194.0
2015-12-07,135603072.0,126039017.0,130490219.0,133733249.0
2015-12-08,135939940.0,127041865.0,131650915.0,133738268.0
2015-12-09,135965093.0,127111001.0,131730393.0,133743286.0
2015-12-10,136029231.0,127305279.0,131954783.0,133748304.0
2015-12-11,135979416.0,127133761.0,131755589.0,133753323.0
2015-12-14,136145509.0,127649236.0,132350758.0,133768378.0
2015-12-15,136111270.0,127516221.0,132196149.0,133773397.0
2015-12-16,135917603.0,126824845.0,131394970.0,133778415.0
2015-12-17,136029045.0,127202047.0,131831182.0,133783434.0
2015-12-18,136113002.0,127482987.0,132155925.0,133788452.0
2015-12-21,135977289.0,126968382.0,131558282.0,133803507.0
2015-12-22,135863326.0,126556152.0,131080348.0,133808526.0
2015-12-23,135862067.0,126538644.0,131059494.0,133813544.0
2015-12-24,135715300.0,126030123.0,130470057.0,133818563.0
2015-12-28,135659874.0,125806015.0,130208224.0,133838636.0
2015-12-29,135790088.0,126212140.0,130677928.0,133843655.0
2015-12-30,135881287.0,126493106.0,131002700.0,133848673.0
2016-01-04,136331092.0,127956163.0,132697027.0,133847489.0
2016-01-05,136343587.0,127986803.0,132731927.0,133852513.0
2016-01-06,136614535.0,128941492.0,133836856.0,133857537.0
2016-01-07,136686333.0,129203158.0,134139279.0,133862561.0
2016-01-08,136628197.0,128964294.0,133862099.0,133867584.0
2016-01-11,136927931.0,130095865.0,135170692.0,133882656.0
2016-01-12,136943552.0,130145783.0,135227916.0,133887680.0
2016-01-13,136806816.0,129541119.0,134527147.0,133892704.0
2016-01-14,137018080.0,130447776.0,135576456.0,133897728.0
2016-01-15,137022554.0,130449568.0,135577950.0,133902752.0
2016-01-18,136984272.0,130214275.0,135303743.0,133917823.0
2016-01-19,136885332.0,129734721.0,134747849.0,133922847.0
2016-01-20,137057336.0,130516289.0,135652307.0,133927871.0
2016-01-21,137055606.0,130489200.0,135620358.0,133932895.0
2016-01-22,136773434.0,129181696.0,134105715.0,133937919.0
2016-01-25,136649772.0,128618985.0,133452390.0,133952770.0
2016-01-26,136885678.0,129583509.0,134568717.0,133957721.0
2016-01-27,136839065.0,129373474.0,134324928.0,133962671.0
2016-01-28,136993926.0,130001054.0,135051080.0,133967622.0
2016-01-29,136780572.0,129097809.0,134004569.0,133972572.0
2016-02-01,136807123.0,129230228.0,134158682.0,133965874.0
2016-02-02,136971210.0,129896151.0,134929235.0,133970829.0
2016-02-03,137245636.0,131043364.0,136257110.0,133975784.0
2016-02-04,136894367.0,129389554.0,134341460.0,133980739.0
2016-02-05,136796115.0,128938920.0,133819062.0,133985693.0
2016-02-11,136940315.0,129440454.0,134396417.0,134015203.0
2016-02-12,137152681.0,130327857.0,135423442.0,134020121.0
2016-02-15,137091389.0,129986635.0,135026608.0,134034875.0
2016-02-16,137271547.0,130806691.0,135975652.0,134039757.0
2016-02-17,137489295.0,131819304.0,137147672.0,134044638.0
2016-02-18,137499401.0,131849978.0,137182628.0,134049520.0
2016-02-19,137632837.0,132525673.0,137964505.0,134054401.0
2016-02-22,137646245.0,132531075.0,137969067.0,134069046.0
2016-02-23,137593725.0,132215164.0,137602685.0,134073927.0
2016-02-24,137655184.0,132534676.0,137972108.0,134078809.0
2016-02-25,137735640.0,132960100.0,138464176.0,134083690.0
2016-02-26,137729748.0,132904137.0,138398808.0,134088572.0
2016-02-29,137717252.0,132765127.0,138236145.0,134103216.0
2016-03-02,137546960.0,131874590.0,137206412.0,134090325.0
2016-03-03,137323225.0,130634711.0,135770092.0,134095211.0
2016-03-04,137100644.0,129558438.0,134523225.0,134100097.0
2016-03-07,137068944.0,129371230.0,134304748.0,134114755.0
2016-03-08,137191450.0,129883171.0,134897000.0,134119641.0
2016-03-09,137407625.0,130799415.0,135957427.0,134124527.0
2016-03-10,137128710.0,129578681.0,134543277.0,134129413.0
2016-03-11,136895607.0,128579323.0,133385476.0,134134299.0
2016-03-14,136728864.0,127910740.0,132609577.0,134148957.0
2016-03-15,136776832.0,128066518.0,132789400.0,134153844.0
2016-03-16,136934456.0,128607369.0,133415129.0,134158730.0
2016-03-17,136385036.0,126683756.0,131187060.0,134163616.0
2016-03-18,136054353.0,125645782.0,129984543.0,134168502.0
2016-03-21,136101206.0,125747233.0,130100327.0,134183160.0
2016-03-22,135751418.0,124795850.0,128998080.0,134188046.0
2016-03-23,136042420.0,125529256.0,129846784.0,134192932.0
2016-03-24,136233505.0,126021988.0,130416793.0,134197818.0
2016-03-25,136339443.0,126302922.0,130741544.0,134202704.0
2016-03-28,136245493.0,126019259.0,130411399.0,134217142.0
2016-03-29,136164921.0,125789907.0,130145257.0,134221954.0
2016-03-30,135705988.0,124539957.0,128697285.0,134226767.0
2016-03-31,135422975.0,123838795.0,127884798.0,134231579.0
2016-04-01,135868463.0,124862781.0,129072596.0,134213897.0
2016-04-04,135530710.0,124088242.0,128174026.0,134228348.0
2016-04-05,135910830.0,124956258.0,129178614.0,134233165.0
2016-04-06,135952411.0,125054229.0,129291505.0,134237982.0
2016-04-07,135778578.0,124603525.0,128769042.0,134242799.0
2016-04-08,135873067.0,124836258.0,129037985.0,134247616.0
2016-04-11,135608539.0,124138669.0,128228521.0,134262067.0
2016-04-12,135585868.0,124072988.0,128151906.0,134266884.0
2016-04-14,136005404.0,125125698.0,129369809.0,134276518.0
2016-04-15,135612342.0,124116603.0,128200741.0,134281335.0
2016-04-18,135774885.0,124506795.0,128650905.0,134295786.0
2016-04-19,135242473.0,123170325.0,127102744.0,134300603.0
2016-04-20,135187837.0,123066118.0,126981517.0,134305420.0
2016-04-21,135080019.0,122846380.0,126726508.0,134310237.0
2016-04-22,135576799.0,123830073.0,127865047.0,134315054.0
2016-04-25,135803650.0,124287680.0,128393276.0,134329505.0
2016-04-26,135945148.0,124597478.0,128751459.0,134334322.0
2016-04-27,135832468.0,124339229.0,128451856.0,134339139.0
2016-04-28,135400977.0,123368494.0,127327208.0,134343956.0
2016-04-29,135452002.0,123476099.0,127451255.0,134348773.0
2016-05-02,135380739.0,123328640.0,127281489.0,134340228.0
2016-05-03,135487745.0,123561346.0,127550399.0,134345049.0
2016-05-04,136087712.0,124920238.0,129123411.0,134349871.0
2016-05-09,136535817.0,126035796.0,130412417.0,134373979.0
2016-05-10,136778870.0,126692094.0,131171843.0,134378763.0
2016-05-11,136606837.0,126212512.0,130615944.0,134383548.0
2016-05-12,136434801.0,125732918.0,130060032.0,134388333.0
2016-05-13,136748217.0,126581763.0,131042423.0,134393117.0
2016-05-16,137046092.0,127385944.0,131972014.0,134407251.0
2016-05-17,136854471.0,126810061.0,131304609.0,134411962.0
2016-05-18,137142813.0,127668583.0,132298215.0,134416673.0
2016-05-19,137414065.0,128546371.0,133314139.0,134421311.0
2016-05-20,137376923.0,128403697.0,133148389.0,134425948.0
2016-05-23,137188744.0,127706087.0,132338963.0,134439861.0
2016-05-24,137461335.0,128651316.0,133432982.0,134444498.0
2016-05-25,137185718.0,127671025.0,132297290.0,134449136.0
2016-05-26,137126639.0,127470565.0,132064625.0,134453773.0
2016-05-27,137097515.0,127366380.0,131943445.0,134458411.0
2016-05-30,137478542.0,128575071.0,133341476.0,134472323.0
2016-05-31,137479774.0,128567177.0,133331798.0,134476960.0
2016-06-01,137501471.0,128685998.0,133471371.0,134459827.0
2016-06-02,137330071.0,128071710.0,132759502.0,134464469.0
2016-06-03,137251837.0,127784676.0,132426586.0,134469110.0
2016-06-07,136678585.0,125779768.0,130102798.0,134487677.0
2016-06-08,136467347.0,125194286.0,129424285.0,134492318.0
2016-06-09,136449514.0,125138163.0,129358831.0,134496334.0
2016-06-10,136787491.0,126054287.0,130419221.0,134500349.0
2016-06-13,137070222.0,126819714.0,131304176.0,134512395.0
2016-06-14,137067066.0,126802112.0,131283329.0,134516411.0
2016-06-15,137073697.0,126813390.0,131295925.0,134520426.0
2016-06-16,137015082.0,126632131.0,131085566.0,134524441.0
2016-06-17,137060860.0,126758931.0,131231934.0,134528457.0
2016-06-20,136677266.0,125618237.0,129909641.0,134540503.0
2016-06-21,136532544.0,125215525.0,129442845.0,134544518.0
2016-06-22,136458327.0,125005354.0,129199007.0,134548534.0
2016-06-23,136308181.0,124602627.0,128732193.0,134552549.0
2016-06-24,137424857.0,127463674.0,132044770.0,134556491.0
2016-06-27,137507571.0,127699699.0,132316715.0,134568316.0
2016-06-28,137175246.0,126642258.0,131091765.0,134572258.0
2016-06-29,136811000.0,125575166.0,129855640.0,134576199.0
2016-06-30,136512798.0,124768016.0,128920521.0,134580141.0
2016-07-01,136231659.0,124107322.0,128157208.0,134564947.0
2016-07-04,136322807.0,124295054.0,128373229.0,134576782.0
2016-07-05,136681554.0,125114856.0,129322086.0,134580726.0
2016-07-06,137065365.0,126098314.0,130460454.0,134584671.0
2016-07-07,136681111.0,125041097.0,129235767.0,134588579.0
2016-07-08,136937978.0,125735792.0,130039757.0,134592487.0
2016-07-11,136410287.0,124287103.0,128360851.0,134604211.0
2016-07-12,136462656.0,124413860.0,128507181.0,134608119.0
2016-07-13,136405244.0,124261450.0,128330241.0,134612027.0
2016-07-14,136056721.0,123396664.0,127328386.0,134615934.0
2016-07-15,135897729.0,123061331.0,126939625.0,134619842.0
2016-07-18,136027753.0,123306807.0,127222526.0,134631566.0
2016-07-19,135987060.0,123221765.0,127123597.0,134635474.0
2016-07-20,136256740.0,123752867.0,127738150.0,134639382.0
2016-07-21,136012363.0,123263477.0,127170995.0,134643290.0
2016-07-22,135942569.0,123120666.0,127005172.0,134647198.0
2016-07-25,136077520.0,123375790.0,127299244.0,134658922.0
2016-07-26,135978625.0,123175207.0,127066521.0,134662829.0
2016-07-27,135947627.0,123109411.0,126989880.0,134666737.0
2016-07-28,135464438.0,122167455.0,125898662.0,134670645.0
2016-07-29,135241055.0,121764659.0,125431781.0,134674553.0
2016-08-01,134556706.0,120587194.0,124069105.0,134667592.0
2016-08-02,134688409.0,120781275.0,124293395.0,134671503.0
2016-08-03,135182069.0,121514388.0,125141872.0,134675414.0
2016-08-04,134952086.0,121169450.0,124741989.0,134679325.0
2016-08-05,134722098.0,120824505.0,124342098.0,134683236.0
2016-08-08,134594252.0,120627087.0,124112135.0,134694968.0
2016-08-09,134454711.0,120416886.0,123868275.0,134698879.0
2016-08-10,133755228.0,119388451.0,122676917.0,134702790.0
2016-08-11,134044786.0,119784687.0,123135302.0,134706664.0
2016-08-12,134313404.0,120152053.0,123560256.0,134710538.0
2016-08-16,133545927.0,119089730.0,122328317.0,134726034.0
2016-08-17,134676035.0,120641225.0,124124468.0,134729908.0
2016-08-18,134601467.0,120536893.0,124003211.0,134733745.0
2016-08-19,135321466.0,121539685.0,125163978.0,134737582.0
2016-08-22,135893468.0,122401259.0,126160334.0,134749094.0
2016-08-23,135250483.0,121353437.0,124946533.0,134752931.0
2016-08-24,135632299.0,121971184.0,125661428.0,134756768.0
2016-08-25,135273641.0,121385468.0,124982737.0,134760605.0
2016-08-26,135146009.0,121175228.0,124738840.0,134764442.0
2016-08-29,135823512.0,122267934.0,126002840.0,134775953.0
2016-08-30,135524078.0,121778473.0,125435611.0,134779791.0
2016-08-31,135224638.0,121289001.0,124868369.0,134783628.0
2016-09-01,135647367.0,121985867.0,125677016.0,134769004.0
2016-09-02,135359879.0,121515805.0,125132250.0,134772844.0
2016-09-05,134640586.0,120355826.0,123787687.0,134784364.0
2016-09-06,134649567.0,120367016.0,123800200.0,134788204.0
2016-09-07,133648373.0,118905442.0,122107284.0,134792044.0
2016-09-08,133846941.0,119157266.0,122398447.0,134795884.0
2016-09-09,134287286.0,119717132.0,123046317.0,134799724.0
2016-09-12,135412884.0,121175395.0,124733623.0,134811244.0
2016-09-13,135747163.0,121687175.0,125325809.0,134815084.0
2016-09-19,135721931.0,121629255.0,125256076.0,134838124.0
2016-09-20,135872722.0,121871515.0,125536164.0,134841964.0
2016-09-21,135845811.0,121824959.0,125481809.0,134845804.0
2016-09-22,134842565.0,120209120.0,123610257.0,134849644.0
2016-09-23,134786896.0,120124034.0,123511285.0,134853484.0
2016-09-26,135150301.0,120658252.0,124128568.0,134865004.0
2016-09-27,134404994.0,119562225.0,122858947.0,134868844.0
2016-09-28,134428440.0,119592665.0,122893751.0,134872684.0
2016-09-29,134571124.0,119786784.0,123118094.0,134876524.0
2016-09-30,134748863.0,120029050.0,123398189.0,134880364.0
2016-10-04,135201412.0,120653166.0,124121382.0,134876209.0
2016-10-05,135606492.0,121222632.0,124780367.0,134880052.0
2016-10-06,135512125.0,121079824.0,124614554.0,134883895.0
2016-10-07,135728057.0,121399041.0,124983757.0,134887738.0
2016-10-10,135276863.0,120720330.0,124196491.0,134899268.0
2016-10-11,136044313.0,121877021.0,125535471.0,134903111.0
2016-10-12,136236552.0,122186638.0,125893557.0,134906954.0
2016-10-13,136956750.0,123372249.0,127266025.0,134910797.0
2016-10-14,136754988.0,123008046.0,126843841.0,134914640.0
2016-10-17,137064803.0,123571173.0,127494598.0,134926169.0
2016-10-18,136655517.0,122754499.0,126548462.0,134930012.0
2016-10-19,136346857.0,122159224.0,125858702.0,134933855.0
2016-10-20,136581314.0,122574768.0,126339449.0,134937698.0
2016-10-21,136982925.0,123288768.0,127165793.0,134941615.0
2016-10-24,136781445.0,122918124.0,126735225.0,134953477.0
2016-10-25,136919072.0,123160420.0,127015336.0,134957468.0
2016-10-26,136948948.0,123210172.0,127072483.0,134961495.0
2016-10-27,137398852.0,124030142.0,128021525.0,134965523.0
2016-10-28,137518312.0,124262833.0,128290511.0,134969551.0
2016-10-31,137508076.0,124229200.0,128250168.0,134981634.0
2016-11-01,137275788.0,123780963.0,127732602.0,134968807.0
2016-11-02,137747869.0,124735499.0,128837468.0,134972837.0
2016-11-03,137310700.0,123755332.0,127701989.0,134976868.0
2016-11-04,137477922.0,124122726.0,128126958.0,134980898.0
2016-11-07,137474486.0,124098727.0,128097769.0,134992990.0
2016-11-08,137116983.0,123320645.0,127196301.0,134997021.0
2016-11-09,137812621.0,124718050.0,128814001.0,135001051.0
2016-11-10,137863289.0,124825571.0,128938042.0,135005082.0
2016-11-11,138462889.0,126194143.0,130522355.0,135009112.0
2016-11-14,138723096.0,126882581.0,131318154.0,135021204.0
2016-11-15,138680658.0,126759090.0,131174687.0,135025235.0
2016-11-16,138634695.0,126625968.0,131020069.0,135029265.0
2016-11-17,138868593.0,127272632.0,131768422.0,135033333.0
2016-11-18,139104601.0,127977072.0,132583679.0,135037400.0
2016-11-21,139217278.0,128309431.0,132967120.0,135049714.0
2016-11-22,138905647.0,127300227.0,131798004.0,135053855.0
2016-11-23,138912242.0,127311531.0,131810610.0,135058034.0
2016-11-24,139032995.0,127688699.0,132246867.0,135062323.0
2016-11-25,138955677.0,127430447.0,131947313.0,135066687.0
2016-11-28,138751270.0,126761580.0,131171252.0,135079888.0
2016-11-29,138692976.0,126580348.0,130960868.0,135084399.0
2016-11-30,138716342.0,126639821.0,131029215.0,135088910.0
2016-12-01,138655307.0,126489381.0,130856702.0,135074262.0
2016-12-02,138822341.0,126972361.0,131415453.0,135078851.0
2016-12-05,138899129.0,127170023.0,131642750.0,135092617.0
2016-12-06,138798512.0,126863716.0,131287522.0,135097206.0
2016-12-07,138688100.0,126528524.0,130898846.0,135101795.0
2016-12-08,138379559.0,125625389.0,129852504.0,135106384.0
2016-12-09,138644449.0,126339424.0,130678810.0,135110973.0
2016-12-12,138736911.0,126565959.0,130939542.0,135124739.0
2016-12-13,138698321.0,126452151.0,130807225.0,135129328.0
2016-12-14,138797379.0,126713781.0,131109656.0,135133917.0
2016-12-15,139106116.0,127562648.0,132092097.0,135138506.0
2016-12-16,139280636.0,128084221.0,132695536.0,135143094.0
2016-12-19,139382422.0,128378220.0,133034390.0,135156861.0
2016-12-20,139575843.0,129005725.0,133760496.0,135161450.0
2016-12-21,139593534.0,129055600.0,133817720.0,135166039.0
2016-12-22,139740051.0,129557968.0,134398921.0,135170627.0
2016-12-23,139845401.0,129935188.0,134835204.0,135175216.0
2016-12-26,139817816.0,129786386.0,134661303.0,135188983.0
2016-12-27,139975970.0,130385070.0,135354036.0,135193572.0
2016-12-28,140052078.0,130666034.0,135678861.0,135198123.0
2016-12-29,139986488.0,130398192.0,135368183.0,135202638.0
2017-01-02,139990668.0,130425393.0,135400200.0,135198146.0
2017-01-03,139882869.0,129993998.0,134900131.0,135202665.0
2017-01-04,139958895.0,130274875.0,135224864.0,135207147.0
2017-01-05,139457890.0,128341873.0,132985969.0,135211629.0
2017-01-06,139645638.0,128988507.0,133734249.0,135216037.0
2017-01-09,140071555.0,130466447.0,135444143.0,135229260.0
2017-01-10,139735063.0,129149405.0,133918526.0,135233668.0
2017-01-11,139783701.0,129324398.0,134120655.0,135238076.0
2017-01-12,139491315.0,128199841.0,132817932.0,135242484.0
2017-01-13,139214955.0,127238908.0,131704682.0,135246892.0
2017-01-16,139448903.0,127956389.0,132533982.0,135260115.0
2017-01-17,139223992.0,127226456.0,131688225.0,135264523.0
2017-01-18,138987499.0,126477253.0,130820154.0,135268931.0
2017-01-19,139347964.0,127528296.0,132036730.0,135273339.0
2017-01-20,139076705.0,126721317.0,131101755.0,135277747.0
2017-01-23,138966697.0,126370184.0,130693621.0,135290970.0
2017-01-24,138983494.0,126410385.0,130739664.0,135295378.0
2017-01-25,138990470.0,126421704.0,130752262.0,135299786.0
2017-01-26,138766017.0,125768704.0,129995592.0,135304194.0
2017-01-31,138886791.0,126056347.0,130326128.0,135326233.0
2017-02-01,138731462.0,125665087.0,129874907.0,135310236.0
2017-02-02,138329721.0,124579104.0,128616850.0,135314648.0
2017-02-03,138363701.0,124657780.0,128707446.0,135319059.0
2017-02-06,137994157.0,123729097.0,127630520.0,135332294.0
2017-02-07,138275552.0,124346818.0,128345319.0,135336705.0
2017-02-08,138404969.0,124627642.0,128669997.0,135341117.0
2017-02-09,138347581.0,124494550.0,128515369.0,135345528.0
2017-02-10,138559546.0,124958280.0,129051849.0,135349940.0
2017-02-13,138630673.0,125098081.0,129212205.0,135363174.0
2017-02-14,137999795.0,123694268.0,127586109.0,135367586.0
2017-02-15,138211767.0,124158015.0,128122609.0,135371997.0
2017-02-16,138184785.0,124092294.0,128045996.0,135376409.0
2017-02-17,138396763.0,124556056.0,128582511.0,135380820.0
2017-02-20,138459200.0,124676599.0,128720568.0,135394055.0
2017-02-21,138401803.0,124543489.0,128565919.0,135398466.0
2017-02-22,138253161.0,124208198.0,128177150.0,135402878.0
2017-02-23,138026305.0,123699603.0,127587698.0,135407289.0
2017-02-24,137766696.0,123142859.0,126942489.0,135411701.0
2017-02-27,137883987.0,123359644.0,127191992.0,135424935.0
2017-02-28,137740716.0,123072459.0,126858928.0,135429347.0
2017-03-02,138264535.0,124117786.0,128070652.0,135418468.0
2017-03-03,138953621.0,125515135.0,129688243.0,135422883.0
2017-03-06,139036780.0,125703349.0,129904660.0,135436128.0
2017-03-07,138587479.0,124559712.0,128579841.0,135440543.0
2017-03-08,138568239.0,124503690.0,128514458.0,135444958.0
2017-03-09,139051431.0,125718307.0,129920449.0,135449373.0
2017-03-10,139028401.0,125652701.0,129843968.0,135453788.0
2017-03-13,138533498.0,124407036.0,128399983.0,135467033.0
2017-03-14,138728073.0,124832492.0,128892142.0,135471448.0
2017-03-15,138505671.0,124333636.0,128313966.0,135475863.0
2017-03-16,137994199.0,123218642.0,127022321.0,135480241.0
2017-03-17,137943706.0,123114459.0,126901173.0,135484619.0
2017-03-20,137415210.0,122080110.0,125701900.0,135497753.0
2017-03-21,137429232.0,122101184.0,125725797.0,135502130.0
2017-03-22,137595352.0,122391831.0,126061854.0,135506508.0
2017-03-23,137549693.0,122306971.0,125963086.0,135510849.0
2017-03-24,137563790.0,122328074.0,125987021.0,135515190.0
2017-03-27,137030440.0,121390051.0,124899305.0,135528212.0
2017-03-28,137045429.0,121411143.0,124923227.0,135532553.0
2017-03-29,137120218.0,121528513.0,125058646.0,135536820.0
2017-03-30,137302581.0,121819201.0,125394762.0,135541086.0
2017-03-31,137377339.0,121936519.0,125530122.0,135545353.0
2017-04-03,137184860.0,121634756.0,125181693.0,135536641.0
2017-04-04,137582287.0,122271894.0,125918993.0,135540912.0
2017-04-05,137734778.0,122514433.0,126199353.0,135545182.0
2017-04-06,138252525.0,123363364.0,127181904.0,135549452.0
2017-04-07,138326373.0,123490473.0,127328601.0,135553723.0
2017-04-10,138743033.0,124237618.0,128192298.0,135566534.0
2017-04-11,138911114.0,124586152.0,128595399.0,135570804.0
2017-04-12,138723430.0,124164541.0,128106697.0,135575000.0
2017-04-13,138207586.0,123040176.0,126804221.0,135579196.0
2017-04-14,138714130.0,124033657.0,127954170.0,135583355.0
2017-04-17,138611752.0,123818237.0,127703277.0,135595832.0
2017-04-18,138844760.0,124272688.0,128229040.0,135599991.0
2017-04-19,138740557.0,124062829.0,127985548.0,135604150.0
2017-04-20,138724288.0,124026201.0,127942652.0,135608309.0
2017-04-21,138463661.0,123508188.0,127342323.0,135612468.0
2017-04-24,138253648.0,123080728.0,126845891.0,135624944.0
2017-04-25,138025990.0,122649417.0,126345961.0,135629103.0
2017-04-26,138012815.0,122622510.0,126314326.0,135633225.0
2017-04-27,138287574.0,123105851.0,126873548.0,135637347.0
2017-04-28,138703267.0,123858775.0,127744943.0,135641469.0
2017-05-02,138340128.0,123145377.0,126919096.0,135639274.0
2017-05-04,138454309.0,123361231.0,127168097.0,135647523.0
2017-05-08,138404535.0,123245002.0,127031599.0,135664023.0
2017-05-10,138626383.0,123672961.0,127526213.0,135672273.0
2017-05-11,138243715.0,122914594.0,126647567.0,135676361.0
2017-05-12,138222632.0,122868558.0,126593785.0,135680448.0
2017-05-15,138036071.0,122509279.0,126176331.0,135692712.0
2017-05-16,137615434.0,121779775.0,125331107.0,135696799.0
2017-05-17,137756052.0,122003374.0,125589562.0,135700850.0
2017-05-18,138130003.0,122602521.0,126282893.0,135704901.0
2017-05-19,138283568.0,122864681.0,126586001.0,135708951.0
2017-05-22,137826384.0,122043452.0,125633631.0,135721103.0
2017-05-23,138133908.0,122584875.0,126260122.0,135725116.0
2017-05-24,138278476.0,122837484.0,126552174.0,135729130.0
2017-05-25,137711191.0,121847975.0,125405880.0,135733143.0
2017-05-26,137965487.0,122254645.0,125876331.0,135737157.0
2017-05-29,138034998.0,122357709.0,125994285.0,135749197.0
2017-05-30,138241576.0,122687377.0,126375570.0,135753211.0
2017-05-31,137909969.0,122150486.0,125753398.0,135757224.0
2017-06-01,138047453.0,122383344.0,126024750.0,135742455.0
2017-06-02,138038809.0,122366472.0,126004748.0,135746471.0
2017-06-05,137839441.0,122036609.0,125621380.0,135758521.0
2017-06-07,138186925.0,122590172.0,126261466.0,135766554.0
2017-06-08,138076695.0,122409739.0,126052064.0,135770570.0
2017-06-09,138145833.0,122518100.0,126177079.0,135774587.0
2017-06-12,138389881.0,122920047.0,126641132.0,135786636.0
2017-06-13,138447643.0,123018797.0,126755019.0,135790653.0
2017-06-14,138212061.0,122597663.0,126266890.0,135794669.0
2017-06-15,138226378.0,122619418.0,126291618.0,135798686.0
2017-06-16,138773104.0,123584744.0,127408981.0,135802702.0
2017-06-19,138707484.0,123457592.0,127260349.0,135814752.0
2017-06-20,138857637.0,123720084.0,127563844.0,135818768.0
2017-06-21,139317072.0,124550599.0,128525099.0,135822785.0
2017-06-22,139168987.0,124254455.0,128181706.0,135826801.0
2017-06-23,139069794.0,124054623.0,127949840.0,135830818.0
2017-06-26,138997199.0,123898320.0,127767453.0,135842867.0
2017-06-27,138990939.0,123881555.0,127747575.0,135846884.0
2017-06-28,139341564.0,124567818.0,128541789.0,135850900.0
2017-06-29,139203360.0,124291137.0,128220933.0,135854917.0
2017-06-30,139353576.0,124582614.0,128557993.0,135858933.0
2017-07-03,139472995.0,124847852.0,128866029.0,135851189.0
2017-07-04,139637355.0,125206661.0,129281056.0,135855209.0
2017-07-05,139636664.0,125199678.0,129272506.0,135859229.0
2017-07-06,139928828.0,125866478.0,130044177.0,135863286.0
2017-07-07,139814576.0,125570730.0,129701239.0,135867343.0
2017-07-10,139643087.0,125116613.0,129173974.0,135879513.0
2017-07-11,139707730.0,125273287.0,129354930.0,135883570.0
2017-07-12,139483068.0,124698314.0,128688654.0,135887627.0
2017-07-13,139140674.0,123853756.0,127710205.0,135891684.0
2017-07-14,139002580.0,123567524.0,127378284.0,135895741.0
2017-07-17,138768622.0,123094144.0,126828713.0,135907912.0
2017-07-18,138506644.0,122596142.0,126251568.0,135911969.0
2017-07-19,138374093.0,122358203.0,125975571.0,135916026.0
2017-07-20,138644453.0,122832890.0,126524779.0,135920083.0
2017-07-21,138250889.0,122132910.0,125713748.0,135924140.0
2017-07-24,138022436.0,121737285.0,125254216.0,135936310.0
2017-07-25,138103892.0,121865429.0,125402135.0,135940367.0
2017-07-26,138497020.0,122494190.0,126129758.0,135944424.0
2017-07-27,137961256.0,121630245.0,125128858.0,135948481.0
2017-07-28,138522106.0,122528530.0,126168584.0,135952538.0
2017-07-31,138346839.0,122237923.0,125830661.0,135964709.0
2017-08-01,138471976.0,122449998.0,126077864.0,135950659.0
2017-08-02,138637246.0,122712567.0,126381444.0,135954719.0
2017-08-03,138917156.0,123177286.0,126919109.0,135958779.0
2017-08-04,138713992.0,122814198.0,126498192.0,135962839.0
2017-08-07,138838774.0,123023974.0,126739700.0,135975018.0
2017-08-08,138733503.0,122834074.0,126519330.0,135979078.0
2017-08-09,139286653.0,123809013.0,127647820.0,135983138.0
2017-08-10,139648986.0,124466270.0,128408440.0,135987198.0
2017-08-11,139725992.0,124613250.0,128578171.0,135991258.0
2017-08-14,139550755.0,124255118.0,128162054.0,136003438.0
2017-08-16,139646005.0,124433500.0,128367677.0,136011557.0
2017-08-17,139439056.0,124021963.0,127890657.0,136015617.0
2017-08-18,139643328.0,124419264.0,128350254.0,136019677.0
2017-08-21,139541401.0,124205327.0,128101111.0,136031857.0
2017-08-22,139290384.0,123707113.0,127523721.0,136035917.0
2017-08-23,139196005.0,123516992.0,127303095.0,136039977.0
2017-08-24,139008632.0,123143960.0,126870663.0,136044037.0
2017-08-25,139026894.0,123175395.0,126906594.0,136048097.0
2017-08-28,138629998.0,122402621.0,126010329.0,136060276.0
2017-08-29,138975669.0,123011869.0,126715361.0,136064299.0
2017-08-30,138859621.0,122802533.0,126472489.0,136068321.0
2017-08-31,139058685.0,123151719.0,126876375.0,136072344.0
2017-09-01,138773602.0,122660568.0,126309405.0,136057008.0
2017-09-04,139337973.0,123649915.0,127453652.0,136069085.0
2017-09-05,139238282.0,123469574.0,127244355.0,136073111.0
2017-09-06,139475387.0,123886170.0,127726300.0,136077137.0
2017-09-07,139153045.0,123311203.0,127060034.0,136081163.0
2017-09-08,139053361.0,123130873.0,126850751.0,136085188.0
2017-09-11,139302986.0,123562365.0,127349013.0,136097266.0
2017-09-12,139121819.0,123237615.0,126972494.0,136101292.0
2017-09-13,139125330.0,123240190.0,126975010.0,136105317.0
2017-09-14,139351571.0,123637532.0,127434658.0,136109343.0
2017-09-15,139306214.0,123553492.0,127336877.0,136113369.0
2017-09-18,139039801.0,123070357.0,126776020.0,136125446.0
2017-09-19,139298659.0,123525508.0,127302610.0,136129472.0
2017-09-20,139139192.0,123239220.0,126970629.0,136133498.0
2017-09-21,139381746.0,123665474.0,127463757.0,136137524.0
2017-09-22,139580705.0,124033940.0,127889968.0,136141550.0
2017-09-25,139361422.0,123589284.0,127373669.0,136153627.0
2017-09-26,139609848.0,124073458.0,127933867.0,136157653.0
2017-09-27,139804426.0,124451719.0,128371420.0,136161679.0
2017-09-28,140208075.0,125263336.0,129310790.0,136165704.0
2017-09-29,140050723.0,124909675.0,128900793.0,136169730.0
2017-10-10,139610790.0,123931556.0,127765827.0,136189835.0
2017-10-11,139619211.0,123943951.0,127779714.0,136193865.0
2017-10-12,139525434.0,123754176.0,127559493.0,136197894.0
2017-10-13,139319595.0,123342998.0,127082892.0,136201924.0
2017-10-16,139277054.0,123245465.0,126968552.0,136214013.0
2017-10-17,139509714.0,123700645.0,127495175.0,136218043.0
2017-10-18,139386686.0,123453078.0,127208033.0,136222073.0
2017-10-19,139512174.0,123696515.0,127489462.0,136226102.0
2017-10-20,139447644.0,123564526.0,127336155.0,136230132.0
2017-10-23,139419675.0,123495784.0,127255156.0,136242221.0
2017-10-24,139286927.0,123229014.0,126945776.0,136246251.0
2017-10-25,139314992.0,123279968.0,127004314.0,136250281.0
2017-10-26,139147195.0,122965009.0,126639132.0,136254311.0
2017-10-27,139469276.0,123535863.0,127299694.0,136258415.0
2017-10-30,139161807.0,122976209.0,126650203.0,136270728.0
2017-10-31,138938766.0,122574668.0,126184752.0,136274832.0
2017-11-01,138600462.0,122000094.0,125520520.0,136265215.0
2017-11-02,138598093.0,121993410.0,125512306.0,136269322.0
2017-11-03,138566137.0,121938627.0,125448393.0,136273428.0
2017-11-06,138648810.0,122063142.0,125591154.0,136285748.0
2017-11-07,138468175.0,121767805.0,125248686.0,136289855.0
2017-11-08,138692157.0,122127113.0,125664281.0,136293961.0
2017-11-09,138696009.0,122130263.0,125667455.0,136298068.0
2017-11-10,138789098.0,122277795.0,125837819.0,136302175.0
2017-11-13,139008999.0,122624252.0,126237572.0,136314606.0
2017-11-14,138864160.0,122386773.0,125962093.0,136318788.0
2017-11-15,138522926.0,121831513.0,125318625.0,136323006.0
2017-11-16,137861668.0,120785215.0,124106542.0,136327262.0
2017-11-17,137584270.0,120412932.0,123674950.0,136331556.0
2017-11-20,137832103.0,120721371.0,124030614.0,136344547.0
2017-11-21,137470339.0,120262441.0,123498677.0,136348915.0
2017-11-22,136947333.0,119620484.0,122754795.0,136353321.0
2017-11-23,136638091.0,119267416.0,122345436.0,136357763.0
2017-11-24,136641978.0,119270648.0,122348661.0,136362243.0
2017-11-27,136924211.0,119588471.0,122715139.0,136375683.0
2017-11-28,136572916.0,119187228.0,122249991.0,136380163.0
2017-11-29,135917696.0,118458445.0,121405553.0,136384680.0
2017-11-30,136981416.0,119559779.0,122680297.0,136389683.0
2017-12-01,136800311.0,119375083.0,122468142.0,136374810.0
2017-12-04,137026217.0,119606560.0,122734426.0,136390054.0
2017-12-05,136760729.0,119330763.0,122414470.0,136395136.0
2017-12-06,137482518.0,120094619.0,123298413.0,136400217.0
2017-12-07,137469743.0,120078715.0,123279408.0,136405298.0
2017-12-08,137456941.0,120062781.0,123260369.0,136410380.0
2017-12-11,137385086.0,119976893.0,123159151.0,136425624.0
2017-12-12,137397799.0,119990011.0,123173754.0,136430705.0
2017-12-13,137258199.0,119829703.0,122987533.0,136435787.0
2017-12-14,137127098.0,119679072.0,122812518.0,136440868.0
2017-12-15,137190469.0,119749869.0,122893913.0,136445949.0
2017-12-18,137093580.0,119635476.0,122759685.0,136461193.0
2017-12-19,136793427.0,119292360.0,122361777.0,136466275.0
2017-12-20,136443074.0,118910732.0,121919271.0,136471356.0
2017-12-21,136614360.0,119087570.0,122123459.0,136476438.0
2017-12-22,136339525.0,118802080.0,121792279.0,136481519.0
2017-12-26,136022733.0,118470629.0,121406117.0,136501844.0
2017-12-27,135824838.0,118281711.0,121186767.0,136506926.0
2017-12-28,135463656.0,117938518.0,120788769.0,136512007.0
2018-01-02,134505134.0,117043850.0,119752719.0,136512373.0
2018-01-03,134871324.0,117365099.0,120124131.0,136517459.0
2018-01-04,134622959.0,117147320.0,119871359.0,136522546.0
2018-01-05,134681947.0,117199003.0,119930619.0,136527632.0
2018-01-08,135057157.0,117527860.0,120309665.0,136542892.0
2018-01-09,135182210.0,117637465.0,120435996.0,136547978.0
2018-01-10,135713516.0,118103241.0,120974767.0,136553065.0
2018-01-11,135728747.0,118116561.0,120989604.0,136558151.0
2018-01-12,134942292.0,117427024.0,120190547.0,136563238.0
2018-01-15,134724326.0,117235829.0,119967383.0,136578497.0
2018-01-16,134728609.0,117239551.0,119971105.0,136583584.0
2018-01-17,135457778.0,117878799.0,120710757.0,136588633.0
2018-01-18,135615855.0,118017356.0,120870620.0,136593682.0
2018-01-19,135092878.0,117558817.0,120339057.0,136598731.0
2018-01-22,135567130.0,117974508.0,120818667.0,136613878.0
2018-01-23,135582386.0,117987851.0,120833535.0,136618927.0
2018-01-24,135586625.0,117991535.0,120837217.0,136623976.0
2018-01-25,134316410.0,116877874.0,119547037.0,136629026.0
2018-01-26,134902843.0,117391981.0,120141779.0,136634075.0
2018-01-29,135102480.0,117566910.0,120342592.0,136649222.0
2018-01-30,135985781.0,118341290.0,121238723.0,136654271.0
2018-01-31,135363789.0,117795941.0,120606637.0,136659320.0
2018-02-01,135787952.0,118167897.0,121039476.0,136640962.0
2018-02-02,136632334.0,118922526.0,121912737.0,136646016.0
2018-02-05,137521575.0,119781488.0,122905645.0,136661177.0
2018-02-06,137805100.0,120074293.0,123244122.0,136666231.0
2018-02-07,137354384.0,119606657.0,122702025.0,136671285.0
2018-02-08,137479977.0,119735893.0,122851094.0,136676339.0
2018-02-09,137858650.0,120144344.0,123323488.0,136681393.0
2018-02-12,137239371.0,119435163.0,122500517.0,136696554.0
2018-02-13,137235787.0,119429720.0,122493631.0,136701608.0
2018-02-14,136606472.0,118730924.0,121683855.0,136706662.0
2018-02-19,135718970.0,117827422.0,120634697.0,136731931.0
2018-02-20,136324707.0,118400012.0,121297160.0,136736985.0
2018-02-21,136604741.0,118664365.0,121602691.0,136742039.0
2018-02-22,137418065.0,119448851.0,122510525.0,136747092.0
2018-02-23,136928876.0,118942623.0,121923740.0,136752146.0
2018-02-26,136405129.0,118416324.0,121312544.0,136767308.0
2018-02-27,136195808.0,118218357.0,121082718.0,136772362.0
2018-02-28,137372682.0,119330623.0,122370115.0,136777416.0
2018-03-02,137106210.0,119079525.0,122080789.0,136764953.0
2018-03-05,137294711.0,119256557.0,122284034.0,136780128.0
2018-03-06,136698985.0,118692991.0,121630852.0,136785186.0
2018-03-07,135991195.0,118023485.0,120854993.0,136790245.0
2018-03-08,136108217.0,118133723.0,120982062.0,136795303.0
2018-03-09,136072483.0,118099552.0,120941908.0,136800362.0
2018-03-12,135602674.0,117669979.0,120442716.0,136815537.0
2018-03-13,135861698.0,117895943.0,120703792.0,136820596.0
2018-03-14,135546450.0,117621268.0,120385140.0,136825654.0
2018-03-15,135640176.0,117702909.0,120479094.0,136830712.0
2018-03-16,135733942.0,117784584.0,120573087.0,136835771.0
2018-03-19,136347124.0,118318762.0,121189900.0,136850946.0
2018-03-20,136020923.0,118034544.0,120860197.0,136856005.0
2018-03-21,136435210.0,118395471.0,121277558.0,136861063.0
2018-03-22,136484608.0,118438491.0,121326789.0,136866121.0
2018-03-23,137523350.0,119358177.0,122391182.0,136871180.0
2018-03-26,137427489.0,119266376.0,122283124.0,136886355.0
2018-03-27,136332127.0,118230505.0,121083022.0,136891414.0
2018-03-28,136388275.0,118283190.0,121143445.0,136896472.0
2018-03-29,135894028.0,117815571.0,120601367.0,136901530.0
2018-03-30,135637919.0,117588808.0,120338196.0,136906589.0
2018-04-02,134848897.0,116916105.0,119560256.0,136897615.0
2018-04-03,134567716.0,116689608.0,119297393.0,136902678.0
2018-04-04,135240278.0,117233064.0,119926119.0,136907742.0
2018-04-05,135233498.0,117227885.0,119919536.0,136912805.0
2018-04-06,136402049.0,118185409.0,121027743.0,136917869.0
2018-04-09,136141639.0,117958500.0,120763232.0,136933059.0
2018-04-10,136069494.0,117895633.0,120689847.0,136938122.0
2018-04-11,136063633.0,117890504.0,120683323.0,136943185.0
2018-04-12,136422621.0,118203188.0,121044819.0,136948249.0
2018-04-13,136427923.0,118207784.0,121049555.0,136953312.0
2018-04-16,136941637.0,118655199.0,121565897.0,136968502.0
2018-04-17,136173149.0,117985761.0,120790116.0,136973565.0
2018-04-18,136366567.0,118154220.0,120984603.0,136978629.0
2018-04-19,135575942.0,117465500.0,120186494.0,136983692.0
2018-04-20,136222714.0,118028867.0,120838275.0,136988755.0
2018-04-23,136427664.0,118207324.0,121043170.0,137003945.0
2018-04-24,137279136.0,118963658.0,121918403.0,137009009.0
2018-04-25,137672008.0,119334634.0,122347400.0,137014072.0
2018-04-26,137708094.0,119368346.0,122385852.0,137019135.0
2018-04-27,137275291.0,118958826.0,121911052.0,137024199.0
2018-04-30,136415543.0,118144925.0,120966815.0,137039389.0
2018-05-02,137227090.0,118913161.0,121857950.0,137026123.0
2018-05-03,137252980.0,118937236.0,121885242.0,137031191.0
2018-05-04,137350148.0,119028695.0,121990564.0,137036259.0
2018-05-08,137301462.0,118981068.0,121933070.0,137056531.0
2018-05-09,137755261.0,119409672.0,122428798.0,137061599.0
2018-05-10,136966556.0,118663662.0,121564348.0,137066667.0
2018-05-11,136585262.0,118302801.0,121145893.0,137071735.0
2018-05-14,136470220.0,118192845.0,121016808.0,137086940.0
2018-05-15,137066840.0,118756466.0,121668884.0,137092008.0
2018-05-16,137459728.0,119127486.0,122097932.0,137097076.0
2018-05-17,137832272.0,119479276.0,122504711.0,137102144.0
2018-05-18,137471243.0,119137572.0,122108439.0,137107212.0
2018-05-21,138266653.0,119904298.0,122994534.0,137122416.0
2018-05-23,137839839.0,119461681.0,122480821.0,137132553.0
2018-05-24,137742952.0,119360744.0,122363352.0,137137621.0
2018-05-25,137599396.0,119211596.0,122190056.0,137142689.0
2018-05-28,137245084.0,118860433.0,121781659.0,137157893.0
2018-05-29,137515637.0,119116080.0,122077107.0,137162961.0
2018-05-30,137939596.0,119516302.0,122539970.0,137168029.0
2018-05-31,137619059.0,119213008.0,122188176.0,137173097.0
2018-06-01,137322984.0,118934554.0,121867853.0,137154751.0
2018-06-04,137024745.0,118651539.0,121538368.0,137169969.0
2018-06-05,136908333.0,118541138.0,121409940.0,137175042.0
2018-06-07,136746741.0,118387644.0,121231024.0,137185188.0
2018-06-08,137455582.0,119057047.0,122005592.0,137190261.0
2018-06-11,137401836.0,119005060.0,121943632.0,137205479.0
2018-06-12,137611460.0,119202739.0,122171954.0,137210552.0
2018-06-14,138207516.0,119781188.0,122840614.0,137220698.0
2018-06-15,139557394.0,121192485.0,124474279.0,137225771.0
2018-06-18,140158924.0,121892087.0,125282645.0,137240989.0
2018-06-19,140492544.0,122311565.0,125767805.0,137246062.0
2018-06-20,140193333.0,121931483.0,125327092.0,137251135.0
2018-06-21,140769494.0,122678516.0,126191554.0,137256208.0
2018-06-22,140408487.0,122163509.0,125594600.0,137261281.0
2018-06-25,141091185.0,123123514.0,126704506.0,137276499.0
2018-06-26,140933909.0,122897539.0,126442246.0,137281572.0
2018-06-27,141129797.0,123172601.0,126760175.0,137286645.0
2018-06-28,141566964.0,123813880.0,127502177.0,137291718.0
2018-06-29,140994533.0,122884367.0,126425233.0,137296790.0
2018-07-02,141311384.0,123405244.0,127029438.0,137287791.0
2018-07-03,141239798.0,123285530.0,126890226.0,137292869.0
2018-07-04,140995665.0,122886648.0,126427741.0,137297947.0
2018-07-05,141245316.0,123286675.0,126890377.0,137303025.0
2018-07-06,141090395.0,123032132.0,126595034.0,137308102.0
2018-07-09,140887498.0,122692182.0,126199618.0,137323336.0
2018-07-10,141119400.0,123063490.0,126628999.0,137328413.0
2018-07-11,141363188.0,123454031.0,127080650.0,137333491.0
2018-07-12,141720099.0,124027599.0,127744242.0,137338569.0
2018-07-13,141583022.0,123801924.0,127482329.0,137343647.0
2018-07-16,141928636.0,124367575.0,128135580.0,137358880.0
2018-07-17,141658964.0,123881933.0,127572629.0,137363958.0
2018-07-18,142107648.0,124677275.0,128493031.0,137369036.0
2018-07-19,142162036.0,124769502.0,128599242.0,137374113.0
2018-07-20,142194804.0,124823176.0,128660808.0,137379191.0
2018-07-23,142087864.0,124618204.0,128421693.0,137394424.0
2018-07-24,142298984.0,124989918.0,128851544.0,137399502.0
2018-07-25,141823883.0,124137952.0,127864397.0,137404580.0
2018-07-26,141451373.0,123468927.0,127089094.0,137409658.0
2018-07-27,141392267.0,123358770.0,126960947.0,137414735.0
2018-07-30,141521731.0,123575356.0,127209989.0,137429969.0
2018-07-31,141446452.0,123436359.0,127048446.0,137435046.0
2018-08-01,141528437.0,123599976.0,127240036.0,137416665.0
2018-08-02,141831086.0,124134937.0,127858922.0,137421748.0
2018-08-03,141917832.0,124284871.0,128031955.0,137426830.0
2018-08-06,141739583.0,123952703.0,127645548.0,137442078.0
2018-08-07,141734143.0,123938238.0,127628211.0,137447160.0
2018-08-08,141528944.0,123567535.0,127198357.0,137452243.0
2018-08-09,141376949.0,123312344.0,126902263.0,137457325.0
2018-08-10,142069273.0,124443647.0,128211701.0,137462408.0
2018-08-13,142355430.0,124939661.0,128784312.0,137477655.0
2018-08-14,142036834.0,124366731.0,128120284.0,137482738.0
2018-08-16,142166415.0,124588285.0,128375663.0,137492903.0
2018-08-17,141890929.0,124092236.0,127800661.0,137497986.0
2018-08-20,141809837.0,123933322.0,127614880.0,137513233.0
2018-08-21,141561351.0,123485421.0,127095632.0,137518316.0
2018-08-22,141593757.0,123538447.0,127156447.0,137523398.0
2018-08-23,141734191.0,123784120.0,127440344.0,137528481.0
2018-08-24,141604537.0,123548138.0,127166494.0,137533563.0
2018-08-27,141333767.0,123071588.0,126612896.0,137548811.0
2018-08-28,141111782.0,122710392.0,126194052.0,137553893.0
2018-08-29,141129208.0,122734608.0,126221505.0,137558976.0
2018-08-30,141027430.0,122585311.0,126048035.0,137564058.0
2018-08-31,141314569.0,123004573.0,126532944.0,137569141.0
2018-09-03,141133059.0,122743906.0,126232321.0,137558559.0
2018-09-04,141439889.0,123191637.0,126750195.0,137563647.0
2018-09-05,141866129.0,123831954.0,127491082.0,137568735.0
2018-09-06,142020980.0,124077610.0,127774957.0,137573823.0
2018-09-07,141954818.0,123967121.0,127646425.0,137578910.0
2018-09-10,142294349.0,124521466.0,128286580.0,137594174.0
2018-09-11,142132498.0,124228064.0,127946239.0,137599261.0
2018-09-12,142316222.0,124550914.0,128319504.0,137604349.0
2018-09-13,141986964.0,123958982.0,127633471.0,137609437.0
2018-09-14,141667703.0,123405548.0,126992019.0,137614525.0
2018-09-17,142281778.0,124383911.0,128123178.0,137629788.0
2018-09-18,142084161.0,124061581.0,127749338.0,137634876.0
2018-09-19,141964210.0,123864405.0,127520424.0,137639964.0
2018-09-20,141927947.0,123802091.0,127447678.0,137645051.0
2018-09-21,141628691.0,123315972.0,126884174.0,137650139.0
2018-09-27,141494769.0,123076894.0,126603797.0,137680666.0
2018-09-28,141309026.0,122773698.0,126252114.0,137685754.0
2018-10-01,141451538.0,123008352.0,126524611.0,137679079.0
2018-10-02,141899232.0,123725907.0,127354936.0,137684171.0
2018-10-04,142538063.0,124766455.0,128558692.0,137694355.0
2018-10-05,142570710.0,124819890.0,128619979.0,137699448.0
2018-10-08,142711859.0,125057242.0,128893062.0,137714724.0
2018-10-10,142793545.0,125193341.0,129049484.0,137724909.0
2018-10-11,143350028.0,126200243.0,130214868.0,137730001.0
2018-10-12,142722108.0,124953870.0,128771000.0,137735131.0
2018-10-15,142880908.0,125249924.0,129112033.0,137750634.0
2018-10-16,142579587.0,124648699.0,128415224.0,137755839.0
2018-10-17,142500619.0,124509790.0,128253769.0,137761045.0
2018-10-18,142980344.0,125353392.0,129230036.0,137766288.0
2018-10-19,142817315.0,125060352.0,128890092.0,137771569.0
2018-10-22,142633580.0,124720948.0,128495237.0,137787411.0
2018-10-23,143129272.0,125612990.0,129527593.0,137792692.0
2018-10-24,142876705.0,125108006.0,128942222.0,137797973.0
2018-10-25,143160633.0,125662899.0,129584166.0,137803254.0
2018-10-26,143356773.0,126044363.0,130025282.0,137808535.0
2018-10-29,143350232.0,126013373.0,129987566.0,137824377.0
2018-10-30,143248837.0,125807040.0,129748025.0,137829658.0
2018-10-31,143274281.0,125851284.0,129798648.0,137834939.0
2018-11-01,143179075.0,125685641.0,129609096.0,137815404.0
2018-11-02,142369467.0,124103058.0,127775887.0,137820690.0
2018-11-05,142490677.0,124303092.0,128005688.0,137836548.0
2018-11-06,142513008.0,124337660.0,128045106.0,137841834.0
2018-11-07,142491764.0,124295236.0,127995369.0,137847120.0
2018-11-08,142159131.0,123723185.0,127332335.0,137852406.0
2018-11-09,142816103.0,124788020.0,128564780.0,137857692.0
2018-11-12,143139324.0,125344434.0,129207263.0,137873551.0
2018-11-13,143112683.0,125292472.0,129146481.0,137878837.0
2018-11-14,143173238.0,125394573.0,129264100.0,137884123.0
2018-11-15,142901254.0,124909125.0,128701351.0,137889409.0
2018-11-16,142869094.0,124847411.0,128629277.0,137894695.0
2018-11-19,142892693.0,124874436.0,128658738.0,137910553.0
2018-11-20,142746071.0,124610485.0,128352477.0,137915839.0
2018-11-21,143068410.0,125175122.0,129005703.0,137921125.0
2018-11-22,142943628.0,124949757.0,128744125.0,137926411.0
2018-11-23,143020606.0,125080876.0,128895346.0,137931697.0
2018-11-26,142951654.0,124944376.0,128735449.0,137947556.0
2018-11-27,142985010.0,124998421.0,128797420.0,137952842.0
2018-11-28,142832894.0,124724761.0,128479917.0,137958128.0
2018-11-29,142440695.0,124026911.0,127671210.0,137963414.0
2018-11-30,142556236.0,124225465.0,127900434.0,137969455.0
2018-12-03,141961400.0,123202595.0,126716941.0,137961064.0
2018-12-04,141630540.0,122688733.0,126121200.0,137967111.0
2018-12-05,142218448.0,123541742.0,127108268.0,137973159.0
2018-12-06,142623101.0,124144482.0,127805529.0,137979207.0
2018-12-07,142599485.0,124102230.0,127755903.0,137985254.0
2018-12-10,143023171.0,124765166.0,128521471.0,138003397.0
2018-12-11,143235038.0,125117782.0,128929095.0,138009445.0
2018-12-12,143154430.0,124969759.0,128756988.0,138015492.0
2018-12-13,142883025.0,124484643.0,128194535.0,138021540.0
2018-12-14,143292934.0,125203252.0,129025970.0,138027588.0
2018-12-17,143339837.0,125269299.0,129100353.0,138045730.0
2018-12-18,143253671.0,125111456.0,128916875.0,138051778.0
2018-12-19,142927616.0,124529786.0,128242615.0,138057826.0
2018-12-20,143168566.0,124949883.0,128728379.0,138063873.0
2018-12-21,142880628.0,124435555.0,128132099.0,138069921.0
2018-12-24,143053155.0,124723552.0,128463496.0,138088064.0
2018-12-26,143077321.0,124754893.0,128498372.0,138100310.0
2018-12-27,142789367.0,124240469.0,127901972.0,138106433.0
2018-12-28,142549727.0,123831977.0,127428234.0,138112594.0
2019-01-02,142751414.0,124152173.0,127798700.0,138115320.0
2019-01-03,143270657.0,124995536.0,128774588.0,138121450.0
2019-01-04,143102789.0,124693464.0,128424112.0,138127353.0
2019-01-07,142800898.0,124143644.0,127785384.0,138145062.0
2019-01-08,143107132.0,124679232.0,128404902.0,138150965.0
2019-01-09,143004657.0,124492699.0,128188218.0,138156868.0
2019-01-10,142804039.0,124132764.0,127770739.0,138162771.0
2019-01-11,142695278.0,123955756.0,127565084.0,138168674.0
2019-01-14,143112622.0,124609405.0,128319949.0,138186383.0
2019-01-15,142980460.0,124393915.0,128069735.0,138192286.0
2019-01-16,142950785.0,124342087.0,128009036.0,138198189.0
2019-01-17,143102045.0,124579195.0,128282920.0,138204092.0
2019-01-18,143072335.0,124527311.0,128222157.0,138209995.0
2019-01-21,143454050.0,125142362.0,128932326.0,138227704.0
2019-01-22,143591427.0,125379593.0,129206352.0,138233607.0
2019-01-23,143423381.0,125077218.0,128855525.0,138239510.0
2019-01-24,143500674.0,125208297.0,129006629.0,138245413.0
2019-01-25,143108954.0,124510745.0,128198197.0,138251316.0
2019-01-28,142920267.0,124181606.0,127815014.0,138269025.0
2019-01-29,142854016.0,124071871.0,127687260.0,138274928.0
2019-01-30,142848430.0,124058508.0,127671104.0,138280831.0
2019-01-31,142637601.0,123717393.0,127275417.0,138286734.0
2019-02-01,142982306.0,124283645.0,127933599.0,138265330.0
2019-02-07,143340875.0,124829521.0,128561614.0,138300787.0
2019-02-08,143335348.0,124816250.0,128545563.0,138306696.0
2019-02-11,143403304.0,124911422.0,128653721.0,138324424.0
2019-02-12,143361589.0,124840367.0,128570758.0,138330334.0
2019-02-13,143235448.0,124634502.0,128331686.0,138336243.0
2019-02-14,143447054.0,124967943.0,128717122.0,138342153.0
2019-02-15,143658957.0,125320680.0,129124901.0,138348062.0
2019-02-18,143520417.0,125059352.0,128820225.0,138365904.0
2019-02-19,143657882.0,125296653.0,129094323.0,138371889.0
2019-02-20,143408189.0,124849924.0,128576323.0,138377912.0
2019-02-21,143507491.0,125019769.0,128772304.0,138383935.0
2019-02-22,143514106.0,125025863.0,128778664.0,138389958.0
2019-02-25,143304912.0,124639495.0,128329170.0,138408027.0
2019-02-26,143180583.0,124414249.0,128067644.0,138414051.0
2019-02-27,143214439.0,124468470.0,128129734.0,138420074.0
2019-02-28,143526521.0,125014234.0,128761021.0,138426097.0
2019-03-04,143532454.0,125028935.0,128778550.0,138421721.0
2019-03-05,143571763.0,125092789.0,128851794.0,138427751.0
2019-03-06,143758180.0,125416556.0,129226013.0,138433780.0
2019-03-07,143775692.0,125441898.0,129254661.0,138439810.0
2019-03-08,144162860.0,126141173.0,130063711.0,138445840.0
2019-03-11,144060858.0,125918917.0,129804251.0,138463930.0
2019-03-12,143877387.0,125549524.0,129375804.0,138469960.0
2019-03-13,144020442.0,125825244.0,129694386.0,138475990.0
2019-03-14,144134264.0,126043211.0,129946090.0,138482019.0
2019-03-15,144262746.0,126290095.0,130231275.0,138488087.0
2019-03-18,144029061.0,125807543.0,129670385.0,138506291.0
2019-03-19,143962556.0,125669195.0,129509480.0,138512358.0
2019-03-20,143959442.0,125656090.0,129493603.0,138518426.0
2019-03-21,143834444.0,125402178.0,129198877.0,138524494.0
2019-03-22,143958090.0,125639508.0,129472998.0,138530562.0
2019-03-25,144177910.0,126052940.0,129949639.0,138548765.0
2019-03-26,144145524.0,125982002.0,129866793.0,138554833.0
2019-03-27,144205775.0,126094085.0,129995881.0,138560901.0
2019-03-28,144324548.0,126321789.0,130258856.0,138566969.0
2019-03-29,144248172.0,126163937.0,130075366.0,138573036.0
2019-04-01,144171060.0,126020696.0,129910409.0,138565134.0
2019-04-02,144309156.0,126286619.0,130217645.0,138571170.0
2019-04-03,144213380.0,126090559.0,129989923.0,138577130.0
2019-04-04,144317365.0,126289174.0,130219226.0,138583090.0
2019-04-05,144338499.0,126324142.0,130259033.0,138589013.0
2019-04-08,144752751.0,127122228.0,131181146.0,138606779.0
2019-04-09,144632541.0,126877938.0,130897579.0,138612702.0
2019-04-10,144468470.0,126546989.0,130513662.0,138618624.0
2019-04-11,144513970.0,126630095.0,130609213.0,138624546.0
2019-04-12,144520493.0,126636196.0,130615593.0,138630468.0
2019-04-15,144232888.0,126047601.0,129931958.0,138648235.0
2019-04-16,144366139.0,126304082.0,130228273.0,138654157.0
2019-04-17,144328774.0,126223470.0,130134242.0,138660080.0
2019-04-18,144437648.0,126431788.0,130374784.0,138666002.0
2019-04-19,144444135.0,126437817.0,130381081.0,138671924.0
2019-04-22,144687945.0,126899286.0,130913412.0,138689577.0
2019-04-23,144709095.0,126934329.0,130953311.0,138695461.0
2019-04-24,145148603.0,127817320.0,131975116.0,138701345.0
2019-04-25,145561803.0,128748550.0,133052781.0,138707230.0
2019-04-26,145587275.0,128802865.0,133115001.0,138713076.0
2019-04-29,145511280.0,128580484.0,132855460.0,138730615.0
2019-04-30,145881897.0,129521610.0,133944588.0,138736461.0
2019-05-02,145774867.0,129263424.0,133647521.0,138719969.0
2019-05-03,145933447.0,129683523.0,134133310.0,138725822.0
2019-05-07,145835289.0,129371403.0,133769176.0,138749233.0
2019-05-08,145944356.0,129656813.0,134098998.0,138755086.0
2019-05-09,146313264.0,130664393.0,135265078.0,138760939.0
2019-05-10,146228011.0,130401038.0,134959441.0,138766791.0
2019-05-13,146585404.0,131430780.0,136149832.0,138784350.0
2019-05-14,146649002.0,131619998.0,136368266.0,138790203.0
2019-05-15,146631326.0,131549219.0,136285628.0,138796056.0
2019-05-16,146725030.0,131834747.0,136615587.0,138801909.0
2019-05-17,146852218.0,132245489.0,137090541.0,138807761.0
2019-05-20,146830105.0,132119603.0,136942738.0,138825320.0
2019-05-21,146830978.0,132106535.0,136926928.0,138831173.0
2019-05-22,146804353.0,131997087.0,136799514.0,138837026.0
2019-05-23,146711743.0,131656356.0,136398822.0,138842878.0
2019-05-24,146696078.0,131585323.0,136313727.0,138848731.0
2019-05-27,146607831.0,131227630.0,135887610.0,138866290.0
2019-05-28,146649914.0,131359007.0,136042388.0,138872143.0
2019-05-29,146878978.0,132145761.0,136973384.0,138877995.0
2019-05-30,146745099.0,131660380.0,136397683.0,138883848.0
2019-05-31,146809174.0,131868841.0,136643757.0,138889701.0
2019-06-03,146548655.0,131008240.0,135626169.0,138878224.0
2019-06-04,146575929.0,131081637.0,135712287.0,138884007.0
2019-06-05,146455328.0,130683358.0,135239746.0,138889791.0
2019-06-07,146552334.0,130964482.0,135571085.0,138901358.0
2019-06-10,146685815.0,131347838.0,136022697.0,138918708.0
2019-06-11,146546974.0,130891439.0,135481317.0,138924491.0
2019-06-12,146619595.0,131108943.0,135738123.0,138930237.0
2019-06-13,146640798.0,131162606.0,135800874.0,138935982.0
2019-06-14,146713389.0,131380014.0,136057567.0,138941727.0
2019-06-17,146767974.0,131512529.0,136212110.0,138958849.0
2019-06-18,146752912.0,131450728.0,136138109.0,138964557.0
2019-06-19,146465755.0,130521910.0,135037202.0,138970264.0
2019-06-20,146036865.0,129178696.0,133445478.0,138975971.0
2019-06-21,146110599.0,129366933.0,133667625.0,138981679.0
2019-06-24,145859865.0,128660121.0,132828074.0,138998687.0
2019-06-25,145855048.0,128636404.0,132799186.0,139004356.0
2019-06-26,145875305.0,128680215.0,132850284.0,139009987.0
2019-06-27,145934948.0,128829986.0,133026883.0,139015618.0
2019-06-28,145819084.0,128507595.0,132644246.0,139021250.0
2019-07-01,145957850.0,128895305.0,133104543.0,139013516.0
2019-07-02,146221493.0,129593794.0,133931050.0,139019152.0
2019-07-03,146417177.0,130109478.0,134541039.0,139024789.0
2019-07-04,146326580.0,129855085.0,134238939.0,139030426.0
2019-07-05,146397047.0,130033942.0,134449987.0,139036062.0
2019-07-08,146824573.0,131167832.0,135790602.0,139052973.0
2019-07-09,146781153.0,131029125.0,135625523.0,139058609.0
2019-07-10,146823487.0,131140573.0,135756730.0,139064246.0
2019-07-11,146562100.0,130366029.0,134838557.0,139069883.0
2019-07-12,146756226.0,130920275.0,135494220.0,139075519.0
2019-07-15,146777467.0,130946104.0,135522433.0,139092430.0
2019-07-16,146727308.0,130787739.0,135334070.0,139098066.0
2019-07-17,146855284.0,131149423.0,135761687.0,139103513.0
2019-07-18,146778110.0,130913634.0,135481713.0,139108502.0
2019-07-19,146641443.0,130504461.0,134996392.0,139113415.0
2019-07-22,146782951.0,130885762.0,135445936.0,139128154.0
2019-07-23,146808088.0,130948592.0,135519662.0,139133067.0
2019-07-24,146780327.0,130857355.0,135410924.0,139137866.0
2019-07-25,146904446.0,131209334.0,135827148.0,139142589.0
2019-07-26,147012712.0,131532492.0,136209242.0,139147273.0
2019-07-29,146988946.0,131422753.0,136077287.0,139161327.0
2019-07-30,146936600.0,131244728.0,135865779.0,139165973.0
2019-07-31,146987032.0,131394343.0,136042342.0,139170544.0
2019-08-01,147128417.0,131894154.0,136637183.0,139150228.0
2019-08-02,147414518.0,132813616.0,137725563.0,139154803.0
2019-08-05,147893396.0,134494040.0,139713948.0,139168527.0
2019-08-06,147898381.0,134499130.0,139719337.0,139173064.0
2019-08-07,147894643.0,134466574.0,139680140.0,139177600.0
2019-08-08,147772678.0,133923730.0,139036549.0,139182137.0
2019-08-09,147806842.0,134054763.0,139191109.0,139186674.0
2019-08-12,147949511.0,134621268.0,139860170.0,139200284.0
2019-08-13,148082994.0,135204975.0,140550882.0,139204821.0
2019-08-14,147900141.0,134295857.0,139473472.0,139209357.0
2019-08-16,147872631.0,134123786.0,139268392.0,139218431.0
2019-08-19,147891852.0,134160089.0,139309475.0,139232041.0
2019-08-20,147837591.0,133905675.0,139007505.0,139236577.0
2019-08-21,147712055.0,133352693.0,138351907.0,139241114.0
2019-08-22,147827499.0,133830593.0,138917300.0,139245651.0
2019-08-23,147904667.0,134144655.0,139288641.0,139250187.0
2019-08-26,148082253.0,134856038.0,140129297.0,139263797.0
2019-08-27,147938835.0,134225888.0,139382301.0,139268334.0
2019-08-28,148004782.0,134491917.0,139696750.0,139272871.0
2019-08-29,148066232.0,134738695.0,139988400.0,139277407.0
2019-08-30,147954322.0,134243410.0,139401139.0,139281944.0
2019-09-02,147935538.0,134194250.0,139344148.0,139273174.0
2019-09-03,148048637.0,134662096.0,139897632.0,139277715.0
2019-09-04,147887410.0,133955568.0,139060165.0,139282293.0
2019-09-05,147706994.0,133191230.0,138154214.0,139286987.0
2019-09-06,147629152.0,132879266.0,137784054.0,139291718.0
2019-09-09,147546994.0,132520902.0,137357605.0,139305913.0
2019-09-10,147559859.0,132555453.0,137397862.0,139310644.0
2019-09-11,147501527.0,132339680.0,137141632.0,139315376.0
2019-09-16,147308193.0,131607717.0,136271356.0,139339033.0
2019-09-17,147525316.0,132345476.0,137144502.0,139343764.0
2019-09-18,147547379.0,132408924.0,137218985.0,139348496.0
2019-09-19,147616826.0,132636073.0,137487352.0,139353266.0
2019-09-20,147466122.0,132102172.0,136854321.0,139358035.0
2019-09-23,147649430.0,132697079.0,137556923.0,139372344.0
2019-09-24,147702163.0,132866448.0,137756855.0,139377114.0
2019-09-25,147793893.0,133170627.0,138116458.0,139381883.0
2019-09-26,147799169.0,133175942.0,138122082.0,139386653.0
2019-09-27,147835080.0,133287157.0,138253135.0,139391423.0
2019-09-30,147747905.0,132947017.0,137848255.0,139405731.0
2019-10-01,147807437.0,133196817.0,138146426.0,139389353.0
2019-10-02,148001769.0,133875807.0,138949960.0,139394126.0
2019-10-04,147780647.0,133000175.0,137911506.0,139403674.0
2019-10-07,147791192.0,132996098.0,137904662.0,139417994.0
2019-10-08,147708285.0,132664086.0,137510752.0,139422768.0
2019-10-10,147796578.0,132972286.0,137874444.0,139432315.0
2019-10-11,147609709.0,132264612.0,137035594.0,139437089.0
2019-10-14,147516351.0,131903567.0,136605952.0,139451410.0
2019-10-15,147529842.0,131937254.0,136645180.0,139456183.0
2019-10-16,147606821.0,132192326.0,136946720.0,139460231.0
2019-10-17,147589056.0,132119960.0,136860440.0,139464279.0
2019-10-18,147434538.0,131594912.0,136237997.0,139468327.0
2019-10-21,147151823.0,130693903.0,135169120.0,139480471.0
2019-10-22,147079653.0,130476944.0,134911582.0,139484519.0
2019-10-23,147174127.0,130741628.0,135224507.0,139488567.0
2019-10-24,147195381.0,130794460.0,135286507.0,139492654.0
2019-10-25,147203302.0,130808729.0,135302833.0,139496740.0
2019-10-28,147141042.0,130601042.0,135055008.0,139509800.0
2019-10-29,146877791.0,129863696.0,134181073.0,139514154.0
2019-10-30,147080197.0,130359624.0,134767844.0,139518507.0
2019-10-31,146902523.0,129911019.0,134235897.0,139522861.0
2019-11-01,146969408.0,130104752.0,134467732.0,139505984.0
2019-11-04,146735442.0,129501447.0,133751298.0,139519285.0
2019-11-05,146674364.0,129342139.0,133561972.0,139523833.0
2019-11-06,146655959.0,129288721.0,133498058.0,139528419.0
2019-11-07,146753929.0,129524125.0,133776217.0,139533082.0
2019-11-08,146689039.0,129355159.0,133575435.0,139537745.0
2019-11-11,147064472.0,130263590.0,134649409.0,139551849.0
2019-11-12,146836782.0,129690342.0,133969784.0,139556550.0
2019-11-13,147113211.0,130368781.0,134772676.0,139561251.0
2019-11-14,147191867.0,130556164.0,134993952.0,139565952.0
2019-11-15,147076606.0,130262068.0,134644960.0,139570653.0
2019-11-18,147010050.0,130073077.0,134419132.0,139584757.0
2019-11-19,147135261.0,130376053.0,134777319.0,139589458.0
2019-11-20,147237206.0,130621260.0,135067085.0,139594159.0
2019-11-21,147540902.0,131396262.0,135984346.0,139598860.0
2019-11-22,147572541.0,131477806.0,136080266.0,139603562.0
2019-11-25,147490997.0,131212195.0,135763687.0,139617665.0
2019-11-26,147519328.0,131284171.0,135848276.0,139622366.0
2019-11-27,147541018.0,131336946.0,135910122.0,139627067.0
2019-11-28,147606023.0,131514969.0,136120313.0,139631768.0
2019-11-29,147684329.0,131731448.0,136376052.0,139636470.0
2019-12-02,147733148.0,131906694.0,136584764.0,139628306.0
2019-12-03,147863436.0,132305820.0,137056833.0,139633012.0
2019-12-04,148079576.0,132993688.0,137870890.0,139637717.0
2019-12-05,147970343.0,132603430.0,137408002.0,139642422.0
2019-12-06,147958588.0,132550045.0,137344109.0,139647127.0
2019-12-09,147981847.0,132592138.0,137391978.0,139661243.0
2019-12-10,148025836.0,132731395.0,137556254.0,139665949.0
2019-12-11,148125557.0,133063255.0,137948652.0,139670654.0
2019-12-12,147910443.0,132307087.0,137052374.0,139675359.0
2019-12-13,147483171.0,130857623.0,135334948.0,139680064.0
2019-12-16,147517888.0,130928719.0,135417169.0,139694180.0
2019-12-17,147319545.0,130345692.0,134725961.0,139698886.0
2019-12-18,147411167.0,130600474.0,135027066.0,139703591.0
2019-12-19,147309480.0,130296718.0,134666632.0,139708296.0
2019-12-20,147136280.0,129819613.0,134100880.0,139713001.0
2019-12-23,147294743.0,130189392.0,134536865.0,139727117.0
2019-12-24,147284192.0,130155308.0,134495833.0,139731823.0
2019-12-26,147212589.0,129961901.0,134265436.0,139741233.0
2019-12-27,147205905.0,129937408.0,134235763.0,139745938.0
2019-12-30,147022682.0,129459270.0,133667464.0,139760054.0
2020-01-02,147079873.0,129614990.0,133853075.0,139751707.0
2020-01-03,147434149.0,130485538.0,134883502.0,139756417.0
2020-01-06,147642832.0,130979998.0,135467223.0,139770085.0
2020-01-07,147426289.0,130435582.0,134821785.0,139774527.0
2020-01-08,147601867.0,130863478.0,135327965.0,139778968.0
2020-01-09,147152347.0,129741370.0,133998301.0,139783410.0
2020-01-10,147242506.0,129957458.0,134253613.0,139787851.0
2020-01-13,147051028.0,129460253.0,133662842.0,139801175.0
2020-01-14,147059682.0,129474238.0,133678782.0,139805617.0
2020-01-15,147099403.0,129565261.0,133785965.0,139810058.0
2020-01-16,147263377.0,129964381.0,134258064.0,139814500.0
2020-01-17,147202118.0,129805012.0,134068680.0,139818941.0
2020-01-20,147165911.0,129692820.0,133933923.0,139832265.0
2020-01-21,147516369.0,130554349.0,134953705.0,139836707.0
2020-01-22,147427904.0,130327518.0,134684418.0,139841148.0
2020-01-23,147591925.0,130726756.0,135156656.0,139845590.0
2020-01-28,147915016.0,131519443.0,136092401.0,139867797.0
2020-01-29,147936463.0,131572007.0,136154033.0,139872238.0
2020-01-30,148195471.0,132327897.0,137048710.0,139876565.0
2020-01-31,148402474.0,132987424.0,137829259.0,139880853.0
2020-02-03,148482018.0,133287096.0,138185462.0,139871848.0
2020-02-04,148275002.0,132560018.0,137323697.0,139876140.0
2020-02-05,148393861.0,132959125.0,137795800.0,139880432.0
2020-02-06,148066829.0,131837309.0,136466503.0,139884724.0
2020-02-07,148276253.0,132486677.0,137235020.0,139889016.0
2020-02-10,148308637.0,132557858.0,137317515.0,139901892.0
2020-02-11,148145099.0,132032765.0,136694984.0,139906184.0
2020-02-12,148085545.0,131835028.0,136460178.0,139910476.0
2020-02-13,148191158.0,132157250.0,136841218.0,139914768.0
2020-02-14,148201950.0,132180967.0,136868705.0,139919060.0
2020-02-17,148243505.0,132281016.0,136985392.0,139931936.0
2020-02-18,148419488.0,132824771.0,137628819.0,139936228.0
2020-02-19,148418051.0,132809991.0,137610710.0,139940519.0
2020-02-20,148704397.0,133719768.0,138687664.0,139944773.0
2020-02-21,148995798.0,134735487.0,139890096.0,139949027.0
2020-02-24,149280702.0,135808169.0,141158798.0,139961788.0
2020-02-25,149062476.0,134858972.0,140033959.0,139966041.0
2020-02-26,149215632.0,135499120.0,140791561.0,139970295.0
2020-02-27,149226927.0,135532169.0,140830106.0,139974549.0
2020-02-28,149152556.0,135198608.0,140434432.0,139978802.0
2020-03-02,148689547.0,133262726.0,138142346.0,139973127.0
2020-03-03,148731402.0,133409649.0,138315765.0,139977384.0
2020-03-04,148543094.0,132699204.0,137473711.0,139981602.0
2020-03-05,148356924.0,132065717.0,136722807.0,139985820.0
2020-03-06,148694814.0,133135976.0,137989843.0,139990039.0
2020-03-09,149032537.0,134286913.0,139351247.0,140002694.0
2020-03-10,148759333.0,133229857.0,138098662.0,140006912.0
2020-03-11,148758200.0,133212416.0,138077411.0,140011131.0
2020-03-12,149102175.0,134513786.0,139618183.0,140015311.0
2020-03-13,149422589.0,135747799.0,141079177.0,140019491.0
2020-03-16,149579114.0,136398300.0,141847874.0,140032031.0
2020-03-17,149918545.0,138084667.0,143844841.0,140034792.0
2020-03-18,149955603.0,138298135.0,144097287.0,140037553.0
2020-03-19,150572021.0,142150665.0,148659887.0,140040314.0
2020-03-20,150125097.0,138378506.0,144191702.0,140043075.0
2020-03-23,150363080.0,140309048.0,146477097.0,140051359.0
2020-03-24,150172191.0,138683697.0,144551594.0,140054311.0
2020-03-25,149937547.0,136788748.0,142306759.0,140057379.0
2020-03-26,149989154.0,137069656.0,142639038.0,140060447.0
2020-03-27,149608303.0,134933948.0,140109046.0,140063515.0
2020-03-30,149916671.0,136267691.0,141687454.0,140072719.0
2020-03-31,149783553.0,135595397.0,140890748.0,140075787.0
2020-04-01,150019799.0,136850133.0,142378734.0,140062573.0
2020-04-02,149985989.0,136640076.0,142129507.0,140065642.0
2020-04-03,150032628.0,136892038.0,142427502.0,140068712.0
2020-04-06,150014997.0,136743131.0,142249839.0,140077922.0
2020-04-07,149882292.0,135965133.0,141327935.0,140080992.0
2020-04-08,149880324.0,135937946.0,141295303.0,140084062.0
2020-04-09,149853787.0,135804872.0,141137256.0,140087132.0
2020-04-10,149641469.0,134776556.0,139918873.0,140090201.0
2020-04-13,149853847.0,135657607.0,140961106.0,140099411.0
2020-04-14,149843417.0,135601535.0,140894262.0,140102481.0
2020-04-16,150098076.0,136702372.0,142197244.0,140108621.0
2020-04-17,149889947.0,135664360.0,140967376.0,140111690.0
2020-04-20,149949852.0,135919733.0,141268548.0,140120900.0
2020-04-21,150132756.0,136807144.0,142319177.0,140123970.0
2020-04-22,150178480.0,137049532.0,142605833.0,140127040.0
2020-04-23,150139632.0,136810545.0,142322342.0,140130110.0
2020-04-24,150239932.0,137370653.0,142985309.0,140133179.0
2020-04-27,150093206.0,136480367.0,141929547.0,140142389.0
2020-04-28,150079503.0,136385783.0,141817088.0,140145459.0
2020-04-29,149959070.0,135713503.0,141020398.0,140148529.0
2020-05-04,150171936.0,136762806.0,142263243.0,140148277.0
2020-05-06,150041119.0,136092424.0,141468369.0,140154421.0
2020-05-07,150100782.0,136373250.0,141800561.0,140157416.0
2020-05-08,150004015.0,135884026.0,141220696.0,140160410.0
2020-05-11,150024308.0,135946780.0,141293808.0,140169050.0
2020-05-12,150111246.0,136362370.0,141785633.0,140171930.0
2020-05-13,150094546.0,136267779.0,141673193.0,140174809.0
2020-05-14,150179531.0,136673755.0,142153631.0,140177689.0
2020-05-15,150234864.0,136964223.0,142497260.0,140180569.0
2020-05-18,150266998.0,137104031.0,142661634.0,140189208.0
2020-05-19,150150761.0,136422188.0,141853661.0,140191973.0
2020-05-20,150237359.0,136905193.0,142425350.0,140194737.0
2020-05-21,150250199.0,136964617.0,142495344.0,140197502.0
2020-05-22,150355241.0,137553537.0,143192480.0,140200266.0
2020-05-25,150478369.0,138251723.0,144018254.0,140208560.0
2020-05-26,150341405.0,137300268.0,142890948.0,140211325.0
2020-05-27,150345629.0,137311562.0,142903935.0,140214089.0
2020-05-28,150421096.0,137813768.0,143498479.0,140216047.0
2020-05-29,150407613.0,137709426.0,143374620.0,140218006.0
2020-06-01,150205563.0,136407174.0,141833027.0,140212237.0
2020-06-02,150214274.0,136447226.0,141880189.0,140214197.0
2020-06-03,150066167.0,135620985.0,140901303.0,140216156.0
2020-06-04,150105081.0,135805408.0,141119466.0,140218076.0
2020-06-05,149875559.0,134690366.0,139798525.0,140219997.0
2020-06-08,149830523.0,134473548.0,139540912.0,140225759.0
2020-06-09,149669395.0,133791617.0,138732954.0,140227680.0
2020-06-10,149503888.0,133167429.0,137993387.0,140229601.0
2020-06-11,149649246.0,133669508.0,138587786.0,140231521.0
2020-06-12,149849426.0,134383380.0,139433035.0,140233442.0
2020-06-15,150152710.0,135562414.0,140828687.0,140239204.0
2020-06-16,149955345.0,134697532.0,139804040.0,140241125.0
2020-06-17,150110160.0,135363319.0,140592337.0,140243046.0
2020-06-18,149981456.0,134796856.0,139921140.0,140244966.0
2020-06-19,150018878.0,134952419.0,140105120.0,140246887.0
2020-06-22,150162159.0,135553911.0,140816725.0,140252649.0
2020-06-23,150009081.0,134881515.0,140020060.0,140254570.0
2020-06-24,149796975.0,133978039.0,138949701.0,140256491.0
2020-06-25,149930679.0,134489832.0,139555604.0,140258411.0
2020-06-26,149830714.0,134096612.0,139089599.0,140260332.0
2020-06-29,149786897.0,133908606.0,138866112.0,140266094.0
2020-06-30,149898266.0,134333771.0,139369412.0,140268015.0
2020-07-01,149901065.0,134366740.0,139409441.0,140261050.0
2020-07-02,149818523.0,134041000.0,139023360.0,140262972.0
2020-07-03,149785694.0,133907763.0,138865282.0,140264893.0
2020-07-06,149722003.0,133642795.0,138550640.0,140270657.0
2020-07-07,149721486.0,133634684.0,138540763.0,140272579.0
2020-07-08,149718484.0,133616948.0,138519485.0,140274500.0
2020-07-09,149720453.0,133618463.0,138521009.0,140276421.0
2020-07-10,149946153.0,134486338.0,139548662.0,140278343.0
2020-07-13,149862573.0,134144356.0,139142802.0,140284107.0
2020-07-14,149983872.0,134607955.0,139691626.0,140286028.0
2020-07-15,149856571.0,134108890.0,139100255.0,140287950.0
2020-07-16,149985330.0,134601380.0,139683297.0,140289871.0
2020-07-17,149974872.0,134554771.0,139627822.0,140291792.0
2020-07-20,149933551.0,134376428.0,139415779.0,140297557.0
2020-07-21,149801268.0,133858072.0,138801561.0,140299478.0
2020-07-22,149741082.0,133618902.0,138518015.0,140301399.0
2020-07-23,149792777.0,133812969.0,138747600.0,140303321.0
2020-07-24,149899170.0,134218849.0,139228059.0,140305242.0
2020-07-27,149770820.0,133703500.0,138616862.0,140311006.0
2020-07-28,149792680.0,133782041.0,138709616.0,140312928.0
2020-07-29,149700166.0,133417684.0,138277797.0,140314849.0
2020-07-30,149734459.0,133544365.0,138427569.0,140316770.0
2020-07-31,149653491.0,133247397.0,138075566.0,140318692.0
2020-08-03,149707271.0,133446412.0,138311844.0,140314691.0
2020-08-04,149728540.0,133515303.0,138393169.0,140316614.0
2020-08-05,149584310.0,133006666.0,137790463.0,140318536.0
2020-08-06,149440077.0,132498018.0,137187743.0,140320458.0
2020-08-07,149475135.0,132615029.0,137326062.0,140322380.0
2020-08-10,149505835.0,132706176.0,137433206.0,140328146.0
2020-08-11,149507793.0,132707681.0,137434718.0,140330068.0
2020-08-12,149501476.0,132680307.0,137402026.0,140331990.0
2020-08-13,149448263.0,132489285.0,137175507.0,140333913.0
2020-08-14,149486082.0,132615932.0,137325238.0,140335835.0
2020-08-18,149469085.0,132535306.0,137228662.0,140343523.0
2020-08-19,149396228.0,132296135.0,136945114.0,140345445.0
2020-08-20,149571035.0,132846379.0,137596559.0,140347367.0
2020-08-21,149554786.0,132790122.0,137529658.0,140349290.0
2020-08-24,149645569.0,133064209.0,137853479.0,140355056.0
2020-08-25,149526183.0,132680614.0,137398874.0,140356978.0
2020-08-26,149579701.0,132845790.0,137594239.0,140358900.0
2020-08-27,149527048.0,132673996.0,137390493.0,140360822.0
2020-08-28,149507763.0,132608105.0,137312181.0,140362744.0
2020-08-31,149619786.0,132949604.0,137715846.0,140368511.0
2020-09-01,149467394.0,132482213.0,137163199.0,140361849.0
2020-09-02,149542130.0,132714725.0,137438319.0,140363771.0
2020-09-03,149632031.0,132995369.0,137770447.0,140365694.0
2020-09-04,149673408.0,133122010.0,137920172.0,140367617.0
2020-09-07,149639835.0,133001403.0,137776511.0,140373385.0
2020-09-08,149584159.0,132820017.0,137561405.0,140375308.0
2020-09-09,149668000.0,133081429.0,137870754.0,140377231.0
2020-09-10,149542565.0,132678637.0,137393411.0,140379154.0
2020-09-11,149605176.0,132872668.0,137622954.0,140381076.0
2020-09-14,149507900.0,132549883.0,137239831.0,140386845.0
2020-09-15,149373356.0,132118183.0,136728249.0,140388767.0
2020-09-16,149287340.0,131840502.0,136399090.0,140390690.0
2020-09-17,149237721.0,131678340.0,136206752.0,140392613.0
2020-09-18,148788682.0,130322416.0,134600508.0,140394536.0
2020-09-21,148698885.0,130105423.0,134342686.0,140400304.0
2020-09-22,148991059.0,130780824.0,135142370.0,140402227.0
2020-09-23,148968086.0,130724543.0,135075438.0,140404150.0
2020-09-24,149314177.0,131525125.0,136023389.0,140406072.0
2020-09-25,149299502.0,131488106.0,135979272.0,140407995.0
2020-09-28,149347388.0,131617746.0,136132008.0,140413763.0
2020-09-29,149202112.0,131224482.0,135665950.0,140415686.0
2020-10-05,148972903.0,130638259.0,134971413.0,140417155.0
2020-10-06,148875257.0,130408732.0,134699288.0,140419079.0
2020-10-07,148761099.0,130140699.0,134381555.0,140421002.0
2020-10-08,148548261.0,129670522.0,133824400.0,140422926.0
2020-10-12,148249943.0,129050720.0,133089215.0,140430620.0
2020-10-13,148265939.0,129081063.0,133124884.0,140432543.0
2020-10-14,148258413.0,129063276.0,133103546.0,140434467.0
2020-10-15,148074634.0,128708567.0,132683154.0,140436390.0
2020-10-16,148297637.0,129114339.0,133163485.0,140438314.0
2020-10-19,148018812.0,128598892.0,132552170.0,140444084.0
2020-10-20,147883729.0,128350054.0,132257173.0,140446008.0
2020-10-21,147479009.0,127629489.0,131403455.0,140447931.0
2020-10-22,147539105.0,127727209.0,131518926.0,140449855.0
2020-10-23,147540945.0,127728660.0,131520373.0,140451779.0
2020-10-26,147243147.0,127232382.0,130931763.0,140457549.0
2020-10-27,147105142.0,127022020.0,130682337.0,140459473.0
2020-10-28,147433311.0,127514476.0,131265337.0,140461396.0
2020-10-29,147486336.0,127592946.0,131358008.0,140463320.0
2020-10-30,147724979.0,127950628.0,131781381.0,140465243.0
2020-11-02,147626479.0,127804279.0,131608397.0,140462720.0
2020-11-03,147660299.0,127853857.0,131666848.0,140464644.0
2020-11-04,147880881.0,128201827.0,132078718.0,140466568.0
2020-11-05,147328677.0,127288852.0,130997107.0,140468492.0
2020-11-06,146864113.0,126539494.0,130109286.0,140470416.0
2020-11-09,146441943.0,125918116.0,129372506.0,140476189.0
2020-11-10,146527330.0,126035061.0,129510746.0,140478113.0
2020-11-11,146173550.0,125545555.0,128930699.0,140480037.0
2020-11-12,146510002.0,126009046.0,129479393.0,140481961.0
2020-11-13,146567574.0,126087490.0,129572031.0,140483885.0
2020-11-16,146133694.0,125485303.0,128857981.0,140489658.0
2020-11-17,145930093.0,125226804.0,128551540.0,140491582.0
2020-11-18,145712477.0,124958672.0,128233691.0,140493506.0
2020-11-19,146638325.0,126096087.0,129580589.0,140495430.0
2020-11-20,146538286.0,125972366.0,129433782.0,140497354.0
2020-11-23,146238157.0,125601188.0,128993342.0,140503127.0
2020-11-24,146420051.0,125824050.0,129257032.0,140505051.0
2020-11-25,146124210.0,125459627.0,128825134.0,140506975.0
2020-11-26,145789203.0,125047057.0,128336210.0,140508899.0
2020-11-27,145681315.0,124913688.0,128177974.0,140510823.0
2020-11-30,145945053.0,125235679.0,128558532.0,140516596.0
2020-12-01,145915385.0,125201835.0,128519386.0,140509927.0
2020-12-02,145494320.0,124683488.0,127905178.0,140511851.0
2020-12-03,145181485.0,124319137.0,127473365.0,140513776.0
2020-12-04,143854227.0,122886337.0,125776067.0,140515701.0
2020-12-07,143859006.0,122890531.0,125780222.0,140521475.0
2020-12-08,144204649.0,123209588.0,126157846.0,140523400.0
2020-12-09,144143772.0,123153232.0,126090827.0,140525325.0
2020-12-10,144447729.0,123433794.0,126422857.0,140527250.0
2020-12-11,144720421.0,123685482.0,126720689.0,140529174.0
2020-12-14,144864787.0,123834102.0,126895903.0,140534949.0
2020-12-15,145009867.0,123979911.0,127068331.0,140536874.0
2020-12-16,145078480.0,124048709.0,127149545.0,140538798.0
2020-12-17,145013267.0,123982731.0,127071129.0,140540723.0
2020-12-18,145626751.0,124600273.0,127802284.0,140542648.0
2020-12-21,145901472.0,124893344.0,128148588.0,140548422.0
2020-12-22,146311820.0,125347256.0,128685937.0,140550347.0
2020-12-23,146357030.0,125396819.0,128744369.0,140552272.0
2020-12-24,145932761.0,124926486.0,128187030.0,140554197.0
2020-12-28,145391953.0,124325595.0,127474242.0,140561896.0
2020-12-29,144993733.0,123884109.0,126951070.0,140563821.0
2020-12-30,144474207.0,123327074.0,126291040.0,140565746.0
2021-01-04,144055271.0,122922323.0,125811711.0,140565291.0
2021-01-05,144630177.0,123453118.0,126440120.0,140567217.0
2021-01-06,144423356.0,123262012.0,126213502.0,140569142.0
2021-01-07,144602244.0,123427050.0,126408703.0,140571068.0
2021-01-08,144864534.0,123669096.0,126695115.0,140572993.0
2021-01-11,145634319.0,124395267.0,127554389.0,140578770.0
2021-01-12,145884547.0,124646961.0,127852227.0,140580696.0
2021-01-13,145427445.0,124186319.0,127306367.0,140582621.0
2021-01-14,145706352.0,124466895.0,127638413.0,140584547.0
2021-01-15,145841884.0,124603081.0,127799442.0,140586472.0
2021-01-18,146259967.0,125040535.0,128316756.0,140592249.0
2021-01-19,146174775.0,124945688.0,128204147.0,140594175.0
2021-01-20,145950486.0,124696807.0,127909098.0,140596100.0
2021-01-21,145769659.0,124496056.0,127671056.0,140598026.0
2021-01-22,146206074.0,124978831.0,128242589.0,140599951.0
2021-01-25,145993946.0,124742406.0,127961751.0,140605728.0
2021-01-26,146499933.0,125302224.0,128624537.0,140607653.0
2021-01-27,146319101.0,125101467.0,128386486.0,140609579.0
2021-01-28,147607686.0,126566316.0,130121202.0,140611505.0
2021-01-29,147553702.0,126490731.0,130031407.0,140613430.0
2021-02-01,147391198.0,126267380.0,129767223.0,140610904.0
2021-02-02,147476662.0,126384320.0,129905457.0,140612830.0
2021-02-03,147283264.0,126116242.0,129587671.0,140614756.0
2021-02-04,147536048.0,126464197.0,129999523.0,140616682.0
2021-02-05,147900386.0,126966171.0,130593796.0,140618608.0
2021-02-08,147619969.0,126575833.0,130130661.0,140624387.0
2021-02-09,147412616.0,126288488.0,129790055.0,140626313.0
2021-02-10,146727872.0,125365806.0,128696947.0,140628239.0
2021-02-15,146297840.0,124833834.0,128065517.0,140637870.0
2021-02-16,146180582.0,124710104.0,127918699.0,140639796.0
2021-02-17,146826079.0,125423917.0,128763878.0,140641723.0
2021-02-18,146836527.0,125434970.0,128776698.0,140643649.0
2021-02-19,146690356.0,125272734.0,128584272.0,140645575.0
2021-02-22,147069860.0,125710243.0,129101651.0,140651353.0
2021-02-23,147087308.0,125730927.0,129125878.0,140653280.0
2021-02-24,147214465.0,125886399.0,129309751.0,140655206.0
2021-02-25,146871440.0,125464207.0,128809429.0,140657132.0
2021-02-26,148086093.0,126977215.0,130601185.0,140659058.0
2021-03-02,148120218.0,127024655.0,130657500.0,140658161.0
2021-03-03,147864086.0,126669959.0,130237122.0,140660087.0
2021-03-04,148200534.0,127133422.0,130785783.0,140662014.0
2021-03-05,148272066.0,127231123.0,130901230.0,140663941.0
2021-03-08,148760879.0,127918900.0,131715029.0,140669722.0
2021-03-09,149205535.0,128603801.0,132525964.0,140671648.0
2021-03-10,149347376.0,128836289.0,132801054.0,140673575.0
2021-03-11,148952627.0,128183169.0,132027219.0,140675502.0
2021-03-12,148832001.0,127982472.0,131789240.0,140677429.0
2021-03-15,148983393.0,128227500.0,132078641.0,140683209.0
2021-03-16,148600284.0,127593591.0,131327560.0,140685136.0
2021-03-17,148631303.0,127643175.0,131386016.0,140687063.0
2021-03-18,148242412.0,127018872.0,130646313.0,140688990.0
2021-03-19,148686164.0,127684584.0,131434519.0,140690917.0
2021-03-22,148550749.0,127477133.0,131187998.0,140696697.0
2021-03-23,148635862.0,127603739.0,131337681.0,140698624.0
2021-03-24,148887533.0,127980665.0,131783846.0,140700551.0
2021-03-25,148870155.0,127953235.0,131751087.0,140702478.0
2021-03-26,148615750.0,127569576.0,131296405.0,140704404.0
2021-03-29,148775013.0,127804999.0,131574430.0,140710185.0
2021-03-30,148898574.0,127989387.0,131792550.0,140712112.0
2021-03-31,148785097.0,127817531.0,131588730.0,140714038.0
2021-04-01,148784832.0,127821875.0,131594856.0,140707063.0
2021-04-02,148504872.0,127399810.0,131094686.0,140708991.0
2021-04-05,148523191.0,127423405.0,131121819.0,140714773.0
2021-04-06,148006237.0,126645163.0,130199787.0,140716701.0
2021-04-07,147785140.0,126328948.0,129824986.0,140718628.0
2021-04-08,147849697.0,126417018.0,129929027.0,140720556.0
2021-04-09,148130694.0,126803500.0,130386510.0,140722483.0
2021-04-12,148394393.0,127164001.0,130812679.0,140728266.0
2021-04-13,148466010.0,127261712.0,130928137.0,140730193.0
2021-04-14,147818686.0,126367880.0,129869200.0,140732121.0
2021-04-15,147890298.0,126465584.0,129984650.0,140734048.0
2021-04-16,147801367.0,126341872.0,129837853.0,140735976.0
2021-04-19,147869624.0,126432825.0,129944765.0,140741758.0
2021-04-20,147529391.0,125962525.0,129387464.0,140743686.0
2021-04-21,147970975.0,126570482.0,130107266.0,140745613.0
2021-04-22,147882039.0,126446763.0,129960460.0,140747541.0
2021-04-23,147918754.0,126496338.0,130018906.0,140749468.0
2021-04-26,147603067.0,126057767.0,129498643.0,140755251.0
2021-04-27,147409406.0,125789615.0,129180769.0,140757178.0
2021-04-28,147592721.0,126041376.0,129478687.0,140759106.0
2021-04-29,147242146.0,125580654.0,128932730.0,140761033.0
2021-04-30,147565518.0,125976843.0,129401711.0,140762961.0
2021-05-03,148462462.0,127100544.0,130733160.0,140759245.0
2021-05-04,148366573.0,126967233.0,130574994.0,140761173.0
2021-05-06,148593546.0,127278138.0,130942691.0,140765029.0
2021-05-07,148281294.0,126846429.0,130431097.0,140766957.0
2021-05-10,147763273.0,126128803.0,129580318.0,140772742.0
2021-05-11,148169906.0,126688552.0,130243021.0,140774670.0
2021-05-12,148527690.0,127180930.0,130825928.0,140776598.0
2021-05-13,148838902.0,127625186.0,131351840.0,140778527.0
2021-05-14,148795905.0,127559251.0,131273475.0,140780455.0
2021-05-17,149198567.0,128160459.0,131984739.0,140786239.0
2021-05-18,148924971.0,127747960.0,131495899.0,140788168.0
2021-05-20,149024740.0,127895269.0,131669831.0,140792024.0
2021-05-21,148706292.0,127415363.0,131101153.0,140793952.0
2021-05-24,148718215.0,127429335.0,131116886.0,140799737.0
2021-05-25,148393344.0,126939775.0,130536774.0,140801665.0
2021-05-26,148056620.0,126450205.0,129956649.0,140803593.0
2021-05-27,148142294.0,126567176.0,130094920.0,140805522.0
2021-05-28,147962254.0,126318288.0,129799863.0,140807450.0
2021-05-31,147645936.0,125879697.0,129279576.0,140813234.0
2021-06-01,147272226.0,125393317.0,128704441.0,140806551.0
2021-06-02,147856943.0,126107022.0,129549491.0,140808480.0
2021-06-03,147882366.0,126137332.0,129585120.0,140810409.0
2021-06-04,148112647.0,126417908.0,129917167.0,140812338.0
2021-06-07,147834351.0,126075687.0,129511021.0,140818124.0
2021-06-08,147938569.0,126202259.0,129660663.0,140820053.0
2021-06-09,148034910.0,126319207.0,129798907.0,140821982.0
2021-06-10,148068216.0,126359148.0,129845942.0,140823911.0
2021-06-11,147676015.0,125879268.0,129277294.0,140825840.0
2021-06-14,148146285.0,126451534.0,129954280.0,140831626.0
2021-06-15,148171714.0,126481852.0,129989917.0,140833555.0
2021-06-16,148189262.0,126502544.0,130014153.0,140835484.0
2021-06-17,149201248.0,127774741.0,131520689.0,140837413.0
2021-06-18,149324806.0,127959107.0,131738783.0,140839342.0
2021-06-21,149484092.0,128194526.0,132016803.0,140845128.0
2021-06-22,149306567.0,127926413.0,131698974.0,140847057.0
2021-06-23,149668250.0,128486267.0,132361802.0,140848986.0
2021-06-24,149506774.0,128218151.0,132043970.0,140850915.0
2021-06-25,149088606.0,127526406.0,131224386.0,140852844.0
2021-06-28,149245875.0,127781084.0,131525216.0,140858630.0
2021-06-29,149142725.0,127609228.0,131321396.0,140860559.0
2021-06-30,148992648.0,127379598.0,131049147.0,140862488.0
2021-07-01,149435467.0,128048286.0,131842134.0,140855506.0
2021-07-02,149559276.0,128232624.0,132060194.0,140857435.0
2021-07-05,149359409.0,127928973.0,131699732.0,140863224.0
2021-07-06,149226452.0,127728285.0,131461763.0,140865153.0
2021-07-07,149755495.0,128538313.0,132420899.0,140867083.0
2021-07-08,150159797.0,129203969.0,133209039.0,140869012.0
2021-07-09,150389103.0,129600108.0,133677960.0,140870942.0
2021-07-12,150284177.0,129402369.0,133442941.0,140876730.0
2021-07-13,150201796.0,129249814.0,133261982.0,140878660.0
2021-07-14,150366971.0,129549709.0,133616909.0,140880589.0
2021-07-15,150000157.0,128877307.0,132820236.0,140882519.0
2021-07-16,149896700.0,128686234.0,132593655.0,140884448.0
2021-07-19,150339567.0,129489676.0,133544448.0,140890237.0
2021-07-20,150478417.0,129741456.0,133842388.0,140892167.0
2021-07-21,150669945.0,130089516.0,134254363.0,140894096.0
2021-07-22,150455868.0,129696266.0,133788321.0,140896026.0
2021-07-23,150505172.0,129784387.0,133892422.0,140897955.0
2021-07-26,150720421.0,130193181.0,134375788.0,140903744.0
2021-07-27,150491754.0,129722887.0,133818494.0,140905673.0
2021-07-28,150705428.0,130157626.0,134333133.0,140907603.0
2021-07-29,150326169.0,129379217.0,133410904.0,140909532.0
2021-07-30,150506904.0,129746563.0,133845722.0,140911462.0
2021-08-02,150531540.0,129801460.0,133911266.0,140907742.0
2021-08-03,150411144.0,129552675.0,133616330.0,140909672.0
2021-08-04,150179940.0,129101749.0,133081975.0,140911602.0
2021-08-05,150187046.0,129112841.0,133094842.0,140913532.0
2021-08-06,150104345.0,128960297.0,132913895.0,140915463.0
2021-08-09,150226336.0,129176465.0,133169113.0,140921253.0
2021-08-10,150519027.0,129707369.0,133797651.0,140923184.0
2021-08-11,150857758.0,130344174.0,134551619.0,140925114.0
2021-08-12,151085502.0,130807718.0,135100376.0,140927044.0
2021-08-13,151442630.0,131560066.0,135991194.0,140928974.0
2021-08-17,151741280.0,132268801.0,136829544.0,140936695.0
2021-08-18,151445259.0,131471265.0,135884659.0,140938626.0
2021-08-19,151741615.0,132262177.0,136821155.0,140940556.0
2021-08-20,151865646.0,132591002.0,137210348.0,140942486.0
2021-08-23,151659706.0,132027495.0,136542108.0,140948277.0
2021-08-24,151370845.0,131249158.0,135619964.0,140950207.0
2021-08-25,151462564.0,131491341.0,135906536.0,140952137.0
2021-08-26,151551055.0,131723963.0,136181721.0,140954531.0
2021-08-27,151506699.0,131600358.0,136034985.0,140956924.0
2021-08-30,151434664.0,131393207.0,135788621.0,140964105.0
2021-08-31,151155588.0,130672636.0,134934830.0,140966498.0
2021-09-01,151052591.0,130445788.0,134667137.0,140959475.0
2021-09-02,151234081.0,130861223.0,135158848.0,140961869.0
2021-09-03,151048805.0,130429625.0,134647320.0,140964263.0
2021-09-06,151034791.0,130386129.0,134594792.0,140971447.0
2021-09-07,151091250.0,130512810.0,134744497.0,140973841.0
2021-09-08,151464482.0,131371070.0,135760695.0,140976235.0
2021-09-09,151570992.0,131613283.0,136047233.0,140978668.0
2021-09-10,151569218.0,131605235.0,136037342.0,140981217.0
2021-09-13,151852104.0,132274262.0,136828606.0,140989327.0
2021-09-14,151667992.0,131775283.0,136237228.0,140992031.0
2021-09-15,151659815.0,131748008.0,136204537.0,140994773.0
2021-09-16,151709078.0,131874763.0,136354282.0,140997514.0
2021-09-17,151826552.0,132184433.0,136720673.0,141000256.0
2021-09-23,151860250.0,132242263.0,136786820.0,141016940.0
2021-09-24,151898778.0,132340156.0,136902375.0,141019720.0
2021-09-27,151917515.0,132373907.0,136941160.0,141028178.0
2021-09-28,152181210.0,133107272.0,137809365.0,141031036.0
2021-09-29,152105078.0,132858574.0,137514402.0,141033894.0
2021-09-30,152174573.0,133072030.0,137766820.0,141036751.0
2021-10-01,152308204.0,133518711.0,138297209.0,141027268.0
2021-10-05,152319212.0,133525275.0,138303375.0,141038705.0
2021-10-06,152425290.0,133873451.0,138715351.0,141041603.0
2021-10-07,152375696.0,133692209.0,138500277.0,141044501.0
2021-10-08,152494368.0,134098150.0,138980671.0,141047399.0
2021-10-12,152621628.0,134509091.0,139465743.0,141059145.0
2021-10-13,152486580.0,134029432.0,138897209.0,141062120.0
2021-10-14,152296356.0,133357229.0,138100624.0,141065095.0
2021-10-15,152177854.0,132935306.0,137600475.0,141068070.0
2021-10-18,152330046.0,133440880.0,138198012.0,141077111.0
2021-10-19,152075290.0,132585728.0,137184728.0,141080163.0
2021-10-20,151928179.0,132154157.0,136673141.0,141083216.0
2021-10-21,152030988.0,132444631.0,137016752.0,141086268.0
2021-10-22,152030527.0,132436658.0,137006880.0,141089320.0
2021-10-25,151737161.0,131604004.0,136019385.0,141098478.0
2021-10-26,151708621.0,131528627.0,135929677.0,141101530.0
2021-10-27,151805230.0,131761350.0,136204882.0,141104621.0
2021-10-28,151796331.0,131734118.0,136172194.0,141107712.0
2021-10-29,151756228.0,131629871.0,136048276.0,141110880.0
2021-11-01,152060018.0,132387614.0,136946437.0,141106045.0
2021-11-02,151980860.0,132187152.0,136708561.0,141109215.0
2021-11-03,152265048.0,132881856.0,137530932.0,141112385.0
2021-11-04,152294772.0,132979793.0,137646479.0,141115594.0
2021-11-05,152384373.0,133231744.0,137944442.0,141118803.0
2021-11-08,152323515.0,133034670.0,137709654.0,141128545.0
2021-11-09,152130016.0,132468418.0,137038520.0,141131792.0
2021-11-10,152256323.0,132826276.0,137461910.0,141135078.0
2021-11-11,152256052.0,132818341.0,137452049.0,141138364.0
2021-11-12,152219139.0,132704515.0,137316770.0,141141650.0
2021-11-15,152188343.0,132594065.0,137184564.0,141151508.0
2021-11-16,152241371.0,132740156.0,137357134.0,141154794.0
2021-11-17,152331045.0,132992148.0,137655134.0,141158080.0
2021-11-18,152264148.0,132791673.0,137417226.0,141161366.0
2021-11-19,152430506.0,133265106.0,137977493.0,141164730.0
2021-11-22,152433307.0,133250986.0,137959334.0,141174936.0
2021-11-23,152589742.0,133695573.0,138485424.0,141178377.0
2021-11-24,152486351.0,133389213.0,138122078.0,141181856.0
2021-11-25,152612991.0,133747192.0,138545556.0,141185528.0
2021-11-26,152707348.0,134047411.0,138900623.0,141189201.0
2021-11-29,152709500.0,134023798.0,138871104.0,141200219.0
2021-11-30,152572285.0,133534515.0,138291069.0,141203930.0
2021-12-01,152308984.0,132690697.0,137293320.0,141191996.0
2021-12-02,152202378.0,132374808.0,136918654.0,141195709.0
2021-12-03,152345730.0,132780829.0,137399022.0,141199461.0
2021-12-06,152452647.0,133065242.0,137734301.0,141210718.0
2021-12-07,152339479.0,132730093.0,137336818.0,141214470.0
2021-12-08,152222976.0,132385310.0,136927925.0,141218223.0
2021-12-09,152179767.0,132252295.0,136769852.0,141221975.0
2021-12-10,152409751.0,132908627.0,137546692.0,141225727.0
2021-12-13,152403397.0,132865763.0,137494339.0,141236984.0
2021-12-14,152466804.0,133040798.0,137701125.0,141240736.0
2021-12-15,152556868.0,133292851.0,137999132.0,141244488.0
2021-12-16,152516990.0,133169462.0,137852460.0,141248240.0
2021-12-17,152420468.0,132882412.0,137511946.0,141251993.0
2021-12-20,152760642.0,133840779.0,138645466.0,141263249.0
2021-12-21,152821749.0,134044720.0,138886488.0,141267002.0
2021-12-22,152800463.0,133959841.0,138785428.0,141270754.0
2021-12-23,152690888.0,133566877.0,138319468.0,141274506.0
2021-12-24,152658564.0,133443480.0,138172787.0,141278258.0
2021-12-27,152674812.0,133468037.0,138200272.0,141289631.0
2021-12-28,152711499.0,133585341.0,138338676.0,141293422.0
2021-12-29,152673688.0,133442686.0,138169180.0,141297213.0
2021-12-30,152740760.0,133665910.0,138433030.0,141301042.0
2022-01-03,152820333.0,133952863.0,138773423.0,141297339.0
2022-01-04,152887420.0,134176031.0,139037201.0,141301211.0
2022-01-05,152968300.0,134447332.0,139357988.0,141305082.0
2022-01-06,153082282.0,134834145.0,139815590.0,141308953.0
2022-01-07,153096586.0,134893693.0,139885575.0,141312824.0
2022-01-10,153048035.0,134668052.0,139616689.0,141324438.0
2022-01-11,152944845.0,134255921.0,139128010.0,141328309.0
2022-01-12,152829458.0,133843786.0,138639322.0,141332219.0
2022-01-13,152741467.0,133556805.0,138298846.0,141336283.0
2022-01-14,152739358.0,133539400.0,138277616.0,141340658.0
2022-01-17,152916463.0,134064805.0,138898049.0,141353897.0
2022-01-18,152841084.0,133816371.0,138603174.0,141358349.0
2022-01-19,152894073.0,133972269.0,138787190.0,141362839.0
2022-01-20,152919562.0,134041527.0,138868589.0,141367330.0
2022-01-21,152972554.0,134197431.0,139052611.0,141371820.0
2022-01-24,153049027.0,134405221.0,139296825.0,141385292.0
2022-01-25,153129589.0,134647794.0,139583490.0,141389860.0
2022-01-26,153106282.0,134563037.0,139482453.0,141394467.0
2022-01-27,153254034.0,135055951.0,140065614.0,141399112.0
2022-01-28,153325548.0,135317806.0,140375104.0,141403758.0
2022-02-03,153354964.0,135406965.0,140479694.0,141410949.0
2022-02-04,153125695.0,134504085.0,139409657.0,141415598.0
2022-02-07,153230814.0,134865926.0,139836264.0,141429546.0
2022-02-08,153160624.0,134579053.0,139495833.0,141434195.0
2022-02-09,153135176.0,134465440.0,139360614.0,141438844.0
2022-02-10,153139558.0,134467336.0,139362205.0,141443493.0
2022-02-11,153193657.0,134661754.0,139591823.0,141448142.0
2022-02-14,153010602.0,133955093.0,138752881.0,141462090.0
2022-02-15,153280625.0,134794493.0,139746423.0,141466739.0
2022-02-16,153217628.0,134584606.0,139497177.0,141471388.0
2022-02-17,153206582.0,134538370.0,139441760.0,141476037.0
2022-02-18,153174142.0,134424744.0,139306526.0,141480686.0
2022-02-21,153070708.0,134064598.0,138878002.0,141494633.0
2022-02-22,153093276.0,134124254.0,138948004.0,141499283.0
2022-02-23,153125014.0,134212792.0,139052216.0,141503932.0
2022-02-24,153385859.0,135061905.0,140057262.0,141508581.0
2022-02-25,153370353.0,134986786.0,139967637.0,141513230.0
2022-02-28,153400911.0,135059887.0,140052255.0,141527177.0
2022-03-02,153486166.0,135421606.0,140482092.0,141517145.0
2022-03-03,153453270.0,135279133.0,140312691.0,141521797.0
2022-03-04,153690362.0,136205086.0,141408747.0,141526450.0
2022-03-07,153983503.0,137452564.0,142884312.0,141540408.0
2022-03-08,154174669.0,138407459.0,144014648.0,141545060.0
2022-03-10,154037933.0,137573867.0,143026021.0,141554365.0
2022-03-11,154104621.0,137931968.0,143449507.0,141559018.0
2022-03-14,154285321.0,138929308.0,144628805.0,141572976.0
2022-03-15,154297066.0,138979387.0,144687465.0,141577629.0
2022-03-16,154201518.0,138297834.0,143879569.0,141582281.0
2022-03-17,153891775.0,136239625.0,141441145.0,141586934.0
2022-03-18,153757819.0,135596535.0,140678805.0,141591586.0
2022-03-21,153967471.0,136439836.0,141675659.0,141605544.0
2022-03-22,154012547.0,136615048.0,141882527.0,141610197.0
2022-03-23,153919970.0,136202986.0,141393821.0,141614850.0
2022-03-24,154037295.0,136686287.0,141965589.0,141619541.0
2022-03-25,154041788.0,136688214.0,141967211.0,141624232.0
2022-03-28,154240851.0,137512375.0,142941377.0,141638306.0
2022-03-29,154097348.0,136792201.0,142087734.0,141642998.0
2022-03-30,153894378.0,135812049.0,140926168.0,141647689.0
2022-03-31,153955248.0,136054674.0,141212877.0,141652381.0
2022-04-01,154015567.0,136375062.0,141594721.0,141635523.0
2022-04-04,154004242.0,136274955.0,141474170.0,141649609.0
2022-04-05,153970385.0,136113241.0,141281974.0,141654304.0
2022-04-06,154101223.0,136654208.0,141922042.0,141659000.0
2022-04-07,154132795.0,136771646.0,142060477.0,141663695.0
2022-04-08,154257413.0,137312632.0,142700567.0,141668390.0
2022-04-11,154422980.0,138089323.0,143618508.0,141682476.0
2022-04-12,154480136.0,138389818.0,143973758.0,141687172.0
2022-04-13,154346003.0,137602544.0,143040639.0,141691867.0
2022-04-14,154295604.0,137287169.0,142666330.0,141697377.0
2022-04-15,154384025.0,137761191.0,143226991.0,141702887.0
2022-04-18,154481760.0,138230621.0,143780665.0,141719418.0
2022-04-19,154529578.0,138473754.0,144067859.0,141724928.0
2022-04-20,154521525.0,138399183.0,143978761.0,141730438.0
2022-04-21,154576117.0,138680836.0,144311579.0,141735949.0
2022-04-22,154583303.0,138692916.0,144325112.0,141741459.0
2022-04-25,154776510.0,139741215.0,145564405.0,141757989.0
2022-04-26,154788853.0,139830405.0,145669268.0,141763500.0
2022-04-27,154959759.0,141219396.0,147313631.0,141769010.0
2022-04-28,155049191.0,141924750.0,148148287.0,141774520.0
2022-04-29,154851979.0,140328886.0,146257349.0,141780030.0
2022-05-02,154999736.0,141211603.0,147304014.0,141771761.0
2022-05-03,155051022.0,141474248.0,147614318.0,141777277.0
2022-05-04,155031150.0,141332559.0,147445725.0,141782792.0
2022-05-06,155144330.0,141953734.0,148179901.0,141793823.0
2022-05-09,155179714.0,142087389.0,148335874.0,141810370.0
2022-05-10,155219433.0,142321164.0,148611984.0,141815885.0
2022-05-11,155212277.0,142237300.0,148511879.0,141821401.0
2022-05-12,155397694.0,143501360.0,150008272.0,141826916.0
2022-05-13,155352975.0,143080939.0,149509544.0,141832432.0
2022-05-16,155369165.0,143081403.0,149507766.0,141848978.0
2022-05-17,155270540.0,142208599.0,148473229.0,141854494.0
2022-05-18,155173853.0,141403022.0,147518316.0,141860009.0
2022-05-19,155336346.0,142474983.0,148787185.0,141865525.0
2022-05-20,155206368.0,141553804.0,147695352.0,141871040.0
2022-05-23,155167321.0,141178685.0,147248678.0,141887936.0
2022-05-24,155202817.0,141384171.0,147491267.0,141893568.0
2022-05-25,155186021.0,141233377.0,147311871.0,141899200.0
2022-05-26,155226553.0,141467906.0,147588744.0,141905648.0
2022-05-27,155074450.0,140431309.0,146360077.0,141912096.0
2022-05-30,154785918.0,138746560.0,144361916.0,141931439.0
2022-05-31,154761038.0,138615326.0,144205574.0,141937886.0
2022-06-02,155070960.0,140042511.0,145898015.0,141923213.0
2022-06-03,154894006.0,139141474.0,144829907.0,141929667.0
2022-06-07,155213083.0,140601322.0,146555337.0,141955486.0
2022-06-08,155143529.0,140229918.0,146114533.0,141961940.0
2022-06-09,155210632.0,140532417.0,146471909.0,141968395.0
2022-06-10,155445347.0,141692025.0,147844456.0,141974849.0
2022-06-13,155707607.0,143162527.0,149583413.0,141994213.0
2022-06-14,155742191.0,143399522.0,149863200.0,142000707.0
2022-06-15,155794408.0,143799925.0,150336529.0,142007200.0
2022-06-16,155749102.0,143333205.0,149782815.0,142013771.0
2022-06-17,155774316.0,143502155.0,149981997.0,142020343.0
2022-06-20,155849967.0,144009074.0,150579625.0,142040056.0
2022-06-21,155869874.0,144130187.0,150722148.0,142046628.0
2022-06-22,155916500.0,144491795.0,151149510.0,142053238.0
2022-06-23,155969826.0,144930550.0,151668248.0,142059848.0
2022-06-24,155941350.0,144589369.0,151263219.0,142066458.0
2022-06-27,155840863.0,143479887.0,149946343.0,142086288.0
2022-06-28,155808940.0,143187081.0,149598598.0,142092976.0
2022-06-29,156012499.0,144695772.0,151384561.0,142099742.0
2022-06-30,156012208.0,144643555.0,151321762.0,142106507.0
2022-07-01,155974580.0,144519961.0,151178537.0,142084037.0
2022-07-04,155993978.0,144517493.0,151172738.0,142104473.0
2022-07-05,156041600.0,144831827.0,151544082.0,142111286.0
2022-07-06,156118104.0,145415715.0,152234687.0,142118098.0
2022-07-07,156061276.0,144796341.0,151500134.0,142124910.0
2022-07-08,156074639.0,144860570.0,151575249.0,142131722.0
2022-07-11,156132276.0,145216272.0,151993557.0,142152977.0
2022-07-12,156219266.0,146012257.0,152935325.0,142160139.0
2022-07-13,156181467.0,145518701.0,152349506.0,142168976.0
2022-07-14,156238373.0,146026679.0,152949913.0,142177851.0
2022-07-15,156373501.0,147382094.0,154554036.0,142186727.0
2022-07-18,156330026.0,146567056.0,153584948.0,142213353.0
2022-07-19,156306385.0,146189428.0,153136431.0,142222228.0
2022-07-20,156311849.0,146148861.0,153087134.0,142231103.0
2022-07-21,156278204.0,145655358.0,152501373.0,142239979.0
2022-07-22,156331906.0,146173449.0,153113759.0,142248854.0
2022-07-25,156366816.0,146264855.0,153218258.0,142275597.0
2022-07-26,156325814.0,145684790.0,152529956.0,142284589.0
2022-07-27,156383242.0,146241477.0,153188000.0,142293854.0
2022-07-28,156250345.0,144591228.0,151232086.0,142303352.0
2022-07-29,156285494.0,144887617.0,151581803.0,142312811.0
2022-08-01,156314087.0,145349419.0,152130347.0,142301588.0
2022-08-02,156330147.0,145424585.0,152218041.0,142311062.0
2022-08-03,156386918.0,145971307.0,152864253.0,142320535.0
2022-08-04,156395521.0,145959634.0,152849088.0,142330048.0
2022-08-05,156301338.0,144831441.0,151511504.0,142339561.0
2022-08-08,156421506.0,145635602.0,152459930.0,142368216.0
2022-08-09,156411934.0,145470427.0,152262950.0,142377768.0
2022-08-10,156486337.0,146037037.0,152932701.0,142387359.0
2022-08-11,156414922.0,145332364.0,152096727.0,142396949.0
2022-08-12,156418621.0,145282547.0,152036374.0,142406540.0
2022-08-16,156523030.0,145864587.0,152720352.0,142444903.0
2022-08-17,156557692.0,146084725.0,152979737.0,142454494.0
2022-08-18,156676485.0,147094945.0,154174906.0,142464085.0
2022-08-19,156730168.0,147604384.0,154776942.0,142473675.0
2022-08-22,156875292.0,148970281.0,156390680.0,142502448.0
2022-08-23,156926791.0,149528370.0,157050340.0,142512038.0
2022-08-24,156914330.0,149209594.0,156671427.0,142521629.0
2022-08-25,156878910.0,148553716.0,155893159.0,142531844.0
2022-08-26,156863728.0,148186913.0,155457275.0,142542058.0
2022-08-29,157026116.0,150056606.0,157667453.0,142572702.0
2022-08-30,157012309.0,149709435.0,157254821.0,142582916.0
2022-08-31,156962046.0,148841541.0,156225439.0,142593131.0
2022-09-01,157037657.0,150477270.0,158167920.0,142556875.0
2022-09-02,157094933.0,151227947.0,159055586.0,142567146.0
2022-09-05,157179399.0,152103772.0,160088589.0,142597962.0
2022-09-06,157192236.0,152142637.0,160133176.0,142608234.0
2022-09-07,157266935.0,153356304.0,161569215.0,142618506.0
2022-09-08,157263026.0,153038997.0,161191946.0,142628778.0
2022-09-13,157287438.0,152399809.0,160427656.0,142680137.0
2022-09-14,157374228.0,154077075.0,162412782.0,142690448.0
2022-09-15,157396065.0,154357540.0,162743506.0,142700837.0
2022-09-16,157386373.0,153819005.0,162104190.0,142711266.0
2022-09-19,157441936.0,154392654.0,162779194.0,142742784.0
2022-09-20,157438330.0,154008766.0,162323027.0,142753330.0
2022-09-21,157467492.0,154472832.0,162871178.0,142763953.0
2022-09-22,157533074.0,155977926.0,164652327.0,142774655.0
2022-09-23,157544101.0,155950258.0,164618033.0,142785473.0
2022-09-26,157625220.0,158106188.0,167166945.0,142818164.0
2022-09-27,157630087.0,157172799.0,166059878.0,142829178.0
2022-09-28,157656001.0,158958820.0,168173704.0,142840270.0
2022-09-29,157667752.0,158874074.0,168071736.0,142851596.0
2022-09-30,157673949.0,158046539.0,167089977.0,142863079.0
2022-10-04,157662686.0,157680207.0,166657182.0,142855309.0
2022-10-05,157663650.0,156113499.0,164799889.0,142867129.0
2022-10-06,157671017.0,155384043.0,163934248.0,142878949.0
2022-10-07,157691414.0,156358494.0,165086737.0,142890769.0
2022-10-11,157760372.0,158604648.0,167740459.0,142938048.0
2022-10-12,157767159.0,157625685.0,166579129.0,142951081.0
2022-10-13,157786378.0,158255439.0,167323167.0,142964232.0
2022-10-14,157798820.0,157999105.0,167017712.0,142977382.0
2022-10-17,157847875.0,158696399.0,167837979.0,143017303.0
2022-10-18,157853531.0,157496607.0,166415023.0,143030845.0
2022-10-19,157871266.0,157848286.0,166829624.0,143044583.0
2022-10-20,157891826.0,158547020.0,167655258.0,143058477.0
2022-10-21,157912160.0,159188033.0,168412501.0,143072567.0
2022-10-24,157958945.0,159218626.0,168442754.0,143115071.0
2022-10-25,157969752.0,158597062.0,167704566.0,143129279.0
2022-10-26,157980673.0,157984916.0,166977528.0,143143525.0
2022-10-27,157989308.0,157073730.0,165896303.0,143157771.0
2022-10-28,158008385.0,157522454.0,166425767.0,143172057.0
2022-10-31,158057827.0,157833119.0,166787676.0,143215031.0
2022-11-01,158000574.0,157103394.0,165924939.0,143171786.0
2022-11-02,158016687.0,157136088.0,165961738.0,143186181.0
2022-11-03,158048021.0,157765727.0,166716757.0,143200577.0
2022-11-04,158052703.0,157336273.0,166197890.0,143214972.0
2022-11-07,158052277.0,155644118.0,164155600.0,143258159.0
2022-11-08,157991936.0,154087806.0,162281337.0,143272555.0
2022-11-09,157850560.0,152165255.0,159966559.0,143286951.0
2022-11-10,157984517.0,153401798.0,161451567.0,143301346.0
2022-11-11,157427211.0,147721753.0,154617241.0,143315742.0
2022-11-14,157610355.0,148483648.0,155526705.0,143358929.0
2022-11-15,157473373.0,147696858.0,154578030.0,143373324.0
2022-11-16,157624770.0,148423030.0,155449159.0,143387720.0
2022-11-17,157894991.0,149795072.0,157097136.0,143402194.0
2022-11-18,157930480.0,149923959.0,157249832.0,143416668.0
2022-11-21,158207496.0,151352935.0,158961592.0,143460326.0
2022-11-22,158247967.0,151549722.0,159195940.0,143474917.0
2022-11-23,158201605.0,151100427.0,158653177.0,143489509.0
2022-11-24,157902970.0,148837924.0,155929463.0,143504140.0
2022-11-25,157843824.0,148417285.0,155421159.0,143518771.0
2022-11-28,158164632.0,150050071.0,157378026.0,143562664.0
2022-11-29,157955183.0,148751527.0,155813770.0,143577295.0
2022-11-30,157837477.0,148012419.0,154922411.0,143591926.0
2022-12-01,157417000.0,146122375.0,152657498.0,143539602.0
2022-12-02,157436793.0,146154812.0,152694153.0,143554271.0
2022-12-05,157309768.0,145491988.0,151889820.0,143598277.0
2022-12-06,157941713.0,148028232.0,154938080.0,143612945.0
2022-12-07,158011655.0,148320791.0,155287613.0,143627614.0
2022-12-08,157959485.0,147977632.0,154872497.0,143642282.0
2022-12-09,157664304.0,146382307.0,152951263.0,143656951.0
2022-12-12,157830619.0,146991070.0,153676407.0,143700957.0
2022-12-13,157822148.0,146888829.0,153551070.0,143715625.0
2022-12-14,157633319.0,145967370.0,152440368.0,143730294.0
2022-12-15,157810967.0,146635859.0,153242073.0,143744962.0
2022-12-16,157881559.0,146870680.0,153522158.0,143759631.0
2022-12-19,157869005.0,146669981.0,153273673.0,143803636.0
2022-12-20,157558305.0,145400969.0,151744931.0,143818305.0
2022-12-21,157465847.0,145038014.0,151306005.0,143832974.0
2022-12-22,157210700.0,144135038.0,150217535.0,143847642.0
2022-12-23,157369856.0,144591685.0,150764435.0,143862311.0
2022-12-26,157228356.0,144052059.0,150108285.0,143906316.0
2022-12-27,157137268.0,143737424.0,149727509.0,143920788.0
2022-12-28,157006258.0,143326244.0,149230608.0,143935260.0
2022-12-29,156933474.0,143098290.0,148954094.0,143949732.0
2023-01-02,157202657.0,143867895.0,149882067.0,143935545.0
2023-01-03,157162051.0,143727430.0,149710791.0,143949978.0
2023-01-04,157202029.0,143808393.0,149805851.0,143964411.0
2023-01-05,157137016.0,143600863.0,149553909.0,143978844.0
2023-01-06,157124428.0,143537701.0,149475640.0,143993120.0
2023-01-09,156274029.0,141162125.0,146611380.0,144035945.0
2023-01-10,156339655.0,141291532.0,146764748.0,144050142.0
2023-01-11,156418959.0,141449851.0,146952903.0,144064259.0
2023-01-12,156417076.0,141424906.0,146920633.0,144078337.0
2023-01-13,156240276.0,141004938.0,146413220.0,144092455.0
2023-01-16,156020514.0,140467244.0,145759831.0,144133743.0
2023-01-17,156193059.0,140808588.0,146168220.0,144147308.0
2023-01-18,156147340.0,140696821.0,146031628.0,144160716.0
2023-01-19,155915498.0,140199409.0,145431190.0,144174045.0
2023-01-20,156088361.0,140540810.0,145839692.0,144187334.0
2023-01-25,155984779.0,140242069.0,145469702.0,144253584.0
2023-01-26,155952827.0,140159085.0,145367762.0,144266794.0
2023-01-27,155995358.0,140230519.0,145451564.0,144279965.0
2023-01-30,155849057.0,139894935.0,145041580.0,144319360.0
2023-01-31,156090060.0,140342829.0,145578198.0,144332492.0
2023-02-01,156005543.0,140235585.0,145457276.0,144282338.0
2023-02-02,155458058.0,139190080.0,144197683.0,144295067.0
2023-02-03,155964709.0,140079538.0,145265502.0,144307676.0
2023-02-06,157249340.0,142373530.0,148018691.0,144345269.0
2023-02-07,157370234.0,142628045.0,148322813.0,144357760.0
2023-02-08,157580660.0,143104139.0,148893455.0,144370251.0
2023-02-09,157606598.0,143147014.0,148943015.0,144382743.0
2023-02-10,157807524.0,143623488.0,149514106.0,144395274.0
2023-02-13,158312520.0,144832042.0,150961698.0,144432985.0
2023-02-14,158049715.0,144084918.0,150061028.0,144445555.0
2023-02-15,158504584.0,145332816.0,151559983.0,144458165.0
2023-02-16,158600508.0,145597861.0,151876746.0,144470814.0
2023-02-17,159067104.0,147029482.0,153596666.0,144483543.0
2023-02-20,158972506.0,146591110.0,153063223.0,144521847.0
2023-02-21,159025748.0,146740760.0,153241163.0,144534654.0
2023-02-22,159280402.0,147623472.0,154300825.0,144547541.0
2023-02-23,159108343.0,146885772.0,153411418.0,144560546.0
2023-02-24,159307392.0,147643307.0,154320497.0,144573551.0
2023-02-27,159774327.0,149444161.0,156480304.0,144612567.0
2023-02-28,159781603.0,149420492.0,156449742.0,144625572.0
2023-03-02,159611022.0,148680078.0,155559865.0,144594852.0
2023-03-03,159370048.0,147376254.0,153964782.0,144607965.0
2023-03-06,159310461.0,146968404.0,153459553.0,144647303.0
2023-03-07,159384681.0,147224398.0,153769861.0,144660415.0
2023-03-08,159917197.0,149358612.0,156374214.0,144673528.0
2023-03-09,159943864.0,149451158.0,156484888.0,144686640.0
2023-03-10,159995433.0,149659181.0,156736604.0,144699753.0
2023-03-13,159623872.0,147545431.0,154147801.0,144739091.0
2023-03-14,159826479.0,148456431.0,155258129.0,144752203.0
2023-03-15,159691472.0,147757621.0,154402246.0,144765316.0
2023-03-16,159894300.0,148668340.0,155512223.0,144778468.0
2023-03-17,159690349.0,147640862.0,154254902.0,144791620.0
2023-03-20,159902554.0,148484848.0,155278636.0,144831077.0
2023-03-21,159931460.0,148566874.0,155376452.0,144844229.0
2023-03-22,159875360.0,148243866.0,154979564.0,144857381.0
2023-03-23,159268816.0,145422339.0,151531003.0,144870533.0
2023-03-24,159778125.0,146979832.0,153430967.0,144883567.0
2023-03-27,160013882.0,147718974.0,154326710.0,144922667.0
2023-03-28,159963700.0,147472891.0,154023799.0,144935700.0
2023-03-29,160072095.0,147863759.0,154498855.0,144948733.0
2023-03-30,159998009.0,147521659.0,154078669.0,144961767.0
2023-03-31,160082424.0,147816207.0,154436082.0,144974800.0
2023-04-03,160396303.0,149197337.0,156127601.0,144949367.0
2023-04-04,160396945.0,149144963.0,156061280.0,144962432.0
2023-04-05,160304623.0,148649654.0,155453958.0,144975497.0
2023-04-06,160493171.0,149492731.0,156481343.0,144988523.0
2023-04-07,160459289.0,149276872.0,156215384.0,145001350.0
2023-04-10,160563855.0,149612815.0,156618817.0,145039593.0
2023-04-11,160624487.0,149869146.0,156929624.0,145052221.0
2023-04-12,160703025.0,150221772.0,157358081.0,145064651.0
2023-04-13,160431929.0,148763285.0,155574455.0,145077081.0
2023-04-14,160204733.0,147670769.0,154237823.0,145089511.0
2023-04-17,160540064.0,148894317.0,155725543.0,145126801.0
2023-04-18,160725500.0,149633277.0,156625860.0,145139270.0
2023-04-19,160879226.0,150333731.0,157479138.0,145151780.0
2023-04-20,160840395.0,150069919.0,157154652.0,145164368.0
2023-04-21,160954245.0,150606539.0,157807797.0,145177037.0
2023-04-24,161115124.0,151291595.0,158637676.0,145215041.0
2023-04-25,161086530.0,151056681.0,158348473.0,145227709.0
2023-04-26,161169111.0,151468323.0,158848961.0,145240417.0
2023-04-27,161211990.0,151648562.0,159066802.0,145253205.0
2023-04-28,161221647.0,151635528.0,159048580.0,145265992.0
2023-05-02,161288370.0,152054046.0,159560720.0,145260638.0
2023-05-03,161238740.0,151695130.0,159120012.0,145273572.0
2023-05-04,160998879.0,150229010.0,157326972.0,145286507.0
2023-05-08,161030809.0,150160217.0,157233632.0,145338243.0
2023-05-09,161091433.0,150417468.0,157545508.0,145351177.0
2023-05-10,161123026.0,150520479.0,157668968.0,145364271.0
2023-05-11,161165673.0,150681187.0,157862891.0,145377404.0
2023-05-12,161327240.0,151487693.0,158845581.0,145390577.0
2023-05-15,161413969.0,151777781.0,159192756.0,145430215.0
2023-05-16,161455590.0,151948458.0,159398840.0,145443428.0
2023-05-17,161447652.0,151830050.0,159251816.0,145456760.0
2023-05-18,161413263.0,151557477.0,158916489.0,145470132.0
2023-05-19,161304327.0,150850809.0,158050954.0,145483544.0
2023-05-22,161203674.0,150072022.0,157092480.0,145523898.0
2023-05-23,161119396.0,149567683.0,156474047.0,145537429.0
2023-05-24,161221639.0,150037920.0,157045934.0,145551080.0
2023-05-25,161395859.0,150884638.0,158077638.0,145564810.0
2023-05-26,161383906.0,150756575.0,157918750.0,145578540.0
2023-05-30,161454526.0,150863668.0,158039635.0,145633620.0
2023-05-31,161512746.0,151102833.0,158329270.0,145647390.0
2023-06-01,161354569.0,150501923.0,157603950.0,145599479.0
2023-06-02,161073597.0,148988277.0,155752705.0,145613281.0
2023-06-05,161169355.0,149269400.0,156088610.0,145654687.0
2023-06-07,161113696.0,148888331.0,155618219.0,145682212.0
2023-06-08,161127374.0,148895065.0,155623966.0,145695974.0
2023-06-09,160886989.0,147736039.0,154205859.0,145709736.0
2023-06-12,160848058.0,147476549.0,153881484.0,145751022.0
2023-06-13,160384327.0,145863818.0,151909224.0,145764785.0
2023-06-14,160624324.0,146564172.0,152762155.0,145778547.0
2023-06-15,160703472.0,146772907.0,153014625.0,145792309.0
2023-06-16,160447138.0,145959736.0,152018944.0,145806071.0
2023-06-19,160814483.0,146981632.0,153259648.0,145847357.0
2023-06-20,160776589.0,146833848.0,153076667.0,145861120.0
2023-06-21,161154205.0,147978771.0,154472592.0,145874882.0
2023-06-22,161250884.0,148274909.0,154831816.0,145888644.0
2023-06-23,161517024.0,149188666.0,155945395.0,145902406.0
2023-06-26,161615354.0,149441724.0,156247044.0,145943692.0
2023-06-27,161486658.0,148879135.0,155557423.0,145957455.0
2023-06-28,161671193.0,149571509.0,156400606.0,145971217.0
2023-06-29,161926379.0,150582753.0,157633256.0,145984979.0
2023-06-30,161944202.0,150609101.0,157662959.0,145998741.0
2023-07-03,161716344.0,149640603.0,156484824.0,145972183.0
2023-07-04,161598460.0,149022020.0,155726813.0,145985940.0
2023-07-05,161548712.0,148769136.0,155415464.0,145999698.0
2023-07-06,161619296.0,149007317.0,155703900.0,146013455.0
2023-07-07,161733732.0,149418857.0,156204068.0,146027253.0
2023-07-10,161817688.0,149613963.0,156434916.0,146068645.0
2023-07-11,161525987.0,148397671.0,154946859.0,146082442.0
2023-07-12,161412911.0,147932614.0,154376356.0,146096239.0
2023-07-13,161010457.0,146532710.0,152664036.0,146110037.0
2023-07-14,160757614.0,145758952.0,151716487.0,146123834.0
2023-07-17,160833981.0,145885471.0,151863564.0,146165226.0
2023-07-18,160629950.0,145304103.0,151151000.0,146179024.0
2023-07-19,160830805.0,145821952.0,151781013.0,146192821.0
2023-07-20,160999732.0,146253119.0,152305153.0,146206618.0
2023-07-21,161486691.0,147571795.0,153913293.0,146220416.0
2023-07-24,161424229.0,147284275.0,153554664.0,146261808.0
2023-07-25,161297721.0,146866717.0,153042176.0,146275605.0
2023-07-26,161285317.0,146796497.0,152953925.0,146289403.0
2023-07-27,161402878.0,147121990.0,153349003.0,146303160.0
2023-07-28,161396785.0,147071075.0,153284338.0,146316917.0
2023-07-31,161368958.0,146889265.0,153054846.0,146358190.0
2023-08-01,161605384.0,147719646.0,154077677.0,146310383.0
2023-08-02,162077588.0,149151460.0,155824003.0,146324173.0
2023-08-03,162110335.0,149226116.0,155912712.0,146337922.0
2023-08-04,162415062.0,150273307.0,157189278.0,146351631.0
2023-08-07,162376427.0,149977795.0,156820935.0,146392758.0
2023-08-08,162611761.0,150910009.0,157957082.0,146406387.0
2023-08-09,162627540.0,150927108.0,157975513.0,146420016.0
2023-08-10,162649329.0,150973101.0,158029248.0,146433565.0
2023-08-11,162841127.0,151847852.0,159095218.0,146447153.0
2023-08-14,162998790.0,152477945.0,159857469.0,146487920.0
2023-08-16,163136419.0,153091091.0,160601454.0,146515178.0
2023-08-17,163236684.0,153600276.0,161220916.0,146528807.0
2023-08-18,163191052.0,153260826.0,160803860.0,146542436.0
2023-08-21,163309540.0,153727961.0,161367053.0,146583322.0
2023-08-22,163207492.0,153060354.0,160549187.0,146596951.0
2023-08-23,163292850.0,153483047.0,161063016.0,146610540.0
2023-08-24,163024814.0,151850146.0,159066151.0,146624129.0
2023-08-25,163083635.0,152118489.0,159391457.0,146637718.0
2023-08-28,163100800.0,151996912.0,159235623.0,146678484.0
2023-08-29,163091570.0,151869411.0,159077447.0,146692073.0
2023-08-30,163132139.0,152031586.0,159273080.0,146705662.0
2023-08-31,163121236.0,151894357.0,159103021.0,146719251.0
2023-09-01,163007220.0,151539273.0,158678599.0,146667747.0
2023-09-04,163072577.0,151687278.0,158852012.0,146708613.0
2023-09-05,163287259.0,152744625.0,160140990.0,146722276.0
2023-09-06,163301271.0,152752416.0,160148038.0,146735978.0
2023-09-07,163402917.0,153241780.0,160743271.0,146749720.0
2023-09-08,163385653.0,153066599.0,160526830.0,146763463.0
2023-09-11,163395097.0,152897442.0,160312799.0,146804691.0
2023-09-12,163356326.0,152596871.0,159943201.0,146818474.0
2023-09-13,163408704.0,152826344.0,160220982.0,146832337.0
2023-09-14,163353464.0,152429270.0,159733495.0,146846240.0
2023-09-15,163372836.0,152466000.0,159775839.0,146860224.0
2023-09-18,163396257.0,152373598.0,159655403.0,146902295.0
2023-09-19,163480337.0,152786485.0,160157168.0,146916359.0
2023-09-20,163523044.0,152958370.0,160364568.0,146930463.0
2023-09-21,163698417.0,153902141.0,161514738.0,146944608.0
2023-09-22,163666617.0,153639956.0,161191953.0,146958792.0
2023-09-25,163710520.0,153664140.0,161213828.0,147001346.0
2023-09-26,163921489.0,154840265.0,162647788.0,147015531.0
2023-09-27,163949577.0,154935317.0,162761329.0,147029715.0
2023-10-04,164187412.0,156340905.0,164472976.0,147058211.0
2023-10-05,164035429.0,155107503.0,162963944.0,147072434.0
2023-10-06,164043883.0,155067686.0,162912757.0,147086616.0
2023-10-10,164103541.0,155100637.0,162942789.0,147143344.0
2023-10-11,163975398.0,154078107.0,161691322.0,147157526.0
2023-10-12,163988394.0,154076615.0,161686946.0,147171708.0
2023-10-13,164174935.0,155202483.0,163059521.0,147185890.0
2023-10-16,164274031.0,155612740.0,163552946.0,147228436.0
2023-10-17,164288957.0,155621049.0,163560541.0,147242618.0
2023-10-18,164253320.0,155253309.0,163108831.0,147256800.0
2023-10-19,164370653.0,156023251.0,164046681.0,147270982.0
2023-10-20,164322029.0,155558920.0,163476996.0,147285164.0
2023-10-23,164387507.0,155737813.0,163687833.0,147327711.0
2023-10-24,164266200.0,154732916.0,162457904.0,147341893.0
2023-10-25,164368021.0,155387491.0,163254843.0,147356075.0
2023-10-26,164517872.0,156399281.0,164488085.0,147370257.0
2023-10-27,164480883.0,156021481.0,164024088.0,147384439.0
2023-10-30,164464621.0,155592440.0,163492399.0,147426985.0
2023-10-31,164475635.0,155571661.0,163464466.0,147441167.0
2023-11-01,164510177.0,156168478.0,164201868.0,147394224.0
2023-11-02,164340076.0,154800063.0,162527926.0,147408479.0
2023-11-03,164082018.0,152844009.0,160136245.0,147422734.0
2023-11-06,163693309.0,150478934.0,157239853.0,147465498.0
2023-11-07,163966615.0,151517042.0,158505226.0,147479753.0
2023-11-08,164048840.0,151794368.0,158841384.0,147494008.0
2023-11-09,164053169.0,151763423.0,158801021.0,147508263.0
2023-11-10,164223742.0,152426183.0,159607946.0,147522517.0
2023-11-13,164438923.0,153278197.0,160640891.0,147565282.0
2023-11-14,164526100.0,153661870.0,161106940.0,147579537.0
2023-11-15,164014410.0,150970128.0,157816693.0,147593792.0
2023-11-16,163941429.0,150611130.0,157375648.0,147608046.0
2023-11-17,163957305.0,150628133.0,157393849.0,147622301.0
2023-11-20,163877519.0,150168075.0,156824235.0,147665066.0
2023-11-21,163826517.0,149953506.0,156559595.0,147679321.0
2023-11-22,164161455.0,151060820.0,157909496.0,147693575.0
2023-11-23,164093385.0,150788438.0,157574236.0,147707871.0
2023-11-24,164352248.0,151664514.0,158641696.0,147722166.0
2023-11-27,164338457.0,151465156.0,158390479.0,147765052.0
2023-11-28,164108536.0,150507087.0,157217724.0,147779347.0
2023-11-29,164016018.0,150128132.0,156752296.0,147793642.0
2023-11-30,164043312.0,150183692.0,156817583.0,147807937.0
2023-12-01,164421759.0,151646991.0,158614143.0,147756319.0
2023-12-04,164427663.0,151525236.0,158457691.0,147799310.0
2023-12-05,164610483.0,152235712.0,159322882.0,147813640.0
2023-12-06,164665960.0,152435912.0,159564825.0,147827971.0
2023-12-07,164928309.0,153628216.0,161018519.0,147842301.0
2023-12-08,164595785.0,151863424.0,158860431.0,147856631.0
2023-12-11,164844110.0,152849759.0,160057393.0,147899623.0
2023-12-12,164809275.0,152626126.0,159781668.0,147913953.0
2023-12-13,164946932.0,153212021.0,160494697.0,147928283.0
2023-12-14,164451175.0,150867491.0,157628527.0,147942573.0
2023-12-15,164493916.0,150990536.0,157776241.0,147956863.0
2023-12-18,164560543.0,151109273.0,157913546.0,147999732.0
2023-12-19,164835617.0,152148672.0,159180489.0,148014022.0
2023-12-20,164635014.0,151307260.0,158150220.0,148028312.0
2023-12-21,164802784.0,151922382.0,158898954.0,148042602.0
2023-12-22,164768063.0,151736860.0,158669785.0,148056892.0
2023-12-26,164626653.0,150984787.0,157740914.0,148114051.0
2023-12-27,164635822.0,150972809.0,157723710.0,148128341.0
2023-12-28,164491949.0,150391181.0,157010740.0,148142631.0
2024-01-02,164843795.0,151588897.0,158473452.0,148143585.0
2024-01-03,164975522.0,152029554.0,159009088.0,148157912.0
2024-01-04,165118700.0,152547322.0,159638915.0,148172199.0
2024-01-05,165257649.0,153084456.0,160292402.0,148186445.0
2024-01-08,165319266.0,153194097.0,160418622.0,148229184.0
2024-01-09,165329498.0,153182446.0,160401833.0,148243389.0
2024-01-10,165436169.0,153623555.0,160938050.0,148257554.0
2024-01-11,165304661.0,152947055.0,160109233.0,148271679.0
2024-01-12,165333236.0,153021996.0,160198230.0,148285762.0
2024-01-15,165519285.0,153719184.0,161042229.0,148327648.0
2024-01-16,165769101.0,154854696.0,162426639.0,148341529.0
2024-01-17,166007110.0,156067667.0,163905663.0,148355370.0
2024-01-18,165956103.0,155651139.0,163394439.0,148369129.0
2024-01-19,165961503.0,155600984.0,163330711.0,148382847.0
2024-01-22,166007414.0,155643380.0,163375081.0,148424003.0
2024-01-23,165941450.0,155130012.0,162745587.0,148437721.0
2024-01-24,166010755.0,155494656.0,163188490.0,148451440.0
2024-01-25,166008703.0,155396135.0,163065687.0,148465158.0
2024-01-26,166031927.0,155461672.0,163143263.0,148478877.0
2024-01-29,166070386.0,155455692.0,163128549.0,148520032.0
2024-01-30,165987921.0,154864610.0,162404134.0,148533751.0
2024-01-31,166090661.0,155384046.0,163036099.0,148547469.0
2024-02-01,165985238.0,155050516.0,162637838.0,148496877.0
2024-02-02,165847412.0,154182231.0,161574843.0,148510628.0
2024-02-05,166031943.0,155023464.0,162594915.0,148551760.0
2024-02-06,165994300.0,154732602.0,162237188.0,148565470.0
2024-02-07,166013485.0,154769155.0,162279365.0,148579181.0
2024-02-08,166036014.0,154824979.0,162345079.0,148592891.0
2024-02-13,166113614.0,154902170.0,162427015.0,148661444.0
2024-02-14,166251635.0,155623177.0,163305173.0,148675195.0
2024-02-15,166244104.0,155505587.0,163159074.0,148688946.0
2024-02-16,166283432.0,155657979.0,163342728.0,148702698.0
2024-02-19,166327908.0,155690966.0,163375568.0,148744073.0
2024-02-20,166384032.0,155939906.0,163677138.0,148757865.0
2024-02-21,166351457.0,155677583.0,163354248.0,148771698.0
2024-02-22,166266961.0,155116120.0,162665988.0,148785530.0
2024-02-23,166321463.0,155355495.0,162955869.0,148799363.0
2024-02-26,166371092.0,155417512.0,163024143.0,148840861.0
2024-02-27,166385394.0,155425278.0,163031138.0,148854693.0
2024-02-28,166444939.0,155693704.0,163356502.0,148868526.0
2024-02-29,166425685.0,155508357.0,163127636.0,148882318.0
2024-03-04,166407453.0,155472508.0,163086159.0,148869494.0
2024-03-05,166476847.0,155797933.0,163481150.0,148883280.0
2024-03-06,166492787.0,155815386.0,163499983.0,148897065.0
2024-03-07,166448564.0,155486207.0,163095444.0,148910851.0
2024-03-08,166273984.0,154434717.0,161808677.0,148924637.0
2024-03-11,166132752.0,153571414.0,160746817.0,148965872.0
2024-03-12,166164253.0,153656054.0,160847729.0,148979576.0
2024-03-13,166260877.0,154010493.0,161278178.0,148993239.0
2024-03-14,166348265.0,154326456.0,161661642.0,149006862.0
2024-03-15,166651411.0,155586973.0,163198777.0,149020484.0
2024-03-18,166754217.0,155947721.0,163632034.0,149061352.0
2024-03-19,166872113.0,156553300.0,164369232.0,149074975.0
2024-03-20,166884565.0,156551495.0,164364574.0,149088597.0
2024-03-21,166612433.0,154910197.0,162357441.0,149102261.0
2024-03-22,166896156.0,156470759.0,164261043.0,149115924.0
2024-03-25,167005625.0,156880077.0,164753601.0,149156914.0
2024-03-26,166977861.0,156646617.0,164466001.0,149170537.0
2024-03-27,167143165.0,157551908.0,165569273.0,149184118.0
2024-03-28,167121744.0,157328151.0,165293524.0,149197741.0
2024-03-29,167152358.0,157442201.0,165430371.0,149211364.0
2024-04-01,167163761.0,157631022.0,165664270.0,149193186.0
2024-04-02,167219512.0,157908483.0,166000708.0,149206798.0
2024-04-03,167187787.0,157617973.0,165643437.0,149220368.0
2024-04-04,167176797.0,157462158.0,165450681.0,149233939.0
2024-04-05,167276836.0,158028572.0,166140083.0,149247345.0
2024-04-08,167329170.0,158119810.0,166244322.0,149287321.0
2024-04-09,167365315.0,158301172.0,166463429.0,149300687.0
2024-04-11,167515433.0,159223065.0,167584611.0,149327419.0
2024-04-12,167668356.0,160329875.0,168934064.0,149340745.0
2024-04-15,167794691.0,161212673.0,170005110.0,149380720.0
2024-04-16,167903805.0,162243076.0,171261240.0,149394045.0
2024-04-17,167860483.0,161518653.0,170374041.0,149407330.0
2024-04-18,167764971.0,160196112.0,168756303.0,149420614.0
2024-04-19,167869551.0,161110991.0,169871340.0,149433898.0
2024-04-22,167886582.0,160875109.0,169576037.0,149473874.0
2024-04-23,167893230.0,160806196.0,169489467.0,149487199.0
2024-04-24,167820806.0,159945918.0,168436329.0,149500524.0
2024-04-25,167892102.0,160523608.0,169139509.0,149513890.0
2024-04-26,167910359.0,160570464.0,169194332.0,149527256.0
2024-04-29,167972852.0,160788324.0,169453205.0,149567355.0
2024-04-30,168036467.0,161289128.0,170062478.0,149580721.0
2024-05-02,167934763.0,160650108.0,169288656.0,149543656.0
2024-05-03,167819235.0,159407006.0,167767917.0,149557094.0
2024-05-07,167849415.0,159218208.0,167527642.0,149610848.0
2024-05-08,167881249.0,159370835.0,167711640.0,149624286.0
2024-05-09,167997112.0,160217079.0,168742817.0,149637725.0
2024-05-10,167989285.0,160042321.0,168526949.0,149651163.0
2024-05-13,168037104.0,160105587.0,168596940.0,149691602.0
2024-05-14,168063201.0,160210185.0,168722261.0,149705122.0
2024-05-16,167807875.0,157922502.0,165923227.0,149732163.0
2024-05-17,167959374.0,158894694.0,167108223.0,149745683.0
2024-05-20,168020082.0,159044357.0,167283716.0,149786244.0
2024-05-21,168137579.0,159775950.0,168174846.0,149799765.0
2024-05-22,168147735.0,159755190.0,168147055.0,149813285.0
2024-05-23,168156519.0,159724807.0,168107511.0,149826805.0
2024-05-24,168264820.0,160427809.0,168963719.0,149840326.0
2024-05-27,168245083.0,159931401.0,168350083.0,149881010.0
2024-05-28,168198763.0,159437604.0,167744512.0,149894612.0
2024-05-29,168290435.0,160083035.0,168530396.0,149908174.0
2024-05-30,168469429.0,161491482.0,170248232.0,149921694.0
2024-05-31,168534237.0,162002048.0,170869393.0,149935255.0
2024-06-03,168423058.0,161155826.0,169840483.0,149909368.0
2024-06-04,168437668.0,161164217.0,169848291.0,149922921.0
2024-06-05,168424396.0,160893408.0,169515086.0,149936475.0
2024-06-07,168381490.0,160187954.0,168648567.0,149963582.0
2024-06-10,168531104.0,161272389.0,169965768.0,150004242.0
2024-06-11,168569767.0,161521627.0,170267746.0,150017795.0
2024-06-12,168564171.0,161327693.0,170028435.0,150031349.0
2024-06-13,168557609.0,161124072.0,169777293.0,150044902.0
2024-06-14,168625151.0,161662496.0,170432481.0,150058456.0
2024-06-17,168690170.0,161899835.0,170715044.0,150099116.0
2024-06-18,168704781.0,161908232.0,170722858.0,150112669.0
2024-06-19,168727095.0,161993771.0,170824896.0,150126223.0
2024-06-20,168770600.0,162291502.0,171186102.0,150139776.0
2024-06-21,168815771.0,162656779.0,171629808.0,150153330.0
2024-06-24,168867618.0,162778674.0,171771369.0,150193990.0
2024-06-25,168871719.0,162652014.0,171614227.0,150207544.0
2024-06-26,168896352.0,162785935.0,171775357.0,150221097.0
2024-06-27,168889804.0,162524109.0,171453122.0,150234651.0
2024-06-28,168836093.0,161663679.0,170399757.0,150248204.0
2024-07-01,168835296.0,161890618.0,170680141.0,150230422.0
2024-07-02,168918293.0,162765423.0,171746178.0,150244004.0
2024-07-03,168951943.0,163014622.0,172048118.0,150257504.0
2024-07-04,168890064.0,162050668.0,170868318.0,150271005.0
2024-07-05,168904707.0,162059046.0,170876127.0,150284464.0
2024-07-08,168973668.0,162402059.0,171287810.0,150324841.0
2024-07-09,168976132.0,162256309.0,171107376.0,150338258.0
2024-07-10,169014969.0,162573009.0,171491784.0,150351635.0
2024-07-11,168985512.0,162022426.0,170816896.0,150365012.0
2024-07-12,169006891.0,162117428.0,170930521.0,150378389.0
2024-07-15,169076971.0,162479533.0,171365590.0,150418395.0
2024-07-16,169108223.0,162699923.0,171632365.0,150431772.0
2024-07-17,169097673.0,162389983.0,171251404.0,150445107.0
2024-07-18,169114372.0,162427178.0,171294448.0,150458361.0
2024-07-19,169167524.0,162927316.0,171902928.0,150471614.0
2024-07-22,169224457.0,163125721.0,172138099.0,150511373.0
2024-07-23,169224437.0,162950599.0,171921818.0,150524627.0
2024-07-24,169221331.0,162736821.0,171658332.0,150537839.0
2024-07-25,169248618.0,162909030.0,171866289.0,150551051.0
2024-07-26,169266741.0,162965394.0,171932760.0,150564222.0
2024-07-29,169282326.0,162641958.0,171530601.0,150603734.0
2024-07-30,169323255.0,162987949.0,171950822.0,150616905.0
2024-07-31,169271406.0,162155717.0,170931966.0,150630076.0
2024-08-01,169129497.0,161093427.0,169643572.0,150579637.0
2024-08-02,169193979.0,161591913.0,170250059.0,150592756.0
2024-08-05,169275075.0,161990680.0,170730024.0,150632113.0
2024-08-06,169298085.0,162085124.0,170843022.0,150645191.0
2024-08-07,169325124.0,162218120.0,171003100.0,150658310.0
2024-08-08,169344153.0,162274071.0,171069083.0,150671387.0
2024-08-09,169233645.0,161077624.0,169605394.0,150684465.0
2024-08-12,169352346.0,161842394.0,170532439.0,150723575.0
2024-08-13,169351508.0,161705459.0,170362817.0,150736735.0
2024-08-14,169263056.0,160778106.0,169227783.0,150749895.0
2024-08-16,169256149.0,160523347.0,168911852.0,150776381.0
2024-08-19,168998408.0,158298629.0,166187439.0,150816109.0
2024-08-20,168999266.0,158238278.0,166111342.0,150829352.0
2024-08-21,169073242.0,158583012.0,166530006.0,150842636.0
2024-08-22,169055863.0,158416546.0,166324300.0,150855878.0
2024-08-23,169141874.0,158828866.0,166825521.0,150869121.0
2024-08-26,168975123.0,157720585.0,165464719.0,150908849.0
2024-08-27,169072876.0,158142550.0,165977713.0,150922133.0
2024-08-28,169245810.0,158931389.0,166938805.0,150935417.0
2024-08-29,169147036.0,158388054.0,166272786.0,150948701.0
2024-08-30,169217611.0,158675031.0,166620907.0,150961985.0
2024-09-02,169236439.0,158873359.0,166867675.0,150936819.0
2024-09-03,169310835.0,159178803.0,167238353.0,150950093.0
2024-09-04,169341991.0,159272473.0,167350370.0,150963367.0
2024-09-05,169233556.0,158682471.0,166627355.0,150976641.0
2024-09-06,169085764.0,157899715.0,165668910.0,150989915.0
2024-09-09,169371762.0,159123667.0,167156667.0,151029738.0
2024-09-10,169457908.0,159515620.0,167633007.0,151043012.0
2024-09-11,169392265.0,159079222.0,167097602.0,151056286.0
2024-09-12,169402386.0,159066552.0,167079737.0,151069560.0
2024-09-13,169247244.0,158195991.0,166014033.0,151082917.0
2024-09-19,169327092.0,158239673.0,166052955.0,151163058.0
2024-09-20,169344543.0,158264452.0,166080815.0,151176415.0
2024-09-23,169541354.0,158965476.0,166929826.0,151216486.0
2024-09-24,169534310.0,158883996.0,166827901.0,151229843.0
2024-09-25,169462777.0,158522744.0,166384265.0,151243200.0
2024-09-26,169393443.0,158171034.0,165952283.0,151256557.0
2024-09-27,169205378.0,157356067.0,164954482.0,151269913.0
2024-09-30,168943922.0,156358295.0,163728592.0,151309984.0
2024-10-02,169275264.0,157426252.0,165039281.0,151275046.0
2024-10-04,169746465.0,158842493.0,166764264.0,151301737.0
2024-10-07,170068644.0,160139874.0,168341691.0,151341649.0
2024-10-08,170135465.0,160444013.0,168710770.0,151354953.0
2024-10-10,170174326.0,160522714.0,168802118.0,151381478.0
2024-10-11,170176984.0,160470432.0,168735948.0,151394326.0
2024-10-14,170325481.0,161132609.0,169537787.0,151432870.0
2024-10-15,170420092.0,161668200.0,170189641.0,151445718.0
2024-10-16,170454020.0,161808684.0,170358914.0,151458566.0
2024-10-17,170551517.0,162402336.0,171081692.0,151471372.0
2024-10-18,170579751.0,162523695.0,171227613.0,151484179.0
2024-10-21,170691672.0,163099823.0,171924374.0,151522599.0
2024-10-22,170761057.0,163587688.0,172517937.0,151535447.0
2024-10-23,170796675.0,163805626.0,172781810.0,151548295.0
2024-10-24,170791321.0,163628053.0,172562611.0,151561143.0
2024-10-25,170884959.0,164463417.0,173580607.0,151573991.0
2024-10-28,170900691.0,164152511.0,173193905.0,151612659.0
2024-10-29,170926758.0,164312607.0,173387123.0,151625549.0
2024-10-30,170910236.0,163932203.0,172920164.0,151638521.0
2024-10-31,170905892.0,163706049.0,172641605.0,151651493.0
2024-11-01,170848153.0,163601385.0,172522232.0,151604495.0
2024-11-04,170821096.0,162828476.0,171571182.0,151643497.0
2024-11-05,170915211.0,163584954.0,172492791.0,151656539.0
2024-11-06,171105191.0,165294959.0,174579034.0,151669581.0
2024-11-07,171122978.0,165348754.0,174642398.0,151682582.0
2024-11-08,171060370.0,164381605.0,173458787.0,151695582.0
2024-11-11,171167579.0,165226807.0,174484088.0,151734584.0
2024-11-12,171244785.0,166089975.0,175536009.0,151747626.0
2024-11-13,171277735.0,166403931.0,175917125.0,151760669.0
2024-11-14,171283721.0,166274677.0,175756906.0,151773711.0
2024-11-15,171261560.0,165682774.0,175031611.0,151786753.0
2024-11-18,171284780.0,165381515.0,174656608.0,151825879.0
2024-11-19,171274331.0,164982127.0,174166449.0,151838921.0
2024-11-20,171289105.0,164997323.0,174182662.0,151851964.0
2024-11-21,171342603.0,165649017.0,174976289.0,151865006.0
2024-11-22,171382612.0,166079013.0,175499134.0,151878048.0
2024-11-25,171429300.0,166163485.0,175595263.0,151917174.0
2024-11-26,171420597.0,165792795.0,175140156.0,151930216.0
2024-11-27,171428326.0,165692199.0,175014939.0,151943259.0
2024-11-28,171434211.0,165572155.0,174866082.0,151955678.0
2024-11-29,171443027.0,165500301.0,174776084.0,151968097.0
2024-12-02,171453976.0,166109113.0,175524110.0,151943516.0
2024-12-03,171477427.0,166278098.0,175728273.0,151955922.0
2024-12-04,171529284.0,166986188.0,176590898.0,151968327.0
2024-12-05,171563993.0,167482554.0,177194923.0,151980732.0
2024-12-06,171594983.0,167892237.0,177693073.0,151993137.0
2024-12-09,171701914.0,169651328.0,179834916.0,152030353.0
2024-12-10,171708562.0,168693502.0,178662784.0,152042842.0
2024-12-11,171726731.0,169218918.0,179302252.0,152055455.0
2024-12-12,171740667.0,169204790.0,179282741.0,152067985.0
2024-12-13,171755684.0,169325554.0,179427977.0,152080557.0
2024-12-16,171800619.0,169563053.0,179711130.0,152119022.0
2024-12-17,171817988.0,169953917.0,180186221.0,152131843.0
2024-12-18,171829959.0,169641154.0,179801905.0,152144665.0
2024-12-19,171854698.0,171236982.0,181748725.0,152157528.0
2024-12-20,171869224.0,171203788.0,181705867.0,152170391.0
2024-12-23,171912811.0,171306783.0,181824715.0,152208980.0
2024-12-24,171927402.0,171746342.0,182359266.0,152221885.0
2024-12-26,171956583.0,172586796.0,183381144.0,152247695.0
2024-12-27,171971356.0,172862268.0,183715251.0,152260766.0
2024-12-30,172015664.0,173390296.0,184353120.0,152299980.0
2025-01-02,171988866.0,172793014.0,183627857.0,152276358.0
2025-01-03,172002295.0,172981130.0,183855480.0,152288248.0
2025-01-06,172041876.0,173150872.0,184056491.0,152323292.0
2025-01-07,172054834.0,171605715.0,182167179.0,152334765.0
2025-01-08,172067745.0,171764849.0,182359485.0,152346196.0
2025-01-09,172080468.0,172309221.0,183022350.0,152357461.0
2025-01-10,172093190.0,172757405.0,183567731.0,152368725.0
2025-01-13,172131357.0,173360666.0,184298466.0,152402518.0
2025-01-14,172144080.0,172643200.0,183420129.0,152413782.0
2025-01-15,172156755.0,172465191.0,183200689.0,152425005.0
2025-01-16,172169431.0,172046220.0,182686938.0,152436227.0
2025-01-17,172182106.0,172215051.0,182891127.0,152447450.0
2025-01-20,172220132.0,171622687.0,182161555.0,152481117.0
2025-01-21,172232760.0,170461089.0,180740771.0,152492298.0
2025-01-22,172245624.0,170292476.0,180532777.0,152503688.0
2025-01-23,172258488.0,170278120.0,180513191.0,152515077.0
2025-01-24,172271352.0,169714017.0,179822149.0,152526467.0
2025-01-31,172361398.0,171880186.0,182453540.0,152606193.0
2025-02-03,172336557.0,173250683.0,184131418.0,152584199.0
2025-02-04,172349305.0,172851587.0,183641932.0,152595486.0
2025-02-05,172355769.0,171075770.0,181464251.0,152606814.0
2025-02-06,172376477.0,171417740.0,181888337.0,152618060.0
2025-02-07,172389474.0,171442099.0,181916375.0,152629305.0
2025-02-10,172436002.0,171813638.0,182372967.0,152663041.0
2025-02-11,172452161.0,171963208.0,182557268.0,152674286.0
2025-02-12,172466815.0,172054996.0,182669466.0,152685489.0
2025-02-13,172465170.0,171501296.0,181976107.0,152696693.0
2025-02-14,172468144.0,171130553.0,181511076.0,152707896.0
2025-02-17,172495404.0,171000885.0,181335561.0,152741381.0
2025-02-18,172517503.0,171208259.0,181596881.0,152752501.0
2025-02-19,172504792.0,170721622.0,180973974.0,152763579.0
2025-02-20,172514440.0,170678277.0,180916082.0,152774615.0
2025-02-21,172509199.0,170345652.0,180489544.0,152785401.0
2025-02-24,172506116.0,169723267.0,179681916.0,152817757.0
2025-02-25,172540035.0,170026830.0,180073710.0,152828417.0
2025-02-26,172572021.0,170301539.0,180428290.0,152839035.0
2025-02-27,172650491.0,171270787.0,181686565.0,152849695.0
2025-02-28,172755885.0,173253117.0,184262974.0,152860522.0
2025-03-04,172744692.0,173091152.0,184054488.0,152854042.0
2025-03-05,172739029.0,172403073.0,183156258.0,152864679.0
2025-03-06,172714933.0,171252738.0,181656517.0,152875316.0
2025-03-07,172748886.0,171690787.0,182223664.0,152885953.0
2025-03-10,172813005.0,172263730.0,182960609.0,152917864.0
2025-03-11,172848027.0,172846479.0,183716046.0,152928501.0
2025-03-12,172842591.0,172167570.0,182829750.0,152939138.0
2025-03-13,172861491.0,172451789.0,183196724.0,152949775.0
2025-03-14,172873577.0,172466311.0,183212755.0,152960411.0
2025-03-17,172895468.0,171941338.0,182521036.0,152992322.0
2025-03-18,172919728.0,172437665.0,183164017.0,153002959.0
2025-03-19,172933031.0,172500369.0,183242745.0,153013596.0
2025-03-20,172958510.0,173044982.0,183948557.0,153024233.0
2025-03-21,172979851.0,173425814.0,184441250.0,153034870.0
2025-03-24,173021870.0,173951596.0,185116828.0,153066781.0
2025-03-25,173033948.0,174110850.0,185321180.0,153077460.0
2025-03-26,173046004.0,173845840.0,184973458.0,153088139.0
2025-03-27,173058070.0,173764030.0,184864125.0,153098818.0
2025-03-28,173070100.0,173894395.0,185030898.0,153109455.0
2025-03-31,173106204.0,174555873.0,185883051.0,153141366.0
2025-04-01,173066144.0,174410532.0,185703421.0,153106117.0
2025-04-02,173078092.0,173915067.0,185055849.0,153116687.0
2025-04-03,173089994.0,173968202.0,185122155.0,153127216.0
2025-04-04,173081432.0,170815143.0,181016428.0,153137619.0
2025-04-07,173367114.0,174103142.0,185286602.0,153168575.0
2025-04-08,173392931.0,174637760.0,185979517.0,153178811.0
2025-04-09,173426174.0,175702424.0,187362156.0,153189046.0
2025-04-10,173430829.0,173048895.0,183906512.0,153199197.0
2025-04-11,173418476.0,172437280.0,183107912.0,153209348.0
2025-04-14,173305830.0,169994572.0,179921130.0,153239801.0
2025-04-15,173331624.0,170143755.0,180112519.0,153249952.0
2025-04-16,173355988.0,170273647.0,180278807.0,153260104.0
2025-04-17,173279334.0,169536134.0,179316393.0,153270213.0
2025-04-18,173348568.0,169974526.0,179884128.0,153280322.0
2025-04-21,173328998.0,169612296.0,179404604.0,153310650.0
2025-04-22,173360524.0,169771153.0,179608594.0,153320759.0
2025-04-23,173372495.0,169785404.0,179624381.0,153330994.0
2025-04-24,173566573.0,171188452.0,181447354.0,153341187.0
2025-04-25,173594102.0,171347454.0,181651520.0,153351338.0
2025-04-28,173693327.0,171978840.0,182464942.0,153381666.0
2025-04-29,173649560.0,171481780.0,181815418.0,153391775.0
2025-04-30,173490500.0,169923151.0,179784525.0,153401884.0
2025-05-02,173280382.0,168368846.0,177769646.0,153373441.0
2025-05-07,173224732.0,167736484.0,176933143.0,153424075.0
2025-05-08,173207993.0,167615743.0,176773312.0,153434160.0
2025-05-09,173281914.0,167957223.0,177214968.0,153444160.0
2025-05-12,173361549.0,168231517.0,177563879.0,153473911.0
2025-05-13,173616329.0,169556163.0,179284883.0,153483911.0
2025-05-14,173687470.0,169975292.0,179827592.0,153493870.0
2025-05-15,173349354.0,167513141.0,176621009.0,153503913.0
2025-05-16,173270616.0,167055042.0,176022189.0,153513998.0
2025-05-19,173457494.0,167888129.0,177098060.0,153544378.0
2025-05-20,173370117.0,167381704.0,176436379.0,153554379.0
2025-05-21,173286346.0,166894386.0,175799574.0,153564338.0
2025-05-22,173176426.0,166339520.0,175074869.0,153574297.0
2025-05-23,173052588.0,165803802.0,174375083.0,153584256.0
2025-05-26,172796389.0,164765172.0,173015514.0,153614132.0
2025-05-27,172983259.0,165270953.0,173670992.0,153624049.0
2025-05-28,173223561.0,165960099.0,174565106.0,153633839.0
2025-05-29,173218031.0,165916091.0,174505237.0,153643504.0
2025-05-30,173352214.0,166335231.0,175048051.0,153653127.0
2025-06-02,173127669.0,165634525.0,174141280.0,153634477.0
2025-06-04,173046758.0,165315671.0,173721199.0,153653671.0
2025-06-05,172722658.0,164260807.0,172345971.0,153663268.0
2025-06-09,172701015.0,164123076.0,172156452.0,153701487.0
2025-06-10,172985467.0,164897748.0,173161932.0,153711000.0
2025-06-11,173366587.0,165942289.0,174518569.0,153720554.0
2025-06-12,172816315.0,164385899.0,172490751.0,153730067.0
2025-06-13,173204349.0,165449837.0,173872638.0,153739580.0
2025-06-16,173040143.0,164932197.0,173191371.0,153768118.0
2025-06-17,173014132.0,164839867.0,173068663.0,153777631.0
2025-06-18,173257339.0,165499358.0,173924264.0,153787143.0
2025-06-19,173628696.0,166554197.0,175294312.0,153796656.0
2025-06-20,173215323.0,165160413.0,173478086.0,153806169.0
2025-06-23,173795293.0,167004400.0,175869855.0,153834833.0
2025-06-24,173091798.0,164693912.0,172860753.0,153844388.0
2025-06-25,173179072.0,164919623.0,173151886.0,153853943.0
2025-06-26,173001055.0,164402722.0,172476693.0,153863498.0
2025-06-27,173030261.0,164464487.0,172554491.0,153873052.0
2025-06-30,172797180.0,163791460.0,171671026.0,153901591.0
2025-07-01,172991580.0,164313236.0,172358920.0,153868432.0
2025-07-02,173115341.0,164596399.0,172724877.0,153877748.0
2025-07-03,173155324.0,164677515.0,172827920.0,153887064.0
2025-07-04,173283139.0,164970456.0,173206600.0,153896381.0
2025-07-07,173525539.0,165541404.0,173942017.0,153924330.0
2025-07-08,173540813.0,165564832.0,173970004.0,153933604.0
2025-07-09,173797628.0,166262521.0,174875363.0,153942921.0
2025-07-10,173637011.0,165794711.0,174264103.0,153952279.0
2025-07-11,173821852.0,166328737.0,174956484.0,153961638.0
2025-07-14,174025686.0,166929263.0,175730390.0,153989587.0
2025-07-15,174008246.0,166846775.0,175620542.0,153998904.0
2025-07-16,174180031.0,167390712.0,176325832.0,154008220.0
2025-07-17,174379122.0,168069690.0,177206843.0,154017536.0
2025-07-18,174400133.0,168122204.0,177272655.0,154026895.0
2025-07-21,174320594.0,167701214.0,176717311.0,154054844.0
2025-07-22,174322602.0,167676558.0,176682706.0,154064203.0
2025-07-23,174144087.0,166918968.0,175694380.0,154073519.0
2025-07-24,173842966.0,165717571.0,174128550.0,154082836.0
2025-07-25,174165906.0,166763441.0,175486981.0,154092152.0
2025-07-28,174320450.0,167200485.0,176048156.0,154120101.0
2025-07-29,174581080.0,168082774.0,177193726.0,154129418.0
2025-07-30,174404821.0,167334382.0,176217370.0,154138734.0
2025-07-31,174508979.0,167724634.0,176722676.0,154148051.0
2025-08-01,174793059.0,169060851.0,178470908.0,154112871.0
2025-08-04,174515797.0,167542364.0,176487466.0,154140738.0
2025-08-05,174600066.0,167854454.0,176891071.0,154150027.0
2025-08-06,174639901.0,167983562.0,177056571.0,154159316.0
2025-08-07,174454366.0,167197815.0,176031614.0,154168605.0
2025-08-08,174665017.0,168020324.0,177099402.0,154177894.0
2025-08-11,174661188.0,167906995.0,176944425.0,154205761.0
2025-08-12,174717650.0,168103601.0,177197757.0,154215050.0
2025-08-13,174534400.0,167326980.0,176184664.0,154224381.0
2025-08-14,174552859.0,167369316.0,176237251.0,154233670.0
2025-08-18,174669677.0,167712547.0,176673825.0,154270995.0
2025-08-19,174821213.0,168294792.0,177428947.0,154280368.0
2025-08-20,174997301.0,169031391.0,178384922.0,154289742.0
2025-08-21,175008579.0,169045048.0,178400169.0,154299115.0
2025-08-22,174924182.0,168557150.0,177762753.0,154308531.0
2025-08-25,174788188.0,167777746.0,176740943.0,154336778.0
2025-08-26,175062848.0,168861852.0,178149100.0,154346194.0
2025-08-27,175086183.0,168923510.0,178226797.0,154355609.0
2025-08-28,174890802.0,168097602.0,177149545.0,154365025.0
2025-08-29,174961647.0,168352059.0,177478122.0,154374441.0
2025-09-01,175027354.0,168674391.0,177901971.0,154358056.0
2025-09-02,174974731.0,168427806.0,177578561.0,154367487.0
2025-09-03,175016990.0,168566180.0,177756079.0,154376917.0
2025-09-04,175033249.0,168598624.0,177795723.0,154386475.0
2025-09-05,175009486.0,168468535.0,177623857.0,154396074.0
2025-09-08,175035447.0,168473288.0,177622318.0,154424747.0
2025-09-09,174983088.0,168227626.0,177300097.0,154434220.0
2025-09-10,174963987.0,168116750.0,177153256.0,154443735.0
2025-09-11,175099182.0,168632042.0,177821228.0,154453208.0
2025-09-12,175025427.0,168299569.0,177386046.0,154462681.0
2025-09-15,175079526.0,168419376.0,177534288.0,154491100.0
2025-09-16,174851366.0,167460142.0,176283508.0,154500657.0
2025-09-17,174891644.0,167589885.0,176449750.0,154510257.0
2025-09-18,175086334.0,168346272.0,177431426.0,154519815.0
2025-09-19,175235949.0,168919627.0,178174919.0,154529414.0
2025-09-22,175247410.0,168865548.0,178096824.0,154558087.0
2025-09-23,175259229.0,168879677.0,178112611.0,154567729.0
2025-09-24,175374053.0,169366453.0,178743432.0,154577371.0
2025-09-25,175442819.0,169679770.0,179148526.0,154587056.0
2025-09-26,175665025.0,170832332.0,180645702.0,154596698.0
2025-09-29,175483401.0,169553229.0,178973508.0,154625497.0
2025-09-30,175561162.0,169972712.0,179516776.0,154635097.0
2025-10-01,175523209.0,169949774.0,179496242.0,154600518.0
2025-10-02,175484327.0,169655951.0,179111337.0,154610048.0
2025-10-10,175899388.0,171792373.0,181870820.0,154686290.0
2025-10-13,175996177.0,172297953.0,182521039.0,154714753.0
2025-10-14,176075595.0,172813409.0,183189221.0,154724241.0
2025-10-15,175959858.0,171893071.0,181989073.0,154733729.0
2025-10-16,175926625.0,171579733.0,181578785.0,154743217.0
2025-10-17,175981154.0,171912076.0,182008691.0,154752704.0
2025-10-20,175988793.0,171761759.0,181805423.0,154781168.0
2025-10-21,176112781.0,172605124.0,182900296.0,154790656.0
2025-10-22,176150281.0,172812179.0,183167170.0,154800143.0
2025-10-23,176283244.0,173771507.0,184412942.0,154809631.0
2025-10-24,176268205.0,173544559.0,184115069.0,154819119.0
2025-10-27,176245047.0,173065607.0,183484164.0,154847583.0
2025-10-28,176319218.0,173658469.0,184253060.0,154857113.0
2025-10-29,176267478.0,173093694.0,183515577.0,154866643.0
2025-10-30,176224164.0,172605990.0,182878372.0,154876215.0
2025-10-31,176213324.0,172417249.0,182630206.0,154885746.0
2025-11-03,176235797.0,172811918.0,183149058.0,154866116.0
2025-11-04,176342348.0,173702147.0,184304875.0,154875747.0
2025-11-05,176467139.0,174823576.0,185761542.0,154885378.0
2025-11-06,176465137.0,174674224.0,185564591.0,154895052.0
2025-11-07,176541579.0,175574384.0,186733297.0,154904811.0
2025-11-10,176546982.0,175088108.0,186092642.0,154934087.0
2025-11-11,176619984.0,176248749.0,187600299.0,154943846.0
2025-11-12,176643784.0,176494480.0,187917416.0,154953647.0
2025-11-13,176659072.0,176701843.0,188184504.0,154963830.0
2025-11-14,176643142.0,175685673.0,186852288.0,154974098.0
2025-11-17,176681369.0,175826005.0,187029151.0,155005156.0
2025-11-18,176712161.0,176544157.0,187980828.0,155015508.0
2025-11-19,176724865.0,176587768.0,188035676.0,155025904.0
2025-11-20,176742799.0,176824147.0,188346800.0,155036341.0
2025-11-21,176774727.0,177581031.0,189349945.0,155046779.0
2025-11-24,176814532.0,177769581.0,189591186.0,155078091.0
2025-11-25,176814318.0,177330935.0,189004850.0,155088529.0
2025-11-26,176808658.0,176689752.0,188149238.0,155098966.0
2025-11-27,176819003.0,176636864.0,188075724.0,155109574.0
2025-11-28,176845942.0,177201207.0,188822832.0,155120181.0
2025-12-01,176829813.0,177113808.0,188710536.0,155107976.0
2025-12-02,176838108.0,176983796.0,188534475.0,155118600.0
2025-12-03,176849289.0,176959511.0,188498970.0,155129266.0
2025-12-04,176875720.0,177503214.0,189218634.0,155139933.0
2025-12-05,176875879.0,177064880.0,188632605.0,155150684.0
2025-12-08,176907895.0,176924627.0,188436406.0,155182938.0
2025-12-09,176934169.0,177458968.0,189143597.0,155193689.0
2025-12-10,176941561.0,177290068.0,188915794.0,155204441.0
2025-12-11,176960590.0,177554558.0,189264205.0,155215192.0
2025-12-12,176974701.0,177635886.0,189369093.0,155225943.0
2025-12-15,177004623.0,177417623.0,189069175.0,155258197.0
2025-12-16,177032496.0,178009815.0,189853269.0,155268991.0
2025-12-17,177045208.0,178293647.0,190227383.0,155279785.0
2025-12-18,177057509.0,178162979.0,190050400.0,155290579.0
2025-12-19,177069858.0,177984140.0,189809356.0,155301415.0
2025-12-22,177106936.0,178392569.0,190342580.0,155333924.0
2025-12-23,177119303.0,178744103.0,190806694.0,155344760.0
2025-12-24,177117099.0,175498867.0,186488711.0,155355639.0
2025-12-26,177081577.0,174610247.0,185300659.0,155377482.0
2025-12-29,177024189.0,173638647.0,183998988.0,155410245.0
2025-12-30,177139033.0,174539903.0,185193960.0,155421167.0
2026-01-02,177146125.0,174782504.0,185523022.0,155399575.0
2026-01-05,177197566.0,175015871.0,185823820.0,155430996.0
2026-01-06,177222953.0,175183498.0,186043542.0,155441427.0
2026-01-07,177238200.0,175235531.0,186109617.0,155451730.0
2026-01-08,177290042.0,175711268.0,186739051.0,155461948.0
2026-01-09,177352916.0,176398953.0,187650282.0,155472166.0
2026-01-12,177440733.0,177480526.0,189079082.0,155502692.0
2026-01-13,177467135.0,178004976.0,189773297.0,155512868.0
2026-01-14,177489372.0,178384990.0,190275477.0,155523043.0
2026-01-15,177479325.0,177647350.0,189291692.0,155533176.0
2026-01-16,177501793.0,178037019.0,189806721.0,155543309.0
2026-01-19,177536959.0,178088325.0,189865768.0,155573708.0
2026-01-20,177553449.0,178526422.0,190445184.0,155583841.0
2026-01-21,177558006.0,177884898.0,189589191.0,155593974.0
2026-01-22,177565640.0,177763913.0,189425280.0,155604107.0
2026-01-23,177559593.0,177382552.0,188915173.0,155614282.0
2026-01-26,177448252.0,174994031.0,185730272.0,155644936.0
2026-01-27,177518943.0,175547839.0,186463493.0,155655197.0
2026-01-28,177272568.0,173275601.0,183439357.0,155665415.0
2026-01-29,177334860.0,173655768.0,183941701.0,155675718.0
2026-01-30,177522641.0,174942801.0,185649757.0,155686064.0
2026-02-02,177818754.0,177310912.0,188803633.0,155668310.0
2026-02-03,177681104.0,175505601.0,186400243.0,155678717.0
2026-02-04,177731228.0,175981566.0,187029912.0,155689165.0
2026-02-05,177885205.0,177805440.0,189451692.0,155699614.0
2026-02-06,177900024.0,177867674.0,189531247.0,155710191.0
2026-02-09,177888294.0,177023929.0,188399877.0,155741922.0
2026-02-10,177894182.0,176922374.0,188261665.0,155752499.0
2026-02-11,177852293.0,176069511.0,187124551.0,155763076.0
2026-02-12,177779625.0,175129806.0,185871978.0,155773653.0
2026-02-13,177840856.0,175596468.0,186489239.0,155784230.0
2026-02-19,177920912.0,175737940.0,186658197.0,155847691.0
2026-02-20,177944782.0,175857892.0,186814477.0,155858311.0
2026-02-23,177912699.0,175263332.0,186014334.0,155890297.0
2026-02-24,177951297.0,175518282.0,186350088.0,155900960.0
2026-02-25,177819441.0,174268888.0,184685741.0,155911622.0
2026-02-26,177784311.0,173935503.0,184239261.0,155922327.0
2026-02-27,177979331.0,175289911.0,186036786.0,155933032.0
2026-03-03,178300423.0,177829438.0,189414585.0,155928490.0
2026-03-04,178365793.0,178815795.0,190722761.0,155939213.0
2026-03-05,178335647.0,178050183.0,189701610.0,155949935.0
2026-03-06,178391574.0,178863339.0,190779508.0,155960658.0
2026-03-09,178515260.0,180745495.0,193272113.0,155993211.0
2026-03-10,178513279.0,178226967.0,189920344.0,156004019.0
2026-03-11,178510535.0,177981120.0,189590219.0,156014827.0
2026-03-12,178602296.0,179411269.0,191488414.0,156025635.0
2026-03-13,178674956.0,180629720.0,193105147.0,156036444.0
2026-03-16,178722358.0,181039045.0,193639627.0,156068740.0
2026-03-17,178724259.0,180677658.0,193155886.0,156079548.0
2026-03-18,178708339.0,179680195.0,191826449.0,156090356.0
2026-03-19,178769102.0,181419747.0,194136011.0,156101165.0
2026-03-20,178780359.0,181395710.0,194100820.0,156111887.0
2026-03-23,178855118.0,183049328.0,196289688.0,156144056.0
2026-03-24,178860120.0,180933104.0,193472828.0,156154778.0
2026-03-25,178884144.0,181381510.0,194065760.0,156165544.0
2026-03-26,178915945.0,182100007.0,195017793.0,156176309.0
2026-03-27,178933387.0,182297786.0,195277504.0,156187075.0
2026-03-30,178981402.0,182997419.0,196197962.0,156219371.0
2026-03-31,178993834.0,184401230.0,198061153.0,156230137.0
2026-04-01,178936425.0,181572287.0,194311193.0,156192791.0
2026-04-02,179038299.0,183357960.0,196682083.0,156203574.0
2026-04-03,179012372.0,181976726.0,194842411.0,156214358.0
2026-04-06,179052524.0,182126526.0,195031823.0,156246709.0
2026-04-07,179059382.0,181938850.0,194779046.0,156257493.0
2026-04-08,178961382.0,178717369.0,190492687.0,156268234.0
2026-04-09,179100824.0,179877729.0,192032192.0,156279018.0
2026-04-10,179113392.0,179892017.0,192047936.0,156289801.0
2026-04-13,179224211.0,180590282.0,192966561.0,156322152.0
2026-04-14,179149725.0,179824216.0,191944786.0,156332936.0
2026-04-15,179087005.0,179164012.0,191063772.0,156343677.0
2026-04-16,179103875.0,179216860.0,191130785.0,156354461.0
2026-04-17,179212132.0,180088908.0,192286964.0,156365245.0
2026-04-20,179181977.0,179524653.0,191527042.0,156397467.0
2026-04-21,179100968.0,178700114.0,190427525.0,156408251.0
2026-04-22,179194241.0,179437450.0,191404586.0,156419078.0
2026-04-23,179260634.0,179933835.0,192061290.0,156429904.0
2026-04-24,179310854.0,180285636.0,192525775.0,156440688.0
2026-04-27,179219434.0,179171033.0,191034099.0,156473039.0
2026-04-28,179243831.0,179291356.0,191190822.0,156483823.0
2026-04-29,179314509.0,179826539.0,191899124.0,156494606.0
2026-04-30,179373307.0,180255627.0,192466379.0,156505347.0
2026-05-04,179132164.0,178262014.0,189819325.0,156493561.0
2026-05-06,179053445.0,177549141.0,188865008.0,156515170.0
2026-05-07,179044097.0,177457373.0,188739740.0,156525974.0
2026-05-08,179335822.0,179175688.0,191021080.0,156536736.0
2026-05-11,179383050.0,179285877.0,191157848.0,156569021.0
2026-05-12,179616824.0,180985675.0,193414569.0,156579782.0
2026-05-13,179634970.0,181067504.0,193520121.0,156590544.0
2026-05-14,179650697.0,181120406.0,193587211.0,156601306.0
2026-05-15,179742134.0,182078910.0,194858345.0,156612067.0
2026-05-18,179775645.0,182074076.0,194842183.0,156644352.0
2026-05-19,179841253.0,182811269.0,195819073.0,156655114.0
2026-05-20,179848399.0,182729285.0,195706813.0,156665918.0
2026-05-21,179857108.0,182676271.0,195633083.0,156676680.0
2026-05-22,179921672.0,183760710.0,197071654.0,156687441.0
2026-05-26,179937586.0,182575243.0,195482381.0,156731002.0
2026-05-27,179934743.0,182290774.0,195100868.0,156741936.0
2026-05-28,179955574.0,182459575.0,195322001.0,156752869.0
2026-05-29,179995399.0,182965990.0,195991995.0,156763845.0
2026-06-01,179960199.0,182599887.0,195509395.0,156750078.0
2026-06-02,180029884.0,183779324.0,197074187.0,156761115.0
2026-06-04,180083233.0,185089362.0,198809292.0,156783189.0
2026-06-05,180095967.0,186009334.0,200029099.0,156794269.0
2026-06-08,180134735.0,185659746.0,199554126.0,156828024.0
2026-06-09,180140383.0,183469098.0,196638171.0,156839232.0
2026-06-10,180185104.0,184649486.0,198204137.0,156850570.0
2026-06-11,180203373.0,185117174.0,198822520.0,156861950.0
2026-06-12,180216289.0,184255403.0,197673359.0,156873202.0
2026-06-15,180247847.0,183461720.0,196607940.0,156906957.0
2026-06-16,180261809.0,183524735.0,196688328.0,156918209.0
2026-06-17,180279598.0,183713222.0,196935525.0,156929503.0
2026-06-18,180321572.0,185048720.0,198707743.0,156940755.0
2026-06-19,180334500.0,185054157.0,198711580.0,156952006.0
2026-06-22,180373299.0,186063965.0,200043992.0,156985761.0
2026-06-23,180386230.0,186281747.0,200330151.0,156997013.0
2026-06-24,180399162.0,186557425.0,200693287.0,157008265.0
2026-06-25,180412092.0,186659504.0,200825613.0,157019516.0
2026-06-26,180425003.0,185642646.0,199470255.0,157030768.0
2026-06-29,180463807.0,186962369.0,201214716.0,157064523.0
2026-06-30,180476741.0,187383125.0,201770739.0,157075775.0
2026-07-01,180430091.0,187858285.0,202414742.0,157035136.0
2026-07-02,180443043.0,187960291.0,202546965.0,157046408.0
2026-07-03,180455994.0,185068345.0,198698578.0,157057680.0
2026-07-06,180494848.0,185567048.0,199351433.0,157091497.0
2026-07-07,180507750.0,185380176.0,199099591.0,157102726.0
2026-07-08,180499912.0,182535103.0,195313538.0,157113955.0
2026-07-09,180570324.0,183282066.0,196303276.0,157125184.0
2026-07-10,180547263.0,182844403.0,195718008.0,157136370.0
2026-07-13,180601708.0,183082802.0,196024853.0,157169928.0
2026-07-14,180534862.0,182095710.0,194709091.0,157181114.0
2026-07-15,180477215.0,181310781.0,193662115.0,157192300.0
2026-07-16,180445860.0,180911231.0,193127508.0,157203529.0
2026-07-17,180439458.0,180742973.0,192900415.0,157214759.0
2026-07-20,180477743.0,180778136.0,192937008.0,157248446.0
2026-07-21,180432609.0,180311022.0,192312570.0,157259675.0
2026-07-22,180531659.0,180972045.0,193188047.0,157270904.0
2026-07-23,180373700.0,179704729.0,191499701.0,157282133.0
2026-07-24,180384313.0,179700588.0,191490810.0,157293362.0
2026-07-27,180448484.0,179929463.0,191784913.0,157327179.0
2026-07-28,180377538.0,179365621.0,191031858.0,157338451.0
2026-07-29,180138704.0,177855860.0,189021155.0,157349723.0
2026-07-30,179969162.0,176973016.0,187843959.0,157361038.0
2026-07-31,179653810.0,175694388.0,186140521.0,157372439.0
2026-08-03,179794787.0,176223607.0,186851148.0,157349212.0
2026-08-04,179886085.0,176498133.0,187212725.0,157360550.0
2026-08-05,179669179.0,175742621.0,186204816.0,157371888.0
2026-08-06,179662531.0,175689804.0,186131173.0,157383226.0
2026-08-07,179440439.0,174962899.0,185161298.0,157394563.0
2026-08-10,179559253.0,175227935.0,185503421.0,157428577.0
2026-08-11,179490771.0,175011296.0,185211969.0,157439914.0
2026-08-12,179494120.0,174996840.0,185189318.0,157451295.0
2026-08-13,179634259.0,175367673.0,185678940.0,157462633.0
2026-08-14,179610232.0,175276128.0,185553794.0,157474014.0
2026-08-17,179469709.0,174808760.0,184922109.0,157508156.0
2026-08-18,179442192.0,174707478.0,184784031.0,157519494.0
2026-08-19,178959457.0,173362824.0,182992815.0,157530875.0
2026-08-20,178756442.0,172885476.0,182354724.0,157542256.0
2026-08-21,178494280.0,172311653.0,181588353.0,157553680.0
