시작일,구간,시기,레버리지 ETF(%),선물 매일(%),선물 월 1회(%),선물 그대로(%),제외 사유
2016-08-10,5,저금리(~2021),0.96,1.28,1.32,1.32,
2016-08-11,5,저금리(~2021),-0.55,-0.41,-0.39,-0.39,
2016-08-12,5,저금리(~2021),0.95,1.39,1.4,1.4,
2016-08-16,5,저금리(~2021),0.75,0.81,0.83,0.83,
2016-08-17,5,저금리(~2021),0.1,-0.33,-0.31,-0.31,
2016-08-18,5,저금리(~2021),1.45,1.2,1.2,1.2,
2016-08-19,5,저금리(~2021),2.01,1.5,1.49,1.49,
2016-08-22,5,저금리(~2021),3.42,3.54,3.51,3.51,
2016-08-23,5,저금리(~2021),2.38,2.55,2.59,2.59,
2016-08-24,5,저금리(~2021),3.42,3.17,3.18,3.18,
2016-08-25,5,저금리(~2021),0.69,0.56,0.69,0.69,
2016-08-26,5,저금리(~2021),-0.34,-0.19,-0.05,-0.05,
2016-08-29,5,저금리(~2021),-3.07,-3.19,-3.24,-3.24,
2016-08-30,5,저금리(~2021),-1.69,-1.71,-1.7,-1.7,
2016-08-31,5,저금리(~2021),-1.73,-1.31,-1.27,-1.27,
2016-09-01,5,저금리(~2021),-0.59,0.26,0.28,0.28,
2016-09-02,5,저금리(~2021),0.84,2.18,2.16,2.16,
2016-09-05,5,저금리(~2021),3.27,4.28,4.17,4.17,
2016-09-06,5,저금리(~2021),2.46,2.95,2.93,2.93,
2016-09-07,5,저금리(~2021),-0.39,-0.23,-0.11,-0.11,
2016-09-08,5,저금리(~2021),-0.44,-0.35,-0.23,-0.23,
2016-09-09,5,저금리(~2021),-1.76,-2.12,-2.06,-2.06,
2016-09-12,5,저금리(~2021),-5.03,-4.99,-5.18,-5.18,
2016-09-13,5,저금리(~2021),-4.66,-4.32,-4.45,-4.45,
2016-09-19,5,저금리(~2021),-2.25,-1.63,-1.63,-1.63,
2016-09-20,5,저금리(~2021),-1.58,-1.51,-1.52,-1.52,
2016-09-21,5,저금리(~2021),-0.1,-0.17,-0.15,-0.15,
2016-09-22,5,저금리(~2021),0.5,0.38,0.4,0.4,
2016-09-23,5,저금리(~2021),2.32,2.81,2.8,2.8,
2016-09-26,5,저금리(~2021),0.8,0.99,1.06,1.06,
2016-09-27,5,저금리(~2021),1.81,1.42,1.48,1.48,
2016-09-28,5,저금리(~2021),1.05,1.23,1.3,1.3,
2016-09-29,5,저금리(~2021),3.56,3.53,3.51,3.51,
2016-09-30,5,저금리(~2021),1.43,0.61,0.66,0.66,
2016-10-04,5,저금리(~2021),2.94,2.49,2.47,2.47,
2016-10-05,5,저금리(~2021),2.37,2.46,2.44,2.44,
2016-10-06,5,저금리(~2021),3.06,2.83,2.8,2.8,
2016-10-07,5,저금리(~2021),1.07,0.34,0.36,0.36,
2016-10-10,5,저금리(~2021),1.55,1.81,1.8,1.8,
2016-10-11,5,저금리(~2021),0.39,0.3,0.33,0.33,
2016-10-12,5,저금리(~2021),-0.29,-0.43,-0.39,-0.39,
2016-10-13,5,저금리(~2021),-0.24,-0.49,-0.46,-0.46,
2016-10-14,5,저금리(~2021),0.96,1.16,1.19,1.19,
2016-10-17,5,저금리(~2021),1.2,0.88,0.91,0.91,
2016-10-18,5,저금리(~2021),2.79,2.52,2.49,2.49,
2016-10-19,5,저금리(~2021),2.95,2.95,2.89,2.89,
2016-10-20,5,저금리(~2021),-0.29,-0.58,-0.51,-0.51,
2016-10-21,5,저금리(~2021),0.14,0.39,0.5,0.5,
2016-10-24,5,저금리(~2021),1.32,1.36,1.47,1.47,
2016-10-25,5,저금리(~2021),0.0,0.09,0.22,0.22,
2016-10-26,5,저금리(~2021),2.92,3.07,3.18,3.18,
2016-10-27,5,저금리(~2021),4.81,4.6,4.54,4.54,
2016-10-28,5,저금리(~2021),3.27,2.29,2.35,2.35,
2016-10-31,5,저금리(~2021),-0.09,-0.5,-0.39,-0.39,
2016-11-01,5,저금리(~2021),0.23,0.11,0.21,0.21,
2016-11-02,5,저금리(~2021),1.05,1.59,1.77,1.77,
2016-11-03,5,저금리(~2021),-2.94,-2.05,-1.67,-1.67,
2016-11-04,5,저금리(~2021),-1.65,-0.75,-0.33,-0.33,
2016-11-07,5,저금리(~2021),0.61,1.11,1.5,1.5,
2016-11-08,5,저금리(~2021),1.87,2.71,3.06,3.06,
2016-11-09,5,저금리(~2021),-3.12,-3.94,-3.77,-3.77,
2016-11-10,5,저금리(~2021),1.32,1.0,1.09,1.09,
2016-11-11,5,저금리(~2021),1.4,0.93,1.02,1.02,
2016-11-14,5,저금리(~2021),2.51,2.04,2.13,2.13,
2016-11-15,5,저금리(~2021),0.73,-0.39,-0.29,-0.29,
2016-11-16,5,저금리(~2021),3.83,3.42,3.37,3.37,
2016-11-17,5,저금리(~2021),4.67,4.48,4.37,4.37,
2016-11-18,5,저금리(~2021),2.76,2.59,2.6,2.6,
2016-11-21,5,저금리(~2021),1.99,2.13,2.15,2.15,
2016-11-22,5,저금리(~2021),2.23,2.24,2.25,2.25,
2016-11-23,5,저금리(~2021),0.76,1.12,1.15,1.15,
2016-11-24,5,저금리(~2021),0.67,0.49,0.53,0.53,
2016-11-25,5,저금리(~2021),2.64,3.32,3.28,3.28,
2016-11-28,5,저금리(~2021),3.6,3.48,3.42,3.42,
2016-11-29,5,저금리(~2021),2.49,2.76,2.76,2.76,
2016-11-30,5,저금리(~2021),3.48,3.28,3.26,3.26,
2016-12-01,5,저금리(~2021),1.82,1.26,1.34,1.34,
2016-12-02,5,저금리(~2021),-1.53,-3.31,-3.28,-3.28,
2016-12-05,5,저금리(~2021),-5.06,-6.08,-6.33,-6.33,
2016-12-06,5,저금리(~2021),-4.82,-5.82,-6.04,-6.04,
2016-12-07,5,저금리(~2021),-5.65,-6.49,-6.81,-6.81,
2016-12-08,5,저금리(~2021),-5.66,-6.18,-6.46,-6.46,
2016-12-09,5,저금리(~2021),-3.9,-3.47,-3.55,-3.55,
2016-12-12,5,저금리(~2021),-2.3,-2.18,-2.21,-2.21,
2016-12-13,5,저금리(~2021),0.37,0.4,0.43,0.43,
2016-12-14,5,저금리(~2021),0.64,0.86,0.88,0.88,
2016-12-15,5,저금리(~2021),2.26,2.19,2.17,2.17,
2016-12-16,5,저금리(~2021),1.02,0.85,0.88,0.88,
2016-12-19,5,저금리(~2021),1.52,1.38,1.4,1.4,
2016-12-20,5,저금리(~2021),-0.64,-1.14,-1.12,-1.12,
2016-12-21,5,저금리(~2021),-3.18,-3.67,-3.73,-3.73,
2016-12-22,5,저금리(~2021),-4.24,-4.01,-4.1,-4.1,
2016-12-23,5,저금리(~2021),-2.1,-1.95,-1.91,-1.91,
2016-12-26,5,저금리(~2021),-3.14,-3.04,-3.05,-3.05,
2016-12-27,5,저금리(~2021),-2.98,-2.54,-2.54,-2.54,
2016-12-28,5,저금리(~2021),-0.7,-0.28,-0.27,-0.27,
2016-12-29,5,저금리(~2021),-0.14,-0.24,-0.23,-0.23,
2017-01-02,5,저금리(~2021),-0.47,-0.28,-0.26,-0.26,
2017-01-03,5,저금리(~2021),1.69,1.9,1.9,1.9,
2017-01-04,5,저금리(~2021),1.23,1.41,1.43,1.43,
2017-01-05,5,저금리(~2021),2.41,2.39,2.38,2.38,
2017-01-06,5,저금리(~2021),1.37,1.24,1.29,1.29,
2017-01-09,5,저금리(~2021),1.69,1.29,1.33,1.33,
2017-01-10,5,저금리(~2021),0.74,0.77,0.81,0.81,
2017-01-11,5,저금리(~2021),1.26,1.13,1.16,1.16,
2017-01-12,5,저금리(~2021),0.65,0.66,0.69,0.69,
2017-01-13,5,저금리(~2021),2.19,2.3,2.27,2.27,
2017-01-16,5,저금리(~2021),1.43,1.87,1.85,1.85,
2017-01-17,5,저금리(~2021),1.56,1.42,1.42,1.42,
2017-01-18,5,저금리(~2021),2.35,2.58,2.53,2.53,
2017-01-19,5,저금리(~2021),0.78,0.34,0.38,0.38,
2017-01-20,5,저금리(~2021),-0.32,-0.0,0.03,0.03,
2017-01-23,5,저금리(~2021),-1.5,-1.96,-1.95,-1.95,
2017-01-24,5,저금리(~2021),-0.81,-0.92,-0.85,-0.85,
2017-01-25,5,저금리(~2021),-0.76,-1.16,-1.09,-1.09,
2017-01-26,5,저금리(~2021),-0.91,-0.56,-0.5,-0.5,
2017-01-31,5,저금리(~2021),0.09,-0.23,-0.17,-0.17,
2017-02-01,5,저금리(~2021),1.02,1.05,1.07,1.07,
2017-02-02,5,저금리(~2021),-0.46,-0.7,-0.69,-0.69,
2017-02-03,5,저금리(~2021),-0.82,-1.05,-1.05,-1.05,
2017-02-06,5,저금리(~2021),-0.23,-0.39,-0.39,-0.39,
2017-02-07,5,저금리(~2021),-0.55,-0.4,-0.4,-0.4,
2017-02-08,5,저금리(~2021),-1.55,-1.54,-1.54,-1.54,
2017-02-09,5,저금리(~2021),-1.46,-1.41,-1.41,-1.41,
2017-02-10,5,저금리(~2021),-1.78,-1.32,-1.31,-1.31,
2017-02-13,5,저금리(~2021),-1.2,-1.11,-1.1,-1.1,
2017-02-14,5,저금리(~2021),-2.02,-2.04,-2.06,-2.06,
2017-02-15,5,저금리(~2021),-0.93,-0.76,-0.76,-0.76,
2017-02-16,5,저금리(~2021),-0.09,0.03,0.03,0.03,
2017-02-17,5,저금리(~2021),0.14,0.1,0.11,0.11,
2017-02-20,5,저금리(~2021),0.61,0.62,0.62,0.62,
2017-02-21,5,저금리(~2021),1.22,1.09,1.08,1.08,
2017-02-22,5,저금리(~2021),1.73,1.49,1.47,1.47,
2017-02-23,5,저금리(~2021),2.18,1.94,1.92,1.92,
2017-02-24,5,저금리(~2021),1.49,1.25,1.26,1.26,
2017-02-27,5,저금리(~2021),0.83,0.86,0.88,0.88,
2017-02-28,5,저금리(~2021),1.43,1.12,1.13,1.13,
2017-03-02,5,저금리(~2021),0.97,0.88,0.89,0.89,
2017-03-03,5,저금리(~2021),-2.32,-2.18,-2.19,-2.19,
2017-03-06,5,저금리(~2021),-1.6,-1.0,-0.97,-0.97,
2017-03-07,5,저금리(~2021),-0.83,-0.78,-0.75,-0.75,
2017-03-08,5,저금리(~2021),-0.14,0.5,0.56,0.56,
2017-03-09,5,저금리(~2021),-1.19,-1.26,-1.19,-1.19,
2017-03-10,5,저금리(~2021),1.44,1.65,1.69,1.69,
2017-03-13,5,저금리(~2021),1.86,1.34,1.39,1.39,
2017-03-14,5,저금리(~2021),0.83,0.71,0.77,0.77,
2017-03-15,5,저금리(~2021),-0.32,-0.5,-0.46,-0.46,
2017-03-16,5,저금리(~2021),0.88,1.11,1.12,1.12,
2017-03-17,5,저금리(~2021),-0.14,-0.22,-0.21,-0.21,
2017-03-20,5,저금리(~2021),-0.87,-0.63,-0.63,-0.63,
2017-03-21,5,저금리(~2021),-1.1,-1.07,-1.07,-1.07,
2017-03-22,5,저금리(~2021),-1.37,-1.65,-1.67,-1.67,
2017-03-23,5,저금리(~2021),-1.6,-1.52,-1.53,-1.53,
2017-03-24,5,저금리(~2021),-2.11,-2.04,-2.06,-2.06,
2017-03-27,5,저금리(~2021),-3.69,-3.76,-3.85,-3.85,
2017-03-28,5,저금리(~2021),-2.88,-2.58,-2.6,-2.6,
2017-03-29,5,저금리(~2021),-3.07,-3.0,-3.04,-3.04,
2017-03-30,5,저금리(~2021),-3.53,-3.49,-3.56,-3.56,
2017-03-31,5,저금리(~2021),-2.86,-2.89,-2.93,-2.93,
2017-04-03,5,저금리(~2021),1.63,1.37,1.41,1.41,
2017-04-04,5,저금리(~2021),0.57,0.31,0.38,0.38,
2017-04-05,5,저금리(~2021),0.96,0.96,1.01,1.01,
2017-04-06,5,저금리(~2021),1.01,1.01,1.06,1.06,
2017-04-07,5,저금리(~2021),2.17,1.91,1.94,1.94,
2017-04-10,5,저금리(~2021),-2.07,-2.07,-2.08,-2.08,
2017-04-11,5,저금리(~2021),-1.71,-1.7,-1.69,-1.69,
2017-04-12,5,저금리(~2021),-2.04,-1.83,-1.82,-1.82,
2017-04-13,5,저금리(~2021),-1.43,-1.21,-1.19,-1.19,
2017-04-14,5,저금리(~2021),-2.17,-1.91,-1.92,-1.92,
2017-04-17,5,저금리(~2021),0.58,0.66,0.67,0.67,
2017-04-18,5,저금리(~2021),0.05,0.13,0.15,0.15,
2017-04-19,5,저금리(~2021),0.0,-0.22,-0.2,-0.2,
2017-04-20,5,저금리(~2021),0.73,0.4,0.42,0.42,
2017-04-21,5,저금리(~2021),0.72,0.48,0.5,0.5,
2017-04-24,5,저금리(~2021),-0.53,-0.57,-0.56,-0.56,
2017-04-25,5,저금리(~2021),-1.4,-1.59,-1.57,-1.57,
2017-04-26,5,저금리(~2021),-3.25,-3.01,-3.03,-3.03,
2017-04-27,5,저금리(~2021),-3.8,-3.57,-3.63,-3.63,
2017-04-28,5,저금리(~2021),-4.65,-4.51,-4.64,-4.64,
2017-05-02,5,저금리(~2021),-3.36,-3.63,-3.68,-3.68,
2017-05-04,5,저금리(~2021),-2.06,-1.85,-1.83,-1.83,
2017-05-08,5,저금리(~2021),1.25,0.45,0.46,0.46,
2017-05-10,5,저금리(~2021),0.8,0.18,0.2,0.2,
2017-05-11,5,저금리(~2021),2.01,1.86,1.84,1.84,
2017-05-12,5,저금리(~2021),0.35,0.69,0.69,0.69,
2017-05-15,5,저금리(~2021),0.8,0.75,0.75,0.75,
2017-05-16,5,저금리(~2021),-0.64,0.25,0.26,0.26,
2017-05-17,5,저금리(~2021),-1.04,-0.62,-0.61,-0.61,
2017-05-18,5,저금리(~2021),-1.18,-1.32,-1.33,-1.33,
2017-05-19,5,저금리(~2021),-1.09,-1.07,-1.08,-1.08,
2017-05-22,5,저금리(~2021),-0.2,-0.44,-0.43,-0.43,
2017-05-23,5,저금리(~2021),-0.85,-1.25,-1.24,-1.24,
2017-05-24,5,저금리(~2021),-1.1,-1.14,-1.14,-1.14,
2017-05-25,5,저금리(~2021),-2.0,-1.38,-1.38,-1.38,
2017-05-26,5,저금리(~2021),-2.1,-2.3,-2.33,-2.33,
2017-05-29,5,저금리(~2021),-3.73,-3.78,-3.9,-3.9,
2017-05-30,5,저금리(~2021),-3.57,-3.41,-3.5,-3.5,
2017-05-31,5,저금리(~2021),-3.29,-3.91,-4.02,-4.02,
2017-06-01,5,저금리(~2021),-3.26,-4.34,-4.49,-4.49,
2017-06-02,5,저금리(~2021),-1.07,-1.52,-1.47,-1.47,
2017-06-05,5,저금리(~2021),-1.39,-1.9,-1.86,-1.86,
2017-06-07,5,저금리(~2021),-0.73,-1.72,-1.67,-1.67,
2017-06-08,5,저금리(~2021),-0.26,-0.13,-0.07,-0.07,
2017-06-09,5,저금리(~2021),0.47,0.46,0.51,0.51,
2017-06-12,5,저금리(~2021),-2.43,-2.15,-2.17,-2.17,
2017-06-13,5,저금리(~2021),-1.0,-0.7,-0.69,-0.69,
2017-06-14,5,저금리(~2021),-0.68,-0.37,-0.36,-0.36,
2017-06-15,5,저금리(~2021),-0.1,0.1,0.11,0.11,
2017-06-16,5,저금리(~2021),-0.84,-0.67,-0.65,-0.65,
2017-06-19,5,저금리(~2021),0.16,-0.12,-0.11,-0.11,
2017-06-20,5,저금리(~2021),-0.69,-0.91,-0.9,-0.9,
2017-06-21,5,저금리(~2021),0.58,0.65,0.69,0.69,
2017-06-22,5,저금리(~2021),-0.63,-1.21,-1.18,-1.18,
2017-06-23,5,저금리(~2021),-0.11,-0.13,-0.09,-0.09,
2017-06-26,5,저금리(~2021),1.06,0.87,0.91,0.91,
2017-06-27,5,저금리(~2021),2.18,2.07,2.07,2.07,
2017-06-28,5,저금리(~2021),0.16,0.18,0.2,0.2,
2017-06-29,5,저금리(~2021),0.32,0.67,0.68,0.68,
2017-06-30,5,저금리(~2021),0.58,0.42,0.43,0.43,
2017-07-03,5,저금리(~2021),0.21,0.43,0.44,0.44,
2017-07-04,5,저금리(~2021),0.21,0.18,0.19,0.19,
2017-07-05,5,저금리(~2021),1.89,1.78,1.77,1.77,
2017-07-06,5,저금리(~2021),1.79,1.26,1.28,1.28,
2017-07-07,5,저금리(~2021),1.42,1.48,1.5,1.5,
2017-07-10,5,저금리(~2021),-0.63,-0.74,-0.7,-0.7,
2017-07-11,5,저금리(~2021),-1.51,-1.47,-1.44,-1.44,
2017-07-12,5,저금리(~2021),-3.81,-4.0,-4.12,-4.12,
2017-07-13,5,저금리(~2021),-4.4,-3.33,-3.4,-3.4,
2017-07-14,5,저금리(~2021),-3.53,-3.59,-3.68,-3.68,
2017-07-17,5,저금리(~2021),-2.37,-2.27,-2.3,-2.3,
2017-07-18,5,저금리(~2021),-0.58,-0.4,-0.36,-0.36,
2017-07-19,5,저금리(~2021),0.05,0.15,0.18,0.18,
2017-07-20,5,저금리(~2021),1.19,0.56,0.59,0.59,
2017-07-21,5,저금리(~2021),2.47,2.93,2.92,2.92,
2017-07-24,5,저금리(~2021),2.96,2.99,2.98,2.98,
2017-07-25,5,저금리(~2021),1.7,1.53,1.57,1.57,
2017-07-26,5,저금리(~2021),1.6,1.7,1.73,1.73,
2017-07-27,5,저금리(~2021),4.5,4.37,4.31,4.31,
2017-07-28,5,저금리(~2021),2.57,2.05,2.08,2.08,
2017-07-31,5,저금리(~2021),0.78,0.6,0.69,0.69,
2017-08-01,5,저금리(~2021),0.1,0.34,0.44,0.44,
2017-08-02,5,저금리(~2021),2.11,2.03,2.08,2.08,
2017-08-03,5,저금리(~2021),-0.67,-0.44,-0.41,-0.41,
2017-08-04,5,저금리(~2021),1.23,1.62,1.66,1.66,
2017-08-07,5,저금리(~2021),2.08,2.06,2.08,2.08,
2017-08-08,5,저금리(~2021),1.1,0.82,0.9,0.9,
2017-08-09,5,저금리(~2021),-1.44,-1.54,-1.47,-1.47,
2017-08-10,5,저금리(~2021),-1.39,-1.36,-1.28,-1.28,
2017-08-11,5,저금리(~2021),-2.88,-3.04,-3.09,-3.09,
2017-08-14,5,저금리(~2021),-3.15,-2.68,-2.71,-2.71,
2017-08-16,5,저금리(~2021),-1.34,-1.14,-1.13,-1.13,
2017-08-17,5,저금리(~2021),-0.58,-0.62,-0.61,-0.61,
2017-08-18,5,저금리(~2021),-0.99,-1.3,-1.31,-1.31,
2017-08-21,5,저금리(~2021),-2.29,-2.3,-2.33,-2.33,
2017-08-22,5,저금리(~2021),-1.37,-1.77,-1.79,-1.79,
2017-08-23,5,저금리(~2021),-1.57,-1.7,-1.71,-1.71,
2017-08-24,5,저금리(~2021),-1.84,-1.74,-1.76,-1.76,
2017-08-25,5,저금리(~2021),-2.22,-2.03,-2.06,-2.06,
2017-08-28,5,저금리(~2021),0.11,0.38,0.42,0.42,
2017-08-29,5,저금리(~2021),0.0,0.25,0.29,0.29,
2017-08-30,5,저금리(~2021),-1.12,-1.44,-1.4,-1.4,
2017-08-31,5,저금리(~2021),-0.96,-0.77,-0.72,-0.72,
2017-09-01,5,저금리(~2021),0.11,0.39,0.44,0.44,
2017-09-04,5,저금리(~2021),-1.81,-2.3,-2.32,-2.32,
2017-09-05,5,저금리(~2021),-2.4,-2.41,-2.43,-2.43,
2017-09-06,5,저금리(~2021),-1.24,-0.69,-0.68,-0.68,
2017-09-07,5,저금리(~2021),-2.16,-2.61,-2.62,-2.62,
2017-09-08,5,저금리(~2021),-4.37,-5.39,-5.58,-5.58,
2017-09-11,5,저금리(~2021),-5.15,-5.26,-5.44,-5.44,
2017-09-12,5,저금리(~2021),-4.47,-4.93,-5.07,-5.07,
2017-09-13,5,저금리(~2021),-3.86,-4.3,-4.38,-4.38,
2017-09-14,5,저금리(~2021),-1.71,-1.58,-1.52,-1.52,
2017-09-15,5,저금리(~2021),1.13,1.87,1.87,1.87,
2017-09-18,5,저금리(~2021),2.11,1.9,1.89,1.89,
2017-09-19,5,저금리(~2021),1.66,1.65,1.65,1.65,
2017-09-20,5,저금리(~2021),-0.11,-0.5,-0.47,-0.47,
2017-09-21,5,저금리(~2021),0.06,-0.27,-0.23,-0.23,
2017-09-22,5,저금리(~2021),-1.17,-1.75,-1.75,-1.75,
2017-09-25,5,저금리(~2021),-1.68,-1.81,-1.81,-1.81,
2017-09-26,5,저금리(~2021),-2.25,-2.79,-2.82,-2.82,
2017-09-27,5,저금리(~2021),-2.32,-1.9,-1.9,-1.9,
2017-09-28,5,저금리(~2021),-3.32,-3.1,-3.17,-3.17,
2017-09-29,5,저금리(~2021),-3.39,-3.65,-3.75,-3.75,
2017-10-10,5,저금리(~2021),-5.92,-5.44,-5.65,-5.65,
2017-10-11,5,저금리(~2021),-4.94,-4.14,-4.23,-4.23,
2017-10-12,5,저금리(~2021),-3.13,-3.18,-3.2,-3.2,
2017-10-13,5,저금리(~2021),-3.9,-4.39,-4.47,-4.47,
2017-10-16,5,저금리(~2021),-4.27,-3.97,-4.03,-4.03,
2017-10-17,5,저금리(~2021),-3.57,-3.97,-4.02,-4.02,
2017-10-18,5,저금리(~2021),-3.69,-4.02,-4.08,-4.08,
2017-10-19,5,저금리(~2021),-2.4,-2.85,-2.79,-2.79,
2017-10-20,5,저금리(~2021),-3.63,-3.44,-3.4,-3.4,
2017-10-23,5,저금리(~2021),-3.05,-3.1,-3.04,-3.04,
2017-10-24,5,저금리(~2021),-0.94,-0.88,-0.8,-0.8,
2017-10-25,5,저금리(~2021),-0.82,-0.94,-0.87,-0.87,
2017-10-26,5,저금리(~2021),-3.19,-2.82,-2.85,-2.85,
2017-10-27,5,저금리(~2021),-2.45,-2.59,-2.62,-2.62,
2017-10-30,5,저금리(~2021),-2.83,-2.36,-2.37,-2.37,
2017-10-31,5,저금리(~2021),-1.08,-1.53,-1.51,-1.51,
2017-11-01,5,저금리(~2021),-3.16,-3.4,-3.45,-3.45,
2017-11-02,5,저금리(~2021),-2.85,-2.96,-2.97,-2.97,
2017-11-03,5,저금리(~2021),-2.96,-2.82,-2.82,-2.82,
2017-11-06,5,저금리(~2021),-6.42,-6.64,-6.87,-6.87,
2017-11-07,5,저금리(~2021),-10.81,-10.62,-11.46,-11.46,
2017-11-08,5,저금리(~2021),-11.37,-12.09,-13.22,-13.22,
2017-11-09,5,저금리(~2021),-12.99,-13.32,-14.82,-14.82,
2017-11-10,5,저금리(~2021),-10.68,-10.5,-11.23,-11.23,
2017-11-13,5,저금리(~2021),-8.93,-9.74,-10.35,-10.35,
2017-11-14,5,저금리(~2021),-5.74,-5.43,-5.48,-5.48,
2017-11-15,5,저금리(~2021),-0.74,0.17,0.35,0.35,
2017-11-16,5,저금리(~2021),-2.25,-1.9,-1.67,-1.67,
2017-11-17,5,저금리(~2021),-1.26,-0.63,-0.32,-0.32,
2017-11-20,5,저금리(~2021),1.75,2.22,2.39,2.39,
2017-11-21,5,저금리(~2021),5.33,5.45,5.51,5.51,
2017-11-22,5,저금리(~2021),1.56,1.65,1.95,1.95,
2017-11-23,5,저금리(~2021),6.52,6.27,6.15,6.15,
2017-11-24,5,저금리(~2021),1.13,0.4,0.68,0.68,
2017-11-27,5,저금리(~2021),1.72,1.78,2.03,2.03,
2017-11-28,5,저금리(~2021),0.43,0.26,0.45,0.45,
2017-11-29,5,저금리(~2021),3.07,3.1,3.19,3.19,
2017-11-30,5,저금리(~2021),3.53,3.72,3.79,3.79,
2017-12-01,5,저금리(~2021),7.96,8.15,7.66,7.66,
2017-12-04,5,저금리(~2021),3.16,2.8,2.99,2.99,
2017-12-05,5,저금리(~2021),2.3,1.74,1.95,1.95,
2017-12-06,5,저금리(~2021),-0.57,-0.5,-0.27,-0.27,
2017-12-07,5,저금리(~2021),-1.74,-1.21,-1.01,-1.01,
2017-12-08,5,저금리(~2021),-3.03,-3.11,-3.0,-3.0,
2017-12-11,5,저금리(~2021),1.28,2.21,2.23,2.23,
2017-12-12,5,저금리(~2021),0.07,0.61,0.66,0.66,
2017-12-13,5,저금리(~2021),3.07,3.38,3.34,3.34,
2017-12-14,5,저금리(~2021),4.11,4.05,3.98,3.98,
2017-12-15,5,저금리(~2021),0.14,0.12,0.41,0.41,
2017-12-18,5,저금리(~2021),-2.11,-2.62,-2.39,-2.39,
2017-12-19,5,저금리(~2021),-7.31,-7.37,-7.35,-7.35,
2017-12-20,5,저금리(~2021),-9.42,-9.27,-9.63,-9.63,
2017-12-21,5,저금리(~2021),-12.59,-12.5,-13.69,-13.69,
2017-12-22,5,저금리(~2021),-9.87,-10.22,-10.98,-10.98,
2017-12-26,5,저금리(~2021),-6.32,-6.23,-6.18,-6.18,
2017-12-27,5,저금리(~2021),-4.85,-5.01,-4.94,-4.94,
2017-12-28,5,저금리(~2021),-6.65,-6.91,-7.03,-7.03,
2018-01-02,5,저금리(~2021),-3.66,-4.01,-3.81,-3.81,
2018-01-03,5,저금리(~2021),-2.91,-3.01,-2.77,-2.77,
2018-01-04,5,저금리(~2021),-9.43,-9.07,-9.58,-9.58,
2018-01-05,5,저금리(~2021),-10.28,-10.21,-10.86,-10.86,
2018-01-08,5,저금리(~2021),-10.89,-10.7,-11.42,-11.42,
2018-01-09,5,저금리(~2021),-12.52,-12.76,-14.07,-14.07,
2018-01-10,5,저금리(~2021),-9.65,-9.26,-9.59,-9.59,
2018-01-11,5,저금리(~2021),-6.86,-7.55,-7.66,-7.66,
2018-01-12,5,저금리(~2021),1.42,1.43,1.77,1.77,
2018-01-15,5,저금리(~2021),5.79,5.62,5.6,5.6,
2018-01-16,5,저금리(~2021),3.14,1.85,2.31,2.31,
2018-01-17,5,저금리(~2021),0.45,0.63,1.07,1.07,
2018-01-18,5,저금리(~2021),1.73,2.51,2.85,2.85,
2018-01-19,5,저금리(~2021),-3.42,-3.66,-3.49,-3.49,
2018-01-22,5,저금리(~2021),-6.26,-6.89,-7.05,-7.05,
2018-01-23,5,저금리(~2021),-2.86,-1.51,-1.39,-1.39,
2018-01-24,5,저금리(~2021),-1.43,-1.73,-1.63,-1.63,
2018-01-25,5,저금리(~2021),0.27,0.17,0.35,0.35,
2018-01-26,5,저금리(~2021),2.36,1.97,2.06,2.06,
2018-01-29,5,저금리(~2021),9.82,10.79,10.17,10.17,
2018-01-30,5,저금리(~2021),8.29,7.95,7.82,7.82,
2018-01-31,5,저금리(~2021),11.6,11.88,11.28,11.28,
2018-02-01,5,저금리(~2021),4.1,4.49,5.17,5.17,
2018-02-02,5,저금리(~2021),6.38,7.46,7.83,7.83,
2018-02-05,5,저금리(~2021),1.52,0.94,1.49,1.49,
2018-02-06,5,저금리(~2021),5.28,6.17,6.44,6.44,
2018-02-07,5,저금리(~2021),-2.84,-3.59,-3.11,-3.11,
2018-02-08,5,저금리(~2021),-1.8,-3.03,-2.57,-2.57,
2018-02-09,5,저금리(~2021),-2.5,-3.27,-2.84,-2.84,
2018-02-12,5,저금리(~2021),-4.16,-4.79,-4.44,-4.44,
2018-02-13,5,저금리(~2021),-6.31,-6.62,-6.6,-6.6,
2018-02-14,5,저금리(~2021),-3.68,-3.49,-3.33,-3.33,
2018-02-19,5,저금리(~2021),0.17,0.18,0.3,0.3,
2018-02-20,5,저금리(~2021),-1.54,-1.47,-1.42,-1.42,
2018-02-21,5,저금리(~2021),2.17,2.38,2.41,2.41,
2018-02-22,5,저금리(~2021),0.52,-0.03,0.04,0.04,
2018-02-23,5,저금리(~2021),3.04,3.62,3.6,3.6,
2018-02-26,5,저금리(~2021),1.13,1.02,1.2,1.2,
2018-02-27,5,저금리(~2021),3.38,3.4,3.55,3.55,
2018-02-28,5,저금리(~2021),-0.76,-0.66,-0.41,-0.41,
2018-03-02,5,저금리(~2021),-0.52,-1.14,-0.88,-0.88,
2018-03-05,5,저금리(~2021),-5.22,-6.38,-6.49,-6.49,
2018-03-06,5,저금리(~2021),-3.1,-3.03,-2.89,-2.89,
2018-03-07,5,저금리(~2021),-5.37,-5.5,-5.66,-5.66,
2018-03-08,5,저금리(~2021),-3.76,-4.3,-4.37,-4.37,
2018-03-09,5,저금리(~2021),-3.36,-3.32,-3.32,-3.32,
2018-03-12,5,저금리(~2021),1.51,2.29,2.31,2.31,
2018-03-13,5,저금리(~2021),-0.53,-0.75,-0.63,-0.63,
2018-03-14,5,저금리(~2021),0.0,0.09,0.22,0.22,
2018-03-15,5,저금리(~2021),2.49,3.04,3.13,3.13,
2018-03-16,5,저금리(~2021),9.64,9.88,9.52,9.52,
2018-03-19,5,저금리(~2021),2.8,1.45,2.22,2.22,
2018-03-20,5,저금리(~2021),4.91,4.5,5.01,5.01,
2018-03-21,5,저금리(~2021),5.32,4.16,4.7,4.7,
2018-03-22,5,저금리(~2021),0.0,-0.13,0.59,0.59,
2018-03-23,5,저금리(~2021),-6.03,-6.05,-6.1,-6.1,
2018-03-26,5,저금리(~2021),-1.11,0.18,0.23,0.23,
2018-03-27,5,저금리(~2021),-1.62,-1.6,-1.56,-1.56,
2018-03-28,5,저금리(~2021),-1.85,-1.01,-0.94,-0.94,
2018-03-29,5,저금리(~2021),0.26,-0.51,-0.45,-0.45,
2018-03-30,5,저금리(~2021),0.17,-0.38,-0.32,-0.32,
2018-04-02,5,저금리(~2021),-1.38,-2.01,-1.99,-1.99,
2018-04-03,5,저금리(~2021),-1.04,-0.65,-0.62,-0.62,
2018-04-04,5,저금리(~2021),-2.23,-1.98,-1.99,-1.99,
2018-04-05,5,저금리(~2021),0.17,0.58,0.6,0.6,
2018-04-06,5,저금리(~2021),-0.61,-0.52,-0.49,-0.49,
2018-04-09,5,저금리(~2021),-0.17,0.46,0.48,0.48,
2018-04-10,5,저금리(~2021),-0.17,0.36,0.38,0.38,
2018-04-11,5,저금리(~2021),1.23,0.72,0.74,0.74,
2018-04-12,5,저금리(~2021),1.38,1.37,1.4,1.4,
2018-04-13,5,저금리(~2021),1.91,2.04,2.04,2.04,
2018-04-16,5,저금리(~2021),4.11,3.88,3.81,3.81,
2018-04-17,5,저금리(~2021),5.69,5.6,5.41,5.41,
2018-04-18,5,저금리(~2021),4.77,4.96,4.83,4.83,
2018-04-19,5,저금리(~2021),1.62,1.33,1.41,1.41,
2018-04-20,5,저금리(~2021),0.26,0.01,0.14,0.14,
2018-04-23,5,저금리(~2021),0.67,0.48,0.63,0.63,
2018-04-24,5,저금리(~2021),0.25,0.22,0.36,0.36,
2018-04-25,5,저금리(~2021),1.08,1.44,1.56,1.56,
2018-04-26,5,저금리(~2021),5.03,5.93,5.78,5.78,
2018-04-27,5,저금리(~2021),11.33,13.46,12.26,12.26,
2018-04-30,5,저금리(~2021),4.42,4.13,4.67,4.67,
2018-05-02,5,저금리(~2021),3.8,3.17,3.76,3.76,
2018-05-03,5,저금리(~2021),1.47,1.12,1.82,1.82,
2018-05-04,5,저금리(~2021),1.2,0.7,1.39,1.39,
2018-05-08,5,저금리(~2021),-4.13,-5.48,-5.35,-5.35,
2018-05-09,5,저금리(~2021),0.48,0.74,0.81,0.81,
2018-05-10,5,저금리(~2021),-0.88,-1.21,-1.13,-1.13,
2018-05-11,5,저금리(~2021),-1.29,-1.24,-1.15,-1.15,
2018-05-14,5,저금리(~2021),-3.39,-3.44,-3.51,-3.51,
2018-05-15,5,저금리(~2021),-2.0,-2.21,-2.22,-2.22,
2018-05-16,5,저금리(~2021),-3.66,-3.81,-3.9,-3.9,
2018-05-17,5,저금리(~2021),-3.61,-3.36,-3.43,-3.43,
2018-05-18,5,저금리(~2021),-2.37,-2.67,-2.72,-2.72,
2018-05-21,5,저금리(~2021),-0.08,-0.62,-0.55,-0.55,
2018-05-23,5,저금리(~2021),-2.12,-2.37,-2.33,-2.33,
2018-05-24,5,저금리(~2021),-1.16,-1.43,-1.37,-1.37,
2018-05-25,5,저금리(~2021),-0.33,-0.27,-0.2,-0.2,
2018-05-28,5,저금리(~2021),1.42,1.0,1.07,1.07,
2018-05-29,5,저금리(~2021),-0.98,-0.47,-0.44,-0.44,
2018-05-30,5,저금리(~2021),-0.75,-0.49,-0.46,-0.46,
2018-05-31,5,저금리(~2021),1.34,1.57,1.61,1.61,
2018-06-01,5,저금리(~2021),1.25,1.27,1.32,1.32,
2018-06-04,5,저금리(~2021),-0.41,-0.34,-0.27,-0.27,
2018-06-05,5,저금리(~2021),0.99,0.69,0.77,0.77,
2018-06-07,5,저금리(~2021),2.26,1.29,1.34,1.34,
2018-06-08,5,저금리(~2021),3.96,2.75,2.82,2.82,
2018-06-11,5,저금리(~2021),7.35,6.69,6.53,6.53,
2018-06-12,5,저금리(~2021),3.4,3.12,3.45,3.45,
2018-06-14,5,저금리(~2021),4.41,3.71,4.02,4.02,
2018-06-15,5,저금리(~2021),3.36,2.87,3.26,3.26,
2018-06-18,5,저금리(~2021),-0.79,-0.71,-0.33,-0.33,
2018-06-19,5,저금리(~2021),-3.38,-3.69,-3.56,-3.56,
2018-06-20,5,저금리(~2021),1.52,1.71,1.79,1.79,
2018-06-21,5,저금리(~2021),1.1,1.48,1.55,1.55,
2018-06-22,5,저금리(~2021),1.11,1.49,1.56,1.56,
2018-06-25,5,저금리(~2021),5.68,6.0,5.89,5.89,
2018-06-26,5,저금리(~2021),3.9,3.31,3.48,3.48,
2018-06-27,5,저금리(~2021),2.84,2.03,2.26,2.26,
2018-06-28,5,저금리(~2021),0.62,0.07,0.31,0.31,
2018-06-29,5,저금리(~2021),-0.71,-0.19,0.06,0.06,
2018-07-02,5,저금리(~2021),-4.24,-4.58,-4.71,-4.71,
2018-07-03,5,저금리(~2021),-2.84,-2.19,-2.19,-2.19,
2018-07-04,5,저금리(~2021),-0.15,0.1,0.21,0.21,
2018-07-05,5,저금리(~2021),-2.0,-1.67,-1.56,-1.56,
2018-07-06,5,저금리(~2021),-0.39,-0.92,-0.81,-0.81,
2018-07-09,5,저금리(~2021),0.08,0.33,0.44,0.44,
2018-07-10,5,저금리(~2021),1.34,1.33,1.44,1.44,
2018-07-11,5,저금리(~2021),-0.15,-0.0,0.08,0.08,
2018-07-12,5,저금리(~2021),3.69,4.19,4.13,4.13,
2018-07-13,5,저금리(~2021),5.71,6.03,5.77,5.77,
2018-07-16,5,저금리(~2021),10.66,10.4,9.71,9.71,
2018-07-17,5,저금리(~2021),9.26,9.59,9.03,9.03,
2018-07-18,5,저금리(~2021),10.55,10.23,9.57,9.57,
2018-07-19,5,저금리(~2021),5.6,5.19,5.24,5.24,
2018-07-20,5,저금리(~2021),4.13,3.91,4.07,4.07,
2018-07-23,5,저금리(~2021),0.5,0.69,0.8,0.8,
2018-07-24,5,저금리(~2021),-1.28,-2.03,-1.92,-1.92,
2018-07-25,5,저금리(~2021),-6.41,-5.59,-5.74,-5.74,
2018-07-26,5,저금리(~2021),-1.58,-1.68,-1.56,-1.56,
2018-07-27,5,저금리(~2021),-2.45,-2.46,-2.36,-2.36,
2018-07-30,5,저금리(~2021),-2.27,-2.16,-2.02,-2.02,
2018-07-31,5,저금리(~2021),-1.59,-1.28,-1.15,-1.15,
2018-08-01,5,저금리(~2021),1.79,1.2,1.29,1.29,
2018-08-02,5,저금리(~2021),-1.68,-1.86,-1.8,-1.8,
2018-08-03,5,저금리(~2021),0.37,0.91,0.99,0.99,
2018-08-06,5,저금리(~2021),2.61,1.88,1.98,1.98,
2018-08-07,5,저금리(~2021),2.49,2.69,2.73,2.73,
2018-08-08,5,저금리(~2021),2.34,2.38,2.44,2.44,
2018-08-09,5,저금리(~2021),1.48,1.77,1.87,1.87,
2018-08-10,5,저금리(~2021),1.55,1.53,1.64,1.64,
2018-08-13,5,저금리(~2021),-5.73,-4.85,-4.91,-4.91,
2018-08-14,5,저금리(~2021),-3.86,-3.67,-3.62,-3.62,
2018-08-16,5,저금리(~2021),-5.0,-5.0,-5.05,-5.05,
2018-08-17,5,저금리(~2021),-4.38,-4.39,-4.4,-4.4,
2018-08-20,5,저금리(~2021),-6.09,-6.32,-6.55,-6.55,
2018-08-21,5,저금리(~2021),-1.65,-1.58,-1.53,-1.53,
2018-08-22,5,저금리(~2021),-3.42,-3.51,-3.56,-3.56,
2018-08-23,5,저금리(~2021),-2.41,-2.45,-2.45,-2.45,
2018-08-24,5,저금리(~2021),-3.36,-3.34,-3.36,-3.36,
2018-08-27,5,저금리(~2021),-2.16,-2.18,-2.15,-2.15,
2018-08-28,5,저금리(~2021),-4.89,-5.14,-5.32,-5.32,
2018-08-29,5,저금리(~2021),-2.23,-2.18,-2.1,-2.1,
2018-08-30,5,저금리(~2021),-1.54,-1.56,-1.46,-1.46,
2018-08-31,5,저금리(~2021),0.71,0.73,0.8,0.8,
2018-09-03,5,저금리(~2021),0.47,0.69,0.76,0.76,
2018-09-04,5,저금리(~2021),1.12,1.15,1.2,1.2,
2018-09-05,5,저금리(~2021),-1.89,-2.44,-2.45,-2.45,
2018-09-06,5,저금리(~2021),-3.13,-2.84,-2.88,-2.88,
2018-09-07,5,저금리(~2021),-4.16,-4.23,-4.35,-4.35,
2018-09-10,5,저금리(~2021),-3.53,-3.4,-3.45,-3.45,
2018-09-11,5,저금리(~2021),-3.1,-2.98,-3.01,-3.01,
2018-09-12,5,저금리(~2021),-1.85,-1.04,-1.01,-1.01,
2018-09-13,5,저금리(~2021),-0.08,0.14,0.19,0.19,
2018-09-14,5,저금리(~2021),0.65,0.71,0.75,0.75,
2018-09-17,5,저금리(~2021),-1.14,-1.45,-1.42,-1.42,
2018-09-18,5,저금리(~2021),1.06,1.05,1.1,1.1,
2018-09-19,5,저금리(~2021),1.64,1.07,1.12,1.12,
2018-09-20,5,저금리(~2021),3.96,3.74,3.8,3.8,
2018-09-21,5,저금리(~2021),5.2,5.35,5.27,5.27,
2018-09-27,5,저금리(~2021),8.72,8.78,8.28,8.28,
2018-09-28,5,저금리(~2021),8.35,8.4,7.94,7.94,
2018-10-01,5,저금리(~2021),9.18,9.59,8.96,8.96,
2018-10-02,5,저금리(~2021),10.03,9.96,9.29,9.29,
2018-10-04,5,저금리(~2021),4.87,4.85,5.01,5.01,
2018-10-05,5,저금리(~2021),5.68,5.28,5.42,5.42,
2018-10-08,5,저금리(~2021),2.77,2.74,3.08,3.08,
2018-10-10,5,저금리(~2021),0.22,-0.29,0.13,0.13,
2018-10-11,5,저금리(~2021),-2.19,-2.5,-2.27,-2.27,
2018-10-12,5,저금리(~2021),-0.22,-0.65,-0.48,-0.48,
2018-10-15,5,저금리(~2021),-3.8,-3.56,-3.57,-3.57,
2018-10-16,5,저금리(~2021),1.16,0.87,1.08,1.08,
2018-10-17,5,저금리(~2021),4.93,5.27,5.26,5.26,
2018-10-18,5,저금리(~2021),4.26,4.83,4.85,4.85,
2018-10-19,5,저금리(~2021),9.97,11.01,10.23,10.23,
2018-10-22,5,저금리(~2021),14.07,14.95,13.38,13.38,
2018-10-23,5,저금리(~2021),7.99,8.6,8.26,8.26,
2018-10-24,5,저금리(~2021),7.15,6.95,6.78,6.78,
2018-10-25,5,저금리(~2021),5.89,5.29,5.3,5.3,
2018-10-26,5,저금리(~2021),-3.56,-4.11,-3.8,-3.8,
2018-10-29,5,저금리(~2021),-6.4,-7.38,-7.55,-7.55,
2018-10-30,5,저금리(~2021),-4.2,-4.95,-4.85,-4.85,
2018-10-31,5,저금리(~2021),-4.32,-4.02,-3.81,-3.81,
2018-11-01,5,저금리(~2021),-5.43,-5.6,-5.51,-5.51,
2018-11-02,5,저금리(~2021),2.58,2.78,2.86,2.86,
2018-11-05,5,저금리(~2021),6.28,6.59,6.42,6.42,
2018-11-06,5,저금리(~2021),5.77,6.59,6.41,6.41,
2018-11-07,5,저금리(~2021),4.04,3.43,3.51,3.51,
2018-11-08,5,저금리(~2021),2.28,2.26,2.46,2.46,
2018-11-09,5,저금리(~2021),-1.02,-1.7,-1.53,-1.53,
2018-11-12,5,저금리(~2021),-6.69,-6.6,-6.91,-6.91,
2018-11-13,5,저금리(~2021),-4.08,-4.65,-4.67,-4.67,
2018-11-14,5,저금리(~2021),-5.19,-5.1,-5.15,-5.15,
2018-11-15,5,저금리(~2021),-2.37,-1.66,-1.55,-1.55,
2018-11-16,5,저금리(~2021),0.55,0.73,0.85,0.85,
2018-11-19,5,저금리(~2021),0.56,0.27,0.42,0.42,
2018-11-20,5,저금리(~2021),-2.47,-2.49,-2.45,-2.45,
2018-11-21,5,저금리(~2021),-1.18,-0.71,-0.63,-0.63,
2018-11-22,5,저금리(~2021),0.21,-0.24,-0.14,-0.14,
2018-11-23,5,저금리(~2021),-1.77,-1.95,-1.9,-1.9,
2018-11-26,5,저금리(~2021),-2.73,-2.19,-2.14,-2.14,
2018-11-27,5,저금리(~2021),-1.34,-1.07,-0.99,-0.99,
2018-11-28,5,저금리(~2021),-0.21,-0.14,-0.03,-0.03,
2018-11-29,5,저금리(~2021),1.73,2.03,2.2,2.2,
2018-11-30,5,저금리(~2021),0.49,0.7,0.94,0.94,
2018-12-03,5,저금리(~2021),6.25,5.69,5.58,5.58,
2018-12-04,5,저금리(~2021),6.84,6.88,6.66,6.66,
2018-12-05,5,저금리(~2021),2.11,1.76,2.06,2.06,
2018-12-06,5,저금리(~2021),-1.36,-1.24,-1.02,-1.02,
2018-12-07,5,저금리(~2021),3.25,3.66,3.81,3.81,
2018-12-10,5,저금리(~2021),1.29,2.18,2.37,2.37,
2018-12-11,5,저금리(~2021),0.2,0.63,0.84,0.84,
2018-12-12,5,저금리(~2021),0.69,1.26,1.42,1.42,
2018-12-13,5,저금리(~2021),1.45,1.65,1.8,1.8,
2018-12-14,5,저금리(~2021),-2.81,-2.55,-2.51,-2.51,
2018-12-17,5,저금리(~2021),-2.61,-2.68,-2.65,-2.65,
2018-12-18,5,저금리(~2021),-3.73,-4.23,-4.3,-4.3,
2018-12-19,5,저금리(~2021),-0.89,-0.87,-0.84,-0.84,
2018-12-20,5,저금리(~2021),-1.63,-1.58,-1.57,-1.57,
2018-12-21,5,저금리(~2021),1.65,1.43,1.46,1.46,
2018-12-24,5,저금리(~2021),3.91,3.53,3.52,3.52,
2018-12-26,5,저금리(~2021),2.9,3.1,3.13,3.13,
2018-12-27,5,저금리(~2021),1.79,1.37,1.49,1.49,
2018-12-28,5,저금리(~2021),2.9,2.62,2.7,2.7,
2019-01-02,5,저금리(~2021),-0.27,-0.3,-0.17,-0.17,
2019-01-03,5,저금리(~2021),-3.37,-3.24,-3.27,-3.27,
2019-01-04,5,저금리(~2021),-1.81,-1.94,-1.93,-1.93,
2019-01-07,5,저금리(~2021),0.54,0.93,0.98,0.98,
2019-01-08,5,저금리(~2021),-1.61,-1.49,-1.45,-1.45,
2019-01-09,5,저금리(~2021),-0.14,-0.17,-0.11,-0.11,
2019-01-10,5,저금리(~2021),1.98,1.79,1.82,1.82,
2019-01-11,5,저금리(~2021),0.34,0.5,0.6,0.6,
2019-01-14,5,저금리(~2021),-0.4,-0.46,-0.39,-0.39,
2019-01-15,5,저금리(~2021),0.82,1.14,1.19,1.19,
2019-01-16,5,저금리(~2021),0.82,1.18,1.23,1.23,
2019-01-17,5,저금리(~2021),-2.28,-1.93,-1.9,-1.9,
2019-01-18,5,저금리(~2021),-1.64,-1.36,-1.33,-1.33,
2019-01-21,5,저금리(~2021),-2.98,-3.17,-3.22,-3.22,
2019-01-22,5,저금리(~2021),-3.04,-3.2,-3.25,-3.25,
2019-01-23,5,저금리(~2021),-4.05,-4.42,-4.56,-4.56,
2019-01-24,5,저금리(~2021),-3.15,-3.35,-3.43,-3.43,
2019-01-25,5,저금리(~2021),-2.15,-2.54,-2.58,-2.58,
2019-01-28,5,저금리(~2021),-3.49,-3.32,-3.38,-3.38,
2019-01-29,5,저금리(~2021),-3.14,-3.19,-3.25,-3.25,
2019-01-30,5,저금리(~2021),-3.52,-3.62,-3.69,-3.69,
2019-01-31,5,저금리(~2021),-2.19,-2.15,-2.13,-2.13,
2019-02-01,5,저금리(~2021),-3.61,-3.66,-3.7,-3.7,
2019-02-07,5,저금리(~2021),-1.59,-1.56,-1.52,-1.52,
2019-02-08,5,저금리(~2021),-1.44,-1.34,-1.29,-1.29,
2019-02-11,5,저금리(~2021),-1.31,-1.39,-1.33,-1.33,
2019-02-12,5,저금리(~2021),-2.6,-2.85,-2.87,-2.87,
2019-02-13,5,저금리(~2021),-1.54,-1.64,-1.63,-1.63,
2019-02-14,5,저금리(~2021),-0.96,-1.03,-1.0,-1.0,
2019-02-15,5,저금리(~2021),-1.02,-1.17,-1.14,-1.14,
2019-02-18,5,저금리(~2021),-1.03,-1.09,-1.07,-1.07,
2019-02-19,5,저금리(~2021),-0.07,0.14,0.18,0.18,
2019-02-20,5,저금리(~2021),-0.52,-0.33,-0.28,-0.28,
2019-02-21,5,저금리(~2021),0.96,0.99,1.07,1.07,
2019-02-22,5,저금리(~2021),-2.44,-2.56,-2.45,-2.45,
2019-02-25,5,저금리(~2021),-1.27,-0.98,-0.83,-0.83,
2019-02-26,5,저금리(~2021),-0.52,-1.11,-0.97,-0.97,
2019-02-27,5,저금리(~2021),2.4,2.57,2.71,2.71,
2019-02-28,5,저금리(~2021),0.37,0.16,0.32,0.32,
2019-03-04,5,저금리(~2021),2.12,1.62,1.69,1.69,
2019-03-05,5,저금리(~2021),-0.91,-1.16,-1.01,-1.01,
2019-03-06,5,저금리(~2021),-1.79,-1.59,-1.46,-1.46,
2019-03-07,5,저금리(~2021),-2.78,-3.3,-3.31,-3.31,
2019-03-08,5,저금리(~2021),-1.54,-1.89,-1.81,-1.81,
2019-03-11,5,저금리(~2021),-0.67,-0.78,-0.7,-0.7,
2019-03-12,5,저금리(~2021),3.59,3.32,3.26,3.26,
2019-03-13,5,저금리(~2021),3.04,2.89,2.85,2.85,
2019-03-14,5,저금리(~2021),3.32,3.47,3.41,3.41,
2019-03-15,5,저금리(~2021),1.71,1.93,1.94,1.94,
2019-03-18,5,저금리(~2021),4.85,5.1,4.96,4.96,
2019-03-19,5,저금리(~2021),2.06,2.06,2.13,2.13,
2019-03-20,5,저금리(~2021),3.84,4.01,3.99,3.99,
2019-03-21,5,저금리(~2021),3.87,3.81,3.8,3.8,
2019-03-22,5,저금리(~2021),1.75,1.87,2.01,2.01,
2019-03-25,5,저금리(~2021),-1.28,-1.35,-1.26,-1.26,
2019-03-26,5,저금리(~2021),-0.22,-0.29,-0.2,-0.2,
2019-03-27,5,저금리(~2021),-3.41,-3.5,-3.54,-3.54,
2019-03-28,5,저금리(~2021),-4.42,-4.34,-4.45,-4.45,
2019-03-29,5,저금리(~2021),-1.58,-1.69,-1.68,-1.68,
2019-04-01,5,저금리(~2021),-0.94,-0.81,-0.78,-0.78,
2019-04-02,5,저금리(~2021),-1.08,-0.99,-0.96,-0.96,
2019-04-03,5,저금리(~2021),0.22,0.26,0.27,0.27,
2019-04-04,5,저금리(~2021),-0.66,-0.81,-0.8,-0.8,
2019-04-05,5,저금리(~2021),-1.24,-1.33,-1.34,-1.34,
2019-04-08,5,저금리(~2021),-1.38,-1.54,-1.55,-1.55,
2019-04-09,5,저금리(~2021),-1.1,-0.9,-0.91,-0.91,
2019-04-10,5,저금리(~2021),-0.59,-0.56,-0.56,-0.56,
2019-04-11,5,저금리(~2021),2.44,2.29,2.29,2.29,
2019-04-12,5,저금리(~2021),0.81,0.77,0.83,0.83,
2019-04-15,5,저금리(~2021),0.59,0.54,0.6,0.6,
2019-04-16,5,저금리(~2021),0.81,0.83,0.89,0.89,
2019-04-17,5,저금리(~2021),1.48,1.44,1.48,1.48,
2019-04-18,5,저금리(~2021),0.0,0.39,0.42,0.42,
2019-04-19,5,저금리(~2021),2.71,2.97,2.92,2.92,
2019-04-22,5,저금리(~2021),1.17,1.29,1.33,1.33,
2019-04-23,5,저금리(~2021),0.95,0.54,0.6,0.6,
2019-04-24,5,저금리(~2021),0.07,-0.06,0.0,0.0,
2019-04-25,5,저금리(~2021),-0.72,-0.79,-0.75,-0.75,
2019-04-26,5,저금리(~2021),-0.5,-0.31,-0.25,-0.25,
2019-04-29,5,저금리(~2021),2.54,2.76,2.73,2.73,
2019-04-30,5,저금리(~2021),5.52,5.91,5.69,5.69,
2019-05-02,5,저금리(~2021),6.04,6.04,5.8,5.8,
2019-05-03,5,저금리(~2021),8.87,8.83,8.3,8.3,
2019-05-07,5,저금리(~2021),7.32,6.87,6.59,6.59,
2019-05-08,5,저금리(~2021),2.76,2.39,2.57,2.57,
2019-05-09,5,저금리(~2021),1.79,1.41,1.59,1.59,
2019-05-10,5,저금리(~2021),2.26,2.34,2.49,2.49,
2019-05-13,5,저금리(~2021),1.54,1.29,1.44,1.44,
2019-05-14,5,저금리(~2021),1.4,1.23,1.37,1.37,
2019-05-15,5,저금리(~2021),4.13,4.26,4.16,4.16,
2019-05-16,5,저금리(~2021),4.26,4.36,4.26,4.26,
2019-05-17,5,저금리(~2021),4.5,4.45,4.33,4.33,
2019-05-20,5,저금리(~2021),2.5,2.61,2.59,2.59,
2019-05-21,5,저금리(~2021),0.33,0.18,0.29,0.29,
2019-05-22,5,저금리(~2021),2.91,2.8,2.89,2.89,
2019-05-23,5,저금리(~2021),0.97,1.02,1.16,1.16,
2019-05-24,5,저금리(~2021),-1.28,-1.38,-1.24,-1.24,
2019-05-27,5,저금리(~2021),-1.86,-1.94,-1.83,-1.83,
2019-05-28,5,저금리(~2021),0.26,0.55,0.63,0.63,
2019-05-29,5,저금리(~2021),-2.5,-2.78,-2.83,-2.83,
2019-05-30,5,저금리(~2021),-3.08,-3.04,-3.11,-3.11,
2019-05-31,5,저금리(~2021),-2.41,-2.39,-2.44,-2.44,
2019-06-03,5,저금리(~2021),-3.14,-3.05,-3.12,-3.12,
2019-06-04,5,저금리(~2021),-2.03,-1.93,-1.93,-1.93,
2019-06-05,5,저금리(~2021),-1.98,-2.15,-2.15,-2.15,
2019-06-07,5,저금리(~2021),0.13,-0.94,-0.9,-0.9,
2019-06-10,5,저금리(~2021),1.33,0.23,0.28,0.28,
2019-06-11,5,저금리(~2021),3.85,2.68,2.66,2.66,
2019-06-12,5,저금리(~2021),2.01,0.57,0.62,0.62,
2019-06-13,5,저금리(~2021),0.94,0.23,0.29,0.29,
2019-06-14,5,저금리(~2021),0.46,0.42,0.49,0.49,
2019-06-17,5,저금리(~2021),0.59,0.62,0.68,0.68,
2019-06-18,5,저금리(~2021),0.13,-0.01,0.05,0.05,
2019-06-19,5,저금리(~2021),1.18,1.36,1.39,1.39,
2019-06-20,5,저금리(~2021),5.93,6.23,5.99,5.99,
2019-06-21,5,저금리(~2021),7.25,7.41,7.06,7.06,
2019-06-24,5,저금리(~2021),3.4,3.32,3.47,3.47,
2019-06-25,5,저금리(~2021),3.77,3.49,3.63,3.63,
2019-06-26,5,저금리(~2021),3.63,3.6,3.74,3.74,
2019-06-27,5,저금리(~2021),1.19,0.87,1.03,1.03,
2019-06-28,5,저금리(~2021),-2.21,-2.42,-2.36,-2.36,
2019-07-01,5,저금리(~2021),4.17,4.08,4.05,4.05,
2019-07-02,5,저금리(~2021),5.38,5.64,5.51,5.51,
2019-07-03,5,저금리(~2021),4.44,4.15,4.17,4.17,
2019-07-04,5,저금리(~2021),2.05,1.94,2.1,2.1,
2019-07-05,5,저금리(~2021),3.02,2.87,2.98,2.98,
2019-07-08,5,저금리(~2021),0.24,0.7,0.79,0.79,
2019-07-09,5,저금리(~2021),-2.38,-2.47,-2.47,-2.47,
2019-07-10,5,저금리(~2021),-0.42,0.06,0.13,0.13,
2019-07-11,5,저금리(~2021),1.64,1.81,1.82,1.82,
2019-07-12,5,저금리(~2021),-0.37,-0.54,-0.44,-0.44,
2019-07-15,5,저금리(~2021),-0.91,-1.1,-1.01,-1.01,
2019-07-16,5,저금리(~2021),0.43,0.39,0.48,0.48,
2019-07-17,5,저금리(~2021),0.24,-0.3,-0.22,-0.22,
2019-07-18,5,저금리(~2021),0.78,0.64,0.72,0.72,
2019-07-19,5,저금리(~2021),4.16,4.43,4.29,4.29,
2019-07-22,5,저금리(~2021),7.58,7.22,6.87,6.87,
2019-07-23,5,저금리(~2021),6.06,6.21,5.98,5.98,
2019-07-24,5,저금리(~2021),4.32,4.35,4.3,4.3,
2019-07-25,5,저금리(~2021),4.58,4.83,4.75,4.75,
2019-07-26,5,저금리(~2021),7.52,7.55,7.29,7.29,
2019-07-29,5,저금리(~2021),12.67,13.79,13.02,13.02,
2019-07-30,5,저금리(~2021),15.31,15.4,14.25,14.25,
2019-07-31,5,저금리(~2021),13.46,13.46,12.83,12.83,
2019-08-01,5,저금리(~2021),8.13,8.16,8.63,8.63,
2019-08-02,5,저금리(~2021),4.43,4.14,4.96,4.96,
2019-08-05,5,저금리(~2021),-3.68,-4.79,-4.84,-4.84,
2019-08-06,5,저금리(~2021),-4.21,-4.43,-4.44,-4.44,
2019-08-07,5,저금리(~2021),-3.85,-3.73,-3.71,-3.71,
2019-08-08,5,저금리(~2021),0.26,0.01,0.07,0.07,
2019-08-09,5,저금리(~2021),-0.78,-0.92,-0.86,-0.86,
2019-08-12,5,저금리(~2021),-3.35,-2.7,-2.67,-2.67,
2019-08-13,5,저금리(~2021),-6.36,-6.28,-6.56,-6.56,
2019-08-14,5,저금리(~2021),-3.9,-3.99,-4.05,-4.05,
2019-08-16,5,저금리(~2021),-3.67,-3.62,-3.65,-3.65,
2019-08-19,5,저금리(~2021),2.0,2.01,2.3,2.3,
2019-08-20,5,저금리(~2021),3.79,2.86,3.08,3.08,
2019-08-21,5,저금리(~2021),1.38,1.7,2.04,2.04,
2019-08-22,5,저금리(~2021),1.21,1.42,1.77,1.77,
2019-08-23,5,저금리(~2021),-1.47,-1.43,-1.05,-1.05,
2019-08-26,5,저금리(~2021),-8.43,-8.03,-8.51,-8.51,
2019-08-27,5,저금리(~2021),-7.05,-6.59,-6.84,-6.84,
2019-08-28,5,저금리(~2021),-4.68,-4.88,-5.01,-5.01,
2019-08-29,5,저금리(~2021),-5.8,-6.09,-6.36,-6.36,
2019-08-30,5,저금리(~2021),-3.75,-4.01,-4.09,-4.09,
2019-09-02,5,저금리(~2021),-0.85,-1.0,-0.96,-0.96,
2019-09-03,5,저금리(~2021),-0.51,-0.51,-0.45,-0.45,
2019-09-04,5,저금리(~2021),-0.69,-1.08,-1.01,-1.01,
2019-09-05,5,저금리(~2021),-1.9,-2.26,-2.19,-2.19,
2019-09-06,5,저금리(~2021),-2.87,-3.19,-3.18,-3.18,
2019-09-09,5,저금리(~2021),-3.19,-3.43,-3.43,-3.43,
2019-09-10,5,저금리(~2021),-4.01,-4.39,-4.48,-4.48,
2019-09-11,5,저금리(~2021),-2.42,-2.77,-2.79,-2.79,
2019-09-16,5,저금리(~2021),0.29,0.42,0.44,0.44,
2019-09-17,5,저금리(~2021),4.55,4.21,4.15,4.15,
2019-09-18,5,저금리(~2021),5.71,5.35,5.21,5.21,
2019-09-19,5,저금리(~2021),4.12,3.72,3.75,3.75,
2019-09-20,5,저금리(~2021),5.01,5.16,5.07,5.07,
2019-09-23,5,저금리(~2021),4.56,4.61,4.56,4.56,
2019-09-24,5,저금리(~2021),-2.09,-1.68,-1.54,-1.54,
2019-09-25,5,저금리(~2021),-1.84,-1.47,-1.32,-1.32,
2019-09-26,5,저금리(~2021),-0.68,-0.16,-0.01,-0.01,
2019-09-27,5,저금리(~2021),-4.94,-4.67,-4.61,-4.61,
2019-09-30,5,저금리(~2021),-6.32,-6.56,-6.7,-6.7,
2019-10-01,5,저금리(~2021),-3.0,-2.74,-2.6,-2.6,
2019-10-02,5,저금리(~2021),-4.14,-4.59,-4.64,-4.64,
2019-10-04,5,저금리(~2021),-5.86,-6.27,-6.47,-6.47,
2019-10-07,5,저금리(~2021),-3.07,-3.36,-3.39,-3.39,
2019-10-08,5,저금리(~2021),-2.87,-2.8,-2.82,-2.82,
2019-10-10,5,저금리(~2021),-2.2,-2.41,-2.4,-2.4,
2019-10-11,5,저금리(~2021),-1.89,-1.91,-1.87,-1.87,
2019-10-14,5,저금리(~2021),-1.87,-1.9,-1.87,-1.87,
2019-10-15,5,저금리(~2021),-3.35,-3.6,-3.6,-3.6,
2019-10-16,5,저금리(~2021),-5.35,-5.74,-5.86,-5.86,
2019-10-17,5,저금리(~2021),-5.78,-5.86,-6.0,-6.0,
2019-10-18,5,저금리(~2021),-4.1,-3.7,-3.54,-3.54,
2019-10-21,5,저금리(~2021),-1.91,-2.05,-1.83,-1.83,
2019-10-22,5,저금리(~2021),-1.01,-0.85,-0.65,-0.65,
2019-10-23,5,저금리(~2021),2.34,2.74,2.77,2.77,
2019-10-24,5,저금리(~2021),1.42,1.14,1.23,1.23,
2019-10-25,5,저금리(~2021),-2.14,-2.37,-2.41,-2.41,
2019-10-28,5,저금리(~2021),-3.39,-3.18,-3.25,-3.25,
2019-10-29,5,저금리(~2021),-2.93,-2.9,-2.95,-2.95,
2019-10-30,5,저금리(~2021),-1.71,-1.5,-1.46,-1.46,
2019-10-31,5,저금리(~2021),-0.83,-0.46,-0.39,-0.39,
2019-11-01,5,저금리(~2021),0.32,0.33,0.39,0.39,
2019-11-04,5,저금리(~2021),2.73,2.77,2.76,2.76,
2019-11-05,5,저금리(~2021),2.69,2.8,2.78,2.78,
2019-11-06,5,저금리(~2021),2.52,2.17,2.17,2.17,
2019-11-07,5,저금리(~2021),1.54,1.15,1.18,1.18,
2019-11-08,5,저금리(~2021),-0.45,-0.32,-0.27,-0.27,
2019-11-11,5,저금리(~2021),-1.52,-1.43,-1.4,-1.4,
2019-11-12,5,저금리(~2021),1.53,1.44,1.49,1.49,
2019-11-13,5,저금리(~2021),2.71,2.68,2.72,2.72,
2019-11-14,5,저금리(~2021),5.18,4.99,4.9,4.9,
2019-11-15,5,저금리(~2021),7.33,7.0,6.67,6.67,
2019-11-18,5,저금리(~2021),4.24,4.01,4.05,4.05,
2019-11-19,5,저금리(~2021),1.64,1.25,1.41,1.41,
2019-11-20,5,저금리(~2021),-0.43,-0.34,-0.22,-0.22,
2019-11-21,5,저금리(~2021),-0.48,-0.02,0.11,0.11,
2019-11-22,5,저금리(~2021),0.66,1.02,1.17,1.17,
2019-11-25,5,저금리(~2021),2.4,2.22,2.28,2.28,
2019-11-26,5,저금리(~2021),4.64,5.42,5.29,5.29,
2019-11-27,5,저금리(~2021),4.43,4.72,4.65,4.65,
2019-11-28,5,저금리(~2021),3.38,3.32,3.32,3.32,
2019-11-29,5,저금리(~2021),-0.12,-0.15,-0.03,-0.03,
2019-12-02,5,저금리(~2021),0.9,1.44,1.52,1.52,
2019-12-03,5,저금리(~2021),-0.3,-0.43,-0.39,-0.39,
2019-12-04,5,저금리(~2021),-0.41,-0.42,-0.38,-0.38,
2019-12-05,5,저금리(~2021),-3.62,-4.0,-4.05,-4.05,
2019-12-06,5,저금리(~2021),-2.68,-3.53,-3.56,-3.56,
2019-12-09,5,저금리(~2021),-2.26,-2.76,-2.73,-2.73,
2019-12-10,5,저금리(~2021),-4.27,-5.13,-5.25,-5.25,
2019-12-11,5,저금리(~2021),-3.85,-4.73,-4.81,-4.81,
2019-12-12,5,저금리(~2021),-2.06,-2.49,-2.48,-2.48,
2019-12-13,5,저금리(~2021),-1.59,-1.6,-1.57,-1.57,
2019-12-16,5,저금리(~2021),-2.93,-3.09,-3.13,-3.13,
2019-12-17,5,저금리(~2021),0.31,0.62,0.66,0.66,
2019-12-18,5,저금리(~2021),-2.96,-2.97,-2.93,-2.93,
2019-12-19,5,저금리(~2021),-4.21,-4.19,-4.21,-4.21,
2019-12-20,5,저금리(~2021),-5.29,-5.09,-5.18,-5.18,
2019-12-23,5,저금리(~2021),-4.46,-4.47,-4.49,-4.49,
2019-12-24,5,저금리(~2021),-4.51,-4.76,-4.83,-4.83,
2019-12-26,5,저금리(~2021),1.02,1.26,1.42,1.42,
2019-12-27,5,저금리(~2021),0.65,0.38,0.58,0.58,
2019-12-30,5,저금리(~2021),5.91,5.84,5.84,5.84,
2020-01-02,5,저금리(~2021),1.18,1.09,1.61,1.61,
2020-01-03,5,저금리(~2021),-1.29,-1.82,-1.29,-1.29,
2020-01-06,5,저금리(~2021),-4.84,-5.0,-4.79,-4.79,
2020-01-07,5,저금리(~2021),-2.44,-1.88,-1.53,-1.53,
2020-01-08,5,저금리(~2021),-5.4,-5.61,-5.7,-5.7,
2020-01-09,5,저금리(~2021),-2.01,-2.16,-2.18,-2.18,
2020-01-10,5,저금리(~2021),-1.05,-0.4,-0.39,-0.39,
2020-01-13,5,저금리(~2021),0.46,0.51,0.53,0.53,
2020-01-14,5,저금리(~2021),1.58,1.16,1.17,1.17,
2020-01-15,5,저금리(~2021),-0.98,-1.31,-1.23,-1.23,
2020-01-16,5,저금리(~2021),1.13,1.38,1.47,1.47,
2020-01-17,5,저금리(~2021),4.9,4.67,4.69,4.69,
2020-01-20,5,저금리(~2021),2.76,2.49,2.67,2.67,
2020-01-21,5,저금리(~2021),3.56,3.83,3.98,3.98,
2020-01-22,5,저금리(~2021),7.68,7.92,7.58,7.58,
2020-01-23,5,저금리(~2021),5.05,4.62,4.66,4.66,
2020-01-28,5,저금리(~2021),-0.82,-0.97,-0.81,-0.81,
2020-01-29,5,저금리(~2021),0.64,0.51,0.65,0.65,
2020-01-30,5,저금리(~2021),-3.75,-3.88,-3.92,-3.92,
2020-01-31,5,저금리(~2021),-5.23,-4.9,-5.05,-5.05,
2020-02-03,5,저금리(~2021),-4.49,-4.44,-4.55,-4.55,
2020-02-04,5,저금리(~2021),-3.57,-3.29,-3.34,-3.34,
2020-02-05,5,저금리(~2021),-4.26,-3.63,-3.71,-3.71,
2020-02-06,5,저금리(~2021),-2.01,-1.65,-1.66,-1.66,
2020-02-07,5,저금리(~2021),-1.88,-2.14,-2.17,-2.17,
2020-02-10,5,저금리(~2021),-1.63,-1.62,-1.64,-1.64,
2020-02-11,5,저금리(~2021),0.99,1.0,1.03,1.03,
2020-02-12,5,저금리(~2021),1.19,0.72,0.75,0.75,
2020-02-13,5,저금리(~2021),1.79,1.34,1.37,1.37,
2020-02-14,5,저금리(~2021),4.1,4.39,4.32,4.32,
2020-02-17,5,저금리(~2021),8.9,9.0,8.51,8.51,
2020-02-18,5,저금리(~2021),3.27,3.39,3.62,3.62,
2020-02-19,5,저금리(~2021),3.41,3.72,3.93,3.93,
2020-02-20,5,저금리(~2021),4.56,4.59,4.75,4.75,
2020-02-21,5,저금리(~2021),5.78,5.45,5.58,5.58,
2020-02-24,5,저금리(~2021),-1.59,-1.18,-0.85,-0.85,
2020-02-25,5,저금리(~2021),2.66,2.39,2.55,2.55,
2020-02-26,5,저금리(~2021),1.08,1.21,1.43,1.43,
2020-02-27,5,저금리(~2021),-2.06,-1.81,-1.6,-1.6,
2020-02-28,5,저금리(~2021),-4.62,-4.15,-4.2,-4.2,
2020-03-02,5,저금리(~2021),2.29,2.27,2.43,2.43,
2020-03-03,5,저금리(~2021),-0.19,-0.16,0.11,0.11,
2020-03-04,5,저금리(~2021),6.09,5.94,6.04,6.04,
2020-03-05,5,저금리(~2021),11.77,13.06,12.17,12.17,
2020-03-06,5,저금리(~2021),16.81,16.8,15.14,15.14,
2020-03-09,5,저금리(~2021),16.36,15.59,14.19,14.19,
2020-03-10,5,저금리(~2021),13.29,12.51,12.01,12.01,
2020-03-11,5,저금리(~2021),15.43,15.29,14.4,14.4,
2020-03-12,5,저금리(~2021),20.72,20.23,18.46,18.46,
2020-03-13,5,저금리(~2021),3.23,4.32,6.64,6.64,
2020-03-16,5,저금리(~2021),6.15,7.31,9.47,9.47,
2020-03-17,5,저금리(~2021),0.05,0.68,4.4,4.4,
2020-03-18,5,저금리(~2021),-9.53,-9.18,-6.42,-6.42,
2020-03-19,5,저금리(~2021),-16.74,-18.05,-19.02,-19.02,
2020-03-20,5,저금리(~2021),-9.3,-10.96,-10.47,-10.47,
2020-03-23,5,저금리(~2021),-17.12,-16.59,-18.32,-18.32,
2020-03-24,5,저금리(~2021),-13.09,-12.48,-13.62,-13.62,
2020-03-25,5,저금리(~2021),-6.06,-5.64,-5.31,-5.31,
2020-03-26,5,저금리(~2021),-9.51,-8.57,-8.51,-8.51,
2020-03-27,5,저금리(~2021),-8.12,-7.76,-7.58,-7.58,
2020-03-30,5,저금리(~2021),-9.53,-10.21,-10.39,-10.39,
2020-03-31,5,저금리(~2021),-4.77,-4.92,-4.66,-4.66,
2020-04-01,5,저금리(~2021),-7.72,-8.13,-8.51,-8.51,
2020-04-02,5,저금리(~2021),-4.88,-5.43,-5.58,-5.58,
2020-04-03,5,저금리(~2021),-4.32,-3.68,-3.64,-3.64,
2020-04-06,5,저금리(~2021),2.49,1.58,1.63,1.63,
2020-04-07,5,저금리(~2021),0.2,0.12,0.24,0.24,
2020-04-08,5,저금리(~2021),-3.27,-4.06,-3.99,-3.99,
2020-04-09,5,저금리(~2021),-4.21,-3.63,-3.53,-3.53,
2020-04-10,5,저금리(~2021),-3.99,-4.56,-4.56,-4.56,
2020-04-13,5,저금리(~2021),-5.49,-5.19,-5.27,-5.27,
2020-04-14,5,저금리(~2021),-3.81,-3.58,-3.56,-3.56,
2020-04-16,5,저금리(~2021),-1.82,-1.37,-1.35,-1.35,
2020-04-17,5,저금리(~2021),1.51,1.47,1.52,1.52,
2020-04-20,5,저금리(~2021),-1.43,-1.1,-0.99,-0.99,
2020-04-21,5,저금리(~2021),-1.89,-1.7,-1.62,-1.62,
2020-04-22,5,저금리(~2021),-0.48,-1.06,-0.96,-0.96,
2020-04-23,5,저금리(~2021),1.03,1.48,1.57,1.57,
2020-04-24,5,저금리(~2021),-3.65,-3.73,-3.69,-3.69,
2020-04-27,5,저금리(~2021),-2.49,-2.63,-2.56,-2.56,
2020-04-28,5,저금리(~2021),-5.85,-5.83,-5.96,-5.96,
2020-04-29,5,저금리(~2021),-6.39,-6.55,-6.77,-6.77,
2020-05-04,5,저금리(~2021),-6.94,-7.26,-7.6,-7.6,
2020-05-06,5,저금리(~2021),-5.27,-5.19,-5.35,-5.35,
2020-05-07,5,저금리(~2021),-3.9,-3.87,-3.93,-3.93,
2020-05-08,5,저금리(~2021),-1.17,-1.24,-1.23,-1.23,
2020-05-11,5,저금리(~2021),0.07,0.27,0.29,0.29,
2020-05-12,5,저금리(~2021),-1.24,-1.22,-1.2,-1.2,
2020-05-13,5,저금리(~2021),-1.41,-1.56,-1.55,-1.55,
2020-05-14,5,저금리(~2021),-2.66,-2.62,-2.64,-2.64,
2020-05-15,5,저금리(~2021),-1.26,-1.69,-1.66,-1.66,
2020-05-18,5,저금리(~2021),-3.74,-3.57,-3.64,-3.64,
2020-05-19,5,저금리(~2021),-4.3,-3.94,-4.03,-4.03,
2020-05-20,5,저금리(~2021),-2.03,-1.9,-1.89,-1.89,
2020-05-21,5,저금리(~2021),1.21,0.93,1.01,1.01,
2020-05-22,5,저금리(~2021),-1.12,-0.64,-0.56,-0.56,
2020-05-25,5,저금리(~2021),-4.19,-4.02,-3.91,-3.91,
2020-05-26,5,저금리(~2021),-4.02,-4.35,-4.25,-4.25,
2020-05-27,5,저금리(~2021),-4.53,-4.86,-4.82,-4.82,
2020-05-28,5,저금리(~2021),-7.2,-7.32,-7.64,-7.64,
2020-05-29,5,저금리(~2021),-7.35,-7.31,-7.63,-7.63,
2020-06-01,5,저금리(~2021),-3.5,-3.96,-4.07,-4.07,
2020-06-02,5,저금리(~2021),-2.26,-2.31,-2.34,-2.34,
2020-06-03,5,저금리(~2021),-3.46,-2.87,-2.93,-2.93,
2020-06-04,5,저금리(~2021),-2.91,-3.23,-3.31,-3.31,
2020-06-05,5,저금리(~2021),-0.33,-0.86,-0.81,-0.81,
2020-06-08,5,저금리(~2021),7.17,7.41,7.42,7.42,
2020-06-09,5,저금리(~2021),-0.25,0.35,1.33,1.33,
2020-06-10,5,저금리(~2021),1.08,0.08,1.07,1.07,
2020-06-11,5,저금리(~2021),1.25,1.2,2.15,2.15,
2020-06-12,5,저금리(~2021),-0.57,-0.81,0.15,0.15,
2020-06-15,5,저금리(~2021),-8.46,-9.16,-9.56,-9.56,
2020-06-16,5,저금리(~2021),-1.9,-3.56,-3.64,-3.64,
2020-06-17,5,저금리(~2021),-2.72,-3.13,-3.19,-3.19,
2020-06-18,5,저금리(~2021),-1.81,-1.59,-1.54,-1.54,
2020-06-19,5,저금리(~2021),-1.82,-1.99,-1.95,-1.95,
2020-06-22,5,저금리(~2021),2.35,2.03,2.08,2.08,
2020-06-23,5,저금리(~2021),2.28,2.42,2.45,2.45,
2020-06-24,5,저금리(~2021),4.4,4.67,4.58,4.58,
2020-06-25,5,저금리(~2021),1.17,0.96,1.07,1.07,
2020-06-26,5,저금리(~2021),0.25,0.24,0.38,0.38,
2020-06-29,5,저금리(~2021),-3.12,-2.83,-2.81,-2.81,
2020-06-30,5,저금리(~2021),-2.72,-2.78,-2.76,-2.76,
2020-07-01,5,저금리(~2021),-4.95,-5.11,-5.32,-5.32,
2020-07-02,5,저금리(~2021),-3.72,-3.86,-3.98,-3.98,
2020-07-03,5,저금리(~2021),-2.43,-2.65,-2.7,-2.7,
2020-07-06,5,저금리(~2021),-2.46,-2.31,-2.35,-2.35,
2020-07-07,5,저금리(~2021),-1.86,-1.28,-1.28,-1.28,
2020-07-08,5,저금리(~2021),-1.62,-1.23,-1.23,-1.23,
2020-07-09,5,저금리(~2021),0.26,0.35,0.36,0.36,
2020-07-10,5,저금리(~2021),-0.86,-0.68,-0.65,-0.65,
2020-07-13,5,저금리(~2021),0.26,0.15,0.18,0.18,
2020-07-14,5,저금리(~2021),-1.64,-1.91,-1.9,-1.9,
2020-07-15,5,저금리(~2021),-1.65,-1.88,-1.86,-1.86,
2020-07-16,5,저금리(~2021),-4.28,-4.18,-4.3,-4.3,
2020-07-17,5,저금리(~2021),-2.17,-1.99,-1.98,-1.98,
2020-07-20,5,저금리(~2021),-3.12,-3.24,-3.29,-3.29,
2020-07-21,5,저금리(~2021),-3.16,-3.15,-3.19,-3.19,
2020-07-22,5,저금리(~2021),-2.56,-2.33,-2.32,-2.32,
2020-07-23,5,저금리(~2021),-0.81,-0.86,-0.82,-0.82,
2020-07-24,5,저금리(~2021),-2.04,-2.21,-2.23,-2.23,
2020-07-27,5,저금리(~2021),-2.95,-2.86,-2.9,-2.9,
2020-07-28,5,저금리(~2021),-2.36,-2.33,-2.35,-2.35,
2020-07-29,5,저금리(~2021),-4.89,-5.21,-5.39,-5.39,
2020-07-30,5,저금리(~2021),-6.05,-6.13,-6.41,-6.41,
2020-07-31,5,저금리(~2021),-6.43,-6.4,-6.71,-6.71,
2020-08-03,5,저금리(~2021),-5.06,-4.95,-5.12,-5.12,
2020-08-04,5,저금리(~2021),-3.9,-3.9,-3.98,-3.98,
2020-08-05,5,저금리(~2021),0.57,0.89,0.95,0.95,
2020-08-06,5,저금리(~2021),-0.48,-0.19,-0.1,-0.1,
2020-08-07,5,저금리(~2021),3.29,3.93,3.98,3.98,
2020-08-10,5,저금리(~2021),7.27,7.06,6.87,6.87,
2020-08-11,5,저금리(~2021),4.54,4.38,4.52,4.52,
2020-08-12,5,저금리(~2021),5.68,5.74,5.82,5.82,
2020-08-13,5,저금리(~2021),7.34,6.94,6.85,6.85,
2020-08-14,5,저금리(~2021),0.84,0.32,0.67,0.67,
2020-08-18,5,저금리(~2021),-4.79,-4.23,-4.1,-4.1,
2020-08-19,5,저금리(~2021),-2.77,-2.24,-2.03,-2.03,
2020-08-20,5,저금리(~2021),-5.28,-5.23,-5.39,-5.39,
2020-08-21,5,저금리(~2021),-5.76,-5.56,-5.74,-5.74,
2020-08-24,5,저금리(~2021),-3.25,-3.15,-3.2,-3.2,
2020-08-25,5,저금리(~2021),-1.33,-1.74,-1.75,-1.75,
2020-08-26,5,저금리(~2021),-3.52,-3.42,-3.49,-3.49,
2020-08-27,5,저금리(~2021),-4.35,-4.3,-4.43,-4.43,
2020-08-28,5,저금리(~2021),-1.81,-1.53,-1.48,-1.48,
2020-08-31,5,저금리(~2021),-2.78,-2.59,-2.56,-2.56,
2020-09-01,5,저금리(~2021),-2.98,-2.96,-2.95,-2.95,
2020-09-02,5,저금리(~2021),1.08,0.93,1.03,1.03,
2020-09-03,5,저금리(~2021),0.1,0.07,0.19,0.19,
2020-09-04,5,저금리(~2021),-1.55,-1.48,-1.41,-1.41,
2020-09-07,5,저금리(~2021),-0.79,-0.82,-0.75,-0.75,
2020-09-08,5,저금리(~2021),-1.49,-1.22,-1.15,-1.15,
2020-09-09,5,저금리(~2021),-2.92,-2.75,-2.78,-2.78,
2020-09-10,5,저금리(~2021),0.1,0.3,0.35,0.35,
2020-09-11,5,저금리(~2021),-1.28,-1.54,-1.48,-1.48,
2020-09-14,5,저금리(~2021),2.49,1.9,2.01,2.01,
2020-09-15,5,저금리(~2021),7.15,7.46,7.23,7.23,
2020-09-16,5,저금리(~2021),6.53,6.4,6.31,6.31,
2020-09-17,5,저금리(~2021),10.06,9.47,9.1,9.1,
2020-09-18,5,저금리(~2021),11.5,11.68,10.87,10.87,
2020-09-21,5,저금리(~2021),3.59,4.47,4.82,4.82,
2020-09-22,5,저금리(~2021),-0.85,-0.79,-0.4,-0.4,
2020-09-23,5,저금리(~2021),-1.79,-1.92,-1.53,-1.53,
2020-09-24,5,저금리(~2021),-6.36,-5.96,-6.12,-6.12,
2020-09-25,5,저금리(~2021),-6.91,-6.88,-7.16,-7.16,
2020-09-28,5,저금리(~2021),-2.62,-2.69,-2.72,-2.72,
2020-09-29,5,저금리(~2021),-1.99,-2.23,-2.25,-2.25,
2020-10-05,5,저금리(~2021),0.0,0.27,0.29,0.29,
2020-10-06,5,저금리(~2021),1.72,1.63,1.65,1.65,
2020-10-07,5,저금리(~2021),4.82,5.19,5.05,5.05,
2020-10-08,5,저금리(~2021),5.68,5.56,5.39,5.39,
2020-10-12,5,저금리(~2021),7.45,7.62,7.21,7.21,
2020-10-13,5,저금리(~2021),5.57,5.21,5.1,5.1,
2020-10-14,5,저금리(~2021),2.54,2.37,2.44,2.44,
2020-10-15,5,저금리(~2021),3.4,2.88,2.96,2.96,
2020-10-16,5,저금리(~2021),2.91,3.15,3.21,3.21,
2020-10-19,5,저금리(~2021),5.49,4.97,4.97,4.97,
2020-10-20,5,저금리(~2021),5.09,5.28,5.24,5.24,
2020-10-21,5,저금리(~2021),2.66,2.92,3.16,3.16,
2020-10-22,5,저금리(~2021),-2.49,-2.6,-2.39,-2.39,
2020-10-23,5,저금리(~2021),0.88,0.75,1.2,1.2,
2020-10-26,5,저금리(~2021),-4.27,-4.09,-3.86,-3.86,
2020-10-27,5,저금리(~2021),-5.02,-5.07,-4.89,-4.89,
2020-10-28,5,저금리(~2021),-4.11,-3.89,-3.67,-3.67,
2020-10-29,5,저금리(~2021),-4.01,-3.48,-3.25,-3.25,
2020-10-30,5,저금리(~2021),-5.79,-5.92,-6.1,-6.1,
2020-11-02,5,저금리(~2021),-5.61,-5.3,-5.43,-5.43,
2020-11-03,5,저금리(~2021),-1.55,-1.36,-1.22,-1.22,
2020-11-04,5,저금리(~2021),0.09,-0.0,0.12,0.12,
2020-11-05,5,저금리(~2021),2.47,2.43,2.46,2.46,
2020-11-06,5,저금리(~2021),0.0,0.28,0.34,0.34,
2020-11-09,5,저금리(~2021),0.28,0.09,0.16,0.16,
2020-11-10,5,저금리(~2021),-0.37,-0.48,-0.44,-0.44,
2020-11-11,5,저금리(~2021),-1.4,-1.48,-1.43,-1.43,
2020-11-12,5,저금리(~2021),-3.34,-3.41,-3.45,-3.45,
2020-11-13,5,저금리(~2021),-4.1,-4.14,-4.21,-4.21,
2020-11-16,5,저금리(~2021),-3.48,-3.41,-3.45,-3.45,
2020-11-17,5,저금리(~2021),-4.09,-4.0,-4.1,-4.1,
2020-11-18,5,저금리(~2021),-2.08,-2.05,-2.05,-2.05,
2020-11-19,5,저금리(~2021),-2.21,-2.23,-2.23,-2.23,
2020-11-20,5,저금리(~2021),-2.62,-2.72,-2.73,-2.73,
2020-11-23,5,저금리(~2021),-1.95,-2.0,-1.97,-1.97,
2020-11-24,5,저금리(~2021),-3.58,-3.52,-3.58,-3.58,
2020-11-25,5,저금리(~2021),-5.11,-4.84,-5.01,-5.01,
2020-11-26,5,저금리(~2021),-5.2,-5.25,-5.45,-5.45,
2020-11-27,5,저금리(~2021),-5.58,-5.67,-5.9,-5.9,
2020-11-30,5,저금리(~2021),-9.15,-8.98,-9.63,-9.63,
2020-12-01,5,저금리(~2021),-4.62,-4.55,-4.37,-4.37,
2020-12-02,5,저금리(~2021),-4.27,-4.37,-4.19,-4.19,
2020-12-03,5,저금리(~2021),-3.72,-3.8,-3.59,-3.59,
2020-12-04,5,저금리(~2021),-2.64,-2.84,-2.59,-2.59,
2020-12-07,5,저금리(~2021),0.44,0.09,0.29,0.29,
2020-12-08,5,저금리(~2021),-3.37,-3.36,-3.43,-3.43,
2020-12-09,5,저금리(~2021),-3.4,-3.47,-3.55,-3.55,
2020-12-10,5,저금리(~2021),-2.79,-2.82,-2.87,-2.87,
2020-12-11,5,저금리(~2021),-2.06,-1.83,-1.84,-1.84,
2020-12-14,5,저금리(~2021),-3.16,-3.01,-3.06,-3.06,
2020-12-15,5,저금리(~2021),-0.11,-0.02,0.14,0.14,
2020-12-16,5,저금리(~2021),1.21,1.15,1.3,1.3,
2020-12-17,5,저금리(~2021),0.44,0.5,0.67,0.67,
2020-12-18,5,저금리(~2021),-0.11,-0.63,-0.44,-0.44,
2020-12-21,5,저금리(~2021),-1.8,-1.67,-1.47,-1.47,
2020-12-22,5,저금리(~2021),-5.13,-5.22,-5.4,-5.4,
2020-12-23,5,저금리(~2021),-4.89,-4.89,-5.02,-5.02,
2020-12-24,5,저금리(~2021),-3.63,-3.93,-3.99,-3.99,
2020-12-28,5,저금리(~2021),-2.0,-1.84,-1.79,-1.79,
2020-12-29,5,저금리(~2021),0.57,0.65,0.66,0.66,
2020-12-30,5,저금리(~2021),0.11,-0.06,-0.03,-0.03,
2021-01-04,5,저금리(~2021),-0.57,-0.45,-0.43,-0.43,
2021-01-05,5,저금리(~2021),-0.23,0.11,0.13,0.13,
2021-01-06,5,저금리(~2021),-1.13,-0.78,-0.78,-0.78,
2021-01-07,5,저금리(~2021),0.68,0.54,0.56,0.56,
2021-01-08,5,저금리(~2021),3.67,3.81,3.73,3.73,
2021-01-11,5,저금리(~2021),6.77,6.21,5.97,5.97,
2021-01-12,5,저금리(~2021),4.58,4.7,4.63,4.63,
2021-01-13,5,저금리(~2021),1.83,1.75,1.94,1.94,
2021-01-14,5,저금리(~2021),1.02,1.2,1.39,1.39,
2021-01-15,5,저금리(~2021),-0.89,-0.97,-0.82,-0.82,
2021-01-18,5,저금리(~2021),-6.88,-6.24,-6.46,-6.46,
2021-01-19,5,저금리(~2021),-4.27,-4.38,-4.41,-4.41,
2021-01-20,5,저금리(~2021),-0.45,-0.33,-0.22,-0.22,
2021-01-21,5,저금리(~2021),1.23,1.18,1.32,1.32,
2021-01-22,5,저금리(~2021),4.02,3.96,4.04,4.04,
2021-01-25,5,저금리(~2021),3.0,2.77,3.0,3.0,
2021-01-26,5,저금리(~2021),1.83,2.0,2.26,2.26,
2021-01-27,5,저금리(~2021),0.23,0.38,0.67,0.67,
2021-01-28,5,저금리(~2021),-0.44,-0.56,-0.3,-0.3,
2021-01-29,5,저금리(~2021),-3.76,-3.67,-3.62,-3.62,
2021-02-01,5,저금리(~2021),1.35,1.27,1.28,1.28,
2021-02-02,5,저금리(~2021),2.13,2.12,2.1,2.1,
2021-02-03,5,저금리(~2021),2.14,1.82,1.81,1.81,
2021-02-04,5,저금리(~2021),-0.78,-0.83,-0.8,-0.8,
2021-02-05,5,저금리(~2021),1.23,1.22,1.27,1.27,
2021-02-08,5,저금리(~2021),1.0,1.22,1.27,1.27,
2021-02-09,5,저금리(~2021),1.54,1.5,1.55,1.55,
2021-02-10,5,저금리(~2021),1.54,1.82,1.86,1.86,
2021-02-15,5,저금리(~2021),5.49,5.36,5.17,5.17,
2021-02-16,5,저금리(~2021),6.17,6.02,5.78,5.78,
2021-02-17,5,저금리(~2021),8.76,8.14,7.69,7.69,
2021-02-18,5,저금리(~2021),2.49,2.57,2.85,2.85,
2021-02-19,5,저금리(~2021),5.86,5.38,5.5,5.5,
2021-02-22,5,저금리(~2021),1.06,1.38,1.77,1.77,
2021-02-23,5,저금리(~2021),-1.97,-1.76,-1.42,-1.42,
2021-02-24,5,저금리(~2021),-4.23,-3.72,-3.57,-3.57,
2021-02-25,5,저금리(~2021),0.11,0.33,0.44,0.44,
2021-02-26,5,저금리(~2021),-0.51,0.15,0.25,0.25,
2021-03-02,5,저금리(~2021),2.73,3.06,3.04,3.04,
2021-03-03,5,저금리(~2021),3.6,3.59,3.53,3.53,
2021-03-04,5,저금리(~2021),0.63,0.81,0.9,0.9,
2021-03-05,5,저금리(~2021),-1.05,-0.93,-0.8,-0.8,
2021-03-08,5,저금리(~2021),-2.68,-2.52,-2.5,-2.5,
2021-03-09,5,저금리(~2021),-5.83,-5.84,-6.06,-6.06,
2021-03-10,5,저금리(~2021),-6.03,-5.54,-5.72,-5.72,
2021-03-11,5,저금리(~2021),-4.28,-4.33,-4.41,-4.41,
2021-03-12,5,저금리(~2021),-2.24,-2.13,-2.1,-2.1,
2021-03-15,5,저금리(~2021),-3.28,-3.26,-3.3,-3.3,
2021-03-16,5,저금리(~2021),-0.22,-0.2,-0.19,-0.19,
2021-03-17,5,저금리(~2021),-1.2,-1.35,-1.35,-1.35,
2021-03-18,5,저금리(~2021),-0.66,-0.33,-0.31,-0.31,
2021-03-19,5,저금리(~2021),-0.76,-0.7,-0.69,-0.69,
2021-03-22,5,저금리(~2021),0.22,0.23,0.25,0.25,
2021-03-23,5,저금리(~2021),-0.33,-0.3,-0.28,-0.28,
2021-03-24,5,저금리(~2021),1.32,1.55,1.53,1.53,
2021-03-25,5,저금리(~2021),0.0,-0.21,-0.19,-0.19,
2021-03-26,5,저금리(~2021),0.0,-0.03,0.0,0.0,
2021-03-29,5,저금리(~2021),0.11,0.25,0.28,0.28,
2021-03-30,5,저금리(~2021),0.66,0.66,0.69,0.69,
2021-03-31,5,저금리(~2021),0.11,-0.08,-0.05,-0.05,
2021-04-01,5,저금리(~2021),-0.22,0.15,0.17,0.17,
2021-04-02,5,저금리(~2021),-0.77,-0.81,-0.79,-0.79,
2021-04-05,5,저금리(~2021),-2.4,-2.56,-2.6,-2.6,
2021-04-06,5,저금리(~2021),-4.56,-4.48,-4.64,-4.64,
2021-04-07,5,저금리(~2021),-4.78,-4.83,-5.02,-5.02,
2021-04-08,5,저금리(~2021),-3.3,-3.5,-3.58,-3.58,
2021-04-09,5,저금리(~2021),-3.54,-3.43,-3.51,-3.51,
2021-04-12,5,저금리(~2021),-3.8,-3.68,-3.77,-3.77,
2021-04-13,5,저금리(~2021),-1.71,-1.41,-1.4,-1.4,
2021-04-14,5,저금리(~2021),0.0,0.15,0.2,0.2,
2021-04-15,5,저금리(~2021),-0.34,-0.45,-0.41,-0.41,
2021-04-16,5,저금리(~2021),0.46,0.33,0.37,0.37,
2021-04-19,5,저금리(~2021),1.4,1.33,1.34,1.34,
2021-04-20,5,저금리(~2021),2.31,2.04,2.04,2.04,
2021-04-21,5,저금리(~2021),3.76,3.7,3.67,3.67,
2021-04-22,5,저금리(~2021),5.37,5.34,5.18,5.18,
2021-04-23,5,저금리(~2021),5.94,5.94,5.72,5.72,
2021-04-26,5,저금리(~2021),9.29,9.41,8.79,8.79,
2021-04-27,5,저금리(~2021),6.79,6.72,6.47,6.47,
2021-04-28,5,저금리(~2021),3.96,4.4,4.33,4.33,
2021-04-29,5,저금리(~2021),1.41,1.51,1.61,1.61,
2021-04-30,5,저금리(~2021),-1.4,-1.04,-0.89,-0.89,
2021-05-03,5,저금리(~2021),-1.78,-1.76,-1.66,-1.66,
2021-05-04,5,저금리(~2021),0.42,0.54,0.66,0.66,
2021-05-06,5,저금리(~2021),1.8,1.39,1.51,1.51,
2021-05-07,5,저금리(~2021),0.53,0.56,0.73,0.73,
2021-05-10,5,저금리(~2021),2.84,2.39,2.47,2.47,
2021-05-11,5,저금리(~2021),-0.85,-0.88,-0.79,-0.79,
2021-05-12,5,저금리(~2021),-2.32,-2.18,-2.14,-2.14,
2021-05-13,5,저금리(~2021),-3.22,-3.02,-3.03,-3.03,
2021-05-14,5,저금리(~2021),1.06,1.18,1.22,1.22,
2021-05-17,5,저금리(~2021),-0.96,-0.57,-0.5,-0.5,
2021-05-18,5,저금리(~2021),0.32,0.45,0.52,0.52,
2021-05-20,5,저금리(~2021),-0.32,-0.54,-0.46,-0.46,
2021-05-21,5,저금리(~2021),-0.86,-1.06,-0.99,-0.99,
2021-05-24,5,저금리(~2021),-3.26,-3.36,-3.43,-3.43,
2021-05-25,5,저금리(~2021),-1.29,-1.54,-1.55,-1.55,
2021-05-26,5,저금리(~2021),-0.21,-0.14,-0.11,-0.11,
2021-05-27,5,저금리(~2021),-0.43,-0.33,-0.29,-0.29,
2021-05-28,5,저금리(~2021),0.22,0.26,0.3,0.3,
2021-05-31,5,저금리(~2021),0.98,1.18,1.21,1.21,
2021-06-01,5,저금리(~2021),0.44,0.5,0.54,0.54,
2021-06-02,5,저금리(~2021),0.86,0.71,0.75,0.75,
2021-06-03,5,저금리(~2021),-0.22,-0.75,-0.65,-0.65,
2021-06-04,5,저금리(~2021),-0.86,-1.33,-1.25,-1.25,
2021-06-07,5,저금리(~2021),-2.37,-2.95,-2.92,-2.92,
2021-06-08,5,저금리(~2021),-1.52,-2.05,-1.98,-1.98,
2021-06-09,5,저금리(~2021),-2.67,-3.45,-3.49,-3.49,
2021-06-10,5,저금리(~2021),-1.09,-1.22,-1.21,-1.21,
2021-06-11,5,저금리(~2021),-3.49,-3.69,-3.75,-3.75,
2021-06-14,5,저금리(~2021),-1.77,-1.96,-1.93,-1.93,
2021-06-15,5,저금리(~2021),-1.87,-2.13,-2.11,-2.11,
2021-06-16,5,저금리(~2021),-3.07,-3.07,-3.1,-3.1,
2021-06-17,5,저금리(~2021),-1.98,-2.17,-2.15,-2.15,
2021-06-18,5,저금리(~2021),1.02,0.92,0.93,0.93,
2021-06-21,5,저금리(~2021),0.0,-0.07,-0.05,-0.05,
2021-06-22,5,저금리(~2021),-0.78,-0.63,-0.62,-0.62,
2021-06-23,5,저금리(~2021),-0.79,-0.59,-0.58,-0.58,
2021-06-24,5,저금리(~2021),-1.91,-2.0,-2.02,-2.02,
2021-06-25,5,저금리(~2021),-3.02,-2.91,-2.97,-2.97,
2021-06-28,5,저금리(~2021),-4.04,-3.91,-4.03,-4.03,
2021-06-29,5,저금리(~2021),-2.49,-2.57,-2.59,-2.59,
2021-06-30,5,저금리(~2021),-1.82,-2.07,-2.07,-2.07,
2021-07-01,5,저금리(~2021),0.23,0.68,0.74,0.74,
2021-07-02,5,저금리(~2021),0.92,1.35,1.4,1.4,
2021-07-05,5,저금리(~2021),2.58,2.48,2.47,2.47,
2021-07-06,5,저금리(~2021),0.7,0.73,0.77,0.77,
2021-07-07,5,저금리(~2021),0.81,0.85,0.89,0.89,
2021-07-08,5,저금리(~2021),-2.17,-2.38,-2.41,-2.41,
2021-07-09,5,저금리(~2021),-1.94,-2.11,-2.13,-2.13,
2021-07-12,5,저금리(~2021),-1.94,-1.72,-1.72,-1.72,
2021-07-13,5,저금리(~2021),-0.69,-0.64,-0.62,-0.62,
2021-07-14,5,저금리(~2021),-0.58,-0.54,-0.52,-0.52,
2021-07-15,5,저금리(~2021),-0.12,-0.21,-0.2,-0.2,
2021-07-16,5,저금리(~2021),-0.81,-1.08,-1.08,-1.08,
2021-07-19,5,저금리(~2021),0.0,-0.04,-0.02,-0.02,
2021-07-20,5,저금리(~2021),-0.12,-0.06,-0.04,-0.04,
2021-07-21,5,저금리(~2021),1.27,1.22,1.24,1.24,
2021-07-22,5,저금리(~2021),1.41,1.41,1.43,1.43,
2021-07-23,5,저금리(~2021),3.52,3.47,3.41,3.41,
2021-07-26,5,저금리(~2021),1.05,0.95,1.02,1.02,
2021-07-27,5,저금리(~2021),0.93,0.94,1.01,1.01,
2021-07-28,5,저금리(~2021),-1.83,-1.73,-1.67,-1.67,
2021-07-29,5,저금리(~2021),-1.39,-1.08,-1.02,-1.02,
2021-07-30,5,저금리(~2021),-3.4,-3.09,-3.15,-3.15,
2021-08-02,5,저금리(~2021),-1.96,-2.0,-2.01,-2.01,
2021-08-03,5,저금리(~2021),-1.38,-1.31,-1.29,-1.29,
2021-08-04,5,저금리(~2021),-0.35,-0.5,-0.49,-0.49,
2021-08-05,5,저금리(~2021),0.59,0.33,0.34,0.34,
2021-08-06,5,저금리(~2021),1.53,1.51,1.52,1.52,
2021-08-09,5,저금리(~2021),3.88,4.03,3.94,3.94,
2021-08-10,5,저금리(~2021),1.28,1.25,1.33,1.33,
2021-08-11,5,저금리(~2021),4.09,4.33,4.29,4.29,
2021-08-12,5,저금리(~2021),5.36,5.43,5.31,5.31,
2021-08-13,5,저금리(~2021),1.62,1.49,1.7,1.7,
2021-08-17,5,저금리(~2021),-2.49,-2.68,-2.52,-2.52,
2021-08-18,5,저금리(~2021),-1.27,-1.12,-0.92,-0.92,
2021-08-19,5,저금리(~2021),-3.93,-3.74,-3.73,-3.73,
2021-08-20,5,저금리(~2021),-5.52,-5.37,-5.54,-5.54,
2021-08-23,5,저금리(~2021),-3.53,-3.5,-3.57,-3.57,
2021-08-24,5,저금리(~2021),-2.55,-2.24,-2.27,-2.27,
2021-08-25,5,저금리(~2021),-2.8,-2.8,-2.86,-2.86,
2021-08-26,5,저금리(~2021),-1.99,-2.21,-2.24,-2.24,
2021-08-27,5,저금리(~2021),-2.69,-2.73,-2.78,-2.78,
2021-08-30,5,저금리(~2021),-1.89,-1.98,-2.01,-2.01,
2021-08-31,5,저금리(~2021),-1.43,-1.44,-1.45,-1.45,
2021-09-01,5,저금리(~2021),1.08,1.07,1.09,1.09,
2021-09-02,5,저금리(~2021),0.95,0.68,0.72,0.72,
2021-09-03,5,저금리(~2021),0.96,0.41,0.45,0.45,
2021-09-06,5,저금리(~2021),1.92,1.66,1.68,1.68,
2021-09-07,5,저금리(~2021),1.09,0.38,0.45,0.45,
2021-09-08,5,저금리(~2021),-1.78,-2.34,-2.35,-2.35,
2021-09-09,5,저금리(~2021),-2.01,-2.13,-2.13,-2.13,
2021-09-10,5,저금리(~2021),-1.79,-1.88,-1.87,-1.87,
2021-09-13,5,저금리(~2021),-2.71,-2.89,-2.94,-2.94,
2021-09-14,5,저금리(~2021),-1.19,-1.22,-1.22,-1.22,
2021-09-15,5,저금리(~2021),0.48,0.31,0.32,0.32,
2021-09-16,5,저금리(~2021),3.02,3.13,3.13,3.13,
2021-09-17,5,저금리(~2021),4.24,4.66,4.54,4.54,
2021-09-23,5,저금리(~2021),3.76,3.87,3.82,3.82,
2021-09-24,5,저금리(~2021),5.8,5.84,5.66,5.66,
2021-09-27,5,저금리(~2021),7.33,7.52,7.17,7.17,
2021-09-28,5,저금리(~2021),7.26,7.32,6.99,6.99,
2021-09-29,5,저금리(~2021),3.72,3.64,3.75,3.75,
2021-09-30,5,저금리(~2021),5.02,4.82,4.82,4.82,
2021-10-01,5,저금리(~2021),4.46,4.39,4.42,4.42,
2021-10-05,5,저금리(~2021),0.9,0.84,1.02,1.02,
2021-10-06,5,저금리(~2021),-5.02,-5.26,-5.3,-5.3,
2021-10-07,5,저금리(~2021),-2.69,-2.9,-2.81,-2.81,
2021-10-08,5,저금리(~2021),-3.56,-3.54,-3.5,-3.5,
2021-10-12,5,저금리(~2021),-6.67,-6.5,-6.77,-6.77,
2021-10-13,5,저금리(~2021),-4.44,-4.42,-4.47,-4.47,
2021-10-14,5,저금리(~2021),0.11,0.18,0.22,0.22,
2021-10-15,5,저금리(~2021),-0.23,-0.44,-0.4,-0.4,
2021-10-18,5,저금리(~2021),-0.23,0.1,0.15,0.15,
2021-10-19,5,저금리(~2021),-0.82,-1.03,-0.95,-0.95,
2021-10-20,5,저금리(~2021),-1.28,-1.34,-1.27,-1.27,
2021-10-21,5,저금리(~2021),-1.15,-1.13,-1.05,-1.05,
2021-10-22,5,저금리(~2021),0.35,0.59,0.68,0.68,
2021-10-25,5,저금리(~2021),-0.81,-1.14,-1.03,-1.03,
2021-10-26,5,저금리(~2021),0.35,0.27,0.33,0.33,
2021-10-27,5,저금리(~2021),0.0,0.07,0.13,0.13,
2021-10-28,5,저금리(~2021),-1.51,-1.62,-1.6,-1.6,
2021-10-29,5,저금리(~2021),-3.34,-3.46,-3.54,-3.54,
2021-11-01,5,저금리(~2021),-1.52,-1.25,-1.24,-1.24,
2021-11-02,5,저금리(~2021),-1.41,-1.16,-1.14,-1.14,
2021-11-03,5,저금리(~2021),1.18,1.01,1.09,1.09,
2021-11-04,5,저금리(~2021),0.35,0.34,0.44,0.44,
2021-11-05,5,저금리(~2021),-0.6,-0.63,-0.5,-0.5,
2021-11-08,5,저금리(~2021),-3.67,-3.84,-3.8,-3.8,
2021-11-09,5,저금리(~2021),-3.23,-3.19,-3.11,-3.11,
2021-11-10,5,저금리(~2021),-4.77,-4.69,-4.8,-4.8,
2021-11-11,5,저금리(~2021),-4.11,-3.91,-3.95,-3.95,
2021-11-12,5,저금리(~2021),-3.23,-3.17,-3.19,-3.19,
2021-11-15,5,저금리(~2021),-0.25,-0.05,-0.02,-0.02,
2021-11-16,5,저금리(~2021),2.84,3.11,3.12,3.12,
2021-11-17,5,저금리(~2021),0.73,0.8,0.9,0.9,
2021-11-18,5,저금리(~2021),2.21,1.95,2.03,2.03,
2021-11-19,5,저금리(~2021),4.08,4.08,4.03,4.03,
2021-11-22,5,저금리(~2021),3.69,3.5,3.49,3.49,
2021-11-23,5,저금리(~2021),2.76,2.35,2.36,2.36,
2021-11-24,5,저금리(~2021),2.91,2.87,2.84,2.84,
2021-11-25,5,저금리(~2021),2.28,2.35,2.34,2.34,
2021-11-26,5,저금리(~2021),-1.19,-1.07,-0.98,-0.98,
2021-11-29,5,저금리(~2021),0.0,0.35,0.46,0.46,
2021-11-30,5,저금리(~2021),-2.69,-2.57,-2.53,-2.53,
2021-12-01,5,저금리(~2021),-2.83,-3.22,-3.2,-3.2,
2021-12-02,5,저금리(~2021),-4.81,-5.32,-5.46,-5.46,
2021-12-03,5,저금리(~2021),-0.6,-1.36,-1.25,-1.25,
2021-12-06,5,저금리(~2021),-1.07,-2.05,-1.99,-1.99,
2021-12-07,5,저금리(~2021),0.12,-0.24,-0.15,-0.15,
2021-12-08,5,저금리(~2021),0.24,0.04,0.12,0.12,
2021-12-09,5,저금리(~2021),1.35,1.32,1.36,1.36,
2021-12-10,5,저금리(~2021),0.97,0.99,1.02,1.02,
2021-12-13,5,저금리(~2021),0.6,0.63,0.66,0.66,
2021-12-14,5,저금리(~2021),-0.36,-0.61,-0.57,-0.57,
2021-12-15,5,저금리(~2021),0.36,0.69,0.71,0.71,
2021-12-16,5,저금리(~2021),0.49,0.43,0.45,0.45,
2021-12-17,5,저금리(~2021),-0.96,-0.68,-0.67,-0.67,
2021-12-20,5,저금리(~2021),-2.63,-2.71,-2.75,-2.75,
2021-12-21,5,저금리(~2021),-4.33,-4.95,-5.08,-5.08,
2021-12-22,5,저금리(~2021),-3.01,-3.06,-2.99,-2.99,
2021-12-23,5,저금리(~2021),-2.9,-2.53,-2.43,-2.43,
2021-12-24,5,저금리(~2021),-2.54,-2.91,-2.83,-2.83,
2021-12-27,5,저금리(~2021),0.12,0.28,0.44,0.44,
2021-12-28,5,저금리(~2021),5.53,6.19,5.97,5.97,
2021-12-29,5,저금리(~2021),7.58,7.11,6.82,6.82,
2021-12-30,5,저금리(~2021),6.48,5.87,5.74,5.74,
2022-01-03,5,고금리(2022~),8.57,8.96,8.48,8.48,
2022-01-04,5,고금리(2022~),7.59,7.52,7.24,7.24,
2022-01-05,5,고금리(2022~),1.55,1.7,1.93,1.93,
2022-01-06,5,고금리(2022~),0.0,0.28,0.47,0.47,
2022-01-07,5,고금리(2022~),3.04,3.37,3.46,3.46,
2022-01-10,5,고금리(2022~),1.49,1.3,1.42,1.42,
2022-01-11,5,고금리(2022~),2.39,2.14,2.24,2.24,
2022-01-12,5,고금리(2022~),7.04,6.64,6.31,6.31,
2022-01-13,5,고금리(2022~),1.96,2.06,2.16,2.16,
2022-01-14,5,고금리(2022~),2.16,2.15,2.25,2.25,
2022-01-17,5,고금리(2022~),4.06,4.24,4.28,4.28,
2022-01-18,5,고금리(2022~),4.67,4.83,4.83,4.83,
2022-01-19,5,고금리(2022~),5.04,5.27,5.24,5.24,
2022-01-20,5,고금리(2022~),13.25,12.99,11.81,11.81,
2022-01-21,5,고금리(2022~),7.67,7.91,7.7,7.7,
2022-01-24,5,고금리(2022~),3.03,2.63,2.93,2.93,
2022-01-25,5,고금리(2022~),0.0,-0.05,0.31,0.31,
2022-01-26,5,고금리(2022~),-0.31,-0.27,0.09,0.09,
2022-01-27,5,고금리(2022~),-4.0,-3.73,-3.7,-3.7,
2022-01-28,5,고금리(2022~),-3.1,-3.58,-3.55,-3.55,
2022-02-03,5,고금리(2022~),0.95,1.34,1.5,1.5,
2022-02-04,5,고금리(2022~),4.99,5.02,5.02,5.02,
2022-02-07,5,고금리(2022~),4.71,4.77,4.77,4.77,
2022-02-08,5,고금리(2022~),5.52,5.44,5.39,5.39,
2022-02-09,5,고금리(2022~),2.45,2.51,2.9,2.9,
2022-02-10,5,고금리(2022~),1.56,1.21,1.61,1.61,
2022-02-11,5,고금리(2022~),-2.53,-2.61,-2.31,-2.31,
2022-02-14,5,고금리(2022~),-3.7,-3.89,-3.69,-3.69,
2022-02-15,5,고금리(2022~),-3.55,-3.85,-3.66,-3.66,
2022-02-16,5,고금리(2022~),0.1,0.34,0.4,0.4,
2022-02-17,5,고금리(2022~),2.15,1.93,2.02,2.02,
2022-02-18,5,고금리(2022~),-0.93,-0.71,-0.45,-0.45,
2022-02-21,5,고금리(2022~),-1.45,-1.38,-1.12,-1.12,
2022-02-22,5,고금리(2022~),-4.61,-4.53,-4.44,-4.44,
2022-02-23,5,고금리(2022~),-5.61,-5.86,-5.87,-5.87,
2022-02-24,5,고금리(2022~),-6.73,-6.71,-6.88,-6.88,
2022-02-25,5,고금리(2022~),-0.63,-0.75,-0.55,-0.55,
2022-02-28,5,고금리(2022~),1.05,1.1,1.3,1.3,
2022-03-02,5,고금리(2022~),-0.86,-0.06,0.21,0.21,
2022-03-03,5,고금리(2022~),1.87,3.29,3.38,3.38,
2022-03-04,5,고금리(2022~),2.37,4.29,4.36,4.36,
2022-03-07,5,고금리(2022~),0.42,1.75,1.92,1.92,
2022-03-08,5,고금리(2022~),-3.75,-2.66,-2.44,-2.44,
2022-03-10,5,고금리(2022~),-3.03,-2.33,-2.11,-2.11,
2022-03-11,5,고금리(2022~),-4.1,-4.08,-3.97,-3.97,
2022-03-14,5,고금리(2022~),-5.26,-5.25,-5.32,-5.32,
2022-03-15,5,고금리(2022~),-5.88,-5.58,-5.68,-5.68,
2022-03-16,5,고금리(2022~),-3.79,-3.75,-3.75,-3.75,
2022-03-17,5,고금리(2022~),-0.45,-0.3,-0.23,-0.23,
2022-03-18,5,고금리(2022~),0.56,0.51,0.57,0.57,
2022-03-21,5,고금리(2022~),0.67,0.29,0.34,0.34,
2022-03-22,5,고금리(2022~),-1.0,-1.23,-1.15,-1.15,
2022-03-23,5,고금리(2022~),-0.34,-0.38,-0.3,-0.3,
2022-03-24,5,고금리(2022~),-1.35,-1.12,-1.07,-1.07,
2022-03-25,5,고금리(2022~),-0.56,-0.14,-0.07,-0.07,
2022-03-28,5,고금리(2022~),-2.87,-2.53,-2.55,-2.55,
2022-03-29,5,고금리(2022~),-1.24,-1.32,-1.32,-1.32,
2022-03-30,5,고금리(2022~),0.79,0.93,0.97,0.97,
2022-03-31,5,고금리(2022~),2.05,1.62,1.65,1.65,
2022-04-01,5,고금리(2022~),0.23,-0.23,-0.16,-0.16,
2022-04-04,5,고금리(2022~),3.75,3.51,3.53,3.53,
2022-04-05,5,고금리(2022~),5.13,5.16,5.04,5.04,
2022-04-06,5,고금리(2022~),1.01,0.91,1.06,1.06,
2022-04-07,5,고금리(2022~),0.67,0.41,0.56,0.56,
2022-04-08,5,고금리(2022~),2.47,2.83,2.9,2.9,
2022-04-11,5,고금리(2022~),0.44,0.67,0.75,0.75,
2022-04-12,5,고금리(2022~),-2.82,-2.71,-2.64,-2.64,
2022-04-13,5,고금리(2022~),0.22,0.41,0.5,0.5,
2022-04-14,5,고금리(2022~),0.11,0.13,0.22,0.22,
2022-04-15,5,고금리(2022~),0.55,0.67,0.77,0.77,
2022-04-18,5,고금리(2022~),2.4,2.55,2.66,2.66,
2022-04-19,5,고금리(2022~),3.12,3.01,3.07,3.07,
2022-04-20,5,고금리(2022~),4.32,4.14,4.15,4.15,
2022-04-21,5,고금리(2022~),4.42,4.08,4.1,4.1,
2022-04-22,5,고금리(2022~),0.76,0.19,0.39,0.39,
2022-04-25,5,고금리(2022~),-0.53,-0.87,-0.73,-0.73,
2022-04-26,5,고금리(2022~),0.22,0.08,0.2,0.2,
2022-04-27,5,고금리(2022~),-1.06,-1.29,-1.22,-1.22,
2022-04-28,5,고금리(2022~),0.85,1.49,1.62,1.62,
2022-04-29,5,고금리(2022~),5.84,5.99,5.81,5.81,
2022-05-02,5,고금리(2022~),5.35,5.58,5.43,5.43,
2022-05-03,5,고금리(2022~),3.56,3.71,3.8,3.8,
2022-05-04,5,고금리(2022~),7.83,7.95,7.78,7.78,
2022-05-06,5,고금리(2022~),1.05,0.93,1.44,1.44,
2022-05-09,5,고금리(2022~),-1.12,-0.86,-0.39,-0.39,
2022-05-10,5,고금리(2022~),-3.65,-4.1,-3.74,-3.74,
2022-05-11,5,고금리(2022~),-2.4,-2.62,-2.23,-2.23,
2022-05-12,5,고금리(2022~),-5.37,-5.36,-5.4,-5.4,
2022-05-13,5,고금리(2022~),-4.36,-4.65,-4.66,-4.66,
2022-05-16,5,고금리(2022~),-5.48,-5.89,-6.03,-6.03,
2022-05-17,5,고금리(2022~),-0.63,-0.72,-0.47,-0.47,
2022-05-18,5,고금리(2022~),-0.85,-0.8,-0.54,-0.54,
2022-05-19,5,고금리(2022~),-1.89,-2.05,-1.85,-1.85,
2022-05-20,5,고금리(2022~),1.09,0.83,0.95,0.95,
2022-05-23,5,고금리(2022~),0.0,0.17,0.32,0.32,
2022-05-24,5,고금리(2022~),-3.5,-3.83,-3.92,-3.92,
2022-05-25,5,고금리(2022~),-1.29,-1.16,-1.12,-1.12,
2022-05-26,5,고금리(2022~),-1.61,-1.6,-1.58,-1.58,
2022-05-27,5,고금리(2022~),1.5,1.61,1.71,1.71,
2022-05-30,5,고금리(2022~),2.84,2.83,2.86,2.86,
2022-05-31,5,고금리(2022~),2.42,3.73,3.69,3.69,
2022-06-02,5,고금리(2022~),2.95,3.46,3.44,3.44,
2022-06-03,5,고금리(2022~),7.3,7.47,7.18,7.18,
2022-06-07,5,고금리(2022~),4.13,4.94,4.86,4.86,
2022-06-08,5,고금리(2022~),7.55,7.56,7.23,7.23,
2022-06-09,5,고금리(2022~),7.4,6.81,6.58,6.58,
2022-06-10,5,고금리(2022~),6.89,6.68,6.46,6.46,
2022-06-13,5,고금리(2022~),4.77,5.33,5.18,5.18,
2022-06-14,5,고금리(2022~),3.56,3.39,3.42,3.42,
2022-06-15,5,고금리(2022~),4.95,5.13,5.12,5.12,
2022-06-16,5,고금리(2022~),9.49,9.84,9.3,9.3,
2022-06-17,5,고금리(2022~),2.38,2.19,2.87,2.87,
2022-06-20,5,고금리(2022~),-1.84,-2.49,-1.8,-1.8,
2022-06-21,5,고금리(2022~),0.49,0.33,1.06,1.06,
2022-06-22,5,고금리(2022~),-1.23,-0.86,-0.21,-0.21,
2022-06-23,5,고금리(2022~),-2.28,-2.26,-1.74,-1.74,
2022-06-24,5,고금리(2022~),6.01,6.1,5.96,5.96,
2022-06-27,5,고금리(2022~),8.19,8.44,7.94,7.94,
2022-06-28,5,고금리(2022~),2.15,2.44,2.7,2.7,
2022-06-29,5,고금리(2022~),1.53,1.69,1.95,1.95,
2022-06-30,5,고금리(2022~),-2.99,-3.14,-2.92,-2.92,
2022-07-01,5,고금리(2022~),-6.12,-6.06,-6.13,-6.13,
2022-07-04,5,고금리(2022~),-6.11,-5.95,-6.01,-6.01,
2022-07-05,5,고금리(2022~),0.57,0.4,0.58,0.58,
2022-07-06,5,고금리(2022~),-4.04,-4.49,-4.45,-4.45,
2022-07-07,5,고금리(2022~),-1.44,-1.29,-1.14,-1.14,
2022-07-08,5,고금리(2022~),-0.19,-0.12,0.03,0.03,
2022-07-11,5,고금리(2022~),-2.04,-2.0,-1.86,-1.86,
2022-07-12,5,고금리(2022~),-4.66,-4.68,-4.78,-4.78,
2022-07-13,5,고금리(2022~),-3.23,-3.27,-3.32,-3.32,
2022-07-14,5,고금리(2022~),-3.71,-3.83,-3.92,-3.92,
2022-07-15,5,고금리(2022~),-2.54,-2.63,-2.63,-2.63,
2022-07-18,5,고금리(2022~),-1.29,-1.09,-1.06,-1.06,
2022-07-19,5,고금리(2022~),-0.8,-0.86,-0.82,-0.82,
2022-07-20,5,고금리(2022~),-0.1,0.06,0.08,0.08,
2022-07-21,5,고금리(2022~),-0.61,-0.93,-0.91,-0.91,
2022-07-22,5,고금리(2022~),-2.6,-2.59,-2.64,-2.64,
2022-07-25,5,고금리(2022~),-2.21,-2.65,-2.7,-2.7,
2022-07-26,5,고금리(2022~),-1.81,-1.71,-1.71,-1.71,
2022-07-27,5,고금리(2022~),-2.94,-2.82,-2.85,-2.85,
2022-07-28,5,고금리(2022~),-4.08,-3.71,-3.77,-3.77,
2022-07-29,5,고금리(2022~),-4.52,-4.76,-4.89,-4.89,
2022-08-01,5,고금리(2022~),-4.21,-4.01,-4.07,-4.07,
2022-08-02,5,고금리(2022~),-5.42,-5.46,-5.67,-5.67,
2022-08-03,5,고금리(2022~),-1.36,-1.6,-1.5,-1.5,
2022-08-04,5,고금리(2022~),-1.06,-1.47,-1.37,-1.37,
2022-08-05,5,고금리(2022~),0.75,0.67,0.75,0.75,
2022-08-08,5,고금리(2022~),-0.11,-0.33,-0.24,-0.24,
2022-08-09,5,고금리(2022~),1.41,1.49,1.56,1.56,
2022-08-10,5,고금리(2022~),-0.42,-0.42,-0.37,-0.37,
2022-08-11,5,고금리(2022~),3.23,3.43,3.37,3.37,
2022-08-12,5,고금리(2022~),4.91,5.99,5.79,5.79,
2022-08-16,5,고금리(2022~),7.63,7.63,7.23,7.23,
2022-08-17,5,고금리(2022~),5.12,4.89,4.82,4.82,
2022-08-18,5,고금리(2022~),2.23,2.05,2.23,2.23,
2022-08-19,5,고금리(2022~),1.67,1.36,1.55,1.55,
2022-08-22,5,고금리(2022~),2.75,1.82,2.02,2.02,
2022-08-23,5,고금리(2022~),-2.3,-2.14,-1.87,-1.87,
2022-08-24,5,고금리(2022~),-1.83,-1.6,-1.33,-1.33,
2022-08-25,5,고금리(2022~),3.43,3.4,3.57,3.57,
2022-08-26,5,고금리(2022~),1.84,1.74,1.99,1.99,
2022-08-29,5,고금리(2022~),0.5,0.36,0.56,0.56,
2022-08-30,5,고금리(2022~),3.06,2.82,2.86,2.86,
2022-08-31,5,고금리(2022~),5.69,5.36,5.21,5.21,
2022-09-01,5,고금리(2022~),0.1,0.33,0.46,0.46,
2022-09-02,5,고금리(2022~),-2.72,-2.15,-2.0,-2.0,
2022-09-05,5,고금리(2022~),-1.18,-1.22,-0.98,-0.98,
2022-09-06,5,고금리(2022~),0.0,-0.09,0.16,0.16,
2022-09-07,5,고금리(2022~),0.29,-0.01,0.25,0.25,
2022-09-08,5,고금리(2022~),4.62,4.41,4.45,4.45,
2022-09-13,5,고금리(2022~),7.03,6.77,6.49,6.49,
2022-09-14,5,고금리(2022~),4.49,4.71,4.57,4.57,
2022-09-15,5,고금리(2022~),4.16,4.71,4.58,4.58,
2022-09-16,5,고금리(2022~),5.56,5.76,5.56,5.56,
2022-09-19,5,고금리(2022~),8.06,7.99,7.63,7.63,
2022-09-20,5,고금리(2022~),6.96,6.19,6.11,6.11,
2022-09-21,5,고금리(2022~),9.26,9.34,8.95,8.95,
2022-09-22,5,고금리(2022~),8.09,7.21,7.16,7.16,
2022-09-23,5,고금리(2022~),5.91,5.68,5.76,5.76,
2022-09-26,5,고금리(2022~),-2.4,-2.27,-1.93,-1.93,
2022-09-27,5,고금리(2022~),1.99,2.75,3.07,3.07,
2022-09-28,5,고금리(2022~),-4.46,-4.22,-4.06,-4.06,
2022-09-29,5,고금리(2022~),-2.02,-1.22,-0.88,-0.88,
2022-09-30,5,고금리(2022~),1.05,1.19,1.63,1.63,
2022-10-04,5,고금리(2022~),3.91,3.49,3.7,3.7,
2022-10-05,5,고금리(2022~),3.45,3.23,3.45,3.45,
2022-10-06,5,고금리(2022~),2.1,1.5,1.93,1.93,
2022-10-07,5,고금리(2022~),0.63,0.42,0.85,0.85,
2022-10-11,5,고금리(2022~),-5.87,-6.05,-6.01,-6.01,
2022-10-12,5,고금리(2022~),-2.89,-2.65,-2.3,-2.3,
2022-10-13,5,고금리(2022~),-2.91,-2.99,-2.67,-2.67,
2022-10-14,5,고금리(2022~),1.79,1.84,2.0,2.0,
2022-10-17,5,고금리(2022~),-1.96,-2.55,-2.29,-2.29,
2022-10-18,5,고금리(2022~),0.73,1.09,1.29,1.29,
2022-10-19,5,고금리(2022~),-0.54,-0.79,-0.61,-0.61,
2022-10-20,5,고금리(2022~),-4.85,-4.77,-4.83,-4.83,
2022-10-21,5,고금리(2022~),-3.61,-3.65,-3.59,-3.59,
2022-10-24,5,고금리(2022~),-1.82,-1.32,-1.27,-1.27,
2022-10-25,5,고금리(2022~),-1.82,-1.64,-1.59,-1.59,
2022-10-26,5,고금리(2022~),-1.54,-1.47,-1.41,-1.41,
2022-10-27,5,고금리(2022~),2.04,2.18,2.2,2.2,
2022-10-28,5,고금리(2022~),0.73,0.62,0.66,0.66,
2022-10-31,5,고금리(2022~),1.11,0.53,0.58,0.58,
2022-11-01,5,고금리(2022~),-1.39,-2.05,-1.99,-1.99,
2022-11-02,5,고금리(2022~),-1.75,-1.76,-1.68,-1.68,
2022-11-03,5,고금리(2022~),-1.45,-1.36,-1.25,-1.25,
2022-11-04,5,고금리(2022~),-7.34,-6.81,-6.83,-6.83,
2022-11-07,5,고금리(2022~),-5.14,-4.86,-4.65,-4.65,
2022-11-08,5,고금리(2022~),-5.83,-6.09,-5.94,-5.94,
2022-11-09,5,고금리(2022~),-5.62,-5.7,-5.5,-5.5,
2022-11-10,5,고금리(2022~),-6.27,-6.84,-6.82,-6.82,
2022-11-11,5,고금리(2022~),0.78,0.11,0.28,0.28,
2022-11-14,5,고금리(2022~),1.84,1.98,2.17,2.17,
2022-11-15,5,고금리(2022~),6.49,7.26,6.88,6.88,
2022-11-16,5,고금리(2022~),3.38,3.12,3.21,3.21,
2022-11-17,5,고금리(2022~),0.49,0.34,0.55,0.55,
2022-11-18,5,고금리(2022~),0.68,0.41,0.63,0.63,
2022-11-21,5,고금리(2022~),0.66,0.19,0.4,0.4,
2022-11-22,5,고금리(2022~),-2.53,-2.98,-2.84,-2.84,
2022-11-23,5,고금리(2022~),-0.1,-0.07,0.08,0.08,
2022-11-24,5,고금리(2022~),-0.29,-0.29,-0.14,-0.14,
2022-11-25,5,고금리(2022~),0.48,0.84,1.03,1.03,
2022-11-28,5,고금리(2022~),-2.26,-2.26,-2.16,-2.16,
2022-11-29,5,고금리(2022~),1.73,1.79,1.91,1.91,
2022-11-30,5,고금리(2022~),1.73,2.07,2.19,2.19,
2022-12-01,5,고금리(2022~),3.83,4.58,4.5,4.5,
2022-12-02,5,고금리(2022~),0.58,1.45,1.49,1.49,
2022-12-05,5,고금리(2022~),2.8,3.55,3.49,3.49,
2022-12-06,5,고금리(2022~),0.28,0.72,0.74,0.74,
2022-12-07,5,고금리(2022~),-2.08,-1.17,-1.14,-1.14,
2022-12-08,5,고금리(2022~),-0.19,-0.24,-0.18,-0.18,
2022-12-09,5,고금리(2022~),2.0,1.82,1.87,1.87,
2022-12-12,5,고금리(2022~),0.19,0.28,0.34,0.34,
2022-12-13,5,고금리(2022~),2.92,3.25,3.26,3.26,
2022-12-14,5,고금리(2022~),4.44,3.77,3.73,3.73,
2022-12-15,5,고금리(2022~),0.0,0.14,0.27,0.27,
2022-12-16,5,고금리(2022~),2.62,2.76,2.97,2.97,
2022-12-19,5,고금리(2022~),1.12,0.88,1.21,1.21,
2022-12-20,5,고금리(2022~),-2.57,-2.97,-2.74,-2.74,
2022-12-21,5,고금리(2022~),1.02,0.95,1.31,1.31,
2022-12-22,5,고금리(2022~),5.4,5.52,5.58,5.58,
2022-12-23,5,고금리(2022~),2.46,2.4,2.56,2.56,
2022-12-26,5,고금리(2022~),3.71,3.96,3.97,3.97,
2022-12-27,5,고금리(2022~),4.61,5.03,4.94,4.94,
2022-12-28,5,고금리(2022~),2.65,3.09,3.08,3.08,
2022-12-29,5,고금리(2022~),-0.99,-1.1,-1.05,-1.05,
2023-01-02,5,고금리(2022~),-3.74,-4.02,-4.09,-4.09,
2023-01-03,5,고금리(2022~),-1.52,-1.63,-1.53,-1.53,
2023-01-04,5,고금리(2022~),-3.33,-3.5,-3.44,-3.44,
2023-01-05,5,고금리(2022~),-4.55,-4.68,-4.73,-4.73,
2023-01-06,5,고금리(2022~),-2.36,-2.43,-2.35,-2.35,
2023-01-09,5,고금리(2022~),-1.29,-1.44,-1.35,-1.35,
2023-01-10,5,고금리(2022~),-1.09,-1.46,-1.38,-1.38,
2023-01-11,5,고금리(2022~),0.93,0.61,0.65,0.65,
2023-01-12,5,고금리(2022~),1.12,0.89,0.93,0.93,
2023-01-13,5,고금리(2022~),0.28,-0.13,-0.08,-0.08,
2023-01-16,5,고금리(2022~),-1.12,-1.26,-1.19,-1.19,
2023-01-17,5,고금리(2022~),-4.59,-4.5,-4.64,-4.64,
2023-01-18,5,고금리(2022~),-4.24,-3.75,-3.82,-3.82,
2023-01-19,5,고금리(2022~),-2.95,-3.21,-3.24,-3.24,
2023-01-20,5,고금리(2022~),-2.87,-2.69,-2.7,-2.7,
2023-01-25,5,고금리(2022~),-2.84,-3.09,-3.1,-3.1,
2023-01-26,5,고금리(2022~),-3.65,-3.6,-3.63,-3.63,
2023-01-27,5,고금리(2022~),-3.85,-4.26,-4.34,-4.34,
2023-01-30,5,고금리(2022~),-3.81,-3.73,-3.75,-3.75,
2023-01-31,5,고금리(2022~),-5.82,-5.9,-6.09,-6.09,
2023-02-01,5,고금리(2022~),-4.78,-4.32,-4.39,-4.39,
2023-02-02,5,고금리(2022~),-3.79,-3.76,-3.8,-3.8,
2023-02-03,5,고금리(2022~),-2.1,-2.52,-2.48,-2.48,
2023-02-06,5,고금리(2022~),-3.36,-3.76,-3.81,-3.81,
2023-02-07,5,고금리(2022~),-2.43,-2.59,-2.6,-2.6,
2023-02-08,5,고금리(2022~),0.61,0.0,0.08,0.08,
2023-02-09,5,고금리(2022~),-2.49,-2.64,-2.47,-2.47,
2023-02-10,5,고금리(2022~),-1.64,-1.55,-1.31,-1.31,
2023-02-13,5,고금리(2022~),-4.61,-4.54,-4.38,-4.38,
2023-02-14,5,고금리(2022~),-3.84,-3.82,-3.61,-3.61,
2023-02-15,5,고금리(2022~),-3.15,-2.76,-2.42,-2.42,
2023-02-16,5,고금리(2022~),0.53,0.54,0.77,0.77,
2023-02-17,5,고금리(2022~),-0.73,-0.49,-0.28,-0.28,
2023-02-20,5,고금리(2022~),2.15,2.33,2.38,2.38,
2023-02-21,5,고금리(2022~),0.97,0.57,0.72,0.72,
2023-02-22,5,고금리(2022~),-0.42,-0.37,-0.26,-0.26,
2023-02-23,5,고금리(2022~),-2.65,-2.91,-2.78,-2.78,
2023-02-24,5,고금리(2022~),-5.97,-6.29,-6.43,-6.43,
2023-02-27,5,고금리(2022~),-5.46,-5.48,-5.51,-5.51,
2023-02-28,5,고금리(2022~),-3.53,-3.33,-3.22,-3.22,
2023-03-02,5,고금리(2022~),-3.9,-4.44,-4.45,-4.45,
2023-03-03,5,고금리(2022~),1.63,1.66,1.78,1.78,
2023-03-06,5,고금리(2022~),2.67,2.81,2.84,2.84,
2023-03-07,5,고금리(2022~),6.44,6.5,6.36,6.36,
2023-03-08,5,고금리(2022~),2.66,2.45,2.79,2.79,
2023-03-09,5,고금리(2022~),2.09,2.36,2.7,2.7,
2023-03-10,5,고금리(2022~),-2.25,-2.56,-2.24,-2.24,
2023-03-13,5,고금리(2022~),-1.08,-0.79,-0.43,-0.43,
2023-03-14,5,고금리(2022~),-4.8,-5.35,-5.45,-5.45,
2023-03-15,5,고금리(2022~),-3.24,-3.28,-3.3,-3.3,
2023-03-16,5,고금리(2022~),-3.44,-3.64,-3.69,-3.69,
2023-03-17,5,고금리(2022~),-2.84,-2.99,-3.03,-3.03,
2023-03-20,5,고금리(2022~),-3.07,-3.77,-3.85,-3.85,
2023-03-21,5,고금리(2022~),-3.18,-3.08,-3.12,-3.12,
2023-03-22,5,고금리(2022~),-3.12,-3.16,-3.21,-3.21,
2023-03-23,5,고금리(2022~),-4.57,-4.74,-4.9,-4.9,
2023-03-24,5,고금리(2022~),-4.05,-3.73,-3.82,-3.82,
2023-03-27,5,고금리(2022~),-3.96,-4.1,-4.22,-4.22,
2023-03-28,5,고금리(2022~),-4.08,-3.95,-4.06,-4.06,
2023-03-29,5,고금리(2022~),-4.84,-5.08,-5.24,-5.24,
2023-03-30,5,고금리(2022~),-2.8,-3.13,-3.13,-3.13,
2023-03-31,5,고금리(2022~),-5.28,-5.56,-5.69,-5.69,
2023-04-03,5,고금리(2022~),-7.54,-7.79,-8.15,-8.15,
2023-04-04,5,고금리(2022~),-8.85,-9.28,-9.9,-9.9,
2023-04-05,5,고금리(2022~),-4.6,-4.4,-4.32,-4.32,
2023-04-06,5,고금리(2022~),-5.52,-5.16,-5.17,-5.17,
2023-04-07,5,고금리(2022~),-3.84,-3.57,-3.5,-3.5,
2023-04-10,5,고금리(2022~),-1.27,-0.8,-0.71,-0.71,
2023-04-11,5,고금리(2022~),0.65,0.6,0.67,0.67,
2023-04-12,5,고금리(2022~),-0.63,-0.89,-0.87,-0.87,
2023-04-13,5,고금리(2022~),2.67,2.25,2.32,2.32,
2023-04-14,5,고금리(2022~),6.19,5.91,5.73,5.73,
2023-04-17,5,고금리(2022~),8.39,8.23,7.78,7.78,
2023-04-18,5,고금리(2022~),9.27,10.16,9.42,9.42,
2023-04-19,5,고금리(2022~),8.81,8.93,8.39,8.39,
2023-04-20,5,고금리(2022~),1.49,1.35,1.6,1.6,
2023-04-21,5,고금리(2022~),-0.36,-0.08,0.15,0.15,
2023-04-24,5,고금리(2022~),-3.57,-3.76,-3.66,-3.66,
2023-04-25,5,고금리(2022~),-2.12,-2.54,-2.31,-2.31,
2023-04-26,5,고금리(2022~),-2.82,-2.9,-2.68,-2.68,
2023-04-27,5,고금리(2022~),1.46,2.08,2.18,2.18,
2023-04-28,5,고금리(2022~),2.56,2.37,2.46,2.46,
2023-05-02,5,고금리(2022~),5.19,5.25,5.1,5.1,
2023-05-03,5,고금리(2022~),4.09,4.17,4.07,4.07,
2023-05-04,5,고금리(2022~),4.59,4.36,4.24,4.24,
2023-05-08,5,고금리(2022~),4.69,3.94,3.85,3.85,
2023-05-09,5,고금리(2022~),2.38,1.9,1.92,1.92,
2023-05-10,5,고금리(2022~),-1.64,-1.7,-1.61,-1.61,
2023-05-11,5,고금리(2022~),-2.66,-2.74,-2.72,-2.72,
2023-05-12,5,고금리(2022~),-3.46,-3.3,-3.31,-3.31,
2023-05-15,5,고금리(2022~),-5.63,-5.23,-5.39,-5.39,
2023-05-16,5,고금리(2022~),-5.8,-5.91,-6.13,-6.13,
2023-05-17,5,고금리(2022~),-2.51,-2.27,-2.24,-2.24,
2023-05-18,5,고금리(2022~),-1.66,-2.04,-2.0,-2.0,
2023-05-19,5,고금리(2022~),-0.6,-0.73,-0.66,-0.66,
2023-05-22,5,고금리(2022~),-0.49,-0.8,-0.73,-0.73,
2023-05-23,5,고금리(2022~),-0.25,0.09,0.15,0.15,
2023-05-24,5,고금리(2022~),-1.71,-1.84,-1.82,-1.82,
2023-05-25,5,고금리(2022~),-3.5,-3.3,-3.37,-3.37,
2023-05-26,5,고금리(2022~),-3.61,-3.37,-3.45,-3.45,
2023-05-30,5,고금리(2022~),-3.79,-3.89,-3.99,-3.99,
2023-05-31,5,고금리(2022~),-1.6,-2.29,-2.28,-2.28,
2023-06-01,5,고금리(2022~),-2.74,-3.69,-3.72,-3.72,
2023-06-02,5,고금리(2022~),-2.5,-3.7,-3.73,-3.73,
2023-06-05,5,고금리(2022~),-4.62,-5.62,-5.81,-5.81,
2023-06-07,5,고금리(2022~),1.14,0.72,1.01,1.01,
2023-06-08,5,고금리(2022~),-0.63,-0.85,-0.57,-0.57,
2023-06-09,5,고금리(2022~),-0.13,-0.71,-0.43,-0.43,
2023-06-12,5,고금리(2022~),-0.13,-0.2,0.09,0.09,
2023-06-13,5,고금리(2022~),2.88,3.0,3.17,3.17,
2023-06-14,5,고금리(2022~),0.5,0.22,0.32,0.32,
2023-06-15,5,고금리(2022~),0.51,0.09,0.19,0.19,
2023-06-16,5,고금리(2022~),2.31,3.03,2.99,2.99,
2023-06-19,5,고금리(2022~),2.06,2.16,2.17,2.17,
2023-06-20,5,고금리(2022~),2.16,1.64,1.66,1.66,
2023-06-21,5,고금리(2022~),1.63,1.64,1.67,1.67,
2023-06-22,5,고금리(2022~),2.39,2.62,2.6,2.6,
2023-06-23,5,고금리(2022~),0.5,0.15,0.22,0.22,
2023-06-26,5,고금리(2022~),-2.77,-2.73,-2.61,-2.61,
2023-06-27,5,고금리(2022~),-3.49,-2.71,-2.59,-2.59,
2023-06-28,5,고금리(2022~),-5.41,-4.99,-5.07,-5.07,
2023-06-29,5,고금리(2022~),-3.19,-3.73,-3.68,-3.68,
2023-06-30,5,고금리(2022~),-1.62,-1.32,-1.17,-1.17,
2023-07-03,5,고금리(2022~),3.5,3.42,3.35,3.35,
2023-07-04,5,고금리(2022~),0.0,-0.3,-0.18,-0.18,
2023-07-05,5,고금리(2022~),1.04,0.39,0.51,0.51,
2023-07-06,5,고금리(2022~),-2.66,-2.26,-2.2,-2.2,
2023-07-07,5,고금리(2022~),-3.68,-4.06,-4.11,-4.11,
2023-07-10,5,고금리(2022~),-5.01,-4.86,-5.0,-5.0,
2023-07-11,5,고금리(2022~),-5.03,-6.22,-6.41,-6.41,
2023-07-12,5,고금리(2022~),-7.98,-8.38,-8.87,-8.87,
2023-07-13,5,고금리(2022~),-7.42,-7.54,-7.9,-7.9,
2023-07-14,5,고금리(2022~),-7.5,-7.53,-7.87,-7.87,
2023-07-17,5,고금리(2022~),-8.04,-8.4,-8.9,-8.9,
2023-07-18,5,고금리(2022~),-8.56,-8.07,-8.53,-8.53,
2023-07-19,5,고금리(2022~),-1.82,-1.13,-0.72,-0.72,
2023-07-20,5,고금리(2022~),2.11,2.82,3.28,3.28,
2023-07-21,5,고금리(2022~),-0.43,-0.46,0.27,0.27,
2023-07-24,5,고금리(2022~),-3.15,-3.36,-2.6,-2.6,
2023-07-25,5,고금리(2022~),0.74,1.26,1.94,1.94,
2023-07-26,5,고금리(2022~),1.0,1.01,1.68,1.68,
2023-07-27,5,고금리(2022~),-4.96,-6.17,-5.85,-5.85,
2023-07-28,5,고금리(2022~),-0.43,-0.48,0.05,0.05,
2023-07-31,5,고금리(2022~),7.1,7.7,7.69,7.69,
2023-08-01,5,고금리(2022~),7.08,6.81,6.91,6.91,
2023-08-02,5,고금리(2022~),-0.28,-0.93,-0.51,-0.51,
2023-08-03,5,고금리(2022~),2.17,2.96,3.15,3.15,
2023-08-04,5,고금리(2022~),2.15,2.19,2.41,2.41,
2023-08-07,5,고금리(2022~),0.28,0.11,0.24,0.24,
2023-08-08,5,고금리(2022~),2.62,2.57,2.69,2.69,
2023-08-09,5,고금리(2022~),3.11,2.93,3.01,3.01,
2023-08-10,5,고금리(2022~),4.54,4.78,4.75,4.75,
2023-08-11,5,고금리(2022~),1.26,1.2,1.45,1.45,
2023-08-14,5,고금리(2022~),-1.79,-2.08,-1.89,-1.89,
2023-08-16,5,고금리(2022~),-2.28,-2.39,-2.22,-2.22,
2023-08-17,5,고금리(2022~),-2.33,-2.44,-2.28,-2.28,
2023-08-18,5,고금리(2022~),-3.39,-4.05,-4.03,-4.03,
2023-08-21,5,고금리(2022~),-2.08,-2.42,-2.35,-2.35,
2023-08-22,5,고금리(2022~),-1.26,-1.22,-1.12,-1.12,
2023-08-23,5,고금리(2022~),-3.71,-3.52,-3.57,-3.57,
2023-08-24,5,고금리(2022~),-1.54,-1.38,-1.38,-1.38,
2023-08-25,5,고금리(2022~),0.0,-0.02,0.02,0.02,
2023-08-28,5,고금리(2022~),1.13,1.43,1.44,1.44,
2023-08-29,5,고금리(2022~),2.13,2.21,2.2,2.2,
2023-08-30,5,고금리(2022~),3.71,3.34,3.27,3.27,
2023-08-31,5,고금리(2022~),5.28,5.35,5.14,5.14,
2023-09-01,5,고금리(2022~),2.39,2.06,2.08,2.08,
2023-09-04,5,고금리(2022~),2.66,2.74,2.74,2.74,
2023-09-05,5,고금리(2022~),3.06,2.86,2.85,2.85,
2023-09-06,5,고금리(2022~),3.44,3.6,3.57,3.57,
2023-09-07,5,고금리(2022~),-0.14,0.49,0.58,0.58,
2023-09-08,5,고금리(2022~),1.23,2.35,2.36,2.36,
2023-09-11,5,고금리(2022~),1.5,1.76,1.79,1.79,
2023-09-12,5,고금리(2022~),1.08,1.15,1.19,1.19,
2023-09-13,5,고금리(2022~),-1.06,-1.36,-1.34,-1.34,
2023-09-14,5,고금리(2022~),3.26,3.11,3.12,3.12,
2023-09-15,5,고금리(2022~),3.25,2.91,2.93,2.93,
2023-09-18,5,고금리(2022~),4.44,4.41,4.36,4.36,
2023-09-19,5,고금리(2022~),5.47,5.8,5.64,5.64,
2023-09-20,5,고금리(2022~),4.44,4.56,4.56,4.56,
2023-09-21,5,고금리(2022~),6.44,6.16,6.11,6.11,
2023-09-22,5,고금리(2022~),6.69,6.17,6.11,6.11,
2023-09-25,5,고금리(2022~),3.09,2.82,3.03,3.03,
2023-09-26,5,고금리(2022~),4.18,4.01,4.19,4.19,
2023-09-27,5,고금리(2022~),2.57,2.58,2.93,2.93,
2023-10-04,5,고금리(2022~),-4.32,-4.72,-4.64,-4.64,
2023-10-05,5,고금리(2022~),-2.83,-2.75,-2.48,-2.48,
2023-10-06,5,고금리(2022~),-0.5,-0.44,-0.09,-0.09,
2023-10-10,5,고금리(2022~),-4.01,-4.28,-4.19,-4.19,
2023-10-11,5,고금리(2022~),0.75,1.09,1.26,1.26,
2023-10-12,5,고금리(2022~),6.71,6.58,6.33,6.33,
2023-10-13,5,고금리(2022~),6.58,6.69,6.43,6.43,
2023-10-16,5,고금리(2022~),6.02,5.61,5.46,5.46,
2023-10-17,5,고금리(2022~),3.42,3.13,3.29,3.29,
2023-10-18,5,고금리(2022~),5.11,4.92,5.04,5.04,
2023-10-19,5,고금리(2022~),6.05,6.13,6.18,6.18,
2023-10-20,5,고금리(2022~),2.73,2.47,2.8,2.8,
2023-10-23,5,고금리(2022~),1.54,1.35,1.73,1.73,
2023-10-24,5,고금리(2022~),8.69,8.54,8.24,8.24,
2023-10-25,5,고금리(2022~),5.45,4.98,5.0,5.0,
2023-10-26,5,고금리(2022~),-3.99,-3.89,-3.62,-3.62,
2023-10-27,5,고금리(2022~),-3.35,-3.86,-3.59,-3.59,
2023-10-30,5,고금리(2022~),-16.2,-16.98,-17.46,-17.46,
2023-10-31,5,고금리(2022~),-14.64,-15.44,-15.13,-15.13,
2023-11-01,5,고금리(2022~),-12.58,-13.09,-11.91,-11.91,
2023-11-02,5,고금리(2022~),-6.89,-7.58,-5.51,-5.51,
2023-11-03,5,고금리(2022~),-4.19,-4.49,-2.07,-2.07,
2023-11-06,5,고금리(2022~),13.21,13.7,12.45,12.45,
2023-11-07,5,고금리(2022~),4.35,4.38,4.47,4.47,
2023-11-08,5,고금리(2022~),-0.13,-0.84,-0.61,-0.61,
2023-11-09,5,고금리(2022~),-0.38,-1.17,-0.95,-0.95,
2023-11-10,5,고금리(2022~),-0.62,-0.66,-0.41,-0.41,
2023-11-13,5,고금리(2022~),-4.55,-5.1,-5.06,-5.06,
2023-11-14,5,고금리(2022~),-1.9,-1.5,-1.33,-1.33,
2023-11-15,5,고금리(2022~),0.77,0.92,1.05,1.05,
2023-11-16,5,고금리(2022~),-0.38,0.02,0.16,0.16,
2023-11-17,5,고금리(2022~),-1.51,-1.68,-1.63,-1.63,
2023-11-20,5,고금리(2022~),1.67,1.59,1.58,1.58,
2023-11-21,5,고금리(2022~),0.39,-0.33,-0.3,-0.3,
2023-11-22,5,고금리(2022~),-1.53,-1.44,-1.42,-1.42,
2023-11-23,5,고금리(2022~),-2.06,-2.57,-2.57,-2.57,
2023-11-24,5,고금리(2022~),-2.55,-2.74,-2.75,-2.75,
2023-11-27,5,고금리(2022~),-3.54,-3.6,-3.67,-3.67,
2023-11-28,5,고금리(2022~),-0.26,0.31,0.4,0.4,
2023-11-29,5,고금리(2022~),-0.13,-0.21,-0.1,-0.1,
2023-11-30,5,고금리(2022~),2.23,2.65,2.68,2.68,
2023-12-01,5,고금리(2022~),-1.18,-1.43,-1.24,-1.24,
2023-12-04,5,고금리(2022~),-1.44,-1.88,-1.69,-1.69,
2023-12-05,5,고금리(2022~),-3.99,-4.59,-4.64,-4.64,
2023-12-06,5,고금리(2022~),-1.69,-2.2,-2.1,-2.1,
2023-12-07,5,고금리(2022~),-4.88,-4.63,-4.7,-4.7,
2023-12-08,5,고금리(2022~),-2.12,-1.11,-1.09,-1.09,
2023-12-11,5,고금리(2022~),-3.46,-2.04,-2.02,-2.02,
2023-12-12,5,고금리(2022~),-4.16,-3.03,-3.04,-3.04,
2023-12-13,5,고금리(2022~),-5.81,-4.47,-4.61,-4.61,
2023-12-14,5,고금리(2022~),-3.1,-2.32,-2.31,-2.31,
2023-12-15,5,고금리(2022~),-1.76,-1.46,-1.41,-1.41,
2023-12-18,5,고금리(2022~),0.97,0.83,0.87,0.87,
2023-12-19,5,고금리(2022~),0.28,0.15,0.22,0.22,
2023-12-20,5,고금리(2022~),-0.42,-0.57,-0.5,-0.5,
2023-12-21,5,고금리(2022~),-1.81,-1.59,-1.54,-1.54,
2023-12-22,5,고금리(2022~),-0.69,-1.12,-1.05,-1.05,
2023-12-26,5,고금리(2022~),-0.82,-0.75,-0.66,-0.66,
2023-12-27,5,고금리(2022~),-0.56,-0.52,-0.44,-0.44,
2023-12-28,5,고금리(2022~),0.7,1.19,1.24,1.24,
2024-01-02,5,고금리(2022~),0.85,0.08,0.16,0.16,
2024-01-03,5,고금리(2022~),0.0,0.43,0.52,0.52,
2024-01-04,5,고금리(2022~),-2.07,-1.77,-1.7,-1.7,
2024-01-05,5,고금리(2022~),1.82,1.91,1.98,1.98,
2024-01-08,5,고금리(2022~),3.08,2.95,2.99,2.99,
2024-01-09,5,고금리(2022~),4.22,4.25,4.18,4.18,
2024-01-10,5,고금리(2022~),5.13,4.98,4.89,4.89,
2024-01-11,5,고금리(2022~),5.91,5.5,5.34,5.34,
2024-01-12,5,고금리(2022~),4.41,4.81,4.7,4.7,
2024-01-15,5,고금리(2022~),4.34,4.16,4.09,4.09,
2024-01-16,5,고금리(2022~),3.64,3.48,3.46,3.46,
2024-01-17,5,고금리(2022~),2.11,2.45,2.45,2.45,
2024-01-18,5,고금리(2022~),4.25,4.68,4.54,4.54,
2024-01-19,5,고금리(2022~),0.66,0.18,0.34,0.34,
2024-01-22,5,고금리(2022~),1.43,1.5,1.67,1.67,
2024-01-23,5,고금리(2022~),1.17,1.12,1.31,1.31,
2024-01-24,5,고금리(2022~),2.97,2.43,2.63,2.63,
2024-01-25,5,고금리(2022~),0.76,-0.14,0.13,0.13,
2024-01-26,5,고금리(2022~),0.92,0.69,0.9,0.9,
2024-01-29,5,고금리(2022~),0.38,-0.12,0.07,0.07,
2024-01-30,5,고금리(2022~),1.03,1.43,1.59,1.59,
2024-01-31,5,고금리(2022~),-2.51,-2.89,-2.85,-2.85,
2024-02-01,5,고금리(2022~),-4.17,-4.22,-4.23,-4.23,
2024-02-02,5,고금리(2022~),-3.77,-3.82,-3.82,-3.82,
2024-02-05,5,고금리(2022~),-5.87,-5.98,-6.22,-6.22,
2024-02-06,5,고금리(2022~),-6.5,-7.15,-7.55,-7.55,
2024-02-07,5,고금리(2022~),-5.92,-5.63,-5.85,-5.85,
2024-02-08,5,고금리(2022~),-3.83,-3.56,-3.64,-3.64,
2024-02-13,5,고금리(2022~),-2.29,-2.25,-2.29,-2.29,
2024-02-14,5,고금리(2022~),-2.04,-1.77,-1.79,-1.79,
2024-02-15,5,고금리(2022~),-2.18,-1.69,-1.71,-1.71,
2024-02-16,5,고금리(2022~),-2.19,-2.64,-2.69,-2.69,
2024-02-19,5,고금리(2022~),-2.33,-2.5,-2.55,-2.55,
2024-02-20,5,고금리(2022~),-0.14,-0.02,0.02,0.02,
2024-02-21,5,고금리(2022~),-1.39,-1.85,-1.79,-1.79,
2024-02-22,5,고금리(2022~),-1.67,-2.1,-2.05,-2.05,
2024-02-23,5,고금리(2022~),-3.08,-2.81,-2.78,-2.78,
2024-02-26,5,고금리(2022~),-1.97,-1.67,-1.58,-1.58,
2024-02-27,5,고금리(2022~),-4.01,-4.34,-4.44,-4.44,
2024-02-28,5,고금리(2022~),-1.69,-1.39,-1.35,-1.35,
2024-02-29,5,고금리(2022~),-2.97,-3.05,-3.04,-3.04,
2024-03-04,5,고금리(2022~),-1.73,-1.65,-1.59,-1.59,
2024-03-05,5,고금리(2022~),-4.73,-5.13,-5.25,-5.25,
2024-03-06,5,고금리(2022~),-3.89,-3.85,-3.85,-3.85,
2024-03-07,5,고금리(2022~),-4.71,-4.59,-4.67,-4.67,
2024-03-08,5,고금리(2022~),-1.31,-0.76,-0.67,-0.67,
2024-03-11,5,고금리(2022~),-2.5,-2.74,-2.68,-2.68,
2024-03-12,5,고금리(2022~),-0.3,0.02,0.09,0.09,
2024-03-13,5,고금리(2022~),-0.3,-0.19,-0.13,-0.13,
2024-03-14,5,고금리(2022~),-2.55,-2.72,-2.67,-2.67,
2024-03-15,5,고금리(2022~),-3.99,-3.84,-3.89,-3.89,
2024-03-18,5,고금리(2022~),-4.22,-4.09,-4.15,-4.15,
2024-03-19,5,고금리(2022~),-4.68,-5.14,-5.29,-5.29,
2024-03-20,5,고금리(2022~),-4.21,-4.17,-4.2,-4.2,
2024-03-21,5,고금리(2022~),-1.69,-1.35,-1.29,-1.29,
2024-03-22,5,고금리(2022~),-0.46,-0.77,-0.69,-0.69,
2024-03-25,5,고금리(2022~),1.42,1.51,1.53,1.53,
2024-03-26,5,고금리(2022~),5.38,5.92,5.72,5.72,
2024-03-27,5,고금리(2022~),6.59,6.36,6.11,6.11,
2024-03-28,5,고금리(2022~),5.95,5.42,5.28,5.28,
2024-03-29,5,고금리(2022~),6.66,7.08,6.8,6.8,
2024-04-01,5,고금리(2022~),7.44,7.57,7.22,7.22,
2024-04-02,5,고금리(2022~),4.35,3.81,3.76,3.76,
2024-04-03,5,고금리(2022~),2.36,2.62,2.62,2.62,
2024-04-04,5,고금리(2022~),2.95,2.61,2.61,2.61,
2024-04-05,5,고금리(2022~),1.45,0.91,0.92,0.92,
2024-04-08,5,고금리(2022~),3.17,2.79,2.77,2.77,
2024-04-09,5,고금리(2022~),3.74,4.02,3.93,3.93,
2024-04-11,5,고금리(2022~),0.43,-0.04,0.14,0.14,
2024-04-12,5,고금리(2022~),1.43,2.0,2.16,2.16,
2024-04-15,5,고금리(2022~),0.0,-0.55,-0.32,-0.32,
2024-04-16,5,고금리(2022~),-2.1,-2.61,-2.5,-2.5,
2024-04-17,5,고금리(2022~),-5.41,-5.58,-5.68,-5.68,
2024-04-18,5,고금리(2022~),-0.86,-0.74,-0.61,-0.61,
2024-04-19,5,고금리(2022~),-2.55,-2.81,-2.79,-2.79,
2024-04-22,5,고금리(2022~),-2.86,-2.69,-2.66,-2.66,
2024-04-23,5,고금리(2022~),-3.14,-2.7,-2.67,-2.67,
2024-04-24,5,고금리(2022~),0.0,0.21,0.27,0.27,
2024-04-25,5,고금리(2022~),-0.87,-1.35,-1.33,-1.33,
2024-04-26,5,고금리(2022~),-1.02,-1.23,-1.21,-1.21,
2024-04-29,5,고금리(2022~),0.29,0.42,0.43,0.43,
2024-04-30,5,고금리(2022~),1.18,1.14,1.14,1.14,
2024-05-02,5,고금리(2022~),1.47,1.56,1.55,1.55,
2024-05-03,5,고금리(2022~),2.77,3.2,3.14,3.14,
2024-05-07,5,고금리(2022~),2.49,2.89,2.86,2.86,
2024-05-08,5,고금리(2022~),1.91,1.56,1.6,1.6,
2024-05-09,5,고금리(2022~),6.12,5.61,5.59,5.59,
2024-05-10,5,고금리(2022~),4.77,4.48,4.56,4.56,
2024-05-13,5,고금리(2022~),2.7,2.1,2.32,2.32,
2024-05-14,5,고금리(2022~),3.43,3.0,3.16,3.16,
2024-05-16,5,고금리(2022~),4.61,5.19,5.17,5.17,
2024-05-17,5,고금리(2022~),0.55,1.02,1.02,1.02,
2024-05-20,5,고금리(2022~),-0.55,-1.2,-1.15,-1.15,
2024-05-21,5,고금리(2022~),-0.41,-0.05,0.01,0.01,
2024-05-22,5,고금리(2022~),1.66,1.64,1.7,1.7,
2024-05-23,5,고금리(2022~),1.93,1.59,1.66,1.66,
2024-05-24,5,고금리(2022~),0.14,-0.44,-0.34,-0.34,
2024-05-27,5,고금리(2022~),0.97,0.91,0.97,0.97,
2024-05-28,5,고금리(2022~),-0.14,-0.22,-0.15,-0.15,
2024-05-29,5,고금리(2022~),-3.4,-3.58,-3.65,-3.65,
2024-05-30,5,고금리(2022~),-6.76,-7.18,-7.58,-7.58,
2024-05-31,5,고금리(2022~),-4.64,-4.58,-4.64,-4.64,
2024-06-03,5,고금리(2022~),-5.22,-5.11,-5.22,-5.22,
2024-06-04,5,고금리(2022~),-4.17,-3.86,-3.85,-3.85,
2024-06-05,5,고금리(2022~),-2.39,-2.1,-2.01,-2.01,
2024-06-07,5,고금리(2022~),1.88,2.1,2.12,2.12,
2024-06-10,5,고금리(2022~),0.86,0.79,0.82,0.82,
2024-06-11,5,고금리(2022~),2.03,2.02,2.0,2.0,
2024-06-12,5,고금리(2022~),2.03,0.9,0.91,0.91,
2024-06-13,5,고금리(2022~),1.88,1.87,1.87,1.87,
2024-06-14,5,고금리(2022~),0.57,0.47,0.49,0.49,
2024-06-17,5,고금리(2022~),1.84,1.72,1.73,1.73,
2024-06-18,5,고금리(2022~),1.56,1.38,1.4,1.4,
2024-06-19,5,고금리(2022~),1.99,2.49,2.47,2.47,
2024-06-20,5,고금리(2022~),1.7,0.91,0.92,0.92,
2024-06-21,5,고금리(2022~),1.41,1.47,1.47,1.47,
2024-06-24,5,고금리(2022~),-1.95,-1.79,-1.78,-1.78,
2024-06-25,5,고금리(2022~),1.12,1.32,1.41,1.41,
2024-06-26,5,고금리(2022~),-1.81,-1.96,-1.82,-1.82,
2024-06-27,5,고금리(2022~),-2.79,-2.56,-2.44,-2.44,
2024-06-28,5,고금리(2022~),-4.6,-4.66,-4.66,-4.66,
2024-07-01,5,고금리(2022~),-3.84,-3.4,-3.33,-3.33,
2024-07-02,5,고금리(2022~),-6.36,-6.2,-6.49,-6.49,
2024-07-03,5,고금리(2022~),-3.69,-3.46,-3.54,-3.54,
2024-07-04,5,고금리(2022~),-1.86,-1.85,-1.84,-1.84,
2024-07-05,5,고금리(2022~),0.73,0.35,0.36,0.36,
2024-07-08,5,고금리(2022~),1.48,0.77,0.77,0.77,
2024-07-09,5,고금리(2022~),3.1,2.89,2.84,2.84,
2024-07-10,5,고금리(2022~),4.71,4.4,4.28,4.28,
2024-07-11,5,고금리(2022~),4.38,4.2,4.09,4.09,
2024-07-12,5,고금리(2022~),2.76,2.87,2.86,2.86,
2024-07-15,5,고금리(2022~),5.82,6.3,6.09,6.09,
2024-07-16,5,고금리(2022~),3.72,3.34,3.38,3.38,
2024-07-17,5,고금리(2022~),1.41,1.26,1.37,1.37,
2024-07-18,5,고금리(2022~),2.94,3.2,3.28,3.28,
2024-07-19,5,고금리(2022~),4.24,4.31,4.3,4.3,
2024-07-22,5,고금리(2022~),-0.14,-1.08,-0.97,-0.97,
2024-07-23,5,고금리(2022~),0.41,0.55,0.66,0.66,
2024-07-24,5,고금리(2022~),0.83,0.98,1.07,1.07,
2024-07-25,5,고금리(2022~),-2.72,-3.22,-3.24,-3.24,
2024-07-26,5,고금리(2022~),1.49,1.26,1.56,1.56,
2024-07-29,5,고금리(2022~),14.6,16.81,16.04,16.04,
2024-07-30,5,고금리(2022~),6.46,5.06,7.5,7.5,
2024-07-31,5,고금리(2022~),4.4,2.85,5.55,5.55,
2024-08-01,5,고금리(2022~),6.7,6.27,8.58,8.58,
2024-08-02,5,고금리(2022~),-0.93,-1.68,1.05,1.05,
2024-08-05,5,고금리(2022~),-11.18,-13.1,-13.84,-13.84,
2024-08-06,5,고금리(2022~),-3.88,-3.29,-3.23,-3.23,
2024-08-07,5,고금리(2022~),-3.29,-3.24,-3.18,-3.18,
2024-08-08,5,고금리(2022~),-5.89,-6.21,-6.44,-6.44,
2024-08-09,5,고금리(2022~),-1.62,-1.58,-1.5,-1.5,
2024-08-12,5,고금리(2022~),-2.3,-2.56,-2.51,-2.51,
2024-08-13,5,고금리(2022~),-1.48,-1.8,-1.7,-1.7,
2024-08-14,5,고금리(2022~),0.27,0.97,1.06,1.06,
2024-08-16,5,고금리(2022~),1.81,2.06,2.09,2.09,
2024-08-19,5,고금리(2022~),1.51,1.38,1.42,1.42,
2024-08-20,5,고금리(2022~),3.32,3.29,3.23,3.23,
2024-08-21,5,고금리(2022~),1.64,1.64,1.64,1.64,
2024-08-22,5,고금리(2022~),2.17,1.86,1.85,1.85,
2024-08-23,5,고금리(2022~),0.55,0.77,0.82,0.82,
2024-08-26,5,고금리(2022~),-1.08,-1.44,-1.41,-1.41,
2024-08-27,5,고금리(2022~),0.0,-0.03,0.06,0.06,
2024-08-28,5,고금리(2022~),4.56,4.46,4.54,4.54,
2024-08-29,5,고금리(2022~),4.26,4.44,4.52,4.52,
2024-08-30,5,고금리(2022~),9.65,9.59,9.07,9.07,
2024-09-02,5,고금리(2022~),8.73,8.83,8.46,8.46,
2024-09-03,5,고금리(2022~),8.85,8.72,8.36,8.36,
2024-09-04,5,고금리(2022~),3.59,3.49,3.55,3.55,
2024-09-05,5,고금리(2022~),-0.77,-1.28,-0.98,-0.98,
2024-09-06,5,고금리(2022~),-3.84,-4.15,-4.11,-4.11,
2024-09-09,5,고금리(2022~),-3.89,-4.1,-4.05,-4.05,
2024-09-10,5,고금리(2022~),-7.27,-7.52,-7.91,-7.91,
2024-09-11,5,고금리(2022~),-8.05,-7.14,-7.47,-7.47,
2024-09-12,5,고금리(2022~),-6.56,-6.42,-6.7,-6.7,
2024-09-13,5,고금리(2022~),-4.51,-4.47,-4.47,-4.47,
2024-09-19,5,고금리(2022~),-6.14,-5.74,-5.81,-5.81,
2024-09-20,5,고금리(2022~),-3.72,-2.92,-2.75,-2.75,
2024-09-23,5,고금리(2022~),-0.94,-1.41,-1.16,-1.16,
2024-09-24,5,고금리(2022~),0.69,0.5,0.68,0.68,
2024-09-25,5,고금리(2022~),-2.56,-2.92,-2.85,-2.85,
2024-09-26,5,고금리(2022~),-0.83,-1.44,-1.38,-1.38,
2024-09-27,5,고금리(2022~),-1.66,-2.0,-1.97,-1.97,
2024-09-30,5,고금리(2022~),-2.59,-3.05,-3.08,-3.08,
2024-10-02,5,고금리(2022~),-0.96,-0.44,-0.37,-0.37,
2024-10-04,5,고금리(2022~),0.83,1.03,1.07,1.07,
2024-10-07,5,고금리(2022~),1.4,1.57,1.58,1.58,
2024-10-08,5,고금리(2022~),2.81,2.64,2.64,2.64,
2024-10-10,5,고금리(2022~),2.65,2.36,2.37,2.37,
2024-10-11,5,고금리(2022~),3.17,2.94,2.94,2.94,
2024-10-14,5,고금리(2022~),1.24,0.97,1.08,1.08,
2024-10-15,5,고금리(2022~),5.26,5.29,5.22,5.22,
2024-10-16,5,고금리(2022~),2.32,1.98,2.13,2.13,
2024-10-17,5,고금리(2022~),3.54,3.81,3.89,3.89,
2024-10-18,5,고금리(2022~),2.67,2.58,2.7,2.7,
2024-10-21,5,고금리(2022~),1.76,1.47,1.67,1.67,
2024-10-22,5,고금리(2022~),-2.37,-2.76,-2.69,-2.69,
2024-10-23,5,고금리(2022~),0.27,0.27,0.42,0.42,
2024-10-24,5,고금리(2022~),-1.97,-2.44,-2.37,-2.37,
2024-10-25,5,고금리(2022~),-0.52,-0.45,-0.23,-0.23,
2024-10-28,5,고금리(2022~),-3.47,-3.41,-3.06,-3.06,
2024-10-29,5,고금리(2022~),-1.48,-1.33,-0.88,-0.88,
2024-10-30,5,고금리(2022~),-1.2,-1.33,-0.88,-0.88,
2024-10-31,5,고금리(2022~),1.47,1.41,1.85,1.85,
2024-11-01,5,고금리(2022~),-2.75,-3.29,-2.98,-2.98,
2024-11-04,5,고금리(2022~),4.14,4.25,4.2,4.2,
2024-11-05,5,고금리(2022~),4.64,5.11,5.0,5.0,
2024-11-06,5,고금리(2022~),6.73,6.72,6.51,6.51,
2024-11-07,5,고금리(2022~),6.08,6.51,6.31,6.31,
2024-11-08,5,고금리(2022~),7.0,6.95,6.69,6.69,
2024-11-11,5,고금리(2022~),4.51,4.19,4.2,4.2,
2024-11-12,5,고금리(2022~),4.96,4.53,4.53,4.53,
2024-11-13,5,고금리(2022~),2.27,2.49,2.53,2.53,
2024-11-14,5,고금리(2022~),0.87,0.24,0.33,0.33,
2024-11-15,5,고금리(2022~),4.15,4.6,4.55,4.55,
2024-11-18,5,고금리(2022~),0.38,0.06,0.48,0.48,
2024-11-19,5,고금리(2022~),0.25,0.11,0.53,0.53,
2024-11-20,5,고금리(2022~),0.0,-0.79,-0.39,-0.39,
2024-11-21,5,고금리(2022~),-0.25,-0.17,0.23,0.23,
2024-11-22,5,고금리(2022~),0.36,-0.23,0.18,0.18,
2024-11-25,5,고금리(2022~),4.68,5.11,4.99,4.99,
2024-11-26,5,고금리(2022~),0.25,-0.18,-0.01,-0.01,
2024-11-27,5,고금리(2022~),1.36,1.99,2.17,2.17,
2024-11-28,5,고금리(2022~),2.23,2.16,2.34,2.34,
2024-11-29,5,고금리(2022~),0.24,0.6,0.76,0.76,
2024-12-02,5,고금리(2022~),5.68,4.79,4.88,4.88,
2024-12-03,5,고금리(2022~),2.97,2.53,2.94,2.94,
2024-12-04,5,고금리(2022~),0.85,0.15,0.58,0.58,
2024-12-05,5,고금리(2022~),-1.45,-1.28,-0.84,-0.84,
2024-12-06,5,고금리(2022~),-2.76,-2.75,-2.38,-2.38,
2024-12-09,5,고금리(2022~),-7.43,-6.66,-6.84,-6.84,
2024-12-10,5,고금리(2022~),-1.56,-0.26,-0.21,-0.21,
2024-12-11,5,고금리(2022~),-1.81,-1.2,-1.16,-1.16,
2024-12-12,5,고금리(2022~),2.7,3.54,3.56,3.56,
2024-12-13,5,고금리(2022~),5.68,5.52,5.39,5.39,
2024-12-16,5,고금리(2022~),4.07,3.81,3.86,3.86,
2024-12-17,5,고금리(2022~),2.2,1.82,1.97,1.97,
2024-12-18,5,고금리(2022~),3.19,3.14,3.21,3.21,
2024-12-19,5,고금리(2022~),1.67,1.44,1.51,1.51,
2024-12-20,5,고금리(2022~),-2.8,-2.0,-1.94,-1.94,
2024-12-23,5,고금리(2022~),-1.66,-0.98,-0.92,-0.92,
2024-12-24,5,고금리(2022~),-4.66,-4.0,-3.97,-3.97,
2024-12-26,5,고금리(2022~),-6.55,-6.02,-6.18,-6.18,
2024-12-27,5,고금리(2022~),-7.76,-7.95,-8.43,-8.43,
2024-12-30,5,고금리(2022~),-6.13,-6.37,-6.63,-6.63,
2025-01-02,5,고금리(2022~),-5.79,-5.96,-6.17,-6.17,
2025-01-03,5,고금리(2022~),-1.25,-1.66,-1.65,-1.65,
2025-01-06,5,고금리(2022~),2.17,1.75,1.76,1.76,
2025-01-07,5,고금리(2022~),0.38,0.25,0.32,0.32,
2025-01-08,5,고금리(2022~),1.79,1.52,1.58,1.58,
2025-01-09,5,고금리(2022~),-0.38,-0.93,-0.78,-0.78,
2025-01-10,5,고금리(2022~),-1.27,-1.59,-1.46,-1.46,
2025-01-13,5,고금리(2022~),-3.74,-4.1,-4.14,-4.14,
2025-01-14,5,고금리(2022~),-1.91,-1.84,-1.78,-1.78,
2025-01-15,5,고금리(2022~),-3.9,-4.11,-4.18,-4.18,
2025-01-16,5,고금리(2022~),-1.16,-0.73,-0.71,-0.71,
2025-01-17,5,고금리(2022~),-2.06,-2.16,-2.16,-2.16,
2025-01-20,5,고금리(2022~),-1.3,-1.09,-1.06,-1.06,
2025-01-21,5,고금리(2022~),2.85,2.49,2.62,2.62,
2025-01-22,5,고금리(2022~),1.18,0.73,0.99,0.99,
2025-01-23,5,고금리(2022~),-1.17,-1.37,-1.11,-1.11,
2025-01-24,5,고금리(2022~),-1.71,-1.37,-1.11,-1.11,
2025-01-31,5,고금리(2022~),-2.1,-2.0,-1.75,-1.75,
2025-02-03,5,고금리(2022~),-6.8,-6.54,-6.87,-6.87,
2025-02-04,5,고금리(2022~),-3.88,-3.42,-3.5,-3.5,
2025-02-05,5,고금리(2022~),-1.97,-1.93,-1.95,-1.95,
2025-02-06,5,고금리(2022~),-0.67,-1.08,-1.08,-1.08,
2025-02-07,5,고금리(2022~),-2.01,-2.52,-2.54,-2.54,
2025-02-10,5,고금리(2022~),-2.7,-2.9,-2.93,-2.93,
2025-02-11,5,고금리(2022~),-3.36,-3.5,-3.58,-3.58,
2025-02-12,5,고금리(2022~),-4.3,-4.25,-4.38,-4.38,
2025-02-13,5,고금리(2022~),-2.82,-2.58,-2.57,-2.57,
2025-02-14,5,고금리(2022~),-2.33,-2.13,-2.12,-2.12,
2025-02-17,5,고금리(2022~),-1.11,-0.87,-0.83,-0.83,
2025-02-18,5,고금리(2022~),-0.28,-0.34,-0.29,-0.29,
2025-02-19,5,고금리(2022~),0.28,0.47,0.51,0.51,
2025-02-20,5,고금리(2022~),-1.66,-1.78,-1.78,-1.78,
2025-02-21,5,고금리(2022~),3.78,3.88,3.92,3.92,
2025-02-24,5,고금리(2022~),4.63,4.62,4.6,4.6,
2025-02-25,5,고금리(2022~),3.21,3.04,3.15,3.15,
2025-02-26,5,고금리(2022~),5.59,5.27,5.25,5.25,
2025-02-27,5,고금리(2022~),7.59,7.77,7.47,7.47,
2025-02-28,5,고금리(2022~),3.78,3.8,3.75,3.75,
2025-03-04,5,고금리(2022~),4.16,4.23,4.16,4.16,
2025-03-05,5,고금리(2022~),4.19,4.15,4.09,4.09,
2025-03-06,5,고금리(2022~),3.18,2.93,2.92,2.92,
2025-03-07,5,고금리(2022~),0.39,-1.4,-1.3,-1.3,
2025-03-10,5,고금리(2022~),-2.6,-3.44,-3.41,-3.41,
2025-03-11,5,고금리(2022~),-3.99,-4.9,-5.01,-5.01,
2025-03-12,5,고금리(2022~),-1.95,-2.25,-2.16,-2.16,
2025-03-13,5,고금리(2022~),-0.51,-1.0,-0.82,-0.82,
2025-03-14,5,고금리(2022~),2.6,3.55,3.56,3.56,
2025-03-17,5,고금리(2022~),4.41,4.41,4.33,4.33,
2025-03-18,5,고금리(2022~),6.58,5.97,5.76,5.76,
2025-03-19,5,고금리(2022~),4.11,3.69,3.67,3.67,
2025-03-20,5,고금리(2022~),3.1,2.86,2.85,2.85,
2025-03-21,5,고금리(2022~),3.17,3.3,3.29,3.29,
2025-03-24,5,고금리(2022~),7.16,7.51,7.16,7.16,
2025-03-25,5,고금리(2022~),2.52,2.88,3.06,3.06,
2025-03-26,5,고금리(2022~),5.09,5.21,5.23,5.23,
2025-03-27,5,고금리(2022~),3.5,3.89,4.01,4.01,
2025-03-28,5,고금리(2022~),0.98,0.54,0.77,0.77,
2025-03-31,5,고금리(2022~),3.7,3.49,3.88,3.88,
2025-04-01,5,고금리(2022~),5.28,4.54,4.79,4.79,
2025-04-02,5,고금리(2022~),6.54,6.41,6.54,6.54,
2025-04-03,5,고금리(2022~),-0.6,-1.12,-0.11,-0.11,
2025-04-04,5,고금리(2022~),-1.58,-1.23,-0.22,-0.22,
2025-04-07,5,고금리(2022~),-8.86,-9.32,-9.51,-9.51,
2025-04-08,5,고금리(2022~),-7.58,-7.33,-7.21,-7.21,
2025-04-09,5,고금리(2022~),-7.5,-7.76,-7.75,-7.75,
2025-04-10,5,고금리(2022~),-3.28,-2.91,-2.79,-2.79,
2025-04-11,5,고금리(2022~),-2.6,-2.55,-2.42,-2.42,
2025-04-14,5,고금리(2022~),0.13,0.46,0.59,0.59,
2025-04-15,5,고금리(2022~),0.13,0.53,0.65,0.65,
2025-04-16,5,고금리(2022~),-4.79,-4.57,-4.68,-4.68,
2025-04-17,5,고금리(2022~),-2.14,-2.22,-2.19,-2.19,
2025-04-18,5,고금리(2022~),-1.27,-1.94,-1.91,-1.91,
2025-04-21,5,고금리(2022~),-0.63,-0.68,-0.59,-0.59,
2025-04-22,5,고금리(2022~),-1.64,-1.94,-1.86,-1.86,
2025-04-23,5,고금리(2022~),2.32,2.15,2.19,2.19,
2025-04-24,5,고금리(2022~),0.64,0.26,0.35,0.35,
2025-04-25,5,고금리(2022~),1.42,1.66,1.73,1.73,
2025-04-28,5,고금리(2022~),-0.76,-0.91,-0.85,-0.85,
2025-04-29,5,고금리(2022~),1.54,1.82,1.87,1.87,
2025-04-30,5,고금리(2022~),-0.38,-0.39,-0.33,-0.33,
2025-05-02,5,고금리(2022~),-0.13,-0.24,-0.19,-0.19,
2025-05-07,5,고금리(2022~),-1.4,-1.27,-1.24,-1.24,
2025-05-08,5,고금리(2022~),0.26,0.48,0.52,0.52,
2025-05-09,5,고금리(2022~),0.13,0.27,0.32,0.32,
2025-05-12,5,고금리(2022~),2.15,2.28,2.29,2.29,
2025-05-13,5,고금리(2022~),3.58,3.91,3.81,3.81,
2025-05-14,5,고금리(2022~),2.96,2.75,2.74,2.74,
2025-05-15,5,고금리(2022~),2.3,2.21,2.22,2.22,
2025-05-16,5,고금리(2022~),1.26,0.86,0.9,0.9,
2025-05-19,5,고금리(2022~),-1.86,-1.83,-1.83,-1.83,
2025-05-20,5,고금리(2022~),-2.96,-3.44,-3.51,-3.51,
2025-05-21,5,고금리(2022~),-2.0,-2.37,-2.4,-2.4,
2025-05-22,5,고금리(2022~),-3.62,-3.25,-3.32,-3.32,
2025-05-23,5,고금리(2022~),-3.24,-3.46,-3.55,-3.55,
2025-05-26,5,고금리(2022~),-3.03,-3.14,-3.21,-3.21,
2025-05-27,5,고금리(2022~),-2.93,-2.41,-2.46,-2.46,
2025-05-28,5,고금리(2022~),-3.32,-2.76,-2.82,-2.82,
2025-05-29,5,고금리(2022~),-2.98,-3.69,-3.79,-3.79,
2025-05-30,5,고금리(2022~),-5.15,-4.82,-5.0,-5.0,
2025-06-02,5,고금리(2022~),-6.38,-6.24,-6.55,-6.55,
2025-06-04,5,고금리(2022~),-6.03,-6.1,-6.39,-6.39,
2025-06-05,5,고금리(2022~),-2.37,-2.58,-2.45,-2.45,
2025-06-09,5,고금리(2022~),-2.13,-1.79,-1.64,-1.64,
2025-06-10,5,고금리(2022~),0.0,-0.04,0.12,0.12,
2025-06-11,5,고금리(2022~),2.5,1.95,2.02,2.02,
2025-06-12,5,고금리(2022~),2.23,1.84,1.91,1.91,
2025-06-13,5,고금리(2022~),-2.7,-2.9,-2.94,-2.94,
2025-06-16,5,고금리(2022~),-0.54,-0.67,-0.62,-0.62,
2025-06-17,5,고금리(2022~),-3.12,-3.71,-3.71,-3.71,
2025-06-18,5,고금리(2022~),-2.99,-2.93,-2.88,-2.88,
2025-06-19,5,고금리(2022~),-1.36,-1.12,-0.98,-0.98,
2025-06-20,5,고금리(2022~),1.11,1.32,1.43,1.43,
2025-06-23,5,고금리(2022~),-0.14,-0.23,-0.13,-0.13,
2025-06-24,5,고금리(2022~),2.52,2.82,2.77,2.77,
2025-06-25,5,고금리(2022~),1.54,1.56,1.57,1.57,
2025-06-26,5,고금리(2022~),-1.24,-1.5,-1.48,-1.48,
2025-06-27,5,고금리(2022~),0.96,0.62,0.74,0.74,
2025-06-30,5,고금리(2022~),0.0,-0.27,-0.14,-0.14,
2025-07-01,5,고금리(2022~),-0.96,-0.78,-0.66,-0.66,
2025-07-02,5,고금리(2022~),-0.69,-0.72,-0.59,-0.59,
2025-07-03,5,고금리(2022~),-0.42,-0.31,-0.19,-0.19,
2025-07-04,5,고금리(2022~),-3.67,-3.59,-3.69,-3.69,
2025-07-07,5,고금리(2022~),-3.02,-2.53,-2.57,-2.57,
2025-07-08,5,고금리(2022~),-4.69,-5.12,-5.28,-5.28,
2025-07-09,5,고금리(2022~),-4.3,-4.24,-4.32,-4.32,
2025-07-10,5,고금리(2022~),-4.78,-4.74,-4.85,-4.85,
2025-07-11,5,고금리(2022~),-5.08,-4.82,-4.94,-4.94,
2025-07-14,5,고금리(2022~),-4.95,-5.17,-5.33,-5.33,
2025-07-15,5,고금리(2022~),-1.3,-1.12,-1.09,-1.09,
2025-07-16,5,고금리(2022~),-1.74,-1.81,-1.79,-1.79,
2025-07-17,5,고금리(2022~),0.3,0.15,0.18,0.18,
2025-07-18,5,고금리(2022~),1.79,1.5,1.5,1.5,
2025-07-21,5,고금리(2022~),1.49,1.2,1.21,1.21,
2025-07-22,5,고금리(2022~),0.59,0.53,0.54,0.54,
2025-07-23,5,고금리(2022~),1.47,1.45,1.44,1.44,
2025-07-24,5,고금리(2022~),1.03,0.69,0.7,0.7,
2025-07-25,5,고금리(2022~),5.12,4.73,4.75,4.75,
2025-07-28,5,고금리(2022~),3.52,3.3,3.45,3.45,
2025-07-29,5,고금리(2022~),0.58,0.27,0.59,0.59,
2025-07-30,5,고금리(2022~),-0.44,-0.72,-0.39,-0.39,
2025-07-31,5,고금리(2022~),0.0,0.11,0.43,0.43,
2025-08-01,5,고금리(2022~),-5.01,-4.96,-5.12,-5.12,
2025-08-04,5,고금리(2022~),-3.97,-4.03,-4.13,-4.13,
2025-08-05,5,고금리(2022~),-0.87,-0.65,-0.63,-0.63,
2025-08-06,5,고금리(2022~),-2.04,-2.08,-2.06,-2.06,
2025-08-07,5,고금리(2022~),-2.33,-2.34,-2.33,-2.33,
2025-08-08,5,고금리(2022~),0.73,-0.01,0.09,0.09,
2025-08-11,5,고금리(2022~),2.65,2.85,2.9,2.9,
2025-08-12,5,고금리(2022~),2.63,2.8,2.85,2.85,
2025-08-13,5,고금리(2022~),5.22,5.47,5.27,5.27,
2025-08-14,5,고금리(2022~),4.78,4.86,4.72,4.72,
2025-08-18,5,고금리(2022~),-0.29,0.35,0.47,0.47,
2025-08-19,5,고금리(2022~),-1.87,-1.92,-1.88,-1.88,
2025-08-20,5,고금리(2022~),-2.56,-2.83,-2.84,-2.84,
2025-08-21,5,고금리(2022~),-2.41,-2.61,-2.61,-2.61,
2025-08-22,5,고금리(2022~),-1.28,-1.33,-1.27,-1.27,
2025-08-25,5,고금리(2022~),2.04,2.23,2.2,2.2,
2025-08-26,5,고금리(2022~),1.46,1.37,1.38,1.38,
2025-08-27,5,고금리(2022~),1.17,1.32,1.33,1.33,
2025-08-28,5,고금리(2022~),-0.44,-0.55,-0.51,-0.51,
2025-08-29,5,고금리(2022~),-2.02,-2.23,-2.24,-2.24,
2025-09-01,5,고금리(2022~),-4.0,-4.12,-4.25,-4.25,
2025-09-02,5,고금리(2022~),-3.61,-3.35,-3.44,-3.44,
2025-09-03,5,고금리(2022~),-4.34,-4.36,-4.52,-4.52,
2025-09-04,5,고금리(2022~),-3.5,-3.43,-3.52,-3.52,
2025-09-05,5,고금리(2022~),-4.57,-4.75,-4.91,-4.91,
2025-09-08,5,고금리(2022~),-3.87,-4.12,-4.23,-4.23,
2025-09-09,5,고금리(2022~),-3.44,-3.57,-3.63,-3.63,
2025-09-10,5,고금리(2022~),-1.36,-1.72,-1.68,-1.68,
2025-09-11,5,고금리(2022~),-2.57,-2.69,-2.68,-2.68,
2025-09-12,5,고금리(2022~),-1.23,-1.3,-1.28,-1.28,
2025-09-15,5,고금리(2022~),-2.94,-3.05,-3.07,-3.07,
2025-09-16,5,고금리(2022~),-2.33,-2.48,-2.46,-2.46,
2025-09-17,5,고금리(2022~),-1.99,-1.62,-1.55,-1.55,
2025-09-18,5,고금리(2022~),0.62,0.84,0.94,0.94,
2025-09-19,5,고금리(2022~),3.44,3.28,3.29,3.29,
2025-09-22,5,고금리(2022~),4.15,3.9,3.85,3.85,
2025-09-23,5,고금리(2022~),4.13,3.81,3.76,3.76,
2025-09-24,5,고금리(2022~),2.19,1.78,1.82,1.82,
2025-09-25,5,고금리(2022~),-0.15,-0.29,-0.23,-0.23,
2025-09-26,5,고금리(2022~),-2.57,-1.64,-1.63,-1.63,
2025-09-29,5,고금리(2022~),-1.07,-0.29,-0.27,-0.27,
2025-09-30,5,고금리(2022~),0.3,0.35,0.38,0.38,
2025-10-01,5,고금리(2022~),-0.92,-0.86,-0.82,-0.82,
2025-10-02,5,고금리(2022~),-0.62,-0.48,-0.44,-0.44,
2025-10-10,5,고금리(2022~),-0.62,-1.59,-1.56,-1.56,
2025-10-13,5,고금리(2022~),-3.41,-3.64,-3.67,-3.67,
2025-10-14,5,고금리(2022~),-4.71,-5.06,-5.24,-5.24,
2025-10-15,5,고금리(2022~),-4.48,-4.67,-4.83,-4.83,
2025-10-16,5,고금리(2022~),-2.8,-3.06,-3.07,-3.07,
2025-10-17,5,고금리(2022~),-4.06,-3.67,-3.71,-3.71,
2025-10-20,5,고금리(2022~),-4.97,-5.19,-5.27,-5.27,
2025-10-21,5,고금리(2022~),-5.42,-5.12,-5.19,-5.19,
2025-10-22,5,고금리(2022~),-3.88,-3.52,-3.46,-3.46,
2025-10-23,5,고금리(2022~),-3.83,-3.81,-3.77,-3.77,
2025-10-24,5,고금리(2022~),-3.41,-3.27,-3.21,-3.21,
2025-10-27,5,고금리(2022~),-2.02,-1.96,-1.91,-1.91,
2025-10-28,5,고금리(2022~),-4.22,-4.61,-4.67,-4.67,
2025-10-29,5,고금리(2022~),-1.85,-1.74,-1.48,-1.48,
2025-10-30,5,고금리(2022~),-2.82,-3.13,-2.95,-2.95,
2025-10-31,5,고금리(2022~),1.35,0.98,1.33,1.33,
2025-11-03,5,고금리(2022~),2.75,2.89,3.11,3.11,
2025-11-04,5,고금리(2022~),5.99,6.09,5.96,5.96,
2025-11-05,5,고금리(2022~),-1.03,-1.49,-1.27,-1.27,
2025-11-06,5,고금리(2022~),-2.91,-2.86,-2.66,-2.66,
2025-11-07,5,고금리(2022~),-3.32,-3.33,-3.19,-3.19,
2025-11-10,5,고금리(2022~),-3.18,-3.58,-3.45,-3.45,
2025-11-11,5,고금리(2022~),-1.83,-1.13,-0.8,-0.8,
2025-11-12,5,고금리(2022~),3.63,3.99,4.04,4.04,
2025-11-13,5,고금리(2022~),2.64,2.58,2.78,2.78,
2025-11-14,5,고금리(2022~),3.61,3.54,3.73,3.73,
2025-11-17,5,고금리(2022~),6.23,6.28,6.24,6.24,
2025-11-18,5,고금리(2022~),4.23,3.4,3.55,3.55,
2025-11-19,5,고금리(2022~),0.17,-0.52,-0.2,-0.2,
2025-11-20,5,고금리(2022~),2.74,2.42,2.59,2.59,
2025-11-21,5,고금리(2022~),-5.47,-5.43,-5.43,-5.43,
2025-11-24,5,고금리(2022~),-8.63,-8.78,-9.31,-9.31,
2025-11-25,5,고금리(2022~),-8.93,-8.54,-9.01,-9.01,
2025-11-26,5,고금리(2022~),-6.33,-5.99,-6.13,-6.13,
2025-11-27,5,고금리(2022~),-5.51,-4.91,-4.92,-4.92,
2025-11-28,5,고금리(2022~),0.88,1.19,1.25,1.25,
2025-12-01,5,고금리(2022~),1.43,1.74,1.76,1.76,
2025-12-02,5,고금리(2022~),1.25,0.9,0.94,0.94,
2025-12-03,5,고금리(2022~),0.71,0.33,0.38,0.38,
2025-12-04,5,고금리(2022~),0.53,0.53,0.59,0.59,
2025-12-05,5,고금리(2022~),-0.35,-0.57,-0.54,-0.54,
2025-12-08,5,고금리(2022~),0.88,0.95,0.96,0.96,
2025-12-09,5,고금리(2022~),3.87,4.0,3.92,3.92,
2025-12-10,5,고금리(2022~),4.59,5.13,4.96,4.96,
2025-12-11,5,고금리(2022~),5.8,5.92,5.69,5.69,
2025-12-12,5,고금리(2022~),3.66,3.04,3.09,3.09,
2025-12-15,5,고금리(2022~),2.26,1.71,1.84,1.84,
2025-12-16,5,고금리(2022~),0.0,0.06,0.16,0.16,
2025-12-17,5,고금리(2022~),0.17,0.15,0.25,0.25,
2025-12-18,5,고금리(2022~),-2.49,-3.06,-3.07,-3.07,
2025-12-19,5,고금리(2022~),-2.36,-2.06,-2.05,-2.05,
2025-12-22,5,고금리(2022~),-0.17,0.39,0.45,0.45,
2025-12-23,5,고금리(2022~),-3.05,-2.96,-2.92,-2.92,
2025-12-24,5,고금리(2022~),-4.38,-5.08,-5.2,-5.2,
2025-12-26,5,고금리(2022~),-3.92,-3.79,-3.82,-3.82,
2025-12-29,5,고금리(2022~),-1.9,-1.53,-1.43,-1.43,
2025-12-30,5,고금리(2022~),-2.56,-2.88,-2.86,-2.86,
2026-01-02,5,고금리(2022~),-0.52,-0.54,-0.5,-0.5,
2026-01-05,5,고금리(2022~),0.88,1.41,1.4,1.4,
2026-01-06,5,고금리(2022~),1.42,1.41,1.4,1.4,
2026-01-07,5,고금리(2022~),1.41,1.31,1.31,1.31,
2026-01-08,5,고금리(2022~),0.35,0.3,0.32,0.32,
2026-01-09,5,고금리(2022~),-0.18,-0.91,-0.87,-0.87,
2026-01-12,5,고금리(2022~),-1.75,-2.16,-2.15,-2.15,
2026-01-13,5,고금리(2022~),-2.1,-1.8,-1.79,-1.79,
2026-01-14,5,고금리(2022~),1.56,1.42,1.63,1.63,
2026-01-15,5,고금리(2022~),-0.7,-0.94,-0.62,-0.62,
2026-01-16,5,고금리(2022~),-4.23,-4.21,-3.84,-3.84,
2026-01-19,5,고금리(2022~),-14.23,-14.13,-14.42,-14.42,
2026-01-20,5,고금리(2022~),-16.43,-16.91,-18.14,-18.14,
2026-01-21,5,고금리(2022~),-26.11,-26.0,-32.27,-32.27,
2026-01-22,5,고금리(2022~),-25.83,-25.85,-32.03,-32.03,
2026-01-23,5,고금리(2022~),-20.59,-20.3,-23.01,-23.01,
2026-01-26,5,고금리(2022~),-5.39,-5.57,-4.82,-4.82,
2026-01-27,5,고금리(2022~),-7.05,-6.43,-5.73,-5.73,
2026-01-28,5,고금리(2022~),1.15,1.1,1.67,1.67,
2026-01-29,5,고금리(2022~),8.29,8.55,8.49,8.49,
2026-01-30,5,고금리(2022~),9.03,9.82,9.61,9.61,
2026-02-02,5,고금리(2022~),-1.97,-1.04,-0.33,-0.33,
2026-02-03,5,고금리(2022~),5.06,4.8,5.15,5.15,
2026-02-04,5,고금리(2022~),4.11,4.61,4.98,4.98,
2026-02-05,5,고금리(2022~),-1.53,-1.18,-0.73,-0.73,
2026-02-06,5,고금리(2022~),-2.55,-2.99,-2.72,-2.72,
2026-02-09,5,고금리(2022~),-4.7,-5.16,-4.79,-4.79,
2026-02-10,5,고금리(2022~),-6.35,-5.9,-5.64,-5.64,
2026-02-11,5,고금리(2022~),-4.82,-5.12,-4.76,-4.76,
2026-02-12,5,고금리(2022~),-4.44,-4.62,-4.23,-4.23,
2026-02-13,5,고금리(2022~),-6.32,-6.69,-6.58,-6.58,
2026-02-19,5,고금리(2022~),-3.52,-3.02,-2.94,-2.94,
2026-02-20,5,고금리(2022~),-4.21,-5.01,-5.09,-5.09,
2026-02-23,5,고금리(2022~),-0.92,-1.19,-0.77,-0.77,
2026-02-24,5,고금리(2022~),16.51,14.96,15.32,15.32,
2026-02-25,5,고금리(2022~),-1.4,0.51,4.76,4.76,
2026-02-26,5,고금리(2022~),-2.73,-2.44,2.15,2.15,
2026-02-27,5,고금리(2022~),0.73,2.22,6.73,6.73,
2026-03-03,5,고금리(2022~),-6.51,-4.85,-0.43,-0.43,
2026-03-04,5,고금리(2022~),-18.16,-15.41,-15.51,-15.51,
2026-03-05,5,고금리(2022~),-3.54,-3.02,-2.46,-2.46,
2026-03-06,5,고금리(2022~),1.8,3.09,3.22,3.22,
2026-03-09,5,고금리(2022~),0.0,1.18,1.29,1.29,
2026-03-10,5,고금리(2022~),2.99,3.22,3.2,3.2,
2026-03-11,5,고금리(2022~),-2.44,-2.25,-2.17,-2.17,
2026-03-12,5,고금리(2022~),0.24,0.35,0.55,0.55,
2026-03-13,5,고금리(2022~),-0.98,-1.08,-0.86,-0.86,
2026-03-16,5,고금리(2022~),3.39,2.7,3.13,3.13,
2026-03-17,5,고금리(2022~),0.48,0.27,0.84,0.84,
2026-03-18,5,고금리(2022~),0.25,0.06,0.65,0.65,
2026-03-19,5,고금리(2022~),-0.24,-0.01,0.58,0.58,
2026-03-20,5,고금리(2022~),0.99,0.83,1.38,1.38,
2026-03-23,5,고금리(2022~),-1.41,-1.45,-1.12,-1.12,
2026-03-24,5,고금리(2022~),6.49,6.41,6.56,6.56,
2026-03-25,5,고금리(2022~),3.74,4.12,4.68,4.68,
2026-03-26,5,고금리(2022~),8.07,7.37,7.81,7.81,
2026-03-27,5,고금리(2022~),8.35,8.79,9.0,9.0,
2026-03-30,5,고금리(2022~),6.41,7.23,7.61,7.61,
2026-03-31,5,고금리(2022~),1.58,2.22,2.8,2.8,
2026-04-01,5,고금리(2022~),1.92,1.78,2.43,2.43,
2026-04-02,5,고금리(2022~),-2.49,-1.93,-1.56,-1.56,
2026-04-03,5,고금리(2022~),-2.72,-3.51,-3.19,-3.19,
2026-04-06,5,고금리(2022~),-4.24,-4.88,-4.72,-4.72,
2026-04-07,5,고금리(2022~),-5.56,-6.18,-6.16,-6.16,
2026-04-08,5,고금리(2022~),-3.3,-3.76,-3.72,-3.72,
2026-04-09,5,고금리(2022~),-5.8,-6.31,-6.56,-6.56,
2026-04-10,5,고금리(2022~),-5.36,-4.7,-4.79,-4.79,
2026-04-13,5,고금리(2022~),-6.06,-5.96,-6.18,-6.18,
2026-04-14,5,고금리(2022~),-6.12,-5.83,-6.04,-6.04,
2026-04-15,5,고금리(2022~),-2.44,-2.03,-2.05,-2.05,
2026-04-16,5,고금리(2022~),-0.74,-0.39,-0.37,-0.37,
2026-04-17,5,고금리(2022~),-3.55,-3.96,-3.98,-3.98,
2026-04-20,5,고금리(2022~),-4.57,-4.73,-4.8,-4.8,
2026-04-21,5,고금리(2022~),-2.51,-2.38,-2.26,-2.26,
2026-04-22,5,고금리(2022~),-3.1,-3.03,-2.94,-2.94,
2026-04-23,5,고금리(2022~),-0.89,-1.13,-0.9,-0.9,
2026-04-24,5,고금리(2022~),0.36,0.39,0.55,0.55,
2026-04-27,5,고금리(2022~),1.98,2.53,2.59,2.59,
2026-04-28,5,고금리(2022~),1.75,1.64,1.72,1.72,
2026-04-29,5,고금리(2022~),1.81,1.65,1.73,1.73,
2026-04-30,5,고금리(2022~),-0.85,-0.65,-0.61,-0.61,
2026-05-04,5,고금리(2022~),3.31,3.9,3.83,3.83,
2026-05-06,5,고금리(2022~),3.52,3.52,3.48,3.48,
2026-05-07,5,고금리(2022~),0.71,0.33,0.46,0.46,
2026-05-08,5,고금리(2022~),6.18,5.62,5.69,5.69,
2026-05-11,5,고금리(2022~),8.08,8.17,7.99,7.99,
2026-05-12,5,고금리(2022~),7.39,7.12,7.04,7.04,
2026-05-13,5,고금리(2022~),10.59,10.44,9.91,9.91,
2026-05-14,5,고금리(2022~),6.37,6.85,7.12,7.12,
2026-05-15,5,고금리(2022~),-5.49,-5.57,-4.82,-4.82,
2026-05-18,5,고금리(2022~),-8.55,-9.23,-9.12,-9.12,
2026-05-19,5,고금리(2022~),-8.03,-7.99,-7.58,-7.58,
2026-05-20,5,고금리(2022~),-9.13,-8.61,-8.35,-8.35,
2026-05-21,5,고금리(2022~),-1.89,-1.65,-0.97,-0.97,
2026-05-22,5,고금리(2022~),7.32,7.91,7.54,7.54,
2026-05-26,5,고금리(2022~),11.14,11.67,10.68,10.68,
2026-05-27,5,고금리(2022~),4.24,4.1,4.25,4.25,
2026-05-28,5,고금리(2022~),8.58,7.7,7.72,7.72,
2026-05-29,5,고금리(2022~),17.31,17.63,16.51,16.51,
2026-06-01,5,고금리(2022~),7.53,6.74,8.48,8.48,
2026-06-02,5,고금리(2022~),5.75,6.55,8.31,8.31,
2026-06-04,5,고금리(2022~),2.39,3.77,6.09,6.09,
2026-06-05,5,고금리(2022~),-5.19,-4.24,-2.06,-2.06,
2026-06-08,5,고금리(2022~),-15.16,-14.35,-15.49,-15.49,
2026-06-09,5,고금리(2022~),-6.56,-4.9,-4.54,-4.54,
2026-06-10,5,고금리(2022~),-9.35,-9.29,-9.57,-9.57,
2026-06-11,5,고금리(2022~),0.0,0.23,0.55,0.55,
2026-06-12,5,고금리(2022~),5.71,6.5,6.49,6.49,
2026-06-15,5,고금리(2022~),4.35,3.61,3.98,3.98,
2026-06-16,5,고금리(2022~),10.3,10.16,10.38,10.38,
2026-06-17,5,고금리(2022~),10.07,9.57,9.92,9.92,
2026-06-18,5,고금리(2022~),9.58,9.35,9.73,9.73,
2026-06-19,5,고금리(2022~),10.59,9.0,9.42,9.42,
2026-06-22,5,고금리(2022~),2.78,2.79,4.6,4.6,
2026-06-23,5,고금리(2022~),-4.67,-4.41,-3.42,-3.42,
2026-06-24,5,고금리(2022~),-2.83,-2.42,-1.41,-1.41,
2026-06-25,5,고금리(2022~),1.71,1.77,3.24,3.24,
2026-06-26,5,고금리(2022~),-1.43,-0.4,1.02,1.02,
2026-06-29,5,고금리(2022~),12.61,12.78,11.98,11.98,
2026-06-30,5,고금리(2022~),12.92,12.98,12.14,12.14,
2026-07-01,5,고금리(2022~),21.08,21.58,18.68,18.68,
2026-07-02,5,고금리(2022~),11.74,10.41,9.97,9.97,
2026-07-03,5,고금리(2022~),5.17,3.82,4.46,4.46,
2026-07-06,5,고금리(2022~),6.0,6.01,6.61,6.61,
2026-07-07,5,고금리(2022~),7.3,6.89,7.41,7.41,
2026-07-08,5,고금리(2022~),-6.48,-6.97,-6.23,-6.23,
2026-07-09,5,고금리(2022~),0.38,0.88,2.34,2.34,
2026-07-10,5,고금리(2022~),12.18,13.66,13.58,13.58,
2026-07-13,5,고금리(2022~),7.55,7.14,8.06,8.06,
2026-07-14,5,고금리(2022~),6.43,5.93,6.97,6.97,
2026-07-15,5,고금리(2022~),6.34,5.89,6.94,6.94,
2026-07-16,5,고금리(2022~),6.92,6.76,7.8,7.8,
2026-07-20,5,고금리(2022~),-3.15,-4.17,-3.12,-3.12,
2026-07-21,5,고금리(2022~),5.44,4.94,6.55,6.55,
2026-07-22,5,고금리(2022~),9.84,10.41,11.55,11.55,
2026-07-23,5,고금리(2022~),24.39,24.83,21.5,21.5,
2026-07-24,5,고금리(2022~),0.7,3.96,6.45,6.45,
2026-07-27,5,고금리(2022~),0.18,0.6,3.63,3.63,
2026-07-28,5,고금리(2022~),-14.14,-13.57,-12.53,-12.53,
2026-07-29,5,고금리(2022~),-20.13,-20.22,-22.42,-22.42,
2026-07-30,5,고금리(2022~),-24.4,-23.72,-28.32,-28.32,
2026-07-31,5,고금리(2022~),-12.5,-14.89,-16.4,-16.4,
2026-08-03,5,고금리(2022~),-16.61,-16.2,-17.97,-17.97,
2026-08-04,5,고금리(2022~),-10.66,-10.07,-10.41,-10.41,
2026-08-05,5,고금리(2022~),-8.66,-8.21,-8.19,-8.19,
2026-08-06,5,고금리(2022~),-8.51,-9.6,-9.83,-9.83,
2026-08-07,5,고금리(2022~),-8.53,-8.2,-8.16,-8.16,
2026-08-10,5,고금리(2022~),4.33,3.98,4.0,4.0,
2026-08-11,5,고금리(2022~),4.34,3.46,3.52,3.52,
2026-08-12,5,고금리(2022~),0.65,-0.19,0.09,0.09,
2026-08-13,5,고금리(2022~),6.93,6.88,6.96,6.96,
2026-08-14,5,고금리(2022~),4.77,3.83,4.26,4.26,
2026-08-18,5,고금리(2022~),-1.45,-1.54,-1.09,-1.09,
2026-08-19,5,고금리(2022~),-0.21,0.07,0.55,0.55,
2026-08-20,5,고금리(2022~),0.64,0.33,0.79,0.79,
2026-08-21,5,고금리(2022~),-4.86,-4.37,-4.4,-4.4,
2026-08-24,5,고금리(2022~),-1.86,-1.24,-1.12,-1.12,
2026-08-25,5,고금리(2022~),3.16,2.84,2.94,2.94,
2026-08-26,5,고금리(2022~),3.96,3.75,3.82,3.82,
2026-08-27,5,고금리(2022~),,,,,구간 끝이 데이터 범위를 넘음
2026-08-28,5,고금리(2022~),,,,,구간 끝이 데이터 범위를 넘음
2026-08-31,5,고금리(2022~),,,,,구간 끝이 데이터 범위를 넘음
2026-09-01,5,고금리(2022~),,,,,구간 끝이 데이터 범위를 넘음
2026-09-02,5,고금리(2022~),,,,,구간 끝이 데이터 범위를 넘음
2016-08-10,10,저금리(~2021),2.43,2.5,2.5,2.5,
2016-08-11,10,저금리(~2021),1.45,1.09,1.11,1.11,
2016-08-12,10,저금리(~2021),4.41,4.98,4.86,4.86,
2016-08-16,10,저금리(~2021),3.15,3.38,3.4,3.4,
2016-08-17,10,저금리(~2021),3.53,2.83,2.87,2.87,
2016-08-18,10,저금리(~2021),2.15,1.77,1.88,1.88,
2016-08-19,10,저금리(~2021),1.65,1.31,1.45,1.45,
2016-08-22,10,저금리(~2021),0.25,0.24,0.38,0.38,
2016-08-23,10,저금리(~2021),0.64,0.79,0.93,0.93,
2016-08-24,10,저금리(~2021),1.64,1.82,1.94,1.94,
2016-08-25,10,저금리(~2021),0.1,0.83,0.97,0.97,
2016-08-26,10,저금리(~2021),0.49,1.98,2.11,2.11,
2016-08-29,10,저금리(~2021),0.1,0.96,1.06,1.06,
2016-08-30,10,저금리(~2021),0.73,1.19,1.29,1.29,
2016-08-31,10,저금리(~2021),-2.11,-1.53,-1.39,-1.39,
2016-09-01,10,저금리(~2021),-1.03,-0.08,0.04,0.04,
2016-09-02,10,저금리(~2021),-0.94,0.01,0.14,0.14,
2016-09-05,10,저금리(~2021),-1.93,-0.93,-0.8,-0.8,
2016-09-06,10,저금리(~2021),-2.31,-1.5,-1.38,-1.38,
2016-09-07,10,저금리(~2021),-2.64,-1.85,-1.75,-1.75,
2016-09-08,10,저금리(~2021),-2.02,-1.85,-1.75,-1.75,
2016-09-09,10,저금리(~2021),-1.86,-2.28,-2.21,-2.21,
2016-09-12,10,저금리(~2021),-4.55,-4.63,-4.76,-4.76,
2016-09-13,10,저금리(~2021),-2.45,-1.64,-1.53,-1.53,
2016-09-19,10,저금리(~2021),-1.47,-0.65,-0.55,-0.55,
2016-09-20,10,저금리(~2021),0.2,-0.11,-0.01,-0.01,
2016-09-21,10,저금리(~2021),0.95,1.06,1.15,1.15,
2016-09-22,10,저금리(~2021),4.09,3.93,3.9,3.9,
2016-09-23,10,저금리(~2021),3.78,3.43,3.44,3.44,
2016-09-26,10,저금리(~2021),3.76,3.5,3.5,3.5,
2016-09-27,10,저금리(~2021),4.23,3.92,3.89,3.89,
2016-09-28,10,저금리(~2021),4.14,4.1,4.06,4.06,
2016-09-29,10,저금리(~2021),4.67,3.88,3.86,3.86,
2016-09-30,10,저금리(~2021),3.0,2.43,2.45,2.45,
2016-10-04,10,저금리(~2021),3.33,2.79,2.79,2.79,
2016-10-05,10,저금리(~2021),2.08,2.02,2.06,2.06,
2016-10-06,10,저금리(~2021),2.81,2.33,2.35,2.35,
2016-10-07,10,저금리(~2021),2.04,1.51,1.54,1.54,
2016-10-10,10,저금리(~2021),2.77,2.7,2.69,2.69,
2016-10-11,10,저금리(~2021),3.19,2.82,2.81,2.81,
2016-10-12,10,저금리(~2021),2.66,2.51,2.51,2.51,
2016-10-13,10,저금리(~2021),-0.53,-1.07,-0.97,-0.97,
2016-10-14,10,저금리(~2021),1.1,1.56,1.68,1.68,
2016-10-17,10,저금리(~2021),2.53,2.25,2.36,2.36,
2016-10-18,10,저금리(~2021),2.79,2.61,2.7,2.7,
2016-10-19,10,저금리(~2021),5.96,6.11,5.98,5.98,
2016-10-20,10,저금리(~2021),4.51,3.99,4.06,4.06,
2016-10-21,10,저금리(~2021),3.42,2.69,2.84,2.84,
2016-10-24,10,저금리(~2021),1.23,0.86,1.08,1.08,
2016-10-25,10,저금리(~2021),0.23,0.2,0.43,0.43,
2016-10-26,10,저금리(~2021),4.0,4.71,4.89,4.89,
2016-10-27,10,저금리(~2021),1.73,2.46,2.95,2.95,
2016-10-28,10,저금리(~2021),1.57,1.53,2.03,2.03,
2016-10-31,10,저금리(~2021),0.51,0.6,1.11,1.11,
2016-11-01,10,저금리(~2021),2.11,2.83,3.27,3.27,
2016-11-02,10,저금리(~2021),-2.1,-2.41,-1.94,-1.94,
2016-11-03,10,저금리(~2021),-1.65,-1.06,-0.56,-0.56,
2016-11-04,10,저금리(~2021),-0.28,0.17,0.69,0.69,
2016-11-07,10,저금리(~2021),3.13,3.17,3.59,3.59,
2016-11-08,10,저금리(~2021),2.62,2.31,2.78,2.78,
2016-11-09,10,저금리(~2021),0.59,-0.65,-0.28,-0.28,
2016-11-10,10,저금리(~2021),6.05,5.53,5.41,5.41,
2016-11-11,10,저금리(~2021),4.2,3.54,3.59,3.59,
2016-11-14,10,저금리(~2021),4.55,4.21,4.23,4.23,
2016-11-15,10,저금리(~2021),2.98,1.83,1.97,1.97,
2016-11-16,10,저금리(~2021),4.62,4.57,4.48,4.48,
2016-11-17,10,저금리(~2021),5.37,5.0,4.87,4.87,
2016-11-18,10,저금리(~2021),5.48,6.0,5.79,5.79,
2016-11-21,10,저금리(~2021),5.66,5.68,5.5,5.5,
2016-11-22,10,저금리(~2021),4.78,5.06,4.95,4.95,
2016-11-23,10,저금리(~2021),4.27,4.43,4.37,4.37,
2016-11-24,10,저금리(~2021),2.5,1.76,1.86,1.86,
2016-11-25,10,저금리(~2021),1.08,-0.1,0.1,0.1,
2016-11-28,10,저금리(~2021),-1.64,-2.81,-2.68,-2.68,
2016-11-29,10,저금리(~2021),-2.45,-3.22,-3.11,-3.11,
2016-11-30,10,저금리(~2021),-2.37,-3.43,-3.33,-3.33,
2016-12-01,10,저금리(~2021),-3.94,-4.99,-5.03,-5.03,
2016-12-02,10,저금리(~2021),-5.37,-6.67,-6.95,-6.95,
2016-12-05,10,저금리(~2021),-7.24,-8.12,-8.67,-8.67,
2016-12-06,10,저금리(~2021),-4.48,-5.44,-5.58,-5.58,
2016-12-07,10,저금리(~2021),-5.05,-5.69,-5.87,-5.87,
2016-12-08,10,저금리(~2021),-3.52,-4.12,-4.15,-4.15,
2016-12-09,10,저금리(~2021),-2.93,-2.66,-2.65,-2.65,
2016-12-12,10,저금리(~2021),-0.81,-0.83,-0.77,-0.77,
2016-12-13,10,저금리(~2021),-0.27,-0.74,-0.69,-0.69,
2016-12-14,10,저금리(~2021),-2.56,-2.84,-2.81,-2.81,
2016-12-15,10,저금리(~2021),-2.08,-1.91,-1.84,-1.84,
2016-12-16,10,저금리(~2021),-1.11,-1.12,-1.02,-1.02,
2016-12-19,10,저금리(~2021),-1.66,-1.7,-1.61,-1.61,
2016-12-20,10,저금리(~2021),-3.59,-3.65,-3.69,-3.69,
2016-12-21,10,저금리(~2021),-3.86,-3.94,-4.0,-4.0,
2016-12-22,10,저금리(~2021),-4.38,-4.24,-4.33,-4.33,
2016-12-23,10,저금리(~2021),-2.56,-2.22,-2.18,-2.18,
2016-12-26,10,저금리(~2021),-1.5,-1.19,-1.1,-1.1,
2016-12-27,10,저금리(~2021),-1.79,-1.17,-1.08,-1.08,
2016-12-28,10,저금리(~2021),1.69,2.1,2.12,2.12,
2016-12-29,10,저금리(~2021),1.22,1.0,1.06,1.06,
2017-01-02,10,저금리(~2021),1.21,1.01,1.07,1.07,
2017-01-03,10,저금리(~2021),2.44,2.68,2.69,2.69,
2017-01-04,10,저금리(~2021),2.5,2.55,2.57,2.57,
2017-01-05,10,저금리(~2021),3.07,3.06,3.06,3.06,
2017-01-06,10,저금리(~2021),3.58,3.57,3.53,3.53,
2017-01-09,10,저금리(~2021),3.14,3.18,3.16,3.16,
2017-01-10,10,저금리(~2021),2.31,2.2,2.22,2.22,
2017-01-11,10,저금리(~2021),3.64,3.74,3.66,3.66,
2017-01-12,10,저금리(~2021),1.43,1.0,1.07,1.07,
2017-01-13,10,저금리(~2021),1.86,2.3,2.3,2.3,
2017-01-16,10,저금리(~2021),-0.09,-0.13,-0.05,-0.05,
2017-01-17,10,저금리(~2021),0.73,0.49,0.58,0.58,
2017-01-18,10,저금리(~2021),1.57,1.4,1.46,1.46,
2017-01-19,10,저금리(~2021),-0.14,-0.22,-0.12,-0.12,
2017-01-20,10,저금리(~2021),-0.23,-0.23,-0.13,-0.13,
2017-01-23,10,저금리(~2021),-0.5,-0.93,-0.85,-0.85,
2017-01-24,10,저금리(~2021),-1.26,-1.62,-1.55,-1.55,
2017-01-25,10,저금리(~2021),-1.57,-2.2,-2.16,-2.16,
2017-01-26,10,저금리(~2021),-1.14,-0.94,-0.89,-0.89,
2017-01-31,10,저금리(~2021),-0.46,-0.63,-0.57,-0.57,
2017-02-01,10,저금리(~2021),-0.55,-0.51,-0.45,-0.45,
2017-02-02,10,저금리(~2021),-1.91,-2.1,-2.11,-2.11,
2017-02-03,10,저금리(~2021),-2.58,-2.36,-2.38,-2.38,
2017-02-06,10,저금리(~2021),-1.42,-1.5,-1.49,-1.49,
2017-02-07,10,저금리(~2021),-2.56,-2.43,-2.47,-2.47,
2017-02-08,10,저금리(~2021),-2.47,-2.29,-2.32,-2.32,
2017-02-09,10,저금리(~2021),-1.55,-1.38,-1.37,-1.37,
2017-02-10,10,저금리(~2021),-1.65,-1.22,-1.2,-1.2,
2017-02-13,10,저금리(~2021),-0.6,-0.5,-0.47,-0.47,
2017-02-14,10,저금리(~2021),-0.83,-0.97,-0.95,-0.95,
2017-02-15,10,저금리(~2021),0.79,0.72,0.72,0.72,
2017-02-16,10,저금리(~2021),2.09,1.97,1.95,1.95,
2017-02-17,10,저금리(~2021),1.63,1.35,1.36,1.36,
2017-02-20,10,저금리(~2021),1.44,1.49,1.49,1.49,
2017-02-21,10,저금리(~2021),2.67,2.22,2.2,2.2,
2017-02-22,10,저금리(~2021),2.72,2.38,2.35,2.35,
2017-02-23,10,저금리(~2021),-0.19,-0.28,-0.22,-0.22,
2017-02-24,10,저금리(~2021),-0.14,0.24,0.29,0.29,
2017-02-27,10,저금리(~2021),0.0,0.07,0.13,0.13,
2017-02-28,10,저금리(~2021),1.3,1.62,1.68,1.68,
2017-03-02,10,저금리(~2021),-0.23,-0.4,-0.28,-0.28,
2017-03-03,10,저금리(~2021),-0.91,-0.56,-0.46,-0.46,
2017-03-06,10,저금리(~2021),0.23,0.33,0.43,0.43,
2017-03-07,10,저금리(~2021),0.0,-0.08,0.03,0.03,
2017-03-08,10,저금리(~2021),-0.46,-0.01,0.1,0.1,
2017-03-09,10,저금리(~2021),-0.32,-0.16,-0.06,-0.06,
2017-03-10,10,저금리(~2021),1.3,1.43,1.48,1.48,
2017-03-13,10,저금리(~2021),0.98,0.71,0.77,0.77,
2017-03-14,10,저금리(~2021),-0.28,-0.36,-0.29,-0.29,
2017-03-15,10,저금리(~2021),-1.69,-2.14,-2.14,-2.14,
2017-03-16,10,저금리(~2021),-0.74,-0.42,-0.4,-0.4,
2017-03-17,10,저금리(~2021),-2.25,-2.25,-2.28,-2.28,
2017-03-20,10,저금리(~2021),-4.52,-4.36,-4.5,-4.5,
2017-03-21,10,저금리(~2021),-3.95,-3.62,-3.7,-3.7,
2017-03-22,10,저금리(~2021),-4.4,-4.6,-4.76,-4.76,
2017-03-23,10,저금리(~2021),-5.08,-4.95,-5.14,-5.14,
2017-03-24,10,저금리(~2021),-4.92,-4.87,-5.05,-5.05,
2017-03-27,10,저금리(~2021),-2.12,-2.44,-2.38,-2.38,
2017-03-28,10,저금리(~2021),-2.32,-2.28,-2.22,-2.22,
2017-03-29,10,저금리(~2021),-2.14,-2.06,-1.99,-1.99,
2017-03-30,10,저금리(~2021),-2.56,-2.51,-2.46,-2.46,
2017-03-31,10,저금리(~2021),-0.75,-1.03,-0.93,-0.93,
2017-04-03,10,저금리(~2021),-0.48,-0.73,-0.63,-0.63,
2017-04-04,10,저금리(~2021),-1.15,-1.39,-1.31,-1.31,
2017-04-05,10,저금리(~2021),-1.1,-0.88,-0.79,-0.79,
2017-04-06,10,저금리(~2021),-0.43,-0.21,-0.12,-0.12,
2017-04-07,10,저금리(~2021),-0.05,-0.03,0.06,0.06,
2017-04-10,10,저금리(~2021),-1.51,-1.42,-1.39,-1.39,
2017-04-11,10,저금리(~2021),-1.66,-1.57,-1.54,-1.54,
2017-04-12,10,저금리(~2021),-2.04,-2.04,-2.03,-2.03,
2017-04-13,10,저금리(~2021),-0.72,-0.82,-0.76,-0.76,
2017-04-14,10,저금리(~2021),-1.47,-1.44,-1.41,-1.41,
2017-04-17,10,저금리(~2021),0.05,0.09,0.12,0.12,
2017-04-18,10,저금리(~2021),-1.35,-1.46,-1.42,-1.42,
2017-04-19,10,저금리(~2021),-3.25,-3.23,-3.23,-3.23,
2017-04-20,10,저금리(~2021),-3.1,-3.18,-3.19,-3.19,
2017-04-21,10,저금리(~2021),-3.96,-4.06,-4.12,-4.12,
2017-04-24,10,저금리(~2021),-3.87,-4.18,-4.26,-4.26,
2017-04-25,10,저금리(~2021),-3.43,-3.41,-3.43,-3.43,
2017-04-26,10,저금리(~2021),-2.04,-2.58,-2.55,-2.55,
2017-04-27,10,저금리(~2021),-3.03,-3.4,-3.42,-3.42,
2017-04-28,10,저금리(~2021),-2.74,-2.74,-2.72,-2.72,
2017-05-02,10,저금리(~2021),-3.03,-2.97,-2.96,-2.96,
2017-05-04,10,저금리(~2021),-1.27,-1.12,-1.07,-1.07,
2017-05-08,10,저금리(~2021),0.6,0.7,0.72,0.72,
2017-05-10,10,저금리(~2021),-0.25,-0.44,-0.41,-0.41,
2017-05-11,10,저금리(~2021),0.81,0.51,0.53,0.53,
2017-05-12,10,저금리(~2021),-0.75,-0.39,-0.38,-0.38,
2017-05-15,10,저금리(~2021),0.6,0.3,0.32,0.32,
2017-05-16,10,저금리(~2021),-1.48,-1.0,-0.98,-0.98,
2017-05-17,10,저금리(~2021),-2.13,-1.75,-1.75,-1.75,
2017-05-18,10,저금리(~2021),-3.16,-2.69,-2.73,-2.73,
2017-05-19,10,저금리(~2021),-3.17,-3.35,-3.43,-3.43,
2017-05-22,10,저금리(~2021),-3.92,-4.21,-4.35,-4.35,
2017-05-23,10,저금리(~2021),-4.38,-4.61,-4.79,-4.79,
2017-05-24,10,저금리(~2021),-4.36,-5.0,-5.21,-5.21,
2017-05-25,10,저금리(~2021),-5.19,-5.66,-5.94,-5.94,
2017-05-26,10,저금리(~2021),-3.16,-3.78,-3.83,-3.83,
2017-05-29,10,저금리(~2021),-5.07,-5.61,-5.82,-5.82,
2017-05-30,10,저금리(~2021),-4.27,-5.07,-5.24,-5.24,
2017-05-31,10,저금리(~2021),-3.54,-4.03,-4.1,-4.1,
2017-06-01,10,저금리(~2021),-2.8,-3.9,-3.96,-3.96,
2017-06-02,10,저금리(~2021),-3.48,-3.64,-3.68,-3.68,
2017-06-05,10,저금리(~2021),-2.38,-2.58,-2.56,-2.56,
2017-06-07,10,저금리(~2021),-1.41,-2.08,-2.04,-2.04,
2017-06-08,10,저금리(~2021),-0.37,-0.03,0.04,0.04,
2017-06-09,10,저금리(~2021),-0.37,-0.21,-0.14,-0.14,
2017-06-12,10,저금리(~2021),-2.28,-2.27,-2.28,-2.28,
2017-06-13,10,저금리(~2021),-1.68,-1.6,-1.6,-1.6,
2017-06-14,10,저금리(~2021),-0.1,0.28,0.33,0.33,
2017-06-15,10,저금리(~2021),-0.73,-1.12,-1.07,-1.07,
2017-06-16,10,저금리(~2021),-0.94,-0.8,-0.74,-0.74,
2017-06-19,10,저금리(~2021),1.22,0.75,0.8,0.8,
2017-06-20,10,저금리(~2021),1.48,1.14,1.19,1.19,
2017-06-21,10,저금리(~2021),0.74,0.83,0.88,0.88,
2017-06-22,10,저금리(~2021),-0.32,-0.55,-0.5,-0.5,
2017-06-23,10,저금리(~2021),0.48,0.29,0.34,0.34,
2017-06-26,10,저금리(~2021),1.27,1.31,1.35,1.35,
2017-06-27,10,저금리(~2021),2.4,2.25,2.26,2.26,
2017-06-28,10,저금리(~2021),2.05,1.96,1.97,1.97,
2017-06-29,10,저금리(~2021),2.12,1.94,1.95,1.95,
2017-06-30,10,저금리(~2021),2.01,1.91,1.92,1.92,
2017-07-03,10,저금리(~2021),-0.42,-0.31,-0.25,-0.25,
2017-07-04,10,저금리(~2021),-1.3,-1.3,-1.25,-1.25,
2017-07-05,10,저금리(~2021),-1.99,-2.3,-2.27,-2.27,
2017-07-06,10,저금리(~2021),-2.69,-2.11,-2.08,-2.08,
2017-07-07,10,저금리(~2021),-2.16,-2.16,-2.13,-2.13,
2017-07-10,10,저금리(~2021),-2.98,-2.99,-3.01,-3.01,
2017-07-11,10,저금리(~2021),-2.08,-1.87,-1.81,-1.81,
2017-07-12,10,저금리(~2021),-3.76,-3.85,-3.92,-3.92,
2017-07-13,10,저금리(~2021),-3.26,-2.79,-2.79,-2.79,
2017-07-14,10,저금리(~2021),-1.14,-0.77,-0.65,-0.65,
2017-07-17,10,저금리(~2021),0.53,0.65,0.75,0.75,
2017-07-18,10,저금리(~2021),1.11,1.12,1.21,1.21,
2017-07-19,10,저금리(~2021),1.66,1.86,1.91,1.91,
2017-07-20,10,저금리(~2021),5.74,4.96,4.87,4.87,
2017-07-21,10,저금리(~2021),5.11,5.03,4.94,4.94,
2017-07-24,10,저금리(~2021),3.77,3.6,3.64,3.64,
2017-07-25,10,저금리(~2021),1.81,1.88,2.0,2.0,
2017-07-26,10,저금리(~2021),3.74,3.76,3.78,3.78,
2017-07-27,10,저금리(~2021),3.8,3.92,3.92,3.92,
2017-07-28,10,저금리(~2021),3.83,3.7,3.71,3.71,
2017-07-31,10,저금리(~2021),2.88,2.67,2.75,2.75,
2017-08-01,10,저금리(~2021),1.2,1.17,1.33,1.33,
2017-08-02,10,저금리(~2021),0.63,0.45,0.64,0.64,
2017-08-03,10,저금리(~2021),-2.05,-1.79,-1.69,-1.69,
2017-08-04,10,저금리(~2021),-1.69,-1.47,-1.37,-1.37,
2017-08-07,10,저금리(~2021),-1.14,-0.67,-0.57,-0.57,
2017-08-08,10,저금리(~2021),-0.26,-0.33,-0.22,-0.22,
2017-08-09,10,저금리(~2021),-2.01,-2.15,-2.09,-2.09,
2017-08-10,10,저금리(~2021),-2.37,-2.64,-2.61,-2.61,
2017-08-11,10,저금리(~2021),-5.1,-5.27,-5.49,-5.49,
2017-08-14,10,저금리(~2021),-4.48,-4.4,-4.55,-4.55,
2017-08-16,10,저금리(~2021),-2.89,-2.82,-2.86,-2.86,
2017-08-17,10,저금리(~2021),-2.41,-2.35,-2.38,-2.38,
2017-08-18,10,저금리(~2021),-3.19,-3.31,-3.39,-3.39,
2017-08-21,10,저금리(~2021),-2.19,-1.92,-1.9,-1.9,
2017-08-22,10,저금리(~2021),-1.37,-1.53,-1.49,-1.49,
2017-08-23,10,저금리(~2021),-2.67,-3.12,-3.14,-3.14,
2017-08-24,10,저금리(~2021),-2.79,-2.5,-2.49,-2.49,
2017-08-25,10,저금리(~2021),-2.11,-1.65,-1.61,-1.61,
2017-08-28,10,저금리(~2021),-1.7,-1.93,-1.89,-1.89,
2017-08-29,10,저금리(~2021),-2.4,-2.16,-2.13,-2.13,
2017-08-30,10,저금리(~2021),-2.34,-2.12,-2.09,-2.09,
2017-08-31,10,저금리(~2021),-3.11,-3.36,-3.36,-3.36,
2017-09-01,10,저금리(~2021),-4.27,-5.02,-5.11,-5.11,
2017-09-04,10,저금리(~2021),-6.86,-7.44,-7.88,-7.88,
2017-09-05,10,저금리(~2021),-6.76,-7.21,-7.62,-7.62,
2017-09-06,10,저금리(~2021),-5.05,-4.96,-5.08,-5.08,
2017-09-07,10,저금리(~2021),-3.84,-4.15,-4.19,-4.19,
2017-09-08,10,저금리(~2021),-3.29,-3.61,-3.6,-3.6,
2017-09-11,10,저금리(~2021),-3.14,-3.46,-3.44,-3.44,
2017-09-12,10,저금리(~2021),-2.89,-3.36,-3.33,-3.33,
2017-09-13,10,저금리(~2021),-3.97,-4.78,-4.86,-4.86,
2017-09-14,10,저금리(~2021),-1.66,-1.84,-1.75,-1.75,
2017-09-15,10,저금리(~2021),-0.06,0.09,0.16,0.16,
2017-09-18,10,저금리(~2021),0.4,0.06,0.12,0.12,
2017-09-19,10,저금리(~2021),-0.63,-1.18,-1.12,-1.12,
2017-09-20,10,저금리(~2021),-2.43,-2.39,-2.38,-2.38,
2017-09-21,10,저금리(~2021),-3.26,-3.36,-3.41,-3.41,
2017-09-22,10,저금리(~2021),-4.52,-5.33,-5.56,-5.56,
2017-09-25,10,저금리(~2021),-7.49,-7.15,-7.56,-7.56,
2017-09-26,10,저금리(~2021),-7.08,-6.81,-7.16,-7.16,
2017-09-27,10,저금리(~2021),-5.39,-5.02,-5.16,-5.16,
2017-09-28,10,저금리(~2021),-7.09,-7.36,-7.79,-7.79,
2017-09-29,10,저금리(~2021),-7.51,-7.47,-7.93,-7.93,
2017-10-10,10,저금리(~2021),-9.27,-9.2,-9.9,-9.9,
2017-10-11,10,저금리(~2021),-8.45,-8.0,-8.48,-8.48,
2017-10-12,10,저금리(~2021),-5.46,-5.94,-6.07,-6.07,
2017-10-13,10,저금리(~2021),-7.39,-7.68,-8.02,-8.02,
2017-10-16,10,저금리(~2021),-7.19,-6.95,-7.19,-7.19,
2017-10-17,10,저금리(~2021),-4.47,-4.81,-4.86,-4.86,
2017-10-18,10,저금리(~2021),-4.47,-4.93,-4.99,-4.99,
2017-10-19,10,저금리(~2021),-5.51,-5.58,-5.72,-5.72,
2017-10-20,10,저금리(~2021),-5.99,-5.94,-6.11,-6.11,
2017-10-23,10,저금리(~2021),-5.8,-5.39,-5.49,-5.49,
2017-10-24,10,저금리(~2021),-2.01,-2.39,-2.32,-2.32,
2017-10-25,10,저금리(~2021),-3.95,-4.32,-4.34,-4.34,
2017-10-26,10,저금리(~2021),-5.95,-5.69,-5.9,-5.9,
2017-10-27,10,저금리(~2021),-5.34,-5.34,-5.52,-5.52,
2017-10-30,10,저금리(~2021),-9.07,-8.84,-9.41,-9.41,
2017-10-31,10,저금리(~2021),-11.77,-11.98,-13.14,-13.14,
2017-11-01,10,저금리(~2021),-14.18,-15.08,-17.13,-17.13,
2017-11-02,10,저금리(~2021),-15.47,-15.88,-18.23,-18.23,
2017-11-03,10,저금리(~2021),-13.33,-13.02,-14.37,-14.37,
2017-11-06,10,저금리(~2021),-14.78,-15.73,-17.93,-17.93,
2017-11-07,10,저금리(~2021),-15.93,-15.47,-17.57,-17.57,
2017-11-08,10,저금리(~2021),-12.03,-11.93,-12.83,-12.83,
2017-11-09,10,저금리(~2021),-14.95,-14.96,-16.74,-16.74,
2017-11-10,10,저금리(~2021),-11.81,-11.07,-11.58,-11.58,
2017-11-13,10,저금리(~2021),-7.34,-7.73,-7.71,-7.71,
2017-11-14,10,저금리(~2021),-0.72,-0.28,0.33,0.33,
2017-11-15,10,저금리(~2021),0.81,1.83,2.29,2.29,
2017-11-16,10,저금리(~2021),4.13,4.25,4.58,4.58,
2017-11-17,10,저금리(~2021),-0.15,-0.23,0.36,0.36,
2017-11-20,10,저금리(~2021),3.5,4.04,4.37,4.37,
2017-11-21,10,저금리(~2021),5.78,5.72,5.94,5.94,
2017-11-22,10,저금리(~2021),4.68,4.81,5.08,5.08,
2017-11-23,10,저금리(~2021),10.28,10.22,9.7,9.7,
2017-11-24,10,저금리(~2021),9.18,8.58,8.28,8.28,
2017-11-27,10,저금리(~2021),4.93,4.62,4.96,4.96,
2017-11-28,10,저금리(~2021),2.75,2.0,2.39,2.39,
2017-11-29,10,저금리(~2021),2.49,2.59,2.93,2.93,
2017-11-30,10,저금리(~2021),1.73,2.46,2.81,2.81,
2017-12-01,10,저금리(~2021),4.69,4.79,4.89,4.89,
2017-12-04,10,저금리(~2021),4.48,5.07,5.15,5.15,
2017-12-05,10,저금리(~2021),2.37,2.36,2.59,2.59,
2017-12-06,10,저금리(~2021),2.48,2.86,3.08,3.08,
2017-12-07,10,저금리(~2021),2.3,2.79,3.01,3.01,
2017-12-08,10,저금리(~2021),-2.89,-2.99,-2.57,-2.57,
2017-12-11,10,저금리(~2021),-0.85,-0.47,-0.11,-0.11,
2017-12-12,10,저금리(~2021),-7.24,-6.81,-6.64,-6.64,
2017-12-13,10,저금리(~2021),-6.64,-6.2,-5.97,-5.97,
2017-12-14,10,저금리(~2021),-8.99,-8.96,-9.16,-9.16,
2017-12-15,10,저금리(~2021),-9.74,-10.11,-10.52,-10.52,
2017-12-18,10,저금리(~2021),-8.3,-8.69,-8.72,-8.72,
2017-12-19,10,저금리(~2021),-11.81,-12.01,-12.66,-12.66,
2017-12-20,10,저금리(~2021),-15.44,-15.54,-17.33,-17.33,
2017-12-21,10,저금리(~2021),-15.78,-16.01,-18.02,-18.02,
2017-12-22,10,저금리(~2021),-12.49,-12.92,-14.05,-14.05,
2017-12-26,10,저금리(~2021),-15.16,-14.73,-16.36,-16.36,
2017-12-27,10,저금리(~2021),-14.63,-14.71,-16.33,-16.33,
2017-12-28,10,저금리(~2021),-16.82,-16.86,-19.25,-19.25,
2018-01-02,10,저금리(~2021),-15.72,-16.26,-18.42,-18.42,
2018-01-03,10,저금리(~2021),-12.28,-11.99,-12.62,-12.62,
2018-01-04,10,저금리(~2021),-15.64,-15.94,-17.97,-17.97,
2018-01-05,10,저금리(~2021),-9.0,-8.93,-8.9,-8.9,
2018-01-08,10,저금리(~2021),-5.73,-5.68,-5.18,-5.18,
2018-01-09,10,저금리(~2021),-9.77,-11.14,-11.44,-11.44,
2018-01-10,10,저금리(~2021),-9.25,-8.69,-8.42,-8.42,
2018-01-11,10,저금리(~2021),-5.25,-5.23,-4.59,-4.59,
2018-01-12,10,저금리(~2021),-2.04,-2.29,-1.66,-1.66,
2018-01-15,10,저금리(~2021),-0.83,-1.66,-1.05,-1.05,
2018-01-16,10,저금리(~2021),0.18,0.32,0.95,0.95,
2018-01-17,10,저금리(~2021),-0.99,-1.11,-0.55,-0.55,
2018-01-18,10,저금리(~2021),2.0,2.69,3.19,3.19,
2018-01-19,10,저금리(~2021),-1.14,-1.77,-1.36,-1.36,
2018-01-22,10,저금리(~2021),2.95,3.16,3.84,3.84,
2018-01-23,10,저금리(~2021),5.19,6.31,6.53,6.53,
2018-01-24,10,저금리(~2021),10.01,9.94,9.84,9.84,
2018-01-25,10,저금리(~2021),4.38,4.67,5.5,5.5,
2018-01-26,10,저금리(~2021),8.88,9.57,9.73,9.73,
2018-01-29,10,저금리(~2021),11.49,11.83,11.51,11.51,
2018-01-30,10,저금리(~2021),14.01,14.61,13.75,13.75,
2018-01-31,10,저금리(~2021),8.43,7.87,8.52,8.52,
2018-02-01,10,저금리(~2021),2.23,1.32,2.73,2.73,
2018-02-02,10,저금리(~2021),3.72,3.94,5.22,5.22,
2018-02-05,10,저금리(~2021),-2.7,-3.89,-2.89,-2.89,
2018-02-06,10,저금리(~2021),-1.36,-0.86,0.26,0.26,
2018-02-07,10,저금리(~2021),-6.42,-6.95,-6.55,-6.55,
2018-02-08,10,저금리(~2021),-1.63,-2.85,-2.26,-2.26,
2018-02-09,10,저금리(~2021),-4.0,-4.69,-4.3,-4.3,
2018-02-12,10,저금리(~2021),-2.08,-2.52,-1.92,-1.92,
2018-02-13,10,저금리(~2021),-5.82,-6.65,-6.56,-6.56,
2018-02-14,10,저금리(~2021),-0.75,0.0,0.39,0.39,
2018-02-19,10,저금리(~2021),1.31,1.21,1.5,1.5,
2018-02-20,10,저금리(~2021),1.79,1.88,2.18,2.18,
2018-02-21,10,저금리(~2021),1.39,1.7,2.01,2.01,
2018-02-22,10,저금리(~2021),0.0,-1.17,-0.84,-0.84,
2018-02-23,10,저금리(~2021),-2.34,-3.0,-2.66,-2.66,
2018-02-26,10,저금리(~2021),-2.0,-2.04,-1.65,-1.65,
2018-02-27,10,저금리(~2021),-2.17,-2.29,-1.92,-1.92,
2018-02-28,10,저금리(~2021),-4.5,-4.93,-4.79,-4.79,
2018-03-02,10,저금리(~2021),-3.86,-4.42,-4.24,-4.24,
2018-03-05,10,저금리(~2021),-3.79,-4.24,-4.03,-4.03,
2018-03-06,10,저금리(~2021),-3.61,-3.76,-3.53,-3.53,
2018-03-07,10,저금리(~2021),-5.37,-5.42,-5.43,-5.43,
2018-03-08,10,저금리(~2021),-1.37,-1.39,-1.1,-1.1,
2018-03-09,10,저금리(~2021),5.95,6.23,6.51,6.51,
2018-03-12,10,저금리(~2021),4.36,3.78,4.48,4.48,
2018-03-13,10,저금리(~2021),4.35,3.71,4.41,4.41,
2018-03-14,10,저금리(~2021),5.32,4.25,4.91,4.91,
2018-03-15,10,저금리(~2021),2.49,2.9,3.7,3.7,
2018-03-16,10,저금리(~2021),3.04,3.23,4.0,4.0,
2018-03-19,10,저금리(~2021),1.66,1.64,2.45,2.45,
2018-03-20,10,저금리(~2021),3.21,2.83,3.53,3.53,
2018-03-21,10,저금리(~2021),3.37,3.11,3.81,3.81,
2018-03-22,10,저금리(~2021),0.26,-0.64,0.14,0.14,
2018-03-23,10,저금리(~2021),-5.86,-6.41,-6.44,-6.44,
2018-03-26,10,저금리(~2021),-2.47,-1.83,-1.76,-1.76,
2018-03-27,10,저금리(~2021),-2.64,-2.24,-2.18,-2.18,
2018-03-28,10,저금리(~2021),-4.04,-2.97,-2.95,-2.95,
2018-03-29,10,저금리(~2021),0.43,0.07,0.15,0.15,
2018-03-30,10,저금리(~2021),-0.43,-0.9,-0.82,-0.82,
2018-04-02,10,저금리(~2021),-1.55,-1.56,-1.51,-1.51,
2018-04-03,10,저금리(~2021),-1.21,-0.3,-0.23,-0.23,
2018-04-04,10,저금리(~2021),-1.03,-1.27,-1.24,-1.24,
2018-04-05,10,저금리(~2021),1.56,1.96,1.99,1.99,
2018-04-06,10,저금리(~2021),1.3,1.51,1.55,1.55,
2018-04-09,10,저금리(~2021),3.93,4.36,4.27,4.27,
2018-04-10,10,저금리(~2021),5.51,5.98,5.77,5.77,
2018-04-11,10,저금리(~2021),6.05,5.71,5.53,5.53,
2018-04-12,10,저금리(~2021),3.02,2.72,2.79,2.79,
2018-04-13,10,저금리(~2021),2.18,2.05,2.17,2.17,
2018-04-16,10,저금리(~2021),4.81,4.39,4.42,4.42,
2018-04-17,10,저금리(~2021),5.95,5.83,5.75,5.75,
2018-04-18,10,저금리(~2021),5.89,6.47,6.31,6.31,
2018-04-19,10,저금리(~2021),6.73,7.34,7.11,7.11,
2018-04-20,10,저금리(~2021),11.61,13.47,12.38,12.38,
2018-04-23,10,저금리(~2021),5.13,4.64,5.27,5.27,
2018-04-24,10,저금리(~2021),4.06,3.4,4.11,4.11,
2018-04-25,10,저금리(~2021),2.56,2.57,3.35,3.35,
2018-04-26,10,저금리(~2021),6.29,6.68,7.09,7.09,
2018-04-27,10,저금리(~2021),6.73,7.25,7.57,7.57,
2018-04-30,10,저금리(~2021),4.92,4.9,5.44,5.44,
2018-05-02,10,저금리(~2021),2.89,1.92,2.68,2.68,
2018-05-03,10,저금리(~2021),0.16,-0.13,0.68,0.68,
2018-05-04,10,저금리(~2021),-2.23,-2.76,-2.08,-2.08,
2018-05-08,10,저금리(~2021),-6.04,-7.57,-7.7,-7.7,
2018-05-09,10,저금리(~2021),-3.2,-3.1,-3.06,-3.06,
2018-05-10,10,저금리(~2021),-4.46,-4.53,-4.6,-4.6,
2018-05-11,10,저금리(~2021),-3.63,-3.88,-3.9,-3.9,
2018-05-14,10,저금리(~2021),-3.47,-4.04,-4.08,-4.08,
2018-05-15,10,저금리(~2021),-4.07,-4.53,-4.6,-4.6,
2018-05-16,10,저금리(~2021),-4.77,-5.18,-5.32,-5.32,
2018-05-17,10,저금리(~2021),-3.94,-3.62,-3.64,-3.64,
2018-05-18,10,저금리(~2021),-0.98,-1.7,-1.62,-1.62,
2018-05-21,10,저금리(~2021),-1.06,-1.09,-0.99,-0.99,
2018-05-23,10,저금리(~2021),-2.85,-2.85,-2.8,-2.8,
2018-05-24,10,저금리(~2021),0.17,0.11,0.26,0.26,
2018-05-25,10,저금리(~2021),0.92,0.99,1.12,1.12,
2018-05-28,10,저금리(~2021),1.0,0.66,0.8,0.8,
2018-05-29,10,저금리(~2021),0.0,0.21,0.34,0.34,
2018-05-30,10,저금리(~2021),1.5,0.79,0.89,0.89,
2018-05-31,10,저금리(~2021),5.35,4.36,4.38,4.38,
2018-06-01,10,저금리(~2021),8.7,8.04,7.76,7.76,
2018-06-04,10,저금리(~2021),2.97,2.77,3.19,3.19,
2018-06-05,10,저금리(~2021),5.45,4.42,4.76,4.76,
2018-06-07,10,저금리(~2021),5.7,4.2,4.56,4.56,
2018-06-08,10,저금리(~2021),3.13,2.02,2.5,2.5,
2018-06-11,10,저금리(~2021),3.72,2.75,3.2,3.2,
2018-06-12,10,저금리(~2021),4.97,4.89,5.18,5.18,
2018-06-14,10,저금리(~2021),5.56,5.24,5.51,5.51,
2018-06-15,10,저금리(~2021),4.51,4.41,4.77,4.77,
2018-06-18,10,저금리(~2021),4.84,5.24,5.59,5.59,
2018-06-19,10,저금리(~2021),0.38,-0.51,0.04,0.04,
2018-06-20,10,저금리(~2021),4.41,3.78,4.0,4.0,
2018-06-21,10,저금리(~2021),1.72,1.56,1.85,1.85,
2018-06-22,10,저금리(~2021),0.4,1.3,1.62,1.62,
2018-06-25,10,저금리(~2021),1.2,1.14,1.46,1.46,
2018-06-26,10,저금리(~2021),0.96,1.04,1.36,1.36,
2018-06-27,10,저금리(~2021),2.68,2.13,2.46,2.46,
2018-06-28,10,저금리(~2021),-1.39,-1.6,-1.25,-1.25,
2018-06-29,10,저금리(~2021),-1.1,-1.1,-0.76,-0.76,
2018-07-02,10,저금리(~2021),-4.16,-4.26,-4.24,-4.24,
2018-07-03,10,저금리(~2021),-1.53,-0.89,-0.72,-0.72,
2018-07-04,10,저금리(~2021),-0.31,0.1,0.29,0.29,
2018-07-05,10,저금리(~2021),1.62,2.45,2.63,2.63,
2018-07-06,10,저금리(~2021),5.29,5.06,5.01,5.01,
2018-07-09,10,저금리(~2021),10.74,10.77,10.11,10.11,
2018-07-10,10,저금리(~2021),10.73,11.05,10.34,10.34,
2018-07-11,10,저금리(~2021),10.38,10.23,9.65,9.65,
2018-07-12,10,저금리(~2021),9.5,9.6,9.15,9.15,
2018-07-13,10,저금리(~2021),10.07,10.17,9.61,9.61,
2018-07-16,10,저금리(~2021),11.21,11.17,10.44,10.44,
2018-07-17,10,저금리(~2021),7.86,7.36,7.29,7.29,
2018-07-18,10,저금리(~2021),3.46,4.07,4.38,4.38,
2018-07-19,10,저금리(~2021),3.94,3.43,3.76,3.76,
2018-07-20,10,저금리(~2021),1.58,1.35,1.81,1.81,
2018-07-23,10,저금리(~2021),-1.78,-1.48,-1.2,-1.2,
2018-07-24,10,저금리(~2021),-2.85,-3.29,-3.09,-3.09,
2018-07-25,10,저금리(~2021),-4.74,-4.46,-4.38,-4.38,
2018-07-26,10,저금리(~2021),-3.23,-3.51,-3.39,-3.39,
2018-07-27,10,저금리(~2021),-2.09,-1.57,-1.34,-1.34,
2018-07-30,10,저금리(~2021),0.28,-0.31,-0.01,-0.01,
2018-07-31,10,저금리(~2021),0.87,1.37,1.61,1.61,
2018-08-01,10,저금리(~2021),4.17,3.61,3.69,3.69,
2018-08-02,10,저금리(~2021),-0.22,-0.12,0.11,0.11,
2018-08-03,10,저금리(~2021),1.92,2.46,2.61,2.61,
2018-08-06,10,저금리(~2021),-3.27,-3.05,-2.83,-2.83,
2018-08-07,10,저금리(~2021),-1.47,-1.08,-0.79,-0.79,
2018-08-08,10,저금리(~2021),-2.78,-2.74,-2.49,-2.49,
2018-08-09,10,저금리(~2021),-2.96,-2.69,-2.44,-2.44,
2018-08-10,10,저금리(~2021),-4.64,-4.88,-4.8,-4.8,
2018-08-13,10,저금리(~2021),-7.29,-6.35,-6.51,-6.51,
2018-08-14,10,저금리(~2021),-7.15,-7.05,-7.31,-7.31,
2018-08-16,10,저금리(~2021),-7.29,-7.32,-7.63,-7.63,
2018-08-17,10,저금리(~2021),-7.59,-7.58,-7.91,-7.91,
2018-08-20,10,저금리(~2021),-8.12,-8.36,-8.84,-8.84,
2018-08-21,10,저금리(~2021),-6.46,-6.64,-6.94,-6.94,
2018-08-22,10,저금리(~2021),-5.58,-5.61,-5.74,-5.74,
2018-08-23,10,저금리(~2021),-3.91,-3.97,-3.94,-3.94,
2018-08-24,10,저금리(~2021),-2.67,-2.63,-2.54,-2.54,
2018-08-27,10,저금리(~2021),-1.7,-1.51,-1.38,-1.38,
2018-08-28,10,저금리(~2021),-3.82,-4.05,-4.06,-4.06,
2018-08-29,10,저금리(~2021),-4.08,-4.56,-4.61,-4.61,
2018-08-30,10,저금리(~2021),-4.62,-4.36,-4.38,-4.38,
2018-08-31,10,저금리(~2021),-3.48,-3.53,-3.52,-3.52,
2018-09-03,10,저금리(~2021),-3.08,-2.74,-2.67,-2.67,
2018-09-04,10,저금리(~2021),-2.01,-1.86,-1.78,-1.78,
2018-09-05,10,저금리(~2021),-3.7,-3.45,-3.49,-3.49,
2018-09-06,10,저금리(~2021),-3.21,-2.71,-2.68,-2.68,
2018-09-07,10,저금리(~2021),-3.53,-3.55,-3.57,-3.57,
2018-09-10,10,저금리(~2021),-4.63,-4.8,-4.92,-4.92,
2018-09-11,10,저금리(~2021),-2.06,-1.97,-1.88,-1.88,
2018-09-12,10,저금리(~2021),-0.24,0.02,0.12,0.12,
2018-09-13,10,저금리(~2021),3.88,3.89,3.98,3.98,
2018-09-14,10,저금리(~2021),5.89,6.1,5.98,5.98,
2018-09-17,10,저금리(~2021),7.49,7.21,6.97,6.97,
2018-09-18,10,저금리(~2021),9.5,9.53,8.95,8.95,
2018-09-19,10,저금리(~2021),10.97,10.77,9.99,9.99,
2018-09-20,10,저금리(~2021),14.39,14.07,12.74,12.74,
2018-09-21,10,저금리(~2021),10.33,10.46,10.02,10.02,
2018-09-27,10,저금리(~2021),14.9,14.53,13.25,13.25,
2018-09-28,10,저금리(~2021),11.35,11.37,10.78,10.78,
2018-10-01,10,저금리(~2021),9.42,9.27,9.09,9.09,
2018-10-02,10,저금리(~2021),7.62,7.22,7.24,7.24,
2018-10-04,10,저금리(~2021),4.64,4.17,4.56,4.56,
2018-10-05,10,저금리(~2021),1.67,1.53,2.05,2.05,
2018-10-08,10,저금리(~2021),3.96,3.63,4.13,4.13,
2018-10-10,10,저금리(~2021),5.16,4.96,5.39,5.39,
2018-10-11,10,저금리(~2021),1.98,2.21,2.69,2.69,
2018-10-12,10,저금리(~2021),9.73,10.29,9.8,9.8,
2018-10-15,10,저금리(~2021),9.74,10.86,10.29,10.29,
2018-10-16,10,저금리(~2021),9.24,9.55,9.25,9.25,
2018-10-17,10,저금리(~2021),12.44,12.58,11.69,11.69,
2018-10-18,10,저금리(~2021),10.4,10.37,9.89,9.89,
2018-10-19,10,저금리(~2021),6.06,6.45,6.82,6.82,
2018-10-22,10,저금리(~2021),6.78,6.47,6.84,6.84,
2018-10-23,10,저금리(~2021),3.45,3.23,3.81,3.81,
2018-10-24,10,저금리(~2021),2.52,2.65,3.23,3.23,
2018-10-25,10,저금리(~2021),0.14,-0.61,0.08,0.08,
2018-10-26,10,저금리(~2021),-1.07,-1.44,-0.83,-0.83,
2018-10-29,10,저금리(~2021),-0.52,-1.27,-0.65,-0.65,
2018-10-30,10,저금리(~2021),1.33,1.32,1.87,1.87,
2018-10-31,10,저금리(~2021),-0.46,-0.73,-0.16,-0.16,
2018-11-01,10,저금리(~2021),-3.27,-3.47,-2.92,-2.92,
2018-11-02,10,저금리(~2021),1.53,1.03,1.37,1.37,
2018-11-05,10,저금리(~2021),-0.84,-0.44,-0.05,-0.05,
2018-11-06,10,저금리(~2021),1.46,1.63,2.05,2.05,
2018-11-07,10,저금리(~2021),-1.37,-1.85,-1.46,-1.46,
2018-11-08,10,저금리(~2021),-0.14,0.56,0.94,0.94,
2018-11-09,10,저금리(~2021),-0.48,-0.99,-0.67,-0.67,
2018-11-12,10,저금리(~2021),-6.17,-6.35,-6.46,-6.46,
2018-11-13,10,저금리(~2021),-6.44,-7.02,-7.23,-7.23,
2018-11-14,10,저금리(~2021),-6.31,-5.77,-5.81,-5.81,
2018-11-15,10,저금리(~2021),-2.17,-1.9,-1.7,-1.7,
2018-11-16,10,저금리(~2021),-1.23,-1.24,-1.03,-1.03,
2018-11-19,10,저금리(~2021),-2.18,-1.93,-1.71,-1.71,
2018-11-20,10,저금리(~2021),-3.77,-3.54,-3.46,-3.46,
2018-11-21,10,저금리(~2021),-1.39,-0.85,-0.65,-0.65,
2018-11-22,10,저금리(~2021),1.94,1.78,2.06,2.06,
2018-11-23,10,저금리(~2021),-1.3,-1.26,-0.95,-0.95,
2018-11-26,10,저금리(~2021),3.36,3.37,3.56,3.56,
2018-11-27,10,저금리(~2021),5.41,5.73,5.74,5.74,
2018-11-28,10,저금리(~2021),1.89,1.62,2.04,2.04,
2018-11-29,10,저금리(~2021),0.35,0.77,1.2,1.2,
2018-11-30,10,저금리(~2021),3.75,4.39,4.71,4.71,
2018-12-03,10,저금리(~2021),7.62,7.99,7.82,7.82,
2018-12-04,10,저금리(~2021),7.05,7.55,7.44,7.44,
2018-12-05,10,저금리(~2021),2.81,3.04,3.45,3.45,
2018-12-06,10,저금리(~2021),0.07,0.39,0.79,0.79,
2018-12-07,10,저금리(~2021),0.35,1.02,1.39,1.39,
2018-12-10,10,저금리(~2021),-1.35,-0.56,-0.22,-0.22,
2018-12-11,10,저금리(~2021),-3.53,-3.63,-3.42,-3.42,
2018-12-12,10,저금리(~2021),-0.21,0.37,0.59,0.59,
2018-12-13,10,저금리(~2021),-0.21,0.04,0.26,0.26,
2018-12-14,10,저금리(~2021),-1.2,-1.16,-1.01,-1.01,
2018-12-17,10,저금리(~2021),1.2,0.75,0.96,0.96,
2018-12-18,10,저금리(~2021),-0.93,-1.27,-1.03,-1.03,
2018-12-19,10,저금리(~2021),0.89,0.49,0.67,0.67,
2018-12-20,10,저금리(~2021),1.22,0.99,1.17,1.17,
2018-12-21,10,저금리(~2021),1.38,1.12,1.3,1.3,
2018-12-24,10,저금리(~2021),0.41,0.17,0.37,0.37,
2018-12-26,10,저금리(~2021),1.04,1.1,1.26,1.26,
2018-12-27,10,저금리(~2021),2.35,2.31,2.46,2.46,
2018-12-28,10,저금리(~2021),1.24,1.09,1.29,1.29,
2019-01-02,10,저금리(~2021),-0.41,-0.47,-0.28,-0.28,
2019-01-03,10,저금리(~2021),-1.45,-1.51,-1.39,-1.39,
2019-01-04,10,저금리(~2021),-1.48,-1.44,-1.32,-1.32,
2019-01-07,10,저금리(~2021),0.14,0.46,0.6,0.6,
2019-01-08,10,저금리(~2021),-0.81,-0.36,-0.24,-0.24,
2019-01-09,10,저금리(~2021),0.68,1.01,1.11,1.11,
2019-01-10,10,저금리(~2021),-0.34,-0.18,-0.04,-0.04,
2019-01-11,10,저금리(~2021),-1.3,-0.86,-0.72,-0.72,
2019-01-14,10,저금리(~2021),-3.37,-3.61,-3.62,-3.62,
2019-01-15,10,저금리(~2021),-2.25,-2.09,-2.02,-2.02,
2019-01-16,10,저금리(~2021),-3.27,-3.29,-3.28,-3.28,
2019-01-17,10,저금리(~2021),-5.36,-5.22,-5.4,-5.4,
2019-01-18,10,저금리(~2021),-3.75,-3.87,-3.94,-3.94,
2019-01-21,10,저금리(~2021),-6.36,-6.38,-6.71,-6.71,
2019-01-22,10,저금리(~2021),-6.09,-6.29,-6.6,-6.6,
2019-01-23,10,저금리(~2021),-7.42,-7.88,-8.42,-8.42,
2019-01-24,10,저금리(~2021),-5.28,-5.43,-5.64,-5.64,
2019-01-25,10,저금리(~2021),-5.68,-6.11,-6.38,-6.38,
2019-01-28,10,저금리(~2021),-5.02,-4.83,-4.95,-4.95,
2019-01-29,10,저금리(~2021),-4.54,-4.49,-4.58,-4.58,
2019-01-30,10,저금리(~2021),-4.78,-4.95,-5.07,-5.07,
2019-01-31,10,저금리(~2021),-4.74,-4.94,-5.06,-5.06,
2019-02-01,10,저금리(~2021),-5.1,-5.24,-5.39,-5.39,
2019-02-07,10,저금리(~2021),-2.53,-2.58,-2.54,-2.54,
2019-02-08,10,저금리(~2021),-2.45,-2.49,-2.44,-2.44,
2019-02-11,10,저금리(~2021),-2.33,-2.46,-2.41,-2.41,
2019-02-12,10,저금리(~2021),-2.68,-2.71,-2.68,-2.68,
2019-02-13,10,저금리(~2021),-2.06,-1.96,-1.91,-1.91,
2019-02-14,10,저금리(~2021),0.0,-0.05,0.08,0.08,
2019-02-15,10,저금리(~2021),-3.44,-3.7,-3.61,-3.61,
2019-02-18,10,저금리(~2021),-2.29,-2.06,-1.91,-1.91,
2019-02-19,10,저금리(~2021),-0.59,-0.97,-0.78,-0.78,
2019-02-20,10,저금리(~2021),1.87,2.24,2.44,2.44,
2019-02-21,10,저금리(~2021),1.34,1.15,1.39,1.39,
2019-02-22,10,저금리(~2021),-0.37,-0.98,-0.71,-0.71,
2019-02-25,10,저금리(~2021),-2.16,-2.13,-1.85,-1.85,
2019-02-26,10,저금리(~2021),-2.3,-2.69,-2.44,-2.44,
2019-02-27,10,저금리(~2021),-0.45,-0.81,-0.51,-0.51,
2019-02-28,10,저금리(~2021),-1.18,-1.74,-1.49,-1.49,
2019-03-04,10,저금리(~2021),1.44,0.83,1.01,1.01,
2019-03-05,10,저금리(~2021),2.65,2.12,2.28,2.28,
2019-03-06,10,저금리(~2021),1.2,1.25,1.44,1.44,
2019-03-07,10,저금리(~2021),0.44,0.06,0.21,0.21,
2019-03-08,10,저금리(~2021),0.15,-0.0,0.16,0.16,
2019-03-11,10,저금리(~2021),4.15,4.28,4.3,4.3,
2019-03-12,10,저금리(~2021),5.72,5.45,5.32,5.32,
2019-03-13,10,저금리(~2021),7.0,7.02,6.73,6.73,
2019-03-14,10,저금리(~2021),7.31,7.41,7.08,7.08,
2019-03-15,10,저금리(~2021),3.49,3.83,3.9,3.9,
2019-03-18,10,저금리(~2021),3.51,3.68,3.77,3.77,
2019-03-19,10,저금리(~2021),1.84,1.77,1.93,1.93,
2019-03-20,10,저금리(~2021),0.3,0.37,0.59,0.59,
2019-03-21,10,저금리(~2021),-0.73,-0.69,-0.49,-0.49,
2019-03-22,10,저금리(~2021),0.15,0.15,0.36,0.36,
2019-03-25,10,저금리(~2021),-2.21,-2.15,-2.05,-2.05,
2019-03-26,10,저금리(~2021),-1.3,-1.28,-1.17,-1.17,
2019-03-27,10,저금리(~2021),-3.2,-3.25,-3.26,-3.26,
2019-03-28,10,저금리(~2021),-5.06,-5.11,-5.28,-5.28,
2019-03-29,10,저금리(~2021),-2.8,-3.0,-3.04,-3.04,
2019-04-01,10,저금리(~2021),-2.31,-2.34,-2.34,-2.34,
2019-04-02,10,저금리(~2021),-2.17,-1.89,-1.88,-1.88,
2019-04-03,10,저금리(~2021),-0.37,-0.3,-0.29,-0.29,
2019-04-04,10,저금리(~2021),1.76,1.47,1.51,1.51,
2019-04-05,10,저금리(~2021),-0.44,-0.57,-0.5,-0.5,
2019-04-08,10,저금리(~2021),-0.8,-1.0,-0.94,-0.94,
2019-04-09,10,저금리(~2021),-0.29,-0.08,-0.01,-0.01,
2019-04-10,10,저금리(~2021),0.88,0.87,0.93,0.93,
2019-04-11,10,저금리(~2021),2.44,2.7,2.7,2.7,
2019-04-12,10,저금리(~2021),3.55,3.77,3.72,3.72,
2019-04-15,10,저금리(~2021),1.77,1.84,1.92,1.92,
2019-04-16,10,저금리(~2021),1.77,1.38,1.48,1.48,
2019-04-17,10,저금리(~2021),1.55,1.38,1.48,1.48,
2019-04-18,10,저금리(~2021),-0.72,-0.4,-0.32,-0.32,
2019-04-19,10,저금리(~2021),2.2,2.65,2.67,2.67,
2019-04-22,10,저금리(~2021),3.74,4.09,4.03,4.03,
2019-04-23,10,저금리(~2021),6.52,6.49,6.25,6.25,
2019-04-24,10,저금리(~2021),6.12,5.97,5.8,5.8,
2019-04-25,10,저금리(~2021),8.09,7.97,7.61,7.61,
2019-04-26,10,저금리(~2021),6.78,6.53,6.35,6.35,
2019-04-29,10,저금리(~2021),5.37,5.22,5.24,5.24,
2019-04-30,10,저금리(~2021),7.41,7.4,7.19,7.19,
2019-05-02,10,저금리(~2021),8.44,8.52,8.15,8.15,
2019-05-03,10,저금리(~2021),10.55,10.24,9.62,9.62,
2019-05-07,10,저금리(~2021),8.82,8.18,7.87,7.87,
2019-05-08,10,저금리(~2021),7.0,6.75,6.62,6.62,
2019-05-09,10,저금리(~2021),6.13,5.83,5.78,5.78,
2019-05-10,10,저금리(~2021),6.86,6.89,6.72,6.72,
2019-05-13,10,저금리(~2021),4.07,3.94,3.99,3.99,
2019-05-14,10,저금리(~2021),1.74,1.41,1.66,1.66,
2019-05-15,10,저금리(~2021),7.16,7.18,6.93,6.93,
2019-05-16,10,저금리(~2021),5.27,5.43,5.36,5.36,
2019-05-17,10,저금리(~2021),3.15,3.01,3.14,3.14,
2019-05-20,10,저금리(~2021),0.59,0.62,0.81,0.81,
2019-05-21,10,저금리(~2021),0.59,0.74,0.93,0.93,
2019-05-22,10,저금리(~2021),0.33,-0.06,0.15,0.15,
2019-05-23,10,저금리(~2021),-2.14,-2.05,-1.92,-1.92,
2019-05-24,10,저금리(~2021),-3.66,-3.74,-3.71,-3.71,
2019-05-27,10,저금리(~2021),-4.94,-4.94,-5.01,-5.01,
2019-05-28,10,저금리(~2021),-1.77,-1.39,-1.29,-1.29,
2019-05-29,10,저금리(~2021),-4.43,-4.87,-5.04,-5.04,
2019-05-30,10,저금리(~2021),-2.95,-3.96,-4.04,-4.04,
2019-05-31,10,저금리(~2021),-1.11,-2.16,-2.15,-2.15,
2019-06-03,10,저금리(~2021),0.59,-0.45,-0.37,-0.37,
2019-06-04,10,저금리(~2021),-0.07,-1.37,-1.3,-1.3,
2019-06-05,10,저금리(~2021),-1.05,-1.92,-1.86,-1.86,
2019-06-07,10,저금리(~2021),0.6,-0.52,-0.41,-0.41,
2019-06-10,10,저금리(~2021),1.93,0.86,0.96,0.96,
2019-06-11,10,저금리(~2021),3.98,2.68,2.71,2.71,
2019-06-12,10,저금리(~2021),3.21,1.94,2.0,2.0,
2019-06-13,10,저금리(~2021),6.92,6.47,6.26,6.26,
2019-06-14,10,저금리(~2021),7.74,7.87,7.51,7.51,
2019-06-17,10,저금리(~2021),4.01,3.96,4.13,4.13,
2019-06-18,10,저금리(~2021),3.9,3.49,3.68,3.68,
2019-06-19,10,저금리(~2021),4.85,5.02,5.07,5.07,
2019-06-20,10,저금리(~2021),7.19,7.15,6.95,6.95,
2019-06-21,10,저금리(~2021),4.87,4.81,4.87,4.87,
2019-06-24,10,저금리(~2021),7.72,7.54,7.38,7.38,
2019-06-25,10,저금리(~2021),9.35,9.33,8.94,8.94,
2019-06-26,10,저금리(~2021),8.23,7.91,7.75,7.75,
2019-06-27,10,저금리(~2021),3.27,2.83,3.11,3.11,
2019-06-28,10,저금리(~2021),0.74,0.38,0.69,0.69,
2019-07-01,10,저금리(~2021),4.43,4.81,4.81,4.81,
2019-07-02,10,저금리(~2021),2.88,3.03,3.17,3.17,
2019-07-03,10,저금리(~2021),4.0,4.22,4.29,4.29,
2019-07-04,10,저금리(~2021),3.73,3.78,3.89,3.89,
2019-07-05,10,저금리(~2021),2.64,2.31,2.56,2.56,
2019-07-08,10,저금리(~2021),-0.67,-0.41,-0.21,-0.21,
2019-07-09,10,저금리(~2021),-1.96,-2.09,-1.98,-1.98,
2019-07-10,10,저금리(~2021),-0.18,-0.24,-0.09,-0.09,
2019-07-11,10,저금리(~2021),2.43,2.46,2.53,2.53,
2019-07-12,10,저금리(~2021),3.78,3.87,3.86,3.86,
2019-07-15,10,저금리(~2021),6.6,6.05,5.93,5.93,
2019-07-16,10,저금리(~2021),6.51,6.63,6.44,6.44,
2019-07-17,10,저금리(~2021),4.57,4.04,4.09,4.09,
2019-07-18,10,저금리(~2021),5.39,5.5,5.44,5.44,
2019-07-19,10,저금리(~2021),12.0,12.32,11.26,11.26,
2019-07-22,10,저금리(~2021),21.21,22.0,19.0,19.0,
2019-07-23,10,저금리(~2021),22.29,22.57,19.38,19.38,
2019-07-24,10,저금리(~2021),18.36,18.39,16.58,16.58,
2019-07-25,10,저금리(~2021),13.07,13.38,12.97,12.97,
2019-07-26,10,저금리(~2021),12.28,12.01,11.89,11.89,
2019-07-29,10,저금리(~2021),8.52,8.34,8.81,8.81,
2019-07-30,10,저금리(~2021),10.45,10.29,10.44,10.44,
2019-07-31,10,저금리(~2021),9.09,9.23,9.6,9.6,
2019-08-01,10,저금리(~2021),8.41,8.17,8.69,8.69,
2019-08-02,10,저금리(~2021),3.61,3.18,4.15,4.15,
2019-08-05,10,저금리(~2021),-6.91,-7.36,-7.64,-7.64,
2019-08-06,10,저금리(~2021),-10.3,-10.44,-11.29,-11.29,
2019-08-07,10,저금리(~2021),-7.6,-7.57,-7.91,-7.91,
2019-08-08,10,저금리(~2021),-3.42,-3.61,-3.57,-3.57,
2019-08-09,10,저금리(~2021),1.2,1.07,1.46,1.46,
2019-08-12,10,저금리(~2021),0.31,0.08,0.49,0.49,
2019-08-13,10,저금리(~2021),-5.07,-4.69,-4.38,-4.38,
2019-08-14,10,저금리(~2021),-2.74,-2.63,-2.21,-2.21,
2019-08-16,10,저금리(~2021),-5.08,-5.0,-4.73,-4.73,
2019-08-19,10,저금리(~2021),-6.59,-6.18,-6.01,-6.01,
2019-08-20,10,저금리(~2021),-3.52,-3.92,-3.54,-3.54,
2019-08-21,10,저금리(~2021),-3.37,-3.26,-2.87,-2.87,
2019-08-22,10,저금리(~2021),-4.66,-4.76,-4.48,-4.48,
2019-08-23,10,저금리(~2021),-5.17,-5.39,-5.18,-5.18,
2019-08-26,10,저금리(~2021),-9.2,-8.95,-9.55,-9.55,
2019-08-27,10,저금리(~2021),-7.52,-7.06,-7.32,-7.32,
2019-08-28,10,저금리(~2021),-5.34,-5.91,-6.08,-6.08,
2019-08-29,10,저금리(~2021),-7.59,-8.21,-8.69,-8.69,
2019-08-30,10,저금리(~2021),-6.52,-7.08,-7.4,-7.4,
2019-09-02,10,저금리(~2021),-4.01,-4.39,-4.42,-4.42,
2019-09-03,10,저금리(~2021),-4.49,-4.87,-4.95,-4.95,
2019-09-04,10,저금리(~2021),-3.09,-3.82,-3.83,-3.83,
2019-09-05,10,저금리(~2021),-1.61,-1.85,-1.75,-1.75,
2019-09-06,10,저금리(~2021),1.55,0.88,1.1,1.1,
2019-09-09,10,저금리(~2021),2.33,1.73,1.95,1.95,
2019-09-10,10,저금리(~2021),-0.06,-0.83,-0.56,-0.56,
2019-09-11,10,저금리(~2021),2.47,2.25,2.42,2.42,
2019-09-16,10,저금리(~2021),4.87,5.04,4.97,4.97,
2019-09-17,10,저금리(~2021),2.36,2.46,2.67,2.67,
2019-09-18,10,저금리(~2021),3.76,3.79,3.95,3.95,
2019-09-19,10,저금리(~2021),3.41,3.56,3.74,3.74,
2019-09-20,10,저금리(~2021),-0.18,0.25,0.7,0.7,
2019-09-23,10,저금리(~2021),-2.05,-2.25,-1.84,-1.84,
2019-09-24,10,저금리(~2021),-5.03,-4.37,-4.19,-4.19,
2019-09-25,10,저금리(~2021),-5.9,-6.0,-6.02,-6.02,
2019-09-26,10,저금리(~2021),-6.49,-6.42,-6.48,-6.48,
2019-09-27,10,저금리(~2021),-7.86,-7.87,-8.16,-8.16,
2019-09-30,10,저금리(~2021),-9.0,-9.17,-9.71,-9.71,
2019-10-01,10,저금리(~2021),-5.14,-5.09,-5.07,-5.07,
2019-10-02,10,저금리(~2021),-5.95,-6.41,-6.59,-6.59,
2019-10-04,10,저금리(~2021),-7.62,-8.05,-8.45,-8.45,
2019-10-07,10,저금리(~2021),-6.32,-6.84,-7.12,-7.12,
2019-10-08,10,저금리(~2021),-8.06,-8.38,-8.85,-8.85,
2019-10-10,10,저금리(~2021),-7.85,-8.13,-8.54,-8.54,
2019-10-11,10,저금리(~2021),-5.91,-5.54,-5.48,-5.48,
2019-10-14,10,저금리(~2021),-3.74,-3.91,-3.73,-3.73,
2019-10-15,10,저금리(~2021),-4.33,-4.42,-4.27,-4.27,
2019-10-16,10,저금리(~2021),-3.13,-3.16,-2.93,-2.93,
2019-10-17,10,저금리(~2021),-4.44,-4.79,-4.7,-4.7,
2019-10-18,10,저금리(~2021),-6.15,-5.99,-6.03,-6.03,
2019-10-21,10,저금리(~2021),-5.23,-5.16,-5.14,-5.14,
2019-10-22,10,저금리(~2021),-3.91,-3.72,-3.61,-3.61,
2019-10-23,10,저금리(~2021),0.58,1.2,1.36,1.36,
2019-10-24,10,저금리(~2021),0.58,0.68,0.84,0.84,
2019-10-25,10,저금리(~2021),-1.82,-2.05,-2.01,-2.01,
2019-10-28,10,저금리(~2021),-0.75,-0.5,-0.4,-0.4,
2019-10-29,10,저금리(~2021),-0.32,-0.18,-0.09,-0.09,
2019-10-30,10,저금리(~2021),0.76,0.64,0.74,0.74,
2019-10-31,10,저금리(~2021),0.7,0.69,0.79,0.79,
2019-11-01,10,저금리(~2021),-0.13,0.01,0.13,0.13,
2019-11-04,10,저금리(~2021),1.17,1.31,1.39,1.39,
2019-11-05,10,저금리(~2021),4.27,4.27,4.23,4.23,
2019-11-06,10,저금리(~2021),5.29,4.91,4.83,4.83,
2019-11-07,10,저금리(~2021),6.8,6.2,6.02,6.02,
2019-11-08,10,저금리(~2021),6.85,6.65,6.42,6.42,
2019-11-11,10,저금리(~2021),2.65,2.53,2.71,2.71,
2019-11-12,10,저금리(~2021),3.19,2.71,2.88,2.88,
2019-11-13,10,저금리(~2021),2.27,2.33,2.51,2.51,
2019-11-14,10,저금리(~2021),4.68,4.97,5.01,5.01,
2019-11-15,10,저금리(~2021),8.04,8.09,7.75,7.75,
2019-11-18,10,저금리(~2021),6.74,6.32,6.24,6.24,
2019-11-19,10,저금리(~2021),6.36,6.74,6.62,6.62,
2019-11-20,10,저금리(~2021),3.99,4.36,4.44,4.44,
2019-11-21,10,저금리(~2021),2.88,3.3,3.43,3.43,
2019-11-22,10,저금리(~2021),0.54,0.87,1.13,1.13,
2019-11-25,10,저금리(~2021),3.33,3.7,3.76,3.76,
2019-11-26,10,저금리(~2021),4.33,4.97,4.92,4.92,
2019-11-27,10,저금리(~2021),4.0,4.28,4.29,4.29,
2019-11-28,10,저금리(~2021),-0.36,-0.82,-0.6,-0.6,
2019-11-29,10,저금리(~2021),-2.8,-3.68,-3.59,-3.59,
2019-12-02,10,저금리(~2021),-1.38,-1.36,-1.17,-1.17,
2019-12-03,10,저금리(~2021),-4.56,-5.54,-5.66,-5.66,
2019-12-04,10,저금리(~2021),-4.25,-5.13,-5.2,-5.2,
2019-12-05,10,저금리(~2021),-5.61,-6.39,-6.62,-6.62,
2019-12-06,10,저금리(~2021),-4.23,-5.07,-5.18,-5.18,
2019-12-09,10,저금리(~2021),-5.13,-5.77,-5.95,-5.95,
2019-12-10,10,저금리(~2021),-3.98,-4.54,-4.56,-4.56,
2019-12-11,10,저금리(~2021),-6.69,-7.56,-7.87,-7.87,
2019-12-12,10,저금리(~2021),-6.18,-6.57,-6.79,-6.79,
2019-12-13,10,저금리(~2021),-6.8,-6.61,-6.83,-6.83,
2019-12-16,10,저금리(~2021),-7.26,-7.42,-7.77,-7.77,
2019-12-17,10,저금리(~2021),-4.22,-4.18,-4.14,-4.14,
2019-12-18,10,저금리(~2021),-1.97,-1.74,-1.47,-1.47,
2019-12-19,10,저금리(~2021),-3.59,-3.83,-3.6,-3.6,
2019-12-20,10,저금리(~2021),0.31,0.45,0.96,0.96,
2019-12-23,10,저금리(~2021),-3.33,-3.43,-2.81,-2.81,
2019-12-24,10,저금리(~2021),-5.75,-6.49,-6.19,-6.19,
2019-12-26,10,저금리(~2021),-3.87,-3.8,-3.3,-3.3,
2019-12-27,10,저금리(~2021),-1.81,-1.52,-0.94,-0.94,
2019-12-30,10,저금리(~2021),0.2,-0.1,0.47,0.47,
2020-01-02,10,저금리(~2021),-0.85,-1.1,-0.53,-0.53,
2020-01-03,10,저금리(~2021),-2.33,-2.21,-1.69,-1.69,
2020-01-06,10,저금리(~2021),-4.4,-4.52,-4.24,-4.24,
2020-01-07,10,저금리(~2021),-0.9,-0.75,-0.34,-0.34,
2020-01-08,10,저금리(~2021),-6.33,-6.85,-7.01,-7.01,
2020-01-09,10,저금리(~2021),-0.91,-0.81,-0.67,-0.67,
2020-01-10,10,저금리(~2021),3.8,4.25,4.32,4.32,
2020-01-13,10,저금리(~2021),3.23,3.01,3.18,3.18,
2020-01-14,10,저금리(~2021),5.2,5.03,5.1,5.1,
2020-01-15,10,저금리(~2021),6.62,6.51,6.44,6.44,
2020-01-16,10,저금리(~2021),6.23,6.07,6.06,6.06,
2020-01-17,10,저금리(~2021),4.04,3.66,3.91,3.91,
2020-01-20,10,저금리(~2021),3.42,3.01,3.3,3.3,
2020-01-21,10,저금리(~2021),-0.32,-0.2,0.22,0.22,
2020-01-22,10,저금리(~2021),2.05,2.64,2.92,2.92,
2020-01-23,10,저금리(~2021),0.33,-0.02,0.31,0.31,
2020-01-28,10,저금리(~2021),-4.36,-4.23,-4.19,-4.19,
2020-01-29,10,저금리(~2021),-3.64,-3.14,-3.03,-3.03,
2020-01-30,10,저금리(~2021),-5.69,-5.46,-5.64,-5.64,
2020-01-31,10,저금리(~2021),-7.01,-6.93,-7.32,-7.32,
2020-02-03,10,저금리(~2021),-6.05,-5.99,-6.26,-6.26,
2020-02-04,10,저금리(~2021),-2.61,-2.32,-2.28,-2.28,
2020-02-05,10,저금리(~2021),-3.11,-2.94,-2.93,-2.93,
2020-02-06,10,저금리(~2021),-0.26,-0.33,-0.27,-0.27,
2020-02-07,10,저금리(~2021),2.14,2.16,2.25,2.25,
2020-02-10,10,저금리(~2021),7.12,7.24,7.01,7.01,
2020-02-11,10,저금리(~2021),4.29,4.42,4.61,4.61,
2020-02-12,10,저금리(~2021),4.64,4.46,4.65,4.65,
2020-02-13,10,저금리(~2021),6.43,5.99,6.05,6.05,
2020-02-14,10,저금리(~2021),10.12,10.08,9.66,9.66,
2020-02-17,10,저금리(~2021),7.18,7.72,7.74,7.74,
2020-02-18,10,저금리(~2021),6.02,5.86,6.08,6.08,
2020-02-19,10,저금리(~2021),4.52,4.97,5.3,5.3,
2020-02-20,10,저금리(~2021),2.41,2.69,3.22,3.22,
2020-02-21,10,저금리(~2021),0.89,1.07,1.61,1.61,
2020-02-24,10,저금리(~2021),0.67,1.07,1.6,1.6,
2020-02-25,10,저금리(~2021),2.47,2.22,2.65,2.65,
2020-02-26,10,저금리(~2021),7.23,7.21,7.38,7.38,
2020-02-27,10,저금리(~2021),9.47,11.01,10.77,10.77,
2020-02-28,10,저금리(~2021),11.41,11.95,11.57,11.57,
2020-03-02,10,저금리(~2021),19.03,18.22,16.28,16.28,
2020-03-03,10,저금리(~2021),13.08,12.33,12.11,12.11,
2020-03-04,10,저금리(~2021),22.46,22.14,19.56,19.56,
2020-03-05,10,저금리(~2021),34.92,35.93,28.38,28.38,
2020-03-06,10,저금리(~2021),20.59,21.84,20.78,20.78,
2020-03-09,10,저금리(~2021),23.52,24.04,22.32,22.32,
2020-03-10,10,저금리(~2021),13.35,13.27,15.89,15.89,
2020-03-11,10,저금리(~2021),4.44,4.7,8.9,8.9,
2020-03-12,10,저금리(~2021),0.51,-1.47,2.95,2.95,
2020-03-13,10,저금리(~2021),-6.36,-7.11,-3.14,-3.14,
2020-03-16,10,저금리(~2021),-12.03,-10.5,-7.11,-7.11,
2020-03-17,10,저금리(~2021),-13.04,-11.89,-8.62,-8.62,
2020-03-18,10,저금리(~2021),-15.01,-14.3,-12.07,-12.07,
2020-03-19,10,저금리(~2021),-24.66,-25.07,-29.15,-29.15,
2020-03-20,10,저금리(~2021),-16.66,-17.87,-18.85,-18.85,
2020-03-23,10,저금리(~2021),-25.02,-25.11,-30.62,-30.62,
2020-03-24,10,저금리(~2021),-17.23,-16.78,-18.92,-18.92,
2020-03-25,10,저금리(~2021),-13.31,-13.31,-14.28,-14.28,
2020-03-26,10,저금리(~2021),-13.93,-13.53,-14.56,-14.56,
2020-03-27,10,저금리(~2021),-12.09,-11.15,-11.5,-11.5,
2020-03-30,10,저금리(~2021),-7.28,-8.79,-8.59,-8.59,
2020-03-31,10,저금리(~2021),-4.58,-4.8,-4.41,-4.41,
2020-04-01,10,저금리(~2021),-10.73,-11.86,-12.84,-12.84,
2020-04-02,10,저금리(~2021),-8.89,-8.86,-9.31,-9.31,
2020-04-03,10,저금리(~2021),-8.15,-8.07,-8.37,-8.37,
2020-04-06,10,저금리(~2021),-3.14,-3.69,-3.55,-3.55,
2020-04-07,10,저금리(~2021),-3.62,-3.46,-3.31,-3.31,
2020-04-08,10,저금리(~2021),-5.03,-5.38,-5.39,-5.39,
2020-04-09,10,저금리(~2021),-2.76,-2.21,-1.96,-1.96,
2020-04-10,10,저금리(~2021),-5.37,-5.61,-5.59,-5.59,
2020-04-13,10,저금리(~2021),-7.28,-6.8,-6.97,-6.97,
2020-04-14,10,저금리(~2021),-4.27,-4.6,-4.56,-4.56,
2020-04-16,10,저금리(~2021),-0.81,0.09,0.24,0.24,
2020-04-17,10,저금리(~2021),-2.2,-2.31,-2.11,-2.11,
2020-04-20,10,저금리(~2021),-3.89,-3.7,-3.58,-3.58,
2020-04-21,10,저금리(~2021),-7.64,-7.43,-7.68,-7.68,
2020-04-22,10,저금리(~2021),-6.84,-7.54,-7.8,-7.8,
2020-04-23,10,저금리(~2021),-5.98,-5.88,-5.92,-5.92,
2020-04-24,10,저금리(~2021),-8.73,-8.73,-9.24,-9.24,
2020-04-27,10,저금리(~2021),-6.3,-6.4,-6.59,-6.59,
2020-04-28,10,저금리(~2021),-6.96,-7.0,-7.27,-7.27,
2020-04-29,10,저금리(~2021),-6.32,-6.3,-6.46,-6.46,
2020-05-04,10,저금리(~2021),-8.1,-8.39,-8.9,-8.9,
2020-05-06,10,저금리(~2021),-6.6,-6.67,-6.99,-6.99,
2020-05-07,10,저금리(~2021),-6.46,-6.39,-6.67,-6.67,
2020-05-08,10,저금리(~2021),-2.41,-2.9,-2.92,-2.92,
2020-05-11,10,저금리(~2021),-3.67,-3.3,-3.33,-3.33,
2020-05-12,10,저금리(~2021),-5.49,-5.1,-5.28,-5.28,
2020-05-13,10,저금리(~2021),-3.41,-3.43,-3.47,-3.47,
2020-05-14,10,저금리(~2021),-1.48,-1.71,-1.61,-1.61,
2020-05-15,10,저금리(~2021),-2.37,-2.31,-2.23,-2.23,
2020-05-18,10,저금리(~2021),-7.77,-7.44,-7.69,-7.69,
2020-05-19,10,저금리(~2021),-8.15,-8.12,-8.45,-8.45,
2020-05-20,10,저금리(~2021),-6.47,-6.67,-6.8,-6.8,
2020-05-21,10,저금리(~2021),-6.07,-6.46,-6.56,-6.56,
2020-05-22,10,저금리(~2021),-8.4,-7.9,-8.23,-8.23,
2020-05-25,10,저금리(~2021),-7.54,-7.82,-8.13,-8.13,
2020-05-26,10,저금리(~2021),-6.19,-6.56,-6.69,-6.69,
2020-05-27,10,저금리(~2021),-7.83,-7.6,-7.9,-7.9,
2020-05-28,10,저금리(~2021),-9.9,-10.31,-11.2,-11.2,
2020-05-29,10,저금리(~2021),-7.66,-8.11,-8.5,-8.5,
2020-06-01,10,저금리(~2021),3.42,3.16,3.65,3.65,
2020-06-02,10,저금리(~2021),-2.5,-1.97,-0.98,-0.98,
2020-06-03,10,저금리(~2021),-2.41,-2.79,-1.83,-1.83,
2020-06-04,10,저금리(~2021),-1.7,-2.07,-1.08,-1.08,
2020-06-05,10,저금리(~2021),-0.9,-1.66,-0.67,-0.67,
2020-06-08,10,저금리(~2021),-1.89,-2.42,-1.43,-1.43,
2020-06-09,10,저금리(~2021),-2.15,-3.22,-2.26,-2.26,
2020-06-10,10,저금리(~2021),-1.67,-3.05,-2.09,-2.09,
2020-06-11,10,저금리(~2021),-0.58,-0.41,0.64,0.64,
2020-06-12,10,저금리(~2021),-2.38,-2.78,-1.8,-1.8,
2020-06-15,10,저금리(~2021),-6.3,-7.31,-7.28,-7.28,
2020-06-16,10,저금리(~2021),0.33,-1.23,-1.11,-1.11,
2020-06-17,10,저금리(~2021),1.57,1.39,1.53,1.53,
2020-06-18,10,저금리(~2021),-0.66,-0.65,-0.45,-0.45,
2020-06-19,10,저금리(~2021),-1.57,-1.75,-1.56,-1.56,
2020-06-22,10,저금리(~2021),-0.84,-0.86,-0.67,-0.67,
2020-06-23,10,저금리(~2021),-0.51,-0.43,-0.24,-0.24,
2020-06-24,10,저금리(~2021),-0.76,-0.68,-0.49,-0.49,
2020-06-25,10,저금리(~2021),-2.59,-2.94,-2.86,-2.86,
2020-06-26,10,저금리(~2021),-2.19,-2.42,-2.31,-2.31,
2020-06-29,10,저금리(~2021),-5.5,-5.07,-5.22,-5.22,
2020-06-30,10,저금리(~2021),-4.53,-4.03,-4.08,-4.08,
2020-07-01,10,저금리(~2021),-6.49,-6.28,-6.61,-6.61,
2020-07-02,10,저금리(~2021),-3.47,-3.53,-3.6,-3.6,
2020-07-03,10,저금리(~2021),-3.27,-3.31,-3.37,-3.37,
2020-07-06,10,저금리(~2021),-2.2,-2.16,-2.16,-2.16,
2020-07-07,10,저금리(~2021),-3.47,-3.17,-3.2,-3.2,
2020-07-08,10,저금리(~2021),-3.24,-3.08,-3.11,-3.11,
2020-07-09,10,저금리(~2021),-4.04,-3.85,-3.92,-3.92,
2020-07-10,10,저금리(~2021),-3.01,-2.66,-2.64,-2.64,
2020-07-13,10,저금리(~2021),-2.86,-3.1,-3.1,-3.1,
2020-07-14,10,저금리(~2021),-4.75,-4.99,-5.14,-5.14,
2020-07-15,10,저금리(~2021),-4.16,-4.16,-4.23,-4.23,
2020-07-16,10,저금리(~2021),-5.06,-5.0,-5.16,-5.16,
2020-07-17,10,저금리(~2021),-4.16,-4.17,-4.26,-4.26,
2020-07-20,10,저금리(~2021),-5.97,-6.01,-6.28,-6.28,
2020-07-21,10,저금리(~2021),-5.44,-5.4,-5.61,-5.61,
2020-07-22,10,저금리(~2021),-7.32,-7.42,-7.84,-7.84,
2020-07-23,10,저금리(~2021),-6.8,-6.93,-7.29,-7.29,
2020-07-24,10,저금리(~2021),-8.33,-8.47,-9.1,-9.1,
2020-07-27,10,저금리(~2021),-7.86,-7.67,-8.16,-8.16,
2020-07-28,10,저금리(~2021),-6.17,-6.14,-6.42,-6.42,
2020-07-29,10,저금리(~2021),-4.34,-4.37,-4.4,-4.4,
2020-07-30,10,저금리(~2021),-6.5,-6.31,-6.51,-6.51,
2020-07-31,10,저금리(~2021),-3.35,-2.72,-2.46,-2.46,
2020-08-03,10,저금리(~2021),1.84,1.76,2.1,2.1,
2020-08-04,10,저금리(~2021),0.46,0.3,0.72,0.72,
2020-08-05,10,저금리(~2021),6.28,6.68,6.71,6.71,
2020-08-06,10,저금리(~2021),6.82,6.74,6.76,6.76,
2020-08-07,10,저금리(~2021),4.16,4.26,4.63,4.63,
2020-08-10,10,저금리(~2021),2.13,2.53,3.05,3.05,
2020-08-11,10,저금리(~2021),1.64,2.04,2.58,2.58,
2020-08-12,10,저금리(~2021),0.09,0.2,0.74,0.74,
2020-08-13,10,저금리(~2021),1.16,1.0,1.5,1.5,
2020-08-14,10,저금리(~2021),-2.43,-2.84,-2.51,-2.51,
2020-08-18,10,저금리(~2021),-6.06,-5.9,-5.93,-5.93,
2020-08-19,10,저금리(~2021),-6.19,-5.59,-5.59,-5.59,
2020-08-20,10,저금리(~2021),-9.4,-9.31,-10.06,-10.06,
2020-08-21,10,저금리(~2021),-7.46,-7.0,-7.31,-7.31,
2020-08-24,10,저금리(~2021),-5.94,-5.66,-5.84,-5.84,
2020-08-25,10,저금리(~2021),-4.27,-4.64,-4.75,-4.75,
2020-08-26,10,저금리(~2021),-2.47,-2.52,-2.42,-2.42,
2020-08-27,10,저금리(~2021),-4.25,-4.23,-4.24,-4.24,
2020-08-28,10,저금리(~2021),-3.34,-2.99,-2.91,-2.91,
2020-08-31,10,저금리(~2021),-3.55,-3.38,-3.33,-3.33,
2020-09-01,10,저금리(~2021),-4.43,-4.14,-4.13,-4.13,
2020-09-02,10,저금리(~2021),-1.87,-1.84,-1.72,-1.72,
2020-09-03,10,저금리(~2021),0.2,0.37,0.54,0.54,
2020-09-04,10,저금리(~2021),-2.82,-3.0,-2.91,-2.91,
2020-09-07,10,저금리(~2021),1.68,1.07,1.27,1.27,
2020-09-08,10,저금리(~2021),5.56,6.15,6.16,6.16,
2020-09-09,10,저금리(~2021),3.41,3.48,3.7,3.7,
2020-09-10,10,저금리(~2021),10.17,9.8,9.43,9.43,
2020-09-11,10,저금리(~2021),10.07,9.96,9.56,9.56,
2020-09-14,10,저금리(~2021),6.17,6.46,6.73,6.73,
2020-09-15,10,저금리(~2021),6.24,6.61,6.86,6.86,
2020-09-16,10,저금리(~2021),4.62,4.36,4.87,4.87,
2020-09-17,10,저금리(~2021),3.06,2.95,3.54,3.54,
2020-09-18,10,저금리(~2021),3.8,4.0,4.49,4.49,
2020-09-21,10,저금리(~2021),0.87,1.66,2.23,2.23,
2020-09-22,10,저금리(~2021),-2.82,-3.01,-2.65,-2.65,
2020-09-23,10,저금리(~2021),-1.79,-1.66,-1.24,-1.24,
2020-09-24,10,저금리(~2021),-4.75,-4.42,-4.37,-4.37,
2020-09-25,10,저금리(~2021),-2.42,-2.04,-1.75,-1.75,
2020-09-28,10,저금리(~2021),2.91,2.73,2.82,2.82,
2020-09-29,10,저금리(~2021),5.31,5.22,5.13,5.13,
2020-10-05,10,저금리(~2021),5.57,5.5,5.37,5.37,
2020-10-06,10,저금리(~2021),4.31,4.04,4.05,4.05,
2020-10-07,10,저금리(~2021),8.38,8.23,7.86,7.86,
2020-10-08,10,저금리(~2021),8.76,8.89,8.43,8.43,
2020-10-12,10,저금리(~2021),13.35,12.97,11.82,11.82,
2020-10-13,10,저금리(~2021),10.94,10.77,10.07,10.07,
2020-10-14,10,저금리(~2021),5.27,5.36,5.52,5.52,
2020-10-15,10,저금리(~2021),0.83,0.21,0.64,0.64,
2020-10-16,10,저금리(~2021),3.83,3.92,4.37,4.37,
2020-10-19,10,저금리(~2021),0.99,0.68,1.31,1.31,
2020-10-20,10,저금리(~2021),-0.18,-0.06,0.6,0.6,
2020-10-21,10,저금리(~2021),-1.56,-1.08,-0.4,-0.4,
2020-10-22,10,저금리(~2021),-6.4,-5.99,-5.72,-5.72,
2020-10-23,10,저금리(~2021),-4.96,-5.22,-4.83,-4.83,
2020-10-26,10,저금리(~2021),-9.64,-9.17,-9.49,-9.49,
2020-10-27,10,저금리(~2021),-6.49,-6.36,-6.18,-6.18,
2020-10-28,10,저금리(~2021),-4.02,-3.89,-3.55,-3.55,
2020-10-29,10,저금리(~2021),-1.64,-1.14,-0.72,-0.72,
2020-10-30,10,저금리(~2021),-5.79,-5.66,-5.74,-5.74,
2020-11-02,10,저금리(~2021),-5.35,-5.21,-5.26,-5.26,
2020-11-03,10,저금리(~2021),-1.91,-1.84,-1.67,-1.67,
2020-11-04,10,저금리(~2021),-1.3,-1.48,-1.31,-1.31,
2020-11-05,10,저금리(~2021),-0.95,-1.07,-0.9,-0.9,
2020-11-06,10,저금리(~2021),-4.1,-3.87,-3.86,-3.86,
2020-11-09,10,저금리(~2021),-3.21,-3.33,-3.29,-3.29,
2020-11-10,10,저금리(~2021),-4.44,-4.47,-4.55,-4.55,
2020-11-11,10,저금리(~2021),-3.45,-3.5,-3.51,-3.51,
2020-11-12,10,저금리(~2021),-5.47,-5.57,-5.76,-5.76,
2020-11-13,10,저금리(~2021),-6.61,-6.74,-7.05,-7.05,
2020-11-16,10,저금리(~2021),-5.37,-5.34,-5.49,-5.49,
2020-11-17,10,저금리(~2021),-7.52,-7.38,-7.82,-7.82,
2020-11-18,10,저금리(~2021),-7.08,-6.78,-7.16,-7.16,
2020-11-19,10,저금리(~2021),-7.29,-7.36,-7.81,-7.81,
2020-11-20,10,저금리(~2021),-8.06,-8.23,-8.79,-8.79,
2020-11-23,10,저금리(~2021),-10.93,-10.8,-11.8,-11.8,
2020-11-24,10,저금리(~2021),-8.03,-7.9,-8.11,-8.11,
2020-11-25,10,저금리(~2021),-9.16,-9.0,-9.41,-9.41,
2020-11-26,10,저금리(~2021),-8.73,-8.85,-9.24,-9.24,
2020-11-27,10,저금리(~2021),-8.08,-8.34,-8.64,-8.64,
2020-11-30,10,저금리(~2021),-8.76,-8.9,-9.31,-9.31,
2020-12-01,10,저금리(~2021),-7.83,-7.75,-7.95,-7.95,
2020-12-02,10,저금리(~2021),-7.52,-7.69,-7.89,-7.89,
2020-12-03,10,저금리(~2021),-6.41,-6.51,-6.56,-6.56,
2020-12-04,10,저금리(~2021),-4.65,-4.61,-4.48,-4.48,
2020-12-07,10,저금리(~2021),-2.74,-2.92,-2.76,-2.76,
2020-12-08,10,저금리(~2021),-3.47,-3.38,-3.28,-3.28,
2020-12-09,10,저금리(~2021),-2.23,-2.36,-2.2,-2.2,
2020-12-10,10,저금리(~2021),-2.36,-2.33,-2.18,-2.18,
2020-12-11,10,저금리(~2021),-2.17,-2.44,-2.29,-2.29,
2020-12-14,10,저금리(~2021),-4.91,-4.63,-4.57,-4.57,
2020-12-15,10,저금리(~2021),-5.23,-5.25,-5.24,-5.24,
2020-12-16,10,저금리(~2021),-3.74,-3.79,-3.66,-3.66,
2020-12-17,10,저금리(~2021),-3.2,-3.45,-3.3,-3.3,
2020-12-18,10,저금리(~2021),-2.1,-2.46,-2.24,-2.24,
2020-12-21,10,저금리(~2021),-1.24,-1.03,-0.79,-0.79,
2020-12-22,10,저금리(~2021),-5.02,-5.28,-5.43,-5.43,
2020-12-23,10,저금리(~2021),-5.43,-5.31,-5.47,-5.47,
2020-12-24,10,저금리(~2021),-3.85,-3.82,-3.86,-3.86,
2020-12-28,10,저금리(~2021),-3.1,-2.61,-2.58,-2.58,
2020-12-29,10,저금리(~2021),1.26,1.2,1.22,1.22,
2020-12-30,10,저금리(~2021),3.79,3.75,3.7,3.7,
2021-01-04,10,저금리(~2021),6.16,5.74,5.57,5.57,
2021-01-05,10,저금리(~2021),4.34,4.82,4.75,4.75,
2021-01-06,10,저금리(~2021),0.68,0.96,1.18,1.18,
2021-01-07,10,저금리(~2021),1.71,1.75,1.94,1.94,
2021-01-08,10,저금리(~2021),2.76,2.79,2.94,2.94,
2021-01-11,10,저금리(~2021),-0.57,-0.42,-0.11,-0.11,
2021-01-12,10,저금리(~2021),0.11,0.11,0.43,0.43,
2021-01-13,10,저금리(~2021),1.37,1.41,1.72,1.72,
2021-01-14,10,저금리(~2021),2.27,2.39,2.69,2.69,
2021-01-15,10,저금리(~2021),3.1,2.95,3.25,3.25,
2021-01-18,10,저금리(~2021),-4.09,-3.65,-3.27,-3.27,
2021-01-19,10,저금리(~2021),-2.52,-2.47,-2.04,-2.04,
2021-01-20,10,저금리(~2021),-0.22,0.04,0.45,0.45,
2021-01-21,10,저금리(~2021),0.78,0.62,1.03,1.03,
2021-01-22,10,저금리(~2021),0.11,0.14,0.56,0.56,
2021-01-25,10,저금리(~2021),4.39,4.07,4.24,4.24,
2021-01-26,10,저금리(~2021),4.0,4.16,4.32,4.32,
2021-01-27,10,저금리(~2021),2.37,2.2,2.47,2.47,
2021-01-28,10,저금리(~2021),-1.22,-1.39,-1.1,-1.1,
2021-01-29,10,저금리(~2021),-2.58,-2.5,-2.31,-2.31,
2021-02-01,10,저금리(~2021),2.35,2.5,2.53,2.53,
2021-02-02,10,저금리(~2021),3.7,3.65,3.61,3.61,
2021-02-03,10,저금리(~2021),3.72,3.67,3.64,3.64,
2021-02-04,10,저금리(~2021),4.67,4.48,4.41,4.41,
2021-02-05,10,저금리(~2021),7.48,7.31,6.98,6.98,
2021-02-08,10,저금리(~2021),9.85,9.45,8.86,8.86,
2021-02-09,10,저금리(~2021),4.07,4.11,4.35,4.35,
2021-02-10,10,저금리(~2021),7.5,7.31,7.25,7.25,
2021-02-15,10,저금리(~2021),6.61,6.81,6.84,6.84,
2021-02-16,10,저금리(~2021),4.08,4.15,4.44,4.44,
2021-02-17,10,저금리(~2021),4.16,4.11,4.4,4.4,
2021-02-18,10,저금리(~2021),2.6,2.91,3.27,3.27,
2021-02-19,10,저금리(~2021),5.32,5.54,5.73,5.73,
2021-02-22,10,저금리(~2021),3.83,4.48,4.76,4.76,
2021-02-23,10,저금리(~2021),1.56,1.77,2.16,2.16,
2021-02-24,10,저금리(~2021),-3.63,-2.95,-2.64,-2.64,
2021-02-25,10,저금리(~2021),-0.95,-0.6,-0.36,-0.36,
2021-02-26,10,저금리(~2021),-3.18,-2.38,-2.24,-2.24,
2021-03-02,10,저금리(~2021),-3.26,-2.96,-2.83,-2.83,
2021-03-03,10,저금리(~2021),-2.65,-2.15,-1.98,-1.98,
2021-03-04,10,저금리(~2021),-3.68,-3.56,-3.47,-3.47,
2021-03-05,10,저금리(~2021),-3.27,-3.04,-2.92,-2.92,
2021-03-08,10,저금리(~2021),-5.88,-5.7,-5.88,-5.88,
2021-03-09,10,저금리(~2021),-6.04,-6.03,-6.26,-6.26,
2021-03-10,10,저금리(~2021),-7.16,-6.82,-7.14,-7.14,
2021-03-11,10,저금리(~2021),-4.91,-4.64,-4.74,-4.74,
2021-03-12,10,저금리(~2021),-2.99,-2.82,-2.81,-2.81,
2021-03-15,10,저금리(~2021),-3.07,-3.04,-3.04,-3.04,
2021-03-16,10,저금리(~2021),-0.54,-0.5,-0.48,-0.48,
2021-03-17,10,저금리(~2021),0.11,0.17,0.21,0.21,
2021-03-18,10,저금리(~2021),-0.66,-0.54,-0.5,-0.5,
2021-03-19,10,저금리(~2021),-0.76,-0.73,-0.69,-0.69,
2021-03-22,10,저금리(~2021),0.33,0.48,0.52,0.52,
2021-03-23,10,저금리(~2021),0.33,0.36,0.4,0.4,
2021-03-24,10,저금리(~2021),1.43,1.47,1.49,1.49,
2021-03-25,10,저금리(~2021),-0.22,-0.07,-0.02,-0.02,
2021-03-26,10,저금리(~2021),-0.77,-0.83,-0.79,-0.79,
2021-03-29,10,저금리(~2021),-2.3,-2.32,-2.32,-2.32,
2021-03-30,10,저금리(~2021),-3.93,-3.85,-3.92,-3.92,
2021-03-31,10,저금리(~2021),-4.67,-4.91,-5.07,-5.07,
2021-04-01,10,저금리(~2021),-3.52,-3.35,-3.4,-3.4,
2021-04-02,10,저금리(~2021),-4.29,-4.21,-4.33,-4.33,
2021-04-05,10,저금리(~2021),-6.11,-6.15,-6.47,-6.47,
2021-04-06,10,저금리(~2021),-6.19,-5.83,-6.1,-6.1,
2021-04-07,10,저금리(~2021),-4.78,-4.69,-4.81,-4.81,
2021-04-08,10,저금리(~2021),-3.63,-3.94,-4.01,-4.01,
2021-04-09,10,저금리(~2021),-3.1,-3.11,-3.13,-3.13,
2021-04-12,10,저금리(~2021),-2.46,-2.4,-2.38,-2.38,
2021-04-13,10,저금리(~2021),0.57,0.6,0.67,0.67,
2021-04-14,10,저금리(~2021),3.76,3.86,3.86,3.86,
2021-04-15,10,저금리(~2021),5.01,4.87,4.79,4.79,
2021-04-16,10,저금리(~2021),6.43,6.3,6.07,6.07,
2021-04-19,10,저금리(~2021),10.81,10.87,10.01,10.01,
2021-04-20,10,저금리(~2021),9.26,8.89,8.38,8.38,
2021-04-21,10,저금리(~2021),7.87,8.27,7.84,7.84,
2021-04-22,10,저금리(~2021),6.86,6.93,6.71,6.71,
2021-04-23,10,저금리(~2021),4.46,4.84,4.89,4.89,
2021-04-26,10,저금리(~2021),7.34,7.49,7.27,7.27,
2021-04-27,10,저금리(~2021),7.24,7.29,7.09,7.09,
2021-04-28,10,저금리(~2021),5.82,5.85,5.77,5.77,
2021-04-29,10,저금리(~2021),1.95,2.07,2.33,2.33,
2021-04-30,10,저금리(~2021),1.4,1.32,1.6,1.6,
2021-05-03,10,저금리(~2021),-2.62,-2.62,-2.46,-2.46,
2021-05-04,10,저금리(~2021),-1.91,-1.66,-1.46,-1.46,
2021-05-06,10,저금리(~2021),-1.48,-1.67,-1.48,-1.48,
2021-05-07,10,저금리(~2021),1.6,1.75,1.94,1.94,
2021-05-10,10,저금리(~2021),1.86,1.8,1.98,1.98,
2021-05-11,10,저금리(~2021),-0.53,-0.44,-0.26,-0.26,
2021-05-12,10,저금리(~2021),-2.64,-2.71,-2.61,-2.61,
2021-05-13,10,저금리(~2021),-4.05,-4.04,-4.06,-4.06,
2021-05-14,10,저금리(~2021),-2.23,-2.21,-2.17,-2.17,
2021-05-17,10,저금리(~2021),-2.23,-2.11,-2.06,-2.06,
2021-05-18,10,저금리(~2021),0.11,0.31,0.41,0.41,
2021-05-20,10,저금리(~2021),-0.76,-0.87,-0.76,-0.76,
2021-05-21,10,저금리(~2021),-0.64,-0.8,-0.69,-0.69,
2021-05-24,10,저금리(~2021),-2.32,-2.22,-2.18,-2.18,
2021-05-25,10,저금리(~2021),-0.86,-1.05,-1.0,-1.0,
2021-05-26,10,저금리(~2021),0.64,0.57,0.65,0.65,
2021-05-27,10,저금리(~2021),-0.65,-1.08,-0.95,-0.95,
2021-05-28,10,저금리(~2021),-0.65,-1.07,-0.94,-0.94,
2021-05-31,10,저금리(~2021),-1.41,-1.8,-1.68,-1.68,
2021-06-01,10,저금리(~2021),-1.09,-1.55,-1.42,-1.42,
2021-06-02,10,저금리(~2021),-1.83,-2.77,-2.71,-2.71,
2021-06-03,10,저금리(~2021),-1.31,-1.96,-1.87,-1.87,
2021-06-04,10,저금리(~2021),-4.32,-4.97,-5.04,-5.04,
2021-06-07,10,저금리(~2021),-4.09,-4.85,-4.91,-4.91,
2021-06-08,10,저금리(~2021),-3.36,-4.14,-4.13,-4.13,
2021-06-09,10,저금리(~2021),-5.66,-6.42,-6.69,-6.69,
2021-06-10,10,저금리(~2021),-3.05,-3.37,-3.39,-3.39,
2021-06-11,10,저금리(~2021),-2.51,-2.81,-2.79,-2.79,
2021-06-14,10,저금리(~2021),-1.77,-2.03,-1.98,-1.98,
2021-06-15,10,저금리(~2021),-2.64,-2.75,-2.74,-2.74,
2021-06-16,10,저금리(~2021),-3.84,-3.65,-3.69,-3.69,
2021-06-17,10,저금리(~2021),-3.86,-4.13,-4.21,-4.21,
2021-06-18,10,저금리(~2021),-2.03,-2.02,-2.02,-2.02,
2021-06-21,10,저금리(~2021),-4.04,-3.98,-4.08,-4.08,
2021-06-22,10,저금리(~2021),-3.25,-3.19,-3.22,-3.22,
2021-06-23,10,저금리(~2021),-2.6,-2.65,-2.66,-2.66,
2021-06-24,10,저금리(~2021),-1.69,-1.34,-1.26,-1.26,
2021-06-25,10,저금리(~2021),-2.12,-1.6,-1.53,-1.53,
2021-06-28,10,저금리(~2021),-1.57,-1.53,-1.46,-1.46,
2021-06-29,10,저금리(~2021),-1.81,-1.86,-1.8,-1.8,
2021-06-30,10,저금리(~2021),-1.03,-1.24,-1.17,-1.17,
2021-07-01,10,저금리(~2021),-1.95,-1.72,-1.65,-1.65,
2021-07-02,10,저금리(~2021),-1.04,-0.79,-0.7,-0.7,
2021-07-05,10,저금리(~2021),0.59,0.72,0.79,0.79,
2021-07-06,10,저금리(~2021),0.0,0.09,0.16,0.16,
2021-07-07,10,저금리(~2021),0.23,0.3,0.37,0.37,
2021-07-08,10,저금리(~2021),-2.29,-2.59,-2.61,-2.61,
2021-07-09,10,저금리(~2021),-2.74,-3.17,-3.23,-3.23,
2021-07-12,10,저금리(~2021),-1.94,-1.76,-1.74,-1.74,
2021-07-13,10,저금리(~2021),-0.81,-0.7,-0.66,-0.66,
2021-07-14,10,저금리(~2021),0.69,0.67,0.73,0.73,
2021-07-15,10,저금리(~2021),1.29,1.2,1.23,1.23,
2021-07-16,10,저금리(~2021),2.68,2.35,2.37,2.37,
2021-07-19,10,저금리(~2021),1.05,0.91,1.0,1.0,
2021-07-20,10,저금리(~2021),0.81,0.88,0.97,0.97,
2021-07-21,10,저금리(~2021),-0.58,-0.53,-0.41,-0.41,
2021-07-22,10,저금리(~2021),0.0,0.32,0.42,0.42,
2021-07-23,10,저금리(~2021),0.0,0.27,0.38,0.38,
2021-07-26,10,저금리(~2021),-0.93,-1.07,-0.98,-0.98,
2021-07-27,10,저금리(~2021),-0.46,-0.38,-0.27,-0.27,
2021-07-28,10,저금리(~2021),-2.17,-2.22,-2.17,-2.17,
2021-07-29,10,저금리(~2021),-0.81,-0.76,-0.67,-0.67,
2021-07-30,10,저금리(~2021),-1.93,-1.63,-1.58,-1.58,
2021-08-02,10,저금리(~2021),1.84,1.95,2.01,2.01,
2021-08-03,10,저금리(~2021),-0.11,-0.07,0.05,0.05,
2021-08-04,10,저금리(~2021),3.73,3.81,3.82,3.82,
2021-08-05,10,저금리(~2021),5.97,5.77,5.63,5.63,
2021-08-06,10,저금리(~2021),3.17,3.02,3.19,3.19,
2021-08-09,10,저금리(~2021),1.29,1.23,1.52,1.52,
2021-08-10,10,저금리(~2021),0.0,0.12,0.42,0.42,
2021-08-11,10,저금리(~2021),0.0,0.43,0.72,0.72,
2021-08-12,10,저금리(~2021),-0.47,-0.23,0.06,0.06,
2021-08-13,10,저금리(~2021),-1.97,-2.06,-1.81,-1.81,
2021-08-17,10,저금리(~2021),-4.98,-4.86,-4.84,-4.84,
2021-08-18,10,저금리(~2021),-4.03,-3.89,-3.81,-3.81,
2021-08-19,10,저금리(~2021),-5.84,-5.87,-6.05,-6.05,
2021-08-20,10,저금리(~2021),-8.07,-7.95,-8.47,-8.47,
2021-08-23,10,저금리(~2021),-5.35,-5.41,-5.65,-5.65,
2021-08-24,10,저금리(~2021),-3.94,-3.65,-3.76,-3.76,
2021-08-25,10,저금리(~2021),-1.75,-1.76,-1.74,-1.74,
2021-08-26,10,저금리(~2021),-1.05,-1.54,-1.51,-1.51,
2021-08-27,10,저금리(~2021),-1.75,-2.33,-2.32,-2.32,
2021-08-30,10,저금리(~2021),0.0,-0.36,-0.29,-0.29,
2021-08-31,10,저금리(~2021),-0.36,-1.07,-1.0,-1.0,
2021-09-01,10,저금리(~2021),-0.72,-1.3,-1.23,-1.23,
2021-09-02,10,저금리(~2021),-1.07,-1.46,-1.39,-1.39,
2021-09-03,10,저금리(~2021),-0.84,-1.48,-1.42,-1.42,
2021-09-06,10,저금리(~2021),-0.84,-1.28,-1.21,-1.21,
2021-09-07,10,저금리(~2021),-0.12,-0.85,-0.77,-0.77,
2021-09-08,10,저금리(~2021),-1.3,-2.04,-2.02,-2.02,
2021-09-09,10,저금리(~2021),0.95,0.94,1.07,1.07,
2021-09-10,10,저금리(~2021),2.38,2.69,2.75,2.75,
2021-09-13,10,저금리(~2021),0.94,0.87,0.99,0.99,
2021-09-14,10,저금리(~2021),4.54,4.55,4.51,4.51,
2021-09-15,10,저금리(~2021),7.85,7.86,7.47,7.47,
2021-09-16,10,저금리(~2021),10.49,10.68,9.89,9.89,
2021-09-17,10,저금리(~2021),8.12,8.47,8.12,8.12,
2021-09-23,10,저금리(~2021),8.97,8.87,8.46,8.46,
2021-09-24,10,저금리(~2021),10.52,10.49,9.83,9.83,
2021-09-27,10,저금리(~2021),8.29,8.43,8.12,8.12,
2021-09-28,10,저금리(~2021),1.87,1.68,2.06,2.06,
2021-09-29,10,저금리(~2021),0.93,0.64,1.05,1.05,
2021-09-30,10,저금리(~2021),1.29,1.1,1.49,1.49,
2021-10-01,10,저금리(~2021),-2.51,-2.39,-2.06,-2.06,
2021-10-05,10,저금리(~2021),-3.58,-3.62,-3.4,-3.4,
2021-10-06,10,저금리(~2021),-4.91,-5.09,-5.07,-5.07,
2021-10-07,10,저금리(~2021),-2.91,-3.33,-3.22,-3.22,
2021-10-08,10,저금리(~2021),-3.78,-3.45,-3.34,-3.34,
2021-10-12,10,저금리(~2021),-7.44,-7.46,-7.79,-7.79,
2021-10-13,10,저금리(~2021),-5.66,-5.7,-5.8,-5.8,
2021-10-14,10,저금리(~2021),-1.03,-0.95,-0.83,-0.83,
2021-10-15,10,저금리(~2021),0.12,0.14,0.28,0.28,
2021-10-18,10,저금리(~2021),-1.04,-1.04,-0.89,-0.89,
2021-10-19,10,저금리(~2021),-0.47,-0.76,-0.61,-0.61,
2021-10-20,10,저금리(~2021),-1.28,-1.27,-1.14,-1.14,
2021-10-21,10,저금리(~2021),-2.64,-2.73,-2.66,-2.66,
2021-10-22,10,저금리(~2021),-3.0,-2.89,-2.84,-2.84,
2021-10-25,10,저금리(~2021),-2.31,-2.38,-2.28,-2.28,
2021-10-26,10,저금리(~2021),-1.06,-0.89,-0.8,-0.8,
2021-10-27,10,저금리(~2021),1.18,1.08,1.22,1.22,
2021-10-28,10,저금리(~2021),-1.16,-1.28,-1.15,-1.15,
2021-10-29,10,저금리(~2021),-3.91,-4.07,-4.06,-4.06,
2021-11-01,10,저금리(~2021),-5.13,-5.04,-5.08,-5.08,
2021-11-02,10,저금리(~2021),-4.59,-4.31,-4.29,-4.29,
2021-11-03,10,저금리(~2021),-3.65,-3.73,-3.65,-3.65,
2021-11-04,10,저금리(~2021),-3.77,-3.58,-3.49,-3.49,
2021-11-05,10,저금리(~2021),-3.81,-3.78,-3.71,-3.71,
2021-11-08,10,저금리(~2021),-3.91,-3.88,-3.82,-3.82,
2021-11-09,10,저금리(~2021),-0.48,-0.18,0.1,0.1,
2021-11-10,10,저금리(~2021),-4.07,-3.93,-3.85,-3.85,
2021-11-11,10,저금리(~2021),-2.0,-2.03,-1.84,-1.84,
2021-11-12,10,저금리(~2021),0.72,0.78,0.97,0.97,
2021-11-15,10,저금리(~2021),3.44,3.45,3.47,3.47,
2021-11-16,10,저금리(~2021),5.68,5.53,5.4,5.4,
2021-11-17,10,저금리(~2021),3.66,3.69,3.72,3.72,
2021-11-18,10,저금리(~2021),4.53,4.35,4.32,4.32,
2021-11-19,10,저금리(~2021),2.85,2.97,3.09,3.09,
2021-11-22,10,저금리(~2021),3.69,3.86,3.93,3.93,
2021-11-23,10,저금리(~2021),0.0,-0.28,-0.12,-0.12,
2021-11-24,10,저금리(~2021),0.0,-0.44,-0.27,-0.27,
2021-11-25,10,저금리(~2021),-2.64,-3.09,-2.99,-2.99,
2021-11-26,10,저금리(~2021),-1.78,-2.41,-2.25,-2.25,
2021-11-29,10,저금리(~2021),-1.07,-1.71,-1.52,-1.52,
2021-11-30,10,저금리(~2021),-2.57,-2.8,-2.68,-2.68,
2021-12-01,10,저금리(~2021),-2.59,-3.18,-3.07,-3.07,
2021-12-02,10,저금리(~2021),-3.52,-4.07,-4.03,-4.03,
2021-12-03,10,저금리(~2021),0.36,-0.38,-0.22,-0.22,
2021-12-06,10,저금리(~2021),-0.48,-1.43,-1.31,-1.31,
2021-12-07,10,저금리(~2021),-0.24,-0.84,-0.72,-0.72,
2021-12-08,10,저금리(~2021),0.61,0.73,0.83,0.83,
2021-12-09,10,저금리(~2021),1.85,1.76,1.8,1.8,
2021-12-10,10,저금리(~2021),0.0,0.3,0.35,0.35,
2021-12-13,10,저금리(~2021),-2.04,-2.1,-2.07,-2.07,
2021-12-14,10,저금리(~2021),-4.68,-5.53,-5.68,-5.68,
2021-12-15,10,저금리(~2021),-2.66,-2.4,-2.26,-2.26,
2021-12-16,10,저금리(~2021),-2.43,-2.11,-1.97,-1.97,
2021-12-17,10,저금리(~2021),-3.48,-3.57,-3.52,-3.52,
2021-12-20,10,저금리(~2021),-2.51,-2.44,-2.3,-2.3,
2021-12-21,10,저금리(~2021),0.96,0.93,1.19,1.19,
2021-12-22,10,저금리(~2021),4.34,3.83,4.03,4.03,
2021-12-23,10,저금리(~2021),3.39,3.19,3.45,3.45,
2021-12-24,10,저금리(~2021),5.81,5.79,5.89,5.89,
2021-12-27,10,저금리(~2021),7.72,7.83,7.65,7.65,
2021-12-28,10,저금리(~2021),7.17,8.0,7.79,7.79,
2021-12-29,10,저금리(~2021),7.58,7.41,7.26,7.26,
2021-12-30,10,저금리(~2021),9.71,9.44,9.01,9.01,
2022-01-03,10,고금리(2022~),10.19,10.38,9.78,9.78,
2022-01-04,10,고금리(2022~),10.16,9.82,9.31,9.31,
2022-01-05,10,고금리(2022~),8.7,8.46,8.12,8.12,
2022-01-06,10,고금리(2022~),1.96,2.34,2.62,2.62,
2022-01-07,10,고금리(2022~),5.26,5.59,5.63,5.63,
2022-01-10,10,고금리(2022~),5.61,5.6,5.64,5.64,
2022-01-11,10,고금리(2022~),7.17,7.07,6.96,6.96,
2022-01-12,10,고금리(2022~),12.44,12.26,11.22,11.22,
2022-01-13,10,고금리(2022~),15.47,15.32,13.72,13.72,
2022-01-14,10,고금리(2022~),9.99,10.23,9.78,9.78,
2022-01-17,10,고금리(2022~),7.22,6.98,7.09,7.09,
2022-01-18,10,고금리(2022~),4.67,4.77,5.12,5.12,
2022-01-19,10,고금리(2022~),4.71,4.98,5.32,5.32,
2022-01-20,10,고금리(2022~),8.72,8.77,8.55,8.55,
2022-01-21,10,고금리(2022~),4.33,4.04,4.43,4.43,
2022-01-24,10,고금리(2022~),4.01,4.0,4.39,4.39,
2022-01-25,10,고금리(2022~),4.99,4.97,5.31,5.31,
2022-01-26,10,고금리(2022~),4.38,4.48,4.86,4.86,
2022-01-27,10,고금리(2022~),1.3,1.5,1.9,1.9,
2022-01-28,10,고금리(2022~),-0.72,-1.17,-0.54,-0.54,
2022-02-03,10,고금리(2022~),2.52,2.57,3.09,3.09,
2022-02-04,10,고금리(2022~),2.34,2.29,2.82,2.82,
2022-02-07,10,고금리(2022~),0.84,0.69,1.26,1.26,
2022-02-08,10,고금리(2022~),1.77,1.37,1.93,1.93,
2022-02-09,10,고금리(2022~),2.56,2.85,3.29,3.29,
2022-02-10,10,고금리(2022~),3.75,3.16,3.6,3.6,
2022-02-11,10,고금리(2022~),-3.44,-3.3,-2.77,-2.77,
2022-02-14,10,고금리(2022~),-5.1,-5.21,-4.85,-4.85,
2022-02-15,10,고금리(2022~),-8.0,-8.21,-8.26,-8.26,
2022-02-16,10,고금리(2022~),-5.51,-5.55,-5.44,-5.44,
2022-02-17,10,고금리(2022~),-4.72,-4.91,-4.72,-4.72,
2022-02-18,10,고금리(2022~),-1.56,-1.46,-1.01,-1.01,
2022-02-21,10,고금리(2022~),-0.42,-0.29,0.19,0.19,
2022-02-22,10,고금리(2022~),-5.42,-4.58,-4.22,-4.22,
2022-02-23,10,고금리(2022~),-3.84,-2.77,-2.29,-2.29,
2022-02-24,10,고금리(2022~),-4.52,-2.71,-2.22,-2.22,
2022-02-25,10,고금리(2022~),-0.21,0.99,1.38,1.38,
2022-02-28,10,고금리(2022~),-2.74,-1.59,-1.11,-1.11,
2022-03-02,10,고금리(2022~),-3.86,-2.38,-1.89,-1.89,
2022-03-03,10,고금리(2022~),-2.31,-0.93,-0.46,-0.46,
2022-03-04,10,고금리(2022~),-3.01,-1.18,-0.72,-0.72,
2022-03-07,10,고금리(2022~),-5.48,-3.92,-3.65,-3.65,
2022-03-08,10,고금리(2022~),-7.4,-6.31,-6.29,-6.29,
2022-03-10,10,고금리(2022~),-3.46,-2.62,-2.35,-2.35,
2022-03-11,10,고금리(2022~),-3.56,-3.59,-3.38,-3.38,
2022-03-14,10,고금리(2022~),-4.63,-4.98,-4.96,-4.96,
2022-03-15,10,고금리(2022~),-6.82,-6.74,-6.9,-6.9,
2022-03-16,10,고금리(2022~),-4.12,-4.11,-4.07,-4.07,
2022-03-17,10,고금리(2022~),-1.79,-1.42,-1.3,-1.3,
2022-03-18,10,고금리(2022~),0.0,0.38,0.5,0.5,
2022-03-21,10,고금리(2022~),-2.22,-2.25,-2.2,-2.2,
2022-03-22,10,고금리(2022~),-2.23,-2.53,-2.49,-2.49,
2022-03-23,10,고금리(2022~),0.45,0.55,0.67,0.67,
2022-03-24,10,고금리(2022~),0.67,0.48,0.61,0.61,
2022-03-25,10,고금리(2022~),-0.34,-0.37,-0.23,-0.23,
2022-03-28,10,고금리(2022~),0.77,0.89,1.07,1.07,
2022-03-29,10,고금리(2022~),3.83,3.77,3.79,3.79,
2022-03-30,10,고금리(2022~),1.81,1.84,2.02,2.02,
2022-03-31,10,고금리(2022~),2.73,2.04,2.21,2.21,
2022-04-01,10,고금리(2022~),2.7,2.59,2.74,2.74,
2022-04-04,10,고금리(2022~),4.2,4.21,4.25,4.25,
2022-04-05,10,고금리(2022~),2.17,2.31,2.53,2.53,
2022-04-06,10,고금리(2022~),1.23,1.32,1.55,1.55,
2022-04-07,10,고금리(2022~),0.78,0.54,0.78,0.78,
2022-04-08,10,고금리(2022~),3.03,3.51,3.64,3.64,
2022-04-11,10,고금리(2022~),2.84,3.24,3.38,3.38,
2022-04-12,10,고금리(2022~),0.22,0.22,0.51,0.51,
2022-04-13,10,고금리(2022~),4.55,4.57,4.63,4.63,
2022-04-14,10,고금리(2022~),4.54,4.21,4.3,4.3,
2022-04-15,10,고금리(2022~),1.32,0.86,1.15,1.15,
2022-04-18,10,고금리(2022~),1.85,1.66,1.94,1.94,
2022-04-19,10,고금리(2022~),3.35,3.09,3.26,3.26,
2022-04-20,10,고금리(2022~),3.21,2.8,2.98,2.98,
2022-04-21,10,고금리(2022~),5.3,5.63,5.65,5.65,
2022-04-22,10,고금리(2022~),6.65,6.2,6.18,6.18,
2022-04-25,10,고금리(2022~),4.79,4.66,4.74,4.74,
2022-04-26,10,고금리(2022~),3.79,3.8,3.99,3.99,
2022-04-27,10,고금리(2022~),6.69,6.56,6.65,6.65,
2022-04-28,10,고금리(2022~),1.9,2.43,3.04,3.04,
2022-04-29,10,고금리(2022~),4.65,5.08,5.45,5.45,
2022-05-02,10,고금리(2022~),1.5,1.25,1.89,1.89,
2022-05-03,10,고금리(2022~),1.08,1.0,1.66,1.66,
2022-05-04,10,고금리(2022~),2.04,2.16,2.8,2.8,
2022-05-06,10,고금리(2022~),-3.36,-3.77,-3.16,-3.16,
2022-05-09,10,고금리(2022~),-6.54,-6.69,-6.44,-6.44,
2022-05-10,10,고금리(2022~),-4.26,-4.79,-4.23,-4.23,
2022-05-11,10,고금리(2022~),-3.23,-3.39,-2.78,-2.78,
2022-05-12,10,고금리(2022~),-7.16,-7.3,-7.35,-7.35,
2022-05-13,10,고금리(2022~),-3.32,-3.86,-3.67,-3.67,
2022-05-16,10,고금리(2022~),-5.48,-5.72,-5.69,-5.69,
2022-05-17,10,고금리(2022~),-4.11,-4.53,-4.41,-4.41,
2022-05-18,10,고금리(2022~),-2.14,-1.95,-1.67,-1.67,
2022-05-19,10,고금리(2022~),-3.47,-3.62,-3.46,-3.46,
2022-05-20,10,고금리(2022~),2.61,2.45,2.64,2.64,
2022-05-23,10,고금리(2022~),2.84,3.01,3.17,3.17,
2022-05-24,10,고금리(2022~),-1.17,-0.25,-0.09,-0.09,
2022-05-25,10,고금리(2022~),1.62,2.27,2.36,2.36,
2022-05-26,10,고금리(2022~),5.57,5.75,5.72,5.72,
2022-05-27,10,고금리(2022~),5.69,6.63,6.49,6.49,
2022-05-30,10,고금리(2022~),10.61,10.61,9.88,9.88,
2022-05-31,10,고금리(2022~),10.0,10.79,10.03,10.03,
2022-06-02,10,고금리(2022~),10.04,10.38,9.68,9.68,
2022-06-03,10,고금리(2022~),12.42,13.2,11.99,11.99,
2022-06-07,10,고금리(2022~),7.83,8.49,8.11,8.11,
2022-06-08,10,고금리(2022~),12.87,13.07,11.97,11.97,
2022-06-09,10,고금리(2022~),17.6,17.32,15.27,15.27,
2022-06-10,10,고금리(2022~),9.44,9.02,9.15,9.15,
2022-06-13,10,고금리(2022~),2.84,2.71,3.47,3.47,
2022-06-14,10,고금리(2022~),4.07,3.73,4.44,4.44,
2022-06-15,10,고금리(2022~),3.66,4.22,4.91,4.91,
2022-06-16,10,고금리(2022~),6.99,7.35,7.72,7.72,
2022-06-17,10,고금리(2022~),8.53,8.42,8.66,8.66,
2022-06-20,10,고금리(2022~),6.2,5.74,6.28,6.28,
2022-06-21,10,고금리(2022~),2.65,2.78,3.73,3.73,
2022-06-22,10,고금리(2022~),0.28,0.82,1.74,1.74,
2022-06-23,10,고금리(2022~),-5.2,-5.33,-4.7,-4.7,
2022-06-24,10,고금리(2022~),-0.48,-0.32,0.19,0.19,
2022-06-27,10,고금리(2022~),1.58,1.98,2.41,2.41,
2022-06-28,10,고금리(2022~),2.73,2.85,3.26,3.26,
2022-06-29,10,고금리(2022~),-2.58,-2.87,-2.42,-2.42,
2022-06-30,10,고금리(2022~),-4.39,-4.39,-4.09,-4.09,
2022-07-01,10,고금리(2022~),-6.31,-6.17,-6.1,-6.1,
2022-07-04,10,고금리(2022~),-8.03,-7.84,-7.99,-7.99,
2022-07-05,10,고금리(2022~),-4.11,-4.3,-4.17,-4.17,
2022-07-06,10,고금리(2022~),-7.14,-7.61,-7.91,-7.91,
2022-07-07,10,고금리(2022~),-5.1,-5.07,-5.1,-5.1,
2022-07-08,10,고금리(2022~),-2.73,-2.75,-2.6,-2.6,
2022-07-11,10,고금리(2022~),-3.3,-3.07,-2.94,-2.94,
2022-07-12,10,고금리(2022~),-5.42,-5.5,-5.64,-5.64,
2022-07-13,10,고금리(2022~),-3.33,-3.21,-3.23,-3.23,
2022-07-14,10,고금리(2022~),-4.3,-4.72,-4.86,-4.86,
2022-07-15,10,고금리(2022~),-5.07,-5.15,-5.34,-5.34,
2022-07-18,10,고금리(2022~),-3.47,-3.71,-3.79,-3.79,
2022-07-19,10,고금리(2022~),-2.59,-2.55,-2.55,-2.55,
2022-07-20,10,고금리(2022~),-3.04,-2.76,-2.77,-2.77,
2022-07-21,10,고금리(2022~),-4.67,-4.61,-4.71,-4.71,
2022-07-22,10,고금리(2022~),-7.01,-7.23,-7.66,-7.66,
2022-07-25,10,고금리(2022~),-6.33,-6.55,-6.88,-6.88,
2022-07-26,10,고금리(2022~),-7.14,-7.08,-7.48,-7.48,
2022-07-27,10,고금리(2022~),-4.26,-4.37,-4.39,-4.39,
2022-07-28,10,고금리(2022~),-5.1,-5.12,-5.2,-5.2,
2022-07-29,10,고금리(2022~),-3.8,-4.13,-4.1,-4.1,
2022-08-01,10,고금리(2022~),-4.32,-4.33,-4.33,-4.33,
2022-08-02,10,고금리(2022~),-4.09,-4.05,-4.02,-4.02,
2022-08-03,10,고금리(2022~),-1.77,-2.01,-1.88,-1.88,
2022-08-04,10,고금리(2022~),2.13,1.91,2.05,2.05,
2022-08-05,10,고금리(2022~),5.71,6.69,6.5,6.5,
2022-08-08,10,고금리(2022~),7.51,7.27,7.01,7.01,
2022-08-09,10,고금리(2022~),6.6,6.45,6.31,6.31,
2022-08-10,10,고금리(2022~),1.8,1.62,1.87,1.87,
2022-08-11,10,고금리(2022~),4.95,4.84,4.87,4.87,
2022-08-12,10,고금리(2022~),7.8,7.92,7.69,7.69,
2022-08-16,10,고금리(2022~),5.16,5.33,5.49,5.49,
2022-08-17,10,고금리(2022~),3.2,3.21,3.55,3.55,
2022-08-18,10,고금리(2022~),5.74,5.52,5.73,5.73,
2022-08-19,10,고금리(2022~),3.54,3.13,3.51,3.51,
2022-08-22,10,고금리(2022~),3.26,2.19,2.57,2.57,
2022-08-23,10,고금리(2022~),0.7,0.62,1.04,1.04,
2022-08-24,10,고금리(2022~),3.76,3.67,3.95,3.95,
2022-08-25,10,고금리(2022~),3.53,3.74,4.01,4.01,
2022-08-26,10,고금리(2022~),-0.92,-0.44,0.03,0.03,
2022-08-29,10,고금리(2022~),-0.69,-0.86,-0.41,-0.41,
2022-08-30,10,고금리(2022~),3.06,2.72,3.01,3.01,
2022-08-31,10,고금리(2022~),6.0,5.36,5.45,5.45,
2022-09-01,10,고금리(2022~),4.72,4.76,4.88,4.88,
2022-09-02,10,고금리(2022~),4.12,4.47,4.63,4.63,
2022-09-05,10,고금리(2022~),3.25,3.43,3.64,3.64,
2022-09-06,10,고금리(2022~),4.16,4.61,4.73,4.73,
2022-09-07,10,고금리(2022~),5.87,5.76,5.8,5.8,
2022-09-08,10,고금리(2022~),13.05,12.75,11.74,11.74,
2022-09-13,10,고금리(2022~),14.48,13.38,12.21,12.21,
2022-09-14,10,고금리(2022~),14.17,14.49,13.12,13.12,
2022-09-15,10,고금리(2022~),12.59,12.27,11.41,11.41,
2022-09-16,10,고금리(2022~),11.8,11.77,11.01,11.01,
2022-09-19,10,고금리(2022~),5.47,5.54,5.85,5.85,
2022-09-20,10,고금리(2022~),9.08,9.11,9.0,9.0,
2022-09-21,10,고금리(2022~),4.39,4.72,5.26,5.26,
2022-09-22,10,고금리(2022~),5.9,5.91,6.34,6.34,
2022-09-23,10,고금리(2022~),7.02,6.93,7.3,7.3,
2022-09-26,10,고금리(2022~),1.42,1.14,1.85,1.85,
2022-09-27,10,고금리(2022~),5.51,6.06,6.42,6.42,
2022-09-28,10,고금리(2022~),-2.45,-2.78,-2.05,-2.05,
2022-09-29,10,고금리(2022~),-1.41,-0.81,-0.03,-0.03,
2022-09-30,10,고금리(2022~),-4.89,-4.93,-4.28,-4.28,
2022-10-04,10,고금리(2022~),0.91,0.74,1.49,1.49,
2022-10-05,10,고금리(2022~),0.44,0.14,0.88,0.88,
2022-10-06,10,고금리(2022~),3.93,3.38,3.89,3.89,
2022-10-07,10,고금리(2022~),-1.35,-2.14,-1.43,-1.43,
2022-10-11,10,고금리(2022~),-5.18,-5.02,-4.63,-4.63,
2022-10-12,10,고금리(2022~),-3.42,-3.42,-2.92,-2.92,
2022-10-13,10,고금리(2022~),-7.62,-7.62,-7.63,-7.63,
2022-10-14,10,고금리(2022~),-1.88,-1.87,-1.52,-1.52,
2022-10-17,10,고금리(2022~),-3.75,-3.84,-3.58,-3.58,
2022-10-18,10,고금리(2022~),-1.1,-0.57,-0.28,-0.28,
2022-10-19,10,고금리(2022~),-2.07,-2.24,-2.03,-2.03,
2022-10-20,10,고금리(2022~),-2.91,-2.69,-2.52,-2.52,
2022-10-21,10,고금리(2022~),-2.9,-3.05,-2.9,-2.9,
2022-10-24,10,고금리(2022~),-0.73,-0.8,-0.68,-0.68,
2022-10-25,10,고금리(2022~),-3.19,-3.66,-3.61,-3.61,
2022-10-26,10,고금리(2022~),-3.26,-3.21,-3.12,-3.12,
2022-10-27,10,고금리(2022~),0.56,0.8,0.98,0.98,
2022-10-28,10,고금리(2022~),-6.67,-6.24,-6.12,-6.12,
2022-10-31,10,고금리(2022~),-4.08,-4.36,-4.05,-4.05,
2022-11-01,10,고금리(2022~),-7.14,-8.02,-8.04,-8.04,
2022-11-02,10,고금리(2022~),-7.27,-7.37,-7.27,-7.27,
2022-11-03,10,고금리(2022~),-7.63,-8.1,-8.15,-8.15,
2022-11-04,10,고금리(2022~),-6.62,-6.71,-6.52,-6.52,
2022-11-07,10,고금리(2022~),-3.39,-2.98,-2.37,-2.37,
2022-11-08,10,고금리(2022~),0.28,0.72,1.34,1.34,
2022-11-09,10,고금리(2022~),-2.44,-2.76,-2.11,-2.11,
2022-11-10,10,고금리(2022~),-5.81,-6.52,-6.22,-6.22,
2022-11-11,10,고금리(2022~),1.47,0.52,0.91,0.91,
2022-11-14,10,고금리(2022~),2.51,2.18,2.56,2.56,
2022-11-15,10,고금리(2022~),3.8,4.06,4.23,4.23,
2022-11-16,10,고금리(2022~),3.28,3.06,3.29,3.29,
2022-11-17,10,고금리(2022~),0.2,0.05,0.41,0.41,
2022-11-18,10,고금리(2022~),1.17,1.26,1.65,1.65,
2022-11-21,10,고금리(2022~),-1.61,-2.07,-1.75,-1.75,
2022-11-22,10,고금리(2022~),-0.84,-1.25,-0.88,-0.88,
2022-11-23,10,고금리(2022~),1.63,2.01,2.26,2.26,
2022-11-24,10,고금리(2022~),3.52,4.28,4.36,4.36,
2022-11-25,10,고금리(2022~),1.06,2.31,2.51,2.51,
2022-11-28,10,고금리(2022~),0.47,1.21,1.4,1.4,
2022-11-29,10,고금리(2022~),2.02,2.52,2.64,2.64,
2022-11-30,10,고금리(2022~),-0.38,0.88,1.08,1.08,
2022-12-01,10,고금리(2022~),3.63,4.33,4.33,4.33,
2022-12-02,10,고금리(2022~),2.59,3.3,3.33,3.33,
2022-12-05,10,고금리(2022~),2.99,3.83,3.82,3.82,
2022-12-06,10,고금리(2022~),3.22,4.0,3.98,3.98,
2022-12-07,10,고금리(2022~),2.27,2.55,2.64,2.64,
2022-12-08,10,고금리(2022~),-0.19,-0.1,0.1,0.1,
2022-12-09,10,고금리(2022~),4.68,4.63,4.78,4.78,
2022-12-12,10,고금리(2022~),1.31,1.16,1.55,1.55,
2022-12-13,10,고금리(2022~),0.28,0.18,0.61,0.61,
2022-12-14,10,고금리(2022~),5.5,4.75,5.0,5.0,
2022-12-15,10,고금리(2022~),5.4,5.66,5.84,5.84,
2022-12-16,10,고금리(2022~),5.14,5.23,5.45,5.45,
2022-12-19,10,고금리(2022~),4.87,4.88,5.13,5.13,
2022-12-20,10,고금리(2022~),1.92,1.92,2.33,2.33,
2022-12-21,10,고금리(2022~),3.7,4.07,4.35,4.35,
2022-12-22,10,고금리(2022~),4.36,4.35,4.6,4.6,
2022-12-23,10,고금리(2022~),-1.37,-1.71,-1.43,-1.43,
2022-12-26,10,고금리(2022~),2.13,2.26,2.5,2.5,
2022-12-27,10,고금리(2022~),1.13,1.36,1.67,1.67,
2022-12-28,10,고금리(2022~),-2.01,-1.73,-1.51,-1.51,
2022-12-29,10,고금리(2022~),-3.32,-3.5,-3.42,-3.42,
2023-01-02,10,고금리(2022~),-4.98,-5.4,-5.5,-5.5,
2023-01-03,10,고금리(2022~),-2.59,-3.06,-2.93,-2.93,
2023-01-04,10,고금리(2022~),-2.43,-2.91,-2.77,-2.77,
2023-01-05,10,고금리(2022~),-3.48,-3.83,-3.76,-3.76,
2023-01-06,10,고금리(2022~),-2.09,-2.55,-2.43,-2.43,
2023-01-09,10,고금리(2022~),-2.4,-2.68,-2.56,-2.56,
2023-01-10,10,고금리(2022~),-5.63,-5.89,-6.08,-6.08,
2023-01-11,10,고금리(2022~),-3.35,-3.16,-3.15,-3.15,
2023-01-12,10,고금리(2022~),-1.87,-2.34,-2.28,-2.28,
2023-01-13,10,고금리(2022~),-2.6,-2.82,-2.78,-2.78,
2023-01-16,10,고금리(2022~),-3.93,-4.31,-4.33,-4.33,
2023-01-17,10,고금리(2022~),-8.07,-7.94,-8.44,-8.44,
2023-01-18,10,고금리(2022~),-7.93,-7.85,-8.33,-8.33,
2023-01-19,10,고금리(2022~),-6.65,-6.82,-7.12,-7.12,
2023-01-20,10,고금리(2022~),-8.53,-8.44,-8.95,-8.95,
2023-01-25,10,고금리(2022~),-7.48,-7.27,-7.62,-7.62,
2023-01-26,10,고금리(2022~),-7.31,-7.23,-7.57,-7.57,
2023-01-27,10,고금리(2022~),-5.87,-6.68,-6.93,-6.93,
2023-01-30,10,고금리(2022~),-7.04,-7.35,-7.7,-7.7,
2023-01-31,10,고금리(2022~),-8.11,-8.34,-8.85,-8.85,
2023-02-01,10,고금리(2022~),-4.19,-4.32,-4.3,-4.3,
2023-02-02,10,고금리(2022~),-6.19,-6.3,-6.37,-6.37,
2023-02-03,10,고금리(2022~),-3.7,-4.03,-3.82,-3.82,
2023-02-06,10,고금리(2022~),-7.81,-8.13,-8.36,-8.36,
2023-02-07,10,고금리(2022~),-6.18,-6.31,-6.31,-6.31,
2023-02-08,10,고금리(2022~),-2.56,-2.76,-2.34,-2.34,
2023-02-09,10,고금리(2022~),-1.97,-2.11,-1.68,-1.68,
2023-02-10,10,고금리(2022~),-2.35,-2.03,-1.59,-1.59,
2023-02-13,10,고금리(2022~),-2.56,-2.32,-1.9,-1.9,
2023-02-14,10,고금리(2022~),-2.91,-3.28,-2.87,-2.87,
2023-02-15,10,고금리(2022~),-3.56,-3.11,-2.69,-2.69,
2023-02-16,10,고금리(2022~),-2.13,-2.39,-1.98,-1.98,
2023-02-17,10,고금리(2022~),-6.65,-6.75,-6.73,-6.73,
2023-02-20,10,고금리(2022~),-3.43,-3.28,-3.0,-3.0,
2023-02-21,10,고금리(2022~),-2.59,-2.78,-2.48,-2.48,
2023-02-22,10,고금리(2022~),-4.31,-4.79,-4.72,-4.72,
2023-02-23,10,고금리(2022~),-1.06,-1.3,-0.95,-0.95,
2023-02-24,10,고금리(2022~),-3.46,-3.66,-3.41,-3.41,
2023-02-27,10,고금리(2022~),0.63,0.67,1.19,1.19,
2023-02-28,10,고금리(2022~),-0.96,-0.96,-0.34,-0.34,
2023-03-02,10,고금리(2022~),-1.9,-2.19,-1.63,-1.63,
2023-03-03,10,고금리(2022~),-0.65,-0.94,-0.42,-0.42,
2023-03-06,10,고금리(2022~),1.56,2.0,2.42,2.42,
2023-03-07,10,고금리(2022~),1.33,0.8,1.26,1.26,
2023-03-08,10,고금리(2022~),-0.67,-0.91,-0.42,-0.42,
2023-03-09,10,고금리(2022~),-1.43,-1.37,-0.89,-0.89,
2023-03-10,10,고금리(2022~),-5.03,-5.47,-5.33,-5.33,
2023-03-13,10,고금리(2022~),-4.12,-4.52,-4.3,-4.3,
2023-03-14,10,고금리(2022~),-7.83,-8.26,-8.73,-8.73,
2023-03-15,10,고금리(2022~),-6.26,-6.34,-6.62,-6.62,
2023-03-16,10,고금리(2022~),-7.85,-8.2,-8.77,-8.77,
2023-03-17,10,고금리(2022~),-6.78,-6.61,-6.97,-6.97,
2023-03-20,10,고금리(2022~),-6.91,-7.71,-8.24,-8.24,
2023-03-21,10,고금리(2022~),-7.13,-6.9,-7.3,-7.3,
2023-03-22,10,고금리(2022~),-7.81,-8.08,-8.62,-8.62,
2023-03-23,10,고금리(2022~),-7.24,-7.72,-8.18,-8.18,
2023-03-24,10,고금리(2022~),-9.12,-9.08,-9.73,-9.73,
2023-03-27,10,고금리(2022~),-11.2,-11.57,-12.72,-12.72,
2023-03-28,10,고금리(2022~),-12.57,-12.86,-14.36,-14.36,
2023-03-29,10,고금리(2022~),-9.22,-9.25,-9.79,-9.79,
2023-03-30,10,고금리(2022~),-8.17,-8.13,-8.46,-8.46,
2023-03-31,10,고금리(2022~),-8.92,-8.92,-9.39,-9.39,
2023-04-03,10,고금리(2022~),-8.72,-8.53,-8.92,-8.92,
2023-04-04,10,고금리(2022~),-8.26,-8.73,-9.17,-9.17,
2023-04-05,10,고금리(2022~),-5.21,-5.25,-5.23,-5.23,
2023-04-06,10,고금리(2022~),-3.0,-3.02,-2.72,-2.72,
2023-04-07,10,고금리(2022~),2.11,2.13,2.43,2.43,
2023-04-10,10,고금리(2022~),7.01,7.37,7.13,7.13,
2023-04-11,10,고금리(2022~),9.97,10.82,10.03,10.03,
2023-04-12,10,고금리(2022~),8.12,7.96,7.59,7.59,
2023-04-13,10,고금리(2022~),4.19,3.63,3.88,3.88,
2023-04-14,10,고금리(2022~),5.8,5.83,5.87,5.87,
2023-04-17,10,고금리(2022~),4.52,4.16,4.4,4.4,
2023-04-18,10,고금리(2022~),6.95,7.36,7.33,7.33,
2023-04-19,10,고금리(2022~),5.75,5.77,5.93,5.93,
2023-04-20,10,고금리(2022~),2.97,3.45,3.74,3.74,
2023-04-21,10,고금리(2022~),2.18,2.29,2.61,2.61,
2023-04-24,10,고금리(2022~),1.43,1.29,1.63,1.63,
2023-04-25,10,고금리(2022~),1.88,1.53,1.86,1.86,
2023-04-26,10,고금리(2022~),1.64,1.33,1.67,1.67,
2023-04-27,10,고금리(2022~),6.22,6.1,5.94,5.94,
2023-04-28,10,고금리(2022~),4.99,4.31,4.33,4.33,
2023-05-02,10,고금리(2022~),3.46,3.46,3.58,3.58,
2023-05-03,10,고금리(2022~),1.32,1.32,1.47,1.47,
2023-05-04,10,고금리(2022~),0.97,0.92,1.08,1.08,
2023-05-08,10,고금리(2022~),-1.2,-1.5,-1.34,-1.34,
2023-05-09,10,고금리(2022~),-3.56,-4.13,-4.1,-4.1,
2023-05-10,10,고금리(2022~),-4.11,-3.93,-3.88,-3.88,
2023-05-11,10,고금리(2022~),-4.28,-4.72,-4.77,-4.77,
2023-05-12,10,고금리(2022~),-4.04,-4.01,-3.99,-3.99,
2023-05-15,10,고금리(2022~),-6.08,-5.99,-6.16,-6.16,
2023-05-16,10,고금리(2022~),-6.03,-5.82,-5.98,-5.98,
2023-05-17,10,고금리(2022~),-4.18,-4.07,-4.11,-4.11,
2023-05-18,10,고금리(2022~),-5.11,-5.27,-5.43,-5.43,
2023-05-19,10,고금리(2022~),-4.19,-4.07,-4.13,-4.13,
2023-05-22,10,고금리(2022~),-4.26,-4.66,-4.75,-4.75,
2023-05-23,10,고금리(2022~),-1.85,-2.2,-2.13,-2.13,
2023-05-24,10,고금리(2022~),-4.41,-5.46,-5.61,-5.61,
2023-05-25,10,고금리(2022~),-5.92,-6.87,-7.22,-7.22,
2023-05-26,10,고금리(2022~),-8.06,-8.8,-9.46,-9.46,
2023-05-30,10,고금리(2022~),-2.69,-3.2,-2.94,-2.94,
2023-05-31,10,고금리(2022~),-2.22,-3.12,-2.86,-2.86,
2023-06-01,10,고금리(2022~),-2.86,-4.37,-4.16,-4.16,
2023-06-02,10,고금리(2022~),-2.63,-3.89,-3.64,-3.64,
2023-06-05,10,고금리(2022~),-1.87,-2.8,-2.45,-2.45,
2023-06-07,10,고금리(2022~),1.65,0.94,1.32,1.32,
2023-06-08,10,고금리(2022~),-0.13,-0.76,-0.38,-0.38,
2023-06-09,10,고금리(2022~),2.18,2.3,2.58,2.58,
2023-06-12,10,고금리(2022~),1.93,1.96,2.26,2.26,
2023-06-13,10,고금리(2022~),5.1,4.68,4.78,4.78,
2023-06-14,10,고금리(2022~),2.14,1.87,1.98,1.98,
2023-06-15,10,고금리(2022~),2.9,2.71,2.78,2.78,
2023-06-16,10,고금리(2022~),2.82,3.18,3.21,3.21,
2023-06-19,10,고금리(2022~),-0.77,-0.63,-0.37,-0.37,
2023-06-20,10,고금리(2022~),-1.4,-1.12,-0.89,-0.89,
2023-06-21,10,고금리(2022~),-3.87,-3.43,-3.32,-3.32,
2023-06-22,10,고금리(2022~),-0.88,-1.21,-0.98,-0.98,
2023-06-23,10,고금리(2022~),-1.13,-1.17,-0.95,-0.95,
2023-06-26,10,고금리(2022~),0.63,0.6,0.83,0.83,
2023-06-27,10,고금리(2022~),-3.49,-3.0,-2.77,-2.77,
2023-06-28,10,고금리(2022~),-4.43,-4.62,-4.54,-4.54,
2023-06-29,10,고금리(2022~),-5.77,-5.91,-5.96,-5.96,
2023-06-30,10,고금리(2022~),-5.24,-5.32,-5.32,-5.32,
2023-07-03,10,고금리(2022~),-1.68,-1.61,-1.48,-1.48,
2023-07-04,10,고금리(2022~),-5.03,-6.5,-6.6,-6.6,
2023-07-05,10,고금리(2022~),-7.02,-8.02,-8.32,-8.32,
2023-07-06,10,고금리(2022~),-9.89,-9.63,-10.27,-10.27,
2023-07-07,10,고금리(2022~),-10.9,-11.28,-12.3,-12.3,
2023-07-10,10,고금리(2022~),-12.64,-12.85,-14.34,-14.34,
2023-07-11,10,고금리(2022~),-13.16,-13.78,-15.5,-15.5,
2023-07-12,10,고금리(2022~),-9.65,-9.41,-9.65,-9.65,
2023-07-13,10,고금리(2022~),-5.47,-4.94,-4.35,-4.35,
2023-07-14,10,고금리(2022~),-7.89,-7.95,-7.59,-7.59,
2023-07-17,10,고금리(2022~),-10.94,-11.48,-11.73,-11.73,
2023-07-18,10,고금리(2022~),-7.88,-6.91,-6.43,-6.43,
2023-07-19,10,고금리(2022~),-0.84,-0.13,0.97,0.97,
2023-07-20,10,고금리(2022~),-2.95,-3.52,-2.37,-2.37,
2023-07-21,10,고금리(2022~),-0.85,-0.94,0.31,0.31,
2023-07-24,10,고금리(2022~),3.72,4.09,5.29,5.29,
2023-07-25,10,고금리(2022~),7.88,8.15,8.72,8.72,
2023-07-26,10,고금리(2022~),0.71,0.08,1.18,1.18,
2023-07-27,10,고금리(2022~),-2.89,-3.4,-2.52,-2.52,
2023-07-28,10,고금리(2022~),1.71,1.7,2.46,2.46,
2023-07-31,10,고금리(2022~),7.4,7.82,7.91,7.91,
2023-08-01,10,고금리(2022~),9.88,9.56,9.42,9.42,
2023-08-02,10,고금리(2022~),2.82,1.97,2.51,2.51,
2023-08-03,10,고금리(2022~),6.81,7.87,7.75,7.75,
2023-08-04,10,고금리(2022~),3.44,3.42,3.82,3.82,
2023-08-07,10,고금리(2022~),-1.52,-1.98,-1.64,-1.64,
2023-08-08,10,고금리(2022~),0.28,0.12,0.53,0.53,
2023-08-09,10,고금리(2022~),0.71,0.41,0.8,0.8,
2023-08-10,10,고금리(2022~),0.99,0.53,0.92,0.92,
2023-08-11,10,고금리(2022~),-0.84,-1.25,-0.86,-0.86,
2023-08-14,10,고금리(2022~),-3.03,-3.28,-3.03,-3.03,
2023-08-16,10,고금리(2022~),-5.91,-5.82,-5.87,-5.87,
2023-08-17,10,고금리(2022~),-3.84,-3.79,-3.69,-3.69,
2023-08-18,10,고금리(2022~),-3.39,-4.07,-4.01,-4.01,
2023-08-21,10,고금리(2022~),-0.97,-1.02,-0.87,-0.87,
2023-08-22,10,고금리(2022~),0.84,0.96,1.1,1.1,
2023-08-23,10,고금리(2022~),-0.14,-0.31,-0.19,-0.19,
2023-08-24,10,고금리(2022~),3.65,3.9,3.83,3.83,
2023-08-25,10,고금리(2022~),2.39,2.04,2.1,2.1,
2023-08-28,10,고금리(2022~),3.82,4.21,4.14,4.14,
2023-08-29,10,고금리(2022~),5.26,5.13,4.99,4.99,
2023-08-30,10,고금리(2022~),7.28,7.06,6.72,6.72,
2023-08-31,10,고금리(2022~),5.14,5.87,5.69,5.69,
2023-09-01,10,고금리(2022~),3.65,4.45,4.39,4.39,
2023-09-04,10,고금리(2022~),4.2,4.55,4.48,4.48,
2023-09-05,10,고금리(2022~),4.17,4.04,4.01,4.01,
2023-09-06,10,고금리(2022~),2.34,2.2,2.28,2.28,
2023-09-07,10,고금리(2022~),3.12,3.61,3.68,3.68,
2023-09-08,10,고금리(2022~),4.53,5.33,5.22,5.22,
2023-09-11,10,고금리(2022~),6.0,6.25,6.07,6.07,
2023-09-12,10,고금리(2022~),6.61,7.02,6.76,6.76,
2023-09-13,10,고금리(2022~),3.32,3.14,3.28,3.28,
2023-09-14,10,고금리(2022~),9.91,9.46,9.04,9.04,
2023-09-15,10,고금리(2022~),10.16,9.26,8.87,8.87,
2023-09-18,10,고금리(2022~),7.66,7.35,7.25,7.25,
2023-09-19,10,고금리(2022~),9.88,10.04,9.6,9.6,
2023-09-20,10,고금리(2022~),7.12,7.26,7.36,7.36,
2023-09-21,10,고금리(2022~),1.84,1.15,1.75,1.75,
2023-09-22,10,고금리(2022~),3.67,3.24,3.79,3.79,
2023-09-25,10,고금리(2022~),2.57,2.36,2.94,2.94,
2023-09-26,10,고금리(2022~),0.0,-0.45,0.18,0.18,
2023-09-27,10,고금리(2022~),3.35,3.69,4.16,4.16,
2023-10-04,10,고금리(2022~),2.1,1.54,1.98,1.98,
2023-10-05,10,고금리(2022~),3.57,3.75,4.12,4.12,
2023-10-06,10,고금리(2022~),5.49,5.14,5.37,5.37,
2023-10-10,10,고금리(2022~),-0.73,-1.29,-0.76,-0.76,
2023-10-11,10,고금리(2022~),5.9,6.06,6.24,6.24,
2023-10-12,10,고금리(2022~),13.16,13.11,12.12,12.12,
2023-10-13,10,고금리(2022~),9.49,9.32,9.05,9.05,
2023-10-16,10,고금리(2022~),7.65,7.03,7.09,7.09,
2023-10-17,10,고금리(2022~),12.41,11.93,11.25,11.25,
2023-10-18,10,고금리(2022~),10.83,10.14,9.78,9.78,
2023-10-19,10,고금리(2022~),1.81,2.0,2.78,2.78,
2023-10-20,10,고금리(2022~),-0.71,-1.49,-0.7,-0.7,
2023-10-23,10,고금리(2022~),-14.91,-15.86,-15.43,-15.43,
2023-10-24,10,고금리(2022~),-7.22,-8.22,-5.64,-5.64,
2023-10-25,10,고금리(2022~),-7.82,-8.77,-6.32,-6.32,
2023-10-26,10,고금리(2022~),-10.6,-11.17,-9.33,-9.33,
2023-10-27,10,고금리(2022~),-7.4,-8.18,-5.74,-5.74,
2023-10-30,10,고금리(2022~),-5.13,-5.6,-2.83,-2.83,
2023-10-31,10,고금리(2022~),-10.92,-11.74,-9.98,-9.98,
2023-11-01,10,고금리(2022~),-12.7,-13.82,-12.59,-12.59,
2023-11-02,10,고금리(2022~),-7.24,-8.66,-6.51,-6.51,
2023-11-03,10,고금리(2022~),-4.78,-5.12,-2.49,-2.49,
2023-11-06,10,고금리(2022~),8.07,7.91,8.02,8.02,
2023-11-07,10,고금리(2022~),2.37,2.81,3.19,3.19,
2023-11-08,10,고금리(2022~),0.64,0.07,0.45,0.45,
2023-11-09,10,고금리(2022~),-0.77,-1.15,-0.78,-0.78,
2023-11-10,10,고금리(2022~),-2.12,-2.33,-2.04,-2.04,
2023-11-13,10,고금리(2022~),-2.95,-3.58,-3.4,-3.4,
2023-11-14,10,고금리(2022~),-1.52,-1.83,-1.63,-1.63,
2023-11-15,10,고금리(2022~),-0.77,-0.54,-0.36,-0.36,
2023-11-16,10,고금리(2022~),-2.43,-2.55,-2.41,-2.41,
2023-11-17,10,고금리(2022~),-4.02,-4.37,-4.42,-4.42,
2023-11-20,10,고금리(2022~),-1.93,-2.06,-2.03,-2.03,
2023-11-21,10,고금리(2022~),0.13,-0.02,0.11,0.11,
2023-11-22,10,고금리(2022~),-1.66,-1.64,-1.52,-1.52,
2023-11-23,10,고금리(2022~),0.13,0.01,0.17,0.17,
2023-11-24,10,고금리(2022~),-3.7,-4.12,-4.02,-4.02,
2023-11-27,10,고금리(2022~),-4.94,-5.41,-5.43,-5.43,
2023-11-28,10,고금리(2022~),-4.24,-4.29,-4.22,-4.22,
2023-11-29,10,고금리(2022~),-1.82,-2.4,-2.2,-2.2,
2023-11-30,10,고금리(2022~),-2.76,-2.1,-1.9,-1.9,
2023-12-01,10,고금리(2022~),-3.27,-2.52,-2.34,-2.34,
2023-12-04,10,고금리(2022~),-4.86,-3.88,-3.75,-3.75,
2023-12-05,10,고금리(2022~),-7.98,-7.48,-7.83,-7.83,
2023-12-06,10,고금리(2022~),-7.4,-6.57,-6.8,-6.8,
2023-12-07,10,고금리(2022~),-7.83,-6.84,-7.11,-7.11,
2023-12-08,10,고금리(2022~),-3.84,-2.55,-2.51,-2.51,
2023-12-11,10,고금리(2022~),-2.53,-1.23,-1.13,-1.13,
2023-12-12,10,고금리(2022~),-3.89,-2.89,-2.82,-2.82,
2023-12-13,10,고금리(2022~),-6.21,-5.01,-5.12,-5.12,
2023-12-14,10,고금리(2022~),-4.86,-3.87,-3.89,-3.89,
2023-12-15,10,고금리(2022~),-2.44,-2.56,-2.47,-2.47,
2023-12-18,10,고금리(2022~),0.14,0.08,0.21,0.21,
2023-12-19,10,고금리(2022~),-0.28,-0.37,-0.22,-0.22,
2023-12-20,10,고금리(2022~),0.28,0.61,0.75,0.75,
2023-12-21,10,고금리(2022~),-0.97,-1.51,-1.38,-1.38,
2023-12-22,10,고금리(2022~),-0.69,-0.69,-0.52,-0.52,
2023-12-26,10,고금리(2022~),-2.87,-2.5,-2.37,-2.37,
2023-12-27,10,고금리(2022~),1.26,1.38,1.55,1.55,
2023-12-28,10,고금리(2022~),3.8,4.17,4.19,4.19,
2024-01-02,10,고금리(2022~),5.11,4.33,4.34,4.34,
2024-01-03,10,고금리(2022~),5.13,5.43,5.38,5.38,
2024-01-04,10,고금리(2022~),3.72,3.63,3.73,3.73,
2024-01-05,10,고금리(2022~),6.31,6.81,6.59,6.59,
2024-01-08,10,고금리(2022~),7.55,7.23,6.96,6.96,
2024-01-09,10,고금리(2022~),8.02,7.88,7.5,7.5,
2024-01-10,10,고금리(2022~),7.35,7.56,7.22,7.22,
2024-01-11,10,고금리(2022~),10.41,10.44,9.64,9.64,
2024-01-12,10,고금리(2022~),5.1,5.0,5.02,5.02,
2024-01-15,10,고금리(2022~),5.83,5.72,5.7,5.7,
2024-01-16,10,고금리(2022~),4.86,4.64,4.73,4.73,
2024-01-17,10,고금리(2022~),5.15,4.95,5.02,5.02,
2024-01-18,10,고금리(2022~),5.05,4.54,4.66,4.66,
2024-01-19,10,고금리(2022~),1.58,0.87,1.24,1.24,
2024-01-22,10,고금리(2022~),1.82,1.38,1.74,1.74,
2024-01-23,10,고금리(2022~),2.21,2.57,2.88,2.88,
2024-01-24,10,고금리(2022~),0.39,-0.53,-0.14,-0.14,
2024-01-25,10,고금리(2022~),-3.44,-4.35,-4.09,-4.09,
2024-01-26,10,고금리(2022~),-2.88,-3.16,-2.88,-2.88,
2024-01-29,10,고금리(2022~),-5.51,-6.09,-6.14,-6.14,
2024-01-30,10,고금리(2022~),-5.53,-5.82,-5.84,-5.84,
2024-01-31,10,고금리(2022~),-8.28,-8.36,-8.87,-8.87,
2024-02-01,10,고금리(2022~),-7.84,-7.63,-8.02,-8.02,
2024-02-02,10,고금리(2022~),-5.97,-5.99,-6.19,-6.19,
2024-02-05,10,고금리(2022~),-7.79,-7.64,-8.12,-8.12,
2024-02-06,10,고금리(2022~),-8.54,-8.72,-9.39,-9.39,
2024-02-07,10,고금리(2022~),-7.98,-8.12,-8.7,-8.7,
2024-02-08,10,고금리(2022~),-6.07,-5.97,-6.28,-6.28,
2024-02-13,10,고금리(2022~),-2.43,-2.28,-2.27,-2.27,
2024-02-14,10,고금리(2022~),-3.39,-3.58,-3.61,-3.61,
2024-02-15,10,고금리(2022~),-3.81,-3.76,-3.8,-3.8,
2024-02-16,10,고금리(2022~),-5.2,-5.37,-5.55,-5.55,
2024-02-19,10,고금리(2022~),-4.25,-4.12,-4.17,-4.17,
2024-02-20,10,고금리(2022~),-4.14,-4.36,-4.42,-4.42,
2024-02-21,10,고금리(2022~),-3.05,-3.21,-3.17,-3.17,
2024-02-22,10,고금리(2022~),-4.6,-5.09,-5.15,-5.15,
2024-02-23,10,고금리(2022~),-4.76,-4.41,-4.41,-4.41,
2024-02-26,10,고금리(2022~),-6.6,-6.71,-6.91,-6.91,
2024-02-27,10,고금리(2022~),-7.75,-8.02,-8.46,-8.46,
2024-02-28,10,고금리(2022~),-6.32,-5.92,-6.09,-6.09,
2024-02-29,10,고금리(2022~),-4.25,-3.79,-3.73,-3.73,
2024-03-04,10,고금리(2022~),-4.18,-4.34,-4.31,-4.31,
2024-03-05,10,고금리(2022~),-5.01,-5.11,-5.15,-5.15,
2024-03-06,10,고금리(2022~),-4.18,-4.03,-3.98,-3.98,
2024-03-07,10,고금리(2022~),-7.14,-7.19,-7.47,-7.47,
2024-03-08,10,고금리(2022~),-5.26,-4.58,-4.59,-4.59,
2024-03-11,10,고금리(2022~),-6.61,-6.72,-6.94,-6.94,
2024-03-12,10,고금리(2022~),-4.96,-5.12,-5.2,-5.2,
2024-03-13,10,고금리(2022~),-4.5,-4.35,-4.34,-4.34,
2024-03-14,10,고금리(2022~),-4.2,-4.04,-3.99,-3.99,
2024-03-15,10,고금리(2022~),-4.44,-4.59,-4.61,-4.61,
2024-03-18,10,고금리(2022~),-2.86,-2.64,-2.56,-2.56,
2024-03-19,10,고금리(2022~),0.45,0.47,0.73,0.73,
2024-03-20,10,고금리(2022~),2.11,1.93,2.17,2.17,
2024-03-21,10,고금리(2022~),4.15,3.99,4.06,4.06,
2024-03-22,10,고금리(2022~),6.16,6.25,6.15,6.15,
2024-03-25,10,고금리(2022~),8.96,9.2,8.64,8.64,
2024-03-26,10,고금리(2022~),9.97,9.96,9.26,9.26,
2024-03-27,10,고금리(2022~),9.11,9.14,8.57,8.57,
2024-03-28,10,고금리(2022~),9.08,8.17,7.75,7.75,
2024-03-29,10,고금리(2022~),8.2,8.06,7.65,7.65,
2024-04-01,10,고금리(2022~),10.85,10.57,9.8,9.8,
2024-04-02,10,고금리(2022~),8.26,7.98,7.54,7.54,
2024-04-03,10,고금리(2022~),2.8,2.58,2.76,2.76,
2024-04-04,10,고금리(2022~),4.43,4.66,4.71,4.71,
2024-04-05,10,고금리(2022~),1.45,0.36,0.6,0.6,
2024-04-08,10,고금리(2022~),1.01,0.11,0.35,0.35,
2024-04-09,10,고금리(2022~),-1.87,-1.79,-1.52,-1.52,
2024-04-11,10,고금리(2022~),-0.43,-0.77,-0.47,-0.47,
2024-04-12,10,고금리(2022~),-1.15,-0.87,-0.56,-0.56,
2024-04-15,10,고금리(2022~),-2.86,-3.22,-2.99,-2.99,
2024-04-16,10,고금리(2022~),-5.17,-5.24,-5.23,-5.23,
2024-04-17,10,고금리(2022~),-5.41,-5.38,-5.39,-5.39,
2024-04-18,10,고금리(2022~),-1.72,-2.08,-1.95,-1.95,
2024-04-19,10,고금리(2022~),-3.54,-4.01,-4.03,-4.03,
2024-04-22,10,고금리(2022~),-2.58,-2.28,-2.22,-2.22,
2024-04-23,10,고금리(2022~),-2.0,-1.59,-1.5,-1.5,
2024-04-24,10,고금리(2022~),1.47,1.77,1.82,1.82,
2024-04-25,10,고금리(2022~),1.88,1.8,1.85,1.85,
2024-04-26,10,고금리(2022~),1.45,1.63,1.69,1.69,
2024-04-29,10,고금리(2022~),2.21,1.99,2.02,2.02,
2024-04-30,10,고금리(2022~),7.37,6.82,6.67,6.67,
2024-05-02,10,고금리(2022~),6.3,6.11,6.04,6.04,
2024-05-03,10,고금리(2022~),5.54,5.37,5.38,5.38,
2024-05-07,10,고금리(2022~),6.01,5.98,5.93,5.93,
2024-05-08,10,고금리(2022~),6.61,6.83,6.68,6.68,
2024-05-09,10,고금리(2022~),6.71,6.68,6.56,6.56,
2024-05-10,10,고금리(2022~),4.19,3.23,3.46,3.46,
2024-05-13,10,고금리(2022~),2.27,2.05,2.32,2.32,
2024-05-14,10,고금리(2022~),5.15,4.69,4.81,4.81,
2024-05-16,10,고금리(2022~),6.63,6.86,6.74,6.74,
2024-05-17,10,고금리(2022~),0.69,0.57,0.69,0.69,
2024-05-20,10,고금리(2022~),0.41,-0.3,-0.17,-0.17,
2024-05-21,10,고금리(2022~),-0.55,-0.28,-0.15,-0.15,
2024-05-22,10,고금리(2022~),-1.8,-2.0,-1.89,-1.89,
2024-05-23,10,고금리(2022~),-4.96,-5.7,-5.79,-5.79,
2024-05-24,10,고금리(2022~),-4.51,-5.0,-5.0,-5.0,
2024-05-27,10,고금리(2022~),-4.3,-4.25,-4.2,-4.2,
2024-05-28,10,고금리(2022~),-4.3,-4.08,-4.01,-4.01,
2024-05-29,10,고금리(2022~),-5.71,-5.6,-5.73,-5.73,
2024-05-30,10,고금리(2022~),-5.0,-5.23,-5.3,-5.3,
2024-05-31,10,고금리(2022~),-3.82,-3.82,-3.79,-3.79,
2024-06-03,10,고금리(2022~),-3.3,-3.19,-3.12,-3.12,
2024-06-04,10,고금리(2022~),-2.22,-2.99,-2.9,-2.9,
2024-06-05,10,고금리(2022~),-0.56,-0.27,-0.1,-0.1,
2024-06-07,10,고금리(2022~),2.46,2.58,2.59,2.59,
2024-06-10,10,고금리(2022~),2.72,2.53,2.54,2.54,
2024-06-11,10,고금리(2022~),3.62,3.43,3.37,3.37,
2024-06-12,10,고금리(2022~),4.06,3.42,3.36,3.36,
2024-06-13,10,고금리(2022~),3.61,2.79,2.77,2.77,
2024-06-14,10,고금리(2022~),1.99,1.94,1.95,1.95,
2024-06-17,10,고금리(2022~),-0.14,-0.09,-0.01,-0.01,
2024-06-18,10,고금리(2022~),2.7,2.72,2.79,2.79,
2024-06-19,10,고금리(2022~),0.14,0.48,0.7,0.7,
2024-06-20,10,고금리(2022~),-1.13,-1.68,-1.49,-1.49,
2024-06-21,10,고금리(2022~),-3.25,-3.27,-3.12,-3.12,
2024-06-24,10,고금리(2022~),-5.71,-5.13,-5.16,-5.16,
2024-06-25,10,고금리(2022~),-5.31,-4.96,-4.98,-4.98,
2024-06-26,10,고금리(2022~),-5.43,-5.35,-5.42,-5.42,
2024-06-27,10,고금리(2022~),-4.6,-4.36,-4.32,-4.32,
2024-06-28,10,고금리(2022~),-3.91,-4.33,-4.29,-4.29,
2024-07-01,10,고금리(2022~),-2.41,-2.66,-2.53,-2.53,
2024-07-02,10,고금리(2022~),-3.46,-3.5,-3.46,-3.46,
2024-07-03,10,고금리(2022~),0.85,0.79,0.89,0.89,
2024-07-04,10,고금리(2022~),2.44,2.28,2.33,2.33,
2024-07-05,10,고금리(2022~),3.51,3.23,3.2,3.2,
2024-07-08,10,고금리(2022~),7.39,7.12,6.82,6.82,
2024-07-09,10,고금리(2022~),6.94,6.33,6.13,6.13,
2024-07-10,10,고금리(2022~),6.19,5.72,5.59,5.59,
2024-07-11,10,고금리(2022~),7.45,7.54,7.24,7.24,
2024-07-12,10,고금리(2022~),7.11,7.3,7.03,7.03,
2024-07-15,10,고금리(2022~),5.68,5.16,5.18,5.18,
2024-07-16,10,고금리(2022~),4.15,3.91,4.02,4.02,
2024-07-17,10,고금리(2022~),2.25,2.25,2.43,2.43,
2024-07-18,10,고금리(2022~),0.14,-0.12,0.15,0.15,
2024-07-19,10,고금리(2022~),5.79,5.63,5.79,5.79,
2024-07-22,10,고금리(2022~),14.44,15.55,15.22,15.22,
2024-07-23,10,고금리(2022~),6.91,5.64,8.11,8.11,
2024-07-24,10,고금리(2022~),5.27,3.85,6.56,6.56,
2024-07-25,10,고금리(2022~),3.8,2.85,5.62,5.62,
2024-07-26,10,고금리(2022~),0.54,-0.44,2.59,2.59,
2024-07-29,10,고금리(2022~),1.79,1.52,4.42,4.42,
2024-07-30,10,고금리(2022~),2.34,1.61,4.51,4.51,
2024-07-31,10,고금리(2022~),0.96,-0.48,2.54,2.54,
2024-08-01,10,고금리(2022~),0.42,-0.33,2.69,2.69,
2024-08-02,10,고금리(2022~),-2.54,-3.23,-0.43,-0.43,
2024-08-05,10,고금리(2022~),-13.22,-15.32,-16.69,-16.69,
2024-08-06,10,고금리(2022~),-5.3,-5.03,-4.98,-4.98,
2024-08-07,10,고금리(2022~),-3.03,-2.3,-2.09,-2.09,
2024-08-08,10,고금리(2022~),-4.19,-4.28,-4.22,-4.22,
2024-08-09,10,고금리(2022~),-0.13,-0.21,-0.05,-0.05,
2024-08-12,10,고금리(2022~),0.95,0.65,0.8,0.8,
2024-08-13,10,고금리(2022~),0.13,-0.19,-0.03,-0.03,
2024-08-14,10,고금리(2022~),2.45,2.85,2.89,2.89,
2024-08-16,10,고금리(2022~),2.36,2.85,2.9,2.9,
2024-08-19,10,고금리(2022~),0.41,-0.08,0.03,0.03,
2024-08-20,10,고금리(2022~),3.32,3.26,3.29,3.29,
2024-08-21,10,고금리(2022~),6.28,6.17,6.1,6.1,
2024-08-22,10,고금리(2022~),6.52,6.38,6.28,6.28,
2024-08-23,10,고금리(2022~),10.25,10.44,9.82,9.82,
2024-08-26,10,고금리(2022~),7.56,7.26,7.16,7.16,
2024-08-27,10,고금리(2022~),8.85,8.69,8.42,8.42,
2024-08-28,10,고금리(2022~),8.32,8.11,7.93,7.93,
2024-08-29,10,고금리(2022~),3.46,3.1,3.58,3.58,
2024-08-30,10,고금리(2022~),5.43,5.04,5.34,5.34,
2024-09-02,10,고금리(2022~),4.5,4.37,4.75,4.75,
2024-09-03,10,고금리(2022~),0.94,0.55,1.11,1.11,
2024-09-04,10,고금리(2022~),-4.75,-3.9,-3.66,-3.66,
2024-09-05,10,고금리(2022~),-7.27,-7.62,-7.74,-7.74,
2024-09-06,10,고금리(2022~),-8.18,-8.44,-8.76,-8.76,
2024-09-09,10,고금리(2022~),-9.79,-9.6,-10.09,-10.09,
2024-09-10,10,고금리(2022~),-10.71,-10.22,-10.88,-10.88,
2024-09-11,10,고금리(2022~),-8.92,-8.45,-8.72,-8.72,
2024-09-12,10,고금리(2022~),-5.91,-5.95,-5.97,-5.97,
2024-09-13,10,고금리(2022~),-6.96,-7.26,-7.45,-7.45,
2024-09-19,10,고금리(2022~),-6.92,-7.1,-7.27,-7.27,
2024-09-20,10,고금리(2022~),-5.31,-4.86,-4.77,-4.77,
2024-09-23,10,고금리(2022~),-3.5,-4.41,-4.28,-4.28,
2024-09-24,10,고금리(2022~),-0.28,0.05,0.31,0.31,
2024-09-25,10,고금리(2022~),-1.75,-1.92,-1.75,-1.75,
2024-09-26,10,고금리(2022~),0.56,0.1,0.23,0.23,
2024-09-27,10,고금리(2022~),1.1,0.58,0.72,0.72,
2024-09-30,10,고금리(2022~),0.0,-0.76,-0.64,-0.64,
2024-10-02,10,고금리(2022~),2.19,2.48,2.58,2.58,
2024-10-04,10,고금리(2022~),2.08,2.01,2.14,2.14,
2024-10-07,10,고금리(2022~),6.73,6.94,6.72,6.72,
2024-10-08,10,고금리(2022~),5.19,4.67,4.71,4.71,
2024-10-10,10,고금리(2022~),6.28,6.26,6.16,6.16,
2024-10-11,10,고금리(2022~),5.93,5.6,5.56,5.56,
2024-10-14,10,고금리(2022~),3.02,2.45,2.73,2.73,
2024-10-15,10,고금리(2022~),2.77,2.39,2.67,2.67,
2024-10-16,10,고금리(2022~),2.59,2.26,2.54,2.54,
2024-10-17,10,고금리(2022~),1.5,1.28,1.61,1.61,
2024-10-18,10,고금리(2022~),2.14,2.13,2.47,2.47,
2024-10-21,10,고금리(2022~),-1.76,-2.0,-1.34,-1.34,
2024-10-22,10,고금리(2022~),-3.81,-4.05,-3.59,-3.59,
2024-10-23,10,고금리(2022~),-0.93,-1.06,-0.46,-0.46,
2024-10-24,10,고금리(2022~),-0.53,-1.07,-0.47,-0.47,
2024-10-25,10,고금리(2022~),-3.26,-3.73,-3.22,-3.22,
2024-10-28,10,고금리(2022~),0.53,0.69,1.26,1.26,
2024-10-29,10,고금리(2022~),3.1,3.71,4.16,4.16,
2024-10-30,10,고금리(2022~),5.45,5.3,5.68,5.68,
2024-10-31,10,고금리(2022~),7.64,8.0,8.05,8.05,
2024-11-01,10,고금리(2022~),4.06,3.43,3.91,3.91,
2024-11-04,10,고금리(2022~),8.84,8.62,8.22,8.22,
2024-11-05,10,고금리(2022~),9.84,9.87,9.3,9.3,
2024-11-06,10,고금리(2022~),9.15,9.37,8.88,8.88,
2024-11-07,10,고금리(2022~),7.0,6.76,6.62,6.62,
2024-11-08,10,고금리(2022~),11.44,11.86,10.93,10.93,
2024-11-11,10,고금리(2022~),4.91,4.25,4.66,4.66,
2024-11-12,10,고금리(2022~),5.22,4.65,5.04,5.04,
2024-11-13,10,고금리(2022~),2.27,1.68,2.16,2.16,
2024-11-14,10,고금리(2022~),0.62,0.06,0.56,0.56,
2024-11-15,10,고금리(2022~),4.53,4.36,4.71,4.71,
2024-11-18,10,고금리(2022~),5.08,5.17,5.44,5.44,
2024-11-19,10,고금리(2022~),0.5,-0.07,0.53,0.53,
2024-11-20,10,고금리(2022~),1.36,1.18,1.79,1.79,
2024-11-21,10,고금리(2022~),1.98,1.98,2.56,2.56,
2024-11-22,10,고금리(2022~),0.6,0.37,0.93,0.93,
2024-11-25,10,고금리(2022~),10.62,10.14,9.62,9.62,
2024-11-26,10,고금리(2022~),3.23,2.34,2.93,2.93,
2024-11-27,10,고금리(2022~),2.22,2.14,2.74,2.74,
2024-11-28,10,고금리(2022~),0.74,0.86,1.52,1.52,
2024-11-29,10,고금리(2022~),-2.53,-2.17,-1.61,-1.61,
2024-12-02,10,고금리(2022~),-2.17,-2.19,-1.63,-1.63,
2024-12-03,10,고금리(2022~),1.36,2.26,2.73,2.73,
2024-12-04,10,고금리(2022~),-0.97,-1.05,-0.58,-0.58,
2024-12-05,10,고금리(2022~),1.21,2.22,2.75,2.75,
2024-12-06,10,고금리(2022~),2.76,2.62,3.14,3.14,
2024-12-09,10,고금리(2022~),-3.66,-3.11,-2.72,-2.72,
2024-12-10,10,고금리(2022~),0.6,1.56,1.76,1.76,
2024-12-11,10,고금리(2022~),1.33,1.9,2.09,2.09,
2024-12-12,10,고금리(2022~),4.42,5.04,5.02,5.02,
2024-12-13,10,고금리(2022~),2.72,3.41,3.55,3.55,
2024-12-16,10,고금리(2022~),2.35,2.79,2.97,2.97,
2024-12-17,10,고금리(2022~),-2.56,-2.25,-1.92,-1.92,
2024-12-18,10,고금리(2022~),-3.56,-3.07,-2.77,-2.77,
2024-12-19,10,고금리(2022~),-6.22,-6.62,-6.79,-6.79,
2024-12-20,10,고금리(2022~),-8.76,-8.24,-8.71,-8.71,
2024-12-23,10,고금리(2022~),-7.35,-6.88,-7.15,-7.15,
2024-12-24,10,고금리(2022~),-5.85,-5.6,-5.69,-5.69,
2024-12-26,10,고금리(2022~),-4.52,-4.38,-4.31,-4.31,
2024-12-27,10,고금리(2022~),-7.41,-7.72,-8.08,-8.08,
2024-12-30,10,고금리(2022~),-4.45,-4.95,-4.95,-4.95,
2025-01-02,10,고금리(2022~),-6.15,-6.83,-7.0,-7.0,
2025-01-03,10,고금리(2022~),-2.51,-3.23,-3.14,-3.14,
2025-01-06,10,고금리(2022~),-1.66,-2.42,-2.31,-2.31,
2025-01-07,10,고금리(2022~),-1.53,-1.6,-1.45,-1.45,
2025-01-08,10,고금리(2022~),-2.18,-2.66,-2.54,-2.54,
2025-01-09,10,고금리(2022~),-1.54,-1.66,-1.49,-1.49,
2025-01-10,10,고금리(2022~),-3.3,-3.72,-3.66,-3.66,
2025-01-13,10,고금리(2022~),-4.99,-5.14,-5.24,-5.24,
2025-01-14,10,고금리(2022~),0.89,0.6,0.89,0.89,
2025-01-15,10,고금리(2022~),-2.77,-3.4,-3.15,-3.15,
2025-01-16,10,고금리(2022~),-2.31,-2.09,-1.83,-1.83,
2025-01-17,10,고금리(2022~),-3.73,-3.49,-3.29,-3.29,
2025-01-20,10,고금리(2022~),-3.37,-3.06,-2.84,-2.84,
2025-01-21,10,고금리(2022~),-4.15,-4.22,-4.07,-4.07,
2025-01-22,10,고금리(2022~),-2.75,-2.71,-2.47,-2.47,
2025-01-23,10,고금리(2022~),-3.12,-3.28,-3.08,-3.08,
2025-01-24,10,고금리(2022~),-2.36,-2.43,-2.2,-2.2,
2025-01-31,10,고금리(2022~),-4.07,-4.47,-4.34,-4.34,
2025-02-03,10,고금리(2022~),-9.32,-9.25,-10.0,-10.0,
2025-02-04,10,고금리(2022~),-7.12,-6.81,-7.2,-7.2,
2025-02-05,10,고금리(2022~),-6.18,-6.1,-6.41,-6.41,
2025-02-06,10,고금리(2022~),-3.47,-3.63,-3.67,-3.67,
2025-02-07,10,고금리(2022~),-4.29,-4.6,-4.71,-4.71,
2025-02-10,10,고금리(2022~),-3.78,-3.74,-3.78,-3.78,
2025-02-11,10,고금리(2022~),-3.63,-3.83,-3.88,-3.88,
2025-02-12,10,고금리(2022~),-4.03,-3.8,-3.85,-3.85,
2025-02-13,10,고금리(2022~),-4.44,-4.31,-4.39,-4.39,
2025-02-14,10,고금리(2022~),1.37,1.67,1.88,1.88,
2025-02-17,10,고금리(2022~),3.47,3.72,3.81,3.81,
2025-02-18,10,고금리(2022~),2.92,2.7,2.87,2.87,
2025-02-19,10,고금리(2022~),5.89,5.76,5.73,5.73,
2025-02-20,10,고금리(2022~),5.81,5.86,5.82,5.82,
2025-02-21,10,고금리(2022~),7.7,7.83,7.52,7.52,
2025-02-24,10,고금리(2022~),8.99,9.05,8.58,8.58,
2025-02-25,10,고금리(2022~),7.54,7.32,7.12,7.12,
2025-02-26,10,고금리(2022~),8.95,8.35,8.01,8.01,
2025-02-27,10,고금리(2022~),8.02,6.26,6.26,6.26,
2025-02-28,10,고금리(2022~),1.08,0.23,0.47,0.47,
2025-03-04,10,고금리(2022~),0.0,-0.87,-0.64,-0.64,
2025-03-05,10,고금리(2022~),2.17,1.81,2.02,2.02,
2025-03-06,10,고금리(2022~),2.65,1.9,2.12,2.12,
2025-03-07,10,고금리(2022~),3.01,2.09,2.31,2.31,
2025-03-10,10,고금리(2022~),1.69,0.82,1.08,1.08,
2025-03-11,10,고금리(2022~),2.32,0.78,1.04,1.04,
2025-03-12,10,고금리(2022~),2.08,1.36,1.59,1.59,
2025-03-13,10,고금리(2022~),2.57,1.83,2.06,2.06,
2025-03-14,10,고금리(2022~),5.86,6.96,6.73,6.73,
2025-03-17,10,고금리(2022~),11.88,12.25,11.18,11.18,
2025-03-18,10,고금리(2022~),9.26,9.02,8.65,8.65,
2025-03-19,10,고금리(2022~),9.4,9.09,8.7,8.7,
2025-03-20,10,고금리(2022~),6.71,6.86,6.75,6.75,
2025-03-21,10,고금리(2022~),4.19,3.86,4.03,4.03,
2025-03-24,10,고금리(2022~),11.13,11.26,10.76,10.76,
2025-03-25,10,고금리(2022~),7.93,7.55,7.71,7.71,
2025-03-26,10,고금리(2022~),11.96,11.95,11.43,11.43,
2025-03-27,10,고금리(2022~),2.88,2.73,3.9,3.9,
2025-03-28,10,고금리(2022~),-0.62,-0.7,0.55,0.55,
2025-03-31,10,고금리(2022~),-5.49,-6.15,-5.26,-5.26,
2025-04-01,10,고금리(2022~),-2.7,-3.12,-2.07,-2.07,
2025-04-02,10,고금리(2022~),-1.45,-1.85,-0.69,-0.69,
2025-04-03,10,고금리(2022~),-3.87,-3.99,-2.9,-2.9,
2025-04-04,10,고금리(2022~),-4.14,-3.74,-2.64,-2.64,
2025-04-07,10,고금리(2022~),-8.75,-8.9,-8.87,-8.87,
2025-04-08,10,고금리(2022~),-7.47,-6.84,-6.5,-6.5,
2025-04-09,10,고금리(2022~),-11.93,-11.98,-12.79,-12.79,
2025-04-10,10,고금리(2022~),-5.35,-5.06,-5.05,-5.05,
2025-04-11,10,고금리(2022~),-3.84,-4.44,-4.38,-4.38,
2025-04-14,10,고금리(2022~),-0.51,-0.22,0.0,0.0,
2025-04-15,10,고금리(2022~),-1.52,-1.42,-1.2,-1.2,
2025-04-16,10,고금리(2022~),-2.58,-2.52,-2.39,-2.39,
2025-04-17,10,고금리(2022~),-1.51,-1.97,-1.83,-1.83,
2025-04-18,10,고금리(2022~),0.13,-0.31,-0.14,-0.14,
2025-04-21,10,고금리(2022~),-1.39,-1.59,-1.44,-1.44,
2025-04-22,10,고금리(2022~),-0.13,-0.15,0.04,0.04,
2025-04-23,10,고금리(2022~),1.94,1.76,1.86,1.86,
2025-04-24,10,고금리(2022~),0.51,0.01,0.16,0.16,
2025-04-25,10,고금리(2022~),0.0,0.37,0.52,0.52,
2025-04-28,10,고금리(2022~),-0.51,-0.44,-0.32,-0.32,
2025-04-29,10,고금리(2022~),1.67,2.1,2.18,2.18,
2025-04-30,10,고금리(2022~),1.77,1.88,1.96,1.96,
2025-05-02,10,고금리(2022~),3.45,3.65,3.62,3.62,
2025-05-07,10,고금리(2022~),1.52,1.44,1.54,1.54,
2025-05-08,10,고금리(2022~),2.56,2.69,2.73,2.73,
2025-05-09,10,고금리(2022~),1.39,1.14,1.21,1.21,
2025-05-12,10,고금리(2022~),0.25,0.4,0.5,0.5,
2025-05-13,10,고금리(2022~),0.51,0.33,0.43,0.43,
2025-05-14,10,고금리(2022~),0.9,0.31,0.41,0.41,
2025-05-15,10,고금리(2022~),-1.4,-1.12,-1.03,-1.03,
2025-05-16,10,고금리(2022~),-2.02,-2.62,-2.61,-2.61,
2025-05-19,10,고금리(2022~),-4.83,-4.91,-5.1,-5.1,
2025-05-20,10,고금리(2022~),-5.8,-5.77,-6.05,-6.05,
2025-05-21,10,고금리(2022~),-5.25,-5.07,-5.28,-5.28,
2025-05-22,10,고금리(2022~),-6.48,-6.82,-7.24,-7.24,
2025-05-23,10,고금리(2022~),-8.22,-8.11,-8.73,-8.73,
2025-05-26,10,고금리(2022~),-9.22,-9.19,-9.97,-9.97,
2025-05-27,10,고금리(2022~),-8.78,-8.37,-9.0,-9.0,
2025-05-28,10,고금리(2022~),-5.61,-5.27,-5.33,-5.33,
2025-05-29,10,고금리(2022~),-5.05,-5.42,-5.5,-5.5,
2025-05-30,10,고금리(2022~),-5.15,-4.86,-4.88,-4.88,
2025-06-02,10,고금리(2022~),-4.04,-4.42,-4.4,-4.4,
2025-06-04,10,고금리(2022~),-3.93,-4.38,-4.36,-4.36,
2025-06-05,10,고금리(2022~),-5.01,-5.4,-5.46,-5.46,
2025-06-09,10,고금리(2022~),-2.67,-2.46,-2.27,-2.27,
2025-06-10,10,고금리(2022~),-3.12,-3.75,-3.59,-3.59,
2025-06-11,10,고금리(2022~),-0.56,-1.04,-0.81,-0.81,
2025-06-12,10,고금리(2022~),0.84,0.69,0.94,0.94,
2025-06-13,10,고금리(2022~),-1.62,-1.62,-1.48,-1.48,
2025-06-16,10,고금리(2022~),-0.68,-0.9,-0.74,-0.74,
2025-06-17,10,고금리(2022~),-0.68,-0.99,-0.84,-0.84,
2025-06-18,10,고금리(2022~),-1.49,-1.41,-1.27,-1.27,
2025-06-19,10,고금리(2022~),-2.59,-2.61,-2.48,-2.48,
2025-06-20,10,고금리(2022~),2.08,1.95,2.15,2.15,
2025-06-23,10,고금리(2022~),-0.14,-0.49,-0.27,-0.27,
2025-06-24,10,고금리(2022~),1.54,2.01,2.12,2.12,
2025-06-25,10,고금리(2022~),0.84,0.83,0.98,0.98,
2025-06-26,10,고금리(2022~),-1.66,-1.8,-1.68,-1.68,
2025-06-27,10,고금리(2022~),-2.75,-2.99,-2.92,-2.92,
2025-06-30,10,고금리(2022~),-3.02,-2.79,-2.71,-2.71,
2025-07-01,10,고금리(2022~),-5.6,-5.86,-5.98,-5.98,
2025-07-02,10,고금리(2022~),-4.96,-4.93,-4.94,-4.94,
2025-07-03,10,고금리(2022~),-5.18,-5.03,-5.05,-5.05,
2025-07-04,10,고금리(2022~),-8.57,-8.24,-8.81,-8.81,
2025-07-07,10,고금리(2022~),-7.82,-7.57,-8.03,-8.03,
2025-07-08,10,고금리(2022~),-5.93,-6.19,-6.42,-6.42,
2025-07-09,10,고금리(2022~),-5.96,-5.97,-6.18,-6.18,
2025-07-10,10,고금리(2022~),-4.5,-4.59,-4.66,-4.66,
2025-07-11,10,고금리(2022~),-3.39,-3.4,-3.37,-3.37,
2025-07-14,10,고금리(2022~),-3.54,-4.03,-4.05,-4.05,
2025-07-15,10,고금리(2022~),-0.72,-0.6,-0.54,-0.54,
2025-07-16,10,고금리(2022~),-0.29,-0.38,-0.32,-0.32,
2025-07-17,10,고금리(2022~),1.33,0.85,0.88,0.88,
2025-07-18,10,고금리(2022~),6.99,6.3,6.18,6.18,
2025-07-21,10,고금리(2022~),5.06,4.54,4.62,4.62,
2025-07-22,10,고금리(2022~),1.17,0.81,1.13,1.13,
2025-07-23,10,고금리(2022~),1.03,0.72,1.05,1.05,
2025-07-24,10,고금리(2022~),1.03,0.8,1.13,1.13,
2025-07-25,10,고금리(2022~),-0.15,-0.46,-0.13,-0.13,
2025-07-28,10,고금리(2022~),-0.59,-0.87,-0.54,-0.54,
2025-07-29,10,고금리(2022~),-0.29,-0.38,-0.04,-0.04,
2025-07-30,10,고금리(2022~),-2.47,-2.79,-2.46,-2.46,
2025-07-31,10,고금리(2022~),-2.33,-2.23,-1.89,-1.89,
2025-08-01,10,고금리(2022~),-4.31,-4.97,-5.02,-5.02,
2025-08-04,10,고금리(2022~),-1.42,-1.3,-1.11,-1.11,
2025-08-05,10,고금리(2022~),1.74,2.12,2.23,2.23,
2025-08-06,10,고금리(2022~),3.07,3.28,3.32,3.32,
2025-08-07,10,고금리(2022~),2.33,2.41,2.51,2.51,
2025-08-08,10,고금리(2022~),0.44,0.35,0.56,0.56,
2025-08-11,10,고금리(2022~),0.74,0.87,1.08,1.08,
2025-08-12,10,고금리(2022~),0.0,-0.11,0.09,0.09,
2025-08-13,10,고금리(2022~),2.68,2.72,2.8,2.8,
2025-08-14,10,고금리(2022~),3.43,3.47,3.51,3.51,
2025-08-18,10,고금리(2022~),1.74,2.59,2.67,2.67,
2025-08-19,10,고금리(2022~),-0.43,-0.58,-0.47,-0.47,
2025-08-20,10,고금리(2022~),-1.42,-1.55,-1.47,-1.47,
2025-08-21,10,고금리(2022~),-2.83,-3.14,-3.13,-3.13,
2025-08-22,10,고금리(2022~),-3.28,-3.53,-3.54,-3.54,
2025-08-25,10,고금리(2022~),-2.04,-1.98,-1.95,-1.95,
2025-08-26,10,고금리(2022~),-2.2,-2.03,-2.01,-2.01,
2025-08-27,10,고금리(2022~),-3.22,-3.1,-3.12,-3.12,
2025-08-28,10,고금리(2022~),-3.92,-3.95,-4.04,-4.04,
2025-08-29,10,고금리(2022~),-6.49,-6.88,-7.25,-7.25,
2025-09-01,10,고금리(2022~),-7.71,-8.07,-8.66,-8.66,
2025-09-02,10,고금리(2022~),-6.93,-6.8,-7.19,-7.19,
2025-09-03,10,고금리(2022~),-5.64,-6.0,-6.27,-6.27,
2025-09-04,10,고금리(2022~),-5.98,-6.02,-6.29,-6.29,
2025-09-05,10,고금리(2022~),-5.74,-5.99,-6.25,-6.25,
2025-09-08,10,고금리(2022~),-6.7,-7.04,-7.42,-7.42,
2025-09-09,10,고금리(2022~),-5.69,-5.95,-6.18,-6.18,
2025-09-10,10,고금리(2022~),-3.32,-3.31,-3.25,-3.25,
2025-09-11,10,고금리(2022~),-1.96,-1.87,-1.72,-1.72,
2025-09-12,10,고금리(2022~),2.16,1.94,2.05,2.05,
2025-09-15,10,고금리(2022~),1.08,0.74,0.9,0.9,
2025-09-16,10,고금리(2022~),1.71,1.24,1.39,1.39,
2025-09-17,10,고금리(2022~),0.15,0.13,0.3,0.3,
2025-09-18,10,고금리(2022~),0.47,0.55,0.71,0.71,
2025-09-19,10,고금리(2022~),0.78,1.59,1.72,1.72,
2025-09-22,10,고금리(2022~),3.03,3.61,3.58,3.58,
2025-09-23,10,고금리(2022~),4.44,4.17,4.12,4.12,
2025-09-24,10,고금리(2022~),1.25,0.91,1.01,1.01,
2025-09-25,10,고금리(2022~),-0.77,-0.77,-0.68,-0.68,
2025-09-26,10,고금리(2022~),-3.17,-3.2,-3.22,-3.22,
2025-09-29,10,고금리(2022~),-4.44,-3.91,-3.95,-3.95,
2025-09-30,10,고금리(2022~),-4.42,-4.72,-4.84,-4.84,
2025-10-01,10,고금리(2022~),-5.35,-5.49,-5.69,-5.69,
2025-10-02,10,고금리(2022~),-3.4,-3.53,-3.53,-3.53,
2025-10-10,10,고금리(2022~),-4.65,-5.2,-5.33,-5.33,
2025-10-13,10,고금리(2022~),-8.2,-8.64,-9.13,-9.13,
2025-10-14,10,고금리(2022~),-9.88,-9.91,-10.7,-10.7,
2025-10-15,10,고금리(2022~),-8.18,-8.03,-8.45,-8.45,
2025-10-16,10,고금리(2022~),-6.52,-6.75,-6.96,-6.96,
2025-10-17,10,고금리(2022~),-7.33,-6.83,-7.04,-7.04,
2025-10-20,10,고금리(2022~),-6.89,-7.05,-7.28,-7.28,
2025-10-21,10,고금리(2022~),-9.41,-9.49,-10.1,-10.1,
2025-10-22,10,고금리(2022~),-5.65,-5.2,-4.99,-4.99,
2025-10-23,10,고금리(2022~),-6.55,-6.82,-6.83,-6.83,
2025-10-24,10,고금리(2022~),-2.11,-2.33,-1.84,-1.84,
2025-10-27,10,고금리(2022~),0.67,0.88,1.26,1.26,
2025-10-28,10,고금리(2022~),1.52,1.2,1.57,1.57,
2025-10-29,10,고금리(2022~),-2.86,-3.21,-2.77,-2.77,
2025-10-30,10,고금리(2022~),-5.65,-5.9,-5.69,-5.69,
2025-10-31,10,고금리(2022~),-2.02,-2.38,-1.82,-1.82,
2025-11-03,10,고금리(2022~),-0.52,-0.79,-0.23,-0.23,
2025-11-04,10,고금리(2022~),4.05,4.9,5.21,5.21,
2025-11-05,10,고금리(2022~),2.57,2.44,2.82,2.82,
2025-11-06,10,고금리(2022~),-0.34,-0.35,0.19,0.19,
2025-11-07,10,고금리(2022~),0.17,0.09,0.66,0.66,
2025-11-10,10,고금리(2022~),2.85,2.48,3.01,3.01,
2025-11-11,10,고금리(2022~),2.33,2.23,2.77,2.77,
2025-11-12,10,고금리(2022~),3.81,3.45,3.85,3.85,
2025-11-13,10,고금리(2022~),5.46,5.07,5.29,5.29,
2025-11-14,10,고금리(2022~),-2.06,-2.08,-1.49,-1.49,
2025-11-17,10,고금리(2022~),-2.94,-3.06,-2.48,-2.48,
2025-11-18,10,고금리(2022~),-5.08,-5.43,-5.14,-5.14,
2025-11-19,10,고금리(2022~),-6.18,-6.48,-6.34,-6.34,
2025-11-20,10,고금리(2022~),-2.92,-2.61,-2.2,-2.2,
2025-11-21,10,고금리(2022~),-4.64,-4.3,-4.11,-4.11,
2025-11-24,10,고금리(2022~),-7.33,-7.2,-7.38,-7.38,
2025-11-25,10,고금리(2022~),-7.79,-7.72,-7.98,-7.98,
2025-11-26,10,고금리(2022~),-5.67,-5.69,-5.72,-5.72,
2025-11-27,10,고금리(2022~),-5.01,-4.41,-4.3,-4.3,
2025-11-28,10,고금리(2022~),0.53,0.61,0.71,0.71,
2025-12-01,10,고금리(2022~),2.32,2.7,2.71,2.71,
2025-12-02,10,고금리(2022~),5.17,4.93,4.83,4.83,
2025-12-03,10,고금리(2022~),5.34,5.47,5.32,5.32,
2025-12-04,10,고금리(2022~),6.36,6.48,6.24,6.24,
2025-12-05,10,고금리(2022~),3.3,2.45,2.56,2.56,
2025-12-08,10,고금리(2022~),3.16,2.68,2.78,2.78,
2025-12-09,10,고금리(2022~),3.87,4.06,4.08,4.08,
2025-12-10,10,고금리(2022~),4.77,5.28,5.19,5.19,
2025-12-11,10,고금리(2022~),3.16,2.68,2.8,2.8,
2025-12-12,10,고금리(2022~),1.22,0.91,1.1,1.1,
2025-12-15,10,고금리(2022~),2.09,2.11,2.28,2.28,
2025-12-16,10,고금리(2022~),-3.05,-2.89,-2.75,-2.75,
2025-12-17,10,고금리(2022~),-4.22,-4.94,-4.94,-4.94,
2025-12-18,10,고금리(2022~),-6.31,-6.74,-7.01,-7.01,
2025-12-19,10,고금리(2022~),-4.21,-3.56,-3.51,-3.51,
2025-12-22,10,고금리(2022~),-2.73,-2.5,-2.39,-2.39,
2025-12-23,10,고금리(2022~),-3.56,-3.48,-3.44,-3.44,
2025-12-24,10,고금리(2022~),-3.54,-3.74,-3.73,-3.73,
2025-12-26,10,고금리(2022~),-2.56,-2.44,-2.36,-2.36,
2025-12-29,10,고금리(2022~),-0.52,-0.24,-0.11,-0.11,
2025-12-30,10,고금리(2022~),-2.22,-2.59,-2.53,-2.53,
2026-01-02,10,고금리(2022~),-0.7,-1.44,-1.38,-1.38,
2026-01-05,10,고금리(2022~),-0.88,-0.78,-0.72,-0.72,
2026-01-06,10,고금리(2022~),-0.71,-0.42,-0.36,-0.36,
2026-01-07,10,고금리(2022~),2.99,2.75,2.91,2.91,
2026-01-08,10,고금리(2022~),-0.35,-0.65,-0.3,-0.3,
2026-01-09,10,고금리(2022~),-4.39,-5.07,-4.75,-4.75,
2026-01-12,10,고금리(2022~),-15.73,-15.98,-16.89,-16.89,
2026-01-13,10,고금리(2022~),-18.18,-18.41,-20.25,-20.25,
2026-01-14,10,고금리(2022~),-24.96,-24.95,-30.11,-30.11,
2026-01-15,10,고금리(2022~),-26.35,-26.55,-32.84,-32.84,
2026-01-16,10,고금리(2022~),-23.94,-23.65,-27.74,-27.74,
2026-01-19,10,고금리(2022~),-18.86,-18.91,-19.93,-19.93,
2026-01-20,10,고금리(2022~),-22.32,-22.25,-24.91,-24.91,
2026-01-21,10,고금리(2022~),-25.26,-25.19,-30.05,-30.05,
2026-01-22,10,고금리(2022~),-19.68,-19.51,-20.82,-20.82,
2026-01-23,10,고금리(2022~),-13.42,-12.48,-11.19,-11.19,
2026-01-26,10,고금리(2022~),-7.26,-6.55,-5.16,-5.16,
2026-01-27,10,고금리(2022~),-2.35,-1.94,-0.28,-0.28,
2026-01-28,10,고금리(2022~),5.31,5.76,6.56,6.56,
2026-01-29,10,고금리(2022~),6.64,7.28,7.83,7.83,
2026-01-30,10,고금리(2022~),6.25,6.53,7.15,7.15,
2026-02-02,10,고금리(2022~),-6.58,-6.14,-5.13,-5.13,
2026-02-03,10,고금리(2022~),-1.61,-1.38,-0.19,-0.19,
2026-02-04,10,고금리(2022~),-0.91,-0.75,0.45,0.45,
2026-02-05,10,고금리(2022~),-5.91,-5.74,-4.98,-4.98,
2026-02-06,10,고금리(2022~),-8.7,-9.49,-9.48,-9.48,
2026-02-09,10,고금리(2022~),-8.05,-8.02,-7.87,-7.87,
2026-02-10,10,고금리(2022~),-10.28,-10.61,-11.02,-11.02,
2026-02-11,10,고금리(2022~),-5.7,-6.25,-5.58,-5.58,
2026-02-12,10,고금리(2022~),11.33,9.65,11.74,11.74,
2026-02-13,10,고금리(2022~),-7.63,-6.22,-1.51,-1.51,
2026-02-19,10,고금리(2022~),-6.15,-5.39,-0.73,-0.73,
2026-02-20,10,고금리(2022~),-3.5,-2.9,1.98,1.98,
2026-02-23,10,고금리(2022~),-7.37,-5.98,-1.21,-1.21,
2026-02-24,10,고금리(2022~),-4.65,-2.76,2.18,2.18,
2026-02-25,10,고금리(2022~),-4.88,-2.52,2.42,2.42,
2026-02-26,10,고금리(2022~),-0.97,0.58,5.31,5.31,
2026-02-27,10,고금리(2022~),0.73,3.43,7.93,7.93,
2026-03-03,10,고금리(2022~),-3.72,-1.79,2.78,2.78,
2026-03-04,10,고금리(2022~),-20.16,-17.32,-18.02,-18.02,
2026-03-05,10,고금리(2022~),-3.3,-2.68,-1.9,-1.9,
2026-03-06,10,고금리(2022~),0.8,1.98,2.39,2.39,
2026-03-09,10,고금리(2022~),3.39,3.92,4.39,4.39,
2026-03-10,10,고금리(2022~),3.48,3.5,4.01,4.01,
2026-03-11,10,고금리(2022~),-2.2,-2.19,-1.5,-1.5,
2026-03-12,10,고금리(2022~),0.0,0.34,1.12,1.12,
2026-03-13,10,고금리(2022~),0.0,-0.26,0.53,0.53,
2026-03-16,10,고금리(2022~),1.94,1.21,2.05,2.05,
2026-03-17,10,고금리(2022~),7.0,6.69,7.35,7.35,
2026-03-18,10,고금리(2022~),4.0,4.19,5.31,5.31,
2026-03-19,10,고금리(2022~),7.8,7.36,8.34,8.34,
2026-03-20,10,고금리(2022~),9.43,9.69,10.25,10.25,
2026-03-23,10,고금리(2022~),4.92,5.68,6.58,6.58,
2026-03-24,10,고금리(2022~),8.17,8.77,9.18,9.18,
2026-03-25,10,고금리(2022~),5.74,5.98,7.0,7.0,
2026-03-26,10,고금리(2022~),5.38,5.3,6.37,6.37,
2026-03-27,10,고금리(2022~),5.41,4.97,6.09,6.09,
2026-03-30,10,고금리(2022~),1.9,2.0,3.25,3.25,
2026-03-31,10,고금리(2022~),-4.06,-4.1,-3.18,-3.18,
2026-04-01,10,고금리(2022~),-1.44,-2.05,-1.2,-1.2,
2026-04-02,10,고금리(2022~),-8.14,-8.12,-8.22,-8.22,
2026-04-03,10,고금리(2022~),-7.94,-8.05,-8.14,-8.14,
2026-04-06,10,고금리(2022~),-10.04,-10.55,-11.19,-11.19,
2026-04-07,10,고금리(2022~),-11.33,-11.65,-12.57,-12.57,
2026-04-08,10,고금리(2022~),-5.66,-5.72,-5.85,-5.85,
2026-04-09,10,고금리(2022~),-6.5,-6.68,-6.96,-6.96,
2026-04-10,10,고금리(2022~),-8.72,-8.47,-8.96,-8.96,
2026-04-13,10,고금리(2022~),-10.35,-10.41,-11.28,-11.28,
2026-04-14,10,고금리(2022~),-8.47,-8.07,-8.43,-8.43,
2026-04-15,10,고금리(2022~),-5.46,-5.0,-5.05,-5.05,
2026-04-16,10,고금리(2022~),-1.63,-1.52,-1.28,-1.28,
2026-04-17,10,고금리(2022~),-3.2,-3.58,-3.41,-3.41,
2026-04-20,10,고금리(2022~),-2.68,-2.33,-2.09,-2.09,
2026-04-21,10,고금리(2022~),-0.8,-0.78,-0.5,-0.5,
2026-04-22,10,고금리(2022~),-1.35,-1.43,-1.16,-1.16,
2026-04-23,10,고금리(2022~),-1.74,-1.78,-1.52,-1.52,
2026-04-24,10,고금리(2022~),3.68,4.31,4.36,4.36,
2026-04-27,10,고금리(2022~),5.56,6.14,5.98,5.98,
2026-04-28,10,고금리(2022~),2.47,1.97,2.17,2.17,
2026-04-29,10,고금리(2022~),8.1,7.36,7.32,7.32,
2026-04-30,10,고금리(2022~),7.16,7.47,7.42,7.42,
2026-05-04,10,고금리(2022~),10.94,11.3,10.61,10.61,
2026-05-06,10,고금리(2022~),14.48,14.33,13.05,13.05,
2026-05-07,10,고금리(2022~),7.12,7.2,7.55,7.55,
2026-05-08,10,고금리(2022~),0.35,-0.26,1.14,1.14,
2026-05-11,10,고금리(2022~),-1.16,-1.81,-0.41,-0.41,
2026-05-12,10,고금리(2022~),-1.23,-1.44,-0.01,-0.01,
2026-05-13,10,고금리(2022~),0.49,0.93,2.39,2.39,
2026-05-14,10,고금리(2022~),4.37,5.09,6.23,6.23,
2026-05-15,10,고금리(2022~),1.43,1.91,3.08,3.08,
2026-05-18,10,고금리(2022~),1.64,1.36,2.54,2.54,
2026-05-19,10,고금리(2022~),-4.13,-4.22,-3.01,-3.01,
2026-05-20,10,고금리(2022~),-1.34,-1.57,0.01,0.01,
2026-05-21,10,고금리(2022~),15.09,15.69,15.7,15.7,
2026-05-22,10,고금리(2022~),15.4,15.19,15.38,15.38,
2026-05-26,10,고금리(2022~),17.53,18.98,18.1,18.1,
2026-05-27,10,고금리(2022~),6.73,8.02,10.08,10.08,
2026-05-28,10,고금리(2022~),2.94,3.13,5.82,5.82,
2026-05-29,10,고금리(2022~),-0.48,0.75,3.57,3.57,
2026-06-01,10,고금리(2022~),0.47,1.52,4.33,4.33,
2026-06-02,10,고금리(2022~),-4.14,-3.34,-0.46,-0.46,
2026-06-04,10,고금리(2022~),2.39,4.01,6.6,6.6,
2026-06-05,10,고금리(2022~),0.23,1.98,4.56,4.56,
2026-06-08,10,고금리(2022~),-11.48,-11.25,-10.89,-10.89,
2026-06-09,10,고금리(2022~),3.06,4.77,6.32,6.32,
2026-06-10,10,고금리(2022~),-0.22,-0.61,1.31,1.31,
2026-06-11,10,고금리(2022~),9.58,9.61,10.23,10.23,
2026-06-12,10,고금리(2022~),16.9,16.09,15.3,15.3,
2026-06-15,10,고금리(2022~),7.25,6.51,8.4,8.4,
2026-06-16,10,고금리(2022~),5.15,5.31,7.31,7.31,
2026-06-17,10,고금리(2022~),6.95,6.91,8.65,8.65,
2026-06-18,10,고금리(2022~),11.45,11.28,12.65,12.65,
2026-06-19,10,고금리(2022~),9.01,8.56,10.35,10.35,
2026-06-22,10,고금리(2022~),15.74,15.93,16.03,16.03,
2026-06-23,10,고금리(2022~),7.64,8.0,9.13,9.13,
2026-06-24,10,고금리(2022~),17.65,18.63,17.53,17.53,
2026-06-25,10,고금리(2022~),13.65,12.36,12.88,12.88,
2026-06-26,10,고금리(2022~),3.67,3.4,5.44,5.44,
2026-06-29,10,고금리(2022~),19.37,19.56,17.8,17.8,
2026-06-30,10,고금리(2022~),21.16,20.76,18.65,18.65,
2026-07-01,10,고금리(2022~),13.23,13.1,13.61,13.61,
2026-07-02,10,고금리(2022~),12.16,11.38,12.07,12.07,
2026-07-03,10,고금리(2022~),17.98,18.0,17.43,17.43,
2026-07-06,10,고금리(2022~),14.0,13.58,14.14,14.14,
2026-07-07,10,고금리(2022~),14.2,13.23,13.86,13.86,
2026-07-08,10,고금리(2022~),-0.56,-1.49,1.14,1.14,
2026-07-09,10,고금리(2022~),7.32,7.7,9.96,9.96,
2026-07-10,10,고금리(2022~),8.64,8.92,10.89,10.89,
2026-07-13,10,고금리(2022~),13.4,12.44,14.09,14.09,
2026-07-14,10,고금리(2022~),16.91,16.95,17.71,17.71,
2026-07-15,10,고금리(2022~),32.28,32.18,26.95,26.95,
2026-07-16,10,고금리(2022~),7.66,10.99,13.75,13.75,
2026-07-20,10,고금리(2022~),-2.98,-3.6,0.63,0.63,
2026-07-21,10,고금리(2022~),-9.47,-9.3,-5.16,-5.16,
2026-07-22,10,고금리(2022~),-12.26,-11.91,-8.27,-8.27,
2026-07-23,10,고금리(2022~),-5.96,-4.78,-0.72,-0.72,
2026-07-24,10,고금리(2022~),-11.89,-11.52,-8.9,-8.9,
2026-07-27,10,고금리(2022~),-16.46,-15.7,-13.68,-13.68,
2026-07-28,10,고금리(2022~),-23.29,-22.27,-24.24,-24.24,
2026-07-29,10,고금리(2022~),-27.04,-26.77,-32.44,-32.44,
2026-07-30,10,고금리(2022~),-30.84,-31.04,-40.92,-40.92,
2026-07-31,10,고금리(2022~),-19.97,-21.87,-25.9,-25.9,
2026-08-03,10,고금리(2022~),-13.0,-12.87,-13.25,-13.25,
2026-08-04,10,고금리(2022~),-6.78,-6.96,-6.52,-6.52,
2026-08-05,10,고금리(2022~),-8.07,-8.38,-8.09,-8.09,
2026-08-06,10,고금리(2022~),-2.18,-3.37,-2.18,-2.18,
2026-08-07,10,고금리(2022~),-4.17,-4.69,-3.56,-3.56,
2026-08-10,10,고금리(2022~),2.81,2.38,2.96,2.96,
2026-08-11,10,고금리(2022~),4.12,3.53,4.05,4.05,
2026-08-12,10,고금리(2022~),1.29,0.14,0.88,0.88,
2026-08-13,10,고금리(2022~),1.73,2.21,2.87,2.87,
2026-08-14,10,고금리(2022~),2.82,2.54,3.19,3.19,
2026-08-18,10,고금리(2022~),1.66,1.26,1.88,1.88,
2026-08-19,10,고금리(2022~),3.74,3.83,4.35,4.35,
2026-08-20,10,고금리(2022~),,,,,구간 끝이 데이터 범위를 넘음
2026-08-21,10,고금리(2022~),,,,,구간 끝이 데이터 범위를 넘음
2026-08-24,10,고금리(2022~),,,,,구간 끝이 데이터 범위를 넘음
2026-08-25,10,고금리(2022~),,,,,구간 끝이 데이터 범위를 넘음
2026-08-26,10,고금리(2022~),,,,,구간 끝이 데이터 범위를 넘음
2026-08-27,10,고금리(2022~),,,,,구간 끝이 데이터 범위를 넘음
2026-08-28,10,고금리(2022~),,,,,구간 끝이 데이터 범위를 넘음
2026-08-31,10,고금리(2022~),,,,,구간 끝이 데이터 범위를 넘음
2026-09-01,10,고금리(2022~),,,,,구간 끝이 데이터 범위를 넘음
2026-09-02,10,고금리(2022~),,,,,구간 끝이 데이터 범위를 넘음
2016-08-10,21,저금리(~2021),3.34,4.67,4.68,4.68,
2016-08-11,21,저금리(~2021),4.09,5.1,5.08,5.08,
2016-08-12,21,저금리(~2021),4.21,5.15,5.13,5.13,
2016-08-16,21,저금리(~2021),1.85,2.21,2.45,2.45,
2016-08-17,21,저금리(~2021),0.3,0.81,1.09,1.09,
2016-08-18,21,저금리(~2021),0.55,1.16,1.43,1.43,
2016-08-19,21,저금리(~2021),-0.6,0.26,0.55,0.55,
2016-08-22,21,저금리(~2021),-1.59,-0.77,-0.49,-0.49,
2016-08-23,21,저금리(~2021),-1.19,-0.26,0.02,0.02,
2016-08-24,21,저금리(~2021),-1.39,-0.39,-0.1,-0.1,
2016-08-25,21,저금리(~2021),-0.99,-0.21,0.08,0.08,
2016-08-26,21,저금리(~2021),-2.06,-0.84,-0.56,-0.56,
2016-08-29,21,저금리(~2021),-2.64,-1.47,-1.23,-1.23,
2016-08-30,21,저금리(~2021),-2.71,-1.78,-1.55,-1.55,
2016-08-31,21,저금리(~2021),-2.93,-2.07,-1.85,-1.85,
2016-09-01,21,저금리(~2021),-0.64,0.46,0.69,0.69,
2016-09-02,21,저금리(~2021),1.78,2.85,3.03,3.03,
2016-09-05,21,저금리(~2021),1.88,2.39,2.59,2.59,
2016-09-06,21,저금리(~2021),1.87,2.42,2.61,2.61,
2016-09-07,21,저금리(~2021),1.12,1.66,1.88,1.88,
2016-09-08,21,저금리(~2021),3.01,3.03,3.2,3.2,
2016-09-09,21,저금리(~2021),2.01,1.0,1.24,1.24,
2016-09-12,21,저금리(~2021),0.19,-0.04,0.19,0.19,
2016-09-13,21,저금리(~2021),-0.19,-0.23,0.0,0.0,
2016-09-19,21,저금리(~2021),1.23,1.46,1.61,1.61,
2016-09-20,21,저금리(~2021),3.22,2.88,2.98,2.98,
2016-09-21,21,저금리(~2021),4.83,4.39,4.39,4.39,
2016-09-22,21,저금리(~2021),6.76,6.14,5.96,5.96,
2016-09-23,21,저금리(~2021),7.61,6.91,6.64,6.64,
2016-09-26,21,저금리(~2021),6.62,6.18,5.99,5.99,
2016-09-27,21,저금리(~2021),4.58,3.85,3.95,3.95,
2016-09-28,21,저금리(~2021),5.08,4.98,5.01,5.01,
2016-09-29,21,저금리(~2021),7.63,7.18,6.98,6.98,
2016-09-30,21,저금리(~2021),5.17,4.09,4.17,4.17,
2016-10-04,21,저금리(~2021),8.86,8.36,8.0,8.0,
2016-10-05,21,저금리(~2021),7.66,7.1,6.93,6.93,
2016-10-06,21,저금리(~2021),7.4,6.07,6.02,6.02,
2016-10-07,21,저금리(~2021),3.83,3.01,3.21,3.21,
2016-10-10,21,저금리(~2021),3.93,3.57,3.73,3.73,
2016-10-11,21,저금리(~2021),6.86,7.41,7.34,7.34,
2016-10-12,21,저금리(~2021),2.08,2.39,3.01,3.01,
2016-10-13,21,저금리(~2021),2.49,2.38,2.99,2.99,
2016-10-14,21,저금리(~2021),3.36,3.79,4.32,4.32,
2016-10-17,21,저금리(~2021),4.26,4.49,4.97,4.97,
2016-10-18,21,저금리(~2021),3.13,2.88,3.53,3.53,
2016-10-19,21,저금리(~2021),3.73,3.86,4.44,4.44,
2016-10-20,21,저금리(~2021),4.17,3.84,4.42,4.42,
2016-10-21,21,저금리(~2021),4.94,4.7,5.22,5.22,
2016-10-24,21,저금리(~2021),3.78,3.17,3.83,3.83,
2016-10-25,21,저금리(~2021),4.17,3.78,4.4,4.4,
2016-10-26,21,저금리(~2021),5.46,5.4,5.89,5.89,
2016-10-27,21,저금리(~2021),7.36,7.15,7.37,7.37,
2016-10-28,21,저금리(~2021),6.88,6.51,6.79,6.79,
2016-10-31,21,저금리(~2021),4.71,4.06,4.59,4.59,
2016-11-01,21,저금리(~2021),4.96,4.84,5.29,5.29,
2016-11-02,21,저금리(~2021),3.15,2.77,3.31,3.31,
2016-11-03,21,저금리(~2021),5.14,5.85,6.15,6.15,
2016-11-04,21,저금리(~2021),7.21,7.74,7.82,7.82,
2016-11-07,21,저금리(~2021),7.42,7.47,7.59,7.59,
2016-11-08,21,저금리(~2021),8.36,8.16,8.18,8.18,
2016-11-09,21,저금리(~2021),3.93,2.44,2.9,2.9,
2016-11-10,21,저금리(~2021),6.67,4.48,4.66,4.66,
2016-11-11,21,저금리(~2021),3.5,1.96,2.31,2.31,
2016-11-14,21,저금리(~2021),1.62,0.11,0.51,0.51,
2016-11-15,21,저금리(~2021),0.37,-1.53,-1.17,-1.17,
2016-11-16,21,저금리(~2021),1.21,0.05,0.38,0.38,
2016-11-17,21,저금리(~2021),1.17,-0.15,0.18,0.18,
2016-11-18,21,저금리(~2021),-0.28,-1.18,-0.87,-0.87,
2016-11-21,21,저금리(~2021),-0.5,-1.5,-1.21,-1.21,
2016-11-22,21,저금리(~2021),0.27,-0.29,0.01,0.01,
2016-11-23,21,저금리(~2021),-0.31,-1.14,-0.85,-0.85,
2016-11-24,21,저금리(~2021),-2.36,-3.62,-3.46,-3.46,
2016-11-25,21,저금리(~2021),-1.48,-2.34,-2.11,-2.11,
2016-11-28,21,저금리(~2021),-3.06,-4.66,-4.59,-4.59,
2016-11-29,21,저금리(~2021),-5.03,-6.05,-6.1,-6.1,
2016-11-30,21,저금리(~2021),-5.27,-6.15,-6.21,-6.21,
2016-12-01,21,저금리(~2021),-5.05,-5.96,-6.0,-6.0,
2016-12-02,21,저금리(~2021),-7.03,-8.35,-8.8,-8.8,
2016-12-05,21,저금리(~2021),-9.21,-10.2,-11.05,-11.05,
2016-12-06,21,저금리(~2021),-8.0,-8.83,-9.41,-9.41,
2016-12-07,21,저금리(~2021),-8.58,-9.35,-10.04,-10.04,
2016-12-08,21,저금리(~2021),-7.18,-7.39,-7.72,-7.72,
2016-12-09,21,저금리(~2021),-3.99,-3.41,-3.34,-3.34,
2016-12-12,21,저금리(~2021),-3.2,-3.04,-2.96,-2.96,
2016-12-13,21,저금리(~2021),-1.0,-0.89,-0.72,-0.72,
2016-12-14,21,저금리(~2021),-1.78,-1.85,-1.69,-1.69,
2016-12-15,21,저금리(~2021),0.05,-0.02,0.16,0.16,
2016-12-16,21,저금리(~2021),0.65,0.83,1.02,1.02,
2016-12-19,21,저금리(~2021),0.32,0.24,0.44,0.44,
2016-12-20,21,저금리(~2021),-0.73,-0.64,-0.46,-0.46,
2016-12-21,21,저금리(~2021),-0.27,-0.45,-0.27,-0.27,
2016-12-22,21,저금리(~2021),-0.77,-0.34,-0.16,-0.16,
2016-12-23,21,저금리(~2021),1.19,1.41,1.56,1.56,
2016-12-26,21,저금리(~2021),1.14,1.43,1.58,1.58,
2016-12-27,21,저금리(~2021),0.69,0.85,1.03,1.03,
2016-12-28,21,저금리(~2021),2.67,3.34,3.37,3.37,
2016-12-29,21,저금리(~2021),2.07,1.79,1.91,1.91,
2017-01-02,21,저금리(~2021),2.52,2.47,2.58,2.58,
2017-01-03,21,저금리(~2021),3.62,3.39,3.45,3.45,
2017-01-04,21,저금리(~2021),2.83,2.91,3.0,3.0,
2017-01-05,21,저금리(~2021),3.5,3.4,3.46,3.46,
2017-01-06,21,저금리(~2021),3.25,3.1,3.19,3.19,
2017-01-09,21,저금리(~2021),2.53,2.03,2.17,2.17,
2017-01-10,21,저금리(~2021),1.06,0.39,0.55,0.55,
2017-01-11,21,저금리(~2021),1.35,1.08,1.22,1.22,
2017-01-12,21,저금리(~2021),0.51,0.58,0.71,0.71,
2017-01-13,21,저금리(~2021),0.28,0.27,0.41,0.41,
2017-01-16,21,저금리(~2021),-0.65,-0.68,-0.55,-0.55,
2017-01-17,21,저금리(~2021),-1.47,-1.69,-1.58,-1.58,
2017-01-18,21,저금리(~2021),-1.1,-1.16,-1.05,-1.05,
2017-01-19,21,저금리(~2021),-2.15,-2.12,-2.04,-2.04,
2017-01-20,21,저금리(~2021),-2.78,-2.73,-2.68,-2.68,
2017-01-23,21,저금리(~2021),-2.14,-2.48,-2.41,-2.41,
2017-01-24,21,저금리(~2021),-2.84,-2.97,-2.93,-2.93,
2017-01-25,21,저금리(~2021),-2.79,-3.05,-3.02,-3.02,
2017-01-26,21,저금리(~2021),-1.73,-1.39,-1.31,-1.31,
2017-01-31,21,저금리(~2021),-0.78,-1.28,-1.2,-1.2,
2017-02-01,21,저금리(~2021),1.52,1.4,1.47,1.47,
2017-02-02,21,저금리(~2021),-0.59,-0.84,-0.78,-0.78,
2017-02-03,21,저금리(~2021),-1.22,-1.07,-1.02,-1.02,
2017-02-06,21,저금리(~2021),0.6,0.28,0.33,0.33,
2017-02-07,21,저금리(~2021),0.09,-0.19,-0.13,-0.13,
2017-02-08,21,저금리(~2021),-1.83,-1.83,-1.78,-1.78,
2017-02-09,21,저금리(~2021),-1.74,-1.14,-1.06,-1.06,
2017-02-10,21,저금리(~2021),-1.23,-0.8,-0.72,-0.72,
2017-02-13,21,저금리(~2021),0.69,1.17,1.27,1.27,
2017-02-14,21,저금리(~2021),-0.55,-1.05,-0.92,-0.92,
2017-02-15,21,저금리(~2021),1.16,1.35,1.46,1.46,
2017-02-16,21,저금리(~2021),1.58,1.62,1.72,1.72,
2017-02-17,21,저금리(~2021),1.4,1.24,1.36,1.36,
2017-02-20,21,저금리(~2021),1.58,1.79,1.89,1.89,
2017-02-21,21,저금리(~2021),2.39,2.14,2.22,2.22,
2017-02-22,21,저금리(~2021),1.97,1.9,2.0,2.0,
2017-02-23,21,저금리(~2021),0.79,0.96,1.08,1.08,
2017-02-24,21,저금리(~2021),0.14,0.06,0.2,0.2,
2017-02-27,21,저금리(~2021),-0.42,-0.5,-0.36,-0.36,
2017-02-28,21,저금리(~2021),-0.46,-0.5,-0.36,-0.36,
2017-03-02,21,저금리(~2021),-1.89,-1.63,-1.52,-1.52,
2017-03-03,21,저금리(~2021),-5.0,-4.69,-4.74,-4.74,
2017-03-06,21,저금리(~2021),-4.17,-3.73,-3.7,-3.7,
2017-03-07,21,저금리(~2021),-4.27,-4.31,-4.33,-4.33,
2017-03-08,21,저금리(~2021),-5.34,-5.03,-5.12,-5.12,
2017-03-09,21,저금리(~2021),-5.61,-5.31,-5.43,-5.43,
2017-03-10,21,저금리(~2021),-1.16,-1.23,-1.05,-1.05,
2017-03-13,21,저금리(~2021),-2.05,-2.45,-2.32,-2.32,
2017-03-14,21,저금리(~2021),-2.55,-2.62,-2.5,-2.5,
2017-03-15,21,저금리(~2021),-4.25,-4.54,-4.59,-4.59,
2017-03-16,21,저금리(~2021),-2.4,-2.26,-2.17,-2.17,
2017-03-17,21,저금리(~2021),-4.59,-4.85,-4.93,-4.93,
2017-03-20,21,저금리(~2021),-5.48,-5.38,-5.52,-5.52,
2017-03-21,21,저금리(~2021),-5.32,-5.08,-5.18,-5.18,
2017-03-22,21,저금리(~2021),-5.32,-5.23,-5.35,-5.35,
2017-03-23,21,저금리(~2021),-5.35,-5.18,-5.3,-5.3,
2017-03-24,21,저금리(~2021),-3.9,-4.01,-4.0,-4.0,
2017-03-27,21,저금리(~2021),-4.61,-4.66,-4.71,-4.71,
2017-03-28,21,저금리(~2021),-4.27,-4.26,-4.28,-4.28,
2017-03-29,21,저금리(~2021),-3.3,-3.25,-3.18,-3.18,
2017-03-30,21,저금리(~2021),-3.11,-3.26,-3.19,-3.19,
2017-03-31,21,저금리(~2021),-2.35,-2.57,-2.47,-2.47,
2017-04-03,21,저금리(~2021),-2.34,-2.51,-2.41,-2.41,
2017-04-04,21,저금리(~2021),-4.63,-4.69,-4.71,-4.71,
2017-04-05,21,저금리(~2021),-4.03,-3.82,-3.77,-3.77,
2017-04-06,21,저금리(~2021),-4.24,-4.29,-4.28,-4.28,
2017-04-07,21,저금리(~2021),-2.85,-3.32,-3.22,-3.22,
2017-04-10,21,저금리(~2021),-5.89,-5.61,-5.78,-5.78,
2017-04-11,21,저금리(~2021),-3.99,-4.56,-4.62,-4.62,
2017-04-12,21,저금리(~2021),-4.18,-4.57,-4.63,-4.63,
2017-04-13,21,저금리(~2021),-3.29,-3.49,-3.46,-3.46,
2017-04-14,21,저금리(~2021),-4.59,-4.48,-4.53,-4.53,
2017-04-17,21,저금리(~2021),-3.12,-2.89,-2.85,-2.85,
2017-04-18,21,저금리(~2021),-2.95,-2.66,-2.61,-2.61,
2017-04-19,21,저금리(~2021),-3.2,-3.4,-3.38,-3.38,
2017-04-20,21,저금리(~2021),-3.05,-3.6,-3.6,-3.6,
2017-04-21,21,저금리(~2021),-3.53,-3.67,-3.67,-3.67,
2017-04-24,21,저금리(~2021),-3.87,-3.96,-4.0,-4.0,
2017-04-25,21,저금리(~2021),-3.82,-4.0,-4.04,-4.04,
2017-04-26,21,저금리(~2021),-4.27,-4.29,-4.35,-4.35,
2017-04-27,21,저금리(~2021),-5.67,-5.31,-5.48,-5.48,
2017-04-28,21,저금리(~2021),-6.24,-6.33,-6.62,-6.62,
2017-05-02,21,저금리(~2021),-6.97,-7.07,-7.45,-7.45,
2017-05-04,21,저금리(~2021),-5.93,-5.78,-6.02,-6.02,
2017-05-08,21,저금리(~2021),-4.31,-5.17,-5.36,-5.36,
2017-05-10,21,저금리(~2021),-5.14,-6.07,-6.36,-6.36,
2017-05-11,21,저금리(~2021),-2.72,-3.39,-3.39,-3.39,
2017-05-12,21,저금리(~2021),-5.07,-5.39,-5.56,-5.56,
2017-05-15,21,저금리(~2021),-4.65,-5.65,-5.85,-5.85,
2017-05-16,21,저금리(~2021),-5.74,-5.71,-5.92,-5.92,
2017-05-17,21,저금리(~2021),-5.45,-5.81,-6.03,-6.03,
2017-05-18,21,저금리(~2021),-6.96,-7.19,-7.61,-7.61,
2017-05-19,21,저금리(~2021),-6.34,-6.69,-7.03,-7.03,
2017-05-22,21,저금리(~2021),-6.05,-6.7,-7.04,-7.04,
2017-05-23,21,저금리(~2021),-5.23,-5.86,-6.08,-6.08,
2017-05-24,21,저금리(~2021),-5.26,-5.85,-6.07,-6.07,
2017-05-25,21,저금리(~2021),-5.69,-6.07,-6.31,-6.31,
2017-05-26,21,저금리(~2021),-5.96,-6.54,-6.85,-6.85,
2017-05-29,21,저금리(~2021),-5.32,-5.67,-5.85,-5.85,
2017-05-30,21,저금리(~2021),-5.02,-5.83,-6.01,-6.01,
2017-05-31,21,저금리(~2021),-4.3,-4.89,-4.97,-4.97,
2017-06-01,21,저금리(~2021),-2.75,-3.92,-3.91,-3.91,
2017-06-02,21,저금리(~2021),-1.84,-2.36,-2.26,-2.26,
2017-06-05,21,저금리(~2021),-1.5,-1.79,-1.67,-1.67,
2017-06-07,21,저금리(~2021),-1.2,-1.85,-1.73,-1.73,
2017-06-08,21,저금리(~2021),-0.47,-0.61,-0.48,-0.48,
2017-06-09,21,저금리(~2021),0.74,0.88,1.0,1.0,
2017-06-12,21,저금리(~2021),-0.57,-0.68,-0.58,-0.58,
2017-06-13,21,저금리(~2021),1.78,1.89,1.95,1.95,
2017-06-14,21,저금리(~2021),1.31,1.13,1.22,1.22,
2017-06-15,21,저금리(~2021),1.21,1.0,1.1,1.1,
2017-06-16,21,저금리(~2021),-0.37,-0.33,-0.2,-0.2,
2017-06-19,21,저금리(~2021),0.37,0.01,0.14,0.14,
2017-06-20,21,저금리(~2021),-1.11,-1.51,-1.39,-1.39,
2017-06-21,21,저금리(~2021),-2.48,-1.88,-1.77,-1.77,
2017-06-22,21,저금리(~2021),-2.26,-2.72,-2.65,-2.65,
2017-06-23,21,저금리(~2021),-1.9,-1.93,-1.84,-1.84,
2017-06-26,21,저금리(~2021),-0.37,-0.27,-0.12,-0.12,
2017-06-27,21,저금리(~2021),-0.37,-0.45,-0.29,-0.29,
2017-06-28,21,저금리(~2021),-1.89,-1.96,-1.87,-1.87,
2017-06-29,21,저금리(~2021),0.79,1.36,1.51,1.51,
2017-06-30,21,저금리(~2021),1.11,1.13,1.28,1.28,
2017-07-03,21,저금리(~2021),0.26,0.38,0.54,0.54,
2017-07-04,21,저금리(~2021),-0.94,-0.81,-0.65,-0.65,
2017-07-05,21,저금리(~2021),2.36,2.15,2.33,2.33,
2017-07-06,21,저금리(~2021),3.06,2.75,2.9,2.9,
2017-07-07,21,저금리(~2021),1.32,1.31,1.54,1.54,
2017-07-10,21,저금리(~2021),0.16,0.29,0.54,0.54,
2017-07-11,21,저금리(~2021),0.94,1.02,1.27,1.27,
2017-07-12,21,저금리(~2021),-0.21,-0.08,0.16,0.16,
2017-07-13,21,저금리(~2021),2.49,3.11,3.27,3.27,
2017-07-14,21,저금리(~2021),1.97,1.88,2.12,2.12,
2017-07-17,21,저금리(~2021),1.89,1.87,2.11,2.11,
2017-07-18,21,저금리(~2021),1.0,0.95,1.24,1.24,
2017-07-19,21,저금리(~2021),2.3,2.68,2.88,2.88,
2017-07-20,21,저금리(~2021),4.12,3.42,3.57,3.57,
2017-07-21,21,저금리(~2021),2.37,2.84,3.04,3.04,
2017-07-24,21,저금리(~2021),2.96,3.05,3.23,3.23,
2017-07-25,21,저금리(~2021),1.01,0.74,1.0,1.0,
2017-07-26,21,저금리(~2021),1.23,1.18,1.43,1.43,
2017-07-27,21,저금리(~2021),0.54,0.48,0.74,0.74,
2017-07-28,21,저금리(~2021),-1.47,-1.85,-1.67,-1.67,
2017-07-31,21,저금리(~2021),-1.57,-1.64,-1.45,-1.45,
2017-08-01,21,저금리(~2021),-2.51,-2.51,-2.35,-2.35,
2017-08-02,21,저금리(~2021),-2.58,-2.53,-2.37,-2.37,
2017-08-03,21,저금리(~2021),-3.69,-3.37,-3.3,-3.3,
2017-08-04,21,저금리(~2021),-3.94,-3.58,-3.52,-3.52,
2017-08-07,21,저금리(~2021),-3.43,-3.64,-3.58,-3.58,
2017-08-08,21,저금리(~2021),-3.55,-3.59,-3.53,-3.53,
2017-08-09,21,저금리(~2021),-4.48,-4.1,-4.09,-4.09,
2017-08-10,21,저금리(~2021),-4.8,-5.18,-5.27,-5.27,
2017-08-11,21,저금리(~2021),-7.38,-7.4,-7.83,-7.83,
2017-08-14,21,저금리(~2021),-6.56,-6.23,-6.5,-6.5,
2017-08-16,21,저금리(~2021),-6.66,-6.88,-7.21,-7.21,
2017-08-17,21,저금리(~2021),-7.32,-7.84,-8.3,-8.3,
2017-08-18,21,저금리(~2021),-8.42,-8.93,-9.59,-9.59,
2017-08-21,21,저금리(~2021),-8.9,-9.2,-9.91,-9.91,
2017-08-22,21,저금리(~2021),-7.25,-7.79,-8.23,-8.23,
2017-08-23,21,저금리(~2021),-7.01,-7.29,-7.63,-7.63,
2017-08-24,21,저금리(~2021),-5.73,-5.53,-5.63,-5.63,
2017-08-25,21,저금리(~2021),-5.55,-5.98,-6.12,-6.12,
2017-08-28,21,저금리(~2021),-5.22,-5.53,-5.63,-5.63,
2017-08-29,21,저금리(~2021),-6.07,-6.6,-6.82,-6.82,
2017-08-30,21,저금리(~2021),-5.48,-5.94,-6.06,-6.06,
2017-08-31,21,저금리(~2021),-5.09,-5.54,-5.62,-5.62,
2017-09-01,21,저금리(~2021),-5.02,-5.76,-5.86,-5.86,
2017-09-04,21,저금리(~2021),-7.45,-8.51,-9.06,-9.06,
2017-09-05,21,저금리(~2021),-8.25,-8.61,-9.17,-9.17,
2017-09-06,21,저금리(~2021),-7.58,-7.52,-7.91,-7.91,
2017-09-07,21,저금리(~2021),-7.41,-8.28,-8.79,-8.79,
2017-09-08,21,저금리(~2021),-10.74,-11.24,-12.34,-12.34,
2017-09-11,21,저금리(~2021),-10.4,-10.23,-11.1,-11.1,
2017-09-12,21,저금리(~2021),-8.95,-9.33,-9.99,-9.99,
2017-09-13,21,저금리(~2021),-10.07,-10.97,-11.98,-11.98,
2017-09-14,21,저금리(~2021),-9.4,-9.56,-10.28,-10.28,
2017-09-15,21,저금리(~2021),-9.99,-9.91,-10.69,-10.69,
2017-09-18,21,저금리(~2021),-9.02,-9.06,-9.67,-9.67,
2017-09-19,21,저금리(~2021),-6.97,-7.35,-7.6,-7.6,
2017-09-20,21,저금리(~2021),-9.85,-10.17,-10.93,-10.93,
2017-09-21,21,저금리(~2021),-10.64,-10.96,-11.93,-11.93,
2017-09-22,21,저금리(~2021),-11.83,-12.34,-13.7,-13.7,
2017-09-25,21,저금리(~2021),-11.63,-11.6,-12.75,-12.75,
2017-09-26,21,저금리(~2021),-11.4,-11.42,-12.53,-12.53,
2017-09-27,21,저금리(~2021),-11.96,-12.05,-13.31,-13.31,
2017-09-28,21,저금리(~2021),-13.22,-12.83,-14.33,-14.33,
2017-09-29,21,저금리(~2021),-11.74,-12.14,-13.44,-13.44,
2017-10-10,21,저금리(~2021),-12.97,-13.03,-14.57,-14.57,
2017-10-11,21,저금리(~2021),-11.95,-11.58,-12.69,-12.69,
2017-10-12,21,저금리(~2021),-12.54,-12.88,-14.34,-14.34,
2017-10-13,21,저금리(~2021),-16.0,-16.01,-18.42,-18.42,
2017-10-16,21,저금리(~2021),-18.53,-18.5,-21.87,-21.87,
2017-10-17,21,저금리(~2021),-18.02,-19.14,-22.78,-22.78,
2017-10-18,21,저금리(~2021),-19.41,-20.04,-24.15,-24.15,
2017-10-19,21,저금리(~2021),-19.35,-19.46,-23.24,-23.24,
2017-10-20,21,저금리(~2021),-20.4,-20.7,-25.08,-25.08,
2017-10-23,21,저금리(~2021),-19.78,-19.74,-23.57,-23.57,
2017-10-24,21,저금리(~2021),-15.61,-15.66,-17.62,-17.62,
2017-10-25,21,저금리(~2021),-18.2,-18.27,-21.27,-21.27,
2017-10-26,21,저금리(~2021),-18.42,-17.63,-20.28,-20.28,
2017-10-27,21,저금리(~2021),-15.95,-16.05,-18.08,-18.08,
2017-10-30,21,저금리(~2021),-12.85,-12.65,-13.31,-13.31,
2017-10-31,21,저금리(~2021),-13.48,-13.5,-14.41,-14.41,
2017-11-01,21,저금리(~2021),-12.15,-12.32,-12.84,-12.84,
2017-11-02,21,저금리(~2021),-14.77,-14.9,-16.15,-16.15,
2017-11-03,21,저금리(~2021),-12.36,-12.29,-12.73,-12.73,
2017-11-06,21,저금리(~2021),-9.92,-10.31,-10.19,-10.19,
2017-11-07,21,저금리(~2021),-9.85,-9.44,-9.11,-9.11,
2017-11-08,21,저금리(~2021),-6.08,-5.85,-4.95,-4.95,
2017-11-09,21,저금리(~2021),-5.29,-5.16,-4.17,-4.17,
2017-11-10,21,저금리(~2021),-6.83,-7.22,-6.35,-6.35,
2017-11-13,21,저금리(~2021),-1.52,-2.26,-1.1,-1.1,
2017-11-14,21,저금리(~2021),0.5,0.81,1.84,1.84,
2017-11-15,21,저금리(~2021),4.13,5.8,6.37,6.37,
2017-11-16,21,저금리(~2021),5.55,6.01,6.56,6.56,
2017-11-17,21,저금리(~2021),5.65,5.96,6.51,6.51,
2017-11-20,21,저금리(~2021),8.21,8.94,8.99,8.99,
2017-11-21,21,저금리(~2021),9.89,10.2,10.05,10.05,
2017-11-22,21,저금리(~2021),9.21,9.89,9.79,9.79,
2017-11-23,21,저금리(~2021),8.14,8.2,8.48,8.48,
2017-11-24,21,저금리(~2021),4.74,3.84,4.59,4.59,
2017-11-27,21,저금리(~2021),-1.42,-1.29,-0.1,-0.1,
2017-11-28,21,저금리(~2021),-5.49,-5.18,-4.36,-4.36,
2017-11-29,21,저금리(~2021),-6.0,-5.41,-4.61,-4.61,
2017-11-30,21,저금리(~2021),-8.5,-8.6,-8.23,-8.23,
2017-12-01,21,저금리(~2021),-2.98,-3.02,-2.01,-2.01,
2017-12-04,21,저금리(~2021),-7.79,-7.87,-7.22,-7.22,
2017-12-05,21,저금리(~2021),-12.16,-11.96,-12.2,-12.2,
2017-12-06,21,저금리(~2021),-12.14,-11.94,-12.18,-12.18,
2017-12-07,21,저금리(~2021),-14.2,-14.53,-15.61,-15.61,
2017-12-08,21,저금리(~2021),-18.61,-18.46,-21.05,-21.05,
2017-12-11,21,저금리(~2021),-19.8,-19.53,-22.52,-22.52,
2017-12-12,21,저금리(~2021),-23.49,-22.72,-27.5,-27.5,
2017-12-13,21,저금리(~2021),-22.7,-22.79,-27.62,-27.62,
2017-12-14,21,저금리(~2021),-21.1,-21.49,-25.42,-25.42,
2017-12-15,21,저금리(~2021),-21.82,-22.2,-26.52,-26.52,
2017-12-18,21,저금리(~2021),-19.69,-20.15,-23.1,-23.1,
2017-12-19,21,저금리(~2021),-19.11,-18.88,-21.16,-21.16,
2017-12-20,21,저금리(~2021),-22.65,-23.93,-28.98,-28.98,
2017-12-21,21,저금리(~2021),-23.88,-24.07,-29.23,-29.23,
2017-12-22,21,저금리(~2021),-20.58,-20.34,-23.43,-23.43,
2017-12-26,21,저금리(~2021),-20.76,-21.0,-24.43,-24.43,
2017-12-27,21,저금리(~2021),-18.2,-18.46,-20.81,-20.81,
2017-12-28,21,저금리(~2021),-17.05,-17.42,-19.29,-19.29,
2018-01-02,21,저금리(~2021),-14.16,-14.73,-15.53,-15.53,
2018-01-03,21,저금리(~2021),-11.65,-11.11,-10.82,-10.82,
2018-01-04,21,저금리(~2021),-13.42,-14.1,-14.77,-14.77,
2018-01-05,21,저금리(~2021),-5.58,-4.89,-3.41,-3.41,
2018-01-08,21,저금리(~2021),-3.77,-4.25,-2.74,-2.74,
2018-01-09,21,저금리(~2021),-0.57,-0.61,1.27,1.27,
2018-01-10,21,저금리(~2021),-5.27,-4.24,-2.27,-2.27,
2018-01-11,21,저금리(~2021),1.69,1.51,3.47,3.47,
2018-01-12,21,저금리(~2021),6.84,6.92,8.1,8.1,
2018-01-15,21,저금리(~2021),13.69,13.84,13.73,13.73,
2018-01-16,21,저금리(~2021),10.43,9.84,10.76,10.76,
2018-01-17,21,저금리(~2021),2.96,2.34,4.28,4.28,
2018-01-18,21,저금리(~2021),6.45,6.21,7.79,7.79,
2018-01-19,21,저금리(~2021),0.96,0.37,2.3,2.3,
2018-01-22,21,저금리(~2021),0.7,0.65,2.58,2.58,
2018-01-23,21,저금리(~2021),3.13,4.08,5.61,5.61,
2018-01-24,21,저금리(~2021),2.68,1.88,3.54,3.54,
2018-01-25,21,저금리(~2021),3.04,2.09,3.74,3.74,
2018-01-26,21,저금리(~2021),6.8,6.67,7.87,7.87,
2018-01-29,21,저금리(~2021),7.97,8.07,9.02,9.02,
2018-01-30,21,저금리(~2021),9.4,9.5,10.25,10.25,
2018-01-31,21,저금리(~2021),5.35,4.74,6.24,6.24,
2018-02-01,21,저금리(~2021),6.24,5.37,6.83,6.83,
2018-02-02,21,저금리(~2021),3.54,3.91,5.55,5.55,
2018-02-05,21,저금리(~2021),-2.19,-3.57,-2.17,-2.17,
2018-02-06,21,저금리(~2021),-4.26,-5.04,-3.68,-3.68,
2018-02-07,21,저금리(~2021),-8.53,-9.22,-8.74,-8.74,
2018-02-08,21,저금리(~2021),-3.42,-4.7,-3.81,-3.81,
2018-02-09,21,저금리(~2021),-6.33,-7.45,-6.95,-6.95,
2018-02-12,21,저금리(~2021),-6.9,-7.64,-7.17,-7.17,
2018-02-13,21,저금리(~2021),-7.68,-8.51,-8.25,-8.25,
2018-02-14,21,저금리(~2021),-6.35,-6.55,-6.12,-6.12,
2018-02-19,21,저금리(~2021),-1.66,-1.64,-0.99,-0.99,
2018-02-20,21,저금리(~2021),-1.54,-1.42,-0.75,-0.75,
2018-02-21,21,저금리(~2021),6.5,6.59,7.16,7.16,
2018-02-22,21,저금리(~2021),1.29,-0.6,0.7,0.7,
2018-02-23,21,저금리(~2021),2.0,1.19,2.44,2.44,
2018-02-26,21,저금리(~2021),3.39,2.26,3.47,3.47,
2018-02-27,21,저금리(~2021),0.0,-0.08,1.25,1.25,
2018-02-28,21,저금리(~2021),-2.04,-2.19,-0.94,-0.94,
2018-03-02,21,저금리(~2021),-0.34,-0.39,0.9,0.9,
2018-03-05,21,저금리(~2021),-2.61,-3.91,-2.77,-2.77,
2018-03-06,21,저금리(~2021),0.34,0.21,1.38,1.38,
2018-03-07,21,저금리(~2021),-3.02,-3.85,-2.84,-2.84,
2018-03-08,21,저금리(~2021),-1.11,-1.92,-0.85,-0.85,
2018-03-09,21,저금리(~2021),-1.21,-1.27,-0.2,-0.2,
2018-03-12,21,저금리(~2021),1.69,1.98,2.9,2.9,
2018-03-13,21,저금리(~2021),1.24,1.29,2.24,2.24,
2018-03-14,21,저금리(~2021),2.66,2.34,3.25,3.25,
2018-03-15,21,저금리(~2021),2.13,1.96,2.89,2.89,
2018-03-16,21,저금리(~2021),2.05,2.59,3.49,3.49,
2018-03-19,21,저금리(~2021),0.0,0.05,0.98,0.98,
2018-03-20,21,저금리(~2021),3.04,2.79,3.56,3.56,
2018-03-21,21,저금리(~2021),4.08,3.65,4.39,4.39,
2018-03-22,21,저금리(~2021),1.56,0.97,1.8,1.8,
2018-03-23,21,저금리(~2021),-3.09,-3.01,-2.59,-2.59,
2018-03-26,21,저금리(~2021),2.81,4.15,4.21,4.21,
2018-03-27,21,저금리(~2021),2.89,3.25,3.37,3.37,
2018-03-28,21,저금리(~2021),0.42,0.84,1.09,1.09,
2018-03-29,21,저금리(~2021),1.82,1.11,1.35,1.35,
2018-03-30,21,저금리(~2021),3.81,3.74,3.91,3.91,
2018-04-02,21,저금리(~2021),4.22,4.18,4.33,4.33,
2018-04-03,21,저금리(~2021),5.71,6.43,6.34,6.34,
2018-04-04,21,저금리(~2021),7.46,7.9,7.67,7.67,
2018-04-05,21,저금리(~2021),13.06,15.31,13.84,13.84,
2018-04-06,21,저금리(~2021),8.22,8.44,8.69,8.69,
2018-04-09,21,저금리(~2021),9.69,9.7,9.73,9.73,
2018-04-10,21,저금리(~2021),8.39,8.33,8.61,8.61,
2018-04-11,21,저금리(~2021),11.23,10.86,10.73,10.73,
2018-04-12,21,저금리(~2021),8.2,8.37,8.68,8.68,
2018-04-13,21,저금리(~2021),9.4,9.81,9.87,9.87,
2018-04-16,21,저금리(~2021),8.92,7.87,8.27,8.27,
2018-04-17,21,저금리(~2021),7.18,6.61,7.2,7.2,
2018-04-18,21,저금리(~2021),6.15,6.28,6.91,6.91,
2018-04-19,21,저금리(~2021),4.6,4.53,5.33,5.33,
2018-04-20,21,저금리(~2021),3.42,3.52,4.41,4.41,
2018-04-23,21,저금리(~2021),0.84,0.35,1.36,1.36,
2018-04-24,21,저금리(~2021),-0.99,-1.75,-0.77,-0.77,
2018-04-25,21,저금리(~2021),1.24,0.63,1.65,1.65,
2018-04-26,21,저금리(~2021),0.75,0.72,1.74,1.74,
2018-04-27,21,저금리(~2021),1.96,2.02,2.97,2.97,
2018-04-30,21,저금리(~2021),-0.17,-0.41,0.54,0.54,
2018-05-02,21,저금리(~2021),0.17,-0.98,-0.05,-0.05,
2018-05-03,21,저금리(~2021),-0.82,-1.27,-0.35,-0.35,
2018-05-04,21,저금리(~2021),-4.79,-5.39,-4.77,-4.77,
2018-05-08,21,저금리(~2021),-7.19,-8.67,-8.82,-8.82,
2018-05-09,21,저금리(~2021),-3.2,-3.14,-2.96,-2.96,
2018-05-10,21,저금리(~2021),-3.9,-4.35,-4.25,-4.25,
2018-05-11,21,저금리(~2021),-1.29,-1.69,-1.42,-1.42,
2018-05-14,21,저금리(~2021),-3.79,-4.84,-4.82,-4.82,
2018-05-15,21,저금리(~2021),0.64,-0.72,-0.38,-0.38,
2018-05-16,21,저금리(~2021),3.42,2.58,2.98,2.98,
2018-05-17,21,저금리(~2021),0.24,-0.15,0.47,0.47,
2018-05-18,21,저금리(~2021),4.41,3.23,3.77,3.77,
2018-05-21,21,저금리(~2021),2.94,1.38,2.04,2.04,
2018-05-23,21,저금리(~2021),1.87,0.8,1.48,1.48,
2018-05-24,21,저금리(~2021),3.72,2.7,3.29,3.29,
2018-05-25,21,저금리(~2021),5.58,5.09,5.5,5.5,
2018-05-28,21,저금리(~2021),8.12,7.64,7.77,7.77,
2018-05-29,21,저금리(~2021),4.17,3.53,4.1,4.1,
2018-05-30,21,저금리(~2021),9.98,9.44,9.4,9.4,
2018-05-31,21,저금리(~2021),9.02,7.64,7.92,7.92,
2018-06-01,21,저금리(~2021),8.95,7.52,7.82,7.82,
2018-06-04,21,저금리(~2021),7.26,6.65,7.06,7.06,
2018-06-05,21,저금리(~2021),4.46,3.83,4.57,4.57,
2018-06-07,21,저금리(~2021),6.12,4.94,5.56,5.56,
2018-06-08,21,저금리(~2021),4.53,3.66,4.36,4.36,
2018-06-11,21,저금리(~2021),7.43,6.28,6.78,6.78,
2018-06-12,21,저금리(~2021),5.55,5.22,5.86,5.86,
2018-06-14,21,저금리(~2021),3.02,2.17,3.05,3.05,
2018-06-15,21,저금리(~2021),3.85,3.96,4.7,4.7,
2018-06-18,21,저금리(~2021),1.9,2.22,3.01,3.01,
2018-06-19,21,저금리(~2021),-0.08,-0.39,0.35,0.35,
2018-06-20,21,저금리(~2021),5.85,6.32,6.52,6.52,
2018-06-21,21,저금리(~2021),4.3,4.46,4.82,4.82,
2018-06-22,21,저금리(~2021),11.18,11.56,11.06,11.06,
2018-06-25,21,저금리(~2021),12.23,12.83,12.05,12.05,
2018-06-26,21,저금리(~2021),14.33,14.01,12.99,12.99,
2018-06-27,21,저금리(~2021),10.1,9.95,9.81,9.81,
2018-06-28,21,저금리(~2021),7.43,6.96,7.26,7.26,
2018-06-29,21,저금리(~2021),10.51,10.69,10.37,10.37,
2018-07-02,21,저금리(~2021),4.84,4.28,4.75,4.75,
2018-07-03,21,저금리(~2021),2.99,4.19,4.68,4.68,
2018-07-04,21,저금리(~2021),5.37,5.95,6.29,6.29,
2018-07-05,21,저금리(~2021),4.15,4.25,4.78,4.78,
2018-07-06,21,저금리(~2021),8.77,8.5,8.51,8.51,
2018-07-09,21,저금리(~2021),7.74,7.89,7.99,7.99,
2018-07-10,21,저금리(~2021),7.89,7.8,7.92,7.92,
2018-07-11,21,저금리(~2021),3.77,3.88,4.41,4.41,
2018-07-12,21,저금리(~2021),6.67,6.99,7.17,7.17,
2018-07-13,21,저금리(~2021),12.05,11.57,11.04,11.04,
2018-07-16,21,저금리(~2021),10.34,10.42,10.11,10.11,
2018-07-17,21,저금리(~2021),8.95,8.92,8.86,8.86,
2018-07-18,21,저금리(~2021),5.47,5.72,6.12,6.12,
2018-07-19,21,저금리(~2021),4.47,4.26,4.76,4.76,
2018-07-20,21,저금리(~2021),-0.08,0.13,0.96,0.96,
2018-07-23,21,저금리(~2021),-4.14,-3.65,-3.16,-3.16,
2018-07-24,21,저금리(~2021),-5.27,-5.58,-5.26,-5.26,
2018-07-25,21,저금리(~2021),-8.77,-8.3,-8.38,-8.38,
2018-07-26,21,저금리(~2021),-7.1,-7.15,-7.09,-7.09,
2018-07-27,21,저금리(~2021),-5.62,-5.16,-4.83,-4.83,
2018-07-30,21,저금리(~2021),-7.88,-7.68,-7.7,-7.7,
2018-07-31,21,저금리(~2021),-6.35,-5.98,-5.8,-5.8,
2018-08-01,21,저금리(~2021),-5.8,-6.11,-5.95,-5.95,
2018-08-02,21,저금리(~2021),-7.65,-7.63,-7.71,-7.71,
2018-08-03,21,저금리(~2021),-7.98,-7.76,-7.87,-7.87,
2018-08-06,21,저금리(~2021),-7.84,-7.7,-7.79,-7.79,
2018-08-07,21,저금리(~2021),-6.3,-6.24,-6.13,-6.13,
2018-08-08,21,저금리(~2021),-6.8,-6.54,-6.47,-6.47,
2018-08-09,21,저금리(~2021),-5.63,-5.23,-5.01,-5.01,
2018-08-10,21,저금리(~2021),-7.28,-7.55,-7.64,-7.64,
2018-08-13,21,저금리(~2021),-11.89,-11.61,-12.66,-12.66,
2018-08-14,21,저금리(~2021),-11.44,-11.29,-12.25,-12.25,
2018-08-16,21,저금리(~2021),-12.71,-12.58,-13.88,-13.88,
2018-08-17,21,저금리(~2021),-10.29,-10.05,-10.71,-10.71,
2018-08-20,21,저금리(~2021),-11.52,-11.66,-12.73,-12.73,
2018-08-21,21,저금리(~2021),-8.26,-8.08,-8.48,-8.48,
2018-08-22,21,저금리(~2021),-7.96,-7.78,-8.13,-8.13,
2018-08-23,21,저금리(~2021),-7.52,-7.32,-7.59,-7.59,
2018-08-24,21,저금리(~2021),-7.25,-7.28,-7.55,-7.55,
2018-08-27,21,저금리(~2021),-4.78,-4.71,-4.64,-4.64,
2018-08-28,21,저금리(~2021),-5.19,-5.6,-5.64,-5.64,
2018-08-29,21,저금리(~2021),-0.92,-0.86,-0.44,-0.44,
2018-08-30,21,저금리(~2021),-0.31,0.09,0.51,0.51,
2018-08-31,21,저금리(~2021),4.34,4.35,4.56,4.56,
2018-09-03,21,저금리(~2021),5.44,5.6,5.7,5.7,
2018-09-04,21,저금리(~2021),8.83,9.06,8.69,8.69,
2018-09-05,21,저금리(~2021),11.51,11.45,10.77,10.77,
2018-09-06,21,저금리(~2021),6.18,6.6,6.86,6.86,
2018-09-07,21,저금리(~2021),9.49,9.06,9.01,9.01,
2018-09-10,21,저금리(~2021),7.85,7.74,7.91,7.91,
2018-09-11,21,저금리(~2021),7.86,7.51,7.71,7.71,
2018-09-12,21,저금리(~2021),11.16,11.38,10.93,10.93,
2018-09-13,21,저금리(~2021),9.37,9.01,9.03,9.03,
2018-09-14,21,저금리(~2021),9.9,9.82,9.69,9.69,
2018-09-17,21,저금리(~2021),13.1,12.51,11.94,11.94,
2018-09-18,21,저금리(~2021),16.79,16.64,15.12,15.12,
2018-09-19,21,저금리(~2021),18.09,17.99,16.1,16.1,
2018-09-20,21,저금리(~2021),20.37,20.84,18.18,18.18,
2018-09-21,21,저금리(~2021),24.55,25.35,21.19,21.19,
2018-09-27,21,저금리(~2021),23.54,23.98,20.35,20.35,
2018-09-28,21,저금리(~2021),23.82,23.46,20.0,20.0,
2018-10-01,21,저금리(~2021),23.03,22.91,19.64,19.64,
2018-10-02,21,저금리(~2021),11.66,11.7,11.72,11.72,
2018-10-04,21,저금리(~2021),10.82,10.2,10.52,10.52,
2018-10-05,21,저금리(~2021),8.86,8.33,8.95,8.95,
2018-10-08,21,저금리(~2021),9.35,9.31,9.79,9.79,
2018-10-10,21,저금리(~2021),6.56,5.87,6.87,6.87,
2018-10-11,21,저금리(~2021),4.1,4.41,5.46,5.46,
2018-10-12,21,저금리(~2021),12.31,12.03,11.84,11.84,
2018-10-15,21,저금리(~2021),8.95,9.68,9.9,9.9,
2018-10-16,21,저금리(~2021),10.7,10.04,10.19,10.19,
2018-10-17,21,저금리(~2021),8.76,8.58,9.04,9.04,
2018-10-18,21,저금리(~2021),5.35,5.26,6.14,6.14,
2018-10-19,21,저금리(~2021),5.02,5.33,6.2,6.2,
2018-10-22,21,저금리(~2021),8.64,8.45,8.95,8.95,
2018-10-23,21,저금리(~2021),3.74,3.53,4.53,4.53,
2018-10-24,21,저금리(~2021),1.19,1.43,2.49,2.49,
2018-10-25,21,저금리(~2021),1.59,1.14,2.2,2.2,
2018-10-26,21,저금리(~2021),-3.96,-4.87,-4.05,-4.05,
2018-10-29,21,저금리(~2021),-7.11,-8.01,-7.69,-7.69,
2018-10-30,21,저금리(~2021),-5.06,-5.34,-4.71,-4.71,
2018-10-31,21,저금리(~2021),-5.37,-5.38,-4.76,-4.76,
2018-11-01,21,저금리(~2021),-5.76,-5.81,-5.24,-5.24,
2018-11-02,21,저금리(~2021),-3.13,-2.97,-2.39,-2.39,
2018-11-05,21,저금리(~2021),-2.09,-1.75,-1.12,-1.12,
2018-11-06,21,저금리(~2021),-1.11,-0.56,0.11,0.11,
2018-11-07,21,저금리(~2021),0.62,0.58,1.3,1.3,
2018-11-08,21,저금리(~2021),0.14,0.47,1.2,1.2,
2018-11-09,21,저금리(~2021),0.34,-0.22,0.48,0.48,
2018-11-12,21,저금리(~2021),-1.57,-1.48,-0.86,-0.86,
2018-11-13,21,저금리(~2021),-4.54,-5.06,-4.53,-4.53,
2018-11-14,21,저금리(~2021),-4.6,-3.95,-3.34,-3.34,
2018-11-15,21,저금리(~2021),1.08,1.85,2.56,2.56,
2018-11-16,21,저금리(~2021),2.67,3.72,4.31,4.31,
2018-11-19,21,저금리(~2021),5.7,6.14,6.45,6.45,
2018-11-20,21,저금리(~2021),0.21,0.82,1.54,1.54,
2018-11-21,21,저금리(~2021),2.08,2.87,3.49,3.49,
2018-11-22,21,저금리(~2021),0.62,0.93,1.64,1.64,
2018-11-23,21,저금리(~2021),-0.55,0.21,0.92,0.92,
2018-11-26,21,저금리(~2021),1.19,1.38,2.02,2.02,
2018-11-27,21,저금리(~2021),1.83,2.49,3.09,3.09,
2018-11-28,21,저금리(~2021),1.61,1.96,2.59,2.59,
2018-11-29,21,저금리(~2021),2.07,2.61,3.22,3.22,
2018-11-30,21,저금리(~2021),5.21,5.8,6.2,6.2,
2018-12-03,21,저금리(~2021),7.05,6.86,7.08,7.08,
2018-12-04,21,저금리(~2021),5.06,5.03,5.47,5.47,
2018-12-05,21,저금리(~2021),4.78,4.78,5.24,5.24,
2018-12-06,21,저금리(~2021),0.07,0.27,0.88,0.88,
2018-12-07,21,저금리(~2021),1.17,1.67,2.21,2.21,
2018-12-10,21,저금리(~2021),-1.08,-0.85,-0.31,-0.31,
2018-12-11,21,저금리(~2021),-1.13,-0.82,-0.28,-0.28,
2018-12-12,21,저금리(~2021),0.96,1.43,1.84,1.84,
2018-12-13,21,저금리(~2021),1.31,1.36,1.77,1.77,
2018-12-14,21,저금리(~2021),-0.07,-0.17,0.2,0.2,
2018-12-17,21,저금리(~2021),-2.0,-2.48,-2.13,-2.13,
2018-12-18,21,저금리(~2021),-1.73,-1.89,-1.52,-1.52,
2018-12-19,21,저금리(~2021),1.09,1.32,1.62,1.62,
2018-12-20,21,저금리(~2021),0.68,0.89,1.2,1.2,
2018-12-21,21,저금리(~2021),0.48,0.46,0.79,0.79,
2018-12-24,21,저금리(~2021),-1.03,-1.15,-0.82,-0.82,
2018-12-26,21,저금리(~2021),-0.97,-0.8,-0.47,-0.47,
2018-12-27,21,저금리(~2021),-1.1,-1.06,-0.73,-0.73,
2018-12-28,21,저금리(~2021),-1.8,-2.01,-1.71,-1.71,
2019-01-02,21,저금리(~2021),-4.27,-4.27,-4.14,-4.14,
2019-01-03,21,저금리(~2021),-6.8,-6.94,-7.19,-7.19,
2019-01-04,21,저금리(~2021),-7.12,-6.97,-7.23,-7.23,
2019-01-07,21,저금리(~2021),-5.9,-5.51,-5.58,-5.58,
2019-01-08,21,저금리(~2021),-7.92,-7.97,-8.39,-8.39,
2019-01-09,21,저금리(~2021),-6.11,-6.05,-6.18,-6.18,
2019-01-10,21,저금리(~2021),-7.04,-7.35,-7.64,-7.64,
2019-01-11,21,저금리(~2021),-6.91,-6.62,-6.8,-6.8,
2019-01-14,21,저금리(~2021),-7.75,-7.63,-8.0,-8.0,
2019-01-15,21,저금리(~2021),-7.64,-7.87,-8.27,-8.27,
2019-01-16,21,저금리(~2021),-8.44,-8.58,-9.1,-9.1,
2019-01-17,21,저금리(~2021),-10.25,-10.47,-11.43,-11.43,
2019-01-18,21,저금리(~2021),-8.11,-8.05,-8.51,-8.51,
2019-01-21,21,저금리(~2021),-8.33,-8.29,-8.81,-8.81,
2019-01-22,21,저금리(~2021),-9.34,-9.91,-10.74,-10.74,
2019-01-23,21,저금리(~2021),-9.24,-9.51,-10.25,-10.25,
2019-01-24,21,저금리(~2021),-8.64,-9.0,-9.65,-9.65,
2019-01-25,21,저금리(~2021),-5.68,-5.86,-5.94,-5.94,
2019-01-28,21,저금리(~2021),-7.82,-7.71,-7.99,-7.99,
2019-01-29,21,저금리(~2021),-7.68,-7.85,-8.15,-8.15,
2019-01-30,21,저금리(~2021),-5.91,-6.38,-6.46,-6.46,
2019-01-31,21,저금리(~2021),-3.4,-3.43,-3.14,-3.14,
2019-02-01,21,저금리(~2021),-3.26,-3.25,-2.95,-2.95,
2019-02-07,21,저금리(~2021),-2.46,-3.0,-2.69,-2.69,
2019-02-08,21,저금리(~2021),-5.55,-5.91,-5.81,-5.81,
2019-02-11,21,저금리(~2021),-4.23,-4.42,-4.17,-4.17,
2019-02-12,21,저금리(~2021),-3.98,-4.56,-4.33,-4.33,
2019-02-13,21,저금리(~2021),-1.18,-1.47,-1.08,-1.08,
2019-02-14,21,저금리(~2021),-1.54,-2.23,-1.86,-1.86,
2019-02-15,21,저금리(~2021),-0.73,-1.47,-1.06,-1.06,
2019-02-18,21,저금리(~2021),0.0,-0.27,0.13,0.13,
2019-02-19,21,저금리(~2021),1.86,1.65,2.04,2.04,
2019-02-20,21,저금리(~2021),2.09,2.1,2.47,2.47,
2019-02-21,21,저금리(~2021),4.23,3.84,4.16,4.16,
2019-02-22,21,저금리(~2021),2.36,1.74,2.2,2.2,
2019-02-25,21,저금리(~2021),4.93,4.87,5.13,5.13,
2019-02-26,21,저금리(~2021),5.87,5.38,5.59,5.59,
2019-02-27,21,저금리(~2021),4.43,4.35,4.69,4.69,
2019-02-28,21,저금리(~2021),1.91,1.43,1.9,1.9,
2019-03-04,21,저금리(~2021),4.69,4.12,4.35,4.35,
2019-03-05,21,저금리(~2021),2.65,2.2,2.58,2.58,
2019-03-06,21,저금리(~2021),1.72,1.94,2.33,2.33,
2019-03-07,21,저금리(~2021),0.37,0.02,0.39,0.39,
2019-03-08,21,저금리(~2021),0.59,0.45,0.81,0.81,
2019-03-11,21,저금리(~2021),1.41,1.44,1.76,1.76,
2019-03-12,21,저금리(~2021),3.81,3.67,3.82,3.82,
2019-03-13,21,저금리(~2021),2.89,2.75,2.96,2.96,
2019-03-14,21,저금리(~2021),1.96,2.05,2.29,2.29,
2019-03-15,21,저금리(~2021),0.74,0.81,1.07,1.07,
2019-03-18,21,저금리(~2021),0.97,1.31,1.56,1.56,
2019-03-19,21,저금리(~2021),-0.37,-0.22,0.02,0.02,
2019-03-20,21,저금리(~2021),2.29,2.16,2.4,2.4,
2019-03-21,21,저금리(~2021),-0.51,-0.61,-0.32,-0.32,
2019-03-22,21,저금리(~2021),-0.37,-0.56,-0.27,-0.27,
2019-03-25,21,저금리(~2021),-2.92,-2.8,-2.66,-2.66,
2019-03-26,21,저금리(~2021),-0.94,-0.83,-0.63,-0.63,
2019-03-27,21,저금리(~2021),-1.49,-1.39,-1.23,-1.23,
2019-03-28,21,저금리(~2021),-1.62,-1.41,-1.24,-1.24,
2019-03-29,21,저금리(~2021),-0.93,-1.13,-0.97,-0.97,
2019-04-01,21,저금리(~2021),-0.72,-0.94,-0.78,-0.78,
2019-04-02,21,저금리(~2021),-0.65,-0.6,-0.43,-0.43,
2019-04-03,21,저금리(~2021),1.25,1.37,1.5,1.5,
2019-04-04,21,저금리(~2021),2.42,2.74,2.83,2.83,
2019-04-05,21,저금리(~2021),3.21,3.35,3.42,3.42,
2019-04-08,21,저금리(~2021),5.75,5.77,5.7,5.7,
2019-04-09,21,저금리(~2021),6.51,6.46,6.3,6.3,
2019-04-10,21,저금리(~2021),9.99,10.04,9.43,9.43,
2019-04-11,21,저금리(~2021),10.65,10.69,9.95,9.95,
2019-04-12,21,저금리(~2021),7.39,7.25,7.14,7.14,
2019-04-15,21,저금리(~2021),9.15,8.94,8.61,8.61,
2019-04-16,21,저금리(~2021),10.13,9.94,9.45,9.45,
2019-04-17,21,저금리(~2021),12.34,12.09,11.22,11.22,
2019-04-18,21,저금리(~2021),9.53,9.53,9.11,9.11,
2019-04-19,21,저금리(~2021),10.92,10.96,10.26,10.26,
2019-04-22,21,저금리(~2021),13.13,13.08,11.97,11.97,
2019-04-23,21,저금리(~2021),14.15,13.88,12.6,12.6,
2019-04-24,21,저금리(~2021),13.47,13.39,12.22,12.22,
2019-04-25,21,저금리(~2021),9.89,9.3,8.99,8.99,
2019-04-26,21,저금리(~2021),11.13,10.77,10.24,10.24,
2019-04-29,21,저금리(~2021),12.91,12.78,11.81,11.81,
2019-04-30,21,저금리(~2021),11.62,11.71,10.98,10.98,
2019-05-02,21,저금리(~2021),11.28,11.25,10.62,10.62,
2019-05-03,21,저금리(~2021),10.98,10.79,10.24,10.24,
2019-05-07,21,저금리(~2021),8.9,8.03,7.93,7.93,
2019-05-08,21,저금리(~2021),6.72,6.41,6.51,6.51,
2019-05-09,21,저금리(~2021),3.23,2.95,3.31,3.31,
2019-05-10,21,저금리(~2021),1.65,1.72,2.15,2.15,
2019-05-13,21,저금리(~2021),-0.13,-0.17,0.23,0.23,
2019-05-14,21,저금리(~2021),-0.53,-1.08,-0.69,-0.69,
2019-05-15,21,저금리(~2021),3.99,2.95,3.18,3.18,
2019-05-16,21,저금리(~2021),2.77,1.76,2.02,2.02,
2019-05-17,21,저금리(~2021),3.22,2.06,2.32,2.32,
2019-05-20,21,저금리(~2021),0.33,-0.88,-0.6,-0.6,
2019-05-21,21,저금리(~2021),-0.99,-2.06,-1.79,-1.79,
2019-05-22,21,저금리(~2021),0.33,-0.84,-0.53,-0.53,
2019-05-23,21,저금리(~2021),-0.84,-1.89,-1.63,-1.63,
2019-05-24,21,저금리(~2021),-1.09,-2.29,-2.06,-2.06,
2019-05-27,21,저금리(~2021),-0.96,-2.09,-1.85,-1.85,
2019-05-28,21,저금리(~2021),4.53,3.85,4.02,4.02,
2019-05-29,21,저금리(~2021),4.56,3.61,3.78,3.78,
2019-05-30,21,저금리(~2021),1.54,0.34,0.75,0.75,
2019-05-31,21,저금리(~2021),3.97,2.53,2.86,2.86,
2019-06-03,21,저금리(~2021),4.58,3.45,3.72,3.72,
2019-06-04,21,저금리(~2021),5.5,4.18,4.4,4.4,
2019-06-05,21,저금리(~2021),4.87,3.98,4.22,4.22,
2019-06-07,21,저금리(~2021),9.15,7.71,7.64,7.64,
2019-06-10,21,저금리(~2021),12.27,10.97,10.39,10.39,
2019-06-11,21,저금리(~2021),12.76,11.14,10.52,10.52,
2019-06-12,21,저금리(~2021),9.9,8.29,8.19,8.19,
2019-06-13,21,저금리(~2021),10.22,9.32,9.04,9.04,
2019-06-14,21,저금리(~2021),9.27,9.5,9.19,9.19,
2019-06-17,21,저금리(~2021),8.16,7.98,7.92,7.92,
2019-06-18,21,저금리(~2021),8.13,8.3,8.2,8.2,
2019-06-19,21,저금리(~2021),9.51,9.62,9.3,9.3,
2019-06-20,21,저금리(~2021),8.79,8.47,8.37,8.37,
2019-06-21,21,저금리(~2021),7.77,7.84,7.82,7.82,
2019-06-24,21,저금리(~2021),7.98,7.73,7.73,7.73,
2019-06-25,21,저금리(~2021),8.25,7.98,7.95,7.95,
2019-06-26,21,저금리(~2021),9.07,8.84,8.69,8.69,
2019-06-27,21,저금리(~2021),6.98,6.64,6.72,6.72,
2019-06-28,21,저금리(~2021),8.11,7.65,7.64,7.64,
2019-07-01,21,저금리(~2021),10.75,10.75,10.13,10.13,
2019-07-02,21,저금리(~2021),8.82,8.87,8.59,8.59,
2019-07-03,21,저금리(~2021),10.07,10.12,9.65,9.65,
2019-07-04,21,저금리(~2021),13.66,13.71,12.62,12.62,
2019-07-05,21,저금리(~2021),24.56,25.53,21.52,21.52,
2019-07-08,21,저금리(~2021),22.59,22.8,19.69,19.69,
2019-07-09,21,저금리(~2021),17.16,16.93,15.67,15.67,
2019-07-10,21,저금리(~2021),13.95,14.36,13.85,13.85,
2019-07-11,21,저금리(~2021),16.31,16.16,15.17,15.17,
2019-07-12,21,저금리(~2021),16.46,16.19,15.19,15.19,
2019-07-15,21,저금리(~2021),17.14,16.54,15.45,15.45,
2019-07-16,21,저금리(~2021),15.39,15.42,14.65,14.65,
2019-07-17,21,저금리(~2021),14.73,14.3,13.8,13.8,
2019-07-18,21,저금리(~2021),13.53,13.05,12.86,12.86,
2019-07-19,21,저금리(~2021),12.97,13.66,13.3,13.3,
2019-07-22,21,저금리(~2021),10.7,10.43,10.81,10.81,
2019-07-23,21,저금리(~2021),10.42,10.38,10.77,10.77,
2019-07-24,21,저금리(~2021),10.26,10.49,10.86,10.86,
2019-07-25,21,저금리(~2021),14.91,14.59,14.24,14.24,
2019-07-26,21,저금리(~2021),12.57,11.95,12.22,12.22,
2019-07-29,21,저금리(~2021),4.32,4.74,6.18,6.18,
2019-07-30,21,저금리(~2021),5.37,5.4,6.77,6.77,
2019-07-31,21,저금리(~2021),4.14,4.37,5.87,5.87,
2019-08-01,21,저금리(~2021),0.63,0.53,2.31,2.31,
2019-08-02,21,저금리(~2021),-2.68,-2.77,-1.17,-1.17,
2019-08-05,21,저금리(~2021),-11.75,-12.44,-13.27,-13.27,
2019-08-06,21,저금리(~2021),-13.92,-14.23,-15.63,-15.63,
2019-08-07,21,저금리(~2021),-11.66,-11.7,-12.4,-12.4,
2019-08-08,21,저금리(~2021),-7.72,-7.97,-7.95,-7.95,
2019-08-09,21,저금리(~2021),-7.27,-7.11,-6.93,-6.93,
2019-08-12,21,저금리(~2021),-9.01,-9.03,-9.14,-9.14,
2019-08-13,21,저금리(~2021),-11.84,-12.28,-13.14,-13.14,
2019-08-14,21,저금리(~2021),-10.75,-11.21,-11.82,-11.82,
2019-08-16,21,저금리(~2021),-10.9,-11.14,-11.73,-11.73,
2019-08-19,21,저금리(~2021),-10.28,-10.36,-10.77,-10.77,
2019-08-20,21,저금리(~2021),-8.13,-9.09,-9.26,-9.26,
2019-08-21,21,저금리(~2021),-5.58,-6.01,-5.72,-5.72,
2019-08-22,21,저금리(~2021),-2.91,-3.63,-3.01,-3.01,
2019-08-23,21,저금리(~2021),-2.23,-2.87,-2.19,-2.19,
2019-08-26,21,저금리(~2021),-8.43,-8.86,-9.13,-9.13,
2019-08-27,21,저금리(~2021),-7.05,-7.06,-7.02,-7.02,
2019-08-28,21,저금리(~2021),-2.61,-3.32,-3.0,-3.0,
2019-08-29,21,저금리(~2021),-6.07,-6.57,-6.48,-6.48,
2019-08-30,21,저금리(~2021),-2.6,-2.91,-2.47,-2.47,
2019-09-02,21,저금리(~2021),-0.68,-1.05,-0.59,-0.59,
2019-09-03,21,저금리(~2021),-4.94,-5.15,-4.79,-4.79,
2019-09-04,21,저금리(~2021),-4.29,-5.02,-4.65,-4.65,
2019-09-05,21,저금리(~2021),-3.28,-3.24,-2.73,-2.73,
2019-09-06,21,저금리(~2021),-2.98,-3.5,-3.0,-3.0,
2019-09-09,21,저금리(~2021),-5.69,-6.32,-6.07,-6.07,
2019-09-10,21,저금리(~2021),-7.39,-7.86,-7.85,-7.85,
2019-09-11,21,저금리(~2021),-6.39,-6.68,-6.53,-6.53,
2019-09-16,21,저금리(~2021),-3.58,-3.39,-2.93,-2.93,
2019-09-17,21,저금리(~2021),-2.01,-2.22,-1.7,-1.7,
2019-09-18,21,저금리(~2021),-4.41,-4.84,-4.46,-4.46,
2019-09-19,21,저금리(~2021),-6.76,-7.11,-6.95,-6.95,
2019-09-20,21,저금리(~2021),-9.2,-9.53,-9.71,-9.71,
2019-09-23,21,저금리(~2021),-9.42,-9.43,-9.58,-9.58,
2019-09-24,21,저금리(~2021),-10.11,-9.64,-9.86,-9.86,
2019-09-25,21,저금리(~2021),-11.3,-11.52,-12.22,-12.22,
2019-09-26,21,저금리(~2021),-11.35,-11.2,-11.83,-11.83,
2019-09-27,21,저금리(~2021),-11.51,-11.62,-12.36,-12.36,
2019-09-30,21,저금리(~2021),-12.14,-12.43,-13.41,-13.41,
2019-10-01,21,저금리(~2021),-10.16,-10.28,-10.79,-10.79,
2019-10-02,21,저금리(~2021),-12.7,-13.05,-14.35,-14.35,
2019-10-04,21,저금리(~2021),-13.36,-13.64,-15.11,-15.11,
2019-10-07,21,저금리(~2021),-8.51,-8.68,-8.98,-8.98,
2019-10-08,21,저금리(~2021),-6.99,-6.72,-6.71,-6.71,
2019-10-10,21,저금리(~2021),-7.08,-7.45,-7.56,-7.56,
2019-10-11,21,저금리(~2021),-6.45,-6.34,-6.27,-6.27,
2019-10-14,21,저금리(~2021),-5.5,-5.28,-5.12,-5.12,
2019-10-15,21,저금리(~2021),-3.23,-3.45,-3.12,-3.12,
2019-10-16,21,저금리(~2021),-2.77,-2.92,-2.56,-2.56,
2019-10-17,21,저금리(~2021),-5.41,-5.47,-5.32,-5.32,
2019-10-18,21,저금리(~2021),-6.09,-5.88,-5.78,-5.78,
2019-10-21,21,저금리(~2021),-2.22,-2.06,-1.66,-1.66,
2019-10-22,21,저금리(~2021),2.84,2.84,3.18,3.18,
2019-10-23,21,저금리(~2021),8.05,8.14,7.87,7.87,
2019-10-24,21,저금리(~2021),7.75,7.45,7.27,7.27,
2019-10-25,21,저금리(~2021),2.07,1.66,1.97,1.97,
2019-10-28,21,저금리(~2021),1.32,1.24,1.58,1.58,
2019-10-29,21,저금리(~2021),3.44,3.37,3.59,3.59,
2019-10-30,21,저금리(~2021),5.08,5.24,5.35,5.35,
2019-10-31,21,저금리(~2021),6.94,7.32,7.21,7.21,
2019-11-01,21,저금리(~2021),6.81,6.45,6.46,6.46,
2019-11-04,21,저금리(~2021),9.74,10.24,9.71,9.71,
2019-11-05,21,저금리(~2021),11.29,11.47,10.71,10.71,
2019-11-06,21,저금리(~2021),10.52,10.38,9.8,9.8,
2019-11-07,21,저금리(~2021),7.7,7.65,7.54,7.54,
2019-11-08,21,저금리(~2021),7.43,7.62,7.52,7.52,
2019-11-11,21,저금리(~2021),6.51,6.8,6.8,6.8,
2019-11-12,21,저금리(~2021),7.92,7.98,7.81,7.81,
2019-11-13,21,저금리(~2021),3.9,3.71,4.07,4.07,
2019-11-14,21,저금리(~2021),3.22,2.67,3.11,3.11,
2019-11-15,21,저금리(~2021),5.47,4.99,5.25,5.25,
2019-11-18,21,저금리(~2021),3.53,2.79,3.26,3.26,
2019-11-19,21,저금리(~2021),2.2,1.42,1.92,1.92,
2019-11-20,21,저금리(~2021),-0.92,-1.51,-1.06,-1.06,
2019-11-21,21,저금리(~2021),-3.43,-3.78,-3.48,-3.48,
2019-11-22,21,저금리(~2021),-4.61,-4.91,-4.7,-4.7,
2019-11-25,21,저금리(~2021),-0.37,-0.56,-0.17,-0.17,
2019-11-26,21,저금리(~2021),-2.41,-2.81,-2.4,-2.4,
2019-11-27,21,저금리(~2021),-4.68,-5.32,-5.08,-5.08,
2019-11-28,21,저금리(~2021),-8.09,-8.66,-8.96,-8.96,
2019-11-29,21,저금리(~2021),-9.46,-10.07,-10.7,-10.7,
2019-12-02,21,저금리(~2021),-7.1,-7.36,-7.46,-7.46,
2019-12-03,21,저금리(~2021),-5.8,-6.64,-6.58,-6.58,
2019-12-04,21,저금리(~2021),-8.14,-9.24,-9.56,-9.56,
2019-12-05,21,저금리(~2021),-5.84,-6.44,-6.12,-6.12,
2019-12-06,21,저금리(~2021),-8.28,-8.96,-8.87,-8.87,
2019-12-09,21,저금리(~2021),-9.12,-10.34,-10.52,-10.52,
2019-12-10,21,저금리(~2021),-10.09,-10.93,-11.26,-11.26,
2019-12-11,21,저금리(~2021),-10.01,-10.58,-10.82,-10.82,
2019-12-12,21,저금리(~2021),-7.58,-8.01,-7.81,-7.81,
2019-12-13,21,저금리(~2021),-7.65,-7.67,-7.42,-7.42,
2019-12-16,21,저금리(~2021),-7.99,-8.16,-8.01,-8.01,
2019-12-17,21,저금리(~2021),-5.64,-5.63,-5.15,-5.15,
2019-12-18,21,저금리(~2021),-4.93,-5.05,-4.5,-4.5,
2019-12-19,21,저금리(~2021),-6.56,-6.89,-6.5,-6.5,
2019-12-20,21,저금리(~2021),-5.1,-4.87,-4.21,-4.21,
2019-12-23,21,저금리(~2021),-0.57,-0.81,0.18,0.18,
2019-12-24,21,저금리(~2021),-3.34,-3.88,-3.02,-3.02,
2019-12-26,21,저금리(~2021),1.46,1.6,2.51,2.51,
2019-12-27,21,저금리(~2021),5.04,4.88,5.55,5.55,
2019-12-30,21,저금리(~2021),5.26,4.87,5.54,5.54,
2020-01-02,21,저금리(~2021),3.22,2.82,3.7,3.7,
2020-01-03,21,저금리(~2021),1.88,1.45,2.37,2.37,
2020-01-06,21,저금리(~2021),-3.33,-3.56,-2.76,-2.76,
2020-01-07,21,저금리(~2021),-1.09,-0.63,0.2,0.2,
2020-01-08,21,저금리(~2021),-5.09,-5.31,-4.89,-4.89,
2020-01-09,21,저금리(~2021),-1.62,-1.63,-1.16,-1.16,
2020-01-10,21,저금리(~2021),-1.18,-0.43,0.04,0.04,
2020-01-13,21,저금리(~2021),-0.46,-0.16,0.31,0.31,
2020-01-14,21,저금리(~2021),-0.53,-0.89,-0.43,-0.43,
2020-01-15,21,저금리(~2021),-1.31,-1.3,-0.85,-0.85,
2020-01-16,21,저금리(~2021),1.39,1.56,2.01,2.01,
2020-01-17,21,저금리(~2021),1.06,0.69,1.17,1.17,
2020-01-20,21,저금리(~2021),0.85,0.67,1.15,1.15,
2020-01-21,21,저금리(~2021),1.94,2.28,2.77,2.77,
2020-01-22,21,저금리(~2021),8.54,9.0,8.86,8.86,
2020-01-23,21,저금리(~2021),3.54,3.56,4.15,4.15,
2020-01-28,21,저금리(~2021),-0.38,-0.23,0.39,0.39,
2020-01-29,21,저금리(~2021),2.62,2.74,3.26,3.26,
2020-01-30,21,저금리(~2021),4.13,3.87,4.39,4.39,
2020-01-31,21,저금리(~2021),-0.8,-0.19,0.54,0.54,
2020-02-03,21,저금리(~2021),1.19,1.35,2.04,2.04,
2020-02-04,21,저금리(~2021),1.53,1.96,2.61,2.61,
2020-02-05,21,저금리(~2021),-0.13,0.36,1.07,1.07,
2020-02-06,21,저금리(~2021),3.18,3.58,4.12,4.12,
2020-02-07,21,저금리(~2021),7.07,7.33,7.62,7.62,
2020-02-10,21,저금리(~2021),5.75,5.89,6.4,6.4,
2020-02-11,21,저금리(~2021),11.69,11.69,11.45,11.45,
2020-02-12,21,저금리(~2021),16.59,17.74,16.22,16.22,
2020-02-13,21,저금리(~2021),23.01,23.0,19.97,19.97,
2020-02-14,21,저금리(~2021),26.98,26.78,22.42,22.42,
2020-02-17,21,저금리(~2021),21.79,21.1,18.97,18.97,
2020-02-18,21,저금리(~2021),27.67,27.49,23.41,23.41,
2020-02-19,21,저금리(~2021),39.08,40.55,31.17,31.17,
2020-02-20,21,저금리(~2021),24.76,26.62,24.25,24.25,
2020-02-21,21,저금리(~2021),29.48,30.32,26.59,26.59,
2020-02-24,21,저금리(~2021),11.9,11.86,15.33,15.33,
2020-02-25,21,저금리(~2021),11.84,11.99,15.43,15.43,
2020-02-26,21,저금리(~2021),11.98,11.05,14.72,14.72,
2020-02-27,21,저금리(~2021),8.22,7.79,12.14,12.14,
2020-02-28,21,저금리(~2021),1.44,3.08,8.01,8.01,
2020-03-02,21,저금리(~2021),-1.18,-0.93,4.61,4.61,
2020-03-03,21,저금리(~2021),2.34,3.21,8.61,8.61,
2020-03-04,21,저금리(~2021),0.25,0.33,6.13,6.13,
2020-03-05,21,저금리(~2021),1.53,1.26,6.97,6.97,
2020-03-06,21,저금리(~2021),-3.78,-3.44,2.55,2.55,
2020-03-09,21,저금리(~2021),-8.0,-7.9,-2.32,-2.32,
2020-03-10,21,저금리(~2021),-5.38,-5.03,0.72,0.72,
2020-03-11,21,저금리(~2021),-10.11,-10.43,-5.47,-5.47,
2020-03-12,21,저금리(~2021),-13.09,-13.73,-9.78,-9.78,
2020-03-13,21,저금리(~2021),-15.58,-16.01,-12.96,-12.96,
2020-03-16,21,저금리(~2021),-20.78,-20.22,-18.96,-18.96,
2020-03-17,21,저금리(~2021),-19.2,-19.02,-17.33,-17.33,
2020-03-18,21,저금리(~2021),-25.41,-25.13,-27.57,-27.57,
2020-03-19,21,저금리(~2021),-30.88,-31.52,-40.76,-40.76,
2020-03-20,21,저금리(~2021),-22.72,-23.67,-27.38,-27.38,
2020-03-23,21,저금리(~2021),-28.21,-28.32,-36.09,-36.09,
2020-03-24,21,저금리(~2021),-20.72,-20.67,-24.39,-24.39,
2020-03-25,21,저금리(~2021),-16.31,-16.35,-18.05,-18.05,
2020-03-26,21,저금리(~2021),-18.18,-17.35,-19.44,-19.44,
2020-03-27,21,저금리(~2021),-16.41,-15.73,-17.17,-17.17,
2020-03-30,21,저금리(~2021),-13.8,-14.97,-16.12,-16.12,
2020-03-31,21,저금리(~2021),-7.84,-8.01,-7.76,-7.76,
2020-04-01,21,저금리(~2021),-14.17,-14.66,-16.24,-16.24,
2020-04-02,21,저금리(~2021),-11.83,-11.99,-12.89,-12.89,
2020-04-03,21,저금리(~2021),-14.35,-13.97,-15.4,-15.4,
2020-04-06,21,저금리(~2021),-10.8,-11.51,-12.32,-12.32,
2020-04-07,21,저금리(~2021),-9.95,-10.28,-10.79,-10.79,
2020-04-08,21,저금리(~2021),-11.89,-11.92,-12.85,-12.85,
2020-04-09,21,저금리(~2021),-10.92,-10.54,-11.13,-11.13,
2020-04-10,21,저금리(~2021),-11.53,-11.79,-12.72,-12.72,
2020-04-13,21,저금리(~2021),-12.9,-12.64,-13.85,-13.85,
2020-04-14,21,저금리(~2021),-11.24,-11.48,-12.4,-12.4,
2020-04-16,21,저금리(~2021),-10.2,-9.63,-10.21,-10.21,
2020-04-17,21,저금리(~2021),-9.48,-9.6,-10.17,-10.17,
2020-04-20,21,저금리(~2021),-9.0,-9.13,-9.6,-9.6,
2020-04-21,21,저금리(~2021),-11.28,-11.15,-12.09,-12.09,
2020-04-22,21,저금리(~2021),-11.69,-11.8,-12.9,-12.9,
2020-04-23,21,저금리(~2021),-10.39,-10.11,-10.79,-10.79,
2020-04-24,21,저금리(~2021),-9.74,-10.08,-10.75,-10.75,
2020-04-27,21,저금리(~2021),-8.72,-8.71,-9.13,-9.13,
2020-04-28,21,저금리(~2021),-13.36,-13.25,-14.61,-14.61,
2020-04-29,21,저금리(~2021),-14.84,-14.74,-16.58,-16.58,
2020-05-04,21,저금리(~2021),-15.32,-15.73,-17.98,-17.98,
2020-05-06,21,저금리(~2021),-13.06,-13.44,-14.97,-14.97,
2020-05-07,21,저금리(~2021),-13.27,-13.09,-14.52,-14.52,
2020-05-08,21,저금리(~2021),-11.19,-11.52,-12.56,-12.56,
2020-05-11,21,저금리(~2021),-11.08,-10.86,-11.74,-11.74,
2020-05-12,21,저금리(~2021),-12.14,-11.75,-12.86,-12.86,
2020-05-13,21,저금리(~2021),-10.9,-11.65,-12.73,-12.73,
2020-05-14,21,저금리(~2021),-10.04,-10.37,-11.09,-11.09,
2020-05-15,21,저금리(~2021),-3.7,-3.77,-2.94,-2.94,
2020-05-18,21,저금리(~2021),-11.36,-10.8,-10.58,-10.58,
2020-05-19,21,저금리(~2021),-10.07,-10.59,-10.32,-10.32,
2020-05-20,21,저금리(~2021),-8.5,-9.17,-8.62,-8.62,
2020-05-21,21,저금리(~2021),-8.12,-8.7,-8.07,-8.07,
2020-05-22,21,저금리(~2021),-10.72,-11.08,-10.93,-10.93,
2020-05-25,21,저금리(~2021),-9.67,-10.79,-10.58,-10.58,
2020-05-26,21,저금리(~2021),-8.59,-9.84,-9.44,-9.44,
2020-05-27,21,저금리(~2021),-8.29,-8.88,-8.25,-8.25,
2020-05-28,21,저금리(~2021),-10.87,-11.35,-11.3,-11.3,
2020-05-29,21,저금리(~2021),-7.58,-8.7,-8.03,-8.03,
2020-06-01,21,저금리(~2021),-3.58,-4.8,-3.82,-3.82,
2020-06-02,21,저금리(~2021),-0.56,-1.34,-0.17,-0.17,
2020-06-03,21,저금리(~2021),-2.81,-3.3,-2.17,-2.17,
2020-06-04,21,저금리(~2021),-3.72,-4.11,-3.01,-3.01,
2020-06-05,21,저금리(~2021),-3.36,-4.28,-3.19,-3.19,
2020-06-08,21,저금리(~2021),-2.8,-3.64,-2.51,-2.51,
2020-06-09,21,저금리(~2021),-3.3,-4.17,-3.08,-3.08,
2020-06-10,21,저금리(~2021),-3.08,-4.29,-3.2,-3.2,
2020-06-11,21,저금리(~2021),-3.24,-3.54,-2.41,-2.41,
2020-06-12,21,저금리(~2021),-5.42,-5.68,-4.76,-4.76,
2020-06-15,21,저금리(~2021),-10.99,-11.44,-12.15,-12.15,
2020-06-16,21,저금리(~2021),-4.63,-5.68,-5.75,-5.75,
2020-06-17,21,저금리(~2021),-3.87,-4.03,-3.94,-3.94,
2020-06-18,21,저금리(~2021),-5.26,-5.32,-5.34,-5.34,
2020-06-19,21,저금리(~2021),-4.62,-4.77,-4.72,-4.72,
2020-06-22,21,저금리(~2021),-4.37,-4.38,-4.31,-4.31,
2020-06-23,21,저금리(~2021),-4.38,-4.03,-3.94,-3.94,
2020-06-24,21,저금리(~2021),-5.42,-5.07,-5.06,-5.06,
2020-06-25,21,저금리(~2021),-5.61,-5.71,-5.79,-5.79,
2020-06-26,21,저금리(~2021),-5.89,-5.99,-6.1,-6.1,
2020-06-29,21,저금리(~2021),-9.52,-9.23,-9.91,-9.91,
2020-06-30,21,저금리(~2021),-8.9,-8.48,-9.02,-9.02,
2020-07-01,21,저금리(~2021),-10.14,-10.08,-11.0,-11.0,
2020-07-02,21,저금리(~2021),-8.6,-8.68,-9.33,-9.33,
2020-07-03,21,저금리(~2021),-8.89,-8.9,-9.59,-9.59,
2020-07-06,21,저금리(~2021),-8.81,-8.76,-9.42,-9.42,
2020-07-07,21,저금리(~2021),-10.93,-10.77,-11.81,-11.81,
2020-07-08,21,저금리(~2021),-11.18,-11.04,-12.15,-12.15,
2020-07-09,21,저금리(~2021),-11.17,-11.09,-12.21,-12.21,
2020-07-10,21,저금리(~2021),-11.35,-11.05,-12.17,-12.17,
2020-07-13,21,저금리(~2021),-10.16,-10.25,-11.17,-11.17,
2020-07-14,21,저금리(~2021),-8.72,-8.8,-9.35,-9.35,
2020-07-15,21,저금리(~2021),-10.15,-10.11,-10.9,-10.9,
2020-07-16,21,저금리(~2021),-8.48,-7.91,-8.13,-8.13,
2020-07-17,21,저금리(~2021),-4.08,-4.12,-3.79,-3.79,
2020-07-20,21,저금리(~2021),-6.32,-6.46,-6.34,-6.34,
2020-07-21,21,저금리(~2021),-1.93,-1.7,-1.07,-1.07,
2020-07-22,21,저금리(~2021),-1.94,-2.03,-1.42,-1.42,
2020-07-23,21,저금리(~2021),-3.58,-3.58,-2.98,-2.98,
2020-07-24,21,저금리(~2021),-6.65,-6.31,-5.95,-5.95,
2020-07-27,21,저금리(~2021),-5.99,-5.49,-5.04,-5.04,
2020-07-28,21,저금리(~2021),-4.08,-3.82,-3.23,-3.23,
2020-07-29,21,저금리(~2021),-5.16,-5.28,-4.81,-4.81,
2020-07-30,21,저금리(~2021),-5.96,-5.82,-5.41,-5.41,
2020-07-31,21,저금리(~2021),-5.97,-5.86,-5.45,-5.45,
2020-08-03,21,저금리(~2021),-6.54,-6.04,-5.65,-5.65,
2020-08-04,21,저금리(~2021),-6.04,-5.75,-5.33,-5.33,
2020-08-05,21,저금리(~2021),-2.09,-1.59,-0.92,-0.92,
2020-08-06,21,저금리(~2021),-2.69,-2.26,-1.59,-1.59,
2020-08-07,21,저금리(~2021),-2.51,-2.4,-1.73,-1.73,
2020-08-10,21,저금리(~2021),-0.48,-0.22,0.53,0.53,
2020-08-11,21,저금리(~2021),-2.13,-1.86,-1.11,-1.11,
2020-08-12,21,저금리(~2021),-4.16,-3.9,-3.32,-3.32,
2020-08-13,21,저금리(~2021),-2.99,-2.88,-2.25,-2.25,
2020-08-14,21,저금리(~2021),-7.02,-7.23,-7.17,-7.17,
2020-08-18,21,저금리(~2021),-9.95,-9.36,-9.78,-9.78,
2020-08-19,21,저금리(~2021),-6.28,-5.69,-5.52,-5.52,
2020-08-20,21,저금리(~2021),-10.47,-10.52,-11.32,-11.32,
2020-08-21,21,저금리(~2021),-7.37,-7.45,-7.57,-7.57,
2020-08-24,21,저금리(~2021),-1.21,-0.63,-0.09,-0.09,
2020-08-25,21,저금리(~2021),0.76,0.7,1.2,1.2,
2020-08-26,21,저금리(~2021),6.08,5.61,6.0,6.0,
2020-08-27,21,저금리(~2021),5.39,5.45,5.86,5.86,
2020-08-28,21,저금리(~2021),1.81,2.38,3.17,3.17,
2020-08-31,21,저금리(~2021),1.25,1.79,2.63,2.63,
2020-09-01,21,저금리(~2021),0.29,0.52,1.41,1.41,
2020-09-02,21,저금리(~2021),2.96,2.84,3.61,3.61,
2020-09-03,21,저금리(~2021),2.57,2.61,3.4,3.4,
2020-09-04,21,저금리(~2021),0.97,1.17,1.99,1.99,
2020-09-07,21,저금리(~2021),2.07,2.16,2.93,2.93,
2020-09-08,21,저금리(~2021),3.37,3.86,4.51,4.51,
2020-09-09,21,저금리(~2021),3.61,3.55,4.21,4.21,
2020-09-10,21,저금리(~2021),7.4,7.86,8.1,8.1,
2020-09-11,21,저금리(~2021),8.39,8.4,8.56,8.56,
2020-09-14,21,저금리(~2021),10.55,10.86,10.6,10.6,
2020-09-15,21,저금리(~2021),10.78,10.62,10.41,10.41,
2020-09-16,21,저금리(~2021),9.44,9.0,9.08,9.08,
2020-09-17,21,저금리(~2021),10.95,10.64,10.51,10.51,
2020-09-18,21,저금리(~2021),13.0,13.56,12.79,12.79,
2020-09-21,21,저금리(~2021),13.79,14.2,13.3,13.3,
2020-09-22,21,저금리(~2021),8.65,8.37,8.49,8.49,
2020-09-23,21,저금리(~2021),5.47,5.42,6.03,6.03,
2020-09-24,21,저금리(~2021),-1.7,-1.56,-0.81,-0.81,
2020-09-25,21,저금리(~2021),2.24,2.45,3.32,3.32,
2020-09-28,21,저금리(~2021),5.15,4.84,5.4,5.4,
2020-09-29,21,저금리(~2021),4.08,3.7,4.39,4.39,
2020-10-05,21,저금리(~2021),2.98,3.31,4.05,4.05,
2020-10-06,21,저금리(~2021),0.77,1.03,1.91,1.91,
2020-10-07,21,저금리(~2021),3.47,3.5,4.28,4.28,
2020-10-08,21,저금리(~2021),1.92,2.03,2.9,2.9,
2020-10-12,21,저금리(~2021),4.55,4.63,5.35,5.35,
2020-10-13,21,저금리(~2021),3.07,3.03,3.88,3.88,
2020-10-14,21,저금리(~2021),1.51,1.82,2.71,2.71,
2020-10-15,21,저금리(~2021),-1.29,-1.33,-0.47,-0.47,
2020-10-16,21,저금리(~2021),-3.28,-3.26,-2.46,-2.46,
2020-10-19,21,저금리(~2021),-3.06,-3.25,-2.46,-2.46,
2020-10-20,21,저금리(~2021),-3.73,-3.52,-2.73,-2.73,
2020-10-21,21,저금리(~2021),-4.31,-3.93,-3.16,-3.16,
2020-10-22,21,저금리(~2021),-8.44,-8.06,-7.9,-7.9,
2020-10-23,21,저금리(~2021),-9.29,-9.42,-9.52,-9.52,
2020-10-26,21,저금리(~2021),-11.86,-11.53,-12.23,-12.23,
2020-10-27,21,저금리(~2021),-10.29,-10.23,-10.63,-10.63,
2020-10-28,21,저금리(~2021),-8.85,-8.74,-8.9,-8.9,
2020-10-29,21,저금리(~2021),-8.57,-8.17,-8.25,-8.25,
2020-10-30,21,저금리(~2021),-11.84,-11.89,-13.03,-13.03,
2020-11-02,21,저금리(~2021),-11.23,-11.0,-11.94,-11.94,
2020-11-03,21,저금리(~2021),-10.38,-10.01,-10.75,-10.75,
2020-11-04,21,저금리(~2021),-9.88,-10.03,-10.77,-10.77,
2020-11-05,21,저금리(~2021),-10.07,-10.25,-11.03,-11.03,
2020-11-06,21,저금리(~2021),-14.99,-14.75,-16.79,-16.79,
2020-11-09,21,저금리(~2021),-10.29,-10.29,-10.82,-10.82,
2020-11-10,21,저금리(~2021),-12.86,-12.76,-14.0,-14.0,
2020-11-11,21,저금리(~2021),-13.31,-13.45,-14.88,-14.88,
2020-11-12,21,저금리(~2021),-14.55,-14.86,-16.77,-16.77,
2020-11-13,21,저금리(~2021),-14.62,-14.91,-16.85,-16.85,
2020-11-16,21,저금리(~2021),-13.56,-13.38,-14.8,-14.8,
2020-11-17,21,저금리(~2021),-15.51,-15.38,-17.52,-17.52,
2020-11-18,21,저금리(~2021),-14.54,-14.63,-16.51,-16.51,
2020-11-19,21,저금리(~2021),-13.42,-13.46,-14.97,-14.97,
2020-11-20,21,저금리(~2021),-13.79,-13.91,-15.55,-15.55,
2020-11-23,21,저금리(~2021),-10.54,-10.34,-10.81,-10.81,
2020-11-24,21,저금리(~2021),-10.84,-10.84,-11.43,-11.43,
2020-11-25,21,저금리(~2021),-12.34,-12.4,-13.41,-13.41,
2020-11-26,21,저금리(~2021),-11.57,-12.04,-12.95,-12.95,
2020-11-27,21,저금리(~2021),-13.06,-12.99,-14.13,-14.13,
2020-11-30,21,저금리(~2021),-13.43,-13.29,-14.53,-14.53,
2020-12-01,21,저금리(~2021),-12.05,-12.1,-12.98,-12.98,
2020-12-02,21,저금리(~2021),-10.98,-11.57,-12.31,-12.31,
2020-12-03,21,저금리(~2021),-8.58,-8.88,-9.03,-9.03,
2020-12-04,21,저금리(~2021),-7.39,-7.17,-7.06,-7.06,
2020-12-07,21,저금리(~2021),-4.6,-4.79,-4.5,-4.5,
2020-12-08,21,저금리(~2021),-8.32,-8.33,-8.71,-8.71,
2020-12-09,21,저금리(~2021),-7.22,-7.42,-7.65,-7.65,
2020-12-10,21,저금리(~2021),-6.12,-6.01,-6.06,-6.06,
2020-12-11,21,저금리(~2021),-4.23,-3.94,-3.77,-3.77,
2020-12-14,21,저금리(~2021),-1.53,-1.26,-0.9,-0.9,
2020-12-15,21,저금리(~2021),1.31,0.75,1.17,1.17,
2020-12-16,21,저금리(~2021),0.44,0.42,0.85,0.85,
2020-12-17,21,저금리(~2021),-1.66,-1.59,-1.11,-1.11,
2020-12-18,21,저금리(~2021),-1.22,-0.98,-0.47,-0.47,
2020-12-21,21,저금리(~2021),0.79,0.82,1.29,1.29,
2020-12-22,21,저금리(~2021),-5.56,-5.52,-5.37,-5.37,
2020-12-23,21,저금리(~2021),-4.99,-5.08,-4.88,-4.88,
2020-12-24,21,저금리(~2021),-2.53,-2.41,-2.01,-2.01,
2020-12-28,21,저금리(~2021),0.11,0.83,1.29,1.29,
2020-12-29,21,저금리(~2021),6.77,6.6,6.64,6.64,
2020-12-30,21,저금리(~2021),2.53,2.45,3.02,3.02,
2021-01-04,21,저금리(~2021),1.71,1.79,2.39,2.39,
2021-01-05,21,저금리(~2021),1.37,1.97,2.56,2.56,
2021-01-06,21,저금리(~2021),1.7,2.14,2.73,2.73,
2021-01-07,21,저금리(~2021),2.17,2.02,2.61,2.61,
2021-01-08,21,저금리(~2021),3.79,3.81,4.29,4.29,
2021-01-11,21,저금리(~2021),4.48,4.41,4.85,4.85,
2021-01-12,21,저금리(~2021),3.78,3.7,4.2,4.2,
2021-01-13,21,저금리(~2021),2.06,2.09,2.71,2.71,
2021-01-14,21,저금리(~2021),2.72,2.7,3.31,3.31,
2021-01-15,21,저금리(~2021),1.11,1.22,1.85,1.85,
2021-01-18,21,저금리(~2021),-0.65,-0.22,0.38,0.38,
2021-01-19,21,저금리(~2021),0.77,0.85,1.42,1.42,
2021-01-20,21,저금리(~2021),5.73,5.71,5.91,5.91,
2021-01-21,21,저금리(~2021),7.96,7.59,7.61,7.61,
2021-01-22,21,저금리(~2021),10.95,10.53,10.14,10.14,
2021-01-25,21,저금리(~2021),9.35,9.16,9.08,9.08,
2021-01-26,21,저금리(~2021),11.43,11.15,10.77,10.77,
2021-01-27,21,저금리(~2021),7.34,7.53,7.78,7.78,
2021-01-28,21,저금리(~2021),4.54,4.46,5.04,5.04,
2021-01-29,21,저금리(~2021),2.15,2.36,3.01,3.01,
2021-02-01,21,저금리(~2021),6.28,6.57,6.69,6.69,
2021-02-02,21,저금리(~2021),8.87,9.13,8.93,8.93,
2021-02-03,21,저금리(~2021),10.02,10.4,9.98,9.98,
2021-02-04,21,저금리(~2021),8.79,8.82,8.67,8.67,
2021-02-05,21,저금리(~2021),6.81,7.12,7.25,7.25,
2021-02-08,21,저금리(~2021),3.76,4.25,4.72,4.72,
2021-02-09,21,저금리(~2021),3.74,4.18,4.65,4.65,
2021-02-10,21,저금리(~2021),1.43,2.09,2.77,2.77,
2021-02-15,21,저금리(~2021),3.03,3.66,4.21,4.21,
2021-02-16,21,저금리(~2021),0.99,1.25,1.91,1.91,
2021-02-17,21,저금리(~2021),0.44,0.8,1.47,1.47,
2021-02-18,21,저금리(~2021),-1.19,-0.71,-0.04,-0.04,
2021-02-19,21,저금리(~2021),-0.33,0.06,0.73,0.73,
2021-02-22,21,저금리(~2021),-3.51,-2.95,-2.37,-2.37,
2021-02-23,21,저금리(~2021),-5.5,-4.81,-4.43,-4.43,
2021-02-24,21,저금리(~2021),-8.36,-7.44,-7.48,-7.48,
2021-02-25,21,저금리(~2021),-3.38,-2.98,-2.71,-2.71,
2021-02-26,21,저금리(~2021),-6.15,-5.33,-5.34,-5.34,
2021-03-02,21,저금리(~2021),-3.26,-2.79,-2.61,-2.61,
2021-03-03,21,저금리(~2021),-3.6,-3.31,-3.16,-3.16,
2021-03-04,21,저금리(~2021),-4.31,-3.88,-3.77,-3.77,
2021-03-05,21,저금리(~2021),-3.38,-3.06,-2.88,-2.88,
2021-03-08,21,저금리(~2021),-5.05,-4.85,-4.88,-4.88,
2021-03-09,21,저금리(~2021),-5.73,-5.74,-5.88,-5.88,
2021-03-10,21,저금리(~2021),-7.16,-6.53,-6.76,-6.76,
2021-03-11,21,저금리(~2021),-5.64,-5.42,-5.54,-5.54,
2021-03-12,21,저금리(~2021),-4.69,-4.66,-4.72,-4.72,
2021-03-15,21,저금리(~2021),-6.89,-6.77,-7.07,-7.07,
2021-03-16,21,저금리(~2021),-4.67,-4.73,-4.85,-4.85,
2021-03-17,21,저금리(~2021),-4.46,-4.51,-4.6,-4.6,
2021-03-18,21,저금리(~2021),-4.91,-4.53,-4.63,-4.63,
2021-03-19,21,저금리(~2021),-6.22,-6.16,-6.43,-6.43,
2021-03-22,21,저금리(~2021),-5.37,-4.98,-5.1,-5.1,
2021-03-23,21,저금리(~2021),-4.47,-4.39,-4.44,-4.44,
2021-03-24,21,저금리(~2021),-3.63,-3.64,-3.64,-3.64,
2021-03-25,21,저금리(~2021),-3.85,-3.9,-3.92,-3.92,
2021-03-26,21,저금리(~2021),-4.18,-4.24,-4.29,-4.29,
2021-03-29,21,저금리(~2021),-3.39,-3.26,-3.21,-3.21,
2021-03-30,21,저금리(~2021),-0.55,-0.56,-0.32,-0.32,
2021-03-31,21,저금리(~2021),0.22,-0.04,0.21,0.21,
2021-04-01,21,저금리(~2021),1.87,2.03,2.22,2.22,
2021-04-02,21,저금리(~2021),4.73,4.79,4.87,4.87,
2021-04-05,21,저금리(~2021),3.06,2.98,3.2,3.2,
2021-04-06,21,저금리(~2021),2.71,3.14,3.36,3.36,
2021-04-07,21,저금리(~2021),1.52,1.55,1.86,1.86,
2021-04-08,21,저금리(~2021),0.66,0.82,1.18,1.18,
2021-04-09,21,저금리(~2021),3.65,3.79,4.05,4.05,
2021-04-12,21,저금리(~2021),6.04,6.26,6.28,6.28,
2021-04-13,21,저금리(~2021),9.56,9.48,9.04,9.04,
2021-04-14,21,저금리(~2021),7.18,7.3,7.24,7.24,
2021-04-15,21,저금리(~2021),7.06,6.97,6.95,6.95,
2021-04-16,21,저금리(~2021),6.54,6.53,6.57,6.57,
2021-04-19,21,저금리(~2021),7.67,7.91,7.75,7.75,
2021-04-20,21,저금리(~2021),7.87,7.7,7.57,7.57,
2021-04-21,21,저금리(~2021),8.32,8.41,8.19,8.19,
2021-04-22,21,저금리(~2021),6.4,6.84,6.87,6.87,
2021-04-23,21,저금리(~2021),6.4,6.66,6.71,6.71,
2021-04-26,21,저금리(~2021),5.85,5.92,6.07,6.07,
2021-04-27,21,저금리(~2021),4.52,4.43,4.71,4.71,
2021-04-28,21,저금리(~2021),0.99,1.02,1.42,1.42,
2021-04-29,21,저금리(~2021),-0.33,-0.14,0.26,0.26,
2021-04-30,21,저금리(~2021),0.22,0.53,0.94,0.94,
2021-05-03,21,저금리(~2021),-3.57,-3.51,-3.28,-3.28,
2021-05-04,21,저금리(~2021),-1.91,-1.89,-1.58,-1.58,
2021-05-06,21,저금리(~2021),-1.9,-2.09,-1.8,-1.8,
2021-05-07,21,저금리(~2021),-1.28,-1.13,-0.83,-0.83,
2021-05-10,21,저금리(~2021),2.52,2.31,2.55,2.55,
2021-05-11,21,저금리(~2021),-2.03,-2.52,-2.25,-2.25,
2021-05-12,21,저금리(~2021),-3.16,-3.71,-3.53,-3.53,
2021-05-13,21,저금리(~2021),-5.92,-6.28,-6.37,-6.37,
2021-05-14,21,저금리(~2021),-3.3,-3.69,-3.58,-3.58,
2021-05-17,21,저금리(~2021),-2.98,-3.53,-3.4,-3.4,
2021-05-18,21,저금리(~2021),-2.26,-2.85,-2.69,-2.69,
2021-05-20,21,저금리(~2021),-4.32,-5.2,-5.16,-5.16,
2021-05-21,21,저금리(~2021),-4.51,-5.26,-5.24,-5.24,
2021-05-24,21,저금리(~2021),-6.11,-6.85,-7.07,-7.07,
2021-05-25,21,저금리(~2021),-5.05,-5.95,-6.07,-6.07,
2021-05-26,21,저금리(~2021),-4.51,-5.39,-5.44,-5.44,
2021-05-27,21,저금리(~2021),-3.03,-3.81,-3.71,-3.71,
2021-05-28,21,저금리(~2021),-3.68,-4.31,-4.25,-4.25,
2021-05-31,21,저금리(~2021),-3.7,-4.22,-4.16,-4.16,
2021-06-01,21,저금리(~2021),-4.57,-5.04,-5.05,-5.05,
2021-06-02,21,저금리(~2021),-6.14,-7.16,-7.46,-7.46,
2021-06-03,21,저금리(~2021),-5.55,-6.29,-6.48,-6.48,
2021-06-04,21,저금리(~2021),-7.78,-8.29,-8.78,-8.78,
2021-06-07,21,저금리(~2021),-7.0,-7.77,-8.16,-8.16,
2021-06-08,21,저금리(~2021),-6.72,-7.47,-7.82,-7.82,
2021-06-09,21,저금리(~2021),-6.72,-7.19,-7.47,-7.47,
2021-06-10,21,저금리(~2021),-4.47,-4.31,-4.31,-4.31,
2021-06-11,21,저금리(~2021),-4.58,-4.75,-4.79,-4.79,
2021-06-14,21,저금리(~2021),-4.08,-4.28,-4.29,-4.29,
2021-06-15,21,저금리(~2021),-4.51,-4.74,-4.79,-4.79,
2021-06-16,21,저금리(~2021),-6.25,-6.15,-6.35,-6.35,
2021-06-17,21,저금리(~2021),-5.29,-5.18,-5.25,-5.25,
2021-06-18,21,저금리(~2021),-3.05,-2.8,-2.74,-2.74,
2021-06-21,21,저금리(~2021),-3.03,-2.99,-2.94,-2.94,
2021-06-22,21,저금리(~2021),-3.25,-3.19,-3.15,-3.15,
2021-06-23,21,저금리(~2021),-3.39,-3.38,-3.36,-3.36,
2021-06-24,21,저금리(~2021),-4.16,-4.12,-4.15,-4.15,
2021-06-25,21,저금리(~2021),-4.02,-3.73,-3.72,-3.72,
2021-06-28,21,저금리(~2021),-3.15,-2.99,-2.93,-2.93,
2021-06-29,21,저금리(~2021),-1.24,-1.38,-1.25,-1.25,
2021-06-30,21,저금리(~2021),-1.25,-1.44,-1.3,-1.3,
2021-07-01,21,저금리(~2021),1.15,1.24,1.4,1.4,
2021-07-02,21,저금리(~2021),0.0,0.1,0.3,0.3,
2021-07-05,21,저금리(~2021),1.87,1.91,2.05,2.05,
2021-07-06,21,저금리(~2021),-0.58,-0.53,-0.34,-0.34,
2021-07-07,21,저금리(~2021),-0.81,-0.44,-0.25,-0.25,
2021-07-08,21,저금리(~2021),-2.52,-2.56,-2.46,-2.46,
2021-07-09,21,저금리(~2021),-2.85,-3.2,-3.15,-3.15,
2021-07-12,21,저금리(~2021),-2.05,-1.85,-1.72,-1.72,
2021-07-13,21,저금리(~2021),-1.61,-1.74,-1.61,-1.61,
2021-07-14,21,저금리(~2021),-1.04,-0.96,-0.8,-0.8,
2021-07-15,21,저금리(~2021),1.17,1.33,1.46,1.46,
2021-07-16,21,저금리(~2021),2.91,2.87,2.98,2.98,
2021-07-19,21,저금리(~2021),1.16,1.11,1.32,1.32,
2021-07-20,21,저금리(~2021),3.13,3.17,3.35,3.35,
2021-07-21,21,저금리(~2021),4.87,4.99,5.04,5.04,
2021-07-22,21,저금리(~2021),2.93,3.05,3.33,3.33,
2021-07-23,21,저금리(~2021),1.17,1.2,1.6,1.6,
2021-07-26,21,저금리(~2021),-0.12,0.03,0.43,0.43,
2021-07-27,21,저금리(~2021),-0.81,-0.62,-0.22,-0.22,
2021-07-28,21,저금리(~2021),-2.17,-1.85,-1.48,-1.48,
2021-07-29,21,저금리(~2021),-2.08,-1.93,-1.57,-1.57,
2021-07-30,21,저금리(~2021),-4.76,-4.38,-4.2,-4.2,
2021-08-02,21,저금리(~2021),-3.92,-3.69,-3.47,-3.47,
2021-08-03,21,저금리(~2021),-3.68,-3.73,-3.5,-3.5,
2021-08-04,21,저금리(~2021),-3.03,-2.85,-2.59,-2.59,
2021-08-05,21,저금리(~2021),-2.58,-2.83,-2.57,-2.57,
2021-08-06,21,저금리(~2021),-2.82,-2.75,-2.49,-2.49,
2021-08-09,21,저금리(~2021),-0.94,-0.68,-0.32,-0.32,
2021-08-10,21,저금리(~2021),-1.4,-1.78,-1.45,-1.45,
2021-08-11,21,저금리(~2021),-1.75,-1.96,-1.63,-1.63,
2021-08-12,21,저금리(~2021),-1.28,-1.54,-1.19,-1.19,
2021-08-13,21,저금리(~2021),-3.24,-3.84,-3.6,-3.6,
2021-08-17,21,저금리(~2021),-6.33,-6.76,-6.89,-6.89,
2021-08-18,21,저금리(~2021),-4.6,-5.06,-5.0,-5.0,
2021-08-19,21,저금리(~2021),-7.3,-7.8,-8.17,-8.17,
2021-08-20,21,저금리(~2021),-8.84,-9.31,-10.0,-10.0,
2021-08-23,21,저금리(~2021),-5.92,-6.4,-6.68,-6.68,
2021-08-24,21,저금리(~2021),-3.48,-3.89,-3.93,-3.93,
2021-08-25,21,저금리(~2021),-0.47,-0.98,-0.79,-0.79,
2021-08-26,21,저금리(~2021),0.58,0.25,0.45,0.45,
2021-08-27,21,저금리(~2021),0.12,-0.45,-0.25,-0.25,
2021-08-30,21,저금리(~2021),3.18,2.65,2.83,2.83,
2021-08-31,21,저금리(~2021),6.31,5.7,5.67,5.67,
2021-09-01,21,저금리(~2021),9.83,9.33,8.86,8.86,
2021-09-02,21,저금리(~2021),6.44,6.25,6.28,6.28,
2021-09-03,21,저금리(~2021),8.05,7.27,7.17,7.17,
2021-09-06,21,저금리(~2021),9.86,9.33,8.95,8.95,
2021-09-07,21,저금리(~2021),8.82,8.15,7.97,7.97,
2021-09-08,21,저금리(~2021),3.2,2.48,2.97,2.97,
2021-09-09,21,저금리(~2021),2.6,2.47,2.95,2.95,
2021-09-10,21,저금리(~2021),3.21,3.04,3.49,3.49,
2021-09-13,21,저금리(~2021),0.59,0.56,1.12,1.12,
2021-09-14,21,저금리(~2021),2.87,2.98,3.42,3.42,
2021-09-15,21,저금리(~2021),5.19,5.13,5.4,5.4,
2021-09-16,21,저금리(~2021),4.46,4.23,4.6,4.6,
2021-09-17,21,저금리(~2021),4.85,5.13,5.4,5.4,
2021-09-23,21,저금리(~2021),2.55,2.49,3.03,3.03,
2021-09-24,21,저금리(~2021),2.78,2.85,3.37,3.37,
2021-09-27,21,저금리(~2021),3.49,3.62,4.11,4.11,
2021-09-28,21,저금리(~2021),1.76,1.66,2.18,2.18,
2021-09-29,21,저금리(~2021),-0.23,-0.69,-0.12,-0.12,
2021-09-30,21,저금리(~2021),-0.82,-1.06,-0.49,-0.49,
2021-10-01,21,저금리(~2021),-2.86,-2.76,-2.29,-2.29,
2021-10-05,21,저금리(~2021),-5.04,-5.19,-4.95,-4.95,
2021-10-06,21,저금리(~2021),-8.3,-8.55,-8.89,-8.89,
2021-10-07,21,저금리(~2021),-5.27,-5.39,-5.31,-5.31,
2021-10-08,21,저금리(~2021),-6.9,-6.7,-6.78,-6.78,
2021-10-12,21,저금리(~2021),-5.91,-5.91,-5.85,-5.85,
2021-10-13,21,저금리(~2021),-5.55,-5.65,-5.56,-5.56,
2021-10-14,21,저금리(~2021),-4.02,-4.08,-3.92,-3.92,
2021-10-15,21,저금리(~2021),-6.22,-6.3,-6.33,-6.33,
2021-10-18,21,저금리(~2021),-6.57,-6.36,-6.38,-6.38,
2021-10-19,21,저금리(~2021),-3.99,-4.1,-3.89,-3.89,
2021-10-20,21,저금리(~2021),-5.23,-5.14,-5.04,-5.04,
2021-10-21,21,저금리(~2021),-7.23,-7.29,-7.47,-7.47,
2021-10-22,21,저금리(~2021),-6.24,-5.93,-5.92,-5.92,
2021-10-25,21,저금리(~2021),-3.7,-3.54,-3.22,-3.22,
2021-10-26,21,저금리(~2021),-2.48,-2.33,-1.98,-1.98,
2021-10-27,21,저금리(~2021),-1.88,-1.98,-1.62,-1.62,
2021-10-28,21,저금리(~2021),-2.32,-2.41,-2.07,-2.07,
2021-10-29,21,저금리(~2021),-3.11,-3.21,-2.93,-2.93,
2021-11-01,21,저금리(~2021),-0.23,-0.14,0.24,0.24,
2021-11-02,21,저금리(~2021),0.0,0.21,0.58,0.58,
2021-11-03,21,저금리(~2021),0.35,0.26,0.63,0.63,
2021-11-04,21,저금리(~2021),-2.0,-1.86,-1.45,-1.45,
2021-11-05,21,저금리(~2021),0.24,0.61,1.05,1.05,
2021-11-08,21,저금리(~2021),-1.42,-1.48,-1.03,-1.03,
2021-11-09,21,저금리(~2021),-1.43,-1.88,-1.44,-1.44,
2021-11-10,21,저금리(~2021),-5.58,-6.03,-5.95,-5.95,
2021-11-11,21,저금리(~2021),-2.94,-3.52,-3.18,-3.18,
2021-11-12,21,저금리(~2021),-0.24,-0.83,-0.42,-0.42,
2021-11-15,21,저금리(~2021),2.46,2.21,2.52,2.52,
2021-11-16,21,저금리(~2021),2.1,1.39,1.74,1.74,
2021-11-17,21,저금리(~2021),0.49,-0.1,0.27,0.27,
2021-11-18,21,저금리(~2021),2.21,1.39,1.75,1.75,
2021-11-19,21,저금리(~2021),3.71,3.06,3.34,3.34,
2021-11-22,21,저금리(~2021),2.34,1.64,1.98,1.98,
2021-11-23,21,저금리(~2021),-0.36,-0.99,-0.7,-0.7,
2021-11-24,21,저금리(~2021),0.24,-0.46,-0.18,-0.18,
2021-11-25,21,저금리(~2021),-0.96,-1.22,-0.96,-0.96,
2021-11-26,21,저금리(~2021),-2.97,-3.66,-3.5,-3.5,
2021-11-29,21,저금리(~2021),-5.58,-6.66,-6.72,-6.72,
2021-11-30,21,저금리(~2021),-5.96,-6.23,-6.21,-6.21,
2021-12-01,21,저금리(~2021),-5.42,-5.69,-5.61,-5.61,
2021-12-02,21,저금리(~2021),-5.63,-6.3,-6.3,-6.3,
2021-12-03,21,저금리(~2021),-1.68,-2.35,-2.04,-2.04,
2021-12-06,21,저금리(~2021),-0.36,-1.22,-0.82,-0.82,
2021-12-07,21,저금리(~2021),3.96,3.1,3.47,3.47,
2021-12-08,21,저금리(~2021),3.64,3.17,3.54,3.54,
2021-12-09,21,저금리(~2021),7.64,7.83,7.75,7.75,
2021-12-10,21,저금리(~2021),6.42,6.44,6.52,6.52,
2021-12-13,21,저금리(~2021),2.28,2.57,3.06,3.06,
2021-12-14,21,저금리(~2021),3.84,3.63,4.07,4.07,
2021-12-15,21,저금리(~2021),6.53,6.6,6.76,6.76,
2021-12-16,21,저금리(~2021),7.78,7.81,7.81,7.81,
2021-12-17,21,저금리(~2021),7.91,7.65,7.67,7.67,
2021-12-20,21,저금리(~2021),8.83,8.69,8.57,8.57,
2021-12-21,21,저금리(~2021),6.26,6.41,6.68,6.68,
2021-12-22,21,저금리(~2021),8.43,8.15,8.21,8.21,
2021-12-23,21,저금리(~2021),11.61,11.9,11.35,11.35,
2021-12-24,21,저금리(~2021),14.04,13.62,12.71,12.71,
2021-12-27,21,저금리(~2021),17.4,17.61,15.68,15.68,
2021-12-28,21,저금리(~2021),25.79,26.49,21.68,21.68,
2021-12-29,21,저금리(~2021),20.37,20.39,17.74,17.74,
2021-12-30,21,저금리(~2021),18.43,17.82,15.99,15.99,
2022-01-03,21,고금리(2022~),17.02,16.96,15.38,15.38,
2022-01-04,21,고금리(2022~),16.89,16.96,15.38,15.38,
2022-01-05,21,고금리(2022~),14.42,14.67,13.63,13.63,
2022-01-06,21,고금리(2022~),8.43,8.37,8.59,8.59,
2022-01-07,21,고금리(2022~),12.28,12.78,12.21,12.21,
2022-01-10,21,고금리(2022~),13.16,12.74,12.17,12.17,
2022-01-11,21,고금리(2022~),13.77,13.96,13.14,13.14,
2022-01-12,21,고금리(2022~),18.9,18.88,16.67,16.67,
2022-01-13,21,고금리(2022~),11.09,10.78,10.82,10.82,
2022-01-14,21,고금리(2022~),10.67,10.43,10.53,10.53,
2022-01-17,21,고금리(2022~),8.68,8.39,8.85,8.85,
2022-01-18,21,고금리(2022~),7.0,7.24,7.87,7.87,
2022-01-19,21,고금리(2022~),7.13,7.18,7.81,7.81,
2022-01-20,21,고금리(2022~),9.06,8.91,9.22,9.22,
2022-01-21,21,고금리(2022~),10.67,10.19,10.32,10.32,
2022-01-24,21,고금리(2022~),3.47,3.23,4.35,4.35,
2022-01-25,21,고금리(2022~),0.74,0.9,2.11,2.11,
2022-01-26,21,고금리(2022~),-2.71,-2.79,-1.61,-1.61,
2022-01-27,21,고금리(2022~),-9.1,-9.26,-8.98,-8.98,
2022-01-28,21,고금리(2022~),-4.13,-4.74,-3.85,-3.85,
2022-02-03,21,고금리(2022~),-0.21,-0.17,0.91,0.91,
2022-02-04,21,고금리(2022~),1.8,2.06,3.08,3.08,
2022-02-07,21,고금리(2022~),-3.25,-2.59,-1.48,-1.48,
2022-02-08,21,고금리(2022~),-3.54,-2.64,-1.54,-1.54,
2022-02-09,21,고금리(2022~),1.28,3.04,4.08,4.08,
2022-02-10,21,고금리(2022~),-0.73,0.24,1.33,1.33,
2022-02-11,21,고금리(2022~),-6.67,-5.41,-4.53,-4.53,
2022-02-14,21,고금리(2022~),-10.4,-9.18,-8.82,-8.82,
2022-02-15,21,고금리(2022~),-12.34,-11.43,-11.59,-11.59,
2022-02-16,21,고금리(2022~),-6.34,-4.76,-4.04,-4.04,
2022-02-17,21,고금리(2022~),-8.0,-6.48,-5.97,-5.97,
2022-02-18,21,고금리(2022~),-7.88,-6.51,-6.01,-6.01,
2022-02-21,21,고금리(2022~),-7.37,-5.79,-5.19,-5.19,
2022-02-22,21,고금리(2022~),-8.6,-7.41,-7.04,-7.04,
2022-02-23,21,고금리(2022~),-5.82,-4.8,-4.11,-4.11,
2022-02-24,21,고금리(2022~),-10.84,-9.38,-9.41,-9.41,
2022-02-25,21,고금리(2022~),-7.33,-6.19,-5.85,-5.85,
2022-02-28,21,고금리(2022~),-7.27,-5.55,-5.13,-5.13,
2022-03-02,21,고금리(2022~),-4.72,-3.15,-2.56,-2.56,
2022-03-03,21,고금리(2022~),-3.08,-1.44,-0.84,-0.84,
2022-03-04,21,고금리(2022~),-5.6,-4.14,-3.71,-3.71,
2022-03-07,21,고금리(2022~),-6.01,-4.61,-4.25,-4.25,
2022-03-08,21,고금리(2022~),-6.36,-5.06,-4.75,-4.75,
2022-03-10,21,고금리(2022~),-3.68,-3.32,-2.94,-2.94,
2022-03-11,21,고금리(2022~),-1.3,-1.23,-0.69,-0.69,
2022-03-14,21,고금리(2022~),-3.05,-3.34,-2.98,-2.98,
2022-03-15,21,고금리(2022~),-5.46,-5.4,-5.17,-5.17,
2022-03-16,21,고금리(2022~),-2.06,-2.06,-1.68,-1.68,
2022-03-17,21,고금리(2022~),1.79,1.78,2.11,2.11,
2022-03-18,21,고금리(2022~),3.38,3.67,3.88,3.88,
2022-03-21,21,고금리(2022~),-0.55,-0.75,-0.36,-0.36,
2022-03-22,21,고금리(2022~),0.67,0.6,0.99,0.99,
2022-03-23,21,고금리(2022~),1.91,1.88,2.21,2.21,
2022-03-24,21,고금리(2022~),2.8,2.77,3.08,3.08,
2022-03-25,21,고금리(2022~),5.26,5.78,5.9,5.9,
2022-03-28,21,고금리(2022~),1.87,1.95,2.38,2.38,
2022-03-29,21,고금리(2022~),6.08,6.07,6.18,6.18,
2022-03-30,21,고금리(2022~),6.78,6.44,6.5,6.5,
2022-03-31,21,고금리(2022~),5.0,4.14,4.48,4.48,
2022-04-01,21,고금리(2022~),5.29,5.0,5.28,5.28,
2022-04-04,21,고금리(2022~),5.11,4.68,4.99,4.99,
2022-04-05,21,고금리(2022~),6.27,6.1,6.26,6.26,
2022-04-06,21,고금리(2022~),6.84,7.03,7.12,7.12,
2022-04-07,21,고금리(2022~),8.91,8.62,8.52,8.52,
2022-04-08,21,고금리(2022~),10.67,11.11,10.56,10.56,
2022-04-11,21,고금리(2022~),4.92,4.88,5.26,5.26,
2022-04-12,21,고금리(2022~),9.0,8.92,8.97,8.97,
2022-04-13,21,고금리(2022~),6.88,7.06,7.48,7.48,
2022-04-14,21,고금리(2022~),6.97,7.24,7.64,7.64,
2022-04-15,21,고금리(2022~),4.06,3.62,4.45,4.45,
2022-04-18,21,고금리(2022~),1.96,1.46,2.43,2.43,
2022-04-19,21,고금리(2022~),6.14,5.95,6.53,6.53,
2022-04-20,21,고금리(2022~),1.99,1.65,2.67,2.67,
2022-04-21,21,고금리(2022~),0.99,0.8,1.86,1.86,
2022-04-22,21,고금리(2022~),2.84,2.19,3.26,3.26,
2022-04-25,21,고금리(2022~),-1.28,-1.86,-0.78,-0.78,
2022-04-26,21,고금리(2022~),0.97,0.74,1.78,1.78,
2022-04-27,21,고금리(2022~),-1.17,-1.58,-0.58,-0.58,
2022-04-28,21,고금리(2022~),-3.28,-2.99,-2.01,-2.01,
2022-04-29,21,고금리(2022~),-1.52,-1.92,-0.93,-0.93,
2022-05-02,21,고금리(2022~),-2.03,-2.14,-1.17,-1.17,
2022-05-03,21,고금리(2022~),-0.86,-0.95,0.03,0.03,
2022-05-04,21,고금리(2022~),1.39,1.31,2.34,2.34,
2022-05-06,21,고금리(2022~),-1.36,-1.7,-0.73,-0.73,
2022-05-09,21,고금리(2022~),-4.7,-4.01,-3.2,-3.2,
2022-05-10,21,고금리(2022~),-4.26,-4.1,-3.3,-3.3,
2022-05-11,21,고금리(2022~),2.71,2.64,3.55,3.55,
2022-05-12,21,고금리(2022~),-2.09,-1.52,-0.75,-0.75,
2022-05-13,21,고금리(2022~),4.98,4.75,5.19,5.19,
2022-05-16,21,고금리(2022~),3.52,3.41,3.96,3.96,
2022-05-17,21,고금리(2022~),6.22,6.68,6.86,6.86,
2022-05-18,21,고금리(2022~),10.26,11.01,10.54,10.54,
2022-05-19,21,고금리(2022~),7.15,7.58,7.68,7.68,
2022-05-20,21,고금리(2022~),15.2,15.5,14.05,14.05,
2022-05-23,21,고금리(2022~),19.91,20.69,17.85,17.85,
2022-05-24,21,고금리(2022~),9.44,9.81,9.96,9.96,
2022-05-25,21,고금리(2022~),9.16,9.12,9.42,9.42,
2022-05-26,21,고금리(2022~),9.75,10.2,10.32,10.32,
2022-05-27,21,고금리(2022~),12.57,13.57,13.04,13.04,
2022-05-30,21,고금리(2022~),17.18,17.76,16.15,16.15,
2022-05-31,21,고금리(2022~),20.22,21.15,18.52,18.52,
2022-06-02,21,고금리(2022~),19.65,19.72,17.53,17.53,
2022-06-03,21,고금리(2022~),13.94,14.72,14.09,14.09,
2022-06-07,21,고금리(2022~),12.59,13.66,13.25,13.25,
2022-06-08,21,고금리(2022~),10.53,10.92,11.17,11.17,
2022-06-09,21,고금리(2022~),10.19,9.73,10.21,10.21,
2022-06-10,21,고금리(2022~),9.12,8.82,9.46,9.46,
2022-06-13,21,고금리(2022~),6.8,7.17,7.98,7.98,
2022-06-14,21,고금리(2022~),3.76,3.45,4.75,4.75,
2022-06-15,21,고금리(2022~),1.29,1.79,3.16,3.16,
2022-06-16,21,고금리(2022~),2.4,2.6,3.91,3.91,
2022-06-17,21,고금리(2022~),0.0,-0.04,1.4,1.4,
2022-06-20,21,고금리(2022~),-2.81,-3.01,-1.68,-1.68,
2022-06-21,21,고금리(2022~),-3.04,-3.21,-1.89,-1.89,
2022-06-22,21,고금리(2022~),-7.07,-6.88,-6.07,-6.07,
2022-06-23,21,고금리(2022~),-8.85,-9.04,-8.72,-8.72,
2022-06-24,21,고금리(2022~),-3.59,-3.25,-2.59,-2.59,
2022-06-27,21,고금리(2022~),-1.78,-1.39,-0.71,-0.71,
2022-06-28,21,고금리(2022~),-3.61,-3.47,-2.9,-2.9,
2022-06-29,21,고금리(2022~),-6.49,-6.94,-6.8,-6.8,
2022-06-30,21,고금리(2022~),-9.15,-9.35,-9.69,-9.69,
2022-07-01,21,고금리(2022~),-11.06,-11.22,-12.03,-12.03,
2022-07-04,21,고금리(2022~),-10.86,-10.62,-11.27,-11.27,
2022-07-05,21,고금리(2022~),-8.41,-8.42,-8.76,-8.76,
2022-07-06,21,고금리(2022~),-11.65,-11.89,-13.03,-13.03,
2022-07-07,21,고금리(2022~),-10.59,-10.86,-11.79,-11.79,
2022-07-08,21,고금리(2022~),-9.25,-9.29,-9.87,-9.87,
2022-07-11,21,고금리(2022~),-10.2,-10.15,-10.91,-10.91,
2022-07-12,21,고금리(2022~),-10.17,-10.25,-11.04,-11.04,
2022-07-13,21,고금리(2022~),-8.91,-9.1,-9.7,-9.7,
2022-07-14,21,고금리(2022~),-8.59,-9.1,-9.7,-9.7,
2022-07-15,21,고금리(2022~),-9.17,-9.48,-10.16,-10.16,
2022-07-18,21,고금리(2022~),-7.04,-6.95,-7.18,-7.18,
2022-07-19,21,고금리(2022~),-6.18,-6.24,-6.37,-6.37,
2022-07-20,21,고금리(2022~),-2.83,-2.81,-2.6,-2.6,
2022-07-21,21,고금리(2022~),-0.41,0.18,0.55,0.55,
2022-07-22,21,고금리(2022~),0.3,0.05,0.42,0.42,
2022-07-25,21,고금리(2022~),-1.01,-1.32,-0.94,-0.94,
2022-07-26,21,고금리(2022~),-3.32,-3.49,-3.14,-3.14,
2022-07-27,21,고금리(2022~),-1.11,-1.54,-1.09,-1.09,
2022-07-28,21,고금리(2022~),2.96,2.96,3.43,3.43,
2022-07-29,21,고금리(2022~),0.62,0.52,1.16,1.16,
2022-08-01,21,고금리(2022~),-0.62,-0.27,0.4,0.4,
2022-08-02,21,고금리(2022~),1.84,1.53,2.22,2.22,
2022-08-03,21,고금리(2022~),3.76,3.09,3.66,3.66,
2022-08-04,21,고금리(2022~),7.87,7.31,7.47,7.47,
2022-08-05,21,고금리(2022~),8.61,8.51,8.47,8.47,
2022-08-08,21,고금리(2022~),9.66,9.48,9.29,9.29,
2022-08-09,21,고금리(2022~),7.79,7.75,7.88,7.88,
2022-08-10,21,고금리(2022~),2.33,2.5,3.19,3.19,
2022-08-11,21,고금리(2022~),7.74,7.58,7.82,7.82,
2022-08-12,21,고금리(2022~),7.8,7.69,7.92,7.92,
2022-08-16,21,고금리(2022~),10.1,9.84,9.73,9.73,
2022-08-17,21,고금리(2022~),11.21,10.85,10.59,10.59,
2022-08-18,21,고금리(2022~),9.99,9.9,9.81,9.81,
2022-08-19,21,고금리(2022~),9.06,8.91,8.97,8.97,
2022-08-22,21,고금리(2022~),7.03,6.4,6.74,6.74,
2022-08-23,21,고금리(2022~),7.98,7.93,8.11,8.11,
2022-08-24,21,고금리(2022~),14.31,14.14,13.23,13.23,
2022-08-25,21,고금리(2022~),15.07,14.36,13.39,13.39,
2022-08-26,21,고금리(2022~),17.21,17.48,15.82,15.82,
2022-08-29,21,고금리(2022~),12.59,12.04,11.63,11.63,
2022-08-30,21,고금리(2022~),17.06,16.55,15.0,15.0,
2022-08-31,21,고금리(2022~),13.65,13.36,12.72,12.72,
2022-09-01,21,고금리(2022~),13.47,13.64,12.94,12.94,
2022-09-02,21,고금리(2022~),9.96,10.59,10.62,10.62,
2022-09-05,21,고금리(2022~),9.76,10.27,10.35,10.35,
2022-09-06,21,고금리(2022~),14.77,14.71,13.92,13.92,
2022-09-07,21,고금리(2022~),11.74,11.35,11.33,11.33,
2022-09-08,21,고금리(2022~),17.27,16.92,15.56,15.56,
2022-09-13,21,고금리(2022~),15.41,14.73,14.06,14.06,
2022-09-14,21,고금리(2022~),11.78,12.1,11.97,11.97,
2022-09-15,21,고금리(2022~),8.03,7.87,8.61,8.61,
2022-09-16,21,고금리(2022~),8.2,8.4,9.07,9.07,
2022-09-19,21,고금리(2022~),8.83,8.64,9.27,9.27,
2022-09-20,21,고금리(2022~),9.76,9.43,9.93,9.93,
2022-09-21,21,고금리(2022~),4.87,4.33,5.64,5.64,
2022-09-22,21,고금리(2022~),4.47,4.14,5.46,5.46,
2022-09-23,21,고금리(2022~),1.94,1.69,3.12,3.12,
2022-09-26,21,고금리(2022~),-4.17,-4.2,-2.97,-2.97,
2022-09-27,21,고금리(2022~),-1.08,-0.7,0.63,0.63,
2022-09-28,21,고금리(2022~),-5.77,-5.84,-4.95,-4.95,
2022-09-29,21,고금리(2022~),-5.11,-4.46,-3.45,-3.45,
2022-09-30,21,고금리(2022~),-5.24,-5.19,-4.26,-4.26,
2022-10-04,21,고금리(2022~),0.18,0.16,1.2,1.2,
2022-10-05,21,고금리(2022~),-2.3,-2.76,-1.84,-1.84,
2022-10-06,21,고금리(2022~),-0.27,-1.18,-0.28,-0.28,
2022-10-07,21,고금리(2022~),-4.49,-5.27,-4.58,-4.58,
2022-10-11,21,고금리(2022~),-7.86,-7.96,-7.77,-7.77,
2022-10-12,21,고금리(2022~),-4.99,-4.53,-3.88,-3.88,
2022-10-13,21,고금리(2022~),-12.5,-12.22,-12.68,-12.68,
2022-10-14,21,고금리(2022~),-7.35,-7.37,-7.01,-7.01,
2022-10-17,21,고금리(2022~),-10.62,-11.41,-11.74,-11.74,
2022-10-18,21,고금리(2022~),-7.61,-7.62,-7.25,-7.25,
2022-10-19,21,고금리(2022~),-8.3,-8.63,-8.47,-8.47,
2022-10-20,21,고금리(2022~),-9.17,-9.42,-9.44,-9.44,
2022-10-21,21,고금리(2022~),-7.31,-7.25,-6.82,-6.82,
2022-10-24,21,고금리(2022~),-2.91,-2.5,-1.73,-1.73,
2022-10-25,21,고금리(2022~),-5.19,-5.76,-5.17,-5.17,
2022-10-26,21,고금리(2022~),-7.34,-7.59,-7.21,-7.21,
2022-10-27,21,고금리(2022~),-3.89,-4.49,-3.75,-3.75,
2022-10-28,21,고금리(2022~),-3.2,-3.55,-2.7,-2.7,
2022-10-31,21,고금리(2022~),-3.62,-4.14,-3.31,-3.31,
2022-11-01,21,고금리(2022~),-3.53,-4.25,-3.44,-3.44,
2022-11-02,21,고금리(2022~),-6.17,-6.49,-5.87,-5.87,
2022-11-03,21,고금리(2022~),-5.36,-5.74,-4.99,-4.99,
2022-11-04,21,고금리(2022~),-6.07,-6.31,-5.62,-5.62,
2022-11-07,21,고금리(2022~),-3.03,-2.94,-1.92,-1.92,
2022-11-08,21,고금리(2022~),-0.47,-0.22,0.8,0.8,
2022-11-09,21,고금리(2022~),-0.84,-0.45,0.57,0.57,
2022-11-10,21,고금리(2022~),-3.41,-3.05,-2.15,-2.15,
2022-11-11,21,고금리(2022~),4.21,4.11,4.58,4.58,
2022-11-14,21,고금리(2022~),2.51,2.76,3.33,3.33,
2022-11-15,21,고금리(2022~),3.5,5.01,5.29,5.29,
2022-11-16,21,고금리(2022~),4.87,5.32,5.58,5.58,
2022-11-17,21,고금리(2022~),5.11,5.95,6.16,6.16,
2022-11-18,21,고금리(2022~),3.59,4.28,4.64,4.64,
2022-11-21,21,고금리(2022~),3.61,4.04,4.4,4.4,
2022-11-22,21,고금리(2022~),1.5,1.59,2.1,2.1,
2022-11-23,21,고금리(2022~),1.44,2.27,2.71,2.71,
2022-11-24,21,고금리(2022~),7.34,8.51,8.43,8.43,
2022-11-25,21,고금리(2022~),4.05,4.77,5.19,5.19,
2022-11-28,21,고금리(2022~),0.28,0.75,1.38,1.38,
2022-11-29,21,고금리(2022~),5.2,5.71,6.05,6.05,
2022-11-30,21,고금리(2022~),7.02,7.98,8.08,8.08,
2022-12-01,21,고금리(2022~),10.3,11.44,10.9,10.9,
2022-12-02,21,고금리(2022~),7.39,8.0,8.01,8.01,
2022-12-05,21,고금리(2022~),7.34,8.27,8.24,8.24,
2022-12-06,21,고금리(2022~),6.15,7.07,7.17,7.17,
2022-12-07,21,고금리(2022~),4.16,4.62,5.03,5.03,
2022-12-08,21,고금리(2022~),2.27,2.27,2.89,2.89,
2022-12-09,21,고금리(2022~),5.15,4.72,5.19,5.19,
2022-12-12,21,고금리(2022~),0.94,0.9,1.65,1.65,
2022-12-13,21,고금리(2022~),1.04,1.32,2.05,2.05,
2022-12-14,21,고금리(2022~),3.86,3.29,3.9,3.9,
2022-12-15,21,고금리(2022~),1.14,1.05,1.75,1.75,
2022-12-16,21,고금리(2022~),1.96,1.35,2.05,2.05,
2022-12-19,21,고금리(2022~),1.69,1.24,1.95,1.95,
2022-12-20,21,고금리(2022~),-0.73,-0.99,-0.31,-0.31,
2022-12-21,21,고금리(2022~),-0.28,-0.58,0.09,0.09,
2022-12-22,21,고금리(2022~),0.0,-0.36,0.3,0.3,
2022-12-23,21,고금리(2022~),-5.2,-5.81,-5.62,-5.62,
2022-12-26,21,고금리(2022~),-3.71,-3.41,-3.04,-3.04,
2022-12-27,21,고금리(2022~),-1.13,-1.24,-0.8,-0.8,
2022-12-28,21,고금리(2022~),-4.12,-4.17,-3.97,-3.97,
2022-12-29,21,고금리(2022~),-7.82,-8.48,-8.86,-8.86,
2023-01-02,21,고금리(2022~),-10.85,-11.34,-12.33,-12.33,
2023-01-03,21,고금리(2022~),-10.72,-11.05,-11.97,-11.97,
2023-01-04,21,고금리(2022~),-9.08,-9.48,-10.01,-10.01,
2023-01-05,21,고금리(2022~),-12.03,-12.53,-13.8,-13.8,
2023-01-06,21,고금리(2022~),-11.34,-11.46,-12.46,-12.46,
2023-01-09,21,고금리(2022~),-10.91,-11.09,-12.01,-12.01,
2023-01-10,21,고금리(2022~),-11.25,-11.86,-13.01,-13.01,
2023-01-11,21,고금리(2022~),-9.12,-9.72,-10.4,-10.4,
2023-01-12,21,고금리(2022~),-10.08,-10.61,-11.49,-11.49,
2023-01-13,21,고금리(2022~),-8.64,-9.25,-9.78,-9.78,
2023-01-16,21,고금리(2022~),-11.99,-12.18,-13.26,-13.26,
2023-01-17,21,고금리(2022~),-11.74,-11.94,-12.93,-12.93,
2023-01-18,21,고금리(2022~),-14.1,-14.34,-16.0,-16.0,
2023-01-19,21,고금리(2022~),-14.5,-14.79,-16.6,-16.6,
2023-01-20,21,고금리(2022~),-11.77,-11.64,-12.35,-12.35,
2023-01-25,21,고금리(2022~),-10.51,-10.58,-11.06,-11.06,
2023-01-26,21,고금리(2022~),-8.17,-8.23,-8.23,-8.23,
2023-01-27,21,고금리(2022~),-8.37,-8.94,-9.06,-9.06,
2023-01-30,21,고금리(2022~),-11.04,-11.47,-12.13,-12.13,
2023-01-31,21,고금리(2022~),-9.54,-9.53,-9.68,-9.68,
2023-02-01,21,고금리(2022~),-10.33,-10.42,-10.71,-10.71,
2023-02-02,21,고금리(2022~),-10.38,-10.79,-11.15,-11.15,
2023-02-03,21,고금리(2022~),-9.91,-10.09,-10.29,-10.29,
2023-02-06,21,고금리(2022~),-10.78,-11.1,-11.55,-11.55,
2023-02-07,21,고금리(2022~),-7.7,-8.12,-7.99,-7.99,
2023-02-08,21,고금리(2022~),-4.3,-4.82,-4.17,-4.17,
2023-02-09,21,고금리(2022~),-4.36,-4.7,-4.05,-4.05,
2023-02-10,21,고금리(2022~),-2.04,-1.77,-0.78,-0.78,
2023-02-13,21,고금리(2022~),-5.22,-5.37,-4.46,-4.46,
2023-02-14,21,고금리(2022~),-3.43,-3.45,-2.4,-2.4,
2023-02-15,21,고금리(2022~),-7.02,-7.26,-6.59,-6.59,
2023-02-16,21,고금리(2022~),-2.98,-2.89,-1.97,-1.97,
2023-02-17,21,고금리(2022~),-5.2,-5.57,-4.9,-4.9,
2023-02-20,21,고금리(2022~),-3.86,-4.11,-3.38,-3.38,
2023-02-21,21,고금리(2022~),-3.02,-3.27,-2.48,-2.48,
2023-02-22,21,고금리(2022~),-6.72,-7.48,-7.22,-7.22,
2023-02-23,21,고금리(2022~),-6.46,-7.05,-6.73,-6.73,
2023-02-24,21,고금리(2022~),-7.54,-8.03,-7.87,-7.87,
2023-02-27,21,고금리(2022~),-8.82,-9.26,-9.3,-9.3,
2023-02-28,21,고금리(2022~),-8.34,-8.37,-8.28,-8.28,
2023-03-02,21,고금리(2022~),-10.13,-10.61,-11.03,-11.03,
2023-03-03,21,고금리(2022~),-7.72,-8.19,-8.23,-8.23,
2023-03-06,21,고금리(2022~),-5.68,-5.73,-5.47,-5.47,
2023-03-07,21,고금리(2022~),-8.22,-8.87,-9.02,-9.02,
2023-03-08,21,고금리(2022~),-7.65,-8.18,-8.19,-8.19,
2023-03-09,21,고금리(2022~),-11.42,-11.65,-12.35,-12.35,
2023-03-10,21,고금리(2022~),-16.04,-16.72,-19.17,-19.17,
2023-03-13,21,고금리(2022~),-16.27,-16.81,-19.29,-19.29,
2023-03-14,21,고금리(2022~),-17.75,-18.2,-21.45,-21.45,
2023-03-15,21,고금리(2022~),-15.01,-15.0,-17.04,-17.04,
2023-03-16,21,고금리(2022~),-16.56,-16.76,-19.51,-19.51,
2023-03-17,21,고금리(2022~),-15.21,-15.22,-17.39,-17.39,
2023-03-20,21,고금리(2022~),-14.8,-15.65,-17.98,-17.98,
2023-03-21,21,고금리(2022~),-14.14,-14.34,-16.18,-16.18,
2023-03-22,21,고금리(2022~),-9.82,-10.14,-10.67,-10.67,
2023-03-23,21,고금리(2022~),-8.24,-8.52,-8.65,-8.65,
2023-03-24,21,고금리(2022~),-5.41,-5.41,-5.08,-5.08,
2023-03-27,21,고금리(2022~),-3.96,-3.44,-2.9,-2.9,
2023-03-28,21,고금리(2022~),-3.51,-3.73,-3.21,-3.21,
2023-03-29,21,고금리(2022~),-5.53,-5.96,-5.52,-5.52,
2023-03-30,21,고금리(2022~),-4.2,-4.04,-3.42,-3.42,
2023-03-31,21,고금리(2022~),-4.93,-5.44,-4.91,-4.91,
2023-04-03,21,고금리(2022~),-2.12,-1.87,-1.01,-1.01,
2023-04-04,21,고금리(2022~),-2.24,-2.68,-1.85,-1.85,
2023-04-05,21,고금리(2022~),0.73,1.14,1.92,1.92,
2023-04-06,21,고금리(2022~),1.08,1.41,2.19,2.19,
2023-04-07,21,고금리(2022~),5.58,5.38,5.8,5.8,
2023-04-10,21,고금리(2022~),10.19,10.87,10.41,10.41,
2023-04-11,21,고금리(2022~),12.18,11.95,11.26,11.26,
2023-04-12,21,고금리(2022~),10.53,9.95,9.6,9.6,
2023-04-13,21,고금리(2022~),9.53,8.95,8.78,8.78,
2023-04-14,21,고금리(2022~),7.99,7.41,7.52,7.52,
2023-04-17,21,고금리(2022~),8.65,8.7,8.63,8.63,
2023-04-18,21,고금리(2022~),7.59,7.6,7.7,7.7,
2023-04-19,21,고금리(2022~),4.98,5.14,5.55,5.55,
2023-04-20,21,고금리(2022~),0.5,0.25,0.88,0.88,
2023-04-21,21,고금리(2022~),-0.85,-0.88,-0.29,-0.29,
2023-04-24,21,고금리(2022~),-1.43,-1.62,-1.07,-1.07,
2023-04-25,21,고금리(2022~),-2.12,-3.03,-2.57,-2.57,
2023-04-26,21,고금리(2022~),-3.99,-4.25,-3.85,-3.85,
2023-04-27,21,고금리(2022~),-1.22,-0.99,-0.59,-0.59,
2023-04-28,21,고금리(2022~),-2.19,-2.63,-2.28,-2.28,
2023-05-02,21,고금리(2022~),-1.36,-1.14,-0.78,-0.78,
2023-05-03,21,고금리(2022~),-3.61,-3.86,-3.71,-3.71,
2023-05-04,21,고금리(2022~),-4.95,-5.23,-5.17,-5.17,
2023-05-08,21,고금리(2022~),-4.21,-5.23,-5.17,-5.17,
2023-05-09,21,고금리(2022~),-7.24,-8.39,-8.76,-8.76,
2023-05-10,21,고금리(2022~),-8.57,-9.55,-10.16,-10.16,
2023-05-11,21,고금리(2022~),-11.68,-12.9,-14.4,-14.4,
2023-05-12,21,고금리(2022~),-8.08,-8.53,-8.72,-8.72,
2023-05-15,21,고금리(2022~),-9.07,-9.6,-10.0,-10.0,
2023-05-16,21,고금리(2022~),-9.51,-10.74,-11.36,-11.36,
2023-05-17,21,고금리(2022~),-7.16,-8.17,-8.32,-8.32,
2023-05-18,21,고금리(2022~),-6.65,-7.77,-7.84,-7.84,
2023-05-19,21,고금리(2022~),-4.31,-5.2,-4.91,-4.91,
2023-05-22,21,고금리(2022~),-3.16,-4.52,-4.17,-4.17,
2023-05-23,21,고금리(2022~),-1.72,-2.26,-1.79,-1.79,
2023-05-24,21,고금리(2022~),-2.82,-4.0,-3.64,-3.64,
2023-05-25,21,고금리(2022~),-3.02,-4.3,-3.97,-3.97,
2023-05-26,21,고금리(2022~),-2.17,-2.94,-2.48,-2.48,
2023-05-30,21,고금리(2022~),-0.37,-1.22,-0.73,-0.73,
2023-05-31,21,고금리(2022~),-0.99,-2.2,-1.71,-1.71,
2023-06-01,21,고금리(2022~),-3.86,-4.87,-4.44,-4.44,
2023-06-02,21,고금리(2022~),-3.0,-3.72,-3.19,-3.19,
2023-06-05,21,고금리(2022~),-4.0,-4.56,-4.09,-4.09,
2023-06-07,21,고금리(2022~),0.25,-1.06,-0.43,-0.43,
2023-06-08,21,고금리(2022~),-1.0,-1.23,-0.6,-0.6,
2023-06-09,21,고금리(2022~),2.3,2.15,2.68,2.68,
2023-06-12,21,고금리(2022~),-0.51,-0.32,0.34,0.34,
2023-06-13,21,고금리(2022~),1.7,1.52,2.12,2.12,
2023-06-14,21,고금리(2022~),-3.52,-3.99,-3.69,-3.69,
2023-06-15,21,고금리(2022~),-4.04,-4.42,-4.15,-4.15,
2023-06-16,21,고금리(2022~),-2.69,-2.12,-1.75,-1.75,
2023-06-19,21,고금리(2022~),-5.4,-6.34,-6.14,-6.14,
2023-06-20,21,고금리(2022~),-9.03,-9.7,-10.05,-10.05,
2023-06-21,21,고금리(2022~),-11.12,-11.43,-12.23,-12.23,
2023-06-22,21,고금리(2022~),-11.68,-11.69,-12.56,-12.56,
2023-06-23,21,고금리(2022~),-12.53,-12.98,-14.22,-14.22,
2023-06-26,21,고금리(2022~),-15.24,-15.71,-17.76,-17.76,
2023-06-27,21,고금리(2022~),-12.58,-12.15,-12.71,-12.71,
2023-06-28,21,고금리(2022~),-10.7,-10.4,-10.38,-10.38,
2023-06-29,21,고금리(2022~),-14.11,-14.34,-15.25,-15.25,
2023-06-30,21,고금리(2022~),-15.71,-16.03,-17.44,-17.44,
2023-07-03,21,고금리(2022~),-12.18,-12.26,-12.54,-12.54,
2023-07-04,21,고금리(2022~),-8.52,-8.79,-8.02,-8.02,
2023-07-05,21,고금리(2022~),-10.27,-11.52,-11.2,-11.2,
2023-07-06,21,고금리(2022~),-11.66,-11.45,-11.11,-11.11,
2023-07-07,21,고금리(2022~),-8.24,-8.35,-7.16,-7.16,
2023-07-10,21,고금리(2022~),-9.14,-9.38,-8.4,-8.4,
2023-07-11,21,고금리(2022~),-8.77,-9.37,-8.38,-8.38,
2023-07-12,21,고금리(2022~),-9.27,-9.25,-8.25,-8.25,
2023-07-13,21,고금리(2022~),-7.29,-7.41,-6.1,-6.1,
2023-07-14,21,고금리(2022~),-4.47,-4.37,-2.69,-2.69,
2023-07-17,21,고금리(2022~),-1.84,-2.3,-0.46,-0.46,
2023-07-18,21,고금리(2022~),-0.95,-0.52,1.22,1.22,
2023-07-19,21,고금리(2022~),3.08,3.78,5.3,5.3,
2023-07-20,21,고금리(2022~),1.41,1.35,3.09,3.09,
2023-07-21,21,고금리(2022~),1.42,1.26,3.01,3.01,
2023-07-24,21,고금리(2022~),4.3,4.11,5.7,5.7,
2023-07-25,21,고금리(2022~),5.79,5.56,6.91,6.91,
2023-07-26,21,고금리(2022~),1.42,0.71,2.18,2.18,
2023-07-27,21,고금리(2022~),-2.75,-3.82,-2.55,-2.55,
2023-07-28,21,고금리(2022~),0.57,0.48,1.66,1.66,
2023-07-31,21,고금리(2022~),3.7,3.94,4.8,4.8,
2023-08-01,21,고금리(2022~),3.39,2.81,3.76,3.76,
2023-08-02,21,고금리(2022~),0.42,-0.32,0.53,0.53,
2023-08-03,21,고금리(2022~),3.48,3.98,4.51,4.51,
2023-08-04,21,고금리(2022~),3.16,3.2,3.78,3.78,
2023-08-07,21,고금리(2022~),0.41,-0.28,0.24,0.24,
2023-08-08,21,고금리(2022~),1.65,1.41,1.93,1.93,
2023-08-09,21,고금리(2022~),3.11,2.69,3.1,3.1,
2023-08-10,21,고금리(2022~),3.97,3.76,4.11,4.11,
2023-08-11,21,고금리(2022~),4.07,3.86,4.21,4.21,
2023-08-14,21,고금리(2022~),3.58,3.2,3.57,3.57,
2023-08-16,21,고금리(2022~),-1.07,-0.65,-0.2,-0.2,
2023-08-17,21,고금리(2022~),1.23,2.11,2.45,2.45,
2023-08-18,21,고금리(2022~),0.95,0.77,1.12,1.12,
2023-08-21,21,고금리(2022~),3.88,3.82,3.96,3.96,
2023-08-22,21,고금리(2022~),4.35,3.97,4.09,4.09,
2023-08-23,21,고금리(2022~),4.53,4.94,5.03,5.03,
2023-08-24,21,고금리(2022~),7.02,7.71,7.41,7.41,
2023-08-25,21,고금리(2022~),9.13,9.66,9.09,9.09,
2023-08-28,21,고금리(2022~),11.9,12.56,11.45,11.45,
2023-08-29,21,고금리(2022~),10.37,10.05,9.48,9.48,
2023-08-30,21,고금리(2022~),15.55,15.48,13.91,13.91,
2023-08-31,21,고금리(2022~),15.98,15.95,14.26,14.26,
2023-09-01,21,고금리(2022~),12.5,12.76,11.83,11.83,
2023-09-04,21,고금리(2022~),15.27,15.42,13.93,13.93,
2023-09-05,21,고금리(2022~),10.85,10.45,10.16,10.16,
2023-09-06,21,고금리(2022~),6.6,6.47,6.87,6.87,
2023-09-07,21,고금리(2022~),7.05,7.03,7.38,7.38,
2023-09-08,21,고금리(2022~),9.33,10.0,9.87,9.87,
2023-09-11,21,고금리(2022~),7.78,7.53,7.8,7.8,
2023-09-12,21,고금리(2022~),8.37,8.55,8.69,8.69,
2023-09-13,21,고금리(2022~),9.97,9.53,9.53,9.53,
2023-09-14,21,고금리(2022~),14.25,13.64,12.83,12.83,
2023-09-15,21,고금리(2022~),14.5,13.51,12.73,12.73,
2023-09-18,21,고금리(2022~),9.81,8.97,9.21,9.21,
2023-09-19,21,고금리(2022~),12.68,12.6,12.24,12.24,
2023-09-20,21,고금리(2022~),17.88,17.84,16.25,16.25,
2023-09-21,21,고금리(2022~),13.67,12.93,12.54,12.54,
2023-09-22,21,고금리(2022~),12.6,11.78,11.65,11.65,
2023-09-25,21,고금리(2022~),14.29,13.28,12.89,12.89,
2023-09-26,21,고금리(2022~),12.66,11.72,11.65,11.65,
2023-09-27,21,고금리(2022~),8.37,8.31,9.07,9.07,
2023-10-04,21,고금리(2022~),3.21,2.26,3.5,3.5,
2023-10-05,21,고금리(2022~),-11.56,-12.59,-10.53,-10.53,
2023-10-06,21,고금리(2022~),-5.37,-6.83,-3.42,-3.42,
2023-10-10,21,고금리(2022~),-5.47,-6.65,-3.21,-3.21,
2023-10-11,21,고금리(2022~),-1.63,-2.41,1.16,1.16,
2023-10-12,21,고금리(2022~),3.35,2.51,5.87,5.87,
2023-10-13,21,고금리(2022~),3.04,2.2,5.57,5.57,
2023-10-16,21,고금리(2022~),-0.75,-2.32,1.29,1.29,
2023-10-17,21,고금리(2022~),-1.65,-3.29,0.34,0.34,
2023-10-18,21,고금리(2022~),-2.74,-4.59,-1.05,-1.05,
2023-10-19,21,고금리(2022~),-3.75,-4.45,-0.9,-0.9,
2023-10-20,21,고금리(2022~),-7.72,-9.09,-6.03,-6.03,
2023-10-23,21,고금리(2022~),-8.17,-8.9,-5.8,-5.8,
2023-10-24,21,고금리(2022~),-4.16,-5.36,-1.97,-1.97,
2023-10-25,21,고금리(2022~),-7.82,-9.05,-6.24,-6.24,
2023-10-26,21,고금리(2022~),-10.6,-11.48,-9.3,-9.3,
2023-10-27,21,고금리(2022~),-8.67,-9.87,-7.35,-7.35,
2023-10-30,21,고금리(2022~),-9.21,-10.4,-7.98,-7.98,
2023-10-31,21,고금리(2022~),-13.18,-14.06,-12.7,-12.7,
2023-11-01,21,고금리(2022~),-14.38,-15.58,-14.7,-14.7,
2023-11-02,21,고금리(2022~),-9.26,-10.42,-8.38,-8.38,
2023-11-03,21,고금리(2022~),-8.85,-9.62,-7.43,-7.43,
2023-11-06,21,고금리(2022~),8.07,8.26,8.45,8.45,
2023-11-07,21,고금리(2022~),1.58,1.42,2.01,2.01,
2023-11-08,21,고금리(2022~),0.13,-0.3,0.25,0.25,
2023-11-09,21,고금리(2022~),-3.7,-4.46,-3.99,-3.99,
2023-11-10,21,고금리(2022~),-6.24,-7.14,-7.03,-7.03,
2023-11-13,21,고금리(2022~),-8.35,-9.15,-9.43,-9.43,
2023-11-14,21,고금리(2022~),-4.3,-4.97,-4.72,-4.72,
2023-11-15,21,고금리(2022~),-4.63,-4.11,-3.81,-3.81,
2023-11-16,21,고금리(2022~),-5.38,-4.4,-4.13,-4.13,
2023-11-17,21,고금리(2022~),-8.92,-8.43,-8.75,-8.75,
2023-11-20,21,고금리(2022~),-7.98,-7.17,-7.34,-7.34,
2023-11-21,21,고금리(2022~),-8.12,-7.84,-8.11,-8.11,
2023-11-22,21,고금리(2022~),-8.3,-7.18,-7.33,-7.33,
2023-11-23,21,고금리(2022~),-6.68,-5.82,-5.77,-5.77,
2023-11-24,21,고금리(2022~),-6.63,-6.09,-6.08,-6.08,
2023-11-27,21,고금리(2022~),-9.24,-8.5,-8.83,-8.83,
2023-11-28,21,고금리(2022~),-8.86,-8.06,-8.32,-8.32,
2023-11-29,21,고금리(2022~),-8.56,-7.32,-7.46,-7.46,
2023-11-30,21,고금리(2022~),-5.38,-4.41,-4.19,-4.19,
2023-12-01,21,고금리(2022~),-4.97,-4.17,-3.93,-3.93,
2023-12-04,21,고금리(2022~),-6.43,-5.57,-5.43,-5.43,
2023-12-05,21,고금리(2022~),-7.98,-7.26,-7.41,-7.41,
2023-12-06,21,고금리(2022~),-7.66,-7.05,-7.18,-7.18,
2023-12-07,21,고금리(2022~),-7.45,-6.48,-6.5,-6.5,
2023-12-08,21,고금리(2022~),-5.83,-4.51,-4.4,-4.4,
2023-12-11,21,고금리(2022~),-3.33,-1.93,-1.63,-1.63,
2023-12-12,21,고금리(2022~),-1.21,0.07,0.42,0.42,
2023-12-13,21,고금리(2022~),-2.11,-0.92,-0.58,-0.58,
2023-12-14,21,고금리(2022~),2.29,2.95,3.25,3.25,
2023-12-15,21,고금리(2022~),1.89,1.87,2.24,2.24,
2023-12-18,21,고금리(2022~),4.55,4.93,5.07,5.07,
2023-12-19,21,고금리(2022~),7.55,7.49,7.32,7.32,
2023-12-20,21,고금리(2022~),7.71,7.32,7.18,7.18,
2023-12-21,21,고금리(2022~),7.8,7.97,7.75,7.75,
2023-12-22,21,고금리(2022~),8.13,8.22,7.97,7.97,
2023-12-26,21,고금리(2022~),4.23,4.26,4.56,4.56,
2023-12-27,21,고금리(2022~),8.79,8.94,8.67,8.67,
2023-12-28,21,고금리(2022~),9.44,9.15,8.85,8.85,
2024-01-02,21,고금리(2022~),13.05,12.39,11.55,11.55,
2024-01-03,21,고금리(2022~),9.71,9.3,9.04,9.04,
2024-01-04,21,고금리(2022~),6.06,5.76,6.05,6.05,
2024-01-05,21,고금리(2022~),9.82,9.37,9.14,9.14,
2024-01-08,21,고금리(2022~),9.79,9.41,9.17,9.17,
2024-01-09,21,고금리(2022~),9.28,9.05,8.88,8.88,
2024-01-10,21,고금리(2022~),5.13,4.24,4.7,4.7,
2024-01-11,21,고금리(2022~),4.22,3.56,4.09,4.09,
2024-01-12,21,고금리(2022~),1.52,0.9,1.54,1.54,
2024-01-15,21,고금리(2022~),-0.41,-1.31,-0.69,-0.69,
2024-01-16,21,고금리(2022~),-1.35,-1.28,-0.66,-0.66,
2024-01-17,21,고금리(2022~),-3.83,-4.24,-3.84,-3.84,
2024-01-18,21,고금리(2022~),-3.85,-4.05,-3.64,-3.64,
2024-01-19,21,고금리(2022~),-4.75,-5.43,-5.16,-5.16,
2024-01-22,21,고금리(2022~),-6.63,-6.86,-6.79,-6.79,
2024-01-23,21,고금리(2022~),-6.9,-7.12,-7.08,-7.08,
2024-01-24,21,고금리(2022~),-8.01,-8.87,-9.17,-9.17,
2024-01-25,21,고금리(2022~),-7.9,-8.37,-8.55,-8.55,
2024-01-26,21,고금리(2022~),-6.68,-7.35,-7.41,-7.41,
2024-01-29,21,고금리(2022~),-9.49,-10.16,-10.83,-10.83,
2024-01-30,21,고금리(2022~),-10.81,-10.73,-11.53,-11.53,
2024-01-31,21,고금리(2022~),-12.42,-12.52,-13.89,-13.89,
2024-02-01,21,고금리(2022~),-12.26,-12.22,-13.51,-13.51,
2024-02-02,21,고금리(2022~),-9.09,-9.26,-9.86,-9.86,
2024-02-05,21,고금리(2022~),-12.52,-12.8,-14.28,-14.28,
2024-02-06,21,고금리(2022~),-13.25,-13.44,-15.13,-15.13,
2024-02-07,21,고금리(2022~),-14.41,-14.53,-16.54,-16.54,
2024-02-08,21,고금리(2022~),-12.01,-11.88,-13.1,-13.1,
2024-02-13,21,고금리(2022~),-9.99,-9.98,-10.76,-10.76,
2024-02-14,21,고금리(2022~),-8.28,-7.96,-8.31,-8.31,
2024-02-15,21,고금리(2022~),-9.54,-9.34,-9.91,-9.91,
2024-02-16,21,고금리(2022~),-9.3,-9.41,-10.01,-10.01,
2024-02-19,21,고금리(2022~),-8.78,-8.81,-9.28,-9.28,
2024-02-20,21,고금리(2022~),-10.22,-10.41,-11.17,-11.17,
2024-02-21,21,고금리(2022~),-10.11,-9.91,-10.55,-10.55,
2024-02-22,21,고금리(2022~),-11.42,-11.55,-12.55,-12.55,
2024-02-23,21,고금리(2022~),-11.61,-11.74,-12.79,-12.79,
2024-02-26,21,고금리(2022~),-10.53,-10.37,-11.04,-11.04,
2024-02-27,21,고금리(2022~),-11.62,-11.6,-12.63,-12.63,
2024-02-28,21,고금리(2022~),-9.27,-8.92,-9.35,-9.35,
2024-02-29,21,고금리(2022~),-8.64,-8.29,-8.6,-8.6,
2024-03-04,21,고금리(2022~),-3.9,-3.81,-3.46,-3.46,
2024-03-05,21,고금리(2022~),-2.72,-3.05,-2.63,-2.63,
2024-03-06,21,고금리(2022~),-2.45,-2.59,-2.15,-2.15,
2024-03-07,21,고금리(2022~),-1.57,-1.1,-0.56,-0.56,
2024-03-08,21,고금리(2022~),1.17,1.77,2.21,2.21,
2024-03-11,21,고금리(2022~),2.06,1.53,1.98,1.98,
2024-03-12,21,고금리(2022~),4.51,4.86,5.04,5.04,
2024-03-13,21,고금리(2022~),4.5,3.95,4.2,4.2,
2024-03-14,21,고금리(2022~),4.8,4.61,4.81,4.81,
2024-03-15,21,고금리(2022~),5.77,5.41,5.56,5.56,
2024-03-18,21,고금리(2022~),8.58,8.58,8.29,8.29,
2024-03-19,21,고금리(2022~),5.28,4.8,5.09,5.09,
2024-03-20,21,고금리(2022~),6.32,6.23,6.39,6.39,
2024-03-21,21,고금리(2022~),7.54,6.94,6.99,6.99,
2024-03-22,21,고금리(2022~),7.86,6.76,6.83,6.83,
2024-03-25,21,고금리(2022~),7.23,6.9,6.95,6.95,
2024-03-26,21,고금리(2022~),9.49,9.67,9.31,9.31,
2024-03-27,21,고금리(2022~),8.16,7.73,7.66,7.66,
2024-03-28,21,고금리(2022~),6.26,5.49,5.73,5.73,
2024-03-29,21,고금리(2022~),4.95,4.69,5.0,5.0,
2024-04-01,21,고금리(2022~),5.74,5.53,5.76,5.76,
2024-04-02,21,고금리(2022~),3.0,2.14,2.53,2.53,
2024-04-03,21,고금리(2022~),0.44,0.05,0.46,0.46,
2024-04-04,21,고금리(2022~),0.59,0.49,0.9,0.9,
2024-04-05,21,고금리(2022~),-0.44,-1.12,-0.77,-0.77,
2024-04-08,21,고금리(2022~),-0.14,-0.37,0.0,0.0,
2024-04-09,21,고금리(2022~),1.44,1.53,1.9,1.9,
2024-04-11,21,고금리(2022~),0.58,0.32,0.71,0.71,
2024-04-12,21,고금리(2022~),-0.43,-0.54,-0.13,-0.13,
2024-04-15,21,고금리(2022~),4.15,3.49,3.99,3.99,
2024-04-16,21,고금리(2022~),1.4,1.27,1.83,1.83,
2024-04-17,21,고금리(2022~),0.42,-0.34,0.25,0.25,
2024-04-18,21,고금리(2022~),3.58,3.37,3.71,3.71,
2024-04-19,21,고금리(2022~),2.69,2.58,2.95,2.95,
2024-04-22,21,고금리(2022~),4.72,5.11,5.27,5.27,
2024-04-23,21,고금리(2022~),3.0,2.74,3.13,3.13,
2024-04-24,21,고금리(2022~),5.72,5.5,5.62,5.62,
2024-04-25,21,고금리(2022~),6.21,5.84,5.93,5.93,
2024-04-26,21,고금리(2022~),7.4,7.23,7.15,7.15,
2024-04-29,21,고금리(2022~),7.95,7.54,7.42,7.42,
2024-04-30,21,고금리(2022~),7.37,6.55,6.56,6.56,
2024-05-02,21,고금리(2022~),5.57,5.04,5.21,5.21,
2024-05-03,21,고금리(2022~),3.5,3.44,3.78,3.78,
2024-05-07,21,고금리(2022~),1.17,0.77,1.3,1.3,
2024-05-08,21,고금리(2022~),2.64,2.19,2.7,2.7,
2024-05-09,21,고금리(2022~),0.58,-0.03,0.55,0.55,
2024-05-10,21,고금리(2022~),-0.29,-0.56,0.01,0.01,
2024-05-13,21,고금리(2022~),-1.7,-1.86,-1.34,-1.34,
2024-05-14,21,고금리(2022~),0.57,-0.01,0.55,0.55,
2024-05-16,21,고금리(2022~),1.59,1.42,1.93,1.93,
2024-05-17,21,고금리(2022~),-3.3,-3.44,-3.24,-3.24,
2024-05-20,21,고금리(2022~),-2.9,-3.97,-3.81,-3.81,
2024-05-21,21,고금리(2022~),-2.49,-2.09,-1.81,-1.81,
2024-05-22,21,고금리(2022~),-2.21,-2.46,-2.2,-2.2,
2024-05-23,21,고금리(2022~),-1.1,-1.92,-1.62,-1.62,
2024-05-24,21,고금리(2022~),-2.32,-3.09,-2.85,-2.85,
2024-05-27,21,고금리(2022~),-0.42,-0.38,-0.1,-0.1,
2024-05-28,21,고금리(2022~),-0.42,-1.15,-0.87,-0.87,
2024-05-29,21,고금리(2022~),-2.45,-2.63,-2.44,-2.44,
2024-05-30,21,고금리(2022~),-4.86,-5.19,-5.17,-5.17,
2024-05-31,21,고금리(2022~),-1.36,-1.37,-1.06,-1.06,
2024-06-03,21,고금리(2022~),-3.16,-3.21,-2.91,-2.91,
2024-06-04,21,고금리(2022~),-3.06,-3.46,-3.17,-3.17,
2024-06-05,21,고금리(2022~),-3.66,-3.72,-3.44,-3.44,
2024-06-07,21,고금리(2022~),-1.88,-1.33,-1.02,-1.02,
2024-06-10,21,고금리(2022~),-3.15,-3.06,-2.84,-2.84,
2024-06-11,21,고금리(2022~),-1.59,-1.53,-1.26,-1.26,
2024-06-12,21,고금리(2022~),-0.72,-1.44,-1.17,-1.17,
2024-06-13,21,고금리(2022~),-0.58,-1.32,-1.04,-1.04,
2024-06-14,21,고금리(2022~),-2.28,-2.62,-2.4,-2.4,
2024-06-17,21,고금리(2022~),-0.99,-1.04,-0.74,-0.74,
2024-06-18,21,고금리(2022~),0.99,0.77,1.09,1.09,
2024-06-19,21,고금리(2022~),1.56,1.78,2.08,2.08,
2024-06-20,21,고금리(2022~),0.28,-0.35,-0.02,-0.02,
2024-06-21,21,고금리(2022~),2.83,3.04,3.36,3.36,
2024-06-24,21,고금리(2022~),0.84,0.54,0.95,0.95,
2024-06-25,21,고금리(2022~),0.84,0.65,1.06,1.06,
2024-06-26,21,고금리(2022~),2.51,2.49,2.89,2.89,
2024-06-27,21,고금리(2022~),2.79,3.01,3.38,3.38,
2024-06-28,21,고금리(2022~),1.26,0.45,0.97,0.97,
2024-07-01,21,고금리(2022~),3.27,2.93,3.32,3.32,
2024-07-02,21,고금리(2022~),0.55,0.31,0.72,0.72,
2024-07-03,21,고금리(2022~),1.56,1.17,1.53,1.53,
2024-07-04,21,고금리(2022~),7.31,7.06,7.15,7.15,
2024-07-05,21,고금리(2022~),21.64,23.08,20.55,20.55,
2024-07-08,21,고금리(2022~),14.33,11.95,13.45,13.45,
2024-07-09,21,고금리(2022~),12.11,9.99,11.94,11.94,
2024-07-10,21,고금리(2022~),12.52,11.37,13.05,13.05,
2024-07-11,21,고금리(2022~),8.32,7.24,9.78,9.78,
2024-07-12,21,고금리(2022~),7.26,6.59,9.24,9.24,
2024-07-15,21,고금리(2022~),8.3,7.45,9.96,9.96,
2024-07-16,21,고금리(2022~),5.16,3.44,6.48,6.48,
2024-07-17,21,고금리(2022~),1.13,0.05,3.31,3.31,
2024-07-18,21,고금리(2022~),2.1,1.29,4.53,4.53,
2024-07-19,21,고금리(2022~),1.98,0.97,4.23,4.23,
2024-07-22,21,고금리(2022~),0.83,-0.75,2.49,2.49,
2024-07-23,21,고금리(2022~),1.66,1.07,4.24,4.24,
2024-07-24,21,고금리(2022~),1.53,0.84,4.02,4.02,
2024-07-25,21,고금리(2022~),0.68,-0.49,2.69,2.69,
2024-07-26,21,고금리(2022~),1.08,-0.02,3.16,3.16,
2024-07-29,21,고금리(2022~),2.62,1.98,5.01,5.01,
2024-07-30,21,고금리(2022~),3.44,2.38,5.39,5.39,
2024-07-31,21,고금리(2022~),1.24,0.64,3.78,3.78,
2024-08-01,21,고금리(2022~),2.37,1.33,4.42,4.42,
2024-08-02,21,고금리(2022~),-0.4,-1.3,1.69,1.69,
2024-08-05,21,고금리(2022~),-6.37,-8.8,-8.0,-8.0,
2024-08-06,21,고금리(2022~),1.29,1.77,2.34,2.34,
2024-08-07,21,고금리(2022~),6.32,7.24,7.37,7.37,
2024-08-08,21,고금리(2022~),4.32,3.77,4.29,4.29,
2024-08-09,21,고금리(2022~),9.43,9.15,8.95,8.95,
2024-08-12,21,고금리(2022~),9.2,8.6,8.5,8.5,
2024-08-13,21,고금리(2022~),4.57,3.88,4.47,4.47,
2024-08-14,21,고금리(2022~),5.72,6.22,6.54,6.54,
2024-08-16,21,고금리(2022~),6.54,6.11,6.45,6.45,
2024-08-19,21,고금리(2022~),3.15,2.55,3.19,3.19,
2024-08-20,21,고금리(2022~),2.77,3.5,4.06,4.06,
2024-08-21,21,고금리(2022~),-0.82,-1.01,-0.23,-0.23,
2024-08-22,21,고금리(2022~),0.68,0.5,1.31,1.31,
2024-08-23,21,고금리(2022~),-1.78,-2.0,-1.11,-1.11,
2024-08-26,21,고금리(2022~),-2.16,-1.8,-0.9,-0.9,
2024-08-27,21,고금리(2022~),-1.47,-1.21,-0.29,-0.29,
2024-08-28,21,고금리(2022~),-1.74,-2.12,-1.2,-1.2,
2024-08-29,21,고금리(2022~),-3.99,-4.22,-3.42,-3.42,
2024-08-30,21,고금리(2022~),-3.12,-4.16,-3.35,-3.35,
2024-09-02,21,고금리(2022~),-2.73,-2.35,-1.45,-1.45,
2024-09-03,21,고금리(2022~),-4.02,-4.19,-3.44,-3.44,
2024-09-04,21,고금리(2022~),-6.93,-6.71,-6.41,-6.41,
2024-09-05,21,고금리(2022~),-7.14,-7.35,-7.15,-7.15,
2024-09-06,21,고금리(2022~),-10.41,-11.17,-11.86,-11.86,
2024-09-09,21,고금리(2022~),-8.03,-7.91,-7.9,-7.9,
2024-09-10,21,고금리(2022~),-9.48,-9.8,-10.21,-10.21,
2024-09-11,21,고금리(2022~),-7.31,-7.21,-7.09,-7.09,
2024-09-12,21,고금리(2022~),-5.27,-5.23,-4.97,-4.97,
2024-09-13,21,고금리(2022~),-1.93,-2.42,-1.84,-1.84,
2024-09-19,21,고금리(2022~),-2.09,-2.08,-1.5,-1.5,
2024-09-20,21,고금리(2022~),1.06,1.25,1.84,1.84,
2024-09-23,21,고금리(2022~),3.5,2.51,3.05,3.05,
2024-09-24,21,고금리(2022~),3.16,2.76,3.27,3.27,
2024-09-25,21,고금리(2022~),0.27,-0.67,-0.1,-0.1,
2024-09-26,21,고금리(2022~),4.59,4.17,4.48,4.48,
2024-09-27,21,고금리(2022~),2.9,1.75,2.21,2.21,
2024-09-30,21,고금리(2022~),3.95,3.5,3.93,3.93,
2024-10-02,21,고금리(2022~),-1.09,-1.24,-0.37,-0.37,
2024-10-04,21,고금리(2022~),1.39,0.96,1.81,1.81,
2024-10-07,21,고금리(2022~),4.21,4.29,4.95,4.95,
2024-10-08,21,고금리(2022~),6.17,5.29,5.87,5.87,
2024-10-10,21,고금리(2022~),3.77,3.24,4.03,4.03,
2024-10-11,21,고금리(2022~),4.0,3.41,4.2,4.2,
2024-10-14,21,고금리(2022~),5.22,5.04,5.71,5.71,
2024-10-15,21,고금리(2022~),9.68,9.58,9.71,9.71,
2024-10-16,21,고금리(2022~),9.55,9.26,9.43,9.43,
2024-10-17,21,고금리(2022~),8.16,7.87,8.28,8.28,
2024-10-18,21,고금리(2022~),5.35,4.67,5.44,5.44,
2024-10-21,21,고금리(2022~),9.09,8.74,9.0,9.0,
2024-10-22,21,고금리(2022~),6.57,6.67,7.15,7.15,
2024-10-23,21,고금리(2022~),8.0,7.39,7.76,7.76,
2024-10-24,21,고금리(2022~),8.8,8.68,8.91,8.91,
2024-10-25,21,고금리(2022~),2.99,2.09,3.28,3.28,
2024-10-28,21,고금리(2022~),7.47,7.29,7.94,7.94,
2024-10-29,21,고금리(2022~),9.15,8.82,9.23,9.23,
2024-10-30,21,고금리(2022~),7.45,6.91,7.58,7.58,
2024-10-31,21,고금리(2022~),11.39,11.15,11.17,11.17,
2024-11-01,21,고금리(2022~),8.38,7.79,8.32,8.32,
2024-11-04,21,고금리(2022~),11.6,10.89,10.67,10.67,
2024-11-05,21,고금리(2022~),12.3,12.48,11.98,11.98,
2024-11-06,21,고금리(2022~),11.17,10.69,10.53,10.53,
2024-11-07,21,고금리(2022~),10.04,10.27,10.18,10.18,
2024-11-08,21,고금리(2022~),17.77,16.8,15.31,15.31,
2024-11-11,21,고금리(2022~),10.34,9.05,9.5,9.5,
2024-11-12,21,고금리(2022~),8.22,7.17,7.88,7.88,
2024-11-13,21,고금리(2022~),2.65,2.4,3.5,3.5,
2024-11-14,21,고금리(2022~),0.87,0.69,1.84,1.84,
2024-11-15,21,고금리(2022~),1.89,1.94,3.04,3.04,
2024-11-18,21,고금리(2022~),3.93,4.4,5.33,5.33,
2024-11-19,21,고금리(2022~),1.24,1.29,2.39,2.39,
2024-11-20,21,고금리(2022~),3.08,3.45,4.52,4.52,
2024-11-21,21,고금리(2022~),5.68,5.99,6.83,6.83,
2024-11-22,21,고금리(2022~),1.81,1.17,2.34,2.34,
2024-11-25,21,고금리(2022~),5.82,6.24,6.75,6.75,
2024-11-26,21,고금리(2022~),4.22,4.36,5.02,5.02,
2024-11-27,21,고금리(2022~),4.81,5.78,6.32,6.32,
2024-11-28,21,고금리(2022~),2.97,4.05,4.8,4.8,
2024-11-29,21,고금리(2022~),-0.24,0.41,1.26,1.26,
2024-12-02,21,고금리(2022~),-3.62,-2.97,-2.04,-2.04,
2024-12-03,21,고금리(2022~),-2.85,-1.75,-0.84,-0.84,
2024-12-04,21,고금리(2022~),-4.62,-4.53,-3.83,-3.83,
2024-12-05,21,고금리(2022~),-5.45,-4.64,-3.95,-3.95,
2024-12-06,21,고금리(2022~),-6.24,-6.14,-5.63,-5.63,
2024-12-09,21,고금리(2022~),-9.94,-8.94,-9.05,-9.05,
2024-12-10,21,고금리(2022~),-3.61,-2.5,-2.07,-2.07,
2024-12-11,21,고금리(2022~),-5.07,-4.43,-4.09,-4.09,
2024-12-12,21,고금리(2022~),-2.33,-1.94,-1.46,-1.46,
2024-12-13,21,고금리(2022~),-3.95,-4.38,-3.98,-3.98,
2024-12-16,21,고금리(2022~),-3.95,-4.0,-3.56,-3.56,
2024-12-17,21,고금리(2022~),-5.74,-6.26,-6.07,-6.07,
2024-12-18,21,고금리(2022~),-5.16,-5.05,-4.73,-4.73,
2024-12-19,21,고금리(2022~),-8.61,-9.18,-9.6,-9.6,
2024-12-20,21,고금리(2022~),-10.16,-10.05,-10.68,-10.68,
2024-12-23,21,고금리(2022~),-9.61,-9.52,-10.05,-10.05,
2024-12-24,21,고금리(2022~),-8.96,-8.94,-9.35,-9.35,
2024-12-26,21,고금리(2022~),-5.48,-5.65,-5.37,-5.37,
2024-12-27,21,고금리(2022~),-9.06,-9.82,-10.18,-10.18,
2024-12-30,21,고금리(2022~),-8.65,-9.47,-9.77,-9.77,
2025-01-02,21,고금리(2022~),-9.65,-9.87,-10.24,-10.24,
2025-01-03,21,고금리(2022~),-6.52,-7.04,-7.02,-7.02,
2025-01-06,21,고금리(2022~),-5.73,-6.17,-6.05,-6.05,
2025-01-07,21,고금리(2022~),-5.23,-5.38,-5.17,-5.17,
2025-01-08,21,고금리(2022~),-4.61,-5.18,-4.95,-4.95,
2025-01-09,21,고금리(2022~),-4.74,-5.19,-4.96,-4.96,
2025-01-10,21,고금리(2022~),-7.23,-7.85,-7.96,-7.96,
2025-01-13,21,고금리(2022~),-10.22,-10.46,-11.11,-11.11,
2025-01-14,21,고금리(2022~),-8.77,-8.93,-9.29,-9.29,
2025-01-15,21,고금리(2022~),-10.31,-10.57,-11.31,-11.31,
2025-01-16,21,고금리(2022~),-7.07,-6.76,-6.82,-6.82,
2025-01-17,21,고금리(2022~),-8.23,-8.35,-8.65,-8.65,
2025-01-20,21,고금리(2022~),-7.77,-7.44,-7.58,-7.58,
2025-01-21,21,고금리(2022~),-7.25,-7.53,-7.69,-7.69,
2025-01-22,21,고금리(2022~),-6.41,-6.3,-6.29,-6.29,
2025-01-23,21,고금리(2022~),-7.54,-7.75,-7.96,-7.96,
2025-01-24,21,고금리(2022~),-2.76,-2.7,-2.19,-2.19,
2025-01-31,21,고금리(2022~),-2.23,-2.1,-1.55,-1.55,
2025-02-03,21,고금리(2022~),-6.93,-7.03,-7.09,-7.09,
2025-02-04,21,고금리(2022~),-2.33,-2.09,-1.72,-1.72,
2025-02-05,21,고금리(2022~),0.66,0.81,1.2,1.2,
2025-02-06,21,고금리(2022~),2.67,2.4,2.72,2.72,
2025-02-07,21,고금리(2022~),4.02,4.13,4.36,4.36,
2025-02-10,21,고금리(2022~),4.05,3.61,3.89,3.89,
2025-02-11,21,고금리(2022~),4.85,4.36,4.58,4.58,
2025-02-12,21,고금리(2022~),3.09,1.35,1.83,1.83,
2025-02-13,21,고금리(2022~),0.67,-0.05,0.48,0.48,
2025-02-14,21,고금리(2022~),1.92,1.59,2.05,2.05,
2025-02-17,21,고금리(2022~),4.86,4.31,4.61,4.61,
2025-02-18,21,고금리(2022~),7.94,7.07,7.12,7.12,
2025-02-19,21,고금리(2022~),10.52,9.61,9.3,9.3,
2025-02-20,21,고금리(2022~),8.16,7.12,7.18,7.18,
2025-02-21,21,고금리(2022~),11.2,10.01,9.61,9.61,
2025-02-24,21,고금리(2022~),10.39,9.1,8.87,8.87,
2025-02-25,21,고금리(2022~),11.59,10.49,10.03,10.03,
2025-02-26,21,고금리(2022~),13.71,12.7,11.83,11.83,
2025-02-27,21,고금리(2022~),17.86,17.24,15.33,15.33,
2025-02-28,21,고금리(2022~),9.85,8.94,8.81,8.81,
2025-03-04,21,고금리(2022~),10.87,9.71,9.46,9.46,
2025-03-05,21,고금리(2022~),11.91,11.4,10.83,10.83,
2025-03-06,21,고금리(2022~),8.74,7.64,7.67,7.67,
2025-03-07,21,고금리(2022~),13.59,12.59,12.04,12.04,
2025-03-10,21,고금리(2022~),11.44,9.72,9.79,9.79,
2025-03-11,21,고금리(2022~),13.4,12.0,11.71,11.71,
2025-03-12,21,고금리(2022~),6.75,5.77,6.92,6.92,
2025-03-13,21,고금리(2022~),3.72,3.28,4.69,4.69,
2025-03-14,21,고금리(2022~),3.12,3.55,4.92,4.92,
2025-03-17,21,고금리(2022~),5.74,5.31,6.48,6.48,
2025-03-18,21,고금리(2022~),9.26,8.63,9.41,9.41,
2025-03-19,21,고금리(2022~),5.3,5.06,6.34,6.34,
2025-03-20,21,고금리(2022~),1.55,1.67,3.18,3.18,
2025-03-21,21,고금리(2022~),0.63,0.46,1.98,1.98,
2025-03-24,21,고금리(2022~),1.41,1.39,2.88,2.88,
2025-03-25,21,고금리(2022~),-2.39,-2.18,-0.63,-0.63,
2025-03-26,21,고금리(2022~),-1.02,-0.93,0.64,0.64,
2025-03-27,21,고금리(2022~),-2.75,-3.07,-1.58,-1.58,
2025-03-28,21,고금리(2022~),-3.08,-3.41,-1.95,-1.95,
2025-03-31,21,고금리(2022~),-6.92,-7.51,-6.56,-6.56,
2025-04-01,21,고금리(2022~),-2.58,-2.87,-1.54,-1.54,
2025-04-02,21,고금리(2022~),-5.21,-5.59,-4.47,-4.47,
2025-04-03,21,고금리(2022~),-4.72,-5.15,-3.98,-3.98,
2025-04-04,21,고금리(2022~),-4.75,-4.81,-3.61,-3.61,
2025-04-07,21,고금리(2022~),-8.86,-9.01,-8.78,-8.78,
2025-04-08,21,고금리(2022~),-7.82,-7.45,-7.01,-7.01,
2025-04-09,21,고금리(2022~),-11.14,-11.49,-12.0,-12.0,
2025-04-10,21,고금리(2022~),-5.47,-5.3,-5.16,-5.16,
2025-04-11,21,고금리(2022~),-2.97,-3.16,-2.85,-2.85,
2025-04-14,21,고금리(2022~),0.13,0.62,0.98,0.98,
2025-04-15,21,고금리(2022~),1.89,2.14,2.47,2.47,
2025-04-16,21,고금리(2022~),-0.49,-0.29,0.01,0.01,
2025-04-17,21,고금리(2022~),0.63,0.22,0.51,0.51,
2025-04-18,21,고금리(2022~),1.91,1.56,1.81,1.81,
2025-04-21,21,고금리(2022~),1.26,1.02,1.29,1.29,
2025-04-22,21,고금리(2022~),-0.13,-0.26,0.03,0.03,
2025-04-23,21,고금리(2022~),1.42,0.88,1.13,1.13,
2025-04-24,21,고금리(2022~),0.77,0.06,0.31,0.31,
2025-04-25,21,고금리(2022~),-0.51,0.2,0.45,0.45,
2025-04-28,21,고금리(2022~),-1.4,-1.8,-1.61,-1.61,
2025-04-29,21,고금리(2022~),-1.54,-1.48,-1.29,-1.29,
2025-04-30,21,고금리(2022~),-3.78,-3.62,-3.57,-3.57,
2025-05-02,21,고금리(2022~),-3.19,-2.95,-2.86,-2.86,
2025-05-07,21,고금리(2022~),-4.82,-5.07,-5.15,-5.15,
2025-05-08,21,고금리(2022~),-5.75,-5.67,-5.8,-5.8,
2025-05-09,21,고금리(2022~),-9.22,-9.29,-9.98,-9.98,
2025-05-12,21,고금리(2022~),-9.24,-9.15,-9.82,-9.82,
2025-05-13,21,고금리(2022~),-5.37,-5.22,-5.17,-5.17,
2025-05-14,21,고금리(2022~),-5.53,-5.58,-5.57,-5.57,
2025-05-15,21,고금리(2022~),-5.99,-6.15,-6.23,-6.23,
2025-05-16,21,고금리(2022~),-7.06,-7.77,-8.11,-8.11,
2025-05-19,21,고금리(2022~),-9.17,-9.54,-10.25,-10.25,
2025-05-20,21,고금리(2022~),-11.11,-11.42,-12.55,-12.55,
2025-05-21,21,고금리(2022~),-8.75,-8.72,-9.22,-9.22,
2025-05-22,21,고금리(2022~),-10.97,-11.58,-12.67,-12.67,
2025-05-23,21,고금리(2022~),-10.96,-11.24,-12.23,-12.23,
2025-05-26,21,고금리(2022~),-8.71,-8.89,-9.33,-9.33,
2025-05-27,21,고금리(2022~),-7.38,-7.06,-7.19,-7.19,
2025-05-28,21,고금리(2022~),-7.02,-6.72,-6.8,-6.8,
2025-05-29,21,고금리(2022~),-5.3,-6.04,-6.03,-6.03,
2025-05-30,21,고금리(2022~),-6.56,-6.63,-6.69,-6.69,
2025-06-02,21,고금리(2022~),-7.03,-7.35,-7.5,-7.5,
2025-06-04,21,고금리(2022~),-3.67,-4.17,-3.84,-3.84,
2025-06-05,21,고금리(2022~),-3.83,-4.33,-4.01,-4.01,
2025-06-09,21,고금리(2022~),-3.33,-3.2,-2.83,-2.83,
2025-06-10,21,고금리(2022~),-2.17,-2.6,-2.2,-2.2,
2025-06-11,21,고금리(2022~),-1.11,-1.48,-1.09,-1.09,
2025-06-12,21,고금리(2022~),-1.26,-1.6,-1.21,-1.21,
2025-06-13,21,고금리(2022~),-4.46,-4.28,-4.14,-4.14,
2025-06-16,21,고금리(2022~),-5.86,-6.48,-6.5,-6.5,
2025-06-17,21,고금리(2022~),-6.38,-6.7,-6.75,-6.75,
2025-06-18,21,고금리(2022~),-8.14,-7.95,-8.17,-8.17,
2025-06-19,21,고금리(2022~),-8.32,-8.04,-8.27,-8.27,
2025-06-20,21,고금리(2022~),-6.67,-6.53,-6.55,-6.55,
2025-06-23,21,고금리(2022~),-6.58,-6.91,-7.0,-7.0,
2025-06-24,21,고금리(2022~),-5.04,-4.85,-4.77,-4.77,
2025-06-25,21,고금리(2022~),-5.03,-5.02,-4.95,-4.95,
2025-06-26,21,고금리(2022~),-5.39,-5.6,-5.61,-5.61,
2025-06-27,21,고금리(2022~),-6.32,-6.63,-6.78,-6.78,
2025-06-30,21,고금리(2022~),-5.9,-6.2,-6.28,-6.28,
2025-07-01,21,고금리(2022~),-6.01,-6.12,-6.2,-6.2,
2025-07-02,21,고금리(2022~),-5.51,-5.83,-5.88,-5.88,
2025-07-03,21,고금리(2022~),0.7,0.38,0.88,0.88,
2025-07-04,21,고금리(2022~),-3.95,-4.15,-3.86,-3.86,
2025-07-07,21,고금리(2022~),-5.35,-5.69,-5.5,-5.5,
2025-07-08,21,고금리(2022~),-5.52,-6.06,-5.91,-5.91,
2025-07-09,21,고금리(2022~),-4.85,-5.05,-4.8,-4.8,
2025-07-10,21,고금리(2022~),-3.94,-4.31,-4.0,-4.0,
2025-07-11,21,고금리(2022~),-4.24,-4.59,-4.31,-4.31,
2025-07-14,21,고금리(2022~),-3.25,-3.87,-3.51,-3.51,
2025-07-15,21,고금리(2022~),-2.89,-3.05,-2.68,-2.68,
2025-07-16,21,고금리(2022~),-2.9,-3.17,-2.8,-2.8,
2025-07-17,21,고금리(2022~),1.62,0.45,0.9,0.9,
2025-07-18,21,고금리(2022~),3.57,3.1,3.48,3.48,
2025-07-21,21,고금리(2022~),4.46,4.21,4.52,4.52,
2025-07-22,21,고금리(2022~),3.52,3.42,3.78,3.78,
2025-07-23,21,고금리(2022~),3.54,3.41,3.78,3.78,
2025-07-24,21,고금리(2022~),1.03,0.65,1.19,1.19,
2025-07-25,21,고금리(2022~),-0.15,-0.37,0.18,0.18,
2025-07-28,21,고금리(2022~),0.29,0.05,0.6,0.6,
2025-07-29,21,고금리(2022~),0.44,0.18,0.73,0.73,
2025-07-30,21,고금리(2022~),0.73,0.58,1.13,1.13,
2025-07-31,21,고금리(2022~),2.04,2.18,2.69,2.69,
2025-08-01,21,고금리(2022~),-3.62,-3.57,-3.35,-3.35,
2025-08-04,21,고금리(2022~),-1.98,-1.86,-1.58,-1.58,
2025-08-05,21,고금리(2022~),-0.58,-0.63,-0.36,-0.36,
2025-08-06,21,고금리(2022~),-0.88,-0.96,-0.69,-0.69,
2025-08-07,21,고금리(2022~),-2.04,-2.13,-1.88,-1.88,
2025-08-08,21,고금리(2022~),-2.2,-1.95,-1.7,-1.7,
2025-08-11,21,고금리(2022~),-2.36,-2.2,-1.95,-1.95,
2025-08-12,21,고금리(2022~),-3.22,-3.41,-3.24,-3.24,
2025-08-13,21,고금리(2022~),-3.43,-3.65,-3.49,-3.49,
2025-08-14,21,고금리(2022~),-3.58,-3.92,-3.78,-3.78,
2025-08-18,21,고금리(2022~),-6.25,-5.44,-5.48,-5.48,
2025-08-19,21,고금리(2022~),-6.18,-6.54,-6.76,-6.76,
2025-08-20,21,고금리(2022~),-8.12,-8.56,-9.11,-9.11,
2025-08-21,21,고금리(2022~),-9.35,-9.84,-10.66,-10.66,
2025-08-22,21,고금리(2022~),-10.68,-11.16,-12.26,-12.26,
2025-08-25,21,고금리(2022~),-8.16,-8.1,-8.59,-8.59,
2025-08-26,21,고금리(2022~),-6.3,-6.26,-6.42,-6.42,
2025-08-27,21,고금리(2022~),-5.12,-5.11,-5.11,-5.11,
2025-08-28,21,고금리(2022~),-3.92,-4.38,-4.29,-4.29,
2025-08-29,21,고금리(2022~),-5.77,-6.45,-6.59,-6.59,
2025-09-01,21,고금리(2022~),-6.29,-6.69,-6.86,-6.86,
2025-09-02,21,고금리(2022~),-5.63,-5.88,-5.95,-5.95,
2025-09-03,21,고금리(2022~),-6.36,-6.61,-6.78,-6.78,
2025-09-04,21,고금리(2022~),-5.98,-5.43,-5.46,-5.46,
2025-09-05,21,고금리(2022~),-4.86,-4.59,-4.54,-4.54,
2025-09-08,21,고금리(2022~),-2.08,-2.34,-2.12,-2.12,
2025-09-09,21,고금리(2022~),-2.99,-3.45,-3.27,-3.27,
2025-09-10,21,고금리(2022~),-2.72,-2.82,-2.61,-2.61,
2025-09-11,21,고금리(2022~),-3.17,-3.63,-3.47,-3.47,
2025-09-12,21,고금리(2022~),-3.7,-3.47,-3.31,-3.31,
2025-09-15,21,고금리(2022~),-2.94,-3.29,-3.11,-3.11,
2025-09-16,21,고금리(2022~),-4.03,-4.56,-4.47,-4.47,
2025-09-17,21,고금리(2022~),-4.13,-4.15,-4.02,-4.02,
2025-09-18,21,고금리(2022~),-4.65,-4.61,-4.5,-4.5,
2025-09-19,21,고금리(2022~),-7.34,-7.28,-7.37,-7.37,
2025-09-22,21,고금리(2022~),-5.42,-5.35,-5.23,-5.23,
2025-09-23,21,고금리(2022~),-5.56,-5.58,-5.49,-5.49,
2025-09-24,21,고금리(2022~),-5.94,-6.28,-6.3,-6.3,
2025-09-25,21,고금리(2022~),-8.47,-8.5,-8.88,-8.88,
2025-09-26,21,고금리(2022~),-12.24,-11.99,-13.15,-13.15,
2025-09-29,21,고금리(2022~),-13.02,-13.11,-14.55,-14.55,
2025-09-30,21,고금리(2022~),-10.98,-10.63,-11.23,-11.23,
2025-10-01,21,고금리(2022~),-10.55,-10.8,-11.45,-11.45,
2025-10-02,21,고금리(2022~),-7.1,-7.34,-7.19,-7.19,
2025-10-10,21,고금리(2022~),-7.44,-7.93,-7.87,-7.87,
2025-10-13,21,고금리(2022~),-6.81,-7.55,-7.43,-7.43,
2025-10-14,21,고금리(2022~),-12.16,-12.27,-13.07,-13.07,
2025-10-15,21,고금리(2022~),-12.35,-12.6,-13.49,-13.49,
2025-10-16,21,고금리(2022~),-9.63,-9.99,-10.11,-10.11,
2025-10-17,21,고금리(2022~),-9.83,-9.79,-9.88,-9.88,
2025-10-20,21,고금리(2022~),-5.29,-5.14,-4.46,-4.46,
2025-10-21,21,고금리(2022~),-4.47,-3.91,-3.1,-3.1,
2025-10-22,21,고금리(2022~),-5.82,-5.95,-5.25,-5.25,
2025-10-23,21,고금리(2022~),-3.67,-3.86,-2.85,-2.85,
2025-10-24,21,고금리(2022~),-0.16,-0.47,0.66,0.66,
2025-10-27,21,고금리(2022~),3.88,3.45,4.29,4.29,
2025-10-28,21,고금리(2022~),1.18,0.75,1.79,1.79,
2025-10-29,21,고금리(2022~),0.67,-0.16,0.9,0.9,
2025-10-30,21,고금리(2022~),-5.32,-5.48,-4.49,-4.49,
2025-10-31,21,고금리(2022~),-5.56,-6.14,-5.2,-5.2,
2025-11-03,21,고금리(2022~),-3.44,-3.49,-2.38,-2.38,
2025-11-04,21,고금리(2022~),-1.06,-0.71,0.42,0.42,
2025-11-05,21,고금리(2022~),-3.08,-3.38,-2.46,-2.46,
2025-11-06,21,고금리(2022~),-1.71,-1.26,-0.24,-0.24,
2025-11-07,21,고금리(2022~),-5.48,-5.44,-4.74,-4.74,
2025-11-10,21,고금리(2022~),-4.86,-5.37,-4.66,-4.66,
2025-11-11,21,고금리(2022~),-5.98,-6.11,-5.49,-5.49,
2025-11-12,21,고금리(2022~),-1.56,-1.4,-0.58,-0.58,
2025-11-13,21,고금리(2022~),0.88,1.06,1.84,1.84,
2025-11-14,21,고금리(2022~),-1.37,-1.25,-0.53,-0.53,
2025-11-17,21,고금리(2022~),2.08,2.07,2.8,2.8,
2025-11-18,21,고금리(2022~),0.17,-0.17,0.54,0.54,
2025-11-19,21,고금리(2022~),0.5,0.44,1.16,1.16,
2025-11-20,21,고금리(2022~),1.89,1.51,2.15,2.15,
2025-11-21,21,고금리(2022~),-2.65,-2.99,-2.51,-2.51,
2025-11-24,21,고금리(2022~),-3.91,-3.9,-3.51,-3.51,
2025-11-25,21,고금리(2022~),-3.73,-3.31,-2.86,-2.86,
2025-11-26,21,고금리(2022~),-2.17,-2.13,-1.68,-1.68,
2025-11-27,21,고금리(2022~),-3.17,-2.93,-2.51,-2.51,
2025-11-28,21,고금리(2022~),2.81,2.98,3.21,3.21,
2025-12-01,21,고금리(2022~),1.96,2.24,2.54,2.54,
2025-12-02,21,고금리(2022~),1.07,0.35,0.73,0.73,
2025-12-03,21,고금리(2022~),0.36,0.16,0.54,0.54,
2025-12-04,21,고금리(2022~),0.53,0.51,0.9,0.9,
2025-12-05,21,고금리(2022~),-0.7,-1.16,-0.81,-0.81,
2025-12-08,21,고금리(2022~),0.0,-0.05,0.29,0.29,
2025-12-09,21,고금리(2022~),0.7,0.86,1.19,1.19,
2025-12-10,21,고금리(2022~),1.06,1.24,1.56,1.56,
2025-12-11,21,고금리(2022~),1.41,1.3,1.62,1.62,
2025-12-12,21,고금리(2022~),0.0,-0.3,0.05,0.05,
2025-12-15,21,고금리(2022~),-1.05,-1.89,-1.55,-1.55,
2025-12-16,21,고금리(2022~),-4.75,-5.11,-5.06,-5.06,
2025-12-17,21,고금리(2022~),-5.41,-5.44,-5.43,-5.43,
2025-12-18,21,고금리(2022~),-2.66,-3.01,-2.62,-2.62,
2025-12-19,21,고금리(2022~),-4.21,-4.14,-3.77,-3.77,
2025-12-22,21,고금리(2022~),-7.33,-7.6,-7.43,-7.43,
2025-12-23,21,고금리(2022~),-18.31,-18.57,-20.4,-20.4,
2025-12-24,21,고금리(2022~),-21.08,-21.54,-24.87,-24.87,
2025-12-26,21,고금리(2022~),-26.24,-25.96,-31.7,-31.7,
2025-12-29,21,고금리(2022~),-27.24,-27.43,-34.26,-34.26,
2025-12-30,21,고금리(2022~),-26.28,-26.64,-32.75,-32.75,
2026-01-02,21,고금리(2022~),-20.28,-20.76,-22.63,-22.63,
2026-01-05,21,고금리(2022~),-23.28,-22.66,-25.49,-25.49,
2026-01-06,21,고금리(2022~),-22.34,-22.2,-24.73,-24.73,
2026-01-07,21,고금리(2022~),-19.68,-20.0,-21.12,-21.12,
2026-01-08,21,고금리(2022~),-17.51,-17.06,-16.66,-16.66,
2026-01-09,21,고금리(2022~),-21.44,-21.16,-22.41,-22.41,
2026-01-12,21,고금리(2022~),-20.1,-20.07,-20.72,-20.72,
2026-01-13,21,고금리(2022~),-20.28,-19.74,-20.21,-20.21,
2026-01-14,21,고금리(2022~),-22.01,-21.96,-23.61,-23.61,
2026-01-15,21,고금리(2022~),-19.9,-19.78,-20.22,-20.22,
2026-01-16,21,고금리(2022~),-25.0,-24.54,-27.16,-27.16,
2026-01-19,21,고금리(2022~),-23.84,-23.13,-24.83,-24.83,
2026-01-20,21,고금리(2022~),-22.5,-22.45,-23.72,-23.72,
2026-01-21,21,고금리(2022~),-26.62,-26.61,-30.97,-30.97,
2026-01-22,21,고금리(2022~),-24.43,-24.44,-27.34,-27.34,
2026-01-23,21,고금리(2022~),-24.45,-23.61,-26.06,-26.06,
2026-01-26,21,고금리(2022~),-14.94,-14.96,-14.66,-14.66,
2026-01-27,21,고금리(2022~),-8.12,-7.78,-5.54,-5.54,
2026-01-28,21,고금리(2022~),15.7,14.01,16.15,16.15,
2026-01-29,21,고금리(2022~),0.47,2.43,8.14,8.14,
2026-01-30,21,고금리(2022~),-7.45,-6.48,-0.27,-0.27,
2026-02-02,21,고금리(2022~),-9.43,-7.95,-2.03,-2.03,
2026-02-03,21,고금리(2022~),-7.59,-6.23,-0.25,-0.25,
2026-02-04,21,고금리(2022~),-6.39,-4.61,1.49,1.49,
2026-02-05,21,고금리(2022~),-10.5,-8.49,-2.85,-2.85,
2026-02-06,21,고금리(2022~),-13.59,-12.21,-7.36,-7.36,
2026-02-09,21,고금리(2022~),-7.61,-5.89,-0.38,-0.38,
2026-02-10,21,고금리(2022~),-9.41,-7.64,-2.32,-2.32,
2026-02-11,21,고금리(2022~),-12.28,-10.86,-5.91,-5.91,
2026-02-12,21,고금리(2022~),-8.89,-7.07,-1.55,-1.55,
2026-02-13,21,고금리(2022~),-12.2,-10.48,-5.41,-5.41,
2026-02-19,21,고금리(2022~),0.23,1.91,7.21,7.21,
2026-02-20,21,고금리(2022~),-2.8,-1.59,3.96,3.96,
2026-02-23,21,고금리(2022~),-7.6,-5.99,-0.44,-0.44,
2026-02-24,21,고금리(2022~),-4.88,-2.58,3.13,3.13,
2026-02-25,21,고금리(2022~),-5.35,-3.26,2.46,2.46,
2026-02-26,21,고금리(2022~),2.43,3.56,8.86,8.86,
2026-02-27,21,고금리(2022~),8.05,10.23,14.61,14.61,
2026-03-03,21,고금리(2022~),-3.26,-0.94,5.0,5.0,
2026-03-04,21,고금리(2022~),-11.78,-9.01,-5.46,-5.46,
2026-03-05,21,고금리(2022~),4.01,4.71,6.79,6.79,
2026-03-06,21,고금리(2022~),12.06,13.83,13.94,13.94,
2026-03-09,21,고금리(2022~),8.96,10.23,11.01,11.01,
2026-03-10,21,고금리(2022~),5.47,5.97,7.71,7.71,
2026-03-11,21,고금리(2022~),5.12,5.49,7.28,7.28,
2026-03-12,21,고금리(2022~),4.89,4.18,6.13,6.13,
2026-03-13,21,고금리(2022~),5.41,5.02,6.88,6.88,
2026-03-16,21,고금리(2022~),2.91,2.21,4.3,4.3,
2026-03-17,21,고금리(2022~),-0.97,-1.2,1.11,1.11,
2026-03-18,21,고금리(2022~),1.5,1.12,3.29,3.29,
2026-03-19,21,고금리(2022~),-0.98,-1.07,1.08,1.08,
2026-03-20,21,고금리(2022~),0.0,-0.16,1.97,1.97,
2026-03-23,21,고금리(2022~),-6.56,-6.28,-4.77,-4.77,
2026-03-24,21,고금리(2022~),-3.85,-3.47,-1.77,-1.77,
2026-03-25,21,고금리(2022~),0.5,0.66,2.3,2.3,
2026-03-26,21,고금리(2022~),-4.25,-4.98,-3.45,-3.45,
2026-03-27,21,고금리(2022~),-5.5,-5.67,-4.18,-4.18,
2026-03-30,21,고금리(2022~),-7.6,-7.16,-5.95,-5.95,
2026-03-31,21,고금리(2022~),-12.51,-12.03,-12.12,-12.12,
2026-04-01,21,고금리(2022~),-3.99,-4.42,-3.43,-3.43,
2026-04-02,21,고금리(2022~),-11.09,-11.16,-11.59,-11.59,
2026-04-03,21,고금리(2022~),-11.07,-11.09,-11.51,-11.51,
2026-04-06,21,고금리(2022~),-11.65,-12.01,-12.7,-12.7,
2026-04-07,21,고금리(2022~),-12.31,-12.52,-13.36,-13.36,
2026-04-08,21,고금리(2022~),-6.6,-6.71,-6.66,-6.66,
2026-04-09,21,고금리(2022~),-5.8,-5.87,-5.67,-5.67,
2026-04-10,21,고금리(2022~),-5.36,-4.62,-4.3,-4.3,
2026-04-13,21,고금리(2022~),-7.09,-7.19,-7.13,-7.13,
2026-04-14,21,고금리(2022~),-1.41,-1.51,-0.71,-0.71,
2026-04-15,21,고금리(2022~),4.39,4.87,5.38,5.38,
2026-04-16,21,고금리(2022~),7.39,7.62,7.82,7.82,
2026-04-17,21,고금리(2022~),10.59,10.54,10.34,10.34,
2026-04-20,21,고금리(2022~),5.21,5.45,6.3,6.3,
2026-04-21,21,고금리(2022~),-0.75,-1.24,0.45,0.45,
2026-04-22,21,고금리(2022~),-2.15,-2.84,-1.18,-1.18,
2026-04-23,21,고금리(2022~),-0.5,-0.59,1.2,1.2,
2026-04-24,21,고금리(2022~),4.19,5.18,6.57,6.57,
2026-04-27,21,고금리(2022~),8.16,8.87,9.73,9.73,
2026-04-28,21,고금리(2022~),9.25,9.17,9.99,9.99,
2026-04-29,21,고금리(2022~),12.23,11.89,12.22,12.22,
2026-04-30,21,고금리(2022~),4.66,4.68,6.24,6.24,
2026-05-04,21,고금리(2022~),12.72,12.85,13.3,13.3,
2026-05-06,21,고금리(2022~),24.43,24.91,22.62,22.62,
2026-05-07,21,고금리(2022~),15.46,14.66,16.18,16.18,
2026-05-08,21,고금리(2022~),16.57,17.29,18.09,18.09,
2026-05-11,21,고금리(2022~),8.08,9.33,12.49,12.49,
2026-05-12,21,고금리(2022~),3.45,4.0,7.99,7.99,
2026-05-13,21,고금리(2022~),1.97,3.35,7.41,7.41,
2026-05-14,21,고금리(2022~),7.12,8.69,11.97,11.97,
2026-05-15,21,고금리(2022~),-0.48,0.73,4.84,4.84,
2026-05-18,21,고금리(2022~),0.0,1.3,5.42,5.42,
2026-05-19,21,고금리(2022~),1.83,3.4,7.44,7.44,
2026-05-20,21,고금리(2022~),-3.79,-3.04,1.32,1.32,
2026-05-21,21,고금리(2022~),11.08,12.06,15.06,15.06,
2026-05-22,21,고금리(2022~),15.91,16.87,18.23,18.23,
2026-05-26,21,고금리(2022~),19.83,22.04,21.76,21.76,
2026-05-27,21,고금리(2022~),22.44,22.49,22.07,22.07,
2026-05-28,21,고금리(2022~),8.82,9.06,13.11,13.11,
2026-05-29,21,고금리(2022~),7.93,8.91,12.99,12.99,
2026-06-01,21,고금리(2022~),4.94,5.68,10.31,10.31,
2026-06-02,21,고금리(2022~),9.66,11.22,15.23,15.23,
2026-06-04,21,고금리(2022~),15.79,17.19,19.44,19.44,
2026-06-05,21,고금리(2022~),12.87,14.2,17.13,17.13,
2026-06-08,21,고금리(2022~),3.89,4.6,8.44,8.44,
2026-06-09,21,고금리(2022~),18.16,20.37,20.3,20.3,
2026-06-10,21,고금리(2022~),15.87,15.25,16.77,16.77,
2026-06-11,21,고금리(2022~),18.93,17.25,18.04,18.04,
2026-06-12,21,고금리(2022~),26.19,26.43,24.17,24.17,
2026-06-15,21,고금리(2022~),31.4,30.54,26.6,26.6,
2026-06-16,21,고금리(2022~),18.27,17.74,19.01,19.01,
2026-06-17,21,고금리(2022~),28.3,28.16,25.81,25.81,
2026-06-18,21,고금리(2022~),33.41,32.96,28.78,28.78,
2026-06-19,21,고금리(2022~),28.38,27.19,25.45,25.45,
2026-06-22,21,고금리(2022~),34.03,33.46,28.88,28.88,
2026-06-23,21,고금리(2022~),14.01,13.17,15.9,15.9,
2026-06-24,21,고금리(2022~),24.62,24.88,24.07,24.07,
2026-06-25,21,고금리(2022~),17.91,16.52,18.65,18.65,
2026-06-26,21,고금리(2022~),22.4,22.45,23.08,23.08,
2026-06-29,21,고금리(2022~),43.24,43.35,34.06,34.06,
2026-06-30,21,고금리(2022~),48.78,47.79,36.17,36.17,
2026-07-01,21,고금리(2022~),29.15,33.06,29.95,29.95,
2026-07-02,21,고금리(2022~),16.14,15.18,18.98,18.98,
2026-07-03,21,고금리(2022~),6.61,6.27,12.55,12.55,
2026-07-06,21,고금리(2022~),1.6,1.41,8.3,8.3,
2026-07-07,21,고금리(2022~),-0.39,-0.21,6.78,6.78,
2026-07-08,21,고금리(2022~),-6.67,-6.85,-0.27,-0.27,
2026-07-09,21,고금리(2022~),-13.32,-12.58,-6.16,-6.16,
2026-07-10,21,고금리(2022~),-9.43,-7.95,-1.05,-1.05,
2026-07-13,21,고금리(2022~),-12.45,-12.19,-6.24,-6.24,
2026-07-14,21,고금리(2022~),-15.07,-15.61,-10.58,-10.58,
2026-07-15,21,고금리(2022~),-8.71,-8.09,-2.09,-2.09,
2026-07-16,21,고금리(2022~),-9.91,-9.89,-4.35,-4.35,
2026-07-20,21,고금리(2022~),-15.76,-16.21,-12.82,-12.82,
2026-07-21,21,고금리(2022~),-18.07,-18.2,-15.45,-15.45,
2026-07-22,21,고금리(2022~),-14.68,-14.84,-10.59,-10.59,
2026-07-23,21,고금리(2022~),-10.06,-9.88,-5.03,-5.03,
2026-07-24,21,고금리(2022~),-16.96,-16.9,-14.42,-14.42,
2026-07-27,21,고금리(2022~),-13.2,-12.5,-8.8,-8.8,
2026-07-28,21,고금리(2022~),-21.8,-21.8,-22.57,-22.57,
2026-07-29,21,고금리(2022~),-26.1,-26.25,-30.53,-30.53,
2026-07-30,21,고금리(2022~),-29.04,-28.7,-35.3,-35.3,
2026-07-31,21,고금리(2022~),-14.93,-17.79,-18.71,-18.71,
2026-08-03,21,고금리(2022~),-9.93,-9.76,-8.59,-8.59,
2026-08-04,21,고금리(2022~),,,,,구간 끝이 데이터 범위를 넘음
2026-08-05,21,고금리(2022~),,,,,구간 끝이 데이터 범위를 넘음
2026-08-06,21,고금리(2022~),,,,,구간 끝이 데이터 범위를 넘음
2026-08-07,21,고금리(2022~),,,,,구간 끝이 데이터 범위를 넘음
2026-08-10,21,고금리(2022~),,,,,구간 끝이 데이터 범위를 넘음
2026-08-11,21,고금리(2022~),,,,,구간 끝이 데이터 범위를 넘음
2026-08-12,21,고금리(2022~),,,,,구간 끝이 데이터 범위를 넘음
2026-08-13,21,고금리(2022~),,,,,구간 끝이 데이터 범위를 넘음
2026-08-14,21,고금리(2022~),,,,,구간 끝이 데이터 범위를 넘음
2026-08-18,21,고금리(2022~),,,,,구간 끝이 데이터 범위를 넘음
2026-08-19,21,고금리(2022~),,,,,구간 끝이 데이터 범위를 넘음
2026-08-20,21,고금리(2022~),,,,,구간 끝이 데이터 범위를 넘음
2026-08-21,21,고금리(2022~),,,,,구간 끝이 데이터 범위를 넘음
2026-08-24,21,고금리(2022~),,,,,구간 끝이 데이터 범위를 넘음
2026-08-25,21,고금리(2022~),,,,,구간 끝이 데이터 범위를 넘음
2026-08-26,21,고금리(2022~),,,,,구간 끝이 데이터 범위를 넘음
2026-08-27,21,고금리(2022~),,,,,구간 끝이 데이터 범위를 넘음
2026-08-28,21,고금리(2022~),,,,,구간 끝이 데이터 범위를 넘음
2026-08-31,21,고금리(2022~),,,,,구간 끝이 데이터 범위를 넘음
2026-09-01,21,고금리(2022~),,,,,구간 끝이 데이터 범위를 넘음
2026-09-02,21,고금리(2022~),,,,,구간 끝이 데이터 범위를 넘음
2016-08-10,63,저금리(~2021),8.95,9.73,10.56,9.93,
2016-08-11,63,저금리(~2021),8.73,9.78,10.51,9.97,
2016-08-12,63,저금리(~2021),7.26,7.93,8.84,8.48,
2016-08-16,63,저금리(~2021),6.94,7.7,8.72,8.28,
2016-08-17,63,저금리(~2021),7.85,7.7,8.7,8.28,
2016-08-18,63,저금리(~2021),10.62,10.56,11.4,10.67,
2016-08-19,63,저금리(~2021),10.13,9.8,10.63,10.06,
2016-08-22,63,저금리(~2021),10.32,10.09,10.78,10.31,
2016-08-23,63,저금리(~2021),11.1,11.62,12.26,11.55,
2016-08-24,63,저금리(~2021),10.72,10.84,11.5,10.94,
2016-08-25,63,저금리(~2021),11.2,11.57,12.23,11.53,
2016-08-26,63,저금리(~2021),10.37,10.59,11.26,10.75,
2016-08-29,63,저금리(~2021),7.48,7.52,8.33,8.12,
2016-08-30,63,저금리(~2021),9.24,9.38,9.86,9.68,
2016-08-31,63,저금리(~2021),9.88,11.01,11.4,11.03,
2016-09-01,63,저금리(~2021),14.41,14.81,15.1,13.97,
2016-09-02,63,저금리(~2021),13.52,13.86,14.4,13.26,
2016-09-05,63,저금리(~2021),14.75,14.7,15.13,13.9,
2016-09-06,63,저금리(~2021),13.15,12.69,13.34,12.38,
2016-09-07,63,저금리(~2021),10.11,8.75,9.84,9.27,
2016-09-08,63,저금리(~2021),9.27,7.55,8.75,8.27,
2016-09-09,63,저금리(~2021),7.14,4.95,6.16,5.99,
2016-09-12,63,저금리(~2021),4.84,2.85,3.94,4.04,
2016-09-13,63,저금리(~2021),4.18,2.7,3.92,3.9,
2016-09-19,63,저금리(~2021),6.23,5.22,6.32,6.15,
2016-09-20,63,저금리(~2021),7.23,5.57,6.6,6.46,
2016-09-21,63,저금리(~2021),9.46,7.65,8.51,8.29,
2016-09-22,63,저금리(~2021),11.1,9.19,10.03,9.57,
2016-09-23,63,저금리(~2021),11.74,9.69,10.38,9.98,
2016-09-26,63,저금리(~2021),9.78,7.86,8.35,8.47,
2016-09-27,63,저금리(~2021),10.62,8.67,9.26,9.15,
2016-09-28,63,저금리(~2021),8.87,6.6,6.99,7.4,
2016-09-29,63,저금리(~2021),7.03,4.78,5.06,5.83,
2016-09-30,63,저금리(~2021),4.58,2.42,2.87,3.6,
2016-10-04,63,저금리(~2021),6.62,4.73,4.89,5.72,
2016-10-05,63,저금리(~2021),5.24,3.89,3.52,4.97,
2016-10-06,63,저금리(~2021),4.54,2.63,1.68,3.8,
2016-10-07,63,저금리(~2021),2.62,0.92,0.59,2.14,
2016-10-10,63,저금리(~2021),2.96,1.55,0.96,2.74,
2016-10-11,63,저금리(~2021),3.09,1.9,1.93,3.08,
2016-10-12,63,저금리(~2021),4.54,3.33,4.21,4.44,
2016-10-13,63,저금리(~2021),2.68,1.21,2.26,2.44,
2016-10-14,63,저금리(~2021),3.98,2.98,4.1,4.12,
2016-10-17,63,저금리(~2021),2.77,0.99,1.99,2.23,
2016-10-18,63,저금리(~2021),4.43,2.91,4.1,4.06,
2016-10-19,63,저금리(~2021),5.62,4.57,5.7,5.59,
2016-10-20,63,저금리(~2021),4.22,2.86,3.97,4.01,
2016-10-21,63,저금리(~2021),3.66,2.47,3.48,3.64,
2016-10-24,63,저금리(~2021),3.78,2.41,3.56,3.58,
2016-10-25,63,저금리(~2021),3.04,2.25,3.35,3.43,
2016-10-26,63,저금리(~2021),4.19,3.02,3.82,4.15,
2016-10-27,63,저금리(~2021),6.98,6.13,6.77,6.91,
2016-10-28,63,저금리(~2021),4.32,2.41,2.94,3.52,
2016-10-31,63,저금리(~2021),2.1,1.03,1.51,2.17,
2016-11-01,63,저금리(~2021),1.5,0.15,0.64,1.34,
2016-11-02,63,저금리(~2021),0.41,-0.97,-0.37,0.16,
2016-11-03,63,저금리(~2021),1.29,0.3,0.15,1.42,
2016-11-04,63,저금리(~2021),0.09,-0.43,-1.22,0.7,
2016-11-07,63,저금리(~2021),2.29,1.3,0.84,2.4,
2016-11-08,63,저금리(~2021),2.29,1.09,0.43,2.19,
2016-11-09,63,저금리(~2021),-1.09,-3.2,-2.99,-2.33,
2016-11-10,63,저금리(~2021),3.5,1.31,1.72,2.02,
2016-11-11,63,저금리(~2021),1.54,-0.08,0.5,0.65,
2016-11-14,63,저금리(~2021),1.11,-0.21,0.5,0.51,
2016-11-15,63,저금리(~2021),-1.15,-3.1,-2.44,-2.45,
2016-11-16,63,저금리(~2021),0.61,-0.66,-0.0,0.0,
2016-11-17,63,저금리(~2021),0.33,-1.02,-0.4,-0.37,
2016-11-18,63,저금리(~2021),-1.06,-2.09,-1.48,-1.48,
2016-11-21,63,저금리(~2021),-3.35,-4.2,-3.66,-3.74,
2016-11-22,63,저금리(~2021),-2.78,-3.45,-2.93,-2.94,
2016-11-23,63,저금리(~2021),-3.19,-3.92,-3.4,-3.45,
2016-11-24,63,저금리(~2021),-4.01,-5.17,-4.83,-4.83,
2016-11-25,63,저금리(~2021),-3.14,-3.97,-3.57,-3.54,
2016-11-28,63,저금리(~2021),-4.08,-5.17,-4.87,-4.87,
2016-11-29,63,저금리(~2021),-3.25,-4.16,-4.11,-3.76,
2016-11-30,63,저금리(~2021),-1.83,-3.13,-3.01,-2.65,
2016-12-01,63,저금리(~2021),-3.23,-4.45,-4.32,-4.07,
2016-12-02,63,저금리(~2021),-4.85,-6.26,-6.61,-6.11,
2016-12-05,63,저금리(~2021),-6.08,-7.33,-8.08,-7.36,
2016-12-06,63,저금리(~2021),-4.69,-5.91,-6.4,-5.76,
2016-12-07,63,저금리(~2021),-7.33,-8.25,-8.82,-8.42,
2016-12-08,63,저금리(~2021),-6.48,-6.59,-6.72,-6.51,
2016-12-09,63,저금리(~2021),-4.17,-3.81,-3.5,-3.51,
2016-12-12,63,저금리(~2021),-1.22,-0.85,-0.53,-0.41,
2016-12-13,63,저금리(~2021),-1.05,-1.36,-0.93,-0.92,
2016-12-14,63,저금리(~2021),-0.37,-0.26,0.16,0.21,
2016-12-15,63,저금리(~2021),0.97,0.9,1.33,1.35,
2016-12-16,63,저금리(~2021),0.55,0.36,0.77,0.82,
2016-12-19,63,저금리(~2021),0.79,0.85,1.27,1.3,
2016-12-20,63,저금리(~2021),-0.55,-0.66,-0.31,-0.22,
2016-12-21,63,저금리(~2021),-1.14,-1.32,-1.0,-0.9,
2016-12-22,63,저금리(~2021),-2.12,-1.88,-1.52,-1.47,
2016-12-23,63,저금리(~2021),-1.55,-1.54,-1.23,-1.13,
2016-12-26,63,저금리(~2021),-2.09,-2.16,-1.85,-1.77,
2016-12-27,63,저금리(~2021),-1.51,-1.04,-0.65,-0.63,
2016-12-28,63,저금리(~2021),-0.05,0.35,0.58,0.72,
2016-12-29,63,저금리(~2021),-1.55,-1.62,-1.49,-1.23,
2017-01-02,63,저금리(~2021),-2.33,-2.18,-1.99,-1.81,
2017-01-03,63,저금리(~2021),-2.02,-2.12,-2.03,-1.75,
2017-01-04,63,저금리(~2021),-2.08,-2.0,-1.95,-1.63,
2017-01-05,63,저금리(~2021),-2.22,-2.27,-2.28,-1.91,
2017-01-06,63,저금리(~2021),0.19,-0.03,0.28,0.43,
2017-01-09,63,저금리(~2021),-1.31,-1.61,-1.26,-1.17,
2017-01-10,63,저금리(~2021),-2.73,-3.02,-2.67,-2.67,
2017-01-11,63,저금리(~2021),-2.28,-2.38,-2.2,-2.0,
2017-01-12,63,저금리(~2021),-2.44,-2.73,-2.37,-2.37,
2017-01-13,63,저금리(~2021),-3.21,-3.31,-3.14,-2.97,
2017-01-16,63,저금리(~2021),-4.61,-4.51,-4.42,-4.27,
2017-01-17,63,저금리(~2021),-5.41,-5.52,-5.42,-5.4,
2017-01-18,63,저금리(~2021),-4.88,-4.65,-4.56,-4.43,
2017-01-19,63,저금리(~2021),-5.18,-5.21,-5.17,-5.06,
2017-01-20,63,저금리(~2021),-4.74,-4.85,-4.71,-4.65,
2017-01-23,63,저금리(~2021),-5.91,-6.13,-6.01,-6.08,
2017-01-24,63,저금리(~2021),-6.86,-7.05,-6.91,-7.13,
2017-01-25,63,저금리(~2021),-6.39,-6.67,-6.45,-6.69,
2017-01-26,63,저금리(~2021),-5.23,-5.08,-4.81,-4.93,
2017-01-31,63,저금리(~2021),-4.93,-5.39,-5.1,-5.27,
2017-02-01,63,저금리(~2021),-5.81,-5.78,-5.68,-5.69,
2017-02-02,63,저금리(~2021),-9.15,-9.01,-8.95,-9.43,
2017-02-03,63,저금리(~2021),-9.25,-8.95,-8.87,-9.36,
2017-02-06,63,저금리(~2021),-8.81,-8.86,-8.88,-9.25,
2017-02-07,63,저금리(~2021),-8.22,-8.62,-8.59,-8.96,
2017-02-08,63,저금리(~2021),-8.68,-8.48,-8.43,-8.8,
2017-02-09,63,저금리(~2021),-7.59,-7.96,-7.82,-8.18,
2017-02-10,63,저금리(~2021),-7.77,-7.82,-7.68,-8.01,
2017-02-13,63,저금리(~2021),-6.76,-6.8,-6.72,-6.83,
2017-02-14,63,저금리(~2021),-7.39,-7.62,-7.46,-7.78,
2017-02-15,63,저금리(~2021),-6.5,-6.35,-6.29,-6.34,
2017-02-16,63,저금리(~2021),-6.82,-6.41,-6.4,-6.41,
2017-02-17,63,저금리(~2021),-7.07,-7.16,-7.14,-7.26,
2017-02-20,63,저금리(~2021),-6.75,-7.0,-7.03,-7.08,
2017-02-21,63,저금리(~2021),-6.51,-6.71,-6.75,-6.74,
2017-02-22,63,저금리(~2021),-5.81,-6.06,-6.0,-6.0,
2017-02-23,63,저금리(~2021),-7.52,-7.6,-7.57,-7.76,
2017-02-24,63,저금리(~2021),-8.22,-8.32,-8.26,-8.6,
2017-02-27,63,저금리(~2021),-9.16,-8.85,-8.82,-9.24,
2017-02-28,63,저금리(~2021),-9.58,-9.84,-9.93,-10.42,
2017-03-02,63,저금리(~2021),-10.87,-10.93,-11.1,-11.77,
2017-03-03,63,저금리(~2021),-12.73,-12.45,-12.63,-13.72,
2017-03-06,63,저금리(~2021),-12.55,-12.99,-13.16,-14.41,
2017-03-07,63,저금리(~2021),-12.85,-13.55,-13.79,-15.15,
2017-03-08,63,저금리(~2021),-11.82,-12.19,-12.25,-13.33,
2017-03-09,63,저금리(~2021),-12.95,-13.38,-13.56,-14.87,
2017-03-10,63,저금리(~2021),-11.31,-12.04,-12.23,-13.15,
2017-03-13,63,저금리(~2021),-11.35,-12.22,-12.35,-13.38,
2017-03-14,63,저금리(~2021),-11.71,-12.47,-12.62,-13.71,
2017-03-15,63,저금리(~2021),-13.84,-14.51,-14.9,-16.44,
2017-03-16,63,저금리(~2021),-12.78,-12.89,-13.17,-14.31,
2017-03-17,63,저금리(~2021),-13.17,-13.79,-14.14,-15.52,
2017-03-20,63,저금리(~2021),-13.07,-13.3,-13.58,-14.86,
2017-03-21,63,저금리(~2021),-13.17,-13.67,-13.95,-15.34,
2017-03-22,63,저금리(~2021),-13.43,-14.18,-14.52,-16.03,
2017-03-23,63,저금리(~2021),-14.14,-14.63,-15.03,-16.65,
2017-03-24,63,저금리(~2021),-12.54,-13.04,-13.23,-14.48,
2017-03-27,63,저금리(~2021),-12.86,-13.81,-14.05,-15.49,
2017-03-28,63,저금리(~2021),-12.3,-12.85,-12.99,-14.22,
2017-03-29,63,저금리(~2021),-11.29,-11.98,-12.06,-13.09,
2017-03-30,63,저금리(~2021),-10.83,-11.52,-11.64,-12.5,
2017-03-31,63,저금리(~2021),-10.51,-11.08,-11.25,-11.95,
2017-04-03,63,저금리(~2021),-9.23,-9.85,-9.87,-10.45,
2017-04-04,63,저금리(~2021),-9.17,-10.16,-10.24,-10.84,
2017-04-05,63,저금리(~2021),-8.29,-8.87,-8.99,-9.27,
2017-04-06,63,저금리(~2021),-7.37,-8.17,-8.05,-8.43,
2017-04-07,63,저금리(~2021),-6.14,-6.81,-6.82,-6.83,
2017-04-10,63,저금리(~2021),-9.09,-9.94,-10.21,-10.6,
2017-04-11,63,저금리(~2021),-8.41,-9.11,-9.28,-9.6,
2017-04-12,63,저금리(~2021),-9.73,-10.4,-10.55,-11.15,
2017-04-13,63,저금리(~2021),-9.69,-10.43,-10.69,-11.18,
2017-04-14,63,저금리(~2021),-11.63,-12.22,-12.48,-13.44,
2017-04-17,63,저금리(~2021),-11.25,-11.1,-11.29,-12.04,
2017-04-18,63,저금리(~2021),-10.1,-10.86,-10.96,-11.74,
2017-04-19,63,저금리(~2021),-10.03,-10.81,-10.91,-11.67,
2017-04-20,63,저금리(~2021),-8.91,-9.69,-9.79,-10.27,
2017-04-21,63,저금리(~2021),-9.62,-10.37,-10.53,-11.1,
2017-04-24,63,저금리(~2021),-10.71,-11.19,-11.3,-12.14,
2017-04-25,63,저금리(~2021),-7.92,-8.37,-8.45,-8.63,
2017-04-26,63,저금리(~2021),-7.37,-7.94,-7.93,-8.13,
2017-04-27,63,저금리(~2021),-8.02,-8.67,-8.68,-9.01,
2017-04-28,63,저금리(~2021),-8.83,-9.28,-9.31,-9.73,
2017-05-02,63,저금리(~2021),-6.2,-6.77,-6.88,-6.71,
2017-05-04,63,저금리(~2021),-4.21,-4.98,-4.97,-4.73,
2017-05-08,63,저금리(~2021),-3.51,-4.51,-4.36,-4.23,
2017-05-10,63,저금리(~2021),-4.3,-4.97,-4.92,-4.73,
2017-05-11,63,저금리(~2021),-2.37,-3.06,-2.73,-2.67,
2017-05-12,63,저금리(~2021),-3.58,-3.68,-3.57,-3.34,
2017-05-15,63,저금리(~2021),-1.0,-1.63,-1.58,-1.14,
2017-05-16,63,저금리(~2021),-2.72,-2.98,-2.87,-2.54,
2017-05-17,63,저금리(~2021),-4.01,-4.36,-4.23,-3.99,
2017-05-18,63,저금리(~2021),-5.67,-6.3,-6.34,-6.13,
2017-05-19,63,저금리(~2021),-5.25,-5.64,-5.68,-5.39,
2017-05-22,63,저금리(~2021),-4.62,-5.33,-5.42,-5.04,
2017-05-23,63,저금리(~2021),-5.18,-5.82,-5.79,-5.59,
2017-05-24,63,저금리(~2021),-4.31,-4.86,-4.82,-4.53,
2017-05-25,63,저금리(~2021),-5.09,-5.63,-5.49,-5.38,
2017-05-26,63,저금리(~2021),-5.16,-5.86,-5.8,-5.63,
2017-05-29,63,저금리(~2021),-6.61,-7.09,-6.92,-7.03,
2017-05-30,63,저금리(~2021),-5.68,-6.32,-6.19,-6.16,
2017-05-31,63,저금리(~2021),-4.76,-5.39,-5.15,-5.13,
2017-06-01,63,저금리(~2021),-4.94,-5.97,-5.65,-5.76,
2017-06-02,63,저금리(~2021),-5.27,-5.6,-5.19,-5.36,
2017-06-05,63,저금리(~2021),-2.89,-3.07,-2.7,-2.58,
2017-06-07,63,저금리(~2021),-2.19,-2.76,-2.45,-2.27,
2017-06-08,63,저금리(~2021),-2.62,-2.97,-2.57,-2.47,
2017-06-09,63,저금리(~2021),-2.69,-2.46,-2.04,-1.95,
2017-06-12,63,저금리(~2021),-4.14,-3.77,-3.44,-3.37,
2017-06-13,63,저금리(~2021),-3.3,-3.46,-3.26,-3.05,
2017-06-14,63,저금리(~2021),-3.83,-3.45,-3.65,-3.03,
2017-06-15,63,저금리(~2021),-3.57,-3.51,-3.47,-3.1,
2017-06-16,63,저금리(~2021),-5.24,-5.44,-5.44,-5.16,
2017-06-19,63,저금리(~2021),-6.04,-6.95,-7.03,-6.81,
2017-06-20,63,저금리(~2021),-7.35,-7.9,-8.27,-7.91,
2017-06-21,63,저금리(~2021),-7.5,-7.86,-8.34,-7.85,
2017-06-22,63,저금리(~2021),-7.2,-7.75,-7.95,-7.73,
2017-06-23,63,저금리(~2021),-6.08,-6.31,-6.4,-6.07,
2017-06-26,63,저금리(~2021),-5.13,-5.09,-4.8,-4.7,
2017-06-27,63,저금리(~2021),-4.74,-5.29,-5.06,-4.92,
2017-06-28,63,저금리(~2021),-6.51,-6.95,-6.71,-6.81,
2017-06-29,63,저금리(~2021),-6.72,-7.09,-7.0,-6.97,
2017-06-30,63,저금리(~2021),-5.93,-6.44,-6.23,-6.21,
2017-07-03,63,저금리(~2021),-7.23,-7.56,-7.33,-7.51,
2017-07-04,63,저금리(~2021),-8.34,-8.89,-8.69,-9.07,
2017-07-05,63,저금리(~2021),-8.76,-9.7,-10.01,-10.03,
2017-07-06,63,저금리(~2021),-9.17,-9.46,-9.83,-9.74,
2017-07-07,63,저금리(~2021),-9.57,-9.72,-9.85,-10.06,
2017-07-10,63,저금리(~2021),-10.56,-11.31,-11.54,-12.03,
2017-07-11,63,저금리(~2021),-13.94,-14.0,-14.86,-15.45,
2017-07-12,63,저금리(~2021),-14.87,-14.95,-15.64,-16.76,
2017-07-13,63,저금리(~2021),-13.57,-13.43,-14.32,-14.72,
2017-07-14,63,저금리(~2021),-14.32,-14.94,-15.96,-16.73,
2017-07-17,63,저금리(~2021),-13.83,-14.2,-15.0,-15.74,
2017-07-18,63,저금리(~2021),-15.74,-16.18,-17.08,-18.39,
2017-07-19,63,저금리(~2021),-14.77,-14.97,-15.97,-16.72,
2017-07-20,63,저금리(~2021),-11.76,-13.0,-13.78,-14.04,
2017-07-21,63,저금리(~2021),-14.41,-14.81,-15.78,-16.41,
2017-07-24,63,저금리(~2021),-14.44,-14.93,-16.02,-16.58,
2017-07-25,63,저금리(~2021),-16.05,-16.58,-17.74,-18.9,
2017-07-26,63,저금리(~2021),-15.51,-15.9,-16.93,-17.95,
2017-07-27,63,저금리(~2021),-15.58,-15.92,-16.84,-17.98,
2017-07-28,63,저금리(~2021),-18.52,-19.38,-20.57,-23.06,
2017-07-31,63,저금리(~2021),-19.26,-19.35,-20.68,-23.01,
2017-08-01,63,저금리(~2021),-18.34,-19.09,-20.21,-22.62,
2017-08-02,63,저금리(~2021),-19.47,-20.12,-21.48,-24.16,
2017-08-03,63,저금리(~2021),-21.52,-21.83,-23.22,-26.96,
2017-08-04,63,저금리(~2021),-22.92,-23.22,-24.93,-29.22,
2017-08-07,63,저금리(~2021),-25.03,-25.15,-27.57,-32.37,
2017-08-08,63,저금리(~2021),-27.24,-27.93,-31.25,-37.27,
2017-08-09,63,저금리(~2021),-30.1,-31.17,-35.08,-43.57,
2017-08-10,63,저금리(~2021),-31.25,-31.94,-36.12,-45.19,
2017-08-11,63,저금리(~2021),-31.99,-32.38,-36.31,-46.16,
2017-08-14,63,저금리(~2021),-33.11,-33.8,-38.34,-49.17,
2017-08-16,63,저금리(~2021),-32.16,-32.4,-36.37,-46.1,
2017-08-17,63,저금리(~2021),-29.6,-29.97,-32.53,-40.99,
2017-08-18,63,저금리(~2021),-31.85,-32.31,-35.7,-45.74,
2017-08-21,63,저금리(~2021),-30.85,-30.7,-33.64,-42.24,
2017-08-22,63,저금리(~2021),-29.73,-30.47,-33.04,-41.77,
2017-08-23,63,저금리(~2021),-27.58,-27.89,-29.48,-36.51,
2017-08-24,63,저금리(~2021),-28.09,-28.37,-30.29,-37.41,
2017-08-25,63,저금리(~2021),-26.68,-27.12,-28.61,-35.01,
2017-08-28,63,저금리(~2021),-28.43,-28.78,-30.78,-38.06,
2017-08-29,63,저금리(~2021),-27.53,-27.95,-29.51,-36.45,
2017-08-30,63,저금리(~2021),-26.1,-26.46,-27.72,-33.61,
2017-08-31,63,저금리(~2021),-24.49,-24.84,-25.74,-30.72,
2017-09-01,63,저금리(~2021),-22.37,-22.84,-23.55,-27.28,
2017-09-04,63,저금리(~2021),-22.82,-23.27,-23.91,-28.02,
2017-09-05,63,저금리(~2021),-25.24,-26.12,-27.14,-32.76,
2017-09-06,63,저금리(~2021),-23.55,-24.08,-25.7,-29.19,
2017-09-07,63,저금리(~2021),-24.19,-24.64,-27.42,-30.14,
2017-09-08,63,저금리(~2021),-23.8,-24.07,-28.0,-29.15,
2017-09-11,63,저금리(~2021),-23.78,-23.91,-28.14,-28.88,
2017-09-12,63,저금리(~2021),-22.42,-22.62,-26.4,-26.72,
2017-09-13,63,저금리(~2021),-22.54,-23.09,-28.13,-27.48,
2017-09-14,63,저금리(~2021),-20.13,-20.0,-24.53,-22.58,
2017-09-15,63,저금리(~2021),-17.04,-16.5,-19.22,-17.45,
2017-09-18,63,저금리(~2021),-19.53,-19.58,-22.85,-21.72,
2017-09-19,63,저금리(~2021),-20.5,-20.75,-22.96,-23.49,
2017-09-20,63,저금리(~2021),-25.31,-25.56,-27.11,-31.11,
2017-09-21,63,저금리(~2021),-26.39,-26.26,-26.98,-32.36,
2017-09-22,63,저금리(~2021),-28.29,-28.28,-29.54,-36.08,
2017-09-25,63,저금리(~2021),-28.97,-29.15,-30.21,-37.7,
2017-09-26,63,저금리(~2021),-26.74,-26.89,-28.13,-33.33,
2017-09-27,63,저금리(~2021),-28.85,-28.93,-29.81,-36.95,
2017-09-28,63,저금리(~2021),-31.33,-31.17,-32.44,-41.35,
2017-09-29,63,저금리(~2021),-30.1,-29.93,-30.9,-38.84,
2017-10-10,63,저금리(~2021),-29.86,-30.02,-31.46,-39.0,
2017-10-11,63,저금리(~2021),-32.13,-31.61,-33.94,-42.1,
2017-10-12,63,저금리(~2021),-34.65,-34.95,-37.85,-48.99,
2017-10-13,63,저금리(~2021),-36.71,-36.56,-41.51,-52.65,
2017-10-16,63,저금리(~2021),-36.7,-36.56,-42.4,-52.65,
2017-10-17,63,저금리(~2021),-32.65,-32.85,-38.74,-44.18,
2017-10-18,63,저금리(~2021),-33.49,-34.05,-40.61,-46.77,
2017-10-19,63,저금리(~2021),-31.58,-31.85,-37.12,-41.82,
2017-10-20,63,저금리(~2021),-30.33,-29.92,-35.62,-37.92,
2017-10-23,63,저금리(~2021),-31.81,-32.71,-40.26,-43.36,
2017-10-24,63,저금리(~2021),-29.84,-29.63,-36.0,-37.13,
2017-10-25,63,저금리(~2021),-29.76,-29.56,-34.61,-37.0,
2017-10-26,63,저금리(~2021),-32.29,-32.43,-36.99,-42.8,
2017-10-27,63,저금리(~2021),-32.22,-32.43,-35.19,-42.79,
2017-10-30,63,저금리(~2021),-31.68,-31.61,-33.09,-41.07,
2017-10-31,63,저금리(~2021),-30.19,-30.23,-31.03,-38.26,
2017-11-01,63,저금리(~2021),-28.99,-28.76,-28.67,-35.34,
2017-11-02,63,저금리(~2021),-28.41,-29.1,-29.97,-35.99,
2017-11-03,63,저금리(~2021),-23.7,-23.14,-21.79,-24.99,
2017-11-06,63,저금리(~2021),-23.85,-24.39,-23.31,-27.02,
2017-11-07,63,저금리(~2021),-21.24,-20.73,-19.16,-20.84,
2017-11-08,63,저금리(~2021),-23.66,-22.94,-21.6,-24.07,
2017-11-09,63,저금리(~2021),-21.61,-21.49,-21.71,-21.72,
2017-11-10,63,저금리(~2021),-20.17,-20.17,-21.56,-19.74,
2017-11-13,63,저금리(~2021),-14.34,-14.02,-18.46,-11.21,
2017-11-14,63,저금리(~2021),-14.2,-14.5,-18.35,-11.79,
2017-11-15,63,저금리(~2021),-15.41,-15.0,-17.27,-12.4,
2017-11-16,63,저금리(~2021),-12.15,-12.39,-15.6,-9.01,
2017-11-17,63,저금리(~2021),-14.34,-15.07,-16.21,-12.44,
2017-11-20,63,저금리(~2021),-11.86,-11.05,-11.86,-7.43,
2017-11-21,63,저금리(~2021),-12.33,-12.75,-17.46,-9.51,
2017-11-22,63,저금리(~2021),-14.64,-14.99,-19.56,-12.46,
2017-11-23,63,저금리(~2021),-11.51,-12.01,-13.83,-8.74,
2017-11-24,63,저금리(~2021),-11.36,-12.5,-14.74,-9.38,
2017-11-27,63,저금리(~2021),-12.93,-13.01,-13.75,-10.02,
2017-11-28,63,저금리(~2021),-14.23,-14.26,-14.89,-11.73,
2017-11-29,63,저금리(~2021),-15.0,-15.52,-14.39,-13.31,
2017-11-30,63,저금리(~2021),-14.12,-14.39,-12.58,-11.76,
2017-12-01,63,저금리(~2021),-13.02,-13.43,-11.84,-10.57,
2017-12-04,63,저금리(~2021),-14.84,-15.5,-12.33,-13.28,
2017-12-05,63,저금리(~2021),-19.06,-19.95,-17.75,-19.52,
2017-12-06,63,저금리(~2021),-20.09,-20.54,-18.84,-20.43,
2017-12-07,63,저금리(~2021),-21.5,-22.0,-20.66,-22.74,
2017-12-08,63,저금리(~2021),-22.47,-23.39,-23.99,-24.97,
2017-12-11,63,저금리(~2021),-20.23,-20.53,-22.24,-20.66,
2017-12-12,63,저금리(~2021),-19.69,-19.51,-24.35,-19.08,
2017-12-13,63,저금리(~2021),-20.06,-20.74,-24.74,-20.86,
2017-12-14,63,저금리(~2021),-20.11,-20.98,-22.99,-21.23,
2017-12-15,63,저금리(~2021),-18.05,-18.53,-21.39,-17.53,
2017-12-18,63,저금리(~2021),-13.64,-14.57,-15.7,-11.66,
2017-12-19,63,저금리(~2021),-17.5,-18.84,-18.56,-17.21,
2017-12-20,63,저금리(~2021),-18.63,-19.88,-23.16,-18.77,
2017-12-21,63,저금리(~2021),-19.18,-20.9,-24.18,-20.33,
2017-12-22,63,저금리(~2021),-18.17,-18.74,-19.57,-17.33,
2017-12-26,63,저금리(~2021),-17.1,-17.58,-19.24,-15.71,
2017-12-27,63,저금리(~2021),-11.98,-12.22,-12.89,-8.93,
2017-12-28,63,저금리(~2021),-11.62,-13.11,-13.48,-10.03,
2018-01-02,63,저금리(~2021),-9.26,-10.5,-9.02,-6.83,
2018-01-03,63,저금리(~2021),-8.98,-9.95,-7.44,-6.19,
2018-01-04,63,저금리(~2021),-11.35,-12.44,-10.8,-9.32,
2018-01-05,63,저금리(~2021),-8.76,-9.45,-5.7,-5.87,
2018-01-08,63,저금리(~2021),-6.31,-7.27,-3.6,-3.43,
2018-01-09,63,저금리(~2021),-7.92,-8.61,-5.52,-4.96,
2018-01-10,63,저금리(~2021),-6.08,-6.61,-2.94,-2.72,
2018-01-11,63,저금리(~2021),-2.71,-4.21,-0.94,-0.25,
2018-01-12,63,저금리(~2021),1.51,1.31,3.86,4.96,
2018-01-15,63,저금리(~2021),4.96,4.21,5.37,7.53,
2018-01-16,63,저금리(~2021),6.56,5.52,7.68,8.67,
2018-01-17,63,저금리(~2021),5.39,4.33,7.79,7.58,
2018-01-18,63,저금리(~2021),6.45,5.73,8.91,8.77,
2018-01-19,63,저금리(~2021),4.2,3.76,6.77,6.94,
2018-01-22,63,저금리(~2021),4.87,4.19,7.65,7.33,
2018-01-23,63,저금리(~2021),8.24,8.73,11.84,11.02,
2018-01-24,63,저금리(~2021),6.61,5.05,8.3,7.9,
2018-01-25,63,저금리(~2021),4.92,3.14,6.45,6.23,
2018-01-26,63,저금리(~2021),8.61,8.23,11.04,10.65,
2018-01-29,63,저금리(~2021),12.14,12.15,14.77,13.75,
2018-01-30,63,저금리(~2021),12.63,11.99,14.0,13.62,
2018-01-31,63,저금리(~2021),13.6,13.25,15.96,14.62,
2018-02-01,63,저금리(~2021),16.49,16.83,18.15,17.44,
2018-02-02,63,저금리(~2021),10.81,10.53,13.75,13.03,
2018-02-05,63,저금리(~2021),5.99,4.44,7.14,7.59,
2018-02-06,63,저금리(~2021),5.53,4.91,7.65,7.99,
2018-02-07,63,저금리(~2021),3.01,1.93,3.31,5.1,
2018-02-08,63,저금리(~2021),7.28,5.68,7.93,8.28,
2018-02-09,63,저금리(~2021),4.66,3.61,5.19,6.4,
2018-02-12,63,저금리(~2021),3.49,2.21,4.02,5.13,
2018-02-13,63,저금리(~2021),-1.05,-2.41,-0.68,0.53,
2018-02-14,63,저금리(~2021),2.42,2.09,3.94,4.73,
2018-02-19,63,저금리(~2021),7.06,6.57,8.86,8.59,
2018-02-20,63,저금리(~2021),3.42,3.04,5.49,5.43,
2018-02-21,63,저금리(~2021),4.08,3.74,5.8,6.05,
2018-02-22,63,저금리(~2021),3.11,1.71,4.14,4.15,
2018-02-23,63,저금리(~2021),6.25,5.13,7.65,7.29,
2018-02-26,63,저금리(~2021),4.61,3.86,6.42,6.18,
2018-02-27,63,저금리(~2021),3.82,3.08,5.66,5.47,
2018-02-28,63,저금리(~2021),1.53,1.05,3.49,3.53,
2018-03-02,63,저금리(~2021),4.03,2.76,5.21,5.14,
2018-03-05,63,저금리(~2021),2.11,0.98,3.03,3.41,
2018-03-06,63,저금리(~2021),2.67,2.3,3.95,4.6,
2018-03-07,63,저금리(~2021),1.76,1.25,0.85,3.57,
2018-03-08,63,저금리(~2021),3.59,3.02,4.58,5.19,
2018-03-09,63,저금리(~2021),4.14,3.6,4.86,5.71,
2018-03-12,63,저금리(~2021),8.8,8.61,10.17,10.0,
2018-03-13,63,저금리(~2021),8.35,6.85,7.75,8.52,
2018-03-14,63,저금리(~2021),11.79,10.1,11.79,11.31,
2018-03-15,63,저금리(~2021),15.56,14.84,16.42,15.09,
2018-03-16,63,저금리(~2021),11.43,10.5,12.58,11.9,
2018-03-19,63,저금리(~2021),11.91,10.11,12.33,11.57,
2018-03-20,63,저금리(~2021),12.59,10.75,12.98,12.06,
2018-03-21,63,저금리(~2021),10.9,9.22,11.58,10.82,
2018-03-22,63,저금리(~2021),8.93,7.35,9.79,9.22,
2018-03-23,63,저금리(~2021),3.18,2.29,4.16,4.37,
2018-03-26,63,저금리(~2021),10.05,10.14,11.44,10.97,
2018-03-27,63,저금리(~2021),8.51,7.57,9.39,8.87,
2018-03-28,63,저금리(~2021),11.28,11.15,12.51,11.94,
2018-03-29,63,저금리(~2021),13.18,11.04,12.62,11.86,
2018-03-30,63,저금리(~2021),12.91,11.09,12.63,11.9,
2018-04-02,63,저금리(~2021),11.97,10.02,11.64,11.04,
2018-04-03,63,저금리(~2021),9.52,9.11,10.82,10.31,
2018-04-04,63,저금리(~2021),8.58,7.13,8.24,8.65,
2018-04-05,63,저금리(~2021),9.69,9.16,8.33,10.33,
2018-04-06,63,저금리(~2021),12.54,11.63,12.62,12.36,
2018-04-09,63,저금리(~2021),11.27,10.41,11.23,11.42,
2018-04-10,63,저금리(~2021),10.23,8.82,10.33,10.14,
2018-04-11,63,저금리(~2021),11.14,9.66,10.36,10.83,
2018-04-12,63,저금리(~2021),10.97,9.97,11.53,11.09,
2018-04-13,63,저금리(~2021),13.05,12.2,13.54,12.86,
2018-04-16,63,저금리(~2021),15.57,14.51,15.88,14.66,
2018-04-17,63,저금리(~2021),16.73,14.96,16.6,15.0,
2018-04-18,63,저금리(~2021),21.49,20.2,21.16,18.89,
2018-04-19,63,저금리(~2021),19.59,18.89,19.77,17.97,
2018-04-20,63,저금리(~2021),22.63,21.21,21.86,19.57,
2018-04-23,63,저금리(~2021),17.23,15.96,17.43,15.93,
2018-04-24,63,저금리(~2021),15.0,13.12,14.7,13.8,
2018-04-25,63,저금리(~2021),16.54,15.32,16.8,15.47,
2018-04-26,63,저금리(~2021),16.18,14.95,16.59,15.2,
2018-04-27,63,저금리(~2021),14.48,14.42,16.32,14.83,
2018-04-30,63,저금리(~2021),14.61,13.46,15.21,14.07,
2018-05-02,63,저금리(~2021),11.9,10.09,12.11,11.45,
2018-05-03,63,저금리(~2021),12.68,11.23,13.07,12.39,
2018-05-04,63,저금리(~2021),8.86,7.12,8.56,8.97,
2018-05-08,63,저금리(~2021),4.67,2.05,2.7,4.18,
2018-05-09,63,저금리(~2021),7.91,6.93,8.18,8.25,
2018-05-10,63,저금리(~2021),8.2,7.68,8.63,8.9,
2018-05-11,63,저금리(~2021),13.95,12.07,12.8,12.53,
2018-05-14,63,저금리(~2021),10.25,9.23,9.73,10.21,
2018-05-15,63,저금리(~2021),11.73,10.54,11.71,11.26,
2018-05-16,63,저금리(~2021),8.99,8.03,9.66,9.23,
2018-05-17,63,저금리(~2021),10.84,10.68,12.12,11.39,
2018-05-18,63,저금리(~2021),8.82,7.98,9.81,9.28,
2018-05-21,63,저금리(~2021),9.71,8.97,9.74,10.12,
2018-05-23,63,저금리(~2021),8.31,7.39,7.74,8.81,
2018-05-24,63,저금리(~2021),8.18,7.38,6.92,8.8,
2018-05-25,63,저금리(~2021),8.0,7.29,7.63,8.72,
2018-05-28,63,저금리(~2021),9.62,9.19,10.0,10.33,
2018-05-29,63,저금리(~2021),6.05,5.8,6.05,7.43,
2018-05-30,63,저금리(~2021),7.99,7.3,7.95,8.7,
2018-05-31,63,저금리(~2021),5.76,5.3,6.25,7.01,
2018-06-01,63,저금리(~2021),6.02,5.23,5.75,6.95,
2018-06-04,63,저금리(~2021),2.81,2.55,3.35,4.54,
2018-06-05,63,저금리(~2021),4.7,3.99,4.63,5.89,
2018-06-07,63,저금리(~2021),7.12,6.15,7.02,7.79,
2018-06-08,63,저금리(~2021),5.11,4.43,5.34,6.24,
2018-06-11,63,저금리(~2021),5.2,4.63,5.89,6.42,
2018-06-12,63,저금리(~2021),4.39,4.08,4.78,5.93,
2018-06-14,63,저금리(~2021),1.72,0.76,-0.06,2.83,
2018-06-15,63,저금리(~2021),1.48,1.82,1.16,3.84,
2018-06-18,63,저금리(~2021),-3.09,-2.66,-3.43,-0.67,
2018-06-19,63,저금리(~2021),-5.46,-5.27,-4.92,-3.57,
2018-06-20,63,저금리(~2021),-2.16,-2.08,-2.61,-0.36,
2018-06-21,63,저금리(~2021),-4.38,-3.85,-3.15,-2.26,
2018-06-22,63,저금리(~2021),-1.9,-0.88,-1.2,0.79,
2018-06-25,63,저금리(~2021),-1.68,-1.27,-1.9,0.4,
2018-06-26,63,저금리(~2021),-3.26,-3.06,-4.3,-1.43,
2018-06-27,63,저금리(~2021),-2.6,-2.72,-2.71,-1.06,
2018-06-28,63,저금리(~2021),-3.87,-4.24,-3.68,-2.71,
2018-06-29,63,저금리(~2021),0.86,1.32,1.42,3.04,
2018-07-02,63,저금리(~2021),-2.12,-1.87,-0.82,-0.26,
2018-07-03,63,저금리(~2021),1.23,2.08,2.94,3.61,
2018-07-04,63,저금리(~2021),2.61,3.35,3.68,4.81,
2018-07-05,63,저금리(~2021),4.31,4.87,4.92,6.21,
2018-07-06,63,저금리(~2021),11.77,11.62,10.83,12.0,
2018-07-09,63,저금리(~2021),7.19,7.83,8.33,9.05,
2018-07-10,63,저금리(~2021),10.09,9.88,10.03,10.79,
2018-07-11,63,저금리(~2021),5.61,6.07,7.02,7.55,
2018-07-12,63,저금리(~2021),6.67,6.34,6.61,7.78,
2018-07-13,63,저금리(~2021),9.75,9.84,7.58,10.73,
2018-07-16,63,저금리(~2021),6.87,6.77,5.34,8.21,
2018-07-17,63,저금리(~2021),4.51,4.58,2.83,6.26,
2018-07-18,63,저금리(~2021),7.01,7.0,6.08,8.48,
2018-07-19,63,저금리(~2021),7.95,7.43,5.25,8.87,
2018-07-20,63,저금리(~2021),8.25,8.59,7.28,9.86,
2018-07-23,63,저금리(~2021),6.21,7.37,5.15,8.74,
2018-07-24,63,저금리(~2021),9.12,9.69,6.1,10.74,
2018-07-25,63,저금리(~2021),4.53,5.42,1.93,7.15,
2018-07-26,63,저금리(~2021),9.53,9.23,6.32,10.35,
2018-07-27,63,저금리(~2021),10.09,10.04,7.44,11.01,
2018-07-30,63,저금리(~2021),1.92,2.24,2.66,4.5,
2018-07-31,63,저금리(~2021),3.46,3.71,4.64,5.81,
2018-08-01,63,저금리(~2021),6.99,6.14,7.14,7.93,
2018-08-02,63,저금리(~2021),6.48,6.63,7.1,8.37,
2018-08-03,63,저금리(~2021),6.72,6.5,7.01,8.27,
2018-08-06,63,저금리(~2021),6.97,7.4,7.72,9.07,
2018-08-07,63,저금리(~2021),11.73,11.98,12.19,12.86,
2018-08-08,63,저금리(~2021),11.18,11.79,12.05,12.71,
2018-08-09,63,저금리(~2021),12.67,12.37,12.95,13.15,
2018-08-10,63,저금리(~2021),8.76,7.92,8.46,9.63,
2018-08-13,63,저금리(~2021),3.18,3.62,2.84,5.82,
2018-08-14,63,저금리(~2021),1.72,1.85,1.61,4.22,
2018-08-16,63,저금리(~2021),4.21,4.12,2.92,6.36,
2018-08-17,63,저금리(~2021),5.26,4.78,4.49,6.93,
2018-08-20,63,저금리(~2021),4.57,4.52,2.97,6.7,
2018-08-21,63,저금리(~2021),10.06,9.69,8.6,10.99,
2018-08-22,63,저금리(~2021),6.4,6.01,4.18,7.95,
2018-08-23,63,저금리(~2021),6.99,6.87,3.37,8.68,
2018-08-24,63,저금리(~2021),8.78,8.81,6.02,10.3,
2018-08-27,63,저금리(~2021),11.57,11.31,8.99,12.31,
2018-08-28,63,저금리(~2021),9.92,9.28,6.98,10.67,
2018-08-29,63,저금리(~2021),7.16,7.46,8.57,9.21,
2018-08-30,63,저금리(~2021),8.17,8.37,9.84,9.98,
2018-08-31,63,저금리(~2021),12.32,12.42,14.04,13.2,
2018-09-03,63,저금리(~2021),16.01,16.1,17.56,16.04,
2018-09-04,63,저금리(~2021),16.13,16.01,17.54,15.98,
2018-09-05,63,저금리(~2021),16.47,16.1,17.38,16.05,
2018-09-06,63,저금리(~2021),17.37,17.66,18.49,17.18,
2018-09-07,63,저금리(~2021),13.88,13.57,14.37,14.3,
2018-09-10,63,저금리(~2021),13.89,13.88,14.94,14.53,
2018-09-11,63,저금리(~2021),18.57,18.89,20.45,18.2,
2018-09-12,63,저금리(~2021),20.24,21.6,22.81,20.0,
2018-09-13,63,저금리(~2021),21.41,21.87,23.27,20.18,
2018-09-14,63,저금리(~2021),19.64,20.08,21.35,19.04,
2018-09-17,63,저금리(~2021),19.77,19.83,21.1,18.87,
2018-09-18,63,저금리(~2021),18.92,19.41,19.92,18.59,
2018-09-19,63,저금리(~2021),19.31,19.58,19.75,18.7,
2018-09-20,63,저금리(~2021),16.98,16.54,15.69,16.59,
2018-09-21,63,저금리(~2021),17.8,18.19,15.32,17.75,
2018-09-27,63,저금리(~2021),19.18,19.66,17.64,18.75,
2018-09-28,63,저금리(~2021),19.61,19.86,17.97,18.89,
2018-10-01,63,저금리(~2021),21.98,22.48,20.4,20.68,
2018-10-02,63,저금리(~2021),15.79,15.82,16.78,16.01,
2018-10-04,63,저금리(~2021),13.99,13.72,15.26,14.47,
2018-10-05,63,저금리(~2021),12.79,12.88,14.78,13.81,
2018-10-08,63,저금리(~2021),10.1,10.24,12.2,11.75,
2018-10-10,63,저금리(~2021),7.96,8.14,10.53,10.01,
2018-10-11,63,저금리(~2021),3.32,3.29,5.64,5.62,
2018-10-12,63,저금리(~2021),9.29,9.47,10.57,10.84,
2018-10-15,63,저금리(~2021),5.01,5.62,6.86,7.56,
2018-10-16,63,저금리(~2021),6.99,7.13,8.4,8.84,
2018-10-17,63,저금리(~2021),9.86,10.39,12.05,11.54,
2018-10-18,63,저금리(~2021),6.0,6.47,8.35,8.27,
2018-10-19,63,저금리(~2021),9.08,9.68,11.33,10.92,
2018-10-22,63,저금리(~2021),10.05,10.78,12.42,11.8,
2018-10-23,63,저금리(~2021),6.62,7.46,9.48,8.97,
2018-10-24,63,저금리(~2021),2.31,2.85,4.99,4.84,
2018-10-25,63,저금리(~2021),0.0,0.18,2.3,2.31,
2018-10-26,63,저금리(~2021),-3.76,-4.33,-2.57,-2.43,
2018-10-29,63,저금리(~2021),-6.46,-6.71,-5.54,-5.13,
2018-10-30,63,저금리(~2021),-5.26,-5.43,-3.92,-3.75,
2018-10-31,63,저금리(~2021),-7.53,-7.06,-5.76,-5.58,
2018-11-01,63,저금리(~2021),-7.59,-7.27,-6.6,-5.82,
2018-11-02,63,저금리(~2021),-3.69,-3.54,-3.03,-2.02,
2018-11-05,63,저금리(~2021),-3.21,-2.5,-1.53,-0.92,
2018-11-06,63,저금리(~2021),-4.59,-4.1,-3.48,-2.6,
2018-11-07,63,저금리(~2021),-5.47,-5.25,-4.13,-3.88,
2018-11-08,63,저금리(~2021),-5.81,-5.37,-4.47,-4.0,
2018-11-09,63,저금리(~2021),-7.6,-7.62,-6.64,-6.62,
2018-11-12,63,저금리(~2021),-10.24,-9.75,-9.04,-9.23,
2018-11-13,63,저금리(~2021),-10.98,-11.28,-10.81,-11.09,
2018-11-14,63,저금리(~2021),-11.51,-11.0,-10.58,-10.75,
2018-11-15,63,저금리(~2021),-9.34,-8.97,-8.98,-8.36,
2018-11-16,63,저금리(~2021),-7.54,-6.99,-6.61,-6.06,
2018-11-19,63,저금리(~2021),-4.78,-4.5,-4.4,-3.34,
2018-11-20,63,저금리(~2021),-8.16,-7.97,-7.9,-7.27,
2018-11-21,63,저금리(~2021),-6.73,-6.08,-6.01,-5.13,
2018-11-22,63,저금리(~2021),-7.62,-7.74,-7.44,-7.0,
2018-11-23,63,저금리(~2021),-7.16,-6.75,-5.85,-5.83,
2018-11-26,63,저금리(~2021),-7.62,-7.19,-6.57,-6.31,
2018-11-27,63,저금리(~2021),-7.03,-6.55,-6.0,-5.57,
2018-11-28,63,저금리(~2021),-6.11,-6.47,-5.68,-5.48,
2018-11-29,63,저금리(~2021),-5.6,-5.13,-4.16,-3.95,
2018-11-30,63,저금리(~2021),-5.14,-4.74,-4.35,-3.52,
2018-12-03,63,저금리(~2021),-3.02,-3.57,-3.33,-2.32,
2018-12-04,63,저금리(~2021),-6.62,-6.63,-6.2,-5.6,
2018-12-05,63,저금리(~2021),-7.59,-7.82,-7.61,-6.99,
2018-12-06,63,저금리(~2021),-9.79,-10.09,-9.46,-9.81,
2018-12-07,63,저금리(~2021),-7.05,-7.19,-6.62,-6.4,
2018-12-10,63,저금리(~2021),-9.34,-9.47,-8.81,-9.12,
2018-12-11,63,저금리(~2021),-9.47,-9.74,-9.23,-9.45,
2018-12-12,63,저금리(~2021),-6.75,-6.81,-6.45,-6.13,
2018-12-13,63,저금리(~2021),-5.51,-5.8,-5.6,-4.98,
2018-12-14,63,저금리(~2021),-8.43,-8.75,-9.06,-8.47,
2018-12-17,63,저금리(~2021),-6.15,-6.88,-6.75,-6.23,
2018-12-18,63,저금리(~2021),-7.78,-8.46,-8.21,-8.03,
2018-12-19,63,저금리(~2021),-3.83,-4.27,-4.64,-3.36,
2018-12-20,63,저금리(~2021),-3.26,-3.8,-4.1,-2.84,
2018-12-21,63,저금리(~2021),-4.13,-4.61,-4.67,-3.68,
2018-12-24,63,저금리(~2021),-4.87,-5.61,-4.94,-4.78,
2018-12-26,63,저금리(~2021),-4.42,-4.68,-4.45,-3.79,
2018-12-27,63,저금리(~2021),-6.28,-6.81,-6.47,-6.13,
2018-12-28,63,저금리(~2021),-6.01,-6.49,-5.92,-5.76,
2019-01-02,63,저금리(~2021),-7.18,-7.54,-6.79,-6.99,
2019-01-03,63,저금리(~2021),-9.31,-9.57,-9.2,-9.46,
2019-01-04,63,저금리(~2021),-8.13,-8.46,-8.13,-8.17,
2019-01-07,63,저금리(~2021),-7.73,-7.84,-7.67,-7.45,
2019-01-08,63,저금리(~2021),-9.26,-9.61,-9.61,-9.56,
2019-01-09,63,저금리(~2021),-8.08,-8.49,-8.19,-8.24,
2019-01-10,63,저금리(~2021),-7.45,-7.97,-7.66,-7.63,
2019-01-11,63,저금리(~2021),-7.46,-7.5,-7.1,-7.09,
2019-01-14,63,저금리(~2021),-8.77,-9.19,-8.95,-9.12,
2019-01-15,63,저금리(~2021),-5.53,-6.14,-5.95,-5.53,
2019-01-16,63,저금리(~2021),-7.21,-7.63,-7.55,-7.22,
2019-01-17,63,저금리(~2021),-8.71,-9.1,-9.49,-8.97,
2019-01-18,63,저금리(~2021),-7.02,-7.2,-7.25,-6.77,
2019-01-21,63,저금리(~2021),-7.04,-7.46,-7.39,-7.08,
2019-01-22,63,저금리(~2021),-6.29,-6.83,-7.31,-6.35,
2019-01-23,63,저금리(~2021),-5.47,-5.99,-6.42,-5.39,
2019-01-24,63,저금리(~2021),-5.48,-6.11,-6.33,-5.52,
2019-01-25,63,저금리(~2021),-4.57,-5.41,-4.9,-4.74,
2019-01-28,63,저금리(~2021),-4.12,-4.49,-4.41,-3.74,
2019-01-29,63,저금리(~2021),-4.05,-4.52,-4.37,-3.78,
2019-01-30,63,저금리(~2021),-1.97,-1.95,-1.58,-1.05,
2019-01-31,63,저금리(~2021),0.07,-0.17,0.56,0.77,
2019-02-01,63,저금리(~2021),2.9,2.79,3.41,3.7,
2019-02-07,63,저금리(~2021),5.35,4.75,5.26,5.47,
2019-02-08,63,저금리(~2021),7.85,7.34,7.01,7.82,
2019-02-11,63,저금리(~2021),9.04,8.71,8.48,8.97,
2019-02-12,63,저금리(~2021),5.14,4.46,4.86,5.34,
2019-02-13,63,저금리(~2021),8.67,8.21,8.59,8.61,
2019-02-14,63,저금리(~2021),9.48,8.9,9.09,9.21,
2019-02-15,63,저금리(~2021),11.11,10.2,10.07,10.3,
2019-02-18,63,저금리(~2021),12.04,11.59,11.87,11.4,
2019-02-19,63,저금리(~2021),12.41,12.11,12.15,11.81,
2019-02-20,63,저금리(~2021),15.07,14.81,14.42,13.91,
2019-02-21,63,저금리(~2021),15.5,14.93,14.16,14.0,
2019-02-22,63,저금리(~2021),15.07,14.42,13.97,13.61,
2019-02-25,63,저금리(~2021),13.58,13.03,13.17,12.6,
2019-02-26,63,저금리(~2021),15.76,15.08,14.95,14.2,
2019-02-27,63,저금리(~2021),16.8,16.37,15.93,15.14,
2019-02-28,63,저금리(~2021),12.93,12.24,12.21,11.99,
2019-03-04,63,저금리(~2021),15.75,15.14,14.93,14.13,
2019-03-05,63,저금리(~2021),15.34,14.78,14.78,13.87,
2019-03-06,63,저금리(~2021),13.45,13.14,13.57,12.62,
2019-03-07,63,저금리(~2021),10.55,9.99,10.58,10.06,
2019-03-08,63,저금리(~2021),9.81,9.38,10.08,9.56,
2019-03-11,63,저금리(~2021),9.79,9.84,10.5,9.93,
2019-03-12,63,저금리(~2021),14.04,13.89,13.86,13.08,
2019-03-13,63,저금리(~2021),13.24,12.5,12.43,12.02,
2019-03-14,63,저금리(~2021),13.87,12.67,13.08,12.16,
2019-03-15,63,저금리(~2021),13.01,11.76,12.0,11.42,
2019-03-18,63,저금리(~2021),14.78,13.68,13.74,12.93,
2019-03-19,63,저금리(~2021),12.3,10.86,10.58,10.71,
2019-03-20,63,저금리(~2021),10.93,9.6,9.72,9.7,
2019-03-21,63,저금리(~2021),10.72,9.36,9.32,9.49,
2019-03-22,63,저금리(~2021),11.77,10.32,9.84,10.29,
2019-03-25,63,저금리(~2021),9.61,8.15,7.35,8.43,
2019-03-26,63,저금리(~2021),11.33,10.11,9.45,10.03,
2019-03-27,63,저금리(~2021),13.16,11.93,11.98,11.57,
2019-03-28,63,저금리(~2021),14.33,13.15,12.99,12.56,
2019-03-29,63,저금리(~2021),13.58,11.89,11.56,11.63,
2019-04-01,63,저금리(~2021),15.21,13.46,13.27,12.85,
2019-04-02,63,저금리(~2021),15.62,14.4,14.24,13.57,
2019-04-03,63,저금리(~2021),18.56,17.01,16.81,15.47,
2019-04-04,63,저금리(~2021),16.97,15.41,15.67,14.31,
2019-04-05,63,저금리(~2021),20.22,18.46,18.57,16.61,
2019-04-08,63,저금리(~2021),22.56,20.84,20.54,18.29,
2019-04-09,63,저금리(~2021),22.08,20.35,20.01,17.96,
2019-04-10,63,저금리(~2021),20.72,18.97,18.65,17.03,
2019-04-11,63,저금리(~2021),21.3,19.69,19.06,17.53,
2019-04-12,63,저금리(~2021),22.03,20.89,20.71,18.36,
2019-04-15,63,저금리(~2021),21.33,19.7,19.58,17.55,
2019-04-16,63,저금리(~2021),22.91,21.52,21.17,18.81,
2019-04-17,63,저금리(~2021),23.43,21.8,20.83,18.99,
2019-04-18,63,저금리(~2021),17.98,16.37,16.12,15.23,
2019-04-19,63,저금리(~2021),19.94,18.65,18.25,16.84,
2019-04-22,63,저금리(~2021),21.13,19.52,18.65,17.45,
2019-04-23,63,저금리(~2021),22.21,20.16,19.05,17.89,
2019-04-24,63,저금리(~2021),22.58,20.84,19.72,18.37,
2019-04-25,63,저금리(~2021),22.89,21.05,20.98,18.51,
2019-04-26,63,저금리(~2021),25.62,23.54,23.14,20.23,
2019-04-29,63,저금리(~2021),26.98,25.33,24.07,21.34,
2019-04-30,63,저금리(~2021),26.29,24.7,23.96,20.95,
2019-05-02,63,저금리(~2021),28.09,26.74,25.8,22.24,
2019-05-03,63,저금리(~2021),33.09,31.24,29.61,25.02,
2019-05-07,63,저금리(~2021),42.25,41.02,36.69,30.79,
2019-05-08,63,저금리(~2021),42.79,40.74,37.22,30.66,
2019-05-09,63,저금리(~2021),35.79,33.59,31.92,26.94,
2019-05-10,63,저금리(~2021),30.61,29.28,28.54,24.58,
2019-05-13,63,저금리(~2021),27.66,25.58,24.88,22.29,
2019-05-14,63,저금리(~2021),27.67,25.64,24.74,22.32,
2019-05-15,63,저금리(~2021),33.1,31.37,30.07,25.66,
2019-05-16,63,저금리(~2021),28.26,26.82,26.24,23.0,
2019-05-17,63,저금리(~2021),28.05,26.34,25.99,22.7,
2019-05-20,63,저금리(~2021),24.74,22.84,22.6,20.48,
2019-05-21,63,저금리(~2021),21.69,20.76,20.59,19.14,
2019-05-22,63,저금리(~2021),19.7,18.08,18.84,17.35,
2019-05-23,63,저금리(~2021),18.22,16.67,17.39,16.33,
2019-05-24,63,저금리(~2021),18.05,16.58,17.21,16.26,
2019-05-27,63,저금리(~2021),24.13,22.12,21.87,20.24,
2019-05-28,63,저금리(~2021),25.89,23.98,24.56,21.4,
2019-05-29,63,저금리(~2021),17.92,16.82,18.62,16.63,
2019-05-30,63,저금리(~2021),18.5,17.13,18.47,16.85,
2019-05-31,63,저금리(~2021),17.83,16.51,18.25,16.42,
2019-06-03,63,저금리(~2021),15.83,14.53,16.35,15.01,
2019-06-04,63,저금리(~2021),16.71,15.18,16.2,15.49,
2019-06-05,63,저금리(~2021),15.28,14.3,9.84,14.85,
2019-06-07,63,저금리(~2021),15.18,13.45,8.69,14.23,
2019-06-10,63,저금리(~2021),16.2,14.58,11.87,15.07,
2019-06-11,63,저금리(~2021),18.57,16.96,15.84,16.79,
2019-06-12,63,저금리(~2021),18.53,16.85,15.96,16.72,
2019-06-13,63,저금리(~2021),16.8,15.54,14.12,15.81,
2019-06-14,63,저금리(~2021),12.84,11.95,9.49,13.13,
2019-06-17,63,저금리(~2021),11.38,10.66,9.11,12.12,
2019-06-18,63,저금리(~2021),10.53,10.0,8.69,11.58,
2019-06-19,63,저금리(~2021),11.54,11.09,10.06,12.44,
2019-06-20,63,저금리(~2021),12.92,12.08,11.42,13.2,
2019-06-21,63,저금리(~2021),12.65,11.93,12.65,13.09,
2019-06-24,63,저금리(~2021),15.76,14.61,15.74,15.19,
2019-06-25,63,저금리(~2021),16.69,15.88,17.05,16.15,
2019-06-26,63,저금리(~2021),14.78,13.68,12.83,14.54,
2019-06-27,63,저금리(~2021),11.94,10.96,11.34,12.36,
2019-06-28,63,저금리(~2021),9.83,9.01,10.86,10.75,
2019-07-01,63,저금리(~2021),9.61,9.06,9.97,10.79,
2019-07-02,63,저금리(~2021),10.39,10.32,12.13,11.84,
2019-07-03,63,저금리(~2021),10.01,9.55,11.52,11.21,
2019-07-04,63,저금리(~2021),5.16,4.86,5.98,7.37,
2019-07-05,63,저금리(~2021),5.21,4.4,0.49,6.96,
2019-07-08,63,저금리(~2021),2.06,1.92,-1.77,4.6,
2019-07-09,63,저금리(~2021),0.42,-0.36,-1.71,2.37,
2019-07-10,63,저금리(~2021),-0.84,-1.41,-1.56,1.36,
2019-07-11,63,저금리(~2021),-0.12,-0.58,-1.23,2.17,
2019-07-12,63,저금리(~2021),-0.79,-1.36,-2.17,1.4,
2019-07-15,63,저금리(~2021),-0.42,-1.23,-2.66,1.53,
2019-07-16,63,저금리(~2021),0.91,0.21,-0.61,2.95,
2019-07-17,63,저금리(~2021),-2.29,-3.35,-4.03,-0.61,
2019-07-18,63,저금리(~2021),-5.03,-5.86,-6.29,-3.23,
2019-07-19,63,저금리(~2021),-5.75,-6.52,-7.17,-3.92,
2019-07-22,63,저금리(~2021),-5.32,-5.99,-5.54,-3.33,
2019-07-23,63,저금리(~2021),-3.63,-3.88,-3.15,-0.97,
2019-07-24,63,저금리(~2021),-4.38,-5.04,-4.82,-2.22,
2019-07-25,63,저금리(~2021),-6.71,-7.26,-8.47,-4.66,
2019-07-26,63,저금리(~2021),-7.4,-8.04,-8.56,-5.56,
2019-07-29,63,저금리(~2021),-10.74,-11.32,-10.81,-9.59,
2019-07-30,63,저금리(~2021),-11.08,-11.65,-10.93,-9.99,
2019-07-31,63,저금리(~2021),-11.44,-11.9,-11.56,-10.29,
2019-08-01,63,저금리(~2021),-13.41,-14.09,-13.67,-13.12,
2019-08-02,63,저금리(~2021),-15.36,-15.78,-14.34,-15.53,
2019-08-05,63,저금리(~2021),-21.43,-22.42,-22.85,-26.49,
2019-08-06,63,저금리(~2021),-22.63,-23.19,-24.14,-27.76,
2019-08-07,63,저금리(~2021),-19.82,-20.19,-20.36,-23.03,
2019-08-08,63,저금리(~2021),-17.76,-18.34,-17.96,-20.36,
2019-08-09,63,저금리(~2021),-16.9,-17.37,-16.91,-18.92,
2019-08-12,63,저금리(~2021),-17.17,-17.59,-17.24,-19.23,
2019-08-13,63,저금리(~2021),-19.6,-19.88,-20.17,-22.65,
2019-08-14,63,저금리(~2021),-17.87,-18.28,-18.33,-20.29,
2019-08-16,63,저금리(~2021),-16.72,-17.18,-17.07,-18.65,
2019-08-19,63,저금리(~2021),-13.98,-14.37,-14.33,-14.7,
2019-08-20,63,저금리(~2021),-9.86,-11.06,-11.63,-10.44,
2019-08-21,63,저금리(~2021),-7.84,-8.53,-8.56,-7.43,
2019-08-22,63,저금리(~2021),-10.92,-11.48,-10.85,-10.93,
2019-08-23,63,저금리(~2021),-12.13,-12.99,-12.78,-12.86,
2019-08-26,63,저금리(~2021),-16.03,-16.34,-17.0,-17.65,
2019-08-27,63,저금리(~2021),-13.57,-13.55,-14.16,-13.82,
2019-08-28,63,저금리(~2021),-8.5,-9.14,-9.95,-8.39,
2019-08-29,63,저금리(~2021),-9.86,-10.77,-11.19,-10.35,
2019-08-30,63,저금리(~2021),-6.68,-6.94,-8.35,-5.79,
2019-09-02,63,저금리(~2021),-4.23,-4.74,-6.58,-3.39,
2019-09-03,63,저금리(~2021),-3.87,-4.39,-4.84,-3.0,
2019-09-04,63,저금리(~2021),-4.11,-4.62,-4.34,-3.25,
2019-09-05,63,저금리(~2021),-3.45,-3.62,-3.32,-2.18,
2019-09-06,63,저금리(~2021),-3.33,-3.47,-2.91,-2.02,
2019-09-09,63,저금리(~2021),-3.82,-4.18,-3.92,-2.79,
2019-09-10,63,저금리(~2021),-6.88,-7.75,-7.09,-6.69,
2019-09-11,63,저금리(~2021),-6.04,-6.99,-6.08,-5.85,
2019-09-16,63,저금리(~2021),-3.81,-4.11,-3.27,-2.72,
2019-09-17,63,저금리(~2021),-4.73,-5.4,-4.37,-4.08,
2019-09-18,63,저금리(~2021),-4.47,-5.47,-4.25,-4.16,
2019-09-19,63,저금리(~2021),-5.0,-5.91,-5.0,-4.64,
2019-09-20,63,저금리(~2021),-5.25,-5.87,-5.99,-4.59,
2019-09-23,63,저금리(~2021),-6.9,-7.46,-7.57,-6.4,
2019-09-24,63,저금리(~2021),-8.59,-8.66,-8.23,-7.87,
2019-09-25,63,저금리(~2021),-12.3,-12.93,-12.97,-13.1,
2019-09-26,63,저금리(~2021),-12.59,-13.09,-13.3,-13.29,
2019-09-27,63,저금리(~2021),-14.54,-15.05,-15.95,-15.88,
2019-09-30,63,저금리(~2021),-14.93,-15.48,-17.1,-16.49,
2019-10-01,63,저금리(~2021),-10.85,-11.53,-12.11,-11.36,
2019-10-02,63,저금리(~2021),-9.75,-10.52,-12.22,-10.04,
2019-10-04,63,저금리(~2021),-11.43,-12.63,-15.01,-12.62,
2019-10-07,63,저금리(~2021),-4.78,-5.69,-6.17,-4.31,
2019-10-08,63,저금리(~2021),-8.12,-8.57,-8.57,-7.41,
2019-10-10,63,저금리(~2021),-9.28,-10.69,-11.07,-9.94,
2019-10-11,63,저금리(~2021),-10.41,-10.9,-11.17,-10.2,
2019-10-14,63,저금리(~2021),-8.21,-8.54,-8.78,-7.4,
2019-10-15,63,저금리(~2021),-7.07,-7.89,-7.05,-6.65,
2019-10-16,63,저금리(~2021),-7.31,-7.97,-6.98,-6.74,
2019-10-17,63,저금리(~2021),-8.21,-8.85,-8.33,-7.78,
2019-10-18,63,저금리(~2021),-8.26,-8.7,-7.72,-7.61,
2019-10-21,63,저금리(~2021),-4.98,-5.69,-4.28,-4.19,
2019-10-22,63,저금리(~2021),-4.79,-5.7,-4.55,-4.21,
2019-10-23,63,저금리(~2021),-0.97,-1.02,-0.26,0.65,
2019-10-24,63,저금리(~2021),2.19,1.35,2.41,3.08,
2019-10-25,63,저금리(~2021),-1.7,-2.83,-1.27,-1.16,
2019-10-28,63,저금리(~2021),0.31,-0.02,1.63,1.75,
2019-10-29,63,저금리(~2021),3.57,2.65,3.78,4.31,
2019-10-30,63,저금리(~2021),1.65,0.8,1.22,2.58,
2019-10-31,63,저금리(~2021),-0.06,-0.76,-0.72,1.08,
2019-11-01,63,저금리(~2021),1.09,0.04,0.85,1.87,
2019-11-04,63,저금리(~2021),-0.06,-0.75,-0.34,1.11,
2019-11-05,63,저금리(~2021),1.12,0.53,0.32,2.36,
2019-11-06,63,저금리(~2021),-1.23,-2.21,-1.96,-0.4,
2019-11-07,63,저금리(~2021),-2.82,-3.58,-3.13,-1.83,
2019-11-08,63,저금리(~2021),-3.52,-3.91,-3.76,-2.18,
2019-11-11,63,저금리(~2021),-4.68,-5.01,-4.93,-3.38,
2019-11-12,63,저금리(~2021),-3.39,-4.3,-4.27,-2.61,
2019-11-13,63,저금리(~2021),-5.23,-5.84,-4.87,-4.3,
2019-11-14,63,저금리(~2021),-3.35,-3.73,-2.62,-1.98,
2019-11-15,63,저금리(~2021),-1.93,-2.91,-2.05,-1.14,
2019-11-18,63,저금리(~2021),-1.48,-2.35,-0.93,-0.55,
2019-11-19,63,저금리(~2021),-0.94,-1.51,0.03,0.34,
2019-11-20,63,저금리(~2021),0.49,-0.04,0.7,1.9,
2019-11-21,63,저금리(~2021),-5.11,-5.2,-3.7,-3.35,
2019-11-22,63,저금리(~2021),-5.51,-5.89,-4.16,-4.11,
2019-11-25,63,저금리(~2021),-1.17,-1.8,-0.02,0.17,
2019-11-26,63,저금리(~2021),3.1,2.57,4.44,4.56,
2019-11-27,63,저금리(~2021),-0.68,-0.89,0.73,1.29,
2019-11-28,63,저금리(~2021),-2.11,-2.92,-1.96,-0.83,
2019-11-29,63,저금리(~2021),-5.12,-5.72,-4.98,-3.83,
2019-12-02,63,저금리(~2021),-5.47,-5.68,-4.25,-3.79,
2019-12-03,63,저금리(~2021),-6.04,-6.74,-5.42,-5.01,
2019-12-04,63,저금리(~2021),-2.71,-3.2,-2.48,-1.01,
2019-12-05,63,저금리(~2021),-5.49,-6.19,-4.99,-4.18,
2019-12-06,63,저금리(~2021),0.77,0.03,0.38,2.47,
2019-12-09,63,저금리(~2021),4.71,5.12,4.03,7.44,
2019-12-10,63,저금리(~2021),10.09,9.39,6.79,11.23,
2019-12-11,63,저금리(~2021),13.68,12.36,8.7,13.65,
2019-12-12,63,저금리(~2021),11.09,9.95,8.75,11.9,
2019-12-13,63,저금리(~2021),19.53,19.55,16.55,19.38,
2019-12-16,63,저금리(~2021),29.33,29.97,22.08,26.53,
2019-12-17,63,저금리(~2021),18.72,20.29,19.21,21.27,
2019-12-18,63,저금리(~2021),25.49,26.55,24.25,25.42,
2019-12-19,63,저금리(~2021),13.49,13.52,17.39,17.82,
2019-12-20,63,저금리(~2021),9.89,10.34,15.17,15.53,
2019-12-23,63,저금리(~2021),10.93,9.91,15.38,15.21,
2019-12-24,63,저금리(~2021),7.35,6.45,12.31,12.44,
2019-12-26,63,저금리(~2021),7.17,8.79,15.58,14.26,
2019-12-27,63,저금리(~2021),2.97,3.7,11.01,10.39,
2019-12-30,63,저금리(~2021),9.0,9.7,16.96,15.43,
2020-01-02,63,저금리(~2021),5.06,5.19,12.92,11.95,
2020-01-03,63,저금리(~2021),3.3,3.1,10.68,10.15,
2020-01-06,63,저금리(~2021),-4.02,-3.54,3.83,3.99,
2020-01-07,63,저금리(~2021),-2.57,-1.77,5.33,5.66,
2020-01-08,63,저금리(~2021),-5.02,-4.77,1.93,2.54,
2020-01-09,63,저금리(~2021),-1.23,-1.59,4.13,5.52,
2020-01-10,63,저금리(~2021),0.13,1.14,4.9,8.06,
2020-01-13,63,저금리(~2021),3.37,3.14,4.74,9.87,
2020-01-14,63,저금리(~2021),0.07,0.24,-1.22,7.31,
2020-01-15,63,저금리(~2021),-2.89,-3.21,-2.48,4.12,
2020-01-16,63,저금리(~2021),-3.45,-3.07,-8.82,4.26,
2020-01-17,63,저금리(~2021),-2.85,-3.08,-21.39,4.24,
2020-01-20,63,저금리(~2021),-2.76,-2.7,-8.72,4.62,
2020-01-21,63,저금리(~2021),-5.25,-4.45,-16.86,2.87,
2020-01-22,63,저금리(~2021),-3.71,-3.27,-5.08,4.01,
2020-01-23,63,저금리(~2021),-3.08,-2.98,-1.48,4.31,
2020-01-28,63,저금리(~2021),-8.72,-8.43,-7.22,-1.46,
2020-01-29,63,저금리(~2021),-7.16,-6.68,-4.07,0.42,
2020-01-30,63,저금리(~2021),-8.94,-8.96,-5.43,-2.13,
2020-01-31,63,저금리(~2021),-9.66,-9.05,-2.99,-2.24,
2020-02-03,63,저금리(~2021),-11.11,-10.72,-7.17,-4.07,
2020-02-04,63,저금리(~2021),-10.25,-9.96,-5.15,-3.22,
2020-02-05,63,저금리(~2021),-13.15,-12.57,-8.54,-6.21,
2020-02-06,63,저금리(~2021),-11.44,-11.49,-6.38,-4.94,
2020-02-07,63,저금리(~2021),-11.29,-11.3,-6.22,-4.73,
2020-02-10,63,저금리(~2021),-11.83,-11.42,-6.6,-4.86,
2020-02-11,63,저금리(~2021),-10.57,-10.51,-6.38,-3.8,
2020-02-12,63,저금리(~2021),-10.35,-10.4,-8.48,-3.67,
2020-02-13,63,저금리(~2021),-9.55,-9.76,-10.05,-2.93,
2020-02-14,63,저금리(~2021),-10.71,-10.47,-13.09,-3.74,
2020-02-17,63,저금리(~2021),-11.63,-11.37,-11.69,-4.78,
2020-02-18,63,저금리(~2021),-13.8,-13.71,-19.71,-7.64,
2020-02-19,63,저금리(~2021),-12.52,-12.54,-29.76,-6.19,
2020-02-20,63,저금리(~2021),-14.46,-14.13,-20.67,-8.15,
2020-02-21,63,저금리(~2021),-17.92,-17.61,-29.54,-12.79,
2020-02-24,63,저금리(~2021),-20.5,-20.24,-22.21,-16.68,
2020-02-25,63,저금리(~2021),-15.52,-15.76,-15.58,-10.57,
2020-02-26,63,저금리(~2021),-16.36,-16.21,-16.02,-11.15,
2020-02-27,63,저금리(~2021),-21.62,-21.2,-20.68,-17.98,
2020-02-28,63,저금리(~2021),-25.53,-25.27,-24.43,-24.53,
2020-03-02,63,저금리(~2021),-22.88,-23.21,-20.86,-21.28,
2020-03-03,63,저금리(~2021),-23.63,-23.75,-22.64,-22.13,
2020-03-04,63,저금리(~2021),-23.34,-23.26,-20.98,-21.37,
2020-03-05,63,저금리(~2021),-22.77,-22.92,-20.87,-20.85,
2020-03-06,63,저금리(~2021),-23.68,-23.83,-20.64,-22.31,
2020-03-09,63,저금리(~2021),-27.21,-27.07,-24.07,-27.94,
2020-03-10,63,저금리(~2021),-25.71,-26.09,-23.4,-26.3,
2020-03-11,63,저금리(~2021),-27.97,-28.18,-25.31,-30.21,
2020-03-12,63,저금리(~2021),-25.95,-26.77,-23.57,-27.38,
2020-03-13,63,저금리(~2021),-34.82,-34.56,-32.95,-42.21,
2020-03-16,63,저금리(~2021),-36.77,-36.86,-36.34,-47.51,
2020-03-17,63,저금리(~2021),-33.61,-33.53,-32.17,-40.46,
2020-03-18,63,저금리(~2021),-37.96,-38.21,-40.19,-51.89,
2020-03-19,63,저금리(~2021),-43.85,-44.67,-52.3,-71.14,
2020-03-20,63,저금리(~2021),-38.07,-39.5,-42.91,-57.88,
2020-03-23,63,저금리(~2021),-42.05,-43.0,-49.59,-68.15,
2020-03-24,63,저금리(~2021),-34.84,-35.02,-38.12,-49.19,
2020-03-25,63,저금리(~2021),-32.67,-33.32,-35.13,-45.52,
2020-03-26,63,저금리(~2021),-30.97,-31.11,-32.67,-40.81,
2020-03-27,63,저금리(~2021),-30.17,-30.41,-31.97,-39.41,
2020-03-30,63,저금리(~2021),-27.0,-28.47,-30.15,-35.6,
2020-03-31,63,저금리(~2021),-24.15,-25.05,-25.98,-29.89,
2020-04-01,63,저금리(~2021),-28.15,-29.16,-30.92,-37.65,
2020-04-02,63,저금리(~2021),-26.1,-26.79,-27.91,-33.41,
2020-04-03,63,저금리(~2021),-26.07,-26.65,-27.89,-33.16,
2020-04-06,63,저금리(~2021),-23.3,-24.41,-25.0,-29.37,
2020-04-07,63,저금리(~2021),-23.32,-24.21,-24.75,-29.04,
2020-04-08,63,저금리(~2021),-24.04,-24.93,-25.78,-30.28,
2020-04-09,63,저금리(~2021),-24.21,-24.37,-24.75,-29.33,
2020-04-10,63,저금리(~2021),-24.17,-24.83,-25.58,-30.13,
2020-04-13,63,저금리(~2021),-26.37,-26.5,-27.39,-33.13,
2020-04-14,63,저금리(~2021),-23.27,-24.04,-24.53,-28.88,
2020-04-16,63,저금리(~2021),-22.15,-22.29,-22.33,-26.1,
2020-04-17,63,저금리(~2021),-20.67,-21.4,-21.32,-24.69,
2020-04-20,63,저금리(~2021),-22.31,-22.74,-22.95,-26.82,
2020-04-21,63,저금리(~2021),-23.38,-23.93,-24.48,-28.82,
2020-04-22,63,저금리(~2021),-23.65,-24.52,-25.11,-29.8,
2020-04-23,63,저금리(~2021),-22.42,-22.78,-22.89,-26.88,
2020-04-24,63,저금리(~2021),-24.29,-25.06,-25.66,-30.78,
2020-04-27,63,저금리(~2021),-23.67,-24.33,-24.71,-29.58,
2020-04-28,63,저금리(~2021),-23.9,-24.41,-25.28,-29.72,
2020-04-29,63,저금리(~2021),-23.9,-24.36,-25.88,-29.62,
2020-05-04,63,저금리(~2021),-24.78,-25.59,-27.24,-31.78,
2020-05-06,63,저금리(~2021),-23.74,-24.38,-25.43,-29.78,
2020-05-07,63,저금리(~2021),-23.56,-24.1,-25.04,-29.31,
2020-05-08,63,저금리(~2021),-23.12,-23.92,-24.83,-29.02,
2020-05-11,63,저금리(~2021),-23.62,-24.02,-24.85,-29.18,
2020-05-12,63,저금리(~2021),-24.36,-24.9,-25.95,-30.69,
2020-05-13,63,저금리(~2021),-23.57,-24.19,-25.19,-29.49,
2020-05-14,63,저금리(~2021),-23.56,-24.12,-24.78,-29.37,
2020-05-15,63,저금리(~2021),-21.76,-22.28,-22.7,-26.24,
2020-05-18,63,저금리(~2021),-24.05,-24.37,-24.91,-29.69,
2020-05-19,63,저금리(~2021),-20.89,-20.98,-20.86,-23.99,
2020-05-20,63,저금리(~2021),-16.84,-17.55,-16.78,-18.76,
2020-05-21,63,저금리(~2021),-17.91,-18.68,-17.97,-20.35,
2020-05-22,63,저금리(~2021),-16.27,-16.41,-15.68,-16.95,
2020-05-25,63,저금리(~2021),-15.31,-16.13,-15.32,-16.56,
2020-05-26,63,저금리(~2021),-16.64,-17.48,-16.57,-18.39,
2020-05-27,63,저금리(~2021),-19.19,-19.51,-18.71,-21.34,
2020-05-28,63,저금리(~2021),-21.14,-21.23,-20.91,-24.04,
2020-05-29,63,저금리(~2021),-19.79,-20.28,-19.82,-22.57,
2020-06-01,63,저금리(~2021),-16.69,-17.47,-16.7,-18.62,
2020-06-02,63,저금리(~2021),-15.97,-16.45,-15.95,-17.2,
2020-06-03,63,저금리(~2021),-16.48,-16.87,-16.13,-17.78,
2020-06-04,63,저금리(~2021),-18.01,-17.92,-17.26,-19.26,
2020-06-05,63,저금리(~2021),-17.18,-17.69,-16.99,-18.93,
2020-06-08,63,저금리(~2021),-15.24,-15.38,-14.81,-15.67,
2020-06-09,63,저금리(~2021),-16.42,-16.69,-16.21,-17.45,
2020-06-10,63,저금리(~2021),-16.07,-16.94,-16.49,-17.8,
2020-06-11,63,저금리(~2021),-14.64,-14.39,-13.82,-14.26,
2020-06-12,63,저금리(~2021),-16.83,-16.92,-16.33,-17.75,
2020-06-15,63,저금리(~2021),-22.14,-22.39,-23.01,-26.7,
2020-06-16,63,저금리(~2021),-16.87,-17.65,-17.92,-19.93,
2020-06-17,63,저금리(~2021),-18.2,-18.01,-18.07,-20.44,
2020-06-18,63,저금리(~2021),-18.16,-17.72,-17.83,-20.02,
2020-06-19,63,저금리(~2021),-16.27,-15.99,-15.69,-17.51,
2020-06-22,63,저금리(~2021),-16.04,-15.88,-16.05,-17.36,
2020-06-23,63,저금리(~2021),-13.15,-12.99,-12.47,-13.39,
2020-06-24,63,저금리(~2021),-9.91,-9.05,-7.97,-8.28,
2020-06-25,63,저금리(~2021),-11.21,-11.04,-10.33,-10.74,
2020-06-26,63,저금리(~2021),-6.14,-6.17,-5.48,-4.76,
2020-06-29,63,저금리(~2021),-8.53,-7.93,-7.72,-6.82,
2020-06-30,63,저금리(~2021),-12.04,-11.25,-10.64,-10.63,
2020-07-01,63,저금리(~2021),-14.44,-13.79,-13.6,-13.93,
2020-07-02,63,저금리(~2021),-13.81,-13.58,-13.06,-13.66,
2020-07-03,63,저금리(~2021),-12.33,-11.97,-11.62,-11.6,
2020-07-06,63,저금리(~2021),-12.11,-11.77,-11.34,-11.35,
2020-07-07,63,저금리(~2021),-11.95,-11.16,-10.88,-10.59,
2020-07-08,63,저금리(~2021),-11.77,-11.18,-11.02,-10.61,
2020-07-09,63,저금리(~2021),-10.48,-9.87,-9.83,-9.0,
2020-07-10,63,저금리(~2021),-8.6,-8.1,-7.98,-6.87,
2020-07-13,63,저금리(~2021),-5.56,-4.99,-5.04,-3.29,
2020-07-14,63,저금리(~2021),-5.18,-5.0,-4.85,-3.3,
2020-07-15,63,저금리(~2021),-3.64,-3.22,-3.68,-1.39,
2020-07-16,63,저금리(~2021),-5.74,-5.5,-5.84,-3.82,
2020-07-17,63,저금리(~2021),-5.46,-5.28,-5.31,-3.59,
2020-07-20,63,저금리(~2021),-2.6,-2.4,-2.21,-0.42,
2020-07-21,63,저금리(~2021),-0.79,-0.1,-1.05,1.88,
2020-07-22,63,저금리(~2021),3.35,3.54,3.24,5.42,
2020-07-23,63,저금리(~2021),3.49,3.83,5.16,5.68,
2020-07-24,63,저금리(~2021),-0.8,-0.53,0.92,1.63,
2020-07-27,63,저금리(~2021),-1.97,-1.75,-0.17,0.46,
2020-07-28,63,저금리(~2021),3.35,3.92,5.84,6.04,
2020-07-29,63,저금리(~2021),1.54,1.67,3.51,4.0,
2020-07-30,63,저금리(~2021),-0.9,-0.58,1.34,1.87,
2020-07-31,63,저금리(~2021),-2.9,-2.24,-0.23,0.25,
2020-08-03,63,저금리(~2021),-3.04,-2.37,-0.37,0.11,
2020-08-04,63,저금리(~2021),-0.28,0.09,2.07,2.6,
2020-08-05,63,저금리(~2021),0.76,1.58,3.99,3.97,
2020-08-06,63,저금리(~2021),3.84,4.47,6.7,6.66,
2020-08-07,63,저금리(~2021),3.87,4.44,6.69,6.63,
2020-08-10,63,저금리(~2021),4.66,5.2,7.61,7.31,
2020-08-11,63,저금리(~2021),3.77,4.45,6.4,6.64,
2020-08-12,63,저금리(~2021),0.47,0.77,2.38,3.2,
2020-08-13,63,저금리(~2021),3.96,4.16,5.45,6.33,
2020-08-14,63,저금리(~2021),-0.84,-0.99,-0.3,1.37,
2020-08-18,63,저금리(~2021),-5.7,-5.09,-4.69,-2.96,
2020-08-19,63,저금리(~2021),-4.81,-4.06,-3.84,-1.89,
2020-08-20,63,저금리(~2021),-8.24,-7.95,-9.5,-6.32,
2020-08-21,63,저금리(~2021),-7.1,-6.5,-8.09,-4.67,
2020-08-24,63,저금리(~2021),-3.71,-3.33,-3.13,-1.33,
2020-08-25,63,저금리(~2021),-3.13,-3.11,-2.25,-1.11,
2020-08-26,63,저금리(~2021),-4.66,-4.53,-3.54,-2.59,
2020-08-27,63,저금리(~2021),-5.01,-4.8,-4.88,-2.88,
2020-08-28,63,저금리(~2021),-4.96,-4.47,-4.24,-2.53,
2020-08-31,63,저금리(~2021),-5.57,-5.01,-4.38,-3.1,
2020-09-01,63,저금리(~2021),-6.93,-6.57,-5.84,-4.78,
2020-09-02,63,저금리(~2021),-6.7,-6.75,-6.05,-4.98,
2020-09-03,63,저금리(~2021),-9.78,-9.46,-10.29,-8.0,
2020-09-04,63,저금리(~2021),-7.68,-7.4,-6.4,-5.46,
2020-09-07,63,저금리(~2021),-7.01,-6.75,-6.75,-4.74,
2020-09-08,63,저금리(~2021),-7.64,-7.38,-7.59,-5.44,
2020-09-09,63,저금리(~2021),-10.14,-10.23,-10.91,-8.82,
2020-09-10,63,저금리(~2021),-9.48,-9.44,-10.53,-7.89,
2020-09-11,63,저금리(~2021),-9.38,-9.16,-9.78,-7.56,
2020-09-14,63,저금리(~2021),-9.45,-9.25,-11.03,-7.65,
2020-09-15,63,저금리(~2021),-8.86,-8.88,-10.33,-7.23,
2020-09-16,63,저금리(~2021),-9.34,-9.38,-10.17,-7.82,
2020-09-17,63,저금리(~2021),-12.43,-12.43,-14.05,-11.58,
2020-09-18,63,저금리(~2021),-8.3,-7.77,-8.98,-5.83,
2020-09-21,63,저금리(~2021),-10.58,-9.91,-11.93,-8.43,
2020-09-22,63,저금리(~2021),-14.57,-14.78,-16.04,-14.81,
2020-09-23,63,저금리(~2021),-14.99,-15.37,-15.92,-15.59,
2020-09-24,63,저금리(~2021),-21.86,-21.35,-21.86,-24.56,
2020-09-25,63,저금리(~2021),-21.97,-21.72,-23.2,-25.16,
2020-09-28,63,저금리(~2021),-17.9,-17.98,-19.23,-19.64,
2020-09-29,63,저금리(~2021),-16.97,-17.48,-18.3,-18.92,
2020-10-05,63,저금리(~2021),-15.16,-15.3,-15.54,-15.88,
2020-10-06,63,저금리(~2021),-16.08,-15.82,-15.73,-16.59,
2020-10-07,63,저금리(~2021),-16.09,-15.99,-17.14,-16.83,
2020-10-08,63,저금리(~2021),-16.17,-16.09,-16.22,-16.98,
2020-10-12,63,저금리(~2021),-15.47,-15.5,-16.33,-16.16,
2020-10-13,63,저금리(~2021),-16.12,-16.19,-16.94,-17.12,
2020-10-14,63,저금리(~2021),-16.93,-16.72,-17.74,-17.89,
2020-10-15,63,저금리(~2021),-17.0,-17.1,-17.98,-18.46,
2020-10-16,63,저금리(~2021),-15.3,-15.58,-15.93,-16.26,
2020-10-19,63,저금리(~2021),-17.73,-17.79,-18.87,-19.39,
2020-10-20,63,저금리(~2021),-19.09,-18.94,-19.69,-21.01,
2020-10-21,63,저금리(~2021),-18.17,-17.67,-18.04,-19.16,
2020-10-22,63,저금리(~2021),-20.44,-20.21,-21.22,-23.07,
2020-10-23,63,저금리(~2021),-23.36,-23.26,-23.63,-27.87,
2020-10-26,63,저금리(~2021),-25.34,-25.12,-26.06,-31.17,
2020-10-27,63,저금리(~2021),-23.36,-23.26,-24.17,-27.99,
2020-10-28,63,저금리(~2021),-19.3,-19.06,-19.67,-21.41,
2020-10-29,63,저금리(~2021),-15.13,-14.83,-15.99,-15.35,
2020-10-30,63,저금리(~2021),-21.75,-21.73,-23.42,-25.54,
2020-11-02,63,저금리(~2021),-20.59,-20.37,-21.53,-23.44,
2020-11-03,63,저금리(~2021),-19.13,-18.86,-19.73,-21.2,
2020-11-04,63,저금리(~2021),-16.22,-16.26,-16.6,-17.47,
2020-11-05,63,저금리(~2021),-14.91,-15.0,-15.15,-15.76,
2020-11-06,63,저금리(~2021),-15.83,-15.74,-17.13,-16.81,
2020-11-09,63,저금리(~2021),-14.07,-14.13,-14.64,-14.63,
2020-11-10,63,저금리(~2021),-16.1,-16.25,-17.24,-17.57,
2020-11-11,63,저금리(~2021),-16.95,-16.95,-17.88,-18.54,
2020-11-12,63,저금리(~2021),-15.94,-16.0,-17.26,-17.17,
2020-11-13,63,저금리(~2021),-14.99,-14.96,-16.07,-15.72,
2020-11-16,63,저금리(~2021),-12.99,-12.93,-13.48,-13.03,
2020-11-17,63,저금리(~2021),-14.48,-14.31,-15.64,-14.87,
2020-11-18,63,저금리(~2021),-11.14,-11.19,-12.55,-10.84,
2020-11-19,63,저금리(~2021),-7.67,-7.8,-8.93,-6.72,
2020-11-20,63,저금리(~2021),-3.59,-4.07,-5.8,-2.5,
2020-11-23,63,저금리(~2021),-7.61,-7.53,-7.93,-6.15,
2020-11-24,63,저금리(~2021),-5.61,-5.93,-6.69,-4.29,
2020-11-25,63,저금리(~2021),-8.29,-8.08,-8.55,-6.69,
2020-11-26,63,저금리(~2021),-7.45,-7.36,-7.38,-5.88,
2020-11-27,63,저금리(~2021),-5.18,-5.07,-5.67,-3.34,
2020-11-30,63,저금리(~2021),-5.67,-5.34,-6.06,-3.64,
2020-12-01,63,저금리(~2021),-2.61,-2.36,-2.94,-0.43,
2020-12-02,63,저금리(~2021),-0.71,-0.46,-1.09,1.48,
2020-12-03,63,저금리(~2021),1.14,1.29,1.56,3.14,
2020-12-04,63,저금리(~2021),1.06,1.45,2.28,3.29,
2020-12-07,63,저금리(~2021),2.74,3.04,4.3,4.71,
2020-12-08,63,저금리(~2021),-0.63,-0.29,0.17,1.38,
2020-12-09,63,저금리(~2021),-2.34,-1.99,-1.11,-0.28,
2020-12-10,63,저금리(~2021),-1.29,-0.54,0.55,1.16,
2020-12-11,63,저금리(~2021),-0.65,-0.11,1.31,1.58,
2020-12-14,63,저금리(~2021),0.0,0.75,2.41,2.42,
2020-12-15,63,저금리(~2021),-0.54,-0.19,1.51,1.5,
2020-12-16,63,저금리(~2021),0.88,1.33,3.03,2.97,
2020-12-17,63,저금리(~2021),0.33,0.96,2.26,2.62,
2020-12-18,63,저금리(~2021),0.78,1.41,2.35,3.06,
2020-12-21,63,저금리(~2021),2.48,3.15,3.22,4.66,
2020-12-22,63,저금리(~2021),-0.22,0.06,0.42,1.6,
2020-12-23,63,저금리(~2021),-0.65,-0.12,-0.26,1.42,
2020-12-24,63,저금리(~2021),1.21,2.01,2.85,3.46,
2020-12-28,63,저금리(~2021),0.89,1.83,3.03,3.3,
2020-12-29,63,저금리(~2021),4.36,4.88,5.71,6.04,
2020-12-30,63,저금리(~2021),5.29,5.84,6.74,6.9,
2021-01-04,63,저금리(~2021),5.14,5.7,6.1,6.77,
2021-01-05,63,저금리(~2021),5.14,6.1,6.16,7.13,
2021-01-06,63,저금리(~2021),2.71,3.9,4.09,5.16,
2021-01-07,63,저금리(~2021),2.96,3.36,3.95,4.67,
2021-01-08,63,저금리(~2021),2.64,3.18,4.06,4.51,
2021-01-11,63,저금리(~2021),0.92,1.41,1.97,2.87,
2021-01-12,63,저금리(~2021),0.34,0.86,1.89,2.34,
2021-01-13,63,저금리(~2021),0.46,1.05,2.11,2.52,
2021-01-14,63,저금리(~2021),-1.36,-0.73,0.41,0.76,
2021-01-15,63,저금리(~2021),-4.76,-4.26,-3.3,-2.93,
2021-01-18,63,저금리(~2021),-7.1,-5.87,-4.78,-4.75,
2021-01-19,63,저금리(~2021),-4.05,-3.52,-2.37,-2.2,
2021-01-20,63,저금리(~2021),-1.69,-1.14,-0.36,0.18,
2021-01-21,63,저금리(~2021),-1.91,-1.58,-1.19,-0.26,
2021-01-22,63,저금리(~2021),-2.57,-2.03,-2.47,-0.72,
2021-01-25,63,저금리(~2021),2.08,2.45,2.71,3.61,
2021-01-26,63,저금리(~2021),4.0,4.64,4.52,5.7,
2021-01-27,63,저금리(~2021),4.06,4.49,5.18,5.57,
2021-01-28,63,저금리(~2021),2.66,3.05,3.98,4.21,
2021-01-29,63,저금리(~2021),2.36,3.1,3.96,4.26,
2021-02-01,63,저금리(~2021),5.83,6.39,6.93,7.07,
2021-02-02,63,저금리(~2021),6.17,7.1,7.1,7.69,
2021-02-03,63,저금리(~2021),5.29,5.66,5.44,6.46,
2021-02-04,63,저금리(~2021),1.67,2.56,2.52,3.65,
2021-02-05,63,저금리(~2021),4.46,5.16,5.41,6.07,
2021-02-08,63,저금리(~2021),4.87,5.61,6.04,6.49,
2021-02-09,63,저금리(~2021),5.82,6.34,6.04,7.14,
2021-02-10,63,저금리(~2021),3.64,4.36,4.86,5.43,
2021-02-15,63,저금리(~2021),5.38,5.88,6.33,6.77,
2021-02-16,63,저금리(~2021),2.32,2.97,3.58,4.12,
2021-02-17,63,저금리(~2021),1.42,2.07,2.31,3.26,
2021-02-18,63,저금리(~2021),0.87,1.61,2.04,2.82,
2021-02-19,63,저금리(~2021),3.15,3.71,4.14,4.81,
2021-02-22,63,저금리(~2021),-1.06,-0.08,0.55,1.2,
2021-02-23,63,저금리(~2021),-3.32,-2.43,-2.01,-1.24,
2021-02-24,63,저금리(~2021),-7.05,-6.12,-6.07,-5.28,
2021-02-25,63,저금리(~2021),-2.43,-1.99,-1.41,-1.02,
2021-02-26,63,저금리(~2021),-5.74,-4.9,-4.3,-4.18,
2021-03-02,63,저금리(~2021),-3.36,-2.96,-2.16,-2.14,
2021-03-03,63,저금리(~2021),-1.59,-0.82,-0.08,0.08,
2021-03-04,63,저금리(~2021),-3.36,-2.81,-2.39,-1.95,
2021-03-05,63,저금리(~2021),-2.32,-2.05,-1.36,-1.16,
2021-03-08,63,저금리(~2021),-4.33,-3.91,-3.45,-3.18,
2021-03-09,63,저금리(~2021),-5.53,-5.37,-4.92,-4.77,
2021-03-10,63,저금리(~2021),-4.19,-3.58,-3.25,-2.8,
2021-03-11,63,저금리(~2021),-4.18,-4.31,-3.93,-3.55,
2021-03-12,63,저금리(~2021),-2.13,-2.45,-2.31,-1.61,
2021-03-15,63,저금리(~2021),-4.03,-4.33,-5.13,-3.6,
2021-03-16,63,저금리(~2021),-1.2,-1.55,-1.61,-0.74,
2021-03-17,63,저금리(~2021),-0.76,-1.45,-1.44,-0.64,
2021-03-18,63,저금리(~2021),-0.98,-1.2,-1.09,-0.38,
2021-03-19,63,저금리(~2021),-3.38,-4.0,-4.38,-3.25,
2021-03-22,63,저금리(~2021),-2.52,-3.05,-3.26,-2.23,
2021-03-23,63,저금리(~2021),-2.83,-3.46,-3.93,-2.67,
2021-03-24,63,저금리(~2021),-2.64,-3.17,-3.27,-2.37,
2021-03-25,63,저금리(~2021),-2.31,-3.03,-3.05,-2.22,
2021-03-26,63,저금리(~2021),-1.65,-2.44,-2.25,-1.6,
2021-03-29,63,저금리(~2021),-2.73,-3.33,-2.97,-2.54,
2021-03-30,63,저금리(~2021),-3.28,-3.78,-3.11,-3.01,
2021-03-31,63,저금리(~2021),-4.67,-5.21,-4.61,-4.57,
2021-04-01,63,저금리(~2021),-4.18,-4.76,-4.51,-4.08,
2021-04-02,63,저금리(~2021),-4.62,-5.25,-5.14,-4.62,
2021-04-05,63,저금리(~2021),-6.77,-7.34,-7.35,-6.96,
2021-04-06,63,저금리(~2021),-6.3,-6.87,-6.79,-6.41,
2021-04-07,63,저금리(~2021),-6.51,-7.1,-6.87,-6.68,
2021-04-08,63,저금리(~2021),-3.74,-4.26,-3.99,-3.49,
2021-04-09,63,저금리(~2021),-2.99,-3.19,-2.68,-2.35,
2021-04-12,63,저금리(~2021),-2.01,-2.54,-2.39,-1.68,
2021-04-13,63,저금리(~2021),-1.14,-1.78,-2.29,-0.91,
2021-04-14,63,저금리(~2021),-1.03,-1.56,-1.55,-0.68,
2021-04-15,63,저금리(~2021),-2.62,-3.15,-3.24,-2.32,
2021-04-16,63,저금리(~2021),-1.38,-1.87,-1.74,-0.98,
2021-04-19,63,저금리(~2021),-0.12,-0.56,-0.61,0.33,
2021-04-20,63,저금리(~2021),-0.12,-1.01,-1.06,-0.13,
2021-04-21,63,저금리(~2021),-1.6,-2.24,-2.63,-1.4,
2021-04-22,63,저금리(~2021),-2.4,-2.91,-2.99,-2.1,
2021-04-23,63,저금리(~2021),-2.63,-3.25,-3.28,-2.45,
2021-04-26,63,저금리(~2021),-1.49,-1.91,-1.67,-1.04,
2021-04-27,63,저금리(~2021),-2.49,-3.06,-2.68,-2.26,
2021-04-28,63,저금리(~2021),-3.96,-4.58,-4.01,-3.96,
2021-04-29,63,저금리(~2021),-6.07,-6.54,-6.05,-6.14,
2021-04-30,63,저금리(~2021),-4.85,-5.51,-5.28,-4.96,
2021-05-03,63,저금리(~2021),-8.92,-9.49,-9.28,-9.65,
2021-05-04,63,저금리(~2021),-7.84,-8.3,-8.38,-8.24,
2021-05-06,63,저금리(~2021),-9.3,-10.18,-10.12,-10.48,
2021-05-07,63,저금리(~2021),-8.66,-8.92,-8.81,-8.98,
2021-05-10,63,저금리(~2021),-6.78,-7.47,-7.44,-7.31,
2021-05-11,63,저금리(~2021),-9.08,-9.72,-9.42,-10.03,
2021-05-12,63,저금리(~2021),-9.49,-9.98,-9.73,-10.36,
2021-05-13,63,저금리(~2021),-11.21,-11.85,-11.83,-12.72,
2021-05-14,63,저금리(~2021),-8.62,-9.13,-8.93,-9.4,
2021-05-17,63,저금리(~2021),-7.98,-8.26,-8.21,-8.35,
2021-05-18,63,저금리(~2021),-4.74,-5.24,-5.06,-4.87,
2021-05-20,63,저금리(~2021),-6.16,-6.82,-6.54,-6.62,
2021-05-21,63,저금리(~2021),-4.51,-5.17,-4.95,-4.71,
2021-05-24,63,저금리(~2021),-4.74,-5.32,-5.46,-4.88,
2021-05-25,63,저금리(~2021),-5.59,-6.36,-6.2,-5.98,
2021-05-26,63,저금리(~2021),-7.41,-8.2,-7.92,-8.07,
2021-05-27,63,저금리(~2021),-7.04,-7.37,-6.89,-7.1,
2021-05-28,63,저금리(~2021),-7.47,-7.75,-7.26,-7.54,
2021-05-31,63,저금리(~2021),-6.96,-7.29,-6.75,-7.02,
2021-06-01,63,저금리(~2021),-7.73,-8.22,-7.76,-8.09,
2021-06-02,63,저금리(~2021),-9.58,-10.13,-10.1,-10.4,
2021-06-03,63,저금리(~2021),-9.25,-9.66,-9.45,-9.84,
2021-06-04,63,저금리(~2021),-9.5,-10.02,-10.17,-10.28,
2021-06-07,63,저금리(~2021),-10.34,-10.87,-10.84,-11.34,
2021-06-08,63,저금리(~2021),-9.86,-10.49,-10.41,-10.86,
2021-06-09,63,저금리(~2021),-11.63,-12.05,-11.99,-12.85,
2021-06-10,63,저금리(~2021),-8.07,-8.01,-7.62,-7.94,
2021-06-11,63,저금리(~2021),-7.84,-8.18,-7.79,-8.15,
2021-06-14,63,저금리(~2021),-7.28,-7.79,-7.36,-7.69,
2021-06-15,63,저금리(~2021),-6.71,-7.1,-6.67,-6.88,
2021-06-16,63,저금리(~2021),-8.22,-8.56,-8.4,-8.56,
2021-06-17,63,저금리(~2021),-8.71,-9.06,-9.15,-9.15,
2021-06-18,63,저금리(~2021),-6.43,-6.69,-6.38,-6.45,
2021-06-21,63,저금리(~2021),-7.3,-7.72,-7.89,-7.63,
2021-06-22,63,저금리(~2021),-7.51,-7.82,-8.45,-7.75,
2021-06-23,63,저금리(~2021),-6.45,-6.81,-6.81,-6.59,
2021-06-24,63,저금리(~2021),-6.41,-6.75,-6.45,-6.52,
2021-06-25,63,저금리(~2021),-4.58,-4.65,-4.07,-4.09,
2021-06-28,63,저금리(~2021),-3.37,-3.35,-2.71,-2.69,
2021-06-29,63,저금리(~2021),-3.28,-3.65,-2.95,-3.0,
2021-06-30,63,저금리(~2021),-0.23,-0.78,-0.1,0.02,
2021-07-01,63,저금리(~2021),2.41,2.32,2.65,3.08,
2021-07-02,63,저금리(~2021),5.53,5.4,5.4,5.98,
2021-07-05,63,저금리(~2021),4.45,4.25,4.66,4.99,
2021-07-06,63,저금리(~2021),4.17,3.66,4.04,4.44,
2021-07-07,63,저금리(~2021),6.16,5.77,5.89,6.38,
2021-07-08,63,저금리(~2021),3.09,2.48,2.69,3.35,
2021-07-09,63,저금리(~2021),-0.68,-1.47,-0.59,-0.41,
2021-07-12,63,저금리(~2021),-0.91,-1.22,-0.29,-0.15,
2021-07-13,63,저금리(~2021),-0.23,-0.73,0.16,0.34,
2021-07-14,63,저금리(~2021),-1.73,-1.93,-0.89,-0.86,
2021-07-15,63,저금리(~2021),0.7,0.34,1.16,1.41,
2021-07-16,63,저금리(~2021),1.4,0.83,1.07,1.9,
2021-07-19,63,저금리(~2021),0.81,0.06,0.68,1.15,
2021-07-20,63,저금리(~2021),0.23,0.0,0.02,1.09,
2021-07-21,63,저금리(~2021),-1.97,-2.41,-2.6,-1.29,
2021-07-22,63,저금리(~2021),-0.47,-0.8,-0.32,0.35,
2021-07-23,63,저금리(~2021),1.06,0.78,1.61,1.93,
2021-07-26,63,저금리(~2021),1.16,0.69,1.81,1.83,
2021-07-27,63,저금리(~2021),-0.46,-1.07,0.11,0.11,
2021-07-28,63,저금리(~2021),-2.86,-3.33,-2.2,-2.22,
2021-07-29,63,저금리(~2021),-1.85,-2.11,-1.1,-0.96,
2021-07-30,63,저금리(~2021),-3.85,-4.17,-3.78,-3.16,
2021-08-02,63,저금리(~2021),-3.23,-3.71,-4.25,-2.68,
2021-08-03,63,저금리(~2021),-2.87,-3.22,-2.89,-2.15,
2021-08-04,63,저금리(~2021),-2.45,-2.77,-2.68,-1.69,
2021-08-05,63,저금리(~2021),0.7,-0.04,-0.06,1.15,
2021-08-06,63,저금리(~2021),-0.12,-0.77,-0.58,0.43,
2021-08-09,63,저금리(~2021),-1.88,-2.37,-1.39,-1.16,
2021-08-10,63,저금리(~2021),-5.13,-5.7,-4.96,-4.68,
2021-08-11,63,저금리(~2021),-5.26,-5.39,-4.7,-4.35,
2021-08-12,63,저금리(~2021),-4.66,-5.04,-3.97,-3.95,
2021-08-13,63,저금리(~2021),-5.66,-6.07,-5.33,-5.1,
2021-08-17,63,저금리(~2021),-8.6,-9.13,-9.19,-8.67,
2021-08-18,63,저금리(~2021),-6.56,-6.91,-6.52,-6.11,
2021-08-19,63,저금리(~2021),-6.4,-6.51,-6.33,-5.63,
2021-08-20,63,저금리(~2021),-8.84,-9.21,-9.12,-8.79,
2021-08-23,63,저금리(~2021),-5.12,-5.64,-5.09,-4.75,
2021-08-24,63,저금리(~2021),-2.44,-2.81,-2.06,-1.73,
2021-08-25,63,저금리(~2021),-1.86,-2.57,-1.59,-1.48,
2021-08-26,63,저금리(~2021),0.12,-0.59,0.57,0.57,
2021-08-27,63,저금리(~2021),-0.7,-1.31,-0.15,-0.15,
2021-08-30,63,저금리(~2021),0.59,0.08,1.11,1.23,
2021-08-31,63,저금리(~2021),-1.07,-1.64,-1.03,-0.44,
2021-09-01,63,저금리(~2021),0.96,0.59,0.23,1.8,
2021-09-02,63,저금리(~2021),-0.6,-0.96,-0.4,0.29,
2021-09-03,63,저금리(~2021),-0.84,-1.81,-1.54,-0.56,
2021-09-06,63,저금리(~2021),-2.4,-3.33,-3.53,-2.11,
2021-09-07,63,저금리(~2021),-0.24,-1.56,-1.29,-0.25,
2021-09-08,63,저금리(~2021),-1.19,-2.52,-1.48,-1.26,
2021-09-09,63,저금리(~2021),-1.42,-1.86,-1.13,-0.58,
2021-09-10,63,저금리(~2021),-1.55,-2.16,-1.43,-0.89,
2021-09-13,63,저금리(~2021),-2.95,-3.65,-2.55,-2.45,
2021-09-14,63,저금리(~2021),-0.36,-0.96,-0.07,0.33,
2021-09-15,63,저금리(~2021),1.21,0.45,0.78,1.72,
2021-09-16,63,저금리(~2021),0.24,-0.34,0.35,0.95,
2021-09-17,63,저금리(~2021),0.61,0.4,1.29,1.67,
2021-09-23,63,저금리(~2021),0.24,-0.36,0.8,0.93,
2021-09-24,63,저금리(~2021),-0.12,-0.42,0.73,0.87,
2021-09-27,63,저금리(~2021),-1.92,-2.58,-1.62,-1.3,
2021-09-28,63,저금리(~2021),-6.91,-8.15,-7.47,-7.45,
2021-09-29,63,저금리(~2021),-6.4,-7.01,-6.1,-6.09,
2021-09-30,63,저금리(~2021),-6.19,-6.5,-5.53,-5.51,
2021-10-01,63,저금리(~2021),-8.0,-8.65,-7.87,-8.05,
2021-10-05,63,저금리(~2021),-8.51,-9.14,-8.24,-8.65,
2021-10-06,63,저금리(~2021),-8.41,-9.12,-8.68,-8.62,
2021-10-07,63,저금리(~2021),-2.91,-3.9,-3.03,-2.7,
2021-10-08,63,저금리(~2021),-4.89,-5.56,-4.87,-4.49,
2021-10-12,63,저금리(~2021),-4.38,-4.66,-4.59,-3.46,
2021-10-13,63,저금리(~2021),-2.44,-3.12,-2.61,-1.83,
2021-10-14,63,저금리(~2021),-2.07,-2.44,-1.39,-1.16,
2021-10-15,63,저금리(~2021),-0.23,-0.76,-0.06,0.57,
2021-10-18,63,저금리(~2021),1.61,1.21,1.69,2.54,
2021-10-19,63,저금리(~2021),3.99,3.29,3.9,4.48,
2021-10-20,63,저금리(~2021),4.53,3.53,4.03,4.71,
2021-10-21,63,저금리(~2021),4.71,3.86,3.81,5.02,
2021-10-22,63,저금리(~2021),1.96,1.74,2.35,3.11,
2021-10-25,63,저금리(~2021),4.05,3.29,3.99,4.59,
2021-10-26,63,저금리(~2021),9.1,8.79,8.95,9.43,
2021-10-27,63,저금리(~2021),10.82,10.0,9.82,10.45,
2021-10-28,63,저금리(~2021),11.27,10.57,9.32,10.92,
2021-10-29,63,저금리(~2021),15.07,14.28,10.18,13.97,
2021-11-01,63,저금리(~2021),12.94,12.74,10.69,12.84,
2021-11-02,63,저금리(~2021),12.01,11.35,10.12,11.79,
2021-11-03,63,저금리(~2021),10.82,9.87,8.79,10.61,
2021-11-04,63,저금리(~2021),12.62,12.09,11.39,12.4,
2021-11-05,63,저금리(~2021),14.29,13.96,13.88,13.84,
2021-11-08,63,저금리(~2021),11.12,10.08,11.2,10.85,
2021-11-09,63,저금리(~2021),14.7,14.16,14.51,14.1,
2021-11-10,63,저금리(~2021),15.0,14.24,13.67,14.16,
2021-11-11,63,저금리(~2021),17.51,17.03,16.67,16.21,
2021-11-12,63,저금리(~2021),21.32,20.92,19.75,18.89,
2021-11-15,63,저금리(~2021),18.18,17.34,18.24,16.61,
2021-11-16,63,저금리(~2021),20.37,19.35,20.05,18.03,
2021-11-17,63,저금리(~2021),17.7,16.74,17.67,16.2,
2021-11-18,63,저금리(~2021),18.01,17.05,18.17,16.42,
2021-11-19,63,저금리(~2021),20.92,20.07,20.96,18.52,
2021-11-22,63,저금리(~2021),18.6,17.79,18.82,16.96,
2021-11-23,63,저금리(~2021),19.57,17.99,18.54,17.11,
2021-11-24,63,저금리(~2021),15.76,14.99,15.98,15.05,
2021-11-25,63,저금리(~2021),13.79,13.24,13.99,13.73,
2021-11-26,63,저금리(~2021),10.82,10.14,9.84,11.33,
2021-11-29,63,저금리(~2021),7.96,7.14,3.31,8.91,
2021-11-30,63,저금리(~2021),8.53,7.54,6.17,9.26,
2021-12-01,63,저금리(~2021),11.78,10.94,10.48,12.08,
2021-12-02,63,저금리(~2021),12.43,11.85,11.43,12.81,
2021-12-03,63,저금리(~2021),11.19,11.26,11.35,12.38,
2021-12-06,63,저금리(~2021),9.98,10.28,10.96,11.58,
2021-12-07,63,저금리(~2021),14.17,15.12,16.94,15.36,
2021-12-08,63,저금리(~2021),15.52,16.64,17.73,16.45,
2021-12-09,63,저금리(~2021),13.67,14.99,15.39,15.31,
2021-12-10,63,저금리(~2021),8.47,10.17,9.88,11.64,
2021-12-13,63,저금리(~2021),6.6,7.99,6.31,9.86,
2021-12-14,63,저금리(~2021),8.03,9.34,10.67,11.0,
2021-12-15,63,저금리(~2021),8.46,10.09,10.95,11.59,
2021-12-16,63,저금리(~2021),7.9,9.24,10.3,10.92,
2021-12-17,63,저금리(~2021),6.95,8.76,10.11,10.52,
2021-12-20,63,저금리(~2021),6.56,7.87,8.81,9.78,
2021-12-21,63,저금리(~2021),9.15,10.32,11.73,11.8,
2021-12-22,63,저금리(~2021),6.99,7.99,8.14,9.93,
2021-12-23,63,저금리(~2021),7.01,8.37,9.39,10.24,
2021-12-24,63,저금리(~2021),6.54,8.28,9.19,10.17,
2021-12-27,63,저금리(~2021),8.82,10.72,10.91,12.13,
2021-12-28,63,저금리(~2021),10.82,13.13,9.83,13.93,
2021-12-29,63,저금리(~2021),8.94,9.94,9.0,11.4,
2021-12-30,63,저금리(~2021),11.08,12.21,12.08,13.22,
2022-01-03,63,고금리(2022~),11.55,13.33,13.28,14.09,
2022-01-04,63,고금리(2022~),8.94,10.16,10.33,11.6,
2022-01-05,63,고금리(2022~),8.94,10.27,11.11,11.69,
2022-01-06,63,고금리(2022~),6.47,7.93,9.65,9.7,
2022-01-07,63,고금리(2022~),5.38,6.95,7.83,8.91,
2022-01-10,63,고금리(2022~),3.43,4.44,5.29,6.65,
2022-01-11,63,고금리(2022~),3.75,5.35,5.33,7.47,
2022-01-12,63,고금리(2022~),7.75,9.15,7.15,10.62,
2022-01-13,63,고금리(2022~),3.46,4.72,5.96,6.88,
2022-01-14,63,고금리(2022~),2.5,3.89,4.95,6.11,
2022-01-17,63,고금리(2022~),2.03,3.23,4.58,5.51,
2022-01-18,63,고금리(2022~),1.89,3.83,5.42,6.07,
2022-01-19,63,고금리(2022~),3.07,4.97,6.12,7.13,
2022-01-20,63,고금리(2022~),4.64,5.7,7.23,7.74,
2022-01-21,63,고금리(2022~),4.67,5.92,6.11,7.94,
2022-01-24,63,고금리(2022~),2.38,3.08,4.63,5.33,
2022-01-25,63,고금리(2022~),-1.91,-0.76,1.21,1.69,
2022-01-26,63,고금리(2022~),-2.4,-1.15,0.93,1.29,
2022-01-27,63,고금리(2022~),-7.4,-6.38,-5.23,-4.4,
2022-01-28,63,고금리(2022~),-3.82,-3.12,-1.63,-0.97,
2022-02-03,63,고금리(2022~),0.21,1.93,3.5,4.05,
2022-02-04,63,고금리(2022~),3.82,5.25,6.54,7.12,
2022-02-07,63,고금리(2022~),3.14,4.64,5.72,6.57,
2022-02-08,63,고금리(2022~),-0.1,0.86,2.93,3.14,
2022-02-09,63,고금리(2022~),7.03,8.48,10.03,10.08,
2022-02-10,63,고금리(2022~),0.31,1.52,3.28,4.0,
2022-02-11,63,고금리(2022~),-2.22,-0.65,1.04,1.83,
2022-02-14,63,고금리(2022~),-5.1,-4.21,-2.76,-1.79,
2022-02-15,63,고금리(2022~),-7.6,-6.84,-5.93,-4.66,
2022-02-16,63,고금리(2022~),-1.14,0.15,1.85,2.4,
2022-02-17,63,고금리(2022~),-5.54,-4.36,-2.51,-2.12,
2022-02-18,63,고금리(2022~),-5.19,-3.99,-2.14,-1.73,
2022-02-21,63,고금리(2022~),-2.08,-1.06,0.92,1.38,
2022-02-22,63,고금리(2022~),-5.02,-3.88,-2.33,-1.52,
2022-02-23,63,고금리(2022~),-3.12,-2.23,-0.07,0.18,
2022-02-24,63,고금리(2022~),-6.53,-5.4,-4.37,-3.24,
2022-02-25,63,고금리(2022~),-4.29,-3.14,-1.74,-0.96,
2022-02-28,63,고금리(2022~),-4.11,-3.52,-1.8,-1.36,
2022-03-02,63,고금리(2022~),-1.72,-0.49,1.38,1.71,
2022-03-03,63,고금리(2022~),0.99,2.19,4.15,4.23,
2022-03-04,63,고금리(2022~),1.72,3.04,4.71,5.06,
2022-03-07,63,고금리(2022~),-0.95,0.36,1.83,2.47,
2022-03-08,63,고금리(2022~),-2.82,-1.02,0.05,1.1,
2022-03-10,63,고금리(2022~),2.06,3.02,3.77,4.89,
2022-03-11,63,고금리(2022~),6.37,6.33,8.25,8.0,
2022-03-14,63,고금리(2022~),3.47,3.68,4.93,5.55,
2022-03-15,63,고금리(2022~),6.09,6.09,7.21,7.75,
2022-03-16,63,고금리(2022~),8.45,8.62,10.03,9.81,
2022-03-17,63,고금리(2022~),12.5,12.52,13.97,12.88,
2022-03-18,63,고금리(2022~),16.22,16.77,17.61,16.1,
2022-03-21,63,고금리(2022~),13.1,13.13,14.29,13.39,
2022-03-22,63,고금리(2022~),18.28,18.12,18.25,17.17,
2022-03-23,63,고금리(2022~),23.42,23.94,22.69,21.16,
2022-03-24,63,고금리(2022~),15.7,15.33,17.04,15.58,
2022-03-25,63,고금리(2022~),13.44,13.28,14.97,14.09,
2022-03-28,63,고금리(2022~),12.9,13.18,14.96,14.01,
2022-03-29,63,고금리(2022~),18.02,18.55,19.33,17.94,
2022-03-30,63,고금리(2022~),21.02,21.6,21.22,20.03,
2022-03-31,63,고금리(2022~),24.32,23.75,22.68,21.44,
2022-04-01,63,고금리(2022~),23.42,23.01,22.29,20.97,
2022-04-04,63,고금리(2022~),18.73,18.95,19.83,18.41,
2022-04-05,63,고금리(2022~),21.32,22.17,23.16,20.58,
2022-04-06,63,고금리(2022~),16.48,16.7,18.22,16.89,
2022-04-07,63,고금리(2022~),14.37,14.4,15.77,15.23,
2022-04-08,63,고금리(2022~),15.62,15.95,17.03,16.35,
2022-04-11,63,고금리(2022~),15.1,15.38,17.69,15.91,
2022-04-12,63,고금리(2022~),10.74,10.97,13.29,12.65,
2022-04-13,63,고금리(2022~),13.65,14.16,16.62,15.05,
2022-04-14,63,고금리(2022~),13.38,13.79,16.29,14.77,
2022-04-15,63,고금리(2022~),10.53,10.51,13.18,12.25,
2022-04-18,63,고금리(2022~),9.26,9.24,11.31,11.24,
2022-04-19,63,고금리(2022~),10.27,10.33,12.54,12.07,
2022-04-20,63,고금리(2022~),9.19,9.34,9.99,11.27,
2022-04-21,63,고금리(2022~),10.39,10.66,9.57,12.34,
2022-04-22,63,고금리(2022~),8.51,8.58,10.6,10.64,
2022-04-25,63,고금리(2022~),5.85,5.61,7.8,8.06,
2022-04-26,63,고금리(2022~),6.82,7.16,9.03,9.36,
2022-04-27,63,고금리(2022~),4.03,4.01,4.74,6.59,
2022-04-28,63,고금리(2022~),2.96,3.56,2.79,6.18,
2022-04-29,63,고금리(2022~),5.3,5.5,3.29,7.87,
2022-05-02,63,고금리(2022~),4.49,4.72,3.07,7.17,
2022-05-03,63,고금리(2022~),3.46,4.06,4.13,6.6,
2022-05-04,63,고금리(2022~),0.86,1.46,0.79,4.24,
2022-05-06,63,고금리(2022~),-2.52,-2.81,-2.65,-0.03,
2022-05-09,63,고금리(2022~),-4.7,-4.46,-3.84,-1.8,
2022-05-10,63,고금리(2022~),-6.19,-6.23,-5.7,-3.73,
2022-05-11,63,고금리(2022~),-1.46,-1.27,-0.53,1.45,
2022-05-12,63,고금리(2022~),-7.46,-7.39,-6.12,-5.27,
2022-05-13,63,고금리(2022~),-2.8,-3.07,-2.02,-0.73,
2022-05-16,63,고금리(2022~),-3.72,-3.96,-2.95,-1.66,
2022-05-17,63,고금리(2022~),-1.26,-0.77,0.58,1.57,
2022-05-18,63,고금리(2022~),0.53,0.96,1.76,3.24,
2022-05-19,63,고금리(2022~),0.95,1.21,2.9,3.49,
2022-05-20,63,고금리(2022~),6.62,7.75,7.71,9.33,
2022-05-23,63,고금리(2022~),9.63,9.83,8.02,11.06,
2022-05-24,63,고금리(2022~),4.45,4.84,6.1,6.75,
2022-05-25,63,고금리(2022~),3.66,3.86,5.23,5.91,
2022-05-26,63,고금리(2022~),4.61,4.74,5.95,6.71,
2022-05-27,63,고금리(2022~),8.38,8.81,8.97,10.31,
2022-05-30,63,고금리(2022~),7.11,7.3,6.13,9.1,
2022-05-31,63,고금리(2022~),6.26,7.27,4.67,9.08,
2022-06-02,63,고금리(2022~),8.62,8.65,6.6,10.27,
2022-06-03,63,고금리(2022~),8.28,8.3,7.91,9.99,
2022-06-07,63,고금리(2022~),7.3,7.48,5.84,9.26,
2022-06-08,63,고금리(2022~),7.34,7.28,6.36,9.1,
2022-06-09,63,고금리(2022~),9.66,8.96,8.57,10.52,
2022-06-10,63,고금리(2022~),5.62,5.36,5.21,7.5,
2022-06-13,63,고금리(2022~),-1.83,-1.4,-0.87,1.09,
2022-06-14,63,고금리(2022~),1.83,1.17,1.99,3.69,
2022-06-15,63,고금리(2022~),-0.2,-0.35,0.53,2.18,
2022-06-16,63,고금리(2022~),2.4,2.01,2.44,4.45,
2022-06-17,63,고금리(2022~),3.37,3.11,4.08,5.51,
2022-06-20,63,고금리(2022~),0.29,-0.05,1.09,2.46,
2022-06-21,63,고금리(2022~),2.75,2.46,4.13,4.84,
2022-06-22,63,고금리(2022~),-0.94,-0.74,0.81,1.62,
2022-06-23,63,고금리(2022~),-1.28,-1.78,-0.9,0.52,
2022-06-24,63,고금리(2022~),9.11,8.97,9.25,10.14,
2022-06-27,63,고금리(2022~),9.28,8.84,9.05,10.04,
2022-06-28,63,고금리(2022~),11.72,11.66,11.23,12.43,
2022-06-29,63,고금리(2022~),8.4,7.34,7.61,8.86,
2022-06-30,63,고금리(2022~),7.0,6.2,5.07,7.85,
2022-07-01,63,고금리(2022~),0.46,0.38,-0.45,2.61,
2022-07-04,63,고금리(2022~),3.01,3.13,2.44,5.28,
2022-07-05,63,고금리(2022~),4.49,4.4,4.63,6.35,
2022-07-06,63,고금리(2022~),4.61,4.27,3.13,6.23,
2022-07-07,63,고금리(2022~),11.45,10.95,9.0,11.92,
2022-07-08,63,고금리(2022~),11.2,10.57,9.67,11.63,
2022-07-11,63,고금리(2022~),13.51,13.2,11.07,13.74,
2022-07-12,63,고금리(2022~),6.08,5.55,4.72,7.63,
2022-07-13,63,고금리(2022~),9.7,9.62,9.02,10.99,
2022-07-14,63,고금리(2022~),6.45,5.6,5.84,7.68,
2022-07-15,63,고금리(2022~),8.2,7.77,7.52,9.57,
2022-07-18,63,고금리(2022~),12.5,12.06,12.16,13.05,
2022-07-19,63,고금리(2022~),13.26,12.77,13.04,13.6,
2022-07-20,63,고금리(2022~),11.13,10.44,12.12,11.87,
2022-07-21,63,고금리(2022~),11.36,11.0,13.19,12.32,
2022-07-22,63,고금리(2022~),10.41,9.81,11.95,11.35,
2022-07-25,63,고금리(2022~),8.44,7.89,8.83,9.81,
2022-07-26,63,고금리(2022~),10.05,9.6,10.52,11.23,
2022-07-27,63,고금리(2022~),9.22,8.91,8.88,10.68,
2022-07-28,63,고금리(2022~),10.0,10.2,11.48,11.72,
2022-07-29,63,고금리(2022~),11.61,11.07,11.38,12.41,
2022-08-01,63,고금리(2022~),13.16,13.24,14.53,14.11,
2022-08-02,63,고금리(2022~),12.9,12.19,13.32,13.31,
2022-08-03,63,고금리(2022~),13.78,12.66,14.35,13.66,
2022-08-04,63,고금리(2022~),13.09,12.1,13.15,13.24,
2022-08-05,63,고금리(2022~),14.85,14.57,13.97,15.09,
2022-08-08,63,고금리(2022~),16.42,16.38,16.95,16.45,
2022-08-09,63,고금리(2022~),10.61,10.59,8.86,12.36,
2022-08-10,63,고금리(2022~),9.42,8.93,9.46,10.98,
2022-08-11,63,고금리(2022~),7.63,6.83,6.56,9.33,
2022-08-12,63,고금리(2022~),7.59,7.32,8.71,9.75,
2022-08-16,63,고금리(2022~),9.24,8.78,9.55,10.97,
2022-08-17,63,고금리(2022~),9.93,9.08,9.43,11.22,
2022-08-18,63,고금리(2022~),11.9,11.55,12.5,13.24,
2022-08-19,63,고금리(2022~),11.04,10.79,13.13,12.62,
2022-08-22,63,고금리(2022~),6.01,4.42,6.76,7.28,
2022-08-23,63,고금리(2022~),2.0,1.42,3.44,4.56,
2022-08-24,63,고금리(2022~),5.28,4.43,5.75,7.31,
2022-08-25,63,고금리(2022~),10.19,9.52,11.02,11.61,
2022-08-26,63,고금리(2022~),6.45,6.04,6.44,8.72,
2022-08-29,63,고금리(2022~),3.07,2.48,4.08,5.44,
2022-08-30,63,고금리(2022~),4.09,3.33,3.64,6.18,
2022-08-31,63,고금리(2022~),7.76,7.03,8.39,9.47,
2022-09-01,63,고금리(2022~),4.12,3.53,4.63,6.35,
2022-09-02,63,고금리(2022~),6.34,6.08,8.19,8.65,
2022-09-05,63,고금리(2022~),4.34,4.23,6.13,6.99,
2022-09-06,63,고금리(2022~),4.86,5.11,5.67,7.76,
2022-09-07,63,고금리(2022~),2.54,3.06,4.71,5.91,
2022-09-08,63,고금리(2022~),6.93,6.84,5.53,9.21,
2022-09-13,63,고금리(2022~),9.62,9.2,9.6,11.1,
2022-09-14,63,고금리(2022~),3.39,4.28,4.06,6.84,
2022-09-15,63,고금리(2022~),4.66,4.95,6.36,7.45,
2022-09-16,63,고금리(2022~),4.29,4.94,5.98,7.44,
2022-09-19,63,고금리(2022~),2.4,2.62,3.54,5.31,
2022-09-20,63,고금리(2022~),5.41,5.6,6.95,8.03,
2022-09-21,63,고금리(2022~),3.34,3.34,5.99,6.02,
2022-09-22,63,고금리(2022~),0.48,0.37,2.73,3.28,
2022-09-23,63,고금리(2022~),1.39,1.96,3.75,4.9,
2022-09-26,63,고금리(2022~),-4.17,-4.14,-1.75,-1.28,
2022-09-27,63,고금리(2022~),-3.97,-3.51,-0.73,-0.64,
2022-09-28,63,고금리(2022~),-4.46,-4.59,-2.54,-1.87,
2022-09-29,63,고금리(2022~),-2.02,-1.22,0.76,1.64,
2022-09-30,63,고금리(2022~),-1.92,-1.2,-0.05,1.66,
2022-10-04,63,고금리(2022~),1.82,1.97,3.86,4.59,
2022-10-05,63,고금리(2022~),-1.51,-1.36,0.27,1.29,
2022-10-06,63,고금리(2022~),2.65,2.69,4.81,5.12,
2022-10-07,63,고금리(2022~),-0.99,-1.11,1.02,1.48,
2022-10-11,63,고금리(2022~),-6.56,-6.29,-4.57,-4.06,
2022-10-12,63,고금리(2022~),-3.5,-3.07,-1.06,-0.6,
2022-10-13,63,고금리(2022~),-7.96,-7.79,-7.18,-5.75,
2022-10-14,63,고금리(2022~),-4.03,-3.56,-1.95,-1.33,
2022-10-17,63,고금리(2022~),-3.93,-3.91,-3.45,-1.7,
2022-10-18,63,고금리(2022~),-2.02,-1.69,-0.36,0.51,
2022-10-19,63,고금리(2022~),-1.71,-1.88,-0.83,0.3,
2022-10-20,63,고금리(2022~),-4.32,-4.37,-3.4,-2.34,
2022-10-21,63,고금리(2022~),-4.67,-4.46,-3.02,-2.43,
2022-10-24,63,고금리(2022~),-1.73,-1.52,0.42,0.5,
2022-10-25,63,고금리(2022~),-3.83,-3.97,-2.3,-2.0,
2022-10-26,63,고금리(2022~),-5.71,-5.56,-5.04,-3.69,
2022-10-27,63,고금리(2022~),-3.71,-3.34,-1.83,-1.35,
2022-10-28,63,고금리(2022~),-4.02,-4.03,-2.14,-2.09,
2022-10-31,63,고금리(2022~),-2.78,-2.89,-1.53,-0.91,
2022-11-01,63,고금리(2022~),-4.82,-5.38,-4.89,-3.51,
2022-11-02,63,고금리(2022~),-7.73,-7.61,-8.48,-5.96,
2022-11-03,63,고금리(2022~),-9.26,-9.44,-9.66,-8.13,
2022-11-04,63,고금리(2022~),-8.34,-8.18,-8.08,-6.63,
2022-11-07,63,고금리(2022~),-9.45,-9.1,-9.4,-7.68,
2022-11-08,63,고금리(2022~),-8.09,-7.57,-7.32,-5.94,
2022-11-09,63,고금리(2022~),-9.65,-9.48,-8.96,-8.16,
2022-11-10,63,고금리(2022~),-9.86,-10.51,-10.46,-9.45,
2022-11-11,63,고금리(2022~),-4.4,-5.16,-4.76,-3.61,
2022-11-14,63,고금리(2022~),-6.87,-6.93,-6.67,-5.58,
2022-11-15,63,고금리(2022~),-1.8,-1.57,-1.31,0.08,
2022-11-16,63,고금리(2022~),-6.65,-6.54,-6.81,-5.07,
2022-11-17,63,고금리(2022~),-5.41,-5.43,-5.68,-3.8,
2022-11-18,63,고금리(2022~),-9.51,-9.57,-10.39,-8.47,
2022-11-21,63,고금리(2022~),-12.06,-12.23,-13.21,-11.82,
2022-11-22,63,고금리(2022~),-10.69,-10.76,-10.43,-9.9,
2022-11-23,63,고금리(2022~),-9.22,-8.88,-8.36,-7.71,
2022-11-24,63,고금리(2022~),-6.56,-6.21,-6.08,-4.67,
2022-11-25,63,고금리(2022~),-8.2,-7.85,-7.25,-6.55,
2022-11-28,63,고금리(2022~),-11.79,-11.9,-11.63,-11.46,
2022-11-29,63,고금리(2022~),-8.76,-8.35,-8.02,-7.14,
2022-11-30,63,고금리(2022~),-11.54,-11.48,-12.06,-10.79,
2022-12-01,63,고금리(2022~),-11.87,-11.85,-13.61,-11.25,
2022-12-02,63,고금리(2022~),-13.63,-13.62,-14.7,-13.6,
2022-12-05,63,고금리(2022~),-12.93,-12.87,-13.85,-12.61,
2022-12-06,63,고금리(2022~),-13.81,-13.95,-15.0,-14.08,
2022-12-07,63,고금리(2022~),-11.63,-11.83,-11.89,-11.25,
2022-12-08,63,고금리(2022~),-12.85,-13.35,-13.14,-13.18,
2022-12-09,63,고금리(2022~),-8.59,-9.33,-9.21,-7.98,
2022-12-12,63,고금리(2022~),-13.05,-13.79,-12.99,-13.43,
2022-12-13,63,고금리(2022~),-12.26,-12.56,-11.85,-11.83,
2022-12-14,63,고금리(2022~),-11.78,-13.07,-12.45,-12.46,
2022-12-15,63,고금리(2022~),-13.64,-13.83,-13.48,-13.47,
2022-12-16,63,고금리(2022~),-14.69,-15.72,-15.5,-16.03,
2022-12-19,63,고금리(2022~),-16.03,-16.85,-17.25,-17.58,
2022-12-20,63,고금리(2022~),-17.69,-18.39,-18.93,-19.87,
2022-12-21,63,고금리(2022~),-17.93,-18.73,-18.61,-20.36,
2022-12-22,63,고금리(2022~),-16.29,-17.18,-16.79,-18.17,
2022-12-23,63,고금리(2022~),-19.51,-20.5,-20.2,-23.31,
2022-12-26,63,고금리(2022~),-19.56,-20.18,-20.03,-22.84,
2022-12-27,63,고금리(2022~),-19.38,-19.88,-20.05,-22.39,
2022-12-28,63,고금리(2022~),-22.05,-22.5,-22.84,-26.62,
2022-12-29,63,고금리(2022~),-23.72,-24.73,-25.32,-30.44,
2023-01-02,63,고금리(2022~),-24.64,-25.43,-26.36,-31.68,
2023-01-03,63,고금리(2022~),-26.18,-27.12,-28.15,-34.62,
2023-01-04,63,고금리(2022~),-25.09,-26.11,-26.93,-32.77,
2023-01-05,63,고금리(2022~),-28.07,-29.0,-30.48,-38.07,
2023-01-06,63,고금리(2022~),-28.77,-29.82,-32.19,-39.61,
2023-01-09,63,고금리(2022~),-28.65,-29.52,-31.86,-39.03,
2023-01-10,63,고금리(2022~),-28.49,-29.17,-32.2,-38.32,
2023-01-11,63,고금리(2022~),-26.79,-27.38,-28.99,-34.99,
2023-01-12,63,고금리(2022~),-27.54,-28.17,-30.47,-36.44,
2023-01-13,63,고금리(2022~),-27.97,-28.65,-30.39,-37.37,
2023-01-16,63,고금리(2022~),-27.25,-28.06,-30.26,-36.26,
2023-01-17,63,고금리(2022~),-28.17,-28.76,-30.6,-37.64,
2023-01-18,63,고금리(2022~),-25.53,-26.2,-27.5,-32.72,
2023-01-19,63,고금리(2022~),-23.92,-24.6,-25.71,-29.84,
2023-01-20,63,고금리(2022~),-22.15,-22.68,-22.81,-26.58,
2023-01-25,63,고금리(2022~),-19.6,-19.74,-19.44,-21.96,
2023-01-26,63,고금리(2022~),-18.08,-18.75,-18.17,-20.5,
2023-01-27,63,고금리(2022~),-21.08,-22.29,-22.07,-25.79,
2023-01-30,63,고금리(2022~),-21.88,-22.16,-22.16,-25.57,
2023-01-31,63,고금리(2022~),-22.71,-23.53,-23.6,-27.77,
2023-02-01,63,고금리(2022~),-19.01,-19.29,-18.88,-21.03,
2023-02-02,63,고금리(2022~),-17.37,-18.16,-17.56,-19.4,
2023-02-03,63,고금리(2022~),-16.72,-17.14,-16.81,-17.92,
2023-02-06,63,고금리(2022~),-16.72,-17.23,-17.02,-18.05,
2023-02-07,63,고금리(2022~),-13.68,-14.46,-14.67,-14.29,
2023-02-08,63,고금리(2022~),-11.46,-12.13,-14.48,-11.22,
2023-02-09,63,고금리(2022~),-10.17,-11.25,-13.84,-10.14,
2023-02-10,63,고금리(2022~),-10.94,-11.65,-14.58,-10.64,
2023-02-13,63,고금리(2022~),-11.77,-12.36,-13.79,-11.54,
2023-02-14,63,고금리(2022~),-12.98,-13.68,-15.54,-13.18,
2023-02-15,63,고금리(2022~),-14.34,-14.53,-16.18,-14.34,
2023-02-16,63,고금리(2022~),-11.06,-11.86,-13.4,-11.04,
2023-02-17,63,고금리(2022~),-14.55,-14.96,-15.86,-15.11,
2023-02-20,63,고금리(2022~),-12.88,-13.62,-12.93,-13.41,
2023-02-21,63,고금리(2022~),-11.77,-12.29,-11.18,-11.68,
2023-02-22,63,고금리(2022~),-13.03,-13.91,-12.87,-13.86,
2023-02-23,63,고금리(2022~),-12.06,-12.97,-11.76,-12.64,
2023-02-24,63,고금리(2022~),-14.35,-15.22,-14.27,-15.63,
2023-02-27,63,고금리(2022~),-14.92,-15.5,-14.81,-16.01,
2023-02-28,63,고금리(2022~),-14.12,-14.39,-13.44,-14.54,
2023-03-02,63,고금리(2022~),-15.72,-16.44,-16.06,-17.39,
2023-03-03,63,고금리(2022~),-12.93,-13.38,-12.52,-13.37,
2023-03-06,63,고금리(2022~),-12.36,-13.05,-12.01,-12.97,
2023-03-07,63,고금리(2022~),-11.44,-12.66,-12.06,-12.45,
2023-03-08,63,고금리(2022~),-13.41,-14.71,-14.4,-15.1,
2023-03-09,63,고금리(2022~),-14.49,-15.79,-16.69,-16.59,
2023-03-10,63,고금리(2022~),-18.29,-19.59,-23.61,-22.14,
2023-03-13,63,고금리(2022~),-13.67,-14.82,-18.04,-15.09,
2023-03-14,63,고금리(2022~),-17.33,-18.69,-22.51,-20.76,
2023-03-15,63,고금리(2022~),-15.77,-17.34,-20.02,-18.9,
2023-03-16,63,고금리(2022~),-16.34,-17.89,-20.66,-19.72,
2023-03-17,63,고금리(2022~),-14.0,-15.0,-17.3,-15.68,
2023-03-20,63,고금리(2022~),-12.28,-13.95,-16.0,-14.24,
2023-03-21,63,고금리(2022~),-12.72,-14.01,-15.22,-14.31,
2023-03-22,63,고금리(2022~),-10.94,-11.95,-11.5,-11.66,
2023-03-23,63,고금리(2022~),-11.58,-12.95,-12.24,-12.94,
2023-03-24,63,고금리(2022~),-9.57,-10.95,-9.82,-10.42,
2023-03-27,63,고금리(2022~),-8.03,-9.12,-7.75,-8.17,
2023-03-28,63,고금리(2022~),-7.7,-8.96,-7.62,-7.97,
2023-03-29,63,고금리(2022~),-7.6,-8.93,-7.68,-7.95,
2023-03-30,63,고금리(2022~),-9.92,-11.12,-9.81,-10.47,
2023-03-31,63,고금리(2022~),-9.04,-10.0,-8.66,-9.1,
2023-04-03,63,고금리(2022~),-9.42,-9.96,-8.59,-9.05,
2023-04-04,63,고금리(2022~),-6.85,-8.75,-7.33,-7.58,
2023-04-05,63,고금리(2022~),-4.48,-5.33,-3.93,-3.77,
2023-04-06,63,고금리(2022~),-4.08,-5.11,-4.27,-3.53,
2023-04-07,63,고금리(2022~),-3.97,-4.99,-4.62,-3.41,
2023-04-10,63,고금리(2022~),-1.02,-1.97,-3.49,-0.32,
2023-04-11,63,고금리(2022~),-0.52,-1.69,-2.19,-0.04,
2023-04-12,63,고금리(2022~),-3.55,-4.99,-5.44,-3.56,
2023-04-13,63,고금리(2022~),-3.56,-4.81,-5.27,-3.36,
2023-04-14,63,고금리(2022~),-5.15,-7.61,-7.48,-6.32,
2023-04-17,63,고금리(2022~),-7.74,-9.46,-9.95,-8.44,
2023-04-18,63,고금리(2022~),-8.49,-9.65,-10.11,-8.67,
2023-04-19,63,고금리(2022~),-10.22,-11.35,-11.55,-10.74,
2023-04-20,63,고금리(2022~),-13.61,-14.73,-15.01,-15.24,
2023-04-21,63,고금리(2022~),-18.33,-19.8,-20.99,-22.41,
2023-04-24,63,고금리(2022~),-16.43,-17.29,-17.07,-18.44,
2023-04-25,63,고금리(2022~),-14.49,-15.67,-14.85,-16.03,
2023-04-26,63,고금리(2022~),-17.84,-18.99,-19.11,-20.57,
2023-04-27,63,고금리(2022~),-17.56,-18.68,-19.33,-20.15,
2023-04-28,63,고금리(2022~),-17.42,-18.73,-18.33,-20.22,
2023-05-02,63,고금리(2022~),-12.47,-13.19,-11.65,-12.33,
2023-05-03,63,고금리(2022~),-16.97,-18.81,-18.0,-20.05,
2023-05-04,63,고금리(2022~),-15.82,-16.97,-16.07,-17.36,
2023-05-08,63,고금리(2022~),-12.98,-14.2,-12.5,-13.38,
2023-05-09,63,고금리(2022~),-13.78,-15.2,-14.18,-14.73,
2023-05-10,63,고금리(2022~),-17.02,-18.29,-17.4,-18.98,
2023-05-11,63,고금리(2022~),-18.5,-19.76,-19.8,-21.21,
2023-05-12,63,고금리(2022~),-17.78,-18.69,-17.45,-19.61,
2023-05-15,63,고금리(2022~),-16.65,-17.37,-16.05,-17.64,
2023-05-16,63,고금리(2022~),-13.57,-14.64,-13.31,-13.83,
2023-05-17,63,고금리(2022~),-13.01,-14.44,-12.9,-13.57,
2023-05-18,63,고금리(2022~),-12.47,-13.56,-12.71,-12.39,
2023-05-19,63,고금리(2022~),-13.76,-14.91,-13.96,-14.1,
2023-05-22,63,고금리(2022~),-13.26,-14.62,-13.69,-13.73,
2023-05-23,63,고금리(2022~),-10.34,-11.44,-10.95,-9.63,
2023-05-24,63,고금리(2022~),-12.85,-14.59,-15.28,-13.61,
2023-05-25,63,고금리(2022~),-14.01,-15.34,-14.35,-14.63,
2023-05-26,63,고금리(2022~),-15.04,-16.35,-14.84,-16.01,
2023-05-30,63,고금리(2022~),-13.94,-14.98,-14.48,-14.17,
2023-05-31,63,고금리(2022~),-13.46,-14.64,-14.96,-13.72,
2023-06-01,63,고금리(2022~),-12.7,-14.19,-13.28,-13.12,
2023-06-02,63,고금리(2022~),-10.89,-12.47,-10.48,-10.87,
2023-06-05,63,고금리(2022~),-10.86,-12.2,-10.99,-10.53,
2023-06-07,63,고금리(2022~),-8.64,-9.59,-8.15,-7.38,
2023-06-08,63,고금리(2022~),-8.78,-9.72,-7.5,-7.55,
2023-06-09,63,고금리(2022~),-5.51,-6.13,-4.13,-3.46,
2023-06-12,63,고금리(2022~),-6.42,-7.23,-5.22,-4.66,
2023-06-13,63,고금리(2022~),-4.06,-4.42,-2.45,-1.6,
2023-06-14,63,고금리(2022~),-6.91,-7.67,-5.75,-5.38,
2023-06-15,63,고금리(2022~),-5.05,-5.67,-3.39,-3.13,
2023-06-16,63,고금리(2022~),-5.51,-4.99,-2.4,-2.42,
2023-06-19,63,고금리(2022~),-5.14,-4.87,-2.67,-2.28,
2023-06-20,63,고금리(2022~),-5.34,-5.56,-4.22,-3.05,
2023-06-21,63,고금리(2022~),-6.37,-6.81,-5.94,-4.46,
2023-06-22,63,고금리(2022~),-6.53,-7.03,-6.24,-4.7,
2023-06-23,63,고금리(2022~),-4.64,-4.92,-4.77,-2.29,
2023-06-26,63,고금리(2022~),-4.03,-4.17,-5.56,-1.49,
2023-06-27,63,고금리(2022~),-3.24,-2.99,-2.69,-0.22,
2023-06-28,63,고금리(2022~),-2.83,-3.0,-2.67,-0.24,
2023-06-29,63,고금리(2022~),-4.66,-5.27,-5.68,-2.6,
2023-06-30,63,고금리(2022~),1.0,0.79,-1.44,3.75,
2023-07-03,63,고금리(2022~),5.31,4.59,3.68,7.13,
2023-07-04,63,고금리(2022~),3.35,2.52,3.41,5.26,
2023-07-05,63,고금리(2022~),7.02,6.19,5.73,8.61,
2023-07-06,63,고금리(2022~),1.01,0.94,1.62,3.95,
2023-07-07,63,고금리(2022~),-1.77,-2.69,-0.54,0.44,
2023-07-10,63,고금리(2022~),-1.13,-1.65,0.25,1.53,
2023-07-11,63,고금리(2022~),2.84,2.38,3.78,5.34,
2023-07-12,63,고금리(2022~),1.67,1.25,2.97,4.3,
2023-07-13,63,고금리(2022~),4.56,4.39,6.36,7.2,
2023-07-14,63,고금리(2022~),8.82,8.1,10.4,10.42,
2023-07-17,63,고금리(2022~),10.94,10.3,12.08,12.25,
2023-07-18,63,고금리(2022~),14.81,15.29,16.9,15.9,
2023-07-19,63,고금리(2022~),14.27,13.96,16.28,14.98,
2023-07-20,63,고금리(2022~),18.71,18.47,20.29,18.32,
2023-07-21,63,고금리(2022~),24.75,24.06,24.65,22.09,
2023-07-24,63,고금리(2022~),23.93,23.38,24.94,21.67,
2023-07-25,63,고금리(2022~),27.49,27.09,28.22,23.85,
2023-07-26,63,고금리(2022~),26.5,25.1,25.84,22.54,
2023-07-27,63,고금리(2022~),22.59,20.95,21.26,19.77,
2023-07-28,63,고금리(2022~),20.29,19.78,21.39,19.05,
2023-07-31,63,고금리(2022~),23.67,22.74,23.56,20.91,
2023-08-01,63,고금리(2022~),6.05,4.2,6.07,8.79,
2023-08-02,63,고금리(2022~),6.91,4.73,8.58,9.3,
2023-08-03,63,고금리(2022~),12.75,12.03,15.25,15.18,
2023-08-04,63,고금리(2022~),12.48,11.24,15.65,14.55,
2023-08-07,63,고금리(2022~),10.64,8.84,13.42,12.55,
2023-08-08,63,고금리(2022~),12.12,10.92,15.54,14.22,
2023-08-09,63,고금리(2022~),11.88,10.34,14.74,13.79,
2023-08-10,63,고금리(2022~),10.21,7.9,12.61,11.89,
2023-08-11,63,고금리(2022~),9.69,7.58,12.08,11.61,
2023-08-14,63,고금리(2022~),9.64,8.01,12.43,11.98,
2023-08-16,63,고금리(2022~),4.3,2.63,5.82,7.39,
2023-08-17,63,고금리(2022~),6.45,5.59,8.79,9.93,
2023-08-18,63,고금리(2022~),6.24,3.93,8.26,8.46,
2023-08-21,63,고금리(2022~),7.91,6.32,9.41,10.46,
2023-08-22,63,고금리(2022~),9.96,8.45,9.76,12.21,
2023-08-23,63,고금리(2022~),8.52,6.82,9.51,10.83,
2023-08-24,63,고금리(2022~),9.41,7.88,10.36,11.68,
2023-08-25,63,고금리(2022~),8.29,6.76,7.52,10.75,
2023-08-28,63,고금리(2022~),7.93,6.16,6.14,10.26,
2023-08-29,63,고금리(2022~),8.52,6.78,9.4,10.79,
2023-08-30,63,고금리(2022~),8.7,6.73,9.14,10.75,
2023-08-31,63,고금리(2022~),10.84,9.72,10.86,13.23,
2023-09-01,63,고금리(2022~),8.15,6.55,10.18,10.65,
2023-09-04,63,고금리(2022~),9.1,7.43,10.55,11.39,
2023-09-05,63,고금리(2022~),5.01,2.98,6.99,7.66,
2023-09-06,63,고금리(2022~),3.3,1.35,5.19,6.17,
2023-09-07,63,고금리(2022~),1.08,-0.63,2.66,4.28,
2023-09-08,63,고금리(2022~),3.84,2.1,6.03,6.83,
2023-09-11,63,고금리(2022~),1.09,-0.27,4.05,4.61,
2023-09-12,63,고금리(2022~),-0.27,-0.99,3.1,3.92,
2023-09-13,63,고금리(2022~),-3.59,-4.17,-0.95,0.73,
2023-09-14,63,고금리(2022~),-2.99,-4.11,-1.75,0.8,
2023-09-15,63,고금리(2022~),-3.39,-4.69,-2.41,0.19,
2023-09-18,63,고금리(2022~),-3.49,-4.27,-0.79,0.63,
2023-09-19,63,고금리(2022~),-3.07,-3.54,-0.83,1.4,
2023-09-20,63,고금리(2022~),-1.61,-2.05,-0.97,2.89,
2023-09-21,63,고금리(2022~),-5.78,-6.86,-4.93,-2.17,
2023-09-22,63,고금리(2022~),-6.82,-7.92,-5.81,-3.34,
2023-09-25,63,고금리(2022~),-9.27,-9.77,-8.8,-5.5,
2023-09-26,63,고금리(2022~),-8.73,-9.85,-8.76,-5.59,
2023-09-27,63,고금리(2022~),-6.56,-7.02,-3.99,-2.42,
2023-10-04,63,고금리(2022~),-11.98,-12.72,-9.4,-9.3,
2023-10-05,63,고금리(2022~),-12.05,-12.24,-10.17,-8.7,
2023-10-06,63,고금리(2022~),-11.24,-12.17,-8.55,-8.61,
2023-10-10,63,고금리(2022~),-12.39,-12.95,-9.27,-9.64,
2023-10-11,63,고금리(2022~),-10.79,-10.96,-7.15,-7.3,
2023-10-12,63,고금리(2022~),-6.32,-6.65,-3.18,-2.39,
2023-10-13,63,고금리(2022~),-6.71,-7.09,-3.99,-2.9,
2023-10-16,63,고금리(2022~),-7.03,-8.03,-4.05,-3.97,
2023-10-17,63,고금리(2022~),-4.05,-4.53,-0.35,-0.09,
2023-10-18,63,고금리(2022~),-6.23,-7.08,-3.02,-2.87,
2023-10-19,63,고금리(2022~),-8.34,-8.19,-4.99,-4.17,
2023-10-20,63,고금리(2022~),-8.67,-9.29,-6.55,-5.47,
2023-10-23,63,고금리(2022~),-9.11,-9.89,-7.22,-6.16,
2023-10-24,63,고금리(2022~),-5.26,-5.15,-2.11,-0.96,
2023-10-25,63,고금리(2022~),-6.99,-7.29,-4.6,-3.41,
2023-10-26,63,고금리(2022~),-13.0,-13.34,-10.93,-10.65,
2023-10-27,63,고금리(2022~),-9.83,-10.15,-8.2,-6.69,
2023-10-30,63,고금리(2022~),-9.44,-10.08,-8.17,-6.61,
2023-10-31,63,고금리(2022~),-10.25,-10.48,-9.88,-7.12,
2023-11-01,63,고금리(2022~),-11.12,-11.81,-10.89,-8.71,
2023-11-02,63,고금리(2022~),-8.55,-9.21,-6.65,-5.82,
2023-11-03,63,고금리(2022~),-6.34,-6.65,-4.46,-2.92,
2023-11-06,63,고금리(2022~),9.18,9.86,9.62,10.68,
2023-11-07,63,고금리(2022~),2.51,2.8,3.1,4.3,
2023-11-08,63,고금리(2022~),-2.57,-2.8,-1.86,-1.24,
2023-11-09,63,고금리(2022~),-5.48,-5.52,-4.46,-4.13,
2023-11-10,63,고금리(2022~),-7.99,-8.11,-7.13,-7.1,
2023-11-13,63,고금리(2022~),-9.83,-10.29,-9.68,-9.73,
2023-11-14,63,고금리(2022~),-7.59,-7.06,-5.91,-6.03,
2023-11-15,63,고금리(2022~),-6.18,-5.47,-4.5,-4.29,
2023-11-16,63,고금리(2022~),-7.3,-6.56,-5.56,-5.51,
2023-11-17,63,고금리(2022~),-9.3,-9.13,-9.08,-8.57,
2023-11-20,63,고금리(2022~),-7.59,-7.07,-7.3,-6.23,
2023-11-21,63,고금리(2022~),-7.86,-8.13,-8.49,-7.46,
2023-11-22,63,고금리(2022~),-9.07,-8.67,-9.3,-8.09,
2023-11-23,63,고금리(2022~),-7.07,-6.6,-6.95,-5.66,
2023-11-24,63,고금리(2022~),-9.18,-9.29,-9.08,-8.75,
2023-11-27,63,고금리(2022~),-10.63,-10.45,-11.65,-10.15,
2023-11-28,63,고금리(2022~),-11.04,-10.42,-11.71,-10.12,
2023-11-29,63,고금리(2022~),-9.47,-8.87,-11.11,-8.25,
2023-11-30,63,고금리(2022~),-8.92,-8.29,-9.65,-7.58,
2023-12-01,63,고금리(2022~),-8.38,-8.03,-8.16,-7.27,
2023-12-04,63,고금리(2022~),-10.1,-9.94,-11.53,-9.48,
2023-12-05,63,고금리(2022~),-12.36,-12.16,-14.21,-12.32,
2023-12-06,63,고금리(2022~),-13.64,-13.37,-15.65,-13.82,
2023-12-07,63,고금리(2022~),-14.38,-14.09,-14.93,-14.8,
2023-12-08,63,고금리(2022~),-11.66,-10.98,-11.2,-10.91,
2023-12-11,63,고금리(2022~),-9.99,-8.92,-8.41,-8.38,
2023-12-12,63,고금리(2022~),-10.99,-10.47,-10.16,-10.21,
2023-12-13,63,고금리(2022~),-12.42,-11.4,-11.12,-11.38,
2023-12-14,63,고금리(2022~),-10.26,-10.1,-9.93,-9.79,
2023-12-15,63,고금리(2022~),-12.04,-12.43,-12.5,-12.65,
2023-12-18,63,고금리(2022~),-10.48,-10.59,-10.87,-10.37,
2023-12-19,63,고금리(2022~),-11.05,-11.45,-12.52,-11.39,
2023-12-20,63,고금리(2022~),-11.36,-12.02,-13.15,-12.11,
2023-12-21,63,고금리(2022~),-11.28,-11.8,-12.93,-11.82,
2023-12-22,63,고금리(2022~),-11.98,-12.34,-13.73,-12.51,
2023-12-26,63,고금리(2022~),-11.75,-12.02,-12.24,-12.1,
2023-12-27,63,고금리(2022~),-10.04,-10.24,-11.43,-9.93,
2023-12-28,63,고금리(2022~),-6.2,-6.28,-7.03,-5.18,
2024-01-02,63,고금리(2022~),-3.69,-4.68,-6.47,-3.39,
2024-01-03,63,고금리(2022~),-6.1,-6.54,-7.72,-5.47,
2024-01-04,63,고금리(2022~),-5.1,-5.08,-4.94,-3.79,
2024-01-05,63,고금리(2022~),-2.81,-2.94,-4.38,-1.54,
2024-01-08,63,고금리(2022~),-2.8,-3.85,-5.51,-2.5,
2024-01-09,63,고금리(2022~),-2.25,-2.26,-4.55,-0.85,
2024-01-10,63,고금리(2022~),-3.33,-4.52,-5.2,-3.26,
2024-01-11,63,고금리(2022~),-1.69,-2.49,-2.65,-1.12,
2024-01-12,63,고금리(2022~),-1.52,-2.11,-1.72,-0.71,
2024-01-15,63,고금리(2022~),-2.17,-2.85,-3.12,-1.5,
2024-01-16,63,고금리(2022~),-5.8,-6.28,-6.05,-5.1,
2024-01-17,63,고금리(2022~),-6.73,-7.23,-7.18,-6.22,
2024-01-18,63,고금리(2022~),-7.17,-8.08,-8.43,-7.17,
2024-01-19,63,고금리(2022~),-7.65,-9.04,-9.38,-8.32,
2024-01-22,63,고금리(2022~),-11.31,-11.93,-12.82,-11.84,
2024-01-23,63,고금리(2022~),-9.9,-10.1,-11.42,-9.54,
2024-01-24,63,고금리(2022~),-10.98,-12.0,-13.0,-11.93,
2024-01-25,63,고금리(2022~),-13.5,-14.55,-15.52,-15.26,
2024-01-26,63,고금리(2022~),-11.14,-11.65,-11.88,-11.59,
2024-01-29,63,고금리(2022~),-12.56,-13.05,-13.81,-13.43,
2024-01-30,63,고금리(2022~),-11.71,-12.3,-12.44,-12.48,
2024-01-31,63,고금리(2022~),-14.43,-15.14,-15.77,-16.34,
2024-02-01,63,고금리(2022~),-13.91,-14.07,-14.61,-14.91,
2024-02-02,63,고금리(2022~),-10.91,-11.26,-11.05,-11.32,
2024-02-05,63,고금리(2022~),-11.62,-11.59,-12.38,-11.75,
2024-02-06,63,고금리(2022~),-10.19,-10.77,-11.8,-10.7,
2024-02-07,63,고금리(2022~),-10.04,-10.09,-11.71,-9.89,
2024-02-08,63,고금리(2022~),-8.44,-8.89,-9.57,-8.49,
2024-02-13,63,고금리(2022~),-1.75,-2.55,-2.74,-1.23,
2024-02-14,63,고금리(2022~),-1.63,-1.75,-1.44,-0.41,
2024-02-15,63,고금리(2022~),-1.36,-1.89,-2.2,-0.55,
2024-02-16,63,고금리(2022~),-1.09,-1.87,-1.91,-0.53,
2024-02-19,63,고금리(2022~),-0.41,-0.63,-0.63,0.73,
2024-02-20,63,고금리(2022~),1.1,0.71,0.04,2.05,
2024-02-21,63,고금리(2022~),-0.14,-1.18,-1.46,0.22,
2024-02-22,63,고금리(2022~),0.42,-0.25,-1.22,1.15,
2024-02-23,63,고금리(2022~),2.8,2.44,0.98,3.78,
2024-02-26,63,고금리(2022~),3.93,3.54,2.63,4.8,
2024-02-27,63,고금리(2022~),1.38,0.29,-0.78,1.69,
2024-02-28,63,고금리(2022~),2.25,1.6,1.42,2.92,
2024-02-29,63,고금리(2022~),1.98,1.66,1.7,2.99,
2024-03-04,63,고금리(2022~),2.45,1.63,2.71,2.96,
2024-03-05,63,고금리(2022~),-1.15,-2.26,-0.9,-0.82,
2024-03-06,63,고금리(2022~),0.72,0.04,1.4,1.5,
2024-03-07,63,고금리(2022~),-1.43,-2.24,-0.79,-0.78,
2024-03-08,63,고금리(2022~),0.73,0.82,2.22,2.22,
2024-03-11,63,고금리(2022~),1.76,1.17,2.53,2.56,
2024-03-12,63,고금리(2022~),5.71,5.19,6.36,6.23,
2024-03-13,63,고금리(2022~),5.7,4.86,6.08,5.93,
2024-03-14,63,고금리(2022~),5.55,4.54,5.46,5.64,
2024-03-15,63,고금리(2022~),4.14,2.51,3.4,3.76,
2024-03-18,63,고금리(2022~),6.33,5.96,6.6,6.87,
2024-03-19,63,고금리(2022~),6.64,5.66,6.6,6.6,
2024-03-20,63,고금리(2022~),7.97,6.87,7.75,7.68,
2024-03-21,63,고금리(2022~),10.0,8.94,9.42,9.38,
2024-03-22,63,고금리(2022~),10.63,9.26,10.06,9.65,
2024-03-25,63,고금리(2022~),12.89,11.48,11.97,11.41,
2024-03-26,63,고금리(2022~),13.45,13.02,12.96,12.6,
2024-03-27,63,고금리(2022~),10.52,9.52,9.39,9.83,
2024-03-28,63,고금리(2022~),13.15,11.89,12.37,11.8,
2024-03-29,63,고금리(2022~),9.13,7.96,8.62,8.64,
2024-04-01,63,고금리(2022~),8.22,7.01,7.75,7.84,
2024-04-02,63,고금리(2022~),2.7,1.73,2.74,2.98,
2024-04-03,63,고금리(2022~),-0.29,-0.52,0.74,0.76,
2024-04-04,63,고금리(2022~),0.0,-0.44,0.69,0.84,
2024-04-05,63,고금리(2022~),-1.45,-2.67,-1.49,-1.49,
2024-04-08,63,고금리(2022~),-1.15,-2.36,-1.16,-1.16,
2024-04-09,63,고금리(2022~),-0.86,-1.67,-0.51,-0.45,
2024-04-11,63,고금리(2022~),-1.15,-2.31,-1.17,-1.12,
2024-04-12,63,고금리(2022~),0.14,-0.17,1.05,1.08,
2024-04-15,63,고금리(2022~),1.72,0.7,1.71,1.96,
2024-04-16,63,고금리(2022~),0.0,-1.02,-0.01,0.21,
2024-04-17,63,고금리(2022~),-1.8,-2.75,-1.58,-1.57,
2024-04-18,63,고금리(2022~),4.15,3.88,4.84,4.9,
2024-04-19,63,고금리(2022~),2.4,1.14,2.24,2.31,
2024-04-22,63,고금리(2022~),3.15,2.53,3.36,3.61,
2024-04-23,63,고금리(2022~),5.14,4.89,6.0,5.83,
2024-04-24,63,고금리(2022~),8.21,7.43,8.24,8.02,
2024-04-25,63,고금리(2022~),4.91,3.53,4.34,4.56,
2024-04-26,63,고금리(2022~),5.52,4.65,4.98,5.59,
2024-04-29,63,고금리(2022~),7.07,6.4,7.05,7.11,
2024-04-30,63,고금리(2022~),5.6,4.33,5.04,5.31,
2024-05-02,63,고금리(2022~),9.82,8.56,9.16,9.2,
2024-05-03,63,고금리(2022~),21.28,22.59,20.8,20.93,
2024-05-07,63,고금리(2022~),13.49,11.31,13.76,13.71,
2024-05-08,63,고금리(2022~),11.45,8.96,11.7,11.89,
2024-05-09,63,고금리(2022~),11.37,9.63,12.23,12.43,
2024-05-10,63,고금리(2022~),7.23,5.1,8.51,8.74,
2024-05-13,63,고금리(2022~),4.82,3.23,6.65,7.06,
2024-05-14,63,고금리(2022~),6.44,4.63,7.9,8.3,
2024-05-16,63,고금리(2022~),5.76,3.82,7.74,7.61,
2024-05-17,63,고금리(2022~),-1.24,-2.65,1.06,1.27,
2024-05-20,63,고금리(2022~),0.69,-0.99,2.63,2.95,
2024-05-21,63,고금리(2022~),-0.28,-1.48,2.32,2.48,
2024-05-22,63,고금리(2022~),1.38,-0.25,3.61,3.7,
2024-05-23,63,고금리(2022~),1.38,-0.34,3.52,3.61,
2024-05-24,63,고금리(2022~),0.0,-1.64,2.13,2.34,
2024-05-27,63,고금리(2022~),2.77,1.59,5.56,5.41,
2024-05-28,63,고금리(2022~),3.47,1.81,5.72,5.62,
2024-05-29,63,고금리(2022~),1.36,-0.25,3.44,3.63,
2024-05-30,63,고금리(2022~),1.62,-0.08,3.25,3.8,
2024-05-31,63,고금리(2022~),0.41,-0.44,3.42,3.46,
2024-06-03,63,고금리(2022~),0.69,-0.78,2.93,3.14,
2024-06-04,63,고금리(2022~),3.61,2.01,5.5,5.82,
2024-06-05,63,고금리(2022~),9.72,8.07,7.09,11.25,
2024-06-07,63,고금리(2022~),13.62,12.42,14.92,14.61,
2024-06-10,63,고금리(2022~),15.45,14.34,16.78,16.12,
2024-06-11,63,고금리(2022~),15.51,13.8,16.41,15.73,
2024-06-12,63,고금리(2022~),17.68,15.36,18.21,16.9,
2024-06-13,63,고금리(2022~),16.45,14.24,17.28,16.08,
2024-06-14,63,고금리(2022~),10.67,8.69,12.11,11.91,
2024-06-17,63,고금리(2022~),10.07,8.74,12.61,11.95,
2024-06-18,63,고금리(2022~),8.81,6.98,11.17,10.53,
2024-06-19,63,고금리(2022~),6.96,5.73,10.11,9.5,
2024-06-20,63,고금리(2022~),5.1,4.14,8.44,8.1,
2024-06-21,63,고금리(2022~),2.83,1.24,5.69,5.55,
2024-06-24,63,고금리(2022~),3.2,2.11,6.61,6.39,
2024-06-25,63,고금리(2022~),0.56,-0.53,3.96,3.99,
2024-06-26,63,고금리(2022~),0.97,0.15,4.71,4.66,
2024-06-27,63,고금리(2022~),2.37,1.75,6.34,6.17,
2024-06-28,63,고금리(2022~),2.09,0.27,4.75,4.8,
2024-07-01,63,고금리(2022~),2.56,0.94,5.17,5.4,
2024-07-02,63,고금리(2022~),-1.38,-3.25,1.02,1.27,
2024-07-03,63,고금리(2022~),1.13,0.1,4.48,4.51,
2024-07-04,63,고금리(2022~),2.58,1.24,5.21,5.57,
2024-07-05,63,고금리(2022~),5.99,4.71,3.8,8.7,
2024-07-08,63,고금리(2022~),7.53,5.56,7.8,9.43,
2024-07-09,63,고금리(2022~),6.79,4.77,5.93,8.75,
2024-07-10,63,고금리(2022~),7.95,6.43,8.58,10.21,
2024-07-11,63,고금리(2022~),7.3,5.57,7.4,9.47,
2024-07-12,63,고금리(2022~),8.56,7.41,10.12,11.06,
2024-07-15,63,고금리(2022~),7.28,5.77,9.17,9.71,
2024-07-16,63,고금리(2022~),9.03,7.22,11.36,10.99,
2024-07-17,63,고금리(2022~),5.49,3.96,8.33,8.19,
2024-07-18,63,고금리(2022~),6.43,5.18,9.85,9.28,
2024-07-19,63,고금리(2022~),8.47,7.12,11.77,10.92,
2024-07-22,63,고금리(2022~),3.16,0.96,5.6,5.46,
2024-07-23,63,고금리(2022~),2.62,0.89,5.5,5.4,
2024-07-24,63,고금리(2022~),4.3,2.94,7.48,7.31,
2024-07-25,63,고금리(2022~),1.36,-0.57,4.02,3.98,
2024-07-26,63,고금리(2022~),3.52,2.23,6.91,6.7,
2024-07-29,63,고금리(2022~),-0.28,-1.42,3.36,3.51,
2024-07-30,63,고금리(2022~),0.69,-1.0,3.63,3.93,
2024-07-31,63,고금리(2022~),2.2,0.6,5.26,5.48,
2024-08-01,63,고금리(2022~),5.73,4.18,8.94,8.72,
2024-08-02,63,고금리(2022~),-0.8,-2.37,2.15,2.4,
2024-08-05,63,고금리(2022~),-9.38,-12.03,-10.29,-10.1,
2024-08-06,63,고금리(2022~),-1.03,-0.96,0.45,1.33,
2024-08-07,63,고금리(2022~),4.48,4.38,3.82,6.44,
2024-08-08,63,고금리(2022~),5.1,4.41,5.1,6.46,
2024-08-09,63,고금리(2022~),7.14,6.19,5.93,7.97,
2024-08-12,63,고금리(2022~),6.63,5.47,6.29,7.34,
2024-08-13,63,고금리(2022~),8.06,7.05,8.21,8.75,
2024-08-14,63,고금리(2022~),10.49,10.56,12.05,11.62,
2024-08-16,63,고금리(2022~),12.66,11.59,12.99,12.41,
2024-08-19,63,고금리(2022~),13.42,12.86,14.46,13.44,
2024-08-20,63,고금리(2022~),9.56,8.31,10.76,10.04,
2024-08-21,63,고금리(2022~),9.96,9.14,11.22,10.75,
2024-08-22,63,고금리(2022~),10.19,8.63,10.55,10.33,
2024-08-23,63,고금리(2022~),10.38,9.14,11.16,10.75,
2024-08-26,63,고금리(2022~),12.15,11.06,12.6,12.35,
2024-08-27,63,고금리(2022~),10.99,10.22,12.26,11.67,
2024-08-28,63,고금리(2022~),8.46,7.19,8.93,9.26,
2024-08-29,63,고금리(2022~),9.31,8.77,10.11,10.62,
2024-08-30,63,고금리(2022~),12.23,10.65,12.12,12.11,
2024-09-02,63,고금리(2022~),13.64,13.37,14.95,14.22,
2024-09-03,63,고금리(2022~),17.29,15.53,15.84,15.93,
2024-09-04,63,고금리(2022~),6.8,5.2,6.78,7.74,
2024-09-05,63,고금리(2022~),5.74,4.3,5.89,6.93,
2024-09-06,63,고금리(2022~),0.87,-0.33,0.08,2.54,
2024-09-09,63,고금리(2022~),1.63,1.3,2.64,4.07,
2024-09-10,63,고금리(2022~),-0.25,-0.81,0.18,1.98,
2024-09-11,63,고금리(2022~),1.49,1.39,3.19,4.13,
2024-09-12,63,고금리(2022~),4.63,4.39,6.06,6.76,
2024-09-13,63,고금리(2022~),7.73,7.68,9.93,9.71,
2024-09-19,63,고금리(2022~),11.75,11.46,13.39,12.77,
2024-09-20,63,고금리(2022~),11.95,11.34,13.51,12.68,
2024-09-23,63,고금리(2022~),12.8,11.18,13.61,12.56,
2024-09-24,63,고금리(2022~),15.54,15.05,17.07,15.42,
2024-09-25,63,고금리(2022~),14.71,14.34,16.02,14.88,
2024-09-26,63,고금리(2022~),15.72,15.88,17.8,15.96,
2024-09-27,63,고금리(2022~),14.34,13.56,15.06,14.23,
2024-09-30,63,고금리(2022~),8.57,8.26,10.28,10.13,
2024-10-02,63,고금리(2022~),7.24,7.59,9.33,9.58,
2024-10-04,63,고금리(2022~),8.59,8.42,9.64,10.26,
2024-10-07,63,고금리(2022~),9.54,10.09,11.42,11.6,
2024-10-08,63,고금리(2022~),9.54,8.97,10.08,10.69,
2024-10-10,63,고금리(2022~),10.06,9.8,9.11,11.38,
2024-10-11,63,고금리(2022~),10.62,9.95,11.73,11.5,
2024-10-14,63,고금리(2022~),8.1,7.59,9.37,9.58,
2024-10-15,63,고금리(2022~),9.96,10.04,11.9,11.6,
2024-10-16,63,고금리(2022~),6.14,5.18,7.01,7.56,
2024-10-17,63,고금리(2022~),5.85,5.57,7.59,7.9,
2024-10-18,63,고금리(2022~),3.21,2.44,4.32,5.05,
2024-10-21,63,고금리(2022~),4.75,4.59,6.33,6.98,
2024-10-22,63,고금리(2022~),0.39,0.21,1.24,2.83,
2024-10-23,63,고금리(2022~),2.53,2.39,2.83,4.88,
2024-10-24,63,고금리(2022~),0.13,-0.5,0.26,2.1,
2024-10-25,63,고금리(2022~),-0.78,-1.23,-0.05,1.38,
2024-10-28,63,고금리(2022~),5.87,5.64,7.27,7.87,
2024-10-29,63,고금리(2022~),4.04,3.81,4.31,6.31,
2024-10-30,63,고금리(2022~),1.06,0.71,1.72,3.42,
2024-10-31,63,고금리(2022~),0.4,0.59,1.04,3.31,
2024-11-01,63,고금리(2022~),-2.36,-2.77,-1.34,-0.12,
2024-11-04,63,고금리(2022~),2.21,2.22,3.1,4.47,
2024-11-05,63,고금리(2022~),1.5,1.61,2.12,3.88,
2024-11-06,63,고금리(2022~),0.27,0.09,0.91,2.4,
2024-11-07,63,고금리(2022~),-1.72,-1.87,-1.18,0.42,
2024-11-08,63,고금리(2022~),-1.62,-1.99,-3.47,0.3,
2024-11-11,63,고금리(2022~),-4.51,-4.79,-4.69,-2.64,
2024-11-12,63,고금리(2022~),-6.27,-6.72,-6.14,-4.8,
2024-11-13,63,고금리(2022~),-10.09,-10.2,-9.53,-8.97,
2024-11-14,63,고금리(2022~),-9.96,-10.24,-8.87,-9.02,
2024-11-15,63,고금리(2022~),-10.19,-10.31,-9.23,-9.1,
2024-11-18,63,고금리(2022~),-9.64,-9.41,-8.56,-8.03,
2024-11-19,63,고금리(2022~),-10.95,-11.06,-9.95,-10.08,
2024-11-20,63,고금리(2022~),-11.84,-11.97,-11.46,-11.23,
2024-11-21,63,고금리(2022~),-12.22,-12.05,-12.17,-11.33,
2024-11-22,63,고금리(2022~),-10.51,-10.93,-9.96,-9.82,
2024-11-25,63,고금리(2022~),-5.82,-5.28,-4.73,-3.55,
2024-11-26,63,고금리(2022~),-8.31,-8.46,-7.67,-7.18,
2024-11-27,63,고금리(2022~),-6.91,-6.59,-6.14,-4.99,
2024-11-28,63,고금리(2022~),-5.32,-5.04,-4.31,-3.25,
2024-11-29,63,고금리(2022~),-7.46,-7.33,-6.64,-5.89,
2024-12-02,63,고금리(2022~),-6.28,-6.07,-4.95,-4.45,
2024-12-03,63,고금리(2022~),-4.7,-4.49,-3.22,-2.79,
2024-12-04,63,고금리(2022~),-5.23,-5.73,-4.62,-4.19,
2024-12-05,63,고금리(2022~),-7.02,-8.36,-7.03,-7.1,
2024-12-06,63,고금리(2022~),-10.08,-11.05,-9.87,-10.33,
2024-12-09,63,고금리(2022~),-14.86,-14.76,-14.57,-15.31,
2024-12-10,63,고금리(2022~),-9.25,-8.94,-8.94,-8.19,
2024-12-11,63,고금리(2022~),-6.51,-6.81,-6.8,-5.66,
2024-12-12,63,고금리(2022~),-3.19,-3.88,-4.47,-2.43,
2024-12-13,63,고금리(2022~),-3.46,-4.51,-4.1,-3.1,
2024-12-16,63,고금리(2022~),-1.98,-3.22,-3.44,-1.71,
2024-12-17,63,고금리(2022~),-4.03,-5.33,-5.5,-4.0,
2024-12-18,63,고금리(2022~),-1.84,-2.98,-3.23,-1.46,
2024-12-19,63,고금리(2022~),-2.75,-4.1,-5.26,-2.71,
2024-12-20,63,고금리(2022~),-2.1,-2.71,-5.18,-1.17,
2024-12-23,63,고금리(2022~),-3.44,-4.08,-4.26,-2.55,
2024-12-24,63,고금리(2022~),-1.31,-2.19,-2.31,-0.54,
2024-12-26,63,고금리(2022~),-1.55,-2.28,-2.57,-0.63,
2024-12-27,63,고금리(2022~),-3.41,-4.96,-4.96,-3.48,
2024-12-30,63,고금리(2022~),4.45,2.75,2.31,4.61,
2025-01-02,63,고금리(2022~),3.38,1.27,1.23,3.26,
2025-01-03,63,고금리(2022~),10.28,8.42,8.39,9.63,
2025-01-06,63,고금리(2022~),4.71,2.83,4.35,5.13,
2025-01-07,63,고금리(2022~),3.06,1.98,3.82,4.35,
2025-01-08,63,고금리(2022~),1.41,-0.49,1.55,2.04,
2025-01-09,63,고금리(2022~),1.41,-0.21,1.69,2.31,
2025-01-10,63,고금리(2022~),3.3,1.69,2.77,4.21,
2025-01-13,63,고금리(2022~),-0.87,-1.88,-1.12,0.73,
2025-01-14,63,고금리(2022~),0.0,-0.86,0.26,1.72,
2025-01-15,63,고금리(2022~),-0.25,-1.52,-1.13,1.05,
2025-01-16,63,고금리(2022~),1.93,1.26,2.74,3.7,
2025-01-17,63,고금리(2022~),-0.39,-1.38,-0.5,1.17,
2025-01-20,63,고금리(2022~),0.78,0.05,1.25,2.58,
2025-01-21,63,고금리(2022~),0.65,-0.96,-0.03,1.59,
2025-01-22,63,고금리(2022~),3.14,2.0,2.76,4.46,
2025-01-23,63,고금리(2022~),1.43,0.03,-0.81,2.6,
2025-01-24,63,고금리(2022~),4.07,2.96,4.79,5.38,
2025-01-31,63,고금리(2022~),2.76,1.41,2.95,3.95,
2025-02-03,63,고금리(2022~),-0.76,-1.76,-1.13,0.7,
2025-02-04,63,고금리(2022~),1.16,0.33,1.99,2.69,
2025-02-05,63,고금리(2022~),4.21,3.28,3.43,5.47,
2025-02-06,63,고금리(2022~),5.47,3.98,4.88,6.1,
2025-02-07,63,고금리(2022~),4.83,3.22,2.59,5.42,
2025-02-10,63,고금리(2022~),5.0,3.79,5.35,5.93,
2025-02-11,63,고금리(2022~),5.52,4.37,6.37,6.47,
2025-02-12,63,고금리(2022~),6.44,5.6,7.88,7.57,
2025-02-13,63,고금리(2022~),8.47,7.51,9.63,9.23,
2025-02-14,63,고금리(2022~),10.81,10.03,11.66,11.28,
2025-02-17,63,고금리(2022~),11.11,9.82,11.81,11.11,
2025-02-18,63,고금리(2022~),11.7,10.55,12.52,11.7,
2025-02-19,63,고금리(2022~),12.62,11.24,12.9,12.24,
2025-02-20,63,고금리(2022~),9.54,8.33,10.3,9.88,
2025-02-21,63,고금리(2022~),10.08,8.56,10.15,10.06,
2025-02-24,63,고금리(2022~),10.11,8.16,9.9,9.73,
2025-02-25,63,고금리(2022~),7.96,7.32,8.79,9.03,
2025-02-26,63,고금리(2022~),8.67,6.89,7.89,8.67,
2025-02-27,63,고금리(2022~),8.02,6.83,6.37,8.61,
2025-02-28,63,고금리(2022~),2.97,1.98,3.31,4.1,
2025-03-04,63,고금리(2022~),1.74,0.52,1.58,2.71,
2025-03-05,63,고금리(2022~),1.49,0.31,0.94,2.5,
2025-03-06,63,고금리(2022~),-2.38,-3.35,-2.24,-1.22,
2025-03-07,63,고금리(2022~),-6.01,-7.07,-8.0,-5.23,
2025-03-10,63,고금리(2022~),-6.76,-7.75,-7.93,-6.01,
2025-03-11,63,고금리(2022~),-4.64,-6.05,-6.78,-4.0,
2025-03-12,63,고금리(2022~),-4.68,-5.42,-4.24,-3.33,
2025-03-13,63,고금리(2022~),-5.39,-6.14,-4.62,-4.13,
2025-03-14,63,고금리(2022~),-4.04,-3.91,-2.65,-1.79,
2025-03-17,63,고금리(2022~),-2.14,-2.71,-2.07,-0.56,
2025-03-18,63,고금리(2022~),-3.36,-4.06,-4.32,-1.95,
2025-03-19,63,고금리(2022~),-3.31,-3.9,-2.97,-1.77,
2025-03-20,63,고금리(2022~),-7.87,-8.71,-8.26,-7.11,
2025-03-21,63,고금리(2022~),-9.26,-9.92,-9.34,-8.59,
2025-03-24,63,고금리(2022~),-7.54,-7.86,-6.69,-6.15,
2025-03-25,63,고금리(2022~),-8.31,-8.28,-6.73,-6.65,
2025-03-26,63,고금리(2022~),-7.25,-7.53,-5.91,-5.78,
2025-03-27,63,고금리(2022~),-8.39,-8.74,-7.09,-7.21,
2025-03-28,63,고금리(2022~),-10.7,-11.43,-9.98,-10.52,
2025-03-31,63,고금리(2022~),-14.8,-15.58,-14.68,-16.03,
2025-04-01,63,고금리(2022~),-9.71,-10.29,-8.7,-9.2,
2025-04-02,63,고금리(2022~),-11.74,-12.34,-10.93,-11.77,
2025-04-03,63,고금리(2022~),-12.33,-12.85,-11.5,-12.42,
2025-04-04,63,고금리(2022~),-12.18,-12.54,-11.2,-12.04,
2025-04-07,63,고금리(2022~),-18.18,-18.68,-18.78,-20.94,
2025-04-08,63,고금리(2022~),-17.39,-17.27,-17.15,-18.93,
2025-04-09,63,고금리(2022~),-19.66,-19.7,-20.01,-22.67,
2025-04-10,63,고금리(2022~),-15.94,-16.38,-16.26,-18.23,
2025-04-11,63,고금리(2022~),-14.6,-15.21,-15.04,-16.62,
2025-04-14,63,고금리(2022~),-14.52,-14.57,-14.79,-15.79,
2025-04-15,63,고금리(2022~),-15.15,-15.03,-15.64,-16.42,
2025-04-16,63,고금리(2022~),-17.44,-17.45,-18.28,-19.92,
2025-04-17,63,고금리(2022~),-14.21,-14.84,-15.14,-16.27,
2025-04-18,63,고금리(2022~),-13.85,-14.57,-15.33,-15.9,
2025-04-21,63,고금리(2022~),-14.38,-14.83,-15.5,-16.27,
2025-04-22,63,고금리(2022~),-13.75,-14.22,-14.39,-15.42,
2025-04-23,63,고금리(2022~),-12.0,-12.45,-12.5,-13.16,
2025-04-24,63,고금리(2022~),-11.83,-12.44,-12.38,-13.15,
2025-04-25,63,고금리(2022~),-11.45,-11.61,-11.45,-12.09,
2025-04-28,63,고금리(2022~),-12.94,-13.66,-13.59,-14.78,
2025-04-29,63,고금리(2022~),-7.82,-8.38,-7.89,-7.93,
2025-04-30,63,고금리(2022~),-10.97,-11.47,-10.85,-11.7,
2025-05-02,63,고금리(2022~),-11.88,-12.43,-11.89,-12.88,
2025-05-07,63,고금리(2022~),-13.07,-13.68,-13.28,-14.52,
2025-05-08,63,고금리(2022~),-12.28,-12.77,-12.3,-13.32,
2025-05-09,63,고금리(2022~),-13.76,-14.48,-14.52,-15.62,
2025-05-12,63,고금리(2022~),-14.18,-14.71,-14.74,-15.93,
2025-05-13,63,고금리(2022~),-12.53,-12.79,-12.29,-13.38,
2025-05-14,63,고금리(2022~),-13.64,-14.39,-14.08,-15.45,
2025-05-15,63,고금리(2022~),-14.54,-15.21,-15.0,-16.57,
2025-05-16,63,고금리(2022~),-13.24,-14.72,-14.85,-15.88,
2025-05-19,63,고금리(2022~),-13.75,-14.24,-14.8,-15.2,
2025-05-20,63,고금리(2022~),-13.33,-13.72,-14.59,-14.51,
2025-05-21,63,고금리(2022~),-11.75,-12.12,-12.38,-12.44,
2025-05-22,63,고금리(2022~),-12.47,-13.01,-13.69,-13.58,
2025-05-23,63,고금리(2022~),-14.57,-15.15,-15.58,-16.38,
2025-05-26,63,고금리(2022~),-13.76,-14.31,-14.27,-15.26,
2025-05-27,63,고금리(2022~),-12.98,-13.17,-12.96,-13.76,
2025-05-28,63,고금리(2022~),-12.12,-12.34,-12.01,-12.67,
2025-05-29,63,고금리(2022~),-10.35,-11.28,-10.85,-11.33,
2025-05-30,63,고금리(2022~),-9.91,-10.15,-9.81,-9.92,
2025-06-02,63,고금리(2022~),-9.77,-10.32,-9.81,-10.13,
2025-06-04,63,고금리(2022~),-9.31,-9.85,-9.02,-9.56,
2025-06-05,63,고금리(2022~),-9.5,-10.34,-9.63,-10.14,
2025-06-09,63,고금리(2022~),-9.47,-9.94,-9.2,-9.66,
2025-06-10,63,고금리(2022~),-8.82,-9.49,-8.65,-9.13,
2025-06-11,63,고금리(2022~),-7.09,-7.56,-6.65,-6.91,
2025-06-12,63,고금리(2022~),-7.67,-8.18,-7.31,-7.63,
2025-06-13,63,고금리(2022~),-10.54,-11.12,-10.5,-11.29,
2025-06-16,63,고금리(2022~),-11.72,-12.65,-12.19,-13.18,
2025-06-17,63,고금리(2022~),-12.35,-13.19,-12.78,-13.88,
2025-06-18,63,고금리(2022~),-12.48,-12.56,-12.42,-13.07,
2025-06-19,63,고금리(2022~),-10.91,-11.39,-11.49,-11.56,
2025-06-20,63,고금리(2022~),-10.42,-10.93,-11.23,-11.01,
2025-06-23,63,고금리(2022~),-12.33,-13.19,-13.77,-13.92,
2025-06-24,63,고금리(2022~),-12.18,-12.59,-13.29,-13.17,
2025-06-25,63,고금리(2022~),-11.89,-12.15,-12.08,-12.6,
2025-06-26,63,고금리(2022~),-11.48,-11.84,-11.51,-12.19,
2025-06-27,63,고금리(2022~),-10.85,-11.35,-11.01,-11.56,
2025-06-30,63,고금리(2022~),-9.19,-10.14,-9.65,-10.03,
2025-07-01,63,고금리(2022~),-10.79,-11.67,-11.39,-11.91,
2025-07-02,63,고금리(2022~),-9.64,-10.21,-9.98,-10.1,
2025-07-03,63,고금리(2022~),-8.4,-8.9,-8.3,-8.54,
2025-07-04,63,고금리(2022~),-11.84,-12.15,-11.79,-12.65,
2025-07-07,63,고금리(2022~),-11.52,-11.38,-10.99,-11.67,
2025-07-08,63,고금리(2022~),-10.9,-11.23,-10.8,-11.48,
2025-07-09,63,고금리(2022~),-8.74,-9.25,-8.57,-9.04,
2025-07-10,63,고금리(2022~),-8.86,-9.4,-8.71,-9.22,
2025-07-11,63,고금리(2022~),-9.04,-9.32,-8.63,-9.12,
2025-07-14,63,고금리(2022~),-9.34,-10.52,-9.88,-10.58,
2025-07-15,63,고금리(2022~),-9.7,-9.84,-9.18,-9.78,
2025-07-16,63,고금리(2022~),-9.13,-10.02,-9.38,-10.0,
2025-07-17,63,고금리(2022~),-8.57,-9.34,-8.89,-9.2,
2025-07-18,63,고금리(2022~),-6.85,-7.65,-7.39,-7.18,
2025-07-21,63,고금리(2022~),-8.48,-9.11,-9.28,-8.87,
2025-07-22,63,고금리(2022~),-13.05,-13.54,-14.11,-14.32,
2025-07-23,63,고금리(2022~),-12.54,-13.05,-13.71,-13.67,
2025-07-24,63,고금리(2022~),-12.37,-12.67,-12.57,-13.18,
2025-07-25,63,고금리(2022~),-11.99,-12.47,-12.15,-12.92,
2025-07-28,63,고금리(2022~),-12.9,-13.13,-13.01,-13.75,
2025-07-29,63,고금리(2022~),-15.31,-15.69,-16.27,-17.14,
2025-07-30,63,고금리(2022~),-17.44,-18.25,-19.28,-20.72,
2025-07-31,63,고금리(2022~),-14.87,-14.78,-15.09,-15.66,
2025-08-01,63,고금리(2022~),-18.64,-19.05,-19.51,-22.04,
2025-08-04,63,고금리(2022~),-14.73,-15.07,-14.84,-16.25,
2025-08-05,63,고금리(2022~),-13.48,-13.48,-13.22,-14.18,
2025-08-06,63,고금리(2022~),-12.12,-12.64,-12.24,-13.08,
2025-08-07,63,고금리(2022~),-15.74,-16.14,-16.51,-17.64,
2025-08-08,63,고금리(2022~),-16.84,-17.26,-17.74,-19.19,
2025-08-11,63,고금리(2022~),-14.16,-14.45,-14.18,-15.2,
2025-08-12,63,고금리(2022~),-15.5,-16.03,-15.82,-17.37,
2025-08-13,63,고금리(2022~),-11.92,-11.78,-10.85,-11.68,
2025-08-14,63,고금리(2022~),-10.6,-10.71,-9.66,-10.32,
2025-08-18,63,고금리(2022~),-15.26,-15.12,-14.44,-15.98,
2025-08-19,63,고금리(2022~),-13.36,-13.88,-13.06,-14.21,
2025-08-20,63,고금리(2022~),-12.54,-13.18,-12.63,-13.27,
2025-08-21,63,고금리(2022~),-12.75,-13.52,-13.69,-13.72,
2025-08-22,63,고금리(2022~),-14.53,-15.29,-15.36,-16.02,
2025-08-25,63,고금리(2022~),-12.68,-13.37,-12.82,-13.51,
2025-08-26,63,고금리(2022~),-16.54,-16.96,-16.25,-18.19,
2025-08-27,63,고금리(2022~),-17.98,-18.5,-18.03,-20.4,
2025-08-28,63,고금리(2022~),-18.58,-18.78,-18.85,-20.81,
2025-08-29,63,고금리(2022~),-18.9,-19.3,-19.85,-21.59,
2025-09-01,63,고금리(2022~),-19.14,-19.42,-19.35,-21.78,
2025-09-02,63,고금리(2022~),-17.03,-17.11,-16.91,-18.36,
2025-09-03,63,고금리(2022~),-17.77,-18.17,-17.58,-19.88,
2025-09-04,63,고금리(2022~),-17.2,-17.6,-16.97,-19.07,
2025-09-05,63,고금리(2022~),-16.64,-17.18,-16.48,-18.47,
2025-09-08,63,고금리(2022~),-15.33,-15.52,-15.4,-16.13,
2025-09-09,63,고금리(2022~),-14.22,-14.72,-14.78,-15.04,
2025-09-10,63,고금리(2022~),-13.29,-13.62,-12.93,-13.59,
2025-09-11,63,고금리(2022~),-10.88,-11.27,-10.57,-10.51,
2025-09-12,63,고금리(2022~),-8.64,-8.59,-7.12,-7.33,
2025-09-15,63,고금리(2022~),-6.81,-6.66,-5.03,-5.08,
2025-09-16,63,고금리(2022~),-7.91,-8.88,-7.54,-7.59,
2025-09-17,63,고금리(2022~),-10.11,-10.61,-9.09,-9.66,
2025-09-18,63,고금리(2022~),-8.53,-8.76,-7.24,-7.45,
2025-09-19,63,고금리(2022~),-7.34,-7.26,-6.17,-5.71,
2025-09-22,63,고금리(2022~),-6.38,-6.68,-5.15,-5.08,
2025-09-23,63,고금리(2022~),-7.94,-8.49,-7.03,-7.16,
2025-09-24,63,고금리(2022~),-8.44,-8.78,-7.63,-7.5,
2025-09-25,63,고금리(2022~),-11.86,-12.2,-11.43,-11.64,
2025-09-26,63,고금리(2022~),-14.35,-14.76,-14.6,-14.99,
2025-09-29,63,고금리(2022~),-13.63,-13.59,-13.74,-13.46,
2025-09-30,63,고금리(2022~),-13.26,-13.2,-12.63,-12.94,
2025-10-01,63,고금리(2022~),-12.69,-12.95,-12.38,-12.62,
2025-10-02,63,고금리(2022~),-12.19,-12.42,-11.33,-11.94,
2025-10-10,63,고금리(2022~),-11.32,-12.12,-11.13,-11.56,
2025-10-13,63,고금리(2022~),-11.46,-12.13,-11.15,-11.56,
2025-10-14,63,고금리(2022~),-12.31,-12.37,-12.18,-11.89,
2025-10-15,63,고금리(2022~),-11.57,-11.94,-11.85,-11.34,
2025-10-16,63,고금리(2022~),-11.8,-12.79,-11.98,-12.42,
2025-10-17,63,고금리(2022~),-12.32,-12.63,-12.05,-12.21,
2025-10-20,63,고금리(2022~),-10.26,-10.45,-9.16,-9.54,
2025-10-21,63,고금리(2022~),-6.54,-6.4,-4.55,-4.58,
2025-10-22,63,고금리(2022~),-8.08,-8.49,-6.86,-6.87,
2025-10-23,63,고금리(2022~),-13.1,-13.82,-12.32,-13.26,
2025-10-24,63,고금리(2022~),-21.63,-22.11,-22.69,-23.8,
2025-10-27,63,고금리(2022~),-21.08,-21.52,-23.89,-22.93,
2025-10-28,63,고금리(2022~),-26.98,-27.0,-31.64,-31.51,
2025-10-29,63,고금리(2022~),-29.08,-29.67,-35.33,-36.38,
2025-10-30,63,고금리(2022~),-28.24,-28.6,-33.71,-34.26,
2025-10-31,63,고금리(2022~),-23.23,-23.96,-24.79,-25.73,
2025-11-03,63,고금리(2022~),-25.13,-25.1,-26.73,-27.53,
2025-11-04,63,고금리(2022~),-22.89,-22.63,-24.01,-23.54,
2025-11-05,63,고금리(2022~),-21.75,-22.3,-22.37,-22.98,
2025-11-06,63,고금리(2022~),-19.49,-19.05,-17.53,-17.88,
2025-11-07,63,고금리(2022~),-25.75,-25.48,-25.87,-27.84,
2025-11-10,63,고금리(2022~),-23.45,-23.71,-23.51,-24.84,
2025-11-11,63,고금리(2022~),-24.25,-23.71,-23.42,-24.83,
2025-11-12,63,고금리(2022~),-22.15,-22.05,-22.83,-22.32,
2025-11-13,63,고금리(2022~),-19.19,-19.16,-18.71,-17.95,
2025-11-14,63,고금리(2022~),-26.8,-26.89,-28.67,-29.82,
2025-11-17,63,고금리(2022~),-25.95,-25.55,-26.64,-27.48,
2025-11-18,63,고금리(2022~),-26.57,-26.79,-27.48,-29.74,
2025-11-19,63,고금리(2022~),-28.21,-28.51,-32.01,-32.85,
2025-11-20,63,고금리(2022~),-26.24,-26.47,-28.58,-29.3,
2025-11-21,63,고금리(2022~),-31.84,-31.52,-33.27,-38.82,
2025-11-24,63,고금리(2022~),-33.22,-33.46,-34.45,-42.89,
2025-11-25,63,고금리(2022~),-30.19,-30.04,-31.06,-35.56,
2025-11-26,63,고금리(2022~),-16.5,-17.38,-22.0,-12.28,
2025-11-27,63,고금리(2022~),-29.22,-27.85,-30.69,-26.42,
2025-11-28,63,고금리(2022~),-29.86,-29.36,-30.78,-28.84,
2025-12-01,63,고금리(2022~),-26.38,-25.43,-22.27,-21.93,
2025-12-02,63,고금리(2022~),-28.34,-27.22,-25.13,-24.89,
2025-12-03,63,고금리(2022~),-27.05,-25.66,-23.19,-22.21,
2025-12-04,63,고금리(2022~),-27.74,-26.41,-22.68,-23.46,
2025-12-05,63,고금리(2022~),-29.22,-28.03,-23.42,-26.26,
2025-12-08,63,고금리(2022~),-27.42,-25.83,-22.48,-22.51,
2025-12-09,63,고금리(2022~),-27.11,-25.55,-21.63,-22.05,
2025-12-10,63,고금리(2022~),-29.33,-27.57,-23.76,-25.33,
2025-12-11,63,고금리(2022~),-27.94,-26.54,-23.58,-23.5,
2025-12-12,63,고금리(2022~),-29.67,-28.4,-24.5,-26.66,
2025-12-15,63,고금리(2022~),-25.61,-24.55,-23.12,-19.83,
2025-12-16,63,고금리(2022~),-29.49,-28.22,-25.81,-25.96,
2025-12-17,63,고금리(2022~),-32.26,-31.07,-28.18,-31.01,
2025-12-18,63,고금리(2022~),-32.06,-30.65,-30.68,-30.2,
2025-12-19,63,고금리(2022~),-31.48,-29.93,-28.36,-28.9,
2025-12-22,63,고금리(2022~),-28.28,-26.9,-25.49,-23.43,
2025-12-23,63,고금리(2022~),-24.92,-23.67,-22.15,-17.89,
2025-12-24,63,고금리(2022~),-29.85,-28.33,-25.47,-25.18,
2025-12-26,63,고금리(2022~),-24.7,-23.19,-25.0,-16.46,
2025-12-29,63,고금리(2022~),-23.97,-22.17,-24.07,-14.95,
2025-12-30,63,고금리(2022~),-23.55,-21.91,-23.59,-14.56,
2026-01-02,63,고금리(2022~),-21.33,-19.6,-15.84,-11.33,
2026-01-05,63,고금리(2022~),-25.22,-23.15,-19.94,-16.1,
2026-01-06,63,고금리(2022~),-23.58,-21.7,-18.04,-13.92,
2026-01-07,63,고금리(2022~),-24.6,-23.73,-18.68,-16.94,
2026-01-08,63,고금리(2022~),-24.87,-23.52,-17.48,-16.63,
2026-01-09,63,고금리(2022~),-25.31,-24.16,-19.38,-17.59,
2026-01-12,63,고금리(2022~),-28.32,-27.07,-21.69,-22.14,
2026-01-13,63,고금리(2022~),-29.02,-27.66,-22.46,-23.13,
2026-01-14,63,고금리(2022~),-29.64,-28.26,-23.98,-24.17,
2026-01-15,63,고금리(2022~),-29.67,-28.3,-23.06,-24.24,
2026-01-16,63,고금리(2022~),-29.75,-27.93,-25.63,-23.61,
2026-01-19,63,고금리(2022~),-28.83,-26.98,-23.24,-22.01,
2026-01-20,63,고금리(2022~),-28.04,-26.62,-22.31,-21.41,
2026-01-21,63,고금리(2022~),-33.17,-32.06,-31.27,-31.25,
2026-01-22,63,고금리(2022~),-32.41,-31.04,-28.67,-29.41,
2026-01-23,63,고금리(2022~),-28.49,-26.55,-24.3,-21.73,
2026-01-26,63,고금리(2022~),-19.59,-17.54,-14.05,-9.78,
2026-01-27,63,고금리(2022~),-14.66,-12.69,-4.21,-3.7,
2026-01-28,63,고금리(2022~),-9.24,-7.83,-2.92,1.32,
2026-01-29,63,고금리(2022~),-7.06,-4.65,2.2,4.53,
2026-01-30,63,고금리(2022~),-8.38,-6.34,-0.8,2.75,
2026-02-02,63,고금리(2022~),-13.46,-11.24,-5.76,-2.92,
2026-02-03,63,고금리(2022~),-8.97,-7.3,0.28,1.32,
2026-02-04,63,고금리(2022~),-7.31,-5.28,2.71,3.49,
2026-02-05,63,고금리(2022~),-11.16,-9.07,-1.33,-0.7,
2026-02-06,63,고금리(2022~),-15.37,-14.43,-8.04,-7.1,
2026-02-09,63,고금리(2022~),-6.26,-5.26,3.17,3.26,
2026-02-10,63,고금리(2022~),-6.35,-4.31,4.08,4.26,
2026-02-11,63,고금리(2022~),-4.39,-3.0,4.79,5.59,
2026-02-12,63,고금리(2022~),-0.22,1.62,9.81,9.94,
2026-02-13,63,고금리(2022~),-7.63,-5.75,2.52,3.16,
2026-02-19,63,고금리(2022~),-7.04,-5.68,2.56,3.23,
2026-02-20,63,고금리(2022~),-8.55,-7.7,0.91,1.11,
2026-02-23,63,고금리(2022~),-7.6,-5.93,3.07,3.05,
2026-02-24,63,고금리(2022~),-5.12,-2.63,6.12,6.37,
2026-02-25,63,고금리(2022~),-3.26,-0.65,7.72,8.26,
2026-02-26,63,고금리(2022~),3.41,4.96,12.61,13.08,
2026-02-27,63,고금리(2022~),6.1,8.5,13.02,15.95,
2026-03-03,63,고금리(2022~),-2.79,-0.89,7.73,7.88,
2026-03-04,63,고금리(2022~),-11.58,-8.78,-5.3,-2.03,
2026-03-05,63,고금리(2022~),15.09,16.28,15.88,19.58,
2026-03-06,63,고금리(2022~),14.31,14.84,15.57,18.71,
2026-03-09,63,고금리(2022~),11.38,13.1,13.59,17.38,
2026-03-10,63,고금리(2022~),6.47,8.08,13.1,13.86,
2026-03-11,63,고금리(2022~),2.44,3.27,9.28,9.85,
2026-03-12,63,고금리(2022~),1.22,2.69,9.09,9.35,
2026-03-13,63,고금리(2022~),4.91,5.94,11.15,12.19,
2026-03-16,63,고금리(2022~),0.97,1.4,8.57,8.29,
2026-03-17,63,고금리(2022~),3.38,4.96,12.32,11.5,
2026-03-18,63,고금리(2022~),11.0,12.52,19.65,17.48,
2026-03-19,63,고금리(2022~),5.37,6.03,13.0,12.48,
2026-03-20,63,고금리(2022~),16.87,17.98,24.71,21.97,
2026-03-23,63,고금리(2022~),7.49,8.17,13.1,14.71,
2026-03-24,63,고금리(2022~),12.74,14.46,18.19,19.44,
2026-03-25,63,고금리(2022~),22.44,22.58,26.37,24.77,
2026-03-26,63,고금리(2022~),8.56,9.0,16.39,16.02,
2026-03-27,63,고금리(2022~),10.32,11.86,18.8,18.17,
2026-03-30,63,고금리(2022~),5.94,7.11,14.12,14.47,
2026-03-31,63,고금리(2022~),7.67,9.47,13.64,16.57,
2026-04-01,63,고금리(2022~),16.35,17.25,22.54,21.88,
2026-04-02,63,고금리(2022~),13.12,14.49,17.33,19.83,
2026-04-03,63,고금리(2022~),14.97,16.16,17.67,21.0,
2026-04-06,63,고금리(2022~),20.54,21.44,22.02,24.72,
2026-04-07,63,고금리(2022~),18.44,18.24,19.48,22.72,
2026-04-08,63,고금리(2022~),20.05,19.59,23.95,23.51,
2026-04-09,63,고금리(2022~),22.97,23.77,26.49,26.27,
2026-04-10,63,고금리(2022~),26.81,28.68,30.14,29.12,
2026-04-13,63,고금리(2022~),17.72,18.77,23.76,23.62,
2026-04-14,63,고금리(2022~),25.88,27.15,30.97,28.91,
2026-04-15,63,고금리(2022~),39.27,41.25,43.07,36.27,
2026-04-16,63,고금리(2022~),40.39,41.53,45.32,36.39,
2026-04-17,63,고금리(2022~),42.61,43.04,44.08,37.07,
2026-04-20,63,고금리(2022~),33.25,33.74,41.75,33.06,
2026-04-21,63,고금리(2022~),43.36,44.15,47.34,38.19,
2026-04-22,63,고금리(2022~),38.25,38.17,42.76,35.6,
2026-04-23,63,고금리(2022~),49.13,49.11,52.05,40.78,
2026-04-24,63,고금리(2022~),62.41,64.44,61.61,46.47,
2026-04-27,63,고금리(2022~),73.69,75.24,68.83,49.87,
2026-04-28,63,고금리(2022~),48.07,53.51,57.67,43.45,
2026-04-29,63,고금리(2022~),42.93,43.33,53.86,39.71,
2026-04-30,63,고금리(2022~),29.19,30.36,42.83,33.95,
2026-05-04,63,고금리(2022~),29.26,30.69,43.72,34.11,
2026-05-06,63,고금리(2022~),28.76,30.38,41.99,33.96,
2026-05-07,63,고금리(2022~),27.34,28.55,39.39,33.02,
2026-05-08,63,고금리(2022~),17.08,18.17,29.4,27.63,
2026-05-11,63,고금리(2022~),16.41,18.0,31.39,27.52,
2026-05-12,63,고금리(2022~),14.29,15.45,25.72,25.87,
2026-05-13,63,고금리(2022~),13.79,13.86,21.6,24.85,
2026-05-14,63,고금리(2022~),15.65,17.62,30.48,27.22,
2026-05-15,63,고금리(2022~),15.04,16.33,26.17,26.33,
2026-05-18,63,고금리(2022~),12.38,12.85,18.36,24.01,
2026-05-19,63,고금리(2022~),7.11,7.57,13.95,20.33,
2026-05-20,63,고금리(2022~),10.02,10.19,16.76,22.39,
2026-05-21,63,고금리(2022~),13.92,14.29,26.65,24.97,
2026-05-22,63,고금리(2022~),19.95,21.29,25.53,28.95,
2026-05-26,63,고금리(2022~),22.64,24.42,31.74,30.74,
2026-05-27,63,고금리(2022~),17.21,17.3,16.34,26.53,
2026-05-28,63,고금리(2022~),15.2,15.3,5.34,25.22,
2026-05-29,63,고금리(2022~),13.94,14.77,-0.45,24.86,
2026-06-01,63,고금리(2022~),15.29,15.59,16.54,25.42,
2026-06-02,63,고금리(2022~),14.71,15.6,25.33,25.42,
2026-06-04,63,고금리(2022~),,,,,구간 끝이 데이터 범위를 넘음
2026-06-05,63,고금리(2022~),,,,,구간 끝이 데이터 범위를 넘음
2026-06-08,63,고금리(2022~),,,,,구간 끝이 데이터 범위를 넘음
2026-06-09,63,고금리(2022~),,,,,구간 끝이 데이터 범위를 넘음
2026-06-10,63,고금리(2022~),,,,,구간 끝이 데이터 범위를 넘음
2026-06-11,63,고금리(2022~),,,,,구간 끝이 데이터 범위를 넘음
2026-06-12,63,고금리(2022~),,,,,구간 끝이 데이터 범위를 넘음
2026-06-15,63,고금리(2022~),,,,,구간 끝이 데이터 범위를 넘음
2026-06-16,63,고금리(2022~),,,,,구간 끝이 데이터 범위를 넘음
2026-06-17,63,고금리(2022~),,,,,구간 끝이 데이터 범위를 넘음
2026-06-18,63,고금리(2022~),,,,,구간 끝이 데이터 범위를 넘음
2026-06-19,63,고금리(2022~),,,,,구간 끝이 데이터 범위를 넘음
2026-06-22,63,고금리(2022~),,,,,구간 끝이 데이터 범위를 넘음
2026-06-23,63,고금리(2022~),,,,,구간 끝이 데이터 범위를 넘음
2026-06-24,63,고금리(2022~),,,,,구간 끝이 데이터 범위를 넘음
2026-06-25,63,고금리(2022~),,,,,구간 끝이 데이터 범위를 넘음
2026-06-26,63,고금리(2022~),,,,,구간 끝이 데이터 범위를 넘음
2026-06-29,63,고금리(2022~),,,,,구간 끝이 데이터 범위를 넘음
2026-06-30,63,고금리(2022~),,,,,구간 끝이 데이터 범위를 넘음
2026-07-01,63,고금리(2022~),,,,,구간 끝이 데이터 범위를 넘음
2026-07-02,63,고금리(2022~),,,,,구간 끝이 데이터 범위를 넘음
2026-07-03,63,고금리(2022~),,,,,구간 끝이 데이터 범위를 넘음
2026-07-06,63,고금리(2022~),,,,,구간 끝이 데이터 범위를 넘음
2026-07-07,63,고금리(2022~),,,,,구간 끝이 데이터 범위를 넘음
2026-07-08,63,고금리(2022~),,,,,구간 끝이 데이터 범위를 넘음
2026-07-09,63,고금리(2022~),,,,,구간 끝이 데이터 범위를 넘음
2026-07-10,63,고금리(2022~),,,,,구간 끝이 데이터 범위를 넘음
2026-07-13,63,고금리(2022~),,,,,구간 끝이 데이터 범위를 넘음
2026-07-14,63,고금리(2022~),,,,,구간 끝이 데이터 범위를 넘음
2026-07-15,63,고금리(2022~),,,,,구간 끝이 데이터 범위를 넘음
2026-07-16,63,고금리(2022~),,,,,구간 끝이 데이터 범위를 넘음
2026-07-20,63,고금리(2022~),,,,,구간 끝이 데이터 범위를 넘음
2026-07-21,63,고금리(2022~),,,,,구간 끝이 데이터 범위를 넘음
2026-07-22,63,고금리(2022~),,,,,구간 끝이 데이터 범위를 넘음
2026-07-23,63,고금리(2022~),,,,,구간 끝이 데이터 범위를 넘음
2026-07-24,63,고금리(2022~),,,,,구간 끝이 데이터 범위를 넘음
2026-07-27,63,고금리(2022~),,,,,구간 끝이 데이터 범위를 넘음
2026-07-28,63,고금리(2022~),,,,,구간 끝이 데이터 범위를 넘음
2026-07-29,63,고금리(2022~),,,,,구간 끝이 데이터 범위를 넘음
2026-07-30,63,고금리(2022~),,,,,구간 끝이 데이터 범위를 넘음
2026-07-31,63,고금리(2022~),,,,,구간 끝이 데이터 범위를 넘음
2026-08-03,63,고금리(2022~),,,,,구간 끝이 데이터 범위를 넘음
2026-08-04,63,고금리(2022~),,,,,구간 끝이 데이터 범위를 넘음
2026-08-05,63,고금리(2022~),,,,,구간 끝이 데이터 범위를 넘음
2026-08-06,63,고금리(2022~),,,,,구간 끝이 데이터 범위를 넘음
2026-08-07,63,고금리(2022~),,,,,구간 끝이 데이터 범위를 넘음
2026-08-10,63,고금리(2022~),,,,,구간 끝이 데이터 범위를 넘음
2026-08-11,63,고금리(2022~),,,,,구간 끝이 데이터 범위를 넘음
2026-08-12,63,고금리(2022~),,,,,구간 끝이 데이터 범위를 넘음
2026-08-13,63,고금리(2022~),,,,,구간 끝이 데이터 범위를 넘음
2026-08-14,63,고금리(2022~),,,,,구간 끝이 데이터 범위를 넘음
2026-08-18,63,고금리(2022~),,,,,구간 끝이 데이터 범위를 넘음
2026-08-19,63,고금리(2022~),,,,,구간 끝이 데이터 범위를 넘음
2026-08-20,63,고금리(2022~),,,,,구간 끝이 데이터 범위를 넘음
2026-08-21,63,고금리(2022~),,,,,구간 끝이 데이터 범위를 넘음
2026-08-24,63,고금리(2022~),,,,,구간 끝이 데이터 범위를 넘음
2026-08-25,63,고금리(2022~),,,,,구간 끝이 데이터 범위를 넘음
2026-08-26,63,고금리(2022~),,,,,구간 끝이 데이터 범위를 넘음
2026-08-27,63,고금리(2022~),,,,,구간 끝이 데이터 범위를 넘음
2026-08-28,63,고금리(2022~),,,,,구간 끝이 데이터 범위를 넘음
2026-08-31,63,고금리(2022~),,,,,구간 끝이 데이터 범위를 넘음
2026-09-01,63,고금리(2022~),,,,,구간 끝이 데이터 범위를 넘음
2026-09-02,63,고금리(2022~),,,,,구간 끝이 데이터 범위를 넘음
2016-08-10,126,저금리(~2021),10.16,9.5,11.12,10.4,
2016-08-11,126,저금리(~2021),7.48,6.38,7.82,7.76,
2016-08-12,126,저금리(~2021),7.91,7.23,8.84,8.48,
2016-08-16,126,저금리(~2021),7.29,6.6,8.28,7.94,
2016-08-17,126,저금리(~2021),6.71,5.44,7.1,6.92,
2016-08-18,126,저금리(~2021),6.91,5.91,7.33,7.33,
2016-08-19,126,저금리(~2021),7.07,6.01,7.38,7.41,
2016-08-22,126,저금리(~2021),6.8,5.78,7.02,7.21,
2016-08-23,126,저금리(~2021),6.64,5.85,6.84,7.28,
2016-08-24,126,저금리(~2021),7.25,6.44,7.52,7.79,
2016-08-25,126,저금리(~2021),6.66,5.8,6.77,7.23,
2016-08-26,126,저금리(~2021),6.78,5.99,6.69,7.39,
2016-08-29,126,저금리(~2021),5.52,4.15,5.07,5.69,
2016-08-30,126,저금리(~2021),5.71,4.51,5.11,6.01,
2016-08-31,126,저금리(~2021),4.56,4.06,4.04,5.6,
2016-09-01,126,저금리(~2021),7.45,6.39,5.8,7.63,
2016-09-02,126,저금리(~2021),8.19,7.13,7.08,8.26,
2016-09-05,126,저금리(~2021),6.33,5.24,4.98,6.65,
2016-09-06,126,저금리(~2021),5.81,5.27,5.72,6.68,
2016-09-07,126,저금리(~2021),5.52,4.61,5.99,6.09,
2016-09-08,126,저금리(~2021),7.94,6.64,8.18,7.89,
2016-09-09,126,저금리(~2021),6.02,3.52,5.17,5.13,
2016-09-12,126,저금리(~2021),4.46,2.59,4.1,4.24,
2016-09-13,126,저금리(~2021),5.19,3.62,5.31,5.19,
2016-09-19,126,저금리(~2021),6.81,5.6,7.14,6.92,
2016-09-20,126,저금리(~2021),8.07,6.47,7.95,7.68,
2016-09-21,126,저금리(~2021),8.86,6.94,8.17,8.08,
2016-09-22,126,저금리(~2021),9.84,7.74,8.93,8.76,
2016-09-23,126,저금리(~2021),9.38,7.62,8.7,8.66,
2016-09-26,126,저금리(~2021),8.07,6.2,7.03,7.44,
2016-09-27,126,저금리(~2021),8.3,6.32,7.23,7.55,
2016-09-28,126,저금리(~2021),7.23,5.49,6.29,6.81,
2016-09-29,126,저금리(~2021),6.98,5.15,5.66,6.51,
2016-09-30,126,저금리(~2021),2.96,0.75,1.33,2.42,
2016-10-04,126,저금리(~2021),4.13,2.44,2.81,4.01,
2016-10-05,126,저금리(~2021),3.11,1.69,1.41,3.3,
2016-10-06,126,저금리(~2021),2.37,0.58,-0.3,2.23,
2016-10-07,126,저금리(~2021),0.34,-1.37,-1.7,0.27,
2016-10-10,126,저금리(~2021),3.16,1.51,1.25,3.16,
2016-10-11,126,저금리(~2021),1.74,0.26,0.64,1.95,
2016-10-12,126,저금리(~2021),1.69,0.2,1.43,1.89,
2016-10-13,126,저금리(~2021),0.34,-1.2,0.01,0.48,
2016-10-14,126,저금리(~2021),1.44,0.17,1.63,1.85,
2016-10-17,126,저금리(~2021),-0.53,-2.35,-1.21,-0.67,
2016-10-18,126,저금리(~2021),-0.39,-1.73,-0.5,-0.04,
2016-10-19,126,저금리(~2021),-0.1,-1.21,-0.03,0.49,
2016-10-20,126,저금리(~2021),-0.86,-1.92,-0.78,-0.24,
2016-10-21,126,저금리(~2021),-1.71,-2.87,-1.87,-1.23,
2016-10-24,126,저금리(~2021),-1.13,-2.56,-1.31,-0.91,
2016-10-25,126,저금리(~2021),-3.04,-4.02,-2.86,-2.44,
2016-10-26,126,저금리(~2021),-2.96,-4.25,-3.35,-2.68,
2016-10-27,126,저금리(~2021),0.14,-0.95,-0.12,0.69,
2016-10-28,126,저금리(~2021),-1.14,-2.79,-2.01,-1.23,
2016-10-31,126,저금리(~2021),-2.94,-4.42,-3.67,-2.98,
2016-11-01,126,저금리(~2021),-4.4,-5.64,-5.07,-4.28,
2016-11-02,126,저금리(~2021),-8.78,-9.9,-9.29,-9.26,
2016-11-03,126,저금리(~2021),-8.08,-8.68,-8.73,-7.81,
2016-11-04,126,저금리(~2021),-8.73,-9.25,-9.99,-8.48,
2016-11-07,126,저금리(~2021),-6.12,-7.43,-7.82,-6.35,
2016-11-08,126,저금리(~2021),-6.59,-7.48,-8.04,-6.42,
2016-11-09,126,저금리(~2021),-8.59,-10.91,-10.58,-10.71,
2016-11-10,126,저금리(~2021),-4.54,-6.61,-6.09,-5.83,
2016-11-11,126,저금리(~2021),-5.32,-6.87,-6.26,-6.14,
2016-11-14,126,저금리(~2021),-6.36,-7.81,-6.99,-7.23,
2016-11-15,126,저금리(~2021),-7.57,-9.25,-8.57,-8.95,
2016-11-16,126,저금리(~2021),-6.26,-7.02,-6.4,-6.41,
2016-11-17,126,저금리(~2021),-6.77,-8.11,-7.51,-7.65,
2016-11-18,126,저금리(~2021),-7.74,-8.95,-8.4,-8.66,
2016-11-21,126,저금리(~2021),-9.64,-10.63,-10.17,-10.73,
2016-11-22,126,저금리(~2021),-8.42,-9.3,-8.75,-9.12,
2016-11-23,126,저금리(~2021),-10.48,-11.22,-10.71,-11.48,
2016-11-24,126,저금리(~2021),-11.91,-13.05,-12.69,-13.85,
2016-11-25,126,저금리(~2021),-12.01,-12.47,-12.08,-13.1,
2016-11-28,126,저금리(~2021),-13.27,-14.5,-14.31,-15.8,
2016-11-29,126,저금리(~2021),-13.76,-14.64,-14.76,-15.98,
2016-11-30,126,저금리(~2021),-14.32,-15.19,-15.26,-16.73,
2016-12-01,126,저금리(~2021),-15.37,-16.86,-16.91,-19.06,
2016-12-02,126,저금리(~2021),-17.07,-18.96,-19.49,-22.19,
2016-12-05,126,저금리(~2021),-17.18,-18.63,-19.34,-21.67,
2016-12-06,126,저금리(~2021),-17.04,-18.5,-19.09,-21.49,
2016-12-07,126,저금리(~2021),-17.81,-19.3,-19.97,-22.68,
2016-12-08,126,저금리(~2021),-17.1,-18.0,-18.24,-20.76,
2016-12-09,126,저금리(~2021),-15.39,-15.8,-15.68,-17.7,
2016-12-12,126,저금리(~2021),-14.89,-15.23,-15.35,-16.92,
2016-12-13,126,저금리(~2021),-13.7,-14.07,-13.98,-15.36,
2016-12-14,126,저금리(~2021),-13.48,-14.01,-14.01,-15.28,
2016-12-15,126,저금리(~2021),-12.22,-12.52,-12.43,-13.31,
2016-12-16,126,저금리(~2021),-12.69,-13.36,-13.29,-14.4,
2016-12-19,126,저금리(~2021),-12.75,-13.45,-13.43,-14.52,
2016-12-20,126,저금리(~2021),-14.6,-15.2,-15.29,-16.91,
2016-12-21,126,저금리(~2021),-13.53,-14.19,-14.09,-15.51,
2016-12-22,126,저금리(~2021),-14.7,-15.43,-15.36,-17.19,
2016-12-23,126,저금리(~2021),-13.66,-14.19,-14.06,-15.51,
2016-12-26,126,저금리(~2021),-13.15,-13.88,-13.69,-15.09,
2016-12-27,126,저금리(~2021),-12.18,-12.44,-12.22,-13.21,
2016-12-28,126,저금리(~2021),-10.55,-10.77,-10.74,-11.14,
2016-12-29,126,저금리(~2021),-10.65,-11.31,-11.22,-11.81,
2017-01-02,126,저금리(~2021),-11.29,-12.12,-12.03,-12.85,
2017-01-03,126,저금리(~2021),-10.15,-10.8,-10.84,-11.18,
2017-01-04,126,저금리(~2021),-9.3,-10.0,-9.85,-10.2,
2017-01-05,126,저금리(~2021),-8.22,-8.92,-8.94,-8.87,
2017-01-06,126,저금리(~2021),-8.92,-9.97,-9.96,-10.13,
2017-01-09,126,저금리(~2021),-9.61,-10.57,-10.43,-10.88,
2017-01-10,126,저금리(~2021),-12.19,-13.11,-12.94,-14.12,
2017-01-11,126,저금리(~2021),-11.75,-12.56,-12.65,-13.41,
2017-01-12,126,저금리(~2021),-13.79,-14.61,-14.55,-16.12,
2017-01-13,126,저금리(~2021),-14.1,-14.04,-14.08,-15.37,
2017-01-16,126,저금리(~2021),-14.25,-14.88,-14.89,-16.51,
2017-01-17,126,저금리(~2021),-14.9,-15.73,-15.74,-17.7,
2017-01-18,126,저금리(~2021),-13.35,-13.89,-13.91,-15.16,
2017-01-19,126,저금리(~2021),-14.3,-15.04,-15.16,-16.72,
2017-01-20,126,저금리(~2021),-14.94,-15.5,-15.47,-17.35,
2017-01-23,126,저금리(~2021),-13.36,-13.99,-13.95,-15.24,
2017-01-24,126,저금리(~2021),-13.72,-14.43,-14.29,-15.84,
2017-01-25,126,저금리(~2021),-13.9,-14.77,-14.57,-16.3,
2017-01-26,126,저금리(~2021),-13.6,-13.88,-13.67,-15.13,
2017-01-31,126,저금리(~2021),-10.83,-11.8,-11.63,-12.33,
2017-02-01,126,저금리(~2021),-9.78,-10.47,-10.36,-10.69,
2017-02-02,126,저금리(~2021),-12.34,-13.12,-12.93,-14.07,
2017-02-03,126,저금리(~2021),-13.15,-13.47,-13.35,-14.54,
2017-02-06,126,저금리(~2021),-10.97,-11.65,-11.37,-12.17,
2017-02-07,126,저금리(~2021),-11.5,-11.98,-11.85,-12.6,
2017-02-08,126,저금리(~2021),-9.59,-9.97,-9.88,-10.03,
2017-02-09,126,저금리(~2021),-10.11,-10.7,-10.47,-10.93,
2017-02-10,126,저금리(~2021),-11.47,-11.83,-11.59,-12.33,
2017-02-13,126,저금리(~2021),-12.05,-12.67,-12.63,-13.38,
2017-02-14,126,저금리(~2021),-12.25,-12.83,-12.72,-13.59,
2017-02-15,126,저금리(~2021),-10.81,-11.34,-11.37,-11.71,
2017-02-16,126,저금리(~2021),-11.65,-11.85,-11.82,-12.35,
2017-02-17,126,저금리(~2021),-11.07,-11.67,-11.62,-12.12,
2017-02-20,126,저금리(~2021),-11.5,-12.23,-12.13,-12.83,
2017-02-21,126,저금리(~2021),-11.33,-12.17,-12.16,-12.75,
2017-02-22,126,저금리(~2021),-12.04,-12.71,-12.5,-13.45,
2017-02-23,126,저금리(~2021),-12.77,-13.44,-13.29,-14.4,
2017-02-24,126,저금리(~2021),-12.59,-13.26,-12.98,-14.17,
2017-02-27,126,저금리(~2021),-13.65,-14.29,-13.97,-15.53,
2017-02-28,126,저금리(~2021),-14.35,-14.89,-14.6,-16.34,
2017-03-02,126,저금리(~2021),-13.44,-13.67,-13.51,-14.66,
2017-03-03,126,저금리(~2021),-14.64,-14.87,-14.77,-16.3,
2017-03-06,126,저금리(~2021),-14.84,-15.57,-15.38,-17.24,
2017-03-07,126,저금리(~2021),-15.19,-15.68,-15.56,-17.39,
2017-03-08,126,저금리(~2021),-15.47,-15.5,-15.27,-17.14,
2017-03-09,126,저금리(~2021),-15.82,-16.39,-16.38,-18.37,
2017-03-10,126,저금리(~2021),-14.7,-15.07,-15.44,-16.58,
2017-03-13,126,저금리(~2021),-14.52,-15.3,-15.39,-16.89,
2017-03-14,126,저금리(~2021),-16.34,-17.23,-17.37,-19.57,
2017-03-15,126,저금리(~2021),-19.05,-20.45,-20.89,-24.37,
2017-03-16,126,저금리(~2021),-19.2,-19.77,-20.35,-23.35,
2017-03-17,126,저금리(~2021),-19.68,-20.57,-21.3,-24.59,
2017-03-20,126,저금리(~2021),-19.32,-20.02,-20.45,-23.73,
2017-03-21,126,저금리(~2021),-18.45,-19.11,-19.46,-22.34,
2017-03-22,126,저금리(~2021),-17.87,-18.55,-18.62,-21.48,
2017-03-23,126,저금리(~2021),-18.21,-19.15,-19.33,-22.38,
2017-03-24,126,저금리(~2021),-18.24,-19.08,-19.05,-22.28,
2017-03-27,126,저금리(~2021),-18.71,-19.92,-20.07,-23.53,
2017-03-28,126,저금리(~2021),-17.49,-18.46,-18.41,-21.32,
2017-03-29,126,저금리(~2021),-17.7,-18.63,-18.51,-21.58,
2017-03-30,126,저금리(~2021),-18.27,-19.39,-19.32,-22.71,
2017-03-31,126,저금리(~2021),-18.35,-19.7,-20.13,-23.18,
2017-04-03,126,저금리(~2021),-17.56,-18.37,-18.73,-21.22,
2017-04-04,126,저금리(~2021),-17.87,-18.89,-19.08,-22.0,
2017-04-05,126,저금리(~2021),-17.98,-19.18,-19.5,-22.42,
2017-04-06,126,저금리(~2021),-20.29,-21.02,-21.72,-25.19,
2017-04-07,126,저금리(~2021),-20.1,-20.74,-21.39,-24.74,
2017-04-10,126,저금리(~2021),-21.42,-22.04,-23.07,-26.88,
2017-04-11,126,저금리(~2021),-21.52,-22.69,-23.76,-27.94,
2017-04-12,126,저금리(~2021),-22.22,-23.13,-23.97,-28.65,
2017-04-13,126,저금리(~2021),-23.9,-24.92,-25.94,-31.63,
2017-04-14,126,저금리(~2021),-24.68,-25.35,-26.46,-32.4,
2017-04-17,126,저금리(~2021),-21.68,-22.65,-23.52,-27.77,
2017-04-18,126,저금리(~2021),-23.05,-24.06,-25.01,-30.08,
2017-04-19,126,저금리(~2021),-23.02,-24.13,-25.19,-30.19,
2017-04-20,126,저금리(~2021),-23.52,-24.66,-25.8,-31.11,
2017-04-21,126,저금리(~2021),-23.63,-24.62,-25.68,-31.04,
2017-04-24,126,저금리(~2021),-24.62,-25.33,-26.23,-32.3,
2017-04-25,126,저금리(~2021),-24.98,-26.13,-27.29,-33.69,
2017-04-26,126,저금리(~2021),-25.21,-25.75,-26.98,-33.01,
2017-04-27,126,저금리(~2021),-24.89,-26.11,-27.14,-33.66,
2017-04-28,126,저금리(~2021),-26.58,-27.53,-28.79,-36.23,
2017-05-02,126,저금리(~2021),-26.38,-27.12,-28.51,-35.47,
2017-05-04,126,저금리(~2021),-26.16,-27.05,-28.67,-35.33,
2017-05-08,126,저금리(~2021),-27.66,-28.53,-30.73,-37.97,
2017-05-10,126,저금리(~2021),-30.37,-31.51,-34.63,-43.76,
2017-05-11,126,저금리(~2021),-31.76,-33.28,-36.85,-47.41,
2017-05-12,126,저금리(~2021),-33.71,-34.45,-38.39,-50.03,
2017-05-15,126,저금리(~2021),-32.67,-33.48,-37.32,-47.82,
2017-05-16,126,저금리(~2021),-34.93,-35.77,-40.11,-52.96,
2017-05-17,126,저금리(~2021),-34.89,-35.34,-39.07,-51.94,
2017-05-18,126,저금리(~2021),-33.6,-34.38,-36.81,-49.64,
2017-05-19,126,저금리(~2021),-35.43,-36.13,-39.35,-53.6,
2017-05-22,126,저금리(~2021),-34.04,-34.39,-37.24,-49.42,
2017-05-23,126,저금리(~2021),-33.37,-34.51,-36.92,-49.69,
2017-05-24,126,저금리(~2021),-30.7,-31.4,-32.88,-42.7,
2017-05-25,126,저금리(~2021),-31.75,-32.4,-34.12,-44.79,
2017-05-26,126,저금리(~2021),-30.46,-31.39,-32.74,-42.62,
2017-05-29,126,저금리(~2021),-33.17,-33.83,-35.58,-47.76,
2017-05-30,126,저금리(~2021),-31.64,-32.5,-33.87,-44.85,
2017-05-31,126,저금리(~2021),-29.62,-30.42,-31.44,-40.45,
2017-06-01,126,저금리(~2021),-28.22,-29.33,-29.93,-38.25,
2017-06-02,126,저금리(~2021),-26.46,-27.16,-27.52,-34.1,
2017-06-05,126,저금리(~2021),-25.05,-25.63,-25.97,-31.33,
2017-06-07,126,저금리(~2021),-26.88,-28.17,-28.92,-35.76,
2017-06-08,126,저금리(~2021),-25.55,-26.34,-27.61,-32.39,
2017-06-09,126,저금리(~2021),-26.22,-26.49,-28.91,-32.67,
2017-06-12,126,저금리(~2021),-26.95,-26.93,-30.47,-33.49,
2017-06-13,126,저금리(~2021),-26.3,-26.55,-30.49,-32.8,
2017-06-14,126,저금리(~2021),-25.39,-25.29,-29.09,-30.55,
2017-06-15,126,저금리(~2021),-25.3,-25.79,-30.62,-31.43,
2017-06-16,126,저금리(~2021),-24.32,-24.36,-28.64,-28.9,
2017-06-19,126,저금리(~2021),-22.06,-22.3,-24.91,-25.45,
2017-06-20,126,저금리(~2021),-25.45,-25.94,-29.24,-31.34,
2017-06-21,126,저금리(~2021),-26.47,-26.98,-29.38,-33.19,
2017-06-22,126,저금리(~2021),-30.69,-31.33,-32.9,-41.24,
2017-06-23,126,저금리(~2021),-30.87,-30.91,-31.66,-40.39,
2017-06-26,126,저금리(~2021),-31.97,-31.93,-32.92,-42.47,
2017-06-27,126,저금리(~2021),-32.34,-32.9,-33.74,-44.47,
2017-06-28,126,저금리(~2021),-31.51,-31.97,-32.95,-42.4,
2017-06-29,126,저금리(~2021),-33.63,-33.97,-34.72,-46.5,
2017-06-30,126,저금리(~2021),-35.4,-35.6,-36.65,-50.13,
2017-07-03,126,저금리(~2021),-35.15,-35.23,-35.96,-49.26,
2017-07-04,126,저금리(~2021),-35.71,-36.24,-37.42,-51.61,
2017-07-05,126,저금리(~2021),-38.07,-38.25,-40.55,-56.35,
2017-07-06,126,저금리(~2021),-40.64,-41.1,-43.96,-63.5,
2017-07-07,126,저금리(~2021),-42.77,-42.73,-47.27,-68.0,
2017-07-10,126,저금리(~2021),-43.39,-43.74,-49.05,-71.02,
2017-07-11,126,저금리(~2021),-42.04,-42.25,-47.84,-66.46,
2017-07-12,126,저금리(~2021),-43.39,-43.91,-49.9,-71.37,
2017-07-13,126,저금리(~2021),-40.86,-41.01,-46.13,-62.7,
2017-07-14,126,저금리(~2021),-40.3,-40.39,-45.9,-61.0,
2017-07-17,126,저금리(~2021),-41.24,-42.27,-49.22,-65.92,
2017-07-18,126,저금리(~2021),-40.89,-41.01,-46.93,-62.34,
2017-07-19,126,저금리(~2021),-40.13,-40.1,-45.05,-59.9,
2017-07-20,126,저금리(~2021),-40.25,-41.21,-45.67,-62.84,
2017-07-21,126,저금리(~2021),-41.99,-42.44,-45.42,-66.23,
2017-07-24,126,저금리(~2021),-41.54,-41.82,-43.81,-64.46,
2017-07-25,126,저금리(~2021),-41.39,-41.8,-43.27,-64.4,
2017-07-26,126,저금리(~2021),-40.0,-40.09,-40.74,-59.63,
2017-07-27,126,저금리(~2021),-39.56,-40.39,-41.76,-60.44,
2017-07-28,126,저금리(~2021),-37.83,-38.04,-37.88,-53.81,
2017-07-31,126,저금리(~2021),-38.51,-39.02,-39.17,-56.25,
2017-08-01,126,저금리(~2021),-35.68,-35.87,-35.5,-48.16,
2017-08-02,126,저금리(~2021),-38.53,-38.45,-38.44,-54.05,
2017-08-03,126,저금리(~2021),-38.47,-38.63,-39.89,-54.53,
2017-08-04,126,저금리(~2021),-38.47,-38.71,-41.12,-54.74,
2017-08-07,126,저금리(~2021),-35.77,-35.64,-40.94,-47.21,
2017-08-08,126,저금리(~2021),-37.58,-38.38,-43.87,-53.45,
2017-08-09,126,저금리(~2021),-40.88,-41.5,-46.29,-61.37,
2017-08-10,126,저금리(~2021),-39.61,-40.38,-46.08,-58.27,
2017-08-11,126,저금리(~2021),-41.74,-42.57,-46.64,-64.34,
2017-08-14,126,저금리(~2021),-41.05,-41.11,-45.65,-60.25,
2017-08-16,126,저금리(~2021),-40.53,-41.02,-47.48,-60.0,
2017-08-17,126,저금리(~2021),-39.91,-40.47,-45.72,-58.55,
2017-08-18,126,저금리(~2021),-39.7,-40.44,-44.59,-58.48,
2017-08-21,126,저금리(~2021),-38.71,-39.36,-43.42,-55.58,
2017-08-22,126,저금리(~2021),-38.81,-39.51,-42.25,-55.97,
2017-08-23,126,저금리(~2021),-37.89,-38.18,-39.98,-52.52,
2017-08-24,126,저금리(~2021),-38.87,-39.49,-40.33,-55.7,
2017-08-25,126,저금리(~2021),-37.03,-37.61,-37.59,-50.89,
2017-08-28,126,저금리(~2021),-37.75,-38.35,-38.98,-52.66,
2017-08-29,126,저금리(~2021),-38.29,-39.12,-38.2,-54.57,
2017-08-30,126,저금리(~2021),-40.19,-41.13,-40.55,-59.68,
2017-08-31,126,저금리(~2021),-39.66,-40.28,-39.73,-57.43,
2017-09-01,126,저금리(~2021),-39.06,-39.82,-39.35,-56.22,
2017-09-04,126,저금리(~2021),-40.16,-41.22,-42.16,-59.99,
2017-09-05,126,저금리(~2021),-40.36,-41.29,-43.35,-60.18,
2017-09-06,126,저금리(~2021),-38.6,-38.9,-43.8,-53.84,
2017-09-07,126,저금리(~2021),-39.39,-40.27,-45.38,-57.29,
2017-09-08,126,저금리(~2021),-39.13,-40.0,-44.55,-56.56,
2017-09-11,126,저금리(~2021),-37.54,-38.01,-43.51,-51.48,
2017-09-12,126,저금리(~2021),-33.01,-33.9,-37.96,-41.5,
2017-09-13,126,저금리(~2021),-36.09,-37.58,-41.47,-49.42,
2017-09-14,126,저금리(~2021),-35.01,-35.91,-42.01,-45.58,
2017-09-15,126,저금리(~2021),-32.96,-33.94,-38.76,-41.32,
2017-09-18,126,저금리(~2021),-34.15,-34.65,-37.95,-42.81,
2017-09-19,126,저금리(~2021),-34.09,-34.68,-37.78,-42.88,
2017-09-20,126,저금리(~2021),-34.26,-34.66,-36.5,-42.82,
2017-09-21,126,저금리(~2021),-34.95,-35.92,-36.83,-45.63,
2017-09-22,126,저금리(~2021),-34.93,-35.81,-35.89,-45.37,
2017-09-25,126,저금리(~2021),-35.35,-36.2,-35.41,-46.23,
2017-09-26,126,저금리(~2021),-35.06,-35.99,-35.89,-45.75,
2017-09-27,126,저금리(~2021),-35.09,-35.65,-33.81,-44.99,
2017-09-28,126,저금리(~2021),-35.66,-36.17,-34.88,-46.2,
2017-09-29,126,저금리(~2021),-35.63,-35.96,-34.71,-45.72,
2017-10-10,126,저금리(~2021),-34.13,-34.64,-33.48,-42.77,
2017-10-11,126,저금리(~2021),-33.97,-34.5,-34.56,-42.46,
2017-10-12,126,저금리(~2021),-33.66,-34.1,-35.45,-41.6,
2017-10-13,126,저금리(~2021),-33.57,-33.89,-38.37,-41.16,
2017-10-16,126,저금리(~2021),-32.55,-33.06,-37.98,-39.42,
2017-10-17,126,저금리(~2021),-29.02,-29.94,-33.97,-33.25,
2017-10-18,126,저금리(~2021),-29.2,-30.27,-35.32,-33.9,
2017-10-19,126,저금리(~2021),-28.7,-29.29,-32.86,-31.99,
2017-10-20,126,저금리(~2021),-26.94,-26.98,-30.7,-27.81,
2017-10-23,126,저금리(~2021),-26.19,-26.84,-33.19,-27.56,
2017-10-24,126,저금리(~2021),-25.2,-26.07,-30.68,-26.29,
2017-10-25,126,저금리(~2021),-26.3,-27.34,-30.39,-28.47,
2017-10-26,126,저금리(~2021),-26.46,-26.87,-30.03,-27.6,
2017-10-27,126,저금리(~2021),-23.99,-24.22,-25.62,-23.16,
2017-10-30,126,저금리(~2021),-23.05,-23.41,-23.72,-21.86,
2017-10-31,126,저금리(~2021),-20.7,-20.99,-20.02,-18.04,
2017-11-01,126,저금리(~2021),-17.28,-16.77,-15.72,-11.74,
2017-11-02,126,저금리(~2021),-20.67,-21.64,-20.34,-18.27,
2017-11-03,126,저금리(~2021),-19.12,-19.73,-16.21,-15.5,
2017-11-06,126,저금리(~2021),-19.64,-20.68,-17.45,-16.87,
2017-11-07,126,저금리(~2021),-18.87,-19.2,-16.48,-14.68,
2017-11-08,126,저금리(~2021),-18.1,-18.56,-15.38,-13.8,
2017-11-09,126,저금리(~2021),-17.95,-18.65,-17.65,-13.93,
2017-11-10,126,저금리(~2021),-17.39,-18.41,-18.41,-13.6,
2017-11-13,126,저금리(~2021),-15.24,-16.09,-19.01,-10.62,
2017-11-14,126,저금리(~2021),-12.12,-12.71,-15.13,-6.5,
2017-11-15,126,저금리(~2021),-9.44,-9.42,-9.94,-2.75,
2017-11-16,126,저금리(~2021),-9.15,-9.73,-10.97,-3.1,
2017-11-17,126,저금리(~2021),-10.85,-11.9,-11.35,-5.64,
2017-11-20,126,저금리(~2021),-9.13,-9.53,-8.21,-2.97,
2017-11-21,126,저금리(~2021),-6.85,-8.27,-11.14,-1.52,
2017-11-22,126,저금리(~2021),-10.7,-11.71,-14.4,-5.51,
2017-11-23,126,저금리(~2021),-8.14,-9.3,-8.95,-2.79,
2017-11-24,126,저금리(~2021),-10.01,-11.58,-11.76,-5.51,
2017-11-27,126,저금리(~2021),-9.42,-10.61,-9.26,-4.36,
2017-11-28,126,저금리(~2021),-12.43,-13.43,-12.31,-7.91,
2017-11-29,126,저금리(~2021),-12.73,-13.58,-11.01,-8.1,
2017-11-30,126,저금리(~2021),-12.61,-13.32,-11.84,-7.76,
2017-12-01,126,저금리(~2021),-9.9,-10.82,-7.81,-4.83,
2017-12-04,126,저금리(~2021),-11.32,-12.46,-8.07,-6.81,
2017-12-05,126,저금리(~2021),-11.94,-13.06,-9.38,-7.57,
2017-12-06,126,저금리(~2021),-13.41,-15.1,-12.54,-10.17,
2017-12-07,126,저금리(~2021),-12.25,-14.13,-11.31,-8.85,
2017-12-08,126,저금리(~2021),-10.41,-12.02,-11.51,-6.12,
2017-12-11,126,저금리(~2021),-11.11,-12.19,-12.46,-6.31,
2017-12-12,126,저금리(~2021),-10.13,-11.38,-15.03,-5.3,
2017-12-13,126,저금리(~2021),-9.99,-12.22,-14.97,-6.28,
2017-12-14,126,저금리(~2021),-11.4,-13.69,-14.07,-8.11,
2017-12-15,126,저금리(~2021),-10.73,-12.55,-13.69,-6.7,
2017-12-18,126,저금리(~2021),-10.9,-12.62,-12.2,-6.79,
2017-12-19,126,저금리(~2021),-9.21,-10.61,-9.24,-4.35,
2017-12-20,126,저금리(~2021),-11.7,-13.82,-15.95,-8.24,
2017-12-21,126,저금리(~2021),-10.07,-12.08,-14.7,-5.96,
2017-12-22,126,저금리(~2021),-7.38,-9.77,-9.42,-3.41,
2017-12-26,126,저금리(~2021),-6.39,-8.44,-9.04,-1.94,
2017-12-27,126,저금리(~2021),-1.44,-3.42,-2.76,3.1,
2017-12-28,126,저금리(~2021),-3.21,-5.2,-4.12,1.32,
2018-01-02,126,저금리(~2021),-1.48,-4.12,-1.52,2.41,
2018-01-03,126,저금리(~2021),-0.16,-1.7,0.27,4.78,
2018-01-04,126,저금리(~2021),-0.23,-2.27,0.46,4.19,
2018-01-05,126,저금리(~2021),1.51,-0.03,4.9,6.22,
2018-01-08,126,저금리(~2021),3.28,0.9,6.36,7.05,
2018-01-09,126,저금리(~2021),2.34,0.22,4.27,6.41,
2018-01-10,126,저금리(~2021),4.22,2.7,8.25,8.68,
2018-01-11,126,저금리(~2021),9.99,7.48,12.47,12.64,
2018-01-12,126,저금리(~2021),17.32,16.01,20.36,18.89,
2018-01-15,126,저금리(~2021),22.52,19.8,22.86,21.4,
2018-01-16,126,저금리(~2021),29.46,26.83,30.46,25.92,
2018-01-17,126,저금리(~2021),26.03,24.04,29.1,24.19,
2018-01-18,126,저금리(~2021),30.55,28.15,32.72,26.62,
2018-01-19,126,저금리(~2021),22.15,20.32,25.38,21.76,
2018-01-22,126,저금리(~2021),20.59,17.86,23.47,20.12,
2018-01-23,126,저금리(~2021),26.14,25.39,30.62,24.78,
2018-01-24,126,저금리(~2021),23.86,20.75,26.27,21.91,
2018-01-25,126,저금리(~2021),20.11,18.02,23.83,20.13,
2018-01-26,126,저금리(~2021),24.48,22.8,27.93,23.22,
2018-01-29,126,저금리(~2021),25.49,23.47,28.67,23.62,
2018-01-30,126,저금리(~2021),26.91,24.57,28.9,24.32,
2018-01-31,126,저금리(~2021),23.66,21.31,25.89,22.28,
2018-02-01,126,저금리(~2021),21.93,19.23,21.34,20.88,
2018-02-02,126,저금리(~2021),19.57,18.19,23.06,20.2,
2018-02-05,126,저금리(~2021),14.68,12.46,16.39,15.81,
2018-02-06,126,저금리(~2021),20.26,17.57,21.43,19.52,
2018-02-07,126,저금리(~2021),13.57,11.34,13.36,14.79,
2018-02-08,126,저금리(~2021),19.86,16.82,20.57,18.61,
2018-02-09,126,저금리(~2021),14.07,11.93,15.36,15.04,
2018-02-12,126,저금리(~2021),14.71,13.12,16.63,15.94,
2018-02-13,126,저금리(~2021),7.68,5.37,9.06,9.76,
2018-02-14,126,저금리(~2021),12.37,11.25,14.07,14.37,
2018-02-19,126,저금리(~2021),15.95,14.45,17.29,16.64,
2018-02-20,126,저금리(~2021),11.87,10.64,12.8,13.75,
2018-02-21,126,저금리(~2021),12.4,11.3,13.87,14.24,
2018-02-22,126,저금리(~2021),13.03,11.06,14.55,14.05,
2018-02-23,126,저금리(~2021),12.67,11.23,14.16,14.18,
2018-02-26,126,저금리(~2021),12.97,11.44,14.87,14.34,
2018-02-27,126,저금리(~2021),9.8,8.54,12.26,12.1,
2018-02-28,126,저금리(~2021),7.64,6.34,9.45,10.23,
2018-03-02,126,저금리(~2021),6.95,5.38,8.73,9.44,
2018-03-05,126,저금리(~2021),6.91,5.01,7.81,9.1,
2018-03-06,126,저금리(~2021),9.98,8.59,11.24,12.03,
2018-03-07,126,저금리(~2021),6.96,5.75,6.24,9.59,
2018-03-08,126,저금리(~2021),8.98,7.79,10.75,11.28,
2018-03-09,126,저금리(~2021),8.71,7.82,9.88,11.31,
2018-03-12,126,저금리(~2021),10.67,9.43,10.1,12.55,
2018-03-13,126,저금리(~2021),9.95,8.8,9.01,12.04,
2018-03-14,126,저금리(~2021),8.33,7.17,7.95,10.71,
2018-03-15,126,저금리(~2021),9.24,8.8,10.7,12.06,
2018-03-16,126,저금리(~2021),9.02,8.2,9.64,11.58,
2018-03-19,126,저금리(~2021),7.01,5.87,8.8,9.57,
2018-03-20,126,저금리(~2021),10.45,9.78,11.63,12.75,
2018-03-21,126,저금리(~2021),9.04,7.84,9.46,11.18,
2018-03-22,126,저금리(~2021),5.38,4.06,5.07,7.93,
2018-03-23,126,저금리(~2021),0.49,-0.5,1.34,3.35,
2018-03-26,126,저금리(~2021),5.79,5.47,7.34,8.56,
2018-03-27,126,저금리(~2021),9.45,8.98,10.94,11.64,
2018-03-28,126,저금리(~2021),8.92,9.07,11.58,11.71,
2018-03-29,126,저금리(~2021),14.57,13.35,15.94,15.05,
2018-03-30,126,저금리(~2021),15.86,14.81,16.78,16.14,
2018-04-02,126,저금리(~2021),16.8,15.38,17.13,16.56,
2018-04-03,126,저금리(~2021),22.4,21.79,22.82,21.08,
2018-04-04,126,저금리(~2021),16.38,15.53,17.26,16.92,
2018-04-05,126,저금리(~2021),20.76,19.95,19.19,20.01,
2018-04-06,126,저금리(~2021),18.86,18.4,20.52,18.98,
2018-04-09,126,저금리(~2021),18.69,17.4,18.58,18.3,
2018-04-10,126,저금리(~2021),20.98,19.52,18.7,19.78,
2018-04-11,126,저금리(~2021),18.77,17.09,16.25,18.15,
2018-04-12,126,저금리(~2021),15.98,15.01,14.68,16.66,
2018-04-13,126,저금리(~2021),20.97,20.06,20.44,20.25,
2018-04-16,126,저금리(~2021),24.76,23.03,21.97,22.23,
2018-04-17,126,저금리(~2021),26.36,24.85,25.09,23.38,
2018-04-18,126,저금리(~2021),29.03,29.06,27.39,25.98,
2018-04-19,126,저금리(~2021),30.49,30.41,27.08,26.79,
2018-04-20,126,저금리(~2021),28.18,27.78,24.21,25.32,
2018-04-23,126,저금리(~2021),28.4,26.66,24.85,24.63,
2018-04-24,126,저금리(~2021),26.59,24.47,23.23,23.29,
2018-04-25,126,저금리(~2021),18.78,17.91,19.9,19.27,
2018-04-26,126,저금리(~2021),20.2,19.21,22.0,20.13,
2018-04-27,126,저금리(~2021),22.49,21.45,24.63,21.59,
2018-04-30,126,저금리(~2021),22.04,20.98,23.38,21.27,
2018-05-02,126,저금리(~2021),19.42,17.25,19.98,18.77,
2018-05-03,126,저금리(~2021),20.54,19.47,21.81,20.34,
2018-05-04,126,저금리(~2021),21.63,19.95,21.8,20.67,
2018-05-08,126,저금리(~2021),16.37,14.09,15.08,16.36,
2018-05-09,126,저금리(~2021),21.58,20.15,22.19,20.31,
2018-05-10,126,저금리(~2021),17.68,16.21,17.83,17.67,
2018-05-11,126,저금리(~2021),17.58,16.13,16.01,17.62,
2018-05-14,126,저금리(~2021),12.15,11.25,11.5,14.0,
2018-05-15,126,저금리(~2021),16.44,15.09,14.96,16.9,
2018-05-16,126,저금리(~2021),14.72,13.2,14.58,15.53,
2018-05-17,126,저금리(~2021),15.9,15.68,15.45,17.33,
2018-05-18,126,저금리(~2021),19.77,18.44,19.25,19.25,
2018-05-21,126,저금리(~2021),16.73,15.52,14.33,17.26,
2018-05-23,126,저금리(~2021),15.88,14.76,11.37,16.72,
2018-05-24,126,저금리(~2021),17.67,16.84,13.36,18.19,
2018-05-25,126,저금리(~2021),20.5,19.42,17.3,19.96,
2018-05-28,126,저금리(~2021),20.5,19.32,17.69,19.89,
2018-05-29,126,저금리(~2021),13.64,13.69,15.13,15.95,
2018-05-30,126,저금리(~2021),16.81,16.29,18.57,17.81,
2018-05-31,126,저금리(~2021),18.8,18.37,21.17,19.28,
2018-06-01,126,저금리(~2021),22.99,22.17,24.33,21.87,
2018-06-04,126,저금리(~2021),19.39,18.96,21.48,19.79,
2018-06-05,126,저금리(~2021),21.95,20.73,22.82,20.99,
2018-06-07,126,저금리(~2021),25.73,24.9,26.8,23.63,
2018-06-08,126,저금리(~2021),19.7,18.6,20.48,19.65,
2018-06-11,126,저금리(~2021),19.82,19.15,21.71,20.02,
2018-06-12,126,저금리(~2021),23.78,23.74,26.21,23.05,
2018-06-14,126,저금리(~2021),22.3,22.52,22.74,22.27,
2018-06-15,126,저금리(~2021),23.2,24.09,24.7,23.24,
2018-06-18,126,저금리(~2021),15.94,16.88,17.18,18.49,
2018-06-19,126,저금리(~2021),13.23,13.52,15.15,15.97,
2018-06-20,126,저금리(~2021),16.35,16.93,16.79,18.3,
2018-06-21,126,저금리(~2021),14.08,14.97,15.98,16.87,
2018-06-22,126,저금리(~2021),14.75,15.52,14.3,17.25,
2018-06-25,126,저금리(~2021),15.83,16.69,13.13,18.08,
2018-06-26,126,저금리(~2021),15.29,16.0,12.58,17.59,
2018-06-27,126,저금리(~2021),16.5,16.6,14.77,18.03,
2018-06-28,126,저금리(~2021),17.26,17.29,15.97,18.53,
2018-06-29,126,저금리(~2021),16.78,17.35,18.43,18.57,
2018-07-02,126,저금리(~2021),11.57,11.6,14.32,14.25,
2018-07-03,126,저금리(~2021),14.18,15.23,18.16,16.93,
2018-07-04,126,저금리(~2021),12.97,13.94,16.33,16.0,
2018-07-05,126,저금리(~2021),12.62,13.41,15.98,15.6,
2018-07-06,126,저금리(~2021),15.48,15.29,17.08,16.95,
2018-07-09,126,저금리(~2021),17.14,18.04,19.78,18.91,
2018-07-10,126,저금리(~2021),15.62,16.06,17.57,17.53,
2018-07-11,126,저금리(~2021),12.99,13.63,16.01,15.73,
2018-07-12,126,저금리(~2021),17.19,17.39,19.45,18.42,
2018-07-13,126,저금리(~2021),16.34,16.94,16.57,18.11,
2018-07-16,126,저금리(~2021),16.57,17.11,17.28,18.23,
2018-07-17,126,저금리(~2021),15.02,15.85,15.6,17.32,
2018-07-18,126,저금리(~2021),14.09,14.98,16.13,16.69,
2018-07-19,126,저금리(~2021),10.45,10.49,10.5,13.28,
2018-07-20,126,저금리(~2021),8.25,8.79,9.74,11.94,
2018-07-23,126,저금리(~2021),2.21,2.71,2.44,6.52,
2018-07-24,126,저금리(~2021),2.07,2.33,0.22,6.17,
2018-07-25,126,저금리(~2021),-0.97,-0.3,-2.06,3.67,
2018-07-26,126,저금리(~2021),1.29,1.52,0.19,5.35,
2018-07-27,126,저금리(~2021),1.73,2.04,0.35,5.83,
2018-07-30,126,저금리(~2021),-1.85,-1.38,-0.45,2.58,
2018-07-31,126,저금리(~2021),0.14,1.12,3.04,4.94,
2018-08-01,126,저금리(~2021),2.08,1.78,3.41,5.54,
2018-08-02,126,저금리(~2021),0.66,1.03,2.68,4.82,
2018-08-03,126,저금리(~2021),0.52,0.79,2.23,4.6,
2018-08-06,126,저금리(~2021),-1.16,-0.78,0.57,3.06,
2018-08-07,126,저금리(~2021),0.29,1.06,2.04,4.81,
2018-08-08,126,저금리(~2021),-1.02,-0.82,-0.07,3.03,
2018-08-09,126,저금리(~2021),-0.3,0.01,1.0,3.82,
2018-08-10,126,저금리(~2021),-1.4,-1.76,-1.28,2.07,
2018-08-13,126,저금리(~2021),-4.6,-3.62,-3.96,0.11,
2018-08-14,126,저금리(~2021),-3.15,-2.73,-2.86,1.03,
2018-08-16,126,저금리(~2021),-4.29,-4.18,-5.21,-0.45,
2018-08-17,126,저금리(~2021),-1.82,-1.59,-1.79,2.16,
2018-08-20,126,저금리(~2021),-3.41,-3.56,-4.7,0.16,
2018-08-21,126,저금리(~2021),2.18,2.29,2.24,5.81,
2018-08-22,126,저금리(~2021),-1.71,-1.62,-2.67,2.14,
2018-08-23,126,저금리(~2021),-0.53,-0.13,-2.84,3.59,
2018-08-24,126,저금리(~2021),2.14,1.78,-0.01,5.38,
2018-08-27,126,저금리(~2021),5.32,5.59,4.46,8.84,
2018-08-28,126,저금리(~2021),4.27,4.1,2.33,7.52,
2018-08-29,126,저금리(~2021),3.93,3.62,4.95,7.11,
2018-08-30,126,저금리(~2021),1.0,1.19,3.03,4.94,
2018-08-31,126,저금리(~2021),3.79,3.62,5.36,7.12,
2018-09-03,126,저금리(~2021),4.65,4.38,6.45,7.81,
2018-09-04,126,저금리(~2021),7.95,7.66,9.76,10.6,
2018-09-05,126,저금리(~2021),5.59,5.1,7.03,8.39,
2018-09-06,126,저금리(~2021),6.26,6.2,7.55,9.36,
2018-09-07,126,저금리(~2021),6.2,5.84,6.99,9.05,
2018-09-10,126,저금리(~2021),7.61,7.27,8.5,10.28,
2018-09-11,126,저금리(~2021),8.57,8.49,9.53,11.27,
2018-09-12,126,저금리(~2021),12.85,13.23,14.53,15.02,
2018-09-13,126,저금리(~2021),11.95,11.56,13.14,13.77,
2018-09-14,126,저금리(~2021),15.06,14.95,15.71,16.32,
2018-09-17,126,저금리(~2021),15.87,15.28,16.14,16.56,
2018-09-18,126,저금리(~2021),14.0,13.91,14.32,15.59,
2018-09-19,126,저금리(~2021),13.5,12.87,13.83,14.81,
2018-09-20,126,저금리(~2021),11.8,11.08,10.54,13.43,
2018-09-21,126,저금리(~2021),10.41,10.14,7.86,12.71,
2018-09-27,126,저금리(~2021),12.02,11.9,10.67,14.07,
2018-09-28,126,저금리(~2021),11.02,10.83,9.96,13.22,
2018-10-01,126,저금리(~2021),10.63,10.77,9.33,13.17,
2018-10-02,126,저금리(~2021),6.38,6.02,7.28,9.15,
2018-10-04,126,저금리(~2021),5.18,4.81,6.42,8.1,
2018-10-05,126,저금리(~2021),2.35,2.04,3.75,5.57,
2018-10-08,126,저금리(~2021),1.2,0.88,3.01,4.47,
2018-10-10,126,저금리(~2021),-0.07,-0.48,2.07,3.14,
2018-10-11,126,저금리(~2021),-4.38,-4.46,-1.87,-1.07,
2018-10-12,126,저금리(~2021),-0.29,-0.6,0.67,2.71,
2018-10-15,126,저금리(~2021),-0.79,-0.86,0.5,2.44,
2018-10-16,126,저금리(~2021),-0.73,-1.05,0.22,2.26,
2018-10-17,126,저금리(~2021),0.29,0.35,1.41,3.6,
2018-10-18,126,저금리(~2021),-1.45,-1.2,0.5,2.05,
2018-10-19,126,저금리(~2021),1.4,1.5,3.11,4.61,
2018-10-22,126,저금리(~2021),3.13,3.21,4.19,6.2,
2018-10-23,126,저금리(~2021),0.79,1.02,2.46,4.07,
2018-10-24,126,저금리(~2021),-3.3,-3.44,-1.65,-0.4,
2018-10-25,126,저금리(~2021),-4.57,-5.23,-2.72,-2.32,
2018-10-26,126,저금리(~2021),-7.72,-8.63,-6.87,-6.27,
2018-10-29,126,저금리(~2021),-10.25,-10.93,-9.66,-9.1,
2018-10-30,126,저금리(~2021),-7.13,-7.28,-5.44,-4.83,
2018-10-31,126,저금리(~2021),-7.46,-7.22,-5.23,-4.77,
2018-11-01,126,저금리(~2021),-4.91,-4.68,-3.42,-1.9,
2018-11-02,126,저금리(~2021),1.46,1.04,2.06,3.56,
2018-11-05,126,저금리(~2021),4.39,4.66,5.37,6.97,
2018-11-06,126,저금리(~2021),4.03,4.25,4.71,6.61,
2018-11-07,126,저금리(~2021),-0.62,-1.02,0.53,1.67,
2018-11-08,126,저금리(~2021),2.35,2.4,3.74,4.96,
2018-11-09,126,저금리(~2021),1.15,0.61,1.84,3.2,
2018-11-12,126,저금리(~2021),-0.26,-0.54,0.12,2.02,
2018-11-13,126,저금리(~2021),-0.26,-0.99,-0.22,1.58,
2018-11-14,126,저금리(~2021),-0.53,-0.22,0.28,2.33,
2018-11-15,126,저금리(~2021),4.33,4.51,4.14,6.71,
2018-11-16,126,저금리(~2021),6.79,6.9,6.61,8.79,
2018-11-19,126,저금리(~2021),9.56,9.27,8.95,10.73,
2018-11-20,126,저금리(~2021),4.32,4.03,4.23,6.24,
2018-11-21,126,저금리(~2021),7.98,8.08,8.05,9.8,
2018-11-22,126,저금리(~2021),7.9,7.36,7.3,9.2,
2018-11-23,126,저금리(~2021),4.84,4.67,5.64,6.86,
2018-11-26,126,저금리(~2021),6.92,6.86,7.37,8.72,
2018-11-27,126,저금리(~2021),7.24,7.27,7.89,9.06,
2018-11-28,126,저금리(~2021),6.53,5.83,7.11,7.83,
2018-11-29,126,저금리(~2021),4.36,4.34,5.98,6.51,
2018-11-30,126,저금리(~2021),4.17,4.2,5.29,6.37,
2018-12-03,126,저금리(~2021),6.47,5.92,6.81,7.84,
2018-12-04,126,저금리(~2021),6.48,6.34,6.8,8.21,
2018-12-05,126,저금리(~2021),4.64,3.7,3.87,5.87,
2018-12-06,126,저금리(~2021),2.72,1.31,2.39,3.54,
2018-12-07,126,저금리(~2021),5.04,3.72,4.59,5.75,
2018-12-10,126,저금리(~2021),4.06,2.91,3.71,4.99,
2018-12-11,126,저금리(~2021),1.67,0.07,0.37,2.27,
2018-12-12,126,저금리(~2021),3.44,2.14,2.64,4.16,
2018-12-13,126,저금리(~2021),4.62,3.01,3.2,4.98,
2018-12-14,126,저금리(~2021),2.34,0.67,-0.12,2.69,
2018-12-17,126,저금리(~2021),2.87,0.71,0.11,2.73,
2018-12-18,126,저금리(~2021),2.66,0.8,0.46,2.81,
2018-12-19,126,저금리(~2021),8.82,7.15,6.78,8.6,
2018-12-20,126,저금리(~2021),10.6,8.85,8.35,10.07,
2018-12-21,126,저금리(~2021),8.88,6.74,6.35,8.37,
2018-12-24,126,저금리(~2021),9.6,7.1,7.67,8.69,
2018-12-26,126,저금리(~2021),10.5,9.05,9.16,10.3,
2018-12-27,126,저금리(~2021),11.11,9.04,9.26,10.29,
2018-12-28,126,저금리(~2021),9.94,7.92,8.82,9.37,
2019-01-02,126,저금리(~2021),11.59,9.53,10.52,10.78,
2019-01-03,126,저금리(~2021),11.16,9.28,9.45,10.56,
2019-01-04,126,저금리(~2021),12.16,10.16,10.25,11.26,
2019-01-07,126,저금리(~2021),11.39,9.64,9.55,10.85,
2019-01-08,126,저금리(~2021),10.07,8.19,7.62,9.64,
2019-01-09,126,저금리(~2021),12.16,10.63,10.83,11.63,
2019-01-10,126,저금리(~2021),12.3,10.15,10.43,11.26,
2019-01-11,126,저금리(~2021),13.75,12.41,12.57,13.05,
2019-01-14,126,저금리(~2021),12.61,10.6,10.01,11.6,
2019-01-15,126,저금리(~2021),11.46,9.23,9.22,10.53,
2019-01-16,126,저금리(~2021),11.29,9.6,9.33,10.84,
2019-01-17,126,저금리(~2021),10.58,8.64,7.4,10.04,
2019-01-18,126,저금리(~2021),13.63,11.51,10.42,12.33,
2019-01-21,126,저금리(~2021),13.95,11.82,10.87,12.58,
2019-01-22,126,저금리(~2021),15.16,12.78,12.13,13.34,
2019-01-23,126,저금리(~2021),18.76,16.14,15.24,15.93,
2019-01-24,126,저금리(~2021),20.01,17.67,16.22,17.0,
2019-01-25,126,저금리(~2021),20.51,17.96,17.88,17.2,
2019-01-28,126,저금리(~2021),22.82,21.05,20.25,19.33,
2019-01-29,126,저금리(~2021),27.7,25.31,23.95,22.18,
2019-01-30,126,저금리(~2021),39.45,38.26,34.53,30.07,
2019-01-31,126,저금리(~2021),42.89,40.5,37.99,31.19,
2019-02-01,126,저금리(~2021),39.73,37.32,36.42,29.64,
2019-02-07,126,저금리(~2021),37.6,35.42,35.3,28.7,
2019-02-08,126,저금리(~2021),37.68,34.8,33.63,28.37,
2019-02-11,126,저금리(~2021),39.21,36.58,35.32,29.29,
2019-02-12,126,저금리(~2021),39.94,37.23,36.39,29.64,
2019-02-13,126,저금리(~2021),39.38,37.23,37.08,29.64,
2019-02-14,126,저금리(~2021),40.19,37.59,37.44,29.82,
2019-02-15,126,저금리(~2021),38.6,35.37,34.95,28.67,
2019-02-18,126,저금리(~2021),36.34,34.76,34.9,28.36,
2019-02-19,126,저금리(~2021),34.55,32.38,33.28,27.11,
2019-02-20,126,저금리(~2021),36.04,33.95,34.31,27.96,
2019-02-21,126,저금리(~2021),36.35,33.99,33.8,27.98,
2019-02-22,126,저금리(~2021),42.84,39.72,38.89,31.1,
2019-02-25,126,저금리(~2021),42.99,40.14,40.97,31.3,
2019-02-26,126,저금리(~2021),36.51,34.44,36.35,28.47,
2019-02-27,126,저금리(~2021),38.41,36.3,37.34,29.43,
2019-02-28,126,저금리(~2021),33.06,30.77,32.69,26.44,
2019-03-04,126,저금리(~2021),34.07,31.88,33.71,27.02,
2019-03-05,126,저금리(~2021),34.62,32.21,33.38,27.21,
2019-03-06,126,저금리(~2021),30.79,29.32,24.74,25.6,
2019-03-07,126,저금리(~2021),27.33,24.79,20.19,22.85,
2019-03-08,126,저금리(~2021),27.6,25.33,23.14,23.19,
2019-03-11,126,저금리(~2021),30.17,28.47,28.0,25.06,
2019-03-12,126,저금리(~2021),35.16,33.08,32.04,27.61,
2019-03-13,126,저금리(~2021),32.27,29.99,28.31,25.92,
2019-03-14,126,저금리(~2021),28.49,26.13,23.82,23.69,
2019-03-15,126,저금리(~2021),25.87,23.67,22.2,22.16,
2019-03-18,126,저금리(~2021),26.87,25.05,23.62,23.02,
2019-03-19,126,저금리(~2021),25.26,23.16,21.71,21.82,
2019-03-20,126,저금리(~2021),25.26,22.84,22.25,21.62,
2019-03-21,126,저금리(~2021),24.73,22.41,23.15,21.34,
2019-03-22,126,저금리(~2021),29.39,26.44,27.13,23.92,
2019-03-25,126,저금리(~2021),27.9,25.33,25.66,23.22,
2019-03-26,126,저금리(~2021),27.78,25.16,23.49,23.12,
2019-03-27,126,저금리(~2021),26.67,24.2,24.68,22.5,
2019-03-28,126,저금리(~2021),25.56,23.34,25.26,21.96,
2019-03-29,126,저금리(~2021),24.5,22.03,22.68,21.16,
2019-04-01,126,저금리(~2021),27.18,25.18,27.01,23.17,
2019-04-02,126,저금리(~2021),27.19,25.33,27.39,23.26,
2019-04-03,126,저금리(~2021),24.67,22.7,23.8,21.7,
2019-04-04,126,저금리(~2021),23.07,20.48,16.23,20.28,
2019-04-05,126,저금리(~2021),22.7,20.73,16.46,20.44,
2019-04-08,126,저금리(~2021),23.07,20.41,18.48,20.23,
2019-04-09,126,저금리(~2021),21.05,18.65,18.14,19.08,
2019-04-10,126,저금리(~2021),20.57,18.27,17.19,18.83,
2019-04-11,126,저금리(~2021),20.34,18.06,16.48,18.68,
2019-04-12,126,저금리(~2021),21.51,19.4,17.49,19.61,
2019-04-15,126,저금리(~2021),22.44,19.95,18.85,19.98,
2019-04-16,126,저금리(~2021),20.1,17.45,16.29,18.31,
2019-04-17,126,저금리(~2021),17.22,14.66,13.23,16.37,
2019-04-18,126,저금리(~2021),11.19,8.78,7.8,11.9,
2019-04-19,126,저금리(~2021),13.56,11.54,11.7,14.07,
2019-04-22,126,저금리(~2021),16.73,14.88,14.91,16.64,
2019-04-23,126,저금리(~2021),16.86,14.1,13.32,16.07,
2019-04-24,126,저금리(~2021),14.35,12.07,9.58,14.56,
2019-04-25,126,저금리(~2021),13.79,11.32,10.62,13.98,
2019-04-26,126,저금리(~2021),12.13,9.55,9.83,12.58,
2019-04-29,126,저금리(~2021),12.91,10.73,10.51,13.49,
2019-04-30,126,저금리(~2021),11.84,9.87,9.63,12.82,
2019-05-02,126,저금리(~2021),10.92,8.89,8.61,12.04,
2019-05-03,126,저금리(~2021),12.65,10.53,11.02,13.38,
2019-05-07,126,저금리(~2021),11.76,9.4,5.45,12.46,
2019-05-08,126,저금리(~2021),10.47,8.11,4.1,11.4,
2019-05-09,126,저금리(~2021),8.88,6.62,5.07,10.11,
2019-05-10,126,저금리(~2021),7.41,5.56,5.46,9.22,
2019-05-13,126,저금리(~2021),6.08,3.77,3.76,7.59,
2019-05-14,126,저금리(~2021),5.75,3.54,3.23,7.38,
2019-05-15,126,저금리(~2021),7.02,5.25,3.83,8.82,
2019-05-16,126,저금리(~2021),5.34,3.64,3.1,7.38,
2019-05-17,126,저금리(~2021),6.64,4.63,4.48,8.29,
2019-05-20,126,저금리(~2021),7.3,5.19,5.03,8.79,
2019-05-21,126,저금리(~2021),9.69,7.4,6.57,10.7,
2019-05-22,126,저금리(~2021),10.31,8.01,8.67,11.21,
2019-05-23,126,저금리(~2021),5.32,3.28,4.66,7.18,
2019-05-24,126,저금리(~2021),3.73,1.43,2.23,5.48,
2019-05-27,126,저금리(~2021),4.24,2.16,1.15,6.16,
2019-05-28,126,저금리(~2021),8.8,7.18,6.93,10.54,
2019-05-29,126,저금리(~2021),7.9,6.14,6.81,9.63,
2019-05-30,126,저금리(~2021),6.81,4.51,5.22,8.24,
2019-05-31,126,저금리(~2021),9.95,8.42,8.38,11.58,
2019-06-03,126,저금리(~2021),10.92,9.1,8.7,12.13,
2019-06-04,126,저금리(~2021),12.19,10.12,10.58,12.95,
2019-06-05,126,저금리(~2021),10.54,9.01,5.07,12.09,
2019-06-07,126,저금리(~2021),11.2,9.35,5.09,12.36,
2019-06-10,126,저금리(~2021),12.33,10.61,8.61,13.35,
2019-06-11,126,저금리(~2021),14.04,12.06,11.29,14.47,
2019-06-12,126,저금리(~2021),10.37,7.8,7.74,11.15,
2019-06-13,126,저금리(~2021),9.74,7.47,7.18,10.88,
2019-06-14,126,저금리(~2021),8.54,7.34,5.91,10.77,
2019-06-17,126,저금리(~2021),6.12,4.69,4.34,8.54,
2019-06-18,126,저금리(~2021),5.59,3.98,4.07,7.91,
2019-06-19,126,저금리(~2021),5.97,4.52,4.55,8.38,
2019-06-20,126,저금리(~2021),6.99,5.51,4.74,9.22,
2019-06-21,126,저금리(~2021),4.87,3.58,4.12,7.52,
2019-06-24,126,저금리(~2021),5.82,4.68,6.22,8.52,
2019-06-25,126,저금리(~2021),2.34,0.89,1.87,5.17,
2019-06-26,126,저금리(~2021),0.32,-1.2,-2.18,3.18,
2019-06-27,126,저금리(~2021),-4.34,-5.74,-6.42,-1.56,
2019-06-28,126,저금리(~2021),-6.57,-7.87,-8.09,-3.97,
2019-07-01,126,저금리(~2021),-2.28,-3.51,-3.35,0.65,
2019-07-02,126,저금리(~2021),-0.38,-1.28,-1.57,2.98,
2019-07-03,126,저금리(~2021),-2.56,-4.28,-5.22,0.01,
2019-07-04,126,저금리(~2021),0.12,-1.1,-0.56,3.37,
2019-07-05,126,저금리(~2021),-3.33,-4.55,-8.13,0.07,
2019-07-08,126,저금리(~2021),-7.41,-8.98,-12.65,-4.88,
2019-07-09,126,저금리(~2021),-10.04,-11.22,-12.69,-7.58,
2019-07-10,126,저금리(~2021),-8.98,-9.83,-10.2,-5.93,
2019-07-11,126,저금리(~2021),-7.18,-8.42,-8.19,-4.33,
2019-07-12,126,저금리(~2021),-8.05,-9.23,-9.0,-5.25,
2019-07-15,126,저금리(~2021),-8.6,-9.97,-10.77,-6.13,
2019-07-16,126,저금리(~2021),-7.42,-8.51,-8.29,-4.44,
2019-07-17,126,저금리(~2021),-7.16,-8.84,-8.14,-4.83,
2019-07-18,126,저금리(~2021),-9.58,-11.22,-10.56,-7.58,
2019-07-19,126,저금리(~2021),-6.67,-7.47,-7.42,-3.25,
2019-07-22,126,저금리(~2021),-3.24,-4.72,-3.26,-0.14,
2019-07-23,126,저금리(~2021),-5.27,-6.6,-4.38,-2.14,
2019-07-24,126,저금리(~2021),-4.08,-5.07,-3.26,-0.44,
2019-07-25,126,저금리(~2021),-3.39,-4.8,-5.01,-0.15,
2019-07-26,126,저금리(~2021),-5.88,-7.3,-7.45,-2.85,
2019-07-29,126,저금리(~2021),-10.8,-12.0,-11.45,-8.4,
2019-07-30,126,저금리(~2021),-10.11,-11.61,-10.17,-7.93,
2019-07-31,126,저금리(~2021),-11.5,-12.55,-11.86,-9.06,
2019-08-01,126,저금리(~2021),-12.44,-13.63,-13.39,-10.45,
2019-08-02,126,저금리(~2021),-16.39,-17.64,-16.02,-15.99,
2019-08-05,126,저금리(~2021),-23.65,-25.2,-25.27,-28.8,
2019-08-06,126,저금리(~2021),-25.36,-26.19,-26.99,-30.54,
2019-08-07,126,저금리(~2021),-23.57,-24.19,-24.28,-27.18,
2019-08-08,126,저금리(~2021),-20.55,-21.85,-21.46,-23.5,
2019-08-09,126,저금리(~2021),-21.25,-22.19,-20.96,-24.04,
2019-08-12,126,저금리(~2021),-19.95,-20.66,-19.41,-21.6,
2019-08-13,126,저금리(~2021),-21.15,-22.21,-21.81,-24.05,
2019-08-14,126,저금리(~2021),-19.08,-20.2,-19.09,-20.96,
2019-08-16,126,저금리(~2021),-17.51,-18.43,-17.04,-18.24,
2019-08-19,126,저금리(~2021),-13.55,-14.41,-13.73,-12.51,
2019-08-20,126,저금리(~2021),-14.46,-15.69,-14.89,-14.14,
2019-08-21,126,저금리(~2021),-12.92,-13.91,-12.36,-11.84,
2019-08-22,126,저금리(~2021),-11.96,-13.07,-10.87,-10.74,
2019-08-23,126,저금리(~2021),-9.41,-10.75,-8.91,-7.72,
2019-08-26,126,저금리(~2021),-16.6,-17.08,-16.4,-16.14,
2019-08-27,126,저금리(~2021),-15.4,-16.08,-15.84,-14.77,
2019-08-28,126,저금리(~2021),-13.18,-14.33,-14.44,-12.54,
2019-08-29,126,저금리(~2021),-14.8,-15.84,-14.96,-14.53,
2019-08-30,126,저금리(~2021),-12.31,-13.21,-13.31,-11.09,
2019-09-02,126,저금리(~2021),-6.83,-7.79,-8.89,-4.44,
2019-09-03,126,저금리(~2021),-9.15,-10.3,-9.59,-7.31,
2019-09-04,126,저금리(~2021),-3.37,-4.59,-3.98,-0.7,
2019-09-05,126,저금리(~2021),1.09,1.32,0.58,5.42,
2019-09-06,126,저금리(~2021),6.43,5.6,3.69,9.44,
2019-09-09,126,저금리(~2021),9.34,7.66,4.44,11.24,
2019-09-10,126,저금리(~2021),3.44,1.44,1.04,6.01,
2019-09-11,126,저금리(~2021),12.31,11.2,9.46,14.66,
2019-09-16,126,저금리(~2021),24.4,24.63,18.08,24.53,
2019-09-17,126,저금리(~2021),13.11,13.79,14.0,18.06,
2019-09-18,126,저금리(~2021),19.88,19.63,18.97,22.31,
2019-09-19,126,저금리(~2021),7.82,6.81,11.51,14.0,
2019-09-20,126,저금리(~2021),4.13,3.86,8.27,11.65,
2019-09-23,126,저금리(~2021),3.27,1.71,6.64,9.78,
2019-09-24,126,저금리(~2021),-1.86,-2.77,3.06,5.56,
2019-09-25,126,저금리(~2021),-6.01,-5.28,0.59,3.03,
2019-09-26,126,저금리(~2021),-9.99,-9.87,-3.76,-1.52,
2019-09-27,126,저금리(~2021),-6.85,-6.8,-1.7,1.99,
2019-09-30,126,저금리(~2021),-10.63,-11.1,-6.39,-2.57,
2019-10-01,126,저금리(~2021),-7.91,-8.79,-2.72,-0.06,
2019-10-02,126,저금리(~2021),-13.38,-13.68,-8.85,-5.65,
2019-10-04,126,저금리(~2021),-13.7,-14.17,-10.48,-6.24,
2019-10-07,126,저금리(~2021),-9.57,-10.19,-4.36,-1.67,
2019-10-08,126,저금리(~2021),-9.25,-10.03,-4.8,-1.49,
2019-10-10,126,저금리(~2021),-9.16,-9.67,-6.71,-1.08,
2019-10-11,126,저금리(~2021),-7.39,-8.1,-6.96,0.68,
2019-10-14,126,저금리(~2021),-8.15,-8.32,-9.89,0.45,
2019-10-15,126,저금리(~2021),-9.75,-10.84,-9.35,-2.25,
2019-10-16,126,저금리(~2021),-10.51,-10.79,-15.18,-2.19,
2019-10-17,126,저금리(~2021),-10.83,-11.66,-27.94,-3.21,
2019-10-18,126,저금리(~2021),-10.79,-11.17,-15.78,-2.63,
2019-10-21,126,저금리(~2021),-9.97,-9.89,-20.42,-1.21,
2019-10-22,126,저금리(~2021),-8.32,-8.78,-9.4,-0.03,
2019-10-23,126,저금리(~2021),-4.03,-3.96,-1.74,4.94,
2019-10-24,126,저금리(~2021),-6.71,-7.19,-4.98,1.67,
2019-10-25,126,저금리(~2021),-8.74,-9.33,-5.29,-0.73,
2019-10-28,126,저금리(~2021),-8.66,-8.98,-3.88,-0.35,
2019-10-29,126,저금리(~2021),-6.43,-6.64,0.68,2.17,
2019-10-30,126,저금리(~2021),-9.64,-10.01,-6.04,-1.39,
2019-10-31,126,저금리(~2021),-10.31,-10.65,-5.83,-2.1,
2019-11-01,126,저금리(~2021),-12.2,-12.53,-7.75,-4.23,
2019-11-04,126,저금리(~2021),-11.49,-12.15,-6.69,-3.77,
2019-11-05,126,저금리(~2021),-10.3,-10.83,-5.92,-2.25,
2019-11-06,126,저금리(~2021),-12.91,-13.38,-8.43,-5.28,
2019-11-07,126,저금리(~2021),-13.09,-13.72,-9.31,-5.69,
2019-11-08,126,저금리(~2021),-13.51,-13.91,-11.92,-5.93,
2019-11-11,126,저금리(~2021),-13.78,-14.28,-14.48,-6.4,
2019-11-12,126,저금리(~2021),-13.74,-14.31,-16.8,-6.44,
2019-11-13,126,저금리(~2021),-16.25,-16.55,-15.99,-9.28,
2019-11-14,126,저금리(~2021),-16.69,-16.93,-21.81,-9.78,
2019-11-15,126,저금리(~2021),-14.21,-15.08,-31.2,-7.4,
2019-11-18,126,저금리(~2021),-15.73,-16.14,-21.41,-8.75,
2019-11-19,126,저금리(~2021),-18.69,-18.85,-29.52,-12.4,
2019-11-20,126,저금리(~2021),-20.11,-20.27,-21.66,-14.46,
2019-11-21,126,저금리(~2021),-19.83,-20.14,-18.7,-14.27,
2019-11-22,126,저금리(~2021),-20.97,-21.14,-19.51,-15.72,
2019-11-25,126,저금리(~2021),-22.54,-22.62,-20.7,-17.77,
2019-11-26,126,저금리(~2021),-23.22,-23.35,-21.07,-18.86,
2019-11-27,126,저금리(~2021),-23.4,-23.89,-20.29,-19.72,
2019-11-28,126,저금리(~2021),-25.24,-25.98,-24.16,-23.15,
2019-11-29,126,저금리(~2021),-27.26,-27.65,-24.92,-26.01,
2019-12-02,126,저금리(~2021),-27.0,-27.3,-24.24,-25.42,
2019-12-03,126,저금리(~2021),-28.28,-28.96,-24.94,-28.43,
2019-12-04,126,저금리(~2021),-29.19,-29.41,-25.95,-29.24,
2019-12-05,126,저금리(~2021),-29.79,-30.67,-27.22,-31.58,
2019-12-06,126,저금리(~2021),-27.41,-28.16,-25.03,-27.0,
2019-12-09,126,저금리(~2021),-22.47,-23.02,-20.49,-17.91,
2019-12-10,126,저금리(~2021),-28.25,-28.41,-28.39,-26.24,
2019-12-11,126,저금리(~2021),-28.12,-29.05,-30.8,-27.37,
2019-12-12,126,저금리(~2021),-26.24,-26.91,-26.24,-23.74,
2019-12-13,126,저금리(~2021),-25.84,-26.13,-30.29,-22.46,
2019-12-16,126,저금리(~2021),-27.38,-28.08,-41.77,-25.74,
2019-12-17,126,저금리(~2021),-26.47,-27.22,-31.94,-24.3,
2019-12-18,126,저금리(~2021),-27.28,-27.87,-37.37,-25.41,
2019-12-19,126,저금리(~2021),-26.05,-26.24,-27.36,-22.61,
2019-12-20,126,저금리(~2021),-26.01,-26.42,-25.29,-22.91,
2019-12-23,126,저금리(~2021),-23.43,-24.28,-22.32,-19.39,
2019-12-24,126,저금리(~2021),-25.03,-25.92,-23.6,-22.06,
2019-12-26,126,저금리(~2021),-21.76,-22.19,-19.26,-16.27,
2019-12-27,126,저금리(~2021),-21.9,-22.27,-17.84,-16.4,
2019-12-30,126,저금리(~2021),-21.68,-22.29,-19.2,-16.42,
2020-01-02,126,저금리(~2021),-22.35,-22.99,-18.6,-17.46,
2020-01-03,126,저금리(~2021),-23.62,-24.38,-20.19,-19.65,
2020-01-06,126,저금리(~2021),-26.38,-27.09,-22.12,-24.21,
2020-01-07,126,저금리(~2021),-25.29,-25.55,-20.74,-21.73,
2020-01-08,126,저금리(~2021),-27.85,-28.52,-24.34,-26.98,
2020-01-09,126,저금리(~2021),-25.15,-25.57,-21.64,-22.2,
2020-01-10,126,저금리(~2021),-24.07,-23.97,-21.93,-19.64,
2020-01-13,126,저금리(~2021),-23.89,-24.19,-23.95,-19.99,
2020-01-14,126,저금리(~2021),-23.22,-23.86,-25.46,-19.46,
2020-01-15,126,저금리(~2021),-24.39,-24.78,-24.26,-20.9,
2020-01-16,126,저금리(~2021),-23.41,-23.81,-28.26,-19.38,
2020-01-17,126,저금리(~2021),-24.52,-25.12,-39.43,-21.43,
2020-01-20,126,저금리(~2021),-25.49,-25.99,-31.07,-22.87,
2020-01-21,126,저금리(~2021),-27.66,-27.88,-37.73,-26.08,
2020-01-22,126,저금리(~2021),-25.3,-25.3,-26.81,-21.8,
2020-01-23,126,저금리(~2021),-26.62,-27.29,-26.76,-25.14,
2020-01-28,126,저금리(~2021),-30.32,-30.71,-30.14,-31.47,
2020-01-29,126,저금리(~2021),-29.35,-29.46,-28.32,-29.17,
2020-01-30,126,저금리(~2021),-30.71,-31.13,-29.9,-32.38,
2020-01-31,126,저금리(~2021),-32.04,-32.32,-29.42,-34.73,
2020-02-03,126,저금리(~2021),-32.21,-32.49,-30.78,-35.06,
2020-02-04,126,저금리(~2021),-31.4,-31.66,-28.9,-33.47,
2020-02-05,126,저금리(~2021),-33.23,-33.48,-31.24,-37.03,
2020-02-06,126,저금리(~2021),-32.36,-32.74,-29.65,-35.56,
2020-02-07,126,저금리(~2021),-32.9,-33.39,-30.55,-36.87,
2020-02-10,126,저금리(~2021),-32.61,-32.85,-30.13,-35.79,
2020-02-11,126,저금리(~2021),-31.64,-32.1,-29.58,-34.29,
2020-02-12,126,저금리(~2021),-29.86,-30.36,-29.26,-30.88,
2020-02-13,126,저금리(~2021),-31.3,-31.75,-32.45,-33.49,
2020-02-14,126,저금리(~2021),-29.37,-29.25,-31.22,-28.62,
2020-02-17,126,저금리(~2021),-26.51,-26.93,-26.5,-24.43,
2020-02-18,126,저금리(~2021),-29.23,-29.83,-34.13,-29.55,
2020-02-19,126,저금리(~2021),-26.75,-26.89,-40.78,-24.2,
2020-02-20,126,저금리(~2021),-27.56,-27.98,-32.82,-26.06,
2020-02-21,126,저금리(~2021),-31.58,-32.01,-41.21,-33.54,
2020-02-24,126,저금리(~2021),-35.75,-35.8,-36.76,-41.58,
2020-02-25,126,저금리(~2021),-33.38,-33.65,-33.23,-37.15,
2020-02-26,126,저금리(~2021),-32.91,-33.2,-32.66,-36.24,
2020-02-27,126,저금리(~2021),-34.7,-34.97,-33.92,-39.94,
2020-02-28,126,저금리(~2021),-37.42,-37.56,-36.48,-45.95,
2020-03-02,126,저금리(~2021),-35.59,-36.16,-33.62,-42.85,
2020-03-03,126,저금리(~2021),-37.38,-37.41,-35.99,-45.65,
2020-03-04,126,저금리(~2021),-36.51,-36.84,-34.4,-44.35,
2020-03-05,126,저금리(~2021),-34.54,-34.78,-32.6,-39.78,
2020-03-06,126,저금리(~2021),-36.21,-36.54,-33.51,-43.65,
2020-03-09,126,저금리(~2021),-38.91,-39.42,-36.59,-50.72,
2020-03-10,126,저금리(~2021),-36.59,-36.73,-33.99,-44.31,
2020-03-11,126,저금리(~2021),-40.09,-40.33,-37.51,-53.33,
2020-03-12,126,저금리(~2021),-42.34,-43.17,-41.15,-61.4,
2020-03-13,126,저금리(~2021),-45.82,-46.11,-44.96,-70.55,
2020-03-16,126,저금리(~2021),-48.28,-48.23,-47.84,-77.67,
2020-03-17,126,저금리(~2021),-45.66,-45.31,-44.26,-68.57,
2020-03-18,126,저금리(~2021),-48.05,-48.09,-49.57,-78.48,
2020-03-19,126,저금리(~2021),-52.85,-53.46,-59.96,-100.0,
2020-03-20,126,저금리(~2021),-46.21,-47.36,-50.03,-79.01,
2020-03-23,126,저금리(~2021),-47.79,-48.16,-53.61,-82.08,
2020-03-24,126,저금리(~2021),-42.15,-42.2,-44.51,-65.21,
2020-03-25,126,저금리(~2021),-36.81,-37.43,-38.69,-52.45,
2020-03-26,126,저금리(~2021),-36.86,-36.57,-37.87,-50.41,
2020-03-27,126,저금리(~2021),-38.57,-38.23,-39.21,-54.24,
2020-03-30,126,저금리(~2021),-37.54,-38.34,-39.65,-54.49,
2020-03-31,126,저금리(~2021),-34.63,-35.23,-35.65,-47.63,
2020-04-01,126,저금리(~2021),-37.01,-37.64,-38.94,-53.62,
2020-04-02,126,저금리(~2021),-35.04,-35.4,-36.09,-48.54,
2020-04-03,126,저금리(~2021),-34.9,-34.84,-35.73,-47.26,
2020-04-06,126,저금리(~2021),-32.33,-32.86,-33.27,-43.09,
2020-04-07,126,저금리(~2021),-31.36,-31.69,-32.15,-40.65,
2020-04-08,126,저금리(~2021),-30.57,-31.01,-31.7,-39.23,
2020-04-09,126,저금리(~2021),-28.42,-28.14,-28.54,-33.59,
2020-04-10,126,저금리(~2021),-28.09,-28.59,-29.19,-34.43,
2020-04-13,126,저금리(~2021),-29.05,-28.87,-30.07,-34.98,
2020-04-14,126,저금리(~2021),-27.68,-28.22,-28.94,-33.8,
2020-04-16,126,저금리(~2021),-26.4,-26.39,-26.45,-30.62,
2020-04-17,126,저금리(~2021),-22.73,-23.28,-23.06,-25.21,
2020-04-20,126,저금리(~2021),-22.92,-22.82,-23.76,-24.44,
2020-04-21,126,저금리(~2021),-20.81,-21.24,-22.04,-21.85,
2020-04-22,126,저금리(~2021),-20.98,-21.62,-21.24,-22.43,
2020-04-23,126,저금리(~2021),-23.04,-23.19,-22.19,-24.81,
2020-04-24,126,저금리(~2021),-25.78,-26.37,-25.79,-30.19,
2020-04-27,126,저금리(~2021),-21.11,-21.37,-20.31,-21.74,
2020-04-28,126,저금리(~2021),-22.73,-23.15,-22.65,-24.53,
2020-04-29,126,저금리(~2021),-24.59,-24.8,-24.89,-27.2,
2020-05-04,126,저금리(~2021),-26.96,-27.25,-27.41,-31.46,
2020-05-06,126,저금리(~2021),-26.05,-26.18,-25.71,-29.63,
2020-05-07,126,저금리(~2021),-23.78,-24.03,-23.49,-25.95,
2020-05-08,126,저금리(~2021),-22.53,-22.72,-21.83,-23.9,
2020-05-11,126,저금리(~2021),-20.69,-20.62,-19.82,-20.58,
2020-05-12,126,저금리(~2021),-21.43,-21.56,-20.99,-22.02,
2020-05-13,126,저금리(~2021),-20.01,-20.25,-19.5,-20.02,
2020-05-14,126,저금리(~2021),-20.68,-20.74,-19.97,-20.78,
2020-05-15,126,저금리(~2021),-21.39,-21.68,-20.87,-22.2,
2020-05-18,126,저금리(~2021),-21.04,-21.22,-20.82,-21.47,
2020-05-19,126,저금리(~2021),-21.56,-21.77,-21.1,-22.3,
2020-05-20,126,저금리(~2021),-21.58,-21.75,-20.68,-22.27,
2020-05-21,126,저금리(~2021),-21.85,-21.98,-21.12,-22.63,
2020-05-22,126,저금리(~2021),-23.16,-23.06,-23.69,-24.35,
2020-05-25,126,저금리(~2021),-21.33,-21.58,-22.17,-22.01,
2020-05-26,126,저금리(~2021),-19.74,-20.23,-19.19,-19.96,
2020-05-27,126,저금리(~2021),-21.72,-22.01,-20.54,-22.68,
2020-05-28,126,저금리(~2021),-24.81,-24.8,-23.71,-27.25,
2020-05-29,126,저금리(~2021),-23.81,-24.11,-23.73,-26.1,
2020-06-01,126,저금리(~2021),-20.83,-21.16,-20.23,-21.63,
2020-06-02,126,저금리(~2021),-20.65,-20.63,-19.63,-20.83,
2020-06-03,126,저금리(~2021),-22.27,-22.33,-21.03,-23.42,
2020-06-04,126,저금리(~2021),-23.51,-23.46,-22.27,-25.19,
2020-06-05,126,저금리(~2021),-25.29,-25.48,-25.52,-28.45,
2020-06-08,126,저금리(~2021),-21.75,-21.65,-20.27,-21.98,
2020-06-09,126,저금리(~2021),-22.28,-22.31,-21.87,-23.02,
2020-06-10,126,저금리(~2021),-22.48,-23.07,-22.82,-24.21,
2020-06-11,126,저금리(~2021),-23.29,-23.15,-23.23,-24.33,
2020-06-12,126,저금리(~2021),-24.71,-24.76,-25.15,-27.04,
2020-06-15,126,저금리(~2021),-29.44,-29.5,-30.54,-36.28,
2020-06-16,126,저금리(~2021),-24.73,-25.27,-26.97,-29.1,
2020-06-17,126,저금리(~2021),-25.45,-25.3,-26.54,-29.15,
2020-06-18,126,저금리(~2021),-25.8,-25.44,-26.18,-29.41,
2020-06-19,126,저금리(~2021),-26.67,-26.43,-27.53,-31.11,
2020-06-22,126,저금리(~2021),-23.01,-22.42,-23.59,-24.21,
2020-06-23,126,저금리(~2021),-22.34,-21.62,-22.91,-22.95,
2020-06-24,126,저금리(~2021),-23.03,-22.49,-22.73,-24.32,
2020-06-25,126,저금리(~2021),-24.52,-24.71,-24.6,-28.0,
2020-06-26,126,저금리(~2021),-26.66,-26.2,-26.15,-30.49,
2020-06-29,126,저금리(~2021),-28.63,-27.93,-29.13,-33.69,
2020-06-30,126,저금리(~2021),-27.78,-27.21,-27.83,-32.36,
2020-07-01,126,저금리(~2021),-28.95,-28.86,-29.41,-35.48,
2020-07-02,126,저금리(~2021),-26.88,-26.8,-26.57,-31.71,
2020-07-03,126,저금리(~2021),-26.43,-25.89,-25.52,-30.12,
2020-07-06,126,저금리(~2021),-26.25,-25.87,-26.54,-30.08,
2020-07-07,126,저금리(~2021),-26.19,-25.46,-25.34,-29.36,
2020-07-08,126,저금리(~2021),-25.43,-24.94,-25.55,-28.48,
2020-07-09,126,저금리(~2021),-24.91,-24.46,-25.11,-27.65,
2020-07-10,126,저금리(~2021),-24.08,-23.46,-24.3,-25.98,
2020-07-13,126,저금리(~2021),-21.61,-21.24,-22.11,-22.36,
2020-07-14,126,저금리(~2021),-19.69,-19.8,-20.01,-20.1,
2020-07-15,126,저금리(~2021),-20.73,-20.44,-21.86,-21.05,
2020-07-16,126,저금리(~2021),-23.74,-23.4,-24.38,-25.64,
2020-07-17,126,저금리(~2021),-22.64,-22.02,-22.39,-23.43,
2020-07-20,126,저금리(~2021),-22.51,-22.12,-22.96,-23.59,
2020-07-21,126,저금리(~2021),-23.97,-23.34,-24.44,-25.47,
2020-07-22,126,저금리(~2021),-22.84,-22.47,-23.67,-24.07,
2020-07-23,126,저금리(~2021),-20.68,-20.32,-20.25,-20.72,
2020-07-24,126,저금리(~2021),-19.95,-19.49,-18.94,-19.44,
2020-07-27,126,저금리(~2021),-16.8,-16.32,-16.13,-14.82,
2020-07-28,126,저금리(~2021),-19.13,-18.66,-18.95,-17.95,
2020-07-29,126,저금리(~2021),-19.37,-19.04,-18.78,-18.51,
2020-07-30,126,저금리(~2021),-19.86,-19.33,-18.66,-18.93,
2020-07-31,126,저금리(~2021),-18.64,-18.13,-16.8,-17.18,
2020-08-03,126,저금리(~2021),-17.5,-17.01,-15.47,-15.63,
2020-08-04,126,저금리(~2021),-16.06,-15.66,-15.41,-13.78,
2020-08-05,126,저금리(~2021),-13.42,-12.78,-11.23,-10.08,
2020-08-06,126,저금리(~2021),-12.87,-12.5,-11.69,-9.74,
2020-08-07,126,저금리(~2021),-13.73,-13.26,-12.38,-10.68,
2020-08-10,126,저금리(~2021),-12.03,-11.63,-10.97,-8.6,
2020-08-11,126,저금리(~2021),-11.79,-11.17,-10.71,-8.04,
2020-08-12,126,저금리(~2021),-12.58,-12.25,-11.42,-9.41,
2020-08-13,126,저금리(~2021),-11.1,-10.74,-11.05,-7.6,
2020-08-14,126,저금리(~2021),-11.89,-12.07,-12.82,-9.32,
2020-08-18,126,저금리(~2021),-12.93,-12.49,-13.2,-9.88,
2020-08-19,126,저금리(~2021),-8.23,-7.97,-9.41,-4.44,
2020-08-20,126,저금리(~2021),-15.22,-14.88,-16.68,-12.86,
2020-08-21,126,저금리(~2021),-12.32,-12.04,-14.23,-9.16,
2020-08-24,126,저금리(~2021),-11.7,-11.14,-11.41,-8.11,
2020-08-25,126,저금리(~2021),-10.35,-10.23,-9.47,-7.05,
2020-08-26,126,저금리(~2021),-9.6,-9.37,-9.01,-6.02,
2020-08-27,126,저금리(~2021),-10.4,-9.88,-10.64,-6.62,
2020-08-28,126,저금리(~2021),-7.44,-6.72,-7.05,-2.97,
2020-08-31,126,저금리(~2021),-6.24,-5.44,-5.43,-1.57,
2020-09-01,126,저금리(~2021),-5.87,-5.36,-4.38,-1.49,
2020-09-02,126,저금리(~2021),-5.71,-5.4,-3.92,-1.52,
2020-09-03,126,저금리(~2021),-7.31,-6.71,-6.43,-2.91,
2020-09-04,126,저금리(~2021),-8.26,-7.67,-6.24,-4.01,
2020-09-07,126,저금리(~2021),-9.18,-8.6,-7.78,-5.03,
2020-09-08,126,저금리(~2021),-8.83,-7.88,-7.08,-4.22,
2020-09-09,126,저금리(~2021),-10.72,-10.33,-9.74,-7.1,
2020-09-10,126,저금리(~2021),-9.48,-8.76,-8.38,-5.28,
2020-09-11,126,저금리(~2021),-9.87,-9.34,-8.42,-5.94,
2020-09-14,126,저금리(~2021),-8.66,-8.04,-8.33,-4.45,
2020-09-15,126,저금리(~2021),-8.56,-8.01,-8.31,-4.42,
2020-09-16,126,저금리(~2021),-8.63,-8.1,-8.06,-4.53,
2020-09-17,126,저금리(~2021),-10.26,-9.67,-11.29,-6.38,
2020-09-18,126,저금리(~2021),-8.5,-7.71,-8.59,-4.14,
2020-09-21,126,저금리(~2021),-11.17,-10.02,-12.16,-6.89,
2020-09-22,126,저금리(~2021),-13.53,-13.07,-13.65,-10.83,
2020-09-23,126,저금리(~2021),-14.23,-13.82,-13.37,-11.77,
2020-09-24,126,저금리(~2021),-18.46,-17.51,-17.4,-17.03,
2020-09-25,126,저금리(~2021),-17.85,-17.15,-18.02,-16.52,
2020-09-28,126,저금리(~2021),-13.68,-13.31,-14.31,-11.53,
2020-09-29,126,저금리(~2021),-12.7,-12.45,-13.27,-10.45,
2020-10-05,126,저금리(~2021),-12.86,-12.0,-12.08,-9.9,
2020-10-06,126,저금리(~2021),-13.59,-12.99,-12.4,-11.15,
2020-10-07,126,저금리(~2021),-13.87,-13.32,-13.77,-11.56,
2020-10-08,126,저금리(~2021),-15.4,-14.91,-14.57,-13.62,
2020-10-12,126,저금리(~2021),-15.18,-14.77,-14.75,-13.45,
2020-10-13,126,저금리(~2021),-15.74,-15.3,-15.18,-14.16,
2020-10-14,126,저금리(~2021),-18.06,-17.33,-17.4,-16.99,
2020-10-15,126,저금리(~2021),-20.96,-20.63,-20.69,-21.93,
2020-10-16,126,저금리(~2021),-21.31,-20.53,-19.95,-21.77,
2020-10-19,126,저금리(~2021),-21.06,-20.69,-20.8,-22.02,
2020-10-20,126,저금리(~2021),-20.45,-19.87,-19.97,-20.79,
2020-10-21,126,저금리(~2021),-19.72,-18.97,-19.01,-19.47,
2020-10-22,126,저금리(~2021),-22.49,-21.82,-23.17,-23.97,
2020-10-23,126,저금리(~2021),-21.77,-21.38,-21.56,-23.25,
2020-10-26,126,저금리(~2021),-22.35,-21.65,-22.72,-23.69,
2020-10-27,126,저금리(~2021),-20.24,-19.82,-20.24,-20.87,
2020-10-28,126,저금리(~2021),-17.16,-16.59,-16.48,-16.3,
2020-10-29,126,저금리(~2021),-13.13,-12.18,-12.66,-10.43,
2020-10-30,126,저금리(~2021),-17.19,-16.73,-18.12,-16.67,
2020-11-02,126,저금리(~2021),-15.69,-14.71,-15.97,-13.94,
2020-11-03,126,저금리(~2021),-14.85,-14.26,-15.37,-13.37,
2020-11-04,126,저금리(~2021),-14.82,-14.12,-14.5,-13.18,
2020-11-05,126,저금리(~2021),-11.11,-10.61,-10.56,-8.73,
2020-11-06,126,저금리(~2021),-11.73,-11.01,-12.12,-9.23,
2020-11-09,126,저금리(~2021),-9.07,-8.69,-9.48,-6.45,
2020-11-10,126,저금리(~2021),-13.04,-12.59,-13.22,-11.18,
2020-11-11,126,저금리(~2021),-12.48,-12.07,-12.68,-10.52,
2020-11-12,126,저금리(~2021),-13.99,-13.5,-14.3,-12.35,
2020-11-13,126,저금리(~2021),-13.78,-13.2,-14.14,-11.95,
2020-11-16,126,저금리(~2021),-12.24,-11.52,-11.71,-9.85,
2020-11-17,126,저금리(~2021),-11.79,-11.13,-12.15,-9.34,
2020-11-18,126,저금리(~2021),-12.09,-11.26,-12.07,-9.5,
2020-11-19,126,저금리(~2021),-10.74,-10.04,-10.76,-8.04,
2020-11-20,126,저금리(~2021),-10.39,-9.94,-11.51,-7.92,
2020-11-23,126,저금리(~2021),-9.85,-9.37,-9.23,-7.24,
2020-11-24,126,저금리(~2021),-11.04,-10.53,-10.7,-8.64,
2020-11-25,126,저금리(~2021),-11.38,-10.8,-10.53,-8.97,
2020-11-26,126,저금리(~2021),-8.92,-8.12,-7.46,-5.79,
2020-11-27,126,저금리(~2021),-8.37,-7.73,-7.93,-5.36,
2020-11-30,126,저금리(~2021),-7.86,-7.28,-7.33,-4.85,
2020-12-01,126,저금리(~2021),-6.83,-6.18,-6.29,-3.62,
2020-12-02,126,저금리(~2021),-6.2,-5.8,-5.96,-3.21,
2020-12-03,126,저금리(~2021),-3.1,-2.34,-1.74,0.43,
2020-12-04,126,저금리(~2021),-3.17,-2.92,-1.74,-0.14,
2020-12-07,126,저금리(~2021),0.55,0.52,1.89,3.17,
2020-12-08,126,저금리(~2021),-4.63,-4.61,-4.97,-2.18,
2020-12-09,126,저금리(~2021),-3.5,-3.51,-2.71,-1.02,
2020-12-10,126,저금리(~2021),-2.04,-1.99,-0.9,0.53,
2020-12-11,126,저금리(~2021),-1.63,-1.31,0.21,1.21,
2020-12-14,126,저금리(~2021),-3.38,-3.28,-2.08,-0.75,
2020-12-15,126,저금리(~2021),-3.05,-3.23,-1.81,-0.7,
2020-12-16,126,저금리(~2021),-1.98,-2.17,-1.01,0.38,
2020-12-17,126,저금리(~2021),-2.32,-2.24,-1.08,0.31,
2020-12-18,126,저금리(~2021),-1.55,-1.65,-0.77,0.91,
2020-12-21,126,저금리(~2021),0.79,0.64,0.89,3.14,
2020-12-22,126,저금리(~2021),-2.94,-3.27,-2.56,-0.89,
2020-12-23,126,저금리(~2021),-3.91,-3.9,-3.37,-1.55,
2020-12-24,126,저금리(~2021),-3.52,-3.31,-1.89,-0.94,
2020-12-28,126,저금리(~2021),-3.33,-3.02,-1.62,-0.65,
2020-12-29,126,저금리(~2021),-0.46,-0.63,0.27,1.7,
2020-12-30,126,저금리(~2021),-1.84,-1.93,-1.1,0.41,
2021-01-04,126,저금리(~2021),-1.48,-1.56,-1.1,0.8,
2021-01-05,126,저금리(~2021),-1.71,-1.44,-1.14,0.92,
2021-01-06,126,저금리(~2021),-1.13,-0.53,-0.06,1.85,
2021-01-07,126,저금리(~2021),-0.11,0.06,1.16,2.43,
2021-01-08,126,저금리(~2021),0.57,0.56,1.58,2.9,
2021-01-11,126,저금리(~2021),-0.23,-0.4,-0.36,1.98,
2021-01-12,126,저금리(~2021),-0.69,-0.71,0.31,1.67,
2021-01-13,126,저금리(~2021),-2.17,-2.13,-1.2,0.26,
2021-01-14,126,저금리(~2021),-2.72,-2.58,-1.34,-0.21,
2021-01-15,126,저금리(~2021),-4.87,-4.79,-3.89,-2.59,
2021-01-18,126,저금리(~2021),-7.2,-6.82,-5.79,-4.88,
2021-01-19,126,저금리(~2021),-5.58,-5.68,-4.94,-3.64,
2021-01-20,126,저금리(~2021),-4.04,-4.02,-3.33,-1.91,
2021-01-21,126,저금리(~2021),-4.48,-4.77,-4.43,-2.72,
2021-01-22,126,저금리(~2021),-4.02,-3.9,-4.09,-1.77,
2021-01-25,126,저금리(~2021),-0.46,-0.68,-0.04,1.44,
2021-01-26,126,저금리(~2021),-0.11,-0.15,0.33,1.97,
2021-01-27,126,저금리(~2021),-2.26,-2.34,-1.18,-0.24,
2021-01-28,126,저금리(~2021),-2.33,-2.62,-1.51,-0.54,
2021-01-29,126,저금리(~2021),-6.77,-6.68,-5.69,-4.98,
2021-02-01,126,저금리(~2021),-2.47,-2.44,-2.04,-0.58,
2021-02-02,126,저금리(~2021),-3.7,-3.8,-3.74,-1.98,
2021-02-03,126,저금리(~2021),-3.83,-3.76,-3.85,-1.94,
2021-02-04,126,저금리(~2021),-5.23,-5.1,-5.11,-3.39,
2021-02-05,126,저금리(~2021),-5.02,-5.06,-4.52,-3.35,
2021-02-08,126,저금리(~2021),-5.09,-4.93,-4.28,-3.2,
2021-02-09,126,저금리(~2021),-6.04,-6.27,-6.5,-4.68,
2021-02-10,126,저금리(~2021),-5.29,-5.17,-4.5,-3.46,
2021-02-15,126,저금리(~2021),-3.03,-2.86,-2.4,-1.02,
2021-02-16,126,저금리(~2021),-2.54,-2.42,-1.65,-0.55,
2021-02-17,126,저금리(~2021),-4.82,-4.89,-4.39,-3.14,
2021-02-18,126,저금리(~2021),-3.68,-3.65,-3.0,-1.76,
2021-02-19,126,저금리(~2021),-1.74,-1.81,-1.55,0.17,
2021-02-22,126,저금리(~2021),-6.59,-6.43,-5.69,-4.71,
2021-02-23,126,저금리(~2021),-10.49,-10.43,-9.77,-9.4,
2021-02-24,126,저금리(~2021),-13.6,-13.03,-12.54,-12.76,
2021-02-25,126,저금리(~2021),-9.71,-9.58,-8.57,-8.64,
2021-02-26,126,저금리(~2021),-12.31,-11.83,-10.77,-11.49,
2021-03-02,126,저금리(~2021),-10.83,-10.93,-9.75,-10.4,
2021-03-03,126,저금리(~2021),-11.02,-10.87,-10.17,-10.31,
2021-03-04,126,저금리(~2021),-12.3,-12.2,-11.62,-11.99,
2021-03-05,126,저금리(~2021),-11.6,-11.87,-11.39,-11.57,
2021-03-08,126,저금리(~2021),-14.23,-14.36,-13.92,-14.88,
2021-03-09,126,저금리(~2021),-14.84,-15.29,-14.82,-16.15,
2021-03-10,126,저금리(~2021),-15.34,-15.2,-14.85,-16.02,
2021-03-11,126,저금리(~2021),-11.91,-11.97,-11.25,-11.77,
2021-03-12,126,저금리(~2021),-9.81,-10.43,-9.93,-9.89,
2021-03-15,126,저금리(~2021),-11.02,-11.79,-12.11,-11.57,
2021-03-16,126,저금리(~2021),-7.83,-8.54,-8.18,-7.67,
2021-03-17,126,저금리(~2021),-8.92,-9.89,-9.71,-9.26,
2021-03-18,126,저금리(~2021),-9.61,-10.15,-10.14,-9.57,
2021-03-19,126,저금리(~2021),-9.6,-10.43,-10.49,-9.91,
2021-03-22,126,저금리(~2021),-9.64,-10.53,-10.9,-10.03,
2021-03-23,126,저금리(~2021),-10.13,-11.0,-12.04,-10.63,
2021-03-24,126,저금리(~2021),-8.92,-9.76,-9.85,-9.12,
2021-03-25,126,저금리(~2021),-8.57,-9.57,-9.3,-8.88,
2021-03-26,126,저금리(~2021),-6.15,-6.97,-6.23,-5.75,
2021-03-29,126,저금리(~2021),-6.01,-6.57,-5.59,-5.3,
2021-03-30,126,저금리(~2021),-6.45,-7.29,-5.97,-6.1,
2021-03-31,126,저금리(~2021),-4.89,-5.95,-4.71,-4.55,
2021-04-01,126,저금리(~2021),-1.87,-2.56,-1.99,-0.88,
2021-04-02,126,저금리(~2021),0.66,-0.14,-0.02,1.64,
2021-04-05,126,저금리(~2021),-2.62,-3.41,-3.03,-1.63,
2021-04-06,126,저금리(~2021),-2.39,-3.46,-3.02,-1.68,
2021-04-07,126,저금리(~2021),-0.76,-1.74,-1.39,0.12,
2021-04-08,126,저금리(~2021),-0.77,-1.88,-1.4,-0.02,
2021-04-09,126,저금리(~2021),-3.65,-4.62,-3.26,-2.76,
2021-04-12,126,저금리(~2021),-2.91,-3.74,-2.67,-1.83,
2021-04-13,126,저금리(~2021),-1.37,-2.5,-2.13,-0.57,
2021-04-14,126,저금리(~2021),-2.74,-3.46,-2.42,-1.55,
2021-04-15,126,저금리(~2021),-1.94,-2.82,-2.12,-0.88,
2021-04-16,126,저금리(~2021),0.0,-1.05,-0.69,0.94,
2021-04-19,126,저금리(~2021),0.7,-0.5,0.06,1.47,
2021-04-20,126,저금리(~2021),0.12,-1.01,-1.04,0.96,
2021-04-21,126,저금리(~2021),-3.53,-4.6,-5.16,-2.71,
2021-04-22,126,저금리(~2021),-2.86,-3.69,-3.3,-1.74,
2021-04-23,126,저금리(~2021),-1.6,-2.49,-1.73,-0.47,
2021-04-26,126,저금리(~2021),-0.34,-1.24,0.12,0.81,
2021-04-27,126,저금리(~2021),-2.94,-4.09,-2.58,-2.14,
2021-04-28,126,저금리(~2021),-6.7,-7.76,-6.12,-6.27,
2021-04-29,126,저금리(~2021),-7.81,-8.51,-7.08,-7.16,
2021-04-30,126,저금리(~2021),-8.52,-9.45,-8.86,-8.28,
2021-05-03,126,저금리(~2021),-11.86,-12.85,-13.14,-12.59,
2021-05-04,126,저금리(~2021),-10.49,-11.26,-11.03,-10.57,
2021-05-06,126,저금리(~2021),-11.52,-12.67,-12.53,-12.35,
2021-05-07,126,저금리(~2021),-8.02,-8.96,-8.86,-7.73,
2021-05-10,126,저금리(~2021),-6.89,-8.19,-7.98,-6.84,
2021-05-11,126,저금리(~2021),-10.79,-11.85,-10.67,-11.3,
2021-05-12,126,저금리(~2021),-14.14,-15.11,-14.21,-15.53,
2021-05-13,126,저금리(~2021),-15.89,-16.61,-15.97,-17.62,
2021-05-14,126,저금리(~2021),-12.87,-13.71,-12.54,-13.73,
2021-05-17,126,저금리(~2021),-13.19,-13.83,-13.1,-13.88,
2021-05-18,126,저금리(~2021),-12.93,-13.89,-13.78,-13.96,
2021-05-20,126,저금리(~2021),-12.31,-13.27,-12.64,-13.13,
2021-05-21,126,저금리(~2021),-10.62,-11.35,-10.96,-10.6,
2021-05-24,126,저금리(~2021),-13.16,-14.04,-14.08,-14.09,
2021-05-25,126,저금리(~2021),-10.42,-11.64,-10.98,-11.02,
2021-05-26,126,저금리(~2021),-9.67,-10.78,-9.81,-9.93,
2021-05-27,126,저금리(~2021),-8.78,-9.75,-8.38,-8.69,
2021-05-28,126,저금리(~2021),-7.36,-8.29,-6.73,-6.93,
2021-05-31,126,저금리(~2021),-7.62,-8.5,-6.9,-7.18,
2021-06-01,126,저금리(~2021),-7.18,-8.15,-6.74,-6.76,
2021-06-02,126,저금리(~2021),-10.55,-11.61,-11.02,-10.89,
2021-06-03,126,저금리(~2021),-8.38,-9.13,-9.25,-7.86,
2021-06-04,126,저금리(~2021),-10.04,-10.88,-10.53,-9.97,
2021-06-07,126,저금리(~2021),-11.1,-12.48,-12.21,-11.96,
2021-06-08,126,저금리(~2021),-12.03,-13.47,-13.57,-13.2,
2021-06-09,126,저금리(~2021),-11.85,-13.42,-13.13,-13.13,
2021-06-10,126,저금리(~2021),-9.16,-10.32,-8.99,-9.3,
2021-06-11,126,저금리(~2021),-9.15,-9.9,-8.83,-8.78,
2021-06-14,126,저금리(~2021),-8.72,-9.79,-8.69,-8.65,
2021-06-15,126,저금리(~2021),-9.46,-10.49,-9.05,-9.5,
2021-06-16,126,저금리(~2021),-8.55,-9.43,-8.46,-8.21,
2021-06-17,126,저금리(~2021),-7.61,-8.65,-8.45,-7.27,
2021-06-18,126,저금리(~2021),-6.21,-7.01,-6.06,-5.44,
2021-06-21,126,저금리(~2021),-6.74,-7.35,-6.7,-5.83,
2021-06-22,126,저금리(~2021),-7.29,-8.15,-7.71,-6.75,
2021-06-23,126,저금리(~2021),-6.56,-7.2,-6.13,-5.66,
2021-06-24,126,저금리(~2021),-8.21,-9.15,-7.96,-7.91,
2021-06-25,126,저금리(~2021),-11.17,-12.42,-11.24,-11.84,
2021-06-28,126,저금리(~2021),-9.55,-10.13,-8.64,-8.94,
2021-06-29,126,저금리(~2021),-9.27,-9.91,-8.31,-8.67,
2021-06-30,126,저금리(~2021),-8.21,-9.36,-7.97,-8.03,
2021-07-01,126,저금리(~2021),-6.31,-7.03,-5.81,-5.3,
2021-07-02,126,저금리(~2021),-3.34,-4.21,-3.75,-2.12,
2021-07-05,126,저금리(~2021),1.41,0.18,1.49,2.42,
2021-07-06,126,저금리(~2021),-0.93,-2.1,-1.03,0.16,
2021-07-07,126,저금리(~2021),1.51,0.85,1.03,3.14,
2021-07-08,126,저금리(~2021),0.57,-0.71,0.01,1.59,
2021-07-09,126,저금리(~2021),-2.74,-3.88,-1.98,-1.57,
2021-07-12,126,저금리(~2021),-1.14,-1.97,-0.34,0.42,
2021-07-13,126,저금리(~2021),1.38,0.47,1.85,2.87,
2021-07-14,126,저금리(~2021),2.19,1.3,2.98,3.66,
2021-07-15,126,저금리(~2021),5.26,3.88,5.24,6.06,
2021-07-16,126,저금리(~2021),6.17,4.72,4.92,6.82,
2021-07-19,126,저금리(~2021),2.79,1.8,3.04,4.22,
2021-07-20,126,저금리(~2021),4.29,3.29,4.02,5.63,
2021-07-21,126,저금리(~2021),6.95,6.17,6.11,8.26,
2021-07-22,126,저금리(~2021),10.3,9.13,9.47,10.76,
2021-07-23,126,저금리(~2021),12.44,11.44,11.08,12.64,
2021-07-26,126,저금리(~2021),16.41,15.07,12.18,15.55,
2021-07-27,126,저금리(~2021),12.41,11.53,10.81,12.94,
2021-07-28,126,저금리(~2021),8.81,7.64,7.69,9.83,
2021-07-29,126,저금리(~2021),8.78,7.55,7.59,9.76,
2021-07-30,126,저금리(~2021),8.28,7.41,7.17,9.63,
2021-08-02,126,저금리(~2021),10.6,9.73,9.04,11.53,
2021-08-03,126,저금리(~2021),7.93,6.53,7.99,8.93,
2021-08-04,126,저금리(~2021),11.89,11.0,11.44,12.65,
2021-08-05,126,저금리(~2021),15.81,14.19,13.61,15.14,
2021-08-06,126,저금리(~2021),17.37,16.12,16.0,16.57,
2021-08-09,126,저금리(~2021),19.04,18.05,18.09,17.95,
2021-08-10,126,저금리(~2021),12.12,10.65,12.38,12.7,
2021-08-11,126,저금리(~2021),14.04,12.91,14.41,14.47,
2021-08-12,126,저금리(~2021),12.22,10.85,12.99,12.88,
2021-08-13,126,저금리(~2021),11.33,9.95,11.88,12.16,
2021-08-17,126,저금리(~2021),10.52,9.11,9.84,11.46,
2021-08-18,126,저금리(~2021),10.82,9.65,11.07,11.88,
2021-08-19,126,저금리(~2021),11.91,10.31,11.03,12.44,
2021-08-20,126,저금리(~2021),5.52,4.4,5.41,7.59,
2021-08-23,126,저금리(~2021),7.96,6.85,8.18,9.64,
2021-08-24,126,저금리(~2021),8.12,7.05,7.58,9.8,
2021-08-25,126,저금리(~2021),5.94,4.39,1.66,7.56,
2021-08-26,126,저금리(~2021),8.65,6.91,6.77,9.78,
2021-08-27,126,저금리(~2021),10.99,9.49,10.31,11.95,
2021-08-30,126,저금리(~2021),13.09,11.94,12.67,13.89,
2021-08-31,126,저금리(~2021),10.0,9.43,10.21,11.99,
2021-09-01,126,저금리(~2021),11.03,10.93,11.21,13.17,
2021-09-02,126,저금리(~2021),13.48,14.02,16.47,15.6,
2021-09-03,126,저금리(~2021),14.54,14.53,15.92,15.98,
2021-09-06,126,저금리(~2021),10.94,11.16,11.32,13.52,
2021-09-07,126,저금리(~2021),8.21,8.45,8.47,11.42,
2021-09-08,126,저금리(~2021),5.34,5.27,4.73,8.73,
2021-09-09,126,저금리(~2021),6.5,7.3,9.42,10.47,
2021-09-10,126,저금리(~2021),6.79,7.7,9.36,10.81,
2021-09-13,126,저금리(~2021),4.72,5.25,7.49,8.74,
2021-09-14,126,저금리(~2021),6.57,7.72,10.03,10.81,
2021-09-15,126,저금리(~2021),7.85,8.36,9.65,11.33,
2021-09-16,126,저금리(~2021),9.41,9.95,12.12,12.64,
2021-09-17,126,저금리(~2021),7.64,8.42,9.54,11.44,
2021-09-23,126,저금리(~2021),7.27,7.98,10.27,11.07,
2021-09-24,126,저금리(~2021),6.41,7.83,9.98,10.95,
2021-09-27,126,저금리(~2021),6.73,7.87,9.11,10.99,
2021-09-28,126,저금리(~2021),3.16,3.91,1.62,7.52,
2021-09-29,126,저금리(~2021),1.98,2.23,2.35,6.0,
2021-09-30,126,저금리(~2021),4.21,4.92,5.88,8.44,
2021-10-01,126,저금리(~2021),2.63,3.53,4.36,7.17,
2021-10-05,126,저금리(~2021),-0.34,0.1,1.23,3.95,
2021-10-06,126,저금리(~2021),-0.22,0.22,1.46,4.08,
2021-10-07,126,저금리(~2021),3.36,3.72,6.33,7.27,
2021-10-08,126,저금리(~2021),0.22,1.01,2.58,4.82,
2021-10-12,126,저금리(~2021),-1.09,-0.42,0.46,3.43,
2021-10-13,126,저금리(~2021),1.22,2.07,2.58,5.78,
2021-10-14,126,저금리(~2021),5.52,6.49,5.66,9.59,
2021-10-15,126,저금리(~2021),3.23,3.93,5.9,7.41,
2021-10-18,126,저금리(~2021),4.15,5.15,6.72,8.5,
2021-10-19,126,저금리(~2021),6.1,6.63,8.65,9.75,
2021-10-20,126,저금리(~2021),6.5,7.5,9.67,10.5,
2021-10-21,126,저금리(~2021),7.92,9.02,10.17,11.8,
2021-10-22,126,저금리(~2021),6.7,7.53,9.75,10.61,
2021-10-25,126,저금리(~2021),8.9,9.4,10.35,12.17,
2021-10-26,126,저금리(~2021),11.7,12.14,13.99,14.26,
2021-10-27,126,저금리(~2021),8.71,9.17,11.15,11.97,
2021-10-28,126,저금리(~2021),8.59,9.3,10.34,12.07,
2021-10-29,126,저금리(~2021),6.56,6.99,4.41,10.18,
2021-11-01,126,저금리(~2021),8.62,9.23,8.89,12.0,
2021-11-02,126,저금리(~2021),12.25,13.5,13.97,15.37,
2021-11-03,126,저금리(~2021),15.06,15.64,15.9,16.98,
2021-11-04,126,저금리(~2021),16.16,17.3,17.76,18.16,
2021-11-05,126,저금리(~2021),14.17,14.94,17.22,16.54,
2021-11-08,126,저금리(~2021),18.93,19.41,22.36,19.84,
2021-11-09,126,저금리(~2021),15.05,15.9,18.27,17.53,
2021-11-10,126,저금리(~2021),12.44,13.5,14.85,15.73,
2021-11-11,126,저금리(~2021),11.52,12.1,13.46,14.71,
2021-11-12,126,저금리(~2021),12.1,12.64,12.64,15.11,
2021-11-15,126,저금리(~2021),16.83,17.51,20.43,18.61,
2021-11-16,126,저금리(~2021),13.7,14.14,17.04,16.29,
2021-11-17,126,저금리(~2021),11.6,12.08,15.15,14.74,
2021-11-18,126,저금리(~2021),15.56,15.81,19.26,17.57,
2021-11-19,126,저금리(~2021),14.85,15.41,18.14,17.29,
2021-11-22,126,저금리(~2021),14.9,15.16,18.73,17.11,
2021-11-23,126,저금리(~2021),11.76,11.62,13.36,14.42,
2021-11-24,126,저금리(~2021),10.79,11.38,13.96,14.24,
2021-11-25,126,저금리(~2021),9.11,9.25,11.93,12.56,
2021-11-26,126,저금리(~2021),8.92,9.6,11.36,12.85,
2021-11-29,126,저금리(~2021),9.03,9.49,7.59,12.76,
2021-11-30,126,저금리(~2021),10.4,10.81,11.17,13.85,
2021-12-01,126,저금리(~2021),10.72,11.34,12.49,14.26,
2021-12-02,126,저금리(~2021),9.26,10.71,11.49,13.77,
2021-12-03,126,저금리(~2021),13.48,14.62,15.55,16.66,
2021-12-06,126,저금리(~2021),16.98,17.27,20.12,18.65,
2021-12-07,126,저금리(~2021),18.13,19.36,22.71,20.06,
2021-12-08,126,저금리(~2021),22.55,23.74,26.22,22.92,
2021-12-09,126,저금리(~2021),23.28,24.9,26.96,23.62,
2021-12-10,126,저금리(~2021),22.03,23.95,25.23,23.02,
2021-12-13,126,저금리(~2021),23.89,26.1,25.03,24.37,
2021-12-14,126,저금리(~2021),22.18,23.69,26.48,22.91,
2021-12-15,126,저금리(~2021),28.3,30.03,31.2,26.77,
2021-12-16,126,저금리(~2021),33.17,35.4,35.33,29.77,
2021-12-17,126,저금리(~2021),23.74,25.43,28.88,24.46,
2021-12-20,126,저금리(~2021),20.88,22.19,25.09,22.49,
2021-12-21,126,저금리(~2021),23.23,24.86,28.44,24.16,
2021-12-22,126,저금리(~2021),26.27,28.03,29.04,26.09,
2021-12-23,126,저금리(~2021),29.5,31.77,32.6,28.22,
2021-12-24,126,저금리(~2021),32.45,33.99,33.94,29.43,
2021-12-27,126,저금리(~2021),34.31,36.2,35.63,30.56,
2021-12-28,126,저금리(~2021),31.57,34.57,31.6,29.77,
2021-12-29,126,저금리(~2021),32.17,34.31,34.24,29.64,
2021-12-30,126,저금리(~2021),29.39,30.94,32.49,27.88,
2022-01-03,126,고금리(2022~),27.58,29.65,31.14,27.17,
2022-01-04,126,고금리(2022~),25.95,27.73,29.11,26.06,
2022-01-05,126,고금리(2022~),25.39,27.23,30.77,25.75,
2022-01-06,126,고금리(2022~),17.9,19.77,24.23,21.12,
2022-01-07,126,고금리(2022~),19.77,22.09,25.76,22.61,
2022-01-10,126,고금리(2022~),17.28,18.85,22.44,20.44,
2022-01-11,126,고금리(2022~),14.68,16.42,19.22,18.81,
2022-01-12,126,고금리(2022~),17.72,19.24,19.27,20.67,
2022-01-13,126,고금리(2022~),14.09,15.54,19.24,18.12,
2022-01-14,126,고금리(2022~),11.92,13.59,15.43,16.7,
2022-01-17,126,고금리(2022~),12.63,14.23,14.58,17.18,
2022-01-18,126,고금리(2022~),10.56,12.74,16.6,16.06,
2022-01-19,126,고금리(2022~),9.1,10.86,14.4,14.62,
2022-01-20,126,고금리(2022~),11.78,13.27,16.91,16.38,
2022-01-21,126,고금리(2022~),8.89,10.16,11.14,14.01,
2022-01-24,126,고금리(2022~),5.42,6.75,7.55,11.19,
2022-01-25,126,고금리(2022~),3.29,4.7,4.54,9.43,
2022-01-26,126,고금리(2022~),1.98,3.51,4.03,8.36,
2022-01-27,126,고금리(2022~),-4.2,-2.58,-1.32,2.48,
2022-01-28,126,고금리(2022~),-2.99,-1.7,-0.85,3.31,
2022-02-03,126,고금리(2022~),-2.31,-0.94,0.76,4.03,
2022-02-04,126,고금리(2022~),-1.06,0.55,2.45,5.44,
2022-02-07,126,고금리(2022~),-3.25,-1.88,-0.3,3.08,
2022-02-08,126,고금리(2022~),-1.56,-0.42,2.38,4.55,
2022-02-09,126,고금리(2022~),-0.96,0.46,3.3,5.34,
2022-02-10,126,고금리(2022~),-2.5,-1.6,1.2,3.3,
2022-02-11,126,고금리(2022~),-5.86,-4.58,-1.94,0.21,
2022-02-14,126,고금리(2022~),-6.3,-4.95,-2.19,-0.18,
2022-02-15,126,고금리(2022~),-7.11,-5.95,-4.28,-1.27,
2022-02-16,126,고금리(2022~),-0.21,1.36,4.8,5.8,
2022-02-17,126,고금리(2022~),0.72,3.04,5.01,7.41,
2022-02-18,126,고금리(2022~),3.94,5.45,5.71,9.51,
2022-02-21,126,고금리(2022~),2.28,3.73,7.07,8.04,
2022-02-22,126,고금리(2022~),-1.54,-0.17,2.78,4.48,
2022-02-23,126,고금리(2022~),1.35,2.4,5.87,6.88,
2022-02-24,126,고금리(2022~),1.31,2.94,4.2,7.4,
2022-02-25,126,고금리(2022~),2.51,3.94,4.28,8.23,
2022-02-28,126,고금리(2022~),1.9,3.49,2.79,7.85,
2022-03-02,126,고금리(2022~),6.76,8.11,8.07,11.81,
2022-03-03,126,고금리(2022~),9.35,10.67,12.39,13.79,
2022-03-04,126,고금리(2022~),9.15,10.74,10.83,13.85,
2022-03-07,126,고금리(2022~),6.32,7.67,8.3,11.35,
2022-03-08,126,고금리(2022~),6.57,7.85,8.62,11.5,
2022-03-10,126,고금리(2022~),7.79,8.54,9.18,12.03,
2022-03-11,126,고금리(2022~),4.43,4.84,7.31,9.0,
2022-03-14,126,고금리(2022~),5.36,4.89,7.02,9.04,
2022-03-15,126,고금리(2022~),5.88,5.72,7.78,9.75,
2022-03-16,126,고금리(2022~),11.05,10.79,12.71,13.82,
2022-03-17,126,고금리(2022~),16.29,16.02,18.62,17.68,
2022-03-18,126,고금리(2022~),16.55,16.71,18.89,18.16,
2022-03-21,126,고금리(2022~),16.2,15.92,19.01,17.58,
2022-03-22,126,고금리(2022~),17.17,17.24,19.21,18.51,
2022-03-23,126,고금리(2022~),21.85,21.74,21.58,21.56,
2022-03-24,126,고금리(2022~),26.23,25.67,27.87,24.14,
2022-03-25,126,고금리(2022~),23.96,23.3,25.37,22.72,
2022-03-28,126,고금리(2022~),26.13,26.37,27.87,24.7,
2022-03-29,126,고금리(2022~),27.93,27.26,28.41,25.21,
2022-03-30,126,고금리(2022~),29.49,29.14,27.37,26.31,
2022-03-31,126,고금리(2022~),24.89,24.21,22.12,23.49,
2022-04-01,126,고금리(2022~),27.14,26.86,25.27,25.14,
2022-04-04,126,고금리(2022~),24.06,24.18,25.38,23.59,
2022-04-05,126,고금리(2022~),26.91,27.38,27.01,25.53,
2022-04-06,126,고금리(2022~),29.82,29.47,28.85,26.8,
2022-04-07,126,고금리(2022~),27.17,26.49,26.96,25.09,
2022-04-08,126,고금리(2022~),31.24,31.26,29.99,27.84,
2022-04-11,126,고금리(2022~),22.1,21.78,23.25,22.33,
2022-04-12,126,고금리(2022~),21.48,21.65,23.51,22.24,
2022-04-13,126,고금리(2022~),20.98,20.55,23.43,21.57,
2022-04-14,126,고금리(2022~),22.68,22.63,25.03,22.93,
2022-04-15,126,고금리(2022~),24.34,23.83,26.95,23.71,
2022-04-18,126,고금리(2022~),23.75,23.19,25.82,23.31,
2022-04-19,126,고금리(2022~),22.54,21.84,26.18,22.51,
2022-04-20,126,고금리(2022~),21.59,21.36,24.5,22.2,
2022-04-21,126,고금리(2022~),21.88,21.51,22.67,22.29,
2022-04-22,126,고금리(2022~),17.67,17.14,20.37,19.4,
2022-04-25,126,고금리(2022~),16.49,15.74,19.13,18.39,
2022-04-26,126,고금리(2022~),16.67,16.72,18.71,19.05,
2022-04-27,126,고금리(2022~),14.44,14.62,16.77,17.54,
2022-04-28,126,고금리(2022~),14.92,15.03,14.5,17.83,
2022-04-29,126,고금리(2022~),19.16,19.47,18.3,20.87,
2022-05-02,126,고금리(2022~),17.97,17.49,16.8,19.52,
2022-05-03,126,고금리(2022~),17.71,17.24,19.08,19.35,
2022-05-04,126,고금리(2022~),14.06,13.74,14.05,16.91,
2022-05-06,126,고금리(2022~),11.96,11.34,10.95,15.07,
2022-05-09,126,고금리(2022~),10.94,11.18,12.46,14.94,
2022-05-10,126,고금리(2022~),3.76,3.7,2.66,9.09,
2022-05-11,126,고금리(2022~),7.82,7.55,8.88,12.27,
2022-05-12,126,고금리(2022~),-0.4,-1.06,0.04,4.55,
2022-05-13,126,고금리(2022~),4.57,4.02,6.52,9.09,
2022-05-16,126,고금리(2022~),5.17,4.48,6.32,9.49,
2022-05-17,126,고금리(2022~),8.54,8.25,10.06,12.61,
2022-05-18,126,고금리(2022~),12.5,12.62,14.47,16.05,
2022-05-19,126,고금리(2022~),12.09,12.13,16.4,15.67,
2022-05-20,126,고금리(2022~),13.03,12.51,14.99,15.93,
2022-05-23,126,고금리(2022~),11.82,11.39,11.74,15.11,
2022-05-24,126,고금리(2022~),9.97,9.49,12.2,13.57,
2022-05-25,126,고금리(2022~),14.22,13.75,16.82,16.83,
2022-05-26,126,고금리(2022~),11.36,11.06,12.77,14.85,
2022-05-27,126,고금리(2022~),11.71,11.51,13.41,15.19,
2022-05-30,126,고금리(2022~),11.49,10.87,9.99,14.72,
2022-05-31,126,고금리(2022~),14.51,14.81,13.45,17.69,
2022-06-02,126,고금리(2022~),13.1,12.48,11.53,15.98,
2022-06-03,126,고금리(2022~),15.14,14.88,16.75,17.77,
2022-06-07,126,고금리(2022~),11.96,12.02,12.33,15.6,
2022-06-08,126,고금리(2022~),12.55,12.76,12.39,16.16,
2022-06-09,126,고금리(2022~),12.45,12.29,13.68,15.81,
2022-06-10,126,고금리(2022~),12.94,12.57,11.02,16.02,
2022-06-13,126,고금리(2022~),7.61,7.67,8.65,12.07,
2022-06-14,126,고금리(2022~),5.28,5.5,6.13,10.28,
2022-06-15,126,고금리(2022~),4.45,4.59,6.92,9.47,
2022-06-16,126,고금리(2022~),6.79,7.04,8.57,11.56,
2022-06-17,126,고금리(2022~),5.85,5.81,7.77,10.53,
2022-06-20,126,고금리(2022~),5.72,5.54,8.12,10.29,
2022-06-21,126,고금리(2022~),6.18,5.89,10.37,10.57,
2022-06-22,126,고금리(2022~),-0.47,-0.38,3.56,4.85,
2022-06-23,126,고금리(2022~),0.09,0.15,2.82,5.39,
2022-06-24,126,고금리(2022~),4.55,4.46,7.33,8.99,
2022-06-27,126,고금리(2022~),4.94,5.02,8.25,9.46,
2022-06-28,126,고금리(2022~),6.74,6.53,8.41,10.8,
2022-06-29,126,고금리(2022~),6.2,6.03,8.43,10.35,
2022-06-30,126,고금리(2022~),4.95,4.92,5.02,9.38,
2022-07-01,126,고금리(2022~),2.29,2.35,3.39,7.07,
2022-07-04,126,고금리(2022~),1.46,1.72,2.71,6.5,
2022-07-05,126,고금리(2022~),7.27,7.22,9.67,11.15,
2022-07-06,126,고금리(2022~),3.57,3.11,4.19,7.61,
2022-07-07,126,고금리(2022~),4.14,3.97,4.02,8.34,
2022-07-08,126,고금리(2022~),7.3,7.17,8.5,11.1,
2022-07-11,126,고금리(2022~),4.47,4.38,3.1,8.77,
2022-07-12,126,고금리(2022~),1.81,1.79,2.68,6.4,
2022-07-13,126,고금리(2022~),5.39,5.34,5.26,9.47,
2022-07-14,126,고금리(2022~),4.3,3.82,5.46,8.15,
2022-07-15,126,고금리(2022~),6.34,5.74,6.62,9.85,
2022-07-18,126,고금리(2022~),7.64,7.16,8.35,11.02,
2022-07-19,126,고금리(2022~),7.98,7.74,9.62,11.5,
2022-07-20,126,고금리(2022~),9.21,8.76,12.6,12.31,
2022-07-21,126,고금리(2022~),7.1,6.59,10.59,10.56,
2022-07-22,126,고금리(2022~),4.1,3.71,6.31,8.08,
2022-07-25,126,고금리(2022~),4.42,4.28,6.84,8.59,
2022-07-26,126,고금리(2022~),5.63,5.18,8.15,9.38,
2022-07-27,126,고금리(2022~),6.18,5.76,7.21,9.87,
2022-07-28,126,고금리(2022~),4.69,4.27,6.03,8.62,
2022-07-29,126,고금리(2022~),2.98,2.63,1.94,7.2,
2022-08-01,126,고금리(2022~),2.67,2.55,3.47,7.13,
2022-08-02,126,고금리(2022~),3.48,3.02,4.17,7.56,
2022-08-03,126,고금리(2022~),3.03,2.41,3.6,7.03,
2022-08-04,126,고금리(2022~),3.94,3.62,4.87,8.08,
2022-08-05,126,고금리(2022~),3.77,3.71,3.76,8.16,
2022-08-08,126,고금리(2022~),4.94,4.14,4.72,8.55,
2022-08-09,126,고금리(2022~),5.74,4.88,3.68,9.19,
2022-08-10,126,고금리(2022~),1.9,1.37,2.16,6.02,
2022-08-11,126,고금리(2022~),5.7,5.16,5.16,9.4,
2022-08-12,126,고금리(2022~),0.43,0.3,1.3,5.17,
2022-08-16,126,고금리(2022~),3.33,2.87,3.33,7.58,
2022-08-17,126,고금리(2022~),-0.53,-1.36,-1.94,3.7,
2022-08-18,126,고금리(2022~),-1.59,-2.09,-2.36,2.98,
2022-08-19,126,고금리(2022~),-0.83,-1.13,1.32,3.97,
2022-08-22,126,고금리(2022~),-3.77,-4.85,-2.17,0.13,
2022-08-23,126,고금리(2022~),-4.69,-4.88,-2.85,0.1,
2022-08-24,126,고금리(2022~),-3.35,-3.76,-1.92,1.24,
2022-08-25,126,고금리(2022~),-2.81,-3.51,-1.89,1.48,
2022-08-26,126,고금리(2022~),-2.87,-2.82,-2.1,2.21,
2022-08-29,126,고금리(2022~),-8.82,-9.28,-8.47,-4.76,
2022-08-30,126,고금리(2022~),-8.27,-8.92,-10.47,-4.37,
2022-08-31,126,고금리(2022~),-6.93,-7.55,-7.54,-2.84,
2022-09-01,126,고금리(2022~),-9.35,-9.79,-9.87,-5.46,
2022-09-02,126,고금리(2022~),-8.35,-8.72,-8.04,-4.22,
2022-09-05,126,고금리(2022~),-7.79,-8.1,-6.48,-3.48,
2022-09-06,126,고금리(2022~),-8.62,-8.93,-8.21,-4.39,
2022-09-07,126,고금리(2022~),-6.26,-6.56,-4.93,-1.6,
2022-09-08,126,고금리(2022~),-7.03,-7.89,-8.18,-2.99,
2022-09-13,126,고금리(2022~),-3.83,-4.52,-3.38,0.58,
2022-09-14,126,고금리(2022~),-8.78,-9.35,-8.89,-4.76,
2022-09-15,126,고금리(2022~),-9.61,-9.56,-7.98,-5.01,
2022-09-16,126,고금리(2022~),-11.02,-11.55,-10.45,-7.4,
2022-09-19,126,고금리(2022~),-14.01,-14.67,-14.32,-11.34,
2022-09-20,126,고금리(2022~),-13.24,-13.83,-13.29,-10.25,
2022-09-21,126,고금리(2022~),-15.19,-16.02,-13.73,-13.11,
2022-09-22,126,고금리(2022~),-15.89,-16.88,-14.51,-14.29,
2022-09-23,126,고금리(2022~),-18.39,-18.94,-17.21,-17.27,
2022-09-26,126,고금리(2022~),-22.91,-23.49,-21.44,-24.41,
2022-09-27,126,고금리(2022~),-22.58,-22.69,-20.64,-23.17,
2022-09-28,126,고금리(2022~),-25.52,-26.05,-24.8,-28.98,
2022-09-29,126,고금리(2022~),-25.26,-25.65,-24.75,-28.31,
2022-09-30,126,고금리(2022~),-26.09,-26.33,-26.4,-29.5,
2022-10-04,126,고금리(2022~),-24.84,-25.69,-25.37,-28.45,
2022-10-05,126,고금리(2022~),-26.22,-27.12,-26.73,-31.06,
2022-10-06,126,고금리(2022~),-26.17,-27.08,-27.14,-31.0,
2022-10-07,126,고금리(2022~),-29.47,-30.6,-31.5,-37.55,
2022-10-11,126,고금리(2022~),-33.33,-33.95,-34.97,-44.68,
2022-10-12,126,고금리(2022~),-31.0,-31.35,-32.92,-39.16,
2022-10-13,126,고금리(2022~),-32.62,-33.04,-34.09,-42.75,
2022-10-14,126,고금리(2022~),-30.47,-30.72,-31.82,-38.26,
2022-10-17,126,고금리(2022~),-30.8,-31.44,-32.79,-39.71,
2022-10-18,126,고금리(2022~),-28.72,-29.28,-30.51,-35.57,
2022-10-19,126,고금리(2022~),-29.4,-30.11,-31.18,-37.22,
2022-10-20,126,고금리(2022~),-28.75,-29.42,-29.96,-35.82,
2022-10-21,126,고금리(2022~),-27.46,-27.96,-27.95,-33.0,
2022-10-24,126,고금리(2022~),-23.5,-23.86,-22.48,-25.95,
2022-10-25,126,고금리(2022~),-22.68,-22.93,-21.29,-24.4,
2022-10-26,126,고금리(2022~),-22.76,-23.26,-22.3,-24.94,
2022-10-27,126,고금리(2022~),-24.0,-24.89,-23.5,-27.49,
2022-10-28,126,고금리(2022~),-25.02,-25.29,-23.83,-28.19,
2022-10-31,126,고금리(2022~),-24.86,-25.74,-24.77,-28.93,
2022-11-01,126,고금리(2022~),-22.91,-23.63,-22.85,-25.27,
2022-11-02,126,고금리(2022~),-23.76,-24.38,-24.55,-26.51,
2022-11-03,126,고금리(2022~),-24.43,-24.96,-24.84,-27.51,
2022-11-04,126,고금리(2022~),-23.66,-23.99,-23.72,-25.87,
2022-11-07,126,고금리(2022~),-21.83,-22.25,-22.7,-23.06,
2022-11-08,126,고금리(2022~),-18.63,-18.78,-20.74,-17.83,
2022-11-09,126,고금리(2022~),-18.84,-19.67,-21.56,-19.13,
2022-11-10,126,고금리(2022~),-19.72,-20.94,-23.52,-21.1,
2022-11-11,126,고금리(2022~),-15.66,-16.89,-17.89,-15.57,
2022-11-14,126,고금리(2022~),-18.96,-19.67,-21.17,-19.49,
2022-11-15,126,고금리(2022~),-15.88,-15.87,-17.28,-14.25,
2022-11-16,126,고금리(2022~),-16.98,-17.62,-19.3,-16.66,
2022-11-17,126,고금리(2022~),-19.17,-19.58,-20.64,-19.49,
2022-11-18,126,고금리(2022~),-21.17,-21.89,-21.98,-23.01,
2022-11-21,126,고금리(2022~),-22.41,-23.02,-22.91,-24.88,
2022-11-22,126,고금리(2022~),-22.33,-23.17,-21.96,-25.13,
2022-11-23,126,고금리(2022~),-20.17,-20.7,-19.14,-21.33,
2022-11-24,126,고금리(2022~),-19.96,-20.49,-19.48,-21.03,
2022-11-25,126,고금리(2022~),-21.89,-22.14,-20.99,-23.6,
2022-11-28,126,고금리(2022~),-24.25,-24.58,-23.5,-27.67,
2022-11-29,126,고금리(2022~),-23.1,-23.42,-22.79,-25.77,
2022-11-30,126,고금리(2022~),-22.98,-23.32,-23.07,-25.61,
2022-12-01,126,고금리(2022~),-22.77,-23.36,-23.99,-25.67,
2022-12-02,126,고금리(2022~),-23.51,-24.56,-24.99,-27.74,
2022-12-05,126,고금리(2022~),-24.61,-25.68,-26.26,-29.61,
2022-12-06,126,고금리(2022~),-26.3,-27.54,-29.19,-33.0,
2022-12-07,126,고금리(2022~),-27.79,-29.1,-32.69,-35.88,
2022-12-08,126,고금리(2022~),-24.76,-26.19,-28.8,-30.26,
2022-12-09,126,고금리(2022~),-24.43,-26.27,-29.65,-30.4,
2022-12-12,126,고금리(2022~),-26.76,-28.74,-30.41,-34.87,
2022-12-13,126,고금리(2022~),-26.6,-28.21,-30.06,-33.88,
2022-12-14,126,고금리(2022~),-24.13,-26.11,-27.6,-30.09,
2022-12-15,126,고금리(2022~),-24.24,-25.85,-27.32,-29.62,
2022-12-16,126,고금리(2022~),-25.54,-27.52,-28.36,-32.64,
2022-12-19,126,고금리(2022~),-25.21,-26.78,-26.77,-31.29,
2022-12-20,126,고금리(2022~),-27.22,-28.96,-28.85,-35.39,
2022-12-21,126,고금리(2022~),-25.79,-27.63,-26.6,-32.89,
2022-12-22,126,고금리(2022~),-23.01,-24.73,-23.23,-27.81,
2022-12-23,126,고금리(2022~),-25.71,-27.62,-26.29,-33.14,
2022-12-26,126,고금리(2022~),-25.67,-27.31,-26.17,-32.6,
2022-12-27,126,고금리(2022~),-27.38,-28.79,-27.9,-35.2,
2022-12-28,126,고금리(2022~),-29.09,-30.25,-29.52,-38.15,
2022-12-29,126,고금리(2022~),-30.91,-32.23,-31.73,-42.24,
2023-01-02,126,고금리(2022~),-29.8,-31.96,-31.76,-41.66,
2023-01-03,126,고금리(2022~),-29.49,-31.0,-30.97,-39.7,
2023-01-04,126,고금리(2022~),-28.15,-29.88,-30.04,-37.46,
2023-01-05,126,고금리(2022~),-30.93,-32.54,-33.69,-42.78,
2023-01-06,126,고금리(2022~),-29.49,-31.2,-34.56,-40.06,
2023-01-09,126,고금리(2022~),-29.02,-30.71,-33.36,-39.09,
2023-01-10,126,고금리(2022~),-31.03,-32.71,-35.89,-43.24,
2023-01-11,126,고금리(2022~),-29.4,-30.87,-32.73,-39.53,
2023-01-12,126,고금리(2022~),-31.28,-33.63,-35.67,-45.07,
2023-01-13,126,고금리(2022~),-33.55,-35.4,-37.31,-48.97,
2023-01-16,126,고금리(2022~),-33.43,-35.0,-37.31,-48.07,
2023-01-17,126,고금리(2022~),-35.5,-36.85,-38.62,-52.43,
2023-01-18,126,고금리(2022~),-35.67,-37.06,-38.38,-52.94,
2023-01-19,126,고금리(2022~),-37.86,-39.53,-41.3,-58.93,
2023-01-20,126,고금리(2022~),-34.94,-36.05,-35.99,-49.92,
2023-01-25,126,고금리(2022~),-31.25,-32.32,-31.41,-41.52,
2023-01-26,126,고금리(2022~),-32.69,-34.18,-33.81,-45.28,
2023-01-27,126,고금리(2022~),-34.94,-36.81,-37.14,-51.13,
2023-01-30,126,고금리(2022~),-35.49,-36.74,-36.43,-50.96,
2023-01-31,126,고금리(2022~),-32.35,-33.61,-32.5,-43.53,
2023-02-01,126,고금리(2022~),-32.75,-34.47,-33.48,-45.3,
2023-02-02,126,고금리(2022~),-30.44,-32.04,-30.81,-40.13,
2023-02-03,126,고금리(2022~),-27.53,-28.91,-27.2,-33.71,
2023-02-06,126,고금리(2022~),-28.19,-29.81,-28.79,-35.44,
2023-02-07,126,고금리(2022~),-28.37,-30.1,-29.52,-35.98,
2023-02-08,126,고금리(2022~),-27.84,-29.49,-31.41,-34.81,
2023-02-09,126,고금리(2022~),-26.14,-27.84,-28.87,-31.74,
2023-02-10,126,고금리(2022~),-25.77,-26.99,-28.29,-30.17,
2023-02-13,126,고금리(2022~),-23.75,-25.19,-25.27,-26.96,
2023-02-14,126,고금리(2022~),-24.3,-26.14,-26.44,-28.54,
2023-02-15,126,고금리(2022~),-25.03,-26.13,-26.84,-28.51,
2023-02-16,126,고금리(2022~),-23.3,-25.0,-25.49,-26.7,
2023-02-17,126,고금리(2022~),-25.88,-27.39,-27.38,-30.91,
2023-02-20,126,고금리(2022~),-21.89,-23.5,-22.47,-24.33,
2023-02-21,126,고금리(2022~),-23.11,-25.09,-24.75,-26.88,
2023-02-22,126,고금리(2022~),-25.21,-27.11,-25.37,-30.52,
2023-02-23,126,고금리(2022~),-25.29,-27.2,-24.85,-30.68,
2023-02-24,126,고금리(2022~),-26.28,-27.92,-26.68,-32.01,
2023-02-27,126,고금리(2022~),-26.37,-27.87,-27.55,-31.92,
2023-02-28,126,고금리(2022~),-25.03,-26.53,-24.94,-29.57,
2023-03-02,126,고금리(2022~),-24.89,-26.85,-24.86,-30.16,
2023-03-03,126,고금리(2022~),-22.39,-23.94,-22.14,-25.31,
2023-03-06,126,고금리(2022~),-19.93,-21.39,-19.19,-21.31,
2023-03-07,126,고금리(2022~),-19.22,-21.15,-18.66,-20.94,
2023-03-08,126,고금리(2022~),-18.18,-19.94,-17.93,-19.07,
2023-03-09,126,고금리(2022~),-19.98,-21.88,-21.03,-22.02,
2023-03-10,126,고금리(2022~),-21.6,-23.14,-25.48,-24.09,
2023-03-13,126,고금리(2022~),-19.63,-21.35,-22.75,-21.29,
2023-03-14,126,고금리(2022~),-21.5,-23.29,-25.14,-24.54,
2023-03-15,126,고금리(2022~),-20.41,-21.47,-21.93,-21.78,
2023-03-16,126,고금리(2022~),-20.65,-21.89,-22.78,-22.45,
2023-03-17,126,고금리(2022~),-18.6,-19.73,-20.8,-19.21,
2023-03-20,126,고금리(2022~),-17.87,-19.81,-20.99,-19.33,
2023-03-21,126,고금리(2022~),-18.42,-20.05,-20.51,-19.69,
2023-03-22,126,고금리(2022~),-15.07,-16.28,-15.72,-14.22,
2023-03-23,126,고금리(2022~),-15.14,-16.58,-17.12,-14.63,
2023-03-24,126,고금리(2022~),-12.5,-13.61,-12.25,-10.66,
2023-03-27,126,고금리(2022~),-10.63,-11.84,-10.21,-8.42,
2023-03-28,126,고금리(2022~),-12.0,-13.76,-12.87,-10.78,
2023-03-29,126,고금리(2022~),-6.68,-8.22,-9.01,-3.9,
2023-03-30,126,고금리(2022~),-5.13,-7.03,-6.49,-2.59,
2023-03-31,126,고금리(2022~),-5.99,-7.73,-5.55,-3.36,
2023-04-03,126,고금리(2022~),-3.06,-4.38,-3.35,0.34,
2023-04-04,126,고금리(2022~),-5.9,-7.9,-5.83,-3.34,
2023-04-05,126,고금리(2022~),-6.17,-7.87,-4.45,-3.31,
2023-04-06,126,고금리(2022~),-5.16,-6.67,-4.02,-1.94,
2023-04-07,126,고금리(2022~),-1.24,-2.73,-1.01,2.11,
2023-04-10,126,고금리(2022~),0.64,-0.75,-0.62,3.99,
2023-04-11,126,고금리(2022~),4.02,2.63,4.03,7.16,
2023-04-12,126,고금리(2022~),4.95,2.7,4.39,7.23,
2023-04-13,126,고금리(2022~),6.99,4.99,6.18,9.3,
2023-04-14,126,고금리(2022~),8.89,6.52,8.15,10.58,
2023-04-17,126,고금리(2022~),5.42,3.18,4.71,7.8,
2023-04-18,126,고금리(2022~),8.62,7.04,8.13,11.24,
2023-04-19,126,고금리(2022~),12.01,9.98,10.25,13.72,
2023-04-20,126,고금리(2022~),7.05,5.21,6.18,9.74,
2023-04-21,126,고금리(2022~),4.13,1.93,1.31,6.79,
2023-04-24,126,고금리(2022~),5.71,3.47,4.36,8.26,
2023-04-25,126,고금리(2022~),4.83,2.0,3.25,6.91,
2023-04-26,126,고금리(2022~),-1.17,-2.96,-1.81,2.41,
2023-04-27,126,고금리(2022~),1.95,-0.2,-0.33,4.98,
2023-04-28,126,고금리(2022~),-12.42,-15.32,-13.38,-9.65,
2023-05-02,126,고금리(2022~),-6.42,-9.09,-4.07,-1.89,
2023-05-03,126,고금리(2022~),-6.38,-9.04,-5.5,-1.83,
2023-05-04,126,고금리(2022~),-5.31,-7.64,-2.94,-0.28,
2023-05-08,126,고금리(2022~),-3.73,-6.62,-0.75,0.84,
2023-05-09,126,고금리(2022~),-3.33,-5.94,-0.84,1.58,
2023-05-10,126,고금리(2022~),-7.16,-9.84,-5.23,-2.57,
2023-05-11,126,고금리(2022~),-10.17,-13.42,-9.68,-6.8,
2023-05-12,126,고금리(2022~),-9.82,-12.53,-7.48,-5.71,
2023-05-15,126,고금리(2022~),-8.61,-10.75,-5.62,-3.55,
2023-05-16,126,고금리(2022~),-9.86,-12.39,-8.27,-5.42,
2023-05-17,126,고금리(2022~),-7.4,-9.65,-5.24,-2.29,
2023-05-18,126,고금리(2022~),-7.01,-10.17,-5.5,-2.89,
2023-05-19,126,고금리(2022~),-6.94,-9.52,-5.86,-2.16,
2023-05-22,126,고금리(2022~),-4.62,-7.41,-5.26,0.16,
2023-05-23,126,고금리(2022~),-2.71,-5.41,-2.48,2.25,
2023-05-24,126,고금리(2022~),-4.65,-7.86,-6.5,-0.35,
2023-05-25,126,고금리(2022~),-6.88,-9.62,-7.91,-2.3,
2023-05-26,126,고금리(2022~),-8.3,-11.2,-9.61,-4.1,
2023-05-30,126,고금리(2022~),-6.6,-9.21,-6.43,-1.85,
2023-05-31,126,고금리(2022~),-5.93,-8.89,-7.19,-1.49,
2023-06-01,126,고금리(2022~),-3.24,-5.84,-3.87,1.85,
2023-06-02,126,고금리(2022~),-3.63,-6.73,-1.37,0.93,
2023-06-05,126,고금리(2022~),-2.75,-5.67,-1.61,2.06,
2023-06-07,126,고금리(2022~),-4.07,-6.89,-1.73,0.85,
2023-06-08,126,고금리(2022~),-5.77,-8.51,-2.7,-0.91,
2023-06-09,126,고금리(2022~),-4.48,-6.72,-1.58,0.97,
2023-06-12,126,고금리(2022~),-2.82,-5.28,0.5,2.49,
2023-06-13,126,고금리(2022~),-3.01,-4.68,1.49,3.09,
2023-06-14,126,고금리(2022~),-7.16,-8.58,-2.83,-1.25,
2023-06-15,126,고금리(2022~),-8.46,-9.6,-4.31,-2.37,
2023-06-16,126,고금리(2022~),-8.33,-8.9,-4.1,-1.61,
2023-06-19,126,고금리(2022~),-8.35,-9.33,-5.02,-2.09,
2023-06-20,126,고금리(2022~),-8.65,-9.6,-4.98,-2.4,
2023-06-21,126,고금리(2022~),-9.25,-10.11,-6.71,-3.0,
2023-06-22,126,고금리(2022~),-8.04,-8.93,-7.15,-1.67,
2023-06-23,126,고금리(2022~),-10.15,-11.44,-9.47,-4.52,
2023-06-26,126,고금리(2022~),-10.58,-11.76,-11.04,-4.88,
2023-06-27,126,고금리(2022~),-12.2,-12.47,-11.25,-5.73,
2023-06-28,126,고금리(2022~),-11.32,-12.55,-11.2,-5.84,
2023-06-29,126,고금리(2022~),-10.92,-11.92,-9.44,-5.08,
2023-06-30,126,고금리(2022~),-11.1,-12.03,-10.7,-5.21,
2023-07-03,126,고금리(2022~),-7.38,-8.21,-6.86,-0.94,
2023-07-04,126,고금리(2022~),-8.26,-9.95,-5.43,-2.9,
2023-07-05,126,고금리(2022~),-6.24,-7.57,-4.07,-0.21,
2023-07-06,126,고금리(2022~),-9.89,-10.13,-5.65,-3.07,
2023-07-07,126,고금리(2022~),-7.98,-9.15,-3.7,-1.94,
2023-07-10,126,고금리(2022~),-7.76,-8.62,-3.74,-1.32,
2023-07-11,126,고금리(2022~),-4.39,-5.85,-0.43,1.58,
2023-07-12,126,고금리(2022~),-2.45,-3.34,2.62,4.21,
2023-07-13,126,고금리(2022~),-1.95,-2.99,3.15,4.54,
2023-07-14,126,고금리(2022~),-0.26,-0.76,4.89,6.69,
2023-07-17,126,고금리(2022~),1.32,0.05,4.75,7.45,
2023-07-18,126,고금리(2022~),4.35,3.89,8.46,10.72,
2023-07-19,126,고금리(2022~),8.25,8.09,13.83,14.17,
2023-07-20,126,고금리(2022~),10.41,9.83,14.76,15.54,
2023-07-21,126,고금리(2022~),8.53,7.51,11.03,13.79,
2023-07-24,126,고금리(2022~),11.75,10.85,14.69,16.43,
2023-07-25,126,고금리(2022~),15.45,14.28,17.75,18.82,
2023-07-26,126,고금리(2022~),13.53,11.99,13.41,17.02,
2023-07-27,126,고금리(2022~),8.95,6.67,8.05,12.78,
2023-07-28,126,고금리(2022~),10.0,8.75,13.32,14.34,
2023-07-31,126,고금리(2022~),15.83,14.57,18.05,18.6,
2023-08-01,126,고금리(2022~),15.78,14.47,16.27,18.53,
2023-08-02,126,고금리(2022~),9.59,7.66,11.94,13.2,
2023-08-03,126,고금리(2022~),9.86,8.89,13.1,14.12,
2023-08-04,126,고금리(2022~),6.31,5.1,10.49,11.03,
2023-08-07,126,고금리(2022~),1.8,0.01,5.33,6.34,
2023-08-08,126,고금리(2022~),1.1,-0.49,4.35,5.88,
2023-08-09,126,고금리(2022~),3.39,2.55,7.96,8.59,
2023-08-10,126,고금리(2022~),3.4,2.0,7.54,8.1,
2023-08-11,126,고금리(2022~),1.69,0.52,5.85,6.75,
2023-08-14,126,고금리(2022~),-0.55,-1.86,2.23,4.44,
2023-08-16,126,고금리(2022~),-3.62,-4.62,-1.91,1.62,
2023-08-17,126,고금리(2022~),-1.92,-3.0,-0.44,3.22,
2023-08-18,126,고금리(2022~),-3.39,-5.08,-1.81,1.06,
2023-08-21,126,고금리(2022~),0.28,-0.69,1.8,5.4,
2023-08-22,126,고금리(2022~),-0.14,-1.63,-0.21,4.53,
2023-08-23,126,고금리(2022~),-3.02,-4.34,-3.25,1.78,
2023-08-24,126,고금리(2022~),-2.67,-3.36,-2.56,2.74,
2023-08-25,126,고금리(2022~),-1.97,-2.72,-4.43,3.39,
2023-08-28,126,고금리(2022~),-1.7,-2.64,-4.1,3.46,
2023-08-29,126,고금리(2022~),-0.57,-1.79,0.48,4.31,
2023-08-30,126,고금리(2022~),-2.28,-3.88,-3.45,2.29,
2023-08-31,126,고금리(2022~),-2.85,-3.62,-4.9,2.54,
2023-09-01,126,고금리(2022~),-6.6,-7.69,-7.07,-1.7,
2023-09-04,126,고금리(2022~),-6.58,-7.71,-5.96,-1.72,
2023-09-05,126,고금리(2022~),-7.23,-8.33,-4.99,-2.41,
2023-09-06,126,고금리(2022~),-7.02,-7.69,-3.67,-1.69,
2023-09-07,126,고금리(2022~),-10.03,-11.03,-7.77,-5.49,
2023-09-08,126,고금리(2022~),-9.05,-9.53,-5.76,-3.77,
2023-09-11,126,고금리(2022~),-9.28,-10.34,-6.28,-4.72,
2023-09-12,126,고금리(2022~),-12.28,-13.29,-9.78,-8.23,
2023-09-13,126,고금리(2022~),-13.7,-14.33,-11.72,-9.56,
2023-09-14,126,고금리(2022~),-13.7,-15.09,-14.05,-10.5,
2023-09-15,126,고금리(2022~),-14.36,-16.15,-15.25,-11.9,
2023-09-18,126,고금리(2022~),-14.38,-15.57,-13.62,-11.11,
2023-09-19,126,고금리(2022~),-14.69,-15.44,-14.44,-10.94,
2023-09-20,126,고금리(2022~),-13.17,-13.82,-13.1,-8.86,
2023-09-21,126,고금리(2022~),-15.24,-16.4,-15.81,-12.32,
2023-09-22,126,고금리(2022~),-12.6,-13.7,-12.43,-8.69,
2023-09-25,126,고금리(2022~),-12.61,-13.99,-14.7,-9.07,
2023-09-26,126,고금리(2022~),-14.3,-15.75,-15.81,-11.37,
2023-09-27,126,고금리(2022~),-11.33,-11.74,-8.74,-6.3,
2023-10-04,126,고금리(2022~),-14.44,-15.29,-13.36,-10.99,
2023-10-05,126,고금리(2022~),-14.51,-15.61,-15.11,-11.41,
2023-10-06,126,고금리(2022~),-13.23,-14.16,-12.71,-9.53,
2023-10-10,126,고금리(2022~),-15.31,-16.89,-13.99,-13.22,
2023-10-11,126,고금리(2022~),-12.3,-13.18,-9.6,-8.51,
2023-10-12,126,고금리(2022~),-7.74,-8.61,-4.85,-3.12,
2023-10-13,126,고금리(2022~),-8.73,-9.74,-6.98,-4.45,
2023-10-16,126,고금리(2022~),-12.42,-13.81,-9.86,-9.27,
2023-10-17,126,고금리(2022~),-10.51,-11.43,-7.51,-6.32,
2023-10-18,126,고금리(2022~),-12.95,-14.58,-11.19,-10.25,
2023-10-19,126,고금리(2022~),-15.36,-16.49,-13.9,-12.83,
2023-10-20,126,고금리(2022~),-19.0,-20.12,-18.53,-17.96,
2023-10-23,126,고금리(2022~),-18.11,-18.99,-17.82,-16.29,
2023-10-24,126,고금리(2022~),-15.67,-16.53,-14.84,-13.0,
2023-10-25,126,고금리(2022~),-19.55,-20.78,-19.41,-19.18,
2023-10-26,126,고금리(2022~),-22.69,-23.44,-21.51,-23.48,
2023-10-27,126,고금리(2022~),-21.16,-21.88,-20.88,-21.03,
2023-10-30,126,고금리(2022~),-20.05,-21.14,-19.59,-19.91,
2023-10-31,126,고금리(2022~),-23.2,-24.04,-24.09,-24.63,
2023-11-01,126,고금리(2022~),-23.48,-24.22,-23.91,-24.92,
2023-11-02,126,고금리(2022~),-18.53,-19.43,-16.97,-17.8,
2023-11-03,126,고금리(2022~),-17.22,-17.47,-16.29,-15.01,
2023-11-06,126,고금리(2022~),-1.95,-1.98,-3.32,1.12,
2023-11-07,126,고금리(2022~),-7.78,-7.57,-8.98,-5.16,
2023-11-08,126,고금리(2022~),-10.8,-11.44,-11.25,-9.84,
2023-11-09,126,고금리(2022~),-7.14,-7.93,-7.08,-5.41,
2023-11-10,126,고금리(2022~),-9.49,-9.72,-8.47,-7.54,
2023-11-13,126,고금리(2022~),-11.06,-11.98,-11.67,-10.33,
2023-11-14,126,고금리(2022~),-8.6,-8.79,-7.71,-6.59,
2023-11-15,126,고금리(2022~),-6.56,-6.06,-5.1,-3.53,
2023-11-16,126,고금리(2022~),-6.27,-5.9,-5.52,-3.35,
2023-11-17,126,고금리(2022~),-9.42,-10.21,-10.4,-8.33,
2023-11-20,126,고금리(2022~),-7.21,-7.3,-8.44,-5.01,
2023-11-21,126,고금리(2022~),-5.28,-5.89,-7.59,-3.4,
2023-11-22,126,고금리(2022~),-5.49,-5.43,-6.92,-2.9,
2023-11-23,126,고금리(2022~),-5.78,-6.33,-7.68,-3.87,
2023-11-24,126,고금리(2022~),-7.14,-7.84,-7.79,-5.57,
2023-11-27,126,고금리(2022~),-8.86,-8.96,-10.15,-6.86,
2023-11-28,126,고금리(2022~),-8.86,-8.96,-9.32,-6.86,
2023-11-29,126,고금리(2022~),-10.51,-10.93,-11.91,-9.14,
2023-11-30,126,고금리(2022~),-8.27,-8.26,-8.39,-5.96,
2023-12-01,126,고금리(2022~),-9.69,-10.09,-8.88,-8.1,
2023-12-04,126,고금리(2022~),-9.45,-9.2,-9.57,-7.05,
2023-12-05,126,고금리(2022~),-10.81,-11.14,-12.04,-9.45,
2023-12-06,126,고금리(2022~),-8.7,-8.87,-10.29,-6.73,
2023-12-07,126,고금리(2022~),-9.5,-9.92,-9.76,-7.99,
2023-12-08,126,고금리(2022~),-6.75,-6.95,-6.36,-4.65,
2023-12-11,126,고금리(2022~),-6.26,-6.63,-5.3,-4.3,
2023-12-12,126,고금리(2022~),-5.36,-5.13,-4.23,-2.64,
2023-12-13,126,고금리(2022~),-6.61,-6.38,-5.26,-4.02,
2023-12-14,126,고금리(2022~),-3.1,-3.92,-2.94,-1.35,
2023-12-15,126,고금리(2022~),-3.25,-4.6,-4.25,-2.08,
2023-12-18,126,고금리(2022~),-0.97,-2.31,-1.9,0.29,
2023-12-19,126,고금리(2022~),0.42,-1.28,-2.05,1.31,
2023-12-20,126,고금리(2022~),0.56,-0.57,-1.89,2.02,
2023-12-21,126,고금리(2022~),-1.95,-3.4,-4.75,-0.83,
2023-12-22,126,고금리(2022~),-0.41,-1.91,-3.06,0.76,
2023-12-26,126,고금리(2022~),-3.69,-5.01,-4.67,-2.41,
2023-12-27,126,고금리(2022~),-2.65,-3.95,-4.57,-1.31,
2023-12-28,126,고금리(2022~),-3.66,-4.66,-4.49,-2.04,
2024-01-02,126,고금리(2022~),-3.97,-5.18,-5.78,-2.6,
2024-01-03,126,고금리(2022~),-6.1,-6.96,-7.09,-4.58,
2024-01-04,126,고금리(2022~),-6.47,-7.61,-6.36,-5.34,
2024-01-05,126,고금리(2022~),-3.93,-5.23,-5.49,-2.72,
2024-01-08,126,고금리(2022~),-3.64,-5.45,-5.99,-2.96,
2024-01-09,126,고금리(2022~),-3.38,-4.53,-5.67,-1.97,
2024-01-10,126,고금리(2022~),-3.19,-4.68,-4.2,-2.15,
2024-01-11,126,고금리(2022~),0.0,-1.81,-0.98,0.85,
2024-01-12,126,고금리(2022~),-1.52,-3.1,-1.74,-0.5,
2024-01-15,126,고금리(2022~),-3.93,-5.52,-4.65,-3.1,
2024-01-16,126,고금리(2022~),-1.89,-2.64,-1.5,0.05,
2024-01-17,126,고금리(2022~),-4.49,-6.17,-5.1,-3.76,
2024-01-18,126,고금리(2022~),-4.25,-5.75,-5.35,-3.31,
2024-01-19,126,고금리(2022~),-2.9,-4.59,-3.94,-2.0,
2024-01-22,126,고금리(2022~),-4.03,-5.39,-5.64,-2.88,
2024-01-23,126,고금리(2022~),-5.47,-6.93,-7.58,-4.54,
2024-01-24,126,고금리(2022~),-6.07,-7.91,-8.67,-5.67,
2024-01-25,126,고금리(2022~),-7.39,-9.09,-9.57,-7.06,
2024-01-26,126,고금리(2022~),-6.16,-7.83,-7.44,-5.66,
2024-01-29,126,고금리(2022~),-3.97,-5.61,-5.91,-3.0,
2024-01-30,126,고금리(2022~),7.08,7.51,5.78,11.06,
2024-01-31,126,고금리(2022~),-2.89,-5.55,-4.17,-0.39,
2024-02-01,126,고금리(2022~),-4.05,-6.37,-4.62,-1.25,
2024-02-02,126,고금리(2022~),-0.78,-2.72,-0.17,2.52,
2024-02-05,126,고금리(2022~),-5.24,-7.08,-4.93,-1.99,
2024-02-06,126,고금리(2022~),-5.86,-7.89,-5.94,-2.89,
2024-02-07,126,고금리(2022~),-4.25,-5.93,-4.74,-0.76,
2024-02-08,126,고금리(2022~),-3.17,-5.41,-2.57,-0.23,
2024-02-13,126,고금리(2022~),-2.97,-5.13,-1.71,0.05,
2024-02-14,126,고금리(2022~),-0.95,-2.73,1.16,2.55,
2024-02-15,126,고금리(2022~),-1.63,-3.34,0.07,1.94,
2024-02-16,126,고금리(2022~),0.27,-2.11,1.63,3.19,
2024-02-19,126,고금리(2022~),0.96,-0.97,2.87,4.31,
2024-02-20,126,고금리(2022~),1.1,-0.94,2.18,4.34,
2024-02-21,126,고금리(2022~),2.63,0.39,4.02,5.62,
2024-02-22,126,고금리(2022~),3.9,1.56,4.42,6.7,
2024-02-23,126,고금리(2022~),4.2,2.19,4.45,7.27,
2024-02-26,126,고금리(2022~),5.62,3.46,5.96,8.42,
2024-02-27,126,고금리(2022~),1.8,-0.15,2.62,5.1,
2024-02-28,126,고금리(2022~),2.95,0.81,4.39,5.97,
2024-02-29,126,고금리(2022~),5.67,3.71,7.3,8.64,
2024-03-04,126,고금리(2022~),12.41,9.83,10.0,13.87,
2024-03-05,126,고금리(2022~),12.32,9.88,13.88,13.91,
2024-03-06,126,고금리(2022~),16.28,14.38,18.41,17.38,
2024-03-07,126,고금리(2022~),13.86,11.25,15.49,15.07,
2024-03-08,126,고금리(2022~),18.54,16.31,20.84,18.75,
2024-03-11,126,고금리(2022~),18.5,15.57,20.25,18.23,
2024-03-12,126,고금리(2022~),16.99,14.33,19.24,17.4,
2024-03-13,126,고금리(2022~),16.34,14.02,19.45,17.17,
2024-03-14,126,고금리(2022~),14.84,11.83,17.24,15.58,
2024-03-15,126,고금리(2022~),11.39,8.38,13.85,12.9,
2024-03-18,126,고금리(2022~),11.75,10.34,15.6,14.41,
2024-03-19,126,고금리(2022~),9.65,6.97,12.66,11.79,
2024-03-20,126,고금리(2022~),11.43,9.13,14.87,13.58,
2024-03-21,126,고금리(2022~),10.62,8.36,13.76,13.0,
2024-03-22,126,고금리(2022~),11.71,9.43,15.25,13.86,
2024-03-25,126,고금리(2022~),15.57,13.43,19.07,16.87,
2024-03-26,126,고금리(2022~),15.82,13.33,18.33,16.79,
2024-03-27,126,고금리(2022~),13.34,10.55,15.04,14.7,
2024-03-28,126,고금리(2022~),11.58,8.26,13.52,12.92,
2024-03-29,126,고금리(2022~),10.37,8.07,13.49,12.77,
2024-04-01,126,고금리(2022~),11.01,8.34,13.35,12.98,
2024-04-02,126,고금리(2022~),8.86,6.52,6.64,11.42,
2024-04-03,126,고금리(2022~),7.22,5.01,8.6,10.12,
2024-04-04,126,고금리(2022~),6.79,4.3,6.66,9.52,
2024-04-05,126,고금리(2022~),6.39,3.59,6.97,8.87,
2024-04-08,126,고금리(2022~),6.06,3.09,6.15,8.42,
2024-04-09,126,고금리(2022~),7.63,5.62,9.55,10.66,
2024-04-11,126,고금리(2022~),6.04,3.32,7.89,8.7,
2024-04-12,126,고금리(2022~),9.18,7.03,12.52,11.95,
2024-04-15,126,고금리(2022~),7.3,4.69,10.18,9.99,
2024-04-16,126,고금리(2022~),6.43,4.11,9.84,9.47,
2024-04-17,126,고금리(2022~),6.52,4.17,10.0,9.52,
2024-04-18,126,고금리(2022~),7.45,4.88,10.71,10.1,
2024-04-19,126,고금리(2022~),5.09,2.04,7.86,7.59,
2024-04-22,126,고금리(2022~),7.58,5.55,11.09,10.65,
2024-04-23,126,고금리(2022~),6.57,4.29,10.26,9.59,
2024-04-24,126,고금리(2022~),12.02,9.83,15.72,14.18,
2024-04-25,126,고금리(2022~),4.62,2.05,7.85,7.91,
2024-04-26,126,고금리(2022~),6.24,3.6,8.79,9.3,
2024-04-29,126,고금리(2022~),9.43,7.03,12.69,12.2,
2024-04-30,126,고금리(2022~),11.65,8.69,14.43,13.57,
2024-05-02,126,고금리(2022~),8.94,5.99,11.51,11.38,
2024-05-03,126,고금리(2022~),9.91,7.84,8.38,12.94,
2024-05-07,126,고금리(2022~),12.32,10.25,14.27,14.86,
2024-05-08,126,고금리(2022~),16.45,13.74,15.97,17.56,
2024-05-09,126,고금리(2022~),17.06,14.46,17.96,18.09,
2024-05-10,126,고금리(2022~),14.88,11.61,14.94,16.0,
2024-05-13,126,고금리(2022~),11.77,8.88,13.36,13.89,
2024-05-14,126,고금리(2022~),15.02,12.01,16.77,16.32,
2024-05-16,126,고금리(2022~),16.86,14.78,20.72,18.35,
2024-05-17,126,고금리(2022~),11.26,8.64,14.18,13.53,
2024-05-20,126,고금리(2022~),14.21,11.73,17.47,15.99,
2024-05-21,126,고금리(2022~),9.25,6.7,13.33,12.27,
2024-05-22,126,고금리(2022~),11.48,8.86,15.23,14.05,
2024-05-23,126,고금리(2022~),11.71,8.26,14.44,13.56,
2024-05-24,126,고금리(2022~),10.38,7.36,13.53,12.83,
2024-05-27,126,고금리(2022~),15.26,12.83,18.86,17.09,
2024-05-28,126,고금리(2022~),14.84,12.22,18.68,16.64,
2024-05-29,126,고금리(2022~),9.93,6.92,12.67,12.55,
2024-05-30,126,고금리(2022~),11.08,8.68,13.69,14.01,
2024-05-31,126,고금리(2022~),12.69,10.16,15.96,15.16,
2024-06-03,126,고금리(2022~),14.42,12.49,18.32,16.92,
2024-06-04,126,고금리(2022~),21.53,17.86,22.21,20.83,
2024-06-05,126,고금리(2022~),17.18,13.69,14.36,18.12,
2024-06-07,126,고금리(2022~),20.14,17.25,21.69,20.53,
2024-06-10,126,고금리(2022~),16.45,13.97,16.88,18.24,
2024-06-11,126,고금리(2022~),17.39,15.29,19.48,19.16,
2024-06-12,126,고금리(2022~),17.39,14.42,18.42,18.55,
2024-06-13,126,고금리(2022~),18.18,15.83,21.02,19.55,
2024-06-14,126,고금리(2022~),15.79,13.46,18.9,17.87,
2024-06-17,126,고금리(2022~),18.58,17.08,23.78,20.5,
2024-06-18,126,고금리(2022~),21.59,19.24,26.06,21.96,
2024-06-19,126,고금리(2022~),19.74,17.72,24.98,20.97,
2024-06-20,126,고금리(2022~),18.56,15.78,23.2,19.64,
2024-06-21,126,고금리(2022~),18.81,16.47,23.73,20.12,
2024-06-24,126,고금리(2022~),18.38,16.76,23.68,20.32,
2024-06-25,126,고금리(2022~),16.36,15.27,22.46,19.31,
2024-06-26,126,고금리(2022~),15.46,13.73,20.48,18.22,
2024-06-27,126,고금리(2022~),11.14,10.15,17.27,15.67,
2024-06-28,126,고금리(2022~),9.48,7.88,14.52,13.92,
2024-07-01,126,고금리(2022~),11.36,9.44,15.31,15.11,
2024-07-02,126,고금리(2022~),8.02,6.52,12.56,12.73,
2024-07-03,126,고금리(2022~),10.78,9.09,15.01,14.72,
2024-07-04,126,고금리(2022~),12.89,11.16,14.79,16.31,
2024-07-05,126,고금리(2022~),17.25,15.13,15.97,19.2,
2024-07-08,126,고금리(2022~),16.25,13.57,17.91,18.11,
2024-07-09,126,고금리(2022~),17.43,15.28,18.53,19.34,
2024-07-10,126,고금리(2022~),14.58,11.95,16.2,16.99,
2024-07-11,126,고금리(2022~),13.58,11.45,15.55,16.62,
2024-07-12,126,고금리(2022~),12.05,10.03,14.88,15.55,
2024-07-15,126,고금리(2022~),12.37,10.63,16.08,16.01,
2024-07-16,126,고금리(2022~),9.46,7.45,12.73,13.51,
2024-07-17,126,고금리(2022~),8.16,6.44,11.39,12.67,
2024-07-18,126,고금리(2022~),6.57,4.65,10.14,11.19,
2024-07-19,126,고금리(2022~),7.63,5.8,11.71,12.15,
2024-07-22,126,고금리(2022~),9.22,6.65,13.28,12.9,
2024-07-23,126,고금리(2022~),6.77,4.73,10.04,11.37,
2024-07-24,126,고금리(2022~),5.41,3.67,9.33,10.48,
2024-07-25,126,고금리(2022~),1.77,0.01,5.1,7.16,
2024-07-26,126,고금리(2022~),1.08,-0.6,5.48,6.59,
2024-07-29,126,고금리(2022~),1.93,0.76,6.56,7.82,
2024-07-30,126,고금리(2022~),2.2,0.6,5.83,7.66,
2024-07-31,126,고금리(2022~),2.48,0.69,6.23,7.74,
2024-08-01,126,고금리(2022~),3.91,2.23,7.66,9.1,
2024-08-02,126,고금리(2022~),-2.4,-4.32,-1.39,2.7,
2024-08-05,126,고금리(2022~),-13.46,-16.24,-14.49,-13.01,
2024-08-06,126,고금리(2022~),-7.24,-7.61,-5.72,-3.4,
2024-08-07,126,고금리(2022~),-6.06,-6.26,-6.08,-1.96,
2024-08-08,126,고금리(2022~),-5.37,-6.28,-4.23,-1.98,
2024-08-09,126,고금리(2022~),-3.77,-4.76,-3.85,-0.41,
2024-08-12,126,고금리(2022~),-3.65,-4.46,-2.81,-0.1,
2024-08-13,126,고금리(2022~),-3.76,-4.79,-2.55,-0.45,
2024-08-14,126,고금리(2022~),-2.59,-2.68,-0.79,1.69,
2024-08-16,126,고금리(2022~),-1.11,-1.85,-0.76,2.49,
2024-08-19,126,고금리(2022~),1.51,0.53,3.06,4.94,
2024-08-20,126,고금리(2022~),3.19,2.59,5.51,6.84,
2024-08-21,126,고금리(2022~),0.82,-0.09,2.68,4.34,
2024-08-22,126,고금리(2022~),2.58,1.46,3.75,5.85,
2024-08-23,126,고금리(2022~),4.51,3.64,6.37,7.85,
2024-08-26,126,고금리(2022~),3.78,2.92,5.13,7.19,
2024-08-27,126,고금리(2022~),4.02,3.53,6.7,7.75,
2024-08-28,126,고금리(2022~),3.36,2.38,5.42,6.72,
2024-08-29,126,고금리(2022~),3.59,2.54,5.02,6.87,
2024-08-30,126,고금리(2022~),4.35,1.4,4.23,5.88,
2024-09-02,126,고금리(2022~),2.18,0.84,3.6,5.36,
2024-09-03,126,고금리(2022~),-0.13,-1.52,-1.04,3.06,
2024-09-04,126,고금리(2022~),-3.08,-4.2,-2.77,0.18,
2024-09-05,126,고금리(2022~),-1.15,-2.8,-1.31,1.67,
2024-09-06,126,고금리(2022~),-2.35,-4.19,-4.39,0.17,
2024-09-09,126,고금리(2022~),-1.88,-3.26,-1.57,1.1,
2024-09-10,126,고금리(2022~),-2.22,-4.01,-3.27,0.31,
2024-09-11,126,고금리(2022~),-2.6,-4.01,-2.48,0.3,
2024-09-12,126,고금리(2022~),2.7,1.27,2.64,5.4,
2024-09-13,126,고금리(2022~),4.77,3.26,4.14,7.26,
2024-09-19,126,고금리(2022~),9.4,8.44,7.52,11.75,
2024-09-20,126,고금리(2022~),8.1,6.79,8.67,10.45,
2024-09-23,126,고금리(2022~),11.32,8.75,10.99,12.09,
2024-09-24,126,고금리(2022~),13.76,12.43,14.06,14.89,
2024-09-25,126,고금리(2022~),10.8,8.67,10.26,11.91,
2024-09-26,126,고금리(2022~),20.86,19.07,20.52,19.83,
2024-09-27,126,고금리(2022~),18.21,14.99,16.47,17.02,
2024-09-30,126,고금리(2022~),19.73,17.37,19.53,18.78,
2024-10-02,126,고금리(2022~),12.3,10.63,14.09,14.22,
2024-10-04,126,고금리(2022~),11.91,10.57,13.83,14.17,
2024-10-07,126,고금리(2022~),11.08,9.55,13.15,13.4,
2024-10-08,126,고금리(2022~),11.08,8.75,11.94,12.76,
2024-10-10,126,고금리(2022~),13.69,11.66,12.13,15.11,
2024-10-11,126,고금리(2022~),9.66,7.89,10.48,12.15,
2024-10-14,126,고금리(2022~),8.1,6.66,9.66,11.14,
2024-10-15,126,고금리(2022~),9.68,8.36,10.63,12.53,
2024-10-16,126,고금리(2022~),8.19,6.51,9.95,10.98,
2024-10-17,126,고금리(2022~),5.44,4.1,7.05,8.97,
2024-10-18,126,고금리(2022~),4.01,2.49,5.63,7.5,
2024-10-21,126,고금리(2022~),5.43,3.58,6.3,8.46,
2024-10-22,126,고금리(2022~),3.55,2.21,4.03,7.17,
2024-10-23,126,고금리(2022~),4.0,2.42,1.99,7.35,
2024-10-24,126,고금리(2022~),4.2,2.44,5.06,7.36,
2024-10-25,126,고금리(2022~),1.95,0.16,2.89,5.27,
2024-10-28,126,고금리(2022~),5.07,3.78,6.06,8.51,
2024-10-29,126,고금리(2022~),5.25,4.15,6.39,8.83,
2024-10-30,126,고금리(2022~),5.32,4.01,5.21,8.7,
2024-10-31,126,고금리(2022~),5.9,4.6,5.97,9.2,
2024-11-01,126,고금리(2022~),2.36,0.37,1.21,5.31,
2024-11-04,126,고금리(2022~),7.32,6.09,8.61,10.13,
2024-11-05,126,고금리(2022~),7.1,6.05,8.63,10.1,
2024-11-06,126,고금리(2022~),6.73,5.69,8.86,9.78,
2024-11-07,126,고금리(2022~),6.61,5.49,8.34,9.61,
2024-11-08,126,고금리(2022~),9.02,7.84,7.79,11.54,
2024-11-11,126,고금리(2022~),6.1,4.56,6.57,8.76,
2024-11-12,126,고금리(2022~),4.7,3.13,5.61,7.46,
2024-11-13,126,고금리(2022~),1.26,-0.11,2.14,4.37,
2024-11-14,126,고금리(2022~),-1.37,-2.76,0.51,1.75,
2024-11-15,126,고금리(2022~),-1.13,-2.64,-0.02,1.88,
2024-11-18,126,고금리(2022~),-0.51,-2.02,0.49,2.48,
2024-11-19,126,고금리(2022~),-3.86,-4.55,-2.04,-0.14,
2024-11-20,126,고금리(2022~),-4.19,-5.9,-4.48,-1.59,
2024-11-21,126,고금리(2022~),-5.19,-6.04,-6.57,-1.74,
2024-11-22,126,고금리(2022~),-7.85,-9.16,-6.98,-5.32,
2024-11-25,126,고금리(2022~),-4.17,-4.78,-3.23,-0.75,
2024-11-26,126,고금리(2022~),-6.95,-8.18,-6.81,-4.5,
2024-11-27,126,고금리(2022~),-9.12,-9.72,-8.25,-6.27,
2024-11-28,126,고금리(2022~),-11.01,-11.75,-11.96,-8.65,
2024-11-29,126,고금리(2022~),-13.72,-14.51,-14.04,-12.25,
2024-12-02,126,고금리(2022~),-10.63,-11.75,-11.4,-8.63,
2024-12-03,126,고금리(2022~),-9.16,-9.66,-7.33,-6.21,
2024-12-04,126,고금리(2022~),-10.34,-11.51,-9.03,-8.49,
2024-12-05,126,고금리(2022~),-10.77,-11.94,-9.49,-9.01,
2024-12-06,126,고금리(2022~),-12.0,-13.46,-11.74,-10.95,
2024-12-09,126,고금리(2022~),-17.71,-18.22,-18.26,-17.56,
2024-12-10,126,고금리(2022~),-12.26,-12.48,-11.65,-10.1,
2024-12-11,126,고금리(2022~),-13.87,-14.92,-14.5,-13.17,
2024-12-12,126,고금리(2022~),-12.16,-13.41,-13.39,-11.22,
2024-12-13,126,고금리(2022~),-10.74,-12.01,-10.52,-9.44,
2024-12-16,126,고금리(2022~),-10.12,-11.23,-9.94,-8.47,
2024-12-17,126,고금리(2022~),-10.99,-12.46,-11.08,-10.01,
2024-12-18,126,고금리(2022~),-10.07,-11.46,-10.09,-8.78,
2024-12-19,126,고금리(2022~),-13.16,-15.07,-14.72,-13.51,
2024-12-20,126,고금리(2022~),-16.59,-17.87,-19.1,-17.38,
2024-12-23,126,고금리(2022~),-12.81,-13.96,-12.6,-11.99,
2024-12-24,126,고금리(2022~),-12.9,-14.26,-12.99,-12.37,
2024-12-26,126,고금리(2022~),-13.69,-14.83,-13.77,-13.13,
2024-12-27,126,고금리(2022~),-15.18,-16.87,-15.61,-15.94,
2024-12-30,126,고금리(2022~),-14.54,-16.45,-16.9,-15.37,
2025-01-02,126,고금리(2022~),-14.6,-16.22,-16.13,-15.06,
2025-01-03,126,고금리(2022~),-11.4,-12.94,-13.29,-10.86,
2025-01-06,126,고금리(2022~),-11.97,-14.01,-12.62,-12.17,
2025-01-07,126,고금리(2022~),-11.99,-13.53,-11.79,-11.55,
2025-01-08,126,고금리(2022~),-13.32,-14.99,-13.47,-13.43,
2025-01-09,126,고금리(2022~),-13.96,-15.21,-14.21,-13.72,
2025-01-10,126,고금리(2022~),-14.72,-16.05,-16.01,-14.87,
2025-01-13,126,고금리(2022~),-14.96,-16.44,-16.09,-15.42,
2025-01-14,126,고금리(2022~),-13.85,-15.3,-15.11,-13.91,
2025-01-15,126,고금리(2022~),-14.59,-16.13,-16.46,-15.05,
2025-01-16,126,고금리(2022~),-12.08,-13.13,-12.04,-11.15,
2025-01-17,126,고금리(2022~),-12.34,-13.66,-12.94,-11.84,
2025-01-20,126,고금리(2022~),-11.14,-12.4,-11.28,-10.23,
2025-01-21,126,고금리(2022~),-10.88,-12.46,-11.47,-10.3,
2025-01-22,126,고금리(2022~),-10.21,-11.93,-11.21,-9.66,
2025-01-23,126,고금리(2022~),-6.5,-8.35,-8.64,-5.13,
2025-01-24,126,고금리(2022~),-7.35,-8.85,-6.59,-5.7,
2025-01-31,126,고금리(2022~),-9.45,-11.2,-9.3,-8.43,
2025-02-03,126,고금리(2022~),-13.73,-15.2,-14.26,-13.71,
2025-02-04,126,고금리(2022~),-11.25,-12.48,-10.55,-10.28,
2025-02-05,126,고금리(2022~),-10.13,-11.68,-11.58,-9.3,
2025-02-06,126,고금리(2022~),-9.48,-11.32,-10.58,-8.86,
2025-02-07,126,고금리(2022~),-8.31,-9.98,-10.03,-7.23,
2025-02-10,126,고금리(2022~),-9.32,-11.15,-9.48,-8.6,
2025-02-11,126,고금리(2022~),-9.83,-11.5,-9.59,-9.03,
2025-02-12,126,고금리(2022~),-7.65,-9.95,-8.14,-7.11,
2025-02-13,126,고금리(2022~),-6.45,-7.8,-6.59,-4.58,
2025-02-14,126,고금리(2022~),-3.97,-5.07,-4.63,-1.59,
2025-02-17,126,고금리(2022~),-1.94,-3.49,-2.03,0.06,
2025-02-18,126,고금리(2022~),-2.23,-3.83,-2.88,-0.29,
2025-02-19,126,고금리(2022~),-3.79,-5.61,-4.69,-2.13,
2025-02-20,126,고금리(2022~),-5.53,-7.18,-5.44,-3.87,
2025-02-21,126,고금리(2022~),-4.2,-5.74,-4.13,-2.31,
2025-02-24,126,고금리(2022~),-3.23,-5.19,-3.3,-1.71,
2025-02-25,126,고금리(2022~),-3.21,-4.78,-3.02,-1.27,
2025-02-26,126,고금리(2022~),-2.1,-3.96,-2.7,-0.39,
2025-02-27,126,고금리(2022~),-2.53,-4.2,-4.07,-0.64,
2025-02-28,126,고금리(2022~),-6.61,-8.07,-6.0,-5.06,
2025-03-04,126,고금리(2022~),-7.92,-9.87,-8.2,-7.16,
2025-03-05,126,고금리(2022~),-8.12,-9.66,-8.35,-6.91,
2025-03-06,126,고금리(2022~),-10.99,-12.52,-10.7,-10.46,
2025-03-07,126,고금리(2022~),-12.68,-14.09,-14.12,-12.5,
2025-03-10,126,고금리(2022~),-13.91,-15.3,-14.65,-14.09,
2025-03-11,126,고금리(2022~),-14.69,-16.49,-16.57,-15.75,
2025-03-12,126,고금리(2022~),-15.84,-17.38,-15.91,-16.94,
2025-03-13,126,고금리(2022~),-17.07,-18.51,-16.82,-18.58,
2025-03-14,126,고금리(2022~),-16.02,-15.98,-14.74,-15.09,
2025-03-17,126,고금리(2022~),-12.82,-13.79,-13.33,-12.19,
2025-03-18,126,고금리(2022~),-13.42,-14.55,-15.06,-13.18,
2025-03-19,126,고금리(2022~),-15.23,-16.58,-16.33,-15.94,
2025-03-20,126,고금리(2022~),-19.1,-20.2,-20.45,-21.22,
2025-03-21,126,고금리(2022~),-20.05,-20.87,-20.28,-22.27,
2025-03-24,126,고금리(2022~),-18.16,-18.77,-17.43,-19.08,
2025-03-25,126,고금리(2022~),-18.26,-18.69,-17.0,-18.97,
2025-03-26,126,고금리(2022~),-15.78,-16.91,-14.99,-16.4,
2025-03-27,126,고금리(2022~),-18.27,-19.39,-17.67,-19.98,
2025-03-28,126,고금리(2022~),-19.31,-20.48,-18.96,-21.68,
2025-03-31,126,고금리(2022~),-21.96,-23.09,-21.77,-25.94,
2025-04-01,126,고금리(2022~),-20.39,-21.19,-19.47,-23.02,
2025-04-02,126,고금리(2022~),-21.91,-22.31,-20.72,-24.82,
2025-04-03,126,고금리(2022~),-21.89,-22.63,-21.06,-25.33,
2025-04-04,126,고금리(2022~),-19.85,-20.63,-18.81,-22.16,
2025-04-07,126,고금리(2022~),-25.43,-26.33,-25.86,-32.1,
2025-04-08,126,고금리(2022~),-24.85,-24.98,-24.3,-29.78,
2025-04-09,126,고금리(2022~),-27.16,-28.15,-27.91,-35.64,
2025-04-10,126,고금리(2022~),-24.09,-24.6,-23.95,-29.79,
2025-04-11,126,고금리(2022~),-22.4,-23.7,-23.01,-28.28,
2025-04-14,126,고금리(2022~),-21.84,-22.55,-22.36,-26.45,
2025-04-15,126,고금리(2022~),-20.96,-21.53,-21.87,-24.78,
2025-04-16,126,고금리(2022~),-24.45,-24.96,-25.86,-30.56,
2025-04-17,126,고금리(2022~),-25.41,-26.37,-27.12,-32.92,
2025-04-18,126,고금리(2022~),-24.65,-25.71,-26.94,-31.75,
2025-04-21,126,고금리(2022~),-24.97,-25.63,-26.12,-31.59,
2025-04-22,126,고금리(2022~),-24.09,-24.91,-24.79,-30.33,
2025-04-23,126,고금리(2022~),-23.35,-23.94,-23.89,-28.73,
2025-04-24,126,고금리(2022~),-25.32,-26.18,-26.64,-32.55,
2025-04-25,126,고금리(2022~),-26.9,-27.74,-28.53,-35.31,
2025-04-28,126,고금리(2022~),-25.89,-26.42,-26.63,-32.75,
2025-04-29,126,고금리(2022~),-25.0,-25.83,-25.86,-31.72,
2025-04-30,126,고금리(2022~),-24.09,-24.82,-24.08,-29.86,
2025-05-02,126,고금리(2022~),-23.75,-24.24,-23.54,-28.89,
2025-05-07,126,고금리(2022~),-23.6,-24.59,-23.9,-29.49,
2025-05-08,126,고금리(2022~),-26.09,-26.85,-26.78,-33.31,
2025-05-09,126,고금리(2022~),-28.28,-29.24,-29.68,-37.8,
2025-05-12,126,고금리(2022~),-26.33,-27.04,-26.83,-33.55,
2025-05-13,126,고금리(2022~),-26.09,-26.77,-26.17,-33.07,
2025-05-14,126,고금리(2022~),-23.94,-24.48,-23.4,-28.94,
2025-05-15,126,고금리(2022~),-23.6,-24.29,-23.21,-28.6,
2025-05-16,126,고금리(2022~),-26.48,-27.61,-27.15,-34.4,
2025-05-19,126,고금리(2022~),-25.28,-26.14,-25.92,-31.58,
2025-05-20,126,고금리(2022~),-24.2,-25.1,-25.38,-29.71,
2025-05-21,126,고금리(2022~),-23.0,-24.0,-24.38,-27.86,
2025-05-22,126,고금리(2022~),-25.19,-26.31,-26.95,-31.78,
2025-05-23,126,고금리(2022~),-25.4,-26.5,-26.41,-32.11,
2025-05-26,126,고금리(2022~),-28.03,-28.84,-28.19,-36.23,
2025-05-27,126,고금리(2022~),-28.63,-29.24,-28.65,-36.97,
2025-05-28,126,고금리(2022~),-28.44,-28.8,-28.6,-36.12,
2025-05-29,126,고금리(2022~),-27.3,-28.4,-28.55,-35.36,
2025-05-30,126,고금리(2022~),-27.16,-27.6,-27.26,-33.86,
2025-06-02,126,고금리(2022~),-25.13,-25.66,-25.07,-30.34,
2025-06-04,126,고금리(2022~),-25.43,-26.23,-25.01,-31.33,
2025-06-05,126,고금리(2022~),-25.07,-26.13,-24.96,-31.14,
2025-06-09,126,고금리(2022~),-24.53,-25.41,-24.17,-29.91,
2025-06-10,126,고금리(2022~),-22.8,-23.53,-22.72,-26.73,
2025-06-11,126,고금리(2022~),-20.31,-21.17,-20.45,-22.99,
2025-06-12,126,고금리(2022~),-19.94,-20.69,-19.29,-22.25,
2025-06-13,126,고금리(2022~),-20.27,-21.14,-19.97,-22.99,
2025-06-16,126,고금리(2022~),-19.35,-20.15,-18.44,-21.47,
2025-06-17,126,고금리(2022~),-18.32,-18.97,-17.17,-19.66,
2025-06-18,126,고금리(2022~),-19.4,-20.33,-19.02,-21.65,
2025-06-19,126,고금리(2022~),-19.92,-20.79,-19.54,-22.34,
2025-06-20,126,고금리(2022~),-18.06,-18.74,-17.66,-19.28,
2025-06-23,126,고금리(2022~),-18.77,-19.49,-19.08,-20.43,
2025-06-24,126,고금리(2022~),-17.79,-18.43,-17.76,-18.92,
2025-06-25,126,고금리(2022~),-18.88,-19.62,-18.25,-20.66,
2025-06-26,126,고금리(2022~),-18.95,-19.58,-18.26,-20.6,
2025-06-27,126,고금리(2022~),-21.43,-22.16,-21.18,-24.54,
2025-06-30,126,고금리(2022~),-22.22,-23.41,-22.84,-26.53,
2025-07-01,126,고금리(2022~),-22.95,-23.67,-23.56,-26.98,
2025-07-02,126,고금리(2022~),-21.63,-22.06,-21.35,-24.34,
2025-07-03,126,고금리(2022~),-20.03,-20.7,-19.65,-22.24,
2025-07-04,126,고금리(2022~),-22.59,-23.06,-21.78,-26.1,
2025-07-07,126,고금리(2022~),-21.54,-22.12,-20.89,-24.58,
2025-07-08,126,고금리(2022~),-21.1,-21.99,-20.75,-24.37,
2025-07-09,126,고금리(2022~),-19.97,-20.48,-19.7,-22.0,
2025-07-10,126,고금리(2022~),-19.41,-20.22,-19.53,-21.61,
2025-07-11,126,고금리(2022~),-19.77,-20.92,-19.57,-22.67,
2025-07-14,126,고금리(2022~),-20.51,-21.82,-20.74,-24.08,
2025-07-15,126,고금리(2022~),-18.96,-19.26,-17.5,-20.25,
2025-07-16,126,고금리(2022~),-15.07,-15.77,-13.5,-15.04,
2025-07-17,126,고금리(2022~),-15.95,-17.04,-15.14,-16.7,
2025-07-18,126,고금리(2022~),-19.05,-20.41,-18.8,-21.39,
2025-07-21,126,고금리(2022~),-28.27,-29.21,-29.87,-34.79,
2025-07-22,126,고금리(2022~),-31.38,-32.15,-34.63,-40.54,
2025-07-23,126,고금리(2022~),-36.14,-36.52,-41.01,-49.49,
2025-07-24,126,고금리(2022~),-37.85,-38.58,-43.46,-54.35,
2025-07-25,126,고금리(2022~),-36.84,-37.5,-41.77,-51.6,
2025-07-28,126,고금리(2022~),-33.14,-33.94,-34.58,-43.02,
2025-07-29,126,고금리(2022~),-36.59,-36.85,-38.65,-49.4,
2025-07-30,126,고금리(2022~),-36.34,-36.74,-38.66,-49.14,
2025-07-31,126,고금리(2022~),-33.38,-33.79,-34.09,-42.25,
2025-08-01,126,고금리(2022~),-34.49,-34.47,-33.62,-43.86,
2025-08-04,126,고금리(2022~),-36.69,-36.71,-36.87,-48.62,
2025-08-05,126,고금리(2022~),-33.77,-34.0,-33.63,-42.54,
2025-08-06,126,고금리(2022~),-33.43,-33.35,-32.79,-41.16,
2025-08-07,126,고금리(2022~),-34.4,-34.64,-35.57,-43.9,
2025-08-08,126,고금리(2022~),-32.8,-33.12,-33.13,-40.58,
2025-08-11,126,고금리(2022~),-37.17,-37.45,-38.78,-49.56,
2025-08-12,126,고금리(2022~),-37.43,-37.48,-38.25,-49.63,
2025-08-13,126,고금리(2022~),-35.32,-35.42,-35.34,-44.9,
2025-08-14,126,고금리(2022~),-35.82,-36.17,-38.57,-46.57,
2025-08-18,126,고금리(2022~),-37.5,-37.59,-38.89,-49.96,
2025-08-19,126,고금리(2022~),-40.95,-41.02,-41.98,-58.56,
2025-08-20,126,고금리(2022~),-41.6,-42.23,-42.73,-61.86,
2025-08-21,126,고금리(2022~),-39.09,-39.5,-40.5,-54.15,
2025-08-22,126,고금리(2022~),-28.63,-30.02,-33.98,-30.27,
2025-08-25,126,고금리(2022~),-38.19,-37.49,-39.57,-43.5,
2025-08-26,126,고금리(2022~),-41.46,-41.34,-42.03,-52.29,
2025-08-27,126,고금리(2022~),-39.62,-39.23,-36.29,-46.8,
2025-08-28,126,고금리(2022~),-41.65,-40.89,-39.25,-50.88,
2025-08-29,126,고금리(2022~),-40.84,-40.01,-38.44,-48.59,
2025-09-01,126,고금리(2022~),-41.57,-40.7,-37.64,-50.34,
2025-09-02,126,고금리(2022~),-41.27,-40.34,-36.37,-49.44,
2025-09-03,126,고금리(2022~),-40.32,-39.31,-36.1,-46.86,
2025-09-04,126,고금리(2022~),-39.65,-38.66,-34.93,-45.32,
2025-09-05,126,고금리(2022~),-41.09,-40.02,-36.32,-48.48,
2025-09-08,126,고금리(2022~),-38.99,-37.94,-35.35,-43.43,
2025-09-09,126,고금리(2022~),-39.67,-38.94,-35.66,-45.72,
2025-09-10,126,고금리(2022~),-35.5,-34.83,-33.06,-36.11,
2025-09-11,126,고금리(2022~),-37.16,-36.31,-33.65,-39.2,
2025-09-12,126,고금리(2022~),-38.12,-36.99,-33.3,-40.62,
2025-09-15,126,고금리(2022~),-36.69,-35.28,-34.17,-36.81,
2025-09-16,126,고금리(2022~),-36.9,-36.15,-33.76,-38.68,
2025-09-17,126,고금리(2022~),-35.53,-34.65,-32.26,-35.36,
2025-09-18,126,고금리(2022~),-31.32,-30.36,-27.79,-26.67,
2025-09-19,126,고금리(2022~),-35.0,-33.53,-30.07,-32.33,
2025-09-22,126,고금리(2022~),-29.51,-28.32,-28.87,-22.38,
2025-09-23,126,고금리(2022~),-30.0,-28.78,-29.41,-23.18,
2025-09-24,126,고금리(2022~),-30.0,-28.77,-29.42,-23.15,
2025-09-25,126,고금리(2022~),-30.66,-29.4,-25.46,-24.29,
2025-09-26,126,고금리(2022~),-35.95,-34.5,-31.63,-33.51,
2025-09-29,126,고금리(2022~),-34.0,-32.35,-29.3,-29.26,
2025-09-30,126,고금리(2022~),-34.6,-33.8,-28.95,-32.08,
2025-10-01,126,고금리(2022~),-34.4,-33.43,-27.69,-31.34,
2025-10-02,126,고금리(2022~),-34.41,-33.58,-28.51,-31.63,
2025-10-10,126,고금리(2022~),-36.43,-35.91,-30.41,-36.26,
2025-10-13,126,고금리(2022~),-37.15,-36.43,-31.1,-37.36,
2025-10-14,126,고금리(2022~),-38.3,-37.13,-33.24,-38.93,
2025-10-15,126,고금리(2022~),-37.81,-36.86,-32.17,-38.33,
2025-10-16,126,고금리(2022~),-38.04,-37.15,-34.54,-38.96,
2025-10-17,126,고금리(2022~),-37.6,-36.2,-32.49,-36.92,
2025-10-20,126,고금리(2022~),-35.42,-34.29,-29.43,-32.99,
2025-10-21,126,고금리(2022~),-37.54,-36.41,-34.4,-37.26,
2025-10-22,126,고금리(2022~),-37.87,-36.9,-33.56,-38.3,
2025-10-23,126,고금리(2022~),-37.86,-36.7,-33.62,-37.86,
2025-10-24,126,고금리(2022~),-36.98,-35.77,-33.55,-35.91,
2025-10-27,126,고금리(2022~),-32.65,-31.48,-27.09,-27.48,
2025-10-28,126,고금리(2022~),-33.73,-32.72,-33.64,-29.77,
2025-10-29,126,고금리(2022~),-34.08,-32.94,-33.91,-30.21,
2025-10-30,126,고금리(2022~),-34.25,-33.12,-34.24,-30.57,
2025-10-31,126,고금리(2022~),-33.57,-32.51,-29.12,-29.4,
2025-11-03,126,고금리(2022~),-31.84,-30.57,-26.52,-25.85,
2025-11-04,126,고금리(2022~),-28.52,-26.71,-21.95,-19.23,
2025-11-05,126,고금리(2022~),-30.48,-29.35,-23.4,-23.85,
2025-11-06,126,고금리(2022~),-31.86,-30.73,-24.16,-26.25,
2025-11-07,126,고금리(2022~),-30.4,-29.4,-23.53,-23.68,
2025-11-10,126,고금리(2022~),-28.31,-27.0,-20.39,-19.52,
2025-11-11,126,고금리(2022~),-27.57,-26.0,-19.75,-17.86,
2025-11-12,126,고금리(2022~),-22.32,-20.79,-15.26,-10.17,
2025-11-13,126,고금리(2022~),-25.35,-23.81,-16.67,-14.22,
2025-11-14,126,고금리(2022~),-31.96,-31.04,-26.85,-25.63,
2025-11-17,126,고금리(2022~),-32.28,-31.28,-25.97,-26.07,
2025-11-18,126,고금리(2022~),-32.15,-31.14,-25.25,-25.78,
2025-11-19,126,고금리(2022~),-31.89,-30.39,-27.85,-24.39,
2025-11-20,126,고금리(2022~),-28.64,-26.95,-23.06,-18.62,
2025-11-21,126,고금리(2022~),-29.52,-28.12,-24.86,-20.66,
2025-11-24,126,고금리(2022~),-29.15,-27.8,-25.92,-20.1,
2025-11-25,126,고금리(2022~),-32.14,-30.67,-25.73,-24.88,
2025-11-26,126,고금리(2022~),-26.17,-24.63,-26.13,-14.56,
2025-11-27,126,고금리(2022~),-18.53,-16.1,-19.68,-1.67,
2025-11-28,126,고금리(2022~),-19.82,-18.87,-20.01,-4.74,
2025-12-01,126,고금리(2022~),-18.0,-15.66,-11.71,-0.74,
2025-12-02,126,고금리(2022~),-23.71,-21.34,-15.33,-7.58,
2025-12-03,126,고금리(2022~),-25.27,-23.23,-16.06,-10.17,
2025-12-04,126,고금리(2022~),-26.86,-24.43,-15.65,-11.92,
2025-12-05,126,고금리(2022~),-25.74,-23.75,-14.88,-10.88,
2025-12-08,126,고금리(2022~),-26.71,-24.8,-15.83,-12.36,
2025-12-09,126,고금리(2022~),-24.65,-21.86,-11.97,-8.01,
2025-12-10,126,고금리(2022~),-21.55,-18.51,-8.77,-3.42,
2025-12-11,126,고금리(2022~),-24.08,-22.11,-13.65,-8.09,
2025-12-12,126,고금리(2022~),-17.8,-15.52,-5.84,1.17,
2025-12-15,126,고금리(2022~),-20.03,-18.38,-13.05,-2.19,
2025-12-16,126,고금리(2022~),-20.51,-17.84,-12.31,-1.48,
2025-12-17,126,고금리(2022~),-17.06,-15.5,-9.24,1.44,
2025-12-18,126,고금리(2022~),-26.25,-24.41,-19.32,-9.34,
2025-12-19,126,고금리(2022~),-24.41,-21.62,-14.89,-5.47,
2025-12-22,126,고금리(2022~),-24.02,-21.7,-14.98,-5.57,
2025-12-23,126,고금리(2022~),-19.15,-16.44,-11.53,1.65,
2025-12-24,126,고금리(2022~),-18.38,-15.97,-8.67,2.21,
2025-12-26,126,고금리(2022~),-14.82,-12.06,-12.01,6.62,
2025-12-29,126,고금리(2022~),-12.59,-9.59,-10.66,9.19,
2025-12-30,126,고금리(2022~),-7.85,-5.17,-6.76,13.76,
2026-01-02,126,고금리(2022~),-6.82,-4.93,0.55,13.96,
2026-01-05,126,고금리(2022~),-10.23,-8.09,-0.77,11.19,
2026-01-06,126,고금리(2022~),-6.03,-3.1,3.66,16.01,
2026-01-07,126,고금리(2022~),-4.39,-1.85,5.84,17.11,
2026-01-08,126,고금리(2022~),-11.56,-9.17,2.13,10.92,
2026-01-09,126,고금리(2022~),-5.98,-3.57,5.59,16.4,
2026-01-12,126,고금리(2022~),-0.17,3.01,12.03,22.15,
2026-01-13,126,고금리(2022~),-0.35,2.38,12.69,21.68,
2026-01-14,126,고금리(2022~),0.35,2.62,9.52,21.86,
2026-01-15,126,고금리(2022~),-6.28,-4.11,9.07,16.84,
2026-01-16,126,고금리(2022~),0.7,3.89,9.57,23.59,
2026-01-19,126,고금리(2022~),-1.6,0.89,9.58,21.42,
2026-01-20,126,고금리(2022~),7.32,9.42,18.12,28.1,
2026-01-21,126,고금리(2022~),8.53,11.72,11.08,29.75,
2026-01-22,126,고금리(2022~),17.4,20.84,20.43,35.12,
2026-01-23,126,고금리(2022~),5.88,12.75,19.36,31.16,
2026-01-26,126,고금리(2022~),14.94,18.19,32.24,33.82,
2026-01-27,126,고금리(2022~),10.26,13.82,36.81,31.51,
2026-01-28,126,고금리(2022~),17.32,20.45,39.52,34.98,
2026-01-29,126,고금리(2022~),19.67,24.32,45.1,36.95,
2026-01-30,126,고금리(2022~),16.67,20.41,38.28,34.86,
2026-02-02,126,고금리(2022~),1.32,4.88,21.94,25.52,
2026-02-03,126,고금리(2022~),5.98,9.39,31.76,28.48,
2026-02-04,126,고금리(2022~),5.94,9.36,29.13,28.46,
2026-02-05,126,고금리(2022~),1.09,3.54,19.98,24.32,
2026-02-06,126,고금리(2022~),-2.12,0.65,19.98,22.05,
2026-02-09,126,고금리(2022~),7.83,10.2,30.16,28.73,
2026-02-10,126,고금리(2022~),5.25,7.99,23.19,27.25,
2026-02-11,126,고금리(2022~),2.41,4.35,19.4,24.78,
2026-02-12,126,고금리(2022~),9.78,11.98,28.2,30.1,
2026-02-13,126,고금리(2022~),5.23,7.73,29.83,27.35,
2026-02-19,126,고금리(2022~),11.5,14.41,28.75,31.25,
2026-02-20,126,고금리(2022~),12.15,14.84,32.95,31.51,
2026-02-23,126,고금리(2022~),8.29,10.35,19.91,28.77,
2026-02-24,126,고금리(2022~),9.3,12.27,11.79,29.98,
2026-02-25,126,고금리(2022~),10.23,14.02,7.24,31.07,
2026-02-26,126,고금리(2022~),19.22,21.32,31.23,35.18,
2026-02-27,126,고금리(2022~),21.71,25.42,41.65,37.32,
2026-03-03,126,고금리(2022~),,,,,구간 끝이 데이터 범위를 넘음
2026-03-04,126,고금리(2022~),,,,,구간 끝이 데이터 범위를 넘음
2026-03-05,126,고금리(2022~),,,,,구간 끝이 데이터 범위를 넘음
2026-03-06,126,고금리(2022~),,,,,구간 끝이 데이터 범위를 넘음
2026-03-09,126,고금리(2022~),,,,,구간 끝이 데이터 범위를 넘음
2026-03-10,126,고금리(2022~),,,,,구간 끝이 데이터 범위를 넘음
2026-03-11,126,고금리(2022~),,,,,구간 끝이 데이터 범위를 넘음
2026-03-12,126,고금리(2022~),,,,,구간 끝이 데이터 범위를 넘음
2026-03-13,126,고금리(2022~),,,,,구간 끝이 데이터 범위를 넘음
2026-03-16,126,고금리(2022~),,,,,구간 끝이 데이터 범위를 넘음
2026-03-17,126,고금리(2022~),,,,,구간 끝이 데이터 범위를 넘음
2026-03-18,126,고금리(2022~),,,,,구간 끝이 데이터 범위를 넘음
2026-03-19,126,고금리(2022~),,,,,구간 끝이 데이터 범위를 넘음
2026-03-20,126,고금리(2022~),,,,,구간 끝이 데이터 범위를 넘음
2026-03-23,126,고금리(2022~),,,,,구간 끝이 데이터 범위를 넘음
2026-03-24,126,고금리(2022~),,,,,구간 끝이 데이터 범위를 넘음
2026-03-25,126,고금리(2022~),,,,,구간 끝이 데이터 범위를 넘음
2026-03-26,126,고금리(2022~),,,,,구간 끝이 데이터 범위를 넘음
2026-03-27,126,고금리(2022~),,,,,구간 끝이 데이터 범위를 넘음
2026-03-30,126,고금리(2022~),,,,,구간 끝이 데이터 범위를 넘음
2026-03-31,126,고금리(2022~),,,,,구간 끝이 데이터 범위를 넘음
2026-04-01,126,고금리(2022~),,,,,구간 끝이 데이터 범위를 넘음
2026-04-02,126,고금리(2022~),,,,,구간 끝이 데이터 범위를 넘음
2026-04-03,126,고금리(2022~),,,,,구간 끝이 데이터 범위를 넘음
2026-04-06,126,고금리(2022~),,,,,구간 끝이 데이터 범위를 넘음
2026-04-07,126,고금리(2022~),,,,,구간 끝이 데이터 범위를 넘음
2026-04-08,126,고금리(2022~),,,,,구간 끝이 데이터 범위를 넘음
2026-04-09,126,고금리(2022~),,,,,구간 끝이 데이터 범위를 넘음
2026-04-10,126,고금리(2022~),,,,,구간 끝이 데이터 범위를 넘음
2026-04-13,126,고금리(2022~),,,,,구간 끝이 데이터 범위를 넘음
2026-04-14,126,고금리(2022~),,,,,구간 끝이 데이터 범위를 넘음
2026-04-15,126,고금리(2022~),,,,,구간 끝이 데이터 범위를 넘음
2026-04-16,126,고금리(2022~),,,,,구간 끝이 데이터 범위를 넘음
2026-04-17,126,고금리(2022~),,,,,구간 끝이 데이터 범위를 넘음
2026-04-20,126,고금리(2022~),,,,,구간 끝이 데이터 범위를 넘음
2026-04-21,126,고금리(2022~),,,,,구간 끝이 데이터 범위를 넘음
2026-04-22,126,고금리(2022~),,,,,구간 끝이 데이터 범위를 넘음
2026-04-23,126,고금리(2022~),,,,,구간 끝이 데이터 범위를 넘음
2026-04-24,126,고금리(2022~),,,,,구간 끝이 데이터 범위를 넘음
2026-04-27,126,고금리(2022~),,,,,구간 끝이 데이터 범위를 넘음
2026-04-28,126,고금리(2022~),,,,,구간 끝이 데이터 범위를 넘음
2026-04-29,126,고금리(2022~),,,,,구간 끝이 데이터 범위를 넘음
2026-04-30,126,고금리(2022~),,,,,구간 끝이 데이터 범위를 넘음
2026-05-04,126,고금리(2022~),,,,,구간 끝이 데이터 범위를 넘음
2026-05-06,126,고금리(2022~),,,,,구간 끝이 데이터 범위를 넘음
2026-05-07,126,고금리(2022~),,,,,구간 끝이 데이터 범위를 넘음
2026-05-08,126,고금리(2022~),,,,,구간 끝이 데이터 범위를 넘음
2026-05-11,126,고금리(2022~),,,,,구간 끝이 데이터 범위를 넘음
2026-05-12,126,고금리(2022~),,,,,구간 끝이 데이터 범위를 넘음
2026-05-13,126,고금리(2022~),,,,,구간 끝이 데이터 범위를 넘음
2026-05-14,126,고금리(2022~),,,,,구간 끝이 데이터 범위를 넘음
2026-05-15,126,고금리(2022~),,,,,구간 끝이 데이터 범위를 넘음
2026-05-18,126,고금리(2022~),,,,,구간 끝이 데이터 범위를 넘음
2026-05-19,126,고금리(2022~),,,,,구간 끝이 데이터 범위를 넘음
2026-05-20,126,고금리(2022~),,,,,구간 끝이 데이터 범위를 넘음
2026-05-21,126,고금리(2022~),,,,,구간 끝이 데이터 범위를 넘음
2026-05-22,126,고금리(2022~),,,,,구간 끝이 데이터 범위를 넘음
2026-05-26,126,고금리(2022~),,,,,구간 끝이 데이터 범위를 넘음
2026-05-27,126,고금리(2022~),,,,,구간 끝이 데이터 범위를 넘음
2026-05-28,126,고금리(2022~),,,,,구간 끝이 데이터 범위를 넘음
2026-05-29,126,고금리(2022~),,,,,구간 끝이 데이터 범위를 넘음
2026-06-01,126,고금리(2022~),,,,,구간 끝이 데이터 범위를 넘음
2026-06-02,126,고금리(2022~),,,,,구간 끝이 데이터 범위를 넘음
2026-06-04,126,고금리(2022~),,,,,구간 끝이 데이터 범위를 넘음
2026-06-05,126,고금리(2022~),,,,,구간 끝이 데이터 범위를 넘음
2026-06-08,126,고금리(2022~),,,,,구간 끝이 데이터 범위를 넘음
2026-06-09,126,고금리(2022~),,,,,구간 끝이 데이터 범위를 넘음
2026-06-10,126,고금리(2022~),,,,,구간 끝이 데이터 범위를 넘음
2026-06-11,126,고금리(2022~),,,,,구간 끝이 데이터 범위를 넘음
2026-06-12,126,고금리(2022~),,,,,구간 끝이 데이터 범위를 넘음
2026-06-15,126,고금리(2022~),,,,,구간 끝이 데이터 범위를 넘음
2026-06-16,126,고금리(2022~),,,,,구간 끝이 데이터 범위를 넘음
2026-06-17,126,고금리(2022~),,,,,구간 끝이 데이터 범위를 넘음
2026-06-18,126,고금리(2022~),,,,,구간 끝이 데이터 범위를 넘음
2026-06-19,126,고금리(2022~),,,,,구간 끝이 데이터 범위를 넘음
2026-06-22,126,고금리(2022~),,,,,구간 끝이 데이터 범위를 넘음
2026-06-23,126,고금리(2022~),,,,,구간 끝이 데이터 범위를 넘음
2026-06-24,126,고금리(2022~),,,,,구간 끝이 데이터 범위를 넘음
2026-06-25,126,고금리(2022~),,,,,구간 끝이 데이터 범위를 넘음
2026-06-26,126,고금리(2022~),,,,,구간 끝이 데이터 범위를 넘음
2026-06-29,126,고금리(2022~),,,,,구간 끝이 데이터 범위를 넘음
2026-06-30,126,고금리(2022~),,,,,구간 끝이 데이터 범위를 넘음
2026-07-01,126,고금리(2022~),,,,,구간 끝이 데이터 범위를 넘음
2026-07-02,126,고금리(2022~),,,,,구간 끝이 데이터 범위를 넘음
2026-07-03,126,고금리(2022~),,,,,구간 끝이 데이터 범위를 넘음
2026-07-06,126,고금리(2022~),,,,,구간 끝이 데이터 범위를 넘음
2026-07-07,126,고금리(2022~),,,,,구간 끝이 데이터 범위를 넘음
2026-07-08,126,고금리(2022~),,,,,구간 끝이 데이터 범위를 넘음
2026-07-09,126,고금리(2022~),,,,,구간 끝이 데이터 범위를 넘음
2026-07-10,126,고금리(2022~),,,,,구간 끝이 데이터 범위를 넘음
2026-07-13,126,고금리(2022~),,,,,구간 끝이 데이터 범위를 넘음
2026-07-14,126,고금리(2022~),,,,,구간 끝이 데이터 범위를 넘음
2026-07-15,126,고금리(2022~),,,,,구간 끝이 데이터 범위를 넘음
2026-07-16,126,고금리(2022~),,,,,구간 끝이 데이터 범위를 넘음
2026-07-20,126,고금리(2022~),,,,,구간 끝이 데이터 범위를 넘음
2026-07-21,126,고금리(2022~),,,,,구간 끝이 데이터 범위를 넘음
2026-07-22,126,고금리(2022~),,,,,구간 끝이 데이터 범위를 넘음
2026-07-23,126,고금리(2022~),,,,,구간 끝이 데이터 범위를 넘음
2026-07-24,126,고금리(2022~),,,,,구간 끝이 데이터 범위를 넘음
2026-07-27,126,고금리(2022~),,,,,구간 끝이 데이터 범위를 넘음
2026-07-28,126,고금리(2022~),,,,,구간 끝이 데이터 범위를 넘음
2026-07-29,126,고금리(2022~),,,,,구간 끝이 데이터 범위를 넘음
2026-07-30,126,고금리(2022~),,,,,구간 끝이 데이터 범위를 넘음
2026-07-31,126,고금리(2022~),,,,,구간 끝이 데이터 범위를 넘음
2026-08-03,126,고금리(2022~),,,,,구간 끝이 데이터 범위를 넘음
2026-08-04,126,고금리(2022~),,,,,구간 끝이 데이터 범위를 넘음
2026-08-05,126,고금리(2022~),,,,,구간 끝이 데이터 범위를 넘음
2026-08-06,126,고금리(2022~),,,,,구간 끝이 데이터 범위를 넘음
2026-08-07,126,고금리(2022~),,,,,구간 끝이 데이터 범위를 넘음
2026-08-10,126,고금리(2022~),,,,,구간 끝이 데이터 범위를 넘음
2026-08-11,126,고금리(2022~),,,,,구간 끝이 데이터 범위를 넘음
2026-08-12,126,고금리(2022~),,,,,구간 끝이 데이터 범위를 넘음
2026-08-13,126,고금리(2022~),,,,,구간 끝이 데이터 범위를 넘음
2026-08-14,126,고금리(2022~),,,,,구간 끝이 데이터 범위를 넘음
2026-08-18,126,고금리(2022~),,,,,구간 끝이 데이터 범위를 넘음
2026-08-19,126,고금리(2022~),,,,,구간 끝이 데이터 범위를 넘음
2026-08-20,126,고금리(2022~),,,,,구간 끝이 데이터 범위를 넘음
2026-08-21,126,고금리(2022~),,,,,구간 끝이 데이터 범위를 넘음
2026-08-24,126,고금리(2022~),,,,,구간 끝이 데이터 범위를 넘음
2026-08-25,126,고금리(2022~),,,,,구간 끝이 데이터 범위를 넘음
2026-08-26,126,고금리(2022~),,,,,구간 끝이 데이터 범위를 넘음
2026-08-27,126,고금리(2022~),,,,,구간 끝이 데이터 범위를 넘음
2026-08-28,126,고금리(2022~),,,,,구간 끝이 데이터 범위를 넘음
2026-08-31,126,고금리(2022~),,,,,구간 끝이 데이터 범위를 넘음
2026-09-01,126,고금리(2022~),,,,,구간 끝이 데이터 범위를 넘음
2026-09-02,126,고금리(2022~),,,,,구간 끝이 데이터 범위를 넘음
2016-08-10,252,저금리(~2021),-3.34,-4.54,-3.01,-1.78,
2016-08-11,252,저금리(~2021),-4.14,-5.68,-4.44,-3.04,
2016-08-12,252,저금리(~2021),-4.66,-5.48,-4.03,-2.82,
2016-08-16,252,저금리(~2021),-4.59,-5.84,-4.3,-3.21,
2016-08-17,252,저금리(~2021),-5.56,-7.46,-5.89,-5.02,
2016-08-18,252,저금리(~2021),-5.21,-6.98,-5.72,-4.49,
2016-08-19,252,저금리(~2021),-5.82,-7.47,-6.04,-5.03,
2016-08-22,252,저금리(~2021),-6.85,-8.43,-7.21,-6.15,
2016-08-23,252,저금리(~2021),-6.79,-8.18,-7.03,-5.86,
2016-08-24,252,저금리(~2021),-7.39,-8.77,-7.51,-6.53,
2016-08-25,252,저금리(~2021),-8.64,-9.95,-8.82,-7.93,
2016-08-26,252,저금리(~2021),-7.57,-8.49,-7.72,-6.18,
2016-08-29,252,저금리(~2021),-9.93,-11.34,-10.45,-9.68,
2016-08-30,252,저금리(~2021),-9.97,-11.76,-11.06,-10.2,
2016-08-31,252,저금리(~2021),-11.32,-12.26,-12.14,-10.82,
2016-09-01,252,저금리(~2021),-9.17,-10.1,-10.35,-8.2,
2016-09-02,252,저금리(~2021),-8.93,-10.43,-10.46,-8.59,
2016-09-05,252,저금리(~2021),-9.3,-10.62,-11.23,-8.83,
2016-09-06,252,저금리(~2021),-9.55,-10.84,-10.55,-9.09,
2016-09-07,252,저금리(~2021),-11.72,-13.42,-12.42,-12.3,
2016-09-08,252,저금리(~2021),-12.62,-15.17,-14.42,-14.55,
2016-09-09,252,저금리(~2021),-14.33,-16.95,-16.23,-17.02,
2016-09-12,252,저금리(~2021),-16.1,-18.51,-18.07,-19.31,
2016-09-13,252,저금리(~2021),-15.14,-17.12,-16.23,-17.31,
2016-09-19,252,저금리(~2021),-12.89,-14.59,-13.71,-13.88,
2016-09-20,252,저금리(~2021),-11.24,-13.28,-12.15,-12.15,
2016-09-21,252,저금리(~2021),-10.96,-13.54,-12.74,-12.49,
2016-09-22,252,저금리(~2021),-10.19,-12.82,-11.82,-11.56,
2016-09-23,252,저금리(~2021),-11.09,-13.81,-13.11,-12.84,
2016-09-26,252,저금리(~2021),-10.83,-13.41,-12.68,-12.3,
2016-09-27,252,저금리(~2021),-10.87,-13.49,-12.62,-12.4,
2016-09-28,252,저금리(~2021),-12.36,-14.96,-14.24,-14.35,
2016-09-29,252,저금리(~2021),-12.65,-15.57,-15.61,-15.16,
2016-09-30,252,저금리(~2021),-15.12,-17.76,-17.65,-18.29,
2016-10-04,252,저금리(~2021),-14.48,-16.91,-16.81,-17.11,
2016-10-05,252,저금리(~2021),-15.42,-17.81,-18.36,-18.37,
2016-10-06,252,저금리(~2021),-18.4,-20.57,-21.95,-22.4,
2016-10-07,252,저금리(~2021),-19.83,-21.82,-22.73,-24.4,
2016-10-10,252,저금리(~2021),-18.94,-20.86,-22.11,-22.88,
2016-10-11,252,저금리(~2021),-20.15,-22.49,-23.27,-25.44,
2016-10-12,252,저금리(~2021),-20.91,-22.97,-22.88,-26.22,
2016-10-13,252,저금리(~2021),-23.65,-25.82,-25.93,-30.99,
2016-10-14,252,저금리(~2021),-23.6,-25.22,-25.26,-29.95,
2016-10-17,252,저금리(~2021),-22.09,-24.47,-24.44,-28.62,
2016-10-18,252,저금리(~2021),-23.35,-25.38,-25.39,-30.13,
2016-10-19,252,저금리(~2021),-23.1,-25.04,-25.21,-29.55,
2016-10-20,252,저금리(~2021),-24.18,-26.11,-26.38,-31.43,
2016-10-21,252,저금리(~2021),-24.94,-26.78,-27.06,-32.65,
2016-10-24,252,저금리(~2021),-25.47,-27.24,-27.2,-33.49,
2016-10-25,252,저금리(~2021),-27.26,-29.1,-29.37,-36.95,
2016-10-26,252,저금리(~2021),-27.42,-28.9,-29.42,-36.57,
2016-10-27,252,저금리(~2021),-24.78,-26.81,-27.23,-32.75,
2016-10-28,252,저금리(~2021),-27.42,-29.55,-30.23,-37.91,
2016-10-31,252,저금리(~2021),-28.54,-30.34,-31.13,-39.51,
2016-11-01,252,저금리(~2021),-29.41,-31.16,-32.28,-41.13,
2016-11-02,252,저금리(~2021),-34.0,-35.6,-37.17,-50.75,
2016-11-03,252,저금리(~2021),-36.0,-37.45,-40.34,-54.99,
2016-11-04,252,저금리(~2021),-37.71,-39.45,-43.16,-59.91,
2016-11-07,252,저금리(~2021),-37.77,-39.32,-43.21,-59.56,
2016-11-08,252,저금리(~2021),-37.1,-38.46,-42.36,-57.3,
2016-11-09,252,저금리(~2021),-40.52,-42.78,-46.45,-69.33,
2016-11-10,252,저금리(~2021),-37.84,-39.62,-42.78,-60.8,
2016-11-11,252,저금리(~2021),-37.13,-38.89,-40.76,-58.82,
2016-11-14,252,저금리(~2021),-39.54,-41.12,-43.59,-64.7,
2016-11-15,252,저금리(~2021),-39.04,-40.46,-42.62,-62.79,
2016-11-16,252,저금리(~2021),-37.54,-39.11,-40.96,-59.28,
2016-11-17,252,저금리(~2021),-35.39,-36.96,-37.92,-53.62,
2016-11-18,252,저금리(~2021),-37.03,-38.45,-39.65,-57.33,
2016-11-21,252,저금리(~2021),-37.17,-38.68,-39.58,-57.93,
2016-11-22,252,저금리(~2021),-38.8,-39.98,-41.21,-61.23,
2016-11-23,252,저금리(~2021),-38.8,-40.08,-40.96,-61.49,
2016-11-24,252,저금리(~2021),-38.0,-39.51,-40.14,-59.91,
2016-11-25,252,저금리(~2021),-36.84,-38.14,-38.4,-56.36,
2016-11-28,252,저금리(~2021),-36.22,-37.73,-37.9,-55.28,
2016-11-29,252,저금리(~2021),-35.37,-36.52,-36.89,-52.31,
2016-11-30,252,저금리(~2021),-37.35,-39.08,-39.77,-58.48,
2016-12-01,252,저금리(~2021),-37.0,-38.75,-39.85,-57.62,
2016-12-02,252,저금리(~2021),-38.82,-40.43,-42.76,-62.1,
2016-12-05,252,저금리(~2021),-39.5,-40.55,-43.92,-62.42,
2016-12-06,252,저금리(~2021),-38.85,-40.14,-43.76,-61.34,
2016-12-07,252,저금리(~2021),-38.68,-39.71,-43.25,-60.17,
2016-12-08,252,저금리(~2021),-38.08,-39.15,-43.28,-58.71,
2016-12-09,252,저금리(~2021),-35.96,-36.31,-39.83,-51.71,
2016-12-12,252,저금리(~2021),-33.66,-34.14,-36.43,-46.67,
2016-12-13,252,저금리(~2021),-35.66,-36.36,-39.13,-51.52,
2016-12-14,252,저금리(~2021),-36.38,-37.21,-39.28,-53.54,
2016-12-15,252,저금리(~2021),-39.16,-39.92,-41.24,-60.04,
2016-12-16,252,저금리(~2021),-39.64,-40.13,-40.74,-60.61,
2016-12-19,252,저금리(~2021),-40.65,-41.09,-41.93,-63.16,
2016-12-20,252,저금리(~2021),-42.22,-43.1,-43.88,-68.89,
2016-12-21,252,저금리(~2021),-40.78,-41.62,-42.4,-64.48,
2016-12-22,252,저금리(~2021),-43.39,-44.16,-44.74,-71.67,
2016-12-23,252,저금리(~2021),-44.22,-44.74,-45.56,-73.42,
2016-12-26,252,저금리(~2021),-43.68,-44.22,-44.73,-71.78,
2016-12-27,252,저금리(~2021),-43.54,-44.17,-45.06,-71.63,
2016-12-28,252,저금리(~2021),-44.61,-44.9,-46.94,-73.77,
2016-12-29,252,저금리(~2021),-46.96,-47.77,-50.25,-82.82,
2017-01-02,252,저금리(~2021),-49.23,-49.67,-53.61,-89.6,
2017-01-03,252,저금리(~2021),-49.13,-49.82,-54.57,-90.15,
2017-01-04,252,저금리(~2021),-47.43,-48.02,-52.98,-83.44,
2017-01-05,252,저금리(~2021),-48.04,-48.91,-54.38,-86.58,
2017-01-06,252,저금리(~2021),-46.13,-46.89,-51.49,-79.18,
2017-01-09,252,저금리(~2021),-46.04,-46.7,-51.54,-78.51,
2017-01-10,252,저금리(~2021),-48.41,-49.84,-55.79,-89.35,
2017-01-11,252,저금리(~2021),-47.83,-48.42,-53.64,-84.11,
2017-01-12,252,저금리(~2021),-48.39,-48.85,-53.05,-85.68,
2017-01-13,252,저금리(~2021),-48.67,-49.46,-53.32,-87.86,
2017-01-16,252,저금리(~2021),-50.25,-51.0,-53.55,-93.67,
2017-01-17,252,저금리(~2021),-50.25,-50.97,-52.65,-93.56,
2017-01-18,252,저금리(~2021),-49.22,-49.88,-51.16,-89.32,
2017-01-19,252,저금리(~2021),-48.58,-49.1,-49.72,-86.32,
2017-01-20,252,저금리(~2021),-48.59,-49.63,-50.78,-88.28,
2017-01-23,252,저금리(~2021),-46.14,-46.71,-46.55,-77.25,
2017-01-24,252,저금리(~2021),-46.95,-47.82,-47.87,-81.0,
2017-01-25,252,저금리(~2021),-44.62,-45.34,-44.9,-72.31,
2017-01-26,252,저금리(~2021),-46.88,-46.99,-46.86,-77.36,
2017-01-31,252,저금리(~2021),-45.13,-45.87,-46.88,-73.59,
2017-02-01,252,저금리(~2021),-44.49,-45.13,-47.22,-71.28,
2017-02-02,252,저금리(~2021),-43.7,-44.08,-48.57,-67.91,
2017-02-03,252,저금리(~2021),-45.78,-46.68,-51.36,-75.75,
2017-02-06,252,저금리(~2021),-47.36,-48.31,-52.39,-81.01,
2017-02-07,252,저금리(~2021),-46.55,-47.52,-52.47,-78.21,
2017-02-08,252,저금리(~2021),-47.33,-48.3,-51.91,-80.83,
2017-02-09,252,저금리(~2021),-47.01,-47.42,-51.34,-77.76,
2017-02-10,252,저금리(~2021),-47.35,-48.0,-53.57,-79.72,
2017-02-13,252,저금리(~2021),-47.15,-48.01,-52.58,-79.78,
2017-02-14,252,저금리(~2021),-47.09,-48.08,-51.64,-80.02,
2017-02-15,252,저금리(~2021),-45.34,-46.24,-49.85,-73.79,
2017-02-16,252,저금리(~2021),-45.94,-46.68,-49.08,-75.23,
2017-02-17,252,저금리(~2021),-44.77,-45.4,-46.96,-71.01,
2017-02-20,252,저금리(~2021),-45.9,-46.89,-47.57,-75.68,
2017-02-21,252,저금리(~2021),-44.17,-45.2,-45.17,-70.14,
2017-02-22,252,저금리(~2021),-45.25,-46.19,-46.61,-73.18,
2017-02-23,252,저금리(~2021),-46.17,-47.3,-46.41,-76.83,
2017-02-24,252,저금리(~2021),-47.72,-48.93,-48.27,-82.3,
2017-02-27,252,저금리(~2021),-47.89,-48.82,-48.15,-81.88,
2017-02-28,252,저금리(~2021),-47.8,-48.78,-48.21,-81.74,
2017-03-02,252,저금리(~2021),-48.2,-49.25,-49.98,-83.45,
2017-03-03,252,저금리(~2021),-49.09,-50.02,-51.71,-86.29,
2017-03-06,252,저금리(~2021),-47.71,-48.41,-52.44,-80.36,
2017-03-07,252,저금리(~2021),-48.6,-49.63,-53.87,-84.64,
2017-03-08,252,저금리(~2021),-48.54,-49.3,-53.02,-83.4,
2017-03-09,252,저금리(~2021),-47.42,-48.17,-52.76,-79.3,
2017-03-10,252,저금리(~2021),-42.86,-43.86,-47.54,-64.96,
2017-03-13,252,저금리(~2021),-45.37,-47.13,-50.48,-74.66,
2017-03-14,252,저금리(~2021),-45.63,-46.96,-52.09,-74.08,
2017-03-15,252,저금리(~2021),-45.73,-47.45,-51.55,-75.77,
2017-03-16,252,저금리(~2021),-46.79,-47.57,-50.58,-76.16,
2017-03-17,252,저금리(~2021),-47.06,-48.12,-51.04,-78.02,
2017-03-20,252,저금리(~2021),-46.96,-47.74,-49.49,-76.71,
2017-03-21,252,저금리(~2021),-46.95,-48.17,-49.12,-78.17,
2017-03-22,252,저금리(~2021),-46.56,-47.72,-47.83,-76.6,
2017-03-23,252,저금리(~2021),-47.12,-48.42,-47.89,-78.95,
2017-03-24,252,저금리(~2021),-46.9,-48.2,-48.1,-78.22,
2017-03-27,252,저금리(~2021),-47.24,-48.46,-47.09,-79.11,
2017-03-28,252,저금리(~2021),-46.91,-47.95,-46.87,-77.37,
2017-03-29,252,저금리(~2021),-47.03,-47.89,-46.8,-77.17,
2017-03-30,252,저금리(~2021),-46.16,-47.32,-46.33,-75.2,
2017-03-31,252,저금리(~2021),-46.08,-47.4,-47.74,-75.48,
2017-04-03,252,저금리(~2021),-45.31,-46.21,-47.54,-71.65,
2017-04-04,252,저금리(~2021),-45.44,-46.38,-50.13,-72.21,
2017-04-05,252,저금리(~2021),-44.68,-45.9,-50.07,-70.67,
2017-04-06,252,저금리(~2021),-43.42,-44.66,-48.31,-66.82,
2017-04-07,252,저금리(~2021),-43.43,-44.73,-49.16,-67.02,
2017-04-10,252,저금리(~2021),-43.97,-44.87,-48.35,-67.47,
2017-04-11,252,저금리(~2021),-42.66,-43.55,-47.16,-63.51,
2017-04-12,252,저금리(~2021),-42.59,-43.76,-49.2,-64.1,
2017-04-13,252,저금리(~2021),-43.08,-44.49,-48.67,-66.23,
2017-04-14,252,저금리(~2021),-44.49,-45.76,-48.8,-70.09,
2017-04-17,252,저금리(~2021),-42.4,-43.44,-46.49,-63.03,
2017-04-18,252,저금리(~2021),-41.52,-42.45,-44.22,-60.21,
2017-04-19,252,저금리(~2021),-40.77,-41.89,-42.93,-58.64,
2017-04-20,252,저금리(~2021),-39.35,-40.48,-40.65,-54.77,
2017-04-21,252,저금리(~2021),-36.83,-37.26,-37.36,-46.43,
2017-04-24,252,저금리(~2021),-40.2,-41.49,-41.24,-56.47,
2017-04-25,252,저금리(~2021),-39.32,-40.7,-39.07,-54.41,
2017-04-26,252,저금리(~2021),-39.89,-41.11,-39.72,-55.45,
2017-04-27,252,저금리(~2021),-39.07,-40.3,-39.15,-53.28,
2017-04-28,252,저금리(~2021),-39.88,-40.98,-39.75,-55.04,
2017-05-02,252,저금리(~2021),-39.6,-40.72,-41.12,-54.34,
2017-05-04,252,저금리(~2021),-39.0,-40.48,-41.8,-53.74,
2017-05-08,252,저금리(~2021),-38.68,-40.03,-43.9,-52.62,
2017-05-10,252,저금리(~2021),-38.81,-40.22,-44.53,-53.11,
2017-05-11,252,저금리(~2021),-38.2,-39.56,-43.13,-51.45,
2017-05-12,252,저금리(~2021),-39.78,-40.82,-45.15,-54.68,
2017-05-15,252,저금리(~2021),-39.97,-41.39,-44.44,-56.16,
2017-05-16,252,저금리(~2021),-40.87,-41.89,-45.03,-57.5,
2017-05-17,252,저금리(~2021),-39.35,-40.69,-45.85,-54.25,
2017-05-18,252,저금리(~2021),-40.7,-42.07,-45.9,-57.88,
2017-05-19,252,저금리(~2021),-40.68,-42.07,-44.78,-57.88,
2017-05-22,252,저금리(~2021),-40.65,-41.99,-44.62,-57.65,
2017-05-23,252,저금리(~2021),-39.64,-41.46,-42.76,-56.22,
2017-05-24,252,저금리(~2021),-39.31,-40.61,-41.14,-53.99,
2017-05-25,252,저금리(~2021),-40.44,-41.58,-41.37,-56.52,
2017-05-26,252,저금리(~2021),-39.23,-40.52,-40.71,-53.69,
2017-05-29,252,저금리(~2021),-39.78,-40.99,-40.6,-54.9,
2017-05-30,252,저금리(~2021),-39.38,-40.92,-39.2,-54.72,
2017-05-31,252,저금리(~2021),-38.03,-39.51,-37.87,-51.08,
2017-06-01,252,저금리(~2021),-37.85,-40.0,-38.72,-52.31,
2017-06-02,252,저금리(~2021),-35.47,-37.45,-35.72,-45.97,
2017-06-05,252,저금리(~2021),-32.85,-34.57,-34.49,-39.36,
2017-06-07,252,저금리(~2021),-35.0,-36.92,-37.78,-44.33,
2017-06-08,252,저금리(~2021),-33.09,-34.72,-38.49,-39.4,
2017-06-09,252,저금리(~2021),-33.6,-35.48,-39.55,-41.01,
2017-06-12,252,저금리(~2021),-35.28,-36.94,-40.26,-44.32,
2017-06-13,252,저금리(~2021),-34.21,-35.76,-40.01,-41.7,
2017-06-14,252,저금리(~2021),-33.53,-34.72,-37.74,-39.41,
2017-06-15,252,저금리(~2021),-32.18,-33.66,-37.04,-37.14,
2017-06-16,252,저금리(~2021),-33.18,-34.81,-40.02,-39.52,
2017-06-19,252,저금리(~2021),-29.9,-31.69,-35.94,-32.92,
2017-06-20,252,저금리(~2021),-30.95,-33.17,-35.9,-35.83,
2017-06-21,252,저금리(~2021),-31.17,-33.14,-35.77,-35.77,
2017-06-22,252,저금리(~2021),-31.69,-33.68,-34.75,-36.87,
2017-06-23,252,저금리(~2021),-33.09,-34.5,-34.47,-38.54,
2017-06-26,252,저금리(~2021),-32.98,-34.73,-33.94,-39.03,
2017-06-27,252,저금리(~2021),-32.45,-34.03,-33.57,-37.56,
2017-06-28,252,저금리(~2021),-31.67,-33.51,-32.64,-36.43,
2017-06-29,252,저금리(~2021),-32.63,-33.98,-31.52,-37.39,
2017-06-30,252,저금리(~2021),-33.28,-35.02,-32.63,-39.54,
2017-07-03,252,저금리(~2021),-33.63,-35.08,-33.23,-39.69,
2017-07-04,252,저금리(~2021),-33.0,-34.52,-32.26,-38.45,
2017-07-05,252,저금리(~2021),-31.88,-33.63,-33.14,-36.59,
2017-07-06,252,저금리(~2021),-30.36,-31.67,-32.55,-32.61,
2017-07-07,252,저금리(~2021),-29.88,-31.39,-35.21,-32.05,
2017-07-10,252,저금리(~2021),-26.71,-28.64,-33.53,-26.69,
2017-07-11,252,저금리(~2021),-26.95,-28.36,-32.67,-26.19,
2017-07-12,252,저금리(~2021),-26.09,-28.12,-33.51,-25.74,
2017-07-13,252,저금리(~2021),-27.76,-29.02,-32.45,-27.29,
2017-07-14,252,저금리(~2021),-28.01,-29.75,-33.2,-28.6,
2017-07-17,252,저금리(~2021),-25.88,-27.61,-33.67,-24.8,
2017-07-18,252,저금리(~2021),-26.78,-28.77,-32.99,-26.78,
2017-07-19,252,저금리(~2021),-28.09,-29.31,-31.96,-27.71,
2017-07-20,252,저금리(~2021),-25.62,-27.81,-30.5,-25.02,
2017-07-21,252,저금리(~2021),-27.2,-28.93,-29.77,-26.96,
2017-07-24,252,저금리(~2021),-25.81,-27.53,-27.57,-24.47,
2017-07-25,252,저금리(~2021),-27.52,-29.4,-28.58,-27.77,
2017-07-26,252,저금리(~2021),-26.84,-28.57,-28.1,-26.3,
2017-07-27,252,저금리(~2021),-27.73,-29.55,-28.33,-28.03,
2017-07-28,252,저금리(~2021),-28.7,-30.32,-27.7,-29.49,
2017-07-31,252,저금리(~2021),-26.06,-28.31,-26.14,-25.75,
2017-08-01,252,저금리(~2021),-26.96,-28.59,-26.88,-26.26,
2017-08-02,252,저금리(~2021),-26.32,-28.09,-25.78,-25.38,
2017-08-03,252,저금리(~2021),-29.82,-31.3,-30.66,-31.29,
2017-08-04,252,저금리(~2021),-29.41,-30.67,-31.33,-30.07,
2017-08-07,252,저금리(~2021),-30.84,-32.18,-35.58,-32.83,
2017-08-08,252,저금리(~2021),-29.85,-31.45,-35.98,-31.4,
2017-08-09,252,저금리(~2021),-31.44,-33.05,-37.0,-34.52,
2017-08-10,252,저금리(~2021),-32.44,-34.03,-39.18,-36.51,
2017-08-11,252,저금리(~2021),-34.51,-36.08,-39.24,-40.93,
2017-08-14,252,저금리(~2021),-33.37,-34.6,-37.74,-37.73,
2017-08-16,252,저금리(~2021),-32.99,-34.4,-40.04,-37.31,
2017-08-17,252,저금리(~2021),-32.11,-33.66,-37.65,-35.82,
2017-08-18,252,저금리(~2021),-33.79,-35.36,-37.8,-39.31,
2017-08-21,252,저금리(~2021),-34.03,-35.52,-38.07,-39.66,
2017-08-22,252,저금리(~2021),-34.56,-36.26,-37.2,-41.24,
2017-08-23,252,저금리(~2021),-33.59,-35.08,-35.3,-38.64,
2017-08-24,252,저금리(~2021),-32.77,-34.29,-33.62,-36.97,
2017-08-25,252,저금리(~2021),-32.65,-34.02,-33.69,-36.41,
2017-08-28,252,저금리(~2021),-32.16,-33.55,-32.42,-35.44,
2017-08-29,252,저금리(~2021),-32.91,-34.36,-32.09,-37.1,
2017-08-30,252,저금리(~2021),-33.81,-35.57,-34.54,-39.64,
2017-08-31,252,저금리(~2021),-33.65,-35.03,-34.3,-38.48,
2017-09-01,252,저금리(~2021),-33.98,-35.5,-34.53,-39.48,
2017-09-04,252,저금리(~2021),-34.63,-36.05,-35.98,-40.71,
2017-09-05,252,저금리(~2021),-34.98,-36.48,-37.88,-41.64,
2017-09-06,252,저금리(~2021),-34.3,-35.31,-38.85,-39.11,
2017-09-07,252,저금리(~2021),-33.06,-34.43,-39.02,-37.23,
2017-09-08,252,저금리(~2021),-33.62,-35.3,-39.31,-39.06,
2017-09-11,252,저금리(~2021),-34.18,-35.49,-40.65,-39.47,
2017-09-12,252,저금리(~2021),-32.68,-34.23,-37.13,-36.76,
2017-09-13,252,저금리(~2021),-32.39,-34.17,-37.17,-36.63,
2017-09-14,252,저금리(~2021),-28.87,-30.15,-35.67,-28.64,
2017-09-15,252,저금리(~2021),-26.98,-27.95,-31.66,-24.77,
2017-09-18,252,저금리(~2021),-24.56,-25.93,-28.06,-21.33,
2017-09-19,252,저금리(~2021),-23.64,-25.01,-27.34,-19.82,
2017-09-20,252,저금리(~2021),-23.22,-24.6,-25.63,-19.16,
2017-09-21,252,저금리(~2021),-20.37,-21.97,-22.41,-14.93,
2017-09-22,252,저금리(~2021),-24.27,-25.85,-24.83,-20.77,
2017-09-25,252,저금리(~2021),-21.92,-23.47,-23.01,-16.97,
2017-09-26,252,저금리(~2021),-22.81,-24.21,-22.73,-18.09,
2017-09-27,252,저금리(~2021),-22.96,-24.45,-21.51,-18.45,
2017-09-28,252,저금리(~2021),-22.16,-23.71,-22.7,-17.28,
2017-09-29,252,저금리(~2021),-23.55,-25.02,-24.1,-19.27,
2017-10-10,252,저금리(~2021),-23.61,-24.84,-23.71,-18.99,
2017-10-11,252,저금리(~2021),-20.11,-21.36,-21.19,-13.61,
2017-10-12,252,저금리(~2021),-17.24,-18.93,-21.27,-10.12,
2017-10-13,252,저금리(~2021),-16.06,-17.47,-22.91,-8.15,
2017-10-16,252,저금리(~2021),-12.97,-13.61,-20.99,-3.2,
2017-10-17,252,저금리(~2021),-7.38,-8.63,-16.09,2.44,
2017-10-18,252,저금리(~2021),-9.25,-10.9,-19.66,0.0,
2017-10-19,252,저금리(~2021),-8.45,-10.44,-16.18,0.53,
2017-10-20,252,저금리(~2021),-7.51,-9.11,-14.6,1.96,
2017-10-23,252,저금리(~2021),-12.33,-13.74,-19.89,-2.97,
2017-10-24,252,저금리(~2021),-10.09,-11.87,-15.43,-0.86,
2017-10-25,252,저금리(~2021),-9.73,-11.76,-13.24,-0.74,
2017-10-26,252,저금리(~2021),-10.25,-11.53,-13.67,-0.46,
2017-10-27,252,저금리(~2021),-9.23,-11.14,-10.77,-0.04,
2017-10-30,252,저금리(~2021),-7.24,-8.5,-7.09,2.92,
2017-10-31,252,저금리(~2021),-3.54,-5.23,-2.59,6.36,
2017-11-01,252,저금리(~2021),-3.73,-5.05,-3.02,6.54,
2017-11-02,252,저금리(~2021),-3.55,-5.84,-2.67,5.76,
2017-11-03,252,저금리(~2021),-4.83,-6.72,-1.27,4.91,
2017-11-06,252,저금리(~2021),-5.51,-7.89,-4.23,3.72,
2017-11-07,252,저금리(~2021),-9.02,-10.11,-6.88,1.38,
2017-11-08,252,저금리(~2021),-4.64,-6.27,-2.72,5.43,
2017-11-09,252,저금리(~2021),-5.87,-7.92,-5.64,3.76,
2017-11-10,252,저금리(~2021),-4.25,-5.61,-5.8,6.08,
2017-11-13,252,저금리(~2021),1.52,-0.62,-3.42,10.68,
2017-11-14,252,저금리(~2021),2.58,0.83,-2.98,11.89,
2017-11-15,252,저금리(~2021),4.94,3.96,0.3,14.43,
2017-11-16,252,저금리(~2021),6.9,5.48,0.93,15.66,
2017-11-17,252,저금리(~2021),7.43,5.21,3.99,15.44,
2017-11-20,252,저금리(~2021),9.51,7.95,8.02,17.51,
2017-11-21,252,저금리(~2021),5.86,4.29,2.31,14.67,
2017-11-22,252,저금리(~2021),4.31,2.66,1.5,13.29,
2017-11-23,252,저금리(~2021),9.13,7.36,10.32,17.03,
2017-11-24,252,저금리(~2021),10.68,8.03,9.7,17.57,
2017-11-27,252,저금리(~2021),8.15,6.34,10.23,16.29,
2017-11-28,252,저금리(~2021),6.79,4.52,7.69,14.74,
2017-11-29,252,저금리(~2021),9.73,7.94,12.84,17.45,
2017-11-30,252,저금리(~2021),4.61,2.81,6.22,13.41,
2017-12-01,252,저금리(~2021),7.96,6.26,12.21,16.15,
2017-12-04,252,저금리(~2021),9.77,8.31,16.03,17.81,
2017-12-05,252,저금리(~2021),7.7,6.52,11.22,16.38,
2017-12-06,252,저금리(~2021),6.67,5.35,9.06,15.44,
2017-12-07,252,저금리(~2021),1.74,0.37,3.92,11.28,
2017-12-08,252,저금리(~2021),1.45,-0.12,1.9,10.83,
2017-12-11,252,저금리(~2021),3.42,2.68,2.24,13.14,
2017-12-12,252,저금리(~2021),2.53,1.89,-1.45,12.46,
2017-12-13,252,저금리(~2021),3.28,1.4,-2.8,12.05,
2017-12-14,252,저금리(~2021),2.62,0.71,-2.79,11.44,
2017-12-15,252,저금리(~2021),2.91,1.45,-2.83,12.07,
2017-12-18,252,저금리(~2021),3.8,1.89,0.78,12.46,
2017-12-19,252,저금리(~2021),6.47,4.84,5.26,14.99,
2017-12-20,252,저금리(~2021),3.12,1.12,-0.45,11.86,
2017-12-21,252,저금리(~2021),0.34,-1.88,-2.49,9.14,
2017-12-22,252,저금리(~2021),5.75,3.98,7.03,14.09,
2017-12-26,252,저금리(~2021),5.75,4.32,5.81,14.36,
2017-12-27,252,저금리(~2021),10.99,9.52,12.78,18.22,
2017-12-28,252,저금리(~2021),11.77,9.3,12.25,18.05,
2018-01-02,252,저금리(~2021),15.41,13.18,17.96,20.86,
2018-01-03,252,저금리(~2021),15.43,14.09,17.89,21.47,
2018-01-04,252,저금리(~2021),12.73,11.06,16.54,19.26,
2018-01-05,252,저금리(~2021),18.96,17.36,25.3,23.49,
2018-01-08,252,저금리(~2021),20.15,18.0,23.98,23.89,
2018-01-09,252,저금리(~2021),19.31,17.37,22.29,23.47,
2018-01-10,252,저금리(~2021),19.87,18.97,25.13,24.5,
2018-01-11,252,저금리(~2021),25.49,23.58,30.62,27.22,
2018-01-12,252,저금리(~2021),29.57,28.18,33.0,29.67,
2018-01-15,252,저금리(~2021),32.63,30.33,34.83,30.78,
2018-01-16,252,저금리(~2021),32.32,30.28,33.64,30.75,
2018-01-17,252,저금리(~2021),28.64,26.93,29.39,28.87,
2018-01-18,252,저금리(~2021),29.27,27.76,29.98,29.32,
2018-01-19,252,저금리(~2021),23.73,22.14,25.63,25.95,
2018-01-22,252,저금리(~2021),22.68,20.27,23.9,24.78,
2018-01-23,252,저금리(~2021),23.81,23.66,30.03,26.72,
2018-01-24,252,저금리(~2021),24.04,22.11,30.1,25.77,
2018-01-25,252,저금리(~2021),22.61,20.12,28.05,24.56,
2018-01-26,252,저금리(~2021),25.29,24.06,31.35,26.92,
2018-01-29,252,저금리(~2021),26.14,24.44,31.54,27.14,
2018-01-30,252,저금리(~2021),25.44,23.6,29.63,26.63,
2018-01-31,252,저금리(~2021),24.03,22.6,28.47,26.02,
2018-02-01,252,저금리(~2021),20.68,18.25,21.26,23.28,
2018-02-02,252,저금리(~2021),19.22,18.19,24.29,23.25,
2018-02-05,252,저금리(~2021),13.08,10.48,14.9,17.56,
2018-02-06,252,저금리(~2021),14.72,13.32,16.62,19.61,
2018-02-07,252,저금리(~2021),9.99,8.3,10.12,15.66,
2018-02-08,252,저금리(~2021),14.73,11.94,14.28,18.24,
2018-02-09,252,저금리(~2021),11.99,10.15,13.3,16.88,
2018-02-12,252,저금리(~2021),10.81,9.09,11.15,16.08,
2018-02-13,252,저금리(~2021),10.02,7.78,11.51,15.0,
2018-02-14,252,저금리(~2021),10.45,9.45,11.02,16.21,
2018-02-19,252,저금리(~2021),15.34,14.3,13.96,19.63,
2018-02-20,252,저금리(~2021),14.26,12.61,12.79,18.39,
2018-02-21,252,저금리(~2021),18.39,17.52,18.95,21.83,
2018-02-22,252,저금리(~2021),17.86,15.61,17.22,20.52,
2018-02-23,252,저금리(~2021),17.1,15.25,19.81,20.28,
2018-02-26,252,저금리(~2021),14.1,12.76,18.35,18.57,
2018-02-27,252,저금리(~2021),13.96,12.47,18.28,18.36,
2018-02-28,252,저금리(~2021),12.65,11.0,16.5,17.24,
2018-03-02,252,저금리(~2021),15.45,13.46,19.35,19.04,
2018-03-05,252,저금리(~2021),12.89,10.36,15.39,16.73,
2018-03-06,252,저금리(~2021),16.87,15.33,19.64,20.26,
2018-03-07,252,저금리(~2021),13.59,11.92,13.66,17.77,
2018-03-08,252,저금리(~2021),17.28,15.62,20.16,20.4,
2018-03-09,252,저금리(~2021),18.03,16.98,20.35,21.3,
2018-03-12,252,저금리(~2021),24.89,23.9,26.1,25.68,
2018-03-13,252,저금리(~2021),23.09,21.38,23.33,24.15,
2018-03-14,252,저금리(~2021),24.65,23.19,24.91,25.28,
2018-03-15,252,저금리(~2021),26.58,25.42,28.56,26.62,
2018-03-16,252,저금리(~2021),24.29,23.25,25.35,25.36,
2018-03-19,252,저금리(~2021),21.45,19.5,23.84,22.97,
2018-03-20,252,저금리(~2021),23.48,21.94,23.4,24.47,
2018-03-21,252,저금리(~2021),20.39,18.77,18.07,22.47,
2018-03-22,252,저금리(~2021),18.04,16.44,16.28,20.88,
2018-03-23,252,저금리(~2021),11.56,10.28,11.44,16.13,
2018-03-26,252,저금리(~2021),17.04,16.83,17.35,20.6,
2018-03-27,252,저금리(~2021),16.43,15.54,19.01,19.72,
2018-03-28,252,저금리(~2021),14.56,14.32,18.75,18.86,
2018-03-29,252,저금리(~2021),17.26,15.66,20.29,19.78,
2018-03-30,252,저금리(~2021),17.24,15.82,20.3,19.89,
2018-04-02,252,저금리(~2021),16.71,14.83,19.56,19.19,
2018-04-03,252,저금리(~2021),17.04,16.36,20.53,20.24,
2018-04-04,252,저금리(~2021),16.04,14.84,18.05,19.17,
2018-04-05,252,저금리(~2021),19.81,18.92,19.79,21.96,
2018-04-06,252,저금리(~2021),17.99,17.17,20.79,20.81,
2018-04-09,252,저금리(~2021),19.04,17.82,20.26,21.25,
2018-04-10,252,저금리(~2021),19.23,18.09,19.29,21.43,
2018-04-11,252,저금리(~2021),20.44,18.84,19.87,21.92,
2018-04-12,252,저금리(~2021),19.6,18.7,19.49,21.83,
2018-04-13,252,저금리(~2021),21.93,21.28,23.39,23.5,
2018-04-16,252,저금리(~2021),20.65,18.79,19.95,21.92,
2018-04-17,252,저금리(~2021),20.58,18.31,21.68,21.6,
2018-04-18,252,저금리(~2021),19.06,17.92,18.64,21.34,
2018-04-19,252,저금리(~2021),17.12,16.16,14.8,20.12,
2018-04-20,252,저금리(~2021),19.04,18.48,17.46,21.71,
2018-04-23,252,저금리(~2021),18.82,17.51,18.31,21.04,
2018-04-24,252,저금리(~2021),20.38,18.65,19.02,21.83,
2018-04-25,252,저금리(~2021),20.51,19.13,22.38,22.15,
2018-04-26,252,저금리(~2021),25.48,24.76,28.55,25.7,
2018-04-27,252,저금리(~2021),27.43,26.61,30.49,26.77,
2018-04-30,252,저금리(~2021),21.29,19.74,24.04,22.58,
2018-05-02,252,저금리(~2021),22.23,20.06,24.46,22.8,
2018-05-03,252,저금리(~2021),21.93,20.19,24.05,22.88,
2018-05-04,252,저금리(~2021),21.31,19.3,21.94,22.28,
2018-05-08,252,저금리(~2021),16.07,12.96,14.82,17.68,
2018-05-09,252,저금리(~2021),20.94,19.89,22.54,22.17,
2018-05-10,252,저금리(~2021),22.77,21.45,22.71,23.19,
2018-05-11,252,저금리(~2021),25.56,24.15,23.67,24.86,
2018-05-14,252,저금리(~2021),22.87,21.56,21.48,23.23,
2018-05-15,252,저금리(~2021),21.47,19.72,19.83,22.09,
2018-05-16,252,저금리(~2021),23.87,22.34,23.8,23.81,
2018-05-17,252,저금리(~2021),25.06,24.2,23.87,24.93,
2018-05-18,252,저금리(~2021),25.57,23.97,25.97,24.79,
2018-05-21,252,저금리(~2021),24.82,23.44,22.75,24.47,
2018-05-23,252,저금리(~2021),24.27,23.11,20.15,24.27,
2018-05-24,252,저금리(~2021),25.35,23.65,21.42,24.59,
2018-05-25,252,저금리(~2021),25.75,24.6,24.32,25.16,
2018-05-28,252,저금리(~2021),25.52,24.33,23.91,25.0,
2018-05-29,252,저금리(~2021),21.0,20.42,22.98,22.54,
2018-05-30,252,저금리(~2021),24.38,23.66,26.64,24.56,
2018-05-31,252,저금리(~2021),24.31,22.75,25.86,24.01,
2018-06-01,252,저금리(~2021),26.34,23.77,27.3,24.64,
2018-06-04,252,저금리(~2021),25.41,23.38,27.05,24.4,
2018-06-05,252,저금리(~2021),26.9,24.25,27.38,24.94,
2018-06-07,252,저금리(~2021),27.83,24.99,27.28,25.37,
2018-06-08,252,저금리(~2021),23.83,21.14,23.66,22.99,
2018-06-11,252,저금리(~2021),25.35,22.73,25.6,24.0,
2018-06-12,252,저금리(~2021),26.68,24.57,26.06,25.12,
2018-06-14,252,저금리(~2021),25.82,23.39,22.87,24.39,
2018-06-15,252,저금리(~2021),26.48,25.08,25.27,25.4,
2018-06-18,252,저금리(~2021),26.17,25.24,25.12,25.5,
2018-06-19,252,저금리(~2021),25.23,23.57,24.77,24.44,
2018-06-20,252,저금리(~2021),26.68,24.81,24.21,25.14,
2018-06-21,252,저금리(~2021),25.04,23.13,24.87,24.09,
2018-06-22,252,저금리(~2021),26.8,25.97,24.77,25.77,
2018-06-25,252,저금리(~2021),28.7,27.23,23.61,26.51,
2018-06-26,252,저금리(~2021),26.75,25.19,22.51,25.32,
2018-06-27,252,저금리(~2021),29.99,27.72,26.85,26.86,
2018-06-28,252,저금리(~2021),30.34,28.18,26.93,27.13,
2018-06-29,252,저금리(~2021),30.98,29.27,30.57,27.73,
2018-07-02,252,저금리(~2021),24.28,22.36,25.23,23.55,
2018-07-03,252,저금리(~2021),25.67,24.67,27.17,24.93,
2018-07-04,252,저금리(~2021),26.71,26.04,28.92,25.76,
2018-07-05,252,저금리(~2021),26.46,24.92,28.07,25.1,
2018-07-06,252,저금리(~2021),31.36,29.59,31.79,27.79,
2018-07-09,252,저금리(~2021),31.91,30.55,31.77,28.32,
2018-07-10,252,저금리(~2021),28.86,26.77,28.41,26.22,
2018-07-11,252,저금리(~2021),25.75,24.54,26.83,24.86,
2018-07-12,252,저금리(~2021),29.59,27.54,28.28,26.61,
2018-07-13,252,저금리(~2021),32.2,30.4,28.72,28.21,
2018-07-16,252,저금리(~2021),32.83,30.95,30.03,28.52,
2018-07-17,252,저금리(~2021),32.45,30.65,29.62,28.35,
2018-07-18,252,저금리(~2021),35.49,33.54,33.83,29.96,
2018-07-19,252,저금리(~2021),32.55,30.02,28.42,28.03,
2018-07-20,252,저금리(~2021),30.46,28.33,29.36,27.09,
2018-07-23,252,저금리(~2021),25.53,24.34,23.19,24.59,
2018-07-24,252,저금리(~2021),30.34,28.23,24.23,26.98,
2018-07-25,252,저금리(~2021),38.09,37.84,31.76,32.64,
2018-07-26,252,저금리(~2021),44.73,42.63,38.26,34.87,
2018-07-27,252,저금리(~2021),42.15,40.13,36.89,33.75,
2018-07-30,252,저금리(~2021),35.06,33.56,34.69,30.54,
2018-07-31,252,저금리(~2021),37.88,36.31,37.69,31.91,
2018-08-01,252,저금리(~2021),42.11,39.02,39.94,33.21,
2018-08-02,252,저금리(~2021),40.86,38.64,40.04,33.02,
2018-08-03,252,저금리(~2021),40.1,38.31,40.14,32.87,
2018-08-06,252,저금리(~2021),38.56,36.52,38.22,31.97,
2018-08-07,252,저금리(~2021),39.0,36.81,37.71,32.11,
2018-08-08,252,저금리(~2021),34.94,33.66,34.82,30.53,
2018-08-09,252,저금리(~2021),34.15,32.39,34.61,29.89,
2018-08-10,252,저금리(~2021),34.14,31.59,32.6,29.46,
2018-08-13,252,저금리(~2021),30.08,29.14,28.5,28.06,
2018-08-14,252,저금리(~2021),38.34,35.9,34.92,31.81,
2018-08-16,252,저금리(~2021),36.86,34.28,33.62,30.99,
2018-08-17,252,저금리(~2021),34.01,32.3,33.91,30.01,
2018-08-20,252,저금리(~2021),33.7,31.44,30.89,29.55,
2018-08-21,252,저금리(~2021),35.96,33.77,35.66,30.71,
2018-08-22,252,저금리(~2021),31.77,29.74,30.14,28.59,
2018-08-23,252,저금리(~2021),33.91,32.04,29.59,29.82,
2018-08-24,252,저금리(~2021),33.59,31.62,24.73,29.6,
2018-08-27,252,저금리(~2021),34.1,31.76,25.55,29.68,
2018-08-28,252,저금리(~2021),33.05,30.46,26.01,28.97,
2018-08-29,252,저금리(~2021),35.29,33.12,34.33,30.38,
2018-08-30,252,저금리(~2021),36.52,34.67,36.04,31.19,
2018-08-31,252,저금리(~2021),37.28,34.7,35.19,31.2,
2018-09-03,252,저금리(~2021),34.46,31.66,31.8,29.65,
2018-09-04,252,저금리(~2021),35.87,33.14,34.13,30.41,
2018-09-05,252,저금리(~2021),33.96,31.42,32.31,29.48,
2018-09-06,252,저금리(~2021),33.1,30.79,30.9,29.14,
2018-09-07,252,저금리(~2021),33.02,30.01,30.79,28.71,
2018-09-10,252,저금리(~2021),34.22,31.3,33.61,29.42,
2018-09-11,252,저금리(~2021),40.48,37.17,39.25,32.49,
2018-09-12,252,저금리(~2021),44.34,41.91,43.91,34.75,
2018-09-13,252,저금리(~2021),43.05,39.64,39.72,33.7,
2018-09-14,252,저금리(~2021),45.74,42.76,44.27,35.15,
2018-09-17,252,저금리(~2021),45.48,42.19,45.47,34.88,
2018-09-18,252,저금리(~2021),41.93,39.01,40.25,33.45,
2018-09-19,252,저금리(~2021),44.35,41.29,44.57,34.55,
2018-09-20,252,저금리(~2021),42.2,39.22,40.83,33.57,
2018-09-21,252,저금리(~2021),37.64,35.13,33.53,31.65,
2018-09-27,252,저금리(~2021),37.86,34.82,28.64,31.5,
2018-09-28,252,저금리(~2021),36.22,33.8,28.07,30.96,
2018-10-01,252,저금리(~2021),36.15,33.37,29.53,30.74,
2018-10-02,252,저금리(~2021),28.77,25.79,26.74,26.48,
2018-10-04,252,저금리(~2021),26.82,23.96,24.72,25.4,
2018-10-05,252,저금리(~2021),23.16,20.46,20.85,23.21,
2018-10-08,252,저금리(~2021),22.96,20.46,21.03,23.21,
2018-10-10,252,저금리(~2021),22.35,19.37,21.31,22.49,
2018-10-11,252,저금리(~2021),14.84,12.21,14.12,17.44,
2018-10-12,252,저금리(~2021),16.88,13.97,13.99,18.64,
2018-10-15,252,저금리(~2021),10.32,7.85,8.34,14.05,
2018-10-16,252,저금리(~2021),12.74,10.37,11.95,16.02,
2018-10-17,252,저금리(~2021),17.07,15.29,16.54,19.64,
2018-10-18,252,저금리(~2021),15.17,12.73,13.88,17.79,
2018-10-19,252,저금리(~2021),15.95,13.75,12.99,18.5,
2018-10-22,252,저금리(~2021),17.35,14.89,15.26,19.31,
2018-10-23,252,저금리(~2021),13.02,10.67,12.53,16.14,
2018-10-24,252,저금리(~2021),9.19,6.92,8.69,13.14,
2018-10-25,252,저금리(~2021),6.72,4.12,6.65,10.79,
2018-10-26,252,저금리(~2021),2.35,-0.5,1.15,6.53,
2018-10-29,252,저금리(~2021),1.11,-1.55,0.29,5.49,
2018-10-30,252,저금리(~2021),3.8,1.44,-0.28,8.23,
2018-10-31,252,저금리(~2021),2.23,0.31,-1.34,7.18,
2018-11-01,252,저금리(~2021),3.53,1.63,1.48,8.4,
2018-11-02,252,저금리(~2021),8.98,6.66,7.63,12.46,
2018-11-05,252,저금리(~2021),10.74,8.6,9.33,14.03,
2018-11-06,252,저금리(~2021),10.01,7.95,8.09,13.51,
2018-11-07,252,저금리(~2021),6.36,4.17,4.38,10.35,
2018-11-08,252,저금리(~2021),7.82,6.12,6.95,11.97,
2018-11-09,252,저금리(~2021),7.88,5.27,6.41,11.22,
2018-11-12,252,저금리(~2021),7.02,4.62,5.16,10.64,
2018-11-13,252,저금리(~2021),9.4,6.33,6.33,12.11,
2018-11-14,252,저금리(~2021),9.73,7.77,8.98,13.28,
2018-11-15,252,저금리(~2021),9.88,7.94,8.99,13.41,
2018-11-16,252,저금리(~2021),10.77,8.44,8.98,13.79,
2018-11-19,252,저금리(~2021),14.21,11.63,10.21,16.23,
2018-11-20,252,저금리(~2021),13.5,11.49,11.45,16.12,
2018-11-21,252,저금리(~2021),16.5,14.72,15.41,18.49,
2018-11-22,252,저금리(~2021),15.25,12.21,12.9,16.68,
2018-11-23,252,저금리(~2021),15.28,13.49,14.5,17.65,
2018-11-26,252,저금리(~2021),18.6,16.59,16.71,19.79,
2018-11-27,252,저금리(~2021),20.31,18.13,19.3,20.84,
2018-11-28,252,저금리(~2021),17.75,15.36,12.54,18.97,
2018-11-29,252,저금리(~2021),16.04,14.1,11.37,18.06,
2018-11-30,252,저금리(~2021),17.01,15.25,14.36,18.87,
2018-12-03,252,저금리(~2021),21.42,18.7,18.88,21.18,
2018-12-04,252,저금리(~2021),17.52,14.64,15.07,18.44,
2018-12-05,252,저금리(~2021),14.84,11.45,11.34,16.11,
2018-12-06,252,저금리(~2021),11.49,8.74,8.44,13.93,
2018-12-07,252,저금리(~2021),11.47,8.58,9.13,13.8,
2018-12-10,252,저금리(~2021),9.88,7.0,7.94,12.5,
2018-12-11,252,저금리(~2021),7.73,4.59,4.94,10.46,
2018-12-12,252,저금리(~2021),10.67,7.76,7.51,12.99,
2018-12-13,252,저금리(~2021),9.72,6.7,7.44,12.13,
2018-12-14,252,저금리(~2021),8.3,5.39,6.09,10.98,
2018-12-17,252,저금리(~2021),5.28,1.61,1.98,7.75,
2018-12-18,252,저금리(~2021),2.99,-0.42,-1.73,5.9,
2018-12-19,252,저금리(~2021),4.1,1.0,-0.08,7.17,
2018-12-20,252,저금리(~2021),3.33,0.28,-0.41,6.5,
2018-12-21,252,저금리(~2021),6.4,2.99,2.79,8.97,
2018-12-24,252,저금리(~2021),9.19,5.73,5.98,11.41,
2018-12-26,252,저금리(~2021),7.67,4.37,3.45,10.31,
2018-12-27,252,저금리(~2021),11.25,7.84,8.64,13.32,
2018-12-28,252,저금리(~2021),6.28,3.01,-0.03,9.43,
2019-01-02,252,저금리(~2021),3.32,-0.3,-3.46,6.42,
2019-01-03,252,저금리(~2021),0.0,-2.98,-4.44,3.78,
2019-01-04,252,저금리(~2021),2.08,-0.67,-0.99,5.99,
2019-01-07,252,저금리(~2021),3.39,0.41,0.58,6.98,
2019-01-08,252,저금리(~2021),1.21,-1.79,-2.06,4.9,
2019-01-09,252,저금리(~2021),2.51,-0.4,-1.11,6.21,
2019-01-10,252,저금리(~2021),3.96,0.78,1.27,7.32,
2019-01-11,252,저금리(~2021),5.61,2.47,3.4,8.85,
2019-01-14,252,저금리(~2021),1.82,-1.81,-1.6,4.91,
2019-01-15,252,저금리(~2021),4.02,1.07,1.12,7.63,
2019-01-16,252,저금리(~2021),7.69,4.42,5.76,10.71,
2019-01-17,252,저금리(~2021),4.76,1.47,2.69,8.11,
2019-01-18,252,저금리(~2021),9.0,5.86,6.82,11.95,
2019-01-21,252,저금리(~2021),10.09,6.46,5.32,12.46,
2019-01-22,252,저금리(~2021),8.39,4.54,3.78,10.87,
2019-01-23,252,저금리(~2021),5.94,2.21,2.04,8.87,
2019-01-24,252,저금리(~2021),7.88,4.0,4.4,10.42,
2019-01-25,252,저금리(~2021),6.65,3.15,3.9,9.7,
2019-01-28,252,저금리(~2021),7.54,4.55,4.15,10.9,
2019-01-29,252,저금리(~2021),6.77,3.2,4.09,9.74,
2019-01-30,252,저금리(~2021),6.47,3.41,0.53,9.93,
2019-01-31,252,저금리(~2021),6.65,3.7,0.75,10.17,
2019-02-01,252,저금리(~2021),6.8,4.1,3.29,10.52,
2019-02-07,252,저금리(~2021),9.33,5.83,6.26,11.95,
2019-02-08,252,저금리(~2021),8.43,4.88,5.62,11.15,
2019-02-11,252,저금리(~2021),11.44,8.37,9.06,14.02,
2019-02-12,252,저금리(~2021),10.35,6.75,6.64,12.71,
2019-02-13,252,저금리(~2021),12.78,9.51,10.91,14.89,
2019-02-14,252,저금리(~2021),15.65,12.23,14.02,17.02,
2019-02-15,252,저금리(~2021),19.81,15.87,16.43,19.75,
2019-02-18,252,저금리(~2021),16.62,13.61,14.81,18.23,
2019-02-19,252,저금리(~2021),17.16,13.96,16.81,18.48,
2019-02-20,252,저금리(~2021),19.78,16.44,19.72,20.23,
2019-02-21,252,저금리(~2021),23.52,19.58,21.88,22.42,
2019-02-22,252,저금리(~2021),19.13,15.86,16.12,19.98,
2019-02-25,252,저금리(~2021),20.97,17.61,18.63,21.16,
2019-02-26,252,저금리(~2021),18.51,15.17,16.66,19.5,
2019-02-27,252,저금리(~2021),17.93,14.7,16.79,19.18,
2019-02-28,252,저금리(~2021),16.68,13.49,15.03,18.28,
2019-03-04,252,저금리(~2021),24.91,21.6,21.82,23.78,
2019-03-05,252,저금리(~2021),22.3,18.59,20.58,21.89,
2019-03-06,252,저금리(~2021),26.38,23.38,19.78,25.08,
2019-03-07,252,저금리(~2021),28.72,26.43,20.89,27.03,
2019-03-08,252,저금리(~2021),35.8,32.34,27.68,30.44,
2019-03-11,252,저금리(~2021),42.33,38.31,33.68,33.48,
2019-03-12,252,저금리(~2021),39.82,35.0,33.4,31.96,
2019-03-13,252,저금리(~2021),48.55,44.55,40.45,36.79,
2019-03-14,252,저금리(~2021),59.83,57.19,46.21,42.41,
2019-03-15,252,저금리(~2021),42.38,40.72,39.31,36.21,
2019-03-18,252,저금리(~2021),52.09,49.59,47.07,40.2,
2019-03-19,252,저금리(~2021),35.05,31.54,35.72,32.77,
2019-03-20,252,저금리(~2021),30.43,27.59,32.35,30.76,
2019-03-21,252,저금리(~2021),28.81,24.5,31.32,29.03,
2019-03-22,252,저금리(~2021),26.97,22.93,31.03,28.14,
2019-03-25,252,저금리(~2021),20.21,18.71,26.4,25.54,
2019-03-26,252,저금리(~2021),15.01,12.81,18.85,21.94,
2019-03-27,252,저금리(~2021),17.99,15.75,22.56,24.05,
2019-03-28,252,저금리(~2021),12.22,9.66,17.26,19.95,
2019-03-29,252,저금리(~2021),14.66,11.31,19.34,21.11,
2019-04-01,252,저금리(~2021),10.17,8.05,15.76,18.83,
2019-04-02,252,저금리(~2021),9.76,7.57,14.04,18.47,
2019-04-03,252,저금리(~2021),12.74,10.2,18.4,20.4,
2019-04-04,252,저금리(~2021),11.68,8.4,10.65,19.09,
2019-04-05,252,저금리(~2021),11.46,9.06,8.64,19.59,
2019-04-08,252,저금리(~2021),13.97,10.66,10.24,20.78,
2019-04-09,252,저금리(~2021),11.18,8.78,6.45,19.44,
2019-04-10,252,저금리(~2021),8.82,5.45,6.23,17.0,
2019-04-11,252,저금리(~2021),7.69,5.31,-1.2,16.9,
2019-04-12,252,저금리(~2021),8.35,5.49,-15.33,17.03,
2019-04-15,252,저금리(~2021),9.23,6.55,0.1,17.87,
2019-04-16,252,저금리(~2021),8.13,5.84,-7.45,17.32,
2019-04-17,252,저금리(~2021),7.46,4.59,2.59,16.34,
2019-04-18,252,저금리(~2021),6.71,4.47,5.92,16.25,
2019-04-19,252,저금리(~2021),5.94,3.52,6.14,15.51,
2019-04-22,252,저금리(~2021),6.53,4.17,8.83,16.04,
2019-04-23,252,저금리(~2021),6.74,3.85,8.92,15.78,
2019-04-24,252,저금리(~2021),6.99,4.63,10.32,16.42,
2019-04-25,252,저금리(~2021),2.82,0.18,3.93,12.78,
2019-04-26,252,저금리(~2021),0.57,-2.11,3.42,10.74,
2019-04-29,252,저금리(~2021),-0.87,-3.15,1.94,9.83,
2019-04-30,252,저금리(~2021),-1.02,-3.48,2.29,9.53,
2019-05-02,252,저금리(~2021),-0.51,-2.91,2.17,10.06,
2019-05-03,252,저금리(~2021),-1.89,-4.26,1.66,8.8,
2019-05-07,252,저금리(~2021),-2.87,-5.61,-4.37,7.47,
2019-05-08,252,저금리(~2021),-4.46,-6.92,-8.31,6.15,
2019-05-09,252,저금리(~2021),-6.13,-8.61,-10.15,4.35,
2019-05-10,252,저금리(~2021),-7.34,-9.55,-12.27,3.37,
2019-05-13,252,저금리(~2021),-11.16,-13.4,-12.83,-0.99,
2019-05-14,252,저금리(~2021),-11.9,-13.99,-19.28,-1.67,
2019-05-15,252,저금리(~2021),-8.19,-10.62,-28.56,2.07,
2019-05-16,252,저금리(~2021),-11.22,-13.09,-18.97,-0.73,
2019-05-17,252,저금리(~2021),-13.29,-15.09,-26.36,-3.09,
2019-05-20,252,저금리(~2021),-14.28,-16.13,-17.72,-4.4,
2019-05-21,252,저금리(~2021),-12.06,-14.24,-13.36,-2.05,
2019-05-22,252,저금리(~2021),-12.82,-14.82,-12.53,-2.75,
2019-05-23,252,저금리(~2021),-18.42,-20.08,-17.0,-9.31,
2019-05-24,252,저금리(~2021),-20.36,-22.25,-19.31,-12.34,
2019-05-27,252,저금리(~2021),-20.15,-22.25,-19.37,-12.34,
2019-05-28,252,저금리(~2021),-18.66,-20.66,-18.91,-10.17,
2019-05-29,252,저금리(~2021),-21.52,-23.2,-19.8,-13.88,
2019-05-30,252,저금리(~2021),-22.03,-24.02,-20.28,-15.09,
2019-05-31,252,저금리(~2021),-21.15,-22.98,-18.65,-13.56,
2019-06-03,252,저금리(~2021),-21.45,-22.98,-19.51,-13.56,
2019-06-04,252,저금리(~2021),-21.23,-23.65,-19.52,-14.54,
2019-06-05,252,저금리(~2021),-19.76,-21.68,-21.22,-11.65,
2019-06-07,252,저금리(~2021),-13.78,-15.82,-16.45,-3.34,
2019-06-10,252,저금리(~2021),-19.4,-20.82,-22.23,-9.38,
2019-06-11,252,저금리(~2021),-18.03,-20.49,-22.98,-8.95,
2019-06-12,252,저금리(~2021),-18.6,-21.21,-20.53,-9.95,
2019-06-13,252,저금리(~2021),-18.62,-20.61,-25.28,-9.13,
2019-06-14,252,저금리(~2021),-21.18,-22.8,-38.33,-12.2,
2019-06-17,252,저금리(~2021),-21.97,-23.81,-28.99,-13.69,
2019-06-18,252,저금리(~2021),-23.21,-25.0,-34.82,-15.5,
2019-06-19,252,저금리(~2021),-21.64,-22.9,-24.05,-12.34,
2019-06-20,252,저금리(~2021),-20.84,-22.37,-21.75,-11.59,
2019-06-21,252,저금리(~2021),-19.7,-21.57,-19.12,-10.41,
2019-06-24,252,저금리(~2021),-20.67,-22.45,-18.85,-11.67,
2019-06-25,252,저금리(~2021),-19.94,-21.49,-17.76,-10.26,
2019-06-26,252,저금리(~2021),-21.65,-23.21,-19.63,-12.69,
2019-06-27,252,저금리(~2021),-25.08,-26.75,-24.39,-18.24,
2019-06-28,252,저금리(~2021),-27.46,-29.05,-25.19,-22.13,
2019-07-01,252,저금리(~2021),-25.36,-27.03,-22.86,-18.87,
2019-07-02,252,저금리(~2021),-26.66,-28.02,-23.34,-20.5,
2019-07-03,252,저금리(~2021),-27.2,-28.74,-24.88,-21.72,
2019-07-04,252,저금리(~2021),-27.76,-29.3,-24.77,-22.69,
2019-07-05,252,저금리(~2021),-27.64,-28.96,-28.01,-22.11,
2019-07-08,252,저금리(~2021),-29.69,-30.79,-31.81,-25.48,
2019-07-09,252,저금리(~2021),-31.53,-32.69,-33.6,-29.09,
2019-07-10,252,저금리(~2021),-30.12,-31.35,-33.06,-26.55,
2019-07-11,252,저금리(~2021),-29.82,-31.12,-30.46,-26.14,
2019-07-12,252,저금리(~2021),-29.57,-30.84,-34.71,-25.64,
2019-07-15,252,저금리(~2021),-31.01,-32.58,-45.95,-28.88,
2019-07-16,252,저금리(~2021),-31.02,-32.29,-36.79,-28.32,
2019-07-17,252,저금리(~2021),-32.83,-34.26,-42.8,-32.17,
2019-07-18,252,저금리(~2021),-32.46,-33.69,-34.54,-31.03,
2019-07-19,252,저금리(~2021),-31.52,-32.72,-32.19,-29.21,
2019-07-22,252,저금리(~2021),-32.58,-33.98,-32.42,-31.65,
2019-07-23,252,저금리(~2021),-33.07,-34.12,-31.46,-31.93,
2019-07-24,252,저금리(~2021),-33.53,-34.62,-32.19,-32.96,
2019-07-25,252,저금리(~2021),-34.34,-35.57,-32.95,-34.93,
2019-07-26,252,저금리(~2021),-36.19,-37.42,-35.94,-38.9,
2019-07-29,252,저금리(~2021),-38.81,-39.86,-37.05,-44.68,
2019-07-30,252,저금리(~2021),-39.98,-41.21,-38.23,-47.9,
2019-07-31,252,저금리(~2021),-40.14,-41.19,-37.99,-47.85,
2019-08-01,252,저금리(~2021),-41.25,-42.47,-39.85,-51.16,
2019-08-02,252,저금리(~2021),-43.66,-44.7,-41.33,-57.5,
2019-08-05,252,저금리(~2021),-47.81,-49.21,-47.37,-72.96,
2019-08-06,252,저금리(~2021),-47.65,-48.6,-48.35,-70.85,
2019-08-07,252,저금리(~2021),-47.49,-48.26,-48.86,-69.77,
2019-08-08,252,저금리(~2021),-43.88,-44.71,-45.98,-58.85,
2019-08-09,252,저금리(~2021),-42.12,-43.14,-41.91,-54.34,
2019-08-12,252,저금리(~2021),-43.35,-44.32,-46.91,-57.53,
2019-08-13,252,저금리(~2021),-42.24,-43.13,-53.69,-54.07,
2019-08-14,252,저금리(~2021),-41.38,-42.53,-45.65,-52.48,
2019-08-16,252,저금리(~2021),-43.55,-44.54,-51.23,-57.9,
2019-08-19,252,저금리(~2021),-44.46,-45.05,-45.44,-59.3,
2019-08-20,252,저금리(~2021),-43.01,-44.06,-43.17,-56.55,
2019-08-21,252,저금리(~2021),-41.58,-42.5,-40.99,-52.37,
2019-08-22,252,저금리(~2021),-42.51,-43.47,-41.1,-54.97,
2019-08-23,252,저금리(~2021),-43.31,-44.27,-42.14,-57.22,
2019-08-26,252,저금리(~2021),-46.28,-47.07,-44.51,-65.91,
2019-08-27,252,저금리(~2021),-47.03,-47.48,-46.14,-67.16,
2019-08-28,252,저금리(~2021),-44.88,-45.89,-43.88,-62.44,
2019-08-29,252,저금리(~2021),-44.23,-45.11,-42.68,-60.1,
2019-08-30,252,저금리(~2021),-44.06,-44.92,-42.36,-59.57,
2019-09-02,252,저금리(~2021),-43.08,-44.14,-42.23,-57.41,
2019-09-03,252,저금리(~2021),-42.39,-43.25,-40.32,-54.85,
2019-09-04,252,저금리(~2021),-42.11,-43.07,-40.0,-54.4,
2019-09-05,252,저금리(~2021),-41.71,-42.42,-40.81,-52.65,
2019-09-06,252,저금리(~2021),-42.34,-43.09,-42.94,-54.45,
2019-09-09,252,저금리(~2021),-43.45,-44.27,-45.53,-57.7,
2019-09-10,252,저금리(~2021),-43.79,-44.52,-43.68,-58.44,
2019-09-11,252,저금리(~2021),-41.66,-42.28,-44.8,-52.31,
2019-09-16,252,저금리(~2021),-41.35,-41.99,-52.72,-51.58,
2019-09-17,252,저금리(~2021),-39.16,-40.1,-43.03,-46.69,
2019-09-18,252,저금리(~2021),-37.41,-37.98,-44.8,-41.45,
2019-09-19,252,저금리(~2021),-37.62,-38.26,-38.13,-42.08,
2019-09-20,252,저금리(~2021),-34.2,-35.01,-33.62,-34.68,
2019-09-23,252,저금리(~2021),-34.8,-35.49,-33.74,-35.69,
2019-09-24,252,저금리(~2021),-39.72,-39.95,-37.35,-45.67,
2019-09-25,252,저금리(~2021),-41.29,-41.6,-39.29,-49.81,
2019-09-26,252,저금리(~2021),-41.16,-41.62,-38.07,-49.88,
2019-09-27,252,저금리(~2021),-41.33,-41.88,-39.98,-50.56,
2019-09-30,252,저금리(~2021),-41.95,-42.57,-40.17,-52.35,
2019-10-01,252,저금리(~2021),-40.05,-40.56,-37.48,-47.35,
2019-10-02,252,저금리(~2021),-41.38,-42.05,-39.17,-51.18,
2019-10-04,252,저금리(~2021),-40.76,-41.37,-39.26,-49.43,
2019-10-07,252,저금리(~2021),-37.21,-38.04,-34.68,-41.55,
2019-10-08,252,저금리(~2021),-35.04,-35.35,-31.97,-35.58,
2019-10-10,252,저금리(~2021),-34.68,-35.49,-33.94,-35.88,
2019-10-11,252,저금리(~2021),-34.3,-34.63,-34.93,-34.06,
2019-10-14,252,저금리(~2021),-33.57,-34.19,-35.97,-33.2,
2019-10-15,252,저금리(~2021),-33.58,-34.37,-33.33,-33.56,
2019-10-16,252,저금리(~2021),-30.85,-31.56,-34.74,-27.96,
2019-10-17,252,저금리(~2021),-31.27,-31.81,-45.06,-28.43,
2019-10-18,252,저금리(~2021),-29.36,-30.04,-34.33,-25.05,
2019-10-21,252,저금리(~2021),-28.86,-29.37,-37.32,-23.91,
2019-10-22,252,저금리(~2021),-29.45,-29.94,-29.5,-24.85,
2019-10-23,252,저금리(~2021),-28.77,-29.29,-27.08,-23.76,
2019-10-24,252,저금리(~2021),-26.4,-27.02,-24.28,-19.71,
2019-10-25,252,저금리(~2021),-29.48,-30.32,-26.74,-25.44,
2019-10-28,252,저금리(~2021),-31.12,-31.55,-27.8,-27.64,
2019-10-29,252,저금리(~2021),-31.66,-32.08,-26.92,-28.6,
2019-10-30,252,저금리(~2021),-33.19,-33.56,-30.2,-31.43,
2019-10-31,252,저금리(~2021),-31.64,-32.12,-27.96,-28.6,
2019-11-01,252,저금리(~2021),-31.98,-32.41,-27.89,-29.14,
2019-11-04,252,저금리(~2021),-29.81,-30.26,-25.18,-25.13,
2019-11-05,252,저금리(~2021),-29.53,-30.06,-25.67,-24.77,
2019-11-06,252,저금리(~2021),-30.34,-30.92,-26.29,-26.36,
2019-11-07,252,저금리(~2021),-31.07,-31.61,-27.42,-27.66,
2019-11-08,252,저금리(~2021),-32.01,-32.57,-30.3,-29.44,
2019-11-11,252,저금리(~2021),-31.92,-32.47,-32.29,-29.25,
2019-11-12,252,저금리(~2021),-32.33,-32.96,-34.36,-30.17,
2019-11-13,252,저금리(~2021),-34.32,-34.69,-33.36,-33.61,
2019-11-14,252,저금리(~2021),-34.89,-35.19,-38.32,-34.62,
2019-11-15,252,저금리(~2021),-34.08,-34.66,-47.5,-33.55,
2019-11-18,252,저금리(~2021),-33.7,-34.24,-38.83,-32.68,
2019-11-19,252,저금리(~2021),-34.74,-35.27,-43.04,-34.84,
2019-11-20,252,저금리(~2021),-37.46,-37.82,-37.75,-40.42,
2019-11-21,252,저금리(~2021),-39.72,-39.95,-37.97,-45.42,
2019-11-22,252,저금리(~2021),-39.78,-40.15,-38.61,-45.92,
2019-11-25,252,저금리(~2021),-38.67,-38.99,-36.74,-43.24,
2019-11-26,252,저금리(~2021),-39.07,-39.16,-36.57,-43.62,
2019-11-27,252,저금리(~2021),-40.46,-40.88,-37.05,-47.76,
2019-11-28,252,저금리(~2021),-42.81,-43.34,-41.05,-54.17,
2019-11-29,252,저금리(~2021),-45.65,-46.08,-44.08,-61.86,
2019-12-02,252,저금리(~2021),-42.87,-43.03,-39.59,-52.99,
2019-12-03,252,저금리(~2021),-44.26,-44.81,-41.35,-58.0,
2019-12-04,252,저금리(~2021),-45.11,-45.69,-42.85,-60.52,
2019-12-05,252,저금리(~2021),-46.14,-46.71,-44.13,-63.59,
2019-12-06,252,저금리(~2021),-45.35,-45.95,-43.88,-61.33,
2019-12-09,252,저금리(~2021),-45.29,-45.73,-44.77,-60.68,
2019-12-10,252,저금리(~2021),-45.99,-46.5,-47.71,-62.97,
2019-12-11,252,저금리(~2021),-46.42,-47.0,-49.16,-64.51,
2019-12-12,252,저금리(~2021),-45.27,-45.51,-45.55,-60.13,
2019-12-13,252,저금리(~2021),-45.62,-45.66,-49.48,-60.55,
2019-12-16,252,저금리(~2021),-44.09,-44.2,-55.51,-56.18,
2019-12-17,252,저금리(~2021),-42.9,-42.95,-47.53,-52.83,
2019-12-18,252,저금리(~2021),-44.03,-44.09,-51.6,-55.91,
2019-12-19,252,저금리(~2021),-44.18,-44.47,-45.23,-56.95,
2019-12-20,252,저금리(~2021),-45.74,-45.7,-44.82,-60.39,
2019-12-23,252,저금리(~2021),-45.35,-45.43,-44.94,-59.61,
2019-12-24,252,저금리(~2021),-45.86,-46.08,-44.86,-61.56,
2019-12-26,252,저금리(~2021),-44.42,-44.65,-43.01,-57.53,
2019-12-27,252,저금리(~2021),-42.89,-43.11,-39.66,-53.3,
2019-12-30,252,저금리(~2021),-42.38,-42.41,-39.82,-51.48,
2020-01-02,252,저금리(~2021),-42.74,-42.91,-40.2,-52.8,
2020-01-03,252,저금리(~2021),-43.62,-43.63,-40.41,-54.78,
2020-01-06,252,저금리(~2021),-45.1,-45.27,-42.02,-59.58,
2020-01-07,252,저금리(~2021),-43.9,-43.76,-40.64,-55.4,
2020-01-08,252,저금리(~2021),-45.22,-45.29,-42.73,-59.97,
2020-01-09,252,저금리(~2021),-41.33,-41.38,-38.97,-49.51,
2020-01-10,252,저금리(~2021),-39.02,-39.02,-37.55,-43.68,
2020-01-13,252,저금리(~2021),-39.67,-39.69,-40.57,-45.24,
2020-01-14,252,저금리(~2021),-41.45,-41.68,-43.63,-50.09,
2020-01-15,252,저금리(~2021),-41.51,-41.34,-41.22,-49.23,
2020-01-16,252,저금리(~2021),-40.65,-40.66,-44.73,-47.54,
2020-01-17,252,저금리(~2021),-42.61,-42.59,-54.23,-52.37,
2020-01-20,252,저금리(~2021),-42.51,-42.62,-47.38,-52.44,
2020-01-21,252,저금리(~2021),-42.62,-42.54,-50.34,-52.21,
2020-01-22,252,저금리(~2021),-40.2,-39.86,-40.67,-45.47,
2020-01-23,252,저금리(~2021),-38.95,-39.15,-38.57,-43.69,
2020-01-28,252,저금리(~2021),-43.65,-43.64,-43.38,-55.07,
2020-01-29,252,저금리(~2021),-43.03,-42.89,-41.78,-53.07,
2020-01-30,252,저금리(~2021),-44.47,-44.45,-42.98,-57.45,
2020-01-31,252,저금리(~2021),-44.71,-44.59,-41.27,-57.87,
2020-02-03,252,저금리(~2021),-44.07,-43.98,-41.49,-56.17,
2020-02-04,252,저금리(~2021),-42.42,-42.37,-39.86,-51.85,
2020-02-05,252,저금리(~2021),-42.19,-41.98,-38.96,-50.84,
2020-02-06,252,저금리(~2021),-41.07,-41.15,-37.87,-48.77,
2020-02-07,252,저금리(~2021),-42.12,-42.22,-39.15,-51.49,
2020-02-10,252,저금리(~2021),-40.72,-40.66,-37.79,-47.47,
2020-02-11,252,저금리(~2021),-39.7,-39.68,-37.12,-45.08,
2020-02-12,252,저금리(~2021),-38.69,-38.89,-37.34,-43.2,
2020-02-13,252,저금리(~2021),-38.93,-39.08,-39.92,-43.62,
2020-02-14,252,저금리(~2021),-37.76,-37.8,-40.04,-40.61,
2020-02-17,252,저금리(~2021),-36.01,-36.06,-36.2,-36.72,
2020-02-18,252,저금리(~2021),-35.06,-35.42,-40.33,-35.3,
2020-02-19,252,저금리(~2021),-37.9,-37.77,-50.65,-40.17,
2020-02-20,252,저금리(~2021),-36.48,-36.65,-42.38,-37.61,
2020-02-21,252,저금리(~2021),-39.58,-39.59,-47.92,-44.37,
2020-02-24,252,저금리(~2021),-42.4,-42.37,-42.75,-51.56,
2020-02-25,252,저금리(~2021),-39.77,-39.86,-39.25,-45.4,
2020-02-26,252,저금리(~2021),-39.89,-39.8,-39.83,-45.26,
2020-02-27,252,저금리(~2021),-39.56,-39.34,-38.58,-44.1,
2020-02-28,252,저금리(~2021),-41.32,-40.96,-39.93,-48.24,
2020-03-02,252,저금리(~2021),-39.37,-39.59,-36.53,-44.98,
2020-03-03,252,저금리(~2021),-40.96,-40.79,-38.5,-47.87,
2020-03-04,252,저금리(~2021),-41.15,-41.07,-38.62,-48.55,
2020-03-05,252,저금리(~2021),-39.95,-39.78,-36.8,-45.38,
2020-03-06,252,저금리(~2021),-42.07,-42.0,-38.68,-50.88,
2020-03-09,252,저금리(~2021),-44.3,-44.2,-41.08,-57.07,
2020-03-10,252,저금리(~2021),-43.39,-43.26,-40.42,-54.55,
2020-03-11,252,저금리(~2021),-45.77,-45.56,-42.75,-61.42,
2020-03-12,252,저금리(~2021),-48.04,-48.47,-46.11,-70.98,
2020-03-13,252,저금리(~2021),-50.51,-50.44,-49.55,-78.14,
2020-03-16,252,저금리(~2021),-52.71,-52.38,-52.18,-85.53,
2020-03-17,252,저금리(~2021),-50.35,-49.74,-48.75,-76.2,
2020-03-18,252,저금리(~2021),-53.38,-53.11,-55.26,-89.86,
2020-03-19,252,저금리(~2021),-56.86,-57.04,-63.4,-100.0,
2020-03-20,252,저금리(~2021),-52.22,-52.63,-56.1,-91.35,
2020-03-23,252,저금리(~2021),-54.86,-54.93,-59.94,-100.0,
2020-03-24,252,저금리(~2021),-50.38,-50.18,-51.93,-84.66,
2020-03-25,252,저금리(~2021),-48.47,-48.38,-49.35,-78.42,
2020-03-26,252,저금리(~2021),-48.13,-47.45,-49.06,-75.26,
2020-03-27,252,저금리(~2021),-46.98,-46.45,-47.91,-72.03,
2020-03-30,252,저금리(~2021),-45.47,-46.01,-47.65,-70.63,
2020-03-31,252,저금리(~2021),-43.04,-43.0,-43.42,-62.25,
2020-04-01,252,저금리(~2021),-45.57,-45.74,-46.51,-70.75,
2020-04-02,252,저금리(~2021),-44.06,-44.0,-44.89,-65.72,
2020-04-03,252,저금리(~2021),-44.92,-44.55,-45.1,-67.32,
2020-04-06,252,저금리(~2021),-42.6,-42.78,-43.11,-62.33,
2020-04-07,252,저금리(~2021),-42.16,-42.15,-42.45,-60.57,
2020-04-08,252,저금리(~2021),-43.11,-42.97,-43.59,-62.88,
2020-04-09,252,저금리(~2021),-43.42,-42.97,-43.32,-62.88,
2020-04-10,252,저금리(~2021),-43.42,-43.25,-43.32,-63.7,
2020-04-13,252,저금리(~2021),-44.0,-43.58,-44.61,-64.7,
2020-04-14,252,저금리(~2021),-42.47,-42.48,-43.13,-61.63,
2020-04-16,252,저금리(~2021),-40.92,-40.35,-40.44,-56.06,
2020-04-17,252,저금리(~2021),-40.11,-40.03,-40.88,-55.22,
2020-04-20,252,저금리(~2021),-39.7,-39.32,-40.2,-53.37,
2020-04-21,252,저금리(~2021),-38.51,-38.29,-39.75,-50.72,
2020-04-22,252,저금리(~2021),-36.98,-37.16,-37.18,-47.98,
2020-04-23,252,저금리(~2021),-36.24,-35.93,-35.01,-45.16,
2020-04-24,252,저금리(~2021),-35.52,-35.34,-35.18,-43.77,
2020-04-27,252,저금리(~2021),-34.67,-34.52,-34.75,-42.04,
2020-04-28,252,저금리(~2021),-34.85,-34.46,-35.0,-41.89,
2020-04-29,252,저금리(~2021),-35.78,-35.52,-36.43,-44.2,
2020-05-04,252,저금리(~2021),-37.78,-37.52,-37.94,-48.78,
2020-05-06,252,저금리(~2021),-34.27,-34.01,-33.56,-40.95,
2020-05-07,252,저금리(~2021),-32.72,-32.39,-32.76,-37.58,
2020-05-08,252,저금리(~2021),-29.55,-29.44,-29.24,-31.89,
2020-05-11,252,저금리(~2021),-31.03,-30.62,-30.42,-34.07,
2020-05-12,252,저금리(~2021),-31.24,-31.02,-31.01,-34.86,
2020-05-13,252,저금리(~2021),-31.21,-31.02,-31.01,-34.84,
2020-05-14,252,저금리(~2021),-31.61,-31.2,-31.28,-35.21,
2020-05-15,252,저금리(~2021),-31.01,-30.71,-30.14,-34.23,
2020-05-18,252,저금리(~2021),-30.35,-29.99,-30.44,-32.82,
2020-05-19,252,저금리(~2021),-31.04,-30.58,-30.62,-33.92,
2020-05-20,252,저금리(~2021),-30.0,-29.6,-29.21,-32.1,
2020-05-21,252,저금리(~2021),-29.97,-29.74,-30.2,-32.34,
2020-05-22,252,저금리(~2021),-30.73,-30.26,-30.73,-33.35,
2020-05-25,252,저금리(~2021),-30.01,-29.84,-30.5,-32.55,
2020-05-26,252,저금리(~2021),-28.87,-28.85,-27.69,-30.73,
2020-05-27,252,저금리(~2021),-28.7,-28.34,-26.47,-29.79,
2020-05-28,252,저금리(~2021),-31.11,-30.61,-29.76,-34.07,
2020-05-29,252,저금리(~2021),-29.8,-29.63,-29.33,-32.21,
2020-06-01,252,저금리(~2021),-26.23,-26.03,-25.25,-26.03,
2020-06-02,252,저금리(~2021),-25.56,-25.23,-24.42,-24.71,
2020-06-03,252,저금리(~2021),-24.68,-24.14,-22.4,-22.89,
2020-06-04,252,저금리(~2021),-25.93,-25.69,-23.62,-25.37,
2020-06-05,252,저금리(~2021),-24.88,-25.09,-24.12,-24.37,
2020-06-08,252,저금리(~2021),-25.37,-25.26,-24.23,-24.64,
2020-06-09,252,저금리(~2021),-25.0,-25.04,-23.98,-24.27,
2020-06-10,252,저금리(~2021),-24.06,-24.6,-23.51,-23.55,
2020-06-11,252,저금리(~2021),-24.54,-24.15,-23.07,-22.83,
2020-06-12,252,저금리(~2021),-27.26,-27.23,-26.7,-27.99,
2020-06-15,252,저금리(~2021),-31.59,-31.78,-31.79,-37.23,
2020-06-16,252,저금리(~2021),-26.22,-26.89,-27.71,-28.61,
2020-06-17,252,저금리(~2021),-27.18,-26.97,-27.33,-28.75,
2020-06-18,252,저금리(~2021),-26.95,-26.68,-26.75,-28.23,
2020-06-19,252,저금리(~2021),-26.09,-25.97,-26.88,-26.99,
2020-06-22,252,저금리(~2021),-25.27,-24.95,-25.54,-25.32,
2020-06-23,252,저금리(~2021),-25.38,-24.67,-25.5,-24.85,
2020-06-24,252,저금리(~2021),-25.74,-25.06,-24.19,-25.49,
2020-06-25,252,저금리(~2021),-27.03,-26.98,-25.83,-28.83,
2020-06-26,252,저금리(~2021),-27.0,-26.66,-25.94,-28.27,
2020-06-29,252,저금리(~2021),-29.94,-29.32,-29.91,-33.14,
2020-06-30,252,저금리(~2021),-28.85,-28.34,-28.62,-31.3,
2020-07-01,252,저금리(~2021),-30.17,-29.88,-30.21,-34.24,
2020-07-02,252,저금리(~2021),-27.71,-27.19,-26.61,-29.27,
2020-07-03,252,저금리(~2021),-26.51,-25.85,-24.65,-26.96,
2020-07-06,252,저금리(~2021),-25.83,-25.46,-25.38,-26.31,
2020-07-07,252,저금리(~2021),-26.36,-25.75,-25.61,-26.8,
2020-07-08,252,저금리(~2021),-25.94,-25.48,-25.32,-26.33,
2020-07-09,252,저금리(~2021),-26.55,-26.07,-26.0,-27.32,
2020-07-10,252,저금리(~2021),-26.14,-25.44,-25.31,-26.24,
2020-07-13,252,저금리(~2021),-25.43,-25.01,-25.15,-25.53,
2020-07-14,252,저금리(~2021),-25.47,-25.27,-24.64,-25.96,
2020-07-15,252,저금리(~2021),-25.15,-24.96,-25.72,-25.45,
2020-07-16,252,저금리(~2021),-26.82,-26.48,-26.89,-28.04,
2020-07-17,252,저금리(~2021),-26.11,-25.74,-25.83,-26.79,
2020-07-20,252,저금리(~2021),-25.63,-25.16,-26.12,-25.78,
2020-07-21,252,저금리(~2021),-24.32,-23.86,-24.47,-23.67,
2020-07-22,252,저금리(~2021),-22.93,-22.59,-23.42,-21.62,
2020-07-23,252,저금리(~2021),-22.47,-22.19,-21.19,-21.0,
2020-07-24,252,저금리(~2021),-21.81,-21.6,-20.17,-20.08,
2020-07-27,252,저금리(~2021),-22.43,-21.91,-20.9,-20.54,
2020-07-28,252,저금리(~2021),-21.12,-20.65,-20.6,-18.64,
2020-07-29,252,저금리(~2021),-22.35,-22.12,-21.82,-20.85,
2020-07-30,252,저금리(~2021),-22.92,-22.36,-21.79,-21.24,
2020-07-31,252,저금리(~2021),-22.9,-22.31,-21.05,-21.15,
2020-08-03,252,저금리(~2021),-21.64,-21.21,-19.29,-19.5,
2020-08-04,252,저금리(~2021),-20.33,-19.82,-19.03,-17.42,
2020-08-05,252,저금리(~2021),-18.65,-18.24,-17.0,-15.23,
2020-08-06,252,저금리(~2021),-17.48,-17.03,-15.67,-13.54,
2020-08-07,252,저금리(~2021),-16.34,-15.75,-14.48,-11.81,
2020-08-10,252,저금리(~2021),-14.26,-13.77,-12.44,-9.2,
2020-08-11,252,저금리(~2021),-16.04,-15.52,-14.62,-11.42,
2020-08-12,252,저금리(~2021),-15.8,-15.45,-14.09,-11.34,
2020-08-13,252,저금리(~2021),-12.64,-12.36,-12.43,-7.41,
2020-08-14,252,저금리(~2021),-17.7,-17.73,-17.77,-14.47,
2020-08-18,252,저금리(~2021),-22.06,-21.62,-21.68,-20.21,
2020-08-19,252,저금리(~2021),-20.7,-19.96,-20.77,-17.77,
2020-08-20,252,저금리(~2021),-23.46,-23.03,-23.82,-22.62,
2020-08-21,252,저금리(~2021),-23.11,-22.44,-23.47,-21.7,
2020-08-24,252,저금리(~2021),-21.26,-20.86,-20.05,-19.35,
2020-08-25,252,저금리(~2021),-20.23,-19.99,-18.68,-18.09,
2020-08-26,252,저금리(~2021),-20.72,-20.42,-19.58,-18.72,
2020-08-27,252,저금리(~2021),-20.79,-20.58,-20.82,-18.96,
2020-08-28,252,저금리(~2021),-20.61,-20.12,-19.99,-18.29,
2020-08-31,252,저금리(~2021),-20.15,-19.9,-19.44,-17.97,
2020-09-01,252,저금리(~2021),-20.31,-19.75,-18.58,-17.74,
2020-09-02,252,저금리(~2021),-16.95,-16.72,-14.73,-13.47,
2020-09-03,252,저금리(~2021),-16.4,-16.44,-15.71,-13.09,
2020-09-04,252,저금리(~2021),-18.37,-18.55,-17.6,-16.04,
2020-09-07,252,저금리(~2021),-16.29,-16.41,-15.32,-13.09,
2020-09-08,252,저금리(~2021),-16.96,-16.99,-16.11,-13.86,
2020-09-09,252,저금리(~2021),-19.3,-19.43,-18.9,-17.34,
2020-09-10,252,저금리(~2021),-18.16,-18.28,-17.98,-15.71,
2020-09-11,252,저금리(~2021),-18.56,-18.88,-18.4,-16.57,
2020-09-14,252,저금리(~2021),-17.91,-18.16,-19.37,-15.55,
2020-09-15,252,저금리(~2021),-16.72,-16.99,-17.34,-13.94,
2020-09-16,252,저금리(~2021),-16.47,-16.89,-16.61,-13.81,
2020-09-17,252,저금리(~2021),-15.78,-15.97,-16.81,-12.49,
2020-09-18,252,저금리(~2021),-14.0,-13.77,-13.7,-9.65,
2020-09-21,252,저금리(~2021),-16.89,-16.58,-17.4,-13.41,
2020-09-22,252,저금리(~2021),-17.76,-18.24,-17.71,-15.87,
2020-09-23,252,저금리(~2021),-15.83,-16.02,-15.09,-12.75,
2020-09-24,252,저금리(~2021),-17.92,-17.62,-17.41,-15.11,
2020-09-25,252,저금리(~2021),-20.0,-19.98,-20.51,-18.42,
2020-09-28,252,저금리(~2021),-15.75,-16.3,-16.89,-13.41,
2020-09-29,252,저금리(~2021),-13.36,-13.97,-14.48,-10.31,
2020-10-05,252,저금리(~2021),-13.53,-13.65,-13.32,-9.92,
2020-10-06,252,저금리(~2021),-16.75,-17.01,-15.25,-14.22,
2020-10-07,252,저금리(~2021),-16.38,-16.55,-16.07,-13.61,
2020-10-08,252,저금리(~2021),-16.55,-17.04,-16.39,-14.27,
2020-10-12,252,저금리(~2021),-17.5,-17.72,-16.81,-15.2,
2020-10-13,252,저금리(~2021),-17.37,-17.7,-16.98,-15.17,
2020-10-14,252,저금리(~2021),-18.06,-18.2,-17.98,-15.89,
2020-10-15,252,저금리(~2021),-20.4,-21.03,-20.65,-20.13,
2020-10-16,252,저금리(~2021),-21.22,-21.33,-20.78,-20.6,
2020-10-19,252,저금리(~2021),-23.85,-24.34,-24.88,-25.33,
2020-10-20,252,저금리(~2021),-22.73,-22.82,-22.61,-22.89,
2020-10-21,252,저금리(~2021),-21.01,-20.99,-20.41,-20.03,
2020-10-22,252,저금리(~2021),-22.76,-22.79,-23.08,-22.96,
2020-10-23,252,저금리(~2021),-24.07,-24.6,-23.58,-25.89,
2020-10-26,252,저금리(~2021),-27.56,-27.73,-27.45,-31.45,
2020-10-27,252,저금리(~2021),-26.47,-26.64,-25.89,-29.52,
2020-10-28,252,저금리(~2021),-24.22,-24.47,-23.88,-25.93,
2020-10-29,252,저금리(~2021),-23.43,-23.47,-24.14,-24.33,
2020-10-30,252,저금리(~2021),-25.88,-26.1,-27.15,-29.0,
2020-11-02,252,저금리(~2021),-25.4,-25.52,-26.5,-28.01,
2020-11-03,252,저금리(~2021),-21.68,-21.95,-22.87,-22.13,
2020-11-04,252,저금리(~2021),-20.69,-21.15,-21.32,-20.93,
2020-11-05,252,저금리(~2021),-20.7,-21.21,-20.11,-21.02,
2020-11-06,252,저금리(~2021),-24.21,-24.46,-24.61,-26.19,
2020-11-09,252,저금리(~2021),-23.51,-23.85,-23.94,-25.2,
2020-11-10,252,저금리(~2021),-24.24,-24.58,-24.11,-26.44,
2020-11-11,252,저금리(~2021),-24.02,-24.23,-24.11,-25.86,
2020-11-12,252,저금리(~2021),-25.12,-25.52,-26.11,-28.03,
2020-11-13,252,저금리(~2021),-24.39,-24.71,-24.99,-26.65,
2020-11-16,252,저금리(~2021),-21.56,-21.56,-21.39,-21.49,
2020-11-17,252,저금리(~2021),-23.4,-23.61,-24.52,-24.75,
2020-11-18,252,저금리(~2021),-21.25,-21.59,-21.72,-21.56,
2020-11-19,252,저금리(~2021),-19.37,-19.74,-19.52,-18.77,
2020-11-20,252,저금리(~2021),-18.25,-18.72,-18.92,-17.29,
2020-11-23,252,저금리(~2021),-16.49,-16.88,-15.34,-14.67,
2020-11-24,252,저금리(~2021),-17.81,-18.14,-16.86,-16.44,
2020-11-25,252,저금리(~2021),-17.74,-18.07,-16.55,-16.34,
2020-11-26,252,저금리(~2021),-18.53,-18.78,-17.66,-17.32,
2020-11-27,252,저금리(~2021),-16.05,-16.16,-16.44,-13.65,
2020-11-30,252,저금리(~2021),-17.11,-17.37,-17.09,-15.3,
2020-12-01,252,저금리(~2021),-17.17,-17.89,-17.74,-16.01,
2020-12-02,252,저금리(~2021),-17.48,-18.49,-18.72,-16.84,
2020-12-03,252,저금리(~2021),-14.58,-15.44,-14.64,-12.65,
2020-12-04,252,저금리(~2021),-12.04,-12.94,-10.58,-9.45,
2020-12-07,252,저금리(~2021),-8.65,-9.43,-7.11,-5.33,
2020-12-08,252,저금리(~2021),-12.95,-13.94,-13.22,-11.01,
2020-12-09,252,저금리(~2021),-12.63,-13.63,-11.51,-10.62,
2020-12-10,252,저금리(~2021),-10.42,-11.23,-9.29,-7.63,
2020-12-11,252,저금리(~2021),-9.11,-9.84,-8.26,-5.98,
2020-12-14,252,저금리(~2021),-9.38,-10.06,-8.01,-6.24,
2020-12-15,252,저금리(~2021),-9.59,-10.34,-8.39,-6.57,
2020-12-16,252,저금리(~2021),-9.12,-10.14,-8.65,-6.34,
2020-12-17,252,저금리(~2021),-8.73,-9.28,-7.15,-5.34,
2020-12-18,252,저금리(~2021),-9.63,-10.65,-8.66,-6.92,
2020-12-21,252,저금리(~2021),-10.47,-11.86,-10.45,-8.33,
2020-12-22,252,저금리(~2021),-12.21,-13.07,-10.98,-9.92,
2020-12-23,252,저금리(~2021),-12.81,-13.41,-11.4,-10.36,
2020-12-24,252,저금리(~2021),-11.44,-12.36,-9.71,-9.05,
2020-12-28,252,저금리(~2021),-9.42,-9.84,-7.34,-5.98,
2020-12-29,252,저금리(~2021),-3.78,-4.81,-3.49,-0.39,
2020-12-30,252,저금리(~2021),-0.46,-1.75,0.37,2.82,
2021-01-04,252,저금리(~2021),-2.4,-3.62,-2.12,0.95,
2021-01-05,252,저금리(~2021),-0.23,-0.6,-0.12,4.03,
2021-01-06,252,저금리(~2021),-0.57,-1.23,-0.05,3.41,
2021-01-07,252,저금리(~2021),-2.85,-3.82,-0.84,0.9,
2021-01-08,252,저금리(~2021),-0.57,-1.43,1.23,3.31,
2021-01-11,252,저금리(~2021),1.15,0.07,1.48,4.79,
2021-01-12,252,저금리(~2021),1.49,0.58,3.3,5.27,
2021-01-13,252,저금리(~2021),2.97,1.67,3.98,6.3,
2021-01-14,252,저금리(~2021),3.28,2.02,3.51,6.63,
2021-01-15,252,저금리(~2021),-2.21,-3.08,-0.97,1.74,
2021-01-18,252,저금리(~2021),-3.23,-3.75,-2.01,1.02,
2021-01-19,252,저금리(~2021),0.98,0.14,0.87,4.92,
2021-01-20,252,저금리(~2021),5.84,4.74,5.83,9.06,
2021-01-21,252,저금리(~2021),7.4,6.12,6.16,10.27,
2021-01-22,252,저금리(~2021),11.73,10.58,7.58,14.05,
2021-01-25,252,저금리(~2021),11.89,10.77,10.76,14.19,
2021-01-26,252,저금리(~2021),8.69,7.48,8.05,11.61,
2021-01-27,252,저금리(~2021),6.32,5.04,6.32,9.54,
2021-01-28,252,저금리(~2021),5.76,4.59,5.55,9.15,
2021-01-29,252,저금리(~2021),3.11,2.4,2.84,7.12,
2021-02-01,252,저금리(~2021),5.27,3.93,5.79,8.4,
2021-02-02,252,저금리(~2021),7.74,6.78,7.27,10.92,
2021-02-03,252,저금리(~2021),11.37,9.9,9.24,13.5,
2021-02-04,252,저금리(~2021),11.23,10.2,10.07,13.74,
2021-02-05,252,저금리(~2021),13.06,12.08,12.75,15.21,
2021-02-08,252,저금리(~2021),6.42,5.2,7.57,9.91,
2021-02-09,252,저금리(~2021),7.14,5.84,6.97,10.47,
2021-02-10,252,저금리(~2021),6.28,5.12,7.91,9.87,
2021-02-15,252,저금리(~2021),7.96,6.8,9.2,11.27,
2021-02-16,252,저금리(~2021),7.72,6.46,8.02,10.98,
2021-02-17,252,저금리(~2021),5.48,4.28,6.2,9.12,
2021-02-18,252,저금리(~2021),7.79,6.29,7.7,10.9,
2021-02-19,252,저금리(~2021),3.69,2.5,3.78,7.74,
2021-02-22,252,저금리(~2021),0.85,-0.02,2.03,5.38,
2021-02-23,252,저금리(~2021),-3.22,-4.12,-2.93,1.32,
2021-02-24,252,저금리(~2021),-8.46,-9.22,-11.09,-4.23,
2021-02-25,252,저금리(~2021),-1.9,-3.33,-2.37,1.98,
2021-02-26,252,저금리(~2021),-2.67,-3.47,-1.57,1.84,
2021-03-02,252,저금리(~2021),0.84,-0.3,1.68,4.93,
2021-03-03,252,저금리(~2021),-2.12,-2.46,-1.0,2.91,
2021-03-04,252,저금리(~2021),-2.63,-2.6,-1.71,2.76,
2021-03-05,252,저금리(~2021),0.32,0.49,3.2,5.84,
2021-03-08,252,저금리(~2021),-1.75,-1.92,-0.22,3.48,
2021-03-09,252,저금리(~2021),-5.53,-5.83,-5.17,-0.44,
2021-03-10,252,저금리(~2021),-8.38,-8.03,-7.64,-2.77,
2021-03-11,252,저금리(~2021),-7.21,-7.33,-7.06,-2.02,
2021-03-12,252,저금리(~2021),-3.94,-3.9,-1.44,1.62,
2021-03-15,252,저금리(~2021),-4.98,-4.99,-3.89,0.49,
2021-03-16,252,저금리(~2021),-3.48,-3.74,-1.3,1.74,
2021-03-17,252,저금리(~2021),-2.94,-2.93,-0.65,2.56,
2021-03-18,252,저금리(~2021),-2.51,-2.64,-1.47,2.85,
2021-03-19,252,저금리(~2021),-1.09,-1.52,0.36,3.98,
2021-03-22,252,저금리(~2021),-2.74,-2.99,-2.4,2.55,
2021-03-23,252,저금리(~2021),-3.59,-3.91,-3.0,1.63,
2021-03-24,252,저금리(~2021),-3.08,-2.7,-0.86,2.83,
2021-03-25,252,저금리(~2021),-2.42,-2.45,-1.03,3.08,
2021-03-26,252,저금리(~2021),-3.19,-3.33,-4.71,2.2,
2021-03-29,252,저금리(~2021),-4.15,-4.49,-3.38,1.03,
2021-03-30,252,저금리(~2021),-2.51,-2.72,-0.43,2.86,
2021-03-31,252,저금리(~2021),-2.39,-2.63,-0.55,2.95,
2021-04-01,252,저금리(~2021),-2.2,-2.46,-0.78,3.11,
2021-04-02,252,저금리(~2021),0.44,0.08,1.44,5.65,
2021-04-05,252,저금리(~2021),0.66,0.19,3.1,5.75,
2021-04-06,252,저금리(~2021),-2.17,-2.48,-0.52,3.22,
2021-04-07,252,저금리(~2021),-1.85,-2.16,-0.94,3.54,
2021-04-08,252,저금리(~2021),0.44,0.14,1.14,5.76,
2021-04-09,252,저금리(~2021),1.66,1.58,2.21,7.09,
2021-04-12,252,저금리(~2021),0.22,0.04,3.07,5.72,
2021-04-13,252,저금리(~2021),2.73,2.52,4.44,7.97,
2021-04-14,252,저금리(~2021),3.19,2.94,6.02,8.35,
2021-04-15,252,저금리(~2021),4.44,4.46,7.35,9.72,
2021-04-16,252,저금리(~2021),7.92,7.87,9.4,12.62,
2021-04-19,252,저금리(~2021),7.44,6.99,9.81,11.93,
2021-04-20,252,저금리(~2021),9.03,8.29,9.2,13.01,
2021-04-21,252,저금리(~2021),7.75,6.98,8.11,11.94,
2021-04-22,252,저금리(~2021),5.6,5.15,7.49,10.44,
2021-04-23,252,저금리(~2021),6.86,6.58,8.44,11.66,
2021-04-26,252,저금리(~2021),6.19,5.67,4.53,10.91,
2021-04-27,252,저금리(~2021),5.43,4.75,6.08,10.11,
2021-04-28,252,저금리(~2021),4.73,4.7,7.0,10.06,
2021-04-29,252,저금리(~2021),6.07,5.8,7.69,11.03,
2021-04-30,252,저금리(~2021),6.26,6.21,7.32,11.38,
2021-05-03,252,저금리(~2021),0.63,0.17,1.82,6.04,
2021-05-04,252,저금리(~2021),6.46,5.97,8.86,11.37,
2021-05-06,252,저금리(~2021),1.8,1.22,3.45,7.35,
2021-05-07,252,저금리(~2021),3.42,3.33,4.68,9.22,
2021-05-10,252,저금리(~2021),3.83,2.92,4.41,8.88,
2021-05-11,252,저금리(~2021),0.0,-0.71,0.62,5.52,
2021-05-12,252,저금리(~2021),0.32,-0.25,3.31,5.97,
2021-05-13,252,저금리(~2021),-4.36,-4.81,-1.65,1.54,
2021-05-14,252,저금리(~2021),-2.77,-3.29,0.7,3.04,
2021-05-17,252,저금리(~2021),0.32,-0.2,3.64,6.13,
2021-05-18,252,저금리(~2021),0.0,-0.62,1.86,5.75,
2021-05-20,252,저금리(~2021),0.76,-0.11,3.73,6.23,
2021-05-21,252,저금리(~2021),-0.11,-1.04,0.93,5.35,
2021-05-24,252,저금리(~2021),-3.79,-4.26,-2.09,2.15,
2021-05-25,252,저금리(~2021),-2.26,-3.47,-0.36,2.93,
2021-05-26,252,저금리(~2021),-1.61,-2.22,0.43,4.19,
2021-05-27,252,저금리(~2021),-0.54,-1.18,-1.42,5.18,
2021-05-28,252,저금리(~2021),2.27,1.62,3.68,7.88,
2021-05-31,252,저금리(~2021),2.29,1.87,4.73,8.1,
2021-06-01,252,저금리(~2021),1.41,1.7,3.98,7.94,
2021-06-02,252,저금리(~2021),1.51,1.32,2.81,7.59,
2021-06-03,252,저금리(~2021),7.18,6.56,9.01,12.25,
2021-06-04,252,저금리(~2021),6.26,6.37,9.78,12.09,
2021-06-07,252,저금리(~2021),8.94,8.29,10.8,13.7,
2021-06-08,252,저금리(~2021),8.45,8.08,9.73,13.53,
2021-06-09,252,저금리(~2021),7.58,7.32,8.79,12.91,
2021-06-10,252,저금리(~2021),12.54,13.08,13.79,17.34,
2021-06-11,252,저금리(~2021),11.0,11.45,15.31,16.14,
2021-06-14,252,저금리(~2021),17.11,17.3,19.8,20.44,
2021-06-15,252,저금리(~2021),20.57,21.19,23.08,23.09,
2021-06-16,252,저금리(~2021),13.16,13.6,17.97,18.26,
2021-06-17,252,저금리(~2021),11.69,11.63,14.53,16.86,
2021-06-18,252,저금리(~2021),15.58,16.11,20.66,20.03,
2021-06-21,252,저금리(~2021),17.75,18.62,20.39,21.78,
2021-06-22,252,저금리(~2021),20.07,21.03,22.38,23.38,
2021-06-23,252,저금리(~2021),23.76,24.35,25.73,25.44,
2021-06-24,252,저금리(~2021),23.28,23.74,24.83,25.07,
2021-06-25,252,저금리(~2021),16.87,17.85,16.81,21.46,
2021-06-28,252,저금리(~2021),19.55,20.71,22.64,23.34,
2021-06-29,252,저금리(~2021),17.4,17.97,21.48,21.62,
2021-06-30,252,저금리(~2021),17.1,17.51,20.7,21.32,
2021-07-01,252,저금리(~2021),18.0,18.75,21.61,22.14,
2021-07-02,252,저금리(~2021),21.2,21.87,25.86,24.17,
2021-07-05,252,저금리(~2021),19.56,19.99,26.08,23.03,
2021-07-06,252,저금리(~2021),18.66,19.53,24.46,22.73,
2021-07-07,252,저금리(~2021),19.05,19.85,23.7,22.94,
2021-07-08,252,저금리(~2021),15.33,15.59,19.22,20.1,
2021-07-09,252,저금리(~2021),14.5,14.62,16.91,19.42,
2021-07-12,252,저금리(~2021),12.79,13.26,18.83,18.47,
2021-07-13,252,저금리(~2021),13.46,14.12,17.57,19.08,
2021-07-14,252,저금리(~2021),15.09,15.72,18.0,20.21,
2021-07-15,252,저금리(~2021),16.37,17.11,22.7,21.15,
2021-07-16,252,저금리(~2021),15.83,16.09,20.02,20.45,
2021-07-19,252,저금리(~2021),14.9,15.3,20.47,19.91,
2021-07-20,252,저금리(~2021),13.56,13.79,15.61,18.85,
2021-07-21,252,저금리(~2021),12.75,13.33,14.13,18.52,
2021-07-22,252,저금리(~2021),13.93,14.26,14.44,19.18,
2021-07-23,252,저금리(~2021),14.67,15.35,15.56,19.95,
2021-07-26,252,저금리(~2021),11.53,12.1,10.7,17.64,
2021-07-27,252,저금리(~2021),9.05,9.63,9.87,15.82,
2021-07-28,252,저금리(~2021),6.29,6.63,8.51,13.46,
2021-07-29,252,저금리(~2021),7.62,8.15,10.22,14.67,
2021-07-30,252,저금리(~2021),4.76,5.4,6.85,12.42,
2021-08-02,252,저금리(~2021),8.87,9.27,11.64,15.55,
2021-08-03,252,저금리(~2021),6.9,7.02,11.56,13.8,
2021-08-04,252,저금리(~2021),9.09,9.23,12.77,15.53,
2021-08-05,252,저금리(~2021),9.02,8.96,11.41,15.32,
2021-08-06,252,저금리(~2021),9.98,10.38,13.46,16.42,
2021-08-09,252,저금리(~2021),10.58,11.03,13.03,16.91,
2021-08-10,252,저금리(~2021),11.89,12.16,17.77,17.77,
2021-08-11,252,저금리(~2021),14.85,16.35,20.15,20.8,
2021-08-12,252,저금리(~2021),16.65,16.89,19.45,21.17,
2021-08-13,252,저금리(~2021),13.87,14.05,19.79,19.22,
2021-08-17,252,저금리(~2021),8.82,8.92,12.89,15.43,
2021-08-18,252,저금리(~2021),12.31,12.28,17.59,17.95,
2021-08-19,252,저금리(~2021),13.37,13.55,15.7,18.92,
2021-08-20,252,저금리(~2021),8.18,8.5,9.92,15.2,
2021-08-23,252,저금리(~2021),10.01,10.58,11.2,16.73,
2021-08-24,252,저금리(~2021),15.43,15.73,16.26,20.45,
2021-08-25,252,저금리(~2021),15.85,15.53,14.25,20.31,
2021-08-26,252,저금리(~2021),18.6,18.39,18.33,22.27,
2021-08-27,252,저금리(~2021),18.01,17.89,19.47,21.94,
2021-08-30,252,저금리(~2021),20.52,20.73,22.38,23.79,
2021-08-31,252,저금리(~2021),18.57,18.77,20.32,22.57,
2021-09-01,252,저금리(~2021),15.95,16.3,19.34,20.98,
2021-09-02,252,저금리(~2021),19.57,19.59,24.65,23.23,
2021-09-03,252,저금리(~2021),21.27,21.08,24.93,24.18,
2021-09-06,252,저금리(~2021),23.2,23.16,25.47,25.48,
2021-09-07,252,저금리(~2021),25.85,25.82,28.67,27.08,
2021-09-08,252,저금리(~2021),22.78,22.86,24.52,25.3,
2021-09-09,252,저금리(~2021),23.76,24.37,30.23,26.21,
2021-09-10,252,저금리(~2021),25.12,26.27,30.37,27.32,
2021-09-13,252,저금리(~2021),27.59,28.14,30.69,28.42,
2021-09-14,252,저금리(~2021),34.53,35.37,40.7,32.34,
2021-09-15,252,저금리(~2021),33.7,33.6,37.47,31.47,
2021-09-16,252,저금리(~2021),38.0,38.94,43.37,34.22,
2021-09-17,252,저금리(~2021),37.7,37.98,40.66,33.77,
2021-09-23,252,저금리(~2021),38.91,39.44,40.45,34.47,
2021-09-24,252,저금리(~2021),32.89,33.93,34.31,31.87,
2021-09-27,252,저금리(~2021),35.7,36.84,36.68,33.37,
2021-09-28,252,저금리(~2021),27.99,29.04,27.4,29.34,
2021-09-29,252,저금리(~2021),29.42,30.23,29.99,30.0,
2021-09-30,252,저금리(~2021),35.28,35.84,36.43,32.98,
2021-10-01,252,저금리(~2021),30.51,30.95,32.5,30.46,
2021-10-05,252,저금리(~2021),30.8,31.38,31.59,30.7,
2021-10-06,252,저금리(~2021),21.83,22.05,25.05,25.5,
2021-10-07,252,저금리(~2021),25.56,26.18,31.32,27.89,
2021-10-08,252,저금리(~2021),21.25,21.77,26.62,25.35,
2021-10-12,252,저금리(~2021),21.33,22.11,25.6,25.57,
2021-10-13,252,저금리(~2021),25.86,26.39,30.23,28.11,
2021-10-14,252,저금리(~2021),30.57,31.19,32.94,30.66,
2021-10-15,252,저금리(~2021),26.5,26.63,33.62,28.25,
2021-10-18,252,저금리(~2021),26.64,27.61,32.86,28.81,
2021-10-19,252,저금리(~2021),29.31,29.56,33.28,29.87,
2021-10-20,252,저금리(~2021),25.32,25.93,32.01,27.87,
2021-10-21,252,저금리(~2021),25.72,26.19,31.25,28.02,
2021-10-22,252,저금리(~2021),24.48,25.51,30.28,27.64,
2021-10-25,252,저금리(~2021),24.62,25.39,28.85,27.57,
2021-10-26,252,저금리(~2021),28.37,28.99,30.52,29.55,
2021-10-27,252,저금리(~2021),29.53,30.43,31.49,30.34,
2021-10-28,252,저금리(~2021),28.11,28.41,28.87,29.23,
2021-10-29,252,저금리(~2021),25.43,25.44,24.33,27.56,
2021-11-01,252,저금리(~2021),23.89,24.23,24.19,26.89,
2021-11-02,252,저금리(~2021),25.68,26.38,26.45,28.12,
2021-11-03,252,저금리(~2021),27.65,28.57,30.34,29.38,
2021-11-04,252,저금리(~2021),20.52,21.63,20.89,25.59,
2021-11-05,252,저금리(~2021),23.1,23.62,27.63,26.78,
2021-11-08,252,저금리(~2021),18.46,18.14,22.41,23.49,
2021-11-09,252,저금리(~2021),20.31,20.56,25.98,25.03,
2021-11-10,252,저금리(~2021),18.26,18.58,22.11,23.73,
2021-11-11,252,저금리(~2021),21.03,21.35,24.88,25.47,
2021-11-12,252,저금리(~2021),26.11,26.86,28.94,28.73,
2021-11-15,252,저금리(~2021),30.96,31.77,40.18,31.36,
2021-11-16,252,저금리(~2021),28.52,28.42,34.59,29.62,
2021-11-17,252,저금리(~2021),24.79,24.84,28.67,27.63,
2021-11-18,252,저금리(~2021),27.08,26.8,33.81,28.76,
2021-11-19,252,저금리(~2021),31.19,31.27,38.02,31.21,
2021-11-22,252,저금리(~2021),27.96,27.9,33.9,29.42,
2021-11-23,252,저금리(~2021),24.85,24.47,28.56,27.42,
2021-11-24,252,저금리(~2021),23.52,23.5,25.35,26.86,
2021-11-25,252,저금리(~2021),24.94,25.43,26.99,28.03,
2021-11-26,252,저금리(~2021),23.19,23.27,24.2,26.77,
2021-11-29,252,저금리(~2021),25.53,25.78,25.62,28.27,
2021-11-30,252,저금리(~2021),23.6,24.13,24.88,27.29,
2021-12-01,252,저금리(~2021),24.62,25.55,26.43,28.11,
2021-12-02,252,저금리(~2021),22.86,24.32,26.74,27.4,
2021-12-03,252,저금리(~2021),28.16,29.02,28.29,30.01,
2021-12-06,252,저금리(~2021),25.89,26.26,30.5,28.47,
2021-12-07,252,저금리(~2021),24.37,25.92,30.23,28.28,
2021-12-08,252,저금리(~2021),28.0,29.42,34.96,30.22,
2021-12-09,252,저금리(~2021),31.65,33.7,37.83,32.45,
2021-12-10,252,저금리(~2021),29.18,31.16,34.96,31.12,
2021-12-13,252,저금리(~2021),30.97,33.09,35.18,32.15,
2021-12-14,252,저금리(~2021),29.74,30.97,39.6,31.06,
2021-12-15,252,저금리(~2021),27.69,29.54,35.88,30.32,
2021-12-16,252,저금리(~2021),33.29,35.59,39.14,33.55,
2021-12-17,252,저금리(~2021),29.38,31.02,38.33,31.25,
2021-12-20,252,저금리(~2021),26.85,28.33,35.41,29.82,
2021-12-21,252,저금리(~2021),31.53,33.02,39.24,32.35,
2021-12-22,252,저금리(~2021),34.1,35.75,39.92,33.74,
2021-12-23,252,저금리(~2021),35.91,38.26,39.26,34.95,
2021-12-24,252,저금리(~2021),35.47,37.14,38.49,34.42,
2021-12-27,252,저금리(~2021),36.27,38.55,39.3,35.08,
2021-12-28,252,저금리(~2021),41.13,44.28,44.32,37.6,
2021-12-29,252,저금리(~2021),36.89,38.49,39.86,34.99,
2021-12-30,252,저금리(~2021),34.74,36.15,37.82,33.9,
2022-01-03,252,고금리(2022~),36.89,38.95,42.29,35.25,
2022-01-04,252,고금리(2022~),31.58,33.32,33.11,32.54,
2022-01-05,252,고금리(2022~),27.65,29.5,34.27,30.5,
2022-01-06,252,고금리(2022~),24.25,26.16,30.76,28.59,
2022-01-07,252,고금리(2022~),24.91,26.75,32.62,28.92,
2022-01-10,252,고금리(2022~),24.71,25.66,30.55,28.28,
2022-01-11,252,고금리(2022~),23.44,24.75,29.17,27.75,
2022-01-12,252,고금리(2022~),27.11,28.47,30.75,29.79,
2022-01-13,252,고금리(2022~),24.6,25.65,34.26,28.2,
2022-01-14,252,고금리(2022~),19.86,21.08,27.66,25.49,
2022-01-17,252,고금리(2022~),17.25,18.47,21.81,23.87,
2022-01-18,252,고금리(2022~),15.44,17.56,24.57,23.27,
2022-01-19,252,고금리(2022~),15.24,16.6,23.72,22.63,
2022-01-20,252,고금리(2022~),18.69,19.8,25.34,24.63,
2022-01-21,252,고금리(2022~),14.0,14.87,17.85,21.42,
2022-01-24,252,고금리(2022~),8.56,9.55,9.65,17.58,
2022-01-25,252,고금리(2022~),6.05,7.37,8.16,15.88,
2022-01-26,252,고금리(2022~),5.53,6.64,8.36,15.29,
2022-01-27,252,고금리(2022~),-1.3,-0.23,2.24,9.34,
2022-01-28,252,고금리(2022~),0.83,1.85,3.99,11.13,
2022-02-03,252,고금리(2022~),1.37,2.73,4.54,11.86,
2022-02-04,252,고금리(2022~),3.82,4.72,7.28,13.53,
2022-02-07,252,고금리(2022~),2.3,2.91,3.37,11.99,
2022-02-08,252,고금리(2022~),0.31,0.95,4.59,10.29,
2022-02-09,252,고금리(2022~),4.69,5.64,8.64,14.24,
2022-02-10,252,고금리(2022~),-2.08,-1.3,2.52,8.3,
2022-02-11,252,고금리(2022~),-2.73,-1.84,1.33,7.77,
2022-02-14,252,고금리(2022~),-6.8,-6.23,-4.09,3.52,
2022-02-15,252,고금리(2022~),-8.59,-7.91,-6.54,1.75,
2022-02-16,252,고금리(2022~),-1.04,0.22,6.19,9.54,
2022-02-17,252,고금리(2022~),-3.08,-1.96,2.73,7.52,
2022-02-18,252,고금리(2022~),-0.93,0.3,2.7,9.6,
2022-02-21,252,고금리(2022~),-1.14,-0.17,5.02,9.17,
2022-02-22,252,고금리(2022~),-4.3,-3.68,0.84,5.89,
2022-02-23,252,고금리(2022~),-1.56,-0.49,3.65,8.94,
2022-02-24,252,고금리(2022~),-7.63,-6.61,-4.62,2.99,
2022-02-25,252,고금리(2022~),-5.97,-5.33,-6.64,4.22,
2022-02-28,252,고금리(2022~),-5.16,-4.33,-4.97,5.23,
2022-03-02,252,고금리(2022~),-3.22,-2.47,-2.59,7.0,
2022-03-03,252,고금리(2022~),0.22,1.02,3.35,10.16,
2022-03-04,252,고금리(2022~),0.65,1.77,3.64,10.85,
2022-03-07,252,고금리(2022~),-2.85,-1.94,-0.59,7.45,
2022-03-08,252,고금리(2022~),-0.1,0.78,3.26,10.08,
2022-03-10,252,고금리(2022~),0.22,-0.03,0.24,9.4,
2022-03-11,252,고금리(2022~),0.43,0.11,3.68,9.53,
2022-03-14,252,고금리(2022~),-3.89,-4.92,-2.5,4.7,
2022-03-15,252,고금리(2022~),-4.3,-4.39,-0.82,5.23,
2022-03-16,252,고금리(2022~),-1.19,-2.01,0.94,7.45,
2022-03-17,252,고금리(2022~),0.0,-1.0,1.63,8.35,
2022-03-18,252,고금리(2022~),1.13,0.57,3.09,9.77,
2022-03-21,252,고금리(2022~),-1.44,-2.65,2.67,6.78,
2022-03-22,252,고금리(2022~),-1.45,-2.55,1.91,6.87,
2022-03-23,252,고금리(2022~),-0.56,-1.32,0.66,8.01,
2022-03-24,252,고금리(2022~),-2.69,-3.85,0.46,5.62,
2022-03-25,252,고금리(2022~),-4.03,-4.68,-0.5,4.81,
2022-03-28,252,고금리(2022~),-6.06,-6.55,-3.84,2.88,
2022-03-29,252,고금리(2022~),-4.39,-5.39,-3.37,4.04,
2022-03-30,252,고금리(2022~),-4.29,-4.86,-6.26,4.57,
2022-03-31,252,고금리(2022~),-6.14,-7.7,-8.87,1.72,
2022-04-01,252,고금리(2022~),-6.19,-7.54,-8.22,1.9,
2022-04-04,252,고금리(2022~),-8.4,-9.45,-8.65,-0.1,
2022-04-05,252,고금리(2022~),-10.49,-11.59,-13.0,-2.43,
2022-04-06,252,고금리(2022~),-13.45,-14.48,-16.21,-5.91,
2022-04-07,252,고금리(2022~),-12.25,-13.16,-14.84,-4.25,
2022-04-08,252,고금리(2022~),-11.57,-12.11,-14.32,-3.01,
2022-04-11,252,고금리(2022~),-15.1,-15.64,-15.98,-7.39,
2022-04-12,252,고금리(2022~),-15.94,-16.6,-16.98,-8.63,
2022-04-13,252,고금리(2022~),-13.76,-14.74,-14.22,-6.32,
2022-04-14,252,고금리(2022~),-13.38,-14.29,-13.95,-5.75,
2022-04-15,252,고금리(2022~),-11.4,-12.6,-11.09,-3.62,
2022-04-18,252,고금리(2022~),-10.24,-11.25,-9.35,-2.0,
2022-04-19,252,고금리(2022~),-6.25,-7.23,-2.19,2.4,
2022-04-20,252,고금리(2022~),-5.98,-6.47,-2.01,3.21,
2022-04-21,252,고금리(2022~),-5.86,-6.76,-4.68,2.91,
2022-04-22,252,고금리(2022~),-10.58,-12.01,-7.92,-2.75,
2022-04-25,252,고금리(2022~),-12.66,-13.53,-9.26,-4.62,
2022-04-26,252,고금리(2022~),-12.34,-13.32,-10.69,-4.38,
2022-04-27,252,고금리(2022~),-11.78,-12.47,-9.91,-3.31,
2022-04-28,252,고금리(2022~),-12.38,-13.02,-13.61,-3.95,
2022-04-29,252,고금리(2022~),-9.96,-10.36,-11.09,-0.9,
2022-05-02,252,고금리(2022~),-9.95,-10.7,-10.91,-1.3,
2022-05-03,252,고금리(2022~),-7.99,-8.85,-7.95,0.75,
2022-05-04,252,고금리(2022~),-7.19,-7.62,-9.6,2.1,
2022-05-06,252,고금리(2022~),-9.13,-10.55,-12.97,-1.18,
2022-05-09,252,고금리(2022~),-10.94,-12.09,-13.99,-3.01,
2022-05-10,252,고금리(2022~),-12.49,-13.82,-15.71,-5.07,
2022-05-11,252,고금리(2022~),-12.62,-13.6,-14.17,-4.82,
2022-05-12,252,고금리(2022~),-16.22,-16.77,-17.24,-9.04,
2022-05-13,252,고금리(2022~),-13.19,-14.3,-14.04,-6.06,
2022-05-16,252,고금리(2022~),-14.99,-15.97,-15.62,-8.14,
2022-05-17,252,고금리(2022~),-14.44,-15.44,-14.13,-7.49,
2022-05-18,252,고금리(2022~),-12.71,-13.3,-11.76,-4.84,
2022-05-19,252,고금리(2022~),-12.93,-13.85,-9.16,-5.53,
2022-05-20,252,고금리(2022~),-9.77,-10.78,-7.02,-2.0,
2022-05-23,252,고금리(2022~),-10.5,-11.43,-10.03,-2.74,
2022-05-24,252,고금리(2022~),-14.1,-14.75,-11.35,-6.83,
2022-05-25,252,고금리(2022~),-13.47,-14.21,-10.63,-6.18,
2022-05-26,252,고금리(2022~),-14.36,-14.94,-12.93,-7.1,
2022-05-27,252,고금리(2022~),-13.96,-14.49,-12.76,-6.53,
2022-05-30,252,고금리(2022~),-13.89,-15.02,-16.4,-7.17,
2022-05-31,252,고금리(2022~),-12.42,-13.38,-14.9,-5.14,
2022-06-02,252,고금리(2022~),-14.74,-16.41,-17.75,-8.91,
2022-06-03,252,고금리(2022~),-15.14,-16.76,-17.33,-9.37,
2022-06-07,252,고금리(2022~),-19.15,-20.58,-24.39,-14.68,
2022-06-08,252,고금리(2022~),-15.32,-16.77,-19.98,-9.22,
2022-06-09,252,고금리(2022~),-15.02,-17.21,-20.03,-9.79,
2022-06-10,252,고금리(2022~),-17.29,-19.78,-22.74,-13.27,
2022-06-13,252,고금리(2022~),-21.02,-22.7,-24.01,-17.72,
2022-06-14,252,고금리(2022~),-20.12,-22.05,-23.16,-16.72,
2022-06-15,252,고금리(2022~),-20.87,-22.45,-22.29,-17.35,
2022-06-16,252,고금리(2022~),-20.48,-22.42,-22.22,-17.31,
2022-06-17,252,고금리(2022~),-20.83,-22.53,-21.08,-17.47,
2022-06-20,252,고금리(2022~),-23.06,-25.02,-23.08,-21.46,
2022-06-21,252,고금리(2022~),-21.2,-23.37,-18.99,-18.84,
2022-06-22,252,고금리(2022~),-23.37,-25.02,-20.49,-21.62,
2022-06-23,252,고금리(2022~),-25.64,-27.52,-24.21,-25.97,
2022-06-24,252,고금리(2022~),-22.29,-24.07,-20.76,-20.68,
2022-06-27,252,고금리(2022~),-23.79,-25.21,-21.95,-22.42,
2022-06-28,252,고금리(2022~),-24.32,-25.69,-23.59,-23.23,
2022-06-29,252,고금리(2022~),-26.62,-28.14,-25.98,-27.51,
2022-06-30,252,고금리(2022~),-26.33,-28.61,-28.33,-28.37,
2022-07-01,252,고금리(2022~),-27.88,-29.38,-28.63,-29.82,
2022-07-04,252,고금리(2022~),-27.1,-28.68,-28.15,-28.52,
2022-07-05,252,고금리(2022~),-25.91,-27.68,-27.29,-26.86,
2022-07-06,252,고금리(2022~),-26.97,-29.06,-31.82,-29.39,
2022-07-07,252,고금리(2022~),-26.08,-27.96,-30.67,-27.48,
2022-07-08,252,고금리(2022~),-26.0,-27.88,-30.45,-27.35,
2022-07-11,252,고금리(2022~),-26.24,-27.85,-30.65,-27.29,
2022-07-12,252,고금리(2022~),-30.04,-32.45,-33.95,-35.79,
2022-07-13,252,고금리(2022~),-29.97,-31.95,-34.02,-34.86,
2022-07-14,252,고금리(2022~),-30.57,-32.52,-33.89,-36.0,
2022-07-15,252,고금리(2022~),-31.41,-33.23,-34.55,-37.41,
2022-07-18,252,고금리(2022~),-30.75,-32.56,-33.24,-36.08,
2022-07-19,252,고금리(2022~),-32.9,-34.85,-35.65,-40.66,
2022-07-20,252,고금리(2022~),-28.95,-30.45,-27.92,-31.47,
2022-07-21,252,고금리(2022~),-26.37,-27.86,-24.15,-26.57,
2022-07-22,252,고금리(2022~),-29.93,-31.74,-29.63,-33.54,
2022-07-25,252,고금리(2022~),-32.06,-34.1,-32.84,-38.15,
2022-07-26,252,고금리(2022~),-31.86,-33.46,-31.25,-36.8,
2022-07-27,252,고금리(2022~),-28.17,-29.79,-27.63,-29.36,
2022-07-28,252,고금리(2022~),-29.59,-31.67,-29.47,-32.77,
2022-07-29,252,고금리(2022~),-28.37,-30.26,-29.47,-30.04,
2022-08-01,252,고금리(2022~),-25.59,-27.1,-24.68,-24.18,
2022-08-02,252,고금리(2022~),-25.69,-27.69,-25.82,-25.2,
2022-08-03,252,고금리(2022~),-26.2,-28.42,-26.98,-26.42,
2022-08-04,252,고금리(2022~),-25.0,-26.94,-28.07,-23.91,
2022-08-05,252,고금리(2022~),-23.36,-25.16,-26.2,-20.99,
2022-08-08,252,고금리(2022~),-22.1,-23.97,-24.91,-19.03,
2022-08-09,252,고금리(2022~),-19.37,-21.54,-22.52,-15.3,
2022-08-10,252,고금리(2022~),-22.86,-25.13,-24.85,-20.8,
2022-08-11,252,고금리(2022~),-20.75,-22.31,-23.06,-16.42,
2022-08-12,252,고금리(2022~),-22.97,-24.77,-24.52,-20.14,
2022-08-16,252,고금리(2022~),-23.42,-25.3,-24.96,-20.98,
2022-08-17,252,고금리(2022~),-22.31,-24.54,-23.97,-19.73,
2022-08-18,252,고금리(2022~),-24.34,-26.65,-26.53,-23.1,
2022-08-19,252,고금리(2022~),-25.83,-27.93,-24.38,-25.34,
2022-08-22,252,고금리(2022~),-28.11,-30.73,-26.49,-30.51,
2022-08-23,252,고금리(2022~),-29.74,-31.44,-28.76,-31.88,
2022-08-24,252,고금리(2022~),-28.83,-30.59,-28.94,-30.29,
2022-08-25,252,고금리(2022~),-27.13,-29.11,-26.35,-27.65,
2022-08-26,252,고금리(2022~),-27.05,-28.92,-26.44,-27.28,
2022-08-29,252,고금리(2022~),-29.24,-31.0,-28.74,-31.28,
2022-08-30,252,고금리(2022~),-26.56,-28.4,-27.65,-26.61,
2022-08-31,252,고금리(2022~),-24.82,-27.11,-24.79,-24.37,
2022-09-01,252,고금리(2022~),-25.83,-27.78,-26.03,-25.57,
2022-09-02,252,고금리(2022~),-26.66,-28.7,-27.38,-27.16,
2022-09-05,252,고금리(2022~),-27.71,-29.37,-30.31,-28.41,
2022-09-06,252,고금리(2022~),-26.56,-28.37,-29.1,-26.62,
2022-09-07,252,고금리(2022~),-26.42,-28.32,-28.83,-26.53,
2022-09-08,252,고금리(2022~),-26.0,-27.66,-28.32,-25.42,
2022-09-13,252,고금리(2022~),-23.68,-25.42,-25.39,-21.74,
2022-09-14,252,고금리(2022~),-25.75,-27.23,-27.84,-24.89,
2022-09-15,252,고금리(2022~),-25.77,-27.48,-27.29,-25.31,
2022-09-16,252,고금리(2022~),-27.41,-29.29,-28.81,-28.54,
2022-09-19,252,고금리(2022~),-26.97,-28.56,-27.79,-27.17,
2022-09-20,252,고금리(2022~),-26.38,-28.11,-28.13,-26.37,
2022-09-21,252,고금리(2022~),-25.79,-27.44,-24.3,-25.17,
2022-09-22,252,고금리(2022~),-24.83,-26.72,-23.24,-23.91,
2022-09-23,252,고금리(2022~),-28.19,-30.1,-27.86,-29.91,
2022-09-26,252,고금리(2022~),-28.06,-29.77,-28.51,-29.26,
2022-09-27,252,고금리(2022~),-26.56,-28.13,-25.79,-26.37,
2022-09-28,252,고금리(2022~),-29.98,-31.77,-28.97,-33.32,
2022-09-29,252,고금리(2022~),-27.55,-28.91,-27.27,-27.87,
2022-09-30,252,고금리(2022~),-30.45,-32.15,-30.69,-33.82,
2022-10-04,252,고금리(2022~),-29.48,-31.54,-28.7,-32.7,
2022-10-05,252,고금리(2022~),-30.03,-31.98,-29.68,-33.6,
2022-10-06,252,고금리(2022~),-27.08,-29.08,-27.88,-28.24,
2022-10-07,252,고금리(2022~),-29.02,-31.12,-31.92,-32.06,
2022-10-11,252,고금리(2022~),-30.66,-32.21,-32.35,-34.32,
2022-10-12,252,고금리(2022~),-27.58,-29.49,-29.98,-29.09,
2022-10-13,252,고금리(2022~),-27.91,-29.69,-30.02,-29.48,
2022-10-14,252,고금리(2022~),-24.28,-26.21,-26.27,-23.62,
2022-10-17,252,고금리(2022~),-27.05,-29.26,-29.62,-28.81,
2022-10-18,252,고금리(2022~),-22.57,-24.3,-24.86,-20.32,
2022-10-19,252,고금리(2022~),-20.92,-23.13,-24.13,-18.39,
2022-10-20,252,고금리(2022~),-23.72,-25.74,-25.63,-22.59,
2022-10-21,252,고금리(2022~),-24.47,-26.57,-27.01,-23.96,
2022-10-24,252,고금리(2022~),-19.13,-21.21,-19.1,-15.55,
2022-10-25,252,고금리(2022~),-18.94,-21.39,-18.74,-15.81,
2022-10-26,252,고금리(2022~),-23.66,-25.54,-23.7,-21.94,
2022-10-27,252,고금리(2022~),-22.52,-25.03,-23.75,-21.14,
2022-10-28,252,고금리(2022~),-34.34,-36.73,-34.02,-40.56,
2022-10-31,252,고금리(2022~),-29.68,-32.49,-27.83,-31.37,
2022-11-01,252,고금리(2022~),-27.83,-30.54,-27.09,-27.57,
2022-11-02,252,고금리(2022~),-27.81,-30.15,-26.77,-26.86,
2022-11-03,252,고금리(2022~),-27.25,-29.93,-25.41,-26.44,
2022-11-04,252,고금리(2022~),-26.2,-28.51,-24.37,-23.88,
2022-11-07,252,고금리(2022~),-27.43,-29.9,-26.74,-26.23,
2022-11-08,252,고금리(2022~),-26.9,-29.68,-28.41,-25.85,
2022-11-09,252,고금리(2022~),-26.8,-29.73,-27.43,-25.94,
2022-11-10,252,고금리(2022~),-26.64,-29.44,-27.81,-25.39,
2022-11-11,252,고금리(2022~),-23.97,-27.19,-24.68,-21.83,
2022-11-14,252,고금리(2022~),-24.95,-27.42,-25.31,-22.23,
2022-11-15,252,고금리(2022~),-21.78,-24.43,-21.83,-17.54,
2022-11-16,252,고금리(2022~),-22.74,-25.46,-24.04,-19.19,
2022-11-17,252,고금리(2022~),-22.91,-25.53,-24.82,-19.3,
2022-11-18,252,고금리(2022~),-23.3,-26.11,-23.91,-20.25,
2022-11-21,252,고금리(2022~),-26.02,-29.07,-27.92,-25.31,
2022-11-22,252,고금리(2022~),-27.67,-30.56,-28.13,-28.01,
2022-11-23,252,고금리(2022~),-26.8,-29.58,-26.91,-26.31,
2022-11-24,252,고금리(2022~),-25.24,-27.82,-24.66,-23.26,
2022-11-25,252,고금리(2022~),-26.52,-29.06,-26.67,-25.45,
2022-11-28,252,고금리(2022~),-26.7,-28.98,-26.46,-25.31,
2022-11-29,252,고금리(2022~),-25.89,-28.57,-23.85,-24.6,
2022-11-30,252,고금리(2022~),-25.1,-27.67,-24.3,-23.03,
2022-12-01,252,고금리(2022~),-25.91,-28.64,-25.31,-24.61,
2022-12-02,252,고금리(2022~),-27.93,-30.97,-27.02,-28.9,
2022-12-05,252,고금리(2022~),-27.99,-30.67,-27.42,-28.35,
2022-12-06,252,고금리(2022~),-28.38,-31.37,-28.83,-29.69,
2022-12-07,252,고금리(2022~),-29.96,-32.42,-31.68,-31.69,
2022-12-08,252,고금리(2022~),-30.15,-32.52,-30.82,-31.89,
2022-12-09,252,고금리(2022~),-30.82,-33.35,-32.68,-33.5,
2022-12-12,252,고금리(2022~),-32.86,-35.08,-33.26,-37.04,
2022-12-13,252,고금리(2022~),-32.74,-34.91,-33.57,-36.68,
2022-12-14,252,고금리(2022~),-30.69,-33.2,-31.2,-33.21,
2022-12-15,252,고금리(2022~),-31.25,-33.35,-32.2,-33.51,
2022-12-16,252,고금리(2022~),-31.52,-34.0,-33.48,-34.86,
2022-12-19,252,고금리(2022~),-32.8,-35.16,-33.7,-37.22,
2022-12-20,252,고금리(2022~),-34.92,-37.31,-36.71,-41.99,
2022-12-21,252,고금리(2022~),-34.84,-36.65,-34.86,-40.51,
2022-12-22,252,고금리(2022~),-31.72,-34.18,-31.83,-35.28,
2022-12-23,252,고금리(2022~),-33.82,-36.25,-33.25,-39.9,
2022-12-26,252,고금리(2022~),-33.92,-36.06,-34.07,-39.51,
2022-12-27,252,고금리(2022~),-32.74,-34.63,-32.84,-36.48,
2022-12-28,252,고금리(2022~),-34.95,-37.19,-33.35,-42.15,
2022-12-29,252,고금리(2022~),-35.22,-37.36,-34.51,-42.54,
2023-01-02,252,고금리(2022~),-36.74,-38.85,-35.61,-46.01,
2023-01-03,252,고금리(2022~),-35.12,-37.32,-33.53,-42.41,
2023-01-04,252,고금리(2022~),-33.72,-35.93,-32.66,-39.28,
2023-01-05,252,고금리(2022~),-33.96,-36.49,-33.98,-40.52,
2023-01-06,252,고금리(2022~),-31.22,-33.5,-32.85,-34.16,
2023-01-09,252,고금리(2022~),-30.41,-32.78,-31.25,-32.78,
2023-01-10,252,고금리(2022~),-31.22,-33.22,-32.76,-33.66,
2023-01-11,252,고금리(2022~),-28.47,-30.84,-29.54,-29.13,
2023-01-12,252,고금리(2022~),-28.29,-31.05,-30.23,-29.52,
2023-01-13,252,고금리(2022~),-28.07,-30.17,-28.65,-27.87,
2023-01-16,252,고금리(2022~),-26.5,-28.61,-28.06,-25.06,
2023-01-17,252,고금리(2022~),-30.0,-32.11,-31.85,-31.4,
2023-01-18,252,고금리(2022~),-28.11,-30.23,-29.33,-27.81,
2023-01-19,252,고금리(2022~),-28.25,-30.89,-30.89,-29.02,
2023-01-20,252,고금리(2022~),-26.14,-28.38,-27.4,-24.4,
2023-01-25,252,고금리(2022~),-25.09,-27.8,-25.89,-23.43,
2023-01-26,252,고금리(2022~),-25.96,-28.42,-24.99,-24.44,
2023-01-27,252,고금리(2022~),-24.64,-27.6,-25.79,-23.01,
2023-01-30,252,고금리(2022~),-25.31,-27.58,-26.09,-22.98,
2023-01-31,252,고금리(2022~),-25.86,-28.53,-24.44,-24.58,
2023-02-01,252,고금리(2022~),-26.12,-28.65,-24.77,-24.78,
2023-02-02,252,고금리(2022~),-26.05,-28.58,-23.56,-24.67,
2023-02-03,252,고금리(2022~),-26.23,-28.9,-23.33,-25.23,
2023-02-06,252,고금리(2022~),-27.4,-30.15,-25.69,-27.48,
2023-02-07,252,고금리(2022~),-25.94,-28.32,-23.91,-24.3,
2023-02-08,252,고금리(2022~),-25.38,-28.08,-26.24,-23.89,
2023-02-09,252,고금리(2022~),-24.9,-27.46,-24.71,-22.85,
2023-02-10,252,고금리(2022~),-26.18,-28.35,-26.7,-24.38,
2023-02-13,252,고금리(2022~),-26.51,-28.65,-26.7,-24.91,
2023-02-14,252,고금리(2022~),-25.75,-28.36,-26.76,-24.4,
2023-02-15,252,고금리(2022~),-27.57,-29.88,-28.16,-27.15,
2023-02-16,252,고금리(2022~),-23.09,-25.52,-24.15,-19.86,
2023-02-17,252,고금리(2022~),-25.99,-28.57,-27.53,-24.98,
2023-02-20,252,고금리(2022~),-24.25,-26.82,-24.98,-22.12,
2023-02-21,252,고금리(2022~),-25.16,-27.6,-26.68,-23.4,
2023-02-22,252,고금리(2022~),-26.68,-29.09,-28.68,-26.1,
2023-02-23,252,고금리(2022~),-26.56,-29.13,-27.94,-26.16,
2023-02-24,252,고금리(2022~),-26.7,-29.21,-26.33,-26.32,
2023-02-27,252,고금리(2022~),-28.05,-30.67,-30.05,-28.9,
2023-02-28,252,고금리(2022~),-27.17,-29.2,-28.61,-26.27,
2023-03-02,252,고금리(2022~),-29.85,-32.48,-30.17,-32.37,
2023-03-03,252,고금리(2022~),-27.5,-29.81,-26.78,-27.47,
2023-03-06,252,고금리(2022~),-25.72,-27.93,-23.22,-24.23,
2023-03-07,252,고금리(2022~),-24.89,-27.21,-21.64,-22.98,
2023-03-08,252,고금리(2022~),-26.39,-28.77,-24.31,-25.61,
2023-03-09,252,고금리(2022~),-27.22,-29.33,-25.58,-26.62,
2023-03-10,252,고금리(2022~),-28.88,-31.09,-30.16,-29.95,
2023-03-13,252,고금리(2022~),-29.5,-31.81,-30.31,-31.27,
2023-03-14,252,고금리(2022~),-32.25,-34.28,-33.91,-36.44,
2023-03-15,252,고금리(2022~),-31.32,-33.31,-32.9,-34.57,
2023-03-16,252,고금리(2022~),-32.04,-34.51,-34.55,-37.02,
2023-03-17,252,고금리(2022~),-30.31,-32.23,-31.58,-32.45,
2023-03-20,252,고금리(2022~),-29.93,-32.2,-32.4,-32.39,
2023-03-21,252,고금리(2022~),-29.17,-31.1,-30.92,-30.29,
2023-03-22,252,고금리(2022~),-28.01,-30.01,-29.04,-28.29,
2023-03-23,252,고금리(2022~),-25.84,-28.01,-27.42,-24.59,
2023-03-24,252,고금리(2022~),-23.54,-25.69,-25.15,-20.7,
2023-03-27,252,고금리(2022~),-23.42,-25.72,-24.4,-20.75,
2023-03-28,252,고금리(2022~),-21.97,-23.88,-20.48,-17.76,
2023-03-29,252,고금리(2022~),-20.16,-22.25,-21.17,-15.32,
2023-03-30,252,고금리(2022~),-18.9,-21.55,-20.62,-14.3,
2023-03-31,252,고금리(2022~),-18.43,-20.79,-17.56,-13.21,
2023-04-03,252,고금리(2022~),-17.9,-20.53,-16.87,-12.84,
2023-04-04,252,고금리(2022~),-17.47,-20.03,-14.87,-12.13,
2023-04-05,252,고금리(2022~),-13.44,-15.8,-9.08,-6.54,
2023-04-06,252,고금리(2022~),-13.45,-15.76,-10.72,-6.48,
2023-04-07,252,고금리(2022~),-13.51,-16.17,-10.78,-6.97,
2023-04-10,252,고금리(2022~),-9.94,-12.09,-8.08,-2.08,
2023-04-11,252,고금리(2022~),-9.46,-12.34,-7.61,-2.35,
2023-04-12,252,고금리(2022~),-11.17,-14.23,-10.12,-4.67,
2023-04-13,252,고금리(2022~),-13.34,-16.13,-13.49,-6.99,
2023-04-14,252,고금리(2022~),-10.82,-13.71,-11.12,-3.98,
2023-04-17,252,고금리(2022~),-11.1,-13.88,-10.83,-4.18,
2023-04-18,252,고금리(2022~),-12.61,-15.21,-12.86,-5.79,
2023-04-19,252,고금리(2022~),-13.41,-15.8,-13.47,-6.54,
2023-04-20,252,고금리(2022~),-15.59,-17.8,-15.99,-9.24,
2023-04-21,252,고금리(2022~),-16.75,-19.62,-18.54,-11.77,
2023-04-24,252,고금리(2022~),-18.81,-21.4,-20.78,-14.34,
2023-04-25,252,고금리(2022~),-19.79,-22.7,-21.44,-16.29,
2023-04-26,252,고금리(2022~),-19.48,-21.82,-18.47,-14.97,
2023-04-27,252,고금리(2022~),-15.61,-17.63,-16.56,-9.29,
2023-04-28,252,고금리(2022~),-14.13,-16.99,-16.25,-8.42,
2023-05-02,252,고금리(2022~),-13.7,-15.97,-12.68,-7.14,
2023-05-03,252,고금리(2022~),-16.49,-19.45,-16.13,-11.85,
2023-05-04,252,고금리(2022~),-12.08,-14.96,-9.81,-5.7,
2023-05-08,252,고금리(2022~),-12.86,-15.69,-9.16,-6.63,
2023-05-09,252,고금리(2022~),-14.01,-17.2,-12.42,-8.58,
2023-05-10,252,고금리(2022~),-15.14,-17.77,-12.53,-9.33,
2023-05-11,252,고금리(2022~),-16.07,-18.67,-14.29,-10.58,
2023-05-12,252,고금리(2022~),-15.47,-17.69,-12.58,-9.26,
2023-05-15,252,고금리(2022~),-17.22,-19.86,-15.43,-12.17,
2023-05-16,252,고금리(2022~),-16.36,-18.79,-16.01,-10.7,
2023-05-17,252,고금리(2022~),-12.29,-14.97,-12.44,-5.77,
2023-05-18,252,고금리(2022~),-12.11,-15.05,-12.04,-5.87,
2023-05-19,252,고금리(2022~),-12.32,-15.25,-13.09,-6.12,
2023-05-22,252,고금리(2022~),-11.44,-14.66,-12.64,-5.4,
2023-05-23,252,고금리(2022~),-11.33,-13.88,-12.38,-4.46,
2023-05-24,252,고금리(2022~),-13.1,-16.11,-15.21,-7.23,
2023-05-25,252,고금리(2022~),-16.67,-19.5,-18.88,-11.66,
2023-05-26,252,고금리(2022~),-15.88,-18.54,-17.19,-10.31,
2023-05-30,252,고금리(2022~),-15.65,-18.37,-14.74,-10.1,
2023-05-31,252,고금리(2022~),-14.81,-17.28,-16.07,-8.65,
2023-06-01,252,고금리(2022~),-13.7,-16.33,-15.44,-7.42,
2023-06-02,252,고금리(2022~),-12.02,-15.01,-11.52,-5.73,
2023-06-05,252,고금리(2022~),-11.99,-15.03,-11.21,-5.77,
2023-06-07,252,고금리(2022~),-10.55,-13.35,-7.98,-3.76,
2023-06-08,252,고금리(2022~),-11.67,-14.58,-7.86,-5.25,
2023-06-09,252,고금리(2022~),-9.6,-11.5,-5.74,-1.64,
2023-06-12,252,고금리(2022~),-9.24,-11.32,-4.79,-1.43,
2023-06-13,252,고금리(2022~),-6.02,-8.41,-1.49,1.77,
2023-06-14,252,고금리(2022~),-10.18,-12.79,-6.96,-3.36,
2023-06-15,252,고금리(2022~),-9.34,-11.69,-6.13,-2.08,
2023-06-16,252,고금리(2022~),-7.95,-10.06,-6.07,-0.27,
2023-06-19,252,고금리(2022~),-7.84,-9.85,-6.82,-0.03,
2023-06-20,252,고금리(2022~),-10.43,-12.67,-9.49,-3.25,
2023-06-21,252,고금리(2022~),-9.62,-11.83,-9.57,-2.22,
2023-06-22,252,고금리(2022~),-11.43,-13.5,-11.49,-4.12,
2023-06-23,252,고금리(2022~),-12.53,-14.94,-13.61,-5.88,
2023-06-26,252,고금리(2022~),-13.85,-15.87,-15.03,-7.02,
2023-06-27,252,고금리(2022~),-15.69,-17.0,-16.38,-8.48,
2023-06-28,252,고금리(2022~),-16.73,-18.64,-17.49,-10.7,
2023-06-29,252,고금리(2022~),-16.69,-18.63,-15.2,-10.68,
2023-06-30,252,고금리(2022~),-14.59,-16.64,-15.6,-8.06,
2023-07-03,252,고금리(2022~),-10.75,-13.21,-12.44,-3.93,
2023-07-04,252,고금리(2022~),-11.35,-14.03,-10.8,-4.93,
2023-07-05,252,고금리(2022~),-9.23,-11.89,-8.11,-2.36,
2023-07-06,252,고금리(2022~),-9.89,-11.75,-6.57,-2.19,
2023-07-07,252,고금리(2022~),-9.38,-11.97,-5.37,-2.45,
2023-07-10,252,고금리(2022~),-11.39,-13.67,-8.22,-4.46,
2023-07-11,252,고금리(2022~),-6.19,-8.33,-1.92,1.64,
2023-07-12,252,고금리(2022~),-6.82,-9.3,-2.62,0.6,
2023-07-13,252,고금리(2022~),-6.12,-8.57,-2.37,1.38,
2023-07-14,252,고금리(2022~),-3.16,-5.31,0.76,4.82,
2023-07-17,252,고금리(2022~),-2.77,-5.34,-1.16,4.79,
2023-07-18,252,고금리(2022~),-1.36,-3.31,0.24,6.67,
2023-07-19,252,고금리(2022~),1.68,-0.46,3.96,9.3,
2023-07-20,252,고금리(2022~),2.25,-0.14,3.78,9.58,
2023-07-21,252,고금리(2022~),1.85,-0.9,2.77,8.91,
2023-07-24,252,고금리(2022~),7.31,4.64,7.91,13.93,
2023-07-25,252,고금리(2022~),23.63,22.86,24.55,27.8,
2023-07-26,252,고금리(2022~),10.26,5.78,8.67,16.69,
2023-07-27,252,고금리(2022~),4.55,-0.12,3.06,11.69,
2023-07-28,252,고금리(2022~),9.14,5.8,13.12,16.5,
2023-07-31,252,고금리(2022~),9.76,6.46,12.23,16.99,
2023-08-01,252,고금리(2022~),9.0,5.44,9.37,16.18,
2023-08-02,252,고금리(2022~),4.94,1.28,6.64,12.54,
2023-08-03,252,고금리(2022~),6.38,3.0,10.2,13.92,
2023-08-04,252,고금리(2022~),3.16,-0.3,8.59,11.08,
2023-08-07,252,고금리(2022~),0.83,-2.71,6.54,8.73,
2023-08-08,252,고금리(2022~),-0.55,-3.81,4.43,7.7,
2023-08-09,252,고금리(2022~),3.68,0.38,9.72,11.51,
2023-08-10,252,고금리(2022~),4.4,1.02,10.63,12.07,
2023-08-11,252,고금리(2022~),2.81,-0.43,8.15,10.79,
2023-08-14,252,고금리(2022~),2.07,-1.47,6.33,9.81,
2023-08-16,252,고금리(2022~),0.13,-3.13,2.43,8.21,
2023-08-17,252,고금리(2022~),2.19,-0.87,3.99,10.25,
2023-08-18,252,고금리(2022~),2.04,-1.8,4.05,9.38,
2023-08-21,252,고금리(2022~),2.08,-0.84,4.47,10.22,
2023-08-22,252,고금리(2022~),2.81,-0.83,4.17,10.23,
2023-08-23,252,고금리(2022~),2.47,-0.8,3.81,10.26,
2023-08-24,252,고금리(2022~),9.41,6.14,7.18,16.23,
2023-08-25,252,고금리(2022~),10.11,6.89,8.84,16.83,
2023-08-28,252,고금리(2022~),14.31,11.36,13.55,20.24,
2023-08-29,252,고금리(2022~),13.21,9.26,16.05,18.73,
2023-08-30,252,고금리(2022~),15.83,11.8,16.67,20.6,
2023-08-31,252,고금리(2022~),15.12,11.38,14.36,20.31,
2023-09-01,252,고금리(2022~),9.27,5.54,10.81,16.0,
2023-09-04,252,고금리(2022~),8.68,5.23,12.33,15.75,
2023-09-05,252,고금리(2022~),6.54,2.52,11.39,13.55,
2023-09-06,252,고금리(2022~),3.58,0.05,9.68,11.43,
2023-09-07,252,고금리(2022~),0.54,-1.83,6.61,9.71,
2023-09-08,252,고금리(2022~),-0.27,-3.23,6.17,8.46,
2023-09-11,252,고금리(2022~),1.09,-2.16,7.66,9.5,
2023-09-12,252,고금리(2022~),-2.97,-6.05,2.63,5.83,
2023-09-13,252,고금리(2022~),-3.59,-6.25,1.74,5.63,
2023-09-14,252,고금리(2022~),-0.27,-3.68,2.34,8.14,
2023-09-15,252,고금리(2022~),-0.81,-4.98,0.29,6.89,
2023-09-18,252,고금리(2022~),-2.96,-6.66,-0.62,5.23,
2023-09-19,252,고금리(2022~),-4.81,-8.46,-2.88,3.39,
2023-09-20,252,고금리(2022~),-4.17,-6.86,-1.38,5.04,
2023-09-21,252,고금리(2022~),-5.91,-9.43,-4.56,2.26,
2023-09-22,252,고금리(2022~),-4.86,-8.07,-6.62,3.72,
2023-09-25,252,고금리(2022~),-6.31,-9.68,-7.36,1.97,
2023-09-26,252,고금리(2022~),-8.48,-12.12,-10.2,-0.77,
2023-09-27,252,고금리(2022~),-5.66,-8.57,-2.38,3.13,
2023-10-04,252,고금리(2022~),-9.26,-12.68,-8.03,-1.64,
2023-10-05,252,고금리(2022~),-8.0,-10.87,-7.0,0.47,
2023-10-06,252,고금리(2022~),-7.99,-11.3,-5.83,-0.0,
2023-10-10,252,고금리(2022~),-7.53,-11.04,-3.22,0.31,
2023-10-11,252,고금리(2022~),-5.9,-9.11,-0.4,2.33,
2023-10-12,252,고금리(2022~),-1.81,-4.85,4.52,6.64,
2023-10-13,252,고금리(2022~),-2.78,-5.98,2.32,5.5,
2023-10-16,252,고금리(2022~),-5.9,-9.6,-0.2,1.76,
2023-10-17,252,고금리(2022~),-5.95,-9.62,-0.23,1.75,
2023-10-18,252,고금리(2022~),-6.35,-9.84,-1.34,1.5,
2023-10-19,252,고금리(2022~),-9.79,-12.91,-5.06,-2.02,
2023-10-20,252,고금리(2022~),-9.26,-12.27,-5.73,-1.24,
2023-10-23,252,고금리(2022~),-14.32,-17.33,-11.37,-7.09,
2023-10-24,252,고금리(2022~),-10.4,-13.52,-7.35,-2.49,
2023-10-25,252,고금리(2022~),-11.97,-15.21,-9.19,-4.64,
2023-10-26,252,고금리(2022~),-13.68,-16.78,-10.18,-6.73,
2023-10-27,252,고금리(2022~),-14.1,-17.2,-11.77,-7.25,
2023-10-30,252,고금리(2022~),-12.12,-14.96,-12.85,-4.4,
2023-10-31,252,고금리(2022~),-13.74,-16.26,-13.26,-6.11,
2023-11-01,252,고금리(2022~),-10.9,-13.8,-11.76,-2.98,
2023-11-02,252,고금리(2022~),-4.63,-7.78,-2.06,3.51,
2023-11-03,252,고금리(2022~),-4.9,-7.89,-3.78,3.4,
2023-11-06,252,고금리(2022~),9.6,6.73,9.6,14.85,
2023-11-07,252,고금리(2022~),6.07,3.52,6.28,12.01,
2023-11-08,252,고금리(2022~),4.24,1.65,7.14,10.31,
2023-11-09,252,고금리(2022~),3.32,0.02,6.1,8.85,
2023-11-10,252,고금리(2022~),3.37,0.88,7.52,9.66,
2023-11-13,252,고금리(2022~),-2.83,-6.08,0.1,3.21,
2023-11-14,252,고금리(2022~),1.9,-0.71,6.35,8.38,
2023-11-15,252,고금리(2022~),4.38,1.7,8.61,10.51,
2023-11-16,252,고금리(2022~),3.46,1.02,7.27,9.91,
2023-11-17,252,고금리(2022~),4.4,1.32,6.5,10.19,
2023-11-20,252,고금리(2022~),6.56,4.03,8.67,12.46,
2023-11-21,252,고금리(2022~),4.12,0.63,4.12,9.58,
2023-11-22,252,고금리(2022~),4.98,2.78,5.83,11.52,
2023-11-23,252,고금리(2022~),6.17,3.19,7.06,11.88,
2023-11-24,252,고금리(2022~),6.25,3.67,9.11,12.29,
2023-11-27,252,고금리(2022~),10.76,7.3,9.81,15.39,
2023-11-28,252,고금리(2022~),6.8,3.51,3.7,12.5,
2023-11-29,252,고금리(2022~),7.52,4.43,7.19,13.27,
2023-11-30,252,고금리(2022~),6.82,4.56,7.07,13.37,
2023-12-01,252,고금리(2022~),6.02,3.66,8.87,12.61,
2023-12-04,252,고금리(2022~),6.3,3.89,7.09,12.81,
2023-12-05,252,고금리(2022~),5.41,2.92,6.45,11.95,
2023-12-06,252,고금리(2022~),5.71,3.39,6.67,12.34,
2023-12-07,252,고금리(2022~),7.32,5.47,11.7,14.15,
2023-12-08,252,고금리(2022~),13.38,10.96,18.05,18.33,
2023-12-11,252,고금리(2022~),12.25,9.91,18.36,17.57,
2023-12-12,252,고금리(2022~),12.2,9.84,17.99,17.52,
2023-12-13,252,고금리(2022~),10.96,9.04,17.22,16.91,
2023-12-14,252,고금리(2022~),14.71,12.18,20.04,19.24,
2023-12-15,252,고금리(2022~),12.58,9.96,17.26,17.63,
2023-12-18,252,고금리(2022~),14.34,11.1,18.19,18.46,
2023-12-19,252,고금리(2022~),11.61,8.74,14.87,16.78,
2023-12-20,252,고금리(2022~),10.1,7.27,12.35,15.66,
2023-12-21,252,고금리(2022~),9.19,5.71,9.83,14.41,
2023-12-22,252,고금리(2022~),7.58,4.48,9.12,13.39,
2023-12-26,252,고금리(2022~),6.69,3.62,9.63,12.67,
2023-12-27,252,고금리(2022~),9.9,6.78,9.54,15.22,
2023-12-28,252,고금리(2022~),12.96,9.77,10.77,17.55,
2024-01-02,252,고금리(2022~),11.63,7.69,11.09,15.98,
2024-01-03,252,고금리(2022~),10.26,7.26,10.13,15.64,
2024-01-04,252,고금리(2022~),7.16,3.42,8.81,12.57,
2024-01-05,252,고금리(2022~),9.12,5.62,9.21,14.36,
2024-01-08,252,고금리(2022~),7.97,4.03,7.99,13.05,
2024-01-09,252,고금리(2022~),8.58,5.62,9.49,14.35,
2024-01-10,252,고금리(2022~),5.96,2.42,7.99,11.65,
2024-01-11,252,고금리(2022~),8.16,4.52,10.3,13.42,
2024-01-12,252,고금리(2022~),4.96,1.4,8.23,10.74,
2024-01-15,252,고금리(2022~),3.39,-0.04,6.51,9.42,
2024-01-16,252,고금리(2022~),7.15,3.84,11.58,12.95,
2024-01-17,252,고금리(2022~),1.98,-1.73,4.43,8.03,
2024-01-18,252,고금리(2022~),0.93,-2.29,3.48,7.52,
2024-01-19,252,고금리(2022~),-1.19,-4.57,0.96,5.3,
2024-01-22,252,고금리(2022~),-2.99,-5.95,-0.47,3.9,
2024-01-23,252,고금리(2022~),-3.65,-6.22,-1.52,3.63,
2024-01-24,252,고금리(2022~),-4.01,-7.36,-3.34,2.42,
2024-01-25,252,고금리(2022~),-5.1,-8.46,-3.94,1.23,
2024-01-26,252,고금리(2022~),-2.49,-5.77,-0.35,3.96,
2024-01-29,252,고금리(2022~),-6.28,-9.68,-7.22,-0.22,
2024-01-30,252,고금리(2022~),-7.34,-9.95,-9.55,-0.52,
2024-01-31,252,고금리(2022~),-9.91,-12.73,-9.66,-3.8,
2024-02-01,252,고금리(2022~),-9.86,-12.23,-10.42,-3.23,
2024-02-02,252,고금리(2022~),-6.1,-8.83,-4.39,0.59,
2024-02-05,252,고금리(2022~),-8.81,-11.5,-8.59,-2.41,
2024-02-06,252,고금리(2022~),-9.3,-11.99,-8.58,-2.99,
2024-02-07,252,고금리(2022~),-7.85,-10.44,-7.17,-1.22,
2024-02-08,252,고금리(2022~),-5.67,-7.94,-3.34,1.46,
2024-02-13,252,고금리(2022~),-4.05,-6.89,-2.47,2.54,
2024-02-14,252,고금리(2022~),0.54,-2.21,4.25,7.36,
2024-02-15,252,고금리(2022~),1.5,-0.84,5.59,8.65,
2024-02-16,252,고금리(2022~),1.09,-2.2,4.35,7.39,
2024-02-19,252,고금리(2022~),3.57,0.48,6.73,9.91,
2024-02-20,252,고금리(2022~),5.66,2.66,8.69,11.84,
2024-02-21,252,고금리(2022~),6.51,3.32,9.36,12.4,
2024-02-22,252,고금리(2022~),8.08,5.14,11.42,13.93,
2024-02-23,252,고금리(2022~),7.69,4.62,10.11,13.51,
2024-02-26,252,고금리(2022~),9.41,6.08,11.29,14.71,
2024-02-27,252,고금리(2022~),6.22,1.25,6.97,10.67,
2024-02-28,252,고금리(2022~),5.2,1.65,8.15,11.01,
2024-02-29,252,고금리(2022~),5.52,2.14,6.18,11.43,
2024-03-04,252,고금리(2022~),8.95,5.22,6.95,14.03,
2024-03-05,252,고금리(2022~),11.03,6.8,12.38,15.34,
2024-03-06,252,고금리(2022~),13.54,9.59,13.21,17.52,
2024-03-07,252,고금리(2022~),11.71,7.62,13.68,16.01,
2024-03-08,252,고금리(2022~),15.91,11.65,16.89,19.0,
2024-03-11,252,고금리(2022~),15.42,10.93,17.26,18.48,
2024-03-12,252,고금리(2022~),20.15,15.79,22.39,21.86,
2024-03-13,252,고금리(2022~),21.89,17.74,24.39,23.19,
2024-03-14,252,고금리(2022~),25.64,21.27,26.05,25.5,
2024-03-15,252,고금리(2022~),20.41,15.74,23.72,22.0,
2024-03-18,252,고금리(2022~),24.4,20.0,28.3,24.75,
2024-03-19,252,고금리(2022~),24.74,20.27,28.51,24.92,
2024-03-20,252,고금리(2022~),23.46,18.6,26.66,23.88,
2024-03-21,252,고금리(2022~),33.69,29.02,37.1,30.25,
2024-03-22,252,고금리(2022~),32.05,25.83,34.23,28.52,
2024-03-25,252,고금리(2022~),38.36,33.14,42.33,32.48,
2024-03-26,252,고금리(2022~),30.06,25.37,35.0,28.62,
2024-03-27,252,고금리(2022~),26.84,22.23,30.96,26.79,
2024-03-28,252,고금리(2022~),23.94,18.6,28.45,24.59,
2024-03-29,252,고금리(2022~),22.6,17.52,27.03,23.9,
2024-04-01,252,고금리(2022~),26.2,20.97,27.11,26.12,
2024-04-02,252,고금리(2022~),19.37,14.92,17.82,22.18,
2024-04-03,252,고금리(2022~),15.91,12.0,19.09,20.13,
2024-04-04,252,고금리(2022~),17.13,13.02,17.99,20.86,
2024-04-05,252,고금리(2022~),15.09,10.34,17.61,18.88,
2024-04-08,252,고금리(2022~),11.83,7.32,13.64,16.64,
2024-04-09,252,고금리(2022~),11.94,8.25,15.72,17.36,
2024-04-11,252,고금리(2022~),11.8,7.03,14.69,16.42,
2024-04-12,252,고금리(2022~),13.06,9.4,17.05,18.26,
2024-04-15,252,고금리(2022~),11.59,7.22,12.38,16.6,
2024-04-16,252,고금리(2022~),10.91,6.65,15.39,16.14,
2024-04-17,252,고금리(2022~),8.6,4.33,13.18,14.29,
2024-04-18,252,고금리(2022~),12.89,8.85,17.42,17.75,
2024-04-19,252,고금리(2022~),10.61,6.28,14.76,15.74,
2024-04-22,252,고금리(2022~),13.3,9.78,16.88,18.43,
2024-04-23,252,고금리(2022~),12.86,9.09,16.84,17.91,
2024-04-24,252,고금리(2022~),14.66,10.23,17.12,18.73,
2024-04-25,252,고금리(2022~),12.28,8.27,17.13,17.24,
2024-04-26,252,고금리(2022~),13.79,9.87,18.18,18.46,
2024-04-29,252,고금리(2022~),16.79,13.12,22.67,20.79,
2024-04-30,252,고금리(2022~),19.03,14.67,23.98,21.87,
2024-05-02,252,고금리(2022~),18.77,14.29,20.2,21.61,
2024-05-03,252,고금리(2022~),16.62,12.76,15.5,20.57,
2024-05-07,252,고금리(2022~),17.6,13.69,20.68,21.21,
2024-05-08,252,고금리(2022~),17.91,13.62,18.45,21.17,
2024-05-09,252,고금리(2022~),15.45,11.3,18.56,19.53,
2024-05-10,252,고금리(2022~),13.58,8.67,14.92,17.58,
2024-05-13,252,고금리(2022~),11.21,6.68,13.92,16.03,
2024-05-14,252,고금리(2022~),10.59,6.91,14.39,16.2,
2024-05-16,252,고금리(2022~),11.96,8.01,15.31,17.05,
2024-05-17,252,고금리(2022~),5.49,2.07,6.68,12.02,
2024-05-20,252,고금리(2022~),5.24,1.5,9.27,11.52,
2024-05-21,252,고금리(2022~),4.7,1.6,9.67,11.61,
2024-05-22,252,고금리(2022~),3.73,-0.04,7.38,10.18,
2024-05-23,252,고금리(2022~),1.52,-2.27,5.0,8.15,
2024-05-24,252,고금리(2022~),-1.78,-5.26,-0.05,5.29,
2024-05-27,252,고금리(2022~),-0.55,-3.54,2.18,6.94,
2024-05-28,252,고금리(2022~),2.64,-0.97,5.15,9.44,
2024-05-29,252,고금리(2022~),-0.14,-3.41,4.42,7.12,
2024-05-30,252,고금리(2022~),-0.41,-3.83,3.43,6.71,
2024-05-31,252,고금리(2022~),0.55,-2.99,4.95,7.51,
2024-06-03,252,고금리(2022~),0.69,-2.66,4.43,7.82,
2024-06-04,252,고금리(2022~),0.0,-3.62,-0.1,6.92,
2024-06-05,252,고금리(2022~),2.82,-0.5,1.04,9.84,
2024-06-07,252,고금리(2022~),3.48,-0.24,4.04,10.06,
2024-06-10,252,고금리(2022~),2.29,-1.31,1.23,9.07,
2024-06-11,252,고금리(2022~),4.78,1.44,6.91,11.53,
2024-06-12,252,고금리(2022~),5.51,1.57,6.65,11.65,
2024-06-13,252,고금리(2022~),5.19,1.4,7.62,11.5,
2024-06-14,252,고금리(2022~),4.13,0.46,6.91,10.66,
2024-06-17,252,고금리(2022~),2.98,-0.56,5.56,9.76,
2024-06-18,252,고금리(2022~),1.42,-2.07,1.98,8.39,
2024-06-19,252,고금리(2022~),4.4,1.29,9.24,11.5,
2024-06-20,252,고금리(2022~),3.26,-0.73,7.2,9.69,
2024-06-21,252,고금리(2022~),2.55,-0.8,6.69,9.63,
2024-06-24,252,고금리(2022~),0.42,-2.94,4.38,7.62,
2024-06-25,252,고금리(2022~),-0.56,-3.69,1.76,6.91,
2024-06-26,252,고금리(2022~),-1.39,-4.72,1.04,5.91,
2024-06-27,252,고금리(2022~),-1.53,-4.11,1.69,6.51,
2024-06-28,252,고금리(2022~),-3.63,-7.24,0.07,3.44,
2024-07-01,252,고금리(2022~),-1.99,-5.37,1.71,5.31,
2024-07-02,252,고금리(2022~),-6.36,-9.45,-2.59,1.0,
2024-07-03,252,고금리(2022~),-4.68,-7.5,-1.34,3.02,
2024-07-04,252,고금리(2022~),-3.72,-6.68,-3.59,3.87,
2024-07-05,252,고금리(2022~),-0.29,-3.79,-2.69,6.74,
2024-07-08,252,고금리(2022~),0.15,-3.81,0.1,6.72,
2024-07-09,252,고금리(2022~),0.3,-3.32,-0.98,7.2,
2024-07-10,252,고금리(2022~),0.74,-2.75,2.21,7.74,
2024-07-11,252,고금리(2022~),-0.44,-3.78,0.6,6.75,
2024-07-12,252,고금리(2022~),-0.44,-3.61,1.92,6.91,
2024-07-15,252,고금리(2022~),0.15,-3.16,2.76,7.35,
2024-07-16,252,고금리(2022~),-1.72,-5.38,0.1,5.15,
2024-07-17,252,고금리(2022~),1.13,-2.44,1.76,8.19,
2024-07-18,252,고금리(2022~),-1.26,-4.62,2.88,6.13,
2024-07-19,252,고금리(2022~),-2.54,-6.05,1.32,4.74,
2024-07-22,252,고금리(2022~),-5.78,-9.55,-2.88,0.96,
2024-07-23,252,고금리(2022~),-5.25,-8.34,-1.57,2.26,
2024-07-24,252,고금리(2022~),-5.27,-8.44,-3.33,2.15,
2024-07-25,252,고금리(2022~),-7.88,-11.31,-6.02,-1.06,
2024-07-26,252,고금리(2022~),-7.32,-10.52,-5.1,-0.17,
2024-07-29,252,고금리(2022~),-7.58,-10.47,-3.54,-0.12,
2024-07-30,252,고금리(2022~),-7.84,-10.97,-4.32,-0.68,
2024-07-31,252,고금리(2022~),-5.36,-9.33,-2.42,1.18,
2024-08-01,252,고금리(2022~),-2.79,-5.74,0.56,4.95,
2024-08-02,252,고금리(2022~),-6.28,-9.16,-5.95,1.15,
2024-08-05,252,고금리(2022~),-15.14,-19.16,-16.23,-12.95,
2024-08-06,252,고금리(2022~),-9.3,-11.14,-8.44,-3.7,
2024-08-07,252,고금리(2022~),-9.62,-11.53,-10.49,-4.13,
2024-08-08,252,고금리(2022~),-10.6,-13.01,-9.43,-5.93,
2024-08-09,252,고금리(2022~),-7.82,-10.23,-7.81,-2.74,
2024-08-12,252,고금리(2022~),-6.77,-9.41,-6.02,-1.81,
2024-08-13,252,고금리(2022~),-6.85,-9.35,-5.5,-1.73,
2024-08-14,252,고금리(2022~),-4.63,-6.53,-3.47,1.3,
2024-08-16,252,고금리(2022~),-3.62,-5.98,-4.8,1.86,
2024-08-19,252,고금리(2022~),-5.21,-7.59,-3.13,0.13,
2024-08-20,252,고금리(2022~),-4.99,-7.54,-3.14,0.18,
2024-08-21,252,고금리(2022~),-7.37,-9.74,-5.89,-2.27,
2024-08-22,252,고금리(2022~),-8.7,-11.24,-7.35,-3.99,
2024-08-23,252,고금리(2022~),-8.74,-10.97,-8.65,-3.68,
2024-08-26,252,고금리(2022~),-10.66,-12.82,-10.28,-5.89,
2024-08-27,252,고금리(2022~),-11.26,-13.55,-10.98,-6.78,
2024-08-28,252,고금리(2022~),-13.02,-15.42,-11.35,-9.08,
2024-08-29,252,고금리(2022~),-14.1,-16.45,-12.64,-10.43,
2024-08-30,252,고금리(2022~),-12.36,-14.8,-11.13,-8.33,
2024-09-02,252,고금리(2022~),-10.91,-13.07,-10.21,-6.17,
2024-09-03,252,고금리(2022~),-13.54,-15.85,-15.94,-9.71,
2024-09-04,252,고금리(2022~),-17.84,-20.08,-18.65,-15.73,
2024-09-05,252,고금리(2022~),-20.03,-22.44,-21.5,-19.2,
2024-09-06,252,고금리(2022~),-21.93,-24.18,-23.79,-22.06,
2024-09-09,252,고금리(2022~),-19.7,-21.42,-18.73,-17.77,
2024-09-10,252,고금리(2022~),-20.07,-21.95,-19.71,-18.6,
2024-09-11,252,고금리(2022~),-17.97,-20.24,-17.1,-16.04,
2024-09-12,252,고금리(2022~),-16.07,-18.36,-15.49,-13.5,
2024-09-13,252,고금리(2022~),-15.46,-17.89,-15.61,-12.84,
2024-09-19,252,고금리(2022~),-14.62,-16.6,-15.89,-11.14,
2024-09-20,252,고금리(2022~),-13.94,-15.84,-12.49,-10.16,
2024-09-23,252,고금리(2022~),-13.07,-15.51,-12.01,-9.73,
2024-09-24,252,고금리(2022~),-11.14,-13.01,-9.96,-6.67,
2024-09-25,252,고금리(2022~),-11.2,-13.74,-10.48,-7.6,
2024-09-26,252,고금리(2022~),-9.87,-12.28,-10.65,-5.9,
2024-09-27,252,고금리(2022~),-11.17,-13.73,-11.83,-7.69,
2024-09-30,252,고금리(2022~),-12.79,-15.67,-13.83,-10.17,
2024-10-02,252,고금리(2022~),-14.75,-16.59,-13.24,-11.34,
2024-10-04,252,고금리(2022~),-13.16,-15.64,-12.36,-10.1,
2024-10-07,252,고금리(2022~),-13.18,-15.16,-12.15,-9.5,
2024-10-08,252,고금리(2022~),-12.2,-14.67,-12.54,-8.86,
2024-10-10,252,고금리(2022~),-14.11,-16.21,-16.87,-10.84,
2024-10-11,252,고금리(2022~),-18.21,-20.56,-19.48,-16.77,
2024-10-14,252,고금리(2022~),-18.54,-20.77,-19.88,-17.07,
2024-10-15,252,고금리(2022~),-17.7,-19.41,-18.27,-15.11,
2024-10-16,252,고금리(2022~),-17.87,-20.02,-17.31,-16.02,
2024-10-17,252,고금리(2022~),-19.18,-20.82,-18.52,-17.17,
2024-10-18,252,고금리(2022~),-22.33,-24.34,-22.51,-22.61,
2024-10-21,252,고금리(2022~),-22.93,-25.15,-24.02,-23.87,
2024-10-22,252,고금리(2022~),-23.26,-24.79,-23.68,-23.24,
2024-10-23,252,고금리(2022~),-22.0,-24.03,-24.38,-22.03,
2024-10-24,252,고금리(2022~),-20.89,-22.98,-20.24,-20.29,
2024-10-25,252,고금리(2022~),-22.27,-24.12,-21.33,-22.09,
2024-10-28,252,고금리(2022~),-19.73,-21.74,-19.29,-18.47,
2024-10-29,252,고금리(2022~),-22.21,-23.81,-22.1,-21.54,
2024-10-30,252,고금리(2022~),-24.47,-26.41,-26.01,-25.82,
2024-10-31,252,고금리(2022~),-21.98,-23.68,-22.46,-21.26,
2024-11-01,252,고금리(2022~),-24.35,-26.5,-25.28,-26.01,
2024-11-04,252,고금리(2022~),-18.37,-19.88,-16.8,-15.88,
2024-11-05,252,고금리(2022~),-18.17,-19.71,-16.59,-15.62,
2024-11-06,252,고금리(2022~),-21.53,-23.49,-20.69,-21.25,
2024-11-07,252,고금리(2022~),-20.34,-22.08,-19.74,-18.94,
2024-11-08,252,고금리(2022~),-17.36,-19.22,-19.56,-14.73,
2024-11-11,252,고금리(2022~),-18.3,-20.54,-19.41,-16.66,
2024-11-12,252,고금리(2022~),-21.67,-24.01,-22.85,-21.94,
2024-11-13,252,고금리(2022~),-24.46,-26.57,-24.83,-26.33,
2024-11-14,252,고금리(2022~),-29.02,-30.81,-27.83,-33.84,
2024-11-15,252,고금리(2022~),-29.43,-31.11,-28.67,-34.4,
2024-11-18,252,고금리(2022~),-28.81,-30.24,-28.25,-32.74,
2024-11-19,252,고금리(2022~),-30.1,-31.66,-30.0,-35.55,
2024-11-20,252,고금리(2022~),-30.21,-31.87,-30.52,-35.99,
2024-11-21,252,고금리(2022~),-29.01,-30.16,-29.99,-32.61,
2024-11-22,252,고금리(2022~),-31.28,-32.99,-30.24,-38.32,
2024-11-25,252,고금리(2022~),-28.19,-29.66,-27.39,-32.13,
2024-11-26,252,고금리(2022~),-29.78,-31.51,-29.33,-35.76,
2024-11-27,252,고금리(2022~),-29.84,-30.97,-29.1,-34.67,
2024-11-28,252,고금리(2022~),-29.08,-30.43,-29.96,-33.64,
2024-11-29,252,고금리(2022~),-30.93,-32.2,-30.62,-37.23,
2024-12-02,252,고금리(2022~),-28.74,-30.4,-29.09,-33.6,
2024-12-03,252,고금리(2022~),-26.73,-27.87,-24.41,-29.02,
2024-12-04,252,고금리(2022~),-26.76,-28.3,-24.65,-29.83,
2024-12-05,252,고금리(2022~),-28.09,-29.84,-26.71,-32.61,
2024-12-06,252,고금리(2022~),-29.53,-31.45,-28.98,-35.73,
2024-12-09,252,고금리(2022~),-32.57,-33.54,-32.69,-40.23,
2024-12-10,252,고금리(2022~),-28.73,-29.54,-28.51,-32.6,
2024-12-11,252,고금리(2022~),-29.19,-30.6,-29.68,-34.59,
2024-12-12,252,고금리(2022~),-28.75,-30.4,-29.2,-34.2,
2024-12-13,252,고금리(2022~),-27.65,-29.24,-26.86,-31.98,
2024-12-16,252,고금리(2022~),-29.38,-30.91,-29.01,-35.08,
2024-12-17,252,고금리(2022~),-30.77,-32.95,-31.39,-39.2,
2024-12-18,252,고금리(2022~),-30.71,-32.42,-31.27,-38.12,
2024-12-19,252,고금리(2022~),-31.94,-33.81,-32.93,-41.15,
2024-12-20,252,고금리(2022~),-33.29,-34.87,-35.0,-43.48,
2024-12-23,252,고금리(2022~),-32.5,-33.8,-31.63,-41.22,
2024-12-24,252,고금리(2022~),-31.66,-33.22,-31.17,-40.0,
2024-12-26,252,고금리(2022~),-31.9,-33.56,-31.66,-40.71,
2024-12-27,252,고금리(2022~),-32.12,-33.89,-32.23,-41.44,
2024-12-30,252,고금리(2022~),-31.13,-33.34,-33.13,-40.3,
2025-01-02,252,고금리(2022~),-31.48,-33.75,-32.55,-41.14,
2025-01-03,252,고금리(2022~),-29.57,-31.94,-31.27,-37.55,
2025-01-06,252,고금리(2022~),-28.66,-30.58,-27.91,-34.89,
2025-01-07,252,고금리(2022~),-25.26,-27.17,-23.7,-28.32,
2025-01-08,252,고금리(2022~),-27.14,-29.48,-26.57,-32.38,
2025-01-09,252,고금리(2022~),-30.35,-32.52,-30.34,-38.05,
2025-01-10,252,고금리(2022~),-38.83,-40.57,-41.1,-54.83,
2025-01-13,252,고금리(2022~),-41.65,-43.3,-45.15,-62.21,
2025-01-14,252,고금리(2022~),-44.98,-46.24,-49.92,-70.28,
2025-01-15,252,고금리(2022~),-46.92,-48.49,-52.76,-77.59,
2025-01-16,252,고금리(2022~),-44.47,-45.71,-48.78,-68.51,
2025-01-17,252,고금리(2022~),-41.39,-42.97,-43.05,-59.95,
2025-01-20,252,고금리(2022~),-43.65,-44.68,-45.57,-64.68,
2025-01-21,252,고금리(2022~),-43.26,-44.62,-45.7,-64.5,
2025-01-22,252,고금리(2022~),-40.18,-41.69,-41.47,-55.98,
2025-01-23,252,고금리(2022~),-38.75,-39.94,-39.35,-51.24,
2025-01-24,252,고금리(2022~),-41.34,-42.32,-41.03,-57.08,
2025-01-31,252,고금리(2022~),-40.03,-41.39,-39.8,-54.55,
2025-02-03,252,고금리(2022~),-42.57,-43.48,-42.38,-60.52,
2025-02-04,252,고금리(2022~),-41.79,-42.8,-42.37,-58.69,
2025-02-05,252,고금리(2022~),-39.61,-40.93,-40.88,-53.65,
2025-02-06,252,고금리(2022~),-43.12,-44.53,-45.26,-62.8,
2025-02-07,252,고금리(2022~),-42.63,-43.72,-44.44,-60.45,
2025-02-10,252,고금리(2022~),-41.35,-42.62,-41.47,-57.36,
2025-02-11,252,고금리(2022~),-42.13,-43.51,-44.47,-59.81,
2025-02-12,252,고금리(2022~),-42.28,-43.8,-43.87,-60.63,
2025-02-13,252,고금리(2022~),-44.76,-45.62,-45.81,-65.81,
2025-02-14,252,고금리(2022~),-43.91,-45.16,-45.38,-64.44,
2025-02-17,252,고금리(2022~),-40.28,-41.61,-41.71,-54.06,
2025-02-18,252,고금리(2022~),-30.22,-32.7,-35.88,-30.65,
2025-02-19,252,고금리(2022~),-40.53,-41.0,-42.41,-46.56,
2025-02-20,252,고금리(2022~),-44.7,-45.55,-45.18,-58.18,
2025-02-21,252,고금리(2022~),-42.16,-42.72,-38.92,-50.2,
2025-02-24,252,고금리(2022~),-43.54,-43.96,-41.25,-53.46,
2025-02-25,252,고금리(2022~),-42.74,-42.88,-40.3,-50.48,
2025-02-26,252,고금리(2022~),-42.8,-43.05,-39.32,-50.93,
2025-02-27,252,고금리(2022~),-42.76,-42.85,-38.96,-50.41,
2025-02-28,252,고금리(2022~),-44.26,-44.21,-39.94,-54.3,
2025-03-04,252,고금리(2022~),-44.43,-44.71,-40.27,-55.72,
2025-03-05,252,고금리(2022~),-45.87,-45.81,-41.64,-58.75,
2025-03-06,252,고금리(2022~),-45.7,-45.71,-42.27,-58.42,
2025-03-07,252,고금리(2022~),-47.32,-47.54,-44.74,-63.94,
2025-03-10,252,고금리(2022~),-44.47,-44.79,-42.87,-55.29,
2025-03-11,252,고금리(2022~),-46.39,-46.82,-44.65,-61.12,
2025-03-12,252,고금리(2022~),-47.92,-47.94,-43.91,-64.44,
2025-03-13,252,고금리(2022~),-47.5,-47.26,-45.24,-62.24,
2025-03-14,252,고금리(2022~),-47.01,-46.36,-43.52,-59.61,
2025-03-17,252,고금리(2022~),-43.79,-43.66,-41.29,-51.85,
2025-03-18,252,고금리(2022~),-40.54,-40.49,-38.66,-43.36,
2025-03-19,252,고금리(2022~),-44.9,-44.55,-41.49,-53.43,
2025-03-20,252,고금리(2022~),-42.97,-42.8,-43.41,-48.35,
2025-03-21,252,고금리(2022~),-44.04,-43.64,-43.73,-50.61,
2025-03-24,252,고금리(2022~),-42.71,-42.13,-41.72,-46.66,
2025-03-25,252,고금리(2022~),-43.32,-42.6,-38.13,-47.86,
2025-03-26,252,고금리(2022~),-46.06,-45.57,-41.88,-55.4,
2025-03-27,252,고금리(2022~),-46.06,-45.46,-41.79,-55.09,
2025-03-28,252,고금리(2022~),-47.23,-47.36,-42.42,-60.71,
2025-03-31,252,고금리(2022~),-48.81,-48.8,-43.43,-65.41,
2025-04-01,252,고금리(2022~),-47.79,-47.66,-42.43,-61.93,
2025-04-02,252,고금리(2022~),-50.36,-50.21,-44.82,-70.08,
2025-04-03,252,고금리(2022~),-50.91,-50.82,-45.61,-72.16,
2025-04-04,252,고금리(2022~),-50.55,-50.1,-45.8,-69.71,
2025-04-07,252,고금리(2022~),-53.62,-53.48,-49.71,-82.73,
2025-04-08,252,고금리(2022~),-53.44,-52.85,-50.44,-80.35,
2025-04-09,252,고금리(2022~),-54.55,-54.16,-51.33,-85.71,
2025-04-10,252,고금리(2022~),-50.97,-50.46,-46.33,-72.62,
2025-04-11,252,고금리(2022~),-51.53,-51.48,-49.49,-76.08,
2025-04-14,252,고금리(2022~),-51.44,-51.13,-48.42,-74.87,
2025-04-15,252,고금리(2022~),-50.88,-50.33,-48.14,-72.02,
2025-04-16,252,고금리(2022~),-52.38,-51.81,-50.73,-77.44,
2025-04-17,252,고금리(2022~),-49.76,-49.55,-46.87,-69.44,
2025-04-18,252,고금리(2022~),-50.06,-50.02,-51.51,-70.98,
2025-04-21,252,고금리(2022~),-50.54,-50.12,-51.17,-71.34,
2025-04-22,252,고금리(2022~),-50.09,-49.78,-50.54,-70.18,
2025-04-23,252,고금리(2022~),-49.08,-48.67,-46.06,-66.57,
2025-04-24,252,고금리(2022~),-49.1,-48.75,-46.09,-66.82,
2025-04-25,252,고금리(2022~),-47.75,-47.04,-44.21,-61.34,
2025-04-28,252,고금리(2022~),-48.48,-48.01,-43.8,-64.41,
2025-04-29,252,고금리(2022~),-48.9,-48.62,-43.78,-66.3,
2025-04-30,252,고금리(2022~),-47.16,-46.92,-41.94,-60.6,
2025-05-02,252,고금리(2022~),-45.34,-44.7,-39.13,-54.04,
2025-05-07,252,고금리(2022~),-44.67,-44.19,-38.93,-52.62,
2025-05-08,252,고금리(2022~),-42.58,-42.06,-37.96,-46.87,
2025-05-09,252,고금리(2022~),-46.46,-46.09,-41.4,-57.4,
2025-05-12,252,고금리(2022~),-49.87,-49.68,-46.47,-67.79,
2025-05-13,252,고금리(2022~),-49.95,-49.68,-45.34,-67.77,
2025-05-14,252,고금리(2022~),-48.39,-47.99,-42.74,-62.18,
2025-05-15,252,고금리(2022~),-47.96,-47.3,-44.6,-59.96,
2025-05-16,252,고금리(2022~),-47.54,-47.12,-43.95,-59.42,
2025-05-19,252,고금리(2022~),-47.34,-46.91,-44.34,-58.76,
2025-05-20,252,고금리(2022~),-46.3,-45.92,-44.72,-55.77,
2025-05-21,252,고금리(2022~),-47.75,-47.31,-43.83,-59.67,
2025-05-22,252,고금리(2022~),-44.76,-44.46,-46.04,-50.97,
2025-05-23,252,고금리(2022~),-39.23,-38.33,-40.89,-34.32,
2025-05-26,252,고금리(2022~),-42.3,-42.27,-42.56,-42.69,
2025-05-27,252,고금리(2022~),-41.48,-40.32,-37.01,-37.99,
2025-05-28,252,고금리(2022~),-45.41,-44.0,-39.55,-46.44,
2025-05-29,252,고금리(2022~),-45.67,-45.03,-40.03,-49.12,
2025-05-30,252,고금리(2022~),-46.72,-45.29,-38.65,-49.81,
2025-06-02,252,고금리(2022~),-44.4,-43.32,-36.22,-44.52,
2025-06-04,252,고금리(2022~),-45.35,-44.53,-36.88,-47.56,
2025-06-05,252,고금리(2022~),-43.54,-42.27,-33.95,-41.65,
2025-06-09,252,고금리(2022~),-40.8,-39.21,-30.82,-34.35,
2025-06-10,252,고금리(2022~),-41.38,-40.44,-33.27,-36.99,
2025-06-11,252,고금리(2022~),-34.49,-33.4,-25.1,-21.55,
2025-06-12,252,고금리(2022~),-35.98,-35.27,-29.83,-24.94,
2025-06-13,252,고금리(2022~),-36.62,-35.2,-29.82,-24.81,
2025-06-16,252,고금리(2022~),-33.11,-32.53,-25.98,-19.73,
2025-06-17,252,고금리(2022~),-39.76,-38.75,-33.17,-30.84,
2025-06-18,252,고금리(2022~),-39.08,-37.56,-31.08,-28.3,
2025-06-19,252,고금리(2022~),-39.15,-37.98,-31.59,-29.16,
2025-06-20,252,고금리(2022~),-33.75,-32.09,-27.15,-17.32,
2025-06-23,252,고금리(2022~),-33.7,-32.35,-26.1,-17.77,
2025-06-24,252,고금리(2022~),-29.97,-28.27,-27.63,-11.04,
2025-06-25,252,고금리(2022~),-29.09,-27.32,-26.97,-9.57,
2025-06-26,252,고금리(2022~),-25.31,-23.74,-23.79,-4.01,
2025-06-27,252,고금리(2022~),-26.79,-26.0,-20.75,-7.15,
2025-06-30,252,고금리(2022~),-30.18,-29.61,-23.44,-12.38,
2025-07-01,252,고금리(2022~),-27.6,-26.04,-20.76,-6.65,
2025-07-02,252,고금리(2022~),-25.07,-23.51,-16.76,-3.07,
2025-07-03,252,고금리(2022~),-29.27,-27.97,-17.94,-8.88,
2025-07-04,252,고금리(2022~),-27.21,-25.81,-17.41,-5.42,
2025-07-07,252,고금리(2022~),-21.67,-19.77,-11.38,3.02,
2025-07-08,252,고금리(2022~),-21.38,-20.13,-10.69,2.59,
2025-07-09,252,고금리(2022~),-19.69,-18.39,-12.06,4.68,
2025-07-10,252,고금리(2022~),-24.47,-23.5,-12.23,-1.13,
2025-07-11,252,고금리(2022~),-19.21,-17.85,-11.87,6.26,
2025-07-14,252,고금리(2022~),-21.78,-21.13,-13.14,2.5,
2025-07-15,252,고금리(2022~),-13.02,-11.66,-2.55,13.54,
2025-07-16,252,고금리(2022~),-7.83,-5.9,-3.92,19.18,
2025-07-17,252,고금리(2022~),-1.33,0.25,2.19,24.29,
2025-07-18,252,고금리(2022~),-14.29,-10.26,-3.08,16.43,
2025-07-21,252,고금리(2022~),-17.56,-16.33,-7.25,10.8,
2025-07-22,252,고금리(2022~),-24.34,-22.78,-10.57,3.75,
2025-07-23,252,고금리(2022~),-25.07,-23.54,-17.7,2.8,
2025-07-24,252,고금리(2022~),-25.63,-23.64,-17.95,2.68,
2025-07-25,252,고금리(2022~),-26.32,-24.75,-19.48,1.25,
2025-07-28,252,고금리(2022~),-32.26,-30.71,-20.22,-6.53,
2025-07-29,252,고금리(2022~),-32.8,-30.92,-19.16,-6.85,
2025-07-30,252,고금리(2022~),-32.56,-30.82,-20.79,-6.69,
2025-07-31,252,고금리(2022~),-32.65,-31.45,-20.92,-7.65,
2025-08-01,252,고금리(2022~),-35.88,-34.04,-20.35,-12.14,
2025-08-04,252,고금리(2022~),-31.73,-30.26,-17.83,-5.92,
2025-08-05,252,고금리(2022~),-30.29,-28.73,-18.23,-3.7,
2025-08-06,252,고금리(2022~),-31.82,-30.46,-19.75,-6.18,
2025-08-07,252,고금리(2022~),-27.99,-26.81,-17.4,-0.58,
2025-08-08,252,고금리(2022~),-29.28,-27.95,-13.18,-2.14,
2025-08-11,252,고금리(2022~),-29.94,-28.44,-21.19,-2.83,
2025-08-12,252,고금리(2022~),-29.82,-28.21,-17.9,-2.48,
2025-08-13,252,고금리(2022~),-29.96,-28.74,-22.47,-3.21,
2025-08-14,252,고금리(2022~),-29.85,-28.33,-31.33,-2.62,
2025-08-18,252,고금리(2022~),-31.1,-28.84,-34.47,-3.37,
2025-08-19,252,고금리(2022~),-29.6,-28.45,-23.86,-2.78,
2025-08-20,252,고금리(2022~),-28.92,-27.54,-18.88,-1.45,
2025-08-21,252,고금리(2022~),,,,,구간 끝이 데이터 범위를 넘음
2025-08-22,252,고금리(2022~),,,,,구간 끝이 데이터 범위를 넘음
2025-08-25,252,고금리(2022~),,,,,구간 끝이 데이터 범위를 넘음
2025-08-26,252,고금리(2022~),,,,,구간 끝이 데이터 범위를 넘음
2025-08-27,252,고금리(2022~),,,,,구간 끝이 데이터 범위를 넘음
2025-08-28,252,고금리(2022~),,,,,구간 끝이 데이터 범위를 넘음
2025-08-29,252,고금리(2022~),,,,,구간 끝이 데이터 범위를 넘음
2025-09-01,252,고금리(2022~),,,,,구간 끝이 데이터 범위를 넘음
2025-09-02,252,고금리(2022~),,,,,구간 끝이 데이터 범위를 넘음
2025-09-03,252,고금리(2022~),,,,,구간 끝이 데이터 범위를 넘음
2025-09-04,252,고금리(2022~),,,,,구간 끝이 데이터 범위를 넘음
2025-09-05,252,고금리(2022~),,,,,구간 끝이 데이터 범위를 넘음
2025-09-08,252,고금리(2022~),,,,,구간 끝이 데이터 범위를 넘음
2025-09-09,252,고금리(2022~),,,,,구간 끝이 데이터 범위를 넘음
2025-09-10,252,고금리(2022~),,,,,구간 끝이 데이터 범위를 넘음
2025-09-11,252,고금리(2022~),,,,,구간 끝이 데이터 범위를 넘음
2025-09-12,252,고금리(2022~),,,,,구간 끝이 데이터 범위를 넘음
2025-09-15,252,고금리(2022~),,,,,구간 끝이 데이터 범위를 넘음
2025-09-16,252,고금리(2022~),,,,,구간 끝이 데이터 범위를 넘음
2025-09-17,252,고금리(2022~),,,,,구간 끝이 데이터 범위를 넘음
2025-09-18,252,고금리(2022~),,,,,구간 끝이 데이터 범위를 넘음
2025-09-19,252,고금리(2022~),,,,,구간 끝이 데이터 범위를 넘음
2025-09-22,252,고금리(2022~),,,,,구간 끝이 데이터 범위를 넘음
2025-09-23,252,고금리(2022~),,,,,구간 끝이 데이터 범위를 넘음
2025-09-24,252,고금리(2022~),,,,,구간 끝이 데이터 범위를 넘음
2025-09-25,252,고금리(2022~),,,,,구간 끝이 데이터 범위를 넘음
2025-09-26,252,고금리(2022~),,,,,구간 끝이 데이터 범위를 넘음
2025-09-29,252,고금리(2022~),,,,,구간 끝이 데이터 범위를 넘음
2025-09-30,252,고금리(2022~),,,,,구간 끝이 데이터 범위를 넘음
2025-10-01,252,고금리(2022~),,,,,구간 끝이 데이터 범위를 넘음
2025-10-02,252,고금리(2022~),,,,,구간 끝이 데이터 범위를 넘음
2025-10-10,252,고금리(2022~),,,,,구간 끝이 데이터 범위를 넘음
2025-10-13,252,고금리(2022~),,,,,구간 끝이 데이터 범위를 넘음
2025-10-14,252,고금리(2022~),,,,,구간 끝이 데이터 범위를 넘음
2025-10-15,252,고금리(2022~),,,,,구간 끝이 데이터 범위를 넘음
2025-10-16,252,고금리(2022~),,,,,구간 끝이 데이터 범위를 넘음
2025-10-17,252,고금리(2022~),,,,,구간 끝이 데이터 범위를 넘음
2025-10-20,252,고금리(2022~),,,,,구간 끝이 데이터 범위를 넘음
2025-10-21,252,고금리(2022~),,,,,구간 끝이 데이터 범위를 넘음
2025-10-22,252,고금리(2022~),,,,,구간 끝이 데이터 범위를 넘음
2025-10-23,252,고금리(2022~),,,,,구간 끝이 데이터 범위를 넘음
2025-10-24,252,고금리(2022~),,,,,구간 끝이 데이터 범위를 넘음
2025-10-27,252,고금리(2022~),,,,,구간 끝이 데이터 범위를 넘음
2025-10-28,252,고금리(2022~),,,,,구간 끝이 데이터 범위를 넘음
2025-10-29,252,고금리(2022~),,,,,구간 끝이 데이터 범위를 넘음
2025-10-30,252,고금리(2022~),,,,,구간 끝이 데이터 범위를 넘음
2025-10-31,252,고금리(2022~),,,,,구간 끝이 데이터 범위를 넘음
2025-11-03,252,고금리(2022~),,,,,구간 끝이 데이터 범위를 넘음
2025-11-04,252,고금리(2022~),,,,,구간 끝이 데이터 범위를 넘음
2025-11-05,252,고금리(2022~),,,,,구간 끝이 데이터 범위를 넘음
2025-11-06,252,고금리(2022~),,,,,구간 끝이 데이터 범위를 넘음
2025-11-07,252,고금리(2022~),,,,,구간 끝이 데이터 범위를 넘음
2025-11-10,252,고금리(2022~),,,,,구간 끝이 데이터 범위를 넘음
2025-11-11,252,고금리(2022~),,,,,구간 끝이 데이터 범위를 넘음
2025-11-12,252,고금리(2022~),,,,,구간 끝이 데이터 범위를 넘음
2025-11-13,252,고금리(2022~),,,,,구간 끝이 데이터 범위를 넘음
2025-11-14,252,고금리(2022~),,,,,구간 끝이 데이터 범위를 넘음
2025-11-17,252,고금리(2022~),,,,,구간 끝이 데이터 범위를 넘음
2025-11-18,252,고금리(2022~),,,,,구간 끝이 데이터 범위를 넘음
2025-11-19,252,고금리(2022~),,,,,구간 끝이 데이터 범위를 넘음
2025-11-20,252,고금리(2022~),,,,,구간 끝이 데이터 범위를 넘음
2025-11-21,252,고금리(2022~),,,,,구간 끝이 데이터 범위를 넘음
2025-11-24,252,고금리(2022~),,,,,구간 끝이 데이터 범위를 넘음
2025-11-25,252,고금리(2022~),,,,,구간 끝이 데이터 범위를 넘음
2025-11-26,252,고금리(2022~),,,,,구간 끝이 데이터 범위를 넘음
2025-11-27,252,고금리(2022~),,,,,구간 끝이 데이터 범위를 넘음
2025-11-28,252,고금리(2022~),,,,,구간 끝이 데이터 범위를 넘음
2025-12-01,252,고금리(2022~),,,,,구간 끝이 데이터 범위를 넘음
2025-12-02,252,고금리(2022~),,,,,구간 끝이 데이터 범위를 넘음
2025-12-03,252,고금리(2022~),,,,,구간 끝이 데이터 범위를 넘음
2025-12-04,252,고금리(2022~),,,,,구간 끝이 데이터 범위를 넘음
2025-12-05,252,고금리(2022~),,,,,구간 끝이 데이터 범위를 넘음
2025-12-08,252,고금리(2022~),,,,,구간 끝이 데이터 범위를 넘음
2025-12-09,252,고금리(2022~),,,,,구간 끝이 데이터 범위를 넘음
2025-12-10,252,고금리(2022~),,,,,구간 끝이 데이터 범위를 넘음
2025-12-11,252,고금리(2022~),,,,,구간 끝이 데이터 범위를 넘음
2025-12-12,252,고금리(2022~),,,,,구간 끝이 데이터 범위를 넘음
2025-12-15,252,고금리(2022~),,,,,구간 끝이 데이터 범위를 넘음
2025-12-16,252,고금리(2022~),,,,,구간 끝이 데이터 범위를 넘음
2025-12-17,252,고금리(2022~),,,,,구간 끝이 데이터 범위를 넘음
2025-12-18,252,고금리(2022~),,,,,구간 끝이 데이터 범위를 넘음
2025-12-19,252,고금리(2022~),,,,,구간 끝이 데이터 범위를 넘음
2025-12-22,252,고금리(2022~),,,,,구간 끝이 데이터 범위를 넘음
2025-12-23,252,고금리(2022~),,,,,구간 끝이 데이터 범위를 넘음
2025-12-24,252,고금리(2022~),,,,,구간 끝이 데이터 범위를 넘음
2025-12-26,252,고금리(2022~),,,,,구간 끝이 데이터 범위를 넘음
2025-12-29,252,고금리(2022~),,,,,구간 끝이 데이터 범위를 넘음
2025-12-30,252,고금리(2022~),,,,,구간 끝이 데이터 범위를 넘음
2026-01-02,252,고금리(2022~),,,,,구간 끝이 데이터 범위를 넘음
2026-01-05,252,고금리(2022~),,,,,구간 끝이 데이터 범위를 넘음
2026-01-06,252,고금리(2022~),,,,,구간 끝이 데이터 범위를 넘음
2026-01-07,252,고금리(2022~),,,,,구간 끝이 데이터 범위를 넘음
2026-01-08,252,고금리(2022~),,,,,구간 끝이 데이터 범위를 넘음
2026-01-09,252,고금리(2022~),,,,,구간 끝이 데이터 범위를 넘음
2026-01-12,252,고금리(2022~),,,,,구간 끝이 데이터 범위를 넘음
2026-01-13,252,고금리(2022~),,,,,구간 끝이 데이터 범위를 넘음
2026-01-14,252,고금리(2022~),,,,,구간 끝이 데이터 범위를 넘음
2026-01-15,252,고금리(2022~),,,,,구간 끝이 데이터 범위를 넘음
2026-01-16,252,고금리(2022~),,,,,구간 끝이 데이터 범위를 넘음
2026-01-19,252,고금리(2022~),,,,,구간 끝이 데이터 범위를 넘음
2026-01-20,252,고금리(2022~),,,,,구간 끝이 데이터 범위를 넘음
2026-01-21,252,고금리(2022~),,,,,구간 끝이 데이터 범위를 넘음
2026-01-22,252,고금리(2022~),,,,,구간 끝이 데이터 범위를 넘음
2026-01-23,252,고금리(2022~),,,,,구간 끝이 데이터 범위를 넘음
2026-01-26,252,고금리(2022~),,,,,구간 끝이 데이터 범위를 넘음
2026-01-27,252,고금리(2022~),,,,,구간 끝이 데이터 범위를 넘음
2026-01-28,252,고금리(2022~),,,,,구간 끝이 데이터 범위를 넘음
2026-01-29,252,고금리(2022~),,,,,구간 끝이 데이터 범위를 넘음
2026-01-30,252,고금리(2022~),,,,,구간 끝이 데이터 범위를 넘음
2026-02-02,252,고금리(2022~),,,,,구간 끝이 데이터 범위를 넘음
2026-02-03,252,고금리(2022~),,,,,구간 끝이 데이터 범위를 넘음
2026-02-04,252,고금리(2022~),,,,,구간 끝이 데이터 범위를 넘음
2026-02-05,252,고금리(2022~),,,,,구간 끝이 데이터 범위를 넘음
2026-02-06,252,고금리(2022~),,,,,구간 끝이 데이터 범위를 넘음
2026-02-09,252,고금리(2022~),,,,,구간 끝이 데이터 범위를 넘음
2026-02-10,252,고금리(2022~),,,,,구간 끝이 데이터 범위를 넘음
2026-02-11,252,고금리(2022~),,,,,구간 끝이 데이터 범위를 넘음
2026-02-12,252,고금리(2022~),,,,,구간 끝이 데이터 범위를 넘음
2026-02-13,252,고금리(2022~),,,,,구간 끝이 데이터 범위를 넘음
2026-02-19,252,고금리(2022~),,,,,구간 끝이 데이터 범위를 넘음
2026-02-20,252,고금리(2022~),,,,,구간 끝이 데이터 범위를 넘음
2026-02-23,252,고금리(2022~),,,,,구간 끝이 데이터 범위를 넘음
2026-02-24,252,고금리(2022~),,,,,구간 끝이 데이터 범위를 넘음
2026-02-25,252,고금리(2022~),,,,,구간 끝이 데이터 범위를 넘음
2026-02-26,252,고금리(2022~),,,,,구간 끝이 데이터 범위를 넘음
2026-02-27,252,고금리(2022~),,,,,구간 끝이 데이터 범위를 넘음
2026-03-03,252,고금리(2022~),,,,,구간 끝이 데이터 범위를 넘음
2026-03-04,252,고금리(2022~),,,,,구간 끝이 데이터 범위를 넘음
2026-03-05,252,고금리(2022~),,,,,구간 끝이 데이터 범위를 넘음
2026-03-06,252,고금리(2022~),,,,,구간 끝이 데이터 범위를 넘음
2026-03-09,252,고금리(2022~),,,,,구간 끝이 데이터 범위를 넘음
2026-03-10,252,고금리(2022~),,,,,구간 끝이 데이터 범위를 넘음
2026-03-11,252,고금리(2022~),,,,,구간 끝이 데이터 범위를 넘음
2026-03-12,252,고금리(2022~),,,,,구간 끝이 데이터 범위를 넘음
2026-03-13,252,고금리(2022~),,,,,구간 끝이 데이터 범위를 넘음
2026-03-16,252,고금리(2022~),,,,,구간 끝이 데이터 범위를 넘음
2026-03-17,252,고금리(2022~),,,,,구간 끝이 데이터 범위를 넘음
2026-03-18,252,고금리(2022~),,,,,구간 끝이 데이터 범위를 넘음
2026-03-19,252,고금리(2022~),,,,,구간 끝이 데이터 범위를 넘음
2026-03-20,252,고금리(2022~),,,,,구간 끝이 데이터 범위를 넘음
2026-03-23,252,고금리(2022~),,,,,구간 끝이 데이터 범위를 넘음
2026-03-24,252,고금리(2022~),,,,,구간 끝이 데이터 범위를 넘음
2026-03-25,252,고금리(2022~),,,,,구간 끝이 데이터 범위를 넘음
2026-03-26,252,고금리(2022~),,,,,구간 끝이 데이터 범위를 넘음
2026-03-27,252,고금리(2022~),,,,,구간 끝이 데이터 범위를 넘음
2026-03-30,252,고금리(2022~),,,,,구간 끝이 데이터 범위를 넘음
2026-03-31,252,고금리(2022~),,,,,구간 끝이 데이터 범위를 넘음
2026-04-01,252,고금리(2022~),,,,,구간 끝이 데이터 범위를 넘음
2026-04-02,252,고금리(2022~),,,,,구간 끝이 데이터 범위를 넘음
2026-04-03,252,고금리(2022~),,,,,구간 끝이 데이터 범위를 넘음
2026-04-06,252,고금리(2022~),,,,,구간 끝이 데이터 범위를 넘음
2026-04-07,252,고금리(2022~),,,,,구간 끝이 데이터 범위를 넘음
2026-04-08,252,고금리(2022~),,,,,구간 끝이 데이터 범위를 넘음
2026-04-09,252,고금리(2022~),,,,,구간 끝이 데이터 범위를 넘음
2026-04-10,252,고금리(2022~),,,,,구간 끝이 데이터 범위를 넘음
2026-04-13,252,고금리(2022~),,,,,구간 끝이 데이터 범위를 넘음
2026-04-14,252,고금리(2022~),,,,,구간 끝이 데이터 범위를 넘음
2026-04-15,252,고금리(2022~),,,,,구간 끝이 데이터 범위를 넘음
2026-04-16,252,고금리(2022~),,,,,구간 끝이 데이터 범위를 넘음
2026-04-17,252,고금리(2022~),,,,,구간 끝이 데이터 범위를 넘음
2026-04-20,252,고금리(2022~),,,,,구간 끝이 데이터 범위를 넘음
2026-04-21,252,고금리(2022~),,,,,구간 끝이 데이터 범위를 넘음
2026-04-22,252,고금리(2022~),,,,,구간 끝이 데이터 범위를 넘음
2026-04-23,252,고금리(2022~),,,,,구간 끝이 데이터 범위를 넘음
2026-04-24,252,고금리(2022~),,,,,구간 끝이 데이터 범위를 넘음
2026-04-27,252,고금리(2022~),,,,,구간 끝이 데이터 범위를 넘음
2026-04-28,252,고금리(2022~),,,,,구간 끝이 데이터 범위를 넘음
2026-04-29,252,고금리(2022~),,,,,구간 끝이 데이터 범위를 넘음
2026-04-30,252,고금리(2022~),,,,,구간 끝이 데이터 범위를 넘음
2026-05-04,252,고금리(2022~),,,,,구간 끝이 데이터 범위를 넘음
2026-05-06,252,고금리(2022~),,,,,구간 끝이 데이터 범위를 넘음
2026-05-07,252,고금리(2022~),,,,,구간 끝이 데이터 범위를 넘음
2026-05-08,252,고금리(2022~),,,,,구간 끝이 데이터 범위를 넘음
2026-05-11,252,고금리(2022~),,,,,구간 끝이 데이터 범위를 넘음
2026-05-12,252,고금리(2022~),,,,,구간 끝이 데이터 범위를 넘음
2026-05-13,252,고금리(2022~),,,,,구간 끝이 데이터 범위를 넘음
2026-05-14,252,고금리(2022~),,,,,구간 끝이 데이터 범위를 넘음
2026-05-15,252,고금리(2022~),,,,,구간 끝이 데이터 범위를 넘음
2026-05-18,252,고금리(2022~),,,,,구간 끝이 데이터 범위를 넘음
2026-05-19,252,고금리(2022~),,,,,구간 끝이 데이터 범위를 넘음
2026-05-20,252,고금리(2022~),,,,,구간 끝이 데이터 범위를 넘음
2026-05-21,252,고금리(2022~),,,,,구간 끝이 데이터 범위를 넘음
2026-05-22,252,고금리(2022~),,,,,구간 끝이 데이터 범위를 넘음
2026-05-26,252,고금리(2022~),,,,,구간 끝이 데이터 범위를 넘음
2026-05-27,252,고금리(2022~),,,,,구간 끝이 데이터 범위를 넘음
2026-05-28,252,고금리(2022~),,,,,구간 끝이 데이터 범위를 넘음
2026-05-29,252,고금리(2022~),,,,,구간 끝이 데이터 범위를 넘음
2026-06-01,252,고금리(2022~),,,,,구간 끝이 데이터 범위를 넘음
2026-06-02,252,고금리(2022~),,,,,구간 끝이 데이터 범위를 넘음
2026-06-04,252,고금리(2022~),,,,,구간 끝이 데이터 범위를 넘음
2026-06-05,252,고금리(2022~),,,,,구간 끝이 데이터 범위를 넘음
2026-06-08,252,고금리(2022~),,,,,구간 끝이 데이터 범위를 넘음
2026-06-09,252,고금리(2022~),,,,,구간 끝이 데이터 범위를 넘음
2026-06-10,252,고금리(2022~),,,,,구간 끝이 데이터 범위를 넘음
2026-06-11,252,고금리(2022~),,,,,구간 끝이 데이터 범위를 넘음
2026-06-12,252,고금리(2022~),,,,,구간 끝이 데이터 범위를 넘음
2026-06-15,252,고금리(2022~),,,,,구간 끝이 데이터 범위를 넘음
2026-06-16,252,고금리(2022~),,,,,구간 끝이 데이터 범위를 넘음
2026-06-17,252,고금리(2022~),,,,,구간 끝이 데이터 범위를 넘음
2026-06-18,252,고금리(2022~),,,,,구간 끝이 데이터 범위를 넘음
2026-06-19,252,고금리(2022~),,,,,구간 끝이 데이터 범위를 넘음
2026-06-22,252,고금리(2022~),,,,,구간 끝이 데이터 범위를 넘음
2026-06-23,252,고금리(2022~),,,,,구간 끝이 데이터 범위를 넘음
2026-06-24,252,고금리(2022~),,,,,구간 끝이 데이터 범위를 넘음
2026-06-25,252,고금리(2022~),,,,,구간 끝이 데이터 범위를 넘음
2026-06-26,252,고금리(2022~),,,,,구간 끝이 데이터 범위를 넘음
2026-06-29,252,고금리(2022~),,,,,구간 끝이 데이터 범위를 넘음
2026-06-30,252,고금리(2022~),,,,,구간 끝이 데이터 범위를 넘음
2026-07-01,252,고금리(2022~),,,,,구간 끝이 데이터 범위를 넘음
2026-07-02,252,고금리(2022~),,,,,구간 끝이 데이터 범위를 넘음
2026-07-03,252,고금리(2022~),,,,,구간 끝이 데이터 범위를 넘음
2026-07-06,252,고금리(2022~),,,,,구간 끝이 데이터 범위를 넘음
2026-07-07,252,고금리(2022~),,,,,구간 끝이 데이터 범위를 넘음
2026-07-08,252,고금리(2022~),,,,,구간 끝이 데이터 범위를 넘음
2026-07-09,252,고금리(2022~),,,,,구간 끝이 데이터 범위를 넘음
2026-07-10,252,고금리(2022~),,,,,구간 끝이 데이터 범위를 넘음
2026-07-13,252,고금리(2022~),,,,,구간 끝이 데이터 범위를 넘음
2026-07-14,252,고금리(2022~),,,,,구간 끝이 데이터 범위를 넘음
2026-07-15,252,고금리(2022~),,,,,구간 끝이 데이터 범위를 넘음
2026-07-16,252,고금리(2022~),,,,,구간 끝이 데이터 범위를 넘음
2026-07-20,252,고금리(2022~),,,,,구간 끝이 데이터 범위를 넘음
2026-07-21,252,고금리(2022~),,,,,구간 끝이 데이터 범위를 넘음
2026-07-22,252,고금리(2022~),,,,,구간 끝이 데이터 범위를 넘음
2026-07-23,252,고금리(2022~),,,,,구간 끝이 데이터 범위를 넘음
2026-07-24,252,고금리(2022~),,,,,구간 끝이 데이터 범위를 넘음
2026-07-27,252,고금리(2022~),,,,,구간 끝이 데이터 범위를 넘음
2026-07-28,252,고금리(2022~),,,,,구간 끝이 데이터 범위를 넘음
2026-07-29,252,고금리(2022~),,,,,구간 끝이 데이터 범위를 넘음
2026-07-30,252,고금리(2022~),,,,,구간 끝이 데이터 범위를 넘음
2026-07-31,252,고금리(2022~),,,,,구간 끝이 데이터 범위를 넘음
2026-08-03,252,고금리(2022~),,,,,구간 끝이 데이터 범위를 넘음
2026-08-04,252,고금리(2022~),,,,,구간 끝이 데이터 범위를 넘음
2026-08-05,252,고금리(2022~),,,,,구간 끝이 데이터 범위를 넘음
2026-08-06,252,고금리(2022~),,,,,구간 끝이 데이터 범위를 넘음
2026-08-07,252,고금리(2022~),,,,,구간 끝이 데이터 범위를 넘음
2026-08-10,252,고금리(2022~),,,,,구간 끝이 데이터 범위를 넘음
2026-08-11,252,고금리(2022~),,,,,구간 끝이 데이터 범위를 넘음
2026-08-12,252,고금리(2022~),,,,,구간 끝이 데이터 범위를 넘음
2026-08-13,252,고금리(2022~),,,,,구간 끝이 데이터 범위를 넘음
2026-08-14,252,고금리(2022~),,,,,구간 끝이 데이터 범위를 넘음
2026-08-18,252,고금리(2022~),,,,,구간 끝이 데이터 범위를 넘음
2026-08-19,252,고금리(2022~),,,,,구간 끝이 데이터 범위를 넘음
2026-08-20,252,고금리(2022~),,,,,구간 끝이 데이터 범위를 넘음
2026-08-21,252,고금리(2022~),,,,,구간 끝이 데이터 범위를 넘음
2026-08-24,252,고금리(2022~),,,,,구간 끝이 데이터 범위를 넘음
2026-08-25,252,고금리(2022~),,,,,구간 끝이 데이터 범위를 넘음
2026-08-26,252,고금리(2022~),,,,,구간 끝이 데이터 범위를 넘음
2026-08-27,252,고금리(2022~),,,,,구간 끝이 데이터 범위를 넘음
2026-08-28,252,고금리(2022~),,,,,구간 끝이 데이터 범위를 넘음
2026-08-31,252,고금리(2022~),,,,,구간 끝이 데이터 범위를 넘음
2026-09-01,252,고금리(2022~),,,,,구간 끝이 데이터 범위를 넘음
2026-09-02,252,고금리(2022~),,,,,구간 끝이 데이터 범위를 넘음
2016-08-10,756,저금리(~2021),-12.13,-16.88,-18.44,2.45,
2016-08-11,756,저금리(~2021),-14.96,-19.93,-22.01,-1.24,
2016-08-12,756,저금리(~2021),-15.22,-19.78,-19.16,-1.06,
2016-08-16,756,저금리(~2021),-15.13,-19.67,-18.07,-0.91,
2016-08-17,756,저금리(~2021),-15.5,-20.46,-18.23,-1.93,
2016-08-18,756,저금리(~2021),-15.07,-20.21,-18.24,-1.61,
2016-08-19,756,저금리(~2021),-14.24,-19.26,-15.17,-0.41,
2016-08-22,756,저금리(~2021),-12.2,-17.56,-12.26,1.75,
2016-08-23,756,저금리(~2021),-10.95,-16.05,-12.42,3.54,
2016-08-24,756,저금리(~2021),-12.11,-17.23,-15.1,2.2,
2016-08-25,756,저금리(~2021),-12.09,-17.08,-13.88,2.37,
2016-08-26,756,저금리(~2021),-12.09,-16.79,-14.05,2.72,
2016-08-29,756,저금리(~2021),-16.88,-21.71,-21.99,-3.38,
2016-08-30,756,저금리(~2021),-14.62,-19.35,-21.37,-0.33,
2016-08-31,756,저금리(~2021),-15.6,-19.9,-24.56,-1.02,
2016-09-01,756,저금리(~2021),-17.01,-21.4,-27.35,-2.84,
2016-09-02,756,저금리(~2021),-17.37,-22.1,-31.64,-3.75,
2016-09-05,756,저금리(~2021),-16.82,-21.35,-28.52,-2.75,
2016-09-06,756,저금리(~2021),-16.74,-21.71,-27.2,-3.23,
2016-09-07,756,저금리(~2021),-19.14,-23.93,-28.6,-6.2,
2016-09-08,756,저금리(~2021),-19.08,-24.23,-27.06,-6.62,
2016-09-09,756,저금리(~2021),-20.4,-25.9,-27.18,-9.03,
2016-09-12,756,저금리(~2021),-21.23,-26.39,-27.96,-9.79,
2016-09-13,756,저금리(~2021),-20.28,-25.41,-24.42,-8.34,
2016-09-19,756,저금리(~2021),-20.34,-25.21,-23.6,-8.06,
2016-09-20,756,저금리(~2021),-21.45,-26.71,-24.73,-10.21,
2016-09-21,756,저금리(~2021),-23.31,-28.64,-27.21,-13.09,
2016-09-22,756,저금리(~2021),-21.85,-27.07,-23.72,-10.64,
2016-09-23,756,저금리(~2021),-19.81,-24.93,-20.52,-7.4,
2016-09-26,756,저금리(~2021),-20.06,-25.53,-23.14,-8.27,
2016-09-27,756,저금리(~2021),-20.99,-26.22,-25.06,-9.26,
2016-09-28,756,저금리(~2021),-21.44,-26.56,-24.59,-9.79,
2016-09-29,756,저금리(~2021),-21.13,-26.52,-25.16,-9.72,
2016-09-30,756,저금리(~2021),-23.3,-28.71,-29.54,-13.15,
2016-10-04,756,저금리(~2021),-23.38,-28.6,-31.6,-12.98,
2016-10-05,756,저금리(~2021),-24.67,-29.36,-34.75,-14.18,
2016-10-06,756,저금리(~2021),-23.58,-28.54,-34.32,-12.85,
2016-10-07,756,저금리(~2021),-24.48,-29.35,-38.09,-14.16,
2016-10-10,756,저금리(~2021),-24.14,-28.9,-35.59,-13.45,
2016-10-11,756,저금리(~2021),-23.54,-28.4,-33.51,-12.65,
2016-10-12,756,저금리(~2021),-24.43,-29.12,-33.5,-13.78,
2016-10-13,756,저금리(~2021),-23.98,-29.0,-31.52,-13.58,
2016-10-14,756,저금리(~2021),-24.12,-28.78,-29.91,-13.22,
2016-10-17,756,저금리(~2021),-25.63,-30.39,-31.92,-15.84,
2016-10-18,756,저금리(~2021),-24.99,-29.63,-28.79,-14.6,
2016-10-19,756,저금리(~2021),-23.05,-27.8,-26.06,-11.65,
2016-10-20,756,저금리(~2021),-21.74,-26.74,-24.58,-9.99,
2016-10-21,756,저금리(~2021),-20.95,-26.08,-24.79,-8.97,
2016-10-24,756,저금리(~2021),-21.12,-26.17,-22.78,-9.11,
2016-10-25,756,저금리(~2021),-23.93,-28.61,-23.99,-12.76,
2016-10-26,756,저금리(~2021),-24.04,-28.99,-26.34,-13.35,
2016-10-27,756,저금리(~2021),-21.85,-26.56,-25.32,-9.67,
2016-10-28,756,저금리(~2021),-21.44,-26.38,-24.35,-9.39,
2016-10-31,756,저금리(~2021),-21.64,-26.42,-25.0,-9.45,
2016-11-01,756,저금리(~2021),-22.11,-27.09,-27.98,-10.44,
2016-11-02,756,저금리(~2021),-22.76,-27.37,-30.52,-10.88,
2016-11-03,756,저금리(~2021),-22.13,-26.47,-32.45,-9.55,
2016-11-04,756,저금리(~2021),-21.36,-25.64,-31.98,-8.31,
2016-11-07,756,저금리(~2021),-21.66,-26.16,-35.49,-9.05,
2016-11-08,756,저금리(~2021),-21.59,-26.12,-33.24,-8.99,
2016-11-09,756,저금리(~2021),-23.79,-28.81,-33.85,-13.31,
2016-11-10,756,저금리(~2021),-20.1,-25.25,-30.4,-8.15,
2016-11-11,756,저금리(~2021),-22.93,-28.08,-30.81,-12.32,
2016-11-14,756,저금리(~2021),-24.22,-29.55,-30.72,-14.65,
2016-11-15,756,저금리(~2021),-24.77,-30.06,-31.74,-15.5,
2016-11-16,756,저금리(~2021),-24.7,-29.69,-28.98,-14.93,
2016-11-17,756,저금리(~2021),-24.18,-29.49,-27.84,-14.6,
2016-11-18,756,저금리(~2021),-25.56,-30.51,-28.54,-16.29,
2016-11-21,756,저금리(~2021),-27.25,-32.06,-31.01,-18.98,
2016-11-22,756,저금리(~2021),-27.5,-31.95,-29.13,-18.78,
2016-11-23,756,저금리(~2021),-27.25,-31.6,-27.32,-18.15,
2016-11-24,756,저금리(~2021),-29.71,-34.52,-32.1,-23.34,
2016-11-25,756,저금리(~2021),-30.61,-35.1,-33.98,-24.41,
2016-11-28,756,저금리(~2021),-32.45,-36.87,-35.51,-27.89,
2016-11-29,756,저금리(~2021),-32.25,-36.41,-35.96,-26.98,
2016-11-30,756,저금리(~2021),-31.06,-35.58,-36.7,-25.31,
2016-12-01,756,저금리(~2021),-29.46,-34.02,-37.17,-22.23,
2016-12-02,756,저금리(~2021),-31.97,-36.96,-42.45,-27.88,
2016-12-05,756,저금리(~2021),-30.93,-35.43,-40.78,-24.69,
2016-12-06,756,저금리(~2021),-33.12,-37.45,-45.36,-28.48,
2016-12-07,756,저금리(~2021),-34.24,-38.75,-44.79,-31.2,
2016-12-08,756,저금리(~2021),-34.07,-38.1,-42.95,-29.83,
2016-12-09,756,저금리(~2021),-32.59,-36.02,-40.7,-25.71,
2016-12-12,756,저금리(~2021),-31.18,-35.11,-37.65,-23.96,
2016-12-13,756,저금리(~2021),-31.14,-35.02,-36.19,-23.79,
2016-12-14,756,저금리(~2021),-31.03,-34.77,-36.46,-23.31,
2016-12-15,756,저금리(~2021),-29.8,-33.69,-32.89,-21.31,
2016-12-16,756,저금리(~2021),-28.75,-32.96,-31.21,-19.97,
2016-12-19,756,저금리(~2021),-30.25,-34.53,-32.6,-22.78,
2016-12-20,756,저금리(~2021),-30.62,-34.38,-33.1,-22.5,
2016-12-21,756,저금리(~2021),-28.11,-32.3,-29.0,-18.58,
2016-12-22,756,저금리(~2021),-29.45,-33.5,-28.91,-20.69,
2016-12-23,756,저금리(~2021),-26.95,-30.97,-27.91,-16.22,
2016-12-26,756,저금리(~2021),-26.02,-30.3,-28.82,-15.09,
2016-12-27,756,저금리(~2021),-26.65,-30.56,-28.66,-15.5,
2016-12-28,756,저금리(~2021),-26.36,-30.4,-29.27,-15.25,
2016-12-29,756,저금리(~2021),-25.86,-30.36,-30.91,-15.18,
2017-01-02,756,저금리(~2021),-28.18,-32.33,-35.01,-18.5,
2017-01-03,756,저금리(~2021),-27.62,-31.64,-36.77,-17.31,
2017-01-04,756,저금리(~2021),-27.8,-31.91,-36.67,-17.77,
2017-01-05,756,저금리(~2021),-28.48,-32.5,-40.39,-18.79,
2017-01-06,756,저금리(~2021),-28.92,-32.73,-38.61,-19.19,
2017-01-09,756,저금리(~2021),-29.3,-33.26,-37.98,-20.15,
2017-01-10,756,저금리(~2021),-30.16,-34.35,-38.91,-22.17,
2017-01-11,756,저금리(~2021),-29.84,-33.94,-36.3,-21.43,
2017-01-12,756,저금리(~2021),-29.47,-33.42,-34.43,-20.43,
2017-01-13,756,저금리(~2021),-29.04,-33.08,-34.61,-19.84,
2017-01-16,756,저금리(~2021),-29.23,-33.23,-32.23,-20.11,
2017-01-17,756,저금리(~2021),-27.83,-31.99,-30.02,-17.85,
2017-01-18,756,저금리(~2021),-24.54,-28.81,-26.95,-12.4,
2017-01-19,756,저금리(~2021),-27.64,-31.61,-30.0,-16.88,
2017-01-20,756,저금리(~2021),-28.19,-32.15,-28.54,-17.81,
2017-01-23,756,저금리(~2021),-27.05,-31.44,-26.47,-16.57,
2017-01-24,756,저금리(~2021),-24.83,-29.29,-25.9,-12.88,
2017-01-25,756,저금리(~2021),-27.44,-31.42,-29.54,-16.3,
2017-01-26,756,저금리(~2021),-26.28,-30.22,-27.95,-14.33,
2017-01-31,756,저금리(~2021),-27.18,-31.33,-29.79,-16.16,
2017-02-01,756,저금리(~2021),-27.46,-31.34,-31.49,-16.17,
2017-02-02,756,저금리(~2021),-27.72,-31.6,-34.03,-16.63,
2017-02-03,756,저금리(~2021),-25.2,-29.04,-34.22,-12.24,
2017-02-06,756,저금리(~2021),-25.75,-29.94,-34.58,-13.64,
2017-02-07,756,저금리(~2021),-22.82,-27.09,-35.79,-8.97,
2017-02-08,756,저금리(~2021),-19.74,-23.17,-30.85,-3.14,
2017-02-09,756,저금리(~2021),-15.18,-19.55,-27.18,1.71,
2017-02-10,756,저금리(~2021),-12.25,-17.1,-25.63,4.69,
2017-02-13,756,저금리(~2021),-15.69,-20.86,-25.13,0.4,
2017-02-14,756,저금리(~2021),-10.42,-15.6,-19.66,7.09,
2017-02-15,756,저금리(~2021),-1.58,-6.19,-14.58,17.17,
2017-02-16,756,저금리(~2021),-11.14,-14.87,-15.33,9.51,
2017-02-17,756,저금리(~2021),-5.17,-9.85,-9.99,14.84,
2017-02-20,756,저금리(~2021),-14.62,-19.43,-14.86,5.82,
2017-02-21,756,저금리(~2021),-17.28,-21.75,-17.52,3.13,
2017-02-22,756,저금리(~2021),-17.28,-22.53,-15.76,2.16,
2017-02-23,756,저금리(~2021),-19.32,-24.22,-15.5,0.0,
2017-02-24,756,저금리(~2021),-21.51,-24.89,-17.54,-0.88,
2017-02-27,756,저금리(~2021),-26.24,-29.92,-24.0,-7.68,
2017-02-28,756,저금리(~2021),-23.23,-26.96,-20.71,-3.14,
2017-03-02,756,저금리(~2021),-26.43,-30.21,-24.59,-7.75,
2017-03-03,756,저금리(~2021),-27.45,-31.43,-27.77,-9.69,
2017-03-06,756,저금리(~2021),-30.04,-33.39,-31.82,-12.77,
2017-03-07,756,저금리(~2021),-30.34,-33.93,-35.09,-13.7,
2017-03-08,756,저금리(~2021),-30.16,-33.64,-34.32,-13.19,
2017-03-09,756,저금리(~2021),-30.69,-34.57,-39.22,-14.78,
2017-03-10,756,저금리(~2021),-28.94,-32.48,-36.48,-11.25,
2017-03-13,756,저금리(~2021),-27.13,-31.65,-35.93,-9.86,
2017-03-14,756,저금리(~2021),-29.62,-33.33,-39.3,-12.58,
2017-03-15,756,저금리(~2021),-32.34,-36.65,-38.88,-18.37,
2017-03-16,756,저금리(~2021),-32.81,-36.14,-41.27,-17.44,
2017-03-17,756,저금리(~2021),-32.75,-36.61,-50.13,-18.32,
2017-03-20,756,저금리(~2021),-32.39,-36.06,-39.55,-17.28,
2017-03-21,756,저금리(~2021),-32.86,-36.17,-43.25,-17.5,
2017-03-22,756,저금리(~2021),-33.36,-37.21,-36.82,-19.42,
2017-03-23,756,저금리(~2021),-32.39,-35.91,-33.88,-16.96,
2017-03-24,756,저금리(~2021),-33.62,-37.17,-33.46,-19.24,
2017-03-27,756,저금리(~2021),-33.09,-36.75,-30.75,-18.44,
2017-03-28,756,저금리(~2021),-32.44,-36.17,-30.97,-17.37,
2017-03-29,756,저금리(~2021),-31.74,-35.21,-29.64,-15.62,
2017-03-30,756,저금리(~2021),-33.8,-37.36,-33.34,-19.45,
2017-03-31,756,저금리(~2021),-33.88,-37.56,-33.3,-19.83,
2017-04-03,756,저금리(~2021),-34.59,-38.11,-35.85,-20.85,
2017-04-04,756,저금리(~2021),-34.88,-38.77,-37.92,-22.14,
2017-04-05,756,저금리(~2021),-34.47,-38.06,-39.47,-20.74,
2017-04-06,756,저금리(~2021),-34.99,-38.46,-39.68,-21.52,
2017-04-07,756,저금리(~2021),-34.59,-38.19,-42.89,-20.99,
2017-04-10,756,저금리(~2021),-36.39,-39.7,-43.97,-24.09,
2017-04-11,756,저금리(~2021),-35.2,-38.79,-43.5,-22.24,
2017-04-12,756,저금리(~2021),-35.9,-39.39,-45.46,-23.44,
2017-04-13,756,저금리(~2021),-36.55,-40.03,-42.48,-24.73,
2017-04-14,756,저금리(~2021),-37.68,-40.94,-46.07,-26.64,
2017-04-17,756,저금리(~2021),-35.87,-39.47,-52.58,-23.59,
2017-04-18,756,저금리(~2021),-36.54,-39.95,-43.75,-24.58,
2017-04-19,756,저금리(~2021),-37.37,-40.7,-47.87,-26.12,
2017-04-20,756,저금리(~2021),-36.93,-40.45,-40.46,-25.59,
2017-04-21,756,저금리(~2021),-35.52,-39.23,-37.68,-23.01,
2017-04-24,756,저금리(~2021),-36.95,-40.25,-37.02,-25.12,
2017-04-25,756,저금리(~2021),-39.23,-42.44,-37.95,-29.64,
2017-04-26,756,저금리(~2021),-39.89,-43.15,-39.84,-31.22,
2017-04-27,756,저금리(~2021),-40.22,-43.57,-40.4,-32.2,
2017-04-28,756,저금리(~2021),-40.6,-43.94,-41.45,-33.07,
2017-05-02,756,저금리(~2021),-41.28,-44.3,-41.54,-33.92,
2017-05-04,756,저금리(~2021),-40.52,-43.83,-42.53,-32.83,
2017-05-08,756,저금리(~2021),-39.28,-42.74,-42.5,-30.35,
2017-05-10,756,저금리(~2021),-40.01,-43.16,-45.19,-31.32,
2017-05-11,756,저금리(~2021),-39.51,-43.19,-45.01,-31.37,
2017-05-12,756,저금리(~2021),-39.43,-42.7,-47.54,-30.22,
2017-05-15,756,저금리(~2021),-34.92,-38.53,-42.28,-20.76,
2017-05-16,756,저금리(~2021),-40.18,-42.79,-47.03,-29.21,
2017-05-17,756,저금리(~2021),-39.84,-43.22,-48.71,-30.16,
2017-05-18,756,저금리(~2021),-39.96,-43.56,-45.56,-30.95,
2017-05-19,756,저금리(~2021),-39.99,-43.55,-48.07,-30.93,
2017-05-22,756,저금리(~2021),-40.89,-44.57,-56.52,-33.3,
2017-05-23,756,저금리(~2021),-40.94,-44.97,-48.36,-34.26,
2017-05-24,756,저금리(~2021),-40.86,-44.65,-51.13,-33.51,
2017-05-25,756,저금리(~2021),-40.34,-43.71,-43.33,-31.22,
2017-05-26,756,저금리(~2021),-40.43,-44.07,-42.62,-32.06,
2017-05-29,756,저금리(~2021),-39.38,-43.19,-39.66,-29.97,
2017-05-30,756,저금리(~2021),-39.08,-42.93,-37.81,-29.37,
2017-05-31,756,저금리(~2021),-37.57,-41.4,-37.21,-25.96,
2017-06-01,756,저금리(~2021),-38.41,-42.37,-38.3,-28.04,
2017-06-02,756,저금리(~2021),-39.0,-42.61,-39.19,-28.57,
2017-06-05,756,저금리(~2021),-39.0,-42.63,-38.85,-28.6,
2017-06-07,756,저금리(~2021),-38.54,-42.55,-40.38,-28.44,
2017-06-08,756,저금리(~2021),-38.64,-42.14,-41.12,-27.52,
2017-06-09,756,저금리(~2021),-38.7,-42.08,-43.34,-27.41,
2017-06-12,756,저금리(~2021),-39.83,-43.27,-44.45,-30.13,
2017-06-13,756,저금리(~2021),-39.65,-42.87,-47.09,-29.23,
2017-06-14,756,저금리(~2021),-39.24,-42.3,-46.14,-27.94,
2017-06-15,756,저금리(~2021),-39.48,-42.77,-46.93,-29.0,
2017-06-16,756,저금리(~2021),-38.84,-42.15,-47.57,-27.6,
2017-06-19,756,저금리(~2021),-38.87,-42.42,-44.22,-28.18,
2017-06-20,756,저금리(~2021),-38.89,-42.38,-46.78,-28.11,
2017-06-21,756,저금리(~2021),-39.83,-43.19,-55.24,-29.9,
2017-06-22,756,저금리(~2021),-40.41,-43.9,-47.18,-31.54,
2017-06-23,756,저금리(~2021),-40.96,-44.19,-50.6,-32.23,
2017-06-26,756,저금리(~2021),-40.29,-43.5,-43.02,-30.58,
2017-06-27,756,저금리(~2021),-40.38,-43.74,-42.16,-31.13,
2017-06-28,756,저금리(~2021),-42.07,-45.33,-42.27,-34.96,
2017-06-29,756,저금리(~2021),-41.57,-44.53,-39.79,-33.03,
2017-06-30,756,저금리(~2021),-41.38,-44.6,-41.2,-33.19,
2017-07-03,756,저금리(~2021),-42.12,-45.23,-41.79,-34.73,
2017-07-04,756,저금리(~2021),-43.38,-46.46,-43.75,-37.79,
2017-07-05,756,저금리(~2021),-43.52,-46.7,-43.67,-38.4,
2017-07-06,756,저금리(~2021),-44.6,-47.77,-46.5,-41.16,
2017-07-07,756,저금리(~2021),-45.24,-48.21,-48.03,-42.35,
2017-07-10,756,저금리(~2021),-45.95,-48.95,-50.75,-44.41,
2017-07-11,756,저금리(~2021),-46.36,-49.2,-50.92,-45.12,
2017-07-12,756,저금리(~2021),-46.73,-49.67,-53.9,-46.51,
2017-07-13,756,저금리(~2021),-45.26,-47.96,-51.77,-41.64,
2017-07-14,756,저금리(~2021),-46.27,-49.07,-53.23,-44.65,
2017-07-17,756,저금리(~2021),-43.82,-46.55,-51.74,-37.7,
2017-07-18,756,저금리(~2021),-41.57,-44.8,-46.4,-33.22,
2017-07-19,756,저금리(~2021),-42.11,-45.28,-49.46,-34.36,
2017-07-20,756,저금리(~2021),-39.49,-43.08,-54.93,-29.01,
2017-07-21,756,저금리(~2021),-40.22,-43.5,-46.5,-29.96,
2017-07-24,756,저금리(~2021),-41.97,-45.13,-51.18,-33.71,
2017-07-25,756,저금리(~2021),-44.05,-46.92,-46.34,-38.19,
2017-07-26,756,저금리(~2021),-43.74,-46.59,-44.91,-37.35,
2017-07-27,756,저금리(~2021),-43.36,-46.37,-43.07,-36.76,
2017-07-28,756,저금리(~2021),-45.02,-48.16,-43.54,-41.56,
2017-07-31,756,저금리(~2021),-45.47,-48.4,-45.08,-42.22,
2017-08-01,756,저금리(~2021),-45.72,-48.63,-45.26,-42.85,
2017-08-02,756,저금리(~2021),-46.58,-49.28,-46.58,-44.64,
2017-08-03,756,저금리(~2021),-48.16,-50.82,-47.89,-49.26,
2017-08-04,756,저금리(~2021),-47.37,-49.98,-48.48,-46.7,
2017-08-07,756,저금리(~2021),-47.4,-50.04,-49.63,-46.87,
2017-08-08,756,저금리(~2021),-47.39,-50.32,-51.86,-47.7,
2017-08-09,756,저금리(~2021),-47.11,-49.83,-51.28,-46.2,
2017-08-10,756,저금리(~2021),-47.76,-50.57,-54.48,-48.38,
2017-08-11,756,저금리(~2021),-48.81,-51.5,-54.85,-51.29,
2017-08-14,756,저금리(~2021),-48.88,-51.45,-55.24,-51.12,
2017-08-16,756,저금리(~2021),-48.74,-51.33,-56.13,-50.75,
2017-08-17,756,저금리(~2021),-47.91,-50.44,-52.23,-48.08,
2017-08-18,756,저금리(~2021),-46.97,-49.74,-53.58,-45.98,
2017-08-21,756,저금리(~2021),-47.97,-50.75,-61.41,-48.93,
2017-08-22,756,저금리(~2021),-45.9,-49.16,-52.01,-44.18,
2017-08-23,756,저금리(~2021),-44.32,-47.09,-52.75,-38.3,
2017-08-24,756,저금리(~2021),-44.19,-46.94,-46.24,-37.91,
2017-08-25,756,저금리(~2021),-41.05,-44.26,-42.43,-30.98,
2017-08-28,756,저금리(~2021),-40.63,-43.71,-40.18,-29.71,
2017-08-29,756,저금리(~2021),-43.18,-45.93,-40.76,-34.82,
2017-08-30,756,저금리(~2021),-43.91,-46.6,-42.81,-36.5,
2017-08-31,756,저금리(~2021),-44.16,-47.04,-43.15,-37.6,
2017-09-01,756,저금리(~2021),-43.54,-46.49,-43.31,-36.19,
2017-09-04,756,저금리(~2021),-44.79,-47.78,-44.28,-39.59,
2017-09-05,756,저금리(~2021),-44.68,-47.51,-45.53,-38.89,
2017-09-06,756,저금리(~2021),-44.41,-47.03,-46.23,-37.64,
2017-09-07,756,저금리(~2021),-43.61,-46.48,-47.84,-36.22,
2017-09-08,756,저금리(~2021),-42.63,-45.83,-47.06,-34.54,
2017-09-11,756,저금리(~2021),-41.06,-43.77,-48.06,-29.54,
2017-09-12,756,저금리(~2021),-40.1,-43.23,-46.81,-28.29,
2017-09-13,756,저금리(~2021),-39.52,-42.6,-47.05,-26.86,
2017-09-14,756,저금리(~2021),-39.16,-42.18,-47.79,-25.97,
2017-09-15,756,저금리(~2021),-38.49,-41.38,-43.18,-24.32,
2017-09-18,756,저금리(~2021),-35.75,-38.94,-43.27,-19.22,
2017-09-19,756,저금리(~2021),-35.47,-38.41,-51.69,-18.18,
2017-09-20,756,저금리(~2021),-33.64,-37.03,-40.76,-15.5,
2017-09-21,756,저금리(~2021),-34.95,-38.15,-44.5,-17.58,
2017-09-22,756,저금리(~2021),-37.56,-40.78,-39.59,-22.69,
2017-09-25,756,저금리(~2021),-38.65,-41.63,-39.17,-24.42,
2017-09-26,756,저금리(~2021),-35.96,-38.95,-34.5,-18.72,
2017-09-27,756,저금리(~2021),-36.39,-39.3,-32.99,-19.4,
2017-09-28,756,저금리(~2021),-38.25,-41.13,-36.45,-23.06,
2017-09-29,756,저금리(~2021),-39.41,-42.07,-37.33,-25.01,
2017-10-10,756,저금리(~2021),-40.1,-42.63,-38.63,-26.19,
2017-10-11,756,저금리(~2021),-38.28,-40.92,-36.11,-22.52,
2017-10-12,756,저금리(~2021),-38.54,-41.41,-38.29,-23.53,
2017-10-13,756,저금리(~2021),-37.11,-40.07,-38.49,-20.73,
2017-10-16,756,저금리(~2021),-37.23,-39.88,-40.6,-20.35,
2017-10-17,756,저금리(~2021),-34.76,-37.86,-37.97,-16.51,
2017-10-18,756,저금리(~2021),-35.07,-38.2,-41.85,-17.15,
2017-10-19,756,저금리(~2021),-36.37,-39.43,-42.37,-19.51,
2017-10-20,756,저금리(~2021),-34.81,-37.62,-41.32,-16.07,
2017-10-23,756,저금리(~2021),-35.35,-38.32,-43.4,-17.35,
2017-10-24,756,저금리(~2021),-34.61,-37.5,-38.39,-15.86,
2017-10-25,756,저금리(~2021),-35.34,-38.27,-42.16,-17.29,
2017-10-26,756,저금리(~2021),-37.08,-39.78,-52.69,-20.28,
2017-10-27,756,저금리(~2021),-35.11,-37.99,-41.62,-16.85,
2017-10-30,756,저금리(~2021),-34.7,-37.65,-43.68,-16.21,
2017-10-31,756,저금리(~2021),-35.44,-38.35,-36.23,-17.51,
2017-11-01,756,저금리(~2021),-36.52,-39.37,-36.04,-19.46,
2017-11-02,756,저금리(~2021),-36.27,-39.27,-34.88,-19.26,
2017-11-03,756,저금리(~2021),-35.87,-38.58,-31.93,-17.95,
2017-11-06,756,저금리(~2021),-36.23,-39.23,-33.79,-19.21,
2017-11-07,756,저금리(~2021),-38.13,-40.68,-35.4,-22.07,
2017-11-08,756,저금리(~2021),-38.1,-40.79,-36.08,-22.29,
2017-11-09,756,저금리(~2021),-40.4,-43.04,-39.11,-26.97,
2017-11-10,756,저금리(~2021),-36.96,-39.67,-35.76,-19.72,
2017-11-13,756,저금리(~2021),-34.76,-37.76,-35.15,-16.22,
2017-11-14,756,저금리(~2021),-33.21,-36.16,-35.29,-13.45,
2017-11-15,756,저금리(~2021),-32.01,-34.56,-33.14,-10.81,
2017-11-16,756,저금리(~2021),-31.21,-34.23,-36.25,-10.26,
2017-11-17,756,저금리(~2021),-31.8,-34.85,-36.03,-11.33,
2017-11-20,756,저금리(~2021),-30.8,-33.44,-35.4,-9.06,
2017-11-21,756,저금리(~2021),-31.13,-34.39,-38.17,-10.64,
2017-11-22,756,저금리(~2021),-32.91,-35.87,-36.41,-13.24,
2017-11-23,756,저금리(~2021),-31.85,-34.98,-37.95,-11.76,
2017-11-24,756,저금리(~2021),-31.0,-34.45,-47.07,-10.81,
2017-11-27,756,저금리(~2021),-31.17,-34.13,-36.88,-10.28,
2017-11-28,756,저금리(~2021),-34.32,-37.47,-43.74,-16.31,
2017-11-29,756,저금리(~2021),-34.02,-37.3,-35.15,-16.01,
2017-11-30,756,저금리(~2021),-37.18,-39.84,-36.99,-20.83,
2017-12-01,756,저금리(~2021),-35.27,-38.13,-33.62,-17.59,
2017-12-04,756,저금리(~2021),-35.64,-38.45,-32.12,-18.21,
2017-12-05,756,저금리(~2021),-36.98,-40.08,-35.36,-21.5,
2017-12-06,756,저금리(~2021),-37.26,-40.31,-35.34,-21.98,
2017-12-07,756,저금리(~2021),-38.97,-41.62,-37.51,-24.75,
2017-12-08,756,저금리(~2021),-39.97,-42.82,-39.32,-27.38,
2017-12-11,756,저금리(~2021),-37.96,-40.39,-37.38,-22.38,
2017-12-12,756,저금리(~2021),-38.54,-41.04,-39.45,-23.75,
2017-12-13,756,저금리(~2021),-37.62,-40.48,-40.31,-22.59,
2017-12-14,756,저금리(~2021),-37.46,-40.58,-39.52,-22.81,
2017-12-15,756,저금리(~2021),-35.82,-38.74,-40.72,-19.06,
2017-12-18,756,저금리(~2021),-34.6,-38.06,-39.25,-17.7,
2017-12-19,756,저금리(~2021),-35.77,-38.65,-40.23,-18.81,
2017-12-20,756,저금리(~2021),-38.37,-41.41,-44.44,-24.36,
2017-12-21,756,저금리(~2021),-39.32,-42.21,-42.35,-26.13,
2017-12-22,756,저금리(~2021),-36.48,-39.41,-42.07,-20.54,
2017-12-26,756,저금리(~2021),-37.79,-40.36,-52.11,-22.37,
2017-12-27,756,저금리(~2021),-33.66,-36.67,-39.91,-15.55,
2017-12-28,756,저금리(~2021),-32.26,-35.64,-42.36,-13.69,
2018-01-02,756,저금리(~2021),-29.73,-33.17,-31.14,-9.47,
2018-01-03,756,저금리(~2021),-26.69,-29.84,-26.78,-4.22,
2018-01-04,756,저금리(~2021),-31.6,-34.64,-30.22,-11.79,
2018-01-05,756,저금리(~2021),-29.0,-31.99,-25.09,-7.61,
2018-01-08,756,저금리(~2021),-27.27,-30.61,-24.49,-5.52,
2018-01-09,756,저금리(~2021),-27.38,-30.77,-24.36,-5.77,
2018-01-10,756,저금리(~2021),-27.33,-30.32,-24.02,-5.09,
2018-01-11,756,저금리(~2021),-23.45,-27.21,-19.84,-0.72,
2018-01-12,756,저금리(~2021),-19.18,-22.65,-15.25,4.96,
2018-01-15,756,저금리(~2021),-16.64,-20.89,-12.97,7.02,
2018-01-16,756,저금리(~2021),-17.64,-21.3,-15.3,6.54,
2018-01-17,756,저금리(~2021),-18.58,-22.27,-16.22,5.32,
2018-01-18,756,저금리(~2021),-17.0,-20.3,-17.83,7.64,
2018-01-19,756,저금리(~2021),-19.09,-22.6,-20.7,4.75,
2018-01-22,756,저금리(~2021),-19.98,-23.73,-23.11,3.33,
2018-01-23,756,저금리(~2021),-15.76,-18.59,-17.15,9.27,
2018-01-24,756,저금리(~2021),-13.94,-18.11,-12.34,9.83,
2018-01-25,756,저금리(~2021),-11.26,-15.93,-16.67,12.24,
2018-01-26,756,저금리(~2021),-14.14,-17.59,-30.87,10.58,
2018-01-29,756,저금리(~2021),-9.64,-13.67,-15.94,14.66,
2018-01-30,756,저금리(~2021),-12.35,-16.2,-23.03,12.1,
2018-01-31,756,저금리(~2021),-14.42,-18.13,-14.37,10.02,
2018-02-01,756,저금리(~2021),-15.24,-19.2,-15.41,8.79,
2018-02-02,756,저금리(~2021),-16.03,-18.92,-12.65,9.11,
2018-02-05,756,저금리(~2021),-18.14,-21.97,-15.52,5.23,
2018-02-06,756,저금리(~2021),-16.85,-19.99,-14.61,7.55,
2018-02-07,756,저금리(~2021),-20.55,-24.2,-18.84,2.16,
2018-02-08,756,저금리(~2021),-18.07,-22.05,-16.62,4.68,
2018-02-09,756,저금리(~2021),-21.9,-25.24,-18.87,0.59,
2018-02-12,756,저금리(~2021),-21.53,-24.64,-17.96,1.39,
2018-02-13,756,저금리(~2021),-25.63,-29.05,-21.35,-4.79,
2018-02-14,756,저금리(~2021),-23.16,-25.73,-20.31,-0.31,
2018-02-19,756,저금리(~2021),-20.14,-23.09,-18.13,2.97,
2018-02-20,756,저금리(~2021),-21.69,-24.36,-22.65,1.3,
2018-02-21,756,저금리(~2021),-20.82,-23.43,-22.51,2.47,
2018-02-22,756,저금리(~2021),-20.79,-24.17,-24.49,1.5,
2018-02-23,756,저금리(~2021),-21.18,-24.09,-23.4,1.61,
2018-02-26,756,저금리(~2021),-20.8,-23.49,-19.08,2.38,
2018-02-27,756,저금리(~2021),-21.08,-23.77,-25.68,2.01,
2018-02-28,756,저금리(~2021),-22.33,-25.04,-37.66,0.31,
2018-03-02,756,저금리(~2021),-21.46,-24.37,-27.01,1.19,
2018-03-05,756,저금리(~2021),-22.49,-25.6,-32.01,-0.5,
2018-03-06,756,저금리(~2021),-21.69,-24.43,-21.95,1.0,
2018-03-07,756,저금리(~2021),-23.66,-26.3,-23.81,-1.59,
2018-03-08,756,저금리(~2021),-21.64,-24.36,-19.63,0.99,
2018-03-09,756,저금리(~2021),-20.53,-23.0,-17.86,2.72,
2018-03-12,756,저금리(~2021),-18.13,-20.59,-16.57,5.58,
2018-03-13,756,저금리(~2021),-19.36,-21.95,-17.07,3.94,
2018-03-14,756,저금리(~2021),-19.95,-22.64,-18.11,3.1,
2018-03-15,756,저금리(~2021),-20.53,-22.99,-16.93,2.67,
2018-03-16,756,저금리(~2021),-21.52,-23.93,-17.87,1.48,
2018-03-19,756,저금리(~2021),-23.2,-26.12,-18.44,-1.5,
2018-03-20,756,저금리(~2021),-21.61,-24.11,-19.01,1.13,
2018-03-21,756,저금리(~2021),-22.78,-25.36,-21.14,-0.53,
2018-03-22,756,저금리(~2021),-25.41,-28.01,-27.08,-4.27,
2018-03-23,756,저금리(~2021),-29.64,-31.74,-31.37,-10.4,
2018-03-26,756,저금리(~2021),-25.3,-27.06,-28.35,-3.6,
2018-03-27,756,저금리(~2021),-25.53,-27.71,-27.95,-4.52,
2018-03-28,756,저금리(~2021),-26.35,-28.1,-24.86,-5.09,
2018-03-29,756,저금리(~2021),-24.37,-26.95,-29.75,-3.48,
2018-03-30,756,저금리(~2021),-23.4,-25.86,-39.09,-1.94,
2018-04-02,756,저금리(~2021),-21.62,-24.5,-27.9,-0.03,
2018-04-03,756,저금리(~2021),-20.24,-22.61,-29.93,2.42,
2018-04-04,756,저금리(~2021),-20.5,-23.05,-21.3,1.84,
2018-04-05,756,저금리(~2021),-17.56,-19.67,-17.75,6.03,
2018-04-06,756,저금리(~2021),-18.34,-20.58,-16.34,4.97,
2018-04-09,756,저금리(~2021),-17.38,-19.56,-14.93,6.17,
2018-04-10,756,저금리(~2021),-18.27,-20.92,-17.41,4.58,
2018-04-11,756,저금리(~2021),-19.82,-22.31,-17.93,2.91,
2018-04-12,756,저금리(~2021),-19.17,-21.53,-17.48,3.9,
2018-04-13,756,저금리(~2021),-17.49,-19.74,-14.2,6.06,
2018-04-16,756,저금리(~2021),-15.75,-18.81,-13.47,7.14,
2018-04-17,756,저금리(~2021),-17.69,-20.77,-13.39,4.91,
2018-04-18,756,저금리(~2021),-18.54,-21.03,-16.37,4.6,
2018-04-19,756,저금리(~2021),-20.95,-23.28,-19.49,1.77,
2018-04-20,756,저금리(~2021),-20.92,-23.06,-22.81,2.05,
2018-04-23,756,저금리(~2021),-21.68,-24.21,-24.21,0.53,
2018-04-24,756,저금리(~2021),-21.29,-24.08,-25.61,0.7,
2018-04-25,756,저금리(~2021),-22.99,-25.19,-25.51,-0.74,
2018-04-26,756,저금리(~2021),-21.96,-23.95,-20.68,0.88,
2018-04-27,756,저금리(~2021),-21.38,-23.48,-26.47,1.47,
2018-04-30,756,저금리(~2021),-22.87,-25.37,-38.62,-1.09,
2018-05-02,756,저금리(~2021),-24.05,-26.79,-29.91,-3.07,
2018-05-03,756,저금리(~2021),-24.8,-27.39,-33.94,-3.93,
2018-05-04,756,저금리(~2021),-25.86,-28.31,-26.22,-5.31,
2018-05-08,756,저금리(~2021),-29.69,-32.78,-30.12,-12.64,
2018-05-09,756,저금리(~2021),-25.98,-28.14,-24.25,-5.72,
2018-05-10,756,저금리(~2021),-26.11,-28.2,-23.87,-5.81,
2018-05-11,756,저금리(~2021),-25.56,-27.83,-24.58,-5.27,
2018-05-14,756,저금리(~2021),-26.1,-28.3,-23.99,-5.99,
2018-05-15,756,저금리(~2021),-26.82,-29.42,-25.78,-7.61,
2018-05-16,756,저금리(~2021),-26.97,-29.62,-24.66,-7.91,
2018-05-17,756,저금리(~2021),-27.23,-29.46,-25.18,-7.68,
2018-05-18,756,저금리(~2021),-25.74,-28.42,-22.09,-6.13,
2018-05-21,756,저금리(~2021),-25.55,-28.31,-24.43,-5.97,
2018-05-23,756,저금리(~2021),-26.14,-28.7,-25.61,-6.55,
2018-05-24,756,저금리(~2021),-26.84,-29.53,-29.89,-7.76,
2018-05-25,756,저금리(~2021),-25.83,-28.44,-29.15,-6.12,
2018-05-28,756,저금리(~2021),-25.36,-28.02,-30.34,-5.51,
2018-05-29,756,저금리(~2021),-27.78,-30.08,-31.17,-8.65,
2018-05-30,756,저금리(~2021),-26.04,-28.56,-26.28,-6.36,
2018-05-31,756,저금리(~2021),-25.23,-27.85,-31.24,-5.32,
2018-06-01,756,저금리(~2021),-25.59,-28.29,-41.55,-5.96,
2018-06-04,756,저금리(~2021),-26.98,-29.19,-32.79,-7.3,
2018-06-05,756,저금리(~2021),-27.64,-30.16,-37.06,-8.8,
2018-06-07,756,저금리(~2021),-26.91,-29.64,-28.3,-8.01,
2018-06-08,756,저금리(~2021),-28.44,-31.03,-28.33,-10.22,
2018-06-11,756,저금리(~2021),-29.48,-31.97,-28.8,-11.71,
2018-06-12,756,저금리(~2021),-28.5,-30.78,-26.98,-9.79,
2018-06-14,756,저금리(~2021),-29.66,-32.08,-29.48,-11.92,
2018-06-15,756,저금리(~2021),-28.36,-30.07,-26.11,-8.67,
2018-06-18,756,저금리(~2021),-30.53,-31.97,-28.71,-11.83,
2018-06-19,756,저금리(~2021),-32.62,-34.65,-30.35,-16.56,
2018-06-20,756,저금리(~2021),-30.37,-32.38,-28.72,-12.84,
2018-06-21,756,저금리(~2021),-32.08,-33.95,-28.52,-15.57,
2018-06-22,756,저금리(~2021),-32.2,-33.64,-30.65,-15.04,
2018-06-25,756,저금리(~2021),-31.33,-32.93,-30.55,-13.83,
2018-06-26,756,저금리(~2021),-31.61,-33.31,-33.98,-14.48,
2018-06-27,756,저금리(~2021),-31.89,-33.94,-34.81,-15.6,
2018-06-28,756,저금리(~2021),-33.2,-35.26,-37.39,-18.0,
2018-06-29,756,저금리(~2021),-33.02,-34.75,-36.1,-17.09,
2018-07-02,756,저금리(~2021),-35.55,-37.41,-35.41,-22.26,
2018-07-03,756,저금리(~2021),-34.18,-35.47,-38.66,-18.63,
2018-07-04,756,저금리(~2021),-33.84,-35.3,-47.37,-18.32,
2018-07-05,756,저금리(~2021),-32.77,-34.52,-38.0,-16.89,
2018-07-06,756,저금리(~2021),-31.6,-33.71,-40.59,-15.49,
2018-07-09,756,저금리(~2021),-30.33,-32.13,-31.13,-12.78,
2018-07-10,756,저금리(~2021),-31.55,-33.4,-31.12,-14.9,
2018-07-11,756,저금리(~2021),-33.13,-34.76,-31.95,-17.37,
2018-07-12,756,저금리(~2021),-32.65,-34.56,-31.26,-17.02,
2018-07-13,756,저금리(~2021),-32.28,-33.81,-31.73,-15.72,
2018-07-16,756,저금리(~2021),-32.75,-34.45,-31.17,-16.85,
2018-07-17,756,저금리(~2021),-33.77,-35.58,-32.98,-18.93,
2018-07-18,756,저금리(~2021),-33.95,-35.61,-31.78,-18.98,
2018-07-19,756,저금리(~2021),-35.28,-37.51,-34.16,-22.65,
2018-07-20,756,저금리(~2021),-35.56,-37.37,-32.35,-22.39,
2018-07-23,756,저금리(~2021),-38.3,-39.73,-36.64,-27.45,
2018-07-24,756,저금리(~2021),-37.04,-38.85,-36.18,-25.58,
2018-07-25,756,저금리(~2021),-39.48,-40.85,-40.8,-29.83,
2018-07-26,756,저금리(~2021),-36.2,-38.02,-38.65,-23.88,
2018-07-27,756,저금리(~2021),-34.8,-36.46,-38.69,-20.82,
2018-07-30,756,저금리(~2021),-37.62,-39.25,-40.18,-26.3,
2018-07-31,756,저금리(~2021),-37.81,-39.26,-37.36,-26.32,
2018-08-01,756,저금리(~2021),-36.16,-38.05,-41.15,-23.91,
2018-08-02,756,저금리(~2021),-37.73,-39.32,-50.59,-26.53,
2018-08-03,756,저금리(~2021),-36.85,-38.35,-41.7,-24.57,
2018-08-06,756,저금리(~2021),-38.42,-40.08,-46.11,-28.21,
2018-08-07,756,저금리(~2021),-38.42,-39.85,-38.9,-27.72,
2018-08-08,756,저금리(~2021),-39.04,-40.5,-38.39,-29.11,
2018-08-09,756,저금리(~2021),-37.93,-39.54,-37.1,-27.08,
2018-08-10,756,저금리(~2021),-38.78,-40.58,-37.52,-29.32,
2018-08-13,756,저금리(~2021),-41.12,-42.36,-40.1,-33.42,
2018-08-14,756,저금리(~2021),-40.77,-42.27,-39.04,-33.21,
2018-08-16,756,저금리(~2021),-39.79,-41.26,-38.62,-30.89,
2018-08-17,756,저금리(~2021),-38.25,-40.18,-36.65,-28.58,
2018-08-20,756,저금리(~2021),-39.13,-41.23,-38.18,-30.88,
2018-08-21,756,저금리(~2021),-36.34,-38.42,-33.79,-25.04,
2018-08-22,756,저금리(~2021),-37.72,-39.84,-36.92,-27.99,
2018-08-23,756,저금리(~2021),-37.74,-39.62,-37.28,-27.53,
2018-08-24,756,저금리(~2021),-36.72,-38.77,-38.61,-25.78,
2018-08-27,756,저금리(~2021),-36.34,-38.45,-39.36,-25.13,
2018-08-28,756,저금리(~2021),-37.02,-39.24,-42.02,-26.78,
2018-08-29,756,저금리(~2021),-36.29,-38.41,-39.52,-25.1,
2018-08-30,756,저금리(~2021),-35.9,-37.91,-36.11,-24.08,
2018-08-31,756,저금리(~2021),-32.54,-34.67,-37.92,-17.88,
2018-09-03,756,저금리(~2021),-32.18,-34.15,-46.22,-16.94,
2018-09-04,756,저금리(~2021),-31.3,-33.47,-36.88,-15.77,
2018-09-05,756,저금리(~2021),-31.05,-33.36,-39.91,-15.59,
2018-09-06,756,저금리(~2021),-30.13,-32.19,-31.23,-13.53,
2018-09-07,756,저금리(~2021),-28.16,-30.4,-28.3,-10.53,
2018-09-10,756,저금리(~2021),-29.98,-32.21,-29.63,-13.41,
2018-09-11,756,저금리(~2021),-28.65,-31.05,-27.5,-11.52,
2018-09-12,756,저금리(~2021),-26.59,-28.7,-25.28,-7.83,
2018-09-13,756,저금리(~2021),-27.22,-29.61,-24.99,-9.22,
2018-09-14,756,저금리(~2021),-28.81,-31.14,-26.62,-11.53,
2018-09-17,756,저금리(~2021),-29.37,-31.86,-26.96,-12.71,
2018-09-18,756,저금리(~2021),-28.99,-31.45,-26.69,-12.05,
2018-09-19,756,저금리(~2021),-30.2,-32.63,-26.85,-13.99,
2018-09-20,756,저금리(~2021),-30.4,-32.82,-28.99,-14.32,
2018-09-21,756,저금리(~2021),-29.19,-31.51,-28.45,-12.12,
2018-09-27,756,저금리(~2021),-28.72,-31.17,-30.55,-11.57,
2018-09-28,756,저금리(~2021),-29.9,-32.1,-32.98,-13.13,
2018-10-01,756,저금리(~2021),-31.88,-34.03,-36.69,-16.37,
2018-10-02,756,저금리(~2021),-33.9,-36.11,-37.2,-20.34,
2018-10-04,756,저금리(~2021),-33.46,-35.72,-33.83,-19.6,
2018-10-05,756,저금리(~2021),-34.22,-36.35,-39.33,-20.82,
2018-10-08,756,저금리(~2021),-35.83,-38.07,-49.19,-24.16,
2018-10-10,756,저금리(~2021),-37.39,-39.64,-42.21,-27.41,
2018-10-11,756,저금리(~2021),-39.93,-41.86,-46.99,-32.5,
2018-10-12,756,저금리(~2021),-37.51,-39.69,-38.83,-27.92,
2018-10-15,756,저금리(~2021),-39.83,-41.64,-40.07,-32.26,
2018-10-16,756,저금리(~2021),-38.5,-40.48,-38.25,-29.69,
2018-10-17,756,저금리(~2021),-38.41,-40.16,-37.25,-29.03,
2018-10-18,756,저금리(~2021),-37.86,-39.77,-36.58,-28.15,
2018-10-19,756,저금리(~2021),-37.15,-39.08,-35.04,-26.75,
2018-10-22,756,저금리(~2021),-37.83,-39.86,-35.72,-28.34,
2018-10-23,756,저금리(~2021),-41.44,-43.25,-38.88,-36.09,
2018-10-24,756,저금리(~2021),-43.2,-44.97,-40.39,-40.44,
2018-10-25,756,저금리(~2021),-43.24,-45.24,-39.44,-41.15,
2018-10-26,756,저금리(~2021),-45.2,-47.27,-42.95,-46.78,
2018-10-29,756,저금리(~2021),-47.26,-49.34,-45.37,-52.9,
2018-10-30,756,저금리(~2021),-45.9,-47.77,-45.71,-48.37,
2018-10-31,756,저금리(~2021),-45.48,-46.95,-45.95,-45.97,
2018-11-01,756,저금리(~2021),-46.01,-47.58,-48.14,-47.69,
2018-11-02,756,저금리(~2021),-41.92,-43.94,-44.7,-38.53,
2018-11-05,756,저금리(~2021),-41.35,-43.08,-41.37,-36.43,
2018-11-06,756,저금리(~2021),-41.45,-43.13,-45.94,-36.57,
2018-11-07,756,저금리(~2021),-41.45,-43.42,-53.6,-37.3,
2018-11-08,756,저금리(~2021),-41.25,-42.87,-45.61,-36.0,
2018-11-09,756,저금리(~2021),-42.09,-44.17,-49.42,-39.27,
2018-11-12,756,저금리(~2021),-45.47,-47.16,-46.1,-47.22,
2018-11-13,756,저금리(~2021),-44.64,-46.46,-44.89,-45.25,
2018-11-14,756,저금리(~2021),-45.23,-46.71,-44.54,-45.9,
2018-11-15,756,저금리(~2021),-44.18,-45.93,-43.28,-43.89,
2018-11-16,756,저금리(~2021),-44.31,-46.22,-43.81,-44.66,
2018-11-19,756,저금리(~2021),-41.91,-44.2,-40.78,-39.43,
2018-11-20,756,저금리(~2021),-42.91,-45.01,-41.25,-41.54,
2018-11-21,756,저금리(~2021),-42.16,-43.98,-40.06,-38.96,
2018-11-22,756,저금리(~2021),-42.69,-44.99,-40.82,-41.52,
2018-11-23,756,저금리(~2021),-43.86,-45.91,-40.58,-43.92,
2018-11-26,756,저금리(~2021),-41.68,-43.8,-39.5,-38.59,
2018-11-27,756,저금리(~2021),-41.11,-43.25,-38.85,-37.24,
2018-11-28,756,저금리(~2021),-41.68,-43.92,-41.9,-38.89,
2018-11-29,756,저금리(~2021),-42.6,-44.48,-43.65,-40.31,
2018-11-30,756,저금리(~2021),-42.57,-44.6,-45.37,-40.6,
2018-12-03,756,저금리(~2021),-40.62,-42.93,-43.88,-36.59,
2018-12-04,756,저금리(~2021),-41.88,-44.19,-42.78,-39.64,
2018-12-05,756,저금리(~2021),-44.09,-46.62,-49.63,-45.91,
2018-12-06,756,저금리(~2021),-45.28,-47.25,-57.05,-47.76,
2018-12-07,756,저금리(~2021),-44.51,-46.37,-49.27,-45.38,
2018-12-10,756,저금리(~2021),-45.53,-47.57,-52.83,-48.76,
2018-12-11,756,저금리(~2021),-45.53,-47.63,-46.74,-48.94,
2018-12-12,756,저금리(~2021),-42.22,-44.3,-42.75,-40.09,
2018-12-13,756,저금리(~2021),-40.32,-42.79,-40.63,-36.28,
2018-12-14,756,저금리(~2021),-42.77,-45.23,-42.74,-42.45,
2018-12-17,756,저금리(~2021),-41.62,-44.09,-41.95,-39.45,
2018-12-18,756,저금리(~2021),-41.52,-44.04,-40.74,-39.33,
2018-12-19,756,저금리(~2021),-41.72,-44.05,-40.37,-39.35,
2018-12-20,756,저금리(~2021),-41.17,-43.57,-39.72,-38.13,
2018-12-21,756,저금리(~2021),-39.33,-41.9,-37.84,-34.15,
2018-12-24,756,저금리(~2021),-39.16,-41.8,-36.53,-33.92,
2018-12-26,756,저금리(~2021),-37.8,-40.32,-36.15,-30.6,
2018-12-27,756,저금리(~2021),-37.06,-39.81,-35.6,-29.47,
2018-12-28,756,저금리(~2021),-39.02,-41.48,-39.58,-33.05,
2019-01-02,756,저금리(~2021),-39.02,-41.49,-40.92,-33.08,
2019-01-03,756,저금리(~2021),-39.08,-41.4,-42.72,-32.87,
2019-01-04,756,저금리(~2021),-36.74,-39.32,-40.93,-28.32,
2019-01-07,756,저금리(~2021),-35.05,-37.5,-37.24,-24.55,
2019-01-08,756,저금리(~2021),-32.89,-35.56,-41.77,-20.6,
2019-01-09,756,저금리(~2021),-34.17,-36.67,-49.87,-22.62,
2019-01-10,756,저금리(~2021),-35.04,-37.85,-42.43,-24.89,
2019-01-11,756,저금리(~2021),-35.57,-38.15,-45.41,-25.49,
2019-01-14,756,저금리(~2021),-35.6,-38.24,-38.38,-25.68,
2019-01-15,756,저금리(~2021),-34.52,-37.03,-36.12,-23.27,
2019-01-16,756,저금리(~2021),-36.12,-38.84,-36.65,-26.82,
2019-01-17,756,저금리(~2021),-35.7,-38.12,-35.87,-25.3,
2019-01-18,756,저금리(~2021),-32.58,-35.37,-33.47,-19.92,
2019-01-21,756,저금리(~2021),-32.3,-35.0,-31.92,-19.22,
2019-01-22,756,저금리(~2021),-31.46,-34.36,-31.53,-18.03,
2019-01-23,756,저금리(~2021),-35.09,-38.03,-33.99,-24.68,
2019-01-24,756,저금리(~2021),-33.17,-36.14,-31.83,-20.98,
2019-01-25,756,저금리(~2021),-33.19,-36.19,-30.34,-21.08,
2019-01-28,756,저금리(~2021),-32.8,-35.48,-30.8,-19.76,
2019-01-29,756,저금리(~2021),-31.82,-34.8,-30.05,-18.49,
2019-01-30,756,저금리(~2021),-32.28,-34.95,-32.86,-18.76,
2019-01-31,756,저금리(~2021),-29.51,-32.65,-32.01,-14.6,
2019-02-01,756,저금리(~2021),-32.37,-34.99,-35.59,-18.57,
2019-02-07,756,저금리(~2021),-31.38,-34.18,-34.99,-17.14,
2019-02-08,756,저금리(~2021),-32.85,-35.7,-34.6,-19.87,
2019-02-11,756,저금리(~2021),-33.75,-36.47,-42.14,-21.25,
2019-02-12,756,저금리(~2021),-32.78,-35.79,-48.62,-19.93,
2019-02-13,756,저금리(~2021),-30.27,-33.03,-37.1,-14.97,
2019-02-14,756,저금리(~2021),-29.54,-32.4,-39.63,-13.89,
2019-02-15,756,저금리(~2021),-32.46,-34.87,-34.01,-18.1,
2019-02-18,756,저금리(~2021),-31.61,-33.45,-31.44,-15.61,
2019-02-19,756,저금리(~2021),-29.35,-31.06,-27.46,-11.5,
2019-02-20,756,저금리(~2021),-28.88,-30.72,-26.63,-10.95,
2019-02-21,756,저금리(~2021),-31.53,-33.52,-30.57,-15.52,
2019-02-22,756,저금리(~2021),-33.83,-35.63,-31.93,-19.23,
2019-02-25,756,저금리(~2021),-33.73,-35.47,-32.19,-18.94,
2019-02-26,756,저금리(~2021),-33.01,-34.78,-29.42,-17.65,
2019-02-27,756,저금리(~2021),-32.71,-34.37,-29.06,-16.93,
2019-02-28,756,저금리(~2021),-34.75,-36.63,-30.39,-21.15,
2019-03-04,756,저금리(~2021),-32.48,-34.14,-28.69,-16.65,
2019-03-05,756,저금리(~2021),-32.5,-34.49,-29.21,-17.28,
2019-03-06,756,저금리(~2021),-32.21,-33.85,-31.17,-16.13,
2019-03-07,756,저금리(~2021),-34.95,-36.8,-36.42,-21.57,
2019-03-08,756,저금리(~2021),-35.21,-36.97,-37.52,-21.91,
2019-03-11,756,저금리(~2021),-34.77,-35.91,-36.62,-19.92,
2019-03-12,756,저금리(~2021),-32.27,-33.81,-32.34,-16.19,
2019-03-13,756,저금리(~2021),-32.95,-34.49,-40.13,-17.37,
2019-03-14,756,저금리(~2021),-33.91,-35.5,-48.29,-19.23,
2019-03-15,756,저금리(~2021),-33.68,-35.16,-39.11,-18.57,
2019-03-18,756,저금리(~2021),-32.99,-34.36,-41.41,-17.13,
2019-03-19,756,저금리(~2021),-34.46,-36.09,-35.27,-20.29,
2019-03-20,756,저금리(~2021),-32.5,-34.09,-32.0,-16.56,
2019-03-21,756,저금리(~2021),-32.75,-34.45,-31.03,-17.22,
2019-03-22,756,저금리(~2021),-34.14,-35.81,-32.1,-19.63,
2019-03-25,756,저금리(~2021),-35.66,-37.29,-34.46,-22.55,
2019-03-26,756,저금리(~2021),-34.2,-35.61,-31.99,-19.35,
2019-03-27,756,저금리(~2021),-34.71,-36.21,-32.99,-20.5,
2019-03-28,756,저금리(~2021),-37.08,-38.57,-33.4,-25.07,
2019-03-29,756,저금리(~2021),-35.13,-36.73,-31.57,-21.47,
2019-04-01,756,저금리(~2021),-34.75,-36.35,-30.17,-20.76,
2019-04-02,756,저금리(~2021),-33.69,-34.99,-29.55,-18.19,
2019-04-03,756,저금리(~2021),-30.78,-32.2,-26.92,-13.29,
2019-04-04,756,저금리(~2021),-32.11,-33.85,-31.13,-16.06,
2019-04-05,756,저금리(~2021),-31.24,-32.97,-32.75,-14.51,
2019-04-08,756,저금리(~2021),-31.22,-33.21,-33.99,-14.91,
2019-04-09,756,저금리(~2021),-32.46,-34.21,-34.93,-16.61,
2019-04-10,756,저금리(~2021),-31.3,-32.97,-31.39,-14.43,
2019-04-11,756,저금리(~2021),-31.51,-33.26,-38.95,-14.92,
2019-04-12,756,저금리(~2021),-31.12,-32.95,-46.29,-14.38,
2019-04-15,756,저금리(~2021),-29.67,-31.16,-35.47,-11.33,
2019-04-16,756,저금리(~2021),-27.72,-29.63,-37.39,-8.85,
2019-04-17,756,저금리(~2021),-27.2,-28.83,-28.45,-7.61,
2019-04-18,756,저금리(~2021),-30.76,-32.33,-30.1,-13.14,
2019-04-19,756,저금리(~2021),-26.32,-28.17,-24.61,-6.36,
2019-04-22,756,저금리(~2021),-29.35,-30.9,-26.82,-10.39,
2019-04-23,756,저금리(~2021),-29.11,-30.81,-27.52,-10.25,
2019-04-24,756,저금리(~2021),-30.88,-32.72,-28.52,-13.32,
2019-04-25,756,저금리(~2021),-32.42,-34.36,-30.51,-16.15,
2019-04-26,756,저금리(~2021),-32.12,-33.99,-28.16,-15.47,
2019-04-29,756,저금리(~2021),-33.21,-34.95,-29.05,-17.09,
2019-04-30,756,저금리(~2021),-33.62,-35.23,-28.32,-17.6,
2019-05-02,756,저금리(~2021),-31.37,-33.16,-26.94,-13.85,
2019-05-03,756,저금리(~2021),-32.51,-34.36,-28.56,-15.91,
2019-05-07,756,저금리(~2021),-33.07,-35.13,-31.84,-17.31,
2019-05-08,756,저금리(~2021),-34.16,-36.17,-35.35,-19.24,
2019-05-09,756,저금리(~2021),-37.1,-38.74,-38.8,-24.3,
2019-05-10,756,저금리(~2021),-37.54,-39.38,-39.35,-25.6,
2019-05-13,756,저금리(~2021),-38.81,-40.39,-38.03,-27.81,
2019-05-14,756,저금리(~2021),-38.64,-40.28,-44.45,-27.57,
2019-05-15,756,저금리(~2021),-34.96,-36.66,-48.69,-20.3,
2019-05-16,756,저금리(~2021),-36.44,-37.88,-41.02,-22.7,
2019-05-17,756,저금리(~2021),-37.45,-38.56,-44.63,-24.06,
2019-05-20,756,저금리(~2021),-37.96,-39.11,-37.79,-25.22,
2019-05-21,756,저금리(~2021),-35.07,-36.59,-33.66,-20.06,
2019-05-22,756,저금리(~2021),-34.96,-36.25,-32.13,-19.41,
2019-05-23,756,저금리(~2021),-34.44,-35.98,-31.25,-18.89,
2019-05-24,756,저금리(~2021),-35.71,-37.17,-33.08,-21.15,
2019-05-27,756,저금리(~2021),-35.3,-36.7,-31.93,-20.24,
2019-05-28,756,저금리(~2021),-32.19,-33.34,-29.53,-14.17,
2019-05-29,756,저금리(~2021),-34.55,-35.88,-29.83,-18.76,
2019-05-30,756,저금리(~2021),-31.86,-33.38,-27.64,-14.12,
2019-05-31,756,저금리(~2021),-28.69,-30.03,-23.88,-8.53,
2019-06-03,756,저금리(~2021),-32.5,-34.03,-27.37,-14.68,
2019-06-04,756,저금리(~2021),-33.62,-35.35,-29.1,-16.97,
2019-06-05,756,저금리(~2021),-32.54,-33.83,-30.33,-14.27,
2019-06-07,756,저금리(~2021),-30.55,-31.88,-31.39,-10.92,
2019-06-10,756,저금리(~2021),-28.6,-29.93,-31.2,-7.79,
2019-06-11,756,저금리(~2021),-26.13,-27.8,-29.63,-4.59,
2019-06-12,756,저금리(~2021),-26.69,-28.51,-27.33,-5.64,
2019-06-13,756,저금리(~2021),-29.7,-30.73,-36.19,-8.85,
2019-06-14,756,저금리(~2021),-29.58,-30.07,-43.69,-7.79,
2019-06-17,756,저금리(~2021),-31.64,-32.29,-35.73,-11.25,
2019-06-18,756,저금리(~2021),-33.22,-33.95,-40.36,-14.04,
2019-06-19,756,저금리(~2021),-32.52,-33.15,-31.49,-12.69,
2019-06-20,756,저금리(~2021),-29.96,-30.62,-27.06,-8.54,
2019-06-21,756,저금리(~2021),-32.74,-33.49,-28.53,-13.13,
2019-06-24,756,저금리(~2021),-33.03,-33.58,-27.91,-13.29,
2019-06-25,756,저금리(~2021),-33.44,-34.02,-29.0,-14.06,
2019-06-26,756,저금리(~2021),-34.67,-35.37,-29.68,-16.4,
2019-06-27,756,저금리(~2021),-36.96,-37.74,-33.39,-20.96,
2019-06-28,756,저금리(~2021),-39.31,-40.1,-33.66,-25.76,
2019-07-01,756,저금리(~2021),-37.63,-38.17,-32.53,-21.96,
2019-07-02,756,저금리(~2021),-37.48,-37.93,-32.45,-21.47,
2019-07-03,756,저금리(~2021),-37.77,-38.3,-31.8,-22.21,
2019-07-04,756,저금리(~2021),-38.2,-38.81,-32.56,-23.22,
2019-07-05,756,저금리(~2021),-38.0,-38.58,-35.09,-22.77,
2019-07-08,756,저금리(~2021),-40.5,-41.15,-40.59,-28.26,
2019-07-09,756,저금리(~2021),-42.22,-42.76,-43.71,-31.94,
2019-07-10,756,저금리(~2021),-41.74,-42.33,-43.99,-30.96,
2019-07-11,756,저금리(~2021),-40.54,-41.0,-40.4,-28.03,
2019-07-12,756,저금리(~2021),-41.59,-41.98,-46.6,-30.15,
2019-07-15,756,저금리(~2021),-43.06,-43.72,-55.15,-34.16,
2019-07-16,756,저금리(~2021),-43.49,-44.11,-47.47,-35.06,
2019-07-17,756,저금리(~2021),-43.96,-44.68,-50.32,-36.48,
2019-07-18,756,저금리(~2021),-44.67,-45.21,-44.16,-37.79,
2019-07-19,756,저금리(~2021),-42.17,-42.59,-40.12,-31.52,
2019-07-22,756,저금리(~2021),-43.15,-43.94,-40.14,-34.64,
2019-07-23,756,저금리(~2021),-43.31,-43.95,-39.57,-34.69,
2019-07-24,756,저금리(~2021),-44.15,-44.7,-40.91,-36.5,
2019-07-25,756,저금리(~2021),-44.33,-44.75,-39.94,-36.63,
2019-07-26,756,저금리(~2021),-44.71,-45.26,-41.56,-37.92,
2019-07-29,756,저금리(~2021),-45.45,-45.92,-39.97,-39.7,
2019-07-30,756,저금리(~2021),-43.92,-44.08,-38.41,-34.97,
2019-07-31,756,저금리(~2021),-42.38,-42.96,-37.53,-32.33,
2019-08-01,756,저금리(~2021),-44.03,-44.72,-38.38,-36.53,
2019-08-02,756,저금리(~2021),-47.43,-48.06,-42.0,-45.45,
2019-08-05,756,저금리(~2021),-50.78,-51.82,-47.17,-58.13,
2019-08-06,756,저금리(~2021),-50.02,-50.66,-48.66,-54.22,
2019-08-07,756,저금리(~2021),-50.38,-50.8,-50.77,-54.64,
2019-08-08,756,저금리(~2021),-49.19,-49.7,-50.61,-51.41,
2019-08-09,756,저금리(~2021),-47.93,-48.43,-47.1,-47.58,
2019-08-12,756,저금리(~2021),-47.96,-48.52,-51.95,-47.83,
2019-08-13,756,저금리(~2021),-47.57,-48.18,-58.25,-46.84,
2019-08-14,756,저금리(~2021),-46.81,-47.45,-50.3,-44.85,
2019-08-16,756,저금리(~2021),-46.44,-47.01,-52.29,-43.62,
2019-08-19,756,저금리(~2021),-47.47,-47.78,-46.62,-45.65,
2019-08-20,756,저금리(~2021),-47.62,-48.23,-45.46,-46.86,
2019-08-21,756,저금리(~2021),-44.67,-45.38,-41.76,-39.15,
2019-08-22,756,저금리(~2021),-44.65,-45.32,-41.13,-39.0,
2019-08-23,756,저금리(~2021),-44.23,-45.02,-41.51,-38.22,
2019-08-26,756,저금리(~2021),-46.12,-46.55,-41.86,-42.45,
2019-08-27,756,저금리(~2021),-45.98,-46.26,-42.81,-41.7,
2019-08-28,756,저금리(~2021),-42.97,-43.76,-38.39,-35.55,
2019-08-29,756,저금리(~2021),-43.04,-43.55,-38.42,-35.02,
2019-08-30,756,저금리(~2021),-40.25,-41.01,-36.22,-29.18,
2019-09-02,756,저금리(~2021),-36.42,-37.23,-31.8,-21.26,
2019-09-03,756,저금리(~2021),-37.84,-38.91,-33.46,-24.52,
2019-09-04,756,저금리(~2021),-34.63,-35.36,-29.45,-17.52,
2019-09-05,756,저금리(~2021),-34.64,-35.55,-32.07,-17.86,
2019-09-06,756,저금리(~2021),-34.25,-35.06,-35.38,-16.95,
2019-09-09,756,저금리(~2021),-37.41,-38.04,-39.53,-22.43,
2019-09-10,756,저금리(~2021),-36.29,-36.91,-35.81,-20.15,
2019-09-11,756,저금리(~2021),-37.11,-37.41,-41.5,-21.07,
2019-09-16,756,저금리(~2021),-34.72,-34.86,-46.96,-16.35,
2019-09-17,756,저금리(~2021),-31.6,-32.12,-35.8,-11.5,
2019-09-18,756,저금리(~2021),-32.82,-33.6,-39.82,-13.98,
2019-09-19,756,저금리(~2021),-31.33,-31.88,-30.86,-11.03,
2019-09-20,756,저금리(~2021),-34.2,-34.66,-31.44,-15.51,
2019-09-23,756,저금리(~2021),-34.5,-34.86,-30.83,-15.87,
2019-09-24,756,저금리(~2021),-38.42,-38.8,-34.07,-23.32,
2019-09-25,756,저금리(~2021),-38.29,-38.65,-34.79,-23.0,
2019-09-26,756,저금리(~2021),-35.97,-36.29,-30.09,-18.43,
2019-09-27,756,저금리(~2021),-36.22,-36.72,-32.38,-19.24,
2019-09-30,756,저금리(~2021),-38.59,-39.32,-32.91,-24.18,
2019-10-01,756,저금리(~2021),-36.64,-37.07,-30.56,-19.87,
2019-10-02,756,저금리(~2021),-37.47,-38.22,-32.56,-22.14,
2019-10-04,756,저금리(~2021),-38.66,-39.24,-33.44,-24.14,
2019-10-07,756,저금리(~2021),-35.32,-36.04,-29.68,-18.09,
2019-10-08,756,저금리(~2021),-35.64,-35.92,-29.67,-17.86,
2019-10-10,756,저금리(~2021),-35.87,-36.36,-32.57,-18.69,
2019-10-11,756,저금리(~2021),-35.78,-36.19,-36.21,-18.38,
2019-10-14,756,저금리(~2021),-33.51,-33.76,-34.84,-14.03,
2019-10-15,756,저금리(~2021),-32.78,-33.41,-31.62,-13.45,
2019-10-16,756,저금리(~2021),-33.01,-33.72,-37.59,-13.97,
2019-10-17,756,저금리(~2021),-35.34,-36.13,-47.86,-18.21,
2019-10-18,756,저금리(~2021),-35.68,-36.1,-39.76,-18.16,
2019-10-21,756,저금리(~2021),-33.23,-33.39,-39.45,-13.34,
2019-10-22,756,저금리(~2021),-35.56,-35.63,-35.13,-16.98,
2019-10-23,756,저금리(~2021),-32.86,-33.1,-29.39,-12.66,
2019-10-24,756,저금리(~2021),-35.38,-36.29,-32.48,-18.15,
2019-10-25,756,저금리(~2021),-36.71,-37.43,-32.17,-20.39,
2019-10-28,756,저금리(~2021),-36.2,-36.64,-32.0,-18.89,
2019-10-29,756,저금리(~2021),-34.39,-35.01,-28.2,-15.9,
2019-10-30,756,저금리(~2021),-33.19,-33.59,-28.1,-13.36,
2019-10-31,756,저금리(~2021),-32.15,-32.43,-23.86,-11.39,
2019-11-01,756,저금리(~2021),-33.14,-33.91,-26.18,-13.78,
2019-11-04,756,저금리(~2021),-33.64,-34.34,-26.94,-14.51,
2019-11-05,756,저금리(~2021),-31.96,-32.8,-24.52,-11.88,
2019-11-06,756,저금리(~2021),-31.57,-32.45,-24.83,-11.29,
2019-11-07,756,저금리(~2021),-33.31,-34.15,-27.11,-14.11,
2019-11-08,756,저금리(~2021),-33.42,-34.17,-29.57,-14.14,
2019-11-11,756,저금리(~2021),-35.59,-36.3,-35.94,-17.93,
2019-11-12,756,저금리(~2021),-33.42,-34.07,-34.75,-13.89,
2019-11-13,756,저금리(~2021),-34.76,-35.39,-33.39,-16.21,
2019-11-14,756,저금리(~2021),-33.19,-33.74,-37.18,-13.26,
2019-11-15,756,저금리(~2021),-31.96,-32.58,-44.49,-11.35,
2019-11-18,756,저금리(~2021),-32.09,-32.41,-35.7,-11.07,
2019-11-19,756,저금리(~2021),-34.05,-34.06,-39.76,-13.89,
2019-11-20,756,저금리(~2021),-34.7,-34.84,-34.25,-15.29,
2019-11-21,756,저금리(~2021),-36.3,-36.43,-32.36,-18.22,
2019-11-22,756,저금리(~2021),-37.93,-37.73,-33.72,-20.66,
2019-11-25,756,저금리(~2021),-34.98,-35.17,-29.77,-15.96,
2019-11-26,756,저금리(~2021),-33.81,-33.7,-28.93,-13.36,
2019-11-27,756,저금리(~2021),-34.3,-34.44,-27.48,-14.65,
2019-11-28,756,저금리(~2021),-34.12,-34.35,-28.74,-14.49,
2019-11-29,756,저금리(~2021),-35.6,-36.04,-27.49,-17.53,
2019-12-02,756,저금리(~2021),-36.5,-36.5,-28.78,-18.34,
2019-12-03,756,저금리(~2021),-35.09,-35.37,-27.79,-16.14,
2019-12-04,756,저금리(~2021),-36.38,-36.84,-28.28,-18.78,
2019-12-05,756,저금리(~2021),-37.91,-38.35,-30.59,-21.67,
2019-12-06,756,저금리(~2021),-34.86,-35.34,-28.12,-15.95,
2019-12-09,756,저금리(~2021),-33.67,-33.95,-29.2,-13.45,
2019-12-10,756,저금리(~2021),-33.29,-33.53,-33.47,-12.73,
2019-12-11,756,저금리(~2021),-33.75,-34.06,-34.63,-13.64,
2019-12-12,756,저금리(~2021),-32.61,-32.54,-30.72,-11.16,
2019-12-13,756,저금리(~2021),-31.29,-30.9,-34.71,-8.52,
2019-12-16,756,저금리(~2021),-32.8,-32.82,-44.6,-11.6,
2019-12-17,756,저금리(~2021),-32.92,-32.75,-35.93,-11.49,
2019-12-18,756,저금리(~2021),-32.14,-31.92,-37.82,-10.09,
2019-12-19,756,저금리(~2021),-33.48,-33.24,-32.45,-12.21,
2019-12-20,756,저금리(~2021),-33.35,-33.06,-28.49,-11.9,
2019-12-23,756,저금리(~2021),-32.41,-32.36,-27.74,-10.75,
2019-12-24,756,저금리(~2021),-33.99,-34.13,-28.42,-13.74,
2019-12-26,756,저금리(~2021),-30.84,-30.86,-25.69,-8.43,
2019-12-27,756,저금리(~2021),-29.91,-29.9,-22.1,-6.98,
2019-12-30,756,저금리(~2021),-28.84,-28.84,-21.97,-5.4,
2020-01-02,756,저금리(~2021),-29.06,-29.29,-18.73,-6.08,
2020-01-03,756,저금리(~2021),-31.65,-31.7,-22.8,-9.79,
2020-01-06,756,저금리(~2021),-34.67,-34.79,-27.05,-15.09,
2020-01-07,756,저금리(~2021),-33.31,-32.78,-23.11,-11.72,
2020-01-08,756,저금리(~2021),-34.8,-34.92,-26.66,-15.57,
2020-01-09,756,저금리(~2021),-31.9,-31.94,-24.25,-10.72,
2020-01-10,756,저금리(~2021),-32.72,-32.58,-27.89,-11.75,
2020-01-13,756,저금리(~2021),-33.86,-33.84,-34.28,-13.82,
2020-01-14,756,저금리(~2021),-34.28,-34.41,-35.47,-14.81,
2020-01-15,756,저금리(~2021),-33.7,-33.62,-32.38,-13.43,
2020-01-16,756,저금리(~2021),-34.55,-34.54,-39.21,-14.97,
2020-01-17,756,저금리(~2021),-35.26,-35.23,-47.28,-16.2,
2020-01-20,756,저금리(~2021),-36.66,-36.65,-40.57,-18.77,
2020-01-21,756,저금리(~2021),-36.66,-36.8,-43.36,-19.05,
2020-01-22,756,저금리(~2021),-35.3,-35.27,-35.27,-16.32,
2020-01-23,756,저금리(~2021),-36.85,-37.1,-33.93,-19.72,
2020-01-28,756,저금리(~2021),-37.9,-38.12,-34.93,-21.81,
2020-01-29,756,저금리(~2021),-39.9,-39.81,-35.97,-25.04,
2020-01-30,756,저금리(~2021),-39.84,-40.07,-36.89,-25.61,
2020-01-31,756,저금리(~2021),-42.68,-42.75,-38.0,-31.38,
2020-02-03,756,저금리(~2021),-42.2,-42.18,-38.34,-30.11,
2020-02-04,756,저금리(~2021),-39.36,-39.24,-31.31,-23.75,
2020-02-05,756,저금리(~2021),-39.96,-39.8,-32.93,-24.89,
2020-02-06,756,저금리(~2021),-37.95,-37.95,-31.15,-21.21,
2020-02-07,756,저금리(~2021),-38.22,-38.4,-30.22,-22.09,
2020-02-10,756,저금리(~2021),-38.89,-39.15,-32.24,-23.55,
2020-02-11,756,저금리(~2021),-37.38,-37.4,-30.78,-20.06,
2020-02-12,756,저금리(~2021),-38.95,-39.35,-35.64,-23.77,
2020-02-13,756,저금리(~2021),-40.45,-40.88,-41.79,-26.9,
2020-02-14,756,저금리(~2021),-40.48,-40.5,-41.86,-26.08,
2020-02-17,756,저금리(~2021),-40.07,-40.21,-39.68,-25.47,
2020-02-18,756,저금리(~2021),-40.42,-40.77,-45.17,-26.7,
2020-02-19,756,저금리(~2021),-38.69,-38.78,-50.07,-22.48,
2020-02-20,756,저금리(~2021),-39.93,-40.03,-43.62,-25.01,
2020-02-21,756,저금리(~2021),-39.14,-39.3,-45.32,-23.4,
2020-02-24,756,저금리(~2021),-43.5,-43.8,-43.19,-33.32,
2020-02-25,756,저금리(~2021),-41.1,-41.37,-38.09,-27.92,
2020-02-26,756,저금리(~2021),-42.04,-42.48,-39.45,-30.34,
2020-02-27,756,저금리(~2021),-43.18,-43.11,-39.22,-31.81,
2020-02-28,756,저금리(~2021),-45.23,-45.52,-42.5,-37.81,
2020-03-02,756,저금리(~2021),-44.45,-45.0,-40.42,-36.56,
2020-03-03,756,저금리(~2021),-44.6,-44.82,-41.07,-36.11,
2020-03-04,756,저금리(~2021),-44.29,-44.87,-37.89,-36.24,
2020-03-05,756,저금리(~2021),-43.77,-44.24,-38.1,-34.73,
2020-03-06,756,저금리(~2021),-44.4,-44.91,-39.08,-36.38,
2020-03-09,756,저금리(~2021),-47.39,-47.92,-41.19,-44.45,
2020-03-10,756,저금리(~2021),-47.03,-47.35,-41.59,-42.93,
2020-03-11,756,저금리(~2021),-49.62,-49.9,-44.74,-50.53,
2020-03-12,756,저금리(~2021),-51.68,-52.71,-49.18,-59.88,
2020-03-13,756,저금리(~2021),-54.34,-54.69,-54.13,-67.23,
2020-03-16,756,저금리(~2021),-56.98,-57.23,-56.79,-77.17,
2020-03-17,756,저금리(~2021),-54.56,-54.67,-53.45,-67.53,
2020-03-18,756,저금리(~2021),-58.66,-58.96,-61.06,-85.86,
2020-03-19,756,저금리(~2021),-62.99,-63.73,-69.23,-100.0,
2020-03-20,756,저금리(~2021),-59.69,-60.6,-63.38,-96.87,
2020-03-23,756,저금리(~2021),-61.33,-61.9,-66.07,-100.0,
2020-03-24,756,저금리(~2021),-57.09,-57.29,-59.14,-84.3,
2020-03-25,756,저금리(~2021),-56.06,-56.42,-56.83,-80.77,
2020-03-26,756,저금리(~2021),-56.12,-56.09,-56.4,-79.44,
2020-03-27,756,저금리(~2021),-55.27,-55.48,-55.55,-77.01,
2020-03-30,756,저금리(~2021),-53.64,-54.73,-55.38,-74.06,
2020-03-31,756,저금리(~2021),-49.31,-50.11,-49.12,-58.43,
2020-04-01,756,저금리(~2021),-50.33,-51.09,-50.44,-61.82,
2020-04-02,756,저금리(~2021),-47.43,-48.03,-44.44,-52.5,
2020-04-03,756,저금리(~2021),-46.8,-46.83,-43.81,-49.03,
2020-04-06,756,저금리(~2021),-44.24,-45.08,-42.51,-44.45,
2020-04-07,756,저금리(~2021),-45.98,-46.82,-43.12,-48.96,
2020-04-08,756,저금리(~2021),-46.37,-46.8,-43.99,-48.89,
2020-04-09,756,저금리(~2021),-46.71,-47.11,-44.42,-49.73,
2020-04-10,756,저금리(~2021),-45.58,-46.2,-44.24,-47.11,
2020-04-13,756,저금리(~2021),-47.13,-47.5,-48.27,-50.78,
2020-04-14,756,저금리(~2021),-45.3,-45.78,-45.65,-46.07,
2020-04-16,756,저금리(~2021),-43.15,-43.23,-42.46,-39.66,
2020-04-17,756,저금리(~2021),-41.48,-42.23,-43.12,-37.24,
2020-04-20,756,저금리(~2021),-41.0,-41.28,-42.65,-34.96,
2020-04-21,756,저금리(~2021),-41.49,-42.21,-43.9,-37.16,
2020-04-22,756,저금리(~2021),-40.46,-41.55,-41.81,-35.61,
2020-04-23,756,저금리(~2021),-40.72,-41.35,-41.21,-35.16,
2020-04-24,756,저금리(~2021),-43.3,-44.04,-43.36,-41.6,
2020-04-27,756,저금리(~2021),-41.73,-42.25,-41.21,-37.27,
2020-04-28,756,저금리(~2021),-42.42,-43.15,-42.2,-39.43,
2020-04-29,756,저금리(~2021),-43.54,-44.02,-43.85,-41.57,
2020-05-04,756,저금리(~2021),-44.72,-45.62,-44.36,-45.73,
2020-05-06,756,저금리(~2021),-42.63,-43.19,-41.0,-39.62,
2020-05-07,756,저금리(~2021),-41.23,-41.9,-36.9,-36.52,
2020-05-08,756,저금리(~2021),-39.21,-40.07,-35.29,-32.46,
2020-05-11,756,저금리(~2021),-39.99,-40.57,-36.95,-33.55,
2020-05-12,756,저금리(~2021),-40.75,-41.32,-36.61,-35.24,
2020-05-13,756,저금리(~2021),-40.47,-41.19,-37.2,-34.94,
2020-05-14,756,저금리(~2021),-40.99,-41.55,-37.94,-35.79,
2020-05-15,756,저금리(~2021),-40.71,-41.37,-38.48,-35.35,
2020-05-18,756,저금리(~2021),-42.3,-43.04,-43.06,-39.29,
2020-05-19,756,저금리(~2021),-40.96,-41.95,-41.17,-36.68,
2020-05-20,756,저금리(~2021),-41.28,-42.46,-41.53,-37.83,
2020-05-21,756,저금리(~2021),-40.9,-42.2,-43.11,-37.23,
2020-05-22,756,저금리(~2021),-42.73,-43.71,-45.7,-40.88,
2020-05-25,756,저금리(~2021),-39.38,-40.51,-41.75,-33.04,
2020-05-26,756,저금리(~2021),-38.7,-40.09,-39.87,-32.13,
2020-05-27,756,저금리(~2021),-40.14,-41.76,-41.59,-35.85,
2020-05-28,756,저금리(~2021),-41.68,-42.85,-41.82,-38.5,
2020-05-29,756,저금리(~2021),-40.41,-41.66,-40.38,-35.65,
2020-06-01,756,저금리(~2021),-36.41,-37.88,-35.63,-27.63,
2020-06-02,756,저금리(~2021),-35.81,-37.31,-35.5,-26.5,
2020-06-03,756,저금리(~2021),-35.85,-36.93,-33.37,-25.73,
2020-06-04,756,저금리(~2021),-35.86,-37.0,-33.15,-25.87,
2020-06-05,756,저금리(~2021),-34.29,-36.02,-29.11,-23.95,
2020-06-08,756,저금리(~2021),-33.03,-34.26,-27.83,-20.6,
2020-06-09,756,저금리(~2021),-32.76,-34.15,-29.09,-20.39,
2020-06-10,756,저금리(~2021),-33.22,-34.96,-28.5,-21.87,
2020-06-11,756,저금리(~2021),-35.77,-36.68,-31.23,-25.02,
2020-06-12,756,저금리(~2021),-36.37,-37.22,-32.43,-26.13,
2020-06-15,756,저금리(~2021),-40.89,-41.85,-39.21,-36.87,
2020-06-16,756,저금리(~2021),-34.74,-36.83,-36.6,-26.51,
2020-06-17,756,저금리(~2021),-35.01,-35.88,-34.79,-24.63,
2020-06-18,756,저금리(~2021),-34.35,-35.29,-34.3,-23.49,
2020-06-19,756,저금리(~2021),-36.0,-36.9,-37.9,-26.54,
2020-06-22,756,저금리(~2021),-34.76,-35.74,-37.74,-24.3,
2020-06-23,756,저금리(~2021),-35.24,-35.98,-37.26,-24.75,
2020-06-24,756,저금리(~2021),-35.65,-36.49,-36.36,-25.74,
2020-06-25,756,저금리(~2021),-36.49,-37.44,-37.44,-27.69,
2020-06-26,756,저금리(~2021),-38.1,-39.62,-38.43,-32.08,
2020-06-29,756,저금리(~2021),-41.35,-42.29,-41.69,-38.19,
2020-06-30,756,저금리(~2021),-41.38,-42.2,-41.26,-37.97,
2020-07-01,756,저금리(~2021),-42.98,-43.89,-43.5,-42.15,
2020-07-02,756,저금리(~2021),-42.27,-43.24,-41.58,-40.56,
2020-07-03,756,저금리(~2021),-43.54,-44.62,-43.32,-43.9,
2020-07-06,756,저금리(~2021),-40.56,-41.29,-36.08,-35.38,
2020-07-07,756,저금리(~2021),-38.47,-38.87,-33.66,-29.86,
2020-07-08,756,저금리(~2021),-40.27,-41.13,-37.99,-34.61,
2020-07-09,756,저금리(~2021),-41.92,-42.94,-39.02,-38.7,
2020-07-10,756,저금리(~2021),-41.7,-42.4,-38.37,-37.39,
2020-07-13,756,저금리(~2021),-38.45,-39.29,-34.74,-30.05,
2020-07-14,756,저금리(~2021),-40.41,-41.9,-38.56,-35.72,
2020-07-15,756,저금리(~2021),-39.55,-40.69,-40.2,-32.92,
2020-07-16,756,저금리(~2021),-37.96,-38.76,-36.99,-28.5,
2020-07-17,756,저금리(~2021),-37.03,-38.06,-36.42,-27.08,
2020-07-20,756,저금리(~2021),-38.79,-39.94,-40.28,-30.96,
2020-07-21,756,저금리(~2021),-38.1,-39.02,-40.3,-29.0,
2020-07-22,756,저금리(~2021),-37.21,-38.23,-38.67,-27.34,
2020-07-23,756,저금리(~2021),-35.0,-36.02,-34.78,-22.91,
2020-07-24,756,저금리(~2021),-33.95,-35.17,-33.9,-21.25,
2020-07-27,756,저금리(~2021),-34.85,-36.11,-33.63,-22.97,
2020-07-28,756,저금리(~2021),-33.18,-34.03,-31.85,-19.07,
2020-07-29,756,저금리(~2021),-34.75,-36.0,-33.45,-22.65,
2020-07-30,756,저금리(~2021),-35.65,-36.81,-34.61,-24.21,
2020-07-31,756,저금리(~2021),-34.12,-35.29,-31.9,-21.24,
2020-08-03,756,저금리(~2021),-34.44,-35.84,-32.97,-22.23,
2020-08-04,756,저금리(~2021),-33.89,-35.19,-27.89,-21.02,
2020-08-05,756,저금리(~2021),-32.83,-34.11,-26.69,-19.11,
2020-08-06,756,저금리(~2021),-32.37,-33.51,-28.24,-18.03,
2020-08-07,756,저금리(~2021),-32.21,-33.3,-27.2,-17.67,
2020-08-10,756,저금리(~2021),-32.01,-33.42,-27.2,-17.89,
2020-08-11,756,저금리(~2021),-31.21,-32.57,-26.15,-16.37,
2020-08-12,756,저금리(~2021),-32.45,-33.76,-29.16,-18.51,
2020-08-13,756,저금리(~2021),-30.6,-31.91,-30.35,-15.33,
2020-08-14,756,저금리(~2021),-31.93,-33.68,-31.24,-18.55,
2020-08-18,756,저금리(~2021),-33.27,-34.49,-32.64,-20.07,
2020-08-19,756,저금리(~2021),-32.62,-34.07,-34.27,-19.34,
2020-08-20,756,저금리(~2021),-34.38,-35.63,-37.18,-22.38,
2020-08-21,756,저금리(~2021),-33.36,-34.51,-35.17,-20.28,
2020-08-24,756,저금리(~2021),-30.18,-31.51,-30.37,-15.09,
2020-08-25,756,저금리(~2021),-30.01,-31.26,-29.86,-14.67,
2020-08-26,756,저금리(~2021),-29.85,-30.97,-28.4,-14.2,
2020-08-27,756,저금리(~2021),-29.68,-30.88,-28.78,-14.05,
2020-08-28,756,저금리(~2021),-28.53,-29.85,-27.32,-12.39,
2020-08-31,756,저금리(~2021),-28.6,-30.24,-28.04,-13.01,
2020-09-01,756,저금리(~2021),-26.76,-27.86,-24.35,-9.19,
2020-09-02,756,저금리(~2021),-24.93,-26.45,-23.69,-7.12,
2020-09-03,756,저금리(~2021),-23.22,-24.6,-16.91,-4.45,
2020-09-04,756,저금리(~2021),-23.23,-24.64,-17.54,-4.51,
2020-09-07,756,저금리(~2021),-23.3,-25.13,-20.17,-5.17,
2020-09-08,756,저금리(~2021),-19.64,-21.09,-15.62,0.42,
2020-09-09,756,저금리(~2021),-20.76,-22.63,-17.26,-1.62,
2020-09-10,756,저금리(~2021),-20.93,-22.53,-16.48,-1.48,
2020-09-11,756,저금리(~2021),-18.76,-20.43,-16.53,1.27,
2020-09-14,756,저금리(~2021),-20.7,-22.56,-21.51,-1.33,
2020-09-15,756,저금리(~2021),-21.95,-23.89,-20.84,-3.02,
2020-09-16,756,저금리(~2021),-20.68,-22.64,-19.84,-1.31,
2020-09-17,756,저금리(~2021),-21.4,-23.1,-23.56,-1.93,
2020-09-18,756,저금리(~2021),-21.0,-22.65,-23.63,-1.36,
2020-09-21,756,저금리(~2021),-22.04,-23.18,-23.77,-2.1,
2020-09-22,756,저금리(~2021),-22.27,-24.51,-23.66,-4.02,
2020-09-23,756,저금리(~2021),-20.64,-22.43,-21.8,-1.18,
2020-09-24,756,저금리(~2021),-24.28,-25.81,-23.85,-6.02,
2020-09-25,756,저금리(~2021),-26.73,-28.57,-26.53,-9.99,
2020-09-28,756,저금리(~2021),-20.9,-22.85,-20.93,-1.86,
2020-09-29,756,저금리(~2021),-16.87,-19.25,-18.5,2.79,
2020-10-05,756,저금리(~2021),-16.99,-18.96,-16.05,3.13,
2020-10-06,756,저금리(~2021),-17.89,-20.05,-17.77,1.82,
2020-10-07,756,저금리(~2021),-14.45,-16.75,-9.28,5.81,
2020-10-08,756,저금리(~2021),-14.34,-16.77,-9.73,5.79,
2020-10-12,756,저금리(~2021),-18.57,-20.62,-15.41,1.48,
2020-10-13,756,저금리(~2021),-19.77,-22.3,-16.44,-0.64,
2020-10-14,756,저금리(~2021),-32.36,-34.69,-28.97,-17.26,
2020-10-15,756,저금리(~2021),-30.33,-33.08,-25.38,-14.2,
2020-10-16,756,저금리(~2021),-29.14,-31.48,-25.58,-11.44,
2020-10-19,756,저금리(~2021),-29.43,-31.83,-28.2,-12.02,
2020-10-20,756,저금리(~2021),-27.18,-29.47,-24.1,-8.24,
2020-10-21,756,저금리(~2021),-25.32,-27.46,-22.42,-5.23,
2020-10-22,756,저금리(~2021),-29.69,-32.11,-29.93,-12.43,
2020-10-23,756,저금리(~2021),-31.24,-34.13,-32.06,-15.83,
2020-10-26,756,저금리(~2021),-33.36,-35.82,-33.42,-19.0,
2020-10-27,756,저금리(~2021),-31.14,-33.45,-30.27,-14.7,
2020-10-28,756,저금리(~2021),-30.56,-33.11,-30.69,-14.15,
2020-10-29,756,저금리(~2021),-29.26,-31.34,-27.68,-11.26,
2020-10-30,756,저금리(~2021),-31.32,-34.02,-30.29,-16.01,
2020-11-02,756,저금리(~2021),-30.66,-33.07,-29.66,-14.39,
2020-11-03,756,저금리(~2021),-28.6,-31.07,-29.18,-11.12,
2020-11-04,756,저금리(~2021),-26.37,-29.3,-25.25,-8.37,
2020-11-05,756,저금리(~2021),-26.02,-29.1,-25.75,-8.08,
2020-11-06,756,저금리(~2021),-28.21,-30.88,-24.05,-10.89,
2020-11-09,756,저금리(~2021),-28.05,-31.14,-25.18,-11.3,
2020-11-10,756,저금리(~2021),-29.32,-32.03,-26.43,-12.8,
2020-11-11,756,저금리(~2021),-29.05,-31.84,-25.54,-12.48,
2020-11-12,756,저금리(~2021),-27.99,-30.56,-25.01,-10.35,
2020-11-13,756,저금리(~2021),-28.31,-31.21,-23.52,-11.38,
2020-11-16,756,저금리(~2021),-26.65,-29.38,-23.51,-8.49,
2020-11-17,756,저금리(~2021),-29.9,-32.68,-29.33,-13.69,
2020-11-18,756,저금리(~2021),-29.08,-32.12,-27.45,-12.78,
2020-11-19,756,저금리(~2021),-28.48,-31.41,-27.45,-11.63,
2020-11-20,756,저금리(~2021),-26.5,-29.83,-27.52,-9.12,
2020-11-23,756,저금리(~2021),-27.71,-30.27,-27.78,-9.8,
2020-11-24,756,저금리(~2021),-28.46,-30.65,-27.28,-10.41,
2020-11-25,756,저금리(~2021),-30.09,-32.11,-28.81,-12.75,
2020-11-26,756,저금리(~2021),-29.9,-31.97,-29.5,-12.52,
2020-11-27,756,저금리(~2021),-28.91,-31.09,-27.56,-11.12,
2020-11-30,756,저금리(~2021),-28.56,-30.5,-25.72,-10.15,
2020-12-01,756,저금리(~2021),-27.11,-29.17,-24.73,-8.09,
2020-12-02,756,저금리(~2021),-25.61,-28.07,-25.48,-6.44,
2020-12-03,756,저금리(~2021),-25.85,-28.09,-23.62,-6.47,
2020-12-04,756,저금리(~2021),-25.03,-27.37,-23.49,-5.45,
2020-12-07,756,저금리(~2021),-22.78,-24.85,-15.53,-2.03,
2020-12-08,756,저금리(~2021),-24.11,-26.63,-19.62,-4.64,
2020-12-09,756,저금리(~2021),-22.93,-25.34,-17.81,-2.83,
2020-12-10,756,저금리(~2021),-23.42,-25.64,-17.27,-3.23,
2020-12-11,756,저금리(~2021),-22.45,-24.36,-16.57,-1.5,
2020-12-14,756,저금리(~2021),-22.46,-24.86,-14.63,-2.16,
2020-12-15,756,저금리(~2021),-21.46,-23.75,-16.05,-0.64,
2020-12-16,756,저금리(~2021),-21.87,-24.03,-18.09,-1.0,
2020-12-17,756,저금리(~2021),-19.78,-22.02,-14.52,1.63,
2020-12-18,756,저금리(~2021),-18.38,-20.68,-14.32,3.31,
2020-12-21,756,저금리(~2021),-16.55,-19.24,-14.67,5.02,
2020-12-22,756,저금리(~2021),-17.34,-19.94,-16.39,4.13,
2020-12-23,756,저금리(~2021),-18.24,-20.76,-16.05,3.14,
2020-12-24,756,저금리(~2021),-16.61,-18.68,-13.61,5.62,
2020-12-28,756,저금리(~2021),-14.75,-16.86,-13.09,7.68,
2020-12-29,756,저금리(~2021),-11.93,-15.0,-9.58,9.63,
2020-12-30,756,저금리(~2021),-11.03,-13.45,-6.35,11.28,
2021-01-04,756,저금리(~2021),-10.39,-12.79,-6.61,11.96,
2021-01-05,756,저금리(~2021),-12.9,-15.19,-11.14,9.55,
2021-01-06,756,저금리(~2021),-11.76,-14.04,-8.76,10.81,
2021-01-07,756,저금리(~2021),-11.4,-14.6,-10.39,10.23,
2021-01-08,756,저금리(~2021),-8.5,-11.3,-1.33,13.64,
2021-01-11,756,저금리(~2021),-9.18,-12.52,-3.99,12.44,
2021-01-12,756,저금리(~2021),-11.9,-14.71,-5.62,10.25,
2021-01-13,756,저금리(~2021),-10.41,-13.46,-3.88,11.56,
2021-01-14,756,저금리(~2021),-11.1,-13.85,-5.35,11.15,
2021-01-15,756,저금리(~2021),-13.95,-17.02,-6.21,7.74,
2021-01-18,756,저금리(~2021),-18.49,-21.11,-13.12,2.95,
2021-01-19,756,저금리(~2021),-18.93,-21.65,-15.45,2.3,
2021-01-20,756,저금리(~2021),-17.19,-20.04,-12.24,4.2,
2021-01-21,756,저금리(~2021),-17.71,-20.95,-14.51,3.1,
2021-01-22,756,저금리(~2021),-18.32,-20.92,-16.31,3.14,
2021-01-25,756,저금리(~2021),-15.82,-18.85,-15.04,5.52,
2021-01-26,756,저금리(~2021),-17.26,-19.91,-14.96,4.28,
2021-01-27,756,저금리(~2021),-18.51,-21.19,-16.39,2.71,
2021-01-28,756,저금리(~2021),-20.49,-23.2,-20.02,0.12,
2021-01-29,756,저금리(~2021),-23.2,-25.94,-21.22,-3.65,
2021-02-01,756,저금리(~2021),-20.18,-23.01,-17.43,0.12,
2021-02-02,756,저금리(~2021),-18.86,-21.5,-16.59,2.09,
2021-02-03,756,저금리(~2021),-19.82,-22.94,-19.78,0.3,
2021-02-04,756,저금리(~2021),-21.47,-24.39,-20.81,-1.62,
2021-02-05,756,저금리(~2021),-22.66,-25.28,-22.74,-2.81,
2021-02-08,756,저금리(~2021),-22.79,-25.25,-18.53,-2.76,
2021-02-09,756,저금리(~2021),-23.74,-26.46,-20.81,-4.45,
2021-02-10,756,저금리(~2021),-22.82,-25.36,-18.35,-2.92,
2021-02-15,756,저금리(~2021),-23.21,-26.08,-19.78,-3.88,
2021-02-16,756,저금리(~2021),-24.92,-27.39,-22.24,-5.79,
2021-02-17,756,저금리(~2021),-27.16,-29.93,-23.14,-9.54,
2021-02-18,756,저금리(~2021),-27.81,-30.33,-24.79,-10.18,
2021-02-19,756,저금리(~2021),-27.58,-30.07,-25.61,-9.77,
2021-02-22,756,저금리(~2021),-28.16,-30.38,-24.02,-10.28,
2021-02-23,756,저금리(~2021),-31.05,-33.39,-28.43,-15.28,
2021-02-24,756,저금리(~2021),-33.23,-35.19,-31.62,-18.57,
2021-02-25,756,저금리(~2021),-29.78,-32.21,-29.34,-13.55,
2021-02-26,756,저금리(~2021),-33.33,-35.44,-31.81,-19.26,
2021-03-02,756,저금리(~2021),-31.76,-33.97,-30.61,-16.63,
2021-03-03,756,저금리(~2021),-32.63,-34.97,-33.41,-18.38,
2021-03-04,756,저금리(~2021),-33.54,-36.14,-33.31,-20.54,
2021-03-05,756,저금리(~2021),-32.81,-35.24,-31.15,-18.85,
2021-03-08,756,저금리(~2021),-34.12,-36.41,-33.1,-21.09,
2021-03-09,756,저금리(~2021),-33.88,-36.42,-33.88,-21.12,
2021-03-10,756,저금리(~2021),-34.05,-36.28,-33.39,-20.84,
2021-03-11,756,저금리(~2021),-30.41,-32.9,-30.46,-14.68,
2021-03-12,756,저금리(~2021),-27.61,-30.48,-24.25,-10.7,
2021-03-15,756,저금리(~2021),-28.28,-31.23,-25.95,-11.91,
2021-03-16,756,저금리(~2021),-25.11,-27.7,-21.0,-6.44,
2021-03-17,756,저금리(~2021),-24.59,-27.43,-21.32,-6.05,
2021-03-18,756,저금리(~2021),-24.13,-27.19,-22.18,-5.7,
2021-03-19,756,저금리(~2021),-24.21,-27.11,-20.44,-5.58,
2021-03-22,756,저금리(~2021),-23.66,-27.06,-21.6,-5.51,
2021-03-23,756,저금리(~2021),-23.86,-26.89,-22.6,-5.26,
2021-03-24,756,저금리(~2021),-21.26,-24.38,-17.85,-1.73,
2021-03-25,756,저금리(~2021),-20.77,-24.02,-18.91,-1.24,
2021-03-26,756,저금리(~2021),-23.3,-26.62,-22.33,-4.71,
2021-03-29,756,저금리(~2021),-22.73,-25.77,-22.72,-3.49,
2021-03-30,756,저금리(~2021),-23.61,-27.07,-22.93,-5.3,
2021-03-31,756,저금리(~2021),-23.91,-27.48,-23.88,-5.9,
2021-04-01,756,저금리(~2021),-25.05,-28.1,-26.46,-6.78,
2021-04-02,756,저금리(~2021),-23.96,-27.14,-24.24,-5.35,
2021-04-05,756,저금리(~2021),-24.78,-28.04,-23.67,-6.66,
2021-04-06,756,저금리(~2021),-26.28,-29.5,-25.64,-8.85,
2021-04-07,756,저금리(~2021),-26.38,-29.39,-26.24,-8.67,
2021-04-08,756,저금리(~2021),-24.89,-28.06,-24.45,-6.67,
2021-04-09,756,저금리(~2021),-24.03,-27.54,-24.52,-5.92,
2021-04-12,756,저금리(~2021),-23.71,-27.05,-20.13,-5.22,
2021-04-13,756,저금리(~2021),-22.53,-25.88,-19.6,-3.58,
2021-04-14,756,저금리(~2021),-21.78,-24.95,-17.61,-2.3,
2021-04-15,756,저금리(~2021),-21.18,-24.29,-17.53,-1.39,
2021-04-16,756,저금리(~2021),-19.06,-22.57,-16.86,0.89,
2021-04-19,756,저금리(~2021),-18.72,-22.07,-14.37,1.5,
2021-04-20,756,저금리(~2021),-19.68,-23.65,-17.49,-0.52,
2021-04-21,756,저금리(~2021),-16.99,-20.87,-15.77,3.23,
2021-04-22,756,저금리(~2021),-17.14,-20.53,-13.19,3.64,
2021-04-23,756,저금리(~2021),-17.26,-21.2,-15.39,2.82,
2021-04-26,756,저금리(~2021),-17.09,-20.79,-15.84,3.33,
2021-04-27,756,저금리(~2021),-17.87,-21.29,-17.8,2.7,
2021-04-28,756,저금리(~2021),-19.56,-22.92,-18.6,0.57,
2021-04-29,756,저금리(~2021),-21.8,-25.47,-21.67,-2.8,
2021-04-30,756,저금리(~2021),-22.22,-25.66,-24.02,-3.07,
2021-05-03,756,저금리(~2021),-22.88,-26.42,-23.48,-4.18,
2021-05-04,756,저금리(~2021),-21.61,-25.07,-20.75,-2.31,
2021-05-06,756,저금리(~2021),-22.52,-26.49,-22.72,-4.28,
2021-05-07,756,저금리(~2021),-22.14,-25.91,-22.84,-3.47,
2021-05-10,756,저금리(~2021),-21.23,-25.05,-21.44,-2.32,
2021-05-11,756,저금리(~2021),-24.15,-27.78,-24.72,-6.22,
2021-05-12,756,저금리(~2021),-27.22,-30.82,-23.87,-10.8,
2021-05-13,756,저금리(~2021),-27.41,-30.82,-24.28,-10.79,
2021-05-14,756,저금리(~2021),-26.6,-30.09,-22.75,-9.68,
2021-05-17,756,저금리(~2021),-26.6,-29.62,-22.88,-8.95,
2021-05-18,756,저금리(~2021),-25.32,-28.67,-23.03,-7.5,
2021-05-20,756,저금리(~2021),-24.08,-27.79,-20.09,-6.19,
2021-05-21,756,저금리(~2021),-24.36,-28.1,-21.82,-6.65,
2021-05-24,756,저금리(~2021),-25.89,-29.51,-24.67,-8.81,
2021-05-25,756,저금리(~2021),-24.38,-28.58,-21.87,-7.42,
2021-05-26,756,저금리(~2021),-24.17,-27.66,-22.14,-6.05,
2021-05-27,756,저금리(~2021),-23.4,-27.06,-22.4,-5.18,
2021-05-28,756,저금리(~2021),-22.29,-26.08,-22.77,-3.77,
2021-05-31,756,저금리(~2021),-22.2,-26.05,-22.03,-3.73,
2021-06-01,756,저금리(~2021),-21.87,-25.65,-21.94,-3.17,
2021-06-02,756,저금리(~2021),-22.71,-26.9,-25.38,-4.95,
2021-06-03,756,저금리(~2021),-21.98,-25.74,-22.81,-3.33,
2021-06-04,756,저금리(~2021),-23.97,-27.59,-23.65,-5.93,
2021-06-07,756,저금리(~2021),-22.09,-25.95,-22.14,-3.52,
2021-06-08,756,저금리(~2021),-23.62,-27.47,-24.46,-5.61,
2021-06-09,756,저금리(~2021),-25.51,-29.28,-25.82,-8.33,
2021-06-10,756,저금리(~2021),-25.41,-28.67,-25.63,-7.45,
2021-06-11,756,저금리(~2021),-26.25,-29.11,-21.89,-8.11,
2021-06-14,756,저금리(~2021),-25.28,-28.44,-21.42,-7.11,
2021-06-15,756,저금리(~2021),-25.3,-28.52,-20.9,-7.23,
2021-06-16,756,저금리(~2021),-24.89,-28.1,-21.1,-6.6,
2021-06-17,756,저금리(~2021),-24.04,-27.54,-21.73,-5.78,
2021-06-18,756,저금리(~2021),-22.46,-25.83,-17.76,-3.4,
2021-06-21,756,저금리(~2021),-21.57,-24.9,-18.11,-2.09,
2021-06-22,756,저금리(~2021),-20.29,-23.75,-18.06,-0.52,
2021-06-23,756,저금리(~2021),-19.12,-22.7,-15.09,0.83,
2021-06-24,756,저금리(~2021),-20.36,-23.8,-17.68,-0.6,
2021-06-25,756,저금리(~2021),-18.77,-21.87,-16.7,1.99,
2021-06-28,756,저금리(~2021),-18.65,-22.34,-18.58,1.41,
2021-06-29,756,저금리(~2021),-18.53,-22.29,-17.78,1.46,
2021-06-30,756,저금리(~2021),-16.08,-19.75,-15.41,4.63,
2021-07-01,756,저금리(~2021),-15.37,-18.9,-16.64,5.63,
2021-07-02,756,저금리(~2021),-16.36,-20.4,-16.67,3.9,
2021-07-05,756,저금리(~2021),-14.87,-18.73,-13.52,5.85,
2021-07-06,756,저금리(~2021),-15.76,-19.46,-14.6,4.99,
2021-07-07,756,저금리(~2021),-16.84,-20.69,-16.8,3.54,
2021-07-08,756,저금리(~2021),-14.3,-18.42,-14.1,6.41,
2021-07-09,756,저금리(~2021),-5.02,-8.25,-6.3,18.17,
2021-07-12,756,저금리(~2021),-11.64,-16.68,-6.92,10.71,
2021-07-13,756,저금리(~2021),-12.66,-17.77,-8.09,9.56,
2021-07-14,756,저금리(~2021),-11.98,-16.43,-6.08,11.03,
2021-07-15,756,저금리(~2021),-13.22,-17.84,-7.51,9.57,
2021-07-16,756,저금리(~2021),-13.97,-18.54,-9.76,8.78,
2021-07-19,756,저금리(~2021),-13.39,-18.01,-7.03,9.38,
2021-07-20,756,저금리(~2021),-14.95,-19.92,-10.15,7.26,
2021-07-21,756,저금리(~2021),-16.69,-21.19,-12.58,5.78,
2021-07-22,756,저금리(~2021),-14.52,-18.96,-8.16,8.4,
2021-07-23,756,저금리(~2021),-15.26,-19.76,-10.48,7.49,
2021-07-26,756,저금리(~2021),-14.67,-19.45,-11.32,7.86,
2021-07-27,756,저금리(~2021),-14.62,-19.09,-12.56,8.28,
2021-07-28,756,저금리(~2021),-16.25,-20.54,-13.39,6.59,
2021-07-29,756,저금리(~2021),-14.43,-18.98,-11.99,8.39,
2021-07-30,756,저금리(~2021),-15.42,-19.9,-15.2,7.32,
2021-08-02,756,저금리(~2021),-14.17,-18.9,-12.75,8.44,
2021-08-03,756,저금리(~2021),-13.56,-18.36,-10.69,9.06,
2021-08-04,756,저금리(~2021),-14.22,-18.52,-11.07,8.88,
2021-08-05,756,저금리(~2021),-14.17,-19.28,-12.91,8.03,
2021-08-06,756,저금리(~2021),-12.44,-17.37,-10.45,10.2,
2021-08-09,756,저금리(~2021),-8.46,-13.56,-10.99,14.32,
2021-08-10,756,저금리(~2021),-8.62,-13.6,-3.07,14.27,
2021-08-11,756,저금리(~2021),-5.61,-10.25,0.29,17.55,
2021-08-12,756,저금리(~2021),-7.22,-12.44,-1.26,15.52,
2021-08-13,756,저금리(~2021),-6.13,-11.5,-0.68,16.44,
2021-08-17,756,저금리(~2021),-8.71,-14.0,-4.92,13.97,
2021-08-18,756,저금리(~2021),-10.47,-15.77,-4.14,12.27,
2021-08-19,756,저금리(~2021),-12.81,-17.55,-7.38,10.32,
2021-08-20,756,저금리(~2021),-15.36,-20.35,-11.42,7.18,
2021-08-23,756,저금리(~2021),-14.33,-19.35,-8.28,8.27,
2021-08-24,756,저금리(~2021),-13.92,-17.94,-8.31,9.81,
2021-08-25,756,저금리(~2021),-15.27,-20.28,-11.91,7.25,
2021-08-26,756,저금리(~2021),-13.33,-18.18,-11.22,9.68,
2021-08-27,756,저금리(~2021),-15.91,-20.66,-13.07,6.93,
2021-08-30,756,저금리(~2021),-14.5,-18.87,-11.39,9.0,
2021-08-31,756,저금리(~2021),-12.5,-17.25,-11.74,10.79,
2021-09-01,756,저금리(~2021),-12.23,-17.58,-10.71,10.44,
2021-09-02,756,저금리(~2021),-13.84,-18.77,-10.61,9.14,
2021-09-03,756,저금리(~2021),-14.3,-19.62,-11.77,8.2,
2021-09-06,756,저금리(~2021),-14.3,-18.89,-11.91,9.03,
2021-09-07,756,저금리(~2021),-13.53,-18.59,-11.33,9.36,
2021-09-08,756,저금리(~2021),-14.0,-18.81,-16.43,9.11,
2021-09-09,756,저금리(~2021),-13.95,-18.5,-8.68,9.46,
2021-09-10,756,저금리(~2021),-13.93,-18.69,-10.14,9.25,
2021-09-13,756,저금리(~2021),-13.56,-18.11,-7.97,9.91,
2021-09-14,756,저금리(~2021),-12.19,-16.99,-7.49,11.11,
2021-09-15,756,저금리(~2021),-9.66,-14.42,-5.13,13.81,
2021-09-16,756,저금리(~2021),-11.1,-15.91,-4.11,12.3,
2021-09-17,756,저금리(~2021),-7.76,-12.74,-0.99,15.57,
2021-09-23,756,저금리(~2021),-9.09,-14.0,-3.05,14.35,
2021-09-24,756,저금리(~2021),-7.98,-12.76,0.09,15.59,
2021-09-27,756,저금리(~2021),-7.69,-12.48,-1.65,15.87,
2021-09-28,756,저금리(~2021),-12.18,-17.27,-8.3,10.99,
2021-09-29,756,저금리(~2021),-13.6,-18.93,-11.71,9.17,
2021-09-30,756,저금리(~2021),-12.15,-16.98,-8.94,11.33,
2021-10-01,756,저금리(~2021),-14.74,-19.59,-11.93,8.42,
2021-10-05,756,저금리(~2021),-14.45,-18.97,-13.18,9.16,
2021-10-06,756,저금리(~2021),-20.96,-25.55,-18.28,1.37,
2021-10-07,756,저금리(~2021),-17.94,-22.81,-14.37,4.8,
2021-10-08,756,저금리(~2021),-17.35,-21.84,-13.6,6.01,
2021-10-12,756,저금리(~2021),-17.18,-21.89,-14.4,5.96,
2021-10-13,756,저금리(~2021),-17.54,-22.29,-14.56,5.49,
2021-10-14,756,저금리(~2021),-13.33,-18.07,-15.44,10.26,
2021-10-15,756,저금리(~2021),-11.75,-16.45,-6.23,12.03,
2021-10-18,756,저금리(~2021),-8.54,-13.53,-4.74,15.1,
2021-10-19,756,저금리(~2021),-5.86,-11.03,-0.4,17.48,
2021-10-20,756,저금리(~2021),-7.67,-13.04,-3.15,15.58,
2021-10-21,756,저금리(~2021),-9.53,-14.79,-5.09,13.84,
2021-10-22,756,저금리(~2021),-7.16,-12.28,-0.07,16.35,
2021-10-25,756,저금리(~2021),-6.24,-11.46,0.65,17.13,
2021-10-26,756,저금리(~2021),-4.26,-9.89,1.41,18.53,
2021-10-27,756,저금리(~2021),-2.59,-7.81,5.45,20.43,
2021-10-28,756,저금리(~2021),-8.13,-13.77,-2.43,15.15,
2021-10-29,756,저금리(~2021),-7.25,-12.69,-3.13,16.23,
2021-11-01,756,저금리(~2021),-5.48,-11.16,-3.44,17.66,
2021-11-02,756,저금리(~2021),-4.83,-10.29,-1.56,18.45,
2021-11-03,756,저금리(~2021),-2.24,-8.08,0.21,20.47,
2021-11-04,756,저금리(~2021),-2.36,-7.87,-1.06,20.65,
2021-11-05,756,저금리(~2021),-3.81,-9.72,-0.74,19.08,
2021-11-08,756,저금리(~2021),-2.72,-8.24,1.27,20.43,
2021-11-09,756,저금리(~2021),-1.31,-7.27,2.45,21.25,
2021-11-10,756,저금리(~2021),-3.14,-8.45,0.17,20.2,
2021-11-11,756,저금리(~2021),2.82,-3.79,4.33,24.18,
2021-11-12,756,저금리(~2021),-0.36,-6.86,-3.62,21.86,
2021-11-15,756,저금리(~2021),1.84,-4.44,7.99,23.78,
2021-11-16,756,저금리(~2021),0.49,-5.45,5.33,22.99,
2021-11-17,756,저금리(~2021),-1.1,-6.59,5.54,22.04,
2021-11-18,756,저금리(~2021),-0.74,-6.55,5.09,22.07,
2021-11-19,756,저금리(~2021),1.36,-4.05,8.04,24.11,
2021-11-22,756,저금리(~2021),0.25,-5.54,8.76,22.91,
2021-11-23,756,저금리(~2021),0.36,-5.05,8.7,23.34,
2021-11-24,756,저금리(~2021),3.76,-2.21,10.52,25.57,
2021-11-25,756,저금리(~2021),1.08,-4.84,9.69,23.53,
2021-11-26,756,저금리(~2021),-0.48,-6.13,6.36,22.48,
2021-11-29,756,저금리(~2021),-0.24,-5.87,4.8,22.69,
2021-11-30,756,저금리(~2021),-0.7,-5.89,2.41,22.68,
2021-12-01,756,저금리(~2021),-2.0,-6.84,2.56,21.9,
2021-12-02,756,저금리(~2021),-2.81,-7.94,0.83,20.97,
2021-12-03,756,저금리(~2021),-3.97,-8.91,-1.65,20.18,
2021-12-06,756,저금리(~2021),-6.77,-11.84,-2.6,17.54,
2021-12-07,756,저금리(~2021),-5.88,-11.08,-1.6,18.23,
2021-12-08,756,저금리(~2021),-5.33,-9.88,-0.16,19.3,
2021-12-09,756,저금리(~2021),-3.82,-8.56,0.51,20.44,
2021-12-10,756,저금리(~2021),-4.6,-9.2,-1.99,19.87,
2021-12-13,756,저금리(~2021),-3.72,-8.42,-5.23,20.57,
2021-12-14,756,저금리(~2021),-5.64,-10.65,1.02,18.61,
2021-12-15,756,저금리(~2021),-3.87,-8.55,2.01,20.48,
2021-12-16,756,저금리(~2021),-5.47,-10.6,1.06,18.72,
2021-12-17,756,저금리(~2021),-6.71,-11.52,-0.4,17.86,
2021-12-20,756,저금리(~2021),-7.88,-12.73,-1.79,16.73,
2021-12-21,756,저금리(~2021),-7.1,-11.76,1.61,17.64,
2021-12-22,756,저금리(~2021),-7.95,-12.9,-1.05,16.56,
2021-12-23,756,저금리(~2021),-7.01,-11.63,-1.1,17.77,
2021-12-24,756,저금리(~2021),-7.75,-12.83,-0.37,16.65,
2021-12-27,756,저금리(~2021),-6.62,-11.27,-0.09,18.1,
2021-12-28,756,저금리(~2021),-0.13,-4.85,6.31,23.67,
2021-12-29,756,저금리(~2021),-3.98,-9.49,-1.92,19.79,
2021-12-30,756,저금리(~2021),-5.35,-10.58,-1.96,18.83,
2022-01-03,756,고금리(2022~),-6.96,-11.45,-3.41,18.04,
2022-01-04,756,고금리(2022~),-8.69,-13.28,-6.65,16.29,
2022-01-05,756,고금리(2022~),-11.8,-16.26,-7.74,13.25,
2022-01-06,756,고금리(2022~),-14.2,-18.39,-9.82,10.91,
2022-01-07,756,고금리(2022~),-12.87,-17.17,-8.34,12.21,
2022-01-10,756,고금리(2022~),-14.87,-19.61,-11.34,9.48,
2022-01-11,756,고금리(2022~),-16.84,-21.39,-15.31,7.46,
2022-01-12,756,고금리(2022~),-15.49,-20.05,-18.26,8.95,
2022-01-13,756,고금리(2022~),-17.09,-21.47,-11.94,7.28,
2022-01-14,756,고금리(2022~),-19.07,-23.28,-15.25,5.07,
2022-01-17,756,고금리(2022~),-18.49,-22.68,-12.65,5.82,
2022-01-18,756,고금리(2022~),-20.67,-24.67,-15.49,3.34,
2022-01-19,756,고금리(2022~),-21.93,-25.68,-16.41,2.01,
2022-01-20,756,고금리(2022~),-18.91,-23.31,-12.07,4.96,
2022-01-21,756,고금리(2022~),-20.56,-24.54,-14.31,3.38,
2022-01-24,756,고금리(2022~),-22.97,-27.15,-18.25,-0.14,
2022-01-25,756,고금리(2022~),-21.34,-25.35,-13.54,2.42,
2022-01-26,756,고금리(2022~),-22.23,-26.13,-14.97,1.35,
2022-01-27,756,고금리(2022~),-26.1,-30.06,-18.83,-4.37,
2022-01-28,756,고금리(2022~),-22.08,-26.39,-18.13,0.81,
2022-02-03,756,고금리(2022~),-19.56,-23.49,-14.46,4.54,
2022-02-04,756,고금리(2022~),-18.37,-22.48,-14.0,5.78,
2022-02-07,756,고금리(2022~),-18.74,-22.8,-15.57,5.38,
2022-02-08,756,고금리(2022~),-19.79,-24.34,-15.65,3.47,
2022-02-09,756,고금리(2022~),-17.04,-21.42,-13.14,7.0,
2022-02-10,756,고금리(2022~),-20.0,-25.57,-16.82,1.82,
2022-02-11,756,고금리(2022~),-24.27,-28.72,-20.58,-2.57,
2022-02-14,756,고금리(2022~),-25.5,-29.92,-23.6,-4.34,
2022-02-15,756,고금리(2022~),-25.47,-29.85,-26.71,-4.24,
2022-02-16,756,고금리(2022~),-19.44,-24.11,-14.88,3.44,
2022-02-17,756,고금리(2022~),-19.18,-23.85,-16.19,3.77,
2022-02-18,756,고금리(2022~),-18.88,-23.59,-13.99,4.09,
2022-02-21,756,고금리(2022~),-17.55,-22.73,-14.13,5.17,
2022-02-22,756,고금리(2022~),-19.55,-24.35,-15.59,3.13,
2022-02-23,756,고금리(2022~),-17.03,-22.2,-11.42,5.81,
2022-02-24,756,고금리(2022~),-18.37,-22.82,-13.13,5.01,
2022-02-25,756,고금리(2022~),-12.25,-17.26,-9.64,11.36,
2022-02-28,756,고금리(2022~),-14.23,-19.4,-7.87,9.09,
2022-03-02,756,고금리(2022~),-11.37,-16.63,-5.41,12.1,
2022-03-03,756,고금리(2022~),-9.02,-14.14,-1.16,14.6,
2022-03-04,756,고금리(2022~),-11.63,-16.83,-8.32,11.81,
2022-03-07,756,고금리(2022~),-8.43,-13.72,-5.02,15.27,
2022-03-08,756,고금리(2022~),-10.64,-16.66,-8.4,12.31,
2022-03-10,756,고금리(2022~),-4.76,-11.24,-4.27,17.68,
2022-03-11,756,고금리(2022~),-11.23,-17.8,-8.4,11.52,
2022-03-14,756,고금리(2022~),-15.04,-21.23,-12.64,7.59,
2022-03-15,756,고금리(2022~),-16.89,-23.11,-13.88,5.39,
2022-03-16,756,고금리(2022~),-14.19,-20.65,-11.43,8.23,
2022-03-17,756,고금리(2022~),-9.15,-16.18,-8.33,13.13,
2022-03-18,756,고금리(2022~),-10.47,-16.79,-11.85,12.52,
2022-03-21,756,고금리(2022~),-12.65,-18.98,-8.48,10.13,
2022-03-22,756,고금리(2022~),-11.59,-18.19,-9.1,11.0,
2022-03-23,756,고금리(2022~),-10.7,-17.13,-5.86,12.13,
2022-03-24,756,고금리(2022~),-13.12,-19.77,-10.0,9.28,
2022-03-25,756,고금리(2022~),-12.88,-19.05,-8.61,10.09,
2022-03-28,756,고금리(2022~),-14.33,-20.78,-9.08,8.1,
2022-03-29,756,고금리(2022~),-11.26,-17.74,-5.97,11.49,
2022-03-30,756,고금리(2022~),-11.86,-18.43,-10.32,10.76,
2022-03-31,756,고금리(2022~),-9.89,-17.12,-4.39,12.2,
2022-04-01,756,고금리(2022~),-11.82,-18.73,-7.26,10.46,
2022-04-04,756,고금리(2022~),-10.56,-17.37,-4.29,11.94,
2022-04-05,756,고금리(2022~),-10.83,-17.41,-8.22,11.9,
2022-04-06,756,고금리(2022~),-11.21,-17.7,-9.52,11.58,
2022-04-07,756,고금리(2022~),-12.03,-18.76,-10.57,10.42,
2022-04-08,756,고금리(2022~),-12.13,-18.75,-13.2,10.44,
2022-04-11,756,고금리(2022~),-14.99,-21.19,-12.52,7.59,
2022-04-12,756,고금리(2022~),-14.97,-21.08,-12.51,7.71,
2022-04-13,756,고금리(2022~),-11.99,-18.22,-8.3,10.91,
2022-04-14,756,고금리(2022~),-10.73,-17.25,-7.69,11.98,
2022-04-15,756,고금리(2022~),-11.18,-17.89,-10.21,11.27,
2022-04-18,756,고금리(2022~),-12.85,-19.56,-14.71,9.45,
2022-04-19,756,고금리(2022~),-10.49,-17.1,-6.49,12.08,
2022-04-20,756,고금리(2022~),-11.07,-17.85,-8.82,11.27,
2022-04-21,756,고금리(2022~),-12.49,-18.87,-7.87,10.17,
2022-04-22,756,고금리(2022~),-14.29,-21.24,-11.71,7.45,
2022-04-25,756,고금리(2022~),-16.6,-23.43,-13.43,4.75,
2022-04-26,756,고금리(2022~),-16.34,-22.14,-10.8,6.28,
2022-04-27,756,고금리(2022~),-17.52,-23.85,-12.87,4.14,
2022-04-28,756,고금리(2022~),-18.73,-24.5,-16.89,3.33,
2022-04-29,756,고금리(2022~),-17.42,-23.29,-11.75,4.81,
2022-05-02,756,고금리(2022~),-18.93,-24.88,-14.43,2.77,
2022-05-03,756,고금리(2022~),-19.01,-25.07,-13.54,2.54,
2022-05-04,756,고금리(2022~),-20.92,-26.57,-18.64,0.56,
2022-05-06,756,고금리(2022~),-24.55,-30.25,-23.96,-4.7,
2022-05-09,756,고금리(2022~),-26.69,-32.05,-25.68,-7.53,
2022-05-10,756,고금리(2022~),-24.87,-30.69,-25.56,-5.33,
2022-05-11,756,고금리(2022~),-23.46,-29.05,-21.52,-2.98,
2022-05-12,756,고금리(2022~),-26.67,-32.0,-24.71,-7.69,
2022-05-13,756,고금리(2022~),-23.47,-29.54,-21.6,-4.09,
2022-05-16,756,고금리(2022~),-24.2,-30.2,-23.03,-5.07,
2022-05-17,756,고금리(2022~),-24.13,-29.81,-24.83,-4.51,
2022-05-18,756,고금리(2022~),-22.01,-27.63,-24.4,-1.36,
2022-05-19,756,고금리(2022~),-24.92,-30.81,-23.33,-5.97,
2022-05-20,756,고금리(2022~),-22.37,-28.27,-22.06,-2.32,
2022-05-23,756,고금리(2022~),-20.9,-26.67,-17.99,-0.07,
2022-05-24,756,고금리(2022~),-22.8,-28.37,-20.64,-2.55,
2022-05-25,756,고금리(2022~),-21.44,-27.21,-18.68,-0.94,
2022-05-26,756,고금리(2022~),-21.54,-27.38,-17.64,-1.16,
2022-05-27,756,고금리(2022~),-22.02,-27.75,-18.23,-1.68,
2022-05-30,756,고금리(2022~),-21.88,-27.89,-21.54,-1.88,
2022-05-31,756,고금리(2022~),-19.23,-25.05,-14.34,2.06,
2022-06-02,756,고금리(2022~),-20.41,-26.56,-16.89,0.04,
2022-06-03,756,고금리(2022~),-21.02,-26.77,-16.01,-0.25,
2022-06-07,756,고금리(2022~),-23.7,-29.4,-22.25,-4.06,
2022-06-08,756,고금리(2022~),-24.36,-30.09,-24.24,-5.08,
2022-06-09,756,고금리(2022~),-24.03,-30.34,-24.15,-5.45,
2022-06-10,756,고금리(2022~),-25.03,-30.81,-26.2,-6.18,
2022-06-13,756,고금리(2022~),-29.85,-35.35,-29.14,-13.71,
2022-06-14,756,고금리(2022~),-29.88,-35.58,-29.26,-14.11,
2022-06-15,756,고금리(2022~),-33.04,-38.09,-31.55,-18.75,
2022-06-16,756,고금리(2022~),-32.87,-37.93,-32.08,-18.45,
2022-06-17,756,고금리(2022~),-33.33,-38.5,-34.27,-19.57,
2022-06-20,756,고금리(2022~),-33.91,-39.31,-36.4,-21.23,
2022-06-21,756,고금리(2022~),-33.46,-38.81,-32.19,-20.26,
2022-06-22,756,고금리(2022~),-36.0,-41.02,-35.05,-24.94,
2022-06-23,756,고금리(2022~),-37.59,-42.64,-34.31,-28.64,
2022-06-24,756,고금리(2022~),-33.91,-39.1,-32.72,-21.61,
2022-06-27,756,고금리(2022~),-32.28,-37.43,-30.35,-18.43,
2022-06-28,756,고금리(2022~),-32.81,-38.13,-29.97,-19.79,
2022-06-29,756,고금리(2022~),-34.54,-40.09,-31.91,-23.79,
2022-06-30,756,고금리(2022~),-32.87,-38.54,-31.86,-20.44,
2022-07-01,756,고금리(2022~),-35.47,-40.71,-30.52,-24.85,
2022-07-04,756,고금리(2022~),-37.04,-42.15,-33.18,-27.89,
2022-07-05,756,고금리(2022~),-34.51,-40.04,-30.74,-23.6,
2022-07-06,756,고금리(2022~),-35.53,-41.03,-34.64,-25.71,
2022-07-07,756,고금리(2022~),-34.26,-39.69,-34.57,-23.01,
2022-07-08,756,고금리(2022~),-33.98,-39.43,-34.14,-22.5,
2022-07-11,756,고금리(2022~),-33.53,-38.89,-34.95,-21.4,
2022-07-12,756,고금리(2022~),-36.22,-41.52,-36.14,-26.88,
2022-07-13,756,고금리(2022~),-34.38,-39.7,-34.37,-23.16,
2022-07-14,756,고금리(2022~),-32.81,-38.91,-33.05,-21.52,
2022-07-15,756,고금리(2022~),-32.1,-37.63,-32.36,-18.98,
2022-07-18,756,고금리(2022~),-30.36,-35.89,-32.24,-15.78,
2022-07-19,756,고금리(2022~),-29.61,-35.29,-32.86,-14.71,
2022-07-20,756,고금리(2022~),-28.95,-34.63,-28.28,-13.57,
2022-07-21,756,고금리(2022~),-30.43,-36.25,-30.02,-16.38,
2022-07-22,756,고금리(2022~),-31.63,-37.17,-27.91,-18.11,
2022-07-25,756,고금리(2022~),-31.26,-37.02,-30.51,-17.82,
2022-07-26,756,고금리(2022~),-30.75,-36.44,-29.34,-16.74,
2022-07-27,756,고금리(2022~),-29.79,-35.54,-27.06,-15.11,
2022-07-28,756,고금리(2022~),-28.57,-34.22,-24.98,-12.8,
2022-07-29,756,고금리(2022~),-28.78,-34.62,-27.08,-13.48,
2022-08-01,756,고금리(2022~),-28.88,-34.45,-22.26,-13.2,
2022-08-02,756,고금리(2022~),-29.79,-35.68,-24.97,-15.35,
2022-08-03,756,고금리(2022~),-29.12,-35.15,-24.61,-14.42,
2022-08-04,756,고금리(2022~),-28.51,-34.49,-26.27,-13.31,
2022-08-05,756,고금리(2022~),-28.09,-33.65,-27.09,-11.91,
2022-08-08,756,고금리(2022~),-28.97,-34.69,-28.36,-13.68,
2022-08-09,756,고금리(2022~),-28.35,-34.3,-29.35,-13.0,
2022-08-10,756,고금리(2022~),-31.43,-37.22,-30.72,-18.26,
2022-08-11,756,고금리(2022~),-30.54,-36.26,-30.06,-16.51,
2022-08-12,756,고금리(2022~),-31.09,-36.44,-29.92,-16.85,
2022-08-16,756,고금리(2022~),-29.86,-35.6,-29.8,-15.31,
2022-08-17,756,고금리(2022~),-31.16,-37.0,-33.66,-17.87,
2022-08-18,756,고금리(2022~),-31.99,-37.78,-35.94,-19.33,
2022-08-19,756,고금리(2022~),-34.69,-40.25,-35.39,-24.27,
2022-08-22,756,고금리(2022~),-35.85,-41.52,-36.38,-27.07,
2022-08-23,756,고금리(2022~),-36.13,-41.14,-32.82,-26.22,
2022-08-24,756,고금리(2022~),-34.11,-39.43,-33.44,-22.68,
2022-08-25,756,고금리(2022~),-31.19,-37.03,-30.17,-18.04,
2022-08-26,756,고금리(2022~),-33.09,-38.75,-31.11,-21.36,
2022-08-29,756,고금리(2022~),-34.99,-40.38,-32.44,-24.82,
2022-08-30,756,고금리(2022~),-33.2,-38.78,-32.21,-21.65,
2022-08-31,756,고금리(2022~),-32.99,-38.62,-27.82,-21.35,
2022-09-01,756,고금리(2022~),-35.18,-40.09,-30.61,-24.41,
2022-09-02,756,고금리(2022~),-35.01,-39.98,-30.58,-24.16,
2022-09-05,756,고금리(2022~),-35.11,-40.38,-32.84,-25.05,
2022-09-06,756,고금리(2022~),-35.78,-40.97,-34.98,-26.26,
2022-09-07,756,고금리(2022~),-36.99,-42.03,-36.16,-28.6,
2022-09-08,756,고금리(2022~),-35.64,-41.24,-36.79,-26.93,
2022-09-13,756,고금리(2022~),-35.47,-40.89,-35.08,-26.2,
2022-09-14,756,고금리(2022~),-37.43,-42.7,-37.15,-30.32,
2022-09-15,756,고금리(2022~),-38.65,-43.67,-37.97,-32.56,
2022-09-16,756,고금리(2022~),-38.93,-43.8,-38.6,-32.88,
2022-09-19,756,고금리(2022~),-40.98,-45.79,-42.71,-37.77,
2022-09-20,756,고금리(2022~),-42.71,-47.51,-45.96,-42.07,
2022-09-21,756,고금리(2022~),-43.36,-48.08,-43.81,-43.65,
2022-09-22,756,고금리(2022~),-43.39,-48.1,-43.67,-43.73,
2022-09-23,756,고금리(2022~),-44.36,-48.89,-41.77,-46.01,
2022-09-26,756,고금리(2022~),-47.25,-51.45,-46.43,-53.94,
2022-09-27,756,고금리(2022~),-47.52,-51.53,-46.52,-54.22,
2022-09-28,756,고금리(2022~),-50.35,-54.7,-49.18,-65.15,
2022-09-29,756,고금리(2022~),-48.59,-52.44,-46.28,-57.11,
2022-09-30,756,고금리(2022~),-48.95,-53.15,-47.8,-59.5,
2022-10-04,756,고금리(2022~),-45.22,-49.83,-40.56,-49.03,
2022-10-05,756,고금리(2022~),-47.12,-51.47,-43.4,-54.16,
2022-10-06,756,고금리(2022~),-44.92,-49.82,-41.91,-49.24,
2022-10-07,756,고금리(2022~),-48.07,-52.57,-47.09,-57.71,
2022-10-11,756,고금리(2022~),-50.95,-55.02,-50.62,-66.46,
2022-10-12,756,고금리(2022~),-49.04,-53.14,-48.46,-59.69,
2022-10-13,756,고금리(2022~),-50.51,-54.67,-50.7,-65.18,
2022-10-14,756,고금리(2022~),-47.04,-51.12,-45.63,-53.41,
2022-10-17,756,고금리(2022~),-46.52,-50.88,-45.61,-52.63,
2022-10-18,756,고금리(2022~),-46.51,-50.89,-45.88,-52.67,
2022-10-19,756,고금리(2022~),-45.63,-50.16,-45.31,-50.28,
2022-10-20,756,고금리(2022~),-45.86,-50.33,-47.22,-50.84,
2022-10-21,756,고금리(2022~),-45.77,-50.38,-48.74,-50.98,
2022-10-24,756,고금리(2022~),-45.36,-49.86,-45.86,-49.51,
2022-10-25,756,고금리(2022~),-45.45,-50.24,-46.1,-50.67,
2022-10-26,756,고금리(2022~),-48.32,-52.49,-46.07,-57.48,
2022-10-27,756,고금리(2022~),-48.01,-52.43,-47.67,-57.29,
2022-10-28,756,고금리(2022~),-48.77,-52.9,-48.12,-58.88,
2022-10-31,756,고금리(2022~),-47.87,-52.23,-46.31,-56.7,
2022-11-01,756,고금리(2022~),-47.5,-51.9,-45.72,-55.6,
2022-11-02,756,고금리(2022~),-47.05,-51.21,-45.61,-53.35,
2022-11-03,756,고금리(2022~),-48.32,-52.64,-44.05,-57.99,
2022-11-04,756,고금리(2022~),-48.5,-52.77,-45.02,-58.43,
2022-11-07,756,고금리(2022~),-48.07,-52.33,-44.94,-57.0,
2022-11-08,756,고금리(2022~),-46.47,-50.63,-44.87,-51.67,
2022-11-09,756,고금리(2022~),-46.3,-50.62,-45.48,-51.62,
2022-11-10,756,고금리(2022~),-47.1,-51.53,-46.66,-54.55,
2022-11-11,756,고금리(2022~),-42.27,-47.29,-41.96,-42.49,
2022-11-14,756,고금리(2022~),-42.75,-47.32,-41.22,-42.59,
2022-11-15,756,고금리(2022~),-39.86,-44.31,-37.66,-35.02,
2022-11-16,756,고금리(2022~),-41.01,-46.04,-40.4,-39.29,
2022-11-17,756,고금리(2022~),-42.28,-47.08,-41.75,-42.02,
2022-11-18,756,고금리(2022~),-42.72,-47.31,-43.76,-42.66,
2022-11-21,756,고금리(2022~),-43.68,-48.27,-46.56,-45.39,
2022-11-22,756,고금리(2022~),-44.93,-49.67,-45.83,-49.44,
2022-11-23,756,고금리(2022~),-44.28,-48.75,-44.59,-46.86,
2022-11-24,756,고금리(2022~),-42.66,-47.05,-40.01,-42.17,
2022-11-25,756,고금리(2022~),-44.84,-49.08,-44.25,-47.76,
2022-11-28,756,고금리(2022~),-46.51,-50.99,-46.29,-53.57,
2022-11-29,756,고금리(2022~),-45.72,-50.09,-44.17,-50.86,
2022-11-30,756,고금리(2022~),-45.29,-49.5,-43.29,-49.08,
2022-12-01,756,고금리(2022~),-43.96,-48.43,-42.69,-46.03,
2022-12-02,756,고금리(2022~),-45.39,-49.78,-40.94,-50.05,
2022-12-05,756,고금리(2022~),-44.79,-49.15,-41.05,-48.21,
2022-12-06,756,고금리(2022~),-45.88,-50.28,-42.99,-51.64,
2022-12-07,756,고금리(2022~),-45.46,-49.88,-44.43,-50.42,
2022-12-08,756,고금리(2022~),-45.84,-50.54,-45.76,-52.41,
2022-12-09,756,고금리(2022~),-45.8,-50.94,-46.34,-53.65,
2022-12-12,756,고금리(2022~),-47.23,-51.95,-47.31,-56.88,
2022-12-13,756,고금리(2022~),-47.17,-51.52,-46.2,-55.5,
2022-12-14,756,고금리(2022~),-43.44,-48.57,-42.35,-46.31,
2022-12-15,756,고금리(2022~),-46.12,-50.89,-45.68,-53.08,
2022-12-16,756,고금리(2022~),-49.11,-53.85,-49.2,-62.59,
2022-12-19,756,고금리(2022~),-54.83,-58.85,-57.22,-80.12,
2022-12-20,756,고금리(2022~),-57.1,-60.99,-61.54,-89.91,
2022-12-21,756,고금리(2022~),-59.98,-63.32,-63.76,-100.0,
2022-12-22,756,고금리(2022~),-60.04,-63.63,-64.54,-100.0,
2022-12-23,756,고금리(2022~),-60.62,-64.21,-62.8,-100.0,
2022-12-26,756,고금리(2022~),-57.74,-61.48,-58.99,-91.11,
2022-12-27,756,고금리(2022~),-59.08,-62.38,-60.52,-95.42,
2022-12-28,756,고금리(2022~),-59.93,-63.26,-60.37,-100.0,
2022-12-29,756,고금리(2022~),-58.94,-62.59,-58.61,-96.43,
2023-01-02,756,고금리(2022~),-58.1,-61.61,-56.93,-91.2,
2023-01-03,756,고금리(2022~),-60.05,-63.34,-57.58,-99.67,
2023-01-04,756,고금리(2022~),-58.9,-62.46,-56.82,-94.97,
2023-01-05,756,고금리(2022~),-59.36,-62.73,-57.55,-96.36,
2023-01-06,756,고금리(2022~),-59.17,-62.62,-59.58,-95.8,
2023-01-09,756,고금리(2022~),-57.58,-61.2,-57.94,-88.68,
2023-01-10,756,고금리(2022~),-61.34,-64.65,-62.84,-100.0,
2023-01-11,756,고금리(2022~),-60.19,-63.4,-61.04,-99.11,
2023-01-12,756,고금리(2022~),-59.48,-62.9,-59.78,-96.42,
2023-01-13,756,고금리(2022~),-60.04,-63.46,-61.7,-99.39,
2023-01-16,756,고금리(2022~),-59.74,-63.27,-61.21,-98.41,
2023-01-17,756,고금리(2022~),-62.29,-65.21,-63.2,-100.0,
2023-01-18,756,고금리(2022~),-62.21,-65.44,-64.19,-100.0,
2023-01-19,756,고금리(2022~),-60.3,-63.66,-63.56,-99.79,
2023-01-20,756,고금리(2022~),-53.57,-57.94,-57.95,-68.71,
2023-01-25,756,고금리(2022~),-59.85,-62.62,-61.77,-86.74,
2023-01-26,756,고금리(2022~),-61.56,-64.46,-60.69,-95.68,
2023-01-27,756,고금리(2022~),-60.25,-63.3,-58.56,-89.22,
2023-01-30,756,고금리(2022~),-61.75,-64.28,-60.31,-94.36,
2023-01-31,756,고금리(2022~),-60.88,-63.43,-58.12,-89.76,
2023-02-01,756,고금리(2022~),-60.14,-62.59,-55.88,-85.58,
2023-02-02,756,고금리(2022~),-59.38,-61.99,-54.49,-82.74,
2023-02-03,756,고금리(2022~),-58.66,-61.21,-51.99,-79.0,
2023-02-06,756,고금리(2022~),-59.05,-61.7,-53.13,-81.34,
2023-02-07,756,고금리(2022~),-59.47,-62.01,-53.66,-82.74,
2023-02-08,756,고금리(2022~),-58.03,-60.76,-54.55,-76.81,
2023-02-09,756,고금리(2022~),-58.2,-60.93,-54.78,-77.56,
2023-02-10,756,고금리(2022~),-56.34,-59.13,-54.2,-69.2,
2023-02-13,756,고금리(2022~),-57.42,-60.1,-54.79,-73.21,
2023-02-14,756,고금리(2022~),-58.36,-60.98,-54.76,-76.94,
2023-02-15,756,고금리(2022~),-58.39,-60.77,-56.22,-75.94,
2023-02-16,756,고금리(2022~),-56.7,-59.54,-54.18,-70.88,
2023-02-17,756,고금리(2022~),-56.24,-59.09,-53.99,-68.88,
2023-02-20,756,고금리(2022~),-52.47,-55.52,-51.14,-55.05,
2023-02-21,756,고금리(2022~),-55.08,-57.76,-54.12,-62.77,
2023-02-22,756,고금리(2022~),-53.57,-56.68,-54.64,-58.37,
2023-02-23,756,고금리(2022~),-53.33,-56.22,-54.09,-56.72,
2023-02-24,756,고금리(2022~),-53.09,-55.92,-51.19,-55.6,
2023-02-27,756,고금리(2022~),-52.73,-55.57,-49.41,-54.39,
2023-02-28,756,고금리(2022~),-54.65,-57.25,-51.34,-59.97,
2023-03-02,756,고금리(2022~),-54.54,-57.36,-50.25,-60.41,
2023-03-03,756,고금리(2022~),-53.37,-56.49,-47.56,-57.36,
2023-03-06,756,고금리(2022~),-52.23,-55.25,-45.25,-53.09,
2023-03-07,756,고금리(2022~),-52.78,-55.9,-44.19,-55.33,
2023-03-08,756,고금리(2022~),-54.55,-57.44,-46.42,-60.75,
2023-03-09,756,고금리(2022~),-55.43,-58.2,-47.99,-63.66,
2023-03-10,756,고금리(2022~),-56.58,-59.22,-52.05,-67.89,
2023-03-13,756,고금리(2022~),-56.29,-59.07,-51.95,-67.3,
2023-03-14,756,고금리(2022~),-58.35,-61.01,-56.04,-75.89,
2023-03-15,756,고금리(2022~),-56.8,-59.3,-53.52,-68.75,
2023-03-16,756,고금리(2022~),-56.67,-59.32,-52.58,-68.82,
2023-03-17,756,고금리(2022~),-57.16,-59.8,-54.74,-70.75,
2023-03-20,756,고금리(2022~),-57.83,-60.7,-55.21,-74.59,
2023-03-21,756,고금리(2022~),-57.35,-59.78,-54.49,-70.57,
2023-03-22,756,고금리(2022~),-56.74,-59.2,-55.56,-68.17,
2023-03-23,756,고금리(2022~),-55.52,-58.26,-54.56,-64.28,
2023-03-24,756,고금리(2022~),-55.74,-58.4,-56.78,-64.82,
2023-03-27,756,고금리(2022~),-55.63,-58.13,-56.45,-63.75,
2023-03-28,756,고금리(2022~),-55.18,-57.83,-53.75,-62.56,
2023-03-29,756,고금리(2022~),-54.54,-57.17,-51.67,-60.12,
2023-03-30,756,고금리(2022~),-53.79,-56.47,-50.48,-57.57,
2023-03-31,756,고금리(2022~),-52.35,-55.1,-47.25,-52.66,
2023-04-03,756,고금리(2022~),-52.18,-54.8,-45.31,-51.64,
2023-04-04,756,고금리(2022~),-52.94,-55.95,-46.21,-55.5,
2023-04-05,756,고금리(2022~),-49.27,-52.34,-39.09,-43.49,
2023-04-06,756,고금리(2022~),-48.62,-51.39,-38.5,-40.59,
2023-04-07,756,고금리(2022~),-45.97,-49.08,-36.01,-34.27,
2023-04-10,756,고금리(2022~),-42.8,-45.87,-34.55,-26.31,
2023-04-11,756,고금리(2022~),-45.08,-48.12,-36.72,-31.42,
2023-04-12,756,고금리(2022~),-49.75,-52.92,-43.79,-44.17,
2023-04-13,756,고금리(2022~),-50.27,-53.48,-44.63,-45.87,
2023-04-14,756,고금리(2022~),-48.32,-51.41,-40.38,-39.57,
2023-04-17,756,고금리(2022~),-47.35,-50.13,-41.61,-35.89,
2023-04-18,756,고금리(2022~),-46.46,-49.28,-40.08,-33.58,
2023-04-19,756,고금리(2022~),-45.72,-48.74,-40.28,-32.15,
2023-04-20,756,고금리(2022~),-46.16,-49.19,-44.18,-33.39,
2023-04-21,756,고금리(2022~),-49.27,-52.24,-47.15,-41.76,
2023-04-24,756,고금리(2022~),-47.26,-50.37,-48.41,-35.99,
2023-04-25,756,고금리(2022~),-42.52,-45.84,-45.0,-23.13,
2023-04-26,756,고금리(2022~),-46.36,-49.77,-44.48,-32.02,
2023-04-27,756,고금리(2022~),-43.9,-46.58,-39.6,-24.29,
2023-04-28,756,고금리(2022~),-47.87,-50.41,-42.33,-33.33,
2023-05-02,756,고금리(2022~),-48.15,-50.62,-40.1,-33.89,
2023-05-03,756,고금리(2022~),-50.18,-52.4,-40.66,-39.0,
2023-05-04,756,고금리(2022~),-48.43,-50.8,-38.64,-34.4,
2023-05-08,756,고금리(2022~),-49.88,-52.53,-37.34,-39.21,
2023-05-09,756,고금리(2022~),-49.17,-51.44,-36.56,-35.95,
2023-05-10,756,고금리(2022~),-47.89,-50.03,-35.02,-31.94,
2023-05-11,756,고금리(2022~),-50.06,-52.66,-39.94,-39.14,
2023-05-12,756,고금리(2022~),-45.61,-48.07,-34.55,-25.78,
2023-05-15,756,고금리(2022~),-47.3,-49.96,-39.37,-30.42,
2023-05-16,756,고금리(2022~),-45.59,-47.89,-38.02,-25.11,
2023-05-17,756,고금리(2022~),-41.41,-44.59,-32.32,-17.62,
2023-05-18,756,고금리(2022~),-47.27,-49.96,-39.2,-29.22,
2023-05-19,756,고금리(2022~),-46.29,-48.66,-37.14,-25.92,
2023-05-22,756,고금리(2022~),-45.74,-48.48,-37.59,-25.49,
2023-05-23,756,고금리(2022~),-41.26,-43.63,-36.23,-14.07,
2023-05-24,756,고금리(2022~),-40.76,-43.53,-36.69,-13.86,
2023-05-25,756,고금리(2022~),-39.61,-42.39,-38.92,-11.51,
2023-05-26,756,고금리(2022~),-38.99,-41.57,-38.78,-9.91,
2023-05-30,756,고금리(2022~),-33.99,-36.85,-30.53,-1.31,
2023-05-31,756,고금리(2022~),-34.2,-37.83,-29.06,-2.85,
2023-06-01,756,고금리(2022~),-36.61,-40.28,-30.33,-6.83,
2023-06-02,756,고금리(2022~),-33.67,-36.85,-25.04,-0.75,
2023-06-05,756,고금리(2022~),-32.08,-35.37,-21.98,1.62,
2023-06-07,756,고금리(2022~),-35.83,-38.88,-22.99,-3.5,
2023-06-08,756,고금리(2022~),-32.87,-35.81,-16.87,1.8,
2023-06-09,756,고금리(2022~),-26.89,-29.52,-10.45,10.98,
2023-06-12,756,고금리(2022~),-26.83,-29.74,-9.27,10.71,
2023-06-13,756,고금리(2022~),-24.21,-27.46,-9.57,13.5,
2023-06-14,756,고금리(2022~),-32.54,-35.74,-16.9,2.7,
2023-06-15,756,고금리(2022~),-27.78,-30.88,-16.41,9.97,
2023-06-16,756,고금리(2022~),-29.1,-31.98,-17.04,8.6,
2023-06-19,756,고금리(2022~),-22.75,-26.12,-9.14,16.48,
2023-06-20,756,고금리(2022~),-19.08,-22.24,-11.56,20.99,
2023-06-21,756,고금리(2022~),-16.5,-19.96,-9.98,23.38,
2023-06-22,756,고금리(2022~),-27.64,-28.2,-15.37,15.62,
2023-06-23,756,고금리(2022~),-30.58,-33.58,-22.75,9.2,
2023-06-26,756,고금리(2022~),-35.01,-37.49,-26.05,3.93,
2023-06-27,756,고금리(2022~),-36.74,-38.96,-31.12,1.65,
2023-06-28,756,고금리(2022~),-37.88,-39.93,-32.97,0.02,
2023-06-29,756,고금리(2022~),-38.16,-40.45,-30.21,-0.85,
2023-06-30,756,고금리(2022~),-42.39,-44.42,-32.27,-7.35,
2023-07-03,756,고금리(2022~),-40.28,-42.21,-27.86,-3.37,
2023-07-04,756,고금리(2022~),-40.13,-42.41,-27.4,-3.72,
2023-07-05,756,고금리(2022~),-39.92,-42.85,-27.26,-4.5,
2023-07-06,756,고금리(2022~),-41.57,-43.22,-24.27,-5.2,
2023-07-07,756,고금리(2022~),-38.91,-41.44,-20.01,-1.86,
2023-07-10,756,고금리(2022~),-39.8,-42.19,-23.97,-3.19,
2023-07-11,756,고금리(2022~),-39.74,-42.34,-23.56,-3.45,
2023-07-12,756,고금리(2022~),-36.42,-39.15,-20.82,2.28,
2023-07-13,756,고금리(2022~),-37.11,-39.68,-18.06,1.44,
2023-07-14,756,고금리(2022~),-37.5,-39.9,-25.37,1.09,
2023-07-17,756,고금리(2022~),-36.76,-39.19,-22.99,2.26,
2023-07-18,756,고금리(2022~),-36.14,-38.31,-25.04,3.56,
2023-07-19,756,고금리(2022~),-34.27,-36.49,-31.7,6.28,
2023-07-20,756,고금리(2022~),-33.33,-35.57,-33.64,7.63,
2023-07-21,756,고금리(2022~),-30.3,-33.16,-21.32,11.01,
2023-07-24,756,고금리(2022~),-28.51,-31.13,-17.68,13.68,
2023-07-25,756,고금리(2022~),,,,,구간 끝이 데이터 범위를 넘음
2023-07-26,756,고금리(2022~),,,,,구간 끝이 데이터 범위를 넘음
2023-07-27,756,고금리(2022~),,,,,구간 끝이 데이터 범위를 넘음
2023-07-28,756,고금리(2022~),,,,,구간 끝이 데이터 범위를 넘음
2023-07-31,756,고금리(2022~),,,,,구간 끝이 데이터 범위를 넘음
2023-08-01,756,고금리(2022~),,,,,구간 끝이 데이터 범위를 넘음
2023-08-02,756,고금리(2022~),,,,,구간 끝이 데이터 범위를 넘음
2023-08-03,756,고금리(2022~),,,,,구간 끝이 데이터 범위를 넘음
2023-08-04,756,고금리(2022~),,,,,구간 끝이 데이터 범위를 넘음
2023-08-07,756,고금리(2022~),,,,,구간 끝이 데이터 범위를 넘음
2023-08-08,756,고금리(2022~),,,,,구간 끝이 데이터 범위를 넘음
2023-08-09,756,고금리(2022~),,,,,구간 끝이 데이터 범위를 넘음
2023-08-10,756,고금리(2022~),,,,,구간 끝이 데이터 범위를 넘음
2023-08-11,756,고금리(2022~),,,,,구간 끝이 데이터 범위를 넘음
2023-08-14,756,고금리(2022~),,,,,구간 끝이 데이터 범위를 넘음
2023-08-16,756,고금리(2022~),,,,,구간 끝이 데이터 범위를 넘음
2023-08-17,756,고금리(2022~),,,,,구간 끝이 데이터 범위를 넘음
2023-08-18,756,고금리(2022~),,,,,구간 끝이 데이터 범위를 넘음
2023-08-21,756,고금리(2022~),,,,,구간 끝이 데이터 범위를 넘음
2023-08-22,756,고금리(2022~),,,,,구간 끝이 데이터 범위를 넘음
2023-08-23,756,고금리(2022~),,,,,구간 끝이 데이터 범위를 넘음
2023-08-24,756,고금리(2022~),,,,,구간 끝이 데이터 범위를 넘음
2023-08-25,756,고금리(2022~),,,,,구간 끝이 데이터 범위를 넘음
2023-08-28,756,고금리(2022~),,,,,구간 끝이 데이터 범위를 넘음
2023-08-29,756,고금리(2022~),,,,,구간 끝이 데이터 범위를 넘음
2023-08-30,756,고금리(2022~),,,,,구간 끝이 데이터 범위를 넘음
2023-08-31,756,고금리(2022~),,,,,구간 끝이 데이터 범위를 넘음
2023-09-01,756,고금리(2022~),,,,,구간 끝이 데이터 범위를 넘음
2023-09-04,756,고금리(2022~),,,,,구간 끝이 데이터 범위를 넘음
2023-09-05,756,고금리(2022~),,,,,구간 끝이 데이터 범위를 넘음
2023-09-06,756,고금리(2022~),,,,,구간 끝이 데이터 범위를 넘음
2023-09-07,756,고금리(2022~),,,,,구간 끝이 데이터 범위를 넘음
2023-09-08,756,고금리(2022~),,,,,구간 끝이 데이터 범위를 넘음
2023-09-11,756,고금리(2022~),,,,,구간 끝이 데이터 범위를 넘음
2023-09-12,756,고금리(2022~),,,,,구간 끝이 데이터 범위를 넘음
2023-09-13,756,고금리(2022~),,,,,구간 끝이 데이터 범위를 넘음
2023-09-14,756,고금리(2022~),,,,,구간 끝이 데이터 범위를 넘음
2023-09-15,756,고금리(2022~),,,,,구간 끝이 데이터 범위를 넘음
2023-09-18,756,고금리(2022~),,,,,구간 끝이 데이터 범위를 넘음
2023-09-19,756,고금리(2022~),,,,,구간 끝이 데이터 범위를 넘음
2023-09-20,756,고금리(2022~),,,,,구간 끝이 데이터 범위를 넘음
2023-09-21,756,고금리(2022~),,,,,구간 끝이 데이터 범위를 넘음
2023-09-22,756,고금리(2022~),,,,,구간 끝이 데이터 범위를 넘음
2023-09-25,756,고금리(2022~),,,,,구간 끝이 데이터 범위를 넘음
2023-09-26,756,고금리(2022~),,,,,구간 끝이 데이터 범위를 넘음
2023-09-27,756,고금리(2022~),,,,,구간 끝이 데이터 범위를 넘음
2023-10-04,756,고금리(2022~),,,,,구간 끝이 데이터 범위를 넘음
2023-10-05,756,고금리(2022~),,,,,구간 끝이 데이터 범위를 넘음
2023-10-06,756,고금리(2022~),,,,,구간 끝이 데이터 범위를 넘음
2023-10-10,756,고금리(2022~),,,,,구간 끝이 데이터 범위를 넘음
2023-10-11,756,고금리(2022~),,,,,구간 끝이 데이터 범위를 넘음
2023-10-12,756,고금리(2022~),,,,,구간 끝이 데이터 범위를 넘음
2023-10-13,756,고금리(2022~),,,,,구간 끝이 데이터 범위를 넘음
2023-10-16,756,고금리(2022~),,,,,구간 끝이 데이터 범위를 넘음
2023-10-17,756,고금리(2022~),,,,,구간 끝이 데이터 범위를 넘음
2023-10-18,756,고금리(2022~),,,,,구간 끝이 데이터 범위를 넘음
2023-10-19,756,고금리(2022~),,,,,구간 끝이 데이터 범위를 넘음
2023-10-20,756,고금리(2022~),,,,,구간 끝이 데이터 범위를 넘음
2023-10-23,756,고금리(2022~),,,,,구간 끝이 데이터 범위를 넘음
2023-10-24,756,고금리(2022~),,,,,구간 끝이 데이터 범위를 넘음
2023-10-25,756,고금리(2022~),,,,,구간 끝이 데이터 범위를 넘음
2023-10-26,756,고금리(2022~),,,,,구간 끝이 데이터 범위를 넘음
2023-10-27,756,고금리(2022~),,,,,구간 끝이 데이터 범위를 넘음
2023-10-30,756,고금리(2022~),,,,,구간 끝이 데이터 범위를 넘음
2023-10-31,756,고금리(2022~),,,,,구간 끝이 데이터 범위를 넘음
2023-11-01,756,고금리(2022~),,,,,구간 끝이 데이터 범위를 넘음
2023-11-02,756,고금리(2022~),,,,,구간 끝이 데이터 범위를 넘음
2023-11-03,756,고금리(2022~),,,,,구간 끝이 데이터 범위를 넘음
2023-11-06,756,고금리(2022~),,,,,구간 끝이 데이터 범위를 넘음
2023-11-07,756,고금리(2022~),,,,,구간 끝이 데이터 범위를 넘음
2023-11-08,756,고금리(2022~),,,,,구간 끝이 데이터 범위를 넘음
2023-11-09,756,고금리(2022~),,,,,구간 끝이 데이터 범위를 넘음
2023-11-10,756,고금리(2022~),,,,,구간 끝이 데이터 범위를 넘음
2023-11-13,756,고금리(2022~),,,,,구간 끝이 데이터 범위를 넘음
2023-11-14,756,고금리(2022~),,,,,구간 끝이 데이터 범위를 넘음
2023-11-15,756,고금리(2022~),,,,,구간 끝이 데이터 범위를 넘음
2023-11-16,756,고금리(2022~),,,,,구간 끝이 데이터 범위를 넘음
2023-11-17,756,고금리(2022~),,,,,구간 끝이 데이터 범위를 넘음
2023-11-20,756,고금리(2022~),,,,,구간 끝이 데이터 범위를 넘음
2023-11-21,756,고금리(2022~),,,,,구간 끝이 데이터 범위를 넘음
2023-11-22,756,고금리(2022~),,,,,구간 끝이 데이터 범위를 넘음
2023-11-23,756,고금리(2022~),,,,,구간 끝이 데이터 범위를 넘음
2023-11-24,756,고금리(2022~),,,,,구간 끝이 데이터 범위를 넘음
2023-11-27,756,고금리(2022~),,,,,구간 끝이 데이터 범위를 넘음
2023-11-28,756,고금리(2022~),,,,,구간 끝이 데이터 범위를 넘음
2023-11-29,756,고금리(2022~),,,,,구간 끝이 데이터 범위를 넘음
2023-11-30,756,고금리(2022~),,,,,구간 끝이 데이터 범위를 넘음
2023-12-01,756,고금리(2022~),,,,,구간 끝이 데이터 범위를 넘음
2023-12-04,756,고금리(2022~),,,,,구간 끝이 데이터 범위를 넘음
2023-12-05,756,고금리(2022~),,,,,구간 끝이 데이터 범위를 넘음
2023-12-06,756,고금리(2022~),,,,,구간 끝이 데이터 범위를 넘음
2023-12-07,756,고금리(2022~),,,,,구간 끝이 데이터 범위를 넘음
2023-12-08,756,고금리(2022~),,,,,구간 끝이 데이터 범위를 넘음
2023-12-11,756,고금리(2022~),,,,,구간 끝이 데이터 범위를 넘음
2023-12-12,756,고금리(2022~),,,,,구간 끝이 데이터 범위를 넘음
2023-12-13,756,고금리(2022~),,,,,구간 끝이 데이터 범위를 넘음
2023-12-14,756,고금리(2022~),,,,,구간 끝이 데이터 범위를 넘음
2023-12-15,756,고금리(2022~),,,,,구간 끝이 데이터 범위를 넘음
2023-12-18,756,고금리(2022~),,,,,구간 끝이 데이터 범위를 넘음
2023-12-19,756,고금리(2022~),,,,,구간 끝이 데이터 범위를 넘음
2023-12-20,756,고금리(2022~),,,,,구간 끝이 데이터 범위를 넘음
2023-12-21,756,고금리(2022~),,,,,구간 끝이 데이터 범위를 넘음
2023-12-22,756,고금리(2022~),,,,,구간 끝이 데이터 범위를 넘음
2023-12-26,756,고금리(2022~),,,,,구간 끝이 데이터 범위를 넘음
2023-12-27,756,고금리(2022~),,,,,구간 끝이 데이터 범위를 넘음
2023-12-28,756,고금리(2022~),,,,,구간 끝이 데이터 범위를 넘음
2024-01-02,756,고금리(2022~),,,,,구간 끝이 데이터 범위를 넘음
2024-01-03,756,고금리(2022~),,,,,구간 끝이 데이터 범위를 넘음
2024-01-04,756,고금리(2022~),,,,,구간 끝이 데이터 범위를 넘음
2024-01-05,756,고금리(2022~),,,,,구간 끝이 데이터 범위를 넘음
2024-01-08,756,고금리(2022~),,,,,구간 끝이 데이터 범위를 넘음
2024-01-09,756,고금리(2022~),,,,,구간 끝이 데이터 범위를 넘음
2024-01-10,756,고금리(2022~),,,,,구간 끝이 데이터 범위를 넘음
2024-01-11,756,고금리(2022~),,,,,구간 끝이 데이터 범위를 넘음
2024-01-12,756,고금리(2022~),,,,,구간 끝이 데이터 범위를 넘음
2024-01-15,756,고금리(2022~),,,,,구간 끝이 데이터 범위를 넘음
2024-01-16,756,고금리(2022~),,,,,구간 끝이 데이터 범위를 넘음
2024-01-17,756,고금리(2022~),,,,,구간 끝이 데이터 범위를 넘음
2024-01-18,756,고금리(2022~),,,,,구간 끝이 데이터 범위를 넘음
2024-01-19,756,고금리(2022~),,,,,구간 끝이 데이터 범위를 넘음
2024-01-22,756,고금리(2022~),,,,,구간 끝이 데이터 범위를 넘음
2024-01-23,756,고금리(2022~),,,,,구간 끝이 데이터 범위를 넘음
2024-01-24,756,고금리(2022~),,,,,구간 끝이 데이터 범위를 넘음
2024-01-25,756,고금리(2022~),,,,,구간 끝이 데이터 범위를 넘음
2024-01-26,756,고금리(2022~),,,,,구간 끝이 데이터 범위를 넘음
2024-01-29,756,고금리(2022~),,,,,구간 끝이 데이터 범위를 넘음
2024-01-30,756,고금리(2022~),,,,,구간 끝이 데이터 범위를 넘음
2024-01-31,756,고금리(2022~),,,,,구간 끝이 데이터 범위를 넘음
2024-02-01,756,고금리(2022~),,,,,구간 끝이 데이터 범위를 넘음
2024-02-02,756,고금리(2022~),,,,,구간 끝이 데이터 범위를 넘음
2024-02-05,756,고금리(2022~),,,,,구간 끝이 데이터 범위를 넘음
2024-02-06,756,고금리(2022~),,,,,구간 끝이 데이터 범위를 넘음
2024-02-07,756,고금리(2022~),,,,,구간 끝이 데이터 범위를 넘음
2024-02-08,756,고금리(2022~),,,,,구간 끝이 데이터 범위를 넘음
2024-02-13,756,고금리(2022~),,,,,구간 끝이 데이터 범위를 넘음
2024-02-14,756,고금리(2022~),,,,,구간 끝이 데이터 범위를 넘음
2024-02-15,756,고금리(2022~),,,,,구간 끝이 데이터 범위를 넘음
2024-02-16,756,고금리(2022~),,,,,구간 끝이 데이터 범위를 넘음
2024-02-19,756,고금리(2022~),,,,,구간 끝이 데이터 범위를 넘음
2024-02-20,756,고금리(2022~),,,,,구간 끝이 데이터 범위를 넘음
2024-02-21,756,고금리(2022~),,,,,구간 끝이 데이터 범위를 넘음
2024-02-22,756,고금리(2022~),,,,,구간 끝이 데이터 범위를 넘음
2024-02-23,756,고금리(2022~),,,,,구간 끝이 데이터 범위를 넘음
2024-02-26,756,고금리(2022~),,,,,구간 끝이 데이터 범위를 넘음
2024-02-27,756,고금리(2022~),,,,,구간 끝이 데이터 범위를 넘음
2024-02-28,756,고금리(2022~),,,,,구간 끝이 데이터 범위를 넘음
2024-02-29,756,고금리(2022~),,,,,구간 끝이 데이터 범위를 넘음
2024-03-04,756,고금리(2022~),,,,,구간 끝이 데이터 범위를 넘음
2024-03-05,756,고금리(2022~),,,,,구간 끝이 데이터 범위를 넘음
2024-03-06,756,고금리(2022~),,,,,구간 끝이 데이터 범위를 넘음
2024-03-07,756,고금리(2022~),,,,,구간 끝이 데이터 범위를 넘음
2024-03-08,756,고금리(2022~),,,,,구간 끝이 데이터 범위를 넘음
2024-03-11,756,고금리(2022~),,,,,구간 끝이 데이터 범위를 넘음
2024-03-12,756,고금리(2022~),,,,,구간 끝이 데이터 범위를 넘음
2024-03-13,756,고금리(2022~),,,,,구간 끝이 데이터 범위를 넘음
2024-03-14,756,고금리(2022~),,,,,구간 끝이 데이터 범위를 넘음
2024-03-15,756,고금리(2022~),,,,,구간 끝이 데이터 범위를 넘음
2024-03-18,756,고금리(2022~),,,,,구간 끝이 데이터 범위를 넘음
2024-03-19,756,고금리(2022~),,,,,구간 끝이 데이터 범위를 넘음
2024-03-20,756,고금리(2022~),,,,,구간 끝이 데이터 범위를 넘음
2024-03-21,756,고금리(2022~),,,,,구간 끝이 데이터 범위를 넘음
2024-03-22,756,고금리(2022~),,,,,구간 끝이 데이터 범위를 넘음
2024-03-25,756,고금리(2022~),,,,,구간 끝이 데이터 범위를 넘음
2024-03-26,756,고금리(2022~),,,,,구간 끝이 데이터 범위를 넘음
2024-03-27,756,고금리(2022~),,,,,구간 끝이 데이터 범위를 넘음
2024-03-28,756,고금리(2022~),,,,,구간 끝이 데이터 범위를 넘음
2024-03-29,756,고금리(2022~),,,,,구간 끝이 데이터 범위를 넘음
2024-04-01,756,고금리(2022~),,,,,구간 끝이 데이터 범위를 넘음
2024-04-02,756,고금리(2022~),,,,,구간 끝이 데이터 범위를 넘음
2024-04-03,756,고금리(2022~),,,,,구간 끝이 데이터 범위를 넘음
2024-04-04,756,고금리(2022~),,,,,구간 끝이 데이터 범위를 넘음
2024-04-05,756,고금리(2022~),,,,,구간 끝이 데이터 범위를 넘음
2024-04-08,756,고금리(2022~),,,,,구간 끝이 데이터 범위를 넘음
2024-04-09,756,고금리(2022~),,,,,구간 끝이 데이터 범위를 넘음
2024-04-11,756,고금리(2022~),,,,,구간 끝이 데이터 범위를 넘음
2024-04-12,756,고금리(2022~),,,,,구간 끝이 데이터 범위를 넘음
2024-04-15,756,고금리(2022~),,,,,구간 끝이 데이터 범위를 넘음
2024-04-16,756,고금리(2022~),,,,,구간 끝이 데이터 범위를 넘음
2024-04-17,756,고금리(2022~),,,,,구간 끝이 데이터 범위를 넘음
2024-04-18,756,고금리(2022~),,,,,구간 끝이 데이터 범위를 넘음
2024-04-19,756,고금리(2022~),,,,,구간 끝이 데이터 범위를 넘음
2024-04-22,756,고금리(2022~),,,,,구간 끝이 데이터 범위를 넘음
2024-04-23,756,고금리(2022~),,,,,구간 끝이 데이터 범위를 넘음
2024-04-24,756,고금리(2022~),,,,,구간 끝이 데이터 범위를 넘음
2024-04-25,756,고금리(2022~),,,,,구간 끝이 데이터 범위를 넘음
2024-04-26,756,고금리(2022~),,,,,구간 끝이 데이터 범위를 넘음
2024-04-29,756,고금리(2022~),,,,,구간 끝이 데이터 범위를 넘음
2024-04-30,756,고금리(2022~),,,,,구간 끝이 데이터 범위를 넘음
2024-05-02,756,고금리(2022~),,,,,구간 끝이 데이터 범위를 넘음
2024-05-03,756,고금리(2022~),,,,,구간 끝이 데이터 범위를 넘음
2024-05-07,756,고금리(2022~),,,,,구간 끝이 데이터 범위를 넘음
2024-05-08,756,고금리(2022~),,,,,구간 끝이 데이터 범위를 넘음
2024-05-09,756,고금리(2022~),,,,,구간 끝이 데이터 범위를 넘음
2024-05-10,756,고금리(2022~),,,,,구간 끝이 데이터 범위를 넘음
2024-05-13,756,고금리(2022~),,,,,구간 끝이 데이터 범위를 넘음
2024-05-14,756,고금리(2022~),,,,,구간 끝이 데이터 범위를 넘음
2024-05-16,756,고금리(2022~),,,,,구간 끝이 데이터 범위를 넘음
2024-05-17,756,고금리(2022~),,,,,구간 끝이 데이터 범위를 넘음
2024-05-20,756,고금리(2022~),,,,,구간 끝이 데이터 범위를 넘음
2024-05-21,756,고금리(2022~),,,,,구간 끝이 데이터 범위를 넘음
2024-05-22,756,고금리(2022~),,,,,구간 끝이 데이터 범위를 넘음
2024-05-23,756,고금리(2022~),,,,,구간 끝이 데이터 범위를 넘음
2024-05-24,756,고금리(2022~),,,,,구간 끝이 데이터 범위를 넘음
2024-05-27,756,고금리(2022~),,,,,구간 끝이 데이터 범위를 넘음
2024-05-28,756,고금리(2022~),,,,,구간 끝이 데이터 범위를 넘음
2024-05-29,756,고금리(2022~),,,,,구간 끝이 데이터 범위를 넘음
2024-05-30,756,고금리(2022~),,,,,구간 끝이 데이터 범위를 넘음
2024-05-31,756,고금리(2022~),,,,,구간 끝이 데이터 범위를 넘음
2024-06-03,756,고금리(2022~),,,,,구간 끝이 데이터 범위를 넘음
2024-06-04,756,고금리(2022~),,,,,구간 끝이 데이터 범위를 넘음
2024-06-05,756,고금리(2022~),,,,,구간 끝이 데이터 범위를 넘음
2024-06-07,756,고금리(2022~),,,,,구간 끝이 데이터 범위를 넘음
2024-06-10,756,고금리(2022~),,,,,구간 끝이 데이터 범위를 넘음
2024-06-11,756,고금리(2022~),,,,,구간 끝이 데이터 범위를 넘음
2024-06-12,756,고금리(2022~),,,,,구간 끝이 데이터 범위를 넘음
2024-06-13,756,고금리(2022~),,,,,구간 끝이 데이터 범위를 넘음
2024-06-14,756,고금리(2022~),,,,,구간 끝이 데이터 범위를 넘음
2024-06-17,756,고금리(2022~),,,,,구간 끝이 데이터 범위를 넘음
2024-06-18,756,고금리(2022~),,,,,구간 끝이 데이터 범위를 넘음
2024-06-19,756,고금리(2022~),,,,,구간 끝이 데이터 범위를 넘음
2024-06-20,756,고금리(2022~),,,,,구간 끝이 데이터 범위를 넘음
2024-06-21,756,고금리(2022~),,,,,구간 끝이 데이터 범위를 넘음
2024-06-24,756,고금리(2022~),,,,,구간 끝이 데이터 범위를 넘음
2024-06-25,756,고금리(2022~),,,,,구간 끝이 데이터 범위를 넘음
2024-06-26,756,고금리(2022~),,,,,구간 끝이 데이터 범위를 넘음
2024-06-27,756,고금리(2022~),,,,,구간 끝이 데이터 범위를 넘음
2024-06-28,756,고금리(2022~),,,,,구간 끝이 데이터 범위를 넘음
2024-07-01,756,고금리(2022~),,,,,구간 끝이 데이터 범위를 넘음
2024-07-02,756,고금리(2022~),,,,,구간 끝이 데이터 범위를 넘음
2024-07-03,756,고금리(2022~),,,,,구간 끝이 데이터 범위를 넘음
2024-07-04,756,고금리(2022~),,,,,구간 끝이 데이터 범위를 넘음
2024-07-05,756,고금리(2022~),,,,,구간 끝이 데이터 범위를 넘음
2024-07-08,756,고금리(2022~),,,,,구간 끝이 데이터 범위를 넘음
2024-07-09,756,고금리(2022~),,,,,구간 끝이 데이터 범위를 넘음
2024-07-10,756,고금리(2022~),,,,,구간 끝이 데이터 범위를 넘음
2024-07-11,756,고금리(2022~),,,,,구간 끝이 데이터 범위를 넘음
2024-07-12,756,고금리(2022~),,,,,구간 끝이 데이터 범위를 넘음
2024-07-15,756,고금리(2022~),,,,,구간 끝이 데이터 범위를 넘음
2024-07-16,756,고금리(2022~),,,,,구간 끝이 데이터 범위를 넘음
2024-07-17,756,고금리(2022~),,,,,구간 끝이 데이터 범위를 넘음
2024-07-18,756,고금리(2022~),,,,,구간 끝이 데이터 범위를 넘음
2024-07-19,756,고금리(2022~),,,,,구간 끝이 데이터 범위를 넘음
2024-07-22,756,고금리(2022~),,,,,구간 끝이 데이터 범위를 넘음
2024-07-23,756,고금리(2022~),,,,,구간 끝이 데이터 범위를 넘음
2024-07-24,756,고금리(2022~),,,,,구간 끝이 데이터 범위를 넘음
2024-07-25,756,고금리(2022~),,,,,구간 끝이 데이터 범위를 넘음
2024-07-26,756,고금리(2022~),,,,,구간 끝이 데이터 범위를 넘음
2024-07-29,756,고금리(2022~),,,,,구간 끝이 데이터 범위를 넘음
2024-07-30,756,고금리(2022~),,,,,구간 끝이 데이터 범위를 넘음
2024-07-31,756,고금리(2022~),,,,,구간 끝이 데이터 범위를 넘음
2024-08-01,756,고금리(2022~),,,,,구간 끝이 데이터 범위를 넘음
2024-08-02,756,고금리(2022~),,,,,구간 끝이 데이터 범위를 넘음
2024-08-05,756,고금리(2022~),,,,,구간 끝이 데이터 범위를 넘음
2024-08-06,756,고금리(2022~),,,,,구간 끝이 데이터 범위를 넘음
2024-08-07,756,고금리(2022~),,,,,구간 끝이 데이터 범위를 넘음
2024-08-08,756,고금리(2022~),,,,,구간 끝이 데이터 범위를 넘음
2024-08-09,756,고금리(2022~),,,,,구간 끝이 데이터 범위를 넘음
2024-08-12,756,고금리(2022~),,,,,구간 끝이 데이터 범위를 넘음
2024-08-13,756,고금리(2022~),,,,,구간 끝이 데이터 범위를 넘음
2024-08-14,756,고금리(2022~),,,,,구간 끝이 데이터 범위를 넘음
2024-08-16,756,고금리(2022~),,,,,구간 끝이 데이터 범위를 넘음
2024-08-19,756,고금리(2022~),,,,,구간 끝이 데이터 범위를 넘음
2024-08-20,756,고금리(2022~),,,,,구간 끝이 데이터 범위를 넘음
2024-08-21,756,고금리(2022~),,,,,구간 끝이 데이터 범위를 넘음
2024-08-22,756,고금리(2022~),,,,,구간 끝이 데이터 범위를 넘음
2024-08-23,756,고금리(2022~),,,,,구간 끝이 데이터 범위를 넘음
2024-08-26,756,고금리(2022~),,,,,구간 끝이 데이터 범위를 넘음
2024-08-27,756,고금리(2022~),,,,,구간 끝이 데이터 범위를 넘음
2024-08-28,756,고금리(2022~),,,,,구간 끝이 데이터 범위를 넘음
2024-08-29,756,고금리(2022~),,,,,구간 끝이 데이터 범위를 넘음
2024-08-30,756,고금리(2022~),,,,,구간 끝이 데이터 범위를 넘음
2024-09-02,756,고금리(2022~),,,,,구간 끝이 데이터 범위를 넘음
2024-09-03,756,고금리(2022~),,,,,구간 끝이 데이터 범위를 넘음
2024-09-04,756,고금리(2022~),,,,,구간 끝이 데이터 범위를 넘음
2024-09-05,756,고금리(2022~),,,,,구간 끝이 데이터 범위를 넘음
2024-09-06,756,고금리(2022~),,,,,구간 끝이 데이터 범위를 넘음
2024-09-09,756,고금리(2022~),,,,,구간 끝이 데이터 범위를 넘음
2024-09-10,756,고금리(2022~),,,,,구간 끝이 데이터 범위를 넘음
2024-09-11,756,고금리(2022~),,,,,구간 끝이 데이터 범위를 넘음
2024-09-12,756,고금리(2022~),,,,,구간 끝이 데이터 범위를 넘음
2024-09-13,756,고금리(2022~),,,,,구간 끝이 데이터 범위를 넘음
2024-09-19,756,고금리(2022~),,,,,구간 끝이 데이터 범위를 넘음
2024-09-20,756,고금리(2022~),,,,,구간 끝이 데이터 범위를 넘음
2024-09-23,756,고금리(2022~),,,,,구간 끝이 데이터 범위를 넘음
2024-09-24,756,고금리(2022~),,,,,구간 끝이 데이터 범위를 넘음
2024-09-25,756,고금리(2022~),,,,,구간 끝이 데이터 범위를 넘음
2024-09-26,756,고금리(2022~),,,,,구간 끝이 데이터 범위를 넘음
2024-09-27,756,고금리(2022~),,,,,구간 끝이 데이터 범위를 넘음
2024-09-30,756,고금리(2022~),,,,,구간 끝이 데이터 범위를 넘음
2024-10-02,756,고금리(2022~),,,,,구간 끝이 데이터 범위를 넘음
2024-10-04,756,고금리(2022~),,,,,구간 끝이 데이터 범위를 넘음
2024-10-07,756,고금리(2022~),,,,,구간 끝이 데이터 범위를 넘음
2024-10-08,756,고금리(2022~),,,,,구간 끝이 데이터 범위를 넘음
2024-10-10,756,고금리(2022~),,,,,구간 끝이 데이터 범위를 넘음
2024-10-11,756,고금리(2022~),,,,,구간 끝이 데이터 범위를 넘음
2024-10-14,756,고금리(2022~),,,,,구간 끝이 데이터 범위를 넘음
2024-10-15,756,고금리(2022~),,,,,구간 끝이 데이터 범위를 넘음
2024-10-16,756,고금리(2022~),,,,,구간 끝이 데이터 범위를 넘음
2024-10-17,756,고금리(2022~),,,,,구간 끝이 데이터 범위를 넘음
2024-10-18,756,고금리(2022~),,,,,구간 끝이 데이터 범위를 넘음
2024-10-21,756,고금리(2022~),,,,,구간 끝이 데이터 범위를 넘음
2024-10-22,756,고금리(2022~),,,,,구간 끝이 데이터 범위를 넘음
2024-10-23,756,고금리(2022~),,,,,구간 끝이 데이터 범위를 넘음
2024-10-24,756,고금리(2022~),,,,,구간 끝이 데이터 범위를 넘음
2024-10-25,756,고금리(2022~),,,,,구간 끝이 데이터 범위를 넘음
2024-10-28,756,고금리(2022~),,,,,구간 끝이 데이터 범위를 넘음
2024-10-29,756,고금리(2022~),,,,,구간 끝이 데이터 범위를 넘음
2024-10-30,756,고금리(2022~),,,,,구간 끝이 데이터 범위를 넘음
2024-10-31,756,고금리(2022~),,,,,구간 끝이 데이터 범위를 넘음
2024-11-01,756,고금리(2022~),,,,,구간 끝이 데이터 범위를 넘음
2024-11-04,756,고금리(2022~),,,,,구간 끝이 데이터 범위를 넘음
2024-11-05,756,고금리(2022~),,,,,구간 끝이 데이터 범위를 넘음
2024-11-06,756,고금리(2022~),,,,,구간 끝이 데이터 범위를 넘음
2024-11-07,756,고금리(2022~),,,,,구간 끝이 데이터 범위를 넘음
2024-11-08,756,고금리(2022~),,,,,구간 끝이 데이터 범위를 넘음
2024-11-11,756,고금리(2022~),,,,,구간 끝이 데이터 범위를 넘음
2024-11-12,756,고금리(2022~),,,,,구간 끝이 데이터 범위를 넘음
2024-11-13,756,고금리(2022~),,,,,구간 끝이 데이터 범위를 넘음
2024-11-14,756,고금리(2022~),,,,,구간 끝이 데이터 범위를 넘음
2024-11-15,756,고금리(2022~),,,,,구간 끝이 데이터 범위를 넘음
2024-11-18,756,고금리(2022~),,,,,구간 끝이 데이터 범위를 넘음
2024-11-19,756,고금리(2022~),,,,,구간 끝이 데이터 범위를 넘음
2024-11-20,756,고금리(2022~),,,,,구간 끝이 데이터 범위를 넘음
2024-11-21,756,고금리(2022~),,,,,구간 끝이 데이터 범위를 넘음
2024-11-22,756,고금리(2022~),,,,,구간 끝이 데이터 범위를 넘음
2024-11-25,756,고금리(2022~),,,,,구간 끝이 데이터 범위를 넘음
2024-11-26,756,고금리(2022~),,,,,구간 끝이 데이터 범위를 넘음
2024-11-27,756,고금리(2022~),,,,,구간 끝이 데이터 범위를 넘음
2024-11-28,756,고금리(2022~),,,,,구간 끝이 데이터 범위를 넘음
2024-11-29,756,고금리(2022~),,,,,구간 끝이 데이터 범위를 넘음
2024-12-02,756,고금리(2022~),,,,,구간 끝이 데이터 범위를 넘음
2024-12-03,756,고금리(2022~),,,,,구간 끝이 데이터 범위를 넘음
2024-12-04,756,고금리(2022~),,,,,구간 끝이 데이터 범위를 넘음
2024-12-05,756,고금리(2022~),,,,,구간 끝이 데이터 범위를 넘음
2024-12-06,756,고금리(2022~),,,,,구간 끝이 데이터 범위를 넘음
2024-12-09,756,고금리(2022~),,,,,구간 끝이 데이터 범위를 넘음
2024-12-10,756,고금리(2022~),,,,,구간 끝이 데이터 범위를 넘음
2024-12-11,756,고금리(2022~),,,,,구간 끝이 데이터 범위를 넘음
2024-12-12,756,고금리(2022~),,,,,구간 끝이 데이터 범위를 넘음
2024-12-13,756,고금리(2022~),,,,,구간 끝이 데이터 범위를 넘음
2024-12-16,756,고금리(2022~),,,,,구간 끝이 데이터 범위를 넘음
2024-12-17,756,고금리(2022~),,,,,구간 끝이 데이터 범위를 넘음
2024-12-18,756,고금리(2022~),,,,,구간 끝이 데이터 범위를 넘음
2024-12-19,756,고금리(2022~),,,,,구간 끝이 데이터 범위를 넘음
2024-12-20,756,고금리(2022~),,,,,구간 끝이 데이터 범위를 넘음
2024-12-23,756,고금리(2022~),,,,,구간 끝이 데이터 범위를 넘음
2024-12-24,756,고금리(2022~),,,,,구간 끝이 데이터 범위를 넘음
2024-12-26,756,고금리(2022~),,,,,구간 끝이 데이터 범위를 넘음
2024-12-27,756,고금리(2022~),,,,,구간 끝이 데이터 범위를 넘음
2024-12-30,756,고금리(2022~),,,,,구간 끝이 데이터 범위를 넘음
2025-01-02,756,고금리(2022~),,,,,구간 끝이 데이터 범위를 넘음
2025-01-03,756,고금리(2022~),,,,,구간 끝이 데이터 범위를 넘음
2025-01-06,756,고금리(2022~),,,,,구간 끝이 데이터 범위를 넘음
2025-01-07,756,고금리(2022~),,,,,구간 끝이 데이터 범위를 넘음
2025-01-08,756,고금리(2022~),,,,,구간 끝이 데이터 범위를 넘음
2025-01-09,756,고금리(2022~),,,,,구간 끝이 데이터 범위를 넘음
2025-01-10,756,고금리(2022~),,,,,구간 끝이 데이터 범위를 넘음
2025-01-13,756,고금리(2022~),,,,,구간 끝이 데이터 범위를 넘음
2025-01-14,756,고금리(2022~),,,,,구간 끝이 데이터 범위를 넘음
2025-01-15,756,고금리(2022~),,,,,구간 끝이 데이터 범위를 넘음
2025-01-16,756,고금리(2022~),,,,,구간 끝이 데이터 범위를 넘음
2025-01-17,756,고금리(2022~),,,,,구간 끝이 데이터 범위를 넘음
2025-01-20,756,고금리(2022~),,,,,구간 끝이 데이터 범위를 넘음
2025-01-21,756,고금리(2022~),,,,,구간 끝이 데이터 범위를 넘음
2025-01-22,756,고금리(2022~),,,,,구간 끝이 데이터 범위를 넘음
2025-01-23,756,고금리(2022~),,,,,구간 끝이 데이터 범위를 넘음
2025-01-24,756,고금리(2022~),,,,,구간 끝이 데이터 범위를 넘음
2025-01-31,756,고금리(2022~),,,,,구간 끝이 데이터 범위를 넘음
2025-02-03,756,고금리(2022~),,,,,구간 끝이 데이터 범위를 넘음
2025-02-04,756,고금리(2022~),,,,,구간 끝이 데이터 범위를 넘음
2025-02-05,756,고금리(2022~),,,,,구간 끝이 데이터 범위를 넘음
2025-02-06,756,고금리(2022~),,,,,구간 끝이 데이터 범위를 넘음
2025-02-07,756,고금리(2022~),,,,,구간 끝이 데이터 범위를 넘음
2025-02-10,756,고금리(2022~),,,,,구간 끝이 데이터 범위를 넘음
2025-02-11,756,고금리(2022~),,,,,구간 끝이 데이터 범위를 넘음
2025-02-12,756,고금리(2022~),,,,,구간 끝이 데이터 범위를 넘음
2025-02-13,756,고금리(2022~),,,,,구간 끝이 데이터 범위를 넘음
2025-02-14,756,고금리(2022~),,,,,구간 끝이 데이터 범위를 넘음
2025-02-17,756,고금리(2022~),,,,,구간 끝이 데이터 범위를 넘음
2025-02-18,756,고금리(2022~),,,,,구간 끝이 데이터 범위를 넘음
2025-02-19,756,고금리(2022~),,,,,구간 끝이 데이터 범위를 넘음
2025-02-20,756,고금리(2022~),,,,,구간 끝이 데이터 범위를 넘음
2025-02-21,756,고금리(2022~),,,,,구간 끝이 데이터 범위를 넘음
2025-02-24,756,고금리(2022~),,,,,구간 끝이 데이터 범위를 넘음
2025-02-25,756,고금리(2022~),,,,,구간 끝이 데이터 범위를 넘음
2025-02-26,756,고금리(2022~),,,,,구간 끝이 데이터 범위를 넘음
2025-02-27,756,고금리(2022~),,,,,구간 끝이 데이터 범위를 넘음
2025-02-28,756,고금리(2022~),,,,,구간 끝이 데이터 범위를 넘음
2025-03-04,756,고금리(2022~),,,,,구간 끝이 데이터 범위를 넘음
2025-03-05,756,고금리(2022~),,,,,구간 끝이 데이터 범위를 넘음
2025-03-06,756,고금리(2022~),,,,,구간 끝이 데이터 범위를 넘음
2025-03-07,756,고금리(2022~),,,,,구간 끝이 데이터 범위를 넘음
2025-03-10,756,고금리(2022~),,,,,구간 끝이 데이터 범위를 넘음
2025-03-11,756,고금리(2022~),,,,,구간 끝이 데이터 범위를 넘음
2025-03-12,756,고금리(2022~),,,,,구간 끝이 데이터 범위를 넘음
2025-03-13,756,고금리(2022~),,,,,구간 끝이 데이터 범위를 넘음
2025-03-14,756,고금리(2022~),,,,,구간 끝이 데이터 범위를 넘음
2025-03-17,756,고금리(2022~),,,,,구간 끝이 데이터 범위를 넘음
2025-03-18,756,고금리(2022~),,,,,구간 끝이 데이터 범위를 넘음
2025-03-19,756,고금리(2022~),,,,,구간 끝이 데이터 범위를 넘음
2025-03-20,756,고금리(2022~),,,,,구간 끝이 데이터 범위를 넘음
2025-03-21,756,고금리(2022~),,,,,구간 끝이 데이터 범위를 넘음
2025-03-24,756,고금리(2022~),,,,,구간 끝이 데이터 범위를 넘음
2025-03-25,756,고금리(2022~),,,,,구간 끝이 데이터 범위를 넘음
2025-03-26,756,고금리(2022~),,,,,구간 끝이 데이터 범위를 넘음
2025-03-27,756,고금리(2022~),,,,,구간 끝이 데이터 범위를 넘음
2025-03-28,756,고금리(2022~),,,,,구간 끝이 데이터 범위를 넘음
2025-03-31,756,고금리(2022~),,,,,구간 끝이 데이터 범위를 넘음
2025-04-01,756,고금리(2022~),,,,,구간 끝이 데이터 범위를 넘음
2025-04-02,756,고금리(2022~),,,,,구간 끝이 데이터 범위를 넘음
2025-04-03,756,고금리(2022~),,,,,구간 끝이 데이터 범위를 넘음
2025-04-04,756,고금리(2022~),,,,,구간 끝이 데이터 범위를 넘음
2025-04-07,756,고금리(2022~),,,,,구간 끝이 데이터 범위를 넘음
2025-04-08,756,고금리(2022~),,,,,구간 끝이 데이터 범위를 넘음
2025-04-09,756,고금리(2022~),,,,,구간 끝이 데이터 범위를 넘음
2025-04-10,756,고금리(2022~),,,,,구간 끝이 데이터 범위를 넘음
2025-04-11,756,고금리(2022~),,,,,구간 끝이 데이터 범위를 넘음
2025-04-14,756,고금리(2022~),,,,,구간 끝이 데이터 범위를 넘음
2025-04-15,756,고금리(2022~),,,,,구간 끝이 데이터 범위를 넘음
2025-04-16,756,고금리(2022~),,,,,구간 끝이 데이터 범위를 넘음
2025-04-17,756,고금리(2022~),,,,,구간 끝이 데이터 범위를 넘음
2025-04-18,756,고금리(2022~),,,,,구간 끝이 데이터 범위를 넘음
2025-04-21,756,고금리(2022~),,,,,구간 끝이 데이터 범위를 넘음
2025-04-22,756,고금리(2022~),,,,,구간 끝이 데이터 범위를 넘음
2025-04-23,756,고금리(2022~),,,,,구간 끝이 데이터 범위를 넘음
2025-04-24,756,고금리(2022~),,,,,구간 끝이 데이터 범위를 넘음
2025-04-25,756,고금리(2022~),,,,,구간 끝이 데이터 범위를 넘음
2025-04-28,756,고금리(2022~),,,,,구간 끝이 데이터 범위를 넘음
2025-04-29,756,고금리(2022~),,,,,구간 끝이 데이터 범위를 넘음
2025-04-30,756,고금리(2022~),,,,,구간 끝이 데이터 범위를 넘음
2025-05-02,756,고금리(2022~),,,,,구간 끝이 데이터 범위를 넘음
2025-05-07,756,고금리(2022~),,,,,구간 끝이 데이터 범위를 넘음
2025-05-08,756,고금리(2022~),,,,,구간 끝이 데이터 범위를 넘음
2025-05-09,756,고금리(2022~),,,,,구간 끝이 데이터 범위를 넘음
2025-05-12,756,고금리(2022~),,,,,구간 끝이 데이터 범위를 넘음
2025-05-13,756,고금리(2022~),,,,,구간 끝이 데이터 범위를 넘음
2025-05-14,756,고금리(2022~),,,,,구간 끝이 데이터 범위를 넘음
2025-05-15,756,고금리(2022~),,,,,구간 끝이 데이터 범위를 넘음
2025-05-16,756,고금리(2022~),,,,,구간 끝이 데이터 범위를 넘음
2025-05-19,756,고금리(2022~),,,,,구간 끝이 데이터 범위를 넘음
2025-05-20,756,고금리(2022~),,,,,구간 끝이 데이터 범위를 넘음
2025-05-21,756,고금리(2022~),,,,,구간 끝이 데이터 범위를 넘음
2025-05-22,756,고금리(2022~),,,,,구간 끝이 데이터 범위를 넘음
2025-05-23,756,고금리(2022~),,,,,구간 끝이 데이터 범위를 넘음
2025-05-26,756,고금리(2022~),,,,,구간 끝이 데이터 범위를 넘음
2025-05-27,756,고금리(2022~),,,,,구간 끝이 데이터 범위를 넘음
2025-05-28,756,고금리(2022~),,,,,구간 끝이 데이터 범위를 넘음
2025-05-29,756,고금리(2022~),,,,,구간 끝이 데이터 범위를 넘음
2025-05-30,756,고금리(2022~),,,,,구간 끝이 데이터 범위를 넘음
2025-06-02,756,고금리(2022~),,,,,구간 끝이 데이터 범위를 넘음
2025-06-04,756,고금리(2022~),,,,,구간 끝이 데이터 범위를 넘음
2025-06-05,756,고금리(2022~),,,,,구간 끝이 데이터 범위를 넘음
2025-06-09,756,고금리(2022~),,,,,구간 끝이 데이터 범위를 넘음
2025-06-10,756,고금리(2022~),,,,,구간 끝이 데이터 범위를 넘음
2025-06-11,756,고금리(2022~),,,,,구간 끝이 데이터 범위를 넘음
2025-06-12,756,고금리(2022~),,,,,구간 끝이 데이터 범위를 넘음
2025-06-13,756,고금리(2022~),,,,,구간 끝이 데이터 범위를 넘음
2025-06-16,756,고금리(2022~),,,,,구간 끝이 데이터 범위를 넘음
2025-06-17,756,고금리(2022~),,,,,구간 끝이 데이터 범위를 넘음
2025-06-18,756,고금리(2022~),,,,,구간 끝이 데이터 범위를 넘음
2025-06-19,756,고금리(2022~),,,,,구간 끝이 데이터 범위를 넘음
2025-06-20,756,고금리(2022~),,,,,구간 끝이 데이터 범위를 넘음
2025-06-23,756,고금리(2022~),,,,,구간 끝이 데이터 범위를 넘음
2025-06-24,756,고금리(2022~),,,,,구간 끝이 데이터 범위를 넘음
2025-06-25,756,고금리(2022~),,,,,구간 끝이 데이터 범위를 넘음
2025-06-26,756,고금리(2022~),,,,,구간 끝이 데이터 범위를 넘음
2025-06-27,756,고금리(2022~),,,,,구간 끝이 데이터 범위를 넘음
2025-06-30,756,고금리(2022~),,,,,구간 끝이 데이터 범위를 넘음
2025-07-01,756,고금리(2022~),,,,,구간 끝이 데이터 범위를 넘음
2025-07-02,756,고금리(2022~),,,,,구간 끝이 데이터 범위를 넘음
2025-07-03,756,고금리(2022~),,,,,구간 끝이 데이터 범위를 넘음
2025-07-04,756,고금리(2022~),,,,,구간 끝이 데이터 범위를 넘음
2025-07-07,756,고금리(2022~),,,,,구간 끝이 데이터 범위를 넘음
2025-07-08,756,고금리(2022~),,,,,구간 끝이 데이터 범위를 넘음
2025-07-09,756,고금리(2022~),,,,,구간 끝이 데이터 범위를 넘음
2025-07-10,756,고금리(2022~),,,,,구간 끝이 데이터 범위를 넘음
2025-07-11,756,고금리(2022~),,,,,구간 끝이 데이터 범위를 넘음
2025-07-14,756,고금리(2022~),,,,,구간 끝이 데이터 범위를 넘음
2025-07-15,756,고금리(2022~),,,,,구간 끝이 데이터 범위를 넘음
2025-07-16,756,고금리(2022~),,,,,구간 끝이 데이터 범위를 넘음
2025-07-17,756,고금리(2022~),,,,,구간 끝이 데이터 범위를 넘음
2025-07-18,756,고금리(2022~),,,,,구간 끝이 데이터 범위를 넘음
2025-07-21,756,고금리(2022~),,,,,구간 끝이 데이터 범위를 넘음
2025-07-22,756,고금리(2022~),,,,,구간 끝이 데이터 범위를 넘음
2025-07-23,756,고금리(2022~),,,,,구간 끝이 데이터 범위를 넘음
2025-07-24,756,고금리(2022~),,,,,구간 끝이 데이터 범위를 넘음
2025-07-25,756,고금리(2022~),,,,,구간 끝이 데이터 범위를 넘음
2025-07-28,756,고금리(2022~),,,,,구간 끝이 데이터 범위를 넘음
2025-07-29,756,고금리(2022~),,,,,구간 끝이 데이터 범위를 넘음
2025-07-30,756,고금리(2022~),,,,,구간 끝이 데이터 범위를 넘음
2025-07-31,756,고금리(2022~),,,,,구간 끝이 데이터 범위를 넘음
2025-08-01,756,고금리(2022~),,,,,구간 끝이 데이터 범위를 넘음
2025-08-04,756,고금리(2022~),,,,,구간 끝이 데이터 범위를 넘음
2025-08-05,756,고금리(2022~),,,,,구간 끝이 데이터 범위를 넘음
2025-08-06,756,고금리(2022~),,,,,구간 끝이 데이터 범위를 넘음
2025-08-07,756,고금리(2022~),,,,,구간 끝이 데이터 범위를 넘음
2025-08-08,756,고금리(2022~),,,,,구간 끝이 데이터 범위를 넘음
2025-08-11,756,고금리(2022~),,,,,구간 끝이 데이터 범위를 넘음
2025-08-12,756,고금리(2022~),,,,,구간 끝이 데이터 범위를 넘음
2025-08-13,756,고금리(2022~),,,,,구간 끝이 데이터 범위를 넘음
2025-08-14,756,고금리(2022~),,,,,구간 끝이 데이터 범위를 넘음
2025-08-18,756,고금리(2022~),,,,,구간 끝이 데이터 범위를 넘음
2025-08-19,756,고금리(2022~),,,,,구간 끝이 데이터 범위를 넘음
2025-08-20,756,고금리(2022~),,,,,구간 끝이 데이터 범위를 넘음
2025-08-21,756,고금리(2022~),,,,,구간 끝이 데이터 범위를 넘음
2025-08-22,756,고금리(2022~),,,,,구간 끝이 데이터 범위를 넘음
2025-08-25,756,고금리(2022~),,,,,구간 끝이 데이터 범위를 넘음
2025-08-26,756,고금리(2022~),,,,,구간 끝이 데이터 범위를 넘음
2025-08-27,756,고금리(2022~),,,,,구간 끝이 데이터 범위를 넘음
2025-08-28,756,고금리(2022~),,,,,구간 끝이 데이터 범위를 넘음
2025-08-29,756,고금리(2022~),,,,,구간 끝이 데이터 범위를 넘음
2025-09-01,756,고금리(2022~),,,,,구간 끝이 데이터 범위를 넘음
2025-09-02,756,고금리(2022~),,,,,구간 끝이 데이터 범위를 넘음
2025-09-03,756,고금리(2022~),,,,,구간 끝이 데이터 범위를 넘음
2025-09-04,756,고금리(2022~),,,,,구간 끝이 데이터 범위를 넘음
2025-09-05,756,고금리(2022~),,,,,구간 끝이 데이터 범위를 넘음
2025-09-08,756,고금리(2022~),,,,,구간 끝이 데이터 범위를 넘음
2025-09-09,756,고금리(2022~),,,,,구간 끝이 데이터 범위를 넘음
2025-09-10,756,고금리(2022~),,,,,구간 끝이 데이터 범위를 넘음
2025-09-11,756,고금리(2022~),,,,,구간 끝이 데이터 범위를 넘음
2025-09-12,756,고금리(2022~),,,,,구간 끝이 데이터 범위를 넘음
2025-09-15,756,고금리(2022~),,,,,구간 끝이 데이터 범위를 넘음
2025-09-16,756,고금리(2022~),,,,,구간 끝이 데이터 범위를 넘음
2025-09-17,756,고금리(2022~),,,,,구간 끝이 데이터 범위를 넘음
2025-09-18,756,고금리(2022~),,,,,구간 끝이 데이터 범위를 넘음
2025-09-19,756,고금리(2022~),,,,,구간 끝이 데이터 범위를 넘음
2025-09-22,756,고금리(2022~),,,,,구간 끝이 데이터 범위를 넘음
2025-09-23,756,고금리(2022~),,,,,구간 끝이 데이터 범위를 넘음
2025-09-24,756,고금리(2022~),,,,,구간 끝이 데이터 범위를 넘음
2025-09-25,756,고금리(2022~),,,,,구간 끝이 데이터 범위를 넘음
2025-09-26,756,고금리(2022~),,,,,구간 끝이 데이터 범위를 넘음
2025-09-29,756,고금리(2022~),,,,,구간 끝이 데이터 범위를 넘음
2025-09-30,756,고금리(2022~),,,,,구간 끝이 데이터 범위를 넘음
2025-10-01,756,고금리(2022~),,,,,구간 끝이 데이터 범위를 넘음
2025-10-02,756,고금리(2022~),,,,,구간 끝이 데이터 범위를 넘음
2025-10-10,756,고금리(2022~),,,,,구간 끝이 데이터 범위를 넘음
2025-10-13,756,고금리(2022~),,,,,구간 끝이 데이터 범위를 넘음
2025-10-14,756,고금리(2022~),,,,,구간 끝이 데이터 범위를 넘음
2025-10-15,756,고금리(2022~),,,,,구간 끝이 데이터 범위를 넘음
2025-10-16,756,고금리(2022~),,,,,구간 끝이 데이터 범위를 넘음
2025-10-17,756,고금리(2022~),,,,,구간 끝이 데이터 범위를 넘음
2025-10-20,756,고금리(2022~),,,,,구간 끝이 데이터 범위를 넘음
2025-10-21,756,고금리(2022~),,,,,구간 끝이 데이터 범위를 넘음
2025-10-22,756,고금리(2022~),,,,,구간 끝이 데이터 범위를 넘음
2025-10-23,756,고금리(2022~),,,,,구간 끝이 데이터 범위를 넘음
2025-10-24,756,고금리(2022~),,,,,구간 끝이 데이터 범위를 넘음
2025-10-27,756,고금리(2022~),,,,,구간 끝이 데이터 범위를 넘음
2025-10-28,756,고금리(2022~),,,,,구간 끝이 데이터 범위를 넘음
2025-10-29,756,고금리(2022~),,,,,구간 끝이 데이터 범위를 넘음
2025-10-30,756,고금리(2022~),,,,,구간 끝이 데이터 범위를 넘음
2025-10-31,756,고금리(2022~),,,,,구간 끝이 데이터 범위를 넘음
2025-11-03,756,고금리(2022~),,,,,구간 끝이 데이터 범위를 넘음
2025-11-04,756,고금리(2022~),,,,,구간 끝이 데이터 범위를 넘음
2025-11-05,756,고금리(2022~),,,,,구간 끝이 데이터 범위를 넘음
2025-11-06,756,고금리(2022~),,,,,구간 끝이 데이터 범위를 넘음
2025-11-07,756,고금리(2022~),,,,,구간 끝이 데이터 범위를 넘음
2025-11-10,756,고금리(2022~),,,,,구간 끝이 데이터 범위를 넘음
2025-11-11,756,고금리(2022~),,,,,구간 끝이 데이터 범위를 넘음
2025-11-12,756,고금리(2022~),,,,,구간 끝이 데이터 범위를 넘음
2025-11-13,756,고금리(2022~),,,,,구간 끝이 데이터 범위를 넘음
2025-11-14,756,고금리(2022~),,,,,구간 끝이 데이터 범위를 넘음
2025-11-17,756,고금리(2022~),,,,,구간 끝이 데이터 범위를 넘음
2025-11-18,756,고금리(2022~),,,,,구간 끝이 데이터 범위를 넘음
2025-11-19,756,고금리(2022~),,,,,구간 끝이 데이터 범위를 넘음
2025-11-20,756,고금리(2022~),,,,,구간 끝이 데이터 범위를 넘음
2025-11-21,756,고금리(2022~),,,,,구간 끝이 데이터 범위를 넘음
2025-11-24,756,고금리(2022~),,,,,구간 끝이 데이터 범위를 넘음
2025-11-25,756,고금리(2022~),,,,,구간 끝이 데이터 범위를 넘음
2025-11-26,756,고금리(2022~),,,,,구간 끝이 데이터 범위를 넘음
2025-11-27,756,고금리(2022~),,,,,구간 끝이 데이터 범위를 넘음
2025-11-28,756,고금리(2022~),,,,,구간 끝이 데이터 범위를 넘음
2025-12-01,756,고금리(2022~),,,,,구간 끝이 데이터 범위를 넘음
2025-12-02,756,고금리(2022~),,,,,구간 끝이 데이터 범위를 넘음
2025-12-03,756,고금리(2022~),,,,,구간 끝이 데이터 범위를 넘음
2025-12-04,756,고금리(2022~),,,,,구간 끝이 데이터 범위를 넘음
2025-12-05,756,고금리(2022~),,,,,구간 끝이 데이터 범위를 넘음
2025-12-08,756,고금리(2022~),,,,,구간 끝이 데이터 범위를 넘음
2025-12-09,756,고금리(2022~),,,,,구간 끝이 데이터 범위를 넘음
2025-12-10,756,고금리(2022~),,,,,구간 끝이 데이터 범위를 넘음
2025-12-11,756,고금리(2022~),,,,,구간 끝이 데이터 범위를 넘음
2025-12-12,756,고금리(2022~),,,,,구간 끝이 데이터 범위를 넘음
2025-12-15,756,고금리(2022~),,,,,구간 끝이 데이터 범위를 넘음
2025-12-16,756,고금리(2022~),,,,,구간 끝이 데이터 범위를 넘음
2025-12-17,756,고금리(2022~),,,,,구간 끝이 데이터 범위를 넘음
2025-12-18,756,고금리(2022~),,,,,구간 끝이 데이터 범위를 넘음
2025-12-19,756,고금리(2022~),,,,,구간 끝이 데이터 범위를 넘음
2025-12-22,756,고금리(2022~),,,,,구간 끝이 데이터 범위를 넘음
2025-12-23,756,고금리(2022~),,,,,구간 끝이 데이터 범위를 넘음
2025-12-24,756,고금리(2022~),,,,,구간 끝이 데이터 범위를 넘음
2025-12-26,756,고금리(2022~),,,,,구간 끝이 데이터 범위를 넘음
2025-12-29,756,고금리(2022~),,,,,구간 끝이 데이터 범위를 넘음
2025-12-30,756,고금리(2022~),,,,,구간 끝이 데이터 범위를 넘음
2026-01-02,756,고금리(2022~),,,,,구간 끝이 데이터 범위를 넘음
2026-01-05,756,고금리(2022~),,,,,구간 끝이 데이터 범위를 넘음
2026-01-06,756,고금리(2022~),,,,,구간 끝이 데이터 범위를 넘음
2026-01-07,756,고금리(2022~),,,,,구간 끝이 데이터 범위를 넘음
2026-01-08,756,고금리(2022~),,,,,구간 끝이 데이터 범위를 넘음
2026-01-09,756,고금리(2022~),,,,,구간 끝이 데이터 범위를 넘음
2026-01-12,756,고금리(2022~),,,,,구간 끝이 데이터 범위를 넘음
2026-01-13,756,고금리(2022~),,,,,구간 끝이 데이터 범위를 넘음
2026-01-14,756,고금리(2022~),,,,,구간 끝이 데이터 범위를 넘음
2026-01-15,756,고금리(2022~),,,,,구간 끝이 데이터 범위를 넘음
2026-01-16,756,고금리(2022~),,,,,구간 끝이 데이터 범위를 넘음
2026-01-19,756,고금리(2022~),,,,,구간 끝이 데이터 범위를 넘음
2026-01-20,756,고금리(2022~),,,,,구간 끝이 데이터 범위를 넘음
2026-01-21,756,고금리(2022~),,,,,구간 끝이 데이터 범위를 넘음
2026-01-22,756,고금리(2022~),,,,,구간 끝이 데이터 범위를 넘음
2026-01-23,756,고금리(2022~),,,,,구간 끝이 데이터 범위를 넘음
2026-01-26,756,고금리(2022~),,,,,구간 끝이 데이터 범위를 넘음
2026-01-27,756,고금리(2022~),,,,,구간 끝이 데이터 범위를 넘음
2026-01-28,756,고금리(2022~),,,,,구간 끝이 데이터 범위를 넘음
2026-01-29,756,고금리(2022~),,,,,구간 끝이 데이터 범위를 넘음
2026-01-30,756,고금리(2022~),,,,,구간 끝이 데이터 범위를 넘음
2026-02-02,756,고금리(2022~),,,,,구간 끝이 데이터 범위를 넘음
2026-02-03,756,고금리(2022~),,,,,구간 끝이 데이터 범위를 넘음
2026-02-04,756,고금리(2022~),,,,,구간 끝이 데이터 범위를 넘음
2026-02-05,756,고금리(2022~),,,,,구간 끝이 데이터 범위를 넘음
2026-02-06,756,고금리(2022~),,,,,구간 끝이 데이터 범위를 넘음
2026-02-09,756,고금리(2022~),,,,,구간 끝이 데이터 범위를 넘음
2026-02-10,756,고금리(2022~),,,,,구간 끝이 데이터 범위를 넘음
2026-02-11,756,고금리(2022~),,,,,구간 끝이 데이터 범위를 넘음
2026-02-12,756,고금리(2022~),,,,,구간 끝이 데이터 범위를 넘음
2026-02-13,756,고금리(2022~),,,,,구간 끝이 데이터 범위를 넘음
2026-02-19,756,고금리(2022~),,,,,구간 끝이 데이터 범위를 넘음
2026-02-20,756,고금리(2022~),,,,,구간 끝이 데이터 범위를 넘음
2026-02-23,756,고금리(2022~),,,,,구간 끝이 데이터 범위를 넘음
2026-02-24,756,고금리(2022~),,,,,구간 끝이 데이터 범위를 넘음
2026-02-25,756,고금리(2022~),,,,,구간 끝이 데이터 범위를 넘음
2026-02-26,756,고금리(2022~),,,,,구간 끝이 데이터 범위를 넘음
2026-02-27,756,고금리(2022~),,,,,구간 끝이 데이터 범위를 넘음
2026-03-03,756,고금리(2022~),,,,,구간 끝이 데이터 범위를 넘음
2026-03-04,756,고금리(2022~),,,,,구간 끝이 데이터 범위를 넘음
2026-03-05,756,고금리(2022~),,,,,구간 끝이 데이터 범위를 넘음
2026-03-06,756,고금리(2022~),,,,,구간 끝이 데이터 범위를 넘음
2026-03-09,756,고금리(2022~),,,,,구간 끝이 데이터 범위를 넘음
2026-03-10,756,고금리(2022~),,,,,구간 끝이 데이터 범위를 넘음
2026-03-11,756,고금리(2022~),,,,,구간 끝이 데이터 범위를 넘음
2026-03-12,756,고금리(2022~),,,,,구간 끝이 데이터 범위를 넘음
2026-03-13,756,고금리(2022~),,,,,구간 끝이 데이터 범위를 넘음
2026-03-16,756,고금리(2022~),,,,,구간 끝이 데이터 범위를 넘음
2026-03-17,756,고금리(2022~),,,,,구간 끝이 데이터 범위를 넘음
2026-03-18,756,고금리(2022~),,,,,구간 끝이 데이터 범위를 넘음
2026-03-19,756,고금리(2022~),,,,,구간 끝이 데이터 범위를 넘음
2026-03-20,756,고금리(2022~),,,,,구간 끝이 데이터 범위를 넘음
2026-03-23,756,고금리(2022~),,,,,구간 끝이 데이터 범위를 넘음
2026-03-24,756,고금리(2022~),,,,,구간 끝이 데이터 범위를 넘음
2026-03-25,756,고금리(2022~),,,,,구간 끝이 데이터 범위를 넘음
2026-03-26,756,고금리(2022~),,,,,구간 끝이 데이터 범위를 넘음
2026-03-27,756,고금리(2022~),,,,,구간 끝이 데이터 범위를 넘음
2026-03-30,756,고금리(2022~),,,,,구간 끝이 데이터 범위를 넘음
2026-03-31,756,고금리(2022~),,,,,구간 끝이 데이터 범위를 넘음
2026-04-01,756,고금리(2022~),,,,,구간 끝이 데이터 범위를 넘음
2026-04-02,756,고금리(2022~),,,,,구간 끝이 데이터 범위를 넘음
2026-04-03,756,고금리(2022~),,,,,구간 끝이 데이터 범위를 넘음
2026-04-06,756,고금리(2022~),,,,,구간 끝이 데이터 범위를 넘음
2026-04-07,756,고금리(2022~),,,,,구간 끝이 데이터 범위를 넘음
2026-04-08,756,고금리(2022~),,,,,구간 끝이 데이터 범위를 넘음
2026-04-09,756,고금리(2022~),,,,,구간 끝이 데이터 범위를 넘음
2026-04-10,756,고금리(2022~),,,,,구간 끝이 데이터 범위를 넘음
2026-04-13,756,고금리(2022~),,,,,구간 끝이 데이터 범위를 넘음
2026-04-14,756,고금리(2022~),,,,,구간 끝이 데이터 범위를 넘음
2026-04-15,756,고금리(2022~),,,,,구간 끝이 데이터 범위를 넘음
2026-04-16,756,고금리(2022~),,,,,구간 끝이 데이터 범위를 넘음
2026-04-17,756,고금리(2022~),,,,,구간 끝이 데이터 범위를 넘음
2026-04-20,756,고금리(2022~),,,,,구간 끝이 데이터 범위를 넘음
2026-04-21,756,고금리(2022~),,,,,구간 끝이 데이터 범위를 넘음
2026-04-22,756,고금리(2022~),,,,,구간 끝이 데이터 범위를 넘음
2026-04-23,756,고금리(2022~),,,,,구간 끝이 데이터 범위를 넘음
2026-04-24,756,고금리(2022~),,,,,구간 끝이 데이터 범위를 넘음
2026-04-27,756,고금리(2022~),,,,,구간 끝이 데이터 범위를 넘음
2026-04-28,756,고금리(2022~),,,,,구간 끝이 데이터 범위를 넘음
2026-04-29,756,고금리(2022~),,,,,구간 끝이 데이터 범위를 넘음
2026-04-30,756,고금리(2022~),,,,,구간 끝이 데이터 범위를 넘음
2026-05-04,756,고금리(2022~),,,,,구간 끝이 데이터 범위를 넘음
2026-05-06,756,고금리(2022~),,,,,구간 끝이 데이터 범위를 넘음
2026-05-07,756,고금리(2022~),,,,,구간 끝이 데이터 범위를 넘음
2026-05-08,756,고금리(2022~),,,,,구간 끝이 데이터 범위를 넘음
2026-05-11,756,고금리(2022~),,,,,구간 끝이 데이터 범위를 넘음
2026-05-12,756,고금리(2022~),,,,,구간 끝이 데이터 범위를 넘음
2026-05-13,756,고금리(2022~),,,,,구간 끝이 데이터 범위를 넘음
2026-05-14,756,고금리(2022~),,,,,구간 끝이 데이터 범위를 넘음
2026-05-15,756,고금리(2022~),,,,,구간 끝이 데이터 범위를 넘음
2026-05-18,756,고금리(2022~),,,,,구간 끝이 데이터 범위를 넘음
2026-05-19,756,고금리(2022~),,,,,구간 끝이 데이터 범위를 넘음
2026-05-20,756,고금리(2022~),,,,,구간 끝이 데이터 범위를 넘음
2026-05-21,756,고금리(2022~),,,,,구간 끝이 데이터 범위를 넘음
2026-05-22,756,고금리(2022~),,,,,구간 끝이 데이터 범위를 넘음
2026-05-26,756,고금리(2022~),,,,,구간 끝이 데이터 범위를 넘음
2026-05-27,756,고금리(2022~),,,,,구간 끝이 데이터 범위를 넘음
2026-05-28,756,고금리(2022~),,,,,구간 끝이 데이터 범위를 넘음
2026-05-29,756,고금리(2022~),,,,,구간 끝이 데이터 범위를 넘음
2026-06-01,756,고금리(2022~),,,,,구간 끝이 데이터 범위를 넘음
2026-06-02,756,고금리(2022~),,,,,구간 끝이 데이터 범위를 넘음
2026-06-04,756,고금리(2022~),,,,,구간 끝이 데이터 범위를 넘음
2026-06-05,756,고금리(2022~),,,,,구간 끝이 데이터 범위를 넘음
2026-06-08,756,고금리(2022~),,,,,구간 끝이 데이터 범위를 넘음
2026-06-09,756,고금리(2022~),,,,,구간 끝이 데이터 범위를 넘음
2026-06-10,756,고금리(2022~),,,,,구간 끝이 데이터 범위를 넘음
2026-06-11,756,고금리(2022~),,,,,구간 끝이 데이터 범위를 넘음
2026-06-12,756,고금리(2022~),,,,,구간 끝이 데이터 범위를 넘음
2026-06-15,756,고금리(2022~),,,,,구간 끝이 데이터 범위를 넘음
2026-06-16,756,고금리(2022~),,,,,구간 끝이 데이터 범위를 넘음
2026-06-17,756,고금리(2022~),,,,,구간 끝이 데이터 범위를 넘음
2026-06-18,756,고금리(2022~),,,,,구간 끝이 데이터 범위를 넘음
2026-06-19,756,고금리(2022~),,,,,구간 끝이 데이터 범위를 넘음
2026-06-22,756,고금리(2022~),,,,,구간 끝이 데이터 범위를 넘음
2026-06-23,756,고금리(2022~),,,,,구간 끝이 데이터 범위를 넘음
2026-06-24,756,고금리(2022~),,,,,구간 끝이 데이터 범위를 넘음
2026-06-25,756,고금리(2022~),,,,,구간 끝이 데이터 범위를 넘음
2026-06-26,756,고금리(2022~),,,,,구간 끝이 데이터 범위를 넘음
2026-06-29,756,고금리(2022~),,,,,구간 끝이 데이터 범위를 넘음
2026-06-30,756,고금리(2022~),,,,,구간 끝이 데이터 범위를 넘음
2026-07-01,756,고금리(2022~),,,,,구간 끝이 데이터 범위를 넘음
2026-07-02,756,고금리(2022~),,,,,구간 끝이 데이터 범위를 넘음
2026-07-03,756,고금리(2022~),,,,,구간 끝이 데이터 범위를 넘음
2026-07-06,756,고금리(2022~),,,,,구간 끝이 데이터 범위를 넘음
2026-07-07,756,고금리(2022~),,,,,구간 끝이 데이터 범위를 넘음
2026-07-08,756,고금리(2022~),,,,,구간 끝이 데이터 범위를 넘음
2026-07-09,756,고금리(2022~),,,,,구간 끝이 데이터 범위를 넘음
2026-07-10,756,고금리(2022~),,,,,구간 끝이 데이터 범위를 넘음
2026-07-13,756,고금리(2022~),,,,,구간 끝이 데이터 범위를 넘음
2026-07-14,756,고금리(2022~),,,,,구간 끝이 데이터 범위를 넘음
2026-07-15,756,고금리(2022~),,,,,구간 끝이 데이터 범위를 넘음
2026-07-16,756,고금리(2022~),,,,,구간 끝이 데이터 범위를 넘음
2026-07-20,756,고금리(2022~),,,,,구간 끝이 데이터 범위를 넘음
2026-07-21,756,고금리(2022~),,,,,구간 끝이 데이터 범위를 넘음
2026-07-22,756,고금리(2022~),,,,,구간 끝이 데이터 범위를 넘음
2026-07-23,756,고금리(2022~),,,,,구간 끝이 데이터 범위를 넘음
2026-07-24,756,고금리(2022~),,,,,구간 끝이 데이터 범위를 넘음
2026-07-27,756,고금리(2022~),,,,,구간 끝이 데이터 범위를 넘음
2026-07-28,756,고금리(2022~),,,,,구간 끝이 데이터 범위를 넘음
2026-07-29,756,고금리(2022~),,,,,구간 끝이 데이터 범위를 넘음
2026-07-30,756,고금리(2022~),,,,,구간 끝이 데이터 범위를 넘음
2026-07-31,756,고금리(2022~),,,,,구간 끝이 데이터 범위를 넘음
2026-08-03,756,고금리(2022~),,,,,구간 끝이 데이터 범위를 넘음
2026-08-04,756,고금리(2022~),,,,,구간 끝이 데이터 범위를 넘음
2026-08-05,756,고금리(2022~),,,,,구간 끝이 데이터 범위를 넘음
2026-08-06,756,고금리(2022~),,,,,구간 끝이 데이터 범위를 넘음
2026-08-07,756,고금리(2022~),,,,,구간 끝이 데이터 범위를 넘음
2026-08-10,756,고금리(2022~),,,,,구간 끝이 데이터 범위를 넘음
2026-08-11,756,고금리(2022~),,,,,구간 끝이 데이터 범위를 넘음
2026-08-12,756,고금리(2022~),,,,,구간 끝이 데이터 범위를 넘음
2026-08-13,756,고금리(2022~),,,,,구간 끝이 데이터 범위를 넘음
2026-08-14,756,고금리(2022~),,,,,구간 끝이 데이터 범위를 넘음
2026-08-18,756,고금리(2022~),,,,,구간 끝이 데이터 범위를 넘음
2026-08-19,756,고금리(2022~),,,,,구간 끝이 데이터 범위를 넘음
2026-08-20,756,고금리(2022~),,,,,구간 끝이 데이터 범위를 넘음
2026-08-21,756,고금리(2022~),,,,,구간 끝이 데이터 범위를 넘음
2026-08-24,756,고금리(2022~),,,,,구간 끝이 데이터 범위를 넘음
2026-08-25,756,고금리(2022~),,,,,구간 끝이 데이터 범위를 넘음
2026-08-26,756,고금리(2022~),,,,,구간 끝이 데이터 범위를 넘음
2026-08-27,756,고금리(2022~),,,,,구간 끝이 데이터 범위를 넘음
2026-08-28,756,고금리(2022~),,,,,구간 끝이 데이터 범위를 넘음
2026-08-31,756,고금리(2022~),,,,,구간 끝이 데이터 범위를 넘음
2026-09-01,756,고금리(2022~),,,,,구간 끝이 데이터 범위를 넘음
2026-09-02,756,고금리(2022~),,,,,구간 끝이 데이터 범위를 넘음
