종목,조합,월,방향,손절선(%),진입일,진입가,청산일,보유일,청산가,수익률(%),보유 중 최악(%),청산 사유
SPY,만기→다음주금,9,위,-5.0,1993-09-17,45.8125,1993-09-24,5,45.7812,-0.07,-2.18,기한청산
SPY,만기→다음주금,9,위,-5.0,1994-09-16,47.0156,1994-09-23,5,45.9062,-2.36,-2.73,기한청산
SPY,만기→다음주금,9,위,-5.0,1995-09-15,58.4375,1995-09-22,5,58.3125,-0.21,-1.12,기한청산
SPY,만기→다음주금,9,위,-5.0,1996-09-20,68.6406,1996-09-27,5,68.6875,0.07,-0.71,기한청산
SPY,만기→다음주금,9,위,-5.0,1997-09-19,95.0312,1997-09-26,5,94.4688,-0.59,-1.48,기한청산
SPY,만기→다음주금,9,위,-5.0,1998-09-18,102.0938,1998-09-25,5,104.25,2.11,-3.09,기한청산
SPY,만기→다음주금,9,위,-5.0,1999-09-17,133.75,1999-09-24,5,127.0625,-5.0,-5.0,장중손절
SPY,만기→다음주금,9,위,-5.0,2000-09-15,146.0,2000-09-22,5,145.2812,-0.49,-2.45,기한청산
SPY,만기→다음주금,9,위,-5.0,2001-09-21,97.28,2001-09-28,5,104.44,7.36,1.83,기한청산
SPY,만기→다음주금,9,위,-5.0,2002-09-20,84.35,2002-09-27,5,82.75,-1.9,-2.96,기한청산
SPY,만기→다음주금,9,위,-5.0,2003-09-19,103.67,2003-09-26,5,99.95,-3.59,-3.68,기한청산
SPY,만기→다음주금,9,위,-5.0,2004-09-17,113.15,2004-09-24,5,111.46,-1.49,-1.94,기한청산
SPY,만기→다음주금,9,위,-5.0,2005-09-16,123.5,2005-09-23,5,121.44,-1.67,-2.48,기한청산
SPY,만기→다음주금,9,위,-5.0,2006-09-15,131.96,2006-09-22,5,131.47,-0.37,-0.73,기한청산
SPY,만기→다음주금,9,위,-5.0,2007-09-21,151.97,2007-09-28,5,152.58,0.4,-0.99,기한청산
SPY,만기→다음주금,9,위,-5.0,2008-09-19,124.12,2008-09-24,3,117.914,-5.0,-5.0,장중손절
SPY,만기→다음주금,9,위,-5.0,2009-09-18,106.72,2009-09-25,5,104.45,-2.13,-2.46,기한청산
SPY,만기→다음주금,9,위,-5.0,2010-09-17,112.49,2010-09-24,5,114.82,2.07,-0.28,기한청산
SPY,만기→다음주금,9,위,-5.0,2011-09-16,121.52,2011-09-22,4,113.25,-6.81,-6.81,갭손절
SPY,만기→다음주금,9,위,-5.0,2012-09-21,145.87,2012-09-28,5,143.97,-1.3,-2.0,기한청산
SPY,만기→다음주금,9,위,-5.0,2013-09-20,170.72,2013-09-27,5,168.91,-1.06,-1.32,기한청산
SPY,만기→다음주금,9,위,-5.0,2014-09-19,200.7,2014-09-26,5,197.9,-1.4,-2.21,기한청산
SPY,만기→다음주금,9,위,-5.0,2015-09-18,195.45,2015-09-25,5,192.85,-1.33,-2.5,기한청산
SPY,만기→다음주금,9,위,-5.0,2016-09-16,213.37,2016-09-23,5,215.99,1.23,-0.16,기한청산
SPY,만기→다음주금,9,위,-5.0,2017-09-15,249.19,2017-09-22,5,249.44,0.1,-0.11,기한청산
SPY,만기→다음주금,9,위,-5.0,2018-09-21,291.99,2018-09-28,5,290.72,-0.43,-0.88,기한청산
SPY,만기→다음주금,9,위,-5.0,2019-09-20,298.28,2019-09-27,5,295.4,-0.97,-1.54,기한청산
SPY,만기→다음주금,9,위,-5.0,2020-09-18,330.65,2020-09-25,5,328.73,-0.58,-3.28,기한청산
SPY,만기→다음주금,9,위,-5.0,2021-09-17,441.4,2021-09-24,5,443.91,0.57,-2.84,기한청산
SPY,만기→다음주금,9,위,-5.0,2022-09-16,385.56,2022-09-23,5,366.282,-5.0,-5.0,장중손절
SPY,만기→다음주금,9,위,-5.0,2023-09-15,443.37,2023-09-22,5,430.42,-2.92,-3.02,기한청산
SPY,만기→다음주금,9,위,-5.0,2024-09-20,568.25,2024-09-27,5,571.47,0.57,-0.11,기한청산
SPY,만기→다음주금,9,위,-5.0,2025-09-19,663.7,2025-09-26,5,661.82,-0.28,-1.4,기한청산
SPY,만기→다음주금,9,위,무손절,1993-09-17,45.8125,1993-09-24,5,45.7812,-0.07,-2.18,기한청산
SPY,만기→다음주금,9,위,무손절,1994-09-16,47.0156,1994-09-23,5,45.9062,-2.36,-2.73,기한청산
SPY,만기→다음주금,9,위,무손절,1995-09-15,58.4375,1995-09-22,5,58.3125,-0.21,-1.12,기한청산
SPY,만기→다음주금,9,위,무손절,1996-09-20,68.6406,1996-09-27,5,68.6875,0.07,-0.71,기한청산
SPY,만기→다음주금,9,위,무손절,1997-09-19,95.0312,1997-09-26,5,94.4688,-0.59,-1.48,기한청산
SPY,만기→다음주금,9,위,무손절,1998-09-18,102.0938,1998-09-25,5,104.25,2.11,-3.09,기한청산
SPY,만기→다음주금,9,위,무손절,1999-09-17,133.75,1999-09-24,5,127.75,-4.49,-5.56,기한청산
SPY,만기→다음주금,9,위,무손절,2000-09-15,146.0,2000-09-22,5,145.2812,-0.49,-2.45,기한청산
SPY,만기→다음주금,9,위,무손절,2001-09-21,97.28,2001-09-28,5,104.44,7.36,1.83,기한청산
SPY,만기→다음주금,9,위,무손절,2002-09-20,84.35,2002-09-27,5,82.75,-1.9,-2.96,기한청산
SPY,만기→다음주금,9,위,무손절,2003-09-19,103.67,2003-09-26,5,99.95,-3.59,-3.68,기한청산
SPY,만기→다음주금,9,위,무손절,2004-09-17,113.15,2004-09-24,5,111.46,-1.49,-1.94,기한청산
SPY,만기→다음주금,9,위,무손절,2005-09-16,123.5,2005-09-23,5,121.44,-1.67,-2.48,기한청산
SPY,만기→다음주금,9,위,무손절,2006-09-15,131.96,2006-09-22,5,131.47,-0.37,-0.73,기한청산
SPY,만기→다음주금,9,위,무손절,2007-09-21,151.97,2007-09-28,5,152.58,0.4,-0.99,기한청산
SPY,만기→다음주금,9,위,무손절,2008-09-19,124.12,2008-09-26,5,120.85,-2.63,-5.1,기한청산
SPY,만기→다음주금,9,위,무손절,2009-09-18,106.72,2009-09-25,5,104.45,-2.13,-2.46,기한청산
SPY,만기→다음주금,9,위,무손절,2010-09-17,112.49,2010-09-24,5,114.82,2.07,-0.28,기한청산
SPY,만기→다음주금,9,위,무손절,2011-09-16,121.52,2011-09-23,5,113.54,-6.57,-8.41,기한청산
SPY,만기→다음주금,9,위,무손절,2012-09-21,145.87,2012-09-28,5,143.97,-1.3,-2.0,기한청산
SPY,만기→다음주금,9,위,무손절,2013-09-20,170.72,2013-09-27,5,168.91,-1.06,-1.32,기한청산
SPY,만기→다음주금,9,위,무손절,2014-09-19,200.7,2014-09-26,5,197.9,-1.4,-2.21,기한청산
SPY,만기→다음주금,9,위,무손절,2015-09-18,195.45,2015-09-25,5,192.85,-1.33,-2.5,기한청산
SPY,만기→다음주금,9,위,무손절,2016-09-16,213.37,2016-09-23,5,215.99,1.23,-0.16,기한청산
SPY,만기→다음주금,9,위,무손절,2017-09-15,249.19,2017-09-22,5,249.44,0.1,-0.11,기한청산
SPY,만기→다음주금,9,위,무손절,2018-09-21,291.99,2018-09-28,5,290.72,-0.43,-0.88,기한청산
SPY,만기→다음주금,9,위,무손절,2019-09-20,298.28,2019-09-27,5,295.4,-0.97,-1.54,기한청산
SPY,만기→다음주금,9,위,무손절,2020-09-18,330.65,2020-09-25,5,328.73,-0.58,-3.28,기한청산
SPY,만기→다음주금,9,위,무손절,2021-09-17,441.4,2021-09-24,5,443.91,0.57,-2.84,기한청산
SPY,만기→다음주금,9,위,무손절,2022-09-16,385.56,2022-09-23,5,367.95,-4.57,-5.78,기한청산
SPY,만기→다음주금,9,위,무손절,2023-09-15,443.37,2023-09-22,5,430.42,-2.92,-3.02,기한청산
SPY,만기→다음주금,9,위,무손절,2024-09-20,568.25,2024-09-27,5,571.47,0.57,-0.11,기한청산
SPY,만기→다음주금,9,위,무손절,2025-09-19,663.7,2025-09-26,5,661.82,-0.28,-1.4,기한청산
SPY,만기→다음주금,9,아래,-5.0,1993-09-17,45.8125,1993-09-24,5,45.7812,0.07,-0.34,기한청산
SPY,만기→다음주금,9,아래,-5.0,1994-09-16,47.0156,1994-09-23,5,45.9062,2.36,-0.66,기한청산
SPY,만기→다음주금,9,아래,-5.0,1995-09-15,58.4375,1995-09-22,5,58.3125,0.21,-0.59,기한청산
SPY,만기→다음주금,9,아래,-5.0,1996-09-20,68.6406,1996-09-27,5,68.6875,-0.07,-0.89,기한청산
SPY,만기→다음주금,9,아래,-5.0,1997-09-19,95.0312,1997-09-26,5,94.4688,0.59,-1.23,기한청산
SPY,만기→다음주금,9,아래,-5.0,1998-09-18,102.0938,1998-09-25,5,104.25,-2.11,-4.81,기한청산
SPY,만기→다음주금,9,아래,-5.0,1999-09-17,133.75,1999-09-24,5,127.75,4.49,-0.19,기한청산
SPY,만기→다음주금,9,아래,-5.0,2000-09-15,146.0,2000-09-22,5,145.2812,0.49,-0.66,기한청산
SPY,만기→다음주금,9,아래,-5.0,2001-09-21,97.28,2001-09-26,3,102.35,-5.21,-5.21,갭손절
SPY,만기→다음주금,9,아래,-5.0,2002-09-20,84.35,2002-09-27,5,82.75,1.9,-1.92,기한청산
SPY,만기→다음주금,9,아래,-5.0,2003-09-19,103.67,2003-09-26,5,99.95,3.59,0.37,기한청산
SPY,만기→다음주금,9,아래,-5.0,2004-09-17,113.15,2004-09-24,5,111.46,1.49,-0.28,기한청산
SPY,만기→다음주금,9,아래,-5.0,2005-09-16,123.5,2005-09-23,5,121.44,1.67,-0.09,기한청산
SPY,만기→다음주금,9,아래,-5.0,2006-09-15,131.96,2006-09-22,5,131.47,0.37,-0.61,기한청산
SPY,만기→다음주금,9,아래,-5.0,2007-09-21,151.97,2007-09-28,5,152.58,-0.4,-0.8,기한청산
SPY,만기→다음주금,9,아래,-5.0,2008-09-19,124.12,2008-09-26,5,120.85,2.63,-0.51,기한청산
SPY,만기→다음주금,9,아래,-5.0,2009-09-18,106.72,2009-09-25,5,104.45,2.13,-1.23,기한청산
SPY,만기→다음주금,9,아래,-5.0,2010-09-17,112.49,2010-09-24,5,114.82,-2.07,-2.14,기한청산
SPY,만기→다음주금,9,아래,-5.0,2011-09-16,121.52,2011-09-23,5,113.54,6.57,-0.39,기한청산
SPY,만기→다음주금,9,아래,-5.0,2012-09-21,145.87,2012-09-28,5,143.97,1.3,-0.25,기한청산
SPY,만기→다음주금,9,아래,-5.0,2013-09-20,170.72,2013-09-27,5,168.91,1.06,0.04,기한청산
SPY,만기→다음주금,9,아래,-5.0,2014-09-19,200.7,2014-09-26,5,197.9,1.4,0.16,기한청산
SPY,만기→다음주금,9,아래,-5.0,2015-09-18,195.45,2015-09-25,5,192.85,1.33,-1.14,기한청산
SPY,만기→다음주금,9,아래,-5.0,2016-09-16,213.37,2016-09-23,5,215.99,-1.23,-1.95,기한청산
SPY,만기→다음주금,9,아래,-5.0,2017-09-15,249.19,2017-09-22,5,249.44,-0.1,-0.4,기한청산
SPY,만기→다음주금,9,아래,-5.0,2018-09-21,291.99,2018-09-28,5,290.72,0.43,-0.09,기한청산
SPY,만기→다음주금,9,아래,-5.0,2019-09-20,298.28,2019-09-27,5,295.4,0.97,-0.52,기한청산
SPY,만기→다음주금,9,아래,-5.0,2020-09-18,330.65,2020-09-25,5,328.73,0.58,-0.17,기한청산
SPY,만기→다음주금,9,아래,-5.0,2021-09-17,441.4,2021-09-24,5,443.91,-0.57,-0.79,기한청산
SPY,만기→다음주금,9,아래,-5.0,2022-09-16,385.56,2022-09-23,5,367.95,4.57,-0.97,기한청산
SPY,만기→다음주금,9,아래,-5.0,2023-09-15,443.37,2023-09-22,5,430.42,2.92,-0.36,기한청산
SPY,만기→다음주금,9,아래,-5.0,2024-09-20,568.25,2024-09-27,5,571.47,-0.57,-1.14,기한청산
SPY,만기→다음주금,9,아래,-5.0,2025-09-19,663.7,2025-09-26,5,661.82,0.28,-0.55,기한청산
SPY,만기→다음주금,9,아래,무손절,1993-09-17,45.8125,1993-09-24,5,45.7812,0.07,-0.34,기한청산
SPY,만기→다음주금,9,아래,무손절,1994-09-16,47.0156,1994-09-23,5,45.9062,2.36,-0.66,기한청산
SPY,만기→다음주금,9,아래,무손절,1995-09-15,58.4375,1995-09-22,5,58.3125,0.21,-0.59,기한청산
SPY,만기→다음주금,9,아래,무손절,1996-09-20,68.6406,1996-09-27,5,68.6875,-0.07,-0.89,기한청산
SPY,만기→다음주금,9,아래,무손절,1997-09-19,95.0312,1997-09-26,5,94.4688,0.59,-1.23,기한청산
SPY,만기→다음주금,9,아래,무손절,1998-09-18,102.0938,1998-09-25,5,104.25,-2.11,-4.81,기한청산
SPY,만기→다음주금,9,아래,무손절,1999-09-17,133.75,1999-09-24,5,127.75,4.49,-0.19,기한청산
SPY,만기→다음주금,9,아래,무손절,2000-09-15,146.0,2000-09-22,5,145.2812,0.49,-0.66,기한청산
SPY,만기→다음주금,9,아래,무손절,2001-09-21,97.28,2001-09-28,5,104.44,-7.36,-12.69,기한청산
SPY,만기→다음주금,9,아래,무손절,2002-09-20,84.35,2002-09-27,5,82.75,1.9,-1.92,기한청산
SPY,만기→다음주금,9,아래,무손절,2003-09-19,103.67,2003-09-26,5,99.95,3.59,0.37,기한청산
SPY,만기→다음주금,9,아래,무손절,2004-09-17,113.15,2004-09-24,5,111.46,1.49,-0.28,기한청산
SPY,만기→다음주금,9,아래,무손절,2005-09-16,123.5,2005-09-23,5,121.44,1.67,-0.09,기한청산
SPY,만기→다음주금,9,아래,무손절,2006-09-15,131.96,2006-09-22,5,131.47,0.37,-0.61,기한청산
SPY,만기→다음주금,9,아래,무손절,2007-09-21,151.97,2007-09-28,5,152.58,-0.4,-0.8,기한청산
SPY,만기→다음주금,9,아래,무손절,2008-09-19,124.12,2008-09-26,5,120.85,2.63,-0.51,기한청산
SPY,만기→다음주금,9,아래,무손절,2009-09-18,106.72,2009-09-25,5,104.45,2.13,-1.23,기한청산
SPY,만기→다음주금,9,아래,무손절,2010-09-17,112.49,2010-09-24,5,114.82,-2.07,-2.14,기한청산
SPY,만기→다음주금,9,아래,무손절,2011-09-16,121.52,2011-09-23,5,113.54,6.57,-0.39,기한청산
SPY,만기→다음주금,9,아래,무손절,2012-09-21,145.87,2012-09-28,5,143.97,1.3,-0.25,기한청산
SPY,만기→다음주금,9,아래,무손절,2013-09-20,170.72,2013-09-27,5,168.91,1.06,0.04,기한청산
SPY,만기→다음주금,9,아래,무손절,2014-09-19,200.7,2014-09-26,5,197.9,1.4,0.16,기한청산
SPY,만기→다음주금,9,아래,무손절,2015-09-18,195.45,2015-09-25,5,192.85,1.33,-1.14,기한청산
SPY,만기→다음주금,9,아래,무손절,2016-09-16,213.37,2016-09-23,5,215.99,-1.23,-1.95,기한청산
SPY,만기→다음주금,9,아래,무손절,2017-09-15,249.19,2017-09-22,5,249.44,-0.1,-0.4,기한청산
SPY,만기→다음주금,9,아래,무손절,2018-09-21,291.99,2018-09-28,5,290.72,0.43,-0.09,기한청산
SPY,만기→다음주금,9,아래,무손절,2019-09-20,298.28,2019-09-27,5,295.4,0.97,-0.52,기한청산
SPY,만기→다음주금,9,아래,무손절,2020-09-18,330.65,2020-09-25,5,328.73,0.58,-0.17,기한청산
SPY,만기→다음주금,9,아래,무손절,2021-09-17,441.4,2021-09-24,5,443.91,-0.57,-0.79,기한청산
SPY,만기→다음주금,9,아래,무손절,2022-09-16,385.56,2022-09-23,5,367.95,4.57,-0.97,기한청산
SPY,만기→다음주금,9,아래,무손절,2023-09-15,443.37,2023-09-22,5,430.42,2.92,-0.36,기한청산
SPY,만기→다음주금,9,아래,무손절,2024-09-20,568.25,2024-09-27,5,571.47,-0.57,-1.14,기한청산
SPY,만기→다음주금,9,아래,무손절,2025-09-19,663.7,2025-09-26,5,661.82,0.28,-0.55,기한청산
SPY,만기→다음주금,12,위,-5.0,1993-12-17,46.5625,1993-12-23,4,46.75,0.4,-0.34,기한청산
SPY,만기→다음주금,12,위,-5.0,1994-12-16,45.75,1994-12-23,5,46.0625,0.68,-0.31,기한청산
SPY,만기→다음주금,12,위,-5.0,1995-12-15,61.8125,1995-12-22,5,61.2031,-0.99,-2.0,기한청산
SPY,만기→다음주금,12,위,-5.0,1996-12-20,74.8438,1996-12-27,4,75.875,1.38,-0.69,기한청산
SPY,만기→다음주금,12,위,-5.0,1997-12-19,94.7812,1997-12-26,4,93.7812,-1.06,-1.62,기한청산
SPY,만기→다음주금,12,위,-5.0,1998-12-18,118.5,1998-12-24,4,122.6875,3.53,0.42,기한청산
SPY,만기→다음주금,12,위,-5.0,1999-12-17,142.6875,1999-12-23,4,146.4844,2.66,-1.12,기한청산
SPY,만기→다음주금,12,위,-5.0,2000-12-15,130.9688,2000-12-22,5,130.9375,-0.02,-4.15,기한청산
SPY,만기→다음주금,12,위,-5.0,2001-12-21,114.95,2001-12-28,4,116.0,0.91,-0.3,기한청산
SPY,만기→다음주금,12,위,-5.0,2002-12-20,89.99,2002-12-27,4,87.38,-2.9,-2.9,기한청산
SPY,만기→다음주금,12,위,-5.0,2003-12-19,108.9,2003-12-26,4,109.7,0.73,-0.11,기한청산
SPY,만기→다음주금,12,위,-5.0,2004-12-17,119.44,2004-12-23,4,120.77,1.11,-0.23,기한청산
SPY,만기→다음주금,12,위,-5.0,2005-12-16,126.36,2005-12-23,5,126.76,0.32,-0.7,기한청산
SPY,만기→다음주금,12,위,-5.0,2006-12-15,142.34,2006-12-22,5,140.75,-1.12,-1.17,기한청산
SPY,만기→다음주금,12,위,-5.0,2007-12-21,148.13,2007-12-28,4,147.3,-0.56,-0.83,기한청산
SPY,만기→다음주금,12,위,-5.0,2008-12-19,88.19,2008-12-26,4,87.16,-1.17,-3.06,기한청산
SPY,만기→다음주금,12,위,-5.0,2009-12-18,110.21,2009-12-24,4,112.48,2.06,0.5,기한청산
SPY,만기→다음주금,12,위,-5.0,2010-12-17,124.3,2010-12-23,4,125.6,1.05,-0.26,기한청산
SPY,만기→다음주금,12,위,-5.0,2011-12-16,121.59,2011-12-23,5,126.39,3.95,-1.28,기한청산
SPY,만기→다음주금,12,위,-5.0,2012-12-21,142.79,2012-12-28,4,140.03,-1.93,-2.04,기한청산
SPY,만기→다음주금,12,위,-5.0,2013-12-20,181.56,2013-12-27,4,183.85,1.26,0.28,기한청산
SPY,만기→다음주금,12,위,-5.0,2014-12-19,206.52,2014-12-26,4,208.44,0.93,-0.03,기한청산
SPY,만기→다음주금,12,위,-5.0,2015-12-18,200.02,2015-12-24,4,205.68,2.83,0.03,기한청산
SPY,만기→다음주금,12,위,-5.0,2016-12-16,225.04,2016-12-23,5,225.71,0.3,-0.05,기한청산
SPY,만기→다음주금,12,위,-5.0,2017-12-15,266.51,2017-12-22,5,267.51,0.38,0.07,기한청산
SPY,만기→다음주금,12,위,-5.0,2018-12-21,240.7,2018-12-28,4,247.75,2.93,-2.88,기한청산
SPY,만기→다음주금,12,위,-5.0,2019-12-20,320.73,2019-12-27,4,322.86,0.66,0.05,기한청산
SPY,만기→다음주금,12,위,-5.0,2020-12-18,369.18,2020-12-24,4,369.0,-0.05,-1.94,기한청산
SPY,만기→다음주금,12,위,-5.0,2021-12-17,459.87,2021-12-23,4,470.6,2.33,-1.9,기한청산
SPY,만기→다음주금,12,위,-5.0,2022-12-16,383.27,2022-12-23,5,382.91,-0.09,-2.22,기한청산
SPY,만기→다음주금,12,위,-5.0,2023-12-15,469.33,2023-12-22,5,473.65,0.92,-0.32,기한청산
SPY,만기→다음주금,12,위,-5.0,2024-12-20,591.15,2024-12-27,4,595.01,0.65,-0.59,기한청산
SPY,만기→다음주금,12,위,-5.0,2025-12-19,680.59,2025-12-26,4,690.31,1.43,0.0,기한청산
SPY,만기→다음주금,12,위,무손절,1993-12-17,46.5625,1993-12-23,4,46.75,0.4,-0.34,기한청산
SPY,만기→다음주금,12,위,무손절,1994-12-16,45.75,1994-12-23,5,46.0625,0.68,-0.31,기한청산
SPY,만기→다음주금,12,위,무손절,1995-12-15,61.8125,1995-12-22,5,61.2031,-0.99,-2.0,기한청산
SPY,만기→다음주금,12,위,무손절,1996-12-20,74.8438,1996-12-27,4,75.875,1.38,-0.69,기한청산
SPY,만기→다음주금,12,위,무손절,1997-12-19,94.7812,1997-12-26,4,93.7812,-1.06,-1.62,기한청산
SPY,만기→다음주금,12,위,무손절,1998-12-18,118.5,1998-12-24,4,122.6875,3.53,0.42,기한청산
SPY,만기→다음주금,12,위,무손절,1999-12-17,142.6875,1999-12-23,4,146.4844,2.66,-1.12,기한청산
SPY,만기→다음주금,12,위,무손절,2000-12-15,130.9688,2000-12-22,5,130.9375,-0.02,-4.15,기한청산
SPY,만기→다음주금,12,위,무손절,2001-12-21,114.95,2001-12-28,4,116.0,0.91,-0.3,기한청산
SPY,만기→다음주금,12,위,무손절,2002-12-20,89.99,2002-12-27,4,87.38,-2.9,-2.9,기한청산
SPY,만기→다음주금,12,위,무손절,2003-12-19,108.9,2003-12-26,4,109.7,0.73,-0.11,기한청산
SPY,만기→다음주금,12,위,무손절,2004-12-17,119.44,2004-12-23,4,120.77,1.11,-0.23,기한청산
SPY,만기→다음주금,12,위,무손절,2005-12-16,126.36,2005-12-23,5,126.76,0.32,-0.7,기한청산
SPY,만기→다음주금,12,위,무손절,2006-12-15,142.34,2006-12-22,5,140.75,-1.12,-1.17,기한청산
SPY,만기→다음주금,12,위,무손절,2007-12-21,148.13,2007-12-28,4,147.3,-0.56,-0.83,기한청산
SPY,만기→다음주금,12,위,무손절,2008-12-19,88.19,2008-12-26,4,87.16,-1.17,-3.06,기한청산
SPY,만기→다음주금,12,위,무손절,2009-12-18,110.21,2009-12-24,4,112.48,2.06,0.5,기한청산
SPY,만기→다음주금,12,위,무손절,2010-12-17,124.3,2010-12-23,4,125.6,1.05,-0.26,기한청산
SPY,만기→다음주금,12,위,무손절,2011-12-16,121.59,2011-12-23,5,126.39,3.95,-1.28,기한청산
SPY,만기→다음주금,12,위,무손절,2012-12-21,142.79,2012-12-28,4,140.03,-1.93,-2.04,기한청산
SPY,만기→다음주금,12,위,무손절,2013-12-20,181.56,2013-12-27,4,183.85,1.26,0.28,기한청산
SPY,만기→다음주금,12,위,무손절,2014-12-19,206.52,2014-12-26,4,208.44,0.93,-0.03,기한청산
SPY,만기→다음주금,12,위,무손절,2015-12-18,200.02,2015-12-24,4,205.68,2.83,0.03,기한청산
SPY,만기→다음주금,12,위,무손절,2016-12-16,225.04,2016-12-23,5,225.71,0.3,-0.05,기한청산
SPY,만기→다음주금,12,위,무손절,2017-12-15,266.51,2017-12-22,5,267.51,0.38,0.07,기한청산
SPY,만기→다음주금,12,위,무손절,2018-12-21,240.7,2018-12-28,4,247.75,2.93,-2.88,기한청산
SPY,만기→다음주금,12,위,무손절,2019-12-20,320.73,2019-12-27,4,322.86,0.66,0.05,기한청산
SPY,만기→다음주금,12,위,무손절,2020-12-18,369.18,2020-12-24,4,369.0,-0.05,-1.94,기한청산
SPY,만기→다음주금,12,위,무손절,2021-12-17,459.87,2021-12-23,4,470.6,2.33,-1.9,기한청산
SPY,만기→다음주금,12,위,무손절,2022-12-16,383.27,2022-12-23,5,382.91,-0.09,-2.22,기한청산
SPY,만기→다음주금,12,위,무손절,2023-12-15,469.33,2023-12-22,5,473.65,0.92,-0.32,기한청산
SPY,만기→다음주금,12,위,무손절,2024-12-20,591.15,2024-12-27,4,595.01,0.65,-0.59,기한청산
SPY,만기→다음주금,12,위,무손절,2025-12-19,680.59,2025-12-26,4,690.31,1.43,0.0,기한청산
SPY,만기→다음주금,12,아래,-5.0,1993-12-17,46.5625,1993-12-23,4,46.75,-0.4,-0.6,기한청산
SPY,만기→다음주금,12,아래,-5.0,1994-12-16,45.75,1994-12-23,5,46.0625,-0.68,-1.13,기한청산
SPY,만기→다음주금,12,아래,-5.0,1995-12-15,61.8125,1995-12-22,5,61.2031,0.99,0.48,기한청산
SPY,만기→다음주금,12,아래,-5.0,1996-12-20,74.8438,1996-12-27,4,75.875,-1.38,-1.59,기한청산
SPY,만기→다음주금,12,아래,-5.0,1997-12-19,94.7812,1997-12-26,4,93.7812,1.06,-1.19,기한청산
SPY,만기→다음주금,12,아래,-5.0,1998-12-18,118.5,1998-12-24,4,122.6875,-3.53,-4.01,기한청산
SPY,만기→다음주금,12,아래,-5.0,1999-12-17,142.6875,1999-12-23,4,146.4844,-2.66,-2.66,기한청산
SPY,만기→다음주금,12,아래,-5.0,2000-12-15,130.9688,2000-12-22,5,130.9375,0.02,-3.05,기한청산
SPY,만기→다음주금,12,아래,-5.0,2001-12-21,114.95,2001-12-28,4,116.0,-0.91,-1.57,기한청산
SPY,만기→다음주금,12,아래,-5.0,2002-12-20,89.99,2002-12-27,4,87.38,2.9,-0.69,기한청산
SPY,만기→다음주금,12,아래,-5.0,2003-12-19,108.9,2003-12-26,4,109.7,-0.73,-1.08,기한청산
SPY,만기→다음주금,12,아래,-5.0,2004-12-17,119.44,2004-12-23,4,120.77,-1.11,-1.54,기한청산
SPY,만기→다음주금,12,아래,-5.0,2005-12-16,126.36,2005-12-23,5,126.76,-0.32,-0.4,기한청산
SPY,만기→다음주금,12,아래,-5.0,2006-12-15,142.34,2006-12-22,5,140.75,1.12,-0.38,기한청산
SPY,만기→다음주금,12,아래,-5.0,2007-12-21,148.13,2007-12-28,4,147.3,0.56,-1.05,기한청산
SPY,만기→다음주금,12,아래,-5.0,2008-12-19,88.19,2008-12-26,4,87.16,1.17,-0.54,기한청산
SPY,만기→다음주금,12,아래,-5.0,2009-12-18,110.21,2009-12-24,4,112.48,-2.06,-2.17,기한청산
SPY,만기→다음주금,12,아래,-5.0,2010-12-17,124.3,2010-12-23,4,125.6,-1.05,-1.22,기한청산
SPY,만기→다음주금,12,아래,-5.0,2011-12-16,121.59,2011-12-23,5,126.39,-3.95,-3.98,기한청산
SPY,만기→다음주금,12,아래,-5.0,2012-12-21,142.79,2012-12-28,4,140.03,1.93,0.06,기한청산
SPY,만기→다음주금,12,아래,-5.0,2013-12-20,181.56,2013-12-27,4,183.85,-1.26,-1.44,기한청산
SPY,만기→다음주금,12,아래,-5.0,2014-12-19,206.52,2014-12-26,4,208.44,-0.93,-1.13,기한청산
SPY,만기→다음주금,12,아래,-5.0,2015-12-18,200.02,2015-12-24,4,205.68,-2.83,-3.15,기한청산
SPY,만기→다음주금,12,아래,-5.0,2016-12-16,225.04,2016-12-23,5,225.71,-0.3,-0.68,기한청산
SPY,만기→다음주금,12,아래,-5.0,2017-12-15,266.51,2017-12-22,5,267.51,-0.38,-0.78,기한청산
SPY,만기→다음주금,12,아래,-5.0,2018-12-21,240.7,2018-12-28,4,247.75,-2.93,-4.45,기한청산
SPY,만기→다음주금,12,아래,-5.0,2019-12-20,320.73,2019-12-27,4,322.86,-0.66,-0.96,기한청산
SPY,만기→다음주금,12,아래,-5.0,2020-12-18,369.18,2020-12-24,4,369.0,0.05,-2.51,기한청산
SPY,만기→다음주금,12,아래,-5.0,2021-12-17,459.87,2021-12-23,4,470.6,-2.33,-2.68,기한청산
SPY,만기→다음주금,12,아래,-5.0,2022-12-16,383.27,2022-12-23,5,382.91,0.09,-1.08,기한청산
SPY,만기→다음주금,12,아래,-5.0,2023-12-15,469.33,2023-12-22,5,473.65,-0.92,-1.4,기한청산
SPY,만기→다음주금,12,아래,-5.0,2024-12-20,591.15,2024-12-27,4,595.01,-0.65,-1.92,기한청산
SPY,만기→다음주금,12,아래,-5.0,2025-12-19,680.59,2025-12-26,4,690.31,-1.43,-1.63,기한청산
SPY,만기→다음주금,12,아래,무손절,1993-12-17,46.5625,1993-12-23,4,46.75,-0.4,-0.6,기한청산
SPY,만기→다음주금,12,아래,무손절,1994-12-16,45.75,1994-12-23,5,46.0625,-0.68,-1.13,기한청산
SPY,만기→다음주금,12,아래,무손절,1995-12-15,61.8125,1995-12-22,5,61.2031,0.99,0.48,기한청산
SPY,만기→다음주금,12,아래,무손절,1996-12-20,74.8438,1996-12-27,4,75.875,-1.38,-1.59,기한청산
SPY,만기→다음주금,12,아래,무손절,1997-12-19,94.7812,1997-12-26,4,93.7812,1.06,-1.19,기한청산
SPY,만기→다음주금,12,아래,무손절,1998-12-18,118.5,1998-12-24,4,122.6875,-3.53,-4.01,기한청산
SPY,만기→다음주금,12,아래,무손절,1999-12-17,142.6875,1999-12-23,4,146.4844,-2.66,-2.66,기한청산
SPY,만기→다음주금,12,아래,무손절,2000-12-15,130.9688,2000-12-22,5,130.9375,0.02,-3.05,기한청산
SPY,만기→다음주금,12,아래,무손절,2001-12-21,114.95,2001-12-28,4,116.0,-0.91,-1.57,기한청산
SPY,만기→다음주금,12,아래,무손절,2002-12-20,89.99,2002-12-27,4,87.38,2.9,-0.69,기한청산
SPY,만기→다음주금,12,아래,무손절,2003-12-19,108.9,2003-12-26,4,109.7,-0.73,-1.08,기한청산
SPY,만기→다음주금,12,아래,무손절,2004-12-17,119.44,2004-12-23,4,120.77,-1.11,-1.54,기한청산
SPY,만기→다음주금,12,아래,무손절,2005-12-16,126.36,2005-12-23,5,126.76,-0.32,-0.4,기한청산
SPY,만기→다음주금,12,아래,무손절,2006-12-15,142.34,2006-12-22,5,140.75,1.12,-0.38,기한청산
SPY,만기→다음주금,12,아래,무손절,2007-12-21,148.13,2007-12-28,4,147.3,0.56,-1.05,기한청산
SPY,만기→다음주금,12,아래,무손절,2008-12-19,88.19,2008-12-26,4,87.16,1.17,-0.54,기한청산
SPY,만기→다음주금,12,아래,무손절,2009-12-18,110.21,2009-12-24,4,112.48,-2.06,-2.17,기한청산
SPY,만기→다음주금,12,아래,무손절,2010-12-17,124.3,2010-12-23,4,125.6,-1.05,-1.22,기한청산
SPY,만기→다음주금,12,아래,무손절,2011-12-16,121.59,2011-12-23,5,126.39,-3.95,-3.98,기한청산
SPY,만기→다음주금,12,아래,무손절,2012-12-21,142.79,2012-12-28,4,140.03,1.93,0.06,기한청산
SPY,만기→다음주금,12,아래,무손절,2013-12-20,181.56,2013-12-27,4,183.85,-1.26,-1.44,기한청산
SPY,만기→다음주금,12,아래,무손절,2014-12-19,206.52,2014-12-26,4,208.44,-0.93,-1.13,기한청산
SPY,만기→다음주금,12,아래,무손절,2015-12-18,200.02,2015-12-24,4,205.68,-2.83,-3.15,기한청산
SPY,만기→다음주금,12,아래,무손절,2016-12-16,225.04,2016-12-23,5,225.71,-0.3,-0.68,기한청산
SPY,만기→다음주금,12,아래,무손절,2017-12-15,266.51,2017-12-22,5,267.51,-0.38,-0.78,기한청산
SPY,만기→다음주금,12,아래,무손절,2018-12-21,240.7,2018-12-28,4,247.75,-2.93,-4.45,기한청산
SPY,만기→다음주금,12,아래,무손절,2019-12-20,320.73,2019-12-27,4,322.86,-0.66,-0.96,기한청산
SPY,만기→다음주금,12,아래,무손절,2020-12-18,369.18,2020-12-24,4,369.0,0.05,-2.51,기한청산
SPY,만기→다음주금,12,아래,무손절,2021-12-17,459.87,2021-12-23,4,470.6,-2.33,-2.68,기한청산
SPY,만기→다음주금,12,아래,무손절,2022-12-16,383.27,2022-12-23,5,382.91,0.09,-1.08,기한청산
SPY,만기→다음주금,12,아래,무손절,2023-12-15,469.33,2023-12-22,5,473.65,-0.92,-1.4,기한청산
SPY,만기→다음주금,12,아래,무손절,2024-12-20,591.15,2024-12-27,4,595.01,-0.65,-1.92,기한청산
SPY,만기→다음주금,12,아래,무손절,2025-12-19,680.59,2025-12-26,4,690.31,-1.43,-1.63,기한청산
SPY,만기→말일,9,위,-5.0,1993-09-17,45.8125,1993-09-30,9,45.9375,0.27,-2.18,기한청산
SPY,만기→말일,9,위,-5.0,1994-09-16,47.0156,1994-09-30,10,46.1719,-1.79,-2.73,기한청산
SPY,만기→말일,9,위,-5.0,1995-09-15,58.4375,1995-09-29,10,58.4844,0.08,-1.44,기한청산
SPY,만기→말일,9,위,-5.0,1996-09-20,68.6406,1996-09-30,6,68.625,-0.02,-0.71,기한청산
SPY,만기→말일,9,위,-5.0,1997-09-19,95.0312,1997-09-30,7,94.375,-0.69,-1.48,기한청산
SPY,만기→말일,9,위,-5.0,1998-09-18,102.0938,1998-09-30,8,101.75,-0.34,-3.09,기한청산
SPY,만기→말일,9,위,-5.0,1999-09-17,133.75,1999-09-24,5,127.0625,-5.0,-5.0,장중손절
SPY,만기→말일,9,위,-5.0,2000-09-15,146.0,2000-09-29,10,143.625,-1.63,-2.65,기한청산
SPY,만기→말일,9,위,-5.0,2001-09-21,97.28,2001-09-28,5,104.44,7.36,1.83,기한청산
SPY,만기→말일,9,위,-5.0,2002-09-20,84.35,2002-09-30,6,81.79,-3.03,-4.09,기한청산
SPY,만기→말일,9,위,-5.0,2003-09-19,103.67,2003-09-30,7,99.95,-3.59,-4.26,기한청산
SPY,만기→말일,9,위,-5.0,2004-09-17,113.15,2004-09-30,9,111.76,-1.23,-2.42,기한청산
SPY,만기→말일,9,위,-5.0,2005-09-16,123.5,2005-09-30,10,123.04,-0.37,-2.48,기한청산
SPY,만기→말일,9,위,-5.0,2006-09-15,131.96,2006-09-29,10,133.58,1.23,-0.73,기한청산
SPY,만기→말일,9,위,-5.0,2007-09-21,151.97,2007-09-28,5,152.58,0.4,-0.99,기한청산
SPY,만기→말일,9,위,-5.0,2008-09-19,124.12,2008-09-24,3,117.914,-5.0,-5.0,장중손절
SPY,만기→말일,9,위,-5.0,2009-09-18,106.72,2009-09-30,8,105.59,-1.06,-2.46,기한청산
SPY,만기→말일,9,위,-5.0,2010-09-17,112.49,2010-09-30,9,114.13,1.46,-0.28,기한청산
SPY,만기→말일,9,위,-5.0,2011-09-16,121.52,2011-09-22,4,113.25,-6.81,-6.81,갭손절
SPY,만기→말일,9,위,-5.0,2012-09-21,145.87,2012-09-28,5,143.97,-1.3,-2.0,기한청산
SPY,만기→말일,9,위,-5.0,2013-09-20,170.72,2013-09-30,6,168.01,-1.59,-2.09,기한청산
SPY,만기→말일,9,위,-5.0,2014-09-19,200.7,2014-09-30,7,197.02,-1.83,-2.32,기한청산
SPY,만기→말일,9,위,-5.0,2015-09-18,195.45,2015-09-30,8,191.63,-1.95,-4.36,기한청산
SPY,만기→말일,9,위,-5.0,2016-09-16,213.37,2016-09-30,10,216.3,1.37,-0.16,기한청산
SPY,만기→말일,9,위,-5.0,2017-09-15,249.19,2017-09-29,10,251.23,0.82,-0.45,기한청산
SPY,만기→말일,9,위,-5.0,2018-09-21,291.99,2018-09-28,5,290.72,-0.43,-0.88,기한청산
SPY,만기→말일,9,위,-5.0,2019-09-20,298.28,2019-09-30,6,296.77,-0.51,-1.54,기한청산
SPY,만기→말일,9,위,-5.0,2020-09-18,330.65,2020-09-30,8,334.89,1.28,-3.28,기한청산
SPY,만기→말일,9,위,-5.0,2021-09-17,441.4,2021-09-30,9,429.14,-2.78,-2.86,기한청산
SPY,만기→말일,9,위,-5.0,2022-09-16,385.56,2022-09-23,5,366.282,-5.0,-5.0,장중손절
SPY,만기→말일,9,위,-5.0,2023-09-15,443.37,2023-09-29,10,427.48,-3.58,-4.75,기한청산
SPY,만기→말일,9,위,-5.0,2024-09-20,568.25,2024-09-30,6,573.76,0.97,-0.11,기한청산
SPY,만기→말일,9,위,-5.0,2025-09-19,663.7,2025-09-30,7,666.18,0.37,-1.4,기한청산
SPY,만기→말일,9,위,무손절,1993-09-17,45.8125,1993-09-30,9,45.9375,0.27,-2.18,기한청산
SPY,만기→말일,9,위,무손절,1994-09-16,47.0156,1994-09-30,10,46.1719,-1.79,-2.73,기한청산
SPY,만기→말일,9,위,무손절,1995-09-15,58.4375,1995-09-29,10,58.4844,0.08,-1.44,기한청산
SPY,만기→말일,9,위,무손절,1996-09-20,68.6406,1996-09-30,6,68.625,-0.02,-0.71,기한청산
SPY,만기→말일,9,위,무손절,1997-09-19,95.0312,1997-09-30,7,94.375,-0.69,-1.48,기한청산
SPY,만기→말일,9,위,무손절,1998-09-18,102.0938,1998-09-30,8,101.75,-0.34,-3.09,기한청산
SPY,만기→말일,9,위,무손절,1999-09-17,133.75,1999-09-30,9,128.75,-3.74,-6.12,기한청산
SPY,만기→말일,9,위,무손절,2000-09-15,146.0,2000-09-29,10,143.625,-1.63,-2.65,기한청산
SPY,만기→말일,9,위,무손절,2001-09-21,97.28,2001-09-28,5,104.44,7.36,1.83,기한청산
SPY,만기→말일,9,위,무손절,2002-09-20,84.35,2002-09-30,6,81.79,-3.03,-4.09,기한청산
SPY,만기→말일,9,위,무손절,2003-09-19,103.67,2003-09-30,7,99.95,-3.59,-4.26,기한청산
SPY,만기→말일,9,위,무손절,2004-09-17,113.15,2004-09-30,9,111.76,-1.23,-2.42,기한청산
SPY,만기→말일,9,위,무손절,2005-09-16,123.5,2005-09-30,10,123.04,-0.37,-2.48,기한청산
SPY,만기→말일,9,위,무손절,2006-09-15,131.96,2006-09-29,10,133.58,1.23,-0.73,기한청산
SPY,만기→말일,9,위,무손절,2007-09-21,151.97,2007-09-28,5,152.58,0.4,-0.99,기한청산
SPY,만기→말일,9,위,무손절,2008-09-19,124.12,2008-09-30,7,115.99,-6.55,-10.95,기한청산
SPY,만기→말일,9,위,무손절,2009-09-18,106.72,2009-09-30,8,105.59,-1.06,-2.46,기한청산
SPY,만기→말일,9,위,무손절,2010-09-17,112.49,2010-09-30,9,114.13,1.46,-0.28,기한청산
SPY,만기→말일,9,위,무손절,2011-09-16,121.52,2011-09-30,10,113.15,-6.89,-8.41,기한청산
SPY,만기→말일,9,위,무손절,2012-09-21,145.87,2012-09-28,5,143.97,-1.3,-2.0,기한청산
SPY,만기→말일,9,위,무손절,2013-09-20,170.72,2013-09-30,6,168.01,-1.59,-2.09,기한청산
SPY,만기→말일,9,위,무손절,2014-09-19,200.7,2014-09-30,7,197.02,-1.83,-2.32,기한청산
SPY,만기→말일,9,위,무손절,2015-09-18,195.45,2015-09-30,8,191.63,-1.95,-4.36,기한청산
SPY,만기→말일,9,위,무손절,2016-09-16,213.37,2016-09-30,10,216.3,1.37,-0.16,기한청산
SPY,만기→말일,9,위,무손절,2017-09-15,249.19,2017-09-29,10,251.23,0.82,-0.45,기한청산
SPY,만기→말일,9,위,무손절,2018-09-21,291.99,2018-09-28,5,290.72,-0.43,-0.88,기한청산
SPY,만기→말일,9,위,무손절,2019-09-20,298.28,2019-09-30,6,296.77,-0.51,-1.54,기한청산
SPY,만기→말일,9,위,무손절,2020-09-18,330.65,2020-09-30,8,334.89,1.28,-3.28,기한청산
SPY,만기→말일,9,위,무손절,2021-09-17,441.4,2021-09-30,9,429.14,-2.78,-2.86,기한청산
SPY,만기→말일,9,위,무손절,2022-09-16,385.56,2022-09-30,10,357.18,-7.36,-7.4,기한청산
SPY,만기→말일,9,위,무손절,2023-09-15,443.37,2023-09-29,10,427.48,-3.58,-4.75,기한청산
SPY,만기→말일,9,위,무손절,2024-09-20,568.25,2024-09-30,6,573.76,0.97,-0.11,기한청산
SPY,만기→말일,9,위,무손절,2025-09-19,663.7,2025-09-30,7,666.18,0.37,-1.4,기한청산
SPY,만기→말일,9,아래,-5.0,1993-09-17,45.8125,1993-09-30,9,45.9375,-0.27,-1.09,기한청산
SPY,만기→말일,9,아래,-5.0,1994-09-16,47.0156,1994-09-30,10,46.1719,1.79,-0.66,기한청산
SPY,만기→말일,9,아래,-5.0,1995-09-15,58.4375,1995-09-29,10,58.4844,-0.08,-0.8,기한청산
SPY,만기→말일,9,아래,-5.0,1996-09-20,68.6406,1996-09-30,6,68.625,0.02,-0.89,기한청산
SPY,만기→말일,9,아래,-5.0,1997-09-19,95.0312,1997-09-30,7,94.375,0.69,-1.23,기한청산
SPY,만기→말일,9,아래,-5.0,1998-09-18,102.0938,1998-09-30,8,101.75,0.34,-4.81,기한청산
SPY,만기→말일,9,아래,-5.0,1999-09-17,133.75,1999-09-30,9,128.75,3.74,-0.19,기한청산
SPY,만기→말일,9,아래,-5.0,2000-09-15,146.0,2000-09-29,10,143.625,1.63,-0.66,기한청산
SPY,만기→말일,9,아래,-5.0,2001-09-21,97.28,2001-09-26,3,102.35,-5.21,-5.21,갭손절
SPY,만기→말일,9,아래,-5.0,2002-09-20,84.35,2002-09-30,6,81.79,3.03,-1.92,기한청산
SPY,만기→말일,9,아래,-5.0,2003-09-19,103.67,2003-09-30,7,99.95,3.59,0.37,기한청산
SPY,만기→말일,9,아래,-5.0,2004-09-17,113.15,2004-09-30,9,111.76,1.23,-0.28,기한청산
SPY,만기→말일,9,아래,-5.0,2005-09-16,123.5,2005-09-30,10,123.04,0.37,-0.09,기한청산
SPY,만기→말일,9,아래,-5.0,2006-09-15,131.96,2006-09-29,10,133.58,-1.23,-1.54,기한청산
SPY,만기→말일,9,아래,-5.0,2007-09-21,151.97,2007-09-28,5,152.58,-0.4,-0.8,기한청산
SPY,만기→말일,9,아래,-5.0,2008-09-19,124.12,2008-09-30,7,115.99,6.55,-0.51,기한청산
SPY,만기→말일,9,아래,-5.0,2009-09-18,106.72,2009-09-30,8,105.59,1.06,-1.23,기한청산
SPY,만기→말일,9,아래,-5.0,2010-09-17,112.49,2010-09-30,9,114.13,-1.46,-2.93,기한청산
SPY,만기→말일,9,아래,-5.0,2011-09-16,121.52,2011-09-30,10,113.15,6.89,-0.39,기한청산
SPY,만기→말일,9,아래,-5.0,2012-09-21,145.87,2012-09-28,5,143.97,1.3,-0.25,기한청산
SPY,만기→말일,9,아래,-5.0,2013-09-20,170.72,2013-09-30,6,168.01,1.59,0.04,기한청산
SPY,만기→말일,9,아래,-5.0,2014-09-19,200.7,2014-09-30,7,197.02,1.83,0.16,기한청산
SPY,만기→말일,9,아래,-5.0,2015-09-18,195.45,2015-09-30,8,191.63,1.95,-1.14,기한청산
SPY,만기→말일,9,아래,-5.0,2016-09-16,213.37,2016-09-30,10,216.3,-1.37,-1.95,기한청산
SPY,만기→말일,9,아래,-5.0,2017-09-15,249.19,2017-09-29,10,251.23,-0.82,-0.85,기한청산
SPY,만기→말일,9,아래,-5.0,2018-09-21,291.99,2018-09-28,5,290.72,0.43,-0.09,기한청산
SPY,만기→말일,9,아래,-5.0,2019-09-20,298.28,2019-09-30,6,296.77,0.51,-0.52,기한청산
SPY,만기→말일,9,아래,-5.0,2020-09-18,330.65,2020-09-30,8,334.89,-1.28,-2.31,기한청산
SPY,만기→말일,9,아래,-5.0,2021-09-17,441.4,2021-09-30,9,429.14,2.78,-0.79,기한청산
SPY,만기→말일,9,아래,-5.0,2022-09-16,385.56,2022-09-30,10,357.18,7.36,-0.97,기한청산
SPY,만기→말일,9,아래,-5.0,2023-09-15,443.37,2023-09-29,10,427.48,3.58,-0.36,기한청산
SPY,만기→말일,9,아래,-5.0,2024-09-20,568.25,2024-09-30,6,573.76,-0.97,-1.14,기한청산
SPY,만기→말일,9,아래,-5.0,2025-09-19,663.7,2025-09-30,7,666.18,-0.37,-0.55,기한청산
SPY,만기→말일,9,아래,무손절,1993-09-17,45.8125,1993-09-30,9,45.9375,-0.27,-1.09,기한청산
SPY,만기→말일,9,아래,무손절,1994-09-16,47.0156,1994-09-30,10,46.1719,1.79,-0.66,기한청산
SPY,만기→말일,9,아래,무손절,1995-09-15,58.4375,1995-09-29,10,58.4844,-0.08,-0.8,기한청산
SPY,만기→말일,9,아래,무손절,1996-09-20,68.6406,1996-09-30,6,68.625,0.02,-0.89,기한청산
SPY,만기→말일,9,아래,무손절,1997-09-19,95.0312,1997-09-30,7,94.375,0.69,-1.23,기한청산
SPY,만기→말일,9,아래,무손절,1998-09-18,102.0938,1998-09-30,8,101.75,0.34,-4.81,기한청산
SPY,만기→말일,9,아래,무손절,1999-09-17,133.75,1999-09-30,9,128.75,3.74,-0.19,기한청산
SPY,만기→말일,9,아래,무손절,2000-09-15,146.0,2000-09-29,10,143.625,1.63,-0.66,기한청산
SPY,만기→말일,9,아래,무손절,2001-09-21,97.28,2001-09-28,5,104.44,-7.36,-12.69,기한청산
SPY,만기→말일,9,아래,무손절,2002-09-20,84.35,2002-09-30,6,81.79,3.03,-1.92,기한청산
SPY,만기→말일,9,아래,무손절,2003-09-19,103.67,2003-09-30,7,99.95,3.59,0.37,기한청산
SPY,만기→말일,9,아래,무손절,2004-09-17,113.15,2004-09-30,9,111.76,1.23,-0.28,기한청산
SPY,만기→말일,9,아래,무손절,2005-09-16,123.5,2005-09-30,10,123.04,0.37,-0.09,기한청산
SPY,만기→말일,9,아래,무손절,2006-09-15,131.96,2006-09-29,10,133.58,-1.23,-1.54,기한청산
SPY,만기→말일,9,아래,무손절,2007-09-21,151.97,2007-09-28,5,152.58,-0.4,-0.8,기한청산
SPY,만기→말일,9,아래,무손절,2008-09-19,124.12,2008-09-30,7,115.99,6.55,-0.51,기한청산
SPY,만기→말일,9,아래,무손절,2009-09-18,106.72,2009-09-30,8,105.59,1.06,-1.23,기한청산
SPY,만기→말일,9,아래,무손절,2010-09-17,112.49,2010-09-30,9,114.13,-1.46,-2.93,기한청산
SPY,만기→말일,9,아래,무손절,2011-09-16,121.52,2011-09-30,10,113.15,6.89,-0.39,기한청산
SPY,만기→말일,9,아래,무손절,2012-09-21,145.87,2012-09-28,5,143.97,1.3,-0.25,기한청산
SPY,만기→말일,9,아래,무손절,2013-09-20,170.72,2013-09-30,6,168.01,1.59,0.04,기한청산
SPY,만기→말일,9,아래,무손절,2014-09-19,200.7,2014-09-30,7,197.02,1.83,0.16,기한청산
SPY,만기→말일,9,아래,무손절,2015-09-18,195.45,2015-09-30,8,191.63,1.95,-1.14,기한청산
SPY,만기→말일,9,아래,무손절,2016-09-16,213.37,2016-09-30,10,216.3,-1.37,-1.95,기한청산
SPY,만기→말일,9,아래,무손절,2017-09-15,249.19,2017-09-29,10,251.23,-0.82,-0.85,기한청산
SPY,만기→말일,9,아래,무손절,2018-09-21,291.99,2018-09-28,5,290.72,0.43,-0.09,기한청산
SPY,만기→말일,9,아래,무손절,2019-09-20,298.28,2019-09-30,6,296.77,0.51,-0.52,기한청산
SPY,만기→말일,9,아래,무손절,2020-09-18,330.65,2020-09-30,8,334.89,-1.28,-2.31,기한청산
SPY,만기→말일,9,아래,무손절,2021-09-17,441.4,2021-09-30,9,429.14,2.78,-0.79,기한청산
SPY,만기→말일,9,아래,무손절,2022-09-16,385.56,2022-09-30,10,357.18,7.36,-0.97,기한청산
SPY,만기→말일,9,아래,무손절,2023-09-15,443.37,2023-09-29,10,427.48,3.58,-0.36,기한청산
SPY,만기→말일,9,아래,무손절,2024-09-20,568.25,2024-09-30,6,573.76,-0.97,-1.14,기한청산
SPY,만기→말일,9,아래,무손절,2025-09-19,663.7,2025-09-30,7,666.18,-0.37,-0.55,기한청산
SPY,만기→말일,12,위,-5.0,1993-12-17,46.5625,1993-12-31,9,46.5938,0.07,-0.34,기한청산
SPY,만기→말일,12,위,-5.0,1994-12-16,45.75,1994-12-30,9,45.5625,-0.41,-0.41,기한청산
SPY,만기→말일,12,위,-5.0,1995-12-15,61.8125,1995-12-29,9,61.4844,-0.53,-2.0,기한청산
SPY,만기→말일,12,위,-5.0,1996-12-20,74.8438,1996-12-31,6,73.8438,-1.34,-1.34,기한청산
SPY,만기→말일,12,위,-5.0,1997-12-19,94.7812,1997-12-31,7,97.0625,2.41,-1.62,기한청산
SPY,만기→말일,12,위,-5.0,1998-12-18,118.5,1998-12-31,8,123.3125,4.06,0.42,기한청산
SPY,만기→말일,12,위,-5.0,1999-12-17,142.6875,1999-12-31,9,146.875,2.93,-1.12,기한청산
SPY,만기→말일,12,위,-5.0,2000-12-15,130.9688,2000-12-29,9,131.1875,0.17,-4.15,기한청산
SPY,만기→말일,12,위,-5.0,2001-12-21,114.95,2001-12-31,5,114.3,-0.57,-0.63,기한청산
SPY,만기→말일,12,위,-5.0,2002-12-20,89.99,2002-12-31,6,88.23,-1.96,-3.2,기한청산
SPY,만기→말일,12,위,-5.0,2003-12-19,108.9,2003-12-31,7,111.28,2.19,-0.11,기한청산
SPY,만기→말일,12,위,-5.0,2004-12-17,119.44,2004-12-31,9,120.87,1.2,-0.23,기한청산
SPY,만기→말일,12,위,-5.0,2005-12-16,126.36,2005-12-30,9,124.51,-1.46,-1.58,기한청산
SPY,만기→말일,12,위,-5.0,2006-12-15,142.34,2006-12-29,9,141.62,-0.51,-1.17,기한청산
SPY,만기→말일,12,위,-5.0,2007-12-21,148.13,2007-12-31,5,146.21,-1.3,-1.4,기한청산
SPY,만기→말일,12,위,-5.0,2008-12-19,88.19,2008-12-31,7,90.24,2.32,-3.06,기한청산
SPY,만기→말일,12,위,-5.0,2009-12-18,110.21,2009-12-31,8,111.44,1.12,0.5,기한청산
SPY,만기→말일,12,위,-5.0,2010-12-17,124.3,2010-12-31,9,125.75,1.17,-0.26,기한청산
SPY,만기→말일,12,위,-5.0,2011-12-16,121.59,2011-12-30,9,125.5,3.22,-1.28,기한청산
SPY,만기→말일,12,위,-5.0,2012-12-21,142.79,2012-12-31,5,142.41,-0.27,-2.28,기한청산
SPY,만기→말일,12,위,-5.0,2013-12-20,181.56,2013-12-31,6,184.69,1.72,0.28,기한청산
SPY,만기→말일,12,위,-5.0,2014-12-19,206.52,2014-12-31,7,205.54,-0.47,-0.55,기한청산
SPY,만기→말일,12,위,-5.0,2015-12-18,200.02,2015-12-31,8,203.87,1.92,0.03,기한청산
SPY,만기→말일,12,위,-5.0,2016-12-16,225.04,2016-12-30,9,223.53,-0.67,-1.03,기한청산
SPY,만기→말일,12,위,-5.0,2017-12-15,266.51,2017-12-29,9,266.86,0.13,0.05,기한청산
SPY,만기→말일,12,위,-5.0,2018-12-21,240.7,2018-12-31,5,249.92,3.83,-2.88,기한청산
SPY,만기→말일,12,위,-5.0,2019-12-20,320.73,2019-12-31,6,321.86,0.35,-0.18,기한청산
SPY,만기→말일,12,위,-5.0,2020-12-18,369.18,2020-12-31,8,373.88,1.27,-1.94,기한청산
SPY,만기→말일,12,위,-5.0,2021-12-17,459.87,2021-12-31,9,474.96,3.28,-1.9,기한청산
SPY,만기→말일,12,위,-5.0,2022-12-16,383.27,2022-12-30,9,382.43,-0.22,-2.22,기한청산
SPY,만기→말일,12,위,-5.0,2023-12-15,469.33,2023-12-29,9,475.31,1.27,-0.32,기한청산
SPY,만기→말일,12,위,-5.0,2024-12-20,591.15,2024-12-31,6,586.08,-0.86,-1.14,기한청산
SPY,만기→말일,12,위,-5.0,2025-12-19,680.59,2025-12-31,7,681.92,0.2,0.0,기한청산
SPY,만기→말일,12,위,무손절,1993-12-17,46.5625,1993-12-31,9,46.5938,0.07,-0.34,기한청산
SPY,만기→말일,12,위,무손절,1994-12-16,45.75,1994-12-30,9,45.5625,-0.41,-0.41,기한청산
SPY,만기→말일,12,위,무손절,1995-12-15,61.8125,1995-12-29,9,61.4844,-0.53,-2.0,기한청산
SPY,만기→말일,12,위,무손절,1996-12-20,74.8438,1996-12-31,6,73.8438,-1.34,-1.34,기한청산
SPY,만기→말일,12,위,무손절,1997-12-19,94.7812,1997-12-31,7,97.0625,2.41,-1.62,기한청산
SPY,만기→말일,12,위,무손절,1998-12-18,118.5,1998-12-31,8,123.3125,4.06,0.42,기한청산
SPY,만기→말일,12,위,무손절,1999-12-17,142.6875,1999-12-31,9,146.875,2.93,-1.12,기한청산
SPY,만기→말일,12,위,무손절,2000-12-15,130.9688,2000-12-29,9,131.1875,0.17,-4.15,기한청산
SPY,만기→말일,12,위,무손절,2001-12-21,114.95,2001-12-31,5,114.3,-0.57,-0.63,기한청산
SPY,만기→말일,12,위,무손절,2002-12-20,89.99,2002-12-31,6,88.23,-1.96,-3.2,기한청산
SPY,만기→말일,12,위,무손절,2003-12-19,108.9,2003-12-31,7,111.28,2.19,-0.11,기한청산
SPY,만기→말일,12,위,무손절,2004-12-17,119.44,2004-12-31,9,120.87,1.2,-0.23,기한청산
SPY,만기→말일,12,위,무손절,2005-12-16,126.36,2005-12-30,9,124.51,-1.46,-1.58,기한청산
SPY,만기→말일,12,위,무손절,2006-12-15,142.34,2006-12-29,9,141.62,-0.51,-1.17,기한청산
SPY,만기→말일,12,위,무손절,2007-12-21,148.13,2007-12-31,5,146.21,-1.3,-1.4,기한청산
SPY,만기→말일,12,위,무손절,2008-12-19,88.19,2008-12-31,7,90.24,2.32,-3.06,기한청산
SPY,만기→말일,12,위,무손절,2009-12-18,110.21,2009-12-31,8,111.44,1.12,0.5,기한청산
SPY,만기→말일,12,위,무손절,2010-12-17,124.3,2010-12-31,9,125.75,1.17,-0.26,기한청산
SPY,만기→말일,12,위,무손절,2011-12-16,121.59,2011-12-30,9,125.5,3.22,-1.28,기한청산
SPY,만기→말일,12,위,무손절,2012-12-21,142.79,2012-12-31,5,142.41,-0.27,-2.28,기한청산
SPY,만기→말일,12,위,무손절,2013-12-20,181.56,2013-12-31,6,184.69,1.72,0.28,기한청산
SPY,만기→말일,12,위,무손절,2014-12-19,206.52,2014-12-31,7,205.54,-0.47,-0.55,기한청산
SPY,만기→말일,12,위,무손절,2015-12-18,200.02,2015-12-31,8,203.87,1.92,0.03,기한청산
SPY,만기→말일,12,위,무손절,2016-12-16,225.04,2016-12-30,9,223.53,-0.67,-1.03,기한청산
SPY,만기→말일,12,위,무손절,2017-12-15,266.51,2017-12-29,9,266.86,0.13,0.05,기한청산
SPY,만기→말일,12,위,무손절,2018-12-21,240.7,2018-12-31,5,249.92,3.83,-2.88,기한청산
SPY,만기→말일,12,위,무손절,2019-12-20,320.73,2019-12-31,6,321.86,0.35,-0.18,기한청산
SPY,만기→말일,12,위,무손절,2020-12-18,369.18,2020-12-31,8,373.88,1.27,-1.94,기한청산
SPY,만기→말일,12,위,무손절,2021-12-17,459.87,2021-12-31,9,474.96,3.28,-1.9,기한청산
SPY,만기→말일,12,위,무손절,2022-12-16,383.27,2022-12-30,9,382.43,-0.22,-2.22,기한청산
SPY,만기→말일,12,위,무손절,2023-12-15,469.33,2023-12-29,9,475.31,1.27,-0.32,기한청산
SPY,만기→말일,12,위,무손절,2024-12-20,591.15,2024-12-31,6,586.08,-0.86,-1.14,기한청산
SPY,만기→말일,12,위,무손절,2025-12-19,680.59,2025-12-31,7,681.92,0.2,0.0,기한청산
SPY,만기→말일,12,아래,-5.0,1993-12-17,46.5625,1993-12-31,9,46.5938,-0.07,-1.28,기한청산
SPY,만기→말일,12,아래,-5.0,1994-12-16,45.75,1994-12-30,9,45.5625,0.41,-1.43,기한청산
SPY,만기→말일,12,아래,-5.0,1995-12-15,61.8125,1995-12-29,9,61.4844,0.53,0.25,기한청산
SPY,만기→말일,12,아래,-5.0,1996-12-20,74.8438,1996-12-31,6,73.8438,1.34,-1.71,기한청산
SPY,만기→말일,12,아래,-5.0,1997-12-19,94.7812,1997-12-31,7,97.0625,-2.41,-3.0,기한청산
SPY,만기→말일,12,아래,-5.0,1998-12-18,118.5,1998-12-29,6,124.425,-5.0,-5.0,장중손절
SPY,만기→말일,12,아래,-5.0,1999-12-17,142.6875,1999-12-31,9,146.875,-2.93,-3.42,기한청산
SPY,만기→말일,12,아래,-5.0,2000-12-15,130.9688,2000-12-29,9,131.1875,-0.17,-3.05,기한청산
SPY,만기→말일,12,아래,-5.0,2001-12-21,114.95,2001-12-31,5,114.3,0.57,-1.57,기한청산
SPY,만기→말일,12,아래,-5.0,2002-12-20,89.99,2002-12-31,6,88.23,1.96,-0.69,기한청산
SPY,만기→말일,12,아래,-5.0,2003-12-19,108.9,2003-12-31,7,111.28,-2.19,-2.41,기한청산
SPY,만기→말일,12,아래,-5.0,2004-12-17,119.44,2004-12-31,9,120.87,-1.2,-1.86,기한청산
SPY,만기→말일,12,아래,-5.0,2005-12-16,126.36,2005-12-30,9,124.51,1.46,-0.55,기한청산
SPY,만기→말일,12,아래,-5.0,2006-12-15,142.34,2006-12-29,9,141.62,0.51,-0.38,기한청산
SPY,만기→말일,12,아래,-5.0,2007-12-21,148.13,2007-12-31,5,146.21,1.3,-1.05,기한청산
SPY,만기→말일,12,아래,-5.0,2008-12-19,88.19,2008-12-31,7,90.24,-2.32,-3.15,기한청산
SPY,만기→말일,12,아래,-5.0,2009-12-18,110.21,2009-12-31,8,111.44,-1.12,-2.56,기한청산
SPY,만기→말일,12,아래,-5.0,2010-12-17,124.3,2010-12-31,9,125.75,-1.17,-1.53,기한청산
SPY,만기→말일,12,아래,-5.0,2011-12-16,121.59,2011-12-30,9,125.5,-3.22,-4.3,기한청산
SPY,만기→말일,12,아래,-5.0,2012-12-21,142.79,2012-12-31,5,142.41,0.27,0.06,기한청산
SPY,만기→말일,12,아래,-5.0,2013-12-20,181.56,2013-12-31,6,184.69,-1.72,-1.72,기한청산
SPY,만기→말일,12,아래,-5.0,2014-12-19,206.52,2014-12-31,7,205.54,0.47,-1.19,기한청산
SPY,만기→말일,12,아래,-5.0,2015-12-18,200.02,2015-12-31,8,203.87,-1.92,-3.88,기한청산
SPY,만기→말일,12,아래,-5.0,2016-12-16,225.04,2016-12-30,9,223.53,0.67,-0.75,기한청산
SPY,만기→말일,12,아래,-5.0,2017-12-15,266.51,2017-12-29,9,266.86,-0.13,-0.78,기한청산
SPY,만기→말일,12,아래,-5.0,2018-12-21,240.7,2018-12-31,5,249.92,-3.83,-4.45,기한청산
SPY,만기→말일,12,아래,-5.0,2019-12-20,320.73,2019-12-31,6,321.86,-0.35,-0.96,기한청산
SPY,만기→말일,12,아래,-5.0,2020-12-18,369.18,2020-12-31,8,373.88,-1.27,-2.51,기한청산
SPY,만기→말일,12,아래,-5.0,2021-12-17,459.87,2021-12-31,9,474.96,-3.28,-4.16,기한청산
SPY,만기→말일,12,아래,-5.0,2022-12-16,383.27,2022-12-30,9,382.43,0.22,-1.08,기한청산
SPY,만기→말일,12,아래,-5.0,2023-12-15,469.33,2023-12-29,9,475.31,-1.27,-1.75,기한청산
SPY,만기→말일,12,아래,-5.0,2024-12-20,591.15,2024-12-31,6,586.08,0.86,-1.92,기한청산
SPY,만기→말일,12,아래,-5.0,2025-12-19,680.59,2025-12-31,7,681.92,-0.2,-1.63,기한청산
SPY,만기→말일,12,아래,무손절,1993-12-17,46.5625,1993-12-31,9,46.5938,-0.07,-1.28,기한청산
SPY,만기→말일,12,아래,무손절,1994-12-16,45.75,1994-12-30,9,45.5625,0.41,-1.43,기한청산
SPY,만기→말일,12,아래,무손절,1995-12-15,61.8125,1995-12-29,9,61.4844,0.53,0.25,기한청산
SPY,만기→말일,12,아래,무손절,1996-12-20,74.8438,1996-12-31,6,73.8438,1.34,-1.71,기한청산
SPY,만기→말일,12,아래,무손절,1997-12-19,94.7812,1997-12-31,7,97.0625,-2.41,-3.0,기한청산
SPY,만기→말일,12,아래,무손절,1998-12-18,118.5,1998-12-31,8,123.3125,-4.06,-5.27,기한청산
SPY,만기→말일,12,아래,무손절,1999-12-17,142.6875,1999-12-31,9,146.875,-2.93,-3.42,기한청산
SPY,만기→말일,12,아래,무손절,2000-12-15,130.9688,2000-12-29,9,131.1875,-0.17,-3.05,기한청산
SPY,만기→말일,12,아래,무손절,2001-12-21,114.95,2001-12-31,5,114.3,0.57,-1.57,기한청산
SPY,만기→말일,12,아래,무손절,2002-12-20,89.99,2002-12-31,6,88.23,1.96,-0.69,기한청산
SPY,만기→말일,12,아래,무손절,2003-12-19,108.9,2003-12-31,7,111.28,-2.19,-2.41,기한청산
SPY,만기→말일,12,아래,무손절,2004-12-17,119.44,2004-12-31,9,120.87,-1.2,-1.86,기한청산
SPY,만기→말일,12,아래,무손절,2005-12-16,126.36,2005-12-30,9,124.51,1.46,-0.55,기한청산
SPY,만기→말일,12,아래,무손절,2006-12-15,142.34,2006-12-29,9,141.62,0.51,-0.38,기한청산
SPY,만기→말일,12,아래,무손절,2007-12-21,148.13,2007-12-31,5,146.21,1.3,-1.05,기한청산
SPY,만기→말일,12,아래,무손절,2008-12-19,88.19,2008-12-31,7,90.24,-2.32,-3.15,기한청산
SPY,만기→말일,12,아래,무손절,2009-12-18,110.21,2009-12-31,8,111.44,-1.12,-2.56,기한청산
SPY,만기→말일,12,아래,무손절,2010-12-17,124.3,2010-12-31,9,125.75,-1.17,-1.53,기한청산
SPY,만기→말일,12,아래,무손절,2011-12-16,121.59,2011-12-30,9,125.5,-3.22,-4.3,기한청산
SPY,만기→말일,12,아래,무손절,2012-12-21,142.79,2012-12-31,5,142.41,0.27,0.06,기한청산
SPY,만기→말일,12,아래,무손절,2013-12-20,181.56,2013-12-31,6,184.69,-1.72,-1.72,기한청산
SPY,만기→말일,12,아래,무손절,2014-12-19,206.52,2014-12-31,7,205.54,0.47,-1.19,기한청산
SPY,만기→말일,12,아래,무손절,2015-12-18,200.02,2015-12-31,8,203.87,-1.92,-3.88,기한청산
SPY,만기→말일,12,아래,무손절,2016-12-16,225.04,2016-12-30,9,223.53,0.67,-0.75,기한청산
SPY,만기→말일,12,아래,무손절,2017-12-15,266.51,2017-12-29,9,266.86,-0.13,-0.78,기한청산
SPY,만기→말일,12,아래,무손절,2018-12-21,240.7,2018-12-31,5,249.92,-3.83,-4.45,기한청산
SPY,만기→말일,12,아래,무손절,2019-12-20,320.73,2019-12-31,6,321.86,-0.35,-0.96,기한청산
SPY,만기→말일,12,아래,무손절,2020-12-18,369.18,2020-12-31,8,373.88,-1.27,-2.51,기한청산
SPY,만기→말일,12,아래,무손절,2021-12-17,459.87,2021-12-31,9,474.96,-3.28,-4.16,기한청산
SPY,만기→말일,12,아래,무손절,2022-12-16,383.27,2022-12-30,9,382.43,0.22,-1.08,기한청산
SPY,만기→말일,12,아래,무손절,2023-12-15,469.33,2023-12-29,9,475.31,-1.27,-1.75,기한청산
SPY,만기→말일,12,아래,무손절,2024-12-20,591.15,2024-12-31,6,586.08,0.86,-1.92,기한청산
SPY,만기→말일,12,아래,무손절,2025-12-19,680.59,2025-12-31,7,681.92,-0.2,-1.63,기한청산
SPY,20일→다음주금,9,위,-5.0,1993-09-20,45.4375,1993-10-01,9,46.1562,1.58,-1.38,기한청산
SPY,20일→다음주금,9,위,-5.0,1994-09-20,46.1719,1994-09-30,8,46.1719,0.0,-0.95,기한청산
SPY,20일→다음주금,9,위,-5.0,1995-09-20,58.7812,1995-09-29,7,58.4844,-0.5,-2.02,기한청산
SPY,20일→다음주금,9,위,-5.0,1996-09-20,68.6406,1996-09-27,5,68.6875,0.07,-0.71,기한청산
SPY,20일→다음주금,9,위,-5.0,1997-09-19,95.0312,1997-09-26,5,94.4688,-0.59,-1.48,기한청산
SPY,20일→다음주금,9,위,-5.0,1998-09-18,102.0938,1998-09-25,5,104.25,2.11,-3.09,기한청산
SPY,20일→다음주금,9,위,-5.0,1999-09-20,133.5625,1999-09-24,4,126.8844,-5.0,-5.0,장중손절
SPY,20일→다음주금,9,위,-5.0,2000-09-20,144.8906,2000-09-29,7,143.625,-0.87,-1.91,기한청산
SPY,20일→다음주금,9,위,-5.0,2001-09-20,98.71,2001-09-28,6,104.44,5.8,-4.97,기한청산
SPY,20일→다음주금,9,위,-5.0,2002-09-20,84.35,2002-09-27,5,82.75,-1.9,-2.96,기한청산
SPY,20일→다음주금,9,위,-5.0,2003-09-19,103.67,2003-09-26,5,99.95,-3.59,-3.68,기한청산
SPY,20일→다음주금,9,위,-5.0,2004-09-20,112.47,2004-10-01,9,113.65,1.05,-1.83,기한청산
SPY,20일→다음주금,9,위,-5.0,2005-09-20,122.05,2005-09-30,8,123.04,0.81,-1.32,기한청산
SPY,20일→다음주금,9,위,-5.0,2006-09-20,132.51,2006-09-29,7,133.58,0.81,-1.14,기한청산
SPY,20일→다음주금,9,위,-5.0,2007-09-20,152.28,2007-09-28,6,152.58,0.2,-1.19,기한청산
SPY,20일→다음주금,9,위,-5.0,2008-09-19,124.12,2008-09-24,3,117.914,-5.0,-5.0,장중손절
SPY,20일→다음주금,9,위,-5.0,2009-09-18,106.72,2009-09-25,5,104.45,-2.13,-2.46,기한청산
SPY,20일→다음주금,9,위,-5.0,2010-09-20,114.21,2010-10-01,9,114.61,0.35,-1.78,기한청산
SPY,20일→다음주금,9,위,-5.0,2011-09-20,120.17,2011-09-22,2,113.25,-5.76,-5.76,갭손절
SPY,20일→다음주금,9,위,-5.0,2012-09-20,146.71,2012-09-28,6,143.97,-1.87,-2.56,기한청산
SPY,20일→다음주금,9,위,-5.0,2013-09-20,170.72,2013-09-27,5,168.91,-1.06,-1.32,기한청산
SPY,20일→다음주금,9,위,-5.0,2014-09-19,200.7,2014-09-26,5,197.9,-1.4,-2.21,기한청산
SPY,20일→다음주금,9,위,-5.0,2015-09-18,195.45,2015-09-25,5,192.85,-1.33,-2.5,기한청산
SPY,20일→다음주금,9,위,-5.0,2016-09-20,213.42,2016-09-30,8,216.3,1.35,0.01,기한청산
SPY,20일→다음주금,9,위,-5.0,2017-09-20,250.06,2017-09-29,7,251.23,0.47,-0.79,기한청산
SPY,20일→다음주금,9,위,-5.0,2018-09-20,293.58,2018-09-28,6,290.72,-0.97,-1.42,기한청산
SPY,20일→다음주금,9,위,-5.0,2019-09-20,298.28,2019-09-27,5,295.4,-0.97,-1.54,기한청산
SPY,20일→다음주금,9,위,-5.0,2020-09-18,330.65,2020-09-25,5,328.73,-0.58,-3.28,기한청산
SPY,20일→다음주금,9,위,-5.0,2021-09-20,434.04,2021-10-01,9,434.24,0.05,-1.57,기한청산
SPY,20일→다음주금,9,위,-5.0,2022-09-20,384.09,2022-09-23,3,364.8855,-5.0,-5.0,장중손절
SPY,20일→다음주금,9,위,-5.0,2023-09-20,438.64,2023-09-29,7,427.48,-2.54,-3.73,기한청산
SPY,20일→다음주금,9,위,-5.0,2024-09-20,568.25,2024-09-27,5,571.47,0.57,-0.11,기한청산
SPY,20일→다음주금,9,위,-5.0,2025-09-19,663.7,2025-09-26,5,661.82,-0.28,-1.4,기한청산
SPY,20일→다음주금,9,위,무손절,1993-09-20,45.4375,1993-10-01,9,46.1562,1.58,-1.38,기한청산
SPY,20일→다음주금,9,위,무손절,1994-09-20,46.1719,1994-09-30,8,46.1719,0.0,-0.95,기한청산
SPY,20일→다음주금,9,위,무손절,1995-09-20,58.7812,1995-09-29,7,58.4844,-0.5,-2.02,기한청산
SPY,20일→다음주금,9,위,무손절,1996-09-20,68.6406,1996-09-27,5,68.6875,0.07,-0.71,기한청산
SPY,20일→다음주금,9,위,무손절,1997-09-19,95.0312,1997-09-26,5,94.4688,-0.59,-1.48,기한청산
SPY,20일→다음주금,9,위,무손절,1998-09-18,102.0938,1998-09-25,5,104.25,2.11,-3.09,기한청산
SPY,20일→다음주금,9,위,무손절,1999-09-20,133.5625,1999-10-01,9,128.4688,-3.81,-5.99,기한청산
SPY,20일→다음주금,9,위,무손절,2000-09-20,144.8906,2000-09-29,7,143.625,-0.87,-1.91,기한청산
SPY,20일→다음주금,9,위,무손절,2001-09-20,98.71,2001-09-28,6,104.44,5.8,-4.97,기한청산
SPY,20일→다음주금,9,위,무손절,2002-09-20,84.35,2002-09-27,5,82.75,-1.9,-2.96,기한청산
SPY,20일→다음주금,9,위,무손절,2003-09-19,103.67,2003-09-26,5,99.95,-3.59,-3.68,기한청산
SPY,20일→다음주금,9,위,무손절,2004-09-20,112.47,2004-10-01,9,113.65,1.05,-1.83,기한청산
SPY,20일→다음주금,9,위,무손절,2005-09-20,122.05,2005-09-30,8,123.04,0.81,-1.32,기한청산
SPY,20일→다음주금,9,위,무손절,2006-09-20,132.51,2006-09-29,7,133.58,0.81,-1.14,기한청산
SPY,20일→다음주금,9,위,무손절,2007-09-20,152.28,2007-09-28,6,152.58,0.2,-1.19,기한청산
SPY,20일→다음주금,9,위,무손절,2008-09-19,124.12,2008-09-26,5,120.85,-2.63,-5.1,기한청산
SPY,20일→다음주금,9,위,무손절,2009-09-18,106.72,2009-09-25,5,104.45,-2.13,-2.46,기한청산
SPY,20일→다음주금,9,위,무손절,2010-09-20,114.21,2010-10-01,9,114.61,0.35,-1.78,기한청산
SPY,20일→다음주금,9,위,무손절,2011-09-20,120.17,2011-09-30,8,113.15,-5.84,-7.38,기한청산
SPY,20일→다음주금,9,위,무손절,2012-09-20,146.71,2012-09-28,6,143.97,-1.87,-2.56,기한청산
SPY,20일→다음주금,9,위,무손절,2013-09-20,170.72,2013-09-27,5,168.91,-1.06,-1.32,기한청산
SPY,20일→다음주금,9,위,무손절,2014-09-19,200.7,2014-09-26,5,197.9,-1.4,-2.21,기한청산
SPY,20일→다음주금,9,위,무손절,2015-09-18,195.45,2015-09-25,5,192.85,-1.33,-2.5,기한청산
SPY,20일→다음주금,9,위,무손절,2016-09-20,213.42,2016-09-30,8,216.3,1.35,0.01,기한청산
SPY,20일→다음주금,9,위,무손절,2017-09-20,250.06,2017-09-29,7,251.23,0.47,-0.79,기한청산
SPY,20일→다음주금,9,위,무손절,2018-09-20,293.58,2018-09-28,6,290.72,-0.97,-1.42,기한청산
SPY,20일→다음주금,9,위,무손절,2019-09-20,298.28,2019-09-27,5,295.4,-0.97,-1.54,기한청산
SPY,20일→다음주금,9,위,무손절,2020-09-18,330.65,2020-09-25,5,328.73,-0.58,-3.28,기한청산
SPY,20일→다음주금,9,위,무손절,2021-09-20,434.04,2021-10-01,9,434.24,0.05,-1.57,기한청산
SPY,20일→다음주금,9,위,무손절,2022-09-20,384.09,2022-09-30,8,357.18,-7.01,-7.04,기한청산
SPY,20일→다음주금,9,위,무손절,2023-09-20,438.64,2023-09-29,7,427.48,-2.54,-3.73,기한청산
SPY,20일→다음주금,9,위,무손절,2024-09-20,568.25,2024-09-27,5,571.47,0.57,-0.11,기한청산
SPY,20일→다음주금,9,위,무손절,2025-09-19,663.7,2025-09-26,5,661.82,-0.28,-1.4,기한청산
SPY,20일→다음주금,9,아래,-5.0,1993-09-20,45.4375,1993-10-01,9,46.1562,-1.58,-1.93,기한청산
SPY,20일→다음주금,9,아래,-5.0,1994-09-20,46.1719,1994-09-30,8,46.1719,-0.0,-0.78,기한청산
SPY,20일→다음주금,9,아래,-5.0,1995-09-20,58.7812,1995-09-29,7,58.4844,0.5,-0.21,기한청산
SPY,20일→다음주금,9,아래,-5.0,1996-09-20,68.6406,1996-09-27,5,68.6875,-0.07,-0.89,기한청산
SPY,20일→다음주금,9,아래,-5.0,1997-09-19,95.0312,1997-09-26,5,94.4688,0.59,-1.23,기한청산
SPY,20일→다음주금,9,아래,-5.0,1998-09-18,102.0938,1998-09-25,5,104.25,-2.11,-4.81,기한청산
SPY,20일→다음주금,9,아래,-5.0,1999-09-20,133.5625,1999-10-01,9,128.4688,3.81,0.82,기한청산
SPY,20일→다음주금,9,아래,-5.0,2000-09-20,144.8906,2000-09-29,7,143.625,0.87,-0.99,기한청산
SPY,20일→다음주금,9,아래,-5.0,2001-09-20,98.71,2001-09-28,6,103.6455,-5.0,-5.0,장중손절
SPY,20일→다음주금,9,아래,-5.0,2002-09-20,84.35,2002-09-27,5,82.75,1.9,-1.92,기한청산
SPY,20일→다음주금,9,아래,-5.0,2003-09-19,103.67,2003-09-26,5,99.95,3.59,0.37,기한청산
SPY,20일→다음주금,9,아래,-5.0,2004-09-20,112.47,2004-10-01,9,113.65,-1.05,-1.05,기한청산
SPY,20일→다음주금,9,아래,-5.0,2005-09-20,122.05,2005-09-30,8,123.04,-0.81,-0.81,기한청산
SPY,20일→다음주금,9,아래,-5.0,2006-09-20,132.51,2006-09-29,7,133.58,-0.81,-1.12,기한청산
SPY,20일→다음주금,9,아래,-5.0,2007-09-20,152.28,2007-09-28,6,152.58,-0.2,-0.6,기한청산
SPY,20일→다음주금,9,아래,-5.0,2008-09-19,124.12,2008-09-26,5,120.85,2.63,-0.51,기한청산
SPY,20일→다음주금,9,아래,-5.0,2009-09-18,106.72,2009-09-25,5,104.45,2.13,-1.23,기한청산
SPY,20일→다음주금,9,아래,-5.0,2010-09-20,114.21,2010-10-01,9,114.61,-0.35,-1.38,기한청산
SPY,20일→다음주금,9,아래,-5.0,2011-09-20,120.17,2011-09-30,8,113.15,5.84,-0.36,기한청산
SPY,20일→다음주금,9,아래,-5.0,2012-09-20,146.71,2012-09-28,6,143.97,1.87,0.03,기한청산
SPY,20일→다음주금,9,아래,-5.0,2013-09-20,170.72,2013-09-27,5,168.91,1.06,0.04,기한청산
SPY,20일→다음주금,9,아래,-5.0,2014-09-19,200.7,2014-09-26,5,197.9,1.4,0.16,기한청산
SPY,20일→다음주금,9,아래,-5.0,2015-09-18,195.45,2015-09-25,5,192.85,1.33,-1.14,기한청산
SPY,20일→다음주금,9,아래,-5.0,2016-09-20,213.42,2016-09-30,8,216.3,-1.35,-1.93,기한청산
SPY,20일→다음주금,9,아래,-5.0,2017-09-20,250.06,2017-09-29,7,251.23,-0.47,-0.5,기한청산
SPY,20일→다음주금,9,아래,-5.0,2018-09-20,293.58,2018-09-28,6,290.72,0.97,0.12,기한청산
SPY,20일→다음주금,9,아래,-5.0,2019-09-20,298.28,2019-09-27,5,295.4,0.97,-0.52,기한청산
SPY,20일→다음주금,9,아래,-5.0,2020-09-18,330.65,2020-09-25,5,328.73,0.58,-0.17,기한청산
SPY,20일→다음주금,9,아래,-5.0,2021-09-20,434.04,2021-10-01,9,434.24,-0.05,-2.5,기한청산
SPY,20일→다음주금,9,아래,-5.0,2022-09-20,384.09,2022-09-30,8,357.18,7.01,-1.36,기한청산
SPY,20일→다음주금,9,아래,-5.0,2023-09-20,438.64,2023-09-29,7,427.48,2.54,0.61,기한청산
SPY,20일→다음주금,9,아래,-5.0,2024-09-20,568.25,2024-09-27,5,571.47,-0.57,-1.14,기한청산
SPY,20일→다음주금,9,아래,-5.0,2025-09-19,663.7,2025-09-26,5,661.82,0.28,-0.55,기한청산
SPY,20일→다음주금,9,아래,무손절,1993-09-20,45.4375,1993-10-01,9,46.1562,-1.58,-1.93,기한청산
SPY,20일→다음주금,9,아래,무손절,1994-09-20,46.1719,1994-09-30,8,46.1719,-0.0,-0.78,기한청산
SPY,20일→다음주금,9,아래,무손절,1995-09-20,58.7812,1995-09-29,7,58.4844,0.5,-0.21,기한청산
SPY,20일→다음주금,9,아래,무손절,1996-09-20,68.6406,1996-09-27,5,68.6875,-0.07,-0.89,기한청산
SPY,20일→다음주금,9,아래,무손절,1997-09-19,95.0312,1997-09-26,5,94.4688,0.59,-1.23,기한청산
SPY,20일→다음주금,9,아래,무손절,1998-09-18,102.0938,1998-09-25,5,104.25,-2.11,-4.81,기한청산
SPY,20일→다음주금,9,아래,무손절,1999-09-20,133.5625,1999-10-01,9,128.4688,3.81,0.82,기한청산
SPY,20일→다음주금,9,아래,무손절,2000-09-20,144.8906,2000-09-29,7,143.625,0.87,-0.99,기한청산
SPY,20일→다음주금,9,아래,무손절,2001-09-20,98.71,2001-09-28,6,104.44,-5.8,-11.05,기한청산
SPY,20일→다음주금,9,아래,무손절,2002-09-20,84.35,2002-09-27,5,82.75,1.9,-1.92,기한청산
SPY,20일→다음주금,9,아래,무손절,2003-09-19,103.67,2003-09-26,5,99.95,3.59,0.37,기한청산
SPY,20일→다음주금,9,아래,무손절,2004-09-20,112.47,2004-10-01,9,113.65,-1.05,-1.05,기한청산
SPY,20일→다음주금,9,아래,무손절,2005-09-20,122.05,2005-09-30,8,123.04,-0.81,-0.81,기한청산
SPY,20일→다음주금,9,아래,무손절,2006-09-20,132.51,2006-09-29,7,133.58,-0.81,-1.12,기한청산
SPY,20일→다음주금,9,아래,무손절,2007-09-20,152.28,2007-09-28,6,152.58,-0.2,-0.6,기한청산
SPY,20일→다음주금,9,아래,무손절,2008-09-19,124.12,2008-09-26,5,120.85,2.63,-0.51,기한청산
SPY,20일→다음주금,9,아래,무손절,2009-09-18,106.72,2009-09-25,5,104.45,2.13,-1.23,기한청산
SPY,20일→다음주금,9,아래,무손절,2010-09-20,114.21,2010-10-01,9,114.61,-0.35,-1.38,기한청산
SPY,20일→다음주금,9,아래,무손절,2011-09-20,120.17,2011-09-30,8,113.15,5.84,-0.36,기한청산
SPY,20일→다음주금,9,아래,무손절,2012-09-20,146.71,2012-09-28,6,143.97,1.87,0.03,기한청산
SPY,20일→다음주금,9,아래,무손절,2013-09-20,170.72,2013-09-27,5,168.91,1.06,0.04,기한청산
SPY,20일→다음주금,9,아래,무손절,2014-09-19,200.7,2014-09-26,5,197.9,1.4,0.16,기한청산
SPY,20일→다음주금,9,아래,무손절,2015-09-18,195.45,2015-09-25,5,192.85,1.33,-1.14,기한청산
SPY,20일→다음주금,9,아래,무손절,2016-09-20,213.42,2016-09-30,8,216.3,-1.35,-1.93,기한청산
SPY,20일→다음주금,9,아래,무손절,2017-09-20,250.06,2017-09-29,7,251.23,-0.47,-0.5,기한청산
SPY,20일→다음주금,9,아래,무손절,2018-09-20,293.58,2018-09-28,6,290.72,0.97,0.12,기한청산
SPY,20일→다음주금,9,아래,무손절,2019-09-20,298.28,2019-09-27,5,295.4,0.97,-0.52,기한청산
SPY,20일→다음주금,9,아래,무손절,2020-09-18,330.65,2020-09-25,5,328.73,0.58,-0.17,기한청산
SPY,20일→다음주금,9,아래,무손절,2021-09-20,434.04,2021-10-01,9,434.24,-0.05,-2.5,기한청산
SPY,20일→다음주금,9,아래,무손절,2022-09-20,384.09,2022-09-30,8,357.18,7.01,-1.36,기한청산
SPY,20일→다음주금,9,아래,무손절,2023-09-20,438.64,2023-09-29,7,427.48,2.54,0.61,기한청산
SPY,20일→다음주금,9,아래,무손절,2024-09-20,568.25,2024-09-27,5,571.47,-0.57,-1.14,기한청산
SPY,20일→다음주금,9,아래,무손절,2025-09-19,663.7,2025-09-26,5,661.82,0.28,-0.55,기한청산
SPY,20일→다음주금,12,위,-5.0,1993-12-20,46.625,1993-12-31,8,46.5938,-0.07,-0.47,기한청산
SPY,20일→다음주금,12,위,-5.0,1994-12-20,45.6719,1994-12-30,7,45.5625,-0.24,-0.24,기한청산
SPY,20일→다음주금,12,위,-5.0,1995-12-20,60.6719,1995-12-29,6,61.4844,1.34,0.13,기한청산
SPY,20일→다음주금,12,위,-5.0,1996-12-20,74.8438,1996-12-27,4,75.875,1.38,-0.69,기한청산
SPY,20일→다음주금,12,위,-5.0,1997-12-19,94.7812,1997-12-26,4,93.7812,-1.06,-1.62,기한청산
SPY,20일→다음주금,12,위,-5.0,1998-12-18,118.5,1998-12-24,4,122.6875,3.53,0.42,기한청산
SPY,20일→다음주금,12,위,-5.0,1999-12-20,141.6562,1999-12-31,8,146.875,3.68,-0.22,기한청산
SPY,20일→다음주금,12,위,-5.0,2000-12-20,126.25,2000-12-29,6,131.1875,3.91,-0.57,기한청산
SPY,20일→다음주금,12,위,-5.0,2001-12-20,114.65,2001-12-28,5,116.0,1.18,-0.39,기한청산
SPY,20일→다음주금,12,위,-5.0,2002-12-20,89.99,2002-12-27,4,87.38,-2.9,-2.9,기한청산
SPY,20일→다음주금,12,위,-5.0,2003-12-19,108.9,2003-12-26,4,109.7,0.73,-0.11,기한청산
SPY,20일→다음주금,12,위,-5.0,2004-12-20,119.47,2004-12-31,8,120.87,1.17,-0.01,기한청산
SPY,20일→다음주금,12,위,-5.0,2005-12-20,125.83,2005-12-30,7,124.51,-1.05,-1.17,기한청산
SPY,20일→다음주금,12,위,-5.0,2006-12-20,142.14,2006-12-29,6,141.62,-0.37,-1.03,기한청산
SPY,20일→다음주금,12,위,-5.0,2007-12-20,146.8,2007-12-28,5,147.3,0.34,0.07,기한청산
SPY,20일→다음주금,12,위,-5.0,2008-12-19,88.19,2008-12-26,4,87.16,-1.17,-3.06,기한청산
SPY,20일→다음주금,12,위,-5.0,2009-12-18,110.21,2009-12-24,4,112.48,2.06,0.5,기한청산
SPY,20일→다음주금,12,위,-5.0,2010-12-20,124.6,2010-12-31,8,125.75,0.92,0.22,기한청산
SPY,20일→다음주금,12,위,-5.0,2011-12-20,123.93,2011-12-30,7,125.5,1.27,-0.95,기한청산
SPY,20일→다음주금,12,위,-5.0,2012-12-20,145.12,2012-12-28,5,140.03,-3.51,-3.62,기한청산
SPY,20일→다음주금,12,위,-5.0,2013-12-20,181.56,2013-12-27,4,183.85,1.26,0.28,기한청산
SPY,20일→다음주금,12,위,-5.0,2014-12-19,206.52,2014-12-26,4,208.44,0.93,-0.03,기한청산
SPY,20일→다음주금,12,위,-5.0,2015-12-18,200.02,2015-12-24,4,205.68,2.83,0.03,기한청산
SPY,20일→다음주금,12,위,-5.0,2016-12-20,226.4,2016-12-30,7,223.53,-1.27,-1.62,기한청산
SPY,20일→다음주금,12,위,-5.0,2017-12-20,267.03,2017-12-29,6,266.86,-0.06,-0.15,기한청산
SPY,20일→다음주금,12,위,-5.0,2018-12-20,247.17,2018-12-24,2,234.8115,-5.0,-5.0,장중손절
SPY,20일→다음주금,12,위,-5.0,2019-12-20,320.73,2019-12-27,4,322.86,0.66,0.05,기한청산
SPY,20일→다음주금,12,위,-5.0,2020-12-18,369.18,2020-12-24,4,369.0,-0.05,-1.94,기한청산
SPY,20일→다음주금,12,위,-5.0,2021-12-20,454.98,2021-12-31,8,474.96,4.39,0.29,기한청산
SPY,20일→다음주금,12,위,-5.0,2022-12-20,380.54,2022-12-30,7,382.43,0.5,-1.52,기한청산
SPY,20일→다음주금,12,위,-5.0,2023-12-20,468.26,2023-12-29,6,475.31,1.51,0.12,기한청산
SPY,20일→다음주금,12,위,-5.0,2024-12-20,591.15,2024-12-27,4,595.01,0.65,-0.59,기한청산
SPY,20일→다음주금,12,위,-5.0,2025-12-19,680.59,2025-12-26,4,690.31,1.43,0.0,기한청산
SPY,20일→다음주금,12,위,무손절,1993-12-20,46.625,1993-12-31,8,46.5938,-0.07,-0.47,기한청산
SPY,20일→다음주금,12,위,무손절,1994-12-20,45.6719,1994-12-30,7,45.5625,-0.24,-0.24,기한청산
SPY,20일→다음주금,12,위,무손절,1995-12-20,60.6719,1995-12-29,6,61.4844,1.34,0.13,기한청산
SPY,20일→다음주금,12,위,무손절,1996-12-20,74.8438,1996-12-27,4,75.875,1.38,-0.69,기한청산
SPY,20일→다음주금,12,위,무손절,1997-12-19,94.7812,1997-12-26,4,93.7812,-1.06,-1.62,기한청산
SPY,20일→다음주금,12,위,무손절,1998-12-18,118.5,1998-12-24,4,122.6875,3.53,0.42,기한청산
SPY,20일→다음주금,12,위,무손절,1999-12-20,141.6562,1999-12-31,8,146.875,3.68,-0.22,기한청산
SPY,20일→다음주금,12,위,무손절,2000-12-20,126.25,2000-12-29,6,131.1875,3.91,-0.57,기한청산
SPY,20일→다음주금,12,위,무손절,2001-12-20,114.65,2001-12-28,5,116.0,1.18,-0.39,기한청산
SPY,20일→다음주금,12,위,무손절,2002-12-20,89.99,2002-12-27,4,87.38,-2.9,-2.9,기한청산
SPY,20일→다음주금,12,위,무손절,2003-12-19,108.9,2003-12-26,4,109.7,0.73,-0.11,기한청산
SPY,20일→다음주금,12,위,무손절,2004-12-20,119.47,2004-12-31,8,120.87,1.17,-0.01,기한청산
SPY,20일→다음주금,12,위,무손절,2005-12-20,125.83,2005-12-30,7,124.51,-1.05,-1.17,기한청산
SPY,20일→다음주금,12,위,무손절,2006-12-20,142.14,2006-12-29,6,141.62,-0.37,-1.03,기한청산
SPY,20일→다음주금,12,위,무손절,2007-12-20,146.8,2007-12-28,5,147.3,0.34,0.07,기한청산
SPY,20일→다음주금,12,위,무손절,2008-12-19,88.19,2008-12-26,4,87.16,-1.17,-3.06,기한청산
SPY,20일→다음주금,12,위,무손절,2009-12-18,110.21,2009-12-24,4,112.48,2.06,0.5,기한청산
SPY,20일→다음주금,12,위,무손절,2010-12-20,124.6,2010-12-31,8,125.75,0.92,0.22,기한청산
SPY,20일→다음주금,12,위,무손절,2011-12-20,123.93,2011-12-30,7,125.5,1.27,-0.95,기한청산
SPY,20일→다음주금,12,위,무손절,2012-12-20,145.12,2012-12-28,5,140.03,-3.51,-3.62,기한청산
SPY,20일→다음주금,12,위,무손절,2013-12-20,181.56,2013-12-27,4,183.85,1.26,0.28,기한청산
SPY,20일→다음주금,12,위,무손절,2014-12-19,206.52,2014-12-26,4,208.44,0.93,-0.03,기한청산
SPY,20일→다음주금,12,위,무손절,2015-12-18,200.02,2015-12-24,4,205.68,2.83,0.03,기한청산
SPY,20일→다음주금,12,위,무손절,2016-12-20,226.4,2016-12-30,7,223.53,-1.27,-1.62,기한청산
SPY,20일→다음주금,12,위,무손절,2017-12-20,267.03,2017-12-29,6,266.86,-0.06,-0.15,기한청산
SPY,20일→다음주금,12,위,무손절,2018-12-20,247.17,2018-12-28,5,247.75,0.23,-5.43,기한청산
SPY,20일→다음주금,12,위,무손절,2019-12-20,320.73,2019-12-27,4,322.86,0.66,0.05,기한청산
SPY,20일→다음주금,12,위,무손절,2020-12-18,369.18,2020-12-24,4,369.0,-0.05,-1.94,기한청산
SPY,20일→다음주금,12,위,무손절,2021-12-20,454.98,2021-12-31,8,474.96,4.39,0.29,기한청산
SPY,20일→다음주금,12,위,무손절,2022-12-20,380.54,2022-12-30,7,382.43,0.5,-1.52,기한청산
SPY,20일→다음주금,12,위,무손절,2023-12-20,468.26,2023-12-29,6,475.31,1.51,0.12,기한청산
SPY,20일→다음주금,12,위,무손절,2024-12-20,591.15,2024-12-27,4,595.01,0.65,-0.59,기한청산
SPY,20일→다음주금,12,위,무손절,2025-12-19,680.59,2025-12-26,4,690.31,1.43,0.0,기한청산
SPY,20일→다음주금,12,아래,-5.0,1993-12-20,46.625,1993-12-31,8,46.5938,0.07,-1.14,기한청산
SPY,20일→다음주금,12,아래,-5.0,1994-12-20,45.6719,1994-12-30,7,45.5625,0.24,-1.61,기한청산
SPY,20일→다음주금,12,아래,-5.0,1995-12-20,60.6719,1995-12-29,6,61.4844,-1.34,-1.62,기한청산
SPY,20일→다음주금,12,아래,-5.0,1996-12-20,74.8438,1996-12-27,4,75.875,-1.38,-1.59,기한청산
SPY,20일→다음주금,12,아래,-5.0,1997-12-19,94.7812,1997-12-26,4,93.7812,1.06,-1.19,기한청산
SPY,20일→다음주금,12,아래,-5.0,1998-12-18,118.5,1998-12-24,4,122.6875,-3.53,-4.01,기한청산
SPY,20일→다음주금,12,아래,-5.0,1999-12-20,141.6562,1999-12-31,8,146.875,-3.68,-4.17,기한청산
SPY,20일→다음주금,12,아래,-5.0,2000-12-20,126.25,2000-12-27,4,132.5625,-5.0,-5.0,장중손절
SPY,20일→다음주금,12,아래,-5.0,2001-12-20,114.65,2001-12-28,5,116.0,-1.18,-1.83,기한청산
SPY,20일→다음주금,12,아래,-5.0,2002-12-20,89.99,2002-12-27,4,87.38,2.9,-0.69,기한청산
SPY,20일→다음주금,12,아래,-5.0,2003-12-19,108.9,2003-12-26,4,109.7,-0.73,-1.08,기한청산
SPY,20일→다음주금,12,아래,-5.0,2004-12-20,119.47,2004-12-31,8,120.87,-1.17,-1.83,기한청산
SPY,20일→다음주금,12,아래,-5.0,2005-12-20,125.83,2005-12-30,7,124.51,1.05,-0.97,기한청산
SPY,20일→다음주금,12,아래,-5.0,2006-12-20,142.14,2006-12-29,6,141.62,0.37,-0.39,기한청산
SPY,20일→다음주금,12,아래,-5.0,2007-12-20,146.8,2007-12-28,5,147.3,-0.34,-1.96,기한청산
SPY,20일→다음주금,12,아래,-5.0,2008-12-19,88.19,2008-12-26,4,87.16,1.17,-0.54,기한청산
SPY,20일→다음주금,12,아래,-5.0,2009-12-18,110.21,2009-12-24,4,112.48,-2.06,-2.17,기한청산
SPY,20일→다음주금,12,아래,-5.0,2010-12-20,124.6,2010-12-31,8,125.75,-0.92,-1.28,기한청산
SPY,20일→다음주금,12,아래,-5.0,2011-12-20,123.93,2011-12-30,7,125.5,-1.27,-2.33,기한청산
SPY,20일→다음주금,12,아래,-5.0,2012-12-20,145.12,2012-12-28,5,140.03,3.51,0.71,기한청산
SPY,20일→다음주금,12,아래,-5.0,2013-12-20,181.56,2013-12-27,4,183.85,-1.26,-1.44,기한청산
SPY,20일→다음주금,12,아래,-5.0,2014-12-19,206.52,2014-12-26,4,208.44,-0.93,-1.13,기한청산
SPY,20일→다음주금,12,아래,-5.0,2015-12-18,200.02,2015-12-24,4,205.68,-2.83,-3.15,기한청산
SPY,20일→다음주금,12,아래,-5.0,2016-12-20,226.4,2016-12-30,7,223.53,1.27,-0.15,기한청산
SPY,20일→다음주금,12,아래,-5.0,2017-12-20,267.03,2017-12-29,6,266.86,0.06,-0.57,기한청산
SPY,20일→다음주금,12,아래,-5.0,2018-12-20,247.17,2018-12-28,5,247.75,-0.23,-1.71,기한청산
SPY,20일→다음주금,12,아래,-5.0,2019-12-20,320.73,2019-12-27,4,322.86,-0.66,-0.96,기한청산
SPY,20일→다음주금,12,아래,-5.0,2020-12-18,369.18,2020-12-24,4,369.0,0.05,-2.51,기한청산
SPY,20일→다음주금,12,아래,-5.0,2021-12-20,454.98,2021-12-28,5,477.729,-5.0,-5.0,장중손절
SPY,20일→다음주금,12,아래,-5.0,2022-12-20,380.54,2022-12-30,7,382.43,-0.5,-1.81,기한청산
SPY,20일→다음주금,12,아래,-5.0,2023-12-20,468.26,2023-12-29,6,475.31,-1.51,-1.98,기한청산
SPY,20일→다음주금,12,아래,-5.0,2024-12-20,591.15,2024-12-27,4,595.01,-0.65,-1.92,기한청산
SPY,20일→다음주금,12,아래,-5.0,2025-12-19,680.59,2025-12-26,4,690.31,-1.43,-1.63,기한청산
SPY,20일→다음주금,12,아래,무손절,1993-12-20,46.625,1993-12-31,8,46.5938,0.07,-1.14,기한청산
SPY,20일→다음주금,12,아래,무손절,1994-12-20,45.6719,1994-12-30,7,45.5625,0.24,-1.61,기한청산
SPY,20일→다음주금,12,아래,무손절,1995-12-20,60.6719,1995-12-29,6,61.4844,-1.34,-1.62,기한청산
SPY,20일→다음주금,12,아래,무손절,1996-12-20,74.8438,1996-12-27,4,75.875,-1.38,-1.59,기한청산
SPY,20일→다음주금,12,아래,무손절,1997-12-19,94.7812,1997-12-26,4,93.7812,1.06,-1.19,기한청산
SPY,20일→다음주금,12,아래,무손절,1998-12-18,118.5,1998-12-24,4,122.6875,-3.53,-4.01,기한청산
SPY,20일→다음주금,12,아래,무손절,1999-12-20,141.6562,1999-12-31,8,146.875,-3.68,-4.17,기한청산
SPY,20일→다음주금,12,아래,무손절,2000-12-20,126.25,2000-12-29,6,131.1875,-3.91,-6.36,기한청산
SPY,20일→다음주금,12,아래,무손절,2001-12-20,114.65,2001-12-28,5,116.0,-1.18,-1.83,기한청산
SPY,20일→다음주금,12,아래,무손절,2002-12-20,89.99,2002-12-27,4,87.38,2.9,-0.69,기한청산
SPY,20일→다음주금,12,아래,무손절,2003-12-19,108.9,2003-12-26,4,109.7,-0.73,-1.08,기한청산
SPY,20일→다음주금,12,아래,무손절,2004-12-20,119.47,2004-12-31,8,120.87,-1.17,-1.83,기한청산
SPY,20일→다음주금,12,아래,무손절,2005-12-20,125.83,2005-12-30,7,124.51,1.05,-0.97,기한청산
SPY,20일→다음주금,12,아래,무손절,2006-12-20,142.14,2006-12-29,6,141.62,0.37,-0.39,기한청산
SPY,20일→다음주금,12,아래,무손절,2007-12-20,146.8,2007-12-28,5,147.3,-0.34,-1.96,기한청산
SPY,20일→다음주금,12,아래,무손절,2008-12-19,88.19,2008-12-26,4,87.16,1.17,-0.54,기한청산
SPY,20일→다음주금,12,아래,무손절,2009-12-18,110.21,2009-12-24,4,112.48,-2.06,-2.17,기한청산
SPY,20일→다음주금,12,아래,무손절,2010-12-20,124.6,2010-12-31,8,125.75,-0.92,-1.28,기한청산
SPY,20일→다음주금,12,아래,무손절,2011-12-20,123.93,2011-12-30,7,125.5,-1.27,-2.33,기한청산
SPY,20일→다음주금,12,아래,무손절,2012-12-20,145.12,2012-12-28,5,140.03,3.51,0.71,기한청산
SPY,20일→다음주금,12,아래,무손절,2013-12-20,181.56,2013-12-27,4,183.85,-1.26,-1.44,기한청산
SPY,20일→다음주금,12,아래,무손절,2014-12-19,206.52,2014-12-26,4,208.44,-0.93,-1.13,기한청산
SPY,20일→다음주금,12,아래,무손절,2015-12-18,200.02,2015-12-24,4,205.68,-2.83,-3.15,기한청산
SPY,20일→다음주금,12,아래,무손절,2016-12-20,226.4,2016-12-30,7,223.53,1.27,-0.15,기한청산
SPY,20일→다음주금,12,아래,무손절,2017-12-20,267.03,2017-12-29,6,266.86,0.06,-0.57,기한청산
SPY,20일→다음주금,12,아래,무손절,2018-12-20,247.17,2018-12-28,5,247.75,-0.23,-1.71,기한청산
SPY,20일→다음주금,12,아래,무손절,2019-12-20,320.73,2019-12-27,4,322.86,-0.66,-0.96,기한청산
SPY,20일→다음주금,12,아래,무손절,2020-12-18,369.18,2020-12-24,4,369.0,0.05,-2.51,기한청산
SPY,20일→다음주금,12,아래,무손절,2021-12-20,454.98,2021-12-31,8,474.96,-4.39,-5.28,기한청산
SPY,20일→다음주금,12,아래,무손절,2022-12-20,380.54,2022-12-30,7,382.43,-0.5,-1.81,기한청산
SPY,20일→다음주금,12,아래,무손절,2023-12-20,468.26,2023-12-29,6,475.31,-1.51,-1.98,기한청산
SPY,20일→다음주금,12,아래,무손절,2024-12-20,591.15,2024-12-27,4,595.01,-0.65,-1.92,기한청산
SPY,20일→다음주금,12,아래,무손절,2025-12-19,680.59,2025-12-26,4,690.31,-1.43,-1.63,기한청산
SPY,20일→말일,9,위,-5.0,1993-09-20,45.4375,1993-09-30,8,45.9375,1.1,-1.38,기한청산
SPY,20일→말일,9,위,-5.0,1994-09-20,46.1719,1994-09-30,8,46.1719,0.0,-0.95,기한청산
SPY,20일→말일,9,위,-5.0,1995-09-20,58.7812,1995-09-29,7,58.4844,-0.5,-2.02,기한청산
SPY,20일→말일,9,위,-5.0,1996-09-20,68.6406,1996-09-30,6,68.625,-0.02,-0.71,기한청산
SPY,20일→말일,9,위,-5.0,1997-09-19,95.0312,1997-09-30,7,94.375,-0.69,-1.48,기한청산
SPY,20일→말일,9,위,-5.0,1998-09-18,102.0938,1998-09-30,8,101.75,-0.34,-3.09,기한청산
SPY,20일→말일,9,위,-5.0,1999-09-20,133.5625,1999-09-24,4,126.8844,-5.0,-5.0,장중손절
SPY,20일→말일,9,위,-5.0,2000-09-20,144.8906,2000-09-29,7,143.625,-0.87,-1.91,기한청산
SPY,20일→말일,9,위,-5.0,2001-09-20,98.71,2001-09-28,6,104.44,5.8,-4.97,기한청산
SPY,20일→말일,9,위,-5.0,2002-09-20,84.35,2002-09-30,6,81.79,-3.03,-4.09,기한청산
SPY,20일→말일,9,위,-5.0,2003-09-19,103.67,2003-09-30,7,99.95,-3.59,-4.26,기한청산
SPY,20일→말일,9,위,-5.0,2004-09-20,112.47,2004-09-30,8,111.76,-0.63,-1.83,기한청산
SPY,20일→말일,9,위,-5.0,2005-09-20,122.05,2005-09-30,8,123.04,0.81,-1.32,기한청산
SPY,20일→말일,9,위,-5.0,2006-09-20,132.51,2006-09-29,7,133.58,0.81,-1.14,기한청산
SPY,20일→말일,9,위,-5.0,2007-09-20,152.28,2007-09-28,6,152.58,0.2,-1.19,기한청산
SPY,20일→말일,9,위,-5.0,2008-09-19,124.12,2008-09-24,3,117.914,-5.0,-5.0,장중손절
SPY,20일→말일,9,위,-5.0,2009-09-18,106.72,2009-09-30,8,105.59,-1.06,-2.46,기한청산
SPY,20일→말일,9,위,-5.0,2010-09-20,114.21,2010-09-30,8,114.13,-0.07,-1.78,기한청산
SPY,20일→말일,9,위,-5.0,2011-09-20,120.17,2011-09-22,2,113.25,-5.76,-5.76,갭손절
SPY,20일→말일,9,위,-5.0,2012-09-20,146.71,2012-09-28,6,143.97,-1.87,-2.56,기한청산
SPY,20일→말일,9,위,-5.0,2013-09-20,170.72,2013-09-30,6,168.01,-1.59,-2.09,기한청산
SPY,20일→말일,9,위,-5.0,2014-09-19,200.7,2014-09-30,7,197.02,-1.83,-2.32,기한청산
SPY,20일→말일,9,위,-5.0,2015-09-18,195.45,2015-09-30,8,191.63,-1.95,-4.36,기한청산
SPY,20일→말일,9,위,-5.0,2016-09-20,213.42,2016-09-30,8,216.3,1.35,0.01,기한청산
SPY,20일→말일,9,위,-5.0,2017-09-20,250.06,2017-09-29,7,251.23,0.47,-0.79,기한청산
SPY,20일→말일,9,위,-5.0,2018-09-20,293.58,2018-09-28,6,290.72,-0.97,-1.42,기한청산
SPY,20일→말일,9,위,-5.0,2019-09-20,298.28,2019-09-30,6,296.77,-0.51,-1.54,기한청산
SPY,20일→말일,9,위,-5.0,2020-09-18,330.65,2020-09-30,8,334.89,1.28,-3.28,기한청산
SPY,20일→말일,9,위,-5.0,2021-09-20,434.04,2021-09-30,8,429.14,-1.13,-1.21,기한청산
SPY,20일→말일,9,위,-5.0,2022-09-20,384.09,2022-09-23,3,364.8855,-5.0,-5.0,장중손절
SPY,20일→말일,9,위,-5.0,2023-09-20,438.64,2023-09-29,7,427.48,-2.54,-3.73,기한청산
SPY,20일→말일,9,위,-5.0,2024-09-20,568.25,2024-09-30,6,573.76,0.97,-0.11,기한청산
SPY,20일→말일,9,위,-5.0,2025-09-19,663.7,2025-09-30,7,666.18,0.37,-1.4,기한청산
SPY,20일→말일,9,위,무손절,1993-09-20,45.4375,1993-09-30,8,45.9375,1.1,-1.38,기한청산
SPY,20일→말일,9,위,무손절,1994-09-20,46.1719,1994-09-30,8,46.1719,0.0,-0.95,기한청산
SPY,20일→말일,9,위,무손절,1995-09-20,58.7812,1995-09-29,7,58.4844,-0.5,-2.02,기한청산
SPY,20일→말일,9,위,무손절,1996-09-20,68.6406,1996-09-30,6,68.625,-0.02,-0.71,기한청산
SPY,20일→말일,9,위,무손절,1997-09-19,95.0312,1997-09-30,7,94.375,-0.69,-1.48,기한청산
SPY,20일→말일,9,위,무손절,1998-09-18,102.0938,1998-09-30,8,101.75,-0.34,-3.09,기한청산
SPY,20일→말일,9,위,무손절,1999-09-20,133.5625,1999-09-30,8,128.75,-3.6,-5.99,기한청산
SPY,20일→말일,9,위,무손절,2000-09-20,144.8906,2000-09-29,7,143.625,-0.87,-1.91,기한청산
SPY,20일→말일,9,위,무손절,2001-09-20,98.71,2001-09-28,6,104.44,5.8,-4.97,기한청산
SPY,20일→말일,9,위,무손절,2002-09-20,84.35,2002-09-30,6,81.79,-3.03,-4.09,기한청산
SPY,20일→말일,9,위,무손절,2003-09-19,103.67,2003-09-30,7,99.95,-3.59,-4.26,기한청산
SPY,20일→말일,9,위,무손절,2004-09-20,112.47,2004-09-30,8,111.76,-0.63,-1.83,기한청산
SPY,20일→말일,9,위,무손절,2005-09-20,122.05,2005-09-30,8,123.04,0.81,-1.32,기한청산
SPY,20일→말일,9,위,무손절,2006-09-20,132.51,2006-09-29,7,133.58,0.81,-1.14,기한청산
SPY,20일→말일,9,위,무손절,2007-09-20,152.28,2007-09-28,6,152.58,0.2,-1.19,기한청산
SPY,20일→말일,9,위,무손절,2008-09-19,124.12,2008-09-30,7,115.99,-6.55,-10.95,기한청산
SPY,20일→말일,9,위,무손절,2009-09-18,106.72,2009-09-30,8,105.59,-1.06,-2.46,기한청산
SPY,20일→말일,9,위,무손절,2010-09-20,114.21,2010-09-30,8,114.13,-0.07,-1.78,기한청산
SPY,20일→말일,9,위,무손절,2011-09-20,120.17,2011-09-30,8,113.15,-5.84,-7.38,기한청산
SPY,20일→말일,9,위,무손절,2012-09-20,146.71,2012-09-28,6,143.97,-1.87,-2.56,기한청산
SPY,20일→말일,9,위,무손절,2013-09-20,170.72,2013-09-30,6,168.01,-1.59,-2.09,기한청산
SPY,20일→말일,9,위,무손절,2014-09-19,200.7,2014-09-30,7,197.02,-1.83,-2.32,기한청산
SPY,20일→말일,9,위,무손절,2015-09-18,195.45,2015-09-30,8,191.63,-1.95,-4.36,기한청산
SPY,20일→말일,9,위,무손절,2016-09-20,213.42,2016-09-30,8,216.3,1.35,0.01,기한청산
SPY,20일→말일,9,위,무손절,2017-09-20,250.06,2017-09-29,7,251.23,0.47,-0.79,기한청산
SPY,20일→말일,9,위,무손절,2018-09-20,293.58,2018-09-28,6,290.72,-0.97,-1.42,기한청산
SPY,20일→말일,9,위,무손절,2019-09-20,298.28,2019-09-30,6,296.77,-0.51,-1.54,기한청산
SPY,20일→말일,9,위,무손절,2020-09-18,330.65,2020-09-30,8,334.89,1.28,-3.28,기한청산
SPY,20일→말일,9,위,무손절,2021-09-20,434.04,2021-09-30,8,429.14,-1.13,-1.21,기한청산
SPY,20일→말일,9,위,무손절,2022-09-20,384.09,2022-09-30,8,357.18,-7.01,-7.04,기한청산
SPY,20일→말일,9,위,무손절,2023-09-20,438.64,2023-09-29,7,427.48,-2.54,-3.73,기한청산
SPY,20일→말일,9,위,무손절,2024-09-20,568.25,2024-09-30,6,573.76,0.97,-0.11,기한청산
SPY,20일→말일,9,위,무손절,2025-09-19,663.7,2025-09-30,7,666.18,0.37,-1.4,기한청산
SPY,20일→말일,9,아래,-5.0,1993-09-20,45.4375,1993-09-30,8,45.9375,-1.1,-1.93,기한청산
SPY,20일→말일,9,아래,-5.0,1994-09-20,46.1719,1994-09-30,8,46.1719,-0.0,-0.78,기한청산
SPY,20일→말일,9,아래,-5.0,1995-09-20,58.7812,1995-09-29,7,58.4844,0.5,-0.21,기한청산
SPY,20일→말일,9,아래,-5.0,1996-09-20,68.6406,1996-09-30,6,68.625,0.02,-0.89,기한청산
SPY,20일→말일,9,아래,-5.0,1997-09-19,95.0312,1997-09-30,7,94.375,0.69,-1.23,기한청산
SPY,20일→말일,9,아래,-5.0,1998-09-18,102.0938,1998-09-30,8,101.75,0.34,-4.81,기한청산
SPY,20일→말일,9,아래,-5.0,1999-09-20,133.5625,1999-09-30,8,128.75,3.6,0.82,기한청산
SPY,20일→말일,9,아래,-5.0,2000-09-20,144.8906,2000-09-29,7,143.625,0.87,-0.99,기한청산
SPY,20일→말일,9,아래,-5.0,2001-09-20,98.71,2001-09-28,6,103.6455,-5.0,-5.0,장중손절
SPY,20일→말일,9,아래,-5.0,2002-09-20,84.35,2002-09-30,6,81.79,3.03,-1.92,기한청산
SPY,20일→말일,9,아래,-5.0,2003-09-19,103.67,2003-09-30,7,99.95,3.59,0.37,기한청산
SPY,20일→말일,9,아래,-5.0,2004-09-20,112.47,2004-09-30,8,111.76,0.63,-0.89,기한청산
SPY,20일→말일,9,아래,-5.0,2005-09-20,122.05,2005-09-30,8,123.04,-0.81,-0.81,기한청산
SPY,20일→말일,9,아래,-5.0,2006-09-20,132.51,2006-09-29,7,133.58,-0.81,-1.12,기한청산
SPY,20일→말일,9,아래,-5.0,2007-09-20,152.28,2007-09-28,6,152.58,-0.2,-0.6,기한청산
SPY,20일→말일,9,아래,-5.0,2008-09-19,124.12,2008-09-30,7,115.99,6.55,-0.51,기한청산
SPY,20일→말일,9,아래,-5.0,2009-09-18,106.72,2009-09-30,8,105.59,1.06,-1.23,기한청산
SPY,20일→말일,9,아래,-5.0,2010-09-20,114.21,2010-09-30,8,114.13,0.07,-1.38,기한청산
SPY,20일→말일,9,아래,-5.0,2011-09-20,120.17,2011-09-30,8,113.15,5.84,-0.36,기한청산
SPY,20일→말일,9,아래,-5.0,2012-09-20,146.71,2012-09-28,6,143.97,1.87,0.03,기한청산
SPY,20일→말일,9,아래,-5.0,2013-09-20,170.72,2013-09-30,6,168.01,1.59,0.04,기한청산
SPY,20일→말일,9,아래,-5.0,2014-09-19,200.7,2014-09-30,7,197.02,1.83,0.16,기한청산
SPY,20일→말일,9,아래,-5.0,2015-09-18,195.45,2015-09-30,8,191.63,1.95,-1.14,기한청산
SPY,20일→말일,9,아래,-5.0,2016-09-20,213.42,2016-09-30,8,216.3,-1.35,-1.93,기한청산
SPY,20일→말일,9,아래,-5.0,2017-09-20,250.06,2017-09-29,7,251.23,-0.47,-0.5,기한청산
SPY,20일→말일,9,아래,-5.0,2018-09-20,293.58,2018-09-28,6,290.72,0.97,0.12,기한청산
SPY,20일→말일,9,아래,-5.0,2019-09-20,298.28,2019-09-30,6,296.77,0.51,-0.52,기한청산
SPY,20일→말일,9,아래,-5.0,2020-09-18,330.65,2020-09-30,8,334.89,-1.28,-2.31,기한청산
SPY,20일→말일,9,아래,-5.0,2021-09-20,434.04,2021-09-30,8,429.14,1.13,-2.5,기한청산
SPY,20일→말일,9,아래,-5.0,2022-09-20,384.09,2022-09-30,8,357.18,7.01,-1.36,기한청산
SPY,20일→말일,9,아래,-5.0,2023-09-20,438.64,2023-09-29,7,427.48,2.54,0.61,기한청산
SPY,20일→말일,9,아래,-5.0,2024-09-20,568.25,2024-09-30,6,573.76,-0.97,-1.14,기한청산
SPY,20일→말일,9,아래,-5.0,2025-09-19,663.7,2025-09-30,7,666.18,-0.37,-0.55,기한청산
SPY,20일→말일,9,아래,무손절,1993-09-20,45.4375,1993-09-30,8,45.9375,-1.1,-1.93,기한청산
SPY,20일→말일,9,아래,무손절,1994-09-20,46.1719,1994-09-30,8,46.1719,-0.0,-0.78,기한청산
SPY,20일→말일,9,아래,무손절,1995-09-20,58.7812,1995-09-29,7,58.4844,0.5,-0.21,기한청산
SPY,20일→말일,9,아래,무손절,1996-09-20,68.6406,1996-09-30,6,68.625,0.02,-0.89,기한청산
SPY,20일→말일,9,아래,무손절,1997-09-19,95.0312,1997-09-30,7,94.375,0.69,-1.23,기한청산
SPY,20일→말일,9,아래,무손절,1998-09-18,102.0938,1998-09-30,8,101.75,0.34,-4.81,기한청산
SPY,20일→말일,9,아래,무손절,1999-09-20,133.5625,1999-09-30,8,128.75,3.6,0.82,기한청산
SPY,20일→말일,9,아래,무손절,2000-09-20,144.8906,2000-09-29,7,143.625,0.87,-0.99,기한청산
SPY,20일→말일,9,아래,무손절,2001-09-20,98.71,2001-09-28,6,104.44,-5.8,-11.05,기한청산
SPY,20일→말일,9,아래,무손절,2002-09-20,84.35,2002-09-30,6,81.79,3.03,-1.92,기한청산
SPY,20일→말일,9,아래,무손절,2003-09-19,103.67,2003-09-30,7,99.95,3.59,0.37,기한청산
SPY,20일→말일,9,아래,무손절,2004-09-20,112.47,2004-09-30,8,111.76,0.63,-0.89,기한청산
SPY,20일→말일,9,아래,무손절,2005-09-20,122.05,2005-09-30,8,123.04,-0.81,-0.81,기한청산
SPY,20일→말일,9,아래,무손절,2006-09-20,132.51,2006-09-29,7,133.58,-0.81,-1.12,기한청산
SPY,20일→말일,9,아래,무손절,2007-09-20,152.28,2007-09-28,6,152.58,-0.2,-0.6,기한청산
SPY,20일→말일,9,아래,무손절,2008-09-19,124.12,2008-09-30,7,115.99,6.55,-0.51,기한청산
SPY,20일→말일,9,아래,무손절,2009-09-18,106.72,2009-09-30,8,105.59,1.06,-1.23,기한청산
SPY,20일→말일,9,아래,무손절,2010-09-20,114.21,2010-09-30,8,114.13,0.07,-1.38,기한청산
SPY,20일→말일,9,아래,무손절,2011-09-20,120.17,2011-09-30,8,113.15,5.84,-0.36,기한청산
SPY,20일→말일,9,아래,무손절,2012-09-20,146.71,2012-09-28,6,143.97,1.87,0.03,기한청산
SPY,20일→말일,9,아래,무손절,2013-09-20,170.72,2013-09-30,6,168.01,1.59,0.04,기한청산
SPY,20일→말일,9,아래,무손절,2014-09-19,200.7,2014-09-30,7,197.02,1.83,0.16,기한청산
SPY,20일→말일,9,아래,무손절,2015-09-18,195.45,2015-09-30,8,191.63,1.95,-1.14,기한청산
SPY,20일→말일,9,아래,무손절,2016-09-20,213.42,2016-09-30,8,216.3,-1.35,-1.93,기한청산
SPY,20일→말일,9,아래,무손절,2017-09-20,250.06,2017-09-29,7,251.23,-0.47,-0.5,기한청산
SPY,20일→말일,9,아래,무손절,2018-09-20,293.58,2018-09-28,6,290.72,0.97,0.12,기한청산
SPY,20일→말일,9,아래,무손절,2019-09-20,298.28,2019-09-30,6,296.77,0.51,-0.52,기한청산
SPY,20일→말일,9,아래,무손절,2020-09-18,330.65,2020-09-30,8,334.89,-1.28,-2.31,기한청산
SPY,20일→말일,9,아래,무손절,2021-09-20,434.04,2021-09-30,8,429.14,1.13,-2.5,기한청산
SPY,20일→말일,9,아래,무손절,2022-09-20,384.09,2022-09-30,8,357.18,7.01,-1.36,기한청산
SPY,20일→말일,9,아래,무손절,2023-09-20,438.64,2023-09-29,7,427.48,2.54,0.61,기한청산
SPY,20일→말일,9,아래,무손절,2024-09-20,568.25,2024-09-30,6,573.76,-0.97,-1.14,기한청산
SPY,20일→말일,9,아래,무손절,2025-09-19,663.7,2025-09-30,7,666.18,-0.37,-0.55,기한청산
SPY,20일→말일,12,위,-5.0,1993-12-20,46.625,1993-12-31,8,46.5938,-0.07,-0.47,기한청산
SPY,20일→말일,12,위,-5.0,1994-12-20,45.6719,1994-12-30,7,45.5625,-0.24,-0.24,기한청산
SPY,20일→말일,12,위,-5.0,1995-12-20,60.6719,1995-12-29,6,61.4844,1.34,0.13,기한청산
SPY,20일→말일,12,위,-5.0,1996-12-20,74.8438,1996-12-31,6,73.8438,-1.34,-1.34,기한청산
SPY,20일→말일,12,위,-5.0,1997-12-19,94.7812,1997-12-31,7,97.0625,2.41,-1.62,기한청산
SPY,20일→말일,12,위,-5.0,1998-12-18,118.5,1998-12-31,8,123.3125,4.06,0.42,기한청산
SPY,20일→말일,12,위,-5.0,1999-12-20,141.6562,1999-12-31,8,146.875,3.68,-0.22,기한청산
SPY,20일→말일,12,위,-5.0,2000-12-20,126.25,2000-12-29,6,131.1875,3.91,-0.57,기한청산
SPY,20일→말일,12,위,-5.0,2001-12-20,114.65,2001-12-31,6,114.3,-0.31,-0.39,기한청산
SPY,20일→말일,12,위,-5.0,2002-12-20,89.99,2002-12-31,6,88.23,-1.96,-3.2,기한청산
SPY,20일→말일,12,위,-5.0,2003-12-19,108.9,2003-12-31,7,111.28,2.19,-0.11,기한청산
SPY,20일→말일,12,위,-5.0,2004-12-20,119.47,2004-12-31,8,120.87,1.17,-0.01,기한청산
SPY,20일→말일,12,위,-5.0,2005-12-20,125.83,2005-12-30,7,124.51,-1.05,-1.17,기한청산
SPY,20일→말일,12,위,-5.0,2006-12-20,142.14,2006-12-29,6,141.62,-0.37,-1.03,기한청산
SPY,20일→말일,12,위,-5.0,2007-12-20,146.8,2007-12-31,6,146.21,-0.4,-0.5,기한청산
SPY,20일→말일,12,위,-5.0,2008-12-19,88.19,2008-12-31,7,90.24,2.32,-3.06,기한청산
SPY,20일→말일,12,위,-5.0,2009-12-18,110.21,2009-12-31,8,111.44,1.12,0.5,기한청산
SPY,20일→말일,12,위,-5.0,2010-12-20,124.6,2010-12-31,8,125.75,0.92,0.22,기한청산
SPY,20일→말일,12,위,-5.0,2011-12-20,123.93,2011-12-30,7,125.5,1.27,-0.95,기한청산
SPY,20일→말일,12,위,-5.0,2012-12-20,145.12,2012-12-31,6,142.41,-1.87,-3.85,기한청산
SPY,20일→말일,12,위,-5.0,2013-12-20,181.56,2013-12-31,6,184.69,1.72,0.28,기한청산
SPY,20일→말일,12,위,-5.0,2014-12-19,206.52,2014-12-31,7,205.54,-0.47,-0.55,기한청산
SPY,20일→말일,12,위,-5.0,2015-12-18,200.02,2015-12-31,8,203.87,1.92,0.03,기한청산
SPY,20일→말일,12,위,-5.0,2016-12-20,226.4,2016-12-30,7,223.53,-1.27,-1.62,기한청산
SPY,20일→말일,12,위,-5.0,2017-12-20,267.03,2017-12-29,6,266.86,-0.06,-0.15,기한청산
SPY,20일→말일,12,위,-5.0,2018-12-20,247.17,2018-12-24,2,234.8115,-5.0,-5.0,장중손절
SPY,20일→말일,12,위,-5.0,2019-12-20,320.73,2019-12-31,6,321.86,0.35,-0.18,기한청산
SPY,20일→말일,12,위,-5.0,2020-12-18,369.18,2020-12-31,8,373.88,1.27,-1.94,기한청산
SPY,20일→말일,12,위,-5.0,2021-12-20,454.98,2021-12-31,8,474.96,4.39,0.29,기한청산
SPY,20일→말일,12,위,-5.0,2022-12-20,380.54,2022-12-30,7,382.43,0.5,-1.52,기한청산
SPY,20일→말일,12,위,-5.0,2023-12-20,468.26,2023-12-29,6,475.31,1.51,0.12,기한청산
SPY,20일→말일,12,위,-5.0,2024-12-20,591.15,2024-12-31,6,586.08,-0.86,-1.14,기한청산
SPY,20일→말일,12,위,-5.0,2025-12-19,680.59,2025-12-31,7,681.92,0.2,0.0,기한청산
SPY,20일→말일,12,위,무손절,1993-12-20,46.625,1993-12-31,8,46.5938,-0.07,-0.47,기한청산
SPY,20일→말일,12,위,무손절,1994-12-20,45.6719,1994-12-30,7,45.5625,-0.24,-0.24,기한청산
SPY,20일→말일,12,위,무손절,1995-12-20,60.6719,1995-12-29,6,61.4844,1.34,0.13,기한청산
SPY,20일→말일,12,위,무손절,1996-12-20,74.8438,1996-12-31,6,73.8438,-1.34,-1.34,기한청산
SPY,20일→말일,12,위,무손절,1997-12-19,94.7812,1997-12-31,7,97.0625,2.41,-1.62,기한청산
SPY,20일→말일,12,위,무손절,1998-12-18,118.5,1998-12-31,8,123.3125,4.06,0.42,기한청산
SPY,20일→말일,12,위,무손절,1999-12-20,141.6562,1999-12-31,8,146.875,3.68,-0.22,기한청산
SPY,20일→말일,12,위,무손절,2000-12-20,126.25,2000-12-29,6,131.1875,3.91,-0.57,기한청산
SPY,20일→말일,12,위,무손절,2001-12-20,114.65,2001-12-31,6,114.3,-0.31,-0.39,기한청산
SPY,20일→말일,12,위,무손절,2002-12-20,89.99,2002-12-31,6,88.23,-1.96,-3.2,기한청산
SPY,20일→말일,12,위,무손절,2003-12-19,108.9,2003-12-31,7,111.28,2.19,-0.11,기한청산
SPY,20일→말일,12,위,무손절,2004-12-20,119.47,2004-12-31,8,120.87,1.17,-0.01,기한청산
SPY,20일→말일,12,위,무손절,2005-12-20,125.83,2005-12-30,7,124.51,-1.05,-1.17,기한청산
SPY,20일→말일,12,위,무손절,2006-12-20,142.14,2006-12-29,6,141.62,-0.37,-1.03,기한청산
SPY,20일→말일,12,위,무손절,2007-12-20,146.8,2007-12-31,6,146.21,-0.4,-0.5,기한청산
SPY,20일→말일,12,위,무손절,2008-12-19,88.19,2008-12-31,7,90.24,2.32,-3.06,기한청산
SPY,20일→말일,12,위,무손절,2009-12-18,110.21,2009-12-31,8,111.44,1.12,0.5,기한청산
SPY,20일→말일,12,위,무손절,2010-12-20,124.6,2010-12-31,8,125.75,0.92,0.22,기한청산
SPY,20일→말일,12,위,무손절,2011-12-20,123.93,2011-12-30,7,125.5,1.27,-0.95,기한청산
SPY,20일→말일,12,위,무손절,2012-12-20,145.12,2012-12-31,6,142.41,-1.87,-3.85,기한청산
SPY,20일→말일,12,위,무손절,2013-12-20,181.56,2013-12-31,6,184.69,1.72,0.28,기한청산
SPY,20일→말일,12,위,무손절,2014-12-19,206.52,2014-12-31,7,205.54,-0.47,-0.55,기한청산
SPY,20일→말일,12,위,무손절,2015-12-18,200.02,2015-12-31,8,203.87,1.92,0.03,기한청산
SPY,20일→말일,12,위,무손절,2016-12-20,226.4,2016-12-30,7,223.53,-1.27,-1.62,기한청산
SPY,20일→말일,12,위,무손절,2017-12-20,267.03,2017-12-29,6,266.86,-0.06,-0.15,기한청산
SPY,20일→말일,12,위,무손절,2018-12-20,247.17,2018-12-31,6,249.92,1.11,-5.43,기한청산
SPY,20일→말일,12,위,무손절,2019-12-20,320.73,2019-12-31,6,321.86,0.35,-0.18,기한청산
SPY,20일→말일,12,위,무손절,2020-12-18,369.18,2020-12-31,8,373.88,1.27,-1.94,기한청산
SPY,20일→말일,12,위,무손절,2021-12-20,454.98,2021-12-31,8,474.96,4.39,0.29,기한청산
SPY,20일→말일,12,위,무손절,2022-12-20,380.54,2022-12-30,7,382.43,0.5,-1.52,기한청산
SPY,20일→말일,12,위,무손절,2023-12-20,468.26,2023-12-29,6,475.31,1.51,0.12,기한청산
SPY,20일→말일,12,위,무손절,2024-12-20,591.15,2024-12-31,6,586.08,-0.86,-1.14,기한청산
SPY,20일→말일,12,위,무손절,2025-12-19,680.59,2025-12-31,7,681.92,0.2,0.0,기한청산
SPY,20일→말일,12,아래,-5.0,1993-12-20,46.625,1993-12-31,8,46.5938,0.07,-1.14,기한청산
SPY,20일→말일,12,아래,-5.0,1994-12-20,45.6719,1994-12-30,7,45.5625,0.24,-1.61,기한청산
SPY,20일→말일,12,아래,-5.0,1995-12-20,60.6719,1995-12-29,6,61.4844,-1.34,-1.62,기한청산
SPY,20일→말일,12,아래,-5.0,1996-12-20,74.8438,1996-12-31,6,73.8438,1.34,-1.71,기한청산
SPY,20일→말일,12,아래,-5.0,1997-12-19,94.7812,1997-12-31,7,97.0625,-2.41,-3.0,기한청산
SPY,20일→말일,12,아래,-5.0,1998-12-18,118.5,1998-12-29,6,124.425,-5.0,-5.0,장중손절
SPY,20일→말일,12,아래,-5.0,1999-12-20,141.6562,1999-12-31,8,146.875,-3.68,-4.17,기한청산
SPY,20일→말일,12,아래,-5.0,2000-12-20,126.25,2000-12-27,4,132.5625,-5.0,-5.0,장중손절
SPY,20일→말일,12,아래,-5.0,2001-12-20,114.65,2001-12-31,6,114.3,0.31,-1.83,기한청산
SPY,20일→말일,12,아래,-5.0,2002-12-20,89.99,2002-12-31,6,88.23,1.96,-0.69,기한청산
SPY,20일→말일,12,아래,-5.0,2003-12-19,108.9,2003-12-31,7,111.28,-2.19,-2.41,기한청산
SPY,20일→말일,12,아래,-5.0,2004-12-20,119.47,2004-12-31,8,120.87,-1.17,-1.83,기한청산
SPY,20일→말일,12,아래,-5.0,2005-12-20,125.83,2005-12-30,7,124.51,1.05,-0.97,기한청산
SPY,20일→말일,12,아래,-5.0,2006-12-20,142.14,2006-12-29,6,141.62,0.37,-0.39,기한청산
SPY,20일→말일,12,아래,-5.0,2007-12-20,146.8,2007-12-31,6,146.21,0.4,-1.96,기한청산
SPY,20일→말일,12,아래,-5.0,2008-12-19,88.19,2008-12-31,7,90.24,-2.32,-3.15,기한청산
SPY,20일→말일,12,아래,-5.0,2009-12-18,110.21,2009-12-31,8,111.44,-1.12,-2.56,기한청산
SPY,20일→말일,12,아래,-5.0,2010-12-20,124.6,2010-12-31,8,125.75,-0.92,-1.28,기한청산
SPY,20일→말일,12,아래,-5.0,2011-12-20,123.93,2011-12-30,7,125.5,-1.27,-2.33,기한청산
SPY,20일→말일,12,아래,-5.0,2012-12-20,145.12,2012-12-31,6,142.41,1.87,0.71,기한청산
SPY,20일→말일,12,아래,-5.0,2013-12-20,181.56,2013-12-31,6,184.69,-1.72,-1.72,기한청산
SPY,20일→말일,12,아래,-5.0,2014-12-19,206.52,2014-12-31,7,205.54,0.47,-1.19,기한청산
SPY,20일→말일,12,아래,-5.0,2015-12-18,200.02,2015-12-31,8,203.87,-1.92,-3.88,기한청산
SPY,20일→말일,12,아래,-5.0,2016-12-20,226.4,2016-12-30,7,223.53,1.27,-0.15,기한청산
SPY,20일→말일,12,아래,-5.0,2017-12-20,267.03,2017-12-29,6,266.86,0.06,-0.57,기한청산
SPY,20일→말일,12,아래,-5.0,2018-12-20,247.17,2018-12-31,6,249.92,-1.11,-1.71,기한청산
SPY,20일→말일,12,아래,-5.0,2019-12-20,320.73,2019-12-31,6,321.86,-0.35,-0.96,기한청산
SPY,20일→말일,12,아래,-5.0,2020-12-18,369.18,2020-12-31,8,373.88,-1.27,-2.51,기한청산
SPY,20일→말일,12,아래,-5.0,2021-12-20,454.98,2021-12-28,5,477.729,-5.0,-5.0,장중손절
SPY,20일→말일,12,아래,-5.0,2022-12-20,380.54,2022-12-30,7,382.43,-0.5,-1.81,기한청산
SPY,20일→말일,12,아래,-5.0,2023-12-20,468.26,2023-12-29,6,475.31,-1.51,-1.98,기한청산
SPY,20일→말일,12,아래,-5.0,2024-12-20,591.15,2024-12-31,6,586.08,0.86,-1.92,기한청산
SPY,20일→말일,12,아래,-5.0,2025-12-19,680.59,2025-12-31,7,681.92,-0.2,-1.63,기한청산
SPY,20일→말일,12,아래,무손절,1993-12-20,46.625,1993-12-31,8,46.5938,0.07,-1.14,기한청산
SPY,20일→말일,12,아래,무손절,1994-12-20,45.6719,1994-12-30,7,45.5625,0.24,-1.61,기한청산
SPY,20일→말일,12,아래,무손절,1995-12-20,60.6719,1995-12-29,6,61.4844,-1.34,-1.62,기한청산
SPY,20일→말일,12,아래,무손절,1996-12-20,74.8438,1996-12-31,6,73.8438,1.34,-1.71,기한청산
SPY,20일→말일,12,아래,무손절,1997-12-19,94.7812,1997-12-31,7,97.0625,-2.41,-3.0,기한청산
SPY,20일→말일,12,아래,무손절,1998-12-18,118.5,1998-12-31,8,123.3125,-4.06,-5.27,기한청산
SPY,20일→말일,12,아래,무손절,1999-12-20,141.6562,1999-12-31,8,146.875,-3.68,-4.17,기한청산
SPY,20일→말일,12,아래,무손절,2000-12-20,126.25,2000-12-29,6,131.1875,-3.91,-6.36,기한청산
SPY,20일→말일,12,아래,무손절,2001-12-20,114.65,2001-12-31,6,114.3,0.31,-1.83,기한청산
SPY,20일→말일,12,아래,무손절,2002-12-20,89.99,2002-12-31,6,88.23,1.96,-0.69,기한청산
SPY,20일→말일,12,아래,무손절,2003-12-19,108.9,2003-12-31,7,111.28,-2.19,-2.41,기한청산
SPY,20일→말일,12,아래,무손절,2004-12-20,119.47,2004-12-31,8,120.87,-1.17,-1.83,기한청산
SPY,20일→말일,12,아래,무손절,2005-12-20,125.83,2005-12-30,7,124.51,1.05,-0.97,기한청산
SPY,20일→말일,12,아래,무손절,2006-12-20,142.14,2006-12-29,6,141.62,0.37,-0.39,기한청산
SPY,20일→말일,12,아래,무손절,2007-12-20,146.8,2007-12-31,6,146.21,0.4,-1.96,기한청산
SPY,20일→말일,12,아래,무손절,2008-12-19,88.19,2008-12-31,7,90.24,-2.32,-3.15,기한청산
SPY,20일→말일,12,아래,무손절,2009-12-18,110.21,2009-12-31,8,111.44,-1.12,-2.56,기한청산
SPY,20일→말일,12,아래,무손절,2010-12-20,124.6,2010-12-31,8,125.75,-0.92,-1.28,기한청산
SPY,20일→말일,12,아래,무손절,2011-12-20,123.93,2011-12-30,7,125.5,-1.27,-2.33,기한청산
SPY,20일→말일,12,아래,무손절,2012-12-20,145.12,2012-12-31,6,142.41,1.87,0.71,기한청산
SPY,20일→말일,12,아래,무손절,2013-12-20,181.56,2013-12-31,6,184.69,-1.72,-1.72,기한청산
SPY,20일→말일,12,아래,무손절,2014-12-19,206.52,2014-12-31,7,205.54,0.47,-1.19,기한청산
SPY,20일→말일,12,아래,무손절,2015-12-18,200.02,2015-12-31,8,203.87,-1.92,-3.88,기한청산
SPY,20일→말일,12,아래,무손절,2016-12-20,226.4,2016-12-30,7,223.53,1.27,-0.15,기한청산
SPY,20일→말일,12,아래,무손절,2017-12-20,267.03,2017-12-29,6,266.86,0.06,-0.57,기한청산
SPY,20일→말일,12,아래,무손절,2018-12-20,247.17,2018-12-31,6,249.92,-1.11,-1.71,기한청산
SPY,20일→말일,12,아래,무손절,2019-12-20,320.73,2019-12-31,6,321.86,-0.35,-0.96,기한청산
SPY,20일→말일,12,아래,무손절,2020-12-18,369.18,2020-12-31,8,373.88,-1.27,-2.51,기한청산
SPY,20일→말일,12,아래,무손절,2021-12-20,454.98,2021-12-31,8,474.96,-4.39,-5.28,기한청산
SPY,20일→말일,12,아래,무손절,2022-12-20,380.54,2022-12-30,7,382.43,-0.5,-1.81,기한청산
SPY,20일→말일,12,아래,무손절,2023-12-20,468.26,2023-12-29,6,475.31,-1.51,-1.98,기한청산
SPY,20일→말일,12,아래,무손절,2024-12-20,591.15,2024-12-31,6,586.08,0.86,-1.92,기한청산
SPY,20일→말일,12,아래,무손절,2025-12-19,680.59,2025-12-31,7,681.92,-0.2,-1.63,기한청산
DIA,만기→다음주금,9,위,-5.0,1998-09-18,78.8125,1998-09-25,5,80.125,1.67,-3.37,기한청산
DIA,만기→다음주금,9,위,-5.0,1999-09-17,108.375,1999-09-23,4,102.9562,-5.0,-5.0,장중손절
DIA,만기→다음주금,9,위,-5.0,2000-09-15,109.0,2000-09-22,5,108.75,-0.23,-3.18,기한청산
DIA,만기→다음주금,9,위,-5.0,2001-09-21,82.8,2001-09-28,5,88.35,6.7,2.05,기한청산
DIA,만기→다음주금,9,위,-5.0,2002-09-20,79.67,2002-09-27,5,76.85,-3.54,-3.85,기한청산
DIA,만기→다음주금,9,위,-5.0,2003-09-19,96.47,2003-09-26,5,93.3,-3.29,-3.46,기한청산
DIA,만기→다음주금,9,위,-5.0,2004-09-17,103.01,2004-09-24,5,100.72,-2.22,-2.53,기한청산
DIA,만기→다음주금,9,위,-5.0,2005-09-16,106.23,2005-09-23,5,104.1,-2.01,-2.63,기한청산
DIA,만기→다음주금,9,위,-5.0,2006-09-15,115.59,2006-09-22,5,115.01,-0.5,-0.8,기한청산
DIA,만기→다음주금,9,위,-5.0,2007-09-21,137.9,2007-09-28,5,138.91,0.73,-0.78,기한청산
DIA,만기→다음주금,9,위,-5.0,2008-09-19,113.57,2008-09-24,3,107.8915,-5.0,-5.0,장중손절
DIA,만기→다음주금,9,위,-5.0,2009-09-18,98.11,2009-09-25,5,96.74,-1.4,-1.76,기한청산
DIA,만기→다음주금,9,위,-5.0,2010-09-17,106.07,2010-09-24,5,108.57,2.36,0.12,기한청산
DIA,만기→다음주금,9,위,-5.0,2011-09-16,114.86,2011-09-22,4,107.95,-6.02,-6.02,갭손절
DIA,만기→다음주금,9,위,-5.0,2012-09-21,135.47,2012-09-28,5,134.05,-1.05,-1.56,기한청산
DIA,만기→다음주금,9,위,-5.0,2013-09-20,154.3,2013-09-27,5,152.21,-1.35,-1.65,기한청산
DIA,만기→다음주금,9,위,-5.0,2014-09-19,172.45,2014-09-26,5,170.7,-1.01,-1.95,기한청산
DIA,만기→다음주금,9,위,-5.0,2015-09-18,163.54,2015-09-25,5,162.88,-0.4,-2.21,기한청산
DIA,만기→다음주금,9,위,-5.0,2016-09-16,180.97,2016-09-23,5,182.42,0.8,-0.17,기한청산
DIA,만기→다음주금,9,위,-5.0,2017-09-15,222.45,2017-09-22,5,223.2,0.34,0.1,기한청산
DIA,만기→다음주금,9,위,-5.0,2018-09-21,267.12,2018-09-28,5,264.4,-1.02,-1.44,기한청산
DIA,만기→다음주금,9,위,-5.0,2019-09-20,269.25,2019-09-27,5,267.99,-0.47,-0.88,기한청산
DIA,만기→다음주금,9,위,-5.0,2020-09-18,276.52,2020-09-25,5,271.7,-1.74,-4.07,기한청산
DIA,만기→다음주금,9,위,-5.0,2021-09-17,345.64,2021-09-24,5,347.87,0.65,-2.79,기한청산
DIA,만기→다음주금,9,위,-5.0,2022-09-16,308.05,2022-09-23,5,292.6475,-5.0,-5.0,장중손절
DIA,만기→다음주금,9,위,-5.0,2023-09-15,346.14,2023-09-22,5,339.58,-1.9,-1.97,기한청산
DIA,만기→다음주금,9,위,-5.0,2024-09-20,420.57,2024-09-27,5,422.95,0.57,-0.52,기한청산
DIA,만기→다음주금,9,위,-5.0,2025-09-19,462.94,2025-09-26,5,462.28,-0.14,-1.13,기한청산
DIA,만기→다음주금,9,위,무손절,1998-09-18,78.8125,1998-09-25,5,80.125,1.67,-3.37,기한청산
DIA,만기→다음주금,9,위,무손절,1999-09-17,108.375,1999-09-24,5,102.6406,-5.29,-6.4,기한청산
DIA,만기→다음주금,9,위,무손절,2000-09-15,109.0,2000-09-22,5,108.75,-0.23,-3.18,기한청산
DIA,만기→다음주금,9,위,무손절,2001-09-21,82.8,2001-09-28,5,88.35,6.7,2.05,기한청산
DIA,만기→다음주금,9,위,무손절,2002-09-20,79.67,2002-09-27,5,76.85,-3.54,-3.85,기한청산
DIA,만기→다음주금,9,위,무손절,2003-09-19,96.47,2003-09-26,5,93.3,-3.29,-3.46,기한청산
DIA,만기→다음주금,9,위,무손절,2004-09-17,103.01,2004-09-24,5,100.72,-2.22,-2.53,기한청산
DIA,만기→다음주금,9,위,무손절,2005-09-16,106.23,2005-09-23,5,104.1,-2.01,-2.63,기한청산
DIA,만기→다음주금,9,위,무손절,2006-09-15,115.59,2006-09-22,5,115.01,-0.5,-0.8,기한청산
DIA,만기→다음주금,9,위,무손절,2007-09-21,137.9,2007-09-28,5,138.91,0.73,-0.78,기한청산
DIA,만기→다음주금,9,위,무손절,2008-09-19,113.57,2008-09-26,5,111.15,-2.13,-5.38,기한청산
DIA,만기→다음주금,9,위,무손절,2009-09-18,98.11,2009-09-25,5,96.74,-1.4,-1.76,기한청산
DIA,만기→다음주금,9,위,무손절,2010-09-17,106.07,2010-09-24,5,108.57,2.36,0.12,기한청산
DIA,만기→다음주금,9,위,무손절,2011-09-16,114.86,2011-09-23,5,107.45,-6.45,-7.96,기한청산
DIA,만기→다음주금,9,위,무손절,2012-09-21,135.47,2012-09-28,5,134.05,-1.05,-1.56,기한청산
DIA,만기→다음주금,9,위,무손절,2013-09-20,154.3,2013-09-27,5,152.21,-1.35,-1.65,기한청산
DIA,만기→다음주금,9,위,무손절,2014-09-19,172.45,2014-09-26,5,170.7,-1.01,-1.95,기한청산
DIA,만기→다음주금,9,위,무손절,2015-09-18,163.54,2015-09-25,5,162.88,-0.4,-2.21,기한청산
DIA,만기→다음주금,9,위,무손절,2016-09-16,180.97,2016-09-23,5,182.42,0.8,-0.17,기한청산
DIA,만기→다음주금,9,위,무손절,2017-09-15,222.45,2017-09-22,5,223.2,0.34,0.1,기한청산
DIA,만기→다음주금,9,위,무손절,2018-09-21,267.12,2018-09-28,5,264.4,-1.02,-1.44,기한청산
DIA,만기→다음주금,9,위,무손절,2019-09-20,269.25,2019-09-27,5,267.99,-0.47,-0.88,기한청산
DIA,만기→다음주금,9,위,무손절,2020-09-18,276.52,2020-09-25,5,271.7,-1.74,-4.07,기한청산
DIA,만기→다음주금,9,위,무손절,2021-09-17,345.64,2021-09-24,5,347.87,0.65,-2.79,기한청산
DIA,만기→다음주금,9,위,무손절,2022-09-16,308.05,2022-09-23,5,295.86,-3.96,-5.08,기한청산
DIA,만기→다음주금,9,위,무손절,2023-09-15,346.14,2023-09-22,5,339.58,-1.9,-1.97,기한청산
DIA,만기→다음주금,9,위,무손절,2024-09-20,420.57,2024-09-27,5,422.95,0.57,-0.52,기한청산
DIA,만기→다음주금,9,위,무손절,2025-09-19,462.94,2025-09-26,5,462.28,-0.14,-1.13,기한청산
DIA,만기→다음주금,9,아래,-5.0,1998-09-18,78.8125,1998-09-25,5,80.125,-1.67,-3.89,기한청산
DIA,만기→다음주금,9,아래,-5.0,1999-09-17,108.375,1999-09-24,5,102.6406,5.29,-0.09,기한청산
DIA,만기→다음주금,9,아래,-5.0,2000-09-15,109.0,2000-09-22,5,108.75,0.23,-0.43,기한청산
DIA,만기→다음주금,9,아래,-5.0,2001-09-21,82.8,2001-09-25,2,86.94,-5.0,-5.0,장중손절
DIA,만기→다음주금,9,아래,-5.0,2002-09-20,79.67,2002-09-27,5,76.85,3.54,-0.75,기한청산
DIA,만기→다음주금,9,아래,-5.0,2003-09-19,96.47,2003-09-26,5,93.3,3.29,0.39,기한청산
DIA,만기→다음주금,9,아래,-5.0,2004-09-17,103.01,2004-09-24,5,100.72,2.22,0.13,기한청산
DIA,만기→다음주금,9,아래,-5.0,2005-09-16,106.23,2005-09-23,5,104.1,2.01,0.08,기한청산
DIA,만기→다음주금,9,아래,-5.0,2006-09-15,115.59,2006-09-22,5,115.01,0.5,-0.55,기한청산
DIA,만기→다음주금,9,아래,-5.0,2007-09-21,137.9,2007-09-28,5,138.91,-0.73,-0.89,기한청산
DIA,만기→다음주금,9,아래,-5.0,2008-09-19,113.57,2008-09-26,5,111.15,2.13,-0.36,기한청산
DIA,만기→다음주금,9,아래,-5.0,2009-09-18,98.11,2009-09-25,5,96.74,1.4,-1.07,기한청산
DIA,만기→다음주금,9,아래,-5.0,2010-09-17,106.07,2010-09-24,5,108.57,-2.36,-2.44,기한청산
DIA,만기→다음주금,9,아래,-5.0,2011-09-16,114.86,2011-09-23,5,107.45,6.45,-0.35,기한청산
DIA,만기→다음주금,9,아래,-5.0,2012-09-21,135.47,2012-09-28,5,134.05,1.05,-0.32,기한청산
DIA,만기→다음주금,9,아래,-5.0,2013-09-20,154.3,2013-09-27,5,152.21,1.35,-0.01,기한청산
DIA,만기→다음주금,9,아래,-5.0,2014-09-19,172.45,2014-09-26,5,170.7,1.01,0.04,기한청산
DIA,만기→다음주금,9,아래,-5.0,2015-09-18,163.54,2015-09-25,5,162.88,0.4,-1.24,기한청산
DIA,만기→다음주금,9,아래,-5.0,2016-09-16,180.97,2016-09-23,5,182.42,-0.8,-1.82,기한청산
DIA,만기→다음주금,9,아래,-5.0,2017-09-15,222.45,2017-09-22,5,223.2,-0.34,-0.68,기한청산
DIA,만기→다음주금,9,아래,-5.0,2018-09-21,267.12,2018-09-28,5,264.4,1.02,0.16,기한청산
DIA,만기→다음주금,9,아래,-5.0,2019-09-20,269.25,2019-09-27,5,267.99,0.47,-0.51,기한청산
DIA,만기→다음주금,9,아래,-5.0,2020-09-18,276.52,2020-09-25,5,271.7,1.74,0.7,기한청산
DIA,만기→다음주금,9,아래,-5.0,2021-09-17,345.64,2021-09-24,5,347.87,-0.65,-0.88,기한청산
DIA,만기→다음주금,9,아래,-5.0,2022-09-16,308.05,2022-09-23,5,295.86,3.96,-0.72,기한청산
DIA,만기→다음주금,9,아래,-5.0,2023-09-15,346.14,2023-09-22,5,339.58,1.9,-0.44,기한청산
DIA,만기→다음주금,9,아래,-5.0,2024-09-20,420.57,2024-09-27,5,422.95,-0.57,-1.34,기한청산
DIA,만기→다음주금,9,아래,-5.0,2025-09-19,462.94,2025-09-26,5,462.28,0.14,-0.88,기한청산
DIA,만기→다음주금,9,아래,무손절,1998-09-18,78.8125,1998-09-25,5,80.125,-1.67,-3.89,기한청산
DIA,만기→다음주금,9,아래,무손절,1999-09-17,108.375,1999-09-24,5,102.6406,5.29,-0.09,기한청산
DIA,만기→다음주금,9,아래,무손절,2000-09-15,109.0,2000-09-22,5,108.75,0.23,-0.43,기한청산
DIA,만기→다음주금,9,아래,무손절,2001-09-21,82.8,2001-09-28,5,88.35,-6.7,-7.17,기한청산
DIA,만기→다음주금,9,아래,무손절,2002-09-20,79.67,2002-09-27,5,76.85,3.54,-0.75,기한청산
DIA,만기→다음주금,9,아래,무손절,2003-09-19,96.47,2003-09-26,5,93.3,3.29,0.39,기한청산
DIA,만기→다음주금,9,아래,무손절,2004-09-17,103.01,2004-09-24,5,100.72,2.22,0.13,기한청산
DIA,만기→다음주금,9,아래,무손절,2005-09-16,106.23,2005-09-23,5,104.1,2.01,0.08,기한청산
DIA,만기→다음주금,9,아래,무손절,2006-09-15,115.59,2006-09-22,5,115.01,0.5,-0.55,기한청산
DIA,만기→다음주금,9,아래,무손절,2007-09-21,137.9,2007-09-28,5,138.91,-0.73,-0.89,기한청산
DIA,만기→다음주금,9,아래,무손절,2008-09-19,113.57,2008-09-26,5,111.15,2.13,-0.36,기한청산
DIA,만기→다음주금,9,아래,무손절,2009-09-18,98.11,2009-09-25,5,96.74,1.4,-1.07,기한청산
DIA,만기→다음주금,9,아래,무손절,2010-09-17,106.07,2010-09-24,5,108.57,-2.36,-2.44,기한청산
DIA,만기→다음주금,9,아래,무손절,2011-09-16,114.86,2011-09-23,5,107.45,6.45,-0.35,기한청산
DIA,만기→다음주금,9,아래,무손절,2012-09-21,135.47,2012-09-28,5,134.05,1.05,-0.32,기한청산
DIA,만기→다음주금,9,아래,무손절,2013-09-20,154.3,2013-09-27,5,152.21,1.35,-0.01,기한청산
DIA,만기→다음주금,9,아래,무손절,2014-09-19,172.45,2014-09-26,5,170.7,1.01,0.04,기한청산
DIA,만기→다음주금,9,아래,무손절,2015-09-18,163.54,2015-09-25,5,162.88,0.4,-1.24,기한청산
DIA,만기→다음주금,9,아래,무손절,2016-09-16,180.97,2016-09-23,5,182.42,-0.8,-1.82,기한청산
DIA,만기→다음주금,9,아래,무손절,2017-09-15,222.45,2017-09-22,5,223.2,-0.34,-0.68,기한청산
DIA,만기→다음주금,9,아래,무손절,2018-09-21,267.12,2018-09-28,5,264.4,1.02,0.16,기한청산
DIA,만기→다음주금,9,아래,무손절,2019-09-20,269.25,2019-09-27,5,267.99,0.47,-0.51,기한청산
DIA,만기→다음주금,9,아래,무손절,2020-09-18,276.52,2020-09-25,5,271.7,1.74,0.7,기한청산
DIA,만기→다음주금,9,아래,무손절,2021-09-17,345.64,2021-09-24,5,347.87,-0.65,-0.88,기한청산
DIA,만기→다음주금,9,아래,무손절,2022-09-16,308.05,2022-09-23,5,295.86,3.96,-0.72,기한청산
DIA,만기→다음주금,9,아래,무손절,2023-09-15,346.14,2023-09-22,5,339.58,1.9,-0.44,기한청산
DIA,만기→다음주금,9,아래,무손절,2024-09-20,420.57,2024-09-27,5,422.95,-0.57,-1.34,기한청산
DIA,만기→다음주금,9,아래,무손절,2025-09-19,462.94,2025-09-26,5,462.28,0.14,-0.88,기한청산
DIA,만기→다음주금,12,위,-5.0,1998-12-18,88.7188,1998-12-24,4,92.0938,3.8,0.44,기한청산
DIA,만기→다음주금,12,위,-5.0,1999-12-17,112.8125,1999-12-23,4,114.4844,1.48,-1.66,기한청산
DIA,만기→다음주금,12,위,-5.0,2000-12-15,103.7656,2000-12-22,5,106.9688,3.09,-0.95,기한청산
DIA,만기→다음주금,12,위,-5.0,2001-12-21,100.5,2001-12-28,4,101.16,0.66,-0.1,기한청산
DIA,만기→다음주금,12,위,-5.0,2002-12-20,85.35,2002-12-27,4,82.96,-2.8,-2.87,기한청산
DIA,만기→다음주금,12,위,-5.0,2003-12-19,102.74,2003-12-26,4,103.27,0.52,-0.13,기한청산
DIA,만기→다음주금,12,위,-5.0,2004-12-17,106.53,2004-12-23,4,108.15,1.52,-0.17,기한청산
DIA,만기→다음주금,12,위,-5.0,2005-12-16,108.51,2005-12-23,5,108.75,0.22,-0.75,기한청산
DIA,만기→다음주금,12,위,-5.0,2006-12-15,124.15,2006-12-22,5,123.18,-0.78,-0.78,기한청산
DIA,만기→다음주금,12,위,-5.0,2007-12-21,134.34,2007-12-28,4,133.41,-0.69,-1.13,기한청산
DIA,만기→다음주금,12,위,-5.0,2008-12-19,85.36,2008-12-26,4,85.07,-0.34,-2.07,기한청산
DIA,만기→다음주금,12,위,-5.0,2009-12-18,103.14,2009-12-24,4,105.0,1.8,0.37,기한청산
DIA,만기→다음주금,12,위,-5.0,2010-12-17,114.95,2010-12-23,4,115.73,0.68,-0.5,기한청산
DIA,만기→다음주금,12,위,-5.0,2011-12-16,118.22,2011-12-23,5,122.63,3.73,-0.99,기한청산
DIA,만기→다음주금,12,위,-5.0,2012-12-21,131.79,2012-12-28,4,129.07,-2.06,-2.14,기한청산
DIA,만기→다음주금,12,위,-5.0,2013-12-20,162.01,2013-12-27,4,164.47,1.52,0.2,기한청산
DIA,만기→다음주금,12,위,-5.0,2014-12-19,177.65,2014-12-26,4,180.19,1.43,0.3,기한청산
DIA,만기→다음주금,12,위,-5.0,2015-12-18,171.0,2015-12-24,4,175.22,2.47,-0.05,기한청산
DIA,만기→다음주금,12,위,-5.0,2016-12-16,198.19,2016-12-23,5,199.05,0.43,0.01,기한청산
DIA,만기→다음주금,12,위,-5.0,2017-12-15,246.25,2017-12-22,5,247.4,0.47,0.21,기한청산
DIA,만기→다음주금,12,위,-5.0,2018-12-21,224.09,2018-12-28,4,230.48,2.85,-3.18,기한청산
DIA,만기→다음주금,12,위,-5.0,2019-12-20,284.46,2019-12-27,4,286.33,0.66,0.14,기한청산
DIA,만기→다음주금,12,위,-5.0,2020-12-18,301.9,2020-12-24,4,302.02,0.04,-1.48,기한청산
DIA,만기→다음주금,12,위,-5.0,2021-12-17,353.63,2021-12-23,4,359.36,1.62,-2.0,기한청산
DIA,만기→다음주금,12,위,-5.0,2022-12-16,328.97,2022-12-23,5,331.93,0.9,-1.01,기한청산
DIA,만기→다음주금,12,위,-5.0,2023-12-15,372.63,2023-12-22,5,373.8,0.31,-0.54,기한청산
DIA,만기→다음주금,12,위,-5.0,2024-12-20,428.54,2024-12-27,4,430.0,0.34,-0.83,기한청산
DIA,만기→다음주금,12,위,-5.0,2025-12-19,481.15,2025-12-26,4,487.03,1.22,0.15,기한청산
DIA,만기→다음주금,12,위,무손절,1998-12-18,88.7188,1998-12-24,4,92.0938,3.8,0.44,기한청산
DIA,만기→다음주금,12,위,무손절,1999-12-17,112.8125,1999-12-23,4,114.4844,1.48,-1.66,기한청산
DIA,만기→다음주금,12,위,무손절,2000-12-15,103.7656,2000-12-22,5,106.9688,3.09,-0.95,기한청산
DIA,만기→다음주금,12,위,무손절,2001-12-21,100.5,2001-12-28,4,101.16,0.66,-0.1,기한청산
DIA,만기→다음주금,12,위,무손절,2002-12-20,85.35,2002-12-27,4,82.96,-2.8,-2.87,기한청산
DIA,만기→다음주금,12,위,무손절,2003-12-19,102.74,2003-12-26,4,103.27,0.52,-0.13,기한청산
DIA,만기→다음주금,12,위,무손절,2004-12-17,106.53,2004-12-23,4,108.15,1.52,-0.17,기한청산
DIA,만기→다음주금,12,위,무손절,2005-12-16,108.51,2005-12-23,5,108.75,0.22,-0.75,기한청산
DIA,만기→다음주금,12,위,무손절,2006-12-15,124.15,2006-12-22,5,123.18,-0.78,-0.78,기한청산
DIA,만기→다음주금,12,위,무손절,2007-12-21,134.34,2007-12-28,4,133.41,-0.69,-1.13,기한청산
DIA,만기→다음주금,12,위,무손절,2008-12-19,85.36,2008-12-26,4,85.07,-0.34,-2.07,기한청산
DIA,만기→다음주금,12,위,무손절,2009-12-18,103.14,2009-12-24,4,105.0,1.8,0.37,기한청산
DIA,만기→다음주금,12,위,무손절,2010-12-17,114.95,2010-12-23,4,115.73,0.68,-0.5,기한청산
DIA,만기→다음주금,12,위,무손절,2011-12-16,118.22,2011-12-23,5,122.63,3.73,-0.99,기한청산
DIA,만기→다음주금,12,위,무손절,2012-12-21,131.79,2012-12-28,4,129.07,-2.06,-2.14,기한청산
DIA,만기→다음주금,12,위,무손절,2013-12-20,162.01,2013-12-27,4,164.47,1.52,0.2,기한청산
DIA,만기→다음주금,12,위,무손절,2014-12-19,177.65,2014-12-26,4,180.19,1.43,0.3,기한청산
DIA,만기→다음주금,12,위,무손절,2015-12-18,171.0,2015-12-24,4,175.22,2.47,-0.05,기한청산
DIA,만기→다음주금,12,위,무손절,2016-12-16,198.19,2016-12-23,5,199.05,0.43,0.01,기한청산
DIA,만기→다음주금,12,위,무손절,2017-12-15,246.25,2017-12-22,5,247.4,0.47,0.21,기한청산
DIA,만기→다음주금,12,위,무손절,2018-12-21,224.09,2018-12-28,4,230.48,2.85,-3.18,기한청산
DIA,만기→다음주금,12,위,무손절,2019-12-20,284.46,2019-12-27,4,286.33,0.66,0.14,기한청산
DIA,만기→다음주금,12,위,무손절,2020-12-18,301.9,2020-12-24,4,302.02,0.04,-1.48,기한청산
DIA,만기→다음주금,12,위,무손절,2021-12-17,353.63,2021-12-23,4,359.36,1.62,-2.0,기한청산
DIA,만기→다음주금,12,위,무손절,2022-12-16,328.97,2022-12-23,5,331.93,0.9,-1.01,기한청산
DIA,만기→다음주금,12,위,무손절,2023-12-15,372.63,2023-12-22,5,373.8,0.31,-0.54,기한청산
DIA,만기→다음주금,12,위,무손절,2024-12-20,428.54,2024-12-27,4,430.0,0.34,-0.83,기한청산
DIA,만기→다음주금,12,위,무손절,2025-12-19,481.15,2025-12-26,4,487.03,1.22,0.15,기한청산
DIA,만기→다음주금,12,아래,-5.0,1998-12-18,88.7188,1998-12-24,4,92.0938,-3.8,-4.28,기한청산
DIA,만기→다음주금,12,아래,-5.0,1999-12-17,112.8125,1999-12-23,4,114.4844,-1.48,-1.48,기한청산
DIA,만기→다음주금,12,아래,-5.0,2000-12-15,103.7656,2000-12-22,5,106.9688,-3.09,-3.99,기한청산
DIA,만기→다음주금,12,아래,-5.0,2001-12-21,100.5,2001-12-28,4,101.16,-0.66,-1.43,기한청산
DIA,만기→다음주금,12,아래,-5.0,2002-12-20,85.35,2002-12-27,4,82.96,2.8,-0.75,기한청산
DIA,만기→다음주금,12,아래,-5.0,2003-12-19,102.74,2003-12-26,4,103.27,-0.52,-1.1,기한청산
DIA,만기→다음주금,12,아래,-5.0,2004-12-17,106.53,2004-12-23,4,108.15,-1.52,-1.9,기한청산
DIA,만기→다음주금,12,아래,-5.0,2005-12-16,108.51,2005-12-23,5,108.75,-0.22,-0.5,기한청산
DIA,만기→다음주금,12,아래,-5.0,2006-12-15,124.15,2006-12-22,5,123.18,0.78,-0.46,기한청산
DIA,만기→다음주금,12,아래,-5.0,2007-12-21,134.34,2007-12-28,4,133.41,0.69,-0.86,기한청산
DIA,만기→다음주금,12,아래,-5.0,2008-12-19,85.36,2008-12-26,4,85.07,0.34,-0.67,기한청산
DIA,만기→다음주금,12,아래,-5.0,2009-12-18,103.14,2009-12-24,4,105.0,-1.8,-1.84,기한청산
DIA,만기→다음주금,12,아래,-5.0,2010-12-17,114.95,2010-12-23,4,115.73,-0.68,-0.73,기한청산
DIA,만기→다음주금,12,아래,-5.0,2011-12-16,118.22,2011-12-23,5,122.63,-3.73,-3.77,기한청산
DIA,만기→다음주금,12,아래,-5.0,2012-12-21,131.79,2012-12-28,4,129.07,2.06,0.24,기한청산
DIA,만기→다음주금,12,아래,-5.0,2013-12-20,162.01,2013-12-27,4,164.47,-1.52,-1.8,기한청산
DIA,만기→다음주금,12,아래,-5.0,2014-12-19,177.65,2014-12-26,4,180.19,-1.43,-1.72,기한청산
DIA,만기→다음주금,12,아래,-5.0,2015-12-18,171.0,2015-12-24,4,175.22,-2.47,-2.82,기한청산
DIA,만기→다음주금,12,아래,-5.0,2016-12-16,198.19,2016-12-23,5,199.05,-0.43,-0.72,기한청산
DIA,만기→다음주금,12,아래,-5.0,2017-12-15,246.25,2017-12-22,5,247.4,-0.47,-0.93,기한청산
DIA,만기→다음주금,12,아래,-5.0,2018-12-21,224.09,2018-12-28,4,230.48,-2.85,-4.34,기한청산
DIA,만기→다음주금,12,아래,-5.0,2019-12-20,284.46,2019-12-27,4,286.33,-0.66,-0.84,기한청산
DIA,만기→다음주금,12,아래,-5.0,2020-12-18,301.9,2020-12-24,4,302.02,-0.04,-0.35,기한청산
DIA,만기→다음주금,12,아래,-5.0,2021-12-17,353.63,2021-12-23,4,359.36,-1.62,-1.94,기한청산
DIA,만기→다음주금,12,아래,-5.0,2022-12-16,328.97,2022-12-23,5,331.93,-0.9,-1.63,기한청산
DIA,만기→다음주금,12,아래,-5.0,2023-12-15,372.63,2023-12-22,5,373.8,-0.31,-1.0,기한청산
DIA,만기→다음주금,12,아래,-5.0,2024-12-20,428.54,2024-12-27,4,430.0,-0.34,-1.2,기한청산
DIA,만기→다음주금,12,아래,-5.0,2025-12-19,481.15,2025-12-26,4,487.03,-1.22,-1.34,기한청산
DIA,만기→다음주금,12,아래,무손절,1998-12-18,88.7188,1998-12-24,4,92.0938,-3.8,-4.28,기한청산
DIA,만기→다음주금,12,아래,무손절,1999-12-17,112.8125,1999-12-23,4,114.4844,-1.48,-1.48,기한청산
DIA,만기→다음주금,12,아래,무손절,2000-12-15,103.7656,2000-12-22,5,106.9688,-3.09,-3.99,기한청산
DIA,만기→다음주금,12,아래,무손절,2001-12-21,100.5,2001-12-28,4,101.16,-0.66,-1.43,기한청산
DIA,만기→다음주금,12,아래,무손절,2002-12-20,85.35,2002-12-27,4,82.96,2.8,-0.75,기한청산
DIA,만기→다음주금,12,아래,무손절,2003-12-19,102.74,2003-12-26,4,103.27,-0.52,-1.1,기한청산
DIA,만기→다음주금,12,아래,무손절,2004-12-17,106.53,2004-12-23,4,108.15,-1.52,-1.9,기한청산
DIA,만기→다음주금,12,아래,무손절,2005-12-16,108.51,2005-12-23,5,108.75,-0.22,-0.5,기한청산
DIA,만기→다음주금,12,아래,무손절,2006-12-15,124.15,2006-12-22,5,123.18,0.78,-0.46,기한청산
DIA,만기→다음주금,12,아래,무손절,2007-12-21,134.34,2007-12-28,4,133.41,0.69,-0.86,기한청산
DIA,만기→다음주금,12,아래,무손절,2008-12-19,85.36,2008-12-26,4,85.07,0.34,-0.67,기한청산
DIA,만기→다음주금,12,아래,무손절,2009-12-18,103.14,2009-12-24,4,105.0,-1.8,-1.84,기한청산
DIA,만기→다음주금,12,아래,무손절,2010-12-17,114.95,2010-12-23,4,115.73,-0.68,-0.73,기한청산
DIA,만기→다음주금,12,아래,무손절,2011-12-16,118.22,2011-12-23,5,122.63,-3.73,-3.77,기한청산
DIA,만기→다음주금,12,아래,무손절,2012-12-21,131.79,2012-12-28,4,129.07,2.06,0.24,기한청산
DIA,만기→다음주금,12,아래,무손절,2013-12-20,162.01,2013-12-27,4,164.47,-1.52,-1.8,기한청산
DIA,만기→다음주금,12,아래,무손절,2014-12-19,177.65,2014-12-26,4,180.19,-1.43,-1.72,기한청산
DIA,만기→다음주금,12,아래,무손절,2015-12-18,171.0,2015-12-24,4,175.22,-2.47,-2.82,기한청산
DIA,만기→다음주금,12,아래,무손절,2016-12-16,198.19,2016-12-23,5,199.05,-0.43,-0.72,기한청산
DIA,만기→다음주금,12,아래,무손절,2017-12-15,246.25,2017-12-22,5,247.4,-0.47,-0.93,기한청산
DIA,만기→다음주금,12,아래,무손절,2018-12-21,224.09,2018-12-28,4,230.48,-2.85,-4.34,기한청산
DIA,만기→다음주금,12,아래,무손절,2019-12-20,284.46,2019-12-27,4,286.33,-0.66,-0.84,기한청산
DIA,만기→다음주금,12,아래,무손절,2020-12-18,301.9,2020-12-24,4,302.02,-0.04,-0.35,기한청산
DIA,만기→다음주금,12,아래,무손절,2021-12-17,353.63,2021-12-23,4,359.36,-1.62,-1.94,기한청산
DIA,만기→다음주금,12,아래,무손절,2022-12-16,328.97,2022-12-23,5,331.93,-0.9,-1.63,기한청산
DIA,만기→다음주금,12,아래,무손절,2023-12-15,372.63,2023-12-22,5,373.8,-0.31,-1.0,기한청산
DIA,만기→다음주금,12,아래,무손절,2024-12-20,428.54,2024-12-27,4,430.0,-0.34,-1.2,기한청산
DIA,만기→다음주금,12,아래,무손절,2025-12-19,481.15,2025-12-26,4,487.03,-1.22,-1.34,기한청산
DIA,만기→말일,9,위,-5.0,1998-09-18,78.8125,1998-09-30,8,78.1875,-0.79,-3.37,기한청산
DIA,만기→말일,9,위,-5.0,1999-09-17,108.375,1999-09-23,4,102.9562,-5.0,-5.0,장중손절
DIA,만기→말일,9,위,-5.0,2000-09-15,109.0,2000-09-29,10,106.625,-2.18,-3.18,기한청산
DIA,만기→말일,9,위,-5.0,2001-09-21,82.8,2001-09-28,5,88.35,6.7,2.05,기한청산
DIA,만기→말일,9,위,-5.0,2002-09-20,79.67,2002-09-30,6,75.6865,-5.0,-5.0,장중손절
DIA,만기→말일,9,위,-5.0,2003-09-19,96.47,2003-09-30,7,93.13,-3.46,-4.2,기한청산
DIA,만기→말일,9,위,-5.0,2004-09-17,103.01,2004-09-30,9,100.87,-2.08,-3.01,기한청산
DIA,만기→말일,9,위,-5.0,2005-09-16,106.23,2005-09-30,10,105.75,-0.45,-2.63,기한청산
DIA,만기→말일,9,위,-5.0,2006-09-15,115.59,2006-09-29,10,116.74,0.99,-0.8,기한청산
DIA,만기→말일,9,위,-5.0,2007-09-21,137.9,2007-09-28,5,138.91,0.73,-0.78,기한청산
DIA,만기→말일,9,위,-5.0,2008-09-19,113.57,2008-09-24,3,107.8915,-5.0,-5.0,장중손절
DIA,만기→말일,9,위,-5.0,2009-09-18,98.11,2009-09-30,8,97.09,-1.04,-2.08,기한청산
DIA,만기→말일,9,위,-5.0,2010-09-17,106.07,2010-09-30,9,107.91,1.73,0.12,기한청산
DIA,만기→말일,9,위,-5.0,2011-09-16,114.86,2011-09-22,4,107.95,-6.02,-6.02,갭손절
DIA,만기→말일,9,위,-5.0,2012-09-21,135.47,2012-09-28,5,134.05,-1.05,-1.56,기한청산
DIA,만기→말일,9,위,-5.0,2013-09-20,154.3,2013-09-30,6,151.0,-2.14,-2.5,기한청산
DIA,만기→말일,9,위,-5.0,2014-09-19,172.45,2014-09-30,7,170.07,-1.38,-2.04,기한청산
DIA,만기→말일,9,위,-5.0,2015-09-18,163.54,2015-09-30,8,162.62,-0.56,-2.67,기한청산
DIA,만기→말일,9,위,-5.0,2016-09-16,180.97,2016-09-30,10,182.78,1.0,-0.4,기한청산
DIA,만기→말일,9,위,-5.0,2017-09-15,222.45,2017-09-29,10,223.82,0.62,-0.21,기한청산
DIA,만기→말일,9,위,-5.0,2018-09-21,267.12,2018-09-28,5,264.4,-1.02,-1.44,기한청산
DIA,만기→말일,9,위,-5.0,2019-09-20,269.25,2019-09-30,6,269.18,-0.03,-0.88,기한청산
DIA,만기→말일,9,위,-5.0,2020-09-18,276.52,2020-09-30,8,277.5,0.35,-4.07,기한청산
DIA,만기→말일,9,위,-5.0,2021-09-17,345.64,2021-09-30,9,338.29,-2.13,-2.79,기한청산
DIA,만기→말일,9,위,-5.0,2022-09-16,308.05,2022-09-23,5,292.6475,-5.0,-5.0,장중손절
DIA,만기→말일,9,위,-5.0,2023-09-15,346.14,2023-09-29,10,334.95,-3.23,-3.82,기한청산
DIA,만기→말일,9,위,-5.0,2024-09-20,420.57,2024-09-30,6,423.12,0.61,-0.52,기한청산
DIA,만기→말일,9,위,-5.0,2025-09-19,462.94,2025-09-30,7,463.74,0.17,-1.13,기한청산
DIA,만기→말일,9,위,무손절,1998-09-18,78.8125,1998-09-30,8,78.1875,-0.79,-3.37,기한청산
DIA,만기→말일,9,위,무손절,1999-09-17,108.375,1999-09-30,9,103.625,-4.38,-7.04,기한청산
DIA,만기→말일,9,위,무손절,2000-09-15,109.0,2000-09-29,10,106.625,-2.18,-3.18,기한청산
DIA,만기→말일,9,위,무손절,2001-09-21,82.8,2001-09-28,5,88.35,6.7,2.05,기한청산
DIA,만기→말일,9,위,무손절,2002-09-20,79.67,2002-09-30,6,76.0,-4.61,-6.36,기한청산
DIA,만기→말일,9,위,무손절,2003-09-19,96.47,2003-09-30,7,93.13,-3.46,-4.2,기한청산
DIA,만기→말일,9,위,무손절,2004-09-17,103.01,2004-09-30,9,100.87,-2.08,-3.01,기한청산
DIA,만기→말일,9,위,무손절,2005-09-16,106.23,2005-09-30,10,105.75,-0.45,-2.63,기한청산
DIA,만기→말일,9,위,무손절,2006-09-15,115.59,2006-09-29,10,116.74,0.99,-0.8,기한청산
DIA,만기→말일,9,위,무손절,2007-09-21,137.9,2007-09-28,5,138.91,0.73,-0.78,기한청산
DIA,만기→말일,9,위,무손절,2008-09-19,113.57,2008-09-30,7,108.36,-4.59,-8.42,기한청산
DIA,만기→말일,9,위,무손절,2009-09-18,98.11,2009-09-30,8,97.09,-1.04,-2.08,기한청산
DIA,만기→말일,9,위,무손절,2010-09-17,106.07,2010-09-30,9,107.91,1.73,0.12,기한청산
DIA,만기→말일,9,위,무손절,2011-09-16,114.86,2011-09-30,10,108.93,-5.16,-7.96,기한청산
DIA,만기→말일,9,위,무손절,2012-09-21,135.47,2012-09-28,5,134.05,-1.05,-1.56,기한청산
DIA,만기→말일,9,위,무손절,2013-09-20,154.3,2013-09-30,6,151.0,-2.14,-2.5,기한청산
DIA,만기→말일,9,위,무손절,2014-09-19,172.45,2014-09-30,7,170.07,-1.38,-2.04,기한청산
DIA,만기→말일,9,위,무손절,2015-09-18,163.54,2015-09-30,8,162.62,-0.56,-2.67,기한청산
DIA,만기→말일,9,위,무손절,2016-09-16,180.97,2016-09-30,10,182.78,1.0,-0.4,기한청산
DIA,만기→말일,9,위,무손절,2017-09-15,222.45,2017-09-29,10,223.82,0.62,-0.21,기한청산
DIA,만기→말일,9,위,무손절,2018-09-21,267.12,2018-09-28,5,264.4,-1.02,-1.44,기한청산
DIA,만기→말일,9,위,무손절,2019-09-20,269.25,2019-09-30,6,269.18,-0.03,-0.88,기한청산
DIA,만기→말일,9,위,무손절,2020-09-18,276.52,2020-09-30,8,277.5,0.35,-4.07,기한청산
DIA,만기→말일,9,위,무손절,2021-09-17,345.64,2021-09-30,9,338.29,-2.13,-2.79,기한청산
DIA,만기→말일,9,위,무손절,2022-09-16,308.05,2022-09-30,10,287.3,-6.74,-6.82,기한청산
DIA,만기→말일,9,위,무손절,2023-09-15,346.14,2023-09-29,10,334.95,-3.23,-3.82,기한청산
DIA,만기→말일,9,위,무손절,2024-09-20,420.57,2024-09-30,6,423.12,0.61,-0.52,기한청산
DIA,만기→말일,9,위,무손절,2025-09-19,462.94,2025-09-30,7,463.74,0.17,-1.13,기한청산
DIA,만기→말일,9,아래,-5.0,1998-09-18,78.8125,1998-09-30,8,78.1875,0.79,-3.89,기한청산
DIA,만기→말일,9,아래,-5.0,1999-09-17,108.375,1999-09-30,9,103.625,4.38,-0.09,기한청산
DIA,만기→말일,9,아래,-5.0,2000-09-15,109.0,2000-09-29,10,106.625,2.18,-0.43,기한청산
DIA,만기→말일,9,아래,-5.0,2001-09-21,82.8,2001-09-25,2,86.94,-5.0,-5.0,장중손절
DIA,만기→말일,9,아래,-5.0,2002-09-20,79.67,2002-09-30,6,76.0,4.61,-0.75,기한청산
DIA,만기→말일,9,아래,-5.0,2003-09-19,96.47,2003-09-30,7,93.13,3.46,0.39,기한청산
DIA,만기→말일,9,아래,-5.0,2004-09-17,103.01,2004-09-30,9,100.87,2.08,0.13,기한청산
DIA,만기→말일,9,아래,-5.0,2005-09-16,106.23,2005-09-30,10,105.75,0.45,0.08,기한청산
DIA,만기→말일,9,아래,-5.0,2006-09-15,115.59,2006-09-29,10,116.74,-0.99,-1.51,기한청산
DIA,만기→말일,9,아래,-5.0,2007-09-21,137.9,2007-09-28,5,138.91,-0.73,-0.89,기한청산
DIA,만기→말일,9,아래,-5.0,2008-09-19,113.57,2008-09-30,7,108.36,4.59,-0.36,기한청산
DIA,만기→말일,9,아래,-5.0,2009-09-18,98.11,2009-09-30,8,97.09,1.04,-1.07,기한청산
DIA,만기→말일,9,아래,-5.0,2010-09-17,106.07,2010-09-30,9,107.91,-1.73,-3.25,기한청산
DIA,만기→말일,9,아래,-5.0,2011-09-16,114.86,2011-09-30,10,108.93,5.16,-0.35,기한청산
DIA,만기→말일,9,아래,-5.0,2012-09-21,135.47,2012-09-28,5,134.05,1.05,-0.32,기한청산
DIA,만기→말일,9,아래,-5.0,2013-09-20,154.3,2013-09-30,6,151.0,2.14,-0.01,기한청산
DIA,만기→말일,9,아래,-5.0,2014-09-19,172.45,2014-09-30,7,170.07,1.38,0.04,기한청산
DIA,만기→말일,9,아래,-5.0,2015-09-18,163.54,2015-09-30,8,162.62,0.56,-1.24,기한청산
DIA,만기→말일,9,아래,-5.0,2016-09-16,180.97,2016-09-30,10,182.78,-1.0,-1.82,기한청산
DIA,만기→말일,9,아래,-5.0,2017-09-15,222.45,2017-09-29,10,223.82,-0.62,-0.68,기한청산
DIA,만기→말일,9,아래,-5.0,2018-09-21,267.12,2018-09-28,5,264.4,1.02,0.16,기한청산
DIA,만기→말일,9,아래,-5.0,2019-09-20,269.25,2019-09-30,6,269.18,0.03,-0.51,기한청산
DIA,만기→말일,9,아래,-5.0,2020-09-18,276.52,2020-09-30,8,277.5,-0.35,-1.32,기한청산
DIA,만기→말일,9,아래,-5.0,2021-09-17,345.64,2021-09-30,9,338.29,2.13,-1.41,기한청산
DIA,만기→말일,9,아래,-5.0,2022-09-16,308.05,2022-09-30,10,287.3,6.74,-0.72,기한청산
DIA,만기→말일,9,아래,-5.0,2023-09-15,346.14,2023-09-29,10,334.95,3.23,-0.44,기한청산
DIA,만기→말일,9,아래,-5.0,2024-09-20,420.57,2024-09-30,6,423.12,-0.61,-1.34,기한청산
DIA,만기→말일,9,아래,-5.0,2025-09-19,462.94,2025-09-30,7,463.74,-0.17,-0.88,기한청산
DIA,만기→말일,9,아래,무손절,1998-09-18,78.8125,1998-09-30,8,78.1875,0.79,-3.89,기한청산
DIA,만기→말일,9,아래,무손절,1999-09-17,108.375,1999-09-30,9,103.625,4.38,-0.09,기한청산
DIA,만기→말일,9,아래,무손절,2000-09-15,109.0,2000-09-29,10,106.625,2.18,-0.43,기한청산
DIA,만기→말일,9,아래,무손절,2001-09-21,82.8,2001-09-28,5,88.35,-6.7,-7.17,기한청산
DIA,만기→말일,9,아래,무손절,2002-09-20,79.67,2002-09-30,6,76.0,4.61,-0.75,기한청산
DIA,만기→말일,9,아래,무손절,2003-09-19,96.47,2003-09-30,7,93.13,3.46,0.39,기한청산
DIA,만기→말일,9,아래,무손절,2004-09-17,103.01,2004-09-30,9,100.87,2.08,0.13,기한청산
DIA,만기→말일,9,아래,무손절,2005-09-16,106.23,2005-09-30,10,105.75,0.45,0.08,기한청산
DIA,만기→말일,9,아래,무손절,2006-09-15,115.59,2006-09-29,10,116.74,-0.99,-1.51,기한청산
DIA,만기→말일,9,아래,무손절,2007-09-21,137.9,2007-09-28,5,138.91,-0.73,-0.89,기한청산
DIA,만기→말일,9,아래,무손절,2008-09-19,113.57,2008-09-30,7,108.36,4.59,-0.36,기한청산
DIA,만기→말일,9,아래,무손절,2009-09-18,98.11,2009-09-30,8,97.09,1.04,-1.07,기한청산
DIA,만기→말일,9,아래,무손절,2010-09-17,106.07,2010-09-30,9,107.91,-1.73,-3.25,기한청산
DIA,만기→말일,9,아래,무손절,2011-09-16,114.86,2011-09-30,10,108.93,5.16,-0.35,기한청산
DIA,만기→말일,9,아래,무손절,2012-09-21,135.47,2012-09-28,5,134.05,1.05,-0.32,기한청산
DIA,만기→말일,9,아래,무손절,2013-09-20,154.3,2013-09-30,6,151.0,2.14,-0.01,기한청산
DIA,만기→말일,9,아래,무손절,2014-09-19,172.45,2014-09-30,7,170.07,1.38,0.04,기한청산
DIA,만기→말일,9,아래,무손절,2015-09-18,163.54,2015-09-30,8,162.62,0.56,-1.24,기한청산
DIA,만기→말일,9,아래,무손절,2016-09-16,180.97,2016-09-30,10,182.78,-1.0,-1.82,기한청산
DIA,만기→말일,9,아래,무손절,2017-09-15,222.45,2017-09-29,10,223.82,-0.62,-0.68,기한청산
DIA,만기→말일,9,아래,무손절,2018-09-21,267.12,2018-09-28,5,264.4,1.02,0.16,기한청산
DIA,만기→말일,9,아래,무손절,2019-09-20,269.25,2019-09-30,6,269.18,0.03,-0.51,기한청산
DIA,만기→말일,9,아래,무손절,2020-09-18,276.52,2020-09-30,8,277.5,-0.35,-1.32,기한청산
DIA,만기→말일,9,아래,무손절,2021-09-17,345.64,2021-09-30,9,338.29,2.13,-1.41,기한청산
DIA,만기→말일,9,아래,무손절,2022-09-16,308.05,2022-09-30,10,287.3,6.74,-0.72,기한청산
DIA,만기→말일,9,아래,무손절,2023-09-15,346.14,2023-09-29,10,334.95,3.23,-0.44,기한청산
DIA,만기→말일,9,아래,무손절,2024-09-20,420.57,2024-09-30,6,423.12,-0.61,-1.34,기한청산
DIA,만기→말일,9,아래,무손절,2025-09-19,462.94,2025-09-30,7,463.74,-0.17,-0.88,기한청산
DIA,만기→말일,12,위,-5.0,1998-12-18,88.7188,1998-12-31,8,91.5312,3.17,0.44,기한청산
DIA,만기→말일,12,위,-5.0,1999-12-17,112.8125,1999-12-31,9,115.1875,2.11,-1.66,기한청산
DIA,만기→말일,12,위,-5.0,2000-12-15,103.7656,2000-12-29,9,106.7812,2.91,-0.95,기한청산
DIA,만기→말일,12,위,-5.0,2001-12-21,100.5,2001-12-31,5,99.8,-0.7,-0.84,기한청산
DIA,만기→말일,12,위,-5.0,2002-12-20,85.35,2002-12-31,6,83.51,-2.16,-3.36,기한청산
DIA,만기→말일,12,위,-5.0,2003-12-19,102.74,2003-12-31,7,104.57,1.78,-0.13,기한청산
DIA,만기→말일,12,위,-5.0,2004-12-17,106.53,2004-12-31,9,107.51,0.92,-0.17,기한청산
DIA,만기→말일,12,위,-5.0,2005-12-16,108.51,2005-12-30,9,106.95,-1.44,-1.56,기한청산
DIA,만기→말일,12,위,-5.0,2006-12-15,124.15,2006-12-29,9,124.41,0.21,-0.79,기한청산
DIA,만기→말일,12,위,-5.0,2007-12-21,134.34,2007-12-31,5,132.55,-1.33,-1.62,기한청산
DIA,만기→말일,12,위,-5.0,2008-12-19,85.36,2008-12-31,7,87.52,2.53,-2.07,기한청산
DIA,만기→말일,12,위,-5.0,2009-12-18,103.14,2009-12-31,8,104.07,0.9,0.37,기한청산
DIA,만기→말일,12,위,-5.0,2010-12-17,114.95,2010-12-31,9,115.63,0.59,-0.5,기한청산
DIA,만기→말일,12,위,-5.0,2011-12-16,118.22,2011-12-30,9,121.85,3.07,-0.99,기한청산
DIA,만기→말일,12,위,-5.0,2012-12-21,131.79,2012-12-31,5,130.58,-0.92,-2.47,기한청산
DIA,만기→말일,12,위,-5.0,2013-12-20,162.01,2013-12-31,6,165.47,2.14,0.2,기한청산
DIA,만기→말일,12,위,-5.0,2014-12-19,177.65,2014-12-31,7,177.88,0.13,0.13,기한청산
DIA,만기→말일,12,위,-5.0,2015-12-18,171.0,2015-12-31,8,173.99,1.75,-0.05,기한청산
DIA,만기→말일,12,위,-5.0,2016-12-16,198.19,2016-12-30,9,197.51,-0.34,-0.64,기한청산
DIA,만기→말일,12,위,-5.0,2017-12-15,246.25,2017-12-29,9,247.38,0.46,0.21,기한청산
DIA,만기→말일,12,위,-5.0,2018-12-21,224.09,2018-12-31,5,233.2,4.07,-3.18,기한청산
DIA,만기→말일,12,위,-5.0,2019-12-20,284.46,2019-12-31,6,285.1,0.22,-0.32,기한청산
DIA,만기→말일,12,위,-5.0,2020-12-18,301.9,2020-12-31,8,305.79,1.29,-1.48,기한청산
DIA,만기→말일,12,위,-5.0,2021-12-17,353.63,2021-12-31,9,363.32,2.74,-2.0,기한청산
DIA,만기→말일,12,위,-5.0,2022-12-16,328.97,2022-12-30,9,331.33,0.72,-1.01,기한청산
DIA,만기→말일,12,위,-5.0,2023-12-15,372.63,2023-12-29,9,376.87,1.14,-0.54,기한청산
DIA,만기→말일,12,위,-5.0,2024-12-20,428.54,2024-12-31,6,425.5,-0.71,-1.4,기한청산
DIA,만기→말일,12,위,-5.0,2025-12-19,481.15,2025-12-31,7,480.57,-0.12,-0.16,기한청산
DIA,만기→말일,12,위,무손절,1998-12-18,88.7188,1998-12-31,8,91.5312,3.17,0.44,기한청산
DIA,만기→말일,12,위,무손절,1999-12-17,112.8125,1999-12-31,9,115.1875,2.11,-1.66,기한청산
DIA,만기→말일,12,위,무손절,2000-12-15,103.7656,2000-12-29,9,106.7812,2.91,-0.95,기한청산
DIA,만기→말일,12,위,무손절,2001-12-21,100.5,2001-12-31,5,99.8,-0.7,-0.84,기한청산
DIA,만기→말일,12,위,무손절,2002-12-20,85.35,2002-12-31,6,83.51,-2.16,-3.36,기한청산
DIA,만기→말일,12,위,무손절,2003-12-19,102.74,2003-12-31,7,104.57,1.78,-0.13,기한청산
DIA,만기→말일,12,위,무손절,2004-12-17,106.53,2004-12-31,9,107.51,0.92,-0.17,기한청산
DIA,만기→말일,12,위,무손절,2005-12-16,108.51,2005-12-30,9,106.95,-1.44,-1.56,기한청산
DIA,만기→말일,12,위,무손절,2006-12-15,124.15,2006-12-29,9,124.41,0.21,-0.79,기한청산
DIA,만기→말일,12,위,무손절,2007-12-21,134.34,2007-12-31,5,132.55,-1.33,-1.62,기한청산
DIA,만기→말일,12,위,무손절,2008-12-19,85.36,2008-12-31,7,87.52,2.53,-2.07,기한청산
DIA,만기→말일,12,위,무손절,2009-12-18,103.14,2009-12-31,8,104.07,0.9,0.37,기한청산
DIA,만기→말일,12,위,무손절,2010-12-17,114.95,2010-12-31,9,115.63,0.59,-0.5,기한청산
DIA,만기→말일,12,위,무손절,2011-12-16,118.22,2011-12-30,9,121.85,3.07,-0.99,기한청산
DIA,만기→말일,12,위,무손절,2012-12-21,131.79,2012-12-31,5,130.58,-0.92,-2.47,기한청산
DIA,만기→말일,12,위,무손절,2013-12-20,162.01,2013-12-31,6,165.47,2.14,0.2,기한청산
DIA,만기→말일,12,위,무손절,2014-12-19,177.65,2014-12-31,7,177.88,0.13,0.13,기한청산
DIA,만기→말일,12,위,무손절,2015-12-18,171.0,2015-12-31,8,173.99,1.75,-0.05,기한청산
DIA,만기→말일,12,위,무손절,2016-12-16,198.19,2016-12-30,9,197.51,-0.34,-0.64,기한청산
DIA,만기→말일,12,위,무손절,2017-12-15,246.25,2017-12-29,9,247.38,0.46,0.21,기한청산
DIA,만기→말일,12,위,무손절,2018-12-21,224.09,2018-12-31,5,233.2,4.07,-3.18,기한청산
DIA,만기→말일,12,위,무손절,2019-12-20,284.46,2019-12-31,6,285.1,0.22,-0.32,기한청산
DIA,만기→말일,12,위,무손절,2020-12-18,301.9,2020-12-31,8,305.79,1.29,-1.48,기한청산
DIA,만기→말일,12,위,무손절,2021-12-17,353.63,2021-12-31,9,363.32,2.74,-2.0,기한청산
DIA,만기→말일,12,위,무손절,2022-12-16,328.97,2022-12-30,9,331.33,0.72,-1.01,기한청산
DIA,만기→말일,12,위,무손절,2023-12-15,372.63,2023-12-29,9,376.87,1.14,-0.54,기한청산
DIA,만기→말일,12,위,무손절,2024-12-20,428.54,2024-12-31,6,425.5,-0.71,-1.4,기한청산
DIA,만기→말일,12,위,무손절,2025-12-19,481.15,2025-12-31,7,480.57,-0.12,-0.16,기한청산
DIA,만기→말일,12,아래,-5.0,1998-12-18,88.7188,1998-12-29,6,93.1547,-5.0,-5.0,장중손절
DIA,만기→말일,12,아래,-5.0,1999-12-17,112.8125,1999-12-31,9,115.1875,-2.11,-2.58,기한청산
DIA,만기→말일,12,아래,-5.0,2000-12-15,103.7656,2000-12-28,8,108.9539,-5.0,-5.0,장중손절
DIA,만기→말일,12,아래,-5.0,2001-12-21,100.5,2001-12-31,5,99.8,0.7,-1.43,기한청산
DIA,만기→말일,12,아래,-5.0,2002-12-20,85.35,2002-12-31,6,83.51,2.16,-0.75,기한청산
DIA,만기→말일,12,아래,-5.0,2003-12-19,102.74,2003-12-31,7,104.57,-1.78,-1.96,기한청산
DIA,만기→말일,12,아래,-5.0,2004-12-17,106.53,2004-12-31,9,107.51,-0.92,-1.91,기한청산
DIA,만기→말일,12,아래,-5.0,2005-12-16,108.51,2005-12-30,9,106.95,1.44,-0.68,기한청산
DIA,만기→말일,12,아래,-5.0,2006-12-15,124.15,2006-12-29,9,124.41,-0.21,-0.8,기한청산
DIA,만기→말일,12,아래,-5.0,2007-12-21,134.34,2007-12-31,5,132.55,1.33,-0.86,기한청산
DIA,만기→말일,12,아래,-5.0,2008-12-19,85.36,2008-12-31,7,87.52,-2.53,-3.53,기한청산
DIA,만기→말일,12,아래,-5.0,2009-12-18,103.14,2009-12-31,8,104.07,-0.9,-2.42,기한청산
DIA,만기→말일,12,아래,-5.0,2010-12-17,114.95,2010-12-31,9,115.63,-0.59,-0.9,기한청산
DIA,만기→말일,12,아래,-5.0,2011-12-16,118.22,2011-12-30,9,121.85,-3.07,-4.04,기한청산
DIA,만기→말일,12,아래,-5.0,2012-12-21,131.79,2012-12-31,5,130.58,0.92,0.24,기한청산
DIA,만기→말일,12,아래,-5.0,2013-12-20,162.01,2013-12-31,6,165.47,-2.14,-2.16,기한청산
DIA,만기→말일,12,아래,-5.0,2014-12-19,177.65,2014-12-31,7,177.88,-0.13,-1.72,기한청산
DIA,만기→말일,12,아래,-5.0,2015-12-18,171.0,2015-12-31,8,173.99,-1.75,-3.65,기한청산
DIA,만기→말일,12,아래,-5.0,2016-12-16,198.19,2016-12-30,9,197.51,0.34,-0.72,기한청산
DIA,만기→말일,12,아래,-5.0,2017-12-15,246.25,2017-12-29,9,247.38,-0.46,-0.96,기한청산
DIA,만기→말일,12,아래,-5.0,2018-12-21,224.09,2018-12-31,5,233.2,-4.07,-4.34,기한청산
DIA,만기→말일,12,아래,-5.0,2019-12-20,284.46,2019-12-31,6,285.1,-0.22,-0.84,기한청산
DIA,만기→말일,12,아래,-5.0,2020-12-18,301.9,2020-12-31,8,305.79,-1.29,-1.45,기한청산
DIA,만기→말일,12,아래,-5.0,2021-12-17,353.63,2021-12-31,9,363.32,-2.74,-3.7,기한청산
DIA,만기→말일,12,아래,-5.0,2022-12-16,328.97,2022-12-30,9,331.33,-0.72,-1.63,기한청산
DIA,만기→말일,12,아래,-5.0,2023-12-15,372.63,2023-12-29,9,376.87,-1.14,-1.36,기한청산
DIA,만기→말일,12,아래,-5.0,2024-12-20,428.54,2024-12-31,6,425.5,0.71,-1.2,기한청산
DIA,만기→말일,12,아래,-5.0,2025-12-19,481.15,2025-12-31,7,480.57,0.12,-1.34,기한청산
DIA,만기→말일,12,아래,무손절,1998-12-18,88.7188,1998-12-31,8,91.5312,-3.17,-5.42,기한청산
DIA,만기→말일,12,아래,무손절,1999-12-17,112.8125,1999-12-31,9,115.1875,-2.11,-2.58,기한청산
DIA,만기→말일,12,아래,무손절,2000-12-15,103.7656,2000-12-29,9,106.7812,-2.91,-5.19,기한청산
DIA,만기→말일,12,아래,무손절,2001-12-21,100.5,2001-12-31,5,99.8,0.7,-1.43,기한청산
DIA,만기→말일,12,아래,무손절,2002-12-20,85.35,2002-12-31,6,83.51,2.16,-0.75,기한청산
DIA,만기→말일,12,아래,무손절,2003-12-19,102.74,2003-12-31,7,104.57,-1.78,-1.96,기한청산
DIA,만기→말일,12,아래,무손절,2004-12-17,106.53,2004-12-31,9,107.51,-0.92,-1.91,기한청산
DIA,만기→말일,12,아래,무손절,2005-12-16,108.51,2005-12-30,9,106.95,1.44,-0.68,기한청산
DIA,만기→말일,12,아래,무손절,2006-12-15,124.15,2006-12-29,9,124.41,-0.21,-0.8,기한청산
DIA,만기→말일,12,아래,무손절,2007-12-21,134.34,2007-12-31,5,132.55,1.33,-0.86,기한청산
DIA,만기→말일,12,아래,무손절,2008-12-19,85.36,2008-12-31,7,87.52,-2.53,-3.53,기한청산
DIA,만기→말일,12,아래,무손절,2009-12-18,103.14,2009-12-31,8,104.07,-0.9,-2.42,기한청산
DIA,만기→말일,12,아래,무손절,2010-12-17,114.95,2010-12-31,9,115.63,-0.59,-0.9,기한청산
DIA,만기→말일,12,아래,무손절,2011-12-16,118.22,2011-12-30,9,121.85,-3.07,-4.04,기한청산
DIA,만기→말일,12,아래,무손절,2012-12-21,131.79,2012-12-31,5,130.58,0.92,0.24,기한청산
DIA,만기→말일,12,아래,무손절,2013-12-20,162.01,2013-12-31,6,165.47,-2.14,-2.16,기한청산
DIA,만기→말일,12,아래,무손절,2014-12-19,177.65,2014-12-31,7,177.88,-0.13,-1.72,기한청산
DIA,만기→말일,12,아래,무손절,2015-12-18,171.0,2015-12-31,8,173.99,-1.75,-3.65,기한청산
DIA,만기→말일,12,아래,무손절,2016-12-16,198.19,2016-12-30,9,197.51,0.34,-0.72,기한청산
DIA,만기→말일,12,아래,무손절,2017-12-15,246.25,2017-12-29,9,247.38,-0.46,-0.96,기한청산
DIA,만기→말일,12,아래,무손절,2018-12-21,224.09,2018-12-31,5,233.2,-4.07,-4.34,기한청산
DIA,만기→말일,12,아래,무손절,2019-12-20,284.46,2019-12-31,6,285.1,-0.22,-0.84,기한청산
DIA,만기→말일,12,아래,무손절,2020-12-18,301.9,2020-12-31,8,305.79,-1.29,-1.45,기한청산
DIA,만기→말일,12,아래,무손절,2021-12-17,353.63,2021-12-31,9,363.32,-2.74,-3.7,기한청산
DIA,만기→말일,12,아래,무손절,2022-12-16,328.97,2022-12-30,9,331.33,-0.72,-1.63,기한청산
DIA,만기→말일,12,아래,무손절,2023-12-15,372.63,2023-12-29,9,376.87,-1.14,-1.36,기한청산
DIA,만기→말일,12,아래,무손절,2024-12-20,428.54,2024-12-31,6,425.5,0.71,-1.2,기한청산
DIA,만기→말일,12,아래,무손절,2025-12-19,481.15,2025-12-31,7,480.57,0.12,-1.34,기한청산
DIA,20일→다음주금,9,위,-5.0,1998-09-18,78.8125,1998-09-25,5,80.125,1.67,-3.37,기한청산
DIA,20일→다음주금,9,위,-5.0,1999-09-20,108.0312,1999-09-24,4,102.3906,-5.22,-5.22,갭손절
DIA,20일→다음주금,9,위,-5.0,2000-09-20,106.9375,2000-09-29,7,106.625,-0.29,-1.08,기한청산
DIA,20일→다음주금,9,위,-5.0,2001-09-20,83.65,2001-09-28,6,88.35,5.62,-4.96,기한청산
DIA,20일→다음주금,9,위,-5.0,2002-09-20,79.67,2002-09-27,5,76.85,-3.54,-3.85,기한청산
DIA,20일→다음주금,9,위,-5.0,2003-09-19,96.47,2003-09-26,5,93.3,-3.29,-3.46,기한청산
DIA,20일→다음주금,9,위,-5.0,2004-09-20,102.15,2004-10-01,9,102.16,0.01,-2.19,기한청산
DIA,20일→다음주금,9,위,-5.0,2005-09-20,104.72,2005-09-30,8,105.75,0.98,-1.22,기한청산
DIA,20일→다음주금,9,위,-5.0,2006-09-20,116.08,2006-09-29,7,116.74,0.57,-1.21,기한청산
DIA,20일→다음주금,9,위,-5.0,2007-09-20,137.7,2007-09-28,6,138.91,0.88,-0.63,기한청산
DIA,20일→다음주금,9,위,-5.0,2008-09-19,113.57,2008-09-24,3,107.8915,-5.0,-5.0,장중손절
DIA,20일→다음주금,9,위,-5.0,2009-09-18,98.11,2009-09-25,5,96.74,-1.4,-1.76,기한청산
DIA,20일→다음주금,9,위,-5.0,2010-09-20,107.52,2010-10-01,9,108.32,0.74,-1.03,기한청산
DIA,20일→다음주금,9,위,-5.0,2011-09-20,113.88,2011-09-22,2,107.95,-5.21,-5.21,갭손절
DIA,20일→다음주금,9,위,-5.0,2012-09-20,135.95,2012-09-28,6,134.05,-1.4,-1.91,기한청산
DIA,20일→다음주금,9,위,-5.0,2013-09-20,154.3,2013-09-27,5,152.21,-1.35,-1.65,기한청산
DIA,20일→다음주금,9,위,-5.0,2014-09-19,172.45,2014-09-26,5,170.7,-1.01,-1.95,기한청산
DIA,20일→다음주금,9,위,-5.0,2015-09-18,163.54,2015-09-25,5,162.88,-0.4,-2.21,기한청산
DIA,20일→다음주금,9,위,-5.0,2016-09-20,181.05,2016-09-30,8,182.78,0.96,-0.45,기한청산
DIA,20일→다음주금,9,위,-5.0,2017-09-20,223.9,2017-09-29,7,223.82,-0.04,-0.85,기한청산
DIA,20일→다음주금,9,위,-5.0,2018-09-20,267.04,2018-09-28,6,264.4,-0.99,-1.41,기한청산
DIA,20일→다음주금,9,위,-5.0,2019-09-20,269.25,2019-09-27,5,267.99,-0.47,-0.88,기한청산
DIA,20일→다음주금,9,위,-5.0,2020-09-18,276.52,2020-09-25,5,271.7,-1.74,-4.07,기한청산
DIA,20일→다음주금,9,위,-5.0,2021-09-20,339.4,2021-10-01,9,343.18,1.11,-0.51,기한청산
DIA,20일→다음주금,9,위,-5.0,2022-09-20,307.02,2022-09-26,4,291.669,-5.0,-5.0,장중손절
DIA,20일→다음주금,9,위,-5.0,2023-09-20,344.32,2023-09-29,7,334.95,-2.72,-3.31,기한청산
DIA,20일→다음주금,9,위,-5.0,2024-09-20,420.57,2024-09-27,5,422.95,0.57,-0.52,기한청산
DIA,20일→다음주금,9,위,-5.0,2025-09-19,462.94,2025-09-26,5,462.28,-0.14,-1.13,기한청산
DIA,20일→다음주금,9,위,무손절,1998-09-18,78.8125,1998-09-25,5,80.125,1.67,-3.37,기한청산
DIA,20일→다음주금,9,위,무손절,1999-09-20,108.0312,1999-10-01,9,102.5938,-5.03,-6.74,기한청산
DIA,20일→다음주금,9,위,무손절,2000-09-20,106.9375,2000-09-29,7,106.625,-0.29,-1.08,기한청산
DIA,20일→다음주금,9,위,무손절,2001-09-20,83.65,2001-09-28,6,88.35,5.62,-4.96,기한청산
DIA,20일→다음주금,9,위,무손절,2002-09-20,79.67,2002-09-27,5,76.85,-3.54,-3.85,기한청산
DIA,20일→다음주금,9,위,무손절,2003-09-19,96.47,2003-09-26,5,93.3,-3.29,-3.46,기한청산
DIA,20일→다음주금,9,위,무손절,2004-09-20,102.15,2004-10-01,9,102.16,0.01,-2.19,기한청산
DIA,20일→다음주금,9,위,무손절,2005-09-20,104.72,2005-09-30,8,105.75,0.98,-1.22,기한청산
DIA,20일→다음주금,9,위,무손절,2006-09-20,116.08,2006-09-29,7,116.74,0.57,-1.21,기한청산
DIA,20일→다음주금,9,위,무손절,2007-09-20,137.7,2007-09-28,6,138.91,0.88,-0.63,기한청산
DIA,20일→다음주금,9,위,무손절,2008-09-19,113.57,2008-09-26,5,111.15,-2.13,-5.38,기한청산
DIA,20일→다음주금,9,위,무손절,2009-09-18,98.11,2009-09-25,5,96.74,-1.4,-1.76,기한청산
DIA,20일→다음주금,9,위,무손절,2010-09-20,107.52,2010-10-01,9,108.32,0.74,-1.03,기한청산
DIA,20일→다음주금,9,위,무손절,2011-09-20,113.88,2011-09-30,8,108.93,-4.35,-7.17,기한청산
DIA,20일→다음주금,9,위,무손절,2012-09-20,135.95,2012-09-28,6,134.05,-1.4,-1.91,기한청산
DIA,20일→다음주금,9,위,무손절,2013-09-20,154.3,2013-09-27,5,152.21,-1.35,-1.65,기한청산
DIA,20일→다음주금,9,위,무손절,2014-09-19,172.45,2014-09-26,5,170.7,-1.01,-1.95,기한청산
DIA,20일→다음주금,9,위,무손절,2015-09-18,163.54,2015-09-25,5,162.88,-0.4,-2.21,기한청산
DIA,20일→다음주금,9,위,무손절,2016-09-20,181.05,2016-09-30,8,182.78,0.96,-0.45,기한청산
DIA,20일→다음주금,9,위,무손절,2017-09-20,223.9,2017-09-29,7,223.82,-0.04,-0.85,기한청산
DIA,20일→다음주금,9,위,무손절,2018-09-20,267.04,2018-09-28,6,264.4,-0.99,-1.41,기한청산
DIA,20일→다음주금,9,위,무손절,2019-09-20,269.25,2019-09-27,5,267.99,-0.47,-0.88,기한청산
DIA,20일→다음주금,9,위,무손절,2020-09-18,276.52,2020-09-25,5,271.7,-1.74,-4.07,기한청산
DIA,20일→다음주금,9,위,무손절,2021-09-20,339.4,2021-10-01,9,343.18,1.11,-0.51,기한청산
DIA,20일→다음주금,9,위,무손절,2022-09-20,307.02,2022-09-30,8,287.3,-6.42,-6.51,기한청산
DIA,20일→다음주금,9,위,무손절,2023-09-20,344.32,2023-09-29,7,334.95,-2.72,-3.31,기한청산
DIA,20일→다음주금,9,위,무손절,2024-09-20,420.57,2024-09-27,5,422.95,0.57,-0.52,기한청산
DIA,20일→다음주금,9,위,무손절,2025-09-19,462.94,2025-09-26,5,462.28,-0.14,-1.13,기한청산
DIA,20일→다음주금,9,아래,-5.0,1998-09-18,78.8125,1998-09-25,5,80.125,-1.67,-3.89,기한청산
DIA,20일→다음주금,9,아래,-5.0,1999-09-20,108.0312,1999-10-01,9,102.5938,5.03,0.67,기한청산
DIA,20일→다음주금,9,아래,-5.0,2000-09-20,106.9375,2000-09-29,7,106.625,0.29,-1.9,기한청산
DIA,20일→다음주금,9,아래,-5.0,2001-09-20,83.65,2001-09-28,6,87.8325,-5.0,-5.0,장중손절
DIA,20일→다음주금,9,아래,-5.0,2002-09-20,79.67,2002-09-27,5,76.85,3.54,-0.75,기한청산
DIA,20일→다음주금,9,아래,-5.0,2003-09-19,96.47,2003-09-26,5,93.3,3.29,0.39,기한청산
DIA,20일→다음주금,9,아래,-5.0,2004-09-20,102.15,2004-10-01,9,102.16,-0.01,-0.71,기한청산
DIA,20일→다음주금,9,아래,-5.0,2005-09-20,104.72,2005-09-30,8,105.75,-0.98,-1.02,기한청산
DIA,20일→다음주금,9,아래,-5.0,2006-09-20,116.08,2006-09-29,7,116.74,-0.57,-1.08,기한청산
DIA,20일→다음주금,9,아래,-5.0,2007-09-20,137.7,2007-09-28,6,138.91,-0.88,-1.04,기한청산
DIA,20일→다음주금,9,아래,-5.0,2008-09-19,113.57,2008-09-26,5,111.15,2.13,-0.36,기한청산
DIA,20일→다음주금,9,아래,-5.0,2009-09-18,98.11,2009-09-25,5,96.74,1.4,-1.07,기한청산
DIA,20일→다음주금,9,아래,-5.0,2010-09-20,107.52,2010-10-01,9,108.32,-0.74,-1.86,기한청산
DIA,20일→다음주금,9,아래,-5.0,2011-09-20,113.88,2011-09-30,8,108.93,4.35,-0.31,기한청산
DIA,20일→다음주금,9,아래,-5.0,2012-09-20,135.95,2012-09-28,6,134.05,1.4,-0.21,기한청산
DIA,20일→다음주금,9,아래,-5.0,2013-09-20,154.3,2013-09-27,5,152.21,1.35,-0.01,기한청산
DIA,20일→다음주금,9,아래,-5.0,2014-09-19,172.45,2014-09-26,5,170.7,1.01,0.04,기한청산
DIA,20일→다음주금,9,아래,-5.0,2015-09-18,163.54,2015-09-25,5,162.88,0.4,-1.24,기한청산
DIA,20일→다음주금,9,아래,-5.0,2016-09-20,181.05,2016-09-30,8,182.78,-0.96,-1.77,기한청산
DIA,20일→다음주금,9,아래,-5.0,2017-09-20,223.9,2017-09-29,7,223.82,0.04,-0.03,기한청산
DIA,20일→다음주금,9,아래,-5.0,2018-09-20,267.04,2018-09-28,6,264.4,0.99,-0.21,기한청산
DIA,20일→다음주금,9,아래,-5.0,2019-09-20,269.25,2019-09-27,5,267.99,0.47,-0.51,기한청산
DIA,20일→다음주금,9,아래,-5.0,2020-09-18,276.52,2020-09-25,5,271.7,1.74,0.7,기한청산
DIA,20일→다음주금,9,아래,-5.0,2021-09-20,339.4,2021-10-01,9,343.18,-1.11,-3.27,기한청산
DIA,20일→다음주금,9,아래,-5.0,2022-09-20,307.02,2022-09-30,8,287.3,6.42,-1.06,기한청산
DIA,20일→다음주금,9,아래,-5.0,2023-09-20,344.32,2023-09-29,7,334.95,2.72,0.19,기한청산
DIA,20일→다음주금,9,아래,-5.0,2024-09-20,420.57,2024-09-27,5,422.95,-0.57,-1.34,기한청산
DIA,20일→다음주금,9,아래,-5.0,2025-09-19,462.94,2025-09-26,5,462.28,0.14,-0.88,기한청산
DIA,20일→다음주금,9,아래,무손절,1998-09-18,78.8125,1998-09-25,5,80.125,-1.67,-3.89,기한청산
DIA,20일→다음주금,9,아래,무손절,1999-09-20,108.0312,1999-10-01,9,102.5938,5.03,0.67,기한청산
DIA,20일→다음주금,9,아래,무손절,2000-09-20,106.9375,2000-09-29,7,106.625,0.29,-1.9,기한청산
DIA,20일→다음주금,9,아래,무손절,2001-09-20,83.65,2001-09-28,6,88.35,-5.62,-6.08,기한청산
DIA,20일→다음주금,9,아래,무손절,2002-09-20,79.67,2002-09-27,5,76.85,3.54,-0.75,기한청산
DIA,20일→다음주금,9,아래,무손절,2003-09-19,96.47,2003-09-26,5,93.3,3.29,0.39,기한청산
DIA,20일→다음주금,9,아래,무손절,2004-09-20,102.15,2004-10-01,9,102.16,-0.01,-0.71,기한청산
DIA,20일→다음주금,9,아래,무손절,2005-09-20,104.72,2005-09-30,8,105.75,-0.98,-1.02,기한청산
DIA,20일→다음주금,9,아래,무손절,2006-09-20,116.08,2006-09-29,7,116.74,-0.57,-1.08,기한청산
DIA,20일→다음주금,9,아래,무손절,2007-09-20,137.7,2007-09-28,6,138.91,-0.88,-1.04,기한청산
DIA,20일→다음주금,9,아래,무손절,2008-09-19,113.57,2008-09-26,5,111.15,2.13,-0.36,기한청산
DIA,20일→다음주금,9,아래,무손절,2009-09-18,98.11,2009-09-25,5,96.74,1.4,-1.07,기한청산
DIA,20일→다음주금,9,아래,무손절,2010-09-20,107.52,2010-10-01,9,108.32,-0.74,-1.86,기한청산
DIA,20일→다음주금,9,아래,무손절,2011-09-20,113.88,2011-09-30,8,108.93,4.35,-0.31,기한청산
DIA,20일→다음주금,9,아래,무손절,2012-09-20,135.95,2012-09-28,6,134.05,1.4,-0.21,기한청산
DIA,20일→다음주금,9,아래,무손절,2013-09-20,154.3,2013-09-27,5,152.21,1.35,-0.01,기한청산
DIA,20일→다음주금,9,아래,무손절,2014-09-19,172.45,2014-09-26,5,170.7,1.01,0.04,기한청산
DIA,20일→다음주금,9,아래,무손절,2015-09-18,163.54,2015-09-25,5,162.88,0.4,-1.24,기한청산
DIA,20일→다음주금,9,아래,무손절,2016-09-20,181.05,2016-09-30,8,182.78,-0.96,-1.77,기한청산
DIA,20일→다음주금,9,아래,무손절,2017-09-20,223.9,2017-09-29,7,223.82,0.04,-0.03,기한청산
DIA,20일→다음주금,9,아래,무손절,2018-09-20,267.04,2018-09-28,6,264.4,0.99,-0.21,기한청산
DIA,20일→다음주금,9,아래,무손절,2019-09-20,269.25,2019-09-27,5,267.99,0.47,-0.51,기한청산
DIA,20일→다음주금,9,아래,무손절,2020-09-18,276.52,2020-09-25,5,271.7,1.74,0.7,기한청산
DIA,20일→다음주금,9,아래,무손절,2021-09-20,339.4,2021-10-01,9,343.18,-1.11,-3.27,기한청산
DIA,20일→다음주금,9,아래,무손절,2022-09-20,307.02,2022-09-30,8,287.3,6.42,-1.06,기한청산
DIA,20일→다음주금,9,아래,무손절,2023-09-20,344.32,2023-09-29,7,334.95,2.72,0.19,기한청산
DIA,20일→다음주금,9,아래,무손절,2024-09-20,420.57,2024-09-27,5,422.95,-0.57,-1.34,기한청산
DIA,20일→다음주금,9,아래,무손절,2025-09-19,462.94,2025-09-26,5,462.28,0.14,-0.88,기한청산
DIA,20일→다음주금,12,위,-5.0,1998-12-18,88.7188,1998-12-24,4,92.0938,3.8,0.44,기한청산
DIA,20일→다음주금,12,위,-5.0,1999-12-20,111.4375,1999-12-31,8,115.1875,3.37,-0.45,기한청산
DIA,20일→다음주금,12,위,-5.0,2000-12-20,102.9531,2000-12-29,6,106.7812,3.72,-0.17,기한청산
DIA,20일→다음주금,12,위,-5.0,2001-12-20,100.21,2001-12-28,5,101.16,0.95,-0.2,기한청산
DIA,20일→다음주금,12,위,-5.0,2002-12-20,85.35,2002-12-27,4,82.96,-2.8,-2.87,기한청산
DIA,20일→다음주금,12,위,-5.0,2003-12-19,102.74,2003-12-26,4,103.27,0.52,-0.13,기한청산
DIA,20일→다음주금,12,위,-5.0,2004-12-20,106.62,2004-12-31,8,107.51,0.83,-0.01,기한청산
DIA,20일→다음주금,12,위,-5.0,2005-12-20,107.89,2005-12-30,7,106.95,-0.87,-0.99,기한청산
DIA,20일→다음주금,12,위,-5.0,2006-12-20,124.42,2006-12-29,6,124.41,-0.01,-1.0,기한청산
DIA,20일→다음주금,12,위,-5.0,2007-12-20,132.71,2007-12-28,5,133.41,0.53,0.08,기한청산
DIA,20일→다음주금,12,위,-5.0,2008-12-19,85.36,2008-12-26,4,85.07,-0.34,-2.07,기한청산
DIA,20일→다음주금,12,위,-5.0,2009-12-18,103.14,2009-12-24,4,105.0,1.8,0.37,기한청산
DIA,20일→다음주금,12,위,-5.0,2010-12-20,114.75,2010-12-31,8,115.63,0.77,0.21,기한청산
DIA,20일→다음주금,12,위,-5.0,2011-12-20,120.68,2011-12-30,7,121.85,0.97,-0.82,기한청산
DIA,20일→다음주금,12,위,-5.0,2012-12-20,133.19,2012-12-28,5,129.07,-3.09,-3.17,기한청산
DIA,20일→다음주금,12,위,-5.0,2013-12-20,162.01,2013-12-27,4,164.47,1.52,0.2,기한청산
DIA,20일→다음주금,12,위,-5.0,2014-12-19,177.65,2014-12-26,4,180.19,1.43,0.3,기한청산
DIA,20일→다음주금,12,위,-5.0,2015-12-18,171.0,2015-12-24,4,175.22,2.47,-0.05,기한청산
DIA,20일→다음주금,12,위,-5.0,2016-12-20,199.42,2016-12-30,7,197.51,-0.96,-1.25,기한청산
DIA,20일→다음주금,12,위,-5.0,2017-12-20,247.07,2017-12-29,6,247.38,0.13,-0.08,기한청산
DIA,20일→다음주금,12,위,-5.0,2018-12-20,228.89,2018-12-26,3,217.4455,-5.0,-5.0,장중손절
DIA,20일→다음주금,12,위,-5.0,2019-12-20,284.46,2019-12-27,4,286.33,0.66,0.14,기한청산
DIA,20일→다음주금,12,위,-5.0,2020-12-18,301.9,2020-12-24,4,302.02,0.04,-1.48,기한청산
DIA,20일→다음주금,12,위,-5.0,2021-12-20,349.27,2021-12-31,8,363.32,4.02,0.64,기한청산
DIA,20일→다음주금,12,위,-5.0,2022-12-20,328.38,2022-12-30,7,331.33,0.9,-0.83,기한청산
DIA,20일→다음주금,12,위,-5.0,2023-12-20,370.8,2023-12-29,6,376.87,1.64,0.1,기한청산
DIA,20일→다음주금,12,위,-5.0,2024-12-20,428.54,2024-12-27,4,430.0,0.34,-0.83,기한청산
DIA,20일→다음주금,12,위,-5.0,2025-12-19,481.15,2025-12-26,4,487.03,1.22,0.15,기한청산
DIA,20일→다음주금,12,위,무손절,1998-12-18,88.7188,1998-12-24,4,92.0938,3.8,0.44,기한청산
DIA,20일→다음주금,12,위,무손절,1999-12-20,111.4375,1999-12-31,8,115.1875,3.37,-0.45,기한청산
DIA,20일→다음주금,12,위,무손절,2000-12-20,102.9531,2000-12-29,6,106.7812,3.72,-0.17,기한청산
DIA,20일→다음주금,12,위,무손절,2001-12-20,100.21,2001-12-28,5,101.16,0.95,-0.2,기한청산
DIA,20일→다음주금,12,위,무손절,2002-12-20,85.35,2002-12-27,4,82.96,-2.8,-2.87,기한청산
DIA,20일→다음주금,12,위,무손절,2003-12-19,102.74,2003-12-26,4,103.27,0.52,-0.13,기한청산
DIA,20일→다음주금,12,위,무손절,2004-12-20,106.62,2004-12-31,8,107.51,0.83,-0.01,기한청산
DIA,20일→다음주금,12,위,무손절,2005-12-20,107.89,2005-12-30,7,106.95,-0.87,-0.99,기한청산
DIA,20일→다음주금,12,위,무손절,2006-12-20,124.42,2006-12-29,6,124.41,-0.01,-1.0,기한청산
DIA,20일→다음주금,12,위,무손절,2007-12-20,132.71,2007-12-28,5,133.41,0.53,0.08,기한청산
DIA,20일→다음주금,12,위,무손절,2008-12-19,85.36,2008-12-26,4,85.07,-0.34,-2.07,기한청산
DIA,20일→다음주금,12,위,무손절,2009-12-18,103.14,2009-12-24,4,105.0,1.8,0.37,기한청산
DIA,20일→다음주금,12,위,무손절,2010-12-20,114.75,2010-12-31,8,115.63,0.77,0.21,기한청산
DIA,20일→다음주금,12,위,무손절,2011-12-20,120.68,2011-12-30,7,121.85,0.97,-0.82,기한청산
DIA,20일→다음주금,12,위,무손절,2012-12-20,133.19,2012-12-28,5,129.07,-3.09,-3.17,기한청산
DIA,20일→다음주금,12,위,무손절,2013-12-20,162.01,2013-12-27,4,164.47,1.52,0.2,기한청산
DIA,20일→다음주금,12,위,무손절,2014-12-19,177.65,2014-12-26,4,180.19,1.43,0.3,기한청산
DIA,20일→다음주금,12,위,무손절,2015-12-18,171.0,2015-12-24,4,175.22,2.47,-0.05,기한청산
DIA,20일→다음주금,12,위,무손절,2016-12-20,199.42,2016-12-30,7,197.51,-0.96,-1.25,기한청산
DIA,20일→다음주금,12,위,무손절,2017-12-20,247.07,2017-12-29,6,247.38,0.13,-0.08,기한청산
DIA,20일→다음주금,12,위,무손절,2018-12-20,228.89,2018-12-28,5,230.48,0.69,-5.21,기한청산
DIA,20일→다음주금,12,위,무손절,2019-12-20,284.46,2019-12-27,4,286.33,0.66,0.14,기한청산
DIA,20일→다음주금,12,위,무손절,2020-12-18,301.9,2020-12-24,4,302.02,0.04,-1.48,기한청산
DIA,20일→다음주금,12,위,무손절,2021-12-20,349.27,2021-12-31,8,363.32,4.02,0.64,기한청산
DIA,20일→다음주금,12,위,무손절,2022-12-20,328.38,2022-12-30,7,331.33,0.9,-0.83,기한청산
DIA,20일→다음주금,12,위,무손절,2023-12-20,370.8,2023-12-29,6,376.87,1.64,0.1,기한청산
DIA,20일→다음주금,12,위,무손절,2024-12-20,428.54,2024-12-27,4,430.0,0.34,-0.83,기한청산
DIA,20일→다음주금,12,위,무손절,2025-12-19,481.15,2025-12-26,4,487.03,1.22,0.15,기한청산
DIA,20일→다음주금,12,아래,-5.0,1998-12-18,88.7188,1998-12-24,4,92.0938,-3.8,-4.28,기한청산
DIA,20일→다음주금,12,아래,-5.0,1999-12-20,111.4375,1999-12-31,8,115.1875,-3.37,-3.84,기한청산
DIA,20일→다음주금,12,아래,-5.0,2000-12-20,102.9531,2000-12-27,4,108.1008,-5.0,-5.0,장중손절
DIA,20일→다음주금,12,아래,-5.0,2001-12-20,100.21,2001-12-28,5,101.16,-0.95,-1.73,기한청산
DIA,20일→다음주금,12,아래,-5.0,2002-12-20,85.35,2002-12-27,4,82.96,2.8,-0.75,기한청산
DIA,20일→다음주금,12,아래,-5.0,2003-12-19,102.74,2003-12-26,4,103.27,-0.52,-1.1,기한청산
DIA,20일→다음주금,12,아래,-5.0,2004-12-20,106.62,2004-12-31,8,107.51,-0.83,-1.82,기한청산
DIA,20일→다음주금,12,아래,-5.0,2005-12-20,107.89,2005-12-30,7,106.95,0.87,-1.26,기한청산
DIA,20일→다음주금,12,아래,-5.0,2006-12-20,124.42,2006-12-29,6,124.41,0.01,-0.58,기한청산
DIA,20일→다음주금,12,아래,-5.0,2007-12-20,132.71,2007-12-28,5,133.41,-0.53,-2.1,기한청산
DIA,20일→다음주금,12,아래,-5.0,2008-12-19,85.36,2008-12-26,4,85.07,0.34,-0.67,기한청산
DIA,20일→다음주금,12,아래,-5.0,2009-12-18,103.14,2009-12-24,4,105.0,-1.8,-1.84,기한청산
DIA,20일→다음주금,12,아래,-5.0,2010-12-20,114.75,2010-12-31,8,115.63,-0.77,-1.07,기한청산
DIA,20일→다음주금,12,아래,-5.0,2011-12-20,120.68,2011-12-30,7,121.85,-0.97,-1.92,기한청산
DIA,20일→다음주금,12,아래,-5.0,2012-12-20,133.19,2012-12-28,5,129.07,3.09,0.88,기한청산
DIA,20일→다음주금,12,아래,-5.0,2013-12-20,162.01,2013-12-27,4,164.47,-1.52,-1.8,기한청산
DIA,20일→다음주금,12,아래,-5.0,2014-12-19,177.65,2014-12-26,4,180.19,-1.43,-1.72,기한청산
DIA,20일→다음주금,12,아래,-5.0,2015-12-18,171.0,2015-12-24,4,175.22,-2.47,-2.82,기한청산
DIA,20일→다음주금,12,아래,-5.0,2016-12-20,199.42,2016-12-30,7,197.51,0.96,-0.1,기한청산
DIA,20일→다음주금,12,아래,-5.0,2017-12-20,247.07,2017-12-29,6,247.38,-0.13,-0.62,기한청산
DIA,20일→다음주금,12,아래,-5.0,2018-12-20,228.89,2018-12-28,5,230.48,-0.69,-2.15,기한청산
DIA,20일→다음주금,12,아래,-5.0,2019-12-20,284.46,2019-12-27,4,286.33,-0.66,-0.84,기한청산
DIA,20일→다음주금,12,아래,-5.0,2020-12-18,301.9,2020-12-24,4,302.02,-0.04,-0.35,기한청산
DIA,20일→다음주금,12,아래,-5.0,2021-12-20,349.27,2021-12-31,8,363.32,-4.02,-5.0,기한청산
DIA,20일→다음주금,12,아래,-5.0,2022-12-20,328.38,2022-12-30,7,331.33,-0.9,-1.81,기한청산
DIA,20일→다음주금,12,아래,-5.0,2023-12-20,370.8,2023-12-29,6,376.87,-1.64,-1.86,기한청산
DIA,20일→다음주금,12,아래,-5.0,2024-12-20,428.54,2024-12-27,4,430.0,-0.34,-1.2,기한청산
DIA,20일→다음주금,12,아래,-5.0,2025-12-19,481.15,2025-12-26,4,487.03,-1.22,-1.34,기한청산
DIA,20일→다음주금,12,아래,무손절,1998-12-18,88.7188,1998-12-24,4,92.0938,-3.8,-4.28,기한청산
DIA,20일→다음주금,12,아래,무손절,1999-12-20,111.4375,1999-12-31,8,115.1875,-3.37,-3.84,기한청산
DIA,20일→다음주금,12,아래,무손절,2000-12-20,102.9531,2000-12-29,6,106.7812,-3.72,-6.03,기한청산
DIA,20일→다음주금,12,아래,무손절,2001-12-20,100.21,2001-12-28,5,101.16,-0.95,-1.73,기한청산
DIA,20일→다음주금,12,아래,무손절,2002-12-20,85.35,2002-12-27,4,82.96,2.8,-0.75,기한청산
DIA,20일→다음주금,12,아래,무손절,2003-12-19,102.74,2003-12-26,4,103.27,-0.52,-1.1,기한청산
DIA,20일→다음주금,12,아래,무손절,2004-12-20,106.62,2004-12-31,8,107.51,-0.83,-1.82,기한청산
DIA,20일→다음주금,12,아래,무손절,2005-12-20,107.89,2005-12-30,7,106.95,0.87,-1.26,기한청산
DIA,20일→다음주금,12,아래,무손절,2006-12-20,124.42,2006-12-29,6,124.41,0.01,-0.58,기한청산
DIA,20일→다음주금,12,아래,무손절,2007-12-20,132.71,2007-12-28,5,133.41,-0.53,-2.1,기한청산
DIA,20일→다음주금,12,아래,무손절,2008-12-19,85.36,2008-12-26,4,85.07,0.34,-0.67,기한청산
DIA,20일→다음주금,12,아래,무손절,2009-12-18,103.14,2009-12-24,4,105.0,-1.8,-1.84,기한청산
DIA,20일→다음주금,12,아래,무손절,2010-12-20,114.75,2010-12-31,8,115.63,-0.77,-1.07,기한청산
DIA,20일→다음주금,12,아래,무손절,2011-12-20,120.68,2011-12-30,7,121.85,-0.97,-1.92,기한청산
DIA,20일→다음주금,12,아래,무손절,2012-12-20,133.19,2012-12-28,5,129.07,3.09,0.88,기한청산
DIA,20일→다음주금,12,아래,무손절,2013-12-20,162.01,2013-12-27,4,164.47,-1.52,-1.8,기한청산
DIA,20일→다음주금,12,아래,무손절,2014-12-19,177.65,2014-12-26,4,180.19,-1.43,-1.72,기한청산
DIA,20일→다음주금,12,아래,무손절,2015-12-18,171.0,2015-12-24,4,175.22,-2.47,-2.82,기한청산
DIA,20일→다음주금,12,아래,무손절,2016-12-20,199.42,2016-12-30,7,197.51,0.96,-0.1,기한청산
DIA,20일→다음주금,12,아래,무손절,2017-12-20,247.07,2017-12-29,6,247.38,-0.13,-0.62,기한청산
DIA,20일→다음주금,12,아래,무손절,2018-12-20,228.89,2018-12-28,5,230.48,-0.69,-2.15,기한청산
DIA,20일→다음주금,12,아래,무손절,2019-12-20,284.46,2019-12-27,4,286.33,-0.66,-0.84,기한청산
DIA,20일→다음주금,12,아래,무손절,2020-12-18,301.9,2020-12-24,4,302.02,-0.04,-0.35,기한청산
DIA,20일→다음주금,12,아래,무손절,2021-12-20,349.27,2021-12-31,8,363.32,-4.02,-5.0,기한청산
DIA,20일→다음주금,12,아래,무손절,2022-12-20,328.38,2022-12-30,7,331.33,-0.9,-1.81,기한청산
DIA,20일→다음주금,12,아래,무손절,2023-12-20,370.8,2023-12-29,6,376.87,-1.64,-1.86,기한청산
DIA,20일→다음주금,12,아래,무손절,2024-12-20,428.54,2024-12-27,4,430.0,-0.34,-1.2,기한청산
DIA,20일→다음주금,12,아래,무손절,2025-12-19,481.15,2025-12-26,4,487.03,-1.22,-1.34,기한청산
DIA,20일→말일,9,위,-5.0,1998-09-18,78.8125,1998-09-30,8,78.1875,-0.79,-3.37,기한청산
DIA,20일→말일,9,위,-5.0,1999-09-20,108.0312,1999-09-24,4,102.3906,-5.22,-5.22,갭손절
DIA,20일→말일,9,위,-5.0,2000-09-20,106.9375,2000-09-29,7,106.625,-0.29,-1.08,기한청산
DIA,20일→말일,9,위,-5.0,2001-09-20,83.65,2001-09-28,6,88.35,5.62,-4.96,기한청산
DIA,20일→말일,9,위,-5.0,2002-09-20,79.67,2002-09-30,6,75.6865,-5.0,-5.0,장중손절
DIA,20일→말일,9,위,-5.0,2003-09-19,96.47,2003-09-30,7,93.13,-3.46,-4.2,기한청산
DIA,20일→말일,9,위,-5.0,2004-09-20,102.15,2004-09-30,8,100.87,-1.25,-2.19,기한청산
DIA,20일→말일,9,위,-5.0,2005-09-20,104.72,2005-09-30,8,105.75,0.98,-1.22,기한청산
DIA,20일→말일,9,위,-5.0,2006-09-20,116.08,2006-09-29,7,116.74,0.57,-1.21,기한청산
DIA,20일→말일,9,위,-5.0,2007-09-20,137.7,2007-09-28,6,138.91,0.88,-0.63,기한청산
DIA,20일→말일,9,위,-5.0,2008-09-19,113.57,2008-09-24,3,107.8915,-5.0,-5.0,장중손절
DIA,20일→말일,9,위,-5.0,2009-09-18,98.11,2009-09-30,8,97.09,-1.04,-2.08,기한청산
DIA,20일→말일,9,위,-5.0,2010-09-20,107.52,2010-09-30,8,107.91,0.36,-1.03,기한청산
DIA,20일→말일,9,위,-5.0,2011-09-20,113.88,2011-09-22,2,107.95,-5.21,-5.21,갭손절
DIA,20일→말일,9,위,-5.0,2012-09-20,135.95,2012-09-28,6,134.05,-1.4,-1.91,기한청산
DIA,20일→말일,9,위,-5.0,2013-09-20,154.3,2013-09-30,6,151.0,-2.14,-2.5,기한청산
DIA,20일→말일,9,위,-5.0,2014-09-19,172.45,2014-09-30,7,170.07,-1.38,-2.04,기한청산
DIA,20일→말일,9,위,-5.0,2015-09-18,163.54,2015-09-30,8,162.62,-0.56,-2.67,기한청산
DIA,20일→말일,9,위,-5.0,2016-09-20,181.05,2016-09-30,8,182.78,0.96,-0.45,기한청산
DIA,20일→말일,9,위,-5.0,2017-09-20,223.9,2017-09-29,7,223.82,-0.04,-0.85,기한청산
DIA,20일→말일,9,위,-5.0,2018-09-20,267.04,2018-09-28,6,264.4,-0.99,-1.41,기한청산
DIA,20일→말일,9,위,-5.0,2019-09-20,269.25,2019-09-30,6,269.18,-0.03,-0.88,기한청산
DIA,20일→말일,9,위,-5.0,2020-09-18,276.52,2020-09-30,8,277.5,0.35,-4.07,기한청산
DIA,20일→말일,9,위,-5.0,2021-09-20,339.4,2021-09-30,8,338.29,-0.33,-0.38,기한청산
DIA,20일→말일,9,위,-5.0,2022-09-20,307.02,2022-09-26,4,291.669,-5.0,-5.0,장중손절
DIA,20일→말일,9,위,-5.0,2023-09-20,344.32,2023-09-29,7,334.95,-2.72,-3.31,기한청산
DIA,20일→말일,9,위,-5.0,2024-09-20,420.57,2024-09-30,6,423.12,0.61,-0.52,기한청산
DIA,20일→말일,9,위,-5.0,2025-09-19,462.94,2025-09-30,7,463.74,0.17,-1.13,기한청산
DIA,20일→말일,9,위,무손절,1998-09-18,78.8125,1998-09-30,8,78.1875,-0.79,-3.37,기한청산
DIA,20일→말일,9,위,무손절,1999-09-20,108.0312,1999-09-30,8,103.625,-4.08,-6.74,기한청산
DIA,20일→말일,9,위,무손절,2000-09-20,106.9375,2000-09-29,7,106.625,-0.29,-1.08,기한청산
DIA,20일→말일,9,위,무손절,2001-09-20,83.65,2001-09-28,6,88.35,5.62,-4.96,기한청산
DIA,20일→말일,9,위,무손절,2002-09-20,79.67,2002-09-30,6,76.0,-4.61,-6.36,기한청산
DIA,20일→말일,9,위,무손절,2003-09-19,96.47,2003-09-30,7,93.13,-3.46,-4.2,기한청산
DIA,20일→말일,9,위,무손절,2004-09-20,102.15,2004-09-30,8,100.87,-1.25,-2.19,기한청산
DIA,20일→말일,9,위,무손절,2005-09-20,104.72,2005-09-30,8,105.75,0.98,-1.22,기한청산
DIA,20일→말일,9,위,무손절,2006-09-20,116.08,2006-09-29,7,116.74,0.57,-1.21,기한청산
DIA,20일→말일,9,위,무손절,2007-09-20,137.7,2007-09-28,6,138.91,0.88,-0.63,기한청산
DIA,20일→말일,9,위,무손절,2008-09-19,113.57,2008-09-30,7,108.36,-4.59,-8.42,기한청산
DIA,20일→말일,9,위,무손절,2009-09-18,98.11,2009-09-30,8,97.09,-1.04,-2.08,기한청산
DIA,20일→말일,9,위,무손절,2010-09-20,107.52,2010-09-30,8,107.91,0.36,-1.03,기한청산
DIA,20일→말일,9,위,무손절,2011-09-20,113.88,2011-09-30,8,108.93,-4.35,-7.17,기한청산
DIA,20일→말일,9,위,무손절,2012-09-20,135.95,2012-09-28,6,134.05,-1.4,-1.91,기한청산
DIA,20일→말일,9,위,무손절,2013-09-20,154.3,2013-09-30,6,151.0,-2.14,-2.5,기한청산
DIA,20일→말일,9,위,무손절,2014-09-19,172.45,2014-09-30,7,170.07,-1.38,-2.04,기한청산
DIA,20일→말일,9,위,무손절,2015-09-18,163.54,2015-09-30,8,162.62,-0.56,-2.67,기한청산
DIA,20일→말일,9,위,무손절,2016-09-20,181.05,2016-09-30,8,182.78,0.96,-0.45,기한청산
DIA,20일→말일,9,위,무손절,2017-09-20,223.9,2017-09-29,7,223.82,-0.04,-0.85,기한청산
DIA,20일→말일,9,위,무손절,2018-09-20,267.04,2018-09-28,6,264.4,-0.99,-1.41,기한청산
DIA,20일→말일,9,위,무손절,2019-09-20,269.25,2019-09-30,6,269.18,-0.03,-0.88,기한청산
DIA,20일→말일,9,위,무손절,2020-09-18,276.52,2020-09-30,8,277.5,0.35,-4.07,기한청산
DIA,20일→말일,9,위,무손절,2021-09-20,339.4,2021-09-30,8,338.29,-0.33,-0.38,기한청산
DIA,20일→말일,9,위,무손절,2022-09-20,307.02,2022-09-30,8,287.3,-6.42,-6.51,기한청산
DIA,20일→말일,9,위,무손절,2023-09-20,344.32,2023-09-29,7,334.95,-2.72,-3.31,기한청산
DIA,20일→말일,9,위,무손절,2024-09-20,420.57,2024-09-30,6,423.12,0.61,-0.52,기한청산
DIA,20일→말일,9,위,무손절,2025-09-19,462.94,2025-09-30,7,463.74,0.17,-1.13,기한청산
DIA,20일→말일,9,아래,-5.0,1998-09-18,78.8125,1998-09-30,8,78.1875,0.79,-3.89,기한청산
DIA,20일→말일,9,아래,-5.0,1999-09-20,108.0312,1999-09-30,8,103.625,4.08,0.67,기한청산
DIA,20일→말일,9,아래,-5.0,2000-09-20,106.9375,2000-09-29,7,106.625,0.29,-1.9,기한청산
DIA,20일→말일,9,아래,-5.0,2001-09-20,83.65,2001-09-28,6,87.8325,-5.0,-5.0,장중손절
DIA,20일→말일,9,아래,-5.0,2002-09-20,79.67,2002-09-30,6,76.0,4.61,-0.75,기한청산
DIA,20일→말일,9,아래,-5.0,2003-09-19,96.47,2003-09-30,7,93.13,3.46,0.39,기한청산
DIA,20일→말일,9,아래,-5.0,2004-09-20,102.15,2004-09-30,8,100.87,1.25,-0.71,기한청산
DIA,20일→말일,9,아래,-5.0,2005-09-20,104.72,2005-09-30,8,105.75,-0.98,-1.02,기한청산
DIA,20일→말일,9,아래,-5.0,2006-09-20,116.08,2006-09-29,7,116.74,-0.57,-1.08,기한청산
DIA,20일→말일,9,아래,-5.0,2007-09-20,137.7,2007-09-28,6,138.91,-0.88,-1.04,기한청산
DIA,20일→말일,9,아래,-5.0,2008-09-19,113.57,2008-09-30,7,108.36,4.59,-0.36,기한청산
DIA,20일→말일,9,아래,-5.0,2009-09-18,98.11,2009-09-30,8,97.09,1.04,-1.07,기한청산
DIA,20일→말일,9,아래,-5.0,2010-09-20,107.52,2010-09-30,8,107.91,-0.36,-1.86,기한청산
DIA,20일→말일,9,아래,-5.0,2011-09-20,113.88,2011-09-30,8,108.93,4.35,-0.31,기한청산
DIA,20일→말일,9,아래,-5.0,2012-09-20,135.95,2012-09-28,6,134.05,1.4,-0.21,기한청산
DIA,20일→말일,9,아래,-5.0,2013-09-20,154.3,2013-09-30,6,151.0,2.14,-0.01,기한청산
DIA,20일→말일,9,아래,-5.0,2014-09-19,172.45,2014-09-30,7,170.07,1.38,0.04,기한청산
DIA,20일→말일,9,아래,-5.0,2015-09-18,163.54,2015-09-30,8,162.62,0.56,-1.24,기한청산
DIA,20일→말일,9,아래,-5.0,2016-09-20,181.05,2016-09-30,8,182.78,-0.96,-1.77,기한청산
DIA,20일→말일,9,아래,-5.0,2017-09-20,223.9,2017-09-29,7,223.82,0.04,-0.03,기한청산
DIA,20일→말일,9,아래,-5.0,2018-09-20,267.04,2018-09-28,6,264.4,0.99,-0.21,기한청산
DIA,20일→말일,9,아래,-5.0,2019-09-20,269.25,2019-09-30,6,269.18,0.03,-0.51,기한청산
DIA,20일→말일,9,아래,-5.0,2020-09-18,276.52,2020-09-30,8,277.5,-0.35,-1.32,기한청산
DIA,20일→말일,9,아래,-5.0,2021-09-20,339.4,2021-09-30,8,338.29,0.33,-3.27,기한청산
DIA,20일→말일,9,아래,-5.0,2022-09-20,307.02,2022-09-30,8,287.3,6.42,-1.06,기한청산
DIA,20일→말일,9,아래,-5.0,2023-09-20,344.32,2023-09-29,7,334.95,2.72,0.19,기한청산
DIA,20일→말일,9,아래,-5.0,2024-09-20,420.57,2024-09-30,6,423.12,-0.61,-1.34,기한청산
DIA,20일→말일,9,아래,-5.0,2025-09-19,462.94,2025-09-30,7,463.74,-0.17,-0.88,기한청산
DIA,20일→말일,9,아래,무손절,1998-09-18,78.8125,1998-09-30,8,78.1875,0.79,-3.89,기한청산
DIA,20일→말일,9,아래,무손절,1999-09-20,108.0312,1999-09-30,8,103.625,4.08,0.67,기한청산
DIA,20일→말일,9,아래,무손절,2000-09-20,106.9375,2000-09-29,7,106.625,0.29,-1.9,기한청산
DIA,20일→말일,9,아래,무손절,2001-09-20,83.65,2001-09-28,6,88.35,-5.62,-6.08,기한청산
DIA,20일→말일,9,아래,무손절,2002-09-20,79.67,2002-09-30,6,76.0,4.61,-0.75,기한청산
DIA,20일→말일,9,아래,무손절,2003-09-19,96.47,2003-09-30,7,93.13,3.46,0.39,기한청산
DIA,20일→말일,9,아래,무손절,2004-09-20,102.15,2004-09-30,8,100.87,1.25,-0.71,기한청산
DIA,20일→말일,9,아래,무손절,2005-09-20,104.72,2005-09-30,8,105.75,-0.98,-1.02,기한청산
DIA,20일→말일,9,아래,무손절,2006-09-20,116.08,2006-09-29,7,116.74,-0.57,-1.08,기한청산
DIA,20일→말일,9,아래,무손절,2007-09-20,137.7,2007-09-28,6,138.91,-0.88,-1.04,기한청산
DIA,20일→말일,9,아래,무손절,2008-09-19,113.57,2008-09-30,7,108.36,4.59,-0.36,기한청산
DIA,20일→말일,9,아래,무손절,2009-09-18,98.11,2009-09-30,8,97.09,1.04,-1.07,기한청산
DIA,20일→말일,9,아래,무손절,2010-09-20,107.52,2010-09-30,8,107.91,-0.36,-1.86,기한청산
DIA,20일→말일,9,아래,무손절,2011-09-20,113.88,2011-09-30,8,108.93,4.35,-0.31,기한청산
DIA,20일→말일,9,아래,무손절,2012-09-20,135.95,2012-09-28,6,134.05,1.4,-0.21,기한청산
DIA,20일→말일,9,아래,무손절,2013-09-20,154.3,2013-09-30,6,151.0,2.14,-0.01,기한청산
DIA,20일→말일,9,아래,무손절,2014-09-19,172.45,2014-09-30,7,170.07,1.38,0.04,기한청산
DIA,20일→말일,9,아래,무손절,2015-09-18,163.54,2015-09-30,8,162.62,0.56,-1.24,기한청산
DIA,20일→말일,9,아래,무손절,2016-09-20,181.05,2016-09-30,8,182.78,-0.96,-1.77,기한청산
DIA,20일→말일,9,아래,무손절,2017-09-20,223.9,2017-09-29,7,223.82,0.04,-0.03,기한청산
DIA,20일→말일,9,아래,무손절,2018-09-20,267.04,2018-09-28,6,264.4,0.99,-0.21,기한청산
DIA,20일→말일,9,아래,무손절,2019-09-20,269.25,2019-09-30,6,269.18,0.03,-0.51,기한청산
DIA,20일→말일,9,아래,무손절,2020-09-18,276.52,2020-09-30,8,277.5,-0.35,-1.32,기한청산
DIA,20일→말일,9,아래,무손절,2021-09-20,339.4,2021-09-30,8,338.29,0.33,-3.27,기한청산
DIA,20일→말일,9,아래,무손절,2022-09-20,307.02,2022-09-30,8,287.3,6.42,-1.06,기한청산
DIA,20일→말일,9,아래,무손절,2023-09-20,344.32,2023-09-29,7,334.95,2.72,0.19,기한청산
DIA,20일→말일,9,아래,무손절,2024-09-20,420.57,2024-09-30,6,423.12,-0.61,-1.34,기한청산
DIA,20일→말일,9,아래,무손절,2025-09-19,462.94,2025-09-30,7,463.74,-0.17,-0.88,기한청산
DIA,20일→말일,12,위,-5.0,1998-12-18,88.7188,1998-12-31,8,91.5312,3.17,0.44,기한청산
DIA,20일→말일,12,위,-5.0,1999-12-20,111.4375,1999-12-31,8,115.1875,3.37,-0.45,기한청산
DIA,20일→말일,12,위,-5.0,2000-12-20,102.9531,2000-12-29,6,106.7812,3.72,-0.17,기한청산
DIA,20일→말일,12,위,-5.0,2001-12-20,100.21,2001-12-31,6,99.8,-0.41,-0.55,기한청산
DIA,20일→말일,12,위,-5.0,2002-12-20,85.35,2002-12-31,6,83.51,-2.16,-3.36,기한청산
DIA,20일→말일,12,위,-5.0,2003-12-19,102.74,2003-12-31,7,104.57,1.78,-0.13,기한청산
DIA,20일→말일,12,위,-5.0,2004-12-20,106.62,2004-12-31,8,107.51,0.83,-0.01,기한청산
DIA,20일→말일,12,위,-5.0,2005-12-20,107.89,2005-12-30,7,106.95,-0.87,-0.99,기한청산
DIA,20일→말일,12,위,-5.0,2006-12-20,124.42,2006-12-29,6,124.41,-0.01,-1.0,기한청산
DIA,20일→말일,12,위,-5.0,2007-12-20,132.71,2007-12-31,6,132.55,-0.12,-0.41,기한청산
DIA,20일→말일,12,위,-5.0,2008-12-19,85.36,2008-12-31,7,87.52,2.53,-2.07,기한청산
DIA,20일→말일,12,위,-5.0,2009-12-18,103.14,2009-12-31,8,104.07,0.9,0.37,기한청산
DIA,20일→말일,12,위,-5.0,2010-12-20,114.75,2010-12-31,8,115.63,0.77,0.21,기한청산
DIA,20일→말일,12,위,-5.0,2011-12-20,120.68,2011-12-30,7,121.85,0.97,-0.82,기한청산
DIA,20일→말일,12,위,-5.0,2012-12-20,133.19,2012-12-31,6,130.58,-1.96,-3.49,기한청산
DIA,20일→말일,12,위,-5.0,2013-12-20,162.01,2013-12-31,6,165.47,2.14,0.2,기한청산
DIA,20일→말일,12,위,-5.0,2014-12-19,177.65,2014-12-31,7,177.88,0.13,0.13,기한청산
DIA,20일→말일,12,위,-5.0,2015-12-18,171.0,2015-12-31,8,173.99,1.75,-0.05,기한청산
DIA,20일→말일,12,위,-5.0,2016-12-20,199.42,2016-12-30,7,197.51,-0.96,-1.25,기한청산
DIA,20일→말일,12,위,-5.0,2017-12-20,247.07,2017-12-29,6,247.38,0.13,-0.08,기한청산
DIA,20일→말일,12,위,-5.0,2018-12-20,228.89,2018-12-26,3,217.4455,-5.0,-5.0,장중손절
DIA,20일→말일,12,위,-5.0,2019-12-20,284.46,2019-12-31,6,285.1,0.22,-0.32,기한청산
DIA,20일→말일,12,위,-5.0,2020-12-18,301.9,2020-12-31,8,305.79,1.29,-1.48,기한청산
DIA,20일→말일,12,위,-5.0,2021-12-20,349.27,2021-12-31,8,363.32,4.02,0.64,기한청산
DIA,20일→말일,12,위,-5.0,2022-12-20,328.38,2022-12-30,7,331.33,0.9,-0.83,기한청산
DIA,20일→말일,12,위,-5.0,2023-12-20,370.8,2023-12-29,6,376.87,1.64,0.1,기한청산
DIA,20일→말일,12,위,-5.0,2024-12-20,428.54,2024-12-31,6,425.5,-0.71,-1.4,기한청산
DIA,20일→말일,12,위,-5.0,2025-12-19,481.15,2025-12-31,7,480.57,-0.12,-0.16,기한청산
DIA,20일→말일,12,위,무손절,1998-12-18,88.7188,1998-12-31,8,91.5312,3.17,0.44,기한청산
DIA,20일→말일,12,위,무손절,1999-12-20,111.4375,1999-12-31,8,115.1875,3.37,-0.45,기한청산
DIA,20일→말일,12,위,무손절,2000-12-20,102.9531,2000-12-29,6,106.7812,3.72,-0.17,기한청산
DIA,20일→말일,12,위,무손절,2001-12-20,100.21,2001-12-31,6,99.8,-0.41,-0.55,기한청산
DIA,20일→말일,12,위,무손절,2002-12-20,85.35,2002-12-31,6,83.51,-2.16,-3.36,기한청산
DIA,20일→말일,12,위,무손절,2003-12-19,102.74,2003-12-31,7,104.57,1.78,-0.13,기한청산
DIA,20일→말일,12,위,무손절,2004-12-20,106.62,2004-12-31,8,107.51,0.83,-0.01,기한청산
DIA,20일→말일,12,위,무손절,2005-12-20,107.89,2005-12-30,7,106.95,-0.87,-0.99,기한청산
DIA,20일→말일,12,위,무손절,2006-12-20,124.42,2006-12-29,6,124.41,-0.01,-1.0,기한청산
DIA,20일→말일,12,위,무손절,2007-12-20,132.71,2007-12-31,6,132.55,-0.12,-0.41,기한청산
DIA,20일→말일,12,위,무손절,2008-12-19,85.36,2008-12-31,7,87.52,2.53,-2.07,기한청산
DIA,20일→말일,12,위,무손절,2009-12-18,103.14,2009-12-31,8,104.07,0.9,0.37,기한청산
DIA,20일→말일,12,위,무손절,2010-12-20,114.75,2010-12-31,8,115.63,0.77,0.21,기한청산
DIA,20일→말일,12,위,무손절,2011-12-20,120.68,2011-12-30,7,121.85,0.97,-0.82,기한청산
DIA,20일→말일,12,위,무손절,2012-12-20,133.19,2012-12-31,6,130.58,-1.96,-3.49,기한청산
DIA,20일→말일,12,위,무손절,2013-12-20,162.01,2013-12-31,6,165.47,2.14,0.2,기한청산
DIA,20일→말일,12,위,무손절,2014-12-19,177.65,2014-12-31,7,177.88,0.13,0.13,기한청산
DIA,20일→말일,12,위,무손절,2015-12-18,171.0,2015-12-31,8,173.99,1.75,-0.05,기한청산
DIA,20일→말일,12,위,무손절,2016-12-20,199.42,2016-12-30,7,197.51,-0.96,-1.25,기한청산
DIA,20일→말일,12,위,무손절,2017-12-20,247.07,2017-12-29,6,247.38,0.13,-0.08,기한청산
DIA,20일→말일,12,위,무손절,2018-12-20,228.89,2018-12-31,6,233.2,1.88,-5.21,기한청산
DIA,20일→말일,12,위,무손절,2019-12-20,284.46,2019-12-31,6,285.1,0.22,-0.32,기한청산
DIA,20일→말일,12,위,무손절,2020-12-18,301.9,2020-12-31,8,305.79,1.29,-1.48,기한청산
DIA,20일→말일,12,위,무손절,2021-12-20,349.27,2021-12-31,8,363.32,4.02,0.64,기한청산
DIA,20일→말일,12,위,무손절,2022-12-20,328.38,2022-12-30,7,331.33,0.9,-0.83,기한청산
DIA,20일→말일,12,위,무손절,2023-12-20,370.8,2023-12-29,6,376.87,1.64,0.1,기한청산
DIA,20일→말일,12,위,무손절,2024-12-20,428.54,2024-12-31,6,425.5,-0.71,-1.4,기한청산
DIA,20일→말일,12,위,무손절,2025-12-19,481.15,2025-12-31,7,480.57,-0.12,-0.16,기한청산
DIA,20일→말일,12,아래,-5.0,1998-12-18,88.7188,1998-12-29,6,93.1547,-5.0,-5.0,장중손절
DIA,20일→말일,12,아래,-5.0,1999-12-20,111.4375,1999-12-31,8,115.1875,-3.37,-3.84,기한청산
DIA,20일→말일,12,아래,-5.0,2000-12-20,102.9531,2000-12-27,4,108.1008,-5.0,-5.0,장중손절
DIA,20일→말일,12,아래,-5.0,2001-12-20,100.21,2001-12-31,6,99.8,0.41,-1.73,기한청산
DIA,20일→말일,12,아래,-5.0,2002-12-20,85.35,2002-12-31,6,83.51,2.16,-0.75,기한청산
DIA,20일→말일,12,아래,-5.0,2003-12-19,102.74,2003-12-31,7,104.57,-1.78,-1.96,기한청산
DIA,20일→말일,12,아래,-5.0,2004-12-20,106.62,2004-12-31,8,107.51,-0.83,-1.82,기한청산
DIA,20일→말일,12,아래,-5.0,2005-12-20,107.89,2005-12-30,7,106.95,0.87,-1.26,기한청산
DIA,20일→말일,12,아래,-5.0,2006-12-20,124.42,2006-12-29,6,124.41,0.01,-0.58,기한청산
DIA,20일→말일,12,아래,-5.0,2007-12-20,132.71,2007-12-31,6,132.55,0.12,-2.1,기한청산
DIA,20일→말일,12,아래,-5.0,2008-12-19,85.36,2008-12-31,7,87.52,-2.53,-3.53,기한청산
DIA,20일→말일,12,아래,-5.0,2009-12-18,103.14,2009-12-31,8,104.07,-0.9,-2.42,기한청산
DIA,20일→말일,12,아래,-5.0,2010-12-20,114.75,2010-12-31,8,115.63,-0.77,-1.07,기한청산
DIA,20일→말일,12,아래,-5.0,2011-12-20,120.68,2011-12-30,7,121.85,-0.97,-1.92,기한청산
DIA,20일→말일,12,아래,-5.0,2012-12-20,133.19,2012-12-31,6,130.58,1.96,0.88,기한청산
DIA,20일→말일,12,아래,-5.0,2013-12-20,162.01,2013-12-31,6,165.47,-2.14,-2.16,기한청산
DIA,20일→말일,12,아래,-5.0,2014-12-19,177.65,2014-12-31,7,177.88,-0.13,-1.72,기한청산
DIA,20일→말일,12,아래,-5.0,2015-12-18,171.0,2015-12-31,8,173.99,-1.75,-3.65,기한청산
DIA,20일→말일,12,아래,-5.0,2016-12-20,199.42,2016-12-30,7,197.51,0.96,-0.1,기한청산
DIA,20일→말일,12,아래,-5.0,2017-12-20,247.07,2017-12-29,6,247.38,-0.13,-0.62,기한청산
DIA,20일→말일,12,아래,-5.0,2018-12-20,228.89,2018-12-31,6,233.2,-1.88,-2.15,기한청산
DIA,20일→말일,12,아래,-5.0,2019-12-20,284.46,2019-12-31,6,285.1,-0.22,-0.84,기한청산
DIA,20일→말일,12,아래,-5.0,2020-12-18,301.9,2020-12-31,8,305.79,-1.29,-1.45,기한청산
DIA,20일→말일,12,아래,-5.0,2021-12-20,349.27,2021-12-31,8,363.32,-4.02,-5.0,기한청산
DIA,20일→말일,12,아래,-5.0,2022-12-20,328.38,2022-12-30,7,331.33,-0.9,-1.81,기한청산
DIA,20일→말일,12,아래,-5.0,2023-12-20,370.8,2023-12-29,6,376.87,-1.64,-1.86,기한청산
DIA,20일→말일,12,아래,-5.0,2024-12-20,428.54,2024-12-31,6,425.5,0.71,-1.2,기한청산
DIA,20일→말일,12,아래,-5.0,2025-12-19,481.15,2025-12-31,7,480.57,0.12,-1.34,기한청산
DIA,20일→말일,12,아래,무손절,1998-12-18,88.7188,1998-12-31,8,91.5312,-3.17,-5.42,기한청산
DIA,20일→말일,12,아래,무손절,1999-12-20,111.4375,1999-12-31,8,115.1875,-3.37,-3.84,기한청산
DIA,20일→말일,12,아래,무손절,2000-12-20,102.9531,2000-12-29,6,106.7812,-3.72,-6.03,기한청산
DIA,20일→말일,12,아래,무손절,2001-12-20,100.21,2001-12-31,6,99.8,0.41,-1.73,기한청산
DIA,20일→말일,12,아래,무손절,2002-12-20,85.35,2002-12-31,6,83.51,2.16,-0.75,기한청산
DIA,20일→말일,12,아래,무손절,2003-12-19,102.74,2003-12-31,7,104.57,-1.78,-1.96,기한청산
DIA,20일→말일,12,아래,무손절,2004-12-20,106.62,2004-12-31,8,107.51,-0.83,-1.82,기한청산
DIA,20일→말일,12,아래,무손절,2005-12-20,107.89,2005-12-30,7,106.95,0.87,-1.26,기한청산
DIA,20일→말일,12,아래,무손절,2006-12-20,124.42,2006-12-29,6,124.41,0.01,-0.58,기한청산
DIA,20일→말일,12,아래,무손절,2007-12-20,132.71,2007-12-31,6,132.55,0.12,-2.1,기한청산
DIA,20일→말일,12,아래,무손절,2008-12-19,85.36,2008-12-31,7,87.52,-2.53,-3.53,기한청산
DIA,20일→말일,12,아래,무손절,2009-12-18,103.14,2009-12-31,8,104.07,-0.9,-2.42,기한청산
DIA,20일→말일,12,아래,무손절,2010-12-20,114.75,2010-12-31,8,115.63,-0.77,-1.07,기한청산
DIA,20일→말일,12,아래,무손절,2011-12-20,120.68,2011-12-30,7,121.85,-0.97,-1.92,기한청산
DIA,20일→말일,12,아래,무손절,2012-12-20,133.19,2012-12-31,6,130.58,1.96,0.88,기한청산
DIA,20일→말일,12,아래,무손절,2013-12-20,162.01,2013-12-31,6,165.47,-2.14,-2.16,기한청산
DIA,20일→말일,12,아래,무손절,2014-12-19,177.65,2014-12-31,7,177.88,-0.13,-1.72,기한청산
DIA,20일→말일,12,아래,무손절,2015-12-18,171.0,2015-12-31,8,173.99,-1.75,-3.65,기한청산
DIA,20일→말일,12,아래,무손절,2016-12-20,199.42,2016-12-30,7,197.51,0.96,-0.1,기한청산
DIA,20일→말일,12,아래,무손절,2017-12-20,247.07,2017-12-29,6,247.38,-0.13,-0.62,기한청산
DIA,20일→말일,12,아래,무손절,2018-12-20,228.89,2018-12-31,6,233.2,-1.88,-2.15,기한청산
DIA,20일→말일,12,아래,무손절,2019-12-20,284.46,2019-12-31,6,285.1,-0.22,-0.84,기한청산
DIA,20일→말일,12,아래,무손절,2020-12-18,301.9,2020-12-31,8,305.79,-1.29,-1.45,기한청산
DIA,20일→말일,12,아래,무손절,2021-12-20,349.27,2021-12-31,8,363.32,-4.02,-5.0,기한청산
DIA,20일→말일,12,아래,무손절,2022-12-20,328.38,2022-12-30,7,331.33,-0.9,-1.81,기한청산
DIA,20일→말일,12,아래,무손절,2023-12-20,370.8,2023-12-29,6,376.87,-1.64,-1.86,기한청산
DIA,20일→말일,12,아래,무손절,2024-12-20,428.54,2024-12-31,6,425.5,0.71,-1.2,기한청산
DIA,20일→말일,12,아래,무손절,2025-12-19,481.15,2025-12-31,7,480.57,0.12,-1.34,기한청산
KODEX 200,만기→다음주금,9,위,-5.0,2003-09-19,9540.0,2003-09-23,2,9063.0,-5.0,-5.0,장중손절
KODEX 200,만기→다음주금,9,위,-5.0,2004-09-17,10900.0,2004-09-24,5,10660.0,-2.2,-2.75,기한청산
KODEX 200,만기→다음주금,9,위,-5.0,2005-09-16,15180.0,2005-09-23,4,15135.0,-0.3,-0.3,기한청산
KODEX 200,만기→다음주금,9,위,-5.0,2006-09-15,17800.0,2006-09-22,5,17620.0,-1.01,-1.21,기한청산
KODEX 200,만기→다음주금,9,위,-5.0,2007-09-21,24370.0,2007-09-28,2,24735.0,1.5,0.92,기한청산
KODEX 200,만기→다음주금,9,위,-5.0,2008-09-19,19080.0,2008-09-26,5,19210.0,0.68,-1.68,기한청산
KODEX 200,만기→다음주금,9,위,-5.0,2009-09-18,22380.0,2009-09-25,5,22300.0,-0.36,-1.9,기한청산
KODEX 200,만기→다음주금,9,위,-5.0,2010-09-17,23830.0,2010-09-24,2,24000.0,0.71,-0.55,기한청산
KODEX 200,만기→다음주금,9,위,-5.0,2011-09-16,23885.0,2011-09-23,5,22480.0,-5.88,-5.88,갭손절
KODEX 200,만기→다음주금,9,위,-5.0,2012-09-21,26390.0,2012-09-28,5,26310.0,-0.3,-1.72,기한청산
KODEX 200,만기→다음주금,9,위,-5.0,2013-09-17,26140.0,2013-09-27,5,26295.0,0.59,-0.78,기한청산
KODEX 200,만기→다음주금,9,위,-5.0,2014-09-19,26265.0,2014-09-26,5,25765.0,-1.9,-2.38,기한청산
KODEX 200,만기→다음주금,9,위,-5.0,2015-09-18,24115.0,2015-09-25,5,23475.0,-2.65,-3.32,기한청산
KODEX 200,만기→다음주금,9,위,-5.0,2016-09-13,25075.0,2016-09-23,5,25750.0,2.69,-0.06,기한청산
KODEX 200,만기→다음주금,9,위,-5.0,2017-09-15,31385.0,2017-09-22,5,31675.0,0.92,0.1,기한청산
KODEX 200,만기→다음주금,9,위,-5.0,2018-09-21,30085.0,2018-09-28,2,30125.0,0.13,-0.23,기한청산
KODEX 200,만기→다음주금,9,위,-5.0,2019-09-20,27640.0,2019-09-27,5,27200.0,-1.59,-1.88,기한청산
KODEX 200,만기→다음주금,9,위,-5.0,2020-09-18,31820.0,2020-09-24,4,30229.0,-5.0,-5.0,장중손절
KODEX 200,만기→다음주금,9,위,-5.0,2021-09-17,41070.0,2021-09-24,2,40965.0,-0.26,-0.79,기한청산
KODEX 200,만기→다음주금,9,위,-5.0,2022-09-16,30880.0,2022-09-23,5,29780.0,-3.56,-3.82,기한청산
KODEX 200,만기→다음주금,9,위,-5.0,2023-09-15,34595.0,2023-09-22,5,33200.0,-4.03,-4.81,기한청산
KODEX 200,만기→다음주금,9,위,-5.0,2024-09-20,34515.0,2024-09-27,5,35535.0,2.96,-0.1,기한청산
KODEX 200,만기→다음주금,9,위,-5.0,2025-09-19,47485.0,2025-09-26,5,47045.0,-0.93,-1.7,기한청산
KODEX 200,만기→다음주금,9,위,무손절,2003-09-19,9540.0,2003-09-26,5,8940.0,-6.29,-6.29,기한청산
KODEX 200,만기→다음주금,9,위,무손절,2004-09-17,10900.0,2004-09-24,5,10660.0,-2.2,-2.75,기한청산
KODEX 200,만기→다음주금,9,위,무손절,2005-09-16,15180.0,2005-09-23,4,15135.0,-0.3,-0.3,기한청산
KODEX 200,만기→다음주금,9,위,무손절,2006-09-15,17800.0,2006-09-22,5,17620.0,-1.01,-1.21,기한청산
KODEX 200,만기→다음주금,9,위,무손절,2007-09-21,24370.0,2007-09-28,2,24735.0,1.5,0.92,기한청산
KODEX 200,만기→다음주금,9,위,무손절,2008-09-19,19080.0,2008-09-26,5,19210.0,0.68,-1.68,기한청산
KODEX 200,만기→다음주금,9,위,무손절,2009-09-18,22380.0,2009-09-25,5,22300.0,-0.36,-1.9,기한청산
KODEX 200,만기→다음주금,9,위,무손절,2010-09-17,23830.0,2010-09-24,2,24000.0,0.71,-0.55,기한청산
KODEX 200,만기→다음주금,9,위,무손절,2011-09-16,23885.0,2011-09-23,5,22030.0,-7.77,-7.93,기한청산
KODEX 200,만기→다음주금,9,위,무손절,2012-09-21,26390.0,2012-09-28,5,26310.0,-0.3,-1.72,기한청산
KODEX 200,만기→다음주금,9,위,무손절,2013-09-17,26140.0,2013-09-27,5,26295.0,0.59,-0.78,기한청산
KODEX 200,만기→다음주금,9,위,무손절,2014-09-19,26265.0,2014-09-26,5,25765.0,-1.9,-2.38,기한청산
KODEX 200,만기→다음주금,9,위,무손절,2015-09-18,24115.0,2015-09-25,5,23475.0,-2.65,-3.32,기한청산
KODEX 200,만기→다음주금,9,위,무손절,2016-09-13,25075.0,2016-09-23,5,25750.0,2.69,-0.06,기한청산
KODEX 200,만기→다음주금,9,위,무손절,2017-09-15,31385.0,2017-09-22,5,31675.0,0.92,0.1,기한청산
KODEX 200,만기→다음주금,9,위,무손절,2018-09-21,30085.0,2018-09-28,2,30125.0,0.13,-0.23,기한청산
KODEX 200,만기→다음주금,9,위,무손절,2019-09-20,27640.0,2019-09-27,5,27200.0,-1.59,-1.88,기한청산
KODEX 200,만기→다음주금,9,위,무손절,2020-09-18,31820.0,2020-09-25,5,30350.0,-4.62,-5.09,기한청산
KODEX 200,만기→다음주금,9,위,무손절,2021-09-17,41070.0,2021-09-24,2,40965.0,-0.26,-0.79,기한청산
KODEX 200,만기→다음주금,9,위,무손절,2022-09-16,30880.0,2022-09-23,5,29780.0,-3.56,-3.82,기한청산
KODEX 200,만기→다음주금,9,위,무손절,2023-09-15,34595.0,2023-09-22,5,33200.0,-4.03,-4.81,기한청산
KODEX 200,만기→다음주금,9,위,무손절,2024-09-20,34515.0,2024-09-27,5,35535.0,2.96,-0.1,기한청산
KODEX 200,만기→다음주금,9,위,무손절,2025-09-19,47485.0,2025-09-26,5,47045.0,-0.93,-1.7,기한청산
KODEX 200,만기→다음주금,9,아래,-5.0,2003-09-19,9540.0,2003-09-26,5,8940.0,6.29,0.42,기한청산
KODEX 200,만기→다음주금,9,아래,-5.0,2004-09-17,10900.0,2004-09-24,5,10660.0,2.2,-1.93,기한청산
KODEX 200,만기→다음주금,9,아래,-5.0,2005-09-16,15180.0,2005-09-23,4,15135.0,0.3,-2.04,기한청산
KODEX 200,만기→다음주금,9,아래,-5.0,2006-09-15,17800.0,2006-09-22,5,17620.0,1.01,-1.57,기한청산
KODEX 200,만기→다음주금,9,아래,-5.0,2007-09-21,24370.0,2007-09-28,2,24735.0,-1.5,-1.85,기한청산
KODEX 200,만기→다음주금,9,아래,-5.0,2008-09-19,19080.0,2008-09-26,5,19210.0,-0.68,-2.36,기한청산
KODEX 200,만기→다음주금,9,아래,-5.0,2009-09-18,22380.0,2009-09-25,5,22300.0,0.36,-1.32,기한청산
KODEX 200,만기→다음주금,9,아래,-5.0,2010-09-17,23830.0,2010-09-24,2,24000.0,-0.71,-0.92,기한청산
KODEX 200,만기→다음주금,9,아래,-5.0,2011-09-16,23885.0,2011-09-23,5,22030.0,7.77,-2.09,기한청산
KODEX 200,만기→다음주금,9,아래,-5.0,2012-09-21,26390.0,2012-09-28,5,26310.0,0.3,-0.13,기한청산
KODEX 200,만기→다음주금,9,아래,-5.0,2013-09-17,26140.0,2013-09-27,5,26295.0,-0.59,-0.92,기한청산
KODEX 200,만기→다음주금,9,아래,-5.0,2014-09-19,26265.0,2014-09-26,5,25765.0,1.9,0.38,기한청산
KODEX 200,만기→다음주금,9,아래,-5.0,2015-09-18,24115.0,2015-09-25,5,23475.0,2.65,0.89,기한청산
KODEX 200,만기→다음주금,9,아래,-5.0,2016-09-13,25075.0,2016-09-23,5,25750.0,-2.69,-3.17,기한청산
KODEX 200,만기→다음주금,9,아래,-5.0,2017-09-15,31385.0,2017-09-22,5,31675.0,-0.92,-2.26,기한청산
KODEX 200,만기→다음주금,9,아래,-5.0,2018-09-21,30085.0,2018-09-28,2,30125.0,-0.13,-0.95,기한청산
KODEX 200,만기→다음주금,9,아래,-5.0,2019-09-20,27640.0,2019-09-27,5,27200.0,1.59,-0.72,기한청산
KODEX 200,만기→다음주금,9,아래,-5.0,2020-09-18,31820.0,2020-09-25,5,30350.0,4.62,-0.75,기한청산
KODEX 200,만기→다음주금,9,아래,-5.0,2021-09-17,41070.0,2021-09-24,2,40965.0,0.26,-0.49,기한청산
KODEX 200,만기→다음주금,9,아래,-5.0,2022-09-16,30880.0,2022-09-23,5,29780.0,3.56,-0.47,기한청산
KODEX 200,만기→다음주금,9,아래,-5.0,2023-09-15,34595.0,2023-09-22,5,33200.0,4.03,0.3,기한청산
KODEX 200,만기→다음주금,9,아래,-5.0,2024-09-20,34515.0,2024-09-27,5,35535.0,-2.96,-4.37,기한청산
KODEX 200,만기→다음주금,9,아래,-5.0,2025-09-19,47485.0,2025-09-26,5,47045.0,0.93,-2.19,기한청산
KODEX 200,만기→다음주금,9,아래,무손절,2003-09-19,9540.0,2003-09-26,5,8940.0,6.29,0.42,기한청산
KODEX 200,만기→다음주금,9,아래,무손절,2004-09-17,10900.0,2004-09-24,5,10660.0,2.2,-1.93,기한청산
KODEX 200,만기→다음주금,9,아래,무손절,2005-09-16,15180.0,2005-09-23,4,15135.0,0.3,-2.04,기한청산
KODEX 200,만기→다음주금,9,아래,무손절,2006-09-15,17800.0,2006-09-22,5,17620.0,1.01,-1.57,기한청산
KODEX 200,만기→다음주금,9,아래,무손절,2007-09-21,24370.0,2007-09-28,2,24735.0,-1.5,-1.85,기한청산
KODEX 200,만기→다음주금,9,아래,무손절,2008-09-19,19080.0,2008-09-26,5,19210.0,-0.68,-2.36,기한청산
KODEX 200,만기→다음주금,9,아래,무손절,2009-09-18,22380.0,2009-09-25,5,22300.0,0.36,-1.32,기한청산
KODEX 200,만기→다음주금,9,아래,무손절,2010-09-17,23830.0,2010-09-24,2,24000.0,-0.71,-0.92,기한청산
KODEX 200,만기→다음주금,9,아래,무손절,2011-09-16,23885.0,2011-09-23,5,22030.0,7.77,-2.09,기한청산
KODEX 200,만기→다음주금,9,아래,무손절,2012-09-21,26390.0,2012-09-28,5,26310.0,0.3,-0.13,기한청산
KODEX 200,만기→다음주금,9,아래,무손절,2013-09-17,26140.0,2013-09-27,5,26295.0,-0.59,-0.92,기한청산
KODEX 200,만기→다음주금,9,아래,무손절,2014-09-19,26265.0,2014-09-26,5,25765.0,1.9,0.38,기한청산
KODEX 200,만기→다음주금,9,아래,무손절,2015-09-18,24115.0,2015-09-25,5,23475.0,2.65,0.89,기한청산
KODEX 200,만기→다음주금,9,아래,무손절,2016-09-13,25075.0,2016-09-23,5,25750.0,-2.69,-3.17,기한청산
KODEX 200,만기→다음주금,9,아래,무손절,2017-09-15,31385.0,2017-09-22,5,31675.0,-0.92,-2.26,기한청산
KODEX 200,만기→다음주금,9,아래,무손절,2018-09-21,30085.0,2018-09-28,2,30125.0,-0.13,-0.95,기한청산
KODEX 200,만기→다음주금,9,아래,무손절,2019-09-20,27640.0,2019-09-27,5,27200.0,1.59,-0.72,기한청산
KODEX 200,만기→다음주금,9,아래,무손절,2020-09-18,31820.0,2020-09-25,5,30350.0,4.62,-0.75,기한청산
KODEX 200,만기→다음주금,9,아래,무손절,2021-09-17,41070.0,2021-09-24,2,40965.0,0.26,-0.49,기한청산
KODEX 200,만기→다음주금,9,아래,무손절,2022-09-16,30880.0,2022-09-23,5,29780.0,3.56,-0.47,기한청산
KODEX 200,만기→다음주금,9,아래,무손절,2023-09-15,34595.0,2023-09-22,5,33200.0,4.03,0.3,기한청산
KODEX 200,만기→다음주금,9,아래,무손절,2024-09-20,34515.0,2024-09-27,5,35535.0,-2.96,-4.37,기한청산
KODEX 200,만기→다음주금,9,아래,무손절,2025-09-19,47485.0,2025-09-26,5,47045.0,0.93,-2.19,기한청산
KODEX 200,만기→다음주금,12,위,-5.0,2002-12-20,9050.0,2002-12-26,3,8598.0,-5.0,-5.0,장중손절
KODEX 200,만기→다음주금,12,위,-5.0,2003-12-19,10460.0,2003-12-26,4,10230.0,-2.2,-2.49,기한청산
KODEX 200,만기→다음주금,12,위,-5.0,2004-12-17,11200.0,2004-12-24,5,11230.0,0.27,-0.62,기한청산
KODEX 200,만기→다음주금,12,위,-5.0,2005-12-16,17000.0,2005-12-23,5,17545.0,3.21,-0.06,기한청산
KODEX 200,만기→다음주금,12,위,-5.0,2006-12-15,18540.0,2006-12-22,5,18750.0,1.13,0.08,기한청산
KODEX 200,만기→다음주금,12,위,-5.0,2007-12-21,24020.0,2007-12-28,4,24480.0,1.92,0.79,기한청산
KODEX 200,만기→다음주금,12,위,-5.0,2008-12-19,15450.0,2008-12-24,3,14678.0,-5.0,-5.0,장중손절
KODEX 200,만기→다음주금,12,위,-5.0,2009-12-18,21855.0,2009-12-24,4,22375.0,2.38,-0.64,기한청산
KODEX 200,만기→다음주금,12,위,-5.0,2010-12-17,26820.0,2010-12-24,5,26980.0,0.6,-1.06,기한청산
KODEX 200,만기→다음주금,12,위,-5.0,2011-12-16,24085.0,2011-12-23,5,24575.0,2.03,-4.92,기한청산
KODEX 200,만기→다음주금,12,위,-5.0,2012-12-21,26215.0,2012-12-28,4,26610.0,1.51,0.08,기한청산
KODEX 200,만기→다음주금,12,위,-5.0,2013-12-20,26070.0,2013-12-27,4,26560.0,1.88,0.0,기한청산
KODEX 200,만기→다음주금,12,위,-5.0,2014-12-19,24730.0,2014-12-26,4,25010.0,1.13,0.0,기한청산
KODEX 200,만기→다음주금,12,위,-5.0,2015-12-18,24345.0,2015-12-24,4,24580.0,0.97,-0.53,기한청산
KODEX 200,만기→다음주금,12,위,-5.0,2016-12-16,26140.0,2016-12-23,5,26135.0,-0.02,-0.29,기한청산
KODEX 200,만기→다음주금,12,위,-5.0,2017-12-15,32650.0,2017-12-22,5,32130.0,-1.59,-2.07,기한청산
KODEX 200,만기→다음주금,12,위,-5.0,2018-12-21,26480.0,2018-12-28,4,26580.0,0.38,-1.85,기한청산
KODEX 200,만기→다음주금,12,위,-5.0,2019-12-20,29530.0,2019-12-27,4,29885.0,1.2,-1.0,기한청산
KODEX 200,만기→다음주금,12,위,-5.0,2020-12-18,37150.0,2020-12-24,4,37850.0,1.88,-1.84,기한청산
KODEX 200,만기→다음주금,12,위,-5.0,2021-12-17,39850.0,2021-12-24,5,40115.0,0.66,-2.02,기한청산
KODEX 200,만기→다음주금,12,위,-5.0,2022-12-16,30695.0,2022-12-23,5,30235.0,-1.5,-1.68,기한청산
KODEX 200,만기→다음주금,12,위,-5.0,2023-12-15,34365.0,2023-12-22,5,35050.0,1.99,-0.25,기한청산
KODEX 200,만기→다음주금,12,위,-5.0,2024-12-20,31865.0,2024-12-27,4,32145.0,0.88,0.03,기한청산
KODEX 200,만기→다음주금,12,위,-5.0,2025-12-19,57120.0,2025-12-26,4,59110.0,3.48,1.7,기한청산
KODEX 200,만기→다음주금,12,위,무손절,2002-12-20,9050.0,2002-12-27,4,8470.0,-6.41,-6.52,기한청산
KODEX 200,만기→다음주금,12,위,무손절,2003-12-19,10460.0,2003-12-26,4,10230.0,-2.2,-2.49,기한청산
KODEX 200,만기→다음주금,12,위,무손절,2004-12-17,11200.0,2004-12-24,5,11230.0,0.27,-0.62,기한청산
KODEX 200,만기→다음주금,12,위,무손절,2005-12-16,17000.0,2005-12-23,5,17545.0,3.21,-0.06,기한청산
KODEX 200,만기→다음주금,12,위,무손절,2006-12-15,18540.0,2006-12-22,5,18750.0,1.13,0.08,기한청산
KODEX 200,만기→다음주금,12,위,무손절,2007-12-21,24020.0,2007-12-28,4,24480.0,1.92,0.79,기한청산
KODEX 200,만기→다음주금,12,위,무손절,2008-12-19,15450.0,2008-12-26,4,14680.0,-4.98,-5.79,기한청산
KODEX 200,만기→다음주금,12,위,무손절,2009-12-18,21855.0,2009-12-24,4,22375.0,2.38,-0.64,기한청산
KODEX 200,만기→다음주금,12,위,무손절,2010-12-17,26820.0,2010-12-24,5,26980.0,0.6,-1.06,기한청산
KODEX 200,만기→다음주금,12,위,무손절,2011-12-16,24085.0,2011-12-23,5,24575.0,2.03,-4.92,기한청산
KODEX 200,만기→다음주금,12,위,무손절,2012-12-21,26215.0,2012-12-28,4,26610.0,1.51,0.08,기한청산
KODEX 200,만기→다음주금,12,위,무손절,2013-12-20,26070.0,2013-12-27,4,26560.0,1.88,0.0,기한청산
KODEX 200,만기→다음주금,12,위,무손절,2014-12-19,24730.0,2014-12-26,4,25010.0,1.13,0.0,기한청산
KODEX 200,만기→다음주금,12,위,무손절,2015-12-18,24345.0,2015-12-24,4,24580.0,0.97,-0.53,기한청산
KODEX 200,만기→다음주금,12,위,무손절,2016-12-16,26140.0,2016-12-23,5,26135.0,-0.02,-0.29,기한청산
KODEX 200,만기→다음주금,12,위,무손절,2017-12-15,32650.0,2017-12-22,5,32130.0,-1.59,-2.07,기한청산
KODEX 200,만기→다음주금,12,위,무손절,2018-12-21,26480.0,2018-12-28,4,26580.0,0.38,-1.85,기한청산
KODEX 200,만기→다음주금,12,위,무손절,2019-12-20,29530.0,2019-12-27,4,29885.0,1.2,-1.0,기한청산
KODEX 200,만기→다음주금,12,위,무손절,2020-12-18,37150.0,2020-12-24,4,37850.0,1.88,-1.84,기한청산
KODEX 200,만기→다음주금,12,위,무손절,2021-12-17,39850.0,2021-12-24,5,40115.0,0.66,-2.02,기한청산
KODEX 200,만기→다음주금,12,위,무손절,2022-12-16,30695.0,2022-12-23,5,30235.0,-1.5,-1.68,기한청산
KODEX 200,만기→다음주금,12,위,무손절,2023-12-15,34365.0,2023-12-22,5,35050.0,1.99,-0.25,기한청산
KODEX 200,만기→다음주금,12,위,무손절,2024-12-20,31865.0,2024-12-27,4,32145.0,0.88,0.03,기한청산
KODEX 200,만기→다음주금,12,위,무손절,2025-12-19,57120.0,2025-12-26,4,59110.0,3.48,1.7,기한청산
KODEX 200,만기→다음주금,12,아래,-5.0,2002-12-20,9050.0,2002-12-27,4,8470.0,6.41,-0.44,기한청산
KODEX 200,만기→다음주금,12,아래,-5.0,2003-12-19,10460.0,2003-12-26,4,10230.0,2.2,-0.86,기한청산
KODEX 200,만기→다음주금,12,아래,-5.0,2004-12-17,11200.0,2004-12-24,5,11230.0,-0.27,-1.52,기한청산
KODEX 200,만기→다음주금,12,아래,-5.0,2005-12-16,17000.0,2005-12-23,5,17545.0,-3.21,-3.76,기한청산
KODEX 200,만기→다음주금,12,아래,-5.0,2006-12-15,18540.0,2006-12-22,5,18750.0,-1.13,-1.75,기한청산
KODEX 200,만기→다음주금,12,아래,-5.0,2007-12-21,24020.0,2007-12-28,4,24480.0,-1.92,-3.29,기한청산
KODEX 200,만기→다음주금,12,아래,-5.0,2008-12-19,15450.0,2008-12-26,4,14680.0,4.98,-2.2,기한청산
KODEX 200,만기→다음주금,12,아래,-5.0,2009-12-18,21855.0,2009-12-24,4,22375.0,-2.38,-2.86,기한청산
KODEX 200,만기→다음주금,12,아래,-5.0,2010-12-17,26820.0,2010-12-24,5,26980.0,-0.6,-1.32,기한청산
KODEX 200,만기→다음주금,12,아래,-5.0,2011-12-16,24085.0,2011-12-23,5,24575.0,-2.03,-2.49,기한청산
KODEX 200,만기→다음주금,12,아래,-5.0,2012-12-21,26215.0,2012-12-28,4,26610.0,-1.51,-1.77,기한청산
KODEX 200,만기→다음주금,12,아래,-5.0,2013-12-20,26070.0,2013-12-27,4,26560.0,-1.88,-2.05,기한청산
KODEX 200,만기→다음주금,12,아래,-5.0,2014-12-19,24730.0,2014-12-26,4,25010.0,-1.13,-1.52,기한청산
KODEX 200,만기→다음주금,12,아래,-5.0,2015-12-18,24345.0,2015-12-24,4,24580.0,-0.97,-2.2,기한청산
KODEX 200,만기→다음주금,12,아래,-5.0,2016-12-16,26140.0,2016-12-23,5,26135.0,0.02,-0.84,기한청산
KODEX 200,만기→다음주금,12,아래,-5.0,2017-12-15,32650.0,2017-12-22,5,32130.0,1.59,-1.0,기한청산
KODEX 200,만기→다음주금,12,아래,-5.0,2018-12-21,26480.0,2018-12-28,4,26580.0,-0.38,-0.83,기한청산
KODEX 200,만기→다음주금,12,아래,-5.0,2019-12-20,29530.0,2019-12-27,4,29885.0,-1.2,-2.07,기한청산
KODEX 200,만기→다음주금,12,아래,-5.0,2020-12-18,37150.0,2020-12-24,4,37850.0,-1.88,-2.25,기한청산
KODEX 200,만기→다음주금,12,아래,-5.0,2021-12-17,39850.0,2021-12-24,5,40115.0,-0.66,-1.08,기한청산
KODEX 200,만기→다음주금,12,아래,-5.0,2022-12-16,30695.0,2022-12-23,5,30235.0,1.5,-0.46,기한청산
KODEX 200,만기→다음주금,12,아래,-5.0,2023-12-15,34365.0,2023-12-22,5,35050.0,-1.99,-2.82,기한청산
KODEX 200,만기→다음주금,12,아래,-5.0,2024-12-20,31865.0,2024-12-27,4,32145.0,-0.88,-2.24,기한청산
KODEX 200,만기→다음주금,12,아래,-5.0,2025-12-19,57120.0,2025-12-26,4,59110.0,-3.48,-4.02,기한청산
KODEX 200,만기→다음주금,12,아래,무손절,2002-12-20,9050.0,2002-12-27,4,8470.0,6.41,-0.44,기한청산
KODEX 200,만기→다음주금,12,아래,무손절,2003-12-19,10460.0,2003-12-26,4,10230.0,2.2,-0.86,기한청산
KODEX 200,만기→다음주금,12,아래,무손절,2004-12-17,11200.0,2004-12-24,5,11230.0,-0.27,-1.52,기한청산
KODEX 200,만기→다음주금,12,아래,무손절,2005-12-16,17000.0,2005-12-23,5,17545.0,-3.21,-3.76,기한청산
KODEX 200,만기→다음주금,12,아래,무손절,2006-12-15,18540.0,2006-12-22,5,18750.0,-1.13,-1.75,기한청산
KODEX 200,만기→다음주금,12,아래,무손절,2007-12-21,24020.0,2007-12-28,4,24480.0,-1.92,-3.29,기한청산
KODEX 200,만기→다음주금,12,아래,무손절,2008-12-19,15450.0,2008-12-26,4,14680.0,4.98,-2.2,기한청산
KODEX 200,만기→다음주금,12,아래,무손절,2009-12-18,21855.0,2009-12-24,4,22375.0,-2.38,-2.86,기한청산
KODEX 200,만기→다음주금,12,아래,무손절,2010-12-17,26820.0,2010-12-24,5,26980.0,-0.6,-1.32,기한청산
KODEX 200,만기→다음주금,12,아래,무손절,2011-12-16,24085.0,2011-12-23,5,24575.0,-2.03,-2.49,기한청산
KODEX 200,만기→다음주금,12,아래,무손절,2012-12-21,26215.0,2012-12-28,4,26610.0,-1.51,-1.77,기한청산
KODEX 200,만기→다음주금,12,아래,무손절,2013-12-20,26070.0,2013-12-27,4,26560.0,-1.88,-2.05,기한청산
KODEX 200,만기→다음주금,12,아래,무손절,2014-12-19,24730.0,2014-12-26,4,25010.0,-1.13,-1.52,기한청산
KODEX 200,만기→다음주금,12,아래,무손절,2015-12-18,24345.0,2015-12-24,4,24580.0,-0.97,-2.2,기한청산
KODEX 200,만기→다음주금,12,아래,무손절,2016-12-16,26140.0,2016-12-23,5,26135.0,0.02,-0.84,기한청산
KODEX 200,만기→다음주금,12,아래,무손절,2017-12-15,32650.0,2017-12-22,5,32130.0,1.59,-1.0,기한청산
KODEX 200,만기→다음주금,12,아래,무손절,2018-12-21,26480.0,2018-12-28,4,26580.0,-0.38,-0.83,기한청산
KODEX 200,만기→다음주금,12,아래,무손절,2019-12-20,29530.0,2019-12-27,4,29885.0,-1.2,-2.07,기한청산
KODEX 200,만기→다음주금,12,아래,무손절,2020-12-18,37150.0,2020-12-24,4,37850.0,-1.88,-2.25,기한청산
KODEX 200,만기→다음주금,12,아래,무손절,2021-12-17,39850.0,2021-12-24,5,40115.0,-0.66,-1.08,기한청산
KODEX 200,만기→다음주금,12,아래,무손절,2022-12-16,30695.0,2022-12-23,5,30235.0,1.5,-0.46,기한청산
KODEX 200,만기→다음주금,12,아래,무손절,2023-12-15,34365.0,2023-12-22,5,35050.0,-1.99,-2.82,기한청산
KODEX 200,만기→다음주금,12,아래,무손절,2024-12-20,31865.0,2024-12-27,4,32145.0,-0.88,-2.24,기한청산
KODEX 200,만기→다음주금,12,아래,무손절,2025-12-19,57120.0,2025-12-26,4,59110.0,-3.48,-4.02,기한청산
KODEX 200,만기→말일,9,위,-5.0,2003-09-19,9540.0,2003-09-23,2,9063.0,-5.0,-5.0,장중손절
KODEX 200,만기→말일,9,위,-5.0,2004-09-17,10900.0,2004-09-30,6,10960.0,0.55,-3.21,기한청산
KODEX 200,만기→말일,9,위,-5.0,2005-09-16,15180.0,2005-09-30,9,15685.0,3.33,-0.3,기한청산
KODEX 200,만기→말일,9,위,-5.0,2006-09-15,17800.0,2006-09-29,10,17970.0,0.96,-1.38,기한청산
KODEX 200,만기→말일,9,위,-5.0,2007-09-21,24370.0,2007-09-28,2,24735.0,1.5,0.92,기한청산
KODEX 200,만기→말일,9,위,-5.0,2008-09-19,19080.0,2008-09-30,7,17835.0,-6.53,-6.53,갭손절
KODEX 200,만기→말일,9,위,-5.0,2009-09-18,22380.0,2009-09-30,8,22160.0,-0.98,-1.9,기한청산
KODEX 200,만기→말일,9,위,-5.0,2010-09-17,23830.0,2010-09-30,6,24360.0,2.22,-0.55,기한청산
KODEX 200,만기→말일,9,위,-5.0,2011-09-16,23885.0,2011-09-23,5,22480.0,-5.88,-5.88,갭손절
KODEX 200,만기→말일,9,위,-5.0,2012-09-21,26390.0,2012-09-28,5,26310.0,-0.3,-1.72,기한청산
KODEX 200,만기→말일,9,위,-5.0,2013-09-17,26140.0,2013-09-30,6,26075.0,-0.25,-0.78,기한청산
KODEX 200,만기→말일,9,위,-5.0,2014-09-19,26265.0,2014-09-30,7,25615.0,-2.47,-2.89,기한청산
KODEX 200,만기→말일,9,위,-5.0,2015-09-18,24115.0,2015-09-30,6,23640.0,-1.97,-4.19,기한청산
KODEX 200,만기→말일,9,위,-5.0,2016-09-13,25075.0,2016-09-30,10,25665.0,2.35,-0.06,기한청산
KODEX 200,만기→말일,9,위,-5.0,2017-09-15,31385.0,2017-09-29,10,31700.0,1.0,-0.08,기한청산
KODEX 200,만기→말일,9,위,-5.0,2018-09-21,30085.0,2018-09-28,2,30125.0,0.13,-0.23,기한청산
KODEX 200,만기→말일,9,위,-5.0,2019-09-20,27640.0,2019-09-30,6,27430.0,-0.76,-2.01,기한청산
KODEX 200,만기→말일,9,위,-5.0,2020-09-18,31820.0,2020-09-24,4,30229.0,-5.0,-5.0,장중손절
KODEX 200,만기→말일,9,위,-5.0,2021-09-17,41070.0,2021-09-30,6,40195.0,-2.13,-3.42,기한청산
KODEX 200,만기→말일,9,위,-5.0,2022-09-16,30880.0,2022-09-26,6,29336.0,-5.0,-5.0,장중손절
KODEX 200,만기→말일,9,위,-5.0,2023-09-15,34595.0,2023-09-26,7,32865.0,-5.0,-5.0,장중손절
KODEX 200,만기→말일,9,위,-5.0,2024-09-20,34515.0,2024-09-30,6,34720.0,0.59,-0.1,기한청산
KODEX 200,만기→말일,9,위,-5.0,2025-09-19,47485.0,2025-09-30,7,47635.0,0.32,-1.7,기한청산
KODEX 200,만기→말일,9,위,무손절,2003-09-19,9540.0,2003-09-30,7,8900.0,-6.71,-7.65,기한청산
KODEX 200,만기→말일,9,위,무손절,2004-09-17,10900.0,2004-09-30,6,10960.0,0.55,-3.21,기한청산
KODEX 200,만기→말일,9,위,무손절,2005-09-16,15180.0,2005-09-30,9,15685.0,3.33,-0.3,기한청산
KODEX 200,만기→말일,9,위,무손절,2006-09-15,17800.0,2006-09-29,10,17970.0,0.96,-1.38,기한청산
KODEX 200,만기→말일,9,위,무손절,2007-09-21,24370.0,2007-09-28,2,24735.0,1.5,0.92,기한청산
KODEX 200,만기→말일,9,위,무손절,2008-09-19,19080.0,2008-09-30,7,18670.0,-2.15,-6.53,기한청산
KODEX 200,만기→말일,9,위,무손절,2009-09-18,22380.0,2009-09-30,8,22160.0,-0.98,-1.9,기한청산
KODEX 200,만기→말일,9,위,무손절,2010-09-17,23830.0,2010-09-30,6,24360.0,2.22,-0.55,기한청산
KODEX 200,만기→말일,9,위,무손절,2011-09-16,23885.0,2011-09-30,10,23120.0,-3.2,-9.99,기한청산
KODEX 200,만기→말일,9,위,무손절,2012-09-21,26390.0,2012-09-28,5,26310.0,-0.3,-1.72,기한청산
KODEX 200,만기→말일,9,위,무손절,2013-09-17,26140.0,2013-09-30,6,26075.0,-0.25,-0.78,기한청산
KODEX 200,만기→말일,9,위,무손절,2014-09-19,26265.0,2014-09-30,7,25615.0,-2.47,-2.89,기한청산
KODEX 200,만기→말일,9,위,무손절,2015-09-18,24115.0,2015-09-30,6,23640.0,-1.97,-4.19,기한청산
KODEX 200,만기→말일,9,위,무손절,2016-09-13,25075.0,2016-09-30,10,25665.0,2.35,-0.06,기한청산
KODEX 200,만기→말일,9,위,무손절,2017-09-15,31385.0,2017-09-29,10,31700.0,1.0,-0.08,기한청산
KODEX 200,만기→말일,9,위,무손절,2018-09-21,30085.0,2018-09-28,2,30125.0,0.13,-0.23,기한청산
KODEX 200,만기→말일,9,위,무손절,2019-09-20,27640.0,2019-09-30,6,27430.0,-0.76,-2.01,기한청산
KODEX 200,만기→말일,9,위,무손절,2020-09-18,31820.0,2020-09-29,7,31085.0,-2.31,-5.09,기한청산
KODEX 200,만기→말일,9,위,무손절,2021-09-17,41070.0,2021-09-30,6,40195.0,-2.13,-3.42,기한청산
KODEX 200,만기→말일,9,위,무손절,2022-09-16,30880.0,2022-09-30,10,28275.0,-8.44,-9.26,기한청산
KODEX 200,만기→말일,9,위,무손절,2023-09-15,34595.0,2023-09-27,8,32875.0,-4.97,-5.78,기한청산
KODEX 200,만기→말일,9,위,무손절,2024-09-20,34515.0,2024-09-30,6,34720.0,0.59,-0.1,기한청산
KODEX 200,만기→말일,9,위,무손절,2025-09-19,47485.0,2025-09-30,7,47635.0,0.32,-1.7,기한청산
KODEX 200,만기→말일,9,아래,-5.0,2003-09-19,9540.0,2003-09-30,7,8900.0,6.71,0.42,기한청산
KODEX 200,만기→말일,9,아래,-5.0,2004-09-17,10900.0,2004-09-30,6,10960.0,-0.55,-1.93,기한청산
KODEX 200,만기→말일,9,아래,-5.0,2005-09-16,15180.0,2005-09-30,9,15685.0,-3.33,-4.68,기한청산
KODEX 200,만기→말일,9,아래,-5.0,2006-09-15,17800.0,2006-09-29,10,17970.0,-0.96,-1.57,기한청산
KODEX 200,만기→말일,9,아래,-5.0,2007-09-21,24370.0,2007-09-28,2,24735.0,-1.5,-1.85,기한청산
KODEX 200,만기→말일,9,아래,-5.0,2008-09-19,19080.0,2008-09-30,7,18670.0,2.15,-2.36,기한청산
KODEX 200,만기→말일,9,아래,-5.0,2009-09-18,22380.0,2009-09-30,8,22160.0,0.98,-1.32,기한청산
KODEX 200,만기→말일,9,아래,-5.0,2010-09-17,23830.0,2010-09-30,6,24360.0,-2.22,-2.64,기한청산
KODEX 200,만기→말일,9,아래,-5.0,2011-09-16,23885.0,2011-09-30,10,23120.0,3.2,-2.09,기한청산
KODEX 200,만기→말일,9,아래,-5.0,2012-09-21,26390.0,2012-09-28,5,26310.0,0.3,-0.13,기한청산
KODEX 200,만기→말일,9,아래,-5.0,2013-09-17,26140.0,2013-09-30,6,26075.0,0.25,-0.92,기한청산
KODEX 200,만기→말일,9,아래,-5.0,2014-09-19,26265.0,2014-09-30,7,25615.0,2.47,0.38,기한청산
KODEX 200,만기→말일,9,아래,-5.0,2015-09-18,24115.0,2015-09-30,6,23640.0,1.97,0.89,기한청산
KODEX 200,만기→말일,9,아래,-5.0,2016-09-13,25075.0,2016-09-30,10,25665.0,-2.35,-3.77,기한청산
KODEX 200,만기→말일,9,아래,-5.0,2017-09-15,31385.0,2017-09-29,10,31700.0,-1.0,-2.26,기한청산
KODEX 200,만기→말일,9,아래,-5.0,2018-09-21,30085.0,2018-09-28,2,30125.0,-0.13,-0.95,기한청산
KODEX 200,만기→말일,9,아래,-5.0,2019-09-20,27640.0,2019-09-30,6,27430.0,0.76,-0.72,기한청산
KODEX 200,만기→말일,9,아래,-5.0,2020-09-18,31820.0,2020-09-29,7,31085.0,2.31,-0.75,기한청산
KODEX 200,만기→말일,9,아래,-5.0,2021-09-17,41070.0,2021-09-30,6,40195.0,2.13,-0.55,기한청산
KODEX 200,만기→말일,9,아래,-5.0,2022-09-16,30880.0,2022-09-30,10,28275.0,8.44,-0.47,기한청산
KODEX 200,만기→말일,9,아래,-5.0,2023-09-15,34595.0,2023-09-27,8,32875.0,4.97,0.3,기한청산
KODEX 200,만기→말일,9,아래,-5.0,2024-09-20,34515.0,2024-09-30,6,34720.0,-0.59,-4.37,기한청산
KODEX 200,만기→말일,9,아래,-5.0,2025-09-19,47485.0,2025-09-30,7,47635.0,-0.32,-2.19,기한청산
KODEX 200,만기→말일,9,아래,무손절,2003-09-19,9540.0,2003-09-30,7,8900.0,6.71,0.42,기한청산
KODEX 200,만기→말일,9,아래,무손절,2004-09-17,10900.0,2004-09-30,6,10960.0,-0.55,-1.93,기한청산
KODEX 200,만기→말일,9,아래,무손절,2005-09-16,15180.0,2005-09-30,9,15685.0,-3.33,-4.68,기한청산
KODEX 200,만기→말일,9,아래,무손절,2006-09-15,17800.0,2006-09-29,10,17970.0,-0.96,-1.57,기한청산
KODEX 200,만기→말일,9,아래,무손절,2007-09-21,24370.0,2007-09-28,2,24735.0,-1.5,-1.85,기한청산
KODEX 200,만기→말일,9,아래,무손절,2008-09-19,19080.0,2008-09-30,7,18670.0,2.15,-2.36,기한청산
KODEX 200,만기→말일,9,아래,무손절,2009-09-18,22380.0,2009-09-30,8,22160.0,0.98,-1.32,기한청산
KODEX 200,만기→말일,9,아래,무손절,2010-09-17,23830.0,2010-09-30,6,24360.0,-2.22,-2.64,기한청산
KODEX 200,만기→말일,9,아래,무손절,2011-09-16,23885.0,2011-09-30,10,23120.0,3.2,-2.09,기한청산
KODEX 200,만기→말일,9,아래,무손절,2012-09-21,26390.0,2012-09-28,5,26310.0,0.3,-0.13,기한청산
KODEX 200,만기→말일,9,아래,무손절,2013-09-17,26140.0,2013-09-30,6,26075.0,0.25,-0.92,기한청산
KODEX 200,만기→말일,9,아래,무손절,2014-09-19,26265.0,2014-09-30,7,25615.0,2.47,0.38,기한청산
KODEX 200,만기→말일,9,아래,무손절,2015-09-18,24115.0,2015-09-30,6,23640.0,1.97,0.89,기한청산
KODEX 200,만기→말일,9,아래,무손절,2016-09-13,25075.0,2016-09-30,10,25665.0,-2.35,-3.77,기한청산
KODEX 200,만기→말일,9,아래,무손절,2017-09-15,31385.0,2017-09-29,10,31700.0,-1.0,-2.26,기한청산
KODEX 200,만기→말일,9,아래,무손절,2018-09-21,30085.0,2018-09-28,2,30125.0,-0.13,-0.95,기한청산
KODEX 200,만기→말일,9,아래,무손절,2019-09-20,27640.0,2019-09-30,6,27430.0,0.76,-0.72,기한청산
KODEX 200,만기→말일,9,아래,무손절,2020-09-18,31820.0,2020-09-29,7,31085.0,2.31,-0.75,기한청산
KODEX 200,만기→말일,9,아래,무손절,2021-09-17,41070.0,2021-09-30,6,40195.0,2.13,-0.55,기한청산
KODEX 200,만기→말일,9,아래,무손절,2022-09-16,30880.0,2022-09-30,10,28275.0,8.44,-0.47,기한청산
KODEX 200,만기→말일,9,아래,무손절,2023-09-15,34595.0,2023-09-27,8,32875.0,4.97,0.3,기한청산
KODEX 200,만기→말일,9,아래,무손절,2024-09-20,34515.0,2024-09-30,6,34720.0,-0.59,-4.37,기한청산
KODEX 200,만기→말일,9,아래,무손절,2025-09-19,47485.0,2025-09-30,7,47635.0,-0.32,-2.19,기한청산
KODEX 200,만기→말일,12,위,-5.0,2002-12-20,9050.0,2002-12-26,3,8598.0,-5.0,-5.0,장중손절
KODEX 200,만기→말일,12,위,-5.0,2003-12-19,10460.0,2003-12-30,6,10690.0,2.2,-2.49,기한청산
KODEX 200,만기→말일,12,위,-5.0,2004-12-17,11200.0,2004-12-30,9,11750.0,4.91,-0.89,기한청산
KODEX 200,만기→말일,12,위,-5.0,2005-12-16,17000.0,2005-12-29,9,18100.0,6.47,-0.06,기한청산
KODEX 200,만기→말일,12,위,-5.0,2006-12-15,18540.0,2006-12-28,8,18905.0,1.97,0.05,기한청산
KODEX 200,만기→말일,12,위,-5.0,2007-12-21,24020.0,2007-12-28,4,24480.0,1.92,0.79,기한청산
KODEX 200,만기→말일,12,위,-5.0,2008-12-19,15450.0,2008-12-24,3,14678.0,-5.0,-5.0,장중손절
KODEX 200,만기→말일,12,위,-5.0,2009-12-18,21855.0,2009-12-30,7,22575.0,3.29,-0.64,기한청산
KODEX 200,만기→말일,12,위,-5.0,2010-12-17,26820.0,2010-12-30,9,27550.0,2.72,-1.06,기한청산
KODEX 200,만기→말일,12,위,-5.0,2011-12-16,24085.0,2011-12-29,9,24220.0,0.56,-4.92,기한청산
KODEX 200,만기→말일,12,위,-5.0,2012-12-21,26215.0,2012-12-28,4,26610.0,1.51,0.08,기한청산
KODEX 200,만기→말일,12,위,-5.0,2013-12-20,26070.0,2013-12-30,5,26660.0,2.26,0.0,기한청산
KODEX 200,만기→말일,12,위,-5.0,2014-12-19,24730.0,2014-12-30,6,24670.0,-0.24,-0.55,기한청산
KODEX 200,만기→말일,12,위,-5.0,2015-12-18,24345.0,2015-12-30,7,24345.0,0.0,-0.53,기한청산
KODEX 200,만기→말일,12,위,-5.0,2016-12-16,26140.0,2016-12-29,9,26325.0,0.71,-0.29,기한청산
KODEX 200,만기→말일,12,위,-5.0,2017-12-15,32650.0,2017-12-28,8,32780.0,0.4,-2.07,기한청산
KODEX 200,만기→말일,12,위,-5.0,2018-12-21,26480.0,2018-12-28,4,26580.0,0.38,-1.85,기한청산
KODEX 200,만기→말일,12,위,-5.0,2019-12-20,29530.0,2019-12-30,5,29780.0,0.85,-1.0,기한청산
KODEX 200,만기→말일,12,위,-5.0,2020-12-18,37150.0,2020-12-30,7,39500.0,6.33,-1.84,기한청산
KODEX 200,만기→말일,12,위,-5.0,2021-12-17,39850.0,2021-12-30,9,39870.0,0.05,-2.02,기한청산
KODEX 200,만기→말일,12,위,-5.0,2022-12-16,30695.0,2022-12-29,9,29595.0,-3.58,-3.58,기한청산
KODEX 200,만기→말일,12,위,-5.0,2023-12-15,34365.0,2023-12-28,8,36170.0,5.25,-0.25,기한청산
KODEX 200,만기→말일,12,위,-5.0,2024-12-20,31865.0,2024-12-30,5,32060.0,0.61,0.03,기한청산
KODEX 200,만기→말일,12,위,-5.0,2025-12-19,57120.0,2025-12-30,6,60895.0,6.61,1.7,기한청산
KODEX 200,만기→말일,12,위,무손절,2002-12-20,9050.0,2002-12-30,5,8140.0,-10.06,-12.04,기한청산
KODEX 200,만기→말일,12,위,무손절,2003-12-19,10460.0,2003-12-30,6,10690.0,2.2,-2.49,기한청산
KODEX 200,만기→말일,12,위,무손절,2004-12-17,11200.0,2004-12-30,9,11750.0,4.91,-0.89,기한청산
KODEX 200,만기→말일,12,위,무손절,2005-12-16,17000.0,2005-12-29,9,18100.0,6.47,-0.06,기한청산
KODEX 200,만기→말일,12,위,무손절,2006-12-15,18540.0,2006-12-28,8,18905.0,1.97,0.05,기한청산
KODEX 200,만기→말일,12,위,무손절,2007-12-21,24020.0,2007-12-28,4,24480.0,1.92,0.79,기한청산
KODEX 200,만기→말일,12,위,무손절,2008-12-19,15450.0,2008-12-30,6,14850.0,-3.88,-6.54,기한청산
KODEX 200,만기→말일,12,위,무손절,2009-12-18,21855.0,2009-12-30,7,22575.0,3.29,-0.64,기한청산
KODEX 200,만기→말일,12,위,무손절,2010-12-17,26820.0,2010-12-30,9,27550.0,2.72,-1.06,기한청산
KODEX 200,만기→말일,12,위,무손절,2011-12-16,24085.0,2011-12-29,9,24220.0,0.56,-4.92,기한청산
KODEX 200,만기→말일,12,위,무손절,2012-12-21,26215.0,2012-12-28,4,26610.0,1.51,0.08,기한청산
KODEX 200,만기→말일,12,위,무손절,2013-12-20,26070.0,2013-12-30,5,26660.0,2.26,0.0,기한청산
KODEX 200,만기→말일,12,위,무손절,2014-12-19,24730.0,2014-12-30,6,24670.0,-0.24,-0.55,기한청산
KODEX 200,만기→말일,12,위,무손절,2015-12-18,24345.0,2015-12-30,7,24345.0,0.0,-0.53,기한청산
KODEX 200,만기→말일,12,위,무손절,2016-12-16,26140.0,2016-12-29,9,26325.0,0.71,-0.29,기한청산
KODEX 200,만기→말일,12,위,무손절,2017-12-15,32650.0,2017-12-28,8,32780.0,0.4,-2.07,기한청산
KODEX 200,만기→말일,12,위,무손절,2018-12-21,26480.0,2018-12-28,4,26580.0,0.38,-1.85,기한청산
KODEX 200,만기→말일,12,위,무손절,2019-12-20,29530.0,2019-12-30,5,29780.0,0.85,-1.0,기한청산
KODEX 200,만기→말일,12,위,무손절,2020-12-18,37150.0,2020-12-30,7,39500.0,6.33,-1.84,기한청산
KODEX 200,만기→말일,12,위,무손절,2021-12-17,39850.0,2021-12-30,9,39870.0,0.05,-2.02,기한청산
KODEX 200,만기→말일,12,위,무손절,2022-12-16,30695.0,2022-12-29,9,29595.0,-3.58,-3.58,기한청산
KODEX 200,만기→말일,12,위,무손절,2023-12-15,34365.0,2023-12-28,8,36170.0,5.25,-0.25,기한청산
KODEX 200,만기→말일,12,위,무손절,2024-12-20,31865.0,2024-12-30,5,32060.0,0.61,0.03,기한청산
KODEX 200,만기→말일,12,위,무손절,2025-12-19,57120.0,2025-12-30,6,60895.0,6.61,1.7,기한청산
KODEX 200,만기→말일,12,아래,-5.0,2002-12-20,9050.0,2002-12-30,5,8140.0,10.06,-0.44,기한청산
KODEX 200,만기→말일,12,아래,-5.0,2003-12-19,10460.0,2003-12-30,6,10690.0,-2.2,-2.77,기한청산
KODEX 200,만기→말일,12,아래,-5.0,2004-12-17,11200.0,2004-12-30,9,11750.0,-4.91,-4.91,기한청산
KODEX 200,만기→말일,12,아래,-5.0,2005-12-16,17000.0,2005-12-27,7,17850.0,-5.0,-5.0,장중손절
KODEX 200,만기→말일,12,아래,-5.0,2006-12-15,18540.0,2006-12-28,8,18905.0,-1.97,-2.48,기한청산
KODEX 200,만기→말일,12,아래,-5.0,2007-12-21,24020.0,2007-12-28,4,24480.0,-1.92,-3.29,기한청산
KODEX 200,만기→말일,12,아래,-5.0,2008-12-19,15450.0,2008-12-30,6,14850.0,3.88,-2.2,기한청산
KODEX 200,만기→말일,12,아래,-5.0,2009-12-18,21855.0,2009-12-30,7,22575.0,-3.29,-3.43,기한청산
KODEX 200,만기→말일,12,아래,-5.0,2010-12-17,26820.0,2010-12-30,9,27550.0,-2.72,-2.72,기한청산
KODEX 200,만기→말일,12,아래,-5.0,2011-12-16,24085.0,2011-12-29,9,24220.0,-0.56,-2.49,기한청산
KODEX 200,만기→말일,12,아래,-5.0,2012-12-21,26215.0,2012-12-28,4,26610.0,-1.51,-1.77,기한청산
KODEX 200,만기→말일,12,아래,-5.0,2013-12-20,26070.0,2013-12-30,5,26660.0,-2.26,-2.26,기한청산
KODEX 200,만기→말일,12,아래,-5.0,2014-12-19,24730.0,2014-12-30,6,24670.0,0.24,-1.54,기한청산
KODEX 200,만기→말일,12,아래,-5.0,2015-12-18,24345.0,2015-12-30,7,24345.0,-0.0,-2.2,기한청산
KODEX 200,만기→말일,12,아래,-5.0,2016-12-16,26140.0,2016-12-29,9,26325.0,-0.71,-0.92,기한청산
KODEX 200,만기→말일,12,아래,-5.0,2017-12-15,32650.0,2017-12-28,8,32780.0,-0.4,-1.0,기한청산
KODEX 200,만기→말일,12,아래,-5.0,2018-12-21,26480.0,2018-12-28,4,26580.0,-0.38,-0.83,기한청산
KODEX 200,만기→말일,12,아래,-5.0,2019-12-20,29530.0,2019-12-30,5,29780.0,-0.85,-2.07,기한청산
KODEX 200,만기→말일,12,아래,-5.0,2020-12-18,37150.0,2020-12-30,7,39008.0,-5.0,-5.0,장중손절
KODEX 200,만기→말일,12,아래,-5.0,2021-12-17,39850.0,2021-12-30,9,39870.0,-0.05,-1.32,기한청산
KODEX 200,만기→말일,12,아래,-5.0,2022-12-16,30695.0,2022-12-29,9,29595.0,3.58,-0.46,기한청산
KODEX 200,만기→말일,12,아래,-5.0,2023-12-15,34365.0,2023-12-28,8,36083.0,-5.0,-5.0,장중손절
KODEX 200,만기→말일,12,아래,-5.0,2024-12-20,31865.0,2024-12-30,5,32060.0,-0.61,-2.24,기한청산
KODEX 200,만기→말일,12,아래,-5.0,2025-12-19,57120.0,2025-12-29,5,59976.0,-5.0,-5.0,장중손절
KODEX 200,만기→말일,12,아래,무손절,2002-12-20,9050.0,2002-12-30,5,8140.0,10.06,-0.44,기한청산
KODEX 200,만기→말일,12,아래,무손절,2003-12-19,10460.0,2003-12-30,6,10690.0,-2.2,-2.77,기한청산
KODEX 200,만기→말일,12,아래,무손절,2004-12-17,11200.0,2004-12-30,9,11750.0,-4.91,-4.91,기한청산
KODEX 200,만기→말일,12,아래,무손절,2005-12-16,17000.0,2005-12-29,9,18100.0,-6.47,-6.88,기한청산
KODEX 200,만기→말일,12,아래,무손절,2006-12-15,18540.0,2006-12-28,8,18905.0,-1.97,-2.48,기한청산
KODEX 200,만기→말일,12,아래,무손절,2007-12-21,24020.0,2007-12-28,4,24480.0,-1.92,-3.29,기한청산
KODEX 200,만기→말일,12,아래,무손절,2008-12-19,15450.0,2008-12-30,6,14850.0,3.88,-2.2,기한청산
KODEX 200,만기→말일,12,아래,무손절,2009-12-18,21855.0,2009-12-30,7,22575.0,-3.29,-3.43,기한청산
KODEX 200,만기→말일,12,아래,무손절,2010-12-17,26820.0,2010-12-30,9,27550.0,-2.72,-2.72,기한청산
KODEX 200,만기→말일,12,아래,무손절,2011-12-16,24085.0,2011-12-29,9,24220.0,-0.56,-2.49,기한청산
KODEX 200,만기→말일,12,아래,무손절,2012-12-21,26215.0,2012-12-28,4,26610.0,-1.51,-1.77,기한청산
KODEX 200,만기→말일,12,아래,무손절,2013-12-20,26070.0,2013-12-30,5,26660.0,-2.26,-2.26,기한청산
KODEX 200,만기→말일,12,아래,무손절,2014-12-19,24730.0,2014-12-30,6,24670.0,0.24,-1.54,기한청산
KODEX 200,만기→말일,12,아래,무손절,2015-12-18,24345.0,2015-12-30,7,24345.0,-0.0,-2.2,기한청산
KODEX 200,만기→말일,12,아래,무손절,2016-12-16,26140.0,2016-12-29,9,26325.0,-0.71,-0.92,기한청산
KODEX 200,만기→말일,12,아래,무손절,2017-12-15,32650.0,2017-12-28,8,32780.0,-0.4,-1.0,기한청산
KODEX 200,만기→말일,12,아래,무손절,2018-12-21,26480.0,2018-12-28,4,26580.0,-0.38,-0.83,기한청산
KODEX 200,만기→말일,12,아래,무손절,2019-12-20,29530.0,2019-12-30,5,29780.0,-0.85,-2.07,기한청산
KODEX 200,만기→말일,12,아래,무손절,2020-12-18,37150.0,2020-12-30,7,39500.0,-6.33,-6.57,기한청산
KODEX 200,만기→말일,12,아래,무손절,2021-12-17,39850.0,2021-12-30,9,39870.0,-0.05,-1.32,기한청산
KODEX 200,만기→말일,12,아래,무손절,2022-12-16,30695.0,2022-12-29,9,29595.0,3.58,-0.46,기한청산
KODEX 200,만기→말일,12,아래,무손절,2023-12-15,34365.0,2023-12-28,8,36170.0,-5.25,-5.25,기한청산
KODEX 200,만기→말일,12,아래,무손절,2024-12-20,31865.0,2024-12-30,5,32060.0,-0.61,-2.24,기한청산
KODEX 200,만기→말일,12,아래,무손절,2025-12-19,57120.0,2025-12-30,6,60895.0,-6.61,-7.03,기한청산
KODEX 200,20일→다음주금,9,위,-5.0,2003-09-19,9540.0,2003-09-23,2,9063.0,-5.0,-5.0,장중손절
KODEX 200,20일→다음주금,9,위,-5.0,2004-09-20,10990.0,2004-10-01,6,10890.0,-0.91,-4.0,기한청산
KODEX 200,20일→다음주금,9,위,-5.0,2005-09-20,15420.0,2005-09-30,8,15685.0,1.72,-1.85,기한청산
KODEX 200,20일→다음주금,9,위,-5.0,2006-09-20,17885.0,2006-09-29,7,17970.0,0.48,-1.85,기한청산
KODEX 200,20일→다음주금,9,위,-5.0,2007-09-20,24190.0,2007-09-28,3,24735.0,2.25,-0.79,기한청산
KODEX 200,20일→다음주금,9,위,-5.0,2008-09-19,19080.0,2008-09-26,5,19210.0,0.68,-1.68,기한청산
KODEX 200,20일→다음주금,9,위,-5.0,2009-09-18,22380.0,2009-09-25,5,22300.0,-0.36,-1.9,기한청산
KODEX 200,20일→다음주금,9,위,-5.0,2010-09-20,23870.0,2010-10-01,6,24445.0,2.41,-0.25,기한청산
KODEX 200,20일→다음주금,9,위,-5.0,2011-09-20,23930.0,2011-09-23,3,22480.0,-6.06,-6.06,갭손절
KODEX 200,20일→다음주금,9,위,-5.0,2012-09-20,26305.0,2012-09-28,6,26310.0,0.02,-1.41,기한청산
KODEX 200,20일→다음주금,9,위,-5.0,2013-09-17,26140.0,2013-09-27,5,26295.0,0.59,-0.78,기한청산
KODEX 200,20일→다음주금,9,위,-5.0,2014-09-19,26265.0,2014-09-26,5,25765.0,-1.9,-2.38,기한청산
KODEX 200,20일→다음주금,9,위,-5.0,2015-09-18,24115.0,2015-09-25,5,23475.0,-2.65,-3.32,기한청산
KODEX 200,20일→다음주금,9,위,-5.0,2016-09-20,25375.0,2016-09-30,8,25665.0,1.14,-0.14,기한청산
KODEX 200,20일→다음주금,9,위,-5.0,2017-09-20,31855.0,2017-09-29,7,31700.0,-0.49,-1.55,기한청산
KODEX 200,20일→다음주금,9,위,-5.0,2018-09-20,29965.0,2018-09-28,3,30125.0,0.53,-0.1,기한청산
KODEX 200,20일→다음주금,9,위,-5.0,2019-09-20,27640.0,2019-09-27,5,27200.0,-1.59,-1.88,기한청산
KODEX 200,20일→다음주금,9,위,-5.0,2020-09-18,31820.0,2020-09-24,4,30229.0,-5.0,-5.0,장중손절
KODEX 200,20일→다음주금,9,위,-5.0,2021-09-17,41070.0,2021-10-01,7,39445.0,-3.96,-4.03,기한청산
KODEX 200,20일→다음주금,9,위,-5.0,2022-09-20,30765.0,2022-09-26,4,29227.0,-5.0,-5.0,장중손절
KODEX 200,20일→다음주금,9,위,-5.0,2023-09-20,33915.0,2023-09-27,5,32875.0,-3.07,-3.89,기한청산
KODEX 200,20일→다음주금,9,위,-5.0,2024-09-20,34515.0,2024-09-27,5,35535.0,2.96,-0.1,기한청산
KODEX 200,20일→다음주금,9,위,-5.0,2025-09-19,47485.0,2025-09-26,5,47045.0,-0.93,-1.7,기한청산
KODEX 200,20일→다음주금,9,위,무손절,2003-09-19,9540.0,2003-09-26,5,8940.0,-6.29,-6.29,기한청산
KODEX 200,20일→다음주금,9,위,무손절,2004-09-20,10990.0,2004-10-01,6,10890.0,-0.91,-4.0,기한청산
KODEX 200,20일→다음주금,9,위,무손절,2005-09-20,15420.0,2005-09-30,8,15685.0,1.72,-1.85,기한청산
KODEX 200,20일→다음주금,9,위,무손절,2006-09-20,17885.0,2006-09-29,7,17970.0,0.48,-1.85,기한청산
KODEX 200,20일→다음주금,9,위,무손절,2007-09-20,24190.0,2007-09-28,3,24735.0,2.25,-0.79,기한청산
KODEX 200,20일→다음주금,9,위,무손절,2008-09-19,19080.0,2008-09-26,5,19210.0,0.68,-1.68,기한청산
KODEX 200,20일→다음주금,9,위,무손절,2009-09-18,22380.0,2009-09-25,5,22300.0,-0.36,-1.9,기한청산
KODEX 200,20일→다음주금,9,위,무손절,2010-09-20,23870.0,2010-10-01,6,24445.0,2.41,-0.25,기한청산
KODEX 200,20일→다음주금,9,위,무손절,2011-09-20,23930.0,2011-09-30,8,23120.0,-3.38,-10.15,기한청산
KODEX 200,20일→다음주금,9,위,무손절,2012-09-20,26305.0,2012-09-28,6,26310.0,0.02,-1.41,기한청산
KODEX 200,20일→다음주금,9,위,무손절,2013-09-17,26140.0,2013-09-27,5,26295.0,0.59,-0.78,기한청산
KODEX 200,20일→다음주금,9,위,무손절,2014-09-19,26265.0,2014-09-26,5,25765.0,-1.9,-2.38,기한청산
KODEX 200,20일→다음주금,9,위,무손절,2015-09-18,24115.0,2015-09-25,5,23475.0,-2.65,-3.32,기한청산
KODEX 200,20일→다음주금,9,위,무손절,2016-09-20,25375.0,2016-09-30,8,25665.0,1.14,-0.14,기한청산
KODEX 200,20일→다음주금,9,위,무손절,2017-09-20,31855.0,2017-09-29,7,31700.0,-0.49,-1.55,기한청산
KODEX 200,20일→다음주금,9,위,무손절,2018-09-20,29965.0,2018-09-28,3,30125.0,0.53,-0.1,기한청산
KODEX 200,20일→다음주금,9,위,무손절,2019-09-20,27640.0,2019-09-27,5,27200.0,-1.59,-1.88,기한청산
KODEX 200,20일→다음주금,9,위,무손절,2020-09-18,31820.0,2020-09-25,5,30350.0,-4.62,-5.09,기한청산
KODEX 200,20일→다음주금,9,위,무손절,2021-09-17,41070.0,2021-10-01,7,39445.0,-3.96,-4.03,기한청산
KODEX 200,20일→다음주금,9,위,무손절,2022-09-20,30765.0,2022-09-30,8,28275.0,-8.09,-8.92,기한청산
KODEX 200,20일→다음주금,9,위,무손절,2023-09-20,33915.0,2023-09-27,5,32875.0,-3.07,-3.89,기한청산
KODEX 200,20일→다음주금,9,위,무손절,2024-09-20,34515.0,2024-09-27,5,35535.0,2.96,-0.1,기한청산
KODEX 200,20일→다음주금,9,위,무손절,2025-09-19,47485.0,2025-09-26,5,47045.0,-0.93,-1.7,기한청산
KODEX 200,20일→다음주금,9,아래,-5.0,2003-09-19,9540.0,2003-09-26,5,8940.0,6.29,0.42,기한청산
KODEX 200,20일→다음주금,9,아래,-5.0,2004-09-20,10990.0,2004-10-01,6,10890.0,0.91,-1.0,기한청산
KODEX 200,20일→다음주금,9,아래,-5.0,2005-09-20,15420.0,2005-09-30,8,15685.0,-1.72,-3.05,기한청산
KODEX 200,20일→다음주금,9,아래,-5.0,2006-09-20,17885.0,2006-09-29,7,17970.0,-0.48,-1.09,기한청산
KODEX 200,20일→다음주금,9,아래,-5.0,2007-09-20,24190.0,2007-09-28,3,24735.0,-2.25,-2.6,기한청산
KODEX 200,20일→다음주금,9,아래,-5.0,2008-09-19,19080.0,2008-09-26,5,19210.0,-0.68,-2.36,기한청산
KODEX 200,20일→다음주금,9,아래,-5.0,2009-09-18,22380.0,2009-09-25,5,22300.0,0.36,-1.32,기한청산
KODEX 200,20일→다음주금,9,아래,-5.0,2010-09-20,23870.0,2010-10-01,6,24445.0,-2.41,-3.02,기한청산
KODEX 200,20일→다음주금,9,아래,-5.0,2011-09-20,23930.0,2011-09-30,8,23120.0,3.38,-1.9,기한청산
KODEX 200,20일→다음주금,9,아래,-5.0,2012-09-20,26305.0,2012-09-28,6,26310.0,-0.02,-0.74,기한청산
KODEX 200,20일→다음주금,9,아래,-5.0,2013-09-17,26140.0,2013-09-27,5,26295.0,-0.59,-0.92,기한청산
KODEX 200,20일→다음주금,9,아래,-5.0,2014-09-19,26265.0,2014-09-26,5,25765.0,1.9,0.38,기한청산
KODEX 200,20일→다음주금,9,아래,-5.0,2015-09-18,24115.0,2015-09-25,5,23475.0,2.65,0.89,기한청산
KODEX 200,20일→다음주금,9,아래,-5.0,2016-09-20,25375.0,2016-09-30,8,25665.0,-1.14,-2.54,기한청산
KODEX 200,20일→다음주금,9,아래,-5.0,2017-09-20,31855.0,2017-09-29,7,31700.0,0.49,-0.31,기한청산
KODEX 200,20일→다음주금,9,아래,-5.0,2018-09-20,29965.0,2018-09-28,3,30125.0,-0.53,-1.35,기한청산
KODEX 200,20일→다음주금,9,아래,-5.0,2019-09-20,27640.0,2019-09-27,5,27200.0,1.59,-0.72,기한청산
KODEX 200,20일→다음주금,9,아래,-5.0,2020-09-18,31820.0,2020-09-25,5,30350.0,4.62,-0.75,기한청산
KODEX 200,20일→다음주금,9,아래,-5.0,2021-09-17,41070.0,2021-10-01,7,39445.0,3.96,-0.55,기한청산
KODEX 200,20일→다음주금,9,아래,-5.0,2022-09-20,30765.0,2022-09-30,8,28275.0,8.09,0.41,기한청산
KODEX 200,20일→다음주금,9,아래,-5.0,2023-09-20,33915.0,2023-09-27,5,32875.0,3.07,0.4,기한청산
KODEX 200,20일→다음주금,9,아래,-5.0,2024-09-20,34515.0,2024-09-27,5,35535.0,-2.96,-4.37,기한청산
KODEX 200,20일→다음주금,9,아래,-5.0,2025-09-19,47485.0,2025-09-26,5,47045.0,0.93,-2.19,기한청산
KODEX 200,20일→다음주금,9,아래,무손절,2003-09-19,9540.0,2003-09-26,5,8940.0,6.29,0.42,기한청산
KODEX 200,20일→다음주금,9,아래,무손절,2004-09-20,10990.0,2004-10-01,6,10890.0,0.91,-1.0,기한청산
KODEX 200,20일→다음주금,9,아래,무손절,2005-09-20,15420.0,2005-09-30,8,15685.0,-1.72,-3.05,기한청산
KODEX 200,20일→다음주금,9,아래,무손절,2006-09-20,17885.0,2006-09-29,7,17970.0,-0.48,-1.09,기한청산
KODEX 200,20일→다음주금,9,아래,무손절,2007-09-20,24190.0,2007-09-28,3,24735.0,-2.25,-2.6,기한청산
KODEX 200,20일→다음주금,9,아래,무손절,2008-09-19,19080.0,2008-09-26,5,19210.0,-0.68,-2.36,기한청산
KODEX 200,20일→다음주금,9,아래,무손절,2009-09-18,22380.0,2009-09-25,5,22300.0,0.36,-1.32,기한청산
KODEX 200,20일→다음주금,9,아래,무손절,2010-09-20,23870.0,2010-10-01,6,24445.0,-2.41,-3.02,기한청산
KODEX 200,20일→다음주금,9,아래,무손절,2011-09-20,23930.0,2011-09-30,8,23120.0,3.38,-1.9,기한청산
KODEX 200,20일→다음주금,9,아래,무손절,2012-09-20,26305.0,2012-09-28,6,26310.0,-0.02,-0.74,기한청산
KODEX 200,20일→다음주금,9,아래,무손절,2013-09-17,26140.0,2013-09-27,5,26295.0,-0.59,-0.92,기한청산
KODEX 200,20일→다음주금,9,아래,무손절,2014-09-19,26265.0,2014-09-26,5,25765.0,1.9,0.38,기한청산
KODEX 200,20일→다음주금,9,아래,무손절,2015-09-18,24115.0,2015-09-25,5,23475.0,2.65,0.89,기한청산
KODEX 200,20일→다음주금,9,아래,무손절,2016-09-20,25375.0,2016-09-30,8,25665.0,-1.14,-2.54,기한청산
KODEX 200,20일→다음주금,9,아래,무손절,2017-09-20,31855.0,2017-09-29,7,31700.0,0.49,-0.31,기한청산
KODEX 200,20일→다음주금,9,아래,무손절,2018-09-20,29965.0,2018-09-28,3,30125.0,-0.53,-1.35,기한청산
KODEX 200,20일→다음주금,9,아래,무손절,2019-09-20,27640.0,2019-09-27,5,27200.0,1.59,-0.72,기한청산
KODEX 200,20일→다음주금,9,아래,무손절,2020-09-18,31820.0,2020-09-25,5,30350.0,4.62,-0.75,기한청산
KODEX 200,20일→다음주금,9,아래,무손절,2021-09-17,41070.0,2021-10-01,7,39445.0,3.96,-0.55,기한청산
KODEX 200,20일→다음주금,9,아래,무손절,2022-09-20,30765.0,2022-09-30,8,28275.0,8.09,0.41,기한청산
KODEX 200,20일→다음주금,9,아래,무손절,2023-09-20,33915.0,2023-09-27,5,32875.0,3.07,0.4,기한청산
KODEX 200,20일→다음주금,9,아래,무손절,2024-09-20,34515.0,2024-09-27,5,35535.0,-2.96,-4.37,기한청산
KODEX 200,20일→다음주금,9,아래,무손절,2025-09-19,47485.0,2025-09-26,5,47045.0,0.93,-2.19,기한청산
KODEX 200,20일→다음주금,12,위,-5.0,2002-12-20,9050.0,2002-12-26,3,8598.0,-5.0,-5.0,장중손절
KODEX 200,20일→다음주금,12,위,-5.0,2003-12-19,10460.0,2003-12-26,4,10230.0,-2.2,-2.49,기한청산
KODEX 200,20일→다음주금,12,위,-5.0,2004-12-20,11240.0,2004-12-30,8,11750.0,4.54,-1.25,기한청산
KODEX 200,20일→다음주금,12,위,-5.0,2005-12-20,17235.0,2005-12-29,7,18100.0,5.02,-0.03,기한청산
KODEX 200,20일→다음주금,12,위,-5.0,2006-12-20,18830.0,2006-12-28,5,18905.0,0.4,-1.49,기한청산
KODEX 200,20일→다음주금,12,위,-5.0,2007-12-20,23560.0,2007-12-28,5,24480.0,3.9,-0.68,기한청산
KODEX 200,20일→다음주금,12,위,-5.0,2008-12-19,15450.0,2008-12-24,3,14678.0,-5.0,-5.0,장중손절
KODEX 200,20일→다음주금,12,위,-5.0,2009-12-18,21855.0,2009-12-24,4,22375.0,2.38,-0.64,기한청산
KODEX 200,20일→다음주금,12,위,-5.0,2010-12-20,26860.0,2010-12-30,8,27550.0,2.57,-0.04,기한청산
KODEX 200,20일→다음주금,12,위,-5.0,2011-12-20,23525.0,2011-12-29,7,24220.0,2.95,0.72,기한청산
KODEX 200,20일→다음주금,12,위,-5.0,2012-12-20,26450.0,2012-12-28,5,26610.0,0.6,-0.89,기한청산
KODEX 200,20일→다음주금,12,위,-5.0,2013-12-20,26070.0,2013-12-27,4,26560.0,1.88,0.0,기한청산
KODEX 200,20일→다음주금,12,위,-5.0,2014-12-19,24730.0,2014-12-26,4,25010.0,1.13,0.0,기한청산
KODEX 200,20일→다음주금,12,위,-5.0,2015-12-18,24345.0,2015-12-24,4,24580.0,0.97,-0.53,기한청산
KODEX 200,20일→다음주금,12,위,-5.0,2016-12-20,26220.0,2016-12-29,7,26325.0,0.4,-0.42,기한청산
KODEX 200,20일→다음주금,12,위,-5.0,2017-12-20,32610.0,2017-12-28,5,32780.0,0.52,-1.95,기한청산
KODEX 200,20일→다음주금,12,위,-5.0,2018-12-20,26505.0,2018-12-28,5,26580.0,0.28,-1.94,기한청산
KODEX 200,20일→다음주금,12,위,-5.0,2019-12-20,29530.0,2019-12-27,4,29885.0,1.2,-1.0,기한청산
KODEX 200,20일→다음주금,12,위,-5.0,2020-12-18,37150.0,2020-12-24,4,37850.0,1.88,-1.84,기한청산
KODEX 200,20일→다음주금,12,위,-5.0,2021-12-20,39115.0,2021-12-30,8,39870.0,1.93,0.12,기한청산
KODEX 200,20일→다음주금,12,위,-5.0,2022-12-20,30445.0,2022-12-29,7,29595.0,-2.79,-2.79,기한청산
KODEX 200,20일→다음주금,12,위,-5.0,2023-12-20,35170.0,2023-12-28,5,36170.0,2.84,-1.12,기한청산
KODEX 200,20일→다음주금,12,위,-5.0,2024-12-20,31865.0,2024-12-27,4,32145.0,0.88,0.03,기한청산
KODEX 200,20일→다음주금,12,위,-5.0,2025-12-19,57120.0,2025-12-26,4,59110.0,3.48,1.7,기한청산
KODEX 200,20일→다음주금,12,위,무손절,2002-12-20,9050.0,2002-12-27,4,8470.0,-6.41,-6.52,기한청산
KODEX 200,20일→다음주금,12,위,무손절,2003-12-19,10460.0,2003-12-26,4,10230.0,-2.2,-2.49,기한청산
KODEX 200,20일→다음주금,12,위,무손절,2004-12-20,11240.0,2004-12-30,8,11750.0,4.54,-1.25,기한청산
KODEX 200,20일→다음주금,12,위,무손절,2005-12-20,17235.0,2005-12-29,7,18100.0,5.02,-0.03,기한청산
KODEX 200,20일→다음주금,12,위,무손절,2006-12-20,18830.0,2006-12-28,5,18905.0,0.4,-1.49,기한청산
KODEX 200,20일→다음주금,12,위,무손절,2007-12-20,23560.0,2007-12-28,5,24480.0,3.9,-0.68,기한청산
KODEX 200,20일→다음주금,12,위,무손절,2008-12-19,15450.0,2008-12-26,4,14680.0,-4.98,-5.79,기한청산
KODEX 200,20일→다음주금,12,위,무손절,2009-12-18,21855.0,2009-12-24,4,22375.0,2.38,-0.64,기한청산
KODEX 200,20일→다음주금,12,위,무손절,2010-12-20,26860.0,2010-12-30,8,27550.0,2.57,-0.04,기한청산
KODEX 200,20일→다음주금,12,위,무손절,2011-12-20,23525.0,2011-12-29,7,24220.0,2.95,0.72,기한청산
KODEX 200,20일→다음주금,12,위,무손절,2012-12-20,26450.0,2012-12-28,5,26610.0,0.6,-0.89,기한청산
KODEX 200,20일→다음주금,12,위,무손절,2013-12-20,26070.0,2013-12-27,4,26560.0,1.88,0.0,기한청산
KODEX 200,20일→다음주금,12,위,무손절,2014-12-19,24730.0,2014-12-26,4,25010.0,1.13,0.0,기한청산
KODEX 200,20일→다음주금,12,위,무손절,2015-12-18,24345.0,2015-12-24,4,24580.0,0.97,-0.53,기한청산
KODEX 200,20일→다음주금,12,위,무손절,2016-12-20,26220.0,2016-12-29,7,26325.0,0.4,-0.42,기한청산
KODEX 200,20일→다음주금,12,위,무손절,2017-12-20,32610.0,2017-12-28,5,32780.0,0.52,-1.95,기한청산
KODEX 200,20일→다음주금,12,위,무손절,2018-12-20,26505.0,2018-12-28,5,26580.0,0.28,-1.94,기한청산
KODEX 200,20일→다음주금,12,위,무손절,2019-12-20,29530.0,2019-12-27,4,29885.0,1.2,-1.0,기한청산
KODEX 200,20일→다음주금,12,위,무손절,2020-12-18,37150.0,2020-12-24,4,37850.0,1.88,-1.84,기한청산
KODEX 200,20일→다음주금,12,위,무손절,2021-12-20,39115.0,2021-12-30,8,39870.0,1.93,0.12,기한청산
KODEX 200,20일→다음주금,12,위,무손절,2022-12-20,30445.0,2022-12-29,7,29595.0,-2.79,-2.79,기한청산
KODEX 200,20일→다음주금,12,위,무손절,2023-12-20,35170.0,2023-12-28,5,36170.0,2.84,-1.12,기한청산
KODEX 200,20일→다음주금,12,위,무손절,2024-12-20,31865.0,2024-12-27,4,32145.0,0.88,0.03,기한청산
KODEX 200,20일→다음주금,12,위,무손절,2025-12-19,57120.0,2025-12-26,4,59110.0,3.48,1.7,기한청산
KODEX 200,20일→다음주금,12,아래,-5.0,2002-12-20,9050.0,2002-12-27,4,8470.0,6.41,-0.44,기한청산
KODEX 200,20일→다음주금,12,아래,-5.0,2003-12-19,10460.0,2003-12-26,4,10230.0,2.2,-0.86,기한청산
KODEX 200,20일→다음주금,12,아래,-5.0,2004-12-20,11240.0,2004-12-30,8,11750.0,-4.54,-4.54,기한청산
KODEX 200,20일→다음주금,12,아래,-5.0,2005-12-20,17235.0,2005-12-29,7,18097.0,-5.0,-5.0,장중손절
KODEX 200,20일→다음주금,12,아래,-5.0,2006-12-20,18830.0,2006-12-28,5,18905.0,-0.4,-0.9,기한청산
KODEX 200,20일→다음주금,12,아래,-5.0,2007-12-20,23560.0,2007-12-27,4,24738.0,-5.0,-5.0,장중손절
KODEX 200,20일→다음주금,12,아래,-5.0,2008-12-19,15450.0,2008-12-26,4,14680.0,4.98,-2.2,기한청산
KODEX 200,20일→다음주금,12,아래,-5.0,2009-12-18,21855.0,2009-12-24,4,22375.0,-2.38,-2.86,기한청산
KODEX 200,20일→다음주금,12,아래,-5.0,2010-12-20,26860.0,2010-12-30,8,27550.0,-2.57,-2.57,기한청산
KODEX 200,20일→다음주금,12,아래,-5.0,2011-12-20,23525.0,2011-12-29,7,24220.0,-2.95,-4.93,기한청산
KODEX 200,20일→다음주금,12,아래,-5.0,2012-12-20,26450.0,2012-12-28,5,26610.0,-0.6,-0.87,기한청산
KODEX 200,20일→다음주금,12,아래,-5.0,2013-12-20,26070.0,2013-12-27,4,26560.0,-1.88,-2.05,기한청산
KODEX 200,20일→다음주금,12,아래,-5.0,2014-12-19,24730.0,2014-12-26,4,25010.0,-1.13,-1.52,기한청산
KODEX 200,20일→다음주금,12,아래,-5.0,2015-12-18,24345.0,2015-12-24,4,24580.0,-0.97,-2.2,기한청산
KODEX 200,20일→다음주금,12,아래,-5.0,2016-12-20,26220.0,2016-12-29,7,26325.0,-0.4,-0.61,기한청산
KODEX 200,20일→다음주금,12,아래,-5.0,2017-12-20,32610.0,2017-12-28,5,32780.0,-0.52,-0.63,기한청산
KODEX 200,20일→다음주금,12,아래,-5.0,2018-12-20,26505.0,2018-12-28,5,26580.0,-0.28,-0.74,기한청산
KODEX 200,20일→다음주금,12,아래,-5.0,2019-12-20,29530.0,2019-12-27,4,29885.0,-1.2,-2.07,기한청산
KODEX 200,20일→다음주금,12,아래,-5.0,2020-12-18,37150.0,2020-12-24,4,37850.0,-1.88,-2.25,기한청산
KODEX 200,20일→다음주금,12,아래,-5.0,2021-12-20,39115.0,2021-12-30,8,39870.0,-1.93,-3.22,기한청산
KODEX 200,20일→다음주금,12,아래,-5.0,2022-12-20,30445.0,2022-12-29,7,29595.0,2.79,-1.05,기한청산
KODEX 200,20일→다음주금,12,아래,-5.0,2023-12-20,35170.0,2023-12-28,5,36170.0,-2.84,-2.84,기한청산
KODEX 200,20일→다음주금,12,아래,-5.0,2024-12-20,31865.0,2024-12-27,4,32145.0,-0.88,-2.24,기한청산
KODEX 200,20일→다음주금,12,아래,-5.0,2025-12-19,57120.0,2025-12-26,4,59110.0,-3.48,-4.02,기한청산
KODEX 200,20일→다음주금,12,아래,무손절,2002-12-20,9050.0,2002-12-27,4,8470.0,6.41,-0.44,기한청산
KODEX 200,20일→다음주금,12,아래,무손절,2003-12-19,10460.0,2003-12-26,4,10230.0,2.2,-0.86,기한청산
KODEX 200,20일→다음주금,12,아래,무손절,2004-12-20,11240.0,2004-12-30,8,11750.0,-4.54,-4.54,기한청산
KODEX 200,20일→다음주금,12,아래,무손절,2005-12-20,17235.0,2005-12-29,7,18100.0,-5.02,-5.43,기한청산
KODEX 200,20일→다음주금,12,아래,무손절,2006-12-20,18830.0,2006-12-28,5,18905.0,-0.4,-0.9,기한청산
KODEX 200,20일→다음주금,12,아래,무손절,2007-12-20,23560.0,2007-12-28,5,24480.0,-3.9,-5.31,기한청산
KODEX 200,20일→다음주금,12,아래,무손절,2008-12-19,15450.0,2008-12-26,4,14680.0,4.98,-2.2,기한청산
KODEX 200,20일→다음주금,12,아래,무손절,2009-12-18,21855.0,2009-12-24,4,22375.0,-2.38,-2.86,기한청산
KODEX 200,20일→다음주금,12,아래,무손절,2010-12-20,26860.0,2010-12-30,8,27550.0,-2.57,-2.57,기한청산
KODEX 200,20일→다음주금,12,아래,무손절,2011-12-20,23525.0,2011-12-29,7,24220.0,-2.95,-4.93,기한청산
KODEX 200,20일→다음주금,12,아래,무손절,2012-12-20,26450.0,2012-12-28,5,26610.0,-0.6,-0.87,기한청산
KODEX 200,20일→다음주금,12,아래,무손절,2013-12-20,26070.0,2013-12-27,4,26560.0,-1.88,-2.05,기한청산
KODEX 200,20일→다음주금,12,아래,무손절,2014-12-19,24730.0,2014-12-26,4,25010.0,-1.13,-1.52,기한청산
KODEX 200,20일→다음주금,12,아래,무손절,2015-12-18,24345.0,2015-12-24,4,24580.0,-0.97,-2.2,기한청산
KODEX 200,20일→다음주금,12,아래,무손절,2016-12-20,26220.0,2016-12-29,7,26325.0,-0.4,-0.61,기한청산
KODEX 200,20일→다음주금,12,아래,무손절,2017-12-20,32610.0,2017-12-28,5,32780.0,-0.52,-0.63,기한청산
KODEX 200,20일→다음주금,12,아래,무손절,2018-12-20,26505.0,2018-12-28,5,26580.0,-0.28,-0.74,기한청산
KODEX 200,20일→다음주금,12,아래,무손절,2019-12-20,29530.0,2019-12-27,4,29885.0,-1.2,-2.07,기한청산
KODEX 200,20일→다음주금,12,아래,무손절,2020-12-18,37150.0,2020-12-24,4,37850.0,-1.88,-2.25,기한청산
KODEX 200,20일→다음주금,12,아래,무손절,2021-12-20,39115.0,2021-12-30,8,39870.0,-1.93,-3.22,기한청산
KODEX 200,20일→다음주금,12,아래,무손절,2022-12-20,30445.0,2022-12-29,7,29595.0,2.79,-1.05,기한청산
KODEX 200,20일→다음주금,12,아래,무손절,2023-12-20,35170.0,2023-12-28,5,36170.0,-2.84,-2.84,기한청산
KODEX 200,20일→다음주금,12,아래,무손절,2024-12-20,31865.0,2024-12-27,4,32145.0,-0.88,-2.24,기한청산
KODEX 200,20일→다음주금,12,아래,무손절,2025-12-19,57120.0,2025-12-26,4,59110.0,-3.48,-4.02,기한청산
KODEX 200,20일→말일,9,위,-5.0,2003-09-19,9540.0,2003-09-23,2,9063.0,-5.0,-5.0,장중손절
KODEX 200,20일→말일,9,위,-5.0,2004-09-20,10990.0,2004-09-30,5,10960.0,-0.27,-4.0,기한청산
KODEX 200,20일→말일,9,위,-5.0,2005-09-20,15420.0,2005-09-30,8,15685.0,1.72,-1.85,기한청산
KODEX 200,20일→말일,9,위,-5.0,2006-09-20,17885.0,2006-09-29,7,17970.0,0.48,-1.85,기한청산
KODEX 200,20일→말일,9,위,-5.0,2007-09-20,24190.0,2007-09-28,3,24735.0,2.25,-0.79,기한청산
KODEX 200,20일→말일,9,위,-5.0,2008-09-19,19080.0,2008-09-30,7,17835.0,-6.53,-6.53,갭손절
KODEX 200,20일→말일,9,위,-5.0,2009-09-18,22380.0,2009-09-30,8,22160.0,-0.98,-1.9,기한청산
KODEX 200,20일→말일,9,위,-5.0,2010-09-20,23870.0,2010-09-30,5,24360.0,2.05,-0.25,기한청산
KODEX 200,20일→말일,9,위,-5.0,2011-09-20,23930.0,2011-09-23,3,22480.0,-6.06,-6.06,갭손절
KODEX 200,20일→말일,9,위,-5.0,2012-09-20,26305.0,2012-09-28,6,26310.0,0.02,-1.41,기한청산
KODEX 200,20일→말일,9,위,-5.0,2013-09-17,26140.0,2013-09-30,6,26075.0,-0.25,-0.78,기한청산
KODEX 200,20일→말일,9,위,-5.0,2014-09-19,26265.0,2014-09-30,7,25615.0,-2.47,-2.89,기한청산
KODEX 200,20일→말일,9,위,-5.0,2015-09-18,24115.0,2015-09-30,6,23640.0,-1.97,-4.19,기한청산
KODEX 200,20일→말일,9,위,-5.0,2016-09-20,25375.0,2016-09-30,8,25665.0,1.14,-0.14,기한청산
KODEX 200,20일→말일,9,위,-5.0,2017-09-20,31855.0,2017-09-29,7,31700.0,-0.49,-1.55,기한청산
KODEX 200,20일→말일,9,위,-5.0,2018-09-20,29965.0,2018-09-28,3,30125.0,0.53,-0.1,기한청산
KODEX 200,20일→말일,9,위,-5.0,2019-09-20,27640.0,2019-09-30,6,27430.0,-0.76,-2.01,기한청산
KODEX 200,20일→말일,9,위,-5.0,2020-09-18,31820.0,2020-09-24,4,30229.0,-5.0,-5.0,장중손절
KODEX 200,20일→말일,9,위,-5.0,2021-09-17,41070.0,2021-09-30,6,40195.0,-2.13,-3.42,기한청산
KODEX 200,20일→말일,9,위,-5.0,2022-09-20,30765.0,2022-09-26,4,29227.0,-5.0,-5.0,장중손절
KODEX 200,20일→말일,9,위,-5.0,2023-09-20,33915.0,2023-09-27,5,32875.0,-3.07,-3.89,기한청산
KODEX 200,20일→말일,9,위,-5.0,2024-09-20,34515.0,2024-09-30,6,34720.0,0.59,-0.1,기한청산
KODEX 200,20일→말일,9,위,-5.0,2025-09-19,47485.0,2025-09-30,7,47635.0,0.32,-1.7,기한청산
KODEX 200,20일→말일,9,위,무손절,2003-09-19,9540.0,2003-09-30,7,8900.0,-6.71,-7.65,기한청산
KODEX 200,20일→말일,9,위,무손절,2004-09-20,10990.0,2004-09-30,5,10960.0,-0.27,-4.0,기한청산
KODEX 200,20일→말일,9,위,무손절,2005-09-20,15420.0,2005-09-30,8,15685.0,1.72,-1.85,기한청산
KODEX 200,20일→말일,9,위,무손절,2006-09-20,17885.0,2006-09-29,7,17970.0,0.48,-1.85,기한청산
KODEX 200,20일→말일,9,위,무손절,2007-09-20,24190.0,2007-09-28,3,24735.0,2.25,-0.79,기한청산
KODEX 200,20일→말일,9,위,무손절,2008-09-19,19080.0,2008-09-30,7,18670.0,-2.15,-6.53,기한청산
KODEX 200,20일→말일,9,위,무손절,2009-09-18,22380.0,2009-09-30,8,22160.0,-0.98,-1.9,기한청산
KODEX 200,20일→말일,9,위,무손절,2010-09-20,23870.0,2010-09-30,5,24360.0,2.05,-0.25,기한청산
KODEX 200,20일→말일,9,위,무손절,2011-09-20,23930.0,2011-09-30,8,23120.0,-3.38,-10.15,기한청산
KODEX 200,20일→말일,9,위,무손절,2012-09-20,26305.0,2012-09-28,6,26310.0,0.02,-1.41,기한청산
KODEX 200,20일→말일,9,위,무손절,2013-09-17,26140.0,2013-09-30,6,26075.0,-0.25,-0.78,기한청산
KODEX 200,20일→말일,9,위,무손절,2014-09-19,26265.0,2014-09-30,7,25615.0,-2.47,-2.89,기한청산
KODEX 200,20일→말일,9,위,무손절,2015-09-18,24115.0,2015-09-30,6,23640.0,-1.97,-4.19,기한청산
KODEX 200,20일→말일,9,위,무손절,2016-09-20,25375.0,2016-09-30,8,25665.0,1.14,-0.14,기한청산
KODEX 200,20일→말일,9,위,무손절,2017-09-20,31855.0,2017-09-29,7,31700.0,-0.49,-1.55,기한청산
KODEX 200,20일→말일,9,위,무손절,2018-09-20,29965.0,2018-09-28,3,30125.0,0.53,-0.1,기한청산
KODEX 200,20일→말일,9,위,무손절,2019-09-20,27640.0,2019-09-30,6,27430.0,-0.76,-2.01,기한청산
KODEX 200,20일→말일,9,위,무손절,2020-09-18,31820.0,2020-09-29,7,31085.0,-2.31,-5.09,기한청산
KODEX 200,20일→말일,9,위,무손절,2021-09-17,41070.0,2021-09-30,6,40195.0,-2.13,-3.42,기한청산
KODEX 200,20일→말일,9,위,무손절,2022-09-20,30765.0,2022-09-30,8,28275.0,-8.09,-8.92,기한청산
KODEX 200,20일→말일,9,위,무손절,2023-09-20,33915.0,2023-09-27,5,32875.0,-3.07,-3.89,기한청산
KODEX 200,20일→말일,9,위,무손절,2024-09-20,34515.0,2024-09-30,6,34720.0,0.59,-0.1,기한청산
KODEX 200,20일→말일,9,위,무손절,2025-09-19,47485.0,2025-09-30,7,47635.0,0.32,-1.7,기한청산
KODEX 200,20일→말일,9,아래,-5.0,2003-09-19,9540.0,2003-09-30,7,8900.0,6.71,0.42,기한청산
KODEX 200,20일→말일,9,아래,-5.0,2004-09-20,10990.0,2004-09-30,5,10960.0,0.27,-1.0,기한청산
KODEX 200,20일→말일,9,아래,-5.0,2005-09-20,15420.0,2005-09-30,8,15685.0,-1.72,-3.05,기한청산
KODEX 200,20일→말일,9,아래,-5.0,2006-09-20,17885.0,2006-09-29,7,17970.0,-0.48,-1.09,기한청산
KODEX 200,20일→말일,9,아래,-5.0,2007-09-20,24190.0,2007-09-28,3,24735.0,-2.25,-2.6,기한청산
KODEX 200,20일→말일,9,아래,-5.0,2008-09-19,19080.0,2008-09-30,7,18670.0,2.15,-2.36,기한청산
KODEX 200,20일→말일,9,아래,-5.0,2009-09-18,22380.0,2009-09-30,8,22160.0,0.98,-1.32,기한청산
KODEX 200,20일→말일,9,아래,-5.0,2010-09-20,23870.0,2010-09-30,5,24360.0,-2.05,-2.47,기한청산
KODEX 200,20일→말일,9,아래,-5.0,2011-09-20,23930.0,2011-09-30,8,23120.0,3.38,-1.9,기한청산
KODEX 200,20일→말일,9,아래,-5.0,2012-09-20,26305.0,2012-09-28,6,26310.0,-0.02,-0.74,기한청산
KODEX 200,20일→말일,9,아래,-5.0,2013-09-17,26140.0,2013-09-30,6,26075.0,0.25,-0.92,기한청산
KODEX 200,20일→말일,9,아래,-5.0,2014-09-19,26265.0,2014-09-30,7,25615.0,2.47,0.38,기한청산
KODEX 200,20일→말일,9,아래,-5.0,2015-09-18,24115.0,2015-09-30,6,23640.0,1.97,0.89,기한청산
KODEX 200,20일→말일,9,아래,-5.0,2016-09-20,25375.0,2016-09-30,8,25665.0,-1.14,-2.54,기한청산
KODEX 200,20일→말일,9,아래,-5.0,2017-09-20,31855.0,2017-09-29,7,31700.0,0.49,-0.31,기한청산
KODEX 200,20일→말일,9,아래,-5.0,2018-09-20,29965.0,2018-09-28,3,30125.0,-0.53,-1.35,기한청산
KODEX 200,20일→말일,9,아래,-5.0,2019-09-20,27640.0,2019-09-30,6,27430.0,0.76,-0.72,기한청산
KODEX 200,20일→말일,9,아래,-5.0,2020-09-18,31820.0,2020-09-29,7,31085.0,2.31,-0.75,기한청산
KODEX 200,20일→말일,9,아래,-5.0,2021-09-17,41070.0,2021-09-30,6,40195.0,2.13,-0.55,기한청산
KODEX 200,20일→말일,9,아래,-5.0,2022-09-20,30765.0,2022-09-30,8,28275.0,8.09,0.41,기한청산
KODEX 200,20일→말일,9,아래,-5.0,2023-09-20,33915.0,2023-09-27,5,32875.0,3.07,0.4,기한청산
KODEX 200,20일→말일,9,아래,-5.0,2024-09-20,34515.0,2024-09-30,6,34720.0,-0.59,-4.37,기한청산
KODEX 200,20일→말일,9,아래,-5.0,2025-09-19,47485.0,2025-09-30,7,47635.0,-0.32,-2.19,기한청산
KODEX 200,20일→말일,9,아래,무손절,2003-09-19,9540.0,2003-09-30,7,8900.0,6.71,0.42,기한청산
KODEX 200,20일→말일,9,아래,무손절,2004-09-20,10990.0,2004-09-30,5,10960.0,0.27,-1.0,기한청산
KODEX 200,20일→말일,9,아래,무손절,2005-09-20,15420.0,2005-09-30,8,15685.0,-1.72,-3.05,기한청산
KODEX 200,20일→말일,9,아래,무손절,2006-09-20,17885.0,2006-09-29,7,17970.0,-0.48,-1.09,기한청산
KODEX 200,20일→말일,9,아래,무손절,2007-09-20,24190.0,2007-09-28,3,24735.0,-2.25,-2.6,기한청산
KODEX 200,20일→말일,9,아래,무손절,2008-09-19,19080.0,2008-09-30,7,18670.0,2.15,-2.36,기한청산
KODEX 200,20일→말일,9,아래,무손절,2009-09-18,22380.0,2009-09-30,8,22160.0,0.98,-1.32,기한청산
KODEX 200,20일→말일,9,아래,무손절,2010-09-20,23870.0,2010-09-30,5,24360.0,-2.05,-2.47,기한청산
KODEX 200,20일→말일,9,아래,무손절,2011-09-20,23930.0,2011-09-30,8,23120.0,3.38,-1.9,기한청산
KODEX 200,20일→말일,9,아래,무손절,2012-09-20,26305.0,2012-09-28,6,26310.0,-0.02,-0.74,기한청산
KODEX 200,20일→말일,9,아래,무손절,2013-09-17,26140.0,2013-09-30,6,26075.0,0.25,-0.92,기한청산
KODEX 200,20일→말일,9,아래,무손절,2014-09-19,26265.0,2014-09-30,7,25615.0,2.47,0.38,기한청산
KODEX 200,20일→말일,9,아래,무손절,2015-09-18,24115.0,2015-09-30,6,23640.0,1.97,0.89,기한청산
KODEX 200,20일→말일,9,아래,무손절,2016-09-20,25375.0,2016-09-30,8,25665.0,-1.14,-2.54,기한청산
KODEX 200,20일→말일,9,아래,무손절,2017-09-20,31855.0,2017-09-29,7,31700.0,0.49,-0.31,기한청산
KODEX 200,20일→말일,9,아래,무손절,2018-09-20,29965.0,2018-09-28,3,30125.0,-0.53,-1.35,기한청산
KODEX 200,20일→말일,9,아래,무손절,2019-09-20,27640.0,2019-09-30,6,27430.0,0.76,-0.72,기한청산
KODEX 200,20일→말일,9,아래,무손절,2020-09-18,31820.0,2020-09-29,7,31085.0,2.31,-0.75,기한청산
KODEX 200,20일→말일,9,아래,무손절,2021-09-17,41070.0,2021-09-30,6,40195.0,2.13,-0.55,기한청산
KODEX 200,20일→말일,9,아래,무손절,2022-09-20,30765.0,2022-09-30,8,28275.0,8.09,0.41,기한청산
KODEX 200,20일→말일,9,아래,무손절,2023-09-20,33915.0,2023-09-27,5,32875.0,3.07,0.4,기한청산
KODEX 200,20일→말일,9,아래,무손절,2024-09-20,34515.0,2024-09-30,6,34720.0,-0.59,-4.37,기한청산
KODEX 200,20일→말일,9,아래,무손절,2025-09-19,47485.0,2025-09-30,7,47635.0,-0.32,-2.19,기한청산
KODEX 200,20일→말일,12,위,-5.0,2002-12-20,9050.0,2002-12-26,3,8598.0,-5.0,-5.0,장중손절
KODEX 200,20일→말일,12,위,-5.0,2003-12-19,10460.0,2003-12-30,6,10690.0,2.2,-2.49,기한청산
KODEX 200,20일→말일,12,위,-5.0,2004-12-20,11240.0,2004-12-30,8,11750.0,4.54,-1.25,기한청산
KODEX 200,20일→말일,12,위,-5.0,2005-12-20,17235.0,2005-12-29,7,18100.0,5.02,-0.03,기한청산
KODEX 200,20일→말일,12,위,-5.0,2006-12-20,18830.0,2006-12-28,5,18905.0,0.4,-1.49,기한청산
KODEX 200,20일→말일,12,위,-5.0,2007-12-20,23560.0,2007-12-28,5,24480.0,3.9,-0.68,기한청산
KODEX 200,20일→말일,12,위,-5.0,2008-12-19,15450.0,2008-12-24,3,14678.0,-5.0,-5.0,장중손절
KODEX 200,20일→말일,12,위,-5.0,2009-12-18,21855.0,2009-12-30,7,22575.0,3.29,-0.64,기한청산
KODEX 200,20일→말일,12,위,-5.0,2010-12-20,26860.0,2010-12-30,8,27550.0,2.57,-0.04,기한청산
KODEX 200,20일→말일,12,위,-5.0,2011-12-20,23525.0,2011-12-29,7,24220.0,2.95,0.72,기한청산
KODEX 200,20일→말일,12,위,-5.0,2012-12-20,26450.0,2012-12-28,5,26610.0,0.6,-0.89,기한청산
KODEX 200,20일→말일,12,위,-5.0,2013-12-20,26070.0,2013-12-30,5,26660.0,2.26,0.0,기한청산
KODEX 200,20일→말일,12,위,-5.0,2014-12-19,24730.0,2014-12-30,6,24670.0,-0.24,-0.55,기한청산
KODEX 200,20일→말일,12,위,-5.0,2015-12-18,24345.0,2015-12-30,7,24345.0,0.0,-0.53,기한청산
KODEX 200,20일→말일,12,위,-5.0,2016-12-20,26220.0,2016-12-29,7,26325.0,0.4,-0.42,기한청산
KODEX 200,20일→말일,12,위,-5.0,2017-12-20,32610.0,2017-12-28,5,32780.0,0.52,-1.95,기한청산
KODEX 200,20일→말일,12,위,-5.0,2018-12-20,26505.0,2018-12-28,5,26580.0,0.28,-1.94,기한청산
KODEX 200,20일→말일,12,위,-5.0,2019-12-20,29530.0,2019-12-30,5,29780.0,0.85,-1.0,기한청산
KODEX 200,20일→말일,12,위,-5.0,2020-12-18,37150.0,2020-12-30,7,39500.0,6.33,-1.84,기한청산
KODEX 200,20일→말일,12,위,-5.0,2021-12-20,39115.0,2021-12-30,8,39870.0,1.93,0.12,기한청산
KODEX 200,20일→말일,12,위,-5.0,2022-12-20,30445.0,2022-12-29,7,29595.0,-2.79,-2.79,기한청산
KODEX 200,20일→말일,12,위,-5.0,2023-12-20,35170.0,2023-12-28,5,36170.0,2.84,-1.12,기한청산
KODEX 200,20일→말일,12,위,-5.0,2024-12-20,31865.0,2024-12-30,5,32060.0,0.61,0.03,기한청산
KODEX 200,20일→말일,12,위,-5.0,2025-12-19,57120.0,2025-12-30,6,60895.0,6.61,1.7,기한청산
KODEX 200,20일→말일,12,위,무손절,2002-12-20,9050.0,2002-12-30,5,8140.0,-10.06,-12.04,기한청산
KODEX 200,20일→말일,12,위,무손절,2003-12-19,10460.0,2003-12-30,6,10690.0,2.2,-2.49,기한청산
KODEX 200,20일→말일,12,위,무손절,2004-12-20,11240.0,2004-12-30,8,11750.0,4.54,-1.25,기한청산
KODEX 200,20일→말일,12,위,무손절,2005-12-20,17235.0,2005-12-29,7,18100.0,5.02,-0.03,기한청산
KODEX 200,20일→말일,12,위,무손절,2006-12-20,18830.0,2006-12-28,5,18905.0,0.4,-1.49,기한청산
KODEX 200,20일→말일,12,위,무손절,2007-12-20,23560.0,2007-12-28,5,24480.0,3.9,-0.68,기한청산
KODEX 200,20일→말일,12,위,무손절,2008-12-19,15450.0,2008-12-30,6,14850.0,-3.88,-6.54,기한청산
KODEX 200,20일→말일,12,위,무손절,2009-12-18,21855.0,2009-12-30,7,22575.0,3.29,-0.64,기한청산
KODEX 200,20일→말일,12,위,무손절,2010-12-20,26860.0,2010-12-30,8,27550.0,2.57,-0.04,기한청산
KODEX 200,20일→말일,12,위,무손절,2011-12-20,23525.0,2011-12-29,7,24220.0,2.95,0.72,기한청산
KODEX 200,20일→말일,12,위,무손절,2012-12-20,26450.0,2012-12-28,5,26610.0,0.6,-0.89,기한청산
KODEX 200,20일→말일,12,위,무손절,2013-12-20,26070.0,2013-12-30,5,26660.0,2.26,0.0,기한청산
KODEX 200,20일→말일,12,위,무손절,2014-12-19,24730.0,2014-12-30,6,24670.0,-0.24,-0.55,기한청산
KODEX 200,20일→말일,12,위,무손절,2015-12-18,24345.0,2015-12-30,7,24345.0,0.0,-0.53,기한청산
KODEX 200,20일→말일,12,위,무손절,2016-12-20,26220.0,2016-12-29,7,26325.0,0.4,-0.42,기한청산
KODEX 200,20일→말일,12,위,무손절,2017-12-20,32610.0,2017-12-28,5,32780.0,0.52,-1.95,기한청산
KODEX 200,20일→말일,12,위,무손절,2018-12-20,26505.0,2018-12-28,5,26580.0,0.28,-1.94,기한청산
KODEX 200,20일→말일,12,위,무손절,2019-12-20,29530.0,2019-12-30,5,29780.0,0.85,-1.0,기한청산
KODEX 200,20일→말일,12,위,무손절,2020-12-18,37150.0,2020-12-30,7,39500.0,6.33,-1.84,기한청산
KODEX 200,20일→말일,12,위,무손절,2021-12-20,39115.0,2021-12-30,8,39870.0,1.93,0.12,기한청산
KODEX 200,20일→말일,12,위,무손절,2022-12-20,30445.0,2022-12-29,7,29595.0,-2.79,-2.79,기한청산
KODEX 200,20일→말일,12,위,무손절,2023-12-20,35170.0,2023-12-28,5,36170.0,2.84,-1.12,기한청산
KODEX 200,20일→말일,12,위,무손절,2024-12-20,31865.0,2024-12-30,5,32060.0,0.61,0.03,기한청산
KODEX 200,20일→말일,12,위,무손절,2025-12-19,57120.0,2025-12-30,6,60895.0,6.61,1.7,기한청산
KODEX 200,20일→말일,12,아래,-5.0,2002-12-20,9050.0,2002-12-30,5,8140.0,10.06,-0.44,기한청산
KODEX 200,20일→말일,12,아래,-5.0,2003-12-19,10460.0,2003-12-30,6,10690.0,-2.2,-2.77,기한청산
KODEX 200,20일→말일,12,아래,-5.0,2004-12-20,11240.0,2004-12-30,8,11750.0,-4.54,-4.54,기한청산
KODEX 200,20일→말일,12,아래,-5.0,2005-12-20,17235.0,2005-12-29,7,18097.0,-5.0,-5.0,장중손절
KODEX 200,20일→말일,12,아래,-5.0,2006-12-20,18830.0,2006-12-28,5,18905.0,-0.4,-0.9,기한청산
KODEX 200,20일→말일,12,아래,-5.0,2007-12-20,23560.0,2007-12-27,4,24738.0,-5.0,-5.0,장중손절
KODEX 200,20일→말일,12,아래,-5.0,2008-12-19,15450.0,2008-12-30,6,14850.0,3.88,-2.2,기한청산
KODEX 200,20일→말일,12,아래,-5.0,2009-12-18,21855.0,2009-12-30,7,22575.0,-3.29,-3.43,기한청산
KODEX 200,20일→말일,12,아래,-5.0,2010-12-20,26860.0,2010-12-30,8,27550.0,-2.57,-2.57,기한청산
KODEX 200,20일→말일,12,아래,-5.0,2011-12-20,23525.0,2011-12-29,7,24220.0,-2.95,-4.93,기한청산
KODEX 200,20일→말일,12,아래,-5.0,2012-12-20,26450.0,2012-12-28,5,26610.0,-0.6,-0.87,기한청산
KODEX 200,20일→말일,12,아래,-5.0,2013-12-20,26070.0,2013-12-30,5,26660.0,-2.26,-2.26,기한청산
KODEX 200,20일→말일,12,아래,-5.0,2014-12-19,24730.0,2014-12-30,6,24670.0,0.24,-1.54,기한청산
KODEX 200,20일→말일,12,아래,-5.0,2015-12-18,24345.0,2015-12-30,7,24345.0,-0.0,-2.2,기한청산
KODEX 200,20일→말일,12,아래,-5.0,2016-12-20,26220.0,2016-12-29,7,26325.0,-0.4,-0.61,기한청산
KODEX 200,20일→말일,12,아래,-5.0,2017-12-20,32610.0,2017-12-28,5,32780.0,-0.52,-0.63,기한청산
KODEX 200,20일→말일,12,아래,-5.0,2018-12-20,26505.0,2018-12-28,5,26580.0,-0.28,-0.74,기한청산
KODEX 200,20일→말일,12,아래,-5.0,2019-12-20,29530.0,2019-12-30,5,29780.0,-0.85,-2.07,기한청산
KODEX 200,20일→말일,12,아래,-5.0,2020-12-18,37150.0,2020-12-30,7,39008.0,-5.0,-5.0,장중손절
KODEX 200,20일→말일,12,아래,-5.0,2021-12-20,39115.0,2021-12-30,8,39870.0,-1.93,-3.22,기한청산
KODEX 200,20일→말일,12,아래,-5.0,2022-12-20,30445.0,2022-12-29,7,29595.0,2.79,-1.05,기한청산
KODEX 200,20일→말일,12,아래,-5.0,2023-12-20,35170.0,2023-12-28,5,36170.0,-2.84,-2.84,기한청산
KODEX 200,20일→말일,12,아래,-5.0,2024-12-20,31865.0,2024-12-30,5,32060.0,-0.61,-2.24,기한청산
KODEX 200,20일→말일,12,아래,-5.0,2025-12-19,57120.0,2025-12-29,5,59976.0,-5.0,-5.0,장중손절
KODEX 200,20일→말일,12,아래,무손절,2002-12-20,9050.0,2002-12-30,5,8140.0,10.06,-0.44,기한청산
KODEX 200,20일→말일,12,아래,무손절,2003-12-19,10460.0,2003-12-30,6,10690.0,-2.2,-2.77,기한청산
KODEX 200,20일→말일,12,아래,무손절,2004-12-20,11240.0,2004-12-30,8,11750.0,-4.54,-4.54,기한청산
KODEX 200,20일→말일,12,아래,무손절,2005-12-20,17235.0,2005-12-29,7,18100.0,-5.02,-5.43,기한청산
KODEX 200,20일→말일,12,아래,무손절,2006-12-20,18830.0,2006-12-28,5,18905.0,-0.4,-0.9,기한청산
KODEX 200,20일→말일,12,아래,무손절,2007-12-20,23560.0,2007-12-28,5,24480.0,-3.9,-5.31,기한청산
KODEX 200,20일→말일,12,아래,무손절,2008-12-19,15450.0,2008-12-30,6,14850.0,3.88,-2.2,기한청산
KODEX 200,20일→말일,12,아래,무손절,2009-12-18,21855.0,2009-12-30,7,22575.0,-3.29,-3.43,기한청산
KODEX 200,20일→말일,12,아래,무손절,2010-12-20,26860.0,2010-12-30,8,27550.0,-2.57,-2.57,기한청산
KODEX 200,20일→말일,12,아래,무손절,2011-12-20,23525.0,2011-12-29,7,24220.0,-2.95,-4.93,기한청산
KODEX 200,20일→말일,12,아래,무손절,2012-12-20,26450.0,2012-12-28,5,26610.0,-0.6,-0.87,기한청산
KODEX 200,20일→말일,12,아래,무손절,2013-12-20,26070.0,2013-12-30,5,26660.0,-2.26,-2.26,기한청산
KODEX 200,20일→말일,12,아래,무손절,2014-12-19,24730.0,2014-12-30,6,24670.0,0.24,-1.54,기한청산
KODEX 200,20일→말일,12,아래,무손절,2015-12-18,24345.0,2015-12-30,7,24345.0,-0.0,-2.2,기한청산
KODEX 200,20일→말일,12,아래,무손절,2016-12-20,26220.0,2016-12-29,7,26325.0,-0.4,-0.61,기한청산
KODEX 200,20일→말일,12,아래,무손절,2017-12-20,32610.0,2017-12-28,5,32780.0,-0.52,-0.63,기한청산
KODEX 200,20일→말일,12,아래,무손절,2018-12-20,26505.0,2018-12-28,5,26580.0,-0.28,-0.74,기한청산
KODEX 200,20일→말일,12,아래,무손절,2019-12-20,29530.0,2019-12-30,5,29780.0,-0.85,-2.07,기한청산
KODEX 200,20일→말일,12,아래,무손절,2020-12-18,37150.0,2020-12-30,7,39500.0,-6.33,-6.57,기한청산
KODEX 200,20일→말일,12,아래,무손절,2021-12-20,39115.0,2021-12-30,8,39870.0,-1.93,-3.22,기한청산
KODEX 200,20일→말일,12,아래,무손절,2022-12-20,30445.0,2022-12-29,7,29595.0,2.79,-1.05,기한청산
KODEX 200,20일→말일,12,아래,무손절,2023-12-20,35170.0,2023-12-28,5,36170.0,-2.84,-2.84,기한청산
KODEX 200,20일→말일,12,아래,무손절,2024-12-20,31865.0,2024-12-30,5,32060.0,-0.61,-2.24,기한청산
KODEX 200,20일→말일,12,아래,무손절,2025-12-19,57120.0,2025-12-30,6,60895.0,-6.61,-7.03,기한청산
코스피200 지수,만기→다음주금,9,위,손절불가,1990-09-21,64.62,1990-09-28,6,66.31,2.62,0.19,기한청산
코스피200 지수,만기→다음주금,9,위,손절불가,1991-09-20,78.29,1991-09-27,4,77.82,-0.6,-1.44,기한청산
코스피200 지수,만기→다음주금,9,위,손절불가,1992-09-18,59.18,1992-09-25,6,57.94,-2.1,-3.02,기한청산
코스피200 지수,만기→다음주금,9,위,손절불가,1993-09-17,75.41,1993-09-24,6,76.89,1.96,-0.32,기한청산
코스피200 지수,만기→다음주금,9,위,손절불가,1994-09-16,115.06,1994-09-23,3,118.33,2.84,2.49,기한청산
코스피200 지수,만기→다음주금,9,위,손절불가,1995-09-15,112.52,1995-09-22,6,113.53,0.9,0.35,기한청산
코스피200 지수,만기→다음주금,9,위,손절불가,1996-09-20,79.01,1996-09-25,4,83.12,5.2,1.51,기한청산
코스피200 지수,만기→다음주금,9,위,손절불가,1997-09-19,71.72,1997-09-26,6,66.02,-7.95,-7.95,기한청산
코스피200 지수,만기→다음주금,9,위,손절불가,1998-09-18,34.24,1998-09-25,6,34.71,1.37,-3.12,기한청산
코스피200 지수,만기→다음주금,9,위,손절불가,1999-09-17,112.0,1999-09-22,3,114.31,2.06,1.04,기한청산
코스피200 지수,만기→다음주금,9,위,손절불가,2000-09-15,78.02,2000-09-22,5,68.56,-12.13,-12.13,기한청산
코스피200 지수,만기→다음주금,9,위,손절불가,2001-09-21,58.23,2001-09-28,5,58.91,1.17,-0.34,기한청산
코스피200 지수,만기→다음주금,9,위,손절불가,2002-09-19,88.41,2002-09-27,5,83.43,-5.63,-6.57,기한청산
코스피200 지수,만기→다음주금,9,위,손절불가,2003-09-19,96.13,2003-09-26,5,89.51,-6.89,-6.89,기한청산
코스피200 지수,만기→다음주금,9,위,손절불가,2004-09-17,109.32,2004-09-24,5,107.33,-1.82,-2.18,기한청산
코스피200 지수,만기→다음주금,9,위,손절불가,2005-09-16,152.55,2005-09-23,4,152.39,-0.1,-0.1,기한청산
코스피200 지수,만기→다음주금,9,위,손절불가,2006-09-15,176.51,2006-09-22,5,175.0,-0.86,-0.86,기한청산
코스피200 지수,만기→다음주금,9,위,손절불가,2007-09-21,243.45,2007-09-28,2,247.2,1.54,1.5,기한청산
코스피200 지수,만기→다음주금,9,위,손절불가,2008-09-19,188.31,2008-09-26,5,190.6,1.22,0.45,기한청산
코스피200 지수,만기→다음주금,9,위,손절불가,2009-09-18,222.34,2009-09-25,5,221.82,-0.23,-0.23,기한청산
코스피200 지수,만기→다음주금,9,위,손절불가,2010-09-17,237.64,2010-09-24,2,239.8,0.91,0.27,기한청산
코스피200 지수,만기→다음주금,9,위,손절불가,2011-09-16,237.5,2011-09-23,5,218.62,-7.95,-7.95,기한청산
코스피200 지수,만기→다음주금,9,위,손절불가,2012-09-21,263.41,2012-09-28,5,262.49,-0.35,-1.14,기한청산
코스피200 지수,만기→다음주금,9,위,손절불가,2013-09-17,262.56,2013-09-27,5,262.94,0.14,-0.42,기한청산
코스피200 지수,만기→다음주금,9,위,손절불가,2014-09-19,262.31,2014-09-26,5,258.33,-1.52,-1.52,기한청산
코스피200 지수,만기→다음주금,9,위,손절불가,2015-09-18,241.12,2015-09-25,5,233.79,-3.04,-3.04,기한청산
코스피200 지수,만기→다음주금,9,위,손절불가,2016-09-13,251.77,2016-09-23,5,258.37,2.62,0.86,기한청산
코스피200 지수,만기→다음주금,9,위,손절불가,2017-09-15,313.69,2017-09-22,5,316.71,0.96,0.96,기한청산
코스피200 지수,만기→다음주금,9,위,손절불가,2018-09-21,300.81,2018-09-28,2,300.51,-0.1,-0.1,기한청산
코스피200 지수,만기→다음주금,9,위,손절불가,2019-09-20,276.44,2019-09-27,5,271.33,-1.85,-1.85,기한청산
코스피200 지수,만기→다음주금,9,위,손절불가,2020-09-18,318.39,2020-09-25,5,303.57,-4.65,-5.0,기한청산
코스피200 지수,만기→다음주금,9,위,손절불가,2021-09-17,410.99,2021-09-24,2,409.84,-0.28,-0.28,기한청산
코스피200 지수,만기→다음주금,9,위,손절불가,2022-09-16,308.69,2022-09-23,5,297.74,-3.55,-3.55,기한청산
코스피200 지수,만기→다음주금,9,위,손절불가,2023-09-15,344.98,2023-09-22,5,332.02,-3.76,-3.76,기한청산
코스피200 지수,만기→다음주금,9,위,손절불가,2024-09-20,344.67,2024-09-27,5,353.93,2.69,-0.03,기한청산
코스피200 지수,만기→다음주금,9,위,손절불가,2025-09-19,473.44,2025-09-26,5,468.03,-1.14,-1.14,기한청산
코스피200 지수,만기→다음주금,9,아래,손절불가,1990-09-21,64.62,1990-09-28,6,66.31,-2.62,-2.62,기한청산
코스피200 지수,만기→다음주금,9,아래,손절불가,1991-09-20,78.29,1991-09-27,4,77.82,0.6,0.6,기한청산
코스피200 지수,만기→다음주금,9,아래,손절불가,1992-09-18,59.18,1992-09-25,6,57.94,2.1,-1.01,기한청산
코스피200 지수,만기→다음주금,9,아래,손절불가,1993-09-17,75.41,1993-09-24,6,76.89,-1.96,-2.19,기한청산
코스피200 지수,만기→다음주금,9,아래,손절불가,1994-09-16,115.06,1994-09-23,3,118.33,-2.84,-3.34,기한청산
코스피200 지수,만기→다음주금,9,아래,손절불가,1995-09-15,112.52,1995-09-22,6,113.53,-0.9,-2.49,기한청산
코스피200 지수,만기→다음주금,9,아래,손절불가,1996-09-20,79.01,1996-09-25,4,83.12,-5.2,-5.2,기한청산
코스피200 지수,만기→다음주금,9,아래,손절불가,1997-09-19,71.72,1997-09-26,6,66.02,7.95,1.66,기한청산
코스피200 지수,만기→다음주금,9,아래,손절불가,1998-09-18,34.24,1998-09-25,6,34.71,-1.37,-4.0,기한청산
코스피200 지수,만기→다음주금,9,아래,손절불가,1999-09-17,112.0,1999-09-22,3,114.31,-2.06,-3.87,기한청산
코스피200 지수,만기→다음주금,9,아래,손절불가,2000-09-15,78.02,2000-09-22,5,68.56,12.13,3.49,기한청산
코스피200 지수,만기→다음주금,9,아래,손절불가,2001-09-21,58.23,2001-09-28,5,58.91,-1.17,-2.06,기한청산
코스피200 지수,만기→다음주금,9,아래,손절불가,2002-09-19,88.41,2002-09-27,5,83.43,5.63,3.65,기한청산
코스피200 지수,만기→다음주금,9,아래,손절불가,2003-09-19,96.13,2003-09-26,5,89.51,6.89,3.16,기한청산
코스피200 지수,만기→다음주금,9,아래,손절불가,2004-09-17,109.32,2004-09-24,5,107.33,1.82,-1.01,기한청산
코스피200 지수,만기→다음주금,9,아래,손절불가,2005-09-16,152.55,2005-09-23,4,152.39,0.1,-2.07,기한청산
코스피200 지수,만기→다음주금,9,아래,손절불가,2006-09-15,176.51,2006-09-22,5,175.0,0.86,-1.03,기한청산
코스피200 지수,만기→다음주금,9,아래,손절불가,2007-09-21,243.45,2007-09-28,2,247.2,-1.54,-1.54,기한청산
코스피200 지수,만기→다음주금,9,아래,손절불가,2008-09-19,188.31,2008-09-26,5,190.6,-1.22,-2.95,기한청산
코스피200 지수,만기→다음주금,9,아래,손절불가,2009-09-18,222.34,2009-09-25,5,221.82,0.23,-1.32,기한청산
코스피200 지수,만기→다음주금,9,아래,손절불가,2010-09-17,237.64,2010-09-24,2,239.8,-0.91,-0.91,기한청산
코스피200 지수,만기→다음주금,9,아래,손절불가,2011-09-16,237.5,2011-09-23,5,218.62,7.95,-0.85,기한청산
코스피200 지수,만기→다음주금,9,아래,손절불가,2012-09-21,263.41,2012-09-28,5,262.49,0.35,-0.06,기한청산
코스피200 지수,만기→다음주금,9,아래,손절불가,2013-09-17,262.56,2013-09-27,5,262.94,-0.14,-0.18,기한청산
코스피200 지수,만기→다음주금,9,아래,손절불가,2014-09-19,262.31,2014-09-26,5,258.33,1.52,0.82,기한청산
코스피200 지수,만기→다음주금,9,아래,손절불가,2015-09-18,241.12,2015-09-25,5,233.79,3.04,1.01,기한청산
코스피200 지수,만기→다음주금,9,아래,손절불가,2016-09-13,251.77,2016-09-23,5,258.37,-2.62,-2.62,기한청산
코스피200 지수,만기→다음주금,9,아래,손절불가,2017-09-15,313.69,2017-09-22,5,316.71,-0.96,-1.67,기한청산
코스피200 지수,만기→다음주금,9,아래,손절불가,2018-09-21,300.81,2018-09-28,2,300.51,0.1,-0.59,기한청산
코스피200 지수,만기→다음주금,9,아래,손절불가,2019-09-20,276.44,2019-09-27,5,271.33,1.85,-0.55,기한청산
코스피200 지수,만기→다음주금,9,아래,손절불가,2020-09-18,318.39,2020-09-25,5,303.57,4.65,0.79,기한청산
코스피200 지수,만기→다음주금,9,아래,손절불가,2021-09-17,410.99,2021-09-24,2,409.84,0.28,0.13,기한청산
코스피200 지수,만기→다음주금,9,아래,손절불가,2022-09-16,308.69,2022-09-23,5,297.74,3.55,0.37,기한청산
코스피200 지수,만기→다음주금,9,아래,손절불가,2023-09-15,344.98,2023-09-22,5,332.02,3.76,1.25,기한청산
코스피200 지수,만기→다음주금,9,아래,손절불가,2024-09-20,344.67,2024-09-27,5,353.93,-2.69,-3.41,기한청산
코스피200 지수,만기→다음주금,9,아래,손절불가,2025-09-19,473.44,2025-09-26,5,468.03,1.14,-1.71,기한청산
코스피200 지수,만기→다음주금,12,위,손절불가,1990-12-21,77.73,1990-12-26,3,76.61,-1.44,-1.89,기한청산
코스피200 지수,만기→다음주금,12,위,손절불가,1991-12-20,68.51,1991-12-26,4,68.63,0.18,-4.03,기한청산
코스피200 지수,만기→다음주금,12,위,손절불가,1992-12-17,72.67,1992-12-24,5,74.06,1.91,-1.25,기한청산
코스피200 지수,만기→다음주금,12,위,손절불가,1993-12-17,96.4,1993-12-24,6,94.99,-1.46,-3.21,기한청산
코스피200 지수,만기→다음주금,12,위,손절불가,1994-12-16,115.58,1994-12-23,6,114.95,-0.55,-1.9,기한청산
코스피200 지수,만기→다음주금,12,위,손절불가,1995-12-15,101.39,1995-12-22,6,101.0,-0.38,-3.65,기한청산
코스피200 지수,만기→다음주금,12,위,손절불가,1996-12-20,72.45,1996-12-27,5,67.93,-6.24,-6.24,기한청산
코스피200 지수,만기→다음주금,12,위,손절불가,1997-12-19,44.65,1997-12-26,5,41.94,-6.07,-12.47,기한청산
코스피200 지수,만기→다음주금,12,위,손절불가,1998-12-18,59.69,1998-12-24,4,63.8,6.89,5.21,기한청산
코스피200 지수,만기→다음주금,12,위,손절불가,1999-12-17,117.39,1999-12-24,5,124.68,6.21,1.94,기한청산
코스피200 지수,만기→다음주금,12,위,손절불가,2000-12-15,66.84,2000-12-22,5,62.83,-6.0,-6.0,기한청산
코스피200 지수,만기→다음주금,12,위,손절불가,2001-12-21,80.43,2001-12-28,4,86.97,8.13,0.34,기한청산
코스피200 지수,만기→다음주금,12,위,손절불가,2002-12-20,90.19,2002-12-27,4,83.72,-7.17,-7.17,기한청산
코스피200 지수,만기→다음주금,12,위,손절불가,2003-12-19,105.04,2003-12-26,4,102.43,-2.48,-2.48,기한청산
코스피200 지수,만기→다음주금,12,위,손절불가,2004-12-17,112.63,2004-12-24,5,113.15,0.46,-0.08,기한청산
코스피200 지수,만기→다음주금,12,위,손절불가,2005-12-16,169.45,2005-12-23,5,175.11,3.34,1.45,기한청산
코스피200 지수,만기→다음주금,12,위,손절불가,2006-12-15,183.82,2006-12-22,5,185.98,1.18,0.44,기한청산
코스피200 지수,만기→다음주금,12,위,손절불가,2007-12-21,239.6,2007-12-28,4,241.27,0.7,0.7,기한청산
코스피200 지수,만기→다음주금,12,위,손절불가,2008-12-19,154.1,2008-12-26,4,145.81,-5.38,-5.38,기한청산
코스피200 지수,만기→다음주금,12,위,손절불가,2009-12-18,216.68,2009-12-24,4,221.67,2.3,-0.22,기한청산
코스피200 지수,만기→다음주금,12,위,손절불가,2010-12-17,267.67,2010-12-24,5,268.5,0.31,-0.09,기한청산
코스피200 지수,만기→다음주금,12,위,손절불가,2011-12-16,239.82,2011-12-23,5,244.22,1.83,-3.37,기한청산
코스피200 지수,만기→다음주금,12,위,손절불가,2012-12-21,261.89,2012-12-28,4,263.92,0.78,0.03,기한청산
코스피200 지수,만기→다음주금,12,위,손절불가,2013-12-20,261.27,2013-12-27,4,263.32,0.78,0.72,기한청산
코스피200 지수,만기→다음주금,12,위,손절불가,2014-12-19,247.96,2014-12-26,4,250.05,0.84,0.44,기한청산
코스피200 지수,만기→다음주금,12,위,손절불가,2015-12-18,243.0,2015-12-24,4,245.33,0.96,0.31,기한청산
코스피200 지수,만기→다음주금,12,위,손절불가,2016-12-16,262.56,2016-12-23,5,261.61,-0.36,-0.36,기한청산
코스피200 지수,만기→다음주금,12,위,손절불가,2017-12-15,326.23,2017-12-22,5,321.21,-1.54,-2.0,기한청산
코스피200 지수,만기→다음주금,12,위,손절불가,2018-12-21,265.06,2018-12-28,4,261.98,-1.16,-1.69,기한청산
코스피200 지수,만기→다음주금,12,위,손절불가,2019-12-20,295.31,2019-12-27,4,295.2,-0.04,-0.82,기한청산
코스피200 지수,만기→다음주금,12,위,손절불가,2020-12-18,371.55,2020-12-24,4,379.18,2.05,-1.38,기한청산
코스피200 지수,만기→다음주금,12,위,손절불가,2021-12-17,398.96,2021-12-24,5,400.53,0.39,-1.9,기한청산
코스피200 지수,만기→다음주금,12,위,손절불가,2022-12-16,307.48,2022-12-23,5,302.07,-1.76,-1.76,기한청산
코스피200 지수,만기→다음주금,12,위,손절불가,2023-12-15,343.99,2023-12-22,5,349.15,1.5,-0.14,기한청산
코스피200 지수,만기→다음주금,12,위,손절불가,2024-12-20,318.33,2024-12-27,4,319.03,0.22,0.22,기한청산
코스피200 지수,만기→다음주금,12,위,손절불가,2025-12-19,568.4,2025-12-26,4,590.08,3.81,2.52,기한청산
코스피200 지수,만기→다음주금,12,아래,손절불가,1990-12-21,77.73,1990-12-26,3,76.61,1.44,0.31,기한청산
코스피200 지수,만기→다음주금,12,아래,손절불가,1991-12-20,68.51,1991-12-26,4,68.63,-0.18,-0.18,기한청산
코스피200 지수,만기→다음주금,12,아래,손절불가,1992-12-17,72.67,1992-12-24,5,74.06,-1.91,-1.91,기한청산
코스피200 지수,만기→다음주금,12,아래,손절불가,1993-12-17,96.4,1993-12-24,6,94.99,1.46,0.71,기한청산
코스피200 지수,만기→다음주금,12,아래,손절불가,1994-12-16,115.58,1994-12-23,6,114.95,0.55,0.07,기한청산
코스피200 지수,만기→다음주금,12,아래,손절불가,1995-12-15,101.39,1995-12-22,6,101.0,0.38,-0.32,기한청산
코스피200 지수,만기→다음주금,12,아래,손절불가,1996-12-20,72.45,1996-12-27,5,67.93,6.24,1.28,기한청산
코스피200 지수,만기→다음주금,12,아래,손절불가,1997-12-19,44.65,1997-12-26,5,41.94,6.07,-0.6,기한청산
코스피200 지수,만기→다음주금,12,아래,손절불가,1998-12-18,59.69,1998-12-24,4,63.8,-6.89,-7.71,기한청산
코스피200 지수,만기→다음주금,12,아래,손절불가,1999-12-17,117.39,1999-12-24,5,124.68,-6.21,-6.21,기한청산
코스피200 지수,만기→다음주금,12,아래,손절불가,2000-12-15,66.84,2000-12-22,5,62.83,6.0,-1.08,기한청산
코스피200 지수,만기→다음주금,12,아래,손절불가,2001-12-21,80.43,2001-12-28,4,86.97,-8.13,-8.13,기한청산
코스피200 지수,만기→다음주금,12,아래,손절불가,2002-12-20,90.19,2002-12-27,4,83.72,7.17,2.46,기한청산
코스피200 지수,만기→다음주금,12,아래,손절불가,2003-12-19,105.04,2003-12-26,4,102.43,2.48,0.84,기한청산
코스피200 지수,만기→다음주금,12,아래,손절불가,2004-12-17,112.63,2004-12-24,5,113.15,-0.46,-0.91,기한청산
코스피200 지수,만기→다음주금,12,아래,손절불가,2005-12-16,169.45,2005-12-23,5,175.11,-3.34,-3.34,기한청산
코스피200 지수,만기→다음주금,12,아래,손절불가,2006-12-15,183.82,2006-12-22,5,185.98,-1.18,-1.48,기한청산
코스피200 지수,만기→다음주금,12,아래,손절불가,2007-12-21,239.6,2007-12-28,4,241.27,-0.7,-2.31,기한청산
코스피200 지수,만기→다음주금,12,아래,손절불가,2008-12-19,154.1,2008-12-26,4,145.81,5.38,0.08,기한청산
코스피200 지수,만기→다음주금,12,아래,손절불가,2009-12-18,216.68,2009-12-24,4,221.67,-2.3,-2.3,기한청산
코스피200 지수,만기→다음주금,12,아래,손절불가,2010-12-17,267.67,2010-12-24,5,268.5,-0.31,-0.73,기한청산
코스피200 지수,만기→다음주금,12,아래,손절불가,2011-12-16,239.82,2011-12-23,5,244.22,-1.83,-1.83,기한청산
코스피200 지수,만기→다음주금,12,아래,손절불가,2012-12-21,261.89,2012-12-28,4,263.92,-0.78,-0.78,기한청산
코스피200 지수,만기→다음주금,12,아래,손절불가,2013-12-20,261.27,2013-12-27,4,263.32,-0.78,-0.88,기한청산
코스피200 지수,만기→다음주금,12,아래,손절불가,2014-12-19,247.96,2014-12-26,4,250.05,-0.84,-0.85,기한청산
코스피200 지수,만기→다음주금,12,아래,손절불가,2015-12-18,243.0,2015-12-24,4,245.33,-0.96,-1.45,기한청산
코스피200 지수,만기→다음주금,12,아래,손절불가,2016-12-16,262.56,2016-12-23,5,261.61,0.36,-0.01,기한청산
코스피200 지수,만기→다음주금,12,아래,손절불가,2017-12-15,326.23,2017-12-22,5,321.21,1.54,-0.16,기한청산
코스피200 지수,만기→다음주금,12,아래,손절불가,2018-12-21,265.06,2018-12-28,4,261.98,1.16,0.23,기한청산
코스피200 지수,만기→다음주금,12,아래,손절불가,2019-12-20,295.31,2019-12-27,4,295.2,0.04,0.04,기한청산
코스피200 지수,만기→다음주금,12,아래,손절불가,2020-12-18,371.55,2020-12-24,4,379.18,-2.05,-2.05,기한청산
코스피200 지수,만기→다음주금,12,아래,손절불가,2021-12-17,398.96,2021-12-24,5,400.53,-0.39,-0.39,기한청산
코스피200 지수,만기→다음주금,12,아래,손절불가,2022-12-16,307.48,2022-12-23,5,302.07,1.76,-0.0,기한청산
코스피200 지수,만기→다음주금,12,아래,손절불가,2023-12-15,343.99,2023-12-22,5,349.15,-1.5,-1.78,기한청산
코스피200 지수,만기→다음주금,12,아래,손절불가,2024-12-20,318.33,2024-12-27,4,319.03,-0.22,-1.59,기한청산
코스피200 지수,만기→다음주금,12,아래,손절불가,2025-12-19,568.4,2025-12-26,4,590.08,-3.81,-3.81,기한청산
코스피200 지수,만기→말일,9,위,손절불가,1990-09-21,64.62,1990-09-29,7,66.88,3.5,0.19,기한청산
코스피200 지수,만기→말일,9,위,손절불가,1991-09-20,78.29,1991-09-30,6,80.23,2.48,-1.44,기한청산
코스피200 지수,만기→말일,9,위,손절불가,1992-09-18,59.18,1992-09-30,10,56.62,-4.33,-4.33,기한청산
코스피200 지수,만기→말일,9,위,손절불가,1993-09-17,75.41,1993-09-28,9,78.6,4.23,-0.32,기한청산
코스피200 지수,만기→말일,9,위,손절불가,1994-09-16,115.06,1994-09-30,9,120.16,4.43,2.49,기한청산
코스피200 지수,만기→말일,9,위,손절불가,1995-09-15,112.52,1995-09-30,13,111.97,-0.49,-0.63,기한청산
코스피200 지수,만기→말일,9,위,손절불가,1996-09-20,79.01,1996-09-30,5,82.66,4.62,1.51,기한청산
코스피200 지수,만기→말일,9,위,손절불가,1997-09-19,71.72,1997-09-30,9,68.07,-5.09,-8.78,기한청산
코스피200 지수,만기→말일,9,위,손절불가,1998-09-18,34.24,1998-09-30,10,35.45,3.53,-3.12,기한청산
코스피200 지수,만기→말일,9,위,손절불가,1999-09-17,112.0,1999-09-30,7,100.71,-10.08,-10.08,기한청산
코스피200 지수,만기→말일,9,위,손절불가,2000-09-15,78.02,2000-09-29,10,76.37,-2.11,-12.13,기한청산
코스피200 지수,만기→말일,9,위,손절불가,2001-09-21,58.23,2001-09-28,5,58.91,1.17,-0.34,기한청산
코스피200 지수,만기→말일,9,위,손절불가,2002-09-19,88.41,2002-09-30,6,81.37,-7.96,-7.96,기한청산
코스피200 지수,만기→말일,9,위,손절불가,2003-09-19,96.13,2003-09-30,7,89.55,-6.84,-7.03,기한청산
코스피200 지수,만기→말일,9,위,손절불가,2004-09-17,109.32,2004-09-30,6,107.69,-1.49,-2.18,기한청산
코스피200 지수,만기→말일,9,위,손절불가,2005-09-16,152.55,2005-09-30,9,157.55,3.28,-0.1,기한청산
코스피200 지수,만기→말일,9,위,손절불가,2006-09-15,176.51,2006-09-29,10,178.05,0.87,-1.09,기한청산
코스피200 지수,만기→말일,9,위,손절불가,2007-09-21,243.45,2007-09-28,2,247.2,1.54,1.5,기한청산
코스피200 지수,만기→말일,9,위,손절불가,2008-09-19,188.31,2008-09-30,7,186.62,-0.9,-0.9,기한청산
코스피200 지수,만기→말일,9,위,손절불가,2009-09-18,222.34,2009-09-30,8,219.75,-1.16,-1.21,기한청산
코스피200 지수,만기→말일,9,위,손절불가,2010-09-17,237.64,2010-09-30,6,242.95,2.23,0.27,기한청산
코스피200 지수,만기→말일,9,위,손절불가,2011-09-16,237.5,2011-09-30,10,230.41,-2.99,-9.82,기한청산
코스피200 지수,만기→말일,9,위,손절불가,2012-09-21,263.41,2012-09-28,5,262.49,-0.35,-1.14,기한청산
코스피200 지수,만기→말일,9,위,손절불가,2013-09-17,262.56,2013-09-30,6,260.91,-0.63,-0.63,기한청산
코스피200 지수,만기→말일,9,위,손절불가,2014-09-19,262.31,2014-09-30,7,256.77,-2.11,-2.11,기한청산
코스피200 지수,만기→말일,9,위,손절불가,2015-09-18,241.12,2015-09-30,6,236.71,-1.83,-3.04,기한청산
코스피200 지수,만기→말일,9,위,손절불가,2016-09-13,251.77,2016-09-30,10,257.49,2.27,0.86,기한청산
코스피200 지수,만기→말일,9,위,손절불가,2017-09-15,313.69,2017-09-29,10,316.27,0.82,0.04,기한청산
코스피200 지수,만기→말일,9,위,손절불가,2018-09-21,300.81,2018-09-28,2,300.51,-0.1,-0.1,기한청산
코스피200 지수,만기→말일,9,위,손절불가,2019-09-20,276.44,2019-09-30,6,273.55,-1.05,-1.85,기한청산
코스피200 지수,만기→말일,9,위,손절불가,2020-09-18,318.39,2020-09-29,7,309.44,-2.81,-5.0,기한청산
코스피200 지수,만기→말일,9,위,손절불가,2021-09-17,410.99,2021-09-30,6,401.3,-2.36,-2.65,기한청산
코스피200 지수,만기→말일,9,위,손절불가,2022-09-16,308.69,2022-09-30,10,281.36,-8.85,-8.85,기한청산
코스피200 지수,만기→말일,9,위,손절불가,2023-09-15,344.98,2023-09-27,8,326.71,-5.3,-5.3,기한청산
코스피200 지수,만기→말일,9,위,손절불가,2024-09-20,344.67,2024-09-30,6,344.76,0.03,-0.03,기한청산
코스피200 지수,만기→말일,9,위,손절불가,2025-09-19,473.44,2025-09-30,7,474.03,0.12,-1.14,기한청산
코스피200 지수,만기→말일,9,아래,손절불가,1990-09-21,64.62,1990-09-29,7,66.88,-3.5,-3.5,기한청산
코스피200 지수,만기→말일,9,아래,손절불가,1991-09-20,78.29,1991-09-30,6,80.23,-2.48,-2.48,기한청산
코스피200 지수,만기→말일,9,아래,손절불가,1992-09-18,59.18,1992-09-30,10,56.62,4.33,-1.01,기한청산
코스피200 지수,만기→말일,9,아래,손절불가,1993-09-17,75.41,1993-09-28,9,78.6,-4.23,-4.23,기한청산
코스피200 지수,만기→말일,9,아래,손절불가,1994-09-16,115.06,1994-09-30,9,120.16,-4.43,-4.6,기한청산
코스피200 지수,만기→말일,9,아래,손절불가,1995-09-15,112.52,1995-09-30,13,111.97,0.49,-2.49,기한청산
코스피200 지수,만기→말일,9,아래,손절불가,1996-09-20,79.01,1996-09-30,5,82.66,-4.62,-5.2,기한청산
코스피200 지수,만기→말일,9,아래,손절불가,1997-09-19,71.72,1997-09-30,9,68.07,5.09,1.66,기한청산
코스피200 지수,만기→말일,9,아래,손절불가,1998-09-18,34.24,1998-09-30,10,35.45,-3.53,-4.56,기한청산
코스피200 지수,만기→말일,9,아래,손절불가,1999-09-17,112.0,1999-09-30,7,100.71,10.08,-3.87,기한청산
코스피200 지수,만기→말일,9,아래,손절불가,2000-09-15,78.02,2000-09-29,10,76.37,2.11,2.11,기한청산
코스피200 지수,만기→말일,9,아래,손절불가,2001-09-21,58.23,2001-09-28,5,58.91,-1.17,-2.06,기한청산
코스피200 지수,만기→말일,9,아래,손절불가,2002-09-19,88.41,2002-09-30,6,81.37,7.96,3.65,기한청산
코스피200 지수,만기→말일,9,아래,손절불가,2003-09-19,96.13,2003-09-30,7,89.55,6.84,3.16,기한청산
코스피200 지수,만기→말일,9,아래,손절불가,2004-09-17,109.32,2004-09-30,6,107.69,1.49,-1.01,기한청산
코스피200 지수,만기→말일,9,아래,손절불가,2005-09-16,152.55,2005-09-30,9,157.55,-3.28,-4.27,기한청산
코스피200 지수,만기→말일,9,아래,손절불가,2006-09-15,176.51,2006-09-29,10,178.05,-0.87,-1.03,기한청산
코스피200 지수,만기→말일,9,아래,손절불가,2007-09-21,243.45,2007-09-28,2,247.2,-1.54,-1.54,기한청산
코스피200 지수,만기→말일,9,아래,손절불가,2008-09-19,188.31,2008-09-30,7,186.62,0.9,-2.95,기한청산
코스피200 지수,만기→말일,9,아래,손절불가,2009-09-18,222.34,2009-09-30,8,219.75,1.16,-1.32,기한청산
코스피200 지수,만기→말일,9,아래,손절불가,2010-09-17,237.64,2010-09-30,6,242.95,-2.23,-2.23,기한청산
코스피200 지수,만기→말일,9,아래,손절불가,2011-09-16,237.5,2011-09-30,10,230.41,2.99,-0.85,기한청산
코스피200 지수,만기→말일,9,아래,손절불가,2012-09-21,263.41,2012-09-28,5,262.49,0.35,-0.06,기한청산
코스피200 지수,만기→말일,9,아래,손절불가,2013-09-17,262.56,2013-09-30,6,260.91,0.63,-0.18,기한청산
코스피200 지수,만기→말일,9,아래,손절불가,2014-09-19,262.31,2014-09-30,7,256.77,2.11,0.82,기한청산
코스피200 지수,만기→말일,9,아래,손절불가,2015-09-18,241.12,2015-09-30,6,236.71,1.83,1.01,기한청산
코스피200 지수,만기→말일,9,아래,손절불가,2016-09-13,251.77,2016-09-30,10,257.49,-2.27,-3.41,기한청산
코스피200 지수,만기→말일,9,아래,손절불가,2017-09-15,313.69,2017-09-29,10,316.27,-0.82,-1.67,기한청산
코스피200 지수,만기→말일,9,아래,손절불가,2018-09-21,300.81,2018-09-28,2,300.51,0.1,-0.59,기한청산
코스피200 지수,만기→말일,9,아래,손절불가,2019-09-20,276.44,2019-09-30,6,273.55,1.05,-0.55,기한청산
코스피200 지수,만기→말일,9,아래,손절불가,2020-09-18,318.39,2020-09-29,7,309.44,2.81,0.79,기한청산
코스피200 지수,만기→말일,9,아래,손절불가,2021-09-17,410.99,2021-09-30,6,401.3,2.36,0.0,기한청산
코스피200 지수,만기→말일,9,아래,손절불가,2022-09-16,308.69,2022-09-30,10,281.36,8.85,0.37,기한청산
코스피200 지수,만기→말일,9,아래,손절불가,2023-09-15,344.98,2023-09-27,8,326.71,5.3,1.25,기한청산
코스피200 지수,만기→말일,9,아래,손절불가,2024-09-20,344.67,2024-09-30,6,344.76,-0.03,-3.41,기한청산
코스피200 지수,만기→말일,9,아래,손절불가,2025-09-19,473.44,2025-09-30,7,474.03,-0.12,-1.71,기한청산
코스피200 지수,만기→말일,12,위,손절불가,1990-12-21,77.73,1990-12-26,3,76.61,-1.44,-1.89,기한청산
코스피200 지수,만기→말일,12,위,손절불가,1991-12-20,68.51,1991-12-26,4,68.63,0.18,-4.03,기한청산
코스피200 지수,만기→말일,12,위,손절불가,1992-12-17,72.67,1992-12-28,7,74.49,2.5,-1.25,기한청산
코스피200 지수,만기→말일,12,위,손절불가,1993-12-17,96.4,1993-12-28,8,96.19,-0.22,-3.21,기한청산
코스피200 지수,만기→말일,12,위,손절불가,1994-12-16,115.58,1994-12-28,10,113.51,-1.79,-2.28,기한청산
코스피200 지수,만기→말일,12,위,손절불가,1995-12-15,101.39,1995-12-27,9,100.01,-1.36,-3.65,기한청산
코스피200 지수,만기→말일,12,위,손절불가,1996-12-20,72.45,1996-12-27,5,67.93,-6.24,-6.24,기한청산
코스피200 지수,만기→말일,12,위,손절불가,1997-12-19,44.65,1997-12-27,6,42.34,-5.17,-12.47,기한청산
코스피200 지수,만기→말일,12,위,손절불가,1998-12-18,59.69,1998-12-28,5,64.94,8.8,5.21,기한청산
코스피200 지수,만기→말일,12,위,손절불가,1999-12-17,117.39,1999-12-28,7,130.02,10.76,1.94,기한청산
코스피200 지수,만기→말일,12,위,손절불가,2000-12-15,66.84,2000-12-26,6,63.35,-5.22,-6.0,기한청산
코스피200 지수,만기→말일,12,위,손절불가,2001-12-21,80.43,2001-12-28,4,86.97,8.13,0.34,기한청산
코스피200 지수,만기→말일,12,위,손절불가,2002-12-20,90.19,2002-12-30,5,79.87,-11.44,-11.44,기한청산
코스피200 지수,만기→말일,12,위,손절불가,2003-12-19,105.04,2003-12-30,6,105.21,0.16,-2.48,기한청산
코스피200 지수,만기→말일,12,위,손절불가,2004-12-17,112.63,2004-12-30,9,115.25,2.33,-0.08,기한청산
코스피200 지수,만기→말일,12,위,손절불가,2005-12-16,169.45,2005-12-29,9,177.43,4.71,1.45,기한청산
코스피200 지수,만기→말일,12,위,손절불가,2006-12-15,183.82,2006-12-28,8,185.39,0.85,0.26,기한청산
코스피200 지수,만기→말일,12,위,손절불가,2007-12-21,239.6,2007-12-28,4,241.27,0.7,0.7,기한청산
코스피200 지수,만기→말일,12,위,손절불가,2008-12-19,154.1,2008-12-30,6,146.35,-5.03,-5.44,기한청산
코스피200 지수,만기→말일,12,위,손절불가,2009-12-18,216.68,2009-12-30,7,221.86,2.39,-0.22,기한청산
코스피200 지수,만기→말일,12,위,손절불가,2010-12-17,267.67,2010-12-30,9,271.19,1.32,-0.12,기한청산
코스피200 지수,만기→말일,12,위,손절불가,2011-12-16,239.82,2011-12-29,9,238.08,-0.73,-3.37,기한청산
코스피200 지수,만기→말일,12,위,손절불가,2012-12-21,261.89,2012-12-28,4,263.92,0.78,0.03,기한청산
코스피200 지수,만기→말일,12,위,손절불가,2013-12-20,261.27,2013-12-30,5,264.24,1.14,0.72,기한청산
코스피200 지수,만기→말일,12,위,손절불가,2014-12-19,247.96,2014-12-30,6,244.05,-1.58,-1.58,기한청산
코스피200 지수,만기→말일,12,위,손절불가,2015-12-18,243.0,2015-12-30,7,240.38,-1.08,-1.08,기한청산
코스피200 지수,만기→말일,12,위,손절불가,2016-12-16,262.56,2016-12-29,9,260.01,-0.97,-1.09,기한청산
코스피200 지수,만기→말일,12,위,손절불가,2017-12-15,326.23,2017-12-28,8,324.74,-0.46,-2.25,기한청산
코스피200 지수,만기→말일,12,위,손절불가,2018-12-21,265.06,2018-12-28,4,261.98,-1.16,-1.69,기한청산
코스피200 지수,만기→말일,12,위,손절불가,2019-12-20,295.31,2019-12-30,5,293.77,-0.52,-0.82,기한청산
코스피200 지수,만기→말일,12,위,손절불가,2020-12-18,371.55,2020-12-30,7,389.29,4.77,-1.38,기한청산
코스피200 지수,만기→말일,12,위,손절불가,2021-12-17,398.96,2021-12-30,9,394.19,-1.2,-1.9,기한청산
코스피200 지수,만기→말일,12,위,손절불가,2022-12-16,307.48,2022-12-29,9,291.1,-5.33,-5.33,기한청산
코스피200 지수,만기→말일,12,위,손절불가,2023-12-15,343.99,2023-12-28,8,357.99,4.07,-0.14,기한청산
코스피200 지수,만기→말일,12,위,손절불가,2024-12-20,318.33,2024-12-30,5,317.82,-0.16,-0.16,기한청산
코스피200 지수,만기→말일,12,위,손절불가,2025-12-19,568.4,2025-12-30,6,605.98,6.61,2.52,기한청산
코스피200 지수,만기→말일,12,아래,손절불가,1990-12-21,77.73,1990-12-26,3,76.61,1.44,0.31,기한청산
코스피200 지수,만기→말일,12,아래,손절불가,1991-12-20,68.51,1991-12-26,4,68.63,-0.18,-0.18,기한청산
코스피200 지수,만기→말일,12,아래,손절불가,1992-12-17,72.67,1992-12-28,7,74.49,-2.5,-3.85,기한청산
코스피200 지수,만기→말일,12,아래,손절불가,1993-12-17,96.4,1993-12-28,8,96.19,0.22,-0.39,기한청산
코스피200 지수,만기→말일,12,아래,손절불가,1994-12-16,115.58,1994-12-28,10,113.51,1.79,0.07,기한청산
코스피200 지수,만기→말일,12,아래,손절불가,1995-12-15,101.39,1995-12-27,9,100.01,1.36,-0.32,기한청산
코스피200 지수,만기→말일,12,아래,손절불가,1996-12-20,72.45,1996-12-27,5,67.93,6.24,1.28,기한청산
코스피200 지수,만기→말일,12,아래,손절불가,1997-12-19,44.65,1997-12-27,6,42.34,5.17,-0.6,기한청산
코스피200 지수,만기→말일,12,아래,손절불가,1998-12-18,59.69,1998-12-28,5,64.94,-8.8,-8.8,기한청산
코스피200 지수,만기→말일,12,아래,손절불가,1999-12-17,117.39,1999-12-28,7,130.02,-10.76,-10.76,기한청산
코스피200 지수,만기→말일,12,아래,손절불가,2000-12-15,66.84,2000-12-26,6,63.35,5.22,-1.08,기한청산
코스피200 지수,만기→말일,12,아래,손절불가,2001-12-21,80.43,2001-12-28,4,86.97,-8.13,-8.13,기한청산
코스피200 지수,만기→말일,12,아래,손절불가,2002-12-20,90.19,2002-12-30,5,79.87,11.44,2.46,기한청산
코스피200 지수,만기→말일,12,아래,손절불가,2003-12-19,105.04,2003-12-30,6,105.21,-0.16,-0.16,기한청산
코스피200 지수,만기→말일,12,아래,손절불가,2004-12-17,112.63,2004-12-30,9,115.25,-2.33,-2.33,기한청산
코스피200 지수,만기→말일,12,아래,손절불가,2005-12-16,169.45,2005-12-29,9,177.43,-4.71,-4.71,기한청산
코스피200 지수,만기→말일,12,아래,손절불가,2006-12-15,183.82,2006-12-28,8,185.39,-0.85,-1.48,기한청산
코스피200 지수,만기→말일,12,아래,손절불가,2007-12-21,239.6,2007-12-28,4,241.27,-0.7,-2.31,기한청산
코스피200 지수,만기→말일,12,아래,손절불가,2008-12-19,154.1,2008-12-30,6,146.35,5.03,0.08,기한청산
코스피200 지수,만기→말일,12,아래,손절불가,2009-12-18,216.68,2009-12-30,7,221.86,-2.39,-2.47,기한청산
코스피200 지수,만기→말일,12,아래,손절불가,2010-12-17,267.67,2010-12-30,9,271.19,-1.32,-1.32,기한청산
코스피200 지수,만기→말일,12,아래,손절불가,2011-12-16,239.82,2011-12-29,9,238.08,0.73,-1.83,기한청산
코스피200 지수,만기→말일,12,아래,손절불가,2012-12-21,261.89,2012-12-28,4,263.92,-0.78,-0.78,기한청산
코스피200 지수,만기→말일,12,아래,손절불가,2013-12-20,261.27,2013-12-30,5,264.24,-1.14,-1.14,기한청산
코스피200 지수,만기→말일,12,아래,손절불가,2014-12-19,247.96,2014-12-30,6,244.05,1.58,-0.85,기한청산
코스피200 지수,만기→말일,12,아래,손절불가,2015-12-18,243.0,2015-12-30,7,240.38,1.08,-1.45,기한청산
코스피200 지수,만기→말일,12,아래,손절불가,2016-12-16,262.56,2016-12-29,9,260.01,0.97,-0.01,기한청산
코스피200 지수,만기→말일,12,아래,손절불가,2017-12-15,326.23,2017-12-28,8,324.74,0.46,-0.16,기한청산
코스피200 지수,만기→말일,12,아래,손절불가,2018-12-21,265.06,2018-12-28,4,261.98,1.16,0.23,기한청산
코스피200 지수,만기→말일,12,아래,손절불가,2019-12-20,295.31,2019-12-30,5,293.77,0.52,0.04,기한청산
코스피200 지수,만기→말일,12,아래,손절불가,2020-12-18,371.55,2020-12-30,7,389.29,-4.77,-4.77,기한청산
코스피200 지수,만기→말일,12,아래,손절불가,2021-12-17,398.96,2021-12-30,9,394.19,1.2,-0.56,기한청산
코스피200 지수,만기→말일,12,아래,손절불가,2022-12-16,307.48,2022-12-29,9,291.1,5.33,-0.0,기한청산
코스피200 지수,만기→말일,12,아래,손절불가,2023-12-15,343.99,2023-12-28,8,357.99,-4.07,-4.07,기한청산
코스피200 지수,만기→말일,12,아래,손절불가,2024-12-20,318.33,2024-12-30,5,317.82,0.16,-1.59,기한청산
코스피200 지수,만기→말일,12,아래,손절불가,2025-12-19,568.4,2025-12-30,6,605.98,-6.61,-6.61,기한청산
코스피200 지수,20일→다음주금,9,위,손절불가,1990-09-20,64.58,1990-09-28,7,66.31,2.68,0.06,기한청산
코스피200 지수,20일→다음주금,9,위,손절불가,1991-09-20,78.29,1991-09-27,4,77.82,-0.6,-1.44,기한청산
코스피200 지수,20일→다음주금,9,위,손절불가,1992-09-19,59.78,1992-09-25,5,57.94,-3.08,-4.0,기한청산
코스피200 지수,20일→다음주금,9,위,손절불가,1993-09-20,76.22,1993-09-28,7,78.6,3.12,-0.16,기한청산
코스피200 지수,20일→다음주금,9,위,손절불가,1994-09-17,117.92,1994-09-30,8,120.16,1.9,0.35,기한청산
코스피200 지수,20일→다음주금,9,위,손절불가,1995-09-20,115.0,1995-09-29,8,112.45,-2.22,-2.77,기한청산
코스피200 지수,20일→다음주금,9,위,손절불가,1996-09-20,79.01,1996-09-25,4,83.12,5.2,1.51,기한청산
코스피200 지수,20일→다음주금,9,위,손절불가,1997-09-20,70.53,1997-09-26,5,66.02,-6.39,-6.39,기한청산
코스피200 지수,20일→다음주금,9,위,손절불가,1998-09-19,34.13,1998-09-25,5,34.71,1.7,-2.81,기한청산
코스피200 지수,20일→다음주금,9,위,손절불가,1999-09-20,113.16,1999-10-01,7,101.81,-10.03,-11.0,기한청산
코스피200 지수,20일→다음주금,9,위,손절불가,2000-09-20,75.3,2000-09-29,7,76.37,1.42,-8.95,기한청산
코스피200 지수,20일→다음주금,9,위,손절불가,2001-09-20,59.34,2001-09-28,6,58.91,-0.72,-2.21,기한청산
코스피200 지수,20일→다음주금,9,위,손절불가,2002-09-19,88.41,2002-09-27,5,83.43,-5.63,-6.57,기한청산
코스피200 지수,20일→다음주금,9,위,손절불가,2003-09-19,96.13,2003-09-26,5,89.51,-6.89,-6.89,기한청산
코스피200 지수,20일→다음주금,9,위,손절불가,2004-09-20,110.38,2004-10-01,6,109.42,-0.87,-3.12,기한청산
코스피200 지수,20일→다음주금,9,위,손절불가,2005-09-20,154.69,2005-09-30,8,157.55,1.85,-1.49,기한청산
코스피200 지수,20일→다음주금,9,위,손절불가,2006-09-20,177.34,2006-09-29,7,178.05,0.4,-1.56,기한청산
코스피200 지수,20일→다음주금,9,위,손절불가,2007-09-20,242.42,2007-09-28,3,247.2,1.97,0.42,기한청산
코스피200 지수,20일→다음주금,9,위,손절불가,2008-09-19,188.31,2008-09-26,5,190.6,1.22,0.45,기한청산
코스피200 지수,20일→다음주금,9,위,손절불가,2009-09-18,222.34,2009-09-25,5,221.82,-0.23,-0.23,기한청산
코스피200 지수,20일→다음주금,9,위,손절불가,2010-09-20,238.29,2010-10-01,6,243.49,2.18,0.63,기한청산
코스피200 지수,20일→다음주금,9,위,손절불가,2011-09-20,237.53,2011-09-30,8,230.41,-3.0,-9.83,기한청산
코스피200 지수,20일→다음주금,9,위,손절불가,2012-09-20,261.87,2012-09-28,6,262.49,0.24,-0.55,기한청산
코스피200 지수,20일→다음주금,9,위,손절불가,2013-09-17,262.56,2013-09-27,5,262.94,0.14,-0.42,기한청산
코스피200 지수,20일→다음주금,9,위,손절불가,2014-09-19,262.31,2014-09-26,5,258.33,-1.52,-1.52,기한청산
코스피200 지수,20일→다음주금,9,위,손절불가,2015-09-18,241.12,2015-09-25,5,233.79,-3.04,-3.04,기한청산
코스피200 지수,20일→다음주금,9,위,손절불가,2016-09-20,255.09,2016-09-30,8,257.49,0.94,0.56,기한청산
코스피200 지수,20일→다음주금,9,위,손절불가,2017-09-20,318.48,2017-09-29,7,316.27,-0.69,-1.46,기한청산
코스피200 지수,20일→다음주금,9,위,손절불가,2018-09-20,299.04,2018-09-28,3,300.51,0.49,0.49,기한청산
코스피200 지수,20일→다음주금,9,위,손절불가,2019-09-20,276.44,2019-09-27,5,271.33,-1.85,-1.85,기한청산
코스피200 지수,20일→다음주금,9,위,손절불가,2020-09-18,318.39,2020-09-25,5,303.57,-4.65,-5.0,기한청산
코스피200 지수,20일→다음주금,9,위,손절불가,2021-09-17,410.99,2021-10-01,7,394.79,-3.94,-3.94,기한청산
코스피200 지수,20일→다음주금,9,위,손절불가,2022-09-20,307.54,2022-09-30,8,281.36,-8.51,-8.51,기한청산
코스피200 지수,20일→다음주금,9,위,손절불가,2023-09-20,338.75,2023-09-27,5,326.71,-3.55,-3.55,기한청산
코스피200 지수,20일→다음주금,9,위,손절불가,2024-09-20,344.67,2024-09-27,5,353.93,2.69,-0.03,기한청산
코스피200 지수,20일→다음주금,9,위,손절불가,2025-09-19,473.44,2025-09-26,5,468.03,-1.14,-1.14,기한청산
코스피200 지수,20일→다음주금,9,아래,손절불가,1990-09-20,64.58,1990-09-28,7,66.31,-2.68,-2.68,기한청산
코스피200 지수,20일→다음주금,9,아래,손절불가,1991-09-20,78.29,1991-09-27,4,77.82,0.6,0.6,기한청산
코스피200 지수,20일→다음주금,9,아래,손절불가,1992-09-19,59.78,1992-09-25,5,57.94,3.08,3.08,기한청산
코스피200 지수,20일→다음주금,9,아래,손절불가,1993-09-20,76.22,1993-09-28,7,78.6,-3.12,-3.12,기한청산
코스피200 지수,20일→다음주금,9,아래,손절불가,1994-09-17,117.92,1994-09-30,8,120.16,-1.9,-2.06,기한청산
코스피200 지수,20일→다음주금,9,아래,손절불가,1995-09-20,115.0,1995-09-29,8,112.45,2.22,-0.28,기한청산
코스피200 지수,20일→다음주금,9,아래,손절불가,1996-09-20,79.01,1996-09-25,4,83.12,-5.2,-5.2,기한청산
코스피200 지수,20일→다음주금,9,아래,손절불가,1997-09-20,70.53,1997-09-26,5,66.02,6.39,1.74,기한청산
코스피200 지수,20일→다음주금,9,아래,손절불가,1998-09-19,34.13,1998-09-25,5,34.71,-1.7,-4.34,기한청산
코스피200 지수,20일→다음주금,9,아래,손절불가,1999-09-20,113.16,1999-10-01,7,101.81,10.03,-2.8,기한청산
코스피200 지수,20일→다음주금,9,아래,손절불가,2000-09-20,75.3,2000-09-29,7,76.37,-1.42,-1.42,기한청산
코스피200 지수,20일→다음주금,9,아래,손절불가,2001-09-20,59.34,2001-09-28,6,58.91,0.72,-0.15,기한청산
코스피200 지수,20일→다음주금,9,아래,손절불가,2002-09-19,88.41,2002-09-27,5,83.43,5.63,3.65,기한청산
코스피200 지수,20일→다음주금,9,아래,손절불가,2003-09-19,96.13,2003-09-26,5,89.51,6.89,3.16,기한청산
코스피200 지수,20일→다음주금,9,아래,손절불가,2004-09-20,110.38,2004-10-01,6,109.42,0.87,-0.04,기한청산
코스피200 지수,20일→다음주금,9,아래,손절불가,2005-09-20,154.69,2005-09-30,8,157.55,-1.85,-2.83,기한청산
코스피200 지수,20일→다음주금,9,아래,손절불가,2006-09-20,177.34,2006-09-29,7,178.05,-0.4,-0.49,기한청산
코스피200 지수,20일→다음주금,9,아래,손절불가,2007-09-20,242.42,2007-09-28,3,247.2,-1.97,-1.97,기한청산
코스피200 지수,20일→다음주금,9,아래,손절불가,2008-09-19,188.31,2008-09-26,5,190.6,-1.22,-2.95,기한청산
코스피200 지수,20일→다음주금,9,아래,손절불가,2009-09-18,222.34,2009-09-25,5,221.82,0.23,-1.32,기한청산
코스피200 지수,20일→다음주금,9,아래,손절불가,2010-09-20,238.29,2010-10-01,6,243.49,-2.18,-2.18,기한청산
코스피200 지수,20일→다음주금,9,아래,손절불가,2011-09-20,237.53,2011-09-30,8,230.41,3.0,-0.83,기한청산
코스피200 지수,20일→다음주금,9,아래,손절불가,2012-09-20,261.87,2012-09-28,6,262.49,-0.24,-0.65,기한청산
코스피200 지수,20일→다음주금,9,아래,손절불가,2013-09-17,262.56,2013-09-27,5,262.94,-0.14,-0.18,기한청산
코스피200 지수,20일→다음주금,9,아래,손절불가,2014-09-19,262.31,2014-09-26,5,258.33,1.52,0.82,기한청산
코스피200 지수,20일→다음주금,9,아래,손절불가,2015-09-18,241.12,2015-09-25,5,233.79,3.04,1.01,기한청산
코스피200 지수,20일→다음주금,9,아래,손절불가,2016-09-20,255.09,2016-09-30,8,257.49,-0.94,-2.06,기한청산
코스피200 지수,20일→다음주금,9,아래,손절불가,2017-09-20,318.48,2017-09-29,7,316.27,0.69,0.07,기한청산
코스피200 지수,20일→다음주금,9,아래,손절불가,2018-09-20,299.04,2018-09-28,3,300.51,-0.49,-1.19,기한청산
코스피200 지수,20일→다음주금,9,아래,손절불가,2019-09-20,276.44,2019-09-27,5,271.33,1.85,-0.55,기한청산
코스피200 지수,20일→다음주금,9,아래,손절불가,2020-09-18,318.39,2020-09-25,5,303.57,4.65,0.79,기한청산
코스피200 지수,20일→다음주금,9,아래,손절불가,2021-09-17,410.99,2021-10-01,7,394.79,3.94,0.0,기한청산
코스피200 지수,20일→다음주금,9,아래,손절불가,2022-09-20,307.54,2022-09-30,8,281.36,8.51,0.93,기한청산
코스피200 지수,20일→다음주금,9,아래,손절불가,2023-09-20,338.75,2023-09-27,5,326.71,3.55,1.69,기한청산
코스피200 지수,20일→다음주금,9,아래,손절불가,2024-09-20,344.67,2024-09-27,5,353.93,-2.69,-3.41,기한청산
코스피200 지수,20일→다음주금,9,아래,손절불가,2025-09-19,473.44,2025-09-26,5,468.03,1.14,-1.71,기한청산
코스피200 지수,20일→다음주금,12,위,손절불가,1990-12-20,76.56,1990-12-26,4,76.61,0.07,-0.39,기한청산
코스피200 지수,20일→다음주금,12,위,손절불가,1991-12-20,68.51,1991-12-26,4,68.63,0.18,-4.03,기한청산
코스피200 지수,20일→다음주금,12,위,손절불가,1992-12-19,72.98,1992-12-24,4,74.06,1.48,-1.67,기한청산
코스피200 지수,20일→다음주금,12,위,손절불가,1993-12-20,93.31,1993-12-28,6,96.19,3.09,1.26,기한청산
코스피200 지수,20일→다음주금,12,위,손절불가,1994-12-20,113.38,1994-12-28,7,113.51,0.11,-0.38,기한청산
코스피200 지수,20일→다음주금,12,위,손절불가,1995-12-20,100.74,1995-12-27,5,100.01,-0.72,-1.68,기한청산
코스피200 지수,20일→다음주금,12,위,손절불가,1996-12-20,72.45,1996-12-27,5,67.93,-6.24,-6.24,기한청산
코스피200 지수,20일→다음주금,12,위,손절불가,1997-12-20,44.92,1997-12-26,4,41.94,-6.63,-13.0,기한청산
코스피200 지수,20일→다음주금,12,위,손절불가,1998-12-18,59.69,1998-12-24,4,63.8,6.89,5.21,기한청산
코스피200 지수,20일→다음주금,12,위,손절불가,1999-12-20,120.14,1999-12-28,6,130.02,8.22,-0.39,기한청산
코스피200 지수,20일→다음주금,12,위,손절불가,2000-12-20,64.43,2000-12-26,3,63.35,-1.68,-2.48,기한청산
코스피200 지수,20일→다음주금,12,위,손절불가,2001-12-20,83.04,2001-12-28,5,86.97,4.73,-3.14,기한청산
코스피200 지수,20일→다음주금,12,위,손절불가,2002-12-20,90.19,2002-12-27,4,83.72,-7.17,-7.17,기한청산
코스피200 지수,20일→다음주금,12,위,손절불가,2003-12-19,105.04,2003-12-26,4,102.43,-2.48,-2.48,기한청산
코스피200 지수,20일→다음주금,12,위,손절불가,2004-12-20,113.45,2004-12-30,8,115.25,1.59,-0.8,기한청산
코스피200 지수,20일→다음주금,12,위,손절불가,2005-12-20,172.05,2005-12-29,7,177.43,3.13,1.07,기한청산
코스피200 지수,20일→다음주금,12,위,손절불가,2006-12-20,186.54,2006-12-28,5,185.39,-0.62,-1.2,기한청산
코스피200 지수,20일→다음주금,12,위,손절불가,2007-12-20,234.4,2007-12-28,5,241.27,2.93,2.22,기한청산
코스피200 지수,20일→다음주금,12,위,손절불가,2008-12-19,154.1,2008-12-26,4,145.81,-5.38,-5.38,기한청산
코스피200 지수,20일→다음주금,12,위,손절불가,2009-12-18,216.68,2009-12-24,4,221.67,2.3,-0.22,기한청산
코스피200 지수,20일→다음주금,12,위,손절불가,2010-12-20,267.42,2010-12-30,8,271.19,1.41,-0.03,기한청산
코스피200 지수,20일→다음주금,12,위,손절불가,2011-12-20,233.83,2011-12-29,7,238.08,1.82,1.82,기한청산
코스피200 지수,20일→다음주금,12,위,손절불가,2012-12-20,264.78,2012-12-28,5,263.92,-0.32,-1.09,기한청산
코스피200 지수,20일→다음주금,12,위,손절불가,2013-12-20,261.27,2013-12-27,4,263.32,0.78,0.72,기한청산
코스피200 지수,20일→다음주금,12,위,손절불가,2014-12-19,247.96,2014-12-26,4,250.05,0.84,0.44,기한청산
코스피200 지수,20일→다음주금,12,위,손절불가,2015-12-18,243.0,2015-12-24,4,245.33,0.96,0.31,기한청산
코스피200 지수,20일→다음주금,12,위,손절불가,2016-12-20,262.59,2016-12-29,7,260.01,-0.98,-1.1,기한청산
코스피200 지수,20일→다음주금,12,위,손절불가,2017-12-20,325.79,2017-12-28,5,324.74,-0.32,-2.12,기한청산
코스피200 지수,20일→다음주금,12,위,손절불가,2018-12-20,264.81,2018-12-28,5,261.98,-1.07,-1.6,기한청산
코스피200 지수,20일→다음주금,12,위,손절불가,2019-12-20,295.31,2019-12-27,4,295.2,-0.04,-0.82,기한청산
코스피200 지수,20일→다음주금,12,위,손절불가,2020-12-18,371.55,2020-12-24,4,379.18,2.05,-1.38,기한청산
코스피200 지수,20일→다음주금,12,위,손절불가,2021-12-20,391.37,2021-12-30,8,394.19,0.72,0.66,기한청산
코스피200 지수,20일→다음주금,12,위,손절불가,2022-12-20,304.05,2022-12-29,7,291.1,-4.26,-4.26,기한청산
코스피200 지수,20일→다음주금,12,위,손절불가,2023-12-20,350.11,2023-12-28,5,357.99,2.25,-0.38,기한청산
코스피200 지수,20일→다음주금,12,위,손절불가,2024-12-20,318.33,2024-12-27,4,319.03,0.22,0.22,기한청산
코스피200 지수,20일→다음주금,12,위,손절불가,2025-12-19,568.4,2025-12-26,4,590.08,3.81,2.52,기한청산
코스피200 지수,20일→다음주금,12,아래,손절불가,1990-12-20,76.56,1990-12-26,4,76.61,-0.07,-1.53,기한청산
코스피200 지수,20일→다음주금,12,아래,손절불가,1991-12-20,68.51,1991-12-26,4,68.63,-0.18,-0.18,기한청산
코스피200 지수,20일→다음주금,12,아래,손절불가,1992-12-19,72.98,1992-12-24,4,74.06,-1.48,-1.48,기한청산
코스피200 지수,20일→다음주금,12,아래,손절불가,1993-12-20,93.31,1993-12-28,6,96.19,-3.09,-3.72,기한청산
코스피200 지수,20일→다음주금,12,아래,손절불가,1994-12-20,113.38,1994-12-28,7,113.51,-0.11,-1.45,기한청산
코스피200 지수,20일→다음주금,12,아래,손절불가,1995-12-20,100.74,1995-12-27,5,100.01,0.72,-0.96,기한청산
코스피200 지수,20일→다음주금,12,아래,손절불가,1996-12-20,72.45,1996-12-27,5,67.93,6.24,1.28,기한청산
코스피200 지수,20일→다음주금,12,아래,손절불가,1997-12-20,44.92,1997-12-26,4,41.94,6.63,1.34,기한청산
코스피200 지수,20일→다음주금,12,아래,손절불가,1998-12-18,59.69,1998-12-24,4,63.8,-6.89,-7.71,기한청산
코스피200 지수,20일→다음주금,12,아래,손절불가,1999-12-20,120.14,1999-12-28,6,130.02,-8.22,-8.22,기한청산
코스피200 지수,20일→다음주금,12,아래,손절불가,2000-12-20,64.43,2000-12-26,3,63.35,1.68,0.29,기한청산
코스피200 지수,20일→다음주금,12,아래,손절불가,2001-12-20,83.04,2001-12-28,5,86.97,-4.73,-4.73,기한청산
코스피200 지수,20일→다음주금,12,아래,손절불가,2002-12-20,90.19,2002-12-27,4,83.72,7.17,2.46,기한청산
코스피200 지수,20일→다음주금,12,아래,손절불가,2003-12-19,105.04,2003-12-26,4,102.43,2.48,0.84,기한청산
코스피200 지수,20일→다음주금,12,아래,손절불가,2004-12-20,113.45,2004-12-30,8,115.25,-1.59,-1.59,기한청산
코스피200 지수,20일→다음주금,12,아래,손절불가,2005-12-20,172.05,2005-12-29,7,177.43,-3.13,-3.13,기한청산
코스피200 지수,20일→다음주금,12,아래,손절불가,2006-12-20,186.54,2006-12-28,5,185.39,0.62,0.3,기한청산
코스피200 지수,20일→다음주금,12,아래,손절불가,2007-12-20,234.4,2007-12-28,5,241.27,-2.93,-4.58,기한청산
코스피200 지수,20일→다음주금,12,아래,손절불가,2008-12-19,154.1,2008-12-26,4,145.81,5.38,0.08,기한청산
코스피200 지수,20일→다음주금,12,아래,손절불가,2009-12-18,216.68,2009-12-24,4,221.67,-2.3,-2.3,기한청산
코스피200 지수,20일→다음주금,12,아래,손절불가,2010-12-20,267.42,2010-12-30,8,271.19,-1.41,-1.41,기한청산
코스피200 지수,20일→다음주금,12,아래,손절불가,2011-12-20,233.83,2011-12-29,7,238.08,-1.82,-4.44,기한청산
코스피200 지수,20일→다음주금,12,아래,손절불가,2012-12-20,264.78,2012-12-28,5,263.92,0.32,0.32,기한청산
코스피200 지수,20일→다음주금,12,아래,손절불가,2013-12-20,261.27,2013-12-27,4,263.32,-0.78,-0.88,기한청산
코스피200 지수,20일→다음주금,12,아래,손절불가,2014-12-19,247.96,2014-12-26,4,250.05,-0.84,-0.85,기한청산
코스피200 지수,20일→다음주금,12,아래,손절불가,2015-12-18,243.0,2015-12-24,4,245.33,-0.96,-1.45,기한청산
코스피200 지수,20일→다음주금,12,아래,손절불가,2016-12-20,262.59,2016-12-29,7,260.01,0.98,0.04,기한청산
코스피200 지수,20일→다음주금,12,아래,손절불가,2017-12-20,325.79,2017-12-28,5,324.74,0.32,0.32,기한청산
코스피200 지수,20일→다음주금,12,아래,손절불가,2018-12-20,264.81,2018-12-28,5,261.98,1.07,-0.09,기한청산
코스피200 지수,20일→다음주금,12,아래,손절불가,2019-12-20,295.31,2019-12-27,4,295.2,0.04,0.04,기한청산
코스피200 지수,20일→다음주금,12,아래,손절불가,2020-12-18,371.55,2020-12-24,4,379.18,-2.05,-2.05,기한청산
코스피200 지수,20일→다음주금,12,아래,손절불가,2021-12-20,391.37,2021-12-30,8,394.19,-0.72,-2.51,기한청산
코스피200 지수,20일→다음주금,12,아래,손절불가,2022-12-20,304.05,2022-12-29,7,291.1,4.26,-1.13,기한청산
코스피200 지수,20일→다음주금,12,아래,손절불가,2023-12-20,350.11,2023-12-28,5,357.99,-2.25,-2.25,기한청산
코스피200 지수,20일→다음주금,12,아래,손절불가,2024-12-20,318.33,2024-12-27,4,319.03,-0.22,-1.59,기한청산
코스피200 지수,20일→다음주금,12,아래,손절불가,2025-12-19,568.4,2025-12-26,4,590.08,-3.81,-3.81,기한청산
코스피200 지수,20일→말일,9,위,손절불가,1990-09-20,64.58,1990-09-29,8,66.88,3.56,0.06,기한청산
코스피200 지수,20일→말일,9,위,손절불가,1991-09-20,78.29,1991-09-30,6,80.23,2.48,-1.44,기한청산
코스피200 지수,20일→말일,9,위,손절불가,1992-09-19,59.78,1992-09-30,9,56.62,-5.29,-5.29,기한청산
코스피200 지수,20일→말일,9,위,손절불가,1993-09-20,76.22,1993-09-28,7,78.6,3.12,-0.16,기한청산
코스피200 지수,20일→말일,9,위,손절불가,1994-09-17,117.92,1994-09-30,8,120.16,1.9,0.35,기한청산
코스피200 지수,20일→말일,9,위,손절불가,1995-09-20,115.0,1995-09-30,9,111.97,-2.63,-2.77,기한청산
코스피200 지수,20일→말일,9,위,손절불가,1996-09-20,79.01,1996-09-30,5,82.66,4.62,1.51,기한청산
코스피200 지수,20일→말일,9,위,손절불가,1997-09-20,70.53,1997-09-30,8,68.07,-3.49,-7.25,기한청산
코스피200 지수,20일→말일,9,위,손절불가,1998-09-19,34.13,1998-09-30,9,35.45,3.87,-2.81,기한청산
코스피200 지수,20일→말일,9,위,손절불가,1999-09-20,113.16,1999-09-30,6,100.71,-11.0,-11.0,기한청산
코스피200 지수,20일→말일,9,위,손절불가,2000-09-20,75.3,2000-09-29,7,76.37,1.42,-8.95,기한청산
코스피200 지수,20일→말일,9,위,손절불가,2001-09-20,59.34,2001-09-28,6,58.91,-0.72,-2.21,기한청산
코스피200 지수,20일→말일,9,위,손절불가,2002-09-19,88.41,2002-09-30,6,81.37,-7.96,-7.96,기한청산
코스피200 지수,20일→말일,9,위,손절불가,2003-09-19,96.13,2003-09-30,7,89.55,-6.84,-7.03,기한청산
코스피200 지수,20일→말일,9,위,손절불가,2004-09-20,110.38,2004-09-30,5,107.69,-2.44,-3.12,기한청산
코스피200 지수,20일→말일,9,위,손절불가,2005-09-20,154.69,2005-09-30,8,157.55,1.85,-1.49,기한청산
코스피200 지수,20일→말일,9,위,손절불가,2006-09-20,177.34,2006-09-29,7,178.05,0.4,-1.56,기한청산
코스피200 지수,20일→말일,9,위,손절불가,2007-09-20,242.42,2007-09-28,3,247.2,1.97,0.42,기한청산
코스피200 지수,20일→말일,9,위,손절불가,2008-09-19,188.31,2008-09-30,7,186.62,-0.9,-0.9,기한청산
코스피200 지수,20일→말일,9,위,손절불가,2009-09-18,222.34,2009-09-30,8,219.75,-1.16,-1.21,기한청산
코스피200 지수,20일→말일,9,위,손절불가,2010-09-20,238.29,2010-09-30,5,242.95,1.96,0.63,기한청산
코스피200 지수,20일→말일,9,위,손절불가,2011-09-20,237.53,2011-09-30,8,230.41,-3.0,-9.83,기한청산
코스피200 지수,20일→말일,9,위,손절불가,2012-09-20,261.87,2012-09-28,6,262.49,0.24,-0.55,기한청산
코스피200 지수,20일→말일,9,위,손절불가,2013-09-17,262.56,2013-09-30,6,260.91,-0.63,-0.63,기한청산
코스피200 지수,20일→말일,9,위,손절불가,2014-09-19,262.31,2014-09-30,7,256.77,-2.11,-2.11,기한청산
코스피200 지수,20일→말일,9,위,손절불가,2015-09-18,241.12,2015-09-30,6,236.71,-1.83,-3.04,기한청산
코스피200 지수,20일→말일,9,위,손절불가,2016-09-20,255.09,2016-09-30,8,257.49,0.94,0.56,기한청산
코스피200 지수,20일→말일,9,위,손절불가,2017-09-20,318.48,2017-09-29,7,316.27,-0.69,-1.46,기한청산
코스피200 지수,20일→말일,9,위,손절불가,2018-09-20,299.04,2018-09-28,3,300.51,0.49,0.49,기한청산
코스피200 지수,20일→말일,9,위,손절불가,2019-09-20,276.44,2019-09-30,6,273.55,-1.05,-1.85,기한청산
코스피200 지수,20일→말일,9,위,손절불가,2020-09-18,318.39,2020-09-29,7,309.44,-2.81,-5.0,기한청산
코스피200 지수,20일→말일,9,위,손절불가,2021-09-17,410.99,2021-09-30,6,401.3,-2.36,-2.65,기한청산
코스피200 지수,20일→말일,9,위,손절불가,2022-09-20,307.54,2022-09-30,8,281.36,-8.51,-8.51,기한청산
코스피200 지수,20일→말일,9,위,손절불가,2023-09-20,338.75,2023-09-27,5,326.71,-3.55,-3.55,기한청산
코스피200 지수,20일→말일,9,위,손절불가,2024-09-20,344.67,2024-09-30,6,344.76,0.03,-0.03,기한청산
코스피200 지수,20일→말일,9,위,손절불가,2025-09-19,473.44,2025-09-30,7,474.03,0.12,-1.14,기한청산
코스피200 지수,20일→말일,9,아래,손절불가,1990-09-20,64.58,1990-09-29,8,66.88,-3.56,-3.56,기한청산
코스피200 지수,20일→말일,9,아래,손절불가,1991-09-20,78.29,1991-09-30,6,80.23,-2.48,-2.48,기한청산
코스피200 지수,20일→말일,9,아래,손절불가,1992-09-19,59.78,1992-09-30,9,56.62,5.29,3.08,기한청산
코스피200 지수,20일→말일,9,아래,손절불가,1993-09-20,76.22,1993-09-28,7,78.6,-3.12,-3.12,기한청산
코스피200 지수,20일→말일,9,아래,손절불가,1994-09-17,117.92,1994-09-30,8,120.16,-1.9,-2.06,기한청산
코스피200 지수,20일→말일,9,아래,손절불가,1995-09-20,115.0,1995-09-30,9,111.97,2.63,-0.28,기한청산
코스피200 지수,20일→말일,9,아래,손절불가,1996-09-20,79.01,1996-09-30,5,82.66,-4.62,-5.2,기한청산
코스피200 지수,20일→말일,9,아래,손절불가,1997-09-20,70.53,1997-09-30,8,68.07,3.49,1.74,기한청산
코스피200 지수,20일→말일,9,아래,손절불가,1998-09-19,34.13,1998-09-30,9,35.45,-3.87,-4.89,기한청산
코스피200 지수,20일→말일,9,아래,손절불가,1999-09-20,113.16,1999-09-30,6,100.71,11.0,-2.8,기한청산
코스피200 지수,20일→말일,9,아래,손절불가,2000-09-20,75.3,2000-09-29,7,76.37,-1.42,-1.42,기한청산
코스피200 지수,20일→말일,9,아래,손절불가,2001-09-20,59.34,2001-09-28,6,58.91,0.72,-0.15,기한청산
코스피200 지수,20일→말일,9,아래,손절불가,2002-09-19,88.41,2002-09-30,6,81.37,7.96,3.65,기한청산
코스피200 지수,20일→말일,9,아래,손절불가,2003-09-19,96.13,2003-09-30,7,89.55,6.84,3.16,기한청산
코스피200 지수,20일→말일,9,아래,손절불가,2004-09-20,110.38,2004-09-30,5,107.69,2.44,-0.04,기한청산
코스피200 지수,20일→말일,9,아래,손절불가,2005-09-20,154.69,2005-09-30,8,157.55,-1.85,-2.83,기한청산
코스피200 지수,20일→말일,9,아래,손절불가,2006-09-20,177.34,2006-09-29,7,178.05,-0.4,-0.49,기한청산
코스피200 지수,20일→말일,9,아래,손절불가,2007-09-20,242.42,2007-09-28,3,247.2,-1.97,-1.97,기한청산
코스피200 지수,20일→말일,9,아래,손절불가,2008-09-19,188.31,2008-09-30,7,186.62,0.9,-2.95,기한청산
코스피200 지수,20일→말일,9,아래,손절불가,2009-09-18,222.34,2009-09-30,8,219.75,1.16,-1.32,기한청산
코스피200 지수,20일→말일,9,아래,손절불가,2010-09-20,238.29,2010-09-30,5,242.95,-1.96,-1.96,기한청산
코스피200 지수,20일→말일,9,아래,손절불가,2011-09-20,237.53,2011-09-30,8,230.41,3.0,-0.83,기한청산
코스피200 지수,20일→말일,9,아래,손절불가,2012-09-20,261.87,2012-09-28,6,262.49,-0.24,-0.65,기한청산
코스피200 지수,20일→말일,9,아래,손절불가,2013-09-17,262.56,2013-09-30,6,260.91,0.63,-0.18,기한청산
코스피200 지수,20일→말일,9,아래,손절불가,2014-09-19,262.31,2014-09-30,7,256.77,2.11,0.82,기한청산
코스피200 지수,20일→말일,9,아래,손절불가,2015-09-18,241.12,2015-09-30,6,236.71,1.83,1.01,기한청산
코스피200 지수,20일→말일,9,아래,손절불가,2016-09-20,255.09,2016-09-30,8,257.49,-0.94,-2.06,기한청산
코스피200 지수,20일→말일,9,아래,손절불가,2017-09-20,318.48,2017-09-29,7,316.27,0.69,0.07,기한청산
코스피200 지수,20일→말일,9,아래,손절불가,2018-09-20,299.04,2018-09-28,3,300.51,-0.49,-1.19,기한청산
코스피200 지수,20일→말일,9,아래,손절불가,2019-09-20,276.44,2019-09-30,6,273.55,1.05,-0.55,기한청산
코스피200 지수,20일→말일,9,아래,손절불가,2020-09-18,318.39,2020-09-29,7,309.44,2.81,0.79,기한청산
코스피200 지수,20일→말일,9,아래,손절불가,2021-09-17,410.99,2021-09-30,6,401.3,2.36,0.0,기한청산
코스피200 지수,20일→말일,9,아래,손절불가,2022-09-20,307.54,2022-09-30,8,281.36,8.51,0.93,기한청산
코스피200 지수,20일→말일,9,아래,손절불가,2023-09-20,338.75,2023-09-27,5,326.71,3.55,1.69,기한청산
코스피200 지수,20일→말일,9,아래,손절불가,2024-09-20,344.67,2024-09-30,6,344.76,-0.03,-3.41,기한청산
코스피200 지수,20일→말일,9,아래,손절불가,2025-09-19,473.44,2025-09-30,7,474.03,-0.12,-1.71,기한청산
코스피200 지수,20일→말일,12,위,손절불가,1990-12-20,76.56,1990-12-26,4,76.61,0.07,-0.39,기한청산
코스피200 지수,20일→말일,12,위,손절불가,1991-12-20,68.51,1991-12-26,4,68.63,0.18,-4.03,기한청산
코스피200 지수,20일→말일,12,위,손절불가,1992-12-19,72.98,1992-12-28,6,74.49,2.07,-1.67,기한청산
코스피200 지수,20일→말일,12,위,손절불가,1993-12-20,93.31,1993-12-28,6,96.19,3.09,1.26,기한청산
코스피200 지수,20일→말일,12,위,손절불가,1994-12-20,113.38,1994-12-28,7,113.51,0.11,-0.38,기한청산
코스피200 지수,20일→말일,12,위,손절불가,1995-12-20,100.74,1995-12-27,5,100.01,-0.72,-1.68,기한청산
코스피200 지수,20일→말일,12,위,손절불가,1996-12-20,72.45,1996-12-27,5,67.93,-6.24,-6.24,기한청산
코스피200 지수,20일→말일,12,위,손절불가,1997-12-20,44.92,1997-12-27,5,42.34,-5.74,-13.0,기한청산
코스피200 지수,20일→말일,12,위,손절불가,1998-12-18,59.69,1998-12-28,5,64.94,8.8,5.21,기한청산
코스피200 지수,20일→말일,12,위,손절불가,1999-12-20,120.14,1999-12-28,6,130.02,8.22,-0.39,기한청산
코스피200 지수,20일→말일,12,위,손절불가,2000-12-20,64.43,2000-12-26,3,63.35,-1.68,-2.48,기한청산
코스피200 지수,20일→말일,12,위,손절불가,2001-12-20,83.04,2001-12-28,5,86.97,4.73,-3.14,기한청산
코스피200 지수,20일→말일,12,위,손절불가,2002-12-20,90.19,2002-12-30,5,79.87,-11.44,-11.44,기한청산
코스피200 지수,20일→말일,12,위,손절불가,2003-12-19,105.04,2003-12-30,6,105.21,0.16,-2.48,기한청산
코스피200 지수,20일→말일,12,위,손절불가,2004-12-20,113.45,2004-12-30,8,115.25,1.59,-0.8,기한청산
코스피200 지수,20일→말일,12,위,손절불가,2005-12-20,172.05,2005-12-29,7,177.43,3.13,1.07,기한청산
코스피200 지수,20일→말일,12,위,손절불가,2006-12-20,186.54,2006-12-28,5,185.39,-0.62,-1.2,기한청산
코스피200 지수,20일→말일,12,위,손절불가,2007-12-20,234.4,2007-12-28,5,241.27,2.93,2.22,기한청산
코스피200 지수,20일→말일,12,위,손절불가,2008-12-19,154.1,2008-12-30,6,146.35,-5.03,-5.44,기한청산
코스피200 지수,20일→말일,12,위,손절불가,2009-12-18,216.68,2009-12-30,7,221.86,2.39,-0.22,기한청산
코스피200 지수,20일→말일,12,위,손절불가,2010-12-20,267.42,2010-12-30,8,271.19,1.41,-0.03,기한청산
코스피200 지수,20일→말일,12,위,손절불가,2011-12-20,233.83,2011-12-29,7,238.08,1.82,1.82,기한청산
코스피200 지수,20일→말일,12,위,손절불가,2012-12-20,264.78,2012-12-28,5,263.92,-0.32,-1.09,기한청산
코스피200 지수,20일→말일,12,위,손절불가,2013-12-20,261.27,2013-12-30,5,264.24,1.14,0.72,기한청산
코스피200 지수,20일→말일,12,위,손절불가,2014-12-19,247.96,2014-12-30,6,244.05,-1.58,-1.58,기한청산
코스피200 지수,20일→말일,12,위,손절불가,2015-12-18,243.0,2015-12-30,7,240.38,-1.08,-1.08,기한청산
코스피200 지수,20일→말일,12,위,손절불가,2016-12-20,262.59,2016-12-29,7,260.01,-0.98,-1.1,기한청산
코스피200 지수,20일→말일,12,위,손절불가,2017-12-20,325.79,2017-12-28,5,324.74,-0.32,-2.12,기한청산
코스피200 지수,20일→말일,12,위,손절불가,2018-12-20,264.81,2018-12-28,5,261.98,-1.07,-1.6,기한청산
코스피200 지수,20일→말일,12,위,손절불가,2019-12-20,295.31,2019-12-30,5,293.77,-0.52,-0.82,기한청산
코스피200 지수,20일→말일,12,위,손절불가,2020-12-18,371.55,2020-12-30,7,389.29,4.77,-1.38,기한청산
코스피200 지수,20일→말일,12,위,손절불가,2021-12-20,391.37,2021-12-30,8,394.19,0.72,0.66,기한청산
코스피200 지수,20일→말일,12,위,손절불가,2022-12-20,304.05,2022-12-29,7,291.1,-4.26,-4.26,기한청산
코스피200 지수,20일→말일,12,위,손절불가,2023-12-20,350.11,2023-12-28,5,357.99,2.25,-0.38,기한청산
코스피200 지수,20일→말일,12,위,손절불가,2024-12-20,318.33,2024-12-30,5,317.82,-0.16,-0.16,기한청산
코스피200 지수,20일→말일,12,위,손절불가,2025-12-19,568.4,2025-12-30,6,605.98,6.61,2.52,기한청산
코스피200 지수,20일→말일,12,아래,손절불가,1990-12-20,76.56,1990-12-26,4,76.61,-0.07,-1.53,기한청산
코스피200 지수,20일→말일,12,아래,손절불가,1991-12-20,68.51,1991-12-26,4,68.63,-0.18,-0.18,기한청산
코스피200 지수,20일→말일,12,아래,손절불가,1992-12-19,72.98,1992-12-28,6,74.49,-2.07,-3.41,기한청산
코스피200 지수,20일→말일,12,아래,손절불가,1993-12-20,93.31,1993-12-28,6,96.19,-3.09,-3.72,기한청산
코스피200 지수,20일→말일,12,아래,손절불가,1994-12-20,113.38,1994-12-28,7,113.51,-0.11,-1.45,기한청산
코스피200 지수,20일→말일,12,아래,손절불가,1995-12-20,100.74,1995-12-27,5,100.01,0.72,-0.96,기한청산
코스피200 지수,20일→말일,12,아래,손절불가,1996-12-20,72.45,1996-12-27,5,67.93,6.24,1.28,기한청산
코스피200 지수,20일→말일,12,아래,손절불가,1997-12-20,44.92,1997-12-27,5,42.34,5.74,1.34,기한청산
코스피200 지수,20일→말일,12,아래,손절불가,1998-12-18,59.69,1998-12-28,5,64.94,-8.8,-8.8,기한청산
코스피200 지수,20일→말일,12,아래,손절불가,1999-12-20,120.14,1999-12-28,6,130.02,-8.22,-8.22,기한청산
코스피200 지수,20일→말일,12,아래,손절불가,2000-12-20,64.43,2000-12-26,3,63.35,1.68,0.29,기한청산
코스피200 지수,20일→말일,12,아래,손절불가,2001-12-20,83.04,2001-12-28,5,86.97,-4.73,-4.73,기한청산
코스피200 지수,20일→말일,12,아래,손절불가,2002-12-20,90.19,2002-12-30,5,79.87,11.44,2.46,기한청산
코스피200 지수,20일→말일,12,아래,손절불가,2003-12-19,105.04,2003-12-30,6,105.21,-0.16,-0.16,기한청산
코스피200 지수,20일→말일,12,아래,손절불가,2004-12-20,113.45,2004-12-30,8,115.25,-1.59,-1.59,기한청산
코스피200 지수,20일→말일,12,아래,손절불가,2005-12-20,172.05,2005-12-29,7,177.43,-3.13,-3.13,기한청산
코스피200 지수,20일→말일,12,아래,손절불가,2006-12-20,186.54,2006-12-28,5,185.39,0.62,0.3,기한청산
코스피200 지수,20일→말일,12,아래,손절불가,2007-12-20,234.4,2007-12-28,5,241.27,-2.93,-4.58,기한청산
코스피200 지수,20일→말일,12,아래,손절불가,2008-12-19,154.1,2008-12-30,6,146.35,5.03,0.08,기한청산
코스피200 지수,20일→말일,12,아래,손절불가,2009-12-18,216.68,2009-12-30,7,221.86,-2.39,-2.47,기한청산
코스피200 지수,20일→말일,12,아래,손절불가,2010-12-20,267.42,2010-12-30,8,271.19,-1.41,-1.41,기한청산
코스피200 지수,20일→말일,12,아래,손절불가,2011-12-20,233.83,2011-12-29,7,238.08,-1.82,-4.44,기한청산
코스피200 지수,20일→말일,12,아래,손절불가,2012-12-20,264.78,2012-12-28,5,263.92,0.32,0.32,기한청산
코스피200 지수,20일→말일,12,아래,손절불가,2013-12-20,261.27,2013-12-30,5,264.24,-1.14,-1.14,기한청산
코스피200 지수,20일→말일,12,아래,손절불가,2014-12-19,247.96,2014-12-30,6,244.05,1.58,-0.85,기한청산
코스피200 지수,20일→말일,12,아래,손절불가,2015-12-18,243.0,2015-12-30,7,240.38,1.08,-1.45,기한청산
코스피200 지수,20일→말일,12,아래,손절불가,2016-12-20,262.59,2016-12-29,7,260.01,0.98,0.04,기한청산
코스피200 지수,20일→말일,12,아래,손절불가,2017-12-20,325.79,2017-12-28,5,324.74,0.32,0.32,기한청산
코스피200 지수,20일→말일,12,아래,손절불가,2018-12-20,264.81,2018-12-28,5,261.98,1.07,-0.09,기한청산
코스피200 지수,20일→말일,12,아래,손절불가,2019-12-20,295.31,2019-12-30,5,293.77,0.52,0.04,기한청산
코스피200 지수,20일→말일,12,아래,손절불가,2020-12-18,371.55,2020-12-30,7,389.29,-4.77,-4.77,기한청산
코스피200 지수,20일→말일,12,아래,손절불가,2021-12-20,391.37,2021-12-30,8,394.19,-0.72,-2.51,기한청산
코스피200 지수,20일→말일,12,아래,손절불가,2022-12-20,304.05,2022-12-29,7,291.1,4.26,-1.13,기한청산
코스피200 지수,20일→말일,12,아래,손절불가,2023-12-20,350.11,2023-12-28,5,357.99,-2.25,-2.25,기한청산
코스피200 지수,20일→말일,12,아래,손절불가,2024-12-20,318.33,2024-12-30,5,317.82,0.16,-1.59,기한청산
코스피200 지수,20일→말일,12,아래,손절불가,2025-12-19,568.4,2025-12-30,6,605.98,-6.61,-6.61,기한청산
KODEX 코스닥150,만기→다음주금,9,위,-5.0,2016-09-13,9900.0,2016-09-23,5,10245.0,3.48,-0.25,기한청산
KODEX 코스닥150,만기→다음주금,9,위,-5.0,2017-09-15,10805.0,2017-09-22,5,10680.0,-1.16,-1.57,기한청산
KODEX 코스닥150,만기→다음주금,9,위,-5.0,2018-09-21,14240.0,2018-09-28,2,14150.0,-0.63,-0.63,기한청산
KODEX 코스닥150,만기→다음주금,9,위,-5.0,2019-09-20,9510.0,2019-09-25,3,9034.0,-5.0,-5.0,장중손절
KODEX 코스닥150,만기→다음주금,9,위,-5.0,2020-09-18,13935.0,2020-09-22,2,13238.0,-5.0,-5.0,장중손절
KODEX 코스닥150,만기→다음주금,9,위,-5.0,2021-09-17,15220.0,2021-09-24,2,15195.0,-0.16,-0.99,기한청산
KODEX 코스닥150,만기→다음주금,9,위,-5.0,2022-09-16,10740.0,2022-09-23,5,10203.0,-5.0,-5.0,장중손절
KODEX 코스닥150,만기→다음주금,9,위,-5.0,2023-09-15,13935.0,2023-09-22,5,13505.0,-3.09,-4.81,기한청산
KODEX 코스닥150,만기→다음주금,9,위,-5.0,2024-09-20,12600.0,2024-09-27,5,13035.0,3.45,-0.24,기한청산
KODEX 코스닥150,만기→다음주금,9,위,-5.0,2025-09-19,14300.0,2025-09-26,5,13840.0,-3.22,-4.06,기한청산
KODEX 코스닥150,만기→다음주금,9,위,무손절,2016-09-13,9900.0,2016-09-23,5,10245.0,3.48,-0.25,기한청산
KODEX 코스닥150,만기→다음주금,9,위,무손절,2017-09-15,10805.0,2017-09-22,5,10680.0,-1.16,-1.57,기한청산
KODEX 코스닥150,만기→다음주금,9,위,무손절,2018-09-21,14240.0,2018-09-28,2,14150.0,-0.63,-0.63,기한청산
KODEX 코스닥150,만기→다음주금,9,위,무손절,2019-09-20,9510.0,2019-09-27,5,9040.0,-4.94,-6.36,기한청산
KODEX 코스닥150,만기→다음주금,9,위,무손절,2020-09-18,13935.0,2020-09-25,5,12495.0,-10.33,-11.02,기한청산
KODEX 코스닥150,만기→다음주금,9,위,무손절,2021-09-17,15220.0,2021-09-24,2,15195.0,-0.16,-0.99,기한청산
KODEX 코스닥150,만기→다음주금,9,위,무손절,2022-09-16,10740.0,2022-09-23,5,10140.0,-5.59,-5.68,기한청산
KODEX 코스닥150,만기→다음주금,9,위,무손절,2023-09-15,13935.0,2023-09-22,5,13505.0,-3.09,-4.81,기한청산
KODEX 코스닥150,만기→다음주금,9,위,무손절,2024-09-20,12600.0,2024-09-27,5,13035.0,3.45,-0.24,기한청산
KODEX 코스닥150,만기→다음주금,9,위,무손절,2025-09-19,14300.0,2025-09-26,5,13840.0,-3.22,-4.06,기한청산
KODEX 코스닥150,만기→다음주금,9,아래,-5.0,2016-09-13,9900.0,2016-09-23,5,10245.0,-3.48,-3.84,기한청산
KODEX 코스닥150,만기→다음주금,9,아래,-5.0,2017-09-15,10805.0,2017-09-22,5,10680.0,1.16,-2.45,기한청산
KODEX 코스닥150,만기→다음주금,9,아래,-5.0,2018-09-21,14240.0,2018-09-28,2,14150.0,0.63,-1.83,기한청산
KODEX 코스닥150,만기→다음주금,9,아래,-5.0,2019-09-20,9510.0,2019-09-27,5,9040.0,4.94,-0.0,기한청산
KODEX 코스닥150,만기→다음주금,9,아래,-5.0,2020-09-18,13935.0,2020-09-25,5,12495.0,10.33,-0.97,기한청산
KODEX 코스닥150,만기→다음주금,9,아래,-5.0,2021-09-17,15220.0,2021-09-24,2,15195.0,0.16,-0.62,기한청산
KODEX 코스닥150,만기→다음주금,9,아래,-5.0,2022-09-16,10740.0,2022-09-23,5,10140.0,5.59,-0.56,기한청산
KODEX 코스닥150,만기→다음주금,9,아래,-5.0,2023-09-15,13935.0,2023-09-22,5,13505.0,3.09,-0.11,기한청산
KODEX 코스닥150,만기→다음주금,9,아래,-5.0,2024-09-20,12600.0,2024-09-27,5,13035.0,-3.45,-4.56,기한청산
KODEX 코스닥150,만기→다음주금,9,아래,-5.0,2025-09-19,14300.0,2025-09-26,5,13840.0,3.22,-2.62,기한청산
KODEX 코스닥150,만기→다음주금,9,아래,무손절,2016-09-13,9900.0,2016-09-23,5,10245.0,-3.48,-3.84,기한청산
KODEX 코스닥150,만기→다음주금,9,아래,무손절,2017-09-15,10805.0,2017-09-22,5,10680.0,1.16,-2.45,기한청산
KODEX 코스닥150,만기→다음주금,9,아래,무손절,2018-09-21,14240.0,2018-09-28,2,14150.0,0.63,-1.83,기한청산
KODEX 코스닥150,만기→다음주금,9,아래,무손절,2019-09-20,9510.0,2019-09-27,5,9040.0,4.94,-0.0,기한청산
KODEX 코스닥150,만기→다음주금,9,아래,무손절,2020-09-18,13935.0,2020-09-25,5,12495.0,10.33,-0.97,기한청산
KODEX 코스닥150,만기→다음주금,9,아래,무손절,2021-09-17,15220.0,2021-09-24,2,15195.0,0.16,-0.62,기한청산
KODEX 코스닥150,만기→다음주금,9,아래,무손절,2022-09-16,10740.0,2022-09-23,5,10140.0,5.59,-0.56,기한청산
KODEX 코스닥150,만기→다음주금,9,아래,무손절,2023-09-15,13935.0,2023-09-22,5,13505.0,3.09,-0.11,기한청산
KODEX 코스닥150,만기→다음주금,9,아래,무손절,2024-09-20,12600.0,2024-09-27,5,13035.0,-3.45,-4.56,기한청산
KODEX 코스닥150,만기→다음주금,9,아래,무손절,2025-09-19,14300.0,2025-09-26,5,13840.0,3.22,-2.62,기한청산
KODEX 코스닥150,만기→다음주금,12,위,-5.0,2015-12-18,10590.0,2015-12-24,4,10300.0,-2.74,-2.74,기한청산
KODEX 코스닥150,만기→다음주금,12,위,-5.0,2016-12-16,9200.0,2016-12-23,5,9110.0,-0.98,-2.39,기한청산
KODEX 코스닥150,만기→다음주금,12,위,-5.0,2017-12-15,13315.0,2017-12-22,5,13300.0,-0.11,-4.43,기한청산
KODEX 코스닥150,만기→다음주금,12,위,-5.0,2018-12-21,11715.0,2018-12-28,4,11800.0,0.73,-2.09,기한청산
KODEX 코스닥150,만기→다음주금,12,위,-5.0,2019-12-20,9875.0,2019-12-27,4,10250.0,3.8,-1.01,기한청산
KODEX 코스닥150,만기→다음주금,12,위,-5.0,2020-12-18,14965.0,2020-12-24,4,14830.0,-0.9,-2.54,기한청산
KODEX 코스닥150,만기→다음주금,12,위,-5.0,2021-12-17,14605.0,2021-12-24,5,14760.0,1.06,-0.86,기한청산
KODEX 코스닥150,만기→다음주금,12,위,-5.0,2022-12-16,10075.0,2022-12-23,5,9780.0,-2.93,-2.93,기한청산
KODEX 코스닥150,만기→다음주금,12,위,-5.0,2023-12-15,13425.0,2023-12-22,5,13670.0,1.82,0.82,기한청산
KODEX 코스닥150,만기→다음주금,12,위,-5.0,2024-12-20,10975.0,2024-12-27,4,11055.0,0.73,-0.05,기한청산
KODEX 코스닥150,만기→다음주금,12,위,-5.0,2025-12-19,15265.0,2025-12-26,4,15380.0,0.75,-0.39,기한청산
KODEX 코스닥150,만기→다음주금,12,위,무손절,2015-12-18,10590.0,2015-12-24,4,10300.0,-2.74,-2.74,기한청산
KODEX 코스닥150,만기→다음주금,12,위,무손절,2016-12-16,9200.0,2016-12-23,5,9110.0,-0.98,-2.39,기한청산
KODEX 코스닥150,만기→다음주금,12,위,무손절,2017-12-15,13315.0,2017-12-22,5,13300.0,-0.11,-4.43,기한청산
KODEX 코스닥150,만기→다음주금,12,위,무손절,2018-12-21,11715.0,2018-12-28,4,11800.0,0.73,-2.09,기한청산
KODEX 코스닥150,만기→다음주금,12,위,무손절,2019-12-20,9875.0,2019-12-27,4,10250.0,3.8,-1.01,기한청산
KODEX 코스닥150,만기→다음주금,12,위,무손절,2020-12-18,14965.0,2020-12-24,4,14830.0,-0.9,-2.54,기한청산
KODEX 코스닥150,만기→다음주금,12,위,무손절,2021-12-17,14605.0,2021-12-24,5,14760.0,1.06,-0.86,기한청산
KODEX 코스닥150,만기→다음주금,12,위,무손절,2022-12-16,10075.0,2022-12-23,5,9780.0,-2.93,-2.93,기한청산
KODEX 코스닥150,만기→다음주금,12,위,무손절,2023-12-15,13425.0,2023-12-22,5,13670.0,1.82,0.82,기한청산
KODEX 코스닥150,만기→다음주금,12,위,무손절,2024-12-20,10975.0,2024-12-27,4,11055.0,0.73,-0.05,기한청산
KODEX 코스닥150,만기→다음주금,12,위,무손절,2025-12-19,15265.0,2025-12-26,4,15380.0,0.75,-0.39,기한청산
KODEX 코스닥150,만기→다음주금,12,아래,-5.0,2015-12-18,10590.0,2015-12-24,4,10300.0,2.74,-0.24,기한청산
KODEX 코스닥150,만기→다음주금,12,아래,-5.0,2016-12-16,9200.0,2016-12-23,5,9110.0,0.98,-0.54,기한청산
KODEX 코스닥150,만기→다음주금,12,아래,-5.0,2017-12-15,13315.0,2017-12-22,5,13300.0,0.11,-0.79,기한청산
KODEX 코스닥150,만기→다음주금,12,아래,-5.0,2018-12-21,11715.0,2018-12-28,4,11800.0,-0.73,-3.97,기한청산
KODEX 코스닥150,만기→다음주금,12,아래,-5.0,2019-12-20,9875.0,2019-12-27,4,10250.0,-3.8,-4.3,기한청산
KODEX 코스닥150,만기→다음주금,12,아래,-5.0,2020-12-18,14965.0,2020-12-24,4,14830.0,0.9,-2.17,기한청산
KODEX 코스닥150,만기→다음주금,12,아래,-5.0,2021-12-17,14605.0,2021-12-24,5,14760.0,-1.06,-1.75,기한청산
KODEX 코스닥150,만기→다음주금,12,아래,-5.0,2022-12-16,10075.0,2022-12-23,5,9780.0,2.93,-1.29,기한청산
KODEX 코스닥150,만기→다음주금,12,아래,-5.0,2023-12-15,13425.0,2023-12-22,5,13670.0,-1.82,-4.54,기한청산
KODEX 코스닥150,만기→다음주금,12,아래,-5.0,2024-12-20,10975.0,2024-12-27,4,11055.0,-0.73,-2.96,기한청산
KODEX 코스닥150,만기→다음주금,12,아래,-5.0,2025-12-19,15265.0,2025-12-26,4,15380.0,-0.75,-1.67,기한청산
KODEX 코스닥150,만기→다음주금,12,아래,무손절,2015-12-18,10590.0,2015-12-24,4,10300.0,2.74,-0.24,기한청산
KODEX 코스닥150,만기→다음주금,12,아래,무손절,2016-12-16,9200.0,2016-12-23,5,9110.0,0.98,-0.54,기한청산
KODEX 코스닥150,만기→다음주금,12,아래,무손절,2017-12-15,13315.0,2017-12-22,5,13300.0,0.11,-0.79,기한청산
KODEX 코스닥150,만기→다음주금,12,아래,무손절,2018-12-21,11715.0,2018-12-28,4,11800.0,-0.73,-3.97,기한청산
KODEX 코스닥150,만기→다음주금,12,아래,무손절,2019-12-20,9875.0,2019-12-27,4,10250.0,-3.8,-4.3,기한청산
KODEX 코스닥150,만기→다음주금,12,아래,무손절,2020-12-18,14965.0,2020-12-24,4,14830.0,0.9,-2.17,기한청산
KODEX 코스닥150,만기→다음주금,12,아래,무손절,2021-12-17,14605.0,2021-12-24,5,14760.0,-1.06,-1.75,기한청산
KODEX 코스닥150,만기→다음주금,12,아래,무손절,2022-12-16,10075.0,2022-12-23,5,9780.0,2.93,-1.29,기한청산
KODEX 코스닥150,만기→다음주금,12,아래,무손절,2023-12-15,13425.0,2023-12-22,5,13670.0,-1.82,-4.54,기한청산
KODEX 코스닥150,만기→다음주금,12,아래,무손절,2024-12-20,10975.0,2024-12-27,4,11055.0,-0.73,-2.96,기한청산
KODEX 코스닥150,만기→다음주금,12,아래,무손절,2025-12-19,15265.0,2025-12-26,4,15380.0,-0.75,-1.67,기한청산
KODEX 코스닥150,만기→말일,9,위,-5.0,2016-09-13,9900.0,2016-09-30,10,10085.0,1.87,-0.25,기한청산
KODEX 코스닥150,만기→말일,9,위,-5.0,2017-09-15,10805.0,2017-09-29,10,10805.0,0.0,-1.76,기한청산
KODEX 코스닥150,만기→말일,9,위,-5.0,2018-09-21,14240.0,2018-09-28,2,14150.0,-0.63,-0.63,기한청산
KODEX 코스닥150,만기→말일,9,위,-5.0,2019-09-20,9510.0,2019-09-25,3,9034.0,-5.0,-5.0,장중손절
KODEX 코스닥150,만기→말일,9,위,-5.0,2020-09-18,13935.0,2020-09-22,2,13238.0,-5.0,-5.0,장중손절
KODEX 코스닥150,만기→말일,9,위,-5.0,2021-09-17,15220.0,2021-09-29,5,14459.0,-5.0,-5.0,장중손절
KODEX 코스닥150,만기→말일,9,위,-5.0,2022-09-16,10740.0,2022-09-23,5,10203.0,-5.0,-5.0,장중손절
KODEX 코스닥150,만기→말일,9,위,-5.0,2023-09-15,13935.0,2023-09-25,6,13238.0,-5.0,-5.0,장중손절
KODEX 코스닥150,만기→말일,9,위,-5.0,2024-09-20,12600.0,2024-09-30,6,12865.0,2.1,-0.24,기한청산
KODEX 코스닥150,만기→말일,9,위,-5.0,2025-09-19,14300.0,2025-09-30,7,13950.0,-2.45,-4.06,기한청산
KODEX 코스닥150,만기→말일,9,위,무손절,2016-09-13,9900.0,2016-09-30,10,10085.0,1.87,-0.25,기한청산
KODEX 코스닥150,만기→말일,9,위,무손절,2017-09-15,10805.0,2017-09-29,10,10805.0,0.0,-1.76,기한청산
KODEX 코스닥150,만기→말일,9,위,무손절,2018-09-21,14240.0,2018-09-28,2,14150.0,-0.63,-0.63,기한청산
KODEX 코스닥150,만기→말일,9,위,무손절,2019-09-20,9510.0,2019-09-30,6,9010.0,-5.26,-6.41,기한청산
KODEX 코스닥150,만기→말일,9,위,무손절,2020-09-18,13935.0,2020-09-29,7,13220.0,-5.13,-11.02,기한청산
KODEX 코스닥150,만기→말일,9,위,무손절,2021-09-17,15220.0,2021-09-30,6,14665.0,-3.65,-5.42,기한청산
KODEX 코스닥150,만기→말일,9,위,무손절,2022-09-16,10740.0,2022-09-30,10,9535.0,-11.22,-12.24,기한청산
KODEX 코스닥150,만기→말일,9,위,무손절,2023-09-15,13935.0,2023-09-27,8,13210.0,-5.2,-7.46,기한청산
KODEX 코스닥150,만기→말일,9,위,무손절,2024-09-20,12600.0,2024-09-30,6,12865.0,2.1,-0.24,기한청산
KODEX 코스닥150,만기→말일,9,위,무손절,2025-09-19,14300.0,2025-09-30,7,13950.0,-2.45,-4.06,기한청산
KODEX 코스닥150,만기→말일,9,아래,-5.0,2016-09-13,9900.0,2016-09-30,10,10085.0,-1.87,-4.04,기한청산
KODEX 코스닥150,만기→말일,9,아래,-5.0,2017-09-15,10805.0,2017-09-29,10,10805.0,-0.0,-2.45,기한청산
KODEX 코스닥150,만기→말일,9,아래,-5.0,2018-09-21,14240.0,2018-09-28,2,14150.0,0.63,-1.83,기한청산
KODEX 코스닥150,만기→말일,9,아래,-5.0,2019-09-20,9510.0,2019-09-30,6,9010.0,5.26,-0.0,기한청산
KODEX 코스닥150,만기→말일,9,아래,-5.0,2020-09-18,13935.0,2020-09-29,7,13220.0,5.13,-0.97,기한청산
KODEX 코스닥150,만기→말일,9,아래,-5.0,2021-09-17,15220.0,2021-09-30,6,14665.0,3.65,-0.62,기한청산
KODEX 코스닥150,만기→말일,9,아래,-5.0,2022-09-16,10740.0,2022-09-30,10,9535.0,11.22,-0.56,기한청산
KODEX 코스닥150,만기→말일,9,아래,-5.0,2023-09-15,13935.0,2023-09-27,8,13210.0,5.2,-0.11,기한청산
KODEX 코스닥150,만기→말일,9,아래,-5.0,2024-09-20,12600.0,2024-09-30,6,12865.0,-2.1,-4.56,기한청산
KODEX 코스닥150,만기→말일,9,아래,-5.0,2025-09-19,14300.0,2025-09-30,7,13950.0,2.45,-2.62,기한청산
KODEX 코스닥150,만기→말일,9,아래,무손절,2016-09-13,9900.0,2016-09-30,10,10085.0,-1.87,-4.04,기한청산
KODEX 코스닥150,만기→말일,9,아래,무손절,2017-09-15,10805.0,2017-09-29,10,10805.0,-0.0,-2.45,기한청산
KODEX 코스닥150,만기→말일,9,아래,무손절,2018-09-21,14240.0,2018-09-28,2,14150.0,0.63,-1.83,기한청산
KODEX 코스닥150,만기→말일,9,아래,무손절,2019-09-20,9510.0,2019-09-30,6,9010.0,5.26,-0.0,기한청산
KODEX 코스닥150,만기→말일,9,아래,무손절,2020-09-18,13935.0,2020-09-29,7,13220.0,5.13,-0.97,기한청산
KODEX 코스닥150,만기→말일,9,아래,무손절,2021-09-17,15220.0,2021-09-30,6,14665.0,3.65,-0.62,기한청산
KODEX 코스닥150,만기→말일,9,아래,무손절,2022-09-16,10740.0,2022-09-30,10,9535.0,11.22,-0.56,기한청산
KODEX 코스닥150,만기→말일,9,아래,무손절,2023-09-15,13935.0,2023-09-27,8,13210.0,5.2,-0.11,기한청산
KODEX 코스닥150,만기→말일,9,아래,무손절,2024-09-20,12600.0,2024-09-30,6,12865.0,-2.1,-4.56,기한청산
KODEX 코스닥150,만기→말일,9,아래,무손절,2025-09-19,14300.0,2025-09-30,7,13950.0,2.45,-2.62,기한청산
KODEX 코스닥150,만기→말일,12,위,-5.0,2015-12-18,10590.0,2015-12-30,7,11015.0,4.01,-3.16,기한청산
KODEX 코스닥150,만기→말일,12,위,-5.0,2016-12-16,9200.0,2016-12-29,9,9370.0,1.85,-2.39,기한청산
KODEX 코스닥150,만기→말일,12,위,-5.0,2017-12-15,13315.0,2017-12-28,8,14265.0,7.13,-4.43,기한청산
KODEX 코스닥150,만기→말일,12,위,-5.0,2018-12-21,11715.0,2018-12-28,4,11800.0,0.73,-2.09,기한청산
KODEX 코스닥150,만기→말일,12,위,-5.0,2019-12-20,9875.0,2019-12-30,5,10415.0,5.47,-1.01,기한청산
KODEX 코스닥150,만기→말일,12,위,-5.0,2020-12-18,14965.0,2020-12-30,7,15460.0,3.31,-2.54,기한청산
KODEX 코스닥150,만기→말일,12,위,-5.0,2021-12-17,14605.0,2021-12-30,9,15070.0,3.18,-0.86,기한청산
KODEX 코스닥150,만기→말일,12,위,-5.0,2022-12-16,10075.0,2022-12-29,9,9571.0,-5.0,-5.0,장중손절
KODEX 코스닥150,만기→말일,12,위,-5.0,2023-12-15,13425.0,2023-12-28,8,13940.0,3.84,0.07,기한청산
KODEX 코스닥150,만기→말일,12,위,-5.0,2024-12-20,10975.0,2024-12-30,5,11275.0,2.73,-0.05,기한청산
KODEX 코스닥150,만기→말일,12,위,-5.0,2025-12-19,15265.0,2025-12-30,6,15430.0,1.08,-0.39,기한청산
KODEX 코스닥150,만기→말일,12,위,무손절,2015-12-18,10590.0,2015-12-30,7,11015.0,4.01,-3.16,기한청산
KODEX 코스닥150,만기→말일,12,위,무손절,2016-12-16,9200.0,2016-12-29,9,9370.0,1.85,-2.39,기한청산
KODEX 코스닥150,만기→말일,12,위,무손절,2017-12-15,13315.0,2017-12-28,8,14265.0,7.13,-4.43,기한청산
KODEX 코스닥150,만기→말일,12,위,무손절,2018-12-21,11715.0,2018-12-28,4,11800.0,0.73,-2.09,기한청산
KODEX 코스닥150,만기→말일,12,위,무손절,2019-12-20,9875.0,2019-12-30,5,10415.0,5.47,-1.01,기한청산
KODEX 코스닥150,만기→말일,12,위,무손절,2020-12-18,14965.0,2020-12-30,7,15460.0,3.31,-2.54,기한청산
KODEX 코스닥150,만기→말일,12,위,무손절,2021-12-17,14605.0,2021-12-30,9,15070.0,3.18,-0.86,기한청산
KODEX 코스닥150,만기→말일,12,위,무손절,2022-12-16,10075.0,2022-12-29,9,9640.0,-4.32,-5.21,기한청산
KODEX 코스닥150,만기→말일,12,위,무손절,2023-12-15,13425.0,2023-12-28,8,13940.0,3.84,0.07,기한청산
KODEX 코스닥150,만기→말일,12,위,무손절,2024-12-20,10975.0,2024-12-30,5,11275.0,2.73,-0.05,기한청산
KODEX 코스닥150,만기→말일,12,위,무손절,2025-12-19,15265.0,2025-12-30,6,15430.0,1.08,-0.39,기한청산
KODEX 코스닥150,만기→말일,12,아래,-5.0,2015-12-18,10590.0,2015-12-30,7,11015.0,-4.01,-4.01,기한청산
KODEX 코스닥150,만기→말일,12,아래,-5.0,2016-12-16,9200.0,2016-12-29,9,9370.0,-1.85,-2.34,기한청산
KODEX 코스닥150,만기→말일,12,아래,-5.0,2017-12-15,13315.0,2017-12-27,7,13981.0,-5.0,-5.0,장중손절
KODEX 코스닥150,만기→말일,12,아래,-5.0,2018-12-21,11715.0,2018-12-28,4,11800.0,-0.73,-3.97,기한청산
KODEX 코스닥150,만기→말일,12,아래,-5.0,2019-12-20,9875.0,2019-12-30,5,10369.0,-5.0,-5.0,장중손절
KODEX 코스닥150,만기→말일,12,아래,-5.0,2020-12-18,14965.0,2020-12-30,7,15460.0,-3.31,-4.08,기한청산
KODEX 코스닥150,만기→말일,12,아래,-5.0,2021-12-17,14605.0,2021-12-28,7,15335.0,-5.0,-5.0,장중손절
KODEX 코스닥150,만기→말일,12,아래,-5.0,2022-12-16,10075.0,2022-12-29,9,9640.0,4.32,-1.29,기한청산
KODEX 코스닥150,만기→말일,12,아래,-5.0,2023-12-15,13425.0,2023-12-28,8,13940.0,-3.84,-4.54,기한청산
KODEX 코스닥150,만기→말일,12,아래,-5.0,2024-12-20,10975.0,2024-12-30,5,11275.0,-2.73,-3.28,기한청산
KODEX 코스닥150,만기→말일,12,아래,-5.0,2025-12-19,15265.0,2025-12-30,6,15430.0,-1.08,-2.33,기한청산
KODEX 코스닥150,만기→말일,12,아래,무손절,2015-12-18,10590.0,2015-12-30,7,11015.0,-4.01,-4.01,기한청산
KODEX 코스닥150,만기→말일,12,아래,무손절,2016-12-16,9200.0,2016-12-29,9,9370.0,-1.85,-2.34,기한청산
KODEX 코스닥150,만기→말일,12,아래,무손절,2017-12-15,13315.0,2017-12-28,8,14265.0,-7.13,-7.13,기한청산
KODEX 코스닥150,만기→말일,12,아래,무손절,2018-12-21,11715.0,2018-12-28,4,11800.0,-0.73,-3.97,기한청산
KODEX 코스닥150,만기→말일,12,아래,무손절,2019-12-20,9875.0,2019-12-30,5,10415.0,-5.47,-5.62,기한청산
KODEX 코스닥150,만기→말일,12,아래,무손절,2020-12-18,14965.0,2020-12-30,7,15460.0,-3.31,-4.08,기한청산
KODEX 코스닥150,만기→말일,12,아래,무손절,2021-12-17,14605.0,2021-12-30,9,15070.0,-3.18,-5.65,기한청산
KODEX 코스닥150,만기→말일,12,아래,무손절,2022-12-16,10075.0,2022-12-29,9,9640.0,4.32,-1.29,기한청산
KODEX 코스닥150,만기→말일,12,아래,무손절,2023-12-15,13425.0,2023-12-28,8,13940.0,-3.84,-4.54,기한청산
KODEX 코스닥150,만기→말일,12,아래,무손절,2024-12-20,10975.0,2024-12-30,5,11275.0,-2.73,-3.28,기한청산
KODEX 코스닥150,만기→말일,12,아래,무손절,2025-12-19,15265.0,2025-12-30,6,15430.0,-1.08,-2.33,기한청산
KODEX 코스닥150,20일→다음주금,9,위,-5.0,2016-09-20,10090.0,2016-09-30,8,10085.0,-0.05,-0.4,기한청산
KODEX 코스닥150,20일→다음주금,9,위,-5.0,2017-09-20,10885.0,2017-09-29,7,10805.0,-0.73,-2.48,기한청산
KODEX 코스닥150,20일→다음주금,9,위,-5.0,2018-09-20,14145.0,2018-09-28,3,14150.0,0.04,-0.14,기한청산
KODEX 코스닥150,20일→다음주금,9,위,-5.0,2019-09-20,9510.0,2019-09-25,3,9034.0,-5.0,-5.0,장중손절
KODEX 코스닥150,20일→다음주금,9,위,-5.0,2020-09-18,13935.0,2020-09-22,2,13238.0,-5.0,-5.0,장중손절
KODEX 코스닥150,20일→다음주금,9,위,-5.0,2021-09-17,15220.0,2021-09-29,5,14459.0,-5.0,-5.0,장중손절
KODEX 코스닥150,20일→다음주금,9,위,-5.0,2022-09-20,10600.0,2022-09-26,4,10005.0,-5.61,-5.61,갭손절
KODEX 코스닥150,20일→다음주금,9,위,-5.0,2023-09-20,13840.0,2023-09-26,4,13148.0,-5.0,-5.0,장중손절
KODEX 코스닥150,20일→다음주금,9,위,-5.0,2024-09-20,12600.0,2024-09-27,5,13035.0,3.45,-0.24,기한청산
KODEX 코스닥150,20일→다음주금,9,위,-5.0,2025-09-19,14300.0,2025-09-26,5,13840.0,-3.22,-4.06,기한청산
KODEX 코스닥150,20일→다음주금,9,위,무손절,2016-09-20,10090.0,2016-09-30,8,10085.0,-0.05,-0.4,기한청산
KODEX 코스닥150,20일→다음주금,9,위,무손절,2017-09-20,10885.0,2017-09-29,7,10805.0,-0.73,-2.48,기한청산
KODEX 코스닥150,20일→다음주금,9,위,무손절,2018-09-20,14145.0,2018-09-28,3,14150.0,0.04,-0.14,기한청산
KODEX 코스닥150,20일→다음주금,9,위,무손절,2019-09-20,9510.0,2019-09-27,5,9040.0,-4.94,-6.36,기한청산
KODEX 코스닥150,20일→다음주금,9,위,무손절,2020-09-18,13935.0,2020-09-25,5,12495.0,-10.33,-11.02,기한청산
KODEX 코스닥150,20일→다음주금,9,위,무손절,2021-09-17,15220.0,2021-10-01,7,14330.0,-5.85,-6.21,기한청산
KODEX 코스닥150,20일→다음주금,9,위,무손절,2022-09-20,10600.0,2022-09-30,8,9535.0,-10.05,-11.08,기한청산
KODEX 코스닥150,20일→다음주금,9,위,무손절,2023-09-20,13840.0,2023-09-27,5,13210.0,-4.55,-6.83,기한청산
KODEX 코스닥150,20일→다음주금,9,위,무손절,2024-09-20,12600.0,2024-09-27,5,13035.0,3.45,-0.24,기한청산
KODEX 코스닥150,20일→다음주금,9,위,무손절,2025-09-19,14300.0,2025-09-26,5,13840.0,-3.22,-4.06,기한청산
KODEX 코스닥150,20일→다음주금,9,아래,-5.0,2016-09-20,10090.0,2016-09-30,8,10085.0,0.05,-2.08,기한청산
KODEX 코스닥150,20일→다음주금,9,아래,-5.0,2017-09-20,10885.0,2017-09-29,7,10805.0,0.73,-0.78,기한청산
KODEX 코스닥150,20일→다음주금,9,아래,-5.0,2018-09-20,14145.0,2018-09-28,3,14150.0,-0.04,-2.51,기한청산
KODEX 코스닥150,20일→다음주금,9,아래,-5.0,2019-09-20,9510.0,2019-09-27,5,9040.0,4.94,-0.0,기한청산
KODEX 코스닥150,20일→다음주금,9,아래,-5.0,2020-09-18,13935.0,2020-09-25,5,12495.0,10.33,-0.97,기한청산
KODEX 코스닥150,20일→다음주금,9,아래,-5.0,2021-09-17,15220.0,2021-10-01,7,14330.0,5.85,-0.62,기한청산
KODEX 코스닥150,20일→다음주금,9,아래,-5.0,2022-09-20,10600.0,2022-09-30,8,9535.0,10.05,-0.05,기한청산
KODEX 코스닥150,20일→다음주금,9,아래,-5.0,2023-09-20,13840.0,2023-09-27,5,13210.0,4.55,0.22,기한청산
KODEX 코스닥150,20일→다음주금,9,아래,-5.0,2024-09-20,12600.0,2024-09-27,5,13035.0,-3.45,-4.56,기한청산
KODEX 코스닥150,20일→다음주금,9,아래,-5.0,2025-09-19,14300.0,2025-09-26,5,13840.0,3.22,-2.62,기한청산
KODEX 코스닥150,20일→다음주금,9,아래,무손절,2016-09-20,10090.0,2016-09-30,8,10085.0,0.05,-2.08,기한청산
KODEX 코스닥150,20일→다음주금,9,아래,무손절,2017-09-20,10885.0,2017-09-29,7,10805.0,0.73,-0.78,기한청산
KODEX 코스닥150,20일→다음주금,9,아래,무손절,2018-09-20,14145.0,2018-09-28,3,14150.0,-0.04,-2.51,기한청산
KODEX 코스닥150,20일→다음주금,9,아래,무손절,2019-09-20,9510.0,2019-09-27,5,9040.0,4.94,-0.0,기한청산
KODEX 코스닥150,20일→다음주금,9,아래,무손절,2020-09-18,13935.0,2020-09-25,5,12495.0,10.33,-0.97,기한청산
KODEX 코스닥150,20일→다음주금,9,아래,무손절,2021-09-17,15220.0,2021-10-01,7,14330.0,5.85,-0.62,기한청산
KODEX 코스닥150,20일→다음주금,9,아래,무손절,2022-09-20,10600.0,2022-09-30,8,9535.0,10.05,-0.05,기한청산
KODEX 코스닥150,20일→다음주금,9,아래,무손절,2023-09-20,13840.0,2023-09-27,5,13210.0,4.55,0.22,기한청산
KODEX 코스닥150,20일→다음주금,9,아래,무손절,2024-09-20,12600.0,2024-09-27,5,13035.0,-3.45,-4.56,기한청산
KODEX 코스닥150,20일→다음주금,9,아래,무손절,2025-09-19,14300.0,2025-09-26,5,13840.0,3.22,-2.62,기한청산
KODEX 코스닥150,20일→다음주금,12,위,-5.0,2015-12-18,10590.0,2015-12-24,4,10300.0,-2.74,-2.74,기한청산
KODEX 코스닥150,20일→다음주금,12,위,-5.0,2016-12-20,9075.0,2016-12-29,7,9370.0,3.25,-1.05,기한청산
KODEX 코스닥150,20일→다음주금,12,위,-5.0,2017-12-20,12990.0,2017-12-28,5,14265.0,9.82,-2.04,기한청산
KODEX 코스닥150,20일→다음주금,12,위,-5.0,2018-12-20,11585.0,2018-12-28,5,11800.0,1.86,-0.99,기한청산
KODEX 코스닥150,20일→다음주금,12,위,-5.0,2019-12-20,9875.0,2019-12-27,4,10250.0,3.8,-1.01,기한청산
KODEX 코스닥150,20일→다음주금,12,위,-5.0,2020-12-18,14965.0,2020-12-24,4,14830.0,-0.9,-2.54,기한청산
KODEX 코스닥150,20일→다음주금,12,위,-5.0,2021-12-20,14550.0,2021-12-30,8,15070.0,3.57,-0.48,기한청산
KODEX 코스닥150,20일→다음주금,12,위,-5.0,2022-12-20,9890.0,2022-12-29,7,9640.0,-2.53,-3.44,기한청산
KODEX 코스닥150,20일→다음주금,12,위,-5.0,2023-12-20,13900.0,2023-12-28,5,13940.0,0.29,-3.35,기한청산
KODEX 코스닥150,20일→다음주금,12,위,-5.0,2024-12-20,10975.0,2024-12-27,4,11055.0,0.73,-0.05,기한청산
KODEX 코스닥150,20일→다음주금,12,위,-5.0,2025-12-19,15265.0,2025-12-26,4,15380.0,0.75,-0.39,기한청산
KODEX 코스닥150,20일→다음주금,12,위,무손절,2015-12-18,10590.0,2015-12-24,4,10300.0,-2.74,-2.74,기한청산
KODEX 코스닥150,20일→다음주금,12,위,무손절,2016-12-20,9075.0,2016-12-29,7,9370.0,3.25,-1.05,기한청산
KODEX 코스닥150,20일→다음주금,12,위,무손절,2017-12-20,12990.0,2017-12-28,5,14265.0,9.82,-2.04,기한청산
KODEX 코스닥150,20일→다음주금,12,위,무손절,2018-12-20,11585.0,2018-12-28,5,11800.0,1.86,-0.99,기한청산
KODEX 코스닥150,20일→다음주금,12,위,무손절,2019-12-20,9875.0,2019-12-27,4,10250.0,3.8,-1.01,기한청산
KODEX 코스닥150,20일→다음주금,12,위,무손절,2020-12-18,14965.0,2020-12-24,4,14830.0,-0.9,-2.54,기한청산
KODEX 코스닥150,20일→다음주금,12,위,무손절,2021-12-20,14550.0,2021-12-30,8,15070.0,3.57,-0.48,기한청산
KODEX 코스닥150,20일→다음주금,12,위,무손절,2022-12-20,9890.0,2022-12-29,7,9640.0,-2.53,-3.44,기한청산
KODEX 코스닥150,20일→다음주금,12,위,무손절,2023-12-20,13900.0,2023-12-28,5,13940.0,0.29,-3.35,기한청산
KODEX 코스닥150,20일→다음주금,12,위,무손절,2024-12-20,10975.0,2024-12-27,4,11055.0,0.73,-0.05,기한청산
KODEX 코스닥150,20일→다음주금,12,위,무손절,2025-12-19,15265.0,2025-12-26,4,15380.0,0.75,-0.39,기한청산
KODEX 코스닥150,20일→다음주금,12,아래,-5.0,2015-12-18,10590.0,2015-12-24,4,10300.0,2.74,-0.24,기한청산
KODEX 코스닥150,20일→다음주금,12,아래,-5.0,2016-12-20,9075.0,2016-12-29,7,9370.0,-3.25,-3.75,기한청산
KODEX 코스닥150,20일→다음주금,12,아래,-5.0,2017-12-20,12990.0,2017-12-26,3,13640.0,-5.0,-5.0,장중손절
KODEX 코스닥150,20일→다음주금,12,아래,-5.0,2018-12-20,11585.0,2018-12-27,4,12180.0,-5.14,-5.14,갭손절
KODEX 코스닥150,20일→다음주금,12,아래,-5.0,2019-12-20,9875.0,2019-12-27,4,10250.0,-3.8,-4.3,기한청산
KODEX 코스닥150,20일→다음주금,12,아래,-5.0,2020-12-18,14965.0,2020-12-24,4,14830.0,0.9,-2.17,기한청산
KODEX 코스닥150,20일→다음주금,12,아래,-5.0,2021-12-20,14550.0,2021-12-28,6,15278.0,-5.0,-5.0,장중손절
KODEX 코스닥150,20일→다음주금,12,아래,-5.0,2022-12-20,9890.0,2022-12-29,7,9640.0,2.53,-2.98,기한청산
KODEX 코스닥150,20일→다음주금,12,아래,-5.0,2023-12-20,13900.0,2023-12-28,5,13940.0,-0.29,-0.97,기한청산
KODEX 코스닥150,20일→다음주금,12,아래,-5.0,2024-12-20,10975.0,2024-12-27,4,11055.0,-0.73,-2.96,기한청산
KODEX 코스닥150,20일→다음주금,12,아래,-5.0,2025-12-19,15265.0,2025-12-26,4,15380.0,-0.75,-1.67,기한청산
KODEX 코스닥150,20일→다음주금,12,아래,무손절,2015-12-18,10590.0,2015-12-24,4,10300.0,2.74,-0.24,기한청산
KODEX 코스닥150,20일→다음주금,12,아래,무손절,2016-12-20,9075.0,2016-12-29,7,9370.0,-3.25,-3.75,기한청산
KODEX 코스닥150,20일→다음주금,12,아래,무손절,2017-12-20,12990.0,2017-12-28,5,14265.0,-9.82,-9.82,기한청산
KODEX 코스닥150,20일→다음주금,12,아래,무손절,2018-12-20,11585.0,2018-12-28,5,11800.0,-1.86,-5.14,기한청산
KODEX 코스닥150,20일→다음주금,12,아래,무손절,2019-12-20,9875.0,2019-12-27,4,10250.0,-3.8,-4.3,기한청산
KODEX 코스닥150,20일→다음주금,12,아래,무손절,2020-12-18,14965.0,2020-12-24,4,14830.0,0.9,-2.17,기한청산
KODEX 코스닥150,20일→다음주금,12,아래,무손절,2021-12-20,14550.0,2021-12-30,8,15070.0,-3.57,-6.05,기한청산
KODEX 코스닥150,20일→다음주금,12,아래,무손절,2022-12-20,9890.0,2022-12-29,7,9640.0,2.53,-2.98,기한청산
KODEX 코스닥150,20일→다음주금,12,아래,무손절,2023-12-20,13900.0,2023-12-28,5,13940.0,-0.29,-0.97,기한청산
KODEX 코스닥150,20일→다음주금,12,아래,무손절,2024-12-20,10975.0,2024-12-27,4,11055.0,-0.73,-2.96,기한청산
KODEX 코스닥150,20일→다음주금,12,아래,무손절,2025-12-19,15265.0,2025-12-26,4,15380.0,-0.75,-1.67,기한청산
KODEX 코스닥150,20일→말일,9,위,-5.0,2016-09-20,10090.0,2016-09-30,8,10085.0,-0.05,-0.4,기한청산
KODEX 코스닥150,20일→말일,9,위,-5.0,2017-09-20,10885.0,2017-09-29,7,10805.0,-0.73,-2.48,기한청산
KODEX 코스닥150,20일→말일,9,위,-5.0,2018-09-20,14145.0,2018-09-28,3,14150.0,0.04,-0.14,기한청산
KODEX 코스닥150,20일→말일,9,위,-5.0,2019-09-20,9510.0,2019-09-25,3,9034.0,-5.0,-5.0,장중손절
KODEX 코스닥150,20일→말일,9,위,-5.0,2020-09-18,13935.0,2020-09-22,2,13238.0,-5.0,-5.0,장중손절
KODEX 코스닥150,20일→말일,9,위,-5.0,2021-09-17,15220.0,2021-09-29,5,14459.0,-5.0,-5.0,장중손절
KODEX 코스닥150,20일→말일,9,위,-5.0,2022-09-20,10600.0,2022-09-26,4,10005.0,-5.61,-5.61,갭손절
KODEX 코스닥150,20일→말일,9,위,-5.0,2023-09-20,13840.0,2023-09-26,4,13148.0,-5.0,-5.0,장중손절
KODEX 코스닥150,20일→말일,9,위,-5.0,2024-09-20,12600.0,2024-09-30,6,12865.0,2.1,-0.24,기한청산
KODEX 코스닥150,20일→말일,9,위,-5.0,2025-09-19,14300.0,2025-09-30,7,13950.0,-2.45,-4.06,기한청산
KODEX 코스닥150,20일→말일,9,위,무손절,2016-09-20,10090.0,2016-09-30,8,10085.0,-0.05,-0.4,기한청산
KODEX 코스닥150,20일→말일,9,위,무손절,2017-09-20,10885.0,2017-09-29,7,10805.0,-0.73,-2.48,기한청산
KODEX 코스닥150,20일→말일,9,위,무손절,2018-09-20,14145.0,2018-09-28,3,14150.0,0.04,-0.14,기한청산
KODEX 코스닥150,20일→말일,9,위,무손절,2019-09-20,9510.0,2019-09-30,6,9010.0,-5.26,-6.41,기한청산
KODEX 코스닥150,20일→말일,9,위,무손절,2020-09-18,13935.0,2020-09-29,7,13220.0,-5.13,-11.02,기한청산
KODEX 코스닥150,20일→말일,9,위,무손절,2021-09-17,15220.0,2021-09-30,6,14665.0,-3.65,-5.42,기한청산
KODEX 코스닥150,20일→말일,9,위,무손절,2022-09-20,10600.0,2022-09-30,8,9535.0,-10.05,-11.08,기한청산
KODEX 코스닥150,20일→말일,9,위,무손절,2023-09-20,13840.0,2023-09-27,5,13210.0,-4.55,-6.83,기한청산
KODEX 코스닥150,20일→말일,9,위,무손절,2024-09-20,12600.0,2024-09-30,6,12865.0,2.1,-0.24,기한청산
KODEX 코스닥150,20일→말일,9,위,무손절,2025-09-19,14300.0,2025-09-30,7,13950.0,-2.45,-4.06,기한청산
KODEX 코스닥150,20일→말일,9,아래,-5.0,2016-09-20,10090.0,2016-09-30,8,10085.0,0.05,-2.08,기한청산
KODEX 코스닥150,20일→말일,9,아래,-5.0,2017-09-20,10885.0,2017-09-29,7,10805.0,0.73,-0.78,기한청산
KODEX 코스닥150,20일→말일,9,아래,-5.0,2018-09-20,14145.0,2018-09-28,3,14150.0,-0.04,-2.51,기한청산
KODEX 코스닥150,20일→말일,9,아래,-5.0,2019-09-20,9510.0,2019-09-30,6,9010.0,5.26,-0.0,기한청산
KODEX 코스닥150,20일→말일,9,아래,-5.0,2020-09-18,13935.0,2020-09-29,7,13220.0,5.13,-0.97,기한청산
KODEX 코스닥150,20일→말일,9,아래,-5.0,2021-09-17,15220.0,2021-09-30,6,14665.0,3.65,-0.62,기한청산
KODEX 코스닥150,20일→말일,9,아래,-5.0,2022-09-20,10600.0,2022-09-30,8,9535.0,10.05,-0.05,기한청산
KODEX 코스닥150,20일→말일,9,아래,-5.0,2023-09-20,13840.0,2023-09-27,5,13210.0,4.55,0.22,기한청산
KODEX 코스닥150,20일→말일,9,아래,-5.0,2024-09-20,12600.0,2024-09-30,6,12865.0,-2.1,-4.56,기한청산
KODEX 코스닥150,20일→말일,9,아래,-5.0,2025-09-19,14300.0,2025-09-30,7,13950.0,2.45,-2.62,기한청산
KODEX 코스닥150,20일→말일,9,아래,무손절,2016-09-20,10090.0,2016-09-30,8,10085.0,0.05,-2.08,기한청산
KODEX 코스닥150,20일→말일,9,아래,무손절,2017-09-20,10885.0,2017-09-29,7,10805.0,0.73,-0.78,기한청산
KODEX 코스닥150,20일→말일,9,아래,무손절,2018-09-20,14145.0,2018-09-28,3,14150.0,-0.04,-2.51,기한청산
KODEX 코스닥150,20일→말일,9,아래,무손절,2019-09-20,9510.0,2019-09-30,6,9010.0,5.26,-0.0,기한청산
KODEX 코스닥150,20일→말일,9,아래,무손절,2020-09-18,13935.0,2020-09-29,7,13220.0,5.13,-0.97,기한청산
KODEX 코스닥150,20일→말일,9,아래,무손절,2021-09-17,15220.0,2021-09-30,6,14665.0,3.65,-0.62,기한청산
KODEX 코스닥150,20일→말일,9,아래,무손절,2022-09-20,10600.0,2022-09-30,8,9535.0,10.05,-0.05,기한청산
KODEX 코스닥150,20일→말일,9,아래,무손절,2023-09-20,13840.0,2023-09-27,5,13210.0,4.55,0.22,기한청산
KODEX 코스닥150,20일→말일,9,아래,무손절,2024-09-20,12600.0,2024-09-30,6,12865.0,-2.1,-4.56,기한청산
KODEX 코스닥150,20일→말일,9,아래,무손절,2025-09-19,14300.0,2025-09-30,7,13950.0,2.45,-2.62,기한청산
KODEX 코스닥150,20일→말일,12,위,-5.0,2015-12-18,10590.0,2015-12-30,7,11015.0,4.01,-3.16,기한청산
KODEX 코스닥150,20일→말일,12,위,-5.0,2016-12-20,9075.0,2016-12-29,7,9370.0,3.25,-1.05,기한청산
KODEX 코스닥150,20일→말일,12,위,-5.0,2017-12-20,12990.0,2017-12-28,5,14265.0,9.82,-2.04,기한청산
KODEX 코스닥150,20일→말일,12,위,-5.0,2018-12-20,11585.0,2018-12-28,5,11800.0,1.86,-0.99,기한청산
KODEX 코스닥150,20일→말일,12,위,-5.0,2019-12-20,9875.0,2019-12-30,5,10415.0,5.47,-1.01,기한청산
KODEX 코스닥150,20일→말일,12,위,-5.0,2020-12-18,14965.0,2020-12-30,7,15460.0,3.31,-2.54,기한청산
KODEX 코스닥150,20일→말일,12,위,-5.0,2021-12-20,14550.0,2021-12-30,8,15070.0,3.57,-0.48,기한청산
KODEX 코스닥150,20일→말일,12,위,-5.0,2022-12-20,9890.0,2022-12-29,7,9640.0,-2.53,-3.44,기한청산
KODEX 코스닥150,20일→말일,12,위,-5.0,2023-12-20,13900.0,2023-12-28,5,13940.0,0.29,-3.35,기한청산
KODEX 코스닥150,20일→말일,12,위,-5.0,2024-12-20,10975.0,2024-12-30,5,11275.0,2.73,-0.05,기한청산
KODEX 코스닥150,20일→말일,12,위,-5.0,2025-12-19,15265.0,2025-12-30,6,15430.0,1.08,-0.39,기한청산
KODEX 코스닥150,20일→말일,12,위,무손절,2015-12-18,10590.0,2015-12-30,7,11015.0,4.01,-3.16,기한청산
KODEX 코스닥150,20일→말일,12,위,무손절,2016-12-20,9075.0,2016-12-29,7,9370.0,3.25,-1.05,기한청산
KODEX 코스닥150,20일→말일,12,위,무손절,2017-12-20,12990.0,2017-12-28,5,14265.0,9.82,-2.04,기한청산
KODEX 코스닥150,20일→말일,12,위,무손절,2018-12-20,11585.0,2018-12-28,5,11800.0,1.86,-0.99,기한청산
KODEX 코스닥150,20일→말일,12,위,무손절,2019-12-20,9875.0,2019-12-30,5,10415.0,5.47,-1.01,기한청산
KODEX 코스닥150,20일→말일,12,위,무손절,2020-12-18,14965.0,2020-12-30,7,15460.0,3.31,-2.54,기한청산
KODEX 코스닥150,20일→말일,12,위,무손절,2021-12-20,14550.0,2021-12-30,8,15070.0,3.57,-0.48,기한청산
KODEX 코스닥150,20일→말일,12,위,무손절,2022-12-20,9890.0,2022-12-29,7,9640.0,-2.53,-3.44,기한청산
KODEX 코스닥150,20일→말일,12,위,무손절,2023-12-20,13900.0,2023-12-28,5,13940.0,0.29,-3.35,기한청산
KODEX 코스닥150,20일→말일,12,위,무손절,2024-12-20,10975.0,2024-12-30,5,11275.0,2.73,-0.05,기한청산
KODEX 코스닥150,20일→말일,12,위,무손절,2025-12-19,15265.0,2025-12-30,6,15430.0,1.08,-0.39,기한청산
KODEX 코스닥150,20일→말일,12,아래,-5.0,2015-12-18,10590.0,2015-12-30,7,11015.0,-4.01,-4.01,기한청산
KODEX 코스닥150,20일→말일,12,아래,-5.0,2016-12-20,9075.0,2016-12-29,7,9370.0,-3.25,-3.75,기한청산
KODEX 코스닥150,20일→말일,12,아래,-5.0,2017-12-20,12990.0,2017-12-26,3,13640.0,-5.0,-5.0,장중손절
KODEX 코스닥150,20일→말일,12,아래,-5.0,2018-12-20,11585.0,2018-12-27,4,12180.0,-5.14,-5.14,갭손절
KODEX 코스닥150,20일→말일,12,아래,-5.0,2019-12-20,9875.0,2019-12-30,5,10369.0,-5.0,-5.0,장중손절
KODEX 코스닥150,20일→말일,12,아래,-5.0,2020-12-18,14965.0,2020-12-30,7,15460.0,-3.31,-4.08,기한청산
KODEX 코스닥150,20일→말일,12,아래,-5.0,2021-12-20,14550.0,2021-12-28,6,15278.0,-5.0,-5.0,장중손절
KODEX 코스닥150,20일→말일,12,아래,-5.0,2022-12-20,9890.0,2022-12-29,7,9640.0,2.53,-2.98,기한청산
KODEX 코스닥150,20일→말일,12,아래,-5.0,2023-12-20,13900.0,2023-12-28,5,13940.0,-0.29,-0.97,기한청산
KODEX 코스닥150,20일→말일,12,아래,-5.0,2024-12-20,10975.0,2024-12-30,5,11275.0,-2.73,-3.28,기한청산
KODEX 코스닥150,20일→말일,12,아래,-5.0,2025-12-19,15265.0,2025-12-30,6,15430.0,-1.08,-2.33,기한청산
KODEX 코스닥150,20일→말일,12,아래,무손절,2015-12-18,10590.0,2015-12-30,7,11015.0,-4.01,-4.01,기한청산
KODEX 코스닥150,20일→말일,12,아래,무손절,2016-12-20,9075.0,2016-12-29,7,9370.0,-3.25,-3.75,기한청산
KODEX 코스닥150,20일→말일,12,아래,무손절,2017-12-20,12990.0,2017-12-28,5,14265.0,-9.82,-9.82,기한청산
KODEX 코스닥150,20일→말일,12,아래,무손절,2018-12-20,11585.0,2018-12-28,5,11800.0,-1.86,-5.14,기한청산
KODEX 코스닥150,20일→말일,12,아래,무손절,2019-12-20,9875.0,2019-12-30,5,10415.0,-5.47,-5.62,기한청산
KODEX 코스닥150,20일→말일,12,아래,무손절,2020-12-18,14965.0,2020-12-30,7,15460.0,-3.31,-4.08,기한청산
KODEX 코스닥150,20일→말일,12,아래,무손절,2021-12-20,14550.0,2021-12-30,8,15070.0,-3.57,-6.05,기한청산
KODEX 코스닥150,20일→말일,12,아래,무손절,2022-12-20,9890.0,2022-12-29,7,9640.0,2.53,-2.98,기한청산
KODEX 코스닥150,20일→말일,12,아래,무손절,2023-12-20,13900.0,2023-12-28,5,13940.0,-0.29,-0.97,기한청산
KODEX 코스닥150,20일→말일,12,아래,무손절,2024-12-20,10975.0,2024-12-30,5,11275.0,-2.73,-3.28,기한청산
KODEX 코스닥150,20일→말일,12,아래,무손절,2025-12-19,15265.0,2025-12-30,6,15430.0,-1.08,-2.33,기한청산
코스닥150 지수,만기→다음주금,9,위,손절불가,2010-09-17,936.77,2010-09-24,2,940.22,0.37,-0.05,기한청산
코스닥150 지수,만기→다음주금,9,위,손절불가,2011-09-16,940.06,2011-09-23,5,897.49,-4.53,-4.53,기한청산
코스닥150 지수,만기→다음주금,9,위,손절불가,2012-09-21,942.08,2012-09-28,5,925.14,-1.8,-3.04,기한청산
코스닥150 지수,만기→다음주금,9,위,손절불가,2013-09-17,897.78,2013-09-27,5,920.84,2.57,0.34,기한청산
코스닥150 지수,만기→다음주금,9,위,손절불가,2014-09-19,963.17,2014-09-26,5,959.81,-0.35,-1.12,기한청산
코스닥150 지수,만기→다음주금,9,위,손절불가,2015-09-18,1110.78,2015-09-25,5,1077.53,-2.99,-2.99,기한청산
코스닥150 지수,만기→다음주금,9,위,손절불가,2016-09-13,994.25,2016-09-23,5,1032.22,3.82,0.49,기한청산
코스닥150 지수,만기→다음주금,9,위,손절불가,2017-09-15,1081.83,2017-09-22,5,1062.32,-1.8,-1.8,기한청산
코스닥150 지수,만기→다음주금,9,위,손절불가,2018-09-21,1419.03,2018-09-28,2,1411.73,-0.51,-0.51,기한청산
코스닥150 지수,만기→다음주금,9,위,손절불가,2019-09-20,946.16,2019-09-27,5,898.94,-4.99,-5.11,기한청산
코스닥150 지수,만기→다음주금,9,위,손절불가,2020-09-18,1387.42,2020-09-25,5,1247.11,-10.11,-10.13,기한청산
코스닥150 지수,만기→다음주금,9,위,손절불가,2021-09-17,1536.65,2021-09-24,2,1530.02,-0.43,-0.43,기한청산
코스닥150 지수,만기→다음주금,9,위,손절불가,2022-09-16,1080.84,2022-09-23,5,1019.59,-5.67,-5.67,기한청산
코스닥150 지수,만기→다음주금,9,위,손절불가,2023-09-15,1398.35,2023-09-22,5,1349.75,-3.48,-3.48,기한청산
코스닥150 지수,만기→다음주금,9,위,손절불가,2024-09-20,1265.07,2024-09-27,5,1307.8,3.38,1.18,기한청산
코스닥150 지수,만기→다음주금,9,위,손절불가,2025-09-19,1445.48,2025-09-26,5,1394.47,-3.53,-3.53,기한청산
코스닥150 지수,만기→다음주금,9,아래,손절불가,2010-09-17,936.77,2010-09-24,2,940.22,-0.37,-0.37,기한청산
코스닥150 지수,만기→다음주금,9,아래,손절불가,2011-09-16,940.06,2011-09-23,5,897.49,4.53,-2.26,기한청산
코스닥150 지수,만기→다음주금,9,아래,손절불가,2012-09-21,942.08,2012-09-28,5,925.14,1.8,0.14,기한청산
코스닥150 지수,만기→다음주금,9,아래,손절불가,2013-09-17,897.78,2013-09-27,5,920.84,-2.57,-2.57,기한청산
코스닥150 지수,만기→다음주금,9,아래,손절불가,2014-09-19,963.17,2014-09-26,5,959.81,0.35,0.17,기한청산
코스닥150 지수,만기→다음주금,9,아래,손절불가,2015-09-18,1110.78,2015-09-25,5,1077.53,2.99,0.38,기한청산
코스닥150 지수,만기→다음주금,9,아래,손절불가,2016-09-13,994.25,2016-09-23,5,1032.22,-3.82,-3.82,기한청산
코스닥150 지수,만기→다음주금,9,아래,손절불가,2017-09-15,1081.83,2017-09-22,5,1062.32,1.8,-1.23,기한청산
코스닥150 지수,만기→다음주금,9,아래,손절불가,2018-09-21,1419.03,2018-09-28,2,1411.73,0.51,-0.67,기한청산
코스닥150 지수,만기→다음주금,9,아래,손절불가,2019-09-20,946.16,2019-09-27,5,898.94,4.99,0.81,기한청산
코스닥150 지수,만기→다음주금,9,아래,손절불가,2020-09-18,1387.42,2020-09-25,5,1247.11,10.11,2.37,기한청산
코스닥150 지수,만기→다음주금,9,아래,손절불가,2021-09-17,1536.65,2021-09-24,2,1530.02,0.43,0.38,기한청산
코스닥150 지수,만기→다음주금,9,아래,손절불가,2022-09-16,1080.84,2022-09-23,5,1019.59,5.67,1.21,기한청산
코스닥150 지수,만기→다음주금,9,아래,손절불가,2023-09-15,1398.35,2023-09-22,5,1349.75,3.48,0.79,기한청산
코스닥150 지수,만기→다음주금,9,아래,손절불가,2024-09-20,1265.07,2024-09-27,5,1307.8,-3.38,-4.53,기한청산
코스닥150 지수,만기→다음주금,9,아래,손절불가,2025-09-19,1445.48,2025-09-26,5,1394.47,3.53,-2.14,기한청산
코스닥150 지수,만기→다음주금,12,위,손절불가,2010-12-17,996.55,2010-12-24,5,971.35,-2.53,-2.53,기한청산
코스닥150 지수,만기→다음주금,12,위,손절불가,2011-12-16,992.19,2011-12-23,5,974.48,-1.78,-5.74,기한청산
코스닥150 지수,만기→다음주금,12,위,손절불가,2012-12-21,844.25,2012-12-28,4,880.2,4.26,0.87,기한청산
코스닥150 지수,만기→다음주금,12,위,손절불가,2013-12-20,833.68,2013-12-27,4,850.39,2.0,-0.11,기한청산
코스닥150 지수,만기→다음주금,12,위,손절불가,2014-12-19,879.96,2014-12-26,4,875.78,-0.48,-0.48,기한청산
코스닥150 지수,만기→다음주금,12,위,손절불가,2015-12-18,1057.22,2015-12-24,4,1032.02,-2.38,-2.38,기한청산
코스닥150 지수,만기→다음주금,12,위,손절불가,2016-12-16,923.07,2016-12-23,5,909.34,-1.49,-2.5,기한청산
코스닥150 지수,만기→다음주금,12,위,손절불가,2017-12-15,1322.89,2017-12-22,5,1319.42,-0.26,-4.55,기한청산
코스닥150 지수,만기→다음주금,12,위,손절불가,2018-12-21,1162.0,2018-12-28,4,1166.25,0.37,-0.45,기한청산
코스닥150 지수,만기→다음주금,12,위,손절불가,2019-12-20,980.13,2019-12-27,4,1013.35,3.39,-0.68,기한청산
코스닥150 지수,만기→다음주금,12,위,손절불가,2020-12-18,1492.39,2020-12-24,4,1472.81,-1.31,-2.22,기한청산
코스닥150 지수,만기→다음주금,12,위,손절불가,2021-12-17,1474.3,2021-12-24,5,1484.0,0.66,-0.38,기한청산
코스닥150 지수,만기→다음주금,12,위,손절불가,2022-12-16,1010.47,2022-12-23,5,979.06,-3.11,-3.11,기한청산
코스닥150 지수,만기→다음주금,12,위,손절불가,2023-12-15,1346.96,2023-12-22,5,1369.78,1.69,1.69,기한청산
코스닥150 지수,만기→다음주금,12,위,손절불가,2024-12-20,1097.7,2024-12-27,4,1105.64,0.72,0.72,기한청산
코스닥150 지수,만기→다음주금,12,위,손절불가,2025-12-19,1533.99,2025-12-26,4,1540.87,0.45,-0.25,기한청산
코스닥150 지수,만기→다음주금,12,아래,손절불가,2010-12-17,996.55,2010-12-24,5,971.35,2.53,0.92,기한청산
코스닥150 지수,만기→다음주금,12,아래,손절불가,2011-12-16,992.19,2011-12-23,5,974.48,1.78,1.75,기한청산
코스닥150 지수,만기→다음주금,12,아래,손절불가,2012-12-21,844.25,2012-12-28,4,880.2,-4.26,-4.26,기한청산
코스닥150 지수,만기→다음주금,12,아래,손절불가,2013-12-20,833.68,2013-12-27,4,850.39,-2.0,-2.0,기한청산
코스닥150 지수,만기→다음주금,12,아래,손절불가,2014-12-19,879.96,2014-12-26,4,875.78,0.48,-0.36,기한청산
코스닥150 지수,만기→다음주금,12,아래,손절불가,2015-12-18,1057.22,2015-12-24,4,1032.02,2.38,-0.1,기한청산
코스닥150 지수,만기→다음주금,12,아래,손절불가,2016-12-16,923.07,2016-12-23,5,909.34,1.49,0.29,기한청산
코스닥150 지수,만기→다음주금,12,아래,손절불가,2017-12-15,1322.89,2017-12-22,5,1319.42,0.26,0.26,기한청산
코스닥150 지수,만기→다음주금,12,아래,손절불가,2018-12-21,1162.0,2018-12-28,4,1166.25,-0.37,-0.4,기한청산
코스닥150 지수,만기→다음주금,12,아래,손절불가,2019-12-20,980.13,2019-12-27,4,1013.35,-3.39,-3.39,기한청산
코스닥150 지수,만기→다음주금,12,아래,손절불가,2020-12-18,1492.39,2020-12-24,4,1472.81,1.31,-1.46,기한청산
코스닥150 지수,만기→다음주금,12,아래,손절불가,2021-12-17,1474.3,2021-12-24,5,1484.0,-0.66,-0.66,기한청산
코스닥150 지수,만기→다음주금,12,아래,손절불가,2022-12-16,1010.47,2022-12-23,5,979.06,3.11,-0.71,기한청산
코스닥150 지수,만기→다음주금,12,아래,손절불가,2023-12-15,1346.96,2023-12-22,5,1369.78,-1.69,-3.59,기한청산
코스닥150 지수,만기→다음주금,12,아래,손절불가,2024-12-20,1097.7,2024-12-27,4,1105.64,-0.72,-2.33,기한청산
코스닥150 지수,만기→다음주금,12,아래,손절불가,2025-12-19,1533.99,2025-12-26,4,1540.87,-0.45,-1.05,기한청산
코스닥150 지수,만기→말일,9,위,손절불가,2010-09-17,936.77,2010-09-30,6,963.37,2.84,-0.05,기한청산
코스닥150 지수,만기→말일,9,위,손절불가,2011-09-16,940.06,2011-09-30,10,916.17,-2.54,-12.47,기한청산
코스닥150 지수,만기→말일,9,위,손절불가,2012-09-21,942.08,2012-09-28,5,925.14,-1.8,-3.04,기한청산
코스닥150 지수,만기→말일,9,위,손절불가,2013-09-17,897.78,2013-09-30,6,917.72,2.22,0.34,기한청산
코스닥150 지수,만기→말일,9,위,손절불가,2014-09-19,963.17,2014-09-30,7,954.34,-0.92,-2.02,기한청산
코스닥150 지수,만기→말일,9,위,손절불가,2015-09-18,1110.78,2015-09-30,6,1068.35,-3.82,-3.82,기한청산
코스닥150 지수,만기→말일,9,위,손절불가,2016-09-13,994.25,2016-09-30,10,1010.18,1.6,0.49,기한청산
코스닥150 지수,만기→말일,9,위,손절불가,2017-09-15,1081.83,2017-09-29,10,1074.79,-0.65,-1.8,기한청산
코스닥150 지수,만기→말일,9,위,손절불가,2018-09-21,1419.03,2018-09-28,2,1411.73,-0.51,-0.51,기한청산
코스닥150 지수,만기→말일,9,위,손절불가,2019-09-20,946.16,2019-09-30,6,894.36,-5.47,-5.47,기한청산
코스닥150 지수,만기→말일,9,위,손절불가,2020-09-18,1387.42,2020-09-29,7,1310.49,-5.54,-10.13,기한청산
코스닥150 지수,만기→말일,9,위,손절불가,2021-09-17,1536.65,2021-09-30,6,1475.06,-4.01,-4.5,기한청산
코스닥150 지수,만기→말일,9,위,손절불가,2022-09-16,1080.84,2022-09-30,10,956.48,-11.51,-11.51,기한청산
코스닥150 지수,만기→말일,9,위,손절불가,2023-09-15,1398.35,2023-09-27,8,1321.64,-5.49,-6.88,기한청산
코스닥150 지수,만기→말일,9,위,손절불가,2024-09-20,1265.07,2024-09-30,6,1288.34,1.84,1.18,기한청산
코스닥150 지수,만기→말일,9,위,손절불가,2025-09-19,1445.48,2025-09-30,7,1407.18,-2.65,-3.53,기한청산
코스닥150 지수,만기→말일,9,아래,손절불가,2010-09-17,936.77,2010-09-30,6,963.37,-2.84,-2.84,기한청산
코스닥150 지수,만기→말일,9,아래,손절불가,2011-09-16,940.06,2011-09-30,10,916.17,2.54,-2.26,기한청산
코스닥150 지수,만기→말일,9,아래,손절불가,2012-09-21,942.08,2012-09-28,5,925.14,1.8,0.14,기한청산
코스닥150 지수,만기→말일,9,아래,손절불가,2013-09-17,897.78,2013-09-30,6,917.72,-2.22,-2.57,기한청산
코스닥150 지수,만기→말일,9,아래,손절불가,2014-09-19,963.17,2014-09-30,7,954.34,0.92,0.17,기한청산
코스닥150 지수,만기→말일,9,아래,손절불가,2015-09-18,1110.78,2015-09-30,6,1068.35,3.82,0.38,기한청산
코스닥150 지수,만기→말일,9,아래,손절불가,2016-09-13,994.25,2016-09-30,10,1010.18,-1.6,-3.82,기한청산
코스닥150 지수,만기→말일,9,아래,손절불가,2017-09-15,1081.83,2017-09-29,10,1074.79,0.65,-1.23,기한청산
코스닥150 지수,만기→말일,9,아래,손절불가,2018-09-21,1419.03,2018-09-28,2,1411.73,0.51,-0.67,기한청산
코스닥150 지수,만기→말일,9,아래,손절불가,2019-09-20,946.16,2019-09-30,6,894.36,5.47,0.81,기한청산
코스닥150 지수,만기→말일,9,아래,손절불가,2020-09-18,1387.42,2020-09-29,7,1310.49,5.54,2.37,기한청산
코스닥150 지수,만기→말일,9,아래,손절불가,2021-09-17,1536.65,2021-09-30,6,1475.06,4.01,0.38,기한청산
코스닥150 지수,만기→말일,9,아래,손절불가,2022-09-16,1080.84,2022-09-30,10,956.48,11.51,1.21,기한청산
코스닥150 지수,만기→말일,9,아래,손절불가,2023-09-15,1398.35,2023-09-27,8,1321.64,5.49,0.79,기한청산
코스닥150 지수,만기→말일,9,아래,손절불가,2024-09-20,1265.07,2024-09-30,6,1288.34,-1.84,-4.53,기한청산
코스닥150 지수,만기→말일,9,아래,손절불가,2025-09-19,1445.48,2025-09-30,7,1407.18,2.65,-2.14,기한청산
코스닥150 지수,만기→말일,12,위,손절불가,2010-12-17,996.55,2010-12-30,9,997.9,0.14,-3.54,기한청산
코스닥150 지수,만기→말일,12,위,손절불가,2011-12-16,992.19,2011-12-29,9,965.62,-2.68,-5.74,기한청산
코스닥150 지수,만기→말일,12,위,손절불가,2012-12-21,844.25,2012-12-28,4,880.2,4.26,0.87,기한청산
코스닥150 지수,만기→말일,12,위,손절불가,2013-12-20,833.68,2013-12-30,5,855.88,2.66,-0.11,기한청산
코스닥150 지수,만기→말일,12,위,손절불가,2014-12-19,879.96,2014-12-30,6,894.44,1.65,-0.48,기한청산
코스닥150 지수,만기→말일,12,위,손절불가,2015-12-18,1057.22,2015-12-30,7,1095.46,3.62,-2.76,기한청산
코스닥150 지수,만기→말일,12,위,손절불가,2016-12-16,923.07,2016-12-29,9,936.09,1.41,-2.5,기한청산
코스닥150 지수,만기→말일,12,위,손절불가,2017-12-15,1322.89,2017-12-28,8,1413.8,6.87,-4.55,기한청산
코스닥150 지수,만기→말일,12,위,손절불가,2018-12-21,1162.0,2018-12-28,4,1166.25,0.37,-0.45,기한청산
코스닥150 지수,만기→말일,12,위,손절불가,2019-12-20,980.13,2019-12-30,5,1029.57,5.04,-0.68,기한청산
코스닥150 지수,만기→말일,12,위,손절불가,2020-12-18,1492.39,2020-12-30,7,1532.52,2.69,-2.22,기한청산
코스닥150 지수,만기→말일,12,위,손절불가,2021-12-17,1474.3,2021-12-30,9,1524.21,3.39,-0.38,기한청산
코스닥150 지수,만기→말일,12,위,손절불가,2022-12-16,1010.47,2022-12-29,9,957.78,-5.21,-5.21,기한청산
코스닥150 지수,만기→말일,12,위,손절불가,2023-12-15,1346.96,2023-12-28,8,1393.46,3.45,0.75,기한청산
코스닥150 지수,만기→말일,12,위,손절불가,2024-12-20,1097.7,2024-12-30,5,1129.8,2.92,0.72,기한청산
코스닥150 지수,만기→말일,12,위,손절불가,2025-12-19,1533.99,2025-12-30,6,1547.32,0.87,-0.25,기한청산
코스닥150 지수,만기→말일,12,아래,손절불가,2010-12-17,996.55,2010-12-30,9,997.9,-0.14,-0.14,기한청산
코스닥150 지수,만기→말일,12,아래,손절불가,2011-12-16,992.19,2011-12-29,9,965.62,2.68,1.75,기한청산
코스닥150 지수,만기→말일,12,아래,손절불가,2012-12-21,844.25,2012-12-28,4,880.2,-4.26,-4.26,기한청산
코스닥150 지수,만기→말일,12,아래,손절불가,2013-12-20,833.68,2013-12-30,5,855.88,-2.66,-2.66,기한청산
코스닥150 지수,만기→말일,12,아래,손절불가,2014-12-19,879.96,2014-12-30,6,894.44,-1.65,-1.65,기한청산
코스닥150 지수,만기→말일,12,아래,손절불가,2015-12-18,1057.22,2015-12-30,7,1095.46,-3.62,-3.62,기한청산
코스닥150 지수,만기→말일,12,아래,손절불가,2016-12-16,923.07,2016-12-29,9,936.09,-1.41,-1.41,기한청산
코스닥150 지수,만기→말일,12,아래,손절불가,2017-12-15,1322.89,2017-12-28,8,1413.8,-6.87,-6.87,기한청산
코스닥150 지수,만기→말일,12,아래,손절불가,2018-12-21,1162.0,2018-12-28,4,1166.25,-0.37,-0.4,기한청산
코스닥150 지수,만기→말일,12,아래,손절불가,2019-12-20,980.13,2019-12-30,5,1029.57,-5.04,-5.04,기한청산
코스닥150 지수,만기→말일,12,아래,손절불가,2020-12-18,1492.39,2020-12-30,7,1532.52,-2.69,-2.69,기한청산
코스닥150 지수,만기→말일,12,아래,손절불가,2021-12-17,1474.3,2021-12-30,9,1524.21,-3.39,-4.42,기한청산
코스닥150 지수,만기→말일,12,아래,손절불가,2022-12-16,1010.47,2022-12-29,9,957.78,5.21,-0.71,기한청산
코스닥150 지수,만기→말일,12,아래,손절불가,2023-12-15,1346.96,2023-12-28,8,1393.46,-3.45,-3.59,기한청산
코스닥150 지수,만기→말일,12,아래,손절불가,2024-12-20,1097.7,2024-12-30,5,1129.8,-2.92,-2.92,기한청산
코스닥150 지수,만기→말일,12,아래,손절불가,2025-12-19,1533.99,2025-12-30,6,1547.32,-0.87,-1.87,기한청산
코스닥150 지수,20일→다음주금,9,위,손절불가,2010-09-20,936.34,2010-10-01,6,968.07,3.39,0.41,기한청산
코스닥150 지수,20일→다음주금,9,위,손절불가,2011-09-20,943.13,2011-09-30,8,916.17,-2.86,-12.76,기한청산
코스닥150 지수,20일→다음주금,9,위,손절불가,2012-09-20,935.57,2012-09-28,6,925.14,-1.11,-2.36,기한청산
코스닥150 지수,20일→다음주금,9,위,손절불가,2013-09-17,897.78,2013-09-27,5,920.84,2.57,0.34,기한청산
코스닥150 지수,20일→다음주금,9,위,손절불가,2014-09-19,963.17,2014-09-26,5,959.81,-0.35,-1.12,기한청산
코스닥150 지수,20일→다음주금,9,위,손절불가,2015-09-18,1110.78,2015-09-25,5,1077.53,-2.99,-2.99,기한청산
코스닥150 지수,20일→다음주금,9,위,손절불가,2016-09-20,1011.26,2016-09-30,8,1010.18,-0.11,-0.11,기한청산
코스닥150 지수,20일→다음주금,9,위,손절불가,2017-09-20,1087.41,2017-09-29,7,1074.79,-1.16,-2.31,기한청산
코스닥150 지수,20일→다음주금,9,위,손절불가,2018-09-20,1410.28,2018-09-28,3,1411.73,0.1,0.1,기한청산
코스닥150 지수,20일→다음주금,9,위,손절불가,2019-09-20,946.16,2019-09-27,5,898.94,-4.99,-5.11,기한청산
코스닥150 지수,20일→다음주금,9,위,손절불가,2020-09-18,1387.42,2020-09-25,5,1247.11,-10.11,-10.13,기한청산
코스닥150 지수,20일→다음주금,9,위,손절불가,2021-09-17,1536.65,2021-10-01,7,1445.28,-5.95,-5.95,기한청산
코스닥150 지수,20일→다음주금,9,위,손절불가,2022-09-20,1067.78,2022-09-30,8,956.48,-10.42,-10.42,기한청산
코스닥150 지수,20일→다음주금,9,위,손절불가,2023-09-20,1386.27,2023-09-27,5,1321.64,-4.66,-6.07,기한청산
코스닥150 지수,20일→다음주금,9,위,손절불가,2024-09-20,1265.07,2024-09-27,5,1307.8,3.38,1.18,기한청산
코스닥150 지수,20일→다음주금,9,위,손절불가,2025-09-19,1445.48,2025-09-26,5,1394.47,-3.53,-3.53,기한청산
코스닥150 지수,20일→다음주금,9,아래,손절불가,2010-09-20,936.34,2010-10-01,6,968.07,-3.39,-3.39,기한청산
코스닥150 지수,20일→다음주금,9,아래,손절불가,2011-09-20,943.13,2011-09-30,8,916.17,2.86,-1.92,기한청산
코스닥150 지수,20일→다음주금,9,아래,손절불가,2012-09-20,935.57,2012-09-28,6,925.14,1.11,-0.7,기한청산
코스닥150 지수,20일→다음주금,9,아래,손절불가,2013-09-17,897.78,2013-09-27,5,920.84,-2.57,-2.57,기한청산
코스닥150 지수,20일→다음주금,9,아래,손절불가,2014-09-19,963.17,2014-09-26,5,959.81,0.35,0.17,기한청산
코스닥150 지수,20일→다음주금,9,아래,손절불가,2015-09-18,1110.78,2015-09-25,5,1077.53,2.99,0.38,기한청산
코스닥150 지수,20일→다음주금,9,아래,손절불가,2016-09-20,1011.26,2016-09-30,8,1010.18,0.11,-2.07,기한청산
코스닥150 지수,20일→다음주금,9,아래,손절불가,2017-09-20,1087.41,2017-09-29,7,1074.79,1.16,0.86,기한청산
코스닥150 지수,20일→다음주금,9,아래,손절불가,2018-09-20,1410.28,2018-09-28,3,1411.73,-0.1,-1.3,기한청산
코스닥150 지수,20일→다음주금,9,아래,손절불가,2019-09-20,946.16,2019-09-27,5,898.94,4.99,0.81,기한청산
코스닥150 지수,20일→다음주금,9,아래,손절불가,2020-09-18,1387.42,2020-09-25,5,1247.11,10.11,2.37,기한청산
코스닥150 지수,20일→다음주금,9,아래,손절불가,2021-09-17,1536.65,2021-10-01,7,1445.28,5.95,0.38,기한청산
코스닥150 지수,20일→다음주금,9,아래,손절불가,2022-09-20,1067.78,2022-09-30,8,956.48,10.42,1.11,기한청산
코스닥150 지수,20일→다음주금,9,아래,손절불가,2023-09-20,1386.27,2023-09-27,5,1321.64,4.66,2.41,기한청산
코스닥150 지수,20일→다음주금,9,아래,손절불가,2024-09-20,1265.07,2024-09-27,5,1307.8,-3.38,-4.53,기한청산
코스닥150 지수,20일→다음주금,9,아래,손절불가,2025-09-19,1445.48,2025-09-26,5,1394.47,3.53,-2.14,기한청산
코스닥150 지수,20일→다음주금,12,위,손절불가,2010-12-20,971.49,2010-12-30,8,997.9,2.72,-1.05,기한청산
코스닥150 지수,20일→다음주금,12,위,손절불가,2011-12-20,954.84,2011-12-29,7,965.62,1.13,-1.0,기한청산
코스닥150 지수,20일→다음주금,12,위,손절불가,2012-12-20,843.06,2012-12-28,5,880.2,4.41,0.14,기한청산
코스닥150 지수,20일→다음주금,12,위,손절불가,2013-12-20,833.68,2013-12-27,4,850.39,2.0,-0.11,기한청산
코스닥150 지수,20일→다음주금,12,위,손절불가,2014-12-19,879.96,2014-12-26,4,875.78,-0.48,-0.48,기한청산
코스닥150 지수,20일→다음주금,12,위,손절불가,2015-12-18,1057.22,2015-12-24,4,1032.02,-2.38,-2.38,기한청산
코스닥150 지수,20일→다음주금,12,위,손절불가,2016-12-20,907.72,2016-12-29,7,936.09,3.13,-0.85,기한청산
코스닥150 지수,20일→다음주금,12,위,손절불가,2017-12-20,1285.93,2017-12-28,5,1413.8,9.94,-1.8,기한청산
코스닥150 지수,20일→다음주금,12,위,손절불가,2018-12-20,1149.36,2018-12-28,5,1166.25,1.47,0.65,기한청산
코스닥150 지수,20일→다음주금,12,위,손절불가,2019-12-20,980.13,2019-12-27,4,1013.35,3.39,-0.68,기한청산
코스닥150 지수,20일→다음주금,12,위,손절불가,2020-12-18,1492.39,2020-12-24,4,1472.81,-1.31,-2.22,기한청산
코스닥150 지수,20일→다음주금,12,위,손절불가,2021-12-20,1468.65,2021-12-30,8,1524.21,3.78,0.6,기한청산
코스닥150 지수,20일→다음주금,12,위,손절불가,2022-12-20,988.32,2022-12-29,7,957.78,-3.09,-3.09,기한청산
코스닥150 지수,20일→다음주금,12,위,손절불가,2023-12-20,1395.37,2023-12-28,5,1393.46,-0.14,-2.74,기한청산
코스닥150 지수,20일→다음주금,12,위,손절불가,2024-12-20,1097.7,2024-12-27,4,1105.64,0.72,0.72,기한청산
코스닥150 지수,20일→다음주금,12,위,손절불가,2025-12-19,1533.99,2025-12-26,4,1540.87,0.45,-0.25,기한청산
코스닥150 지수,20일→다음주금,12,아래,손절불가,2010-12-20,971.49,2010-12-30,8,997.9,-2.72,-2.72,기한청산
코스닥150 지수,20일→다음주금,12,아래,손절불가,2011-12-20,954.84,2011-12-29,7,965.62,-1.13,-2.1,기한청산
코스닥150 지수,20일→다음주금,12,아래,손절불가,2012-12-20,843.06,2012-12-28,5,880.2,-4.41,-4.41,기한청산
코스닥150 지수,20일→다음주금,12,아래,손절불가,2013-12-20,833.68,2013-12-27,4,850.39,-2.0,-2.0,기한청산
코스닥150 지수,20일→다음주금,12,아래,손절불가,2014-12-19,879.96,2014-12-26,4,875.78,0.48,-0.36,기한청산
코스닥150 지수,20일→다음주금,12,아래,손절불가,2015-12-18,1057.22,2015-12-24,4,1032.02,2.38,-0.1,기한청산
코스닥150 지수,20일→다음주금,12,아래,손절불가,2016-12-20,907.72,2016-12-29,7,936.09,-3.13,-3.13,기한청산
코스닥150 지수,20일→다음주금,12,아래,손절불가,2017-12-20,1285.93,2017-12-28,5,1413.8,-9.94,-9.94,기한청산
코스닥150 지수,20일→다음주금,12,아래,손절불가,2018-12-20,1149.36,2018-12-28,5,1166.25,-1.47,-1.5,기한청산
코스닥150 지수,20일→다음주금,12,아래,손절불가,2019-12-20,980.13,2019-12-27,4,1013.35,-3.39,-3.39,기한청산
코스닥150 지수,20일→다음주금,12,아래,손절불가,2020-12-18,1492.39,2020-12-24,4,1472.81,1.31,-1.46,기한청산
코스닥150 지수,20일→다음주금,12,아래,손절불가,2021-12-20,1468.65,2021-12-30,8,1524.21,-3.78,-4.82,기한청산
코스닥150 지수,20일→다음주금,12,아래,손절불가,2022-12-20,988.32,2022-12-29,7,957.78,3.09,-2.97,기한청산
코스닥150 지수,20일→다음주금,12,아래,손절불가,2023-12-20,1395.37,2023-12-28,5,1393.46,0.14,0.14,기한청산
코스닥150 지수,20일→다음주금,12,아래,손절불가,2024-12-20,1097.7,2024-12-27,4,1105.64,-0.72,-2.33,기한청산
코스닥150 지수,20일→다음주금,12,아래,손절불가,2025-12-19,1533.99,2025-12-26,4,1540.87,-0.45,-1.05,기한청산
코스닥150 지수,20일→말일,9,위,손절불가,2010-09-20,936.34,2010-09-30,5,963.37,2.89,0.41,기한청산
코스닥150 지수,20일→말일,9,위,손절불가,2011-09-20,943.13,2011-09-30,8,916.17,-2.86,-12.76,기한청산
코스닥150 지수,20일→말일,9,위,손절불가,2012-09-20,935.57,2012-09-28,6,925.14,-1.11,-2.36,기한청산
코스닥150 지수,20일→말일,9,위,손절불가,2013-09-17,897.78,2013-09-30,6,917.72,2.22,0.34,기한청산
코스닥150 지수,20일→말일,9,위,손절불가,2014-09-19,963.17,2014-09-30,7,954.34,-0.92,-2.02,기한청산
코스닥150 지수,20일→말일,9,위,손절불가,2015-09-18,1110.78,2015-09-30,6,1068.35,-3.82,-3.82,기한청산
코스닥150 지수,20일→말일,9,위,손절불가,2016-09-20,1011.26,2016-09-30,8,1010.18,-0.11,-0.11,기한청산
코스닥150 지수,20일→말일,9,위,손절불가,2017-09-20,1087.41,2017-09-29,7,1074.79,-1.16,-2.31,기한청산
코스닥150 지수,20일→말일,9,위,손절불가,2018-09-20,1410.28,2018-09-28,3,1411.73,0.1,0.1,기한청산
코스닥150 지수,20일→말일,9,위,손절불가,2019-09-20,946.16,2019-09-30,6,894.36,-5.47,-5.47,기한청산
코스닥150 지수,20일→말일,9,위,손절불가,2020-09-18,1387.42,2020-09-29,7,1310.49,-5.54,-10.13,기한청산
코스닥150 지수,20일→말일,9,위,손절불가,2021-09-17,1536.65,2021-09-30,6,1475.06,-4.01,-4.5,기한청산
코스닥150 지수,20일→말일,9,위,손절불가,2022-09-20,1067.78,2022-09-30,8,956.48,-10.42,-10.42,기한청산
코스닥150 지수,20일→말일,9,위,손절불가,2023-09-20,1386.27,2023-09-27,5,1321.64,-4.66,-6.07,기한청산
코스닥150 지수,20일→말일,9,위,손절불가,2024-09-20,1265.07,2024-09-30,6,1288.34,1.84,1.18,기한청산
코스닥150 지수,20일→말일,9,위,손절불가,2025-09-19,1445.48,2025-09-30,7,1407.18,-2.65,-3.53,기한청산
코스닥150 지수,20일→말일,9,아래,손절불가,2010-09-20,936.34,2010-09-30,5,963.37,-2.89,-2.89,기한청산
코스닥150 지수,20일→말일,9,아래,손절불가,2011-09-20,943.13,2011-09-30,8,916.17,2.86,-1.92,기한청산
코스닥150 지수,20일→말일,9,아래,손절불가,2012-09-20,935.57,2012-09-28,6,925.14,1.11,-0.7,기한청산
코스닥150 지수,20일→말일,9,아래,손절불가,2013-09-17,897.78,2013-09-30,6,917.72,-2.22,-2.57,기한청산
코스닥150 지수,20일→말일,9,아래,손절불가,2014-09-19,963.17,2014-09-30,7,954.34,0.92,0.17,기한청산
코스닥150 지수,20일→말일,9,아래,손절불가,2015-09-18,1110.78,2015-09-30,6,1068.35,3.82,0.38,기한청산
코스닥150 지수,20일→말일,9,아래,손절불가,2016-09-20,1011.26,2016-09-30,8,1010.18,0.11,-2.07,기한청산
코스닥150 지수,20일→말일,9,아래,손절불가,2017-09-20,1087.41,2017-09-29,7,1074.79,1.16,0.86,기한청산
코스닥150 지수,20일→말일,9,아래,손절불가,2018-09-20,1410.28,2018-09-28,3,1411.73,-0.1,-1.3,기한청산
코스닥150 지수,20일→말일,9,아래,손절불가,2019-09-20,946.16,2019-09-30,6,894.36,5.47,0.81,기한청산
코스닥150 지수,20일→말일,9,아래,손절불가,2020-09-18,1387.42,2020-09-29,7,1310.49,5.54,2.37,기한청산
코스닥150 지수,20일→말일,9,아래,손절불가,2021-09-17,1536.65,2021-09-30,6,1475.06,4.01,0.38,기한청산
코스닥150 지수,20일→말일,9,아래,손절불가,2022-09-20,1067.78,2022-09-30,8,956.48,10.42,1.11,기한청산
코스닥150 지수,20일→말일,9,아래,손절불가,2023-09-20,1386.27,2023-09-27,5,1321.64,4.66,2.41,기한청산
코스닥150 지수,20일→말일,9,아래,손절불가,2024-09-20,1265.07,2024-09-30,6,1288.34,-1.84,-4.53,기한청산
코스닥150 지수,20일→말일,9,아래,손절불가,2025-09-19,1445.48,2025-09-30,7,1407.18,2.65,-2.14,기한청산
코스닥150 지수,20일→말일,12,위,손절불가,2010-12-20,971.49,2010-12-30,8,997.9,2.72,-1.05,기한청산
코스닥150 지수,20일→말일,12,위,손절불가,2011-12-20,954.84,2011-12-29,7,965.62,1.13,-1.0,기한청산
코스닥150 지수,20일→말일,12,위,손절불가,2012-12-20,843.06,2012-12-28,5,880.2,4.41,0.14,기한청산
코스닥150 지수,20일→말일,12,위,손절불가,2013-12-20,833.68,2013-12-30,5,855.88,2.66,-0.11,기한청산
코스닥150 지수,20일→말일,12,위,손절불가,2014-12-19,879.96,2014-12-30,6,894.44,1.65,-0.48,기한청산
코스닥150 지수,20일→말일,12,위,손절불가,2015-12-18,1057.22,2015-12-30,7,1095.46,3.62,-2.76,기한청산
코스닥150 지수,20일→말일,12,위,손절불가,2016-12-20,907.72,2016-12-29,7,936.09,3.13,-0.85,기한청산
코스닥150 지수,20일→말일,12,위,손절불가,2017-12-20,1285.93,2017-12-28,5,1413.8,9.94,-1.8,기한청산
코스닥150 지수,20일→말일,12,위,손절불가,2018-12-20,1149.36,2018-12-28,5,1166.25,1.47,0.65,기한청산
코스닥150 지수,20일→말일,12,위,손절불가,2019-12-20,980.13,2019-12-30,5,1029.57,5.04,-0.68,기한청산
코스닥150 지수,20일→말일,12,위,손절불가,2020-12-18,1492.39,2020-12-30,7,1532.52,2.69,-2.22,기한청산
코스닥150 지수,20일→말일,12,위,손절불가,2021-12-20,1468.65,2021-12-30,8,1524.21,3.78,0.6,기한청산
코스닥150 지수,20일→말일,12,위,손절불가,2022-12-20,988.32,2022-12-29,7,957.78,-3.09,-3.09,기한청산
코스닥150 지수,20일→말일,12,위,손절불가,2023-12-20,1395.37,2023-12-28,5,1393.46,-0.14,-2.74,기한청산
코스닥150 지수,20일→말일,12,위,손절불가,2024-12-20,1097.7,2024-12-30,5,1129.8,2.92,0.72,기한청산
코스닥150 지수,20일→말일,12,위,손절불가,2025-12-19,1533.99,2025-12-30,6,1547.32,0.87,-0.25,기한청산
코스닥150 지수,20일→말일,12,아래,손절불가,2010-12-20,971.49,2010-12-30,8,997.9,-2.72,-2.72,기한청산
코스닥150 지수,20일→말일,12,아래,손절불가,2011-12-20,954.84,2011-12-29,7,965.62,-1.13,-2.1,기한청산
코스닥150 지수,20일→말일,12,아래,손절불가,2012-12-20,843.06,2012-12-28,5,880.2,-4.41,-4.41,기한청산
코스닥150 지수,20일→말일,12,아래,손절불가,2013-12-20,833.68,2013-12-30,5,855.88,-2.66,-2.66,기한청산
코스닥150 지수,20일→말일,12,아래,손절불가,2014-12-19,879.96,2014-12-30,6,894.44,-1.65,-1.65,기한청산
코스닥150 지수,20일→말일,12,아래,손절불가,2015-12-18,1057.22,2015-12-30,7,1095.46,-3.62,-3.62,기한청산
코스닥150 지수,20일→말일,12,아래,손절불가,2016-12-20,907.72,2016-12-29,7,936.09,-3.13,-3.13,기한청산
코스닥150 지수,20일→말일,12,아래,손절불가,2017-12-20,1285.93,2017-12-28,5,1413.8,-9.94,-9.94,기한청산
코스닥150 지수,20일→말일,12,아래,손절불가,2018-12-20,1149.36,2018-12-28,5,1166.25,-1.47,-1.5,기한청산
코스닥150 지수,20일→말일,12,아래,손절불가,2019-12-20,980.13,2019-12-30,5,1029.57,-5.04,-5.04,기한청산
코스닥150 지수,20일→말일,12,아래,손절불가,2020-12-18,1492.39,2020-12-30,7,1532.52,-2.69,-2.69,기한청산
코스닥150 지수,20일→말일,12,아래,손절불가,2021-12-20,1468.65,2021-12-30,8,1524.21,-3.78,-4.82,기한청산
코스닥150 지수,20일→말일,12,아래,손절불가,2022-12-20,988.32,2022-12-29,7,957.78,3.09,-2.97,기한청산
코스닥150 지수,20일→말일,12,아래,손절불가,2023-12-20,1395.37,2023-12-28,5,1393.46,0.14,0.14,기한청산
코스닥150 지수,20일→말일,12,아래,손절불가,2024-12-20,1097.7,2024-12-30,5,1129.8,-2.92,-2.92,기한청산
코스닥150 지수,20일→말일,12,아래,손절불가,2025-12-19,1533.99,2025-12-30,6,1547.32,-0.87,-1.87,기한청산
