종목,조합,월,방향,손절선(%),시기,신호,합계(%),평균(%),승률(%),손익비,손익분기 승률(%),손익분기 대비(%p),이길 때(%),질 때(%),질 때 표본,최고(%),최악(%),보유 중 최악(%),표준편차(%),갭손절,장중손절,평균 보유일,판정가능,시기 시작일,시기 종료일,1차 판정
SPY,만기→다음주금,9,위,-5.0,전체,33,-32.47,-0.98,27.27,0.822,54.88,-27.61,1.61,-1.96,24,7.36,-6.81,-6.81,2.52,1,3,4.91,예,1993-09-17,2025-09-19,제외
SPY,만기→다음주금,9,위,-5.0,앞 절반,16,-12.8,-0.8,25.0,1.311,43.26,-18.26,2.49,-1.9,12,7.36,-5.0,-5.0,2.9,0,2,4.88,예,1993-09-17,2008-09-19,판정 안 함
SPY,만기→다음주금,9,위,-5.0,뒤 절반,17,-19.67,-1.16,29.41,0.45,68.98,-39.57,0.91,-2.02,12,2.07,-6.81,-6.81,2.18,1,1,4.94,예,2009-09-18,2025-09-19,판정 안 함
SPY,만기→다음주금,9,위,-5.0,최근 10년,10,-7.72,-0.77,40.0,0.363,73.38,-33.38,0.62,-1.7,6,1.23,-5.0,-5.0,1.86,0,1,5.0,예,2016-09-16,2025-09-19,판정 안 함
SPY,만기→다음주금,9,위,-5.0,최근 5년,5,-7.07,-1.41,40.0,0.208,82.81,-42.81,0.57,-2.73,3,0.57,-5.0,-5.0,2.46,0,1,5.0,아니오,2021-09-17,2025-09-19,판정 안 함
SPY,만기→다음주금,9,위,무손절,전체,33,-28.92,-0.88,27.27,0.89,52.92,-25.65,1.61,-1.81,24,7.36,-6.57,-8.41,2.37,0,0,5.0,예,1993-09-17,2025-09-19,제외
SPY,만기→다음주금,9,위,무손절,앞 절반,16,-9.92,-0.62,25.0,1.501,39.98,-14.98,2.49,-1.66,12,7.36,-4.49,-5.56,2.68,0,0,5.0,예,1993-09-17,2008-09-19,판정 안 함
SPY,만기→다음주금,9,위,무손절,뒤 절반,17,-19.0,-1.12,29.41,0.462,68.38,-38.97,0.91,-1.96,12,2.07,-6.57,-8.41,2.1,0,0,5.0,예,2009-09-18,2025-09-19,판정 안 함
SPY,만기→다음주금,9,위,무손절,최근 10년,10,-7.29,-0.73,40.0,0.379,72.52,-32.52,0.62,-1.63,6,1.23,-4.57,-5.78,1.76,0,0,5.0,예,2016-09-16,2025-09-19,판정 안 함
SPY,만기→다음주금,9,위,무손절,최근 5년,5,-6.64,-1.33,40.0,0.219,82.03,-42.03,0.57,-2.59,3,0.57,-4.57,-5.78,2.31,0,0,5.0,아니오,2021-09-17,2025-09-19,판정 안 함
SPY,만기→다음주금,9,아래,-5.0,전체,33,31.07,0.94,72.73,1.32,43.1,29.63,1.81,-1.37,9,6.57,-5.21,-5.21,2.16,1,0,4.94,예,1993-09-17,2025-09-19,제외
SPY,만기→다음주금,9,아래,-5.0,앞 절반,16,12.07,0.75,75.0,0.85,54.06,20.94,1.66,-1.95,4,4.49,-5.21,-5.21,2.27,1,0,4.88,예,1993-09-17,2008-09-19,판정 안 함
SPY,만기→다음주금,9,아래,-5.0,뒤 절반,17,19.0,1.12,70.59,2.162,31.62,38.97,1.96,-0.91,5,6.57,-2.07,-2.14,2.1,0,0,5.0,예,2009-09-18,2025-09-19,판정 안 함
SPY,만기→다음주금,9,아래,-5.0,최근 10년,10,7.29,0.73,60.0,2.639,27.48,32.52,1.63,-0.62,4,4.57,-1.23,-1.95,1.76,0,0,5.0,예,2016-09-16,2025-09-19,판정 안 함
SPY,만기→다음주금,9,아래,-5.0,최근 5년,5,6.64,1.33,60.0,4.564,17.97,42.03,2.59,-0.57,2,4.57,-0.57,-1.14,2.31,0,0,5.0,아니오,2021-09-17,2025-09-19,판정 안 함
SPY,만기→다음주금,9,아래,무손절,전체,33,28.92,0.88,72.73,1.124,47.08,25.65,1.81,-1.61,9,6.57,-7.36,-12.69,2.37,0,0,5.0,예,1993-09-17,2025-09-19,제외
SPY,만기→다음주금,9,아래,무손절,앞 절반,16,9.92,0.62,75.0,0.666,60.02,14.98,1.66,-2.49,4,4.49,-7.36,-12.69,2.68,0,0,5.0,예,1993-09-17,2008-09-19,판정 안 함
SPY,만기→다음주금,9,아래,무손절,뒤 절반,17,19.0,1.12,70.59,2.162,31.62,38.97,1.96,-0.91,5,6.57,-2.07,-2.14,2.1,0,0,5.0,예,2009-09-18,2025-09-19,판정 안 함
SPY,만기→다음주금,9,아래,무손절,최근 10년,10,7.29,0.73,60.0,2.639,27.48,32.52,1.63,-0.62,4,4.57,-1.23,-1.95,1.76,0,0,5.0,예,2016-09-16,2025-09-19,판정 안 함
SPY,만기→다음주금,9,아래,무손절,최근 5년,5,6.64,1.33,60.0,4.564,17.97,42.03,2.59,-0.57,2,4.57,-0.57,-1.14,2.31,0,0,5.0,아니오,2021-09-17,2025-09-19,판정 안 함
SPY,만기→다음주금,12,위,-5.0,전체,33,23.53,0.71,69.7,1.469,40.5,29.2,1.45,-0.99,10,3.95,-2.9,-4.15,1.53,0,0,4.3,예,1993-12-17,2025-12-19,제외
SPY,만기→다음주금,12,위,-5.0,앞 절반,16,3.93,0.25,56.25,1.169,46.11,10.14,1.3,-1.12,7,3.53,-2.9,-4.15,1.58,0,0,4.31,예,1993-12-17,2008-12-19,판정 안 함
SPY,만기→다음주금,12,위,-5.0,뒤 절반,17,19.6,1.15,82.35,2.238,30.89,51.46,1.55,-0.69,3,3.95,-1.93,-2.88,1.38,0,0,4.29,예,2009-12-18,2025-12-19,판정 안 함
SPY,만기→다음주금,12,위,-5.0,최근 10년,10,9.46,0.95,80.0,16.822,5.61,74.39,1.2,-0.07,2,2.93,-0.09,-2.88,1.0,0,0,4.4,예,2016-12-16,2025-12-19,판정 안 함
SPY,만기→다음주금,12,위,-5.0,최근 5년,5,5.24,1.05,80.0,14.199,6.58,73.42,1.33,-0.09,1,2.33,-0.09,-2.22,0.9,0,0,4.4,아니오,2021-12-17,2025-12-19,판정 안 함
SPY,만기→다음주금,12,위,무손절,전체,33,23.53,0.71,69.7,1.469,40.5,29.2,1.45,-0.99,10,3.95,-2.9,-4.15,1.53,0,0,4.3,예,1993-12-17,2025-12-19,제외
SPY,만기→다음주금,12,위,무손절,앞 절반,16,3.93,0.25,56.25,1.169,46.11,10.14,1.3,-1.12,7,3.53,-2.9,-4.15,1.58,0,0,4.31,예,1993-12-17,2008-12-19,판정 안 함
SPY,만기→다음주금,12,위,무손절,뒤 절반,17,19.6,1.15,82.35,2.238,30.89,51.46,1.55,-0.69,3,3.95,-1.93,-2.88,1.38,0,0,4.29,예,2009-12-18,2025-12-19,판정 안 함
SPY,만기→다음주금,12,위,무손절,최근 10년,10,9.46,0.95,80.0,16.822,5.61,74.39,1.2,-0.07,2,2.93,-0.09,-2.88,1.0,0,0,4.4,예,2016-12-16,2025-12-19,판정 안 함
SPY,만기→다음주금,12,위,무손절,최근 5년,5,5.24,1.05,80.0,14.199,6.58,73.42,1.33,-0.09,1,2.33,-0.09,-2.22,0.9,0,0,4.4,아니오,2021-12-17,2025-12-19,판정 안 함
SPY,만기→다음주금,12,아래,-5.0,전체,33,-23.53,-0.71,30.3,0.681,59.5,-29.2,0.99,-1.45,23,2.9,-3.95,-4.45,1.53,0,0,4.3,예,1993-12-17,2025-12-19,제외
SPY,만기→다음주금,12,아래,-5.0,앞 절반,16,-3.93,-0.25,43.75,0.856,53.89,-10.14,1.12,-1.3,9,2.9,-3.53,-4.01,1.58,0,0,4.31,예,1993-12-17,2008-12-19,판정 안 함
SPY,만기→다음주금,12,아래,-5.0,뒤 절반,17,-19.6,-1.15,17.65,0.447,69.11,-51.46,0.69,-1.55,14,1.93,-3.95,-4.45,1.38,0,0,4.29,예,2009-12-18,2025-12-19,판정 안 함
SPY,만기→다음주금,12,아래,-5.0,최근 10년,10,-9.46,-0.95,20.0,0.059,94.39,-74.39,0.07,-1.2,8,0.09,-2.93,-4.45,1.0,0,0,4.4,예,2016-12-16,2025-12-19,판정 안 함
SPY,만기→다음주금,12,아래,-5.0,최근 5년,5,-5.24,-1.05,20.0,0.07,93.42,-73.42,0.09,-1.33,4,0.09,-2.33,-2.68,0.9,0,0,4.4,아니오,2021-12-17,2025-12-19,판정 안 함
SPY,만기→다음주금,12,아래,무손절,전체,33,-23.53,-0.71,30.3,0.681,59.5,-29.2,0.99,-1.45,23,2.9,-3.95,-4.45,1.53,0,0,4.3,예,1993-12-17,2025-12-19,제외
SPY,만기→다음주금,12,아래,무손절,앞 절반,16,-3.93,-0.25,43.75,0.856,53.89,-10.14,1.12,-1.3,9,2.9,-3.53,-4.01,1.58,0,0,4.31,예,1993-12-17,2008-12-19,판정 안 함
SPY,만기→다음주금,12,아래,무손절,뒤 절반,17,-19.6,-1.15,17.65,0.447,69.11,-51.46,0.69,-1.55,14,1.93,-3.95,-4.45,1.38,0,0,4.29,예,2009-12-18,2025-12-19,판정 안 함
SPY,만기→다음주금,12,아래,무손절,최근 10년,10,-9.46,-0.95,20.0,0.059,94.39,-74.39,0.07,-1.2,8,0.09,-2.93,-4.45,1.0,0,0,4.4,예,2016-12-16,2025-12-19,판정 안 함
SPY,만기→다음주금,12,아래,무손절,최근 5년,5,-5.24,-1.05,20.0,0.07,93.42,-73.42,0.09,-1.33,4,0.09,-2.33,-2.68,0.9,0,0,4.4,아니오,2021-12-17,2025-12-19,판정 안 함
SPY,만기→말일,9,위,-5.0,전체,33,-33.92,-1.03,33.33,0.631,61.33,-28.0,1.42,-2.25,22,7.36,-6.81,-6.81,2.58,1,3,7.36,예,1993-09-17,2025-09-19,제외
SPY,만기→말일,9,위,-5.0,앞 절반,16,-13.35,-0.83,31.25,0.906,52.48,-21.23,1.87,-2.06,11,7.36,-5.0,-5.0,2.89,0,2,7.5,예,1993-09-17,2008-09-19,판정 안 함
SPY,만기→말일,9,위,-5.0,뒤 절반,17,-20.57,-1.21,35.29,0.429,70.0,-34.71,1.05,-2.44,11,1.46,-6.81,-6.81,2.34,1,1,7.24,예,2009-09-18,2025-09-19,판정 안 함
SPY,만기→말일,9,위,-5.0,최근 10년,10,-7.49,-0.75,50.0,0.392,71.86,-21.86,0.96,-2.46,5,1.37,-5.0,-5.0,2.25,0,1,7.6,예,2016-09-16,2025-09-19,판정 안 함
SPY,만기→말일,9,위,-5.0,최근 5년,5,-10.02,-2.0,40.0,0.177,84.94,-44.94,0.67,-3.79,3,0.97,-5.0,-5.0,2.58,0,1,7.4,아니오,2021-09-17,2025-09-19,판정 안 함
SPY,만기→말일,9,위,무손절,전체,33,-36.65,-1.11,33.33,0.598,62.6,-29.27,1.42,-2.38,22,7.36,-7.36,-10.95,2.77,0,0,7.94,예,1993-09-17,2025-09-19,제외
SPY,만기→말일,9,위,무손절,앞 절반,16,-13.64,-0.85,31.25,0.894,52.79,-21.54,1.87,-2.09,11,7.36,-6.55,-10.95,2.96,0,0,8.0,예,1993-09-17,2008-09-19,판정 안 함
SPY,만기→말일,9,위,무손절,뒤 절반,17,-23.01,-1.35,35.29,0.393,71.8,-36.51,1.05,-2.66,11,1.46,-7.36,-8.41,2.64,0,0,7.88,예,2009-09-18,2025-09-19,판정 안 함
SPY,만기→말일,9,위,무손절,최근 10년,10,-9.85,-0.98,50.0,0.329,75.27,-25.27,0.96,-2.93,5,1.37,-7.36,-7.4,2.8,0,0,8.1,예,2016-09-16,2025-09-19,판정 안 함
SPY,만기→말일,9,위,무손절,최근 5년,5,-12.38,-2.48,40.0,0.147,87.2,-47.2,0.67,-4.57,3,0.97,-7.36,-7.4,3.36,0,0,8.4,아니오,2021-09-17,2025-09-19,판정 안 함
SPY,만기→말일,9,아래,-5.0,전체,33,38.8,1.18,66.67,1.94,34.01,32.66,2.38,-1.22,11,7.36,-5.21,-5.21,2.58,1,0,7.88,예,1993-09-17,2025-09-19,후보
SPY,만기→말일,9,아래,-5.0,앞 절반,16,15.79,0.99,68.75,1.452,40.78,27.97,2.09,-1.44,5,6.55,-5.21,-5.21,2.59,1,0,7.88,예,1993-09-17,2008-09-19,판정 안 함
SPY,만기→말일,9,아래,-5.0,뒤 절반,17,23.01,1.35,64.71,2.546,28.2,36.51,2.66,-1.05,6,7.36,-1.46,-2.93,2.64,0,0,7.88,예,2009-09-18,2025-09-19,판정 안 함
SPY,만기→말일,9,아래,-5.0,최근 10년,10,9.85,0.98,50.0,3.044,24.73,25.27,2.93,-0.96,5,7.36,-1.37,-2.31,2.8,0,0,8.1,예,2016-09-16,2025-09-19,판정 안 함
SPY,만기→말일,9,아래,-5.0,최근 5년,5,12.38,2.48,60.0,6.81,12.8,47.2,4.57,-0.67,2,7.36,-0.97,-1.14,3.36,0,0,8.4,아니오,2021-09-17,2025-09-19,판정 안 함
SPY,만기→말일,9,아래,무손절,전체,33,36.65,1.11,66.67,1.673,37.4,29.27,2.38,-1.42,11,7.36,-7.36,-12.69,2.77,0,0,7.94,예,1993-09-17,2025-09-19,후보
SPY,만기→말일,9,아래,무손절,앞 절반,16,13.64,0.85,68.75,1.118,47.21,21.54,2.09,-1.87,5,6.55,-7.36,-12.69,2.96,0,0,8.0,예,1993-09-17,2008-09-19,판정 안 함
SPY,만기→말일,9,아래,무손절,뒤 절반,17,23.01,1.35,64.71,2.546,28.2,36.51,2.66,-1.05,6,7.36,-1.46,-2.93,2.64,0,0,7.88,예,2009-09-18,2025-09-19,판정 안 함
SPY,만기→말일,9,아래,무손절,최근 10년,10,9.85,0.98,50.0,3.044,24.73,25.27,2.93,-0.96,5,7.36,-1.37,-2.31,2.8,0,0,8.1,예,2016-09-16,2025-09-19,판정 안 함
SPY,만기→말일,9,아래,무손절,최근 5년,5,12.38,2.48,60.0,6.81,12.8,47.2,4.57,-0.67,2,7.36,-0.97,-1.14,3.36,0,0,8.4,아니오,2021-09-17,2025-09-19,판정 안 함
SPY,만기→말일,12,위,-5.0,전체,33,24.28,0.74,60.61,2.145,31.79,28.82,1.74,-0.81,13,4.06,-1.96,-4.15,1.63,0,0,7.64,예,1993-12-17,2025-12-19,제외
SPY,만기→말일,12,위,-5.0,앞 절반,16,7.28,0.46,50.0,1.903,34.45,15.55,1.92,-1.01,8,4.06,-1.96,-4.15,1.82,0,0,7.69,예,1993-12-17,2008-12-19,판정 안 함
SPY,만기→말일,12,위,-5.0,뒤 절반,17,17.0,1.0,70.59,3.263,23.46,47.13,1.62,-0.5,5,3.83,-0.86,-2.88,1.44,0,0,7.59,예,2009-12-18,2025-12-19,판정 안 함
SPY,만기→말일,12,위,-5.0,최근 10년,10,8.59,0.86,70.0,2.535,28.29,41.71,1.48,-0.58,3,3.83,-0.86,-2.88,1.59,0,0,7.7,예,2016-12-16,2025-12-19,판정 안 함
SPY,만기→말일,12,위,-5.0,최근 5년,5,3.67,0.73,60.0,2.941,25.37,34.63,1.58,-0.54,2,3.28,-0.86,-2.22,1.62,0,0,8.0,아니오,2021-12-17,2025-12-19,판정 안 함
SPY,만기→말일,12,위,무손절,전체,33,24.28,0.74,60.61,2.145,31.79,28.82,1.74,-0.81,13,4.06,-1.96,-4.15,1.63,0,0,7.64,예,1993-12-17,2025-12-19,제외
SPY,만기→말일,12,위,무손절,앞 절반,16,7.28,0.46,50.0,1.903,34.45,15.55,1.92,-1.01,8,4.06,-1.96,-4.15,1.82,0,0,7.69,예,1993-12-17,2008-12-19,판정 안 함
SPY,만기→말일,12,위,무손절,뒤 절반,17,17.0,1.0,70.59,3.263,23.46,47.13,1.62,-0.5,5,3.83,-0.86,-2.88,1.44,0,0,7.59,예,2009-12-18,2025-12-19,판정 안 함
SPY,만기→말일,12,위,무손절,최근 10년,10,8.59,0.86,70.0,2.535,28.29,41.71,1.48,-0.58,3,3.83,-0.86,-2.88,1.59,0,0,7.7,예,2016-12-16,2025-12-19,판정 안 함
SPY,만기→말일,12,위,무손절,최근 5년,5,3.67,0.73,60.0,2.941,25.37,34.63,1.58,-0.54,2,3.28,-0.86,-2.22,1.62,0,0,8.0,아니오,2021-12-17,2025-12-19,판정 안 함
SPY,만기→말일,12,아래,-5.0,전체,33,-25.22,-0.76,39.39,0.454,68.78,-29.39,0.81,-1.79,20,1.96,-5.0,-5.0,1.7,0,1,7.58,예,1993-12-17,2025-12-19,제외
SPY,만기→말일,12,아래,-5.0,앞 절반,16,-8.22,-0.51,50.0,0.495,66.88,-16.88,1.01,-2.04,8,1.96,-5.0,-5.0,1.95,0,1,7.56,예,1993-12-17,2008-12-19,판정 안 함
SPY,만기→말일,12,아래,-5.0,뒤 절반,17,-17.0,-1.0,29.41,0.307,76.54,-47.13,0.5,-1.62,12,0.86,-3.83,-4.45,1.44,0,0,7.59,예,2009-12-18,2025-12-19,판정 안 함
SPY,만기→말일,12,아래,-5.0,최근 10년,10,-8.59,-0.86,30.0,0.394,71.71,-41.71,0.58,-1.48,7,0.86,-3.83,-4.45,1.59,0,0,7.7,예,2016-12-16,2025-12-19,판정 안 함
SPY,만기→말일,12,아래,-5.0,최근 5년,5,-3.67,-0.73,40.0,0.34,74.63,-34.63,0.54,-1.58,3,0.86,-3.28,-4.16,1.62,0,0,8.0,아니오,2021-12-17,2025-12-19,판정 안 함
SPY,만기→말일,12,아래,무손절,전체,33,-24.28,-0.74,39.39,0.466,68.21,-28.82,0.81,-1.74,20,1.96,-4.06,-5.27,1.63,0,0,7.64,예,1993-12-17,2025-12-19,제외
SPY,만기→말일,12,아래,무손절,앞 절반,16,-7.28,-0.46,50.0,0.526,65.55,-15.55,1.01,-1.92,8,1.96,-4.06,-5.27,1.82,0,0,7.69,예,1993-12-17,2008-12-19,판정 안 함
SPY,만기→말일,12,아래,무손절,뒤 절반,17,-17.0,-1.0,29.41,0.307,76.54,-47.13,0.5,-1.62,12,0.86,-3.83,-4.45,1.44,0,0,7.59,예,2009-12-18,2025-12-19,판정 안 함
SPY,만기→말일,12,아래,무손절,최근 10년,10,-8.59,-0.86,30.0,0.394,71.71,-41.71,0.58,-1.48,7,0.86,-3.83,-4.45,1.59,0,0,7.7,예,2016-12-16,2025-12-19,판정 안 함
SPY,만기→말일,12,아래,무손절,최근 5년,5,-3.67,-0.73,40.0,0.34,74.63,-34.63,0.54,-1.58,3,0.86,-3.28,-4.16,1.62,0,0,8.0,아니오,2021-12-17,2025-12-19,판정 안 함
SPY,20일→다음주금,9,위,-5.0,전체,33,-26.13,-0.79,39.39,0.538,63.06,-23.67,1.17,-2.18,19,5.8,-5.76,-5.76,2.32,1,3,5.94,예,1993-09-20,2025-09-19,제외
SPY,20일→다음주금,9,위,-5.0,앞 절반,16,-5.02,-0.31,50.0,0.623,57.76,-7.76,1.55,-2.49,7,5.8,-5.0,-5.0,2.7,0,2,6.19,예,1993-09-20,2008-09-19,판정 안 함
SPY,20일→다음주금,9,위,-5.0,뒤 절반,17,-21.11,-1.24,29.41,0.279,78.16,-48.75,0.56,-1.99,12,1.35,-5.76,-5.76,1.87,1,1,5.71,예,2009-09-18,2025-09-19,판정 안 함
SPY,20일→다음주금,9,위,-5.0,최근 10년,10,-7.92,-0.79,40.0,0.352,73.95,-33.95,0.61,-1.72,6,1.35,-5.0,-5.0,1.82,0,1,6.0,예,2016-09-20,2025-09-19,판정 안 함
SPY,20일→다음주금,9,위,-5.0,최근 5년,5,-7.21,-1.44,40.0,0.117,89.49,-49.49,0.31,-2.61,3,0.57,-5.0,-5.0,2.32,0,1,5.8,아니오,2021-09-20,2025-09-19,판정 안 함
SPY,20일→다음주금,9,위,무손절,전체,33,-24.67,-0.75,39.39,0.558,62.26,-22.87,1.17,-2.1,19,5.8,-7.01,-7.38,2.31,0,0,6.48,예,1993-09-20,2025-09-19,제외
SPY,20일→다음주금,9,위,무손절,앞 절반,16,-1.47,-0.09,50.0,0.782,52.6,-2.6,1.55,-1.99,7,5.8,-3.81,-5.99,2.34,0,0,6.62,예,1993-09-20,2008-09-19,판정 안 함
SPY,20일→다음주금,9,위,무손절,뒤 절반,17,-23.2,-1.36,29.41,0.257,79.56,-50.15,0.56,-2.16,12,1.35,-7.01,-7.38,2.17,0,0,6.35,예,2009-09-18,2025-09-19,판정 안 함
SPY,20일→다음주금,9,위,무손절,최근 10년,10,-9.92,-0.99,40.0,0.295,77.22,-37.22,0.61,-2.06,6,1.35,-7.01,-7.04,2.37,0,0,6.5,예,2016-09-20,2025-09-19,판정 안 함
SPY,20일→다음주금,9,위,무손절,최근 5년,5,-9.22,-1.84,40.0,0.093,91.45,-51.45,0.31,-3.28,3,0.57,-7.01,-7.04,3.12,0,0,6.8,아니오,2021-09-20,2025-09-19,판정 안 함
SPY,20일→다음주금,9,아래,-5.0,전체,33,25.47,0.77,57.58,1.894,33.51,24.07,2.1,-1.11,13,7.01,-5.0,-5.0,2.25,0,1,6.48,예,1993-09-20,2025-09-19,제외
SPY,20일→다음주금,9,아래,-5.0,앞 절반,16,2.28,0.14,43.75,1.367,39.61,4.14,1.99,-1.45,8,3.81,-5.0,-5.0,2.21,0,1,6.62,예,1993-09-20,2008-09-19,판정 안 함
SPY,20일→다음주금,9,아래,-5.0,뒤 절반,17,23.2,1.36,70.59,3.893,20.44,50.15,2.16,-0.56,5,7.01,-1.35,-2.5,2.17,0,0,6.35,예,2009-09-18,2025-09-19,판정 안 함
SPY,20일→다음주금,9,아래,-5.0,최근 10년,10,9.92,0.99,60.0,3.389,22.78,37.22,2.06,-0.61,4,7.01,-1.35,-2.5,2.37,0,0,6.5,예,2016-09-20,2025-09-19,판정 안 함
SPY,20일→다음주금,9,아래,-5.0,최근 5년,5,9.22,1.84,60.0,10.699,8.55,51.45,3.28,-0.31,2,7.01,-0.57,-2.5,3.12,0,0,6.8,아니오,2021-09-20,2025-09-19,판정 안 함
SPY,20일→다음주금,9,아래,무손절,전체,33,24.67,0.75,57.58,1.794,34.71,22.87,2.1,-1.17,13,7.01,-5.8,-11.05,2.31,0,0,6.48,예,1993-09-20,2025-09-19,제외
SPY,20일→다음주금,9,아래,무손절,앞 절반,16,1.47,0.09,43.75,1.278,41.15,2.6,1.99,-1.55,8,3.81,-5.8,-11.05,2.34,0,0,6.62,예,1993-09-20,2008-09-19,판정 안 함
SPY,20일→다음주금,9,아래,무손절,뒤 절반,17,23.2,1.36,70.59,3.893,20.44,50.15,2.16,-0.56,5,7.01,-1.35,-2.5,2.17,0,0,6.35,예,2009-09-18,2025-09-19,판정 안 함
SPY,20일→다음주금,9,아래,무손절,최근 10년,10,9.92,0.99,60.0,3.389,22.78,37.22,2.06,-0.61,4,7.01,-1.35,-2.5,2.37,0,0,6.5,예,2016-09-20,2025-09-19,판정 안 함
SPY,20일→다음주금,9,아래,무손절,최근 5년,5,9.22,1.84,60.0,10.699,8.55,51.45,3.28,-0.31,2,7.01,-0.57,-2.5,3.12,0,0,6.8,아니오,2021-09-20,2025-09-19,판정 안 함
SPY,20일→다음주금,12,위,-5.0,전체,33,18.95,0.57,63.64,1.219,45.08,18.56,1.7,-1.39,12,4.39,-5.0,-5.0,2.02,0,1,5.39,예,1993-12-20,2025-12-19,제외
SPY,20일→다음주금,12,위,-5.0,앞 절반,16,10.43,0.65,56.25,1.962,33.76,22.49,1.92,-0.98,7,3.91,-2.9,-3.06,1.89,0,0,5.62,예,1993-12-20,2008-12-19,판정 안 함
SPY,20일→다음주금,12,위,-5.0,뒤 절반,17,8.52,0.5,70.59,0.776,56.31,14.28,1.53,-1.98,5,4.39,-5.0,-5.0,2.19,0,1,5.18,예,2009-12-18,2025-12-19,판정 안 함
SPY,20일→다음주금,12,위,-5.0,최근 10년,10,2.76,0.28,60.0,0.955,51.15,8.85,1.52,-1.6,4,4.39,-5.0,-5.0,2.37,0,1,5.2,예,2016-12-20,2025-12-19,판정 안 함
SPY,20일→다음주금,12,위,-5.0,최근 5년,5,8.47,1.69,100.0,,,,1.69,,0,4.39,0.5,-1.52,1.57,0,0,5.8,아니오,2021-12-20,2025-12-19,판정 안 함
SPY,20일→다음주금,12,위,무손절,전체,33,24.18,0.73,66.67,1.531,39.52,27.15,1.63,-1.07,11,4.39,-3.51,-5.43,1.76,0,0,5.48,예,1993-12-20,2025-12-19,제외
SPY,20일→다음주금,12,위,무손절,앞 절반,16,10.43,0.65,56.25,1.962,33.76,22.49,1.92,-0.98,7,3.91,-2.9,-3.06,1.89,0,0,5.62,예,1993-12-20,2008-12-19,판정 안 함
SPY,20일→다음주금,12,위,무손절,뒤 절반,17,13.76,0.81,76.47,1.174,46.0,30.47,1.43,-1.22,4,4.39,-3.51,-5.43,1.67,0,0,5.35,예,2009-12-18,2025-12-19,판정 안 함
SPY,20일→다음주금,12,위,무손절,최근 10년,10,7.99,0.8,70.0,2.911,25.57,44.43,1.34,-0.46,3,4.39,-1.27,-5.43,1.49,0,0,5.5,예,2016-12-20,2025-12-19,판정 안 함
SPY,20일→다음주금,12,위,무손절,최근 5년,5,8.47,1.69,100.0,,,,1.69,,0,4.39,0.5,-1.52,1.57,0,0,5.8,아니오,2021-12-20,2025-12-19,판정 안 함
SPY,20일→다음주금,12,아래,-5.0,전체,33,-25.88,-0.78,33.33,0.624,61.58,-28.25,1.07,-1.71,22,3.51,-5.0,-5.0,1.87,0,2,5.33,예,1993-12-20,2025-12-19,제외
SPY,20일→다음주금,12,아래,-5.0,앞 절반,16,-11.51,-0.72,43.75,0.479,67.6,-23.85,0.98,-2.04,9,2.9,-5.0,-5.0,2.03,0,1,5.5,예,1993-12-20,2008-12-19,판정 안 함
SPY,20일→다음주금,12,아래,-5.0,뒤 절반,17,-14.36,-0.84,23.53,0.825,54.79,-31.26,1.22,-1.48,13,3.51,-5.0,-5.0,1.76,0,1,5.18,예,2009-12-18,2025-12-19,판정 안 함
SPY,20일→다음주금,12,아래,-5.0,최근 10년,10,-8.6,-0.86,30.0,0.323,75.61,-45.61,0.46,-1.43,7,1.27,-5.0,-5.0,1.66,0,1,5.2,예,2016-12-20,2025-12-19,판정 안 함
SPY,20일→다음주금,12,아래,-5.0,최근 5년,5,-9.08,-1.82,0.0,0.0,100.0,-100.0,,-1.82,5,-0.5,-5.0,-5.0,1.84,0,1,5.2,아니오,2021-12-20,2025-12-19,판정 안 함
SPY,20일→다음주금,12,아래,무손절,전체,33,-24.18,-0.73,33.33,0.653,60.48,-27.15,1.07,-1.63,22,3.51,-4.39,-6.36,1.76,0,0,5.48,예,1993-12-20,2025-12-19,제외
SPY,20일→다음주금,12,아래,무손절,앞 절반,16,-10.43,-0.65,43.75,0.51,66.24,-22.49,0.98,-1.92,9,2.9,-3.91,-6.36,1.89,0,0,5.62,예,1993-12-20,2008-12-19,판정 안 함
SPY,20일→다음주금,12,아래,무손절,뒤 절반,17,-13.76,-0.81,23.53,0.852,54.0,-30.47,1.22,-1.43,13,3.51,-4.39,-5.28,1.67,0,0,5.35,예,2009-12-18,2025-12-19,판정 안 함
SPY,20일→다음주금,12,아래,무손절,최근 10년,10,-7.99,-0.8,30.0,0.344,74.43,-44.43,0.46,-1.34,7,1.27,-4.39,-5.28,1.49,0,0,5.5,예,2016-12-20,2025-12-19,판정 안 함
SPY,20일→다음주금,12,아래,무손절,최근 5년,5,-8.47,-1.69,0.0,0.0,100.0,-100.0,,-1.69,5,-0.5,-4.39,-5.28,1.57,0,0,5.8,아니오,2021-12-20,2025-12-19,판정 안 함
SPY,20일→말일,9,위,-5.0,전체,33,-30.8,-0.93,30.3,0.659,58.46,-28.16,1.32,-2.0,22,5.8,-5.76,-5.76,2.29,1,3,6.58,예,1993-09-20,2025-09-19,제외
SPY,20일→말일,9,위,-5.0,앞 절반,16,-10.96,-0.69,31.25,0.886,49.7,-18.45,1.74,-1.97,10,5.8,-5.0,-5.0,2.62,0,2,6.62,예,1993-09-20,2008-09-19,판정 안 함
SPY,20일→말일,9,위,-5.0,뒤 절반,17,-19.84,-1.17,29.41,0.439,69.49,-40.08,0.89,-2.02,12,1.35,-5.76,-5.76,1.98,1,1,6.53,예,2009-09-18,2025-09-19,판정 안 함
SPY,20일→말일,9,위,-5.0,최근 10년,10,-5.71,-0.57,50.0,0.438,69.56,-19.56,0.89,-2.03,5,1.35,-5.0,-5.0,1.98,0,1,6.6,예,2016-09-20,2025-09-19,판정 안 함
SPY,20일→말일,9,위,-5.0,최근 5년,5,-7.33,-1.47,40.0,0.232,81.15,-41.15,0.67,-2.89,3,0.97,-5.0,-5.0,2.4,0,1,6.2,아니오,2021-09-20,2025-09-19,판정 안 함
SPY,20일→말일,9,위,무손절,전체,33,-33.05,-1.0,30.3,0.627,59.61,-29.31,1.32,-2.1,22,5.8,-7.01,-10.95,2.46,0,0,7.15,예,1993-09-20,2025-09-19,제외
SPY,20일→말일,9,위,무손절,앞 절반,16,-11.12,-0.69,31.25,0.879,49.89,-18.64,1.74,-1.98,10,5.8,-6.55,-10.95,2.69,0,0,7.12,예,1993-09-20,2008-09-19,판정 안 함
SPY,20일→말일,9,위,무손절,뒤 절반,17,-21.93,-1.29,29.41,0.404,71.21,-41.8,0.89,-2.2,12,1.35,-7.01,-7.38,2.28,0,0,7.18,예,2009-09-18,2025-09-19,판정 안 함
SPY,20일→말일,9,위,무손절,최근 10년,10,-7.72,-0.77,50.0,0.365,73.24,-23.24,0.89,-2.43,5,1.35,-7.01,-7.04,2.51,0,0,7.1,예,2016-09-20,2025-09-19,판정 안 함
SPY,20일→말일,9,위,무손절,최근 5년,5,-9.34,-1.87,40.0,0.189,84.13,-44.13,0.67,-3.56,3,0.97,-7.01,-7.04,3.18,0,0,7.2,아니오,2021-09-20,2025-09-19,판정 안 함
SPY,20일→말일,9,아래,-5.0,전체,33,33.85,1.03,66.67,1.7,35.92,30.75,2.1,-1.24,10,7.01,-5.0,-5.0,2.4,0,1,7.15,예,1993-09-20,2025-09-19,후보
SPY,20일→말일,9,아래,-5.0,앞 절반,16,11.92,0.75,62.5,1.253,41.61,20.89,1.98,-1.58,5,6.55,-5.0,-5.0,2.56,0,1,7.12,예,1993-09-20,2008-09-19,판정 안 함
SPY,20일→말일,9,아래,-5.0,뒤 절반,17,21.93,1.29,70.59,2.473,28.79,41.8,2.2,-0.89,5,7.01,-1.35,-2.5,2.28,0,0,7.18,예,2009-09-18,2025-09-19,판정 안 함
SPY,20일→말일,9,아래,-5.0,최근 10년,10,7.72,0.77,50.0,2.737,26.76,23.24,2.43,-0.89,5,7.01,-1.35,-2.5,2.51,0,0,7.1,예,2016-09-20,2025-09-19,판정 안 함
SPY,20일→말일,9,아래,-5.0,최근 5년,5,9.34,1.87,60.0,5.3,15.87,44.13,3.56,-0.67,2,7.01,-0.97,-2.5,3.18,0,0,7.2,아니오,2021-09-20,2025-09-19,판정 안 함
SPY,20일→말일,9,아래,무손절,전체,33,33.05,1.0,66.67,1.596,37.36,29.31,2.1,-1.32,10,7.01,-5.8,-11.05,2.46,0,0,7.15,예,1993-09-20,2025-09-19,후보
SPY,20일→말일,9,아래,무손절,앞 절반,16,11.12,0.69,62.5,1.137,43.86,18.64,1.98,-1.74,5,6.55,-5.8,-11.05,2.69,0,0,7.12,예,1993-09-20,2008-09-19,판정 안 함
SPY,20일→말일,9,아래,무손절,뒤 절반,17,21.93,1.29,70.59,2.473,28.79,41.8,2.2,-0.89,5,7.01,-1.35,-2.5,2.28,0,0,7.18,예,2009-09-18,2025-09-19,판정 안 함
SPY,20일→말일,9,아래,무손절,최근 10년,10,7.72,0.77,50.0,2.737,26.76,23.24,2.43,-0.89,5,7.01,-1.35,-2.5,2.51,0,0,7.1,예,2016-09-20,2025-09-19,판정 안 함
SPY,20일→말일,9,아래,무손절,최근 5년,5,9.34,1.87,60.0,5.3,15.87,44.13,3.56,-0.67,2,7.01,-0.97,-2.5,3.18,0,0,7.2,아니오,2021-09-20,2025-09-19,판정 안 함
SPY,20일→말일,12,위,-5.0,전체,33,21.0,0.64,57.58,1.752,36.34,21.24,1.91,-1.09,14,4.39,-5.0,-5.0,1.96,0,1,6.73,예,1993-12-20,2025-12-19,제외
SPY,20일→말일,12,위,-5.0,앞 절반,16,15.36,0.96,50.0,3.686,21.34,28.66,2.64,-0.72,8,4.06,-1.96,-3.2,1.95,0,0,6.81,예,1993-12-20,2008-12-19,판정 안 함
SPY,20일→말일,12,위,-5.0,뒤 절반,17,5.64,0.33,64.71,0.868,53.53,11.18,1.38,-1.59,6,4.39,-5.0,-5.0,1.99,0,1,6.65,예,2009-12-18,2025-12-19,판정 안 함
SPY,20일→말일,12,위,-5.0,최근 10년,10,1.03,0.1,60.0,0.762,56.76,3.24,1.37,-1.8,4,4.39,-5.0,-5.0,2.38,0,1,6.3,예,2016-12-20,2025-12-19,판정 안 함
SPY,20일→말일,12,위,-5.0,최근 5년,5,5.73,1.15,80.0,1.921,34.24,45.76,1.65,-0.86,1,4.39,-0.86,-1.52,2.0,0,0,6.8,아니오,2021-12-20,2025-12-19,판정 안 함
SPY,20일→말일,12,위,무손절,전체,33,27.11,0.82,60.61,2.369,29.68,30.93,1.87,-0.79,13,4.39,-1.96,-5.43,1.68,0,0,6.85,예,1993-12-20,2025-12-19,제외
SPY,20일→말일,12,위,무손절,앞 절반,16,15.36,0.96,50.0,3.686,21.34,28.66,2.64,-0.72,8,4.06,-1.96,-3.2,1.95,0,0,6.81,예,1993-12-20,2008-12-19,판정 안 함
SPY,20일→말일,12,위,무손절,뒤 절반,17,11.75,0.69,70.59,1.497,40.04,30.55,1.36,-0.91,5,4.39,-1.87,-5.43,1.44,0,0,6.88,예,2009-12-18,2025-12-19,판정 안 함
SPY,20일→말일,12,위,무손절,최근 10년,10,7.14,0.71,70.0,1.826,35.38,34.62,1.33,-0.73,3,4.39,-1.27,-5.43,1.57,0,0,6.7,예,2016-12-20,2025-12-19,판정 안 함
SPY,20일→말일,12,위,무손절,최근 5년,5,5.73,1.15,80.0,1.921,34.24,45.76,1.65,-0.86,1,4.39,-0.86,-1.52,2.0,0,0,6.8,아니오,2021-12-20,2025-12-19,판정 안 함
SPY,20일→말일,12,아래,-5.0,전체,33,-29.75,-0.9,39.39,0.394,71.72,-32.33,0.79,-2.0,20,1.96,-5.0,-5.0,1.85,0,3,6.64,예,1993-12-20,2025-12-19,제외
SPY,20일→말일,12,아래,-5.0,앞 절반,16,-17.39,-1.09,50.0,0.248,80.16,-30.16,0.72,-2.89,8,1.96,-5.0,-5.0,2.18,0,2,6.56,예,1993-12-20,2008-12-19,판정 안 함
SPY,20일→말일,12,아래,-5.0,뒤 절반,17,-12.36,-0.73,29.41,0.644,60.83,-31.42,0.91,-1.41,12,1.87,-5.0,-5.0,1.54,0,1,6.71,예,2009-12-18,2025-12-19,판정 안 함
SPY,20일→말일,12,아래,-5.0,최근 10년,10,-7.75,-0.77,30.0,0.514,66.05,-36.05,0.73,-1.42,7,1.27,-5.0,-5.0,1.73,0,1,6.4,예,2016-12-20,2025-12-19,판정 안 함
SPY,20일→말일,12,아래,-5.0,최근 5년,5,-6.34,-1.27,20.0,0.477,67.72,-47.72,0.86,-1.8,4,0.86,-5.0,-5.0,2.25,0,1,6.2,아니오,2021-12-20,2025-12-19,판정 안 함
SPY,20일→말일,12,아래,무손절,전체,33,-27.11,-0.82,39.39,0.422,70.32,-30.93,0.79,-1.87,20,1.96,-4.39,-6.36,1.68,0,0,6.85,예,1993-12-20,2025-12-19,제외
SPY,20일→말일,12,아래,무손절,앞 절반,16,-15.36,-0.96,50.0,0.271,78.66,-28.66,0.72,-2.64,8,1.96,-4.06,-6.36,1.95,0,0,6.81,예,1993-12-20,2008-12-19,판정 안 함
SPY,20일→말일,12,아래,무손절,뒤 절반,17,-11.75,-0.69,29.41,0.668,59.96,-30.55,0.91,-1.36,12,1.87,-4.39,-5.28,1.44,0,0,6.88,예,2009-12-18,2025-12-19,판정 안 함
SPY,20일→말일,12,아래,무손절,최근 10년,10,-7.14,-0.71,30.0,0.548,64.62,-34.62,0.73,-1.33,7,1.27,-4.39,-5.28,1.57,0,0,6.7,예,2016-12-20,2025-12-19,판정 안 함
SPY,20일→말일,12,아래,무손절,최근 5년,5,-5.73,-1.15,20.0,0.521,65.76,-45.76,0.86,-1.65,4,0.86,-4.39,-5.28,2.0,0,0,6.8,아니오,2021-12-20,2025-12-19,판정 안 함
DIA,만기→다음주금,9,위,-5.0,전체,28,-29.48,-1.05,28.57,0.797,55.63,-27.06,1.73,-2.16,20,6.7,-6.02,-6.02,2.6,1,3,4.86,예,1998-09-18,2025-09-19,제외
DIA,만기→다음주금,9,위,-5.0,앞 절반,14,-17.74,-1.27,28.57,0.981,50.48,-21.91,2.86,-2.92,10,6.7,-6.02,-6.02,3.42,1,2,4.71,예,1998-09-18,2011-09-16,판정 안 함
DIA,만기→다음주금,9,위,-5.0,뒤 절반,14,-11.74,-0.84,28.57,0.417,70.58,-42.01,0.59,-1.41,10,0.8,-5.0,-5.0,1.49,0,1,5.0,예,2012-09-21,2025-09-19,판정 안 함
DIA,만기→다음주금,9,위,-5.0,최근 10년,10,-7.92,-0.79,40.0,0.343,74.45,-34.45,0.59,-1.71,6,0.8,-5.0,-5.0,1.77,0,1,5.0,예,2016-09-16,2025-09-19,판정 안 함
DIA,만기→다음주금,9,위,-5.0,최근 5년,5,-5.83,-1.17,40.0,0.258,79.48,-39.48,0.61,-2.35,3,0.65,-5.0,-5.0,2.37,0,1,5.0,아니오,2021-09-17,2025-09-19,판정 안 함
DIA,만기→다음주금,9,위,무손절,전체,28,-26.29,-0.94,28.57,0.861,53.74,-25.17,1.73,-2.01,20,6.7,-6.45,-7.96,2.49,0,0,5.0,예,1998-09-18,2025-09-19,제외
DIA,만기→다음주금,9,위,무손절,앞 절반,14,-15.6,-1.11,28.57,1.059,48.57,-20.0,2.86,-2.71,10,6.7,-6.45,-7.96,3.34,0,0,5.0,예,1998-09-18,2011-09-16,판정 안 함
DIA,만기→다음주금,9,위,무손절,뒤 절반,14,-10.7,-0.76,28.57,0.45,68.95,-40.38,0.59,-1.3,10,0.8,-3.96,-5.08,1.27,0,0,5.0,예,2012-09-21,2025-09-19,판정 안 함
DIA,만기→다음주금,9,위,무손절,최근 10년,10,-6.87,-0.69,40.0,0.382,72.36,-32.36,0.59,-1.54,6,0.8,-3.96,-5.08,1.5,0,0,5.0,예,2016-09-16,2025-09-19,판정 안 함
DIA,만기→다음주금,9,위,무손절,최근 5년,5,-4.78,-0.96,40.0,0.303,76.74,-36.74,0.61,-2.0,3,0.65,-3.96,-5.08,1.96,0,0,5.0,아니오,2021-09-17,2025-09-19,판정 안 함
DIA,만기→다음주금,9,아래,-5.0,전체,28,28.0,1.0,71.43,1.325,43.01,28.42,2.01,-1.51,8,6.45,-5.0,-5.0,2.31,0,1,4.89,예,1998-09-18,2025-09-19,후보
DIA,만기→다음주금,9,아래,-5.0,앞 절반,14,17.3,1.24,71.43,1.109,47.41,24.02,2.71,-2.44,4,6.45,-5.0,-5.0,3.05,0,1,4.79,예,1998-09-18,2011-09-16,판정 안 함
DIA,만기→다음주금,9,아래,-5.0,뒤 절반,14,10.7,0.76,71.43,2.221,31.05,40.38,1.3,-0.59,4,3.96,-0.8,-1.82,1.27,0,0,5.0,예,2012-09-21,2025-09-19,판정 안 함
DIA,만기→다음주금,9,아래,-5.0,최근 10년,10,6.87,0.69,60.0,2.617,27.64,32.36,1.54,-0.59,4,3.96,-0.8,-1.82,1.5,0,0,5.0,예,2016-09-16,2025-09-19,판정 안 함
DIA,만기→다음주금,9,아래,-5.0,최근 5년,5,4.78,0.96,60.0,3.3,23.26,36.74,2.0,-0.61,2,3.96,-0.65,-1.34,1.96,0,0,5.0,아니오,2021-09-17,2025-09-19,판정 안 함
DIA,만기→다음주금,9,아래,무손절,전체,28,26.29,0.94,71.43,1.162,46.26,25.17,2.01,-1.73,8,6.45,-6.7,-7.17,2.49,0,0,5.0,예,1998-09-18,2025-09-19,제외
DIA,만기→다음주금,9,아래,무손절,앞 절반,14,15.6,1.11,71.43,0.945,51.43,20.0,2.71,-2.86,4,6.45,-6.7,-7.17,3.34,0,0,5.0,예,1998-09-18,2011-09-16,판정 안 함
DIA,만기→다음주금,9,아래,무손절,뒤 절반,14,10.7,0.76,71.43,2.221,31.05,40.38,1.3,-0.59,4,3.96,-0.8,-1.82,1.27,0,0,5.0,예,2012-09-21,2025-09-19,판정 안 함
DIA,만기→다음주금,9,아래,무손절,최근 10년,10,6.87,0.69,60.0,2.617,27.64,32.36,1.54,-0.59,4,3.96,-0.8,-1.82,1.5,0,0,5.0,예,2016-09-16,2025-09-19,판정 안 함
DIA,만기→다음주금,9,아래,무손절,최근 5년,5,4.78,0.96,60.0,3.3,23.26,36.74,2.0,-0.61,2,3.96,-0.65,-1.34,1.96,0,0,5.0,아니오,2021-09-17,2025-09-19,판정 안 함
DIA,만기→다음주금,12,위,-5.0,전체,28,25.08,0.9,82.14,1.034,49.16,32.98,1.38,-1.34,5,3.8,-2.8,-3.18,1.52,0,0,4.29,예,1998-12-18,2025-12-19,제외
DIA,만기→다음주금,12,위,-5.0,앞 절반,14,12.89,0.92,71.43,1.517,39.73,31.7,1.75,-1.15,4,3.8,-2.8,-2.87,1.84,0,0,4.29,예,1998-12-18,2011-12-16,판정 안 함
DIA,만기→다음주금,12,위,-5.0,뒤 절반,14,12.2,0.87,92.86,0.532,65.29,27.57,1.1,-2.06,1,2.85,-2.06,-3.18,1.18,0,0,4.29,예,2012-12-21,2025-12-19,판정 안 함
DIA,만기→다음주금,12,위,-5.0,최근 10년,10,8.85,0.88,100.0,,,,0.88,,0,2.85,0.04,-3.18,0.84,0,0,4.4,예,2016-12-16,2025-12-19,판정 안 함
DIA,만기→다음주금,12,위,-5.0,최근 5년,5,4.4,0.88,100.0,,,,0.88,,0,1.62,0.31,-2.0,0.56,0,0,4.4,아니오,2021-12-17,2025-12-19,판정 안 함
DIA,만기→다음주금,12,위,무손절,전체,28,25.08,0.9,82.14,1.034,49.16,32.98,1.38,-1.34,5,3.8,-2.8,-3.18,1.52,0,0,4.29,예,1998-12-18,2025-12-19,제외
DIA,만기→다음주금,12,위,무손절,앞 절반,14,12.89,0.92,71.43,1.517,39.73,31.7,1.75,-1.15,4,3.8,-2.8,-2.87,1.84,0,0,4.29,예,1998-12-18,2011-12-16,판정 안 함
DIA,만기→다음주금,12,위,무손절,뒤 절반,14,12.2,0.87,92.86,0.532,65.29,27.57,1.1,-2.06,1,2.85,-2.06,-3.18,1.18,0,0,4.29,예,2012-12-21,2025-12-19,판정 안 함
DIA,만기→다음주금,12,위,무손절,최근 10년,10,8.85,0.88,100.0,,,,0.88,,0,2.85,0.04,-3.18,0.84,0,0,4.4,예,2016-12-16,2025-12-19,판정 안 함
DIA,만기→다음주금,12,위,무손절,최근 5년,5,4.4,0.88,100.0,,,,0.88,,0,1.62,0.31,-2.0,0.56,0,0,4.4,아니오,2021-12-17,2025-12-19,판정 안 함
DIA,만기→다음주금,12,아래,-5.0,전체,28,-25.08,-0.9,17.86,0.967,50.84,-32.98,1.34,-1.38,23,2.8,-3.8,-4.34,1.52,0,0,4.29,예,1998-12-18,2025-12-19,제외
DIA,만기→다음주금,12,아래,-5.0,앞 절반,14,-12.89,-0.92,28.57,0.659,60.27,-31.7,1.15,-1.75,10,2.8,-3.8,-4.28,1.84,0,0,4.29,예,1998-12-18,2011-12-16,판정 안 함
DIA,만기→다음주금,12,아래,-5.0,뒤 절반,14,-12.2,-0.87,7.14,1.881,34.71,-27.57,2.06,-1.1,13,2.06,-2.85,-4.34,1.18,0,0,4.29,예,2012-12-21,2025-12-19,판정 안 함
DIA,만기→다음주금,12,아래,-5.0,최근 10년,10,-8.85,-0.88,0.0,0.0,100.0,-100.0,,-0.88,10,-0.04,-2.85,-4.34,0.84,0,0,4.4,예,2016-12-16,2025-12-19,판정 안 함
DIA,만기→다음주금,12,아래,-5.0,최근 5년,5,-4.4,-0.88,0.0,0.0,100.0,-100.0,,-0.88,5,-0.31,-1.62,-1.94,0.56,0,0,4.4,아니오,2021-12-17,2025-12-19,판정 안 함
DIA,만기→다음주금,12,아래,무손절,전체,28,-25.08,-0.9,17.86,0.967,50.84,-32.98,1.34,-1.38,23,2.8,-3.8,-4.34,1.52,0,0,4.29,예,1998-12-18,2025-12-19,제외
DIA,만기→다음주금,12,아래,무손절,앞 절반,14,-12.89,-0.92,28.57,0.659,60.27,-31.7,1.15,-1.75,10,2.8,-3.8,-4.28,1.84,0,0,4.29,예,1998-12-18,2011-12-16,판정 안 함
DIA,만기→다음주금,12,아래,무손절,뒤 절반,14,-12.2,-0.87,7.14,1.881,34.71,-27.57,2.06,-1.1,13,2.06,-2.85,-4.34,1.18,0,0,4.29,예,2012-12-21,2025-12-19,판정 안 함
DIA,만기→다음주금,12,아래,무손절,최근 10년,10,-8.85,-0.88,0.0,0.0,100.0,-100.0,,-0.88,10,-0.04,-2.85,-4.34,0.84,0,0,4.4,예,2016-12-16,2025-12-19,판정 안 함
DIA,만기→다음주금,12,아래,무손절,최근 5년,5,-4.4,-0.88,0.0,0.0,100.0,-100.0,,-0.88,5,-0.31,-1.62,-1.94,0.56,0,0,4.4,아니오,2021-12-17,2025-12-19,판정 안 함
DIA,만기→말일,9,위,-5.0,전체,28,-34.64,-1.24,32.14,0.573,63.56,-31.42,1.43,-2.5,19,6.7,-6.02,-6.02,2.66,1,4,7.14,예,1998-09-18,2025-09-19,제외
DIA,만기→말일,9,위,-5.0,앞 절반,14,-20.85,-1.49,28.57,0.819,54.97,-26.4,2.54,-3.1,10,6.7,-6.02,-6.02,3.43,1,3,7.0,예,1998-09-18,2011-09-16,판정 안 함
DIA,만기→말일,9,위,-5.0,뒤 절반,14,-13.78,-0.98,35.71,0.299,76.96,-41.25,0.55,-1.84,9,1.0,-5.0,-5.0,1.69,0,1,7.29,예,2012-09-21,2025-09-19,판정 안 함
DIA,만기→말일,9,위,-5.0,최근 10년,10,-8.65,-0.87,50.0,0.241,80.57,-30.57,0.55,-2.28,5,1.0,-5.0,-5.0,1.98,0,1,7.6,예,2016-09-16,2025-09-19,판정 안 함
DIA,만기→말일,9,위,-5.0,최근 5년,5,-9.58,-1.92,40.0,0.113,89.86,-49.86,0.39,-3.45,3,0.61,-5.0,-5.0,2.35,0,1,7.4,아니오,2021-09-17,2025-09-19,판정 안 함
DIA,만기→말일,9,위,무손절,전체,28,-34.1,-1.22,32.14,0.58,63.29,-31.15,1.43,-2.47,19,6.7,-6.74,-8.42,2.65,0,0,7.86,예,1998-09-18,2025-09-19,제외
DIA,만기→말일,9,위,무손절,앞 절반,14,-18.58,-1.33,28.57,0.884,53.08,-24.51,2.54,-2.87,10,6.7,-5.16,-8.42,3.23,0,0,8.07,예,1998-09-18,2011-09-16,판정 안 함
DIA,만기→말일,9,위,무손절,뒤 절반,14,-15.52,-1.11,35.71,0.271,78.68,-42.97,0.55,-2.03,9,1.0,-6.74,-6.82,2.04,0,0,7.64,예,2012-09-21,2025-09-19,판정 안 함
DIA,만기→말일,9,위,무손절,최근 10년,10,-10.39,-1.04,50.0,0.209,82.7,-32.7,0.55,-2.63,5,1.0,-6.74,-6.82,2.42,0,0,8.1,예,2016-09-16,2025-09-19,판정 안 함
DIA,만기→말일,9,위,무손절,최근 5년,5,-11.32,-2.26,40.0,0.097,91.19,-51.19,0.39,-4.03,3,0.61,-6.74,-6.82,2.96,0,0,8.4,아니오,2021-09-17,2025-09-19,판정 안 함
DIA,만기→말일,9,아래,-5.0,전체,28,35.8,1.28,67.86,1.986,33.49,34.37,2.47,-1.25,9,6.74,-5.0,-5.0,2.48,0,1,7.75,예,1998-09-18,2025-09-19,후보
DIA,만기→말일,9,아래,-5.0,앞 절반,14,20.28,1.45,71.43,1.359,42.4,29.03,2.87,-2.12,4,5.16,-5.0,-5.0,2.93,0,1,7.86,예,1998-09-18,2011-09-16,판정 안 함
DIA,만기→말일,9,아래,-5.0,뒤 절반,14,15.52,1.11,64.29,3.691,21.32,42.97,2.03,-0.55,5,6.74,-1.0,-1.82,2.04,0,0,7.64,예,2012-09-21,2025-09-19,판정 안 함
DIA,만기→말일,9,아래,-5.0,최근 10년,10,10.39,1.04,50.0,4.779,17.3,32.7,2.63,-0.55,5,6.74,-1.0,-1.82,2.42,0,0,8.1,예,2016-09-16,2025-09-19,판정 안 함
DIA,만기→말일,9,아래,-5.0,최근 5년,5,11.32,2.26,60.0,10.349,8.81,51.19,4.03,-0.39,2,6.74,-0.61,-1.41,2.96,0,0,8.4,아니오,2021-09-17,2025-09-19,판정 안 함
DIA,만기→말일,9,아래,무손절,전체,28,34.1,1.22,67.86,1.724,36.71,31.15,2.47,-1.43,9,6.74,-6.7,-7.17,2.65,0,0,7.86,예,1998-09-18,2025-09-19,후보
DIA,만기→말일,9,아래,무손절,앞 절반,14,18.58,1.33,71.43,1.131,46.92,24.51,2.87,-2.54,4,5.16,-6.7,-7.17,3.23,0,0,8.07,예,1998-09-18,2011-09-16,판정 안 함
DIA,만기→말일,9,아래,무손절,뒤 절반,14,15.52,1.11,64.29,3.691,21.32,42.97,2.03,-0.55,5,6.74,-1.0,-1.82,2.04,0,0,7.64,예,2012-09-21,2025-09-19,판정 안 함
DIA,만기→말일,9,아래,무손절,최근 10년,10,10.39,1.04,50.0,4.779,17.3,32.7,2.63,-0.55,5,6.74,-1.0,-1.82,2.42,0,0,8.1,예,2016-09-16,2025-09-19,판정 안 함
DIA,만기→말일,9,아래,무손절,최근 5년,5,11.32,2.26,60.0,10.349,8.81,51.19,4.03,-0.39,2,6.74,-0.61,-1.41,2.96,0,0,8.4,아니오,2021-09-17,2025-09-19,판정 안 함
DIA,만기→말일,12,위,-5.0,전체,28,25.12,0.9,71.43,1.703,37.0,34.43,1.64,-0.96,8,4.07,-2.16,-3.36,1.58,0,0,7.57,예,1998-12-18,2025-12-19,제외
DIA,만기→말일,12,위,-5.0,앞 절반,14,12.56,0.9,71.43,1.294,43.6,27.83,1.82,-1.41,4,3.17,-2.16,-3.36,1.79,0,0,7.79,예,1998-12-18,2011-12-16,판정 안 함
DIA,만기→말일,12,위,-5.0,뒤 절반,14,12.56,0.9,71.43,2.802,26.3,45.13,1.46,-0.52,4,4.07,-0.92,-3.18,1.4,0,0,7.36,예,2012-12-21,2025-12-19,판정 안 함
DIA,만기→말일,12,위,-5.0,최근 10년,10,9.46,0.95,70.0,3.885,20.47,49.53,1.52,-0.39,3,4.07,-0.71,-3.18,1.47,0,0,7.7,예,2016-12-16,2025-12-19,판정 안 함
DIA,만기→말일,12,위,-5.0,최근 5년,5,3.77,0.75,60.0,3.691,21.32,38.68,1.53,-0.41,2,2.74,-0.71,-2.0,1.32,0,0,8.0,아니오,2021-12-17,2025-12-19,판정 안 함
DIA,만기→말일,12,위,무손절,전체,28,25.12,0.9,71.43,1.703,37.0,34.43,1.64,-0.96,8,4.07,-2.16,-3.36,1.58,0,0,7.57,예,1998-12-18,2025-12-19,제외
DIA,만기→말일,12,위,무손절,앞 절반,14,12.56,0.9,71.43,1.294,43.6,27.83,1.82,-1.41,4,3.17,-2.16,-3.36,1.79,0,0,7.79,예,1998-12-18,2011-12-16,판정 안 함
DIA,만기→말일,12,위,무손절,뒤 절반,14,12.56,0.9,71.43,2.802,26.3,45.13,1.46,-0.52,4,4.07,-0.92,-3.18,1.4,0,0,7.36,예,2012-12-21,2025-12-19,판정 안 함
DIA,만기→말일,12,위,무손절,최근 10년,10,9.46,0.95,70.0,3.885,20.47,49.53,1.52,-0.39,3,4.07,-0.71,-3.18,1.47,0,0,7.7,예,2016-12-16,2025-12-19,판정 안 함
DIA,만기→말일,12,위,무손절,최근 5년,5,3.77,0.75,60.0,3.691,21.32,38.68,1.53,-0.41,2,2.74,-0.71,-2.0,1.32,0,0,8.0,아니오,2021-12-17,2025-12-19,판정 안 함
DIA,만기→말일,12,아래,-5.0,전체,28,-29.04,-1.04,28.57,0.525,65.59,-37.02,0.96,-1.84,20,2.16,-5.0,-5.0,1.84,0,2,7.46,예,1998-12-18,2025-12-19,제외
DIA,만기→말일,12,아래,-5.0,앞 절반,14,-16.49,-1.18,28.57,0.636,61.13,-32.56,1.41,-2.21,10,2.16,-5.0,-5.0,2.24,0,2,7.57,예,1998-12-18,2011-12-16,판정 안 함
DIA,만기→말일,12,아래,-5.0,뒤 절반,14,-12.56,-0.9,28.57,0.357,73.7,-45.13,0.52,-1.46,10,0.92,-4.07,-4.34,1.4,0,0,7.36,예,2012-12-21,2025-12-19,판정 안 함
DIA,만기→말일,12,아래,-5.0,최근 10년,10,-9.46,-0.95,30.0,0.257,79.53,-49.53,0.39,-1.52,7,0.71,-4.07,-4.34,1.47,0,0,7.7,예,2016-12-16,2025-12-19,판정 안 함
DIA,만기→말일,12,아래,-5.0,최근 5년,5,-3.77,-0.75,40.0,0.271,78.68,-38.68,0.41,-1.53,3,0.71,-2.74,-3.7,1.32,0,0,8.0,아니오,2021-12-17,2025-12-19,판정 안 함
DIA,만기→말일,12,아래,무손절,전체,28,-25.12,-0.9,28.57,0.587,63.0,-34.43,0.96,-1.64,20,2.16,-4.07,-5.42,1.58,0,0,7.57,예,1998-12-18,2025-12-19,제외
DIA,만기→말일,12,아래,무손절,앞 절반,14,-12.56,-0.9,28.57,0.773,56.4,-27.83,1.41,-1.82,10,2.16,-3.17,-5.42,1.79,0,0,7.79,예,1998-12-18,2011-12-16,판정 안 함
DIA,만기→말일,12,아래,무손절,뒤 절반,14,-12.56,-0.9,28.57,0.357,73.7,-45.13,0.52,-1.46,10,0.92,-4.07,-4.34,1.4,0,0,7.36,예,2012-12-21,2025-12-19,판정 안 함
DIA,만기→말일,12,아래,무손절,최근 10년,10,-9.46,-0.95,30.0,0.257,79.53,-49.53,0.39,-1.52,7,0.71,-4.07,-4.34,1.47,0,0,7.7,예,2016-12-16,2025-12-19,판정 안 함
DIA,만기→말일,12,아래,무손절,최근 5년,5,-3.77,-0.75,40.0,0.271,78.68,-38.68,0.41,-1.53,3,0.71,-2.74,-3.7,1.32,0,0,8.0,아니오,2021-12-17,2025-12-19,판정 안 함
DIA,20일→다음주금,9,위,-5.0,전체,28,-26.11,-0.93,35.71,0.602,62.44,-26.73,1.31,-2.18,18,5.62,-5.22,-5.22,2.45,2,2,5.82,예,1998-09-18,2025-09-19,제외
DIA,20일→다음주금,9,위,-5.0,앞 절반,14,-13.47,-0.96,50.0,0.437,69.58,-19.58,1.5,-3.42,7,5.62,-5.22,-5.22,3.15,2,1,5.79,예,1998-09-18,2011-09-20,판정 안 함
DIA,20일→다음주금,9,위,-5.0,뒤 절반,14,-12.63,-0.9,21.43,0.633,61.25,-39.82,0.88,-1.39,11,1.11,-5.0,-5.0,1.59,0,1,5.86,예,2012-09-20,2025-09-19,판정 안 함
DIA,20일→다음주금,9,위,-5.0,최근 10년,10,-8.46,-0.85,30.0,0.554,64.35,-34.35,0.88,-1.59,7,1.11,-5.0,-5.0,1.88,0,1,6.1,예,2016-09-20,2025-09-19,판정 안 함
DIA,20일→다음주금,9,위,-5.0,최근 5년,5,-6.18,-1.24,40.0,0.32,75.74,-35.74,0.84,-2.62,3,1.11,-5.0,-5.0,2.57,0,1,6.0,아니오,2021-09-20,2025-09-19,판정 안 함
DIA,20일→다음주금,9,위,무손절,전체,28,-23.61,-0.84,35.71,0.642,60.89,-25.18,1.31,-2.04,18,5.62,-6.42,-7.17,2.37,0,0,6.43,예,1998-09-18,2025-09-19,제외
DIA,20일→다음주금,9,위,무손절,앞 절반,14,-9.56,-0.68,50.0,0.523,65.67,-15.67,1.5,-2.86,7,5.62,-5.03,-7.17,2.84,0,0,6.71,예,1998-09-18,2011-09-20,판정 안 함
DIA,20일→다음주금,9,위,무손절,뒤 절반,14,-14.06,-1.0,21.43,0.579,63.34,-41.91,0.88,-1.52,11,1.11,-6.42,-6.51,1.89,0,0,6.14,예,2012-09-20,2025-09-19,판정 안 함
DIA,20일→다음주금,9,위,무손절,최근 10년,10,-9.89,-0.99,30.0,0.491,67.07,-37.07,0.88,-1.79,7,1.11,-6.42,-6.51,2.25,0,0,6.5,예,2016-09-20,2025-09-19,판정 안 함
DIA,20일→다음주금,9,위,무손절,최근 5년,5,-7.61,-1.52,40.0,0.271,78.66,-38.66,0.84,-3.1,3,1.11,-6.42,-6.51,3.11,0,0,6.8,아니오,2021-09-20,2025-09-19,판정 안 함
DIA,20일→다음주금,9,아래,-5.0,전체,28,24.23,0.87,64.29,1.634,37.97,26.32,2.04,-1.25,10,6.42,-5.0,-5.0,2.31,0,1,6.43,예,1998-09-18,2025-09-19,제외
DIA,20일→다음주금,9,아래,-5.0,앞 절반,14,10.17,0.73,50.0,2.033,32.97,17.03,2.86,-1.41,7,5.03,-5.0,-5.0,2.73,0,1,6.71,예,1998-09-18,2011-09-20,판정 안 함
DIA,20일→다음주금,9,아래,-5.0,뒤 절반,14,14.06,1.0,78.57,1.728,36.66,41.91,1.52,-0.88,3,6.42,-1.11,-3.27,1.89,0,0,6.14,예,2012-09-20,2025-09-19,판정 안 함
DIA,20일→다음주금,9,아래,-5.0,최근 10년,10,9.89,0.99,70.0,2.037,32.93,37.07,1.79,-0.88,3,6.42,-1.11,-3.27,2.25,0,0,6.5,예,2016-09-20,2025-09-19,판정 안 함
DIA,20일→다음주금,9,아래,-5.0,최근 5년,5,7.61,1.52,60.0,3.686,21.34,38.66,3.1,-0.84,2,6.42,-1.11,-3.27,3.11,0,0,6.8,아니오,2021-09-20,2025-09-19,판정 안 함
DIA,20일→다음주금,9,아래,무손절,전체,28,23.61,0.84,64.29,1.557,39.11,25.18,2.04,-1.31,10,6.42,-5.62,-6.08,2.37,0,0,6.43,예,1998-09-18,2025-09-19,제외
DIA,20일→다음주금,9,아래,무손절,앞 절반,14,9.56,0.68,50.0,1.913,34.33,15.67,2.86,-1.5,7,5.03,-5.62,-6.08,2.84,0,0,6.71,예,1998-09-18,2011-09-20,판정 안 함
DIA,20일→다음주금,9,아래,무손절,뒤 절반,14,14.06,1.0,78.57,1.728,36.66,41.91,1.52,-0.88,3,6.42,-1.11,-3.27,1.89,0,0,6.14,예,2012-09-20,2025-09-19,판정 안 함
DIA,20일→다음주금,9,아래,무손절,최근 10년,10,9.89,0.99,70.0,2.037,32.93,37.07,1.79,-0.88,3,6.42,-1.11,-3.27,2.25,0,0,6.5,예,2016-09-20,2025-09-19,판정 안 함
DIA,20일→다음주금,9,아래,무손절,최근 5년,5,7.61,1.52,60.0,3.686,21.34,38.66,3.1,-0.84,2,6.42,-1.11,-3.27,3.11,0,0,6.8,아니오,2021-09-20,2025-09-19,판정 안 함
DIA,20일→다음주금,12,위,-5.0,전체,28,18.54,0.66,75.0,0.806,55.36,19.64,1.51,-1.87,7,4.02,-5.0,-5.0,2.02,0,1,5.36,예,1998-12-18,2025-12-19,제외
DIA,20일→다음주금,12,위,-5.0,앞 절반,14,13.23,0.95,71.43,1.717,36.8,34.63,1.73,-1.0,4,3.8,-2.8,-2.87,1.81,0,0,5.71,예,1998-12-18,2011-12-20,판정 안 함
DIA,20일→다음주금,12,위,-5.0,뒤 절반,14,5.31,0.38,78.57,0.433,69.8,8.77,1.31,-3.02,3,4.02,-5.0,-5.0,2.25,0,1,5.0,예,2012-12-20,2025-12-19,판정 안 함
DIA,20일→다음주금,12,위,-5.0,최근 10년,10,2.99,0.3,80.0,0.375,72.71,7.29,1.12,-2.98,2,4.02,-5.0,-5.0,2.28,0,1,5.3,예,2016-12-20,2025-12-19,판정 안 함
DIA,20일→다음주금,12,위,-5.0,최근 5년,5,8.12,1.62,100.0,,,,1.62,,0,4.02,0.34,-0.83,1.42,0,0,5.8,아니오,2021-12-20,2025-12-19,판정 안 함
DIA,20일→다음주금,12,위,무손절,전체,28,24.24,0.87,78.57,1.092,47.81,30.76,1.47,-1.35,6,4.02,-3.09,-5.21,1.69,0,0,5.43,예,1998-12-18,2025-12-19,제외
DIA,20일→다음주금,12,위,무손절,앞 절반,14,13.23,0.95,71.43,1.717,36.8,34.63,1.73,-1.0,4,3.8,-2.8,-2.87,1.81,0,0,5.71,예,1998-12-18,2011-12-20,판정 안 함
DIA,20일→다음주금,12,위,무손절,뒤 절반,14,11.0,0.79,85.71,0.619,61.75,23.96,1.25,-2.03,2,4.02,-3.09,-5.21,1.63,0,0,5.14,예,2012-12-20,2025-12-19,판정 안 함
DIA,20일→다음주금,12,위,무손절,최근 10년,10,8.68,0.87,90.0,1.118,47.21,42.79,1.07,-0.96,1,4.02,-0.96,-5.21,1.32,0,0,5.5,예,2016-12-20,2025-12-19,판정 안 함
DIA,20일→다음주금,12,위,무손절,최근 5년,5,8.12,1.62,100.0,,,,1.62,,0,4.02,0.34,-0.83,1.42,0,0,5.8,아니오,2021-12-20,2025-12-19,판정 안 함
DIA,20일→다음주금,12,아래,-5.0,전체,28,-25.52,-0.91,21.43,0.881,53.16,-31.73,1.35,-1.53,22,3.09,-5.0,-5.0,1.79,0,1,5.36,예,1998-12-18,2025-12-19,제외
DIA,20일→다음주금,12,아래,-5.0,앞 절반,14,-14.52,-1.04,28.57,0.542,64.85,-36.28,1.0,-1.85,10,2.8,-5.0,-5.0,1.99,0,1,5.57,예,1998-12-18,2011-12-20,판정 안 함
DIA,20일→다음주금,12,아래,-5.0,뒤 절반,14,-11.0,-0.79,14.29,1.615,38.25,-23.96,2.03,-1.25,12,3.09,-4.02,-5.0,1.63,0,0,5.14,예,2012-12-20,2025-12-19,판정 안 함
DIA,20일→다음주금,12,아래,-5.0,최근 10년,10,-8.68,-0.87,10.0,0.894,52.79,-42.79,0.96,-1.07,9,0.96,-4.02,-5.0,1.32,0,0,5.5,예,2016-12-20,2025-12-19,판정 안 함
DIA,20일→다음주금,12,아래,-5.0,최근 5년,5,-8.12,-1.62,0.0,0.0,100.0,-100.0,,-1.62,5,-0.34,-4.02,-5.0,1.42,0,0,5.8,아니오,2021-12-20,2025-12-19,판정 안 함
DIA,20일→다음주금,12,아래,무손절,전체,28,-24.24,-0.87,21.43,0.916,52.19,-30.76,1.35,-1.47,22,3.09,-4.02,-6.03,1.69,0,0,5.43,예,1998-12-18,2025-12-19,제외
DIA,20일→다음주금,12,아래,무손절,앞 절반,14,-13.23,-0.95,28.57,0.582,63.2,-34.63,1.0,-1.73,10,2.8,-3.8,-6.03,1.81,0,0,5.71,예,1998-12-18,2011-12-20,판정 안 함
DIA,20일→다음주금,12,아래,무손절,뒤 절반,14,-11.0,-0.79,14.29,1.615,38.25,-23.96,2.03,-1.25,12,3.09,-4.02,-5.0,1.63,0,0,5.14,예,2012-12-20,2025-12-19,판정 안 함
DIA,20일→다음주금,12,아래,무손절,최근 10년,10,-8.68,-0.87,10.0,0.894,52.79,-42.79,0.96,-1.07,9,0.96,-4.02,-5.0,1.32,0,0,5.5,예,2016-12-20,2025-12-19,판정 안 함
DIA,20일→다음주금,12,아래,무손절,최근 5년,5,-8.12,-1.62,0.0,0.0,100.0,-100.0,,-1.62,5,-0.34,-4.02,-5.0,1.42,0,0,5.8,아니오,2021-12-20,2025-12-19,판정 안 함
DIA,20일→말일,9,위,-5.0,전체,28,-31.34,-1.12,32.14,0.53,65.37,-33.23,1.17,-2.2,19,5.62,-5.22,-5.22,2.45,2,3,6.5,예,1998-09-18,2025-09-19,제외
DIA,20일→말일,9,위,-5.0,앞 절반,14,-18.86,-1.35,35.71,0.555,64.3,-28.59,1.68,-3.03,9,5.62,-5.22,-5.22,3.14,2,2,6.29,예,1998-09-18,2011-09-20,판정 안 함
DIA,20일→말일,9,위,-5.0,뒤 절반,14,-12.49,-0.89,28.57,0.358,73.62,-45.05,0.52,-1.46,10,0.96,-5.0,-5.0,1.58,0,1,6.71,예,2012-09-20,2025-09-19,판정 안 함
DIA,20일→말일,9,위,-5.0,최근 10년,10,-7.01,-0.7,40.0,0.344,74.38,-34.38,0.52,-1.52,6,0.96,-5.0,-5.0,1.83,0,1,6.7,예,2016-09-20,2025-09-19,판정 안 함
DIA,20일→말일,9,위,-5.0,최근 5년,5,-7.27,-1.45,40.0,0.145,87.32,-47.32,0.39,-2.68,3,0.61,-5.0,-5.0,2.36,0,1,6.4,아니오,2021-09-20,2025-09-19,판정 안 함
DIA,20일→말일,9,위,무손절,전체,28,-29.96,-1.07,32.14,0.548,64.6,-32.46,1.17,-2.13,19,5.62,-6.42,-8.42,2.39,0,0,7.14,예,1998-09-18,2025-09-19,제외
DIA,20일→말일,9,위,무손절,앞 절반,14,-16.05,-1.15,35.71,0.619,61.76,-26.05,1.68,-2.72,9,5.62,-4.61,-8.42,2.89,0,0,7.29,예,1998-09-18,2011-09-20,판정 안 함
DIA,20일→말일,9,위,무손절,뒤 절반,14,-13.91,-0.99,28.57,0.326,75.39,-46.82,0.52,-1.6,10,0.96,-6.42,-6.51,1.88,0,0,7.0,예,2012-09-20,2025-09-19,판정 안 함
DIA,20일→말일,9,위,무손절,최근 10년,10,-8.43,-0.84,40.0,0.298,77.05,-37.05,0.52,-1.75,6,0.96,-6.42,-6.51,2.21,0,0,7.1,예,2016-09-20,2025-09-19,판정 안 함
DIA,20일→말일,9,위,무손절,최근 5년,5,-8.69,-1.74,40.0,0.123,89.02,-49.02,0.39,-3.16,3,0.61,-6.42,-6.51,2.92,0,0,7.2,아니오,2021-09-20,2025-09-19,판정 안 함
DIA,20일→말일,9,아래,-5.0,전체,28,30.58,1.09,67.86,1.939,34.02,33.84,2.13,-1.1,9,6.42,-5.0,-5.0,2.33,0,1,7.14,예,1998-09-18,2025-09-19,후보
DIA,20일→말일,9,아래,-5.0,앞 절반,14,16.67,1.19,64.29,1.744,36.45,27.84,2.72,-1.56,5,4.61,-5.0,-5.0,2.78,0,1,7.29,예,1998-09-18,2011-09-20,판정 안 함
DIA,20일→말일,9,아래,-5.0,뒤 절반,14,13.91,0.99,71.43,3.064,24.61,46.82,1.6,-0.52,4,6.42,-0.96,-3.27,1.88,0,0,7.0,예,2012-09-20,2025-09-19,판정 안 함
DIA,20일→말일,9,아래,-5.0,최근 10년,10,8.43,0.84,60.0,3.358,22.95,37.05,1.75,-0.52,4,6.42,-0.96,-3.27,2.21,0,0,7.1,예,2016-09-20,2025-09-19,판정 안 함
DIA,20일→말일,9,아래,-5.0,최근 5년,5,8.69,1.74,60.0,8.104,10.98,49.02,3.16,-0.39,2,6.42,-0.61,-3.27,2.92,0,0,7.2,아니오,2021-09-20,2025-09-19,판정 안 함
DIA,20일→말일,9,아래,무손절,전체,28,29.96,1.07,67.86,1.825,35.4,32.46,2.13,-1.17,9,6.42,-5.62,-6.08,2.39,0,0,7.14,예,1998-09-18,2025-09-19,후보
DIA,20일→말일,9,아래,무손절,앞 절반,14,16.05,1.15,64.29,1.615,38.24,26.05,2.72,-1.68,5,4.61,-5.62,-6.08,2.89,0,0,7.29,예,1998-09-18,2011-09-20,판정 안 함
DIA,20일→말일,9,아래,무손절,뒤 절반,14,13.91,0.99,71.43,3.064,24.61,46.82,1.6,-0.52,4,6.42,-0.96,-3.27,1.88,0,0,7.0,예,2012-09-20,2025-09-19,판정 안 함
DIA,20일→말일,9,아래,무손절,최근 10년,10,8.43,0.84,60.0,3.358,22.95,37.05,1.75,-0.52,4,6.42,-0.96,-3.27,2.21,0,0,7.1,예,2016-09-20,2025-09-19,판정 안 함
DIA,20일→말일,9,아래,무손절,최근 5년,5,8.69,1.74,60.0,8.104,10.98,49.02,3.16,-0.39,2,6.42,-0.61,-3.27,2.92,0,0,7.2,아니오,2021-09-20,2025-09-19,판정 안 함
DIA,20일→말일,12,위,-5.0,전체,28,17.94,0.64,64.29,1.365,42.29,22.0,1.68,-1.23,10,4.02,-5.0,-5.0,1.94,0,1,6.75,예,1998-12-18,2025-12-19,제외
DIA,20일→말일,12,위,-5.0,앞 절반,14,14.47,1.03,64.29,2.811,26.24,38.05,2.0,-0.71,5,3.72,-2.16,-3.36,1.72,0,0,7.0,예,1998-12-18,2011-12-20,판정 안 함
DIA,20일→말일,12,위,-5.0,뒤 절반,14,3.46,0.25,64.29,0.776,56.32,7.97,1.36,-1.75,5,4.02,-5.0,-5.0,2.12,0,1,6.5,예,2012-12-20,2025-12-19,판정 안 함
DIA,20일→말일,12,위,-5.0,최근 10년,10,1.41,0.14,60.0,0.805,55.4,4.6,1.37,-1.7,4,4.02,-5.0,-5.0,2.3,0,1,6.4,예,2016-12-20,2025-12-19,판정 안 함
DIA,20일→말일,12,위,-5.0,최근 5년,5,5.73,1.15,60.0,5.268,15.95,44.05,2.19,-0.41,2,4.02,-0.71,-1.4,1.85,0,0,6.8,아니오,2021-12-20,2025-12-19,판정 안 함
DIA,20일→말일,12,위,무손절,전체,28,24.82,0.89,67.86,2.081,32.45,35.41,1.69,-0.81,9,4.02,-2.16,-5.21,1.6,0,0,6.86,예,1998-12-18,2025-12-19,제외
DIA,20일→말일,12,위,무손절,앞 절반,14,14.47,1.03,64.29,2.811,26.24,38.05,2.0,-0.71,5,3.72,-2.16,-3.36,1.72,0,0,7.0,예,1998-12-18,2011-12-20,판정 안 함
DIA,20일→말일,12,위,무손절,뒤 절반,14,10.35,0.74,71.43,1.504,39.93,31.5,1.41,-0.94,4,4.02,-1.96,-5.21,1.52,0,0,6.71,예,2012-12-20,2025-12-19,판정 안 함
DIA,20일→말일,12,위,무손절,최근 10년,10,8.29,0.83,70.0,2.417,29.27,40.73,1.44,-0.6,3,4.02,-0.96,-5.21,1.47,0,0,6.7,예,2016-12-20,2025-12-19,판정 안 함
DIA,20일→말일,12,위,무손절,최근 5년,5,5.73,1.15,60.0,5.268,15.95,44.05,2.19,-0.41,2,4.02,-0.71,-1.4,1.85,0,0,6.8,아니오,2021-12-20,2025-12-19,판정 안 함
DIA,20일→말일,12,아래,-5.0,전체,28,-27.93,-1.0,32.14,0.438,69.54,-37.4,0.81,-1.85,19,2.16,-5.0,-5.0,1.82,0,2,6.71,예,1998-12-18,2025-12-19,제외
DIA,20일→말일,12,아래,-5.0,앞 절반,14,-17.58,-1.26,35.71,0.303,76.72,-41.01,0.71,-2.35,9,2.16,-5.0,-5.0,2.1,0,2,6.71,예,1998-12-18,2011-12-20,판정 안 함
DIA,20일→말일,12,아래,-5.0,뒤 절반,14,-10.35,-0.74,28.57,0.665,60.07,-31.5,0.94,-1.41,10,1.96,-4.02,-5.0,1.52,0,0,6.71,예,2012-12-20,2025-12-19,판정 안 함
DIA,20일→말일,12,아래,-5.0,최근 10년,10,-8.29,-0.83,30.0,0.414,70.73,-40.73,0.6,-1.44,7,0.96,-4.02,-5.0,1.47,0,0,6.7,예,2016-12-20,2025-12-19,판정 안 함
DIA,20일→말일,12,아래,-5.0,최근 5년,5,-5.73,-1.15,40.0,0.19,84.05,-44.05,0.41,-2.19,3,0.71,-4.02,-5.0,1.85,0,0,6.8,아니오,2021-12-20,2025-12-19,판정 안 함
DIA,20일→말일,12,아래,무손절,전체,28,-24.82,-0.89,32.14,0.48,67.55,-35.41,0.81,-1.69,19,2.16,-4.02,-6.03,1.6,0,0,6.86,예,1998-12-18,2025-12-19,제외
DIA,20일→말일,12,아래,무손절,앞 절반,14,-14.47,-1.03,35.71,0.356,73.76,-38.05,0.71,-2.0,9,2.16,-3.72,-6.03,1.72,0,0,7.0,예,1998-12-18,2011-12-20,판정 안 함
DIA,20일→말일,12,아래,무손절,뒤 절반,14,-10.35,-0.74,28.57,0.665,60.07,-31.5,0.94,-1.41,10,1.96,-4.02,-5.0,1.52,0,0,6.71,예,2012-12-20,2025-12-19,판정 안 함
DIA,20일→말일,12,아래,무손절,최근 10년,10,-8.29,-0.83,30.0,0.414,70.73,-40.73,0.6,-1.44,7,0.96,-4.02,-5.0,1.47,0,0,6.7,예,2016-12-20,2025-12-19,판정 안 함
DIA,20일→말일,12,아래,무손절,최근 5년,5,-5.73,-1.15,40.0,0.19,84.05,-44.05,0.41,-2.19,3,0.71,-4.02,-5.0,1.85,0,0,6.8,아니오,2021-12-20,2025-12-19,판정 안 함
KODEX 200,만기→다음주금,9,위,-5.0,전체,23,-24.79,-1.08,34.78,0.546,64.67,-29.89,1.27,-2.33,15,2.96,-5.88,-5.88,2.41,1,2,4.26,예,2003-09-19,2025-09-19,제외
KODEX 200,만기→다음주금,9,위,-5.0,앞 절반,11,-11.57,-1.05,36.36,0.405,71.16,-34.8,0.87,-2.15,7,1.5,-5.88,-5.88,2.39,1,1,4.09,예,2003-09-19,2013-09-17,판정 안 함
KODEX 200,만기→다음주금,9,위,-5.0,뒤 절반,12,-13.22,-1.1,33.33,0.673,59.78,-26.45,1.68,-2.49,8,2.96,-5.0,-5.0,2.53,0,1,4.42,예,2014-09-19,2025-09-19,판정 안 함
KODEX 200,만기→다음주금,9,위,-5.0,최근 10년,10,-8.66,-0.87,40.0,0.654,60.45,-20.45,1.68,-2.56,6,2.96,-5.0,-5.0,2.72,0,1,4.3,예,2016-09-13,2025-09-19,판정 안 함
KODEX 200,만기→다음주금,9,위,-5.0,최근 5년,5,-5.82,-1.16,20.0,1.347,42.61,-22.61,2.96,-2.19,4,2.96,-4.03,-4.81,2.82,0,0,4.4,아니오,2021-09-17,2025-09-19,판정 안 함
KODEX 200,만기→다음주금,9,위,무손절,전체,23,-27.58,-1.2,34.78,0.506,66.41,-31.63,1.27,-2.52,15,2.96,-7.77,-7.93,2.68,0,0,4.43,예,2003-09-19,2025-09-19,제외
KODEX 200,만기→다음주금,9,위,무손절,앞 절반,11,-14.74,-1.34,36.36,0.335,74.93,-38.57,0.87,-2.6,7,1.5,-7.77,-7.93,3.0,0,0,4.36,예,2003-09-19,2013-09-17,판정 안 함
KODEX 200,만기→다음주금,9,위,무손절,뒤 절반,12,-12.84,-1.07,33.33,0.686,59.31,-25.98,1.68,-2.44,8,2.96,-4.62,-5.09,2.48,0,0,4.5,예,2014-09-19,2025-09-19,판정 안 함
KODEX 200,만기→다음주금,9,위,무손절,최근 10년,10,-8.28,-0.83,40.0,0.671,59.85,-19.85,1.68,-2.5,6,2.96,-4.62,-5.09,2.66,0,0,4.4,예,2016-09-13,2025-09-19,판정 안 함
KODEX 200,만기→다음주금,9,위,무손절,최근 5년,5,-5.82,-1.16,20.0,1.347,42.61,-22.61,2.96,-2.19,4,2.96,-4.03,-4.81,2.82,0,0,4.4,아니오,2021-09-17,2025-09-19,판정 안 함
KODEX 200,만기→다음주금,9,아래,-5.0,전체,23,27.58,1.2,65.22,1.977,33.59,31.63,2.52,-1.27,8,7.77,-2.96,-4.37,2.68,0,0,4.43,예,2003-09-19,2025-09-19,후보
KODEX 200,만기→다음주금,9,아래,-5.0,앞 절반,11,14.74,1.34,63.64,2.988,25.07,38.57,2.6,-0.87,4,7.77,-1.5,-2.36,3.0,0,0,4.36,예,2003-09-19,2013-09-17,판정 안 함
KODEX 200,만기→다음주금,9,아래,-5.0,뒤 절반,12,12.84,1.07,66.67,1.458,40.69,25.98,2.44,-1.68,4,4.62,-2.96,-4.37,2.48,0,0,4.5,예,2014-09-19,2025-09-19,판정 안 함
KODEX 200,만기→다음주금,9,아래,-5.0,최근 10년,10,8.28,0.83,60.0,1.49,40.15,19.85,2.5,-1.68,4,4.62,-2.96,-4.37,2.66,0,0,4.4,예,2016-09-13,2025-09-19,판정 안 함
KODEX 200,만기→다음주금,9,아래,-5.0,최근 5년,5,5.82,1.16,80.0,0.742,57.39,22.61,2.19,-2.96,1,4.03,-2.96,-4.37,2.82,0,0,4.4,아니오,2021-09-17,2025-09-19,판정 안 함
KODEX 200,만기→다음주금,9,아래,무손절,전체,23,27.58,1.2,65.22,1.977,33.59,31.63,2.52,-1.27,8,7.77,-2.96,-4.37,2.68,0,0,4.43,예,2003-09-19,2025-09-19,후보
KODEX 200,만기→다음주금,9,아래,무손절,앞 절반,11,14.74,1.34,63.64,2.988,25.07,38.57,2.6,-0.87,4,7.77,-1.5,-2.36,3.0,0,0,4.36,예,2003-09-19,2013-09-17,판정 안 함
KODEX 200,만기→다음주금,9,아래,무손절,뒤 절반,12,12.84,1.07,66.67,1.458,40.69,25.98,2.44,-1.68,4,4.62,-2.96,-4.37,2.48,0,0,4.5,예,2014-09-19,2025-09-19,판정 안 함
KODEX 200,만기→다음주금,9,아래,무손절,최근 10년,10,8.28,0.83,60.0,1.49,40.15,19.85,2.5,-1.68,4,4.62,-2.96,-4.37,2.66,0,0,4.4,예,2016-09-13,2025-09-19,판정 안 함
KODEX 200,만기→다음주금,9,아래,무손절,최근 5년,5,5.82,1.16,80.0,0.742,57.39,22.61,2.19,-2.96,1,4.03,-2.96,-4.37,2.82,0,0,4.4,아니오,2021-09-17,2025-09-19,판정 안 함
KODEX 200,만기→다음주금,12,위,-5.0,전체,24,12.19,0.51,75.0,0.599,62.55,12.45,1.53,-2.55,6,3.48,-5.0,-5.0,2.18,0,2,4.33,예,2002-12-20,2025-12-19,제외
KODEX 200,만기→다음주금,12,위,-5.0,앞 절반,12,2.72,0.23,75.0,0.408,71.04,3.96,1.66,-4.07,3,3.21,-5.0,-5.0,2.79,0,2,4.25,예,2002-12-20,2013-12-20,판정 안 함
KODEX 200,만기→다음주금,12,위,-5.0,뒤 절반,12,9.47,0.79,75.0,1.348,42.58,32.42,1.4,-1.04,3,3.48,-1.59,-2.07,1.41,0,0,4.42,예,2014-12-19,2025-12-19,판정 안 함
KODEX 200,만기→다음주금,12,위,-5.0,최근 10년,10,7.37,0.74,70.0,1.445,40.9,29.1,1.5,-1.04,3,3.48,-1.59,-2.07,1.56,0,0,4.5,예,2016-12-16,2025-12-19,판정 안 함
KODEX 200,만기→다음주금,12,위,-5.0,최근 5년,5,5.52,1.1,80.0,1.171,46.06,33.94,1.76,-1.5,1,3.48,-1.5,-2.02,1.84,0,0,4.6,아니오,2021-12-17,2025-12-19,판정 안 함
KODEX 200,만기→다음주금,12,위,무손절,전체,24,10.8,0.45,75.0,0.549,64.56,10.44,1.53,-2.78,6,3.48,-6.41,-6.52,2.35,0,0,4.42,예,2002-12-20,2025-12-19,제외
KODEX 200,만기→다음주금,12,위,무손절,앞 절반,12,1.33,0.11,75.0,0.366,73.21,1.79,1.66,-4.53,3,3.21,-6.41,-6.52,3.04,0,0,4.42,예,2002-12-20,2013-12-20,판정 안 함
KODEX 200,만기→다음주금,12,위,무손절,뒤 절반,12,9.47,0.79,75.0,1.348,42.58,32.42,1.4,-1.04,3,3.48,-1.59,-2.07,1.41,0,0,4.42,예,2014-12-19,2025-12-19,판정 안 함
KODEX 200,만기→다음주금,12,위,무손절,최근 10년,10,7.37,0.74,70.0,1.445,40.9,29.1,1.5,-1.04,3,3.48,-1.59,-2.07,1.56,0,0,4.5,예,2016-12-16,2025-12-19,판정 안 함
KODEX 200,만기→다음주금,12,위,무손절,최근 5년,5,5.52,1.1,80.0,1.171,46.06,33.94,1.76,-1.5,1,3.48,-1.5,-2.02,1.84,0,0,4.6,아니오,2021-12-17,2025-12-19,판정 안 함
KODEX 200,만기→다음주금,12,아래,-5.0,전체,24,-10.8,-0.45,25.0,1.822,35.44,-10.44,2.78,-1.53,18,6.41,-3.48,-4.02,2.35,0,0,4.42,예,2002-12-20,2025-12-19,제외
KODEX 200,만기→다음주금,12,아래,-5.0,앞 절반,12,-1.33,-0.11,25.0,2.733,26.79,-1.79,4.53,-1.66,9,6.41,-3.21,-3.76,3.04,0,0,4.42,예,2002-12-20,2013-12-20,판정 안 함
KODEX 200,만기→다음주금,12,아래,-5.0,뒤 절반,12,-9.47,-0.79,25.0,0.742,57.42,-32.42,1.04,-1.4,9,1.59,-3.48,-4.02,1.41,0,0,4.42,예,2014-12-19,2025-12-19,판정 안 함
KODEX 200,만기→다음주금,12,아래,-5.0,최근 10년,10,-7.37,-0.74,30.0,0.692,59.1,-29.1,1.04,-1.5,7,1.59,-3.48,-4.02,1.56,0,0,4.5,예,2016-12-16,2025-12-19,판정 안 함
KODEX 200,만기→다음주금,12,아래,-5.0,최근 5년,5,-5.52,-1.1,20.0,0.854,53.94,-33.94,1.5,-1.76,4,1.5,-3.48,-4.02,1.84,0,0,4.6,아니오,2021-12-17,2025-12-19,판정 안 함
KODEX 200,만기→다음주금,12,아래,무손절,전체,24,-10.8,-0.45,25.0,1.822,35.44,-10.44,2.78,-1.53,18,6.41,-3.48,-4.02,2.35,0,0,4.42,예,2002-12-20,2025-12-19,제외
KODEX 200,만기→다음주금,12,아래,무손절,앞 절반,12,-1.33,-0.11,25.0,2.733,26.79,-1.79,4.53,-1.66,9,6.41,-3.21,-3.76,3.04,0,0,4.42,예,2002-12-20,2013-12-20,판정 안 함
KODEX 200,만기→다음주금,12,아래,무손절,뒤 절반,12,-9.47,-0.79,25.0,0.742,57.42,-32.42,1.04,-1.4,9,1.59,-3.48,-4.02,1.41,0,0,4.42,예,2014-12-19,2025-12-19,판정 안 함
KODEX 200,만기→다음주금,12,아래,무손절,최근 10년,10,-7.37,-0.74,30.0,0.692,59.1,-29.1,1.04,-1.5,7,1.59,-3.48,-4.02,1.56,0,0,4.5,예,2016-12-16,2025-12-19,판정 안 함
KODEX 200,만기→다음주금,12,아래,무손절,최근 5년,5,-5.52,-1.1,20.0,0.854,53.94,-33.94,1.5,-1.76,4,1.5,-3.48,-4.02,1.84,0,0,4.6,아니오,2021-12-17,2025-12-19,판정 안 함
KODEX 200,만기→말일,9,위,-5.0,전체,23,-28.32,-1.23,43.48,0.408,71.02,-27.54,1.3,-3.18,13,3.33,-6.53,-6.53,2.9,2,4,6.22,예,2003-09-19,2025-09-19,제외
KODEX 200,만기→말일,9,위,-5.0,앞 절반,11,-10.39,-0.94,45.45,0.542,64.85,-19.4,1.71,-3.16,6,3.33,-6.53,-6.53,3.36,2,1,6.0,예,2003-09-19,2013-09-17,판정 안 함
KODEX 200,만기→말일,9,위,-5.0,뒤 절반,12,-17.94,-1.49,41.67,0.276,78.38,-36.71,0.88,-3.19,7,2.35,-5.0,-5.0,2.53,0,3,6.42,예,2014-09-19,2025-09-19,판정 안 함
KODEX 200,만기→말일,9,위,-5.0,최근 10년,10,-13.49,-1.35,50.0,0.246,80.26,-30.26,0.88,-3.58,5,2.35,-5.0,-5.0,2.77,0,3,6.4,예,2016-09-13,2025-09-19,판정 안 함
KODEX 200,만기→말일,9,위,-5.0,최근 5년,5,-11.22,-2.24,40.0,0.113,89.89,-49.89,0.45,-4.04,3,0.59,-5.0,-5.0,2.73,0,2,6.4,아니오,2021-09-17,2025-09-19,판정 안 함
KODEX 200,만기→말일,9,위,무손절,전체,23,-23.69,-1.03,43.48,0.46,68.52,-25.04,1.3,-2.82,13,3.33,-8.44,-9.99,2.86,0,0,7.0,예,2003-09-19,2025-09-19,제외
KODEX 200,만기→말일,9,위,무손절,앞 절반,11,-5.04,-0.46,45.45,0.755,56.98,-11.53,1.71,-2.27,6,3.33,-6.71,-9.99,2.8,0,0,6.91,예,2003-09-19,2013-09-17,판정 안 함
KODEX 200,만기→말일,9,위,무손절,뒤 절반,12,-18.65,-1.55,41.67,0.267,78.92,-37.25,0.88,-3.29,7,2.35,-8.44,-9.26,2.93,0,0,7.08,예,2014-09-19,2025-09-19,판정 안 함
KODEX 200,만기→말일,9,위,무손절,최근 10년,10,-14.21,-1.42,50.0,0.236,80.88,-30.88,0.88,-3.72,5,2.35,-8.44,-9.26,3.22,0,0,7.2,예,2016-09-13,2025-09-19,판정 안 함
KODEX 200,만기→말일,9,위,무손절,최근 5년,5,-14.63,-2.93,40.0,0.088,91.93,-51.93,0.45,-5.18,3,0.59,-8.44,-9.26,3.81,0,0,7.4,아니오,2021-09-17,2025-09-19,판정 안 함
KODEX 200,만기→말일,9,아래,-5.0,전체,23,23.69,1.03,56.52,2.176,31.48,25.04,2.82,-1.3,10,8.44,-3.33,-4.68,2.86,0,0,7.0,예,2003-09-19,2025-09-19,후보
KODEX 200,만기→말일,9,아래,-5.0,앞 절반,11,5.04,0.46,54.55,1.324,43.02,11.53,2.27,-1.71,5,6.71,-3.33,-4.68,2.8,0,0,6.91,예,2003-09-19,2013-09-17,판정 안 함
KODEX 200,만기→말일,9,아래,-5.0,뒤 절반,12,18.65,1.55,58.33,3.743,21.08,37.25,3.29,-0.88,5,8.44,-2.35,-4.37,2.93,0,0,7.08,예,2014-09-19,2025-09-19,판정 안 함
KODEX 200,만기→말일,9,아래,-5.0,최근 10년,10,14.21,1.42,50.0,4.23,19.12,30.88,3.72,-0.88,5,8.44,-2.35,-4.37,3.22,0,0,7.2,예,2016-09-13,2025-09-19,판정 안 함
KODEX 200,만기→말일,9,아래,-5.0,최근 5년,5,14.63,2.93,60.0,11.385,8.07,51.93,5.18,-0.45,2,8.44,-0.59,-4.37,3.81,0,0,7.4,아니오,2021-09-17,2025-09-19,판정 안 함
KODEX 200,만기→말일,9,아래,무손절,전체,23,23.69,1.03,56.52,2.176,31.48,25.04,2.82,-1.3,10,8.44,-3.33,-4.68,2.86,0,0,7.0,예,2003-09-19,2025-09-19,후보
KODEX 200,만기→말일,9,아래,무손절,앞 절반,11,5.04,0.46,54.55,1.324,43.02,11.53,2.27,-1.71,5,6.71,-3.33,-4.68,2.8,0,0,6.91,예,2003-09-19,2013-09-17,판정 안 함
KODEX 200,만기→말일,9,아래,무손절,뒤 절반,12,18.65,1.55,58.33,3.743,21.08,37.25,3.29,-0.88,5,8.44,-2.35,-4.37,2.93,0,0,7.08,예,2014-09-19,2025-09-19,판정 안 함
KODEX 200,만기→말일,9,아래,무손절,최근 10년,10,14.21,1.42,50.0,4.23,19.12,30.88,3.72,-0.88,5,8.44,-2.35,-4.37,3.22,0,0,7.2,예,2016-09-13,2025-09-19,판정 안 함
KODEX 200,만기→말일,9,아래,무손절,최근 5년,5,14.63,2.93,60.0,11.385,8.07,51.93,5.18,-0.45,2,8.44,-0.59,-4.37,3.81,0,0,7.4,아니오,2021-09-17,2025-09-19,판정 안 함
KODEX 200,만기→말일,12,위,-5.0,전체,24,35.16,1.47,79.17,0.746,54.89,24.28,2.58,-3.46,4,6.61,-5.0,-5.0,3.15,0,2,6.62,예,2002-12-20,2025-12-19,후보
KODEX 200,만기→말일,12,위,-5.0,앞 절반,12,17.81,1.48,83.33,0.556,64.26,19.07,2.78,-5.0,2,6.47,-5.0,-5.0,3.41,0,2,6.33,예,2002-12-20,2013-12-20,판정 안 함
KODEX 200,만기→말일,12,위,-5.0,뒤 절반,12,17.35,1.45,75.0,1.23,41.11,33.89,2.35,-1.91,2,6.61,-3.58,-3.58,3.03,0,0,6.92,예,2014-12-19,2025-12-19,판정 안 함
KODEX 200,만기→말일,12,위,-5.0,최근 10년,10,17.6,1.76,90.0,0.657,60.36,29.64,2.35,-3.58,1,6.61,-3.58,-3.58,3.25,0,0,7.0,예,2016-12-16,2025-12-19,판정 안 함
KODEX 200,만기→말일,12,위,-5.0,최근 5년,5,8.94,1.79,80.0,0.874,53.37,26.63,3.13,-3.58,1,6.61,-3.58,-3.58,4.14,0,0,7.4,아니오,2021-12-17,2025-12-19,판정 안 함
KODEX 200,만기→말일,12,위,무손절,전체,24,31.22,1.3,79.17,0.581,60.63,18.54,2.58,-4.44,4,6.61,-10.06,-12.04,3.65,0,0,6.83,예,2002-12-20,2025-12-19,후보
KODEX 200,만기→말일,12,위,무손절,앞 절반,12,13.87,1.16,83.33,0.399,71.48,11.85,2.78,-6.97,2,6.47,-10.06,-12.04,4.31,0,0,6.75,예,2002-12-20,2013-12-20,판정 안 함
KODEX 200,만기→말일,12,위,무손절,뒤 절반,12,17.35,1.45,75.0,1.23,41.11,33.89,2.35,-1.91,2,6.61,-3.58,-3.58,3.03,0,0,6.92,예,2014-12-19,2025-12-19,판정 안 함
KODEX 200,만기→말일,12,위,무손절,최근 10년,10,17.6,1.76,90.0,0.657,60.36,29.64,2.35,-3.58,1,6.61,-3.58,-3.58,3.25,0,0,7.0,예,2016-12-16,2025-12-19,판정 안 함
KODEX 200,만기→말일,12,위,무손절,최근 5년,5,8.94,1.79,80.0,0.874,53.37,26.63,3.13,-3.58,1,6.61,-3.58,-3.58,4.14,0,0,7.4,아니오,2021-12-17,2025-12-19,판정 안 함
KODEX 200,만기→말일,12,아래,-5.0,전체,24,-26.57,-1.11,16.67,1.903,33.01,-16.34,4.44,-2.33,19,10.06,-5.0,-5.0,3.39,0,4,6.71,예,2002-12-20,2025-12-19,제외
KODEX 200,만기→말일,12,아래,-5.0,앞 절반,12,-12.4,-1.03,16.67,2.646,27.43,-10.76,6.97,-2.63,10,10.06,-5.0,-5.0,4.17,0,1,6.58,예,2002-12-20,2013-12-20,판정 안 함
KODEX 200,만기→말일,12,아래,-5.0,뒤 절반,12,-14.17,-1.18,16.67,0.957,46.84,-30.17,1.91,-2.0,9,3.58,-5.0,-5.0,2.58,0,3,6.83,예,2014-12-19,2025-12-19,판정 안 함
KODEX 200,만기→말일,12,아래,-5.0,최근 10년,10,-14.41,-1.44,10.0,1.793,35.81,-25.81,3.58,-2.0,9,3.58,-5.0,-5.0,2.77,0,3,6.9,예,2016-12-16,2025-12-19,판정 안 함
KODEX 200,만기→말일,12,아래,-5.0,최근 5년,5,-7.08,-1.42,20.0,1.344,42.65,-22.65,3.58,-2.67,4,3.58,-5.0,-5.0,3.65,0,2,7.2,아니오,2021-12-17,2025-12-19,판정 안 함
KODEX 200,만기→말일,12,아래,무손절,전체,24,-31.22,-1.3,16.67,1.722,35.2,-18.53,4.44,-2.58,19,10.06,-6.61,-7.03,3.65,0,0,6.83,예,2002-12-20,2025-12-19,제외
KODEX 200,만기→말일,12,아래,무손절,앞 절반,12,-13.87,-1.16,16.67,2.506,28.52,-11.85,6.97,-2.78,10,10.06,-6.47,-6.88,4.31,0,0,6.75,예,2002-12-20,2013-12-20,판정 안 함
KODEX 200,만기→말일,12,아래,무손절,뒤 절반,12,-17.35,-1.45,16.67,0.813,50.56,-33.89,1.91,-2.35,9,3.58,-6.61,-7.03,3.03,0,0,6.92,예,2014-12-19,2025-12-19,판정 안 함
KODEX 200,만기→말일,12,아래,무손절,최근 10년,10,-17.6,-1.76,10.0,1.523,39.64,-29.64,3.58,-2.35,9,3.58,-6.61,-7.03,3.25,0,0,7.0,예,2016-12-16,2025-12-19,판정 안 함
KODEX 200,만기→말일,12,아래,무손절,최근 5년,5,-8.94,-1.79,20.0,1.145,46.63,-26.63,3.58,-3.13,4,3.58,-6.61,-7.03,4.14,0,0,7.4,아니오,2021-12-17,2025-12-19,판정 안 함
KODEX 200,20일→다음주금,9,위,-5.0,전체,23,-24.13,-1.05,43.48,0.45,68.96,-25.48,1.28,-2.84,13,2.96,-6.06,-6.06,2.63,1,3,5.17,예,2003-09-19,2025-09-19,제외
KODEX 200,20일→다음주금,9,위,-5.0,앞 절반,11,-4.18,-0.38,63.64,0.378,72.58,-8.94,1.16,-3.08,4,2.41,-6.06,-6.06,2.76,1,1,5.09,예,2003-09-19,2013-09-17,판정 안 함
KODEX 200,20일→다음주금,9,위,-5.0,뒤 절반,12,-19.95,-1.66,25.0,0.565,63.89,-38.89,1.54,-2.73,9,2.96,-5.0,-5.0,2.46,0,2,5.25,예,2014-09-19,2025-09-19,판정 안 함
KODEX 200,20일→다음주금,9,위,-5.0,최근 10년,10,-15.4,-1.54,30.0,0.54,64.95,-34.95,1.54,-2.86,7,2.96,-5.0,-5.0,2.69,0,2,5.3,예,2016-09-20,2025-09-19,판정 안 함
KODEX 200,20일→다음주금,9,위,-5.0,최근 5년,5,-9.99,-2.0,20.0,0.913,52.28,-32.28,2.96,-3.24,4,2.96,-5.0,-5.0,3.15,0,1,5.2,아니오,2021-09-17,2025-09-19,판정 안 함
KODEX 200,20일→다음주금,9,위,무손절,전체,23,-25.46,-1.11,43.48,0.434,69.71,-26.23,1.28,-2.94,13,2.96,-8.09,-10.15,2.82,0,0,5.74,예,2003-09-19,2025-09-19,제외
KODEX 200,20일→다음주금,9,위,무손절,앞 절반,11,-2.79,-0.25,63.64,0.426,70.15,-6.51,1.16,-2.74,4,2.41,-6.29,-10.15,2.57,0,0,5.82,예,2003-09-19,2013-09-17,판정 안 함
KODEX 200,20일→다음주금,9,위,무손절,뒤 절반,12,-22.67,-1.89,25.0,0.509,66.27,-41.27,1.54,-3.03,9,2.96,-8.09,-8.92,2.92,0,0,5.67,예,2014-09-19,2025-09-19,판정 안 함
KODEX 200,20일→다음주금,9,위,무손절,최근 10년,10,-18.11,-1.81,30.0,0.475,67.78,-37.78,1.54,-3.25,7,2.96,-8.09,-8.92,3.22,0,0,5.8,예,2016-09-20,2025-09-19,판정 안 함
KODEX 200,20일→다음주금,9,위,무손절,최근 5년,5,-13.09,-2.62,20.0,0.737,57.58,-37.58,2.96,-4.01,4,2.96,-8.09,-8.92,4.06,0,0,6.0,아니오,2021-09-17,2025-09-19,판정 안 함
KODEX 200,20일→다음주금,9,아래,-5.0,전체,23,25.46,1.11,56.52,2.302,30.29,26.23,2.94,-1.28,10,8.09,-2.96,-4.37,2.82,0,0,5.74,예,2003-09-19,2025-09-19,후보
KODEX 200,20일→다음주금,9,아래,-5.0,앞 절반,11,2.79,0.25,36.36,2.35,29.85,6.51,2.74,-1.16,7,6.29,-2.41,-3.05,2.57,0,0,5.82,예,2003-09-19,2013-09-17,판정 안 함
KODEX 200,20일→다음주금,9,아래,-5.0,뒤 절반,12,22.67,1.89,75.0,1.965,33.73,41.27,3.03,-1.54,3,8.09,-2.96,-4.37,2.92,0,0,5.67,예,2014-09-19,2025-09-19,판정 안 함
KODEX 200,20일→다음주금,9,아래,-5.0,최근 10년,10,18.11,1.81,70.0,2.104,32.22,37.78,3.25,-1.54,3,8.09,-2.96,-4.37,3.22,0,0,5.8,예,2016-09-20,2025-09-19,판정 안 함
KODEX 200,20일→다음주금,9,아래,-5.0,최근 5년,5,13.09,2.62,80.0,1.357,42.42,37.58,4.01,-2.96,1,8.09,-2.96,-4.37,4.06,0,0,6.0,아니오,2021-09-17,2025-09-19,판정 안 함
KODEX 200,20일→다음주금,9,아래,무손절,전체,23,25.46,1.11,56.52,2.302,30.29,26.23,2.94,-1.28,10,8.09,-2.96,-4.37,2.82,0,0,5.74,예,2003-09-19,2025-09-19,후보
KODEX 200,20일→다음주금,9,아래,무손절,앞 절반,11,2.79,0.25,36.36,2.35,29.85,6.51,2.74,-1.16,7,6.29,-2.41,-3.05,2.57,0,0,5.82,예,2003-09-19,2013-09-17,판정 안 함
KODEX 200,20일→다음주금,9,아래,무손절,뒤 절반,12,22.67,1.89,75.0,1.965,33.73,41.27,3.03,-1.54,3,8.09,-2.96,-4.37,2.92,0,0,5.67,예,2014-09-19,2025-09-19,판정 안 함
KODEX 200,20일→다음주금,9,아래,무손절,최근 10년,10,18.11,1.81,70.0,2.104,32.22,37.78,3.25,-1.54,3,8.09,-2.96,-4.37,3.22,0,0,5.8,예,2016-09-20,2025-09-19,판정 안 함
KODEX 200,20일→다음주금,9,아래,무손절,최근 5년,5,13.09,2.62,80.0,1.357,42.42,37.58,4.01,-2.96,1,8.09,-2.96,-4.37,4.06,0,0,6.0,아니오,2021-09-17,2025-09-19,판정 안 함
KODEX 200,20일→다음주금,12,위,-5.0,전체,24,24.78,1.03,83.33,0.531,65.33,18.0,1.99,-3.75,4,5.02,-5.0,-5.0,2.6,0,2,5.17,예,2002-12-20,2025-12-19,후보
KODEX 200,20일→다음주금,12,위,-5.0,앞 절반,12,12.05,1.0,75.0,0.663,60.15,14.85,2.69,-4.07,3,5.02,-5.0,-5.0,3.42,0,2,5.25,예,2002-12-20,2013-12-20,판정 안 함
KODEX 200,20일→다음주금,12,위,-5.0,뒤 절반,12,12.73,1.06,91.67,0.506,66.42,25.25,1.41,-2.79,1,3.48,-2.79,-2.79,1.56,0,0,5.08,예,2014-12-19,2025-12-19,판정 안 함
KODEX 200,20일→다음주금,12,위,-5.0,최근 10년,10,10.64,1.06,90.0,0.534,65.17,24.83,1.49,-2.79,1,3.48,-2.79,-2.79,1.72,0,0,5.3,예,2016-12-20,2025-12-19,판정 안 함
KODEX 200,20일→다음주금,12,위,-5.0,최근 5년,5,6.34,1.27,80.0,0.818,55.0,25.0,2.28,-2.79,1,3.48,-2.79,-2.79,2.47,0,0,5.6,아니오,2021-12-20,2025-12-19,판정 안 함
KODEX 200,20일→다음주금,12,위,무손절,전체,24,23.39,0.97,83.33,0.486,67.32,16.01,1.99,-4.1,4,5.02,-6.41,-6.52,2.75,0,0,5.25,예,2002-12-20,2025-12-19,제외
KODEX 200,20일→다음주금,12,위,무손절,앞 절반,12,10.65,0.89,75.0,0.595,62.71,12.29,2.69,-4.53,3,5.02,-6.41,-6.52,3.66,0,0,5.42,예,2002-12-20,2013-12-20,판정 안 함
KODEX 200,20일→다음주금,12,위,무손절,뒤 절반,12,12.73,1.06,91.67,0.506,66.42,25.25,1.41,-2.79,1,3.48,-2.79,-2.79,1.56,0,0,5.08,예,2014-12-19,2025-12-19,판정 안 함
KODEX 200,20일→다음주금,12,위,무손절,최근 10년,10,10.64,1.06,90.0,0.534,65.17,24.83,1.49,-2.79,1,3.48,-2.79,-2.79,1.72,0,0,5.3,예,2016-12-20,2025-12-19,판정 안 함
KODEX 200,20일→다음주금,12,위,무손절,최근 5년,5,6.34,1.27,80.0,0.818,55.0,25.0,2.28,-2.79,1,3.48,-2.79,-2.79,2.47,0,0,5.6,아니오,2021-12-20,2025-12-19,판정 안 함
KODEX 200,20일→다음주금,12,아래,-5.0,전체,24,-24.46,-1.02,16.67,2.005,33.27,-16.6,4.1,-2.04,20,6.41,-5.0,-5.0,2.81,0,2,5.21,예,2002-12-20,2025-12-19,제외
KODEX 200,20일→다음주금,12,아래,-5.0,앞 절반,12,-11.73,-0.98,25.0,1.61,38.31,-13.31,4.53,-2.81,9,6.41,-5.0,-5.0,3.75,0,2,5.33,예,2002-12-20,2013-12-20,판정 안 함
KODEX 200,20일→다음주금,12,아래,-5.0,뒤 절반,12,-12.73,-1.06,8.33,1.978,33.58,-25.25,2.79,-1.41,11,2.79,-3.48,-4.02,1.56,0,0,5.08,예,2014-12-19,2025-12-19,판정 안 함
KODEX 200,20일→다음주금,12,아래,-5.0,최근 10년,10,-10.64,-1.06,10.0,1.871,34.83,-24.83,2.79,-1.49,9,2.79,-3.48,-4.02,1.72,0,0,5.3,예,2016-12-20,2025-12-19,판정 안 함
KODEX 200,20일→다음주금,12,아래,-5.0,최근 5년,5,-6.34,-1.27,20.0,1.222,45.0,-25.0,2.79,-2.28,4,2.79,-3.48,-4.02,2.47,0,0,5.6,아니오,2021-12-20,2025-12-19,판정 안 함
KODEX 200,20일→다음주금,12,아래,무손절,전체,24,-23.39,-0.97,16.67,2.06,32.68,-16.01,4.1,-1.99,20,6.41,-5.02,-5.43,2.75,0,0,5.25,예,2002-12-20,2025-12-19,제외
KODEX 200,20일→다음주금,12,아래,무손절,앞 절반,12,-10.65,-0.89,25.0,1.682,37.29,-12.29,4.53,-2.69,9,6.41,-5.02,-5.43,3.66,0,0,5.42,예,2002-12-20,2013-12-20,판정 안 함
KODEX 200,20일→다음주금,12,아래,무손절,뒤 절반,12,-12.73,-1.06,8.33,1.978,33.58,-25.25,2.79,-1.41,11,2.79,-3.48,-4.02,1.56,0,0,5.08,예,2014-12-19,2025-12-19,판정 안 함
KODEX 200,20일→다음주금,12,아래,무손절,최근 10년,10,-10.64,-1.06,10.0,1.871,34.83,-24.83,2.79,-1.49,9,2.79,-3.48,-4.02,1.72,0,0,5.3,예,2016-12-20,2025-12-19,판정 안 함
KODEX 200,20일→다음주금,12,아래,무손절,최근 5년,5,-6.34,-1.27,20.0,1.222,45.0,-25.0,2.79,-2.28,4,2.79,-3.48,-4.02,2.47,0,0,5.6,아니오,2021-12-20,2025-12-19,판정 안 함
KODEX 200,20일→말일,9,위,-5.0,전체,23,-30.87,-1.34,39.13,0.354,73.84,-34.71,1.01,-2.86,14,2.25,-6.53,-6.53,2.64,2,3,5.61,예,2003-09-19,2025-09-19,제외
KODEX 200,20일→말일,9,위,-5.0,앞 절반,11,-12.57,-1.14,45.45,0.41,70.93,-25.48,1.3,-3.18,6,2.25,-6.53,-6.53,3.22,2,1,5.45,예,2003-09-19,2013-09-17,판정 안 함
KODEX 200,20일→말일,9,위,-5.0,뒤 절반,12,-18.3,-1.53,33.33,0.248,80.15,-46.82,0.65,-2.61,8,1.14,-5.0,-5.0,2.11,0,2,5.75,예,2014-09-19,2025-09-19,판정 안 함
KODEX 200,20일→말일,9,위,-5.0,최근 10년,10,-13.86,-1.39,40.0,0.236,80.91,-40.91,0.65,-2.74,6,1.14,-5.0,-5.0,2.3,0,2,5.6,예,2016-09-20,2025-09-19,판정 안 함
KODEX 200,20일→말일,9,위,-5.0,최근 5년,5,-9.29,-1.86,40.0,0.134,88.2,-48.2,0.45,-3.4,3,0.59,-5.0,-5.0,2.35,0,1,5.6,아니오,2021-09-17,2025-09-19,판정 안 함
KODEX 200,20일→말일,9,위,무손절,전체,23,-25.93,-1.13,39.13,0.404,71.21,-32.08,1.01,-2.5,14,2.25,-8.09,-10.15,2.55,0,0,6.35,예,2003-09-19,2025-09-19,제외
KODEX 200,20일→말일,9,위,무손절,앞 절반,11,-7.23,-0.66,45.45,0.569,63.73,-18.28,1.3,-2.29,6,2.25,-6.71,-10.15,2.64,0,0,6.36,예,2003-09-19,2013-09-17,판정 안 함
KODEX 200,20일→말일,9,위,무손절,뒤 절반,12,-18.7,-1.56,33.33,0.243,80.45,-47.12,0.65,-2.66,8,1.14,-8.09,-8.92,2.5,0,0,6.33,예,2014-09-19,2025-09-19,판정 안 함
KODEX 200,20일→말일,9,위,무손절,최근 10년,10,-14.26,-1.43,40.0,0.23,81.28,-41.28,0.65,-2.81,6,1.14,-8.09,-8.92,2.73,0,0,6.3,예,2016-09-20,2025-09-19,판정 안 함
KODEX 200,20일→말일,9,위,무손절,최근 5년,5,-12.38,-2.48,40.0,0.103,90.69,-50.69,0.45,-4.43,3,0.59,-8.09,-8.92,3.51,0,0,6.4,아니오,2021-09-17,2025-09-19,판정 안 함
KODEX 200,20일→말일,9,아래,-5.0,전체,23,25.93,1.13,60.87,2.474,28.79,32.08,2.5,-1.01,9,8.09,-2.25,-4.37,2.55,0,0,6.35,예,2003-09-19,2025-09-19,후보
KODEX 200,20일→말일,9,아래,-5.0,앞 절반,11,7.23,0.66,54.55,1.757,36.27,18.28,2.29,-1.3,5,6.71,-2.25,-3.05,2.64,0,0,6.36,예,2003-09-19,2013-09-17,판정 안 함
KODEX 200,20일→말일,9,아래,-5.0,뒤 절반,12,18.7,1.56,66.67,4.116,19.55,47.12,2.66,-0.65,4,8.09,-1.14,-4.37,2.5,0,0,6.33,예,2014-09-19,2025-09-19,판정 안 함
KODEX 200,20일→말일,9,아래,-5.0,최근 10년,10,14.26,1.43,60.0,4.342,18.72,41.28,2.81,-0.65,4,8.09,-1.14,-4.37,2.73,0,0,6.3,예,2016-09-20,2025-09-19,판정 안 함
KODEX 200,20일→말일,9,아래,-5.0,최근 5년,5,12.38,2.48,60.0,9.738,9.31,50.69,4.43,-0.45,2,8.09,-0.59,-4.37,3.51,0,0,6.4,아니오,2021-09-17,2025-09-19,판정 안 함
KODEX 200,20일→말일,9,아래,무손절,전체,23,25.93,1.13,60.87,2.474,28.79,32.08,2.5,-1.01,9,8.09,-2.25,-4.37,2.55,0,0,6.35,예,2003-09-19,2025-09-19,후보
KODEX 200,20일→말일,9,아래,무손절,앞 절반,11,7.23,0.66,54.55,1.757,36.27,18.28,2.29,-1.3,5,6.71,-2.25,-3.05,2.64,0,0,6.36,예,2003-09-19,2013-09-17,판정 안 함
KODEX 200,20일→말일,9,아래,무손절,뒤 절반,12,18.7,1.56,66.67,4.116,19.55,47.12,2.66,-0.65,4,8.09,-1.14,-4.37,2.5,0,0,6.33,예,2014-09-19,2025-09-19,판정 안 함
KODEX 200,20일→말일,9,아래,무손절,최근 10년,10,14.26,1.43,60.0,4.342,18.72,41.28,2.81,-0.65,4,8.09,-1.14,-4.37,2.73,0,0,6.3,예,2016-09-20,2025-09-19,판정 안 함
KODEX 200,20일→말일,9,아래,무손절,최근 5년,5,12.38,2.48,60.0,9.738,9.31,50.69,4.43,-0.45,2,8.09,-0.59,-4.37,3.51,0,0,6.4,아니오,2021-09-17,2025-09-19,판정 안 함
KODEX 200,20일→말일,12,위,-5.0,전체,24,35.08,1.46,79.17,0.777,53.93,25.24,2.53,-3.26,4,6.61,-5.0,-5.0,2.96,0,2,5.92,예,2002-12-20,2025-12-19,후보
KODEX 200,20일→말일,12,위,-5.0,앞 절반,12,17.74,1.48,83.33,0.555,64.31,19.02,2.77,-5.0,2,5.02,-5.0,-5.0,3.32,0,2,5.75,예,2002-12-20,2013-12-20,판정 안 함
KODEX 200,20일→말일,12,위,-5.0,뒤 절반,12,17.34,1.44,75.0,1.492,36.79,38.21,2.26,-1.52,2,6.61,-2.79,-2.79,2.7,0,0,6.08,예,2014-12-19,2025-12-19,판정 안 함
KODEX 200,20일→말일,12,위,-5.0,최근 10년,10,17.58,1.76,90.0,0.811,55.23,34.77,2.26,-2.79,1,6.61,-2.79,-2.79,2.87,0,0,6.0,예,2016-12-20,2025-12-19,판정 안 함
KODEX 200,20일→말일,12,위,-5.0,최근 5년,5,9.2,1.84,80.0,1.074,48.22,31.78,3.0,-2.79,1,6.61,-2.79,-2.79,3.42,0,0,6.2,아니오,2021-12-20,2025-12-19,판정 안 함
KODEX 200,20일→말일,12,위,무손절,전체,24,31.14,1.3,79.17,0.597,60.02,19.15,2.53,-4.24,4,6.61,-10.06,-12.04,3.48,0,0,6.12,예,2002-12-20,2025-12-19,후보
KODEX 200,20일→말일,12,위,무손절,앞 절반,12,13.81,1.15,83.33,0.398,71.53,11.8,2.77,-6.97,2,5.02,-10.06,-12.04,4.24,0,0,6.17,예,2002-12-20,2013-12-20,판정 안 함
KODEX 200,20일→말일,12,위,무손절,뒤 절반,12,17.34,1.44,75.0,1.492,36.79,38.21,2.26,-1.52,2,6.61,-2.79,-2.79,2.7,0,0,6.08,예,2014-12-19,2025-12-19,판정 안 함
KODEX 200,20일→말일,12,위,무손절,최근 10년,10,17.58,1.76,90.0,0.811,55.23,34.77,2.26,-2.79,1,6.61,-2.79,-2.79,2.87,0,0,6.0,예,2016-12-20,2025-12-19,판정 안 함
KODEX 200,20일→말일,12,위,무손절,최근 5년,5,9.2,1.84,80.0,1.074,48.22,31.78,3.0,-2.79,1,6.61,-2.79,-2.79,3.42,0,0,6.2,아니오,2021-12-20,2025-12-19,판정 안 함
KODEX 200,20일→말일,12,아래,-5.0,전체,24,-29.28,-1.22,16.67,1.743,34.94,-18.27,4.24,-2.43,19,10.06,-5.0,-5.0,3.36,0,4,6.04,예,2002-12-20,2025-12-19,제외
KODEX 200,20일→말일,12,아래,-5.0,앞 절반,12,-14.88,-1.24,16.67,2.418,29.25,-12.58,6.97,-2.88,10,10.06,-5.0,-5.0,4.32,0,2,6.08,예,2002-12-20,2013-12-20,판정 안 함
KODEX 200,20일→말일,12,아래,-5.0,뒤 절반,12,-14.4,-1.2,16.67,0.783,51.41,-34.74,1.52,-1.94,9,2.79,-5.0,-5.0,2.22,0,2,6.0,예,2014-12-19,2025-12-19,판정 안 함
KODEX 200,20일→말일,12,아래,-5.0,최근 10년,10,-14.64,-1.46,10.0,1.441,40.97,-30.97,2.79,-1.94,9,2.79,-5.0,-5.0,2.35,0,2,5.9,예,2016-12-20,2025-12-19,판정 안 함
KODEX 200,20일→말일,12,아래,-5.0,최근 5년,5,-7.59,-1.52,20.0,1.075,48.19,-28.19,2.79,-2.6,4,2.79,-5.0,-5.0,2.89,0,1,6.0,아니오,2021-12-20,2025-12-19,판정 안 함
KODEX 200,20일→말일,12,아래,무손절,전체,24,-31.14,-1.3,16.67,1.676,35.82,-19.15,4.24,-2.53,19,10.06,-6.61,-7.03,3.48,0,0,6.12,예,2002-12-20,2025-12-19,제외
KODEX 200,20일→말일,12,아래,무손절,앞 절반,12,-13.81,-1.15,16.67,2.512,28.47,-11.8,6.97,-2.77,10,10.06,-5.02,-5.43,4.24,0,0,6.17,예,2002-12-20,2013-12-20,판정 안 함
KODEX 200,20일→말일,12,아래,무손절,뒤 절반,12,-17.34,-1.44,16.67,0.67,54.88,-38.21,1.52,-2.26,9,2.79,-6.61,-7.03,2.7,0,0,6.08,예,2014-12-19,2025-12-19,판정 안 함
KODEX 200,20일→말일,12,아래,무손절,최근 10년,10,-17.58,-1.76,10.0,1.233,44.77,-34.77,2.79,-2.26,9,2.79,-6.61,-7.03,2.87,0,0,6.0,예,2016-12-20,2025-12-19,판정 안 함
KODEX 200,20일→말일,12,아래,무손절,최근 5년,5,-9.2,-1.84,20.0,0.931,51.78,-31.78,2.79,-3.0,4,2.79,-6.61,-7.03,3.42,0,0,6.2,아니오,2021-12-20,2025-12-19,판정 안 함
코스피200 지수,만기→다음주금,9,위,손절불가,전체,36,-38.28,-1.06,41.67,0.594,62.74,-21.07,1.88,-3.17,21,5.2,-12.13,-12.13,3.62,0,0,4.64,예,1990-09-21,2025-09-19,판정 안 함
코스피200 지수,만기→다음주금,9,위,손절불가,앞 절반,18,-18.41,-1.02,50.0,0.517,65.94,-15.94,2.18,-4.23,9,5.2,-12.13,-12.13,4.44,0,0,4.78,예,1990-09-21,2007-09-21,판정 안 함
코스피200 지수,만기→다음주금,9,위,손절불가,뒤 절반,18,-19.88,-1.1,33.33,0.601,62.46,-29.13,1.42,-2.37,12,2.69,-7.95,-7.95,2.7,0,0,4.5,예,2008-09-19,2025-09-19,판정 안 함
코스피200 지수,만기→다음주금,9,위,손절불가,최근 10년,10,-9.06,-0.91,30.0,0.954,51.16,-21.16,2.09,-2.19,7,2.69,-4.65,-5.0,2.58,0,0,4.4,예,2016-09-13,2025-09-19,판정 안 함
코스피200 지수,만기→다음주금,9,위,손절불가,최근 5년,5,-6.04,-1.21,20.0,1.231,44.81,-24.81,2.69,-2.18,4,2.69,-3.76,-3.76,2.65,0,0,4.4,아니오,2021-09-17,2025-09-19,판정 안 함
코스피200 지수,만기→다음주금,9,아래,손절불가,전체,36,38.28,1.06,58.33,1.684,37.26,21.07,3.17,-1.88,15,12.13,-5.2,-5.2,3.62,0,0,4.64,예,1990-09-21,2025-09-19,판정 안 함
코스피200 지수,만기→다음주금,9,아래,손절불가,앞 절반,18,18.41,1.02,50.0,1.936,34.06,15.94,4.23,-2.18,9,12.13,-5.2,-5.2,4.44,0,0,4.78,예,1990-09-21,2007-09-21,판정 안 함
코스피200 지수,만기→다음주금,9,아래,손절불가,뒤 절반,18,19.88,1.1,66.67,1.664,37.54,29.13,2.37,-1.42,6,7.95,-2.69,-3.41,2.7,0,0,4.5,예,2008-09-19,2025-09-19,판정 안 함
코스피200 지수,만기→다음주금,9,아래,손절불가,최근 10년,10,9.06,0.91,70.0,1.048,48.84,21.16,2.19,-2.09,3,4.65,-2.69,-3.41,2.58,0,0,4.4,예,2016-09-13,2025-09-19,판정 안 함
코스피200 지수,만기→다음주금,9,아래,손절불가,최근 5년,5,6.04,1.21,80.0,0.812,55.19,24.81,2.18,-2.69,1,3.76,-2.69,-3.41,2.65,0,0,4.4,아니오,2021-09-17,2025-09-19,판정 안 함
코스피200 지수,만기→다음주금,12,위,손절불가,전체,36,2.74,0.08,58.33,0.761,56.79,1.54,2.13,-2.8,15,8.13,-7.17,-12.47,3.43,0,0,4.56,예,1990-12-21,2025-12-19,판정 안 함
코스피200 지수,만기→다음주금,12,위,손절불가,앞 절반,18,-2.81,-0.16,50.0,0.912,52.31,-2.31,3.22,-3.53,9,8.13,-7.17,-12.47,4.49,0,0,4.72,예,1990-12-21,2007-12-21,판정 안 함
코스피200 지수,만기→다음주금,12,위,손절불가,뒤 절반,18,5.55,0.31,66.67,0.771,56.46,10.21,1.32,-1.71,6,3.81,-5.38,-5.38,1.99,0,0,4.39,예,2008-12-19,2025-12-19,판정 안 함
코스피200 지수,만기→다음주금,12,위,손절불가,최근 10년,10,3.12,0.31,50.0,1.642,37.84,12.16,1.6,-0.97,5,3.81,-1.76,-2.0,1.74,0,0,4.5,예,2016-12-16,2025-12-19,판정 안 함
코스피200 지수,만기→다음주금,12,위,손절불가,최근 5년,5,4.17,0.83,80.0,0.842,54.28,25.72,1.48,-1.76,1,3.81,-1.76,-1.9,2.04,0,0,4.6,아니오,2021-12-17,2025-12-19,판정 안 함
코스피200 지수,만기→다음주금,12,아래,손절불가,전체,36,-2.74,-0.08,41.67,1.314,43.21,-1.54,2.8,-2.13,21,7.17,-8.13,-8.13,3.43,0,0,4.56,예,1990-12-21,2025-12-19,판정 안 함
코스피200 지수,만기→다음주금,12,아래,손절불가,앞 절반,18,2.81,0.16,50.0,1.097,47.69,2.31,3.53,-3.22,9,7.17,-8.13,-8.13,4.49,0,0,4.72,예,1990-12-21,2007-12-21,판정 안 함
코스피200 지수,만기→다음주금,12,아래,손절불가,뒤 절반,18,-5.55,-0.31,33.33,1.297,43.54,-10.21,1.71,-1.32,12,5.38,-3.81,-3.81,1.99,0,0,4.39,예,2008-12-19,2025-12-19,판정 안 함
코스피200 지수,만기→다음주금,12,아래,손절불가,최근 10년,10,-3.12,-0.31,50.0,0.609,62.16,-12.16,0.97,-1.6,5,1.76,-3.81,-3.81,1.74,0,0,4.5,예,2016-12-16,2025-12-19,판정 안 함
코스피200 지수,만기→다음주금,12,아래,손절불가,최근 5년,5,-4.17,-0.83,20.0,1.187,45.72,-25.72,1.76,-1.48,4,1.76,-3.81,-3.81,2.04,0,0,4.6,아니오,2021-12-17,2025-12-19,판정 안 함
코스피200 지수,만기→말일,9,위,손절불가,전체,36,-33.7,-0.94,41.67,0.715,58.32,-16.65,2.34,-3.28,21,4.62,-10.08,-12.13,3.73,0,0,7.42,예,1990-09-21,2025-09-19,판정 안 함
코스피200 지수,만기→말일,9,위,손절불가,앞 절반,18,-8.75,-0.49,55.56,0.618,61.81,-6.25,2.96,-4.8,8,4.62,-10.08,-12.13,4.63,0,0,7.78,예,1990-09-21,2007-09-21,판정 안 함
코스피200 지수,만기→말일,9,위,손절불가,뒤 절반,18,-24.95,-1.39,27.78,0.468,68.11,-40.33,1.1,-2.34,13,2.27,-8.85,-9.82,2.62,0,0,7.06,예,2008-09-19,2025-09-19,판정 안 함
코스피200 지수,만기→말일,9,위,손절불가,최근 10년,10,-17.22,-1.72,40.0,0.238,80.78,-40.78,0.81,-3.41,6,2.27,-8.85,-8.85,3.29,0,0,7.2,예,2016-09-13,2025-09-19,판정 안 함
코스피200 지수,만기→말일,9,위,손절불가,최근 5년,5,-16.36,-3.27,40.0,0.014,98.65,-58.65,0.08,-5.5,3,0.12,-8.85,-8.85,3.82,0,0,7.4,아니오,2021-09-17,2025-09-19,판정 안 함
코스피200 지수,만기→말일,9,아래,손절불가,전체,36,33.7,0.94,58.33,1.399,41.68,16.65,3.28,-2.34,15,10.08,-4.62,-5.2,3.73,0,0,7.42,예,1990-09-21,2025-09-19,판정 안 함
코스피200 지수,만기→말일,9,아래,손절불가,앞 절반,18,8.75,0.49,44.44,1.619,38.19,6.25,4.8,-2.96,10,10.08,-4.62,-5.2,4.63,0,0,7.78,예,1990-09-21,2007-09-21,판정 안 함
코스피200 지수,만기→말일,9,아래,손절불가,뒤 절반,18,24.95,1.39,72.22,2.136,31.89,40.33,2.34,-1.1,5,8.85,-2.27,-3.41,2.62,0,0,7.06,예,2008-09-19,2025-09-19,판정 안 함
코스피200 지수,만기→말일,9,아래,손절불가,최근 10년,10,17.22,1.72,60.0,4.204,19.22,40.78,3.41,-0.81,4,8.85,-2.27,-3.41,3.29,0,0,7.2,예,2016-09-13,2025-09-19,판정 안 함
코스피200 지수,만기→말일,9,아래,손절불가,최근 5년,5,16.36,3.27,60.0,73.009,1.35,58.65,5.5,-0.08,2,8.85,-0.12,-3.41,3.82,0,0,7.4,아니오,2021-09-17,2025-09-19,판정 안 함
코스피200 지수,만기→말일,12,위,손절불가,전체,36,9.1,0.25,47.22,1.317,43.17,4.05,3.54,-2.69,19,10.76,-11.44,-12.47,4.4,0,0,6.61,예,1990-12-21,2025-12-19,판정 안 함
코스피200 지수,만기→말일,12,위,손절불가,앞 절반,18,6.23,0.35,55.56,0.951,51.24,4.32,3.91,-4.11,8,10.76,-11.44,-12.47,5.55,0,0,6.39,예,1990-12-21,2007-12-21,판정 안 함
코스피200 지수,만기→말일,12,위,손절불가,뒤 절반,18,2.87,0.16,38.89,1.819,35.47,3.42,3.01,-1.65,11,6.61,-5.33,-5.44,3.01,0,0,6.83,예,2008-12-19,2025-12-19,판정 안 함
코스피200 지수,만기→말일,12,위,손절불가,최근 10년,10,5.66,0.57,30.0,3.682,21.36,8.64,5.15,-1.4,7,6.61,-5.33,-5.33,3.54,0,0,7.0,예,2016-12-16,2025-12-19,판정 안 함
코스피200 지수,만기→말일,12,위,손절불가,최근 5년,5,4.0,0.8,40.0,2.397,29.43,10.57,5.34,-2.23,3,6.61,-5.33,-5.33,4.66,0,0,7.4,아니오,2021-12-17,2025-12-19,판정 안 함
코스피200 지수,만기→말일,12,아래,손절불가,전체,36,-9.1,-0.25,52.78,0.76,56.83,-4.05,2.69,-3.54,17,11.44,-10.76,-10.76,4.4,0,0,6.61,예,1990-12-21,2025-12-19,판정 안 함
코스피200 지수,만기→말일,12,아래,손절불가,앞 절반,18,-6.23,-0.35,44.44,1.051,48.76,-4.32,4.11,-3.91,10,11.44,-10.76,-10.76,5.55,0,0,6.39,예,1990-12-21,2007-12-21,판정 안 함
코스피200 지수,만기→말일,12,아래,손절불가,뒤 절반,18,-2.87,-0.16,61.11,0.55,64.53,-3.42,1.65,-3.01,7,5.33,-6.61,-6.61,3.01,0,0,6.83,예,2008-12-19,2025-12-19,판정 안 함
코스피200 지수,만기→말일,12,아래,손절불가,최근 10년,10,-5.66,-0.57,70.0,0.272,78.64,-8.64,1.4,-5.15,3,5.33,-6.61,-6.61,3.54,0,0,7.0,예,2016-12-16,2025-12-19,판정 안 함
코스피200 지수,만기→말일,12,아래,손절불가,최근 5년,5,-4.0,-0.8,60.0,0.417,70.57,-10.57,2.23,-5.34,2,5.33,-6.61,-6.61,4.66,0,0,7.4,아니오,2021-12-17,2025-12-19,판정 안 함
코스피200 지수,20일→다음주금,9,위,손절불가,전체,36,-40.43,-1.12,44.44,0.513,66.09,-21.65,1.76,-3.43,20,5.2,-10.03,-11.0,3.44,0,0,5.83,예,1990-09-20,2025-09-19,판정 안 함
코스피200 지수,20일→다음주금,9,위,손절불가,앞 절반,18,-16.19,-0.9,50.0,0.556,64.28,-14.28,2.25,-4.05,9,5.2,-10.03,-11.0,4.07,0,0,5.94,예,1990-09-20,2007-09-20,판정 안 함
코스피200 지수,20일→다음주금,9,위,손절불가,뒤 절반,18,-24.24,-1.35,38.89,0.386,72.14,-33.25,1.13,-2.92,11,2.69,-8.51,-9.83,2.77,0,0,5.72,예,2008-09-19,2025-09-19,판정 안 함
코스피200 지수,20일→다음주금,9,위,손절불가,최근 10년,10,-20.23,-2.02,30.0,0.395,71.7,-41.7,1.37,-3.48,7,2.69,-8.51,-8.51,3.25,0,0,5.8,예,2016-09-20,2025-09-19,판정 안 함
코스피200 지수,20일→다음주금,9,위,손절불가,최근 5년,5,-14.46,-2.89,20.0,0.627,61.48,-41.48,2.69,-4.29,4,2.69,-8.51,-8.51,4.1,0,0,6.0,아니오,2021-09-17,2025-09-19,판정 안 함
코스피200 지수,20일→다음주금,9,아래,손절불가,전체,36,40.43,1.12,55.56,1.949,33.91,21.65,3.43,-1.76,16,10.03,-5.2,-5.2,3.44,0,0,5.83,예,1990-09-20,2025-09-19,판정 안 함
코스피200 지수,20일→다음주금,9,아래,손절불가,앞 절반,18,16.19,0.9,50.0,1.8,35.72,14.28,4.05,-2.25,9,10.03,-5.2,-5.2,4.07,0,0,5.94,예,1990-09-20,2007-09-20,판정 안 함
코스피200 지수,20일→다음주금,9,아래,손절불가,뒤 절반,18,24.24,1.35,61.11,2.589,27.86,33.25,2.92,-1.13,7,8.51,-2.69,-3.41,2.77,0,0,5.72,예,2008-09-19,2025-09-19,판정 안 함
코스피200 지수,20일→다음주금,9,아래,손절불가,최근 10년,10,20.23,2.02,70.0,2.533,28.3,41.7,3.48,-1.37,3,8.51,-2.69,-3.41,3.25,0,0,5.8,예,2016-09-20,2025-09-19,판정 안 함
코스피200 지수,20일→다음주금,9,아래,손절불가,최근 5년,5,14.46,2.89,80.0,1.596,38.52,41.48,4.29,-2.69,1,8.51,-2.69,-3.41,4.1,0,0,6.0,아니오,2021-09-17,2025-09-19,판정 안 함
코스피200 지수,20일→다음주금,12,위,손절불가,전체,36,11.66,0.32,61.11,0.832,54.58,6.53,2.25,-2.71,14,8.22,-7.17,-13.0,3.37,0,0,5.08,예,1990-12-20,2025-12-19,판정 안 함
코스피200 지수,20일→다음주금,12,위,손절불가,앞 절반,18,6.86,0.38,61.11,0.807,55.33,5.78,2.95,-3.65,7,8.22,-7.17,-13.0,4.28,0,0,5.0,예,1990-12-20,2007-12-20,판정 안 함
코스피200 지수,20일→다음주금,12,위,손절불가,뒤 절반,18,4.8,0.27,61.11,0.883,53.1,8.01,1.56,-1.77,7,3.81,-5.38,-5.38,2.24,0,0,5.17,예,2008-12-19,2025-12-19,판정 안 함
코스피200 지수,20일→다음주금,12,위,손절불가,최근 10년,10,2.39,0.24,50.0,1.358,42.41,7.59,1.81,-1.33,5,3.81,-4.26,-4.26,2.22,0,0,5.3,예,2016-12-20,2025-12-19,판정 안 함
코스피200 지수,20일→다음주금,12,위,손절불가,최근 5년,5,2.75,0.55,80.0,0.411,70.86,9.14,1.75,-4.26,1,3.81,-4.26,-4.26,3.03,0,0,5.6,아니오,2021-12-20,2025-12-19,판정 안 함
코스피200 지수,20일→다음주금,12,아래,손절불가,전체,36,-11.66,-0.32,38.89,1.202,45.42,-6.53,2.71,-2.25,22,7.17,-8.22,-8.22,3.37,0,0,5.08,예,1990-12-20,2025-12-19,판정 안 함
코스피200 지수,20일→다음주금,12,아래,손절불가,앞 절반,18,-6.86,-0.38,38.89,1.239,44.67,-5.78,3.65,-2.95,11,7.17,-8.22,-8.22,4.28,0,0,5.0,예,1990-12-20,2007-12-20,판정 안 함
코스피200 지수,20일→다음주금,12,아래,손절불가,뒤 절반,18,-4.8,-0.27,38.89,1.132,46.9,-8.01,1.77,-1.56,11,5.38,-3.81,-4.44,2.24,0,0,5.17,예,2008-12-19,2025-12-19,판정 안 함
코스피200 지수,20일→다음주금,12,아래,손절불가,최근 10년,10,-2.39,-0.24,50.0,0.736,57.59,-7.59,1.33,-1.81,5,4.26,-3.81,-3.81,2.22,0,0,5.3,예,2016-12-20,2025-12-19,판정 안 함
코스피200 지수,20일→다음주금,12,아래,손절불가,최근 5년,5,-2.75,-0.55,20.0,2.432,29.14,-9.14,4.26,-1.75,4,4.26,-3.81,-3.81,3.03,0,0,5.6,아니오,2021-12-20,2025-12-19,판정 안 함
코스피200 지수,20일→말일,9,위,손절불가,전체,36,-40.02,-1.11,44.44,0.525,65.58,-21.14,1.81,-3.45,20,4.62,-11.0,-11.0,3.56,0,0,6.67,예,1990-09-20,2025-09-19,판정 안 함
코스피200 지수,20일→말일,9,위,손절불가,앞 절반,18,-15.19,-0.84,55.56,0.499,66.71,-11.15,2.52,-5.05,8,4.62,-11.0,-11.0,4.54,0,0,6.89,예,1990-09-20,2007-09-20,판정 안 함
코스피200 지수,20일→말일,9,위,손절불가,뒤 절반,18,-24.83,-1.38,33.33,0.264,79.12,-45.79,0.63,-2.38,12,1.96,-8.51,-9.83,2.3,0,0,6.44,예,2008-09-19,2025-09-19,판정 안 함
코스피200 지수,20일→말일,9,위,손절불가,최근 10년,10,-17.39,-1.74,40.0,0.125,88.88,-48.88,0.4,-3.16,6,0.94,-8.51,-8.51,2.81,0,0,6.3,예,2016-09-20,2025-09-19,판정 안 함
코스피200 지수,20일→말일,9,위,손절불가,최근 5년,5,-14.27,-2.85,40.0,0.016,98.46,-58.46,0.08,-4.81,3,0.12,-8.51,-8.51,3.53,0,0,6.4,아니오,2021-09-17,2025-09-19,판정 안 함
코스피200 지수,20일→말일,9,아래,손절불가,전체,36,40.02,1.11,55.56,1.905,34.42,21.14,3.45,-1.81,16,11.0,-4.62,-5.2,3.56,0,0,6.67,예,1990-09-20,2025-09-19,판정 안 함
코스피200 지수,20일→말일,9,아래,손절불가,앞 절반,18,15.19,0.84,44.44,2.004,33.29,11.15,5.05,-2.52,10,11.0,-4.62,-5.2,4.54,0,0,6.89,예,1990-09-20,2007-09-20,판정 안 함
코스피200 지수,20일→말일,9,아래,손절불가,뒤 절반,18,24.83,1.38,66.67,3.788,20.88,45.79,2.38,-0.63,6,8.51,-1.96,-3.41,2.3,0,0,6.44,예,2008-09-19,2025-09-19,판정 안 함
코스피200 지수,20일→말일,9,아래,손절불가,최근 10년,10,17.39,1.74,60.0,7.99,11.12,48.88,3.16,-0.4,4,8.51,-0.94,-3.41,2.81,0,0,6.3,예,2016-09-20,2025-09-19,판정 안 함
코스피200 지수,20일→말일,9,아래,손절불가,최근 5년,5,14.27,2.85,60.0,63.798,1.54,58.46,4.81,-0.08,2,8.51,-0.12,-3.41,3.53,0,0,6.4,아니오,2021-09-17,2025-09-19,판정 안 함
코스피200 지수,20일→말일,12,위,손절불가,전체,36,14.42,0.4,55.56,1.076,48.17,7.39,2.81,-2.61,16,8.8,-11.44,-13.0,3.92,0,0,5.78,예,1990-12-20,2025-12-19,판정 안 함
코스피200 지수,20일→말일,12,위,손절불가,앞 절반,18,8.63,0.48,66.67,0.663,60.13,6.54,2.92,-4.41,6,8.8,-11.44,-13.0,4.88,0,0,5.39,예,1990-12-20,2007-12-20,판정 안 함
코스피200 지수,20일→말일,12,위,손절불가,뒤 절반,18,5.79,0.32,44.44,1.722,36.73,7.71,2.64,-1.53,10,6.61,-5.03,-5.44,2.79,0,0,6.17,예,2008-12-19,2025-12-19,판정 안 함
코스피200 지수,20일→말일,12,위,손절불가,최근 10년,10,7.04,0.7,40.0,2.944,25.35,14.65,3.59,-1.22,6,6.61,-4.26,-4.26,3.12,0,0,6.0,예,2016-12-20,2025-12-19,판정 안 함
코스피200 지수,20일→말일,12,위,손절불가,최근 5년,5,5.16,1.03,60.0,1.446,40.89,19.11,3.19,-2.21,2,6.61,-4.26,-4.26,3.94,0,0,6.2,아니오,2021-12-20,2025-12-19,판정 안 함
코스피200 지수,20일→말일,12,아래,손절불가,전체,36,-14.42,-0.4,44.44,0.929,51.83,-7.39,2.61,-2.81,20,11.44,-8.8,-8.8,3.92,0,0,5.78,예,1990-12-20,2025-12-19,판정 안 함
코스피200 지수,20일→말일,12,아래,손절불가,앞 절반,18,-8.63,-0.48,33.33,1.508,39.87,-6.54,4.41,-2.92,12,11.44,-8.8,-8.8,4.88,0,0,5.39,예,1990-12-20,2007-12-20,판정 안 함
코스피200 지수,20일→말일,12,아래,손절불가,뒤 절반,18,-5.79,-0.32,55.56,0.581,63.27,-7.71,1.53,-2.64,8,5.03,-6.61,-6.61,2.79,0,0,6.17,예,2008-12-19,2025-12-19,판정 안 함
코스피200 지수,20일→말일,12,아래,손절불가,최근 10년,10,-7.04,-0.7,60.0,0.34,74.65,-14.65,1.22,-3.59,4,4.26,-6.61,-6.61,3.12,0,0,6.0,예,2016-12-20,2025-12-19,판정 안 함
코스피200 지수,20일→말일,12,아래,손절불가,최근 5년,5,-5.16,-1.03,40.0,0.692,59.11,-19.11,2.21,-3.19,3,4.26,-6.61,-6.61,3.94,0,0,6.2,아니오,2021-12-20,2025-12-19,판정 안 함
KODEX 코스닥150,만기→다음주금,9,위,-5.0,전체,10,-16.32,-1.63,20.0,1.193,45.6,-25.6,3.47,-2.91,8,3.48,-5.0,-5.0,3.23,0,3,3.9,예,2016-09-13,2025-09-19,제외
KODEX 코스닥150,만기→다음주금,9,위,-5.0,앞 절반,5,-8.3,-1.66,20.0,1.182,45.82,-25.82,3.48,-2.95,4,3.48,-5.0,-5.0,3.54,0,2,3.4,아니오,2016-09-13,2020-09-18,판정 안 함
KODEX 코스닥150,만기→다음주금,9,위,-5.0,뒤 절반,5,-8.01,-1.6,20.0,1.204,45.37,-25.37,3.45,-2.87,4,3.45,-5.0,-5.0,3.32,0,1,4.4,아니오,2021-09-17,2025-09-19,판정 안 함
KODEX 코스닥150,만기→다음주금,9,위,-5.0,최근 10년,10,-16.32,-1.63,20.0,1.193,45.6,-25.6,3.47,-2.91,8,3.48,-5.0,-5.0,3.23,0,3,3.9,예,2016-09-13,2025-09-19,판정 안 함
KODEX 코스닥150,만기→다음주금,9,위,-5.0,최근 5년,5,-8.01,-1.6,20.0,1.204,45.37,-25.37,3.45,-2.87,4,3.45,-5.0,-5.0,3.32,0,1,4.4,아니오,2021-09-17,2025-09-19,판정 안 함
KODEX 코스닥150,만기→다음주금,9,위,무손절,전체,10,-22.18,-2.22,20.0,0.953,51.2,-31.2,3.47,-3.64,8,3.48,-10.33,-11.02,4.2,0,0,4.4,예,2016-09-13,2025-09-19,제외
KODEX 코스닥150,만기→다음주금,9,위,무손절,앞 절반,5,-13.58,-2.72,20.0,0.817,55.04,-35.04,3.48,-4.27,4,3.48,-10.33,-11.02,5.2,0,0,4.4,아니오,2016-09-13,2020-09-18,판정 안 함
KODEX 코스닥150,만기→다음주금,9,위,무손절,뒤 절반,5,-8.6,-1.72,20.0,1.146,46.6,-26.6,3.45,-3.01,4,3.45,-5.59,-5.68,3.47,0,0,4.4,아니오,2021-09-17,2025-09-19,판정 안 함
KODEX 코스닥150,만기→다음주금,9,위,무손절,최근 10년,10,-22.18,-2.22,20.0,0.953,51.2,-31.2,3.47,-3.64,8,3.48,-10.33,-11.02,4.2,0,0,4.4,예,2016-09-13,2025-09-19,판정 안 함
KODEX 코스닥150,만기→다음주금,9,위,무손절,최근 5년,5,-8.6,-1.72,20.0,1.146,46.6,-26.6,3.45,-3.01,4,3.45,-5.59,-5.68,3.47,0,0,4.4,아니오,2021-09-17,2025-09-19,판정 안 함
KODEX 코스닥150,만기→다음주금,9,아래,-5.0,전체,10,22.18,2.22,80.0,1.049,48.8,31.2,3.64,-3.47,2,10.33,-3.48,-4.56,4.2,0,0,4.4,예,2016-09-13,2025-09-19,후보
KODEX 코스닥150,만기→다음주금,9,아래,-5.0,앞 절반,5,13.58,2.72,80.0,1.224,44.96,35.04,4.27,-3.48,1,10.33,-3.48,-3.84,5.2,0,0,4.4,아니오,2016-09-13,2020-09-18,판정 안 함
KODEX 코스닥150,만기→다음주금,9,아래,-5.0,뒤 절반,5,8.6,1.72,80.0,0.873,53.4,26.6,3.01,-3.45,1,5.59,-3.45,-4.56,3.47,0,0,4.4,아니오,2021-09-17,2025-09-19,판정 안 함
KODEX 코스닥150,만기→다음주금,9,아래,-5.0,최근 10년,10,22.18,2.22,80.0,1.049,48.8,31.2,3.64,-3.47,2,10.33,-3.48,-4.56,4.2,0,0,4.4,예,2016-09-13,2025-09-19,판정 안 함
KODEX 코스닥150,만기→다음주금,9,아래,-5.0,최근 5년,5,8.6,1.72,80.0,0.873,53.4,26.6,3.01,-3.45,1,5.59,-3.45,-4.56,3.47,0,0,4.4,아니오,2021-09-17,2025-09-19,판정 안 함
KODEX 코스닥150,만기→다음주금,9,아래,무손절,전체,10,22.18,2.22,80.0,1.049,48.8,31.2,3.64,-3.47,2,10.33,-3.48,-4.56,4.2,0,0,4.4,예,2016-09-13,2025-09-19,후보
KODEX 코스닥150,만기→다음주금,9,아래,무손절,앞 절반,5,13.58,2.72,80.0,1.224,44.96,35.04,4.27,-3.48,1,10.33,-3.48,-3.84,5.2,0,0,4.4,아니오,2016-09-13,2020-09-18,판정 안 함
KODEX 코스닥150,만기→다음주금,9,아래,무손절,뒤 절반,5,8.6,1.72,80.0,0.873,53.4,26.6,3.01,-3.45,1,5.59,-3.45,-4.56,3.47,0,0,4.4,아니오,2021-09-17,2025-09-19,판정 안 함
KODEX 코스닥150,만기→다음주금,9,아래,무손절,최근 10년,10,22.18,2.22,80.0,1.049,48.8,31.2,3.64,-3.47,2,10.33,-3.48,-4.56,4.2,0,0,4.4,예,2016-09-13,2025-09-19,판정 안 함
KODEX 코스닥150,만기→다음주금,9,아래,무손절,최근 5년,5,8.6,1.72,80.0,0.873,53.4,26.6,3.01,-3.45,1,5.59,-3.45,-4.56,3.47,0,0,4.4,아니오,2021-09-17,2025-09-19,판정 안 함
KODEX 코스닥150,만기→다음주금,12,위,-5.0,전체,11,1.23,0.11,54.55,0.967,50.83,3.72,1.48,-1.53,5,3.8,-2.93,-4.43,1.96,0,0,4.45,예,2015-12-18,2025-12-19,제외
KODEX 코스닥150,만기→다음주금,12,위,-5.0,앞 절반,5,0.69,0.14,40.0,1.772,36.08,3.92,2.26,-1.28,3,3.8,-2.74,-4.43,2.41,0,0,4.4,아니오,2015-12-18,2019-12-20,판정 안 함
KODEX 코스닥150,만기→다음주금,12,위,-5.0,뒤 절반,6,0.54,0.09,66.67,0.57,63.68,2.99,1.09,-1.92,2,1.82,-2.93,-2.93,1.73,0,0,4.5,아니오,2020-12-18,2025-12-19,판정 안 함
KODEX 코스닥150,만기→다음주금,12,위,-5.0,최근 10년,10,3.97,0.4,60.0,1.205,45.36,14.64,1.48,-1.23,4,3.8,-2.93,-4.43,1.8,0,0,4.5,예,2016-12-16,2025-12-19,판정 안 함
KODEX 코스닥150,만기→다음주금,12,위,-5.0,최근 5년,5,1.44,0.29,80.0,0.373,72.83,7.17,1.09,-2.93,1,1.82,-2.93,-2.93,1.85,0,0,4.6,아니오,2021-12-17,2025-12-19,판정 안 함
KODEX 코스닥150,만기→다음주금,12,위,무손절,전체,11,1.23,0.11,54.55,0.967,50.83,3.72,1.48,-1.53,5,3.8,-2.93,-4.43,1.96,0,0,4.45,예,2015-12-18,2025-12-19,제외
KODEX 코스닥150,만기→다음주금,12,위,무손절,앞 절반,5,0.69,0.14,40.0,1.772,36.08,3.92,2.26,-1.28,3,3.8,-2.74,-4.43,2.41,0,0,4.4,아니오,2015-12-18,2019-12-20,판정 안 함
KODEX 코스닥150,만기→다음주금,12,위,무손절,뒤 절반,6,0.54,0.09,66.67,0.57,63.68,2.99,1.09,-1.92,2,1.82,-2.93,-2.93,1.73,0,0,4.5,아니오,2020-12-18,2025-12-19,판정 안 함
KODEX 코스닥150,만기→다음주금,12,위,무손절,최근 10년,10,3.97,0.4,60.0,1.205,45.36,14.64,1.48,-1.23,4,3.8,-2.93,-4.43,1.8,0,0,4.5,예,2016-12-16,2025-12-19,판정 안 함
KODEX 코스닥150,만기→다음주금,12,위,무손절,최근 5년,5,1.44,0.29,80.0,0.373,72.83,7.17,1.09,-2.93,1,1.82,-2.93,-2.93,1.85,0,0,4.6,아니오,2021-12-17,2025-12-19,판정 안 함
KODEX 코스닥150,만기→다음주금,12,아래,-5.0,전체,11,-1.23,-0.11,45.45,1.034,49.17,-3.72,1.53,-1.48,6,2.93,-3.8,-4.54,1.96,0,0,4.45,예,2015-12-18,2025-12-19,제외
KODEX 코스닥150,만기→다음주금,12,아래,-5.0,앞 절반,5,-0.69,-0.14,60.0,0.564,63.92,-3.92,1.28,-2.26,2,2.74,-3.8,-4.3,2.41,0,0,4.4,아니오,2015-12-18,2019-12-20,판정 안 함
KODEX 코스닥150,만기→다음주금,12,아래,-5.0,뒤 절반,6,-0.54,-0.09,33.33,1.754,36.32,-2.99,1.92,-1.09,4,2.93,-1.82,-4.54,1.73,0,0,4.5,아니오,2020-12-18,2025-12-19,판정 안 함
KODEX 코스닥150,만기→다음주금,12,아래,-5.0,최근 10년,10,-3.97,-0.4,40.0,0.83,54.64,-14.64,1.23,-1.48,6,2.93,-3.8,-4.54,1.8,0,0,4.5,예,2016-12-16,2025-12-19,판정 안 함
KODEX 코스닥150,만기→다음주금,12,아래,-5.0,최근 5년,5,-1.44,-0.29,20.0,2.681,27.17,-7.17,2.93,-1.09,4,2.93,-1.82,-4.54,1.85,0,0,4.6,아니오,2021-12-17,2025-12-19,판정 안 함
KODEX 코스닥150,만기→다음주금,12,아래,무손절,전체,11,-1.23,-0.11,45.45,1.034,49.17,-3.72,1.53,-1.48,6,2.93,-3.8,-4.54,1.96,0,0,4.45,예,2015-12-18,2025-12-19,제외
KODEX 코스닥150,만기→다음주금,12,아래,무손절,앞 절반,5,-0.69,-0.14,60.0,0.564,63.92,-3.92,1.28,-2.26,2,2.74,-3.8,-4.3,2.41,0,0,4.4,아니오,2015-12-18,2019-12-20,판정 안 함
KODEX 코스닥150,만기→다음주금,12,아래,무손절,뒤 절반,6,-0.54,-0.09,33.33,1.754,36.32,-2.99,1.92,-1.09,4,2.93,-1.82,-4.54,1.73,0,0,4.5,아니오,2020-12-18,2025-12-19,판정 안 함
KODEX 코스닥150,만기→다음주금,12,아래,무손절,최근 10년,10,-3.97,-0.4,40.0,0.83,54.64,-14.64,1.23,-1.48,6,2.93,-3.8,-4.54,1.8,0,0,4.5,예,2016-12-16,2025-12-19,판정 안 함
KODEX 코스닥150,만기→다음주금,12,아래,무손절,최근 5년,5,-1.44,-0.29,20.0,2.681,27.17,-7.17,2.93,-1.09,4,2.93,-1.82,-4.54,1.85,0,0,4.6,아니오,2021-12-17,2025-12-19,판정 안 함
KODEX 코스닥150,만기→말일,9,위,-5.0,전체,10,-24.11,-2.41,20.0,0.495,60.2,-40.2,1.99,-4.01,7,2.1,-5.0,-5.0,3.0,0,5,5.6,예,2016-09-13,2025-09-19,제외
KODEX 코스닥150,만기→말일,9,위,-5.0,앞 절반,5,-8.76,-1.75,20.0,0.527,52.38,-32.38,1.87,-3.54,3,1.87,-5.0,-5.0,3.1,0,2,5.4,아니오,2016-09-13,2020-09-18,판정 안 함
KODEX 코스닥150,만기→말일,9,위,-5.0,뒤 절반,5,-15.34,-3.07,20.0,0.482,67.47,-47.47,2.1,-4.36,4,2.1,-5.0,-5.0,3.1,0,3,5.8,아니오,2021-09-17,2025-09-19,판정 안 함
KODEX 코스닥150,만기→말일,9,위,-5.0,최근 10년,10,-24.11,-2.41,20.0,0.495,60.2,-40.2,1.99,-4.01,7,2.1,-5.0,-5.0,3.0,0,5,5.6,예,2016-09-13,2025-09-19,판정 안 함
KODEX 코스닥150,만기→말일,9,위,-5.0,최근 5년,5,-15.34,-3.07,20.0,0.482,67.47,-47.47,2.1,-4.36,4,2.1,-5.0,-5.0,3.1,0,3,5.8,아니오,2021-09-17,2025-09-19,판정 안 함
KODEX 코스닥150,만기→말일,9,위,무손절,전체,10,-29.57,-2.96,20.0,0.415,63.63,-43.63,1.99,-4.79,7,2.1,-11.22,-12.24,4.04,0,0,7.2,예,2016-09-13,2025-09-19,제외
KODEX 코스닥150,만기→말일,9,위,무손절,앞 절반,5,-9.15,-1.83,20.0,0.509,53.03,-33.03,1.87,-3.67,3,1.87,-5.26,-11.02,3.21,0,0,7.0,아니오,2016-09-13,2020-09-18,판정 안 함
KODEX 코스닥150,만기→말일,9,위,무손절,뒤 절반,5,-20.41,-4.08,20.0,0.374,72.8,-52.8,2.1,-5.63,4,2.1,-11.22,-12.24,4.83,0,0,7.4,아니오,2021-09-17,2025-09-19,판정 안 함
KODEX 코스닥150,만기→말일,9,위,무손절,최근 10년,10,-29.57,-2.96,20.0,0.415,63.63,-43.63,1.99,-4.79,7,2.1,-11.22,-12.24,4.04,0,0,7.2,예,2016-09-13,2025-09-19,판정 안 함
KODEX 코스닥150,만기→말일,9,위,무손절,최근 5년,5,-20.41,-4.08,20.0,0.374,72.8,-52.8,2.1,-5.63,4,2.1,-11.22,-12.24,4.83,0,0,7.4,아니오,2021-09-17,2025-09-19,판정 안 함
KODEX 코스닥150,만기→말일,9,아래,-5.0,전체,10,29.57,2.96,70.0,2.412,26.37,43.63,4.79,-1.99,2,11.22,-2.1,-4.56,4.04,0,0,7.2,예,2016-09-13,2025-09-19,후보
KODEX 코스닥150,만기→말일,9,아래,-5.0,앞 절반,5,9.15,1.83,60.0,1.966,26.97,33.03,3.67,-1.87,1,5.26,-1.87,-4.04,3.21,0,0,7.0,아니오,2016-09-13,2020-09-18,판정 안 함
KODEX 코스닥150,만기→말일,9,아래,-5.0,뒤 절반,5,20.41,4.08,80.0,2.676,27.2,52.8,5.63,-2.1,1,11.22,-2.1,-4.56,4.83,0,0,7.4,아니오,2021-09-17,2025-09-19,판정 안 함
KODEX 코스닥150,만기→말일,9,아래,-5.0,최근 10년,10,29.57,2.96,70.0,2.412,26.37,43.63,4.79,-1.99,2,11.22,-2.1,-4.56,4.04,0,0,7.2,예,2016-09-13,2025-09-19,판정 안 함
KODEX 코스닥150,만기→말일,9,아래,-5.0,최근 5년,5,20.41,4.08,80.0,2.676,27.2,52.8,5.63,-2.1,1,11.22,-2.1,-4.56,4.83,0,0,7.4,아니오,2021-09-17,2025-09-19,판정 안 함
KODEX 코스닥150,만기→말일,9,아래,무손절,전체,10,29.57,2.96,70.0,2.412,26.37,43.63,4.79,-1.99,2,11.22,-2.1,-4.56,4.04,0,0,7.2,예,2016-09-13,2025-09-19,후보
KODEX 코스닥150,만기→말일,9,아래,무손절,앞 절반,5,9.15,1.83,60.0,1.966,26.97,33.03,3.67,-1.87,1,5.26,-1.87,-4.04,3.21,0,0,7.0,아니오,2016-09-13,2020-09-18,판정 안 함
KODEX 코스닥150,만기→말일,9,아래,무손절,뒤 절반,5,20.41,4.08,80.0,2.676,27.2,52.8,5.63,-2.1,1,11.22,-2.1,-4.56,4.83,0,0,7.4,아니오,2021-09-17,2025-09-19,판정 안 함
KODEX 코스닥150,만기→말일,9,아래,무손절,최근 10년,10,29.57,2.96,70.0,2.412,26.37,43.63,4.79,-1.99,2,11.22,-2.1,-4.56,4.04,0,0,7.2,예,2016-09-13,2025-09-19,판정 안 함
KODEX 코스닥150,만기→말일,9,아래,무손절,최근 5년,5,20.41,4.08,80.0,2.676,27.2,52.8,5.63,-2.1,1,11.22,-2.1,-4.56,4.83,0,0,7.4,아니오,2021-09-17,2025-09-19,판정 안 함
KODEX 코스닥150,만기→말일,12,위,-5.0,전체,11,28.33,2.58,90.91,0.667,60.0,30.91,3.33,-5.0,1,7.13,-5.0,-5.0,3.12,0,1,7.0,예,2015-12-18,2025-12-19,후보
KODEX 코스닥150,만기→말일,12,위,-5.0,앞 절반,5,19.19,3.84,100.0,,,,3.84,,0,7.13,0.73,-4.43,2.61,0,0,6.6,아니오,2015-12-18,2019-12-20,판정 안 함
KODEX 코스닥150,만기→말일,12,위,-5.0,뒤 절반,6,9.14,1.52,83.33,0.566,63.87,19.46,2.83,-5.0,1,3.84,-5.0,-5.0,3.33,0,1,7.33,아니오,2020-12-18,2025-12-19,판정 안 함
KODEX 코스닥150,만기→말일,12,위,-5.0,최근 10년,10,24.32,2.43,90.0,0.652,60.55,29.45,3.26,-5.0,1,7.13,-5.0,-5.0,3.25,0,1,7.0,예,2016-12-16,2025-12-19,판정 안 함
KODEX 코스닥150,만기→말일,12,위,-5.0,최근 5년,5,5.83,1.17,80.0,0.542,64.86,15.14,2.71,-5.0,1,3.84,-5.0,-5.0,3.59,0,1,7.4,아니오,2021-12-17,2025-12-19,판정 안 함
KODEX 코스닥150,만기→말일,12,위,무손절,전체,11,29.01,2.64,90.91,0.772,56.43,34.48,3.33,-4.32,1,7.13,-4.32,-5.21,2.96,0,0,7.0,예,2015-12-18,2025-12-19,후보
KODEX 코스닥150,만기→말일,12,위,무손절,앞 절반,5,19.19,3.84,100.0,,,,3.84,,0,7.13,0.73,-4.43,2.61,0,0,6.6,아니오,2015-12-18,2019-12-20,판정 안 함
KODEX 코스닥150,만기→말일,12,위,무손절,뒤 절반,6,9.82,1.64,83.33,0.655,60.42,22.91,2.83,-4.32,1,3.84,-4.32,-5.21,3.07,0,0,7.33,아니오,2020-12-18,2025-12-19,판정 안 함
KODEX 코스닥150,만기→말일,12,위,무손절,최근 10년,10,25.0,2.5,90.0,0.754,57.0,33.0,3.26,-4.32,1,7.13,-4.32,-5.21,3.08,0,0,7.0,예,2016-12-16,2025-12-19,판정 안 함
KODEX 코스닥150,만기→말일,12,위,무손절,최근 5년,5,6.52,1.3,80.0,0.627,61.45,18.55,2.71,-4.32,1,3.84,-4.32,-5.21,3.3,0,0,7.4,아니오,2021-12-17,2025-12-19,판정 안 함
KODEX 코스닥150,만기→말일,12,아래,-5.0,전체,11,-28.23,-2.57,9.09,1.327,42.98,-33.89,4.32,-3.25,10,4.32,-5.0,-5.0,2.75,0,3,6.73,예,2015-12-18,2025-12-19,제외
KODEX 코스닥150,만기→말일,12,아래,-5.0,앞 절반,5,-16.59,-3.32,0.0,0.0,100.0,-100.0,,-3.32,5,-0.73,-5.0,-5.0,1.94,0,2,6.4,아니오,2015-12-18,2019-12-20,판정 안 함
KODEX 코스닥150,만기→말일,12,아래,-5.0,뒤 절반,6,-11.64,-1.94,16.67,1.353,42.5,-25.83,4.32,-3.19,5,4.32,-5.0,-5.0,3.33,0,1,7.0,아니오,2020-12-18,2025-12-19,판정 안 함
KODEX 코스닥150,만기→말일,12,아래,-5.0,최근 10년,10,-24.21,-2.42,10.0,1.362,42.34,-32.34,4.32,-3.17,9,4.32,-5.0,-5.0,2.85,0,3,6.7,예,2016-12-16,2025-12-19,판정 안 함
KODEX 코스닥150,만기→말일,12,아래,-5.0,최근 5년,5,-8.33,-1.67,20.0,1.365,42.28,-22.28,4.32,-3.16,4,4.32,-5.0,-5.0,3.64,0,1,7.0,아니오,2021-12-17,2025-12-19,판정 안 함
KODEX 코스닥150,만기→말일,12,아래,무손절,전체,11,-29.01,-2.64,9.09,1.295,43.57,-34.48,4.32,-3.33,10,4.32,-7.13,-7.13,2.96,0,0,7.0,예,2015-12-18,2025-12-19,제외
KODEX 코스닥150,만기→말일,12,아래,무손절,앞 절반,5,-19.19,-3.84,0.0,0.0,100.0,-100.0,,-3.84,5,-0.73,-7.13,-7.13,2.61,0,0,6.6,아니오,2015-12-18,2019-12-20,판정 안 함
KODEX 코스닥150,만기→말일,12,아래,무손절,뒤 절반,6,-9.82,-1.64,16.67,1.527,39.58,-22.91,4.32,-2.83,5,4.32,-3.84,-5.65,3.07,0,0,7.33,아니오,2020-12-18,2025-12-19,판정 안 함
KODEX 코스닥150,만기→말일,12,아래,무손절,최근 10년,10,-25.0,-2.5,10.0,1.325,43.0,-33.0,4.32,-3.26,9,4.32,-7.13,-7.13,3.08,0,0,7.0,예,2016-12-16,2025-12-19,판정 안 함
KODEX 코스닥150,만기→말일,12,아래,무손절,최근 5년,5,-6.52,-1.3,20.0,1.594,38.55,-18.55,4.32,-2.71,4,4.32,-3.84,-5.65,3.3,0,0,7.4,아니오,2021-12-17,2025-12-19,판정 안 함
KODEX 코스닥150,20일→다음주금,9,위,-5.0,전체,10,-26.13,-2.61,20.0,0.471,67.98,-47.98,1.74,-3.7,8,3.45,-5.61,-5.61,3.09,1,4,4.6,예,2016-09-20,2025-09-19,제외
KODEX 코스닥150,20일→다음주금,9,위,-5.0,앞 절반,5,-10.75,-2.15,20.0,0.013,98.71,-78.71,0.04,-2.7,4,0.04,-5.0,-5.0,2.62,0,2,4.6,아니오,2016-09-20,2020-09-18,판정 안 함
KODEX 코스닥150,20일→다음주금,9,위,-5.0,뒤 절반,5,-15.38,-3.08,20.0,0.733,57.69,-37.69,3.45,-4.71,4,3.45,-5.61,-5.61,3.76,1,2,4.6,아니오,2021-09-17,2025-09-19,판정 안 함
KODEX 코스닥150,20일→다음주금,9,위,-5.0,최근 10년,10,-26.13,-2.61,20.0,0.471,67.98,-47.98,1.74,-3.7,8,3.45,-5.61,-5.61,3.09,1,4,4.6,예,2016-09-20,2025-09-19,판정 안 함
KODEX 코스닥150,20일→다음주금,9,위,-5.0,최근 5년,5,-15.38,-3.08,20.0,0.733,57.69,-37.69,3.45,-4.71,4,3.45,-5.61,-5.61,3.76,1,2,4.6,아니오,2021-09-17,2025-09-19,판정 안 함
KODEX 코스닥150,20일→다음주금,9,위,무손절,전체,10,-36.24,-3.62,20.0,0.351,74.01,-54.01,1.74,-4.97,8,3.45,-10.33,-11.08,4.45,0,0,5.8,예,2016-09-20,2025-09-19,제외
KODEX 코스닥150,20일→다음주금,9,위,무손절,앞 절반,5,-16.03,-3.21,20.0,0.009,99.13,-79.13,0.04,-4.02,4,0.04,-10.33,-11.02,4.48,0,0,5.6,아니오,2016-09-20,2020-09-18,판정 안 함
KODEX 코스닥150,20일→다음주금,9,위,무손절,뒤 절반,5,-20.21,-4.04,20.0,0.584,63.15,-43.15,3.45,-5.92,4,3.45,-10.05,-11.08,4.91,0,0,6.0,아니오,2021-09-17,2025-09-19,판정 안 함
KODEX 코스닥150,20일→다음주금,9,위,무손절,최근 10년,10,-36.24,-3.62,20.0,0.351,74.01,-54.01,1.74,-4.97,8,3.45,-10.33,-11.08,4.45,0,0,5.8,예,2016-09-20,2025-09-19,판정 안 함
KODEX 코스닥150,20일→다음주금,9,위,무손절,최근 5년,5,-20.21,-4.04,20.0,0.584,63.15,-43.15,3.45,-5.92,4,3.45,-10.05,-11.08,4.91,0,0,6.0,아니오,2021-09-17,2025-09-19,판정 안 함
KODEX 코스닥150,20일→다음주금,9,아래,-5.0,전체,10,36.24,3.62,80.0,2.847,25.99,54.01,4.97,-1.74,2,10.33,-3.45,-4.56,4.45,0,0,5.8,예,2016-09-20,2025-09-19,후보
KODEX 코스닥150,20일→다음주금,9,아래,-5.0,앞 절반,5,16.03,3.21,80.0,113.587,0.87,79.13,4.02,-0.04,1,10.33,-0.04,-2.51,4.48,0,0,5.6,아니오,2016-09-20,2020-09-18,판정 안 함
KODEX 코스닥150,20일→다음주금,9,아래,-5.0,뒤 절반,5,20.21,4.04,80.0,1.714,36.85,43.15,5.92,-3.45,1,10.05,-3.45,-4.56,4.91,0,0,6.0,아니오,2021-09-17,2025-09-19,판정 안 함
KODEX 코스닥150,20일→다음주금,9,아래,-5.0,최근 10년,10,36.24,3.62,80.0,2.847,25.99,54.01,4.97,-1.74,2,10.33,-3.45,-4.56,4.45,0,0,5.8,예,2016-09-20,2025-09-19,판정 안 함
KODEX 코스닥150,20일→다음주금,9,아래,-5.0,최근 5년,5,20.21,4.04,80.0,1.714,36.85,43.15,5.92,-3.45,1,10.05,-3.45,-4.56,4.91,0,0,6.0,아니오,2021-09-17,2025-09-19,판정 안 함
KODEX 코스닥150,20일→다음주금,9,아래,무손절,전체,10,36.24,3.62,80.0,2.847,25.99,54.01,4.97,-1.74,2,10.33,-3.45,-4.56,4.45,0,0,5.8,예,2016-09-20,2025-09-19,후보
KODEX 코스닥150,20일→다음주금,9,아래,무손절,앞 절반,5,16.03,3.21,80.0,113.587,0.87,79.13,4.02,-0.04,1,10.33,-0.04,-2.51,4.48,0,0,5.6,아니오,2016-09-20,2020-09-18,판정 안 함
KODEX 코스닥150,20일→다음주금,9,아래,무손절,뒤 절반,5,20.21,4.04,80.0,1.714,36.85,43.15,5.92,-3.45,1,10.05,-3.45,-4.56,4.91,0,0,6.0,아니오,2021-09-17,2025-09-19,판정 안 함
KODEX 코스닥150,20일→다음주금,9,아래,무손절,최근 10년,10,36.24,3.62,80.0,2.847,25.99,54.01,4.97,-1.74,2,10.33,-3.45,-4.56,4.45,0,0,5.8,예,2016-09-20,2025-09-19,판정 안 함
KODEX 코스닥150,20일→다음주금,9,아래,무손절,최근 5년,5,20.21,4.04,80.0,1.714,36.85,43.15,5.92,-3.45,1,10.05,-3.45,-4.56,4.91,0,0,6.0,아니오,2021-09-17,2025-09-19,판정 안 함
KODEX 코스닥150,20일→다음주금,12,위,-5.0,전체,11,17.89,1.63,72.73,1.463,40.6,32.13,3.01,-2.06,3,9.82,-2.74,-3.44,3.53,0,0,5.18,예,2015-12-18,2025-12-19,후보
KODEX 코스닥150,20일→다음주금,12,위,-5.0,앞 절반,5,15.98,3.2,80.0,1.709,36.91,43.09,4.68,-2.74,1,9.82,-2.74,-2.74,4.51,0,0,5.0,아니오,2015-12-18,2019-12-20,판정 안 함
KODEX 코스닥150,20일→다음주금,12,위,-5.0,뒤 절반,6,1.91,0.32,66.67,0.779,56.21,10.46,1.34,-1.71,2,3.57,-2.53,-3.44,2.03,0,0,5.33,아니오,2020-12-18,2025-12-19,판정 안 함
KODEX 코스닥150,20일→다음주금,12,위,-5.0,최근 10년,10,20.63,2.06,80.0,1.754,36.31,43.69,3.01,-1.71,2,9.82,-2.53,-3.44,3.39,0,0,5.3,예,2016-12-20,2025-12-19,판정 안 함
KODEX 코스닥150,20일→다음주금,12,위,-5.0,최근 5년,5,2.82,0.56,80.0,0.529,65.42,14.58,1.34,-2.53,1,3.57,-2.53,-3.44,2.17,0,0,5.6,아니오,2021-12-20,2025-12-19,판정 안 함
KODEX 코스닥150,20일→다음주금,12,위,무손절,전체,11,17.89,1.63,72.73,1.463,40.6,32.13,3.01,-2.06,3,9.82,-2.74,-3.44,3.53,0,0,5.18,예,2015-12-18,2025-12-19,후보
KODEX 코스닥150,20일→다음주금,12,위,무손절,앞 절반,5,15.98,3.2,80.0,1.709,36.91,43.09,4.68,-2.74,1,9.82,-2.74,-2.74,4.51,0,0,5.0,아니오,2015-12-18,2019-12-20,판정 안 함
KODEX 코스닥150,20일→다음주금,12,위,무손절,뒤 절반,6,1.91,0.32,66.67,0.779,56.21,10.46,1.34,-1.71,2,3.57,-2.53,-3.44,2.03,0,0,5.33,아니오,2020-12-18,2025-12-19,판정 안 함
KODEX 코스닥150,20일→다음주금,12,위,무손절,최근 10년,10,20.63,2.06,80.0,1.754,36.31,43.69,3.01,-1.71,2,9.82,-2.53,-3.44,3.39,0,0,5.3,예,2016-12-20,2025-12-19,판정 안 함
KODEX 코스닥150,20일→다음주금,12,위,무손절,최근 5년,5,2.82,0.56,80.0,0.529,65.42,14.58,1.34,-2.53,1,3.57,-2.53,-3.44,2.17,0,0,5.6,아니오,2021-12-20,2025-12-19,판정 안 함
KODEX 코스닥150,20일→다음주금,12,아래,-5.0,전체,11,-17.79,-1.62,27.27,0.687,59.29,-32.02,2.06,-2.99,8,2.74,-5.14,-5.14,2.97,1,2,4.73,예,2015-12-18,2025-12-19,제외
KODEX 코스닥150,20일→다음주금,12,아래,-5.0,앞 절반,5,-14.45,-2.89,20.0,0.637,61.07,-41.07,2.74,-4.3,4,2.74,-5.14,-5.14,3.25,1,1,4.4,아니오,2015-12-18,2019-12-20,판정 안 함
KODEX 코스닥150,20일→다음주금,12,아래,-5.0,뒤 절반,6,-3.34,-0.56,33.33,1.013,49.67,-16.34,1.71,-1.69,4,2.53,-5.0,-5.0,2.51,0,1,5.0,아니오,2020-12-18,2025-12-19,판정 안 함
KODEX 코스닥150,20일→다음주금,12,아래,-5.0,최근 10년,10,-20.52,-2.05,20.0,0.573,63.58,-43.58,1.71,-2.99,8,2.53,-5.14,-5.14,2.74,1,2,4.8,예,2016-12-20,2025-12-19,판정 안 함
KODEX 코스닥150,20일→다음주금,12,아래,-5.0,최근 5년,5,-4.24,-0.85,20.0,1.494,40.1,-20.1,2.53,-1.69,4,2.53,-5.0,-5.0,2.69,0,1,5.2,아니오,2021-12-20,2025-12-19,판정 안 함
KODEX 코스닥150,20일→다음주금,12,아래,무손절,전체,11,-17.89,-1.63,27.27,0.684,59.4,-32.13,2.06,-3.01,8,2.74,-9.82,-9.82,3.53,0,0,5.18,예,2015-12-18,2025-12-19,제외
KODEX 코스닥150,20일→다음주금,12,아래,무손절,앞 절반,5,-15.98,-3.2,20.0,0.585,63.09,-43.09,2.74,-4.68,4,2.74,-9.82,-9.82,4.51,0,0,5.0,아니오,2015-12-18,2019-12-20,판정 안 함
KODEX 코스닥150,20일→다음주금,12,아래,무손절,뒤 절반,6,-1.91,-0.32,33.33,1.284,43.79,-10.46,1.71,-1.34,4,2.53,-3.57,-6.05,2.03,0,0,5.33,아니오,2020-12-18,2025-12-19,판정 안 함
KODEX 코스닥150,20일→다음주금,12,아래,무손절,최근 10년,10,-20.63,-2.06,20.0,0.57,63.69,-43.69,1.71,-3.01,8,2.53,-9.82,-9.82,3.39,0,0,5.3,예,2016-12-20,2025-12-19,판정 안 함
KODEX 코스닥150,20일→다음주금,12,아래,무손절,최근 5년,5,-2.82,-0.56,20.0,1.892,34.58,-14.58,2.53,-1.34,4,2.53,-3.57,-6.05,2.17,0,0,5.6,아니오,2021-12-20,2025-12-19,판정 안 함
KODEX 코스닥150,20일→말일,9,위,-5.0,전체,10,-26.71,-2.67,20.0,0.297,77.13,-57.13,1.07,-3.61,8,2.1,-5.61,-5.61,2.81,1,4,4.9,예,2016-09-20,2025-09-19,제외
KODEX 코스닥150,20일→말일,9,위,-5.0,앞 절반,5,-10.75,-2.15,20.0,0.013,98.71,-78.71,0.04,-2.7,4,0.04,-5.0,-5.0,2.62,0,2,4.6,아니오,2016-09-20,2020-09-18,판정 안 함
KODEX 코스닥150,20일→말일,9,위,-5.0,뒤 절반,5,-15.96,-3.19,20.0,0.466,68.22,-48.22,2.1,-4.52,4,2.1,-5.61,-5.61,3.2,1,2,5.2,아니오,2021-09-17,2025-09-19,판정 안 함
KODEX 코스닥150,20일→말일,9,위,-5.0,최근 10년,10,-26.71,-2.67,20.0,0.297,77.13,-57.13,1.07,-3.61,8,2.1,-5.61,-5.61,2.81,1,4,4.9,예,2016-09-20,2025-09-19,판정 안 함
KODEX 코스닥150,20일→말일,9,위,-5.0,최근 5년,5,-15.96,-3.19,20.0,0.466,68.22,-48.22,2.1,-4.52,4,2.1,-5.61,-5.61,3.2,1,2,5.2,아니오,2021-09-17,2025-09-19,판정 안 함
KODEX 코스닥150,20일→말일,9,위,무손절,전체,10,-29.73,-2.97,20.0,0.268,78.84,-58.84,1.07,-3.98,8,2.1,-10.05,-11.08,3.52,0,0,6.3,예,2016-09-20,2025-09-19,제외
KODEX 코스닥150,20일→말일,9,위,무손절,앞 절반,5,-11.14,-2.23,20.0,0.013,98.75,-78.75,0.04,-2.79,4,0.04,-5.26,-11.02,2.73,0,0,6.2,아니오,2016-09-20,2020-09-18,판정 안 함
KODEX 코스닥150,20일→말일,9,위,무손절,뒤 절반,5,-18.59,-3.72,20.0,0.407,71.1,-51.1,2.1,-5.17,4,2.1,-10.05,-11.08,4.37,0,0,6.4,아니오,2021-09-17,2025-09-19,판정 안 함
KODEX 코스닥150,20일→말일,9,위,무손절,최근 10년,10,-29.73,-2.97,20.0,0.268,78.84,-58.84,1.07,-3.98,8,2.1,-10.05,-11.08,3.52,0,0,6.3,예,2016-09-20,2025-09-19,판정 안 함
KODEX 코스닥150,20일→말일,9,위,무손절,최근 5년,5,-18.59,-3.72,20.0,0.407,71.1,-51.1,2.1,-5.17,4,2.1,-10.05,-11.08,4.37,0,0,6.4,아니오,2021-09-17,2025-09-19,판정 안 함
KODEX 코스닥150,20일→말일,9,아래,-5.0,전체,10,29.73,2.97,80.0,3.725,21.16,58.84,3.98,-1.07,2,10.05,-2.1,-4.56,3.52,0,0,6.3,예,2016-09-20,2025-09-19,후보
KODEX 코스닥150,20일→말일,9,아래,-5.0,앞 절반,5,11.14,2.23,80.0,79.022,1.25,78.75,2.79,-0.04,1,5.26,-0.04,-2.51,2.73,0,0,6.2,아니오,2016-09-20,2020-09-18,판정 안 함
KODEX 코스닥150,20일→말일,9,아래,-5.0,뒤 절반,5,18.59,3.72,80.0,2.46,28.9,51.1,5.17,-2.1,1,10.05,-2.1,-4.56,4.37,0,0,6.4,아니오,2021-09-17,2025-09-19,판정 안 함
KODEX 코스닥150,20일→말일,9,아래,-5.0,최근 10년,10,29.73,2.97,80.0,3.725,21.16,58.84,3.98,-1.07,2,10.05,-2.1,-4.56,3.52,0,0,6.3,예,2016-09-20,2025-09-19,판정 안 함
KODEX 코스닥150,20일→말일,9,아래,-5.0,최근 5년,5,18.59,3.72,80.0,2.46,28.9,51.1,5.17,-2.1,1,10.05,-2.1,-4.56,4.37,0,0,6.4,아니오,2021-09-17,2025-09-19,판정 안 함
KODEX 코스닥150,20일→말일,9,아래,무손절,전체,10,29.73,2.97,80.0,3.725,21.16,58.84,3.98,-1.07,2,10.05,-2.1,-4.56,3.52,0,0,6.3,예,2016-09-20,2025-09-19,후보
KODEX 코스닥150,20일→말일,9,아래,무손절,앞 절반,5,11.14,2.23,80.0,79.022,1.25,78.75,2.79,-0.04,1,5.26,-0.04,-2.51,2.73,0,0,6.2,아니오,2016-09-20,2020-09-18,판정 안 함
KODEX 코스닥150,20일→말일,9,아래,무손절,뒤 절반,5,18.59,3.72,80.0,2.46,28.9,51.1,5.17,-2.1,1,10.05,-2.1,-4.56,4.37,0,0,6.4,아니오,2021-09-17,2025-09-19,판정 안 함
KODEX 코스닥150,20일→말일,9,아래,무손절,최근 10년,10,29.73,2.97,80.0,3.725,21.16,58.84,3.98,-1.07,2,10.05,-2.1,-4.56,3.52,0,0,6.3,예,2016-09-20,2025-09-19,판정 안 함
KODEX 코스닥150,20일→말일,9,아래,무손절,최근 5년,5,18.59,3.72,80.0,2.46,28.9,51.1,5.17,-2.1,1,10.05,-2.1,-4.56,4.37,0,0,6.4,아니오,2021-09-17,2025-09-19,판정 안 함
KODEX 코스닥150,20일→말일,12,위,-5.0,전체,11,32.86,2.99,90.91,1.4,41.67,49.24,3.54,-2.53,1,9.82,-2.53,-3.44,3.11,0,0,6.09,예,2015-12-18,2025-12-19,후보
KODEX 코스닥150,20일→말일,12,위,-5.0,앞 절반,5,24.4,4.88,100.0,,,,4.88,,0,9.82,1.86,-3.16,3.05,0,0,5.8,아니오,2015-12-18,2019-12-20,판정 안 함
KODEX 코스닥150,20일→말일,12,위,-5.0,뒤 절반,6,8.46,1.41,83.33,0.869,53.5,29.83,2.2,-2.53,1,3.57,-2.53,-3.44,2.32,0,0,6.33,아니오,2020-12-18,2025-12-19,판정 안 함
KODEX 코스닥150,20일→말일,12,위,-5.0,최근 10년,10,28.85,2.88,90.0,1.379,42.03,47.97,3.49,-2.53,1,9.82,-2.53,-3.44,3.26,0,0,6.0,예,2016-12-20,2025-12-19,판정 안 함
KODEX 코스닥150,20일→말일,12,위,-5.0,최근 5년,5,5.15,1.03,80.0,0.759,56.85,23.15,1.92,-2.53,1,3.57,-2.53,-3.44,2.38,0,0,6.2,아니오,2021-12-20,2025-12-19,판정 안 함
KODEX 코스닥150,20일→말일,12,위,무손절,전체,11,32.86,2.99,90.91,1.4,41.67,49.24,3.54,-2.53,1,9.82,-2.53,-3.44,3.11,0,0,6.09,예,2015-12-18,2025-12-19,후보
KODEX 코스닥150,20일→말일,12,위,무손절,앞 절반,5,24.4,4.88,100.0,,,,4.88,,0,9.82,1.86,-3.16,3.05,0,0,5.8,아니오,2015-12-18,2019-12-20,판정 안 함
KODEX 코스닥150,20일→말일,12,위,무손절,뒤 절반,6,8.46,1.41,83.33,0.869,53.5,29.83,2.2,-2.53,1,3.57,-2.53,-3.44,2.32,0,0,6.33,아니오,2020-12-18,2025-12-19,판정 안 함
KODEX 코스닥150,20일→말일,12,위,무손절,최근 10년,10,28.85,2.88,90.0,1.379,42.03,47.97,3.49,-2.53,1,9.82,-2.53,-3.44,3.26,0,0,6.0,예,2016-12-20,2025-12-19,판정 안 함
KODEX 코스닥150,20일→말일,12,위,무손절,최근 5년,5,5.15,1.03,80.0,0.759,56.85,23.15,1.92,-2.53,1,3.57,-2.53,-3.44,2.38,0,0,6.2,아니오,2021-12-20,2025-12-19,판정 안 함
KODEX 코스닥150,20일→말일,12,아래,-5.0,전체,11,-32.28,-2.93,9.09,0.726,57.93,-48.84,2.53,-3.48,10,2.53,-5.14,-5.14,2.44,1,3,5.64,예,2015-12-18,2025-12-19,제외
KODEX 코스닥150,20일→말일,12,아래,-5.0,앞 절반,5,-22.4,-4.48,0.0,0.0,100.0,-100.0,,-4.48,5,-3.25,-5.14,-5.14,0.82,1,2,5.2,아니오,2015-12-18,2019-12-20,판정 안 함
KODEX 코스닥150,20일→말일,12,아래,-5.0,뒤 절반,6,-9.88,-1.65,16.67,1.018,49.54,-32.87,2.53,-2.48,5,2.53,-5.0,-5.0,2.64,0,1,6.0,아니오,2020-12-18,2025-12-19,판정 안 함
KODEX 코스닥150,20일→말일,12,아래,-5.0,최근 10년,10,-28.27,-2.83,10.0,0.739,57.51,-47.51,2.53,-3.42,9,2.53,-5.14,-5.14,2.54,1,3,5.5,예,2016-12-20,2025-12-19,판정 안 함
KODEX 코스닥150,20일→말일,12,아래,-5.0,최근 5년,5,-6.57,-1.31,20.0,1.111,47.37,-27.37,2.53,-2.28,4,2.53,-5.0,-5.0,2.8,0,1,5.8,아니오,2021-12-20,2025-12-19,판정 안 함
KODEX 코스닥150,20일→말일,12,아래,무손절,전체,11,-32.86,-2.99,9.09,0.714,58.33,-49.24,2.53,-3.54,10,2.53,-9.82,-9.82,3.11,0,0,6.09,예,2015-12-18,2025-12-19,제외
KODEX 코스닥150,20일→말일,12,아래,무손절,앞 절반,5,-24.4,-4.88,0.0,0.0,100.0,-100.0,,-4.88,5,-1.86,-9.82,-9.82,3.05,0,0,5.8,아니오,2015-12-18,2019-12-20,판정 안 함
KODEX 코스닥150,20일→말일,12,아래,무손절,뒤 절반,6,-8.46,-1.41,16.67,1.151,46.5,-29.83,2.53,-2.2,5,2.53,-3.57,-6.05,2.32,0,0,6.33,아니오,2020-12-18,2025-12-19,판정 안 함
KODEX 코스닥150,20일→말일,12,아래,무손절,최근 10년,10,-28.85,-2.88,10.0,0.725,57.97,-47.97,2.53,-3.49,9,2.53,-9.82,-9.82,3.26,0,0,6.0,예,2016-12-20,2025-12-19,판정 안 함
KODEX 코스닥150,20일→말일,12,아래,무손절,최근 5년,5,-5.15,-1.03,20.0,1.317,43.15,-23.15,2.53,-1.92,4,2.53,-3.57,-6.05,2.38,0,0,6.2,아니오,2021-12-20,2025-12-19,판정 안 함
코스닥150 지수,만기→다음주금,9,위,손절불가,전체,16,-30.06,-1.88,25.0,0.756,56.94,-31.94,2.53,-3.35,12,3.82,-10.11,-10.13,3.62,0,0,4.44,예,2010-09-17,2025-09-19,판정 안 함
코스닥150 지수,만기→다음주금,9,위,손절불가,앞 절반,8,-4.72,-0.59,37.5,0.981,50.47,-12.97,2.25,-2.29,5,3.82,-4.53,-4.53,2.79,0,0,4.62,아니오,2010-09-17,2017-09-15,판정 안 함
코스닥150 지수,만기→다음주금,9,위,손절불가,뒤 절반,8,-25.34,-3.17,12.5,0.823,54.85,-42.35,3.38,-4.1,7,3.38,-10.11,-10.13,4.06,0,0,4.25,아니오,2018-09-21,2025-09-19,판정 안 함
코스닥150 지수,만기→다음주금,9,위,손절불가,최근 10년,10,-23.33,-2.33,20.0,0.943,51.47,-31.47,3.6,-3.82,8,3.82,-10.11,-10.13,4.2,0,0,4.4,예,2016-09-13,2025-09-19,판정 안 함
코스닥150 지수,만기→다음주금,9,위,손절불가,최근 5년,5,-9.73,-1.95,20.0,1.031,49.23,-29.23,3.38,-3.28,4,3.38,-5.67,-5.67,3.51,0,0,4.4,아니오,2021-09-17,2025-09-19,판정 안 함
코스닥150 지수,만기→다음주금,9,아래,손절불가,전체,16,30.06,1.88,75.0,1.322,43.06,31.94,3.35,-2.53,4,10.11,-3.82,-4.53,3.62,0,0,4.44,예,2010-09-17,2025-09-19,판정 안 함
코스닥150 지수,만기→다음주금,9,아래,손절불가,앞 절반,8,4.72,0.59,62.5,1.019,49.53,12.97,2.29,-2.25,3,4.53,-3.82,-3.82,2.79,0,0,4.62,아니오,2010-09-17,2017-09-15,판정 안 함
코스닥150 지수,만기→다음주금,9,아래,손절불가,뒤 절반,8,25.34,3.17,87.5,1.215,45.15,42.35,4.1,-3.38,1,10.11,-3.38,-4.53,4.06,0,0,4.25,아니오,2018-09-21,2025-09-19,판정 안 함
코스닥150 지수,만기→다음주금,9,아래,손절불가,최근 10년,10,23.33,2.33,80.0,1.06,48.53,31.47,3.82,-3.6,2,10.11,-3.82,-4.53,4.2,0,0,4.4,예,2016-09-13,2025-09-19,판정 안 함
코스닥150 지수,만기→다음주금,9,아래,손절불가,최근 5년,5,9.73,1.95,80.0,0.97,50.77,29.23,3.28,-3.38,1,5.67,-3.38,-4.53,3.51,0,0,4.4,아니오,2021-09-17,2025-09-19,판정 안 함
코스닥150 지수,만기→다음주금,12,위,손절불가,전체,16,0.2,0.01,50.0,1.015,49.63,0.37,1.69,-1.67,8,4.26,-3.11,-5.74,2.11,0,0,4.44,예,2010-12-17,2025-12-19,판정 안 함
코스닥150 지수,만기→다음주금,12,위,손절불가,앞 절반,8,-2.66,-0.33,25.0,2.106,32.2,-7.2,3.13,-1.49,6,4.26,-2.53,-5.74,2.36,0,0,4.5,아니오,2010-12-17,2017-12-15,판정 안 함
코스닥150 지수,만기→다음주금,12,위,손절불가,뒤 절반,8,2.86,0.36,75.0,0.549,64.56,10.44,1.21,-2.21,2,3.39,-3.11,-3.11,1.93,0,0,4.38,아니오,2018-12-21,2025-12-19,판정 안 함
코스닥150 지수,만기→다음주금,12,위,손절불가,최근 10년,10,1.11,0.11,60.0,0.786,55.98,4.02,1.21,-1.54,4,3.39,-3.11,-4.55,1.8,0,0,4.5,예,2016-12-16,2025-12-19,판정 안 함
코스닥150 지수,만기→다음주금,12,위,손절불가,최근 5년,5,0.42,0.08,80.0,0.283,77.92,2.08,0.88,-3.11,1,1.69,-3.11,-3.11,1.85,0,0,4.6,아니오,2021-12-17,2025-12-19,판정 안 함
코스닥150 지수,만기→다음주금,12,아래,손절불가,전체,16,-0.2,-0.01,50.0,0.985,50.37,-0.37,1.67,-1.69,8,3.11,-4.26,-4.26,2.11,0,0,4.44,예,2010-12-17,2025-12-19,판정 안 함
코스닥150 지수,만기→다음주금,12,아래,손절불가,앞 절반,8,2.66,0.33,75.0,0.475,67.8,7.2,1.49,-3.13,2,2.53,-4.26,-4.26,2.36,0,0,4.5,아니오,2010-12-17,2017-12-15,판정 안 함
코스닥150 지수,만기→다음주금,12,아래,손절불가,뒤 절반,8,-2.86,-0.36,25.0,1.822,35.44,-10.44,2.21,-1.21,6,3.11,-3.39,-3.59,1.93,0,0,4.38,아니오,2018-12-21,2025-12-19,판정 안 함
코스닥150 지수,만기→다음주금,12,아래,손절불가,최근 10년,10,-1.11,-0.11,40.0,1.271,44.02,-4.02,1.54,-1.21,6,3.11,-3.39,-3.59,1.8,0,0,4.5,예,2016-12-16,2025-12-19,판정 안 함
코스닥150 지수,만기→다음주금,12,아래,손절불가,최근 5년,5,-0.42,-0.08,20.0,3.528,22.08,-2.08,3.11,-0.88,4,3.11,-1.69,-3.59,1.85,0,0,4.6,아니오,2021-12-17,2025-12-19,판정 안 함
코스닥150 지수,만기→말일,9,위,손절불가,전체,16,-36.41,-2.28,25.0,0.568,63.78,-38.78,2.13,-3.74,12,2.84,-11.51,-12.47,3.73,0,0,7.0,예,2010-09-17,2025-09-19,판정 안 함
코스닥150 지수,만기→말일,9,위,손절불가,앞 절반,8,-3.06,-0.38,37.5,1.142,46.69,-9.19,2.22,-1.95,5,2.84,-3.82,-12.47,2.39,0,0,7.5,아니오,2010-09-17,2017-09-15,판정 안 함
코스닥150 지수,만기→말일,9,위,손절불가,뒤 절반,8,-33.34,-4.17,12.5,0.366,73.21,-60.71,1.84,-5.03,7,1.84,-11.51,-11.51,3.98,0,0,6.5,아니오,2018-09-21,2025-09-19,판정 안 함
코스닥150 지수,만기→말일,9,위,손절불가,최근 10년,10,-32.39,-3.24,20.0,0.384,72.25,-52.25,1.72,-4.48,8,1.84,-11.51,-11.51,4.06,0,0,7.2,예,2016-09-13,2025-09-19,판정 안 함
코스닥150 지수,만기→말일,9,위,손절불가,최근 5년,5,-21.81,-4.36,20.0,0.311,76.27,-56.27,1.84,-5.91,4,1.84,-11.51,-11.51,4.84,0,0,7.4,아니오,2021-09-17,2025-09-19,판정 안 함
코스닥150 지수,만기→말일,9,아래,손절불가,전체,16,36.41,2.28,75.0,1.761,36.22,38.78,3.74,-2.13,4,11.51,-2.84,-4.53,3.73,0,0,7.0,예,2010-09-17,2025-09-19,판정 안 함
코스닥150 지수,만기→말일,9,아래,손절불가,앞 절반,8,3.06,0.38,62.5,0.876,53.31,9.19,1.95,-2.22,3,3.82,-2.84,-3.82,2.39,0,0,7.5,아니오,2010-09-17,2017-09-15,판정 안 함
코스닥150 지수,만기→말일,9,아래,손절불가,뒤 절반,8,33.34,4.17,87.5,2.732,26.79,60.71,5.03,-1.84,1,11.51,-1.84,-4.53,3.98,0,0,6.5,아니오,2018-09-21,2025-09-19,판정 안 함
코스닥150 지수,만기→말일,9,아래,손절불가,최근 10년,10,32.39,3.24,80.0,2.603,27.75,52.25,4.48,-1.72,2,11.51,-1.84,-4.53,4.06,0,0,7.2,예,2016-09-13,2025-09-19,판정 안 함
코스닥150 지수,만기→말일,9,아래,손절불가,최근 5년,5,21.81,4.36,80.0,3.214,23.73,56.27,5.91,-1.84,1,11.51,-1.84,-4.53,4.84,0,0,7.4,아니오,2021-09-17,2025-09-19,판정 안 함
코스닥150 지수,만기→말일,12,위,손절불가,전체,16,31.44,1.96,87.5,0.712,58.41,29.09,2.81,-3.95,2,6.87,-5.21,-5.74,2.92,0,0,6.88,예,2010-12-17,2025-12-19,판정 안 함
코스닥150 지수,만기→말일,12,위,손절불가,앞 절반,8,17.92,2.24,87.5,1.099,47.64,39.86,2.94,-2.68,1,6.87,-2.68,-5.74,2.86,0,0,7.12,아니오,2010-12-17,2017-12-15,판정 안 함
코스닥150 지수,만기→말일,12,위,손절불가,뒤 절반,8,13.52,1.69,87.5,0.513,66.09,21.41,2.68,-5.21,1,5.04,-5.21,-5.21,3.16,0,0,6.62,아니오,2018-12-21,2025-12-19,판정 안 함
코스닥150 지수,만기→말일,12,위,손절불가,최근 10년,10,21.8,2.18,90.0,0.576,63.47,26.53,3.0,-5.21,1,6.87,-5.21,-5.21,3.24,0,0,7.0,예,2016-12-16,2025-12-19,판정 안 함
코스닥150 지수,만기→말일,12,위,손절불가,최근 5년,5,5.42,1.08,80.0,0.51,66.24,13.76,2.66,-5.21,1,3.45,-5.21,-5.21,3.67,0,0,7.4,아니오,2021-12-17,2025-12-19,판정 안 함
코스닥150 지수,만기→말일,12,아래,손절불가,전체,16,-31.44,-1.96,12.5,1.405,41.59,-29.09,3.95,-2.81,14,5.21,-6.87,-6.87,2.92,0,0,6.88,예,2010-12-17,2025-12-19,판정 안 함
코스닥150 지수,만기→말일,12,아래,손절불가,앞 절반,8,-17.92,-2.24,12.5,0.91,52.36,-39.86,2.68,-2.94,7,2.68,-6.87,-6.87,2.86,0,0,7.12,아니오,2010-12-17,2017-12-15,판정 안 함
코스닥150 지수,만기→말일,12,아래,손절불가,뒤 절반,8,-13.52,-1.69,12.5,1.949,33.91,-21.41,5.21,-2.68,7,5.21,-5.04,-5.04,3.16,0,0,6.62,아니오,2018-12-21,2025-12-19,판정 안 함
코스닥150 지수,만기→말일,12,아래,손절불가,최근 10년,10,-21.8,-2.18,10.0,1.737,36.53,-26.53,5.21,-3.0,9,5.21,-6.87,-6.87,3.24,0,0,7.0,예,2016-12-16,2025-12-19,판정 안 함
코스닥150 지수,만기→말일,12,아래,손절불가,최근 5년,5,-5.42,-1.08,20.0,1.962,33.76,-13.76,5.21,-2.66,4,5.21,-3.45,-4.42,3.67,0,0,7.4,아니오,2021-12-17,2025-12-19,판정 안 함
코스닥150 지수,20일→다음주금,9,위,손절불가,전체,16,-38.81,-2.43,25.0,0.587,63.02,-38.02,2.36,-4.02,12,3.39,-10.42,-12.76,4.17,0,0,5.81,예,2010-09-20,2025-09-19,판정 안 함
코스닥150 지수,20일→다음주금,9,위,손절불가,앞 절반,8,-2.63,-0.33,25.0,2.082,32.44,-7.44,2.98,-1.43,6,3.39,-2.99,-12.76,2.3,0,0,6.25,아니오,2010-09-20,2017-09-20,판정 안 함
코스닥150 지수,20일→다음주금,9,위,손절불가,뒤 절반,8,-36.18,-4.52,25.0,0.263,79.16,-54.16,1.74,-6.61,6,3.38,-10.42,-10.42,4.68,0,0,5.38,아니오,2018-09-20,2025-09-19,판정 안 함
코스닥150 지수,20일→다음주금,9,위,손절불가,최근 10년,10,-37.45,-3.75,20.0,0.34,74.62,-54.62,1.74,-5.12,8,3.38,-10.42,-10.42,4.45,0,0,5.8,예,2016-09-20,2025-09-19,판정 안 함
코스닥150 지수,20일→다음주금,9,위,손절불가,최근 5년,5,-21.18,-4.24,20.0,0.55,64.51,-44.51,3.38,-6.14,4,3.38,-10.42,-10.42,5.0,0,0,6.0,아니오,2021-09-17,2025-09-19,판정 안 함
코스닥150 지수,20일→다음주금,9,아래,손절불가,전체,16,38.81,2.43,75.0,1.704,36.98,38.02,4.02,-2.36,4,10.42,-3.39,-4.53,4.17,0,0,5.81,예,2010-09-20,2025-09-19,판정 안 함
코스닥150 지수,20일→다음주금,9,아래,손절불가,앞 절반,8,2.63,0.33,75.0,0.48,67.56,7.44,1.43,-2.98,2,2.99,-3.39,-3.39,2.3,0,0,6.25,아니오,2010-09-20,2017-09-20,판정 안 함
코스닥150 지수,20일→다음주금,9,아래,손절불가,뒤 절반,8,36.18,4.52,75.0,3.799,20.84,54.16,6.61,-1.74,2,10.42,-3.38,-4.53,4.68,0,0,5.38,아니오,2018-09-20,2025-09-19,판정 안 함
코스닥150 지수,20일→다음주금,9,아래,손절불가,최근 10년,10,37.45,3.75,80.0,2.94,25.38,54.62,5.12,-1.74,2,10.42,-3.38,-4.53,4.45,0,0,5.8,예,2016-09-20,2025-09-19,판정 안 함
코스닥150 지수,20일→다음주금,9,아래,손절불가,최근 5년,5,21.18,4.24,80.0,1.818,35.49,44.51,6.14,-3.38,1,10.42,-3.38,-4.53,5.0,0,0,6.0,아니오,2021-09-17,2025-09-19,판정 안 함
코스닥150 지수,20일→다음주금,12,위,손절불가,전체,16,25.74,1.61,68.75,2.036,32.93,35.82,3.01,-1.48,5,9.94,-3.09,-3.09,3.11,0,0,5.31,예,2010-12-20,2025-12-19,판정 안 함
코스닥150 지수,20일→다음주금,12,위,손절불가,앞 절반,8,20.47,2.56,75.0,2.72,26.88,48.12,3.89,-1.43,2,9.94,-2.38,-2.38,3.67,0,0,5.5,아니오,2010-12-20,2017-12-20,판정 안 함
코스닥150 지수,20일→다음주금,12,위,손절불가,뒤 절반,8,5.27,0.66,62.5,1.297,43.53,18.97,1.96,-1.51,3,3.78,-3.09,-3.09,2.28,0,0,5.12,아니오,2018-12-20,2025-12-19,판정 안 함
코스닥150 지수,20일→다음주금,12,위,손절불가,최근 10년,10,18.34,1.83,70.0,2.161,31.64,38.36,3.27,-1.51,3,9.94,-3.09,-3.09,3.57,0,0,5.3,예,2016-12-20,2025-12-19,판정 안 함
코스닥150 지수,20일→다음주금,12,위,손절불가,최근 5년,5,1.73,0.35,60.0,1.024,49.42,10.58,1.65,-1.61,2,3.78,-3.09,-3.09,2.45,0,0,5.6,아니오,2021-12-20,2025-12-19,판정 안 함
코스닥150 지수,20일→다음주금,12,아래,손절불가,전체,16,-25.74,-1.61,31.25,0.491,67.07,-35.82,1.48,-3.01,11,3.09,-9.94,-9.94,3.11,0,0,5.31,예,2010-12-20,2025-12-19,판정 안 함
코스닥150 지수,20일→다음주금,12,아래,손절불가,앞 절반,8,-20.47,-2.56,25.0,0.368,73.12,-48.12,1.43,-3.89,6,2.38,-9.94,-9.94,3.67,0,0,5.5,아니오,2010-12-20,2017-12-20,판정 안 함
코스닥150 지수,20일→다음주금,12,아래,손절불가,뒤 절반,8,-5.27,-0.66,37.5,0.771,56.47,-18.97,1.51,-1.96,5,3.09,-3.78,-4.82,2.28,0,0,5.12,아니오,2018-12-20,2025-12-19,판정 안 함
코스닥150 지수,20일→다음주금,12,아래,손절불가,최근 10년,10,-18.34,-1.83,30.0,0.463,68.36,-38.36,1.51,-3.27,7,3.09,-9.94,-9.94,3.57,0,0,5.3,예,2016-12-20,2025-12-19,판정 안 함
코스닥150 지수,20일→다음주금,12,아래,손절불가,최근 5년,5,-1.73,-0.35,40.0,0.977,50.58,-10.58,1.61,-1.65,3,3.09,-3.78,-4.82,2.45,0,0,5.6,아니오,2021-12-20,2025-12-19,판정 안 함
코스닥150 지수,20일→말일,9,위,손절불가,전체,16,-35.69,-2.23,25.0,0.495,66.9,-41.9,1.76,-3.56,12,2.89,-10.42,-12.76,3.44,0,0,6.31,예,2010-09-20,2025-09-19,판정 안 함
코스닥150 지수,20일→말일,9,위,손절불가,앞 절반,8,-4.87,-0.61,25.0,1.536,39.43,-14.43,2.55,-1.66,6,2.89,-3.82,-12.76,2.28,0,0,6.62,아니오,2010-09-20,2017-09-20,판정 안 함
코스닥150 지수,20일→말일,9,위,손절불가,뒤 절반,8,-30.82,-3.85,25.0,0.178,84.9,-59.9,0.97,-5.46,6,1.84,-10.42,-10.42,3.76,0,0,6.0,아니오,2018-09-20,2025-09-19,판정 안 함
코스닥150 지수,20일→말일,9,위,손절불가,최근 10년,10,-32.09,-3.21,20.0,0.228,81.41,-61.41,0.97,-4.25,8,1.84,-10.42,-10.42,3.59,0,0,6.3,예,2016-09-20,2025-09-19,판정 안 함
코스닥150 지수,20일→말일,9,위,손절불가,최근 5년,5,-19.9,-3.98,20.0,0.338,74.72,-54.72,1.84,-5.44,4,1.84,-10.42,-10.42,4.41,0,0,6.4,아니오,2021-09-17,2025-09-19,판정 안 함
코스닥150 지수,20일→말일,9,아래,손절불가,전체,16,35.69,2.23,75.0,2.021,33.1,41.9,3.56,-1.76,4,10.42,-2.89,-4.53,3.44,0,0,6.31,예,2010-09-20,2025-09-19,판정 안 함
코스닥150 지수,20일→말일,9,아래,손절불가,앞 절반,8,4.87,0.61,75.0,0.651,60.57,14.43,1.66,-2.55,2,3.82,-2.89,-2.89,2.28,0,0,6.62,아니오,2010-09-20,2017-09-20,판정 안 함
코스닥150 지수,20일→말일,9,아래,손절불가,뒤 절반,8,30.82,3.85,75.0,5.623,15.1,59.9,5.46,-0.97,2,10.42,-1.84,-4.53,3.76,0,0,6.0,아니오,2018-09-20,2025-09-19,판정 안 함
코스닥150 지수,20일→말일,9,아래,손절불가,최근 10년,10,32.09,3.21,80.0,4.38,18.59,61.41,4.25,-0.97,2,10.42,-1.84,-4.53,3.59,0,0,6.3,예,2016-09-20,2025-09-19,판정 안 함
코스닥150 지수,20일→말일,9,아래,손절불가,최근 5년,5,19.9,3.98,80.0,2.955,25.28,54.72,5.44,-1.84,1,10.42,-1.84,-4.53,4.41,0,0,6.4,아니오,2021-09-17,2025-09-19,판정 안 함
코스닥150 지수,20일→말일,12,위,손절불가,전체,16,42.8,2.67,87.5,2.038,32.92,54.58,3.29,-1.61,2,9.94,-3.09,-3.09,2.75,0,0,6.12,예,2010-12-20,2025-12-19,판정 안 함
코스닥150 지수,20일→말일,12,위,손절불가,앞 절반,8,29.25,3.66,100.0,,,,3.66,,0,9.94,1.13,-2.76,2.74,0,0,6.25,아니오,2010-12-20,2017-12-20,판정 안 함
코스닥150 지수,20일→말일,12,위,손절불가,뒤 절반,8,13.55,1.69,75.0,1.733,36.59,38.41,2.8,-1.61,2,5.04,-3.09,-3.09,2.54,0,0,6.0,아니오,2018-12-20,2025-12-19,판정 안 함
코스닥150 지수,20일→말일,12,위,손절불가,최근 10년,10,26.62,2.66,80.0,2.312,30.19,49.81,3.73,-1.61,2,9.94,-3.09,-3.09,3.43,0,0,6.0,예,2016-12-20,2025-12-19,판정 안 함
코스닥150 지수,20일→말일,12,위,손절불가,최근 5년,5,4.35,0.87,60.0,1.565,38.98,21.02,2.53,-1.61,2,3.78,-3.09,-3.09,2.71,0,0,6.2,아니오,2021-12-20,2025-12-19,판정 안 함
코스닥150 지수,20일→말일,12,아래,손절불가,전체,16,-42.8,-2.67,12.5,0.491,67.08,-54.58,1.61,-3.29,14,3.09,-9.94,-9.94,2.75,0,0,6.12,예,2010-12-20,2025-12-19,판정 안 함
코스닥150 지수,20일→말일,12,아래,손절불가,앞 절반,8,-29.25,-3.66,0.0,0.0,100.0,-100.0,,-3.66,8,-1.13,-9.94,-9.94,2.74,0,0,6.25,아니오,2010-12-20,2017-12-20,판정 안 함
코스닥150 지수,20일→말일,12,아래,손절불가,뒤 절반,8,-13.55,-1.69,25.0,0.577,63.41,-38.41,1.61,-2.8,6,3.09,-5.04,-5.04,2.54,0,0,6.0,아니오,2018-12-20,2025-12-19,판정 안 함
코스닥150 지수,20일→말일,12,아래,손절불가,최근 10년,10,-26.62,-2.66,20.0,0.432,69.81,-49.81,1.61,-3.73,8,3.09,-9.94,-9.94,3.43,0,0,6.0,예,2016-12-20,2025-12-19,판정 안 함
코스닥150 지수,20일→말일,12,아래,손절불가,최근 5년,5,-4.35,-0.87,40.0,0.639,61.02,-21.02,1.61,-2.53,3,3.09,-3.78,-4.82,2.71,0,0,6.2,아니오,2021-12-20,2025-12-19,판정 안 함
