Date,Value
2010-07-18,295959.0
2010-07-19,279285.0
2010-07-20,259000.0
2010-07-21,275266.0
2010-07-22,203750.0
2010-07-23,211736.0
2010-07-24,191100.0
2010-07-25,177670.0
2010-07-26,197543.0
2010-07-27,207279.0
2010-07-28,208769.0
2010-07-29,248341.0
2010-07-30,230303.0
2010-07-31,241277.0
2010-08-01,218982.0
2010-08-02,215766.0
2010-08-03,216491.0
2010-08-04,206374.0
2010-08-05,221460.0
2010-08-06,224351.0
2010-08-07,215105.0
2010-08-08,222623.0
2010-08-09,258020.0
2010-08-10,254792.0
2010-08-11,246979.0
2010-08-12,258797.0
2010-08-13,239156.0
2010-08-14,249354.0
2010-08-15,243036.0
2010-08-16,244944.0
2010-08-17,262224.0
2010-08-18,255184.0
2010-08-19,250755.0
2010-08-20,246876.0
2010-08-21,250843.0
2010-08-22,249762.0
2010-08-23,246593.0
2010-08-24,247634.0
2010-08-25,247572.0
2010-08-26,245475.0
2010-08-27,249574.0
2010-08-28,248587.0
2010-08-29,246797.0
2010-08-30,251021.0
2010-08-31,232371.0
2010-09-01,240700.0
2010-09-02,246531.0
2010-09-03,237114.0
2010-09-04,242853.0
2010-09-05,241298.0
2010-09-06,241589.0
2010-09-07,240664.0
2010-09-08,240227.0
2010-09-09,241092.0
2010-09-10,241224.0
2010-09-11,252050.0
2010-09-12,244192.0
2010-09-13,247424.0
2010-09-14,247297.0
2010-09-15,241464.0
2010-09-16,248139.0
2010-09-17,241148.0
2010-09-18,245888.0
2010-09-19,253396.0
2010-09-20,251608.0
2010-09-21,254368.0
2010-09-22,251788.0
2010-09-23,253621.0
2010-09-24,254519.0
2010-09-25,254425.0
2010-09-26,254978.0
2010-09-27,256515.0
2010-09-28,255948.0
2010-09-29,256481.0
2010-09-30,256891.0
2010-10-01,257673.0
2010-10-02,255596.0
2010-10-03,254573.0
2010-10-04,255999.0
2010-10-05,256827.0
2010-10-06,263262.0
2010-10-07,281360.0
2010-10-08,355303.0
2010-10-09,395367.0
2010-10-10,410336.0
2010-10-11,402026.0
2010-10-12,402338.0
2010-10-13,445511.0
2010-10-14,434382.0
2010-10-15,448088.0
2010-10-16,432320.0
2010-10-17,437978.0
2010-10-18,440970.0
2010-10-19,421311.0
2010-10-20,428903.0
2010-10-21,464557.0
2010-10-22,445808.0
2010-10-23,455667.0
2010-10-24,502404.0
2010-10-25,609131.0
2010-10-26,662973.0
2010-10-27,826105.0
2010-10-28,763743.0
2010-10-29,840427.0
2010-10-30,876581.0
2010-10-31,855634.0
2010-11-01,866356.0
2010-11-02,864832.0
2010-11-03,863543.0
2010-11-04,1027623.0
2010-11-05,1164192.0
2010-11-06,1805984.0
2010-11-07,1535423.0
2010-11-08,1101553.0
2010-11-09,986538.0
2010-11-10,1044612.0
2010-11-11,1017704.0
2010-11-12,1225701.0
2010-11-13,1264425.0
2010-11-14,1281924.0
2010-11-15,1236024.0
2010-11-16,1038128.0
2010-11-17,1119272.0
2010-11-18,1248186.0
2010-11-19,1293102.0
2010-11-20,1316703.0
2010-11-21,1289489.0
2010-11-22,1330252.0
2010-11-23,1322664.0
2010-11-24,1324961.0
2010-11-25,1313886.0
2010-11-26,1337291.0
2010-11-27,1333255.0
2010-11-28,1280745.0
2010-11-29,1090592.0
2010-11-30,986930.0
2010-12-01,1080557.0
2010-12-02,1213570.0
2010-12-03,1197193.0
2010-12-04,979903.0
2010-12-05,972047.0
2010-12-06,980016.0
2010-12-07,1124141.0
2010-12-08,1152891.0
2010-12-09,967760.0
2010-12-10,988655.0
2010-12-11,1106963.0
2010-12-12,1069291.0
2010-12-13,1108597.0
2010-12-14,1203662.0
2010-12-15,1173372.0
2010-12-16,1224229.0
2010-12-17,1190469.0
2010-12-18,1184286.0
2010-12-19,1182072.0
2010-12-20,1316630.0
2010-12-21,1192935.0
2010-12-22,1237212.0
2010-12-23,1238877.0
2010-12-24,1230948.0
2010-12-25,1242478.0
2010-12-26,1319286.0
2010-12-27,1320604.0
2010-12-28,1403848.0
2010-12-29,1501245.0
2010-12-30,1503780.0
2010-12-31,1506210.0
2011-01-01,1508925.0
2011-01-02,1511399.0
2011-01-03,1488658.0
2011-01-04,1510699.0
2011-01-05,1512830.0
2011-01-06,1510294.0
2011-01-07,1624416.0
2011-01-08,1641882.0
2011-01-09,1645023.0
2011-01-10,1665952.0
2011-01-11,1668761.0
2011-01-12,1631616.0
2011-01-13,1628462.0
2011-01-14,2054529.0
2011-01-15,1985700.0
2011-01-16,1993129.0
2011-01-17,1804136.0
2011-01-18,1617877.0
2011-01-19,1620521.0
2011-01-20,2022872.0
2011-01-21,2181663.0
2011-01-22,2289857.0
2011-01-23,2305922.0
2011-01-24,2192592.0
2011-01-25,2144095.0
2011-01-26,2174423.0
2011-01-27,2209826.0
2011-01-28,2335497.0
2011-01-29,2310216.0
2011-01-30,2514658.0
2011-01-31,2772066.0
2011-02-01,3740571.0
2011-02-02,3841069.0
2011-02-03,3679639.0
2011-02-04,4308260.0
2011-02-05,4851460.0
2011-02-06,4786654.0
2011-02-07,4749955.0
2011-02-08,4910290.0
2011-02-09,5444505.0
2011-02-10,5258581.0
2011-02-11,5667837.0
2011-02-12,5810867.0
2011-02-13,5666640.0
2011-02-14,5785130.0
2011-02-15,5688742.0
2011-02-16,5601496.0
2011-02-17,5658222.0
2011-02-18,4900748.0
2011-02-19,5154063.0
2011-02-20,4731161.0
2011-02-21,4579269.0
2011-02-22,4814784.0
2011-02-23,4951755.0
2011-02-24,5452190.0
2011-02-25,5052126.0
2011-02-26,5304781.0
2011-02-27,4967031.0
2011-02-28,4780291.0
2011-03-01,5124569.0
2011-03-02,5237076.0
2011-03-03,5241203.0
2011-03-04,5039222.0
2011-03-05,5089491.0
2011-03-06,4972280.0
2011-03-07,4941148.0
2011-03-08,4884427.0
2011-03-09,4857065.0
2011-03-10,5204779.0
2011-03-11,4980580.0
2011-03-12,5201031.0
2011-03-13,5062739.0
2011-03-14,5075884.0
2011-03-15,4957638.0
2011-03-16,4843905.0
2011-03-17,4702954.0
2011-03-18,4574095.0
2011-03-19,4367691.0
2011-03-20,4238599.0
2011-03-21,4344079.0
2011-03-22,4635993.0
2011-03-23,4875169.0
2011-03-24,5011834.0
2011-03-25,5084947.0
2011-03-26,4926465.0
2011-03-27,4741090.0
2011-03-28,4590540.0
2011-03-29,4584115.0
2011-03-30,4574058.0
2011-03-31,4552425.0
2011-04-01,4498315.0
2011-04-02,4551143.0
2011-04-03,4540557.0
2011-04-04,3969568.0
2011-04-05,4184865.0
2011-04-06,4332478.0
2011-04-07,4418813.0
2011-04-08,4402704.0
2011-04-09,4314918.0
2011-04-10,4315948.0
2011-04-11,4539783.0
2011-04-12,5084822.0
2011-04-13,5500796.0
2011-04-14,5912687.0
2011-04-15,5830821.0
2011-04-16,6213074.0
2011-04-17,6528610.0
2011-04-18,6842174.0
2011-04-19,7063982.0
2011-04-20,6815694.0
2011-04-21,7213729.0
2011-04-22,8404137.0
2011-04-23,10959032.0
2011-04-24,9792558.0
2011-04-25,9402547.0
2011-04-26,10660019.0
2011-04-27,11474058.0
2011-04-28,13799268.0
2011-04-29,17237894.0
2011-04-30,21197925.0
2011-05-01,18768037.0
2011-05-02,19441120.0
2011-05-03,20449668.0
2011-05-04,20775862.0
2011-05-05,20416689.0
2011-05-06,21134179.0
2011-05-07,22312021.0
2011-05-08,23625051.0
2011-05-09,23396863.0
2011-05-10,34812008.0
2011-05-11,33558640.0
2011-05-12,39134347.0
2011-05-13,50363941.0
2011-05-14,43445262.0
2011-05-15,43011054.0
2011-05-16,49072385.0
2011-05-17,45257711.0
2011-05-18,42274167.0
2011-05-19,43126787.0
2011-05-20,35226587.0
2011-05-21,38219850.0
2011-05-22,42243709.0
2011-05-23,44568346.0
2011-05-24,46807393.0
2011-05-25,54315585.0
2011-05-26,55794790.0
2011-05-27,54255487.0
2011-05-28,53179000.0
2011-05-29,53583801.0
2011-05-30,56064881.0
2011-05-31,55761399.0
2011-06-01,61620083.0
2011-06-02,68630380.0
2011-06-03,91614694.0
2011-06-04,117818667.0
2011-06-05,106606953.0
2011-06-06,118799348.0
2011-06-07,150215456.0
2011-06-08,187925195.0
2011-06-09,186695161.0
2011-06-10,156218885.0
2011-06-11,95996513.0
2011-06-12,122902943.0
2011-06-13,127637791.0
2011-06-14,126016844.0
2011-06-15,127639035.0
2011-06-16,117735848.0
2011-06-17,101508790.0
2011-06-18,111138039.0
2011-06-19,115517323.0
2011-06-20,115722198.0
2011-06-21,115943709.0
2011-06-22,116171348.0
2011-06-23,116381477.0
2011-06-24,116570593.0
2011-06-25,116695794.0
2011-06-26,109157965.0
2011-06-27,111907782.0
2011-06-28,113443299.0
2011-06-29,112870830.0
2011-06-30,108543228.0
2011-07-01,103546929.0
2011-07-02,103425014.0
2011-07-03,104054820.0
2011-07-04,93369928.0
2011-07-05,87474921.0
2011-07-06,99397627.0
2011-07-07,100051871.0
2011-07-08,96800910.0
2011-07-09,97466306.0
2011-07-10,99202739.0
2011-07-11,97193145.0
2011-07-12,95329931.0
2011-07-13,95124648.0
2011-07-14,95405995.0
2011-07-15,94212047.0
2011-07-16,93682958.0
2011-07-17,90687634.0
2011-07-18,93350669.0
2011-07-19,94779337.0
2011-07-20,93877118.0
2011-07-21,93524013.0
2011-07-22,94223403.0
2011-07-23,94207524.0
2011-07-24,96463700.0
2011-07-25,96861509.0
2011-07-26,95911081.0
2011-07-27,96033152.0
2011-07-28,93462322.0
2011-07-29,93716697.0
2011-07-30,94013554.0
2011-07-31,92968443.0
2011-08-01,90616287.0
2011-08-02,85107631.0
2011-08-03,64779768.0
2011-08-04,75188385.0
2011-08-05,68006478.0
2011-08-06,48716805.0
2011-08-07,59526581.0
2011-08-08,54493065.0
2011-08-09,68771886.0
2011-08-10,70593469.0
2011-08-11,66353931.0
2011-08-12,66518350.0
2011-08-13,70460847.0
2011-08-14,76186465.0
2011-08-15,78541534.0
2011-08-16,77643397.0
2011-08-17,77520160.0
2011-08-18,76852460.0
2011-08-19,82675965.0
2011-08-20,81270125.0
2011-08-21,80614547.0
2011-08-22,77628458.0
2011-08-23,77687116.0
2011-08-24,77426913.0
2011-08-25,68058397.0
2011-08-26,58000204.0
2011-08-27,61403923.0
2011-08-28,64558955.0
2011-08-29,64122457.0
2011-08-30,63104782.0
2011-08-31,58793248.0
2011-09-01,59098263.0
2011-09-02,61944072.0
2011-09-03,60771175.0
2011-09-04,59055554.0
2011-09-05,54751316.0
2011-09-06,49392237.0
2011-09-07,51723808.0
2011-09-08,48266212.0
2011-09-09,36080080.0
2011-09-10,34346747.0
2011-09-11,42422141.0
2011-09-12,44185690.0
2011-09-13,42136763.0
2011-09-14,40688297.0
2011-09-15,35422168.0
2011-09-16,35184673.0
2011-09-17,34809683.0
2011-09-18,38214792.0
2011-09-19,40319727.0
2011-09-20,44937042.0
2011-09-21,40959900.0
2011-09-22,40107470.0
2011-09-23,40791840.0
2011-09-24,40053269.0
2011-09-25,39233186.0
2011-09-26,35833100.0
2011-09-27,36140228.0
2011-09-28,35088032.0
2011-09-29,35222828.0
2011-09-30,37952686.0
2011-10-01,37179883.0
2011-10-02,37010705.0
2011-10-03,37163778.0
2011-10-04,36702915.0
2011-10-05,36207141.0
2011-10-06,35089320.0
2011-10-07,31749993.0
2011-10-08,29584890.0
2011-10-09,30579871.0
2011-10-10,30332187.0
2011-10-11,29859271.0
2011-10-12,31055951.0
2011-10-13,30112044.0
2011-10-14,29761573.0
2011-10-15,28675280.0
2011-10-16,26995995.0
2011-10-17,19319470.0
2011-10-18,18144170.0
2011-10-19,16623202.0
2011-10-20,17677877.0
2011-10-21,19298823.0
2011-10-22,23710007.0
2011-10-23,23668884.0
2011-10-24,18986733.0
2011-10-25,21104370.0
2011-10-26,20936696.0
2011-10-27,22971359.0
2011-10-28,24000554.0
2011-10-29,26961118.0
2011-10-30,24624018.0
2011-10-31,24703570.0
2011-11-01,24015469.0
2011-11-02,24682712.0
2011-11-03,24039284.0
2011-11-04,23696517.0
2011-11-05,22637518.0
2011-11-06,22544082.0
2011-11-07,22982790.0
2011-11-08,23301128.0
2011-11-09,22280239.0
2011-11-10,21820633.0
2011-11-11,23451809.0
2011-11-12,23149789.0
2011-11-13,22871737.0
2011-11-14,17050571.0
2011-11-15,17822208.0
2011-11-16,19561442.0
2011-11-17,17521233.0
2011-11-18,16197325.0
2011-11-19,16967939.0
2011-11-20,16972385.0
2011-11-21,17586190.0
2011-11-22,17930890.0
2011-11-23,18007226.0
2011-11-24,18859851.0
2011-11-25,19319662.0
2011-11-26,19145945.0
2011-11-27,19204721.0
2011-11-28,19714434.0
2011-11-29,21412701.0
2011-11-30,23054448.0
2011-12-01,23988403.0
2011-12-02,24149654.0
2011-12-03,21861106.0
2011-12-04,22003764.0
2011-12-05,22456471.0
2011-12-06,23658470.0
2011-12-07,23367378.0
2011-12-08,23441832.0
2011-12-09,23180798.0
2011-12-10,24090535.0
2011-12-11,25530480.0
2011-12-12,25064090.0
2011-12-13,25508176.0
2011-12-14,24855456.0
2011-12-15,25251943.0
2011-12-16,25318172.0
2011-12-17,25211183.0
2011-12-18,25245781.0
2011-12-19,27896100.0
2011-12-20,31299262.0
2011-12-21,30824938.0
2011-12-22,30965320.0
2011-12-23,31270199.0
2011-12-24,31310306.0
2011-12-25,33687397.0
2011-12-26,31855006.0
2011-12-27,32652545.0
2011-12-28,33576325.0
2011-12-29,33334234.0
2011-12-30,34461372.0
2011-12-31,37724115.0
2012-01-01,42410102.0
2012-01-02,41728807.0
2012-01-03,39086807.0
2012-01-04,44868023.0
2012-01-05,55266967.0
2012-01-06,53791008.0
2012-01-07,54762306.0
2012-01-08,57240874.0
2012-01-09,50774287.0
2012-01-10,52757582.0
2012-01-11,55724776.0
2012-01-12,54842501.0
2012-01-13,52303301.0
2012-01-14,54844707.0
2012-01-15,57206917.0
2012-01-16,54576065.0
2012-01-17,45550685.0
2012-01-18,48033783.0
2012-01-19,51463532.0
2012-01-20,53024540.0
2012-01-21,50457845.0
2012-01-22,51499962.0
2012-01-23,52141697.0
2012-01-24,51364104.0
2012-01-25,47608611.0
2012-01-26,44013926.0
2012-01-27,43525738.0
2012-01-28,46494058.0
2012-01-29,44334489.0
2012-01-30,45303240.0
2012-01-31,45630734.0
2012-02-01,50098137.0
2012-02-02,50347344.0
2012-02-03,49173047.0
2012-02-04,48755013.0
2012-02-05,46998279.0
2012-02-06,45420531.0
2012-02-07,46945235.0
2012-02-08,46625304.0
2012-02-09,48469810.0
2012-02-10,49359082.0
2012-02-11,46693735.0
2012-02-12,45963265.0
2012-02-13,44577950.0
2012-02-14,37401703.0
2012-02-15,36111566.0
2012-02-16,35554184.0
2012-02-17,36726393.0
2012-02-18,35747158.0
2012-02-19,36781985.0
2012-02-20,36607952.0
2012-02-21,36216292.0
2012-02-22,37125920.0
2012-02-23,42377990.0
2012-02-24,42298491.0
2012-02-25,40208119.0
2012-02-26,41541258.0
2012-02-27,41799433.0
2012-02-28,41034310.0
2012-02-29,41208790.0
2012-03-01,41663078.0
2012-03-02,39940404.0
2012-03-03,39232687.0
2012-03-04,41011627.0
2012-03-05,42305450.0
2012-03-06,42385879.0
2012-03-07,42094879.0
2012-03-08,42013160.0
2012-03-09,41520457.0
2012-03-10,41297298.0
2012-03-11,41761735.0
2012-03-12,41963075.0
2012-03-13,45252848.0
2012-03-14,46142190.0
2012-03-15,45748886.0
2012-03-16,45779060.0
2012-03-17,44935594.0
2012-03-18,45270792.0
2012-03-19,40223438.0
2012-03-20,41570213.0
2012-03-21,41491233.0
2012-03-22,40773909.0
2012-03-23,40476168.0
2012-03-24,40176834.0
2012-03-25,39351373.0
2012-03-26,40081806.0
2012-03-27,41664721.0
2012-03-28,41520950.0
2012-03-29,41584886.0
2012-03-30,42206466.0
2012-03-31,42494314.0
2012-04-01,41690143.0
2012-04-02,43369141.0
2012-04-03,43168743.0
2012-04-04,42868045.0
2012-04-05,42923044.0
2012-04-06,43203185.0
2012-04-07,41143762.0
2012-04-08,41783317.0
2012-04-09,42463382.0
2012-04-10,42401573.0
2012-04-11,43082862.0
2012-04-12,42990461.0
2012-04-13,43312448.0
2012-04-14,43539633.0
2012-04-15,43612171.0
2012-04-16,43554056.0
2012-04-17,43745772.0
2012-04-18,45149303.0
2012-04-19,45247106.0
2012-04-20,47366160.0
2012-04-21,46665734.0
2012-04-22,45934069.0
2012-04-23,45219556.0
2012-04-24,45050980.0
2012-04-25,45623354.0
2012-04-26,45207433.0
2012-04-27,45228244.0
2012-04-28,44155254.0
2012-04-29,43593927.0
2012-04-30,43989487.0
2012-05-01,44432602.0
2012-05-02,45061199.0
2012-05-03,45684868.0
2012-05-04,45428023.0
2012-05-05,45212377.0
2012-05-06,45174739.0
2012-05-07,45394610.0
2012-05-08,45043868.0
2012-05-09,45245675.0
2012-05-10,44255946.0
2012-05-11,44616755.0
2012-05-12,44494010.0
2012-05-13,44512997.0
2012-05-14,45147727.0
2012-05-15,45380485.0
2012-05-16,45899399.0
2012-05-17,45945854.0
2012-05-18,46241501.0
2012-05-19,46227590.0
2012-05-20,46096866.0
2012-05-21,46129143.0
2012-05-22,46112386.0
2012-05-23,46505622.0
2012-05-24,46449652.0
2012-05-25,46645139.0
2012-05-26,46379040.0
2012-05-27,46698257.0
2012-05-28,46750270.0
2012-05-29,46893251.0
2012-05-30,46833947.0
2012-05-31,47265054.0
2012-06-01,48083195.0
2012-06-02,47912390.0
2012-06-03,47669615.0
2012-06-04,48131592.0
2012-06-05,49702238.0
2012-06-06,49928522.0
2012-06-07,51259994.0
2012-06-08,51624040.0
2012-06-09,51069909.0
2012-06-10,50204381.0
2012-06-11,51431046.0
2012-06-12,52769040.0
2012-06-13,54488428.0
2012-06-14,55021069.0
2012-06-15,60253469.0
2012-06-16,59571992.0
2012-06-17,57365439.0
2012-06-18,58446564.0
2012-06-19,60198212.0
2012-06-20,62088645.0
2012-06-21,61936546.0
2012-06-22,60974657.0
2012-06-23,59947890.0
2012-06-24,59087157.0
2012-06-25,58828569.0
2012-06-26,59950984.0
2012-06-27,61708994.0
2012-06-28,61514894.0
2012-06-29,62204896.0
2012-06-30,62451244.0
2012-07-01,61997525.0
2012-07-02,63139793.0
2012-07-03,60443461.0
2012-07-04,61099971.0
2012-07-05,62344160.0
2012-07-06,62675402.0
2012-07-07,64010301.0
2012-07-08,63949885.0
2012-07-09,66228574.0
2012-07-10,67659123.0
2012-07-11,67769166.0
2012-07-12,71323047.0
2012-07-13,72093054.0
2012-07-14,71674216.0
2012-07-15,72173016.0
2012-07-16,80432893.0
2012-07-17,82956915.0
2012-07-18,86280546.0
2012-07-19,84294655.0
2012-07-20,81062890.0
2012-07-21,84386003.0
2012-07-22,80942836.0
2012-07-23,81237522.0
2012-07-24,81719570.0
2012-07-25,83645894.0
2012-07-26,84735954.0
2012-07-27,84964924.0
2012-07-28,84565301.0
2012-07-29,83730526.0
2012-07-30,87070988.0
2012-07-31,89360785.0
2012-08-01,91793106.0
2012-08-02,101310979.0
2012-08-03,104902444.0
2012-08-04,105024618.0
2012-08-05,103997527.0
2012-08-06,104692771.0
2012-08-07,105474372.0
2012-08-08,106810903.0
2012-08-09,107226894.0
2012-08-10,110636632.0
2012-08-11,111651409.0
2012-08-12,112227384.0
2012-08-13,116122187.0
2012-08-14,118176335.0
2012-08-15,127818104.0
2012-08-16,130646052.0
2012-08-17,117385958.0
2012-08-18,112618349.0
2012-08-19,76242380.0
2012-08-20,97255296.0
2012-08-21,96591607.0
2012-08-22,95395672.0
2012-08-23,98564569.0
2012-08-24,103580497.0
2012-08-25,103552175.0
2012-08-26,103273332.0
2012-08-27,106827431.0
2012-08-28,107229255.0
2012-08-29,106681319.0
2012-08-30,105389298.0
2012-08-31,99316690.0
2012-09-01,98454678.0
2012-09-02,100699021.0
2012-09-03,103450204.0
2012-09-04,102217456.0
2012-09-05,108841095.0
2012-09-06,110271635.0
2012-09-07,109528340.0
2012-09-08,109283538.0
2012-09-09,109557777.0
2012-09-10,110267076.0
2012-09-11,111764157.0
2012-09-12,112319941.0
2012-09-13,113039261.0
2012-09-14,116608882.0
2012-09-15,116576804.0
2012-09-16,118348941.0
2012-09-17,118662093.0
2012-09-18,122265375.0
2012-09-19,124798944.0
2012-09-20,123518908.0
2012-09-21,123288354.0
2012-09-22,122185398.0
2012-09-23,121798669.0
2012-09-24,121371981.0
2012-09-25,122146157.0
2012-09-26,123610143.0
2012-09-27,123698619.0
2012-09-28,124426094.0
2012-09-29,124764385.0
2012-09-30,124730850.0
2012-10-01,124789581.0
2012-10-02,129091709.0
2012-10-03,130671581.0
2012-10-04,129817358.0
2012-10-05,128792188.0
2012-10-06,126393598.0
2012-10-07,120088738.0
2012-10-08,118770513.0
2012-10-09,119819511.0
2012-10-10,122751328.0
2012-10-11,122412521.0
2012-10-12,122101611.0
2012-10-13,121161895.0
2012-10-14,118429756.0
2012-10-15,121150258.0
2012-10-16,120628700.0
2012-10-17,121439971.0
2012-10-18,121600270.0
2012-10-19,119962098.0
2012-10-20,119410587.0
2012-10-21,119126970.0
2012-10-22,120074125.0
2012-10-23,119809711.0
2012-10-24,119152522.0
2012-10-25,110209543.0
2012-10-26,103908143.0
2012-10-27,107359452.0
2012-10-28,110032972.0
2012-10-29,109303025.0
2012-10-30,111730923.0
2012-10-31,114761516.0
2012-11-01,109351152.0
2012-11-02,108570966.0
2012-11-03,109888443.0
2012-11-04,111480946.0
2012-11-05,110988015.0
2012-11-06,112377596.0
2012-11-07,113351810.0
2012-11-08,112800328.0
2012-11-09,112086886.0
2012-11-10,112656247.0
2012-11-11,112513803.0
2012-11-12,114553210.0
2012-11-13,114283986.0
2012-11-14,113956557.0
2012-11-15,116280258.0
2012-11-16,121879247.0
2012-11-17,122430036.0
2012-11-18,121635668.0
2012-11-19,122606668.0
2012-11-20,122156769.0
2012-11-21,122558788.0
2012-11-22,128528695.0
2012-11-23,128506332.0
2012-11-24,129990952.0
2012-11-25,131302249.0
2012-11-26,127781881.0
2012-11-27,127606001.0
2012-11-28,129501418.0
2012-11-29,131296558.0
2012-11-30,132265405.0
2012-12-01,132383637.0
2012-12-02,131435448.0
2012-12-03,133154233.0
2012-12-04,140688725.0
2012-12-05,140131206.0
2012-12-06,141916008.0
2012-12-07,141952711.0
2012-12-08,142238400.0
2012-12-09,140663415.0
2012-12-10,142247713.0
2012-12-11,143595185.0
2012-12-12,144196441.0
2012-12-13,145159719.0
2012-12-14,143567118.0
2012-12-15,142867734.0
2012-12-16,140813211.0
2012-12-17,140722763.0
2012-12-18,140256729.0
2012-12-19,143121219.0
2012-12-20,143490008.0
2012-12-21,142040745.0
2012-12-22,142073551.0
2012-12-23,140959696.0
2012-12-24,142152977.0
2012-12-25,141547569.0
2012-12-26,142543319.0
2012-12-27,142008695.0
2012-12-28,142661207.0
2012-12-29,141845219.0
2012-12-30,142654150.0
2012-12-31,143774389.0
2013-01-01,141555034.0
2013-01-02,141066804.0
2013-01-03,142220115.0
2013-01-04,142990315.0
2013-01-05,143119456.0
2013-01-06,143647868.0
2013-01-07,144253304.0
2013-01-08,146685837.0
2013-01-09,147162973.0
2013-01-10,150432833.0
2013-01-11,151586978.0
2013-01-12,151488250.0
2013-01-13,150965188.0
2013-01-14,152697071.0
2013-01-15,152694164.0
2013-01-16,156947303.0
2013-01-17,166496176.0
2013-01-18,167794593.0
2013-01-19,166491554.0
2013-01-20,167946784.0
2013-01-21,179342362.0
2013-01-22,184953009.0
2013-01-23,187533597.0
2013-01-24,180805535.0
2013-01-25,186279515.0
2013-01-26,187914933.0
2013-01-27,191311674.0
2013-01-28,201336191.0
2013-01-29,209131188.0
2013-01-30,211593617.0
2013-01-31,219992291.0
2013-02-01,219332193.0
2013-02-02,210747025.0
2013-02-03,220964098.0
2013-02-04,219561294.0
2013-02-05,221998394.0
2013-02-06,227977548.0
2013-02-07,237835975.0
2013-02-08,245122315.0
2013-02-09,255388554.0
2013-02-10,257275617.0
2013-02-11,263799245.0
2013-02-12,269081467.0
2013-02-13,265544956.0
2013-02-14,294105249.0
2013-02-15,293028956.0
2013-02-16,295044317.0
2013-02-17,290651131.0
2013-02-18,290776966.0
2013-02-19,317724201.0
2013-02-20,322255644.0
2013-02-21,322368058.0
2013-02-22,329574421.0
2013-02-23,322491377.0
2013-02-24,323434465.0
2013-02-25,328667440.0
2013-02-26,337497493.0
2013-02-27,338566011.0
2013-02-28,361844584.0
2013-03-01,375321808.0
2013-03-02,370426924.0
2013-03-03,373909556.0
2013-03-04,394959476.0
2013-03-05,441752606.0
2013-03-06,470289960.0
2013-03-07,455925257.0
2013-03-08,477355001.0
2013-03-09,510016057.0
2013-03-10,501279796.0
2013-03-11,525515936.0
2013-03-12,483629745.0
2013-03-13,512155116.0
2013-03-14,511377879.0
2013-03-15,511328420.0
2013-03-16,514309259.0
2013-03-17,516481367.0
2013-03-18,560719990.0
2013-03-19,649756842.0
2013-03-20,695837672.0
2013-03-21,775218245.0
2013-03-22,763905915.0
2013-03-23,704506766.0
2013-03-24,784805097.0
2013-03-25,813794255.0
2013-03-26,861180390.0
2013-03-27,973622416.0
2013-03-28,961105317.0
2013-03-29,990247183.0
2013-03-30,1011419721.0
2013-03-31,1030569007.0
2013-04-01,1137334459.0
2013-04-02,1281698828.0
2013-04-03,1443802754.0
2013-04-04,1462142594.0
2013-04-05,1568446691.0
2013-04-06,1574041676.0
2013-04-07,1792203246.0
2013-04-08,2051533382.0
2013-04-09,2540595997.0
2013-04-10,1776045794.0
2013-04-11,913752860.0
2013-04-12,1229190267.0
2013-04-13,1076690514.0
2013-04-14,980538999.0
2013-04-15,892740542.0
2013-04-16,754050005.0
2013-04-17,1025893607.0
2013-04-18,1200445303.0
2013-04-19,1315605195.0
2013-04-20,1417754798.0
2013-04-21,1310734487.0
2013-04-22,1397849285.0
2013-04-23,1573439238.0
2013-04-24,1706978240.0
2013-04-25,1562233499.0
2013-04-26,1520730335.0
2013-04-27,1421641367.0
2013-04-28,1493159121.0
2013-04-29,1595678942.0
2013-04-30,1544261148.0
2013-05-01,1289236475.0
2013-05-02,1181083038.0
2013-05-03,1070079113.0
2013-05-04,1250294771.0
2013-05-05,1295132004.0
2013-05-06,1247009913.0
2013-05-07,1241813189.0
2013-05-08,1259268268.0
2013-05-09,1246798888.0
2013-05-10,1310956318.0
2013-05-11,1287073482.0
2013-05-12,1280712746.0
2013-05-13,1309302109.0
2013-05-14,1203339071.0
2013-05-15,1216232219.0
2013-05-16,1260518014.0
2013-05-17,1309736636.0
2013-05-18,1320062670.0
2013-05-19,1307829011.0
2013-05-20,1316978463.0
2013-05-21,1311087675.0
2013-05-22,1330852943.0
2013-05-23,1384500611.0
2013-05-24,1443736429.0
2013-05-25,1442855585.0
2013-05-26,1458097148.0
2013-05-27,1416468209.0
2013-05-28,1411493100.0
2013-05-29,1453071289.0
2013-05-30,1419412081.0
2013-05-31,1434594991.0
2013-06-01,1446220280.0
2013-06-02,1377608658.0
2013-06-03,1381886144.0
2013-06-04,1351513940.0
2013-06-05,1359715911.0
2013-06-06,1339826276.0
2013-06-07,1240602182.0
2013-06-08,1229622254.0
2013-06-09,1125560432.0
2013-06-10,1176194807.0
2013-06-11,1212181137.0
2013-06-12,1199986618.0
2013-06-13,1143444219.0
2013-06-14,1120071871.0
2013-06-15,1127975170.0
2013-06-16,1118983802.0
2013-06-17,1131638995.0
2013-06-18,1179053256.0
2013-06-19,1180855104.0
2013-06-20,1180197648.0
2013-06-21,1147741147.0
2013-06-22,1132593774.0
2013-06-23,1136123648.0
2013-06-24,1122122201.0
2013-06-25,1108764901.0
2013-06-26,1118474983.0
2013-06-27,1097930048.0
2013-06-28,1014611777.0
2013-06-29,1007870547.0
2013-06-30,1015972024.0
2013-07-01,941209017.0
2013-07-02,997754431.0
2013-07-03,883071893.0
2013-07-04,899806199.0
2013-07-05,767229523.0
2013-07-06,754959359.0
2013-07-07,820931925.0
2013-07-08,842678931.0
2013-07-09,853313924.0
2013-07-10,969055184.0
2013-07-11,997748976.0
2013-07-12,1027164025.0
2013-07-13,1045157621.0
2013-07-14,1026141810.0
2013-07-15,1071090138.0
2013-07-16,1048455136.0
2013-07-17,1040309906.0
2013-07-18,971287993.0
2013-07-19,986256159.0
2013-07-20,971464274.0
2013-07-21,980511138.0
2013-07-22,980689069.0
2013-07-23,996201704.0
2013-07-24,1010006369.0
2013-07-25,1033415205.0
2013-07-26,1031696976.0
2013-07-27,1011243794.0
2013-07-28,1064171804.0
2013-07-29,1070930477.0
2013-07-30,1109984157.0
2013-07-31,1126123141.0
2013-08-01,1109819031.0
2013-08-02,1104608731.0
2013-08-03,1098486159.0
2013-08-04,1108794710.0
2013-08-05,1122621652.0
2013-08-06,1124743992.0
2013-08-07,1118090163.0
2013-08-08,1086351798.0
2013-08-09,1066235602.0
2013-08-10,1076189160.0
2013-08-11,1087977184.0
2013-08-12,1102054998.0
2013-08-13,1129204303.0
2013-08-14,1145355378.0
2013-08-15,1134044441.0
2013-08-16,1136591431.0
2013-08-17,1152554547.0
2013-08-18,1147801319.0
2013-08-19,1189988562.0
2013-08-20,1210354340.0
2013-08-21,1283881982.0
2013-08-22,1269660464.0
2013-08-23,1249024180.0
2013-08-24,1263266573.0
2013-08-25,1312420942.0
2013-08-26,1301692972.0
2013-08-27,1367690448.0
2013-08-28,1374693335.0
2013-08-29,1381275916.0
2013-08-30,1452234607.0
2013-08-31,1493564144.0
2013-09-01,1519396350.0
2013-09-02,1508790671.0
2013-09-03,1504962196.0
2013-09-04,1427948372.0
2013-09-05,1426641210.0
2013-09-06,1374619241.0
2013-09-07,1397841320.0
2013-09-08,1377799328.0
2013-09-09,1415782621.0
2013-09-10,1427531142.0
2013-09-11,1485081826.0
2013-09-12,1482163620.0
2013-09-13,1490143762.0
2013-09-14,1455040680.0
2013-09-15,1464124510.0
2013-09-16,1477817489.0
2013-09-17,1486495300.0
2013-09-18,1487095732.0
2013-09-19,1455778305.0
2013-09-20,1441629837.0
2013-09-21,1449093328.0
2013-09-22,1445220763.0
2013-09-23,1442822936.0
2013-09-24,1454419614.0
2013-09-25,1452902992.0
2013-09-26,1466003014.0
2013-09-27,1489137139.0
2013-09-28,1491947162.0
2013-09-29,1496159405.0
2013-09-30,1484686328.0
2013-10-01,1502770219.0
2013-10-02,1226799379.0
2013-10-03,1386122766.0
2013-10-04,1438011746.0
2013-10-05,1432343798.0
2013-10-06,1445675301.0
2013-10-07,1463057013.0
2013-10-08,1473712894.0
2013-10-09,1488057526.0
2013-10-10,1497777548.0
2013-10-11,1504875331.0
2013-10-12,1512606988.0
2013-10-13,1567339903.0
2013-10-14,1602790253.0
2013-10-15,1676598789.0
2013-10-16,1639810397.0
2013-10-17,1704652669.0
2013-10-18,1812451442.0
2013-10-19,1967567121.0
2013-10-20,1977029420.0
2013-10-21,2137214992.0
2013-10-22,2263020795.0
2013-10-23,2432895570.0
2013-10-24,2312767940.0
2013-10-25,2209572236.0
2013-10-26,2140934160.0
2013-10-27,2317285645.0
2013-10-28,2338733568.0
2013-10-29,2436705089.0
2013-10-30,2359863678.0
2013-10-31,2425126130.0
2013-11-01,2423240758.0
2013-11-02,2445230033.0
2013-11-03,2511700501.0
2013-11-04,2733981942.0
2013-11-05,2912502206.0
2013-11-06,3147490420.0
2013-11-07,3470383249.0
2013-11-08,3993348230.0
2013-11-09,3962273331.0
2013-11-10,3921872793.0
2013-11-11,4104735226.0
2013-11-12,4249624606.0
2013-11-13,4728901633.0
2013-11-14,4996939801.0
2013-11-15,4899015075.0
2013-11-16,5229805660.0
2013-11-17,5826545586.0
2013-11-18,7899304674.0
2013-11-19,6569699294.0
2013-11-20,7154302953.0
2013-11-21,8664265762.0
2013-11-22,9655268663.0
2013-11-23,10036147278.0
2013-11-24,9713193626.0
2013-11-25,9825949964.0
2013-11-26,11031632653.0
2013-11-27,11599523736.0
2013-11-28,12139861320.0
2013-11-29,13606971766.0
2013-11-30,13498231256.0
2013-12-01,11635980791.0
2013-12-02,12560905293.0
2013-12-03,12720803701.0
2013-12-04,13707359423.0
2013-12-05,12413127184.0
2013-12-06,9966834405.0
2013-12-07,8509735774.0
2013-12-08,9478800440.0
2013-12-09,10843715165.0
2013-12-10,11829651680.0
2013-12-11,10602057499.0
2013-12-12,10579709784.0
2013-12-13,10654176526.0
2013-12-14,10339677759.0
2013-12-15,10479352569.0
2013-12-16,8224916174.0
2013-12-17,8285802129.0
2013-12-18,6388734258.0
2013-12-19,8328266414.0
2013-12-20,7294550563.0
2013-12-21,7258264530.0
2013-12-22,7479444001.0
2013-12-23,8004147786.0
2013-12-24,7918550775.0
2013-12-25,8257497462.0
2013-12-26,9133825877.0
2013-12-27,8803142106.0
2013-12-28,8723978065.0
2013-12-29,8866192331.0
2013-12-30,8972642049.0
2013-12-31,8900576827.0
2014-01-01,9183165093.0
2014-01-02,9583074898.0
2014-01-03,9858181724.0
2014-01-04,10122194340.0
2014-01-05,11029131128.0
2014-01-06,11179698057.0
2014-01-07,9824903933.0
2014-01-08,10040908201.0
2014-01-09,10175445728.0
2014-01-10,10448273117.0
2014-01-11,10896894254.0
2014-01-12,10357811150.0
2014-01-13,10087826042.0
2014-01-14,9998161335.0
2014-01-15,10318376650.0
2014-01-16,10012569710.0
2014-01-17,9733004779.0
2014-01-18,9944659823.0
2014-01-19,10299980452.0
2014-01-20,10186783631.0
2014-01-21,10127927257.0
2014-01-22,10072336524.0
2014-01-23,9976871686.0
2014-01-24,9612946134.0
2014-01-25,9903784381.0
2014-01-26,10031182806.0
2014-01-27,9150166197.0
2014-01-28,9738106158.0
2014-01-29,9780656581.0
2014-01-30,9859251034.0
2014-01-31,9909353330.0
2014-02-01,10036340767.0
2014-02-02,10055818147.0
2014-02-03,9966954727.0
2014-02-04,9884938387.0
2014-02-05,9695439646.0
2014-02-06,9440554067.0
2014-02-07,8800421619.0
2014-02-08,8384380163.0
2014-02-09,8507055353.0
2014-02-10,8485614111.0
2014-02-11,8320530165.0
2014-02-12,8098876510.0
2014-02-13,7595585202.0
2014-02-14,8291149398.0
2014-02-15,8115544903.0
2014-02-16,7732551315.0
2014-02-17,7835297831.0
2014-02-18,7787431380.0
2014-02-19,7744221840.0
2014-02-20,7004367603.0
2014-02-21,7212264676.0
2014-02-22,7548070808.0
2014-02-23,7587404609.0
2014-02-24,6746591444.0
2014-02-25,6642253042.0
2014-02-26,7315406185.0
2014-02-27,7290958291.0
2014-02-28,6868755088.0
2014-03-01,7073130819.0
2014-03-02,6962838071.0
2014-03-03,8436104147.0
2014-03-04,8413747136.0
2014-03-05,8364313758.0
2014-03-06,8334434858.0
2014-03-07,7888419606.0
2014-03-08,7763093995.0
2014-03-09,8003962626.0
2014-03-10,7851020396.0
2014-03-11,7923456808.0
2014-03-12,7937759340.0
2014-03-13,8050245906.0
2014-03-14,7863118514.0
2014-03-15,7964735259.0
2014-03-16,7941785800.0
2014-03-17,7801419761.0
2014-03-18,7697798743.0
2014-03-19,7652644865.0
2014-03-20,7355613308.0
2014-03-21,7146185250.0
2014-03-22,7085934877.0
2014-03-23,7016884365.0
2014-03-24,7346833014.0
2014-03-25,7333400691.0
2014-03-26,7278830237.0
2014-03-27,6073572052.0
2014-03-28,6270548923.0
2014-03-29,6157703071.0
2014-03-30,5775007986.0
2014-03-31,5731621497.0
2014-04-01,6031394283.0
2014-04-02,5529937933.0
2014-04-03,5663605611.0
2014-04-04,5669310246.0
2014-04-05,5821998223.0
2014-04-06,5785370030.0
2014-04-07,5661194979.0
2014-04-08,5715049690.0
2014-04-09,5591057529.0
2014-04-10,4633872976.0
2014-04-11,5330671998.0
2014-04-12,5361824673.0
2014-04-13,5263783538.0
2014-04-14,5831700454.0
2014-04-15,6599314962.0
2014-04-16,6726256096.0
2014-04-17,6327888317.0
2014-04-18,6116912219.0
2014-04-19,6389235166.0
2014-04-20,6355890528.0
2014-04-21,6314013273.0
2014-04-22,6207119787.0
2014-04-23,6223465666.0
2014-04-24,6385937386.0
2014-04-25,5920295989.0
2014-04-26,5830785366.0
2014-04-27,5572218634.0
2014-04-28,5609948671.0
2014-04-29,5690153602.0
2014-04-30,5706507502.0
2014-05-01,5852429339.0
2014-05-02,5753084600.0
2014-05-03,5585943179.0
2014-05-04,5558283856.0
2014-05-05,5504428006.0
2014-05-06,5478377264.0
2014-05-07,5633670638.0
2014-05-08,5612829625.0
2014-05-09,5771453495.0
2014-05-10,5825231023.0
2014-05-11,5601910623.0
2014-05-12,5631358282.0
2014-05-13,5604101789.0
2014-05-14,5680351168.0
2014-05-15,5709247734.0
2014-05-16,5734022659.0
2014-05-17,5742100713.0
2014-05-18,5715139122.0
2014-05-19,5722672660.0
2014-05-20,6273962196.0
2014-05-21,6322158428.0
2014-05-22,6745285260.0
2014-05-23,6707561733.0
2014-05-24,6760722051.0
2014-05-25,7347523621.0
2014-05-26,7497671961.0
2014-05-27,7359634168.0
2014-05-28,7429545074.0
2014-05-29,7318160445.0
2014-05-30,7968680869.0
2014-05-31,8061425893.0
2014-06-01,8092203715.0
2014-06-02,8524764529.0
2014-06-03,8641875393.0
2014-06-04,8278485521.0
2014-06-05,8507491283.0
2014-06-06,8363519632.0
2014-06-07,8451830552.0
2014-06-08,8467188873.0
2014-06-09,8347647699.0
2014-06-10,8383845332.0
2014-06-11,8135671860.0
2014-06-12,7629146760.0
2014-06-13,7696918928.0
2014-06-14,7422495276.0
2014-06-15,7607972670.0
2014-06-16,7621621668.0
2014-06-17,7863338435.0
2014-06-18,7847016126.0
2014-06-19,7696105115.0
2014-06-20,7644341041.0
2014-06-21,7663029172.0
2014-06-22,7754543913.0
2014-06-23,7626752046.0
2014-06-24,7505564465.0
2014-06-25,7278655389.0
2014-06-26,7520798233.0
2014-06-27,7781323177.0
2014-06-28,7703084237.0
2014-06-29,7789034989.0
2014-06-30,8285127868.0
2014-07-01,8339269086.0
2014-07-02,8449693877.0
2014-07-03,8388564592.0
2014-07-04,8186430683.0
2014-07-05,8186656506.0
2014-07-06,8243503019.0
2014-07-07,8092343526.0
2014-07-08,8121182836.0
2014-07-09,8085357327.0
2014-07-10,8017241431.0
2014-07-11,8253417080.0
2014-07-12,8287520652.0
2014-07-13,8198330361.0
2014-07-14,8061433757.0
2014-07-15,8099541254.0
2014-07-16,8029055588.0
2014-07-17,8134747451.0
2014-07-18,8222042400.0
2014-07-19,8204272683.0
2014-07-20,8155518511.0
2014-07-21,8106490499.0
2014-07-22,8089353582.0
2014-07-23,8090957356.0
2014-07-24,7872577118.0
2014-07-25,7858038002.0
2014-07-26,7770214649.0
2014-07-27,7731618805.0
2014-07-28,7680466302.0
2014-07-29,7638446405.0
2014-07-30,7363663409.0
2014-07-31,7615246130.0
2014-08-01,7807730530.0
2014-08-02,7721789009.0
2014-08-03,7684722366.0
2014-08-04,7697795405.0
2014-08-05,7624742883.0
2014-08-06,7631931031.0
2014-08-07,7684061660.0
2014-08-08,7725432021.0
2014-08-09,7727509980.0
2014-08-10,7735300180.0
2014-08-11,7528807738.0
2014-08-12,7463875219.0
2014-08-13,7204015648.0
2014-08-14,6637940815.0
2014-08-15,6577129266.0
2014-08-16,6860836902.0
2014-08-17,6547578796.0
2014-08-18,6170977284.0
2014-08-19,6407948973.0
2014-08-20,6782996535.0
2014-08-21,6840278776.0
2014-08-22,6800833148.0
2014-08-23,6552062720.0
2014-08-24,6702916915.0
2014-08-25,6614717187.0
2014-08-26,6751992304.0
2014-08-27,6731854487.0
2014-08-28,6682882888.0
2014-08-29,6719119905.0
2014-08-30,6621170462.0
2014-08-31,6322734056.0
2014-09-01,6271891388.0
2014-09-02,6272170253.0
2014-09-03,6267939738.0
2014-09-04,6476124936.0
2014-09-05,6334919956.0
2014-09-06,6362115562.0
2014-09-07,6333829406.0
2014-09-08,6211188748.0
2014-09-09,6272999635.0
2014-09-10,6331395265.0
2014-09-11,6326695287.0
2014-09-12,6285128022.0
2014-09-13,6339848713.0
2014-09-14,6311048241.0
2014-09-15,6273210671.0
2014-09-16,6162674426.0
2014-09-17,6060736703.0
2014-09-18,5671386005.0
2014-09-19,5234826089.0
2014-09-20,5464523277.0
2014-09-21,5324755541.0
2014-09-22,5332783816.0
2014-09-23,5834742822.0
2014-09-24,5639571003.0
2014-09-25,5452827141.0
2014-09-26,5397737714.0
2014-09-27,5336499824.0
2014-09-28,5004030780.0
2014-09-29,4972191290.0
2014-09-30,5189586358.0
2014-10-01,5106350946.0
2014-10-02,4969163060.0
2014-10-03,4772249489.0
2014-10-04,4388715463.0
2014-10-05,4310001696.0
2014-10-06,4364416991.0
2014-10-07,4455902310.0
2014-10-08,4735525160.0
2014-10-09,4834526225.0
2014-10-10,4798145525.0
2014-10-11,4839797029.0
2014-10-12,5054666406.0
2014-10-13,5245103908.0
2014-10-14,5365331639.0
2014-10-15,5283109130.0
2014-10-16,5119796797.0
2014-10-17,5119537453.0
2014-10-18,5242933283.0
2014-10-19,5209271994.0
2014-10-20,5110145459.0
2014-10-21,5165426489.0
2014-10-22,5107591091.0
2014-10-23,4794607576.0
2014-10-24,4797955867.0
2014-10-25,4642572971.0
2014-10-26,4741286825.0
2014-10-27,4701503721.0
2014-10-28,4765027373.0
2014-10-29,4483438418.0
2014-10-30,4632873323.0
2014-10-31,4534617815.0
2014-11-01,4363609911.0
2014-11-02,4363215100.0
2014-11-03,4379570738.0
2014-11-04,4438730478.0
2014-11-05,4563074938.0
2014-11-06,4711010177.0
2014-11-07,4610490610.0
2014-11-08,4660097059.0
2014-11-09,4902659696.0
2014-11-10,4929516028.0
2014-11-11,4962035358.0
2014-11-12,5702391476.0
2014-11-13,5694786272.0
2014-11-14,5378783674.0
2014-11-15,5104746259.0
2014-11-16,5271130401.0
2014-11-17,5235987480.0
2014-11-18,5053168329.0
2014-11-19,5105168798.0
2014-11-20,4816644517.0
2014-11-21,4744295632.0
2014-11-22,4768737135.0
2014-11-23,4977292195.0
2014-11-24,5103470631.0
2014-11-25,5101484017.0
2014-11-26,4977825384.0
2014-11-27,5006216219.0
2014-11-28,5120962491.0
2014-11-29,5097767297.0
2014-11-30,5134716030.0
2014-12-01,5141664431.0
2014-12-02,5195109769.0
2014-12-03,5100819422.0
2014-12-04,5006226474.0
2014-12-05,5137766195.0
2014-12-06,5094378924.0
2014-12-07,5115960374.0
2014-12-08,4935098494.0
2014-12-09,4771819225.0
2014-12-10,4729226571.0
2014-12-11,4740190281.0
2014-12-12,4803953827.0
2014-12-13,4751534011.0
2014-12-14,4845805175.0
2014-12-15,4724760193.0
2014-12-16,4474354536.0
2014-12-17,4362153947.0
2014-12-18,4270746563.0
2014-12-19,4336286833.0
2014-12-20,4498487604.0
2014-12-21,4375889172.0
2014-12-22,4525159717.0
2014-12-23,4584259700.0
2014-12-24,4407465523.0
2014-12-25,4353656120.0
2014-12-26,4494310383.0
2014-12-27,4314735455.0
2014-12-28,4330304448.0
2014-12-29,4277700745.0
2014-12-30,4243056052.0
2014-12-31,4383963251.0
2015-01-01,4304793251.0
2015-01-02,4322045951.0
2015-01-03,3908766304.0
2015-01-04,3604573637.0
2015-01-05,3765377427.0
2015-01-06,3938289680.0
2015-01-07,4076100312.0
2015-01-08,3896404868.0
2015-01-09,4009229351.0
2015-01-10,3787228266.0
2015-01-11,3685784302.0
2015-01-12,3684841437.0
2015-01-13,3074985195.0
2015-01-14,2410558958.0
2015-01-15,2915100172.0
2015-01-16,2850669283.0
2015-01-17,2744657033.0
2015-01-18,2900779184.0
2015-01-19,2980727353.0
2015-01-20,2912984571.0
2015-01-21,3133549520.0
2015-01-22,3213303340.0
2015-01-23,3206949823.0
2015-01-24,3427130852.0
2015-01-25,3502717848.0
2015-01-26,3771045736.0
2015-01-27,3645412286.0
2015-01-28,3246828576.0
2015-01-29,3223292683.0
2015-01-30,3154353109.0
2015-01-31,2995894384.0
2015-02-01,3131578636.0
2015-02-02,3311526270.0
2015-02-03,3142368395.0
2015-02-04,3129548987.0
2015-02-05,2995587161.0
2015-02-06,3075445350.0
2015-02-07,3158128950.0
2015-02-08,3095178118.0
2015-02-09,3050924501.0
2015-02-10,3053373354.0
2015-02-11,3034994445.0
2015-02-12,3078346025.0
2015-02-13,3272445345.0
2015-02-14,3564985013.0
2015-02-15,3245020574.0
2015-02-16,3254806162.0
2015-02-17,3377824460.0
2015-02-18,3269257240.0
2015-02-19,3351675771.0
2015-02-20,3403342533.0
2015-02-21,3405118526.0
2015-02-22,3282542113.0
2015-02-23,3316333308.0
2015-02-24,3328249523.0
2015-02-25,3306536108.0
2015-02-26,3290885014.0
2015-02-27,3542753014.0
2015-02-28,3541320575.0
2015-03-01,3621447826.0
2015-03-02,3840273594.0
2015-03-03,3930103867.0
2015-03-04,3802353560.0
2015-03-05,3842495720.0
2015-03-06,3802467148.0
2015-03-07,3846357194.0
2015-03-08,3832606247.0
2015-03-09,4039550377.0
2015-03-10,4071157602.0
2015-03-11,4133202067.0
2015-03-12,4121730744.0
2015-03-13,3984974926.0
2015-03-14,3953808857.0
2015-03-15,4005885829.0
2015-03-16,4064377991.0
2015-03-17,3979597300.0
2015-03-18,3590470758.0
2015-03-19,3658447943.0
2015-03-20,3671535473.0
2015-03-21,3647638461.0
2015-03-22,3756340582.0
2015-03-23,3727672828.0
2015-03-24,3450079310.0
2015-03-25,3449457911.0
2015-03-26,3489722601.0
2015-03-27,3460655092.0
2015-03-28,3543467384.0
2015-03-29,3400772692.0
2015-03-30,3476807670.0
2015-03-31,3426981735.0
2015-04-01,3462434298.0
2015-04-02,3553754160.0
2015-04-03,3571541519.0
2015-04-04,3560076952.0
2015-04-05,3661507537.0
2015-04-06,3595780710.0
2015-04-07,3575212473.0
2015-04-08,3449619644.0
2015-04-09,3422861974.0
2015-04-10,3311627279.0
2015-04-11,3334039945.0
2015-04-12,3331034797.0
2015-04-13,3168475906.0
2015-04-14,3088526390.0
2015-04-15,3139193897.0
2015-04-16,3212797789.0
2015-04-17,3133230099.0
2015-04-18,3142666455.0
2015-04-19,3141873441.0
2015-04-20,3165404712.0
2015-04-21,3307679430.0
2015-04-22,3292842739.0
2015-04-23,3323336267.0
2015-04-24,3261023526.0
2015-04-25,3191323707.0
2015-04-26,3108368119.0
2015-04-27,3205322554.0
2015-04-28,3181134713.0
2015-04-29,3183542552.0
2015-04-30,3334697580.0
2015-05-01,3285023618.0
2015-05-02,3325317069.0
2015-05-03,3395683374.0
2015-05-04,3375441331.0
2015-05-05,3334636256.0
2015-05-06,3243129510.0
2015-05-07,3352071042.0
2015-05-08,3455512600.0
2015-05-09,3432575633.0
2015-05-10,3405427237.0
2015-05-11,3427863000.0
2015-05-12,3428194735.0
2015-05-13,3349058504.0
2015-05-14,3355614821.0
2015-05-15,3364072414.0
2015-05-16,3341160767.0
2015-05-17,3358489778.0
2015-05-18,3301504622.0
2015-05-19,3289366286.0
2015-05-20,3321635813.0
2015-05-21,3341887992.0
2015-05-22,3410382069.0
2015-05-23,3391752765.0
2015-05-24,3417448566.0
2015-05-25,3365637493.0
2015-05-26,3363546391.0
2015-05-27,3370150691.0
2015-05-28,3367427369.0
2015-05-29,3363927954.0
2015-05-30,3309881466.0
2015-05-31,3263266290.0
2015-06-01,3176283464.0
2015-06-02,3206121170.0
2015-06-03,3205387663.0
2015-06-04,3182364544.0
2015-06-05,3200095127.0
2015-06-06,3207212191.0
2015-06-07,3183133903.0
2015-06-08,3260437385.0
2015-06-09,3269800705.0
2015-06-10,3259618060.0
2015-06-11,3274594553.0
2015-06-12,3278645360.0
2015-06-13,3325283868.0
2015-06-14,3318891281.0
2015-06-15,3380893026.0
2015-06-16,3590688627.0
2015-06-17,3542208169.0
2015-06-18,3558080745.0
2015-06-19,3498839053.0
2015-06-20,3510795979.0
2015-06-21,3493222489.0
2015-06-22,3533026458.0
2015-06-23,3493359667.0
2015-06-24,3440889209.0
2015-06-25,3468946579.0
2015-06-26,3478758632.0
2015-06-27,3602148914.0
2015-06-28,3567639093.0
2015-06-29,3677288176.0
2015-06-30,3781465594.0
2015-07-01,3699045164.0
2015-07-02,3652784409.0
2015-07-03,3673028226.0
2015-07-04,3737445242.0
2015-07-05,3893255325.0
2015-07-06,3863411820.0
2015-07-07,3826005680.0
2015-07-08,3886052382.0
2015-07-09,3874082917.0
2015-07-10,4103284006.0
2015-07-11,4224479904.0
2015-07-12,4477984911.0
2015-07-13,4208322109.0
2015-07-14,4138776579.0
2015-07-15,4113719737.0
2015-07-16,4008327128.0
2015-07-17,4031402817.0
2015-07-18,3993425473.0
2015-07-19,3964629042.0
2015-07-20,4020912112.0
2015-07-21,3986323280.0
2015-07-22,4003415009.0
2015-07-23,3990652011.0
2015-07-24,4171998965.0
2015-07-25,4176021703.0
2015-07-26,4231994880.0
2015-07-27,4249134571.0
2015-07-28,4264330758.0
2015-07-29,4185254440.0
2015-07-30,4162834833.0
2015-07-31,4111354070.0
2015-08-01,4070140113.0
2015-08-02,4082103942.0
2015-08-03,4079772161.0
2015-08-04,4125583913.0
2015-08-05,4083894999.0
2015-08-06,4036535536.0
2015-08-07,4044625067.0
2015-08-08,3784633861.0
2015-08-09,3856390023.0
2015-08-10,3837034320.0
2015-08-11,3932172125.0
2015-08-12,3885529279.0
2015-08-13,3836477451.0
2015-08-14,3861545808.0
2015-08-15,3798376130.0
2015-08-16,3755678811.0
2015-08-17,3743262212.0
2015-08-18,3161908681.0
2015-08-19,3298223973.0
2015-08-20,3419668946.0
2015-08-21,3381089030.0
2015-08-22,3350608229.0
2015-08-23,3322811796.0
2015-08-24,3080718805.0
2015-08-25,3236978950.0
2015-08-26,3288215004.0
2015-08-27,3271871929.0
2015-08-28,3377949386.0
2015-08-29,3344756015.0
2015-08-30,3333875650.0
2015-08-31,3359090021.0
2015-09-01,3320159149.0
2015-09-02,3343603442.0
2015-09-03,3309538910.0
2015-09-04,3369757379.0
2015-09-05,3439504690.0
2015-09-06,3511850353.0
2015-09-07,3510258445.0
2015-09-08,3562748122.0
2015-09-09,3484080202.0
2015-09-10,3485509618.0
2015-09-11,3517038528.0
2015-09-12,3452222525.0
2015-09-13,3368332625.0
2015-09-14,3375053611.0
2015-09-15,3367934601.0
2015-09-16,3348936056.0
2015-09-17,3410592059.0
2015-09-18,3411045811.0
2015-09-19,3398114768.0
2015-09-20,3385990191.0
2015-09-21,3319580295.0
2015-09-22,3376884820.0
2015-09-23,3370562525.0
2015-09-24,3432712535.0
2015-09-25,3451526735.0
2015-09-26,3438520409.0
2015-09-27,3419623585.0
2015-09-28,3519795871.0
2015-09-29,3481511596.0
2015-09-30,3473639085.0
2015-10-01,3496388478.0
2015-10-02,3492911975.0
2015-10-03,3520188704.0
2015-10-04,3517889544.0
2015-10-05,3540024122.0
2015-10-06,3628743990.0
2015-10-07,3582442675.0
2015-10-08,3572933240.0
2015-10-09,3594568618.0
2015-10-10,3617713096.0
2015-10-11,3656454768.0
2015-10-12,3621510562.0
2015-10-13,3686790059.0
2015-10-14,3727067913.0
2015-10-15,3750956017.0
2015-10-16,3870373893.0
2015-10-17,4006728659.0
2015-10-18,3883189309.0
2015-10-19,3897264720.0
2015-10-20,3993505229.0
2015-10-21,3953301352.0
2015-10-22,4063089754.0
2015-10-23,4111303804.0
2015-10-24,4186089447.0
2015-10-25,4223190801.0
2015-10-26,4234017247.0
2015-10-27,4365940429.0
2015-10-28,4498158207.0
2015-10-29,4653559848.0
2015-10-30,4856146703.0
2015-10-31,4644825841.0
2015-11-01,4878753859.0
2015-11-02,5394306532.0
2015-11-03,5932994875.0
2015-11-04,6002025461.0
2015-11-05,5690502776.0
2015-11-06,5523574280.0
2015-11-07,5725402504.0
2015-11-08,5517763769.0
2015-11-09,5639130422.0
2015-11-10,5008045357.0
2015-11-11,4580802012.0
2015-11-12,5006262858.0
2015-11-13,5003992427.0
2015-11-14,4942389627.0
2015-11-15,4748983123.0
2015-11-16,4916736893.0
2015-11-17,4988027970.0
2015-11-18,4987748562.0
2015-11-19,4847544174.0
2015-11-20,4785117551.0
2015-11-21,4845464834.0
2015-11-22,4814322325.0
2015-11-23,4805162611.0
2015-11-24,4761020549.0
2015-11-25,4896144198.0
2015-11-26,5303959481.0
2015-11-27,5350019772.0
2015-11-28,5311163383.0
2015-11-29,5538066565.0
2015-11-30,5624254420.0
2015-12-01,5404346669.0
2015-12-02,5356450093.0
2015-12-03,5387370915.0
2015-12-04,5419060653.0
2015-12-05,5810458036.0
2015-12-06,5871059363.0
2015-12-07,5902776056.0
2015-12-08,6180087601.0
2015-12-09,6239102652.0
2015-12-10,6212922056.0
2015-12-11,6784598775.0
2015-12-12,6517202920.0
2015-12-13,6497029961.0
2015-12-14,6627636826.0
2015-12-15,6953313625.0
2015-12-16,6798393278.0
2015-12-17,6831562359.0
2015-12-18,6937370780.0
2015-12-19,6912583208.0
2015-12-20,6626069349.0
2015-12-21,6560055357.0
2015-12-22,6526135997.0
2015-12-23,6638784570.0
2015-12-24,6838516283.0
2015-12-25,6837963519.0
2015-12-26,6277112535.0
2015-12-27,6346584980.0
2015-12-28,6323355781.0
2015-12-29,6479562252.0
2015-12-30,6401757885.0
2015-12-31,6457880529.0
2016-01-01,6534508443.0
2016-01-02,6532503495.0
2016-01-03,6469349717.0
2016-01-04,6521136233.0
2016-01-05,6511107545.0
2016-01-06,6482654225.0
2016-01-07,6913797514.0
2016-01-08,6839360304.0
2016-01-09,6776462100.0
2016-01-10,6759368696.0
2016-01-11,6768100685.0
2016-01-12,6660477160.0
2016-01-13,6519487114.0
2016-01-14,6483404579.0
2016-01-15,5549325125.0
2016-01-16,5856183131.0
2016-01-17,5773284493.0
2016-01-18,5810919867.0
2016-01-19,5710964765.0
2016-01-20,6353808389.0
2016-01-21,6184146146.0
2016-01-22,5758959432.0
2016-01-23,5841155071.0
2016-01-24,6101039865.0
2016-01-25,5929313468.0
2016-01-26,5918124085.0
2016-01-27,5972376364.0
2016-01-28,5735750655.0
2016-01-29,5738850566.0
2016-01-30,5714309199.0
2016-01-31,5550547732.0
2016-02-01,5626006659.0
2016-02-02,5653512456.0
2016-02-03,5581946530.0
2016-02-04,5911509154.0
2016-02-05,5832548685.0
2016-02-06,5686227481.0
2016-02-07,5695806667.0
2016-02-08,5631292826.0
2016-02-09,5673897678.0
2016-02-10,5760079211.0
2016-02-11,5739959017.0
2016-02-12,5812351828.0
2016-02-13,5924919899.0
2016-02-14,6178327891.0
2016-02-15,6075140750.0
2016-02-16,6194735962.0
2016-02-17,6322493985.0
2016-02-18,6415087711.0
2016-02-19,6391283875.0
2016-02-20,6706222232.0
2016-02-21,6685122329.0
2016-02-22,6668480304.0
2016-02-23,6403149531.0
2016-02-24,6464806599.0
2016-02-25,6467910004.0
2016-02-26,6586419073.0
2016-02-27,6606096233.0
2016-02-28,6609903279.0
2016-02-29,6682686402.0
2016-03-01,6608375019.0
2016-03-02,6461501370.0
2016-03-03,6404713255.0
2016-03-04,6234002294.0
2016-03-05,6072369805.0
2016-03-06,6171536521.0
2016-03-07,6318508877.0
2016-03-08,6292517672.0
2016-03-09,6311299792.0
2016-03-10,6371051280.0
2016-03-11,6421253596.0
2016-03-12,6281179670.0
2016-03-13,6306152777.0
2016-03-14,6357055523.0
2016-03-15,6362394569.0
2016-03-16,6390909676.0
2016-03-17,6416617902.0
2016-03-18,6269263237.0
2016-03-19,6274070872.0
2016-03-20,6320546194.0
2016-03-21,6314994503.0
2016-03-22,6392939591.0
2016-03-23,6406719799.0
2016-03-24,6349632757.0
2016-03-25,6394342217.0
2016-03-26,6402845061.0
2016-03-27,6536939368.0
2016-03-28,6499748929.0
2016-03-29,6392975294.0
2016-03-30,6347049898.0
2016-03-31,6397222799.0
2016-04-01,6417948412.0
2016-04-02,6458825359.0
2016-04-03,6465094574.0
2016-04-04,6458634885.0
2016-04-05,6505849704.0
2016-04-06,6498356367.0
2016-04-07,6493044381.0
2016-04-08,6451049192.0
2016-04-09,6454519941.0
2016-04-10,6505604053.0
2016-04-11,6527552278.0
2016-04-12,6593204703.0
2016-04-13,6555532752.0
2016-04-14,6572462489.0
2016-04-15,6649086869.0
2016-04-16,6673608366.0
2016-04-17,6630892249.0
2016-04-18,6637226928.0
2016-04-19,6761087094.0
2016-04-20,6841606366.0
2016-04-21,6990188725.0
2016-04-22,6929485128.0
2016-04-23,7020499801.0
2016-04-24,7168468661.0
2016-04-25,7199851373.0
2016-04-26,7268046143.0
2016-04-27,6900088525.0
2016-04-28,6983948371.0
2016-04-29,7077878361.0
2016-04-30,6969413403.0
2016-05-01,7050339457.0
2016-05-02,6895933471.0
2016-05-03,7001415142.0
2016-05-04,6952734960.0
2016-05-05,6969488309.0
2016-05-06,7163035351.0
2016-05-07,7159614274.0
2016-05-08,7161816342.0
2016-05-09,7196136872.0
2016-05-10,7005655676.0
2016-05-11,7050909679.0
2016-05-12,7079071140.0
2016-05-13,7106207247.0
2016-05-14,7121496007.0
2016-05-15,7165662909.0
2016-05-16,7079672667.0
2016-05-17,7055170387.0
2016-05-18,7071537380.0
2016-05-19,6812043751.0
2016-05-20,6886408790.0
2016-05-21,6914147190.0
2016-05-22,6861375741.0
2016-05-23,6920164469.0
2016-05-24,6944693718.0
2016-05-25,7022213615.0
2016-05-26,7084285953.0
2016-05-27,7356966578.0
2016-05-28,8280114126.0
2016-05-29,8229636297.0
2016-05-30,8324272914.0
2016-05-31,8286178638.0
2016-06-01,8392195818.0
2016-06-02,8412124258.0
2016-06-03,8904487504.0
2016-06-04,8970073160.0
2016-06-05,8986129385.0
2016-06-06,9156104252.0
2016-06-07,9042666518.0
2016-06-08,9117116235.0
2016-06-09,9025747144.0
2016-06-10,9070269814.0
2016-06-11,9473642440.0
2016-06-12,10492268216.0
2016-06-13,11026130042.0
2016-06-14,10725099628.0
2016-06-15,10885155467.0
2016-06-16,12022238062.0
2016-06-17,11752362635.0
2016-06-18,11885009702.0
2016-06-19,12021287775.0
2016-06-20,11330195009.0
2016-06-21,10503218109.0
2016-06-22,9332296532.0
2016-06-23,9849794644.0
2016-06-24,10423912098.0
2016-06-25,10501107906.0
2016-06-26,9899936557.0
2016-06-27,10244832744.0
2016-06-28,10168283272.0
2016-06-29,10034992397.0
2016-06-30,10598500491.0
2016-07-01,10651857252.0
2016-07-02,11051093046.0
2016-07-03,10421638625.0
2016-07-04,10696206813.0
2016-07-05,10514918763.0
2016-07-06,10666561393.0
2016-07-07,10076941252.0
2016-07-08,10472925789.0
2016-07-09,10268475401.0
2016-07-10,10238516110.0
2016-07-11,10244613016.0
2016-07-12,10556967223.0
2016-07-13,10373847349.0
2016-07-14,10415546558.0
2016-07-15,10508907503.0
2016-07-16,10486838495.0
2016-07-17,10737385139.0
2016-07-18,10644500867.0
2016-07-19,10638355651.0
2016-07-20,10523629889.0
2016-07-21,10517584702.0
2016-07-22,10261726367.0
2016-07-23,10370300477.0
2016-07-24,10434679618.0
2016-07-25,10336762400.0
2016-07-26,10330035450.0
2016-07-27,10357103756.0
2016-07-28,10356977377.0
2016-07-29,10379668578.0
2016-07-30,10345981727.0
2016-07-31,9864787254.0
2016-08-01,9577091014.0
2016-08-02,8322316113.0
2016-08-03,9008352671.0
2016-08-04,9217879120.0
2016-08-05,9183369997.0
2016-08-06,9334928405.0
2016-08-07,9398234418.0
2016-08-08,9350293261.0
2016-08-09,9292773716.0
2016-08-10,9326077816.0
2016-08-11,9321130920.0
2016-08-12,9284372608.0
2016-08-13,9256660816.0
2016-08-14,9036807002.0
2016-08-15,8961568522.0
2016-08-16,9149988259.0
2016-08-17,9075711005.0
2016-08-18,9070477553.0
2016-08-19,9082583293.0
2016-08-20,9207752339.0
2016-08-21,9193032110.0
2016-08-22,9260345625.0
2016-08-23,9224307341.0
2016-08-24,9163250800.0
2016-08-25,9121935090.0
2016-08-26,9167883100.0
2016-08-27,9031541039.0
2016-08-28,9110313074.0
2016-08-29,9084831918.0
2016-08-30,9121919127.0
2016-08-31,9068641074.0
2016-09-01,9068833388.0
2016-09-02,9143236776.0
2016-09-03,9517104240.0
2016-09-04,9679597556.0
2016-09-05,9632908726.0
2016-09-06,9720658911.0
2016-09-07,9764079129.0
2016-09-08,10001368209.0
2016-09-09,9882367390.0
2016-09-10,9911731006.0
2016-09-11,9651109983.0
2016-09-12,9643791009.0
2016-09-13,9660708066.0
2016-09-14,9673304502.0
2016-09-15,9637285102.0
2016-09-16,9650028005.0
2016-09-17,9644518084.0
2016-09-18,9711555637.0
2016-09-19,9670291120.0
2016-09-20,9663505285.0
2016-09-21,9483251078.0
2016-09-22,9462361163.0
2016-09-23,9571647457.0
2016-09-24,9577801209.0
2016-09-25,9546177958.0
2016-09-26,9645385466.0
2016-09-27,9620782719.0
2016-09-28,9614506858.0
2016-09-29,9623794125.0
2016-09-30,9683127491.0
2016-10-01,9788386394.0
2016-10-02,9731252012.0
2016-10-03,9745798527.0
2016-10-04,9705918425.0
2016-10-05,9741244517.0
2016-10-06,9736318570.0
2016-10-07,9835219694.0
2016-10-08,9858736936.0
2016-10-09,9824949669.0
2016-10-10,9841576625.0
2016-10-11,10239107980.0
2016-10-12,10138601014.0
2016-10-13,10121241460.0
2016-10-14,10188301722.0
2016-10-15,10152757865.0
2016-10-16,10243484391.0
2016-10-17,10184328193.0
2016-10-18,10128816474.0
2016-10-19,10035204855.0
2016-10-20,10019653454.0
2016-10-21,10057724428.0
2016-10-22,10435206532.0
2016-10-23,10395776976.0
2016-10-24,10366087956.0
2016-10-25,10459168168.0
2016-10-26,10768423416.0
2016-10-27,10951865395.0
2016-10-28,11014871260.0
2016-10-29,11415942030.0
2016-10-30,11160320004.0
2016-10-31,11154651377.0
2016-11-01,11661602264.0
2016-11-02,11819079821.0
2016-11-03,11015395930.0
2016-11-04,11263773111.0
2016-11-05,11287223328.0
2016-11-06,11433552272.0
2016-11-07,11279672698.0
2016-11-08,11371496573.0
2016-11-09,11527230204.0
2016-11-10,11399414447.0
2016-11-11,11437555198.0
2016-11-12,11249568032.0
2016-11-13,11247282884.0
2016-11-14,11281043609.0
2016-11-15,11389601875.0
2016-11-16,11866103843.0
2016-11-17,11759913460.0
2016-11-18,11989370150.0
2016-11-19,12016856544.0
2016-11-20,11684288236.0
2016-11-21,11784055476.0
2016-11-22,11969158599.0
2016-11-23,11862392065.0
2016-11-24,11801706387.0
2016-11-25,11840408101.0
2016-11-26,11761259694.0
2016-11-27,11651916569.0
2016-11-28,11690901052.0
2016-11-29,11717307500.0
2016-11-30,11887711386.0
2016-12-01,12072806441.0
2016-12-02,12372572705.0
2016-12-03,12275023058.0
2016-12-04,12280761670.0
2016-12-05,12062506991.0
2016-12-06,12167245304.0
2016-12-07,12262999582.0
2016-12-08,12307332318.0
2016-12-09,12376661440.0
2016-12-10,12435218178.0
2016-12-11,12357187291.0
2016-12-12,12487176641.0
2016-12-13,12495712216.0
2016-12-14,12465511591.0
2016-12-15,12454114363.0
2016-12-16,12552544959.0
2016-12-17,12672277134.0
2016-12-18,12690201567.0
2016-12-19,12686012322.0
2016-12-20,12839867133.0
2016-12-21,13302370984.0
2016-12-22,13786050914.0
2016-12-23,14704091703.0
2016-12-24,14313634478.0
2016-12-25,14393350625.0
2016-12-26,14510581585.0
2016-12-27,14877875393.0
2016-12-28,15747701992.0
2016-12-29,15645099508.0
2016-12-30,15449628185.0
2016-12-31,15576600691.0
2017-01-01,16033266654.0
2017-01-02,16353949884.0
2017-01-03,16605797783.0
2017-01-04,18246459273.0
2017-01-05,16093073535.0
2017-01-06,14357133340.0
2017-01-07,14535477925.0
2017-01-08,14682692156.0
2017-01-09,14539791013.0
2017-01-10,14589725359.0
2017-01-11,12689105757.0
2017-01-12,12993377592.0
2017-01-13,13311058416.0
2017-01-14,13204919505.0
2017-01-15,13279133500.0
2017-01-16,13382203212.0
2017-01-17,14595049001.0
2017-01-18,14197733305.0
2017-01-19,14538086246.0
2017-01-20,14425971058.0
2017-01-21,14900138989.0
2017-01-22,14869891255.0
2017-01-23,14817454248.0
2017-01-24,14313337496.0
2017-01-25,14443134885.0
2017-01-26,14783175189.0
2017-01-27,14846204348.0
2017-01-28,14885385215.0
2017-01-29,14772073273.0
2017-01-30,14849253173.0
2017-01-31,15628487118.0
2017-02-01,15937996944.0
2017-02-02,16265531108.0
2017-02-03,16390057474.0
2017-02-04,16690305095.0
2017-02-05,16382048519.0
2017-02-06,16524925788.0
2017-02-07,17016323284.0
2017-02-08,16997945970.0
2017-02-09,15875582288.0
2017-02-10,16101928310.0
2017-02-11,16341586122.0
2017-02-12,16261284050.0
2017-02-13,16160816994.0
2017-02-14,16361100689.0
2017-02-15,16390185070.0
2017-02-16,16762379132.0
2017-02-17,17117844192.0
2017-02-18,17152166566.0
2017-02-19,17123499507.0
2017-02-20,17609111950.0
2017-02-21,18260742629.0
2017-02-22,18276384592.0
2017-02-23,19235707720.0
2017-02-24,19183549945.0
2017-02-25,18637641423.0
2017-02-26,19127510161.0
2017-02-27,19331042678.0
2017-02-28,19240193375.0
2017-03-01,19890971249.0
2017-03-02,20451610467.0
2017-03-03,20882073159.0
2017-03-04,20553410845.0
2017-03-05,20674531089.0
2017-03-06,20773693698.0
2017-03-07,20002004352.0
2017-03-08,18669956332.0
2017-03-09,19341675646.0
2017-03-10,17805414528.0
2017-03-11,19076606823.0
2017-03-12,19969348981.0
2017-03-13,20095585304.0
2017-03-14,20213788444.0
2017-03-15,20412475945.0
2017-03-16,19107082613.0
2017-03-17,17390865796.0
2017-03-18,15616273830.0
2017-03-19,16553684316.0
2017-03-20,16839982097.0
2017-03-21,18043780428.0
2017-03-22,16836521393.0
2017-03-23,16690238570.0
2017-03-24,15180859745.0
2017-03-25,15726018758.0
2017-03-26,15637330055.0
2017-03-27,16937527770.0
2017-03-28,16975992129.0
2017-03-29,16888869367.0
2017-03-30,16863366665.0
2017-03-31,17576059203.0
2017-04-01,17704285729.0
2017-04-02,17967082465.0
2017-04-03,18605064801.0
2017-04-04,18562267490.0
2017-04-05,18465243242.0
2017-04-06,19423121348.0
2017-04-07,19378952009.0
2017-04-08,19262050479.0
2017-04-09,19739605878.0
2017-04-10,19709558489.0
2017-04-11,20007123392.0
2017-04-12,19786878326.0
2017-04-13,19080058200.0
2017-04-14,19110979963.0
2017-04-15,19133184038.0
2017-04-16,19104877160.0
2017-04-17,19403345355.0
2017-04-18,19572080902.0
2017-04-19,19695202986.0
2017-04-20,20124634252.0
2017-04-21,20315048993.0
2017-04-22,20255646548.0
2017-04-23,20363116160.0
2017-04-24,20482974661.0
2017-04-25,20853953928.0
2017-04-26,21127249694.0
2017-04-27,21934807899.0
2017-04-28,21971246252.0
2017-04-29,22132776325.0
2017-04-30,22530551030.0
2017-05-01,23429688180.0
2017-05-02,23870824853.0
2017-05-03,24779848416.0
2017-05-04,25116127312.0
2017-05-05,24955817065.0
2017-05-06,25667659228.0
2017-05-07,24903765677.0
2017-05-08,27498966294.0
2017-05-09,28059453524.0
2017-05-10,29095394455.0
2017-05-11,29963413903.0
2017-05-12,27831028039.0
2017-05-13,29061941148.0
2017-05-14,29306517727.0
2017-05-15,28367766911.0
2017-05-16,28699671041.0
2017-05-17,29547967094.0
2017-05-18,30948090757.0
2017-05-19,32149666891.0
2017-05-20,33470438623.0
2017-05-21,33426883468.0
2017-05-22,33981809835.0
2017-05-23,36901723760.0
2017-05-24,39484730822.0
2017-05-25,37929596573.0
2017-05-26,37276895995.0
2017-05-27,33436141688.0
2017-05-28,36407677793.0
2017-05-29,37377347498.0
2017-05-30,35460724160.0
2017-05-31,37627969488.0
2017-06-01,39276917594.0
2017-06-02,40583144832.0
2017-06-03,41737117945.0
2017-06-04,41340173929.0
2017-06-05,43970582995.0
2017-06-06,47022020458.0
2017-06-07,44332360490.0
2017-06-08,45907248109.0
2017-06-09,45950360177.0
2017-06-10,47781403186.0
2017-06-11,48735252519.0
2017-06-12,43680483639.0
2017-06-13,44368699238.0
2017-06-14,40057395198.0
2017-06-15,39505722190.0
2017-06-16,40599996750.0
2017-06-17,43496828049.0
2017-06-18,41131354738.0
2017-06-19,42471552961.0
2017-06-20,44831129770.0
2017-06-21,43294504868.0
2017-06-22,44076497263.0
2017-06-23,44069121017.0
2017-06-24,42044463425.0
2017-06-25,40990507139.0
2017-06-26,39823653207.0
2017-06-27,41534416501.0
2017-06-28,42072043566.0
2017-06-29,41708958365.0
2017-06-30,40273314034.0
2017-07-01,39615784096.0
2017-07-02,41370740411.0
2017-07-03,41919072873.0
2017-07-04,42709513006.0
2017-07-05,42851713916.0
2017-07-06,42775671823.0
2017-07-07,41015254601.0
2017-07-08,41968971042.0
2017-07-09,41195531945.0
2017-07-10,38130591475.0
2017-07-11,38132327589.0
2017-07-12,39053724810.0
2017-07-13,38546113668.0
2017-07-14,36429802297.0
2017-07-15,32728965773.0
2017-07-16,31435242737.0
2017-07-17,36457083232.0
2017-07-18,37909999048.0
2017-07-19,37145789012.0
2017-07-20,46480191038.0
2017-07-21,43888688550.0
2017-07-22,46587687276.0
2017-07-23,45333980388.0
2017-07-24,45371653215.0
2017-07-25,42140998437.0
2017-07-26,41546656038.0
2017-07-27,43904304359.0
2017-07-28,46029450421.0
2017-07-29,44595098883.0
2017-07-30,45307584908.0
2017-07-31,47178656876.0
2017-08-01,44955142943.0
2017-08-02,44346375083.0
2017-08-03,45993078913.0
2017-08-04,47162212561.0
2017-08-05,53388101324.0
2017-08-06,53273260550.0
2017-08-07,55958912892.0
2017-08-08,56512140518.0
2017-08-09,55223568849.0
2017-08-10,56711154620.0
2017-08-11,60405309923.0
2017-08-12,63886499823.0
2017-08-13,67074554585.0
2017-08-14,71056091038.0
2017-08-15,68677522428.0
2017-08-16,72063128585.0
2017-08-17,71145509600.0
2017-08-18,67850449315.0
2017-08-19,68714177177.0
2017-08-20,67489972146.0
2017-08-21,65956479621.0
2017-08-22,67310734592.0
2017-08-23,68518128669.0
2017-08-24,71479514205.0
2017-08-25,71936367042.0
2017-08-26,71757759427.0
2017-08-27,71814513227.0
2017-08-28,72397765181.0
2017-08-29,76054400821.0
2017-08-30,75835493880.0
2017-08-31,78386820017.0
2017-09-01,81337794501.0
2017-09-02,76002945697.0
2017-09-03,76512628000.0
2017-09-04,72377665591.0
2017-09-05,73700588641.0
2017-09-06,76249266222.0
2017-09-07,76716135706.0
2017-09-08,71931549471.0
2017-09-09,71777423501.0
2017-09-10,70563816638.0
2017-09-11,69756780446.0
2017-09-12,68967943044.0
2017-09-13,64386275390.0
2017-09-14,53798171461.0
2017-09-15,61290338938.0
2017-09-16,61497189147.0
2017-09-17,61515659681.0
2017-09-18,67630392417.0
2017-09-19,65074126214.0
2017-09-20,64583212982.0
2017-09-21,59973710710.0
2017-09-22,60012665779.0
2017-09-23,62613658234.0
2017-09-24,60983444860.0
2017-09-25,65000641700.0
2017-09-26,64532178190.0
2017-09-27,69810133912.0
2017-09-28,69487291907.0
2017-09-29,68952490966.0
2017-09-30,71939347197.0
2017-10-01,72735515448.0
2017-10-02,72823227415.0
2017-10-03,71499894904.0
2017-10-04,70014724886.0
2017-10-05,71727325780.0
2017-10-06,72508085069.0
2017-10-07,73728225602.0
2017-10-08,76427540535.0
2017-10-09,79374073505.0
2017-10-10,78777862489.0
2017-10-11,80013973235.0
2017-10-12,89641017956.0
2017-10-13,93313679744.0
2017-10-14,96177115402.0
2017-10-15,94597270275.0
2017-10-16,95711795298.0
2017-10-17,92967497517.0
2017-10-18,92869180097.0
2017-10-19,94951570769.0
2017-10-20,99831583430.0
2017-10-21,100330967303.0
2017-10-22,99785408421.0
2017-10-23,97995045388.0
2017-10-24,91840948942.0
2017-10-25,95486763245.0
2017-10-26,98235119083.0
2017-10-27,96105329948.0
2017-10-28,95952333224.0
2017-10-29,102830297806.0
2017-10-30,101917736242.0
2017-10-31,107079598513.0
2017-11-01,112054780765.0
2017-11-02,117354965529.0
2017-11-03,119945667659.0
2017-11-04,123654520198.0
2017-11-05,122844997030.0
2017-11-06,116425740138.0
2017-11-07,118655354623.0
2017-11-08,124219809814.0
2017-11-09,118674036440.0
2017-11-10,110394640690.0
2017-11-11,105834744553.0
2017-11-12,97208941681.0
2017-11-13,108732927225.0
2017-11-14,109959806768.0
2017-11-15,121065675322.0
2017-11-16,130694771895.0
2017-11-17,128964609345.0
2017-11-18,130097825617.0
2017-11-19,133821250649.0
2017-11-20,138037628211.0
2017-11-21,135086085017.0
2017-11-22,137732274883.0
2017-11-23,134777502599.0
2017-11-24,137477016398.0
2017-11-25,146307124233.0
2017-11-26,155673360858.0
2017-11-27,162556185991.0
2017-11-28,165941127001.0
2017-11-29,163754159022.0
2017-11-30,167061587628.0
2017-12-01,180660238729.0
2017-12-02,182786557318.0
2017-12-03,187476359551.0
2017-12-04,193323542670.0
2017-12-05,196269467099.0
2017-12-06,234018218657.0
2017-12-07,284897231094.0
2017-12-08,272654723142.0
2017-12-09,251802084162.0
2017-12-10,258944112666.0
2017-12-11,282381336275.0
2017-12-12,291794289206.0
2017-12-13,276454960254.0
2017-12-14,277962079726.0
2017-12-15,296400529143.0
2017-12-16,328900754243.0
2017-12-17,322413542663.0
2017-12-18,317960756085.0
2017-12-19,295735113689.0
2017-12-20,275665281880.0
2017-12-21,261956195240.0
2017-12-22,239730379598.0
2017-12-23,249897014243.0
2017-12-24,235099787897.0
2017-12-25,236038639186.0
2017-12-26,263661836527.0
2017-12-27,258022926528.0
2017-12-28,239613730882.0
2017-12-29,244377450683.0
2017-12-30,217181833261.0
2017-12-31,233525857337.0
2018-01-01,225889069046.0
2018-01-02,247556665257.0
2018-01-03,251880836193.0
2018-01-04,252919562392.0
2018-01-05,285288877071.0
2018-01-06,287110018646.0
2018-01-07,272506803030.0
2018-01-08,250808700834.0
2018-01-09,241455084711.0
2018-01-10,246363832772.0
2018-01-11,221500211810.0
2018-01-12,231654360391.0
2018-01-13,239102527885.0
2018-01-14,229885659813.0
2018-01-15,228409454745.0
2018-01-16,192122189326.0
2018-01-17,187583518962.0
2018-01-18,189060672392.0
2018-01-19,192349290678.0
2018-01-20,214708366097.0
2018-01-21,192101096596.0
2018-01-22,180602489965.0
2018-01-23,182511031584.0
2018-01-24,188869372701.0
2018-01-25,187285778784.0
2018-01-26,185710159815.0
2018-01-27,190535450013.0
2018-01-28,195523140191.0
2018-01-29,187406934304.0
2018-01-30,167681155315.0
2018-01-31,169220358167.0
2018-02-01,152228490124.0
2018-02-02,147973235767.0
2018-02-03,153818916042.0
2018-02-04,138988261291.0
2018-02-05,115403138217.0
2018-02-06,130399428702.0
2018-02-07,128491100335.0
2018-02-08,138514511804.0
2018-02-09,145976369437.0
2018-02-10,143797692836.0
2018-02-11,136504252154.0
2018-02-12,150194552558.0
2018-02-13,143742306059.0
2018-02-14,159671225545.0
2018-02-15,170472147642.0
2018-02-16,171885093747.0
2018-02-17,187025253743.0
2018-02-18,176358525105.0
2018-02-19,187977308411.0
2018-02-20,189795615789.0
2018-02-21,176534515366.0
2018-02-22,166751211512.0
2018-02-23,171511934697.0
2018-02-24,163553050808.0
2018-02-25,162165847542.0
2018-02-26,174158955812.0
2018-02-27,179951719258.0
2018-02-28,174109343265.0
2018-03-01,184547764148.0
2018-03-02,186096958181.0
2018-03-03,193077560983.0
2018-03-04,193722368145.0
2018-03-05,195063431905.0
2018-03-06,180486990777.0
2018-03-07,167423398664.0
2018-03-08,157761648490.0
2018-03-09,156893668418.0
2018-03-10,148596430307.0
2018-03-11,160909070238.0
2018-03-12,154743067340.0
2018-03-13,154975189713.0
2018-03-14,139114167417.0
2018-03-15,139915162068.0
2018-03-16,141764332493.0
2018-03-17,133397905025.0
2018-03-18,138615372062.0
2018-03-19,144522485139.0
2018-03-20,150606160131.0
2018-03-21,150352940228.0
2018-03-22,147508129827.0
2018-03-23,148557077215.0
2018-03-24,145851296753.0
2018-03-25,142979716787.0
2018-03-26,138431086788.0
2018-03-27,132788930472.0
2018-03-28,134435267324.0
2018-03-29,120467962091.0
2018-03-30,115797316247.0
2018-03-31,117336032806.0
2018-04-01,115353783451.0
2018-04-02,119245126357.0
2018-04-03,125830793447.0
2018-04-04,114986737237.0
2018-04-05,115303192510.0
2018-04-06,112127244520.0
2018-04-07,116823866082.0
2018-04-08,118933511742.0
2018-04-09,114312345807.0
2018-04-10,115680812981.0
2018-04-11,117868111083.0
2018-04-12,134168881348.0
2018-04-13,134435317905.0
2018-04-14,135931951717.0
2018-04-15,141651021556.0
2018-04-16,136651223943.0
2018-04-17,133962964001.0
2018-04-18,138651452568.0
2018-04-19,140540536591.0
2018-04-20,150179907415.0
2018-04-21,150605949405.0
2018-04-22,149560185920.0
2018-04-23,151783472514.0
2018-04-24,164063731529.0
2018-04-25,150535337359.0
2018-04-26,157507996556.0
2018-04-27,152705962192.0
2018-04-28,158850242092.0
2018-04-29,159806972877.0
2018-04-30,156963205214.0
2018-05-01,154318371549.0
2018-05-02,156579110734.0
2018-05-03,165895717059.0
2018-05-04,164992728890.0
2018-05-05,166701785625.0
2018-05-06,163300448150.0
2018-05-07,158968267897.0
2018-05-08,156820197635.0
2018-05-09,158212056793.0
2018-05-10,153879420907.0
2018-05-11,143374163246.0
2018-05-12,144515816887.0
2018-05-13,148109264821.0
2018-05-14,147701872957.0
2018-05-15,144606798197.0
2018-05-16,141887673799.0
2018-05-17,137177363864.0
2018-05-18,140303513703.0
2018-05-19,140257946354.0
2018-05-20,145078909991.0
2018-05-21,143172261405.0
2018-05-22,136520308522.0
2018-05-23,128238492182.0
2018-05-24,129185693216.0
2018-05-25,126639864444.0
2018-05-26,124965017826.0
2018-05-27,125182866859.0
2018-05-28,121318022844.0
2018-05-29,127179664641.0
2018-05-30,125848348159.0
2018-05-31,127640237773.0
2018-06-01,128357193540.0
2018-06-02,130379250199.0
2018-06-03,131499605437.0
2018-06-04,127837400289.0
2018-06-05,129979876541.0
2018-06-06,130670649499.0
2018-06-07,130943482538.0
2018-06-08,130216857184.0
2018-06-09,129095529857.0
2018-06-10,115243033477.0
2018-06-11,117044251205.0
2018-06-12,111540839589.0
2018-06-13,107789140440.0
2018-06-14,113326836397.0
2018-06-15,109405898594.0
2018-06-16,111054415629.0
2018-06-17,110304156582.0
2018-06-18,114646121395.0
2018-06-19,115149917754.0
2018-06-20,115517012014.0
2018-06-21,114969657641.0
2018-06-22,103676418199.0
2018-06-23,105650371448.0
2018-06-24,105188860296.0
2018-06-25,106861963420.0
2018-06-26,104350132617.0
2018-06-27,105096510905.0
2018-06-28,100305218849.0
2018-06-29,106519491433.0
2018-06-30,109178385109.0
2018-07-01,108947955193.0
2018-07-02,113189218473.0
2018-07-03,111313526945.0
2018-07-04,112712483433.0
2018-07-05,111969299124.0
2018-07-06,113064628503.0
2018-07-07,115466335326.0
2018-07-08,114915153081.0
2018-07-09,114225570190.0
2018-07-10,108153424173.0
2018-07-11,109345176286.0
2018-07-12,105609860436.0
2018-07-13,106470007127.0
2018-07-14,107271377987.0
2018-07-15,108868108962.0
2018-07-16,115107492548.0
2018-07-17,125581453881.0
2018-07-18,126548604827.0
2018-07-19,128125757557.0
2018-07-20,125741438718.0
2018-07-21,127183775646.0
2018-07-22,127010416903.0
2018-07-23,132462078576.0
2018-07-24,144177249065.0
2018-07-25,140849259157.0
2018-07-26,135906762897.0
2018-07-27,140386151039.0
2018-07-28,140685854280.0
2018-07-29,141377467179.0
2018-07-30,140398779909.0
2018-07-31,132738197933.0
2018-08-01,130545588661.0
2018-08-02,129631992555.0
2018-08-03,127389926459.0
2018-08-04,120372902127.0
2018-08-05,120892012706.0
2018-08-06,119156635795.0
2018-08-07,115603003795.0
2018-08-08,107787755829.0
2018-08-09,112799626412.0
2018-08-10,105548767057.0
2018-08-11,108624141325.0
2018-08-12,108652588483.0
2018-08-13,107823918262.0
2018-08-14,106440242656.0
2018-08-15,107922340391.0
2018-08-16,108288222391.0
2018-08-17,112988510839.0
2018-08-18,110181522340.0
2018-08-19,111767485649.0
2018-08-20,108029450489.0
2018-08-21,111487842736.0
2018-08-22,109639314166.0
2018-08-23,112259350134.0
2018-08-24,115395254896.0
2018-08-25,116228582999.0
2018-08-26,115285547057.0
2018-08-27,117874048947.0
2018-08-28,122262155772.0
2018-08-29,121247981675.0
2018-08-30,120115626733.0
2018-08-31,121132253240.0
2018-09-01,124029007769.0
2018-09-02,125668549342.0
2018-09-03,125178060647.0
2018-09-04,126937601872.0
2018-09-05,117152434089.0
2018-09-06,111940508599.0
2018-09-07,110582390618.0
2018-09-08,106782962630.0
2018-09-09,107856240950.0
2018-09-10,108663237923.0
2018-09-11,108381492630.0
2018-09-12,109242573049.0
2018-09-13,112075206593.0
2018-09-14,112151244739.0
2018-09-15,112671557070.0
2018-09-16,112220687642.0
2018-09-17,108106617084.0
2018-09-18,109530014227.0
2018-09-19,110295726993.0
2018-09-20,112289138731.0
2018-09-21,116492037711.0
2018-09-22,115888679519.0
2018-09-23,115860820199.0
2018-09-24,113684901516.0
2018-09-25,110930883871.0
2018-09-26,111751327299.0
2018-09-27,115474621399.0
2018-09-28,114540210220.0
2018-09-29,113884705997.0
2018-09-30,114243836027.0
2018-10-01,113518672787.0
2018-10-02,112611317628.0
2018-10-03,111857194577.0
2018-10-04,113268081863.0
2018-10-05,113968639382.0
2018-10-06,113378821807.0
2018-10-07,113634349430.0
2018-10-08,114339930572.0
2018-10-09,114103829682.0
2018-10-10,113053807013.0
2018-10-11,106661946181.0
2018-10-12,107233687734.0
2018-10-13,107348671930.0
2018-10-14,107101025153.0
2018-10-15,111615002027.0
2018-10-16,111958908237.0
2018-10-17,111637252665.0
2018-10-18,110846868324.0
2018-10-19,110625950760.0
2018-10-20,111073715080.0
2018-10-21,111207633041.0
2018-10-22,111093386674.0
2018-10-23,110896863052.0
2018-10-24,111214824905.0
2018-10-25,111026747755.0
2018-10-26,111069127246.0
2018-10-27,111171887419.0
2018-10-28,111135017070.0
2018-10-29,108655584101.0
2018-10-30,108825982079.0
2018-10-31,109431340954.0
2018-11-01,110079709390.0
2018-11-02,110181145790.0
2018-11-03,109920796925.0
2018-11-04,111457995145.0
2018-11-05,111166153094.0
2018-11-06,111839648400.0
2018-11-07,112887229256.0
2018-11-08,111262585491.0
2018-11-09,109963654430.0
2018-11-10,110351534110.0
2018-11-11,110055678440.0
2018-11-12,109810368310.0
2018-11-13,108903885883.0
2018-11-14,96860778728.0
2018-11-15,96249271454.0
2018-11-16,95518590232.0
2018-11-17,95616781736.0
2018-11-18,96568855949.0
2018-11-19,83310144259.0
2018-11-20,75065364648.0
2018-11-21,79101301550.0
2018-11-22,74835645351.0
2018-11-23,74603724123.0
2018-11-24,66200862129.0
2018-11-25,68651345825.0
2018-11-26,64367741558.0
2018-11-27,65700666908.0
2018-11-28,73220966865.0
2018-11-29,73758300791.0
2018-11-30,69140104360.0
2018-12-01,72187184142.0
2018-12-02,71334608467.0
2018-12-03,66906066120.0
2018-12-04,67765212057.0
2018-12-05,64578231888.0
2018-12-06,61145021210.0
2018-12-07,58730237821.0
2018-12-08,59344289382.0
2018-12-09,61657037841.0
2018-12-10,59453278421.0
2018-12-11,58395608030.0
2018-12-12,59627831863.0
2018-12-13,56799486058.0
2018-12-14,55735757120.0
2018-12-15,55499970404.0
2018-12-16,55684747402.0
2018-12-17,60984890679.0
2018-12-18,63785762864.0
2018-12-19,64458441788.0
2018-12-20,70915331739.0
2018-12-21,66935811078.0
2018-12-22,69138915729.0
2018-12-23,68759096492.0
2018-12-24,70465033649.0
2018-12-25,65615679050.0
2018-12-26,66426839657.0
2018-12-27,62558281193.0
2018-12-28,67723844318.0
2018-12-29,66719803690.0
2018-12-30,66767819607.0
2018-12-31,64362719884.0
2019-01-01,66480521039.0
2019-01-02,68060451678.0
2019-01-03,66080741975.0
2019-01-04,66841085194.0
2019-01-05,66343950645.0
2019-01-06,70671645674.0
2019-01-07,69893107438.0
2019-01-08,69754882486.0
2019-01-09,69966387406.0
2019-01-10,63397403558.0
2019-01-11,63338716517.0
2019-01-12,63220183069.0
2019-01-13,61332359878.0
2019-01-14,64105874436.0
2019-01-15,62614404281.0
2019-01-16,63069620482.0
2019-01-17,63654910177.0
2019-01-18,63124243901.0
2019-01-19,64492311837.0
2019-01-20,61893394903.0
2019-01-21,61852964024.0
2019-01-22,62588022843.0
2019-01-23,62149856463.0
2019-01-24,62431708688.0
2019-01-25,62328681312.0
2019-01-26,62259909456.0
2019-01-27,61925952433.0
2019-01-28,60136836872.0
2019-01-29,59456263677.0
2019-01-30,60198733501.0
2019-01-31,59719179107.0
2019-02-01,60337481688.0
2019-02-02,60639445325.0
2019-02-03,59788561219.0
2019-02-04,59766211643.0
2019-02-05,60036651913.0
2019-02-06,59010514042.0
2019-02-07,58866543277.0
2019-02-08,63318521615.0
2019-02-09,63479353868.0
2019-02-10,63849540741.0
2019-02-11,62954869798.0
2019-02-12,62912990081.0
2019-02-13,62712619512.0
2019-02-14,62470420540.0
2019-02-15,62530283213.0
2019-02-16,62883052979.0
2019-02-17,63557220976.0
2019-02-18,67834397006.0
2019-02-19,68356190720.0
2019-02-20,68997433564.0
2019-02-21,68312619006.0
2019-02-22,69304143089.0
2019-02-23,72152438351.0
2019-02-24,65909970410.0
2019-02-25,67107739353.0
2019-02-26,66661611760.0
2019-02-27,66724622413.0
2019-02-28,66618735760.0
2019-03-01,66937068309.0
2019-03-02,66925976281.0
2019-03-03,66453961890.0
2019-03-04,64980604714.0
2019-03-05,67482252731.0
2019-03-06,67697013072.0
2019-03-07,67772832796.0
2019-03-08,67486497838.0
2019-03-09,68743532749.0
2019-03-10,68636793205.0
2019-03-11,67723358556.0
2019-03-12,67859421694.0
2019-03-13,67743576013.0
2019-03-14,67783152660.0
2019-03-15,68637177204.0
2019-03-16,70191204955.0
2019-03-17,69799925362.0
2019-03-18,69848322304.0
2019-03-19,70327329421.0
2019-03-20,70942373769.0
2019-03-21,69992329936.0
2019-03-22,70134369290.0
2019-03-23,70104412361.0
2019-03-24,69916267990.0
2019-03-25,68824251372.0
2019-03-26,68998541591.0
2019-03-27,70930025424.0
2019-03-28,70654287128.0
2019-03-29,72045026128.0
2019-03-30,72094945657.0
2019-03-31,72144816859.0
2019-04-01,72928925680.0
2019-04-02,86425014363.0
2019-04-03,87429739701.0
2019-04-04,86575394893.0
2019-04-05,88735160418.0
2019-04-06,88940169566.0
2019-04-07,91501582076.0
2019-04-08,93174379314.0
2019-04-09,91633783208.0
2019-04-10,93692375038.0
2019-04-11,89097245092.0
2019-04-12,89674788552.0
2019-04-13,89540963596.0
2019-04-14,90995893159.0
2019-04-15,88995066459.0
2019-04-16,91882212812.0
2019-04-17,92251086789.0
2019-04-18,93181427267.0
2019-04-19,93393585300.0
2019-04-20,93826393814.0
2019-04-21,93515072338.0
2019-04-22,95079212191.0
2019-04-23,97931659199.0
2019-04-24,95948460474.0
2019-04-25,90582999173.0
2019-04-26,90990043973.0
2019-04-27,91557969329.0
2019-04-28,90982937915.0
2019-04-29,90995741358.0
2019-04-30,93087172975.0
2019-05-01,93956778573.0
2019-05-02,95347182688.0
2019-05-03,100048291064.0
2019-05-04,102113834633.0
2019-05-05,101303278127.0
2019-05-06,100665647010.0
2019-05-07,103045876596.0
2019-05-08,104933062110.0
2019-05-09,108807007515.0
2019-05-10,112484857375.0
2019-05-11,129617193425.0
2019-05-12,122863288682.0
2019-05-13,138033162705.0
2019-05-14,140820867694.0
2019-05-15,145432203252.0
2019-05-16,139195067372.0
2019-05-17,129734247988.0
2019-05-18,128881732029.0
2019-05-19,145575486043.0
2019-05-20,141365770225.0
2019-05-21,141428315611.0
2019-05-22,135848233113.0
2019-05-23,139930988344.0
2019-05-24,141534352371.0
2019-05-25,142868475005.0
2019-05-26,154759118459.0
2019-05-27,156288718134.0
2019-05-28,154575429830.0
2019-05-29,153466072521.0
2019-05-30,146676472972.0
2019-05-31,151735657706.0
2019-06-01,151726713913.0
2019-06-02,155102798137.0
2019-06-03,144987698067.0
2019-06-04,135716749976.0
2019-06-05,138368734754.0
2019-06-06,137996648982.0
2019-06-07,142399676820.0
2019-06-08,140918677620.0
2019-06-09,135506326144.0
2019-06-10,141898544055.0
2019-06-11,140655515443.0
2019-06-12,144650582357.0
2019-06-13,146193480447.0
2019-06-14,154473128275.0
2019-06-15,157199041114.0
2019-06-16,160214175079.0
2019-06-17,165932624581.0
2019-06-18,160738189334.0
2019-06-19,164985850921.0
2019-06-20,169652535889.0
2019-06-21,179208052894.0
2019-06-22,189922492510.0
2019-06-23,191886656299.0
2019-06-24,195640133811.0
2019-06-25,208498744036.0
2019-06-26,228745194861.0
2019-06-27,197580309101.0
2019-06-28,219807626215.0
2019-06-29,212472603036.0
2019-06-30,192894947241.0
2019-07-01,188055893489.0
2019-07-02,191573891684.0
2019-07-03,212702475874.0
2019-07-04,198933374583.0
2019-07-05,195780355764.0
2019-07-06,199540374641.0
2019-07-07,203976688321.0
2019-07-08,219377585918.0
2019-07-09,224022488887.0
2019-07-10,215630337157.0
2019-07-11,201184389109.0
2019-07-12,210446887988.0
2019-07-13,202156723718.0
2019-07-14,183223251319.0
2019-07-15,194705554173.0
2019-07-16,168792705558.0
2019-07-17,172439830467.0
2019-07-18,190368702560.0
2019-07-19,187751704487.0
2019-07-20,193666411427.0
2019-07-21,188819945032.0
2019-07-22,184005658485.0
2019-07-23,175964578120.0
2019-07-24,174664328143.0
2019-07-25,176544952190.0
2019-07-26,175486349267.0
2019-07-27,168546269397.0
2019-07-28,170050073655.0
2019-07-29,169612691476.0
2019-07-30,171145748173.0
2019-07-31,179553898940.0
2019-08-01,185664640930.0
2019-08-02,187996689088.0
2019-08-03,193032157623.0
2019-08-04,196199326743.0
2019-08-05,210569737010.0
2019-08-06,204046558538.0
2019-08-07,213782385229.0
2019-08-08,213284826435.0
2019-08-09,211879263224.0
2019-08-10,201991078713.0
2019-08-11,206059922093.0
2019-08-12,203478588610.0
2019-08-13,194248112858.0
2019-08-14,179204378647.0
2019-08-15,184332141844.0
2019-08-16,185481788307.0
2019-08-17,182526956766.0
2019-08-18,184763389454.0
2019-08-19,194681043999.0
2019-08-20,192676295263.0
2019-08-21,180627040560.0
2019-08-22,181054264798.0
2019-08-23,186341894023.0
2019-08-24,181583695633.0
2019-08-25,180767017751.0
2019-08-26,185478932955.0
2019-08-27,182016172175.0
2019-08-28,174097062904.0
2019-08-29,169775503541.0
2019-08-30,171502153434.0
2019-08-31,172011746948.0
2019-09-01,174857169694.0
2019-09-02,185880621504.0
2019-09-03,190227159593.0
2019-09-04,189500976757.0
2019-09-05,189575535962.0
2019-09-06,185128360458.0
2019-09-07,188080767893.0
2019-09-08,186540270101.0
2019-09-09,185218386706.0
2019-09-10,180822381554.0
2019-09-11,181853200819.0
2019-09-12,186557392548.0
2019-09-13,185536329259.0
2019-09-14,185881272899.0
2019-09-15,184872765328.0
2019-09-16,184026415589.0
2019-09-17,182929195196.0
2019-09-18,182336024903.0
2019-09-19,184276366928.0
2019-09-20,182532056233.0
2019-09-21,179255413646.0
2019-09-22,180364159936.0
2019-09-23,174018067347.0
2019-09-24,154661954271.0
2019-09-25,151275587934.0
2019-09-26,145322739599.0
2019-09-27,147043914260.0
2019-09-28,147333213816.0
2019-09-29,144877514939.0
2019-09-30,148804744751.0
2019-10-01,149397874177.0
2019-10-02,150275449306.0
2019-10-03,148346417595.0
2019-10-04,146768142907.0
2019-10-05,146351909719.0
2019-10-06,141207071249.0
2019-10-07,147900136389.0
2019-10-08,147271106419.0
2019-10-09,154626316412.0
2019-10-10,154279677489.0
2019-10-11,149111820479.0
2019-10-12,149735357197.0
2019-10-13,149165443075.0
2019-10-14,150171135375.0
2019-10-15,146846350584.0
2019-10-16,144038130124.0
2019-10-17,145288400109.0
2019-10-18,143267715789.0
2019-10-19,143086440876.0
2019-10-20,147876063651.0
2019-10-21,147855396336.0
2019-10-22,144587259214.0
2019-10-23,134317490459.0
2019-10-24,134263882621.0
2019-10-25,155933669952.0
2019-10-26,166631506034.0
2019-10-27,172203011254.0
2019-10-28,167913113182.0
2019-10-29,169947332706.0
2019-10-30,165487489406.0
2019-10-31,165005606900.0
2019-11-01,166752723155.0
2019-11-02,167648074938.0
2019-11-03,166031641061.0
2019-11-04,169810017601.0
2019-11-05,168247901532.0
2019-11-06,168698728156.0
2019-11-07,166114161587.0
2019-11-08,158564167665.0
2019-11-09,158930846703.0
2019-11-10,163136392080.0
2019-11-11,157205264289.0
2019-11-12,158586794627.0
2019-11-13,158200496545.0
2019-11-14,156029949234.0
2019-11-15,152806067827.0
2019-11-16,153034960324.0
2019-11-17,153547224951.0
2019-11-18,147755065063.0
2019-11-19,146565470021.0
2019-11-20,145852722324.0
2019-11-21,137481479122.0
2019-11-22,131447679172.0
2019-11-23,132318073498.0
2019-11-24,125438714449.0
2019-11-25,128984724286.0
2019-11-26,129472508033.0
2019-11-27,136016204690.0
2019-11-28,134395456014.0
2019-11-29,140036528598.0
2019-11-30,136586360852.0
2019-12-01,134096317372.0
2019-12-02,132312381313.0
2019-12-03,132112273441.0
2019-12-04,130474208010.0
2019-12-05,133906647430.0
2019-12-06,136273617301.0
2019-12-07,135887592948.0
2019-12-08,136206847610.0
2019-12-09,132806403797.0
2019-12-10,130863289278.0
2019-12-11,130302879541.0
2019-12-12,130177025517.0
2019-12-13,131132882826.0
2019-12-14,128000507531.0
2019-12-15,128738856952.0
2019-12-16,124608648046.0
2019-12-17,119669663002.0
2019-12-18,131916225312.0
2019-12-19,129422936634.0
2019-12-20,130126090250.0
2019-12-21,129346265140.0
2019-12-22,135504930440.0
2019-12-23,132661793688.0
2019-12-24,131112709027.0
2019-12-25,130318672682.0
2019-12-26,130396495065.0
2019-12-27,131180081114.0
2019-12-28,132453312459.0
2019-12-29,134007321546.0
2019-12-30,131082017205.0
2019-12-31,129970799112.0
2020-01-01,130045090386.0
2020-01-02,125998424153.0
2020-01-03,132697278149.0
2020-01-04,133217976217.0
2020-01-05,133275875182.0
2020-01-06,140914223163.0
2020-01-07,147651200707.0
2020-01-08,146279253219.0
2020-01-09,141892197200.0
2020-01-10,147582961220.0
2020-01-11,145823708889.0
2020-01-12,148245508557.0
2020-01-13,147486087357.0
2020-01-14,160363065667.0
2020-01-15,160039732750.0
2020-01-16,158372266765.0
2020-01-17,161911295167.0
2020-01-18,162210132690.0
2020-01-19,157851016737.0
2020-01-20,156938999927.0
2020-01-21,158674938269.0
2020-01-22,157183956413.0
2020-01-23,152083761530.0
2020-01-24,153136024722.0
2020-01-25,151723896968.0
2020-01-26,155904701538.0
2020-01-27,161884843102.0
2020-01-28,169092343462.0
2020-01-29,169375757161.0
2020-01-30,172977064841.0
2020-01-31,170235489635.0
2020-02-01,170700764231.0
2020-02-02,169944201722.0
2020-02-03,168877320923.0
2020-02-04,166741659169.0
2020-02-05,175251271662.0
2020-02-06,177290742754.0
2020-02-07,178418176338.0
2020-02-08,180456453565.0
2020-02-09,184841757421.0
2020-02-10,179781557318.0
2020-02-11,187082260809.0
2020-02-12,188701754427.0
2020-02-13,186449612689.0
2020-02-14,188764467554.0
2020-02-15,180586089680.0
2020-02-16,181338404100.0
2020-02-17,176456501279.0
2020-02-18,185809970500.0
2020-02-19,175633653604.0
2020-02-20,175248312860.0
2020-02-21,176866847060.0
2020-02-22,176400759692.0
2020-02-23,181844233521.0
2020-02-24,175938223869.0
2020-02-25,170416481768.0
2020-02-26,160484737732.0
2020-02-27,160138648318.0
2020-02-28,159637227806.0
2020-02-29,156578133371.0
2020-03-01,155861469107.0
2020-03-02,162527997441.0
2020-03-03,160037302983.0
2020-03-04,159828523652.0
2020-03-05,165436849062.0
2020-03-06,166996546604.0
2020-03-07,162472116275.0
2020-03-08,148087581460.0
2020-03-09,144208663317.0
2020-03-10,144469037208.0
2020-03-11,145018062262.0
2020-03-12,90594963612.0
2020-03-13,102813464913.0
2020-03-14,94006442636.0
2020-03-15,97914100476.0
2020-03-16,91605131343.0
2020-03-17,98992911188.0
2020-03-18,98556166962.0
2020-03-19,113387926284.0
2020-03-20,112858928752.0
2020-03-21,112899238722.0
2020-03-22,106596676163.0
2020-03-23,118596229880.0
2020-03-24,123885010001.0
2020-03-25,122336819603.0
2020-03-26,123529655865.0
2020-03-27,118720168235.0
2020-03-28,113993881635.0
2020-03-29,108024157456.0
2020-03-30,117769335877.0
2020-03-31,117699377551.0
2020-04-01,121567948719.0
2020-04-02,124319187620.0
2020-04-03,123582890115.0
2020-04-04,125574707300.0
2020-04-05,124323256507.0
2020-04-06,133623484237.0
2020-04-07,131613942981.0
2020-04-08,135007499015.0
2020-04-09,133691736772.0
2020-04-10,125651576499.0
2020-04-11,126093134475.0
2020-04-12,127855655280.0
2020-04-13,125761756556.0
2020-04-14,125995393497.0
2020-04-15,121426948476.0
2020-04-16,130646764661.0
2020-04-17,129807584724.0
2020-04-18,133147082135.0
2020-04-19,131097348953.0
2020-04-20,125666280331.0
2020-04-21,125993555760.0
2020-04-22,130649148893.0
2020-04-23,137355657613.0
2020-04-24,137696355774.0
2020-04-25,138283235767.0
2020-04-26,140980890872.0
2020-04-27,142708646057.0
2020-04-28,142584301338.0
2020-04-29,160803082692.0
2020-04-30,158809421389.0
2020-05-01,162553244139.0
2020-05-02,164804644177.0
2020-05-03,163345766861.0
2020-05-04,163090820831.0
2020-05-05,165016848605.0
2020-05-06,170193754397.0
2020-05-07,183563057936.0
2020-05-08,181110769243.0
2020-05-09,175947135264.0
2020-05-10,160124072158.0
2020-05-11,157872468636.0
2020-05-12,162025896130.0
2020-05-13,171326433777.0
2020-05-14,180122509713.0
2020-05-15,171411642924.0
2020-05-16,172679781082.0
2020-05-17,177961786343.0
2020-05-18,178784109758.0
2020-05-19,179293853009.0
2020-05-20,174916798055.0
2020-05-21,166709322797.0
2020-05-22,168425526445.0
2020-05-23,168833981125.0
2020-05-24,161901602384.0
2020-05-25,163801506583.0
2020-05-26,162446796725.0
2020-05-27,168594311360.0
2020-05-28,175942441112.0
2020-05-29,173451927876.0
2020-05-30,178229021213.0
2020-05-31,173498114784.0
2020-06-01,187579162621.0
2020-06-02,174955641656.0
2020-06-03,177353695667.0
2020-06-04,180509824980.0
2020-06-05,177366559896.0
2020-06-06,177871013186.0
2020-06-07,179332370530.0
2020-06-08,179742635817.0
2020-06-09,179937869951.0
2020-06-10,181953971577.0
2020-06-11,170722019603.0
2020-06-12,174020249655.0
2020-06-13,174124777106.0
2020-06-14,171956092424.0
2020-06-15,173775784554.0
2020-06-16,175233403356.0
2020-06-17,173927344700.0
2020-06-18,172853988353.0
2020-06-19,170947837087.0
2020-06-20,172268442692.0
2020-06-21,170941759573.0
2020-06-22,178312062949.0
2020-06-23,176979435527.0
2020-06-24,171117809729.0
2020-06-25,170282202496.0
2020-06-26,168676929868.0
2020-06-27,165788426484.0
2020-06-28,167747274213.0
2020-06-29,169158669350.0
2020-06-30,168425183324.0
2020-07-01,170228061577.0
2020-07-02,167530480365.0
2020-07-03,167029509726.0
2020-07-04,168135124719.0
2020-07-05,167285746564.0
2020-07-06,172072688838.0
2020-07-07,170482981402.0
2020-07-08,173853010956.0
2020-07-09,170120535332.0
2020-07-10,171119820223.0
2020-07-11,170243300036.0
2020-07-12,171209151296.0
2020-07-13,170250451857.0
2020-07-14,170696262855.0
2020-07-15,169531276216.0
2020-07-16,168356814755.0
2020-07-17,168803722441.0
2020-07-18,169169500525.0
2020-07-19,169968646771.0
2020-07-20,169024417398.0
2020-07-21,173113620549.0
2020-07-22,175753097016.0
2020-07-23,177197885134.0
2020-07-24,176081404997.0
2020-07-25,178936500442.0
2020-07-26,183214872171.0
2020-07-27,203745302795.0
2020-07-28,201875831190.0
2020-07-29,205043166412.0
2020-07-30,205414465077.0
2020-07-31,209166479251.0
2020-08-01,217651287744.0
2020-08-02,204681196754.0
2020-08-03,207313812356.0
2020-08-04,206706903819.0
2020-08-05,216288798767.0
2020-08-06,217183602498.0
2020-08-07,214051270852.0
2020-08-08,216719847497.0
2020-08-09,215577945676.0
2020-08-10,219092059150.0
2020-08-11,210285619725.0
2020-08-12,213672365985.0
2020-08-13,217336876532.0
2020-08-14,217366890108.0
2020-08-15,219086138168.0
2020-08-16,219701746156.0
2020-08-17,227394137697.0
2020-08-18,221439640459.0
2020-08-19,216725667041.0
2020-08-20,219149394202.0
2020-08-21,212829910158.0
2020-08-22,215750103402.0
2020-08-23,215453504049.0
2020-08-24,217418476236.0
2020-08-25,209800287565.0
2020-08-26,211908661339.0
2020-08-27,209010787352.0
2020-08-28,212961048996.0
2020-08-29,212285783092.0
2020-08-30,216141703644.0
2020-08-31,215771551563.0
2020-09-01,221178432037.0
2020-09-02,210918284052.0
2020-09-03,189620855868.0
2020-09-04,193518977098.0
2020-09-05,187183394233.0
2020-09-06,189496729938.0
2020-09-07,191625655657.0
2020-09-08,186843957815.0
2020-09-09,188969405737.0
2020-09-10,191040993380.0
2020-09-11,192018408645.0
2020-09-12,192953023670.0
2020-09-13,190847509504.0
2020-09-14,197148942307.0
2020-09-15,199316464219.0
2020-09-16,202820681602.0
2020-09-17,202240606289.0
2020-09-18,201952658938.0
2020-09-19,204804828424.0
2020-09-20,201992962103.0
2020-09-21,193386546244.0
2020-09-22,194587288925.0
2020-09-23,189296198403.0
2020-09-24,198660661113.0
2020-09-25,197646881317.0
2020-09-26,198737347445.0
2020-09-27,199058270211.0
2020-09-28,198485049768.0
2020-09-29,200599609229.0
2020-09-30,199337235089.0
2020-10-01,196278618504.0
2020-10-02,195611944028.0
2020-10-03,195355412926.0
2020-10-04,197400118730.0
2020-10-05,199390223521.0
2020-10-06,196136406785.0
2020-10-07,197457351294.0
2020-10-08,201824607685.0
2020-10-09,205010561255.0
2020-10-10,209255428097.0
2020-10-11,210661427269.0
2020-10-12,213822180182.0
2020-10-13,211733795570.0
2020-10-14,211413713272.0
2020-10-15,213007298066.0
2020-10-16,209988812323.0
2020-10-17,210440997244.0
2020-10-18,212798348507.0
2020-10-19,217552387641.0
2020-10-20,220964546714.0
2020-10-21,237997872158.0
2020-10-22,240769151101.0
2020-10-23,239963373093.0
2020-10-24,242947944357.0
2020-10-25,241619421844.0
2020-10-26,242351238993.0
2020-10-27,253381084991.0
2020-10-28,246252469508.0
2020-10-29,249687307271.0
2020-10-30,252069964041.0
2020-10-31,255858690808.0
2020-11-01,254566075299.0
2020-11-02,251954997135.0
2020-11-03,259405133239.0
2020-11-04,261869847340.0
2020-11-05,289264831870.0
2020-11-06,289511558680.0
2020-11-07,275574713602.0
2020-11-08,287333823624.0
2020-11-09,284011407032.0
2020-11-10,284015391004.0
2020-11-11,291667576116.0
2020-11-12,302040192102.0
2020-11-13,302800641127.0
2020-11-14,298586257209.0
2020-11-15,296464022985.0
2020-11-16,310505840496.0
2020-11-17,327939414604.0
2020-11-18,330230533165.0
2020-11-19,330505057658.0
2020-11-20,346200022368.0
2020-11-21,347013829882.0
2020-11-22,342880566989.0
2020-11-23,340867272938.0
2020-11-24,355298609041.0
2020-11-25,347861028435.0
2020-11-26,317546987941.0
2020-11-27,317338674284.0
2020-11-28,329301680034.0
2020-11-29,337585701790.0
2020-11-30,364945525706.0
2020-12-01,349303591166.0
2020-12-02,356636727016.0
2020-12-03,361396895344.0
2020-12-04,347727590892.0
2020-12-05,354829406548.0
2020-12-06,359332231928.0
2020-12-07,356117524230.0
2020-12-08,340517159296.0
2020-12-09,344872497186.0
2020-12-10,339691449525.0
2020-12-11,335379162360.0
2020-12-12,349349325776.0
2020-12-13,355733532180.0
2020-12-14,358177564949.0
2020-12-15,360902935454.0
2020-12-16,396917110351.0
2020-12-17,423282074599.0
2020-12-18,428124525373.0
2020-12-19,443156630307.0
2020-12-20,437081860160.0
2020-12-21,426120094395.0
2020-12-22,441365046263.0
2020-12-23,433034297725.0
2020-12-24,440491441936.0
2020-12-25,458379042147.0
2020-12-26,492013050504.0
2020-12-27,491160219103.0
2020-12-28,502494772100.0
2020-12-29,506086032710.0
2020-12-30,536101921073.0
2020-12-31,539441388030.0
2021-01-01,546123272590.0
2021-01-02,595262299160.0
2021-01-03,618626936449.0
2021-01-04,591228627331.0
2021-01-05,632366860903.0
2021-01-06,681305813105.0
2021-01-07,729174942657.0
2021-01-08,758214680099.0
2021-01-09,750723981944.0
2021-01-10,712801739057.0
2021-01-11,655932811965.0
2021-01-12,627006493876.0
2021-01-13,693700965813.0
2021-01-14,726267001113.0
2021-01-15,682866609536.0
2021-01-16,672984205338.0
2021-01-17,671017747597.0
2021-01-18,680805649186.0
2021-01-19,674436786184.0
2021-01-20,660799562909.0
2021-01-21,577236765328.0
2021-01-22,613799933931.0
2021-01-23,596151049201.0
2021-01-24,599525276803.0
2021-01-25,603342567062.0
2021-01-26,607487059172.0
2021-01-27,565048354264.0
2021-01-28,623751131790.0
2021-01-29,635972641066.0
2021-01-30,639422511061.0
2021-01-31,617261741251.0
2021-02-01,624964623033.0
2021-02-02,662713622887.0
2021-02-03,699653042695.0
2021-02-04,691327294032.0
2021-02-05,708426864830.0
2021-02-06,732604037089.0
2021-02-07,726334667736.0
2021-02-08,858953685020.0
2021-02-09,866933160143.0
2021-02-10,839594904533.0
2021-02-11,892058461590.0
2021-02-12,885253081022.0
2021-02-13,879402263107.0
2021-02-14,909647017116.0
2021-02-15,896287524857.0
2021-02-16,915516034419.0
2021-02-17,973028220228.0
2021-02-18,962361657680.0
2021-02-19,1040119985987.0
2021-02-20,1040940814716.0
2021-02-21,1071530978099.0
2021-02-22,1005448041778.0
2021-02-23,905007959207.0
2021-02-24,923821685554.0
2021-02-25,886607289247.0
2021-02-26,861739395614.0
2021-02-27,854379730435.0
2021-02-28,845561698559.0
2021-03-01,925293484701.0
2021-03-02,900547396140.0
2021-03-03,945073444270.0
2021-03-04,903765934808.0
2021-03-05,909927285418.0
2021-03-06,913138122158.0
2021-03-07,952640081754.0
2021-03-08,971375568436.0
2021-03-09,1020854485706.0
2021-03-10,1046585269945.0
2021-03-11,1078920786628.0
2021-03-12,1069413682212.0
2021-03-13,1143221861398.0
2021-03-14,1117480223466.0
2021-03-15,1046936085343.0
2021-03-16,1054064969221.0
2021-03-17,1094833523738.0
2021-03-18,1077134892562.0
2021-03-19,1085335421882.0
2021-03-20,1086879746950.0
2021-03-21,1072009014285.0
2021-03-22,1016175922879.0
2021-03-23,1018292446531.0
2021-03-24,981610902743.0
2021-03-25,962095893979.0
2021-03-26,1023188726799.0
2021-03-27,1045679651162.0
2021-03-28,1040008229552.0
2021-03-29,1074749924160.0
2021-03-30,1095587035147.0
2021-03-31,1097654385790.0
2021-04-01,1098207717359.0
2021-04-02,1102228015143.0
2021-04-03,1069615151363.0
2021-04-04,1086843565004.0
2021-04-05,1097239539434.0
2021-04-06,1084746506903.0
2021-04-07,1050864084697.0
2021-04-08,1082597392463.0
2021-04-09,1084303948234.0
2021-04-10,1114243840832.0
2021-04-11,1119553954624.0
2021-04-12,1119103609635.0
2021-04-13,1185285134032.0
2021-04-14,1174574736641.0
2021-04-15,1181399636376.0
2021-04-16,1150423144089.0
2021-04-17,1126350100666.0
2021-04-18,1053684397565.0
2021-04-19,1042667048312.0
2021-04-20,1055348665899.0
2021-04-21,1009625741735.0
2021-04-22,969610235958.0
2021-04-23,952325970165.0
2021-04-24,939756772128.0
2021-04-25,914885342158.0
2021-04-26,1008313501251.0
2021-04-27,1028618591575.0
2021-04-28,1024187402746.0
2021-04-29,1001416180883.0
2021-04-30,1079506639631.0
2021-05-01,1081840491824.0
2021-05-02,1057768979625.0
2021-05-03,1070367974740.0
2021-05-04,1004629436534.0
2021-05-05,1072339978638.0
2021-05-06,1057165033263.0
2021-05-07,1072444644672.0
2021-05-08,1098599047838.0
2021-05-09,1090293033441.0
2021-05-10,1045734857477.0
2021-05-11,1059061727701.0
2021-05-12,953611860143.0
2021-05-13,923658096010.0
2021-05-14,935464104038.0
2021-05-15,880315632143.0
2021-05-16,861166199739.0
2021-05-17,813856084507.0
2021-05-18,800735611048.0
2021-05-19,704442601059.0
2021-05-20,763549093519.0
2021-05-21,695732487371.0
2021-05-22,704538961589.0
2021-05-23,650864282818.0
2021-05-24,723070720338.0
2021-05-25,716349841273.0
2021-05-26,733695914431.0
2021-05-27,720920116469.0
2021-05-28,666394144397.0
2021-05-29,649291762343.0
2021-05-30,667490155247.0
2021-05-31,698617127163.0
2021-06-01,686449707667.0
2021-06-02,704802337797.0
2021-06-03,733313467821.0
2021-06-04,690727440913.0
2021-06-05,663137983380.0
2021-06-06,668996465742.0
2021-06-07,631647921036.0
2021-06-08,626999384040.0
2021-06-09,700038595390.0
2021-06-10,689820071889.0
2021-06-11,696576540388.0
2021-06-12,668203294294.0
2021-06-13,729235864486.0
2021-06-14,757936603875.0
2021-06-15,754204861842.0
2021-06-16,716966667413.0
2021-06-17,712371477843.0
2021-06-18,669221924127.0
2021-06-19,666277887602.0
2021-06-20,667125112359.0
2021-06-21,594347052677.0
2021-06-22,607097459293.0
2021-06-23,629906295954.0
2021-06-24,649578904367.0
2021-06-25,593834396796.0
2021-06-26,597735121992.0
2021-06-27,646776516888.0
2021-06-28,644353080432.0
2021-06-29,673569017034.0
2021-06-30,657312026713.0
2021-07-01,628082261641.0
2021-07-02,633310097345.0
2021-07-03,648433656984.0
2021-07-04,662845391401.0
2021-07-05,635804056014.0
2021-07-06,639813352298.0
2021-07-07,636232696007.0
2021-07-08,615411488299.0
2021-07-09,635976090720.0
2021-07-10,630310480193.0
2021-07-11,642479813682.0
2021-07-12,621441410377.0
2021-07-13,612218213637.0
2021-07-14,615184714796.0
2021-07-15,594754222804.0
2021-07-16,590057361252.0
2021-07-17,591815707710.0
2021-07-18,594841083621.0
2021-07-19,579411146950.0
2021-07-20,558481103180.0
2021-07-21,602657114950.0
2021-07-22,606202373833.0
2021-07-23,627483146930.0
2021-07-24,641163936367.0
2021-07-25,659081599894.0
2021-07-26,702746127516.0
2021-07-27,734350141187.0
2021-07-28,749641699746.0
2021-07-29,752440356958.0
2021-07-30,784459439061.0
2021-07-31,784569163457.0
2021-08-01,750359938438.0
2021-08-02,737914727506.0
2021-08-03,718892321501.0
2021-08-04,746809379233.0
2021-08-05,768776213304.0
2021-08-06,803532575810.0
2021-08-07,835399743972.0
2021-08-08,825816854269.0
2021-08-09,868930647608.0
2021-08-10,854387253429.0
2021-08-11,857951571940.0
2021-08-12,834127847704.0
2021-08-13,896378630904.0
2021-08-14,885282092634.0
2021-08-15,884399444211.0
2021-08-16,863974140188.0
2021-08-17,840149375515.0
2021-08-18,844701768565.0
2021-08-19,876549048192.0
2021-08-20,925342094184.0
2021-08-21,922188388144.0
2021-08-22,927746814155.0
2021-08-23,932084698996.0
2021-08-24,900836074832.0
2021-08-25,921118598354.0
2021-08-26,887101213689.0
2021-08-27,922075783020.0
2021-08-28,918434048710.0
2021-08-29,920284316512.0
2021-08-30,886057523557.0
2021-08-31,887857550978.0
2021-09-01,915526177256.0
2021-09-02,928378409763.0
2021-09-03,937656640132.0
2021-09-04,938815345553.0
2021-09-05,973248018531.0
2021-09-06,990098733767.0
2021-09-07,881313121255.0
2021-09-08,868818919448.0
2021-09-09,873764452663.0
2021-09-10,842133598885.0
2021-09-11,848445725720.0
2021-09-12,868844353748.0
2021-09-13,846517459124.0
2021-09-14,884781986136.0
2021-09-15,906361101242.0
2021-09-16,899442060629.0
2021-09-17,888504590280.0
2021-09-18,907185981599.0
2021-09-19,888685620898.0
2021-09-20,806615435806.0
2021-09-21,762810354584.0
2021-09-22,820275900833.0
2021-09-23,844486179447.0
2021-09-24,805785377803.0
2021-09-25,804542930368.0
2021-09-26,812036112157.0
2021-09-27,800131333256.0
2021-09-28,776202415862.0
2021-09-29,780569792316.0
2021-09-30,824444822184.0
2021-10-01,905395355940.0
2021-10-02,900071424943.0
2021-10-03,907841574218.0
2021-10-04,928340914897.0
2021-10-05,971140330173.0
2021-10-06,1043925117637.0
2021-10-07,1013558008448.0
2021-10-08,1016016649274.0
2021-10-09,1036364523576.0
2021-10-10,1030585445349.0
2021-10-11,1079394515905.0
2021-10-12,1058848098456.0
2021-10-13,1080628058360.0
2021-10-14,1081339414302.0
2021-10-15,1157938398433.0
2021-10-16,1148302435529.0
2021-10-17,1158355075187.0
2021-10-18,1168115306327.0
2021-10-19,1211787792746.0
2021-10-20,1245228121160.0
2021-10-21,1175770746967.0
2021-10-22,1145238131036.0
2021-10-23,1154702638465.0
2021-10-24,1147509590176.0
2021-10-25,1188421618593.0
2021-10-26,1138746241357.0
2021-10-27,1104286370829.0
2021-10-28,1142080144447.0
2021-10-29,1173567203302.0
2021-10-30,1164426258908.0
2021-10-31,1158634265025.0
2021-11-01,1152261825760.0
2021-11-02,1188775936158.0
2021-11-03,1187542227941.0
2021-11-04,1158131273454.0
2021-11-05,1150870233190.0
2021-11-06,1159403746543.0
2021-11-07,1189437680907.0
2021-11-08,1274356316855.0
2021-11-09,1266001867364.0
2021-11-10,1221918863232.0
2021-11-11,1225886245880.0
2021-11-12,1209262243096.0
2021-11-13,1215340475003.0
2021-11-14,1227377584620.0
2021-11-15,1203303942754.0
2021-11-16,1138602607167.0
2021-11-17,1135484006197.0
2021-11-18,1072108247664.0
2021-11-19,1095186409046.0
2021-11-20,1128001356409.0
2021-11-21,1114516759935.0
2021-11-22,1064553089484.0
2021-11-23,1088365599085.0
2021-11-24,1078972757536.0
2021-11-25,1114270770425.0
2021-11-26,1015970869547.0
2021-11-27,1031792837560.0
2021-11-28,1081182893172.0
2021-11-29,1093928555762.0
2021-11-30,1078419474710.0
2021-12-01,1080047374364.0
2021-12-02,1068812318596.0
2021-12-03,1013876621204.0
2021-12-04,928693162457.0
2021-12-05,931905952036.0
2021-12-06,954788531822.0
2021-12-07,955574953843.0
2021-12-08,954233222627.0
2021-12-09,905856172565.0
2021-12-10,896442961102.0
2021-12-11,932102527467.0
2021-12-12,947544868724.0
2021-12-13,884250008348.0
2021-12-14,912783912998.0
2021-12-15,922994595222.0
2021-12-16,900967365794.0
2021-12-17,875889128104.0
2021-12-18,886709082169.0
2021-12-19,886214966719.0
2021-12-20,887738205496.0
2021-12-21,928006827612.0
2021-12-22,920678726100.0
2021-12-23,958937905484.0
2021-12-24,960325802399.0
2021-12-25,956715386645.0
2021-12-26,960688686557.0
2021-12-27,960699193954.0
2021-12-28,901668291918.0
2021-12-29,878962608918.0
2021-12-30,890954276503.0
2021-12-31,876861223766.0
2022-01-01,899704292195.0
2022-01-02,895826639880.0
2022-01-03,878857424266.0
2022-01-04,868541933981.0
2022-01-05,823647361550.0
2022-01-06,816383641933.0
2022-01-07,785536046142.0
2022-01-08,791005030826.0
2022-01-09,792682352625.0
2022-01-10,791403311312.0
2022-01-11,809447924742.0
2022-01-12,832062440496.0
2022-01-13,806858094234.0
2022-01-14,815906720814.0
2022-01-15,817920712548.0
2022-01-16,817252077983.0
2022-01-17,799165933858.0
2022-01-18,803366428291.0
2022-01-19,791227795959.0
2022-01-20,771738138088.0
2022-01-21,691030724676.0
2022-01-22,662733218969.0
2022-01-23,686903645044.0
2022-01-24,694298766581.0
2022-01-25,699880378325.0
2022-01-26,697509429274.0
2022-01-27,701254263146.0
2022-01-28,715438283447.0
2022-01-29,721524832281.0
2022-01-30,719574502509.0
2022-01-31,728686388266.0
2022-02-01,734886466082.0
2022-02-02,699953961573.0
2022-02-03,702173027376.0
2022-02-04,778420574646.0
2022-02-05,786574393907.0
2022-02-06,802716166347.0
2022-02-07,831762282837.0
2022-02-08,837082119037.0
2022-02-09,841624618494.0
2022-02-10,826677702004.0
2022-02-11,802889388937.0
2022-02-12,799453385156.0
2022-02-13,799914657954.0
2022-02-14,808496975466.0
2022-02-15,843916967903.0
2022-02-16,835500283615.0
2022-02-17,770019212409.0
2022-02-18,759324202408.0
2022-02-19,760341255739.0
2022-02-20,731091944780.0
2022-02-21,703554688345.0
2022-02-22,724538639899.0
2022-02-23,707612117151.0
2022-02-24,726146059494.0
2022-02-25,745904763137.0
2022-02-26,740867098958.0
2022-02-27,714497979064.0
2022-02-28,819148711995.0
2022-03-01,841108826271.0
2022-03-02,834508464680.0
2022-03-03,806244025712.0
2022-03-04,742026135336.0
2022-03-05,747321460591.0
2022-03-06,728670905368.0
2022-03-07,723912662220.0
2022-03-08,734931320622.0
2022-03-09,796910249371.0
2022-03-10,749363333210.0
2022-03-11,736929136350.0
2022-03-12,739354221516.0
2022-03-13,717697507253.0
2022-03-14,752677094104.0
2022-03-15,747163714203.0
2022-03-16,780330370070.0
2022-03-17,777801385658.0
2022-03-18,794161288273.0
2022-03-19,801171332567.0
2022-03-20,784151376120.0
2022-03-21,779817561038.0
2022-03-22,804900030311.0
2022-03-23,811605189141.0
2022-03-24,835201966315.0
2022-03-25,842318907292.0
2022-03-26,845647593448.0
2022-03-27,888562475596.0
2022-03-28,897089950914.0
2022-03-29,901695013251.0
2022-03-30,895267763639.0
2022-03-31,865648898575.0
2022-04-01,878763543516.0
2022-04-02,872903917446.0
2022-04-03,882457046123.0
2022-04-04,886730287351.0
2022-04-05,868339514524.0
2022-04-06,822997272031.0
2022-04-07,828054180680.0
2022-04-08,802489465551.0
2022-04-09,811252805066.0
2022-04-10,803372627469.0
2022-04-11,751695772760.0
2022-04-12,762233627486.0
2022-04-13,782351625652.0
2022-04-14,758883634884.0
2022-04-15,770536726947.0
2022-04-16,768902341981.0
2022-04-17,754972012082.0
2022-04-18,776190301537.0
2022-04-19,788977754146.0
2022-04-20,787231256989.0
2022-04-21,769432984436.0
2022-04-22,755782416405.0
2022-04-23,752864909084.0
2022-04-24,751560334690.0
2022-04-25,769901695374.0
2022-04-26,724263590331.0
2022-04-27,746100751520.0
2022-04-28,756205933276.0
2022-04-29,734582468278.0
2022-04-30,717581783128.0
2022-05-01,731799466487.0
2022-05-02,733870898707.0
2022-05-03,717509825232.0
2022-05-04,754415354858.0
2022-05-05,694697804871.0
2022-05-06,685993738939.0
2022-05-07,675856548991.0
2022-05-08,648294631563.0
2022-05-09,579781151872.0
2022-05-10,589953144393.0
2022-05-11,548209905805.0
2022-05-12,552691998324.0
2022-05-13,557578891037.0
2022-05-14,572189373052.0
2022-05-15,593741420972.0
2022-05-16,569152162705.0
2022-05-17,579626118555.0
2022-05-18,547906490196.0
2022-05-19,576240952956.0
2022-05-20,556579372166.0
2022-05-21,560333845442.0
2022-05-22,577723026488.0
2022-05-23,554065152212.0
2022-05-24,564667107636.0
2022-05-25,563428453326.0
2022-05-26,558791512891.0
2022-05-27,545091530563.0
2022-05-28,553376665777.0
2022-05-29,560730506232.0
2022-05-30,604695051034.0
2022-05-31,606542882732.0
2022-06-01,568353965210.0
2022-06-02,581304153912.0
2022-06-03,565292782986.0
2022-06-04,567791106824.0
2022-06-05,570162600125.0
2022-06-06,597222968139.0
2022-06-07,594230751342.0
2022-06-08,576221747994.0
2022-06-09,573123374270.0
2022-06-10,554199695711.0
2022-06-11,540698947091.0
2022-06-12,511541120875.0
2022-06-13,425496087753.0
2022-06-14,420875585257.0
2022-06-15,429439638534.0
2022-06-16,387301460757.0
2022-06-17,390266293445.0
2022-06-18,362613076008.0
2022-06-19,390825178945.0
2022-06-20,392355194663.0
2022-06-21,394602958806.0
2022-06-22,381548027644.0
2022-06-23,402434191804.0
2022-06-24,406304087726.0
2022-06-25,409553292964.0
2022-06-26,401907776247.0
2022-06-27,395905002794.0
2022-06-28,386616246554.0
2022-06-29,383157510545.0
2022-06-30,368905161487.0
2022-07-01,369092160644.0
2022-07-02,367009067592.0
2022-07-03,367880445198.0
2022-07-04,386024563242.0
2022-07-05,385410487447.0
2022-07-06,392440938376.0
2022-07-07,413277788950.0
2022-07-08,416397212992.0
2022-07-09,412050561219.0
2022-07-10,397679652328.0
2022-07-11,381278236464.0
2022-07-12,369227439024.0
2022-07-13,384827697731.0
2022-07-14,392430598968.0
2022-07-15,397772858736.0
2022-07-16,404757907016.0
2022-07-17,397735055796.0
2022-07-18,425974135853.0
2022-07-19,446342169171.0
2022-07-20,444636587983.0
2022-07-21,442202009886.0
2022-07-22,433696094123.0
2022-07-23,429484614219.0
2022-07-24,432733026888.0
2022-07-25,410913676124.0
2022-07-26,404660076563.0
2022-07-27,437481053401.0
2022-07-28,455463751078.0
2022-07-29,457629004160.0
2022-07-30,451394195747.0
2022-07-31,446309554827.0
2022-08-01,445856833816.0
2022-08-02,440145933789.0
2022-08-03,435930163094.0
2022-08-04,432481698498.0
2022-08-05,444365402286.0
2022-08-06,439558670016.0
2022-08-07,442589959622.0
2022-08-08,455036199178.0
2022-08-09,443255346045.0
2022-08-10,457362340117.0
2022-08-11,457600857167.0
2022-08-12,466454794652.0
2022-08-13,467047962182.0
2022-08-14,464926257246.0
2022-08-15,460545371977.0
2022-08-16,456453539165.0
2022-08-17,446289696754.0
2022-08-18,444107898934.0
2022-08-19,399867875573.0
2022-08-20,404475733710.0
2022-08-21,412286690748.0
2022-08-22,407468270214.0
2022-08-23,411956706083.0
2022-08-24,409880719562.0
2022-08-25,413017973175.0
2022-08-26,387371372434.0
2022-08-27,383521315360.0
2022-08-28,376452934262.0
2022-08-29,387904432455.0
2022-08-30,379399486373.0
2022-08-31,383230005973.0
2022-09-01,384793516404.0
2022-09-02,381812359032.0
2022-09-03,379054868118.0
2022-09-04,382101528756.0
2022-09-05,378979046297.0
2022-09-06,360778897292.0
2022-09-07,369348929286.0
2022-09-08,369866184453.0
2022-09-09,409021968746.0
2022-09-10,415780699702.0
2022-09-11,416141773128.0
2022-09-12,428273275469.0
2022-09-13,386159265218.0
2022-09-14,387732682893.0
2022-09-15,377227526664.0
2022-09-16,378099547049.0
2022-09-17,385382092113.0
2022-09-18,372115875618.0
2022-09-19,374638640659.0
2022-09-20,361534680159.0
2022-09-21,354536184093.0
2022-09-22,371942142414.0
2022-09-23,370278782421.0
2022-09-24,362592370354.0
2022-09-25,360088000638.0
2022-09-26,367923055167.0
2022-09-27,366129749394.0
2022-09-28,372820281123.0
2022-09-29,374484430534.0
2022-09-30,372479848471.0
2022-10-01,370137989320.0
2022-10-02,364472504804.0
2022-10-03,376339494804.0
2022-10-04,389903360703.0
2022-10-05,386381543343.0
2022-10-06,382480025164.0
2022-10-07,374613717471.0
2022-10-08,372277378269.0
2022-10-09,372530287710.0
2022-10-10,367297283274.0
2022-10-11,365108428419.0
2022-10-12,367380563663.0
2022-10-13,371826387065.0
2022-10-14,367814957908.0
2022-10-15,365765176791.0
2022-10-16,369462722255.0
2022-10-17,375144717145.0
2022-10-18,371025948758.0
2022-10-19,367029904903.0
2022-10-20,365152195991.0
2022-10-21,367885552008.0
2022-10-22,368530255223.0
2022-10-23,375413885985.0
2022-10-24,371133215993.0
2022-10-25,385607075319.0
2022-10-26,399099408014.0
2022-10-27,389197949556.0
2022-10-28,395444746709.0
2022-10-29,399288048039.0
2022-10-30,395712590942.0
2022-10-31,393319300934.0
2022-11-01,393205452199.0
2022-11-02,386777142188.0
2022-11-03,387754343675.0
2022-11-04,406184424139.0
2022-11-05,408627855629.0
2022-11-06,402181988996.0
2022-11-07,394938271820.0
2022-11-08,355641163801.0
2022-11-09,302606639526.0
2022-11-10,336866889999.0
2022-11-11,324884177574.0
2022-11-12,322105315599.0
2022-11-13,313461563543.0
2022-11-14,319408809508.0
2022-11-15,323768223563.0
2022-11-16,320019245465.0
2022-11-17,320332768079.0
2022-11-18,320084907697.0
2022-11-19,320762664380.0
2022-11-20,312148570627.0
2022-11-21,303153772188.0
2022-11-22,310753451299.0
2022-11-23,318476370818.0
2022-11-24,318671568719.0
2022-11-25,317509479779.0
2022-11-26,316103485950.0
2022-11-27,315875880963.0
2022-11-28,311594845649.0
2022-11-29,316037505325.0
2022-11-30,330157249898.0
2022-12-01,326029288147.0
2022-12-02,328230420398.0
2022-12-03,324868709629.0
2022-12-04,329155312452.0
2022-12-05,326087897704.0
2022-12-06,328201017683.0
2022-12-07,323945839104.0
2022-12-08,331331799697.0
2022-12-09,329515480229.0
2022-12-10,329302474098.0
2022-12-11,328744079345.0
2022-12-12,330704952984.0
2022-12-13,341866163428.0
2022-12-14,342552090974.0
2022-12-15,333610472206.0
2022-12-16,319429708504.0
2022-12-17,322681062399.0
2022-12-18,322729554932.0
2022-12-19,315972232645.0
2022-12-20,325176875097.0
2022-12-21,323243270748.0
2022-12-22,323520845955.0
2022-12-23,322886162998.0
2022-12-24,323994138664.0
2022-12-25,323763179790.0
2022-12-26,324837072942.0
2022-12-27,321365396957.0
2022-12-28,318253243893.0
2022-12-29,320082752199.0
2022-12-30,319388854075.0
2022-12-31,318067813339.0
2023-01-01,319672567830.0
2023-01-02,321266671119.0
2023-01-03,320923849122.0
2023-01-04,324371229130.0
2023-01-05,323934038867.0
2023-01-06,326515008907.0
2023-01-07,326237998585.0
2023-01-08,328499715753.0
2023-01-09,330886115502.0
2023-01-10,335749580567.0
2023-01-11,343465404948.0
2023-01-12,363435762403.0
2023-01-13,382696914619.0
2023-01-14,404719555364.0
2023-01-15,402142059539.0
2023-01-16,408025350489.0
2023-01-17,408005301936.0
2023-01-18,398995131353.0
2023-01-19,405991740733.0
2023-01-20,436623508826.0
2023-01-21,439387994541.0
2023-01-22,437735066276.0
2023-01-23,441857284818.0
2023-01-24,435749412018.0
2023-01-25,445371057215.0
2023-01-26,443458477431.0
2023-01-27,444671920357.0
2023-01-28,443507093772.0
2023-01-29,458299678268.0
2023-01-30,439513744531.0
2023-01-31,445903953178.0
2023-02-01,457436212535.0
2023-02-02,453185335300.0
2023-02-03,452052047565.0
2023-02-04,450331066544.0
2023-02-05,442673043516.0
2023-02-06,438605028941.0
2023-02-07,448674357937.0
2023-02-08,442355589492.0
2023-02-09,420790203964.0
2023-02-10,416998493073.0
2023-02-11,421730481060.0
2023-02-12,419964034322.0
2023-02-13,420497959396.0
2023-02-14,428692521757.0
2023-02-15,468884953215.0
2023-02-16,458066234825.0
2023-02-17,474777985911.0
2023-02-18,475367066197.0
2023-02-19,470190985337.0
2023-02-20,478527590358.0
2023-02-21,470883335721.0
2023-02-22,466337552716.0
2023-02-23,461466839224.0
2023-02-24,447316040889.0
2023-02-25,447022542624.0
2023-02-26,454425911741.0
2023-02-27,453714768533.0
2023-02-28,446819268836.0
2023-03-01,455815311827.0
2023-03-02,453121431950.0
2023-03-03,431523107640.0
2023-03-04,431239053645.0
2023-03-05,432912254427.0
2023-03-06,432831999829.0
2023-03-07,428219361921.0
2023-03-08,419098099714.0
2023-03-09,393013679640.0
2023-03-10,390917907908.0
2023-03-11,397599044510.0
2023-03-12,426221507105.0
2023-03-13,466585218228.0
2023-03-14,478479673367.0
2023-03-15,471562885493.0
2023-03-16,483820966773.0
2023-03-17,530355563506.0
2023-03-18,521401004463.0
2023-03-19,544602429935.0
2023-03-20,537849646187.0
2023-03-21,544415302326.0
2023-03-22,528379507079.0
2023-03-23,548632503449.0
2023-03-24,530807367186.0
2023-03-25,531312174636.0
2023-03-26,542169657056.0
2023-03-27,524906913724.0
2023-03-28,527422700745.0
2023-03-29,548815740560.0
2023-03-30,541733941198.0
2023-03-31,551292496355.0
2023-04-01,550928486203.0
2023-04-02,544524713658.0
2023-04-03,538533843979.0
2023-04-04,543647331979.0
2023-04-05,545148282923.0
2023-04-06,542445068149.0
2023-04-07,540298652289.0
2023-04-08,540851301862.0
2023-04-09,548492793651.0
2023-04-10,574235609982.0
2023-04-11,585087519181.0
2023-04-12,578654885227.0
2023-04-13,587538152475.0
2023-04-14,589270068912.0
2023-04-15,587038231197.0
2023-04-16,586498169369.0
2023-04-17,570208016249.0
2023-04-18,587602759964.0
2023-04-19,557245599384.0
2023-04-20,546713741185.0
2023-04-21,528175134909.0
2023-04-22,538564949198.0
2023-04-23,534277114846.0
2023-04-24,532666177827.0
2023-04-25,547833832703.0
2023-04-26,549435199388.0
2023-04-27,570390261178.0
2023-04-28,568196114330.0
2023-04-29,565718094833.0
2023-04-30,568466684139.0
2023-05-01,544353449575.0
2023-05-02,555521717581.0
2023-05-03,562410583931.0
2023-05-04,558773645025.0
2023-05-05,572294716420.0
2023-05-06,559666442123.0
2023-05-07,557024258369.0
2023-05-08,537013903850.0
2023-05-09,535396500181.0
2023-05-10,535495151707.0
2023-05-11,522741765622.0
2023-05-12,518640829707.0
2023-05-13,519983463987.0
2023-05-14,521501767637.0
2023-05-15,527597676413.0
2023-05-16,523634254376.0
2023-05-17,530933746513.0
2023-05-18,520149069257.0
2023-05-19,521070836898.0
2023-05-20,525188703696.0
2023-05-21,518939805773.0
2023-05-22,520546146829.0
2023-05-23,527706821772.0
2023-05-24,510568856612.0
2023-05-25,513373437576.0
2023-05-26,517964772439.0
2023-05-27,520589684799.0
2023-05-28,544713631696.0
2023-05-29,538296723420.0
2023-05-30,537303974432.0
2023-05-31,527734362862.0
2023-06-01,520149803854.0
2023-06-02,528512754630.0
2023-06-03,525125397360.0
2023-06-04,526679506782.0
2023-06-05,500086760503.0
2023-06-06,527805281358.0
2023-06-07,510872747612.0
2023-06-08,514430501556.0
2023-06-09,513468924119.0
2023-06-10,501710449005.0
2023-06-11,502582898460.0
2023-06-12,502606840608.0
2023-06-13,502128298741.0
2023-06-14,486950552678.0
2023-06-15,495929474634.0
2023-06-16,510947065431.0
2023-06-17,514508639698.0
2023-06-18,511424654896.0
2023-06-19,519678514145.0
2023-06-20,549343799478.0
2023-06-21,584185860834.0
2023-06-22,581358382042.0
2023-06-23,594694065925.0
2023-06-24,592987890855.0
2023-06-25,591433552695.0
2023-06-26,587354472876.0
2023-06-27,595363699914.0
2023-06-28,584453424037.0
2023-06-29,591407318592.0
2023-06-30,591897765637.0
2023-07-01,593810178287.0
2023-07-02,594086124745.0
2023-07-03,604620797717.0
2023-07-04,598134575137.0
2023-07-05,592297040619.0
2023-07-06,582261234281.0
2023-07-07,589095022829.0
2023-07-08,587841663177.0
2023-07-09,585923377405.0
2023-07-10,590448269413.0
2023-07-11,594778750902.0
2023-07-12,590325510735.0
2023-07-13,610731309494.0
2023-07-14,588918530173.0
2023-07-15,588560314529.0
2023-07-16,587790692134.0
2023-07-17,585756083873.0
2023-07-18,579801229885.0
2023-07-19,581330729751.0
2023-07-20,579266914318.0
2023-07-21,581505118063.0
2023-07-22,577765664913.0
2023-07-23,584412592866.0
2023-07-24,567175501672.0
2023-07-25,568034510475.0
2023-07-26,570788957155.0
2023-07-27,567705587810.0
2023-07-28,569959677160.0
2023-07-29,570840562163.0
2023-07-30,568974872634.0
2023-07-31,568164226105.0
2023-08-01,573629784671.0
2023-08-02,566726820627.0
2023-08-03,567710991370.0
2023-08-04,565105804695.0
2023-08-05,565052912293.0
2023-08-06,564984423124.0
2023-08-07,567273367303.0
2023-08-08,579261915352.0
2023-08-09,575468304282.0
2023-08-10,572519595905.0
2023-08-11,571956438562.0
2023-08-12,572297423307.0
2023-08-13,569800385426.0
2023-08-14,572222106279.0
2023-08-15,567556759131.0
2023-08-16,559543774143.0
2023-08-17,518826863049.0
2023-08-18,506721783913.0
2023-08-19,507846438071.0
2023-08-20,509478386019.0
2023-08-21,508579521675.0
2023-08-22,505669568329.0
2023-08-23,514919209015.0
2023-08-24,508607674820.0
2023-08-25,506957185573.0
2023-08-26,506303782993.0
2023-08-27,507883827672.0
2023-08-28,508232408564.0
2023-08-29,538807201880.0
2023-08-30,531561630096.0
2023-08-31,505412286329.0
2023-09-01,502475261599.0
2023-09-02,503775509931.0
2023-09-03,505636660532.0
2023-09-04,502485734431.0
2023-09-05,502171430650.0
2023-09-06,501656133396.0
2023-09-07,510558478038.0
2023-09-08,504621236836.0
2023-09-09,504449363830.0
2023-09-10,503242767132.0
2023-09-11,489700142564.0
2023-09-12,503841361452.0
2023-09-13,511019169909.0
2023-09-14,517460186590.0
2023-09-15,519762749396.0
2023-09-16,517508914920.0
2023-09-17,516496770734.0
2023-09-18,521632787594.0
2023-09-19,530434922294.0
2023-09-20,528868345382.0
2023-09-21,517940823891.0
2023-09-22,518148451377.0
2023-09-23,518069661037.0
2023-09-24,512457226999.0
2023-09-25,512523325127.0
2023-09-26,510707682978.0
2023-09-27,513493183429.0
2023-09-28,527114436863.0
2023-09-29,524756938048.0
2023-09-30,526075791386.0
2023-10-01,545063625649.0
2023-10-02,537597189376.0
2023-10-03,535153460227.0
2023-10-04,542160520528.0
2023-10-05,534950498591.0
2023-10-06,545035568359.0
2023-10-07,545666018321.0
2023-10-08,544981306055.0
2023-10-09,538278357095.0
2023-10-10,534959366481.0
2023-10-11,523443617438.0
2023-10-12,521777018610.0
2023-10-13,523772953761.0
2023-10-14,524178794762.0
2023-10-15,529442998597.0
2023-10-16,556330012854.0
2023-10-17,554922670009.0
2023-10-18,552896547828.0
2023-10-19,559992553526.0
2023-10-20,579821427846.0
2023-10-21,584096126028.0
2023-10-22,585327499000.0
2023-10-23,643338061310.0
2023-10-24,661457680682.0
2023-10-25,673352887607.0
2023-10-26,667387843569.0
2023-10-27,661864606136.0
2023-10-28,665699403188.0
2023-10-29,675155541179.0
2023-10-30,673641945532.0
2023-10-31,676435313127.0
2023-11-01,692005135084.0
2023-11-02,681313058707.0
2023-11-03,677930509621.0
2023-11-04,685445372906.0
2023-11-05,685753933111.0
2023-11-06,684075855229.0
2023-11-07,691934232278.0
2023-11-08,699379861494.0
2023-11-09,716554937246.0
2023-11-10,730114337394.0
2023-11-11,722578816039.0
2023-11-12,724050510723.0
2023-11-13,714110932281.0
2023-11-14,695526681622.0
2023-11-15,739529498354.0
2023-11-16,706727280728.0
2023-11-17,714761166975.0
2023-11-18,714945979790.0
2023-11-19,731899071791.0
2023-11-20,733371228931.0
2023-11-21,704454241191.0
2023-11-22,731230704479.0
2023-11-23,729479763215.0
2023-11-24,737477876623.0
2023-11-25,739105838367.0
2023-11-26,732933517212.0
2023-11-27,728007625505.0
2023-11-28,739759969555.0
2023-11-29,740151719384.0
2023-11-30,737559963658.0
2023-12-01,756979072757.0
2023-12-02,771849857307.0
2023-12-03,781982500934.0
2023-12-04,819814934315.0
2023-12-05,862040657425.0
2023-12-06,855795078786.0
2023-12-07,846764339891.0
2023-12-08,864847778237.0
2023-12-09,855792329927.0
2023-12-10,855687879831.0
2023-12-11,806366344750.0
2023-12-12,811439872901.0
2023-12-13,840280084906.0
2023-12-14,842160345951.0
2023-12-15,821555930266.0
2023-12-16,826001802532.0
2023-12-17,810881174245.0
2023-12-18,834551810875.0
2023-12-19,827472216778.0
2023-12-20,853610950918.0
2023-12-21,858840219309.0
2023-12-22,861612765680.0
2023-12-23,856944238426.0
2023-12-24,843852920767.0
2023-12-25,854188718516.0
2023-12-26,832047859801.0
2023-12-27,850603955312.0
2023-12-28,835630557952.0
2023-12-29,822508753452.0
2023-12-30,826579160024.0
2023-12-31,826868406538.0
2024-01-01,862798932439.0
2024-01-02,880301238448.0
2024-01-03,837886611760.0
2024-01-04,866868194472.0
2024-01-05,864860632050.0
2024-01-06,860425656118.0
2024-01-07,859012443610.0
2024-01-08,920512392404.0
2024-01-09,902974871224.0
2024-01-10,917398869581.0
2024-01-11,908880379025.0
2024-01-12,839096097616.0
2024-01-13,839717259324.0
2024-01-14,820960086254.0
2024-01-15,833548710418.0
2024-01-16,846175712865.0
2024-01-17,836757824473.0
2024-01-18,808815882007.0
2024-01-19,815611837232.0
2024-01-20,816861256061.0
2024-01-21,814318181968.0
2024-01-22,775932511819.0
2024-01-23,779111859291.0
2024-01-24,786296878250.0
2024-01-25,782730418148.0
2024-01-26,820871113389.0
2024-01-27,826104247112.0
2024-01-28,823356005468.0
2024-01-29,847624931691.0
2024-01-30,842401659510.0
2024-01-31,835364222162.0
2024-02-01,843856959362.0
2024-02-02,846556232629.0
2024-02-03,843203026563.0
2024-02-04,835277882869.0
2024-02-05,836162692897.0
2024-02-06,845693113581.0
2024-02-07,868307228059.0
2024-02-08,889519016233.0
2024-02-09,925768615916.0
2024-02-10,937900623195.0
2024-02-11,945946661324.0
2024-02-12,981112034989.0
2024-02-13,974054908901.0
2024-02-14,1017597474063.0
2024-02-15,1019510236754.0
2024-02-16,1023836267564.0
2024-02-17,1014413414440.0
2024-02-18,1023743059921.0
2024-02-19,1017048408417.0
2024-02-20,1026974429999.0
2024-02-21,1015951209302.0
2024-02-22,1007119959019.0
2024-02-23,997290498112.0
2024-02-24,1012829187887.0
2024-02-25,1016185995310.0
2024-02-26,1071322129159.0
2024-02-27,1120426601291.0
2024-02-28,1226750759835.0
2024-02-29,1205865991757.0
2024-03-01,1228113241126.0
2024-03-02,1218836653885.0
2024-03-03,1237397939322.0
2024-03-04,1337644545844.0
2024-03-05,1256356364718.0
2024-03-06,1298715391395.0
2024-03-07,1317782410417.0
2024-03-08,1342866381837.0
2024-03-09,1346056196239.0
2024-03-10,1353579668685.0
2024-03-11,1418814650993.0
2024-03-12,1403836996419.0
2024-03-13,1436314177939.0
2024-03-14,1405397203964.0
2024-03-15,1364563991873.0
2024-03-16,1286174217036.0
2024-03-17,1342284214006.0
2024-03-18,1332237494667.0
2024-03-19,1218251084305.0
2024-03-20,1333885263898.0
2024-03-21,1286880964052.0
2024-03-22,1248237492815.0
2024-03-23,1265499269578.0
2024-03-24,1323148747347.0
2024-03-25,1377329438015.0
2024-03-26,1377958914921.0
2024-03-27,1362223531385.0
2024-03-28,1392950313815.0
2024-03-29,1375119172324.0
2024-03-30,1370190408233.0
2024-03-31,1401022109462.0
2024-04-01,1372845320593.0
2024-04-02,1289150894905.0
2024-04-03,1300942909083.0
2024-04-04,1346404337707.0
2024-04-05,1335976840645.0
2024-04-06,1360265973338.0
2024-04-07,1365388593962.0
2024-04-08,1411110586059.0
2024-04-09,1359260007106.0
2024-04-10,1388940357096.0
2024-04-11,1378511306221.0
2024-04-12,1320543247052.0
2024-04-13,1270492985833.0
2024-04-14,1292151526364.0
2024-04-15,1247813165530.0
2024-04-16,1255585004528.0
2024-04-17,1207201304927.0
2024-04-18,1250290039870.0
2024-04-19,1255319975339.0
2024-04-20,1277895532215.0
2024-04-21,1279109157045.0
2024-04-22,1318052855171.0
2024-04-23,1307075893684.0
2024-04-24,1263882566633.0
2024-04-25,1270318817448.0
2024-04-26,1255815635502.0
2024-04-27,1248987882001.0
2024-04-28,1240140042895.0
2024-04-29,1258475557386.0
2024-04-30,1194069248252.0
2024-05-01,1144969805261.0
2024-05-02,1165247264400.0
2024-05-03,1240373492062.0
2024-05-04,1258076134305.0
2024-05-05,1261776217572.0
2024-05-06,1245266971187.0
2024-05-07,1228922316589.0
2024-05-08,1202993674653.0
2024-05-09,1240822352264.0
2024-05-10,1199451802640.0
2024-05-11,1198436760485.0
2024-05-12,1210038071267.0
2024-05-13,1238739810861.0
2024-05-14,1212540748353.0
2024-05-15,1305663490423.0
2024-05-16,1285751959588.0
2024-05-17,1319020493593.0
2024-05-18,1319464124824.0
2024-05-19,1305348788162.0
2024-05-20,1402758099414.0
2024-05-21,1383383873548.0
2024-05-22,1360911099803.0
2024-05-23,1335015492497.0
2024-05-24,1351802183525.0
2024-05-25,1365112585434.0
2024-05-26,1348641220726.0
2024-05-27,1366456821777.0
2024-05-28,1346682624470.0
2024-05-29,1331764329620.0
2024-05-30,1347381651647.0
2024-05-31,1327752245108.0
2024-06-01,1334414955080.0
2024-06-02,1336240533928.0
2024-06-03,1356529467104.0
2024-06-04,1390471342294.0
2024-06-05,1401009939446.0
2024-06-06,1395147734910.0
2024-06-07,1366594140735.0
2024-06-08,1366078592263.0
2024-06-09,1372693139520.0
2024-06-10,1369213276624.0
2024-06-11,1327892843551.0
2024-06-12,1344590981956.0
2024-06-13,1316427135683.0
2024-06-14,1300658337179.0
2024-06-15,1305076332519.0
2024-06-16,1313344170121.0
2024-06-17,1310638614937.0
2024-06-18,1283627261670.0
2024-06-19,1279053591187.0
2024-06-20,1279454884178.0
2024-06-21,1263481239279.0
2024-06-22,1266904515442.0
2024-06-23,1248923864109.0
2024-06-24,1188106947759.0
2024-06-25,1217325575194.0
2024-06-26,1198712185857.0
2024-06-27,1214027045201.0
2024-06-28,1189077674567.0
2024-06-29,1200662758640.0
2024-06-30,1237638479045.0
2024-07-01,1239088312486.0
2024-07-02,1223207576249.0
2024-07-03,1187497690834.0
2024-07-04,1132341877598.0
2024-07-05,1118612820895.0
2024-07-06,1148978860522.0
2024-07-07,1106667719773.0
2024-07-08,1118121839035.0
2024-07-09,1143582599028.0
2024-07-10,1138490509269.0
2024-07-11,1130344087896.0
2024-07-12,1141247236803.0
2024-07-13,1170269292686.0
2024-07-14,1203557535228.0
2024-07-15,1276962300259.0
2024-07-16,1284568316161.0
2024-07-17,1266501997732.0
2024-07-18,1262245674296.0
2024-07-19,1316950533921.0
2024-07-20,1325462534018.0
2024-07-21,1342684327868.0
2024-07-22,1332434998137.0
2024-07-23,1300531918961.0
2024-07-24,1289452069316.0
2024-07-25,1296759680322.0
2024-07-26,1340008042855.0
2024-07-27,1343299057385.0
2024-07-28,1345171498944.0
2024-07-29,1319487462592.0
2024-07-30,1306095087232.0
2024-07-31,1276596836711.0
2024-08-01,1286244065719.0
2024-08-02,1213817797252.0
2024-08-03,1197690043761.0
2024-08-04,1150707429147.0
2024-08-05,1072529021265.0
2024-08-06,1106180699377.0
2024-08-07,1088088938095.0
2024-08-08,1221911146638.0
2024-08-09,1198490907345.0
2024-08-10,1201488224324.0
2024-08-11,1161341917395.0
2024-08-12,1172382636727.0
2024-08-13,1194954421029.0
2024-08-14,1161508436746.0
2024-08-15,1137919278895.0
2024-08-16,1163274113459.0
2024-08-17,1172923422383.0
2024-08-18,1160683488749.0
2024-08-19,1172914231316.0
2024-08-20,1167251872460.0
2024-08-21,1206957302717.0
2024-08-22,1192406173924.0
2024-08-23,1265733883467.0
2024-08-24,1264114353900.0
2024-08-25,1273515741883.0
2024-08-26,1243636765955.0
2024-08-27,1175828958506.0
2024-08-28,1167027678459.0
2024-08-29,1171771866968.0
2024-08-30,1167910930787.0
2024-08-31,1164323996820.0
2024-09-01,1132538921722.0
2024-09-02,1168312845796.0
2024-09-03,1138297029176.0
2024-09-04,1146137641743.0
2024-09-05,1108236739981.0
2024-09-06,1063349406184.0
2024-09-07,1067869086202.0
2024-09-08,1083556715259.0
2024-09-09,1128547518527.0
2024-09-10,1139015466136.0
2024-09-11,1133991945927.0
2024-09-12,1148151626487.0
2024-09-13,1195824511493.0
2024-09-14,1185386846216.0
2024-09-15,1168085465734.0
2024-09-16,1150280600031.0
2024-09-17,1190031170203.0
2024-09-18,1211156711137.0
2024-09-19,1244536027989.0
2024-09-20,1247712645343.0
2024-09-21,1251962918584.0
2024-09-22,1256024783427.0
2024-09-23,1251392097860.0
2024-09-24,1271313129462.0
2024-09-25,1245988223234.0
2024-09-26,1285496061107.0
2024-09-27,1299551877859.0
2024-09-28,1299634003245.0
2024-09-29,1296647099791.0
2024-09-30,1250084222714.0
2024-10-01,1202652137478.0
2024-10-02,1199279596724.0
2024-10-03,1200873514750.0
2024-10-04,1226346035908.0
2024-10-05,1225939409987.0
2024-10-06,1240978188263.0
2024-10-07,1233629090803.0
2024-10-08,1227926230939.0
2024-10-09,1198084020487.0
2024-10-10,1190322842679.0
2024-10-11,1234653841759.0
2024-10-12,1249315889028.0
2024-10-13,1240577394496.0
2024-10-14,1306437310355.0
2024-10-15,1323158084525.0
2024-10-16,1337598426066.0
2024-10-17,1331205778724.0
2024-10-18,1352044329418.0
2024-10-19,1351436024579.0
2024-10-20,1364411911597.0
2024-10-21,1333370812455.0
2024-10-22,1333109112879.0
2024-10-23,1317749059876.0
2024-10-24,1347116211228.0
2024-10-25,1310184157590.0
2024-10-26,1325277793277.0
2024-10-27,1344626789947.0
2024-10-28,1381489809812.0
2024-10-29,1437215455136.0
2024-10-30,1432735109920.0
2024-10-31,1391573641949.0
2024-11-01,1374134861458.0
2024-11-02,1369381390768.0
2024-11-03,1359542591577.0
2024-11-04,1340516077447.0
2024-11-05,1375333854518.0
2024-11-06,1497164174353.0
2024-11-07,1502665235113.0
2024-11-08,1513284018479.0
2024-11-09,1519089160917.0
2024-11-10,1590532816419.0
2024-11-11,1757729564967.0
2024-11-12,1741722501527.0
2024-11-13,1787666712261.0
2024-11-14,1725089533526.0
2024-11-15,1802971685082.0
2024-11-16,1791712543259.0
2024-11-17,1775241125510.0
2024-11-18,1792194846113.0
2024-11-19,1825214331192.0
2024-11-20,1862965160746.0
2024-11-21,1949777589238.0
2024-11-22,1957593180962.0
2024-11-23,1933272806307.0
2024-11-24,1938718690785.0
2024-11-25,1847012865185.0
2024-11-26,1818015620103.0
2024-11-27,1899452843748.0
2024-11-28,1894525715474.0
2024-11-29,1927431540404.0
2024-11-30,1908971954210.0
2024-12-01,1928927963341.0
2024-12-02,1894468683535.0
2024-12-03,1900144891599.0
2024-12-04,1957769580344.0
2024-12-05,1918815845330.0
2024-12-06,1978302063761.0
2024-12-07,1978833208148.0
2024-12-08,1995134647453.0
2024-12-09,1927714706541.0
2024-12-10,1916781784711.0
2024-12-11,2005399870980.0
2024-12-12,1981310308333.0
2024-12-13,2005097135868.0
2024-12-14,2006672700085.0
2024-12-15,2069758175682.0
2024-12-16,2095627894157.0
2024-12-17,2100824937856.0
2024-12-18,1989090947935.0
2024-12-19,1934241071545.0
2024-12-20,1932711114046.0
2024-12-21,1922372144876.0
2024-12-22,1883930144106.0
2024-12-23,1877074081165.0
2024-12-24,1953087683978.0
2024-12-25,1964968046632.0
2024-12-26,1893583393962.0
2024-12-27,1865743053846.0
2024-12-28,1883678618362.0
2024-12-29,1850733848829.0
2024-12-30,1832275661276.0
2024-12-31,1849474353084.0
2025-01-01,1870627825780.0
2025-01-02,1918121414156.0
2025-01-03,1943302993109.0
2025-01-04,1945514693257.0
2025-01-05,1949222053432.0
2025-01-06,2023829824178.0
2025-01-07,1920785694384.0
2025-01-08,1882482074935.0
2025-01-09,1829182366534.0
2025-01-10,1877019861807.0
2025-01-11,1874037679375.0
2025-01-12,1869082071182.0
2025-01-13,1869554727227.0
2025-01-14,1913058643137.0
2025-01-15,1984476850036.0
2025-01-16,1980660186323.0
2025-01-17,2066270034308.0
2025-01-18,2068324662804.0
2025-01-19,2000148081999.0
2025-01-20,2032578651970.0
2025-01-21,2099964341471.0
2025-01-22,2056488045408.0
2025-01-23,2064328780522.0
2025-01-24,2074905969601.0
2025-01-25,2077919319246.0
2025-01-26,2037685117516.0
2025-01-27,2019387256103.0
2025-01-28,2004189620164.0
2025-01-29,2059342337479.0
2025-01-30,2080567196551.0
2025-01-31,2026616849790.0
2025-02-01,1993920956096.0
2025-02-02,1930841758542.0
2025-02-03,2013289499843.0
2025-02-04,1939319258389.0
2025-02-05,1913818765841.0
2025-02-06,1913505112569.0
2025-02-07,1910441627490.0
2025-02-08,1914834861591.0
2025-02-09,1909058965339.0
2025-02-10,1930221128142.0
2025-02-11,1899157386553.0
2025-02-12,1937857410916.0
2025-02-13,1913685805335.0
2025-02-14,1931169458435.0
2025-02-15,1934566256852.0
2025-02-16,1906837582149.0
2025-02-17,1899111947272.0
2025-02-18,1892284519009.0
2025-02-19,1916190866477.0
2025-02-20,1950814347184.0
2025-02-21,1904394119451.0
2025-02-22,1915474255561.0
2025-02-23,1905320016311.0
2025-02-24,1821643280726.0
2025-02-25,1760217123608.0
2025-02-26,1665439114292.0
2025-02-27,1678120562077.0
2025-02-28,1670593691979.0
2025-03-01,1702372786378.0
2025-03-02,1870648329293.0
2025-03-03,1711798740469.0
2025-03-04,1731824260629.0
2025-03-05,1797223681144.0
2025-03-06,1789391307662.0
2025-03-07,1716672116469.0
2025-03-08,1709126347862.0
2025-03-09,1599613333430.0
2025-03-10,1567086259002.0
2025-03-11,1641328790900.0
2025-03-12,1658883454608.0
2025-03-13,1608939764836.0
2025-03-14,1668398039428.0
2025-03-15,1673333414191.0
2025-03-16,1636458050091.0
2025-03-17,1666684786731.0
2025-03-18,1640274370270.0
2025-03-19,1721523623550.0
2025-03-20,1669001917236.0
2025-03-21,1667937663818.0
2025-03-22,1663052904960.0
2025-03-23,1701578513423.0
2025-03-24,1732605979470.0
2025-03-25,1734636202173.0
2025-03-26,1723046786085.0
2025-03-27,1730521029666.0
2025-03-28,1672972784328.0
2025-03-29,1637055024373.0
2025-03-30,1631519827649.0
2025-03-31,1636419456087.0
2025-04-01,1691331138973.0
2025-04-02,1638367660664.0
2025-04-03,1645870317318.0
2025-04-04,1662637424312.0
2025-04-05,1653312332259.0
2025-04-06,1547104104705.0
2025-04-07,1576370002657.0
2025-04-08,1515465474440.0
2025-04-09,1641918231601.0
2025-04-10,1579198604259.0
2025-04-11,1654683660675.0
2025-04-12,1692622392211.0
2025-04-13,1658915898889.0
2025-04-14,1679204714073.0
2025-04-15,1661025030688.0
2025-04-16,1670596611909.0
2025-04-17,1686301597346.0
2025-04-18,1676295756003.0
2025-04-19,1690030384115.0
2025-04-20,1689606952070.0
2025-04-21,1734490932070.0
2025-04-22,1856340531375.0
2025-04-23,1860347455520.0
2025-04-24,1863449313964.0
2025-04-25,1881789547566.0
2025-04-26,1880301938026.0
2025-04-27,1862835334857.0
2025-04-28,1887760823773.0
2025-04-29,1868677522267.0
2025-04-30,1871375202602.0
2025-05-01,1914607731458.0
2025-05-02,1923202218396.0
2025-05-03,1905408123209.0
2025-05-04,1874352427038.0
2025-05-05,1883856515330.0
2025-05-06,1920127894787.0
2025-05-07,1929298928069.0
2025-05-08,2047172109217.0
2025-05-09,2044660177958.0
2025-05-10,2077323776440.0
2025-05-11,2065321653739.0
2025-05-12,2044391264704.0
2025-05-13,2068779473948.0
2025-05-14,2057444005066.0
2025-05-15,2060343191624.0
2025-05-16,2057407136238.0
2025-05-17,2049979253876.0
2025-05-18,2106167418322.0
2025-05-19,2098270093600.0
2025-05-20,2123699654871.0
2025-05-21,2179606908108.0
2025-05-22,2214868273238.0
2025-05-23,2131768550760.0
2025-05-24,2144242874092.0
2025-05-25,2164114864279.0
2025-05-26,2173249806240.0
2025-05-27,2167224726481.0
2025-05-28,2144012560052.0
2025-05-29,2101094699806.0
2025-05-30,2066336686467.0
2025-05-31,2080849592955.0
2025-06-01,2101584910256.0
2025-06-02,2104600694549.0
2025-06-03,2096386510265.0
2025-06-04,2082493313912.0
2025-06-05,2020653959615.0
2025-06-06,2075390350486.0
2025-06-07,2100563796500.0
2025-06-08,2101458848887.0
2025-06-09,2190361714625.0
2025-06-10,2187954364718.0
2025-06-11,2159611107260.0
2025-06-12,2107048260325.0
2025-06-13,2107609876004.0
2025-06-14,2096573162440.0
2025-06-15,2097526247643.0
2025-06-16,2131989041083.0
2025-06-17,2080031247224.0
2025-06-18,2083754349621.0
2025-06-19,2081735354704.0
2025-06-20,2053259566503.0
2025-06-21,2018973708894.0
2025-06-22,2006104828134.0
2025-06-23,2097553036700.0
2025-06-24,2106879290466.0
2025-06-25,2133590293280.0
2025-06-26,2127832022275.0
2025-06-27,2129424160830.0
2025-06-28,2134775105839.0
2025-06-29,2154782355944.0
2025-06-30,2130813507684.0
2025-07-01,2099304201259.0
2025-07-02,2166189082106.0
2025-07-03,2180261348920.0
2025-07-04,2149474927395.0
2025-07-05,2152777523698.0
2025-07-06,2171431748655.0
2025-07-07,2152974456004.0
2025-07-08,2167088930706.0
2025-07-09,2216077592573.0
2025-07-10,2304791065533.0
2025-07-11,2339549198318.0
2025-07-12,2334904957866.0
2025-07-13,2365138434872.0
2025-07-14,2384514902802.0
2025-07-15,2341603724126.0
2025-07-16,2361929035400.0
2025-07-17,2377326986318.0
2025-07-18,2346681095679.0
2025-07-19,2345738980388.0
2025-07-20,2333800285213.0
2025-07-21,2336377120095.0
2025-07-22,2388869390106.0
2025-07-23,2360720381637.0
2025-07-24,2355332989715.0
2025-07-25,2338341954061.0
2025-07-26,2347611467187.0
2025-07-27,2376613162341.0
2025-07-28,2348500100757.0
2025-07-29,2345531346596.0
2025-07-30,2342821207080.0
2025-07-31,2305380250658.0
2025-08-01,2254366450230.0
2025-08-02,2239761344385.0
2025-08-03,2274006858315.0
2025-08-04,2292700894183.0
2025-08-05,2271085409335.0
2025-08-06,2289513376946.0
2025-08-07,2337542919612.0
2025-08-08,2323576464430.0
2025-08-09,2319060106526.0
2025-08-10,2372404472102.0
2025-08-11,2363558608736.0
2025-08-12,2391721499774.0
2025-08-13,2457237741183.0
2025-08-14,2359113701740.0
2025-08-15,2335293822741.0
2025-08-16,2338359865806.0
2025-08-17,2341193300488.0
2025-08-18,2315587399841.0
2025-08-19,2247412798253.0
2025-08-20,2275160487371.0
2025-08-21,2236783852818.0
2025-08-22,2325511927796.0
2025-08-23,2295292829364.0
2025-08-24,2260221423070.0
2025-08-25,2192043056875.0
2025-08-26,2228050864513.0
2025-08-27,2215299879193.0
2025-08-28,2239825028489.0
2025-08-29,2160073624923.0
2025-08-30,2165560101759.0
2025-08-31,2157047700592.0
2025-09-01,2170562178247.0
2025-09-02,2213408214877.0
2025-09-03,2226197825443.0
2025-09-04,2208718286409.0
2025-09-05,2204995555466.0
2025-09-06,2195731190133.0
2025-09-07,2216979188518.0
2025-09-08,2233059460444.0
2025-09-09,2220650635483.0
2025-09-10,2269399173047.0
2025-09-11,2299632025705.0
2025-09-12,2313686238825.0
2025-09-13,2310081098621.0
2025-09-14,2298787740172.0
2025-09-15,2299344522409.0
2025-09-16,2326853447392.0
2025-09-17,2322455565668.0
2025-09-18,2331252233410.0
2025-09-19,2303380117358.0
2025-09-20,2306240531509.0
2025-09-21,2297685720787.0
2025-09-22,2246071879031.0
2025-09-23,2232666827934.0
2025-09-24,2258070460054.0
2025-09-25,2175262082034.0
2025-09-26,2185325262399.0
2025-09-27,2184892732482.0
2025-09-28,2235271817041.0
2025-09-29,2278587184196.0
2025-09-30,2271283160078.0
2025-10-01,2359453334064.0
2025-10-02,2402657193347.0
2025-10-03,2438366592566.0
2025-10-04,2439047951287.0
2025-10-05,2461906048933.0
2025-10-06,2487877501840.0
2025-10-07,2423418149850.0
2025-10-08,2459404708299.0
2025-10-09,2423831591781.0
2025-10-10,2267440411130.0
2025-10-11,2211386055651.0
2025-10-12,2295412681254.0
2025-10-13,2299042274620.0
2025-10-14,2259130837541.0
2025-10-15,2210057728190.0
2025-10-16,2155730124532.0
2025-10-17,2125692786495.0
2025-10-18,2136079787337.0
2025-10-19,2167282843823.0
2025-10-20,2205884225809.0
2025-10-21,2167259172744.0
2025-10-22,2146719730212.0
2025-10-23,2194487262066.0
2025-10-24,2213770533718.0
2025-10-25,2225582464721.0
2025-10-26,2284309527543.0
2025-10-27,2275003395344.0
2025-10-28,2252984353654.0
2025-10-29,2197702746667.0
2025-10-30,2154151737670.0
2025-10-31,2184801299729.0
2025-11-01,2193843993697.0
2025-11-02,2201553067374.0
2025-11-03,2123952747606.0
2025-11-04,2021361084102.0
2025-11-05,2072586206256.0
2025-11-06,2019291779031.0
2025-11-07,2062955975009.0
2025-11-08,2041184690229.0
2025-11-09,2088114606817.0
2025-11-10,2116024994695.0
2025-11-11,2054077570641.0
2025-11-12,2028344694815.0
2025-11-13,1995541058583.0
2025-11-14,1885228171828.0
2025-11-15,1905978900420.0
2025-11-16,1878914593269.0
2025-11-17,1833647459774.0
2025-11-18,1852139344559.0
2025-11-19,1821934169119.0
2025-11-20,1734002173123.0
2025-11-21,1694872634960.0
2025-11-22,1691457951397.0
2025-11-23,1733345556623.0
2025-11-24,1763416908269.0
2025-11-25,1744631418276.0
2025-11-26,1804832328647.0
2025-11-27,1822570878701.0
2025-11-28,1815707797825.0
2025-11-29,1812792296531.0
2025-11-30,1808162595803.0
2025-12-01,1726317990661.0
2025-12-02,1826602868895.0
2025-12-03,1868172884023.0
2025-12-04,1840201008282.0
2025-12-05,1781843133868.0
2025-12-06,1779687642908.0
2025-12-07,1797661174713.0
2025-12-08,1809784214639.0
2025-12-09,1852449129111.0
2025-12-10,1838403661520.0
2025-12-11,1848845102345.0
2025-12-12,1803133614920.0
2025-12-13,1801450466366.0
2025-12-14,1758590278129.0
2025-12-15,1723816451956.0
2025-12-16,1751801294180.0
2025-12-17,1718043516230.0
2025-12-18,1705597646268.0
2025-12-19,1760216458448.0
2025-12-20,1762740177173.0
2025-12-21,1767589418993.0
2025-12-22,1766450526026.0
2025-12-23,1744358815963.0
2025-12-24,1749587093887.0
2025-12-25,1741750562100.0
2025-12-26,1743859786143.0
2025-12-27,1751097507773.0
2025-12-28,1752183001305.0
2025-12-29,1739961546064.0
2025-12-30,1765853811642.0
2025-12-31,1747687897836.0
2026-01-01,1771039175878.0
2026-01-02,1796161433804.0
2026-01-03,1809344989019.0
2026-01-04,1824597050829.0
2026-01-05,1876338549947.0
2026-01-06,1868901153485.0
2026-01-07,1821701767683.0
2026-01-08,1819501586202.0
2026-01-09,1808410412088.0
2026-01-10,1805790474484.0
2026-01-11,1812038313401.0
2026-01-12,1820546852329.0
2026-01-13,1903750053001.0
2026-01-14,1938534838166.0
2026-01-15,1908655476071.0
2026-01-16,1907555425813.0
2026-01-17,1899965633236.0
2026-01-18,1883113182010.0
2026-01-19,1848493706243.0
2026-01-20,1762830971003.0
2026-01-21,1790095954679.0
2026-01-22,1786072008023.0
2026-01-23,1786991652933.0
2026-01-24,1781929439365.0
2026-01-25,1727225660176.0
2026-01-26,1765058635213.0
2026-01-27,1783533524075.0
2026-01-28,1781913902166.0
2026-01-29,1688885620362.0
2026-01-30,1678861815455.0
2026-01-31,1572696333598.0
2026-02-01,1536929030863.0
2026-02-02,1573038715100.0
2026-02-03,1512483032784.0
2026-02-04,1460765456261.0
2026-02-05,1268930112062.0
2026-02-06,1411913758763.0
2026-02-07,1382342675702.0
2026-02-08,1409487469971.0
2026-02-09,1403957309314.0
2026-02-10,1372902520802.0
2026-02-11,1338975460058.0
2026-02-12,1323658033256.0
2026-02-13,1376445661511.0
2026-02-14,1395216132522.0
2026-02-15,1371908475475.0
2026-02-16,1374294450427.0
2026-02-17,1348813644678.0
2026-02-18,1327048320483.0
2026-02-19,1338109780371.0
2026-02-20,1359029636305.0
2026-02-21,1359921772015.0
2026-02-22,1350546919039.0
2026-02-23,1293393807330.0
2026-02-24,1282107185703.0
2026-02-25,1360413320036.0
2026-02-26,1350060432211.0
2026-02-27,1316994842742.0
2026-02-28,1339049943508.0
2026-03-01,1314443104307.0
2026-03-02,1378243428525.0
2026-03-03,1368444569419.0
2026-03-04,1453188795466.0
2026-03-05,1419628612460.0
2026-03-06,1364449969372.0
2026-03-07,1346255811101.0
2026-03-08,1324027346016.0
2026-03-09,1370572775965.0
2026-03-10,1397868664486.0
2026-03-11,1406034417658.0
2026-03-12,1410853709875.0
2026-03-13,1418719155333.0
2026-03-14,1422872048262.0
2026-03-15,1454422288833.0
2026-03-16,1494692667729.0
2026-03-17,1481961368873.0
2026-03-18,1425341989866.0
2026-03-19,1399265405057.0
2026-03-20,1410527534715.0
2026-03-21,1394491267456.0
2026-03-22,1360734697385.0
2026-03-23,1414946007675.0
2026-03-24,1412649050098.0
2026-03-25,1426112970560.0
2026-03-26,1374964415214.0
2026-03-27,1324801425739.0
2026-03-28,1327576595349.0
2026-03-29,1319916662240.0
2026-03-30,1333640616118.0
2026-03-31,1364956778916.0
2026-04-01,1363029290305.0
2026-04-02,1338877338010.0
2026-04-03,1338573239438.0
2026-04-04,1346670701698.0
2026-04-05,1379257017077.0
2026-04-06,1375704527883.0
2026-04-07,1442060623270.0
2026-04-08,1422639794430.0
2026-04-09,1436753818395.0
2026-04-10,1459925921078.0
2026-04-11,1463437238443.0
2026-04-12,1414761571255.0
2026-04-13,1493802476369.0
2026-04-14,1484648684481.0
2026-04-15,1496456364036.0
2026-04-16,1503173059358.0
2026-04-17,1543615604845.0
2026-04-18,1517180750333.0
2026-04-19,1479446701514.0
2026-04-20,1517691004762.0
2026-04-21,1523594519499.0
2026-04-22,1567874544725.0
2026-04-23,1566221325284.0
2026-04-24,1550453479309.0
2026-04-25,1554099937821.0
2026-04-26,1572436652795.0
2026-04-27,1546793319769.0
2026-04-28,1527590404144.0
2026-04-29,1517599040135.0
2026-04-30,1527735856799.0
2026-05-01,1564476874720.0
2026-05-02,1576121764069.0
2026-05-03,1574890307387.0
2026-05-04,1598494701633.0
2026-05-05,1620773025573.0
2026-05-06,1629376956264.0
2026-05-07,1601864780211.0
2026-05-08,1605720454154.0
2026-05-09,1615455141385.0
2026-05-10,1647399835510.0
2026-05-11,1636586267659.0
2026-05-12,1612803060536.0
2026-05-13,1588129352112.0
2026-05-14,1625900414725.0
2026-05-15,1583625954865.0
2026-05-16,1565657646958.0
2026-05-17,1552335390541.0
2026-05-18,1541917315111.0
2026-05-19,1538577143496.0
2026-05-20,1550647126229.0
2026-05-21,1554428208012.0
2026-05-22,1513842315397.0
2026-05-23,1534962749403.0
2026-05-24,1541627798460.0
2026-05-25,1547549230892.0
2026-05-26,1518962391243.0
2026-05-27,1487995661587.0
2026-05-28,1472640865932.0
2026-05-29,1469113880052.0
2026-05-30,1477333118477.0
2026-05-31,1474722993333.0
2026-06-01,1429252208777.0
2026-06-02,1333334574846.0
2026-06-03,1287106568325.0
2026-06-04,1275245535218.0
2026-06-05,1220532716918.0
2026-06-06,1217830685901.0
2026-06-07,1265680824489.0
2026-06-08,1264731188110.0
2026-06-09,1235312840781.0
2026-06-10,1231221031281.0
2026-06-11,1272136317475.0
2026-06-12,1272171858772.0
2026-06-13,1291194670976.0
2026-06-14,1315110636986.0
2026-06-15,1327312830794.0
2026-06-16,1315631970871.0
2026-06-17,1290856056679.0
2026-06-18,1259509328524.0
2026-06-19,1269001391949.0
2026-06-20,1287338856152.0
2026-06-21,1270224412296.0
2026-06-22,1281444016484.0
2026-06-23,1254811480199.0
2026-06-24,1221058486498.0
2026-06-25,1200145302831.0
2026-06-26,1202140865083.0
2026-06-27,1202053146050.0
2026-06-28,1193277756339.0
2026-06-29,1206509590693.0
2026-06-30,1173446848343.0
2026-07-01,1204361709794.0
2026-07-02,1231908341576.0
2026-07-03,1254524011767.0
2026-07-04,1265097436323.0
2026-07-05,1275739924003.0
2026-07-06,1284650033900.0
2026-07-07,1272546981566.0
2026-07-08,1247624924475.0
2026-07-09,1267208913266.0
2026-07-10,1285869945087.0
2026-07-11,1281367147364.0
2026-07-12,1278579373662.0
2026-07-13,1246003008738.0
2026-07-14,1302349402108.0
2026-07-15,1298980442301.0
2026-07-16,1279250334169.0
2026-07-17,1281998993790.0
2026-07-18,1299317093110.0
2026-07-19,1296850949303.0
2026-07-20,1307489179295.0
2026-07-21,1332013403971.0
2026-07-22,1323613920578.0
2026-07-23,1305812050751.0
2026-07-24,1285897036312.0
2026-07-25,1290563096381.0
2026-07-26,1310603172320.0
2026-07-27,1278320455505.0
2026-07-28,1278550511269.0
2026-07-29,1282113962604.0
2026-07-30,1300661544885.0
2026-07-31,1261520784546.0
2026-08-01,1259079071351.0
2026-08-02,1273028382171.0
2026-08-03,1273346363617.0
2026-08-04,1287448909177.0
2026-08-05,1296483828381.0
2026-08-06,1288522357554.0
2026-08-07,1301736162818.0
2026-08-08,1302523472123.0
2026-08-09,1301709029077.0
2026-08-10,1282528117378.0
2026-08-11,1275322853482.0
2026-08-12,1271577034026.0
2026-08-13,1272320647119.0
2026-08-14,1262911020667.0
2026-08-15,1265141916548.0
2026-08-16,1260837825458.0
2026-08-17,1293299170683.0
2026-08-18,1298588902729.0
2026-08-19,1390378100868.0
2026-08-20,1466744889248.0
2026-08-21,1572928699609.0
2026-08-22,1546085345088.0
2026-08-23,1557618536265.0
2026-08-24,1583779523412.0
2026-08-25,1577930627369.0
2026-08-26,1585067511436.0
2026-08-27,1612052623866.0
2026-08-28,1560272334888.0
2026-08-29,1570895199828.0
2026-08-30,1559797286369.0
2026-08-31,1576793946886.0
2026-09-01,1554216827151.0
2026-09-02,1549852709768.0
2026-09-03,1631303497729.0
2026-09-04,1599981572368.0
2026-09-05,1602744671894.0
2026-09-06,1612879367591.0
2026-09-07,1587874072538.0
2026-09-08,1575309040880.0
2026-09-09,1570564994172.0
2026-09-10,1539837241862.0
2026-09-11,1549938259885.0
2026-09-12,1551494286918.0
2026-09-13,1541626319341.0
2026-09-14,1572181200103.0
2026-09-15,1519430673477.0
2026-09-16,1528138641305.0
2026-09-17,1534289255565.0
2026-09-18,1625863616661.0
2026-09-19,1632287115291.0
2026-09-20,1630968303348.0
2026-09-21,1737682294734.0
2026-09-22,1731692944157.0
2026-09-23,1696152049522.0
2026-09-24,1695229926223.0
2026-09-25,1688747861588.0
2026-09-26,1695304232914.0
2026-09-27,1695462798671.0
2026-09-28,1677912673042.0
2026-09-29,1681126454580.0
2026-09-30,1679254955567.0
